"H",1,0,1,-1,0,0,1479,702
"H",1,0,1,-1,0,1,2,1
"H",1,0,1,-1,1,0,7,2
"H",1,0,1,-1,1,1,4,1
"H",1,0,1,-1,1,2,2,1
"H",1,0,1,-1,2,0,5,2
"H",1,0,1,-1,2,1,2,0
"H",1,0,1,-1,2,2,3,1
"H",1,0,1,-1,3,0,4,2
"H",1,0,1,-1,3,1,4,2
"H",1,0,1,-1,3,2,2,2
"H",1,0,1,-2,0,0,651,237
"H",1,0,1,-2,0,1,1,1
"H",1,0,1,-2,0,2,1,1
"H",1,0,1,-3,0,0,309,84
"H",1,0,1,-3,0,1,1,0
"H",1,0,1,-3,0,2,1,0
"H",1,0,1,-3,1,2,1,0
"H",1,0,1,-3,2,2,1,0
"H",1,0,1,-4,0,0,138,33
"H",1,0,1,-5,0,0,41,3
"H",1,0,1,-6,0,0,19,4
"H",1,0,1,-6,0,1,1,0
"H",1,0,1,-6,1,1,1,0
"H",1,0,1,-6,1,2,1,0
"H",1,0,1,-6,2,2,1,0
"H",1,0,1,-6,3,2,1,0
"H",1,0,1,-7,0,0,2,0
"H",1,0,1,-8,0,0,3,0
"H",1,0,1,-9,0,0,1,1
"H",1,0,1,0,0,0,6460,3839
"H",1,0,1,0,0,1,14,10
"H",1,0,1,0,0,2,6,5
"H",1,0,1,0,1,0,20,12
"H",1,0,1,0,1,1,19,11
"H",1,0,1,0,1,2,13,9
"H",1,0,1,0,2,0,5,4
"H",1,0,1,0,2,1,14,9
"H",1,0,1,0,2,2,11,6
"H",1,0,1,0,3,1,4,2
"H",1,0,1,0,3,2,5,4
"H",1,0,1,1,0,0,40,33
"H",1,0,1,2,0,0,12,9
"H",1,0,1,3,0,0,2,2
"H",1,0,1,4,0,0,1,1
"H",1,0,1,5,0,0,1,1
"H",1,0,2,-1,0,0,535,279
"H",1,0,2,-1,0,1,1,0
"H",1,0,2,-1,1,1,1,0
"H",1,0,2,-1,2,1,1,0
"H",1,0,2,-1,2,2,1,0
"H",1,0,2,-2,0,0,236,106
"H",1,0,2,-3,0,0,103,29
"H",1,0,2,-4,0,0,57,17
"H",1,0,2,-5,0,0,15,2
"H",1,0,2,-6,0,0,9,3
"H",1,0,2,-8,0,0,3,0
"H",1,0,2,0,0,0,2069,1312
"H",1,0,2,0,0,1,4,1
"H",1,0,2,0,0,2,1,0
"H",1,0,2,0,1,0,4,2
"H",1,0,2,0,1,1,2,0
"H",1,0,2,0,1,2,1,0
"H",1,0,2,0,2,0,2,1
"H",1,0,2,0,2,1,1,0
"H",1,0,2,0,2,2,1,0
"H",1,0,2,0,3,0,1,1
"H",1,0,2,0,3,1,1,1
"H",1,0,2,0,3,2,1,1
"H",1,0,2,1,0,0,53,38
"H",1,0,2,1,1,0,1,0
"H",1,0,2,1,2,0,1,0
"H",1,0,2,1,2,1,1,0
"H",1,0,2,1,3,1,1,0
"H",1,0,2,2,0,0,15,10
"H",1,0,2,3,0,0,4,4
"H",1,0,2,4,0,0,1,1
"H",1,0,3,-1,0,0,106,59
"H",1,0,3,-2,0,0,42,22
"H",1,0,3,-3,0,0,18,4
"H",1,0,3,-4,0,0,11,2
"H",1,0,3,-5,0,0,2,0
"H",1,0,3,0,0,0,390,254
"H",1,0,3,1,0,0,40,32
"H",1,0,3,2,0,0,15,13
"H",1,0,3,3,0,0,4,3
"H",1,0,3,4,0,0,3,1
"H",1,0,3,5,0,0,1,1
"H",1,0,4,-1,0,0,121,79
"H",1,0,4,-2,0,0,48,24
"H",1,0,4,-3,0,0,23,12
"H",1,0,4,-4,0,0,15,7
"H",1,0,4,-5,0,0,5,1
"H",1,0,4,-6,0,0,4,2
"H",1,0,4,-8,0,0,1,0
"H",1,0,4,0,0,0,403,287
"H",1,0,4,1,0,0,39,31
"H",1,0,4,1,0,1,1,0
"H",1,0,4,2,0,0,19,16
"H",1,0,4,3,0,0,2,1
"H",1,0,4,4,0,0,1,0
"H",1,0,5,-1,0,0,35,20
"H",1,0,5,-2,0,0,13,4
"H",1,0,5,-3,0,0,6,3
"H",1,0,5,-4,0,0,2,1
"H",1,0,5,-5,0,0,2,1
"H",1,0,5,0,0,0,143,91
"H",1,0,5,0,0,1,1,0
"H",1,0,5,0,0,2,1,0
"H",1,0,5,1,0,0,39,28
"H",1,0,5,2,0,0,13,11
"H",1,0,5,3,0,0,5,5
"H",1,0,6,-1,0,0,49,26
"H",1,0,6,-2,0,0,19,6
"H",1,0,6,-3,0,0,7,4
"H",1,0,6,-4,0,0,3,1
"H",1,0,6,0,0,0,135,98
"H",1,0,6,1,0,0,29,23
"H",1,0,6,2,0,0,8,8
"H",1,0,6,3,0,0,3,1
"H",1,0,6,5,0,0,1,1
"H",1,0,7,-1,0,0,26,15
"H",1,0,7,-1,1,0,1,0
"H",1,0,7,-1,2,0,1,0
"H",1,0,7,-1,2,1,1,0
"H",1,0,7,-1,3,1,1,0
"H",1,0,7,-1,3,2,1,0
"H",1,0,7,-2,0,0,12,9
"H",1,0,7,-3,0,0,3,1
"H",1,0,7,-4,0,0,2,0
"H",1,0,7,0,0,0,77,55
"H",1,0,7,1,0,0,15,13
"H",1,0,7,2,0,0,12,9
"H",1,0,7,3,0,0,3,3
"H",1,0,8,-1,0,0,34,25
"H",1,0,8,-2,0,0,17,9
"H",1,0,8,-3,0,0,5,3
"H",1,0,8,-4,0,0,2,2
"H",1,0,8,-6,0,0,1,1
"H",1,0,8,0,0,0,93,64
"H",1,0,8,0,0,1,1,0
"H",1,0,8,1,0,0,29,25
"H",1,0,8,2,0,0,11,10
"H",1,0,8,3,0,0,2,2
"H",1,0,8,4,0,0,1,0
"H",1,1,1,-1,0,0,905,392
"H",1,1,1,-1,0,1,4,3
"H",1,1,1,-1,0,2,1,1
"H",1,1,1,-1,1,0,5,2
"H",1,1,1,-1,1,1,6,3
"H",1,1,1,-1,1,2,5,3
"H",1,1,1,-1,2,0,1,0
"H",1,1,1,-1,2,1,2,0
"H",1,1,1,-1,2,2,5,2
"H",1,1,1,-1,3,2,2,1
"H",1,1,1,-2,0,0,402,123
"H",1,1,1,-2,0,1,1,1
"H",1,1,1,-2,0,2,1,1
"H",1,1,1,-2,1,0,1,1
"H",1,1,1,-2,1,2,1,1
"H",1,1,1,-2,2,0,1,1
"H",1,1,1,-2,3,0,1,1
"H",1,1,1,-2,3,1,1,1
"H",1,1,1,-3,0,0,201,56
"H",1,1,1,-3,1,0,1,0
"H",1,1,1,-3,2,0,1,0
"H",1,1,1,-3,2,1,1,0
"H",1,1,1,-4,0,0,77,16
"H",1,1,1,-5,0,0,24,2
"H",1,1,1,-6,0,0,10,1
"H",1,1,1,-6,1,0,1,0
"H",1,1,1,-6,2,0,1,0
"H",1,1,1,-6,3,0,1,0
"H",1,1,1,-7,0,0,2,0
"H",1,1,1,-9,0,0,1,1
"H",1,1,1,0,0,0,4174,2363
"H",1,1,1,0,0,1,12,9
"H",1,1,1,0,0,2,5,3
"H",1,1,1,0,1,0,10,5
"H",1,1,1,0,1,1,5,2
"H",1,1,1,0,1,2,4,2
"H",1,1,1,0,2,0,4,3
"H",1,1,1,0,2,1,5,4
"H",1,1,1,0,2,2,3,2
"H",1,1,1,0,3,0,1,0
"H",1,1,1,0,3,1,1,0
"H",1,1,1,0,3,2,2,1
"H",1,1,1,1,0,0,92,67
"H",1,1,1,1,1,0,1,1
"H",1,1,1,1,2,0,1,1
"H",1,1,1,1,2,1,1,1
"H",1,1,1,2,0,0,48,37
"H",1,1,1,3,0,0,20,17
"H",1,1,1,4,0,0,10,9
"H",1,1,1,5,0,0,3,3
"H",1,1,1,6,0,0,2,2
"H",1,1,2,-1,0,0,418,192
"H",1,1,2,-1,0,1,1,1
"H",1,1,2,-1,1,1,1,1
"H",1,1,2,-1,1,2,1,1
"H",1,1,2,-1,2,2,1,1
"H",1,1,2,-1,3,2,1,1
"H",1,1,2,-2,0,0,217,84
"H",1,1,2,-2,1,0,1,1
"H",1,1,2,-2,2,0,1,1
"H",1,1,2,-2,2,1,1,1
"H",1,1,2,-3,0,0,108,30
"H",1,1,2,-3,1,0,1,0
"H",1,1,2,-3,1,1,1,0
"H",1,1,2,-3,1,2,1,0
"H",1,1,2,-4,0,0,47,11
"H",1,1,2,-5,0,0,12,0
"H",1,1,2,-6,0,0,3,0
"H",1,1,2,-6,0,1,1,0
"H",1,1,2,-6,0,2,1,0
"H",1,1,2,-7,0,0,1,0
"H",1,1,2,-8,0,0,1,0
"H",1,1,2,-9,0,0,1,1
"H",1,1,2,0,0,0,1776,1062
"H",1,1,2,0,0,1,5,3
"H",1,1,2,0,0,2,2,1
"H",1,1,2,0,1,0,3,2
"H",1,1,2,0,1,1,4,3
"H",1,1,2,0,1,2,3,2
"H",1,1,2,0,2,1,2,1
"H",1,1,2,0,2,2,1,1
"H",1,1,2,0,3,1,1,0
"H",1,1,2,0,3,2,2,1
"H",1,1,2,1,0,0,238,181
"H",1,1,2,1,0,1,1,1
"H",1,1,2,1,0,2,1,1
"H",1,1,2,2,0,0,107,84
"H",1,1,2,3,0,0,40,37
"H",1,1,2,4,0,0,17,14
"H",1,1,2,5,0,0,5,5
"H",1,1,2,6,0,0,3,3
"H",1,1,3,-1,0,0,226,119
"H",1,1,3,-2,0,0,102,41
"H",1,1,3,-3,0,0,33,9
"H",1,1,3,-4,0,0,20,5
"H",1,1,3,-5,0,0,6,1
"H",1,1,3,-6,0,0,4,1
"H",1,1,3,-8,0,0,1,0
"H",1,1,3,0,0,0,1108,688
"H",1,1,3,0,0,1,1,0
"H",1,1,3,0,1,0,7,5
"H",1,1,3,0,1,1,2,1
"H",1,1,3,0,1,2,1,0
"H",1,1,3,0,2,0,3,2
"H",1,1,3,0,2,1,2,2
"H",1,1,3,0,2,2,1,1
"H",1,1,3,0,3,0,1,0
"H",1,1,3,0,3,1,2,1
"H",1,1,3,0,3,2,2,2
"H",1,1,3,1,0,0,204,155
"H",1,1,3,2,0,0,98,73
"H",1,1,3,3,0,0,36,32
"H",1,1,3,4,0,0,21,19
"H",1,1,3,5,0,0,4,4
"H",1,1,3,6,0,0,2,2
"H",1,1,3,7,0,0,1,1
"H",1,1,4,-1,0,0,113,57
"H",1,1,4,-1,0,1,1,0
"H",1,1,4,-1,1,1,1,0
"H",1,1,4,-1,1,2,1,0
"H",1,1,4,-2,0,0,67,31
"H",1,1,4,-2,1,0,1,1
"H",1,1,4,-3,0,0,33,9
"H",1,1,4,-3,1,0,1,0
"H",1,1,4,-3,2,0,1,0
"H",1,1,4,-3,2,1,1,0
"H",1,1,4,-4,0,0,16,4
"H",1,1,4,-5,0,0,4,0
"H",1,1,4,-6,0,0,1,0
"H",1,1,4,-7,0,0,1,0
"H",1,1,4,-8,0,0,2,0
"H",1,1,4,0,0,0,540,342
"H",1,1,4,0,0,1,1,1
"H",1,1,4,0,1,1,1,1
"H",1,1,4,0,1,2,1,1
"H",1,1,4,0,2,2,1,1
"H",1,1,4,1,0,0,119,88
"H",1,1,4,2,0,0,61,54
"H",1,1,4,3,0,0,21,19
"H",1,1,4,4,0,0,14,13
"H",1,1,4,5,0,0,2,2
"H",1,1,5,-1,0,0,104,59
"H",1,1,5,-2,0,0,31,11
"H",1,1,5,-3,0,0,12,3
"H",1,1,5,-4,0,0,6,0
"H",1,1,5,-5,0,0,1,0
"H",1,1,5,-6,0,0,1,0
"H",1,1,5,0,0,0,388,253
"H",1,1,5,0,1,0,3,2
"H",1,1,5,0,1,1,2,1
"H",1,1,5,0,1,2,1,0
"H",1,1,5,0,2,2,1,0
"H",1,1,5,1,0,0,158,127
"H",1,1,5,2,0,0,58,51
"H",1,1,5,3,0,0,28,27
"H",1,1,5,4,0,0,10,8
"H",1,1,5,5,0,0,4,4
"H",1,1,6,-1,0,0,84,51
"H",1,1,6,-2,0,0,33,18
"H",1,1,6,-3,0,0,11,3
"H",1,1,6,-4,0,0,9,1
"H",1,1,6,-6,0,0,3,0
"H",1,1,6,0,0,0,259,181
"H",1,1,6,0,0,1,1,0
"H",1,1,6,0,0,2,1,0
"H",1,1,6,1,0,0,117,101
"H",1,1,6,1,1,0,1,0
"H",1,1,6,2,0,0,44,37
"H",1,1,6,2,1,0,1,0
"H",1,1,6,2,2,0,1,0
"H",1,1,6,2,2,1,1,0
"H",1,1,6,2,2,2,1,0
"H",1,1,6,3,0,0,18,18
"H",1,1,6,4,0,0,4,2
"H",1,1,6,5,0,0,5,5
"H",1,1,6,6,0,0,1,1
"H",1,1,7,-1,0,0,89,49
"H",1,1,7,-2,0,0,30,17
"H",1,1,7,-3,0,0,21,9
"H",1,1,7,-4,0,0,4,3
"H",1,1,7,-5,0,0,4,0
"H",1,1,7,0,0,0,338,251
"H",1,1,7,0,1,0,2,1
"H",1,1,7,0,1,1,1,0
"H",1,1,7,0,1,2,1,0
"H",1,1,7,0,2,0,1,1
"H",1,1,7,0,3,0,1,1
"H",1,1,7,1,0,0,90,73
"H",1,1,7,1,1,0,1,0
"H",1,1,7,1,2,0,1,0
"H",1,1,7,1,2,1,1,0
"H",1,1,7,1,2,2,1,0
"H",1,1,7,1,3,2,1,0
"H",1,1,7,2,0,0,48,40
"H",1,1,7,3,0,0,10,10
"H",1,1,7,4,0,0,5,5
"H",1,1,7,5,0,0,1,1
"H",1,1,7,6,0,0,2,2
"H",1,1,8,-1,0,0,41,25
"H",1,1,8,-2,0,0,29,15
"H",1,1,8,-3,0,0,12,3
"H",1,1,8,-4,0,0,6,2
"H",1,1,8,-6,0,0,2,1
"H",1,1,8,-7,0,0,1,0
"H",1,1,8,-8,0,0,1,0
"H",1,1,8,0,0,0,167,119
"H",1,1,8,1,0,0,75,61
"H",1,1,8,2,0,0,39,35
"H",1,1,8,3,0,0,9,8
"H",1,1,8,4,0,0,8,7
"H",1,1,8,5,0,0,1,1
"H",1,1,8,6,0,0,1,1
"H",1,2,1,-1,0,0,703,290
"H",1,2,1,-1,0,1,1,0
"H",1,2,1,-1,1,0,5,3
"H",1,2,1,-1,1,1,4,2
"H",1,2,1,-1,1,2,1,0
"H",1,2,1,-1,2,1,2,1
"H",1,2,1,-1,2,2,1,1
"H",1,2,1,-1,3,1,1,0
"H",1,2,1,-2,0,0,284,90
"H",1,2,1,-2,1,0,1,1
"H",1,2,1,-3,0,0,146,35
"H",1,2,1,-4,0,0,54,11
"H",1,2,1,-5,0,0,19,2
"H",1,2,1,-6,0,0,7,0
"H",1,2,1,-7,0,0,2,0
"H",1,2,1,0,0,0,3187,1747
"H",1,2,1,0,0,1,9,5
"H",1,2,1,0,0,2,4,2
"H",1,2,1,0,1,0,12,9
"H",1,2,1,0,1,1,6,4
"H",1,2,1,0,1,2,4,3
"H",1,2,1,0,2,0,4,2
"H",1,2,1,0,2,1,5,3
"H",1,2,1,0,2,2,4,3
"H",1,2,1,0,3,0,1,1
"H",1,2,1,0,3,1,1,1
"H",1,2,1,0,3,2,2,2
"H",1,2,1,1,0,0,247,162
"H",1,2,1,2,0,0,129,97
"H",1,2,1,3,0,0,43,40
"H",1,2,1,4,0,0,22,20
"H",1,2,1,5,0,0,10,7
"H",1,2,1,6,0,0,4,4
"H",1,2,1,7,0,0,1,1
"H",1,2,1,8,0,0,1,1
"H",1,2,2,-1,0,0,408,166
"H",1,2,2,-1,1,0,3,2
"H",1,2,2,-1,1,1,1,1
"H",1,2,2,-1,2,0,2,1
"H",1,2,2,-1,3,0,2,1
"H",1,2,2,-1,3,1,1,0
"H",1,2,2,-2,0,0,185,65
"H",1,2,2,-2,0,1,1,1
"H",1,2,2,-2,1,1,1,1
"H",1,2,2,-2,1,2,1,1
"H",1,2,2,-2,2,2,1,1
"H",1,2,2,-3,0,0,106,28
"H",1,2,2,-4,0,0,39,7
"H",1,2,2,-5,0,0,11,1
"H",1,2,2,-6,0,0,6,0
"H",1,2,2,-6,1,0,1,0
"H",1,2,2,-6,1,1,1,0
"H",1,2,2,-6,1,2,1,0
"H",1,2,2,-6,2,2,1,0
"H",1,2,2,-7,0,0,2,0
"H",1,2,2,-8,0,0,1,1
"H",1,2,2,0,0,0,1603,922
"H",1,2,2,0,0,1,7,6
"H",1,2,2,0,0,2,3,3
"H",1,2,2,0,1,0,3,0
"H",1,2,2,0,1,1,4,3
"H",1,2,2,0,1,2,3,3
"H",1,2,2,0,2,0,2,0
"H",1,2,2,0,2,1,1,0
"H",1,2,2,0,3,0,1,0
"H",1,2,2,0,3,1,1,0
"H",1,2,2,1,0,0,373,244
"H",1,2,2,1,0,1,1,1
"H",1,2,2,1,0,2,1,1
"H",1,2,2,2,0,0,201,163
"H",1,2,2,3,0,0,69,61
"H",1,2,2,4,0,0,37,32
"H",1,2,2,5,0,0,9,9
"H",1,2,2,6,0,0,2,2
"H",1,2,2,7,0,0,1,1
"H",1,2,2,8,0,0,1,1
"H",1,2,2,9,0,0,1,1
"H",1,2,3,-1,0,0,260,118
"H",1,2,3,-1,1,0,2,2
"H",1,2,3,-1,1,1,1,1
"H",1,2,3,-1,1,2,1,1
"H",1,2,3,-1,2,0,1,1
"H",1,2,3,-1,2,2,1,1
"H",1,2,3,-1,3,0,1,1
"H",1,2,3,-1,3,1,1,1
"H",1,2,3,-1,3,2,2,2
"H",1,2,3,-2,0,0,121,38
"H",1,2,3,-3,0,0,40,9
"H",1,2,3,-4,0,0,20,3
"H",1,2,3,-5,0,0,5,2
"H",1,2,3,-6,0,0,1,0
"H",1,2,3,-9,0,0,1,1
"H",1,2,3,0,0,0,1066,611
"H",1,2,3,0,0,1,7,4
"H",1,2,3,0,0,2,2,1
"H",1,2,3,0,1,0,2,2
"H",1,2,3,0,1,1,3,2
"H",1,2,3,0,1,2,4,2
"H",1,2,3,0,2,0,1,1
"H",1,2,3,0,2,1,1,1
"H",1,2,3,0,2,2,1,0
"H",1,2,3,0,3,1,1,1
"H",1,2,3,0,3,2,2,1
"H",1,2,3,1,0,0,374,250
"H",1,2,3,1,0,1,1,1
"H",1,2,3,1,1,1,1,1
"H",1,2,3,1,1,2,1,1
"H",1,2,3,2,0,0,191,139
"H",1,2,3,2,0,1,1,0
"H",1,2,3,2,1,0,1,0
"H",1,2,3,2,1,1,1,0
"H",1,2,3,2,2,0,1,0
"H",1,2,3,2,2,1,2,0
"H",1,2,3,2,2,2,1,0
"H",1,2,3,2,3,1,1,0
"H",1,2,3,2,3,2,1,0
"H",1,2,3,3,0,0,75,63
"H",1,2,3,4,0,0,42,35
"H",1,2,3,5,0,0,9,9
"H",1,2,3,6,0,0,6,6
"H",1,2,3,7,0,0,2,2
"H",1,2,3,8,0,0,1,1
"H",1,2,3,9,0,0,1,1
"H",1,2,4,-1,0,0,126,56
"H",1,2,4,-1,1,0,1,0
"H",1,2,4,-1,2,0,1,0
"H",1,2,4,-1,2,1,1,0
"H",1,2,4,-1,2,2,1,0
"H",1,2,4,-2,0,0,54,27
"H",1,2,4,-2,1,0,1,1
"H",1,2,4,-3,0,0,32,7
"H",1,2,4,-4,0,0,10,1
"H",1,2,4,-5,0,0,2,0
"H",1,2,4,-6,0,0,1,0
"H",1,2,4,-8,0,0,1,0
"H",1,2,4,0,0,0,431,249
"H",1,2,4,0,0,1,2,1
"H",1,2,4,0,0,2,1,1
"H",1,2,4,0,1,1,1,0
"H",1,2,4,0,1,2,1,0
"H",1,2,4,1,0,0,135,100
"H",1,2,4,2,0,0,75,59
"H",1,2,4,3,0,0,40,35
"H",1,2,4,4,0,0,16,14
"H",1,2,4,5,0,0,6,6
"H",1,2,4,6,0,0,4,4
"H",1,2,4,7,0,0,1,1
"H",1,2,5,-1,0,0,100,51
"H",1,2,5,-2,0,0,50,13
"H",1,2,5,-3,0,0,11,6
"H",1,2,5,-4,0,0,8,2
"H",1,2,5,-5,0,0,4,0
"H",1,2,5,-6,0,0,1,1
"H",1,2,5,0,0,0,474,274
"H",1,2,5,0,0,1,2,0
"H",1,2,5,0,0,2,1,0
"H",1,2,5,0,1,0,1,1
"H",1,2,5,0,1,2,1,0
"H",1,2,5,0,2,0,1,1
"H",1,2,5,1,0,0,225,170
"H",1,2,5,2,0,0,94,72
"H",1,2,5,3,0,0,41,37
"H",1,2,5,4,0,0,20,20
"H",1,2,5,4,1,0,1,1
"H",1,2,5,4,2,0,1,1
"H",1,2,5,5,0,0,7,7
"H",1,2,5,6,0,0,3,3
"H",1,2,5,7,0,0,3,3
"H",1,2,5,8,0,0,1,1
"H",1,2,6,-1,0,0,73,31
"H",1,2,6,-2,0,0,35,15
"H",1,2,6,-3,0,0,17,6
"H",1,2,6,-4,0,0,7,0
"H",1,2,6,-5,0,0,2,0
"H",1,2,6,-6,0,0,1,0
"H",1,2,6,0,0,0,289,171
"H",1,2,6,0,0,1,1,1
"H",1,2,6,0,1,0,1,1
"H",1,2,6,0,1,1,1,1
"H",1,2,6,1,0,0,137,100
"H",1,2,6,2,0,0,68,53
"H",1,2,6,3,0,0,38,33
"H",1,2,6,3,1,0,1,1
"H",1,2,6,3,2,0,1,1
"H",1,2,6,4,0,0,15,12
"H",1,2,6,5,0,0,4,4
"H",1,2,6,6,0,0,2,2
"H",1,2,6,8,0,0,1,1
"H",1,2,7,-1,0,0,82,40
"H",1,2,7,-2,0,0,20,7
"H",1,2,7,-3,0,0,16,3
"H",1,2,7,-4,0,0,1,0
"H",1,2,7,-5,0,0,5,0
"H",1,2,7,-6,0,0,1,0
"H",1,2,7,-7,0,0,1,0
"H",1,2,7,0,0,0,237,142
"H",1,2,7,0,0,1,1,0
"H",1,2,7,0,1,0,2,0
"H",1,2,7,0,1,1,2,0
"H",1,2,7,0,1,2,1,0
"H",1,2,7,0,2,1,1,0
"H",1,2,7,0,2,2,1,0
"H",1,2,7,0,3,2,1,0
"H",1,2,7,1,0,0,112,81
"H",1,2,7,2,0,0,65,56
"H",1,2,7,3,0,0,25,24
"H",1,2,7,4,0,0,9,8
"H",1,2,7,5,0,0,4,4
"H",1,2,7,6,0,0,2,2
"H",1,2,8,-1,0,0,45,23
"H",1,2,8,-1,0,1,1,0
"H",1,2,8,-1,0,2,1,0
"H",1,2,8,-2,0,0,17,4
"H",1,2,8,-2,0,1,1,1
"H",1,2,8,-2,0,2,1,1
"H",1,2,8,-2,1,2,1,1
"H",1,2,8,-3,0,0,13,1
"H",1,2,8,-4,0,0,7,0
"H",1,2,8,-6,0,0,1,1
"H",1,2,8,0,0,0,136,89
"H",1,2,8,0,1,0,2,1
"H",1,2,8,0,1,1,2,1
"H",1,2,8,0,2,1,2,1
"H",1,2,8,0,2,2,1,1
"H",1,2,8,0,3,2,1,1
"H",1,2,8,1,0,0,62,49
"H",1,2,8,2,0,0,39,33
"H",1,2,8,3,0,0,20,19
"H",1,2,8,4,0,0,11,8
"H",1,2,8,5,0,0,4,4
"H",1,2,8,6,0,0,2,2
"H",1,2,8,7,0,0,2,2
"H",2,0,1,-1,0,0,1732,745
"H",2,0,1,-1,0,1,8,3
"H",2,0,1,-1,0,2,3,1
"H",2,0,1,-1,1,0,4,2
"H",2,0,1,-1,1,1,3,1
"H",2,0,1,-1,1,2,3,1
"H",2,0,1,-1,2,0,2,1
"H",2,0,1,-1,2,1,3,2
"H",2,0,1,-1,2,2,2,2
"H",2,0,1,-1,3,2,2,2
"H",2,0,1,-10,0,0,2,0
"H",2,0,1,-11,0,0,1,0
"H",2,0,1,-2,0,0,794,255
"H",2,0,1,-2,0,1,1,0
"H",2,0,1,-2,1,0,3,2
"H",2,0,1,-2,1,1,1,1
"H",2,0,1,-2,2,0,2,1
"H",2,0,1,-2,2,1,1,1
"H",2,0,1,-2,2,2,1,1
"H",2,0,1,-2,3,0,2,1
"H",2,0,1,-2,3,1,1,1
"H",2,0,1,-3,0,0,407,88
"H",2,0,1,-4,0,0,159,23
"H",2,0,1,-5,0,0,95,15
"H",2,0,1,-5,0,1,1,0
"H",2,0,1,-6,0,0,62,6
"H",2,0,1,-6,0,1,1,0
"H",2,0,1,-6,0,2,1,0
"H",2,0,1,-6,1,2,1,0
"H",2,0,1,-7,0,0,21,1
"H",2,0,1,-7,0,1,1,0
"H",2,0,1,-7,0,2,1,0
"H",2,0,1,-8,0,0,12,2
"H",2,0,1,-9,0,0,5,0
"H",2,0,1,0,0,0,3988,2354
"H",2,0,1,0,0,1,9,5
"H",2,0,1,0,0,2,4,2
"H",2,0,1,0,1,0,17,11
"H",2,0,1,0,1,1,11,6
"H",2,0,1,0,1,2,8,4
"H",2,0,1,0,2,0,7,5
"H",2,0,1,0,2,1,7,4
"H",2,0,1,0,2,2,8,6
"H",2,0,1,0,3,0,3,2
"H",2,0,1,0,3,1,4,1
"H",2,0,1,0,3,2,6,3
"H",2,0,1,1,0,0,1016,721
"H",2,0,1,1,0,1,2,1
"H",2,0,1,1,0,2,1,0
"H",2,0,1,1,1,1,1,1
"H",2,0,1,1,2,1,1,1
"H",2,0,1,2,0,0,511,405
"H",2,0,1,3,0,0,212,188
"H",2,0,1,4,0,0,106,94
"H",2,0,1,5,0,0,30,28
"H",2,0,1,6,0,0,10,10
"H",2,0,1,7,0,0,8,8
"H",2,0,1,8,0,0,2,2
"H",2,0,1,9,0,0,2,2
"H",2,0,2,-1,0,0,492,219
"H",2,0,2,-1,0,1,1,0
"H",2,0,2,-1,1,1,1,0
"H",2,0,2,-1,2,1,1,0
"H",2,0,2,-2,0,0,260,86
"H",2,0,2,-2,1,0,1,0
"H",2,0,2,-2,2,0,1,0
"H",2,0,2,-2,2,1,1,0
"H",2,0,2,-3,0,0,112,23
"H",2,0,2,-4,0,0,41,6
"H",2,0,2,-5,0,0,27,7
"H",2,0,2,-6,0,0,16,2
"H",2,0,2,-7,0,0,5,0
"H",2,0,2,-8,0,0,2,0
"H",2,0,2,0,0,0,1153,744
"H",2,0,2,0,0,1,2,2
"H",2,0,2,0,0,2,1,1
"H",2,0,2,0,1,0,1,1
"H",2,0,2,0,2,0,1,1
"H",2,0,2,0,2,1,1,1
"H",2,0,2,1,0,0,308,235
"H",2,0,2,2,0,0,161,134
"H",2,0,2,3,0,0,78,71
"H",2,0,2,4,0,0,36,34
"H",2,0,2,5,0,0,12,12
"H",2,0,2,6,0,0,8,8
"H",2,0,2,7,0,0,4,4
"H",2,0,2,8,0,0,2,2
"H",2,0,3,-1,0,0,101,49
"H",2,0,3,-2,0,0,52,25
"H",2,0,3,-3,0,0,23,8
"H",2,0,3,-4,0,0,18,5
"H",2,0,3,-5,0,0,7,1
"H",2,0,3,-6,0,0,8,2
"H",2,0,3,-7,0,0,1,0
"H",2,0,3,0,0,0,251,163
"H",2,0,3,0,1,0,1,1
"H",2,0,3,1,0,0,96,71
"H",2,0,3,2,0,0,44,37
"H",2,0,3,3,0,0,14,14
"H",2,0,3,4,0,0,12,11
"H",2,0,3,5,0,0,3,2
"H",2,0,3,6,0,0,2,2
"H",2,0,3,7,0,0,1,1
"H",2,0,4,-1,0,0,105,59
"H",2,0,4,-2,0,0,68,31
"H",2,0,4,-3,0,0,24,7
"H",2,0,4,-4,0,0,17,3
"H",2,0,4,-5,0,0,10,3
"H",2,0,4,-6,0,0,6,1
"H",2,0,4,-7,0,0,1,0
"H",2,0,4,0,0,0,200,143
"H",2,0,4,0,0,1,1,1
"H",2,0,4,0,0,2,1,1
"H",2,0,4,0,1,0,1,1
"H",2,0,4,1,0,0,76,61
"H",2,0,4,2,0,0,51,43
"H",2,0,4,3,0,0,18,17
"H",2,0,4,4,0,0,12,10
"H",2,0,4,5,0,0,8,8
"H",2,0,4,6,0,0,2,2
"H",2,0,4,7,0,0,2,2
"H",2,0,5,-1,0,0,38,19
"H",2,0,5,-1,1,0,1,0
"H",2,0,5,-1,1,1,1,0
"H",2,0,5,-1,1,2,1,0
"H",2,0,5,-2,0,0,13,7
"H",2,0,5,-2,0,1,1,1
"H",2,0,5,-3,0,0,11,8
"H",2,0,5,-4,0,0,6,1
"H",2,0,5,-5,0,0,1,1
"H",2,0,5,-8,0,0,1,1
"H",2,0,5,0,0,0,89,55
"H",2,0,5,1,0,0,38,28
"H",2,0,5,2,0,0,23,19
"H",2,0,5,3,0,0,10,10
"H",2,0,5,4,0,0,4,4
"H",2,0,5,5,0,0,3,3
"H",2,0,5,6,0,0,3,3
"H",2,0,5,9,0,0,1,1
"H",2,0,6,-1,0,0,36,15
"H",2,0,6,-1,0,1,1,1
"H",2,0,6,-1,0,2,1,1
"H",2,0,6,-2,0,0,17,9
"H",2,0,6,-3,0,0,5,2
"H",2,0,6,-4,0,0,6,1
"H",2,0,6,-5,0,0,1,1
"H",2,0,6,-6,0,0,4,0
"H",2,0,6,0,0,0,116,89
"H",2,0,6,1,0,0,41,32
"H",2,0,6,2,0,0,15,15
"H",2,0,6,3,0,0,6,6
"H",2,0,6,4,0,0,7,7
"H",2,0,6,5,0,0,2,1
"H",2,0,6,6,0,0,2,2
"H",2,0,7,-1,0,0,29,22
"H",2,0,7,-2,0,0,8,4
"H",2,0,7,-3,0,0,3,1
"H",2,0,7,-4,0,0,2,0
"H",2,0,7,-5,0,0,3,1
"H",2,0,7,0,0,0,51,32
"H",2,0,7,1,0,0,23,17
"H",2,0,7,2,0,0,16,15
"H",2,0,7,3,0,0,6,6
"H",2,0,7,4,0,0,6,6
"H",2,0,7,5,0,0,1,1
"H",2,0,7,7,0,0,1,1
"H",2,0,8,-1,0,0,23,18
"H",2,0,8,-2,0,0,13,8
"H",2,0,8,-3,0,0,6,4
"H",2,0,8,-4,0,0,6,1
"H",2,0,8,-5,0,0,5,3
"H",2,0,8,-6,0,0,1,0
"H",2,0,8,0,0,0,56,41
"H",2,0,8,1,0,0,29,26
"H",2,0,8,2,0,0,20,19
"H",2,0,8,3,0,0,14,14
"H",2,0,8,4,0,0,4,3
"H",2,0,8,5,0,0,1,1
"H",2,0,8,6,0,0,1,1
"H",2,1,1,-1,0,0,1187,487
"H",2,1,1,-1,0,1,7,4
"H",2,1,1,-1,0,2,3,2
"H",2,1,1,-1,1,0,3,1
"H",2,1,1,-1,1,1,4,1
"H",2,1,1,-1,1,2,5,2
"H",2,1,1,-1,2,0,2,1
"H",2,1,1,-1,2,2,2,0
"H",2,1,1,-1,3,0,2,1
"H",2,1,1,-1,3,1,1,0
"H",2,1,1,-1,3,2,2,0
"H",2,1,1,-10,0,0,2,0
"H",2,1,1,-11,0,0,1,0
"H",2,1,1,-2,0,0,504,154
"H",2,1,1,-2,0,1,1,0
"H",2,1,1,-2,0,2,1,0
"H",2,1,1,-3,0,0,276,57
"H",2,1,1,-4,0,0,99,13
"H",2,1,1,-5,0,0,62,7
"H",2,1,1,-5,0,1,1,0
"H",2,1,1,-5,1,1,1,0
"H",2,1,1,-5,1,2,1,0
"H",2,1,1,-6,0,0,39,2
"H",2,1,1,-6,1,0,1,0
"H",2,1,1,-6,1,1,1,0
"H",2,1,1,-6,1,2,1,0
"H",2,1,1,-7,0,0,15,1
"H",2,1,1,-8,0,0,9,1
"H",2,1,1,-9,0,0,5,0
"H",2,1,1,0,0,0,2666,1492
"H",2,1,1,0,0,1,15,8
"H",2,1,1,0,0,2,10,6
"H",2,1,1,0,1,0,6,4
"H",2,1,1,0,1,1,7,4
"H",2,1,1,0,1,2,5,1
"H",2,1,1,0,2,0,2,1
"H",2,1,1,0,2,1,4,3
"H",2,1,1,0,2,2,5,1
"H",2,1,1,0,3,1,1,1
"H",2,1,1,0,3,2,3,1
"H",2,1,1,1,0,0,734,506
"H",2,1,1,1,0,1,1,0
"H",2,1,1,1,0,2,1,0
"H",2,1,1,1,1,2,1,0
"H",2,1,1,1,2,2,1,0
"H",2,1,1,10,0,0,1,1
"H",2,1,1,2,0,0,361,278
"H",2,1,1,3,0,0,149,130
"H",2,1,1,3,0,1,1,1
"H",2,1,1,3,0,2,1,1
"H",2,1,1,4,0,0,71,61
"H",2,1,1,5,0,0,22,21
"H",2,1,1,6,0,0,6,6
"H",2,1,1,7,0,0,11,11
"H",2,1,1,9,0,0,1,1
"H",2,1,2,-1,0,0,487,218
"H",2,1,2,-1,0,1,1,1
"H",2,1,2,-1,1,0,2,1
"H",2,1,2,-1,2,0,1,1
"H",2,1,2,-1,2,1,1,1
"H",2,1,2,-1,2,2,1,1
"H",2,1,2,-10,0,0,1,0
"H",2,1,2,-11,0,0,1,0
"H",2,1,2,-2,0,0,237,75
"H",2,1,2,-3,0,0,116,31
"H",2,1,2,-4,0,0,32,4
"H",2,1,2,-5,0,0,32,5
"H",2,1,2,-6,0,0,20,2
"H",2,1,2,-7,0,0,9,1
"H",2,1,2,-8,0,0,8,1
"H",2,1,2,-9,0,0,1,0
"H",2,1,2,0,0,0,1110,654
"H",2,1,2,0,0,1,4,4
"H",2,1,2,0,1,0,1,1
"H",2,1,2,0,1,1,2,2
"H",2,1,2,0,2,0,1,1
"H",2,1,2,0,2,1,1,1
"H",2,1,2,0,3,1,1,1
"H",2,1,2,1,0,0,403,300
"H",2,1,2,1,1,0,1,1
"H",2,1,2,1,1,1,1,1
"H",2,1,2,1,2,1,1,1
"H",2,1,2,10,0,0,2,2
"H",2,1,2,2,0,0,200,168
"H",2,1,2,3,0,0,96,86
"H",2,1,2,4,0,0,42,39
"H",2,1,2,5,0,0,17,16
"H",2,1,2,6,0,0,9,9
"H",2,1,2,7,0,0,5,5
"H",2,1,2,8,0,0,1,1
"H",2,1,2,9,0,0,2,2
"H",2,1,3,-1,0,0,243,104
"H",2,1,3,-1,1,0,2,0
"H",2,1,3,-1,1,1,2,0
"H",2,1,3,-1,2,1,2,0
"H",2,1,3,-1,2,2,1,0
"H",2,1,3,-1,3,1,1,0
"H",2,1,3,-2,0,0,96,30
"H",2,1,3,-3,0,0,44,11
"H",2,1,3,-4,0,0,20,5
"H",2,1,3,-5,0,0,10,2
"H",2,1,3,-6,0,0,7,1
"H",2,1,3,-7,0,0,2,0
"H",2,1,3,0,0,0,587,384
"H",2,1,3,0,0,1,2,2
"H",2,1,3,0,1,1,1,1
"H",2,1,3,0,1,2,1,1
"H",2,1,3,1,0,0,253,181
"H",2,1,3,1,0,1,1,1
"H",2,1,3,1,1,0,1,1
"H",2,1,3,1,1,1,2,2
"H",2,1,3,1,1,2,1,1
"H",2,1,3,1,2,1,1,1
"H",2,1,3,1,2,2,2,2
"H",2,1,3,1,3,2,1,1
"H",2,1,3,10,0,0,1,1
"H",2,1,3,2,0,0,115,95
"H",2,1,3,3,0,0,53,49
"H",2,1,3,4,0,0,43,43
"H",2,1,3,5,0,0,13,13
"H",2,1,3,6,0,0,7,6
"H",2,1,3,7,0,0,5,5
"H",2,1,3,8,0,0,4,4
"H",2,1,3,9,0,0,2,2
"H",2,1,4,-1,0,0,135,72
"H",2,1,4,-10,0,0,1,0
"H",2,1,4,-2,0,0,75,25
"H",2,1,4,-3,0,0,33,9
"H",2,1,4,-4,0,0,20,3
"H",2,1,4,-5,0,0,8,1
"H",2,1,4,-6,0,0,6,0
"H",2,1,4,-7,0,0,3,0
"H",2,1,4,-8,0,0,2,0
"H",2,1,4,-9,0,0,1,0
"H",2,1,4,0,0,0,264,173
"H",2,1,4,0,1,0,2,2
"H",2,1,4,0,1,1,2,2
"H",2,1,4,0,1,2,1,1
"H",2,1,4,0,2,1,1,1
"H",2,1,4,0,2,2,1,1
"H",2,1,4,0,3,2,1,1
"H",2,1,4,1,0,0,126,97
"H",2,1,4,1,0,1,1,1
"H",2,1,4,10,0,0,2,2
"H",2,1,4,2,0,0,75,65
"H",2,1,4,3,0,0,47,44
"H",2,1,4,4,0,0,24,22
"H",2,1,4,5,0,0,10,9
"H",2,1,4,6,0,0,6,6
"H",2,1,4,7,0,0,1,1
"H",2,1,4,8,0,0,2,2
"H",2,1,5,-1,0,0,90,43
"H",2,1,5,-1,0,1,1,0
"H",2,1,5,-1,1,0,1,0
"H",2,1,5,-1,1,1,1,0
"H",2,1,5,-1,2,1,1,0
"H",2,1,5,-2,0,0,41,19
"H",2,1,5,-2,1,0,1,1
"H",2,1,5,-2,1,1,1,1
"H",2,1,5,-3,0,0,17,6
"H",2,1,5,-4,0,0,9,2
"H",2,1,5,-5,0,0,2,1
"H",2,1,5,-6,0,0,1,0
"H",2,1,5,-8,0,0,1,1
"H",2,1,5,0,0,0,240,155
"H",2,1,5,0,1,0,1,1
"H",2,1,5,1,0,0,130,102
"H",2,1,5,2,0,0,67,55
"H",2,1,5,3,0,0,28,25
"H",2,1,5,4,0,0,14,14
"H",2,1,5,5,0,0,12,12
"H",2,1,5,6,0,0,10,10
"H",2,1,5,7,0,0,2,2
"H",2,1,5,8,0,0,2,2
"H",2,1,5,9,0,0,1,1
"H",2,1,6,-1,0,0,49,28
"H",2,1,6,-2,0,0,30,11
"H",2,1,6,-3,0,0,12,1
"H",2,1,6,-4,0,0,9,2
"H",2,1,6,-5,0,0,2,0
"H",2,1,6,-7,0,0,1,0
"H",2,1,6,-8,0,0,1,1
"H",2,1,6,0,0,0,143,103
"H",2,1,6,1,0,0,91,67
"H",2,1,6,10,0,0,1,1
"H",2,1,6,2,0,0,45,37
"H",2,1,6,3,0,0,19,16
"H",2,1,6,4,0,0,12,12
"H",2,1,6,5,0,0,10,10
"H",2,1,6,6,0,0,6,6
"H",2,1,6,7,0,0,1,1
"H",2,1,6,8,0,0,3,3
"H",2,1,6,9,0,0,1,1
"H",2,1,7,-1,0,0,71,35
"H",2,1,7,-2,0,0,43,22
"H",2,1,7,-3,0,0,18,3
"H",2,1,7,-4,0,0,4,0
"H",2,1,7,-6,0,0,1,0
"H",2,1,7,-7,0,0,1,0
"H",2,1,7,0,0,0,173,123
"H",2,1,7,0,1,0,1,1
"H",2,1,7,0,2,0,1,1
"H",2,1,7,0,3,0,1,1
"H",2,1,7,1,0,0,70,54
"H",2,1,7,1,0,1,1,1
"H",2,1,7,10,0,0,1,1
"H",2,1,7,2,0,0,40,33
"H",2,1,7,3,0,0,22,20
"H",2,1,7,4,0,0,10,9
"H",2,1,7,5,0,0,11,11
"H",2,1,7,6,0,0,2,2
"H",2,1,7,7,0,0,4,4
"H",2,1,7,8,0,0,1,1
"H",2,1,7,9,0,0,1,1
"H",2,1,8,-1,0,0,42,25
"H",2,1,8,-2,0,0,24,10
"H",2,1,8,-3,0,0,13,4
"H",2,1,8,-4,0,0,7,2
"H",2,1,8,-5,0,0,3,1
"H",2,1,8,-6,0,0,1,0
"H",2,1,8,0,0,0,107,74
"H",2,1,8,0,0,1,1,1
"H",2,1,8,0,0,2,1,1
"H",2,1,8,0,1,0,1,1
"H",2,1,8,0,1,1,1,1
"H",2,1,8,0,1,2,2,2
"H",2,1,8,1,0,0,51,39
"H",2,1,8,2,0,0,28,20
"H",2,1,8,3,0,0,21,19
"H",2,1,8,4,0,0,11,11
"H",2,1,8,5,0,0,5,5
"H",2,1,8,6,0,0,5,5
"H",2,1,8,7,0,0,1,1
"H",2,2,1,-1,0,0,905,354
"H",2,2,1,-1,0,1,4,1
"H",2,2,1,-1,0,2,1,1
"H",2,2,1,-1,1,0,1,1
"H",2,2,1,-1,1,1,4,1
"H",2,2,1,-1,1,2,1,0
"H",2,2,1,-1,2,1,3,1
"H",2,2,1,-1,3,1,3,1
"H",2,2,1,-1,3,2,1,0
"H",2,2,1,-10,0,0,1,0
"H",2,2,1,-2,0,0,394,115
"H",2,2,1,-2,0,1,1,1
"H",2,2,1,-2,1,0,1,1
"H",2,2,1,-2,1,1,2,2
"H",2,2,1,-2,1,2,1,1
"H",2,2,1,-2,2,1,1,1
"H",2,2,1,-2,2,2,2,2
"H",2,2,1,-2,3,2,1,1
"H",2,2,1,-3,0,0,216,36
"H",2,2,1,-4,0,0,82,12
"H",2,2,1,-5,0,0,45,3
"H",2,2,1,-5,0,1,1,0
"H",2,2,1,-5,0,2,1,0
"H",2,2,1,-5,1,2,1,0
"H",2,2,1,-5,2,2,1,0
"H",2,2,1,-6,0,0,27,1
"H",2,2,1,-6,1,0,1,0
"H",2,2,1,-6,2,0,1,0
"H",2,2,1,-6,2,1,1,0
"H",2,2,1,-6,3,1,1,0
"H",2,2,1,-6,3,2,1,0
"H",2,2,1,-7,0,0,9,1
"H",2,2,1,-8,0,0,3,0
"H",2,2,1,-9,0,0,4,0
"H",2,2,1,0,0,0,2028,1089
"H",2,2,1,0,0,1,12,7
"H",2,2,1,0,0,2,5,2
"H",2,2,1,0,1,0,11,6
"H",2,2,1,0,1,1,8,5
"H",2,2,1,0,1,2,5,2
"H",2,2,1,0,2,0,3,1
"H",2,2,1,0,2,1,4,3
"H",2,2,1,0,2,2,5,3
"H",2,2,1,0,3,0,1,0
"H",2,2,1,0,3,1,2,1
"H",2,2,1,0,3,2,5,4
"H",2,2,1,1,0,0,647,433
"H",2,2,1,1,0,1,1,0
"H",2,2,1,1,1,0,1,1
"H",2,2,1,1,1,1,1,0
"H",2,2,1,1,1,2,1,0
"H",2,2,1,1,2,0,1,1
"H",2,2,1,1,3,0,1,1
"H",2,2,1,1,3,1,1,1
"H",2,2,1,2,0,0,330,255
"H",2,2,1,3,0,0,137,117
"H",2,2,1,3,1,0,1,1
"H",2,2,1,4,0,0,68,60
"H",2,2,1,5,0,0,31,30
"H",2,2,1,6,0,0,8,8
"H",2,2,1,7,0,0,18,18
"H",2,2,1,8,0,0,2,2
"H",2,2,1,9,0,0,2,2
"H",2,2,2,-1,0,0,431,165
"H",2,2,2,-1,0,1,4,2
"H",2,2,2,-1,1,1,3,1
"H",2,2,2,-1,2,1,3,1
"H",2,2,2,-11,0,0,1,0
"H",2,2,2,-2,0,0,215,66
"H",2,2,2,-2,0,1,1,1
"H",2,2,2,-2,0,2,1,1
"H",2,2,2,-2,1,0,1,1
"H",2,2,2,-2,1,1,1,1
"H",2,2,2,-3,0,0,119,25
"H",2,2,2,-4,0,0,43,7
"H",2,2,2,-5,0,0,40,3
"H",2,2,2,-6,0,0,18,3
"H",2,2,2,-7,0,0,4,1
"H",2,2,2,-8,0,0,5,0
"H",2,2,2,-9,0,0,1,0
"H",2,2,2,0,0,0,998,556
"H",2,2,2,0,0,1,5,4
"H",2,2,2,0,0,2,2,1
"H",2,2,2,0,1,0,1,1
"H",2,2,2,0,1,1,1,1
"H",2,2,2,1,0,0,426,302
"H",2,2,2,1,0,1,1,1
"H",2,2,2,1,0,2,1,1
"H",2,2,2,11,0,0,1,1
"H",2,2,2,2,0,0,232,182
"H",2,2,2,3,0,0,121,101
"H",2,2,2,3,1,0,1,1
"H",2,2,2,3,1,1,1,1
"H",2,2,2,4,0,0,45,43
"H",2,2,2,5,0,0,34,33
"H",2,2,2,6,0,0,15,14
"H",2,2,2,7,0,0,13,13
"H",2,2,2,8,0,0,3,3
"H",2,2,2,9,0,0,2,2
"H",2,2,3,-1,0,0,260,111
"H",2,2,3,-1,0,1,3,1
"H",2,2,3,-1,0,2,1,0
"H",2,2,3,-1,1,0,1,1
"H",2,2,3,-1,1,1,2,1
"H",2,2,3,-1,1,2,1,1
"H",2,2,3,-1,2,1,1,0
"H",2,2,3,-1,2,2,1,0
"H",2,2,3,-2,0,0,104,35
"H",2,2,3,-3,0,0,55,15
"H",2,2,3,-4,0,0,17,0
"H",2,2,3,-5,0,0,11,2
"H",2,2,3,-6,0,0,12,0
"H",2,2,3,-7,0,0,3,1
"H",2,2,3,-8,0,0,1,0
"H",2,2,3,0,0,0,608,351
"H",2,2,3,0,0,1,4,4
"H",2,2,3,0,0,2,2,2
"H",2,2,3,0,1,1,1,1
"H",2,2,3,0,1,2,1,1
"H",2,2,3,0,2,2,1,1
"H",2,2,3,1,0,0,310,234
"H",2,2,3,2,0,0,163,138
"H",2,2,3,3,0,0,102,88
"H",2,2,3,4,0,0,55,50
"H",2,2,3,5,0,0,33,31
"H",2,2,3,6,0,0,12,11
"H",2,2,3,7,0,0,8,8
"H",2,2,3,8,0,0,2,2
"H",2,2,3,9,0,0,4,4
"H",2,2,4,-1,0,0,136,60
"H",2,2,4,-10,0,0,1,0
"H",2,2,4,-2,0,0,80,25
"H",2,2,4,-3,0,0,40,6
"H",2,2,4,-4,0,0,17,0
"H",2,2,4,-5,0,0,8,0
"H",2,2,4,-6,0,0,3,0
"H",2,2,4,-7,0,0,4,0
"H",2,2,4,-8,0,0,2,0
"H",2,2,4,-9,0,0,1,0
"H",2,2,4,0,0,0,309,192
"H",2,2,4,1,0,0,172,123
"H",2,2,4,1,1,0,1,1
"H",2,2,4,1,1,1,1,1
"H",2,2,4,10,0,0,3,3
"H",2,2,4,2,0,0,112,88
"H",2,2,4,2,1,0,1,1
"H",2,2,4,3,0,0,43,36
"H",2,2,4,4,0,0,27,22
"H",2,2,4,5,0,0,19,19
"H",2,2,4,6,0,0,7,7
"H",2,2,4,7,0,0,4,4
"H",2,2,4,8,0,0,2,2
"H",2,2,5,-1,0,0,114,52
"H",2,2,5,-2,0,0,53,12
"H",2,2,5,-2,0,1,1,0
"H",2,2,5,-2,0,2,1,0
"H",2,2,5,-2,1,2,1,0
"H",2,2,5,-2,2,2,1,0
"H",2,2,5,-2,3,2,1,0
"H",2,2,5,-3,0,0,25,4
"H",2,2,5,-4,0,0,9,2
"H",2,2,5,-6,0,0,3,0
"H",2,2,5,-8,0,0,1,0
"H",2,2,5,0,0,0,274,158
"H",2,2,5,1,0,0,150,103
"H",2,2,5,1,0,1,1,1
"H",2,2,5,1,0,2,1,1
"H",2,2,5,1,1,2,1,1
"H",2,2,5,1,2,2,1,1
"H",2,2,5,1,3,2,1,1
"H",2,2,5,2,0,0,85,67
"H",2,2,5,3,0,0,40,38
"H",2,2,5,4,0,0,35,32
"H",2,2,5,5,0,0,16,15
"H",2,2,5,6,0,0,9,9
"H",2,2,5,7,0,0,7,7
"H",2,2,5,8,0,0,2,2
"H",2,2,6,-1,0,0,88,35
"H",2,2,6,-2,0,0,30,8
"H",2,2,6,-2,1,0,1,0
"H",2,2,6,-2,2,0,1,0
"H",2,2,6,-2,3,0,1,0
"H",2,2,6,-2,3,1,1,0
"H",2,2,6,-2,3,2,1,0
"H",2,2,6,-3,0,0,11,1
"H",2,2,6,-4,0,0,8,1
"H",2,2,6,-6,0,0,1,0
"H",2,2,6,0,0,0,188,122
"H",2,2,6,1,0,0,112,78
"H",2,2,6,1,1,0,1,1
"H",2,2,6,10,0,0,1,1
"H",2,2,6,11,0,0,1,1
"H",2,2,6,2,0,0,61,54
"H",2,2,6,3,0,0,30,24
"H",2,2,6,4,0,0,18,17
"H",2,2,6,5,0,0,12,12
"H",2,2,6,6,0,0,4,4
"H",2,2,6,7,0,0,1,1
"H",2,2,6,8,0,0,1,1
"H",2,2,6,9,0,0,3,3
"H",2,2,7,-1,0,0,75,37
"H",2,2,7,-2,0,0,40,16
"H",2,2,7,-3,0,0,16,1
"H",2,2,7,-4,0,0,3,0
"H",2,2,7,-5,0,0,3,0
"H",2,2,7,-6,0,0,4,0
"H",2,2,7,0,0,0,146,84
"H",2,2,7,0,0,1,1,1
"H",2,2,7,0,0,2,1,1
"H",2,2,7,0,1,0,1,0
"H",2,2,7,0,1,1,1,0
"H",2,2,7,0,1,2,2,1
"H",2,2,7,0,2,2,1,1
"H",2,2,7,1,0,0,89,59
"H",2,2,7,10,0,0,2,2
"H",2,2,7,2,0,0,54,48
"H",2,2,7,3,0,0,30,25
"H",2,2,7,4,0,0,20,18
"H",2,2,7,5,0,0,10,10
"H",2,2,7,6,0,0,4,4
"H",2,2,7,7,0,0,3,3
"H",2,2,7,8,0,0,2,2
"H",2,2,8,-1,0,0,56,25
"H",2,2,8,-2,0,0,34,11
"H",2,2,8,-2,0,1,1,0
"H",2,2,8,-3,0,0,12,2
"H",2,2,8,-4,0,0,1,0
"H",2,2,8,-5,0,0,2,0
"H",2,2,8,-6,0,0,1,0
"H",2,2,8,-7,0,0,2,0
"H",2,2,8,-8,0,0,1,0
"H",2,2,8,0,0,0,121,78
"H",2,2,8,0,0,1,1,1
"H",2,2,8,0,1,0,1,1
"H",2,2,8,0,2,0,1,1
"H",2,2,8,1,0,0,62,36
"H",2,2,8,10,0,0,1,1
"H",2,2,8,2,0,0,51,45
"H",2,2,8,3,0,0,22,20
"H",2,2,8,4,0,0,13,12
"H",2,2,8,5,0,0,4,4
"H",2,2,8,6,0,0,2,2
"H",2,2,8,7,0,0,1,1
"H",2,2,8,8,0,0,2,2
"H",3,0,1,-1,0,0,1594,675
"H",3,0,1,-1,0,1,7,1
"H",3,0,1,-1,0,2,3,1
"H",3,0,1,-1,1,0,8,6
"H",3,0,1,-1,1,1,6,3
"H",3,0,1,-1,1,2,7,2
"H",3,0,1,-1,2,0,2,2
"H",3,0,1,-1,2,1,2,2
"H",3,0,1,-1,2,2,3,2
"H",3,0,1,-1,3,1,1,1
"H",3,0,1,-1,3,2,3,3
"H",3,0,1,-10,0,0,2,0
"H",3,0,1,-11,0,0,4,0
"H",3,0,1,-12,0,0,1,0
"H",3,0,1,-15,0,0,1,0
"H",3,0,1,-2,0,0,916,307
"H",3,0,1,-2,0,1,1,0
"H",3,0,1,-2,0,2,1,0
"H",3,0,1,-2,1,0,2,2
"H",3,0,1,-2,1,1,1,1
"H",3,0,1,-3,0,0,585,119
"H",3,0,1,-3,1,0,2,1
"H",3,0,1,-3,2,0,1,0
"H",3,0,1,-3,2,1,1,0
"H",3,0,1,-3,3,1,1,0
"H",3,0,1,-4,0,0,294,39
"H",3,0,1,-5,0,0,157,13
"H",3,0,1,-5,1,0,1,0
"H",3,0,1,-5,2,0,1,0
"H",3,0,1,-5,2,1,1,0
"H",3,0,1,-6,0,0,90,7
"H",3,0,1,-6,1,0,1,0
"H",3,0,1,-6,1,1,1,0
"H",3,0,1,-7,0,0,35,3
"H",3,0,1,-8,0,0,20,0
"H",3,0,1,-9,0,0,9,0
"H",3,0,1,0,0,0,2859,1677
"H",3,0,1,0,0,1,15,9
"H",3,0,1,0,0,2,6,4
"H",3,0,1,0,1,0,7,5
"H",3,0,1,0,1,1,11,7
"H",3,0,1,0,1,2,8,5
"H",3,0,1,0,2,0,1,1
"H",3,0,1,0,2,1,2,2
"H",3,0,1,0,2,2,3,2
"H",3,0,1,0,3,0,1,1
"H",3,0,1,0,3,1,1,1
"H",3,0,1,0,3,2,2,2
"H",3,0,1,1,0,0,1246,919
"H",3,0,1,1,0,1,2,1
"H",3,0,1,1,0,2,1,0
"H",3,0,1,10,0,0,4,4
"H",3,0,1,11,0,0,2,2
"H",3,0,1,2,0,0,686,579
"H",3,0,1,3,0,0,306,272
"H",3,0,1,3,0,1,2,2
"H",3,0,1,3,0,2,1,1
"H",3,0,1,3,1,1,1,1
"H",3,0,1,3,1,2,1,1
"H",3,0,1,4,0,0,157,145
"H",3,0,1,5,0,0,89,86
"H",3,0,1,6,0,0,46,44
"H",3,0,1,7,0,0,31,31
"H",3,0,1,8,0,0,7,7
"H",3,0,1,9,0,0,5,5
"H",3,0,2,-1,0,0,423,209
"H",3,0,2,-1,0,1,2,1
"H",3,0,2,-1,0,2,1,0
"H",3,0,2,-1,1,0,1,1
"H",3,0,2,-1,1,1,2,2
"H",3,0,2,-1,2,1,1,1
"H",3,0,2,-1,2,2,1,1
"H",3,0,2,-10,0,0,2,0
"H",3,0,2,-11,0,0,1,0
"H",3,0,2,-15,0,0,1,0
"H",3,0,2,-2,0,0,267,101
"H",3,0,2,-3,0,0,167,36
"H",3,0,2,-3,1,0,1,1
"H",3,0,2,-4,0,0,78,12
"H",3,0,2,-5,0,0,39,2
"H",3,0,2,-6,0,0,16,0
"H",3,0,2,-7,0,0,13,2
"H",3,0,2,-8,0,0,5,0
"H",3,0,2,-9,0,0,1,0
"H",3,0,2,0,0,0,723,461
"H",3,0,2,0,0,1,2,2
"H",3,0,2,0,1,0,1,0
"H",3,0,2,0,1,1,2,1
"H",3,0,2,1,0,0,352,268
"H",3,0,2,10,0,0,1,1
"H",3,0,2,2,0,0,228,200
"H",3,0,2,3,0,0,90,79
"H",3,0,2,4,0,0,56,53
"H",3,0,2,5,0,0,28,28
"H",3,0,2,6,0,0,13,13
"H",3,0,2,7,0,0,9,9
"H",3,0,2,8,0,0,2,2
"H",3,0,2,9,0,0,2,2
"H",3,0,3,-1,0,0,75,38
"H",3,0,3,-2,0,0,38,18
"H",3,0,3,-3,0,0,34,9
"H",3,0,3,-4,0,0,15,4
"H",3,0,3,-5,0,0,8,0
"H",3,0,3,-6,0,0,6,0
"H",3,0,3,-6,1,0,1,0
"H",3,0,3,-7,0,0,2,0
"H",3,0,3,-9,0,0,1,0
"H",3,0,3,0,0,0,137,93
"H",3,0,3,1,0,0,75,56
"H",3,0,3,10,0,0,1,1
"H",3,0,3,2,0,0,56,46
"H",3,0,3,2,0,1,1,1
"H",3,0,3,2,1,1,1,1
"H",3,0,3,3,0,0,31,28
"H",3,0,3,4,0,0,17,15
"H",3,0,3,5,0,0,11,11
"H",3,0,3,6,0,0,5,4
"H",3,0,3,7,0,0,4,4
"H",3,0,3,8,0,0,1,1
"H",3,0,3,9,0,0,1,1
"H",3,0,4,-1,0,0,73,44
"H",3,0,4,-2,0,0,59,26
"H",3,0,4,-3,0,0,43,9
"H",3,0,4,-4,0,0,19,4
"H",3,0,4,-5,0,0,6,1
"H",3,0,4,-6,0,0,6,0
"H",3,0,4,-7,0,0,4,0
"H",3,0,4,0,0,0,131,89
"H",3,0,4,0,0,1,2,2
"H",3,0,4,0,0,2,1,1
"H",3,0,4,0,1,2,1,1
"H",3,0,4,0,2,2,1,1
"H",3,0,4,0,3,2,1,1
"H",3,0,4,1,0,0,86,74
"H",3,0,4,2,0,0,52,47
"H",3,0,4,3,0,0,19,17
"H",3,0,4,4,0,0,18,18
"H",3,0,4,5,0,0,9,9
"H",3,0,4,6,0,0,1,1
"H",3,0,4,7,0,0,1,1
"H",3,0,4,8,0,0,1,1
"H",3,0,5,-1,0,0,30,12
"H",3,0,5,-2,0,0,11,4
"H",3,0,5,-3,0,0,18,6
"H",3,0,5,-4,0,0,7,1
"H",3,0,5,-6,0,0,2,0
"H",3,0,5,-7,0,0,1,0
"H",3,0,5,0,0,0,56,42
"H",3,0,5,1,0,0,27,22
"H",3,0,5,2,0,0,25,25
"H",3,0,5,3,0,0,15,15
"H",3,0,5,4,0,0,7,7
"H",3,0,5,5,0,0,3,3
"H",3,0,5,6,0,0,2,2
"H",3,0,5,7,0,0,2,2
"H",3,0,5,8,0,0,1,1
"H",3,0,6,-1,0,0,33,16
"H",3,0,6,-2,0,0,13,6
"H",3,0,6,-3,0,0,12,3
"H",3,0,6,-4,0,0,6,1
"H",3,0,6,-5,0,0,4,0
"H",3,0,6,-6,0,0,3,0
"H",3,0,6,-6,1,0,1,0
"H",3,0,6,-6,1,1,1,0
"H",3,0,6,-6,1,2,1,0
"H",3,0,6,-7,0,0,2,0
"H",3,0,6,-9,0,0,1,0
"H",3,0,6,0,0,0,47,38
"H",3,0,6,1,0,0,29,23
"H",3,0,6,2,0,0,30,26
"H",3,0,6,3,0,0,11,10
"H",3,0,6,4,0,0,4,4
"H",3,0,6,5,0,0,2,2
"H",3,0,7,-1,0,0,26,18
"H",3,0,7,-2,0,0,11,8
"H",3,0,7,-3,0,0,6,2
"H",3,0,7,-4,0,0,3,1
"H",3,0,7,-5,0,0,1,0
"H",3,0,7,-6,0,0,2,0
"H",3,0,7,-7,0,0,2,1
"H",3,0,7,-8,0,0,1,0
"H",3,0,7,0,0,0,17,12
"H",3,0,7,1,0,0,21,15
"H",3,0,7,2,0,0,20,18
"H",3,0,7,3,0,0,8,8
"H",3,0,7,4,0,0,7,7
"H",3,0,7,5,0,0,4,4
"H",3,0,8,-1,0,0,19,12
"H",3,0,8,-2,0,0,18,8
"H",3,0,8,-3,0,0,15,6
"H",3,0,8,-4,0,0,4,1
"H",3,0,8,-5,0,0,3,0
"H",3,0,8,-6,0,0,4,0
"H",3,0,8,-7,0,0,3,0
"H",3,0,8,0,0,0,34,28
"H",3,0,8,1,0,0,29,27
"H",3,0,8,2,0,0,23,22
"H",3,0,8,3,0,0,8,6
"H",3,0,8,4,0,0,4,4
"H",3,0,8,5,0,0,3,3
"H",3,1,1,-1,0,0,1125,448
"H",3,1,1,-1,0,1,5,1
"H",3,1,1,-1,0,2,3,0
"H",3,1,1,-1,1,0,6,2
"H",3,1,1,-1,1,1,1,1
"H",3,1,1,-1,1,2,1,1
"H",3,1,1,-1,2,0,4,1
"H",3,1,1,-1,2,1,3,1
"H",3,1,1,-1,2,2,3,2
"H",3,1,1,-1,3,0,1,0
"H",3,1,1,-1,3,1,2,0
"H",3,1,1,-1,3,2,3,2
"H",3,1,1,-11,0,0,3,0
"H",3,1,1,-12,0,0,1,0
"H",3,1,1,-2,0,0,632,195
"H",3,1,1,-2,0,1,1,1
"H",3,1,1,-2,1,0,1,0
"H",3,1,1,-2,1,1,2,1
"H",3,1,1,-2,1,2,1,0
"H",3,1,1,-2,2,1,1,1
"H",3,1,1,-2,3,1,1,1
"H",3,1,1,-3,0,0,384,75
"H",3,1,1,-3,1,0,1,0
"H",3,1,1,-4,0,0,202,23
"H",3,1,1,-5,0,0,117,11
"H",3,1,1,-5,0,1,1,0
"H",3,1,1,-5,0,2,1,0
"H",3,1,1,-6,0,0,66,7
"H",3,1,1,-7,0,0,18,1
"H",3,1,1,-8,0,0,15,0
"H",3,1,1,-9,0,0,7,0
"H",3,1,1,0,0,0,2040,1140
"H",3,1,1,0,0,1,8,6
"H",3,1,1,0,0,2,2,2
"H",3,1,1,0,1,0,9,5
"H",3,1,1,0,1,1,10,6
"H",3,1,1,0,1,2,7,5
"H",3,1,1,0,2,0,2,2
"H",3,1,1,0,2,1,3,2
"H",3,1,1,0,2,2,3,1
"H",3,1,1,0,3,1,2,1
"H",3,1,1,0,3,2,3,1
"H",3,1,1,1,0,0,898,651
"H",3,1,1,1,1,0,1,1
"H",3,1,1,1,1,1,1,1
"H",3,1,1,1,1,2,1,1
"H",3,1,1,1,2,2,1,1
"H",3,1,1,1,3,2,1,1
"H",3,1,1,10,0,0,2,2
"H",3,1,1,11,0,0,3,3
"H",3,1,1,2,0,0,465,381
"H",3,1,1,2,0,1,1,1
"H",3,1,1,2,1,1,1,1
"H",3,1,1,2,1,2,1,1
"H",3,1,1,2,2,2,1,1
"H",3,1,1,2,3,2,1,1
"H",3,1,1,3,0,0,232,206
"H",3,1,1,3,0,1,1,1
"H",3,1,1,3,1,0,1,1
"H",3,1,1,3,1,1,1,1
"H",3,1,1,4,0,0,124,114
"H",3,1,1,5,0,0,67,64
"H",3,1,1,6,0,0,38,37
"H",3,1,1,7,0,0,23,23
"H",3,1,1,8,0,0,8,8
"H",3,1,1,9,0,0,4,4
"H",3,1,2,-1,0,0,442,183
"H",3,1,2,-1,0,1,1,1
"H",3,1,2,-1,1,0,1,0
"H",3,1,2,-1,1,1,2,1
"H",3,1,2,-1,2,1,2,1
"H",3,1,2,-1,2,2,2,1
"H",3,1,2,-10,0,0,2,0
"H",3,1,2,-11,0,0,1,0
"H",3,1,2,-12,0,0,1,0
"H",3,1,2,-15,0,0,1,0
"H",3,1,2,-2,0,0,310,103
"H",3,1,2,-2,0,1,1,1
"H",3,1,2,-3,0,0,169,44
"H",3,1,2,-3,1,0,1,1
"H",3,1,2,-3,2,0,1,1
"H",3,1,2,-3,3,0,1,1
"H",3,1,2,-3,3,1,1,1
"H",3,1,2,-3,3,2,1,1
"H",3,1,2,-4,0,0,101,11
"H",3,1,2,-5,0,0,45,6
"H",3,1,2,-6,0,0,27,2
"H",3,1,2,-7,0,0,13,1
"H",3,1,2,-8,0,0,7,0
"H",3,1,2,-9,0,0,3,0
"H",3,1,2,0,0,0,824,504
"H",3,1,2,0,0,1,2,2
"H",3,1,2,0,1,0,4,2
"H",3,1,2,0,1,1,2,2
"H",3,1,2,0,1,2,1,1
"H",3,1,2,0,2,0,1,1
"H",3,1,2,0,3,0,1,1
"H",3,1,2,1,0,0,373,291
"H",3,1,2,2,0,0,238,195
"H",3,1,2,3,0,0,146,131
"H",3,1,2,3,0,1,1,1
"H",3,1,2,3,1,1,1,1
"H",3,1,2,3,1,2,1,1
"H",3,1,2,3,2,2,1,1
"H",3,1,2,4,0,0,75,69
"H",3,1,2,5,0,0,44,42
"H",3,1,2,6,0,0,18,18
"H",3,1,2,7,0,0,15,15
"H",3,1,2,8,0,0,4,4
"H",3,1,2,9,0,0,3,3
"H",3,1,3,-1,0,0,219,106
"H",3,1,3,-1,0,1,1,1
"H",3,1,3,-12,0,0,1,0
"H",3,1,3,-2,0,0,96,43
"H",3,1,3,-3,0,0,48,10
"H",3,1,3,-4,0,0,31,8
"H",3,1,3,-5,0,0,21,2
"H",3,1,3,-6,0,0,6,0
"H",3,1,3,-7,0,0,7,1
"H",3,1,3,-8,0,0,3,0
"H",3,1,3,-9,0,0,1,0
"H",3,1,3,0,0,0,412,266
"H",3,1,3,0,0,1,3,2
"H",3,1,3,0,0,2,1,1
"H",3,1,3,0,1,0,1,0
"H",3,1,3,0,1,1,1,1
"H",3,1,3,0,1,2,1,1
"H",3,1,3,0,2,0,1,0
"H",3,1,3,0,2,2,1,1
"H",3,1,3,0,3,2,1,1
"H",3,1,3,1,0,0,259,187
"H",3,1,3,10,0,0,1,1
"H",3,1,3,2,0,0,185,165
"H",3,1,3,3,0,0,79,76
"H",3,1,3,4,0,0,63,60
"H",3,1,3,5,0,0,28,26
"H",3,1,3,6,0,0,12,11
"H",3,1,3,7,0,0,7,7
"H",3,1,3,9,0,0,2,2
"H",3,1,4,-1,0,0,135,63
"H",3,1,4,-1,0,1,1,1
"H",3,1,4,-2,0,0,107,40
"H",3,1,4,-3,0,0,64,18
"H",3,1,4,-4,0,0,37,5
"H",3,1,4,-5,0,0,19,4
"H",3,1,4,-6,0,0,7,0
"H",3,1,4,-7,0,0,4,1
"H",3,1,4,-8,0,0,1,0
"H",3,1,4,-9,0,0,1,0
"H",3,1,4,0,0,0,237,158
"H",3,1,4,0,0,1,3,3
"H",3,1,4,0,0,2,2,2
"H",3,1,4,0,1,2,2,2
"H",3,1,4,0,2,2,1,1
"H",3,1,4,1,0,0,149,117
"H",3,1,4,2,0,0,81,67
"H",3,1,4,3,0,0,41,40
"H",3,1,4,4,0,0,29,27
"H",3,1,4,5,0,0,18,18
"H",3,1,4,6,0,0,7,7
"H",3,1,4,7,0,0,3,3
"H",3,1,4,8,0,0,1,1
"H",3,1,4,9,0,0,1,1
"H",3,1,5,-1,0,0,75,38
"H",3,1,5,-2,0,0,33,15
"H",3,1,5,-3,0,0,23,6
"H",3,1,5,-4,0,0,10,1
"H",3,1,5,-5,0,0,4,0
"H",3,1,5,-6,0,0,2,1
"H",3,1,5,-7,0,0,1,0
"H",3,1,5,-8,0,0,1,0
"H",3,1,5,0,0,0,136,95
"H",3,1,5,1,0,0,117,91
"H",3,1,5,10,0,0,1,1
"H",3,1,5,2,0,0,73,64
"H",3,1,5,2,0,1,1,1
"H",3,1,5,2,1,1,1,1
"H",3,1,5,3,0,0,47,41
"H",3,1,5,4,0,0,31,29
"H",3,1,5,5,0,0,21,19
"H",3,1,5,6,0,0,10,9
"H",3,1,5,7,0,0,3,3
"H",3,1,5,8,0,0,4,4
"H",3,1,6,-1,0,0,62,35
"H",3,1,6,-2,0,0,27,12
"H",3,1,6,-3,0,0,18,5
"H",3,1,6,-4,0,0,13,3
"H",3,1,6,-5,0,0,5,1
"H",3,1,6,-6,0,0,2,0
"H",3,1,6,-6,1,0,1,0
"H",3,1,6,-6,2,0,1,0
"H",3,1,6,-6,3,0,1,0
"H",3,1,6,-6,3,1,1,0
"H",3,1,6,-7,0,0,1,0
"H",3,1,6,-8,0,0,1,0
"H",3,1,6,0,0,0,125,90
"H",3,1,6,0,0,1,1,0
"H",3,1,6,0,1,1,1,0
"H",3,1,6,1,0,0,82,64
"H",3,1,6,1,0,1,2,2
"H",3,1,6,1,0,2,2,2
"H",3,1,6,1,1,2,1,1
"H",3,1,6,10,0,0,1,1
"H",3,1,6,2,0,0,58,51
"H",3,1,6,3,0,0,45,43
"H",3,1,6,4,0,0,23,22
"H",3,1,6,5,0,0,13,13
"H",3,1,6,6,0,0,5,5
"H",3,1,6,7,0,0,3,3
"H",3,1,7,-1,0,0,57,35
"H",3,1,7,-2,0,0,33,19
"H",3,1,7,-3,0,0,16,5
"H",3,1,7,-4,0,0,9,3
"H",3,1,7,-5,0,0,3,0
"H",3,1,7,-6,0,0,1,0
"H",3,1,7,-7,0,0,1,1
"H",3,1,7,0,0,0,108,70
"H",3,1,7,0,0,1,2,1
"H",3,1,7,0,0,2,1,0
"H",3,1,7,1,0,0,86,71
"H",3,1,7,1,0,1,1,0
"H",3,1,7,1,0,2,1,0
"H",3,1,7,2,0,0,62,54
"H",3,1,7,3,0,0,27,25
"H",3,1,7,4,0,0,23,21
"H",3,1,7,5,0,0,9,9
"H",3,1,7,6,0,0,1,1
"H",3,1,7,7,0,0,1,1
"H",3,1,8,-1,0,0,38,19
"H",3,1,8,-2,0,0,40,20
"H",3,1,8,-3,0,0,25,11
"H",3,1,8,-4,0,0,9,3
"H",3,1,8,-5,0,0,6,1
"H",3,1,8,-6,0,0,2,0
"H",3,1,8,-8,0,0,1,0
"H",3,1,8,-9,0,0,1,0
"H",3,1,8,0,0,0,74,58
"H",3,1,8,1,0,0,59,51
"H",3,1,8,2,0,0,35,31
"H",3,1,8,3,0,0,24,22
"H",3,1,8,4,0,0,8,7
"H",3,1,8,5,0,0,8,8
"H",3,1,8,6,0,0,3,3
"H",3,1,8,7,0,0,4,4
"H",3,1,8,8,0,0,1,1
"H",3,1,8,9,0,0,1,1
"H",3,2,1,-1,0,0,864,329
"H",3,2,1,-1,0,1,6,1
"H",3,2,1,-1,0,2,2,0
"H",3,2,1,-1,1,0,3,1
"H",3,2,1,-1,1,1,5,2
"H",3,2,1,-1,1,2,3,2
"H",3,2,1,-1,2,0,1,0
"H",3,2,1,-1,2,1,3,0
"H",3,2,1,-1,2,2,3,1
"H",3,2,1,-1,3,1,1,0
"H",3,2,1,-1,3,2,2,1
"H",3,2,1,-11,0,0,3,0
"H",3,2,1,-11,0,1,1,0
"H",3,2,1,-2,0,0,474,128
"H",3,2,1,-2,0,1,1,0
"H",3,2,1,-3,0,0,307,48
"H",3,2,1,-3,0,1,1,0
"H",3,2,1,-3,1,1,1,0
"H",3,2,1,-3,2,1,1,0
"H",3,2,1,-4,0,0,141,13
"H",3,2,1,-5,0,0,83,6
"H",3,2,1,-5,1,0,2,0
"H",3,2,1,-5,1,1,2,0
"H",3,2,1,-5,1,2,2,0
"H",3,2,1,-6,0,0,47,4
"H",3,2,1,-7,0,0,8,0
"H",3,2,1,-8,0,0,10,0
"H",3,2,1,-9,0,0,5,0
"H",3,2,1,0,0,0,1550,828
"H",3,2,1,0,0,1,5,1
"H",3,2,1,0,0,2,1,0
"H",3,2,1,0,1,0,6,5
"H",3,2,1,0,1,1,5,2
"H",3,2,1,0,1,2,1,1
"H",3,2,1,0,2,0,4,4
"H",3,2,1,0,2,1,5,3
"H",3,2,1,0,2,2,1,1
"H",3,2,1,0,3,0,1,1
"H",3,2,1,0,3,1,2,2
"H",3,2,1,0,3,2,1,1
"H",3,2,1,1,0,0,749,526
"H",3,2,1,1,1,0,1,1
"H",3,2,1,10,0,0,2,2
"H",3,2,1,11,0,0,3,3
"H",3,2,1,2,0,0,392,311
"H",3,2,1,2,0,1,1,1
"H",3,2,1,3,0,0,220,192
"H",3,2,1,3,0,1,1,1
"H",3,2,1,3,1,0,1,1
"H",3,2,1,3,1,1,1,1
"H",3,2,1,3,2,1,1,1
"H",3,2,1,4,0,0,136,128
"H",3,2,1,5,0,0,65,63
"H",3,2,1,6,0,0,38,37
"H",3,2,1,7,0,0,21,21
"H",3,2,1,8,0,0,6,6
"H",3,2,1,9,0,0,4,4
"H",3,2,2,-1,0,0,459,184
"H",3,2,2,-1,0,1,3,2
"H",3,2,2,-1,0,2,1,0
"H",3,2,2,-1,1,1,2,2
"H",3,2,2,-1,1,2,2,1
"H",3,2,2,-1,2,1,1,1
"H",3,2,2,-1,2,2,1,0
"H",3,2,2,-1,3,2,1,0
"H",3,2,2,-10,0,0,1,0
"H",3,2,2,-11,0,0,1,0
"H",3,2,2,-15,0,0,1,0
"H",3,2,2,-2,0,0,291,96
"H",3,2,2,-2,0,1,1,1
"H",3,2,2,-2,0,2,1,1
"H",3,2,2,-3,0,0,163,33
"H",3,2,2,-4,0,0,91,9
"H",3,2,2,-5,0,0,53,5
"H",3,2,2,-6,0,0,30,3
"H",3,2,2,-7,0,0,11,1
"H",3,2,2,-8,0,0,8,0
"H",3,2,2,-9,0,0,3,0
"H",3,2,2,0,0,0,802,447
"H",3,2,2,0,0,1,2,1
"H",3,2,2,0,0,2,1,0
"H",3,2,2,0,1,0,2,1
"H",3,2,2,1,0,0,417,302
"H",3,2,2,1,1,0,1,0
"H",3,2,2,1,1,1,1,0
"H",3,2,2,10,0,0,1,1
"H",3,2,2,11,0,0,3,3
"H",3,2,2,2,0,0,272,218
"H",3,2,2,2,0,1,2,2
"H",3,2,2,2,0,2,1,1
"H",3,2,2,3,0,0,171,147
"H",3,2,2,3,0,1,1,1
"H",3,2,2,3,1,0,1,1
"H",3,2,2,4,0,0,100,95
"H",3,2,2,5,0,0,56,56
"H",3,2,2,6,0,0,32,30
"H",3,2,2,7,0,0,22,22
"H",3,2,2,8,0,0,7,7
"H",3,2,2,9,0,0,3,3
"H",3,2,3,-1,0,0,247,104
"H",3,2,3,-1,1,0,1,1
"H",3,2,3,-1,1,1,1,1
"H",3,2,3,-12,0,0,1,0
"H",3,2,3,-2,0,0,133,45
"H",3,2,3,-3,0,0,70,8
"H",3,2,3,-4,0,0,40,7
"H",3,2,3,-5,0,0,20,2
"H",3,2,3,-6,0,0,5,0
"H",3,2,3,-7,0,0,5,0
"H",3,2,3,-8,0,0,2,0
"H",3,2,3,-9,0,0,1,0
"H",3,2,3,0,0,0,474,281
"H",3,2,3,0,1,0,1,1
"H",3,2,3,0,2,0,1,1
"H",3,2,3,0,3,0,1,1
"H",3,2,3,1,0,0,329,235
"H",3,2,3,1,0,1,2,2
"H",3,2,3,1,1,1,2,2
"H",3,2,3,1,1,2,1,1
"H",3,2,3,1,2,1,1,1
"H",3,2,3,1,2,2,1,1
"H",3,2,3,1,3,2,1,1
"H",3,2,3,10,0,0,1,1
"H",3,2,3,2,0,0,225,194
"H",3,2,3,3,0,0,121,108
"H",3,2,3,4,0,0,77,74
"H",3,2,3,5,0,0,41,36
"H",3,2,3,6,0,0,11,11
"H",3,2,3,7,0,0,12,12
"H",3,2,3,8,0,0,4,4
"H",3,2,3,9,0,0,2,2
"H",3,2,4,-1,0,0,140,65
"H",3,2,4,-10,0,0,1,0
"H",3,2,4,-2,0,0,113,38
"H",3,2,4,-3,0,0,64,13
"H",3,2,4,-4,0,0,40,9
"H",3,2,4,-5,0,0,18,6
"H",3,2,4,-6,0,0,11,1
"H",3,2,4,-7,0,0,4,0
"H",3,2,4,-8,0,0,5,0
"H",3,2,4,-9,0,0,2,0
"H",3,2,4,0,0,0,242,151
"H",3,2,4,0,0,1,2,2
"H",3,2,4,0,0,2,1,1
"H",3,2,4,0,1,1,1,1
"H",3,2,4,0,2,1,1,1
"H",3,2,4,1,0,0,141,104
"H",3,2,4,2,0,0,98,75
"H",3,2,4,3,0,0,60,51
"H",3,2,4,4,0,0,34,32
"H",3,2,4,5,0,0,22,22
"H",3,2,4,6,0,0,13,13
"H",3,2,4,7,0,0,4,4
"H",3,2,4,8,0,0,4,4
"H",3,2,5,-1,0,0,120,50
"H",3,2,5,-2,0,0,58,23
"H",3,2,5,-3,0,0,31,8
"H",3,2,5,-4,0,0,15,3
"H",3,2,5,-5,0,0,6,0
"H",3,2,5,-6,0,0,7,0
"H",3,2,5,-7,0,0,2,0
"H",3,2,5,-8,0,0,3,0
"H",3,2,5,-9,0,0,1,0
"H",3,2,5,0,0,0,198,124
"H",3,2,5,0,0,1,1,1
"H",3,2,5,0,0,2,1,1
"H",3,2,5,0,1,0,2,2
"H",3,2,5,0,1,1,1,1
"H",3,2,5,0,2,0,1,1
"H",3,2,5,0,2,1,1,1
"H",3,2,5,1,0,0,170,117
"H",3,2,5,1,0,1,1,1
"H",3,2,5,1,0,2,1,1
"H",3,2,5,1,1,2,1,1
"H",3,2,5,1,2,2,1,1
"H",3,2,5,10,0,0,2,2
"H",3,2,5,2,0,0,122,101
"H",3,2,5,3,0,0,76,68
"H",3,2,5,4,0,0,47,43
"H",3,2,5,5,0,0,35,32
"H",3,2,5,6,0,0,10,9
"H",3,2,5,7,0,0,7,7
"H",3,2,5,8,0,0,3,3
"H",3,2,6,-1,0,0,91,47
"H",3,2,6,-1,1,0,1,1
"H",3,2,6,-1,2,0,1,1
"H",3,2,6,-1,2,1,1,1
"H",3,2,6,-1,3,1,1,1
"H",3,2,6,-1,3,2,1,1
"H",3,2,6,-2,0,0,39,16
"H",3,2,6,-3,0,0,25,5
"H",3,2,6,-4,0,0,19,2
"H",3,2,6,-5,0,0,7,0
"H",3,2,6,-6,0,0,4,2
"H",3,2,6,-7,0,0,1,0
"H",3,2,6,-8,0,0,2,0
"H",3,2,6,-9,0,0,1,0
"H",3,2,6,0,0,0,131,84
"H",3,2,6,1,0,0,106,83
"H",3,2,6,1,1,0,1,1
"H",3,2,6,1,2,0,1,1
"H",3,2,6,1,3,0,1,1
"H",3,2,6,1,3,1,1,1
"H",3,2,6,2,0,0,76,66
"H",3,2,6,3,0,0,47,44
"H",3,2,6,4,0,0,25,23
"H",3,2,6,5,0,0,14,12
"H",3,2,6,6,0,0,3,3
"H",3,2,6,7,0,0,5,5
"H",3,2,6,8,0,0,2,2
"H",3,2,6,9,0,0,1,1
"H",3,2,7,-1,0,0,66,33
"H",3,2,7,-11,0,0,1,0
"H",3,2,7,-2,0,0,36,17
"H",3,2,7,-3,0,0,25,7
"H",3,2,7,-4,0,0,15,2
"H",3,2,7,-5,0,0,10,1
"H",3,2,7,-6,0,0,3,1
"H",3,2,7,-7,0,0,2,1
"H",3,2,7,-9,0,0,1,0
"H",3,2,7,0,0,0,120,66
"H",3,2,7,0,0,1,1,0
"H",3,2,7,0,1,0,1,1
"H",3,2,7,0,1,1,2,1
"H",3,2,7,0,1,2,1,1
"H",3,2,7,0,2,1,1,0
"H",3,2,7,1,0,0,83,64
"H",3,2,7,2,0,0,56,52
"H",3,2,7,3,0,0,27,21
"H",3,2,7,4,0,0,20,19
"H",3,2,7,5,0,0,8,8
"H",3,2,7,6,0,0,4,4
"H",3,2,7,7,0,0,3,3
"H",3,2,7,8,0,0,2,2
"H",3,2,7,9,0,0,1,1
"H",3,2,8,-1,0,0,46,20
"H",3,2,8,-2,0,0,36,15
"H",3,2,8,-3,0,0,25,7
"H",3,2,8,-4,0,0,14,1
"H",3,2,8,-5,0,0,8,2
"H",3,2,8,-6,0,0,4,0
"H",3,2,8,-8,0,0,2,0
"H",3,2,8,0,0,0,87,60
"H",3,2,8,1,0,0,57,46
"H",3,2,8,2,0,0,40,33
"H",3,2,8,3,0,0,23,22
"H",3,2,8,4,0,0,8,7
"H",3,2,8,5,0,0,4,4
"H",3,2,8,6,0,0,2,2
"H",3,2,8,7,0,0,3,3
"H",3,2,8,8,0,0,1,1
"H",4,0,1,-1,0,0,1532,614
"H",4,0,1,-1,0,1,6,2
"H",4,0,1,-1,0,2,6,2
"H",4,0,1,-1,1,0,3,1
"H",4,0,1,-1,1,1,1,0
"H",4,0,1,-1,1,2,4,1
"H",4,0,1,-1,2,0,1,1
"H",4,0,1,-1,2,1,1,1
"H",4,0,1,-1,2,2,1,1
"H",4,0,1,-1,3,2,1,1
"H",4,0,1,-10,0,0,3,0
"H",4,0,1,-11,0,0,4,0
"H",4,0,1,-12,0,0,2,0
"H",4,0,1,-13,0,0,1,0
"H",4,0,1,-15,0,0,1,0
"H",4,0,1,-2,0,0,978,290
"H",4,0,1,-2,0,1,3,2
"H",4,0,1,-2,1,0,3,0
"H",4,0,1,-2,1,1,4,2
"H",4,0,1,-2,2,0,1,0
"H",4,0,1,-2,3,0,1,0
"H",4,0,1,-2,3,1,1,0
"H",4,0,1,-2,3,2,1,0
"H",4,0,1,-3,0,0,655,127
"H",4,0,1,-3,0,1,5,3
"H",4,0,1,-3,0,2,3,2
"H",4,0,1,-3,1,1,1,1
"H",4,0,1,-3,1,2,2,2
"H",4,0,1,-3,2,2,2,2
"H",4,0,1,-3,3,2,2,2
"H",4,0,1,-4,0,0,363,47
"H",4,0,1,-5,0,0,215,12
"H",4,0,1,-5,0,1,1,0
"H",4,0,1,-5,1,0,1,0
"H",4,0,1,-5,1,1,2,0
"H",4,0,1,-5,1,2,1,0
"H",4,0,1,-5,2,1,1,0
"H",4,0,1,-6,0,0,123,6
"H",4,0,1,-6,0,1,1,0
"H",4,0,1,-7,0,0,51,3
"H",4,0,1,-8,0,0,32,0
"H",4,0,1,-9,0,0,16,0
"H",4,0,1,0,0,0,2150,1291
"H",4,0,1,0,0,1,8,6
"H",4,0,1,0,0,2,2,1
"H",4,0,1,0,1,0,6,5
"H",4,0,1,0,1,1,7,6
"H",4,0,1,0,1,2,4,4
"H",4,0,1,0,2,0,3,2
"H",4,0,1,0,2,1,4,2
"H",4,0,1,0,2,2,4,4
"H",4,0,1,0,3,0,2,2
"H",4,0,1,0,3,1,4,2
"H",4,0,1,0,3,2,4,3
"H",4,0,1,1,0,0,1276,964
"H",4,0,1,1,0,1,3,3
"H",4,0,1,1,0,2,3,3
"H",4,0,1,1,1,0,2,1
"H",4,0,1,1,1,1,2,1
"H",4,0,1,1,1,2,2,1
"H",4,0,1,1,2,1,1,1
"H",4,0,1,1,3,1,1,1
"H",4,0,1,1,3,2,1,1
"H",4,0,1,10,0,0,3,3
"H",4,0,1,11,0,0,3,3
"H",4,0,1,2,0,0,776,659
"H",4,0,1,2,0,1,1,0
"H",4,0,1,2,1,0,1,1
"H",4,0,1,2,1,1,1,0
"H",4,0,1,2,1,2,1,0
"H",4,0,1,2,2,0,1,1
"H",4,0,1,2,3,0,1,1
"H",4,0,1,3,0,0,435,398
"H",4,0,1,3,0,1,2,2
"H",4,0,1,3,1,1,1,1
"H",4,0,1,3,1,2,1,1
"H",4,0,1,3,2,2,1,1
"H",4,0,1,3,3,2,1,1
"H",4,0,1,4,0,0,278,263
"H",4,0,1,4,0,1,1,1
"H",4,0,1,4,0,2,1,1
"H",4,0,1,5,0,0,157,151
"H",4,0,1,6,0,0,79,78
"H",4,0,1,7,0,0,42,42
"H",4,0,1,8,0,0,19,19
"H",4,0,1,9,0,0,7,7
"H",4,0,2,-1,0,0,458,213
"H",4,0,2,-1,1,0,1,1
"H",4,0,2,-1,2,0,1,1
"H",4,0,2,-1,2,1,1,1
"H",4,0,2,-10,0,0,1,0
"H",4,0,2,-11,0,0,2,0
"H",4,0,2,-12,0,0,2,0
"H",4,0,2,-2,0,0,289,102
"H",4,0,2,-2,1,0,1,0
"H",4,0,2,-2,1,1,1,0
"H",4,0,2,-3,0,0,188,50
"H",4,0,2,-4,0,0,118,23
"H",4,0,2,-5,0,0,61,4
"H",4,0,2,-5,1,0,1,0
"H",4,0,2,-5,1,1,1,0
"H",4,0,2,-5,1,2,1,0
"H",4,0,2,-6,0,0,31,4
"H",4,0,2,-7,0,0,11,2
"H",4,0,2,-8,0,0,8,0
"H",4,0,2,-9,0,0,3,0
"H",4,0,2,0,0,0,648,410
"H",4,0,2,0,0,1,2,1
"H",4,0,2,0,0,2,1,1
"H",4,0,2,0,1,0,3,3
"H",4,0,2,0,1,1,2,1
"H",4,0,2,0,1,2,1,1
"H",4,0,2,0,2,2,1,1
"H",4,0,2,1,0,0,371,299
"H",4,0,2,1,0,1,1,1
"H",4,0,2,1,1,0,1,1
"H",4,0,2,11,0,0,2,2
"H",4,0,2,2,0,0,211,184
"H",4,0,2,3,0,0,137,125
"H",4,0,2,4,0,0,89,85
"H",4,0,2,5,0,0,54,51
"H",4,0,2,6,0,0,22,22
"H",4,0,2,7,0,0,14,14
"H",4,0,2,8,0,0,5,5
"H",4,0,2,9,0,0,1,1
"H",4,0,3,-1,0,0,94,53
"H",4,0,3,-1,0,1,1,0
"H",4,0,3,-2,0,0,56,22
"H",4,0,3,-2,0,1,1,1
"H",4,0,3,-2,0,2,1,1
"H",4,0,3,-2,1,0,2,0
"H",4,0,3,-2,1,1,1,0
"H",4,0,3,-2,1,2,1,1
"H",4,0,3,-2,2,0,1,0
"H",4,0,3,-2,3,0,1,0
"H",4,0,3,-3,0,0,37,10
"H",4,0,3,-3,0,1,1,1
"H",4,0,3,-3,1,1,1,1
"H",4,0,3,-3,2,1,1,1
"H",4,0,3,-3,2,2,1,1
"H",4,0,3,-4,0,0,21,4
"H",4,0,3,-5,0,0,11,1
"H",4,0,3,-6,0,0,12,2
"H",4,0,3,-7,0,0,2,1
"H",4,0,3,-8,0,0,4,0
"H",4,0,3,-9,0,0,1,0
"H",4,0,3,0,0,0,133,89
"H",4,0,3,0,0,1,1,1
"H",4,0,3,0,0,2,1,1
"H",4,0,3,1,0,0,115,98
"H",4,0,3,1,0,1,1,1
"H",4,0,3,1,1,0,1,1
"H",4,0,3,1,1,1,1,1
"H",4,0,3,2,0,0,67,56
"H",4,0,3,3,0,0,38,36
"H",4,0,3,3,0,1,1,1
"H",4,0,3,4,0,0,20,18
"H",4,0,3,5,0,0,10,10
"H",4,0,3,6,0,0,13,13
"H",4,0,3,7,0,0,5,5
"H",4,0,3,8,0,0,1,1
"H",4,0,4,-1,0,0,76,42
"H",4,0,4,-1,0,1,1,1
"H",4,0,4,-1,0,2,1,1
"H",4,0,4,-1,1,2,1,1
"H",4,0,4,-11,0,0,2,0
"H",4,0,4,-12,0,0,1,0
"H",4,0,4,-2,0,0,78,30
"H",4,0,4,-2,0,1,1,0
"H",4,0,4,-3,0,0,44,8
"H",4,0,4,-4,0,0,29,9
"H",4,0,4,-5,0,0,15,2
"H",4,0,4,-6,0,0,11,1
"H",4,0,4,-7,0,0,4,2
"H",4,0,4,-8,0,0,2,0
"H",4,0,4,-9,0,0,1,0
"H",4,0,4,0,0,0,116,82
"H",4,0,4,0,0,1,1,1
"H",4,0,4,0,0,2,1,1
"H",4,0,4,1,0,0,75,62
"H",4,0,4,1,0,1,1,1
"H",4,0,4,2,0,0,54,50
"H",4,0,4,3,0,0,26,25
"H",4,0,4,4,0,0,15,14
"H",4,0,4,5,0,0,11,11
"H",4,0,4,6,0,0,6,6
"H",4,0,4,7,0,0,2,2
"H",4,0,4,8,0,0,1,1
"H",4,0,5,-1,0,0,29,16
"H",4,0,5,-2,0,0,24,10
"H",4,0,5,-3,0,0,13,4
"H",4,0,5,-4,0,0,6,0
"H",4,0,5,-5,0,0,7,1
"H",4,0,5,-7,0,0,3,0
"H",4,0,5,-8,0,0,1,0
"H",4,0,5,-9,0,0,2,0
"H",4,0,5,0,0,0,48,32
"H",4,0,5,0,0,1,1,1
"H",4,0,5,1,0,0,53,43
"H",4,0,5,2,0,0,27,26
"H",4,0,5,3,0,0,9,9
"H",4,0,5,4,0,0,13,12
"H",4,0,5,5,0,0,7,7
"H",4,0,5,6,0,0,3,2
"H",4,0,5,7,0,0,3,3
"H",4,0,6,-1,0,0,50,32
"H",4,0,6,-2,0,0,24,14
"H",4,0,6,-2,1,0,1,1
"H",4,0,6,-2,2,0,1,1
"H",4,0,6,-2,2,1,1,1
"H",4,0,6,-3,0,0,17,9
"H",4,0,6,-4,0,0,5,0
"H",4,0,6,-5,0,0,5,0
"H",4,0,6,-6,0,0,5,0
"H",4,0,6,-7,0,0,2,0
"H",4,0,6,-8,0,0,3,0
"H",4,0,6,0,0,0,45,33
"H",4,0,6,0,1,0,1,1
"H",4,0,6,0,1,1,1,1
"H",4,0,6,0,2,1,1,1
"H",4,0,6,0,2,2,1,1
"H",4,0,6,1,0,0,40,31
"H",4,0,6,2,0,0,22,19
"H",4,0,6,3,0,0,10,10
"H",4,0,6,4,0,0,6,6
"H",4,0,6,5,0,0,7,7
"H",4,0,6,6,0,0,1,1
"H",4,0,6,7,0,0,2,2
"H",4,0,7,-1,0,0,29,19
"H",4,0,7,-2,0,0,18,8
"H",4,0,7,-3,0,0,11,4
"H",4,0,7,-4,0,0,4,2
"H",4,0,7,-5,0,0,2,0
"H",4,0,7,-6,0,0,1,0
"H",4,0,7,-9,0,0,1,0
"H",4,0,7,0,0,0,27,21
"H",4,0,7,1,0,0,19,18
"H",4,0,7,2,0,0,8,7
"H",4,0,7,3,0,0,8,7
"H",4,0,7,4,0,0,1,1
"H",4,0,7,5,0,0,1,1
"H",4,0,7,7,0,0,1,1
"H",4,0,7,8,0,0,1,1
"H",4,0,8,-1,0,0,27,21
"H",4,0,8,-2,0,0,13,8
"H",4,0,8,-3,0,0,11,3
"H",4,0,8,-4,0,0,6,3
"H",4,0,8,-5,0,0,5,0
"H",4,0,8,-6,0,0,3,0
"H",4,0,8,-8,0,0,1,0
"H",4,0,8,-9,0,0,1,0
"H",4,0,8,0,0,0,23,22
"H",4,0,8,1,0,0,26,25
"H",4,0,8,2,0,0,11,11
"H",4,0,8,3,0,0,9,8
"H",4,0,8,4,0,0,5,5
"H",4,0,8,5,0,0,3,3
"H",4,0,8,6,0,0,2,2
"H",4,1,1,-1,0,0,1036,378
"H",4,1,1,-1,0,1,3,1
"H",4,1,1,-1,0,2,2,1
"H",4,1,1,-1,1,0,4,1
"H",4,1,1,-1,1,1,1,0
"H",4,1,1,-1,1,2,3,1
"H",4,1,1,-1,2,0,3,1
"H",4,1,1,-1,2,1,3,1
"H",4,1,1,-1,2,2,1,0
"H",4,1,1,-1,3,1,2,1
"H",4,1,1,-1,3,2,2,1
"H",4,1,1,-10,0,0,2,0
"H",4,1,1,-11,0,0,1,0
"H",4,1,1,-13,0,0,1,0
"H",4,1,1,-15,0,0,1,0
"H",4,1,1,-2,0,0,657,174
"H",4,1,1,-2,0,1,1,0
"H",4,1,1,-2,1,1,1,0
"H",4,1,1,-2,1,2,1,0
"H",4,1,1,-3,0,0,443,69
"H",4,1,1,-3,0,1,2,0
"H",4,1,1,-3,0,2,1,0
"H",4,1,1,-3,1,0,1,1
"H",4,1,1,-3,1,1,1,0
"H",4,1,1,-3,1,2,2,0
"H",4,1,1,-4,0,0,226,21
"H",4,1,1,-5,0,0,144,7
"H",4,1,1,-5,1,0,1,0
"H",4,1,1,-5,2,0,1,0
"H",4,1,1,-5,3,0,1,0
"H",4,1,1,-5,3,1,1,0
"H",4,1,1,-5,3,2,1,0
"H",4,1,1,-6,0,0,84,2
"H",4,1,1,-7,0,0,36,0
"H",4,1,1,-8,0,0,21,0
"H",4,1,1,-9,0,0,13,0
"H",4,1,1,0,0,0,1452,835
"H",4,1,1,0,0,1,6,5
"H",4,1,1,0,0,2,2,2
"H",4,1,1,0,1,0,1,0
"H",4,1,1,0,1,1,3,1
"H",4,1,1,0,1,2,4,3
"H",4,1,1,0,2,1,1,0
"H",4,1,1,0,2,2,2,2
"H",4,1,1,0,3,2,1,1
"H",4,1,1,1,0,0,865,623
"H",4,1,1,1,0,1,1,1
"H",4,1,1,1,0,2,1,1
"H",4,1,1,1,1,0,1,1
"H",4,1,1,10,0,0,4,4
"H",4,1,1,11,0,0,1,1
"H",4,1,1,2,0,0,570,475
"H",4,1,1,2,0,1,2,1
"H",4,1,1,2,0,2,1,1
"H",4,1,1,2,1,0,1,1
"H",4,1,1,2,1,1,1,1
"H",4,1,1,3,0,0,311,283
"H",4,1,1,3,0,1,1,1
"H",4,1,1,3,1,1,1,1
"H",4,1,1,4,0,0,188,178
"H",4,1,1,5,0,0,109,104
"H",4,1,1,6,0,0,54,53
"H",4,1,1,7,0,0,27,27
"H",4,1,1,8,0,0,19,19
"H",4,1,1,9,0,0,7,7
"H",4,1,2,-1,0,0,423,166
"H",4,1,2,-1,0,1,2,0
"H",4,1,2,-1,0,2,1,0
"H",4,1,2,-1,1,0,2,1
"H",4,1,2,-1,1,1,2,1
"H",4,1,2,-1,1,2,1,0
"H",4,1,2,-1,2,1,1,0
"H",4,1,2,-1,2,2,2,0
"H",4,1,2,-10,0,0,2,0
"H",4,1,2,-11,0,0,1,0
"H",4,1,2,-12,0,0,1,0
"H",4,1,2,-13,0,0,1,0
"H",4,1,2,-2,0,0,319,114
"H",4,1,2,-3,0,0,215,48
"H",4,1,2,-4,0,0,139,15
"H",4,1,2,-5,0,0,80,4
"H",4,1,2,-5,0,1,1,0
"H",4,1,2,-5,0,2,1,0
"H",4,1,2,-6,0,0,44,2
"H",4,1,2,-6,0,1,1,0
"H",4,1,2,-6,0,2,1,0
"H",4,1,2,-6,1,2,1,0
"H",4,1,2,-7,0,0,12,0
"H",4,1,2,-8,0,0,5,0
"H",4,1,2,-9,0,0,4,0
"H",4,1,2,0,0,0,644,387
"H",4,1,2,0,0,1,1,0
"H",4,1,2,0,0,2,1,0
"H",4,1,2,0,1,0,2,2
"H",4,1,2,0,1,1,1,1
"H",4,1,2,0,1,2,1,0
"H",4,1,2,0,2,1,1,1
"H",4,1,2,0,2,2,1,0
"H",4,1,2,1,0,0,409,305
"H",4,1,2,1,1,0,1,1
"H",4,1,2,11,0,0,3,3
"H",4,1,2,2,0,0,264,226
"H",4,1,2,3,0,0,158,140
"H",4,1,2,3,0,1,1,1
"H",4,1,2,3,1,1,1,1
"H",4,1,2,4,0,0,99,96
"H",4,1,2,5,0,0,62,60
"H",4,1,2,6,0,0,26,26
"H",4,1,2,7,0,0,18,18
"H",4,1,2,8,0,0,17,17
"H",4,1,2,9,0,0,5,5
"H",4,1,3,-1,0,0,227,113
"H",4,1,3,-1,0,1,2,1
"H",4,1,3,-1,0,2,1,1
"H",4,1,3,-1,1,1,1,0
"H",4,1,3,-1,2,1,1,0
"H",4,1,3,-1,2,2,1,0
"H",4,1,3,-10,0,0,1,0
"H",4,1,3,-15,0,0,1,0
"H",4,1,3,-2,0,0,112,35
"H",4,1,3,-2,0,1,1,0
"H",4,1,3,-2,0,2,1,0
"H",4,1,3,-2,1,0,1,0
"H",4,1,3,-2,1,2,1,0
"H",4,1,3,-3,0,0,65,21
"H",4,1,3,-3,1,0,1,1
"H",4,1,3,-3,2,0,1,1
"H",4,1,3,-3,2,1,1,1
"H",4,1,3,-3,2,2,1,1
"H",4,1,3,-4,0,0,36,4
"H",4,1,3,-5,0,0,21,1
"H",4,1,3,-6,0,0,9,2
"H",4,1,3,-7,0,0,4,0
"H",4,1,3,-8,0,0,3,0
"H",4,1,3,0,0,0,385,237
"H",4,1,3,0,0,1,2,2
"H",4,1,3,0,0,2,1,1
"H",4,1,3,0,1,0,1,1
"H",4,1,3,0,1,1,1,1
"H",4,1,3,0,1,2,1,1
"H",4,1,3,0,2,0,1,1
"H",4,1,3,0,2,1,1,1
"H",4,1,3,0,3,1,1,1
"H",4,1,3,1,0,0,274,213
"H",4,1,3,1,1,0,1,1
"H",4,1,3,1,2,0,1,1
"H",4,1,3,1,3,0,1,1
"H",4,1,3,10,0,0,3,3
"H",4,1,3,11,0,0,1,1
"H",4,1,3,2,0,0,175,150
"H",4,1,3,2,1,0,1,1
"H",4,1,3,2,1,1,1,1
"H",4,1,3,3,0,0,95,91
"H",4,1,3,3,0,1,1,1
"H",4,1,3,3,0,2,1,1
"H",4,1,3,3,1,2,1,1
"H",4,1,3,4,0,0,75,72
"H",4,1,3,5,0,0,27,25
"H",4,1,3,5,0,1,1,1
"H",4,1,3,5,1,1,1,1
"H",4,1,3,5,1,2,1,1
"H",4,1,3,6,0,0,38,38
"H",4,1,3,7,0,0,13,13
"H",4,1,3,8,0,0,3,3
"H",4,1,3,9,0,0,2,2
"H",4,1,4,-1,0,0,115,61
"H",4,1,4,-11,0,0,1,0
"H",4,1,4,-12,0,0,1,0
"H",4,1,4,-13,0,0,1,0
"H",4,1,4,-2,0,0,110,35
"H",4,1,4,-2,1,0,2,0
"H",4,1,4,-2,1,1,1,0
"H",4,1,4,-2,2,1,1,0
"H",4,1,4,-2,2,2,1,0
"H",4,1,4,-2,3,2,1,0
"H",4,1,4,-3,0,0,69,13
"H",4,1,4,-4,0,0,48,7
"H",4,1,4,-5,0,0,23,2
"H",4,1,4,-6,0,0,19,1
"H",4,1,4,-6,0,1,1,0
"H",4,1,4,-6,1,1,1,0
"H",4,1,4,-7,0,0,5,0
"H",4,1,4,-8,0,0,2,0
"H",4,1,4,-9,0,0,3,0
"H",4,1,4,0,0,0,208,130
"H",4,1,4,0,0,1,1,0
"H",4,1,4,0,0,2,1,0
"H",4,1,4,0,1,0,2,2
"H",4,1,4,1,0,0,123,86
"H",4,1,4,1,1,0,1,1
"H",4,1,4,1,1,1,1,1
"H",4,1,4,11,0,0,1,1
"H",4,1,4,2,0,0,82,70
"H",4,1,4,2,1,0,1,1
"H",4,1,4,3,0,0,61,55
"H",4,1,4,4,0,0,36,33
"H",4,1,4,5,0,0,26,25
"H",4,1,4,6,0,0,12,12
"H",4,1,4,7,0,0,7,7
"H",4,1,4,8,0,0,4,4
"H",4,1,4,9,0,0,3,3
"H",4,1,5,-1,0,0,80,41
"H",4,1,5,-1,1,0,1,1
"H",4,1,5,-1,1,1,1,1
"H",4,1,5,-1,1,2,1,1
"H",4,1,5,-2,0,0,51,15
"H",4,1,5,-3,0,0,24,4
"H",4,1,5,-4,0,0,16,4
"H",4,1,5,-5,0,0,9,0
"H",4,1,5,-6,0,0,3,0
"H",4,1,5,-7,0,0,6,0
"H",4,1,5,-8,0,0,3,0
"H",4,1,5,-9,0,0,1,0
"H",4,1,5,0,0,0,157,106
"H",4,1,5,0,1,0,1,1
"H",4,1,5,0,1,1,1,1
"H",4,1,5,0,1,2,1,1
"H",4,1,5,1,0,0,125,105
"H",4,1,5,1,0,1,1,1
"H",4,1,5,1,0,2,1,1
"H",4,1,5,12,0,0,1,1
"H",4,1,5,2,0,0,74,64
"H",4,1,5,3,0,0,43,37
"H",4,1,5,3,0,1,2,2
"H",4,1,5,3,0,2,1,1
"H",4,1,5,3,1,2,1,1
"H",4,1,5,3,2,2,1,1
"H",4,1,5,4,0,0,29,29
"H",4,1,5,5,0,0,20,20
"H",4,1,5,6,0,0,14,13
"H",4,1,5,7,0,0,8,8
"H",4,1,5,8,0,0,3,3
"H",4,1,5,9,0,0,2,2
"H",4,1,6,-1,0,0,64,32
"H",4,1,6,-2,0,0,39,17
"H",4,1,6,-3,0,0,27,3
"H",4,1,6,-4,0,0,16,2
"H",4,1,6,-5,0,0,7,0
"H",4,1,6,-6,0,0,5,1
"H",4,1,6,-7,0,0,1,0
"H",4,1,6,-8,0,0,3,0
"H",4,1,6,0,0,0,94,67
"H",4,1,6,1,0,0,77,63
"H",4,1,6,12,0,0,2,2
"H",4,1,6,2,0,0,64,56
"H",4,1,6,3,0,0,35,33
"H",4,1,6,4,0,0,27,27
"H",4,1,6,5,0,0,13,13
"H",4,1,6,6,0,0,14,13
"H",4,1,6,7,0,0,3,3
"H",4,1,6,8,0,0,3,3
"H",4,1,6,9,0,0,1,1
"H",4,1,7,-1,0,0,64,30
"H",4,1,7,-12,0,0,1,0
"H",4,1,7,-2,0,0,56,19
"H",4,1,7,-3,0,0,20,7
"H",4,1,7,-4,0,0,13,3
"H",4,1,7,-5,0,0,7,1
"H",4,1,7,-6,0,0,5,1
"H",4,1,7,-7,0,0,2,0
"H",4,1,7,0,0,0,102,66
"H",4,1,7,1,0,0,65,53
"H",4,1,7,1,1,0,1,1
"H",4,1,7,1,1,1,1,1
"H",4,1,7,1,1,2,1,1
"H",4,1,7,1,2,2,1,1
"H",4,1,7,2,0,0,51,49
"H",4,1,7,3,0,0,25,24
"H",4,1,7,4,0,0,21,20
"H",4,1,7,5,0,0,9,9
"H",4,1,7,6,0,0,10,9
"H",4,1,7,7,0,0,3,3
"H",4,1,7,8,0,0,4,4
"H",4,1,7,9,0,0,1,1
"H",4,1,8,-1,0,0,36,19
"H",4,1,8,-2,0,0,36,14
"H",4,1,8,-3,0,0,20,8
"H",4,1,8,-4,0,0,9,3
"H",4,1,8,-5,0,0,5,1
"H",4,1,8,-6,0,0,10,1
"H",4,1,8,-8,0,0,1,0
"H",4,1,8,0,0,0,60,44
"H",4,1,8,0,1,0,1,0
"H",4,1,8,0,1,1,1,0
"H",4,1,8,0,1,2,1,0
"H",4,1,8,1,0,0,52,39
"H",4,1,8,10,0,0,1,1
"H",4,1,8,11,0,0,1,1
"H",4,1,8,12,0,0,1,1
"H",4,1,8,2,0,0,34,30
"H",4,1,8,3,0,0,22,21
"H",4,1,8,4,0,0,17,15
"H",4,1,8,5,0,0,9,9
"H",4,1,8,6,0,0,6,6
"H",4,1,8,7,0,0,2,2
"H",4,1,8,8,0,0,1,1
"H",4,1,8,9,0,0,1,1
"H",4,2,1,-1,0,0,810,277
"H",4,2,1,-1,0,1,3,1
"H",4,2,1,-1,0,2,1,1
"H",4,2,1,-1,1,1,1,0
"H",4,2,1,-11,0,0,2,0
"H",4,2,1,-2,0,0,476,108
"H",4,2,1,-2,0,1,1,0
"H",4,2,1,-2,0,2,1,0
"H",4,2,1,-3,0,0,320,37
"H",4,2,1,-4,0,0,148,12
"H",4,2,1,-5,0,0,95,3
"H",4,2,1,-5,1,0,1,0
"H",4,2,1,-6,0,0,61,2
"H",4,2,1,-7,0,0,29,0
"H",4,2,1,-8,0,0,18,0
"H",4,2,1,-9,0,0,9,0
"H",4,2,1,0,0,0,1103,620
"H",4,2,1,0,0,1,3,2
"H",4,2,1,0,1,0,3,3
"H",4,2,1,0,1,1,3,2
"H",4,2,1,0,2,0,2,2
"H",4,2,1,0,2,1,1,1
"H",4,2,1,0,2,2,1,1
"H",4,2,1,0,3,0,1,1
"H",4,2,1,0,3,1,1,1
"H",4,2,1,1,0,0,708,508
"H",4,2,1,1,0,1,2,2
"H",4,2,1,1,0,2,2,2
"H",4,2,1,1,1,0,3,1
"H",4,2,1,1,1,1,1,1
"H",4,2,1,1,1,2,1,1
"H",4,2,1,1,2,0,1,0
"H",4,2,1,10,0,0,5,5
"H",4,2,1,11,0,0,1,1
"H",4,2,1,2,0,0,488,398
"H",4,2,1,2,0,1,1,1
"H",4,2,1,3,0,0,283,254
"H",4,2,1,3,0,1,1,1
"H",4,2,1,3,0,2,1,1
"H",4,2,1,4,0,0,165,158
"H",4,2,1,4,0,1,1,1
"H",4,2,1,4,0,2,1,1
"H",4,2,1,5,0,0,99,95
"H",4,2,1,6,0,0,53,52
"H",4,2,1,7,0,0,30,30
"H",4,2,1,8,0,0,17,17
"H",4,2,1,9,0,0,5,5
"H",4,2,2,-1,0,0,419,139
"H",4,2,2,-1,0,1,1,0
"H",4,2,2,-1,1,0,1,0
"H",4,2,2,-10,0,0,1,0
"H",4,2,2,-2,0,0,279,81
"H",4,2,2,-2,1,0,1,0
"H",4,2,2,-2,1,1,1,0
"H",4,2,2,-2,1,2,1,0
"H",4,2,2,-3,0,0,181,27
"H",4,2,2,-4,0,0,122,8
"H",4,2,2,-5,0,0,71,4
"H",4,2,2,-5,1,0,1,0
"H",4,2,2,-5,2,0,1,0
"H",4,2,2,-6,0,0,37,1
"H",4,2,2,-7,0,0,19,1
"H",4,2,2,-8,0,0,4,0
"H",4,2,2,-9,0,0,5,0
"H",4,2,2,0,0,0,558,330
"H",4,2,2,0,1,0,3,2
"H",4,2,2,0,1,1,2,2
"H",4,2,2,0,1,2,1,1
"H",4,2,2,0,2,1,1,1
"H",4,2,2,0,2,2,1,1
"H",4,2,2,1,0,0,420,311
"H",4,2,2,1,1,0,2,1
"H",4,2,2,1,2,0,1,0
"H",4,2,2,1,2,1,1,0
"H",4,2,2,10,0,0,1,1
"H",4,2,2,11,0,0,3,3
"H",4,2,2,2,0,0,286,235
"H",4,2,2,3,0,0,173,153
"H",4,2,2,3,0,1,1,1
"H",4,2,2,4,0,0,119,114
"H",4,2,2,4,1,0,1,1
"H",4,2,2,4,2,0,1,1
"H",4,2,2,5,0,0,77,74
"H",4,2,2,6,0,0,39,39
"H",4,2,2,7,0,0,21,21
"H",4,2,2,8,0,0,17,17
"H",4,2,2,9,0,0,5,5
"H",4,2,3,-1,0,0,260,107
"H",4,2,3,-1,0,1,1,0
"H",4,2,3,-1,1,0,2,2
"H",4,2,3,-1,1,1,1,1
"H",4,2,3,-1,2,0,1,1
"H",4,2,3,-1,2,1,1,1
"H",4,2,3,-1,3,0,1,1
"H",4,2,3,-1,3,1,1,1
"H",4,2,3,-1,3,2,1,1
"H",4,2,3,-10,0,0,2,0
"H",4,2,3,-15,0,0,1,0
"H",4,2,3,-2,0,0,157,46
"H",4,2,3,-2,0,1,1,0
"H",4,2,3,-2,1,0,1,0
"H",4,2,3,-2,1,1,2,0
"H",4,2,3,-2,1,2,1,0
"H",4,2,3,-2,2,1,1,0
"H",4,2,3,-2,2,2,1,0
"H",4,2,3,-3,0,0,81,16
"H",4,2,3,-3,1,0,1,1
"H",4,2,3,-3,1,1,1,1
"H",4,2,3,-3,1,2,1,1
"H",4,2,3,-3,2,2,1,1
"H",4,2,3,-4,0,0,61,4
"H",4,2,3,-5,0,0,31,3
"H",4,2,3,-5,1,0,1,0
"H",4,2,3,-5,2,0,1,0
"H",4,2,3,-6,0,0,17,1
"H",4,2,3,-7,0,0,6,0
"H",4,2,3,-8,0,0,2,0
"H",4,2,3,0,0,0,395,226
"H",4,2,3,0,0,1,3,2
"H",4,2,3,0,0,2,1,1
"H",4,2,3,0,1,0,1,0
"H",4,2,3,0,1,1,2,0
"H",4,2,3,0,2,1,2,0
"H",4,2,3,0,3,1,1,0
"H",4,2,3,0,3,2,1,0
"H",4,2,3,1,0,0,332,236
"H",4,2,3,1,0,1,1,1
"H",4,2,3,1,1,0,3,2
"H",4,2,3,1,1,1,2,1
"H",4,2,3,1,2,0,1,1
"H",4,2,3,1,2,1,2,1
"H",4,2,3,1,3,0,1,1
"H",4,2,3,1,3,1,3,2
"H",4,2,3,1,3,2,3,2
"H",4,2,3,10,0,0,3,3
"H",4,2,3,11,0,0,3,3
"H",4,2,3,2,0,0,232,194
"H",4,2,3,2,0,1,2,0
"H",4,2,3,2,0,2,2,0
"H",4,2,3,2,1,0,1,1
"H",4,2,3,2,2,0,1,1
"H",4,2,3,2,2,1,1,1
"H",4,2,3,3,0,0,138,125
"H",4,2,3,4,0,0,86,82
"H",4,2,3,5,0,0,54,52
"H",4,2,3,6,0,0,46,46
"H",4,2,3,7,0,0,13,13
"H",4,2,3,8,0,0,13,13
"H",4,2,3,9,0,0,5,5
"H",4,2,4,-1,0,0,122,43
"H",4,2,4,-10,0,0,1,0
"H",4,2,4,-11,0,0,1,0
"H",4,2,4,-12,0,0,1,0
"H",4,2,4,-2,0,0,76,18
"H",4,2,4,-2,1,0,1,0
"H",4,2,4,-2,1,1,1,0
"H",4,2,4,-2,2,1,1,0
"H",4,2,4,-2,2,2,1,0
"H",4,2,4,-3,0,0,65,8
"H",4,2,4,-3,0,1,1,1
"H",4,2,4,-4,0,0,43,3
"H",4,2,4,-5,0,0,22,3
"H",4,2,4,-6,0,0,12,1
"H",4,2,4,-7,0,0,6,0
"H",4,2,4,-8,0,0,4,0
"H",4,2,4,0,0,0,183,113
"H",4,2,4,0,0,1,1,0
"H",4,2,4,0,1,0,1,1
"H",4,2,4,0,1,1,1,0
"H",4,2,4,0,2,0,1,1
"H",4,2,4,0,3,0,1,1
"H",4,2,4,0,3,1,1,1
"H",4,2,4,0,3,2,1,1
"H",4,2,4,1,0,0,152,107
"H",4,2,4,12,0,0,1,1
"H",4,2,4,2,0,0,97,83
"H",4,2,4,3,0,0,81,73
"H",4,2,4,4,0,0,41,38
"H",4,2,4,4,1,0,1,1
"H",4,2,4,5,0,0,33,32
"H",4,2,4,6,0,0,16,16
"H",4,2,4,7,0,0,6,6
"H",4,2,4,8,0,0,5,5
"H",4,2,4,9,0,0,4,4
"H",4,2,5,-1,0,0,108,39
"H",4,2,5,-11,0,0,1,0
"H",4,2,5,-2,0,0,71,17
"H",4,2,5,-3,0,0,31,8
"H",4,2,5,-4,0,0,20,1
"H",4,2,5,-5,0,0,18,0
"H",4,2,5,-6,0,0,6,0
"H",4,2,5,-7,0,0,5,1
"H",4,2,5,-8,0,0,2,0
"H",4,2,5,0,0,0,170,92
"H",4,2,5,0,1,0,2,2
"H",4,2,5,0,1,1,1,1
"H",4,2,5,0,2,1,1,1
"H",4,2,5,0,3,1,1,1
"H",4,2,5,1,0,0,158,121
"H",4,2,5,1,0,1,1,1
"H",4,2,5,1,1,1,1,1
"H",4,2,5,1,2,1,1,1
"H",4,2,5,1,3,1,1,1
"H",4,2,5,10,0,0,1,1
"H",4,2,5,12,0,0,1,1
"H",4,2,5,2,0,0,101,86
"H",4,2,5,2,0,1,2,2
"H",4,2,5,2,1,1,1,1
"H",4,2,5,2,1,2,1,1
"H",4,2,5,2,2,2,1,1
"H",4,2,5,2,3,2,1,1
"H",4,2,5,3,0,0,66,54
"H",4,2,5,3,0,1,1,1
"H",4,2,5,4,0,0,43,43
"H",4,2,5,5,0,0,25,25
"H",4,2,5,6,0,0,22,22
"H",4,2,5,7,0,0,10,10
"H",4,2,5,8,0,0,2,2
"H",4,2,5,9,0,0,1,1
"H",4,2,6,-1,0,0,72,31
"H",4,2,6,-2,0,0,46,16
"H",4,2,6,-3,0,0,28,6
"H",4,2,6,-4,0,0,16,2
"H",4,2,6,-5,0,0,11,0
"H",4,2,6,-6,0,0,3,0
"H",4,2,6,-7,0,0,1,1
"H",4,2,6,-8,0,0,1,0
"H",4,2,6,-9,0,0,2,0
"H",4,2,6,0,0,0,114,72
"H",4,2,6,1,0,0,104,81
"H",4,2,6,1,1,0,1,1
"H",4,2,6,1,1,1,1,1
"H",4,2,6,1,1,2,1,1
"H",4,2,6,10,0,0,1,1
"H",4,2,6,2,0,0,64,49
"H",4,2,6,3,0,0,37,34
"H",4,2,6,4,0,0,25,24
"H",4,2,6,5,0,0,12,11
"H",4,2,6,6,0,0,18,18
"H",4,2,6,7,0,0,6,6
"H",4,2,6,8,0,0,3,3
"H",4,2,6,9,0,0,2,2
"H",4,2,7,-1,0,0,57,23
"H",4,2,7,-2,0,0,49,15
"H",4,2,7,-3,0,0,28,5
"H",4,2,7,-4,0,0,15,2
"H",4,2,7,-5,0,0,7,0
"H",4,2,7,-6,0,0,8,0
"H",4,2,7,-7,0,0,5,0
"H",4,2,7,-9,0,0,2,0
"H",4,2,7,0,0,0,105,62
"H",4,2,7,1,0,0,70,61
"H",4,2,7,10,0,0,1,1
"H",4,2,7,13,0,0,1,1
"H",4,2,7,2,0,0,52,42
"H",4,2,7,3,0,0,27,26
"H",4,2,7,4,0,0,25,25
"H",4,2,7,5,0,0,13,12
"H",4,2,7,6,0,0,9,8
"H",4,2,7,7,0,0,11,11
"H",4,2,8,-1,0,0,50,20
"H",4,2,8,-2,0,0,35,9
"H",4,2,8,-3,0,0,20,7
"H",4,2,8,-4,0,0,15,0
"H",4,2,8,-5,0,0,9,0
"H",4,2,8,-6,0,0,4,0
"H",4,2,8,-7,0,0,1,0
"H",4,2,8,-8,0,0,2,0
"H",4,2,8,0,0,0,73,53
"H",4,2,8,0,0,1,1,0
"H",4,2,8,0,1,1,1,0
"H",4,2,8,0,1,2,1,0
"H",4,2,8,1,0,0,61,48
"H",4,2,8,2,0,0,41,35
"H",4,2,8,3,0,0,28,25
"H",4,2,8,4,0,0,16,14
"H",4,2,8,5,0,0,10,10
"H",4,2,8,6,0,0,4,3
"H",4,2,8,7,0,0,3,3
"H",4,2,8,8,0,0,3,3
"H",4,2,8,9,0,0,1,1
"H",5,0,1,-1,0,0,1394,528
"H",5,0,1,-1,1,0,5,1
"H",5,0,1,-1,1,1,2,1
"H",5,0,1,-1,1,2,1,1
"H",5,0,1,-1,2,0,1,0
"H",5,0,1,-1,2,1,1,0
"H",5,0,1,-1,2,2,2,1
"H",5,0,1,-10,0,0,8,0
"H",5,0,1,-11,0,0,6,0
"H",5,0,1,-12,0,0,1,0
"H",5,0,1,-13,0,0,3,0
"H",5,0,1,-14,0,0,1,0
"H",5,0,1,-15,0,0,1,0
"H",5,0,1,-17,0,0,1,0
"H",5,0,1,-2,0,0,912,249
"H",5,0,1,-2,0,1,2,0
"H",5,0,1,-2,0,2,1,0
"H",5,0,1,-2,1,0,3,0
"H",5,0,1,-2,1,1,3,0
"H",5,0,1,-2,1,2,4,0
"H",5,0,1,-2,2,0,1,0
"H",5,0,1,-2,2,1,1,0
"H",5,0,1,-3,0,0,629,82
"H",5,0,1,-3,0,1,5,1
"H",5,0,1,-3,0,2,2,0
"H",5,0,1,-3,1,0,1,1
"H",5,0,1,-3,1,1,3,1
"H",5,0,1,-3,1,2,2,1
"H",5,0,1,-4,0,0,417,36
"H",5,0,1,-5,0,0,296,20
"H",5,0,1,-5,1,0,1,0
"H",5,0,1,-5,2,0,1,0
"H",5,0,1,-5,3,0,1,0
"H",5,0,1,-5,3,1,1,0
"H",5,0,1,-5,3,2,1,0
"H",5,0,1,-6,0,0,155,5
"H",5,0,1,-6,1,0,1,0
"H",5,0,1,-6,1,1,1,0
"H",5,0,1,-7,0,0,98,7
"H",5,0,1,-8,0,0,43,0
"H",5,0,1,-9,0,0,20,0
"H",5,0,1,0,0,0,1741,1050
"H",5,0,1,0,0,1,2,2
"H",5,0,1,0,0,2,1,1
"H",5,0,1,0,1,0,8,6
"H",5,0,1,0,1,1,6,4
"H",5,0,1,0,1,2,4,3
"H",5,0,1,0,2,0,2,2
"H",5,0,1,0,2,1,2,2
"H",5,0,1,0,2,2,3,3
"H",5,0,1,0,3,0,1,1
"H",5,0,1,0,3,1,1,1
"H",5,0,1,0,3,2,1,1
"H",5,0,1,1,0,0,1257,967
"H",5,0,1,1,0,1,4,4
"H",5,0,1,1,0,2,2,2
"H",5,0,1,1,1,0,2,1
"H",5,0,1,1,1,1,2,2
"H",5,0,1,1,1,2,3,3
"H",5,0,1,1,2,2,2,2
"H",5,0,1,10,0,0,6,6
"H",5,0,1,11,0,0,4,4
"H",5,0,1,12,0,0,2,2
"H",5,0,1,13,0,0,1,1
"H",5,0,1,2,0,0,862,755
"H",5,0,1,2,0,1,6,4
"H",5,0,1,2,0,2,1,0
"H",5,0,1,2,1,0,1,1
"H",5,0,1,2,1,1,3,2
"H",5,0,1,2,1,2,1,1
"H",5,0,1,2,2,2,1,1
"H",5,0,1,2,3,2,1,1
"H",5,0,1,3,0,0,541,493
"H",5,0,1,3,0,1,3,3
"H",5,0,1,3,1,1,2,2
"H",5,0,1,3,1,2,2,2
"H",5,0,1,3,2,2,2,2
"H",5,0,1,3,3,2,2,2
"H",5,0,1,4,0,0,353,340
"H",5,0,1,4,0,1,2,2
"H",5,0,1,4,0,2,1,1
"H",5,0,1,4,1,1,1,1
"H",5,0,1,4,1,2,1,1
"H",5,0,1,4,2,1,1,1
"H",5,0,1,4,3,1,1,1
"H",5,0,1,4,3,2,1,1
"H",5,0,1,5,0,0,184,178
"H",5,0,1,5,1,0,1,1
"H",5,0,1,6,0,0,117,116
"H",5,0,1,7,0,0,55,55
"H",5,0,1,8,0,0,42,42
"H",5,0,1,9,0,0,17,17
"H",5,0,2,-1,0,0,363,147
"H",5,0,2,-10,0,0,4,0
"H",5,0,2,-11,0,0,1,0
"H",5,0,2,-17,0,0,1,0
"H",5,0,2,-2,0,0,242,72
"H",5,0,2,-2,0,1,2,0
"H",5,0,2,-2,0,2,2,0
"H",5,0,2,-2,1,2,1,0
"H",5,0,2,-3,0,0,154,20
"H",5,0,2,-4,0,0,133,14
"H",5,0,2,-4,0,1,1,0
"H",5,0,2,-5,0,0,84,10
"H",5,0,2,-5,1,0,2,0
"H",5,0,2,-5,1,1,2,0
"H",5,0,2,-5,1,2,1,0
"H",5,0,2,-5,2,2,1,0
"H",5,0,2,-6,0,0,50,2
"H",5,0,2,-7,0,0,31,4
"H",5,0,2,-8,0,0,12,0
"H",5,0,2,-9,0,0,6,0
"H",5,0,2,0,0,0,462,294
"H",5,0,2,1,0,0,340,264
"H",5,0,2,1,0,1,2,2
"H",5,0,2,1,0,2,1,1
"H",5,0,2,10,0,0,1,1
"H",5,0,2,12,0,0,1,1
"H",5,0,2,13,0,0,1,1
"H",5,0,2,2,0,0,253,223
"H",5,0,2,2,0,1,1,0
"H",5,0,2,2,0,2,1,0
"H",5,0,2,3,0,0,168,155
"H",5,0,2,4,0,0,101,99
"H",5,0,2,5,0,0,57,57
"H",5,0,2,6,0,0,41,41
"H",5,0,2,7,0,0,14,14
"H",5,0,2,8,0,0,12,12
"H",5,0,2,9,0,0,9,9
"H",5,0,3,-1,0,0,75,38
"H",5,0,3,-1,0,1,1,0
"H",5,0,3,-1,0,2,1,0
"H",5,0,3,-11,0,0,1,0
"H",5,0,3,-15,0,0,1,0
"H",5,0,3,-2,0,0,52,19
"H",5,0,3,-2,0,1,1,0
"H",5,0,3,-2,0,2,1,0
"H",5,0,3,-3,0,0,35,6
"H",5,0,3,-4,0,0,19,2
"H",5,0,3,-5,0,0,18,1
"H",5,0,3,-6,0,0,9,0
"H",5,0,3,-6,1,0,1,0
"H",5,0,3,-6,2,0,1,0
"H",5,0,3,-6,3,0,1,0
"H",5,0,3,-6,3,1,1,0
"H",5,0,3,-6,3,2,1,0
"H",5,0,3,-7,0,0,8,2
"H",5,0,3,-8,0,0,2,0
"H",5,0,3,-9,0,0,2,0
"H",5,0,3,0,0,0,115,73
"H",5,0,3,0,0,1,1,0
"H",5,0,3,0,0,2,1,0
"H",5,0,3,1,0,0,76,64
"H",5,0,3,12,0,0,1,1
"H",5,0,3,2,0,0,63,54
"H",5,0,3,3,0,0,50,49
"H",5,0,3,4,0,0,36,34
"H",5,0,3,5,0,0,17,17
"H",5,0,3,6,0,0,8,8
"H",5,0,3,7,0,0,8,8
"H",5,0,3,8,0,0,6,6
"H",5,0,4,-1,0,0,57,27
"H",5,0,4,-10,0,0,2,0
"H",5,0,4,-17,0,0,1,0
"H",5,0,4,-2,0,0,48,19
"H",5,0,4,-3,0,0,34,6
"H",5,0,4,-4,0,0,30,4
"H",5,0,4,-4,1,0,1,0
"H",5,0,4,-4,1,1,1,0
"H",5,0,4,-4,1,2,1,0
"H",5,0,4,-5,0,0,20,3
"H",5,0,4,-6,0,0,20,2
"H",5,0,4,-6,1,0,1,0
"H",5,0,4,-6,1,1,1,0
"H",5,0,4,-6,1,2,1,0
"H",5,0,4,-7,0,0,11,4
"H",5,0,4,-8,0,0,1,0
"H",5,0,4,-9,0,0,3,0
"H",5,0,4,0,0,0,99,72
"H",5,0,4,1,0,0,58,45
"H",5,0,4,10,0,0,1,1
"H",5,0,4,13,0,0,1,1
"H",5,0,4,2,0,0,57,52
"H",5,0,4,3,0,0,38,35
"H",5,0,4,4,0,0,23,23
"H",5,0,4,5,0,0,16,16
"H",5,0,4,6,0,0,13,13
"H",5,0,4,7,0,0,4,4
"H",5,0,4,8,0,0,5,5
"H",5,0,4,9,0,0,2,2
"H",5,0,5,-1,0,0,30,13
"H",5,0,5,-11,0,0,1,0
"H",5,0,5,-2,0,0,18,8
"H",5,0,5,-3,0,0,12,2
"H",5,0,5,-4,0,0,5,1
"H",5,0,5,-5,0,0,11,1
"H",5,0,5,-5,1,0,1,0
"H",5,0,5,-5,1,1,1,0
"H",5,0,5,-6,0,0,2,1
"H",5,0,5,-8,0,0,1,0
"H",5,0,5,0,0,0,34,26
"H",5,0,5,1,0,0,30,26
"H",5,0,5,2,0,0,20,19
"H",5,0,5,3,0,0,18,17
"H",5,0,5,4,0,0,17,16
"H",5,0,5,5,0,0,11,11
"H",5,0,5,6,0,0,9,9
"H",5,0,5,9,0,0,2,2
"H",5,0,6,-1,0,0,20,12
"H",5,0,6,-2,0,0,26,14
"H",5,0,6,-3,0,0,8,3
"H",5,0,6,-4,0,0,8,1
"H",5,0,6,-5,0,0,5,2
"H",5,0,6,-6,0,0,1,0
"H",5,0,6,-7,0,0,2,0
"H",5,0,6,-8,0,0,1,0
"H",5,0,6,0,0,0,40,29
"H",5,0,6,1,0,0,27,23
"H",5,0,6,2,0,0,23,21
"H",5,0,6,3,0,0,19,19
"H",5,0,6,4,0,0,12,12
"H",5,0,6,5,0,0,8,8
"H",5,0,6,6,0,0,5,5
"H",5,0,6,7,0,0,2,2
"H",5,0,6,8,0,0,1,1
"H",5,0,7,-1,0,0,12,5
"H",5,0,7,-2,0,0,11,6
"H",5,0,7,-3,0,0,5,1
"H",5,0,7,-4,0,0,6,2
"H",5,0,7,-5,0,0,4,0
"H",5,0,7,-6,0,0,4,0
"H",5,0,7,0,0,0,11,9
"H",5,0,7,1,0,0,20,19
"H",5,0,7,2,0,0,17,16
"H",5,0,7,3,0,0,10,10
"H",5,0,7,4,0,0,10,10
"H",5,0,7,5,0,0,5,5
"H",5,0,7,6,0,0,4,4
"H",5,0,7,7,0,0,2,2
"H",5,0,7,8,0,0,1,1
"H",5,0,8,-1,0,0,17,13
"H",5,0,8,-17,0,0,1,0
"H",5,0,8,-2,0,0,11,7
"H",5,0,8,-3,0,0,5,2
"H",5,0,8,-4,0,0,7,1
"H",5,0,8,-5,0,0,7,2
"H",5,0,8,-6,0,0,8,3
"H",5,0,8,-7,0,0,3,2
"H",5,0,8,0,0,0,29,23
"H",5,0,8,1,0,0,23,21
"H",5,0,8,1,1,0,1,1
"H",5,0,8,1,2,0,1,1
"H",5,0,8,1,2,1,1,1
"H",5,0,8,2,0,0,15,15
"H",5,0,8,3,0,0,15,14
"H",5,0,8,4,0,0,12,12
"H",5,0,8,5,0,0,8,8
"H",5,0,8,6,0,0,5,5
"H",5,0,8,7,0,0,1,1
"H",5,0,8,9,0,0,1,1
"H",5,1,1,-1,0,0,989,351
"H",5,1,1,-1,1,0,2,0
"H",5,1,1,-1,1,1,2,0
"H",5,1,1,-1,1,2,1,0
"H",5,1,1,-1,2,1,1,0
"H",5,1,1,-1,2,2,2,0
"H",5,1,1,-10,0,0,5,0
"H",5,1,1,-11,0,0,3,0
"H",5,1,1,-12,0,0,1,0
"H",5,1,1,-13,0,0,3,0
"H",5,1,1,-14,0,0,1,0
"H",5,1,1,-2,0,0,635,158
"H",5,1,1,-2,0,1,2,0
"H",5,1,1,-2,0,2,2,0
"H",5,1,1,-2,1,0,1,0
"H",5,1,1,-2,1,1,1,0
"H",5,1,1,-2,1,2,1,0
"H",5,1,1,-2,2,1,1,0
"H",5,1,1,-2,2,2,1,0
"H",5,1,1,-3,0,0,452,58
"H",5,1,1,-3,0,1,1,0
"H",5,1,1,-3,0,2,1,0
"H",5,1,1,-3,1,0,4,2
"H",5,1,1,-3,1,1,3,2
"H",5,1,1,-3,1,2,2,1
"H",5,1,1,-3,2,0,1,0
"H",5,1,1,-3,2,1,2,1
"H",5,1,1,-3,2,2,1,1
"H",5,1,1,-3,3,0,1,0
"H",5,1,1,-3,3,1,2,0
"H",5,1,1,-3,3,2,1,1
"H",5,1,1,-4,0,0,274,21
"H",5,1,1,-5,0,0,190,9
"H",5,1,1,-6,0,0,99,3
"H",5,1,1,-7,0,0,66,1
"H",5,1,1,-8,0,0,31,0
"H",5,1,1,-9,0,0,12,0
"H",5,1,1,0,0,0,1207,704
"H",5,1,1,0,0,1,3,2
"H",5,1,1,0,0,2,1,0
"H",5,1,1,0,1,0,5,4
"H",5,1,1,0,1,1,3,2
"H",5,1,1,0,1,2,2,1
"H",5,1,1,0,2,0,1,1
"H",5,1,1,0,3,0,1,1
"H",5,1,1,0,3,1,1,1
"H",5,1,1,0,3,2,1,1
"H",5,1,1,1,0,0,876,664
"H",5,1,1,1,0,1,6,5
"H",5,1,1,1,0,2,2,2
"H",5,1,1,1,1,1,3,2
"H",5,1,1,1,1,2,2,1
"H",5,1,1,1,2,1,1,1
"H",5,1,1,1,2,2,2,1
"H",5,1,1,1,3,2,2,1
"H",5,1,1,10,0,0,6,6
"H",5,1,1,11,0,0,4,4
"H",5,1,1,12,0,0,1,1
"H",5,1,1,2,0,0,605,529
"H",5,1,1,2,0,1,3,1
"H",5,1,1,2,0,2,1,0
"H",5,1,1,2,1,0,2,2
"H",5,1,1,2,2,0,1,1
"H",5,1,1,2,2,1,1,1
"H",5,1,1,2,3,1,1,1
"H",5,1,1,3,0,0,374,336
"H",5,1,1,3,1,0,2,2
"H",5,1,1,3,1,1,1,1
"H",5,1,1,3,2,0,1,1
"H",5,1,1,3,3,0,1,1
"H",5,1,1,4,0,0,248,238
"H",5,1,1,4,0,1,1,1
"H",5,1,1,4,1,0,1,1
"H",5,1,1,4,1,1,2,2
"H",5,1,1,4,1,2,1,1
"H",5,1,1,5,0,0,136,129
"H",5,1,1,6,0,0,85,84
"H",5,1,1,7,0,0,44,44
"H",5,1,1,8,0,0,31,31
"H",5,1,1,9,0,0,9,9
"H",5,1,2,-1,0,0,388,148
"H",5,1,2,-1,0,1,2,0
"H",5,1,2,-1,1,1,2,0
"H",5,1,2,-1,1,2,1,0
"H",5,1,2,-1,2,1,1,0
"H",5,1,2,-1,2,2,2,0
"H",5,1,2,-10,0,0,3,0
"H",5,1,2,-2,0,0,273,67
"H",5,1,2,-2,0,1,2,0
"H",5,1,2,-2,0,2,2,0
"H",5,1,2,-3,0,0,202,21
"H",5,1,2,-3,1,0,2,0
"H",5,1,2,-3,1,1,1,0
"H",5,1,2,-3,2,0,1,0
"H",5,1,2,-3,2,1,2,0
"H",5,1,2,-3,2,2,1,0
"H",5,1,2,-3,3,2,1,0
"H",5,1,2,-4,0,0,154,10
"H",5,1,2,-4,0,1,1,0
"H",5,1,2,-4,0,2,1,0
"H",5,1,2,-4,1,2,1,0
"H",5,1,2,-5,0,0,101,13
"H",5,1,2,-5,0,1,1,0
"H",5,1,2,-6,0,0,43,2
"H",5,1,2,-7,0,0,33,1
"H",5,1,2,-8,0,0,21,0
"H",5,1,2,-9,0,0,3,0
"H",5,1,2,0,0,0,483,281
"H",5,1,2,0,0,1,1,1
"H",5,1,2,0,0,2,1,1
"H",5,1,2,0,1,2,1,1
"H",5,1,2,1,0,0,384,300
"H",5,1,2,1,0,1,1,1
"H",5,1,2,1,0,2,1,1
"H",5,1,2,1,1,0,2,1
"H",5,1,2,1,2,0,1,0
"H",5,1,2,10,0,0,4,4
"H",5,1,2,11,0,0,2,2
"H",5,1,2,13,0,0,1,1
"H",5,1,2,2,0,0,287,249
"H",5,1,2,2,0,1,1,1
"H",5,1,2,2,1,0,2,0
"H",5,1,2,2,1,1,1,1
"H",5,1,2,2,2,0,1,0
"H",5,1,2,2,2,1,2,1
"H",5,1,2,3,0,0,190,170
"H",5,1,2,3,0,1,2,2
"H",5,1,2,3,0,2,1,1
"H",5,1,2,4,0,0,120,113
"H",5,1,2,5,0,0,81,77
"H",5,1,2,6,0,0,56,56
"H",5,1,2,7,0,0,22,22
"H",5,1,2,8,0,0,19,19
"H",5,1,2,9,0,0,10,10
"H",5,1,3,-1,0,0,206,79
"H",5,1,3,-11,0,0,1,0
"H",5,1,3,-15,0,0,1,0
"H",5,1,3,-2,0,0,104,33
"H",5,1,3,-2,0,1,1,0
"H",5,1,3,-3,0,0,55,7
"H",5,1,3,-4,0,0,40,5
"H",5,1,3,-4,0,1,1,0
"H",5,1,3,-4,0,2,1,0
"H",5,1,3,-4,1,2,1,0
"H",5,1,3,-5,0,0,20,0
"H",5,1,3,-6,0,0,13,1
"H",5,1,3,-7,0,0,4,1
"H",5,1,3,-8,0,0,3,0
"H",5,1,3,-9,0,0,3,0
"H",5,1,3,0,0,0,282,179
"H",5,1,3,1,0,0,257,210
"H",5,1,3,10,0,0,3,3
"H",5,1,3,11,0,0,1,1
"H",5,1,3,2,0,0,172,152
"H",5,1,3,3,0,0,122,108
"H",5,1,3,4,0,0,78,74
"H",5,1,3,5,0,0,56,54
"H",5,1,3,6,0,0,26,26
"H",5,1,3,7,0,0,21,21
"H",5,1,3,8,0,0,6,6
"H",5,1,3,9,0,0,3,3
"H",5,1,4,-1,0,0,99,36
"H",5,1,4,-10,0,0,2,0
"H",5,1,4,-2,0,0,83,35
"H",5,1,4,-2,1,0,1,0
"H",5,1,4,-2,1,1,1,0
"H",5,1,4,-2,2,1,1,0
"H",5,1,4,-3,0,0,61,12
"H",5,1,4,-3,1,0,1,0
"H",5,1,4,-4,0,0,41,3
"H",5,1,4,-5,0,0,28,5
"H",5,1,4,-6,0,0,19,2
"H",5,1,4,-7,0,0,7,0
"H",5,1,4,-8,0,0,8,0
"H",5,1,4,0,0,0,135,81
"H",5,1,4,1,0,0,106,88
"H",5,1,4,10,0,0,1,1
"H",5,1,4,2,0,0,105,94
"H",5,1,4,3,0,0,47,41
"H",5,1,4,4,0,0,34,33
"H",5,1,4,5,0,0,21,19
"H",5,1,4,6,0,0,15,15
"H",5,1,4,7,0,0,9,9
"H",5,1,4,8,0,0,10,10
"H",5,1,4,9,0,0,6,6
"H",5,1,5,-1,0,0,74,30
"H",5,1,5,-10,0,0,1,0
"H",5,1,5,-11,0,0,1,0
"H",5,1,5,-2,0,0,41,15
"H",5,1,5,-3,0,0,25,4
"H",5,1,5,-4,0,0,13,2
"H",5,1,5,-5,0,0,15,1
"H",5,1,5,-6,0,0,3,0
"H",5,1,5,-7,0,0,3,1
"H",5,1,5,-8,0,0,1,0
"H",5,1,5,0,0,0,118,86
"H",5,1,5,0,0,1,1,1
"H",5,1,5,0,1,0,1,1
"H",5,1,5,0,1,1,1,1
"H",5,1,5,1,0,0,82,64
"H",5,1,5,10,0,0,1,1
"H",5,1,5,12,0,0,1,1
"H",5,1,5,2,0,0,68,60
"H",5,1,5,3,0,0,58,56
"H",5,1,5,4,0,0,47,45
"H",5,1,5,5,0,0,28,27
"H",5,1,5,6,0,0,16,16
"H",5,1,5,7,0,0,7,7
"H",5,1,5,8,0,0,4,4
"H",5,1,5,9,0,0,2,2
"H",5,1,6,-1,0,0,47,24
"H",5,1,6,-10,0,0,1,0
"H",5,1,6,-16,0,0,1,0
"H",5,1,6,-2,0,0,44,21
"H",5,1,6,-2,1,0,1,0
"H",5,1,6,-2,1,1,1,0
"H",5,1,6,-2,1,2,1,0
"H",5,1,6,-2,2,2,1,0
"H",5,1,6,-3,0,0,22,4
"H",5,1,6,-4,0,0,16,3
"H",5,1,6,-5,0,0,16,2
"H",5,1,6,-6,0,0,7,0
"H",5,1,6,-6,1,0,1,0
"H",5,1,6,-6,2,0,1,0
"H",5,1,6,-6,3,0,1,0
"H",5,1,6,-7,0,0,6,1
"H",5,1,6,-8,0,0,3,0
"H",5,1,6,-9,0,0,2,0
"H",5,1,6,0,0,0,58,35
"H",5,1,6,1,0,0,57,50
"H",5,1,6,2,0,0,51,43
"H",5,1,6,3,0,0,35,34
"H",5,1,6,4,0,0,15,13
"H",5,1,6,5,0,0,20,18
"H",5,1,6,6,0,0,14,13
"H",5,1,6,7,0,0,5,5
"H",5,1,6,8,0,0,3,3
"H",5,1,7,-1,0,0,39,18
"H",5,1,7,-2,0,0,37,9
"H",5,1,7,-3,0,0,17,2
"H",5,1,7,-4,0,0,23,5
"H",5,1,7,-4,1,0,1,0
"H",5,1,7,-5,0,0,12,1
"H",5,1,7,-6,0,0,2,0
"H",5,1,7,-7,0,0,2,0
"H",5,1,7,-8,0,0,1,0
"H",5,1,7,-9,0,0,1,0
"H",5,1,7,0,0,0,73,56
"H",5,1,7,1,0,0,49,37
"H",5,1,7,2,0,0,68,62
"H",5,1,7,3,0,0,29,29
"H",5,1,7,4,0,0,26,25
"H",5,1,7,5,0,0,21,20
"H",5,1,7,6,0,0,9,9
"H",5,1,7,7,0,0,6,6
"H",5,1,7,8,0,0,3,3
"H",5,1,7,9,0,0,1,1
"H",5,1,8,-1,0,0,33,18
"H",5,1,8,-2,0,0,29,17
"H",5,1,8,-3,0,0,20,9
"H",5,1,8,-4,0,0,10,3
"H",5,1,8,-5,0,0,10,1
"H",5,1,8,-6,0,0,7,1
"H",5,1,8,-7,0,0,2,0
"H",5,1,8,-8,0,0,2,0
"H",5,1,8,0,0,0,55,35
"H",5,1,8,1,0,0,38,35
"H",5,1,8,2,0,0,40,38
"H",5,1,8,3,0,0,16,15
"H",5,1,8,4,0,0,13,13
"H",5,1,8,5,0,0,8,8
"H",5,1,8,6,0,0,6,6
"H",5,1,8,7,0,0,4,4
"H",5,1,8,8,0,0,5,5
"H",5,1,8,9,0,0,2,2
"H",5,2,1,-1,0,0,777,262
"H",5,2,1,-1,1,0,2,1
"H",5,2,1,-1,1,1,2,1
"H",5,2,1,-1,1,2,1,1
"H",5,2,1,-10,0,0,3,0
"H",5,2,1,-11,0,0,3,0
"H",5,2,1,-12,0,0,1,0
"H",5,2,1,-13,0,0,3,0
"H",5,2,1,-14,0,0,1,0
"H",5,2,1,-2,0,0,481,106
"H",5,2,1,-2,0,1,1,0
"H",5,2,1,-2,0,2,1,0
"H",5,2,1,-2,1,0,2,0
"H",5,2,1,-2,1,2,1,0
"H",5,2,1,-2,2,0,1,0
"H",5,2,1,-2,2,1,1,0
"H",5,2,1,-2,2,2,1,0
"H",5,2,1,-3,0,0,348,45
"H",5,2,1,-3,0,1,2,2
"H",5,2,1,-3,0,2,1,1
"H",5,2,1,-3,1,0,1,0
"H",5,2,1,-3,1,1,1,1
"H",5,2,1,-3,1,2,2,2
"H",5,2,1,-3,2,2,1,1
"H",5,2,1,-4,0,0,201,14
"H",5,2,1,-5,0,0,137,2
"H",5,2,1,-6,0,0,80,2
"H",5,2,1,-7,0,0,48,0
"H",5,2,1,-8,0,0,17,0
"H",5,2,1,-9,0,0,11,0
"H",5,2,1,0,0,0,935,530
"H",5,2,1,0,0,1,5,4
"H",5,2,1,0,0,2,3,2
"H",5,2,1,0,1,0,2,2
"H",5,2,1,0,1,1,1,1
"H",5,2,1,0,1,2,3,2
"H",5,2,1,0,2,0,1,1
"H",5,2,1,0,2,1,1,1
"H",5,2,1,1,0,0,686,514
"H",5,2,1,1,0,1,2,2
"H",5,2,1,1,0,2,2,2
"H",5,2,1,1,1,0,3,2
"H",5,2,1,1,1,2,2,2
"H",5,2,1,1,2,0,1,0
"H",5,2,1,1,2,1,1,0
"H",5,2,1,1,2,2,1,0
"H",5,2,1,1,3,2,1,0
"H",5,2,1,10,0,0,5,5
"H",5,2,1,11,0,0,3,3
"H",5,2,1,12,0,0,1,1
"H",5,2,1,2,0,0,498,427
"H",5,2,1,2,0,1,1,1
"H",5,2,1,2,0,2,1,1
"H",5,2,1,2,1,0,2,2
"H",5,2,1,2,1,1,2,2
"H",5,2,1,2,1,2,2,2
"H",5,2,1,3,0,0,308,282
"H",5,2,1,3,0,1,2,2
"H",5,2,1,3,1,1,1,1
"H",5,2,1,3,1,2,1,1
"H",5,2,1,4,0,0,232,224
"H",5,2,1,4,0,1,1,1
"H",5,2,1,4,1,0,1,1
"H",5,2,1,4,1,1,1,1
"H",5,2,1,4,1,2,1,1
"H",5,2,1,4,2,0,1,1
"H",5,2,1,4,2,2,1,1
"H",5,2,1,4,3,0,1,1
"H",5,2,1,5,0,0,122,117
"H",5,2,1,6,0,0,82,81
"H",5,2,1,7,0,0,41,41
"H",5,2,1,8,0,0,23,23
"H",5,2,1,9,0,0,10,10
"H",5,2,2,-1,0,0,403,159
"H",5,2,2,-1,0,1,1,0
"H",5,2,2,-1,1,0,2,0
"H",5,2,2,-1,2,0,2,0
"H",5,2,2,-1,2,1,2,0
"H",5,2,2,-1,3,1,1,0
"H",5,2,2,-10,0,0,2,0
"H",5,2,2,-11,0,0,1,0
"H",5,2,2,-13,0,0,1,0
"H",5,2,2,-14,0,0,1,0
"H",5,2,2,-15,0,0,1,0
"H",5,2,2,-2,0,0,271,62
"H",5,2,2,-2,0,1,1,0
"H",5,2,2,-3,0,0,215,29
"H",5,2,2,-3,0,1,1,1
"H",5,2,2,-4,0,0,142,19
"H",5,2,2,-5,0,0,82,6
"H",5,2,2,-6,0,0,43,2
"H",5,2,2,-7,0,0,30,1
"H",5,2,2,-8,0,0,16,0
"H",5,2,2,-9,0,0,4,0
"H",5,2,2,0,0,0,486,255
"H",5,2,2,0,0,1,1,1
"H",5,2,2,0,0,2,1,1
"H",5,2,2,0,1,2,1,1
"H",5,2,2,1,0,0,384,289
"H",5,2,2,1,0,1,1,1
"H",5,2,2,1,1,0,3,3
"H",5,2,2,1,1,1,2,2
"H",5,2,2,1,2,0,2,2
"H",5,2,2,1,3,0,2,2
"H",5,2,2,1,3,1,2,2
"H",5,2,2,1,3,2,1,1
"H",5,2,2,10,0,0,5,5
"H",5,2,2,11,0,0,3,3
"H",5,2,2,13,0,0,2,2
"H",5,2,2,14,0,0,1,1
"H",5,2,2,2,0,0,308,267
"H",5,2,2,2,0,1,2,1
"H",5,2,2,2,1,1,1,0
"H",5,2,2,3,0,0,209,188
"H",5,2,2,4,0,0,160,149
"H",5,2,2,4,0,1,1,1
"H",5,2,2,5,0,0,76,72
"H",5,2,2,6,0,0,56,56
"H",5,2,2,7,0,0,36,36
"H",5,2,2,8,0,0,23,23
"H",5,2,2,9,0,0,14,14
"H",5,2,3,-1,0,0,243,80
"H",5,2,3,-10,0,0,1,0
"H",5,2,3,-11,0,0,2,0
"H",5,2,3,-12,0,0,1,0
"H",5,2,3,-15,0,0,1,0
"H",5,2,3,-2,0,0,134,35
"H",5,2,3,-3,0,0,78,11
"H",5,2,3,-4,0,0,62,4
"H",5,2,3,-5,0,0,36,3
"H",5,2,3,-6,0,0,22,1
"H",5,2,3,-7,0,0,13,0
"H",5,2,3,-8,0,0,6,0
"H",5,2,3,-9,0,0,2,0
"H",5,2,3,0,0,0,312,182
"H",5,2,3,1,0,0,284,212
"H",5,2,3,1,1,0,1,1
"H",5,2,3,1,2,0,1,1
"H",5,2,3,1,3,0,1,1
"H",5,2,3,1,3,1,1,1
"H",5,2,3,10,0,0,2,2
"H",5,2,3,11,0,0,1,1
"H",5,2,3,12,0,0,1,1
"H",5,2,3,13,0,0,2,2
"H",5,2,3,2,0,0,217,182
"H",5,2,3,2,1,0,1,1
"H",5,2,3,2,2,0,1,1
"H",5,2,3,2,2,1,1,1
"H",5,2,3,2,3,1,1,1
"H",5,2,3,2,3,2,1,1
"H",5,2,3,3,0,0,171,148
"H",5,2,3,3,0,1,1,1
"H",5,2,3,3,0,2,1,1
"H",5,2,3,3,1,2,1,1
"H",5,2,3,4,0,0,125,120
"H",5,2,3,5,0,0,85,84
"H",5,2,3,5,0,1,1,1
"H",5,2,3,5,0,2,1,1
"H",5,2,3,5,1,2,1,1
"H",5,2,3,6,0,0,44,44
"H",5,2,3,7,0,0,30,30
"H",5,2,3,8,0,0,17,17
"H",5,2,3,9,0,0,7,7
"H",5,2,4,-1,0,0,111,48
"H",5,2,4,-2,0,0,99,27
"H",5,2,4,-3,0,0,77,9
"H",5,2,4,-3,1,0,1,0
"H",5,2,4,-3,2,0,1,0
"H",5,2,4,-3,2,1,1,0
"H",5,2,4,-3,3,1,1,0
"H",5,2,4,-3,3,2,1,0
"H",5,2,4,-4,0,0,56,4
"H",5,2,4,-5,0,0,29,2
"H",5,2,4,-6,0,0,18,1
"H",5,2,4,-7,0,0,9,1
"H",5,2,4,-8,0,0,6,0
"H",5,2,4,-9,0,0,1,0
"H",5,2,4,0,0,0,176,107
"H",5,2,4,1,0,0,107,76
"H",5,2,4,10,0,0,3,3
"H",5,2,4,11,0,0,2,2
"H",5,2,4,2,0,0,99,81
"H",5,2,4,3,0,0,54,49
"H",5,2,4,4,0,0,38,36
"H",5,2,4,5,0,0,23,23
"H",5,2,4,6,0,0,19,18
"H",5,2,4,7,0,0,14,14
"H",5,2,4,8,0,0,10,10
"H",5,2,4,9,0,0,7,7
"H",5,2,5,-1,0,0,105,38
"H",5,2,5,-10,0,0,1,0
"H",5,2,5,-11,0,0,1,0
"H",5,2,5,-14,0,0,1,0
"H",5,2,5,-2,0,0,56,12
"H",5,2,5,-3,0,0,30,2
"H",5,2,5,-4,0,0,18,2
"H",5,2,5,-4,1,0,1,0
"H",5,2,5,-5,0,0,10,0
"H",5,2,5,-6,0,0,10,0
"H",5,2,5,-7,0,0,3,0
"H",5,2,5,-8,0,0,3,0
"H",5,2,5,0,0,0,148,92
"H",5,2,5,0,0,1,1,1
"H",5,2,5,0,0,2,1,1
"H",5,2,5,0,1,0,1,0
"H",5,2,5,0,1,1,1,0
"H",5,2,5,0,1,2,1,0
"H",5,2,5,0,2,2,1,0
"H",5,2,5,1,0,0,133,106
"H",5,2,5,10,0,0,2,2
"H",5,2,5,11,0,0,2,2
"H",5,2,5,13,0,0,2,2
"H",5,2,5,2,0,0,109,92
"H",5,2,5,2,1,0,1,1
"H",5,2,5,2,2,0,1,1
"H",5,2,5,2,3,0,1,1
"H",5,2,5,2,3,1,1,1
"H",5,2,5,2,3,2,1,1
"H",5,2,5,3,0,0,91,82
"H",5,2,5,3,0,1,1,1
"H",5,2,5,3,0,2,1,1
"H",5,2,5,3,1,2,1,1
"H",5,2,5,3,2,2,1,1
"H",5,2,5,4,0,0,45,45
"H",5,2,5,5,0,0,43,41
"H",5,2,5,6,0,0,29,29
"H",5,2,5,7,0,0,17,17
"H",5,2,5,8,0,0,5,5
"H",5,2,5,9,0,0,8,8
"H",5,2,6,-1,0,0,76,30
"H",5,2,6,-2,0,0,43,9
"H",5,2,6,-3,0,0,30,5
"H",5,2,6,-3,1,0,1,0
"H",5,2,6,-4,0,0,27,1
"H",5,2,6,-5,0,0,11,0
"H",5,2,6,-6,0,0,6,1
"H",5,2,6,-7,0,0,7,0
"H",5,2,6,-8,0,0,5,0
"H",5,2,6,-9,0,0,1,0
"H",5,2,6,0,0,0,91,52
"H",5,2,6,1,0,0,76,61
"H",5,2,6,10,0,0,5,5
"H",5,2,6,11,0,0,1,1
"H",5,2,6,2,0,0,59,54
"H",5,2,6,3,0,0,53,49
"H",5,2,6,4,0,0,36,36
"H",5,2,6,5,0,0,27,26
"H",5,2,6,6,0,0,15,14
"H",5,2,6,7,0,0,8,8
"H",5,2,6,8,0,0,3,3
"H",5,2,6,9,0,0,8,8
"H",5,2,7,-1,0,0,67,28
"H",5,2,7,-10,0,0,3,0
"H",5,2,7,-2,0,0,42,11
"H",5,2,7,-2,0,1,1,0
"H",5,2,7,-2,0,2,1,0
"H",5,2,7,-3,0,0,22,5
"H",5,2,7,-4,0,0,19,3
"H",5,2,7,-5,0,0,18,2
"H",5,2,7,-6,0,0,5,2
"H",5,2,7,-7,0,0,4,0
"H",5,2,7,-8,0,0,3,0
"H",5,2,7,-9,0,0,1,0
"H",5,2,7,0,0,0,73,48
"H",5,2,7,0,1,0,1,1
"H",5,2,7,0,2,0,1,1
"H",5,2,7,0,2,1,1,1
"H",5,2,7,0,2,2,1,1
"H",5,2,7,0,3,2,1,1
"H",5,2,7,1,0,0,70,57
"H",5,2,7,1,0,1,1,1
"H",5,2,7,1,1,1,1,1
"H",5,2,7,1,1,2,1,1
"H",5,2,7,1,2,2,1,1
"H",5,2,7,10,0,0,2,2
"H",5,2,7,11,0,0,1,1
"H",5,2,7,2,0,0,69,59
"H",5,2,7,3,0,0,42,41
"H",5,2,7,4,0,0,21,20
"H",5,2,7,4,0,1,1,1
"H",5,2,7,4,1,1,1,1
"H",5,2,7,5,0,0,28,25
"H",5,2,7,5,0,1,1,1
"H",5,2,7,6,0,0,17,17
"H",5,2,7,7,0,0,4,4
"H",5,2,7,8,0,0,3,3
"H",5,2,7,9,0,0,6,6
"H",5,2,8,-1,0,0,32,18
"H",5,2,8,-2,0,0,38,13
"H",5,2,8,-3,0,0,19,5
"H",5,2,8,-4,0,0,10,2
"H",5,2,8,-5,0,0,7,1
"H",5,2,8,-6,0,0,8,0
"H",5,2,8,-6,0,1,1,0
"H",5,2,8,-6,0,2,1,0
"H",5,2,8,-6,1,2,1,0
"H",5,2,8,-6,2,2,1,0
"H",5,2,8,-7,0,0,1,0
"H",5,2,8,0,0,0,68,41
"H",5,2,8,1,0,0,39,29
"H",5,2,8,2,0,0,37,33
"H",5,2,8,3,0,0,19,17
"H",5,2,8,4,0,0,13,12
"H",5,2,8,5,0,0,11,10
"H",5,2,8,6,0,0,8,8
"H",5,2,8,7,0,0,3,3
"H",5,2,8,8,0,0,3,3
"H",5,2,8,9,0,0,2,2
"H",6,0,1,-1,0,0,1229,459
"H",6,0,1,-1,0,1,3,1
"H",6,0,1,-1,0,2,1,0
"H",6,0,1,-1,1,0,5,2
"H",6,0,1,-1,1,1,4,1
"H",6,0,1,-1,1,2,3,1
"H",6,0,1,-1,2,0,1,0
"H",6,0,1,-1,2,2,1,1
"H",6,0,1,-1,3,0,1,0
"H",6,0,1,-1,3,1,1,0
"H",6,0,1,-1,3,2,1,0
"H",6,0,1,-10,0,0,13,0
"H",6,0,1,-11,0,0,12,0
"H",6,0,1,-12,0,0,3,0
"H",6,0,1,-13,0,0,1,0
"H",6,0,1,-14,0,0,5,0
"H",6,0,1,-15,0,0,4,0
"H",6,0,1,-16,0,0,1,0
"H",6,0,1,-2,0,0,930,225
"H",6,0,1,-2,0,1,2,0
"H",6,0,1,-2,0,2,1,0
"H",6,0,1,-2,1,0,3,0
"H",6,0,1,-2,1,1,2,0
"H",6,0,1,-2,2,0,1,0
"H",6,0,1,-2,2,1,3,0
"H",6,0,1,-2,2,2,1,0
"H",6,0,1,-2,3,1,1,0
"H",6,0,1,-3,0,0,711,83
"H",6,0,1,-3,0,1,2,1
"H",6,0,1,-3,1,0,1,0
"H",6,0,1,-3,1,1,3,1
"H",6,0,1,-3,1,2,1,0
"H",6,0,1,-3,2,1,1,0
"H",6,0,1,-4,0,0,436,44
"H",6,0,1,-4,1,0,1,0
"H",6,0,1,-4,1,1,1,0
"H",6,0,1,-4,1,2,1,0
"H",6,0,1,-5,0,0,322,11
"H",6,0,1,-5,0,1,1,0
"H",6,0,1,-6,0,0,196,9
"H",6,0,1,-7,0,0,111,1
"H",6,0,1,-8,0,0,63,0
"H",6,0,1,-8,1,0,1,0
"H",6,0,1,-8,1,1,1,0
"H",6,0,1,-9,0,0,28,1
"H",6,0,1,0,0,0,1462,866
"H",6,0,1,0,0,1,4,3
"H",6,0,1,0,0,2,1,1
"H",6,0,1,0,1,0,5,3
"H",6,0,1,0,1,1,5,2
"H",6,0,1,0,1,2,4,2
"H",6,0,1,0,2,1,1,1
"H",6,0,1,0,2,2,4,3
"H",6,0,1,1,0,0,1162,951
"H",6,0,1,1,0,1,4,3
"H",6,0,1,1,1,0,3,2
"H",6,0,1,1,1,1,4,2
"H",6,0,1,1,1,2,2,1
"H",6,0,1,1,2,1,2,1
"H",6,0,1,1,2,2,1,0
"H",6,0,1,1,3,2,1,0
"H",6,0,1,10,0,0,14,14
"H",6,0,1,11,0,0,7,7
"H",6,0,1,12,0,0,3,3
"H",6,0,1,13,0,0,1,1
"H",6,0,1,14,0,0,1,1
"H",6,0,1,2,0,0,874,772
"H",6,0,1,2,0,1,1,1
"H",6,0,1,2,0,2,1,1
"H",6,0,1,2,1,0,7,6
"H",6,0,1,2,1,1,6,5
"H",6,0,1,2,1,2,1,1
"H",6,0,1,2,2,0,1,1
"H",6,0,1,2,2,1,4,3
"H",6,0,1,2,2,2,1,1
"H",6,0,1,2,3,1,2,1
"H",6,0,1,2,3,2,2,1
"H",6,0,1,3,0,0,598,557
"H",6,0,1,3,0,1,3,3
"H",6,0,1,3,0,2,3,3
"H",6,0,1,3,1,2,2,2
"H",6,0,1,3,2,2,1,1
"H",6,0,1,3,3,2,1,1
"H",6,0,1,4,0,0,367,352
"H",6,0,1,5,0,0,261,254
"H",6,0,1,5,1,0,1,1
"H",6,0,1,5,1,1,1,1
"H",6,0,1,5,1,2,1,1
"H",6,0,1,5,2,2,1,1
"H",6,0,1,6,0,0,160,160
"H",6,0,1,6,1,0,1,1
"H",6,0,1,6,1,1,1,1
"H",6,0,1,6,1,2,1,1
"H",6,0,1,7,0,0,82,82
"H",6,0,1,8,0,0,52,52
"H",6,0,1,9,0,0,28,28
"H",6,0,2,-1,0,0,328,147
"H",6,0,2,-10,0,0,2,0
"H",6,0,2,-11,0,0,3,0
"H",6,0,2,-14,0,0,2,0
"H",6,0,2,-2,0,0,261,70
"H",6,0,2,-2,0,1,1,0
"H",6,0,2,-2,0,2,1,0
"H",6,0,2,-2,1,0,1,0
"H",6,0,2,-2,1,1,1,0
"H",6,0,2,-3,0,0,198,31
"H",6,0,2,-4,0,0,146,19
"H",6,0,2,-5,0,0,86,3
"H",6,0,2,-6,0,0,53,3
"H",6,0,2,-7,0,0,29,1
"H",6,0,2,-8,0,0,13,0
"H",6,0,2,-9,0,0,6,0
"H",6,0,2,0,0,0,415,272
"H",6,0,2,1,0,0,326,271
"H",6,0,2,1,0,1,1,1
"H",6,0,2,1,0,2,1,1
"H",6,0,2,1,1,0,1,0
"H",6,0,2,10,0,0,2,2
"H",6,0,2,11,0,0,4,4
"H",6,0,2,12,0,0,1,1
"H",6,0,2,14,0,0,1,1
"H",6,0,2,2,0,0,279,250
"H",6,0,2,2,1,0,1,1
"H",6,0,2,3,0,0,189,178
"H",6,0,2,4,0,0,107,105
"H",6,0,2,5,0,0,81,80
"H",6,0,2,6,0,0,42,42
"H",6,0,2,7,0,0,29,29
"H",6,0,2,8,0,0,14,14
"H",6,0,2,9,0,0,15,15
"H",6,0,3,-1,0,0,79,33
"H",6,0,3,-11,0,0,1,0
"H",6,0,3,-14,0,0,2,0
"H",6,0,3,-15,0,0,1,0
"H",6,0,3,-2,0,0,66,26
"H",6,0,3,-3,0,0,39,9
"H",6,0,3,-4,0,0,19,4
"H",6,0,3,-5,0,0,9,0
"H",6,0,3,-6,0,0,12,0
"H",6,0,3,-7,0,0,8,0
"H",6,0,3,-8,0,0,1,0
"H",6,0,3,-9,0,0,3,1
"H",6,0,3,0,0,0,91,63
"H",6,0,3,1,0,0,87,74
"H",6,0,3,10,0,0,2,2
"H",6,0,3,11,0,0,1,1
"H",6,0,3,2,0,0,77,73
"H",6,0,3,3,0,0,50,45
"H",6,0,3,4,0,0,27,26
"H",6,0,3,5,0,0,12,11
"H",6,0,3,6,0,0,18,18
"H",6,0,3,7,0,0,9,9
"H",6,0,3,8,0,0,5,5
"H",6,0,3,9,0,0,5,5
"H",6,0,4,-1,0,0,57,31
"H",6,0,4,-11,0,0,1,0
"H",6,0,4,-14,0,0,1,0
"H",6,0,4,-2,0,0,73,23
"H",6,0,4,-3,0,0,50,12
"H",6,0,4,-4,0,0,46,6
"H",6,0,4,-5,0,0,18,1
"H",6,0,4,-6,0,0,11,2
"H",6,0,4,-7,0,0,6,0
"H",6,0,4,-8,0,0,6,0
"H",6,0,4,-9,0,0,3,0
"H",6,0,4,0,0,0,72,54
"H",6,0,4,0,0,1,1,0
"H",6,0,4,0,0,2,1,0
"H",6,0,4,1,0,0,64,58
"H",6,0,4,10,0,0,2,2
"H",6,0,4,12,0,0,1,1
"H",6,0,4,2,0,0,55,51
"H",6,0,4,3,0,0,39,37
"H",6,0,4,4,0,0,24,23
"H",6,0,4,5,0,0,18,18
"H",6,0,4,6,0,0,13,13
"H",6,0,4,7,0,0,7,7
"H",6,0,4,8,0,0,3,3
"H",6,0,4,9,0,0,2,2
"H",6,0,5,-1,0,0,21,13
"H",6,0,5,-10,0,0,1,0
"H",6,0,5,-2,0,0,28,13
"H",6,0,5,-3,0,0,11,1
"H",6,0,5,-4,0,0,11,4
"H",6,0,5,-5,0,0,6,0
"H",6,0,5,-6,0,0,5,1
"H",6,0,5,-7,0,0,1,0
"H",6,0,5,0,0,0,27,19
"H",6,0,5,1,0,0,25,23
"H",6,0,5,10,0,0,2,2
"H",6,0,5,2,0,0,49,45
"H",6,0,5,3,0,0,22,22
"H",6,0,5,3,1,0,1,1
"H",6,0,5,3,1,1,1,1
"H",6,0,5,4,0,0,13,13
"H",6,0,5,5,0,0,11,10
"H",6,0,5,6,0,0,6,6
"H",6,0,5,7,0,0,2,2
"H",6,0,5,8,0,0,4,4
"H",6,0,5,9,0,0,2,2
"H",6,0,6,-1,0,0,29,17
"H",6,0,6,-2,0,0,20,8
"H",6,0,6,-3,0,0,19,8
"H",6,0,6,-4,0,0,5,3
"H",6,0,6,-5,0,0,6,1
"H",6,0,6,-6,0,0,6,0
"H",6,0,6,-7,0,0,5,0
"H",6,0,6,0,0,0,30,24
"H",6,0,6,0,1,0,1,1
"H",6,0,6,1,0,0,28,24
"H",6,0,6,10,0,0,2,2
"H",6,0,6,11,0,0,1,1
"H",6,0,6,2,0,0,25,24
"H",6,0,6,3,0,0,12,12
"H",6,0,6,4,0,0,8,8
"H",6,0,6,5,0,0,6,6
"H",6,0,6,6,0,0,7,7
"H",6,0,6,7,0,0,4,4
"H",6,0,6,8,0,0,1,1
"H",6,0,6,9,0,0,1,1
"H",6,0,7,-1,0,0,15,8
"H",6,0,7,-10,0,0,1,0
"H",6,0,7,-2,0,0,11,5
"H",6,0,7,-3,0,0,7,2
"H",6,0,7,-4,0,0,6,3
"H",6,0,7,-5,0,0,3,1
"H",6,0,7,-6,0,0,4,1
"H",6,0,7,-7,0,0,1,0
"H",6,0,7,-8,0,0,2,0
"H",6,0,7,-9,0,0,1,1
"H",6,0,7,0,0,0,16,14
"H",6,0,7,1,0,0,20,20
"H",6,0,7,2,0,0,16,15
"H",6,0,7,3,0,0,6,6
"H",6,0,7,4,0,0,4,4
"H",6,0,7,5,0,0,6,6
"H",6,0,7,6,0,0,5,5
"H",6,0,7,7,0,0,1,1
"H",6,0,7,8,0,0,3,3
"H",6,0,7,9,0,0,2,2
"H",6,0,8,-1,0,0,14,10
"H",6,0,8,-2,0,0,14,5
"H",6,0,8,-3,0,0,8,2
"H",6,0,8,-4,0,0,5,1
"H",6,0,8,-5,0,0,4,1
"H",6,0,8,-6,0,0,3,1
"H",6,0,8,-8,0,0,2,0
"H",6,0,8,-9,0,0,1,0
"H",6,0,8,0,0,0,28,23
"H",6,0,8,1,0,0,27,27
"H",6,0,8,2,0,0,16,15
"H",6,0,8,3,0,0,7,7
"H",6,0,8,4,0,0,11,11
"H",6,0,8,5,0,0,3,3
"H",6,0,8,6,0,0,4,4
"H",6,0,8,7,0,0,4,4
"H",6,1,1,-1,0,0,856,290
"H",6,1,1,-1,0,1,3,2
"H",6,1,1,-1,0,2,1,0
"H",6,1,1,-1,1,0,4,0
"H",6,1,1,-1,1,1,2,1
"H",6,1,1,-1,1,2,1,0
"H",6,1,1,-1,2,1,1,0
"H",6,1,1,-10,0,0,10,0
"H",6,1,1,-11,0,0,8,0
"H",6,1,1,-12,0,0,3,0
"H",6,1,1,-13,0,0,1,0
"H",6,1,1,-14,0,0,2,0
"H",6,1,1,-15,0,0,3,0
"H",6,1,1,-16,0,0,1,0
"H",6,1,1,-2,0,0,628,134
"H",6,1,1,-2,1,0,1,0
"H",6,1,1,-3,0,0,482,45
"H",6,1,1,-3,0,1,2,1
"H",6,1,1,-3,1,0,2,1
"H",6,1,1,-3,1,1,1,0
"H",6,1,1,-4,0,0,271,20
"H",6,1,1,-4,1,0,1,0
"H",6,1,1,-4,2,0,1,0
"H",6,1,1,-4,3,0,1,0
"H",6,1,1,-4,3,1,1,0
"H",6,1,1,-5,0,0,227,9
"H",6,1,1,-5,0,1,1,0
"H",6,1,1,-5,1,0,1,0
"H",6,1,1,-5,1,1,1,0
"H",6,1,1,-5,1,2,1,0
"H",6,1,1,-6,0,0,130,5
"H",6,1,1,-7,0,0,76,1
"H",6,1,1,-8,0,0,48,0
"H",6,1,1,-9,0,0,19,0
"H",6,1,1,0,0,0,1005,562
"H",6,1,1,0,0,1,3,1
"H",6,1,1,0,0,2,3,1
"H",6,1,1,0,1,0,3,2
"H",6,1,1,0,1,2,2,1
"H",6,1,1,1,0,0,789,638
"H",6,1,1,1,0,1,2,2
"H",6,1,1,1,0,2,2,2
"H",6,1,1,1,1,0,3,2
"H",6,1,1,1,1,1,1,1
"H",6,1,1,1,1,2,2,2
"H",6,1,1,1,2,2,1,1
"H",6,1,1,1,3,2,1,1
"H",6,1,1,10,0,0,10,10
"H",6,1,1,11,0,0,3,3
"H",6,1,1,12,0,0,2,2
"H",6,1,1,13,0,0,1,1
"H",6,1,1,2,0,0,561,491
"H",6,1,1,2,0,1,4,4
"H",6,1,1,2,0,2,2,2
"H",6,1,1,2,1,0,2,1
"H",6,1,1,2,1,1,2,1
"H",6,1,1,2,1,2,1,1
"H",6,1,1,2,2,1,2,1
"H",6,1,1,2,2,2,2,2
"H",6,1,1,2,3,1,1,0
"H",6,1,1,2,3,2,1,1
"H",6,1,1,3,0,0,414,382
"H",6,1,1,3,0,1,1,1
"H",6,1,1,3,1,0,1,1
"H",6,1,1,3,1,1,1,1
"H",6,1,1,4,0,0,260,248
"H",6,1,1,5,0,0,181,175
"H",6,1,1,5,0,1,1,1
"H",6,1,1,5,1,1,1,1
"H",6,1,1,6,0,0,113,113
"H",6,1,1,6,0,1,1,1
"H",6,1,1,6,0,2,1,1
"H",6,1,1,7,0,0,60,60
"H",6,1,1,8,0,0,38,38
"H",6,1,1,9,0,0,17,17
"H",6,1,2,-1,0,0,365,164
"H",6,1,2,-1,0,1,2,1
"H",6,1,2,-1,1,0,1,1
"H",6,1,2,-1,1,1,3,2
"H",6,1,2,-1,1,2,3,2
"H",6,1,2,-1,2,2,2,1
"H",6,1,2,-1,3,2,1,1
"H",6,1,2,-10,0,0,3,0
"H",6,1,2,-11,0,0,4,0
"H",6,1,2,-14,0,0,2,0
"H",6,1,2,-2,0,0,301,80
"H",6,1,2,-2,0,1,2,0
"H",6,1,2,-2,0,2,1,0
"H",6,1,2,-2,1,1,1,0
"H",6,1,2,-3,0,0,223,28
"H",6,1,2,-3,0,1,2,2
"H",6,1,2,-3,0,2,1,1
"H",6,1,2,-3,1,0,1,1
"H",6,1,2,-4,0,0,157,17
"H",6,1,2,-4,0,1,1,0
"H",6,1,2,-4,1,1,1,0
"H",6,1,2,-5,0,0,111,6
"H",6,1,2,-6,0,0,70,1
"H",6,1,2,-7,0,0,33,1
"H",6,1,2,-8,0,0,24,0
"H",6,1,2,-8,0,1,1,0
"H",6,1,2,-8,1,1,1,0
"H",6,1,2,-9,0,0,6,0
"H",6,1,2,0,0,0,433,266
"H",6,1,2,1,0,0,370,309
"H",6,1,2,1,0,1,2,2
"H",6,1,2,1,0,2,1,1
"H",6,1,2,1,1,0,1,1
"H",6,1,2,10,0,0,9,9
"H",6,1,2,11,0,0,5,5
"H",6,1,2,12,0,0,2,2
"H",6,1,2,2,0,0,264,233
"H",6,1,2,2,0,1,1,1
"H",6,1,2,2,0,2,1,1
"H",6,1,2,2,1,0,1,0
"H",6,1,2,2,1,2,1,1
"H",6,1,2,3,0,0,217,203
"H",6,1,2,3,1,0,1,1
"H",6,1,2,3,1,1,1,1
"H",6,1,2,4,0,0,135,128
"H",6,1,2,5,0,0,75,75
"H",6,1,2,6,0,0,59,59
"H",6,1,2,7,0,0,39,39
"H",6,1,2,8,0,0,18,18
"H",6,1,2,9,0,0,13,13
"H",6,1,3,-1,0,0,194,80
"H",6,1,3,-11,0,0,1,0
"H",6,1,3,-14,0,0,1,0
"H",6,1,3,-15,0,0,1,0
"H",6,1,3,-2,0,0,114,26
"H",6,1,3,-3,0,0,75,9
"H",6,1,3,-4,0,0,40,5
"H",6,1,3,-5,0,0,34,1
"H",6,1,3,-6,0,0,17,2
"H",6,1,3,-7,0,0,9,0
"H",6,1,3,-8,0,0,5,0
"H",6,1,3,-9,0,0,5,0
"H",6,1,3,0,0,0,267,153
"H",6,1,3,0,1,0,1,1
"H",6,1,3,0,1,1,1,1
"H",6,1,3,0,1,2,1,1
"H",6,1,3,1,0,0,203,167
"H",6,1,3,1,1,0,1,1
"H",6,1,3,1,2,0,1,1
"H",6,1,3,1,3,0,1,1
"H",6,1,3,10,0,0,4,4
"H",6,1,3,11,0,0,3,3
"H",6,1,3,12,0,0,1,1
"H",6,1,3,14,0,0,1,1
"H",6,1,3,2,0,0,199,180
"H",6,1,3,2,0,1,1,1
"H",6,1,3,2,1,0,2,2
"H",6,1,3,2,1,1,2,2
"H",6,1,3,3,0,0,165,155
"H",6,1,3,4,0,0,88,85
"H",6,1,3,5,0,0,60,58
"H",6,1,3,6,0,0,38,38
"H",6,1,3,7,0,0,24,24
"H",6,1,3,8,0,0,15,15
"H",6,1,3,9,0,0,7,7
"H",6,1,4,-1,0,0,115,66
"H",6,1,4,-1,0,1,2,1
"H",6,1,4,-10,0,0,3,0
"H",6,1,4,-11,0,0,2,0
"H",6,1,4,-14,0,0,1,0
"H",6,1,4,-2,0,0,95,31
"H",6,1,4,-2,0,1,2,1
"H",6,1,4,-2,1,1,2,1
"H",6,1,4,-2,1,2,1,0
"H",6,1,4,-3,0,0,63,16
"H",6,1,4,-4,0,0,58,10
"H",6,1,4,-5,0,0,36,2
"H",6,1,4,-6,0,0,23,0
"H",6,1,4,-7,0,0,11,0
"H",6,1,4,-8,0,0,8,0
"H",6,1,4,-9,0,0,3,0
"H",6,1,4,0,0,0,127,74
"H",6,1,4,1,0,0,114,96
"H",6,1,4,1,1,0,1,1
"H",6,1,4,1,1,1,1,1
"H",6,1,4,1,2,1,1,1
"H",6,1,4,10,0,0,2,2
"H",6,1,4,12,0,0,1,1
"H",6,1,4,2,0,0,80,69
"H",6,1,4,3,0,0,68,60
"H",6,1,4,4,0,0,38,37
"H",6,1,4,5,0,0,34,34
"H",6,1,4,6,0,0,14,14
"H",6,1,4,7,0,0,14,14
"H",6,1,4,8,0,0,4,4
"H",6,1,4,9,0,0,4,4
"H",6,1,5,-1,0,0,77,36
"H",6,1,5,-10,0,0,1,0
"H",6,1,5,-11,0,0,2,0
"H",6,1,5,-2,0,0,49,18
"H",6,1,5,-3,0,0,37,6
"H",6,1,5,-4,0,0,18,5
"H",6,1,5,-5,0,0,9,0
"H",6,1,5,-6,0,0,9,1
"H",6,1,5,-7,0,0,3,0
"H",6,1,5,-8,0,0,4,0
"H",6,1,5,-8,0,1,1,0
"H",6,1,5,-8,1,1,1,0
"H",6,1,5,-9,0,0,1,0
"H",6,1,5,0,0,0,99,72
"H",6,1,5,1,0,0,90,75
"H",6,1,5,10,0,0,2,2
"H",6,1,5,11,0,0,2,2
"H",6,1,5,2,0,0,84,77
"H",6,1,5,3,0,0,72,70
"H",6,1,5,3,1,0,1,1
"H",6,1,5,3,1,1,1,1
"H",6,1,5,3,2,1,1,1
"H",6,1,5,3,3,1,1,1
"H",6,1,5,3,3,2,1,1
"H",6,1,5,4,0,0,51,49
"H",6,1,5,4,0,1,1,1
"H",6,1,5,4,0,2,1,1
"H",6,1,5,4,1,2,1,1
"H",6,1,5,4,2,2,1,1
"H",6,1,5,4,3,2,1,1
"H",6,1,5,5,0,0,37,36
"H",6,1,5,6,0,0,19,18
"H",6,1,5,7,0,0,9,9
"H",6,1,5,8,0,0,7,7
"H",6,1,5,9,0,0,10,10
"H",6,1,6,-1,0,0,56,28
"H",6,1,6,-11,0,0,1,0
"H",6,1,6,-2,0,0,38,10
"H",6,1,6,-3,0,0,36,10
"H",6,1,6,-3,1,0,1,1
"H",6,1,6,-3,2,0,1,1
"H",6,1,6,-3,2,1,1,1
"H",6,1,6,-4,0,0,26,3
"H",6,1,6,-5,0,0,15,2
"H",6,1,6,-6,0,0,9,1
"H",6,1,6,-7,0,0,4,0
"H",6,1,6,-8,0,0,2,0
"H",6,1,6,-9,0,0,3,0
"H",6,1,6,0,0,0,71,55
"H",6,1,6,1,0,0,67,56
"H",6,1,6,10,0,0,2,2
"H",6,1,6,11,0,0,1,1
"H",6,1,6,2,0,0,41,38
"H",6,1,6,2,0,1,2,2
"H",6,1,6,2,0,2,2,2
"H",6,1,6,2,1,2,1,1
"H",6,1,6,3,0,0,41,38
"H",6,1,6,4,0,0,29,28
"H",6,1,6,5,0,0,19,19
"H",6,1,6,6,0,0,16,16
"H",6,1,6,7,0,0,13,13
"H",6,1,6,8,0,0,4,4
"H",6,1,6,9,0,0,4,4
"H",6,1,7,-1,0,0,50,29
"H",6,1,7,-10,0,0,1,0
"H",6,1,7,-2,0,0,52,20
"H",6,1,7,-3,0,0,33,6
"H",6,1,7,-4,0,0,19,5
"H",6,1,7,-5,0,0,15,1
"H",6,1,7,-6,0,0,5,0
"H",6,1,7,-7,0,0,5,1
"H",6,1,7,-8,0,0,2,0
"H",6,1,7,-9,0,0,1,0
"H",6,1,7,0,0,0,63,49
"H",6,1,7,1,0,0,57,51
"H",6,1,7,10,0,0,2,2
"H",6,1,7,12,0,0,1,1
"H",6,1,7,2,0,0,59,57
"H",6,1,7,3,0,0,41,38
"H",6,1,7,4,0,0,17,16
"H",6,1,7,5,0,0,21,21
"H",6,1,7,6,0,0,18,18
"H",6,1,7,7,0,0,10,10
"H",6,1,7,8,0,0,1,1
"H",6,1,7,9,0,0,4,4
"H",6,1,8,-1,0,0,40,22
"H",6,1,8,-1,1,0,1,1
"H",6,1,8,-1,1,1,1,1
"H",6,1,8,-13,0,0,1,0
"H",6,1,8,-14,0,0,1,0
"H",6,1,8,-2,0,0,23,8
"H",6,1,8,-3,0,0,16,4
"H",6,1,8,-4,0,0,19,7
"H",6,1,8,-5,0,0,8,2
"H",6,1,8,-6,0,0,7,0
"H",6,1,8,-7,0,0,2,0
"H",6,1,8,-8,0,0,4,0
"H",6,1,8,0,0,0,54,41
"H",6,1,8,1,0,0,43,39
"H",6,1,8,12,0,0,1,1
"H",6,1,8,2,0,0,39,35
"H",6,1,8,3,0,0,19,18
"H",6,1,8,4,0,0,13,13
"H",6,1,8,5,0,0,14,14
"H",6,1,8,6,0,0,11,11
"H",6,1,8,7,0,0,7,7
"H",6,1,8,8,0,0,3,3
"H",6,2,1,-1,0,0,652,196
"H",6,2,1,-1,0,1,1,0
"H",6,2,1,-1,1,0,3,1
"H",6,2,1,-1,1,1,2,0
"H",6,2,1,-1,1,2,1,0
"H",6,2,1,-1,2,0,1,1
"H",6,2,1,-1,2,1,2,1
"H",6,2,1,-1,2,2,2,1
"H",6,2,1,-1,3,1,1,0
"H",6,2,1,-1,3,2,1,0
"H",6,2,1,-10,0,0,10,0
"H",6,2,1,-11,0,0,5,0
"H",6,2,1,-12,0,0,3,0
"H",6,2,1,-13,0,0,1,0
"H",6,2,1,-14,0,0,1,0
"H",6,2,1,-15,0,0,3,0
"H",6,2,1,-16,0,0,1,0
"H",6,2,1,-2,0,0,465,81
"H",6,2,1,-2,0,1,1,0
"H",6,2,1,-2,1,1,1,0
"H",6,2,1,-2,2,1,1,0
"H",6,2,1,-3,0,0,360,32
"H",6,2,1,-3,0,1,1,0
"H",6,2,1,-3,1,0,1,0
"H",6,2,1,-3,1,1,2,0
"H",6,2,1,-3,1,2,1,0
"H",6,2,1,-3,2,1,1,0
"H",6,2,1,-4,0,0,194,8
"H",6,2,1,-5,0,0,165,3
"H",6,2,1,-5,0,1,1,0
"H",6,2,1,-5,0,2,1,0
"H",6,2,1,-5,1,0,1,0
"H",6,2,1,-5,1,1,1,0
"H",6,2,1,-5,1,2,2,0
"H",6,2,1,-5,2,2,1,0
"H",6,2,1,-5,3,2,1,0
"H",6,2,1,-6,0,0,90,2
"H",6,2,1,-7,0,0,60,1
"H",6,2,1,-8,0,0,23,0
"H",6,2,1,-9,0,0,12,0
"H",6,2,1,0,0,0,801,440
"H",6,2,1,0,0,1,6,4
"H",6,2,1,0,0,2,2,1
"H",6,2,1,0,1,0,2,1
"H",6,2,1,0,1,1,4,2
"H",6,2,1,0,1,2,1,1
"H",6,2,1,0,2,1,1,0
"H",6,2,1,1,0,0,604,476
"H",6,2,1,1,1,0,3,1
"H",6,2,1,1,1,1,1,0
"H",6,2,1,1,1,2,1,0
"H",6,2,1,1,2,0,1,0
"H",6,2,1,1,2,2,1,0
"H",6,2,1,1,3,2,1,0
"H",6,2,1,10,0,0,11,11
"H",6,2,1,11,0,0,4,4
"H",6,2,1,12,0,0,3,3
"H",6,2,1,13,0,0,1,1
"H",6,2,1,2,0,0,479,411
"H",6,2,1,2,0,1,2,2
"H",6,2,1,2,0,2,1,1
"H",6,2,1,2,1,0,2,1
"H",6,2,1,2,1,1,1,1
"H",6,2,1,2,1,2,1,1
"H",6,2,1,3,0,0,320,292
"H",6,2,1,3,0,1,2,2
"H",6,2,1,3,1,1,2,2
"H",6,2,1,3,2,1,1,1
"H",6,2,1,3,3,1,1,1
"H",6,2,1,3,3,2,1,1
"H",6,2,1,4,0,0,216,210
"H",6,2,1,5,0,0,162,156
"H",6,2,1,5,0,1,1,1
"H",6,2,1,5,0,2,1,1
"H",6,2,1,5,1,0,1,1
"H",6,2,1,5,1,1,1,1
"H",6,2,1,5,2,1,1,1
"H",6,2,1,5,3,1,1,1
"H",6,2,1,6,0,0,99,99
"H",6,2,1,6,0,1,1,1
"H",6,2,1,6,0,2,1,1
"H",6,2,1,7,0,0,53,53
"H",6,2,1,8,0,0,37,37
"H",6,2,1,9,0,0,21,21
"H",6,2,2,-1,0,0,353,115
"H",6,2,2,-1,0,1,1,0
"H",6,2,2,-1,0,2,1,0
"H",6,2,2,-1,1,0,3,1
"H",6,2,2,-1,1,1,2,0
"H",6,2,2,-10,0,0,2,0
"H",6,2,2,-11,0,0,1,0
"H",6,2,2,-12,0,0,1,0
"H",6,2,2,-13,0,0,1,0
"H",6,2,2,-14,0,0,2,0
"H",6,2,2,-15,0,0,1,0
"H",6,2,2,-2,0,0,294,56
"H",6,2,2,-2,0,1,1,0
"H",6,2,2,-2,1,0,1,0
"H",6,2,2,-3,0,0,222,23
"H",6,2,2,-3,0,1,2,1
"H",6,2,2,-3,1,1,2,1
"H",6,2,2,-3,1,2,1,0
"H",6,2,2,-4,0,0,144,5
"H",6,2,2,-5,0,0,115,5
"H",6,2,2,-6,0,0,62,1
"H",6,2,2,-7,0,0,39,0
"H",6,2,2,-8,0,0,22,0
"H",6,2,2,-9,0,0,8,0
"H",6,2,2,0,0,0,409,226
"H",6,2,2,0,1,0,1,0
"H",6,2,2,0,2,0,1,0
"H",6,2,2,1,0,0,379,297
"H",6,2,2,1,0,1,1,1
"H",6,2,2,1,0,2,1,1
"H",6,2,2,1,1,2,1,1
"H",6,2,2,10,0,0,8,8
"H",6,2,2,11,0,0,8,8
"H",6,2,2,12,0,0,4,4
"H",6,2,2,13,0,0,3,3
"H",6,2,2,14,0,0,1,1
"H",6,2,2,16,0,0,1,1
"H",6,2,2,2,0,0,300,257
"H",6,2,2,3,0,0,215,199
"H",6,2,2,3,1,0,2,2
"H",6,2,2,3,1,1,2,2
"H",6,2,2,3,2,1,2,2
"H",6,2,2,4,0,0,147,141
"H",6,2,2,5,0,0,99,97
"H",6,2,2,5,1,0,1,1
"H",6,2,2,5,1,1,1,1
"H",6,2,2,5,1,2,1,1
"H",6,2,2,5,2,2,1,1
"H",6,2,2,6,0,0,59,58
"H",6,2,2,7,0,0,39,39
"H",6,2,2,8,0,0,31,31
"H",6,2,2,9,0,0,24,24
"H",6,2,3,-1,0,0,253,80
"H",6,2,3,-1,1,0,1,0
"H",6,2,3,-1,1,1,1,0
"H",6,2,3,-1,1,2,1,0
"H",6,2,3,-1,2,2,1,0
"H",6,2,3,-11,0,0,3,0
"H",6,2,3,-14,0,0,1,0
"H",6,2,3,-15,0,0,2,0
"H",6,2,3,-2,0,0,144,26
"H",6,2,3,-3,0,0,94,6
"H",6,2,3,-3,0,1,2,1
"H",6,2,3,-3,1,1,2,1
"H",6,2,3,-3,1,2,2,1
"H",6,2,3,-3,2,2,1,1
"H",6,2,3,-3,3,2,1,1
"H",6,2,3,-4,0,0,50,2
"H",6,2,3,-5,0,0,44,4
"H",6,2,3,-6,0,0,24,1
"H",6,2,3,-7,0,0,16,0
"H",6,2,3,-8,0,0,7,0
"H",6,2,3,-9,0,0,2,0
"H",6,2,3,0,0,0,302,186
"H",6,2,3,0,1,0,3,3
"H",6,2,3,0,1,1,2,2
"H",6,2,3,0,2,1,1,1
"H",6,2,3,1,0,0,280,209
"H",6,2,3,1,1,0,1,1
"H",6,2,3,1,2,0,1,1
"H",6,2,3,1,2,1,1,1
"H",6,2,3,10,0,0,4,4
"H",6,2,3,11,0,0,7,7
"H",6,2,3,12,0,0,5,5
"H",6,2,3,13,0,0,2,2
"H",6,2,3,14,0,0,2,2
"H",6,2,3,2,0,0,239,214
"H",6,2,3,2,1,0,1,1
"H",6,2,3,2,1,1,1,1
"H",6,2,3,2,1,2,1,1
"H",6,2,3,3,0,0,186,176
"H",6,2,3,3,1,0,1,1
"H",6,2,3,3,1,1,1,1
"H",6,2,3,3,2,1,1,1
"H",6,2,3,4,0,0,98,97
"H",6,2,3,5,0,0,81,78
"H",6,2,3,5,1,0,1,1
"H",6,2,3,5,1,1,1,1
"H",6,2,3,5,1,2,1,1
"H",6,2,3,5,2,2,1,1
"H",6,2,3,5,3,2,1,1
"H",6,2,3,6,0,0,42,41
"H",6,2,3,7,0,0,36,36
"H",6,2,3,8,0,0,24,24
"H",6,2,3,9,0,0,13,13
"H",6,2,4,-1,0,0,118,49
"H",6,2,4,-1,1,0,1,0
"H",6,2,4,-1,2,0,1,0
"H",6,2,4,-1,2,1,1,0
"H",6,2,4,-1,3,1,1,0
"H",6,2,4,-1,3,2,1,0
"H",6,2,4,-10,0,0,2,0
"H",6,2,4,-11,0,0,2,0
"H",6,2,4,-15,0,0,1,0
"H",6,2,4,-2,0,0,95,18
"H",6,2,4,-3,0,0,87,16
"H",6,2,4,-4,0,0,57,5
"H",6,2,4,-5,0,0,45,1
"H",6,2,4,-6,0,0,20,0
"H",6,2,4,-7,0,0,26,0
"H",6,2,4,-8,0,0,10,0
"H",6,2,4,-9,0,0,6,0
"H",6,2,4,0,0,0,134,79
"H",6,2,4,1,0,0,131,102
"H",6,2,4,10,0,0,3,3
"H",6,2,4,11,0,0,2,2
"H",6,2,4,12,0,0,1,1
"H",6,2,4,13,0,0,1,1
"H",6,2,4,14,0,0,2,2
"H",6,2,4,15,0,0,1,1
"H",6,2,4,2,0,0,99,91
"H",6,2,4,3,0,0,82,73
"H",6,2,4,4,0,0,58,57
"H",6,2,4,5,0,0,41,40
"H",6,2,4,5,0,1,1,1
"H",6,2,4,6,0,0,18,18
"H",6,2,4,7,0,0,14,14
"H",6,2,4,8,0,0,8,8
"H",6,2,4,9,0,0,6,6
"H",6,2,5,-1,0,0,88,25
"H",6,2,5,-2,0,0,63,18
"H",6,2,5,-3,0,0,54,5
"H",6,2,5,-4,0,0,32,2
"H",6,2,5,-5,0,0,17,1
"H",6,2,5,-6,0,0,11,2
"H",6,2,5,-7,0,0,3,0
"H",6,2,5,-8,0,0,3,0
"H",6,2,5,-8,1,0,1,0
"H",6,2,5,-8,2,0,1,0
"H",6,2,5,-8,2,1,1,0
"H",6,2,5,-8,3,1,1,0
"H",6,2,5,-9,0,0,1,0
"H",6,2,5,0,0,0,121,71
"H",6,2,5,0,0,1,1,1
"H",6,2,5,0,0,2,1,1
"H",6,2,5,0,1,2,1,1
"H",6,2,5,0,2,2,1,1
"H",6,2,5,0,3,2,1,1
"H",6,2,5,1,0,0,127,108
"H",6,2,5,10,0,0,7,7
"H",6,2,5,11,0,0,4,4
"H",6,2,5,13,0,0,2,2
"H",6,2,5,15,0,0,1,1
"H",6,2,5,2,0,0,108,93
"H",6,2,5,2,0,1,1,1
"H",6,2,5,2,0,2,1,1
"H",6,2,5,2,1,2,1,1
"H",6,2,5,3,0,0,88,86
"H",6,2,5,4,0,0,63,61
"H",6,2,5,5,0,0,31,29
"H",6,2,5,6,0,0,23,22
"H",6,2,5,7,0,0,17,17
"H",6,2,5,8,0,0,21,21
"H",6,2,5,9,0,0,8,8
"H",6,2,6,-1,0,0,79,29
"H",6,2,6,-1,0,1,1,1
"H",6,2,6,-1,0,2,1,1
"H",6,2,6,-1,1,2,1,1
"H",6,2,6,-1,2,2,1,1
"H",6,2,6,-10,0,0,1,0
"H",6,2,6,-2,0,0,50,10
"H",6,2,6,-3,0,0,35,10
"H",6,2,6,-4,0,0,33,2
"H",6,2,6,-5,0,0,19,1
"H",6,2,6,-6,0,0,13,0
"H",6,2,6,-7,0,0,5,0
"H",6,2,6,-8,0,0,6,0
"H",6,2,6,-8,0,1,1,0
"H",6,2,6,-8,0,2,1,0
"H",6,2,6,-9,0,0,1,0
"H",6,2,6,0,0,0,82,50
"H",6,2,6,0,0,1,1,1
"H",6,2,6,1,0,0,79,56
"H",6,2,6,10,0,0,3,3
"H",6,2,6,11,0,0,4,4
"H",6,2,6,2,0,0,59,52
"H",6,2,6,2,1,0,1,1
"H",6,2,6,2,2,0,1,1
"H",6,2,6,3,0,0,56,53
"H",6,2,6,3,1,0,1,1
"H",6,2,6,4,0,0,40,39
"H",6,2,6,5,0,0,21,21
"H",6,2,6,6,0,0,9,9
"H",6,2,6,7,0,0,20,20
"H",6,2,6,8,0,0,4,4
"H",6,2,6,9,0,0,6,6
"H",6,2,7,-1,0,0,64,22
"H",6,2,7,-1,1,0,1,0
"H",6,2,7,-1,2,0,1,0
"H",6,2,7,-1,2,1,1,0
"H",6,2,7,-1,2,2,1,0
"H",6,2,7,-1,3,2,1,0
"H",6,2,7,-12,0,0,1,0
"H",6,2,7,-2,0,0,55,11
"H",6,2,7,-2,0,1,1,0
"H",6,2,7,-2,0,2,1,0
"H",6,2,7,-3,0,0,25,7
"H",6,2,7,-4,0,0,23,2
"H",6,2,7,-5,0,0,17,0
"H",6,2,7,-6,0,0,9,0
"H",6,2,7,-7,0,0,4,0
"H",6,2,7,-8,0,0,4,0
"H",6,2,7,0,0,0,64,42
"H",6,2,7,1,0,0,81,67
"H",6,2,7,10,0,0,3,3
"H",6,2,7,11,0,0,2,2
"H",6,2,7,12,0,0,1,1
"H",6,2,7,2,0,0,61,55
"H",6,2,7,3,0,0,50,45
"H",6,2,7,4,0,0,26,26
"H",6,2,7,5,0,0,19,19
"H",6,2,7,5,0,1,1,1
"H",6,2,7,5,0,2,1,1
"H",6,2,7,6,0,0,12,12
"H",6,2,7,7,0,0,9,9
"H",6,2,7,8,0,0,4,4
"H",6,2,7,9,0,0,1,1
"H",6,2,8,-1,0,0,49,20
"H",6,2,8,-10,0,0,1,0
"H",6,2,8,-12,0,0,1,0
"H",6,2,8,-2,0,0,34,6
"H",6,2,8,-3,0,0,27,11
"H",6,2,8,-4,0,0,17,2
"H",6,2,8,-5,0,0,10,0
"H",6,2,8,-6,0,0,6,0
"H",6,2,8,-7,0,0,3,0
"H",6,2,8,-8,0,0,1,0
"H",6,2,8,-9,0,0,2,0
"H",6,2,8,0,0,0,57,42
"H",6,2,8,1,0,0,50,39
"H",6,2,8,10,0,0,1,1
"H",6,2,8,11,0,0,1,1
"H",6,2,8,12,0,0,2,2
"H",6,2,8,13,0,0,1,1
"H",6,2,8,15,0,0,1,1
"H",6,2,8,16,0,0,1,1
"H",6,2,8,17,0,0,1,1
"H",6,2,8,2,0,0,45,39
"H",6,2,8,3,0,0,30,28
"H",6,2,8,4,0,0,18,18
"H",6,2,8,5,0,0,16,16
"H",6,2,8,6,0,0,11,11
"H",6,2,8,7,0,0,8,8
"H",6,2,8,8,0,0,3,3
"H",6,2,8,9,0,0,2,2
"H",7,0,1,-1,0,0,1125,362
"H",7,0,1,-1,0,1,2,0
"H",7,0,1,-1,0,2,1,0
"H",7,0,1,-1,1,0,5,2
"H",7,0,1,-1,1,1,4,1
"H",7,0,1,-1,1,2,1,0
"H",7,0,1,-1,2,1,1,1
"H",7,0,1,-1,2,2,1,0
"H",7,0,1,-10,0,0,28,0
"H",7,0,1,-11,0,0,16,0
"H",7,0,1,-12,0,0,7,0
"H",7,0,1,-13,0,0,4,0
"H",7,0,1,-14,0,0,5,0
"H",7,0,1,-15,0,0,5,0
"H",7,0,1,-16,0,0,3,0
"H",7,0,1,-17,0,0,1,0
"H",7,0,1,-2,0,0,887,159
"H",7,0,1,-2,0,1,1,0
"H",7,0,1,-2,1,0,3,0
"H",7,0,1,-2,1,1,3,0
"H",7,0,1,-2,1,2,2,0
"H",7,0,1,-2,2,0,1,0
"H",7,0,1,-2,2,1,2,0
"H",7,0,1,-2,2,2,3,0
"H",7,0,1,-2,3,2,1,0
"H",7,0,1,-3,0,0,691,82
"H",7,0,1,-3,0,1,2,1
"H",7,0,1,-3,1,1,2,1
"H",7,0,1,-3,2,1,1,1
"H",7,0,1,-3,3,1,1,1
"H",7,0,1,-4,0,0,439,17
"H",7,0,1,-4,0,1,1,0
"H",7,0,1,-4,1,1,1,0
"H",7,0,1,-4,1,2,1,0
"H",7,0,1,-4,2,2,1,0
"H",7,0,1,-4,3,2,1,0
"H",7,0,1,-5,0,0,334,15
"H",7,0,1,-5,1,0,1,0
"H",7,0,1,-6,0,0,225,4
"H",7,0,1,-6,0,1,1,0
"H",7,0,1,-6,0,2,1,0
"H",7,0,1,-7,0,0,143,1
"H",7,0,1,-8,0,0,77,0
"H",7,0,1,-9,0,0,44,0
"H",7,0,1,-9,0,1,1,0
"H",7,0,1,-9,1,0,1,0
"H",7,0,1,-9,1,1,2,0
"H",7,0,1,-9,2,1,1,0
"H",7,0,1,0,0,0,1249,769
"H",7,0,1,0,0,1,3,2
"H",7,0,1,0,0,2,2,1
"H",7,0,1,0,1,0,2,1
"H",7,0,1,0,1,1,3,2
"H",7,0,1,0,1,2,4,3
"H",7,0,1,0,2,2,2,2
"H",7,0,1,0,3,2,1,1
"H",7,0,1,1,0,0,1121,935
"H",7,0,1,1,0,1,5,4
"H",7,0,1,1,0,2,2,1
"H",7,0,1,1,1,0,4,4
"H",7,0,1,1,1,1,5,5
"H",7,0,1,1,1,2,5,4
"H",7,0,1,1,2,0,1,1
"H",7,0,1,1,2,1,1,1
"H",7,0,1,1,2,2,2,2
"H",7,0,1,1,3,0,1,1
"H",7,0,1,1,3,1,1,1
"H",7,0,1,1,3,2,2,2
"H",7,0,1,10,0,0,20,20
"H",7,0,1,11,0,0,16,16
"H",7,0,1,12,0,0,7,7
"H",7,0,1,13,0,0,3,3
"H",7,0,1,16,0,0,1,1
"H",7,0,1,18,0,0,1,1
"H",7,0,1,2,0,0,882,803
"H",7,0,1,2,0,1,1,1
"H",7,0,1,2,0,2,1,1
"H",7,0,1,2,1,0,5,5
"H",7,0,1,2,1,1,2,2
"H",7,0,1,2,2,0,1,1
"H",7,0,1,2,2,1,3,3
"H",7,0,1,2,2,2,1,1
"H",7,0,1,2,3,1,1,1
"H",7,0,1,2,3,2,2,2
"H",7,0,1,3,0,0,666,635
"H",7,0,1,3,0,1,2,2
"H",7,0,1,3,1,0,3,3
"H",7,0,1,3,1,1,1,1
"H",7,0,1,3,1,2,1,1
"H",7,0,1,3,2,0,1,1
"H",7,0,1,3,3,0,1,1
"H",7,0,1,4,0,0,424,413
"H",7,0,1,5,0,0,279,277
"H",7,0,1,5,0,1,1,1
"H",7,0,1,5,0,2,1,1
"H",7,0,1,5,1,2,1,1
"H",7,0,1,6,0,0,168,167
"H",7,0,1,7,0,0,114,114
"H",7,0,1,8,0,0,59,59
"H",7,0,1,9,0,0,49,49
"H",7,0,2,-1,0,0,311,131
"H",7,0,2,-10,0,0,7,0
"H",7,0,2,-11,0,0,3,0
"H",7,0,2,-12,0,0,1,0
"H",7,0,2,-13,0,0,1,0
"H",7,0,2,-14,0,0,2,0
"H",7,0,2,-15,0,0,1,0
"H",7,0,2,-16,0,0,1,0
"H",7,0,2,-17,0,0,1,0
"H",7,0,2,-2,0,0,241,62
"H",7,0,2,-3,0,0,195,29
"H",7,0,2,-3,0,1,1,1
"H",7,0,2,-3,0,2,1,1
"H",7,0,2,-3,1,0,1,0
"H",7,0,2,-3,1,1,1,0
"H",7,0,2,-3,1,2,2,1
"H",7,0,2,-3,2,2,1,0
"H",7,0,2,-4,0,0,116,9
"H",7,0,2,-5,0,0,105,8
"H",7,0,2,-5,0,1,1,0
"H",7,0,2,-5,1,0,1,0
"H",7,0,2,-5,1,1,1,0
"H",7,0,2,-5,1,2,1,0
"H",7,0,2,-5,2,0,1,0
"H",7,0,2,-5,3,0,1,0
"H",7,0,2,-6,0,0,67,2
"H",7,0,2,-7,0,0,34,1
"H",7,0,2,-8,0,0,19,0
"H",7,0,2,-9,0,0,13,0
"H",7,0,2,0,0,0,366,239
"H",7,0,2,0,1,0,1,1
"H",7,0,2,1,0,0,319,271
"H",7,0,2,1,0,1,1,1
"H",7,0,2,1,0,2,1,1
"H",7,0,2,10,0,0,5,5
"H",7,0,2,11,0,0,8,8
"H",7,0,2,12,0,0,2,2
"H",7,0,2,13,0,0,1,1
"H",7,0,2,16,0,0,1,1
"H",7,0,2,2,0,0,231,221
"H",7,0,2,2,1,0,2,2
"H",7,0,2,2,1,1,1,1
"H",7,0,2,3,0,0,194,188
"H",7,0,2,4,0,0,134,134
"H",7,0,2,5,0,0,95,95
"H",7,0,2,6,0,0,58,58
"H",7,0,2,7,0,0,44,44
"H",7,0,2,8,0,0,21,21
"H",7,0,2,9,0,0,14,14
"H",7,0,3,-1,0,0,67,36
"H",7,0,3,-10,0,0,3,0
"H",7,0,3,-11,0,0,1,0
"H",7,0,3,-12,0,0,2,0
"H",7,0,3,-16,0,0,1,0
"H",7,0,3,-2,0,0,42,4
"H",7,0,3,-3,0,0,43,4
"H",7,0,3,-4,0,0,25,2
"H",7,0,3,-5,0,0,23,2
"H",7,0,3,-6,0,0,10,0
"H",7,0,3,-6,1,0,1,0
"H",7,0,3,-6,2,0,1,0
"H",7,0,3,-6,2,1,1,0
"H",7,0,3,-6,2,2,1,0
"H",7,0,3,-7,0,0,6,0
"H",7,0,3,-8,0,0,4,0
"H",7,0,3,-9,0,0,2,0
"H",7,0,3,0,0,0,61,48
"H",7,0,3,1,0,0,73,62
"H",7,0,3,10,0,0,2,2
"H",7,0,3,12,0,0,1,1
"H",7,0,3,2,0,0,63,57
"H",7,0,3,3,0,0,48,46
"H",7,0,3,4,0,0,43,41
"H",7,0,3,5,0,0,22,22
"H",7,0,3,6,0,0,21,21
"H",7,0,3,7,0,0,18,18
"H",7,0,3,8,0,0,9,9
"H",7,0,3,9,0,0,4,4
"H",7,0,4,-1,0,0,47,20
"H",7,0,4,-10,0,0,2,0
"H",7,0,4,-11,0,0,1,0
"H",7,0,4,-12,0,0,1,0
"H",7,0,4,-16,0,0,1,0
"H",7,0,4,-2,0,0,56,15
"H",7,0,4,-3,0,0,55,14
"H",7,0,4,-4,0,0,30,1
"H",7,0,4,-5,0,0,26,4
"H",7,0,4,-5,1,0,1,0
"H",7,0,4,-5,2,0,1,0
"H",7,0,4,-5,2,1,1,0
"H",7,0,4,-5,2,2,1,0
"H",7,0,4,-6,0,0,16,0
"H",7,0,4,-7,0,0,10,0
"H",7,0,4,-8,0,0,7,0
"H",7,0,4,-9,0,0,2,0
"H",7,0,4,0,0,0,68,47
"H",7,0,4,1,0,0,53,45
"H",7,0,4,10,0,0,2,2
"H",7,0,4,11,0,0,1,1
"H",7,0,4,16,0,0,1,1
"H",7,0,4,2,0,0,38,36
"H",7,0,4,3,0,0,51,51
"H",7,0,4,4,0,0,27,27
"H",7,0,4,5,0,0,18,18
"H",7,0,4,6,0,0,15,15
"H",7,0,4,7,0,0,11,11
"H",7,0,4,8,0,0,9,9
"H",7,0,4,9,0,0,5,5
"H",7,0,5,-1,0,0,19,8
"H",7,0,5,-10,0,0,1,0
"H",7,0,5,-2,0,0,18,5
"H",7,0,5,-3,0,0,10,3
"H",7,0,5,-4,0,0,4,0
"H",7,0,5,-5,0,0,11,1
"H",7,0,5,-6,0,0,5,0
"H",7,0,5,-7,0,0,6,0
"H",7,0,5,-8,0,0,2,0
"H",7,0,5,-9,0,0,1,0
"H",7,0,5,0,0,0,38,33
"H",7,0,5,1,0,0,32,30
"H",7,0,5,2,0,0,26,23
"H",7,0,5,2,1,0,1,1
"H",7,0,5,3,0,0,18,18
"H",7,0,5,4,0,0,9,9
"H",7,0,5,5,0,0,12,12
"H",7,0,5,6,0,0,9,9
"H",7,0,5,7,0,0,2,2
"H",7,0,5,8,0,0,4,4
"H",7,0,5,9,0,0,2,2
"H",7,0,6,-1,0,0,29,19
"H",7,0,6,-2,0,0,21,7
"H",7,0,6,-3,0,0,12,3
"H",7,0,6,-4,0,0,11,3
"H",7,0,6,-5,0,0,9,0
"H",7,0,6,-6,0,0,4,0
"H",7,0,6,-7,0,0,4,0
"H",7,0,6,-8,0,0,2,0
"H",7,0,6,-9,0,0,1,0
"H",7,0,6,0,0,0,19,18
"H",7,0,6,1,0,0,19,19
"H",7,0,6,1,0,1,2,2
"H",7,0,6,1,0,2,2,2
"H",7,0,6,10,0,0,1,1
"H",7,0,6,2,0,0,23,21
"H",7,0,6,3,0,0,12,11
"H",7,0,6,4,0,0,10,9
"H",7,0,6,5,0,0,9,9
"H",7,0,6,6,0,0,9,9
"H",7,0,6,7,0,0,4,4
"H",7,0,6,8,0,0,4,4
"H",7,0,6,9,0,0,2,2
"H",7,0,7,-1,0,0,13,9
"H",7,0,7,-10,0,0,1,0
"H",7,0,7,-2,0,0,10,5
"H",7,0,7,-3,0,0,16,5
"H",7,0,7,-4,0,0,7,0
"H",7,0,7,-5,0,0,5,0
"H",7,0,7,-6,0,0,7,0
"H",7,0,7,-9,0,0,1,0
"H",7,0,7,0,0,0,12,11
"H",7,0,7,1,0,0,7,7
"H",7,0,7,10,0,0,1,1
"H",7,0,7,16,0,0,1,1
"H",7,0,7,2,0,0,11,10
"H",7,0,7,3,0,0,4,4
"H",7,0,7,4,0,0,9,9
"H",7,0,7,5,0,0,8,8
"H",7,0,7,6,0,0,6,6
"H",7,0,7,7,0,0,2,2
"H",7,0,7,8,0,0,2,2
"H",7,0,7,9,0,0,2,2
"H",7,0,8,-1,0,0,12,8
"H",7,0,8,-2,0,0,12,6
"H",7,0,8,-3,0,0,11,4
"H",7,0,8,-4,0,0,2,0
"H",7,0,8,-5,0,0,6,2
"H",7,0,8,-6,0,0,2,0
"H",7,0,8,-7,0,0,2,0
"H",7,0,8,0,0,0,10,10
"H",7,0,8,1,0,0,16,15
"H",7,0,8,2,0,0,10,8
"H",7,0,8,3,0,0,6,6
"H",7,0,8,4,0,0,5,5
"H",7,0,8,5,0,0,6,6
"H",7,0,8,6,0,0,5,5
"H",7,0,8,7,0,0,3,3
"H",7,1,1,-1,0,0,779,207
"H",7,1,1,-1,0,1,3,1
"H",7,1,1,-1,0,2,3,1
"H",7,1,1,-1,1,0,4,0
"H",7,1,1,-1,1,2,1,0
"H",7,1,1,-1,2,0,1,0
"H",7,1,1,-1,2,1,1,0
"H",7,1,1,-1,2,2,1,0
"H",7,1,1,-10,0,0,18,0
"H",7,1,1,-11,0,0,13,0
"H",7,1,1,-12,0,0,4,0
"H",7,1,1,-13,0,0,3,0
"H",7,1,1,-14,0,0,3,0
"H",7,1,1,-15,0,0,4,0
"H",7,1,1,-16,0,0,1,0
"H",7,1,1,-2,0,0,615,90
"H",7,1,1,-2,0,1,4,0
"H",7,1,1,-2,0,2,1,0
"H",7,1,1,-2,1,0,1,0
"H",7,1,1,-2,1,1,2,0
"H",7,1,1,-2,1,2,1,0
"H",7,1,1,-2,2,0,1,0
"H",7,1,1,-2,2,1,2,0
"H",7,1,1,-2,2,2,2,0
"H",7,1,1,-2,3,0,1,0
"H",7,1,1,-2,3,1,1,0
"H",7,1,1,-2,3,2,1,0
"H",7,1,1,-3,0,0,455,46
"H",7,1,1,-3,0,1,1,1
"H",7,1,1,-3,0,2,1,1
"H",7,1,1,-3,1,2,1,1
"H",7,1,1,-4,0,0,313,7
"H",7,1,1,-4,0,1,1,0
"H",7,1,1,-4,0,2,1,0
"H",7,1,1,-4,1,0,1,0
"H",7,1,1,-5,0,0,211,7
"H",7,1,1,-6,0,0,151,2
"H",7,1,1,-7,0,0,102,0
"H",7,1,1,-8,0,0,54,0
"H",7,1,1,-9,0,0,29,0
"H",7,1,1,-9,1,0,1,0
"H",7,1,1,-9,2,0,1,0
"H",7,1,1,-9,2,1,1,0
"H",7,1,1,0,0,0,829,481
"H",7,1,1,0,0,1,4,1
"H",7,1,1,0,0,2,1,0
"H",7,1,1,0,1,0,1,1
"H",7,1,1,0,1,1,1,1
"H",7,1,1,0,1,2,2,1
"H",7,1,1,0,2,0,1,1
"H",7,1,1,0,2,1,1,1
"H",7,1,1,1,0,0,773,638
"H",7,1,1,1,0,1,2,1
"H",7,1,1,1,0,2,2,1
"H",7,1,1,1,1,0,2,2
"H",7,1,1,1,1,1,1,1
"H",7,1,1,10,0,0,16,16
"H",7,1,1,11,0,0,10,10
"H",7,1,1,12,0,0,5,5
"H",7,1,1,12,1,0,1,1
"H",7,1,1,12,1,1,1,1
"H",7,1,1,12,2,1,1,1
"H",7,1,1,12,2,2,1,1
"H",7,1,1,13,0,0,2,2
"H",7,1,1,18,0,0,1,1
"H",7,1,1,2,0,0,624,557
"H",7,1,1,2,0,1,3,2
"H",7,1,1,2,0,2,2,2
"H",7,1,1,2,1,0,2,2
"H",7,1,1,2,1,1,3,2
"H",7,1,1,2,1,2,5,4
"H",7,1,1,2,2,2,2,2
"H",7,1,1,2,3,2,1,1
"H",7,1,1,3,0,0,470,444
"H",7,1,1,3,0,1,2,2
"H",7,1,1,3,1,0,1,1
"H",7,1,1,3,1,1,1,1
"H",7,1,1,3,1,2,1,1
"H",7,1,1,4,0,0,297,287
"H",7,1,1,5,0,0,180,178
"H",7,1,1,5,1,0,1,1
"H",7,1,1,6,0,0,116,115
"H",7,1,1,7,0,0,74,74
"H",7,1,1,8,0,0,37,37
"H",7,1,1,9,0,0,34,34
"H",7,1,2,-1,0,0,333,110
"H",7,1,2,-1,0,1,4,1
"H",7,1,2,-1,0,2,2,0
"H",7,1,2,-1,1,0,1,1
"H",7,1,2,-1,1,1,1,1
"H",7,1,2,-1,1,2,2,1
"H",7,1,2,-1,2,0,1,1
"H",7,1,2,-1,2,2,2,1
"H",7,1,2,-1,3,0,1,1
"H",7,1,2,-1,3,2,1,0
"H",7,1,2,-10,0,0,7,0
"H",7,1,2,-11,0,0,2,0
"H",7,1,2,-12,0,0,1,0
"H",7,1,2,-13,0,0,1,0
"H",7,1,2,-14,0,0,1,0
"H",7,1,2,-15,0,0,2,0
"H",7,1,2,-17,0,0,1,0
"H",7,1,2,-2,0,0,288,66
"H",7,1,2,-2,0,1,2,0
"H",7,1,2,-2,0,2,1,0
"H",7,1,2,-2,1,2,1,0
"H",7,1,2,-3,0,0,211,24
"H",7,1,2,-3,0,1,1,1
"H",7,1,2,-3,1,0,1,0
"H",7,1,2,-3,2,0,1,0
"H",7,1,2,-3,2,1,1,0
"H",7,1,2,-4,0,0,137,7
"H",7,1,2,-5,0,0,110,5
"H",7,1,2,-6,0,0,70,2
"H",7,1,2,-7,0,0,43,1
"H",7,1,2,-8,0,0,24,0
"H",7,1,2,-9,0,0,15,0
"H",7,1,2,-9,1,0,1,0
"H",7,1,2,0,0,0,332,194
"H",7,1,2,1,0,0,320,272
"H",7,1,2,1,0,1,2,2
"H",7,1,2,1,0,2,1,1
"H",7,1,2,1,1,1,1,1
"H",7,1,2,10,0,0,12,12
"H",7,1,2,11,0,0,10,10
"H",7,1,2,12,0,0,5,5
"H",7,1,2,12,1,0,1,1
"H",7,1,2,12,2,0,1,1
"H",7,1,2,12,2,1,1,1
"H",7,1,2,13,0,0,1,1
"H",7,1,2,18,0,0,2,2
"H",7,1,2,2,0,0,232,215
"H",7,1,2,3,0,0,199,188
"H",7,1,2,4,0,0,152,150
"H",7,1,2,5,0,0,101,99
"H",7,1,2,5,0,1,1,1
"H",7,1,2,5,0,2,1,1
"H",7,1,2,5,1,0,1,1
"H",7,1,2,5,1,2,1,1
"H",7,1,2,5,2,0,1,1
"H",7,1,2,5,2,1,1,1
"H",7,1,2,5,2,2,1,1
"H",7,1,2,6,0,0,70,70
"H",7,1,2,7,0,0,48,48
"H",7,1,2,8,0,0,26,26
"H",7,1,2,9,0,0,19,19
"H",7,1,3,-1,0,0,176,68
"H",7,1,3,-1,0,1,1,1
"H",7,1,3,-1,0,2,1,1
"H",7,1,3,-1,1,0,1,0
"H",7,1,3,-1,1,2,1,1
"H",7,1,3,-1,2,0,1,0
"H",7,1,3,-1,2,2,1,1
"H",7,1,3,-1,3,0,1,0
"H",7,1,3,-1,3,1,1,0
"H",7,1,3,-10,0,0,2,0
"H",7,1,3,-11,0,0,3,0
"H",7,1,3,-12,0,0,2,0
"H",7,1,3,-14,0,0,3,0
"H",7,1,3,-2,0,0,77,18
"H",7,1,3,-3,0,0,65,8
"H",7,1,3,-4,0,0,40,3
"H",7,1,3,-5,0,0,35,2
"H",7,1,3,-6,0,0,22,0
"H",7,1,3,-7,0,0,13,0
"H",7,1,3,-8,0,0,6,0
"H",7,1,3,-9,0,0,4,0
"H",7,1,3,0,0,0,255,173
"H",7,1,3,0,0,1,1,1
"H",7,1,3,0,1,0,1,1
"H",7,1,3,0,1,1,2,2
"H",7,1,3,0,1,2,1,1
"H",7,1,3,0,2,1,1,1
"H",7,1,3,0,2,2,1,1
"H",7,1,3,1,0,0,233,200
"H",7,1,3,1,0,1,1,1
"H",7,1,3,1,1,1,1,1
"H",7,1,3,1,1,2,1,1
"H",7,1,3,10,0,0,6,6
"H",7,1,3,11,0,0,3,3
"H",7,1,3,12,0,0,4,4
"H",7,1,3,13,0,0,2,2
"H",7,1,3,19,0,0,1,1
"H",7,1,3,2,0,0,179,169
"H",7,1,3,3,0,0,146,138
"H",7,1,3,3,1,0,1,1
"H",7,1,3,3,2,0,1,1
"H",7,1,3,3,3,0,1,1
"H",7,1,3,4,0,0,107,106
"H",7,1,3,5,0,0,66,66
"H",7,1,3,6,0,0,38,38
"H",7,1,3,7,0,0,35,35
"H",7,1,3,8,0,0,11,11
"H",7,1,3,9,0,0,12,12
"H",7,1,4,-1,0,0,107,44
"H",7,1,4,-10,0,0,1,0
"H",7,1,4,-11,0,0,1,0
"H",7,1,4,-12,0,0,1,0
"H",7,1,4,-16,0,0,1,0
"H",7,1,4,-2,0,0,85,23
"H",7,1,4,-3,0,0,74,15
"H",7,1,4,-4,0,0,53,5
"H",7,1,4,-5,0,0,46,3
"H",7,1,4,-6,0,0,29,2
"H",7,1,4,-7,0,0,20,1
"H",7,1,4,-8,0,0,12,0
"H",7,1,4,-9,0,0,4,0
"H",7,1,4,0,0,0,104,67
"H",7,1,4,1,0,0,106,91
"H",7,1,4,10,0,0,4,4
"H",7,1,4,11,0,0,3,3
"H",7,1,4,12,0,0,2,2
"H",7,1,4,2,0,0,83,76
"H",7,1,4,3,0,0,63,61
"H",7,1,4,3,0,1,1,1
"H",7,1,4,3,1,1,1,1
"H",7,1,4,4,0,0,48,47
"H",7,1,4,5,0,0,34,34
"H",7,1,4,6,0,0,17,17
"H",7,1,4,7,0,0,13,13
"H",7,1,4,8,0,0,11,11
"H",7,1,4,9,0,0,7,7
"H",7,1,4,9,0,1,1,1
"H",7,1,4,9,1,1,1,1
"H",7,1,4,9,2,1,1,1
"H",7,1,5,-1,0,0,65,31
"H",7,1,5,-10,0,0,2,0
"H",7,1,5,-13,0,0,1,0
"H",7,1,5,-2,0,0,37,6
"H",7,1,5,-3,0,0,34,3
"H",7,1,5,-4,0,0,15,0
"H",7,1,5,-5,0,0,13,1
"H",7,1,5,-6,0,0,10,0
"H",7,1,5,-7,0,0,5,0
"H",7,1,5,-8,0,0,2,0
"H",7,1,5,-9,0,0,4,0
"H",7,1,5,0,0,0,83,60
"H",7,1,5,1,0,0,99,84
"H",7,1,5,1,0,1,1,1
"H",7,1,5,1,0,2,1,1
"H",7,1,5,1,1,2,1,1
"H",7,1,5,1,2,2,1,1
"H",7,1,5,1,3,2,1,1
"H",7,1,5,10,0,0,2,2
"H",7,1,5,11,0,0,2,2
"H",7,1,5,12,0,0,1,1
"H",7,1,5,13,0,0,1,1
"H",7,1,5,17,0,0,1,1
"H",7,1,5,2,0,0,75,65
"H",7,1,5,2,0,1,1,1
"H",7,1,5,20,0,0,1,1
"H",7,1,5,3,0,0,70,65
"H",7,1,5,4,0,0,52,49
"H",7,1,5,5,0,0,32,32
"H",7,1,5,6,0,0,23,23
"H",7,1,5,7,0,0,13,13
"H",7,1,5,8,0,0,6,6
"H",7,1,5,9,0,0,12,12
"H",7,1,6,-1,0,0,43,24
"H",7,1,6,-1,1,0,1,0
"H",7,1,6,-10,0,0,1,0
"H",7,1,6,-11,0,0,2,0
"H",7,1,6,-2,0,0,29,11
"H",7,1,6,-3,0,0,26,6
"H",7,1,6,-4,0,0,16,2
"H",7,1,6,-5,0,0,18,2
"H",7,1,6,-6,0,0,5,0
"H",7,1,6,-7,0,0,6,0
"H",7,1,6,-8,0,0,2,0
"H",7,1,6,-9,0,0,1,0
"H",7,1,6,0,0,0,65,48
"H",7,1,6,1,0,0,59,50
"H",7,1,6,10,0,0,2,2
"H",7,1,6,11,0,0,3,3
"H",7,1,6,12,0,0,1,1
"H",7,1,6,13,0,0,1,1
"H",7,1,6,2,0,0,52,46
"H",7,1,6,2,1,0,1,1
"H",7,1,6,2,1,1,1,1
"H",7,1,6,3,0,0,43,42
"H",7,1,6,3,0,1,1,1
"H",7,1,6,3,1,1,1,1
"H",7,1,6,3,1,2,1,1
"H",7,1,6,3,2,2,1,1
"H",7,1,6,3,3,2,1,1
"H",7,1,6,4,0,0,26,26
"H",7,1,6,5,0,0,23,23
"H",7,1,6,6,0,0,17,17
"H",7,1,6,7,0,0,20,20
"H",7,1,6,7,1,0,1,1
"H",7,1,6,8,0,0,10,10
"H",7,1,6,8,0,1,1,1
"H",7,1,6,8,1,1,1,1
"H",7,1,6,8,1,2,1,1
"H",7,1,6,9,0,0,6,6
"H",7,1,7,-1,0,0,53,22
"H",7,1,7,-10,0,0,1,0
"H",7,1,7,-2,0,0,43,13
"H",7,1,7,-3,0,0,26,3
"H",7,1,7,-4,0,0,20,3
"H",7,1,7,-5,0,0,7,1
"H",7,1,7,-5,1,0,1,0
"H",7,1,7,-5,1,1,1,0
"H",7,1,7,-5,1,2,1,0
"H",7,1,7,-5,2,2,1,0
"H",7,1,7,-5,3,2,1,0
"H",7,1,7,-6,0,0,11,1
"H",7,1,7,-7,0,0,4,0
"H",7,1,7,-8,0,0,1,0
"H",7,1,7,-9,0,0,2,0
"H",7,1,7,0,0,0,64,51
"H",7,1,7,0,0,1,1,1
"H",7,1,7,0,0,2,1,1
"H",7,1,7,0,1,2,1,1
"H",7,1,7,1,0,0,53,45
"H",7,1,7,10,0,0,3,3
"H",7,1,7,10,1,0,1,1
"H",7,1,7,10,1,1,1,1
"H",7,1,7,10,2,1,1,1
"H",7,1,7,12,0,0,1,1
"H",7,1,7,2,0,0,49,46
"H",7,1,7,2,0,1,1,1
"H",7,1,7,2,1,1,1,1
"H",7,1,7,2,2,1,1,1
"H",7,1,7,3,0,0,40,40
"H",7,1,7,4,0,0,29,29
"H",7,1,7,5,0,0,23,23
"H",7,1,7,5,0,1,1,1
"H",7,1,7,6,0,0,20,20
"H",7,1,7,7,0,0,11,11
"H",7,1,7,8,0,0,8,8
"H",7,1,7,9,0,0,4,4
"H",7,1,8,-1,0,0,38,21
"H",7,1,8,-2,0,0,32,10
"H",7,1,8,-3,0,0,31,8
"H",7,1,8,-4,0,0,21,4
"H",7,1,8,-5,0,0,16,2
"H",7,1,8,-6,0,0,10,1
"H",7,1,8,-7,0,0,9,1
"H",7,1,8,-8,0,0,2,0
"H",7,1,8,-9,0,0,2,0
"H",7,1,8,0,0,0,54,40
"H",7,1,8,1,0,0,37,37
"H",7,1,8,10,0,0,2,2
"H",7,1,8,2,0,0,26,23
"H",7,1,8,3,0,0,19,19
"H",7,1,8,4,0,0,22,22
"H",7,1,8,5,0,0,11,11
"H",7,1,8,6,0,0,8,8
"H",7,1,8,7,0,0,3,3
"H",7,1,8,8,0,0,5,5
"H",7,1,8,9,0,0,5,5
"H",7,2,1,-1,0,0,598,141
"H",7,2,1,-1,0,1,2,1
"H",7,2,1,-1,0,2,2,1
"H",7,2,1,-1,1,0,1,0
"H",7,2,1,-1,1,1,1,0
"H",7,2,1,-1,1,2,2,1
"H",7,2,1,-1,2,2,1,0
"H",7,2,1,-10,0,0,15,0
"H",7,2,1,-11,0,0,11,0
"H",7,2,1,-12,0,0,3,0
"H",7,2,1,-13,0,0,3,0
"H",7,2,1,-14,0,0,2,0
"H",7,2,1,-15,0,0,3,0
"H",7,2,1,-16,0,0,2,0
"H",7,2,1,-2,0,0,488,59
"H",7,2,1,-2,0,1,1,0
"H",7,2,1,-2,1,0,2,0
"H",7,2,1,-2,1,1,1,0
"H",7,2,1,-3,0,0,349,29
"H",7,2,1,-4,0,0,237,3
"H",7,2,1,-5,0,0,160,5
"H",7,2,1,-5,1,0,1,0
"H",7,2,1,-5,1,1,1,0
"H",7,2,1,-5,2,1,1,0
"H",7,2,1,-5,3,1,1,0
"H",7,2,1,-6,0,0,103,0
"H",7,2,1,-7,0,0,81,0
"H",7,2,1,-8,0,0,42,0
"H",7,2,1,-9,0,0,20,0
"H",7,2,1,-9,1,0,1,0
"H",7,2,1,-9,2,0,1,0
"H",7,2,1,-9,2,1,1,0
"H",7,2,1,-9,2,2,1,0
"H",7,2,1,0,0,0,648,366
"H",7,2,1,0,0,1,2,1
"H",7,2,1,0,0,2,1,0
"H",7,2,1,0,1,0,3,2
"H",7,2,1,0,1,1,3,2
"H",7,2,1,0,1,2,2,1
"H",7,2,1,0,2,2,1,0
"H",7,2,1,0,3,2,1,0
"H",7,2,1,1,0,0,600,477
"H",7,2,1,1,0,1,3,3
"H",7,2,1,1,0,2,1,1
"H",7,2,1,1,1,0,1,0
"H",7,2,1,1,2,0,1,0
"H",7,2,1,1,3,0,1,0
"H",7,2,1,10,0,0,15,15
"H",7,2,1,11,0,0,11,11
"H",7,2,1,12,0,0,5,5
"H",7,2,1,12,1,0,1,1
"H",7,2,1,12,2,0,1,1
"H",7,2,1,12,2,1,1,1
"H",7,2,1,12,2,2,1,1
"H",7,2,1,13,0,0,2,2
"H",7,2,1,14,0,0,1,1
"H",7,2,1,2,0,0,520,458
"H",7,2,1,2,0,1,1,1
"H",7,2,1,2,1,0,3,2
"H",7,2,1,2,1,1,3,2
"H",7,2,1,2,1,2,3,2
"H",7,2,1,2,2,2,1,1
"H",7,2,1,2,3,2,1,1
"H",7,2,1,3,0,0,391,371
"H",7,2,1,3,0,1,1,1
"H",7,2,1,3,1,0,2,2
"H",7,2,1,3,1,1,2,2
"H",7,2,1,3,2,0,1,1
"H",7,2,1,3,3,0,1,1
"H",7,2,1,4,0,0,262,252
"H",7,2,1,5,0,0,164,161
"H",7,2,1,5,0,1,1,1
"H",7,2,1,5,0,2,1,1
"H",7,2,1,5,1,2,1,1
"H",7,2,1,5,2,2,1,1
"H",7,2,1,6,0,0,98,97
"H",7,2,1,7,0,0,68,68
"H",7,2,1,8,0,0,31,31
"H",7,2,1,9,0,0,29,29
"H",7,2,2,-1,0,0,323,93
"H",7,2,2,-1,0,1,1,1
"H",7,2,2,-1,1,0,1,0
"H",7,2,2,-1,1,1,1,0
"H",7,2,2,-1,2,1,1,0
"H",7,2,2,-10,0,0,6,0
"H",7,2,2,-11,0,0,5,0
"H",7,2,2,-12,0,0,1,0
"H",7,2,2,-13,0,0,2,0
"H",7,2,2,-14,0,0,3,0
"H",7,2,2,-15,0,0,1,0
"H",7,2,2,-17,0,0,1,0
"H",7,2,2,-2,0,0,286,45
"H",7,2,2,-2,1,0,1,0
"H",7,2,2,-2,1,1,1,0
"H",7,2,2,-3,0,0,220,27
"H",7,2,2,-4,0,0,123,3
"H",7,2,2,-5,0,0,108,5
"H",7,2,2,-5,0,1,1,0
"H",7,2,2,-5,1,1,1,0
"H",7,2,2,-6,0,0,65,0
"H",7,2,2,-7,0,0,45,0
"H",7,2,2,-7,0,1,1,0
"H",7,2,2,-7,1,1,1,0
"H",7,2,2,-7,1,2,1,0
"H",7,2,2,-8,0,0,23,0
"H",7,2,2,-9,0,0,11,0
"H",7,2,2,0,0,0,359,202
"H",7,2,2,0,1,0,2,1
"H",7,2,2,0,1,1,1,1
"H",7,2,2,0,1,2,1,1
"H",7,2,2,1,0,0,332,281
"H",7,2,2,1,0,1,1,1
"H",7,2,2,1,1,0,1,0
"H",7,2,2,10,0,0,8,8
"H",7,2,2,11,0,0,11,11
"H",7,2,2,12,0,0,3,3
"H",7,2,2,13,0,0,1,1
"H",7,2,2,14,0,0,1,1
"H",7,2,2,15,0,0,1,1
"H",7,2,2,16,0,0,1,1
"H",7,2,2,2,0,0,294,257
"H",7,2,2,2,1,0,2,2
"H",7,2,2,2,1,1,1,1
"H",7,2,2,3,0,0,231,220
"H",7,2,2,3,0,1,1,1
"H",7,2,2,4,0,0,155,150
"H",7,2,2,5,0,0,123,123
"H",7,2,2,6,0,0,72,72
"H",7,2,2,7,0,0,70,70
"H",7,2,2,8,0,0,36,36
"H",7,2,2,9,0,0,17,17
"H",7,2,3,-1,0,0,204,61
"H",7,2,3,-1,0,1,1,0
"H",7,2,3,-1,0,2,1,0
"H",7,2,3,-10,0,0,4,0
"H",7,2,3,-11,0,0,1,0
"H",7,2,3,-12,0,0,1,0
"H",7,2,3,-13,0,0,1,0
"H",7,2,3,-14,0,0,4,0
"H",7,2,3,-15,0,0,2,0
"H",7,2,3,-2,0,0,122,29
"H",7,2,3,-2,0,1,1,0
"H",7,2,3,-2,1,0,1,1
"H",7,2,3,-2,1,1,1,0
"H",7,2,3,-2,2,0,1,1
"H",7,2,3,-2,2,1,1,0
"H",7,2,3,-2,3,0,1,1
"H",7,2,3,-2,3,1,1,0
"H",7,2,3,-3,0,0,79,7
"H",7,2,3,-4,0,0,47,0
"H",7,2,3,-5,0,0,48,1
"H",7,2,3,-6,0,0,25,0
"H",7,2,3,-7,0,0,14,0
"H",7,2,3,-8,0,0,3,0
"H",7,2,3,-9,0,0,5,0
"H",7,2,3,0,0,0,263,158
"H",7,2,3,0,0,1,1,1
"H",7,2,3,0,0,2,1,1
"H",7,2,3,0,1,2,1,1
"H",7,2,3,1,0,0,255,218
"H",7,2,3,1,0,1,1,1
"H",7,2,3,1,1,0,2,1
"H",7,2,3,1,2,0,1,1
"H",7,2,3,1,2,1,1,1
"H",7,2,3,1,3,1,1,1
"H",7,2,3,10,0,0,10,10
"H",7,2,3,11,0,0,8,8
"H",7,2,3,12,0,0,9,9
"H",7,2,3,13,0,0,3,3
"H",7,2,3,14,0,0,2,2
"H",7,2,3,15,0,0,1,1
"H",7,2,3,16,0,0,1,1
"H",7,2,3,2,0,0,211,192
"H",7,2,3,3,0,0,192,182
"H",7,2,3,3,0,1,1,1
"H",7,2,3,3,1,1,1,1
"H",7,2,3,3,1,2,1,1
"H",7,2,3,3,2,2,1,1
"H",7,2,3,3,3,2,1,1
"H",7,2,3,4,0,0,150,149
"H",7,2,3,5,0,0,75,74
"H",7,2,3,5,0,1,1,1
"H",7,2,3,6,0,0,58,58
"H",7,2,3,6,0,1,1,1
"H",7,2,3,6,1,1,1,1
"H",7,2,3,7,0,0,39,39
"H",7,2,3,8,0,0,21,21
"H",7,2,3,9,0,0,13,13
"H",7,2,4,-1,0,0,124,41
"H",7,2,4,-1,0,1,1,1
"H",7,2,4,-1,0,2,1,1
"H",7,2,4,-1,1,2,1,1
"H",7,2,4,-1,2,2,1,1
"H",7,2,4,-10,0,0,2,0
"H",7,2,4,-11,0,0,2,0
"H",7,2,4,-12,0,0,1,0
"H",7,2,4,-15,0,0,1,0
"H",7,2,4,-16,0,0,1,0
"H",7,2,4,-2,0,0,98,22
"H",7,2,4,-2,0,1,1,1
"H",7,2,4,-3,0,0,80,10
"H",7,2,4,-4,0,0,63,1
"H",7,2,4,-5,0,0,50,3
"H",7,2,4,-6,0,0,38,1
"H",7,2,4,-7,0,0,9,0
"H",7,2,4,-8,0,0,11,0
"H",7,2,4,-9,0,0,2,0
"H",7,2,4,0,0,0,136,84
"H",7,2,4,1,0,0,131,114
"H",7,2,4,1,0,1,1,1
"H",7,2,4,1,0,2,1,1
"H",7,2,4,1,1,2,1,1
"H",7,2,4,10,0,0,3,3
"H",7,2,4,11,0,0,4,4
"H",7,2,4,12,0,0,1,1
"H",7,2,4,13,0,0,1,1
"H",7,2,4,16,0,0,1,1
"H",7,2,4,2,0,0,87,79
"H",7,2,4,3,0,0,81,79
"H",7,2,4,3,1,0,1,1
"H",7,2,4,4,0,0,64,63
"H",7,2,4,5,0,0,39,39
"H",7,2,4,6,0,0,24,24
"H",7,2,4,7,0,0,23,23
"H",7,2,4,8,0,0,6,6
"H",7,2,4,9,0,0,9,9
"H",7,2,5,-1,0,0,89,31
"H",7,2,5,-1,1,0,2,1
"H",7,2,5,-1,1,1,1,0
"H",7,2,5,-1,2,0,1,1
"H",7,2,5,-1,2,1,1,0
"H",7,2,5,-1,3,0,1,1
"H",7,2,5,-1,3,1,1,1
"H",7,2,5,-10,0,0,1,0
"H",7,2,5,-11,0,0,2,0
"H",7,2,5,-14,0,0,1,0
"H",7,2,5,-2,0,0,53,5
"H",7,2,5,-3,0,0,37,3
"H",7,2,5,-4,0,0,31,3
"H",7,2,5,-5,0,0,19,0
"H",7,2,5,-6,0,0,11,0
"H",7,2,5,-7,0,0,3,0
"H",7,2,5,-8,0,0,3,0
"H",7,2,5,-9,0,0,3,0
"H",7,2,5,0,0,0,126,74
"H",7,2,5,0,0,1,1,1
"H",7,2,5,0,1,1,1,1
"H",7,2,5,0,1,2,1,1
"H",7,2,5,0,2,2,1,1
"H",7,2,5,1,0,0,103,89
"H",7,2,5,1,0,1,1,1
"H",7,2,5,10,0,0,5,5
"H",7,2,5,11,0,0,4,4
"H",7,2,5,12,0,0,2,2
"H",7,2,5,13,0,0,2,2
"H",7,2,5,14,0,0,1,1
"H",7,2,5,15,0,0,1,1
"H",7,2,5,2,0,0,97,85
"H",7,2,5,2,1,0,1,1
"H",7,2,5,2,1,1,1,1
"H",7,2,5,2,2,1,1,1
"H",7,2,5,2,3,1,1,1
"H",7,2,5,3,0,0,77,73
"H",7,2,5,4,0,0,72,71
"H",7,2,5,5,0,0,44,44
"H",7,2,5,6,0,0,26,26
"H",7,2,5,7,0,0,32,32
"H",7,2,5,8,0,0,9,9
"H",7,2,5,9,0,0,8,8
"H",7,2,6,-1,0,0,64,24
"H",7,2,6,-1,0,1,1,1
"H",7,2,6,-1,1,1,1,1
"H",7,2,6,-1,1,2,1,1
"H",7,2,6,-1,2,2,1,1
"H",7,2,6,-10,0,0,1,0
"H",7,2,6,-11,0,0,1,0
"H",7,2,6,-2,0,0,49,12
"H",7,2,6,-3,0,0,41,9
"H",7,2,6,-4,0,0,21,1
"H",7,2,6,-5,0,0,22,1
"H",7,2,6,-6,0,0,10,0
"H",7,2,6,-7,0,0,13,0
"H",7,2,6,-8,0,0,2,0
"H",7,2,6,-9,0,0,1,0
"H",7,2,6,0,0,0,71,39
"H",7,2,6,1,0,0,67,53
"H",7,2,6,10,0,0,4,4
"H",7,2,6,11,0,0,2,2
"H",7,2,6,12,0,0,1,1
"H",7,2,6,2,0,0,64,61
"H",7,2,6,3,0,0,51,48
"H",7,2,6,4,0,0,43,42
"H",7,2,6,5,0,0,28,28
"H",7,2,6,6,0,0,16,16
"H",7,2,6,7,0,0,21,21
"H",7,2,6,8,0,0,6,6
"H",7,2,6,9,0,0,4,4
"H",7,2,7,-1,0,0,64,17
"H",7,2,7,-10,0,0,3,0
"H",7,2,7,-11,0,0,1,0
"H",7,2,7,-12,0,0,1,0
"H",7,2,7,-2,0,0,38,9
"H",7,2,7,-3,0,0,38,4
"H",7,2,7,-4,0,0,12,0
"H",7,2,7,-5,0,0,14,1
"H",7,2,7,-5,0,1,1,0
"H",7,2,7,-5,1,1,1,0
"H",7,2,7,-5,2,1,1,0
"H",7,2,7,-6,0,0,11,0
"H",7,2,7,-7,0,0,9,0
"H",7,2,7,-8,0,0,2,0
"H",7,2,7,-9,0,0,1,0
"H",7,2,7,0,0,0,82,54
"H",7,2,7,1,0,0,59,47
"H",7,2,7,10,0,0,6,6
"H",7,2,7,11,0,0,2,2
"H",7,2,7,12,0,0,1,1
"H",7,2,7,2,0,0,73,70
"H",7,2,7,3,0,0,43,41
"H",7,2,7,4,0,0,25,25
"H",7,2,7,5,0,0,21,21
"H",7,2,7,6,0,0,14,14
"H",7,2,7,7,0,0,14,14
"H",7,2,7,8,0,0,5,5
"H",7,2,7,9,0,0,4,4
"H",7,2,8,-1,0,0,51,16
"H",7,2,8,-2,0,0,27,8
"H",7,2,8,-2,0,1,1,1
"H",7,2,8,-2,0,2,1,1
"H",7,2,8,-3,0,0,28,3
"H",7,2,8,-4,0,0,18,2
"H",7,2,8,-5,0,0,12,1
"H",7,2,8,-6,0,0,10,1
"H",7,2,8,-7,0,0,3,0
"H",7,2,8,-8,0,0,4,0
"H",7,2,8,-9,0,0,2,0
"H",7,2,8,0,0,0,61,42
"H",7,2,8,1,0,0,43,35
"H",7,2,8,10,0,0,2,2
"H",7,2,8,2,0,0,34,31
"H",7,2,8,3,0,0,32,31
"H",7,2,8,4,0,0,21,21
"H",7,2,8,5,0,0,14,14
"H",7,2,8,6,0,0,8,8
"H",7,2,8,7,0,0,8,8
"H",7,2,8,8,0,0,4,4
"H",7,2,8,9,0,0,5,5
"H",8,0,1,-1,0,0,1056,261
"H",8,0,1,-1,0,1,3,1
"H",8,0,1,-1,0,2,1,0
"H",8,0,1,-1,1,0,3,1
"H",8,0,1,-1,1,1,1,0
"H",8,0,1,-1,2,0,2,1
"H",8,0,1,-1,2,1,2,1
"H",8,0,1,-10,0,0,37,0
"H",8,0,1,-11,0,0,20,0
"H",8,0,1,-12,0,0,8,0
"H",8,0,1,-13,0,0,13,0
"H",8,0,1,-14,0,0,7,0
"H",8,0,1,-15,0,0,4,0
"H",8,0,1,-16,0,0,4,0
"H",8,0,1,-17,0,0,1,0
"H",8,0,1,-2,0,0,839,112
"H",8,0,1,-2,0,1,5,0
"H",8,0,1,-2,0,2,1,0
"H",8,0,1,-2,1,0,1,1
"H",8,0,1,-2,1,1,3,0
"H",8,0,1,-2,1,2,3,0
"H",8,0,1,-2,2,0,1,1
"H",8,0,1,-2,2,1,2,1
"H",8,0,1,-2,2,2,3,0
"H",8,0,1,-2,3,1,1,1
"H",8,0,1,-2,3,2,1,1
"H",8,0,1,-20,0,0,1,0
"H",8,0,1,-3,0,0,703,64
"H",8,0,1,-3,0,1,1,0
"H",8,0,1,-4,0,0,459,11
"H",8,0,1,-4,1,0,1,0
"H",8,0,1,-4,1,1,1,0
"H",8,0,1,-5,0,0,375,8
"H",8,0,1,-5,0,1,1,0
"H",8,0,1,-5,1,1,1,0
"H",8,0,1,-6,0,0,232,0
"H",8,0,1,-6,0,1,1,0
"H",8,0,1,-6,0,2,1,0
"H",8,0,1,-6,1,0,2,0
"H",8,0,1,-6,1,1,1,0
"H",8,0,1,-6,1,2,2,0
"H",8,0,1,-6,2,0,1,0
"H",8,0,1,-6,2,2,1,0
"H",8,0,1,-7,0,0,161,0
"H",8,0,1,-8,0,0,89,0
"H",8,0,1,-9,0,0,58,0
"H",8,0,1,-9,0,1,1,0
"H",8,0,1,-9,1,1,1,0
"H",8,0,1,-9,2,1,1,0
"H",8,0,1,-9,3,1,1,0
"H",8,0,1,-9,3,2,1,0
"H",8,0,1,0,0,0,1087,694
"H",8,0,1,0,0,1,7,4
"H",8,0,1,0,0,2,3,2
"H",8,0,1,0,1,0,4,4
"H",8,0,1,0,1,1,5,3
"H",8,0,1,0,1,2,1,1
"H",8,0,1,0,2,0,1,1
"H",8,0,1,0,2,1,1,1
"H",8,0,1,0,2,2,2,2
"H",8,0,1,0,3,2,1,1
"H",8,0,1,1,0,0,1053,961
"H",8,0,1,1,0,1,4,3
"H",8,0,1,1,0,2,1,1
"H",8,0,1,1,1,0,2,2
"H",8,0,1,1,1,1,4,3
"H",8,0,1,1,1,2,2,2
"H",8,0,1,1,2,0,1,1
"H",8,0,1,1,2,1,2,1
"H",8,0,1,1,2,2,2,2
"H",8,0,1,1,3,0,1,1
"H",8,0,1,1,3,1,1,1
"H",8,0,1,1,3,2,3,3
"H",8,0,1,10,0,0,31,31
"H",8,0,1,11,0,0,19,19
"H",8,0,1,12,0,0,16,16
"H",8,0,1,12,0,1,1,1
"H",8,0,1,13,0,0,3,3
"H",8,0,1,14,0,0,2,2
"H",8,0,1,15,0,0,1,1
"H",8,0,1,16,0,0,1,1
"H",8,0,1,2,0,0,861,825
"H",8,0,1,2,0,1,4,4
"H",8,0,1,2,0,2,2,2
"H",8,0,1,2,1,1,1,1
"H",8,0,1,2,1,2,1,1
"H",8,0,1,2,2,1,1,1
"H",8,0,1,2,2,2,2,2
"H",8,0,1,20,0,0,1,1
"H",8,0,1,3,0,0,635,622
"H",8,0,1,3,0,1,3,3
"H",8,0,1,3,0,2,2,2
"H",8,0,1,3,1,2,1,1
"H",8,0,1,4,0,0,461,453
"H",8,0,1,5,0,0,302,301
"H",8,0,1,5,0,1,1,1
"H",8,0,1,5,0,2,1,1
"H",8,0,1,5,1,2,1,1
"H",8,0,1,6,0,0,195,194
"H",8,0,1,7,0,0,167,167
"H",8,0,1,7,0,1,1,1
"H",8,0,1,7,0,2,1,1
"H",8,0,1,7,1,2,1,1
"H",8,0,1,7,2,2,1,1
"H",8,0,1,8,0,0,75,75
"H",8,0,1,9,0,0,52,52
"H",8,0,2,-1,0,0,291,100
"H",8,0,2,-1,1,0,2,1
"H",8,0,2,-10,0,0,9,0
"H",8,0,2,-11,0,0,7,0
"H",8,0,2,-12,0,0,1,0
"H",8,0,2,-13,0,0,3,0
"H",8,0,2,-14,0,0,1,0
"H",8,0,2,-15,0,0,1,0
"H",8,0,2,-16,0,0,2,0
"H",8,0,2,-19,0,0,1,0
"H",8,0,2,-2,0,0,238,41
"H",8,0,2,-2,0,1,1,1
"H",8,0,2,-2,0,2,1,1
"H",8,0,2,-3,0,0,199,27
"H",8,0,2,-4,0,0,138,3
"H",8,0,2,-5,0,0,116,3
"H",8,0,2,-6,0,0,62,0
"H",8,0,2,-7,0,0,41,0
"H",8,0,2,-7,1,0,1,0
"H",8,0,2,-7,2,0,1,0
"H",8,0,2,-7,2,1,1,0
"H",8,0,2,-8,0,0,23,0
"H",8,0,2,-9,0,0,20,0
"H",8,0,2,0,0,0,334,224
"H",8,0,2,0,1,0,1,1
"H",8,0,2,1,0,0,309,293
"H",8,0,2,10,0,0,13,13
"H",8,0,2,11,0,0,7,7
"H",8,0,2,12,0,0,7,7
"H",8,0,2,13,0,0,2,2
"H",8,0,2,14,0,0,1,1
"H",8,0,2,16,0,0,2,2
"H",8,0,2,2,0,0,278,266
"H",8,0,2,20,0,0,1,1
"H",8,0,2,3,0,0,205,203
"H",8,0,2,3,1,0,1,1
"H",8,0,2,3,2,0,1,1
"H",8,0,2,3,2,1,1,1
"H",8,0,2,4,0,0,132,129
"H",8,0,2,5,0,0,84,84
"H",8,0,2,6,0,0,57,57
"H",8,0,2,7,0,0,56,56
"H",8,0,2,8,0,0,33,33
"H",8,0,2,9,0,0,19,19
"H",8,0,3,-1,0,0,50,25
"H",8,0,3,-10,0,0,4,0
"H",8,0,3,-11,0,0,1,0
"H",8,0,3,-2,0,0,48,14
"H",8,0,3,-3,0,0,42,3
"H",8,0,3,-4,0,0,25,1
"H",8,0,3,-5,0,0,22,0
"H",8,0,3,-6,0,0,20,0
"H",8,0,3,-6,1,0,1,0
"H",8,0,3,-7,0,0,10,0
"H",8,0,3,-8,0,0,4,0
"H",8,0,3,-9,0,0,4,0
"H",8,0,3,0,0,0,69,54
"H",8,0,3,0,1,0,1,1
"H",8,0,3,1,0,0,82,77
"H",8,0,3,1,1,0,1,1
"H",8,0,3,1,1,1,1,1
"H",8,0,3,1,1,2,1,1
"H",8,0,3,1,2,2,1,1
"H",8,0,3,10,0,0,2,2
"H",8,0,3,11,0,0,2,2
"H",8,0,3,12,0,0,3,3
"H",8,0,3,12,0,1,1,1
"H",8,0,3,12,0,2,1,1
"H",8,0,3,13,0,0,2,2
"H",8,0,3,14,0,0,1,1
"H",8,0,3,2,0,0,52,51
"H",8,0,3,20,0,0,1,1
"H",8,0,3,3,0,0,53,51
"H",8,0,3,4,0,0,29,28
"H",8,0,3,5,0,0,23,23
"H",8,0,3,6,0,0,24,24
"H",8,0,3,7,0,0,17,17
"H",8,0,3,7,1,0,1,1
"H",8,0,3,8,0,0,15,15
"H",8,0,3,9,0,0,6,6
"H",8,0,4,-1,0,0,57,25
"H",8,0,4,-10,0,0,1,0
"H",8,0,4,-11,0,0,2,0
"H",8,0,4,-2,0,0,65,18
"H",8,0,4,-3,0,0,60,12
"H",8,0,4,-4,0,0,38,1
"H",8,0,4,-5,0,0,35,2
"H",8,0,4,-6,0,0,14,0
"H",8,0,4,-7,0,0,8,0
"H",8,0,4,-8,0,0,10,0
"H",8,0,4,-9,0,0,7,0
"H",8,0,4,0,0,0,58,42
"H",8,0,4,1,0,0,62,62
"H",8,0,4,10,0,0,6,6
"H",8,0,4,11,0,0,2,2
"H",8,0,4,12,0,0,1,1
"H",8,0,4,13,0,0,1,1
"H",8,0,4,2,0,0,57,54
"H",8,0,4,3,0,0,32,32
"H",8,0,4,4,0,0,26,26
"H",8,0,4,5,0,0,16,16
"H",8,0,4,6,0,0,16,16
"H",8,0,4,7,0,0,8,8
"H",8,0,4,8,0,0,8,8
"H",8,0,4,9,0,0,5,5
"H",8,0,5,-1,0,0,32,15
"H",8,0,5,-10,0,0,1,0
"H",8,0,5,-11,0,0,1,0
"H",8,0,5,-13,0,0,1,0
"H",8,0,5,-2,0,0,11,2
"H",8,0,5,-20,0,0,1,0
"H",8,0,5,-3,0,0,14,1
"H",8,0,5,-4,0,0,8,1
"H",8,0,5,-5,0,0,7,0
"H",8,0,5,-6,0,0,4,0
"H",8,0,5,-7,0,0,6,0
"H",8,0,5,-8,0,0,5,0
"H",8,0,5,0,0,0,29,25
"H",8,0,5,1,0,0,32,31
"H",8,0,5,10,0,0,3,3
"H",8,0,5,12,0,0,2,2
"H",8,0,5,13,0,0,1,1
"H",8,0,5,15,0,0,1,1
"H",8,0,5,2,0,0,28,28
"H",8,0,5,20,0,0,1,1
"H",8,0,5,21,0,0,1,1
"H",8,0,5,3,0,0,22,22
"H",8,0,5,4,0,0,14,14
"H",8,0,5,5,0,0,12,12
"H",8,0,5,6,0,0,4,4
"H",8,0,5,7,0,0,5,5
"H",8,0,5,8,0,0,5,5
"H",8,0,5,9,0,0,3,3
"H",8,0,6,-1,0,0,29,20
"H",8,0,6,-10,0,0,1,0
"H",8,0,6,-11,0,0,2,0
"H",8,0,6,-2,0,0,20,4
"H",8,0,6,-3,0,0,15,1
"H",8,0,6,-4,0,0,12,0
"H",8,0,6,-5,0,0,5,0
"H",8,0,6,-6,0,0,7,0
"H",8,0,6,-7,0,0,5,0
"H",8,0,6,-7,1,0,1,0
"H",8,0,6,-7,1,1,1,0
"H",8,0,6,-8,0,0,3,0
"H",8,0,6,-9,0,0,1,0
"H",8,0,6,0,0,0,22,19
"H",8,0,6,1,0,0,25,24
"H",8,0,6,12,0,0,2,2
"H",8,0,6,13,0,0,1,1
"H",8,0,6,2,0,0,28,28
"H",8,0,6,3,0,0,18,18
"H",8,0,6,4,0,0,12,12
"H",8,0,6,5,0,0,9,9
"H",8,0,6,6,0,0,4,4
"H",8,0,6,7,0,0,5,5
"H",8,0,6,8,0,0,3,3
"H",8,0,6,9,0,0,2,2
"H",8,0,7,-1,0,0,15,9
"H",8,0,7,-11,0,0,1,0
"H",8,0,7,-14,0,0,1,0
"H",8,0,7,-2,0,0,10,4
"H",8,0,7,-3,0,0,10,2
"H",8,0,7,-4,0,0,2,1
"H",8,0,7,-5,0,0,5,0
"H",8,0,7,-6,0,0,1,0
"H",8,0,7,-7,0,0,2,0
"H",8,0,7,-8,0,0,2,0
"H",8,0,7,-9,0,0,4,0
"H",8,0,7,0,0,0,12,10
"H",8,0,7,1,0,0,17,17
"H",8,0,7,10,0,0,1,1
"H",8,0,7,11,0,0,2,2
"H",8,0,7,13,0,0,2,2
"H",8,0,7,2,0,0,11,11
"H",8,0,7,3,0,0,11,11
"H",8,0,7,4,0,0,15,15
"H",8,0,7,5,0,0,7,7
"H",8,0,7,6,0,0,4,4
"H",8,0,7,7,0,0,3,3
"H",8,0,7,8,0,0,2,2
"H",8,0,8,-1,0,0,13,11
"H",8,0,8,-2,0,0,22,11
"H",8,0,8,-3,0,0,10,4
"H",8,0,8,-4,0,0,12,2
"H",8,0,8,-5,0,0,11,1
"H",8,0,8,-6,0,0,3,0
"H",8,0,8,-7,0,0,1,0
"H",8,0,8,-8,0,0,1,0
"H",8,0,8,-9,0,0,2,0
"H",8,0,8,0,0,0,18,14
"H",8,0,8,1,0,0,22,22
"H",8,0,8,10,0,0,1,1
"H",8,0,8,12,0,0,1,1
"H",8,0,8,13,0,0,1,1
"H",8,0,8,2,0,0,16,15
"H",8,0,8,3,0,0,4,4
"H",8,0,8,4,0,0,7,7
"H",8,0,8,5,0,0,7,7
"H",8,0,8,6,0,0,2,2
"H",8,0,8,7,0,0,1,1
"H",8,0,8,8,0,0,2,2
"H",8,0,8,9,0,0,1,1
"H",8,1,1,-1,0,0,731,139
"H",8,1,1,-1,0,1,3,0
"H",8,1,1,-1,0,2,2,0
"H",8,1,1,-1,1,0,3,2
"H",8,1,1,-1,1,1,3,2
"H",8,1,1,-1,1,2,3,2
"H",8,1,1,-1,2,0,1,0
"H",8,1,1,-1,2,1,1,0
"H",8,1,1,-1,2,2,1,0
"H",8,1,1,-10,0,0,26,0
"H",8,1,1,-11,0,0,14,0
"H",8,1,1,-12,0,0,7,0
"H",8,1,1,-13,0,0,9,0
"H",8,1,1,-14,0,0,6,0
"H",8,1,1,-15,0,0,3,0
"H",8,1,1,-16,0,0,2,0
"H",8,1,1,-17,0,0,1,0
"H",8,1,1,-2,0,0,576,60
"H",8,1,1,-2,0,1,3,0
"H",8,1,1,-2,1,0,3,0
"H",8,1,1,-2,1,1,6,0
"H",8,1,1,-2,1,2,2,0
"H",8,1,1,-2,2,2,2,0
"H",8,1,1,-2,3,2,1,0
"H",8,1,1,-3,0,0,476,34
"H",8,1,1,-3,0,1,1,0
"H",8,1,1,-3,1,1,1,0
"H",8,1,1,-3,1,2,1,0
"H",8,1,1,-4,0,0,300,6
"H",8,1,1,-5,0,0,238,4
"H",8,1,1,-5,0,1,1,0
"H",8,1,1,-6,0,0,155,0
"H",8,1,1,-6,0,1,1,0
"H",8,1,1,-6,1,1,1,0
"H",8,1,1,-7,0,0,111,0
"H",8,1,1,-8,0,0,58,0
"H",8,1,1,-9,0,0,39,0
"H",8,1,1,0,0,0,718,434
"H",8,1,1,0,0,1,3,2
"H",8,1,1,0,0,2,1,1
"H",8,1,1,0,1,0,5,3
"H",8,1,1,0,1,1,4,2
"H",8,1,1,0,1,2,3,3
"H",8,1,1,0,2,0,1,1
"H",8,1,1,0,2,1,2,1
"H",8,1,1,0,2,2,2,1
"H",8,1,1,0,3,1,1,1
"H",8,1,1,0,3,2,1,1
"H",8,1,1,1,0,0,700,625
"H",8,1,1,1,0,1,4,3
"H",8,1,1,1,0,2,3,2
"H",8,1,1,1,1,0,4,4
"H",8,1,1,1,1,1,4,4
"H",8,1,1,1,1,2,2,2
"H",8,1,1,1,2,1,2,2
"H",8,1,1,1,2,2,1,1
"H",8,1,1,1,3,1,1,1
"H",8,1,1,10,0,0,21,21
"H",8,1,1,11,0,0,17,17
"H",8,1,1,12,0,0,9,9
"H",8,1,1,13,0,0,3,3
"H",8,1,1,14,0,0,2,2
"H",8,1,1,2,0,0,570,545
"H",8,1,1,2,0,1,2,2
"H",8,1,1,2,1,0,2,2
"H",8,1,1,2,1,1,3,3
"H",8,1,1,2,1,2,2,2
"H",8,1,1,2,2,2,1,1
"H",8,1,1,3,0,0,430,420
"H",8,1,1,3,0,1,3,3
"H",8,1,1,3,0,2,2,2
"H",8,1,1,3,1,0,1,1
"H",8,1,1,4,0,0,328,324
"H",8,1,1,4,1,0,1,1
"H",8,1,1,4,1,1,1,1
"H",8,1,1,4,2,1,1,1
"H",8,1,1,4,3,1,1,1
"H",8,1,1,5,0,0,216,215
"H",8,1,1,5,0,1,1,1
"H",8,1,1,5,1,0,1,1
"H",8,1,1,5,1,1,1,1
"H",8,1,1,5,2,0,1,1
"H",8,1,1,5,3,0,1,1
"H",8,1,1,5,3,1,1,1
"H",8,1,1,6,0,0,138,137
"H",8,1,1,7,0,0,116,116
"H",8,1,1,8,0,0,44,44
"H",8,1,1,9,0,0,35,35
"H",8,1,2,-1,0,0,305,84
"H",8,1,2,-1,1,0,1,1
"H",8,1,2,-1,2,0,1,1
"H",8,1,2,-10,0,0,9,0
"H",8,1,2,-11,0,0,5,0
"H",8,1,2,-12,0,0,3,0
"H",8,1,2,-13,0,0,5,0
"H",8,1,2,-14,0,0,2,0
"H",8,1,2,-15,0,0,2,0
"H",8,1,2,-16,0,0,3,0
"H",8,1,2,-19,0,0,1,0
"H",8,1,2,-2,0,0,278,39
"H",8,1,2,-3,0,0,203,12
"H",8,1,2,-4,0,0,153,2
"H",8,1,2,-5,0,0,147,3
"H",8,1,2,-6,0,0,66,0
"H",8,1,2,-6,0,1,1,0
"H",8,1,2,-6,0,2,1,0
"H",8,1,2,-6,1,2,1,0
"H",8,1,2,-7,0,0,53,0
"H",8,1,2,-8,0,0,15,0
"H",8,1,2,-9,0,0,16,0
"H",8,1,2,-9,1,0,1,0
"H",8,1,2,0,0,0,293,185
"H",8,1,2,0,0,1,2,2
"H",8,1,2,0,0,2,1,1
"H",8,1,2,0,1,2,1,1
"H",8,1,2,1,0,0,298,276
"H",8,1,2,1,0,1,2,2
"H",8,1,2,1,0,2,1,1
"H",8,1,2,10,0,0,12,12
"H",8,1,2,11,0,0,3,3
"H",8,1,2,12,0,0,6,6
"H",8,1,2,13,0,0,1,1
"H",8,1,2,14,0,0,1,1
"H",8,1,2,2,0,0,292,277
"H",8,1,2,3,0,0,223,221
"H",8,1,2,3,0,1,1,1
"H",8,1,2,3,0,2,1,1
"H",8,1,2,4,0,0,160,157
"H",8,1,2,4,0,1,1,1
"H",8,1,2,5,0,0,111,110
"H",8,1,2,5,0,1,1,1
"H",8,1,2,5,0,2,1,1
"H",8,1,2,6,0,0,69,69
"H",8,1,2,7,0,0,66,66
"H",8,1,2,8,0,0,33,33
"H",8,1,2,9,0,0,25,25
"H",8,1,3,-1,0,0,162,59
"H",8,1,3,-10,0,0,5,0
"H",8,1,3,-11,0,0,1,0
"H",8,1,3,-15,0,0,1,0
"H",8,1,3,-16,0,0,2,0
"H",8,1,3,-2,0,0,96,13
"H",8,1,3,-2,0,1,1,1
"H",8,1,3,-2,0,2,1,1
"H",8,1,3,-2,1,2,1,1
"H",8,1,3,-3,0,0,61,4
"H",8,1,3,-4,0,0,44,2
"H",8,1,3,-5,0,0,39,1
"H",8,1,3,-6,0,0,28,0
"H",8,1,3,-7,0,0,18,0
"H",8,1,3,-8,0,0,4,0
"H",8,1,3,-9,0,0,3,0
"H",8,1,3,0,0,0,226,162
"H",8,1,3,0,1,0,1,1
"H",8,1,3,1,0,0,200,188
"H",8,1,3,1,1,0,1,1
"H",8,1,3,10,0,0,8,8
"H",8,1,3,11,0,0,3,3
"H",8,1,3,12,0,0,2,2
"H",8,1,3,13,0,0,3,3
"H",8,1,3,14,0,0,1,1
"H",8,1,3,16,0,0,2,2
"H",8,1,3,19,0,0,1,1
"H",8,1,3,2,0,0,207,204
"H",8,1,3,3,0,0,149,145
"H",8,1,3,3,0,1,1,1
"H",8,1,3,3,1,1,1,1
"H",8,1,3,3,1,2,1,1
"H",8,1,3,3,2,2,1,1
"H",8,1,3,3,3,2,1,1
"H",8,1,3,4,0,0,91,88
"H",8,1,3,5,0,0,60,60
"H",8,1,3,5,1,0,1,1
"H",8,1,3,5,2,0,1,1
"H",8,1,3,5,3,0,1,1
"H",8,1,3,6,0,0,41,41
"H",8,1,3,7,0,0,24,24
"H",8,1,3,8,0,0,15,15
"H",8,1,3,9,0,0,15,15
"H",8,1,4,-1,0,0,102,42
"H",8,1,4,-10,0,0,2,0
"H",8,1,4,-11,0,0,2,0
"H",8,1,4,-12,0,0,1,0
"H",8,1,4,-13,0,0,3,0
"H",8,1,4,-14,0,0,1,0
"H",8,1,4,-15,0,0,2,0
"H",8,1,4,-2,0,0,106,19
"H",8,1,4,-3,0,0,83,6
"H",8,1,4,-4,0,0,66,3
"H",8,1,4,-5,0,0,57,1
"H",8,1,4,-6,0,0,31,0
"H",8,1,4,-7,0,0,17,0
"H",8,1,4,-8,0,0,8,0
"H",8,1,4,-9,0,0,6,0
"H",8,1,4,0,0,0,92,61
"H",8,1,4,0,0,1,1,1
"H",8,1,4,0,1,1,1,1
"H",8,1,4,0,2,1,1,1
"H",8,1,4,0,3,1,1,1
"H",8,1,4,1,0,0,96,87
"H",8,1,4,10,0,0,5,5
"H",8,1,4,11,0,0,1,1
"H",8,1,4,12,0,0,4,4
"H",8,1,4,13,0,0,4,4
"H",8,1,4,16,0,0,1,1
"H",8,1,4,17,0,0,1,1
"H",8,1,4,19,0,0,1,1
"H",8,1,4,2,0,0,87,84
"H",8,1,4,20,0,0,1,1
"H",8,1,4,3,0,0,73,73
"H",8,1,4,4,0,0,52,52
"H",8,1,4,5,0,0,30,30
"H",8,1,4,6,0,0,29,29
"H",8,1,4,7,0,0,24,24
"H",8,1,4,8,0,0,17,17
"H",8,1,4,9,0,0,7,7
"H",8,1,5,-1,0,0,58,24
"H",8,1,5,-10,0,0,1,0
"H",8,1,5,-12,0,0,1,0
"H",8,1,5,-13,0,0,2,0
"H",8,1,5,-14,0,0,1,0
"H",8,1,5,-16,0,0,1,0
"H",8,1,5,-2,0,0,34,9
"H",8,1,5,-3,0,0,32,5
"H",8,1,5,-4,0,0,17,2
"H",8,1,5,-5,0,0,15,0
"H",8,1,5,-6,0,0,12,0
"H",8,1,5,-6,0,1,1,0
"H",8,1,5,-6,0,2,1,0
"H",8,1,5,-6,1,0,1,0
"H",8,1,5,-6,1,1,1,0
"H",8,1,5,-6,2,1,1,0
"H",8,1,5,-6,2,2,1,0
"H",8,1,5,-7,0,0,6,0
"H",8,1,5,-8,0,0,5,0
"H",8,1,5,-9,0,0,2,0
"H",8,1,5,0,0,0,80,64
"H",8,1,5,1,0,0,95,89
"H",8,1,5,10,0,0,7,7
"H",8,1,5,11,0,0,5,5
"H",8,1,5,12,0,0,3,3
"H",8,1,5,12,1,0,1,1
"H",8,1,5,13,0,0,1,1
"H",8,1,5,2,0,0,83,81
"H",8,1,5,2,0,1,1,1
"H",8,1,5,2,1,1,1,1
"H",8,1,5,2,2,1,1,1
"H",8,1,5,21,0,0,1,1
"H",8,1,5,3,0,0,72,71
"H",8,1,5,4,0,0,46,46
"H",8,1,5,5,0,0,34,34
"H",8,1,5,5,0,1,1,1
"H",8,1,5,5,0,2,1,1
"H",8,1,5,6,0,0,26,26
"H",8,1,5,7,0,0,17,17
"H",8,1,5,7,0,1,1,1
"H",8,1,5,7,0,2,1,1
"H",8,1,5,8,0,0,12,12
"H",8,1,5,9,0,0,3,3
"H",8,1,6,-1,0,0,45,20
"H",8,1,6,-10,0,0,1,0
"H",8,1,6,-2,0,0,40,8
"H",8,1,6,-3,0,0,27,4
"H",8,1,6,-4,0,0,20,2
"H",8,1,6,-5,0,0,15,1
"H",8,1,6,-6,0,0,9,0
"H",8,1,6,-7,0,0,11,0
"H",8,1,6,-8,0,0,5,0
"H",8,1,6,0,0,0,71,58
"H",8,1,6,1,0,0,56,52
"H",8,1,6,1,1,0,1,1
"H",8,1,6,1,2,0,1,1
"H",8,1,6,1,3,0,1,1
"H",8,1,6,10,0,0,3,3
"H",8,1,6,11,0,0,3,3
"H",8,1,6,13,0,0,2,2
"H",8,1,6,18,0,0,1,1
"H",8,1,6,2,0,0,50,49
"H",8,1,6,3,0,0,45,45
"H",8,1,6,4,0,0,26,25
"H",8,1,6,5,0,0,16,16
"H",8,1,6,6,0,0,15,15
"H",8,1,6,7,0,0,13,13
"H",8,1,6,8,0,0,5,5
"H",8,1,6,9,0,0,7,7
"H",8,1,7,-1,0,0,51,25
"H",8,1,7,-10,0,0,1,0
"H",8,1,7,-11,0,0,1,0
"H",8,1,7,-14,0,0,1,0
"H",8,1,7,-15,0,0,1,0
"H",8,1,7,-16,0,0,1,0
"H",8,1,7,-2,0,0,36,9
"H",8,1,7,-3,0,0,19,4
"H",8,1,7,-4,0,0,10,0
"H",8,1,7,-5,0,0,9,1
"H",8,1,7,-6,0,0,4,0
"H",8,1,7,-7,0,0,4,0
"H",8,1,7,-8,0,0,2,0
"H",8,1,7,-9,0,0,1,0
"H",8,1,7,-9,0,1,1,0
"H",8,1,7,-9,0,2,1,0
"H",8,1,7,0,0,0,52,42
"H",8,1,7,1,0,0,54,51
"H",8,1,7,10,0,0,3,3
"H",8,1,7,13,0,0,2,2
"H",8,1,7,2,0,0,61,59
"H",8,1,7,21,0,0,1,1
"H",8,1,7,3,0,0,40,40
"H",8,1,7,4,0,0,34,33
"H",8,1,7,5,0,0,23,23
"H",8,1,7,6,0,0,17,17
"H",8,1,7,7,0,0,10,10
"H",8,1,7,8,0,0,2,2
"H",8,1,7,9,0,0,3,3
"H",8,1,8,-1,0,0,30,17
"H",8,1,8,-10,0,0,1,0
"H",8,1,8,-11,0,0,1,0
"H",8,1,8,-13,0,0,2,0
"H",8,1,8,-14,0,0,1,0
"H",8,1,8,-16,0,0,1,0
"H",8,1,8,-2,0,0,35,8
"H",8,1,8,-3,0,0,28,8
"H",8,1,8,-4,0,0,22,3
"H",8,1,8,-5,0,0,18,2
"H",8,1,8,-6,0,0,7,0
"H",8,1,8,-7,0,0,4,0
"H",8,1,8,-8,0,0,5,0
"H",8,1,8,-9,0,0,3,0
"H",8,1,8,0,0,0,42,31
"H",8,1,8,1,0,0,30,29
"H",8,1,8,10,0,0,1,1
"H",8,1,8,2,0,0,36,35
"H",8,1,8,3,0,0,24,24
"H",8,1,8,4,0,0,17,17
"H",8,1,8,5,0,0,12,12
"H",8,1,8,6,0,0,6,6
"H",8,1,8,7,0,0,5,5
"H",8,1,8,8,0,0,5,5
"H",8,2,1,-1,0,0,565,82
"H",8,2,1,-1,0,1,1,1
"H",8,2,1,-1,1,0,3,0
"H",8,2,1,-1,1,1,1,1
"H",8,2,1,-1,2,0,3,0
"H",8,2,1,-1,2,1,4,1
"H",8,2,1,-1,2,2,2,0
"H",8,2,1,-1,3,1,1,0
"H",8,2,1,-10,0,0,23,0
"H",8,2,1,-11,0,0,10,0
"H",8,2,1,-12,0,0,6,0
"H",8,2,1,-13,0,0,8,0
"H",8,2,1,-14,0,0,3,0
"H",8,2,1,-15,0,0,2,0
"H",8,2,1,-17,0,0,1,0
"H",8,2,1,-2,0,0,420,32
"H",8,2,1,-2,0,1,3,0
"H",8,2,1,-2,1,0,2,0
"H",8,2,1,-2,1,1,3,0
"H",8,2,1,-2,2,0,1,0
"H",8,2,1,-2,2,1,2,0
"H",8,2,1,-2,3,0,1,0
"H",8,2,1,-2,3,1,1,0
"H",8,2,1,-3,0,0,357,24
"H",8,2,1,-3,0,1,1,0
"H",8,2,1,-3,1,1,1,0
"H",8,2,1,-3,1,2,1,0
"H",8,2,1,-3,2,2,1,0
"H",8,2,1,-4,0,0,222,5
"H",8,2,1,-4,0,1,1,0
"H",8,2,1,-4,0,2,1,0
"H",8,2,1,-4,1,2,1,0
"H",8,2,1,-5,0,0,164,1
"H",8,2,1,-5,1,0,1,0
"H",8,2,1,-5,2,0,1,0
"H",8,2,1,-5,2,1,1,0
"H",8,2,1,-6,0,0,118,0
"H",8,2,1,-6,1,0,1,0
"H",8,2,1,-7,0,0,82,0
"H",8,2,1,-7,1,0,1,0
"H",8,2,1,-7,2,0,1,0
"H",8,2,1,-8,0,0,55,0
"H",8,2,1,-9,0,0,32,0
"H",8,2,1,0,0,0,557,307
"H",8,2,1,0,0,1,3,1
"H",8,2,1,0,0,2,2,0
"H",8,2,1,0,1,0,2,1
"H",8,2,1,0,1,1,3,2
"H",8,2,1,0,1,2,1,0
"H",8,2,1,0,2,1,1,0
"H",8,2,1,0,3,1,1,0
"H",8,2,1,0,3,2,1,0
"H",8,2,1,1,0,0,566,503
"H",8,2,1,1,0,1,1,0
"H",8,2,1,1,0,2,1,0
"H",8,2,1,1,1,0,2,2
"H",8,2,1,10,0,0,20,20
"H",8,2,1,11,0,0,18,18
"H",8,2,1,12,0,0,9,9
"H",8,2,1,13,0,0,5,5
"H",8,2,1,14,0,0,2,2
"H",8,2,1,16,0,0,2,2
"H",8,2,1,2,0,0,440,419
"H",8,2,1,2,1,0,2,2
"H",8,2,1,2,1,1,1,1
"H",8,2,1,2,2,0,1,1
"H",8,2,1,2,2,1,1,1
"H",8,2,1,2,3,0,1,1
"H",8,2,1,3,0,0,356,345
"H",8,2,1,3,0,1,2,2
"H",8,2,1,3,1,0,1,1
"H",8,2,1,3,1,1,1,1
"H",8,2,1,3,2,1,1,1
"H",8,2,1,3,2,2,1,1
"H",8,2,1,3,3,2,1,1
"H",8,2,1,4,0,0,285,282
"H",8,2,1,5,0,0,181,181
"H",8,2,1,5,0,1,1,1
"H",8,2,1,5,0,2,1,1
"H",8,2,1,5,1,2,1,1
"H",8,2,1,5,2,2,1,1
"H",8,2,1,6,0,0,125,124
"H",8,2,1,6,1,0,1,1
"H",8,2,1,6,2,0,1,1
"H",8,2,1,6,3,0,1,1
"H",8,2,1,7,0,0,97,97
"H",8,2,1,8,0,0,46,46
"H",8,2,1,9,0,0,28,28
"H",8,2,2,-1,0,0,287,52
"H",8,2,2,-1,1,0,1,0
"H",8,2,2,-1,2,0,1,0
"H",8,2,2,-10,0,0,12,0
"H",8,2,2,-11,0,0,5,0
"H",8,2,2,-12,0,0,5,0
"H",8,2,2,-13,0,0,3,0
"H",8,2,2,-14,0,0,2,0
"H",8,2,2,-15,0,0,2,0
"H",8,2,2,-19,0,0,1,0
"H",8,2,2,-2,0,0,272,24
"H",8,2,2,-2,1,0,2,0
"H",8,2,2,-2,1,1,1,0
"H",8,2,2,-2,1,2,1,0
"H",8,2,2,-2,2,0,1,0
"H",8,2,2,-2,2,1,1,0
"H",8,2,2,-2,3,1,1,0
"H",8,2,2,-2,3,2,1,0
"H",8,2,2,-3,0,0,211,13
"H",8,2,2,-4,0,0,148,1
"H",8,2,2,-5,0,0,126,0
"H",8,2,2,-5,1,0,1,0
"H",8,2,2,-6,0,0,70,0
"H",8,2,2,-6,1,0,1,0
"H",8,2,2,-7,0,0,55,0
"H",8,2,2,-8,0,0,31,0
"H",8,2,2,-9,0,0,18,0
"H",8,2,2,0,0,0,287,180
"H",8,2,2,0,1,0,1,0
"H",8,2,2,0,1,1,1,0
"H",8,2,2,1,0,0,301,270
"H",8,2,2,1,0,1,2,2
"H",8,2,2,1,0,2,1,1
"H",8,2,2,1,1,0,1,1
"H",8,2,2,1,1,1,1,1
"H",8,2,2,1,1,2,1,1
"H",8,2,2,1,2,2,1,1
"H",8,2,2,10,0,0,17,17
"H",8,2,2,11,0,0,10,10
"H",8,2,2,12,0,0,7,7
"H",8,2,2,13,0,0,2,2
"H",8,2,2,14,0,0,3,3
"H",8,2,2,16,0,0,1,1
"H",8,2,2,2,0,0,270,255
"H",8,2,2,2,0,1,1,1
"H",8,2,2,2,1,0,1,1
"H",8,2,2,2,2,0,1,1
"H",8,2,2,2,2,1,1,1
"H",8,2,2,2,3,1,1,1
"H",8,2,2,2,3,2,1,1
"H",8,2,2,3,0,0,234,230
"H",8,2,2,3,1,0,1,1
"H",8,2,2,4,0,0,156,155
"H",8,2,2,4,1,0,1,1
"H",8,2,2,4,2,0,1,1
"H",8,2,2,5,0,0,117,117
"H",8,2,2,6,0,0,70,70
"H",8,2,2,7,0,0,67,67
"H",8,2,2,8,0,0,34,34
"H",8,2,2,9,0,0,18,18
"H",8,2,3,-1,0,0,202,51
"H",8,2,3,-10,0,0,5,0
"H",8,2,3,-11,0,0,1,0
"H",8,2,3,-12,0,0,1,0
"H",8,2,3,-14,0,0,1,0
"H",8,2,3,-15,0,0,1,0
"H",8,2,3,-16,0,0,1,0
"H",8,2,3,-2,0,0,117,13
"H",8,2,3,-2,0,1,1,1
"H",8,2,3,-3,0,0,102,5
"H",8,2,3,-4,0,0,54,1
"H",8,2,3,-5,0,0,44,0
"H",8,2,3,-6,0,0,34,0
"H",8,2,3,-6,1,0,1,0
"H",8,2,3,-6,1,1,1,0
"H",8,2,3,-7,0,0,21,0
"H",8,2,3,-8,0,0,7,0
"H",8,2,3,-9,0,0,6,0
"H",8,2,3,0,0,0,251,165
"H",8,2,3,1,0,0,236,220
"H",8,2,3,1,1,0,1,1
"H",8,2,3,10,0,0,12,12
"H",8,2,3,11,0,0,5,5
"H",8,2,3,12,0,0,4,4
"H",8,2,3,13,0,0,2,2
"H",8,2,3,14,0,0,2,2
"H",8,2,3,15,0,0,1,1
"H",8,2,3,2,0,0,214,207
"H",8,2,3,2,0,1,2,2
"H",8,2,3,2,0,2,2,2
"H",8,2,3,2,1,0,1,1
"H",8,2,3,2,1,2,1,1
"H",8,2,3,2,2,0,1,1
"H",8,2,3,2,2,1,1,1
"H",8,2,3,2,2,2,1,1
"H",8,2,3,2,3,1,1,1
"H",8,2,3,2,3,2,1,1
"H",8,2,3,22,0,0,1,1
"H",8,2,3,3,0,0,193,190
"H",8,2,3,3,1,0,1,1
"H",8,2,3,3,2,0,1,1
"H",8,2,3,3,2,1,1,1
"H",8,2,3,3,2,2,1,1
"H",8,2,3,4,0,0,153,151
"H",8,2,3,4,1,0,2,2
"H",8,2,3,4,1,1,1,1
"H",8,2,3,4,2,0,1,1
"H",8,2,3,5,0,0,84,82
"H",8,2,3,6,0,0,60,60
"H",8,2,3,7,0,0,48,48
"H",8,2,3,8,0,0,24,24
"H",8,2,3,9,0,0,16,16
"H",8,2,4,-1,0,0,123,31
"H",8,2,4,-1,0,1,1,0
"H",8,2,4,-1,0,2,1,0
"H",8,2,4,-10,0,0,4,0
"H",8,2,4,-11,0,0,2,0
"H",8,2,4,-12,0,0,2,0
"H",8,2,4,-13,0,0,2,0
"H",8,2,4,-19,0,0,1,0
"H",8,2,4,-2,0,0,106,17
"H",8,2,4,-3,0,0,81,8
"H",8,2,4,-4,0,0,77,2
"H",8,2,4,-5,0,0,64,0
"H",8,2,4,-6,0,0,25,0
"H",8,2,4,-7,0,0,22,0
"H",8,2,4,-8,0,0,12,0
"H",8,2,4,-9,0,0,10,0
"H",8,2,4,0,0,0,132,82
"H",8,2,4,0,0,1,1,0
"H",8,2,4,0,1,0,1,0
"H",8,2,4,0,1,1,2,0
"H",8,2,4,1,0,0,117,104
"H",8,2,4,10,0,0,7,7
"H",8,2,4,11,0,0,7,7
"H",8,2,4,12,0,0,4,4
"H",8,2,4,13,0,0,3,3
"H",8,2,4,14,0,0,1,1
"H",8,2,4,2,0,0,104,99
"H",8,2,4,3,0,0,82,81
"H",8,2,4,4,0,0,48,48
"H",8,2,4,5,0,0,45,45
"H",8,2,4,5,0,1,1,1
"H",8,2,4,5,0,2,1,1
"H",8,2,4,5,1,2,1,1
"H",8,2,4,6,0,0,27,27
"H",8,2,4,7,0,0,21,21
"H",8,2,4,8,0,0,21,21
"H",8,2,4,9,0,0,13,13
"H",8,2,5,-1,0,0,84,20
"H",8,2,5,-10,0,0,1,0
"H",8,2,5,-11,0,0,2,0
"H",8,2,5,-12,0,0,1,0
"H",8,2,5,-13,0,0,2,0
"H",8,2,5,-14,0,0,1,0
"H",8,2,5,-2,0,0,59,5
"H",8,2,5,-3,0,0,46,6
"H",8,2,5,-4,0,0,29,0
"H",8,2,5,-5,0,0,14,0
"H",8,2,5,-6,0,0,16,0
"H",8,2,5,-6,0,1,2,0
"H",8,2,5,-6,0,2,1,0
"H",8,2,5,-7,0,0,13,0
"H",8,2,5,-8,0,0,4,0
"H",8,2,5,-9,0,0,6,0
"H",8,2,5,0,0,0,78,48
"H",8,2,5,1,0,0,102,90
"H",8,2,5,10,0,0,8,8
"H",8,2,5,11,0,0,9,9
"H",8,2,5,12,0,0,2,2
"H",8,2,5,12,1,0,1,1
"H",8,2,5,12,1,1,1,1
"H",8,2,5,12,1,2,1,1
"H",8,2,5,12,2,2,1,1
"H",8,2,5,12,3,2,1,1
"H",8,2,5,13,0,0,1,1
"H",8,2,5,14,0,0,1,1
"H",8,2,5,15,0,0,2,2
"H",8,2,5,2,0,0,113,109
"H",8,2,5,2,0,1,1,1
"H",8,2,5,2,0,2,1,1
"H",8,2,5,2,1,2,1,1
"H",8,2,5,2,2,2,1,1
"H",8,2,5,21,0,0,1,1
"H",8,2,5,3,0,0,88,86
"H",8,2,5,3,1,0,1,1
"H",8,2,5,3,2,0,1,1
"H",8,2,5,3,3,0,1,1
"H",8,2,5,4,0,0,67,67
"H",8,2,5,5,0,0,37,37
"H",8,2,5,5,1,0,1,1
"H",8,2,5,6,0,0,21,21
"H",8,2,5,7,0,0,30,30
"H",8,2,5,8,0,0,15,15
"H",8,2,5,9,0,0,7,7
"H",8,2,6,-1,0,0,69,20
"H",8,2,6,-10,0,0,2,0
"H",8,2,6,-11,0,0,3,0
"H",8,2,6,-13,0,0,1,0
"H",8,2,6,-14,0,0,1,0
"H",8,2,6,-2,0,0,40,8
"H",8,2,6,-3,0,0,39,4
"H",8,2,6,-4,0,0,28,0
"H",8,2,6,-5,0,0,13,0
"H",8,2,6,-6,0,0,20,0
"H",8,2,6,-7,0,0,8,0
"H",8,2,6,-8,0,0,2,0
"H",8,2,6,0,0,0,73,51
"H",8,2,6,1,0,0,73,63
"H",8,2,6,10,0,0,4,4
"H",8,2,6,11,0,0,2,2
"H",8,2,6,12,0,0,1,1
"H",8,2,6,14,0,0,1,1
"H",8,2,6,2,0,0,59,57
"H",8,2,6,3,0,0,45,45
"H",8,2,6,4,0,0,40,40
"H",8,2,6,5,0,0,16,16
"H",8,2,6,6,0,0,19,19
"H",8,2,6,7,0,0,15,15
"H",8,2,6,8,0,0,8,8
"H",8,2,6,9,0,0,9,9
"H",8,2,7,-1,0,0,64,15
"H",8,2,7,-1,1,0,1,0
"H",8,2,7,-1,2,0,1,0
"H",8,2,7,-1,3,0,1,0
"H",8,2,7,-1,3,1,1,0
"H",8,2,7,-1,3,2,1,0
"H",8,2,7,-10,0,0,1,0
"H",8,2,7,-11,0,0,2,0
"H",8,2,7,-13,0,0,1,0
"H",8,2,7,-2,0,0,40,10
"H",8,2,7,-3,0,0,29,0
"H",8,2,7,-4,0,0,15,0
"H",8,2,7,-5,0,0,10,0
"H",8,2,7,-6,0,0,13,0
"H",8,2,7,-7,0,0,5,0
"H",8,2,7,-8,0,0,6,0
"H",8,2,7,-9,0,0,3,0
"H",8,2,7,-9,1,0,1,0
"H",8,2,7,0,0,0,51,32
"H",8,2,7,1,0,0,64,56
"H",8,2,7,1,1,0,1,1
"H",8,2,7,1,2,0,1,1
"H",8,2,7,10,0,0,4,4
"H",8,2,7,11,0,0,3,3
"H",8,2,7,13,0,0,2,2
"H",8,2,7,2,0,0,62,60
"H",8,2,7,3,0,0,45,45
"H",8,2,7,4,0,0,30,29
"H",8,2,7,5,0,0,26,26
"H",8,2,7,6,0,0,24,24
"H",8,2,7,7,0,0,12,12
"H",8,2,7,8,0,0,9,9
"H",8,2,7,9,0,0,7,7
"H",8,2,8,-1,0,0,36,6
"H",8,2,8,-12,0,0,1,0
"H",8,2,8,-2,0,0,34,8
"H",8,2,8,-3,0,0,28,3
"H",8,2,8,-4,0,0,26,1
"H",8,2,8,-5,0,0,10,0
"H",8,2,8,-6,0,0,11,0
"H",8,2,8,-7,0,0,10,0
"H",8,2,8,-8,0,0,5,0
"H",8,2,8,0,0,0,48,32
"H",8,2,8,1,0,0,39,35
"H",8,2,8,10,0,0,2,2
"H",8,2,8,11,0,0,2,2
"H",8,2,8,12,0,0,1,1
"H",8,2,8,2,0,0,37,37
"H",8,2,8,3,0,0,26,26
"H",8,2,8,4,0,0,22,21
"H",8,2,8,5,0,0,14,14
"H",8,2,8,6,0,0,10,10
"H",8,2,8,7,0,0,10,10
"H",8,2,8,8,0,0,7,7
"H",8,2,8,9,0,0,5,5
"H",9,0,1,-1,0,0,1001,153
"H",9,0,1,-1,0,1,6,2
"H",9,0,1,-1,0,2,3,0
"H",9,0,1,-1,1,0,1,0
"H",9,0,1,-1,1,1,2,1
"H",9,0,1,-1,1,2,4,0
"H",9,0,1,-1,2,0,1,0
"H",9,0,1,-1,2,2,2,0
"H",9,0,1,-1,3,0,1,0
"H",9,0,1,-10,0,0,44,0
"H",9,0,1,-11,0,0,26,0
"H",9,0,1,-12,0,0,12,0
"H",9,0,1,-13,0,0,13,0
"H",9,0,1,-14,0,0,9,0
"H",9,0,1,-15,0,0,4,0
"H",9,0,1,-16,0,0,3,0
"H",9,0,1,-18,0,0,3,0
"H",9,0,1,-19,0,0,2,0
"H",9,0,1,-2,0,0,795,60
"H",9,0,1,-2,0,1,5,0
"H",9,0,1,-2,0,2,3,0
"H",9,0,1,-2,1,0,2,1
"H",9,0,1,-2,1,1,2,1
"H",9,0,1,-2,1,2,2,0
"H",9,0,1,-2,2,2,1,0
"H",9,0,1,-3,0,0,659,22
"H",9,0,1,-3,0,1,1,0
"H",9,0,1,-3,0,2,1,0
"H",9,0,1,-3,1,2,1,0
"H",9,0,1,-4,0,0,484,4
"H",9,0,1,-4,0,1,1,0
"H",9,0,1,-5,0,0,368,2
"H",9,0,1,-5,1,0,2,0
"H",9,0,1,-5,1,1,1,0
"H",9,0,1,-5,2,1,1,0
"H",9,0,1,-6,0,0,259,0
"H",9,0,1,-6,0,1,1,0
"H",9,0,1,-7,0,0,175,0
"H",9,0,1,-7,1,0,1,0
"H",9,0,1,-7,2,0,1,0
"H",9,0,1,-7,2,1,1,0
"H",9,0,1,-7,2,2,1,0
"H",9,0,1,-7,3,2,1,0
"H",9,0,1,-8,0,0,121,0
"H",9,0,1,-9,0,0,70,0
"H",9,0,1,0,0,0,940,620
"H",9,0,1,0,0,1,3,3
"H",9,0,1,0,0,2,2,2
"H",9,0,1,0,1,0,2,0
"H",9,0,1,0,2,0,1,0
"H",9,0,1,0,2,1,1,0
"H",9,0,1,0,2,2,1,0
"H",9,0,2,-1,0,0,289,85
"H",9,0,2,-1,0,1,2,0
"H",9,0,2,-1,0,2,2,0
"H",9,0,2,-1,1,2,1,0
"H",9,0,2,-10,0,0,15,0
"H",9,0,2,-11,0,0,6,0
"H",9,0,2,-12,0,0,4,0
"H",9,0,2,-13,0,0,7,0
"H",9,0,2,-14,0,0,2,0
"H",9,0,2,-16,0,0,1,0
"H",9,0,2,-18,0,0,1,0
"H",9,0,2,-19,0,0,2,0
"H",9,0,2,-2,0,0,232,32
"H",9,0,2,-3,0,0,163,9
"H",9,0,2,-4,0,0,136,3
"H",9,0,2,-5,0,0,107,1
"H",9,0,2,-6,0,0,76,0
"H",9,0,2,-7,0,0,51,0
"H",9,0,2,-7,1,0,1,0
"H",9,0,2,-7,1,1,1,0
"H",9,0,2,-7,2,1,1,0
"H",9,0,2,-7,2,2,1,0
"H",9,0,2,-7,3,2,1,0
"H",9,0,2,-8,0,0,34,0
"H",9,0,2,-9,0,0,18,0
"H",9,0,2,0,0,0,253,186
"H",9,0,2,0,0,1,1,0
"H",9,0,2,0,1,0,1,1
"H",9,0,2,0,1,1,1,1
"H",9,0,2,0,2,1,1,1
"H",9,0,2,0,2,2,1,1
"H",9,0,3,-1,0,0,45,25
"H",9,0,3,-1,0,1,1,1
"H",9,0,3,-10,0,0,1,0
"H",9,0,3,-11,0,0,5,0
"H",9,0,3,-12,0,0,3,0
"H",9,0,3,-13,0,0,2,0
"H",9,0,3,-14,0,0,1,0
"H",9,0,3,-15,0,0,1,0
"H",9,0,3,-2,0,0,43,6
"H",9,0,3,-3,0,0,37,4
"H",9,0,3,-4,0,0,26,1
"H",9,0,3,-5,0,0,34,0
"H",9,0,3,-6,0,0,18,0
"H",9,0,3,-6,1,0,1,0
"H",9,0,3,-6,1,1,1,0
"H",9,0,3,-7,0,0,14,0
"H",9,0,3,-8,0,0,13,0
"H",9,0,3,-9,0,0,6,0
"H",9,0,3,0,0,0,58,51
"H",9,0,3,0,0,1,1,1
"H",9,0,4,-1,0,0,56,33
"H",9,0,4,-10,0,0,3,0
"H",9,0,4,-11,0,0,3,0
"H",9,0,4,-12,0,0,1,0
"H",9,0,4,-14,0,0,1,0
"H",9,0,4,-18,0,0,1,0
"H",9,0,4,-2,0,0,68,17
"H",9,0,4,-3,0,0,39,7
"H",9,0,4,-4,0,0,38,2
"H",9,0,4,-5,0,0,28,1
"H",9,0,4,-6,0,0,21,0
"H",9,0,4,-7,0,0,17,0
"H",9,0,4,-8,0,0,11,0
"H",9,0,4,-9,0,0,3,0
"H",9,0,4,0,0,0,38,34
"H",9,0,5,-1,0,0,18,7
"H",9,0,5,-10,0,0,1,0
"H",9,0,5,-11,0,0,1,0
"H",9,0,5,-12,0,0,1,0
"H",9,0,5,-2,0,0,13,2
"H",9,0,5,-3,0,0,13,1
"H",9,0,5,-4,0,0,10,0
"H",9,0,5,-5,0,0,19,0
"H",9,0,5,-6,0,0,9,0
"H",9,0,5,-7,0,0,7,0
"H",9,0,5,-8,0,0,7,0
"H",9,0,5,-9,0,0,5,0
"H",9,0,5,0,0,0,20,20
"H",9,0,6,-1,0,0,15,11
"H",9,0,6,-13,0,0,1,0
"H",9,0,6,-14,0,0,1,0
"H",9,0,6,-15,0,0,1,0
"H",9,0,6,-18,0,0,1,0
"H",9,0,6,-19,0,0,1,0
"H",9,0,6,-2,0,0,17,2
"H",9,0,6,-3,0,0,13,3
"H",9,0,6,-4,0,0,8,0
"H",9,0,6,-5,0,0,7,0
"H",9,0,6,-6,0,0,8,0
"H",9,0,6,-7,0,0,5,0
"H",9,0,6,-8,0,0,1,0
"H",9,0,6,-9,0,0,3,0
"H",9,0,6,0,0,0,33,33
"H",9,0,6,0,1,0,1,1
"H",9,0,7,-1,0,0,14,10
"H",9,0,7,-13,0,0,1,0
"H",9,0,7,-14,0,0,1,0
"H",9,0,7,-15,0,0,1,0
"H",9,0,7,-17,0,0,1,0
"H",9,0,7,-2,0,0,6,3
"H",9,0,7,-3,0,0,8,1
"H",9,0,7,-4,0,0,6,0
"H",9,0,7,-5,0,0,5,0
"H",9,0,7,-6,0,0,5,0
"H",9,0,7,-7,0,0,1,0
"H",9,0,7,-8,0,0,1,0
"H",9,0,7,-9,0,0,2,0
"H",9,0,7,0,0,0,18,17
"H",9,0,7,0,1,0,1,0
"H",9,0,8,-1,0,0,21,16
"H",9,0,8,-2,0,0,12,5
"H",9,0,8,-3,0,0,14,5
"H",9,0,8,-4,0,0,6,1
"H",9,0,8,-5,0,0,6,1
"H",9,0,8,-6,0,0,8,0
"H",9,0,8,-7,0,0,8,0
"H",9,0,8,-8,0,0,2,0
"H",9,0,8,-9,0,0,1,0
"H",9,0,8,0,0,0,25,25
"H",9,1,1,-1,0,0,685,45
"H",9,1,1,-1,0,1,3,1
"H",9,1,1,-1,1,0,1,0
"H",9,1,1,-1,1,1,3,1
"H",9,1,1,-1,1,2,2,1
"H",9,1,1,-1,2,1,1,0
"H",9,1,1,-1,2,2,3,1
"H",9,1,1,-1,3,2,2,0
"H",9,1,1,-10,0,0,29,0
"H",9,1,1,-11,0,0,16,0
"H",9,1,1,-12,0,0,8,0
"H",9,1,1,-13,0,0,8,0
"H",9,1,1,-14,0,0,7,0
"H",9,1,1,-15,0,0,3,0
"H",9,1,1,-16,0,0,2,0
"H",9,1,1,-18,0,0,2,0
"H",9,1,1,-2,0,0,543,23
"H",9,1,1,-2,0,1,1,0
"H",9,1,1,-2,0,2,1,0
"H",9,1,1,-2,1,0,1,1
"H",9,1,1,-3,0,0,468,10
"H",9,1,1,-4,0,0,337,0
"H",9,1,1,-4,1,0,1,0
"H",9,1,1,-4,2,0,1,0
"H",9,1,1,-4,3,0,1,0
"H",9,1,1,-4,3,1,1,0
"H",9,1,1,-5,0,0,235,1
"H",9,1,1,-5,0,1,1,0
"H",9,1,1,-5,1,0,1,0
"H",9,1,1,-5,1,1,2,0
"H",9,1,1,-5,1,2,2,0
"H",9,1,1,-5,2,2,1,0
"H",9,1,1,-6,0,0,171,0
"H",9,1,1,-6,1,0,1,0
"H",9,1,1,-6,1,1,1,0
"H",9,1,1,-6,2,1,1,0
"H",9,1,1,-6,3,1,1,0
"H",9,1,1,-7,0,0,114,0
"H",9,1,1,-8,0,0,82,0
"H",9,1,1,-9,0,0,48,0
"H",9,1,1,0,0,0,645,390
"H",9,1,1,0,0,1,1,1
"H",9,1,1,0,1,0,1,1
"H",9,1,2,-1,0,0,310,48
"H",9,1,2,-10,0,0,20,0
"H",9,1,2,-11,0,0,11,0
"H",9,1,2,-12,0,0,2,0
"H",9,1,2,-13,0,0,3,0
"H",9,1,2,-14,0,0,2,0
"H",9,1,2,-16,0,0,2,0
"H",9,1,2,-17,0,0,1,0
"H",9,1,2,-18,0,0,1,0
"H",9,1,2,-19,0,0,1,0
"H",9,1,2,-2,0,0,269,28
"H",9,1,2,-2,0,1,1,0
"H",9,1,2,-2,1,0,1,0
"H",9,1,2,-3,0,0,238,11
"H",9,1,2,-4,0,0,164,2
"H",9,1,2,-4,1,0,1,0
"H",9,1,2,-4,2,0,1,0
"H",9,1,2,-4,2,1,1,0
"H",9,1,2,-5,0,0,118,0
"H",9,1,2,-6,0,0,96,0
"H",9,1,2,-6,1,0,1,0
"H",9,1,2,-6,1,1,1,0
"H",9,1,2,-6,1,2,1,0
"H",9,1,2,-7,0,0,54,0
"H",9,1,2,-7,1,0,2,0
"H",9,1,2,-7,1,1,2,0
"H",9,1,2,-7,1,2,1,0
"H",9,1,2,-7,2,2,1,0
"H",9,1,2,-8,0,0,35,0
"H",9,1,2,-9,0,0,27,0
"H",9,1,2,0,0,0,291,187
"H",9,1,2,0,0,1,1,1
"H",9,1,2,0,0,2,1,1
"H",9,1,2,0,1,2,1,1
"H",9,1,2,0,2,2,1,1
"H",9,1,2,0,3,2,1,1
"H",9,1,3,-1,0,0,149,35
"H",9,1,3,-1,0,1,1,0
"H",9,1,3,-1,0,2,1,0
"H",9,1,3,-1,1,0,2,0
"H",9,1,3,-1,1,1,1,0
"H",9,1,3,-1,1,2,1,0
"H",9,1,3,-1,2,0,1,0
"H",9,1,3,-1,2,2,1,0
"H",9,1,3,-1,3,0,1,0
"H",9,1,3,-10,0,0,9,0
"H",9,1,3,-11,0,0,5,0
"H",9,1,3,-12,0,0,4,0
"H",9,1,3,-13,0,0,2,0
"H",9,1,3,-14,0,0,2,0
"H",9,1,3,-15,0,0,1,0
"H",9,1,3,-16,0,0,1,0
"H",9,1,3,-18,0,0,1,0
"H",9,1,3,-2,0,0,79,6
"H",9,1,3,-2,0,1,2,1
"H",9,1,3,-2,1,1,1,0
"H",9,1,3,-2,2,1,1,0
"H",9,1,3,-2,2,2,1,0
"H",9,1,3,-2,3,2,1,0
"H",9,1,3,-3,0,0,57,1
"H",9,1,3,-4,0,0,57,0
"H",9,1,3,-5,0,0,47,1
"H",9,1,3,-6,0,0,32,0
"H",9,1,3,-6,1,0,1,0
"H",9,1,3,-6,2,0,1,0
"H",9,1,3,-6,2,1,1,0
"H",9,1,3,-7,0,0,29,0
"H",9,1,3,-8,0,0,20,0
"H",9,1,3,-9,0,0,12,0
"H",9,1,3,0,0,0,175,124
"H",9,1,3,0,0,1,1,1
"H",9,1,3,0,0,2,1,1
"H",9,1,3,0,1,0,1,1
"H",9,1,3,0,2,0,1,1
"H",9,1,3,0,3,0,1,1
"H",9,1,4,-1,0,0,85,21
"H",9,1,4,-1,1,0,1,0
"H",9,1,4,-1,1,1,1,0
"H",9,1,4,-1,1,2,1,0
"H",9,1,4,-10,0,0,6,0
"H",9,1,4,-11,0,0,3,0
"H",9,1,4,-13,0,0,2,0
"H",9,1,4,-14,0,0,1,0
"H",9,1,4,-16,0,0,2,0
"H",9,1,4,-17,0,0,1,0
"H",9,1,4,-2,0,0,104,20
"H",9,1,4,-3,0,0,86,9
"H",9,1,4,-4,0,0,59,1
"H",9,1,4,-5,0,0,42,0
"H",9,1,4,-6,0,0,28,0
"H",9,1,4,-7,0,0,17,0
"H",9,1,4,-8,0,0,11,0
"H",9,1,4,-9,0,0,7,0
"H",9,1,4,0,0,0,99,75
"H",9,1,4,0,1,0,1,1
"H",9,1,4,0,1,1,1,1
"H",9,1,4,0,2,1,1,1
"H",9,1,4,0,3,1,1,1
"H",9,1,5,-1,0,0,45,27
"H",9,1,5,-1,0,1,1,1
"H",9,1,5,-10,0,0,4,0
"H",9,1,5,-11,0,0,1,0
"H",9,1,5,-12,0,0,2,0
"H",9,1,5,-13,0,0,1,0
"H",9,1,5,-14,0,0,1,0
"H",9,1,5,-18,0,0,1,0
"H",9,1,5,-2,0,0,31,5
"H",9,1,5,-3,0,0,26,0
"H",9,1,5,-4,0,0,21,1
"H",9,1,5,-5,0,0,26,0
"H",9,1,5,-6,0,0,16,0
"H",9,1,5,-7,0,0,20,0
"H",9,1,5,-8,0,0,16,0
"H",9,1,5,-9,0,0,3,0
"H",9,1,5,0,0,0,61,55
"H",9,1,6,-1,0,0,37,17
"H",9,1,6,-10,0,0,1,0
"H",9,1,6,-11,0,0,1,0
"H",9,1,6,-13,0,0,1,0
"H",9,1,6,-2,0,0,43,7
"H",9,1,6,-3,0,0,22,1
"H",9,1,6,-4,0,0,25,0
"H",9,1,6,-5,0,0,16,0
"H",9,1,6,-6,0,0,14,0
"H",9,1,6,-7,0,0,8,0
"H",9,1,6,-8,0,0,8,0
"H",9,1,6,-9,0,0,7,0
"H",9,1,6,0,0,0,61,55
"H",9,1,6,0,1,0,1,0
"H",9,1,7,-1,0,0,57,30
"H",9,1,7,-1,0,1,1,0
"H",9,1,7,-1,0,2,1,0
"H",9,1,7,-11,0,0,2,0
"H",9,1,7,-13,0,0,1,0
"H",9,1,7,-15,0,0,1,0
"H",9,1,7,-17,0,0,1,0
"H",9,1,7,-2,0,0,35,12
"H",9,1,7,-3,0,0,18,3
"H",9,1,7,-4,0,0,18,1
"H",9,1,7,-5,0,0,14,0
"H",9,1,7,-6,0,0,8,0
"H",9,1,7,-7,0,0,9,0
"H",9,1,7,-8,0,0,5,0
"H",9,1,7,-9,0,0,4,0
"H",9,1,7,0,0,0,35,33
"H",9,1,8,-1,0,0,43,18
"H",9,1,8,-10,0,0,2,0
"H",9,1,8,-11,0,0,1,0
"H",9,1,8,-2,0,0,31,8
"H",9,1,8,-3,0,0,14,4
"H",9,1,8,-4,0,0,11,0
"H",9,1,8,-4,1,0,1,0
"H",9,1,8,-4,1,1,1,0
"H",9,1,8,-4,1,2,1,0
"H",9,1,8,-5,0,0,12,0
"H",9,1,8,-6,0,0,15,0
"H",9,1,8,-7,0,0,12,0
"H",9,1,8,-8,0,0,2,0
"H",9,1,8,-9,0,0,4,0
"H",9,1,8,0,0,0,68,62
"H",9,2,1,-1,0,0,525,11
"H",9,2,1,-1,0,1,1,0
"H",9,2,1,-1,1,0,2,1
"H",9,2,1,-1,1,1,2,1
"H",9,2,1,-1,2,1,2,1
"H",9,2,1,-1,2,2,2,1
"H",9,2,1,-10,0,0,15,0
"H",9,2,1,-11,0,0,11,0
"H",9,2,1,-12,0,0,8,0
"H",9,2,1,-13,0,0,9,0
"H",9,2,1,-14,0,0,2,0
"H",9,2,1,-15,0,0,4,0
"H",9,2,1,-16,0,0,2,0
"H",9,2,1,-17,0,0,1,0
"H",9,2,1,-18,0,0,1,0
"H",9,2,1,-2,0,0,394,4
"H",9,2,1,-2,0,1,2,0
"H",9,2,1,-2,0,2,1,0
"H",9,2,1,-2,1,0,2,0
"H",9,2,1,-2,1,1,1,0
"H",9,2,1,-2,1,2,1,0
"H",9,2,1,-2,2,0,1,0
"H",9,2,1,-2,2,1,1,0
"H",9,2,1,-3,0,0,315,0
"H",9,2,1,-3,1,0,1,0
"H",9,2,1,-4,0,0,254,0
"H",9,2,1,-5,0,0,175,0
"H",9,2,1,-6,0,0,124,0
"H",9,2,1,-7,0,0,89,0
"H",9,2,1,-8,0,0,57,0
"H",9,2,1,-9,0,0,32,0
"H",9,2,1,0,0,0,474,273
"H",9,2,1,0,0,1,1,1
"H",9,2,1,0,1,0,1,0
"H",9,2,1,0,1,1,2,1
"H",9,2,1,0,1,2,2,1
"H",9,2,1,0,2,2,1,1
"H",9,2,1,0,3,2,1,1
"H",9,2,2,-1,0,0,317,15
"H",9,2,2,-1,0,1,1,0
"H",9,2,2,-1,0,2,1,0
"H",9,2,2,-1,1,0,2,0
"H",9,2,2,-1,1,1,2,0
"H",9,2,2,-1,2,1,2,0
"H",9,2,2,-10,0,0,11,0
"H",9,2,2,-11,0,0,10,0
"H",9,2,2,-12,0,0,9,0
"H",9,2,2,-13,0,0,3,0
"H",9,2,2,-15,0,0,4,0
"H",9,2,2,-16,0,0,2,0
"H",9,2,2,-17,0,0,1,0
"H",9,2,2,-19,0,0,1,0
"H",9,2,2,-2,0,0,276,6
"H",9,2,2,-3,0,0,244,1
"H",9,2,2,-3,0,1,1,0
"H",9,2,2,-3,0,2,1,0
"H",9,2,2,-3,1,2,1,0
"H",9,2,2,-3,2,2,1,0
"H",9,2,2,-4,0,0,156,0
"H",9,2,2,-4,0,1,1,0
"H",9,2,2,-4,0,2,1,0
"H",9,2,2,-5,0,0,121,0
"H",9,2,2,-5,1,0,2,0
"H",9,2,2,-5,1,1,1,0
"H",9,2,2,-5,1,2,1,0
"H",9,2,2,-6,0,0,84,0
"H",9,2,2,-6,0,1,1,0
"H",9,2,2,-6,1,1,1,0
"H",9,2,2,-6,1,2,1,0
"H",9,2,2,-7,0,0,57,0
"H",9,2,2,-7,0,1,1,0
"H",9,2,2,-8,0,0,34,0
"H",9,2,2,-9,0,0,26,0
"H",9,2,2,0,0,0,268,155
"H",9,2,2,0,0,1,1,1
"H",9,2,2,0,1,1,1,1
"H",9,2,2,0,2,1,1,1
"H",9,2,3,-1,0,0,170,23
"H",9,2,3,-1,1,0,1,0
"H",9,2,3,-1,1,1,1,0
"H",9,2,3,-1,2,1,1,0
"H",9,2,3,-1,2,2,1,0
"H",9,2,3,-1,3,2,1,0
"H",9,2,3,-10,0,0,18,0
"H",9,2,3,-11,0,0,10,0
"H",9,2,3,-12,0,0,9,0
"H",9,2,3,-13,0,0,1,0
"H",9,2,3,-14,0,0,1,0
"H",9,2,3,-15,0,0,2,0
"H",9,2,3,-16,0,0,1,0
"H",9,2,3,-17,0,0,1,0
"H",9,2,3,-2,0,0,103,3
"H",9,2,3,-2,0,1,1,0
"H",9,2,3,-3,0,0,113,0
"H",9,2,3,-4,0,0,105,0
"H",9,2,3,-5,0,0,78,0
"H",9,2,3,-5,1,0,1,0
"H",9,2,3,-5,1,1,1,0
"H",9,2,3,-5,1,2,1,0
"H",9,2,3,-6,0,0,61,0
"H",9,2,3,-7,0,0,34,0
"H",9,2,3,-7,0,1,1,0
"H",9,2,3,-8,0,0,28,0
"H",9,2,3,-9,0,0,18,0
"H",9,2,3,0,0,0,194,136
"H",9,2,3,0,1,0,1,1
"H",9,2,3,0,2,0,1,1
"H",9,2,3,0,3,0,1,1
"H",9,2,4,-1,0,0,117,21
"H",9,2,4,-1,0,1,1,1
"H",9,2,4,-1,1,1,1,1
"H",9,2,4,-10,0,0,1,0
"H",9,2,4,-11,0,0,3,0
"H",9,2,4,-13,0,0,3,0
"H",9,2,4,-14,0,0,1,0
"H",9,2,4,-15,0,0,2,0
"H",9,2,4,-16,0,0,3,0
"H",9,2,4,-2,0,0,115,7
"H",9,2,4,-2,0,1,1,0
"H",9,2,4,-2,0,2,1,0
"H",9,2,4,-3,0,0,115,2
"H",9,2,4,-3,0,1,1,1
"H",9,2,4,-4,0,0,68,0
"H",9,2,4,-5,0,0,51,0
"H",9,2,4,-6,0,0,37,0
"H",9,2,4,-7,0,0,14,0
"H",9,2,4,-8,0,0,15,0
"H",9,2,4,-9,0,0,7,0
"H",9,2,4,0,0,0,144,88
"H",9,2,5,-1,0,0,70,10
"H",9,2,5,-10,0,0,8,0
"H",9,2,5,-11,0,0,2,0
"H",9,2,5,-12,0,0,3,0
"H",9,2,5,-13,0,0,1,0
"H",9,2,5,-14,0,0,1,0
"H",9,2,5,-2,0,0,54,3
"H",9,2,5,-3,0,0,57,0
"H",9,2,5,-4,0,0,46,0
"H",9,2,5,-5,0,0,38,0
"H",9,2,5,-6,0,0,36,0
"H",9,2,5,-7,0,0,24,0
"H",9,2,5,-8,0,0,14,0
"H",9,2,5,-9,0,0,6,0
"H",9,2,5,0,0,0,84,63
"H",9,2,6,-1,0,0,58,13
"H",9,2,6,-1,1,0,1,0
"H",9,2,6,-1,2,0,1,0
"H",9,2,6,-10,0,0,2,0
"H",9,2,6,-11,0,0,4,0
"H",9,2,6,-12,0,0,2,0
"H",9,2,6,-15,0,0,2,0
"H",9,2,6,-2,0,0,43,3
"H",9,2,6,-3,0,0,33,0
"H",9,2,6,-4,0,0,37,0
"H",9,2,6,-5,0,0,25,0
"H",9,2,6,-6,0,0,14,0
"H",9,2,6,-7,0,0,12,0
"H",9,2,6,-8,0,0,8,0
"H",9,2,6,-9,0,0,7,0
"H",9,2,6,0,0,0,60,46
"H",9,2,7,-1,0,0,59,14
"H",9,2,7,-1,1,0,2,0
"H",9,2,7,-1,1,1,1,0
"H",9,2,7,-1,1,2,1,0
"H",9,2,7,-1,2,0,1,0
"H",9,2,7,-1,2,2,1,0
"H",9,2,7,-1,3,2,1,0
"H",9,2,7,-10,0,0,3,0
"H",9,2,7,-11,0,0,1,0
"H",9,2,7,-12,0,0,2,0
"H",9,2,7,-13,0,0,1,0
"H",9,2,7,-14,0,0,1,0
"H",9,2,7,-15,0,0,1,0
"H",9,2,7,-2,0,0,46,4
"H",9,2,7,-3,0,0,30,2
"H",9,2,7,-4,0,0,20,0
"H",9,2,7,-5,0,0,23,0
"H",9,2,7,-6,0,0,18,0
"H",9,2,7,-7,0,0,10,0
"H",9,2,7,-8,0,0,4,0
"H",9,2,7,-9,0,0,6,0
"H",9,2,7,0,0,0,48,32
"H",9,2,7,0,0,1,2,1
"H",9,2,7,0,1,1,1,1
"H",9,2,8,-1,0,0,60,12
"H",9,2,8,-10,0,0,1,0
"H",9,2,8,-2,0,0,41,1
"H",9,2,8,-3,0,0,30,2
"H",9,2,8,-4,0,0,15,0
"H",9,2,8,-5,0,0,14,0
"H",9,2,8,-6,0,0,17,0
"H",9,2,8,-7,0,0,6,0
"H",9,2,8,-8,0,0,7,0
"H",9,2,8,-9,0,0,2,0
"H",9,2,8,0,0,0,60,40
"H",10,0,1,-1,0,0,114,21
"H",10,0,1,-1,0,1,2,2
"H",10,0,1,-1,0,2,1,1
"H",10,0,1,-1,1,1,1,1
"H",10,0,1,-1,1,2,1,1
"H",10,0,1,-1,2,2,1,1
"H",10,0,1,-2,0,0,53,3
"H",10,0,1,-3,0,0,26,0
"H",10,0,1,-4,0,0,11,0
"H",10,0,1,-5,0,0,2,0
"H",10,0,1,-6,0,0,1,0
"H",10,0,1,-8,0,0,1,0
"H",10,0,1,0,0,0,651,447
"H",10,0,1,0,0,1,3,3
"H",10,0,1,0,0,2,3,3
"H",10,0,1,0,1,0,3,2
"H",10,0,1,0,1,2,1,1
"H",10,0,1,0,2,0,1,0
"H",10,0,1,0,2,2,1,1
"H",10,0,1,0,3,0,1,0
"H",10,0,1,0,3,2,1,1
"H",10,0,2,-1,0,0,30,9
"H",10,0,2,-2,0,0,17,2
"H",10,0,2,-3,0,0,3,0
"H",10,0,2,-4,0,0,3,0
"H",10,0,2,-8,0,0,1,0
"H",10,0,2,0,0,0,192,144
"H",10,0,2,0,0,1,1,1
"H",10,0,3,-1,0,0,3,2
"H",10,0,3,-1,0,1,1,1
"H",10,0,3,-1,1,1,1,1
"H",10,0,3,-1,1,2,1,1
"H",10,0,3,-2,0,0,4,0
"H",10,0,3,0,0,0,46,38
"H",10,0,3,0,0,1,1,1
"H",10,0,4,-1,0,0,4,2
"H",10,0,4,-2,0,0,3,1
"H",10,0,4,-3,0,0,1,0
"H",10,0,4,0,0,0,27,24
"H",10,0,5,-1,0,0,5,3
"H",10,0,5,0,0,0,14,13
"H",10,0,6,-2,0,0,2,0
"H",10,0,6,0,0,0,19,16
"H",10,0,6,0,1,0,1,1
"H",10,0,7,-1,0,0,2,1
"H",10,0,7,0,0,0,5,5
"H",10,0,8,-2,0,0,2,0
"H",10,0,8,0,0,0,18,16
"H",10,1,1,-1,0,0,77,7
"H",10,1,1,-1,1,0,1,1
"H",10,1,1,-1,2,0,1,1
"H",10,1,1,-1,3,0,1,1
"H",10,1,1,-1,3,1,1,1
"H",10,1,1,-1,3,2,1,1
"H",10,1,1,-2,0,0,32,0
"H",10,1,1,-3,0,0,23,0
"H",10,1,1,-3,1,0,1,0
"H",10,1,1,-3,2,0,1,0
"H",10,1,1,-3,2,1,1,0
"H",10,1,1,-3,3,1,1,0
"H",10,1,1,-3,3,2,1,0
"H",10,1,1,-4,0,0,8,0
"H",10,1,1,-5,0,0,2,0
"H",10,1,1,-6,0,0,1,0
"H",10,1,1,0,0,0,410,260
"H",10,1,1,0,1,0,2,2
"H",10,1,2,-1,0,0,27,6
"H",10,1,2,-1,0,1,1,1
"H",10,1,2,-1,0,2,1,1
"H",10,1,2,-1,1,2,1,1
"H",10,1,2,-1,2,2,1,1
"H",10,1,2,-2,0,0,21,1
"H",10,1,2,-3,0,0,7,0
"H",10,1,2,-4,0,0,7,0
"H",10,1,2,-5,0,0,1,0
"H",10,1,2,-6,0,0,1,0
"H",10,1,2,0,0,0,175,124
"H",10,1,2,0,1,0,1,1
"H",10,1,2,0,2,0,1,1
"H",10,1,2,0,3,0,1,1
"H",10,1,2,0,3,1,1,1
"H",10,1,2,0,3,2,1,1
"H",10,1,3,-1,0,0,18,5
"H",10,1,3,-1,1,0,1,1
"H",10,1,3,-1,2,0,1,1
"H",10,1,3,-1,3,0,1,1
"H",10,1,3,-1,3,1,1,1
"H",10,1,3,-2,0,0,5,0
"H",10,1,3,-3,0,0,3,0
"H",10,1,3,-4,0,0,1,0
"H",10,1,3,-8,0,0,1,0
"H",10,1,3,0,0,0,125,92
"H",10,1,3,0,0,1,2,1
"H",10,1,3,0,1,1,2,1
"H",10,1,3,0,1,2,2,1
"H",10,1,4,-1,0,0,11,3
"H",10,1,4,-1,0,1,1,1
"H",10,1,4,-2,0,0,6,0
"H",10,1,4,-3,0,0,2,0
"H",10,1,4,-4,0,0,3,0
"H",10,1,4,0,0,0,52,37
"H",10,1,5,-1,0,0,6,2
"H",10,1,5,-2,0,0,1,0
"H",10,1,5,-3,0,0,3,0
"H",10,1,5,0,0,0,42,36
"H",10,1,6,-1,0,0,8,5
"H",10,1,6,-1,1,0,1,1
"H",10,1,6,-1,2,0,1,1
"H",10,1,6,-2,0,0,1,0
"H",10,1,6,-3,0,0,1,0
"H",10,1,6,-5,0,0,1,0
"H",10,1,6,-8,0,0,1,0
"H",10,1,6,0,0,0,38,30
"H",10,1,6,0,1,0,1,1
"H",10,1,6,0,1,1,1,1
"H",10,1,7,-1,0,0,8,5
"H",10,1,7,-2,0,0,4,2
"H",10,1,7,-3,0,0,1,0
"H",10,1,7,0,0,0,29,25
"H",10,1,7,0,1,0,1,1
"H",10,1,7,0,2,0,1,1
"H",10,1,7,0,3,0,1,1
"H",10,1,8,-1,0,0,1,1
"H",10,1,8,-2,0,0,1,0
"H",10,1,8,0,0,0,41,34
"H",10,1,8,0,1,0,2,2
"H",10,1,8,0,1,1,2,2
"H",10,1,8,0,2,1,2,2
"H",10,1,8,0,3,1,1,1
"H",10,2,1,-1,0,0,60,1
"H",10,2,1,-2,0,0,23,0
"H",10,2,1,-3,0,0,14,0
"H",10,2,1,-3,0,1,1,0
"H",10,2,1,-4,0,0,4,0
"H",10,2,1,-5,0,0,1,0
"H",10,2,1,0,0,0,284,163
"H",10,2,1,0,0,1,1,0
"H",10,2,1,0,1,1,1,0
"H",10,2,1,0,1,2,1,0
"H",10,2,1,0,2,2,1,0
"H",10,2,1,0,3,2,1,0
"H",10,2,2,-1,0,0,24,1
"H",10,2,2,-2,0,0,20,0
"H",10,2,2,-3,0,0,6,0
"H",10,2,2,-4,0,0,3,0
"H",10,2,2,-6,0,0,1,0
"H",10,2,2,0,0,0,133,89
"H",10,2,2,0,0,1,1,0
"H",10,2,2,0,1,0,1,1
"H",10,2,2,0,1,1,1,0
"H",10,2,3,-1,0,0,20,2
"H",10,2,3,-2,0,0,6,0
"H",10,2,3,-3,0,0,3,0
"H",10,2,3,-4,0,0,1,0
"H",10,2,3,-6,0,0,1,0
"H",10,2,3,0,0,0,103,68
"H",10,2,3,0,1,0,1,1
"H",10,2,3,0,1,1,1,1
"H",10,2,4,-1,0,0,8,1
"H",10,2,4,-2,0,0,5,0
"H",10,2,4,-3,0,0,2,0
"H",10,2,4,-4,0,0,2,0
"H",10,2,4,0,0,0,57,38
"H",10,2,5,-1,0,0,4,0
"H",10,2,5,-2,0,0,1,0
"H",10,2,5,-3,0,0,1,0
"H",10,2,5,-6,0,0,1,0
"H",10,2,5,0,0,0,47,34
"H",10,2,6,-1,0,0,5,1
"H",10,2,6,-2,0,0,5,0
"H",10,2,6,-3,0,0,1,0
"H",10,2,6,-4,0,0,2,0
"H",10,2,6,-5,0,0,1,0
"H",10,2,6,-8,0,0,1,0
"H",10,2,6,0,0,0,35,24
"H",10,2,7,-1,0,0,5,1
"H",10,2,7,-2,0,0,3,0
"H",10,2,7,-8,0,0,1,0
"H",10,2,7,0,0,0,30,19
"H",10,2,7,0,0,1,1,1
"H",10,2,7,0,1,1,1,1
"H",10,2,7,0,2,1,1,1
"H",10,2,7,0,3,1,1,1
"H",10,2,8,-1,0,0,3,0
"H",10,2,8,-2,0,0,2,0
"H",10,2,8,-3,0,0,1,0
"H",10,2,8,-4,0,0,2,0
"H",10,2,8,0,0,0,24,13
"H",11,0,1,-1,0,0,45,5
"H",11,0,1,-2,0,0,24,0
"H",11,0,1,-2,1,0,1,0
"H",11,0,1,-2,2,0,1,0
"H",11,0,1,-2,2,1,1,0
"H",11,0,1,-2,2,2,1,0
"H",11,0,1,-3,0,0,14,0
"H",11,0,1,-4,0,0,6,0
"H",11,0,1,-6,0,0,2,0
"H",11,0,1,0,0,0,383,258
"H",11,0,1,0,0,1,1,1
"H",11,0,2,-1,0,0,11,1
"H",11,0,2,-2,0,0,7,0
"H",11,0,2,-3,0,0,3,0
"H",11,0,2,-4,0,0,2,0
"H",11,0,2,-6,0,0,1,0
"H",11,0,2,0,0,0,117,86
"H",11,0,3,-1,0,0,3,2
"H",11,0,3,-2,0,0,1,0
"H",11,0,3,-2,0,1,1,0
"H",11,0,3,-2,1,1,1,0
"H",11,0,3,-2,1,2,1,0
"H",11,0,3,-3,0,0,1,0
"H",11,0,3,-4,0,0,1,0
"H",11,0,3,0,0,0,20,16
"H",11,0,4,-1,0,0,2,0
"H",11,0,4,-2,0,0,3,0
"H",11,0,4,-3,0,0,1,0
"H",11,0,4,-4,0,0,1,0
"H",11,0,4,0,0,0,19,17
"H",11,0,5,-2,0,0,1,0
"H",11,0,5,0,0,0,6,5
"H",11,0,6,-1,0,0,2,2
"H",11,0,6,-4,0,0,1,0
"H",11,0,6,-5,0,0,1,0
"H",11,0,6,0,0,0,10,8
"H",11,0,7,-2,0,0,1,0
"H",11,0,7,-5,0,0,1,0
"H",11,0,7,-6,0,0,1,0
"H",11,0,7,0,0,0,6,6
"H",11,0,8,-1,0,0,1,0
"H",11,0,8,0,0,0,8,6
"H",11,1,1,-1,0,0,31,1
"H",11,1,1,-2,0,0,15,0
"H",11,1,1,-3,0,0,10,0
"H",11,1,1,-4,0,0,3,0
"H",11,1,1,-6,0,0,1,0
"H",11,1,1,0,0,0,250,155
"H",11,1,1,0,0,1,1,1
"H",11,1,2,-1,0,0,11,2
"H",11,1,2,-2,0,0,7,0
"H",11,1,2,-3,0,0,5,0
"H",11,1,2,-4,0,0,3,0
"H",11,1,2,-6,0,0,1,0
"H",11,1,2,0,0,0,92,64
"H",11,1,3,-1,0,0,7,1
"H",11,1,3,-2,0,0,1,0
"H",11,1,3,-2,0,1,1,0
"H",11,1,3,-2,1,1,1,0
"H",11,1,3,-2,2,1,1,0
"H",11,1,3,-2,2,2,1,0
"H",11,1,3,-3,0,0,2,0
"H",11,1,3,0,0,0,61,44
"H",11,1,4,-1,0,0,1,0
"H",11,1,4,-2,0,0,3,0
"H",11,1,4,-3,0,0,3,0
"H",11,1,4,-4,0,0,1,0
"H",11,1,4,-6,0,0,1,0
"H",11,1,4,0,0,0,28,20
"H",11,1,5,-1,0,0,1,0
"H",11,1,5,-2,0,0,1,0
"H",11,1,5,-3,0,0,1,0
"H",11,1,5,0,0,0,20,17
"H",11,1,6,-1,0,0,1,0
"H",11,1,6,-2,0,0,1,0
"H",11,1,6,-4,0,0,1,0
"H",11,1,6,-5,0,0,1,0
"H",11,1,6,0,0,0,26,22
"H",11,1,7,-1,0,0,1,0
"H",11,1,7,-2,0,0,1,0
"H",11,1,7,-5,0,0,1,0
"H",11,1,7,0,0,0,12,11
"H",11,1,8,-1,0,0,2,0
"H",11,1,8,0,0,0,23,16
"H",11,2,1,-1,0,0,27,0
"H",11,2,1,-2,0,0,12,0
"H",11,2,1,-3,0,0,7,0
"H",11,2,1,-4,0,0,1,0
"H",11,2,1,0,0,0,182,105
"H",11,2,1,0,0,1,1,1
"H",11,2,1,0,1,0,1,1
"H",11,2,1,0,1,1,1,1
"H",11,2,1,0,1,2,1,1
"H",11,2,1,0,2,0,1,1
"H",11,2,1,0,3,0,1,1
"H",11,2,1,0,3,1,1,1
"H",11,2,2,-1,0,0,16,0
"H",11,2,2,-2,0,0,7,0
"H",11,2,2,-3,0,0,1,0
"H",11,2,2,-4,0,0,3,0
"H",11,2,2,0,0,0,72,47
"H",11,2,3,-1,0,0,4,0
"H",11,2,3,-2,0,0,2,0
"H",11,2,3,-3,0,0,5,0
"H",11,2,3,-4,0,0,2,0
"H",11,2,3,0,0,0,55,30
"H",11,2,4,-1,0,0,3,0
"H",11,2,4,-2,0,0,3,0
"H",11,2,4,-3,0,0,2,0
"H",11,2,4,-4,0,0,1,0
"H",11,2,4,0,0,0,29,17
"H",11,2,5,-1,0,0,4,0
"H",11,2,5,-2,0,0,1,0
"H",11,2,5,-2,1,0,1,0
"H",11,2,5,-4,0,0,1,0
"H",11,2,5,0,0,0,21,16
"H",11,2,6,-1,0,0,1,0
"H",11,2,6,-2,0,0,1,0
"H",11,2,6,-3,0,0,1,0
"H",11,2,6,-4,0,0,1,0
"H",11,2,6,0,0,0,13,10
"H",11,2,7,-1,0,0,1,0
"H",11,2,7,0,0,0,14,12
"H",11,2,8,0,0,0,13,7
"H",12,0,1,-1,0,0,32,5
"H",12,0,1,-2,0,0,11,0
"H",12,0,1,-3,0,0,7,0
"H",12,0,1,-4,0,0,5,0
"H",12,0,1,-5,0,0,1,0
"H",12,0,1,-6,0,0,1,1
"H",12,0,1,-7,0,0,1,1
"H",12,0,1,0,0,0,229,149
"H",12,0,1,0,0,1,1,1
"H",12,0,1,0,1,1,1,1
"H",12,0,1,0,1,2,1,1
"H",12,0,2,-1,0,0,5,1
"H",12,0,2,-2,0,0,3,0
"H",12,0,2,-3,0,0,2,0
"H",12,0,2,-4,0,0,2,0
"H",12,0,2,0,0,0,73,57
"H",12,0,3,-1,0,0,2,0
"H",12,0,3,0,0,0,10,10
"H",12,0,3,0,1,0,1,1
"H",12,0,3,0,2,0,1,1
"H",12,0,3,0,3,0,1,1
"H",12,0,4,-1,0,0,3,0
"H",12,0,4,-2,0,0,2,0
"H",12,0,4,0,0,0,12,9
"H",12,0,5,-3,0,0,1,0
"H",12,0,5,-4,0,0,2,0
"H",12,0,5,0,0,0,6,5
"H",12,0,6,0,0,0,5,5
"H",12,0,7,0,0,0,4,4
"H",12,0,8,-1,0,0,1,0
"H",12,0,8,0,0,0,2,2
"H",12,1,1,-1,0,0,26,4
"H",12,1,1,-2,0,0,8,0
"H",12,1,1,-3,0,0,5,0
"H",12,1,1,-4,0,0,1,0
"H",12,1,1,-5,0,0,1,0
"H",12,1,1,-6,0,0,1,1
"H",12,1,1,0,0,0,145,81
"H",12,1,1,0,1,0,1,1
"H",12,1,1,0,2,0,1,1
"H",12,1,1,0,3,0,1,1
"H",12,1,2,-1,0,0,9,3
"H",12,1,2,-2,0,0,3,0
"H",12,1,2,-3,0,0,4,0
"H",12,1,2,-4,0,0,2,0
"H",12,1,2,-6,0,0,1,1
"H",12,1,2,0,0,0,60,38
"H",12,1,2,0,0,1,1,1
"H",12,1,2,0,1,1,1,1
"H",12,1,2,0,1,2,1,1
"H",12,1,2,0,2,2,1,1
"H",12,1,3,-1,0,0,2,2
"H",12,1,3,-4,0,0,1,0
"H",12,1,3,0,0,0,37,29
"H",12,1,4,-1,0,0,3,2
"H",12,1,4,-2,0,0,2,0
"H",12,1,4,-3,0,0,2,0
"H",12,1,4,-6,0,0,1,1
"H",12,1,4,0,0,0,15,10
"H",12,1,5,-1,0,0,1,0
"H",12,1,5,-3,0,0,1,0
"H",12,1,5,-4,0,0,1,0
"H",12,1,5,0,0,0,15,14
"H",12,1,6,-1,0,0,1,1
"H",12,1,6,0,0,0,16,14
"H",12,1,7,-1,0,0,3,0
"H",12,1,7,0,0,0,5,5
"H",12,1,8,-1,0,0,2,1
"H",12,1,8,-2,0,0,1,1
"H",12,1,8,-3,0,0,2,1
"H",12,1,8,-4,0,0,1,1
"H",12,1,8,-5,0,0,1,1
"H",12,1,8,-6,0,0,1,1
"H",12,1,8,0,0,0,15,13
"H",12,2,1,-1,0,0,18,0
"H",12,2,1,-2,0,0,6,0
"H",12,2,1,-3,0,0,3,0
"H",12,2,1,-4,0,0,1,0
"H",12,2,1,-5,0,0,1,0
"H",12,2,1,0,0,0,109,58
"H",12,2,2,-1,0,0,8,1
"H",12,2,2,-2,0,0,3,0
"H",12,2,2,-3,0,0,2,0
"H",12,2,2,-4,0,0,1,0
"H",12,2,2,0,0,0,60,36
"H",12,2,2,0,1,0,1,1
"H",12,2,3,-1,0,0,1,1
"H",12,2,3,-2,0,0,3,0
"H",12,2,3,-3,0,0,1,0
"H",12,2,3,-4,0,0,1,0
"H",12,2,3,0,0,0,33,21
"H",12,2,4,-1,0,0,3,2
"H",12,2,4,-2,0,0,2,0
"H",12,2,4,0,0,0,24,15
"H",12,2,5,-1,0,0,1,0
"H",12,2,5,-3,0,0,1,0
"H",12,2,5,-4,0,0,1,0
"H",12,2,5,0,0,0,10,7
"H",12,2,6,-1,0,0,1,0
"H",12,2,6,-3,0,0,2,0
"H",12,2,6,0,0,0,7,5
"H",12,2,7,-1,0,0,2,0
"H",12,2,7,-2,0,0,1,0
"H",12,2,7,-3,0,0,2,0
"H",12,2,7,0,0,0,8,6
"H",12,2,8,-1,0,0,1,0
"H",12,2,8,-2,0,0,2,0
"H",12,2,8,-3,0,0,1,0
"H",12,2,8,0,0,0,10,5
"H",13,0,1,-1,0,0,21,5
"H",13,0,1,-2,0,0,18,2
"H",13,0,1,-3,0,0,6,0
"H",13,0,1,-4,0,0,3,0
"H",13,0,1,-5,0,0,1,0
"H",13,0,1,-6,0,0,1,0
"H",13,0,1,-7,0,0,1,0
"H",13,0,1,0,0,0,115,76
"H",13,0,2,-1,0,0,6,2
"H",13,0,2,-2,0,0,3,1
"H",13,0,2,-3,0,0,4,0
"H",13,0,2,-5,0,0,1,0
"H",13,0,2,0,0,0,36,25
"H",13,0,2,0,0,1,1,1
"H",13,0,2,0,0,2,1,1
"H",13,0,3,-1,0,0,1,1
"H",13,0,3,-2,0,0,1,0
"H",13,0,3,-3,0,0,1,0
"H",13,0,3,0,0,0,8,7
"H",13,0,4,-2,0,0,1,0
"H",13,0,4,-3,0,0,2,0
"H",13,0,4,0,0,0,6,5
"H",13,0,5,-1,0,0,1,0
"H",13,0,5,0,0,0,1,1
"H",13,0,6,-1,0,0,1,1
"H",13,0,6,0,0,0,4,4
"H",13,0,7,-2,0,0,1,0
"H",13,0,7,0,0,0,2,2
"H",13,0,8,0,0,0,4,4
"H",13,1,1,-1,0,0,17,3
"H",13,1,1,-2,0,0,15,1
"H",13,1,1,-3,0,0,2,0
"H",13,1,1,-4,0,0,3,0
"H",13,1,1,-6,0,0,1,0
"H",13,1,1,-7,0,0,1,0
"H",13,1,1,0,0,0,70,43
"H",13,1,1,0,1,0,1,1
"H",13,1,1,0,1,1,1,1
"H",13,1,1,0,1,2,1,1
"H",13,1,2,-1,0,0,7,3
"H",13,1,2,-2,0,0,3,1
"H",13,1,2,-3,0,0,1,0
"H",13,1,2,-4,0,0,2,0
"H",13,1,2,-5,0,0,1,0
"H",13,1,2,0,0,0,33,22
"H",13,1,3,-1,0,0,3,1
"H",13,1,3,-3,0,0,1,0
"H",13,1,3,0,0,0,22,15
"H",13,1,4,-1,0,0,3,3
"H",13,1,4,-2,0,0,2,1
"H",13,1,4,-3,0,0,1,0
"H",13,1,4,-5,0,0,1,0
"H",13,1,4,0,0,0,14,11
"H",13,1,5,-1,0,0,2,1
"H",13,1,5,0,0,0,10,9
"H",13,1,6,-1,0,0,1,0
"H",13,1,6,0,0,0,9,8
"H",13,1,7,-2,0,0,2,0
"H",13,1,7,-5,0,0,1,0
"H",13,1,7,0,0,0,3,3
"H",13,1,8,-1,0,0,3,3
"H",13,1,8,-5,0,0,1,0
"H",13,1,8,0,0,0,8,7
"H",13,2,1,-1,0,0,11,0
"H",13,2,1,-2,0,0,12,0
"H",13,2,1,-3,0,0,2,0
"H",13,2,1,-4,0,0,2,0
"H",13,2,1,-6,0,0,1,0
"H",13,2,1,-7,0,0,1,0
"H",13,2,1,0,0,0,50,26
"H",13,2,1,0,0,1,1,1
"H",13,2,2,-1,0,0,5,0
"H",13,2,2,-2,0,0,3,0
"H",13,2,2,-3,0,0,1,0
"H",13,2,2,-6,0,0,1,0
"H",13,2,2,0,0,0,32,16
"H",13,2,3,-1,0,0,2,0
"H",13,2,3,-3,0,0,2,0
"H",13,2,3,-4,0,0,1,0
"H",13,2,3,0,0,0,18,13
"H",13,2,4,-1,0,0,2,0
"H",13,2,4,-2,0,0,1,0
"H",13,2,4,-3,0,0,2,0
"H",13,2,4,0,0,0,18,14
"H",13,2,5,-1,0,0,5,1
"H",13,2,5,0,0,0,4,3
"H",13,2,6,-1,0,0,1,0
"H",13,2,6,-2,0,0,1,0
"H",13,2,6,-4,0,0,1,0
"H",13,2,6,0,0,0,5,2
"H",13,2,7,-1,0,0,1,0
"H",13,2,7,-2,0,0,1,0
"H",13,2,7,0,0,0,9,5
"H",13,2,8,-1,0,0,1,1
"H",13,2,8,-2,0,0,1,0
"H",13,2,8,-5,0,0,1,0
"H",13,2,8,0,0,0,4,2
"H",14,0,1,-1,0,0,6,0
"H",14,0,1,-2,0,0,8,0
"H",14,0,1,-3,0,0,3,0
"H",14,0,1,-5,0,0,1,0
"H",14,0,1,0,0,0,67,46
"H",14,0,1,0,1,0,1,1
"H",14,0,1,0,2,0,1,1
"H",14,0,1,0,3,0,1,1
"H",14,0,1,0,3,1,1,1
"H",14,0,2,-2,0,0,3,0
"H",14,0,2,-3,0,0,1,0
"H",14,0,2,0,0,0,20,15
"H",14,0,3,0,0,0,2,2
"H",14,0,4,-2,0,0,1,0
"H",14,0,4,0,0,0,3,2
"H",14,0,5,0,0,0,2,2
"H",14,0,6,0,0,0,2,2
"H",14,0,7,0,0,0,1,1
"H",14,0,8,-2,0,0,1,0
"H",14,0,8,0,0,0,2,1
"H",14,1,1,-1,0,0,6,0
"H",14,1,1,-2,0,0,5,0
"H",14,1,1,-3,0,0,2,0
"H",14,1,1,-5,0,0,1,0
"H",14,1,1,0,0,0,44,28
"H",14,1,2,-1,0,0,1,0
"H",14,1,2,-2,0,0,3,0
"H",14,1,2,-3,0,0,1,0
"H",14,1,2,0,0,0,17,10
"H",14,1,3,-1,0,0,1,0
"H",14,1,3,0,0,0,13,12
"H",14,1,3,0,1,0,1,1
"H",14,1,3,0,1,1,1,1
"H",14,1,4,0,0,0,4,4
"H",14,1,5,-1,0,0,1,0
"H",14,1,5,0,0,0,3,3
"H",14,1,6,-1,0,0,1,0
"H",14,1,7,0,0,0,3,3
"H",14,1,8,-2,0,0,1,0
"H",14,1,8,0,0,0,3,2
"H",14,2,1,-1,0,0,5,0
"H",14,2,1,-2,0,0,4,0
"H",14,2,1,-3,0,0,2,0
"H",14,2,1,-5,0,0,1,0
"H",14,2,1,0,0,0,31,18
"H",14,2,2,-1,0,0,2,0
"H",14,2,2,-2,0,0,4,0
"H",14,2,2,-3,0,0,2,0
"H",14,2,2,0,0,0,14,4
"H",14,2,3,0,0,0,9,6
"H",14,2,4,-2,0,0,1,0
"H",14,2,4,0,0,0,6,5
"H",14,2,5,0,0,0,2,1
"H",14,2,6,0,0,0,1,1
"H",14,2,7,-2,0,0,1,0
"H",14,2,7,0,0,0,1,1
"H",14,2,8,0,0,0,2,1
"H",15,0,1,-1,0,0,5,1
"H",15,0,1,-2,0,0,1,0
"H",15,0,1,-3,0,0,1,0
"H",15,0,1,-4,0,0,1,0
"H",15,0,1,0,0,0,39,24
"H",15,0,2,-1,0,0,2,0
"H",15,0,2,-3,0,0,1,0
"H",15,0,2,0,0,0,8,7
"H",15,0,4,-3,0,0,1,0
"H",15,0,4,0,0,0,1,1
"H",15,0,5,0,0,0,1,1
"H",15,0,7,0,0,0,1,1
"H",15,1,1,-1,0,0,3,1
"H",15,1,1,-2,0,0,1,0
"H",15,1,1,-4,0,0,1,0
"H",15,1,1,0,0,0,31,17
"H",15,1,2,-1,0,0,3,0
"H",15,1,2,0,0,0,13,9
"H",15,1,3,0,0,0,6,5
"H",15,1,4,-1,0,0,1,0
"H",15,1,4,-3,0,0,1,0
"H",15,1,4,0,0,0,6,6
"H",15,1,5,0,0,0,1,0
"H",15,1,6,0,0,0,1,0
"H",15,1,7,0,0,0,2,2
"H",15,1,8,0,0,0,1,1
"H",15,2,1,-1,0,0,1,0
"H",15,2,1,-2,0,0,1,0
"H",15,2,1,-4,0,0,1,0
"H",15,2,1,0,0,0,18,8
"H",15,2,2,-1,0,0,3,0
"H",15,2,2,-4,0,0,1,0
"H",15,2,2,0,0,0,6,2
"H",15,2,3,-4,0,0,1,0
"H",15,2,3,0,0,0,9,7
"H",15,2,4,-3,0,0,1,0
"H",15,2,4,-4,0,0,1,0
"H",15,2,4,0,0,0,4,3
"H",15,2,5,0,0,0,4,3
"H",15,2,6,0,0,0,3,2
"H",15,2,7,0,0,0,2,2
"H",15,2,8,-3,0,0,1,0
"H",15,2,8,0,0,0,2,2
"H",16,0,1,-1,0,0,5,0
"H",16,0,1,-3,0,0,1,0
"H",16,0,1,-4,0,0,1,0
"H",16,0,1,0,0,0,24,16
"H",16,0,2,-1,0,0,2,0
"H",16,0,2,-3,0,0,1,0
"H",16,0,2,-4,0,0,1,0
"H",16,0,2,0,0,0,8,4
"H",16,0,3,-4,0,0,1,0
"H",16,0,3,0,0,0,2,2
"H",16,0,4,0,0,0,1,1
"H",16,0,6,0,0,0,1,1
"H",16,1,1,-1,0,0,3,0
"H",16,1,1,0,0,0,15,11
"H",16,1,2,-3,0,0,2,0
"H",16,1,2,0,0,0,3,3
"H",16,1,3,-1,0,0,2,0
"H",16,1,3,-4,0,0,1,0
"H",16,1,3,0,0,0,5,2
"H",16,1,4,0,0,0,2,1
"H",16,1,5,0,0,0,2,1
"H",16,1,6,0,0,0,2,2
"H",16,1,7,0,0,0,2,2
"H",16,2,1,-1,0,0,3,0
"H",16,2,1,0,0,0,12,8
"H",16,2,2,-3,0,0,1,0
"H",16,2,2,0,0,0,6,5
"H",16,2,3,-1,0,0,1,0
"H",16,2,3,-3,0,0,2,0
"H",16,2,3,0,0,0,2,1
"H",16,2,4,-3,0,0,1,0
"H",16,2,4,0,0,0,3,1
"H",16,2,5,-1,0,0,1,0
"H",16,2,5,0,0,0,3,2
"H",16,2,6,-1,0,0,1,0
"H",16,2,7,-1,0,0,1,0
"H",16,2,7,0,0,0,2,2
"H",16,2,8,0,0,0,1,1
"H",17,0,1,-2,0,0,1,0
"H",17,0,1,0,0,0,16,9
"H",17,0,2,0,0,0,1,0
"H",17,0,3,0,0,0,3,3
"H",17,0,4,0,0,0,1,1
"H",17,0,8,0,0,0,1,1
"H",17,1,1,-2,0,0,1,0
"H",17,1,1,0,0,0,12,6
"H",17,1,2,0,0,0,6,3
"H",17,1,3,0,0,0,3,2
"H",17,1,4,0,0,0,1,1
"H",17,1,5,0,0,0,1,1
"H",17,1,6,0,0,0,1,1
"H",17,1,8,0,0,0,1,1
"H",17,2,1,-2,0,0,1,0
"H",17,2,1,0,0,0,5,2
"H",17,2,2,-2,0,0,1,0
"H",17,2,2,0,0,0,2,1
"H",17,2,3,0,0,0,3,0
"H",17,2,4,-2,0,0,1,0
"H",17,2,4,0,0,0,2,1
"H",17,2,5,0,0,0,2,2
"H",17,2,6,0,0,0,1,1
"H",17,2,8,0,0,0,1,1
"H",18,0,1,-1,0,0,1,0
"H",18,0,1,-2,0,0,1,0
"H",18,0,1,0,0,0,11,6
"H",18,0,2,-1,0,0,1,0
"H",18,0,2,-2,0,0,1,0
"H",18,0,2,0,0,0,1,1
"H",18,0,4,-2,0,0,1,0
"H",18,1,1,0,0,0,10,5
"H",18,1,2,-1,0,0,1,0
"H",18,1,2,0,0,0,5,3
"H",18,1,3,0,0,0,1,1
"H",18,1,6,0,0,0,1,1
"H",18,1,7,-2,0,0,1,0
"H",18,2,1,0,0,0,6,2
"H",18,2,2,-1,0,0,1,0
"H",18,2,2,0,0,0,5,3
"H",18,2,3,-1,0,0,1,0
"H",18,2,3,0,0,0,2,1
"H",18,2,6,0,0,0,1,1
"H",18,2,7,0,0,0,1,1
"H",19,0,1,-1,0,0,3,0
"H",19,0,1,-3,0,0,1,0
"H",19,0,1,0,0,0,5,3
"H",19,0,2,-3,0,0,1,0
"H",19,0,2,0,0,0,2,1
"H",19,0,3,0,0,0,1,1
"H",19,1,1,-1,0,0,3,0
"H",19,1,1,0,0,0,2,1
"H",19,1,2,-1,0,0,1,0
"H",19,1,2,-3,0,0,1,0
"H",19,1,2,0,0,0,1,0
"H",19,1,3,0,0,0,2,2
"H",19,1,4,-1,0,0,1,0
"H",19,1,4,-3,0,0,1,0
"H",19,1,4,0,0,0,1,1
"H",19,1,8,-3,0,0,1,0
"H",19,2,1,-1,0,0,2,0
"H",19,2,1,0,0,0,2,1
"H",19,2,2,-1,0,0,1,0
"H",19,2,2,0,0,0,3,1
"H",19,2,3,0,0,0,2,2
"H",19,2,4,0,0,0,2,2
"H",19,2,6,0,0,0,1,1
"H",19,2,7,-1,0,0,1,0
"H",19,2,7,0,0,0,1,1
"H",20,0,1,0,0,0,4,2
"H",20,1,1,0,0,0,4,2
"H",20,1,2,0,0,0,1,1
"H",20,2,1,0,0,0,3,1
"H",21,0,1,-2,0,0,2,0
"H",21,0,1,0,0,0,2,2
"H",21,0,2,-2,0,0,1,0
"H",21,0,2,0,0,0,1,1
"H",21,0,4,0,0,0,1,1
"H",21,0,8,0,0,0,1,1
"H",21,1,1,-2,0,0,1,0
"H",21,1,1,0,0,0,1,1
"H",21,1,2,0,0,0,1,1
"H",21,1,3,-2,0,0,1,0
"H",21,2,1,-2,0,0,1,0
"H",21,2,2,0,0,0,1,1
"H",21,2,3,-2,0,0,1,0
"H",22,0,1,0,0,0,1,1
"H",22,1,1,0,0,0,1,1
"H",22,1,2,0,0,0,1,1
"H",22,1,4,0,0,0,1,1
"V",1,0,1,0,0,0,9094,4194
"V",1,0,1,0,0,1,22,5
"V",1,0,1,0,0,2,11,3
"V",1,0,1,0,1,0,31,15
"V",1,0,1,0,1,1,21,6
"V",1,0,1,0,1,2,15,3
"V",1,0,1,0,2,0,15,9
"V",1,0,1,0,2,1,15,8
"V",1,0,1,0,2,2,18,6
"V",1,0,1,0,3,0,8,3
"V",1,0,1,0,3,1,3,2
"V",1,0,1,0,3,2,9,5
"V",1,0,1,1,0,0,34,13
"V",1,0,1,2,0,0,15,11
"V",1,0,1,3,0,0,2,2
"V",1,0,1,4,0,0,2,2
"V",1,0,1,7,0,0,1,1
"V",1,0,2,0,0,0,2900,1438
"V",1,0,2,0,0,1,10,4
"V",1,0,2,0,0,2,3,1
"V",1,0,2,0,1,0,4,2
"V",1,0,2,0,1,1,6,4
"V",1,0,2,0,1,2,4,2
"V",1,0,2,0,2,0,1,0
"V",1,0,2,0,2,1,3,1
"V",1,0,2,0,2,2,2,0
"V",1,0,2,1,0,0,67,46
"V",1,0,2,2,0,0,27,16
"V",1,0,2,3,0,0,3,3
"V",1,0,2,4,0,0,6,6
"V",1,0,2,6,0,0,1,1
"V",1,0,2,7,0,0,1,1
"V",1,0,2,9,0,0,1,0
"V",1,0,3,0,0,0,508,268
"V",1,0,3,0,0,1,2,1
"V",1,0,3,0,1,1,1,1
"V",1,0,3,0,1,2,1,1
"V",1,0,3,0,2,2,1,1
"V",1,0,3,0,3,2,1,1
"V",1,0,3,1,0,0,66,37
"V",1,0,3,2,0,0,26,16
"V",1,0,3,3,0,0,7,4
"V",1,0,3,4,0,0,4,3
"V",1,0,3,5,0,0,1,1
"V",1,0,3,8,0,0,1,0
"V",1,0,4,0,0,0,510,297
"V",1,0,4,0,0,1,1,1
"V",1,0,4,0,1,0,2,2
"V",1,0,4,0,2,0,1,1
"V",1,0,4,1,0,0,44,36
"V",1,0,4,2,0,0,12,9
"V",1,0,4,3,0,0,5,4
"V",1,0,4,4,0,0,4,4
"V",1,0,4,5,0,0,1,1
"V",1,0,5,0,0,0,187,125
"V",1,0,5,1,0,0,52,35
"V",1,0,5,2,0,0,11,9
"V",1,0,5,3,0,0,8,7
"V",1,0,5,4,0,0,2,2
"V",1,0,5,5,0,0,1,1
"V",1,0,5,8,0,0,1,0
"V",1,0,6,0,0,0,179,119
"V",1,0,6,1,0,0,41,30
"V",1,0,6,2,0,0,17,13
"V",1,0,6,3,0,0,2,2
"V",1,0,7,0,0,0,109,67
"V",1,0,7,0,1,0,1,1
"V",1,0,7,1,0,0,32,24
"V",1,0,7,1,0,1,1,0
"V",1,0,7,2,0,0,17,15
"V",1,0,7,3,0,0,1,1
"V",1,0,8,0,0,0,136,97
"V",1,0,8,1,0,0,39,30
"V",1,0,8,2,0,0,17,14
"V",1,0,8,3,0,0,6,3
"V",1,0,8,4,0,0,1,0
"V",1,0,8,5,0,0,1,0
"V",1,1,1,0,0,0,5830,2526
"V",1,1,1,0,0,1,16,8
"V",1,1,1,0,0,2,7,3
"V",1,1,1,0,1,0,12,3
"V",1,1,1,0,1,1,9,1
"V",1,1,1,0,1,2,5,1
"V",1,1,1,0,2,0,3,2
"V",1,1,1,0,2,1,6,2
"V",1,1,1,0,2,2,7,1
"V",1,1,1,0,3,1,1,0
"V",1,1,1,0,3,2,3,1
"V",1,1,1,1,0,0,95,57
"V",1,1,1,2,0,0,58,45
"V",1,1,1,3,0,0,34,29
"V",1,1,1,4,0,0,13,11
"V",1,1,1,5,0,0,6,4
"V",1,1,2,0,0,0,2521,1197
"V",1,1,2,0,0,1,10,6
"V",1,1,2,0,0,2,4,4
"V",1,1,2,0,1,0,8,4
"V",1,1,2,0,1,1,3,0
"V",1,1,2,0,1,2,3,1
"V",1,1,2,0,2,0,2,1
"V",1,1,2,0,2,1,1,0
"V",1,1,2,0,2,2,3,1
"V",1,1,2,0,3,0,1,1
"V",1,1,2,0,3,1,1,1
"V",1,1,2,0,3,2,3,2
"V",1,1,2,1,0,0,281,161
"V",1,1,2,1,0,1,1,0
"V",1,1,2,1,1,0,1,1
"V",1,1,2,1,1,1,1,0
"V",1,1,2,1,1,2,1,0
"V",1,1,2,1,2,0,1,1
"V",1,1,2,1,2,1,1,1
"V",1,1,2,1,2,2,1,1
"V",1,1,2,1,3,2,1,1
"V",1,1,2,2,0,0,118,75
"V",1,1,2,3,0,0,56,42
"V",1,1,2,4,0,0,20,14
"V",1,1,2,5,0,0,7,6
"V",1,1,2,6,0,0,2,1
"V",1,1,2,9,0,0,1,0
"V",1,1,3,0,0,0,1385,677
"V",1,1,3,0,0,1,3,2
"V",1,1,3,0,0,2,1,0
"V",1,1,3,0,1,0,4,2
"V",1,1,3,0,1,1,6,4
"V",1,1,3,0,1,2,4,1
"V",1,1,3,0,2,1,1,1
"V",1,1,3,0,2,2,5,2
"V",1,1,3,0,3,2,2,0
"V",1,1,3,1,0,0,250,142
"V",1,1,3,2,0,0,96,68
"V",1,1,3,3,0,0,34,25
"V",1,1,3,4,0,0,14,11
"V",1,1,3,5,0,0,4,4
"V",1,1,3,6,0,0,1,0
"V",1,1,3,7,0,0,1,1
"V",1,1,4,0,0,0,699,348
"V",1,1,4,0,1,0,2,1
"V",1,1,4,0,1,1,1,1
"V",1,1,4,0,2,0,1,0
"V",1,1,4,0,2,1,2,1
"V",1,1,4,0,3,1,1,0
"V",1,1,4,0,3,2,1,0
"V",1,1,4,1,0,0,156,93
"V",1,1,4,1,0,1,1,1
"V",1,1,4,1,1,0,1,1
"V",1,1,4,1,1,1,2,2
"V",1,1,4,1,1,2,2,2
"V",1,1,4,1,2,2,1,1
"V",1,1,4,2,0,0,57,38
"V",1,1,4,3,0,0,20,11
"V",1,1,4,4,0,0,17,12
"V",1,1,4,5,0,0,5,5
"V",1,1,5,0,0,0,496,263
"V",1,1,5,0,1,0,2,0
"V",1,1,5,0,1,1,1,0
"V",1,1,5,0,2,0,1,0
"V",1,1,5,0,2,1,1,0
"V",1,1,5,0,3,1,1,0
"V",1,1,5,1,0,0,183,103
"V",1,1,5,2,0,0,78,51
"V",1,1,5,3,0,0,35,25
"V",1,1,5,4,0,0,14,13
"V",1,1,5,5,0,0,5,4
"V",1,1,6,0,0,0,339,190
"V",1,1,6,0,0,1,2,2
"V",1,1,6,0,0,2,1,1
"V",1,1,6,0,1,1,1,1
"V",1,1,6,1,0,0,149,97
"V",1,1,6,2,0,0,56,39
"V",1,1,6,3,0,0,22,18
"V",1,1,6,4,0,0,3,3
"V",1,1,6,5,0,0,1,1
"V",1,1,7,0,0,0,372,212
"V",1,1,7,0,1,0,1,1
"V",1,1,7,0,1,1,1,1
"V",1,1,7,0,1,2,1,1
"V",1,1,7,0,2,2,1,1
"V",1,1,7,1,0,0,110,74
"V",1,1,7,1,0,1,1,1
"V",1,1,7,1,1,1,1,1
"V",1,1,7,1,1,2,1,1
"V",1,1,7,2,0,0,43,28
"V",1,1,7,3,0,0,21,19
"V",1,1,7,4,0,0,7,7
"V",1,1,7,5,0,0,2,2
"V",1,1,8,0,0,0,202,117
"V",1,1,8,0,1,0,1,0
"V",1,1,8,0,1,1,1,0
"V",1,1,8,0,1,2,1,0
"V",1,1,8,1,0,0,80,53
"V",1,1,8,2,0,0,27,19
"V",1,1,8,3,0,0,10,6
"V",1,1,8,4,0,0,6,4
"V",1,1,8,5,0,0,1,1
"V",1,2,1,0,0,0,4359,1763
"V",1,2,1,0,0,1,12,4
"V",1,2,1,0,0,2,3,2
"V",1,2,1,0,1,0,11,3
"V",1,2,1,0,1,1,10,2
"V",1,2,1,0,1,2,6,2
"V",1,2,1,0,2,0,4,1
"V",1,2,1,0,2,1,4,1
"V",1,2,1,0,2,2,7,0
"V",1,2,1,0,3,0,2,0
"V",1,2,1,0,3,1,1,0
"V",1,2,1,0,3,2,5,0
"V",1,2,1,1,0,0,275,146
"V",1,2,1,1,0,1,1,1
"V",1,2,1,1,1,0,1,0
"V",1,2,1,1,1,1,2,1
"V",1,2,1,1,2,1,2,1
"V",1,2,1,1,2,2,1,1
"V",1,2,1,2,0,0,141,90
"V",1,2,1,2,0,1,1,0
"V",1,2,1,2,0,2,1,0
"V",1,2,1,3,0,0,58,44
"V",1,2,1,4,0,0,32,27
"V",1,2,1,5,0,0,7,6
"V",1,2,1,6,0,0,5,4
"V",1,2,2,0,0,0,2077,911
"V",1,2,2,0,0,1,3,2
"V",1,2,2,0,0,2,2,1
"V",1,2,2,0,1,0,11,4
"V",1,2,2,0,1,1,2,0
"V",1,2,2,0,1,2,1,1
"V",1,2,2,0,2,0,5,3
"V",1,2,2,0,2,1,2,0
"V",1,2,2,0,2,2,1,1
"V",1,2,2,0,3,0,1,1
"V",1,2,2,0,3,1,1,1
"V",1,2,2,0,3,2,1,1
"V",1,2,2,1,0,0,494,261
"V",1,2,2,1,0,1,2,2
"V",1,2,2,1,1,0,2,1
"V",1,2,2,1,2,0,1,0
"V",1,2,2,1,2,1,1,0
"V",1,2,2,1,3,1,1,0
"V",1,2,2,2,0,0,230,150
"V",1,2,2,3,0,0,99,76
"V",1,2,2,4,0,0,36,27
"V",1,2,2,5,0,0,13,13
"V",1,2,2,6,0,0,2,2
"V",1,2,2,7,0,0,2,2
"V",1,2,2,8,0,0,1,1
"V",1,2,2,9,0,0,1,0
"V",1,2,3,0,0,0,1358,605
"V",1,2,3,0,0,1,2,0
"V",1,2,3,0,0,2,1,0
"V",1,2,3,0,1,0,6,3
"V",1,2,3,0,1,1,3,1
"V",1,2,3,0,1,2,2,0
"V",1,2,3,0,2,0,3,1
"V",1,2,3,0,2,1,1,1
"V",1,2,3,0,2,2,1,0
"V",1,2,3,0,3,0,1,1
"V",1,2,3,0,3,1,1,1
"V",1,2,3,1,0,0,451,240
"V",1,2,3,1,0,1,2,2
"V",1,2,3,1,0,2,1,1
"V",1,2,3,1,1,0,1,0
"V",1,2,3,1,1,1,1,1
"V",1,2,3,1,1,2,2,2
"V",1,2,3,1,2,0,1,0
"V",1,2,3,1,2,1,1,0
"V",1,2,3,1,3,1,1,0
"V",1,2,3,2,0,0,198,128
"V",1,2,3,3,0,0,96,71
"V",1,2,3,4,0,0,38,29
"V",1,2,3,5,0,0,8,7
"V",1,2,3,6,0,0,5,4
"V",1,2,3,7,0,0,3,3
"V",1,2,3,8,0,0,1,1
"V",1,2,3,9,0,0,1,0
"V",1,2,4,0,0,0,555,254
"V",1,2,4,0,1,0,1,1
"V",1,2,4,0,1,1,1,1
"V",1,2,4,1,0,0,191,103
"V",1,2,4,1,0,1,1,1
"V",1,2,4,1,1,0,2,0
"V",1,2,4,1,2,0,1,0
"V",1,2,4,2,0,0,99,65
"V",1,2,4,3,0,0,54,41
"V",1,2,4,4,0,0,24,18
"V",1,2,4,5,0,0,7,6
"V",1,2,4,6,0,0,1,1
"V",1,2,4,8,0,0,1,1
"V",1,2,5,0,0,0,595,275
"V",1,2,5,0,0,1,1,1
"V",1,2,5,0,0,2,1,1
"V",1,2,5,0,1,0,2,1
"V",1,2,5,0,1,1,1,0
"V",1,2,5,0,1,2,1,0
"V",1,2,5,0,2,0,1,1
"V",1,2,5,0,2,2,1,0
"V",1,2,5,0,3,0,1,1
"V",1,2,5,1,0,0,259,143
"V",1,2,5,2,0,0,121,78
"V",1,2,5,3,0,0,56,41
"V",1,2,5,4,0,0,22,20
"V",1,2,5,5,0,0,5,4
"V",1,2,5,6,0,0,3,3
"V",1,2,6,0,0,0,367,180
"V",1,2,6,0,0,1,1,1
"V",1,2,6,0,1,0,1,1
"V",1,2,6,1,0,0,167,105
"V",1,2,6,2,0,0,70,42
"V",1,2,6,3,0,0,30,24
"V",1,2,6,4,0,0,14,11
"V",1,2,6,4,0,1,1,1
"V",1,2,6,5,0,0,4,4
"V",1,2,6,5,0,1,1,1
"V",1,2,6,5,0,2,1,1
"V",1,2,6,5,1,2,1,1
"V",1,2,6,6,0,0,1,1
"V",1,2,6,7,0,0,1,1
"V",1,2,6,8,0,0,2,2
"V",1,2,7,0,0,0,302,160
"V",1,2,7,0,0,1,1,1
"V",1,2,7,0,1,0,1,1
"V",1,2,7,1,0,0,147,89
"V",1,2,7,1,1,0,2,1
"V",1,2,7,1,1,1,1,0
"V",1,2,7,1,2,0,1,1
"V",1,2,7,1,2,1,1,0
"V",1,2,7,1,2,2,1,0
"V",1,2,7,1,3,0,1,1
"V",1,2,7,1,3,1,1,1
"V",1,2,7,2,0,0,68,45
"V",1,2,7,2,1,0,1,0
"V",1,2,7,2,1,1,1,0
"V",1,2,7,2,1,2,1,0
"V",1,2,7,3,0,0,17,14
"V",1,2,7,4,0,0,13,9
"V",1,2,7,5,0,0,3,2
"V",1,2,7,6,0,0,3,3
"V",1,2,8,0,0,0,191,106
"V",1,2,8,0,0,1,1,0
"V",1,2,8,0,0,2,1,0
"V",1,2,8,1,0,0,94,55
"V",1,2,8,2,0,0,41,25
"V",1,2,8,3,0,0,14,10
"V",1,2,8,4,0,0,6,2
"V",1,2,8,5,0,0,2,0
"V",1,2,8,6,0,0,3,1
"V",1,2,8,8,0,0,1,1
"V",2,0,1,-1,0,0,1125,378
"V",2,0,1,-1,0,1,1,0
"V",2,0,1,-1,1,1,1,0
"V",2,0,1,-1,1,2,1,0
"V",2,0,1,-1,2,2,1,0
"V",2,0,1,-2,0,0,600,148
"V",2,0,1,-2,0,1,1,1
"V",2,0,1,-2,0,2,1,1
"V",2,0,1,-2,1,0,1,1
"V",2,0,1,-2,1,1,1,1
"V",2,0,1,-2,1,2,1,1
"V",2,0,1,-2,2,1,1,1
"V",2,0,1,-2,2,2,1,1
"V",2,0,1,-2,3,2,1,1
"V",2,0,1,-3,0,0,233,32
"V",2,0,1,-4,0,0,137,17
"V",2,0,1,-5,0,0,36,3
"V",2,0,1,-5,0,1,1,0
"V",2,0,1,-5,0,2,1,0
"V",2,0,1,-6,0,0,13,0
"V",2,0,1,-7,0,0,9,0
"V",2,0,1,-8,0,0,2,0
"V",2,0,1,-9,0,0,2,0
"V",2,0,1,0,0,0,4866,2254
"V",2,0,1,0,0,1,12,7
"V",2,0,1,0,0,2,3,1
"V",2,0,1,0,1,0,22,5
"V",2,0,1,0,1,1,13,5
"V",2,0,1,0,1,2,6,2
"V",2,0,1,0,2,0,11,3
"V",2,0,1,0,2,1,8,4
"V",2,0,1,0,2,2,6,3
"V",2,0,1,0,3,0,6,2
"V",2,0,1,0,3,1,2,2
"V",2,0,1,0,3,2,3,3
"V",2,0,1,1,0,0,1243,737
"V",2,0,1,1,0,1,5,2
"V",2,0,1,1,0,2,1,0
"V",2,0,1,1,1,0,3,3
"V",2,0,1,1,1,1,2,2
"V",2,0,1,1,1,2,3,2
"V",2,0,1,1,2,0,1,1
"V",2,0,1,1,2,2,1,1
"V",2,0,1,2,0,0,485,328
"V",2,0,1,2,0,1,1,0
"V",2,0,1,2,1,0,1,0
"V",2,0,1,3,0,0,262,205
"V",2,0,1,3,1,0,1,1
"V",2,0,1,3,1,1,1,1
"V",2,0,1,3,1,2,1,1
"V",2,0,1,4,0,0,102,86
"V",2,0,1,5,0,0,37,34
"V",2,0,1,6,0,0,13,12
"V",2,0,1,6,0,1,1,1
"V",2,0,1,6,1,1,1,1
"V",2,0,1,6,2,1,1,1
"V",2,0,1,6,3,1,1,1
"V",2,0,1,7,0,0,3,3
"V",2,0,1,8,0,0,1,0
"V",2,0,2,-1,0,0,344,123
"V",2,0,2,-1,1,0,1,0
"V",2,0,2,-1,2,0,1,0
"V",2,0,2,-1,2,1,1,0
"V",2,0,2,-1,2,2,1,0
"V",2,0,2,-2,0,0,165,47
"V",2,0,2,-2,1,0,1,1
"V",2,0,2,-2,1,1,1,1
"V",2,0,2,-2,2,1,1,1
"V",2,0,2,-3,0,0,70,8
"V",2,0,2,-4,0,0,38,4
"V",2,0,2,-5,0,0,11,0
"V",2,0,2,-5,1,0,1,0
"V",2,0,2,-5,2,0,1,0
"V",2,0,2,-5,2,1,1,0
"V",2,0,2,-6,0,0,3,0
"V",2,0,2,-7,0,0,4,0
"V",2,0,2,0,0,0,1368,719
"V",2,0,2,0,0,1,5,2
"V",2,0,2,0,0,2,2,1
"V",2,0,2,0,1,0,5,3
"V",2,0,2,0,1,1,2,2
"V",2,0,2,0,2,0,2,0
"V",2,0,2,0,2,1,2,1
"V",2,0,2,0,2,2,1,1
"V",2,0,2,0,3,0,1,0
"V",2,0,2,0,3,1,1,0
"V",2,0,2,0,3,2,1,1
"V",2,0,2,1,0,0,380,236
"V",2,0,2,2,0,0,140,95
"V",2,0,2,3,0,0,72,57
"V",2,0,2,4,0,0,27,24
"V",2,0,2,5,0,0,11,9
"V",2,0,2,6,0,0,4,4
"V",2,0,2,6,1,0,1,1
"V",2,0,2,7,0,0,2,2
"V",2,0,3,-1,0,0,67,28
"V",2,0,3,-2,0,0,29,7
"V",2,0,3,-3,0,0,14,4
"V",2,0,3,-4,0,0,8,4
"V",2,0,3,-5,0,0,1,0
"V",2,0,3,-6,0,0,2,0
"V",2,0,3,0,0,0,291,145
"V",2,0,3,0,1,0,1,1
"V",2,0,3,0,2,0,1,1
"V",2,0,3,1,0,0,95,62
"V",2,0,3,1,1,0,1,1
"V",2,0,3,1,1,1,1,1
"V",2,0,3,2,0,0,41,36
"V",2,0,3,3,0,0,19,17
"V",2,0,3,4,0,0,6,6
"V",2,0,3,5,0,0,3,3
"V",2,0,3,6,0,0,3,2
"V",2,0,3,6,1,0,1,1
"V",2,0,3,6,2,0,1,1
"V",2,0,3,6,3,0,1,1
"V",2,0,3,9,0,0,1,1
"V",2,0,4,-1,0,0,69,29
"V",2,0,4,-2,0,0,36,8
"V",2,0,4,-3,0,0,8,1
"V",2,0,4,-4,0,0,13,1
"V",2,0,4,-5,0,0,3,0
"V",2,0,4,-5,0,1,1,0
"V",2,0,4,-5,1,1,1,0
"V",2,0,4,-5,1,2,1,0
"V",2,0,4,-6,0,0,3,0
"V",2,0,4,-7,0,0,2,0
"V",2,0,4,0,0,0,239,146
"V",2,0,4,0,1,0,1,0
"V",2,0,4,1,0,0,83,64
"V",2,0,4,2,0,0,34,28
"V",2,0,4,3,0,0,13,10
"V",2,0,4,4,0,0,7,7
"V",2,0,4,5,0,0,4,4
"V",2,0,4,6,0,0,4,4
"V",2,0,4,6,1,0,1,1
"V",2,0,4,6,1,1,1,1
"V",2,0,4,6,1,2,1,1
"V",2,0,4,6,2,2,1,1
"V",2,0,4,7,0,0,1,1
"V",2,0,5,-1,0,0,26,10
"V",2,0,5,-2,0,0,13,5
"V",2,0,5,-3,0,0,3,1
"V",2,0,5,-4,0,0,6,0
"V",2,0,5,-5,0,0,1,0
"V",2,0,5,0,0,0,107,55
"V",2,0,5,0,1,0,1,1
"V",2,0,5,0,2,0,1,1
"V",2,0,5,1,0,0,43,26
"V",2,0,5,2,0,0,15,11
"V",2,0,5,3,0,0,10,7
"V",2,0,5,4,0,0,3,2
"V",2,0,5,5,0,0,1,1
"V",2,0,5,8,0,0,1,1
"V",2,0,6,-1,0,0,29,9
"V",2,0,6,-2,0,0,10,4
"V",2,0,6,-3,0,0,5,0
"V",2,0,6,-4,0,0,3,2
"V",2,0,6,-5,0,0,1,0
"V",2,0,6,0,0,0,92,62
"V",2,0,6,1,0,0,45,31
"V",2,0,6,2,0,0,18,15
"V",2,0,6,3,0,0,8,5
"V",2,0,6,4,0,0,1,1
"V",2,0,6,5,0,0,4,4
"V",2,0,7,-1,0,0,17,6
"V",2,0,7,-2,0,0,4,1
"V",2,0,7,-2,1,0,1,1
"V",2,0,7,-2,2,0,1,1
"V",2,0,7,-2,3,0,1,1
"V",2,0,7,-2,3,1,1,1
"V",2,0,7,-2,3,2,1,1
"V",2,0,7,-3,0,0,6,1
"V",2,0,7,-4,0,0,1,1
"V",2,0,7,-5,0,0,2,0
"V",2,0,7,0,0,0,59,38
"V",2,0,7,1,0,0,28,21
"V",2,0,7,2,0,0,8,6
"V",2,0,7,3,0,0,3,2
"V",2,0,7,4,0,0,1,1
"V",2,0,8,-1,0,0,16,5
"V",2,0,8,-2,0,0,9,3
"V",2,0,8,-3,0,0,4,0
"V",2,0,8,-4,0,0,1,0
"V",2,0,8,-6,0,0,1,0
"V",2,0,8,0,0,0,63,43
"V",2,0,8,1,0,0,36,26
"V",2,0,8,2,0,0,13,10
"V",2,0,8,3,0,0,7,6
"V",2,0,8,4,0,0,6,6
"V",2,0,8,5,0,0,3,3
"V",2,0,8,6,0,0,1,1
"V",2,1,1,-1,0,0,736,232
"V",2,1,1,-1,0,1,1,0
"V",2,1,1,-1,0,2,1,0
"V",2,1,1,-1,1,0,1,0
"V",2,1,1,-1,1,2,1,0
"V",2,1,1,-1,2,0,1,0
"V",2,1,1,-1,3,0,1,0
"V",2,1,1,-2,0,0,425,100
"V",2,1,1,-2,0,1,1,1
"V",2,1,1,-2,1,1,1,1
"V",2,1,1,-2,1,2,1,1
"V",2,1,1,-2,2,2,1,1
"V",2,1,1,-3,0,0,152,20
"V",2,1,1,-4,0,0,88,10
"V",2,1,1,-5,0,0,24,3
"V",2,1,1,-6,0,0,8,0
"V",2,1,1,-7,0,0,5,0
"V",2,1,1,-8,0,0,2,0
"V",2,1,1,-9,0,0,2,0
"V",2,1,1,0,0,0,3259,1419
"V",2,1,1,0,0,1,9,3
"V",2,1,1,0,0,2,2,0
"V",2,1,1,0,1,0,7,1
"V",2,1,1,0,1,1,10,4
"V",2,1,1,0,1,2,6,1
"V",2,1,1,0,2,0,1,0
"V",2,1,1,0,2,1,3,1
"V",2,1,1,0,2,2,4,0
"V",2,1,1,0,3,2,1,0
"V",2,1,1,1,0,0,898,523
"V",2,1,1,1,0,1,5,3
"V",2,1,1,1,0,2,1,1
"V",2,1,1,1,1,0,2,1
"V",2,1,1,1,1,1,3,2
"V",2,1,1,1,1,2,2,2
"V",2,1,1,1,2,1,1,0
"V",2,1,1,1,2,2,1,1
"V",2,1,1,1,3,2,1,1
"V",2,1,1,10,0,0,1,1
"V",2,1,1,2,0,0,359,232
"V",2,1,1,2,0,1,1,0
"V",2,1,1,2,1,1,1,0
"V",2,1,1,3,0,0,191,150
"V",2,1,1,3,0,1,1,1
"V",2,1,1,4,0,0,76,63
"V",2,1,1,5,0,0,28,26
"V",2,1,1,6,0,0,9,9
"V",2,1,1,7,0,0,3,2
"V",2,1,1,8,0,0,2,1
"V",2,1,1,9,0,0,1,1
"V",2,1,2,-1,0,0,339,119
"V",2,1,2,-1,0,1,1,0
"V",2,1,2,-1,1,1,1,0
"V",2,1,2,-1,1,2,1,0
"V",2,1,2,-2,0,0,181,58
"V",2,1,2,-3,0,0,78,10
"V",2,1,2,-4,0,0,49,5
"V",2,1,2,-5,0,0,9,0
"V",2,1,2,-6,0,0,5,0
"V",2,1,2,-7,0,0,2,0
"V",2,1,2,0,0,0,1298,612
"V",2,1,2,0,0,1,2,2
"V",2,1,2,0,0,2,1,1
"V",2,1,2,0,1,0,2,1
"V",2,1,2,0,1,1,1,0
"V",2,1,2,0,1,2,1,0
"V",2,1,2,0,2,0,1,1
"V",2,1,2,0,2,2,1,0
"V",2,1,2,0,3,0,1,1
"V",2,1,2,0,3,1,1,1
"V",2,1,2,0,3,2,2,1
"V",2,1,2,1,0,0,449,267
"V",2,1,2,1,1,0,2,1
"V",2,1,2,1,1,1,1,1
"V",2,1,2,1,1,2,1,1
"V",2,1,2,10,0,0,1,1
"V",2,1,2,2,0,0,202,124
"V",2,1,2,2,0,1,3,1
"V",2,1,2,2,0,2,2,1
"V",2,1,2,2,1,1,1,0
"V",2,1,2,2,1,2,1,0
"V",2,1,2,3,0,0,105,80
"V",2,1,2,4,0,0,43,35
"V",2,1,2,5,0,0,24,21
"V",2,1,2,6,0,0,11,10
"V",2,1,2,6,1,0,1,1
"V",2,1,2,6,1,1,1,1
"V",2,1,2,6,1,2,1,1
"V",2,1,2,6,2,2,1,1
"V",2,1,2,7,0,0,6,6
"V",2,1,2,8,0,0,3,1
"V",2,1,2,9,0,0,1,1
"V",2,1,3,-1,0,0,141,48
"V",2,1,3,-2,0,0,75,21
"V",2,1,3,-3,0,0,18,5
"V",2,1,3,-4,0,0,14,2
"V",2,1,3,-5,0,0,4,0
"V",2,1,3,-6,0,0,2,0
"V",2,1,3,0,0,0,704,356
"V",2,1,3,0,0,1,6,4
"V",2,1,3,0,0,2,1,1
"V",2,1,3,0,1,0,1,0
"V",2,1,3,0,1,1,2,1
"V",2,1,3,0,1,2,2,2
"V",2,1,3,0,2,0,1,0
"V",2,1,3,0,2,1,1,0
"V",2,1,3,1,0,0,264,175
"V",2,1,3,1,0,1,1,1
"V",2,1,3,1,1,0,2,1
"V",2,1,3,1,1,1,2,1
"V",2,1,3,1,1,2,1,0
"V",2,1,3,10,0,0,1,1
"V",2,1,3,2,0,0,113,77
"V",2,1,3,2,0,1,1,0
"V",2,1,3,2,1,1,1,0
"V",2,1,3,2,1,2,1,0
"V",2,1,3,3,0,0,62,43
"V",2,1,3,4,0,0,19,15
"V",2,1,3,5,0,0,19,16
"V",2,1,3,6,0,0,6,4
"V",2,1,3,7,0,0,1,1
"V",2,1,3,8,0,0,1,1
"V",2,1,4,-1,0,0,87,32
"V",2,1,4,-2,0,0,57,20
"V",2,1,4,-3,0,0,21,2
"V",2,1,4,-4,0,0,20,3
"V",2,1,4,-5,0,0,7,0
"V",2,1,4,-5,0,1,1,0
"V",2,1,4,-5,1,1,1,0
"V",2,1,4,-5,2,1,1,0
"V",2,1,4,-5,2,2,1,0
"V",2,1,4,-5,3,2,1,0
"V",2,1,4,-6,0,0,4,0
"V",2,1,4,-7,0,0,1,0
"V",2,1,4,0,0,0,332,155
"V",2,1,4,0,1,0,1,0
"V",2,1,4,0,2,0,1,0
"V",2,1,4,1,0,0,153,107
"V",2,1,4,2,0,0,71,49
"V",2,1,4,3,0,0,54,45
"V",2,1,4,4,0,0,21,18
"V",2,1,4,5,0,0,13,12
"V",2,1,4,6,0,0,8,8
"V",2,1,4,6,1,0,1,1
"V",2,1,4,6,1,1,1,1
"V",2,1,4,6,2,1,1,1
"V",2,1,4,6,2,2,1,1
"V",2,1,4,6,3,2,1,1
"V",2,1,4,7,0,0,1,1
"V",2,1,4,8,0,0,4,3
"V",2,1,5,-1,0,0,60,23
"V",2,1,5,-2,0,0,22,6
"V",2,1,5,-3,0,0,9,4
"V",2,1,5,-4,0,0,4,0
"V",2,1,5,0,0,0,259,125
"V",2,1,5,0,0,1,1,0
"V",2,1,5,0,1,0,1,1
"V",2,1,5,0,1,1,1,0
"V",2,1,5,0,2,1,1,0
"V",2,1,5,0,2,2,1,0
"V",2,1,5,1,0,0,138,92
"V",2,1,5,1,1,0,1,1
"V",2,1,5,1,1,1,1,1
"V",2,1,5,1,1,2,1,1
"V",2,1,5,2,0,0,53,46
"V",2,1,5,3,0,0,32,29
"V",2,1,5,4,0,0,13,11
"V",2,1,5,5,0,0,6,5
"V",2,1,5,7,0,0,3,2
"V",2,1,5,7,1,0,1,1
"V",2,1,5,7,1,1,1,1
"V",2,1,5,7,2,1,1,1
"V",2,1,5,7,2,2,1,1
"V",2,1,5,7,3,2,1,1
"V",2,1,5,8,0,0,1,1
"V",2,1,6,-1,0,0,50,17
"V",2,1,6,-2,0,0,21,4
"V",2,1,6,-3,0,0,12,4
"V",2,1,6,-4,0,0,4,0
"V",2,1,6,-5,0,0,1,0
"V",2,1,6,-6,0,0,1,0
"V",2,1,6,0,0,0,177,103
"V",2,1,6,1,0,0,102,76
"V",2,1,6,2,0,0,39,29
"V",2,1,6,3,0,0,20,15
"V",2,1,6,4,0,0,9,6
"V",2,1,6,5,0,0,4,4
"V",2,1,6,6,0,0,1,1
"V",2,1,6,7,0,0,1,1
"V",2,1,6,8,0,0,2,2
"V",2,1,6,9,0,0,1,1
"V",2,1,7,-1,0,0,44,16
"V",2,1,7,-2,0,0,32,11
"V",2,1,7,-3,0,0,14,2
"V",2,1,7,-4,0,0,11,2
"V",2,1,7,0,0,0,168,93
"V",2,1,7,0,1,0,1,0
"V",2,1,7,0,2,0,1,0
"V",2,1,7,0,2,1,1,0
"V",2,1,7,0,3,1,1,0
"V",2,1,7,1,0,0,72,57
"V",2,1,7,2,0,0,24,17
"V",2,1,7,3,0,0,21,16
"V",2,1,7,4,0,0,12,12
"V",2,1,7,5,0,0,9,8
"V",2,1,7,6,0,0,7,7
"V",2,1,8,-1,0,0,28,15
"V",2,1,8,-2,0,0,12,7
"V",2,1,8,-3,0,0,6,0
"V",2,1,8,-4,0,0,7,0
"V",2,1,8,-5,0,0,1,0
"V",2,1,8,-6,0,0,2,0
"V",2,1,8,0,0,0,93,54
"V",2,1,8,1,0,0,71,52
"V",2,1,8,2,0,0,25,18
"V",2,1,8,3,0,0,20,18
"V",2,1,8,4,0,0,9,8
"V",2,1,8,5,0,0,3,3
"V",2,1,8,6,0,0,4,4
"V",2,1,8,8,0,0,1,1
"V",2,2,1,-1,0,0,563,170
"V",2,2,1,-2,0,0,314,63
"V",2,2,1,-3,0,0,123,14
"V",2,2,1,-4,0,0,59,6
"V",2,2,1,-5,0,0,18,3
"V",2,2,1,-6,0,0,5,0
"V",2,2,1,-7,0,0,5,0
"V",2,2,1,-8,0,0,2,0
"V",2,2,1,-9,0,0,2,0
"V",2,2,1,0,0,0,2527,1044
"V",2,2,1,0,0,1,9,4
"V",2,2,1,0,0,2,4,2
"V",2,2,1,0,1,0,7,0
"V",2,2,1,0,1,1,8,1
"V",2,2,1,0,1,2,8,3
"V",2,2,1,0,2,0,1,0
"V",2,2,1,0,2,1,3,0
"V",2,2,1,0,2,2,7,3
"V",2,2,1,0,3,1,1,0
"V",2,2,1,0,3,2,2,1
"V",2,2,1,1,0,0,807,450
"V",2,2,1,1,0,1,4,2
"V",2,2,1,1,0,2,2,1
"V",2,2,1,1,1,0,4,2
"V",2,2,1,1,1,1,4,2
"V",2,2,1,1,1,2,3,2
"V",2,2,1,1,2,0,1,1
"V",2,2,1,1,2,1,4,2
"V",2,2,1,1,2,2,4,2
"V",2,2,1,1,3,2,2,1
"V",2,2,1,2,0,0,335,231
"V",2,2,1,3,0,0,159,128
"V",2,2,1,3,1,0,1,1
"V",2,2,1,3,1,1,1,1
"V",2,2,1,3,1,2,1,1
"V",2,2,1,3,2,2,1,1
"V",2,2,1,4,0,0,72,63
"V",2,2,1,5,0,0,30,25
"V",2,2,1,6,0,0,15,13
"V",2,2,1,7,0,0,6,5
"V",2,2,1,8,0,0,2,2
"V",2,2,2,-1,0,0,307,107
"V",2,2,2,-1,1,0,2,1
"V",2,2,2,-1,1,1,1,1
"V",2,2,2,-2,0,0,141,40
"V",2,2,2,-3,0,0,74,7
"V",2,2,2,-4,0,0,26,5
"V",2,2,2,-5,0,0,12,2
"V",2,2,2,-6,0,0,4,0
"V",2,2,2,-7,0,0,5,0
"V",2,2,2,0,0,0,1228,527
"V",2,2,2,0,0,1,6,3
"V",2,2,2,0,0,2,1,1
"V",2,2,2,0,1,0,4,1
"V",2,2,2,0,1,1,5,1
"V",2,2,2,0,1,2,2,1
"V",2,2,2,0,2,0,1,0
"V",2,2,2,0,2,1,2,0
"V",2,2,2,0,2,2,1,1
"V",2,2,2,0,3,1,1,0
"V",2,2,2,0,3,2,1,0
"V",2,2,2,1,0,0,515,286
"V",2,2,2,1,0,1,1,1
"V",2,2,2,1,1,0,1,1
"V",2,2,2,2,0,0,220,142
"V",2,2,2,2,0,1,1,0
"V",2,2,2,2,1,0,1,0
"V",2,2,2,3,0,0,117,99
"V",2,2,2,4,0,0,54,51
"V",2,2,2,5,0,0,40,34
"V",2,2,2,5,1,0,1,1
"V",2,2,2,6,0,0,21,21
"V",2,2,2,7,0,0,7,7
"V",2,2,2,8,0,0,6,6
"V",2,2,2,9,0,0,3,3
"V",2,2,3,-1,0,0,172,56
"V",2,2,3,-2,0,0,80,23
"V",2,2,3,-3,0,0,28,3
"V",2,2,3,-3,1,0,1,0
"V",2,2,3,-3,1,1,1,0
"V",2,2,3,-3,2,1,1,0
"V",2,2,3,-3,2,2,1,0
"V",2,2,3,-4,0,0,17,2
"V",2,2,3,-5,0,0,5,0
"V",2,2,3,0,0,0,726,333
"V",2,2,3,0,0,1,4,2
"V",2,2,3,0,0,2,1,1
"V",2,2,3,0,1,0,4,1
"V",2,2,3,0,1,1,3,1
"V",2,2,3,0,1,2,1,1
"V",2,2,3,0,2,0,3,0
"V",2,2,3,0,2,1,3,0
"V",2,2,3,0,2,2,2,0
"V",2,2,3,0,3,0,1,0
"V",2,2,3,0,3,1,1,0
"V",2,2,3,0,3,2,2,0
"V",2,2,3,1,0,0,359,213
"V",2,2,3,1,0,1,1,1
"V",2,2,3,1,1,0,1,0
"V",2,2,3,1,1,1,2,1
"V",2,2,3,1,1,2,1,1
"V",2,2,3,10,0,0,2,2
"V",2,2,3,11,0,0,1,1
"V",2,2,3,2,0,0,170,124
"V",2,2,3,2,1,0,1,1
"V",2,2,3,2,1,1,1,1
"V",2,2,3,3,0,0,105,87
"V",2,2,3,4,0,0,53,48
"V",2,2,3,5,0,0,38,33
"V",2,2,3,6,0,0,19,18
"V",2,2,3,7,0,0,9,9
"V",2,2,3,8,0,0,2,1
"V",2,2,3,9,0,0,3,3
"V",2,2,4,-1,0,0,90,33
"V",2,2,4,-1,0,1,1,1
"V",2,2,4,-2,0,0,43,14
"V",2,2,4,-3,0,0,29,3
"V",2,2,4,-4,0,0,13,2
"V",2,2,4,-5,0,0,12,1
"V",2,2,4,-5,1,0,1,0
"V",2,2,4,-6,0,0,2,0
"V",2,2,4,0,0,0,349,168
"V",2,2,4,0,0,1,2,0
"V",2,2,4,0,1,1,2,0
"V",2,2,4,0,1,2,1,0
"V",2,2,4,0,2,2,1,0
"V",2,2,4,1,0,0,168,102
"V",2,2,4,2,0,0,105,72
"V",2,2,4,2,0,1,1,0
"V",2,2,4,2,1,1,1,0
"V",2,2,4,2,2,1,1,0
"V",2,2,4,3,0,0,51,37
"V",2,2,4,4,0,0,20,18
"V",2,2,4,5,0,0,12,11
"V",2,2,4,6,0,0,4,4
"V",2,2,4,7,0,0,3,3
"V",2,2,4,8,0,0,3,2
"V",2,2,4,9,0,0,3,3
"V",2,2,5,-1,0,0,76,18
"V",2,2,5,-2,0,0,30,5
"V",2,2,5,-2,0,1,1,1
"V",2,2,5,-2,1,1,1,1
"V",2,2,5,-3,0,0,7,1
"V",2,2,5,-4,0,0,5,1
"V",2,2,5,0,0,0,285,138
"V",2,2,5,0,1,0,1,0
"V",2,2,5,1,0,0,159,100
"V",2,2,5,1,1,0,1,1
"V",2,2,5,1,1,1,1,1
"V",2,2,5,2,0,0,83,63
"V",2,2,5,2,1,0,1,0
"V",2,2,5,2,2,0,1,0
"V",2,2,5,2,2,1,1,0
"V",2,2,5,2,3,1,1,0
"V",2,2,5,3,0,0,41,34
"V",2,2,5,4,0,0,28,22
"V",2,2,5,5,0,0,16,13
"V",2,2,5,6,0,0,12,8
"V",2,2,5,7,0,0,4,4
"V",2,2,5,7,1,0,1,1
"V",2,2,5,7,1,1,1,1
"V",2,2,5,7,2,1,1,1
"V",2,2,5,7,3,1,1,1
"V",2,2,5,7,3,2,1,1
"V",2,2,5,8,0,0,1,1
"V",2,2,6,-1,0,0,41,12
"V",2,2,6,-2,0,0,26,6
"V",2,2,6,-3,0,0,4,1
"V",2,2,6,-4,0,0,3,0
"V",2,2,6,-5,0,0,1,0
"V",2,2,6,0,0,0,193,90
"V",2,2,6,0,0,1,1,1
"V",2,2,6,0,1,0,1,0
"V",2,2,6,1,0,0,113,80
"V",2,2,6,2,0,0,53,42
"V",2,2,6,3,0,0,37,30
"V",2,2,6,3,1,0,1,1
"V",2,2,6,4,0,0,24,23
"V",2,2,6,5,0,0,7,7
"V",2,2,6,6,0,0,5,4
"V",2,2,6,7,0,0,3,3
"V",2,2,7,-1,0,0,40,13
"V",2,2,7,-2,0,0,17,5
"V",2,2,7,-3,0,0,16,2
"V",2,2,7,-4,0,0,5,0
"V",2,2,7,-5,0,0,2,0
"V",2,2,7,-7,0,0,1,0
"V",2,2,7,0,0,0,160,68
"V",2,2,7,0,0,1,1,0
"V",2,2,7,0,1,1,1,0
"V",2,2,7,1,0,0,91,62
"V",2,2,7,2,0,0,59,44
"V",2,2,7,3,0,0,27,21
"V",2,2,7,3,1,0,1,1
"V",2,2,7,3,1,1,1,1
"V",2,2,7,4,0,0,16,14
"V",2,2,7,5,0,0,10,10
"V",2,2,7,6,0,0,4,3
"V",2,2,8,-1,0,0,20,7
"V",2,2,8,-2,0,0,14,3
"V",2,2,8,-3,0,0,8,0
"V",2,2,8,-4,0,0,9,1
"V",2,2,8,-5,0,0,2,0
"V",2,2,8,-6,0,0,1,0
"V",2,2,8,0,0,0,119,49
"V",2,2,8,1,0,0,79,50
"V",2,2,8,1,0,1,1,1
"V",2,2,8,1,0,2,1,1
"V",2,2,8,2,0,0,45,35
"V",2,2,8,3,0,0,25,20
"V",2,2,8,4,0,0,8,6
"V",2,2,8,6,0,0,2,1
"V",2,2,8,8,0,0,1,1
"V",3,0,1,-1,0,0,1458,466
"V",3,0,1,-1,0,1,3,2
"V",3,0,1,-1,0,2,1,1
"V",3,0,1,-1,1,1,2,1
"V",3,0,1,-1,1,2,1,1
"V",3,0,1,-1,2,1,2,1
"V",3,0,1,-1,2,2,2,1
"V",3,0,1,-1,3,2,1,1
"V",3,0,1,-10,0,0,5,0
"V",3,0,1,-11,0,0,2,0
"V",3,0,1,-2,0,0,784,171
"V",3,0,1,-2,1,0,2,0
"V",3,0,1,-2,2,0,2,0
"V",3,0,1,-2,3,0,1,0
"V",3,0,1,-3,0,0,350,46
"V",3,0,1,-3,1,0,2,0
"V",3,0,1,-3,2,0,2,0
"V",3,0,1,-3,2,1,1,0
"V",3,0,1,-3,3,0,1,0
"V",3,0,1,-3,3,1,1,0
"V",3,0,1,-4,0,0,183,21
"V",3,0,1,-4,0,1,1,1
"V",3,0,1,-4,0,2,1,1
"V",3,0,1,-5,0,0,95,4
"V",3,0,1,-6,0,0,45,2
"V",3,0,1,-7,0,0,39,0
"V",3,0,1,-8,0,0,10,0
"V",3,0,1,-9,0,0,5,0
"V",3,0,1,0,0,0,3322,1528
"V",3,0,1,0,0,1,19,6
"V",3,0,1,0,0,2,9,3
"V",3,0,1,0,1,0,12,7
"V",3,0,1,0,1,1,13,5
"V",3,0,1,0,1,2,10,6
"V",3,0,1,0,2,0,4,2
"V",3,0,1,0,2,1,4,1
"V",3,0,1,0,2,2,9,5
"V",3,0,1,0,3,0,2,1
"V",3,0,1,0,3,1,1,0
"V",3,0,1,0,3,2,5,3
"V",3,0,1,1,0,0,1503,933
"V",3,0,1,1,0,1,8,5
"V",3,0,1,1,0,2,4,3
"V",3,0,1,1,1,0,2,2
"V",3,0,1,1,1,1,4,2
"V",3,0,1,1,1,2,3,2
"V",3,0,1,1,2,0,1,1
"V",3,0,1,1,2,1,3,2
"V",3,0,1,1,2,2,4,3
"V",3,0,1,1,3,1,1,0
"V",3,0,1,1,3,2,3,2
"V",3,0,1,10,0,0,2,2
"V",3,0,1,11,0,0,1,1
"V",3,0,1,2,0,0,689,490
"V",3,0,1,2,0,1,1,0
"V",3,0,1,2,0,2,1,0
"V",3,0,1,2,1,2,1,0
"V",3,0,1,3,0,0,351,288
"V",3,0,1,4,0,0,138,124
"V",3,0,1,5,0,0,82,74
"V",3,0,1,6,0,0,50,47
"V",3,0,1,6,0,1,1,1
"V",3,0,1,6,1,1,1,1
"V",3,0,1,6,2,1,1,1
"V",3,0,1,6,2,2,1,1
"V",3,0,1,7,0,0,20,17
"V",3,0,1,8,0,0,9,9
"V",3,0,1,9,0,0,5,5
"V",3,0,2,-1,0,0,393,140
"V",3,0,2,-2,0,0,196,67
"V",3,0,2,-3,0,0,96,17
"V",3,0,2,-3,0,1,1,0
"V",3,0,2,-3,1,0,1,0
"V",3,0,2,-3,2,0,1,0
"V",3,0,2,-3,2,1,1,0
"V",3,0,2,-3,2,2,1,0
"V",3,0,2,-4,0,0,50,8
"V",3,0,2,-5,0,0,24,2
"V",3,0,2,-6,0,0,13,1
"V",3,0,2,-7,0,0,11,0
"V",3,0,2,-8,0,0,5,0
"V",3,0,2,-9,0,0,1,0
"V",3,0,2,0,0,0,832,411
"V",3,0,2,0,0,1,3,1
"V",3,0,2,0,0,2,1,0
"V",3,0,2,0,1,0,2,1
"V",3,0,2,0,1,1,1,0
"V",3,0,2,0,1,2,1,0
"V",3,0,2,0,2,1,1,0
"V",3,0,2,1,0,0,418,277
"V",3,0,2,1,0,1,1,0
"V",3,0,2,1,1,0,2,2
"V",3,0,2,1,2,0,1,1
"V",3,0,2,1,3,0,1,1
"V",3,0,2,1,3,1,1,1
"V",3,0,2,10,0,0,1,1
"V",3,0,2,2,0,0,217,160
"V",3,0,2,2,1,0,1,0
"V",3,0,2,2,1,1,1,0
"V",3,0,2,2,1,2,1,0
"V",3,0,2,2,2,2,1,0
"V",3,0,2,3,0,0,121,99
"V",3,0,2,4,0,0,42,40
"V",3,0,2,5,0,0,24,23
"V",3,0,2,6,0,0,12,11
"V",3,0,2,7,0,0,8,8
"V",3,0,2,8,0,0,2,2
"V",3,0,2,9,0,0,1,1
"V",3,0,3,-1,0,0,85,37
"V",3,0,3,-1,0,1,1,0
"V",3,0,3,-10,0,0,1,0
"V",3,0,3,-2,0,0,32,8
"V",3,0,3,-3,0,0,17,3
"V",3,0,3,-4,0,0,8,2
"V",3,0,3,-5,0,0,3,0
"V",3,0,3,-6,0,0,2,0
"V",3,0,3,-7,0,0,2,0
"V",3,0,3,0,0,0,150,68
"V",3,0,3,0,0,1,1,1
"V",3,0,3,0,1,0,1,0
"V",3,0,3,1,0,0,110,83
"V",3,0,3,2,0,0,49,41
"V",3,0,3,3,0,0,24,21
"V",3,0,3,4,0,0,15,12
"V",3,0,3,5,0,0,11,10
"V",3,0,3,6,0,0,3,2
"V",3,0,3,7,0,0,4,4
"V",3,0,3,8,0,0,1,1
"V",3,0,3,9,0,0,2,2
"V",3,0,4,-1,0,0,61,29
"V",3,0,4,-2,0,0,44,20
"V",3,0,4,-3,0,0,15,2
"V",3,0,4,-4,0,0,12,4
"V",3,0,4,-5,0,0,6,1
"V",3,0,4,-6,0,0,3,0
"V",3,0,4,-7,0,0,4,0
"V",3,0,4,-8,0,0,1,0
"V",3,0,4,0,0,0,147,87
"V",3,0,4,0,1,0,1,0
"V",3,0,4,1,0,0,85,60
"V",3,0,4,1,0,1,1,1
"V",3,0,4,1,0,2,1,1
"V",3,0,4,2,0,0,51,41
"V",3,0,4,3,0,0,22,20
"V",3,0,4,4,0,0,16,16
"V",3,0,4,5,0,0,8,8
"V",3,0,4,6,0,0,4,4
"V",3,0,4,7,0,0,1,1
"V",3,0,4,8,0,0,1,1
"V",3,0,4,9,0,0,1,1
"V",3,0,5,-1,0,0,21,13
"V",3,0,5,-2,0,0,7,4
"V",3,0,5,-3,0,0,7,1
"V",3,0,5,-4,0,0,3,2
"V",3,0,5,-5,0,0,2,0
"V",3,0,5,0,0,0,47,26
"V",3,0,5,1,0,0,37,26
"V",3,0,5,2,0,0,28,23
"V",3,0,5,3,0,0,14,12
"V",3,0,5,4,0,0,7,7
"V",3,0,5,5,0,0,1,1
"V",3,0,5,6,0,0,1,1
"V",3,0,5,7,0,0,1,1
"V",3,0,5,8,0,0,1,1
"V",3,0,6,-1,0,0,25,15
"V",3,0,6,-10,0,0,1,0
"V",3,0,6,-2,0,0,11,6
"V",3,0,6,-3,0,0,9,3
"V",3,0,6,-4,0,0,2,0
"V",3,0,6,-5,0,0,2,0
"V",3,0,6,-6,0,0,1,0
"V",3,0,6,-7,0,0,2,0
"V",3,0,6,0,0,0,53,30
"V",3,0,6,1,0,0,35,24
"V",3,0,6,2,0,0,21,16
"V",3,0,6,3,0,0,13,10
"V",3,0,6,4,0,0,5,5
"V",3,0,6,5,0,0,3,3
"V",3,0,6,6,0,0,1,1
"V",3,0,7,-1,0,0,16,12
"V",3,0,7,-2,0,0,8,5
"V",3,0,7,-3,0,0,2,0
"V",3,0,7,-4,0,0,3,1
"V",3,0,7,-5,0,0,2,0
"V",3,0,7,-7,0,0,1,0
"V",3,0,7,-8,0,0,2,0
"V",3,0,7,0,0,0,19,11
"V",3,0,7,1,0,0,23,16
"V",3,0,7,2,0,0,24,19
"V",3,0,7,3,0,0,5,4
"V",3,0,7,4,0,0,2,2
"V",3,0,7,5,0,0,3,3
"V",3,0,7,6,0,0,2,2
"V",3,0,7,8,0,0,1,1
"V",3,0,8,-1,0,0,20,12
"V",3,0,8,-10,0,0,1,0
"V",3,0,8,-2,0,0,12,9
"V",3,0,8,-3,0,0,3,1
"V",3,0,8,-4,0,0,2,1
"V",3,0,8,-5,0,0,1,0
"V",3,0,8,-6,0,0,1,0
"V",3,0,8,-7,0,0,3,0
"V",3,0,8,0,0,0,43,29
"V",3,0,8,1,0,0,27,21
"V",3,0,8,2,0,0,21,13
"V",3,0,8,3,0,0,7,5
"V",3,0,8,4,0,0,3,3
"V",3,0,8,5,0,0,4,4
"V",3,0,8,6,0,0,1,1
"V",3,1,1,-1,0,0,1002,294
"V",3,1,1,-1,0,1,1,0
"V",3,1,1,-1,0,2,1,0
"V",3,1,1,-1,1,0,1,0
"V",3,1,1,-1,1,1,1,0
"V",3,1,1,-1,1,2,1,0
"V",3,1,1,-1,2,2,1,0
"V",3,1,1,-1,3,2,1,0
"V",3,1,1,-10,0,0,4,0
"V",3,1,1,-11,0,0,2,0
"V",3,1,1,-2,0,0,570,96
"V",3,1,1,-2,1,0,1,0
"V",3,1,1,-2,2,0,1,0
"V",3,1,1,-2,2,1,1,0
"V",3,1,1,-2,2,2,1,0
"V",3,1,1,-2,3,2,1,0
"V",3,1,1,-3,0,0,239,27
"V",3,1,1,-4,0,0,129,10
"V",3,1,1,-5,0,0,66,2
"V",3,1,1,-6,0,0,30,1
"V",3,1,1,-7,0,0,27,0
"V",3,1,1,-8,0,0,5,0
"V",3,1,1,-9,0,0,4,0
"V",3,1,1,0,0,0,2400,1070
"V",3,1,1,0,0,1,14,7
"V",3,1,1,0,0,2,4,2
"V",3,1,1,0,1,0,13,4
"V",3,1,1,0,1,1,13,4
"V",3,1,1,0,1,2,5,2
"V",3,1,1,0,2,0,3,1
"V",3,1,1,0,2,1,5,0
"V",3,1,1,0,2,2,8,2
"V",3,1,1,0,3,0,1,0
"V",3,1,1,0,3,1,2,0
"V",3,1,1,0,3,2,2,1
"V",3,1,1,1,0,0,1044,614
"V",3,1,1,1,0,1,5,3
"V",3,1,1,1,0,2,1,1
"V",3,1,1,1,1,0,2,2
"V",3,1,1,1,1,1,3,3
"V",3,1,1,1,1,2,3,3
"V",3,1,1,1,2,0,1,1
"V",3,1,1,1,2,1,1,1
"V",3,1,1,1,2,2,3,3
"V",3,1,1,1,3,0,1,1
"V",3,1,1,1,3,1,1,1
"V",3,1,1,1,3,2,1,1
"V",3,1,1,10,0,0,2,2
"V",3,1,1,11,0,0,1,1
"V",3,1,1,2,0,0,483,331
"V",3,1,1,2,0,1,1,0
"V",3,1,1,2,1,1,1,0
"V",3,1,1,3,0,0,250,198
"V",3,1,1,4,0,0,112,100
"V",3,1,1,5,0,0,61,55
"V",3,1,1,5,1,0,1,1
"V",3,1,1,5,1,1,1,1
"V",3,1,1,5,2,1,1,1
"V",3,1,1,6,0,0,41,39
"V",3,1,1,7,0,0,14,11
"V",3,1,1,8,0,0,8,8
"V",3,1,1,9,0,0,4,4
"V",3,1,2,-1,0,0,434,143
"V",3,1,2,-10,0,0,1,0
"V",3,1,2,-11,0,0,1,0
"V",3,1,2,-2,0,0,226,53
"V",3,1,2,-3,0,0,115,21
"V",3,1,2,-3,1,0,2,0
"V",3,1,2,-3,2,0,1,0
"V",3,1,2,-3,3,0,1,0
"V",3,1,2,-4,0,0,51,7
"V",3,1,2,-5,0,0,34,1
"V",3,1,2,-6,0,0,14,0
"V",3,1,2,-7,0,0,15,0
"V",3,1,2,-8,0,0,6,0
"V",3,1,2,-9,0,0,1,0
"V",3,1,2,0,0,0,878,410
"V",3,1,2,0,0,1,4,1
"V",3,1,2,0,0,2,2,1
"V",3,1,2,0,1,0,5,3
"V",3,1,2,0,1,1,5,2
"V",3,1,2,0,1,2,5,2
"V",3,1,2,0,2,0,1,0
"V",3,1,2,0,2,1,2,1
"V",3,1,2,0,2,2,4,2
"V",3,1,2,0,3,1,1,0
"V",3,1,2,1,0,0,491,311
"V",3,1,2,1,0,1,1,0
"V",3,1,2,1,1,0,1,1
"V",3,1,2,1,1,1,2,1
"V",3,1,2,1,1,2,1,1
"V",3,1,2,1,2,2,1,1
"V",3,1,2,1,3,2,1,1
"V",3,1,2,10,0,0,3,3
"V",3,1,2,12,0,0,1,1
"V",3,1,2,15,0,0,1,1
"V",3,1,2,2,0,0,234,180
"V",3,1,2,3,0,0,170,146
"V",3,1,2,4,0,0,74,67
"V",3,1,2,5,0,0,36,33
"V",3,1,2,6,0,0,19,18
"V",3,1,2,7,0,0,14,13
"V",3,1,2,8,0,0,4,4
"V",3,1,2,9,0,0,2,2
"V",3,1,3,-1,0,0,178,54
"V",3,1,3,-10,0,0,1,0
"V",3,1,3,-2,0,0,70,15
"V",3,1,3,-3,0,0,49,8
"V",3,1,3,-4,0,0,20,5
"V",3,1,3,-5,0,0,3,1
"V",3,1,3,-6,0,0,3,0
"V",3,1,3,-7,0,0,3,0
"V",3,1,3,0,0,0,457,246
"V",3,1,3,0,0,1,2,1
"V",3,1,3,0,1,1,1,1
"V",3,1,3,1,0,0,281,194
"V",3,1,3,1,0,1,1,1
"V",3,1,3,1,1,1,1,1
"V",3,1,3,1,1,2,1,1
"V",3,1,3,1,2,2,1,1
"V",3,1,3,1,3,2,1,1
"V",3,1,3,2,0,0,163,121
"V",3,1,3,3,0,0,109,93
"V",3,1,3,4,0,0,51,44
"V",3,1,3,4,1,0,1,1
"V",3,1,3,5,0,0,21,18
"V",3,1,3,6,0,0,12,12
"V",3,1,3,7,0,0,9,9
"V",3,1,3,8,0,0,4,4
"V",3,1,4,-1,0,0,122,50
"V",3,1,4,-2,0,0,84,25
"V",3,1,4,-3,0,0,34,5
"V",3,1,4,-4,0,0,16,2
"V",3,1,4,-5,0,0,10,0
"V",3,1,4,-6,0,0,5,0
"V",3,1,4,-7,0,0,4,0
"V",3,1,4,-8,0,0,2,0
"V",3,1,4,0,0,0,240,125
"V",3,1,4,0,0,1,2,0
"V",3,1,4,0,0,2,1,0
"V",3,1,4,0,1,1,1,0
"V",3,1,4,1,0,0,153,104
"V",3,1,4,1,1,0,2,1
"V",3,1,4,1,1,1,2,1
"V",3,1,4,1,1,2,1,0
"V",3,1,4,1,2,2,1,0
"V",3,1,4,10,0,0,1,1
"V",3,1,4,13,0,0,1,1
"V",3,1,4,15,0,0,1,1
"V",3,1,4,2,0,0,78,65
"V",3,1,4,3,0,0,61,52
"V",3,1,4,4,0,0,19,19
"V",3,1,4,5,0,0,15,14
"V",3,1,4,6,0,0,12,12
"V",3,1,4,6,1,0,1,1
"V",3,1,4,6,1,1,1,1
"V",3,1,4,6,1,2,1,1
"V",3,1,4,7,0,0,3,3
"V",3,1,4,8,0,0,1,1
"V",3,1,4,9,0,0,1,1
"V",3,1,5,-1,0,0,69,34
"V",3,1,5,-2,0,0,22,7
"V",3,1,5,-3,0,0,8,1
"V",3,1,5,-4,0,0,4,1
"V",3,1,5,-5,0,0,3,0
"V",3,1,5,-6,0,0,1,0
"V",3,1,5,0,0,0,131,66
"V",3,1,5,0,1,0,1,0
"V",3,1,5,0,1,1,1,0
"V",3,1,5,0,1,2,1,0
"V",3,1,5,1,0,0,109,80
"V",3,1,5,1,1,0,1,1
"V",3,1,5,1,1,1,1,1
"V",3,1,5,11,0,0,1,1
"V",3,1,5,2,0,0,91,69
"V",3,1,5,3,0,0,48,42
"V",3,1,5,4,0,0,25,23
"V",3,1,5,5,0,0,12,11
"V",3,1,5,6,0,0,7,7
"V",3,1,5,7,0,0,6,6
"V",3,1,5,8,0,0,1,1
"V",3,1,6,-1,0,0,52,22
"V",3,1,6,-2,0,0,26,9
"V",3,1,6,-3,0,0,13,2
"V",3,1,6,-4,0,0,5,0
"V",3,1,6,-5,0,0,6,0
"V",3,1,6,-6,0,0,3,0
"V",3,1,6,-7,0,0,1,0
"V",3,1,6,0,0,0,118,64
"V",3,1,6,1,0,0,83,60
"V",3,1,6,1,1,0,1,1
"V",3,1,6,1,2,0,1,1
"V",3,1,6,12,0,0,1,1
"V",3,1,6,2,0,0,56,42
"V",3,1,6,3,0,0,36,32
"V",3,1,6,4,0,0,20,19
"V",3,1,6,5,0,0,5,5
"V",3,1,6,6,0,0,3,3
"V",3,1,6,7,0,0,1,1
"V",3,1,6,8,0,0,2,2
"V",3,1,6,9,0,0,1,1
"V",3,1,7,-1,0,0,57,24
"V",3,1,7,-2,0,0,22,11
"V",3,1,7,-3,0,0,10,3
"V",3,1,7,-4,0,0,9,0
"V",3,1,7,-5,0,0,3,0
"V",3,1,7,-7,0,0,2,0
"V",3,1,7,0,0,0,121,60
"V",3,1,7,0,0,1,1,1
"V",3,1,7,0,1,1,1,1
"V",3,1,7,1,0,0,102,76
"V",3,1,7,1,1,0,1,0
"V",3,1,7,13,0,0,1,1
"V",3,1,7,2,0,0,60,49
"V",3,1,7,3,0,0,35,30
"V",3,1,7,4,0,0,19,18
"V",3,1,7,5,0,0,8,8
"V",3,1,7,6,0,0,6,6
"V",3,1,7,7,0,0,3,3
"V",3,1,7,8,0,0,1,1
"V",3,1,7,9,0,0,1,1
"V",3,1,8,-1,0,0,45,27
"V",3,1,8,-2,0,0,25,7
"V",3,1,8,-3,0,0,10,2
"V",3,1,8,-4,0,0,4,0
"V",3,1,8,-5,0,0,4,0
"V",3,1,8,-6,0,0,1,0
"V",3,1,8,-7,0,0,5,0
"V",3,1,8,-8,0,0,2,0
"V",3,1,8,0,0,0,90,57
"V",3,1,8,1,0,0,64,50
"V",3,1,8,2,0,0,45,35
"V",3,1,8,3,0,0,17,15
"V",3,1,8,4,0,0,6,6
"V",3,1,8,5,0,0,4,4
"V",3,1,8,6,0,0,3,3
"V",3,1,8,7,0,0,1,1
"V",3,1,8,9,0,0,1,1
"V",3,2,1,-1,0,0,784,217
"V",3,2,1,-1,0,1,1,0
"V",3,2,1,-1,0,2,1,0
"V",3,2,1,-1,1,0,1,0
"V",3,2,1,-1,1,1,1,0
"V",3,2,1,-1,1,2,1,0
"V",3,2,1,-1,2,1,1,0
"V",3,2,1,-1,3,1,1,0
"V",3,2,1,-10,0,0,2,0
"V",3,2,1,-11,0,0,1,0
"V",3,2,1,-2,0,0,452,75
"V",3,2,1,-2,0,1,1,0
"V",3,2,1,-2,1,1,1,0
"V",3,2,1,-2,1,2,1,0
"V",3,2,1,-3,0,0,170,16
"V",3,2,1,-4,0,0,99,5
"V",3,2,1,-5,0,0,45,1
"V",3,2,1,-6,0,0,25,2
"V",3,2,1,-7,0,0,16,0
"V",3,2,1,-8,0,0,2,0
"V",3,2,1,-9,0,0,4,0
"V",3,2,1,0,0,0,1887,814
"V",3,2,1,0,0,1,9,1
"V",3,2,1,0,0,2,3,0
"V",3,2,1,0,1,0,9,6
"V",3,2,1,0,1,1,6,2
"V",3,2,1,0,1,2,3,2
"V",3,2,1,0,2,0,5,3
"V",3,2,1,0,2,1,4,0
"V",3,2,1,0,2,2,2,1
"V",3,2,1,0,3,0,3,3
"V",3,2,1,0,3,1,3,1
"V",3,2,1,0,3,2,4,2
"V",3,2,1,1,0,0,867,495
"V",3,2,1,1,0,1,3,2
"V",3,2,1,1,1,0,3,2
"V",3,2,1,1,1,1,5,3
"V",3,2,1,1,2,1,2,1
"V",3,2,1,1,2,2,2,1
"V",3,2,1,1,3,2,1,0
"V",3,2,1,11,0,0,1,1
"V",3,2,1,2,0,0,426,277
"V",3,2,1,2,0,1,1,0
"V",3,2,1,2,1,1,1,0
"V",3,2,1,2,2,1,1,0
"V",3,2,1,3,0,0,233,177
"V",3,2,1,3,1,0,1,0
"V",3,2,1,3,2,0,1,0
"V",3,2,1,3,3,0,1,0
"V",3,2,1,3,3,1,1,0
"V",3,2,1,4,0,0,113,99
"V",3,2,1,5,0,0,59,53
"V",3,2,1,5,1,0,1,1
"V",3,2,1,5,1,1,1,1
"V",3,2,1,6,0,0,39,33
"V",3,2,1,7,0,0,9,7
"V",3,2,1,8,0,0,10,10
"V",3,2,1,9,0,0,5,5
"V",3,2,2,-1,0,0,429,122
"V",3,2,2,-11,0,0,1,0
"V",3,2,2,-2,0,0,215,42
"V",3,2,2,-3,0,0,97,13
"V",3,2,2,-3,0,1,2,0
"V",3,2,2,-3,0,2,2,0
"V",3,2,2,-4,0,0,59,4
"V",3,2,2,-5,0,0,30,1
"V",3,2,2,-6,0,0,10,0
"V",3,2,2,-7,0,0,15,0
"V",3,2,2,-8,0,0,4,0
"V",3,2,2,-9,0,0,1,0
"V",3,2,2,0,0,0,846,352
"V",3,2,2,0,0,1,6,3
"V",3,2,2,0,0,2,1,0
"V",3,2,2,0,1,0,4,2
"V",3,2,2,0,1,1,6,4
"V",3,2,2,0,1,2,2,2
"V",3,2,2,0,2,0,1,1
"V",3,2,2,0,2,1,1,0
"V",3,2,2,0,2,2,1,1
"V",3,2,2,0,3,0,1,1
"V",3,2,2,1,0,0,509,300
"V",3,2,2,1,1,0,3,1
"V",3,2,2,1,1,1,1,0
"V",3,2,2,1,2,1,1,0
"V",3,2,2,11,0,0,1,1
"V",3,2,2,2,0,0,301,205
"V",3,2,2,2,0,1,1,0
"V",3,2,2,2,1,1,1,0
"V",3,2,2,2,1,2,1,0
"V",3,2,2,3,0,0,182,155
"V",3,2,2,3,0,1,2,1
"V",3,2,2,3,1,1,2,1
"V",3,2,2,4,0,0,90,82
"V",3,2,2,5,0,0,46,44
"V",3,2,2,6,0,0,24,23
"V",3,2,2,7,0,0,10,9
"V",3,2,2,8,0,0,8,8
"V",3,2,2,9,0,0,3,3
"V",3,2,3,-1,0,0,223,64
"V",3,2,3,-10,0,0,1,0
"V",3,2,3,-2,0,0,103,18
"V",3,2,3,-3,0,0,41,5
"V",3,2,3,-4,0,0,24,5
"V",3,2,3,-5,0,0,8,1
"V",3,2,3,-6,0,0,6,0
"V",3,2,3,-7,0,0,5,0
"V",3,2,3,0,0,0,572,265
"V",3,2,3,0,0,1,1,1
"V",3,2,3,0,1,0,4,1
"V",3,2,3,0,1,1,2,1
"V",3,2,3,0,2,0,2,1
"V",3,2,3,0,2,1,2,1
"V",3,2,3,0,3,0,2,1
"V",3,2,3,0,3,1,1,0
"V",3,2,3,0,3,2,1,0
"V",3,2,3,1,0,0,372,229
"V",3,2,3,1,0,1,1,1
"V",3,2,3,1,0,2,1,1
"V",3,2,3,1,1,0,1,0
"V",3,2,3,1,1,1,1,0
"V",3,2,3,1,2,1,1,0
"V",3,2,3,1,3,1,1,0
"V",3,2,3,1,3,2,1,0
"V",3,2,3,10,0,0,2,2
"V",3,2,3,11,0,0,1,1
"V",3,2,3,12,0,0,1,1
"V",3,2,3,2,0,0,248,176
"V",3,2,3,3,0,0,166,135
"V",3,2,3,3,0,1,1,0
"V",3,2,3,3,1,1,1,0
"V",3,2,3,3,2,1,1,0
"V",3,2,3,4,0,0,89,74
"V",3,2,3,5,0,0,42,40
"V",3,2,3,6,0,0,18,16
"V",3,2,3,7,0,0,6,5
"V",3,2,3,8,0,0,5,5
"V",3,2,3,9,0,0,1,1
"V",3,2,4,-1,0,0,135,50
"V",3,2,4,-2,0,0,72,17
"V",3,2,4,-3,0,0,37,5
"V",3,2,4,-4,0,0,30,3
"V",3,2,4,-5,0,0,11,1
"V",3,2,4,-6,0,0,5,0
"V",3,2,4,-7,0,0,5,0
"V",3,2,4,0,0,0,271,117
"V",3,2,4,0,0,1,1,1
"V",3,2,4,0,1,0,3,0
"V",3,2,4,0,2,0,2,0
"V",3,2,4,0,2,1,1,0
"V",3,2,4,0,3,0,1,0
"V",3,2,4,0,3,1,1,0
"V",3,2,4,0,3,2,1,0
"V",3,2,4,1,0,0,163,90
"V",3,2,4,1,0,1,2,1
"V",3,2,4,1,0,2,1,0
"V",3,2,4,11,0,0,2,2
"V",3,2,4,2,0,0,95,76
"V",3,2,4,3,0,0,68,51
"V",3,2,4,4,0,0,43,37
"V",3,2,4,5,0,0,17,16
"V",3,2,4,6,0,0,7,7
"V",3,2,4,7,0,0,4,4
"V",3,2,4,8,0,0,3,3
"V",3,2,4,9,0,0,1,1
"V",3,2,5,-1,0,0,82,30
"V",3,2,5,-2,0,0,33,6
"V",3,2,5,-3,0,0,17,3
"V",3,2,5,-4,0,0,8,2
"V",3,2,5,-5,0,0,5,0
"V",3,2,5,-6,0,0,3,0
"V",3,2,5,-8,0,0,1,0
"V",3,2,5,-9,0,0,1,0
"V",3,2,5,0,0,0,171,80
"V",3,2,5,0,0,1,1,0
"V",3,2,5,0,0,2,1,0
"V",3,2,5,0,1,0,1,1
"V",3,2,5,0,1,2,1,0
"V",3,2,5,0,2,0,1,1
"V",3,2,5,0,3,0,1,1
"V",3,2,5,1,0,0,164,109
"V",3,2,5,10,0,0,2,2
"V",3,2,5,11,0,0,1,1
"V",3,2,5,2,0,0,119,83
"V",3,2,5,3,0,0,69,58
"V",3,2,5,4,0,0,38,35
"V",3,2,5,5,0,0,15,13
"V",3,2,5,6,0,0,10,10
"V",3,2,5,7,0,0,5,5
"V",3,2,5,8,0,0,1,1
"V",3,2,5,9,0,0,1,1
"V",3,2,6,-1,0,0,61,24
"V",3,2,6,-2,0,0,34,6
"V",3,2,6,-3,0,0,15,3
"V",3,2,6,-4,0,0,7,0
"V",3,2,6,-5,0,0,5,1
"V",3,2,6,-6,0,0,4,0
"V",3,2,6,-7,0,0,2,0
"V",3,2,6,0,0,0,151,77
"V",3,2,6,0,1,0,1,1
"V",3,2,6,1,0,0,125,82
"V",3,2,6,10,0,0,1,1
"V",3,2,6,2,0,0,69,47
"V",3,2,6,3,0,0,48,37
"V",3,2,6,4,0,0,18,15
"V",3,2,6,5,0,0,14,12
"V",3,2,6,6,0,0,6,6
"V",3,2,6,7,0,0,4,4
"V",3,2,6,8,0,0,3,3
"V",3,2,7,-1,0,0,55,22
"V",3,2,7,-2,0,0,23,7
"V",3,2,7,-3,0,0,13,2
"V",3,2,7,-4,0,0,10,0
"V",3,2,7,-5,0,0,2,0
"V",3,2,7,-6,0,0,1,0
"V",3,2,7,-7,0,0,3,0
"V",3,2,7,-8,0,0,1,0
"V",3,2,7,0,0,0,118,57
"V",3,2,7,0,1,0,1,1
"V",3,2,7,0,2,0,1,1
"V",3,2,7,0,3,0,1,1
"V",3,2,7,0,3,1,1,1
"V",3,2,7,0,3,2,1,1
"V",3,2,7,1,0,0,96,73
"V",3,2,7,1,0,1,2,1
"V",3,2,7,1,1,1,2,1
"V",3,2,7,1,2,1,1,1
"V",3,2,7,11,0,0,1,1
"V",3,2,7,2,0,0,56,38
"V",3,2,7,3,0,0,33,30
"V",3,2,7,4,0,0,20,20
"V",3,2,7,5,0,0,12,11
"V",3,2,7,6,0,0,10,10
"V",3,2,7,6,0,1,1,1
"V",3,2,7,6,1,1,1,1
"V",3,2,7,7,0,0,2,2
"V",3,2,7,8,0,0,2,2
"V",3,2,7,9,0,0,1,1
"V",3,2,8,-1,0,0,45,22
"V",3,2,8,-2,0,0,28,8
"V",3,2,8,-3,0,0,9,2
"V",3,2,8,-4,0,0,9,1
"V",3,2,8,-5,0,0,4,1
"V",3,2,8,-6,0,0,2,0
"V",3,2,8,-7,0,0,4,0
"V",3,2,8,0,0,0,74,37
"V",3,2,8,0,0,1,1,0
"V",3,2,8,0,0,2,1,0
"V",3,2,8,0,1,2,1,0
"V",3,2,8,0,2,2,1,0
"V",3,2,8,1,0,0,56,36
"V",3,2,8,2,0,0,44,31
"V",3,2,8,3,0,0,19,18
"V",3,2,8,4,0,0,7,7
"V",3,2,8,5,0,0,5,5
"V",3,2,8,6,0,0,1,1
"V",3,2,8,9,0,0,2,2
"V",4,0,1,-1,0,0,1415,432
"V",4,0,1,-1,0,1,4,0
"V",4,0,1,-1,1,1,3,0
"V",4,0,1,-1,2,1,1,0
"V",4,0,1,-10,0,0,5,0
"V",4,0,1,-11,0,0,5,0
"V",4,0,1,-2,0,0,886,189
"V",4,0,1,-2,1,0,3,1
"V",4,0,1,-2,1,1,2,0
"V",4,0,1,-2,2,1,1,0
"V",4,0,1,-2,2,2,1,0
"V",4,0,1,-3,0,0,487,61
"V",4,0,1,-3,1,0,3,0
"V",4,0,1,-3,2,0,1,0
"V",4,0,1,-3,2,1,1,0
"V",4,0,1,-3,3,1,1,0
"V",4,0,1,-3,3,2,1,0
"V",4,0,1,-4,0,0,328,23
"V",4,0,1,-5,0,0,189,9
"V",4,0,1,-6,0,0,84,3
"V",4,0,1,-7,0,0,50,0
"V",4,0,1,-8,0,0,21,0
"V",4,0,1,-9,0,0,8,0
"V",4,0,1,0,0,0,2450,1132
"V",4,0,1,0,0,1,8,2
"V",4,0,1,0,0,2,5,2
"V",4,0,1,0,1,0,7,3
"V",4,0,1,0,1,1,6,3
"V",4,0,1,0,1,2,5,2
"V",4,0,1,0,2,0,2,0
"V",4,0,1,0,2,1,2,1
"V",4,0,1,0,2,2,2,1
"V",4,0,1,0,3,0,2,0
"V",4,0,1,0,3,1,3,1
"V",4,0,1,0,3,2,2,1
"V",4,0,1,1,0,0,1390,890
"V",4,0,1,1,0,1,6,4
"V",4,0,1,1,0,2,4,3
"V",4,0,1,1,1,0,5,3
"V",4,0,1,1,1,1,2,1
"V",4,0,1,1,1,2,3,3
"V",4,0,1,1,2,0,2,1
"V",4,0,1,1,2,1,1,0
"V",4,0,1,1,2,2,3,2
"V",4,0,1,1,3,0,1,1
"V",4,0,1,11,0,0,4,4
"V",4,0,1,12,0,0,1,1
"V",4,0,1,13,0,0,1,1
"V",4,0,1,15,0,0,1,1
"V",4,0,1,2,0,0,810,584
"V",4,0,1,2,0,1,2,1
"V",4,0,1,2,0,2,1,1
"V",4,0,1,3,0,0,520,433
"V",4,0,1,3,0,1,2,1
"V",4,0,1,3,0,2,1,0
"V",4,0,1,3,1,1,1,1
"V",4,0,1,3,2,1,1,1
"V",4,0,1,4,0,0,250,225
"V",4,0,1,5,0,0,142,134
"V",4,0,1,5,0,1,1,1
"V",4,0,1,5,0,2,1,1
"V",4,0,1,5,1,0,1,1
"V",4,0,1,5,1,1,1,1
"V",4,0,1,5,2,1,1,1
"V",4,0,1,5,2,2,1,1
"V",4,0,1,6,0,0,75,70
"V",4,0,1,6,0,1,1,1
"V",4,0,1,6,0,2,1,1
"V",4,0,1,6,1,2,1,1
"V",4,0,1,7,0,0,25,23
"V",4,0,1,8,0,0,20,20
"V",4,0,1,9,0,0,8,8
"V",4,0,2,-1,0,0,378,142
"V",4,0,2,-10,0,0,2,0
"V",4,0,2,-2,0,0,266,68
"V",4,0,2,-2,1,0,1,0
"V",4,0,2,-2,2,0,1,0
"V",4,0,2,-2,2,1,1,0
"V",4,0,2,-3,0,0,126,26
"V",4,0,2,-4,0,0,101,13
"V",4,0,2,-5,0,0,63,2
"V",4,0,2,-6,0,0,20,0
"V",4,0,2,-7,0,0,15,0
"V",4,0,2,-8,0,0,4,0
"V",4,0,2,-9,0,0,3,0
"V",4,0,2,0,0,0,689,348
"V",4,0,2,0,1,0,1,0
"V",4,0,2,0,1,1,1,0
"V",4,0,2,0,1,2,1,0
"V",4,0,2,0,2,2,1,0
"V",4,0,2,1,0,0,437,304
"V",4,0,2,1,1,0,2,1
"V",4,0,2,1,1,1,1,1
"V",4,0,2,1,1,2,1,1
"V",4,0,2,15,0,0,1,1
"V",4,0,2,2,0,0,236,181
"V",4,0,2,3,0,0,170,145
"V",4,0,2,4,0,0,69,61
"V",4,0,2,5,0,0,34,31
"V",4,0,2,6,0,0,15,14
"V",4,0,2,7,0,0,5,5
"V",4,0,2,8,0,0,7,7
"V",4,0,2,9,0,0,3,3
"V",4,0,3,-1,0,0,102,37
"V",4,0,3,-11,0,0,2,0
"V",4,0,3,-2,0,0,47,17
"V",4,0,3,-3,0,0,42,6
"V",4,0,3,-4,0,0,27,2
"V",4,0,3,-5,0,0,15,1
"V",4,0,3,-6,0,0,5,1
"V",4,0,3,-7,0,0,1,0
"V",4,0,3,-8,0,0,2,0
"V",4,0,3,0,0,0,131,75
"V",4,0,3,0,0,1,2,1
"V",4,0,3,0,0,2,1,1
"V",4,0,3,0,1,1,1,0
"V",4,0,3,0,1,2,2,1
"V",4,0,3,0,2,2,2,1
"V",4,0,3,1,0,0,102,64
"V",4,0,3,1,1,0,1,0
"V",4,0,3,1,1,1,1,0
"V",4,0,3,11,0,0,1,1
"V",4,0,3,2,0,0,62,52
"V",4,0,3,3,0,0,41,36
"V",4,0,3,4,0,0,13,11
"V",4,0,3,5,0,0,4,4
"V",4,0,3,6,0,0,3,3
"V",4,0,3,7,0,0,1,1
"V",4,0,3,8,0,0,3,3
"V",4,0,3,9,0,0,1,1
"V",4,0,4,-1,0,0,74,35
"V",4,0,4,-2,0,0,60,22
"V",4,0,4,-3,0,0,34,11
"V",4,0,4,-4,0,0,26,5
"V",4,0,4,-5,0,0,15,0
"V",4,0,4,-6,0,0,4,0
"V",4,0,4,-7,0,0,4,0
"V",4,0,4,-8,0,0,1,0
"V",4,0,4,0,0,0,102,63
"V",4,0,4,1,0,0,88,61
"V",4,0,4,2,0,0,52,41
"V",4,0,4,3,0,0,23,21
"V",4,0,4,4,0,0,8,6
"V",4,0,4,5,0,0,11,10
"V",4,0,4,6,0,0,3,2
"V",4,0,4,8,0,0,1,1
"V",4,0,4,9,0,0,1,1
"V",4,0,5,-1,0,0,32,11
"V",4,0,5,-1,0,1,1,1
"V",4,0,5,-10,0,0,1,0
"V",4,0,5,-2,0,0,15,6
"V",4,0,5,-3,0,0,11,4
"V",4,0,5,-4,0,0,5,0
"V",4,0,5,-5,0,0,2,0
"V",4,0,5,-6,0,0,5,0
"V",4,0,5,-7,0,0,1,0
"V",4,0,5,-8,0,0,1,0
"V",4,0,5,0,0,0,65,41
"V",4,0,5,1,0,0,40,30
"V",4,0,5,11,0,0,1,1
"V",4,0,5,2,0,0,23,18
"V",4,0,5,3,0,0,11,9
"V",4,0,5,4,0,0,6,4
"V",4,0,5,5,0,0,4,4
"V",4,0,5,6,0,0,2,2
"V",4,0,6,-1,0,0,32,13
"V",4,0,6,-10,0,0,1,0
"V",4,0,6,-2,0,0,21,5
"V",4,0,6,-3,0,0,12,0
"V",4,0,6,-4,0,0,13,1
"V",4,0,6,-5,0,0,6,1
"V",4,0,6,-6,0,0,2,0
"V",4,0,6,-8,0,0,3,0
"V",4,0,6,0,0,0,56,32
"V",4,0,6,0,0,1,1,1
"V",4,0,6,1,0,0,34,28
"V",4,0,6,2,0,0,8,7
"V",4,0,6,3,0,0,15,14
"V",4,0,6,4,0,0,5,3
"V",4,0,6,5,0,0,3,3
"V",4,0,6,6,0,0,1,1
"V",4,0,6,7,0,0,1,1
"V",4,0,6,8,0,0,1,1
"V",4,0,7,-1,0,0,20,10
"V",4,0,7,-2,0,0,12,2
"V",4,0,7,-3,0,0,8,2
"V",4,0,7,-4,0,0,3,0
"V",4,0,7,-5,0,0,4,0
"V",4,0,7,-6,0,0,1,0
"V",4,0,7,-7,0,0,2,0
"V",4,0,7,-9,0,0,1,0
"V",4,0,7,0,0,0,36,25
"V",4,0,7,1,0,0,17,13
"V",4,0,7,2,0,0,7,5
"V",4,0,7,3,0,0,3,2
"V",4,0,7,4,0,0,1,1
"V",4,0,7,5,0,0,1,1
"V",4,0,7,6,0,0,1,1
"V",4,0,7,7,0,0,1,1
"V",4,0,8,-1,0,0,22,12
"V",4,0,8,-2,0,0,16,8
"V",4,0,8,-3,0,0,9,5
"V",4,0,8,-4,0,0,6,1
"V",4,0,8,-5,0,0,4,0
"V",4,0,8,0,0,0,28,20
"V",4,0,8,1,0,0,29,24
"V",4,0,8,2,0,0,15,11
"V",4,0,8,3,0,0,9,8
"V",4,0,8,4,0,0,4,3
"V",4,0,8,5,0,0,3,3
"V",4,0,8,6,0,0,2,1
"V",4,1,1,-1,0,0,962,259
"V",4,1,1,-1,0,1,4,1
"V",4,1,1,-1,0,2,1,0
"V",4,1,1,-1,1,0,1,0
"V",4,1,1,-1,1,1,2,0
"V",4,1,1,-1,1,2,2,0
"V",4,1,1,-1,2,1,1,0
"V",4,1,1,-1,2,2,1,0
"V",4,1,1,-1,3,2,1,0
"V",4,1,1,-10,0,0,3,0
"V",4,1,1,-11,0,0,3,0
"V",4,1,1,-2,0,0,605,109
"V",4,1,1,-2,0,1,2,0
"V",4,1,1,-2,0,2,2,0
"V",4,1,1,-2,1,0,1,1
"V",4,1,1,-2,1,1,1,1
"V",4,1,1,-2,1,2,1,0
"V",4,1,1,-2,2,1,1,1
"V",4,1,1,-2,2,2,1,1
"V",4,1,1,-3,0,0,330,32
"V",4,1,1,-3,1,0,2,0
"V",4,1,1,-3,2,0,1,0
"V",4,1,1,-3,3,0,1,0
"V",4,1,1,-4,0,0,201,8
"V",4,1,1,-5,0,0,117,6
"V",4,1,1,-6,0,0,57,2
"V",4,1,1,-7,0,0,36,0
"V",4,1,1,-8,0,0,16,0
"V",4,1,1,-9,0,0,5,0
"V",4,1,1,0,0,0,1672,714
"V",4,1,1,0,0,1,7,2
"V",4,1,1,0,0,2,2,2
"V",4,1,1,0,1,0,8,3
"V",4,1,1,0,1,1,10,2
"V",4,1,1,0,1,2,2,1
"V",4,1,1,0,2,0,3,1
"V",4,1,1,0,2,1,9,2
"V",4,1,1,0,2,2,3,1
"V",4,1,1,0,3,1,4,1
"V",4,1,1,0,3,2,6,2
"V",4,1,1,1,0,0,944,578
"V",4,1,1,1,0,1,3,3
"V",4,1,1,1,1,0,2,0
"V",4,1,1,1,1,1,3,2
"V",4,1,1,1,2,0,1,0
"V",4,1,1,1,2,1,3,2
"V",4,1,1,1,2,2,1,1
"V",4,1,1,1,3,1,1,1
"V",4,1,1,1,3,2,1,1
"V",4,1,1,11,0,0,2,2
"V",4,1,1,12,0,0,1,1
"V",4,1,1,13,0,0,1,1
"V",4,1,1,2,0,0,570,399
"V",4,1,1,2,0,1,1,0
"V",4,1,1,2,1,1,1,0
"V",4,1,1,2,2,1,1,0
"V",4,1,1,2,2,2,1,0
"V",4,1,1,3,0,0,359,295
"V",4,1,1,3,1,0,2,1
"V",4,1,1,4,0,0,182,163
"V",4,1,1,5,0,0,110,105
"V",4,1,1,5,0,1,1,1
"V",4,1,1,5,1,0,1,1
"V",4,1,1,5,2,0,1,1
"V",4,1,1,6,0,0,63,59
"V",4,1,1,6,1,0,1,1
"V",4,1,1,6,1,1,1,1
"V",4,1,1,7,0,0,24,22
"V",4,1,1,8,0,0,13,13
"V",4,1,1,9,0,0,5,5
"V",4,1,2,-1,0,0,434,133
"V",4,1,2,-1,0,1,1,0
"V",4,1,2,-1,1,0,1,0
"V",4,1,2,-1,1,1,1,0
"V",4,1,2,-1,1,2,1,0
"V",4,1,2,-1,2,2,1,0
"V",4,1,2,-10,0,0,2,0
"V",4,1,2,-11,0,0,3,0
"V",4,1,2,-2,0,0,288,63
"V",4,1,2,-3,0,0,153,13
"V",4,1,2,-3,0,1,1,0
"V",4,1,2,-3,0,2,1,0
"V",4,1,2,-3,1,0,1,0
"V",4,1,2,-3,1,2,1,0
"V",4,1,2,-4,0,0,104,7
"V",4,1,2,-5,0,0,47,3
"V",4,1,2,-6,0,0,32,0
"V",4,1,2,-7,0,0,16,0
"V",4,1,2,-8,0,0,6,0
"V",4,1,2,-9,0,0,3,0
"V",4,1,2,0,0,0,720,338
"V",4,1,2,0,0,1,3,3
"V",4,1,2,0,0,2,2,2
"V",4,1,2,0,1,0,1,0
"V",4,1,2,0,1,1,1,1
"V",4,1,2,0,1,2,2,2
"V",4,1,2,0,2,0,1,0
"V",4,1,2,1,0,0,429,274
"V",4,1,2,1,0,1,1,1
"V",4,1,2,1,1,0,1,1
"V",4,1,2,1,2,0,1,1
"V",4,1,2,11,0,0,1,1
"V",4,1,2,12,0,0,1,1
"V",4,1,2,15,0,0,1,1
"V",4,1,2,2,0,0,271,207
"V",4,1,2,3,0,0,187,153
"V",4,1,2,4,0,0,110,101
"V",4,1,2,5,0,0,55,53
"V",4,1,2,5,0,1,1,1
"V",4,1,2,5,1,1,1,1
"V",4,1,2,6,0,0,28,27
"V",4,1,2,7,0,0,10,10
"V",4,1,2,8,0,0,8,8
"V",4,1,2,9,0,0,3,3
"V",4,1,3,-1,0,0,206,70
"V",4,1,3,-10,0,0,3,0
"V",4,1,3,-2,0,0,99,28
"V",4,1,3,-2,1,0,1,0
"V",4,1,3,-2,1,1,1,0
"V",4,1,3,-2,1,2,1,0
"V",4,1,3,-2,2,2,1,0
"V",4,1,3,-3,0,0,52,6
"V",4,1,3,-3,1,0,1,0
"V",4,1,3,-3,2,0,1,0
"V",4,1,3,-3,3,0,1,0
"V",4,1,3,-3,3,1,1,0
"V",4,1,3,-3,3,2,1,0
"V",4,1,3,-4,0,0,32,2
"V",4,1,3,-5,0,0,13,2
"V",4,1,3,-6,0,0,6,0
"V",4,1,3,-7,0,0,4,0
"V",4,1,3,-8,0,0,2,0
"V",4,1,3,-9,0,0,1,0
"V",4,1,3,0,0,0,389,199
"V",4,1,3,0,0,1,1,1
"V",4,1,3,0,1,0,1,0
"V",4,1,3,0,1,1,1,0
"V",4,1,3,0,2,1,1,0
"V",4,1,3,0,3,1,1,0
"V",4,1,3,0,3,2,1,0
"V",4,1,3,1,0,0,289,195
"V",4,1,3,1,1,0,2,1
"V",4,1,3,1,2,0,2,1
"V",4,1,3,10,0,0,1,1
"V",4,1,3,11,0,0,1,1
"V",4,1,3,2,0,0,183,137
"V",4,1,3,2,1,0,1,0
"V",4,1,3,2,1,1,1,0
"V",4,1,3,2,1,2,1,0
"V",4,1,3,3,0,0,119,102
"V",4,1,3,4,0,0,65,56
"V",4,1,3,5,0,0,34,30
"V",4,1,3,6,0,0,18,17
"V",4,1,3,7,0,0,6,6
"V",4,1,3,8,0,0,6,6
"V",4,1,3,9,0,0,2,2
"V",4,1,4,-1,0,0,110,38
"V",4,1,4,-10,0,0,2,0
"V",4,1,4,-2,0,0,89,22
"V",4,1,4,-2,0,1,1,0
"V",4,1,4,-2,1,1,1,0
"V",4,1,4,-2,1,2,1,0
"V",4,1,4,-3,0,0,51,7
"V",4,1,4,-4,0,0,27,4
"V",4,1,4,-5,0,0,15,1
"V",4,1,4,-6,0,0,3,0
"V",4,1,4,-7,0,0,5,0
"V",4,1,4,-8,0,0,1,0
"V",4,1,4,0,0,0,176,99
"V",4,1,4,0,1,0,2,2
"V",4,1,4,1,0,0,132,92
"V",4,1,4,1,0,1,1,1
"V",4,1,4,2,0,0,98,77
"V",4,1,4,2,0,1,1,1
"V",4,1,4,2,1,1,1,1
"V",4,1,4,2,2,1,1,1
"V",4,1,4,3,0,0,67,56
"V",4,1,4,4,0,0,33,31
"V",4,1,4,5,0,0,23,18
"V",4,1,4,6,0,0,9,8
"V",4,1,4,7,0,0,2,2
"V",4,1,4,8,0,0,1,1
"V",4,1,4,9,0,0,1,1
"V",4,1,5,-1,0,0,100,39
"V",4,1,5,-11,0,0,1,0
"V",4,1,5,-2,0,0,42,12
"V",4,1,5,-3,0,0,24,3
"V",4,1,5,-4,0,0,14,1
"V",4,1,5,-5,0,0,13,1
"V",4,1,5,-6,0,0,8,1
"V",4,1,5,-7,0,0,2,0
"V",4,1,5,-8,0,0,2,0
"V",4,1,5,0,0,0,139,81
"V",4,1,5,1,0,0,120,82
"V",4,1,5,1,0,1,1,0
"V",4,1,5,1,0,2,1,0
"V",4,1,5,1,1,2,1,0
"V",4,1,5,1,2,2,1,0
"V",4,1,5,10,0,0,1,1
"V",4,1,5,11,0,0,1,1
"V",4,1,5,2,0,0,80,62
"V",4,1,5,3,0,0,53,45
"V",4,1,5,4,0,0,26,20
"V",4,1,5,5,0,0,18,17
"V",4,1,5,6,0,0,12,12
"V",4,1,5,7,0,0,6,6
"V",4,1,5,8,0,0,3,3
"V",4,1,5,9,0,0,2,2
"V",4,1,6,-1,0,0,63,26
"V",4,1,6,-2,0,0,36,10
"V",4,1,6,-3,0,0,12,1
"V",4,1,6,-3,0,1,1,0
"V",4,1,6,-4,0,0,11,1
"V",4,1,6,-5,0,0,7,0
"V",4,1,6,-6,0,0,4,0
"V",4,1,6,-7,0,0,2,0
"V",4,1,6,-8,0,0,1,0
"V",4,1,6,0,0,0,99,55
"V",4,1,6,1,0,0,82,63
"V",4,1,6,2,0,0,52,40
"V",4,1,6,2,0,1,1,0
"V",4,1,6,2,0,2,1,0
"V",4,1,6,3,0,0,36,29
"V",4,1,6,3,0,1,1,0
"V",4,1,6,3,0,2,1,0
"V",4,1,6,4,0,0,14,12
"V",4,1,6,5,0,0,12,11
"V",4,1,6,6,0,0,4,4
"V",4,1,6,7,0,0,4,4
"V",4,1,6,8,0,0,4,4
"V",4,1,7,-1,0,0,56,23
"V",4,1,7,-2,0,0,42,12
"V",4,1,7,-3,0,0,15,3
"V",4,1,7,-4,0,0,10,1
"V",4,1,7,-5,0,0,2,0
"V",4,1,7,-6,0,0,3,0
"V",4,1,7,-7,0,0,1,0
"V",4,1,7,0,0,0,89,56
"V",4,1,7,0,0,1,1,0
"V",4,1,7,0,1,1,1,0
"V",4,1,7,0,1,2,1,0
"V",4,1,7,1,0,0,69,53
"V",4,1,7,2,0,0,36,27
"V",4,1,7,3,0,0,30,26
"V",4,1,7,4,0,0,21,21
"V",4,1,7,5,0,0,11,11
"V",4,1,7,6,0,0,5,5
"V",4,1,7,7,0,0,2,2
"V",4,1,7,8,0,0,2,2
"V",4,1,8,-1,0,0,42,20
"V",4,1,8,-10,0,0,1,0
"V",4,1,8,-2,0,0,22,8
"V",4,1,8,-3,0,0,13,3
"V",4,1,8,-4,0,0,10,2
"V",4,1,8,-5,0,0,7,0
"V",4,1,8,-6,0,0,1,0
"V",4,1,8,-7,0,0,2,0
"V",4,1,8,0,0,0,49,27
"V",4,1,8,1,0,0,48,36
"V",4,1,8,1,1,0,1,1
"V",4,1,8,1,2,0,1,1
"V",4,1,8,1,3,0,1,1
"V",4,1,8,2,0,0,34,28
"V",4,1,8,3,0,0,20,19
"V",4,1,8,4,0,0,10,10
"V",4,1,8,5,0,0,9,9
"V",4,1,8,6,0,0,4,4
"V",4,1,8,7,0,0,1,1
"V",4,1,8,8,0,0,1,1
"V",4,1,8,9,0,0,1,1
"V",4,2,1,-1,0,0,729,193
"V",4,2,1,-1,0,1,3,0
"V",4,2,1,-1,1,0,4,1
"V",4,2,1,-1,1,1,5,1
"V",4,2,1,-1,1,2,1,0
"V",4,2,1,-1,2,0,2,0
"V",4,2,1,-1,2,1,3,1
"V",4,2,1,-1,2,2,3,1
"V",4,2,1,-1,3,0,1,0
"V",4,2,1,-1,3,1,2,0
"V",4,2,1,-1,3,2,3,0
"V",4,2,1,-10,0,0,2,0
"V",4,2,1,-2,0,0,460,72
"V",4,2,1,-2,0,1,1,0
"V",4,2,1,-2,0,2,1,0
"V",4,2,1,-2,1,0,1,0
"V",4,2,1,-2,1,1,1,0
"V",4,2,1,-3,0,0,252,26
"V",4,2,1,-3,1,0,1,0
"V",4,2,1,-3,2,0,1,0
"V",4,2,1,-3,3,0,1,0
"V",4,2,1,-3,3,1,1,0
"V",4,2,1,-4,0,0,159,9
"V",4,2,1,-5,0,0,101,2
"V",4,2,1,-6,0,0,36,2
"V",4,2,1,-7,0,0,27,0
"V",4,2,1,-8,0,0,9,0
"V",4,2,1,-9,0,0,3,0
"V",4,2,1,0,0,0,1282,509
"V",4,2,1,0,0,1,4,1
"V",4,2,1,0,0,2,1,0
"V",4,2,1,0,1,0,8,1
"V",4,2,1,0,1,1,5,0
"V",4,2,1,0,1,2,2,0
"V",4,2,1,0,2,0,1,1
"V",4,2,1,0,2,1,3,1
"V",4,2,1,0,2,2,1,1
"V",4,2,1,0,3,1,1,0
"V",4,2,1,0,3,2,2,1
"V",4,2,1,1,0,0,809,488
"V",4,2,1,1,0,1,4,3
"V",4,2,1,1,0,2,2,2
"V",4,2,1,1,1,0,3,2
"V",4,2,1,1,1,1,1,1
"V",4,2,1,1,1,2,2,2
"V",4,2,1,1,2,0,1,1
"V",4,2,1,1,2,1,1,1
"V",4,2,1,1,2,2,1,1
"V",4,2,1,1,3,1,1,1
"V",4,2,1,11,0,0,1,1
"V",4,2,1,12,0,0,2,2
"V",4,2,1,13,0,0,1,1
"V",4,2,1,2,0,0,484,338
"V",4,2,1,2,1,0,1,1
"V",4,2,1,2,2,0,1,1
"V",4,2,1,2,2,1,1,1
"V",4,2,1,2,3,1,1,1
"V",4,2,1,3,0,0,308,258
"V",4,2,1,3,0,1,2,1
"V",4,2,1,3,0,2,1,1
"V",4,2,1,3,1,0,1,1
"V",4,2,1,3,1,1,2,1
"V",4,2,1,3,1,2,1,0
"V",4,2,1,3,2,1,1,1
"V",4,2,1,3,2,2,1,0
"V",4,2,1,3,3,1,1,1
"V",4,2,1,3,3,2,1,0
"V",4,2,1,4,0,0,161,143
"V",4,2,1,5,0,0,92,87
"V",4,2,1,6,0,0,58,55
"V",4,2,1,7,0,0,24,22
"V",4,2,1,8,0,0,14,14
"V",4,2,1,9,0,0,6,6
"V",4,2,2,-1,0,0,370,104
"V",4,2,2,-1,0,1,1,0
"V",4,2,2,-1,1,0,1,1
"V",4,2,2,-1,1,1,1,1
"V",4,2,2,-1,1,2,1,1
"V",4,2,2,-10,0,0,1,0
"V",4,2,2,-11,0,0,3,0
"V",4,2,2,-2,0,0,255,48
"V",4,2,2,-3,0,0,140,11
"V",4,2,2,-3,0,1,1,0
"V",4,2,2,-3,0,2,1,0
"V",4,2,2,-3,1,2,1,0
"V",4,2,2,-4,0,0,105,5
"V",4,2,2,-5,0,0,55,2
"V",4,2,2,-6,0,0,27,1
"V",4,2,2,-7,0,0,15,0
"V",4,2,2,-8,0,0,6,0
"V",4,2,2,-9,0,0,5,0
"V",4,2,2,0,0,0,653,279
"V",4,2,2,0,0,1,2,1
"V",4,2,2,0,0,2,1,0
"V",4,2,2,0,1,0,3,2
"V",4,2,2,0,1,1,1,1
"V",4,2,2,0,1,2,1,0
"V",4,2,2,0,2,0,2,1
"V",4,2,2,0,2,1,1,1
"V",4,2,2,1,0,0,449,275
"V",4,2,2,1,0,1,1,0
"V",4,2,2,1,1,0,1,1
"V",4,2,2,1,2,0,1,1
"V",4,2,2,1,2,1,1,1
"V",4,2,2,10,0,0,2,2
"V",4,2,2,12,0,0,1,1
"V",4,2,2,13,0,0,1,1
"V",4,2,2,2,0,0,286,203
"V",4,2,2,2,1,0,3,3
"V",4,2,2,2,2,0,2,2
"V",4,2,2,2,3,0,1,1
"V",4,2,2,2,3,1,1,1
"V",4,2,2,3,0,0,202,170
"V",4,2,2,3,1,0,1,1
"V",4,2,2,3,1,1,1,1
"V",4,2,2,3,2,1,1,1
"V",4,2,2,3,3,1,1,1
"V",4,2,2,3,3,2,1,1
"V",4,2,2,4,0,0,125,112
"V",4,2,2,5,0,0,64,62
"V",4,2,2,5,0,1,1,1
"V",4,2,2,5,1,0,1,1
"V",4,2,2,5,2,0,1,1
"V",4,2,2,5,3,0,1,1
"V",4,2,2,6,0,0,37,36
"V",4,2,2,7,0,0,16,16
"V",4,2,2,8,0,0,13,13
"V",4,2,2,9,0,0,4,4
"V",4,2,3,-1,0,0,241,73
"V",4,2,3,-1,1,0,2,1
"V",4,2,3,-1,1,1,1,1
"V",4,2,3,-1,1,2,1,1
"V",4,2,3,-1,2,2,1,1
"V",4,2,3,-10,0,0,2,0
"V",4,2,3,-2,0,0,116,26
"V",4,2,3,-2,0,1,1,0
"V",4,2,3,-2,1,1,1,0
"V",4,2,3,-2,1,2,1,0
"V",4,2,3,-2,2,2,1,0
"V",4,2,3,-2,3,2,1,0
"V",4,2,3,-3,0,0,60,5
"V",4,2,3,-4,0,0,41,2
"V",4,2,3,-5,0,0,16,1
"V",4,2,3,-6,0,0,13,0
"V",4,2,3,-7,0,0,6,0
"V",4,2,3,-8,0,0,3,0
"V",4,2,3,-9,0,0,1,0
"V",4,2,3,0,0,0,446,206
"V",4,2,3,0,0,1,1,0
"V",4,2,3,1,0,0,331,203
"V",4,2,3,1,1,0,1,1
"V",4,2,3,1,2,0,1,1
"V",4,2,3,1,2,1,1,1
"V",4,2,3,11,0,0,2,2
"V",4,2,3,15,0,0,1,1
"V",4,2,3,2,0,0,213,153
"V",4,2,3,2,0,1,1,0
"V",4,2,3,2,0,2,1,0
"V",4,2,3,2,1,2,1,0
"V",4,2,3,3,0,0,131,113
"V",4,2,3,4,0,0,102,92
"V",4,2,3,5,0,0,51,49
"V",4,2,3,6,0,0,27,27
"V",4,2,3,7,0,0,8,8
"V",4,2,3,8,0,0,8,8
"V",4,2,3,9,0,0,5,5
"V",4,2,4,-1,0,0,119,40
"V",4,2,4,-1,0,1,1,0
"V",4,2,4,-10,0,0,2,0
"V",4,2,4,-11,0,0,2,0
"V",4,2,4,-2,0,0,71,22
"V",4,2,4,-3,0,0,47,4
"V",4,2,4,-4,0,0,44,5
"V",4,2,4,-5,0,0,18,3
"V",4,2,4,-6,0,0,11,0
"V",4,2,4,-7,0,0,6,0
"V",4,2,4,-9,0,0,1,0
"V",4,2,4,0,0,0,170,89
"V",4,2,4,0,0,1,1,1
"V",4,2,4,1,0,0,164,105
"V",4,2,4,1,0,1,1,1
"V",4,2,4,1,0,2,1,1
"V",4,2,4,1,1,2,1,1
"V",4,2,4,2,0,0,105,79
"V",4,2,4,2,1,0,1,1
"V",4,2,4,3,0,0,71,57
"V",4,2,4,3,0,1,1,1
"V",4,2,4,4,0,0,41,37
"V",4,2,4,5,0,0,21,19
"V",4,2,4,6,0,0,12,12
"V",4,2,4,7,0,0,4,4
"V",4,2,4,9,0,0,1,1
"V",4,2,5,-1,0,0,101,27
"V",4,2,5,-2,0,0,56,10
"V",4,2,5,-3,0,0,23,3
"V",4,2,5,-4,0,0,14,1
"V",4,2,5,-5,0,0,7,0
"V",4,2,5,-6,0,0,7,3
"V",4,2,5,-7,0,0,1,0
"V",4,2,5,-8,0,0,2,0
"V",4,2,5,-9,0,0,1,0
"V",4,2,5,0,0,0,183,86
"V",4,2,5,0,0,1,1,0
"V",4,2,5,0,0,2,1,0
"V",4,2,5,0,1,2,1,0
"V",4,2,5,0,2,2,1,0
"V",4,2,5,1,0,0,151,97
"V",4,2,5,1,0,1,2,1
"V",4,2,5,1,0,2,1,1
"V",4,2,5,1,1,1,1,0
"V",4,2,5,1,1,2,1,1
"V",4,2,5,10,0,0,1,1
"V",4,2,5,2,0,0,106,71
"V",4,2,5,2,1,0,1,1
"V",4,2,5,2,1,1,1,1
"V",4,2,5,2,2,1,1,1
"V",4,2,5,2,3,1,1,1
"V",4,2,5,3,0,0,69,54
"V",4,2,5,4,0,0,34,31
"V",4,2,5,5,0,0,21,19
"V",4,2,5,6,0,0,16,15
"V",4,2,5,7,0,0,10,9
"V",4,2,5,8,0,0,3,3
"V",4,2,5,9,0,0,1,1
"V",4,2,6,-1,0,0,73,35
"V",4,2,6,-2,0,0,41,6
"V",4,2,6,-3,0,0,21,2
"V",4,2,6,-4,0,0,22,1
"V",4,2,6,-5,0,0,6,0
"V",4,2,6,-6,0,0,5,1
"V",4,2,6,-8,0,0,1,0
"V",4,2,6,0,0,0,114,60
"V",4,2,6,1,0,0,83,58
"V",4,2,6,10,0,0,1,1
"V",4,2,6,2,0,0,47,37
"V",4,2,6,3,0,0,42,29
"V",4,2,6,4,0,0,21,20
"V",4,2,6,5,0,0,22,19
"V",4,2,6,6,0,0,9,9
"V",4,2,6,7,0,0,3,3
"V",4,2,6,8,0,0,1,1
"V",4,2,6,9,0,0,2,2
"V",4,2,7,-1,0,0,62,14
"V",4,2,7,-2,0,0,40,11
"V",4,2,7,-3,0,0,16,2
"V",4,2,7,-4,0,0,15,1
"V",4,2,7,-5,0,0,10,0
"V",4,2,7,-6,0,0,4,0
"V",4,2,7,0,0,0,89,47
"V",4,2,7,0,1,0,1,1
"V",4,2,7,1,0,0,82,61
"V",4,2,7,2,0,0,69,52
"V",4,2,7,2,1,0,1,1
"V",4,2,7,2,1,1,1,1
"V",4,2,7,2,1,2,1,1
"V",4,2,7,2,2,2,1,1
"V",4,2,7,2,3,2,1,1
"V",4,2,7,3,0,0,39,31
"V",4,2,7,4,0,0,27,22
"V",4,2,7,5,0,0,16,15
"V",4,2,7,6,0,0,7,6
"V",4,2,7,7,0,0,3,3
"V",4,2,7,8,0,0,2,2
"V",4,2,8,-1,0,0,43,14
"V",4,2,8,-10,0,0,2,0
"V",4,2,8,-2,0,0,21,5
"V",4,2,8,-3,0,0,16,1
"V",4,2,8,-4,0,0,10,1
"V",4,2,8,-5,0,0,4,0
"V",4,2,8,-6,0,0,1,0
"V",4,2,8,-7,0,0,2,0
"V",4,2,8,0,0,0,62,35
"V",4,2,8,1,0,0,70,48
"V",4,2,8,2,0,0,39,27
"V",4,2,8,3,0,0,28,26
"V",4,2,8,4,0,0,12,11
"V",4,2,8,5,0,0,6,6
"V",4,2,8,6,0,0,7,6
"V",4,2,8,7,0,0,2,2
"V",4,2,8,8,0,0,1,1
"V",5,0,1,-1,0,0,1369,391
"V",5,0,1,-1,0,1,2,0
"V",5,0,1,-1,0,2,1,0
"V",5,0,1,-1,1,0,2,1
"V",5,0,1,-1,1,1,2,1
"V",5,0,1,-1,1,2,1,0
"V",5,0,1,-1,2,1,2,1
"V",5,0,1,-1,2,2,1,1
"V",5,0,1,-10,0,0,9,0
"V",5,0,1,-11,0,0,5,0
"V",5,0,1,-12,0,0,2,0
"V",5,0,1,-13,0,0,1,0
"V",5,0,1,-2,0,0,962,176
"V",5,0,1,-2,0,1,7,2
"V",5,0,1,-2,0,2,4,0
"V",5,0,1,-2,1,0,2,1
"V",5,0,1,-2,1,1,3,1
"V",5,0,1,-2,1,2,4,0
"V",5,0,1,-2,2,2,3,0
"V",5,0,1,-3,0,0,599,65
"V",5,0,1,-3,0,1,1,0
"V",5,0,1,-3,1,0,2,0
"V",5,0,1,-3,1,1,1,0
"V",5,0,1,-3,2,1,1,0
"V",5,0,1,-4,0,0,355,18
"V",5,0,1,-4,0,1,1,0
"V",5,0,1,-4,0,2,1,0
"V",5,0,1,-4,1,0,1,0
"V",5,0,1,-4,2,0,1,0
"V",5,0,1,-4,3,0,1,0
"V",5,0,1,-5,0,0,211,10
"V",5,0,1,-5,0,1,1,0
"V",5,0,1,-6,0,0,131,2
"V",5,0,1,-7,0,0,73,0
"V",5,0,1,-8,0,0,43,0
"V",5,0,1,-9,0,0,19,0
"V",5,0,1,0,0,0,1921,873
"V",5,0,1,0,0,1,5,2
"V",5,0,1,0,0,2,4,2
"V",5,0,1,0,1,0,5,1
"V",5,0,1,0,1,2,1,1
"V",5,0,1,0,2,0,1,0
"V",5,0,1,0,3,0,1,0
"V",5,0,1,0,3,1,1,0
"V",5,0,1,0,3,2,1,0
"V",5,0,1,1,0,0,1364,915
"V",5,0,1,1,0,1,2,2
"V",5,0,1,1,1,0,2,2
"V",5,0,1,1,1,1,3,3
"V",5,0,1,1,1,2,1,1
"V",5,0,1,1,2,1,1,1
"V",5,0,1,1,2,2,1,1
"V",5,0,1,10,0,0,2,2
"V",5,0,1,11,0,0,4,4
"V",5,0,1,12,0,0,1,1
"V",5,0,1,13,0,0,1,1
"V",5,0,1,15,0,0,1,1
"V",5,0,1,2,0,0,839,635
"V",5,0,1,2,0,1,1,1
"V",5,0,1,2,1,0,2,2
"V",5,0,1,2,1,1,2,2
"V",5,0,1,2,1,2,2,2
"V",5,0,1,2,2,0,1,1
"V",5,0,1,2,2,1,1,1
"V",5,0,1,2,2,2,2,2
"V",5,0,1,2,3,1,1,1
"V",5,0,1,2,3,2,1,1
"V",5,0,1,3,0,0,553,486
"V",5,0,1,3,0,1,3,1
"V",5,0,1,3,0,2,1,0
"V",5,0,1,3,1,0,1,1
"V",5,0,1,3,1,1,2,1
"V",5,0,1,3,1,2,1,0
"V",5,0,1,3,2,0,1,1
"V",5,0,1,3,2,1,3,2
"V",5,0,1,3,2,2,1,1
"V",5,0,1,3,3,1,1,1
"V",5,0,1,4,0,0,302,278
"V",5,0,1,5,0,0,190,179
"V",5,0,1,5,1,0,2,2
"V",5,0,1,5,1,1,1,1
"V",5,0,1,5,1,2,1,1
"V",5,0,1,6,0,0,104,100
"V",5,0,1,7,0,0,44,43
"V",5,0,1,8,0,0,26,26
"V",5,0,1,9,0,0,12,12
"V",5,0,2,-1,0,0,366,129
"V",5,0,2,-1,0,1,3,1
"V",5,0,2,-1,1,0,1,0
"V",5,0,2,-1,1,1,2,0
"V",5,0,2,-1,2,1,1,0
"V",5,0,2,-10,0,0,3,0
"V",5,0,2,-2,0,0,266,75
"V",5,0,2,-2,0,1,2,0
"V",5,0,2,-2,1,0,1,1
"V",5,0,2,-2,1,1,1,1
"V",5,0,2,-2,1,2,1,1
"V",5,0,2,-2,2,2,1,1
"V",5,0,2,-3,0,0,136,21
"V",5,0,2,-4,0,0,84,4
"V",5,0,2,-4,0,1,1,0
"V",5,0,2,-4,0,2,1,0
"V",5,0,2,-5,0,0,70,2
"V",5,0,2,-6,0,0,36,0
"V",5,0,2,-7,0,0,21,0
"V",5,0,2,-8,0,0,8,0
"V",5,0,2,-9,0,0,9,0
"V",5,0,2,0,0,0,495,251
"V",5,0,2,1,0,0,386,258
"V",5,0,2,1,0,1,1,0
"V",5,0,2,10,0,0,1,1
"V",5,0,2,12,0,0,1,1
"V",5,0,2,2,0,0,225,175
"V",5,0,2,2,0,1,3,3
"V",5,0,2,2,1,0,1,1
"V",5,0,2,2,1,1,2,2
"V",5,0,2,2,2,1,2,2
"V",5,0,2,2,3,1,1,1
"V",5,0,2,2,3,2,1,1
"V",5,0,2,3,0,0,150,127
"V",5,0,2,4,0,0,83,75
"V",5,0,2,5,0,0,64,61
"V",5,0,2,6,0,0,35,35
"V",5,0,2,7,0,0,18,18
"V",5,0,2,8,0,0,7,7
"V",5,0,2,9,0,0,3,3
"V",5,0,3,-1,0,0,62,31
"V",5,0,3,-2,0,0,51,12
"V",5,0,3,-3,0,0,29,5
"V",5,0,3,-4,0,0,17,1
"V",5,0,3,-5,0,0,12,3
"V",5,0,3,-6,0,0,5,1
"V",5,0,3,-7,0,0,4,0
"V",5,0,3,-8,0,0,4,0
"V",5,0,3,-9,0,0,2,0
"V",5,0,3,0,0,0,117,57
"V",5,0,3,1,0,0,81,61
"V",5,0,3,2,0,0,50,43
"V",5,0,3,3,0,0,32,30
"V",5,0,3,4,0,0,21,19
"V",5,0,3,5,0,0,17,17
"V",5,0,3,6,0,0,10,9
"V",5,0,3,7,0,0,2,2
"V",5,0,3,8,0,0,2,2
"V",5,0,4,-1,0,0,57,29
"V",5,0,4,-1,0,1,1,1
"V",5,0,4,-2,0,0,72,34
"V",5,0,4,-2,0,1,1,1
"V",5,0,4,-2,0,2,1,1
"V",5,0,4,-3,0,0,32,9
"V",5,0,4,-4,0,0,21,1
"V",5,0,4,-5,0,0,15,2
"V",5,0,4,-6,0,0,11,0
"V",5,0,4,-7,0,0,5,0
"V",5,0,4,-8,0,0,4,0
"V",5,0,4,-9,0,0,2,0
"V",5,0,4,0,0,0,95,58
"V",5,0,4,1,0,0,69,56
"V",5,0,4,2,0,0,53,41
"V",5,0,4,2,0,1,1,1
"V",5,0,4,2,0,2,1,1
"V",5,0,4,3,0,0,36,31
"V",5,0,4,4,0,0,18,15
"V",5,0,4,5,0,0,21,18
"V",5,0,4,6,0,0,3,3
"V",5,0,4,7,0,0,5,5
"V",5,0,4,8,0,0,1,1
"V",5,0,4,9,0,0,1,1
"V",5,0,5,-1,0,0,18,6
"V",5,0,5,-2,0,0,8,2
"V",5,0,5,-2,0,1,1,0
"V",5,0,5,-2,0,2,1,0
"V",5,0,5,-2,1,2,1,0
"V",5,0,5,-3,0,0,8,3
"V",5,0,5,-4,0,0,6,0
"V",5,0,5,-5,0,0,6,1
"V",5,0,5,-6,0,0,2,0
"V",5,0,5,0,0,0,34,23
"V",5,0,5,1,0,0,27,19
"V",5,0,5,1,1,0,1,1
"V",5,0,5,1,2,0,1,1
"V",5,0,5,1,2,1,1,1
"V",5,0,5,15,0,0,1,1
"V",5,0,5,2,0,0,17,16
"V",5,0,5,3,0,0,17,16
"V",5,0,5,4,0,0,12,12
"V",5,0,5,5,0,0,6,6
"V",5,0,5,6,0,0,5,5
"V",5,0,5,7,0,0,2,2
"V",5,0,5,8,0,0,2,2
"V",5,0,6,-1,0,0,25,19
"V",5,0,6,-2,0,0,13,3
"V",5,0,6,-3,0,0,17,4
"V",5,0,6,-4,0,0,6,1
"V",5,0,6,-4,0,1,1,0
"V",5,0,6,-4,0,2,1,0
"V",5,0,6,-5,0,0,5,0
"V",5,0,6,-6,0,0,3,0
"V",5,0,6,-7,0,0,1,0
"V",5,0,6,0,0,0,35,24
"V",5,0,6,1,0,0,27,23
"V",5,0,6,2,0,0,20,17
"V",5,0,6,3,0,0,14,11
"V",5,0,6,4,0,0,12,11
"V",5,0,6,5,0,0,7,7
"V",5,0,6,6,0,0,2,2
"V",5,0,7,-1,0,0,16,10
"V",5,0,7,-2,0,0,17,7
"V",5,0,7,-3,0,0,4,1
"V",5,0,7,-4,0,0,5,0
"V",5,0,7,-5,0,0,1,0
"V",5,0,7,-6,0,0,5,0
"V",5,0,7,-7,0,0,2,0
"V",5,0,7,-8,0,0,1,0
"V",5,0,7,-9,0,0,1,0
"V",5,0,7,0,0,0,15,11
"V",5,0,7,1,0,0,18,14
"V",5,0,7,10,0,0,1,1
"V",5,0,7,2,0,0,11,10
"V",5,0,7,3,0,0,6,6
"V",5,0,7,4,0,0,4,4
"V",5,0,7,5,0,0,4,4
"V",5,0,7,7,0,0,2,2
"V",5,0,7,9,0,0,1,1
"V",5,0,8,-1,0,0,14,8
"V",5,0,8,-2,0,0,16,8
"V",5,0,8,-3,0,0,11,4
"V",5,0,8,-4,0,0,7,1
"V",5,0,8,-5,0,0,4,1
"V",5,0,8,-6,0,0,2,0
"V",5,0,8,-8,0,0,3,0
"V",5,0,8,0,0,0,21,17
"V",5,0,8,1,0,0,15,13
"V",5,0,8,2,0,0,16,14
"V",5,0,8,3,0,0,11,10
"V",5,0,8,4,0,0,6,4
"V",5,0,8,5,0,0,5,4
"V",5,0,8,7,0,0,1,1
"V",5,0,8,8,0,0,1,1
"V",5,0,8,9,0,0,2,2
"V",5,1,1,-1,0,0,961,241
"V",5,1,1,-1,0,1,2,0
"V",5,1,1,-1,1,0,2,0
"V",5,1,1,-1,2,0,1,0
"V",5,1,1,-1,3,0,1,0
"V",5,1,1,-1,3,1,1,0
"V",5,1,1,-1,3,2,1,0
"V",5,1,1,-10,0,0,6,0
"V",5,1,1,-11,0,0,5,0
"V",5,1,1,-12,0,0,2,0
"V",5,1,1,-13,0,0,1,0
"V",5,1,1,-2,0,0,664,91
"V",5,1,1,-2,0,1,5,2
"V",5,1,1,-2,0,2,2,0
"V",5,1,1,-2,1,1,2,1
"V",5,1,1,-2,1,2,2,1
"V",5,1,1,-2,2,1,1,0
"V",5,1,1,-2,2,2,1,0
"V",5,1,1,-2,3,1,1,0
"V",5,1,1,-2,3,2,1,0
"V",5,1,1,-3,0,0,433,36
"V",5,1,1,-3,0,1,2,0
"V",5,1,1,-3,0,2,2,0
"V",5,1,1,-3,1,2,1,0
"V",5,1,1,-4,0,0,262,14
"V",5,1,1,-4,0,1,1,0
"V",5,1,1,-4,0,2,1,0
"V",5,1,1,-5,0,0,131,4
"V",5,1,1,-5,1,0,1,0
"V",5,1,1,-5,2,0,1,0
"V",5,1,1,-5,2,1,1,0
"V",5,1,1,-6,0,0,91,1
"V",5,1,1,-7,0,0,48,0
"V",5,1,1,-8,0,0,31,0
"V",5,1,1,-9,0,0,9,0
"V",5,1,1,0,0,0,1357,583
"V",5,1,1,0,0,1,7,1
"V",5,1,1,0,0,2,2,0
"V",5,1,1,0,1,0,2,1
"V",5,1,1,0,1,1,1,0
"V",5,1,1,0,1,2,1,0
"V",5,1,1,0,2,0,1,0
"V",5,1,1,0,2,1,1,0
"V",5,1,1,0,2,2,1,0
"V",5,1,1,0,3,2,1,0
"V",5,1,1,1,0,0,947,631
"V",5,1,1,1,0,1,3,1
"V",5,1,1,1,0,2,1,1
"V",5,1,1,1,1,0,3,3
"V",5,1,1,1,1,1,4,2
"V",5,1,1,1,1,2,2,1
"V",5,1,1,1,2,0,1,1
"V",5,1,1,1,2,1,2,2
"V",5,1,1,1,2,2,2,2
"V",5,1,1,1,3,1,1,1
"V",5,1,1,10,0,0,1,1
"V",5,1,1,11,0,0,4,4
"V",5,1,1,13,0,0,1,1
"V",5,1,1,2,0,0,597,446
"V",5,1,1,2,0,1,2,2
"V",5,1,1,2,1,1,2,2
"V",5,1,1,2,2,1,1,1
"V",5,1,1,3,0,0,398,352
"V",5,1,1,3,0,1,1,0
"V",5,1,1,3,1,0,1,1
"V",5,1,1,3,1,1,1,1
"V",5,1,1,3,2,1,1,1
"V",5,1,1,4,0,0,235,218
"V",5,1,1,5,0,0,138,129
"V",5,1,1,5,1,0,2,2
"V",5,1,1,6,0,0,73,70
"V",5,1,1,6,1,0,1,1
"V",5,1,1,6,1,1,1,1
"V",5,1,1,6,1,2,1,1
"V",5,1,1,6,2,2,1,1
"V",5,1,1,7,0,0,32,31
"V",5,1,1,8,0,0,17,17
"V",5,1,1,9,0,0,10,10
"V",5,1,2,-1,0,0,377,121
"V",5,1,2,-10,0,0,3,0
"V",5,1,2,-11,0,0,1,0
"V",5,1,2,-2,0,0,313,55
"V",5,1,2,-2,0,1,1,0
"V",5,1,2,-2,0,2,1,0
"V",5,1,2,-3,0,0,179,23
"V",5,1,2,-4,0,0,116,6
"V",5,1,2,-5,0,0,79,5
"V",5,1,2,-5,0,1,1,0
"V",5,1,2,-6,0,0,46,0
"V",5,1,2,-7,0,0,25,0
"V",5,1,2,-8,0,0,12,0
"V",5,1,2,-9,0,0,5,0
"V",5,1,2,0,0,0,547,255
"V",5,1,2,0,1,0,2,2
"V",5,1,2,0,1,1,1,1
"V",5,1,2,0,1,2,1,1
"V",5,1,2,0,2,0,1,1
"V",5,1,2,0,2,2,1,1
"V",5,1,2,0,3,0,1,1
"V",5,1,2,0,3,1,1,1
"V",5,1,2,0,3,2,1,1
"V",5,1,2,1,0,0,425,290
"V",5,1,2,1,0,1,1,1
"V",5,1,2,1,0,2,1,1
"V",5,1,2,1,1,0,2,1
"V",5,1,2,10,0,0,2,2
"V",5,1,2,11,0,0,1,1
"V",5,1,2,12,0,0,1,1
"V",5,1,2,13,0,0,2,2
"V",5,1,2,14,0,0,1,1
"V",5,1,2,2,0,0,280,215
"V",5,1,2,2,0,1,1,1
"V",5,1,2,2,1,0,1,1
"V",5,1,2,2,2,0,1,1
"V",5,1,2,3,0,0,193,170
"V",5,1,2,3,0,1,1,0
"V",5,1,2,4,0,0,121,113
"V",5,1,2,5,0,0,72,70
"V",5,1,2,5,0,1,1,1
"V",5,1,2,6,0,0,42,41
"V",5,1,2,7,0,0,24,23
"V",5,1,2,8,0,0,12,12
"V",5,1,2,9,0,0,5,5
"V",5,1,3,-1,0,0,176,56
"V",5,1,3,-1,1,0,2,0
"V",5,1,3,-1,1,1,1,0
"V",5,1,3,-1,2,0,1,0
"V",5,1,3,-10,0,0,1,0
"V",5,1,3,-11,0,0,1,0
"V",5,1,3,-2,0,0,93,18
"V",5,1,3,-3,0,0,42,5
"V",5,1,3,-4,0,0,25,2
"V",5,1,3,-5,0,0,22,1
"V",5,1,3,-6,0,0,8,0
"V",5,1,3,-7,0,0,2,0
"V",5,1,3,-8,0,0,4,0
"V",5,1,3,-9,0,0,3,0
"V",5,1,3,0,0,0,271,128
"V",5,1,3,0,0,1,1,0
"V",5,1,3,0,0,2,1,0
"V",5,1,3,0,1,0,1,1
"V",5,1,3,0,2,0,1,1
"V",5,1,3,0,3,0,1,1
"V",5,1,3,0,3,1,1,1
"V",5,1,3,1,0,0,237,158
"V",5,1,3,10,0,0,3,3
"V",5,1,3,11,0,0,1,1
"V",5,1,3,2,0,0,153,122
"V",5,1,3,2,1,0,1,1
"V",5,1,3,2,2,0,1,1
"V",5,1,3,2,3,0,1,1
"V",5,1,3,3,0,0,116,103
"V",5,1,3,4,0,0,67,64
"V",5,1,3,5,0,0,47,46
"V",5,1,3,6,0,0,31,31
"V",5,1,3,7,0,0,24,24
"V",5,1,3,8,0,0,8,8
"V",5,1,3,9,0,0,9,9
"V",5,1,4,-1,0,0,99,36
"V",5,1,4,-10,0,0,1,0
"V",5,1,4,-11,0,0,1,0
"V",5,1,4,-2,0,0,102,26
"V",5,1,4,-2,0,1,1,1
"V",5,1,4,-2,1,1,1,1
"V",5,1,4,-2,2,1,1,1
"V",5,1,4,-2,2,2,1,1
"V",5,1,4,-2,3,2,1,1
"V",5,1,4,-3,0,0,53,8
"V",5,1,4,-4,0,0,28,1
"V",5,1,4,-5,0,0,22,3
"V",5,1,4,-6,0,0,20,0
"V",5,1,4,-7,0,0,12,0
"V",5,1,4,-8,0,0,3,0
"V",5,1,4,-9,0,0,3,0
"V",5,1,4,0,0,0,149,72
"V",5,1,4,0,0,1,2,0
"V",5,1,4,0,1,1,2,0
"V",5,1,4,0,1,2,1,0
"V",5,1,4,0,2,2,1,0
"V",5,1,4,1,0,0,132,96
"V",5,1,4,11,0,0,2,2
"V",5,1,4,2,0,0,93,79
"V",5,1,4,2,0,1,1,1
"V",5,1,4,2,0,2,1,1
"V",5,1,4,2,1,2,1,1
"V",5,1,4,2,2,2,1,1
"V",5,1,4,2,3,2,1,1
"V",5,1,4,3,0,0,68,61
"V",5,1,4,4,0,0,27,25
"V",5,1,4,5,0,0,26,25
"V",5,1,4,6,0,0,18,18
"V",5,1,4,7,0,0,10,10
"V",5,1,4,8,0,0,3,3
"V",5,1,4,9,0,0,1,1
"V",5,1,5,-1,0,0,55,22
"V",5,1,5,-2,0,0,25,7
"V",5,1,5,-3,0,0,19,4
"V",5,1,5,-4,0,0,15,0
"V",5,1,5,-5,0,0,12,1
"V",5,1,5,-6,0,0,6,1
"V",5,1,5,-7,0,0,1,0
"V",5,1,5,-8,0,0,3,0
"V",5,1,5,-9,0,0,1,0
"V",5,1,5,0,0,0,105,63
"V",5,1,5,1,0,0,94,59
"V",5,1,5,1,0,1,1,1
"V",5,1,5,10,0,0,1,1
"V",5,1,5,15,0,0,1,1
"V",5,1,5,2,0,0,66,61
"V",5,1,5,3,0,0,60,55
"V",5,1,5,4,0,0,43,38
"V",5,1,5,5,0,0,22,21
"V",5,1,5,6,0,0,15,14
"V",5,1,5,7,0,0,6,6
"V",5,1,5,8,0,0,3,3
"V",5,1,5,9,0,0,2,2
"V",5,1,6,-1,0,0,59,29
"V",5,1,6,-10,0,0,1,0
"V",5,1,6,-2,0,0,24,3
"V",5,1,6,-3,0,0,23,4
"V",5,1,6,-4,0,0,15,0
"V",5,1,6,-4,1,0,1,0
"V",5,1,6,-4,2,0,1,0
"V",5,1,6,-4,2,1,1,0
"V",5,1,6,-5,0,0,13,0
"V",5,1,6,-6,0,0,5,0
"V",5,1,6,-7,0,0,1,0
"V",5,1,6,-8,0,0,2,0
"V",5,1,6,-9,0,0,1,0
"V",5,1,6,0,0,0,74,50
"V",5,1,6,1,0,0,75,53
"V",5,1,6,10,0,0,2,2
"V",5,1,6,2,0,0,59,51
"V",5,1,6,3,0,0,32,27
"V",5,1,6,4,0,0,29,26
"V",5,1,6,5,0,0,14,13
"V",5,1,6,6,0,0,9,9
"V",5,1,6,7,0,0,4,4
"V",5,1,6,8,0,0,2,2
"V",5,1,6,9,0,0,3,3
"V",5,1,7,-1,0,0,53,33
"V",5,1,7,-1,0,1,1,1
"V",5,1,7,-1,0,2,1,1
"V",5,1,7,-1,1,0,1,0
"V",5,1,7,-1,2,0,1,0
"V",5,1,7,-1,3,0,1,0
"V",5,1,7,-10,0,0,1,0
"V",5,1,7,-2,0,0,47,18
"V",5,1,7,-3,0,0,14,3
"V",5,1,7,-4,0,0,17,1
"V",5,1,7,-5,0,0,7,0
"V",5,1,7,-6,0,0,8,0
"V",5,1,7,-7,0,0,4,0
"V",5,1,7,-8,0,0,3,0
"V",5,1,7,0,0,0,71,42
"V",5,1,7,1,0,0,85,69
"V",5,1,7,10,0,0,1,1
"V",5,1,7,11,0,0,2,2
"V",5,1,7,12,0,0,1,1
"V",5,1,7,2,0,0,52,45
"V",5,1,7,3,0,0,40,33
"V",5,1,7,4,0,0,22,21
"V",5,1,7,5,0,0,18,14
"V",5,1,7,6,0,0,3,3
"V",5,1,7,7,0,0,9,9
"V",5,1,7,8,0,0,2,2
"V",5,1,7,9,0,0,1,1
"V",5,1,8,-1,0,0,40,19
"V",5,1,8,-1,0,1,1,0
"V",5,1,8,-1,1,1,1,0
"V",5,1,8,-2,0,0,31,8
"V",5,1,8,-3,0,0,16,3
"V",5,1,8,-4,0,0,13,0
"V",5,1,8,-5,0,0,8,0
"V",5,1,8,-6,0,0,7,0
"V",5,1,8,-7,0,0,2,0
"V",5,1,8,-8,0,0,2,0
"V",5,1,8,0,0,0,56,36
"V",5,1,8,1,0,0,41,33
"V",5,1,8,2,0,0,34,29
"V",5,1,8,3,0,0,24,20
"V",5,1,8,4,0,0,14,14
"V",5,1,8,5,0,0,6,5
"V",5,1,8,6,0,0,4,4
"V",5,1,8,7,0,0,2,2
"V",5,1,8,8,0,0,1,1
"V",5,2,1,-1,0,0,780,174
"V",5,2,1,-1,0,1,1,0
"V",5,2,1,-1,0,2,1,0
"V",5,2,1,-1,1,0,4,0
"V",5,2,1,-1,2,0,3,0
"V",5,2,1,-1,2,1,3,0
"V",5,2,1,-1,2,2,1,0
"V",5,2,1,-1,3,1,1,0
"V",5,2,1,-1,3,2,2,0
"V",5,2,1,-10,0,0,4,0
"V",5,2,1,-11,0,0,3,0
"V",5,2,1,-12,0,0,2,0
"V",5,2,1,-13,0,0,1,0
"V",5,2,1,-2,0,0,500,66
"V",5,2,1,-2,0,1,4,2
"V",5,2,1,-2,0,2,1,0
"V",5,2,1,-2,1,0,1,0
"V",5,2,1,-2,1,1,2,2
"V",5,2,1,-2,2,1,2,2
"V",5,2,1,-2,2,2,2,2
"V",5,2,1,-3,0,0,336,23
"V",5,2,1,-3,0,1,1,0
"V",5,2,1,-3,0,2,1,0
"V",5,2,1,-3,1,0,1,0
"V",5,2,1,-3,1,1,1,0
"V",5,2,1,-3,1,2,1,0
"V",5,2,1,-3,2,1,1,0
"V",5,2,1,-3,2,2,1,0
"V",5,2,1,-3,3,2,1,0
"V",5,2,1,-4,0,0,198,10
"V",5,2,1,-4,1,0,1,0
"V",5,2,1,-4,1,1,1,0
"V",5,2,1,-5,0,0,95,1
"V",5,2,1,-6,0,0,59,1
"V",5,2,1,-7,0,0,36,0
"V",5,2,1,-8,0,0,25,0
"V",5,2,1,-9,0,0,9,0
"V",5,2,1,0,0,0,1056,435
"V",5,2,1,0,0,1,2,0
"V",5,2,1,0,0,2,2,0
"V",5,2,1,0,1,0,2,0
"V",5,2,1,0,1,2,1,0
"V",5,2,1,0,2,0,2,0
"V",5,2,1,0,2,1,2,0
"V",5,2,1,0,2,2,2,0
"V",5,2,1,0,3,1,1,0
"V",5,2,1,0,3,2,3,0
"V",5,2,1,1,0,0,750,488
"V",5,2,1,1,0,1,2,1
"V",5,2,1,1,1,0,2,2
"V",5,2,1,1,1,1,3,2
"V",5,2,1,1,1,2,2,1
"V",5,2,1,1,2,1,1,1
"V",5,2,1,1,2,2,2,1
"V",5,2,1,1,3,1,1,1
"V",5,2,1,1,3,2,1,1
"V",5,2,1,11,0,0,3,3
"V",5,2,1,16,0,0,1,1
"V",5,2,1,2,0,0,472,343
"V",5,2,1,2,0,1,1,1
"V",5,2,1,2,1,0,2,2
"V",5,2,1,2,1,1,2,2
"V",5,2,1,2,1,2,1,1
"V",5,2,1,2,2,0,1,1
"V",5,2,1,2,2,1,1,1
"V",5,2,1,2,2,2,1,1
"V",5,2,1,2,3,0,1,1
"V",5,2,1,2,3,1,1,1
"V",5,2,1,3,0,0,319,279
"V",5,2,1,3,0,1,1,1
"V",5,2,1,3,1,1,1,1
"V",5,2,1,3,1,2,1,1
"V",5,2,1,4,0,0,197,182
"V",5,2,1,4,1,0,1,1
"V",5,2,1,4,1,1,1,1
"V",5,2,1,4,2,1,1,1
"V",5,2,1,4,2,2,1,1
"V",5,2,1,5,0,0,125,114
"V",5,2,1,5,0,1,1,1
"V",5,2,1,5,1,1,1,1
"V",5,2,1,6,0,0,69,66
"V",5,2,1,6,1,0,1,1
"V",5,2,1,7,0,0,32,29
"V",5,2,1,8,0,0,18,18
"V",5,2,1,9,0,0,7,7
"V",5,2,2,-1,0,0,385,101
"V",5,2,2,-1,0,1,2,0
"V",5,2,2,-1,0,2,1,0
"V",5,2,2,-1,1,2,1,0
"V",5,2,2,-10,0,0,3,0
"V",5,2,2,-11,0,0,1,0
"V",5,2,2,-2,0,0,265,48
"V",5,2,2,-2,0,1,1,0
"V",5,2,2,-3,0,0,179,23
"V",5,2,2,-3,1,0,1,0
"V",5,2,2,-3,1,1,1,0
"V",5,2,2,-3,2,1,1,0
"V",5,2,2,-3,2,2,1,0
"V",5,2,2,-4,0,0,121,5
"V",5,2,2,-4,1,0,1,0
"V",5,2,2,-4,2,0,1,0
"V",5,2,2,-4,2,1,1,0
"V",5,2,2,-4,3,1,1,0
"V",5,2,2,-5,0,0,67,3
"V",5,2,2,-6,0,0,44,1
"V",5,2,2,-7,0,0,22,0
"V",5,2,2,-8,0,0,12,0
"V",5,2,2,-9,0,0,5,0
"V",5,2,2,0,0,0,512,208
"V",5,2,2,0,0,1,3,1
"V",5,2,2,0,1,0,1,0
"V",5,2,2,0,1,1,3,1
"V",5,2,2,0,1,2,1,0
"V",5,2,2,0,2,1,1,1
"V",5,2,2,0,2,2,1,0
"V",5,2,2,0,3,1,1,1
"V",5,2,2,1,0,0,415,253
"V",5,2,2,1,0,1,1,0
"V",5,2,2,1,1,1,1,0
"V",5,2,2,10,0,0,4,4
"V",5,2,2,11,0,0,1,1
"V",5,2,2,12,0,0,2,2
"V",5,2,2,13,0,0,3,3
"V",5,2,2,15,0,0,1,1
"V",5,2,2,16,0,0,1,1
"V",5,2,2,2,0,0,289,206
"V",5,2,2,2,0,1,1,1
"V",5,2,2,2,1,0,1,1
"V",5,2,2,2,2,0,1,1
"V",5,2,2,3,0,0,208,188
"V",5,2,2,3,1,0,1,0
"V",5,2,2,3,2,0,1,0
"V",5,2,2,3,3,0,1,0
"V",5,2,2,4,0,0,147,138
"V",5,2,2,5,0,0,82,77
"V",5,2,2,5,0,1,1,1
"V",5,2,2,5,1,1,1,1
"V",5,2,2,5,2,1,1,1
"V",5,2,2,6,0,0,63,61
"V",5,2,2,7,0,0,34,30
"V",5,2,2,8,0,0,15,15
"V",5,2,2,9,0,0,8,8
"V",5,2,3,-1,0,0,198,55
"V",5,2,3,-10,0,0,1,0
"V",5,2,3,-11,0,0,1,0
"V",5,2,3,-12,0,0,1,0
"V",5,2,3,-2,0,0,141,14
"V",5,2,3,-3,0,0,63,7
"V",5,2,3,-4,0,0,29,3
"V",5,2,3,-5,0,0,18,0
"V",5,2,3,-6,0,0,9,0
"V",5,2,3,-7,0,0,1,0
"V",5,2,3,-8,0,0,5,0
"V",5,2,3,-9,0,0,2,0
"V",5,2,3,0,0,0,297,125
"V",5,2,3,0,1,0,1,0
"V",5,2,3,0,2,0,1,0
"V",5,2,3,0,2,1,1,0
"V",5,2,3,0,2,2,1,0
"V",5,2,3,1,0,0,305,203
"V",5,2,3,1,0,1,1,1
"V",5,2,3,1,0,2,1,1
"V",5,2,3,1,1,0,2,2
"V",5,2,3,1,1,2,1,1
"V",5,2,3,1,2,0,2,2
"V",5,2,3,1,2,1,1,1
"V",5,2,3,1,2,2,1,1
"V",5,2,3,1,3,0,1,1
"V",5,2,3,1,3,1,1,1
"V",5,2,3,1,3,2,1,1
"V",5,2,3,10,0,0,2,2
"V",5,2,3,11,0,0,2,2
"V",5,2,3,12,0,0,1,1
"V",5,2,3,14,0,0,1,1
"V",5,2,3,15,0,0,1,1
"V",5,2,3,17,0,0,1,1
"V",5,2,3,2,0,0,176,137
"V",5,2,3,2,0,1,1,1
"V",5,2,3,3,0,0,154,136
"V",5,2,3,3,0,1,1,1
"V",5,2,3,3,1,0,1,0
"V",5,2,3,3,1,1,1,1
"V",5,2,3,3,1,2,1,1
"V",5,2,3,3,2,0,1,0
"V",5,2,3,3,3,0,1,0
"V",5,2,3,4,0,0,124,114
"V",5,2,3,5,0,0,93,90
"V",5,2,3,6,0,0,49,49
"V",5,2,3,7,0,0,35,32
"V",5,2,3,8,0,0,14,14
"V",5,2,3,9,0,0,4,4
"V",5,2,4,-1,0,0,139,42
"V",5,2,4,-10,0,0,1,0
"V",5,2,4,-2,0,0,93,15
"V",5,2,4,-3,0,0,63,12
"V",5,2,4,-4,0,0,55,5
"V",5,2,4,-4,0,1,1,0
"V",5,2,4,-4,0,2,1,0
"V",5,2,4,-4,1,2,1,0
"V",5,2,4,-4,2,2,1,0
"V",5,2,4,-4,3,2,1,0
"V",5,2,4,-5,0,0,23,2
"V",5,2,4,-6,0,0,16,0
"V",5,2,4,-7,0,0,11,0
"V",5,2,4,-8,0,0,5,0
"V",5,2,4,-9,0,0,1,0
"V",5,2,4,0,0,0,166,72
"V",5,2,4,0,0,1,1,1
"V",5,2,4,0,1,1,1,1
"V",5,2,4,0,2,1,1,1
"V",5,2,4,1,0,0,144,99
"V",5,2,4,1,0,1,1,1
"V",5,2,4,1,1,0,1,0
"V",5,2,4,10,0,0,1,1
"V",5,2,4,13,0,0,1,1
"V",5,2,4,14,0,0,1,1
"V",5,2,4,15,0,0,1,1
"V",5,2,4,2,0,0,93,72
"V",5,2,4,3,0,0,61,56
"V",5,2,4,3,1,0,1,0
"V",5,2,4,3,1,1,1,0
"V",5,2,4,3,2,1,1,0
"V",5,2,4,3,2,2,1,0
"V",5,2,4,4,0,0,44,39
"V",5,2,4,5,0,0,32,28
"V",5,2,4,6,0,0,23,21
"V",5,2,4,7,0,0,10,9
"V",5,2,4,8,0,0,4,4
"V",5,2,4,9,0,0,3,3
"V",5,2,5,-1,0,0,82,27
"V",5,2,5,-2,0,0,49,11
"V",5,2,5,-3,0,0,20,0
"V",5,2,5,-4,0,0,13,0
"V",5,2,5,-5,0,0,14,2
"V",5,2,5,-6,0,0,3,0
"V",5,2,5,-7,0,0,2,0
"V",5,2,5,-8,0,0,2,0
"V",5,2,5,-9,0,0,2,0
"V",5,2,5,0,0,0,149,83
"V",5,2,5,0,0,1,2,0
"V",5,2,5,0,0,2,1,0
"V",5,2,5,0,1,2,1,0
"V",5,2,5,1,0,0,116,72
"V",5,2,5,10,0,0,4,4
"V",5,2,5,2,0,0,108,87
"V",5,2,5,3,0,0,86,75
"V",5,2,5,4,0,0,49,45
"V",5,2,5,5,0,0,31,30
"V",5,2,5,6,0,0,20,18
"V",5,2,5,7,0,0,8,8
"V",5,2,5,8,0,0,4,4
"V",5,2,5,9,0,0,2,2
"V",5,2,6,-1,0,0,57,18
"V",5,2,6,-10,0,0,1,0
"V",5,2,6,-2,0,0,51,16
"V",5,2,6,-3,0,0,26,4
"V",5,2,6,-4,0,0,20,0
"V",5,2,6,-5,0,0,19,1
"V",5,2,6,-6,0,0,8,0
"V",5,2,6,-8,0,0,1,0
"V",5,2,6,0,0,0,96,51
"V",5,2,6,1,0,0,93,56
"V",5,2,6,10,0,0,2,2
"V",5,2,6,2,0,0,75,62
"V",5,2,6,2,1,0,1,1
"V",5,2,6,3,0,0,40,35
"V",5,2,6,4,0,0,37,34
"V",5,2,6,5,0,0,18,17
"V",5,2,6,6,0,0,15,15
"V",5,2,6,7,0,0,6,6
"V",5,2,6,9,0,0,2,2
"V",5,2,7,-1,0,0,50,23
"V",5,2,7,-1,0,1,1,1
"V",5,2,7,-10,0,0,1,0
"V",5,2,7,-2,0,0,49,18
"V",5,2,7,-3,0,0,20,2
"V",5,2,7,-4,0,0,16,0
"V",5,2,7,-5,0,0,8,0
"V",5,2,7,-6,0,0,6,0
"V",5,2,7,-7,0,0,1,0
"V",5,2,7,-8,0,0,3,0
"V",5,2,7,0,0,0,82,34
"V",5,2,7,0,1,0,1,0
"V",5,2,7,0,1,1,1,0
"V",5,2,7,0,2,1,1,0
"V",5,2,7,1,0,0,94,64
"V",5,2,7,10,0,0,1,1
"V",5,2,7,11,0,0,1,1
"V",5,2,7,2,0,0,62,50
"V",5,2,7,2,0,1,1,1
"V",5,2,7,2,1,0,1,1
"V",5,2,7,2,1,1,1,1
"V",5,2,7,2,1,2,1,1
"V",5,2,7,2,2,0,1,1
"V",5,2,7,2,3,0,1,1
"V",5,2,7,3,0,0,42,40
"V",5,2,7,4,0,0,21,18
"V",5,2,7,5,0,0,10,8
"V",5,2,7,6,0,0,11,11
"V",5,2,7,7,0,0,7,7
"V",5,2,7,8,0,0,4,4
"V",5,2,7,9,0,0,1,1
"V",5,2,8,-1,0,0,35,14
"V",5,2,8,-2,0,0,35,10
"V",5,2,8,-3,0,0,18,1
"V",5,2,8,-4,0,0,16,2
"V",5,2,8,-5,0,0,5,0
"V",5,2,8,-6,0,0,6,0
"V",5,2,8,-7,0,0,1,0
"V",5,2,8,-8,0,0,1,0
"V",5,2,8,0,0,0,57,32
"V",5,2,8,1,0,0,54,41
"V",5,2,8,10,0,0,2,2
"V",5,2,8,11,0,0,1,1
"V",5,2,8,2,0,0,38,27
"V",5,2,8,2,1,0,1,1
"V",5,2,8,2,1,1,1,1
"V",5,2,8,2,2,1,1,1
"V",5,2,8,2,3,1,1,1
"V",5,2,8,2,3,2,1,1
"V",5,2,8,3,0,0,19,14
"V",5,2,8,4,0,0,16,15
"V",5,2,8,5,0,0,9,8
"V",5,2,8,6,0,0,6,6
"V",5,2,8,7,0,0,5,5
"V",5,2,8,8,0,0,3,3
"V",6,0,1,-1,0,0,1259,324
"V",6,0,1,-1,0,1,3,1
"V",6,0,1,-1,0,2,1,0
"V",6,0,1,-1,1,0,1,0
"V",6,0,1,-1,1,1,2,1
"V",6,0,1,-1,1,2,1,0
"V",6,0,1,-1,2,0,1,0
"V",6,0,1,-1,2,1,1,0
"V",6,0,1,-1,2,2,1,0
"V",6,0,1,-1,3,1,1,0
"V",6,0,1,-10,0,0,17,0
"V",6,0,1,-11,0,0,6,0
"V",6,0,1,-12,0,0,3,0
"V",6,0,1,-13,0,0,2,0
"V",6,0,1,-14,0,0,1,0
"V",6,0,1,-2,0,0,950,143
"V",6,0,1,-2,0,1,3,1
"V",6,0,1,-2,1,0,5,2
"V",6,0,1,-2,1,1,2,0
"V",6,0,1,-2,1,2,1,0
"V",6,0,1,-2,2,0,3,1
"V",6,0,1,-2,2,1,1,0
"V",6,0,1,-2,3,0,3,1
"V",6,0,1,-2,3,1,2,0
"V",6,0,1,-3,0,0,641,73
"V",6,0,1,-3,0,1,1,0
"V",6,0,1,-3,1,0,2,0
"V",6,0,1,-3,1,1,1,0
"V",6,0,1,-3,2,0,1,0
"V",6,0,1,-3,2,1,1,0
"V",6,0,1,-3,3,0,1,0
"V",6,0,1,-3,3,1,1,0
"V",6,0,1,-3,3,2,1,0
"V",6,0,1,-4,0,0,441,21
"V",6,0,1,-4,0,1,2,0
"V",6,0,1,-4,0,2,1,0
"V",6,0,1,-5,0,0,277,13
"V",6,0,1,-5,0,1,1,0
"V",6,0,1,-6,0,0,194,3
"V",6,0,1,-6,0,1,1,0
"V",6,0,1,-7,0,0,95,0
"V",6,0,1,-8,0,0,60,0
"V",6,0,1,-9,0,0,33,0
"V",6,0,1,0,0,0,1541,716
"V",6,0,1,0,0,1,5,1
"V",6,0,1,0,0,2,1,0
"V",6,0,1,0,1,0,4,2
"V",6,0,1,0,1,1,4,1
"V",6,0,1,0,1,2,3,0
"V",6,0,1,0,2,0,1,1
"V",6,0,1,0,2,1,2,2
"V",6,0,1,1,0,0,1297,885
"V",6,0,1,1,0,1,1,1
"V",6,0,1,1,1,0,6,5
"V",6,0,1,1,1,1,4,3
"V",6,0,1,1,1,2,1,1
"V",6,0,1,1,2,0,2,2
"V",6,0,1,1,2,1,4,3
"V",6,0,1,1,2,2,2,1
"V",6,0,1,1,3,1,1,1
"V",6,0,1,1,3,2,2,1
"V",6,0,1,10,0,0,10,10
"V",6,0,1,11,0,0,5,5
"V",6,0,1,12,0,0,1,1
"V",6,0,1,13,0,0,3,3
"V",6,0,1,14,0,0,2,2
"V",6,0,1,15,0,0,1,1
"V",6,0,1,2,0,0,815,644
"V",6,0,1,2,0,1,2,2
"V",6,0,1,2,0,2,1,1
"V",6,0,1,2,1,0,1,1
"V",6,0,1,2,1,1,1,1
"V",6,0,1,2,1,2,2,2
"V",6,0,1,2,2,2,2,2
"V",6,0,1,3,0,0,591,532
"V",6,0,1,3,0,1,2,1
"V",6,0,1,3,1,0,1,0
"V",6,0,1,3,1,1,2,1
"V",6,0,1,3,2,0,1,0
"V",6,0,1,3,2,1,1,1
"V",6,0,1,3,2,2,1,1
"V",6,0,1,3,3,0,1,0
"V",6,0,1,3,3,1,1,0
"V",6,0,1,4,0,0,365,340
"V",6,0,1,4,0,1,1,1
"V",6,0,1,4,1,0,1,1
"V",6,0,1,4,1,1,1,1
"V",6,0,1,4,1,2,1,1
"V",6,0,1,4,2,0,1,1
"V",6,0,1,4,2,2,1,1
"V",6,0,1,4,3,0,1,1
"V",6,0,1,4,3,1,1,1
"V",6,0,1,4,3,2,1,1
"V",6,0,1,5,0,0,250,240
"V",6,0,1,5,0,1,1,1
"V",6,0,1,6,0,0,139,134
"V",6,0,1,6,1,0,1,1
"V",6,0,1,6,1,1,1,1
"V",6,0,1,6,1,2,1,1
"V",6,0,1,7,0,0,76,76
"V",6,0,1,8,0,0,36,36
"V",6,0,1,9,0,0,15,15
"V",6,0,2,-1,0,0,338,117
"V",6,0,2,-1,0,1,1,0
"V",6,0,2,-1,1,1,1,0
"V",6,0,2,-10,0,0,3,0
"V",6,0,2,-11,0,0,2,0
"V",6,0,2,-14,0,0,1,0
"V",6,0,2,-2,0,0,263,55
"V",6,0,2,-2,0,1,4,1
"V",6,0,2,-2,0,2,1,1
"V",6,0,2,-2,1,0,1,0
"V",6,0,2,-2,1,1,2,0
"V",6,0,2,-2,1,2,2,1
"V",6,0,2,-2,2,0,1,0
"V",6,0,2,-2,2,1,1,0
"V",6,0,2,-2,2,2,2,1
"V",6,0,2,-3,0,0,170,32
"V",6,0,2,-3,1,0,1,0
"V",6,0,2,-3,1,1,1,0
"V",6,0,2,-4,0,0,132,9
"V",6,0,2,-5,0,0,73,4
"V",6,0,2,-6,0,0,54,2
"V",6,0,2,-7,0,0,24,0
"V",6,0,2,-8,0,0,18,0
"V",6,0,2,-9,0,0,7,0
"V",6,0,2,0,0,0,434,231
"V",6,0,2,0,0,1,1,0
"V",6,0,2,0,1,0,2,0
"V",6,0,2,0,1,1,1,0
"V",6,0,2,0,2,0,1,0
"V",6,0,2,1,0,0,382,276
"V",6,0,2,1,0,1,2,2
"V",6,0,2,1,0,2,1,1
"V",6,0,2,10,0,0,5,5
"V",6,0,2,11,0,0,4,4
"V",6,0,2,13,0,0,1,1
"V",6,0,2,14,0,0,2,2
"V",6,0,2,2,0,0,253,196
"V",6,0,2,2,0,1,1,1
"V",6,0,2,2,0,2,1,1
"V",6,0,2,2,1,0,1,1
"V",6,0,2,3,0,0,170,154
"V",6,0,2,4,0,0,111,106
"V",6,0,2,5,0,0,84,78
"V",6,0,2,6,0,0,35,33
"V",6,0,2,7,0,0,26,26
"V",6,0,2,8,0,0,16,16
"V",6,0,2,9,0,0,7,7
"V",6,0,3,-1,0,0,72,28
"V",6,0,3,-10,0,0,1,0
"V",6,0,3,-2,0,0,50,10
"V",6,0,3,-3,0,0,41,9
"V",6,0,3,-4,0,0,24,1
"V",6,0,3,-5,0,0,16,2
"V",6,0,3,-6,0,0,16,1
"V",6,0,3,-7,0,0,5,0
"V",6,0,3,-8,0,0,4,0
"V",6,0,3,-9,0,0,2,0
"V",6,0,3,0,0,0,76,40
"V",6,0,3,1,0,0,86,66
"V",6,0,3,10,0,0,2,2
"V",6,0,3,11,0,0,1,1
"V",6,0,3,12,0,0,1,1
"V",6,0,3,13,0,0,2,2
"V",6,0,3,2,0,0,54,40
"V",6,0,3,3,0,0,32,27
"V",6,0,3,4,0,0,32,30
"V",6,0,3,5,0,0,21,20
"V",6,0,3,6,0,0,12,10
"V",6,0,3,7,0,0,3,3
"V",6,0,4,-1,0,0,73,35
"V",6,0,4,-10,0,0,1,0
"V",6,0,4,-14,0,0,1,0
"V",6,0,4,-2,0,0,54,19
"V",6,0,4,-2,1,0,1,1
"V",6,0,4,-3,0,0,41,13
"V",6,0,4,-4,0,0,32,2
"V",6,0,4,-5,0,0,19,1
"V",6,0,4,-6,0,0,11,0
"V",6,0,4,-7,0,0,4,0
"V",6,0,4,-8,0,0,3,0
"V",6,0,4,-9,0,0,4,0
"V",6,0,4,0,0,0,62,36
"V",6,0,4,1,0,0,65,51
"V",6,0,4,11,0,0,1,1
"V",6,0,4,2,0,0,48,41
"V",6,0,4,3,0,0,27,25
"V",6,0,4,4,0,0,21,21
"V",6,0,4,5,0,0,15,15
"V",6,0,4,6,0,0,10,9
"V",6,0,4,7,0,0,4,4
"V",6,0,4,8,0,0,3,3
"V",6,0,4,9,0,0,3,3
"V",6,0,5,-1,0,0,35,18
"V",6,0,5,-2,0,0,16,3
"V",6,0,5,-3,0,0,15,5
"V",6,0,5,-4,0,0,12,0
"V",6,0,5,-5,0,0,4,1
"V",6,0,5,-6,0,0,3,0
"V",6,0,5,-8,0,0,1,0
"V",6,0,5,-9,0,0,1,0
"V",6,0,5,0,0,0,23,14
"V",6,0,5,1,0,0,30,19
"V",6,0,5,2,0,0,17,13
"V",6,0,5,3,0,0,16,14
"V",6,0,5,4,0,0,13,13
"V",6,0,5,5,0,0,6,6
"V",6,0,5,6,0,0,8,8
"V",6,0,5,7,0,0,1,1
"V",6,0,5,8,0,0,3,2
"V",6,0,6,-1,0,0,22,10
"V",6,0,6,-10,0,0,1,0
"V",6,0,6,-2,0,0,18,6
"V",6,0,6,-3,0,0,13,5
"V",6,0,6,-4,0,0,8,1
"V",6,0,6,-5,0,0,5,2
"V",6,0,6,-6,0,0,7,0
"V",6,0,6,-7,0,0,4,0
"V",6,0,6,-8,0,0,1,0
"V",6,0,6,0,0,0,29,19
"V",6,0,6,1,0,0,22,18
"V",6,0,6,10,0,0,3,3
"V",6,0,6,12,0,0,1,1
"V",6,0,6,2,0,0,15,13
"V",6,0,6,2,1,0,1,1
"V",6,0,6,2,1,1,1,1
"V",6,0,6,2,2,1,1,1
"V",6,0,6,3,0,0,13,13
"V",6,0,6,4,0,0,8,6
"V",6,0,6,5,0,0,8,8
"V",6,0,6,6,0,0,6,5
"V",6,0,6,8,0,0,2,2
"V",6,0,6,9,0,0,1,1
"V",6,0,7,-1,0,0,16,8
"V",6,0,7,-2,0,0,7,2
"V",6,0,7,-3,0,0,5,0
"V",6,0,7,-4,0,0,8,0
"V",6,0,7,-6,0,0,1,0
"V",6,0,7,-7,0,0,2,0
"V",6,0,7,-8,0,0,1,0
"V",6,0,7,-9,0,0,1,0
"V",6,0,7,0,0,0,22,15
"V",6,0,7,1,0,0,14,12
"V",6,0,7,10,0,0,2,2
"V",6,0,7,2,0,0,6,6
"V",6,0,7,3,0,0,8,7
"V",6,0,7,4,0,0,5,4
"V",6,0,7,5,0,0,5,5
"V",6,0,7,6,0,0,7,7
"V",6,0,7,7,0,0,3,3
"V",6,0,7,9,0,0,1,1
"V",6,0,8,-1,0,0,17,9
"V",6,0,8,-1,0,1,1,1
"V",6,0,8,-1,1,1,1,1
"V",6,0,8,-1,1,2,1,1
"V",6,0,8,-2,0,0,16,10
"V",6,0,8,-2,0,1,1,1
"V",6,0,8,-2,0,2,1,1
"V",6,0,8,-3,0,0,7,3
"V",6,0,8,-4,0,0,5,0
"V",6,0,8,-5,0,0,1,0
"V",6,0,8,-6,0,0,3,0
"V",6,0,8,-7,0,0,1,0
"V",6,0,8,-8,0,0,2,0
"V",6,0,8,0,0,0,30,21
"V",6,0,8,1,0,0,25,22
"V",6,0,8,2,0,0,14,12
"V",6,0,8,3,0,0,8,8
"V",6,0,8,4,0,0,6,6
"V",6,0,8,5,0,0,3,3
"V",6,0,8,6,0,0,5,5
"V",6,0,8,7,0,0,1,1
"V",6,0,8,9,0,0,1,1
"V",6,1,1,-1,0,0,873,179
"V",6,1,1,-1,0,1,2,0
"V",6,1,1,-1,0,2,1,0
"V",6,1,1,-1,1,0,1,1
"V",6,1,1,-1,1,1,2,1
"V",6,1,1,-1,1,2,2,1
"V",6,1,1,-10,0,0,13,0
"V",6,1,1,-11,0,0,4,0
"V",6,1,1,-12,0,0,3,0
"V",6,1,1,-13,0,0,2,0
"V",6,1,1,-2,0,0,659,82
"V",6,1,1,-2,0,1,2,1
"V",6,1,1,-2,1,0,3,1
"V",6,1,1,-2,1,1,4,2
"V",6,1,1,-2,1,2,2,1
"V",6,1,1,-2,2,2,2,1
"V",6,1,1,-3,0,0,443,31
"V",6,1,1,-3,0,1,2,0
"V",6,1,1,-3,0,2,1,0
"V",6,1,1,-3,1,0,2,0
"V",6,1,1,-3,1,1,1,0
"V",6,1,1,-3,2,0,2,0
"V",6,1,1,-3,2,1,2,0
"V",6,1,1,-3,2,2,2,0
"V",6,1,1,-4,0,0,284,11
"V",6,1,1,-4,1,0,2,0
"V",6,1,1,-4,2,0,2,0
"V",6,1,1,-4,2,1,1,0
"V",6,1,1,-4,3,0,1,0
"V",6,1,1,-5,0,0,190,6
"V",6,1,1,-6,0,0,128,0
"V",6,1,1,-6,1,0,1,0
"V",6,1,1,-6,1,1,1,0
"V",6,1,1,-6,1,2,1,0
"V",6,1,1,-6,2,2,1,0
"V",6,1,1,-7,0,0,67,0
"V",6,1,1,-8,0,0,37,0
"V",6,1,1,-9,0,0,23,0
"V",6,1,1,0,0,0,1076,472
"V",6,1,1,0,0,1,4,2
"V",6,1,1,0,0,2,1,0
"V",6,1,1,0,1,0,2,1
"V",6,1,1,0,1,1,3,2
"V",6,1,1,0,1,2,1,0
"V",6,1,1,0,2,0,2,1
"V",6,1,1,0,2,1,3,3
"V",6,1,1,0,2,2,1,1
"V",6,1,1,0,3,0,1,0
"V",6,1,1,0,3,1,1,1
"V",6,1,1,0,3,2,2,2
"V",6,1,1,1,0,0,890,588
"V",6,1,1,1,0,1,5,4
"V",6,1,1,1,0,2,2,2
"V",6,1,1,1,1,1,1,1
"V",6,1,1,1,1,2,1,1
"V",6,1,1,1,2,1,1,1
"V",6,1,1,1,2,2,1,1
"V",6,1,1,1,3,2,1,1
"V",6,1,1,10,0,0,4,4
"V",6,1,1,12,0,0,2,2
"V",6,1,1,13,0,0,1,1
"V",6,1,1,14,0,0,1,1
"V",6,1,1,15,0,0,1,1
"V",6,1,1,2,0,0,560,448
"V",6,1,1,2,0,1,1,1
"V",6,1,1,2,1,0,1,1
"V",6,1,1,2,1,1,1,1
"V",6,1,1,2,2,0,1,1
"V",6,1,1,2,2,1,1,1
"V",6,1,1,2,2,2,1,1
"V",6,1,1,2,3,2,1,1
"V",6,1,1,3,0,0,416,374
"V",6,1,1,3,0,1,2,1
"V",6,1,1,3,1,0,1,0
"V",6,1,1,3,1,1,2,1
"V",6,1,1,3,1,2,1,0
"V",6,1,1,3,2,1,1,1
"V",6,1,1,3,2,2,1,1
"V",6,1,1,4,0,0,246,225
"V",6,1,1,5,0,0,164,159
"V",6,1,1,6,0,0,101,98
"V",6,1,1,6,0,1,1,1
"V",6,1,1,6,1,1,1,1
"V",6,1,1,6,2,1,1,1
"V",6,1,1,6,2,2,1,1
"V",6,1,1,6,3,2,1,1
"V",6,1,1,7,0,0,57,57
"V",6,1,1,8,0,0,26,26
"V",6,1,1,9,0,0,11,11
"V",6,1,2,-1,0,0,361,89
"V",6,1,2,-1,0,1,1,0
"V",6,1,2,-1,1,0,1,0
"V",6,1,2,-1,1,1,1,0
"V",6,1,2,-1,1,2,1,0
"V",6,1,2,-1,2,2,1,0
"V",6,1,2,-10,0,0,2,0
"V",6,1,2,-11,0,0,2,0
"V",6,1,2,-12,0,0,1,0
"V",6,1,2,-2,0,0,292,51
"V",6,1,2,-2,0,1,2,0
"V",6,1,2,-2,0,2,1,0
"V",6,1,2,-2,1,0,1,0
"V",6,1,2,-2,1,1,2,0
"V",6,1,2,-2,1,2,1,0
"V",6,1,2,-2,2,2,1,0
"V",6,1,2,-3,0,0,228,33
"V",6,1,2,-3,0,1,1,0
"V",6,1,2,-3,0,2,1,0
"V",6,1,2,-4,0,0,140,7
"V",6,1,2,-4,0,1,1,0
"V",6,1,2,-5,0,0,97,3
"V",6,1,2,-6,0,0,73,2
"V",6,1,2,-7,0,0,25,0
"V",6,1,2,-8,0,0,17,0
"V",6,1,2,-9,0,0,9,0
"V",6,1,2,0,0,0,421,217
"V",6,1,2,0,0,1,1,0
"V",6,1,2,0,1,0,1,0
"V",6,1,2,0,1,1,1,0
"V",6,1,2,0,1,2,1,0
"V",6,1,2,1,0,0,416,280
"V",6,1,2,1,0,1,1,1
"V",6,1,2,1,1,1,1,1
"V",6,1,2,1,2,1,1,1
"V",6,1,2,1,3,1,1,1
"V",6,1,2,10,0,0,2,2
"V",6,1,2,11,0,0,3,3
"V",6,1,2,12,0,0,1,1
"V",6,1,2,13,0,0,1,1
"V",6,1,2,14,0,0,3,3
"V",6,1,2,15,0,0,2,2
"V",6,1,2,2,0,0,300,238
"V",6,1,2,2,1,0,2,2
"V",6,1,2,2,1,1,1,1
"V",6,1,2,2,1,2,1,1
"V",6,1,2,2,2,0,1,1
"V",6,1,2,2,2,1,1,1
"V",6,1,2,2,2,2,1,1
"V",6,1,2,2,3,1,1,1
"V",6,1,2,2,3,2,1,1
"V",6,1,2,3,0,0,181,159
"V",6,1,2,4,0,0,123,110
"V",6,1,2,4,1,0,1,1
"V",6,1,2,4,1,1,1,1
"V",6,1,2,4,2,1,1,1
"V",6,1,2,5,0,0,103,100
"V",6,1,2,5,0,1,1,1
"V",6,1,2,5,0,2,1,1
"V",6,1,2,5,1,2,1,1
"V",6,1,2,5,2,2,1,1
"V",6,1,2,5,3,2,1,1
"V",6,1,2,6,0,0,43,43
"V",6,1,2,7,0,0,39,38
"V",6,1,2,8,0,0,23,23
"V",6,1,2,9,0,0,5,5
"V",6,1,3,-1,0,0,184,61
"V",6,1,3,-10,0,0,1,0
"V",6,1,3,-2,0,0,121,25
"V",6,1,3,-2,0,1,1,0
"V",6,1,3,-2,1,1,1,0
"V",6,1,3,-2,1,2,1,0
"V",6,1,3,-3,0,0,71,11
"V",6,1,3,-4,0,0,39,3
"V",6,1,3,-5,0,0,18,0
"V",6,1,3,-6,0,0,25,1
"V",6,1,3,-7,0,0,6,0
"V",6,1,3,-8,0,0,6,0
"V",6,1,3,-9,0,0,3,0
"V",6,1,3,0,0,0,284,134
"V",6,1,3,0,1,0,1,0
"V",6,1,3,1,0,0,242,173
"V",6,1,3,1,0,1,1,0
"V",6,1,3,1,0,2,1,0
"V",6,1,3,1,1,0,1,0
"V",6,1,3,1,1,1,1,0
"V",6,1,3,1,1,2,1,0
"V",6,1,3,10,0,0,7,7
"V",6,1,3,11,0,0,2,2
"V",6,1,3,13,0,0,1,1
"V",6,1,3,14,0,0,2,2
"V",6,1,3,2,0,0,184,146
"V",6,1,3,2,0,1,1,1
"V",6,1,3,2,1,0,1,1
"V",6,1,3,2,1,1,1,1
"V",6,1,3,2,2,0,1,1
"V",6,1,3,3,0,0,126,115
"V",6,1,3,4,0,0,72,69
"V",6,1,3,5,0,0,56,53
"V",6,1,3,6,0,0,27,27
"V",6,1,3,7,0,0,13,13
"V",6,1,3,8,0,0,16,16
"V",6,1,3,9,0,0,7,7
"V",6,1,4,-1,0,0,105,34
"V",6,1,4,-10,0,0,2,0
"V",6,1,4,-14,0,0,1,0
"V",6,1,4,-2,0,0,89,17
"V",6,1,4,-3,0,0,68,14
"V",6,1,4,-4,0,0,56,5
"V",6,1,4,-5,0,0,39,2
"V",6,1,4,-6,0,0,31,1
"V",6,1,4,-7,0,0,13,0
"V",6,1,4,-8,0,0,8,0
"V",6,1,4,-9,0,0,5,0
"V",6,1,4,0,0,0,117,59
"V",6,1,4,1,0,0,106,69
"V",6,1,4,1,0,1,1,1
"V",6,1,4,1,1,1,1,1
"V",6,1,4,1,1,2,1,1
"V",6,1,4,10,0,0,1,1
"V",6,1,4,11,0,0,1,1
"V",6,1,4,13,0,0,1,1
"V",6,1,4,14,0,0,1,1
"V",6,1,4,15,0,0,1,1
"V",6,1,4,16,0,0,1,1
"V",6,1,4,2,0,0,88,74
"V",6,1,4,2,1,0,1,1
"V",6,1,4,3,0,0,57,53
"V",6,1,4,4,0,0,34,33
"V",6,1,4,5,0,0,35,35
"V",6,1,4,5,1,0,1,1
"V",6,1,4,5,1,1,1,1
"V",6,1,4,5,1,2,1,1
"V",6,1,4,5,2,2,1,1
"V",6,1,4,6,0,0,24,24
"V",6,1,4,7,0,0,8,8
"V",6,1,4,8,0,0,4,4
"V",6,1,4,9,0,0,4,4
"V",6,1,5,-1,0,0,63,21
"V",6,1,5,-2,0,0,37,5
"V",6,1,5,-3,0,0,29,4
"V",6,1,5,-3,1,0,1,0
"V",6,1,5,-4,0,0,20,1
"V",6,1,5,-5,0,0,11,3
"V",6,1,5,-6,0,0,4,1
"V",6,1,5,-7,0,0,3,0
"V",6,1,5,-8,0,0,3,0
"V",6,1,5,-9,0,0,1,0
"V",6,1,5,0,0,0,85,52
"V",6,1,5,1,0,0,87,60
"V",6,1,5,10,0,0,1,1
"V",6,1,5,11,0,0,5,5
"V",6,1,5,13,0,0,2,2
"V",6,1,5,2,0,0,85,65
"V",6,1,5,3,0,0,51,43
"V",6,1,5,4,0,0,43,41
"V",6,1,5,4,0,1,1,1
"V",6,1,5,5,0,0,23,22
"V",6,1,5,6,0,0,19,18
"V",6,1,5,7,0,0,1,1
"V",6,1,5,8,0,0,4,3
"V",6,1,5,9,0,0,2,2
"V",6,1,6,-1,0,0,63,22
"V",6,1,6,-2,0,0,41,10
"V",6,1,6,-3,0,0,34,4
"V",6,1,6,-4,0,0,19,2
"V",6,1,6,-5,0,0,14,1
"V",6,1,6,-6,0,0,13,1
"V",6,1,6,-7,0,0,4,0
"V",6,1,6,-8,0,0,2,0
"V",6,1,6,-9,0,0,2,0
"V",6,1,6,0,0,0,58,28
"V",6,1,6,1,0,0,75,55
"V",6,1,6,10,0,0,2,2
"V",6,1,6,14,0,0,2,2
"V",6,1,6,2,0,0,44,36
"V",6,1,6,3,0,0,44,40
"V",6,1,6,4,0,0,27,26
"V",6,1,6,5,0,0,9,9
"V",6,1,6,6,0,0,11,11
"V",6,1,6,7,0,0,4,4
"V",6,1,6,8,0,0,7,7
"V",6,1,6,9,0,0,1,1
"V",6,1,7,-1,0,0,57,24
"V",6,1,7,-10,0,0,1,0
"V",6,1,7,-2,0,0,34,8
"V",6,1,7,-3,0,0,27,7
"V",6,1,7,-4,0,0,19,0
"V",6,1,7,-5,0,0,9,0
"V",6,1,7,-6,0,0,8,0
"V",6,1,7,-7,0,0,1,0
"V",6,1,7,-8,0,0,1,0
"V",6,1,7,-9,0,0,1,0
"V",6,1,7,0,0,0,69,50
"V",6,1,7,1,0,0,52,42
"V",6,1,7,10,0,0,2,2
"V",6,1,7,11,0,0,1,1
"V",6,1,7,12,0,0,1,1
"V",6,1,7,14,0,0,1,1
"V",6,1,7,2,0,0,51,44
"V",6,1,7,3,0,0,37,32
"V",6,1,7,4,0,0,22,20
"V",6,1,7,5,0,0,10,10
"V",6,1,7,6,0,0,19,18
"V",6,1,7,7,0,0,3,3
"V",6,1,7,8,0,0,3,3
"V",6,1,7,9,0,0,1,1
"V",6,1,8,-1,0,0,23,10
"V",6,1,8,-10,0,0,1,0
"V",6,1,8,-2,0,0,18,5
"V",6,1,8,-3,0,0,16,4
"V",6,1,8,-4,0,0,14,2
"V",6,1,8,-5,0,0,8,0
"V",6,1,8,-6,0,0,8,0
"V",6,1,8,-7,0,0,1,0
"V",6,1,8,-8,0,0,1,0
"V",6,1,8,0,0,0,37,26
"V",6,1,8,1,0,0,48,35
"V",6,1,8,10,0,0,1,1
"V",6,1,8,14,0,0,1,1
"V",6,1,8,2,0,0,30,26
"V",6,1,8,3,0,0,24,22
"V",6,1,8,4,0,0,20,20
"V",6,1,8,5,0,0,11,11
"V",6,1,8,5,0,1,1,1
"V",6,1,8,6,0,0,5,5
"V",6,1,8,7,0,0,2,2
"V",6,1,8,8,0,0,2,2
"V",6,1,8,9,0,0,2,2
"V",6,2,1,-1,0,0,687,131
"V",6,2,1,-1,0,1,2,1
"V",6,2,1,-1,0,2,1,0
"V",6,2,1,-1,1,1,1,1
"V",6,2,1,-1,1,2,1,1
"V",6,2,1,-10,0,0,12,0
"V",6,2,1,-11,0,0,5,0
"V",6,2,1,-12,0,0,2,0
"V",6,2,1,-13,0,0,2,0
"V",6,2,1,-2,0,0,510,56
"V",6,2,1,-2,0,1,4,1
"V",6,2,1,-2,1,0,1,0
"V",6,2,1,-2,1,1,1,0
"V",6,2,1,-2,1,2,1,0
"V",6,2,1,-2,2,0,1,0
"V",6,2,1,-2,2,1,1,0
"V",6,2,1,-2,2,2,2,0
"V",6,2,1,-2,3,2,2,0
"V",6,2,1,-3,0,0,326,12
"V",6,2,1,-3,0,1,2,0
"V",6,2,1,-3,0,2,1,0
"V",6,2,1,-3,1,0,1,0
"V",6,2,1,-3,1,1,2,0
"V",6,2,1,-3,1,2,2,0
"V",6,2,1,-4,0,0,210,8
"V",6,2,1,-4,0,1,1,0
"V",6,2,1,-4,1,1,1,0
"V",6,2,1,-4,2,1,1,0
"V",6,2,1,-4,3,1,1,0
"V",6,2,1,-5,0,0,144,4
"V",6,2,1,-6,0,0,88,0
"V",6,2,1,-6,0,1,1,0
"V",6,2,1,-6,0,2,1,0
"V",6,2,1,-7,0,0,51,0
"V",6,2,1,-8,0,0,29,0
"V",6,2,1,-9,0,0,15,0
"V",6,2,1,0,0,0,865,355
"V",6,2,1,0,0,1,5,2
"V",6,2,1,0,0,2,3,1
"V",6,2,1,0,1,0,4,1
"V",6,2,1,0,1,1,2,0
"V",6,2,1,0,1,2,2,0
"V",6,2,1,0,2,0,3,1
"V",6,2,1,0,2,1,1,0
"V",6,2,1,0,2,2,1,0
"V",6,2,1,0,3,0,1,1
"V",6,2,1,0,3,2,1,0
"V",6,2,1,1,0,0,706,461
"V",6,2,1,1,0,1,4,4
"V",6,2,1,1,1,0,2,1
"V",6,2,1,1,1,1,5,5
"V",6,2,1,1,1,2,1,1
"V",6,2,1,1,2,0,1,0
"V",6,2,1,1,2,1,4,3
"V",6,2,1,1,2,2,1,1
"V",6,2,1,1,3,1,3,2
"V",6,2,1,1,3,2,1,1
"V",6,2,1,10,0,0,5,5
"V",6,2,1,11,0,0,3,3
"V",6,2,1,12,0,0,3,3
"V",6,2,1,14,0,0,1,1
"V",6,2,1,2,0,0,461,360
"V",6,2,1,2,1,0,3,3
"V",6,2,1,2,1,1,1,1
"V",6,2,1,2,2,0,2,2
"V",6,2,1,2,2,1,1,1
"V",6,2,1,2,3,0,1,1
"V",6,2,1,2,3,1,2,2
"V",6,2,1,2,3,2,2,2
"V",6,2,1,3,0,0,364,326
"V",6,2,1,3,0,1,2,1
"V",6,2,1,3,0,2,1,0
"V",6,2,1,3,1,2,1,0
"V",6,2,1,4,0,0,219,201
"V",6,2,1,5,0,0,143,140
"V",6,2,1,5,1,0,1,1
"V",6,2,1,5,2,0,1,1
"V",6,2,1,5,2,1,1,1
"V",6,2,1,5,2,2,1,1
"V",6,2,1,6,0,0,85,79
"V",6,2,1,7,0,0,52,52
"V",6,2,1,8,0,0,26,26
"V",6,2,1,8,0,1,1,1
"V",6,2,1,8,1,1,1,1
"V",6,2,1,8,1,2,1,1
"V",6,2,1,9,0,0,12,12
"V",6,2,2,-1,0,0,341,70
"V",6,2,2,-1,0,1,1,0
"V",6,2,2,-1,1,0,1,0
"V",6,2,2,-1,1,1,1,0
"V",6,2,2,-1,1,2,1,0
"V",6,2,2,-10,0,0,3,0
"V",6,2,2,-11,0,0,5,0
"V",6,2,2,-12,0,0,1,0
"V",6,2,2,-13,0,0,1,0
"V",6,2,2,-2,0,0,289,30
"V",6,2,2,-2,0,1,1,0
"V",6,2,2,-2,1,1,1,0
"V",6,2,2,-2,2,1,1,0
"V",6,2,2,-3,0,0,200,18
"V",6,2,2,-4,0,0,128,7
"V",6,2,2,-5,0,0,85,1
"V",6,2,2,-6,0,0,51,0
"V",6,2,2,-7,0,0,23,0
"V",6,2,2,-8,0,0,20,0
"V",6,2,2,-9,0,0,11,0
"V",6,2,2,0,0,0,424,190
"V",6,2,2,0,0,1,1,1
"V",6,2,2,1,0,0,405,251
"V",6,2,2,1,0,1,1,0
"V",6,2,2,1,1,1,1,0
"V",6,2,2,1,1,2,1,0
"V",6,2,2,10,0,0,5,5
"V",6,2,2,11,0,0,7,7
"V",6,2,2,12,0,0,1,1
"V",6,2,2,13,0,0,1,1
"V",6,2,2,14,0,0,1,1
"V",6,2,2,15,0,0,1,1
"V",6,2,2,2,0,0,286,222
"V",6,2,2,3,0,0,224,197
"V",6,2,2,3,1,0,2,1
"V",6,2,2,3,2,0,1,1
"V",6,2,2,3,2,1,1,1
"V",6,2,2,3,2,2,1,1
"V",6,2,2,4,0,0,138,126
"V",6,2,2,4,1,0,1,1
"V",6,2,2,4,1,1,1,1
"V",6,2,2,5,0,0,117,112
"V",6,2,2,6,0,0,61,60
"V",6,2,2,7,0,0,31,31
"V",6,2,2,8,0,0,22,22
"V",6,2,2,9,0,0,10,10
"V",6,2,3,-1,0,0,227,49
"V",6,2,3,-1,0,1,1,0
"V",6,2,3,-10,0,0,2,0
"V",6,2,3,-2,0,0,143,25
"V",6,2,3,-2,0,1,1,1
"V",6,2,3,-2,0,2,1,1
"V",6,2,3,-2,1,0,1,0
"V",6,2,3,-2,1,2,1,1
"V",6,2,3,-2,2,0,1,0
"V",6,2,3,-2,2,2,1,1
"V",6,2,3,-2,3,0,1,0
"V",6,2,3,-2,3,1,1,0
"V",6,2,3,-2,3,2,1,1
"V",6,2,3,-3,0,0,90,7
"V",6,2,3,-4,0,0,44,3
"V",6,2,3,-5,0,0,34,1
"V",6,2,3,-6,0,0,17,0
"V",6,2,3,-7,0,0,11,0
"V",6,2,3,-8,0,0,8,0
"V",6,2,3,-9,0,0,1,0
"V",6,2,3,0,0,0,315,150
"V",6,2,3,0,0,1,1,0
"V",6,2,3,0,0,2,1,0
"V",6,2,3,1,0,0,284,190
"V",6,2,3,1,0,1,1,0
"V",6,2,3,1,0,2,1,0
"V",6,2,3,10,0,0,6,6
"V",6,2,3,11,0,0,3,3
"V",6,2,3,12,0,0,2,2
"V",6,2,3,13,0,0,2,2
"V",6,2,3,14,0,0,1,1
"V",6,2,3,15,0,0,1,1
"V",6,2,3,2,0,0,222,178
"V",6,2,3,2,1,0,1,1
"V",6,2,3,2,2,0,1,1
"V",6,2,3,3,0,0,168,147
"V",6,2,3,3,1,0,1,0
"V",6,2,3,3,1,1,1,0
"V",6,2,3,3,2,1,1,0
"V",6,2,3,3,2,2,1,0
"V",6,2,3,4,0,0,96,86
"V",6,2,3,5,0,0,72,69
"V",6,2,3,6,0,0,55,55
"V",6,2,3,7,0,0,19,19
"V",6,2,3,8,0,0,14,14
"V",6,2,3,9,0,0,6,5
"V",6,2,4,-1,0,0,129,29
"V",6,2,4,-10,0,0,2,0
"V",6,2,4,-11,0,0,2,0
"V",6,2,4,-2,0,0,100,16
"V",6,2,4,-2,0,1,1,1
"V",6,2,4,-2,1,1,1,1
"V",6,2,4,-3,0,0,64,9
"V",6,2,4,-4,0,0,50,3
"V",6,2,4,-5,0,0,40,0
"V",6,2,4,-6,0,0,29,0
"V",6,2,4,-7,0,0,16,0
"V",6,2,4,-8,0,0,8,0
"V",6,2,4,-9,0,0,6,0
"V",6,2,4,0,0,0,150,64
"V",6,2,4,1,0,0,132,82
"V",6,2,4,1,1,0,1,0
"V",6,2,4,1,2,0,1,0
"V",6,2,4,1,2,1,1,0
"V",6,2,4,1,2,2,1,0
"V",6,2,4,10,0,0,1,1
"V",6,2,4,11,0,0,1,1
"V",6,2,4,13,0,0,1,1
"V",6,2,4,16,0,0,1,1
"V",6,2,4,2,0,0,106,86
"V",6,2,4,3,0,0,75,63
"V",6,2,4,4,0,0,53,48
"V",6,2,4,5,0,0,34,34
"V",6,2,4,6,0,0,22,22
"V",6,2,4,7,0,0,8,8
"V",6,2,4,8,0,0,6,6
"V",6,2,4,9,0,0,1,1
"V",6,2,5,-1,0,0,91,29
"V",6,2,5,-2,0,0,59,4
"V",6,2,5,-3,0,0,45,5
"V",6,2,5,-3,0,1,1,0
"V",6,2,5,-4,0,0,16,0
"V",6,2,5,-5,0,0,14,3
"V",6,2,5,-6,0,0,8,0
"V",6,2,5,-7,0,0,5,0
"V",6,2,5,-8,0,0,4,0
"V",6,2,5,-9,0,0,3,0
"V",6,2,5,0,0,0,115,54
"V",6,2,5,1,0,0,115,78
"V",6,2,5,10,0,0,3,3
"V",6,2,5,11,0,0,3,3
"V",6,2,5,13,0,0,1,1
"V",6,2,5,14,0,0,1,1
"V",6,2,5,2,0,0,99,73
"V",6,2,5,2,1,0,1,1
"V",6,2,5,2,1,1,1,1
"V",6,2,5,3,0,0,65,52
"V",6,2,5,4,0,0,52,48
"V",6,2,5,5,0,0,42,41
"V",6,2,5,6,0,0,23,22
"V",6,2,5,7,0,0,11,11
"V",6,2,5,8,0,0,8,7
"V",6,2,5,9,0,0,4,4
"V",6,2,6,-1,0,0,66,21
"V",6,2,6,-14,0,0,1,0
"V",6,2,6,-2,0,0,49,7
"V",6,2,6,-3,0,0,40,5
"V",6,2,6,-4,0,0,21,0
"V",6,2,6,-5,0,0,11,1
"V",6,2,6,-6,0,0,9,0
"V",6,2,6,-7,0,0,7,0
"V",6,2,6,-8,0,0,4,0
"V",6,2,6,-9,0,0,1,0
"V",6,2,6,0,0,0,77,34
"V",6,2,6,1,0,0,55,35
"V",6,2,6,11,0,0,1,1
"V",6,2,6,2,0,0,59,48
"V",6,2,6,3,0,0,49,45
"V",6,2,6,4,0,0,23,20
"V",6,2,6,5,0,0,23,23
"V",6,2,6,6,0,0,13,13
"V",6,2,6,7,0,0,10,10
"V",6,2,6,8,0,0,3,3
"V",6,2,6,9,0,0,3,3
"V",6,2,7,-1,0,0,65,18
"V",6,2,7,-1,0,1,1,0
"V",6,2,7,-1,0,2,1,0
"V",6,2,7,-10,0,0,1,0
"V",6,2,7,-13,0,0,1,0
"V",6,2,7,-2,0,0,42,7
"V",6,2,7,-3,0,0,31,6
"V",6,2,7,-4,0,0,16,0
"V",6,2,7,-5,0,0,14,0
"V",6,2,7,-6,0,0,7,0
"V",6,2,7,-8,0,0,3,0
"V",6,2,7,-9,0,0,3,0
"V",6,2,7,0,0,0,65,31
"V",6,2,7,1,0,0,46,28
"V",6,2,7,16,0,0,1,1
"V",6,2,7,2,0,0,51,38
"V",6,2,7,3,0,0,44,41
"V",6,2,7,4,0,0,31,31
"V",6,2,7,5,0,0,14,14
"V",6,2,7,6,0,0,22,21
"V",6,2,7,7,0,0,10,10
"V",6,2,7,8,0,0,1,1
"V",6,2,7,9,0,0,2,2
"V",6,2,8,-1,0,0,37,9
"V",6,2,8,-10,0,0,1,0
"V",6,2,8,-2,0,0,32,5
"V",6,2,8,-3,0,0,20,6
"V",6,2,8,-4,0,0,14,1
"V",6,2,8,-5,0,0,7,0
"V",6,2,8,-6,0,0,4,0
"V",6,2,8,-7,0,0,3,0
"V",6,2,8,-8,0,0,2,0
"V",6,2,8,-9,0,0,1,0
"V",6,2,8,0,0,0,42,23
"V",6,2,8,1,0,0,47,29
"V",6,2,8,11,0,0,1,1
"V",6,2,8,13,0,0,1,1
"V",6,2,8,14,0,0,2,2
"V",6,2,8,15,0,0,1,1
"V",6,2,8,2,0,0,43,33
"V",6,2,8,3,0,0,31,27
"V",6,2,8,4,0,0,22,20
"V",6,2,8,5,0,0,12,12
"V",6,2,8,6,0,0,6,5
"V",6,2,8,7,0,0,3,3
"V",6,2,8,8,0,0,2,2
"V",6,2,8,9,0,0,1,1
"V",7,0,1,-1,0,0,1154,259
"V",7,0,1,-1,0,1,3,1
"V",7,0,1,-1,0,2,1,0
"V",7,0,1,-1,1,0,3,0
"V",7,0,1,-1,1,1,4,1
"V",7,0,1,-1,1,2,1,1
"V",7,0,1,-10,0,0,24,0
"V",7,0,1,-11,0,0,14,0
"V",7,0,1,-12,0,0,9,0
"V",7,0,1,-13,0,0,4,0
"V",7,0,1,-14,0,0,1,0
"V",7,0,1,-16,0,0,1,0
"V",7,0,1,-19,0,0,1,0
"V",7,0,1,-2,0,0,943,136
"V",7,0,1,-2,0,1,6,0
"V",7,0,1,-2,0,2,2,0
"V",7,0,1,-2,1,0,4,1
"V",7,0,1,-2,1,1,6,0
"V",7,0,1,-2,1,2,1,0
"V",7,0,1,-2,2,0,2,1
"V",7,0,1,-2,2,1,5,1
"V",7,0,1,-2,2,2,2,0
"V",7,0,1,-2,3,1,1,0
"V",7,0,1,-2,3,2,1,0
"V",7,0,1,-3,0,0,747,62
"V",7,0,1,-3,0,1,1,0
"V",7,0,1,-3,1,0,2,0
"V",7,0,1,-3,1,1,2,0
"V",7,0,1,-4,0,0,459,18
"V",7,0,1,-5,0,0,317,7
"V",7,0,1,-5,1,0,2,0
"V",7,0,1,-5,1,1,2,0
"V",7,0,1,-6,0,0,193,3
"V",7,0,1,-6,0,1,1,0
"V",7,0,1,-6,1,1,1,0
"V",7,0,1,-6,2,1,1,0
"V",7,0,1,-6,2,2,1,0
"V",7,0,1,-7,0,0,117,0
"V",7,0,1,-8,0,0,77,0
"V",7,0,1,-9,0,0,59,0
"V",7,0,1,0,0,0,1339,626
"V",7,0,1,0,0,1,4,2
"V",7,0,1,0,0,2,1,0
"V",7,0,1,0,1,0,2,1
"V",7,0,1,0,1,1,4,2
"V",7,0,1,0,1,2,3,0
"V",7,0,1,0,2,0,1,1
"V",7,0,1,0,2,1,3,3
"V",7,0,1,0,2,2,3,2
"V",7,0,1,1,0,0,1107,801
"V",7,0,1,1,0,1,6,4
"V",7,0,1,1,0,2,3,1
"V",7,0,1,1,1,0,2,2
"V",7,0,1,1,1,1,4,4
"V",7,0,1,1,1,2,4,2
"V",7,0,1,1,2,1,1,1
"V",7,0,1,1,2,2,1,1
"V",7,0,1,1,3,1,1,1
"V",7,0,1,10,0,0,13,13
"V",7,0,1,11,0,0,8,8
"V",7,0,1,12,0,0,3,3
"V",7,0,1,13,0,0,1,1
"V",7,0,1,14,0,0,4,4
"V",7,0,1,15,0,0,3,3
"V",7,0,1,16,0,0,1,1
"V",7,0,1,2,0,0,847,709
"V",7,0,1,2,0,1,3,3
"V",7,0,1,2,0,2,1,1
"V",7,0,1,2,1,0,3,2
"V",7,0,1,2,1,1,2,1
"V",7,0,1,2,2,0,2,2
"V",7,0,1,2,2,1,3,3
"V",7,0,1,2,2,2,3,3
"V",7,0,1,2,3,2,1,1
"V",7,0,1,3,0,0,623,566
"V",7,0,1,3,0,1,1,1
"V",7,0,1,3,0,2,1,1
"V",7,0,1,3,1,0,2,1
"V",7,0,1,3,1,1,1,1
"V",7,0,1,3,1,2,2,2
"V",7,0,1,3,2,0,1,0
"V",7,0,1,3,2,1,1,0
"V",7,0,1,3,2,2,1,0
"V",7,0,1,4,0,0,382,368
"V",7,0,1,4,1,0,1,1
"V",7,0,1,4,2,0,1,1
"V",7,0,1,4,2,1,1,1
"V",7,0,1,5,0,0,285,274
"V",7,0,1,5,0,1,1,1
"V",7,0,1,5,1,0,1,1
"V",7,0,1,6,0,0,168,166
"V",7,0,1,7,0,0,96,95
"V",7,0,1,8,0,0,53,53
"V",7,0,1,9,0,0,23,23
"V",7,0,2,-1,0,0,335,99
"V",7,0,2,-1,0,1,1,0
"V",7,0,2,-10,0,0,6,0
"V",7,0,2,-11,0,0,2,0
"V",7,0,2,-12,0,0,1,0
"V",7,0,2,-13,0,0,2,0
"V",7,0,2,-19,0,0,1,0
"V",7,0,2,-2,0,0,266,53
"V",7,0,2,-2,0,1,1,0
"V",7,0,2,-2,0,2,1,0
"V",7,0,2,-2,1,2,1,0
"V",7,0,2,-2,2,2,1,0
"V",7,0,2,-3,0,0,179,26
"V",7,0,2,-4,0,0,118,2
"V",7,0,2,-5,0,0,89,1
"V",7,0,2,-5,1,0,1,0
"V",7,0,2,-5,1,1,1,0
"V",7,0,2,-5,2,1,1,0
"V",7,0,2,-5,3,1,1,0
"V",7,0,2,-6,0,0,64,2
"V",7,0,2,-6,0,1,1,0
"V",7,0,2,-6,0,2,1,0
"V",7,0,2,-7,0,0,34,0
"V",7,0,2,-8,0,0,24,0
"V",7,0,2,-9,0,0,15,0
"V",7,0,2,0,0,0,359,196
"V",7,0,2,1,0,0,331,246
"V",7,0,2,1,1,0,1,1
"V",7,0,2,1,1,1,1,1
"V",7,0,2,1,1,2,1,1
"V",7,0,2,10,0,0,7,7
"V",7,0,2,11,0,0,2,2
"V",7,0,2,12,0,0,2,2
"V",7,0,2,13,0,0,1,1
"V",7,0,2,14,0,0,1,1
"V",7,0,2,15,0,0,3,3
"V",7,0,2,2,0,0,247,217
"V",7,0,2,3,0,0,187,177
"V",7,0,2,4,0,0,114,108
"V",7,0,2,4,0,1,1,1
"V",7,0,2,4,1,1,1,1
"V",7,0,2,4,1,2,1,1
"V",7,0,2,5,0,0,98,95
"V",7,0,2,5,0,1,1,1
"V",7,0,2,6,0,0,53,52
"V",7,0,2,7,0,0,34,34
"V",7,0,2,8,0,0,14,14
"V",7,0,2,8,1,0,1,1
"V",7,0,2,9,0,0,10,10
"V",7,0,3,-1,0,0,57,16
"V",7,0,3,-10,0,0,3,0
"V",7,0,3,-11,0,0,1,0
"V",7,0,3,-12,0,0,1,0
"V",7,0,3,-2,0,0,36,5
"V",7,0,3,-2,0,1,2,0
"V",7,0,3,-2,0,2,1,0
"V",7,0,3,-2,1,1,1,0
"V",7,0,3,-2,1,2,2,0
"V",7,0,3,-2,2,2,1,0
"V",7,0,3,-3,0,0,38,6
"V",7,0,3,-4,0,0,31,1
"V",7,0,3,-5,0,0,14,1
"V",7,0,3,-6,0,0,4,0
"V",7,0,3,-7,0,0,6,0
"V",7,0,3,-8,0,0,5,0
"V",7,0,3,-9,0,0,4,0
"V",7,0,3,0,0,0,71,49
"V",7,0,3,1,0,0,50,40
"V",7,0,3,10,0,0,2,2
"V",7,0,3,11,0,0,1,1
"V",7,0,3,14,0,0,1,1
"V",7,0,3,2,0,0,43,37
"V",7,0,3,3,0,0,34,33
"V",7,0,3,4,0,0,24,23
"V",7,0,3,5,0,0,24,23
"V",7,0,3,6,0,0,23,22
"V",7,0,3,7,0,0,10,10
"V",7,0,3,8,0,0,8,8
"V",7,0,3,9,0,0,1,1
"V",7,0,4,-1,0,0,62,27
"V",7,0,4,-10,0,0,1,0
"V",7,0,4,-2,0,0,75,23
"V",7,0,4,-3,0,0,43,12
"V",7,0,4,-4,0,0,21,1
"V",7,0,4,-5,0,0,13,1
"V",7,0,4,-6,0,0,20,0
"V",7,0,4,-7,0,0,12,0
"V",7,0,4,-8,0,0,17,0
"V",7,0,4,-9,0,0,5,0
"V",7,0,4,0,0,0,58,38
"V",7,0,4,1,0,0,63,48
"V",7,0,4,11,0,0,1,1
"V",7,0,4,12,0,0,1,1
"V",7,0,4,15,0,0,2,2
"V",7,0,4,2,0,0,44,39
"V",7,0,4,2,0,1,1,0
"V",7,0,4,2,1,1,1,0
"V",7,0,4,2,1,2,1,0
"V",7,0,4,3,0,0,32,32
"V",7,0,4,4,0,0,23,23
"V",7,0,4,5,0,0,19,19
"V",7,0,4,6,0,0,14,14
"V",7,0,4,7,0,0,9,9
"V",7,0,4,8,0,0,1,1
"V",7,0,4,9,0,0,4,4
"V",7,0,5,-1,0,0,21,11
"V",7,0,5,-11,0,0,1,0
"V",7,0,5,-2,0,0,13,4
"V",7,0,5,-3,0,0,15,1
"V",7,0,5,-4,0,0,6,0
"V",7,0,5,-5,0,0,8,1
"V",7,0,5,-6,0,0,3,0
"V",7,0,5,-7,0,0,2,0
"V",7,0,5,-8,0,0,1,0
"V",7,0,5,-9,0,0,4,0
"V",7,0,5,0,0,0,28,17
"V",7,0,5,1,0,0,25,18
"V",7,0,5,12,0,0,1,1
"V",7,0,5,2,0,0,16,15
"V",7,0,5,3,0,0,15,15
"V",7,0,5,4,0,0,8,8
"V",7,0,5,5,0,0,15,14
"V",7,0,5,6,0,0,8,8
"V",7,0,5,7,0,0,5,5
"V",7,0,5,8,0,0,3,3
"V",7,0,5,9,0,0,2,2
"V",7,0,6,-1,0,0,29,14
"V",7,0,6,-13,0,0,1,0
"V",7,0,6,-2,0,0,14,5
"V",7,0,6,-3,0,0,14,4
"V",7,0,6,-4,0,0,7,0
"V",7,0,6,-5,0,0,4,0
"V",7,0,6,-6,0,0,4,0
"V",7,0,6,-7,0,0,1,0
"V",7,0,6,-8,0,0,1,0
"V",7,0,6,-9,0,0,1,0
"V",7,0,6,0,0,0,25,16
"V",7,0,6,1,0,0,20,14
"V",7,0,6,10,0,0,2,2
"V",7,0,6,11,0,0,1,1
"V",7,0,6,12,0,0,1,1
"V",7,0,6,14,0,0,1,1
"V",7,0,6,2,0,0,14,14
"V",7,0,6,3,0,0,12,12
"V",7,0,6,4,0,0,10,10
"V",7,0,6,5,0,0,10,10
"V",7,0,6,6,0,0,12,12
"V",7,0,6,7,0,0,1,1
"V",7,0,6,8,0,0,4,4
"V",7,0,6,9,0,0,1,1
"V",7,0,7,-1,0,0,17,11
"V",7,0,7,-2,0,0,13,1
"V",7,0,7,-3,0,0,9,2
"V",7,0,7,-4,0,0,4,0
"V",7,0,7,-5,0,0,2,0
"V",7,0,7,-6,0,0,4,0
"V",7,0,7,-7,0,0,4,0
"V",7,0,7,-9,0,0,1,0
"V",7,0,7,0,0,0,20,17
"V",7,0,7,1,0,0,9,7
"V",7,0,7,11,0,0,2,2
"V",7,0,7,2,0,0,9,7
"V",7,0,7,3,0,0,8,8
"V",7,0,7,4,0,0,7,7
"V",7,0,7,5,0,0,5,5
"V",7,0,7,6,0,0,5,5
"V",7,0,7,7,0,0,4,4
"V",7,0,7,8,0,0,1,1
"V",7,0,8,-1,0,0,13,9
"V",7,0,8,-2,0,0,18,8
"V",7,0,8,-3,0,0,11,3
"V",7,0,8,-4,0,0,7,0
"V",7,0,8,-5,0,0,4,1
"V",7,0,8,-6,0,0,4,0
"V",7,0,8,-8,0,0,4,0
"V",7,0,8,-9,0,0,2,0
"V",7,0,8,0,0,0,20,13
"V",7,0,8,1,0,0,16,16
"V",7,0,8,2,0,0,12,10
"V",7,0,8,3,0,0,11,11
"V",7,0,8,4,0,0,4,4
"V",7,0,8,5,0,0,3,3
"V",7,0,8,6,0,0,4,4
"V",7,0,8,7,0,0,3,3
"V",7,0,8,8,0,0,2,2
"V",7,0,8,9,0,0,2,2
"V",7,1,1,-1,0,0,785,147
"V",7,1,1,-1,0,1,5,1
"V",7,1,1,-1,0,2,2,0
"V",7,1,1,-1,1,0,2,1
"V",7,1,1,-1,1,1,1,0
"V",7,1,1,-1,2,0,1,1
"V",7,1,1,-1,2,1,1,1
"V",7,1,1,-10,0,0,17,0
"V",7,1,1,-11,0,0,11,0
"V",7,1,1,-12,0,0,8,0
"V",7,1,1,-13,0,0,2,0
"V",7,1,1,-14,0,0,1,0
"V",7,1,1,-16,0,0,1,0
"V",7,1,1,-2,0,0,658,79
"V",7,1,1,-2,0,1,1,0
"V",7,1,1,-2,1,0,5,0
"V",7,1,1,-2,1,1,4,0
"V",7,1,1,-2,1,2,1,0
"V",7,1,1,-2,2,0,2,0
"V",7,1,1,-2,2,1,3,0
"V",7,1,1,-2,2,2,3,0
"V",7,1,1,-2,3,2,2,0
"V",7,1,1,-3,0,0,535,30
"V",7,1,1,-3,0,1,1,0
"V",7,1,1,-3,1,0,1,0
"V",7,1,1,-3,1,1,1,0
"V",7,1,1,-3,1,2,1,0
"V",7,1,1,-3,2,2,1,0
"V",7,1,1,-3,3,2,1,0
"V",7,1,1,-4,0,0,328,16
"V",7,1,1,-5,0,0,215,6
"V",7,1,1,-6,0,0,129,2
"V",7,1,1,-7,0,0,79,0
"V",7,1,1,-8,0,0,51,0
"V",7,1,1,-9,0,0,39,0
"V",7,1,1,0,0,0,929,391
"V",7,1,1,0,0,1,4,1
"V",7,1,1,0,0,2,1,1
"V",7,1,1,0,1,0,1,1
"V",7,1,1,0,1,1,3,1
"V",7,1,1,0,2,1,2,1
"V",7,1,1,0,2,2,1,1
"V",7,1,1,0,3,1,1,0
"V",7,1,1,0,3,2,1,0
"V",7,1,1,1,0,0,767,550
"V",7,1,1,1,1,0,3,3
"V",7,1,1,1,1,1,2,2
"V",7,1,1,1,1,2,1,1
"V",7,1,1,1,2,0,1,1
"V",7,1,1,10,0,0,6,6
"V",7,1,1,11,0,0,7,7
"V",7,1,1,12,0,0,1,1
"V",7,1,1,14,0,0,3,3
"V",7,1,1,15,0,0,1,1
"V",7,1,1,16,0,0,1,1
"V",7,1,1,2,0,0,595,487
"V",7,1,1,2,0,1,5,5
"V",7,1,1,2,0,2,3,3
"V",7,1,1,2,1,1,2,2
"V",7,1,1,3,0,0,428,380
"V",7,1,1,3,0,1,1,0
"V",7,1,1,3,0,2,1,0
"V",7,1,1,3,1,0,1,1
"V",7,1,1,3,1,2,1,0
"V",7,1,1,3,2,0,1,1
"V",7,1,1,3,3,0,1,1
"V",7,1,1,4,0,0,267,259
"V",7,1,1,5,0,0,189,181
"V",7,1,1,5,0,1,1,1
"V",7,1,1,6,0,0,115,114
"V",7,1,1,7,0,0,66,65
"V",7,1,1,8,0,0,37,37
"V",7,1,1,9,0,0,18,18
"V",7,1,2,-1,0,0,357,67
"V",7,1,2,-1,1,0,3,1
"V",7,1,2,-10,0,0,5,0
"V",7,1,2,-11,0,0,7,0
"V",7,1,2,-12,0,0,2,0
"V",7,1,2,-13,0,0,1,0
"V",7,1,2,-14,0,0,1,0
"V",7,1,2,-19,0,0,1,0
"V",7,1,2,-2,0,0,340,58
"V",7,1,2,-2,0,1,1,0
"V",7,1,2,-2,0,2,1,0
"V",7,1,2,-2,1,0,2,0
"V",7,1,2,-2,1,2,1,0
"V",7,1,2,-2,2,0,1,0
"V",7,1,2,-2,2,1,1,0
"V",7,1,2,-2,3,1,1,0
"V",7,1,2,-3,0,0,242,22
"V",7,1,2,-4,0,0,165,8
"V",7,1,2,-5,0,0,114,0
"V",7,1,2,-5,0,1,1,0
"V",7,1,2,-5,1,1,1,0
"V",7,1,2,-5,1,2,1,0
"V",7,1,2,-6,0,0,59,2
"V",7,1,2,-6,0,1,1,0
"V",7,1,2,-6,0,2,1,0
"V",7,1,2,-7,0,0,39,0
"V",7,1,2,-8,0,0,27,0
"V",7,1,2,-9,0,0,12,0
"V",7,1,2,0,0,0,403,177
"V",7,1,2,0,1,0,1,1
"V",7,1,2,1,0,0,339,253
"V",7,1,2,1,0,1,1,0
"V",7,1,2,1,1,0,1,1
"V",7,1,2,1,1,1,2,1
"V",7,1,2,1,1,2,1,0
"V",7,1,2,10,0,0,10,10
"V",7,1,2,11,0,0,3,3
"V",7,1,2,12,0,0,4,4
"V",7,1,2,13,0,0,1,1
"V",7,1,2,14,0,0,1,1
"V",7,1,2,15,0,0,3,3
"V",7,1,2,17,0,0,1,1
"V",7,1,2,2,0,0,262,220
"V",7,1,2,2,1,0,1,1
"V",7,1,2,3,0,0,207,186
"V",7,1,2,3,0,1,1,0
"V",7,1,2,3,0,2,1,0
"V",7,1,2,3,1,2,1,0
"V",7,1,2,4,0,0,132,128
"V",7,1,2,4,0,1,1,1
"V",7,1,2,4,1,1,1,1
"V",7,1,2,4,1,2,1,1
"V",7,1,2,4,2,2,1,1
"V",7,1,2,5,0,0,99,93
"V",7,1,2,5,1,0,1,1
"V",7,1,2,5,1,1,1,1
"V",7,1,2,5,1,2,1,1
"V",7,1,2,6,0,0,66,65
"V",7,1,2,7,0,0,40,39
"V",7,1,2,8,0,0,26,26
"V",7,1,2,9,0,0,13,13
"V",7,1,3,-1,0,0,160,48
"V",7,1,3,-1,1,0,1,0
"V",7,1,3,-1,1,1,1,0
"V",7,1,3,-1,1,2,1,0
"V",7,1,3,-1,2,2,1,0
"V",7,1,3,-10,0,0,3,0
"V",7,1,3,-11,0,0,1,0
"V",7,1,3,-12,0,0,2,0
"V",7,1,3,-13,0,0,1,0
"V",7,1,3,-2,0,0,95,14
"V",7,1,3,-2,0,1,1,0
"V",7,1,3,-2,1,1,1,0
"V",7,1,3,-2,2,1,1,0
"V",7,1,3,-2,3,1,1,0
"V",7,1,3,-3,0,0,67,5
"V",7,1,3,-4,0,0,46,1
"V",7,1,3,-5,0,0,32,1
"V",7,1,3,-5,0,1,1,0
"V",7,1,3,-5,1,1,1,0
"V",7,1,3,-5,2,1,1,0
"V",7,1,3,-5,3,1,1,0
"V",7,1,3,-5,3,2,1,0
"V",7,1,3,-6,0,0,9,0
"V",7,1,3,-7,0,0,13,0
"V",7,1,3,-8,0,0,9,0
"V",7,1,3,-9,0,0,2,0
"V",7,1,3,0,0,0,200,104
"V",7,1,3,1,0,0,210,155
"V",7,1,3,1,0,1,1,1
"V",7,1,3,1,1,1,1,1
"V",7,1,3,1,2,1,1,1
"V",7,1,3,10,0,0,2,2
"V",7,1,3,11,0,0,2,2
"V",7,1,3,14,0,0,2,2
"V",7,1,3,15,0,0,2,2
"V",7,1,3,2,0,0,151,133
"V",7,1,3,3,0,0,133,127
"V",7,1,3,3,0,1,1,0
"V",7,1,3,3,0,2,1,0
"V",7,1,3,3,1,2,1,0
"V",7,1,3,3,2,2,1,0
"V",7,1,3,3,3,2,1,0
"V",7,1,3,4,0,0,89,85
"V",7,1,3,5,0,0,72,70
"V",7,1,3,6,0,0,40,38
"V",7,1,3,7,0,0,28,28
"V",7,1,3,8,0,0,17,17
"V",7,1,3,9,0,0,6,6
"V",7,1,4,-1,0,0,114,31
"V",7,1,4,-1,1,0,1,1
"V",7,1,4,-11,0,0,2,0
"V",7,1,4,-2,0,0,112,20
"V",7,1,4,-2,0,1,1,0
"V",7,1,4,-3,0,0,74,7
"V",7,1,4,-4,0,0,46,5
"V",7,1,4,-5,0,0,34,1
"V",7,1,4,-6,0,0,31,0
"V",7,1,4,-6,0,1,1,0
"V",7,1,4,-6,0,2,1,0
"V",7,1,4,-6,1,2,1,0
"V",7,1,4,-6,2,2,1,0
"V",7,1,4,-6,3,2,1,0
"V",7,1,4,-7,0,0,19,0
"V",7,1,4,-8,0,0,12,0
"V",7,1,4,-9,0,0,3,0
"V",7,1,4,0,0,0,103,50
"V",7,1,4,1,0,0,105,84
"V",7,1,4,10,0,0,1,1
"V",7,1,4,11,0,0,3,3
"V",7,1,4,12,0,0,2,2
"V",7,1,4,13,0,0,1,1
"V",7,1,4,2,0,0,68,54
"V",7,1,4,2,1,0,1,0
"V",7,1,4,3,0,0,72,67
"V",7,1,4,3,1,0,1,0
"V",7,1,4,3,1,1,1,0
"V",7,1,4,3,2,1,1,0
"V",7,1,4,3,2,2,1,0
"V",7,1,4,4,0,0,30,30
"V",7,1,4,5,0,0,38,38
"V",7,1,4,6,0,0,24,24
"V",7,1,4,7,0,0,14,14
"V",7,1,4,8,0,0,10,10
"V",7,1,4,8,0,1,1,1
"V",7,1,4,8,0,2,1,1
"V",7,1,4,9,0,0,8,8
"V",7,1,5,-1,0,0,61,19
"V",7,1,5,-10,0,0,2,0
"V",7,1,5,-11,0,0,1,0
"V",7,1,5,-2,0,0,32,7
"V",7,1,5,-3,0,0,27,2
"V",7,1,5,-4,0,0,19,2
"V",7,1,5,-5,0,0,10,2
"V",7,1,5,-6,0,0,6,0
"V",7,1,5,-7,0,0,2,0
"V",7,1,5,-8,0,0,2,0
"V",7,1,5,-9,0,0,2,0
"V",7,1,5,0,0,0,78,50
"V",7,1,5,1,0,0,72,61
"V",7,1,5,10,0,0,4,4
"V",7,1,5,11,0,0,1,1
"V",7,1,5,12,0,0,1,1
"V",7,1,5,13,0,0,1,1
"V",7,1,5,14,0,0,1,1
"V",7,1,5,2,0,0,71,59
"V",7,1,5,3,0,0,61,57
"V",7,1,5,4,0,0,41,40
"V",7,1,5,5,0,0,33,32
"V",7,1,5,5,1,0,1,1
"V",7,1,5,6,0,0,19,19
"V",7,1,5,7,0,0,14,14
"V",7,1,5,8,0,0,12,12
"V",7,1,5,9,0,0,7,7
"V",7,1,6,-1,0,0,48,17
"V",7,1,6,-10,0,0,1,0
"V",7,1,6,-2,0,0,40,13
"V",7,1,6,-3,0,0,36,4
"V",7,1,6,-4,0,0,20,1
"V",7,1,6,-5,0,0,8,0
"V",7,1,6,-6,0,0,4,0
"V",7,1,6,-7,0,0,7,0
"V",7,1,6,-8,0,0,6,0
"V",7,1,6,-9,0,0,2,0
"V",7,1,6,0,0,0,55,29
"V",7,1,6,1,0,0,63,46
"V",7,1,6,10,0,0,3,3
"V",7,1,6,11,0,0,1,1
"V",7,1,6,12,0,0,1,1
"V",7,1,6,2,0,0,55,54
"V",7,1,6,3,0,0,42,40
"V",7,1,6,4,0,0,19,19
"V",7,1,6,5,0,0,17,17
"V",7,1,6,6,0,0,18,18
"V",7,1,6,7,0,0,10,10
"V",7,1,6,8,0,0,11,11
"V",7,1,6,9,0,0,4,4
"V",7,1,7,-1,0,0,53,28
"V",7,1,7,-10,0,0,2,0
"V",7,1,7,-14,0,0,1,0
"V",7,1,7,-2,0,0,48,16
"V",7,1,7,-3,0,0,22,3
"V",7,1,7,-4,0,0,14,1
"V",7,1,7,-5,0,0,12,0
"V",7,1,7,-6,0,0,5,0
"V",7,1,7,-7,0,0,6,0
"V",7,1,7,-8,0,0,3,0
"V",7,1,7,0,0,0,64,40
"V",7,1,7,1,0,0,59,42
"V",7,1,7,10,0,0,1,1
"V",7,1,7,11,0,0,2,2
"V",7,1,7,12,0,0,2,2
"V",7,1,7,15,0,0,2,2
"V",7,1,7,2,0,0,46,40
"V",7,1,7,3,0,0,29,28
"V",7,1,7,4,0,0,30,30
"V",7,1,7,5,0,0,15,15
"V",7,1,7,6,0,0,13,13
"V",7,1,7,7,0,0,5,5
"V",7,1,7,8,0,0,2,2
"V",7,1,8,-1,0,0,32,13
"V",7,1,8,-2,0,0,33,8
"V",7,1,8,-3,0,0,17,1
"V",7,1,8,-4,0,0,9,3
"V",7,1,8,-5,0,0,13,0
"V",7,1,8,-6,0,0,12,0
"V",7,1,8,-7,0,0,9,0
"V",7,1,8,-8,0,0,4,0
"V",7,1,8,-9,0,0,2,0
"V",7,1,8,0,0,0,34,20
"V",7,1,8,1,0,0,41,35
"V",7,1,8,10,0,0,1,1
"V",7,1,8,11,0,0,1,1
"V",7,1,8,12,0,0,1,1
"V",7,1,8,13,0,0,1,1
"V",7,1,8,2,0,0,23,21
"V",7,1,8,3,0,0,17,17
"V",7,1,8,4,0,0,24,24
"V",7,1,8,5,0,0,11,11
"V",7,1,8,6,0,0,7,7
"V",7,1,8,7,0,0,5,5
"V",7,1,8,8,0,0,2,2
"V",7,1,8,9,0,0,2,2
"V",7,2,1,-1,0,0,598,103
"V",7,2,1,-1,0,1,4,2
"V",7,2,1,-1,0,2,3,2
"V",7,2,1,-1,1,0,1,0
"V",7,2,1,-1,1,1,1,0
"V",7,2,1,-1,1,2,3,2
"V",7,2,1,-1,2,0,1,0
"V",7,2,1,-1,2,1,1,0
"V",7,2,1,-1,2,2,2,1
"V",7,2,1,-1,3,2,2,1
"V",7,2,1,-10,0,0,12,0
"V",7,2,1,-11,0,0,7,0
"V",7,2,1,-12,0,0,6,0
"V",7,2,1,-13,0,0,2,0
"V",7,2,1,-16,0,0,1,0
"V",7,2,1,-2,0,0,483,45
"V",7,2,1,-2,1,0,5,1
"V",7,2,1,-2,1,1,2,0
"V",7,2,1,-2,2,0,1,1
"V",7,2,1,-2,2,1,1,0
"V",7,2,1,-2,2,2,1,0
"V",7,2,1,-2,3,2,1,0
"V",7,2,1,-3,0,0,400,18
"V",7,2,1,-3,0,1,2,0
"V",7,2,1,-3,1,0,2,0
"V",7,2,1,-3,1,1,3,0
"V",7,2,1,-3,2,0,1,0
"V",7,2,1,-3,2,1,2,0
"V",7,2,1,-3,2,2,1,0
"V",7,2,1,-3,3,0,1,0
"V",7,2,1,-3,3,1,1,0
"V",7,2,1,-3,3,2,2,0
"V",7,2,1,-4,0,0,238,8
"V",7,2,1,-5,0,0,159,3
"V",7,2,1,-6,0,0,99,0
"V",7,2,1,-7,0,0,55,0
"V",7,2,1,-8,0,0,31,0
"V",7,2,1,-9,0,0,33,0
"V",7,2,1,0,0,0,725,295
"V",7,2,1,0,0,1,3,0
"V",7,2,1,0,0,2,2,0
"V",7,2,1,0,1,0,1,0
"V",7,2,1,0,2,0,1,0
"V",7,2,1,0,2,1,1,0
"V",7,2,1,0,3,1,1,0
"V",7,2,1,1,0,0,604,417
"V",7,2,1,1,0,1,4,3
"V",7,2,1,1,0,2,3,2
"V",7,2,1,1,1,0,2,1
"V",7,2,1,1,1,1,1,1
"V",7,2,1,1,2,0,1,0
"V",7,2,1,1,2,1,2,1
"V",7,2,1,1,3,1,1,0
"V",7,2,1,10,0,0,12,12
"V",7,2,1,11,0,0,9,9
"V",7,2,1,12,0,0,3,3
"V",7,2,1,13,0,0,1,1
"V",7,2,1,14,0,0,2,2
"V",7,2,1,16,0,0,1,1
"V",7,2,1,2,0,0,474,384
"V",7,2,1,2,0,1,1,1
"V",7,2,1,2,1,0,2,2
"V",7,2,1,2,1,1,1,1
"V",7,2,1,2,2,0,1,1
"V",7,2,1,2,2,1,1,1
"V",7,2,1,2,3,1,1,1
"V",7,2,1,3,0,0,360,317
"V",7,2,1,4,0,0,219,212
"V",7,2,1,5,0,0,170,161
"V",7,2,1,5,1,0,1,1
"V",7,2,1,6,0,0,103,102
"V",7,2,1,7,0,0,56,56
"V",7,2,1,8,0,0,34,34
"V",7,2,1,9,0,0,17,17
"V",7,2,2,-1,0,0,354,64
"V",7,2,2,-1,0,1,1,0
"V",7,2,2,-1,1,0,1,0
"V",7,2,2,-10,0,0,6,0
"V",7,2,2,-11,0,0,7,0
"V",7,2,2,-12,0,0,5,0
"V",7,2,2,-16,0,0,1,0
"V",7,2,2,-19,0,0,1,0
"V",7,2,2,-2,0,0,284,33
"V",7,2,2,-2,0,1,1,0
"V",7,2,2,-2,1,0,1,0
"V",7,2,2,-3,0,0,218,17
"V",7,2,2,-3,0,1,1,0
"V",7,2,2,-4,0,0,152,4
"V",7,2,2,-5,0,0,89,1
"V",7,2,2,-5,1,0,1,0
"V",7,2,2,-5,1,1,1,0
"V",7,2,2,-5,1,2,1,0
"V",7,2,2,-5,2,2,1,0
"V",7,2,2,-6,0,0,56,2
"V",7,2,2,-7,0,0,47,0
"V",7,2,2,-8,0,0,19,0
"V",7,2,2,-9,0,0,16,0
"V",7,2,2,0,0,0,387,166
"V",7,2,2,0,0,1,1,1
"V",7,2,2,0,1,0,1,0
"V",7,2,2,0,1,1,1,1
"V",7,2,2,0,2,0,1,0
"V",7,2,2,0,3,0,1,0
"V",7,2,2,1,0,0,332,224
"V",7,2,2,1,0,1,1,0
"V",7,2,2,1,1,0,1,1
"V",7,2,2,1,1,1,1,1
"V",7,2,2,1,1,2,1,1
"V",7,2,2,10,0,0,7,7
"V",7,2,2,11,0,0,8,8
"V",7,2,2,12,0,0,3,3
"V",7,2,2,14,0,0,4,4
"V",7,2,2,15,0,0,2,2
"V",7,2,2,16,0,0,2,2
"V",7,2,2,17,0,0,1,1
"V",7,2,2,2,0,0,286,242
"V",7,2,2,3,0,0,231,207
"V",7,2,2,4,0,0,155,149
"V",7,2,2,5,0,0,123,114
"V",7,2,2,5,1,0,1,1
"V",7,2,2,5,1,1,1,1
"V",7,2,2,5,2,1,1,1
"V",7,2,2,6,0,0,69,67
"V",7,2,2,7,0,0,50,49
"V",7,2,2,8,0,0,19,19
"V",7,2,2,9,0,0,17,17
"V",7,2,3,-1,0,0,190,40
"V",7,2,3,-1,1,0,1,0
"V",7,2,3,-1,1,1,1,0
"V",7,2,3,-1,1,2,1,0
"V",7,2,3,-1,2,2,1,0
"V",7,2,3,-10,0,0,4,0
"V",7,2,3,-11,0,0,1,0
"V",7,2,3,-12,0,0,1,0
"V",7,2,3,-13,0,0,1,0
"V",7,2,3,-2,0,0,125,17
"V",7,2,3,-2,1,0,1,0
"V",7,2,3,-2,2,0,1,0
"V",7,2,3,-2,3,0,1,0
"V",7,2,3,-3,0,0,98,6
"V",7,2,3,-4,0,0,58,0
"V",7,2,3,-5,0,0,38,0
"V",7,2,3,-6,0,0,15,0
"V",7,2,3,-7,0,0,9,0
"V",7,2,3,-8,0,0,14,0
"V",7,2,3,-9,0,0,6,0
"V",7,2,3,0,0,0,242,106
"V",7,2,3,0,1,0,1,0
"V",7,2,3,0,2,0,1,0
"V",7,2,3,0,3,0,1,0
"V",7,2,3,0,3,1,1,0
"V",7,2,3,1,0,0,252,183
"V",7,2,3,1,0,1,1,0
"V",7,2,3,1,1,1,1,0
"V",7,2,3,1,2,1,1,0
"V",7,2,3,10,0,0,8,8
"V",7,2,3,11,0,0,8,8
"V",7,2,3,12,0,0,1,1
"V",7,2,3,13,0,0,1,1
"V",7,2,3,14,0,0,2,2
"V",7,2,3,15,0,0,3,3
"V",7,2,3,2,0,0,213,176
"V",7,2,3,2,0,1,1,1
"V",7,2,3,2,0,2,1,1
"V",7,2,3,3,0,0,154,142
"V",7,2,3,3,0,1,2,1
"V",7,2,3,3,1,0,1,1
"V",7,2,3,4,0,0,128,123
"V",7,2,3,5,0,0,91,89
"V",7,2,3,5,1,0,1,1
"V",7,2,3,6,0,0,60,58
"V",7,2,3,7,0,0,35,35
"V",7,2,3,8,0,0,21,21
"V",7,2,3,9,0,0,13,13
"V",7,2,4,-1,0,0,111,22
"V",7,2,4,-1,1,0,1,0
"V",7,2,4,-10,0,0,2,0
"V",7,2,4,-11,0,0,3,0
"V",7,2,4,-12,0,0,1,0
"V",7,2,4,-18,0,0,1,0
"V",7,2,4,-19,0,0,1,0
"V",7,2,4,-2,0,0,115,16
"V",7,2,4,-3,0,0,78,4
"V",7,2,4,-4,0,0,65,2
"V",7,2,4,-5,0,0,36,0
"V",7,2,4,-6,0,0,28,1
"V",7,2,4,-7,0,0,26,0
"V",7,2,4,-8,0,0,11,0
"V",7,2,4,-9,0,0,4,0
"V",7,2,4,0,0,0,134,53
"V",7,2,4,1,0,0,109,84
"V",7,2,4,10,0,0,1,1
"V",7,2,4,11,0,0,2,2
"V",7,2,4,13,0,0,1,1
"V",7,2,4,2,0,0,81,71
"V",7,2,4,3,0,0,72,66
"V",7,2,4,3,1,0,1,0
"V",7,2,4,3,1,1,1,0
"V",7,2,4,3,2,1,1,0
"V",7,2,4,3,2,2,1,0
"V",7,2,4,4,0,0,41,40
"V",7,2,4,5,0,0,33,32
"V",7,2,4,6,0,0,22,22
"V",7,2,4,7,0,0,18,18
"V",7,2,4,8,0,0,12,12
"V",7,2,4,9,0,0,12,12
"V",7,2,4,9,0,1,2,2
"V",7,2,4,9,0,2,1,1
"V",7,2,5,-1,0,0,90,24
"V",7,2,5,-1,0,1,1,0
"V",7,2,5,-1,0,2,1,0
"V",7,2,5,-1,1,0,1,0
"V",7,2,5,-1,2,0,1,0
"V",7,2,5,-1,2,1,1,0
"V",7,2,5,-11,0,0,1,0
"V",7,2,5,-12,0,0,1,0
"V",7,2,5,-2,0,0,54,7
"V",7,2,5,-2,1,0,1,0
"V",7,2,5,-3,0,0,34,1
"V",7,2,5,-4,0,0,21,1
"V",7,2,5,-5,0,0,14,0
"V",7,2,5,-6,0,0,3,0
"V",7,2,5,-7,0,0,5,0
"V",7,2,5,-8,0,0,3,0
"V",7,2,5,-9,0,0,2,0
"V",7,2,5,0,0,0,133,69
"V",7,2,5,1,0,0,105,80
"V",7,2,5,1,0,1,1,1
"V",7,2,5,1,1,1,1,1
"V",7,2,5,1,1,2,1,1
"V",7,2,5,10,0,0,2,2
"V",7,2,5,11,0,0,2,2
"V",7,2,5,12,0,0,2,2
"V",7,2,5,14,0,0,1,1
"V",7,2,5,15,0,0,1,1
"V",7,2,5,16,0,0,1,1
"V",7,2,5,2,0,0,81,71
"V",7,2,5,3,0,0,86,80
"V",7,2,5,4,0,0,55,53
"V",7,2,5,5,0,0,41,40
"V",7,2,5,6,0,0,34,33
"V",7,2,5,7,0,0,23,23
"V",7,2,5,8,0,0,11,11
"V",7,2,5,9,0,0,7,7
"V",7,2,6,-1,0,0,61,17
"V",7,2,6,-1,0,1,1,1
"V",7,2,6,-1,0,2,1,1
"V",7,2,6,-10,0,0,2,0
"V",7,2,6,-2,0,0,37,7
"V",7,2,6,-3,0,0,37,2
"V",7,2,6,-4,0,0,18,1
"V",7,2,6,-5,0,0,14,0
"V",7,2,6,-6,0,0,10,0
"V",7,2,6,-7,0,0,10,0
"V",7,2,6,-8,0,0,5,0
"V",7,2,6,-9,0,0,2,0
"V",7,2,6,0,0,0,70,30
"V",7,2,6,1,0,0,56,44
"V",7,2,6,10,0,0,4,4
"V",7,2,6,13,0,0,1,1
"V",7,2,6,2,0,0,46,39
"V",7,2,6,3,0,0,36,34
"V",7,2,6,4,0,0,36,35
"V",7,2,6,5,0,0,28,26
"V",7,2,6,6,0,0,18,17
"V",7,2,6,7,0,0,18,18
"V",7,2,6,8,0,0,7,7
"V",7,2,6,9,0,0,1,1
"V",7,2,7,-1,0,0,57,22
"V",7,2,7,-10,0,0,1,0
"V",7,2,7,-11,0,0,1,0
"V",7,2,7,-2,0,0,45,8
"V",7,2,7,-3,0,0,32,3
"V",7,2,7,-4,0,0,18,0
"V",7,2,7,-5,0,0,8,0
"V",7,2,7,-6,0,0,9,1
"V",7,2,7,-6,1,0,1,0
"V",7,2,7,-6,1,1,1,0
"V",7,2,7,-6,1,2,1,0
"V",7,2,7,-7,0,0,2,0
"V",7,2,7,-8,0,0,4,0
"V",7,2,7,0,0,0,71,36
"V",7,2,7,0,1,0,1,1
"V",7,2,7,0,1,1,1,1
"V",7,2,7,0,1,2,1,1
"V",7,2,7,1,0,0,51,35
"V",7,2,7,10,0,0,3,3
"V",7,2,7,11,0,0,2,2
"V",7,2,7,12,0,0,1,1
"V",7,2,7,15,0,0,1,1
"V",7,2,7,2,0,0,50,42
"V",7,2,7,3,0,0,40,35
"V",7,2,7,4,0,0,21,21
"V",7,2,7,5,0,0,24,24
"V",7,2,7,6,0,0,12,12
"V",7,2,7,7,0,0,10,10
"V",7,2,7,7,1,0,1,1
"V",7,2,7,7,2,0,1,1
"V",7,2,7,7,3,0,1,1
"V",7,2,7,8,0,0,8,8
"V",7,2,7,9,0,0,3,3
"V",7,2,8,-1,0,0,36,11
"V",7,2,8,-10,0,0,1,0
"V",7,2,8,-11,0,0,1,0
"V",7,2,8,-2,0,0,38,5
"V",7,2,8,-3,0,0,22,3
"V",7,2,8,-4,0,0,12,2
"V",7,2,8,-5,0,0,12,1
"V",7,2,8,-6,0,0,11,1
"V",7,2,8,-7,0,0,8,0
"V",7,2,8,-8,0,0,4,0
"V",7,2,8,-9,0,0,3,0
"V",7,2,8,0,0,0,48,20
"V",7,2,8,0,0,1,1,1
"V",7,2,8,1,0,0,48,37
"V",7,2,8,11,0,0,2,2
"V",7,2,8,12,0,0,1,1
"V",7,2,8,2,0,0,22,19
"V",7,2,8,3,0,0,16,16
"V",7,2,8,4,0,0,17,16
"V",7,2,8,5,0,0,10,10
"V",7,2,8,5,0,1,1,1
"V",7,2,8,6,0,0,7,7
"V",7,2,8,7,0,0,5,5
"V",7,2,8,8,0,0,3,3
"V",7,2,8,9,0,0,1,1
"V",7,2,8,9,0,1,1,1
"V",7,2,8,9,0,2,1,1
"V",7,2,8,9,1,2,1,1
"V",8,0,1,-1,0,0,1100,219
"V",8,0,1,-1,0,1,4,0
"V",8,0,1,-1,0,2,2,0
"V",8,0,1,-1,1,0,4,1
"V",8,0,1,-1,1,1,4,0
"V",8,0,1,-1,1,2,1,0
"V",8,0,1,-1,2,1,1,0
"V",8,0,1,-1,2,2,2,0
"V",8,0,1,-1,3,2,1,0
"V",8,0,1,-10,0,0,37,0
"V",8,0,1,-11,0,0,22,0
"V",8,0,1,-12,0,0,16,0
"V",8,0,1,-13,0,0,6,0
"V",8,0,1,-14,0,0,2,0
"V",8,0,1,-15,0,0,3,0
"V",8,0,1,-16,0,0,1,0
"V",8,0,1,-18,0,0,1,0
"V",8,0,1,-2,0,0,945,109
"V",8,0,1,-2,0,1,2,1
"V",8,0,1,-2,0,2,2,1
"V",8,0,1,-2,1,0,3,0
"V",8,0,1,-2,1,1,2,0
"V",8,0,1,-2,1,2,3,0
"V",8,0,1,-2,2,0,1,0
"V",8,0,1,-2,2,1,1,0
"V",8,0,1,-2,2,2,2,0
"V",8,0,1,-2,3,1,1,0
"V",8,0,1,-2,3,2,1,0
"V",8,0,1,-20,0,0,1,0
"V",8,0,1,-3,0,0,705,38
"V",8,0,1,-3,0,1,1,0
"V",8,0,1,-3,1,0,3,0
"V",8,0,1,-3,1,1,1,0
"V",8,0,1,-3,2,1,1,0
"V",8,0,1,-4,0,0,533,16
"V",8,0,1,-4,1,0,1,0
"V",8,0,1,-5,0,0,330,5
"V",8,0,1,-6,0,0,220,1
"V",8,0,1,-7,0,0,170,0
"V",8,0,1,-7,1,0,1,0
"V",8,0,1,-8,0,0,91,0
"V",8,0,1,-9,0,0,59,0
"V",8,0,1,0,0,0,1147,529
"V",8,0,1,0,0,1,3,1
"V",8,0,1,0,0,2,2,0
"V",8,0,1,0,1,0,3,1
"V",8,0,1,0,1,1,2,1
"V",8,0,1,0,1,2,1,0
"V",8,0,1,0,2,1,1,0
"V",8,0,1,0,2,2,1,0
"V",8,0,1,1,0,0,1039,807
"V",8,0,1,1,0,1,4,4
"V",8,0,1,1,0,2,1,1
"V",8,0,1,1,1,0,3,1
"V",8,0,1,1,1,1,3,2
"V",8,0,1,1,1,2,1,1
"V",8,0,1,1,2,0,2,1
"V",8,0,1,1,2,1,3,2
"V",8,0,1,1,2,2,2,1
"V",8,0,1,1,3,1,2,2
"V",8,0,1,1,3,2,2,1
"V",8,0,1,10,0,0,24,24
"V",8,0,1,11,0,0,15,15
"V",8,0,1,12,0,0,6,6
"V",8,0,1,13,0,0,4,4
"V",8,0,1,14,0,0,6,6
"V",8,0,1,15,0,0,3,3
"V",8,0,1,16,0,0,3,3
"V",8,0,1,17,0,0,1,1
"V",8,0,1,2,0,0,820,722
"V",8,0,1,2,0,1,6,5
"V",8,0,1,2,1,1,4,3
"V",8,0,1,2,1,2,2,2
"V",8,0,1,3,0,0,603,566
"V",8,0,1,3,1,0,1,1
"V",8,0,1,3,1,1,1,1
"V",8,0,1,4,0,0,408,401
"V",8,0,1,4,0,1,1,1
"V",8,0,1,4,0,2,1,1
"V",8,0,1,4,1,2,1,1
"V",8,0,1,4,2,2,1,1
"V",8,0,1,5,0,0,294,287
"V",8,0,1,5,0,1,2,2
"V",8,0,1,6,0,0,177,177
"V",8,0,1,7,0,0,131,131
"V",8,0,1,7,1,0,1,1
"V",8,0,1,7,2,0,1,1
"V",8,0,1,7,2,1,1,1
"V",8,0,1,7,2,2,1,1
"V",8,0,1,8,0,0,64,64
"V",8,0,1,9,0,0,37,37
"V",8,0,1,9,0,1,1,1
"V",8,0,2,-1,0,0,312,97
"V",8,0,2,-10,0,0,12,0
"V",8,0,2,-11,0,0,7,0
"V",8,0,2,-12,0,0,6,0
"V",8,0,2,-13,0,0,4,0
"V",8,0,2,-14,0,0,2,0
"V",8,0,2,-15,0,0,1,0
"V",8,0,2,-16,0,0,1,0
"V",8,0,2,-18,0,0,1,0
"V",8,0,2,-2,0,0,224,44
"V",8,0,2,-2,0,1,1,1
"V",8,0,2,-2,1,0,1,0
"V",8,0,2,-2,1,1,1,1
"V",8,0,2,-3,0,0,203,18
"V",8,0,2,-3,0,1,1,0
"V",8,0,2,-3,1,1,1,0
"V",8,0,2,-3,1,2,1,0
"V",8,0,2,-3,2,2,1,0
"V",8,0,2,-3,3,2,1,0
"V",8,0,2,-4,0,0,141,8
"V",8,0,2,-5,0,0,110,2
"V",8,0,2,-5,1,0,1,0
"V",8,0,2,-6,0,0,50,0
"V",8,0,2,-7,0,0,38,0
"V",8,0,2,-8,0,0,32,0
"V",8,0,2,-9,0,0,15,0
"V",8,0,2,0,0,0,326,172
"V",8,0,2,0,1,0,1,0
"V",8,0,2,1,0,0,302,241
"V",8,0,2,1,0,1,1,0
"V",8,0,2,1,1,0,3,2
"V",8,0,2,1,1,1,2,2
"V",8,0,2,1,1,2,1,1
"V",8,0,2,1,2,0,1,0
"V",8,0,2,1,3,0,1,0
"V",8,0,2,10,0,0,10,10
"V",8,0,2,11,0,0,4,4
"V",8,0,2,12,0,0,4,4
"V",8,0,2,14,0,0,2,2
"V",8,0,2,16,0,0,1,1
"V",8,0,2,18,0,0,1,1
"V",8,0,2,2,0,0,228,201
"V",8,0,2,2,1,0,1,1
"V",8,0,2,2,1,1,1,1
"V",8,0,2,3,0,0,186,174
"V",8,0,2,4,0,0,133,132
"V",8,0,2,5,0,0,92,91
"V",8,0,2,6,0,0,48,48
"V",8,0,2,7,0,0,44,44
"V",8,0,2,7,0,1,1,1
"V",8,0,2,7,1,1,1,1
"V",8,0,2,8,0,0,18,18
"V",8,0,2,9,0,0,14,14
"V",8,0,3,-1,0,0,73,27
"V",8,0,3,-10,0,0,1,0
"V",8,0,3,-11,0,0,3,0
"V",8,0,3,-13,0,0,1,0
"V",8,0,3,-2,0,0,61,17
"V",8,0,3,-2,0,1,1,0
"V",8,0,3,-3,0,0,38,4
"V",8,0,3,-4,0,0,25,1
"V",8,0,3,-5,0,0,21,1
"V",8,0,3,-6,0,0,16,0
"V",8,0,3,-7,0,0,12,0
"V",8,0,3,-8,0,0,5,0
"V",8,0,3,-9,0,0,5,0
"V",8,0,3,0,0,0,64,38
"V",8,0,3,1,0,0,66,56
"V",8,0,3,10,0,0,2,2
"V",8,0,3,14,0,0,2,2
"V",8,0,3,2,0,0,55,50
"V",8,0,3,3,0,0,47,44
"V",8,0,3,4,0,0,33,32
"V",8,0,3,5,0,0,25,24
"V",8,0,3,6,0,0,13,13
"V",8,0,3,7,0,0,8,8
"V",8,0,3,8,0,0,7,7
"V",8,0,3,9,0,0,6,6
"V",8,0,4,-1,0,0,62,29
"V",8,0,4,-10,0,0,2,0
"V",8,0,4,-11,0,0,4,0
"V",8,0,4,-12,0,0,1,0
"V",8,0,4,-13,0,0,1,0
"V",8,0,4,-2,0,0,52,17
"V",8,0,4,-2,0,1,1,0
"V",8,0,4,-2,1,1,1,0
"V",8,0,4,-3,0,0,49,4
"V",8,0,4,-4,0,0,38,3
"V",8,0,4,-5,0,0,36,1
"V",8,0,4,-6,0,0,13,0
"V",8,0,4,-7,0,0,10,0
"V",8,0,4,-8,0,0,6,0
"V",8,0,4,-9,0,0,4,0
"V",8,0,4,0,0,0,69,49
"V",8,0,4,1,0,0,50,41
"V",8,0,4,1,0,1,1,1
"V",8,0,4,1,0,2,1,1
"V",8,0,4,10,0,0,3,3
"V",8,0,4,11,0,0,2,2
"V",8,0,4,12,0,0,2,2
"V",8,0,4,14,0,0,1,1
"V",8,0,4,18,0,0,1,1
"V",8,0,4,2,0,0,38,34
"V",8,0,4,3,0,0,38,37
"V",8,0,4,4,0,0,37,37
"V",8,0,4,5,0,0,20,20
"V",8,0,4,6,0,0,10,10
"V",8,0,4,7,0,0,11,11
"V",8,0,4,8,0,0,5,5
"V",8,0,4,9,0,0,2,2
"V",8,0,5,-1,0,0,17,6
"V",8,0,5,-10,0,0,1,0
"V",8,0,5,-12,0,0,2,0
"V",8,0,5,-2,0,0,11,5
"V",8,0,5,-3,0,0,17,2
"V",8,0,5,-4,0,0,4,0
"V",8,0,5,-5,0,0,6,0
"V",8,0,5,-6,0,0,3,0
"V",8,0,5,-8,0,0,1,0
"V",8,0,5,-9,0,0,2,0
"V",8,0,5,0,0,0,21,15
"V",8,0,5,1,0,0,27,24
"V",8,0,5,10,0,0,2,2
"V",8,0,5,11,0,0,1,1
"V",8,0,5,17,0,0,1,1
"V",8,0,5,2,0,0,34,34
"V",8,0,5,3,0,0,18,18
"V",8,0,5,4,0,0,13,13
"V",8,0,5,5,0,0,9,9
"V",8,0,5,6,0,0,7,7
"V",8,0,5,7,0,0,2,2
"V",8,0,5,8,0,0,3,3
"V",8,0,5,9,0,0,2,2
"V",8,0,6,-1,0,0,21,9
"V",8,0,6,-1,0,1,1,1
"V",8,0,6,-10,0,0,1,0
"V",8,0,6,-11,0,0,1,0
"V",8,0,6,-2,0,0,27,7
"V",8,0,6,-3,0,0,16,3
"V",8,0,6,-4,0,0,9,0
"V",8,0,6,-5,0,0,7,0
"V",8,0,6,-6,0,0,1,0
"V",8,0,6,-7,0,0,2,0
"V",8,0,6,-8,0,0,2,0
"V",8,0,6,-9,0,0,2,0
"V",8,0,6,0,0,0,22,15
"V",8,0,6,1,0,0,22,19
"V",8,0,6,1,1,0,1,1
"V",8,0,6,14,0,0,1,1
"V",8,0,6,2,0,0,22,21
"V",8,0,6,3,0,0,21,21
"V",8,0,6,3,1,0,1,1
"V",8,0,6,4,0,0,6,6
"V",8,0,6,5,0,0,16,15
"V",8,0,6,6,0,0,5,5
"V",8,0,6,7,0,0,5,5
"V",8,0,6,8,0,0,2,2
"V",8,0,7,-1,0,0,24,15
"V",8,0,7,-11,0,0,1,0
"V",8,0,7,-12,0,0,1,0
"V",8,0,7,-13,0,0,2,0
"V",8,0,7,-2,0,0,12,5
"V",8,0,7,-2,0,1,1,0
"V",8,0,7,-2,1,1,1,0
"V",8,0,7,-2,1,2,1,0
"V",8,0,7,-3,0,0,7,0
"V",8,0,7,-4,0,0,7,2
"V",8,0,7,-5,0,0,3,0
"V",8,0,7,-6,0,0,3,0
"V",8,0,7,-7,0,0,1,0
"V",8,0,7,-8,0,0,1,0
"V",8,0,7,-9,0,0,1,0
"V",8,0,7,0,0,0,14,12
"V",8,0,7,1,0,0,12,10
"V",8,0,7,10,0,0,2,2
"V",8,0,7,2,0,0,16,14
"V",8,0,7,2,0,1,1,1
"V",8,0,7,2,0,2,1,1
"V",8,0,7,3,0,0,4,4
"V",8,0,7,4,0,0,13,13
"V",8,0,7,5,0,0,5,5
"V",8,0,7,6,0,0,2,2
"V",8,0,7,7,0,0,2,2
"V",8,0,8,-1,0,0,26,16
"V",8,0,8,-11,0,0,2,0
"V",8,0,8,-12,0,0,1,0
"V",8,0,8,-13,0,0,1,0
"V",8,0,8,-2,0,0,16,6
"V",8,0,8,-3,0,0,7,2
"V",8,0,8,-4,0,0,7,1
"V",8,0,8,-5,0,0,4,1
"V",8,0,8,-6,0,0,4,0
"V",8,0,8,-7,0,0,3,0
"V",8,0,8,-8,0,0,2,0
"V",8,0,8,-9,0,0,2,0
"V",8,0,8,0,0,0,24,15
"V",8,0,8,1,0,0,17,14
"V",8,0,8,2,0,0,14,13
"V",8,0,8,3,0,0,11,11
"V",8,0,8,4,0,0,9,9
"V",8,0,8,5,0,0,7,7
"V",8,0,8,6,0,0,2,2
"V",8,0,8,7,0,0,1,1
"V",8,0,8,8,0,0,3,3
"V",8,0,8,9,0,0,1,1
"V",8,1,1,-1,0,0,753,104
"V",8,1,1,-1,0,1,4,0
"V",8,1,1,-1,0,2,1,0
"V",8,1,1,-1,1,0,2,0
"V",8,1,1,-1,1,1,2,0
"V",8,1,1,-1,1,2,1,0
"V",8,1,1,-1,2,0,2,0
"V",8,1,1,-1,2,1,2,0
"V",8,1,1,-1,3,0,1,0
"V",8,1,1,-10,0,0,23,0
"V",8,1,1,-11,0,0,12,0
"V",8,1,1,-12,0,0,8,0
"V",8,1,1,-13,0,0,2,0
"V",8,1,1,-15,0,0,2,0
"V",8,1,1,-2,0,0,681,52
"V",8,1,1,-2,0,1,1,0
"V",8,1,1,-2,0,2,1,0
"V",8,1,1,-2,1,0,2,0
"V",8,1,1,-2,1,1,1,0
"V",8,1,1,-2,1,2,2,0
"V",8,1,1,-20,0,0,1,0
"V",8,1,1,-3,0,0,469,17
"V",8,1,1,-3,0,1,1,0
"V",8,1,1,-3,1,0,2,0
"V",8,1,1,-3,1,1,1,0
"V",8,1,1,-3,2,0,2,0
"V",8,1,1,-3,2,1,2,0
"V",8,1,1,-3,2,2,1,0
"V",8,1,1,-3,3,0,1,0
"V",8,1,1,-3,3,1,1,0
"V",8,1,1,-3,3,2,1,0
"V",8,1,1,-4,0,0,375,7
"V",8,1,1,-4,1,0,1,0
"V",8,1,1,-4,2,0,1,0
"V",8,1,1,-4,2,1,1,0
"V",8,1,1,-5,0,0,205,2
"V",8,1,1,-6,0,0,151,1
"V",8,1,1,-7,0,0,123,0
"V",8,1,1,-8,0,0,55,0
"V",8,1,1,-9,0,0,41,0
"V",8,1,1,0,0,0,783,326
"V",8,1,1,0,0,1,3,2
"V",8,1,1,0,0,2,1,1
"V",8,1,1,0,1,0,3,1
"V",8,1,1,0,1,1,3,0
"V",8,1,1,0,1,2,2,0
"V",8,1,1,0,2,0,1,1
"V",8,1,1,0,2,1,1,1
"V",8,1,1,0,2,2,1,0
"V",8,1,1,1,0,0,714,544
"V",8,1,1,1,0,1,3,3
"V",8,1,1,1,0,2,1,1
"V",8,1,1,1,1,1,2,2
"V",8,1,1,1,1,2,1,1
"V",8,1,1,10,0,0,13,13
"V",8,1,1,11,0,0,13,13
"V",8,1,1,12,0,0,5,5
"V",8,1,1,13,0,0,4,4
"V",8,1,1,14,0,0,3,3
"V",8,1,1,15,0,0,3,3
"V",8,1,1,16,0,0,2,2
"V",8,1,1,17,0,0,1,1
"V",8,1,1,2,0,0,570,502
"V",8,1,1,2,0,1,2,2
"V",8,1,1,2,1,0,1,1
"V",8,1,1,2,1,1,2,2
"V",8,1,1,2,1,2,1,1
"V",8,1,1,3,0,0,417,391
"V",8,1,1,4,0,0,278,272
"V",8,1,1,4,0,1,1,1
"V",8,1,1,4,0,2,1,1
"V",8,1,1,4,1,2,1,1
"V",8,1,1,4,2,2,1,1
"V",8,1,1,4,3,2,1,1
"V",8,1,1,5,0,0,202,196
"V",8,1,1,5,0,1,1,1
"V",8,1,1,5,1,0,1,1
"V",8,1,1,5,1,1,2,2
"V",8,1,1,5,1,2,1,1
"V",8,1,1,5,2,1,1,1
"V",8,1,1,5,2,2,1,1
"V",8,1,1,6,0,0,130,130
"V",8,1,1,7,0,0,93,93
"V",8,1,1,8,0,0,48,48
"V",8,1,1,9,0,0,24,24
"V",8,1,1,9,0,1,1,1
"V",8,1,1,9,0,2,1,1
"V",8,1,2,-1,0,0,304,65
"V",8,1,2,-1,0,1,1,0
"V",8,1,2,-1,1,0,1,0
"V",8,1,2,-1,1,1,1,0
"V",8,1,2,-10,0,0,12,0
"V",8,1,2,-11,0,0,8,0
"V",8,1,2,-12,0,0,6,0
"V",8,1,2,-13,0,0,2,0
"V",8,1,2,-14,0,0,2,0
"V",8,1,2,-15,0,0,2,0
"V",8,1,2,-18,0,0,1,0
"V",8,1,2,-2,0,0,343,40
"V",8,1,2,-2,1,0,1,0
"V",8,1,2,-2,1,1,1,0
"V",8,1,2,-2,2,1,1,0
"V",8,1,2,-2,2,2,1,0
"V",8,1,2,-2,3,2,1,0
"V",8,1,2,-3,0,0,237,14
"V",8,1,2,-3,0,1,1,0
"V",8,1,2,-4,0,0,163,3
"V",8,1,2,-4,0,1,1,0
"V",8,1,2,-4,1,1,1,0
"V",8,1,2,-5,0,0,105,3
"V",8,1,2,-6,0,0,73,0
"V",8,1,2,-7,0,0,49,0
"V",8,1,2,-8,0,0,36,0
"V",8,1,2,-9,0,0,25,0
"V",8,1,2,0,0,0,314,145
"V",8,1,2,0,1,0,1,1
"V",8,1,2,1,0,0,323,248
"V",8,1,2,1,0,1,1,1
"V",8,1,2,1,1,0,1,1
"V",8,1,2,1,2,0,1,1
"V",8,1,2,10,0,0,13,13
"V",8,1,2,11,0,0,4,4
"V",8,1,2,12,0,0,4,4
"V",8,1,2,13,0,0,2,2
"V",8,1,2,14,0,0,5,5
"V",8,1,2,15,0,0,1,1
"V",8,1,2,2,0,0,248,222
"V",8,1,2,2,0,1,1,0
"V",8,1,2,2,1,0,2,2
"V",8,1,2,2,1,1,2,2
"V",8,1,2,2,1,2,1,1
"V",8,1,2,3,0,0,215,204
"V",8,1,2,4,0,0,124,122
"V",8,1,2,5,0,0,119,117
"V",8,1,2,6,0,0,62,62
"V",8,1,2,7,0,0,53,53
"V",8,1,2,8,0,0,26,26
"V",8,1,2,9,0,0,17,17
"V",8,1,3,-1,0,0,152,49
"V",8,1,3,-1,1,0,1,0
"V",8,1,3,-1,1,1,1,0
"V",8,1,3,-1,1,2,1,0
"V",8,1,3,-10,0,0,3,0
"V",8,1,3,-11,0,0,6,0
"V",8,1,3,-13,0,0,3,0
"V",8,1,3,-16,0,0,1,0
"V",8,1,3,-2,0,0,83,11
"V",8,1,3,-3,0,0,57,4
"V",8,1,3,-4,0,0,50,1
"V",8,1,3,-5,0,0,36,1
"V",8,1,3,-6,0,0,22,1
"V",8,1,3,-7,0,0,17,0
"V",8,1,3,-7,1,0,1,0
"V",8,1,3,-7,2,0,1,0
"V",8,1,3,-7,3,0,1,0
"V",8,1,3,-8,0,0,9,0
"V",8,1,3,-9,0,0,3,0
"V",8,1,3,0,0,0,209,116
"V",8,1,3,0,0,1,1,0
"V",8,1,3,1,0,0,202,161
"V",8,1,3,1,0,1,1,1
"V",8,1,3,1,0,2,1,1
"V",8,1,3,10,0,0,8,8
"V",8,1,3,11,0,0,3,3
"V",8,1,3,12,0,0,5,5
"V",8,1,3,13,0,0,2,2
"V",8,1,3,14,0,0,1,1
"V",8,1,3,2,0,0,161,138
"V",8,1,3,2,1,0,3,3
"V",8,1,3,2,1,1,2,2
"V",8,1,3,2,1,2,2,2
"V",8,1,3,2,2,2,2,2
"V",8,1,3,3,0,0,128,119
"V",8,1,3,3,0,1,1,1
"V",8,1,3,3,0,2,1,1
"V",8,1,3,3,1,0,1,1
"V",8,1,3,4,0,0,102,102
"V",8,1,3,5,0,0,64,63
"V",8,1,3,6,0,0,29,29
"V",8,1,3,7,0,0,24,24
"V",8,1,3,7,0,1,1,1
"V",8,1,3,7,1,1,1,1
"V",8,1,3,7,2,1,1,1
"V",8,1,3,7,2,2,1,1
"V",8,1,3,8,0,0,15,15
"V",8,1,3,9,0,0,8,8
"V",8,1,4,-1,0,0,95,31
"V",8,1,4,-10,0,0,4,0
"V",8,1,4,-11,0,0,5,0
"V",8,1,4,-18,0,0,1,0
"V",8,1,4,-2,0,0,89,20
"V",8,1,4,-3,0,0,81,7
"V",8,1,4,-4,0,0,62,3
"V",8,1,4,-5,0,0,37,0
"V",8,1,4,-6,0,0,26,1
"V",8,1,4,-7,0,0,16,0
"V",8,1,4,-7,0,1,1,0
"V",8,1,4,-7,0,2,1,0
"V",8,1,4,-7,1,2,1,0
"V",8,1,4,-8,0,0,15,0
"V",8,1,4,-9,0,0,6,0
"V",8,1,4,0,0,0,90,48
"V",8,1,4,1,0,0,103,81
"V",8,1,4,1,1,0,2,1
"V",8,1,4,1,1,1,1,0
"V",8,1,4,1,2,1,1,0
"V",8,1,4,1,2,2,1,0
"V",8,1,4,10,0,0,2,2
"V",8,1,4,11,0,0,3,3
"V",8,1,4,12,0,0,2,2
"V",8,1,4,14,0,0,4,4
"V",8,1,4,2,0,0,64,62
"V",8,1,4,2,0,1,1,1
"V",8,1,4,2,0,2,1,1
"V",8,1,4,2,1,2,1,1
"V",8,1,4,3,0,0,75,72
"V",8,1,4,4,0,0,53,53
"V",8,1,4,5,0,0,35,35
"V",8,1,4,6,0,0,26,26
"V",8,1,4,7,0,0,14,14
"V",8,1,4,8,0,0,7,7
"V",8,1,4,9,0,0,10,10
"V",8,1,5,-1,0,0,61,24
"V",8,1,5,-10,0,0,1,0
"V",8,1,5,-11,0,0,1,0
"V",8,1,5,-12,0,0,2,0
"V",8,1,5,-13,0,0,1,0
"V",8,1,5,-2,0,0,42,6
"V",8,1,5,-3,0,0,29,1
"V",8,1,5,-4,0,0,12,0
"V",8,1,5,-5,0,0,12,0
"V",8,1,5,-6,0,0,10,0
"V",8,1,5,-7,0,0,6,0
"V",8,1,5,-8,0,0,1,0
"V",8,1,5,-9,0,0,6,0
"V",8,1,5,0,0,0,86,58
"V",8,1,5,1,0,0,65,56
"V",8,1,5,10,0,0,3,3
"V",8,1,5,11,0,0,1,1
"V",8,1,5,13,0,0,2,2
"V",8,1,5,2,0,0,86,79
"V",8,1,5,3,0,0,63,58
"V",8,1,5,3,1,0,1,1
"V",8,1,5,3,1,1,1,1
"V",8,1,5,3,1,2,1,1
"V",8,1,5,4,0,0,41,41
"V",8,1,5,5,0,0,23,22
"V",8,1,5,6,0,0,19,19
"V",8,1,5,7,0,0,7,7
"V",8,1,5,8,0,0,10,10
"V",8,1,5,9,0,0,6,6
"V",8,1,6,-1,0,0,49,29
"V",8,1,6,-10,0,0,2,0
"V",8,1,6,-11,0,0,2,0
"V",8,1,6,-2,0,0,38,5
"V",8,1,6,-3,0,0,32,0
"V",8,1,6,-4,0,0,28,0
"V",8,1,6,-5,0,0,16,1
"V",8,1,6,-6,0,0,9,0
"V",8,1,6,-7,0,0,3,0
"V",8,1,6,-8,0,0,2,0
"V",8,1,6,-9,0,0,2,0
"V",8,1,6,0,0,0,62,43
"V",8,1,6,1,0,0,45,37
"V",8,1,6,12,0,0,2,2
"V",8,1,6,18,0,0,1,1
"V",8,1,6,2,0,0,46,42
"V",8,1,6,2,0,1,1,1
"V",8,1,6,2,0,2,1,1
"V",8,1,6,3,0,0,34,32
"V",8,1,6,4,0,0,23,23
"V",8,1,6,5,0,0,21,20
"V",8,1,6,5,1,0,1,1
"V",8,1,6,5,1,1,1,1
"V",8,1,6,5,1,2,1,1
"V",8,1,6,6,0,0,14,14
"V",8,1,6,7,0,0,10,10
"V",8,1,6,8,0,0,8,8
"V",8,1,6,9,0,0,5,5
"V",8,1,7,-1,0,0,57,31
"V",8,1,7,-10,0,0,1,0
"V",8,1,7,-11,0,0,2,0
"V",8,1,7,-12,0,0,1,0
"V",8,1,7,-13,0,0,1,0
"V",8,1,7,-2,0,0,39,13
"V",8,1,7,-3,0,0,20,3
"V",8,1,7,-4,0,0,18,3
"V",8,1,7,-5,0,0,19,1
"V",8,1,7,-6,0,0,9,0
"V",8,1,7,-7,0,0,7,0
"V",8,1,7,-8,0,0,2,0
"V",8,1,7,-9,0,0,3,0
"V",8,1,7,0,0,0,42,23
"V",8,1,7,0,0,1,1,0
"V",8,1,7,1,0,0,60,55
"V",8,1,7,1,0,1,1,1
"V",8,1,7,1,0,2,1,1
"V",8,1,7,10,0,0,3,3
"V",8,1,7,12,0,0,1,1
"V",8,1,7,13,0,0,1,1
"V",8,1,7,15,0,0,1,1
"V",8,1,7,2,0,0,44,40
"V",8,1,7,2,0,1,1,1
"V",8,1,7,2,1,1,1,1
"V",8,1,7,2,1,2,1,1
"V",8,1,7,2,2,2,1,1
"V",8,1,7,3,0,0,26,26
"V",8,1,7,3,1,0,1,1
"V",8,1,7,3,1,1,1,1
"V",8,1,7,3,1,2,1,1
"V",8,1,7,3,2,2,1,1
"V",8,1,7,3,3,2,1,1
"V",8,1,7,4,0,0,30,30
"V",8,1,7,5,0,0,17,17
"V",8,1,7,6,0,0,13,13
"V",8,1,7,7,0,0,9,9
"V",8,1,7,8,0,0,7,7
"V",8,1,8,-1,0,0,35,20
"V",8,1,8,-10,0,0,1,0
"V",8,1,8,-17,0,0,1,0
"V",8,1,8,-18,0,0,1,0
"V",8,1,8,-2,0,0,23,6
"V",8,1,8,-3,0,0,22,4
"V",8,1,8,-4,0,0,15,3
"V",8,1,8,-5,0,0,10,1
"V",8,1,8,-6,0,0,12,0
"V",8,1,8,-7,0,0,3,0
"V",8,1,8,-8,0,0,4,0
"V",8,1,8,-9,0,0,2,0
"V",8,1,8,0,0,0,38,24
"V",8,1,8,1,0,0,32,26
"V",8,1,8,1,1,0,1,0
"V",8,1,8,1,1,1,1,0
"V",8,1,8,10,0,0,1,1
"V",8,1,8,2,0,0,20,16
"V",8,1,8,3,0,0,20,19
"V",8,1,8,3,1,0,1,1
"V",8,1,8,3,1,1,1,1
"V",8,1,8,4,0,0,19,19
"V",8,1,8,5,0,0,10,10
"V",8,1,8,6,0,0,6,6
"V",8,1,8,7,0,0,5,5
"V",8,1,8,8,0,0,5,5
"V",8,1,8,9,0,0,4,4
"V",8,2,1,-1,0,0,630,62
"V",8,2,1,-1,0,1,4,0
"V",8,2,1,-1,0,2,3,0
"V",8,2,1,-1,1,1,1,0
"V",8,2,1,-1,1,2,3,0
"V",8,2,1,-1,2,2,2,0
"V",8,2,1,-1,3,2,1,0
"V",8,2,1,-10,0,0,16,0
"V",8,2,1,-11,0,0,6,0
"V",8,2,1,-12,0,0,7,0
"V",8,2,1,-12,0,1,1,0
"V",8,2,1,-12,1,1,1,0
"V",8,2,1,-13,0,0,2,0
"V",8,2,1,-15,0,0,1,0
"V",8,2,1,-2,0,0,469,25
"V",8,2,1,-2,0,1,1,0
"V",8,2,1,-2,1,0,2,0
"V",8,2,1,-2,1,1,2,0
"V",8,2,1,-2,1,2,2,0
"V",8,2,1,-2,2,2,2,0
"V",8,2,1,-2,3,2,1,0
"V",8,2,1,-20,0,0,1,0
"V",8,2,1,-3,0,0,352,8
"V",8,2,1,-3,0,1,1,0
"V",8,2,1,-3,1,0,1,0
"V",8,2,1,-3,1,1,1,0
"V",8,2,1,-3,1,2,1,0
"V",8,2,1,-4,0,0,275,4
"V",8,2,1,-5,0,0,155,1
"V",8,2,1,-5,1,0,1,0
"V",8,2,1,-5,2,0,1,0
"V",8,2,1,-5,3,0,1,0
"V",8,2,1,-6,0,0,108,0
"V",8,2,1,-7,0,0,100,0
"V",8,2,1,-8,0,0,39,0
"V",8,2,1,-9,0,0,24,0
"V",8,2,1,0,0,0,624,238
"V",8,2,1,0,0,1,1,0
"V",8,2,1,0,1,0,3,1
"V",8,2,1,0,1,1,2,0
"V",8,2,1,1,0,0,555,424
"V",8,2,1,1,0,1,1,1
"V",8,2,1,1,1,0,2,2
"V",8,2,1,1,1,1,1,1
"V",8,2,1,10,0,0,10,10
"V",8,2,1,11,0,0,11,11
"V",8,2,1,12,0,0,1,1
"V",8,2,1,13,0,0,4,4
"V",8,2,1,14,0,0,3,3
"V",8,2,1,15,0,0,2,2
"V",8,2,1,16,0,0,2,2
"V",8,2,1,17,0,0,1,1
"V",8,2,1,2,0,0,457,395
"V",8,2,1,2,0,1,1,1
"V",8,2,1,2,0,2,1,1
"V",8,2,1,3,0,0,337,312
"V",8,2,1,4,0,0,227,221
"V",8,2,1,4,1,0,1,1
"V",8,2,1,4,1,1,1,1
"V",8,2,1,4,1,2,1,1
"V",8,2,1,5,0,0,186,182
"V",8,2,1,5,0,1,1,1
"V",8,2,1,6,0,0,124,124
"V",8,2,1,6,0,1,2,2
"V",8,2,1,6,0,2,2,2
"V",8,2,1,6,1,2,2,2
"V",8,2,1,6,2,2,2,2
"V",8,2,1,6,3,2,2,2
"V",8,2,1,7,0,0,82,82
"V",8,2,1,8,0,0,38,38
"V",8,2,1,9,0,0,20,20
"V",8,2,1,9,0,1,1,1
"V",8,2,1,9,0,2,1,1
"V",8,2,1,9,1,2,1,1
"V",8,2,2,-1,0,0,321,43
"V",8,2,2,-1,0,1,1,0
"V",8,2,2,-1,1,0,1,0
"V",8,2,2,-1,2,0,1,0
"V",8,2,2,-1,2,1,1,0
"V",8,2,2,-10,0,0,13,0
"V",8,2,2,-11,0,0,3,0
"V",8,2,2,-12,0,0,7,0
"V",8,2,2,-12,1,0,1,0
"V",8,2,2,-12,1,1,1,0
"V",8,2,2,-13,0,0,1,0
"V",8,2,2,-14,0,0,1,0
"V",8,2,2,-15,0,0,2,0
"V",8,2,2,-2,0,0,304,21
"V",8,2,2,-3,0,0,230,7
"V",8,2,2,-3,0,1,3,0
"V",8,2,2,-3,1,0,1,0
"V",8,2,2,-3,1,1,2,0
"V",8,2,2,-3,2,1,1,0
"V",8,2,2,-4,0,0,182,3
"V",8,2,2,-5,0,0,99,1
"V",8,2,2,-5,1,0,1,0
"V",8,2,2,-5,1,1,1,0
"V",8,2,2,-6,0,0,61,0
"V",8,2,2,-7,0,0,56,0
"V",8,2,2,-8,0,0,36,0
"V",8,2,2,-9,0,0,22,0
"V",8,2,2,0,0,0,314,124
"V",8,2,2,0,0,1,2,1
"V",8,2,2,0,0,2,1,1
"V",8,2,2,1,0,0,306,243
"V",8,2,2,1,0,1,1,1
"V",8,2,2,1,0,2,1,1
"V",8,2,2,10,0,0,13,13
"V",8,2,2,11,0,0,5,5
"V",8,2,2,12,0,0,4,4
"V",8,2,2,13,0,0,4,4
"V",8,2,2,14,0,0,4,4
"V",8,2,2,15,0,0,1,1
"V",8,2,2,16,0,0,1,1
"V",8,2,2,19,0,0,1,1
"V",8,2,2,2,0,0,258,227
"V",8,2,2,2,0,1,1,0
"V",8,2,2,2,1,1,1,0
"V",8,2,2,20,0,0,1,1
"V",8,2,2,3,0,0,236,220
"V",8,2,2,3,1,0,1,1
"V",8,2,2,3,2,0,1,1
"V",8,2,2,3,3,0,1,1
"V",8,2,2,4,0,0,146,142
"V",8,2,2,5,0,0,111,110
"V",8,2,2,6,0,0,70,70
"V",8,2,2,6,0,1,1,1
"V",8,2,2,7,0,0,53,53
"V",8,2,2,8,0,0,24,24
"V",8,2,2,9,0,0,21,21
"V",8,2,3,-1,0,0,177,29
"V",8,2,3,-1,0,1,2,0
"V",8,2,3,-1,0,2,1,0
"V",8,2,3,-1,1,1,1,0
"V",8,2,3,-10,0,0,6,0
"V",8,2,3,-11,0,0,4,0
"V",8,2,3,-12,0,0,2,0
"V",8,2,3,-13,0,0,1,0
"V",8,2,3,-2,0,0,124,11
"V",8,2,3,-3,0,0,91,5
"V",8,2,3,-4,0,0,56,0
"V",8,2,3,-5,0,0,50,1
"V",8,2,3,-6,0,0,24,0
"V",8,2,3,-7,0,0,21,0
"V",8,2,3,-8,0,0,13,0
"V",8,2,3,-9,0,0,8,0
"V",8,2,3,0,0,0,229,112
"V",8,2,3,0,0,1,1,0
"V",8,2,3,1,0,0,261,203
"V",8,2,3,1,1,0,1,1
"V",8,2,3,10,0,0,11,11
"V",8,2,3,11,0,0,5,5
"V",8,2,3,12,0,0,3,3
"V",8,2,3,13,0,0,2,2
"V",8,2,3,14,0,0,2,2
"V",8,2,3,16,0,0,1,1
"V",8,2,3,19,0,0,1,1
"V",8,2,3,2,0,0,178,160
"V",8,2,3,2,0,1,2,1
"V",8,2,3,2,1,1,2,1
"V",8,2,3,2,2,1,1,0
"V",8,2,3,2,2,2,1,0
"V",8,2,3,3,0,0,158,150
"V",8,2,3,3,0,1,1,1
"V",8,2,3,4,0,0,107,106
"V",8,2,3,5,0,0,76,75
"V",8,2,3,6,0,0,46,46
"V",8,2,3,7,0,0,34,34
"V",8,2,3,7,1,0,1,1
"V",8,2,3,7,1,1,1,1
"V",8,2,3,7,2,1,1,1
"V",8,2,3,8,0,0,30,30
"V",8,2,3,9,0,0,14,14
"V",8,2,4,-1,0,0,113,28
"V",8,2,4,-1,0,1,1,1
"V",8,2,4,-1,0,2,1,1
"V",8,2,4,-10,0,0,4,0
"V",8,2,4,-11,0,0,4,0
"V",8,2,4,-12,0,0,1,0
"V",8,2,4,-15,0,0,1,0
"V",8,2,4,-2,0,0,119,10
"V",8,2,4,-3,0,0,88,4
"V",8,2,4,-4,0,0,77,3
"V",8,2,4,-5,0,0,43,1
"V",8,2,4,-6,0,0,29,1
"V",8,2,4,-7,0,0,20,0
"V",8,2,4,-7,1,0,1,0
"V",8,2,4,-7,2,0,1,0
"V",8,2,4,-7,3,0,1,0
"V",8,2,4,-8,0,0,13,0
"V",8,2,4,-9,0,0,8,0
"V",8,2,4,0,0,0,117,55
"V",8,2,4,1,0,0,106,81
"V",8,2,4,1,0,1,1,0
"V",8,2,4,10,0,0,5,5
"V",8,2,4,11,0,0,2,2
"V",8,2,4,12,0,0,2,2
"V",8,2,4,13,0,0,2,2
"V",8,2,4,14,0,0,3,3
"V",8,2,4,2,0,0,79,74
"V",8,2,4,20,0,0,1,1
"V",8,2,4,3,0,0,73,66
"V",8,2,4,4,0,0,52,49
"V",8,2,4,4,1,0,1,1
"V",8,2,4,5,0,0,32,32
"V",8,2,4,6,0,0,22,22
"V",8,2,4,7,0,0,13,13
"V",8,2,4,8,0,0,12,12
"V",8,2,4,9,0,0,7,7
"V",8,2,5,-1,0,0,78,10
"V",8,2,5,-1,0,1,1,0
"V",8,2,5,-10,0,0,4,0
"V",8,2,5,-11,0,0,4,0
"V",8,2,5,-12,0,0,2,0
"V",8,2,5,-13,0,0,2,0
"V",8,2,5,-14,0,0,1,0
"V",8,2,5,-16,0,0,1,0
"V",8,2,5,-2,0,0,48,3
"V",8,2,5,-2,1,0,1,0
"V",8,2,5,-3,0,0,33,2
"V",8,2,5,-4,0,0,20,1
"V",8,2,5,-5,0,0,20,0
"V",8,2,5,-6,0,0,13,0
"V",8,2,5,-7,0,0,7,0
"V",8,2,5,-8,0,0,5,0
"V",8,2,5,-9,0,0,3,0
"V",8,2,5,0,0,0,103,61
"V",8,2,5,1,0,0,96,74
"V",8,2,5,10,0,0,4,4
"V",8,2,5,11,0,0,1,1
"V",8,2,5,12,0,0,1,1
"V",8,2,5,13,0,0,3,3
"V",8,2,5,16,0,0,2,2
"V",8,2,5,2,0,0,93,80
"V",8,2,5,2,0,1,1,1
"V",8,2,5,2,1,1,1,1
"V",8,2,5,2,1,2,1,1
"V",8,2,5,2,2,2,1,1
"V",8,2,5,3,0,0,89,82
"V",8,2,5,4,0,0,63,63
"V",8,2,5,5,0,0,45,44
"V",8,2,5,5,0,1,1,1
"V",8,2,5,5,0,2,1,1
"V",8,2,5,5,1,2,1,1
"V",8,2,5,6,0,0,25,25
"V",8,2,5,7,0,0,16,16
"V",8,2,5,8,0,0,12,12
"V",8,2,5,9,0,0,11,11
"V",8,2,6,-1,0,0,60,14
"V",8,2,6,-10,0,0,2,0
"V",8,2,6,-11,0,0,4,0
"V",8,2,6,-16,0,0,1,0
"V",8,2,6,-2,0,0,49,7
"V",8,2,6,-3,0,0,40,4
"V",8,2,6,-4,0,0,31,1
"V",8,2,6,-5,0,0,16,0
"V",8,2,6,-6,0,0,9,0
"V",8,2,6,-7,0,0,13,0
"V",8,2,6,-8,0,0,2,0
"V",8,2,6,-9,0,0,1,0
"V",8,2,6,0,0,0,60,30
"V",8,2,6,1,0,0,55,45
"V",8,2,6,10,0,0,4,4
"V",8,2,6,11,0,0,3,3
"V",8,2,6,12,0,0,1,1
"V",8,2,6,13,0,0,1,1
"V",8,2,6,2,0,0,48,39
"V",8,2,6,3,0,0,45,40
"V",8,2,6,4,0,0,30,30
"V",8,2,6,5,0,0,19,19
"V",8,2,6,5,1,0,1,1
"V",8,2,6,5,2,0,1,1
"V",8,2,6,6,0,0,11,11
"V",8,2,6,7,0,0,14,14
"V",8,2,6,8,0,0,11,11
"V",8,2,6,9,0,0,5,5
"V",8,2,7,-1,0,0,57,16
"V",8,2,7,-10,0,0,2,0
"V",8,2,7,-11,0,0,1,0
"V",8,2,7,-2,0,0,38,8
"V",8,2,7,-3,0,0,33,3
"V",8,2,7,-4,0,0,24,2
"V",8,2,7,-5,0,0,20,0
"V",8,2,7,-6,0,0,8,0
"V",8,2,7,-7,0,0,5,0
"V",8,2,7,-8,0,0,4,0
"V",8,2,7,-9,0,0,2,0
"V",8,2,7,0,0,0,63,30
"V",8,2,7,0,1,0,1,0
"V",8,2,7,1,0,0,69,55
"V",8,2,7,10,0,0,6,6
"V",8,2,7,11,0,0,2,2
"V",8,2,7,2,0,0,44,39
"V",8,2,7,3,0,0,34,31
"V",8,2,7,4,0,0,28,28
"V",8,2,7,5,0,0,18,18
"V",8,2,7,6,0,0,21,21
"V",8,2,7,7,0,0,14,14
"V",8,2,7,8,0,0,7,7
"V",8,2,7,9,0,0,6,6
"V",8,2,8,-1,0,0,40,15
"V",8,2,8,-10,0,0,1,0
"V",8,2,8,-11,0,0,2,0
"V",8,2,8,-17,0,0,1,0
"V",8,2,8,-2,0,0,32,8
"V",8,2,8,-3,0,0,28,2
"V",8,2,8,-4,0,0,28,2
"V",8,2,8,-5,0,0,18,1
"V",8,2,8,-6,0,0,12,0
"V",8,2,8,-7,0,0,7,0
"V",8,2,8,-7,0,1,1,0
"V",8,2,8,-7,0,2,1,0
"V",8,2,8,-8,0,0,1,0
"V",8,2,8,-9,0,0,2,0
"V",8,2,8,0,0,0,50,24
"V",8,2,8,1,0,0,29,20
"V",8,2,8,10,0,0,3,3
"V",8,2,8,2,0,0,31,27
"V",8,2,8,3,0,0,34,33
"V",8,2,8,4,0,0,15,15
"V",8,2,8,5,0,0,15,15
"V",8,2,8,6,0,0,6,6
"V",8,2,8,7,0,0,5,5
"V",8,2,8,8,0,0,5,5
"V",8,2,8,9,0,0,4,4
"V",9,0,1,-1,0,0,1005,117
"V",9,0,1,-1,0,1,3,0
"V",9,0,1,-1,0,2,1,0
"V",9,0,1,-1,1,0,6,1
"V",9,0,1,-1,1,1,4,0
"V",9,0,1,-1,1,2,1,0
"V",9,0,1,-1,2,0,2,1
"V",9,0,1,-1,2,1,3,1
"V",9,0,1,-1,2,2,2,0
"V",9,0,1,-1,3,2,1,0
"V",9,0,1,-10,0,0,50,0
"V",9,0,1,-11,0,0,29,0
"V",9,0,1,-12,0,0,18,0
"V",9,0,1,-13,0,0,13,0
"V",9,0,1,-14,0,0,6,0
"V",9,0,1,-15,0,0,2,0
"V",9,0,1,-16,0,0,3,0
"V",9,0,1,-2,0,0,893,38
"V",9,0,1,-2,0,1,3,0
"V",9,0,1,-2,0,2,3,0
"V",9,0,1,-2,1,0,1,0
"V",9,0,1,-2,1,1,1,0
"V",9,0,1,-2,1,2,3,0
"V",9,0,1,-21,0,0,1,0
"V",9,0,1,-22,0,0,1,0
"V",9,0,1,-3,0,0,702,17
"V",9,0,1,-3,0,1,2,0
"V",9,0,1,-3,1,0,1,0
"V",9,0,1,-3,1,1,1,0
"V",9,0,1,-3,1,2,1,0
"V",9,0,1,-4,0,0,547,8
"V",9,0,1,-4,0,1,1,0
"V",9,0,1,-5,0,0,365,2
"V",9,0,1,-5,0,1,1,0
"V",9,0,1,-5,0,2,1,0
"V",9,0,1,-5,1,0,2,0
"V",9,0,1,-5,1,2,1,0
"V",9,0,1,-5,2,0,2,0
"V",9,0,1,-5,2,1,1,0
"V",9,0,1,-5,2,2,1,0
"V",9,0,1,-5,3,0,1,0
"V",9,0,1,-5,3,2,1,0
"V",9,0,1,-6,0,0,257,1
"V",9,0,1,-6,0,1,1,0
"V",9,0,1,-6,0,2,1,0
"V",9,0,1,-6,1,2,1,0
"V",9,0,1,-6,2,2,1,0
"V",9,0,1,-6,3,2,1,0
"V",9,0,1,-7,0,0,197,0
"V",9,0,1,-7,0,1,1,0
"V",9,0,1,-7,0,2,1,0
"V",9,0,1,-7,1,2,1,0
"V",9,0,1,-8,0,0,112,0
"V",9,0,1,-9,0,0,66,0
"V",9,0,1,0,0,0,1006,463
"V",9,0,1,0,0,1,5,3
"V",9,0,1,0,0,2,2,2
"V",9,0,1,0,1,0,1,1
"V",9,0,1,0,1,1,2,1
"V",9,0,1,0,1,2,3,3
"V",9,0,1,0,2,0,1,1
"V",9,0,1,0,2,1,1,1
"V",9,0,1,0,2,2,1,1
"V",9,0,1,0,3,2,1,1
"V",9,0,1,1,0,0,1008,887
"V",9,0,1,1,0,1,2,2
"V",9,0,1,1,1,0,3,2
"V",9,0,1,1,1,1,3,2
"V",9,0,1,1,1,2,1,1
"V",9,0,1,1,2,0,1,1
"V",9,0,1,1,2,1,1,0
"V",9,0,1,1,3,0,1,1
"V",9,0,1,1,3,1,1,0
"V",9,0,1,1,3,2,1,0
"V",9,0,1,10,0,0,34,34
"V",9,0,1,11,0,0,13,13
"V",9,0,1,12,0,0,9,9
"V",9,0,1,13,0,0,10,10
"V",9,0,1,14,0,0,6,6
"V",9,0,1,15,0,0,3,3
"V",9,0,1,16,0,0,3,3
"V",9,0,1,17,0,0,1,1
"V",9,0,1,19,0,0,1,1
"V",9,0,1,2,0,0,767,725
"V",9,0,1,2,0,1,4,3
"V",9,0,1,2,0,2,2,2
"V",9,0,1,2,1,0,1,1
"V",9,0,1,2,1,1,1,0
"V",9,0,1,2,1,2,2,1
"V",9,0,1,2,2,2,1,1
"V",9,0,1,2,3,2,1,1
"V",9,0,1,3,0,0,595,578
"V",9,0,1,4,0,0,423,419
"V",9,0,1,4,0,1,1,1
"V",9,0,1,4,1,1,1,1
"V",9,0,1,4,1,2,1,1
"V",9,0,1,5,0,0,327,326
"V",9,0,1,5,0,1,2,2
"V",9,0,1,5,0,2,2,2
"V",9,0,1,6,0,0,216,216
"V",9,0,1,6,0,1,1,1
"V",9,0,1,6,1,0,2,2
"V",9,0,1,6,1,1,2,2
"V",9,0,1,6,2,1,2,2
"V",9,0,1,6,2,2,1,1
"V",9,0,1,6,3,2,1,1
"V",9,0,1,7,0,0,132,132
"V",9,0,1,7,1,0,1,1
"V",9,0,1,8,0,0,82,82
"V",9,0,1,9,0,0,47,47
"V",9,0,2,-1,0,0,261,47
"V",9,0,2,-1,0,1,1,0
"V",9,0,2,-1,1,1,1,0
"V",9,0,2,-1,2,1,1,0
"V",9,0,2,-1,3,1,1,0
"V",9,0,2,-10,0,0,12,0
"V",9,0,2,-11,0,0,9,0
"V",9,0,2,-12,0,0,3,0
"V",9,0,2,-13,0,0,5,0
"V",9,0,2,-14,0,0,1,0
"V",9,0,2,-15,0,0,2,0
"V",9,0,2,-2,0,0,244,24
"V",9,0,2,-3,0,0,193,8
"V",9,0,2,-3,0,1,2,0
"V",9,0,2,-3,0,2,1,0
"V",9,0,2,-3,1,2,1,0
"V",9,0,2,-4,0,0,150,6
"V",9,0,2,-5,0,0,111,1
"V",9,0,2,-5,0,1,1,0
"V",9,0,2,-5,1,0,1,0
"V",9,0,2,-5,1,1,2,0
"V",9,0,2,-5,1,2,2,0
"V",9,0,2,-5,2,2,2,0
"V",9,0,2,-5,3,2,1,0
"V",9,0,2,-6,0,0,73,1
"V",9,0,2,-7,0,0,56,0
"V",9,0,2,-7,1,0,1,0
"V",9,0,2,-8,0,0,33,0
"V",9,0,2,-9,0,0,20,0
"V",9,0,2,0,0,0,285,158
"V",9,0,2,0,0,1,1,1
"V",9,0,2,0,0,2,1,1
"V",9,0,2,0,1,2,1,1
"V",9,0,2,1,0,0,288,260
"V",9,0,2,1,1,0,1,1
"V",9,0,2,1,2,0,1,1
"V",9,0,2,1,2,1,1,1
"V",9,0,2,10,0,0,12,12
"V",9,0,2,11,0,0,5,5
"V",9,0,2,12,0,0,2,2
"V",9,0,2,13,0,0,2,2
"V",9,0,2,14,0,0,2,2
"V",9,0,2,15,0,0,1,1
"V",9,0,2,16,0,0,2,2
"V",9,0,2,19,0,0,1,1
"V",9,0,2,2,0,0,220,213
"V",9,0,2,2,0,1,2,1
"V",9,0,2,2,0,2,1,1
"V",9,0,2,2,1,1,1,0
"V",9,0,2,2,2,1,1,0
"V",9,0,2,3,0,0,180,176
"V",9,0,2,4,0,0,132,132
"V",9,0,2,5,0,0,105,105
"V",9,0,2,6,0,0,76,76
"V",9,0,2,7,0,0,42,42
"V",9,0,2,8,0,0,22,22
"V",9,0,2,9,0,0,18,18
"V",9,0,3,-1,0,0,48,12
"V",9,0,3,-10,0,0,6,0
"V",9,0,3,-11,0,0,1,0
"V",9,0,3,-12,0,0,1,0
"V",9,0,3,-13,0,0,1,0
"V",9,0,3,-14,0,0,2,0
"V",9,0,3,-15,0,0,1,0
"V",9,0,3,-2,0,0,54,4
"V",9,0,3,-2,1,0,1,0
"V",9,0,3,-2,1,1,1,0
"V",9,0,3,-2,1,2,1,0
"V",9,0,3,-2,2,2,1,0
"V",9,0,3,-3,0,0,42,3
"V",9,0,3,-4,0,0,34,1
"V",9,0,3,-4,1,0,1,0
"V",9,0,3,-4,1,1,1,0
"V",9,0,3,-5,0,0,24,0
"V",9,0,3,-6,0,0,23,0
"V",9,0,3,-7,0,0,21,0
"V",9,0,3,-8,0,0,11,0
"V",9,0,3,-9,0,0,7,0
"V",9,0,3,0,0,0,52,33
"V",9,0,3,1,0,0,72,62
"V",9,0,3,10,0,0,1,1
"V",9,0,3,11,0,0,2,2
"V",9,0,3,12,0,0,1,1
"V",9,0,3,17,0,0,1,1
"V",9,0,3,19,0,0,1,1
"V",9,0,3,2,0,0,42,40
"V",9,0,3,2,1,0,1,1
"V",9,0,3,2,1,1,1,1
"V",9,0,3,3,0,0,47,46
"V",9,0,3,4,0,0,23,23
"V",9,0,3,5,0,0,20,20
"V",9,0,3,6,0,0,16,16
"V",9,0,3,7,0,0,13,13
"V",9,0,3,8,0,0,9,9
"V",9,0,3,9,0,0,4,4
"V",9,0,4,-1,0,0,44,17
"V",9,0,4,-1,0,1,1,0
"V",9,0,4,-1,1,1,1,0
"V",9,0,4,-1,2,1,1,0
"V",9,0,4,-10,0,0,6,0
"V",9,0,4,-11,0,0,1,0
"V",9,0,4,-12,0,0,2,0
"V",9,0,4,-13,0,0,1,0
"V",9,0,4,-15,0,0,1,0
"V",9,0,4,-2,0,0,68,14
"V",9,0,4,-3,0,0,39,4
"V",9,0,4,-4,0,0,42,3
"V",9,0,4,-5,0,0,30,0
"V",9,0,4,-6,0,0,7,1
"V",9,0,4,-7,0,0,11,0
"V",9,0,4,-8,0,0,7,0
"V",9,0,4,-9,0,0,6,0
"V",9,0,4,0,0,0,47,32
"V",9,0,4,1,0,0,63,56
"V",9,0,4,10,0,0,2,2
"V",9,0,4,11,0,0,2,2
"V",9,0,4,12,0,0,2,2
"V",9,0,4,13,0,0,1,1
"V",9,0,4,14,0,0,1,1
"V",9,0,4,16,0,0,1,1
"V",9,0,4,2,0,0,55,54
"V",9,0,4,3,0,0,36,36
"V",9,0,4,4,0,0,27,27
"V",9,0,4,5,0,0,24,24
"V",9,0,4,6,0,0,20,20
"V",9,0,4,7,0,0,11,11
"V",9,0,4,8,0,0,9,9
"V",9,0,4,9,0,0,3,3
"V",9,0,5,-1,0,0,15,7
"V",9,0,5,-11,0,0,2,0
"V",9,0,5,-14,0,0,2,0
"V",9,0,5,-2,0,0,14,2
"V",9,0,5,-2,0,1,1,0
"V",9,0,5,-2,1,1,1,0
"V",9,0,5,-22,0,0,1,0
"V",9,0,5,-3,0,0,14,1
"V",9,0,5,-3,1,0,1,0
"V",9,0,5,-3,1,1,1,0
"V",9,0,5,-4,0,0,11,0
"V",9,0,5,-5,0,0,9,1
"V",9,0,5,-6,0,0,9,0
"V",9,0,5,-7,0,0,9,0
"V",9,0,5,-8,0,0,4,0
"V",9,0,5,-9,0,0,5,0
"V",9,0,5,0,0,0,20,15
"V",9,0,5,1,0,0,16,15
"V",9,0,5,10,0,0,1,1
"V",9,0,5,2,0,0,16,16
"V",9,0,5,3,0,0,10,10
"V",9,0,5,4,0,0,18,18
"V",9,0,5,5,0,0,11,11
"V",9,0,5,6,0,0,8,8
"V",9,0,5,7,0,0,4,4
"V",9,0,5,8,0,0,2,2
"V",9,0,5,9,0,0,1,1
"V",9,0,6,-1,0,0,17,10
"V",9,0,6,-14,0,0,1,0
"V",9,0,6,-15,0,0,1,0
"V",9,0,6,-2,0,0,17,3
"V",9,0,6,-3,0,0,11,1
"V",9,0,6,-4,0,0,14,1
"V",9,0,6,-5,0,0,11,0
"V",9,0,6,-6,0,0,8,0
"V",9,0,6,-7,0,0,3,0
"V",9,0,6,-8,0,0,1,0
"V",9,0,6,0,0,0,14,13
"V",9,0,6,1,0,0,14,13
"V",9,0,6,10,0,0,3,3
"V",9,0,6,15,0,0,1,1
"V",9,0,6,2,0,0,18,18
"V",9,0,6,3,0,0,9,9
"V",9,0,6,4,0,0,4,4
"V",9,0,6,5,0,0,11,11
"V",9,0,6,6,0,0,1,1
"V",9,0,6,7,0,0,6,6
"V",9,0,6,8,0,0,5,5
"V",9,0,6,9,0,0,1,1
"V",9,0,7,-1,0,0,6,3
"V",9,0,7,-11,0,0,1,0
"V",9,0,7,-15,0,0,1,0
"V",9,0,7,-2,0,0,9,1
"V",9,0,7,-3,0,0,15,0
"V",9,0,7,-4,0,0,6,1
"V",9,0,7,-5,0,0,3,0
"V",9,0,7,-6,0,0,4,0
"V",9,0,7,-7,0,0,6,0
"V",9,0,7,-9,0,0,1,0
"V",9,0,7,0,0,0,6,5
"V",9,0,7,1,0,0,12,11
"V",9,0,7,10,0,0,2,2
"V",9,0,7,14,0,0,1,1
"V",9,0,7,15,0,0,2,2
"V",9,0,7,17,0,0,1,1
"V",9,0,7,2,0,0,2,2
"V",9,0,7,3,0,0,6,6
"V",9,0,7,4,0,0,4,4
"V",9,0,7,5,0,0,4,4
"V",9,0,7,6,0,0,7,7
"V",9,0,7,7,0,0,3,3
"V",9,0,7,8,0,0,4,4
"V",9,0,7,9,0,0,1,1
"V",9,0,8,-1,0,0,5,4
"V",9,0,8,-10,0,0,2,0
"V",9,0,8,-12,0,0,1,0
"V",9,0,8,-15,0,0,1,0
"V",9,0,8,-2,0,0,16,4
"V",9,0,8,-3,0,0,11,3
"V",9,0,8,-4,0,0,12,1
"V",9,0,8,-5,0,0,6,1
"V",9,0,8,-6,0,0,4,1
"V",9,0,8,-7,0,0,5,0
"V",9,0,8,-8,0,0,3,0
"V",9,0,8,-9,0,0,3,0
"V",9,0,8,0,0,0,14,11
"V",9,0,8,1,0,0,15,14
"V",9,0,8,10,0,0,1,1
"V",9,0,8,11,0,0,1,1
"V",9,0,8,12,0,0,1,1
"V",9,0,8,13,0,0,1,1
"V",9,0,8,15,0,0,2,2
"V",9,0,8,2,0,0,9,9
"V",9,0,8,3,0,0,9,9
"V",9,0,8,4,0,0,5,5
"V",9,0,8,5,0,0,3,3
"V",9,0,8,6,0,0,3,3
"V",9,0,8,7,0,0,1,1
"V",9,0,8,8,0,0,1,1
"V",9,1,1,-1,0,0,710,53
"V",9,1,1,-1,0,1,5,1
"V",9,1,1,-1,0,2,1,0
"V",9,1,1,-1,1,0,1,0
"V",9,1,1,-1,1,1,5,1
"V",9,1,1,-1,2,1,1,1
"V",9,1,1,-10,0,0,32,0
"V",9,1,1,-11,0,0,19,0
"V",9,1,1,-12,0,0,14,0
"V",9,1,1,-12,0,1,1,0
"V",9,1,1,-12,1,1,1,0
"V",9,1,1,-12,1,2,1,0
"V",9,1,1,-13,0,0,8,0
"V",9,1,1,-14,0,0,4,0
"V",9,1,1,-16,0,0,3,0
"V",9,1,1,-2,0,0,609,11
"V",9,1,1,-2,0,1,2,0
"V",9,1,1,-2,0,2,1,0
"V",9,1,1,-2,1,0,2,0
"V",9,1,1,-2,1,1,1,0
"V",9,1,1,-2,1,2,1,0
"V",9,1,1,-2,2,0,2,0
"V",9,1,1,-2,2,1,3,0
"V",9,1,1,-2,2,2,2,0
"V",9,1,1,-2,3,1,1,0
"V",9,1,1,-21,0,0,1,0
"V",9,1,1,-3,0,0,479,6
"V",9,1,1,-3,0,1,1,0
"V",9,1,1,-3,0,2,1,0
"V",9,1,1,-3,1,0,1,0
"V",9,1,1,-3,1,1,1,0
"V",9,1,1,-4,0,0,379,2
"V",9,1,1,-5,0,0,240,0
"V",9,1,1,-6,0,0,169,0
"V",9,1,1,-7,0,0,125,0
"V",9,1,1,-8,0,0,73,0
"V",9,1,1,-9,0,0,42,0
"V",9,1,1,0,0,0,689,282
"V",9,1,1,0,0,1,4,3
"V",9,1,1,0,0,2,3,2
"V",9,1,1,0,1,0,3,1
"V",9,1,1,0,1,1,2,2
"V",9,1,1,0,1,2,2,2
"V",9,1,1,0,2,0,1,0
"V",9,1,1,0,2,1,1,0
"V",9,1,1,0,2,2,2,1
"V",9,1,1,1,0,0,688,596
"V",9,1,1,1,0,1,2,1
"V",9,1,1,1,0,2,1,1
"V",9,1,1,1,1,0,1,0
"V",9,1,1,1,1,1,1,0
"V",9,1,1,1,1,2,1,1
"V",9,1,1,1,2,2,1,1
"V",9,1,1,10,0,0,24,24
"V",9,1,1,11,0,0,8,8
"V",9,1,1,12,0,0,5,5
"V",9,1,1,13,0,0,8,8
"V",9,1,1,14,0,0,4,4
"V",9,1,1,15,0,0,1,1
"V",9,1,1,16,0,0,1,1
"V",9,1,1,17,0,0,1,1
"V",9,1,1,19,0,0,1,1
"V",9,1,1,2,0,0,541,506
"V",9,1,1,2,0,1,4,4
"V",9,1,1,2,0,2,1,1
"V",9,1,1,2,1,1,2,2
"V",9,1,1,2,1,2,2,2
"V",9,1,1,2,2,1,1,1
"V",9,1,1,3,0,0,413,400
"V",9,1,1,3,1,0,1,1
"V",9,1,1,4,0,0,289,285
"V",9,1,1,5,0,0,232,231
"V",9,1,1,5,1,0,2,2
"V",9,1,1,5,1,1,2,2
"V",9,1,1,5,1,2,1,1
"V",9,1,1,6,0,0,144,144
"V",9,1,1,6,0,1,2,2
"V",9,1,1,6,0,2,1,1
"V",9,1,1,6,1,1,1,1
"V",9,1,1,6,1,2,1,1
"V",9,1,1,7,0,0,95,95
"V",9,1,1,7,1,0,1,1
"V",9,1,1,7,1,1,1,1
"V",9,1,1,8,0,0,62,62
"V",9,1,1,9,0,0,32,32
"V",9,1,2,-1,0,0,330,44
"V",9,1,2,-10,0,0,10,0
"V",9,1,2,-11,0,0,10,0
"V",9,1,2,-12,0,0,9,0
"V",9,1,2,-13,0,0,4,0
"V",9,1,2,-14,0,0,2,0
"V",9,1,2,-2,0,0,278,14
"V",9,1,2,-2,1,0,1,0
"V",9,1,2,-3,0,0,248,7
"V",9,1,2,-3,1,0,1,0
"V",9,1,2,-4,0,0,177,3
"V",9,1,2,-5,0,0,130,1
"V",9,1,2,-6,0,0,93,0
"V",9,1,2,-7,0,0,58,0
"V",9,1,2,-8,0,0,36,0
"V",9,1,2,-9,0,0,21,0
"V",9,1,2,0,0,0,279,140
"V",9,1,2,0,1,0,2,2
"V",9,1,2,0,1,1,1,1
"V",9,1,2,0,2,0,1,1
"V",9,1,2,0,3,0,1,1
"V",9,1,2,1,0,0,294,247
"V",9,1,2,1,0,1,2,1
"V",9,1,2,1,0,2,1,0
"V",9,1,2,10,0,0,16,16
"V",9,1,2,11,0,0,3,3
"V",9,1,2,12,0,0,2,2
"V",9,1,2,13,0,0,4,4
"V",9,1,2,15,0,0,2,2
"V",9,1,2,16,0,0,1,1
"V",9,1,2,17,0,0,2,2
"V",9,1,2,18,0,0,1,1
"V",9,1,2,19,0,0,1,1
"V",9,1,2,2,0,0,226,214
"V",9,1,2,2,0,1,3,2
"V",9,1,2,2,1,1,1,0
"V",9,1,2,2,1,2,1,0
"V",9,1,2,3,0,0,191,185
"V",9,1,2,4,0,0,143,143
"V",9,1,2,5,0,0,98,97
"V",9,1,2,6,0,0,84,84
"V",9,1,2,7,0,0,42,42
"V",9,1,2,8,0,0,33,33
"V",9,1,2,9,0,0,25,25
"V",9,1,3,-1,0,0,128,20
"V",9,1,3,-1,1,0,1,0
"V",9,1,3,-1,1,1,1,0
"V",9,1,3,-1,1,2,1,0
"V",9,1,3,-10,0,0,8,0
"V",9,1,3,-11,0,0,7,0
"V",9,1,3,-12,0,0,4,0
"V",9,1,3,-12,1,0,1,0
"V",9,1,3,-13,0,0,2,0
"V",9,1,3,-14,0,0,2,0
"V",9,1,3,-16,0,0,1,0
"V",9,1,3,-2,0,0,75,5
"V",9,1,3,-3,0,0,83,2
"V",9,1,3,-3,1,0,1,0
"V",9,1,3,-3,1,1,1,0
"V",9,1,3,-3,1,2,1,0
"V",9,1,3,-4,0,0,62,0
"V",9,1,3,-5,0,0,56,0
"V",9,1,3,-5,0,1,1,0
"V",9,1,3,-6,0,0,30,0
"V",9,1,3,-7,0,0,30,0
"V",9,1,3,-8,0,0,19,0
"V",9,1,3,-9,0,0,11,0
"V",9,1,3,0,0,0,188,115
"V",9,1,3,0,0,1,1,1
"V",9,1,3,0,1,0,1,0
"V",9,1,3,0,2,0,1,0
"V",9,1,3,0,2,1,1,0
"V",9,1,3,1,0,0,188,172
"V",9,1,3,1,0,1,1,1
"V",9,1,3,1,0,2,1,1
"V",9,1,3,1,1,0,1,1
"V",9,1,3,1,1,2,1,1
"V",9,1,3,1,2,0,1,1
"V",9,1,3,1,2,2,1,1
"V",9,1,3,1,3,0,1,1
"V",9,1,3,10,0,0,8,8
"V",9,1,3,11,0,0,6,6
"V",9,1,3,12,0,0,2,2
"V",9,1,3,13,0,0,2,2
"V",9,1,3,14,0,0,3,3
"V",9,1,3,15,0,0,1,1
"V",9,1,3,17,0,0,1,1
"V",9,1,3,19,0,0,1,1
"V",9,1,3,2,0,0,146,141
"V",9,1,3,3,0,0,134,131
"V",9,1,3,4,0,0,80,80
"V",9,1,3,4,0,1,1,1
"V",9,1,3,4,1,1,1,1
"V",9,1,3,4,2,1,1,1
"V",9,1,3,5,0,0,76,75
"V",9,1,3,6,0,0,44,44
"V",9,1,3,7,0,0,30,30
"V",9,1,3,8,0,0,18,18
"V",9,1,3,9,0,0,9,9
"V",9,1,4,-1,0,0,84,18
"V",9,1,4,-1,0,1,1,0
"V",9,1,4,-1,0,2,1,0
"V",9,1,4,-1,1,2,1,0
"V",9,1,4,-1,2,2,1,0
"V",9,1,4,-10,0,0,5,0
"V",9,1,4,-11,0,0,3,0
"V",9,1,4,-12,0,0,2,0
"V",9,1,4,-13,0,0,1,0
"V",9,1,4,-14,0,0,1,0
"V",9,1,4,-2,0,0,92,15
"V",9,1,4,-3,0,0,74,7
"V",9,1,4,-3,0,1,1,0
"V",9,1,4,-3,0,2,1,0
"V",9,1,4,-3,1,0,1,0
"V",9,1,4,-4,0,0,63,3
"V",9,1,4,-5,0,0,48,0
"V",9,1,4,-5,0,1,1,0
"V",9,1,4,-6,0,0,23,0
"V",9,1,4,-7,0,0,22,0
"V",9,1,4,-8,0,0,13,0
"V",9,1,4,-9,0,0,9,0
"V",9,1,4,0,0,0,88,56
"V",9,1,4,0,1,0,1,1
"V",9,1,4,0,1,1,1,1
"V",9,1,4,0,2,1,1,1
"V",9,1,4,0,3,1,1,1
"V",9,1,4,1,0,0,93,82
"V",9,1,4,1,1,0,1,1
"V",9,1,4,1,1,1,1,1
"V",9,1,4,10,0,0,7,7
"V",9,1,4,11,0,0,2,2
"V",9,1,4,12,0,0,2,2
"V",9,1,4,14,0,0,1,1
"V",9,1,4,16,0,0,1,1
"V",9,1,4,17,0,0,1,1
"V",9,1,4,2,0,0,85,77
"V",9,1,4,3,0,0,47,46
"V",9,1,4,4,0,0,49,49
"V",9,1,4,5,0,0,24,24
"V",9,1,4,6,0,0,20,20
"V",9,1,4,7,0,0,21,21
"V",9,1,4,8,0,0,14,14
"V",9,1,4,9,0,0,11,11
"V",9,1,5,-1,0,0,46,12
"V",9,1,5,-10,0,0,5,0
"V",9,1,5,-11,0,0,4,0
"V",9,1,5,-12,0,0,1,0
"V",9,1,5,-12,1,0,1,0
"V",9,1,5,-12,1,1,1,0
"V",9,1,5,-12,2,1,1,0
"V",9,1,5,-12,3,1,1,0
"V",9,1,5,-2,0,0,40,4
"V",9,1,5,-2,1,0,1,0
"V",9,1,5,-2,1,1,1,0
"V",9,1,5,-2,1,2,1,0
"V",9,1,5,-2,2,2,1,0
"V",9,1,5,-2,3,2,1,0
"V",9,1,5,-22,0,0,1,0
"V",9,1,5,-3,0,0,35,2
"V",9,1,5,-4,0,0,25,0
"V",9,1,5,-5,0,0,22,1
"V",9,1,5,-5,0,1,1,0
"V",9,1,5,-5,0,2,1,0
"V",9,1,5,-5,1,2,1,0
"V",9,1,5,-5,2,2,1,0
"V",9,1,5,-6,0,0,19,0
"V",9,1,5,-7,0,0,14,0
"V",9,1,5,-8,0,0,7,0
"V",9,1,5,-9,0,0,7,0
"V",9,1,5,0,0,0,74,46
"V",9,1,5,0,0,1,2,1
"V",9,1,5,0,0,2,2,1
"V",9,1,5,1,0,0,78,66
"V",9,1,5,10,0,0,5,5
"V",9,1,5,11,0,0,4,4
"V",9,1,5,19,0,0,1,1
"V",9,1,5,2,0,0,65,62
"V",9,1,5,2,0,1,1,1
"V",9,1,5,2,0,2,1,1
"V",9,1,5,3,0,0,46,46
"V",9,1,5,4,0,0,45,45
"V",9,1,5,5,0,0,33,33
"V",9,1,5,6,0,0,23,23
"V",9,1,5,7,0,0,20,20
"V",9,1,5,8,0,0,10,10
"V",9,1,5,9,0,0,5,5
"V",9,1,6,-1,0,0,35,19
"V",9,1,6,-10,0,0,1,0
"V",9,1,6,-11,0,0,3,0
"V",9,1,6,-12,0,0,1,0
"V",9,1,6,-13,0,0,1,0
"V",9,1,6,-14,0,0,3,0
"V",9,1,6,-2,0,0,42,5
"V",9,1,6,-2,0,1,1,0
"V",9,1,6,-2,1,1,1,0
"V",9,1,6,-2,1,2,1,0
"V",9,1,6,-22,0,0,1,0
"V",9,1,6,-3,0,0,40,4
"V",9,1,6,-4,0,0,24,1
"V",9,1,6,-5,0,0,21,0
"V",9,1,6,-6,0,0,11,0
"V",9,1,6,-7,0,0,12,0
"V",9,1,6,-8,0,0,5,0
"V",9,1,6,-9,0,0,4,0
"V",9,1,6,0,0,0,52,37
"V",9,1,6,1,0,0,60,54
"V",9,1,6,10,0,0,5,5
"V",9,1,6,11,0,0,4,4
"V",9,1,6,12,0,0,4,4
"V",9,1,6,14,0,0,1,1
"V",9,1,6,15,0,0,1,1
"V",9,1,6,2,0,0,37,36
"V",9,1,6,3,0,0,35,33
"V",9,1,6,4,0,0,28,27
"V",9,1,6,5,0,0,28,28
"V",9,1,6,6,0,0,23,23
"V",9,1,6,7,0,0,11,11
"V",9,1,6,8,0,0,6,6
"V",9,1,6,9,0,0,3,3
"V",9,1,7,-1,0,0,50,18
"V",9,1,7,-10,0,0,2,0
"V",9,1,7,-11,0,0,3,0
"V",9,1,7,-13,0,0,2,0
"V",9,1,7,-2,0,0,43,9
"V",9,1,7,-3,0,0,21,0
"V",9,1,7,-4,0,0,14,1
"V",9,1,7,-5,0,0,10,0
"V",9,1,7,-6,0,0,11,0
"V",9,1,7,-7,0,0,7,0
"V",9,1,7,-8,0,0,2,0
"V",9,1,7,-9,0,0,2,0
"V",9,1,7,0,0,0,52,41
"V",9,1,7,1,0,0,55,50
"V",9,1,7,10,0,0,4,4
"V",9,1,7,2,0,0,48,48
"V",9,1,7,3,0,0,35,35
"V",9,1,7,4,0,0,27,27
"V",9,1,7,5,0,0,19,19
"V",9,1,7,6,0,0,15,15
"V",9,1,7,7,0,0,10,10
"V",9,1,7,8,0,0,10,10
"V",9,1,7,9,0,0,2,2
"V",9,1,8,-1,0,0,31,12
"V",9,1,8,-1,0,1,1,1
"V",9,1,8,-1,0,2,1,1
"V",9,1,8,-1,1,2,1,1
"V",9,1,8,-1,2,2,1,1
"V",9,1,8,-1,3,2,1,1
"V",9,1,8,-10,0,0,4,0
"V",9,1,8,-11,0,0,1,0
"V",9,1,8,-15,0,0,1,0
"V",9,1,8,-2,0,0,34,10
"V",9,1,8,-3,0,0,18,6
"V",9,1,8,-3,0,1,1,0
"V",9,1,8,-3,0,2,1,0
"V",9,1,8,-4,0,0,13,2
"V",9,1,8,-5,0,0,13,1
"V",9,1,8,-5,1,0,1,0
"V",9,1,8,-5,1,1,1,0
"V",9,1,8,-5,1,2,1,0
"V",9,1,8,-6,0,0,6,0
"V",9,1,8,-7,0,0,5,0
"V",9,1,8,-9,0,0,4,0
"V",9,1,8,0,0,0,39,31
"V",9,1,8,1,0,0,36,31
"V",9,1,8,10,0,0,3,3
"V",9,1,8,12,0,0,2,2
"V",9,1,8,15,0,0,1,1
"V",9,1,8,2,0,0,23,22
"V",9,1,8,3,0,0,18,18
"V",9,1,8,4,0,0,22,22
"V",9,1,8,5,0,0,10,10
"V",9,1,8,6,0,0,8,8
"V",9,1,8,7,0,0,4,4
"V",9,1,8,8,0,0,4,4
"V",9,1,8,9,0,0,4,4
"V",9,2,1,-1,0,0,511,12
"V",9,2,1,-1,0,1,4,0
"V",9,2,1,-1,0,2,3,0
"V",9,2,1,-1,1,0,2,0
"V",9,2,1,-1,1,1,2,0
"V",9,2,1,-1,1,2,2,0
"V",9,2,1,-1,2,1,1,0
"V",9,2,1,-1,2,2,1,0
"V",9,2,1,-1,3,2,1,0
"V",9,2,1,-10,0,0,28,0
"V",9,2,1,-11,0,0,12,0
"V",9,2,1,-11,1,0,1,0
"V",9,2,1,-11,1,1,1,0
"V",9,2,1,-12,0,0,6,0
"V",9,2,1,-13,0,0,7,0
"V",9,2,1,-14,0,0,1,0
"V",9,2,1,-16,0,0,2,0
"V",9,2,1,-2,0,0,480,2
"V",9,2,1,-2,0,1,1,0
"V",9,2,1,-2,0,2,1,0
"V",9,2,1,-21,0,0,1,0
"V",9,2,1,-3,0,0,344,1
"V",9,2,1,-3,0,1,1,0
"V",9,2,1,-3,0,2,1,0
"V",9,2,1,-3,1,0,1,0
"V",9,2,1,-3,1,1,1,0
"V",9,2,1,-3,1,2,1,0
"V",9,2,1,-4,0,0,280,0
"V",9,2,1,-5,0,0,172,0
"V",9,2,1,-5,0,1,1,0
"V",9,2,1,-5,0,2,1,0
"V",9,2,1,-6,0,0,127,0
"V",9,2,1,-7,0,0,99,0
"V",9,2,1,-8,0,0,60,0
"V",9,2,1,-9,0,0,29,0
"V",9,2,1,0,0,0,547,193
"V",9,2,1,0,0,1,2,0
"V",9,2,1,0,1,1,2,0
"V",9,2,1,0,2,1,1,0
"V",9,2,1,0,3,1,1,0
"V",9,2,1,0,3,2,1,0
"V",9,2,1,1,0,0,533,465
"V",9,2,1,1,0,1,2,2
"V",9,2,1,1,1,1,1,1
"V",9,2,1,1,2,1,1,1
"V",9,2,1,1,2,2,1,1
"V",9,2,1,10,0,0,22,22
"V",9,2,1,11,0,0,11,11
"V",9,2,1,12,0,0,5,5
"V",9,2,1,13,0,0,5,5
"V",9,2,1,14,0,0,4,4
"V",9,2,1,15,0,0,1,1
"V",9,2,1,2,0,0,445,412
"V",9,2,1,2,0,1,1,1
"V",9,2,1,2,1,0,2,2
"V",9,2,1,2,1,1,3,3
"V",9,2,1,2,1,2,1,1
"V",9,2,1,2,2,1,2,2
"V",9,2,1,2,2,2,1,1
"V",9,2,1,2,3,1,1,1
"V",9,2,1,3,0,0,350,341
"V",9,2,1,3,0,1,1,1
"V",9,2,1,3,1,1,1,1
"V",9,2,1,3,1,2,1,1
"V",9,2,1,4,0,0,246,242
"V",9,2,1,4,0,1,1,1
"V",9,2,1,4,1,1,1,1
"V",9,2,1,4,2,1,1,1
"V",9,2,1,4,2,2,1,1
"V",9,2,1,5,0,0,201,201
"V",9,2,1,5,0,1,1,1
"V",9,2,1,5,1,0,1,1
"V",9,2,1,5,1,1,1,1
"V",9,2,1,5,1,2,1,1
"V",9,2,1,5,2,2,1,1
"V",9,2,1,5,3,2,1,1
"V",9,2,1,6,0,0,128,128
"V",9,2,1,6,1,0,1,1
"V",9,2,1,6,1,1,1,1
"V",9,2,1,6,2,1,1,1
"V",9,2,1,6,2,2,1,1
"V",9,2,1,7,0,0,90,90
"V",9,2,1,7,1,0,1,1
"V",9,2,1,7,2,0,1,1
"V",9,2,1,7,3,0,1,1
"V",9,2,1,8,0,0,56,56
"V",9,2,1,9,0,0,29,29
"V",9,2,2,-1,0,0,309,14
"V",9,2,2,-10,0,0,13,0
"V",9,2,2,-11,0,0,7,0
"V",9,2,2,-12,0,0,8,0
"V",9,2,2,-13,0,0,5,0
"V",9,2,2,-14,0,0,1,0
"V",9,2,2,-16,0,0,1,0
"V",9,2,2,-2,0,0,304,5
"V",9,2,2,-2,0,1,1,0
"V",9,2,2,-3,0,0,239,4
"V",9,2,2,-4,0,0,177,0
"V",9,2,2,-5,0,0,119,0
"V",9,2,2,-6,0,0,85,0
"V",9,2,2,-7,0,0,63,0
"V",9,2,2,-8,0,0,34,0
"V",9,2,2,-9,0,0,24,0
"V",9,2,2,0,0,0,294,127
"V",9,2,2,0,0,1,1,0
"V",9,2,2,1,0,0,300,262
"V",9,2,2,1,0,1,1,0
"V",9,2,2,1,1,0,2,2
"V",9,2,2,1,1,1,1,0
"V",9,2,2,1,2,0,1,1
"V",9,2,2,1,2,1,1,0
"V",9,2,2,1,2,2,1,0
"V",9,2,2,1,3,0,1,1
"V",9,2,2,1,3,2,1,0
"V",9,2,2,10,0,0,14,14
"V",9,2,2,11,0,0,9,9
"V",9,2,2,12,0,0,4,4
"V",9,2,2,13,0,0,7,7
"V",9,2,2,14,0,0,6,6
"V",9,2,2,15,0,0,3,3
"V",9,2,2,16,0,0,1,1
"V",9,2,2,18,0,0,1,1
"V",9,2,2,19,0,0,1,1
"V",9,2,2,2,0,0,240,229
"V",9,2,2,2,1,0,3,2
"V",9,2,2,2,1,1,1,1
"V",9,2,2,2,2,0,2,1
"V",9,2,2,2,2,1,1,1
"V",9,2,2,2,3,0,1,0
"V",9,2,2,3,0,0,212,206
"V",9,2,2,4,0,0,136,136
"V",9,2,2,5,0,0,126,125
"V",9,2,2,5,1,0,1,1
"V",9,2,2,6,0,0,82,82
"V",9,2,2,7,0,0,65,65
"V",9,2,2,7,0,1,1,1
"V",9,2,2,7,0,2,1,1
"V",9,2,2,7,1,0,1,1
"V",9,2,2,7,2,0,1,1
"V",9,2,2,8,0,0,39,39
"V",9,2,2,9,0,0,29,29
"V",9,2,3,-1,0,0,177,15
"V",9,2,3,-1,0,1,1,0
"V",9,2,3,-1,0,2,1,0
"V",9,2,3,-1,1,2,1,0
"V",9,2,3,-10,0,0,12,0
"V",9,2,3,-11,0,0,8,0
"V",9,2,3,-12,0,0,4,0
"V",9,2,3,-13,0,0,4,0
"V",9,2,3,-14,0,0,1,0
"V",9,2,3,-2,0,0,116,3
"V",9,2,3,-2,0,1,1,0
"V",9,2,3,-2,0,2,1,0
"V",9,2,3,-2,1,2,1,0
"V",9,2,3,-2,2,2,1,0
"V",9,2,3,-21,0,0,1,0
"V",9,2,3,-3,0,0,130,0
"V",9,2,3,-3,0,1,1,0
"V",9,2,3,-3,1,0,1,0
"V",9,2,3,-3,2,0,1,0
"V",9,2,3,-3,2,1,1,0
"V",9,2,3,-3,3,1,1,0
"V",9,2,3,-4,0,0,103,0
"V",9,2,3,-5,0,0,77,1
"V",9,2,3,-6,0,0,53,0
"V",9,2,3,-6,1,0,1,0
"V",9,2,3,-6,2,0,1,0
"V",9,2,3,-6,3,0,1,0
"V",9,2,3,-7,0,0,39,0
"V",9,2,3,-8,0,0,24,0
"V",9,2,3,-9,0,0,18,0
"V",9,2,3,0,0,0,193,95
"V",9,2,3,0,1,0,2,1
"V",9,2,3,0,2,0,1,0
"V",9,2,3,0,3,0,1,0
"V",9,2,3,1,0,0,223,195
"V",9,2,3,1,0,1,2,2
"V",9,2,3,1,0,2,1,1
"V",9,2,3,1,1,0,3,3
"V",9,2,3,1,1,1,1,1
"V",9,2,3,1,1,2,2,2
"V",9,2,3,1,2,0,2,2
"V",9,2,3,1,2,2,2,2
"V",9,2,3,1,3,0,2,2
"V",9,2,3,1,3,1,1,1
"V",9,2,3,1,3,2,2,2
"V",9,2,3,10,0,0,9,9
"V",9,2,3,11,0,0,7,7
"V",9,2,3,12,0,0,3,3
"V",9,2,3,13,0,0,4,4
"V",9,2,3,14,0,0,2,2
"V",9,2,3,15,0,0,1,1
"V",9,2,3,16,0,0,1,1
"V",9,2,3,2,0,0,182,172
"V",9,2,3,2,1,0,2,2
"V",9,2,3,2,1,1,1,1
"V",9,2,3,2,2,0,1,1
"V",9,2,3,2,2,1,2,2
"V",9,2,3,2,3,1,1,1
"V",9,2,3,3,0,0,157,152
"V",9,2,3,4,0,0,105,105
"V",9,2,3,5,0,0,88,88
"V",9,2,3,5,1,0,1,1
"V",9,2,3,5,2,0,1,1
"V",9,2,3,5,2,1,1,1
"V",9,2,3,6,0,0,69,69
"V",9,2,3,7,0,0,39,39
"V",9,2,3,8,0,0,27,27
"V",9,2,3,9,0,0,14,14
"V",9,2,4,-1,0,0,105,12
"V",9,2,4,-10,0,0,8,0
"V",9,2,4,-11,0,0,5,0
"V",9,2,4,-12,0,0,3,0
"V",9,2,4,-13,0,0,3,0
"V",9,2,4,-14,0,0,1,0
"V",9,2,4,-19,0,0,1,0
"V",9,2,4,-2,0,0,110,6
"V",9,2,4,-3,0,0,94,2
"V",9,2,4,-3,1,0,1,0
"V",9,2,4,-3,1,1,1,0
"V",9,2,4,-3,1,2,1,0
"V",9,2,4,-4,0,0,63,0
"V",9,2,4,-5,0,0,51,0
"V",9,2,4,-6,0,0,35,0
"V",9,2,4,-7,0,0,28,0
"V",9,2,4,-8,0,0,12,0
"V",9,2,4,-9,0,0,9,0
"V",9,2,4,0,0,0,117,60
"V",9,2,4,0,0,1,1,0
"V",9,2,4,0,0,2,1,0
"V",9,2,4,0,1,0,1,1
"V",9,2,4,0,1,2,1,0
"V",9,2,4,1,0,0,118,108
"V",9,2,4,1,0,1,1,1
"V",9,2,4,1,1,0,1,1
"V",9,2,4,1,1,1,2,2
"V",9,2,4,10,0,0,6,6
"V",9,2,4,11,0,0,6,6
"V",9,2,4,12,0,0,1,1
"V",9,2,4,14,0,0,2,2
"V",9,2,4,17,0,0,1,1
"V",9,2,4,18,0,0,2,2
"V",9,2,4,2,0,0,89,85
"V",9,2,4,3,0,0,47,45
"V",9,2,4,4,0,0,58,58
"V",9,2,4,5,0,0,41,41
"V",9,2,4,6,0,0,32,32
"V",9,2,4,7,0,0,22,22
"V",9,2,4,8,0,0,17,17
"V",9,2,4,9,0,0,17,17
"V",9,2,5,-1,0,0,81,10
"V",9,2,5,-10,0,0,7,0
"V",9,2,5,-11,0,0,2,0
"V",9,2,5,-12,0,0,3,0
"V",9,2,5,-13,0,0,1,0
"V",9,2,5,-16,0,0,1,0
"V",9,2,5,-2,0,0,61,1
"V",9,2,5,-2,0,1,1,0
"V",9,2,5,-20,0,0,1,0
"V",9,2,5,-3,0,0,44,0
"V",9,2,5,-4,0,0,40,1
"V",9,2,5,-5,0,0,33,0
"V",9,2,5,-6,0,0,31,0
"V",9,2,5,-7,0,0,14,0
"V",9,2,5,-8,0,0,12,0
"V",9,2,5,-9,0,0,7,0
"V",9,2,5,0,0,0,81,39
"V",9,2,5,0,0,1,2,1
"V",9,2,5,0,0,2,2,1
"V",9,2,5,0,1,0,1,1
"V",9,2,5,1,0,0,87,75
"V",9,2,5,10,0,0,3,3
"V",9,2,5,11,0,0,5,5
"V",9,2,5,12,0,0,1,1
"V",9,2,5,19,0,0,1,1
"V",9,2,5,2,0,0,82,78
"V",9,2,5,2,1,0,1,1
"V",9,2,5,3,0,0,76,76
"V",9,2,5,4,0,0,53,53
"V",9,2,5,5,0,0,46,45
"V",9,2,5,5,1,0,1,1
"V",9,2,5,5,2,0,1,1
"V",9,2,5,5,2,1,1,1
"V",9,2,5,5,3,1,1,1
"V",9,2,5,6,0,0,32,32
"V",9,2,5,7,0,0,24,24
"V",9,2,5,8,0,0,14,14
"V",9,2,5,9,0,0,7,7
"V",9,2,6,-1,0,0,56,10
"V",9,2,6,-10,0,0,1,0
"V",9,2,6,-11,0,0,3,0
"V",9,2,6,-12,0,0,1,0
"V",9,2,6,-13,0,0,1,0
"V",9,2,6,-14,0,0,2,0
"V",9,2,6,-16,0,0,1,0
"V",9,2,6,-2,0,0,51,4
"V",9,2,6,-20,0,0,1,0
"V",9,2,6,-22,0,0,1,0
"V",9,2,6,-3,0,0,47,4
"V",9,2,6,-4,0,0,29,0
"V",9,2,6,-5,0,0,18,0
"V",9,2,6,-6,0,0,19,0
"V",9,2,6,-7,0,0,7,0
"V",9,2,6,-8,0,0,10,0
"V",9,2,6,-9,0,0,5,0
"V",9,2,6,0,0,0,66,27
"V",9,2,6,1,0,0,58,48
"V",9,2,6,10,0,0,4,4
"V",9,2,6,11,0,0,2,2
"V",9,2,6,12,0,0,1,1
"V",9,2,6,13,0,0,1,1
"V",9,2,6,14,0,0,2,2
"V",9,2,6,2,0,0,51,47
"V",9,2,6,2,1,0,1,1
"V",9,2,6,3,0,0,42,41
"V",9,2,6,3,1,0,1,1
"V",9,2,6,4,0,0,26,26
"V",9,2,6,5,0,0,29,29
"V",9,2,6,6,0,0,13,13
"V",9,2,6,7,0,0,12,12
"V",9,2,6,8,0,0,10,10
"V",9,2,6,9,0,0,4,4
"V",9,2,7,-1,0,0,44,11
"V",9,2,7,-10,0,0,1,0
"V",9,2,7,-11,0,0,1,0
"V",9,2,7,-12,0,0,2,0
"V",9,2,7,-13,0,0,2,0
"V",9,2,7,-16,0,0,1,0
"V",9,2,7,-2,0,0,40,5
"V",9,2,7,-3,0,0,34,1
"V",9,2,7,-4,0,0,24,0
"V",9,2,7,-5,0,0,23,0
"V",9,2,7,-6,0,0,16,0
"V",9,2,7,-7,0,0,6,0
"V",9,2,7,-8,0,0,8,0
"V",9,2,7,-9,0,0,5,0
"V",9,2,7,0,0,0,60,29
"V",9,2,7,0,0,1,1,1
"V",9,2,7,0,1,1,1,1
"V",9,2,7,0,2,1,1,1
"V",9,2,7,1,0,0,66,59
"V",9,2,7,10,0,0,5,5
"V",9,2,7,11,0,0,1,1
"V",9,2,7,12,0,0,3,3
"V",9,2,7,13,0,0,1,1
"V",9,2,7,14,0,0,1,1
"V",9,2,7,16,0,0,2,2
"V",9,2,7,2,0,0,53,49
"V",9,2,7,3,0,0,36,36
"V",9,2,7,4,0,0,29,29
"V",9,2,7,5,0,0,12,12
"V",9,2,7,5,1,0,1,1
"V",9,2,7,6,0,0,12,12
"V",9,2,7,7,0,0,10,10
"V",9,2,7,8,0,0,5,5
"V",9,2,7,9,0,0,1,1
"V",9,2,8,-1,0,0,38,8
"V",9,2,8,-1,0,1,1,0
"V",9,2,8,-1,1,1,1,0
"V",9,2,8,-1,2,1,1,0
"V",9,2,8,-12,0,0,2,0
"V",9,2,8,-15,0,0,1,0
"V",9,2,8,-2,0,0,42,3
"V",9,2,8,-2,0,1,1,0
"V",9,2,8,-2,0,2,1,0
"V",9,2,8,-3,0,0,33,1
"V",9,2,8,-3,1,0,1,0
"V",9,2,8,-3,1,1,1,0
"V",9,2,8,-3,2,1,1,0
"V",9,2,8,-3,2,2,1,0
"V",9,2,8,-3,3,2,1,0
"V",9,2,8,-4,0,0,19,1
"V",9,2,8,-5,0,0,18,0
"V",9,2,8,-6,0,0,11,0
"V",9,2,8,-7,0,0,6,0
"V",9,2,8,-8,0,0,1,0
"V",9,2,8,-9,0,0,2,0
"V",9,2,8,0,0,0,50,28
"V",9,2,8,1,0,0,56,46
"V",9,2,8,10,0,0,4,4
"V",9,2,8,11,0,0,1,1
"V",9,2,8,12,0,0,1,1
"V",9,2,8,16,0,0,1,1
"V",9,2,8,2,0,0,37,36
"V",9,2,8,3,0,0,16,16
"V",9,2,8,4,0,0,17,17
"V",9,2,8,5,0,0,13,13
"V",9,2,8,6,0,0,11,11
"V",9,2,8,7,0,0,4,4
"V",9,2,8,8,0,0,4,4
"V",9,2,8,9,0,0,3,3
"V",10,0,1,0,0,0,858,388
"V",10,0,1,0,0,1,3,1
"V",10,0,1,0,0,2,1,1
"V",10,0,1,0,1,0,4,1
"V",10,0,1,0,1,1,2,1
"V",10,0,1,0,2,0,1,0
"V",10,0,1,0,2,1,3,1
"V",10,0,1,0,2,2,1,0
"V",10,0,1,0,3,1,1,0
"V",10,0,1,0,3,2,2,0
"V",10,0,1,1,0,0,2,2
"V",10,0,2,0,0,0,230,128
"V",10,0,2,0,0,1,1,1
"V",10,0,2,0,1,0,1,0
"V",10,0,2,0,1,1,1,0
"V",10,0,2,0,1,2,1,0
"V",10,0,2,1,0,0,7,7
"V",10,0,2,2,0,0,1,1
"V",10,0,3,0,0,0,45,32
"V",10,0,3,1,0,0,7,7
"V",10,0,4,0,0,0,38,25
"V",10,0,4,1,0,0,4,4
"V",10,0,4,3,0,0,1,1
"V",10,0,5,0,0,0,13,10
"V",10,0,5,1,0,0,1,1
"V",10,0,5,2,0,0,1,1
"V",10,0,6,0,0,0,18,17
"V",10,0,6,1,0,0,2,2
"V",10,0,6,2,0,0,2,2
"V",10,0,7,0,0,0,6,4
"V",10,0,7,1,0,0,1,1
"V",10,0,8,0,0,0,8,6
"V",10,0,8,1,0,0,2,2
"V",10,0,8,2,0,0,1,1
"V",10,0,8,3,0,0,1,1
"V",10,0,8,4,0,0,1,1
"V",10,1,1,0,0,0,594,232
"V",10,1,1,0,0,1,1,1
"V",10,1,1,0,1,0,3,0
"V",10,1,1,0,1,1,1,0
"V",10,1,1,0,1,2,1,0
"V",10,1,1,0,2,0,1,0
"V",10,1,1,0,2,2,1,0
"V",10,1,1,0,3,0,1,0
"V",10,1,1,0,3,2,1,0
"V",10,1,1,1,0,0,8,7
"V",10,1,1,2,0,0,5,5
"V",10,1,1,3,0,0,2,2
"V",10,1,2,0,0,0,198,92
"V",10,1,2,0,0,1,2,0
"V",10,1,2,0,0,2,1,0
"V",10,1,2,0,1,1,1,0
"V",10,1,2,1,0,0,25,23
"V",10,1,2,1,1,0,1,1
"V",10,1,2,1,1,1,1,1
"V",10,1,2,2,0,0,6,6
"V",10,1,2,3,0,0,5,5
"V",10,1,2,4,0,0,1,1
"V",10,1,3,0,0,0,137,66
"V",10,1,3,0,0,1,1,0
"V",10,1,3,0,1,0,2,1
"V",10,1,3,0,1,1,2,1
"V",10,1,3,0,2,1,1,1
"V",10,1,3,0,2,2,1,1
"V",10,1,3,1,0,0,30,27
"V",10,1,3,1,0,1,1,0
"V",10,1,3,1,0,2,1,0
"V",10,1,3,2,0,0,10,9
"V",10,1,3,3,0,0,3,3
"V",10,1,3,4,0,0,1,1
"V",10,1,3,7,0,0,1,1
"V",10,1,4,0,0,0,60,30
"V",10,1,4,1,0,0,19,18
"V",10,1,4,2,0,0,2,2
"V",10,1,4,3,0,0,4,4
"V",10,1,5,0,0,0,29,19
"V",10,1,5,1,0,0,10,10
"V",10,1,5,2,0,0,3,2
"V",10,1,5,3,0,0,2,2
"V",10,1,6,0,0,0,30,22
"V",10,1,6,1,0,0,8,8
"V",10,1,6,2,0,0,1,1
"V",10,1,6,3,0,0,2,2
"V",10,1,6,3,0,1,1,1
"V",10,1,6,3,1,1,1,1
"V",10,1,6,3,1,2,1,1
"V",10,1,6,5,0,0,2,2
"V",10,1,6,6,0,0,1,1
"V",10,1,7,0,0,0,22,18
"V",10,1,7,1,0,0,7,7
"V",10,1,7,2,0,0,3,3
"V",10,1,7,3,0,0,1,1
"V",10,1,8,0,0,0,25,14
"V",10,1,8,1,0,0,15,14
"V",10,1,8,1,1,0,1,1
"V",10,1,8,1,2,0,1,1
"V",10,1,8,2,0,0,1,1
"V",10,1,8,3,0,0,1,1
"V",10,2,1,0,0,0,450,162
"V",10,2,1,0,1,0,1,0
"V",10,2,1,0,2,0,1,0
"V",10,2,1,0,3,0,1,0
"V",10,2,1,0,3,1,1,0
"V",10,2,1,1,0,0,19,14
"V",10,2,1,2,0,0,15,15
"V",10,2,1,3,0,0,4,4
"V",10,2,1,4,0,0,2,2
"V",10,2,1,5,0,0,1,1
"V",10,2,2,0,0,0,193,65
"V",10,2,2,0,0,1,2,0
"V",10,2,2,0,0,2,1,0
"V",10,2,2,0,1,0,1,0
"V",10,2,2,0,1,1,1,0
"V",10,2,2,0,1,2,1,0
"V",10,2,2,0,2,2,1,0
"V",10,2,2,1,0,0,48,44
"V",10,2,2,2,0,0,12,12
"V",10,2,2,3,0,0,10,10
"V",10,2,2,4,0,0,3,3
"V",10,2,2,8,0,0,1,1
"V",10,2,3,0,0,0,115,49
"V",10,2,3,1,0,0,35,28
"V",10,2,3,2,0,0,23,22
"V",10,2,3,3,0,0,6,6
"V",10,2,3,4,0,0,4,4
"V",10,2,3,5,0,0,1,1
"V",10,2,3,7,0,0,1,1
"V",10,2,4,0,0,0,67,31
"V",10,2,4,1,0,0,16,14
"V",10,2,4,2,0,0,7,6
"V",10,2,4,2,0,1,1,0
"V",10,2,4,2,1,1,1,0
"V",10,2,4,2,1,2,1,0
"V",10,2,4,3,0,0,3,3
"V",10,2,4,4,0,0,2,2
"V",10,2,5,0,0,0,40,18
"V",10,2,5,1,0,0,16,15
"V",10,2,5,2,0,0,10,9
"V",10,2,5,3,0,0,5,5
"V",10,2,5,4,0,0,1,1
"V",10,2,5,6,0,0,1,1
"V",10,2,6,0,0,0,23,9
"V",10,2,6,1,0,0,10,9
"V",10,2,6,2,0,0,8,8
"V",10,2,6,3,0,0,3,3
"V",10,2,6,3,1,0,1,1
"V",10,2,6,3,2,0,1,1
"V",10,2,6,4,0,0,1,1
"V",10,2,7,0,0,0,25,13
"V",10,2,7,0,1,0,1,0
"V",10,2,7,0,2,0,1,0
"V",10,2,7,0,3,0,1,0
"V",10,2,7,0,3,1,1,0
"V",10,2,7,0,3,2,1,0
"V",10,2,7,1,0,0,7,6
"V",10,2,7,2,0,0,7,7
"V",10,2,7,3,0,0,1,1
"V",10,2,7,5,0,0,1,1
"V",10,2,8,0,0,0,20,6
"V",10,2,8,0,0,1,1,0
"V",10,2,8,0,1,1,1,0
"V",10,2,8,0,2,1,1,0
"V",10,2,8,1,0,0,6,5
"V",10,2,8,2,0,0,2,2
"V",11,0,1,0,0,0,473,211
"V",11,0,1,0,0,1,1,0
"V",11,0,1,1,0,0,1,1
"V",11,0,2,0,0,0,126,65
"V",11,0,2,1,0,0,3,3
"V",11,0,2,2,0,0,1,1
"V",11,0,2,3,0,0,1,1
"V",11,0,3,0,0,0,24,18
"V",11,0,3,1,0,0,2,2
"V",11,0,4,0,0,0,19,16
"V",11,0,4,1,0,0,1,1
"V",11,0,4,2,0,0,1,1
"V",11,0,5,0,0,0,6,4
"V",11,0,5,2,0,0,1,1
"V",11,0,6,0,0,0,7,5
"V",11,0,6,1,0,0,1,1
"V",11,0,7,0,0,0,1,1
"V",11,0,7,1,0,0,2,2
"V",11,0,7,3,0,0,1,1
"V",11,0,8,0,0,0,5,3
"V",11,0,8,1,0,0,1,1
"V",11,0,8,2,0,0,1,1
"V",11,1,1,0,0,0,328,130
"V",11,1,1,0,1,0,1,0
"V",11,1,1,0,2,0,1,0
"V",11,1,1,0,3,0,1,0
"V",11,1,1,0,3,1,1,0
"V",11,1,1,0,3,2,1,0
"V",11,1,1,1,0,0,5,5
"V",11,1,1,4,0,0,1,1
"V",11,1,2,0,0,0,119,55
"V",11,1,2,0,1,0,1,1
"V",11,1,2,1,0,0,11,11
"V",11,1,2,2,0,0,2,2
"V",11,1,2,3,0,0,4,4
"V",11,1,3,0,0,0,73,42
"V",11,1,3,1,0,0,11,10
"V",11,1,3,2,0,0,2,2
"V",11,1,3,3,0,0,2,2
"V",11,1,3,4,0,0,1,1
"V",11,1,4,0,0,0,34,23
"V",11,1,4,1,0,0,11,10
"V",11,1,4,2,0,0,3,3
"V",11,1,5,0,0,0,15,11
"V",11,1,5,1,0,0,4,4
"V",11,1,5,2,0,0,4,4
"V",11,1,5,5,0,0,1,1
"V",11,1,6,0,0,0,11,8
"V",11,1,6,1,0,0,8,8
"V",11,1,6,1,0,1,1,1
"V",11,1,6,3,0,0,1,1
"V",11,1,7,0,0,0,15,13
"V",11,1,7,1,0,0,3,3
"V",11,1,7,2,0,0,2,2
"V",11,1,7,3,0,0,2,2
"V",11,1,8,0,0,0,13,10
"V",11,1,8,1,0,0,6,6
"V",11,2,1,0,0,0,257,85
"V",11,2,1,0,0,1,1,0
"V",11,2,1,0,0,2,1,0
"V",11,2,1,0,1,0,1,0
"V",11,2,1,0,1,1,1,0
"V",11,2,1,0,2,1,1,0
"V",11,2,1,0,3,1,1,0
"V",11,2,1,1,0,0,3,3
"V",11,2,1,4,0,0,1,1
"V",11,2,1,6,0,0,1,1
"V",11,2,2,0,0,0,110,35
"V",11,2,2,0,0,1,1,0
"V",11,2,2,0,1,1,1,0
"V",11,2,2,0,1,2,1,0
"V",11,2,2,0,2,2,1,0
"V",11,2,2,1,0,0,16,15
"V",11,2,2,2,0,0,9,9
"V",11,2,2,2,1,0,1,1
"V",11,2,2,2,2,0,1,1
"V",11,2,2,2,3,0,1,1
"V",11,2,2,3,0,0,8,8
"V",11,2,2,4,0,0,2,2
"V",11,2,2,6,0,0,2,2
"V",11,2,3,0,0,0,65,30
"V",11,2,3,1,0,0,14,13
"V",11,2,3,2,0,0,7,7
"V",11,2,3,3,0,0,7,7
"V",11,2,3,4,0,0,2,2
"V",11,2,3,5,0,0,1,1
"V",11,2,4,0,0,0,38,17
"V",11,2,4,1,0,0,13,13
"V",11,2,4,2,0,0,6,6
"V",11,2,4,3,0,0,1,1
"V",11,2,4,6,0,0,1,1
"V",11,2,5,0,0,0,26,12
"V",11,2,5,1,0,0,8,7
"V",11,2,5,2,0,0,3,3
"V",11,2,5,3,0,0,1,1
"V",11,2,5,4,0,0,2,2
"V",11,2,6,0,0,0,16,9
"V",11,2,6,1,0,0,5,5
"V",11,2,6,2,0,0,1,1
"V",11,2,6,3,0,0,2,2
"V",11,2,7,0,0,0,20,12
"V",11,2,7,1,0,0,3,2
"V",11,2,7,2,0,0,5,5
"V",11,2,7,3,0,0,2,2
"V",11,2,8,0,0,0,18,7
"V",11,2,8,1,0,0,4,4
"V",11,2,8,2,0,0,1,1
"V",12,0,1,0,0,0,286,131
"V",12,0,1,0,0,1,1,0
"V",12,0,1,0,0,2,1,0
"V",12,0,1,0,1,0,1,0
"V",12,0,1,0,1,2,1,0
"V",12,0,1,0,2,0,1,0
"V",12,0,1,0,3,0,1,0
"V",12,0,1,0,3,1,1,0
"V",12,0,1,0,3,2,1,0
"V",12,0,1,1,0,0,1,1
"V",12,0,1,3,0,0,1,1
"V",12,0,1,4,0,0,1,1
"V",12,0,2,0,0,0,77,43
"V",12,0,2,0,1,0,1,0
"V",12,0,2,0,1,1,1,0
"V",12,0,2,0,1,2,1,0
"V",12,0,2,1,0,0,1,1
"V",12,0,3,0,0,0,18,9
"V",12,0,3,1,0,0,1,1
"V",12,0,3,2,0,0,1,1
"V",12,0,4,0,0,0,8,6
"V",12,0,4,1,0,0,1,1
"V",12,0,4,2,0,0,1,1
"V",12,0,5,0,0,0,2,2
"V",12,0,6,0,0,0,6,5
"V",12,0,6,0,1,0,1,1
"V",12,0,6,0,2,0,1,1
"V",12,0,6,0,2,1,1,1
"V",12,0,6,1,0,0,1,1
"V",12,0,7,0,0,0,3,3
"V",12,0,7,1,0,0,1,1
"V",12,0,8,0,0,0,4,2
"V",12,0,8,1,0,0,1,1
"V",12,1,1,0,0,0,192,77
"V",12,1,1,0,1,0,1,0
"V",12,1,1,1,0,0,4,4
"V",12,1,1,3,0,0,1,1
"V",12,1,1,4,0,0,2,2
"V",12,1,1,5,0,0,1,1
"V",12,1,2,0,0,0,68,32
"V",12,1,2,1,0,0,9,7
"V",12,1,2,2,0,0,2,2
"V",12,1,2,3,0,0,1,1
"V",12,1,2,4,0,0,1,1
"V",12,1,3,0,0,0,57,28
"V",12,1,3,0,0,1,1,0
"V",12,1,3,0,1,1,1,0
"V",12,1,3,0,1,2,1,0
"V",12,1,3,0,2,2,1,0
"V",12,1,3,1,0,0,4,4
"V",12,1,3,2,0,0,2,2
"V",12,1,3,3,0,0,1,0
"V",12,1,4,0,0,0,20,11
"V",12,1,4,1,0,0,6,5
"V",12,1,4,2,0,0,4,4
"V",12,1,5,0,0,0,14,10
"V",12,1,5,1,0,0,2,2
"V",12,1,5,4,0,0,1,1
"V",12,1,6,0,0,0,7,5
"V",12,1,6,1,0,0,3,3
"V",12,1,6,3,0,0,1,0
"V",12,1,7,0,0,0,6,2
"V",12,1,7,1,0,0,1,1
"V",12,1,7,2,0,0,3,3
"V",12,1,8,0,0,0,7,3
"V",12,1,8,1,0,0,2,2
"V",12,2,1,0,0,0,142,49
"V",12,2,1,0,1,0,1,0
"V",12,2,1,1,0,0,9,9
"V",12,2,1,3,0,0,1,1
"V",12,2,1,4,0,0,3,3
"V",12,2,1,5,0,0,1,1
"V",12,2,1,6,0,0,1,0
"V",12,2,2,0,0,0,62,26
"V",12,2,2,1,0,0,10,9
"V",12,2,2,2,0,0,2,2
"V",12,2,2,3,0,0,1,1
"V",12,2,2,4,0,0,2,1
"V",12,2,2,6,0,0,1,0
"V",12,2,3,0,0,0,43,19
"V",12,2,3,0,1,0,1,0
"V",12,2,3,0,2,0,1,0
"V",12,2,3,0,3,0,1,0
"V",12,2,3,1,0,0,6,5
"V",12,2,3,2,0,0,2,2
"V",12,2,3,3,0,0,3,3
"V",12,2,3,6,0,0,1,0
"V",12,2,3,7,0,0,1,0
"V",12,2,4,0,0,0,20,10
"V",12,2,4,0,0,1,1,0
"V",12,2,4,1,0,0,5,3
"V",12,2,4,2,0,0,6,6
"V",12,2,5,0,0,0,18,9
"V",12,2,5,1,0,0,3,3
"V",12,2,5,2,0,0,1,1
"V",12,2,5,3,0,0,1,1
"V",12,2,5,7,0,0,1,0
"V",12,2,6,0,0,0,12,5
"V",12,2,6,1,0,0,3,3
"V",12,2,7,0,0,0,9,3
"V",12,2,7,1,0,0,3,3
"V",12,2,7,2,0,0,1,1
"V",12,2,8,0,0,0,7,3
"V",12,2,8,1,0,0,4,4
"V",13,0,1,0,0,0,166,83
"V",13,0,2,0,0,0,51,29
"V",13,0,2,1,0,0,2,1
"V",13,0,2,2,0,0,1,1
"V",13,0,2,3,0,0,1,1
"V",13,0,3,0,0,0,11,9
"V",13,0,4,0,0,0,10,8
"V",13,0,4,1,0,0,1,1
"V",13,0,4,2,0,0,1,1
"V",13,0,4,3,0,0,1,1
"V",13,0,5,0,0,0,5,2
"V",13,0,5,1,0,0,1,0
"V",13,0,6,0,0,0,6,6
"V",13,0,6,1,0,0,1,1
"V",13,0,6,2,0,0,1,1
"V",13,0,7,0,0,0,3,3
"V",13,0,7,1,0,0,1,1
"V",13,0,7,4,0,0,1,1
"V",13,0,8,0,0,0,1,1
"V",13,0,8,1,0,0,1,1
"V",13,1,1,0,0,0,103,45
"V",13,1,1,1,0,0,1,1
"V",13,1,1,2,0,0,1,0
"V",13,1,1,3,0,0,1,1
"V",13,1,1,4,0,0,2,2
"V",13,1,1,5,0,0,1,1
"V",13,1,2,0,0,0,48,24
"V",13,1,2,1,0,0,3,3
"V",13,1,2,3,0,0,1,1
"V",13,1,2,5,0,0,1,1
"V",13,1,3,0,0,0,34,19
"V",13,1,3,0,1,0,1,0
"V",13,1,3,1,0,0,6,4
"V",13,1,3,2,0,0,1,1
"V",13,1,4,0,0,0,16,10
"V",13,1,4,1,0,0,4,3
"V",13,1,4,2,0,0,1,1
"V",13,1,4,3,0,0,1,1
"V",13,1,5,0,0,0,8,3
"V",13,1,5,1,0,0,1,0
"V",13,1,5,2,0,0,2,2
"V",13,1,6,0,0,0,10,9
"V",13,1,6,1,0,0,2,2
"V",13,1,6,2,0,0,1,1
"V",13,1,6,5,0,0,1,1
"V",13,1,7,0,0,0,6,5
"V",13,1,7,1,0,0,4,4
"V",13,1,7,2,0,0,1,1
"V",13,1,7,3,0,0,1,1
"V",13,1,7,4,0,0,1,1
"V",13,1,8,0,0,0,4,4
"V",13,1,8,1,0,0,2,2
"V",13,1,8,2,0,0,1,1
"V",13,2,1,0,0,0,68,25
"V",13,2,1,1,0,0,3,1
"V",13,2,1,2,0,0,4,3
"V",13,2,1,3,0,0,1,1
"V",13,2,1,4,0,0,3,3
"V",13,2,1,5,0,0,1,1
"V",13,2,2,0,0,0,31,16
"V",13,2,2,1,0,0,10,9
"V",13,2,2,2,0,0,6,5
"V",13,2,2,3,0,0,1,1
"V",13,2,2,4,0,0,1,1
"V",13,2,2,6,0,0,1,1
"V",13,2,3,0,0,0,30,18
"V",13,2,3,0,1,0,1,0
"V",13,2,3,0,2,0,1,0
"V",13,2,3,0,2,1,1,0
"V",13,2,3,0,2,2,1,0
"V",13,2,3,0,3,2,1,0
"V",13,2,3,1,0,0,6,4
"V",13,2,3,2,0,0,3,3
"V",13,2,4,0,0,0,20,15
"V",13,2,4,1,0,0,4,4
"V",13,2,4,2,0,0,1,1
"V",13,2,4,3,0,0,3,3
"V",13,2,4,6,0,0,1,1
"V",13,2,5,0,0,0,9,6
"V",13,2,5,1,0,0,2,2
"V",13,2,5,2,0,0,5,5
"V",13,2,5,5,0,0,1,1
"V",13,2,6,0,0,0,7,3
"V",13,2,6,1,0,0,3,3
"V",13,2,6,2,0,0,3,3
"V",13,2,6,5,0,0,1,1
"V",13,2,7,0,0,0,10,4
"V",13,2,7,1,0,0,5,5
"V",13,2,7,2,0,0,1,1
"V",13,2,7,3,0,0,1,1
"V",13,2,7,7,0,0,1,1
"V",13,2,8,0,0,0,4,2
"V",13,2,8,1,0,0,2,2
"V",13,2,8,2,0,0,1,1
"V",14,0,1,0,0,0,85,39
"V",14,0,1,0,1,0,1,0
"V",14,0,1,0,1,1,1,0
"V",14,0,1,0,2,1,1,0
"V",14,0,1,0,2,2,1,0
"V",14,0,2,0,0,0,22,12
"V",14,0,3,0,0,0,2,1
"V",14,0,4,0,0,0,7,6
"V",14,0,5,0,0,0,2,1
"V",14,0,6,0,0,0,3,2
"V",14,0,6,1,0,0,1,1
"V",14,0,7,0,0,0,1,0
"V",14,0,8,0,0,0,2,2
"V",14,1,1,0,0,0,59,25
"V",14,1,1,1,0,0,1,1
"V",14,1,1,2,0,0,1,1
"V",14,1,2,0,0,0,23,14
"V",14,1,2,1,0,0,1,1
"V",14,1,2,3,0,0,2,2
"V",14,1,3,0,0,0,10,2
"V",14,1,3,2,0,0,4,4
"V",14,1,4,0,0,0,9,7
"V",14,1,4,1,0,0,2,2
"V",14,1,4,2,0,0,1,1
"V",14,1,5,0,0,0,3,1
"V",14,1,5,1,0,0,1,1
"V",14,1,5,2,0,0,1,1
"V",14,1,5,3,0,0,1,1
"V",14,1,6,0,0,0,8,3
"V",14,1,6,1,0,0,2,2
"V",14,1,6,4,0,0,1,1
"V",14,1,7,0,0,0,4,3
"V",14,1,7,1,0,0,2,2
"V",14,1,7,2,0,0,1,1
"V",14,1,7,3,0,0,1,1
"V",14,1,8,0,0,0,4,2
"V",14,2,1,0,0,0,39,14
"V",14,2,1,0,1,0,1,0
"V",14,2,1,0,1,1,1,0
"V",14,2,1,1,0,0,1,1
"V",14,2,2,0,0,0,19,8
"V",14,2,2,2,0,0,2,2
"V",14,2,2,3,0,0,1,1
"V",14,2,2,5,0,0,1,1
"V",14,2,3,0,0,0,12,4
"V",14,2,3,1,0,0,4,4
"V",14,2,3,2,0,0,4,4
"V",14,2,3,3,0,0,1,1
"V",14,2,4,0,0,0,5,2
"V",14,2,4,1,0,0,1,1
"V",14,2,4,2,0,0,1,1
"V",14,2,5,0,0,0,3,0
"V",14,2,5,2,0,0,1,1
"V",14,2,5,3,0,0,1,1
"V",14,2,6,0,0,0,4,1
"V",14,2,6,1,0,0,1,1
"V",14,2,6,2,0,0,1,1
"V",14,2,7,0,0,0,6,1
"V",14,2,7,1,0,0,1,1
"V",14,2,7,2,0,0,1,1
"V",14,2,8,0,0,0,4,2
"V",15,0,1,0,0,0,47,22
"V",15,0,2,0,0,0,11,7
"V",15,0,4,0,0,0,2,2
"V",15,0,4,1,0,0,1,1
"V",15,0,6,0,0,0,1,1
"V",15,0,8,0,0,0,1,1
"V",15,1,1,0,0,0,36,15
"V",15,1,2,0,0,0,15,5
"V",15,1,3,0,0,0,5,2
"V",15,1,4,0,0,0,4,2
"V",15,1,4,1,0,0,1,0
"V",15,1,5,0,0,0,1,0
"V",15,1,6,0,0,0,3,0
"V",15,1,6,1,0,0,1,1
"V",15,1,6,2,0,0,1,1
"V",15,1,7,0,0,0,1,0
"V",15,2,1,0,0,0,25,13
"V",15,2,2,0,0,0,14,9
"V",15,2,2,1,0,0,3,3
"V",15,2,2,3,0,0,1,1
"V",15,2,2,4,0,0,1,1
"V",15,2,3,0,0,0,6,2
"V",15,2,3,1,0,0,1,1
"V",15,2,4,0,0,0,5,1
"V",15,2,4,4,0,0,1,1
"V",15,2,5,0,0,0,1,0
"V",15,2,5,2,0,0,1,1
"V",15,2,5,3,0,0,1,1
"V",15,2,6,0,0,0,1,0
"V",15,2,6,1,0,0,1,0
"V",15,2,6,2,0,0,1,1
"V",15,2,7,0,0,0,2,1
"V",15,2,7,1,0,0,2,1
"V",15,2,8,0,0,0,1,1
"V",15,2,8,1,0,0,2,2
"V",16,0,1,0,0,0,31,15
"V",16,0,2,0,0,0,6,3
"V",16,0,3,0,0,0,3,2
"V",16,0,4,0,0,0,2,2
"V",16,1,1,0,0,0,22,10
"V",16,1,2,0,0,0,8,4
"V",16,1,3,0,0,0,5,1
"V",16,1,4,0,0,0,2,1
"V",16,1,4,3,0,0,1,1
"V",16,1,5,0,0,0,3,2
"V",16,1,5,2,0,0,1,1
"V",16,1,6,0,0,0,1,1
"V",16,1,7,0,0,0,1,1
"V",16,1,8,0,0,0,2,2
"V",16,1,8,1,0,0,1,1
"V",16,2,1,0,0,0,14,6
"V",16,2,1,1,0,0,1,1
"V",16,2,1,3,0,0,1,1
"V",16,2,2,0,0,0,6,4
"V",16,2,2,1,0,0,1,1
"V",16,2,2,3,0,0,1,1
"V",16,2,3,0,0,0,6,2
"V",16,2,3,1,0,0,2,2
"V",16,2,4,0,0,0,1,0
"V",16,2,4,4,0,0,1,1
"V",16,2,5,0,0,0,4,3
"V",16,2,6,0,0,0,1,1
"V",16,2,6,1,0,0,1,1
"V",16,2,6,3,0,0,1,1
"V",16,2,7,1,0,0,2,2
"V",16,2,8,1,0,0,1,1
"V",17,0,1,0,0,0,17,8
"V",17,0,2,0,0,0,5,2
"V",17,1,1,0,0,0,12,6
"V",17,1,2,0,0,0,4,2
"V",17,1,3,0,0,0,4,2
"V",17,1,4,0,0,0,2,1
"V",17,1,4,2,0,0,1,1
"V",17,1,6,1,0,0,1,1
"V",17,1,7,0,0,0,1,0
"V",17,1,8,0,0,0,1,0
"V",17,2,1,0,0,0,9,4
"V",17,2,2,0,0,0,4,2
"V",17,2,3,0,0,0,1,1
"V",17,2,5,0,0,0,2,1
"V",17,2,7,2,0,0,1,1
"V",17,2,8,0,0,0,1,0
"V",18,0,1,0,0,0,13,7
"V",18,0,1,1,0,0,1,1
"V",18,0,2,0,0,0,4,2
"V",18,1,1,0,0,0,8,4
"V",18,1,1,1,0,0,1,1
"V",18,1,2,0,0,0,4,3
"V",18,1,3,0,0,0,4,1
"V",18,1,4,0,0,0,1,1
"V",18,1,6,2,0,0,1,1
"V",18,1,8,0,0,0,1,1
"V",18,2,1,0,0,0,4,2
"V",18,2,1,1,0,0,1,1
"V",18,2,2,0,0,0,5,3
"V",18,2,3,0,0,0,3,0
"V",18,2,5,0,0,0,1,0
"V",19,0,1,0,0,0,9,6
"V",19,0,2,0,0,0,3,2
"V",19,0,4,0,0,0,1,1
"V",19,1,1,0,0,0,6,4
"V",19,1,1,1,0,0,1,1
"V",19,1,2,0,0,0,2,1
"V",19,1,3,0,0,0,2,1
"V",19,1,4,0,0,0,2,1
"V",19,1,6,0,0,0,1,1
"V",19,2,1,0,0,0,4,2
"V",19,2,1,1,0,0,1,1
"V",19,2,2,0,0,0,1,1
"V",19,2,2,3,0,0,1,1
"V",19,2,3,0,0,0,1,1
"V",19,2,3,1,0,0,3,3
"V",19,2,4,0,0,0,1,0
"V",19,2,5,2,0,0,1,1
"V",19,2,7,0,0,0,1,1
"V",20,0,1,0,0,0,4,2
"V",20,0,2,0,0,0,2,1
"V",20,1,1,0,0,0,3,2
"V",20,1,2,0,0,0,2,0
"V",20,2,1,0,0,0,2,2
"V",20,2,2,0,0,0,2,0
"V",21,0,1,0,0,0,4,2
"V",21,0,2,0,0,0,2,1
"V",21,0,4,0,0,0,1,0
"V",21,1,1,0,0,0,2,1
"V",21,1,2,0,0,0,2,1
"V",21,1,4,0,0,0,1,0
"V",21,1,6,0,0,0,1,0
"V",21,2,1,0,0,0,1,1
"V",21,2,1,2,0,0,1,1
"V",21,2,2,0,0,0,1,1
"V",21,2,3,0,0,0,2,2
"V",21,2,4,0,0,0,1,0
"V",21,2,4,1,0,0,1,1
"V",21,2,6,0,0,0,1,1
"V",21,2,7,0,0,0,1,0
"V",21,2,7,2,0,0,1,1
"V",22,0,1,0,0,0,1,0
"V",22,1,1,0,0,0,1,0
"V",22,2,1,0,0,0,1,0
"V",22,2,2,0,0,0,1,0
