"H",1,0,1,-1,8710,4278
"H",1,0,1,-10,4,0
"H",1,0,1,-11,1,0
"H",1,0,1,-12,1,0
"H",1,0,1,-2,4366,1711
"H",1,0,1,-3,2138,616
"H",1,0,1,-4,973,210
"H",1,0,1,-5,375,46
"H",1,0,1,-6,131,15
"H",1,0,1,-7,47,0
"H",1,0,1,-8,19,0
"H",1,0,1,-9,16,1
"H",1,0,1,0,40825,24509
"H",1,0,1,1,361,262
"H",1,0,1,2,150,118
"H",1,0,1,3,96,80
"H",1,0,1,4,58,54
"H",1,0,1,5,10,10
"H",1,0,1,6,2,1
"H",1,0,1,7,1,1
"H",1,0,2,-1,2797,1500
"H",1,0,2,-10,2,0
"H",1,0,2,-2,1391,625
"H",1,0,2,-3,693,238
"H",1,0,2,-4,302,82
"H",1,0,2,-5,131,25
"H",1,0,2,-6,41,5
"H",1,0,2,-7,15,0
"H",1,0,2,-8,10,0
"H",1,0,2,-9,5,0
"H",1,0,2,0,12816,8225
"H",1,0,2,1,413,305
"H",1,0,2,2,154,117
"H",1,0,2,3,83,71
"H",1,0,2,4,29,24
"H",1,0,2,5,6,6
"H",1,0,2,6,1,0
"H",1,0,3,-1,589,316
"H",1,0,3,-2,263,128
"H",1,0,3,-3,121,35
"H",1,0,3,-4,60,13
"H",1,0,3,-5,22,2
"H",1,0,3,-6,9,4
"H",1,0,3,-7,1,0
"H",1,0,3,-8,3,0
"H",1,0,3,-9,1,0
"H",1,0,3,0,2562,1697
"H",1,0,3,1,325,252
"H",1,0,3,2,143,117
"H",1,0,3,3,49,45
"H",1,0,3,4,22,16
"H",1,0,3,5,5,4
"H",1,0,3,6,2,2
"H",1,0,4,-1,632,392
"H",1,0,4,-10,1,0
"H",1,0,4,-2,378,199
"H",1,0,4,-3,198,87
"H",1,0,4,-4,97,35
"H",1,0,4,-5,39,11
"H",1,0,4,-6,12,3
"H",1,0,4,-7,4,0
"H",1,0,4,-8,2,0
"H",1,0,4,0,2758,1944
"H",1,0,4,1,346,264
"H",1,0,4,2,140,113
"H",1,0,4,3,49,42
"H",1,0,4,4,16,15
"H",1,0,4,5,4,4
"H",1,0,4,6,2,1
"H",1,0,4,8,1,1
"H",1,0,5,-1,179,100
"H",1,0,5,-2,73,26
"H",1,0,5,-3,27,12
"H",1,0,5,-4,16,6
"H",1,0,5,-5,5,1
"H",1,0,5,-6,3,1
"H",1,0,5,-7,1,0
"H",1,0,5,0,724,486
"H",1,0,5,1,238,177
"H",1,0,5,2,79,73
"H",1,0,5,3,29,23
"H",1,0,5,4,11,11
"H",1,0,5,5,3,3
"H",1,0,5,6,1,1
"H",1,0,6,-1,277,171
"H",1,0,6,-2,117,55
"H",1,0,6,-3,47,19
"H",1,0,6,-4,25,6
"H",1,0,6,-5,5,1
"H",1,0,6,-6,1,0
"H",1,0,6,-7,2,0
"H",1,0,6,0,1104,800
"H",1,0,6,1,310,258
"H",1,0,6,2,128,115
"H",1,0,6,3,39,34
"H",1,0,6,4,13,13
"H",1,0,6,5,3,3
"H",1,0,6,6,2,2
"H",1,0,7,-1,149,102
"H",1,0,7,-10,1,0
"H",1,0,7,-2,78,42
"H",1,0,7,-3,23,11
"H",1,0,7,-4,15,6
"H",1,0,7,-5,6,3
"H",1,0,7,-6,3,1
"H",1,0,7,-7,1,0
"H",1,0,7,0,509,357
"H",1,0,7,1,168,144
"H",1,0,7,2,75,61
"H",1,0,7,3,23,22
"H",1,0,7,4,4,3
"H",1,0,7,5,1,1
"H",1,0,8,-1,168,114
"H",1,0,8,-2,101,53
"H",1,0,8,-3,46,25
"H",1,0,8,-4,32,16
"H",1,0,8,-5,7,3
"H",1,0,8,-6,4,1
"H",1,0,8,-7,2,0
"H",1,0,8,0,653,490
"H",1,0,8,1,219,181
"H",1,0,8,2,86,75
"H",1,0,8,3,38,34
"H",1,0,8,4,10,8
"H",1,0,8,5,2,2
"H",1,0,8,6,1,1
"H",1,1,1,-1,5575,2566
"H",1,1,1,-10,2,0
"H",1,1,1,-11,1,0
"H",1,1,1,-12,1,0
"H",1,1,1,-2,2786,993
"H",1,1,1,-3,1347,354
"H",1,1,1,-4,616,116
"H",1,1,1,-5,226,20
"H",1,1,1,-6,76,6
"H",1,1,1,-7,29,0
"H",1,1,1,-8,6,0
"H",1,1,1,-9,10,1
"H",1,1,1,0,26131,14963
"H",1,1,1,1,822,568
"H",1,1,1,2,539,419
"H",1,1,1,3,357,305
"H",1,1,1,4,131,118
"H",1,1,1,5,39,38
"H",1,1,1,6,12,11
"H",1,1,1,7,6,6
"H",1,1,1,9,1,1
"H",1,1,2,-1,2637,1280
"H",1,1,2,-10,1,0
"H",1,1,2,-11,1,0
"H",1,1,2,-2,1456,596
"H",1,1,2,-3,701,215
"H",1,1,2,-4,323,69
"H",1,1,2,-5,113,12
"H",1,1,2,-6,34,1
"H",1,1,2,-7,18,0
"H",1,1,2,-8,4,0
"H",1,1,2,-9,9,1
"H",1,1,2,0,11949,7240
"H",1,1,2,1,1577,1139
"H",1,1,2,2,675,533
"H",1,1,2,3,315,269
"H",1,1,2,4,145,129
"H",1,1,2,5,36,35
"H",1,1,2,6,25,24
"H",1,1,2,7,4,4
"H",1,1,3,-1,1127,543
"H",1,1,3,-10,1,0
"H",1,1,3,-2,449,198
"H",1,1,3,-3,211,65
"H",1,1,3,-4,82,21
"H",1,1,3,-5,38,5
"H",1,1,3,-6,9,1
"H",1,1,3,-8,3,0
"H",1,1,3,-9,1,0
"H",1,1,3,0,5335,3287
"H",1,1,3,1,1072,777
"H",1,1,3,2,509,383
"H",1,1,3,3,206,178
"H",1,1,3,4,108,95
"H",1,1,3,5,34,34
"H",1,1,3,6,11,10
"H",1,1,3,7,5,5
"H",1,1,3,8,1,1
"H",1,1,4,-1,877,457
"H",1,1,4,-10,1,0
"H",1,1,4,-11,1,0
"H",1,1,4,-2,480,226
"H",1,1,4,-3,240,76
"H",1,1,4,-4,107,29
"H",1,1,4,-5,39,5
"H",1,1,4,-6,15,1
"H",1,1,4,-7,6,0
"H",1,1,4,-8,3,0
"H",1,1,4,-9,1,0
"H",1,1,4,0,3709,2389
"H",1,1,4,1,996,708
"H",1,1,4,11,1,1
"H",1,1,4,2,448,360
"H",1,1,4,3,196,170
"H",1,1,4,4,96,84
"H",1,1,4,5,33,33
"H",1,1,4,6,11,11
"H",1,1,4,7,4,4
"H",1,1,4,8,1,1
"H",1,1,4,9,1,1
"H",1,1,5,-1,442,248
"H",1,1,5,-2,178,67
"H",1,1,5,-3,86,22
"H",1,1,5,-4,39,9
"H",1,1,5,-5,11,4
"H",1,1,5,-6,9,3
"H",1,1,5,-8,1,0
"H",1,1,5,0,1827,1209
"H",1,1,5,1,716,544
"H",1,1,5,11,1,1
"H",1,1,5,2,279,239
"H",1,1,5,3,124,112
"H",1,1,5,4,53,47
"H",1,1,5,5,24,23
"H",1,1,5,6,5,5
"H",1,1,5,7,1,1
"H",1,1,5,8,3,3
"H",1,1,6,-1,493,272
"H",1,1,6,-2,235,122
"H",1,1,6,-3,109,29
"H",1,1,6,-4,44,7
"H",1,1,6,-5,13,2
"H",1,1,6,-6,6,0
"H",1,1,6,-7,5,0
"H",1,1,6,-8,1,0
"H",1,1,6,0,1922,1305
"H",1,1,6,1,821,629
"H",1,1,6,10,1,1
"H",1,1,6,11,1,1
"H",1,1,6,2,348,280
"H",1,1,6,3,143,128
"H",1,1,6,4,64,57
"H",1,1,6,5,32,31
"H",1,1,6,6,11,11
"H",1,1,6,7,2,2
"H",1,1,6,8,1,1
"H",1,1,6,9,1,1
"H",1,1,7,-1,392,220
"H",1,1,7,-10,1,0
"H",1,1,7,-2,189,98
"H",1,1,7,-3,92,39
"H",1,1,7,-4,43,16
"H",1,1,7,-5,14,2
"H",1,1,7,-6,4,0
"H",1,1,7,-7,1,0
"H",1,1,7,0,1616,1123
"H",1,1,7,1,527,416
"H",1,1,7,2,279,224
"H",1,1,7,3,93,84
"H",1,1,7,4,32,30
"H",1,1,7,5,17,16
"H",1,1,7,6,6,5
"H",1,1,7,7,1,1
"H",1,1,8,-1,300,180
"H",1,1,8,-2,185,91
"H",1,1,8,-3,66,28
"H",1,1,8,-4,40,14
"H",1,1,8,-5,9,0
"H",1,1,8,-6,3,1
"H",1,1,8,-7,4,0
"H",1,1,8,-8,1,0
"H",1,1,8,0,1303,903
"H",1,1,8,1,582,459
"H",1,1,8,2,282,239
"H",1,1,8,3,130,108
"H",1,1,8,4,49,47
"H",1,1,8,5,11,11
"H",1,1,8,6,5,5
"H",1,1,8,7,3,3
"H",1,1,8,8,1,1
"H",1,1,8,9,1,1
"H",1,2,1,-1,4054,1790
"H",1,2,1,-10,1,0
"H",1,2,1,-12,1,0
"H",1,2,1,-2,1969,635
"H",1,2,1,-3,969,225
"H",1,2,1,-4,431,70
"H",1,2,1,-5,178,14
"H",1,2,1,-6,57,4
"H",1,2,1,-7,22,0
"H",1,2,1,-8,8,0
"H",1,2,1,-9,5,0
"H",1,2,1,0,18995,10507
"H",1,2,1,1,1732,1167
"H",1,2,1,14,1,1
"H",1,2,1,2,1070,820
"H",1,2,1,3,542,462
"H",1,2,1,4,226,194
"H",1,2,1,5,76,68
"H",1,2,1,6,27,26
"H",1,2,1,7,13,13
"H",1,2,1,8,5,5
"H",1,2,1,9,3,3
"H",1,2,2,-1,2334,1065
"H",1,2,2,-2,1310,451
"H",1,2,2,-3,622,153
"H",1,2,2,-4,285,55
"H",1,2,2,-5,96,7
"H",1,2,2,-6,41,3
"H",1,2,2,-7,19,0
"H",1,2,2,-8,5,1
"H",1,2,2,-9,5,0
"H",1,2,2,0,10468,6007
"H",1,2,2,1,2508,1687
"H",1,2,2,10,1,1
"H",1,2,2,2,1299,1036
"H",1,2,2,3,620,522
"H",1,2,2,4,276,242
"H",1,2,2,5,88,84
"H",1,2,2,6,40,38
"H",1,2,2,7,18,17
"H",1,2,2,8,8,8
"H",1,2,2,9,4,4
"H",1,2,3,-1,1256,593
"H",1,2,3,-10,1,0
"H",1,2,3,-2,564,214
"H",1,2,3,-3,264,67
"H",1,2,3,-4,90,14
"H",1,2,3,-5,37,7
"H",1,2,3,-6,14,0
"H",1,2,3,-7,5,0
"H",1,2,3,-8,2,0
"H",1,2,3,-9,4,1
"H",1,2,3,0,5309,3116
"H",1,2,3,1,2033,1406
"H",1,2,3,10,1,1
"H",1,2,3,2,1033,783
"H",1,2,3,3,464,395
"H",1,2,3,4,236,212
"H",1,2,3,5,86,81
"H",1,2,3,6,41,37
"H",1,2,3,7,9,9
"H",1,2,3,8,4,4
"H",1,2,3,9,2,2
"H",1,2,4,-1,897,411
"H",1,2,4,-2,505,213
"H",1,2,4,-3,253,66
"H",1,2,4,-4,100,21
"H",1,2,4,-5,33,6
"H",1,2,4,-6,16,1
"H",1,2,4,-7,5,0
"H",1,2,4,-8,4,0
"H",1,2,4,-9,2,0
"H",1,2,4,0,3746,2217
"H",1,2,4,1,1519,1036
"H",1,2,4,10,3,3
"H",1,2,4,11,1,1
"H",1,2,4,14,1,1
"H",1,2,4,2,772,617
"H",1,2,4,3,373,326
"H",1,2,4,4,177,158
"H",1,2,4,5,62,59
"H",1,2,4,6,31,29
"H",1,2,4,7,15,15
"H",1,2,4,8,3,3
"H",1,2,4,9,2,2
"H",1,2,5,-1,548,259
"H",1,2,5,-2,233,84
"H",1,2,5,-3,103,43
"H",1,2,5,-4,39,11
"H",1,2,5,-5,21,3
"H",1,2,5,-6,6,2
"H",1,2,5,-8,1,0
"H",1,2,5,0,2275,1334
"H",1,2,5,1,1070,770
"H",1,2,5,10,1,1
"H",1,2,5,11,1,1
"H",1,2,5,2,491,373
"H",1,2,5,3,214,179
"H",1,2,5,4,122,112
"H",1,2,5,5,35,31
"H",1,2,5,6,14,12
"H",1,2,5,7,11,11
"H",1,2,5,8,3,3
"H",1,2,5,9,1,1
"H",1,2,6,-1,460,207
"H",1,2,6,-11,1,0
"H",1,2,6,-2,215,87
"H",1,2,6,-3,116,32
"H",1,2,6,-4,46,7
"H",1,2,6,-5,10,1
"H",1,2,6,-6,6,1
"H",1,2,6,-8,1,0
"H",1,2,6,0,1879,1138
"H",1,2,6,1,994,711
"H",1,2,6,10,2,2
"H",1,2,6,11,1,1
"H",1,2,6,13,1,1
"H",1,2,6,2,462,359
"H",1,2,6,3,219,193
"H",1,2,6,4,95,85
"H",1,2,6,5,33,31
"H",1,2,6,6,16,16
"H",1,2,6,7,6,5
"H",1,2,6,8,3,3
"H",1,2,6,9,1,1
"H",1,2,7,-1,326,160
"H",1,2,7,-10,1,0
"H",1,2,7,-2,140,56
"H",1,2,7,-3,78,15
"H",1,2,7,-4,31,6
"H",1,2,7,-5,14,2
"H",1,2,7,-6,10,1
"H",1,2,7,-7,2,0
"H",1,2,7,0,1088,661
"H",1,2,7,1,622,445
"H",1,2,7,10,1,1
"H",1,2,7,11,1,1
"H",1,2,7,2,351,283
"H",1,2,7,3,151,132
"H",1,2,7,4,55,45
"H",1,2,7,5,34,33
"H",1,2,7,6,15,14
"H",1,2,7,7,1,1
"H",1,2,7,8,2,2
"H",1,2,7,9,1,1
"H",1,2,8,-1,298,137
"H",1,2,8,-10,1,0
"H",1,2,8,-2,184,76
"H",1,2,8,-3,87,22
"H",1,2,8,-4,32,4
"H",1,2,8,-5,10,2
"H",1,2,8,-6,5,2
"H",1,2,8,-7,2,0
"H",1,2,8,-8,2,0
"H",1,2,8,0,1198,739
"H",1,2,8,1,655,479
"H",1,2,8,10,2,2
"H",1,2,8,11,1,1
"H",1,2,8,14,1,1
"H",1,2,8,15,1,1
"H",1,2,8,2,347,283
"H",1,2,8,3,220,191
"H",1,2,8,4,75,67
"H",1,2,8,5,27,27
"H",1,2,8,6,8,8
"H",1,2,8,7,11,11
"H",1,2,8,8,4,4
"H",1,2,8,9,1,1
"H",2,0,1,-1,10253,4752
"H",2,0,1,-10,20,0
"H",2,0,1,-11,9,0
"H",2,0,1,-12,4,0
"H",2,0,1,-13,3,0
"H",2,0,1,-2,5436,1874
"H",2,0,1,-3,2766,697
"H",2,0,1,-4,1327,259
"H",2,0,1,-5,690,101
"H",2,0,1,-6,380,27
"H",2,0,1,-7,183,10
"H",2,0,1,-8,84,4
"H",2,0,1,-9,48,2
"H",2,0,1,0,24041,14046
"H",2,0,1,1,7044,4981
"H",2,0,1,10,6,6
"H",2,0,1,11,2,2
"H",2,0,1,14,1,1
"H",2,0,1,15,1,1
"H",2,0,1,2,3643,2885
"H",2,0,1,3,1678,1459
"H",2,0,1,4,790,711
"H",2,0,1,5,276,261
"H",2,0,1,6,104,101
"H",2,0,1,7,57,55
"H",2,0,1,8,22,22
"H",2,0,1,9,9,9
"H",2,0,2,-1,2884,1489
"H",2,0,2,-10,5,0
"H",2,0,2,-11,2,0
"H",2,0,2,-12,2,0
"H",2,0,2,-13,3,0
"H",2,0,2,-2,1484,554
"H",2,0,2,-3,767,212
"H",2,0,2,-4,380,93
"H",2,0,2,-5,217,41
"H",2,0,2,-6,107,13
"H",2,0,2,-7,55,5
"H",2,0,2,-8,19,0
"H",2,0,2,-9,14,1
"H",2,0,2,0,6775,4220
"H",2,0,2,1,2075,1527
"H",2,0,2,10,1,1
"H",2,0,2,11,2,2
"H",2,0,2,15,1,1
"H",2,0,2,2,1133,934
"H",2,0,2,3,490,439
"H",2,0,2,4,239,222
"H",2,0,2,5,87,82
"H",2,0,2,6,49,48
"H",2,0,2,7,23,22
"H",2,0,2,8,8,8
"H",2,0,2,9,2,2
"H",2,0,3,-1,686,370
"H",2,0,3,-2,358,159
"H",2,0,3,-3,181,59
"H",2,0,3,-4,97,21
"H",2,0,3,-5,45,8
"H",2,0,3,-6,30,5
"H",2,0,3,-7,8,0
"H",2,0,3,-8,4,1
"H",2,0,3,-9,4,1
"H",2,0,3,0,1538,1002
"H",2,0,3,1,602,455
"H",2,0,3,2,297,241
"H",2,0,3,3,140,126
"H",2,0,3,4,74,69
"H",2,0,3,5,23,21
"H",2,0,3,6,15,14
"H",2,0,3,7,6,6
"H",2,0,3,8,7,7
"H",2,0,3,9,3,3
"H",2,0,4,-1,630,388
"H",2,0,4,-10,1,0
"H",2,0,4,-2,393,178
"H",2,0,4,-3,189,63
"H",2,0,4,-4,104,27
"H",2,0,4,-5,64,15
"H",2,0,4,-6,30,7
"H",2,0,4,-7,19,4
"H",2,0,4,-8,4,0
"H",2,0,4,-9,6,0
"H",2,0,4,0,1394,943
"H",2,0,4,1,524,419
"H",2,0,4,2,291,246
"H",2,0,4,3,120,104
"H",2,0,4,4,62,59
"H",2,0,4,5,34,32
"H",2,0,4,6,12,11
"H",2,0,4,7,9,9
"H",2,0,4,8,2,2
"H",2,0,5,-1,177,103
"H",2,0,5,-11,1,0
"H",2,0,5,-2,87,41
"H",2,0,5,-3,49,19
"H",2,0,5,-4,23,3
"H",2,0,5,-5,6,1
"H",2,0,5,-6,3,0
"H",2,0,5,-7,1,0
"H",2,0,5,-8,1,1
"H",2,0,5,0,406,266
"H",2,0,5,1,207,171
"H",2,0,5,10,1,1
"H",2,0,5,2,109,93
"H",2,0,5,3,40,37
"H",2,0,5,4,28,26
"H",2,0,5,5,10,10
"H",2,0,5,6,9,9
"H",2,0,5,7,1,1
"H",2,0,5,9,1,1
"H",2,0,6,-1,264,159
"H",2,0,6,-10,1,0
"H",2,0,6,-12,1,0
"H",2,0,6,-13,1,0
"H",2,0,6,-2,107,47
"H",2,0,6,-3,63,24
"H",2,0,6,-4,31,6
"H",2,0,6,-5,12,4
"H",2,0,6,-6,14,2
"H",2,0,6,-7,5,0
"H",2,0,6,-8,2,0
"H",2,0,6,-9,1,0
"H",2,0,6,0,617,437
"H",2,0,6,1,249,197
"H",2,0,6,11,1,1
"H",2,0,6,2,123,102
"H",2,0,6,3,61,58
"H",2,0,6,4,36,33
"H",2,0,6,5,15,14
"H",2,0,6,6,6,6
"H",2,0,6,7,4,4
"H",2,0,6,8,2,2
"H",2,0,6,9,1,1
"H",2,0,7,-1,146,104
"H",2,0,7,-10,1,0
"H",2,0,7,-2,64,24
"H",2,0,7,-3,37,14
"H",2,0,7,-4,19,5
"H",2,0,7,-5,11,5
"H",2,0,7,-6,3,0
"H",2,0,7,-7,4,0
"H",2,0,7,-8,2,0
"H",2,0,7,-9,1,0
"H",2,0,7,0,319,226
"H",2,0,7,1,165,128
"H",2,0,7,2,72,64
"H",2,0,7,3,37,33
"H",2,0,7,4,28,26
"H",2,0,7,5,8,8
"H",2,0,7,6,3,3
"H",2,0,7,7,1,1
"H",2,0,7,8,2,2
"H",2,0,7,9,1,1
"H",2,0,8,-1,141,90
"H",2,0,8,-2,78,37
"H",2,0,8,-3,40,24
"H",2,0,8,-4,29,10
"H",2,0,8,-5,17,7
"H",2,0,8,-6,6,3
"H",2,0,8,-7,6,2
"H",2,0,8,-8,2,0
"H",2,0,8,0,315,233
"H",2,0,8,1,169,140
"H",2,0,8,11,1,1
"H",2,0,8,12,1,1
"H",2,0,8,2,89,84
"H",2,0,8,3,46,40
"H",2,0,8,4,22,20
"H",2,0,8,5,10,9
"H",2,0,8,6,7,7
"H",2,0,8,7,2,2
"H",2,0,8,8,1,1
"H",2,1,1,-1,6799,2921
"H",2,1,1,-10,16,0
"H",2,1,1,-11,6,0
"H",2,1,1,-12,2,0
"H",2,1,1,-2,3560,1137
"H",2,1,1,-3,1792,402
"H",2,1,1,-4,836,137
"H",2,1,1,-5,431,54
"H",2,1,1,-6,245,10
"H",2,1,1,-7,115,5
"H",2,1,1,-8,58,2
"H",2,1,1,-9,28,0
"H",2,1,1,0,15800,8789
"H",2,1,1,1,5168,3550
"H",2,1,1,10,6,6
"H",2,1,1,11,2,2
"H",2,1,1,14,1,1
"H",2,1,1,2,2623,2025
"H",2,1,1,3,1259,1073
"H",2,1,1,4,581,520
"H",2,1,1,5,223,210
"H",2,1,1,6,74,72
"H",2,1,1,7,61,59
"H",2,1,1,8,22,22
"H",2,1,1,9,8,8
"H",2,1,2,-1,3003,1368
"H",2,1,2,-10,6,0
"H",2,1,2,-11,4,0
"H",2,1,2,-12,4,0
"H",2,1,2,-13,2,0
"H",2,1,2,-2,1657,589
"H",2,1,2,-3,832,215
"H",2,1,2,-4,401,80
"H",2,1,2,-5,239,37
"H",2,1,2,-6,113,7
"H",2,1,2,-7,55,1
"H",2,1,2,-8,29,2
"H",2,1,2,-9,12,1
"H",2,1,2,0,7019,4104
"H",2,1,2,1,2720,1955
"H",2,1,2,10,4,4
"H",2,1,2,11,4,4
"H",2,1,2,14,1,1
"H",2,1,2,15,1,1
"H",2,1,2,2,1411,1123
"H",2,1,2,3,675,596
"H",2,1,2,4,350,319
"H",2,1,2,5,155,142
"H",2,1,2,6,71,68
"H",2,1,2,7,41,41
"H",2,1,2,8,16,16
"H",2,1,2,9,8,8
"H",2,1,3,-1,1184,564
"H",2,1,3,-10,1,0
"H",2,1,3,-2,508,178
"H",2,1,3,-3,255,71
"H",2,1,3,-4,122,30
"H",2,1,3,-5,63,13
"H",2,1,3,-6,38,2
"H",2,1,3,-7,11,2
"H",2,1,3,-8,5,1
"H",2,1,3,-9,6,1
"H",2,1,3,0,2786,1729
"H",2,1,3,1,1295,940
"H",2,1,3,10,3,3
"H",2,1,3,2,778,638
"H",2,1,3,3,397,346
"H",2,1,3,4,218,202
"H",2,1,3,5,80,72
"H",2,1,3,6,46,44
"H",2,1,3,7,21,20
"H",2,1,3,8,13,13
"H",2,1,3,9,6,6
"H",2,1,4,-1,889,471
"H",2,1,4,-10,2,0
"H",2,1,4,-11,1,0
"H",2,1,4,-12,1,0
"H",2,1,4,-2,532,204
"H",2,1,4,-3,279,81
"H",2,1,4,-4,163,39
"H",2,1,4,-5,92,20
"H",2,1,4,-6,41,7
"H",2,1,4,-7,32,1
"H",2,1,4,-8,7,0
"H",2,1,4,-9,8,0
"H",2,1,4,0,2021,1256
"H",2,1,4,1,1067,802
"H",2,1,4,10,6,6
"H",2,1,4,11,1,1
"H",2,1,4,12,1,1
"H",2,1,4,13,1,1
"H",2,1,4,14,2,2
"H",2,1,4,2,597,486
"H",2,1,4,3,330,287
"H",2,1,4,4,172,158
"H",2,1,4,5,91,83
"H",2,1,4,6,42,39
"H",2,1,4,7,27,26
"H",2,1,4,8,12,12
"H",2,1,4,9,4,4
"H",2,1,5,-1,438,220
"H",2,1,5,-2,193,88
"H",2,1,5,-3,94,34
"H",2,1,5,-4,48,14
"H",2,1,5,-5,16,1
"H",2,1,5,-6,14,1
"H",2,1,5,-7,2,0
"H",2,1,5,-8,2,1
"H",2,1,5,-9,2,0
"H",2,1,5,0,977,608
"H",2,1,5,1,610,477
"H",2,1,5,10,3,3
"H",2,1,5,2,307,255
"H",2,1,5,3,169,147
"H",2,1,5,4,78,75
"H",2,1,5,5,56,55
"H",2,1,5,6,35,35
"H",2,1,5,7,8,8
"H",2,1,5,8,8,8
"H",2,1,5,9,3,3
"H",2,1,6,-1,367,195
"H",2,1,6,-11,1,0
"H",2,1,6,-12,2,0
"H",2,1,6,-2,201,79
"H",2,1,6,-3,110,39
"H",2,1,6,-4,49,12
"H",2,1,6,-5,16,4
"H",2,1,6,-6,16,2
"H",2,1,6,-7,7,1
"H",2,1,6,-8,5,1
"H",2,1,6,-9,1,0
"H",2,1,6,0,960,604
"H",2,1,6,1,581,431
"H",2,1,6,10,3,3
"H",2,1,6,14,1,1
"H",2,1,6,15,1,1
"H",2,1,6,2,310,263
"H",2,1,6,3,169,153
"H",2,1,6,4,100,91
"H",2,1,6,5,59,53
"H",2,1,6,6,22,22
"H",2,1,6,7,14,14
"H",2,1,6,8,9,9
"H",2,1,6,9,4,4
"H",2,1,7,-1,366,208
"H",2,1,7,-10,1,0
"H",2,1,7,-12,1,0
"H",2,1,7,-2,213,97
"H",2,1,7,-3,94,29
"H",2,1,7,-4,36,14
"H",2,1,7,-5,12,2
"H",2,1,7,-6,11,0
"H",2,1,7,-7,4,2
"H",2,1,7,-8,1,0
"H",2,1,7,-9,1,0
"H",2,1,7,0,850,567
"H",2,1,7,1,443,345
"H",2,1,7,10,1,1
"H",2,1,7,15,1,1
"H",2,1,7,2,256,210
"H",2,1,7,3,149,132
"H",2,1,7,4,76,72
"H",2,1,7,5,43,41
"H",2,1,7,6,16,16
"H",2,1,7,7,12,12
"H",2,1,7,8,5,5
"H",2,1,7,9,3,3
"H",2,1,8,-1,289,171
"H",2,1,8,-2,148,64
"H",2,1,8,-3,88,35
"H",2,1,8,-4,44,14
"H",2,1,8,-5,28,6
"H",2,1,8,-6,11,4
"H",2,1,8,-7,5,1
"H",2,1,8,-8,1,0
"H",2,1,8,-9,1,0
"H",2,1,8,0,647,439
"H",2,1,8,1,410,320
"H",2,1,8,10,1,1
"H",2,1,8,12,1,1
"H",2,1,8,14,1,1
"H",2,1,8,2,222,179
"H",2,1,8,3,151,136
"H",2,1,8,4,94,92
"H",2,1,8,5,47,46
"H",2,1,8,6,20,19
"H",2,1,8,7,11,10
"H",2,1,8,8,8,8
"H",2,1,8,9,1,1
"H",2,2,1,-1,5091,2122
"H",2,2,1,-10,13,0
"H",2,2,1,-11,4,0
"H",2,2,1,-2,2611,784
"H",2,2,1,-3,1348,270
"H",2,2,1,-4,622,95
"H",2,2,1,-5,306,29
"H",2,2,1,-6,183,7
"H",2,2,1,-7,84,5
"H",2,2,1,-8,40,0
"H",2,2,1,-9,21,0
"H",2,2,1,0,11835,6339
"H",2,2,1,1,4324,2897
"H",2,2,1,10,4,4
"H",2,2,1,11,3,3
"H",2,2,1,2,2269,1769
"H",2,2,1,3,1096,924
"H",2,2,1,4,566,503
"H",2,2,1,5,252,239
"H",2,2,1,6,117,113
"H",2,2,1,7,80,76
"H",2,2,1,8,37,37
"H",2,2,1,9,11,11
"H",2,2,2,-1,2721,1133
"H",2,2,2,-10,9,0
"H",2,2,2,-11,5,0
"H",2,2,2,-12,1,0
"H",2,2,2,-2,1518,502
"H",2,2,2,-3,774,162
"H",2,2,2,-4,374,65
"H",2,2,2,-5,212,24
"H",2,2,2,-6,117,8
"H",2,2,2,-7,41,2
"H",2,2,2,-8,27,1
"H",2,2,2,-9,10,1
"H",2,2,2,0,6254,3483
"H",2,2,2,1,2882,1982
"H",2,2,2,10,4,4
"H",2,2,2,11,4,4
"H",2,2,2,12,1,1
"H",2,2,2,16,2,2
"H",2,2,2,2,1602,1242
"H",2,2,2,3,847,726
"H",2,2,2,4,456,411
"H",2,2,2,5,254,238
"H",2,2,2,6,117,112
"H",2,2,2,7,62,60
"H",2,2,2,8,44,43
"H",2,2,2,9,17,17
"H",2,2,3,-1,1331,620
"H",2,2,3,-10,2,0
"H",2,2,3,-11,1,0
"H",2,2,3,-13,1,0
"H",2,2,3,-2,592,185
"H",2,2,3,-3,314,82
"H",2,2,3,-4,142,23
"H",2,2,3,-5,87,8
"H",2,2,3,-6,37,0
"H",2,2,3,-7,15,1
"H",2,2,3,-8,9,0
"H",2,2,3,-9,6,1
"H",2,2,3,0,3024,1768
"H",2,2,3,1,1715,1202
"H",2,2,3,10,7,7
"H",2,2,3,11,3,3
"H",2,2,3,2,1083,855
"H",2,2,3,3,614,530
"H",2,2,3,4,376,342
"H",2,2,3,5,177,163
"H",2,2,3,6,126,120
"H",2,2,3,7,60,60
"H",2,2,3,8,22,22
"H",2,2,3,9,17,17
"H",2,2,4,-1,997,470
"H",2,2,4,-10,7,0
"H",2,2,4,-11,2,0
"H",2,2,4,-12,1,0
"H",2,2,4,-2,599,207
"H",2,2,4,-3,317,86
"H",2,2,4,-4,165,32
"H",2,2,4,-5,94,14
"H",2,2,4,-6,44,4
"H",2,2,4,-7,22,0
"H",2,2,4,-8,8,0
"H",2,2,4,-9,10,0
"H",2,2,4,0,2240,1317
"H",2,2,4,1,1396,974
"H",2,2,4,10,8,8
"H",2,2,4,11,2,2
"H",2,2,4,12,2,2
"H",2,2,4,13,1,1
"H",2,2,4,2,880,686
"H",2,2,4,3,470,390
"H",2,2,4,4,251,227
"H",2,2,4,5,155,145
"H",2,2,4,6,79,76
"H",2,2,4,7,39,37
"H",2,2,4,8,29,28
"H",2,2,4,9,15,15
"H",2,2,5,-1,511,236
"H",2,2,5,-2,245,82
"H",2,2,5,-3,127,26
"H",2,2,5,-4,61,10
"H",2,2,5,-5,20,2
"H",2,2,5,-6,22,2
"H",2,2,5,-7,4,1
"H",2,2,5,-8,1,0
"H",2,2,5,-9,3,0
"H",2,2,5,0,1180,677
"H",2,2,5,1,735,509
"H",2,2,5,10,2,2
"H",2,2,5,11,1,1
"H",2,2,5,2,450,354
"H",2,2,5,3,285,250
"H",2,2,5,4,191,172
"H",2,2,5,5,86,81
"H",2,2,5,6,61,58
"H",2,2,5,7,21,20
"H",2,2,5,8,19,19
"H",2,2,5,9,6,6
"H",2,2,6,-1,466,211
"H",2,2,6,-2,206,71
"H",2,2,6,-3,140,26
"H",2,2,6,-4,59,14
"H",2,2,6,-5,29,6
"H",2,2,6,-6,18,2
"H",2,2,6,-7,8,0
"H",2,2,6,-8,6,0
"H",2,2,6,-9,1,1
"H",2,2,6,0,1032,598
"H",2,2,6,1,753,520
"H",2,2,6,10,3,3
"H",2,2,6,11,1,1
"H",2,2,6,2,449,360
"H",2,2,6,3,278,239
"H",2,2,6,4,148,130
"H",2,2,6,5,96,91
"H",2,2,6,6,54,49
"H",2,2,6,7,22,21
"H",2,2,6,8,13,12
"H",2,2,6,9,9,9
"H",2,2,7,-1,303,153
"H",2,2,7,-2,162,56
"H",2,2,7,-3,103,25
"H",2,2,7,-4,40,6
"H",2,2,7,-5,18,2
"H",2,2,7,-6,16,0
"H",2,2,7,-7,2,0
"H",2,2,7,-8,1,0
"H",2,2,7,-9,1,0
"H",2,2,7,0,690,392
"H",2,2,7,1,470,341
"H",2,2,7,10,3,3
"H",2,2,7,14,1,1
"H",2,2,7,15,1,1
"H",2,2,7,2,339,288
"H",2,2,7,3,169,147
"H",2,2,7,4,118,110
"H",2,2,7,5,64,60
"H",2,2,7,6,32,30
"H",2,2,7,7,18,17
"H",2,2,7,8,7,7
"H",2,2,7,9,2,2
"H",2,2,8,-1,357,188
"H",2,2,8,-10,4,0
"H",2,2,8,-2,180,64
"H",2,2,8,-3,119,33
"H",2,2,8,-4,47,13
"H",2,2,8,-5,29,6
"H",2,2,8,-6,13,2
"H",2,2,8,-7,6,0
"H",2,2,8,-8,3,0
"H",2,2,8,-9,1,0
"H",2,2,8,0,734,448
"H",2,2,8,1,472,331
"H",2,2,8,10,3,3
"H",2,2,8,12,1,1
"H",2,2,8,14,1,1
"H",2,2,8,2,338,284
"H",2,2,8,3,222,196
"H",2,2,8,4,124,115
"H",2,2,8,5,54,51
"H",2,2,8,6,38,36
"H",2,2,8,7,14,13
"H",2,2,8,8,10,10
"H",2,2,8,9,3,3
"H",3,0,1,-1,9408,4296
"H",3,0,1,-10,47,1
"H",3,0,1,-11,26,0
"H",3,0,1,-12,13,0
"H",3,0,1,-13,5,0
"H",3,0,1,-14,3,0
"H",3,0,1,-15,2,0
"H",3,0,1,-18,1,0
"H",3,0,1,-2,5884,2062
"H",3,0,1,-3,3650,882
"H",3,0,1,-4,2188,378
"H",3,0,1,-5,1246,153
"H",3,0,1,-6,632,44
"H",3,0,1,-7,326,20
"H",3,0,1,-8,145,3
"H",3,0,1,-9,81,3
"H",3,0,1,0,16857,9853
"H",3,0,1,1,8243,5951
"H",3,0,1,10,23,22
"H",3,0,1,11,9,9
"H",3,0,1,13,1,1
"H",3,0,1,14,2,2
"H",3,0,1,15,2,2
"H",3,0,1,16,1,1
"H",3,0,1,17,1,1
"H",3,0,1,2,4585,3746
"H",3,0,1,3,2408,2111
"H",3,0,1,4,1307,1198
"H",3,0,1,5,704,666
"H",3,0,1,6,377,360
"H",3,0,1,7,176,174
"H",3,0,1,8,92,92
"H",3,0,1,9,43,43
"H",3,0,2,-1,2510,1303
"H",3,0,2,-10,12,0
"H",3,0,2,-11,4,0
"H",3,0,2,-12,1,0
"H",3,0,2,-13,1,0
"H",3,0,2,-15,1,0
"H",3,0,2,-2,1575,636
"H",3,0,2,-3,997,289
"H",3,0,2,-4,588,123
"H",3,0,2,-5,331,58
"H",3,0,2,-6,164,14
"H",3,0,2,-7,91,9
"H",3,0,2,-8,37,2
"H",3,0,2,-9,22,2
"H",3,0,2,0,4210,2641
"H",3,0,2,1,2312,1766
"H",3,0,2,10,9,8
"H",3,0,2,11,2,2
"H",3,0,2,12,1,1
"H",3,0,2,13,1,1
"H",3,0,2,14,1,1
"H",3,0,2,15,2,2
"H",3,0,2,16,1,1
"H",3,0,2,2,1396,1178
"H",3,0,2,3,740,665
"H",3,0,2,4,441,412
"H",3,0,2,5,218,214
"H",3,0,2,6,116,112
"H",3,0,2,7,55,55
"H",3,0,2,8,28,28
"H",3,0,2,9,17,17
"H",3,0,3,-1,519,277
"H",3,0,3,-10,2,0
"H",3,0,3,-11,2,0
"H",3,0,3,-2,292,128
"H",3,0,3,-3,191,62
"H",3,0,3,-4,95,22
"H",3,0,3,-5,64,14
"H",3,0,3,-6,34,2
"H",3,0,3,-7,15,1
"H",3,0,3,-8,5,0
"H",3,0,3,-9,5,0
"H",3,0,3,0,863,578
"H",3,0,3,1,543,421
"H",3,0,3,10,5,5
"H",3,0,3,11,1,1
"H",3,0,3,2,381,323
"H",3,0,3,3,245,222
"H",3,0,3,4,139,125
"H",3,0,3,5,75,71
"H",3,0,3,6,40,37
"H",3,0,3,7,13,13
"H",3,0,3,8,6,6
"H",3,0,3,9,7,7
"H",3,0,4,-1,542,340
"H",3,0,4,-10,4,0
"H",3,0,4,-2,358,165
"H",3,0,4,-3,265,101
"H",3,0,4,-4,151,42
"H",3,0,4,-5,77,19
"H",3,0,4,-6,42,4
"H",3,0,4,-7,21,2
"H",3,0,4,-8,8,1
"H",3,0,4,-9,5,0
"H",3,0,4,0,813,574
"H",3,0,4,1,533,425
"H",3,0,4,10,5,4
"H",3,0,4,11,2,2
"H",3,0,4,15,1,1
"H",3,0,4,2,328,284
"H",3,0,4,3,193,174
"H",3,0,4,4,120,112
"H",3,0,4,5,82,81
"H",3,0,4,6,34,34
"H",3,0,4,7,16,15
"H",3,0,4,8,9,9
"H",3,0,4,9,9,9
"H",3,0,5,-1,126,63
"H",3,0,5,-10,1,0
"H",3,0,5,-2,68,32
"H",3,0,5,-3,62,23
"H",3,0,5,-4,31,9
"H",3,0,5,-5,16,3
"H",3,0,5,-6,6,0
"H",3,0,5,-7,4,0
"H",3,0,5,-8,1,0
"H",3,0,5,-9,2,0
"H",3,0,5,0,254,189
"H",3,0,5,1,171,144
"H",3,0,5,12,1,1
"H",3,0,5,14,1,1
"H",3,0,5,2,152,128
"H",3,0,5,3,92,84
"H",3,0,5,4,60,57
"H",3,0,5,5,32,32
"H",3,0,5,6,15,14
"H",3,0,5,7,10,10
"H",3,0,5,8,2,2
"H",3,0,5,9,1,1
"H",3,0,6,-1,184,106
"H",3,0,6,-10,1,0
"H",3,0,6,-11,1,0
"H",3,0,6,-2,141,76
"H",3,0,6,-3,77,29
"H",3,0,6,-4,43,13
"H",3,0,6,-5,27,6
"H",3,0,6,-6,11,1
"H",3,0,6,-7,7,1
"H",3,0,6,-8,2,0
"H",3,0,6,-9,4,2
"H",3,0,6,0,327,249
"H",3,0,6,1,260,225
"H",3,0,6,11,2,1
"H",3,0,6,2,197,173
"H",3,0,6,3,105,94
"H",3,0,6,4,64,60
"H",3,0,6,5,31,31
"H",3,0,6,6,12,11
"H",3,0,6,7,6,6
"H",3,0,6,8,3,3
"H",3,0,6,9,3,3
"H",3,0,7,-1,110,69
"H",3,0,7,-2,79,44
"H",3,0,7,-3,37,15
"H",3,0,7,-4,29,11
"H",3,0,7,-5,13,4
"H",3,0,7,-6,6,2
"H",3,0,7,-7,4,1
"H",3,0,7,-8,4,0
"H",3,0,7,0,147,107
"H",3,0,7,1,134,115
"H",3,0,7,10,3,3
"H",3,0,7,2,115,102
"H",3,0,7,3,68,65
"H",3,0,7,4,38,38
"H",3,0,7,5,19,18
"H",3,0,7,6,11,11
"H",3,0,7,7,2,2
"H",3,0,7,8,1,1
"H",3,0,7,9,1,1
"H",3,0,8,-1,119,79
"H",3,0,8,-10,1,0
"H",3,0,8,-2,82,50
"H",3,0,8,-3,69,29
"H",3,0,8,-4,49,20
"H",3,0,8,-5,18,6
"H",3,0,8,-6,11,1
"H",3,0,8,-7,6,0
"H",3,0,8,-8,2,1
"H",3,0,8,-9,2,1
"H",3,0,8,0,207,168
"H",3,0,8,1,159,137
"H",3,0,8,10,4,4
"H",3,0,8,11,2,2
"H",3,0,8,2,113,106
"H",3,0,8,3,68,63
"H",3,0,8,4,43,43
"H",3,0,8,5,23,23
"H",3,0,8,6,12,12
"H",3,0,8,7,7,7
"H",3,0,8,8,2,2
"H",3,0,8,9,3,3
"H",3,1,1,-1,6520,2788
"H",3,1,1,-10,32,1
"H",3,1,1,-11,21,0
"H",3,1,1,-12,12,0
"H",3,1,1,-13,4,0
"H",3,1,1,-14,3,0
"H",3,1,1,-15,1,0
"H",3,1,1,-18,1,0
"H",3,1,1,-2,4071,1301
"H",3,1,1,-3,2451,514
"H",3,1,1,-4,1503,224
"H",3,1,1,-5,853,79
"H",3,1,1,-6,437,28
"H",3,1,1,-7,215,10
"H",3,1,1,-8,107,1
"H",3,1,1,-9,51,1
"H",3,1,1,0,11985,6710
"H",3,1,1,1,5821,4069
"H",3,1,1,10,14,14
"H",3,1,1,11,7,7
"H",3,1,1,15,1,1
"H",3,1,1,17,1,1
"H",3,1,1,18,1,1
"H",3,1,1,2,3183,2539
"H",3,1,1,3,1737,1505
"H",3,1,1,4,985,898
"H",3,1,1,5,559,518
"H",3,1,1,6,295,281
"H",3,1,1,7,149,146
"H",3,1,1,8,80,80
"H",3,1,1,9,25,25
"H",3,1,2,-1,2769,1295
"H",3,1,2,-10,16,1
"H",3,1,2,-11,8,0
"H",3,1,2,-12,5,0
"H",3,1,2,-13,2,0
"H",3,1,2,-14,2,0
"H",3,1,2,-15,2,0
"H",3,1,2,-18,1,0
"H",3,1,2,-2,1899,690
"H",3,1,2,-3,1135,291
"H",3,1,2,-4,699,123
"H",3,1,2,-5,385,53
"H",3,1,2,-6,199,18
"H",3,1,2,-7,110,9
"H",3,1,2,-8,42,1
"H",3,1,2,-9,30,0
"H",3,1,2,0,4885,2933
"H",3,1,2,1,2707,1961
"H",3,1,2,10,15,15
"H",3,1,2,11,5,5
"H",3,1,2,12,3,3
"H",3,1,2,13,1,1
"H",3,1,2,14,1,1
"H",3,1,2,15,1,1
"H",3,1,2,18,1,1
"H",3,1,2,2,1705,1387
"H",3,1,2,3,1044,925
"H",3,1,2,4,536,490
"H",3,1,2,5,320,305
"H",3,1,2,6,153,146
"H",3,1,2,7,95,92
"H",3,1,2,8,45,45
"H",3,1,2,9,22,22
"H",3,1,3,-1,1224,603
"H",3,1,3,-10,5,0
"H",3,1,3,-11,3,0
"H",3,1,3,-12,2,0
"H",3,1,3,-2,567,221
"H",3,1,3,-3,295,74
"H",3,1,3,-4,175,30
"H",3,1,3,-5,115,16
"H",3,1,3,-6,62,4
"H",3,1,3,-7,32,2
"H",3,1,3,-8,15,1
"H",3,1,3,-9,7,0
"H",3,1,3,0,2120,1333
"H",3,1,3,1,1452,1050
"H",3,1,3,10,6,6
"H",3,1,3,11,1,1
"H",3,1,3,12,1,1
"H",3,1,3,16,1,1
"H",3,1,3,2,930,776
"H",3,1,3,3,540,487
"H",3,1,3,4,337,310
"H",3,1,3,5,174,159
"H",3,1,3,6,84,80
"H",3,1,3,7,51,51
"H",3,1,3,8,24,24
"H",3,1,3,9,14,14
"H",3,1,4,-1,881,463
"H",3,1,4,-10,4,0
"H",3,1,4,-11,3,0
"H",3,1,4,-12,3,0
"H",3,1,4,-13,1,0
"H",3,1,4,-14,1,0
"H",3,1,4,-15,1,0
"H",3,1,4,-2,620,261
"H",3,1,4,-3,408,128
"H",3,1,4,-4,252,58
"H",3,1,4,-5,164,30
"H",3,1,4,-6,64,9
"H",3,1,4,-7,43,5
"H",3,1,4,-8,13,1
"H",3,1,4,-9,11,0
"H",3,1,4,0,1508,991
"H",3,1,4,1,1030,774
"H",3,1,4,10,4,4
"H",3,1,4,11,3,3
"H",3,1,4,13,1,1
"H",3,1,4,14,1,1
"H",3,1,4,16,1,1
"H",3,1,4,2,608,504
"H",3,1,4,3,407,362
"H",3,1,4,4,257,242
"H",3,1,4,5,146,141
"H",3,1,4,6,64,63
"H",3,1,4,7,35,35
"H",3,1,4,8,21,21
"H",3,1,4,9,8,8
"H",3,1,5,-1,352,178
"H",3,1,5,-10,1,0
"H",3,1,5,-2,179,83
"H",3,1,5,-3,107,31
"H",3,1,5,-4,59,16
"H",3,1,5,-5,32,5
"H",3,1,5,-6,17,2
"H",3,1,5,-7,12,0
"H",3,1,5,-8,5,0
"H",3,1,5,-9,3,0
"H",3,1,5,0,670,448
"H",3,1,5,1,554,430
"H",3,1,5,10,5,5
"H",3,1,5,11,1,1
"H",3,1,5,12,1,1
"H",3,1,5,13,1,1
"H",3,1,5,2,442,376
"H",3,1,5,3,267,238
"H",3,1,5,4,173,154
"H",3,1,5,5,96,90
"H",3,1,5,6,45,38
"H",3,1,5,7,19,19
"H",3,1,5,8,13,13
"H",3,1,5,9,8,8
"H",3,1,6,-1,432,245
"H",3,1,6,-10,3,0
"H",3,1,6,-11,1,0
"H",3,1,6,-2,227,93
"H",3,1,6,-3,154,49
"H",3,1,6,-4,97,19
"H",3,1,6,-5,30,6
"H",3,1,6,-6,23,1
"H",3,1,6,-7,14,0
"H",3,1,6,-8,4,0
"H",3,1,6,-9,5,0
"H",3,1,6,0,752,532
"H",3,1,6,1,598,470
"H",3,1,6,10,6,6
"H",3,1,6,11,3,2
"H",3,1,6,12,4,4
"H",3,1,6,15,1,1
"H",3,1,6,16,1,1
"H",3,1,6,2,428,364
"H",3,1,6,3,257,234
"H",3,1,6,4,155,144
"H",3,1,6,5,98,93
"H",3,1,6,6,40,37
"H",3,1,6,7,24,24
"H",3,1,6,8,9,9
"H",3,1,6,9,10,10
"H",3,1,7,-1,381,238
"H",3,1,7,-2,226,118
"H",3,1,7,-3,122,41
"H",3,1,7,-4,47,14
"H",3,1,7,-5,35,7
"H",3,1,7,-6,16,0
"H",3,1,7,-7,4,1
"H",3,1,7,-8,6,0
"H",3,1,7,-9,2,0
"H",3,1,7,0,556,383
"H",3,1,7,1,480,373
"H",3,1,7,10,5,5
"H",3,1,7,11,2,2
"H",3,1,7,12,1,1
"H",3,1,7,14,1,1
"H",3,1,7,18,1,1
"H",3,1,7,2,355,308
"H",3,1,7,3,190,173
"H",3,1,7,4,121,110
"H",3,1,7,5,78,73
"H",3,1,7,6,34,34
"H",3,1,7,7,20,20
"H",3,1,7,8,14,14
"H",3,1,7,9,7,7
"H",3,1,8,-1,272,152
"H",3,1,8,-10,1,0
"H",3,1,8,-11,1,0
"H",3,1,8,-12,1,0
"H",3,1,8,-15,1,0
"H",3,1,8,-2,192,96
"H",3,1,8,-3,123,53
"H",3,1,8,-4,74,26
"H",3,1,8,-5,56,13
"H",3,1,8,-6,25,5
"H",3,1,8,-7,10,3
"H",3,1,8,-8,5,1
"H",3,1,8,-9,3,0
"H",3,1,8,0,513,357
"H",3,1,8,1,410,322
"H",3,1,8,10,6,6
"H",3,1,8,11,3,3
"H",3,1,8,12,1,1
"H",3,1,8,14,1,1
"H",3,1,8,2,309,274
"H",3,1,8,3,202,184
"H",3,1,8,4,113,104
"H",3,1,8,5,77,75
"H",3,1,8,6,35,34
"H",3,1,8,7,19,19
"H",3,1,8,8,10,10
"H",3,1,8,9,3,3
"H",3,2,1,-1,4893,1996
"H",3,2,1,-10,23,0
"H",3,2,1,-11,15,0
"H",3,2,1,-12,6,0
"H",3,2,1,-13,3,0
"H",3,2,1,-14,1,0
"H",3,2,1,-2,2971,875
"H",3,2,1,-3,1857,360
"H",3,2,1,-4,1121,150
"H",3,2,1,-5,624,47
"H",3,2,1,-6,318,16
"H",3,2,1,-7,147,4
"H",3,2,1,-8,83,1
"H",3,2,1,-9,32,1
"H",3,2,1,0,9024,4837
"H",3,2,1,1,4543,3102
"H",3,2,1,10,22,22
"H",3,2,1,11,11,11
"H",3,2,1,12,6,6
"H",3,2,1,17,1,1
"H",3,2,1,2,2643,2085
"H",3,2,1,3,1601,1364
"H",3,2,1,4,1004,920
"H",3,2,1,5,546,506
"H",3,2,1,6,297,284
"H",3,2,1,7,119,118
"H",3,2,1,8,70,70
"H",3,2,1,9,31,31
"H",3,2,2,-1,2649,1114
"H",3,2,2,-10,11,1
"H",3,2,2,-11,9,0
"H",3,2,2,-12,3,0
"H",3,2,2,-13,3,0
"H",3,2,2,-14,2,0
"H",3,2,2,-15,1,0
"H",3,2,2,-18,1,0
"H",3,2,2,-2,1868,591
"H",3,2,2,-3,1107,236
"H",3,2,2,-4,700,107
"H",3,2,2,-5,356,27
"H",3,2,2,-6,190,11
"H",3,2,2,-7,104,3
"H",3,2,2,-8,50,1
"H",3,2,2,-9,21,0
"H",3,2,2,0,4893,2754
"H",3,2,2,1,2919,1981
"H",3,2,2,10,13,13
"H",3,2,2,11,7,7
"H",3,2,2,12,6,6
"H",3,2,2,13,3,3
"H",3,2,2,14,1,1
"H",3,2,2,15,1,1
"H",3,2,2,2,1876,1497
"H",3,2,2,3,1228,1055
"H",3,2,2,4,747,679
"H",3,2,2,5,402,384
"H",3,2,2,6,244,230
"H",3,2,2,7,116,114
"H",3,2,2,8,65,65
"H",3,2,2,9,29,29
"H",3,2,3,-1,1362,614
"H",3,2,3,-10,4,0
"H",3,2,3,-11,2,0
"H",3,2,3,-12,1,0
"H",3,2,3,-2,677,220
"H",3,2,3,-3,413,92
"H",3,2,3,-4,223,29
"H",3,2,3,-5,129,15
"H",3,2,3,-6,61,5
"H",3,2,3,-7,31,2
"H",3,2,3,-8,19,0
"H",3,2,3,-9,6,0
"H",3,2,3,0,2435,1406
"H",3,2,3,1,1769,1240
"H",3,2,3,10,14,14
"H",3,2,3,11,8,8
"H",3,2,3,12,5,5
"H",3,2,3,13,3,3
"H",3,2,3,2,1220,992
"H",3,2,3,3,791,702
"H",3,2,3,4,492,457
"H",3,2,3,5,275,254
"H",3,2,3,6,153,147
"H",3,2,3,7,86,85
"H",3,2,3,8,42,41
"H",3,2,3,9,21,20
"H",3,2,4,-1,1010,484
"H",3,2,4,-10,5,0
"H",3,2,4,-11,1,0
"H",3,2,4,-12,1,0
"H",3,2,4,-2,764,252
"H",3,2,4,-3,475,129
"H",3,2,4,-4,291,59
"H",3,2,4,-5,143,20
"H",3,2,4,-6,75,10
"H",3,2,4,-7,46,2
"H",3,2,4,-8,18,1
"H",3,2,4,-9,7,0
"H",3,2,4,0,1796,1059
"H",3,2,4,1,1231,895
"H",3,2,4,10,10,10
"H",3,2,4,11,7,7
"H",3,2,4,12,3,3
"H",3,2,4,14,1,1
"H",3,2,4,16,1,1
"H",3,2,4,17,1,1
"H",3,2,4,2,874,703
"H",3,2,4,3,611,529
"H",3,2,4,4,393,361
"H",3,2,4,5,245,235
"H",3,2,4,6,121,118
"H",3,2,4,7,59,58
"H",3,2,4,8,47,47
"H",3,2,4,9,20,20
"H",3,2,5,-1,590,251
"H",3,2,5,-10,1,0
"H",3,2,5,-11,1,0
"H",3,2,5,-2,298,104
"H",3,2,5,-3,146,28
"H",3,2,5,-4,102,16
"H",3,2,5,-5,55,3
"H",3,2,5,-6,31,1
"H",3,2,5,-7,15,0
"H",3,2,5,-8,7,0
"H",3,2,5,-9,6,1
"H",3,2,5,0,980,589
"H",3,2,5,1,809,573
"H",3,2,5,10,6,6
"H",3,2,5,11,3,3
"H",3,2,5,12,2,2
"H",3,2,5,13,1,1
"H",3,2,5,14,1,1
"H",3,2,5,2,606,501
"H",3,2,5,3,397,352
"H",3,2,5,4,236,211
"H",3,2,5,5,137,128
"H",3,2,5,6,62,58
"H",3,2,5,7,35,34
"H",3,2,5,8,16,16
"H",3,2,5,9,14,14
"H",3,2,6,-1,510,231
"H",3,2,6,-11,2,0
"H",3,2,6,-12,1,0
"H",3,2,6,-2,285,103
"H",3,2,6,-3,192,51
"H",3,2,6,-4,124,20
"H",3,2,6,-5,64,4
"H",3,2,6,-6,27,5
"H",3,2,6,-7,9,0
"H",3,2,6,-8,10,0
"H",3,2,6,-9,8,0
"H",3,2,6,0,897,553
"H",3,2,6,1,749,543
"H",3,2,6,10,1,1
"H",3,2,6,11,4,3
"H",3,2,6,12,1,1
"H",3,2,6,13,2,2
"H",3,2,6,16,1,1
"H",3,2,6,2,555,455
"H",3,2,6,3,328,293
"H",3,2,6,4,217,199
"H",3,2,6,5,123,112
"H",3,2,6,6,63,61
"H",3,2,6,7,42,42
"H",3,2,6,8,22,22
"H",3,2,6,9,18,18
"H",3,2,7,-1,341,172
"H",3,2,7,-10,1,0
"H",3,2,7,-11,1,0
"H",3,2,7,-14,1,0
"H",3,2,7,-2,189,71
"H",3,2,7,-3,127,41
"H",3,2,7,-4,86,15
"H",3,2,7,-5,35,5
"H",3,2,7,-6,21,1
"H",3,2,7,-7,14,1
"H",3,2,7,-8,5,0
"H",3,2,7,-9,2,0
"H",3,2,7,0,516,317
"H",3,2,7,1,441,325
"H",3,2,7,10,5,5
"H",3,2,7,11,2,2
"H",3,2,7,12,2,2
"H",3,2,7,2,348,281
"H",3,2,7,3,201,173
"H",3,2,7,4,120,113
"H",3,2,7,5,80,76
"H",3,2,7,6,41,39
"H",3,2,7,7,27,27
"H",3,2,7,8,17,16
"H",3,2,7,9,7,7
"H",3,2,8,-1,351,172
"H",3,2,8,-10,1,0
"H",3,2,8,-2,212,90
"H",3,2,8,-3,144,45
"H",3,2,8,-4,89,18
"H",3,2,8,-5,42,8
"H",3,2,8,-6,22,4
"H",3,2,8,-7,11,0
"H",3,2,8,-8,4,0
"H",3,2,8,-9,2,0
"H",3,2,8,0,579,373
"H",3,2,8,1,476,338
"H",3,2,8,10,8,8
"H",3,2,8,11,5,5
"H",3,2,8,12,4,4
"H",3,2,8,13,1,1
"H",3,2,8,2,360,299
"H",3,2,8,3,234,213
"H",3,2,8,4,153,142
"H",3,2,8,5,85,82
"H",3,2,8,6,51,50
"H",3,2,8,7,27,26
"H",3,2,8,8,22,21
"H",3,2,8,9,11,11
"H",4,0,1,-1,9025,3970
"H",4,0,1,-10,92,0
"H",4,0,1,-11,44,1
"H",4,0,1,-12,28,0
"H",4,0,1,-13,15,0
"H",4,0,1,-14,2,0
"H",4,0,1,-15,4,0
"H",4,0,1,-16,1,0
"H",4,0,1,-19,1,0
"H",4,0,1,-2,6185,1999
"H",4,0,1,-3,4128,889
"H",4,0,1,-4,2525,370
"H",4,0,1,-5,1563,151
"H",4,0,1,-6,928,60
"H",4,0,1,-7,489,22
"H",4,0,1,-8,297,6
"H",4,0,1,-9,144,2
"H",4,0,1,0,12593,7527
"H",4,0,1,1,7864,5698
"H",4,0,1,10,53,53
"H",4,0,1,11,26,25
"H",4,0,1,12,18,18
"H",4,0,1,13,10,10
"H",4,0,1,15,2,2
"H",4,0,1,17,3,3
"H",4,0,1,2,5311,4407
"H",4,0,1,3,3251,2929
"H",4,0,1,4,2045,1919
"H",4,0,1,5,1172,1119
"H",4,0,1,6,638,622
"H",4,0,1,7,295,294
"H",4,0,1,8,159,157
"H",4,0,1,9,90,90
"H",4,0,2,-1,2569,1274
"H",4,0,2,-10,28,0
"H",4,0,2,-11,9,1
"H",4,0,2,-12,6,0
"H",4,0,2,-13,2,0
"H",4,0,2,-15,1,0
"H",4,0,2,-19,1,0
"H",4,0,2,-2,1735,639
"H",4,0,2,-3,1200,308
"H",4,0,2,-4,736,130
"H",4,0,2,-5,444,51
"H",4,0,2,-6,264,28
"H",4,0,2,-7,128,9
"H",4,0,2,-8,91,4
"H",4,0,2,-9,38,1
"H",4,0,2,0,3627,2317
"H",4,0,2,1,2281,1740
"H",4,0,2,10,17,17
"H",4,0,2,11,10,10
"H",4,0,2,12,6,6
"H",4,0,2,13,5,5
"H",4,0,2,2,1511,1262
"H",4,0,2,3,988,910
"H",4,0,2,4,577,546
"H",4,0,2,5,344,331
"H",4,0,2,6,194,190
"H",4,0,2,7,82,81
"H",4,0,2,8,57,57
"H",4,0,2,9,25,25
"H",4,0,3,-1,592,325
"H",4,0,3,-10,4,0
"H",4,0,3,-11,1,0
"H",4,0,3,-12,1,0
"H",4,0,3,-16,1,0
"H",4,0,3,-2,366,153
"H",4,0,3,-3,249,66
"H",4,0,3,-4,151,29
"H",4,0,3,-5,79,11
"H",4,0,3,-6,68,5
"H",4,0,3,-7,28,2
"H",4,0,3,-8,21,1
"H",4,0,3,-9,7,0
"H",4,0,3,0,842,566
"H",4,0,3,1,633,512
"H",4,0,3,10,5,5
"H",4,0,3,11,2,2
"H",4,0,3,12,1,1
"H",4,0,3,13,1,1
"H",4,0,3,2,376,319
"H",4,0,3,3,250,239
"H",4,0,3,4,163,154
"H",4,0,3,5,106,104
"H",4,0,3,6,57,55
"H",4,0,3,7,29,29
"H",4,0,3,8,21,21
"H",4,0,3,9,11,11
"H",4,0,4,-1,542,327
"H",4,0,4,-10,11,0
"H",4,0,4,-11,7,1
"H",4,0,4,-12,1,0
"H",4,0,4,-15,1,0
"H",4,0,4,-2,449,193
"H",4,0,4,-3,302,87
"H",4,0,4,-4,204,47
"H",4,0,4,-5,119,18
"H",4,0,4,-6,75,8
"H",4,0,4,-7,45,7
"H",4,0,4,-8,27,4
"H",4,0,4,-9,9,0
"H",4,0,4,0,753,524
"H",4,0,4,1,494,394
"H",4,0,4,10,8,8
"H",4,0,4,11,1,1
"H",4,0,4,12,1,1
"H",4,0,4,13,1,1
"H",4,0,4,14,2,2
"H",4,0,4,15,1,1
"H",4,0,4,2,353,312
"H",4,0,4,3,221,214
"H",4,0,4,4,146,140
"H",4,0,4,5,83,81
"H",4,0,4,6,50,50
"H",4,0,4,7,24,24
"H",4,0,4,8,17,17
"H",4,0,4,9,10,10
"H",4,0,5,-1,157,91
"H",4,0,5,-10,2,0
"H",4,0,5,-2,126,51
"H",4,0,5,-3,65,21
"H",4,0,5,-4,31,8
"H",4,0,5,-5,21,2
"H",4,0,5,-6,14,0
"H",4,0,5,-7,8,1
"H",4,0,5,-8,6,0
"H",4,0,5,-9,8,0
"H",4,0,5,0,254,183
"H",4,0,5,1,214,175
"H",4,0,5,10,1,1
"H",4,0,5,11,1,1
"H",4,0,5,12,1,1
"H",4,0,5,2,143,121
"H",4,0,5,3,78,75
"H",4,0,5,4,71,67
"H",4,0,5,5,30,30
"H",4,0,5,6,24,23
"H",4,0,5,7,17,17
"H",4,0,5,8,2,2
"H",4,0,5,9,2,2
"H",4,0,6,-1,270,182
"H",4,0,6,-10,3,1
"H",4,0,6,-2,159,83
"H",4,0,6,-3,100,45
"H",4,0,6,-4,59,17
"H",4,0,6,-5,29,7
"H",4,0,6,-6,22,1
"H",4,0,6,-7,10,1
"H",4,0,6,-8,17,1
"H",4,0,6,-9,4,1
"H",4,0,6,0,335,242
"H",4,0,6,1,287,235
"H",4,0,6,10,1,1
"H",4,0,6,11,1,1
"H",4,0,6,13,2,2
"H",4,0,6,2,163,140
"H",4,0,6,3,103,96
"H",4,0,6,4,75,74
"H",4,0,6,5,46,46
"H",4,0,6,6,22,21
"H",4,0,6,7,14,14
"H",4,0,6,8,15,15
"H",4,0,6,9,6,6
"H",4,0,7,-1,141,90
"H",4,0,7,-2,82,43
"H",4,0,7,-3,61,18
"H",4,0,7,-4,40,11
"H",4,0,7,-5,27,4
"H",4,0,7,-6,12,2
"H",4,0,7,-7,7,1
"H",4,0,7,-8,5,0
"H",4,0,7,-9,4,0
"H",4,0,7,0,200,151
"H",4,0,7,1,170,149
"H",4,0,7,10,1,1
"H",4,0,7,16,1,1
"H",4,0,7,2,69,66
"H",4,0,7,3,68,62
"H",4,0,7,4,27,26
"H",4,0,7,5,27,25
"H",4,0,7,6,17,17
"H",4,0,7,7,6,6
"H",4,0,7,8,9,9
"H",4,0,7,9,5,5
"H",4,0,8,-1,139,95
"H",4,0,8,-10,3,1
"H",4,0,8,-2,85,50
"H",4,0,8,-3,70,32
"H",4,0,8,-4,50,16
"H",4,0,8,-5,27,7
"H",4,0,8,-6,23,2
"H",4,0,8,-7,7,1
"H",4,0,8,-8,5,1
"H",4,0,8,-9,4,0
"H",4,0,8,0,176,145
"H",4,0,8,1,136,119
"H",4,0,8,10,5,5
"H",4,0,8,2,108,101
"H",4,0,8,3,63,59
"H",4,0,8,4,52,50
"H",4,0,8,5,27,25
"H",4,0,8,6,20,20
"H",4,0,8,7,9,9
"H",4,0,8,8,8,8
"H",4,0,8,9,6,6
"H",4,1,1,-1,6033,2441
"H",4,1,1,-10,58,0
"H",4,1,1,-11,34,0
"H",4,1,1,-12,21,0
"H",4,1,1,-13,12,0
"H",4,1,1,-14,2,0
"H",4,1,1,-15,3,0
"H",4,1,1,-2,4126,1202
"H",4,1,1,-3,2715,518
"H",4,1,1,-4,1634,200
"H",4,1,1,-5,1041,84
"H",4,1,1,-6,597,30
"H",4,1,1,-7,328,9
"H",4,1,1,-8,185,1
"H",4,1,1,-9,96,1
"H",4,1,1,0,8416,4773
"H",4,1,1,1,5362,3726
"H",4,1,1,10,49,49
"H",4,1,1,11,21,20
"H",4,1,1,12,14,14
"H",4,1,1,13,6,6
"H",4,1,1,14,1,1
"H",4,1,1,15,3,3
"H",4,1,1,17,3,3
"H",4,1,1,2,3802,3120
"H",4,1,1,3,2303,2038
"H",4,1,1,4,1450,1352
"H",4,1,1,5,852,808
"H",4,1,1,6,462,451
"H",4,1,1,7,250,248
"H",4,1,1,8,126,123
"H",4,1,1,9,72,71
"H",4,1,2,-1,2685,1173
"H",4,1,2,-10,34,0
"H",4,1,2,-11,13,0
"H",4,1,2,-12,11,0
"H",4,1,2,-13,5,0
"H",4,1,2,-14,1,0
"H",4,1,2,-15,1,0
"H",4,1,2,-19,1,0
"H",4,1,2,-2,2008,634
"H",4,1,2,-3,1341,298
"H",4,1,2,-4,796,106
"H",4,1,2,-5,504,42
"H",4,1,2,-6,314,23
"H",4,1,2,-7,143,6
"H",4,1,2,-8,84,0
"H",4,1,2,-9,46,0
"H",4,1,2,0,3783,2290
"H",4,1,2,1,2517,1794
"H",4,1,2,10,27,27
"H",4,1,2,11,13,13
"H",4,1,2,12,9,9
"H",4,1,2,13,3,3
"H",4,1,2,14,2,2
"H",4,1,2,15,1,1
"H",4,1,2,17,1,1
"H",4,1,2,2,1840,1538
"H",4,1,2,3,1160,1049
"H",4,1,2,4,694,665
"H",4,1,2,5,456,433
"H",4,1,2,6,273,267
"H",4,1,2,7,161,159
"H",4,1,2,8,66,65
"H",4,1,2,9,50,50
"H",4,1,3,-1,1098,537
"H",4,1,3,-10,10,0
"H",4,1,3,-11,1,0
"H",4,1,3,-12,4,0
"H",4,1,3,-13,1,0
"H",4,1,3,-15,1,0
"H",4,1,3,-16,1,0
"H",4,1,3,-2,583,218
"H",4,1,3,-3,360,98
"H",4,1,3,-4,229,29
"H",4,1,3,-5,136,18
"H",4,1,3,-6,84,6
"H",4,1,3,-7,41,2
"H",4,1,3,-8,27,0
"H",4,1,3,-9,7,0
"H",4,1,3,0,1720,1055
"H",4,1,3,1,1325,996
"H",4,1,3,10,24,24
"H",4,1,3,11,11,11
"H",4,1,3,12,3,3
"H",4,1,3,13,4,4
"H",4,1,3,14,1,1
"H",4,1,3,15,1,1
"H",4,1,3,16,1,1
"H",4,1,3,17,1,1
"H",4,1,3,2,944,773
"H",4,1,3,3,630,590
"H",4,1,3,4,426,398
"H",4,1,3,5,248,242
"H",4,1,3,6,171,166
"H",4,1,3,7,70,70
"H",4,1,3,8,35,35
"H",4,1,3,9,18,18
"H",4,1,4,-1,823,419
"H",4,1,4,-10,7,0
"H",4,1,4,-11,7,0
"H",4,1,4,-12,5,0
"H",4,1,4,-13,4,0
"H",4,1,4,-2,650,223
"H",4,1,4,-3,457,127
"H",4,1,4,-4,268,51
"H",4,1,4,-5,187,27
"H",4,1,4,-6,120,18
"H",4,1,4,-7,68,6
"H",4,1,4,-8,36,0
"H",4,1,4,-9,14,0
"H",4,1,4,0,1217,747
"H",4,1,4,1,873,663
"H",4,1,4,10,15,15
"H",4,1,4,11,11,11
"H",4,1,4,12,2,2
"H",4,1,4,13,2,2
"H",4,1,4,15,1,1
"H",4,1,4,16,1,1
"H",4,1,4,18,1,1
"H",4,1,4,2,658,565
"H",4,1,4,3,477,442
"H",4,1,4,4,300,289
"H",4,1,4,5,202,197
"H",4,1,4,6,126,124
"H",4,1,4,7,62,62
"H",4,1,4,8,39,39
"H",4,1,4,9,29,29
"H",4,1,5,-1,378,194
"H",4,1,5,-2,219,85
"H",4,1,5,-3,133,28
"H",4,1,5,-4,83,14
"H",4,1,5,-5,43,4
"H",4,1,5,-6,28,0
"H",4,1,5,-7,12,0
"H",4,1,5,-8,17,1
"H",4,1,5,-9,5,0
"H",4,1,5,0,647,432
"H",4,1,5,1,564,453
"H",4,1,5,10,3,3
"H",4,1,5,11,2,2
"H",4,1,5,12,2,2
"H",4,1,5,13,2,2
"H",4,1,5,2,384,324
"H",4,1,5,3,228,209
"H",4,1,5,4,180,169
"H",4,1,5,5,87,86
"H",4,1,5,6,67,66
"H",4,1,5,7,40,40
"H",4,1,5,8,23,23
"H",4,1,5,9,9,9
"H",4,1,6,-1,426,223
"H",4,1,6,-10,4,0
"H",4,1,6,-11,2,0
"H",4,1,6,-15,1,0
"H",4,1,6,-18,1,0
"H",4,1,6,-2,309,122
"H",4,1,6,-3,177,47
"H",4,1,6,-4,123,29
"H",4,1,6,-5,72,9
"H",4,1,6,-6,52,2
"H",4,1,6,-7,19,1
"H",4,1,6,-8,17,1
"H",4,1,6,-9,2,0
"H",4,1,6,0,628,424
"H",4,1,6,1,558,439
"H",4,1,6,10,10,10
"H",4,1,6,11,3,3
"H",4,1,6,12,3,3
"H",4,1,6,13,1,1
"H",4,1,6,2,367,324
"H",4,1,6,3,254,241
"H",4,1,6,4,174,169
"H",4,1,6,5,115,112
"H",4,1,6,6,76,75
"H",4,1,6,7,42,41
"H",4,1,6,8,21,21
"H",4,1,6,9,10,10
"H",4,1,7,-1,370,205
"H",4,1,7,-10,1,0
"H",4,1,7,-11,1,0
"H",4,1,7,-12,1,0
"H",4,1,7,-15,1,0
"H",4,1,7,-19,1,0
"H",4,1,7,-2,236,105
"H",4,1,7,-3,122,41
"H",4,1,7,-4,81,15
"H",4,1,7,-5,45,3
"H",4,1,7,-6,29,3
"H",4,1,7,-7,15,0
"H",4,1,7,-8,5,0
"H",4,1,7,-9,1,0
"H",4,1,7,0,516,353
"H",4,1,7,1,395,313
"H",4,1,7,10,6,6
"H",4,1,7,11,2,2
"H",4,1,7,12,1,1
"H",4,1,7,13,1,1
"H",4,1,7,14,1,1
"H",4,1,7,15,1,1
"H",4,1,7,17,1,1
"H",4,1,7,2,285,246
"H",4,1,7,3,211,198
"H",4,1,7,4,140,137
"H",4,1,7,5,99,98
"H",4,1,7,6,60,59
"H",4,1,7,7,23,23
"H",4,1,7,8,24,24
"H",4,1,7,9,13,13
"H",4,1,8,-1,284,172
"H",4,1,8,-11,2,0
"H",4,1,8,-2,198,93
"H",4,1,8,-3,121,42
"H",4,1,8,-4,77,15
"H",4,1,8,-5,55,14
"H",4,1,8,-6,40,10
"H",4,1,8,-7,11,2
"H",4,1,8,-8,5,0
"H",4,1,8,-9,3,0
"H",4,1,8,0,417,284
"H",4,1,8,1,365,289
"H",4,1,8,10,10,10
"H",4,1,8,11,3,3
"H",4,1,8,12,2,2
"H",4,1,8,13,1,1
"H",4,1,8,15,1,1
"H",4,1,8,16,1,1
"H",4,1,8,2,277,244
"H",4,1,8,3,194,185
"H",4,1,8,4,132,129
"H",4,1,8,5,81,78
"H",4,1,8,6,64,63
"H",4,1,8,7,27,27
"H",4,1,8,8,17,17
"H",4,1,8,9,10,10
"H",4,2,1,-1,4556,1714
"H",4,2,1,-10,33,0
"H",4,2,1,-11,27,0
"H",4,2,1,-12,11,0
"H",4,2,1,-13,8,0
"H",4,2,1,-14,1,0
"H",4,2,1,-15,1,0
"H",4,2,1,-2,2991,794
"H",4,2,1,-3,1999,336
"H",4,2,1,-4,1182,133
"H",4,2,1,-5,757,48
"H",4,2,1,-6,414,21
"H",4,2,1,-7,249,4
"H",4,2,1,-8,134,2
"H",4,2,1,-9,67,1
"H",4,2,1,0,6331,3480
"H",4,2,1,1,4330,2975
"H",4,2,1,10,46,46
"H",4,2,1,11,22,21
"H",4,2,1,12,17,17
"H",4,2,1,13,6,6
"H",4,2,1,14,3,3
"H",4,2,1,15,2,2
"H",4,2,1,17,2,2
"H",4,2,1,18,1,1
"H",4,2,1,2,3156,2553
"H",4,2,1,3,1951,1703
"H",4,2,1,4,1214,1129
"H",4,2,1,5,734,700
"H",4,2,1,6,394,385
"H",4,2,1,7,249,246
"H",4,2,1,8,145,143
"H",4,2,1,9,75,74
"H",4,2,2,-1,2551,995
"H",4,2,2,-10,30,0
"H",4,2,2,-11,11,0
"H",4,2,2,-12,9,0
"H",4,2,2,-13,5,0
"H",4,2,2,-14,2,0
"H",4,2,2,-15,1,0
"H",4,2,2,-2,1825,538
"H",4,2,2,-3,1193,211
"H",4,2,2,-4,753,79
"H",4,2,2,-5,465,40
"H",4,2,2,-6,283,17
"H",4,2,2,-7,147,5
"H",4,2,2,-8,78,0
"H",4,2,2,-9,53,1
"H",4,2,2,0,3510,2005
"H",4,2,2,1,2705,1909
"H",4,2,2,10,32,32
"H",4,2,2,11,20,20
"H",4,2,2,12,16,16
"H",4,2,2,13,6,6
"H",4,2,2,14,7,7
"H",4,2,2,15,2,2
"H",4,2,2,16,1,1
"H",4,2,2,17,2,2
"H",4,2,2,18,1,1
"H",4,2,2,2,1994,1615
"H",4,2,2,3,1280,1125
"H",4,2,2,4,871,815
"H",4,2,2,5,563,544
"H",4,2,2,6,337,329
"H",4,2,2,7,206,205
"H",4,2,2,8,105,104
"H",4,2,2,9,73,73
"H",4,2,3,-1,1217,528
"H",4,2,3,-10,13,0
"H",4,2,3,-11,5,0
"H",4,2,3,-12,4,0
"H",4,2,3,-13,1,0
"H",4,2,3,-15,1,0
"H",4,2,3,-16,1,0
"H",4,2,3,-2,722,216
"H",4,2,3,-3,470,106
"H",4,2,3,-4,273,31
"H",4,2,3,-5,171,15
"H",4,2,3,-6,91,3
"H",4,2,3,-7,58,3
"H",4,2,3,-8,32,0
"H",4,2,3,-9,9,0
"H",4,2,3,0,1862,1089
"H",4,2,3,1,1603,1111
"H",4,2,3,10,31,31
"H",4,2,3,11,16,16
"H",4,2,3,12,4,4
"H",4,2,3,13,4,4
"H",4,2,3,14,5,5
"H",4,2,3,15,1,1
"H",4,2,3,16,1,1
"H",4,2,3,17,3,3
"H",4,2,3,18,1,1
"H",4,2,3,2,1287,1032
"H",4,2,3,3,886,803
"H",4,2,3,4,545,516
"H",4,2,3,5,372,352
"H",4,2,3,6,242,238
"H",4,2,3,7,123,123
"H",4,2,3,8,63,63
"H",4,2,3,9,50,50
"H",4,2,4,-1,909,392
"H",4,2,4,-10,15,0
"H",4,2,4,-11,8,0
"H",4,2,4,-12,5,0
"H",4,2,4,-13,4,0
"H",4,2,4,-2,674,198
"H",4,2,4,-3,457,88
"H",4,2,4,-4,311,38
"H",4,2,4,-5,199,19
"H",4,2,4,-6,113,7
"H",4,2,4,-7,55,2
"H",4,2,4,-8,37,0
"H",4,2,4,-9,20,0
"H",4,2,4,0,1405,876
"H",4,2,4,1,1222,871
"H",4,2,4,10,26,26
"H",4,2,4,11,18,18
"H",4,2,4,12,8,8
"H",4,2,4,13,5,5
"H",4,2,4,14,5,5
"H",4,2,4,15,2,2
"H",4,2,4,2,884,738
"H",4,2,4,3,649,584
"H",4,2,4,4,389,369
"H",4,2,4,5,289,281
"H",4,2,4,6,174,166
"H",4,2,4,7,110,108
"H",4,2,4,8,47,46
"H",4,2,4,9,38,38
"H",4,2,5,-1,541,234
"H",4,2,5,-10,3,0
"H",4,2,5,-11,3,0
"H",4,2,5,-13,1,0
"H",4,2,5,-2,303,93
"H",4,2,5,-3,212,33
"H",4,2,5,-4,127,15
"H",4,2,5,-5,73,5
"H",4,2,5,-6,33,0
"H",4,2,5,-7,19,1
"H",4,2,5,-8,10,0
"H",4,2,5,-9,7,0
"H",4,2,5,0,775,436
"H",4,2,5,1,674,494
"H",4,2,5,10,14,14
"H",4,2,5,11,6,6
"H",4,2,5,12,7,7
"H",4,2,5,13,3,3
"H",4,2,5,2,481,387
"H",4,2,5,3,324,282
"H",4,2,5,4,260,242
"H",4,2,5,5,176,173
"H",4,2,5,6,121,116
"H",4,2,5,7,63,63
"H",4,2,5,8,41,40
"H",4,2,5,9,13,13
"H",4,2,6,-1,474,215
"H",4,2,6,-10,3,0
"H",4,2,6,-11,1,0
"H",4,2,6,-13,1,0
"H",4,2,6,-18,1,0
"H",4,2,6,-2,320,107
"H",4,2,6,-3,199,37
"H",4,2,6,-4,124,19
"H",4,2,6,-5,81,9
"H",4,2,6,-6,37,4
"H",4,2,6,-7,26,1
"H",4,2,6,-8,11,0
"H",4,2,6,-9,7,0
"H",4,2,6,0,704,417
"H",4,2,6,1,627,460
"H",4,2,6,10,11,11
"H",4,2,6,11,10,10
"H",4,2,6,12,3,3
"H",4,2,6,13,1,1
"H",4,2,6,18,1,1
"H",4,2,6,2,483,389
"H",4,2,6,3,320,292
"H",4,2,6,4,215,201
"H",4,2,6,5,147,144
"H",4,2,6,6,109,107
"H",4,2,6,7,80,80
"H",4,2,6,8,32,32
"H",4,2,6,9,23,23
"H",4,2,7,-1,302,137
"H",4,2,7,-10,3,0
"H",4,2,7,-15,1,0
"H",4,2,7,-2,231,86
"H",4,2,7,-3,121,25
"H",4,2,7,-4,83,11
"H",4,2,7,-5,32,4
"H",4,2,7,-6,29,0
"H",4,2,7,-7,15,1
"H",4,2,7,-8,5,0
"H",4,2,7,-9,8,0
"H",4,2,7,0,478,286
"H",4,2,7,1,390,295
"H",4,2,7,10,7,7
"H",4,2,7,11,3,3
"H",4,2,7,12,3,3
"H",4,2,7,13,2,2
"H",4,2,7,14,2,2
"H",4,2,7,15,1,1
"H",4,2,7,19,1,1
"H",4,2,7,2,278,230
"H",4,2,7,3,229,207
"H",4,2,7,4,154,148
"H",4,2,7,5,112,110
"H",4,2,7,6,56,55
"H",4,2,7,7,38,37
"H",4,2,7,8,23,23
"H",4,2,7,9,15,15
"H",4,2,8,-1,342,167
"H",4,2,8,-10,3,0
"H",4,2,8,-11,3,0
"H",4,2,8,-2,207,71
"H",4,2,8,-3,142,33
"H",4,2,8,-4,95,15
"H",4,2,8,-5,56,7
"H",4,2,8,-6,27,4
"H",4,2,8,-7,19,0
"H",4,2,8,-8,9,0
"H",4,2,8,-9,6,0
"H",4,2,8,0,472,285
"H",4,2,8,1,436,309
"H",4,2,8,10,7,7
"H",4,2,8,11,11,11
"H",4,2,8,12,4,4
"H",4,2,8,13,1,1
"H",4,2,8,2,305,253
"H",4,2,8,3,233,212
"H",4,2,8,4,164,155
"H",4,2,8,5,124,121
"H",4,2,8,6,51,48
"H",4,2,8,7,33,33
"H",4,2,8,8,25,25
"H",4,2,8,9,12,12
"H",5,0,1,-1,7961,3386
"H",5,0,1,-10,116,1
"H",5,0,1,-11,94,0
"H",5,0,1,-12,41,0
"H",5,0,1,-13,34,0
"H",5,0,1,-14,13,0
"H",5,0,1,-15,10,0
"H",5,0,1,-16,4,0
"H",5,0,1,-17,1,0
"H",5,0,1,-18,2,0
"H",5,0,1,-19,1,0
"H",5,0,1,-2,5714,1675
"H",5,0,1,-3,4135,783
"H",5,0,1,-4,2875,349
"H",5,0,1,-5,2035,151
"H",5,0,1,-6,1201,55
"H",5,0,1,-7,706,24
"H",5,0,1,-8,393,5
"H",5,0,1,-9,216,3
"H",5,0,1,0,10004,5933
"H",5,0,1,1,7651,5717
"H",5,0,1,10,99,99
"H",5,0,1,11,57,57
"H",5,0,1,12,34,34
"H",5,0,1,13,14,14
"H",5,0,1,14,14,14
"H",5,0,1,15,4,4
"H",5,0,1,16,3,3
"H",5,0,1,17,5,5
"H",5,0,1,18,3,3
"H",5,0,1,2,5683,4814
"H",5,0,1,3,3780,3436
"H",5,0,1,4,2408,2300
"H",5,0,1,5,1397,1357
"H",5,0,1,6,903,883
"H",5,0,1,7,557,551
"H",5,0,1,8,287,286
"H",5,0,1,9,166,165
"H",5,0,2,-1,2116,990
"H",5,0,2,-10,36,0
"H",5,0,2,-11,17,0
"H",5,0,2,-12,10,0
"H",5,0,2,-13,7,0
"H",5,0,2,-14,2,0
"H",5,0,2,-15,2,0
"H",5,0,2,-16,1,0
"H",5,0,2,-17,1,0
"H",5,0,2,-18,1,0
"H",5,0,2,-19,1,0
"H",5,0,2,-2,1595,578
"H",5,0,2,-3,1101,253
"H",5,0,2,-4,769,116
"H",5,0,2,-5,552,54
"H",5,0,2,-6,333,22
"H",5,0,2,-7,192,12
"H",5,0,2,-8,113,3
"H",5,0,2,-9,59,0
"H",5,0,2,0,2645,1672
"H",5,0,2,1,2127,1639
"H",5,0,2,10,20,20
"H",5,0,2,11,16,16
"H",5,0,2,12,12,12
"H",5,0,2,13,5,5
"H",5,0,2,14,1,1
"H",5,0,2,15,1,1
"H",5,0,2,16,2,2
"H",5,0,2,17,2,2
"H",5,0,2,18,2,2
"H",5,0,2,2,1662,1434
"H",5,0,2,3,1071,986
"H",5,0,2,4,731,707
"H",5,0,2,5,420,410
"H",5,0,2,6,294,290
"H",5,0,2,7,171,170
"H",5,0,2,8,94,94
"H",5,0,2,9,56,55
"H",5,0,3,-1,483,260
"H",5,0,3,-10,7,0
"H",5,0,3,-11,5,0
"H",5,0,3,-12,1,0
"H",5,0,3,-13,3,0
"H",5,0,3,-14,1,0
"H",5,0,3,-15,1,0
"H",5,0,3,-2,304,119
"H",5,0,3,-3,247,70
"H",5,0,3,-4,149,31
"H",5,0,3,-5,90,11
"H",5,0,3,-6,60,5
"H",5,0,3,-7,47,4
"H",5,0,3,-8,17,1
"H",5,0,3,-9,10,1
"H",5,0,3,0,610,412
"H",5,0,3,1,464,363
"H",5,0,3,10,5,5
"H",5,0,3,11,4,4
"H",5,0,3,12,6,6
"H",5,0,3,13,3,3
"H",5,0,3,14,1,1
"H",5,0,3,2,404,364
"H",5,0,3,3,318,299
"H",5,0,3,4,217,212
"H",5,0,3,5,131,128
"H",5,0,3,6,80,75
"H",5,0,3,7,53,53
"H",5,0,3,8,29,29
"H",5,0,3,9,13,13
"H",5,0,4,-1,382,221
"H",5,0,4,-10,9,0
"H",5,0,4,-11,6,0
"H",5,0,4,-12,1,0
"H",5,0,4,-13,1,0
"H",5,0,4,-14,1,0
"H",5,0,4,-15,1,0
"H",5,0,4,-17,1,0
"H",5,0,4,-18,1,0
"H",5,0,4,-2,411,183
"H",5,0,4,-3,267,76
"H",5,0,4,-4,185,45
"H",5,0,4,-5,136,19
"H",5,0,4,-6,106,10
"H",5,0,4,-7,47,7
"H",5,0,4,-8,30,1
"H",5,0,4,-9,20,0
"H",5,0,4,0,484,346
"H",5,0,4,1,399,315
"H",5,0,4,10,9,9
"H",5,0,4,11,5,5
"H",5,0,4,12,2,2
"H",5,0,4,13,2,2
"H",5,0,4,14,1,1
"H",5,0,4,16,2,2
"H",5,0,4,18,1,1
"H",5,0,4,2,358,323
"H",5,0,4,3,243,229
"H",5,0,4,4,144,140
"H",5,0,4,5,133,128
"H",5,0,4,6,76,75
"H",5,0,4,7,49,49
"H",5,0,4,8,35,35
"H",5,0,4,9,14,14
"H",5,0,5,-1,132,71
"H",5,0,5,-10,2,0
"H",5,0,5,-11,1,0
"H",5,0,5,-2,93,41
"H",5,0,5,-3,63,20
"H",5,0,5,-4,34,12
"H",5,0,5,-5,36,3
"H",5,0,5,-6,14,2
"H",5,0,5,-7,4,0
"H",5,0,5,-8,7,2
"H",5,0,5,-9,4,0
"H",5,0,5,0,175,116
"H",5,0,5,1,166,148
"H",5,0,5,10,2,2
"H",5,0,5,11,3,3
"H",5,0,5,12,2,2
"H",5,0,5,13,1,1
"H",5,0,5,15,1,1
"H",5,0,5,2,129,111
"H",5,0,5,3,88,81
"H",5,0,5,4,81,77
"H",5,0,5,5,50,50
"H",5,0,5,6,38,38
"H",5,0,5,7,11,11
"H",5,0,5,8,9,9
"H",5,0,5,9,7,7
"H",5,0,6,-1,178,111
"H",5,0,6,-10,3,0
"H",5,0,6,-13,1,0
"H",5,0,6,-2,134,79
"H",5,0,6,-3,80,28
"H",5,0,6,-4,55,18
"H",5,0,6,-5,46,9
"H",5,0,6,-6,23,4
"H",5,0,6,-7,13,2
"H",5,0,6,-8,4,0
"H",5,0,6,-9,2,0
"H",5,0,6,0,225,156
"H",5,0,6,1,211,178
"H",5,0,6,10,5,5
"H",5,0,6,11,1,1
"H",5,0,6,13,2,2
"H",5,0,6,14,1,1
"H",5,0,6,2,189,172
"H",5,0,6,3,126,124
"H",5,0,6,4,104,103
"H",5,0,6,5,68,68
"H",5,0,6,6,50,47
"H",5,0,6,7,23,23
"H",5,0,6,8,11,11
"H",5,0,6,9,6,6
"H",5,0,7,-1,100,59
"H",5,0,7,-12,1,0
"H",5,0,7,-13,1,0
"H",5,0,7,-2,78,34
"H",5,0,7,-3,56,17
"H",5,0,7,-4,36,10
"H",5,0,7,-5,23,2
"H",5,0,7,-6,21,4
"H",5,0,7,-7,11,0
"H",5,0,7,-8,7,1
"H",5,0,7,-9,6,0
"H",5,0,7,0,111,89
"H",5,0,7,1,116,99
"H",5,0,7,10,3,3
"H",5,0,7,11,1,1
"H",5,0,7,14,1,1
"H",5,0,7,2,106,96
"H",5,0,7,3,80,73
"H",5,0,7,4,54,53
"H",5,0,7,5,34,34
"H",5,0,7,6,30,30
"H",5,0,7,7,13,13
"H",5,0,7,8,7,7
"H",5,0,7,9,6,6
"H",5,0,8,-1,104,77
"H",5,0,8,-10,3,0
"H",5,0,8,-11,3,0
"H",5,0,8,-17,1,0
"H",5,0,8,-18,1,0
"H",5,0,8,-2,91,56
"H",5,0,8,-3,57,22
"H",5,0,8,-4,34,8
"H",5,0,8,-5,30,7
"H",5,0,8,-6,25,6
"H",5,0,8,-7,16,4
"H",5,0,8,-8,10,0
"H",5,0,8,-9,6,0
"H",5,0,8,0,123,99
"H",5,0,8,1,121,100
"H",5,0,8,10,3,3
"H",5,0,8,11,2,2
"H",5,0,8,12,1,1
"H",5,0,8,14,1,1
"H",5,0,8,2,112,96
"H",5,0,8,3,81,78
"H",5,0,8,4,50,50
"H",5,0,8,5,38,38
"H",5,0,8,6,28,28
"H",5,0,8,7,14,14
"H",5,0,8,8,4,4
"H",5,0,8,9,3,3
"H",5,1,1,-1,5498,2159
"H",5,1,1,-10,72,1
"H",5,1,1,-11,71,0
"H",5,1,1,-12,31,0
"H",5,1,1,-13,24,0
"H",5,1,1,-14,11,0
"H",5,1,1,-15,7,0
"H",5,1,1,-16,3,0
"H",5,1,1,-18,1,0
"H",5,1,1,-2,3872,996
"H",5,1,1,-3,2818,459
"H",5,1,1,-4,1990,202
"H",5,1,1,-5,1378,85
"H",5,1,1,-6,803,26
"H",5,1,1,-7,472,9
"H",5,1,1,-8,262,0
"H",5,1,1,-9,145,2
"H",5,1,1,0,6879,3913
"H",5,1,1,1,5298,3866
"H",5,1,1,10,85,85
"H",5,1,1,11,43,43
"H",5,1,1,12,24,24
"H",5,1,1,13,8,8
"H",5,1,1,14,15,15
"H",5,1,1,15,5,5
"H",5,1,1,16,1,1
"H",5,1,1,17,4,4
"H",5,1,1,18,1,1
"H",5,1,1,2,3921,3276
"H",5,1,1,3,2676,2399
"H",5,1,1,4,1666,1579
"H",5,1,1,5,1038,1004
"H",5,1,1,6,648,636
"H",5,1,1,7,426,420
"H",5,1,1,8,207,206
"H",5,1,1,9,111,111
"H",5,1,2,-1,2271,1005
"H",5,1,2,-10,42,0
"H",5,1,2,-11,34,0
"H",5,1,2,-12,14,0
"H",5,1,2,-13,12,0
"H",5,1,2,-14,1,0
"H",5,1,2,-15,2,0
"H",5,1,2,-16,2,0
"H",5,1,2,-2,1796,578
"H",5,1,2,-3,1291,239
"H",5,1,2,-4,936,103
"H",5,1,2,-5,677,55
"H",5,1,2,-6,372,15
"H",5,1,2,-7,224,6
"H",5,1,2,-8,129,0
"H",5,1,2,-9,66,2
"H",5,1,2,0,2960,1719
"H",5,1,2,1,2418,1819
"H",5,1,2,10,51,51
"H",5,1,2,11,26,26
"H",5,1,2,12,20,20
"H",5,1,2,13,7,7
"H",5,1,2,14,5,5
"H",5,1,2,15,2,2
"H",5,1,2,17,5,5
"H",5,1,2,18,1,1
"H",5,1,2,2,1835,1552
"H",5,1,2,3,1318,1190
"H",5,1,2,4,911,864
"H",5,1,2,5,586,571
"H",5,1,2,6,358,355
"H",5,1,2,7,222,220
"H",5,1,2,8,136,135
"H",5,1,2,9,71,70
"H",5,1,3,-1,1075,491
"H",5,1,3,-10,11,0
"H",5,1,3,-11,7,0
"H",5,1,3,-12,4,0
"H",5,1,3,-13,2,0
"H",5,1,3,-14,1,0
"H",5,1,3,-15,1,0
"H",5,1,3,-2,570,174
"H",5,1,3,-3,369,68
"H",5,1,3,-4,249,41
"H",5,1,3,-5,152,15
"H",5,1,3,-6,110,6
"H",5,1,3,-7,67,4
"H",5,1,3,-8,25,1
"H",5,1,3,-9,16,0
"H",5,1,3,0,1450,955
"H",5,1,3,1,1282,983
"H",5,1,3,10,30,30
"H",5,1,3,11,13,13
"H",5,1,3,12,9,9
"H",5,1,3,13,1,1
"H",5,1,3,14,1,1
"H",5,1,3,15,1,1
"H",5,1,3,17,1,1
"H",5,1,3,2,1019,885
"H",5,1,3,3,745,685
"H",5,1,3,4,517,496
"H",5,1,3,5,314,304
"H",5,1,3,6,176,171
"H",5,1,3,7,116,115
"H",5,1,3,8,61,61
"H",5,1,3,9,33,33
"H",5,1,4,-1,695,354
"H",5,1,4,-10,14,0
"H",5,1,4,-11,6,0
"H",5,1,4,-12,4,0
"H",5,1,4,-13,2,0
"H",5,1,4,-14,1,0
"H",5,1,4,-15,1,0
"H",5,1,4,-17,1,0
"H",5,1,4,-2,624,234
"H",5,1,4,-3,462,101
"H",5,1,4,-4,319,57
"H",5,1,4,-5,238,21
"H",5,1,4,-6,156,9
"H",5,1,4,-7,68,1
"H",5,1,4,-8,39,0
"H",5,1,4,-9,27,1
"H",5,1,4,0,883,554
"H",5,1,4,1,814,643
"H",5,1,4,10,25,25
"H",5,1,4,11,7,7
"H",5,1,4,12,9,9
"H",5,1,4,13,5,5
"H",5,1,4,14,3,3
"H",5,1,4,15,3,3
"H",5,1,4,17,1,1
"H",5,1,4,2,679,590
"H",5,1,4,3,465,434
"H",5,1,4,4,356,346
"H",5,1,4,5,241,232
"H",5,1,4,6,185,183
"H",5,1,4,7,98,98
"H",5,1,4,8,65,65
"H",5,1,4,9,42,41
"H",5,1,5,-1,388,188
"H",5,1,5,-10,8,0
"H",5,1,5,-11,2,0
"H",5,1,5,-13,1,0
"H",5,1,5,-14,1,0
"H",5,1,5,-2,207,69
"H",5,1,5,-3,136,34
"H",5,1,5,-4,76,16
"H",5,1,5,-5,59,9
"H",5,1,5,-6,25,1
"H",5,1,5,-7,22,2
"H",5,1,5,-8,7,0
"H",5,1,5,-9,6,0
"H",5,1,5,0,491,337
"H",5,1,5,1,442,355
"H",5,1,5,10,7,7
"H",5,1,5,11,7,7
"H",5,1,5,12,7,7
"H",5,1,5,16,1,1
"H",5,1,5,2,395,332
"H",5,1,5,3,303,285
"H",5,1,5,4,239,227
"H",5,1,5,5,132,131
"H",5,1,5,6,93,93
"H",5,1,5,7,53,53
"H",5,1,5,8,28,28
"H",5,1,5,9,12,12
"H",5,1,6,-1,352,197
"H",5,1,6,-10,5,0
"H",5,1,6,-11,1,0
"H",5,1,6,-13,3,0
"H",5,1,6,-16,1,0
"H",5,1,6,-2,238,105
"H",5,1,6,-3,168,47
"H",5,1,6,-4,134,30
"H",5,1,6,-5,82,15
"H",5,1,6,-6,53,5
"H",5,1,6,-7,36,4
"H",5,1,6,-8,15,0
"H",5,1,6,-9,6,0
"H",5,1,6,0,426,279
"H",5,1,6,1,392,322
"H",5,1,6,10,15,15
"H",5,1,6,11,10,10
"H",5,1,6,12,4,4
"H",5,1,6,13,1,1
"H",5,1,6,14,1,1
"H",5,1,6,2,371,324
"H",5,1,6,3,299,280
"H",5,1,6,4,199,189
"H",5,1,6,5,140,138
"H",5,1,6,6,81,78
"H",5,1,6,7,52,52
"H",5,1,6,8,44,43
"H",5,1,6,9,18,18
"H",5,1,7,-1,284,151
"H",5,1,7,-10,3,0
"H",5,1,7,-11,1,0
"H",5,1,7,-12,2,0
"H",5,1,7,-13,1,0
"H",5,1,7,-14,1,0
"H",5,1,7,-2,253,108
"H",5,1,7,-3,124,28
"H",5,1,7,-4,96,28
"H",5,1,7,-5,57,9
"H",5,1,7,-6,34,3
"H",5,1,7,-7,14,0
"H",5,1,7,-8,12,0
"H",5,1,7,-9,11,0
"H",5,1,7,0,375,282
"H",5,1,7,1,333,259
"H",5,1,7,10,9,9
"H",5,1,7,11,9,9
"H",5,1,7,12,1,1
"H",5,1,7,13,1,1
"H",5,1,7,14,1,1
"H",5,1,7,15,1,1
"H",5,1,7,17,1,1
"H",5,1,7,2,341,306
"H",5,1,7,3,217,201
"H",5,1,7,4,163,159
"H",5,1,7,5,121,119
"H",5,1,7,6,71,69
"H",5,1,7,7,52,51
"H",5,1,7,8,30,30
"H",5,1,7,9,14,14
"H",5,1,8,-1,231,138
"H",5,1,8,-10,8,0
"H",5,1,8,-11,3,0
"H",5,1,8,-12,1,0
"H",5,1,8,-13,2,0
"H",5,1,8,-2,185,90
"H",5,1,8,-3,123,38
"H",5,1,8,-4,82,24
"H",5,1,8,-5,56,9
"H",5,1,8,-6,33,3
"H",5,1,8,-7,17,1
"H",5,1,8,-8,13,0
"H",5,1,8,-9,11,1
"H",5,1,8,0,356,252
"H",5,1,8,1,333,274
"H",5,1,8,10,8,8
"H",5,1,8,11,5,5
"H",5,1,8,12,3,3
"H",5,1,8,13,2,2
"H",5,1,8,14,1,1
"H",5,1,8,15,1,1
"H",5,1,8,2,322,287
"H",5,1,8,3,219,204
"H",5,1,8,4,145,141
"H",5,1,8,5,98,97
"H",5,1,8,6,71,69
"H",5,1,8,7,43,43
"H",5,1,8,8,27,27
"H",5,1,8,9,12,12
"H",5,2,1,-1,4232,1540
"H",5,2,1,-10,46,1
"H",5,2,1,-11,44,0
"H",5,2,1,-12,25,0
"H",5,2,1,-13,17,0
"H",5,2,1,-14,10,0
"H",5,2,1,-15,5,0
"H",5,2,1,-16,2,0
"H",5,2,1,-18,1,0
"H",5,2,1,-19,1,0
"H",5,2,1,-2,2912,652
"H",5,2,1,-3,2156,326
"H",5,2,1,-4,1459,125
"H",5,2,1,-5,985,41
"H",5,2,1,-6,579,19
"H",5,2,1,-7,341,6
"H",5,2,1,-8,192,0
"H",5,2,1,-9,109,0
"H",5,2,1,0,5295,2904
"H",5,2,1,1,4076,2914
"H",5,2,1,10,63,63
"H",5,2,1,11,41,41
"H",5,2,1,12,21,21
"H",5,2,1,13,12,12
"H",5,2,1,14,11,11
"H",5,2,1,15,6,6
"H",5,2,1,16,1,1
"H",5,2,1,17,1,1
"H",5,2,1,18,1,1
"H",5,2,1,2,3169,2622
"H",5,2,1,3,2168,1918
"H",5,2,1,4,1422,1353
"H",5,2,1,5,888,857
"H",5,2,1,6,603,592
"H",5,2,1,7,408,401
"H",5,2,1,8,178,178
"H",5,2,1,9,111,111
"H",5,2,2,-1,2238,890
"H",5,2,2,-10,37,1
"H",5,2,2,-11,25,0
"H",5,2,2,-12,16,0
"H",5,2,2,-13,10,0
"H",5,2,2,-14,4,0
"H",5,2,2,-15,3,0
"H",5,2,2,-16,2,0
"H",5,2,2,-19,1,0
"H",5,2,2,-2,1712,462
"H",5,2,2,-3,1292,222
"H",5,2,2,-4,903,85
"H",5,2,2,-5,651,33
"H",5,2,2,-6,355,11
"H",5,2,2,-7,225,5
"H",5,2,2,-8,115,0
"H",5,2,2,-9,67,1
"H",5,2,2,0,2911,1606
"H",5,2,2,1,2360,1697
"H",5,2,2,10,58,58
"H",5,2,2,11,42,42
"H",5,2,2,12,23,23
"H",5,2,2,13,13,13
"H",5,2,2,14,9,9
"H",5,2,2,15,3,3
"H",5,2,2,16,1,1
"H",5,2,2,17,2,2
"H",5,2,2,18,2,2
"H",5,2,2,19,2,2
"H",5,2,2,2,1943,1618
"H",5,2,2,3,1509,1335
"H",5,2,2,4,1012,952
"H",5,2,2,5,655,638
"H",5,2,2,6,442,436
"H",5,2,2,7,291,283
"H",5,2,2,8,163,161
"H",5,2,2,9,101,101
"H",5,2,3,-1,1225,474
"H",5,2,3,-10,12,0
"H",5,2,3,-11,11,0
"H",5,2,3,-12,6,0
"H",5,2,3,-13,1,0
"H",5,2,3,-15,2,0
"H",5,2,3,-2,716,208
"H",5,2,3,-3,447,90
"H",5,2,3,-4,306,29
"H",5,2,3,-5,214,17
"H",5,2,3,-6,125,8
"H",5,2,3,-7,79,0
"H",5,2,3,-8,36,0
"H",5,2,3,-9,18,0
"H",5,2,3,0,1671,989
"H",5,2,3,1,1467,1102
"H",5,2,3,10,45,45
"H",5,2,3,11,24,24
"H",5,2,3,12,20,20
"H",5,2,3,13,8,8
"H",5,2,3,14,3,3
"H",5,2,3,15,1,1
"H",5,2,3,16,2,2
"H",5,2,3,17,2,2
"H",5,2,3,18,1,1
"H",5,2,3,2,1215,1012
"H",5,2,3,3,944,837
"H",5,2,3,4,693,660
"H",5,2,3,5,470,454
"H",5,2,3,6,314,307
"H",5,2,3,7,211,209
"H",5,2,3,8,120,120
"H",5,2,3,9,71,71
"H",5,2,4,-1,869,380
"H",5,2,4,-10,12,0
"H",5,2,4,-11,8,0
"H",5,2,4,-12,8,0
"H",5,2,4,-13,2,0
"H",5,2,4,-14,3,0
"H",5,2,4,-15,2,0
"H",5,2,4,-16,1,0
"H",5,2,4,-2,674,220
"H",5,2,4,-3,544,102
"H",5,2,4,-4,376,41
"H",5,2,4,-5,266,20
"H",5,2,4,-6,153,9
"H",5,2,4,-7,97,2
"H",5,2,4,-8,38,0
"H",5,2,4,-9,35,1
"H",5,2,4,0,1202,701
"H",5,2,4,1,1012,740
"H",5,2,4,10,40,40
"H",5,2,4,11,20,20
"H",5,2,4,12,12,12
"H",5,2,4,13,7,7
"H",5,2,4,14,3,3
"H",5,2,4,15,2,2
"H",5,2,4,16,1,1
"H",5,2,4,17,1,1
"H",5,2,4,18,1,1
"H",5,2,4,19,1,1
"H",5,2,4,2,859,718
"H",5,2,4,3,662,600
"H",5,2,4,4,486,467
"H",5,2,4,5,326,317
"H",5,2,4,6,220,217
"H",5,2,4,7,145,143
"H",5,2,4,8,92,92
"H",5,2,4,9,54,54
"H",5,2,5,-1,515,213
"H",5,2,5,-10,8,0
"H",5,2,5,-11,4,0
"H",5,2,5,-12,2,0
"H",5,2,5,-14,3,0
"H",5,2,5,-2,265,75
"H",5,2,5,-3,187,30
"H",5,2,5,-4,124,14
"H",5,2,5,-5,74,5
"H",5,2,5,-6,44,1
"H",5,2,5,-7,35,1
"H",5,2,5,-8,18,0
"H",5,2,5,-9,6,0
"H",5,2,5,0,661,390
"H",5,2,5,1,606,443
"H",5,2,5,10,23,23
"H",5,2,5,11,17,17
"H",5,2,5,12,6,6
"H",5,2,5,13,3,3
"H",5,2,5,14,1,1
"H",5,2,5,15,2,2
"H",5,2,5,16,3,3
"H",5,2,5,18,1,1
"H",5,2,5,2,511,418
"H",5,2,5,3,417,382
"H",5,2,5,4,296,281
"H",5,2,5,5,206,197
"H",5,2,5,6,143,141
"H",5,2,5,7,90,86
"H",5,2,5,8,51,51
"H",5,2,5,9,35,35
"H",5,2,6,-1,475,220
"H",5,2,6,-10,9,0
"H",5,2,6,-11,3,0
"H",5,2,6,-13,2,0
"H",5,2,6,-2,311,91
"H",5,2,6,-3,221,48
"H",5,2,6,-4,156,22
"H",5,2,6,-5,96,5
"H",5,2,6,-6,50,4
"H",5,2,6,-7,42,1
"H",5,2,6,-8,22,0
"H",5,2,6,-9,9,0
"H",5,2,6,0,580,332
"H",5,2,6,1,520,383
"H",5,2,6,10,21,21
"H",5,2,6,11,10,10
"H",5,2,6,12,8,8
"H",5,2,6,13,3,3
"H",5,2,6,14,1,1
"H",5,2,6,17,1,1
"H",5,2,6,18,1,1
"H",5,2,6,2,448,371
"H",5,2,6,3,385,347
"H",5,2,6,4,268,259
"H",5,2,6,5,172,169
"H",5,2,6,6,124,122
"H",5,2,6,7,80,79
"H",5,2,6,8,43,41
"H",5,2,6,9,36,36
"H",5,2,7,-1,308,156
"H",5,2,7,-10,7,0
"H",5,2,7,-11,3,0
"H",5,2,7,-12,3,0
"H",5,2,7,-13,1,0
"H",5,2,7,-14,1,0
"H",5,2,7,-19,1,0
"H",5,2,7,-2,217,72
"H",5,2,7,-3,145,30
"H",5,2,7,-4,94,18
"H",5,2,7,-5,65,4
"H",5,2,7,-6,48,5
"H",5,2,7,-7,15,0
"H",5,2,7,-8,21,1
"H",5,2,7,-9,6,0
"H",5,2,7,0,328,208
"H",5,2,7,1,346,257
"H",5,2,7,10,10,10
"H",5,2,7,11,5,5
"H",5,2,7,12,5,5
"H",5,2,7,13,1,1
"H",5,2,7,14,1,1
"H",5,2,7,15,2,2
"H",5,2,7,2,296,254
"H",5,2,7,3,244,218
"H",5,2,7,4,153,147
"H",5,2,7,5,129,122
"H",5,2,7,6,95,95
"H",5,2,7,7,44,43
"H",5,2,7,8,33,33
"H",5,2,7,9,14,14
"H",5,2,8,-1,257,128
"H",5,2,8,-10,4,0
"H",5,2,8,-11,2,0
"H",5,2,8,-12,1,0
"H",5,2,8,-14,1,0
"H",5,2,8,-2,233,89
"H",5,2,8,-3,177,37
"H",5,2,8,-4,105,21
"H",5,2,8,-5,55,3
"H",5,2,8,-6,46,4
"H",5,2,8,-7,18,0
"H",5,2,8,-8,12,0
"H",5,2,8,-9,8,0
"H",5,2,8,0,404,252
"H",5,2,8,1,359,274
"H",5,2,8,10,12,12
"H",5,2,8,11,7,7
"H",5,2,8,12,6,6
"H",5,2,8,13,1,1
"H",5,2,8,14,1,1
"H",5,2,8,15,2,2
"H",5,2,8,2,377,328
"H",5,2,8,3,257,230
"H",5,2,8,4,184,178
"H",5,2,8,5,116,112
"H",5,2,8,6,88,87
"H",5,2,8,7,58,58
"H",5,2,8,8,43,43
"H",5,2,8,9,20,20
"H",6,0,1,-1,7208,2982
"H",6,0,1,-10,200,0
"H",6,0,1,-11,131,1
"H",6,0,1,-12,86,1
"H",6,0,1,-13,44,0
"H",6,0,1,-14,24,0
"H",6,0,1,-15,13,0
"H",6,0,1,-16,9,0
"H",6,0,1,-17,12,0
"H",6,0,1,-18,3,0
"H",6,0,1,-19,1,0
"H",6,0,1,-2,5757,1510
"H",6,0,1,-21,1,0
"H",6,0,1,-3,4310,703
"H",6,0,1,-4,3102,291
"H",6,0,1,-5,2192,132
"H",6,0,1,-6,1414,41
"H",6,0,1,-7,854,15
"H",6,0,1,-8,526,5
"H",6,0,1,-9,299,1
"H",6,0,1,0,8447,5108
"H",6,0,1,1,6988,5469
"H",6,0,1,10,142,142
"H",6,0,1,11,100,100
"H",6,0,1,12,66,66
"H",6,0,1,13,25,25
"H",6,0,1,14,21,21
"H",6,0,1,15,15,15
"H",6,0,1,16,7,7
"H",6,0,1,17,5,5
"H",6,0,1,18,2,2
"H",6,0,1,19,2,2
"H",6,0,1,2,5510,4800
"H",6,0,1,3,3952,3670
"H",6,0,1,4,2731,2640
"H",6,0,1,5,1779,1744
"H",6,0,1,6,1162,1154
"H",6,0,1,7,780,773
"H",6,0,1,8,425,424
"H",6,0,1,9,266,266
"H",6,0,2,-1,2017,965
"H",6,0,2,-10,40,0
"H",6,0,2,-11,29,1
"H",6,0,2,-12,20,0
"H",6,0,2,-13,12,0
"H",6,0,2,-14,5,0
"H",6,0,2,-16,1,0
"H",6,0,2,-17,5,0
"H",6,0,2,-2,1627,503
"H",6,0,2,-21,1,0
"H",6,0,2,-3,1216,270
"H",6,0,2,-4,894,126
"H",6,0,2,-5,627,53
"H",6,0,2,-6,393,15
"H",6,0,2,-7,243,8
"H",6,0,2,-8,161,2
"H",6,0,2,-9,64,0
"H",6,0,2,0,2331,1504
"H",6,0,2,1,1911,1551
"H",6,0,2,10,37,37
"H",6,0,2,11,36,36
"H",6,0,2,12,23,23
"H",6,0,2,13,8,8
"H",6,0,2,14,7,7
"H",6,0,2,15,2,2
"H",6,0,2,16,2,2
"H",6,0,2,17,3,3
"H",6,0,2,18,1,1
"H",6,0,2,19,1,1
"H",6,0,2,2,1591,1414
"H",6,0,2,3,1182,1108
"H",6,0,2,4,806,786
"H",6,0,2,5,513,508
"H",6,0,2,6,390,386
"H",6,0,2,7,227,225
"H",6,0,2,8,148,147
"H",6,0,2,9,91,91
"H",6,0,3,-1,454,227
"H",6,0,3,-10,9,0
"H",6,0,3,-11,9,0
"H",6,0,3,-12,5,0
"H",6,0,3,-13,3,0
"H",6,0,3,-14,2,0
"H",6,0,3,-15,2,0
"H",6,0,3,-16,1,0
"H",6,0,3,-17,1,0
"H",6,0,3,-18,1,0
"H",6,0,3,-2,339,128
"H",6,0,3,-3,262,57
"H",6,0,3,-4,161,18
"H",6,0,3,-5,123,4
"H",6,0,3,-6,89,5
"H",6,0,3,-7,50,0
"H",6,0,3,-8,34,0
"H",6,0,3,-9,21,1
"H",6,0,3,0,524,365
"H",6,0,3,1,512,422
"H",6,0,3,10,16,16
"H",6,0,3,11,13,13
"H",6,0,3,12,8,8
"H",6,0,3,13,3,3
"H",6,0,3,14,2,2
"H",6,0,3,16,1,1
"H",6,0,3,2,439,397
"H",6,0,3,3,337,320
"H",6,0,3,4,182,178
"H",6,0,3,5,123,121
"H",6,0,3,6,97,96
"H",6,0,3,7,58,58
"H",6,0,3,8,44,44
"H",6,0,3,9,23,23
"H",6,0,4,-1,407,232
"H",6,0,4,-10,15,0
"H",6,0,4,-11,12,0
"H",6,0,4,-12,14,0
"H",6,0,4,-13,1,0
"H",6,0,4,-14,1,0
"H",6,0,4,-16,1,0
"H",6,0,4,-2,435,180
"H",6,0,4,-3,334,109
"H",6,0,4,-4,246,50
"H",6,0,4,-5,155,17
"H",6,0,4,-6,105,8
"H",6,0,4,-7,64,0
"H",6,0,4,-8,49,0
"H",6,0,4,-9,20,0
"H",6,0,4,0,425,302
"H",6,0,4,1,383,319
"H",6,0,4,10,10,10
"H",6,0,4,11,9,9
"H",6,0,4,12,9,9
"H",6,0,4,15,1,1
"H",6,0,4,2,348,312
"H",6,0,4,3,237,226
"H",6,0,4,4,202,199
"H",6,0,4,5,120,118
"H",6,0,4,6,88,87
"H",6,0,4,7,60,60
"H",6,0,4,8,45,45
"H",6,0,4,9,26,26
"H",6,0,5,-1,121,79
"H",6,0,5,-10,8,0
"H",6,0,5,-11,2,0
"H",6,0,5,-12,2,1
"H",6,0,5,-17,1,0
"H",6,0,5,-2,99,45
"H",6,0,5,-3,67,19
"H",6,0,5,-4,54,14
"H",6,0,5,-5,31,3
"H",6,0,5,-6,27,2
"H",6,0,5,-7,13,0
"H",6,0,5,-8,2,0
"H",6,0,5,-9,5,0
"H",6,0,5,0,115,90
"H",6,0,5,1,163,142
"H",6,0,5,10,5,5
"H",6,0,5,11,5,5
"H",6,0,5,12,5,5
"H",6,0,5,14,1,1
"H",6,0,5,2,155,144
"H",6,0,5,3,107,104
"H",6,0,5,4,68,68
"H",6,0,5,5,56,54
"H",6,0,5,6,35,35
"H",6,0,5,7,27,27
"H",6,0,5,8,24,24
"H",6,0,5,9,10,10
"H",6,0,6,-1,186,121
"H",6,0,6,-10,9,0
"H",6,0,6,-11,6,0
"H",6,0,6,-13,1,0
"H",6,0,6,-16,1,0
"H",6,0,6,-17,2,0
"H",6,0,6,-2,152,74
"H",6,0,6,-3,111,30
"H",6,0,6,-4,81,13
"H",6,0,6,-5,59,6
"H",6,0,6,-6,33,1
"H",6,0,6,-7,17,0
"H",6,0,6,-8,12,0
"H",6,0,6,-9,8,0
"H",6,0,6,0,209,150
"H",6,0,6,1,178,151
"H",6,0,6,10,13,13
"H",6,0,6,11,9,9
"H",6,0,6,12,4,4
"H",6,0,6,14,1,1
"H",6,0,6,2,161,147
"H",6,0,6,3,98,93
"H",6,0,6,4,82,80
"H",6,0,6,5,55,55
"H",6,0,6,6,50,50
"H",6,0,6,7,29,28
"H",6,0,6,8,25,25
"H",6,0,6,9,10,10
"H",6,0,7,-1,89,50
"H",6,0,7,-10,3,0
"H",6,0,7,-11,2,0
"H",6,0,7,-12,2,0
"H",6,0,7,-2,81,37
"H",6,0,7,-3,71,30
"H",6,0,7,-4,42,14
"H",6,0,7,-5,41,9
"H",6,0,7,-6,17,1
"H",6,0,7,-7,11,0
"H",6,0,7,-8,11,1
"H",6,0,7,-9,4,1
"H",6,0,7,0,102,86
"H",6,0,7,1,98,84
"H",6,0,7,10,2,2
"H",6,0,7,11,4,4
"H",6,0,7,12,5,5
"H",6,0,7,13,2,2
"H",6,0,7,2,85,83
"H",6,0,7,3,59,56
"H",6,0,7,4,40,39
"H",6,0,7,5,37,36
"H",6,0,7,6,27,27
"H",6,0,7,7,16,16
"H",6,0,7,8,14,14
"H",6,0,7,9,9,9
"H",6,0,8,-1,99,71
"H",6,0,8,-10,5,0
"H",6,0,8,-11,2,0
"H",6,0,8,-2,85,44
"H",6,0,8,-3,64,32
"H",6,0,8,-4,52,17
"H",6,0,8,-5,31,9
"H",6,0,8,-6,25,1
"H",6,0,8,-7,12,0
"H",6,0,8,-8,11,0
"H",6,0,8,-9,2,0
"H",6,0,8,0,125,93
"H",6,0,8,1,116,104
"H",6,0,8,10,2,2
"H",6,0,8,11,3,3
"H",6,0,8,12,2,2
"H",6,0,8,2,105,101
"H",6,0,8,3,71,70
"H",6,0,8,4,59,58
"H",6,0,8,5,36,36
"H",6,0,8,6,29,29
"H",6,0,8,7,19,19
"H",6,0,8,8,15,15
"H",6,0,8,9,10,10
"H",6,1,1,-1,4891,1836
"H",6,1,1,-10,147,0
"H",6,1,1,-11,91,0
"H",6,1,1,-12,58,0
"H",6,1,1,-13,29,0
"H",6,1,1,-14,20,0
"H",6,1,1,-15,11,0
"H",6,1,1,-16,7,0
"H",6,1,1,-17,6,0
"H",6,1,1,-18,2,0
"H",6,1,1,-19,1,0
"H",6,1,1,-2,3871,883
"H",6,1,1,-3,2875,378
"H",6,1,1,-4,2057,145
"H",6,1,1,-5,1445,75
"H",6,1,1,-6,935,18
"H",6,1,1,-7,561,8
"H",6,1,1,-8,329,3
"H",6,1,1,-9,207,0
"H",6,1,1,0,5796,3324
"H",6,1,1,1,4789,3666
"H",6,1,1,10,117,117
"H",6,1,1,11,58,58
"H",6,1,1,12,50,50
"H",6,1,1,13,19,19
"H",6,1,1,14,14,14
"H",6,1,1,15,11,11
"H",6,1,1,16,6,6
"H",6,1,1,17,4,4
"H",6,1,1,18,1,1
"H",6,1,1,19,1,1
"H",6,1,1,2,3736,3207
"H",6,1,1,3,2715,2503
"H",6,1,1,4,1941,1870
"H",6,1,1,5,1282,1254
"H",6,1,1,6,798,792
"H",6,1,1,7,576,571
"H",6,1,1,8,313,313
"H",6,1,1,9,197,197
"H",6,1,2,-1,2204,975
"H",6,1,2,-10,52,0
"H",6,1,2,-11,37,0
"H",6,1,2,-12,17,0
"H",6,1,2,-13,15,0
"H",6,1,2,-14,8,0
"H",6,1,2,-15,1,0
"H",6,1,2,-16,5,0
"H",6,1,2,-17,5,0
"H",6,1,2,-2,1849,501
"H",6,1,2,-21,1,0
"H",6,1,2,-3,1440,232
"H",6,1,2,-4,1059,96
"H",6,1,2,-5,720,40
"H",6,1,2,-6,488,15
"H",6,1,2,-7,293,8
"H",6,1,2,-8,174,0
"H",6,1,2,-9,75,0
"H",6,1,2,0,2558,1560
"H",6,1,2,1,2145,1694
"H",6,1,2,10,59,59
"H",6,1,2,11,36,36
"H",6,1,2,12,34,34
"H",6,1,2,13,14,14
"H",6,1,2,14,10,10
"H",6,1,2,15,8,8
"H",6,1,2,16,6,6
"H",6,1,2,17,4,4
"H",6,1,2,18,1,1
"H",6,1,2,19,1,1
"H",6,1,2,2,1754,1529
"H",6,1,2,3,1377,1280
"H",6,1,2,4,962,928
"H",6,1,2,5,629,619
"H",6,1,2,6,431,427
"H",6,1,2,7,324,321
"H",6,1,2,8,182,182
"H",6,1,2,9,126,126
"H",6,1,3,-1,1075,486
"H",6,1,3,-10,20,0
"H",6,1,3,-11,10,0
"H",6,1,3,-12,3,0
"H",6,1,3,-13,4,0
"H",6,1,3,-14,4,0
"H",6,1,3,-15,3,0
"H",6,1,3,-16,1,0
"H",6,1,3,-2,567,172
"H",6,1,3,-3,402,61
"H",6,1,3,-4,309,29
"H",6,1,3,-5,228,16
"H",6,1,3,-6,140,9
"H",6,1,3,-7,71,1
"H",6,1,3,-8,53,1
"H",6,1,3,-9,29,0
"H",6,1,3,0,1365,853
"H",6,1,3,1,1218,969
"H",6,1,3,10,37,37
"H",6,1,3,11,22,22
"H",6,1,3,12,9,9
"H",6,1,3,13,10,10
"H",6,1,3,14,5,5
"H",6,1,3,15,1,1
"H",6,1,3,17,2,2
"H",6,1,3,19,1,1
"H",6,1,3,2,997,888
"H",6,1,3,3,818,768
"H",6,1,3,4,521,508
"H",6,1,3,5,370,365
"H",6,1,3,6,265,263
"H",6,1,3,7,151,151
"H",6,1,3,8,95,94
"H",6,1,3,9,63,63
"H",6,1,4,-1,743,397
"H",6,1,4,-10,25,0
"H",6,1,4,-11,17,0
"H",6,1,4,-12,11,0
"H",6,1,4,-13,4,0
"H",6,1,4,-14,3,0
"H",6,1,4,-15,4,0
"H",6,1,4,-16,2,0
"H",6,1,4,-17,2,0
"H",6,1,4,-2,623,210
"H",6,1,4,-3,468,93
"H",6,1,4,-4,391,58
"H",6,1,4,-5,254,14
"H",6,1,4,-6,189,9
"H",6,1,4,-7,90,2
"H",6,1,4,-8,58,0
"H",6,1,4,-9,34,0
"H",6,1,4,0,887,565
"H",6,1,4,1,779,647
"H",6,1,4,10,38,38
"H",6,1,4,11,14,14
"H",6,1,4,12,14,14
"H",6,1,4,13,6,6
"H",6,1,4,14,2,2
"H",6,1,4,15,1,1
"H",6,1,4,16,1,1
"H",6,1,4,17,3,3
"H",6,1,4,2,651,565
"H",6,1,4,3,480,436
"H",6,1,4,4,398,388
"H",6,1,4,5,277,270
"H",6,1,4,6,184,181
"H",6,1,4,7,128,128
"H",6,1,4,8,79,79
"H",6,1,4,9,59,59
"H",6,1,5,-1,351,187
"H",6,1,5,-10,5,0
"H",6,1,5,-11,7,1
"H",6,1,5,-12,1,1
"H",6,1,5,-17,1,0
"H",6,1,5,-18,1,0
"H",6,1,5,-2,212,79
"H",6,1,5,-3,160,28
"H",6,1,5,-4,106,16
"H",6,1,5,-5,65,3
"H",6,1,5,-6,52,2
"H",6,1,5,-7,24,1
"H",6,1,5,-8,13,0
"H",6,1,5,-9,10,0
"H",6,1,5,0,418,298
"H",6,1,5,1,451,359
"H",6,1,5,10,17,17
"H",6,1,5,11,7,7
"H",6,1,5,12,6,6
"H",6,1,5,13,7,7
"H",6,1,5,14,3,3
"H",6,1,5,15,2,2
"H",6,1,5,16,1,1
"H",6,1,5,2,399,353
"H",6,1,5,3,327,312
"H",6,1,5,4,222,218
"H",6,1,5,5,151,148
"H",6,1,5,6,93,91
"H",6,1,5,7,76,76
"H",6,1,5,8,56,56
"H",6,1,5,9,34,34
"H",6,1,6,-1,358,188
"H",6,1,6,-10,5,0
"H",6,1,6,-11,5,0
"H",6,1,6,-12,3,0
"H",6,1,6,-13,4,0
"H",6,1,6,-14,4,0
"H",6,1,6,-15,1,0
"H",6,1,6,-16,1,0
"H",6,1,6,-2,277,113
"H",6,1,6,-3,218,54
"H",6,1,6,-4,146,16
"H",6,1,6,-5,103,13
"H",6,1,6,-6,60,5
"H",6,1,6,-7,40,0
"H",6,1,6,-8,22,0
"H",6,1,6,-9,17,0
"H",6,1,6,0,461,344
"H",6,1,6,1,415,332
"H",6,1,6,10,22,22
"H",6,1,6,11,10,10
"H",6,1,6,12,5,5
"H",6,1,6,13,5,5
"H",6,1,6,14,4,4
"H",6,1,6,16,1,1
"H",6,1,6,2,383,346
"H",6,1,6,3,288,273
"H",6,1,6,4,209,206
"H",6,1,6,5,148,146
"H",6,1,6,6,112,111
"H",6,1,6,7,78,78
"H",6,1,6,8,36,35
"H",6,1,6,9,27,27
"H",6,1,7,-1,314,187
"H",6,1,7,-10,3,0
"H",6,1,7,-11,4,0
"H",6,1,7,-12,2,0
"H",6,1,7,-15,1,0
"H",6,1,7,-16,1,0
"H",6,1,7,-2,266,105
"H",6,1,7,-3,159,39
"H",6,1,7,-4,96,19
"H",6,1,7,-5,53,4
"H",6,1,7,-6,36,1
"H",6,1,7,-7,32,2
"H",6,1,7,-8,16,1
"H",6,1,7,-9,9,0
"H",6,1,7,0,336,267
"H",6,1,7,1,342,286
"H",6,1,7,10,12,12
"H",6,1,7,11,12,12
"H",6,1,7,12,6,6
"H",6,1,7,13,4,4
"H",6,1,7,14,1,1
"H",6,1,7,15,2,2
"H",6,1,7,2,271,255
"H",6,1,7,3,245,232
"H",6,1,7,4,160,156
"H",6,1,7,5,121,120
"H",6,1,7,6,98,98
"H",6,1,7,7,56,56
"H",6,1,7,8,27,27
"H",6,1,7,9,27,27
"H",6,1,8,-1,289,182
"H",6,1,8,-10,3,0
"H",6,1,8,-11,4,0
"H",6,1,8,-13,1,0
"H",6,1,8,-14,2,0
"H",6,1,8,-15,1,0
"H",6,1,8,-2,181,75
"H",6,1,8,-3,133,40
"H",6,1,8,-4,106,25
"H",6,1,8,-5,52,9
"H",6,1,8,-6,54,2
"H",6,1,8,-7,17,0
"H",6,1,8,-8,17,0
"H",6,1,8,-9,6,0
"H",6,1,8,0,400,297
"H",6,1,8,1,320,275
"H",6,1,8,10,11,11
"H",6,1,8,11,6,6
"H",6,1,8,12,8,8
"H",6,1,8,13,2,2
"H",6,1,8,14,3,3
"H",6,1,8,2,283,258
"H",6,1,8,3,192,184
"H",6,1,8,4,161,159
"H",6,1,8,5,114,113
"H",6,1,8,6,82,81
"H",6,1,8,7,52,52
"H",6,1,8,8,38,37
"H",6,1,8,9,15,15
"H",6,2,1,-1,3660,1220
"H",6,2,1,-10,112,1
"H",6,2,1,-11,60,1
"H",6,2,1,-12,48,0
"H",6,2,1,-13,20,0
"H",6,2,1,-14,12,0
"H",6,2,1,-15,8,0
"H",6,2,1,-16,2,0
"H",6,2,1,-17,5,0
"H",6,2,1,-18,1,0
"H",6,2,1,-19,1,0
"H",6,2,1,-2,2915,560
"H",6,2,1,-3,2099,239
"H",6,2,1,-4,1462,86
"H",6,2,1,-5,1017,42
"H",6,2,1,-6,642,8
"H",6,2,1,-7,400,6
"H",6,2,1,-8,237,3
"H",6,2,1,-9,167,0
"H",6,2,1,0,4439,2441
"H",6,2,1,1,3680,2747
"H",6,2,1,10,120,120
"H",6,2,1,11,68,68
"H",6,2,1,12,42,42
"H",6,2,1,13,18,18
"H",6,2,1,14,18,18
"H",6,2,1,15,9,9
"H",6,2,1,16,4,4
"H",6,2,1,17,5,5
"H",6,2,1,18,1,1
"H",6,2,1,2,2977,2517
"H",6,2,1,3,2126,1947
"H",6,2,1,4,1595,1540
"H",6,2,1,5,1065,1042
"H",6,2,1,6,702,698
"H",6,2,1,7,475,471
"H",6,2,1,8,283,283
"H",6,2,1,9,184,184
"H",6,2,2,-1,2087,750
"H",6,2,2,-10,55,0
"H",6,2,2,-11,34,1
"H",6,2,2,-12,34,0
"H",6,2,2,-13,14,0
"H",6,2,2,-14,8,0
"H",6,2,2,-15,2,0
"H",6,2,2,-16,4,0
"H",6,2,2,-17,3,0
"H",6,2,2,-2,1820,391
"H",6,2,2,-3,1403,178
"H",6,2,2,-4,990,87
"H",6,2,2,-5,664,35
"H",6,2,2,-6,432,3
"H",6,2,2,-7,270,3
"H",6,2,2,-8,190,0
"H",6,2,2,-9,78,0
"H",6,2,2,0,2504,1378
"H",6,2,2,1,2151,1655
"H",6,2,2,10,79,79
"H",6,2,2,11,45,45
"H",6,2,2,12,41,41
"H",6,2,2,13,14,14
"H",6,2,2,14,11,11
"H",6,2,2,15,12,12
"H",6,2,2,16,7,7
"H",6,2,2,17,4,4
"H",6,2,2,18,1,1
"H",6,2,2,19,1,1
"H",6,2,2,2,1845,1580
"H",6,2,2,3,1415,1294
"H",6,2,2,4,1065,1020
"H",6,2,2,5,729,713
"H",6,2,2,6,485,483
"H",6,2,2,7,383,379
"H",6,2,2,8,255,255
"H",6,2,2,9,140,140
"H",6,2,3,-1,1182,460
"H",6,2,3,-10,23,0
"H",6,2,3,-11,15,0
"H",6,2,3,-12,3,0
"H",6,2,3,-13,5,0
"H",6,2,3,-14,2,0
"H",6,2,3,-15,3,0
"H",6,2,3,-16,1,0
"H",6,2,3,-2,704,164
"H",6,2,3,-3,511,57
"H",6,2,3,-4,338,27
"H",6,2,3,-5,245,13
"H",6,2,3,-6,163,5
"H",6,2,3,-7,85,0
"H",6,2,3,-8,62,0
"H",6,2,3,-9,39,0
"H",6,2,3,0,1407,835
"H",6,2,3,1,1352,1020
"H",6,2,3,10,54,54
"H",6,2,3,11,45,45
"H",6,2,3,12,20,20
"H",6,2,3,13,9,9
"H",6,2,3,14,11,11
"H",6,2,3,15,4,4
"H",6,2,3,16,2,2
"H",6,2,3,17,1,1
"H",6,2,3,18,1,1
"H",6,2,3,19,2,2
"H",6,2,3,2,1161,1013
"H",6,2,3,22,1,1
"H",6,2,3,3,966,897
"H",6,2,3,4,655,626
"H",6,2,3,5,486,476
"H",6,2,3,6,318,314
"H",6,2,3,7,234,232
"H",6,2,3,8,152,152
"H",6,2,3,9,114,114
"H",6,2,4,-1,859,352
"H",6,2,4,-10,22,0
"H",6,2,4,-11,21,0
"H",6,2,4,-12,15,0
"H",6,2,4,-13,7,0
"H",6,2,4,-14,2,0
"H",6,2,4,-15,1,0
"H",6,2,4,-16,1,0
"H",6,2,4,-17,1,0
"H",6,2,4,-2,765,211
"H",6,2,4,-3,579,77
"H",6,2,4,-4,437,46
"H",6,2,4,-5,295,15
"H",6,2,4,-6,196,3
"H",6,2,4,-7,105,1
"H",6,2,4,-8,67,0
"H",6,2,4,-9,31,0
"H",6,2,4,0,1123,665
"H",6,2,4,1,1025,782
"H",6,2,4,10,42,42
"H",6,2,4,11,39,39
"H",6,2,4,12,20,20
"H",6,2,4,13,14,14
"H",6,2,4,14,8,8
"H",6,2,4,15,6,6
"H",6,2,4,16,1,1
"H",6,2,4,17,3,3
"H",6,2,4,18,3,3
"H",6,2,4,19,1,1
"H",6,2,4,2,859,754
"H",6,2,4,21,1,1
"H",6,2,4,3,700,632
"H",6,2,4,4,499,477
"H",6,2,4,5,358,346
"H",6,2,4,6,239,236
"H",6,2,4,7,167,166
"H",6,2,4,8,124,124
"H",6,2,4,9,74,74
"H",6,2,5,-1,490,185
"H",6,2,5,-10,7,0
"H",6,2,5,-11,3,0
"H",6,2,5,-12,1,0
"H",6,2,5,-17,1,0
"H",6,2,5,-18,1,0
"H",6,2,5,-2,292,66
"H",6,2,5,-3,224,31
"H",6,2,5,-4,160,14
"H",6,2,5,-5,120,6
"H",6,2,5,-6,63,2
"H",6,2,5,-7,34,0
"H",6,2,5,-8,16,0
"H",6,2,5,-9,12,0
"H",6,2,5,0,525,314
"H",6,2,5,1,601,463
"H",6,2,5,10,31,31
"H",6,2,5,11,14,14
"H",6,2,5,12,7,7
"H",6,2,5,13,9,9
"H",6,2,5,14,3,3
"H",6,2,5,15,2,2
"H",6,2,5,16,4,4
"H",6,2,5,2,484,412
"H",6,2,5,3,414,381
"H",6,2,5,4,295,288
"H",6,2,5,5,182,177
"H",6,2,5,6,136,134
"H",6,2,5,7,110,108
"H",6,2,5,8,78,77
"H",6,2,5,9,57,57
"H",6,2,6,-1,474,206
"H",6,2,6,-10,11,0
"H",6,2,6,-11,6,0
"H",6,2,6,-12,7,0
"H",6,2,6,-13,3,0
"H",6,2,6,-14,1,0
"H",6,2,6,-16,1,0
"H",6,2,6,-2,311,75
"H",6,2,6,-3,257,54
"H",6,2,6,-4,189,18
"H",6,2,6,-5,122,4
"H",6,2,6,-6,73,3
"H",6,2,6,-7,41,0
"H",6,2,6,-8,29,0
"H",6,2,6,-9,18,0
"H",6,2,6,0,509,312
"H",6,2,6,1,546,427
"H",6,2,6,10,34,34
"H",6,2,6,11,16,16
"H",6,2,6,12,10,10
"H",6,2,6,13,3,3
"H",6,2,6,14,3,3
"H",6,2,6,15,5,5
"H",6,2,6,16,3,3
"H",6,2,6,17,1,1
"H",6,2,6,2,438,376
"H",6,2,6,20,2,2
"H",6,2,6,3,337,305
"H",6,2,6,4,279,268
"H",6,2,6,5,189,186
"H",6,2,6,6,117,114
"H",6,2,6,7,111,109
"H",6,2,6,8,57,57
"H",6,2,6,9,32,32
"H",6,2,7,-1,295,134
"H",6,2,7,-10,4,0
"H",6,2,7,-11,4,0
"H",6,2,7,-12,2,0
"H",6,2,7,-13,1,0
"H",6,2,7,-2,231,65
"H",6,2,7,-3,143,29
"H",6,2,7,-4,113,15
"H",6,2,7,-5,83,3
"H",6,2,7,-6,50,2
"H",6,2,7,-7,26,0
"H",6,2,7,-8,21,1
"H",6,2,7,-9,12,0
"H",6,2,7,0,313,208
"H",6,2,7,1,376,284
"H",6,2,7,10,21,21
"H",6,2,7,11,13,13
"H",6,2,7,12,8,8
"H",6,2,7,13,6,6
"H",6,2,7,14,2,2
"H",6,2,7,15,1,1
"H",6,2,7,17,1,1
"H",6,2,7,2,298,258
"H",6,2,7,20,1,1
"H",6,2,7,3,232,216
"H",6,2,7,4,165,161
"H",6,2,7,5,121,118
"H",6,2,7,6,91,90
"H",6,2,7,7,62,62
"H",6,2,7,8,36,36
"H",6,2,7,9,26,26
"H",6,2,8,-1,304,136
"H",6,2,8,-10,4,0
"H",6,2,8,-11,6,0
"H",6,2,8,-12,2,0
"H",6,2,8,-13,1,0
"H",6,2,8,-14,1,0
"H",6,2,8,-2,232,69
"H",6,2,8,-3,163,34
"H",6,2,8,-4,111,17
"H",6,2,8,-5,72,3
"H",6,2,8,-6,56,0
"H",6,2,8,-7,21,0
"H",6,2,8,-8,18,0
"H",6,2,8,-9,9,0
"H",6,2,8,0,416,281
"H",6,2,8,1,377,293
"H",6,2,8,10,18,18
"H",6,2,8,11,9,9
"H",6,2,8,12,5,5
"H",6,2,8,13,3,3
"H",6,2,8,14,2,2
"H",6,2,8,15,2,2
"H",6,2,8,16,3,3
"H",6,2,8,17,1,1
"H",6,2,8,18,2,2
"H",6,2,8,2,313,271
"H",6,2,8,3,244,229
"H",6,2,8,4,186,177
"H",6,2,8,5,154,153
"H",6,2,8,6,95,94
"H",6,2,8,7,59,59
"H",6,2,8,8,41,41
"H",6,2,8,9,27,27
"H",7,0,1,-1,6579,2401
"H",7,0,1,-10,261,1
"H",7,0,1,-11,161,0
"H",7,0,1,-12,104,1
"H",7,0,1,-13,66,0
"H",7,0,1,-14,52,0
"H",7,0,1,-15,28,0
"H",7,0,1,-16,12,0
"H",7,0,1,-17,15,0
"H",7,0,1,-18,4,0
"H",7,0,1,-19,5,0
"H",7,0,1,-2,5446,1194
"H",7,0,1,-20,1,0
"H",7,0,1,-21,1,0
"H",7,0,1,-22,1,0
"H",7,0,1,-24,1,0
"H",7,0,1,-3,4188,504
"H",7,0,1,-4,3088,190
"H",7,0,1,-5,2303,98
"H",7,0,1,-6,1605,27
"H",7,0,1,-7,1047,9
"H",7,0,1,-8,653,7
"H",7,0,1,-9,408,0
"H",7,0,1,0,7362,4559
"H",7,0,1,1,6622,5437
"H",7,0,1,10,232,232
"H",7,0,1,11,145,145
"H",7,0,1,12,90,90
"H",7,0,1,13,54,54
"H",7,0,1,14,33,33
"H",7,0,1,15,20,20
"H",7,0,1,16,13,13
"H",7,0,1,17,8,8
"H",7,0,1,18,5,5
"H",7,0,1,19,3,3
"H",7,0,1,2,5323,4836
"H",7,0,1,21,2,2
"H",7,0,1,22,1,1
"H",7,0,1,3,4126,3937
"H",7,0,1,4,2970,2902
"H",7,0,1,5,2006,1989
"H",7,0,1,6,1308,1299
"H",7,0,1,7,926,924
"H",7,0,1,8,602,601
"H",7,0,1,9,381,381
"H",7,0,2,-1,1800,781
"H",7,0,2,-10,61,0
"H",7,0,2,-11,41,0
"H",7,0,2,-12,26,0
"H",7,0,2,-13,17,0
"H",7,0,2,-14,13,0
"H",7,0,2,-15,4,0
"H",7,0,2,-16,4,0
"H",7,0,2,-17,2,0
"H",7,0,2,-19,1,0
"H",7,0,2,-2,1551,468
"H",7,0,2,-22,1,0
"H",7,0,2,-3,1185,204
"H",7,0,2,-4,873,72
"H",7,0,2,-5,665,35
"H",7,0,2,-6,467,10
"H",7,0,2,-7,293,4
"H",7,0,2,-8,183,2
"H",7,0,2,-9,116,0
"H",7,0,2,0,2078,1355
"H",7,0,2,1,1892,1603
"H",7,0,2,10,68,68
"H",7,0,2,11,48,48
"H",7,0,2,12,27,27
"H",7,0,2,13,14,14
"H",7,0,2,14,11,11
"H",7,0,2,15,5,5
"H",7,0,2,16,3,3
"H",7,0,2,17,4,4
"H",7,0,2,18,1,1
"H",7,0,2,19,1,1
"H",7,0,2,2,1539,1435
"H",7,0,2,22,1,1
"H",7,0,2,3,1220,1179
"H",7,0,2,4,865,849
"H",7,0,2,5,607,604
"H",7,0,2,6,449,447
"H",7,0,2,7,311,310
"H",7,0,2,8,171,170
"H",7,0,2,9,107,107
"H",7,0,3,-1,411,214
"H",7,0,3,-10,18,0
"H",7,0,3,-11,10,0
"H",7,0,3,-12,5,1
"H",7,0,3,-13,2,0
"H",7,0,3,-14,7,0
"H",7,0,3,-15,2,0
"H",7,0,3,-16,1,0
"H",7,0,3,-17,2,0
"H",7,0,3,-2,304,87
"H",7,0,3,-3,231,33
"H",7,0,3,-4,202,23
"H",7,0,3,-5,115,12
"H",7,0,3,-6,76,4
"H",7,0,3,-7,48,0
"H",7,0,3,-8,36,0
"H",7,0,3,-9,19,0
"H",7,0,3,0,444,329
"H",7,0,3,1,448,393
"H",7,0,3,10,22,22
"H",7,0,3,11,12,12
"H",7,0,3,12,11,11
"H",7,0,3,13,6,6
"H",7,0,3,14,6,6
"H",7,0,3,15,3,3
"H",7,0,3,17,2,2
"H",7,0,3,18,1,1
"H",7,0,3,2,352,323
"H",7,0,3,21,1,1
"H",7,0,3,22,1,1
"H",7,0,3,3,280,270
"H",7,0,3,4,257,251
"H",7,0,3,5,179,179
"H",7,0,3,6,136,136
"H",7,0,3,7,100,100
"H",7,0,3,8,63,63
"H",7,0,3,9,35,35
"H",7,0,4,-1,319,182
"H",7,0,4,-10,19,0
"H",7,0,4,-11,11,0
"H",7,0,4,-12,5,0
"H",7,0,4,-13,6,0
"H",7,0,4,-14,5,0
"H",7,0,4,-16,1,0
"H",7,0,4,-19,1,0
"H",7,0,4,-2,404,161
"H",7,0,4,-3,341,89
"H",7,0,4,-4,224,18
"H",7,0,4,-5,184,15
"H",7,0,4,-6,112,5
"H",7,0,4,-7,68,2
"H",7,0,4,-8,46,1
"H",7,0,4,-9,29,0
"H",7,0,4,0,367,269
"H",7,0,4,1,326,292
"H",7,0,4,10,18,18
"H",7,0,4,11,11,11
"H",7,0,4,12,8,8
"H",7,0,4,14,3,3
"H",7,0,4,15,1,1
"H",7,0,4,16,2,2
"H",7,0,4,17,2,2
"H",7,0,4,2,300,279
"H",7,0,4,3,246,246
"H",7,0,4,4,217,217
"H",7,0,4,5,148,148
"H",7,0,4,6,122,122
"H",7,0,4,7,82,81
"H",7,0,4,8,52,52
"H",7,0,4,9,35,35
"H",7,0,5,-1,116,65
"H",7,0,5,-10,3,0
"H",7,0,5,-11,5,0
"H",7,0,5,-12,2,0
"H",7,0,5,-13,3,0
"H",7,0,5,-14,1,0
"H",7,0,5,-17,1,0
"H",7,0,5,-2,73,20
"H",7,0,5,-3,66,9
"H",7,0,5,-4,30,3
"H",7,0,5,-5,36,2
"H",7,0,5,-6,25,0
"H",7,0,5,-7,22,0
"H",7,0,5,-8,10,0
"H",7,0,5,-9,8,0
"H",7,0,5,0,128,112
"H",7,0,5,1,130,122
"H",7,0,5,10,5,5
"H",7,0,5,11,6,6
"H",7,0,5,12,2,2
"H",7,0,5,13,1,1
"H",7,0,5,14,1,1
"H",7,0,5,16,1,1
"H",7,0,5,17,1,1
"H",7,0,5,2,116,110
"H",7,0,5,3,93,90
"H",7,0,5,4,66,65
"H",7,0,5,5,54,52
"H",7,0,5,6,36,36
"H",7,0,5,7,35,35
"H",7,0,5,8,22,22
"H",7,0,5,9,11,11
"H",7,0,6,-1,150,91
"H",7,0,6,-10,3,0
"H",7,0,6,-11,2,0
"H",7,0,6,-12,5,0
"H",7,0,6,-13,1,0
"H",7,0,6,-14,3,0
"H",7,0,6,-15,1,0
"H",7,0,6,-16,1,0
"H",7,0,6,-17,1,0
"H",7,0,6,-2,137,59
"H",7,0,6,-3,101,22
"H",7,0,6,-4,74,12
"H",7,0,6,-5,67,6
"H",7,0,6,-6,38,2
"H",7,0,6,-7,26,0
"H",7,0,6,-8,13,1
"H",7,0,6,-9,10,0
"H",7,0,6,0,167,130
"H",7,0,6,1,163,160
"H",7,0,6,10,12,12
"H",7,0,6,11,6,6
"H",7,0,6,13,2,2
"H",7,0,6,2,142,137
"H",7,0,6,22,1,1
"H",7,0,6,3,116,114
"H",7,0,6,4,98,97
"H",7,0,6,5,73,72
"H",7,0,6,6,47,47
"H",7,0,6,7,44,44
"H",7,0,6,8,25,25
"H",7,0,6,9,16,16
"H",7,0,7,-1,67,41
"H",7,0,7,-10,6,0
"H",7,0,7,-11,2,0
"H",7,0,7,-13,2,0
"H",7,0,7,-16,1,0
"H",7,0,7,-2,73,38
"H",7,0,7,-3,70,24
"H",7,0,7,-4,52,10
"H",7,0,7,-5,34,4
"H",7,0,7,-6,25,1
"H",7,0,7,-7,15,0
"H",7,0,7,-8,8,0
"H",7,0,7,-9,2,0
"H",7,0,7,0,71,57
"H",7,0,7,1,83,78
"H",7,0,7,10,5,5
"H",7,0,7,11,1,1
"H",7,0,7,12,2,2
"H",7,0,7,14,1,1
"H",7,0,7,15,1,1
"H",7,0,7,16,1,1
"H",7,0,7,2,73,70
"H",7,0,7,22,1,1
"H",7,0,7,3,74,72
"H",7,0,7,4,54,54
"H",7,0,7,5,54,54
"H",7,0,7,6,38,38
"H",7,0,7,7,21,21
"H",7,0,7,8,18,18
"H",7,0,7,9,9,9
"H",7,0,8,-1,88,69
"H",7,0,8,-10,2,0
"H",7,0,8,-11,3,0
"H",7,0,8,-12,3,0
"H",7,0,8,-13,4,0
"H",7,0,8,-14,1,0
"H",7,0,8,-2,88,56
"H",7,0,8,-3,78,31
"H",7,0,8,-4,45,9
"H",7,0,8,-5,45,11
"H",7,0,8,-6,20,1
"H",7,0,8,-7,21,0
"H",7,0,8,-8,9,1
"H",7,0,8,-9,4,0
"H",7,0,8,0,111,90
"H",7,0,8,1,99,94
"H",7,0,8,10,4,4
"H",7,0,8,11,6,6
"H",7,0,8,12,1,1
"H",7,0,8,14,1,1
"H",7,0,8,2,86,83
"H",7,0,8,22,1,1
"H",7,0,8,3,63,63
"H",7,0,8,4,61,61
"H",7,0,8,5,51,51
"H",7,0,8,6,44,44
"H",7,0,8,7,28,28
"H",7,0,8,8,14,14
"H",7,0,8,9,3,3
"H",7,1,1,-1,4487,1415
"H",7,1,1,-10,181,1
"H",7,1,1,-11,107,0
"H",7,1,1,-12,72,0
"H",7,1,1,-13,47,0
"H",7,1,1,-14,33,0
"H",7,1,1,-15,23,0
"H",7,1,1,-16,7,0
"H",7,1,1,-17,10,0
"H",7,1,1,-18,4,0
"H",7,1,1,-19,4,0
"H",7,1,1,-2,3645,638
"H",7,1,1,-20,1,0
"H",7,1,1,-21,1,0
"H",7,1,1,-24,1,0
"H",7,1,1,-3,2820,260
"H",7,1,1,-4,2062,100
"H",7,1,1,-5,1528,51
"H",7,1,1,-6,1049,14
"H",7,1,1,-7,708,4
"H",7,1,1,-8,429,4
"H",7,1,1,-9,271,0
"H",7,1,1,0,4996,2928
"H",7,1,1,1,4514,3623
"H",7,1,1,10,177,177
"H",7,1,1,11,113,113
"H",7,1,1,12,68,68
"H",7,1,1,13,40,40
"H",7,1,1,14,22,22
"H",7,1,1,15,14,14
"H",7,1,1,16,10,10
"H",7,1,1,17,5,5
"H",7,1,1,18,4,4
"H",7,1,1,19,2,2
"H",7,1,1,2,3629,3253
"H",7,1,1,20,1,1
"H",7,1,1,21,1,1
"H",7,1,1,3,2847,2700
"H",7,1,1,4,2082,2031
"H",7,1,1,5,1408,1394
"H",7,1,1,6,873,866
"H",7,1,1,7,643,642
"H",7,1,1,8,427,427
"H",7,1,1,9,289,289
"H",7,1,2,-1,1904,706
"H",7,1,2,-10,78,1
"H",7,1,2,-11,51,0
"H",7,1,2,-12,29,0
"H",7,1,2,-13,23,0
"H",7,1,2,-14,20,0
"H",7,1,2,-15,12,0
"H",7,1,2,-16,4,0
"H",7,1,2,-17,3,0
"H",7,1,2,-2,1733,398
"H",7,1,2,-21,1,0
"H",7,1,2,-22,1,0
"H",7,1,2,-3,1350,160
"H",7,1,2,-4,1053,65
"H",7,1,2,-5,723,29
"H",7,1,2,-6,536,10
"H",7,1,2,-7,364,6
"H",7,1,2,-8,210,2
"H",7,1,2,-9,129,0
"H",7,1,2,0,2196,1350
"H",7,1,2,1,2046,1682
"H",7,1,2,10,92,92
"H",7,1,2,11,65,65
"H",7,1,2,12,38,38
"H",7,1,2,13,29,29
"H",7,1,2,14,18,18
"H",7,1,2,15,10,10
"H",7,1,2,16,1,1
"H",7,1,2,17,4,4
"H",7,1,2,18,3,3
"H",7,1,2,2,1602,1476
"H",7,1,2,3,1345,1292
"H",7,1,2,4,1038,1014
"H",7,1,2,5,725,717
"H",7,1,2,6,517,513
"H",7,1,2,7,369,369
"H",7,1,2,8,231,231
"H",7,1,2,9,163,162
"H",7,1,3,-1,1051,435
"H",7,1,3,-10,26,0
"H",7,1,3,-11,17,0
"H",7,1,3,-12,9,0
"H",7,1,3,-13,7,0
"H",7,1,3,-14,8,0
"H",7,1,3,-15,2,0
"H",7,1,3,-17,2,0
"H",7,1,3,-18,1,0
"H",7,1,3,-2,472,107
"H",7,1,3,-3,382,39
"H",7,1,3,-4,276,27
"H",7,1,3,-5,202,13
"H",7,1,3,-6,132,1
"H",7,1,3,-7,87,0
"H",7,1,3,-8,54,1
"H",7,1,3,-9,29,0
"H",7,1,3,0,1358,879
"H",7,1,3,1,1233,1032
"H",7,1,3,10,42,42
"H",7,1,3,11,31,31
"H",7,1,3,12,28,28
"H",7,1,3,13,8,8
"H",7,1,3,14,10,10
"H",7,1,3,15,2,2
"H",7,1,3,16,2,2
"H",7,1,3,17,1,1
"H",7,1,3,19,2,2
"H",7,1,3,2,1018,942
"H",7,1,3,21,1,1
"H",7,1,3,3,833,800
"H",7,1,3,4,621,609
"H",7,1,3,5,389,386
"H",7,1,3,6,282,280
"H",7,1,3,7,187,187
"H",7,1,3,8,136,135
"H",7,1,3,9,91,91
"H",7,1,4,-1,669,299
"H",7,1,4,-10,34,0
"H",7,1,4,-11,14,0
"H",7,1,4,-12,11,0
"H",7,1,4,-13,8,0
"H",7,1,4,-14,10,0
"H",7,1,4,-15,2,0
"H",7,1,4,-16,3,0
"H",7,1,4,-17,1,0
"H",7,1,4,-18,1,0
"H",7,1,4,-19,1,0
"H",7,1,4,-2,600,185
"H",7,1,4,-3,483,86
"H",7,1,4,-4,389,35
"H",7,1,4,-5,276,15
"H",7,1,4,-6,210,10
"H",7,1,4,-7,133,4
"H",7,1,4,-8,77,2
"H",7,1,4,-9,42,0
"H",7,1,4,0,782,526
"H",7,1,4,1,768,644
"H",7,1,4,10,43,43
"H",7,1,4,11,23,23
"H",7,1,4,12,18,18
"H",7,1,4,13,13,13
"H",7,1,4,14,6,6
"H",7,1,4,15,2,2
"H",7,1,4,16,3,3
"H",7,1,4,18,1,1
"H",7,1,4,19,1,1
"H",7,1,4,2,631,581
"H",7,1,4,21,1,1
"H",7,1,4,3,559,540
"H",7,1,4,4,409,400
"H",7,1,4,5,308,307
"H",7,1,4,6,203,202
"H",7,1,4,7,149,149
"H",7,1,4,8,109,109
"H",7,1,4,9,65,65
"H",7,1,5,-1,347,176
"H",7,1,5,-10,7,0
"H",7,1,5,-11,7,0
"H",7,1,5,-12,4,1
"H",7,1,5,-13,4,0
"H",7,1,5,-14,1,0
"H",7,1,5,-15,2,0
"H",7,1,5,-17,1,0
"H",7,1,5,-2,179,51
"H",7,1,5,-3,141,20
"H",7,1,5,-4,100,8
"H",7,1,5,-5,76,4
"H",7,1,5,-6,43,2
"H",7,1,5,-7,36,0
"H",7,1,5,-8,17,1
"H",7,1,5,-9,12,0
"H",7,1,5,0,374,271
"H",7,1,5,1,410,363
"H",7,1,5,10,20,20
"H",7,1,5,11,11,11
"H",7,1,5,12,11,11
"H",7,1,5,13,4,4
"H",7,1,5,14,4,4
"H",7,1,5,15,2,2
"H",7,1,5,17,2,2
"H",7,1,5,2,368,338
"H",7,1,5,20,1,1
"H",7,1,5,3,304,290
"H",7,1,5,4,230,221
"H",7,1,5,5,158,158
"H",7,1,5,6,125,125
"H",7,1,5,7,95,95
"H",7,1,5,8,47,47
"H",7,1,5,9,40,40
"H",7,1,6,-1,325,172
"H",7,1,6,-10,6,0
"H",7,1,6,-11,8,0
"H",7,1,6,-12,5,0
"H",7,1,6,-13,5,0
"H",7,1,6,-14,2,0
"H",7,1,6,-15,1,0
"H",7,1,6,-17,2,0
"H",7,1,6,-18,1,0
"H",7,1,6,-2,249,81
"H",7,1,6,-3,181,32
"H",7,1,6,-4,148,21
"H",7,1,6,-5,115,9
"H",7,1,6,-6,61,1
"H",7,1,6,-7,47,0
"H",7,1,6,-8,30,0
"H",7,1,6,-9,22,0
"H",7,1,6,0,407,300
"H",7,1,6,1,365,318
"H",7,1,6,10,24,24
"H",7,1,6,11,14,14
"H",7,1,6,12,11,11
"H",7,1,6,13,6,6
"H",7,1,6,14,1,1
"H",7,1,6,15,1,1
"H",7,1,6,17,2,2
"H",7,1,6,2,354,327
"H",7,1,6,3,304,293
"H",7,1,6,4,225,223
"H",7,1,6,5,163,161
"H",7,1,6,6,125,123
"H",7,1,6,7,99,99
"H",7,1,6,8,59,59
"H",7,1,6,9,39,39
"H",7,1,7,-1,262,133
"H",7,1,7,-10,5,0
"H",7,1,7,-11,4,0
"H",7,1,7,-12,2,0
"H",7,1,7,-13,4,0
"H",7,1,7,-14,3,0
"H",7,1,7,-16,1,0
"H",7,1,7,-2,249,89
"H",7,1,7,-3,150,26
"H",7,1,7,-4,102,15
"H",7,1,7,-5,63,2
"H",7,1,7,-6,50,1
"H",7,1,7,-7,37,1
"H",7,1,7,-8,8,0
"H",7,1,7,-9,5,0
"H",7,1,7,0,305,245
"H",7,1,7,1,325,278
"H",7,1,7,10,14,14
"H",7,1,7,11,16,16
"H",7,1,7,12,9,9
"H",7,1,7,13,4,4
"H",7,1,7,14,5,5
"H",7,1,7,15,1,1
"H",7,1,7,2,296,283
"H",7,1,7,3,228,221
"H",7,1,7,4,200,200
"H",7,1,7,5,132,132
"H",7,1,7,6,106,106
"H",7,1,7,7,75,75
"H",7,1,7,8,45,45
"H",7,1,7,9,32,32
"H",7,1,8,-1,265,151
"H",7,1,8,-10,7,0
"H",7,1,8,-11,6,0
"H",7,1,8,-12,2,0
"H",7,1,8,-13,3,0
"H",7,1,8,-14,2,0
"H",7,1,8,-2,180,76
"H",7,1,8,-3,137,34
"H",7,1,8,-4,99,17
"H",7,1,8,-5,84,8
"H",7,1,8,-6,48,3
"H",7,1,8,-7,31,2
"H",7,1,8,-8,23,2
"H",7,1,8,-9,11,0
"H",7,1,8,0,364,280
"H",7,1,8,1,352,316
"H",7,1,8,10,10,10
"H",7,1,8,11,9,9
"H",7,1,8,12,6,6
"H",7,1,8,13,2,2
"H",7,1,8,14,3,3
"H",7,1,8,2,268,255
"H",7,1,8,22,1,1
"H",7,1,8,3,223,216
"H",7,1,8,4,163,162
"H",7,1,8,5,107,105
"H",7,1,8,6,96,95
"H",7,1,8,7,53,53
"H",7,1,8,8,39,39
"H",7,1,8,9,29,29
"H",7,2,1,-1,3353,931
"H",7,2,1,-10,130,0
"H",7,2,1,-11,77,1
"H",7,2,1,-12,53,0
"H",7,2,1,-13,33,0
"H",7,2,1,-14,18,0
"H",7,2,1,-15,13,0
"H",7,2,1,-16,5,0
"H",7,2,1,-17,7,0
"H",7,2,1,-18,3,0
"H",7,2,1,-19,4,0
"H",7,2,1,-2,2839,413
"H",7,2,1,-20,1,0
"H",7,2,1,-24,1,0
"H",7,2,1,-3,2116,169
"H",7,2,1,-4,1507,59
"H",7,2,1,-5,1129,27
"H",7,2,1,-6,772,4
"H",7,2,1,-7,504,3
"H",7,2,1,-8,314,0
"H",7,2,1,-9,210,0
"H",7,2,1,0,3718,2070
"H",7,2,1,1,3457,2713
"H",7,2,1,10,161,161
"H",7,2,1,11,98,98
"H",7,2,1,12,57,57
"H",7,2,1,13,35,35
"H",7,2,1,14,21,21
"H",7,2,1,15,20,20
"H",7,2,1,16,12,12
"H",7,2,1,17,4,4
"H",7,2,1,18,5,5
"H",7,2,1,19,1,1
"H",7,2,1,2,2867,2542
"H",7,2,1,20,1,1
"H",7,2,1,21,1,1
"H",7,2,1,3,2257,2126
"H",7,2,1,4,1679,1632
"H",7,2,1,5,1204,1191
"H",7,2,1,6,736,732
"H",7,2,1,7,541,540
"H",7,2,1,8,372,372
"H",7,2,1,9,238,238
"H",7,2,2,-1,1924,591
"H",7,2,2,-10,80,1
"H",7,2,2,-11,54,1
"H",7,2,2,-12,33,0
"H",7,2,2,-13,19,0
"H",7,2,2,-14,13,0
"H",7,2,2,-15,7,0
"H",7,2,2,-16,1,0
"H",7,2,2,-17,4,0
"H",7,2,2,-19,1,0
"H",7,2,2,-2,1717,293
"H",7,2,2,-20,1,0
"H",7,2,2,-21,1,0
"H",7,2,2,-22,1,0
"H",7,2,2,-24,1,0
"H",7,2,2,-3,1357,134
"H",7,2,2,-4,1005,41
"H",7,2,2,-5,717,24
"H",7,2,2,-6,498,5
"H",7,2,2,-7,340,0
"H",7,2,2,-8,191,1
"H",7,2,2,-9,132,0
"H",7,2,2,0,2203,1263
"H",7,2,2,1,2012,1623
"H",7,2,2,10,113,113
"H",7,2,2,11,81,81
"H",7,2,2,12,48,48
"H",7,2,2,13,25,25
"H",7,2,2,14,21,21
"H",7,2,2,15,13,13
"H",7,2,2,16,12,12
"H",7,2,2,17,3,3
"H",7,2,2,18,1,1
"H",7,2,2,19,1,1
"H",7,2,2,2,1659,1480
"H",7,2,2,3,1429,1367
"H",7,2,2,4,1127,1100
"H",7,2,2,5,832,822
"H",7,2,2,6,547,546
"H",7,2,2,7,394,394
"H",7,2,2,8,262,261
"H",7,2,2,9,194,194
"H",7,2,3,-1,1050,346
"H",7,2,3,-10,36,0
"H",7,2,3,-11,21,0
"H",7,2,3,-12,20,0
"H",7,2,3,-13,7,0
"H",7,2,3,-14,8,0
"H",7,2,3,-15,3,0
"H",7,2,3,-17,1,0
"H",7,2,3,-2,628,101
"H",7,2,3,-20,1,0
"H",7,2,3,-21,1,0
"H",7,2,3,-3,485,43
"H",7,2,3,-4,342,18
"H",7,2,3,-5,255,9
"H",7,2,3,-6,175,0
"H",7,2,3,-7,109,1
"H",7,2,3,-8,74,0
"H",7,2,3,-9,45,1
"H",7,2,3,0,1363,803
"H",7,2,3,1,1280,1039
"H",7,2,3,10,70,70
"H",7,2,3,11,48,48
"H",7,2,3,12,51,51
"H",7,2,3,13,20,20
"H",7,2,3,14,15,15
"H",7,2,3,15,9,9
"H",7,2,3,16,3,3
"H",7,2,3,17,2,2
"H",7,2,3,18,2,2
"H",7,2,3,2,1087,989
"H",7,2,3,3,951,906
"H",7,2,3,4,742,721
"H",7,2,3,5,543,539
"H",7,2,3,6,366,363
"H",7,2,3,7,246,245
"H",7,2,3,8,179,179
"H",7,2,3,9,124,123
"H",7,2,4,-1,806,287
"H",7,2,4,-10,38,0
"H",7,2,4,-11,18,0
"H",7,2,4,-12,17,0
"H",7,2,4,-13,7,0
"H",7,2,4,-14,7,0
"H",7,2,4,-15,1,0
"H",7,2,4,-16,4,0
"H",7,2,4,-17,1,0
"H",7,2,4,-18,1,0
"H",7,2,4,-2,677,148
"H",7,2,4,-3,583,72
"H",7,2,4,-4,467,23
"H",7,2,4,-5,300,12
"H",7,2,4,-6,204,5
"H",7,2,4,-7,144,2
"H",7,2,4,-8,86,1
"H",7,2,4,-9,59,0
"H",7,2,4,0,1053,650
"H",7,2,4,1,1018,828
"H",7,2,4,10,64,64
"H",7,2,4,11,35,35
"H",7,2,4,12,23,23
"H",7,2,4,13,26,26
"H",7,2,4,14,12,12
"H",7,2,4,15,3,3
"H",7,2,4,16,5,5
"H",7,2,4,17,3,3
"H",7,2,4,18,2,2
"H",7,2,4,19,1,1
"H",7,2,4,2,794,710
"H",7,2,4,21,1,1
"H",7,2,4,23,1,1
"H",7,2,4,3,699,671
"H",7,2,4,4,566,544
"H",7,2,4,5,404,402
"H",7,2,4,6,264,263
"H",7,2,4,7,212,210
"H",7,2,4,8,139,138
"H",7,2,4,9,94,94
"H",7,2,5,-1,485,167
"H",7,2,5,-10,8,0
"H",7,2,5,-11,8,0
"H",7,2,5,-12,5,0
"H",7,2,5,-13,7,0
"H",7,2,5,-14,3,0
"H",7,2,5,-15,4,0
"H",7,2,5,-2,270,46
"H",7,2,5,-3,199,20
"H",7,2,5,-4,151,11
"H",7,2,5,-5,118,2
"H",7,2,5,-6,71,0
"H",7,2,5,-7,34,0
"H",7,2,5,-8,25,0
"H",7,2,5,-9,23,0
"H",7,2,5,0,546,330
"H",7,2,5,1,496,417
"H",7,2,5,10,31,31
"H",7,2,5,11,33,33
"H",7,2,5,12,15,15
"H",7,2,5,13,9,9
"H",7,2,5,14,8,8
"H",7,2,5,15,9,9
"H",7,2,5,17,1,1
"H",7,2,5,18,1,1
"H",7,2,5,2,460,414
"H",7,2,5,20,1,1
"H",7,2,5,3,402,380
"H",7,2,5,4,335,329
"H",7,2,5,5,234,231
"H",7,2,5,6,160,158
"H",7,2,5,7,129,129
"H",7,2,5,8,79,79
"H",7,2,5,9,61,61
"H",7,2,6,-1,397,138
"H",7,2,6,-10,8,0
"H",7,2,6,-11,7,0
"H",7,2,6,-12,2,0
"H",7,2,6,-13,1,0
"H",7,2,6,-14,2,0
"H",7,2,6,-17,1,0
"H",7,2,6,-2,321,64
"H",7,2,6,-3,230,29
"H",7,2,6,-4,176,18
"H",7,2,6,-5,138,5
"H",7,2,6,-6,81,0
"H",7,2,6,-7,53,1
"H",7,2,6,-8,20,0
"H",7,2,6,-9,21,0
"H",7,2,6,0,494,318
"H",7,2,6,1,482,394
"H",7,2,6,10,29,29
"H",7,2,6,11,22,22
"H",7,2,6,12,18,18
"H",7,2,6,13,12,12
"H",7,2,6,14,3,3
"H",7,2,6,15,2,2
"H",7,2,6,16,2,2
"H",7,2,6,18,1,1
"H",7,2,6,2,438,408
"H",7,2,6,3,379,361
"H",7,2,6,4,284,278
"H",7,2,6,5,190,189
"H",7,2,6,6,131,129
"H",7,2,6,7,112,112
"H",7,2,6,8,75,75
"H",7,2,6,9,57,57
"H",7,2,7,-1,249,91
"H",7,2,7,-10,6,0
"H",7,2,7,-11,6,0
"H",7,2,7,-12,4,0
"H",7,2,7,-13,1,0
"H",7,2,7,-17,1,0
"H",7,2,7,-2,219,53
"H",7,2,7,-3,170,25
"H",7,2,7,-4,97,8
"H",7,2,7,-5,71,4
"H",7,2,7,-6,53,1
"H",7,2,7,-7,30,1
"H",7,2,7,-8,15,0
"H",7,2,7,-9,8,0
"H",7,2,7,0,339,214
"H",7,2,7,1,308,253
"H",7,2,7,10,24,24
"H",7,2,7,11,17,17
"H",7,2,7,12,9,9
"H",7,2,7,13,6,6
"H",7,2,7,15,1,1
"H",7,2,7,2,319,296
"H",7,2,7,3,237,226
"H",7,2,7,4,192,188
"H",7,2,7,5,153,151
"H",7,2,7,6,92,91
"H",7,2,7,7,76,76
"H",7,2,7,8,50,50
"H",7,2,7,9,33,33
"H",7,2,8,-1,325,124
"H",7,2,8,-10,7,0
"H",7,2,8,-11,1,0
"H",7,2,8,-12,4,0
"H",7,2,8,-13,3,0
"H",7,2,8,-14,1,0
"H",7,2,8,-2,211,60
"H",7,2,8,-3,150,28
"H",7,2,8,-4,131,12
"H",7,2,8,-5,83,5
"H",7,2,8,-6,57,3
"H",7,2,8,-7,31,2
"H",7,2,8,-8,26,0
"H",7,2,8,-9,16,0
"H",7,2,8,0,412,276
"H",7,2,8,1,382,303
"H",7,2,8,10,20,20
"H",7,2,8,11,11,11
"H",7,2,8,12,7,7
"H",7,2,8,13,4,4
"H",7,2,8,14,4,4
"H",7,2,8,17,1,1
"H",7,2,8,19,1,1
"H",7,2,8,2,300,269
"H",7,2,8,3,258,247
"H",7,2,8,4,202,196
"H",7,2,8,5,142,139
"H",7,2,8,6,103,101
"H",7,2,8,7,60,60
"H",7,2,8,8,45,45
"H",7,2,8,9,42,42
"H",8,0,1,-1,6103,1818
"H",8,0,1,-10,308,0
"H",8,0,1,-11,231,1
"H",8,0,1,-12,137,0
"H",8,0,1,-13,105,0
"H",8,0,1,-14,65,0
"H",8,0,1,-15,42,0
"H",8,0,1,-16,23,0
"H",8,0,1,-17,14,0
"H",8,0,1,-18,3,0
"H",8,0,1,-19,5,0
"H",8,0,1,-2,5143,866
"H",8,0,1,-20,4,0
"H",8,0,1,-21,3,0
"H",8,0,1,-22,1,0
"H",8,0,1,-23,2,0
"H",8,0,1,-24,1,0
"H",8,0,1,-25,1,0
"H",8,0,1,-3,4233,387
"H",8,0,1,-4,3192,127
"H",8,0,1,-5,2374,57
"H",8,0,1,-6,1700,12
"H",8,0,1,-7,1240,8
"H",8,0,1,-8,753,2
"H",8,0,1,-9,504,0
"H",8,0,1,0,6462,4151
"H",8,0,1,1,6191,5507
"H",8,0,1,10,321,321
"H",8,0,1,11,191,191
"H",8,0,1,12,124,124
"H",8,0,1,13,62,62
"H",8,0,1,14,64,64
"H",8,0,1,15,31,31
"H",8,0,1,16,21,21
"H",8,0,1,17,5,5
"H",8,0,1,18,8,8
"H",8,0,1,19,3,3
"H",8,0,1,2,5039,4828
"H",8,0,1,20,3,3
"H",8,0,1,21,2,2
"H",8,0,1,23,2,2
"H",8,0,1,25,1,1
"H",8,0,1,3,4130,4048
"H",8,0,1,4,3133,3104
"H",8,0,1,5,2241,2233
"H",8,0,1,6,1505,1498
"H",8,0,1,7,1130,1130
"H",8,0,1,8,754,754
"H",8,0,1,9,475,475
"H",8,0,2,-1,1673,653
"H",8,0,2,-10,98,0
"H",8,0,2,-11,66,1
"H",8,0,2,-12,39,0
"H",8,0,2,-13,26,0
"H",8,0,2,-14,18,0
"H",8,0,2,-15,16,0
"H",8,0,2,-16,8,0
"H",8,0,2,-17,2,0
"H",8,0,2,-19,2,0
"H",8,0,2,-2,1468,354
"H",8,0,2,-20,1,0
"H",8,0,2,-21,1,0
"H",8,0,2,-22,1,0
"H",8,0,2,-3,1211,191
"H",8,0,2,-4,936,65
"H",8,0,2,-5,679,26
"H",8,0,2,-6,469,7
"H",8,0,2,-7,362,4
"H",8,0,2,-8,202,1
"H",8,0,2,-9,142,0
"H",8,0,2,0,1875,1318
"H",8,0,2,1,1803,1636
"H",8,0,2,10,112,112
"H",8,0,2,11,63,63
"H",8,0,2,12,27,27
"H",8,0,2,13,23,23
"H",8,0,2,14,17,17
"H",8,0,2,15,8,8
"H",8,0,2,16,10,10
"H",8,0,2,17,3,3
"H",8,0,2,18,2,2
"H",8,0,2,19,1,1
"H",8,0,2,2,1513,1450
"H",8,0,2,20,2,2
"H",8,0,2,23,2,2
"H",8,0,2,3,1234,1209
"H",8,0,2,4,881,875
"H",8,0,2,5,662,659
"H",8,0,2,6,450,446
"H",8,0,2,7,348,348
"H",8,0,2,8,242,242
"H",8,0,2,9,172,172
"H",8,0,3,-1,372,193
"H",8,0,3,-10,25,0
"H",8,0,3,-11,19,0
"H",8,0,3,-12,6,0
"H",8,0,3,-13,8,0
"H",8,0,3,-14,6,0
"H",8,0,3,-15,2,0
"H",8,0,3,-16,1,0
"H",8,0,3,-2,263,75
"H",8,0,3,-24,1,0
"H",8,0,3,-3,231,30
"H",8,0,3,-4,176,12
"H",8,0,3,-5,151,7
"H",8,0,3,-6,98,0
"H",8,0,3,-7,75,2
"H",8,0,3,-8,38,0
"H",8,0,3,-9,31,0
"H",8,0,3,0,386,294
"H",8,0,3,1,389,353
"H",8,0,3,10,36,36
"H",8,0,3,11,21,21
"H",8,0,3,12,18,18
"H",8,0,3,13,11,11
"H",8,0,3,14,11,11
"H",8,0,3,15,2,2
"H",8,0,3,16,3,3
"H",8,0,3,18,2,2
"H",8,0,3,19,1,1
"H",8,0,3,2,323,310
"H",8,0,3,20,1,1
"H",8,0,3,21,1,1
"H",8,0,3,3,316,309
"H",8,0,3,4,234,233
"H",8,0,3,5,203,202
"H",8,0,3,6,146,146
"H",8,0,3,7,100,100
"H",8,0,3,8,72,72
"H",8,0,3,9,40,40
"H",8,0,4,-1,317,181
"H",8,0,4,-10,30,0
"H",8,0,4,-11,19,0
"H",8,0,4,-12,9,0
"H",8,0,4,-13,6,0
"H",8,0,4,-14,8,0
"H",8,0,4,-15,3,0
"H",8,0,4,-16,1,0
"H",8,0,4,-2,378,137
"H",8,0,4,-22,1,0
"H",8,0,4,-24,1,0
"H",8,0,4,-3,313,71
"H",8,0,4,-4,266,22
"H",8,0,4,-5,193,11
"H",8,0,4,-6,127,5
"H",8,0,4,-7,100,2
"H",8,0,4,-8,58,0
"H",8,0,4,-9,48,0
"H",8,0,4,0,331,272
"H",8,0,4,1,337,318
"H",8,0,4,10,26,26
"H",8,0,4,11,14,14
"H",8,0,4,12,10,10
"H",8,0,4,13,5,5
"H",8,0,4,14,5,5
"H",8,0,4,15,2,2
"H",8,0,4,16,2,2
"H",8,0,4,17,1,1
"H",8,0,4,19,1,1
"H",8,0,4,2,299,283
"H",8,0,4,3,235,231
"H",8,0,4,4,207,207
"H",8,0,4,5,129,129
"H",8,0,4,6,118,116
"H",8,0,4,7,78,78
"H",8,0,4,8,71,71
"H",8,0,4,9,49,49
"H",8,0,5,-1,120,67
"H",8,0,5,-10,4,0
"H",8,0,5,-11,7,0
"H",8,0,5,-12,1,0
"H",8,0,5,-13,3,0
"H",8,0,5,-14,2,0
"H",8,0,5,-2,72,21
"H",8,0,5,-20,1,0
"H",8,0,5,-3,50,5
"H",8,0,5,-4,46,3
"H",8,0,5,-5,36,3
"H",8,0,5,-6,25,2
"H",8,0,5,-7,20,0
"H",8,0,5,-8,16,0
"H",8,0,5,-9,5,0
"H",8,0,5,0,113,93
"H",8,0,5,1,138,132
"H",8,0,5,10,13,13
"H",8,0,5,11,8,8
"H",8,0,5,12,7,7
"H",8,0,5,13,6,6
"H",8,0,5,14,2,2
"H",8,0,5,15,3,3
"H",8,0,5,16,2,2
"H",8,0,5,18,1,1
"H",8,0,5,2,126,120
"H",8,0,5,20,1,1
"H",8,0,5,21,1,1
"H",8,0,5,3,106,106
"H",8,0,5,4,82,82
"H",8,0,5,5,64,64
"H",8,0,5,6,27,27
"H",8,0,5,7,32,32
"H",8,0,5,8,29,29
"H",8,0,5,9,14,14
"H",8,0,6,-1,137,92
"H",8,0,6,-10,6,0
"H",8,0,6,-11,6,0
"H",8,0,6,-12,3,0
"H",8,0,6,-15,3,0
"H",8,0,6,-2,133,46
"H",8,0,6,-3,105,27
"H",8,0,6,-4,73,8
"H",8,0,6,-5,54,5
"H",8,0,6,-6,35,0
"H",8,0,6,-7,35,0
"H",8,0,6,-8,16,0
"H",8,0,6,-9,13,0
"H",8,0,6,0,148,128
"H",8,0,6,1,147,143
"H",8,0,6,10,18,18
"H",8,0,6,11,13,13
"H",8,0,6,12,5,5
"H",8,0,6,13,3,3
"H",8,0,6,14,1,1
"H",8,0,6,15,3,3
"H",8,0,6,16,1,1
"H",8,0,6,17,1,1
"H",8,0,6,19,1,1
"H",8,0,6,2,144,143
"H",8,0,6,3,116,113
"H",8,0,6,4,105,104
"H",8,0,6,5,89,89
"H",8,0,6,6,47,46
"H",8,0,6,7,38,38
"H",8,0,6,8,39,39
"H",8,0,6,9,26,26
"H",8,0,7,-1,64,42
"H",8,0,7,-10,5,0
"H",8,0,7,-11,3,0
"H",8,0,7,-12,1,0
"H",8,0,7,-13,2,0
"H",8,0,7,-14,3,0
"H",8,0,7,-2,81,40
"H",8,0,7,-3,64,16
"H",8,0,7,-4,35,8
"H",8,0,7,-5,36,1
"H",8,0,7,-6,23,2
"H",8,0,7,-7,20,1
"H",8,0,7,-8,10,1
"H",8,0,7,-9,12,0
"H",8,0,7,0,67,59
"H",8,0,7,1,72,70
"H",8,0,7,10,17,17
"H",8,0,7,11,11,11
"H",8,0,7,12,1,1
"H",8,0,7,13,3,3
"H",8,0,7,14,3,3
"H",8,0,7,16,2,2
"H",8,0,7,2,73,72
"H",8,0,7,3,55,54
"H",8,0,7,4,69,69
"H",8,0,7,5,43,42
"H",8,0,7,6,30,30
"H",8,0,7,7,23,23
"H",8,0,7,8,19,19
"H",8,0,7,9,22,22
"H",8,0,8,-1,109,78
"H",8,0,8,-10,9,0
"H",8,0,8,-11,1,0
"H",8,0,8,-12,1,0
"H",8,0,8,-13,1,0
"H",8,0,8,-14,1,0
"H",8,0,8,-2,95,45
"H",8,0,8,-22,1,0
"H",8,0,8,-3,64,22
"H",8,0,8,-4,66,13
"H",8,0,8,-5,52,4
"H",8,0,8,-6,26,1
"H",8,0,8,-7,25,0
"H",8,0,8,-8,10,0
"H",8,0,8,-9,10,0
"H",8,0,8,0,107,88
"H",8,0,8,1,103,100
"H",8,0,8,10,8,8
"H",8,0,8,11,7,7
"H",8,0,8,12,3,3
"H",8,0,8,13,2,2
"H",8,0,8,15,1,1
"H",8,0,8,16,3,3
"H",8,0,8,19,1,1
"H",8,0,8,2,92,87
"H",8,0,8,3,64,64
"H",8,0,8,4,59,58
"H",8,0,8,5,53,53
"H",8,0,8,6,26,26
"H",8,0,8,7,16,16
"H",8,0,8,8,17,17
"H",8,0,8,9,16,16
"H",8,1,1,-1,4173,968
"H",8,1,1,-10,193,0
"H",8,1,1,-11,147,0
"H",8,1,1,-12,92,0
"H",8,1,1,-13,71,0
"H",8,1,1,-14,39,0
"H",8,1,1,-15,23,0
"H",8,1,1,-16,12,0
"H",8,1,1,-17,12,0
"H",8,1,1,-18,4,0
"H",8,1,1,-19,4,0
"H",8,1,1,-2,3482,437
"H",8,1,1,-20,1,0
"H",8,1,1,-21,1,0
"H",8,1,1,-23,2,0
"H",8,1,1,-25,1,0
"H",8,1,1,-3,2838,163
"H",8,1,1,-4,2124,50
"H",8,1,1,-5,1555,21
"H",8,1,1,-6,1148,5
"H",8,1,1,-7,803,2
"H",8,1,1,-8,503,1
"H",8,1,1,-9,338,0
"H",8,1,1,0,4360,2604
"H",8,1,1,1,4154,3642
"H",8,1,1,10,228,228
"H",8,1,1,11,143,143
"H",8,1,1,12,105,105
"H",8,1,1,13,46,46
"H",8,1,1,14,46,46
"H",8,1,1,15,24,24
"H",8,1,1,16,15,15
"H",8,1,1,17,4,4
"H",8,1,1,18,5,5
"H",8,1,1,19,1,1
"H",8,1,1,2,3388,3243
"H",8,1,1,20,1,1
"H",8,1,1,21,1,1
"H",8,1,1,25,1,1
"H",8,1,1,26,1,1
"H",8,1,1,3,2769,2716
"H",8,1,1,4,2203,2179
"H",8,1,1,5,1537,1532
"H",8,1,1,6,1061,1056
"H",8,1,1,7,780,780
"H",8,1,1,8,525,525
"H",8,1,1,9,331,331
"H",8,1,2,-1,1839,547
"H",8,1,2,-10,97,0
"H",8,1,2,-11,58,1
"H",8,1,2,-12,63,0
"H",8,1,2,-13,28,0
"H",8,1,2,-14,14,0
"H",8,1,2,-15,17,0
"H",8,1,2,-16,13,0
"H",8,1,2,-17,5,0
"H",8,1,2,-18,2,0
"H",8,1,2,-19,3,0
"H",8,1,2,-2,1732,319
"H",8,1,2,-20,2,0
"H",8,1,2,-21,1,0
"H",8,1,2,-23,1,0
"H",8,1,2,-3,1410,124
"H",8,1,2,-4,1085,48
"H",8,1,2,-5,784,19
"H",8,1,2,-6,553,4
"H",8,1,2,-7,398,0
"H",8,1,2,-8,245,2
"H",8,1,2,-9,140,0
"H",8,1,2,0,1869,1191
"H",8,1,2,1,1810,1613
"H",8,1,2,10,133,133
"H",8,1,2,11,80,80
"H",8,1,2,12,56,56
"H",8,1,2,13,28,28
"H",8,1,2,14,24,24
"H",8,1,2,15,12,12
"H",8,1,2,16,9,9
"H",8,1,2,17,5,5
"H",8,1,2,18,1,1
"H",8,1,2,19,1,1
"H",8,1,2,2,1588,1521
"H",8,1,2,20,1,1
"H",8,1,2,23,1,1
"H",8,1,2,3,1395,1356
"H",8,1,2,4,1038,1026
"H",8,1,2,5,770,767
"H",8,1,2,6,559,558
"H",8,1,2,7,477,477
"H",8,1,2,8,304,304
"H",8,1,2,9,197,197
"H",8,1,3,-1,950,343
"H",8,1,3,-10,31,0
"H",8,1,3,-11,21,0
"H",8,1,3,-12,6,0
"H",8,1,3,-13,14,0
"H",8,1,3,-14,7,0
"H",8,1,3,-15,3,0
"H",8,1,3,-16,5,0
"H",8,1,3,-2,431,78
"H",8,1,3,-3,384,38
"H",8,1,3,-4,288,16
"H",8,1,3,-5,238,4
"H",8,1,3,-6,151,0
"H",8,1,3,-7,115,1
"H",8,1,3,-8,64,0
"H",8,1,3,-9,42,0
"H",8,1,3,0,1275,906
"H",8,1,3,1,1182,1054
"H",8,1,3,10,75,75
"H",8,1,3,11,49,49
"H",8,1,3,12,37,37
"H",8,1,3,13,12,12
"H",8,1,3,14,13,13
"H",8,1,3,15,4,4
"H",8,1,3,16,7,7
"H",8,1,3,17,3,3
"H",8,1,3,18,1,1
"H",8,1,3,19,2,2
"H",8,1,3,2,1021,987
"H",8,1,3,3,874,858
"H",8,1,3,4,590,586
"H",8,1,3,5,429,427
"H",8,1,3,6,286,286
"H",8,1,3,7,203,203
"H",8,1,3,8,118,118
"H",8,1,3,9,96,96
"H",8,1,4,-1,630,263
"H",8,1,4,-10,44,0
"H",8,1,4,-11,24,1
"H",8,1,4,-12,14,0
"H",8,1,4,-13,13,0
"H",8,1,4,-14,8,0
"H",8,1,4,-15,8,0
"H",8,1,4,-16,1,0
"H",8,1,4,-17,5,0
"H",8,1,4,-2,565,151
"H",8,1,4,-20,1,0
"H",8,1,4,-3,479,56
"H",8,1,4,-4,402,26
"H",8,1,4,-5,271,7
"H",8,1,4,-6,206,4
"H",8,1,4,-7,141,0
"H",8,1,4,-8,93,1
"H",8,1,4,-9,62,0
"H",8,1,4,0,820,586
"H",8,1,4,1,740,657
"H",8,1,4,10,60,60
"H",8,1,4,11,24,24
"H",8,1,4,12,26,26
"H",8,1,4,13,15,15
"H",8,1,4,14,14,14
"H",8,1,4,15,5,5
"H",8,1,4,16,5,5
"H",8,1,4,17,4,4
"H",8,1,4,18,1,1
"H",8,1,4,19,1,1
"H",8,1,4,2,613,589
"H",8,1,4,20,2,2
"H",8,1,4,21,1,1
"H",8,1,4,3,525,515
"H",8,1,4,4,375,374
"H",8,1,4,5,289,289
"H",8,1,4,6,223,222
"H",8,1,4,7,177,177
"H",8,1,4,8,149,149
"H",8,1,4,9,95,95
"H",8,1,5,-1,344,163
"H",8,1,5,-10,10,0
"H",8,1,5,-11,5,0
"H",8,1,5,-12,2,0
"H",8,1,5,-13,5,0
"H",8,1,5,-14,5,0
"H",8,1,5,-16,1,0
"H",8,1,5,-2,157,34
"H",8,1,5,-3,122,11
"H",8,1,5,-4,113,7
"H",8,1,5,-5,79,1
"H",8,1,5,-6,74,0
"H",8,1,5,-7,28,0
"H",8,1,5,-8,26,0
"H",8,1,5,-9,15,1
"H",8,1,5,0,364,287
"H",8,1,5,1,371,343
"H",8,1,5,10,38,38
"H",8,1,5,11,26,26
"H",8,1,5,12,17,17
"H",8,1,5,13,7,7
"H",8,1,5,14,5,5
"H",8,1,5,15,1,1
"H",8,1,5,16,5,5
"H",8,1,5,17,1,1
"H",8,1,5,18,5,5
"H",8,1,5,2,382,361
"H",8,1,5,21,1,1
"H",8,1,5,3,325,319
"H",8,1,5,4,235,235
"H",8,1,5,5,190,189
"H",8,1,5,6,119,119
"H",8,1,5,7,87,87
"H",8,1,5,8,62,62
"H",8,1,5,9,37,37
"H",8,1,6,-1,306,144
"H",8,1,6,-10,17,0
"H",8,1,6,-11,11,0
"H",8,1,6,-12,6,0
"H",8,1,6,-13,2,0
"H",8,1,6,-14,4,0
"H",8,1,6,-15,2,0
"H",8,1,6,-19,1,0
"H",8,1,6,-2,253,81
"H",8,1,6,-24,1,0
"H",8,1,6,-3,233,43
"H",8,1,6,-4,171,15
"H",8,1,6,-5,127,3
"H",8,1,6,-6,80,2
"H",8,1,6,-7,62,2
"H",8,1,6,-8,39,1
"H",8,1,6,-9,28,0
"H",8,1,6,0,390,312
"H",8,1,6,1,361,338
"H",8,1,6,10,33,33
"H",8,1,6,11,28,28
"H",8,1,6,12,8,8
"H",8,1,6,13,8,8
"H",8,1,6,14,5,5
"H",8,1,6,15,1,1
"H",8,1,6,16,1,1
"H",8,1,6,17,3,3
"H",8,1,6,18,1,1
"H",8,1,6,19,1,1
"H",8,1,6,2,336,328
"H",8,1,6,23,1,1
"H",8,1,6,3,298,291
"H",8,1,6,4,223,221
"H",8,1,6,5,200,199
"H",8,1,6,6,129,128
"H",8,1,6,7,102,102
"H",8,1,6,8,63,63
"H",8,1,6,9,43,43
"H",8,1,7,-1,221,126
"H",8,1,7,-10,4,0
"H",8,1,7,-11,5,0
"H",8,1,7,-12,6,0
"H",8,1,7,-13,4,0
"H",8,1,7,-14,5,0
"H",8,1,7,-15,1,0
"H",8,1,7,-16,2,0
"H",8,1,7,-2,246,88
"H",8,1,7,-3,133,27
"H",8,1,7,-4,75,6
"H",8,1,7,-5,75,4
"H",8,1,7,-6,43,0
"H",8,1,7,-7,31,0
"H",8,1,7,-8,17,0
"H",8,1,7,-9,12,0
"H",8,1,7,0,292,237
"H",8,1,7,1,299,275
"H",8,1,7,10,26,26
"H",8,1,7,11,15,15
"H",8,1,7,12,10,10
"H",8,1,7,13,3,3
"H",8,1,7,14,3,3
"H",8,1,7,15,2,2
"H",8,1,7,16,1,1
"H",8,1,7,17,1,1
"H",8,1,7,2,309,294
"H",8,1,7,21,1,1
"H",8,1,7,3,220,215
"H",8,1,7,4,201,199
"H",8,1,7,5,139,138
"H",8,1,7,6,110,109
"H",8,1,7,7,88,88
"H",8,1,7,8,49,49
"H",8,1,7,9,38,38
"H",8,1,8,-1,249,147
"H",8,1,8,-10,9,0
"H",8,1,8,-11,5,0
"H",8,1,8,-12,1,0
"H",8,1,8,-13,4,0
"H",8,1,8,-14,2,0
"H",8,1,8,-15,1,0
"H",8,1,8,-16,1,0
"H",8,1,8,-17,1,0
"H",8,1,8,-2,172,58
"H",8,1,8,-22,1,0
"H",8,1,8,-3,126,23
"H",8,1,8,-4,108,16
"H",8,1,8,-5,68,4
"H",8,1,8,-6,46,2
"H",8,1,8,-7,36,1
"H",8,1,8,-8,25,1
"H",8,1,8,-9,18,0
"H",8,1,8,0,377,299
"H",8,1,8,1,316,297
"H",8,1,8,10,19,19
"H",8,1,8,11,7,7
"H",8,1,8,12,5,5
"H",8,1,8,13,1,1
"H",8,1,8,14,3,3
"H",8,1,8,15,2,2
"H",8,1,8,16,1,1
"H",8,1,8,17,2,2
"H",8,1,8,19,1,1
"H",8,1,8,2,265,256
"H",8,1,8,3,199,196
"H",8,1,8,4,149,149
"H",8,1,8,5,125,125
"H",8,1,8,6,77,77
"H",8,1,8,7,55,55
"H",8,1,8,8,38,38
"H",8,1,8,9,33,33
"H",8,2,1,-1,3089,583
"H",8,2,1,-10,152,0
"H",8,2,1,-11,120,0
"H",8,2,1,-12,65,0
"H",8,2,1,-13,52,0
"H",8,2,1,-14,28,0
"H",8,2,1,-15,17,0
"H",8,2,1,-16,4,0
"H",8,2,1,-17,9,0
"H",8,2,1,-18,2,0
"H",8,2,1,-19,2,0
"H",8,2,1,-2,2593,226
"H",8,2,1,-21,1,0
"H",8,2,1,-23,1,0
"H",8,2,1,-25,1,0
"H",8,2,1,-3,2111,88
"H",8,2,1,-4,1569,25
"H",8,2,1,-5,1139,6
"H",8,2,1,-6,853,1
"H",8,2,1,-7,596,2
"H",8,2,1,-8,361,0
"H",8,2,1,-9,273,0
"H",8,2,1,0,3271,1823
"H",8,2,1,1,3169,2765
"H",8,2,1,10,204,204
"H",8,2,1,11,129,129
"H",8,2,1,12,91,91
"H",8,2,1,13,62,62
"H",8,2,1,14,35,35
"H",8,2,1,15,23,23
"H",8,2,1,16,15,15
"H",8,2,1,17,7,7
"H",8,2,1,18,7,7
"H",8,2,1,19,2,2
"H",8,2,1,2,2613,2486
"H",8,2,1,20,1,1
"H",8,2,1,21,2,2
"H",8,2,1,26,1,1
"H",8,2,1,3,2179,2136
"H",8,2,1,4,1785,1765
"H",8,2,1,5,1288,1285
"H",8,2,1,6,868,863
"H",8,2,1,7,611,611
"H",8,2,1,8,444,444
"H",8,2,1,9,310,310
"H",8,2,2,-1,1818,408
"H",8,2,2,-10,91,0
"H",8,2,2,-11,71,0
"H",8,2,2,-12,53,0
"H",8,2,2,-13,28,0
"H",8,2,2,-14,14,0
"H",8,2,2,-15,9,0
"H",8,2,2,-16,6,0
"H",8,2,2,-17,3,0
"H",8,2,2,-18,4,0
"H",8,2,2,-19,4,0
"H",8,2,2,-2,1765,223
"H",8,2,2,-20,1,0
"H",8,2,2,-23,2,0
"H",8,2,2,-3,1352,71
"H",8,2,2,-4,1052,23
"H",8,2,2,-5,754,11
"H",8,2,2,-6,566,2
"H",8,2,2,-7,422,2
"H",8,2,2,-8,224,0
"H",8,2,2,-9,156,0
"H",8,2,2,0,1909,1119
"H",8,2,2,1,1813,1592
"H",8,2,2,10,177,177
"H",8,2,2,11,106,106
"H",8,2,2,12,83,83
"H",8,2,2,13,51,51
"H",8,2,2,14,26,26
"H",8,2,2,15,15,15
"H",8,2,2,16,9,9
"H",8,2,2,17,5,5
"H",8,2,2,18,4,4
"H",8,2,2,19,3,3
"H",8,2,2,2,1605,1520
"H",8,2,2,20,3,3
"H",8,2,2,21,1,1
"H",8,2,2,26,1,1
"H",8,2,2,3,1398,1371
"H",8,2,2,4,1159,1146
"H",8,2,2,5,853,849
"H",8,2,2,6,627,626
"H",8,2,2,7,489,489
"H",8,2,2,8,326,325
"H",8,2,2,9,208,208
"H",8,2,3,-1,997,263
"H",8,2,3,-10,39,0
"H",8,2,3,-11,25,0
"H",8,2,3,-12,14,0
"H",8,2,3,-13,10,0
"H",8,2,3,-14,7,0
"H",8,2,3,-15,4,0
"H",8,2,3,-16,5,0
"H",8,2,3,-2,581,65
"H",8,2,3,-3,509,25
"H",8,2,3,-4,374,9
"H",8,2,3,-5,267,2
"H",8,2,3,-6,186,1
"H",8,2,3,-7,128,0
"H",8,2,3,-8,86,0
"H",8,2,3,-9,47,0
"H",8,2,3,0,1135,721
"H",8,2,3,1,1210,1056
"H",8,2,3,10,101,101
"H",8,2,3,11,52,52
"H",8,2,3,12,51,51
"H",8,2,3,13,16,16
"H",8,2,3,14,19,19
"H",8,2,3,15,18,18
"H",8,2,3,16,5,5
"H",8,2,3,17,3,3
"H",8,2,3,18,2,2
"H",8,2,3,19,2,2
"H",8,2,3,2,1052,1010
"H",8,2,3,22,1,1
"H",8,2,3,24,1,1
"H",8,2,3,25,1,1
"H",8,2,3,3,985,962
"H",8,2,3,4,744,736
"H",8,2,3,5,558,555
"H",8,2,3,6,408,406
"H",8,2,3,7,253,253
"H",8,2,3,8,195,195
"H",8,2,3,9,141,141
"H",8,2,4,-1,800,240
"H",8,2,4,-10,39,0
"H",8,2,4,-11,32,0
"H",8,2,4,-12,19,0
"H",8,2,4,-13,12,0
"H",8,2,4,-14,6,0
"H",8,2,4,-15,2,0
"H",8,2,4,-16,3,0
"H",8,2,4,-17,1,0
"H",8,2,4,-19,2,0
"H",8,2,4,-2,709,113
"H",8,2,4,-20,1,0
"H",8,2,4,-21,1,0
"H",8,2,4,-3,570,44
"H",8,2,4,-4,468,14
"H",8,2,4,-5,326,6
"H",8,2,4,-6,236,2
"H",8,2,4,-7,172,1
"H",8,2,4,-8,109,0
"H",8,2,4,-9,75,0
"H",8,2,4,0,1061,671
"H",8,2,4,1,973,850
"H",8,2,4,10,84,84
"H",8,2,4,11,53,53
"H",8,2,4,12,40,40
"H",8,2,4,13,30,30
"H",8,2,4,14,13,13
"H",8,2,4,15,7,7
"H",8,2,4,16,4,4
"H",8,2,4,17,3,3
"H",8,2,4,18,4,4
"H",8,2,4,19,4,4
"H",8,2,4,2,874,826
"H",8,2,4,3,744,732
"H",8,2,4,4,536,534
"H",8,2,4,5,423,420
"H",8,2,4,6,317,317
"H",8,2,4,7,223,223
"H",8,2,4,8,172,171
"H",8,2,4,9,122,122
"H",8,2,5,-1,444,121
"H",8,2,5,-10,8,0
"H",8,2,5,-11,9,0
"H",8,2,5,-12,4,0
"H",8,2,5,-13,6,0
"H",8,2,5,-14,6,0
"H",8,2,5,-15,2,0
"H",8,2,5,-16,1,0
"H",8,2,5,-18,1,0
"H",8,2,5,-19,1,0
"H",8,2,5,-2,239,27
"H",8,2,5,-3,201,16
"H",8,2,5,-4,155,3
"H",8,2,5,-5,109,1
"H",8,2,5,-6,84,1
"H",8,2,5,-7,60,0
"H",8,2,5,-8,35,0
"H",8,2,5,-9,30,0
"H",8,2,5,0,437,290
"H",8,2,5,1,455,406
"H",8,2,5,10,46,46
"H",8,2,5,11,34,34
"H",8,2,5,12,26,26
"H",8,2,5,13,12,12
"H",8,2,5,14,6,6
"H",8,2,5,15,6,6
"H",8,2,5,16,5,5
"H",8,2,5,17,2,2
"H",8,2,5,18,3,3
"H",8,2,5,19,1,1
"H",8,2,5,2,473,449
"H",8,2,5,21,1,1
"H",8,2,5,3,398,389
"H",8,2,5,4,318,318
"H",8,2,5,5,259,258
"H",8,2,5,6,172,171
"H",8,2,5,7,137,137
"H",8,2,5,8,94,94
"H",8,2,5,9,87,87
"H",8,2,6,-1,391,111
"H",8,2,6,-10,17,0
"H",8,2,6,-11,15,0
"H",8,2,6,-12,11,0
"H",8,2,6,-13,7,0
"H",8,2,6,-14,9,0
"H",8,2,6,-15,3,0
"H",8,2,6,-16,1,0
"H",8,2,6,-17,1,0
"H",8,2,6,-2,279,44
"H",8,2,6,-3,216,17
"H",8,2,6,-4,174,7
"H",8,2,6,-5,136,4
"H",8,2,6,-6,97,1
"H",8,2,6,-7,59,0
"H",8,2,6,-8,37,0
"H",8,2,6,-9,20,0
"H",8,2,6,0,454,305
"H",8,2,6,1,456,407
"H",8,2,6,10,32,32
"H",8,2,6,11,25,25
"H",8,2,6,12,21,21
"H",8,2,6,13,6,6
"H",8,2,6,14,6,6
"H",8,2,6,15,3,3
"H",8,2,6,16,3,3
"H",8,2,6,17,2,2
"H",8,2,6,18,2,2
"H",8,2,6,2,417,403
"H",8,2,6,20,1,1
"H",8,2,6,3,340,333
"H",8,2,6,4,299,298
"H",8,2,6,5,205,205
"H",8,2,6,6,153,152
"H",8,2,6,7,114,114
"H",8,2,6,8,76,76
"H",8,2,6,9,55,55
"H",8,2,7,-1,205,62
"H",8,2,7,-10,13,0
"H",8,2,7,-11,6,0
"H",8,2,7,-12,11,0
"H",8,2,7,-13,2,0
"H",8,2,7,-15,5,0
"H",8,2,7,-16,1,0
"H",8,2,7,-17,2,0
"H",8,2,7,-18,1,0
"H",8,2,7,-2,209,42
"H",8,2,7,-3,152,9
"H",8,2,7,-4,107,3
"H",8,2,7,-5,74,2
"H",8,2,7,-6,65,0
"H",8,2,7,-7,39,0
"H",8,2,7,-8,21,0
"H",8,2,7,-9,15,0
"H",8,2,7,0,277,183
"H",8,2,7,1,287,257
"H",8,2,7,10,34,34
"H",8,2,7,11,20,20
"H",8,2,7,12,12,12
"H",8,2,7,13,8,8
"H",8,2,7,14,7,7
"H",8,2,7,15,5,5
"H",8,2,7,16,2,2
"H",8,2,7,17,2,2
"H",8,2,7,18,1,1
"H",8,2,7,2,290,277
"H",8,2,7,20,1,1
"H",8,2,7,21,1,1
"H",8,2,7,3,253,249
"H",8,2,7,4,222,217
"H",8,2,7,5,135,132
"H",8,2,7,6,104,102
"H",8,2,7,7,74,74
"H",8,2,7,8,61,61
"H",8,2,7,9,41,41
"H",8,2,8,-1,294,111
"H",8,2,8,-10,16,0
"H",8,2,8,-11,10,0
"H",8,2,8,-12,11,0
"H",8,2,8,-13,4,0
"H",8,2,8,-15,2,0
"H",8,2,8,-16,1,0
"H",8,2,8,-2,210,38
"H",8,2,8,-20,1,0
"H",8,2,8,-3,158,17
"H",8,2,8,-4,145,8
"H",8,2,8,-5,86,5
"H",8,2,8,-6,58,1
"H",8,2,8,-7,45,0
"H",8,2,8,-8,25,0
"H",8,2,8,-9,14,0
"H",8,2,8,0,411,282
"H",8,2,8,1,353,315
"H",8,2,8,10,30,30
"H",8,2,8,11,15,15
"H",8,2,8,12,15,15
"H",8,2,8,13,8,8
"H",8,2,8,14,2,2
"H",8,2,8,15,6,6
"H",8,2,8,16,1,1
"H",8,2,8,2,312,297
"H",8,2,8,3,243,235
"H",8,2,8,4,187,184
"H",8,2,8,5,149,148
"H",8,2,8,6,103,102
"H",8,2,8,7,64,64
"H",8,2,8,8,43,43
"H",8,2,8,9,54,54
"H",9,0,1,-1,5670,1053
"H",9,0,1,-10,371,0
"H",9,0,1,-11,281,0
"H",9,0,1,-12,162,0
"H",9,0,1,-13,116,0
"H",9,0,1,-14,87,0
"H",9,0,1,-15,49,0
"H",9,0,1,-16,31,0
"H",9,0,1,-17,17,0
"H",9,0,1,-18,16,0
"H",9,0,1,-19,6,0
"H",9,0,1,-2,4848,440
"H",9,0,1,-20,3,0
"H",9,0,1,-21,2,0
"H",9,0,1,-22,1,0
"H",9,0,1,-23,3,0
"H",9,0,1,-25,1,0
"H",9,0,1,-3,4014,168
"H",9,0,1,-4,3227,56
"H",9,0,1,-5,2421,31
"H",9,0,1,-6,1798,5
"H",9,0,1,-7,1337,0
"H",9,0,1,-8,932,0
"H",9,0,1,-9,607,0
"H",9,0,1,0,5662,3760
"H",9,0,2,-1,1574,485
"H",9,0,2,-10,109,0
"H",9,0,2,-11,77,0
"H",9,0,2,-12,39,0
"H",9,0,2,-13,39,0
"H",9,0,2,-14,26,0
"H",9,0,2,-15,17,0
"H",9,0,2,-16,9,0
"H",9,0,2,-17,2,0
"H",9,0,2,-18,5,0
"H",9,0,2,-19,3,0
"H",9,0,2,-2,1396,249
"H",9,0,2,-20,1,0
"H",9,0,2,-21,1,0
"H",9,0,2,-22,1,0
"H",9,0,2,-25,1,0
"H",9,0,2,-3,1126,109
"H",9,0,2,-4,912,33
"H",9,0,2,-5,682,22
"H",9,0,2,-6,511,3
"H",9,0,2,-7,407,0
"H",9,0,2,-8,263,0
"H",9,0,2,-9,160,0
"H",9,0,2,0,1626,1192
"H",9,0,3,-1,324,150
"H",9,0,3,-10,21,0
"H",9,0,3,-11,21,0
"H",9,0,3,-12,12,0
"H",9,0,3,-13,10,0
"H",9,0,3,-14,11,0
"H",9,0,3,-15,3,0
"H",9,0,3,-16,3,0
"H",9,0,3,-18,2,0
"H",9,0,3,-19,1,0
"H",9,0,3,-2,275,59
"H",9,0,3,-3,258,19
"H",9,0,3,-4,181,8
"H",9,0,3,-5,154,2
"H",9,0,3,-6,116,0
"H",9,0,3,-7,93,0
"H",9,0,3,-8,67,0
"H",9,0,3,-9,44,0
"H",9,0,3,0,339,284
"H",9,0,4,-1,284,155
"H",9,0,4,-10,28,0
"H",9,0,4,-11,18,0
"H",9,0,4,-12,13,0
"H",9,0,4,-13,10,0
"H",9,0,4,-14,7,0
"H",9,0,4,-15,5,0
"H",9,0,4,-16,2,0
"H",9,0,4,-18,2,0
"H",9,0,4,-2,379,106
"H",9,0,4,-20,1,0
"H",9,0,4,-23,1,0
"H",9,0,4,-25,1,0
"H",9,0,4,-3,319,64
"H",9,0,4,-4,265,22
"H",9,0,4,-5,176,10
"H",9,0,4,-6,144,1
"H",9,0,4,-7,102,0
"H",9,0,4,-8,69,0
"H",9,0,4,-9,51,0
"H",9,0,4,0,314,271
"H",9,0,5,-1,90,51
"H",9,0,5,-10,9,0
"H",9,0,5,-11,9,0
"H",9,0,5,-12,3,0
"H",9,0,5,-13,2,0
"H",9,0,5,-14,5,0
"H",9,0,5,-15,2,0
"H",9,0,5,-2,80,15
"H",9,0,5,-3,61,3
"H",9,0,5,-4,58,6
"H",9,0,5,-5,58,0
"H",9,0,5,-6,36,0
"H",9,0,5,-7,25,0
"H",9,0,5,-8,26,0
"H",9,0,5,-9,16,0
"H",9,0,5,0,90,84
"H",9,0,6,-1,121,83
"H",9,0,6,-10,9,0
"H",9,0,6,-11,7,0
"H",9,0,6,-12,2,0
"H",9,0,6,-13,4,0
"H",9,0,6,-14,3,0
"H",9,0,6,-15,2,0
"H",9,0,6,-16,1,0
"H",9,0,6,-18,1,0
"H",9,0,6,-19,1,0
"H",9,0,6,-2,135,45
"H",9,0,6,-3,101,18
"H",9,0,6,-4,69,4
"H",9,0,6,-5,46,1
"H",9,0,6,-6,40,0
"H",9,0,6,-7,32,0
"H",9,0,6,-8,19,0
"H",9,0,6,-9,9,0
"H",9,0,6,0,169,163
"H",9,0,7,-1,75,52
"H",9,0,7,-10,5,0
"H",9,0,7,-11,9,0
"H",9,0,7,-12,4,0
"H",9,0,7,-13,2,0
"H",9,0,7,-14,1,0
"H",9,0,7,-15,2,0
"H",9,0,7,-16,1,0
"H",9,0,7,-17,1,0
"H",9,0,7,-2,62,26
"H",9,0,7,-3,46,8
"H",9,0,7,-4,39,4
"H",9,0,7,-5,42,3
"H",9,0,7,-6,29,1
"H",9,0,7,-7,25,0
"H",9,0,7,-8,13,0
"H",9,0,7,-9,7,0
"H",9,0,7,0,74,69
"H",9,0,8,-1,119,88
"H",9,0,8,-10,12,0
"H",9,0,8,-11,7,0
"H",9,0,8,-12,2,0
"H",9,0,8,-13,2,0
"H",9,0,8,-16,1,0
"H",9,0,8,-2,93,43
"H",9,0,8,-25,1,0
"H",9,0,8,-3,87,35
"H",9,0,8,-4,61,10
"H",9,0,8,-5,49,8
"H",9,0,8,-6,41,1
"H",9,0,8,-7,26,0
"H",9,0,8,-8,17,0
"H",9,0,8,-9,14,0
"H",9,0,8,0,223,212
"H",9,1,1,-1,3891,400
"H",9,1,1,-10,241,0
"H",9,1,1,-11,182,0
"H",9,1,1,-12,118,0
"H",9,1,1,-13,77,0
"H",9,1,1,-14,54,0
"H",9,1,1,-15,29,0
"H",9,1,1,-16,20,0
"H",9,1,1,-17,15,0
"H",9,1,1,-18,9,0
"H",9,1,1,-19,1,0
"H",9,1,1,-2,3263,131
"H",9,1,1,-20,2,0
"H",9,1,1,-21,1,0
"H",9,1,1,-23,3,0
"H",9,1,1,-3,2705,51
"H",9,1,1,-4,2180,14
"H",9,1,1,-5,1615,6
"H",9,1,1,-6,1185,1
"H",9,1,1,-7,859,0
"H",9,1,1,-8,609,0
"H",9,1,1,-9,416,0
"H",9,1,1,0,3815,2318
"H",9,1,2,-1,1641,304
"H",9,1,2,-10,124,0
"H",9,1,2,-11,91,0
"H",9,1,2,-12,57,0
"H",9,1,2,-13,32,0
"H",9,1,2,-14,28,0
"H",9,1,2,-15,16,0
"H",9,1,2,-16,11,0
"H",9,1,2,-17,7,0
"H",9,1,2,-18,6,0
"H",9,1,2,-19,1,0
"H",9,1,2,-2,1619,164
"H",9,1,2,-21,1,0
"H",9,1,2,-22,1,0
"H",9,1,2,-3,1312,59
"H",9,1,2,-4,1086,14
"H",9,1,2,-5,784,10
"H",9,1,2,-6,600,2
"H",9,1,2,-7,437,0
"H",9,1,2,-8,292,0
"H",9,1,2,-9,198,0
"H",9,1,2,0,1689,1102
"H",9,1,3,-1,892,244
"H",9,1,3,-10,51,0
"H",9,1,3,-11,27,0
"H",9,1,3,-12,20,0
"H",9,1,3,-13,16,0
"H",9,1,3,-14,14,0
"H",9,1,3,-15,8,0
"H",9,1,3,-16,3,0
"H",9,1,3,-17,1,0
"H",9,1,3,-18,5,0
"H",9,1,3,-19,2,0
"H",9,1,3,-2,451,45
"H",9,1,3,-3,360,14
"H",9,1,3,-4,322,7
"H",9,1,3,-5,256,3
"H",9,1,3,-6,213,0
"H",9,1,3,-7,149,0
"H",9,1,3,-8,104,0
"H",9,1,3,-9,78,0
"H",9,1,3,0,1145,843
"H",9,1,4,-1,515,173
"H",9,1,4,-10,47,0
"H",9,1,4,-11,25,0
"H",9,1,4,-12,20,0
"H",9,1,4,-13,15,0
"H",9,1,4,-14,12,0
"H",9,1,4,-15,6,0
"H",9,1,4,-16,3,0
"H",9,1,4,-17,2,0
"H",9,1,4,-18,1,0
"H",9,1,4,-2,589,117
"H",9,1,4,-23,1,0
"H",9,1,4,-3,484,53
"H",9,1,4,-4,390,14
"H",9,1,4,-5,283,9
"H",9,1,4,-6,206,2
"H",9,1,4,-7,162,0
"H",9,1,4,-8,105,0
"H",9,1,4,-9,78,0
"H",9,1,4,0,913,709
"H",9,1,5,-1,267,123
"H",9,1,5,-10,20,0
"H",9,1,5,-11,11,0
"H",9,1,5,-12,8,0
"H",9,1,5,-13,5,0
"H",9,1,5,-14,8,0
"H",9,1,5,-15,3,0
"H",9,1,5,-18,1,0
"H",9,1,5,-2,174,24
"H",9,1,5,-3,135,4
"H",9,1,5,-4,110,4
"H",9,1,5,-5,103,0
"H",9,1,5,-6,70,0
"H",9,1,5,-7,76,0
"H",9,1,5,-8,46,0
"H",9,1,5,-9,29,0
"H",9,1,5,0,245,208
"H",9,1,6,-1,285,133
"H",9,1,6,-10,20,0
"H",9,1,6,-11,17,0
"H",9,1,6,-12,6,0
"H",9,1,6,-13,7,0
"H",9,1,6,-14,9,0
"H",9,1,6,-15,6,0
"H",9,1,6,-16,1,0
"H",9,1,6,-17,1,0
"H",9,1,6,-18,2,0
"H",9,1,6,-2,245,37
"H",9,1,6,-3,201,20
"H",9,1,6,-4,151,6
"H",9,1,6,-5,118,2
"H",9,1,6,-6,100,0
"H",9,1,6,-7,62,0
"H",9,1,6,-8,52,0
"H",9,1,6,-9,33,0
"H",9,1,6,0,379,325
"H",9,1,7,-1,220,125
"H",9,1,7,-10,9,0
"H",9,1,7,-11,9,0
"H",9,1,7,-12,3,0
"H",9,1,7,-13,5,0
"H",9,1,7,-14,2,0
"H",9,1,7,-15,2,0
"H",9,1,7,-16,1,0
"H",9,1,7,-17,2,0
"H",9,1,7,-2,235,78
"H",9,1,7,-3,111,13
"H",9,1,7,-4,109,5
"H",9,1,7,-5,65,1
"H",9,1,7,-6,58,0
"H",9,1,7,-7,57,0
"H",9,1,7,-8,28,0
"H",9,1,7,-9,27,0
"H",9,1,7,0,247,212
"H",9,1,8,-1,263,138
"H",9,1,8,-10,13,0
"H",9,1,8,-11,6,0
"H",9,1,8,-12,6,0
"H",9,1,8,-13,4,0
"H",9,1,8,-14,3,0
"H",9,1,8,-15,2,0
"H",9,1,8,-16,1,0
"H",9,1,8,-2,189,56
"H",9,1,8,-3,144,36
"H",9,1,8,-4,106,12
"H",9,1,8,-5,76,3
"H",9,1,8,-6,64,1
"H",9,1,8,-7,47,0
"H",9,1,8,-8,23,0
"H",9,1,8,-9,25,0
"H",9,1,8,0,599,520
"H",9,2,1,-1,2924,124
"H",9,2,1,-10,175,0
"H",9,2,1,-11,135,0
"H",9,2,1,-12,86,0
"H",9,2,1,-13,62,0
"H",9,2,1,-14,32,0
"H",9,2,1,-15,18,0
"H",9,2,1,-16,18,0
"H",9,2,1,-17,11,0
"H",9,2,1,-18,6,0
"H",9,2,1,-19,1,0
"H",9,2,1,-2,2395,29
"H",9,2,1,-20,2,0
"H",9,2,1,-21,1,0
"H",9,2,1,-23,3,0
"H",9,2,1,-3,2023,14
"H",9,2,1,-4,1584,3
"H",9,2,1,-5,1183,1
"H",9,2,1,-6,863,0
"H",9,2,1,-7,643,0
"H",9,2,1,-8,454,0
"H",9,2,1,-9,300,0
"H",9,2,1,0,2791,1565
"H",9,2,2,-1,1787,160
"H",9,2,2,-10,120,0
"H",9,2,2,-11,86,0
"H",9,2,2,-12,55,0
"H",9,2,2,-13,40,0
"H",9,2,2,-14,21,0
"H",9,2,2,-15,17,0
"H",9,2,2,-16,6,0
"H",9,2,2,-17,9,0
"H",9,2,2,-18,5,0
"H",9,2,2,-19,1,0
"H",9,2,2,-2,1650,56
"H",9,2,2,-20,1,0
"H",9,2,2,-21,2,0
"H",9,2,2,-22,1,0
"H",9,2,2,-23,1,0
"H",9,2,2,-3,1361,22
"H",9,2,2,-4,1081,8
"H",9,2,2,-5,771,2
"H",9,2,2,-6,579,0
"H",9,2,2,-7,441,0
"H",9,2,2,-8,301,0
"H",9,2,2,-9,198,0
"H",9,2,2,0,1675,968
"H",9,2,3,-1,861,112
"H",9,2,3,-10,71,0
"H",9,2,3,-11,44,0
"H",9,2,3,-12,28,0
"H",9,2,3,-13,20,0
"H",9,2,3,-14,12,0
"H",9,2,3,-15,8,0
"H",9,2,3,-16,4,0
"H",9,2,3,-17,3,0
"H",9,2,3,-18,1,0
"H",9,2,3,-2,580,22
"H",9,2,3,-22,1,0
"H",9,2,3,-23,1,0
"H",9,2,3,-3,544,5
"H",9,2,3,-4,485,4
"H",9,2,3,-5,387,2
"H",9,2,3,-6,292,0
"H",9,2,3,-7,187,0
"H",9,2,3,-8,141,0
"H",9,2,3,-9,107,0
"H",9,2,3,0,976,624
"H",9,2,4,-1,721,126
"H",9,2,4,-10,44,0
"H",9,2,4,-11,37,0
"H",9,2,4,-12,24,0
"H",9,2,4,-13,19,0
"H",9,2,4,-14,11,0
"H",9,2,4,-15,5,0
"H",9,2,4,-16,5,0
"H",9,2,4,-18,3,0
"H",9,2,4,-2,724,54
"H",9,2,4,-21,1,0
"H",9,2,4,-23,1,0
"H",9,2,4,-3,590,26
"H",9,2,4,-4,473,4
"H",9,2,4,-5,329,1
"H",9,2,4,-6,257,0
"H",9,2,4,-7,196,0
"H",9,2,4,-8,128,0
"H",9,2,4,-9,73,0
"H",9,2,4,0,1065,682
"H",9,2,5,-1,384,68
"H",9,2,5,-10,25,0
"H",9,2,5,-11,14,0
"H",9,2,5,-12,13,0
"H",9,2,5,-13,5,0
"H",9,2,5,-14,12,0
"H",9,2,5,-15,2,0
"H",9,2,5,-16,1,0
"H",9,2,5,-17,1,0
"H",9,2,5,-18,2,0
"H",9,2,5,-2,268,17
"H",9,2,5,-20,1,0
"H",9,2,5,-3,274,4
"H",9,2,5,-4,221,2
"H",9,2,5,-5,183,1
"H",9,2,5,-6,139,0
"H",9,2,5,-7,90,0
"H",9,2,5,-8,69,0
"H",9,2,5,-9,49,0
"H",9,2,5,0,302,212
"H",9,2,6,-1,371,80
"H",9,2,6,-10,20,0
"H",9,2,6,-11,17,0
"H",9,2,6,-12,9,0
"H",9,2,6,-13,7,0
"H",9,2,6,-14,5,0
"H",9,2,6,-15,5,0
"H",9,2,6,-16,1,0
"H",9,2,6,-17,2,0
"H",9,2,6,-18,1,0
"H",9,2,6,-2,303,29
"H",9,2,6,-3,237,12
"H",9,2,6,-4,190,4
"H",9,2,6,-5,150,1
"H",9,2,6,-6,94,0
"H",9,2,6,-7,70,0
"H",9,2,6,-8,48,0
"H",9,2,6,-9,34,0
"H",9,2,6,0,404,288
"H",9,2,7,-1,221,56
"H",9,2,7,-10,20,0
"H",9,2,7,-11,16,0
"H",9,2,7,-12,6,0
"H",9,2,7,-13,9,0
"H",9,2,7,-14,2,0
"H",9,2,7,-15,3,0
"H",9,2,7,-17,2,0
"H",9,2,7,-2,236,35
"H",9,2,7,-3,150,8
"H",9,2,7,-4,118,1
"H",9,2,7,-5,102,1
"H",9,2,7,-6,86,0
"H",9,2,7,-7,49,0
"H",9,2,7,-8,30,0
"H",9,2,7,-9,29,0
"H",9,2,7,0,300,205
"H",9,2,8,-1,288,67
"H",9,2,8,-10,11,0
"H",9,2,8,-11,8,0
"H",9,2,8,-12,6,0
"H",9,2,8,-13,5,0
"H",9,2,8,-14,1,0
"H",9,2,8,-15,2,0
"H",9,2,8,-16,2,0
"H",9,2,8,-2,208,39
"H",9,2,8,-21,1,0
"H",9,2,8,-3,156,14
"H",9,2,8,-4,137,4
"H",9,2,8,-5,99,2
"H",9,2,8,-6,69,0
"H",9,2,8,-7,53,0
"H",9,2,8,-8,35,0
"H",9,2,8,-9,26,0
"H",9,2,8,0,545,365
"H",10,0,1,-1,744,134
"H",10,0,1,-2,350,34
"H",10,0,1,-3,169,5
"H",10,0,1,-4,74,3
"H",10,0,1,-5,35,0
"H",10,0,1,-6,11,0
"H",10,0,1,-7,3,0
"H",10,0,1,-8,6,0
"H",10,0,1,-9,1,0
"H",10,0,1,0,3872,2617
"H",10,0,2,-1,201,53
"H",10,0,2,-2,101,20
"H",10,0,2,-3,44,1
"H",10,0,2,-4,25,2
"H",10,0,2,-5,12,0
"H",10,0,2,-6,2,0
"H",10,0,2,-7,1,0
"H",10,0,2,-8,2,0
"H",10,0,2,-9,1,0
"H",10,0,2,0,1077,802
"H",10,0,3,-1,32,16
"H",10,0,3,-2,25,2
"H",10,0,3,-3,2,1
"H",10,0,3,-4,2,0
"H",10,0,3,-5,5,0
"H",10,0,3,-8,2,0
"H",10,0,3,0,221,182
"H",10,0,4,-1,36,18
"H",10,0,4,-2,20,5
"H",10,0,4,-3,8,1
"H",10,0,4,-4,6,2
"H",10,0,4,-5,4,0
"H",10,0,4,-6,2,0
"H",10,0,4,0,184,160
"H",10,0,5,-1,12,7
"H",10,0,5,-2,2,2
"H",10,0,5,-4,2,0
"H",10,0,5,-8,1,0
"H",10,0,5,0,61,57
"H",10,0,6,-1,7,5
"H",10,0,6,-2,11,5
"H",10,0,6,-3,1,0
"H",10,0,6,-4,2,0
"H",10,0,6,-8,1,0
"H",10,0,6,0,84,76
"H",10,0,7,-1,9,6
"H",10,0,7,-2,4,3
"H",10,0,7,-3,2,1
"H",10,0,7,-4,2,0
"H",10,0,7,0,34,32
"H",10,0,8,-1,11,6
"H",10,0,8,-2,7,5
"H",10,0,8,-3,3,3
"H",10,0,8,-4,1,1
"H",10,0,8,-5,1,0
"H",10,0,8,-8,1,0
"H",10,0,8,0,108,98
"H",10,1,1,-1,507,60
"H",10,1,1,-2,222,9
"H",10,1,1,-3,124,3
"H",10,1,1,-4,47,1
"H",10,1,1,-5,18,0
"H",10,1,1,-6,9,0
"H",10,1,1,-7,2,0
"H",10,1,1,-8,3,0
"H",10,1,1,0,2544,1589
"H",10,1,2,-1,198,36
"H",10,1,2,-2,112,9
"H",10,1,2,-3,60,3
"H",10,1,2,-4,26,0
"H",10,1,2,-5,14,0
"H",10,1,2,-6,3,0
"H",10,1,2,-7,3,0
"H",10,1,2,-8,2,0
"H",10,1,2,-9,1,0
"H",10,1,2,0,1045,715
"H",10,1,3,-1,118,34
"H",10,1,3,-2,32,2
"H",10,1,3,-3,16,1
"H",10,1,3,-4,5,0
"H",10,1,3,-5,2,0
"H",10,1,3,-6,1,0
"H",10,1,3,-8,2,0
"H",10,1,3,0,706,519
"H",10,1,4,-1,60,27
"H",10,1,4,-2,31,2
"H",10,1,4,-3,27,2
"H",10,1,4,-4,10,0
"H",10,1,4,-5,3,0
"H",10,1,4,-6,2,0
"H",10,1,4,-7,2,0
"H",10,1,4,0,534,396
"H",10,1,5,-1,24,15
"H",10,1,5,-2,6,1
"H",10,1,5,-3,5,1
"H",10,1,5,-4,1,0
"H",10,1,5,-5,2,0
"H",10,1,5,-6,1,0
"H",10,1,5,0,127,105
"H",10,1,6,-1,35,23
"H",10,1,6,-2,14,5
"H",10,1,6,-3,5,2
"H",10,1,6,-4,3,0
"H",10,1,6,-5,2,0
"H",10,1,6,-7,1,0
"H",10,1,6,-8,2,0
"H",10,1,6,0,176,146
"H",10,1,7,-1,26,16
"H",10,1,7,-2,14,5
"H",10,1,7,-3,4,0
"H",10,1,7,-5,1,0
"H",10,1,7,-6,1,0
"H",10,1,7,0,128,114
"H",10,1,8,-1,24,15
"H",10,1,8,-2,10,2
"H",10,1,8,-3,5,1
"H",10,1,8,-4,2,0
"H",10,1,8,-5,2,0
"H",10,1,8,0,267,236
"H",10,2,1,-1,373,12
"H",10,2,1,-2,162,2
"H",10,2,1,-3,84,1
"H",10,2,1,-4,34,1
"H",10,2,1,-5,13,0
"H",10,2,1,-6,6,0
"H",10,2,1,-8,1,0
"H",10,2,1,0,1768,1023
"H",10,2,2,-1,212,13
"H",10,2,2,-2,107,3
"H",10,2,2,-3,43,1
"H",10,2,2,-4,17,0
"H",10,2,2,-5,12,0
"H",10,2,2,-6,2,0
"H",10,2,2,-7,1,0
"H",10,2,2,-8,2,0
"H",10,2,2,0,904,571
"H",10,2,3,-1,99,10
"H",10,2,3,-2,40,0
"H",10,2,3,-3,14,0
"H",10,2,3,-4,6,0
"H",10,2,3,-5,3,0
"H",10,2,3,-6,2,0
"H",10,2,3,0,497,305
"H",10,2,4,-1,83,14
"H",10,2,4,-2,42,2
"H",10,2,4,-3,24,1
"H",10,2,4,-4,5,0
"H",10,2,4,-5,3,0
"H",10,2,4,-6,2,0
"H",10,2,4,-7,2,0
"H",10,2,4,-8,1,0
"H",10,2,4,0,527,338
"H",10,2,5,-1,37,3
"H",10,2,5,-2,12,0
"H",10,2,5,-3,8,0
"H",10,2,5,-4,5,0
"H",10,2,5,-5,2,0
"H",10,2,5,-6,2,0
"H",10,2,5,0,145,103
"H",10,2,6,-1,38,8
"H",10,2,6,-2,13,0
"H",10,2,6,-3,3,0
"H",10,2,6,-4,6,0
"H",10,2,6,-5,1,0
"H",10,2,6,-8,1,0
"H",10,2,6,0,180,118
"H",10,2,7,-1,16,5
"H",10,2,7,-2,15,2
"H",10,2,7,-3,3,0
"H",10,2,7,-4,1,0
"H",10,2,7,-5,1,0
"H",10,2,7,-8,2,0
"H",10,2,7,0,129,85
"H",10,2,8,-1,25,8
"H",10,2,8,-2,8,0
"H",10,2,8,-3,6,0
"H",10,2,8,-4,3,0
"H",10,2,8,-5,2,0
"H",10,2,8,0,228,157
"H",11,0,1,-1,387,70
"H",11,0,1,-2,191,7
"H",11,0,1,-3,72,3
"H",11,0,1,-4,36,0
"H",11,0,1,-5,16,0
"H",11,0,1,-6,8,0
"H",11,0,1,-7,3,0
"H",11,0,1,-8,2,0
"H",11,0,1,0,2171,1483
"H",11,0,2,-1,96,28
"H",11,0,2,-2,46,3
"H",11,0,2,-3,20,2
"H",11,0,2,-4,10,0
"H",11,0,2,-5,6,0
"H",11,0,2,-6,2,0
"H",11,0,2,-7,1,0
"H",11,0,2,-8,1,0
"H",11,0,2,0,627,478
"H",11,0,3,-1,28,17
"H",11,0,3,-2,6,0
"H",11,0,3,-3,6,1
"H",11,0,3,-4,2,0
"H",11,0,3,-5,1,0
"H",11,0,3,-6,1,0
"H",11,0,3,0,116,97
"H",11,0,4,-1,22,9
"H",11,0,4,-2,11,0
"H",11,0,4,-3,3,1
"H",11,0,4,-4,2,0
"H",11,0,4,-5,1,0
"H",11,0,4,-7,1,0
"H",11,0,4,0,127,108
"H",11,0,5,-1,6,4
"H",11,0,5,-2,3,1
"H",11,0,5,-3,1,0
"H",11,0,5,-6,1,0
"H",11,0,5,0,32,28
"H",11,0,6,-1,10,6
"H",11,0,6,-2,1,1
"H",11,0,6,-3,2,1
"H",11,0,6,-4,1,0
"H",11,0,6,-5,1,0
"H",11,0,6,0,46,42
"H",11,0,7,-1,3,3
"H",11,0,7,-2,3,1
"H",11,0,7,-5,2,0
"H",11,0,7,-6,1,0
"H",11,0,7,0,20,18
"H",11,0,8,-1,6,5
"H",11,0,8,-2,1,0
"H",11,0,8,0,66,61
"H",11,1,1,-1,263,19
"H",11,1,1,-2,135,3
"H",11,1,1,-3,48,0
"H",11,1,1,-4,25,0
"H",11,1,1,-5,9,0
"H",11,1,1,-6,4,0
"H",11,1,1,-7,2,0
"H",11,1,1,-8,1,0
"H",11,1,1,0,1406,877
"H",11,1,2,-1,100,16
"H",11,1,2,-2,63,2
"H",11,1,2,-3,21,1
"H",11,1,2,-4,18,0
"H",11,1,2,-5,5,0
"H",11,1,2,-6,4,0
"H",11,1,2,-7,1,0
"H",11,1,2,0,564,395
"H",11,1,3,-1,52,17
"H",11,1,3,-2,15,0
"H",11,1,3,-3,5,0
"H",11,1,3,-4,4,0
"H",11,1,3,-5,1,0
"H",11,1,3,-6,1,0
"H",11,1,3,-8,1,0
"H",11,1,3,0,377,291
"H",11,1,4,-1,24,6
"H",11,1,4,-2,21,0
"H",11,1,4,-3,5,1
"H",11,1,4,-4,5,0
"H",11,1,4,-5,2,0
"H",11,1,4,-6,1,0
"H",11,1,4,-7,1,0
"H",11,1,4,0,280,209
"H",11,1,5,-1,14,8
"H",11,1,5,-2,3,1
"H",11,1,5,-3,4,0
"H",11,1,5,-4,2,0
"H",11,1,5,-5,1,0
"H",11,1,5,-6,1,0
"H",11,1,5,-8,1,0
"H",11,1,5,0,80,65
"H",11,1,6,-1,19,5
"H",11,1,6,-2,5,0
"H",11,1,6,-3,1,0
"H",11,1,6,-4,3,0
"H",11,1,6,-5,2,0
"H",11,1,6,-8,1,0
"H",11,1,6,0,103,89
"H",11,1,7,-1,16,5
"H",11,1,7,-2,3,0
"H",11,1,7,-3,1,0
"H",11,1,7,-4,1,0
"H",11,1,7,-5,1,0
"H",11,1,7,0,67,58
"H",11,1,8,-1,16,5
"H",11,1,8,-2,3,0
"H",11,1,8,-5,1,0
"H",11,1,8,0,153,127
"H",11,2,1,-1,192,5
"H",11,2,1,-2,98,2
"H",11,2,1,-3,39,0
"H",11,2,1,-4,12,0
"H",11,2,1,-5,6,0
"H",11,2,1,-6,1,0
"H",11,2,1,-7,1,0
"H",11,2,1,-8,1,0
"H",11,2,1,0,974,553
"H",11,2,2,-1,103,5
"H",11,2,2,-2,57,4
"H",11,2,2,-3,31,0
"H",11,2,2,-4,13,0
"H",11,2,2,-5,6,0
"H",11,2,2,-6,2,0
"H",11,2,2,0,511,315
"H",11,2,3,-1,44,7
"H",11,2,3,-2,15,0
"H",11,2,3,-3,13,0
"H",11,2,3,-4,7,0
"H",11,2,3,-5,1,0
"H",11,2,3,-6,1,0
"H",11,2,3,0,255,157
"H",11,2,4,-1,36,2
"H",11,2,4,-2,22,1
"H",11,2,4,-3,8,1
"H",11,2,4,-4,6,0
"H",11,2,4,-5,2,0
"H",11,2,4,-6,1,0
"H",11,2,4,-7,1,0
"H",11,2,4,0,279,175
"H",11,2,5,-1,29,8
"H",11,2,5,-2,5,0
"H",11,2,5,-3,2,0
"H",11,2,5,-4,3,0
"H",11,2,5,-6,1,0
"H",11,2,5,0,81,55
"H",11,2,6,-1,19,6
"H",11,2,6,-2,11,1
"H",11,2,6,-3,3,0
"H",11,2,6,-4,1,0
"H",11,2,6,0,105,77
"H",11,2,7,-1,6,1
"H",11,2,7,-2,5,1
"H",11,2,7,-3,2,0
"H",11,2,7,-4,4,0
"H",11,2,7,0,71,49
"H",11,2,8,-1,17,5
"H",11,2,8,-2,9,1
"H",11,2,8,-3,1,0
"H",11,2,8,-4,1,0
"H",11,2,8,-5,2,0
"H",11,2,8,0,148,103
"H",12,0,1,-1,205,44
"H",12,0,1,-11,1,0
"H",12,0,1,-2,101,7
"H",12,0,1,-3,51,1
"H",12,0,1,-4,19,0
"H",12,0,1,-5,7,0
"H",12,0,1,-6,3,1
"H",12,0,1,-7,3,1
"H",12,0,1,-8,2,0
"H",12,0,1,-9,1,0
"H",12,0,1,0,1182,800
"H",12,0,2,-1,43,14
"H",12,0,2,-11,1,0
"H",12,0,2,-2,25,3
"H",12,0,2,-3,13,0
"H",12,0,2,-4,8,0
"H",12,0,2,-5,3,0
"H",12,0,2,-8,1,0
"H",12,0,2,0,334,245
"H",12,0,3,-1,13,4
"H",12,0,3,-11,1,0
"H",12,0,3,-2,7,1
"H",12,0,3,-3,2,0
"H",12,0,3,-6,1,0
"H",12,0,3,-8,1,0
"H",12,0,3,0,62,54
"H",12,0,4,-1,17,8
"H",12,0,4,-2,11,2
"H",12,0,4,-3,2,0
"H",12,0,4,-4,1,0
"H",12,0,4,-6,1,0
"H",12,0,4,0,61,50
"H",12,0,5,-2,2,1
"H",12,0,5,-3,3,0
"H",12,0,5,-4,2,0
"H",12,0,5,0,20,19
"H",12,0,6,-1,1,0
"H",12,0,6,-2,2,0
"H",12,0,6,-3,3,0
"H",12,0,6,-4,1,0
"H",12,0,6,-5,1,0
"H",12,0,6,-6,1,0
"H",12,0,6,0,25,24
"H",12,0,7,-1,3,2
"H",12,0,7,-5,1,0
"H",12,0,7,0,10,10
"H",12,0,8,-1,6,3
"H",12,0,8,-2,2,1
"H",12,0,8,-3,2,0
"H",12,0,8,0,26,25
"H",12,1,1,-1,152,27
"H",12,1,1,-2,68,2
"H",12,1,1,-3,35,1
"H",12,1,1,-4,9,0
"H",12,1,1,-5,4,0
"H",12,1,1,-6,2,1
"H",12,1,1,-7,2,0
"H",12,1,1,-9,1,0
"H",12,1,1,0,768,481
"H",12,1,2,-1,51,16
"H",12,1,2,-2,31,2
"H",12,1,2,-3,20,1
"H",12,1,2,-4,5,0
"H",12,1,2,-5,2,0
"H",12,1,2,-6,1,1
"H",12,1,2,-7,2,0
"H",12,1,2,0,292,196
"H",12,1,3,-1,28,8
"H",12,1,3,-11,1,0
"H",12,1,3,-2,7,0
"H",12,1,3,-3,3,0
"H",12,1,3,-4,2,0
"H",12,1,3,0,212,164
"H",12,1,4,-1,19,9
"H",12,1,4,-2,12,1
"H",12,1,4,-3,7,0
"H",12,1,4,-4,2,0
"H",12,1,4,-6,1,1
"H",12,1,4,0,157,127
"H",12,1,5,-1,8,4
"H",12,1,5,-2,1,1
"H",12,1,5,-3,2,0
"H",12,1,5,-4,1,0
"H",12,1,5,-8,1,0
"H",12,1,5,0,52,47
"H",12,1,6,-1,7,2
"H",12,1,6,-2,4,0
"H",12,1,6,-3,1,0
"H",12,1,6,-7,1,0
"H",12,1,6,0,59,54
"H",12,1,7,-1,9,4
"H",12,1,7,-2,3,2
"H",12,1,7,-3,1,0
"H",12,1,7,-5,1,0
"H",12,1,7,0,32,26
"H",12,1,8,-1,13,8
"H",12,1,8,-2,4,2
"H",12,1,8,-3,4,1
"H",12,1,8,-4,1,1
"H",12,1,8,-5,1,1
"H",12,1,8,-6,1,1
"H",12,1,8,-7,1,0
"H",12,1,8,0,70,62
"H",12,2,1,-1,108,7
"H",12,2,1,-2,46,0
"H",12,2,1,-3,24,0
"H",12,2,1,-4,9,0
"H",12,2,1,-5,4,0
"H",12,2,1,-6,1,0
"H",12,2,1,-7,1,0
"H",12,2,1,-9,1,0
"H",12,2,1,0,551,310
"H",12,2,2,-1,56,7
"H",12,2,2,-2,26,0
"H",12,2,2,-3,14,1
"H",12,2,2,-4,6,0
"H",12,2,2,-5,2,0
"H",12,2,2,-7,1,0
"H",12,2,2,0,261,159
"H",12,2,3,-1,23,5
"H",12,2,3,-2,9,0
"H",12,2,3,-3,4,0
"H",12,2,3,-4,2,0
"H",12,2,3,-5,1,0
"H",12,2,3,0,137,89
"H",12,2,4,-1,22,6
"H",12,2,4,-2,12,0
"H",12,2,4,-3,5,1
"H",12,2,4,-4,2,0
"H",12,2,4,-5,1,0
"H",12,2,4,-7,1,0
"H",12,2,4,0,134,95
"H",12,2,5,-1,12,4
"H",12,2,5,-11,1,0
"H",12,2,5,-2,1,0
"H",12,2,5,-3,2,0
"H",12,2,5,-4,1,0
"H",12,2,5,0,47,33
"H",12,2,6,-1,10,3
"H",12,2,6,-2,2,0
"H",12,2,6,-3,2,0
"H",12,2,6,-4,1,0
"H",12,2,6,0,48,30
"H",12,2,7,-1,6,2
"H",12,2,7,-2,2,0
"H",12,2,7,-3,4,0
"H",12,2,7,-4,1,0
"H",12,2,7,0,45,35
"H",12,2,8,-1,7,3
"H",12,2,8,-2,5,0
"H",12,2,8,-3,2,1
"H",12,2,8,-7,1,0
"H",12,2,8,0,69,51
"H",13,0,1,-1,121,24
"H",13,0,1,-10,1,0
"H",13,0,1,-2,67,7
"H",13,0,1,-3,27,1
"H",13,0,1,-4,9,0
"H",13,0,1,-5,6,0
"H",13,0,1,-6,2,0
"H",13,0,1,-7,1,0
"H",13,0,1,-9,1,0
"H",13,0,1,0,627,432
"H",13,0,2,-1,36,10
"H",13,0,2,-2,20,4
"H",13,0,2,-3,11,0
"H",13,0,2,-5,3,0
"H",13,0,2,-9,1,0
"H",13,0,2,0,170,126
"H",13,0,3,-1,7,2
"H",13,0,3,-2,4,1
"H",13,0,3,-3,5,1
"H",13,0,3,0,38,36
"H",13,0,4,-1,3,2
"H",13,0,4,-2,8,4
"H",13,0,4,-3,3,1
"H",13,0,4,0,36,31
"H",13,0,5,-1,5,2
"H",13,0,5,-2,1,0
"H",13,0,5,-3,1,0
"H",13,0,5,0,6,6
"H",13,0,6,-1,2,2
"H",13,0,6,-2,1,0
"H",13,0,6,-3,1,0
"H",13,0,6,-4,1,0
"H",13,0,6,0,16,16
"H",13,0,7,-2,1,0
"H",13,0,7,-5,1,0
"H",13,0,7,0,7,7
"H",13,0,8,0,18,18
"H",13,1,1,-1,80,10
"H",13,1,1,-10,1,0
"H",13,1,1,-2,44,2
"H",13,1,1,-3,13,0
"H",13,1,1,-4,9,0
"H",13,1,1,-5,3,0
"H",13,1,1,-6,2,0
"H",13,1,1,-7,1,0
"H",13,1,1,0,411,260
"H",13,1,2,-1,26,8
"H",13,1,2,-2,16,2
"H",13,1,2,-3,9,0
"H",13,1,2,-4,3,0
"H",13,1,2,-5,4,0
"H",13,1,2,-6,1,0
"H",13,1,2,-9,1,0
"H",13,1,2,0,162,100
"H",13,1,3,-1,21,4
"H",13,1,3,-2,4,0
"H",13,1,3,-3,2,0
"H",13,1,3,-5,1,0
"H",13,1,3,0,106,83
"H",13,1,4,-1,10,5
"H",13,1,4,-2,8,2
"H",13,1,4,-3,4,1
"H",13,1,4,-5,1,0
"H",13,1,4,0,84,65
"H",13,1,5,-1,12,6
"H",13,1,5,-2,1,0
"H",13,1,5,-3,1,0
"H",13,1,5,0,28,27
"H",13,1,6,-1,4,2
"H",13,1,6,-3,1,0
"H",13,1,6,-5,1,0
"H",13,1,6,0,33,30
"H",13,1,7,-1,1,1
"H",13,1,7,-2,5,1
"H",13,1,7,-5,1,0
"H",13,1,7,0,15,15
"H",13,1,8,-1,6,5
"H",13,1,8,-5,1,0
"H",13,1,8,0,41,39
"H",13,2,1,-1,63,1
"H",13,2,1,-10,1,0
"H",13,2,1,-2,35,0
"H",13,2,1,-3,11,0
"H",13,2,1,-4,7,0
"H",13,2,1,-6,1,0
"H",13,2,1,-7,1,0
"H",13,2,1,0,289,173
"H",13,2,2,-1,35,3
"H",13,2,2,-10,1,0
"H",13,2,2,-2,17,0
"H",13,2,2,-3,9,0
"H",13,2,2,-4,4,0
"H",13,2,2,-5,1,0
"H",13,2,2,-6,2,0
"H",13,2,2,-9,1,0
"H",13,2,2,0,160,97
"H",13,2,3,-1,14,0
"H",13,2,3,-10,1,0
"H",13,2,3,-2,7,0
"H",13,2,3,-3,7,0
"H",13,2,3,-4,2,0
"H",13,2,3,-5,1,0
"H",13,2,3,0,76,52
"H",13,2,4,-1,14,2
"H",13,2,4,-2,7,0
"H",13,2,4,-3,4,1
"H",13,2,4,-4,2,0
"H",13,2,4,-5,1,0
"H",13,2,4,0,88,62
"H",13,2,5,-1,15,3
"H",13,2,5,-10,1,0
"H",13,2,5,-2,2,0
"H",13,2,5,-3,4,0
"H",13,2,5,0,20,16
"H",13,2,6,-1,7,1
"H",13,2,6,-2,3,1
"H",13,2,6,-3,3,0
"H",13,2,6,-4,1,0
"H",13,2,6,0,27,14
"H",13,2,7,-1,1,0
"H",13,2,7,-2,3,0
"H",13,2,7,0,32,20
"H",13,2,8,-1,9,4
"H",13,2,8,-2,2,0
"H",13,2,8,-3,1,0
"H",13,2,8,-4,1,0
"H",13,2,8,-5,1,0
"H",13,2,8,0,42,32
"H",14,0,1,-1,59,11
"H",14,0,1,-2,33,3
"H",14,0,1,-3,13,1
"H",14,0,1,-4,4,0
"H",14,0,1,-5,2,0
"H",14,0,1,-6,1,0
"H",14,0,1,-7,1,0
"H",14,0,1,-8,1,0
"H",14,0,1,0,344,245
"H",14,0,2,-1,17,5
"H",14,0,2,-2,11,2
"H",14,0,2,-3,4,0
"H",14,0,2,-4,1,0
"H",14,0,2,-6,1,0
"H",14,0,2,-7,1,0
"H",14,0,2,-8,1,0
"H",14,0,2,0,101,78
"H",14,0,3,-1,2,2
"H",14,0,3,-2,1,1
"H",14,0,3,-6,1,0
"H",14,0,3,0,21,21
"H",14,0,4,-1,1,0
"H",14,0,4,-2,3,0
"H",14,0,4,-3,1,0
"H",14,0,4,-8,1,0
"H",14,0,4,0,17,15
"H",14,0,5,-1,2,0
"H",14,0,5,0,6,5
"H",14,0,6,-1,3,3
"H",14,0,6,-2,1,0
"H",14,0,6,0,10,10
"H",14,0,7,-2,1,0
"H",14,0,7,0,2,2
"H",14,0,8,-2,1,0
"H",14,0,8,0,11,10
"H",14,1,1,-1,38,4
"H",14,1,1,-2,21,0
"H",14,1,1,-3,9,1
"H",14,1,1,-4,3,0
"H",14,1,1,-5,2,0
"H",14,1,1,0,213,138
"H",14,1,2,-1,18,4
"H",14,1,2,-2,10,2
"H",14,1,2,-3,6,1
"H",14,1,2,-4,2,0
"H",14,1,2,-6,1,0
"H",14,1,2,-7,1,0
"H",14,1,2,0,94,66
"H",14,1,3,-1,11,1
"H",14,1,3,-3,1,0
"H",14,1,3,-4,1,0
"H",14,1,3,-6,1,0
"H",14,1,3,0,63,49
"H",14,1,4,-1,4,2
"H",14,1,4,-2,3,0
"H",14,1,4,-3,1,1
"H",14,1,4,-4,1,0
"H",14,1,4,0,47,41
"H",14,1,5,-1,6,2
"H",14,1,5,-2,1,0
"H",14,1,5,0,18,16
"H",14,1,6,-1,5,3
"H",14,1,6,0,20,19
"H",14,1,7,-1,1,1
"H",14,1,7,-2,3,2
"H",14,1,7,0,13,12
"H",14,1,8,-2,1,0
"H",14,1,8,-3,1,0
"H",14,1,8,-4,1,0
"H",14,1,8,0,31,28
"H",14,2,1,-1,24,1
"H",14,2,1,-2,17,0
"H",14,2,1,-3,6,0
"H",14,2,1,-4,1,0
"H",14,2,1,-5,2,0
"H",14,2,1,0,145,87
"H",14,2,2,-1,14,0
"H",14,2,2,-2,7,0
"H",14,2,2,-3,8,0
"H",14,2,2,-4,1,0
"H",14,2,2,-5,2,0
"H",14,2,2,-6,1,0
"H",14,2,2,0,72,37
"H",14,2,3,-1,8,0
"H",14,2,3,-2,1,0
"H",14,2,3,-3,1,0
"H",14,2,3,-4,1,0
"H",14,2,3,-6,1,0
"H",14,2,3,0,37,26
"H",14,2,4,-1,7,1
"H",14,2,4,-2,7,0
"H",14,2,4,-4,1,0
"H",14,2,4,-5,1,0
"H",14,2,4,-6,1,0
"H",14,2,4,0,45,34
"H",14,2,5,-1,2,0
"H",14,2,5,-2,1,0
"H",14,2,5,0,11,6
"H",14,2,6,-1,2,1
"H",14,2,6,-2,1,0
"H",14,2,6,-3,1,1
"H",14,2,6,0,15,11
"H",14,2,7,-2,2,1
"H",14,2,7,0,14,11
"H",14,2,8,-2,1,0
"H",14,2,8,0,24,18
"H",15,0,1,-1,25,5
"H",15,0,1,-2,17,1
"H",15,0,1,-3,8,1
"H",15,0,1,-4,4,0
"H",15,0,1,-5,2,0
"H",15,0,1,-6,1,0
"H",15,0,1,-7,1,0
"H",15,0,1,0,177,125
"H",15,0,2,-1,6,2
"H",15,0,2,-2,5,0
"H",15,0,2,-3,5,1
"H",15,0,2,0,48,40
"H",15,0,3,-1,2,1
"H",15,0,3,-2,1,0
"H",15,0,3,0,6,6
"H",15,0,4,-1,2,2
"H",15,0,4,-2,1,1
"H",15,0,4,-3,4,1
"H",15,0,4,0,5,4
"H",15,0,5,-2,1,1
"H",15,0,5,0,4,4
"H",15,0,6,-1,1,0
"H",15,0,6,-2,1,1
"H",15,0,6,0,3,3
"H",15,0,7,-2,1,1
"H",15,0,7,0,4,4
"H",15,0,8,-1,1,1
"H",15,0,8,-3,1,0
"H",15,0,8,0,5,5
"H",15,1,1,-1,17,2
"H",15,1,1,-2,11,0
"H",15,1,1,-3,3,0
"H",15,1,1,-4,4,0
"H",15,1,1,-5,2,0
"H",15,1,1,-6,1,0
"H",15,1,1,-7,1,0
"H",15,1,1,0,123,79
"H",15,1,2,-1,7,1
"H",15,1,2,-2,6,0
"H",15,1,2,-3,3,0
"H",15,1,2,-6,1,0
"H",15,1,2,0,53,41
"H",15,1,3,-1,3,1
"H",15,1,3,-2,2,0
"H",15,1,3,0,30,24
"H",15,1,4,-1,2,1
"H",15,1,4,-2,3,0
"H",15,1,4,-3,3,0
"H",15,1,4,0,18,17
"H",15,1,5,0,5,4
"H",15,1,6,0,13,9
"H",15,1,7,-1,1,1
"H",15,1,7,-2,1,1
"H",15,1,7,0,4,4
"H",15,1,8,-1,1,1
"H",15,1,8,-3,1,0
"H",15,1,8,0,10,7
"H",15,2,1,-1,13,0
"H",15,2,1,-2,9,0
"H",15,2,1,-4,4,0
"H",15,2,1,-5,2,0
"H",15,2,1,-7,1,0
"H",15,2,1,0,82,47
"H",15,2,2,-1,7,0
"H",15,2,2,-2,5,0
"H",15,2,2,-3,2,0
"H",15,2,2,-4,1,0
"H",15,2,2,-6,1,0
"H",15,2,2,0,35,22
"H",15,2,3,-1,3,1
"H",15,2,3,-2,2,0
"H",15,2,3,-4,1,0
"H",15,2,3,0,24,18
"H",15,2,4,-1,2,1
"H",15,2,4,-3,4,0
"H",15,2,4,-4,1,0
"H",15,2,4,0,20,16
"H",15,2,5,-2,1,0
"H",15,2,5,0,13,9
"H",15,2,6,-1,1,1
"H",15,2,6,-2,1,0
"H",15,2,6,0,11,9
"H",15,2,7,-2,3,1
"H",15,2,7,0,7,7
"H",15,2,8,-3,2,0
"H",15,2,8,0,15,13
"H",16,0,1,-1,23,7
"H",16,0,1,-2,5,0
"H",16,0,1,-3,4,0
"H",16,0,1,-4,1,0
"H",16,0,1,-8,1,0
"H",16,0,1,0,100,72
"H",16,0,2,-1,8,3
"H",16,0,2,-3,2,0
"H",16,0,2,-4,1,0
"H",16,0,2,0,34,25
"H",16,0,3,-1,2,2
"H",16,0,3,-2,1,0
"H",16,0,3,-4,1,0
"H",16,0,3,0,8,7
"H",16,0,4,-1,1,0
"H",16,0,4,0,10,8
"H",16,0,5,0,3,3
"H",16,0,6,-1,1,1
"H",16,0,6,-2,1,0
"H",16,0,6,0,3,3
"H",16,0,8,-1,1,0
"H",16,0,8,0,5,5
"H",16,1,1,-1,12,1
"H",16,1,1,-2,4,0
"H",16,1,1,-3,2,0
"H",16,1,1,-8,1,0
"H",16,1,1,0,57,39
"H",16,1,2,-1,7,4
"H",16,1,2,-3,4,0
"H",16,1,2,-8,1,0
"H",16,1,2,0,12,10
"H",16,1,3,-1,3,1
"H",16,1,3,-4,1,0
"H",16,1,3,0,21,17
"H",16,1,4,-1,1,0
"H",16,1,4,-3,1,0
"H",16,1,4,0,13,8
"H",16,1,5,-1,1,1
"H",16,1,5,0,6,4
"H",16,1,6,-1,1,0
"H",16,1,6,0,8,6
"H",16,1,7,0,3,2
"H",16,1,8,-3,1,0
"H",16,1,8,0,4,3
"H",16,2,1,-1,11,0
"H",16,2,1,-2,4,0
"H",16,2,1,-3,1,0
"H",16,2,1,0,50,32
"H",16,2,2,-1,2,1
"H",16,2,2,-2,1,0
"H",16,2,2,-3,2,0
"H",16,2,2,-8,1,0
"H",16,2,2,0,20,13
"H",16,2,3,-1,2,1
"H",16,2,3,-3,2,0
"H",16,2,3,0,11,9
"H",16,2,4,-1,2,1
"H",16,2,4,-2,1,0
"H",16,2,4,-3,1,0
"H",16,2,4,0,16,9
"H",16,2,5,-1,2,0
"H",16,2,5,0,5,4
"H",16,2,6,-1,1,0
"H",16,2,6,0,8,6
"H",16,2,7,-1,2,0
"H",16,2,7,0,4,3
"H",16,2,8,-3,1,0
"H",16,2,8,0,10,8
"H",17,0,1,-1,8,2
"H",17,0,1,-2,4,0
"H",17,0,1,-3,1,1
"H",17,0,1,-5,1,0
"H",17,0,1,-6,1,0
"H",17,0,1,-7,1,0
"H",17,0,1,0,51,34
"H",17,0,2,-1,1,1
"H",17,0,2,-2,1,1
"H",17,0,2,-6,1,0
"H",17,0,2,0,14,8
"H",17,0,3,-3,1,1
"H",17,0,3,0,5,5
"H",17,0,4,-6,1,0
"H",17,0,4,0,5,4
"H",17,0,6,0,1,1
"H",17,0,7,-2,1,1
"H",17,0,7,0,1,1
"H",17,0,8,-6,1,0
"H",17,0,8,0,4,4
"H",17,1,1,-1,6,0
"H",17,1,1,-2,4,0
"H",17,1,1,-5,1,0
"H",17,1,1,-7,1,0
"H",17,1,1,0,30,19
"H",17,1,2,-1,1,0
"H",17,1,2,-5,1,0
"H",17,1,2,0,13,8
"H",17,1,3,-1,1,1
"H",17,1,3,-7,1,0
"H",17,1,3,0,13,8
"H",17,1,4,-5,1,0
"H",17,1,4,0,9,6
"H",17,1,5,-1,1,1
"H",17,1,5,0,2,2
"H",17,1,6,-7,1,0
"H",17,1,6,0,4,4
"H",17,1,8,-5,1,0
"H",17,1,8,-6,1,0
"H",17,1,8,0,7,7
"H",17,2,1,-1,5,0
"H",17,2,1,-2,4,0
"H",17,2,1,0,16,9
"H",17,2,2,-1,2,0
"H",17,2,2,-2,1,0
"H",17,2,2,0,10,7
"H",17,2,3,-1,2,0
"H",17,2,3,-2,1,0
"H",17,2,3,0,9,4
"H",17,2,4,-1,1,0
"H",17,2,4,-2,1,0
"H",17,2,4,0,7,3
"H",17,2,5,-1,1,1
"H",17,2,5,0,3,2
"H",17,2,6,-4,1,0
"H",17,2,6,0,2,2
"H",17,2,7,0,1,1
"H",17,2,8,-6,1,0
"H",17,2,8,0,3,2
"H",18,0,1,-1,3,0
"H",18,0,1,-2,5,1
"H",18,0,1,-5,1,0
"H",18,0,1,0,25,15
"H",18,0,2,-1,1,0
"H",18,0,2,-2,2,0
"H",18,0,2,0,3,3
"H",18,0,3,-2,1,1
"H",18,0,4,-2,1,0
"H",18,0,4,0,1,1
"H",18,0,6,-2,1,1
"H",18,0,8,0,1,1
"H",18,1,1,-1,2,0
"H",18,1,1,-2,2,0
"H",18,1,1,-5,1,0
"H",18,1,1,0,22,12
"H",18,1,2,-1,2,1
"H",18,1,2,-2,3,0
"H",18,1,2,0,6,4
"H",18,1,3,-5,1,0
"H",18,1,3,0,4,4
"H",18,1,4,-2,1,0
"H",18,1,4,0,2,2
"H",18,1,5,0,1,1
"H",18,1,6,-5,1,0
"H",18,1,6,0,1,1
"H",18,1,7,-2,1,0
"H",18,1,7,0,1,1
"H",18,1,8,0,1,1
"H",18,2,1,-1,2,0
"H",18,2,1,0,15,6
"H",18,2,2,-1,1,0
"H",18,2,2,0,7,3
"H",18,2,3,-1,1,0
"H",18,2,3,-2,1,0
"H",18,2,3,0,2,1
"H",18,2,4,-2,1,0
"H",18,2,4,0,1,1
"H",18,2,5,0,1,1
"H",18,2,6,-5,1,0
"H",18,2,6,0,2,2
"H",18,2,7,0,1,1
"H",18,2,8,-2,1,0
"H",19,0,1,-1,5,2
"H",19,0,1,-2,2,1
"H",19,0,1,-3,1,0
"H",19,0,1,0,12,6
"H",19,0,2,-1,1,1
"H",19,0,2,-2,1,1
"H",19,0,2,-3,1,0
"H",19,0,2,0,5,3
"H",19,0,3,-2,1,1
"H",19,0,3,0,1,1
"H",19,0,4,0,3,3
"H",19,0,6,-2,1,1
"H",19,0,8,-2,1,1
"H",19,0,8,0,2,2
"H",19,1,1,-1,4,1
"H",19,1,1,-2,1,0
"H",19,1,1,0,6,2
"H",19,1,2,-1,2,1
"H",19,1,2,-3,1,0
"H",19,1,2,0,2,1
"H",19,1,3,-1,1,1
"H",19,1,3,0,4,3
"H",19,1,4,-1,1,0
"H",19,1,4,-3,1,0
"H",19,1,4,0,3,2
"H",19,1,6,0,1,1
"H",19,1,7,0,1,1
"H",19,1,8,-3,1,0
"H",19,1,8,0,1,1
"H",19,2,1,-1,2,0
"H",19,2,1,-2,1,0
"H",19,2,1,0,5,1
"H",19,2,2,-1,1,0
"H",19,2,2,0,3,1
"H",19,2,3,-1,1,1
"H",19,2,3,0,3,3
"H",19,2,4,0,4,3
"H",19,2,6,0,1,1
"H",19,2,7,-1,1,0
"H",19,2,7,0,1,1
"H",20,0,1,-1,1,0
"H",20,0,1,-4,1,0
"H",20,0,1,0,6,2
"H",20,0,2,-1,1,0
"H",20,0,2,-4,1,0
"H",20,0,2,0,1,0
"H",20,0,4,-4,1,0
"H",20,1,1,0,5,2
"H",20,1,2,-1,1,0
"H",20,1,2,0,2,1
"H",20,1,3,-1,1,0
"H",20,1,4,-4,1,0
"H",20,2,1,0,4,1
"H",20,2,2,0,1,0
"H",20,2,3,-1,1,0
"H",20,2,4,0,1,0
"H",20,2,6,-4,1,0
"H",21,0,1,-1,1,0
"H",21,0,1,-2,2,0
"H",21,0,1,0,3,2
"H",21,0,2,-1,1,0
"H",21,0,2,-2,1,0
"H",21,0,2,0,1,1
"H",21,0,4,0,1,1
"H",21,0,8,0,1,1
"H",21,1,1,-2,1,0
"H",21,1,1,0,2,1
"H",21,1,2,0,1,1
"H",21,1,3,-1,1,0
"H",21,1,3,-2,1,0
"H",21,2,1,-2,1,0
"H",21,2,1,0,1,0
"H",21,2,2,0,2,1
"H",21,2,3,-2,1,0
"H",21,2,5,-1,1,0
"H",22,0,1,-1,1,0
"H",22,0,1,0,1,1
"H",22,1,1,-1,1,0
"H",22,1,1,0,1,1
"H",22,1,2,0,1,1
"H",22,1,4,0,1,1
"H",22,2,1,-1,1,0
"V",1,0,1,0,57441,26135
"V",1,0,1,1,427,226
"V",1,0,1,2,147,97
"V",1,0,1,3,89,68
"V",1,0,1,4,51,42
"V",1,0,1,5,12,11
"V",1,0,1,6,5,3
"V",1,0,1,7,2,2
"V",1,0,2,0,16979,8497
"V",1,0,2,1,485,290
"V",1,0,2,2,176,119
"V",1,0,2,3,71,51
"V",1,0,2,4,35,33
"V",1,0,2,5,10,10
"V",1,0,2,6,2,1
"V",1,0,2,7,2,2
"V",1,0,2,9,1,0
"V",1,0,3,0,3262,1701
"V",1,0,3,1,423,250
"V",1,0,3,2,164,109
"V",1,0,3,3,55,39
"V",1,0,3,4,26,22
"V",1,0,3,5,6,5
"V",1,0,3,6,3,2
"V",1,0,3,7,1,1
"V",1,0,3,8,1,0
"V",1,0,4,0,3270,1903
"V",1,0,4,1,398,254
"V",1,0,4,2,156,111
"V",1,0,4,3,47,33
"V",1,0,4,4,24,24
"V",1,0,4,5,6,6
"V",1,0,4,6,2,2
"V",1,0,4,7,1,1
"V",1,0,4,8,1,1
"V",1,0,5,0,819,465
"V",1,0,5,1,263,181
"V",1,0,5,2,82,52
"V",1,0,5,3,35,29
"V",1,0,5,4,13,13
"V",1,0,5,5,4,4
"V",1,0,5,8,1,0
"V",1,0,6,0,1331,780
"V",1,0,6,1,388,255
"V",1,0,6,2,122,94
"V",1,0,6,3,47,38
"V",1,0,6,4,9,8
"V",1,0,6,5,8,8
"V",1,0,6,6,2,2
"V",1,0,6,7,1,1
"V",1,0,7,0,660,416
"V",1,0,7,1,224,155
"V",1,0,7,2,86,67
"V",1,0,7,3,26,22
"V",1,0,7,4,8,5
"V",1,0,7,5,4,4
"V",1,0,7,6,1,1
"V",1,0,8,0,733,480
"V",1,0,8,1,236,174
"V",1,0,8,2,90,71
"V",1,0,8,3,32,27
"V",1,0,8,4,12,11
"V",1,0,8,5,7,6
"V",1,0,8,6,2,2
"V",1,0,8,7,1,1
"V",1,0,8,8,1,1
"V",1,1,1,0,37704,16089
"V",1,1,1,1,859,459
"V",1,1,1,10,1,1
"V",1,1,1,12,1,1
"V",1,1,1,2,530,341
"V",1,1,1,3,331,244
"V",1,1,1,4,135,108
"V",1,1,1,5,54,45
"V",1,1,1,6,16,13
"V",1,1,1,7,4,4
"V",1,1,1,9,3,3
"V",1,1,2,0,16364,7491
"V",1,1,2,1,1699,974
"V",1,1,2,12,1,1
"V",1,1,2,2,776,494
"V",1,1,2,3,306,231
"V",1,1,2,4,126,99
"V",1,1,2,5,60,54
"V",1,1,2,6,15,13
"V",1,1,2,7,3,3
"V",1,1,2,9,2,1
"V",1,1,3,0,6670,3174
"V",1,1,3,1,1240,712
"V",1,1,3,2,547,368
"V",1,1,3,3,236,169
"V",1,1,3,4,97,78
"V",1,1,3,5,36,33
"V",1,1,3,6,12,10
"V",1,1,3,7,6,6
"V",1,1,3,8,1,1
"V",1,1,3,9,1,1
"V",1,1,4,0,4691,2401
"V",1,1,4,1,1100,651
"V",1,1,4,2,557,374
"V",1,1,4,3,193,141
"V",1,1,4,4,110,93
"V",1,1,4,5,37,31
"V",1,1,4,6,13,12
"V",1,1,4,7,4,4
"V",1,1,4,8,1,1
"V",1,1,5,0,2147,1095
"V",1,1,5,1,856,513
"V",1,1,5,2,345,241
"V",1,1,5,3,151,117
"V",1,1,5,4,67,59
"V",1,1,5,5,16,15
"V",1,1,5,6,7,7
"V",1,1,5,7,2,2
"V",1,1,5,8,1,1
"V",1,1,6,0,2285,1189
"V",1,1,6,1,976,607
"V",1,1,6,2,393,270
"V",1,1,6,3,155,123
"V",1,1,6,4,53,48
"V",1,1,6,5,29,28
"V",1,1,6,6,6,5
"V",1,1,6,7,3,3
"V",1,1,6,9,1,1
"V",1,1,7,0,1811,1018
"V",1,1,7,1,629,423
"V",1,1,7,2,249,180
"V",1,1,7,3,114,100
"V",1,1,7,4,45,41
"V",1,1,7,5,13,12
"V",1,1,7,6,5,5
"V",1,1,7,7,3,3
"V",1,1,7,8,1,1
"V",1,1,8,0,1449,829
"V",1,1,8,1,612,400
"V",1,1,8,2,274,201
"V",1,1,8,3,100,84
"V",1,1,8,4,50,43
"V",1,1,8,5,14,14
"V",1,1,8,6,5,5
"V",1,1,8,7,2,2
"V",1,1,8,8,2,2
"V",1,2,1,0,27344,11177
"V",1,2,1,1,1874,952
"V",1,2,1,10,2,2
"V",1,2,1,2,1114,678
"V",1,2,1,3,595,419
"V",1,2,1,4,262,212
"V",1,2,1,5,94,81
"V",1,2,1,6,32,26
"V",1,2,1,7,10,10
"V",1,2,1,8,4,4
"V",1,2,1,9,4,4
"V",1,2,2,0,14099,5976
"V",1,2,2,1,2892,1541
"V",1,2,2,10,4,4
"V",1,2,2,2,1367,864
"V",1,2,2,3,692,503
"V",1,2,2,4,284,234
"V",1,2,2,5,117,107
"V",1,2,2,6,36,34
"V",1,2,2,7,17,17
"V",1,2,2,8,7,7
"V",1,2,2,9,5,4
"V",1,2,3,0,6640,2983
"V",1,2,3,1,2086,1103
"V",1,2,3,10,2,2
"V",1,2,3,11,1,1
"V",1,2,3,2,1085,721
"V",1,2,3,3,511,381
"V",1,2,3,4,248,194
"V",1,2,3,5,75,67
"V",1,2,3,6,36,34
"V",1,2,3,7,11,11
"V",1,2,3,8,9,9
"V",1,2,3,9,4,3
"V",1,2,4,0,4604,2041
"V",1,2,4,1,1683,893
"V",1,2,4,2,876,556
"V",1,2,4,3,414,310
"V",1,2,4,4,211,169
"V",1,2,4,5,74,67
"V",1,2,4,6,34,33
"V",1,2,4,7,11,11
"V",1,2,4,8,8,8
"V",1,2,4,9,1,1
"V",1,2,5,0,2681,1197
"V",1,2,5,1,1160,657
"V",1,2,5,2,575,370
"V",1,2,5,3,273,197
"V",1,2,5,4,114,91
"V",1,2,5,5,36,31
"V",1,2,5,6,9,9
"V",1,2,5,7,8,8
"V",1,2,5,8,1,1
"V",1,2,5,9,2,2
"V",1,2,6,0,2173,1033
"V",1,2,6,1,1123,647
"V",1,2,6,2,499,327
"V",1,2,6,3,242,180
"V",1,2,6,4,107,89
"V",1,2,6,5,40,36
"V",1,2,6,6,12,11
"V",1,2,6,7,11,11
"V",1,2,6,8,3,3
"V",1,2,6,9,1,1
"V",1,2,7,0,1324,657
"V",1,2,7,1,716,413
"V",1,2,7,2,351,239
"V",1,2,7,3,161,126
"V",1,2,7,4,75,62
"V",1,2,7,5,18,16
"V",1,2,7,6,15,15
"V",1,2,7,7,4,4
"V",1,2,7,8,1,1
"V",1,2,7,9,1,1
"V",1,2,8,0,1340,664
"V",1,2,8,1,735,434
"V",1,2,8,2,341,218
"V",1,2,8,3,189,149
"V",1,2,8,4,69,58
"V",1,2,8,5,27,23
"V",1,2,8,6,10,7
"V",1,2,8,7,2,2
"V",1,2,8,8,4,4
"V",2,0,1,-1,7697,2642
"V",2,0,1,-10,4,0
"V",2,0,1,-11,3,0
"V",2,0,1,-14,1,0
"V",2,0,1,-15,1,0
"V",2,0,1,-2,4083,989
"V",2,0,1,-3,1945,322
"V",2,0,1,-4,958,127
"V",2,0,1,-5,323,20
"V",2,0,1,-6,118,8
"V",2,0,1,-7,63,3
"V",2,0,1,-8,19,0
"V",2,0,1,-9,8,0
"V",2,0,1,0,29640,13684
"V",2,0,1,1,7341,4237
"V",2,0,1,10,2,2
"V",2,0,1,11,1,1
"V",2,0,1,12,1,1
"V",2,0,1,2,3607,2456
"V",2,0,1,3,1737,1339
"V",2,0,1,4,737,619
"V",2,0,1,5,301,273
"V",2,0,1,6,107,101
"V",2,0,1,7,41,40
"V",2,0,1,8,22,21
"V",2,0,1,9,12,12
"V",2,0,2,-1,2179,839
"V",2,0,2,-10,1,0
"V",2,0,2,-14,1,0
"V",2,0,2,-2,1160,297
"V",2,0,2,-3,578,115
"V",2,0,2,-4,262,38
"V",2,0,2,-5,78,5
"V",2,0,2,-6,31,2
"V",2,0,2,-7,16,0
"V",2,0,2,-8,3,0
"V",2,0,2,-9,4,0
"V",2,0,2,0,8169,4119
"V",2,0,2,1,2189,1323
"V",2,0,2,10,3,3
"V",2,0,2,12,1,1
"V",2,0,2,2,1042,756
"V",2,0,2,3,474,360
"V",2,0,2,4,196,166
"V",2,0,2,5,75,68
"V",2,0,2,6,43,41
"V",2,0,2,7,12,12
"V",2,0,2,8,12,12
"V",2,0,2,9,9,9
"V",2,0,3,-1,414,189
"V",2,0,3,-11,1,0
"V",2,0,3,-2,244,85
"V",2,0,3,-3,109,23
"V",2,0,3,-4,53,15
"V",2,0,3,-5,15,2
"V",2,0,3,-6,9,1
"V",2,0,3,-7,5,0
"V",2,0,3,-8,2,0
"V",2,0,3,0,1764,892
"V",2,0,3,1,627,393
"V",2,0,3,2,265,202
"V",2,0,3,3,109,82
"V",2,0,3,4,47,43
"V",2,0,3,5,26,24
"V",2,0,3,6,9,8
"V",2,0,3,7,2,2
"V",2,0,3,8,2,2
"V",2,0,3,9,2,2
"V",2,0,4,-1,457,187
"V",2,0,4,-2,283,86
"V",2,0,4,-3,127,25
"V",2,0,4,-4,65,7
"V",2,0,4,-5,23,2
"V",2,0,4,-6,7,1
"V",2,0,4,-7,6,0
"V",2,0,4,-8,1,0
"V",2,0,4,-9,2,0
"V",2,0,4,0,1665,911
"V",2,0,4,1,523,351
"V",2,0,4,10,2,2
"V",2,0,4,2,243,197
"V",2,0,4,3,104,80
"V",2,0,4,4,57,53
"V",2,0,4,5,28,28
"V",2,0,4,6,15,12
"V",2,0,4,7,5,5
"V",2,0,4,8,6,6
"V",2,0,4,9,3,3
"V",2,0,5,-1,126,52
"V",2,0,5,-2,65,17
"V",2,0,5,-3,24,6
"V",2,0,5,-4,14,2
"V",2,0,5,-5,5,0
"V",2,0,5,-6,2,0
"V",2,0,5,-7,1,0
"V",2,0,5,0,447,247
"V",2,0,5,1,225,140
"V",2,0,5,2,102,83
"V",2,0,5,3,49,41
"V",2,0,5,4,13,11
"V",2,0,5,5,9,9
"V",2,0,5,6,5,5
"V",2,0,5,7,1,1
"V",2,0,5,8,3,3
"V",2,0,6,-1,202,95
"V",2,0,6,-2,92,28
"V",2,0,6,-3,45,9
"V",2,0,6,-4,23,8
"V",2,0,6,-5,4,1
"V",2,0,6,-6,2,0
"V",2,0,6,-7,1,0
"V",2,0,6,0,639,386
"V",2,0,6,1,279,195
"V",2,0,6,2,122,97
"V",2,0,6,3,54,45
"V",2,0,6,4,27,26
"V",2,0,6,5,12,10
"V",2,0,6,6,6,6
"V",2,0,6,7,4,3
"V",2,0,6,8,1,1
"V",2,0,7,-1,125,59
"V",2,0,7,-2,51,12
"V",2,0,7,-3,33,7
"V",2,0,7,-4,21,5
"V",2,0,7,-5,4,0
"V",2,0,7,-6,4,0
"V",2,0,7,-7,2,0
"V",2,0,7,0,342,223
"V",2,0,7,1,169,120
"V",2,0,7,2,70,53
"V",2,0,7,3,23,20
"V",2,0,7,4,10,8
"V",2,0,7,5,7,7
"V",2,0,7,6,4,4
"V",2,0,7,7,2,2
"V",2,0,7,8,4,4
"V",2,0,8,-1,103,48
"V",2,0,8,-2,57,19
"V",2,0,8,-3,27,3
"V",2,0,8,-4,13,3
"V",2,0,8,-5,6,1
"V",2,0,8,-6,4,0
"V",2,0,8,-7,2,0
"V",2,0,8,0,333,190
"V",2,0,8,1,176,119
"V",2,0,8,2,79,67
"V",2,0,8,3,30,27
"V",2,0,8,4,25,23
"V",2,0,8,5,8,8
"V",2,0,8,6,6,5
"V",2,0,8,7,3,3
"V",2,0,8,8,2,2
"V",2,0,8,9,1,1
"V",2,1,1,-1,5133,1607
"V",2,1,1,-10,3,0
"V",2,1,1,-11,2,0
"V",2,1,1,-15,1,0
"V",2,1,1,-2,2694,608
"V",2,1,1,-3,1246,184
"V",2,1,1,-4,626,69
"V",2,1,1,-5,229,12
"V",2,1,1,-6,73,4
"V",2,1,1,-7,41,3
"V",2,1,1,-8,15,0
"V",2,1,1,-9,4,0
"V",2,1,1,0,19664,8591
"V",2,1,1,1,5363,3010
"V",2,1,1,10,5,5
"V",2,1,1,11,2,2
"V",2,1,1,2,2726,1792
"V",2,1,1,3,1350,1045
"V",2,1,1,4,570,481
"V",2,1,1,5,247,222
"V",2,1,1,6,80,76
"V",2,1,1,7,44,42
"V",2,1,1,8,20,19
"V",2,1,1,9,10,10
"V",2,1,2,-1,2320,796
"V",2,1,2,-10,1,0
"V",2,1,2,-14,1,0
"V",2,1,2,-2,1245,301
"V",2,1,2,-3,610,110
"V",2,1,2,-4,318,46
"V",2,1,2,-5,93,8
"V",2,1,2,-6,35,2
"V",2,1,2,-7,15,2
"V",2,1,2,-8,1,0
"V",2,1,2,-9,4,0
"V",2,1,2,0,8365,3896
"V",2,1,2,1,2759,1611
"V",2,1,2,10,2,2
"V",2,1,2,11,2,2
"V",2,1,2,12,1,1
"V",2,1,2,2,1426,962
"V",2,1,2,3,690,527
"V",2,1,2,4,291,243
"V",2,1,2,5,150,131
"V",2,1,2,6,75,69
"V",2,1,2,7,31,31
"V",2,1,2,8,16,13
"V",2,1,2,9,12,12
"V",2,1,3,-1,758,284
"V",2,1,3,-10,1,0
"V",2,1,3,-11,1,0
"V",2,1,3,-2,349,90
"V",2,1,3,-3,152,32
"V",2,1,3,-4,71,12
"V",2,1,3,-5,29,1
"V",2,1,3,-6,8,1
"V",2,1,3,-7,3,0
"V",2,1,3,-8,3,0
"V",2,1,3,0,3120,1534
"V",2,1,3,1,1395,853
"V",2,1,3,10,2,2
"V",2,1,3,2,727,517
"V",2,1,3,3,352,259
"V",2,1,3,4,177,147
"V",2,1,3,5,84,75
"V",2,1,3,6,39,36
"V",2,1,3,7,19,19
"V",2,1,3,8,7,7
"V",2,1,3,9,3,3
"V",2,1,4,-1,674,237
"V",2,1,4,-14,1,0
"V",2,1,4,-2,393,108
"V",2,1,4,-3,198,42
"V",2,1,4,-4,127,29
"V",2,1,4,-5,34,4
"V",2,1,4,-6,10,1
"V",2,1,4,-7,3,1
"V",2,1,4,-9,3,0
"V",2,1,4,0,2398,1204
"V",2,1,4,1,1084,666
"V",2,1,4,10,4,4
"V",2,1,4,11,1,1
"V",2,1,4,2,562,401
"V",2,1,4,3,289,232
"V",2,1,4,4,158,137
"V",2,1,4,5,77,70
"V",2,1,4,6,37,36
"V",2,1,4,7,16,16
"V",2,1,4,8,8,7
"V",2,1,4,9,8,8
"V",2,1,5,-1,275,116
"V",2,1,5,-2,120,36
"V",2,1,5,-3,50,12
"V",2,1,5,-4,26,3
"V",2,1,5,-5,7,0
"V",2,1,5,-7,2,0
"V",2,1,5,0,1094,528
"V",2,1,5,1,594,369
"V",2,1,5,10,2,2
"V",2,1,5,11,1,1
"V",2,1,5,2,297,224
"V",2,1,5,3,148,113
"V",2,1,5,4,78,71
"V",2,1,5,5,39,35
"V",2,1,5,6,27,27
"V",2,1,5,7,8,7
"V",2,1,5,8,4,4
"V",2,1,5,9,4,4
"V",2,1,6,-1,345,141
"V",2,1,6,-2,149,36
"V",2,1,6,-3,72,21
"V",2,1,6,-4,30,3
"V",2,1,6,-5,15,3
"V",2,1,6,-6,4,0
"V",2,1,6,-7,1,0
"V",2,1,6,0,1071,568
"V",2,1,6,1,580,383
"V",2,1,6,10,2,2
"V",2,1,6,2,285,207
"V",2,1,6,3,149,113
"V",2,1,6,4,88,77
"V",2,1,6,5,46,42
"V",2,1,6,6,16,13
"V",2,1,6,7,13,12
"V",2,1,6,8,9,9
"V",2,1,6,9,6,6
"V",2,1,7,-1,266,109
"V",2,1,7,-2,137,46
"V",2,1,7,-3,67,17
"V",2,1,7,-4,31,6
"V",2,1,7,-5,5,0
"V",2,1,7,-6,2,0
"V",2,1,7,-7,1,0
"V",2,1,7,0,960,528
"V",2,1,7,1,487,330
"V",2,1,7,10,1,1
"V",2,1,7,11,1,1
"V",2,1,7,2,246,183
"V",2,1,7,3,126,94
"V",2,1,7,4,73,66
"V",2,1,7,5,42,39
"V",2,1,7,6,22,20
"V",2,1,7,7,7,7
"V",2,1,7,8,5,5
"V",2,1,7,9,3,3
"V",2,1,8,-1,180,87
"V",2,1,8,-2,100,37
"V",2,1,8,-3,53,7
"V",2,1,8,-4,30,8
"V",2,1,8,-5,6,0
"V",2,1,8,-6,4,0
"V",2,1,8,-7,1,1
"V",2,1,8,0,702,402
"V",2,1,8,1,428,291
"V",2,1,8,2,186,147
"V",2,1,8,3,127,109
"V",2,1,8,4,84,78
"V",2,1,8,5,43,42
"V",2,1,8,6,21,19
"V",2,1,8,7,11,11
"V",2,1,8,8,8,8
"V",2,1,8,9,1,1
"V",2,2,1,-1,3862,1153
"V",2,2,1,-10,3,0
"V",2,2,1,-11,2,0
"V",2,2,1,-15,1,0
"V",2,2,1,-2,2061,440
"V",2,2,1,-3,943,123
"V",2,2,1,-4,421,39
"V",2,2,1,-5,167,7
"V",2,2,1,-6,58,3
"V",2,2,1,-7,32,1
"V",2,2,1,-8,14,0
"V",2,2,1,-9,3,0
"V",2,2,1,0,14876,6237
"V",2,2,1,1,4665,2500
"V",2,2,1,10,5,5
"V",2,2,1,11,2,2
"V",2,2,1,13,1,1
"V",2,2,1,2,2366,1554
"V",2,2,1,3,1183,913
"V",2,2,1,4,508,425
"V",2,2,1,5,252,222
"V",2,2,1,6,105,96
"V",2,2,1,7,70,66
"V",2,2,1,8,29,28
"V",2,2,1,9,12,12
"V",2,2,2,-1,2082,667
"V",2,2,2,-10,2,0
"V",2,2,2,-15,1,0
"V",2,2,2,-2,1101,250
"V",2,2,2,-3,556,75
"V",2,2,2,-4,250,26
"V",2,2,2,-5,90,6
"V",2,2,2,-6,32,2
"V",2,2,2,-7,21,1
"V",2,2,2,-8,1,0
"V",2,2,2,-9,2,0
"V",2,2,2,0,7589,3324
"V",2,2,2,1,3057,1695
"V",2,2,2,10,5,5
"V",2,2,2,11,5,5
"V",2,2,2,12,1,1
"V",2,2,2,13,1,1
"V",2,2,2,2,1576,1046
"V",2,2,2,3,882,699
"V",2,2,2,4,433,349
"V",2,2,2,5,245,210
"V",2,2,2,6,119,109
"V",2,2,2,7,63,60
"V",2,2,2,8,30,28
"V",2,2,2,9,16,15
"V",2,2,3,-1,925,309
"V",2,2,3,-2,403,90
"V",2,2,3,-3,177,25
"V",2,2,3,-4,76,14
"V",2,2,3,-5,31,2
"V",2,2,3,-6,9,1
"V",2,2,3,-7,9,0
"V",2,2,3,-8,3,0
"V",2,2,3,0,3449,1546
"V",2,2,3,1,1854,1053
"V",2,2,3,10,3,3
"V",2,2,3,11,1,1
"V",2,2,3,12,1,1
"V",2,2,3,2,1111,774
"V",2,2,3,3,597,453
"V",2,2,3,4,335,272
"V",2,2,3,5,183,155
"V",2,2,3,6,91,85
"V",2,2,3,7,37,35
"V",2,2,3,8,20,18
"V",2,2,3,9,13,13
"V",2,2,4,-1,725,247
"V",2,2,4,-14,1,0
"V",2,2,4,-2,424,104
"V",2,2,4,-3,215,41
"V",2,2,4,-4,101,12
"V",2,2,4,-5,37,7
"V",2,2,4,-6,17,3
"V",2,2,4,-7,8,0
"V",2,2,4,-9,2,0
"V",2,2,4,0,2601,1240
"V",2,2,4,1,1415,835
"V",2,2,4,10,4,4
"V",2,2,4,11,3,3
"V",2,2,4,12,1,1
"V",2,2,4,2,832,558
"V",2,2,4,3,452,350
"V",2,2,4,4,227,185
"V",2,2,4,5,128,111
"V",2,2,4,6,66,64
"V",2,2,4,7,32,31
"V",2,2,4,8,14,11
"V",2,2,4,9,7,6
"V",2,2,5,-1,345,129
"V",2,2,5,-2,177,37
"V",2,2,5,-3,63,10
"V",2,2,5,-4,39,5
"V",2,2,5,-5,8,0
"V",2,2,5,-6,3,0
"V",2,2,5,-7,1,0
"V",2,2,5,0,1277,578
"V",2,2,5,1,793,470
"V",2,2,5,10,3,3
"V",2,2,5,11,2,2
"V",2,2,5,2,432,316
"V",2,2,5,3,263,191
"V",2,2,5,4,164,130
"V",2,2,5,5,86,77
"V",2,2,5,6,41,36
"V",2,2,5,7,22,21
"V",2,2,5,8,14,14
"V",2,2,5,9,1,1
"V",2,2,6,-1,333,114
"V",2,2,6,-2,155,39
"V",2,2,6,-3,71,17
"V",2,2,6,-4,38,4
"V",2,2,6,-5,15,1
"V",2,2,6,-6,1,0
"V",2,2,6,-7,1,0
"V",2,2,6,-9,1,0
"V",2,2,6,0,1104,502
"V",2,2,6,1,725,419
"V",2,2,6,10,1,1
"V",2,2,6,12,2,2
"V",2,2,6,2,412,291
"V",2,2,6,3,266,203
"V",2,2,6,4,153,140
"V",2,2,6,5,78,72
"V",2,2,6,6,35,31
"V",2,2,6,7,27,25
"V",2,2,6,8,6,6
"V",2,2,6,9,7,7
"V",2,2,7,-1,242,76
"V",2,2,7,-2,123,35
"V",2,2,7,-3,66,10
"V",2,2,7,-4,27,2
"V",2,2,7,-5,13,1
"V",2,2,7,-6,4,0
"V",2,2,7,-7,1,0
"V",2,2,7,-9,1,0
"V",2,2,7,0,771,373
"V",2,2,7,1,537,333
"V",2,2,7,10,2,2
"V",2,2,7,11,2,2
"V",2,2,7,12,1,1
"V",2,2,7,13,1,1
"V",2,2,7,2,352,252
"V",2,2,7,3,164,128
"V",2,2,7,4,96,77
"V",2,2,7,5,56,50
"V",2,2,7,6,28,27
"V",2,2,7,7,11,10
"V",2,2,7,8,1,1
"V",2,2,7,9,8,8
"V",2,2,8,-1,204,69
"V",2,2,8,-2,110,35
"V",2,2,8,-3,75,14
"V",2,2,8,-4,31,7
"V",2,2,8,-5,8,0
"V",2,2,8,-6,5,1
"V",2,2,8,-7,1,0
"V",2,2,8,0,759,372
"V",2,2,8,1,488,287
"V",2,2,8,10,2,2
"V",2,2,8,11,1,1
"V",2,2,8,2,291,208
"V",2,2,8,3,200,150
"V",2,2,8,4,101,91
"V",2,2,8,5,59,48
"V",2,2,8,6,25,23
"V",2,2,8,7,10,9
"V",2,2,8,8,8,8
"V",2,2,8,9,7,7
"V",3,0,1,-1,9438,3152
"V",3,0,1,-10,29,0
"V",3,0,1,-11,11,0
"V",3,0,1,-12,1,0
"V",3,0,1,-13,1,0
"V",3,0,1,-14,2,0
"V",3,0,1,-15,1,0
"V",3,0,1,-16,2,0
"V",3,0,1,-2,5238,1203
"V",3,0,1,-3,2667,421
"V",3,0,1,-4,1436,157
"V",3,0,1,-5,727,48
"V",3,0,1,-6,405,23
"V",3,0,1,-7,189,6
"V",3,0,1,-8,125,3
"V",3,0,1,-9,48,0
"V",3,0,1,0,19700,9165
"V",3,0,1,1,8781,5182
"V",3,0,1,10,20,20
"V",3,0,1,11,9,9
"V",3,0,1,12,2,2
"V",3,0,1,13,2,2
"V",3,0,1,2,4625,3223
"V",3,0,1,3,2384,1893
"V",3,0,1,4,1171,999
"V",3,0,1,5,634,557
"V",3,0,1,6,331,320
"V",3,0,1,7,151,145
"V",3,0,1,8,70,69
"V",3,0,1,9,38,36
"V",3,0,2,-1,2404,911
"V",3,0,2,-10,3,0
"V",3,0,2,-11,3,0
"V",3,0,2,-12,1,0
"V",3,0,2,-13,1,0
"V",3,0,2,-15,1,0
"V",3,0,2,-2,1304,374
"V",3,0,2,-3,692,123
"V",3,0,2,-4,365,50
"V",3,0,2,-5,200,18
"V",3,0,2,-6,107,7
"V",3,0,2,-7,55,4
"V",3,0,2,-8,50,0
"V",3,0,2,-9,13,0
"V",3,0,2,0,4905,2494
"V",3,0,2,1,2350,1500
"V",3,0,2,10,9,9
"V",3,0,2,11,3,3
"V",3,0,2,12,1,1
"V",3,0,2,13,1,1
"V",3,0,2,2,1352,991
"V",3,0,2,3,730,601
"V",3,0,2,4,363,310
"V",3,0,2,5,183,164
"V",3,0,2,6,103,98
"V",3,0,2,7,53,52
"V",3,0,2,8,25,24
"V",3,0,2,9,15,15
"V",3,0,3,-1,486,202
"V",3,0,3,-10,4,0
"V",3,0,3,-2,254,76
"V",3,0,3,-3,119,26
"V",3,0,3,-4,49,10
"V",3,0,3,-5,34,2
"V",3,0,3,-6,19,0
"V",3,0,3,-7,7,0
"V",3,0,3,-8,5,1
"V",3,0,3,-9,2,0
"V",3,0,3,0,948,503
"V",3,0,3,1,588,403
"V",3,0,3,10,1,1
"V",3,0,3,2,370,276
"V",3,0,3,3,214,175
"V",3,0,3,4,131,113
"V",3,0,3,5,66,62
"V",3,0,3,6,38,36
"V",3,0,3,7,12,12
"V",3,0,3,8,7,7
"V",3,0,3,9,5,5
"V",3,0,4,-1,448,211
"V",3,0,4,-10,2,0
"V",3,0,4,-2,292,111
"V",3,0,4,-3,173,41
"V",3,0,4,-4,99,25
"V",3,0,4,-5,54,8
"V",3,0,4,-6,27,1
"V",3,0,4,-7,14,1
"V",3,0,4,-8,10,0
"V",3,0,4,-9,3,0
"V",3,0,4,0,866,504
"V",3,0,4,1,520,351
"V",3,0,4,10,1,1
"V",3,0,4,11,1,1
"V",3,0,4,12,1,1
"V",3,0,4,2,333,257
"V",3,0,4,3,181,156
"V",3,0,4,4,103,89
"V",3,0,4,5,47,42
"V",3,0,4,6,33,31
"V",3,0,4,7,12,12
"V",3,0,4,8,10,10
"V",3,0,4,9,5,5
"V",3,0,5,-1,110,51
"V",3,0,5,-2,52,16
"V",3,0,5,-3,21,4
"V",3,0,5,-4,16,5
"V",3,0,5,-5,5,1
"V",3,0,5,-6,2,0
"V",3,0,5,-7,3,0
"V",3,0,5,-8,2,0
"V",3,0,5,-9,1,0
"V",3,0,5,0,217,128
"V",3,0,5,1,157,109
"V",3,0,5,10,1,1
"V",3,0,5,11,1,1
"V",3,0,5,2,137,102
"V",3,0,5,3,88,70
"V",3,0,5,4,44,40
"V",3,0,5,5,23,20
"V",3,0,5,6,11,11
"V",3,0,5,7,4,4
"V",3,0,5,8,5,5
"V",3,0,6,-1,160,80
"V",3,0,6,-10,1,0
"V",3,0,6,-2,76,30
"V",3,0,6,-3,41,10
"V",3,0,6,-4,24,3
"V",3,0,6,-5,10,0
"V",3,0,6,-6,6,0
"V",3,0,6,-7,6,1
"V",3,0,6,-8,3,0
"V",3,0,6,-9,1,0
"V",3,0,6,0,358,218
"V",3,0,6,1,232,163
"V",3,0,6,10,3,3
"V",3,0,6,2,175,131
"V",3,0,6,3,109,95
"V",3,0,6,4,55,51
"V",3,0,6,5,29,27
"V",3,0,6,6,12,12
"V",3,0,6,7,8,8
"V",3,0,6,8,1,1
"V",3,0,6,9,2,2
"V",3,0,7,-1,105,54
"V",3,0,7,-10,2,0
"V",3,0,7,-11,1,0
"V",3,0,7,-2,51,24
"V",3,0,7,-3,30,8
"V",3,0,7,-4,15,4
"V",3,0,7,-5,8,0
"V",3,0,7,-6,2,0
"V",3,0,7,-7,3,0
"V",3,0,7,-8,6,0
"V",3,0,7,0,160,101
"V",3,0,7,1,129,98
"V",3,0,7,10,1,1
"V",3,0,7,11,1,1
"V",3,0,7,12,1,1
"V",3,0,7,2,103,85
"V",3,0,7,3,62,56
"V",3,0,7,4,33,32
"V",3,0,7,5,19,17
"V",3,0,7,6,11,11
"V",3,0,7,7,3,3
"V",3,0,7,8,2,2
"V",3,0,7,9,1,1
"V",3,0,8,-1,95,56
"V",3,0,8,-10,1,0
"V",3,0,8,-2,82,36
"V",3,0,8,-3,43,15
"V",3,0,8,-4,18,5
"V",3,0,8,-5,9,2
"V",3,0,8,-6,6,0
"V",3,0,8,-7,7,0
"V",3,0,8,-8,2,0
"V",3,0,8,-9,1,0
"V",3,0,8,0,191,131
"V",3,0,8,1,159,111
"V",3,0,8,10,1,1
"V",3,0,8,2,98,75
"V",3,0,8,3,61,51
"V",3,0,8,4,33,32
"V",3,0,8,5,18,18
"V",3,0,8,6,11,10
"V",3,0,8,7,10,10
"V",3,0,8,8,3,3
"V",3,0,8,9,1,1
"V",3,1,1,-1,6656,2057
"V",3,1,1,-10,22,0
"V",3,1,1,-11,8,0
"V",3,1,1,-14,2,0
"V",3,1,1,-16,2,0
"V",3,1,1,-2,3724,759
"V",3,1,1,-3,1860,271
"V",3,1,1,-4,1020,97
"V",3,1,1,-5,491,28
"V",3,1,1,-6,282,16
"V",3,1,1,-7,131,3
"V",3,1,1,-8,68,2
"V",3,1,1,-9,32,0
"V",3,1,1,0,14068,6245
"V",3,1,1,1,6255,3503
"V",3,1,1,10,13,13
"V",3,1,1,11,6,6
"V",3,1,1,12,2,2
"V",3,1,1,13,2,2
"V",3,1,1,2,3264,2208
"V",3,1,1,3,1762,1363
"V",3,1,1,4,946,796
"V",3,1,1,5,530,460
"V",3,1,1,6,268,257
"V",3,1,1,7,111,105
"V",3,1,1,8,52,52
"V",3,1,1,9,24,22
"V",3,1,2,-1,2718,946
"V",3,1,2,-10,7,0
"V",3,1,2,-11,5,0
"V",3,1,2,-12,1,0
"V",3,1,2,-13,1,0
"V",3,1,2,-15,1,0
"V",3,1,2,-2,1579,375
"V",3,1,2,-3,847,148
"V",3,1,2,-4,439,48
"V",3,1,2,-5,247,16
"V",3,1,2,-6,130,9
"V",3,1,2,-7,65,2
"V",3,1,2,-8,43,1
"V",3,1,2,-9,16,0
"V",3,1,2,0,5493,2617
"V",3,1,2,1,2900,1749
"V",3,1,2,10,11,11
"V",3,1,2,11,6,6
"V",3,1,2,12,2,2
"V",3,1,2,13,1,1
"V",3,1,2,14,1,1
"V",3,1,2,15,1,1
"V",3,1,2,2,1773,1265
"V",3,1,2,3,1031,814
"V",3,1,2,4,529,451
"V",3,1,2,5,291,256
"V",3,1,2,6,158,149
"V",3,1,2,7,80,73
"V",3,1,2,8,28,26
"V",3,1,2,9,15,15
"V",3,1,3,-1,1083,386
"V",3,1,3,-10,4,0
"V",3,1,3,-16,1,0
"V",3,1,3,-2,439,98
"V",3,1,3,-3,228,41
"V",3,1,3,-4,96,17
"V",3,1,3,-5,46,6
"V",3,1,3,-6,32,5
"V",3,1,3,-7,16,0
"V",3,1,3,-8,8,0
"V",3,1,3,-9,4,0
"V",3,1,3,0,2391,1191
"V",3,1,3,1,1356,869
"V",3,1,3,10,5,5
"V",3,1,3,11,2,2
"V",3,1,3,15,1,1
"V",3,1,3,2,831,608
"V",3,1,3,3,518,412
"V",3,1,3,4,286,239
"V",3,1,3,5,142,130
"V",3,1,3,6,79,74
"V",3,1,3,7,36,34
"V",3,1,3,8,19,19
"V",3,1,3,9,10,10
"V",3,1,4,-1,816,321
"V",3,1,4,-10,2,0
"V",3,1,4,-11,2,0
"V",3,1,4,-2,522,164
"V",3,1,4,-3,261,59
"V",3,1,4,-4,148,22
"V",3,1,4,-5,78,7
"V",3,1,4,-6,46,5
"V",3,1,4,-7,23,2
"V",3,1,4,-8,17,0
"V",3,1,4,-9,7,0
"V",3,1,4,0,1568,803
"V",3,1,4,1,981,636
"V",3,1,4,10,5,5
"V",3,1,4,11,2,2
"V",3,1,4,12,1,1
"V",3,1,4,13,1,1
"V",3,1,4,14,1,1
"V",3,1,4,15,1,1
"V",3,1,4,2,602,439
"V",3,1,4,3,423,345
"V",3,1,4,4,228,192
"V",3,1,4,5,120,109
"V",3,1,4,6,68,65
"V",3,1,4,7,43,38
"V",3,1,4,8,16,16
"V",3,1,4,9,9,9
"V",3,1,5,-1,311,135
"V",3,1,5,-2,146,38
"V",3,1,5,-3,53,10
"V",3,1,5,-4,32,4
"V",3,1,5,-5,16,1
"V",3,1,5,-6,9,0
"V",3,1,5,-7,8,0
"V",3,1,5,-8,2,0
"V",3,1,5,-9,4,0
"V",3,1,5,0,665,355
"V",3,1,5,1,548,369
"V",3,1,5,10,5,5
"V",3,1,5,11,2,2
"V",3,1,5,13,1,1
"V",3,1,5,2,413,308
"V",3,1,5,3,238,187
"V",3,1,5,4,139,121
"V",3,1,5,5,69,63
"V",3,1,5,6,42,38
"V",3,1,5,7,16,16
"V",3,1,5,8,6,6
"V",3,1,5,9,1,1
"V",3,1,6,-1,395,176
"V",3,1,6,-10,1,0
"V",3,1,6,-2,198,58
"V",3,1,6,-3,104,23
"V",3,1,6,-4,55,4
"V",3,1,6,-5,33,4
"V",3,1,6,-6,12,1
"V",3,1,6,-7,3,0
"V",3,1,6,-8,5,0
"V",3,1,6,-9,2,0
"V",3,1,6,0,742,416
"V",3,1,6,1,576,388
"V",3,1,6,10,6,6
"V",3,1,6,11,2,2
"V",3,1,6,12,1,1
"V",3,1,6,13,2,2
"V",3,1,6,2,436,325
"V",3,1,6,3,258,211
"V",3,1,6,4,153,129
"V",3,1,6,5,76,71
"V",3,1,6,6,27,26
"V",3,1,6,7,17,17
"V",3,1,6,8,14,14
"V",3,1,6,9,7,7
"V",3,1,7,-1,304,145
"V",3,1,7,-10,3,0
"V",3,1,7,-2,149,52
"V",3,1,7,-3,82,23
"V",3,1,7,-4,37,8
"V",3,1,7,-5,15,1
"V",3,1,7,-6,7,0
"V",3,1,7,-7,9,0
"V",3,1,7,-8,3,1
"V",3,1,7,0,605,357
"V",3,1,7,1,467,318
"V",3,1,7,10,2,2
"V",3,1,7,12,2,2
"V",3,1,7,13,1,1
"V",3,1,7,2,288,232
"V",3,1,7,3,193,162
"V",3,1,7,4,125,108
"V",3,1,7,5,49,47
"V",3,1,7,6,29,29
"V",3,1,7,7,17,17
"V",3,1,7,8,9,9
"V",3,1,7,9,7,7
"V",3,1,8,-1,247,113
"V",3,1,8,-10,1,0
"V",3,1,8,-2,132,53
"V",3,1,8,-3,62,21
"V",3,1,8,-4,38,8
"V",3,1,8,-5,17,2
"V",3,1,8,-6,12,2
"V",3,1,8,-7,11,1
"V",3,1,8,-8,6,0
"V",3,1,8,-9,1,0
"V",3,1,8,0,484,287
"V",3,1,8,1,404,276
"V",3,1,8,10,2,2
"V",3,1,8,11,1,1
"V",3,1,8,2,261,199
"V",3,1,8,3,156,131
"V",3,1,8,4,110,98
"V",3,1,8,5,50,48
"V",3,1,8,6,20,20
"V",3,1,8,7,14,14
"V",3,1,8,8,7,7
"V",3,1,8,9,2,2
"V",3,2,1,-1,5122,1496
"V",3,2,1,-10,14,0
"V",3,2,1,-11,5,0
"V",3,2,1,-14,2,0
"V",3,2,1,-16,1,0
"V",3,2,1,-2,2852,553
"V",3,2,1,-3,1377,169
"V",3,2,1,-4,769,66
"V",3,2,1,-5,372,19
"V",3,2,1,-6,218,10
"V",3,2,1,-7,92,3
"V",3,2,1,-8,53,1
"V",3,2,1,-9,22,0
"V",3,2,1,0,10828,4630
"V",3,2,1,1,4975,2724
"V",3,2,1,10,15,15
"V",3,2,1,11,9,9
"V",3,2,1,12,6,6
"V",3,2,1,13,4,4
"V",3,2,1,2,2743,1801
"V",3,2,1,3,1570,1211
"V",3,2,1,4,879,727
"V",3,2,1,5,516,448
"V",3,2,1,6,251,234
"V",3,2,1,7,111,109
"V",3,2,1,8,66,66
"V",3,2,1,9,30,27
"V",3,2,2,-1,2606,813
"V",3,2,2,-10,4,0
"V",3,2,2,-11,3,0
"V",3,2,2,-12,1,0
"V",3,2,2,-13,1,0
"V",3,2,2,-15,1,0
"V",3,2,2,-2,1457,298
"V",3,2,2,-3,805,114
"V",3,2,2,-4,434,42
"V",3,2,2,-5,239,13
"V",3,2,2,-6,123,8
"V",3,2,2,-7,76,3
"V",3,2,2,-8,41,1
"V",3,2,2,-9,14,0
"V",3,2,2,0,5354,2360
"V",3,2,2,1,3107,1769
"V",3,2,2,10,11,11
"V",3,2,2,11,11,11
"V",3,2,2,12,6,6
"V",3,2,2,13,2,2
"V",3,2,2,14,2,2
"V",3,2,2,15,1,1
"V",3,2,2,2,2023,1385
"V",3,2,2,3,1190,923
"V",3,2,2,4,703,607
"V",3,2,2,5,392,340
"V",3,2,2,6,202,190
"V",3,2,2,7,108,105
"V",3,2,2,8,50,49
"V",3,2,2,9,29,28
"V",3,2,3,-1,1313,417
"V",3,2,3,-10,5,0
"V",3,2,3,-16,1,0
"V",3,2,3,-2,594,125
"V",3,2,3,-3,276,45
"V",3,2,3,-4,141,19
"V",3,2,3,-5,68,7
"V",3,2,3,-6,28,2
"V",3,2,3,-7,15,0
"V",3,2,3,-8,6,0
"V",3,2,3,-9,5,0
"V",3,2,3,0,2778,1293
"V",3,2,3,1,1797,1031
"V",3,2,3,10,14,14
"V",3,2,3,11,7,7
"V",3,2,3,12,3,3
"V",3,2,3,13,1,1
"V",3,2,3,14,1,1
"V",3,2,3,15,1,1
"V",3,2,3,18,1,1
"V",3,2,3,2,1175,815
"V",3,2,3,3,774,623
"V",3,2,3,4,469,391
"V",3,2,3,5,265,240
"V",3,2,3,6,139,129
"V",3,2,3,7,63,55
"V",3,2,3,8,30,29
"V",3,2,3,9,14,14
"V",3,2,4,-1,975,323
"V",3,2,4,-10,3,0
"V",3,2,4,-11,2,0
"V",3,2,4,-12,1,0
"V",3,2,4,-2,573,123
"V",3,2,4,-3,338,50
"V",3,2,4,-4,195,21
"V",3,2,4,-5,106,11
"V",3,2,4,-6,64,3
"V",3,2,4,-7,31,0
"V",3,2,4,-8,13,1
"V",3,2,4,-9,10,0
"V",3,2,4,0,1883,880
"V",3,2,4,1,1286,740
"V",3,2,4,10,4,4
"V",3,2,4,11,6,6
"V",3,2,4,12,1,1
"V",3,2,4,14,1,1
"V",3,2,4,16,1,1
"V",3,2,4,2,901,639
"V",3,2,4,3,558,442
"V",3,2,4,4,344,292
"V",3,2,4,5,190,162
"V",3,2,4,6,100,95
"V",3,2,4,7,67,61
"V",3,2,4,8,34,33
"V",3,2,4,9,15,14
"V",3,2,5,-1,466,155
"V",3,2,5,-2,204,34
"V",3,2,5,-3,108,18
"V",3,2,5,-4,49,8
"V",3,2,5,-5,35,1
"V",3,2,5,-6,23,1
"V",3,2,5,-7,5,0
"V",3,2,5,-8,6,0
"V",3,2,5,-9,2,0
"V",3,2,5,0,990,462
"V",3,2,5,1,808,486
"V",3,2,5,10,11,11
"V",3,2,5,11,3,3
"V",3,2,5,12,2,2
"V",3,2,5,15,2,2
"V",3,2,5,2,585,409
"V",3,2,5,3,355,267
"V",3,2,5,4,212,181
"V",3,2,5,5,107,98
"V",3,2,5,6,56,52
"V",3,2,5,7,30,28
"V",3,2,5,8,16,16
"V",3,2,5,9,10,10
"V",3,2,6,-1,447,146
"V",3,2,6,-2,236,64
"V",3,2,6,-3,143,28
"V",3,2,6,-4,64,6
"V",3,2,6,-5,40,7
"V",3,2,6,-6,23,2
"V",3,2,6,-7,7,1
"V",3,2,6,-8,7,0
"V",3,2,6,-9,2,0
"V",3,2,6,0,939,452
"V",3,2,6,1,714,425
"V",3,2,6,10,4,4
"V",3,2,6,11,4,4
"V",3,2,6,15,1,1
"V",3,2,6,2,551,369
"V",3,2,6,3,332,273
"V",3,2,6,4,212,180
"V",3,2,6,5,118,104
"V",3,2,6,6,58,57
"V",3,2,6,7,28,27
"V",3,2,6,8,13,12
"V",3,2,6,9,7,6
"V",3,2,7,-1,279,114
"V",3,2,7,-10,1,0
"V",3,2,7,-15,1,0
"V",3,2,7,-2,139,41
"V",3,2,7,-3,82,12
"V",3,2,7,-4,32,0
"V",3,2,7,-5,20,2
"V",3,2,7,-6,12,1
"V",3,2,7,-7,15,1
"V",3,2,7,-8,6,0
"V",3,2,7,0,572,296
"V",3,2,7,1,459,275
"V",3,2,7,10,3,2
"V",3,2,7,11,3,3
"V",3,2,7,12,1,1
"V",3,2,7,16,1,1
"V",3,2,7,2,310,223
"V",3,2,7,3,214,178
"V",3,2,7,4,158,133
"V",3,2,7,5,68,61
"V",3,2,7,6,44,42
"V",3,2,7,7,26,23
"V",3,2,7,8,11,11
"V",3,2,7,9,6,6
"V",3,2,8,-1,284,115
"V",3,2,8,-10,1,0
"V",3,2,8,-2,166,42
"V",3,2,8,-3,90,18
"V",3,2,8,-4,55,12
"V",3,2,8,-5,31,6
"V",3,2,8,-6,17,1
"V",3,2,8,-7,9,1
"V",3,2,8,-8,4,0
"V",3,2,8,-9,1,0
"V",3,2,8,0,571,292
"V",3,2,8,1,449,288
"V",3,2,8,10,2,2
"V",3,2,8,11,2,2
"V",3,2,8,12,1,1
"V",3,2,8,2,306,214
"V",3,2,8,3,179,149
"V",3,2,8,4,140,116
"V",3,2,8,5,68,65
"V",3,2,8,6,34,31
"V",3,2,8,7,21,19
"V",3,2,8,8,13,13
"V",3,2,8,9,9,9
"V",4,0,1,-1,8802,2946
"V",4,0,1,-10,54,0
"V",4,0,1,-11,30,1
"V",4,0,1,-12,20,0
"V",4,0,1,-13,7,0
"V",4,0,1,-14,2,0
"V",4,0,1,-15,1,0
"V",4,0,1,-16,1,0
"V",4,0,1,-17,2,0
"V",4,0,1,-18,1,0
"V",4,0,1,-2,5861,1305
"V",4,0,1,-3,3699,534
"V",4,0,1,-4,2356,219
"V",4,0,1,-5,1368,94
"V",4,0,1,-6,740,34
"V",4,0,1,-7,340,5
"V",4,0,1,-8,200,2
"V",4,0,1,-9,101,1
"V",4,0,1,0,14500,6777
"V",4,0,1,1,8282,5025
"V",4,0,1,10,42,42
"V",4,0,1,11,20,20
"V",4,0,1,12,12,12
"V",4,0,1,13,6,6
"V",4,0,1,14,3,3
"V",4,0,1,15,1,1
"V",4,0,1,18,1,1
"V",4,0,1,2,5245,3718
"V",4,0,1,3,3210,2611
"V",4,0,1,4,1874,1650
"V",4,0,1,5,1057,965
"V",4,0,1,6,556,521
"V",4,0,1,7,273,261
"V",4,0,1,8,133,131
"V",4,0,1,9,77,75
"V",4,0,2,-1,2420,907
"V",4,0,2,-10,13,0
"V",4,0,2,-11,7,1
"V",4,0,2,-12,5,0
"V",4,0,2,-13,2,0
"V",4,0,2,-16,1,0
"V",4,0,2,-18,1,0
"V",4,0,2,-2,1662,423
"V",4,0,2,-3,1074,201
"V",4,0,2,-4,660,90
"V",4,0,2,-5,372,18
"V",4,0,2,-6,205,10
"V",4,0,2,-7,107,0
"V",4,0,2,-8,58,1
"V",4,0,2,-9,25,0
"V",4,0,2,0,3980,2033
"V",4,0,2,1,2350,1529
"V",4,0,2,10,14,14
"V",4,0,2,11,3,3
"V",4,0,2,12,2,2
"V",4,0,2,15,1,1
"V",4,0,2,2,1516,1137
"V",4,0,2,3,920,780
"V",4,0,2,4,534,474
"V",4,0,2,5,283,263
"V",4,0,2,6,142,131
"V",4,0,2,7,80,76
"V",4,0,2,8,47,47
"V",4,0,2,9,31,31
"V",4,0,3,-1,573,242
"V",4,0,3,-10,1,0
"V",4,0,3,-11,3,0
"V",4,0,3,-2,346,107
"V",4,0,3,-3,208,49
"V",4,0,3,-4,150,17
"V",4,0,3,-5,92,11
"V",4,0,3,-6,41,2
"V",4,0,3,-7,16,1
"V",4,0,3,-8,11,0
"V",4,0,3,-9,6,0
"V",4,0,3,0,924,517
"V",4,0,3,1,641,433
"V",4,0,3,10,3,3
"V",4,0,3,11,5,5
"V",4,0,3,12,2,2
"V",4,0,3,13,1,1
"V",4,0,3,2,409,312
"V",4,0,3,3,240,200
"V",4,0,3,4,139,131
"V",4,0,3,5,68,62
"V",4,0,3,6,50,48
"V",4,0,3,7,21,20
"V",4,0,3,8,16,15
"V",4,0,3,9,7,7
"V",4,0,4,-1,486,221
"V",4,0,4,-10,3,0
"V",4,0,4,-11,2,0
"V",4,0,4,-12,1,0
"V",4,0,4,-18,1,0
"V",4,0,4,-2,376,125
"V",4,0,4,-3,260,68
"V",4,0,4,-4,170,31
"V",4,0,4,-5,102,10
"V",4,0,4,-6,56,3
"V",4,0,4,-7,35,1
"V",4,0,4,-8,22,0
"V",4,0,4,-9,9,0
"V",4,0,4,0,779,453
"V",4,0,4,1,530,366
"V",4,0,4,10,4,4
"V",4,0,4,11,5,5
"V",4,0,4,2,331,256
"V",4,0,4,3,175,156
"V",4,0,4,4,119,109
"V",4,0,4,5,71,66
"V",4,0,4,6,30,29
"V",4,0,4,7,15,15
"V",4,0,4,8,12,12
"V",4,0,4,9,6,6
"V",4,0,5,-1,168,71
"V",4,0,5,-10,1,0
"V",4,0,5,-2,92,31
"V",4,0,5,-3,55,13
"V",4,0,5,-4,32,1
"V",4,0,5,-5,22,2
"V",4,0,5,-6,16,0
"V",4,0,5,-7,7,1
"V",4,0,5,-8,4,0
"V",4,0,5,-9,2,0
"V",4,0,5,0,254,143
"V",4,0,5,1,195,127
"V",4,0,5,10,1,1
"V",4,0,5,11,2,2
"V",4,0,5,2,117,86
"V",4,0,5,3,61,50
"V",4,0,5,4,41,36
"V",4,0,5,5,21,20
"V",4,0,5,6,11,11
"V",4,0,5,7,9,9
"V",4,0,5,8,6,6
"V",4,0,5,9,4,4
"V",4,0,6,-1,231,105
"V",4,0,6,-10,3,0
"V",4,0,6,-11,2,0
"V",4,0,6,-2,152,46
"V",4,0,6,-3,94,20
"V",4,0,6,-4,63,5
"V",4,0,6,-5,29,4
"V",4,0,6,-6,23,2
"V",4,0,6,-7,11,0
"V",4,0,6,-8,9,0
"V",4,0,6,0,361,212
"V",4,0,6,1,278,194
"V",4,0,6,10,2,2
"V",4,0,6,11,1,1
"V",4,0,6,2,134,102
"V",4,0,6,3,100,85
"V",4,0,6,4,54,50
"V",4,0,6,5,27,26
"V",4,0,6,6,14,14
"V",4,0,6,7,11,11
"V",4,0,6,8,6,6
"V",4,0,6,9,6,6
"V",4,0,7,-1,139,72
"V",4,0,7,-10,1,0
"V",4,0,7,-11,1,0
"V",4,0,7,-2,83,32
"V",4,0,7,-3,53,12
"V",4,0,7,-4,33,5
"V",4,0,7,-5,16,0
"V",4,0,7,-6,8,1
"V",4,0,7,-7,11,0
"V",4,0,7,-8,1,0
"V",4,0,7,-9,3,0
"V",4,0,7,0,200,119
"V",4,0,7,1,120,94
"V",4,0,7,12,2,2
"V",4,0,7,2,92,75
"V",4,0,7,3,59,55
"V",4,0,7,4,38,35
"V",4,0,7,5,31,29
"V",4,0,7,6,11,10
"V",4,0,7,7,10,10
"V",4,0,7,8,1,1
"V",4,0,7,9,1,1
"V",4,0,8,-1,130,71
"V",4,0,8,-10,2,0
"V",4,0,8,-2,88,34
"V",4,0,8,-3,62,27
"V",4,0,8,-4,44,9
"V",4,0,8,-5,15,1
"V",4,0,8,-6,10,3
"V",4,0,8,-7,9,0
"V",4,0,8,-8,3,0
"V",4,0,8,-9,3,0
"V",4,0,8,0,177,128
"V",4,0,8,1,152,117
"V",4,0,8,10,1,1
"V",4,0,8,2,86,73
"V",4,0,8,3,57,54
"V",4,0,8,4,37,35
"V",4,0,8,5,35,34
"V",4,0,8,6,16,15
"V",4,0,8,7,9,9
"V",4,0,8,8,4,4
"V",4,0,8,9,2,2
"V",4,1,1,-1,5946,1806
"V",4,1,1,-10,41,0
"V",4,1,1,-11,20,0
"V",4,1,1,-12,14,0
"V",4,1,1,-13,5,0
"V",4,1,1,-14,2,0
"V",4,1,1,-15,1,0
"V",4,1,1,-17,2,0
"V",4,1,1,-2,3925,775
"V",4,1,1,-3,2425,279
"V",4,1,1,-4,1555,109
"V",4,1,1,-5,904,62
"V",4,1,1,-6,480,22
"V",4,1,1,-7,214,3
"V",4,1,1,-8,128,1
"V",4,1,1,-9,67,1
"V",4,1,1,0,9800,4269
"V",4,1,1,1,5761,3333
"V",4,1,1,10,33,33
"V",4,1,1,11,12,12
"V",4,1,1,12,10,10
"V",4,1,1,13,6,6
"V",4,1,1,14,3,3
"V",4,1,1,16,1,1
"V",4,1,1,18,1,1
"V",4,1,1,19,1,1
"V",4,1,1,2,3726,2578
"V",4,1,1,3,2316,1847
"V",4,1,1,4,1361,1175
"V",4,1,1,5,801,733
"V",4,1,1,6,445,416
"V",4,1,1,7,218,210
"V",4,1,1,8,103,101
"V",4,1,1,9,59,57
"V",4,1,2,-1,2727,906
"V",4,1,2,-10,16,0
"V",4,1,2,-11,9,1
"V",4,1,2,-12,6,0
"V",4,1,2,-13,2,0
"V",4,1,2,-14,2,0
"V",4,1,2,-2,1914,425
"V",4,1,2,-3,1200,168
"V",4,1,2,-4,765,78
"V",4,1,2,-5,418,30
"V",4,1,2,-6,217,11
"V",4,1,2,-7,103,3
"V",4,1,2,-8,60,1
"V",4,1,2,-9,29,0
"V",4,1,2,0,4404,2053
"V",4,1,2,1,2766,1693
"V",4,1,2,10,16,16
"V",4,1,2,11,6,6
"V",4,1,2,12,7,7
"V",4,1,2,13,1,1
"V",4,1,2,14,1,1
"V",4,1,2,15,1,1
"V",4,1,2,2,1828,1335
"V",4,1,2,3,1153,953
"V",4,1,2,4,706,626
"V",4,1,2,5,385,355
"V",4,1,2,6,222,210
"V",4,1,2,7,133,127
"V",4,1,2,8,65,65
"V",4,1,2,9,36,34
"V",4,1,3,-1,1015,397
"V",4,1,3,-10,4,0
"V",4,1,3,-11,1,0
"V",4,1,3,-15,1,0
"V",4,1,3,-16,1,0
"V",4,1,3,-2,545,125
"V",4,1,3,-3,326,48
"V",4,1,3,-4,184,17
"V",4,1,3,-5,99,10
"V",4,1,3,-6,65,2
"V",4,1,3,-7,26,0
"V",4,1,3,-8,10,0
"V",4,1,3,-9,7,0
"V",4,1,3,0,1781,921
"V",4,1,3,1,1325,860
"V",4,1,3,10,14,14
"V",4,1,3,11,6,5
"V",4,1,3,13,3,3
"V",4,1,3,14,1,1
"V",4,1,3,2,954,719
"V",4,1,3,3,606,497
"V",4,1,3,4,366,324
"V",4,1,3,5,226,206
"V",4,1,3,6,125,115
"V",4,1,3,7,59,56
"V",4,1,3,8,43,42
"V",4,1,3,9,23,23
"V",4,1,4,-1,783,293
"V",4,1,4,-10,6,0
"V",4,1,4,-11,1,0
"V",4,1,4,-12,1,0
"V",4,1,4,-13,1,0
"V",4,1,4,-14,2,0
"V",4,1,4,-2,557,153
"V",4,1,4,-3,415,83
"V",4,1,4,-4,249,33
"V",4,1,4,-5,127,10
"V",4,1,4,-6,81,5
"V",4,1,4,-7,34,1
"V",4,1,4,-8,21,1
"V",4,1,4,-9,10,0
"V",4,1,4,0,1288,683
"V",4,1,4,1,944,629
"V",4,1,4,10,7,7
"V",4,1,4,11,4,4
"V",4,1,4,2,623,464
"V",4,1,4,3,399,333
"V",4,1,4,4,247,222
"V",4,1,4,5,165,149
"V",4,1,4,6,90,86
"V",4,1,4,7,51,50
"V",4,1,4,8,30,30
"V",4,1,4,9,19,18
"V",4,1,5,-1,419,188
"V",4,1,5,-10,2,0
"V",4,1,5,-11,1,0
"V",4,1,5,-2,185,55
"V",4,1,5,-3,116,23
"V",4,1,5,-4,77,8
"V",4,1,5,-5,61,7
"V",4,1,5,-6,23,2
"V",4,1,5,-7,8,0
"V",4,1,5,-8,9,0
"V",4,1,5,-9,2,0
"V",4,1,5,0,652,358
"V",4,1,5,1,524,337
"V",4,1,5,10,5,5
"V",4,1,5,11,5,5
"V",4,1,5,12,2,2
"V",4,1,5,2,389,294
"V",4,1,5,3,247,215
"V",4,1,5,4,149,132
"V",4,1,5,5,92,84
"V",4,1,5,6,61,60
"V",4,1,5,7,30,30
"V",4,1,5,8,21,21
"V",4,1,5,9,8,8
"V",4,1,6,-1,418,199
"V",4,1,6,-10,1,0
"V",4,1,6,-11,3,0
"V",4,1,6,-12,1,0
"V",4,1,6,-18,1,0
"V",4,1,6,-2,265,64
"V",4,1,6,-3,157,28
"V",4,1,6,-4,102,14
"V",4,1,6,-5,63,8
"V",4,1,6,-6,25,3
"V",4,1,6,-7,11,0
"V",4,1,6,-8,8,0
"V",4,1,6,-9,2,0
"V",4,1,6,0,632,353
"V",4,1,6,1,498,338
"V",4,1,6,10,3,3
"V",4,1,6,12,1,1
"V",4,1,6,13,1,1
"V",4,1,6,14,1,1
"V",4,1,6,2,343,267
"V",4,1,6,3,253,209
"V",4,1,6,4,146,133
"V",4,1,6,5,127,121
"V",4,1,6,6,62,60
"V",4,1,6,7,34,34
"V",4,1,6,8,19,18
"V",4,1,6,9,10,10
"V",4,1,7,-1,294,117
"V",4,1,7,-10,1,0
"V",4,1,7,-12,1,0
"V",4,1,7,-2,198,60
"V",4,1,7,-3,99,25
"V",4,1,7,-4,60,8
"V",4,1,7,-5,31,2
"V",4,1,7,-6,21,2
"V",4,1,7,-7,15,0
"V",4,1,7,-8,2,0
"V",4,1,7,-9,2,0
"V",4,1,7,0,531,280
"V",4,1,7,1,421,307
"V",4,1,7,10,3,3
"V",4,1,7,11,3,3
"V",4,1,7,12,2,2
"V",4,1,7,14,1,1
"V",4,1,7,2,282,226
"V",4,1,7,3,192,159
"V",4,1,7,4,139,129
"V",4,1,7,5,77,73
"V",4,1,7,6,45,43
"V",4,1,7,7,18,18
"V",4,1,7,8,14,14
"V",4,1,7,9,7,6
"V",4,1,8,-1,240,108
"V",4,1,8,-10,3,0
"V",4,1,8,-11,1,0
"V",4,1,8,-14,1,0
"V",4,1,8,-2,145,51
"V",4,1,8,-3,107,24
"V",4,1,8,-4,65,10
"V",4,1,8,-5,27,5
"V",4,1,8,-6,26,4
"V",4,1,8,-7,11,0
"V",4,1,8,-8,4,0
"V",4,1,8,-9,1,0
"V",4,1,8,0,438,250
"V",4,1,8,1,367,257
"V",4,1,8,10,1,1
"V",4,1,8,2,263,216
"V",4,1,8,3,167,145
"V",4,1,8,4,98,90
"V",4,1,8,5,78,76
"V",4,1,8,6,39,37
"V",4,1,8,7,23,23
"V",4,1,8,8,12,12
"V",4,1,8,9,9,8
"V",4,2,1,-1,4414,1237
"V",4,2,1,-10,28,0
"V",4,2,1,-11,11,0
"V",4,2,1,-12,11,0
"V",4,2,1,-13,5,0
"V",4,2,1,-15,1,0
"V",4,2,1,-17,2,0
"V",4,2,1,-2,2909,521
"V",4,2,1,-3,1798,188
"V",4,2,1,-4,1137,72
"V",4,2,1,-5,674,33
"V",4,2,1,-6,351,11
"V",4,2,1,-7,161,0
"V",4,2,1,-8,89,1
"V",4,2,1,-9,49,1
"V",4,2,1,0,7318,3029
"V",4,2,1,1,4642,2603
"V",4,2,1,10,43,43
"V",4,2,1,11,13,12
"V",4,2,1,12,13,13
"V",4,2,1,13,8,8
"V",4,2,1,14,2,2
"V",4,2,1,15,1,1
"V",4,2,1,16,1,1
"V",4,2,1,19,1,1
"V",4,2,1,2,3090,2095
"V",4,2,1,3,1972,1555
"V",4,2,1,4,1193,1020
"V",4,2,1,5,697,634
"V",4,2,1,6,393,369
"V",4,2,1,7,189,180
"V",4,2,1,8,108,105
"V",4,2,1,9,60,60
"V",4,2,2,-1,2525,781
"V",4,2,2,-10,14,0
"V",4,2,2,-11,8,1
"V",4,2,2,-12,6,0
"V",4,2,2,-13,2,0
"V",4,2,2,-15,1,0
"V",4,2,2,-17,1,0
"V",4,2,2,-2,1775,357
"V",4,2,2,-3,1103,130
"V",4,2,2,-4,722,50
"V",4,2,2,-5,389,22
"V",4,2,2,-6,213,7
"V",4,2,2,-7,105,2
"V",4,2,2,-8,53,1
"V",4,2,2,-9,32,1
"V",4,2,2,0,3969,1741
"V",4,2,2,1,2783,1616
"V",4,2,2,10,36,36
"V",4,2,2,11,15,15
"V",4,2,2,12,11,11
"V",4,2,2,13,2,2
"V",4,2,2,14,1,1
"V",4,2,2,15,1,1
"V",4,2,2,16,1,1
"V",4,2,2,2,1928,1359
"V",4,2,2,3,1303,1048
"V",4,2,2,4,820,716
"V",4,2,2,5,515,473
"V",4,2,2,6,332,316
"V",4,2,2,7,176,172
"V",4,2,2,8,85,83
"V",4,2,2,9,47,46
"V",4,2,3,-1,1199,369
"V",4,2,3,-10,5,0
"V",4,2,3,-11,3,0
"V",4,2,3,-13,1,0
"V",4,2,3,-2,629,125
"V",4,2,3,-3,374,54
"V",4,2,3,-4,236,14
"V",4,2,3,-5,136,11
"V",4,2,3,-6,89,0
"V",4,2,3,-7,35,0
"V",4,2,3,-8,22,0
"V",4,2,3,-9,5,0
"V",4,2,3,0,1993,921
"V",4,2,3,1,1558,961
"V",4,2,3,10,17,17
"V",4,2,3,11,13,13
"V",4,2,3,12,8,8
"V",4,2,3,13,4,4
"V",4,2,3,15,1,1
"V",4,2,3,2,1184,849
"V",4,2,3,3,848,699
"V",4,2,3,4,554,484
"V",4,2,3,5,347,312
"V",4,2,3,6,212,202
"V",4,2,3,7,100,97
"V",4,2,3,8,74,74
"V",4,2,3,9,35,35
"V",4,2,4,-1,927,322
"V",4,2,4,-10,5,0
"V",4,2,4,-11,4,0
"V",4,2,4,-12,2,0
"V",4,2,4,-17,1,0
"V",4,2,4,-2,676,149
"V",4,2,4,-3,450,69
"V",4,2,4,-4,287,25
"V",4,2,4,-5,165,14
"V",4,2,4,-6,89,1
"V",4,2,4,-7,43,1
"V",4,2,4,-8,19,1
"V",4,2,4,-9,20,1
"V",4,2,4,0,1403,682
"V",4,2,4,1,1209,763
"V",4,2,4,10,11,11
"V",4,2,4,11,5,5
"V",4,2,4,12,3,3
"V",4,2,4,13,3,3
"V",4,2,4,2,897,649
"V",4,2,4,3,565,462
"V",4,2,4,4,370,320
"V",4,2,4,5,231,204
"V",4,2,4,6,149,137
"V",4,2,4,7,89,85
"V",4,2,4,8,49,49
"V",4,2,4,9,20,20
"V",4,2,5,-1,491,161
"V",4,2,5,-10,2,0
"V",4,2,5,-12,1,0
"V",4,2,5,-15,1,0
"V",4,2,5,-2,293,54
"V",4,2,5,-3,169,21
"V",4,2,5,-4,98,15
"V",4,2,5,-5,61,3
"V",4,2,5,-6,38,3
"V",4,2,5,-7,19,0
"V",4,2,5,-8,12,0
"V",4,2,5,-9,5,0
"V",4,2,5,0,856,378
"V",4,2,5,1,702,424
"V",4,2,5,10,18,18
"V",4,2,5,11,4,4
"V",4,2,5,12,1,1
"V",4,2,5,13,3,3
"V",4,2,5,15,1,1
"V",4,2,5,2,498,331
"V",4,2,5,3,321,266
"V",4,2,5,4,218,196
"V",4,2,5,5,131,117
"V",4,2,5,6,79,75
"V",4,2,5,7,60,58
"V",4,2,5,8,31,31
"V",4,2,5,9,13,13
"V",4,2,6,-1,428,167
"V",4,2,6,-11,2,0
"V",4,2,6,-12,1,0
"V",4,2,6,-15,1,0
"V",4,2,6,-18,1,0
"V",4,2,6,-2,296,58
"V",4,2,6,-3,167,26
"V",4,2,6,-4,107,13
"V",4,2,6,-5,53,3
"V",4,2,6,-6,30,1
"V",4,2,6,-7,13,0
"V",4,2,6,-8,3,0
"V",4,2,6,-9,2,0
"V",4,2,6,0,700,335
"V",4,2,6,1,581,350
"V",4,2,6,10,6,6
"V",4,2,6,11,8,8
"V",4,2,6,12,2,2
"V",4,2,6,13,1,1
"V",4,2,6,15,2,2
"V",4,2,6,2,422,316
"V",4,2,6,3,306,255
"V",4,2,6,4,197,175
"V",4,2,6,5,166,153
"V",4,2,6,6,93,90
"V",4,2,6,7,42,41
"V",4,2,6,8,30,29
"V",4,2,6,9,10,10
"V",4,2,7,-1,309,116
"V",4,2,7,-10,3,0
"V",4,2,7,-11,1,1
"V",4,2,7,-13,1,0
"V",4,2,7,-2,190,42
"V",4,2,7,-3,107,20
"V",4,2,7,-4,81,12
"V",4,2,7,-5,50,7
"V",4,2,7,-6,23,3
"V",4,2,7,-7,11,0
"V",4,2,7,-8,6,1
"V",4,2,7,-9,1,0
"V",4,2,7,0,458,207
"V",4,2,7,1,442,276
"V",4,2,7,10,7,7
"V",4,2,7,11,2,2
"V",4,2,7,12,3,3
"V",4,2,7,2,304,227
"V",4,2,7,3,216,166
"V",4,2,7,4,157,134
"V",4,2,7,5,93,90
"V",4,2,7,6,56,53
"V",4,2,7,7,29,27
"V",4,2,7,8,10,10
"V",4,2,7,9,6,6
"V",4,2,8,-1,285,109
"V",4,2,8,-10,3,0
"V",4,2,8,-11,1,0
"V",4,2,8,-12,1,0
"V",4,2,8,-2,192,41
"V",4,2,8,-3,113,22
"V",4,2,8,-4,81,11
"V",4,2,8,-5,33,4
"V",4,2,8,-6,19,0
"V",4,2,8,-7,15,0
"V",4,2,8,-8,2,0
"V",4,2,8,-9,1,0
"V",4,2,8,0,417,206
"V",4,2,8,1,414,255
"V",4,2,8,10,4,4
"V",4,2,8,11,1,1
"V",4,2,8,13,1,1
"V",4,2,8,2,302,214
"V",4,2,8,3,199,162
"V",4,2,8,4,145,123
"V",4,2,8,5,94,87
"V",4,2,8,6,57,56
"V",4,2,8,7,30,29
"V",4,2,8,8,15,14
"V",4,2,8,9,13,12
"V",5,0,1,-1,8405,2725
"V",5,0,1,-10,111,1
"V",5,0,1,-11,69,1
"V",5,0,1,-12,33,0
"V",5,0,1,-13,16,0
"V",5,0,1,-14,13,0
"V",5,0,1,-15,3,0
"V",5,0,1,-16,1,0
"V",5,0,1,-17,6,0
"V",5,0,1,-18,2,0
"V",5,0,1,-19,1,0
"V",5,0,1,-2,6336,1290
"V",5,0,1,-3,4171,535
"V",5,0,1,-4,2627,179
"V",5,0,1,-5,1596,67
"V",5,0,1,-6,993,30
"V",5,0,1,-7,601,8
"V",5,0,1,-8,315,4
"V",5,0,1,-9,204,1
"V",5,0,1,0,10992,5096
"V",5,0,1,1,7846,4936
"V",5,0,1,10,71,71
"V",5,0,1,11,43,43
"V",5,0,1,12,22,22
"V",5,0,1,13,14,14
"V",5,0,1,14,3,3
"V",5,0,1,15,3,3
"V",5,0,1,18,1,1
"V",5,0,1,2,5341,3976
"V",5,0,1,3,3570,3007
"V",5,0,1,4,2188,1966
"V",5,0,1,5,1348,1274
"V",5,0,1,6,801,769
"V",5,0,1,7,423,414
"V",5,0,1,8,231,228
"V",5,0,1,9,134,133
"V",5,0,2,-1,2243,892
"V",5,0,2,-10,31,0
"V",5,0,2,-11,19,0
"V",5,0,2,-12,9,0
"V",5,0,2,-13,2,0
"V",5,0,2,-14,3,0
"V",5,0,2,-15,2,0
"V",5,0,2,-16,1,0
"V",5,0,2,-17,1,0
"V",5,0,2,-19,1,0
"V",5,0,2,-2,1710,446
"V",5,0,2,-3,1091,196
"V",5,0,2,-4,667,51
"V",5,0,2,-5,464,27
"V",5,0,2,-6,283,8
"V",5,0,2,-7,141,2
"V",5,0,2,-8,89,3
"V",5,0,2,-9,59,1
"V",5,0,2,0,2927,1519
"V",5,0,2,1,2000,1332
"V",5,0,2,10,25,25
"V",5,0,2,11,14,14
"V",5,0,2,12,7,7
"V",5,0,2,13,6,6
"V",5,0,2,14,2,2
"V",5,0,2,15,1,1
"V",5,0,2,2,1460,1139
"V",5,0,2,3,1037,891
"V",5,0,2,4,690,634
"V",5,0,2,5,394,375
"V",5,0,2,6,252,240
"V",5,0,2,7,142,140
"V",5,0,2,8,63,62
"V",5,0,2,9,33,33
"V",5,0,3,-1,448,190
"V",5,0,3,-10,8,0
"V",5,0,3,-11,5,0
"V",5,0,3,-12,3,0
"V",5,0,3,-18,1,0
"V",5,0,3,-2,326,85
"V",5,0,3,-3,211,42
"V",5,0,3,-4,145,14
"V",5,0,3,-5,80,6
"V",5,0,3,-6,46,3
"V",5,0,3,-7,28,0
"V",5,0,3,-8,19,0
"V",5,0,3,-9,20,0
"V",5,0,3,0,662,357
"V",5,0,3,1,460,350
"V",5,0,3,10,6,6
"V",5,0,3,11,7,7
"V",5,0,3,12,1,1
"V",5,0,3,13,1,1
"V",5,0,3,2,376,307
"V",5,0,3,3,252,220
"V",5,0,3,4,183,173
"V",5,0,3,5,120,115
"V",5,0,3,6,69,67
"V",5,0,3,7,43,43
"V",5,0,3,8,27,27
"V",5,0,3,9,13,13
"V",5,0,4,-1,443,223
"V",5,0,4,-10,6,0
"V",5,0,4,-11,3,0
"V",5,0,4,-12,3,0
"V",5,0,4,-14,1,0
"V",5,0,4,-15,1,0
"V",5,0,4,-16,1,0
"V",5,0,4,-19,1,0
"V",5,0,4,-2,435,154
"V",5,0,4,-3,283,64
"V",5,0,4,-4,184,23
"V",5,0,4,-5,118,15
"V",5,0,4,-6,72,0
"V",5,0,4,-7,29,1
"V",5,0,4,-8,24,2
"V",5,0,4,-9,18,0
"V",5,0,4,0,583,352
"V",5,0,4,1,386,282
"V",5,0,4,10,7,7
"V",5,0,4,11,4,4
"V",5,0,4,12,3,3
"V",5,0,4,13,1,1
"V",5,0,4,2,334,271
"V",5,0,4,3,247,215
"V",5,0,4,4,150,140
"V",5,0,4,5,103,98
"V",5,0,4,6,61,59
"V",5,0,4,7,47,45
"V",5,0,4,8,23,23
"V",5,0,4,9,14,14
"V",5,0,5,-1,111,49
"V",5,0,5,-13,2,0
"V",5,0,5,-2,76,22
"V",5,0,5,-3,57,12
"V",5,0,5,-4,29,5
"V",5,0,5,-5,20,3
"V",5,0,5,-6,11,0
"V",5,0,5,-7,7,1
"V",5,0,5,-8,6,0
"V",5,0,5,-9,4,0
"V",5,0,5,0,165,101
"V",5,0,5,1,137,95
"V",5,0,5,10,3,3
"V",5,0,5,11,1,1
"V",5,0,5,12,1,1
"V",5,0,5,15,1,1
"V",5,0,5,2,118,100
"V",5,0,5,3,90,76
"V",5,0,5,4,66,60
"V",5,0,5,5,31,30
"V",5,0,5,6,24,23
"V",5,0,5,7,10,10
"V",5,0,5,8,10,9
"V",5,0,5,9,3,3
"V",5,0,6,-1,164,89
"V",5,0,6,-10,3,0
"V",5,0,6,-11,2,0
"V",5,0,6,-2,134,48
"V",5,0,6,-3,85,18
"V",5,0,6,-4,54,8
"V",5,0,6,-5,29,0
"V",5,0,6,-6,25,3
"V",5,0,6,-7,4,1
"V",5,0,6,-8,8,0
"V",5,0,6,-9,3,0
"V",5,0,6,0,232,148
"V",5,0,6,1,191,160
"V",5,0,6,10,4,4
"V",5,0,6,11,4,4
"V",5,0,6,12,1,1
"V",5,0,6,2,156,131
"V",5,0,6,3,118,104
"V",5,0,6,4,88,80
"V",5,0,6,5,50,50
"V",5,0,6,6,24,23
"V",5,0,6,7,17,17
"V",5,0,6,8,14,13
"V",5,0,6,9,5,5
"V",5,0,7,-1,102,54
"V",5,0,7,-10,1,0
"V",5,0,7,-2,88,33
"V",5,0,7,-3,47,16
"V",5,0,7,-4,33,3
"V",5,0,7,-5,14,3
"V",5,0,7,-6,14,0
"V",5,0,7,-7,6,0
"V",5,0,7,-8,2,0
"V",5,0,7,-9,4,0
"V",5,0,7,0,119,83
"V",5,0,7,1,98,77
"V",5,0,7,10,5,5
"V",5,0,7,2,76,70
"V",5,0,7,3,78,76
"V",5,0,7,4,50,48
"V",5,0,7,5,30,26
"V",5,0,7,6,12,12
"V",5,0,7,7,13,13
"V",5,0,7,8,5,5
"V",5,0,7,9,7,7
"V",5,0,8,-1,105,65
"V",5,0,8,-10,2,0
"V",5,0,8,-15,1,0
"V",5,0,8,-2,93,40
"V",5,0,8,-3,52,16
"V",5,0,8,-4,46,8
"V",5,0,8,-5,26,3
"V",5,0,8,-6,11,0
"V",5,0,8,-7,3,0
"V",5,0,8,-8,6,0
"V",5,0,8,-9,1,0
"V",5,0,8,0,133,87
"V",5,0,8,1,101,91
"V",5,0,8,10,4,4
"V",5,0,8,12,1,1
"V",5,0,8,13,1,1
"V",5,0,8,14,1,1
"V",5,0,8,2,95,81
"V",5,0,8,3,68,64
"V",5,0,8,4,48,43
"V",5,0,8,5,30,29
"V",5,0,8,6,12,12
"V",5,0,8,7,15,15
"V",5,0,8,8,8,8
"V",5,0,8,9,7,7
"V",5,1,1,-1,5834,1676
"V",5,1,1,-10,70,1
"V",5,1,1,-11,45,0
"V",5,1,1,-12,20,0
"V",5,1,1,-13,12,0
"V",5,1,1,-14,10,0
"V",5,1,1,-15,1,0
"V",5,1,1,-17,5,0
"V",5,1,1,-18,1,0
"V",5,1,1,-2,4339,761
"V",5,1,1,-3,2881,293
"V",5,1,1,-4,1828,105
"V",5,1,1,-5,1045,32
"V",5,1,1,-6,665,18
"V",5,1,1,-7,437,6
"V",5,1,1,-8,208,1
"V",5,1,1,-9,124,0
"V",5,1,1,0,7599,3305
"V",5,1,1,1,5636,3399
"V",5,1,1,10,54,54
"V",5,1,1,11,35,35
"V",5,1,1,12,16,16
"V",5,1,1,13,12,12
"V",5,1,1,14,5,5
"V",5,1,1,15,2,2
"V",5,1,1,16,1,1
"V",5,1,1,18,2,2
"V",5,1,1,2,3795,2747
"V",5,1,1,3,2541,2105
"V",5,1,1,4,1549,1375
"V",5,1,1,5,1005,944
"V",5,1,1,6,593,570
"V",5,1,1,7,303,295
"V",5,1,1,8,166,164
"V",5,1,1,9,110,109
"V",5,1,2,-1,2482,813
"V",5,1,2,-10,25,1
"V",5,1,2,-11,27,0
"V",5,1,2,-12,7,0
"V",5,1,2,-13,5,0
"V",5,1,2,-14,4,0
"V",5,1,2,-17,3,0
"V",5,1,2,-2,1933,393
"V",5,1,2,-3,1276,170
"V",5,1,2,-4,802,53
"V",5,1,2,-5,510,23
"V",5,1,2,-6,319,10
"V",5,1,2,-7,174,5
"V",5,1,2,-8,96,1
"V",5,1,2,-9,59,0
"V",5,1,2,0,3144,1493
"V",5,1,2,1,2457,1566
"V",5,1,2,10,30,30
"V",5,1,2,11,25,25
"V",5,1,2,12,12,12
"V",5,1,2,13,9,9
"V",5,1,2,14,5,5
"V",5,1,2,15,3,3
"V",5,1,2,2,1747,1304
"V",5,1,2,3,1277,1087
"V",5,1,2,4,840,740
"V",5,1,2,5,518,491
"V",5,1,2,6,326,314
"V",5,1,2,7,174,169
"V",5,1,2,8,88,87
"V",5,1,2,9,62,61
"V",5,1,3,-1,1020,363
"V",5,1,3,-10,11,0
"V",5,1,3,-11,4,0
"V",5,1,3,-12,4,0
"V",5,1,3,-13,2,0
"V",5,1,3,-14,1,0
"V",5,1,3,-16,1,0
"V",5,1,3,-17,1,0
"V",5,1,3,-18,1,0
"V",5,1,3,-2,568,134
"V",5,1,3,-3,310,49
"V",5,1,3,-4,197,14
"V",5,1,3,-5,147,5
"V",5,1,3,-6,85,3
"V",5,1,3,-7,43,2
"V",5,1,3,-8,22,0
"V",5,1,3,-9,26,1
"V",5,1,3,0,1427,712
"V",5,1,3,1,1171,792
"V",5,1,3,10,21,21
"V",5,1,3,11,10,10
"V",5,1,3,12,3,3
"V",5,1,3,13,4,4
"V",5,1,3,14,3,3
"V",5,1,3,18,1,1
"V",5,1,3,2,902,704
"V",5,1,3,3,626,535
"V",5,1,3,4,412,379
"V",5,1,3,5,268,255
"V",5,1,3,6,176,172
"V",5,1,3,7,115,113
"V",5,1,3,8,64,63
"V",5,1,3,9,35,35
"V",5,1,4,-1,748,300
"V",5,1,4,-10,13,1
"V",5,1,4,-11,9,0
"V",5,1,4,-12,6,0
"V",5,1,4,-13,3,0
"V",5,1,4,-14,2,0
"V",5,1,4,-16,1,0
"V",5,1,4,-17,2,0
"V",5,1,4,-2,608,159
"V",5,1,4,-3,431,80
"V",5,1,4,-4,269,20
"V",5,1,4,-5,190,12
"V",5,1,4,-6,118,3
"V",5,1,4,-7,68,4
"V",5,1,4,-8,37,1
"V",5,1,4,-9,22,0
"V",5,1,4,0,945,498
"V",5,1,4,1,796,547
"V",5,1,4,10,18,18
"V",5,1,4,11,12,12
"V",5,1,4,12,4,4
"V",5,1,4,13,2,2
"V",5,1,4,14,1,1
"V",5,1,4,15,1,1
"V",5,1,4,2,634,504
"V",5,1,4,3,476,407
"V",5,1,4,4,290,257
"V",5,1,4,5,218,203
"V",5,1,4,6,140,137
"V",5,1,4,7,80,78
"V",5,1,4,8,42,42
"V",5,1,4,9,26,26
"V",5,1,5,-1,334,141
"V",5,1,5,-10,2,0
"V",5,1,5,-11,2,0
"V",5,1,5,-12,1,0
"V",5,1,5,-13,3,0
"V",5,1,5,-17,1,0
"V",5,1,5,-2,179,36
"V",5,1,5,-3,115,18
"V",5,1,5,-4,72,5
"V",5,1,5,-5,43,3
"V",5,1,5,-6,19,1
"V",5,1,5,-7,12,0
"V",5,1,5,-8,8,0
"V",5,1,5,-9,6,0
"V",5,1,5,0,500,273
"V",5,1,5,1,399,269
"V",5,1,5,10,12,12
"V",5,1,5,11,4,4
"V",5,1,5,14,2,2
"V",5,1,5,15,1,1
"V",5,1,5,2,353,291
"V",5,1,5,3,284,238
"V",5,1,5,4,190,175
"V",5,1,5,5,121,119
"V",5,1,5,6,82,74
"V",5,1,5,7,36,36
"V",5,1,5,8,23,23
"V",5,1,5,9,9,9
"V",5,1,6,-1,375,177
"V",5,1,6,-10,3,0
"V",5,1,6,-11,1,0
"V",5,1,6,-12,1,0
"V",5,1,6,-19,1,0
"V",5,1,6,-2,247,76
"V",5,1,6,-3,178,36
"V",5,1,6,-4,112,13
"V",5,1,6,-5,73,2
"V",5,1,6,-6,39,2
"V",5,1,6,-7,22,1
"V",5,1,6,-8,18,2
"V",5,1,6,-9,8,0
"V",5,1,6,0,453,260
"V",5,1,6,1,409,296
"V",5,1,6,10,8,8
"V",5,1,6,11,11,11
"V",5,1,6,12,5,5
"V",5,1,6,13,2,2
"V",5,1,6,18,1,1
"V",5,1,6,2,376,305
"V",5,1,6,3,268,230
"V",5,1,6,4,184,169
"V",5,1,6,5,124,122
"V",5,1,6,6,81,78
"V",5,1,6,7,32,31
"V",5,1,6,8,29,29
"V",5,1,6,9,15,15
"V",5,1,7,-1,283,143
"V",5,1,7,-10,2,0
"V",5,1,7,-11,2,0
"V",5,1,7,-14,1,0
"V",5,1,7,-2,235,80
"V",5,1,7,-3,117,30
"V",5,1,7,-4,68,6
"V",5,1,7,-5,47,7
"V",5,1,7,-6,35,0
"V",5,1,7,-7,18,1
"V",5,1,7,-8,6,0
"V",5,1,7,-9,10,0
"V",5,1,7,0,406,258
"V",5,1,7,1,385,280
"V",5,1,7,10,7,7
"V",5,1,7,11,8,8
"V",5,1,7,12,6,6
"V",5,1,7,13,1,1
"V",5,1,7,2,282,233
"V",5,1,7,3,267,234
"V",5,1,7,4,140,127
"V",5,1,7,5,112,105
"V",5,1,7,6,62,58
"V",5,1,7,7,39,38
"V",5,1,7,8,22,21
"V",5,1,7,9,14,14
"V",5,1,8,-1,248,122
"V",5,1,8,-10,5,1
"V",5,1,8,-11,1,0
"V",5,1,8,-13,2,0
"V",5,1,8,-14,2,0
"V",5,1,8,-2,164,46
"V",5,1,8,-3,127,37
"V",5,1,8,-4,68,3
"V",5,1,8,-5,52,5
"V",5,1,8,-6,25,0
"V",5,1,8,-7,15,0
"V",5,1,8,-8,14,0
"V",5,1,8,-9,7,0
"V",5,1,8,0,327,207
"V",5,1,8,1,306,217
"V",5,1,8,10,8,8
"V",5,1,8,11,5,5
"V",5,1,8,12,3,3
"V",5,1,8,13,2,2
"V",5,1,8,14,2,2
"V",5,1,8,2,260,215
"V",5,1,8,3,199,179
"V",5,1,8,4,129,117
"V",5,1,8,5,84,78
"V",5,1,8,6,54,53
"V",5,1,8,7,23,23
"V",5,1,8,8,18,18
"V",5,1,8,9,12,12
"V",5,2,1,-1,4479,1183
"V",5,2,1,-10,60,0
"V",5,2,1,-11,31,0
"V",5,2,1,-12,19,0
"V",5,2,1,-13,6,0
"V",5,2,1,-14,8,0
"V",5,2,1,-15,2,0
"V",5,2,1,-16,1,0
"V",5,2,1,-17,2,0
"V",5,2,1,-18,1,0
"V",5,2,1,-2,3325,535
"V",5,2,1,-3,2222,207
"V",5,2,1,-4,1365,66
"V",5,2,1,-5,786,22
"V",5,2,1,-6,484,11
"V",5,2,1,-7,340,1
"V",5,2,1,-8,166,0
"V",5,2,1,-9,91,0
"V",5,2,1,0,5936,2461
"V",5,2,1,1,4442,2596
"V",5,2,1,10,53,52
"V",5,2,1,11,36,36
"V",5,2,1,12,13,13
"V",5,2,1,13,15,15
"V",5,2,1,14,5,5
"V",5,2,1,15,6,6
"V",5,2,1,16,2,2
"V",5,2,1,18,1,1
"V",5,2,1,2,2931,2081
"V",5,2,1,3,2076,1696
"V",5,2,1,4,1328,1178
"V",5,2,1,5,922,858
"V",5,2,1,6,526,505
"V",5,2,1,7,289,281
"V",5,2,1,8,161,158
"V",5,2,1,9,93,92
"V",5,2,2,-1,2426,685
"V",5,2,2,-10,30,0
"V",5,2,2,-11,23,0
"V",5,2,2,-12,14,0
"V",5,2,2,-13,2,0
"V",5,2,2,-14,6,0
"V",5,2,2,-2,1866,326
"V",5,2,2,-3,1266,144
"V",5,2,2,-4,814,40
"V",5,2,2,-5,459,19
"V",5,2,2,-6,298,8
"V",5,2,2,-7,178,0
"V",5,2,2,-8,92,1
"V",5,2,2,-9,51,0
"V",5,2,2,0,3043,1330
"V",5,2,2,1,2546,1512
"V",5,2,2,10,40,39
"V",5,2,2,11,34,34
"V",5,2,2,12,17,17
"V",5,2,2,13,11,11
"V",5,2,2,14,7,7
"V",5,2,2,15,4,4
"V",5,2,2,16,4,4
"V",5,2,2,18,1,1
"V",5,2,2,2,1873,1345
"V",5,2,2,3,1372,1143
"V",5,2,2,4,994,872
"V",5,2,2,5,618,579
"V",5,2,2,6,389,368
"V",5,2,2,7,232,223
"V",5,2,2,8,120,119
"V",5,2,2,9,84,83
"V",5,2,3,-1,1167,351
"V",5,2,3,-10,11,0
"V",5,2,3,-11,8,0
"V",5,2,3,-12,3,0
"V",5,2,3,-13,3,0
"V",5,2,3,-14,2,0
"V",5,2,3,-16,2,0
"V",5,2,3,-17,1,0
"V",5,2,3,-18,1,0
"V",5,2,3,-2,725,147
"V",5,2,3,-3,379,36
"V",5,2,3,-4,248,15
"V",5,2,3,-5,152,6
"V",5,2,3,-6,85,3
"V",5,2,3,-7,49,2
"V",5,2,3,-8,22,0
"V",5,2,3,-9,24,0
"V",5,2,3,0,1624,737
"V",5,2,3,1,1478,925
"V",5,2,3,10,22,22
"V",5,2,3,11,23,23
"V",5,2,3,12,11,11
"V",5,2,3,13,8,8
"V",5,2,3,14,3,3
"V",5,2,3,15,5,5
"V",5,2,3,17,1,1
"V",5,2,3,19,1,1
"V",5,2,3,2,1030,768
"V",5,2,3,3,817,683
"V",5,2,3,4,604,535
"V",5,2,3,5,449,417
"V",5,2,3,6,255,250
"V",5,2,3,7,169,164
"V",5,2,3,8,89,88
"V",5,2,3,9,46,44
"V",5,2,4,-1,972,315
"V",5,2,4,-10,14,0
"V",5,2,4,-11,7,0
"V",5,2,4,-12,6,0
"V",5,2,4,-13,2,0
"V",5,2,4,-17,1,0
"V",5,2,4,-2,724,148
"V",5,2,4,-3,485,47
"V",5,2,4,-4,348,25
"V",5,2,4,-5,179,7
"V",5,2,4,-6,129,5
"V",5,2,4,-7,80,1
"V",5,2,4,-8,33,0
"V",5,2,4,-9,19,0
"V",5,2,4,0,1196,561
"V",5,2,4,1,1039,667
"V",5,2,4,10,20,20
"V",5,2,4,11,14,14
"V",5,2,4,12,10,10
"V",5,2,4,13,7,7
"V",5,2,4,14,2,2
"V",5,2,4,15,1,1
"V",5,2,4,16,3,3
"V",5,2,4,17,1,1
"V",5,2,4,18,1,1
"V",5,2,4,2,805,587
"V",5,2,4,3,635,529
"V",5,2,4,4,478,424
"V",5,2,4,5,301,281
"V",5,2,4,6,187,178
"V",5,2,4,7,107,103
"V",5,2,4,8,74,74
"V",5,2,4,9,46,46
"V",5,2,5,-1,493,174
"V",5,2,5,-10,6,0
"V",5,2,5,-11,4,0
"V",5,2,5,-12,2,0
"V",5,2,5,-13,3,0
"V",5,2,5,-2,265,46
"V",5,2,5,-3,159,12
"V",5,2,5,-4,114,10
"V",5,2,5,-5,80,3
"V",5,2,5,-6,28,0
"V",5,2,5,-7,20,0
"V",5,2,5,-8,13,0
"V",5,2,5,-9,9,1
"V",5,2,5,0,640,297
"V",5,2,5,1,574,357
"V",5,2,5,10,14,14
"V",5,2,5,11,9,9
"V",5,2,5,12,5,5
"V",5,2,5,13,2,2
"V",5,2,5,14,1,1
"V",5,2,5,16,1,1
"V",5,2,5,2,504,381
"V",5,2,5,3,407,328
"V",5,2,5,4,275,251
"V",5,2,5,5,156,149
"V",5,2,5,6,113,106
"V",5,2,5,7,72,69
"V",5,2,5,8,35,35
"V",5,2,5,9,17,17
"V",5,2,6,-1,418,134
"V",5,2,6,-10,3,0
"V",5,2,6,-11,3,0
"V",5,2,6,-12,1,0
"V",5,2,6,-2,305,76
"V",5,2,6,-3,220,34
"V",5,2,6,-4,141,7
"V",5,2,6,-5,81,4
"V",5,2,6,-6,42,0
"V",5,2,6,-7,27,1
"V",5,2,6,-8,13,0
"V",5,2,6,-9,5,0
"V",5,2,6,0,556,279
"V",5,2,6,1,519,317
"V",5,2,6,10,17,17
"V",5,2,6,11,12,12
"V",5,2,6,12,3,3
"V",5,2,6,13,1,1
"V",5,2,6,14,1,1
"V",5,2,6,15,2,2
"V",5,2,6,2,442,342
"V",5,2,6,3,326,268
"V",5,2,6,4,248,222
"V",5,2,6,5,161,148
"V",5,2,6,6,105,101
"V",5,2,6,7,61,58
"V",5,2,6,8,29,28
"V",5,2,6,9,20,19
"V",5,2,7,-1,267,98
"V",5,2,7,-10,5,0
"V",5,2,7,-11,1,0
"V",5,2,7,-13,1,0
"V",5,2,7,-2,209,55
"V",5,2,7,-3,138,26
"V",5,2,7,-4,75,9
"V",5,2,7,-5,50,0
"V",5,2,7,-6,44,2
"V",5,2,7,-7,21,1
"V",5,2,7,-8,15,1
"V",5,2,7,-9,8,0
"V",5,2,7,0,374,185
"V",5,2,7,1,352,235
"V",5,2,7,10,8,8
"V",5,2,7,11,4,4
"V",5,2,7,12,2,2
"V",5,2,7,13,2,2
"V",5,2,7,15,1,1
"V",5,2,7,2,285,212
"V",5,2,7,3,247,210
"V",5,2,7,4,151,140
"V",5,2,7,5,94,87
"V",5,2,7,6,69,66
"V",5,2,7,7,40,38
"V",5,2,7,8,29,29
"V",5,2,7,9,21,21
"V",5,2,8,-1,262,79
"V",5,2,8,-10,7,0
"V",5,2,8,-11,2,0
"V",5,2,8,-12,1,0
"V",5,2,8,-13,1,0
"V",5,2,8,-2,222,46
"V",5,2,8,-3,130,16
"V",5,2,8,-4,91,8
"V",5,2,8,-5,46,1
"V",5,2,8,-6,35,3
"V",5,2,8,-7,27,0
"V",5,2,8,-8,11,0
"V",5,2,8,-9,4,0
"V",5,2,8,0,368,190
"V",5,2,8,1,354,235
"V",5,2,8,10,12,12
"V",5,2,8,11,5,5
"V",5,2,8,13,2,2
"V",5,2,8,14,1,1
"V",5,2,8,2,272,208
"V",5,2,8,3,200,170
"V",5,2,8,4,151,141
"V",5,2,8,5,98,91
"V",5,2,8,6,61,59
"V",5,2,8,7,31,31
"V",5,2,8,8,27,27
"V",5,2,8,9,15,15
"V",6,0,1,-1,7583,2275
"V",6,0,1,-10,175,0
"V",6,0,1,-11,108,0
"V",6,0,1,-12,74,0
"V",6,0,1,-13,27,0
"V",6,0,1,-14,20,0
"V",6,0,1,-15,15,0
"V",6,0,1,-16,5,0
"V",6,0,1,-17,7,0
"V",6,0,1,-18,2,0
"V",6,0,1,-19,2,0
"V",6,0,1,-2,5988,1115
"V",6,0,1,-3,4435,539
"V",6,0,1,-4,3100,173
"V",6,0,1,-5,1998,79
"V",6,0,1,-6,1373,22
"V",6,0,1,-7,902,18
"V",6,0,1,-8,483,4
"V",6,0,1,-9,282,1
"V",6,0,1,0,9134,4246
"V",6,0,1,1,7167,4629
"V",6,0,1,10,113,112
"V",6,0,1,11,81,81
"V",6,0,1,12,46,46
"V",6,0,1,13,26,26
"V",6,0,1,14,16,16
"V",6,0,1,15,8,8
"V",6,0,1,16,4,4
"V",6,0,1,17,2,2
"V",6,0,1,18,1,1
"V",6,0,1,19,1,1
"V",6,0,1,2,5186,4001
"V",6,0,1,20,1,1
"V",6,0,1,3,3738,3232
"V",6,0,1,4,2532,2346
"V",6,0,1,5,1780,1696
"V",6,0,1,6,1042,1013
"V",6,0,1,7,594,586
"V",6,0,1,8,344,343
"V",6,0,1,9,175,175
"V",6,0,2,-1,2050,735
"V",6,0,2,-10,51,0
"V",6,0,2,-11,28,0
"V",6,0,2,-12,17,0
"V",6,0,2,-13,8,0
"V",6,0,2,-14,7,0
"V",6,0,2,-15,3,0
"V",6,0,2,-16,2,0
"V",6,0,2,-17,3,0
"V",6,0,2,-19,1,0
"V",6,0,2,-2,1660,394
"V",6,0,2,-3,1252,208
"V",6,0,2,-4,876,67
"V",6,0,2,-5,569,34
"V",6,0,2,-6,375,10
"V",6,0,2,-7,241,5
"V",6,0,2,-8,125,3
"V",6,0,2,-9,58,0
"V",6,0,2,0,2441,1279
"V",6,0,2,1,1993,1369
"V",6,0,2,10,39,38
"V",6,0,2,11,26,26
"V",6,0,2,12,13,13
"V",6,0,2,13,8,8
"V",6,0,2,14,8,8
"V",6,0,2,15,3,3
"V",6,0,2,17,2,2
"V",6,0,2,18,1,1
"V",6,0,2,19,1,1
"V",6,0,2,2,1481,1174
"V",6,0,2,3,1047,918
"V",6,0,2,4,715,666
"V",6,0,2,5,519,491
"V",6,0,2,6,312,304
"V",6,0,2,7,180,178
"V",6,0,2,8,113,113
"V",6,0,2,9,63,63
"V",6,0,3,-1,456,197
"V",6,0,3,-10,14,0
"V",6,0,3,-11,6,0
"V",6,0,3,-12,3,0
"V",6,0,3,-13,1,0
"V",6,0,3,-15,1,0
"V",6,0,3,-16,1,0
"V",6,0,3,-2,314,83
"V",6,0,3,-3,245,42
"V",6,0,3,-4,181,14
"V",6,0,3,-5,109,10
"V",6,0,3,-6,80,3
"V",6,0,3,-7,46,3
"V",6,0,3,-8,42,0
"V",6,0,3,-9,17,0
"V",6,0,3,0,534,290
"V",6,0,3,1,488,367
"V",6,0,3,10,12,12
"V",6,0,3,11,10,10
"V",6,0,3,12,3,3
"V",6,0,3,13,5,5
"V",6,0,3,15,1,1
"V",6,0,3,16,1,1
"V",6,0,3,2,388,309
"V",6,0,3,3,278,239
"V",6,0,3,4,189,177
"V",6,0,3,5,143,137
"V",6,0,3,6,78,75
"V",6,0,3,7,46,45
"V",6,0,3,8,28,28
"V",6,0,3,9,21,21
"V",6,0,4,-1,417,195
"V",6,0,4,-10,14,0
"V",6,0,4,-11,9,0
"V",6,0,4,-12,7,0
"V",6,0,4,-14,3,0
"V",6,0,4,-17,2,0
"V",6,0,4,-19,1,0
"V",6,0,4,-2,402,133
"V",6,0,4,-3,320,83
"V",6,0,4,-4,224,28
"V",6,0,4,-5,159,9
"V",6,0,4,-6,89,3
"V",6,0,4,-7,54,3
"V",6,0,4,-8,33,1
"V",6,0,4,-9,22,0
"V",6,0,4,0,454,260
"V",6,0,4,1,391,290
"V",6,0,4,10,10,9
"V",6,0,4,11,7,7
"V",6,0,4,12,4,4
"V",6,0,4,13,3,3
"V",6,0,4,14,2,2
"V",6,0,4,15,2,2
"V",6,0,4,17,1,1
"V",6,0,4,19,1,1
"V",6,0,4,2,297,248
"V",6,0,4,3,196,174
"V",6,0,4,4,133,130
"V",6,0,4,5,113,109
"V",6,0,4,6,74,70
"V",6,0,4,7,48,48
"V",6,0,4,8,28,27
"V",6,0,4,9,21,21
"V",6,0,5,-1,138,67
"V",6,0,5,-10,3,0
"V",6,0,5,-11,1,0
"V",6,0,5,-2,91,28
"V",6,0,5,-3,54,14
"V",6,0,5,-4,40,2
"V",6,0,5,-5,19,2
"V",6,0,5,-6,17,0
"V",6,0,5,-7,8,0
"V",6,0,5,-8,11,1
"V",6,0,5,-9,9,1
"V",6,0,5,0,138,86
"V",6,0,5,1,129,98
"V",6,0,5,10,2,1
"V",6,0,5,11,2,2
"V",6,0,5,13,1,1
"V",6,0,5,16,1,1
"V",6,0,5,2,101,80
"V",6,0,5,3,78,70
"V",6,0,5,4,60,56
"V",6,0,5,5,31,30
"V",6,0,5,6,29,28
"V",6,0,5,7,15,15
"V",6,0,5,8,14,13
"V",6,0,5,9,5,5
"V",6,0,6,-1,196,91
"V",6,0,6,-10,11,0
"V",6,0,6,-11,2,0
"V",6,0,6,-13,1,0
"V",6,0,6,-2,148,60
"V",6,0,6,-3,109,25
"V",6,0,6,-4,65,5
"V",6,0,6,-5,39,7
"V",6,0,6,-6,33,0
"V",6,0,6,-7,13,0
"V",6,0,6,-8,8,1
"V",6,0,6,-9,7,0
"V",6,0,6,0,195,123
"V",6,0,6,1,173,135
"V",6,0,6,10,8,8
"V",6,0,6,11,4,4
"V",6,0,6,12,2,2
"V",6,0,6,13,1,1
"V",6,0,6,15,1,1
"V",6,0,6,2,159,136
"V",6,0,6,3,113,105
"V",6,0,6,4,73,67
"V",6,0,6,5,48,47
"V",6,0,6,6,34,32
"V",6,0,6,7,30,29
"V",6,0,6,8,18,18
"V",6,0,6,9,16,16
"V",6,0,7,-1,105,61
"V",6,0,7,-10,2,0
"V",6,0,7,-14,1,0
"V",6,0,7,-2,78,25
"V",6,0,7,-3,65,16
"V",6,0,7,-4,43,11
"V",6,0,7,-5,25,7
"V",6,0,7,-6,12,2
"V",6,0,7,-7,9,0
"V",6,0,7,-8,10,0
"V",6,0,7,-9,7,0
"V",6,0,7,0,124,82
"V",6,0,7,1,115,93
"V",6,0,7,10,7,6
"V",6,0,7,11,1,1
"V",6,0,7,12,2,2
"V",6,0,7,14,1,1
"V",6,0,7,2,72,64
"V",6,0,7,3,55,52
"V",6,0,7,4,40,38
"V",6,0,7,5,27,27
"V",6,0,7,6,25,25
"V",6,0,7,7,21,21
"V",6,0,7,8,14,14
"V",6,0,7,9,9,9
"V",6,0,8,-1,97,54
"V",6,0,8,-10,3,0
"V",6,0,8,-11,2,0
"V",6,0,8,-2,87,29
"V",6,0,8,-3,71,21
"V",6,0,8,-4,51,9
"V",6,0,8,-5,32,2
"V",6,0,8,-6,19,2
"V",6,0,8,-7,13,0
"V",6,0,8,-8,8,1
"V",6,0,8,-9,1,0
"V",6,0,8,0,137,87
"V",6,0,8,1,125,106
"V",6,0,8,10,3,3
"V",6,0,8,11,1,1
"V",6,0,8,12,1,1
"V",6,0,8,13,2,2
"V",6,0,8,14,1,1
"V",6,0,8,15,3,3
"V",6,0,8,16,1,1
"V",6,0,8,2,80,73
"V",6,0,8,3,45,41
"V",6,0,8,4,38,37
"V",6,0,8,5,31,31
"V",6,0,8,6,23,22
"V",6,0,8,7,15,15
"V",6,0,8,8,12,11
"V",6,0,8,9,5,5
"V",6,1,1,-1,5253,1388
"V",6,1,1,-10,111,0
"V",6,1,1,-11,76,0
"V",6,1,1,-12,52,0
"V",6,1,1,-13,20,0
"V",6,1,1,-14,13,0
"V",6,1,1,-15,12,0
"V",6,1,1,-16,3,0
"V",6,1,1,-17,4,0
"V",6,1,1,-18,2,0
"V",6,1,1,-19,1,0
"V",6,1,1,-2,4075,630
"V",6,1,1,-3,2967,271
"V",6,1,1,-4,2059,95
"V",6,1,1,-5,1350,35
"V",6,1,1,-6,909,9
"V",6,1,1,-7,623,10
"V",6,1,1,-8,326,1
"V",6,1,1,-9,205,0
"V",6,1,1,0,6384,2771
"V",6,1,1,1,5016,3107
"V",6,1,1,10,75,75
"V",6,1,1,11,58,58
"V",6,1,1,12,41,41
"V",6,1,1,13,16,16
"V",6,1,1,14,10,10
"V",6,1,1,15,6,6
"V",6,1,1,16,6,6
"V",6,1,1,17,1,1
"V",6,1,1,2,3628,2758
"V",6,1,1,20,1,1
"V",6,1,1,21,1,1
"V",6,1,1,3,2676,2284
"V",6,1,1,4,1798,1660
"V",6,1,1,5,1278,1215
"V",6,1,1,6,741,721
"V",6,1,1,7,419,412
"V",6,1,1,8,251,250
"V",6,1,1,9,119,119
"V",6,1,2,-1,2233,676
"V",6,1,2,-10,60,0
"V",6,1,2,-11,27,0
"V",6,1,2,-12,24,0
"V",6,1,2,-13,12,0
"V",6,1,2,-14,6,0
"V",6,1,2,-15,4,0
"V",6,1,2,-16,1,0
"V",6,1,2,-17,3,0
"V",6,1,2,-19,1,0
"V",6,1,2,-2,1937,383
"V",6,1,2,-3,1494,198
"V",6,1,2,-4,997,59
"V",6,1,2,-5,665,23
"V",6,1,2,-6,443,8
"V",6,1,2,-7,292,6
"V",6,1,2,-8,150,2
"V",6,1,2,-9,84,0
"V",6,1,2,0,2704,1272
"V",6,1,2,1,2277,1478
"V",6,1,2,10,48,48
"V",6,1,2,11,37,36
"V",6,1,2,12,25,25
"V",6,1,2,13,10,10
"V",6,1,2,14,9,9
"V",6,1,2,15,4,4
"V",6,1,2,16,2,2
"V",6,1,2,17,3,3
"V",6,1,2,2,1699,1307
"V",6,1,2,3,1259,1079
"V",6,1,2,4,855,784
"V",6,1,2,5,670,636
"V",6,1,2,6,384,377
"V",6,1,2,7,231,228
"V",6,1,2,8,152,151
"V",6,1,2,9,78,78
"V",6,1,3,-1,1019,368
"V",6,1,3,-10,14,0
"V",6,1,3,-11,11,0
"V",6,1,3,-12,6,0
"V",6,1,3,-13,3,0
"V",6,1,3,-14,1,0
"V",6,1,3,-15,3,0
"V",6,1,3,-16,1,0
"V",6,1,3,-2,591,121
"V",6,1,3,-3,373,51
"V",6,1,3,-4,253,14
"V",6,1,3,-5,165,6
"V",6,1,3,-6,135,4
"V",6,1,3,-7,79,3
"V",6,1,3,-8,51,0
"V",6,1,3,-9,24,0
"V",6,1,3,0,1367,688
"V",6,1,3,1,1185,789
"V",6,1,3,10,36,36
"V",6,1,3,11,18,18
"V",6,1,3,12,8,8
"V",6,1,3,13,3,3
"V",6,1,3,14,3,3
"V",6,1,3,15,2,2
"V",6,1,3,16,2,2
"V",6,1,3,2,948,752
"V",6,1,3,3,701,621
"V",6,1,3,4,481,447
"V",6,1,3,5,355,335
"V",6,1,3,6,207,204
"V",6,1,3,7,111,110
"V",6,1,3,8,77,77
"V",6,1,3,9,46,46
"V",6,1,4,-1,683,259
"V",6,1,4,-10,17,0
"V",6,1,4,-11,8,0
"V",6,1,4,-12,10,0
"V",6,1,4,-13,2,0
"V",6,1,4,-14,4,0
"V",6,1,4,-16,1,0
"V",6,1,4,-17,1,0
"V",6,1,4,-19,1,0
"V",6,1,4,-2,641,158
"V",6,1,4,-3,474,92
"V",6,1,4,-4,346,30
"V",6,1,4,-5,248,12
"V",6,1,4,-6,161,4
"V",6,1,4,-7,97,1
"V",6,1,4,-8,57,2
"V",6,1,4,-9,30,0
"V",6,1,4,0,822,425
"V",6,1,4,1,791,542
"V",6,1,4,10,22,22
"V",6,1,4,11,8,7
"V",6,1,4,12,9,9
"V",6,1,4,13,6,6
"V",6,1,4,14,4,4
"V",6,1,4,15,2,2
"V",6,1,4,16,6,6
"V",6,1,4,17,1,1
"V",6,1,4,19,1,1
"V",6,1,4,2,606,473
"V",6,1,4,3,470,416
"V",6,1,4,4,307,285
"V",6,1,4,5,225,218
"V",6,1,4,6,151,149
"V",6,1,4,7,104,103
"V",6,1,4,8,61,60
"V",6,1,4,9,43,43
"V",6,1,5,-1,338,135
"V",6,1,5,-10,4,0
"V",6,1,5,-11,2,0
"V",6,1,5,-12,1,0
"V",6,1,5,-15,2,0
"V",6,1,5,-2,202,47
"V",6,1,5,-3,142,22
"V",6,1,5,-4,81,11
"V",6,1,5,-5,51,5
"V",6,1,5,-6,28,1
"V",6,1,5,-7,24,0
"V",6,1,5,-8,14,0
"V",6,1,5,-9,7,0
"V",6,1,5,0,447,268
"V",6,1,5,1,417,309
"V",6,1,5,10,9,8
"V",6,1,5,11,16,16
"V",6,1,5,12,6,6
"V",6,1,5,13,5,5
"V",6,1,5,16,1,1
"V",6,1,5,2,383,305
"V",6,1,5,3,267,231
"V",6,1,5,4,206,188
"V",6,1,5,5,129,123
"V",6,1,5,6,102,100
"V",6,1,5,7,44,44
"V",6,1,5,8,23,22
"V",6,1,5,9,21,21
"V",6,1,6,-1,361,144
"V",6,1,6,-10,5,0
"V",6,1,6,-11,6,0
"V",6,1,6,-12,2,0
"V",6,1,6,-13,2,0
"V",6,1,6,-15,1,0
"V",6,1,6,-2,271,71
"V",6,1,6,-3,214,30
"V",6,1,6,-4,141,16
"V",6,1,6,-5,94,7
"V",6,1,6,-6,66,3
"V",6,1,6,-7,35,3
"V",6,1,6,-8,17,0
"V",6,1,6,-9,14,0
"V",6,1,6,0,433,251
"V",6,1,6,1,406,298
"V",6,1,6,10,14,14
"V",6,1,6,11,9,9
"V",6,1,6,12,4,4
"V",6,1,6,13,2,2
"V",6,1,6,14,3,3
"V",6,1,6,15,3,3
"V",6,1,6,16,1,1
"V",6,1,6,17,1,1
"V",6,1,6,2,335,275
"V",6,1,6,3,267,242
"V",6,1,6,4,178,165
"V",6,1,6,5,145,143
"V",6,1,6,6,88,87
"V",6,1,6,7,62,62
"V",6,1,6,8,34,34
"V",6,1,6,9,17,17
"V",6,1,7,-1,306,134
"V",6,1,7,-10,5,0
"V",6,1,7,-11,2,0
"V",6,1,7,-12,2,0
"V",6,1,7,-2,216,64
"V",6,1,7,-3,124,27
"V",6,1,7,-4,91,8
"V",6,1,7,-5,49,3
"V",6,1,7,-6,43,0
"V",6,1,7,-7,26,2
"V",6,1,7,-8,12,0
"V",6,1,7,-9,8,0
"V",6,1,7,0,344,206
"V",6,1,7,1,313,226
"V",6,1,7,10,12,11
"V",6,1,7,11,4,4
"V",6,1,7,12,1,1
"V",6,1,7,13,4,4
"V",6,1,7,14,2,2
"V",6,1,7,15,1,1
"V",6,1,7,2,268,230
"V",6,1,7,3,219,203
"V",6,1,7,4,135,126
"V",6,1,7,5,103,102
"V",6,1,7,6,82,80
"V",6,1,7,7,47,47
"V",6,1,7,8,34,34
"V",6,1,7,9,11,11
"V",6,1,8,-1,228,122
"V",6,1,8,-10,3,0
"V",6,1,8,-11,5,0
"V",6,1,8,-12,3,0
"V",6,1,8,-15,1,0
"V",6,1,8,-16,1,0
"V",6,1,8,-2,161,56
"V",6,1,8,-3,128,40
"V",6,1,8,-4,85,12
"V",6,1,8,-5,54,3
"V",6,1,8,-6,44,2
"V",6,1,8,-7,22,1
"V",6,1,8,-8,10,0
"V",6,1,8,-9,6,0
"V",6,1,8,0,311,193
"V",6,1,8,1,330,250
"V",6,1,8,10,9,9
"V",6,1,8,11,8,7
"V",6,1,8,12,1,1
"V",6,1,8,14,2,2
"V",6,1,8,16,2,2
"V",6,1,8,17,1,1
"V",6,1,8,2,209,176
"V",6,1,8,3,193,176
"V",6,1,8,4,125,118
"V",6,1,8,5,103,103
"V",6,1,8,6,53,52
"V",6,1,8,7,39,39
"V",6,1,8,8,19,19
"V",6,1,8,9,14,14
"V",6,2,1,-1,4022,947
"V",6,2,1,-10,76,0
"V",6,2,1,-11,58,0
"V",6,2,1,-12,33,0
"V",6,2,1,-13,13,0
"V",6,2,1,-14,8,0
"V",6,2,1,-15,8,0
"V",6,2,1,-16,3,0
"V",6,2,1,-17,2,0
"V",6,2,1,-18,2,0
"V",6,2,1,-2,3058,392
"V",6,2,1,-3,2202,152
"V",6,2,1,-4,1539,62
"V",6,2,1,-5,985,20
"V",6,2,1,-6,671,5
"V",6,2,1,-7,451,5
"V",6,2,1,-8,237,0
"V",6,2,1,-9,145,0
"V",6,2,1,0,4880,1993
"V",6,2,1,1,3893,2329
"V",6,2,1,10,70,70
"V",6,2,1,11,53,53
"V",6,2,1,12,41,41
"V",6,2,1,13,17,17
"V",6,2,1,14,8,8
"V",6,2,1,15,4,4
"V",6,2,1,16,3,3
"V",6,2,1,17,3,3
"V",6,2,1,18,1,1
"V",6,2,1,2,2904,2164
"V",6,2,1,21,1,1
"V",6,2,1,3,2191,1856
"V",6,2,1,4,1538,1412
"V",6,2,1,5,1051,1001
"V",6,2,1,6,653,630
"V",6,2,1,7,385,376
"V",6,2,1,8,230,230
"V",6,2,1,9,124,124
"V",6,2,2,-1,2165,525
"V",6,2,2,-10,38,0
"V",6,2,2,-11,39,0
"V",6,2,2,-12,22,0
"V",6,2,2,-13,11,0
"V",6,2,2,-14,7,0
"V",6,2,2,-15,2,0
"V",6,2,2,-16,1,0
"V",6,2,2,-17,1,0
"V",6,2,2,-19,1,0
"V",6,2,2,-2,1804,262
"V",6,2,2,-3,1420,139
"V",6,2,2,-4,947,51
"V",6,2,2,-5,607,13
"V",6,2,2,-6,426,6
"V",6,2,2,-7,273,4
"V",6,2,2,-8,162,1
"V",6,2,2,-9,83,0
"V",6,2,2,0,2754,1180
"V",6,2,2,1,2272,1386
"V",6,2,2,10,81,81
"V",6,2,2,11,48,48
"V",6,2,2,12,23,23
"V",6,2,2,13,17,17
"V",6,2,2,14,11,11
"V",6,2,2,15,4,4
"V",6,2,2,16,1,1
"V",6,2,2,17,2,2
"V",6,2,2,2,1784,1355
"V",6,2,2,3,1320,1100
"V",6,2,2,4,951,884
"V",6,2,2,5,734,689
"V",6,2,2,6,470,465
"V",6,2,2,7,272,267
"V",6,2,2,8,196,194
"V",6,2,2,9,101,101
"V",6,2,3,-1,1169,320
"V",6,2,3,-10,12,0
"V",6,2,3,-11,10,0
"V",6,2,3,-12,5,0
"V",6,2,3,-13,6,0
"V",6,2,3,-14,2,0
"V",6,2,3,-15,4,0
"V",6,2,3,-16,1,0
"V",6,2,3,-2,756,123
"V",6,2,3,-3,484,38
"V",6,2,3,-4,323,12
"V",6,2,3,-5,234,3
"V",6,2,3,-6,146,3
"V",6,2,3,-7,103,1
"V",6,2,3,-8,47,0
"V",6,2,3,-9,23,0
"V",6,2,3,0,1493,698
"V",6,2,3,1,1320,819
"V",6,2,3,10,49,49
"V",6,2,3,11,27,27
"V",6,2,3,12,20,20
"V",6,2,3,13,9,9
"V",6,2,3,14,4,4
"V",6,2,3,15,4,4
"V",6,2,3,16,1,1
"V",6,2,3,17,2,2
"V",6,2,3,18,1,1
"V",6,2,3,2,1084,827
"V",6,2,3,3,843,723
"V",6,2,3,4,635,569
"V",6,2,3,5,471,437
"V",6,2,3,6,302,295
"V",6,2,3,7,177,176
"V",6,2,3,8,112,111
"V",6,2,3,9,63,62
"V",6,2,4,-1,860,236
"V",6,2,4,-10,21,0
"V",6,2,4,-11,17,0
"V",6,2,4,-12,9,0
"V",6,2,4,-13,6,0
"V",6,2,4,-14,4,0
"V",6,2,4,-16,1,0
"V",6,2,4,-2,694,135
"V",6,2,4,-3,543,68
"V",6,2,4,-4,404,28
"V",6,2,4,-5,272,9
"V",6,2,4,-6,185,4
"V",6,2,4,-7,110,0
"V",6,2,4,-8,57,0
"V",6,2,4,-9,40,0
"V",6,2,4,0,1101,478
"V",6,2,4,1,1016,633
"V",6,2,4,10,35,35
"V",6,2,4,11,16,16
"V",6,2,4,12,17,16
"V",6,2,4,13,10,10
"V",6,2,4,14,7,7
"V",6,2,4,15,3,3
"V",6,2,4,16,3,3
"V",6,2,4,17,3,3
"V",6,2,4,18,1,1
"V",6,2,4,19,1,1
"V",6,2,4,2,876,664
"V",6,2,4,3,628,551
"V",6,2,4,4,473,429
"V",6,2,4,5,312,296
"V",6,2,4,6,220,217
"V",6,2,4,7,144,143
"V",6,2,4,8,91,89
"V",6,2,4,9,51,51
"V",6,2,5,-1,458,141
"V",6,2,5,-10,7,0
"V",6,2,5,-11,4,0
"V",6,2,5,-12,5,0
"V",6,2,5,-13,1,0
"V",6,2,5,-14,1,0
"V",6,2,5,-15,2,0
"V",6,2,5,-17,1,0
"V",6,2,5,-2,294,48
"V",6,2,5,-3,200,18
"V",6,2,5,-4,127,10
"V",6,2,5,-5,93,5
"V",6,2,5,-6,54,0
"V",6,2,5,-7,37,0
"V",6,2,5,-8,16,0
"V",6,2,5,-9,14,0
"V",6,2,5,0,536,254
"V",6,2,5,1,536,345
"V",6,2,5,10,18,18
"V",6,2,5,11,15,15
"V",6,2,5,12,12,12
"V",6,2,5,13,5,5
"V",6,2,5,14,2,2
"V",6,2,5,16,2,2
"V",6,2,5,17,1,1
"V",6,2,5,2,437,338
"V",6,2,5,3,356,298
"V",6,2,5,4,272,246
"V",6,2,5,5,186,175
"V",6,2,5,6,142,138
"V",6,2,5,7,76,74
"V",6,2,5,8,51,50
"V",6,2,5,9,43,43
"V",6,2,6,-1,390,123
"V",6,2,6,-10,4,0
"V",6,2,6,-11,1,0
"V",6,2,6,-12,2,0
"V",6,2,6,-13,1,0
"V",6,2,6,-14,2,0
"V",6,2,6,-16,1,0
"V",6,2,6,-2,316,51
"V",6,2,6,-3,250,31
"V",6,2,6,-4,142,8
"V",6,2,6,-5,114,3
"V",6,2,6,-6,64,2
"V",6,2,6,-7,41,0
"V",6,2,6,-8,27,0
"V",6,2,6,-9,11,0
"V",6,2,6,0,490,241
"V",6,2,6,1,443,274
"V",6,2,6,10,20,20
"V",6,2,6,11,12,11
"V",6,2,6,12,3,3
"V",6,2,6,13,5,5
"V",6,2,6,14,2,2
"V",6,2,6,15,2,2
"V",6,2,6,16,2,2
"V",6,2,6,2,385,303
"V",6,2,6,3,315,273
"V",6,2,6,4,228,204
"V",6,2,6,5,186,172
"V",6,2,6,6,119,113
"V",6,2,6,7,90,89
"V",6,2,6,8,59,59
"V",6,2,6,9,32,32
"V",6,2,7,-1,250,79
"V",6,2,7,-10,5,0
"V",6,2,7,-11,1,0
"V",6,2,7,-13,2,0
"V",6,2,7,-2,229,44
"V",6,2,7,-3,136,16
"V",6,2,7,-4,105,8
"V",6,2,7,-5,70,2
"V",6,2,7,-6,45,0
"V",6,2,7,-7,24,0
"V",6,2,7,-8,16,0
"V",6,2,7,-9,9,0
"V",6,2,7,0,323,178
"V",6,2,7,1,304,200
"V",6,2,7,10,18,17
"V",6,2,7,11,11,11
"V",6,2,7,12,3,3
"V",6,2,7,13,5,5
"V",6,2,7,14,1,1
"V",6,2,7,15,1,1
"V",6,2,7,16,2,2
"V",6,2,7,17,1,1
"V",6,2,7,2,239,188
"V",6,2,7,3,253,218
"V",6,2,7,4,154,145
"V",6,2,7,5,111,103
"V",6,2,7,6,93,89
"V",6,2,7,7,45,45
"V",6,2,7,8,38,37
"V",6,2,7,9,21,21
"V",6,2,8,-1,260,83
"V",6,2,8,-10,6,0
"V",6,2,8,-11,3,0
"V",6,2,8,-12,1,0
"V",6,2,8,-2,192,42
"V",6,2,8,-3,160,22
"V",6,2,8,-4,115,15
"V",6,2,8,-5,63,3
"V",6,2,8,-6,38,1
"V",6,2,8,-7,19,0
"V",6,2,8,-8,17,0
"V",6,2,8,-9,9,0
"V",6,2,8,0,360,176
"V",6,2,8,1,344,227
"V",6,2,8,10,11,11
"V",6,2,8,11,7,7
"V",6,2,8,12,4,4
"V",6,2,8,13,2,2
"V",6,2,8,14,2,2
"V",6,2,8,15,1,1
"V",6,2,8,17,2,2
"V",6,2,8,2,273,212
"V",6,2,8,3,216,190
"V",6,2,8,4,160,142
"V",6,2,8,5,106,103
"V",6,2,8,6,72,71
"V",6,2,8,7,49,48
"V",6,2,8,8,21,20
"V",6,2,8,9,14,14
"V",7,0,1,-1,7047,1840
"V",7,0,1,-10,268,0
"V",7,0,1,-11,158,0
"V",7,0,1,-12,110,0
"V",7,0,1,-13,56,0
"V",7,0,1,-14,36,0
"V",7,0,1,-15,22,0
"V",7,0,1,-16,16,0
"V",7,0,1,-17,10,0
"V",7,0,1,-18,4,0
"V",7,0,1,-19,4,0
"V",7,0,1,-2,5812,905
"V",7,0,1,-21,1,0
"V",7,0,1,-22,1,0
"V",7,0,1,-3,4523,410
"V",7,0,1,-4,3320,134
"V",7,0,1,-5,2236,55
"V",7,0,1,-6,1461,17
"V",7,0,1,-7,1020,10
"V",7,0,1,-8,690,3
"V",7,0,1,-9,450,0
"V",7,0,1,0,7833,3696
"V",7,0,1,1,6554,4497
"V",7,0,1,10,176,175
"V",7,0,1,11,113,112
"V",7,0,1,12,74,74
"V",7,0,1,13,35,35
"V",7,0,1,14,24,24
"V",7,0,1,15,12,12
"V",7,0,1,16,8,8
"V",7,0,1,17,10,10
"V",7,0,1,18,3,3
"V",7,0,1,19,3,3
"V",7,0,1,2,5149,4210
"V",7,0,1,21,1,1
"V",7,0,1,3,3790,3423
"V",7,0,1,4,2690,2548
"V",7,0,1,5,1896,1825
"V",7,0,1,6,1209,1196
"V",7,0,1,7,739,732
"V",7,0,1,8,447,443
"V",7,0,1,9,266,266
"V",7,0,2,-1,1907,624
"V",7,0,2,-10,71,0
"V",7,0,2,-11,44,0
"V",7,0,2,-12,25,0
"V",7,0,2,-13,21,0
"V",7,0,2,-14,12,0
"V",7,0,2,-15,4,0
"V",7,0,2,-16,5,0
"V",7,0,2,-17,3,0
"V",7,0,2,-18,1,0
"V",7,0,2,-19,1,0
"V",7,0,2,-2,1570,297
"V",7,0,2,-22,1,0
"V",7,0,2,-3,1235,167
"V",7,0,2,-4,896,46
"V",7,0,2,-5,620,25
"V",7,0,2,-6,404,11
"V",7,0,2,-7,309,7
"V",7,0,2,-8,201,0
"V",7,0,2,-9,116,0
"V",7,0,2,0,2120,1115
"V",7,0,2,1,1815,1308
"V",7,0,2,10,51,51
"V",7,0,2,11,48,48
"V",7,0,2,12,25,25
"V",7,0,2,13,10,10
"V",7,0,2,14,7,7
"V",7,0,2,15,5,5
"V",7,0,2,16,3,3
"V",7,0,2,17,3,3
"V",7,0,2,18,1,1
"V",7,0,2,19,1,1
"V",7,0,2,2,1469,1235
"V",7,0,2,21,1,1
"V",7,0,2,3,1083,1001
"V",7,0,2,4,792,754
"V",7,0,2,5,568,553
"V",7,0,2,6,356,349
"V",7,0,2,7,219,218
"V",7,0,2,8,148,145
"V",7,0,2,9,84,84
"V",7,0,3,-1,374,149
"V",7,0,3,-10,19,0
"V",7,0,3,-11,12,0
"V",7,0,3,-12,13,0
"V",7,0,3,-13,7,0
"V",7,0,3,-14,2,0
"V",7,0,3,-15,1,0
"V",7,0,3,-16,1,0
"V",7,0,3,-2,278,71
"V",7,0,3,-3,237,36
"V",7,0,3,-4,169,15
"V",7,0,3,-5,125,7
"V",7,0,3,-6,99,1
"V",7,0,3,-7,64,1
"V",7,0,3,-8,47,1
"V",7,0,3,-9,25,0
"V",7,0,3,0,464,286
"V",7,0,3,1,334,250
"V",7,0,3,10,29,29
"V",7,0,3,11,8,8
"V",7,0,3,12,6,6
"V",7,0,3,13,5,5
"V",7,0,3,14,2,2
"V",7,0,3,15,1,1
"V",7,0,3,16,1,1
"V",7,0,3,2,313,270
"V",7,0,3,3,240,226
"V",7,0,3,4,167,162
"V",7,0,3,5,156,153
"V",7,0,3,6,99,98
"V",7,0,3,7,73,73
"V",7,0,3,8,40,40
"V",7,0,3,9,27,27
"V",7,0,4,-1,389,186
"V",7,0,4,-10,17,0
"V",7,0,4,-11,8,0
"V",7,0,4,-12,11,0
"V",7,0,4,-13,5,0
"V",7,0,4,-14,5,0
"V",7,0,4,-15,1,0
"V",7,0,4,-16,2,0
"V",7,0,4,-17,1,0
"V",7,0,4,-18,1,0
"V",7,0,4,-2,394,126
"V",7,0,4,-22,1,0
"V",7,0,4,-3,287,58
"V",7,0,4,-4,232,22
"V",7,0,4,-5,143,7
"V",7,0,4,-6,125,5
"V",7,0,4,-7,94,3
"V",7,0,4,-8,58,0
"V",7,0,4,-9,27,0
"V",7,0,4,0,394,259
"V",7,0,4,1,367,295
"V",7,0,4,10,16,16
"V",7,0,4,11,11,11
"V",7,0,4,12,10,10
"V",7,0,4,13,2,2
"V",7,0,4,14,2,2
"V",7,0,4,15,5,5
"V",7,0,4,16,3,3
"V",7,0,4,18,1,1
"V",7,0,4,2,290,262
"V",7,0,4,21,1,1
"V",7,0,4,3,249,236
"V",7,0,4,4,157,154
"V",7,0,4,5,130,128
"V",7,0,4,6,96,94
"V",7,0,4,7,58,58
"V",7,0,4,8,30,29
"V",7,0,4,9,22,22
"V",7,0,5,-1,94,43
"V",7,0,5,-10,8,0
"V",7,0,5,-11,5,0
"V",7,0,5,-13,1,0
"V",7,0,5,-2,71,22
"V",7,0,5,-3,61,8
"V",7,0,5,-4,33,1
"V",7,0,5,-5,23,1
"V",7,0,5,-6,20,0
"V",7,0,5,-7,16,0
"V",7,0,5,-8,16,1
"V",7,0,5,-9,10,0
"V",7,0,5,0,123,81
"V",7,0,5,1,122,89
"V",7,0,5,10,7,7
"V",7,0,5,11,2,2
"V",7,0,5,12,1,1
"V",7,0,5,14,1,1
"V",7,0,5,15,1,1
"V",7,0,5,2,84,69
"V",7,0,5,3,62,60
"V",7,0,5,4,57,55
"V",7,0,5,5,56,54
"V",7,0,5,6,32,32
"V",7,0,5,7,20,20
"V",7,0,5,8,9,9
"V",7,0,5,9,9,9
"V",7,0,6,-1,186,102
"V",7,0,6,-10,3,0
"V",7,0,6,-11,5,0
"V",7,0,6,-12,2,0
"V",7,0,6,-13,3,0
"V",7,0,6,-16,1,0
"V",7,0,6,-2,120,41
"V",7,0,6,-3,113,25
"V",7,0,6,-4,69,8
"V",7,0,6,-5,59,5
"V",7,0,6,-6,34,0
"V",7,0,6,-7,22,0
"V",7,0,6,-8,23,0
"V",7,0,6,-9,11,0
"V",7,0,6,0,172,122
"V",7,0,6,1,142,115
"V",7,0,6,10,7,7
"V",7,0,6,11,5,5
"V",7,0,6,12,1,1
"V",7,0,6,13,4,4
"V",7,0,6,14,2,2
"V",7,0,6,16,1,1
"V",7,0,6,2,129,117
"V",7,0,6,21,1,1
"V",7,0,6,3,97,94
"V",7,0,6,4,87,87
"V",7,0,6,5,63,62
"V",7,0,6,6,48,48
"V",7,0,6,7,29,29
"V",7,0,6,8,17,17
"V",7,0,6,9,13,13
"V",7,0,7,-1,81,39
"V",7,0,7,-10,2,0
"V",7,0,7,-11,4,0
"V",7,0,7,-12,2,0
"V",7,0,7,-13,2,0
"V",7,0,7,-15,1,0
"V",7,0,7,-2,82,26
"V",7,0,7,-3,56,16
"V",7,0,7,-4,43,2
"V",7,0,7,-5,30,2
"V",7,0,7,-6,22,1
"V",7,0,7,-7,14,0
"V",7,0,7,-8,10,0
"V",7,0,7,-9,8,0
"V",7,0,7,0,90,59
"V",7,0,7,1,85,65
"V",7,0,7,10,4,4
"V",7,0,7,11,7,7
"V",7,0,7,12,2,2
"V",7,0,7,13,1,1
"V",7,0,7,14,1,1
"V",7,0,7,15,1,1
"V",7,0,7,16,2,2
"V",7,0,7,2,55,49
"V",7,0,7,3,77,76
"V",7,0,7,4,50,49
"V",7,0,7,5,38,38
"V",7,0,7,6,26,26
"V",7,0,7,7,12,12
"V",7,0,7,8,11,11
"V",7,0,7,9,8,8
"V",7,0,8,-1,102,64
"V",7,0,8,-10,4,0
"V",7,0,8,-11,5,0
"V",7,0,8,-12,1,0
"V",7,0,8,-13,2,0
"V",7,0,8,-14,1,0
"V",7,0,8,-18,1,0
"V",7,0,8,-2,85,40
"V",7,0,8,-3,76,19
"V",7,0,8,-4,54,6
"V",7,0,8,-5,28,2
"V",7,0,8,-6,31,4
"V",7,0,8,-7,16,0
"V",7,0,8,-8,13,0
"V",7,0,8,-9,8,0
"V",7,0,8,0,107,80
"V",7,0,8,1,100,90
"V",7,0,8,10,5,5
"V",7,0,8,11,4,4
"V",7,0,8,13,2,2
"V",7,0,8,2,82,78
"V",7,0,8,3,72,71
"V",7,0,8,4,52,52
"V",7,0,8,5,39,39
"V",7,0,8,6,23,23
"V",7,0,8,7,12,12
"V",7,0,8,8,6,6
"V",7,0,8,9,10,10
"V",7,1,1,-1,4886,1077
"V",7,1,1,-10,173,0
"V",7,1,1,-11,105,0
"V",7,1,1,-12,71,0
"V",7,1,1,-13,33,0
"V",7,1,1,-14,24,0
"V",7,1,1,-15,18,0
"V",7,1,1,-16,9,0
"V",7,1,1,-17,7,0
"V",7,1,1,-18,3,0
"V",7,1,1,-19,3,0
"V",7,1,1,-2,4016,524
"V",7,1,1,-21,1,0
"V",7,1,1,-3,3072,195
"V",7,1,1,-4,2259,69
"V",7,1,1,-5,1492,27
"V",7,1,1,-6,978,7
"V",7,1,1,-7,659,3
"V",7,1,1,-8,449,1
"V",7,1,1,-9,309,0
"V",7,1,1,0,5423,2342
"V",7,1,1,1,4613,3075
"V",7,1,1,10,124,123
"V",7,1,1,11,76,75
"V",7,1,1,12,52,52
"V",7,1,1,13,28,28
"V",7,1,1,14,22,22
"V",7,1,1,15,9,9
"V",7,1,1,16,6,6
"V",7,1,1,17,8,8
"V",7,1,1,18,2,2
"V",7,1,1,19,2,2
"V",7,1,1,2,3620,2896
"V",7,1,1,21,1,1
"V",7,1,1,3,2663,2357
"V",7,1,1,4,1882,1776
"V",7,1,1,5,1318,1262
"V",7,1,1,6,866,859
"V",7,1,1,7,545,538
"V",7,1,1,8,317,315
"V",7,1,1,9,187,187
"V",7,1,2,-1,2069,535
"V",7,1,2,-10,90,0
"V",7,1,2,-11,60,0
"V",7,1,2,-12,29,0
"V",7,1,2,-13,18,0
"V",7,1,2,-14,11,0
"V",7,1,2,-15,8,0
"V",7,1,2,-16,3,0
"V",7,1,2,-17,3,0
"V",7,1,2,-19,2,0
"V",7,1,2,-2,1898,298
"V",7,1,2,-21,1,0
"V",7,1,2,-3,1493,159
"V",7,1,2,-4,1068,51
"V",7,1,2,-5,734,18
"V",7,1,2,-6,463,4
"V",7,1,2,-7,314,2
"V",7,1,2,-8,213,0
"V",7,1,2,-9,140,0
"V",7,1,2,0,2328,1122
"V",7,1,2,1,2013,1434
"V",7,1,2,10,81,81
"V",7,1,2,11,49,48
"V",7,1,2,12,36,36
"V",7,1,2,13,16,16
"V",7,1,2,14,13,13
"V",7,1,2,15,6,6
"V",7,1,2,16,5,5
"V",7,1,2,17,6,6
"V",7,1,2,18,2,2
"V",7,1,2,19,2,2
"V",7,1,2,2,1602,1289
"V",7,1,2,22,1,1
"V",7,1,2,3,1210,1091
"V",7,1,2,4,946,899
"V",7,1,2,5,674,652
"V",7,1,2,6,472,463
"V",7,1,2,7,294,293
"V",7,1,2,8,192,191
"V",7,1,2,9,102,102
"V",7,1,3,-1,858,276
"V",7,1,3,-10,27,0
"V",7,1,3,-11,20,0
"V",7,1,3,-12,13,0
"V",7,1,3,-13,3,0
"V",7,1,3,-14,2,0
"V",7,1,3,-15,4,0
"V",7,1,3,-17,1,0
"V",7,1,3,-2,495,85
"V",7,1,3,-3,377,30
"V",7,1,3,-4,252,18
"V",7,1,3,-5,198,9
"V",7,1,3,-6,127,1
"V",7,1,3,-7,91,2
"V",7,1,3,-8,56,0
"V",7,1,3,-9,32,0
"V",7,1,3,0,1213,626
"V",7,1,3,1,1070,762
"V",7,1,3,10,26,26
"V",7,1,3,11,23,23
"V",7,1,3,12,15,15
"V",7,1,3,13,5,5
"V",7,1,3,14,3,3
"V",7,1,3,15,3,3
"V",7,1,3,16,1,1
"V",7,1,3,17,2,2
"V",7,1,3,2,927,782
"V",7,1,3,3,689,639
"V",7,1,3,4,523,500
"V",7,1,3,5,373,360
"V",7,1,3,6,252,249
"V",7,1,3,7,162,162
"V",7,1,3,8,102,102
"V",7,1,3,9,53,53
"V",7,1,4,-1,655,242
"V",7,1,4,-10,33,0
"V",7,1,4,-11,19,0
"V",7,1,4,-12,13,0
"V",7,1,4,-13,11,0
"V",7,1,4,-14,9,0
"V",7,1,4,-15,5,0
"V",7,1,4,-16,1,0
"V",7,1,4,-17,1,0
"V",7,1,4,-19,1,0
"V",7,1,4,-2,610,130
"V",7,1,4,-22,1,0
"V",7,1,4,-3,515,74
"V",7,1,4,-4,382,31
"V",7,1,4,-5,266,7
"V",7,1,4,-6,185,1
"V",7,1,4,-7,130,3
"V",7,1,4,-8,89,0
"V",7,1,4,-9,44,0
"V",7,1,4,0,743,403
"V",7,1,4,1,694,536
"V",7,1,4,10,26,26
"V",7,1,4,11,20,20
"V",7,1,4,12,22,22
"V",7,1,4,13,6,6
"V",7,1,4,14,4,4
"V",7,1,4,16,3,3
"V",7,1,4,17,2,2
"V",7,1,4,18,2,2
"V",7,1,4,19,1,1
"V",7,1,4,2,580,489
"V",7,1,4,22,1,1
"V",7,1,4,3,455,415
"V",7,1,4,4,346,332
"V",7,1,4,5,263,256
"V",7,1,4,6,187,184
"V",7,1,4,7,102,102
"V",7,1,4,8,89,88
"V",7,1,4,9,57,57
"V",7,1,5,-1,292,99
"V",7,1,5,-10,13,0
"V",7,1,5,-11,5,0
"V",7,1,5,-12,4,0
"V",7,1,5,-13,2,0
"V",7,1,5,-17,1,0
"V",7,1,5,-2,176,36
"V",7,1,5,-3,130,15
"V",7,1,5,-4,89,3
"V",7,1,5,-5,52,2
"V",7,1,5,-6,47,0
"V",7,1,5,-7,29,0
"V",7,1,5,-8,27,1
"V",7,1,5,-9,13,0
"V",7,1,5,0,355,220
"V",7,1,5,1,331,241
"V",7,1,5,10,18,18
"V",7,1,5,11,9,9
"V",7,1,5,12,5,5
"V",7,1,5,13,3,3
"V",7,1,5,14,5,5
"V",7,1,5,15,2,2
"V",7,1,5,18,1,1
"V",7,1,5,2,329,279
"V",7,1,5,3,261,246
"V",7,1,5,4,205,200
"V",7,1,5,5,169,165
"V",7,1,5,6,89,89
"V",7,1,5,7,64,63
"V",7,1,5,8,43,42
"V",7,1,5,9,29,29
"V",7,1,6,-1,332,139
"V",7,1,6,-10,16,0
"V",7,1,6,-11,7,0
"V",7,1,6,-12,6,0
"V",7,1,6,-13,3,0
"V",7,1,6,-14,2,0
"V",7,1,6,-15,1,0
"V",7,1,6,-2,271,72
"V",7,1,6,-3,225,31
"V",7,1,6,-4,145,11
"V",7,1,6,-5,109,9
"V",7,1,6,-6,59,0
"V",7,1,6,-7,55,1
"V",7,1,6,-8,31,0
"V",7,1,6,-9,16,0
"V",7,1,6,0,413,254
"V",7,1,6,1,366,292
"V",7,1,6,10,19,19
"V",7,1,6,11,8,8
"V",7,1,6,12,7,7
"V",7,1,6,13,9,9
"V",7,1,6,15,1,1
"V",7,1,6,16,1,1
"V",7,1,6,17,1,1
"V",7,1,6,2,311,280
"V",7,1,6,3,285,267
"V",7,1,6,4,174,166
"V",7,1,6,5,142,140
"V",7,1,6,6,109,107
"V",7,1,6,7,76,75
"V",7,1,6,8,57,57
"V",7,1,6,9,19,19
"V",7,1,7,-1,275,138
"V",7,1,7,-10,5,0
"V",7,1,7,-11,6,0
"V",7,1,7,-12,2,0
"V",7,1,7,-13,2,0
"V",7,1,7,-14,2,0
"V",7,1,7,-2,222,70
"V",7,1,7,-3,119,17
"V",7,1,7,-4,102,7
"V",7,1,7,-5,73,2
"V",7,1,7,-6,44,1
"V",7,1,7,-7,26,0
"V",7,1,7,-8,14,0
"V",7,1,7,-9,18,0
"V",7,1,7,0,309,206
"V",7,1,7,1,294,218
"V",7,1,7,10,18,18
"V",7,1,7,11,14,14
"V",7,1,7,12,8,8
"V",7,1,7,13,5,5
"V",7,1,7,14,3,3
"V",7,1,7,15,3,3
"V",7,1,7,16,3,3
"V",7,1,7,17,1,1
"V",7,1,7,2,256,227
"V",7,1,7,21,1,1
"V",7,1,7,3,227,213
"V",7,1,7,4,175,172
"V",7,1,7,5,117,117
"V",7,1,7,6,83,83
"V",7,1,7,7,57,57
"V",7,1,7,8,26,25
"V",7,1,7,9,14,14
"V",7,1,8,-1,241,121
"V",7,1,8,-10,6,0
"V",7,1,8,-11,6,0
"V",7,1,8,-12,2,0
"V",7,1,8,-13,2,0
"V",7,1,8,-14,3,0
"V",7,1,8,-15,1,0
"V",7,1,8,-18,1,0
"V",7,1,8,-2,147,48
"V",7,1,8,-3,137,27
"V",7,1,8,-4,93,9
"V",7,1,8,-5,77,4
"V",7,1,8,-6,54,0
"V",7,1,8,-7,38,1
"V",7,1,8,-8,22,0
"V",7,1,8,-9,14,0
"V",7,1,8,0,281,178
"V",7,1,8,1,275,217
"V",7,1,8,10,19,19
"V",7,1,8,11,10,10
"V",7,1,8,12,7,7
"V",7,1,8,13,2,2
"V",7,1,8,14,2,2
"V",7,1,8,16,1,1
"V",7,1,8,17,1,1
"V",7,1,8,19,1,1
"V",7,1,8,2,260,243
"V",7,1,8,3,178,168
"V",7,1,8,4,143,138
"V",7,1,8,5,88,88
"V",7,1,8,6,66,66
"V",7,1,8,7,35,35
"V",7,1,8,8,19,19
"V",7,1,8,9,26,26
"V",7,2,1,-1,3790,721
"V",7,2,1,-10,122,0
"V",7,2,1,-11,71,0
"V",7,2,1,-12,50,0
"V",7,2,1,-13,26,0
"V",7,2,1,-14,16,0
"V",7,2,1,-15,9,0
"V",7,2,1,-16,8,0
"V",7,2,1,-17,6,0
"V",7,2,1,-18,3,0
"V",7,2,1,-19,2,0
"V",7,2,1,-2,3036,326
"V",7,2,1,-3,2305,105
"V",7,2,1,-4,1703,33
"V",7,2,1,-5,1116,13
"V",7,2,1,-6,732,4
"V",7,2,1,-7,503,3
"V",7,2,1,-8,333,1
"V",7,2,1,-9,225,0
"V",7,2,1,0,4140,1639
"V",7,2,1,1,3589,2300
"V",7,2,1,10,119,118
"V",7,2,1,11,69,69
"V",7,2,1,12,45,45
"V",7,2,1,13,24,24
"V",7,2,1,14,20,20
"V",7,2,1,15,10,10
"V",7,2,1,16,3,3
"V",7,2,1,17,5,5
"V",7,2,1,18,3,3
"V",7,2,1,19,3,3
"V",7,2,1,2,2854,2250
"V",7,2,1,21,1,1
"V",7,2,1,3,2185,1911
"V",7,2,1,4,1495,1399
"V",7,2,1,5,1117,1064
"V",7,2,1,6,719,710
"V",7,2,1,7,453,448
"V",7,2,1,8,294,292
"V",7,2,1,9,165,165
"V",7,2,2,-1,2076,447
"V",7,2,2,-10,73,0
"V",7,2,2,-11,44,0
"V",7,2,2,-12,27,0
"V",7,2,2,-13,14,0
"V",7,2,2,-14,11,0
"V",7,2,2,-15,7,0
"V",7,2,2,-16,3,0
"V",7,2,2,-17,5,0
"V",7,2,2,-18,2,0
"V",7,2,2,-19,1,0
"V",7,2,2,-2,1837,214
"V",7,2,2,-21,1,0
"V",7,2,2,-3,1399,111
"V",7,2,2,-4,1007,32
"V",7,2,2,-5,692,13
"V",7,2,2,-6,489,8
"V",7,2,2,-7,331,2
"V",7,2,2,-8,200,0
"V",7,2,2,-9,140,0
"V",7,2,2,0,2286,984
"V",7,2,2,1,1971,1293
"V",7,2,2,10,86,86
"V",7,2,2,11,63,62
"V",7,2,2,12,40,40
"V",7,2,2,13,29,29
"V",7,2,2,14,28,28
"V",7,2,2,15,9,9
"V",7,2,2,16,5,5
"V",7,2,2,17,6,6
"V",7,2,2,18,4,4
"V",7,2,2,19,2,2
"V",7,2,2,2,1692,1349
"V",7,2,2,3,1343,1202
"V",7,2,2,4,1013,955
"V",7,2,2,5,732,698
"V",7,2,2,6,534,525
"V",7,2,2,7,355,352
"V",7,2,2,8,217,214
"V",7,2,2,9,133,133
"V",7,2,3,-1,1006,229
"V",7,2,3,-10,36,0
"V",7,2,3,-11,17,0
"V",7,2,3,-12,9,0
"V",7,2,3,-13,5,0
"V",7,2,3,-14,1,0
"V",7,2,3,-15,2,0
"V",7,2,3,-16,1,0
"V",7,2,3,-17,1,0
"V",7,2,3,-2,608,84
"V",7,2,3,-3,485,29
"V",7,2,3,-4,357,16
"V",7,2,3,-5,239,7
"V",7,2,3,-6,151,3
"V",7,2,3,-7,94,1
"V",7,2,3,-8,73,0
"V",7,2,3,-9,44,0
"V",7,2,3,0,1299,603
"V",7,2,3,1,1269,867
"V",7,2,3,10,65,65
"V",7,2,3,11,41,41
"V",7,2,3,12,26,25
"V",7,2,3,13,15,15
"V",7,2,3,14,12,12
"V",7,2,3,15,8,8
"V",7,2,3,16,1,1
"V",7,2,3,17,2,2
"V",7,2,3,19,1,1
"V",7,2,3,2,1105,891
"V",7,2,3,20,1,1
"V",7,2,3,22,1,1
"V",7,2,3,3,829,755
"V",7,2,3,4,666,633
"V",7,2,3,5,468,460
"V",7,2,3,6,341,339
"V",7,2,3,7,232,230
"V",7,2,3,8,134,134
"V",7,2,3,9,82,82
"V",7,2,4,-1,778,190
"V",7,2,4,-10,26,0
"V",7,2,4,-11,16,0
"V",7,2,4,-12,13,0
"V",7,2,4,-13,12,0
"V",7,2,4,-14,5,0
"V",7,2,4,-15,3,0
"V",7,2,4,-16,1,0
"V",7,2,4,-17,2,0
"V",7,2,4,-18,2,0
"V",7,2,4,-19,2,0
"V",7,2,4,-2,736,100
"V",7,2,4,-22,1,0
"V",7,2,4,-3,614,49
"V",7,2,4,-4,454,20
"V",7,2,4,-5,298,6
"V",7,2,4,-6,220,5
"V",7,2,4,-7,148,2
"V",7,2,4,-8,103,0
"V",7,2,4,-9,50,0
"V",7,2,4,0,1076,477
"V",7,2,4,1,891,627
"V",7,2,4,10,37,37
"V",7,2,4,11,24,24
"V",7,2,4,12,21,21
"V",7,2,4,13,12,12
"V",7,2,4,14,6,6
"V",7,2,4,15,4,4
"V",7,2,4,16,4,4
"V",7,2,4,17,2,2
"V",7,2,4,18,1,1
"V",7,2,4,2,766,630
"V",7,2,4,22,1,1
"V",7,2,4,3,598,549
"V",7,2,4,4,471,442
"V",7,2,4,5,343,329
"V",7,2,4,6,247,242
"V",7,2,4,7,151,150
"V",7,2,4,8,113,112
"V",7,2,4,9,74,74
"V",7,2,5,-1,422,115
"V",7,2,5,-10,13,0
"V",7,2,5,-11,6,0
"V",7,2,5,-12,3,0
"V",7,2,5,-13,2,0
"V",7,2,5,-16,1,0
"V",7,2,5,-17,1,0
"V",7,2,5,-2,267,31
"V",7,2,5,-3,217,10
"V",7,2,5,-4,116,4
"V",7,2,5,-5,81,2
"V",7,2,5,-6,60,0
"V",7,2,5,-7,39,0
"V",7,2,5,-8,36,1
"V",7,2,5,-9,16,0
"V",7,2,5,0,507,218
"V",7,2,5,1,458,314
"V",7,2,5,10,23,23
"V",7,2,5,11,21,21
"V",7,2,5,12,13,13
"V",7,2,5,13,5,5
"V",7,2,5,14,4,4
"V",7,2,5,15,5,5
"V",7,2,5,16,1,1
"V",7,2,5,17,1,1
"V",7,2,5,2,428,362
"V",7,2,5,3,314,282
"V",7,2,5,4,280,263
"V",7,2,5,5,211,205
"V",7,2,5,6,163,159
"V",7,2,5,7,94,94
"V",7,2,5,8,67,66
"V",7,2,5,9,45,45
"V",7,2,6,-1,421,107
"V",7,2,6,-10,19,0
"V",7,2,6,-11,10,0
"V",7,2,6,-12,4,0
"V",7,2,6,-13,4,0
"V",7,2,6,-14,3,0
"V",7,2,6,-15,1,0
"V",7,2,6,-17,1,0
"V",7,2,6,-2,314,47
"V",7,2,6,-3,238,23
"V",7,2,6,-4,173,11
"V",7,2,6,-5,131,4
"V",7,2,6,-6,63,1
"V",7,2,6,-7,49,0
"V",7,2,6,-8,39,0
"V",7,2,6,-9,24,0
"V",7,2,6,0,497,249
"V",7,2,6,1,447,320
"V",7,2,6,10,27,27
"V",7,2,6,11,21,20
"V",7,2,6,12,14,13
"V",7,2,6,13,10,10
"V",7,2,6,14,2,2
"V",7,2,6,16,1,1
"V",7,2,6,17,2,2
"V",7,2,6,18,1,1
"V",7,2,6,2,342,275
"V",7,2,6,23,1,1
"V",7,2,6,24,1,1
"V",7,2,6,3,281,258
"V",7,2,6,4,238,225
"V",7,2,6,5,185,178
"V",7,2,6,6,145,143
"V",7,2,6,7,87,87
"V",7,2,6,8,51,51
"V",7,2,6,9,37,37
"V",7,2,7,-1,240,86
"V",7,2,7,-10,5,0
"V",7,2,7,-11,7,0
"V",7,2,7,-12,4,0
"V",7,2,7,-13,1,0
"V",7,2,7,-17,1,0
"V",7,2,7,-2,222,43
"V",7,2,7,-3,130,12
"V",7,2,7,-4,123,8
"V",7,2,7,-5,82,1
"V",7,2,7,-6,53,2
"V",7,2,7,-7,34,0
"V",7,2,7,-8,21,0
"V",7,2,7,-9,13,0
"V",7,2,7,0,306,147
"V",7,2,7,1,288,199
"V",7,2,7,10,11,11
"V",7,2,7,11,14,14
"V",7,2,7,12,8,8
"V",7,2,7,13,5,5
"V",7,2,7,14,5,5
"V",7,2,7,15,2,2
"V",7,2,7,16,1,1
"V",7,2,7,2,277,223
"V",7,2,7,3,239,214
"V",7,2,7,4,143,133
"V",7,2,7,5,122,121
"V",7,2,7,6,88,87
"V",7,2,7,7,57,57
"V",7,2,7,8,39,39
"V",7,2,7,9,17,17
"V",7,2,8,-1,256,85
"V",7,2,8,-10,6,0
"V",7,2,8,-11,5,0
"V",7,2,8,-12,4,0
"V",7,2,8,-13,3,0
"V",7,2,8,-14,1,0
"V",7,2,8,-15,1,0
"V",7,2,8,-17,1,0
"V",7,2,8,-19,1,0
"V",7,2,8,-2,187,34
"V",7,2,8,-3,160,22
"V",7,2,8,-4,116,11
"V",7,2,8,-5,76,4
"V",7,2,8,-6,46,2
"V",7,2,8,-7,31,0
"V",7,2,8,-8,26,0
"V",7,2,8,-9,16,0
"V",7,2,8,0,363,180
"V",7,2,8,1,330,229
"V",7,2,8,10,13,13
"V",7,2,8,11,13,13
"V",7,2,8,12,8,8
"V",7,2,8,13,2,2
"V",7,2,8,14,4,4
"V",7,2,8,15,2,2
"V",7,2,8,16,1,1
"V",7,2,8,17,3,3
"V",7,2,8,2,259,216
"V",7,2,8,3,229,209
"V",7,2,8,4,165,154
"V",7,2,8,5,132,127
"V",7,2,8,6,80,79
"V",7,2,8,7,45,45
"V",7,2,8,8,28,28
"V",7,2,8,9,24,24
"V",8,0,1,-1,6520,1471
"V",8,0,1,-10,345,0
"V",8,0,1,-11,222,0
"V",8,0,1,-12,134,0
"V",8,0,1,-13,93,0
"V",8,0,1,-14,56,0
"V",8,0,1,-15,47,0
"V",8,0,1,-16,25,0
"V",8,0,1,-17,7,0
"V",8,0,1,-18,7,0
"V",8,0,1,-19,4,0
"V",8,0,1,-2,5483,617
"V",8,0,1,-20,3,0
"V",8,0,1,-21,2,0
"V",8,0,1,-23,1,0
"V",8,0,1,-3,4463,257
"V",8,0,1,-4,3546,106
"V",8,0,1,-5,2481,28
"V",8,0,1,-6,1684,12
"V",8,0,1,-7,1222,4
"V",8,0,1,-8,849,2
"V",8,0,1,-9,566,1
"V",8,0,1,0,6875,3216
"V",8,0,1,1,6025,4505
"V",8,0,1,10,230,230
"V",8,0,1,11,163,162
"V",8,0,1,12,89,89
"V",8,0,1,13,58,58
"V",8,0,1,14,41,41
"V",8,0,1,15,23,23
"V",8,0,1,16,10,10
"V",8,0,1,17,12,12
"V",8,0,1,18,4,4
"V",8,0,1,19,5,5
"V",8,0,1,2,4949,4277
"V",8,0,1,20,2,2
"V",8,0,1,21,1,1
"V",8,0,1,24,1,1
"V",8,0,1,25,1,1
"V",8,0,1,3,3808,3547
"V",8,0,1,4,2814,2733
"V",8,0,1,5,1985,1945
"V",8,0,1,6,1402,1395
"V",8,0,1,7,906,900
"V",8,0,1,8,552,551
"V",8,0,1,9,364,364
"V",8,0,2,-1,1768,561
"V",8,0,2,-10,109,0
"V",8,0,2,-11,78,0
"V",8,0,2,-12,46,0
"V",8,0,2,-13,23,0
"V",8,0,2,-14,12,0
"V",8,0,2,-15,12,0
"V",8,0,2,-16,9,0
"V",8,0,2,-17,5,0
"V",8,0,2,-18,2,0
"V",8,0,2,-19,2,0
"V",8,0,2,-2,1459,263
"V",8,0,2,-20,2,0
"V",8,0,2,-21,1,0
"V",8,0,2,-23,1,0
"V",8,0,2,-3,1221,107
"V",8,0,2,-4,959,53
"V",8,0,2,-5,716,14
"V",8,0,2,-6,452,7
"V",8,0,2,-7,323,2
"V",8,0,2,-8,260,2
"V",8,0,2,-9,153,0
"V",8,0,2,0,1891,965
"V",8,0,2,1,1699,1331
"V",8,0,2,10,83,83
"V",8,0,2,11,59,58
"V",8,0,2,12,37,37
"V",8,0,2,13,17,17
"V",8,0,2,14,10,10
"V",8,0,2,15,9,9
"V",8,0,2,16,4,4
"V",8,0,2,17,3,3
"V",8,0,2,18,2,2
"V",8,0,2,19,2,2
"V",8,0,2,2,1491,1310
"V",8,0,2,3,1106,1044
"V",8,0,2,4,837,815
"V",8,0,2,5,593,580
"V",8,0,2,6,419,417
"V",8,0,2,7,289,286
"V",8,0,2,8,176,175
"V",8,0,2,9,121,121
"V",8,0,3,-1,351,122
"V",8,0,3,-10,18,0
"V",8,0,3,-11,16,0
"V",8,0,3,-12,4,0
"V",8,0,3,-13,11,0
"V",8,0,3,-14,5,0
"V",8,0,3,-15,2,0
"V",8,0,3,-18,1,0
"V",8,0,3,-2,312,71
"V",8,0,3,-3,235,23
"V",8,0,3,-4,194,10
"V",8,0,3,-5,159,3
"V",8,0,3,-6,106,0
"V",8,0,3,-7,70,1
"V",8,0,3,-8,48,0
"V",8,0,3,-9,29,0
"V",8,0,3,0,411,258
"V",8,0,3,1,380,309
"V",8,0,3,10,23,23
"V",8,0,3,11,18,18
"V",8,0,3,12,8,8
"V",8,0,3,13,5,5
"V",8,0,3,14,3,3
"V",8,0,3,15,3,3
"V",8,0,3,16,1,1
"V",8,0,3,17,3,3
"V",8,0,3,18,1,1
"V",8,0,3,2,333,307
"V",8,0,3,3,280,260
"V",8,0,3,4,208,200
"V",8,0,3,5,148,146
"V",8,0,3,6,104,104
"V",8,0,3,7,81,81
"V",8,0,3,8,49,49
"V",8,0,3,9,38,38
"V",8,0,4,-1,341,154
"V",8,0,4,-10,25,0
"V",8,0,4,-11,28,0
"V",8,0,4,-12,17,0
"V",8,0,4,-13,9,0
"V",8,0,4,-14,3,0
"V",8,0,4,-15,4,0
"V",8,0,4,-16,1,0
"V",8,0,4,-17,2,0
"V",8,0,4,-19,1,0
"V",8,0,4,-2,362,106
"V",8,0,4,-20,1,0
"V",8,0,4,-3,301,43
"V",8,0,4,-4,272,30
"V",8,0,4,-5,205,9
"V",8,0,4,-6,134,4
"V",8,0,4,-7,89,1
"V",8,0,4,-8,64,1
"V",8,0,4,-9,47,0
"V",8,0,4,0,344,219
"V",8,0,4,1,295,248
"V",8,0,4,10,19,19
"V",8,0,4,11,22,22
"V",8,0,4,12,8,8
"V",8,0,4,13,2,2
"V",8,0,4,14,3,3
"V",8,0,4,15,1,1
"V",8,0,4,16,1,1
"V",8,0,4,17,2,2
"V",8,0,4,18,1,1
"V",8,0,4,2,274,245
"V",8,0,4,3,225,214
"V",8,0,4,4,191,190
"V",8,0,4,5,129,128
"V",8,0,4,6,95,95
"V",8,0,4,7,68,68
"V",8,0,4,8,35,35
"V",8,0,4,9,32,32
"V",8,0,5,-1,90,34
"V",8,0,5,-10,5,0
"V",8,0,5,-12,4,0
"V",8,0,5,-13,1,0
"V",8,0,5,-15,1,0
"V",8,0,5,-2,83,13
"V",8,0,5,-3,73,9
"V",8,0,5,-4,34,2
"V",8,0,5,-5,28,0
"V",8,0,5,-6,21,0
"V",8,0,5,-7,16,0
"V",8,0,5,-8,15,0
"V",8,0,5,-9,5,0
"V",8,0,5,0,110,78
"V",8,0,5,1,113,97
"V",8,0,5,10,9,9
"V",8,0,5,11,3,3
"V",8,0,5,12,6,6
"V",8,0,5,13,3,3
"V",8,0,5,14,2,2
"V",8,0,5,17,1,1
"V",8,0,5,2,119,112
"V",8,0,5,3,95,90
"V",8,0,5,4,68,67
"V",8,0,5,5,48,47
"V",8,0,5,6,43,42
"V",8,0,5,7,16,16
"V",8,0,5,8,19,19
"V",8,0,5,9,10,10
"V",8,0,6,-1,164,78
"V",8,0,6,-10,7,0
"V",8,0,6,-11,5,0
"V",8,0,6,-12,6,0
"V",8,0,6,-13,3,0
"V",8,0,6,-14,2,0
"V",8,0,6,-2,163,55
"V",8,0,6,-3,130,18
"V",8,0,6,-4,79,3
"V",8,0,6,-5,62,2
"V",8,0,6,-6,33,1
"V",8,0,6,-7,23,1
"V",8,0,6,-8,24,0
"V",8,0,6,-9,11,0
"V",8,0,6,0,151,108
"V",8,0,6,1,137,121
"V",8,0,6,10,12,12
"V",8,0,6,11,5,5
"V",8,0,6,12,7,7
"V",8,0,6,13,3,3
"V",8,0,6,14,3,3
"V",8,0,6,15,1,1
"V",8,0,6,16,1,1
"V",8,0,6,18,3,3
"V",8,0,6,2,118,107
"V",8,0,6,3,122,116
"V",8,0,6,4,76,76
"V",8,0,6,5,54,52
"V",8,0,6,6,43,43
"V",8,0,6,7,37,37
"V",8,0,6,8,10,10
"V",8,0,6,9,14,14
"V",8,0,7,-1,87,52
"V",8,0,7,-10,1,0
"V",8,0,7,-11,4,0
"V",8,0,7,-12,2,0
"V",8,0,7,-13,3,0
"V",8,0,7,-15,1,0
"V",8,0,7,-2,77,30
"V",8,0,7,-3,50,8
"V",8,0,7,-4,48,6
"V",8,0,7,-5,27,2
"V",8,0,7,-6,27,1
"V",8,0,7,-7,12,0
"V",8,0,7,-8,15,0
"V",8,0,7,-9,4,0
"V",8,0,7,0,80,62
"V",8,0,7,1,77,67
"V",8,0,7,10,6,6
"V",8,0,7,11,4,4
"V",8,0,7,12,3,3
"V",8,0,7,13,1,1
"V",8,0,7,14,2,2
"V",8,0,7,15,1,1
"V",8,0,7,16,1,1
"V",8,0,7,2,66,58
"V",8,0,7,3,55,53
"V",8,0,7,4,55,55
"V",8,0,7,5,32,32
"V",8,0,7,6,24,24
"V",8,0,7,7,12,12
"V",8,0,7,8,9,9
"V",8,0,7,9,7,7
"V",8,0,8,-1,102,65
"V",8,0,8,-10,2,0
"V",8,0,8,-11,8,0
"V",8,0,8,-12,5,0
"V",8,0,8,-13,2,0
"V",8,0,8,-15,1,0
"V",8,0,8,-16,1,0
"V",8,0,8,-2,93,38
"V",8,0,8,-3,56,19
"V",8,0,8,-4,55,12
"V",8,0,8,-5,44,4
"V",8,0,8,-6,38,0
"V",8,0,8,-7,16,0
"V",8,0,8,-8,16,0
"V",8,0,8,-9,10,0
"V",8,0,8,0,97,70
"V",8,0,8,1,77,67
"V",8,0,8,10,5,5
"V",8,0,8,11,6,6
"V",8,0,8,12,5,5
"V",8,0,8,13,1,1
"V",8,0,8,14,1,1
"V",8,0,8,2,81,69
"V",8,0,8,3,62,60
"V",8,0,8,4,60,60
"V",8,0,8,5,39,39
"V",8,0,8,6,35,35
"V",8,0,8,7,18,18
"V",8,0,8,8,12,12
"V",8,0,8,9,13,13
"V",8,1,1,-1,4565,788
"V",8,1,1,-10,219,0
"V",8,1,1,-11,133,0
"V",8,1,1,-12,81,0
"V",8,1,1,-13,59,0
"V",8,1,1,-14,40,0
"V",8,1,1,-15,32,0
"V",8,1,1,-16,15,0
"V",8,1,1,-17,2,0
"V",8,1,1,-18,4,0
"V",8,1,1,-19,2,0
"V",8,1,1,-2,3793,298
"V",8,1,1,-20,1,0
"V",8,1,1,-21,1,0
"V",8,1,1,-3,3046,124
"V",8,1,1,-4,2417,42
"V",8,1,1,-5,1635,13
"V",8,1,1,-6,1138,7
"V",8,1,1,-7,841,1
"V",8,1,1,-8,552,0
"V",8,1,1,-9,389,1
"V",8,1,1,0,4737,2040
"V",8,1,1,1,4154,3012
"V",8,1,1,10,144,144
"V",8,1,1,11,104,104
"V",8,1,1,12,62,62
"V",8,1,1,13,47,47
"V",8,1,1,14,31,31
"V",8,1,1,15,16,16
"V",8,1,1,16,7,7
"V",8,1,1,17,6,6
"V",8,1,1,18,2,2
"V",8,1,1,19,3,3
"V",8,1,1,2,3346,2847
"V",8,1,1,20,2,2
"V",8,1,1,21,2,2
"V",8,1,1,23,1,1
"V",8,1,1,24,1,1
"V",8,1,1,25,1,1
"V",8,1,1,3,2660,2458
"V",8,1,1,4,1933,1871
"V",8,1,1,5,1386,1357
"V",8,1,1,6,987,982
"V",8,1,1,7,642,638
"V",8,1,1,8,378,378
"V",8,1,1,9,245,245
"V",8,1,2,-1,1949,426
"V",8,1,2,-10,134,0
"V",8,1,2,-11,82,0
"V",8,1,2,-12,40,0
"V",8,1,2,-13,27,0
"V",8,1,2,-14,17,0
"V",8,1,2,-15,17,0
"V",8,1,2,-16,11,0
"V",8,1,2,-17,4,0
"V",8,1,2,-18,1,0
"V",8,1,2,-19,2,0
"V",8,1,2,-2,1834,201
"V",8,1,2,-20,1,0
"V",8,1,2,-21,1,0
"V",8,1,2,-3,1450,89
"V",8,1,2,-4,1140,31
"V",8,1,2,-5,816,10
"V",8,1,2,-6,559,4
"V",8,1,2,-7,398,1
"V",8,1,2,-8,294,1
"V",8,1,2,-9,196,0
"V",8,1,2,0,2048,962
"V",8,1,2,1,1813,1383
"V",8,1,2,10,98,98
"V",8,1,2,11,62,61
"V",8,1,2,12,35,35
"V",8,1,2,13,28,28
"V",8,1,2,14,24,24
"V",8,1,2,15,10,10
"V",8,1,2,16,5,5
"V",8,1,2,17,4,4
"V",8,1,2,18,1,1
"V",8,1,2,19,5,5
"V",8,1,2,2,1579,1365
"V",8,1,2,20,1,1
"V",8,1,2,21,2,2
"V",8,1,2,3,1261,1181
"V",8,1,2,4,915,887
"V",8,1,2,5,708,691
"V",8,1,2,6,523,518
"V",8,1,2,7,351,349
"V",8,1,2,8,220,220
"V",8,1,2,9,143,143
"V",8,1,3,-1,863,266
"V",8,1,3,-10,24,0
"V",8,1,3,-11,20,0
"V",8,1,3,-12,11,0
"V",8,1,3,-13,11,0
"V",8,1,3,-14,6,0
"V",8,1,3,-15,1,0
"V",8,1,3,-16,2,0
"V",8,1,3,-17,1,0
"V",8,1,3,-18,1,0
"V",8,1,3,-2,494,67
"V",8,1,3,-3,378,24
"V",8,1,3,-4,275,8
"V",8,1,3,-5,221,4
"V",8,1,3,-6,137,1
"V",8,1,3,-7,113,0
"V",8,1,3,-8,77,1
"V",8,1,3,-9,50,1
"V",8,1,3,0,1195,630
"V",8,1,3,1,1079,833
"V",8,1,3,10,42,42
"V",8,1,3,11,37,36
"V",8,1,3,12,22,22
"V",8,1,3,13,13,13
"V",8,1,3,14,6,6
"V",8,1,3,15,6,6
"V",8,1,3,16,1,1
"V",8,1,3,17,3,3
"V",8,1,3,19,1,1
"V",8,1,3,2,976,861
"V",8,1,3,20,1,1
"V",8,1,3,3,693,658
"V",8,1,3,4,563,546
"V",8,1,3,5,392,387
"V",8,1,3,6,248,247
"V",8,1,3,7,181,180
"V",8,1,3,8,127,127
"V",8,1,3,9,69,69
"V",8,1,4,-1,587,195
"V",8,1,4,-10,42,0
"V",8,1,4,-11,40,0
"V",8,1,4,-12,14,0
"V",8,1,4,-13,13,0
"V",8,1,4,-14,3,0
"V",8,1,4,-15,4,0
"V",8,1,4,-16,5,0
"V",8,1,4,-17,3,0
"V",8,1,4,-18,1,0
"V",8,1,4,-19,3,0
"V",8,1,4,-2,589,101
"V",8,1,4,-3,517,52
"V",8,1,4,-4,400,16
"V",8,1,4,-5,292,4
"V",8,1,4,-6,215,4
"V",8,1,4,-7,138,1
"V",8,1,4,-8,104,1
"V",8,1,4,-9,75,0
"V",8,1,4,0,708,392
"V",8,1,4,1,687,528
"V",8,1,4,10,38,38
"V",8,1,4,11,27,27
"V",8,1,4,12,17,17
"V",8,1,4,13,11,11
"V",8,1,4,14,13,13
"V",8,1,4,15,5,5
"V",8,1,4,16,3,3
"V",8,1,4,17,1,1
"V",8,1,4,18,2,2
"V",8,1,4,19,2,2
"V",8,1,4,2,605,530
"V",8,1,4,20,1,1
"V",8,1,4,21,1,1
"V",8,1,4,3,459,430
"V",8,1,4,4,341,331
"V",8,1,4,5,253,251
"V",8,1,4,6,178,178
"V",8,1,4,7,136,135
"V",8,1,4,8,92,92
"V",8,1,4,9,72,72
"V",8,1,5,-1,277,99
"V",8,1,5,-10,8,0
"V",8,1,5,-11,8,0
"V",8,1,5,-12,4,0
"V",8,1,5,-13,4,0
"V",8,1,5,-14,2,0
"V",8,1,5,-15,3,0
"V",8,1,5,-2,171,33
"V",8,1,5,-3,131,6
"V",8,1,5,-4,84,1
"V",8,1,5,-5,75,0
"V",8,1,5,-6,47,1
"V",8,1,5,-7,33,0
"V",8,1,5,-8,16,0
"V",8,1,5,-9,16,0
"V",8,1,5,0,364,240
"V",8,1,5,1,346,275
"V",8,1,5,10,19,19
"V",8,1,5,11,11,11
"V",8,1,5,12,8,8
"V",8,1,5,13,14,14
"V",8,1,5,14,2,2
"V",8,1,5,15,2,2
"V",8,1,5,2,332,299
"V",8,1,5,20,1,1
"V",8,1,5,3,269,253
"V",8,1,5,4,197,191
"V",8,1,5,5,139,136
"V",8,1,5,6,92,90
"V",8,1,5,7,74,74
"V",8,1,5,8,52,52
"V",8,1,5,9,28,28
"V",8,1,6,-1,338,133
"V",8,1,6,-10,19,0
"V",8,1,6,-11,12,0
"V",8,1,6,-12,8,0
"V",8,1,6,-13,1,0
"V",8,1,6,-14,2,0
"V",8,1,6,-16,1,0
"V",8,1,6,-17,1,0
"V",8,1,6,-18,1,0
"V",8,1,6,-2,256,57
"V",8,1,6,-3,197,16
"V",8,1,6,-4,173,10
"V",8,1,6,-5,125,4
"V",8,1,6,-6,63,0
"V",8,1,6,-7,46,0
"V",8,1,6,-8,32,1
"V",8,1,6,-9,23,0
"V",8,1,6,0,380,242
"V",8,1,6,1,350,289
"V",8,1,6,10,22,22
"V",8,1,6,11,14,14
"V",8,1,6,12,12,12
"V",8,1,6,13,4,4
"V",8,1,6,14,4,4
"V",8,1,6,15,1,1
"V",8,1,6,16,1,1
"V",8,1,6,17,3,3
"V",8,1,6,18,3,3
"V",8,1,6,2,276,253
"V",8,1,6,20,2,2
"V",8,1,6,22,2,2
"V",8,1,6,3,248,233
"V",8,1,6,4,181,177
"V",8,1,6,5,141,137
"V",8,1,6,6,125,125
"V",8,1,6,7,72,71
"V",8,1,6,8,48,48
"V",8,1,6,9,29,29
"V",8,1,7,-1,269,133
"V",8,1,7,-10,7,0
"V",8,1,7,-11,10,0
"V",8,1,7,-12,8,0
"V",8,1,7,-13,1,0
"V",8,1,7,-14,5,0
"V",8,1,7,-15,2,0
"V",8,1,7,-2,209,51
"V",8,1,7,-3,123,17
"V",8,1,7,-4,111,9
"V",8,1,7,-5,82,6
"V",8,1,7,-6,49,2
"V",8,1,7,-7,37,0
"V",8,1,7,-8,22,0
"V",8,1,7,-9,19,0
"V",8,1,7,0,268,174
"V",8,1,7,1,270,219
"V",8,1,7,10,14,14
"V",8,1,7,11,14,14
"V",8,1,7,12,9,9
"V",8,1,7,13,5,5
"V",8,1,7,14,1,1
"V",8,1,7,15,2,2
"V",8,1,7,16,1,1
"V",8,1,7,17,1,1
"V",8,1,7,2,262,236
"V",8,1,7,21,1,1
"V",8,1,7,3,204,200
"V",8,1,7,4,165,164
"V",8,1,7,5,104,103
"V",8,1,7,6,94,94
"V",8,1,7,7,59,59
"V",8,1,7,8,30,30
"V",8,1,7,9,17,17
"V",8,1,8,-1,232,114
"V",8,1,8,-10,5,0
"V",8,1,8,-11,10,0
"V",8,1,8,-12,4,0
"V",8,1,8,-13,7,0
"V",8,1,8,-14,1,0
"V",8,1,8,-15,2,0
"V",8,1,8,-16,1,0
"V",8,1,8,-17,2,0
"V",8,1,8,-18,1,0
"V",8,1,8,-2,157,45
"V",8,1,8,-3,126,27
"V",8,1,8,-4,98,11
"V",8,1,8,-5,72,5
"V",8,1,8,-6,65,0
"V",8,1,8,-7,38,0
"V",8,1,8,-8,24,1
"V",8,1,8,-9,13,0
"V",8,1,8,0,321,213
"V",8,1,8,1,277,228
"V",8,1,8,10,14,14
"V",8,1,8,11,8,8
"V",8,1,8,12,5,5
"V",8,1,8,13,3,3
"V",8,1,8,14,4,4
"V",8,1,8,15,3,3
"V",8,1,8,18,1,1
"V",8,1,8,2,247,222
"V",8,1,8,20,1,1
"V",8,1,8,3,185,177
"V",8,1,8,4,158,156
"V",8,1,8,5,86,86
"V",8,1,8,6,73,73
"V",8,1,8,7,48,48
"V",8,1,8,8,29,29
"V",8,1,8,9,23,23
"V",8,2,1,-1,3487,464
"V",8,2,1,-10,156,0
"V",8,2,1,-11,88,0
"V",8,2,1,-12,67,0
"V",8,2,1,-13,40,0
"V",8,2,1,-14,30,0
"V",8,2,1,-15,18,0
"V",8,2,1,-16,11,0
"V",8,2,1,-18,5,0
"V",8,2,1,-19,2,0
"V",8,2,1,-2,2809,162
"V",8,2,1,-20,1,0
"V",8,2,1,-21,1,0
"V",8,2,1,-23,1,0
"V",8,2,1,-3,2286,59
"V",8,2,1,-4,1794,22
"V",8,2,1,-5,1208,7
"V",8,2,1,-6,828,4
"V",8,2,1,-7,622,0
"V",8,2,1,-8,405,0
"V",8,2,1,-9,255,0
"V",8,2,1,0,3546,1378
"V",8,2,1,1,3291,2333
"V",8,2,1,10,120,120
"V",8,2,1,11,101,101
"V",8,2,1,12,56,56
"V",8,2,1,13,44,44
"V",8,2,1,14,29,29
"V",8,2,1,15,19,19
"V",8,2,1,16,9,9
"V",8,2,1,17,4,4
"V",8,2,1,18,1,1
"V",8,2,1,19,2,2
"V",8,2,1,2,2576,2158
"V",8,2,1,21,2,2
"V",8,2,1,23,1,1
"V",8,2,1,24,1,1
"V",8,2,1,25,1,1
"V",8,2,1,3,2130,1939
"V",8,2,1,4,1586,1528
"V",8,2,1,5,1120,1096
"V",8,2,1,6,818,814
"V",8,2,1,7,547,542
"V",8,2,1,8,309,308
"V",8,2,1,9,211,211
"V",8,2,2,-1,2045,320
"V",8,2,2,-10,129,0
"V",8,2,2,-11,64,0
"V",8,2,2,-12,49,0
"V",8,2,2,-13,25,0
"V",8,2,2,-14,17,0
"V",8,2,2,-15,18,0
"V",8,2,2,-16,8,0
"V",8,2,2,-17,3,0
"V",8,2,2,-19,2,0
"V",8,2,2,-2,1790,124
"V",8,2,2,-20,1,0
"V",8,2,2,-23,1,0
"V",8,2,2,-3,1450,40
"V",8,2,2,-4,1159,17
"V",8,2,2,-5,799,5
"V",8,2,2,-6,529,5
"V",8,2,2,-7,393,0
"V",8,2,2,-8,266,0
"V",8,2,2,-9,177,0
"V",8,2,2,0,2025,834
"V",8,2,2,1,1865,1362
"V",8,2,2,10,111,111
"V",8,2,2,11,82,82
"V",8,2,2,12,45,45
"V",8,2,2,13,36,36
"V",8,2,2,14,24,24
"V",8,2,2,15,13,13
"V",8,2,2,16,5,5
"V",8,2,2,17,3,3
"V",8,2,2,18,1,1
"V",8,2,2,19,4,4
"V",8,2,2,2,1566,1330
"V",8,2,2,20,1,1
"V",8,2,2,21,2,2
"V",8,2,2,23,1,1
"V",8,2,2,3,1323,1217
"V",8,2,2,4,1046,1008
"V",8,2,2,5,741,721
"V",8,2,2,6,572,566
"V",8,2,2,7,412,410
"V",8,2,2,8,245,245
"V",8,2,2,9,166,166
"V",8,2,3,-1,978,219
"V",8,2,3,-10,38,0
"V",8,2,3,-11,26,0
"V",8,2,3,-12,17,0
"V",8,2,3,-13,12,0
"V",8,2,3,-14,7,0
"V",8,2,3,-15,1,0
"V",8,2,3,-16,3,0
"V",8,2,3,-18,1,0
"V",8,2,3,-2,639,58
"V",8,2,3,-3,499,24
"V",8,2,3,-4,361,11
"V",8,2,3,-5,300,2
"V",8,2,3,-6,177,0
"V",8,2,3,-7,135,0
"V",8,2,3,-8,96,0
"V",8,2,3,-9,62,0
"V",8,2,3,0,1188,526
"V",8,2,3,1,1147,855
"V",8,2,3,10,65,65
"V",8,2,3,11,45,44
"V",8,2,3,12,39,39
"V",8,2,3,13,15,15
"V",8,2,3,14,9,9
"V",8,2,3,15,8,8
"V",8,2,3,16,4,4
"V",8,2,3,17,3,3
"V",8,2,3,19,3,3
"V",8,2,3,2,986,848
"V",8,2,3,20,1,1
"V",8,2,3,23,1,1
"V",8,2,3,3,818,760
"V",8,2,3,4,669,652
"V",8,2,3,5,491,480
"V",8,2,3,6,342,338
"V",8,2,3,7,260,259
"V",8,2,3,8,194,194
"V",8,2,3,9,116,116
"V",8,2,4,-1,777,175
"V",8,2,4,-10,53,0
"V",8,2,4,-11,38,0
"V",8,2,4,-12,17,0
"V",8,2,4,-13,8,0
"V",8,2,4,-14,6,0
"V",8,2,4,-15,6,0
"V",8,2,4,-16,3,0
"V",8,2,4,-17,1,0
"V",8,2,4,-19,2,0
"V",8,2,4,-2,746,74
"V",8,2,4,-23,1,0
"V",8,2,4,-3,634,30
"V",8,2,4,-4,447,12
"V",8,2,4,-5,323,3
"V",8,2,4,-6,236,3
"V",8,2,4,-7,150,0
"V",8,2,4,-8,141,0
"V",8,2,4,-9,88,0
"V",8,2,4,0,976,433
"V",8,2,4,1,887,667
"V",8,2,4,10,44,44
"V",8,2,4,11,39,39
"V",8,2,4,12,26,26
"V",8,2,4,13,14,14
"V",8,2,4,14,7,7
"V",8,2,4,15,6,6
"V",8,2,4,16,4,4
"V",8,2,4,17,2,2
"V",8,2,4,2,791,669
"V",8,2,4,20,1,1
"V",8,2,4,23,1,1
"V",8,2,4,3,607,557
"V",8,2,4,4,501,484
"V",8,2,4,5,367,359
"V",8,2,4,6,241,240
"V",8,2,4,7,199,199
"V",8,2,4,8,137,137
"V",8,2,4,9,74,74
"V",8,2,5,-1,398,73
"V",8,2,5,-10,12,0
"V",8,2,5,-11,16,0
"V",8,2,5,-12,10,0
"V",8,2,5,-13,4,0
"V",8,2,5,-14,4,0
"V",8,2,5,-15,2,0
"V",8,2,5,-16,3,0
"V",8,2,5,-2,245,24
"V",8,2,5,-3,198,4
"V",8,2,5,-4,148,3
"V",8,2,5,-5,115,0
"V",8,2,5,-6,79,0
"V",8,2,5,-7,53,0
"V",8,2,5,-8,38,0
"V",8,2,5,-9,22,0
"V",8,2,5,0,445,218
"V",8,2,5,1,438,328
"V",8,2,5,10,30,30
"V",8,2,5,11,26,26
"V",8,2,5,12,16,16
"V",8,2,5,13,12,12
"V",8,2,5,14,5,5
"V",8,2,5,15,6,6
"V",8,2,5,16,3,3
"V",8,2,5,2,434,370
"V",8,2,5,3,359,330
"V",8,2,5,4,284,273
"V",8,2,5,5,213,211
"V",8,2,5,6,152,152
"V",8,2,5,7,116,116
"V",8,2,5,8,66,65
"V",8,2,5,9,41,41
"V",8,2,6,-1,386,87
"V",8,2,6,-10,28,0
"V",8,2,6,-11,12,0
"V",8,2,6,-12,7,0
"V",8,2,6,-13,1,0
"V",8,2,6,-15,1,0
"V",8,2,6,-16,5,0
"V",8,2,6,-2,303,35
"V",8,2,6,-3,253,9
"V",8,2,6,-4,163,2
"V",8,2,6,-5,133,1
"V",8,2,6,-6,81,0
"V",8,2,6,-7,57,0
"V",8,2,6,-8,39,0
"V",8,2,6,-9,21,0
"V",8,2,6,0,448,221
"V",8,2,6,1,420,313
"V",8,2,6,10,20,20
"V",8,2,6,11,22,22
"V",8,2,6,12,12,12
"V",8,2,6,13,10,10
"V",8,2,6,14,6,6
"V",8,2,6,15,3,3
"V",8,2,6,16,5,5
"V",8,2,6,17,2,2
"V",8,2,6,19,1,1
"V",8,2,6,2,358,310
"V",8,2,6,22,1,1
"V",8,2,6,3,319,296
"V",8,2,6,4,234,228
"V",8,2,6,5,171,163
"V",8,2,6,6,132,131
"V",8,2,6,7,94,94
"V",8,2,6,8,66,66
"V",8,2,6,9,43,43
"V",8,2,7,-1,237,70
"V",8,2,7,-10,14,0
"V",8,2,7,-11,5,0
"V",8,2,7,-12,3,0
"V",8,2,7,-14,6,0
"V",8,2,7,-15,1,0
"V",8,2,7,-16,3,0
"V",8,2,7,-17,1,0
"V",8,2,7,-2,219,26
"V",8,2,7,-3,152,12
"V",8,2,7,-4,110,6
"V",8,2,7,-5,96,0
"V",8,2,7,-6,57,1
"V",8,2,7,-7,43,0
"V",8,2,7,-8,24,0
"V",8,2,7,-9,21,0
"V",8,2,7,0,269,136
"V",8,2,7,1,314,234
"V",8,2,7,10,17,17
"V",8,2,7,11,8,8
"V",8,2,7,12,7,7
"V",8,2,7,13,8,8
"V",8,2,7,14,3,3
"V",8,2,7,15,1,1
"V",8,2,7,17,1,1
"V",8,2,7,18,1,1
"V",8,2,7,19,2,2
"V",8,2,7,2,247,219
"V",8,2,7,3,215,202
"V",8,2,7,4,161,159
"V",8,2,7,5,128,125
"V",8,2,7,6,110,109
"V",8,2,7,7,76,76
"V",8,2,7,8,42,42
"V",8,2,7,9,38,38
"V",8,2,8,-1,276,83
"V",8,2,8,-10,8,0
"V",8,2,8,-11,9,0
"V",8,2,8,-12,4,0
"V",8,2,8,-13,1,0
"V",8,2,8,-14,1,0
"V",8,2,8,-16,1,0
"V",8,2,8,-17,1,0
"V",8,2,8,-18,1,0
"V",8,2,8,-19,2,0
"V",8,2,8,-2,209,35
"V",8,2,8,-3,150,7
"V",8,2,8,-4,99,3
"V",8,2,8,-5,92,1
"V",8,2,8,-6,67,0
"V",8,2,8,-7,45,0
"V",8,2,8,-8,22,0
"V",8,2,8,-9,16,0
"V",8,2,8,0,350,175
"V",8,2,8,1,331,245
"V",8,2,8,10,15,15
"V",8,2,8,11,10,10
"V",8,2,8,12,6,6
"V",8,2,8,13,9,9
"V",8,2,8,14,1,1
"V",8,2,8,15,2,2
"V",8,2,8,16,2,2
"V",8,2,8,17,1,1
"V",8,2,8,2,301,254
"V",8,2,8,3,223,208
"V",8,2,8,4,170,166
"V",8,2,8,5,118,115
"V",8,2,8,6,79,77
"V",8,2,8,7,61,61
"V",8,2,8,8,48,48
"V",8,2,8,9,25,25
"V",9,0,1,-1,5962,832
"V",9,0,1,-10,480,0
"V",9,0,1,-11,284,0
"V",9,0,1,-12,219,0
"V",9,0,1,-13,132,0
"V",9,0,1,-14,77,0
"V",9,0,1,-15,46,0
"V",9,0,1,-16,36,0
"V",9,0,1,-17,15,0
"V",9,0,1,-18,15,0
"V",9,0,1,-19,8,0
"V",9,0,1,-2,5243,296
"V",9,0,1,-20,5,0
"V",9,0,1,-21,4,0
"V",9,0,1,-22,1,0
"V",9,0,1,-25,1,0
"V",9,0,1,-26,1,0
"V",9,0,1,-3,4478,118
"V",9,0,1,-4,3578,39
"V",9,0,1,-5,2673,12
"V",9,0,1,-6,1881,9
"V",9,0,1,-7,1360,1
"V",9,0,1,-8,943,1
"V",9,0,1,-9,676,0
"V",9,0,1,0,5997,2812
"V",9,0,1,1,5719,4857
"V",9,0,1,10,279,279
"V",9,0,1,11,186,186
"V",9,0,1,12,128,128
"V",9,0,1,13,85,85
"V",9,0,1,14,56,56
"V",9,0,1,15,31,31
"V",9,0,1,16,21,21
"V",9,0,1,17,12,12
"V",9,0,1,18,5,5
"V",9,0,1,19,4,4
"V",9,0,1,2,4688,4347
"V",9,0,1,20,1,1
"V",9,0,1,21,2,2
"V",9,0,1,23,3,3
"V",9,0,1,25,1,1
"V",9,0,1,3,3743,3619
"V",9,0,1,4,2889,2847
"V",9,0,1,5,2081,2067
"V",9,0,1,6,1529,1525
"V",9,0,1,7,1059,1059
"V",9,0,1,8,663,663
"V",9,0,1,9,445,445
"V",9,0,2,-1,1551,399
"V",9,0,2,-10,135,0
"V",9,0,2,-11,81,0
"V",9,0,2,-12,61,0
"V",9,0,2,-13,45,0
"V",9,0,2,-14,17,0
"V",9,0,2,-15,12,0
"V",9,0,2,-16,11,0
"V",9,0,2,-17,2,0
"V",9,0,2,-18,4,0
"V",9,0,2,-19,2,0
"V",9,0,2,-2,1432,163
"V",9,0,2,-20,3,0
"V",9,0,2,-21,1,0
"V",9,0,2,-26,1,0
"V",9,0,2,-3,1156,68
"V",9,0,2,-4,954,23
"V",9,0,2,-5,772,9
"V",9,0,2,-6,529,7
"V",9,0,2,-7,381,1
"V",9,0,2,-8,266,1
"V",9,0,2,-9,206,0
"V",9,0,2,0,1662,947
"V",9,0,2,1,1564,1356
"V",9,0,2,10,89,89
"V",9,0,2,11,57,57
"V",9,0,2,12,38,38
"V",9,0,2,13,26,26
"V",9,0,2,14,13,13
"V",9,0,2,15,11,11
"V",9,0,2,16,9,9
"V",9,0,2,17,3,3
"V",9,0,2,18,1,1
"V",9,0,2,19,3,3
"V",9,0,2,2,1287,1206
"V",9,0,2,21,1,1
"V",9,0,2,3,1062,1029
"V",9,0,2,4,806,797
"V",9,0,2,5,635,630
"V",9,0,2,6,453,453
"V",9,0,2,7,319,319
"V",9,0,2,8,190,190
"V",9,0,2,9,136,136
"V",9,0,3,-1,310,94
"V",9,0,3,-10,35,0
"V",9,0,3,-11,23,0
"V",9,0,3,-12,10,0
"V",9,0,3,-13,8,0
"V",9,0,3,-14,10,0
"V",9,0,3,-15,7,0
"V",9,0,3,-16,3,0
"V",9,0,3,-17,1,0
"V",9,0,3,-18,1,0
"V",9,0,3,-19,1,0
"V",9,0,3,-2,281,41
"V",9,0,3,-21,1,0
"V",9,0,3,-3,246,17
"V",9,0,3,-4,196,4
"V",9,0,3,-5,155,1
"V",9,0,3,-6,118,1
"V",9,0,3,-7,84,0
"V",9,0,3,-8,68,0
"V",9,0,3,-9,40,0
"V",9,0,3,0,337,211
"V",9,0,3,1,366,324
"V",9,0,3,10,17,17
"V",9,0,3,11,15,15
"V",9,0,3,12,11,11
"V",9,0,3,13,15,15
"V",9,0,3,14,6,6
"V",9,0,3,15,3,3
"V",9,0,3,16,1,1
"V",9,0,3,17,2,2
"V",9,0,3,18,2,2
"V",9,0,3,19,1,1
"V",9,0,3,2,281,269
"V",9,0,3,3,251,244
"V",9,0,3,4,197,196
"V",9,0,3,5,142,142
"V",9,0,3,6,106,106
"V",9,0,3,7,95,95
"V",9,0,3,8,58,58
"V",9,0,3,9,41,41
"V",9,0,4,-1,313,131
"V",9,0,4,-10,41,0
"V",9,0,4,-11,26,0
"V",9,0,4,-12,19,0
"V",9,0,4,-13,12,0
"V",9,0,4,-14,5,0
"V",9,0,4,-15,5,0
"V",9,0,4,-16,3,0
"V",9,0,4,-17,1,0
"V",9,0,4,-2,368,79
"V",9,0,4,-20,1,0
"V",9,0,4,-3,300,42
"V",9,0,4,-4,256,16
"V",9,0,4,-5,212,11
"V",9,0,4,-6,135,6
"V",9,0,4,-7,102,1
"V",9,0,4,-8,61,1
"V",9,0,4,-9,50,0
"V",9,0,4,0,290,196
"V",9,0,4,1,279,254
"V",9,0,4,10,28,28
"V",9,0,4,11,19,19
"V",9,0,4,12,8,8
"V",9,0,4,13,9,9
"V",9,0,4,14,2,2
"V",9,0,4,15,1,1
"V",9,0,4,16,1,1
"V",9,0,4,17,1,1
"V",9,0,4,2,257,247
"V",9,0,4,3,194,191
"V",9,0,4,4,180,179
"V",9,0,4,5,148,146
"V",9,0,4,6,102,102
"V",9,0,4,7,87,87
"V",9,0,4,8,53,53
"V",9,0,4,9,41,41
"V",9,0,5,-1,83,35
"V",9,0,5,-10,6,0
"V",9,0,5,-11,13,0
"V",9,0,5,-12,1,0
"V",9,0,5,-13,1,0
"V",9,0,5,-14,7,0
"V",9,0,5,-16,3,0
"V",9,0,5,-2,63,6
"V",9,0,5,-22,1,0
"V",9,0,5,-3,64,2
"V",9,0,5,-4,54,0
"V",9,0,5,-5,41,1
"V",9,0,5,-6,31,0
"V",9,0,5,-7,24,0
"V",9,0,5,-8,26,0
"V",9,0,5,-9,11,0
"V",9,0,5,0,100,76
"V",9,0,5,1,101,92
"V",9,0,5,10,5,5
"V",9,0,5,11,6,6
"V",9,0,5,12,2,2
"V",9,0,5,13,2,2
"V",9,0,5,14,4,4
"V",9,0,5,15,3,3
"V",9,0,5,17,1,1
"V",9,0,5,2,88,84
"V",9,0,5,3,62,61
"V",9,0,5,4,67,67
"V",9,0,5,5,51,51
"V",9,0,5,6,50,49
"V",9,0,5,7,30,30
"V",9,0,5,8,13,13
"V",9,0,5,9,11,11
"V",9,0,6,-1,157,79
"V",9,0,6,-10,11,0
"V",9,0,6,-11,8,0
"V",9,0,6,-12,4,0
"V",9,0,6,-13,3,0
"V",9,0,6,-14,3,0
"V",9,0,6,-15,3,0
"V",9,0,6,-16,2,0
"V",9,0,6,-19,1,0
"V",9,0,6,-2,132,27
"V",9,0,6,-3,82,8
"V",9,0,6,-4,72,6
"V",9,0,6,-5,69,2
"V",9,0,6,-6,44,0
"V",9,0,6,-7,31,0
"V",9,0,6,-8,23,0
"V",9,0,6,-9,18,0
"V",9,0,6,0,125,100
"V",9,0,6,1,117,106
"V",9,0,6,10,13,13
"V",9,0,6,11,3,3
"V",9,0,6,12,5,5
"V",9,0,6,13,5,5
"V",9,0,6,15,4,4
"V",9,0,6,2,106,105
"V",9,0,6,3,88,87
"V",9,0,6,4,75,75
"V",9,0,6,5,66,66
"V",9,0,6,6,47,47
"V",9,0,6,7,42,42
"V",9,0,6,8,18,18
"V",9,0,6,9,9,9
"V",9,0,7,-1,78,46
"V",9,0,7,-10,9,0
"V",9,0,7,-11,5,0
"V",9,0,7,-12,3,0
"V",9,0,7,-13,1,0
"V",9,0,7,-15,2,0
"V",9,0,7,-2,72,17
"V",9,0,7,-26,1,0
"V",9,0,7,-3,63,8
"V",9,0,7,-4,44,2
"V",9,0,7,-5,38,0
"V",9,0,7,-6,27,1
"V",9,0,7,-7,23,0
"V",9,0,7,-8,13,0
"V",9,0,7,-9,10,0
"V",9,0,7,0,54,43
"V",9,0,7,1,63,57
"V",9,0,7,10,6,6
"V",9,0,7,11,2,2
"V",9,0,7,12,3,3
"V",9,0,7,14,3,3
"V",9,0,7,15,2,2
"V",9,0,7,16,1,1
"V",9,0,7,17,1,1
"V",9,0,7,2,54,51
"V",9,0,7,3,60,59
"V",9,0,7,4,45,45
"V",9,0,7,5,40,40
"V",9,0,7,6,39,39
"V",9,0,7,7,24,24
"V",9,0,7,8,16,16
"V",9,0,7,9,12,12
"V",9,0,8,-1,83,50
"V",9,0,8,-10,12,0
"V",9,0,8,-11,9,0
"V",9,0,8,-12,7,0
"V",9,0,8,-13,5,0
"V",9,0,8,-14,1,0
"V",9,0,8,-15,1,0
"V",9,0,8,-16,1,0
"V",9,0,8,-2,71,20
"V",9,0,8,-3,70,19
"V",9,0,8,-4,60,8
"V",9,0,8,-5,47,4
"V",9,0,8,-6,24,3
"V",9,0,8,-7,22,2
"V",9,0,8,-8,13,1
"V",9,0,8,-9,15,0
"V",9,0,8,0,98,84
"V",9,0,8,1,77,74
"V",9,0,8,10,8,8
"V",9,0,8,11,4,4
"V",9,0,8,12,3,3
"V",9,0,8,13,4,4
"V",9,0,8,14,1,1
"V",9,0,8,15,3,3
"V",9,0,8,2,62,61
"V",9,0,8,3,59,59
"V",9,0,8,4,58,58
"V",9,0,8,5,29,29
"V",9,0,8,6,27,27
"V",9,0,8,7,18,18
"V",9,0,8,8,12,12
"V",9,0,8,9,11,11
"V",9,1,1,-1,4188,310
"V",9,1,1,-10,325,0
"V",9,1,1,-11,186,0
"V",9,1,1,-12,149,0
"V",9,1,1,-13,83,0
"V",9,1,1,-14,48,0
"V",9,1,1,-15,27,0
"V",9,1,1,-16,24,0
"V",9,1,1,-17,12,0
"V",9,1,1,-18,11,0
"V",9,1,1,-19,4,0
"V",9,1,1,-2,3606,87
"V",9,1,1,-20,2,0
"V",9,1,1,-21,2,0
"V",9,1,1,-25,1,0
"V",9,1,1,-3,3118,27
"V",9,1,1,-4,2476,13
"V",9,1,1,-5,1779,1
"V",9,1,1,-6,1238,2
"V",9,1,1,-7,905,0
"V",9,1,1,-8,614,0
"V",9,1,1,-9,441,0
"V",9,1,1,0,4107,1680
"V",9,1,1,1,3954,3300
"V",9,1,1,10,200,200
"V",9,1,1,11,130,130
"V",9,1,1,12,92,92
"V",9,1,1,13,55,55
"V",9,1,1,14,43,43
"V",9,1,1,15,26,26
"V",9,1,1,16,15,15
"V",9,1,1,17,10,10
"V",9,1,1,18,5,5
"V",9,1,1,19,2,2
"V",9,1,1,2,3309,3048
"V",9,1,1,20,1,1
"V",9,1,1,21,1,1
"V",9,1,1,23,3,3
"V",9,1,1,25,1,1
"V",9,1,1,3,2642,2549
"V",9,1,1,4,2034,1999
"V",9,1,1,5,1444,1434
"V",9,1,1,6,1060,1056
"V",9,1,1,7,734,734
"V",9,1,1,8,488,488
"V",9,1,1,9,319,319
"V",9,1,2,-1,1831,279
"V",9,1,2,-10,150,0
"V",9,1,2,-11,91,0
"V",9,1,2,-12,77,0
"V",9,1,2,-13,39,0
"V",9,1,2,-14,18,0
"V",9,1,2,-15,13,0
"V",9,1,2,-16,17,0
"V",9,1,2,-17,5,0
"V",9,1,2,-18,5,0
"V",9,1,2,-19,3,0
"V",9,1,2,-2,1722,104
"V",9,1,2,-20,3,0
"V",9,1,2,-21,1,0
"V",9,1,2,-25,1,0
"V",9,1,2,-3,1511,35
"V",9,1,2,-4,1191,18
"V",9,1,2,-5,890,2
"V",9,1,2,-6,604,0
"V",9,1,2,-7,440,0
"V",9,1,2,-8,308,0
"V",9,1,2,-9,233,0
"V",9,1,2,0,1728,832
"V",9,1,2,1,1705,1424
"V",9,1,2,10,124,124
"V",9,1,2,11,75,75
"V",9,1,2,12,57,57
"V",9,1,2,13,35,35
"V",9,1,2,14,20,20
"V",9,1,2,15,17,17
"V",9,1,2,16,9,9
"V",9,1,2,17,5,5
"V",9,1,2,18,4,4
"V",9,1,2,19,4,4
"V",9,1,2,2,1418,1323
"V",9,1,2,20,1,1
"V",9,1,2,21,1,1
"V",9,1,2,25,1,1
"V",9,1,2,3,1236,1187
"V",9,1,2,4,945,938
"V",9,1,2,5,732,722
"V",9,1,2,6,564,563
"V",9,1,2,7,383,383
"V",9,1,2,8,288,288
"V",9,1,2,9,175,175
"V",9,1,3,-1,690,139
"V",9,1,3,-10,47,0
"V",9,1,3,-11,36,0
"V",9,1,3,-12,21,0
"V",9,1,3,-13,16,0
"V",9,1,3,-14,10,0
"V",9,1,3,-15,6,0
"V",9,1,3,-16,3,0
"V",9,1,3,-17,2,0
"V",9,1,3,-18,5,0
"V",9,1,3,-19,1,0
"V",9,1,3,-2,440,38
"V",9,1,3,-21,1,0
"V",9,1,3,-3,415,11
"V",9,1,3,-4,351,4
"V",9,1,3,-5,279,1
"V",9,1,3,-6,184,1
"V",9,1,3,-7,150,0
"V",9,1,3,-8,119,0
"V",9,1,3,-9,65,0
"V",9,1,3,0,1086,630
"V",9,1,3,1,1061,927
"V",9,1,3,10,40,40
"V",9,1,3,11,27,27
"V",9,1,3,12,26,26
"V",9,1,3,13,17,17
"V",9,1,3,14,13,13
"V",9,1,3,15,5,5
"V",9,1,3,16,5,5
"V",9,1,3,17,3,3
"V",9,1,3,18,2,2
"V",9,1,3,19,2,2
"V",9,1,3,2,829,776
"V",9,1,3,3,719,698
"V",9,1,3,4,522,514
"V",9,1,3,5,399,393
"V",9,1,3,6,291,291
"V",9,1,3,7,199,199
"V",9,1,3,8,125,125
"V",9,1,3,9,73,73
"V",9,1,4,-1,560,159
"V",9,1,4,-10,58,0
"V",9,1,4,-11,37,0
"V",9,1,4,-12,26,0
"V",9,1,4,-13,15,0
"V",9,1,4,-14,10,0
"V",9,1,4,-15,6,0
"V",9,1,4,-16,4,0
"V",9,1,4,-17,4,0
"V",9,1,4,-18,1,0
"V",9,1,4,-19,1,0
"V",9,1,4,-2,575,80
"V",9,1,4,-24,1,0
"V",9,1,4,-25,1,0
"V",9,1,4,-3,519,36
"V",9,1,4,-4,420,20
"V",9,1,4,-5,301,4
"V",9,1,4,-6,234,0
"V",9,1,4,-7,169,0
"V",9,1,4,-8,130,0
"V",9,1,4,-9,87,0
"V",9,1,4,0,672,398
"V",9,1,4,1,662,576
"V",9,1,4,10,56,56
"V",9,1,4,11,33,33
"V",9,1,4,12,29,29
"V",9,1,4,13,15,15
"V",9,1,4,14,7,7
"V",9,1,4,15,5,5
"V",9,1,4,16,5,5
"V",9,1,4,17,3,3
"V",9,1,4,18,2,2
"V",9,1,4,2,511,481
"V",9,1,4,20,1,1
"V",9,1,4,3,421,410
"V",9,1,4,4,347,347
"V",9,1,4,5,278,273
"V",9,1,4,6,200,200
"V",9,1,4,7,164,164
"V",9,1,4,8,123,123
"V",9,1,4,9,72,72
"V",9,1,5,-1,243,60
"V",9,1,5,-10,18,0
"V",9,1,5,-11,16,0
"V",9,1,5,-12,4,0
"V",9,1,5,-13,11,0
"V",9,1,5,-14,3,0
"V",9,1,5,-15,2,0
"V",9,1,5,-16,3,0
"V",9,1,5,-17,1,0
"V",9,1,5,-18,2,0
"V",9,1,5,-2,144,12
"V",9,1,5,-22,1,0
"V",9,1,5,-3,145,5
"V",9,1,5,-4,135,0
"V",9,1,5,-5,88,1
"V",9,1,5,-6,70,0
"V",9,1,5,-7,47,0
"V",9,1,5,-8,48,0
"V",9,1,5,-9,37,0
"V",9,1,5,0,297,186
"V",9,1,5,1,338,303
"V",9,1,5,10,18,18
"V",9,1,5,11,17,17
"V",9,1,5,12,11,11
"V",9,1,5,13,6,6
"V",9,1,5,14,2,2
"V",9,1,5,15,1,1
"V",9,1,5,17,2,2
"V",9,1,5,18,2,2
"V",9,1,5,19,1,1
"V",9,1,5,2,317,301
"V",9,1,5,3,239,234
"V",9,1,5,4,216,213
"V",9,1,5,5,157,157
"V",9,1,5,6,114,113
"V",9,1,5,7,90,90
"V",9,1,5,8,53,53
"V",9,1,5,9,38,38
"V",9,1,6,-1,276,113
"V",9,1,6,-10,15,0
"V",9,1,6,-11,19,0
"V",9,1,6,-12,7,0
"V",9,1,6,-13,3,0
"V",9,1,6,-14,6,0
"V",9,1,6,-15,3,0
"V",9,1,6,-18,1,0
"V",9,1,6,-2,233,33
"V",9,1,6,-22,1,0
"V",9,1,6,-3,197,18
"V",9,1,6,-4,153,4
"V",9,1,6,-5,138,0
"V",9,1,6,-6,86,0
"V",9,1,6,-7,61,0
"V",9,1,6,-8,44,0
"V",9,1,6,-9,27,0
"V",9,1,6,0,328,225
"V",9,1,6,1,335,299
"V",9,1,6,10,22,22
"V",9,1,6,11,16,16
"V",9,1,6,12,15,15
"V",9,1,6,13,7,7
"V",9,1,6,14,6,6
"V",9,1,6,15,5,5
"V",9,1,6,18,1,1
"V",9,1,6,2,263,253
"V",9,1,6,3,255,249
"V",9,1,6,4,195,194
"V",9,1,6,5,147,147
"V",9,1,6,6,122,122
"V",9,1,6,7,84,84
"V",9,1,6,8,42,42
"V",9,1,6,9,38,38
"V",9,1,7,-1,230,102
"V",9,1,7,-10,23,0
"V",9,1,7,-11,12,0
"V",9,1,7,-12,9,0
"V",9,1,7,-13,3,0
"V",9,1,7,-14,1,0
"V",9,1,7,-15,1,0
"V",9,1,7,-2,232,43
"V",9,1,7,-21,1,0
"V",9,1,7,-26,1,0
"V",9,1,7,-3,123,11
"V",9,1,7,-4,89,4
"V",9,1,7,-5,77,0
"V",9,1,7,-6,69,0
"V",9,1,7,-7,52,0
"V",9,1,7,-8,28,0
"V",9,1,7,-9,14,0
"V",9,1,7,0,262,179
"V",9,1,7,1,248,217
"V",9,1,7,10,20,20
"V",9,1,7,11,12,12
"V",9,1,7,12,8,8
"V",9,1,7,13,4,4
"V",9,1,7,14,3,3
"V",9,1,7,15,2,2
"V",9,1,7,17,2,2
"V",9,1,7,2,241,233
"V",9,1,7,21,1,1
"V",9,1,7,3,204,200
"V",9,1,7,4,152,151
"V",9,1,7,5,125,123
"V",9,1,7,6,99,99
"V",9,1,7,7,71,71
"V",9,1,7,8,47,47
"V",9,1,7,9,26,26
"V",9,1,8,-1,209,91
"V",9,1,8,-10,23,0
"V",9,1,8,-11,14,0
"V",9,1,8,-12,6,0
"V",9,1,8,-13,1,0
"V",9,1,8,-14,3,0
"V",9,1,8,-15,3,0
"V",9,1,8,-16,3,0
"V",9,1,8,-17,1,0
"V",9,1,8,-19,1,0
"V",9,1,8,-2,173,40
"V",9,1,8,-3,140,27
"V",9,1,8,-4,120,14
"V",9,1,8,-5,81,2
"V",9,1,8,-6,59,0
"V",9,1,8,-7,45,0
"V",9,1,8,-8,27,0
"V",9,1,8,-9,23,0
"V",9,1,8,0,299,219
"V",9,1,8,1,284,265
"V",9,1,8,10,15,15
"V",9,1,8,11,8,8
"V",9,1,8,12,8,8
"V",9,1,8,13,6,6
"V",9,1,8,14,3,3
"V",9,1,8,15,4,4
"V",9,1,8,16,1,1
"V",9,1,8,17,1,1
"V",9,1,8,2,198,190
"V",9,1,8,3,164,162
"V",9,1,8,4,140,139
"V",9,1,8,5,100,100
"V",9,1,8,6,71,71
"V",9,1,8,7,59,59
"V",9,1,8,8,39,39
"V",9,1,8,9,23,23
"V",9,2,1,-1,3126,84
"V",9,2,1,-10,240,0
"V",9,2,1,-11,122,0
"V",9,2,1,-12,100,0
"V",9,2,1,-13,69,0
"V",9,2,1,-14,40,0
"V",9,2,1,-15,23,0
"V",9,2,1,-16,12,0
"V",9,2,1,-17,8,0
"V",9,2,1,-18,7,0
"V",9,2,1,-19,3,0
"V",9,2,1,-2,2707,16
"V",9,2,1,-20,1,0
"V",9,2,1,-21,2,0
"V",9,2,1,-3,2284,4
"V",9,2,1,-4,1788,0
"V",9,2,1,-5,1276,0
"V",9,2,1,-6,916,1
"V",9,2,1,-7,671,0
"V",9,2,1,-8,467,0
"V",9,2,1,-9,312,0
"V",9,2,1,0,3112,1116
"V",9,2,1,1,2995,2486
"V",9,2,1,10,161,161
"V",9,2,1,11,115,115
"V",9,2,1,12,72,72
"V",9,2,1,13,49,49
"V",9,2,1,14,42,42
"V",9,2,1,15,20,20
"V",9,2,1,16,12,12
"V",9,2,1,17,8,8
"V",9,2,1,18,3,3
"V",9,2,1,19,2,2
"V",9,2,1,2,2589,2357
"V",9,2,1,20,1,1
"V",9,2,1,21,1,1
"V",9,2,1,23,3,3
"V",9,2,1,3,2049,1974
"V",9,2,1,4,1629,1597
"V",9,2,1,5,1173,1164
"V",9,2,1,6,842,838
"V",9,2,1,7,611,611
"V",9,2,1,8,392,392
"V",9,2,1,9,279,279
"V",9,2,2,-1,1891,108
"V",9,2,2,-10,153,0
"V",9,2,2,-11,71,0
"V",9,2,2,-12,78,0
"V",9,2,2,-13,38,0
"V",9,2,2,-14,23,0
"V",9,2,2,-15,8,0
"V",9,2,2,-16,15,0
"V",9,2,2,-17,5,0
"V",9,2,2,-18,5,0
"V",9,2,2,-19,2,0
"V",9,2,2,-2,1727,47
"V",9,2,2,-20,3,0
"V",9,2,2,-3,1527,10
"V",9,2,2,-4,1179,1
"V",9,2,2,-5,871,0
"V",9,2,2,-6,571,0
"V",9,2,2,-7,447,0
"V",9,2,2,-8,311,0
"V",9,2,2,-9,222,0
"V",9,2,2,0,1771,720
"V",9,2,2,1,1719,1431
"V",9,2,2,10,144,144
"V",9,2,2,11,93,93
"V",9,2,2,12,60,60
"V",9,2,2,13,44,44
"V",9,2,2,14,36,36
"V",9,2,2,15,20,20
"V",9,2,2,16,8,8
"V",9,2,2,17,7,7
"V",9,2,2,18,2,2
"V",9,2,2,19,3,3
"V",9,2,2,2,1482,1359
"V",9,2,2,23,2,2
"V",9,2,2,3,1272,1216
"V",9,2,2,4,1024,1006
"V",9,2,2,5,813,807
"V",9,2,2,6,582,581
"V",9,2,2,7,440,440
"V",9,2,2,8,320,320
"V",9,2,2,9,217,217
"V",9,2,3,-1,817,75
"V",9,2,3,-10,78,0
"V",9,2,3,-11,37,0
"V",9,2,3,-12,22,0
"V",9,2,3,-13,18,0
"V",9,2,3,-14,9,0
"V",9,2,3,-15,6,0
"V",9,2,3,-16,4,0
"V",9,2,3,-17,1,0
"V",9,2,3,-18,3,0
"V",9,2,3,-19,2,0
"V",9,2,3,-2,617,12
"V",9,2,3,-20,2,0
"V",9,2,3,-21,2,0
"V",9,2,3,-25,1,0
"V",9,2,3,-3,610,5
"V",9,2,3,-4,508,0
"V",9,2,3,-5,402,1
"V",9,2,3,-6,264,1
"V",9,2,3,-7,213,0
"V",9,2,3,-8,137,0
"V",9,2,3,-9,103,0
"V",9,2,3,0,1010,464
"V",9,2,3,1,1106,934
"V",9,2,3,10,60,60
"V",9,2,3,11,50,50
"V",9,2,3,12,36,36
"V",9,2,3,13,26,26
"V",9,2,3,14,19,19
"V",9,2,3,15,10,10
"V",9,2,3,16,9,9
"V",9,2,3,17,3,3
"V",9,2,3,18,2,2
"V",9,2,3,19,1,1
"V",9,2,3,2,956,891
"V",9,2,3,20,2,2
"V",9,2,3,3,822,788
"V",9,2,3,4,643,632
"V",9,2,3,5,521,513
"V",9,2,3,6,375,375
"V",9,2,3,7,267,267
"V",9,2,3,8,192,192
"V",9,2,3,9,119,119
"V",9,2,4,-1,766,107
"V",9,2,4,-10,69,0
"V",9,2,4,-11,40,0
"V",9,2,4,-12,29,0
"V",9,2,4,-13,18,0
"V",9,2,4,-14,11,0
"V",9,2,4,-15,3,0
"V",9,2,4,-16,6,0
"V",9,2,4,-17,2,0
"V",9,2,4,-19,1,0
"V",9,2,4,-2,718,44
"V",9,2,4,-3,644,11
"V",9,2,4,-4,459,6
"V",9,2,4,-5,350,0
"V",9,2,4,-6,264,1
"V",9,2,4,-7,180,0
"V",9,2,4,-8,130,0
"V",9,2,4,-9,105,0
"V",9,2,4,0,910,427
"V",9,2,4,1,885,744
"V",9,2,4,10,80,80
"V",9,2,4,11,56,56
"V",9,2,4,12,31,31
"V",9,2,4,13,19,19
"V",9,2,4,14,13,13
"V",9,2,4,15,8,8
"V",9,2,4,16,6,6
"V",9,2,4,17,5,5
"V",9,2,4,18,7,7
"V",9,2,4,19,1,1
"V",9,2,4,2,692,653
"V",9,2,4,22,1,1
"V",9,2,4,3,595,572
"V",9,2,4,4,541,535
"V",9,2,4,5,365,361
"V",9,2,4,6,270,270
"V",9,2,4,7,205,205
"V",9,2,4,8,177,177
"V",9,2,4,9,117,117
"V",9,2,5,-1,364,45
"V",9,2,5,-10,37,0
"V",9,2,5,-11,17,0
"V",9,2,5,-12,17,0
"V",9,2,5,-13,7,0
"V",9,2,5,-14,6,0
"V",9,2,5,-15,5,0
"V",9,2,5,-16,5,0
"V",9,2,5,-18,4,0
"V",9,2,5,-19,1,0
"V",9,2,5,-2,254,8
"V",9,2,5,-20,3,0
"V",9,2,5,-3,250,4
"V",9,2,5,-4,216,1
"V",9,2,5,-5,177,0
"V",9,2,5,-6,146,0
"V",9,2,5,-7,96,0
"V",9,2,5,-8,57,0
"V",9,2,5,-9,51,0
"V",9,2,5,0,376,167
"V",9,2,5,1,389,323
"V",9,2,5,10,31,31
"V",9,2,5,11,20,20
"V",9,2,5,12,13,13
"V",9,2,5,13,14,14
"V",9,2,5,14,3,3
"V",9,2,5,15,3,3
"V",9,2,5,16,2,2
"V",9,2,5,17,1,1
"V",9,2,5,18,2,2
"V",9,2,5,19,1,1
"V",9,2,5,2,369,331
"V",9,2,5,3,331,321
"V",9,2,5,4,273,269
"V",9,2,5,5,208,206
"V",9,2,5,6,159,159
"V",9,2,5,7,120,120
"V",9,2,5,8,76,76
"V",9,2,5,9,47,47
"V",9,2,6,-1,372,58
"V",9,2,6,-10,30,0
"V",9,2,6,-11,21,0
"V",9,2,6,-12,12,0
"V",9,2,6,-13,5,0
"V",9,2,6,-14,8,0
"V",9,2,6,-15,2,0
"V",9,2,6,-16,5,0
"V",9,2,6,-17,1,0
"V",9,2,6,-18,2,0
"V",9,2,6,-2,291,21
"V",9,2,6,-20,1,0
"V",9,2,6,-22,1,0
"V",9,2,6,-24,1,0
"V",9,2,6,-3,235,12
"V",9,2,6,-4,201,0
"V",9,2,6,-5,152,1
"V",9,2,6,-6,92,0
"V",9,2,6,-7,76,0
"V",9,2,6,-8,58,0
"V",9,2,6,-9,41,0
"V",9,2,6,0,411,181
"V",9,2,6,1,376,325
"V",9,2,6,10,33,33
"V",9,2,6,11,19,19
"V",9,2,6,12,14,14
"V",9,2,6,13,10,10
"V",9,2,6,14,9,9
"V",9,2,6,15,2,2
"V",9,2,6,16,1,1
"V",9,2,6,17,1,1
"V",9,2,6,18,1,1
"V",9,2,6,19,2,2
"V",9,2,6,2,291,273
"V",9,2,6,20,1,1
"V",9,2,6,3,292,279
"V",9,2,6,4,209,204
"V",9,2,6,5,206,204
"V",9,2,6,6,135,135
"V",9,2,6,7,106,106
"V",9,2,6,8,62,62
"V",9,2,6,9,39,39
"V",9,2,7,-1,205,38
"V",9,2,7,-10,16,0
"V",9,2,7,-11,9,0
"V",9,2,7,-12,13,0
"V",9,2,7,-13,9,0
"V",9,2,7,-14,3,0
"V",9,2,7,-15,1,0
"V",9,2,7,-16,2,0
"V",9,2,7,-18,1,0
"V",9,2,7,-2,202,24
"V",9,2,7,-3,177,4
"V",9,2,7,-4,137,0
"V",9,2,7,-5,117,0
"V",9,2,7,-6,84,0
"V",9,2,7,-7,60,0
"V",9,2,7,-8,47,0
"V",9,2,7,-9,31,0
"V",9,2,7,0,253,125
"V",9,2,7,1,279,235
"V",9,2,7,10,28,28
"V",9,2,7,11,18,18
"V",9,2,7,12,10,10
"V",9,2,7,13,9,9
"V",9,2,7,14,5,5
"V",9,2,7,15,1,1
"V",9,2,7,16,3,3
"V",9,2,7,17,1,1
"V",9,2,7,18,1,1
"V",9,2,7,2,254,241
"V",9,2,7,21,1,1
"V",9,2,7,3,182,175
"V",9,2,7,4,168,166
"V",9,2,7,5,121,116
"V",9,2,7,6,90,90
"V",9,2,7,7,75,75
"V",9,2,7,8,52,52
"V",9,2,7,9,36,36
"V",9,2,8,-1,249,61
"V",9,2,8,-10,17,0
"V",9,2,8,-11,11,0
"V",9,2,8,-12,7,0
"V",9,2,8,-13,3,0
"V",9,2,8,-14,5,0
"V",9,2,8,-15,5,0
"V",9,2,8,-16,2,0
"V",9,2,8,-18,1,0
"V",9,2,8,-2,205,23
"V",9,2,8,-24,1,0
"V",9,2,8,-3,185,9
"V",9,2,8,-4,134,4
"V",9,2,8,-5,89,0
"V",9,2,8,-6,74,0
"V",9,2,8,-7,49,0
"V",9,2,8,-8,27,0
"V",9,2,8,-9,29,0
"V",9,2,8,0,345,181
"V",9,2,8,1,353,299
"V",9,2,8,10,18,18
"V",9,2,8,11,15,15
"V",9,2,8,12,12,12
"V",9,2,8,13,12,12
"V",9,2,8,14,4,4
"V",9,2,8,15,2,2
"V",9,2,8,16,4,4
"V",9,2,8,17,1,1
"V",9,2,8,18,2,2
"V",9,2,8,2,254,240
"V",9,2,8,20,1,1
"V",9,2,8,3,202,200
"V",9,2,8,4,166,162
"V",9,2,8,5,114,114
"V",9,2,8,6,84,84
"V",9,2,8,7,74,74
"V",9,2,8,8,57,57
"V",9,2,8,9,33,33
"V",10,0,1,0,5243,2457
"V",10,0,1,1,67,57
"V",10,0,1,2,11,11
"V",10,0,1,3,1,1
"V",10,0,1,4,3,2
"V",10,0,2,0,1404,775
"V",10,0,2,1,36,33
"V",10,0,2,2,10,9
"V",10,0,2,3,2,2
"V",10,0,2,4,3,2
"V",10,0,3,0,241,162
"V",10,0,3,1,27,23
"V",10,0,3,2,10,10
"V",10,0,3,3,5,5
"V",10,0,3,4,1,1
"V",10,0,4,0,205,139
"V",10,0,4,1,26,23
"V",10,0,4,2,9,8
"V",10,0,4,3,5,5
"V",10,0,4,4,2,2
"V",10,0,4,5,1,1
"V",10,0,4,7,1,1
"V",10,0,4,8,1,1
"V",10,0,5,0,65,52
"V",10,0,5,1,14,11
"V",10,0,5,2,6,6
"V",10,0,5,3,3,3
"V",10,0,5,4,1,1
"V",10,0,6,0,89,69
"V",10,0,6,1,14,12
"V",10,0,6,2,10,9
"V",10,0,6,3,4,4
"V",10,0,6,4,2,2
"V",10,0,7,0,37,25
"V",10,0,7,1,12,11
"V",10,0,7,2,8,7
"V",10,0,8,0,59,38
"V",10,0,8,1,16,15
"V",10,0,8,2,5,5
"V",10,0,8,3,3,3
"V",10,0,8,4,2,2
"V",10,0,8,5,1,1
"V",10,1,1,0,3527,1443
"V",10,1,1,1,113,89
"V",10,1,1,2,52,48
"V",10,1,1,3,23,23
"V",10,1,1,4,7,6
"V",10,1,1,5,2,2
"V",10,1,1,6,1,1
"V",10,1,2,0,1365,651
"V",10,1,2,1,139,117
"V",10,1,2,2,48,45
"V",10,1,2,3,28,28
"V",10,1,2,4,11,11
"V",10,1,2,5,3,3
"V",10,1,2,6,2,2
"V",10,1,3,0,817,449
"V",10,1,3,1,112,100
"V",10,1,3,2,39,36
"V",10,1,3,3,22,22
"V",10,1,3,4,9,9
"V",10,1,3,5,2,2
"V",10,1,3,7,1,1
"V",10,1,4,0,486,282
"V",10,1,4,1,112,99
"V",10,1,4,2,42,38
"V",10,1,4,3,25,25
"V",10,1,4,4,7,7
"V",10,1,4,5,4,4
"V",10,1,4,6,1,1
"V",10,1,4,8,2,2
"V",10,1,4,9,1,1
"V",10,1,5,0,173,121
"V",10,1,5,1,52,47
"V",10,1,5,2,18,15
"V",10,1,5,3,7,6
"V",10,1,5,4,8,7
"V",10,1,5,5,2,2
"V",10,1,5,8,1,1
"V",10,1,6,0,198,141
"V",10,1,6,1,74,64
"V",10,1,6,2,31,30
"V",10,1,6,3,12,12
"V",10,1,6,4,8,8
"V",10,1,6,5,5,5
"V",10,1,6,6,3,3
"V",10,1,6,7,1,1
"V",10,1,7,0,115,81
"V",10,1,7,1,50,48
"V",10,1,7,2,27,24
"V",10,1,7,3,8,8
"V",10,1,7,4,3,3
"V",10,1,7,6,1,1
"V",10,1,8,0,174,117
"V",10,1,8,1,61,56
"V",10,1,8,2,18,17
"V",10,1,8,3,9,9
"V",10,1,8,4,2,2
"V",10,1,8,5,1,1
"V",10,2,1,0,2525,925
"V",10,2,1,1,160,131
"V",10,2,1,2,87,80
"V",10,2,1,3,33,33
"V",10,2,1,4,16,15
"V",10,2,1,5,5,5
"V",10,2,1,6,4,4
"V",10,2,1,7,1,1
"V",10,2,1,8,1,1
"V",10,2,2,0,1152,427
"V",10,2,2,1,235,199
"V",10,2,2,2,91,85
"V",10,2,2,3,52,52
"V",10,2,2,4,26,25
"V",10,2,2,5,9,9
"V",10,2,2,6,2,2
"V",10,2,2,8,3,3
"V",10,2,3,0,646,311
"V",10,2,3,1,186,159
"V",10,2,3,2,94,84
"V",10,2,3,3,37,37
"V",10,2,3,4,25,24
"V",10,2,3,5,9,9
"V",10,2,3,6,3,3
"V",10,2,3,7,3,3
"V",10,2,4,0,565,261
"V",10,2,4,1,188,160
"V",10,2,4,2,97,87
"V",10,2,4,3,39,38
"V",10,2,4,4,19,18
"V",10,2,4,5,7,7
"V",10,2,4,6,1,1
"V",10,2,4,8,1,1
"V",10,2,4,9,1,1
"V",10,2,5,0,218,95
"V",10,2,5,1,64,55
"V",10,2,5,2,47,43
"V",10,2,5,3,20,18
"V",10,2,5,4,8,8
"V",10,2,5,5,2,2
"V",10,2,5,6,1,1
"V",10,2,5,7,1,1
"V",10,2,5,8,1,1
"V",10,2,6,0,198,88
"V",10,2,6,1,86,77
"V",10,2,6,2,41,36
"V",10,2,6,3,18,17
"V",10,2,6,4,12,12
"V",10,2,6,5,4,4
"V",10,2,6,6,1,1
"V",10,2,7,0,103,47
"V",10,2,7,1,62,53
"V",10,2,7,2,31,29
"V",10,2,7,3,11,10
"V",10,2,7,4,5,5
"V",10,2,7,5,3,3
"V",10,2,7,7,1,1
"V",10,2,8,0,170,76
"V",10,2,8,1,80,68
"V",10,2,8,2,31,29
"V",10,2,8,3,9,7
"V",10,2,8,4,3,2
"V",10,2,8,5,2,2
"V",10,2,8,6,1,1
"V",11,0,1,0,2874,1317
"V",11,0,1,1,35,28
"V",11,0,1,2,8,8
"V",11,0,1,3,3,3
"V",11,0,1,4,1,1
"V",11,0,2,0,761,422
"V",11,0,2,1,20,20
"V",11,0,2,2,5,5
"V",11,0,2,3,3,3
"V",11,0,3,0,149,101
"V",11,0,3,1,11,10
"V",11,0,3,2,2,1
"V",11,0,3,5,1,1
"V",11,0,4,0,112,74
"V",11,0,4,1,10,9
"V",11,0,4,2,5,4
"V",11,0,4,3,1,1
"V",11,0,5,0,31,24
"V",11,0,5,1,4,4
"V",11,0,5,2,4,4
"V",11,0,6,0,58,45
"V",11,0,6,1,5,5
"V",11,0,6,2,1,1
"V",11,0,6,3,2,2
"V",11,0,7,0,18,15
"V",11,0,7,1,7,6
"V",11,0,7,2,1,1
"V",11,0,7,3,2,1
"V",11,0,8,0,31,23
"V",11,0,8,1,7,7
"V",11,0,8,2,1,1
"V",11,1,1,0,1947,771
"V",11,1,1,1,64,53
"V",11,1,1,2,20,20
"V",11,1,1,3,9,9
"V",11,1,1,4,7,7
"V",11,1,2,0,782,371
"V",11,1,2,1,83,71
"V",11,1,2,2,24,24
"V",11,1,2,3,15,15
"V",11,1,2,4,8,8
"V",11,1,2,5,1,1
"V",11,1,3,0,414,230
"V",11,1,3,1,55,46
"V",11,1,3,2,17,17
"V",11,1,3,3,11,11
"V",11,1,3,4,6,6
"V",11,1,4,0,239,128
"V",11,1,4,1,66,59
"V",11,1,4,2,19,19
"V",11,1,4,3,7,7
"V",11,1,4,4,4,4
"V",11,1,4,5,1,1
"V",11,1,4,6,1,1
"V",11,1,5,0,84,59
"V",11,1,5,1,27,24
"V",11,1,5,2,8,8
"V",11,1,5,3,2,2
"V",11,1,5,4,2,2
"V",11,1,5,5,2,2
"V",11,1,6,0,99,71
"V",11,1,6,1,39,35
"V",11,1,6,2,11,11
"V",11,1,6,3,5,4
"V",11,1,6,4,2,2
"V",11,1,6,5,2,2
"V",11,1,6,7,1,1
"V",11,1,7,0,84,67
"V",11,1,7,1,31,29
"V",11,1,7,2,15,15
"V",11,1,7,3,6,5
"V",11,1,7,4,1,1
"V",11,1,8,0,84,61
"V",11,1,8,1,42,37
"V",11,1,8,2,12,12
"V",11,1,8,3,7,6
"V",11,1,8,4,3,3
"V",11,1,8,5,1,1
"V",11,2,1,0,1391,474
"V",11,2,1,1,81,67
"V",11,2,1,2,37,36
"V",11,2,1,3,13,12
"V",11,2,1,4,8,8
"V",11,2,1,5,6,6
"V",11,2,1,6,2,2
"V",11,2,2,0,686,242
"V",11,2,2,1,121,100
"V",11,2,2,2,60,57
"V",11,2,2,3,23,23
"V",11,2,2,4,11,11
"V",11,2,2,5,5,5
"V",11,2,2,6,6,6
"V",11,2,2,7,1,1
"V",11,2,2,8,1,1
"V",11,2,3,0,369,168
"V",11,2,3,1,85,73
"V",11,2,3,2,38,36
"V",11,2,3,3,26,26
"V",11,2,3,4,12,12
"V",11,2,3,5,1,1
"V",11,2,3,6,2,2
"V",11,2,3,7,1,1
"V",11,2,4,0,321,144
"V",11,2,4,1,102,91
"V",11,2,4,2,46,45
"V",11,2,4,3,16,16
"V",11,2,4,4,13,13
"V",11,2,4,5,2,2
"V",11,2,4,6,2,2
"V",11,2,4,7,1,1
"V",11,2,5,0,109,56
"V",11,2,5,1,38,30
"V",11,2,5,2,18,18
"V",11,2,5,3,7,7
"V",11,2,5,4,6,6
"V",11,2,5,5,5,5
"V",11,2,5,7,1,1
"V",11,2,5,8,1,1
"V",11,2,6,0,125,67
"V",11,2,6,1,49,40
"V",11,2,6,2,22,21
"V",11,2,6,3,11,10
"V",11,2,6,4,2,2
"V",11,2,6,5,1,1
"V",11,2,6,6,1,1
"V",11,2,7,0,77,47
"V",11,2,7,1,28,21
"V",11,2,7,2,22,20
"V",11,2,7,3,4,4
"V",11,2,7,4,3,3
"V",11,2,7,5,3,3
"V",11,2,8,0,93,50
"V",11,2,8,1,36,29
"V",11,2,8,2,21,20
"V",11,2,8,3,4,3
"V",11,2,8,4,4,4
"V",12,0,1,0,1567,716
"V",12,0,1,1,27,22
"V",12,0,1,2,4,3
"V",12,0,1,3,1,1
"V",12,0,1,4,1,1
"V",12,0,2,0,425,231
"V",12,0,2,1,10,8
"V",12,0,2,2,3,3
"V",12,0,2,6,1,1
"V",12,0,3,0,91,54
"V",12,0,3,1,5,5
"V",12,0,3,2,4,4
"V",12,0,4,0,63,38
"V",12,0,4,1,10,10
"V",12,0,4,2,4,4
"V",12,0,4,6,1,1
"V",12,0,5,0,17,13
"V",12,0,5,1,8,7
"V",12,0,5,2,1,1
"V",12,0,5,5,1,1
"V",12,0,6,0,29,25
"V",12,0,6,1,4,4
"V",12,0,6,2,1,1
"V",12,0,6,3,1,1
"V",12,0,7,0,9,8
"V",12,0,7,1,1,1
"V",12,0,7,2,1,1
"V",12,0,8,0,17,12
"V",12,0,8,1,3,3
"V",12,0,8,2,2,2
"V",12,1,1,0,1027,406
"V",12,1,1,1,32,29
"V",12,1,1,2,9,6
"V",12,1,1,3,5,5
"V",12,1,1,4,2,2
"V",12,1,1,5,1,1
"V",12,1,2,0,405,177
"V",12,1,2,1,43,35
"V",12,1,2,2,12,11
"V",12,1,2,3,3,3
"V",12,1,2,4,2,2
"V",12,1,2,8,1,1
"V",12,1,3,0,259,138
"V",12,1,3,1,34,28
"V",12,1,3,2,9,8
"V",12,1,3,3,5,4
"V",12,1,3,5,2,2
"V",12,1,3,7,1,1
"V",12,1,3,9,1,1
"V",12,1,4,0,156,95
"V",12,1,4,1,41,38
"V",12,1,4,2,14,13
"V",12,1,4,3,4,4
"V",12,1,4,4,3,3
"V",12,1,4,5,1,1
"V",12,1,5,0,62,39
"V",12,1,5,1,18,16
"V",12,1,5,2,7,7
"V",12,1,5,3,2,2
"V",12,1,5,4,1,1
"V",12,1,5,6,1,1
"V",12,1,6,0,68,47
"V",12,1,6,1,21,18
"V",12,1,6,2,9,8
"V",12,1,6,3,6,5
"V",12,1,6,4,1,1
"V",12,1,7,0,46,28
"V",12,1,7,1,14,13
"V",12,1,7,2,12,12
"V",12,1,7,3,3,3
"V",12,1,7,6,1,1
"V",12,1,8,0,56,39
"V",12,1,8,1,21,20
"V",12,1,8,2,10,10
"V",12,1,8,3,3,3
"V",12,1,8,4,1,1
"V",12,2,1,0,733,259
"V",12,2,1,1,50,47
"V",12,2,1,2,16,14
"V",12,2,1,3,9,9
"V",12,2,1,4,3,3
"V",12,2,1,5,3,3
"V",12,2,1,6,1,0
"V",12,2,1,8,2,2
"V",12,2,2,0,339,126
"V",12,2,2,1,57,46
"V",12,2,2,10,1,1
"V",12,2,2,2,28,26
"V",12,2,2,3,8,8
"V",12,2,2,4,7,6
"V",12,2,2,5,1,1
"V",12,2,2,6,2,1
"V",12,2,2,7,1,1
"V",12,2,2,9,1,1
"V",12,2,3,0,195,75
"V",12,2,3,1,46,33
"V",12,2,3,11,1,1
"V",12,2,3,2,19,17
"V",12,2,3,3,19,19
"V",12,2,3,4,5,5
"V",12,2,3,5,2,2
"V",12,2,3,6,2,1
"V",12,2,3,7,1,0
"V",12,2,3,9,1,1
"V",12,2,4,0,172,86
"V",12,2,4,1,59,48
"V",12,2,4,2,30,28
"V",12,2,4,3,10,10
"V",12,2,4,4,7,7
"V",12,2,4,5,2,2
"V",12,2,5,0,70,31
"V",12,2,5,1,21,17
"V",12,2,5,2,16,16
"V",12,2,5,3,8,7
"V",12,2,5,6,1,1
"V",12,2,5,7,1,0
"V",12,2,6,0,71,27
"V",12,2,6,1,29,23
"V",12,2,6,2,14,14
"V",12,2,6,3,5,5
"V",12,2,6,4,2,2
"V",12,2,6,6,1,1
"V",12,2,7,0,34,15
"V",12,2,7,1,20,18
"V",12,2,7,2,12,11
"V",12,2,7,3,4,4
"V",12,2,7,5,1,1
"V",12,2,7,7,1,1
"V",12,2,8,0,53,23
"V",12,2,8,1,24,21
"V",12,2,8,2,10,10
"V",12,2,8,3,7,7
"V",12,2,8,4,3,3
"V",12,2,8,5,1,1
"V",13,0,1,0,861,398
"V",13,0,1,1,11,5
"V",13,0,1,2,2,2
"V",13,0,1,4,1,1
"V",13,0,2,0,237,133
"V",13,0,2,1,7,4
"V",13,0,2,2,1,1
"V",13,0,2,3,1,1
"V",13,0,2,4,1,1
"V",13,0,3,0,40,30
"V",13,0,3,1,1,1
"V",13,0,3,2,1,1
"V",13,0,3,3,1,1
"V",13,0,4,0,31,19
"V",13,0,4,1,6,5
"V",13,0,4,2,1,1
"V",13,0,4,3,1,1
"V",13,0,4,4,1,1
"V",13,0,5,0,9,5
"V",13,0,5,1,4,3
"V",13,0,5,2,1,1
"V",13,0,5,3,1,1
"V",13,0,6,0,19,17
"V",13,0,6,1,3,2
"V",13,0,6,2,3,3
"V",13,0,7,0,7,6
"V",13,0,7,1,4,4
"V",13,0,7,2,1,1
"V",13,0,7,4,1,1
"V",13,0,8,0,7,6
"V",13,0,8,1,2,2
"V",13,1,1,0,575,230
"V",13,1,1,1,20,15
"V",13,1,1,2,11,8
"V",13,1,1,3,3,3
"V",13,1,1,4,2,2
"V",13,1,1,5,2,2
"V",13,1,2,0,225,111
"V",13,1,2,1,24,20
"V",13,1,2,2,2,2
"V",13,1,2,3,3,2
"V",13,1,2,5,2,2
"V",13,1,3,0,142,79
"V",13,1,3,1,14,11
"V",13,1,3,2,3,3
"V",13,1,3,5,1,1
"V",13,1,4,0,82,50
"V",13,1,4,1,21,19
"V",13,1,4,2,4,4
"V",13,1,4,3,1,1
"V",13,1,4,4,1,1
"V",13,1,4,5,1,1
"V",13,1,5,0,25,13
"V",13,1,5,1,7,6
"V",13,1,5,2,2,2
"V",13,1,5,3,3,3
"V",13,1,5,4,1,1
"V",13,1,6,0,43,34
"V",13,1,6,1,6,5
"V",13,1,6,2,6,6
"V",13,1,6,3,2,2
"V",13,1,6,5,1,1
"V",13,1,7,0,20,14
"V",13,1,7,1,15,14
"V",13,1,7,2,4,4
"V",13,1,7,3,1,1
"V",13,1,7,4,1,1
"V",13,1,8,0,28,20
"V",13,1,8,1,10,10
"V",13,1,8,2,4,4
"V",13,2,1,0,409,143
"V",13,2,1,1,28,19
"V",13,2,1,2,18,15
"V",13,2,1,3,6,6
"V",13,2,1,4,5,5
"V",13,2,1,5,4,4
"V",13,2,2,0,204,87
"V",13,2,2,1,41,36
"V",13,2,2,10,1,1
"V",13,2,2,2,14,11
"V",13,2,2,3,7,7
"V",13,2,2,4,3,3
"V",13,2,2,5,1,1
"V",13,2,2,6,4,4
"V",13,2,2,9,2,2
"V",13,2,3,0,100,45
"V",13,2,3,1,27,22
"V",13,2,3,2,15,15
"V",13,2,3,3,7,7
"V",13,2,3,5,1,1
"V",13,2,3,8,2,2
"V",13,2,3,9,1,1
"V",13,2,4,0,101,46
"V",13,2,4,1,31,29
"V",13,2,4,2,8,8
"V",13,2,4,3,6,6
"V",13,2,4,4,3,3
"V",13,2,4,6,2,2
"V",13,2,4,9,1,1
"V",13,2,5,0,34,15
"V",13,2,5,1,7,6
"V",13,2,5,2,8,8
"V",13,2,5,3,3,3
"V",13,2,5,4,3,3
"V",13,2,5,5,2,2
"V",13,2,6,0,39,17
"V",13,2,6,1,15,13
"V",13,2,6,10,1,1
"V",13,2,6,2,12,12
"V",13,2,6,3,3,3
"V",13,2,6,4,1,1
"V",13,2,6,5,1,1
"V",13,2,6,6,1,1
"V",13,2,7,0,33,15
"V",13,2,7,1,17,16
"V",13,2,7,2,7,6
"V",13,2,7,3,3,3
"V",13,2,7,4,2,2
"V",13,2,7,5,1,1
"V",13,2,7,7,1,1
"V",13,2,8,0,36,18
"V",13,2,8,1,20,20
"V",13,2,8,2,9,9
"V",13,2,8,3,2,2
"V",14,0,1,0,457,198
"V",14,0,1,1,9,7
"V",14,0,1,2,2,2
"V",14,0,2,0,119,58
"V",14,0,2,1,3,2
"V",14,0,2,2,2,2
"V",14,0,2,4,1,1
"V",14,0,3,0,13,8
"V",14,0,3,1,1,1
"V",14,0,3,3,1,1
"V",14,0,3,6,1,1
"V",14,0,4,0,22,16
"V",14,0,4,1,1,1
"V",14,0,4,2,1,1
"V",14,0,4,3,1,1
"V",14,0,5,0,6,4
"V",14,0,5,1,1,1
"V",14,0,5,3,2,2
"V",14,0,6,0,8,7
"V",14,0,6,1,1,1
"V",14,0,6,2,2,2
"V",14,0,6,3,2,2
"V",14,0,7,0,4,1
"V",14,0,7,1,2,2
"V",14,0,7,4,1,1
"V",14,0,8,0,10,9
"V",14,0,8,3,1,1
"V",14,1,1,0,314,122
"V",14,1,1,1,14,12
"V",14,1,1,2,3,3
"V",14,1,1,3,3,3
"V",14,1,1,7,1,1
"V",14,1,2,0,125,63
"V",14,1,2,1,11,8
"V",14,1,2,2,1,1
"V",14,1,2,3,3,3
"V",14,1,2,4,1,1
"V",14,1,3,0,56,23
"V",14,1,3,1,11,10
"V",14,1,3,2,5,5
"V",14,1,3,3,1,1
"V",14,1,3,6,1,1
"V",14,1,4,0,40,23
"V",14,1,4,1,8,8
"V",14,1,4,2,3,3
"V",14,1,4,8,1,1
"V",14,1,5,0,14,9
"V",14,1,5,1,4,2
"V",14,1,5,2,3,3
"V",14,1,5,3,2,2
"V",14,1,5,6,1,1
"V",14,1,6,0,19,11
"V",14,1,6,1,4,3
"V",14,1,6,2,1,1
"V",14,1,6,3,1,1
"V",14,1,6,4,1,1
"V",14,1,6,6,1,1
"V",14,1,6,7,1,1
"V",14,1,7,0,5,4
"V",14,1,7,1,5,3
"V",14,1,7,2,2,2
"V",14,1,7,3,1,1
"V",14,1,8,0,14,8
"V",14,1,8,1,3,3
"V",14,1,8,2,1,1
"V",14,1,8,3,2,2
"V",14,2,1,0,219,67
"V",14,2,1,1,17,14
"V",14,2,1,2,5,5
"V",14,2,1,3,5,4
"V",14,2,1,7,1,1
"V",14,2,2,0,117,52
"V",14,2,2,1,8,6
"V",14,2,2,2,11,10
"V",14,2,2,3,4,4
"V",14,2,2,4,2,2
"V",14,2,2,5,1,1
"V",14,2,3,0,49,18
"V",14,2,3,1,25,22
"V",14,2,3,2,8,8
"V",14,2,3,3,2,2
"V",14,2,3,4,1,1
"V",14,2,3,6,1,1
"V",14,2,4,0,46,22
"V",14,2,4,1,15,14
"V",14,2,4,2,7,7
"V",14,2,4,3,1,1
"V",14,2,4,4,1,1
"V",14,2,4,5,1,1
"V",14,2,5,0,16,3
"V",14,2,5,1,6,5
"V",14,2,5,2,3,3
"V",14,2,5,3,2,2
"V",14,2,5,7,1,1
"V",14,2,6,0,27,16
"V",14,2,6,1,7,6
"V",14,2,6,2,2,1
"V",14,2,6,4,1,1
"V",14,2,7,0,12,4
"V",14,2,7,1,5,2
"V",14,2,7,2,4,3
"V",14,2,7,3,1,1
"V",14,2,8,0,13,6
"V",14,2,8,1,9,7
"V",14,2,8,2,6,4
"V",14,2,8,3,1,1
"V",15,0,1,0,235,103
"V",15,0,1,2,1,1
"V",15,0,2,0,59,33
"V",15,0,2,1,1,1
"V",15,0,2,2,1,1
"V",15,0,3,0,12,8
"V",15,0,3,1,3,3
"V",15,0,3,2,1,1
"V",15,0,4,0,8,6
"V",15,0,4,1,2,2
"V",15,0,5,0,3,1
"V",15,0,5,1,1,1
"V",15,0,6,0,6,3
"V",15,0,6,1,1,1
"V",15,0,7,0,1,0
"V",15,0,8,0,2,1
"V",15,0,8,1,1,1
"V",15,1,1,0,163,62
"V",15,1,1,1,2,1
"V",15,1,1,2,4,3
"V",15,1,1,3,1,1
"V",15,1,2,0,62,29
"V",15,1,2,1,7,6
"V",15,1,2,2,1,1
"V",15,1,2,3,1,1
"V",15,1,3,0,26,14
"V",15,1,3,1,1,1
"V",15,1,3,2,2,2
"V",15,1,3,3,1,1
"V",15,1,3,7,1,1
"V",15,1,4,0,17,11
"V",15,1,4,1,6,5
"V",15,1,4,2,3,3
"V",15,1,5,0,13,8
"V",15,1,5,1,5,5
"V",15,1,5,2,1,1
"V",15,1,5,5,1,1
"V",15,1,6,0,11,7
"V",15,1,6,1,3,3
"V",15,1,6,2,1,1
"V",15,1,6,6,1,1
"V",15,1,7,0,7,2
"V",15,1,7,2,2,2
"V",15,1,7,3,1,1
"V",15,1,7,4,1,1
"V",15,1,8,0,11,6
"V",15,1,8,1,3,3
"V",15,1,8,2,2,2
"V",15,1,8,3,1,1
"V",15,1,8,4,1,1
"V",15,2,1,0,122,42
"V",15,2,1,1,5,5
"V",15,2,1,2,5,4
"V",15,2,1,3,1,1
"V",15,2,1,4,1,1
"V",15,2,1,6,1,1
"V",15,2,2,0,58,26
"V",15,2,2,1,11,9
"V",15,2,2,2,7,7
"V",15,2,2,3,3,2
"V",15,2,2,4,4,4
"V",15,2,3,0,26,10
"V",15,2,3,1,8,8
"V",15,2,3,2,3,2
"V",15,2,3,7,1,1
"V",15,2,4,0,18,4
"V",15,2,4,1,6,6
"V",15,2,4,2,1,1
"V",15,2,4,3,2,1
"V",15,2,4,4,1,1
"V",15,2,5,0,6,1
"V",15,2,5,1,4,4
"V",15,2,5,2,4,4
"V",15,2,5,3,4,4
"V",15,2,5,4,2,2
"V",15,2,5,5,1,1
"V",15,2,6,0,6,2
"V",15,2,6,1,2,0
"V",15,2,6,2,3,3
"V",15,2,6,3,1,1
"V",15,2,7,0,7,5
"V",15,2,7,1,4,1
"V",15,2,7,2,2,2
"V",15,2,7,3,1,1
"V",15,2,8,0,9,7
"V",15,2,8,1,7,6
"V",15,2,8,2,1,1
"V",15,2,8,3,1,1
"V",16,0,1,0,133,55
"V",16,0,1,1,1,1
"V",16,0,1,7,1,1
"V",16,0,2,0,35,20
"V",16,0,2,1,1,0
"V",16,0,2,7,1,1
"V",16,0,3,0,9,3
"V",16,0,3,1,1,1
"V",16,0,3,2,1,1
"V",16,0,3,6,1,1
"V",16,0,4,0,9,5
"V",16,0,4,1,1,0
"V",16,0,5,0,2,2
"V",16,0,5,1,1,1
"V",16,0,6,0,2,1
"V",16,0,6,2,1,1
"V",16,0,8,0,1,1
"V",16,0,8,2,1,1
"V",16,0,8,3,1,1
"V",16,1,1,0,89,30
"V",16,1,1,1,2,2
"V",16,1,1,2,1,1
"V",16,1,1,8,1,1
"V",16,1,2,0,32,14
"V",16,1,2,1,2,0
"V",16,1,3,0,21,10
"V",16,1,3,1,2,0
"V",16,1,3,2,1,1
"V",16,1,4,0,9,6
"V",16,1,4,1,3,3
"V",16,1,4,2,3,3
"V",16,1,4,3,1,1
"V",16,1,5,0,4,2
"V",16,1,5,1,1,1
"V",16,1,5,2,1,1
"V",16,1,6,0,6,4
"V",16,1,6,1,2,1
"V",16,1,7,0,3,2
"V",16,1,8,0,3,3
"V",16,1,8,1,1,1
"V",16,2,1,0,64,20
"V",16,2,1,1,3,3
"V",16,2,1,2,1,1
"V",16,2,1,3,1,1
"V",16,2,1,8,1,1
"V",16,2,2,0,28,12
"V",16,2,2,1,8,5
"V",16,2,2,3,3,3
"V",16,2,3,0,20,10
"V",16,2,3,1,6,3
"V",16,2,3,2,1,1
"V",16,2,4,0,12,5
"V",16,2,4,1,4,4
"V",16,2,4,2,3,3
"V",16,2,4,3,1,1
"V",16,2,4,4,1,1
"V",16,2,5,0,8,6
"V",16,2,5,2,1,1
"V",16,2,6,0,5,4
"V",16,2,6,1,3,2
"V",16,2,6,2,1,1
"V",16,2,6,3,1,1
"V",16,2,7,0,2,0
"V",16,2,7,1,3,3
"V",16,2,8,0,2,2
"V",16,2,8,1,2,2
"V",17,0,1,0,66,30
"V",17,0,1,1,4,4
"V",17,0,2,0,16,8
"V",17,0,2,1,2,2
"V",17,0,2,5,1,1
"V",17,0,3,0,2,1
"V",17,0,4,1,1,1
"V",17,0,4,2,2,2
"V",17,0,4,3,1,1
"V",17,0,6,0,1,1
"V",17,0,6,1,2,2
"V",17,0,7,0,1,0
"V",17,0,8,0,1,0
"V",17,0,8,2,1,1
"V",17,1,1,0,44,17
"V",17,1,1,1,3,3
"V",17,1,2,0,21,8
"V",17,1,2,5,1,1
"V",17,1,3,0,8,3
"V",17,1,4,0,6,3
"V",17,1,4,2,1,1
"V",17,1,5,0,3,2
"V",17,1,5,1,1,1
"V",17,1,5,5,1,1
"V",17,1,5,6,1,1
"V",17,1,5,7,1,1
"V",17,1,6,0,5,3
"V",17,1,6,1,2,1
"V",17,1,7,0,1,0
"V",17,1,8,0,3,1
"V",17,1,8,2,1,1
"V",17,2,1,0,28,12
"V",17,2,1,1,3,3
"V",17,2,1,2,1,1
"V",17,2,1,6,1,1
"V",17,2,2,0,14,5
"V",17,2,2,1,5,4
"V",17,2,2,2,1,1
"V",17,2,2,5,1,1
"V",17,2,3,0,6,2
"V",17,2,3,1,1,0
"V",17,2,3,2,2,2
"V",17,2,3,3,1,1
"V",17,2,3,4,1,1
"V",17,2,3,5,1,1
"V",17,2,3,6,1,1
"V",17,2,4,0,7,3
"V",17,2,4,1,4,3
"V",17,2,5,0,2,1
"V",17,2,5,1,1,1
"V",17,2,5,2,1,0
"V",17,2,5,7,1,1
"V",17,2,6,0,2,1
"V",17,2,6,1,1,0
"V",17,2,6,2,1,0
"V",17,2,7,1,2,1
"V",17,2,7,2,1,1
"V",17,2,8,0,2,0
"V",18,0,1,0,34,18
"V",18,0,1,1,1,1
"V",18,0,1,2,1,1
"V",18,0,2,0,8,4
"V",18,0,3,0,1,0
"V",18,1,1,0,24,13
"V",18,1,1,1,1,1
"V",18,1,1,2,1,1
"V",18,1,2,0,12,7
"V",18,1,2,2,1,1
"V",18,1,2,5,1,1
"V",18,1,3,0,6,1
"V",18,1,4,0,4,3
"V",18,1,4,1,1,1
"V",18,1,6,0,1,1
"V",18,1,6,2,2,1
"V",18,1,6,5,1,1
"V",18,1,7,1,1,1
"V",18,1,7,2,1,1
"V",18,1,7,3,1,1
"V",18,1,8,0,2,1
"V",18,1,8,2,1,1
"V",18,2,1,0,16,8
"V",18,2,1,1,1,1
"V",18,2,2,0,11,5
"V",18,2,3,0,6,1
"V",18,2,3,1,1,1
"V",18,2,3,2,2,2
"V",18,2,4,0,1,1
"V",18,2,4,2,1,1
"V",18,2,5,0,1,0
"V",18,2,6,0,1,0
"V",18,2,6,1,1,1
"V",18,2,6,2,1,1
"V",18,2,6,5,1,1
"V",18,2,7,0,2,1
"V",18,2,7,5,1,1
"V",19,0,1,0,20,11
"V",19,0,2,0,5,2
"V",19,0,3,0,1,0
"V",19,0,4,0,1,1
"V",19,1,1,0,14,9
"V",19,1,1,1,1,1
"V",19,1,2,0,6,4
"V",19,1,3,0,7,2
"V",19,1,4,0,6,2
"V",19,1,4,1,1,0
"V",19,1,6,0,1,1
"V",19,1,7,1,1,1
"V",19,1,8,1,2,1
"V",19,1,8,2,1,0
"V",19,2,1,0,7,4
"V",19,2,1,1,1,1
"V",19,2,2,0,1,1
"V",19,2,2,1,1,0
"V",19,2,2,3,1,1
"V",19,2,3,0,4,2
"V",19,2,3,1,3,3
"V",19,2,4,0,4,1
"V",19,2,4,1,1,0
"V",19,2,5,0,1,1
"V",19,2,5,2,1,1
"V",19,2,6,0,1,1
"V",19,2,7,0,1,1
"V",19,2,7,2,1,1
"V",19,2,8,2,1,0
"V",20,0,1,0,8,6
"V",20,0,2,0,4,3
"V",20,0,4,0,1,1
"V",20,0,8,0,1,1
"V",20,0,8,1,1,1
"V",20,0,8,2,1,1
"V",20,1,1,0,5,4
"V",20,1,2,0,3,1
"V",20,1,3,0,1,1
"V",20,1,8,2,1,1
"V",20,2,1,0,3,3
"V",20,2,2,0,3,1
"V",20,2,3,0,2,2
"V",20,2,4,4,1,1
"V",20,2,8,2,1,1
"V",21,0,1,0,6,4
"V",21,0,2,0,4,3
"V",21,0,4,0,1,0
"V",21,0,7,0,1,1
"V",21,1,1,0,2,1
"V",21,1,2,0,2,1
"V",21,1,3,0,1,1
"V",21,1,4,0,1,0
"V",21,1,6,0,1,0
"V",21,1,7,0,1,1
"V",21,2,1,0,1,1
"V",21,2,1,2,1,1
"V",21,2,2,0,2,2
"V",21,2,3,0,2,2
"V",21,2,3,1,1,1
"V",21,2,4,0,1,0
"V",21,2,4,1,1,1
"V",21,2,6,0,1,1
"V",21,2,7,0,1,0
"V",21,2,7,2,1,1
"V",22,0,1,0,2,1
"V",22,0,2,0,1,1
"V",22,1,1,0,1,0
"V",22,1,2,1,1,1
"V",22,1,3,0,1,1
"V",22,2,1,0,1,0
"V",22,2,2,0,1,0
"V",22,2,2,1,1,1
