"H",1,0,1,-1,0,0,3685,1795
"H",1,0,1,-1,0,1,5,3
"H",1,0,1,-1,0,2,1,1
"H",1,0,1,-1,1,0,16,7
"H",1,0,1,-1,1,1,8,3
"H",1,0,1,-1,1,2,3,1
"H",1,0,1,-1,2,0,11,5
"H",1,0,1,-1,2,1,6,3
"H",1,0,1,-1,2,2,7,3
"H",1,0,1,-1,3,0,7,3
"H",1,0,1,-1,3,1,5,3
"H",1,0,1,-1,3,2,3,3
"H",1,0,1,-10,0,0,2,0
"H",1,0,1,-2,0,0,1761,668
"H",1,0,1,-2,0,1,3,1
"H",1,0,1,-2,0,2,1,1
"H",1,0,1,-2,1,0,3,2
"H",1,0,1,-2,2,0,3,2
"H",1,0,1,-2,3,0,3,2
"H",1,0,1,-3,0,0,889,259
"H",1,0,1,-3,0,1,5,2
"H",1,0,1,-3,0,2,4,2
"H",1,0,1,-3,1,0,1,0
"H",1,0,1,-3,1,2,2,1
"H",1,0,1,-3,2,0,1,0
"H",1,0,1,-3,2,2,2,1
"H",1,0,1,-3,3,0,1,0
"H",1,0,1,-3,3,1,1,0
"H",1,0,1,-3,3,2,2,1
"H",1,0,1,-4,0,0,379,81
"H",1,0,1,-4,0,1,2,1
"H",1,0,1,-5,0,0,129,16
"H",1,0,1,-6,0,0,56,10
"H",1,0,1,-6,0,1,1,0
"H",1,0,1,-6,1,0,1,0
"H",1,0,1,-6,1,1,2,0
"H",1,0,1,-6,1,2,1,0
"H",1,0,1,-6,2,2,1,0
"H",1,0,1,-6,3,2,1,0
"H",1,0,1,-7,0,0,14,0
"H",1,0,1,-8,0,0,7,0
"H",1,0,1,-9,0,0,3,1
"H",1,0,1,0,0,0,16216,9740
"H",1,0,1,0,0,1,43,26
"H",1,0,1,0,0,2,15,8
"H",1,0,1,0,1,0,62,37
"H",1,0,1,0,1,1,42,24
"H",1,0,1,0,1,2,23,13
"H",1,0,1,0,2,0,35,26
"H",1,0,1,0,2,1,28,17
"H",1,0,1,0,2,2,21,11
"H",1,0,1,0,3,0,24,18
"H",1,0,1,0,3,1,16,11
"H",1,0,1,0,3,2,18,13
"H",1,0,1,1,0,0,118,89
"H",1,0,1,2,0,0,32,26
"H",1,0,1,3,0,0,20,16
"H",1,0,1,4,0,0,12,11
"H",1,0,1,4,1,0,1,1
"H",1,0,1,4,2,0,1,1
"H",1,0,1,4,2,1,1,1
"H",1,0,1,4,2,2,1,1
"H",1,0,1,5,0,0,3,3
"H",1,0,1,6,0,0,1,0
"H",1,0,2,-1,0,0,1270,667
"H",1,0,2,-1,0,1,6,4
"H",1,0,2,-1,0,2,1,1
"H",1,0,2,-1,1,0,1,0
"H",1,0,2,-1,1,1,1,0
"H",1,0,2,-1,1,2,1,1
"H",1,0,2,-1,2,0,1,0
"H",1,0,2,-1,2,1,2,0
"H",1,0,2,-1,2,2,2,0
"H",1,0,2,-1,3,2,1,0
"H",1,0,2,-10,0,0,2,0
"H",1,0,2,-2,0,0,612,269
"H",1,0,2,-2,1,0,1,0
"H",1,0,2,-2,2,0,1,0
"H",1,0,2,-2,3,0,1,0
"H",1,0,2,-3,0,0,284,99
"H",1,0,2,-3,1,0,1,0
"H",1,0,2,-3,2,0,1,0
"H",1,0,2,-3,3,0,1,0
"H",1,0,2,-4,0,0,129,37
"H",1,0,2,-4,0,1,1,0
"H",1,0,2,-4,1,1,1,0
"H",1,0,2,-5,0,0,42,10
"H",1,0,2,-6,0,0,25,4
"H",1,0,2,-6,1,0,1,0
"H",1,0,2,-6,1,1,1,0
"H",1,0,2,-6,2,1,1,0
"H",1,0,2,-6,2,2,1,0
"H",1,0,2,-6,3,2,1,0
"H",1,0,2,-7,0,0,3,0
"H",1,0,2,-8,0,0,4,0
"H",1,0,2,0,0,0,5266,3359
"H",1,0,2,0,0,1,14,8
"H",1,0,2,0,0,2,4,2
"H",1,0,2,0,1,0,11,5
"H",1,0,2,0,1,1,9,4
"H",1,0,2,0,1,2,5,3
"H",1,0,2,0,2,0,7,4
"H",1,0,2,0,2,1,5,1
"H",1,0,2,0,2,2,3,2
"H",1,0,2,0,3,0,3,3
"H",1,0,2,0,3,1,2,1
"H",1,0,2,0,3,2,3,2
"H",1,0,2,1,0,0,150,114
"H",1,0,2,1,1,0,2,1
"H",1,0,2,1,1,1,1,1
"H",1,0,2,1,2,0,1,0
"H",1,0,2,1,2,1,2,1
"H",1,0,2,1,3,1,1,0
"H",1,0,2,2,0,0,43,33
"H",1,0,2,3,0,0,36,32
"H",1,0,2,4,0,0,10,7
"H",1,0,2,5,0,0,2,2
"H",1,0,3,-1,0,0,253,136
"H",1,0,3,-2,0,0,95,47
"H",1,0,3,-3,0,0,51,15
"H",1,0,3,-4,0,0,28,7
"H",1,0,3,-5,0,0,10,1
"H",1,0,3,-6,0,0,3,1
"H",1,0,3,-8,0,0,1,0
"H",1,0,3,0,0,0,982,649
"H",1,0,3,0,1,0,2,2
"H",1,0,3,0,2,0,2,2
"H",1,0,3,0,3,0,2,2
"H",1,0,3,1,0,0,125,95
"H",1,0,3,1,1,0,2,2
"H",1,0,3,1,2,0,1,1
"H",1,0,3,1,3,0,1,1
"H",1,0,3,1,3,1,1,1
"H",1,0,3,1,3,2,1,1
"H",1,0,3,2,0,0,61,49
"H",1,0,3,3,0,0,18,15
"H",1,0,3,4,0,0,7,4
"H",1,0,3,5,0,0,1,1
"H",1,0,4,-1,0,0,283,174
"H",1,0,4,-1,0,1,2,1
"H",1,0,4,-1,1,0,1,1
"H",1,0,4,-1,1,1,3,2
"H",1,0,4,-1,2,1,2,1
"H",1,0,4,-1,2,2,1,1
"H",1,0,4,-1,3,1,1,0
"H",1,0,4,-1,3,2,1,0
"H",1,0,4,-10,0,0,1,0
"H",1,0,4,-2,0,0,156,82
"H",1,0,4,-2,1,0,1,1
"H",1,0,4,-2,2,0,1,1
"H",1,0,4,-2,2,1,1,1
"H",1,0,4,-2,3,1,1,1
"H",1,0,4,-3,0,0,77,40
"H",1,0,4,-3,1,0,1,1
"H",1,0,4,-3,2,0,1,1
"H",1,0,4,-3,3,0,1,1
"H",1,0,4,-4,0,0,37,14
"H",1,0,4,-4,1,0,1,1
"H",1,0,4,-4,2,0,1,1
"H",1,0,4,-4,3,0,1,1
"H",1,0,4,-5,0,0,15,6
"H",1,0,4,-6,0,0,6,2
"H",1,0,4,-7,0,0,1,0
"H",1,0,4,-8,0,0,1,0
"H",1,0,4,0,0,0,1075,756
"H",1,0,4,0,0,1,6,4
"H",1,0,4,0,0,2,3,2
"H",1,0,4,0,1,0,10,7
"H",1,0,4,0,1,1,7,3
"H",1,0,4,0,1,2,6,3
"H",1,0,4,0,2,0,5,5
"H",1,0,4,0,2,1,5,3
"H",1,0,4,0,2,2,3,3
"H",1,0,4,0,3,0,1,1
"H",1,0,4,0,3,1,3,3
"H",1,0,4,0,3,2,1,1
"H",1,0,4,1,0,0,127,96
"H",1,0,4,1,0,1,1,0
"H",1,0,4,2,0,0,46,39
"H",1,0,4,3,0,0,22,20
"H",1,0,4,4,0,0,4,3
"H",1,0,4,5,0,0,1,1
"H",1,0,5,-1,0,0,86,48
"H",1,0,5,-2,0,0,38,15
"H",1,0,5,-2,1,0,1,1
"H",1,0,5,-2,2,0,1,1
"H",1,0,5,-2,3,0,1,1
"H",1,0,5,-3,0,0,11,5
"H",1,0,5,-4,0,0,8,3
"H",1,0,5,-4,1,0,1,0
"H",1,0,5,-4,2,0,1,0
"H",1,0,5,-4,3,0,1,0
"H",1,0,5,-5,0,0,2,1
"H",1,0,5,-6,0,0,1,1
"H",1,0,5,0,0,0,323,213
"H",1,0,5,0,0,1,2,0
"H",1,0,5,0,0,2,2,0
"H",1,0,5,1,0,0,91,64
"H",1,0,5,1,0,1,1,1
"H",1,0,5,1,1,1,1,1
"H",1,0,5,1,1,2,1,1
"H",1,0,5,1,2,2,1,1
"H",1,0,5,2,0,0,47,42
"H",1,0,5,3,0,0,16,14
"H",1,0,5,4,0,0,5,5
"H",1,0,5,6,0,0,1,1
"H",1,0,6,-1,0,0,122,73
"H",1,0,6,-1,1,0,1,0
"H",1,0,6,-1,1,1,1,0
"H",1,0,6,-1,1,2,1,0
"H",1,0,6,-2,0,0,51,21
"H",1,0,6,-2,1,0,1,0
"H",1,0,6,-2,2,0,1,0
"H",1,0,6,-2,3,0,1,0
"H",1,0,6,-3,0,0,17,8
"H",1,0,6,-4,0,0,15,4
"H",1,0,6,-5,0,0,2,0
"H",1,0,6,-6,0,0,1,0
"H",1,0,6,0,0,0,410,297
"H",1,0,6,0,0,1,2,2
"H",1,0,6,0,0,2,2,2
"H",1,0,6,0,1,0,6,5
"H",1,0,6,0,1,1,2,1
"H",1,0,6,0,1,2,3,3
"H",1,0,6,0,2,0,3,3
"H",1,0,6,0,2,1,1,0
"H",1,0,6,0,2,2,3,2
"H",1,0,6,0,3,0,2,2
"H",1,0,6,0,3,2,2,1
"H",1,0,6,1,0,0,99,77
"H",1,0,6,2,0,0,41,40
"H",1,0,6,3,0,0,14,11
"H",1,0,6,4,0,0,6,6
"H",1,0,6,5,0,0,1,1
"H",1,0,7,-1,0,0,66,48
"H",1,0,7,-1,1,0,1,0
"H",1,0,7,-1,2,0,1,0
"H",1,0,7,-1,2,1,1,0
"H",1,0,7,-1,3,1,1,0
"H",1,0,7,-1,3,2,1,0
"H",1,0,7,-10,0,0,1,0
"H",1,0,7,-2,0,0,35,20
"H",1,0,7,-3,0,0,8,4
"H",1,0,7,-4,0,0,8,1
"H",1,0,7,-4,1,0,1,0
"H",1,0,7,-4,1,1,1,0
"H",1,0,7,-4,2,1,1,0
"H",1,0,7,-4,2,2,1,0
"H",1,0,7,-5,0,0,2,1
"H",1,0,7,-7,0,0,1,0
"H",1,0,7,0,0,0,211,148
"H",1,0,7,0,0,1,2,2
"H",1,0,7,0,0,2,1,1
"H",1,0,7,0,1,0,3,2
"H",1,0,7,0,1,1,2,1
"H",1,0,7,0,1,2,1,1
"H",1,0,7,0,2,0,2,2
"H",1,0,7,0,2,1,2,1
"H",1,0,7,0,3,0,1,1
"H",1,0,7,0,3,1,2,1
"H",1,0,7,1,0,0,70,62
"H",1,0,7,1,0,1,1,1
"H",1,0,7,1,1,0,1,1
"H",1,0,7,1,1,1,1,1
"H",1,0,7,1,1,2,1,1
"H",1,0,7,1,2,0,1,1
"H",1,0,7,1,2,2,1,1
"H",1,0,7,1,3,0,1,1
"H",1,0,7,1,3,2,1,1
"H",1,0,7,2,0,0,31,27
"H",1,0,7,3,0,0,9,9
"H",1,0,7,4,0,0,3,2
"H",1,0,8,-1,0,0,75,54
"H",1,0,8,-2,0,0,35,17
"H",1,0,8,-3,0,0,19,11
"H",1,0,8,-4,0,0,11,6
"H",1,0,8,-5,0,0,4,3
"H",1,0,8,-6,0,0,2,1
"H",1,0,8,0,0,0,243,175
"H",1,0,8,0,0,1,2,1
"H",1,0,8,0,0,2,1,1
"H",1,0,8,0,1,2,1,1
"H",1,0,8,1,0,0,79,64
"H",1,0,8,2,0,0,24,20
"H",1,0,8,3,0,0,14,12
"H",1,0,8,4,0,0,3,2
"H",1,0,8,5,0,0,1,1
"H",1,1,1,-1,0,0,2273,1025
"H",1,1,1,-1,0,1,6,5
"H",1,1,1,-1,0,2,2,2
"H",1,1,1,-1,1,0,7,2
"H",1,1,1,-1,1,1,7,3
"H",1,1,1,-1,1,2,5,3
"H",1,1,1,-1,2,0,2,0
"H",1,1,1,-1,2,1,3,0
"H",1,1,1,-1,2,2,5,2
"H",1,1,1,-1,3,0,1,0
"H",1,1,1,-1,3,2,2,1
"H",1,1,1,-2,0,0,1088,370
"H",1,1,1,-2,0,1,1,1
"H",1,1,1,-2,0,2,1,1
"H",1,1,1,-2,1,0,1,1
"H",1,1,1,-2,1,2,1,1
"H",1,1,1,-2,2,0,1,1
"H",1,1,1,-2,3,0,1,1
"H",1,1,1,-2,3,1,1,1
"H",1,1,1,-3,0,0,570,151
"H",1,1,1,-3,0,1,1,0
"H",1,1,1,-3,0,2,1,0
"H",1,1,1,-3,1,0,2,1
"H",1,1,1,-3,1,2,1,0
"H",1,1,1,-3,2,0,2,1
"H",1,1,1,-3,2,1,1,0
"H",1,1,1,-3,3,0,1,1
"H",1,1,1,-4,0,0,229,39
"H",1,1,1,-4,1,0,2,2
"H",1,1,1,-4,1,1,1,1
"H",1,1,1,-4,1,2,1,1
"H",1,1,1,-4,2,0,1,1
"H",1,1,1,-4,2,2,1,1
"H",1,1,1,-4,3,0,1,1
"H",1,1,1,-4,3,2,1,1
"H",1,1,1,-5,0,0,78,7
"H",1,1,1,-6,0,0,28,5
"H",1,1,1,-6,1,0,1,0
"H",1,1,1,-6,2,0,1,0
"H",1,1,1,-6,3,0,1,0
"H",1,1,1,-7,0,0,10,0
"H",1,1,1,-8,0,0,2,0
"H",1,1,1,-9,0,0,3,1
"H",1,1,1,0,0,0,10274,5897
"H",1,1,1,0,0,1,35,24
"H",1,1,1,0,0,2,18,11
"H",1,1,1,0,1,0,28,15
"H",1,1,1,0,1,1,20,10
"H",1,1,1,0,1,2,13,8
"H",1,1,1,0,2,0,10,7
"H",1,1,1,0,2,1,16,10
"H",1,1,1,0,2,2,11,8
"H",1,1,1,0,3,0,5,2
"H",1,1,1,0,3,1,6,4
"H",1,1,1,0,3,2,6,5
"H",1,1,1,1,0,0,275,193
"H",1,1,1,1,0,1,1,0
"H",1,1,1,1,0,2,1,0
"H",1,1,1,1,1,0,4,3
"H",1,1,1,1,1,2,1,0
"H",1,1,1,1,2,0,4,3
"H",1,1,1,1,2,1,2,1
"H",1,1,1,1,2,2,1,0
"H",1,1,1,1,3,0,1,1
"H",1,1,1,1,3,1,2,1
"H",1,1,1,1,3,2,1,0
"H",1,1,1,2,0,0,157,119
"H",1,1,1,3,0,0,95,77
"H",1,1,1,3,0,1,1,1
"H",1,1,1,3,0,2,1,1
"H",1,1,1,4,0,0,32,30
"H",1,1,1,4,1,0,1,1
"H",1,1,1,4,1,1,1,1
"H",1,1,1,4,1,2,1,1
"H",1,1,1,4,2,2,1,1
"H",1,1,1,4,3,2,1,1
"H",1,1,1,5,0,0,16,15
"H",1,1,1,6,0,0,5,4
"H",1,1,1,7,0,0,4,4
"H",1,1,2,-1,0,0,1072,512
"H",1,1,2,-1,0,1,7,3
"H",1,1,2,-1,0,2,4,2
"H",1,1,2,-1,1,0,11,8
"H",1,1,2,-1,1,1,9,4
"H",1,1,2,-1,1,2,8,4
"H",1,1,2,-1,2,0,5,5
"H",1,1,2,-1,2,1,3,1
"H",1,1,2,-1,2,2,8,4
"H",1,1,2,-1,3,0,3,3
"H",1,1,2,-1,3,1,1,1
"H",1,1,2,-1,3,2,8,4
"H",1,1,2,-2,0,0,596,248
"H",1,1,2,-2,0,1,2,1
"H",1,1,2,-2,1,0,2,2
"H",1,1,2,-2,1,1,1,1
"H",1,1,2,-2,2,0,1,1
"H",1,1,2,-2,2,1,2,2
"H",1,1,2,-2,2,2,1,1
"H",1,1,2,-2,3,2,1,1
"H",1,1,2,-3,0,0,297,90
"H",1,1,2,-3,1,0,4,2
"H",1,1,2,-3,1,1,2,0
"H",1,1,2,-3,1,2,1,0
"H",1,1,2,-3,2,0,1,1
"H",1,1,2,-3,2,1,1,1
"H",1,1,2,-3,3,1,1,1
"H",1,1,2,-3,3,2,1,1
"H",1,1,2,-4,0,0,117,27
"H",1,1,2,-4,0,1,1,0
"H",1,1,2,-4,0,2,1,0
"H",1,1,2,-4,1,2,1,0
"H",1,1,2,-4,2,2,1,0
"H",1,1,2,-4,3,2,1,0
"H",1,1,2,-5,0,0,36,4
"H",1,1,2,-6,0,0,20,1
"H",1,1,2,-6,0,1,1,0
"H",1,1,2,-6,0,2,1,0
"H",1,1,2,-6,1,0,2,0
"H",1,1,2,-6,1,1,1,0
"H",1,1,2,-6,2,1,1,0
"H",1,1,2,-6,3,1,1,0
"H",1,1,2,-7,0,0,6,0
"H",1,1,2,-8,0,0,1,0
"H",1,1,2,-9,0,0,2,1
"H",1,1,2,0,0,0,4659,2833
"H",1,1,2,0,0,1,28,17
"H",1,1,2,0,0,2,12,6
"H",1,1,2,0,1,0,41,27
"H",1,1,2,0,1,1,25,17
"H",1,1,2,0,1,2,13,7
"H",1,1,2,0,2,0,20,12
"H",1,1,2,0,2,1,21,11
"H",1,1,2,0,2,2,15,8
"H",1,1,2,0,3,0,7,5
"H",1,1,2,0,3,1,12,7
"H",1,1,2,0,3,2,13,7
"H",1,1,2,1,0,0,664,487
"H",1,1,2,1,0,1,2,1
"H",1,1,2,1,0,2,2,1
"H",1,1,2,1,1,0,1,1
"H",1,1,2,1,1,2,1,0
"H",1,1,2,1,2,0,1,1
"H",1,1,2,1,2,1,1,1
"H",1,1,2,1,3,1,1,1
"H",1,1,2,2,0,0,284,224
"H",1,1,2,3,0,0,138,115
"H",1,1,2,4,0,0,51,42
"H",1,1,2,4,0,1,1,1
"H",1,1,2,5,0,0,18,17
"H",1,1,2,6,0,0,12,11
"H",1,1,2,7,0,0,2,2
"H",1,1,3,-1,0,0,544,260
"H",1,1,3,-1,0,1,3,1
"H",1,1,3,-1,0,2,1,0
"H",1,1,3,-1,1,0,1,0
"H",1,1,3,-1,1,1,3,1
"H",1,1,3,-1,1,2,2,0
"H",1,1,3,-1,2,1,1,0
"H",1,1,3,-1,2,2,2,0
"H",1,1,3,-1,3,2,1,0
"H",1,1,3,-2,0,0,209,86
"H",1,1,3,-2,0,1,1,1
"H",1,1,3,-2,1,1,1,1
"H",1,1,3,-2,2,1,1,1
"H",1,1,3,-2,2,2,1,1
"H",1,1,3,-2,3,2,1,1
"H",1,1,3,-3,0,0,99,36
"H",1,1,3,-3,0,1,1,1
"H",1,1,3,-3,1,1,1,1
"H",1,1,3,-3,1,2,1,1
"H",1,1,3,-4,0,0,40,13
"H",1,1,3,-4,0,1,1,1
"H",1,1,3,-4,0,2,1,1
"H",1,1,3,-5,0,0,14,3
"H",1,1,3,-6,0,0,7,1
"H",1,1,3,-8,0,0,2,0
"H",1,1,3,0,0,0,2489,1508
"H",1,1,3,0,0,1,15,8
"H",1,1,3,0,0,2,8,5
"H",1,1,3,0,1,0,21,12
"H",1,1,3,0,1,1,13,6
"H",1,1,3,0,1,2,9,4
"H",1,1,3,0,2,0,7,5
"H",1,1,3,0,2,1,8,5
"H",1,1,3,0,2,2,11,5
"H",1,1,3,0,3,0,5,3
"H",1,1,3,0,3,1,4,3
"H",1,1,3,0,3,2,7,3
"H",1,1,3,1,0,0,499,368
"H",1,1,3,1,0,1,1,0
"H",1,1,3,1,0,2,1,0
"H",1,1,3,1,1,2,1,0
"H",1,1,3,2,0,0,247,180
"H",1,1,3,3,0,0,102,87
"H",1,1,3,4,0,0,50,43
"H",1,1,3,5,0,0,16,16
"H",1,1,3,6,0,0,5,5
"H",1,1,3,7,0,0,2,2
"H",1,1,4,-1,0,0,335,178
"H",1,1,4,-1,0,1,2,0
"H",1,1,4,-1,1,0,2,2
"H",1,1,4,-1,1,1,3,1
"H",1,1,4,-1,1,2,2,0
"H",1,1,4,-1,2,0,1,1
"H",1,1,4,-1,2,1,2,2
"H",1,1,4,-1,2,2,2,1
"H",1,1,4,-1,3,1,1,1
"H",1,1,4,-10,0,0,1,0
"H",1,1,4,-2,0,0,195,98
"H",1,1,4,-2,1,0,1,1
"H",1,1,4,-3,0,0,100,30
"H",1,1,4,-3,1,0,1,0
"H",1,1,4,-3,2,0,1,0
"H",1,1,4,-3,2,1,1,0
"H",1,1,4,-4,0,0,34,7
"H",1,1,4,-5,0,0,7,1
"H",1,1,4,-6,0,0,8,0
"H",1,1,4,-6,1,0,1,0
"H",1,1,4,-6,1,1,1,0
"H",1,1,4,-6,1,2,1,0
"H",1,1,4,-6,2,2,1,0
"H",1,1,4,-7,0,0,3,0
"H",1,1,4,-8,0,0,3,0
"H",1,1,4,0,0,0,1410,905
"H",1,1,4,0,0,1,6,5
"H",1,1,4,0,0,2,2,2
"H",1,1,4,0,1,0,3,1
"H",1,1,4,0,1,1,7,4
"H",1,1,4,0,1,2,3,3
"H",1,1,4,0,2,1,4,1
"H",1,1,4,0,2,2,4,3
"H",1,1,4,0,3,1,1,0
"H",1,1,4,1,0,0,352,251
"H",1,1,4,2,0,0,155,129
"H",1,1,4,3,0,0,65,59
"H",1,1,4,4,0,0,42,37
"H",1,1,4,5,0,0,10,10
"H",1,1,4,6,0,0,3,3
"H",1,1,4,7,0,0,3,3
"H",1,1,5,-1,0,0,234,137
"H",1,1,5,-1,0,1,1,0
"H",1,1,5,-1,0,2,1,0
"H",1,1,5,-1,1,2,1,0
"H",1,1,5,-2,0,0,74,27
"H",1,1,5,-3,0,0,44,10
"H",1,1,5,-4,0,0,17,4
"H",1,1,5,-5,0,0,4,1
"H",1,1,5,-6,0,0,3,1
"H",1,1,5,0,0,0,835,548
"H",1,1,5,0,0,1,1,0
"H",1,1,5,0,1,0,7,6
"H",1,1,5,0,1,1,3,1
"H",1,1,5,0,1,2,1,0
"H",1,1,5,0,2,0,3,3
"H",1,1,5,0,2,1,1,0
"H",1,1,5,0,2,2,1,0
"H",1,1,5,0,3,0,3,3
"H",1,1,5,0,3,1,1,1
"H",1,1,5,0,3,2,1,1
"H",1,1,5,1,0,0,361,278
"H",1,1,5,1,0,1,1,1
"H",1,1,5,1,0,2,1,1
"H",1,1,5,11,0,0,1,1
"H",1,1,5,2,0,0,152,127
"H",1,1,5,2,0,1,1,0
"H",1,1,5,2,1,1,1,0
"H",1,1,5,3,0,0,65,58
"H",1,1,5,4,0,0,26,20
"H",1,1,5,5,0,0,7,7
"H",1,1,5,6,0,0,2,2
"H",1,1,5,8,0,0,1,1
"H",1,1,6,-1,0,0,217,127
"H",1,1,6,-2,0,0,102,51
"H",1,1,6,-3,0,0,42,6
"H",1,1,6,-3,0,1,1,0
"H",1,1,6,-3,0,2,1,0
"H",1,1,6,-4,0,0,22,4
"H",1,1,6,-5,0,0,7,1
"H",1,1,6,-6,0,0,6,0
"H",1,1,6,-7,0,0,1,0
"H",1,1,6,0,0,0,766,528
"H",1,1,6,0,0,1,5,2
"H",1,1,6,0,0,2,4,2
"H",1,1,6,0,1,0,1,1
"H",1,1,6,0,1,1,1,1
"H",1,1,6,0,1,2,1,1
"H",1,1,6,0,2,1,1,1
"H",1,1,6,0,2,2,1,1
"H",1,1,6,0,3,2,1,1
"H",1,1,6,1,0,0,336,267
"H",1,1,6,1,1,0,1,0
"H",1,1,6,11,0,0,1,1
"H",1,1,6,2,0,0,131,110
"H",1,1,6,2,1,0,1,0
"H",1,1,6,2,2,0,1,0
"H",1,1,6,2,2,1,1,0
"H",1,1,6,2,2,2,1,0
"H",1,1,6,3,0,0,57,52
"H",1,1,6,4,0,0,23,19
"H",1,1,6,4,0,1,1,1
"H",1,1,6,4,0,2,1,1
"H",1,1,6,4,1,2,1,1
"H",1,1,6,5,0,0,12,12
"H",1,1,6,6,0,0,7,7
"H",1,1,6,8,0,0,1,1
"H",1,1,7,-1,0,0,210,118
"H",1,1,7,-1,1,0,1,0
"H",1,1,7,-1,2,0,1,0
"H",1,1,7,-1,3,0,1,0
"H",1,1,7,-10,0,0,1,0
"H",1,1,7,-2,0,0,85,40
"H",1,1,7,-2,1,0,1,1
"H",1,1,7,-2,2,0,1,1
"H",1,1,7,-2,3,0,1,1
"H",1,1,7,-3,0,0,44,24
"H",1,1,7,-4,0,0,22,9
"H",1,1,7,-5,0,0,9,2
"H",1,1,7,-6,0,0,2,0
"H",1,1,7,-7,0,0,1,0
"H",1,1,7,0,0,0,761,539
"H",1,1,7,0,0,1,3,2
"H",1,1,7,0,0,2,2,2
"H",1,1,7,0,1,0,2,1
"H",1,1,7,0,1,1,2,0
"H",1,1,7,0,1,2,2,1
"H",1,1,7,0,2,0,1,1
"H",1,1,7,0,2,1,1,0
"H",1,1,7,0,3,0,1,1
"H",1,1,7,0,3,1,1,0
"H",1,1,7,0,3,2,1,0
"H",1,1,7,1,0,0,251,196
"H",1,1,7,1,1,0,2,1
"H",1,1,7,1,1,1,1,1
"H",1,1,7,1,2,0,1,0
"H",1,1,7,1,2,1,2,1
"H",1,1,7,1,2,2,1,0
"H",1,1,7,1,3,1,1,1
"H",1,1,7,1,3,2,1,0
"H",1,1,7,2,0,0,115,94
"H",1,1,7,2,1,0,1,1
"H",1,1,7,2,2,0,1,1
"H",1,1,7,2,3,0,1,1
"H",1,1,7,3,0,0,35,31
"H",1,1,7,4,0,0,14,12
"H",1,1,7,5,0,0,4,3
"H",1,1,7,6,0,0,3,3
"H",1,1,7,7,0,0,1,1
"H",1,1,8,-1,0,0,115,74
"H",1,1,8,-1,0,1,1,1
"H",1,1,8,-1,1,1,1,1
"H",1,1,8,-2,0,0,63,32
"H",1,1,8,-3,0,0,26,11
"H",1,1,8,-4,0,0,11,3
"H",1,1,8,-5,0,0,3,0
"H",1,1,8,-6,0,0,3,1
"H",1,1,8,-7,0,0,1,0
"H",1,1,8,-8,0,0,1,0
"H",1,1,8,0,0,0,417,281
"H",1,1,8,0,0,1,1,0
"H",1,1,8,0,1,1,1,0
"H",1,1,8,1,0,0,189,141
"H",1,1,8,1,0,1,3,2
"H",1,1,8,1,0,2,1,1
"H",1,1,8,1,1,1,2,1
"H",1,1,8,1,1,2,1,0
"H",1,1,8,1,2,1,1,1
"H",1,1,8,1,2,2,1,1
"H",1,1,8,1,3,2,1,1
"H",1,1,8,2,0,0,82,71
"H",1,1,8,2,1,0,1,1
"H",1,1,8,3,0,0,30,24
"H",1,1,8,4,0,0,15,14
"H",1,1,8,5,0,0,6,6
"H",1,1,8,6,0,0,2,2
"H",1,1,8,7,0,0,1,1
"H",1,1,8,8,0,0,1,1
"H",1,2,1,-1,0,0,1694,738
"H",1,2,1,-1,0,1,10,4
"H",1,2,1,-1,0,2,2,2
"H",1,2,1,-1,1,0,13,10
"H",1,2,1,-1,1,1,13,7
"H",1,2,1,-1,1,2,5,2
"H",1,2,1,-1,2,0,1,1
"H",1,2,1,-1,2,1,7,4
"H",1,2,1,-1,2,2,4,2
"H",1,2,1,-1,3,0,1,1
"H",1,2,1,-1,3,1,3,2
"H",1,2,1,-1,3,2,2,1
"H",1,2,1,-2,0,0,782,240
"H",1,2,1,-2,0,1,1,1
"H",1,2,1,-2,1,0,9,3
"H",1,2,1,-2,1,1,6,2
"H",1,2,1,-2,1,2,3,0
"H",1,2,1,-2,2,0,3,1
"H",1,2,1,-2,2,1,3,2
"H",1,2,1,-2,2,2,4,0
"H",1,2,1,-2,3,0,2,0
"H",1,2,1,-2,3,1,4,2
"H",1,2,1,-2,3,2,3,0
"H",1,2,1,-3,0,0,401,90
"H",1,2,1,-3,0,1,1,0
"H",1,2,1,-3,1,0,3,1
"H",1,2,1,-3,2,0,1,0
"H",1,2,1,-3,3,0,1,0
"H",1,2,1,-3,3,1,1,0
"H",1,2,1,-3,3,2,1,0
"H",1,2,1,-4,0,0,167,24
"H",1,2,1,-4,0,1,1,0
"H",1,2,1,-4,0,2,1,0
"H",1,2,1,-4,1,0,1,1
"H",1,2,1,-4,1,2,1,0
"H",1,2,1,-4,2,0,1,1
"H",1,2,1,-4,3,0,1,1
"H",1,2,1,-5,0,0,63,6
"H",1,2,1,-5,1,0,1,0
"H",1,2,1,-5,1,1,1,0
"H",1,2,1,-6,0,0,18,3
"H",1,2,1,-7,0,0,7,0
"H",1,2,1,-8,0,0,2,0
"H",1,2,1,-9,0,0,1,0
"H",1,2,1,0,0,0,7537,4186
"H",1,2,1,0,0,1,51,34
"H",1,2,1,0,0,2,19,12
"H",1,2,1,0,1,0,71,48
"H",1,2,1,0,1,1,51,34
"H",1,2,1,0,1,2,32,21
"H",1,2,1,0,2,0,30,19
"H",1,2,1,0,2,1,34,21
"H",1,2,1,0,2,2,32,19
"H",1,2,1,0,3,0,9,5
"H",1,2,1,0,3,1,13,9
"H",1,2,1,0,3,2,18,11
"H",1,2,1,1,0,0,644,421
"H",1,2,1,1,0,1,1,0
"H",1,2,1,1,1,0,2,2
"H",1,2,1,1,1,1,2,1
"H",1,2,1,1,1,2,1,1
"H",1,2,1,1,2,0,1,1
"H",1,2,1,1,2,1,1,1
"H",1,2,1,1,3,1,1,1
"H",1,2,1,2,0,0,369,276
"H",1,2,1,2,0,1,1,1
"H",1,2,1,2,0,2,1,1
"H",1,2,1,2,1,2,1,1
"H",1,2,1,3,0,0,155,135
"H",1,2,1,3,0,1,1,1
"H",1,2,1,3,0,2,1,1
"H",1,2,1,4,0,0,64,55
"H",1,2,1,5,0,0,31,26
"H",1,2,1,6,0,0,9,9
"H",1,2,1,7,0,0,7,7
"H",1,2,1,8,0,0,3,3
"H",1,2,2,-1,0,0,1003,442
"H",1,2,2,-1,0,1,3,1
"H",1,2,2,-1,1,0,3,2
"H",1,2,2,-1,1,1,1,1
"H",1,2,2,-1,2,0,2,1
"H",1,2,2,-1,3,0,2,1
"H",1,2,2,-1,3,1,1,0
"H",1,2,2,-2,0,0,528,180
"H",1,2,2,-2,0,1,1,1
"H",1,2,2,-2,1,1,1,1
"H",1,2,2,-2,1,2,1,1
"H",1,2,2,-2,2,2,1,1
"H",1,2,2,-3,0,0,259,67
"H",1,2,2,-3,1,0,1,0
"H",1,2,2,-3,2,0,1,0
"H",1,2,2,-3,3,0,1,0
"H",1,2,2,-4,0,0,104,21
"H",1,2,2,-5,0,0,32,2
"H",1,2,2,-6,0,0,15,3
"H",1,2,2,-6,1,0,1,0
"H",1,2,2,-6,1,1,1,0
"H",1,2,2,-6,1,2,1,0
"H",1,2,2,-6,2,2,1,0
"H",1,2,2,-7,0,0,6,0
"H",1,2,2,-8,0,0,2,1
"H",1,2,2,0,0,0,4074,2305
"H",1,2,2,0,0,1,14,11
"H",1,2,2,0,0,2,5,5
"H",1,2,2,0,1,0,10,4
"H",1,2,2,0,1,1,13,7
"H",1,2,2,0,1,2,9,6
"H",1,2,2,0,2,0,5,3
"H",1,2,2,0,2,1,2,0
"H",1,2,2,0,2,2,5,3
"H",1,2,2,0,3,0,3,2
"H",1,2,2,0,3,1,1,0
"H",1,2,2,0,3,2,2,1
"H",1,2,2,1,0,0,1039,694
"H",1,2,2,1,0,1,1,1
"H",1,2,2,1,0,2,1,1
"H",1,2,2,1,1,0,1,1
"H",1,2,2,1,1,1,1,1
"H",1,2,2,2,0,0,551,445
"H",1,2,2,2,0,1,1,0
"H",1,2,2,2,0,2,1,0
"H",1,2,2,2,1,2,1,0
"H",1,2,2,3,0,0,252,218
"H",1,2,2,3,1,0,1,0
"H",1,2,2,3,1,1,1,0
"H",1,2,2,3,2,1,1,0
"H",1,2,2,3,2,2,1,0
"H",1,2,2,4,0,0,101,88
"H",1,2,2,5,0,0,35,33
"H",1,2,2,6,0,0,16,14
"H",1,2,2,7,0,0,8,7
"H",1,2,2,8,0,0,2,2
"H",1,2,2,9,0,0,3,3
"H",1,2,3,-1,0,0,617,283
"H",1,2,3,-1,0,1,1,1
"H",1,2,3,-1,1,0,2,2
"H",1,2,3,-1,1,1,2,2
"H",1,2,3,-1,1,2,1,1
"H",1,2,3,-1,2,0,1,1
"H",1,2,3,-1,2,1,1,1
"H",1,2,3,-1,2,2,1,1
"H",1,2,3,-1,3,0,1,1
"H",1,2,3,-1,3,1,2,2
"H",1,2,3,-1,3,2,2,2
"H",1,2,3,-2,0,0,272,102
"H",1,2,3,-3,0,0,122,35
"H",1,2,3,-4,0,0,34,4
"H",1,2,3,-4,0,1,1,1
"H",1,2,3,-4,0,2,1,1
"H",1,2,3,-5,0,0,18,4
"H",1,2,3,-6,0,0,7,0
"H",1,2,3,-9,0,0,2,1
"H",1,2,3,0,0,0,2421,1417
"H",1,2,3,0,0,1,11,6
"H",1,2,3,0,0,2,3,1
"H",1,2,3,0,1,0,6,4
"H",1,2,3,0,1,1,6,4
"H",1,2,3,0,1,2,7,4
"H",1,2,3,0,2,0,4,3
"H",1,2,3,0,2,1,3,1
"H",1,2,3,0,2,2,5,2
"H",1,2,3,0,3,0,2,2
"H",1,2,3,0,3,1,2,1
"H",1,2,3,0,3,2,5,2
"H",1,2,3,1,0,0,929,632
"H",1,2,3,1,0,1,5,3
"H",1,2,3,1,1,0,2,1
"H",1,2,3,1,1,1,7,4
"H",1,2,3,1,1,2,4,4
"H",1,2,3,1,2,1,3,0
"H",1,2,3,1,2,2,3,2
"H",1,2,3,1,3,1,2,0
"H",1,2,3,1,3,2,2,0
"H",1,2,3,2,0,0,484,370
"H",1,2,3,2,0,1,3,2
"H",1,2,3,2,0,2,2,2
"H",1,2,3,2,1,0,4,3
"H",1,2,3,2,1,1,2,1
"H",1,2,3,2,1,2,1,1
"H",1,2,3,2,2,0,3,2
"H",1,2,3,2,2,1,2,0
"H",1,2,3,2,2,2,2,1
"H",1,2,3,2,3,0,2,2
"H",1,2,3,2,3,1,2,1
"H",1,2,3,2,3,2,3,2
"H",1,2,3,3,0,0,202,173
"H",1,2,3,4,0,0,104,93
"H",1,2,3,5,0,0,30,27
"H",1,2,3,6,0,0,15,14
"H",1,2,3,7,0,0,4,4
"H",1,2,3,8,0,0,2,2
"H",1,2,3,9,0,0,1,1
"H",1,2,4,-1,0,0,351,162
"H",1,2,4,-1,0,1,2,1
"H",1,2,4,-1,0,2,2,1
"H",1,2,4,-1,1,0,1,0
"H",1,2,4,-1,1,2,1,0
"H",1,2,4,-1,2,0,1,0
"H",1,2,4,-1,2,1,1,0
"H",1,2,4,-1,2,2,1,0
"H",1,2,4,-2,0,0,185,81
"H",1,2,4,-2,1,0,1,1
"H",1,2,4,-3,0,0,84,18
"H",1,2,4,-4,0,0,25,4
"H",1,2,4,-5,0,0,8,1
"H",1,2,4,-6,0,0,6,1
"H",1,2,4,-7,0,0,2,0
"H",1,2,4,-8,0,0,3,0
"H",1,2,4,0,0,0,1212,707
"H",1,2,4,0,0,1,3,2
"H",1,2,4,0,0,2,1,1
"H",1,2,4,0,1,0,2,1
"H",1,2,4,0,1,1,3,1
"H",1,2,4,0,1,2,2,0
"H",1,2,4,0,2,0,1,1
"H",1,2,4,0,3,0,1,1
"H",1,2,4,1,0,0,474,311
"H",1,2,4,1,0,1,2,0
"H",1,2,4,1,1,1,2,0
"H",1,2,4,1,1,2,1,0
"H",1,2,4,10,0,0,1,1
"H",1,2,4,2,0,0,226,178
"H",1,2,4,2,0,1,1,1
"H",1,2,4,2,0,2,1,1
"H",1,2,4,2,1,2,1,1
"H",1,2,4,3,0,0,112,95
"H",1,2,4,4,0,0,62,54
"H",1,2,4,4,0,1,1,0
"H",1,2,4,4,0,2,1,0
"H",1,2,4,5,0,0,14,14
"H",1,2,4,6,0,0,11,11
"H",1,2,4,7,0,0,7,7
"H",1,2,5,-1,0,0,281,123
"H",1,2,5,-2,0,0,121,39
"H",1,2,5,-3,0,0,55,26
"H",1,2,5,-4,0,0,20,9
"H",1,2,5,-5,0,0,9,0
"H",1,2,5,-6,0,0,2,1
"H",1,2,5,0,0,0,1104,638
"H",1,2,5,0,0,1,6,1
"H",1,2,5,0,0,2,4,1
"H",1,2,5,0,1,0,3,3
"H",1,2,5,0,1,1,1,0
"H",1,2,5,0,1,2,3,0
"H",1,2,5,0,2,0,2,2
"H",1,2,5,0,2,2,1,0
"H",1,2,5,0,3,0,1,1
"H",1,2,5,0,3,2,1,0
"H",1,2,5,1,0,0,544,397
"H",1,2,5,1,0,1,1,1
"H",1,2,5,1,0,2,1,1
"H",1,2,5,1,1,0,1,0
"H",1,2,5,1,1,2,1,1
"H",1,2,5,1,2,0,1,0
"H",1,2,5,1,2,2,1,1
"H",1,2,5,1,3,2,1,1
"H",1,2,5,11,0,0,1,1
"H",1,2,5,2,0,0,262,188
"H",1,2,5,2,0,1,2,0
"H",1,2,5,2,0,2,2,0
"H",1,2,5,2,1,2,2,0
"H",1,2,5,2,2,2,2,0
"H",1,2,5,3,0,0,106,85
"H",1,2,5,4,0,0,55,49
"H",1,2,5,4,1,0,1,1
"H",1,2,5,4,2,0,1,1
"H",1,2,5,5,0,0,16,14
"H",1,2,5,6,0,0,8,7
"H",1,2,5,7,0,0,7,7
"H",1,2,5,8,0,0,2,2
"H",1,2,6,-1,0,0,213,95
"H",1,2,6,-2,0,0,95,41
"H",1,2,6,-2,0,1,1,1
"H",1,2,6,-2,0,2,1,1
"H",1,2,6,-3,0,0,49,15
"H",1,2,6,-4,0,0,19,2
"H",1,2,6,-5,0,0,5,0
"H",1,2,6,-6,0,0,3,1
"H",1,2,6,-8,0,0,1,0
"H",1,2,6,0,0,0,839,499
"H",1,2,6,0,0,1,3,1
"H",1,2,6,0,1,0,3,2
"H",1,2,6,0,1,1,3,2
"H",1,2,6,0,1,2,1,1
"H",1,2,6,0,2,0,1,0
"H",1,2,6,0,2,1,1,0
"H",1,2,6,0,2,2,2,1
"H",1,2,6,0,3,2,2,1
"H",1,2,6,1,0,0,423,305
"H",1,2,6,1,1,0,1,1
"H",1,2,6,1,2,0,1,1
"H",1,2,6,2,0,0,200,152
"H",1,2,6,2,1,0,1,1
"H",1,2,6,2,2,0,1,1
"H",1,2,6,2,3,0,1,1
"H",1,2,6,3,0,0,84,73
"H",1,2,6,3,1,0,1,1
"H",1,2,6,3,2,0,1,1
"H",1,2,6,4,0,0,41,36
"H",1,2,6,4,0,1,1,1
"H",1,2,6,4,0,2,1,1
"H",1,2,6,5,0,0,18,16
"H",1,2,6,6,0,0,7,7
"H",1,2,6,8,0,0,2,2
"H",1,2,6,9,0,0,1,1
"H",1,2,7,-1,0,0,180,87
"H",1,2,7,-1,0,1,1,0
"H",1,2,7,-1,0,2,1,0
"H",1,2,7,-1,1,2,1,0
"H",1,2,7,-1,2,2,1,0
"H",1,2,7,-10,0,0,1,0
"H",1,2,7,-2,0,0,60,25
"H",1,2,7,-3,0,0,42,8
"H",1,2,7,-4,0,0,15,2
"H",1,2,7,-4,0,1,1,0
"H",1,2,7,-4,0,2,1,0
"H",1,2,7,-4,1,2,1,0
"H",1,2,7,-4,2,2,1,0
"H",1,2,7,-5,0,0,7,1
"H",1,2,7,-6,0,0,7,1
"H",1,2,7,-7,0,0,1,0
"H",1,2,7,0,0,0,584,357
"H",1,2,7,0,0,1,2,0
"H",1,2,7,0,1,0,5,3
"H",1,2,7,0,1,1,5,2
"H",1,2,7,0,1,2,3,2
"H",1,2,7,0,2,0,1,1
"H",1,2,7,0,2,1,2,0
"H",1,2,7,0,2,2,3,1
"H",1,2,7,0,3,2,2,0
"H",1,2,7,1,0,0,298,215
"H",1,2,7,1,0,1,1,0
"H",1,2,7,1,1,1,1,0
"H",1,2,7,2,0,0,167,137
"H",1,2,7,2,1,0,1,1
"H",1,2,7,3,0,0,58,55
"H",1,2,7,4,0,0,22,17
"H",1,2,7,5,0,0,12,12
"H",1,2,7,6,0,0,6,6
"H",1,2,7,7,0,0,1,1
"H",1,2,7,8,0,0,1,1
"H",1,2,8,-1,0,0,109,56
"H",1,2,8,-1,0,1,1,0
"H",1,2,8,-1,0,2,1,0
"H",1,2,8,-10,0,0,1,0
"H",1,2,8,-2,0,0,60,23
"H",1,2,8,-2,0,1,1,1
"H",1,2,8,-2,0,2,1,1
"H",1,2,8,-2,1,2,1,1
"H",1,2,8,-3,0,0,34,8
"H",1,2,8,-4,0,0,10,1
"H",1,2,8,-5,0,0,2,1
"H",1,2,8,-6,0,0,3,2
"H",1,2,8,-7,0,0,1,0
"H",1,2,8,-8,0,0,2,0
"H",1,2,8,0,0,0,376,238
"H",1,2,8,0,1,0,2,1
"H",1,2,8,0,1,1,2,1
"H",1,2,8,0,2,1,2,1
"H",1,2,8,0,2,2,1,1
"H",1,2,8,0,3,2,1,1
"H",1,2,8,1,0,0,214,158
"H",1,2,8,1,0,1,1,0
"H",1,2,8,2,0,0,110,96
"H",1,2,8,3,0,0,53,47
"H",1,2,8,4,0,0,24,20
"H",1,2,8,5,0,0,10,10
"H",1,2,8,6,0,0,4,4
"H",1,2,8,7,0,0,5,5
"H",1,2,8,8,0,0,1,1
"H",2,0,1,-1,0,0,4176,1938
"H",2,0,1,-1,0,1,13,7
"H",2,0,1,-1,0,2,5,3
"H",2,0,1,-1,1,0,7,4
"H",2,0,1,-1,1,1,7,4
"H",2,0,1,-1,1,2,6,3
"H",2,0,1,-1,2,0,2,1
"H",2,0,1,-1,2,1,4,3
"H",2,0,1,-1,2,2,5,4
"H",2,0,1,-1,3,2,2,2
"H",2,0,1,-10,0,0,7,0
"H",2,0,1,-11,0,0,4,0
"H",2,0,1,-12,0,0,2,0
"H",2,0,1,-13,0,0,1,0
"H",2,0,1,-2,0,0,2203,732
"H",2,0,1,-2,0,1,2,1
"H",2,0,1,-2,0,2,1,1
"H",2,0,1,-2,1,0,4,2
"H",2,0,1,-2,1,1,2,1
"H",2,0,1,-2,2,0,2,1
"H",2,0,1,-2,2,1,1,1
"H",2,0,1,-2,2,2,1,1
"H",2,0,1,-2,3,0,2,1
"H",2,0,1,-2,3,1,1,1
"H",2,0,1,-3,0,0,1089,270
"H",2,0,1,-3,1,0,1,1
"H",2,0,1,-3,2,0,1,1
"H",2,0,1,-3,3,0,1,1
"H",2,0,1,-4,0,0,519,93
"H",2,0,1,-4,1,0,1,1
"H",2,0,1,-4,1,1,1,1
"H",2,0,1,-4,1,2,1,1
"H",2,0,1,-4,2,2,1,1
"H",2,0,1,-5,0,0,270,44
"H",2,0,1,-5,0,1,1,0
"H",2,0,1,-5,1,0,1,0
"H",2,0,1,-5,1,1,1,0
"H",2,0,1,-6,0,0,160,10
"H",2,0,1,-6,0,1,1,0
"H",2,0,1,-6,0,2,1,0
"H",2,0,1,-6,1,0,1,0
"H",2,0,1,-6,1,1,1,0
"H",2,0,1,-6,1,2,2,0
"H",2,0,1,-6,2,2,1,0
"H",2,0,1,-7,0,0,65,5
"H",2,0,1,-7,0,1,1,0
"H",2,0,1,-7,0,2,1,0
"H",2,0,1,-8,0,0,30,4
"H",2,0,1,-9,0,0,25,2
"H",2,0,1,0,0,0,9624,5659
"H",2,0,1,0,0,1,32,17
"H",2,0,1,0,0,2,14,7
"H",2,0,1,0,1,0,37,22
"H",2,0,1,0,1,1,30,16
"H",2,0,1,0,1,2,23,11
"H",2,0,1,0,2,0,17,12
"H",2,0,1,0,2,1,18,9
"H",2,0,1,0,2,2,22,12
"H",2,0,1,0,3,0,8,6
"H",2,0,1,0,3,1,8,3
"H",2,0,1,0,3,2,17,8
"H",2,0,1,1,0,0,2734,1926
"H",2,0,1,1,0,1,7,4
"H",2,0,1,1,0,2,3,1
"H",2,0,1,1,1,1,3,3
"H",2,0,1,1,1,2,1,1
"H",2,0,1,1,2,1,2,2
"H",2,0,1,1,3,1,1,1
"H",2,0,1,10,0,0,2,2
"H",2,0,1,11,0,0,1,1
"H",2,0,1,2,0,0,1429,1125
"H",2,0,1,2,0,1,3,3
"H",2,0,1,2,0,2,1,1
"H",2,0,1,2,1,0,3,3
"H",2,0,1,2,1,2,1,1
"H",2,0,1,2,2,0,3,3
"H",2,0,1,2,2,1,2,2
"H",2,0,1,2,3,0,1,1
"H",2,0,1,2,3,1,1,1
"H",2,0,1,2,3,2,1,1
"H",2,0,1,3,0,0,614,532
"H",2,0,1,3,0,1,1,1
"H",2,0,1,3,1,1,1,1
"H",2,0,1,3,2,1,1,1
"H",2,0,1,3,3,1,1,1
"H",2,0,1,3,3,2,1,1
"H",2,0,1,4,0,0,290,260
"H",2,0,1,4,0,1,1,1
"H",2,0,1,4,1,1,1,1
"H",2,0,1,4,1,2,1,1
"H",2,0,1,5,0,0,95,88
"H",2,0,1,5,0,1,1,1
"H",2,0,1,5,0,2,1,1
"H",2,0,1,6,0,0,36,36
"H",2,0,1,7,0,0,26,25
"H",2,0,1,8,0,0,10,10
"H",2,0,1,9,0,0,4,4
"H",2,0,2,-1,0,0,1228,627
"H",2,0,2,-1,0,1,3,2
"H",2,0,2,-1,0,2,2,2
"H",2,0,2,-1,1,1,1,0
"H",2,0,2,-1,1,2,1,1
"H",2,0,2,-1,2,1,1,0
"H",2,0,2,-1,2,2,1,1
"H",2,0,2,-1,3,2,1,1
"H",2,0,2,-10,0,0,2,0
"H",2,0,2,-11,0,0,1,0
"H",2,0,2,-12,0,0,1,0
"H",2,0,2,-13,0,0,1,0
"H",2,0,2,-2,0,0,641,235
"H",2,0,2,-2,0,1,1,1
"H",2,0,2,-2,1,0,1,0
"H",2,0,2,-2,2,0,1,0
"H",2,0,2,-2,2,1,1,0
"H",2,0,2,-3,0,0,310,81
"H",2,0,2,-4,0,0,165,38
"H",2,0,2,-5,0,0,97,20
"H",2,0,2,-6,0,0,49,3
"H",2,0,2,-7,0,0,16,0
"H",2,0,2,-8,0,0,6,0
"H",2,0,2,-9,0,0,9,1
"H",2,0,2,0,0,0,2825,1774
"H",2,0,2,0,0,1,10,9
"H",2,0,2,0,0,2,3,3
"H",2,0,2,0,1,0,4,2
"H",2,0,2,0,1,1,4,3
"H",2,0,2,0,1,2,2,2
"H",2,0,2,0,2,0,2,1
"H",2,0,2,0,2,1,1,1
"H",2,0,2,0,2,2,1,1
"H",2,0,2,0,3,0,1,0
"H",2,0,2,1,0,0,881,649
"H",2,0,2,1,0,1,1,1
"H",2,0,2,1,0,2,1,1
"H",2,0,2,1,1,0,1,0
"H",2,0,2,1,2,0,1,0
"H",2,0,2,1,3,0,1,0
"H",2,0,2,1,3,1,1,0
"H",2,0,2,10,0,0,1,1
"H",2,0,2,11,0,0,1,1
"H",2,0,2,2,0,0,458,376
"H",2,0,2,3,0,0,207,186
"H",2,0,2,3,1,0,1,1
"H",2,0,2,3,1,1,1,1
"H",2,0,2,3,1,2,1,1
"H",2,0,2,4,0,0,104,96
"H",2,0,2,5,0,0,35,33
"H",2,0,2,6,0,0,20,19
"H",2,0,2,7,0,0,10,10
"H",2,0,2,8,0,0,5,5
"H",2,0,2,9,0,0,1,1
"H",2,0,3,-1,0,0,261,130
"H",2,0,3,-2,0,0,154,63
"H",2,0,3,-3,0,0,75,20
"H",2,0,3,-3,1,0,1,0
"H",2,0,3,-4,0,0,40,11
"H",2,0,3,-5,0,0,19,6
"H",2,0,3,-6,0,0,19,4
"H",2,0,3,-7,0,0,5,0
"H",2,0,3,-8,0,0,3,1
"H",2,0,3,-9,0,0,2,1
"H",2,0,3,0,0,0,638,391
"H",2,0,3,0,0,1,1,0
"H",2,0,3,0,1,0,2,2
"H",2,0,3,0,2,0,1,1
"H",2,0,3,0,3,0,1,1
"H",2,0,3,1,0,0,248,189
"H",2,0,3,2,0,0,113,94
"H",2,0,3,2,0,1,1,1
"H",2,0,3,2,1,1,1,1
"H",2,0,3,2,2,1,1,1
"H",2,0,3,2,2,2,1,1
"H",2,0,3,2,3,2,1,1
"H",2,0,3,3,0,0,47,42
"H",2,0,3,4,0,0,36,34
"H",2,0,3,5,0,0,10,8
"H",2,0,3,6,0,0,4,4
"H",2,0,3,7,0,0,3,3
"H",2,0,4,-1,0,0,258,165
"H",2,0,4,-2,0,0,178,80
"H",2,0,4,-3,0,0,75,27
"H",2,0,4,-4,0,0,43,10
"H",2,0,4,-5,0,0,29,6
"H",2,0,4,-6,0,0,16,1
"H",2,0,4,-7,0,0,1,0
"H",2,0,4,-9,0,0,1,0
"H",2,0,4,0,0,0,520,357
"H",2,0,4,0,0,1,1,1
"H",2,0,4,0,0,2,1,1
"H",2,0,4,0,1,0,1,1
"H",2,0,4,1,0,0,214,173
"H",2,0,4,1,0,1,1,0
"H",2,0,4,1,1,1,1,0
"H",2,0,4,1,2,1,1,0
"H",2,0,4,1,2,2,1,0
"H",2,0,4,2,0,0,125,108
"H",2,0,4,2,0,1,1,1
"H",2,0,4,2,0,2,1,1
"H",2,0,4,3,0,0,51,44
"H",2,0,4,3,1,0,1,1
"H",2,0,4,3,1,1,1,1
"H",2,0,4,4,0,0,26,23
"H",2,0,4,5,0,0,16,16
"H",2,0,4,6,0,0,6,5
"H",2,0,4,7,0,0,5,5
"H",2,0,4,8,0,0,1,1
"H",2,0,5,-1,0,0,73,38
"H",2,0,5,-1,1,0,1,0
"H",2,0,5,-1,1,1,1,0
"H",2,0,5,-1,1,2,1,0
"H",2,0,5,-11,0,0,1,0
"H",2,0,5,-2,0,0,36,15
"H",2,0,5,-2,0,1,1,1
"H",2,0,5,-3,0,0,26,14
"H",2,0,5,-4,0,0,12,2
"H",2,0,5,-5,0,0,1,1
"H",2,0,5,-6,0,0,2,0
"H",2,0,5,-8,0,0,1,1
"H",2,0,5,0,0,0,211,139
"H",2,0,5,1,0,0,102,83
"H",2,0,5,10,0,0,1,1
"H",2,0,5,2,0,0,55,47
"H",2,0,5,3,0,0,23,20
"H",2,0,5,4,0,0,10,9
"H",2,0,5,5,0,0,5,5
"H",2,0,5,6,0,0,5,5
"H",2,0,5,9,0,0,1,1
"H",2,0,6,-1,0,0,110,55
"H",2,0,6,-1,0,1,1,1
"H",2,0,6,-1,0,2,1,1
"H",2,0,6,-12,0,0,1,0
"H",2,0,6,-13,0,0,1,0
"H",2,0,6,-2,0,0,53,21
"H",2,0,6,-3,0,0,19,7
"H",2,0,6,-4,0,0,9,1
"H",2,0,6,-5,0,0,5,3
"H",2,0,6,-6,0,0,9,1
"H",2,0,6,-7,0,0,3,0
"H",2,0,6,-8,0,0,1,0
"H",2,0,6,-9,0,0,1,0
"H",2,0,6,0,0,0,279,199
"H",2,0,6,1,0,0,110,86
"H",2,0,6,11,0,0,1,1
"H",2,0,6,2,0,0,47,42
"H",2,0,6,3,0,0,27,25
"H",2,0,6,4,0,0,16,15
"H",2,0,6,5,0,0,4,3
"H",2,0,6,6,0,0,3,3
"H",2,0,6,7,0,0,2,2
"H",2,0,6,8,0,0,1,1
"H",2,0,7,-1,0,0,68,47
"H",2,0,7,-2,0,0,25,10
"H",2,0,7,-3,0,0,16,6
"H",2,0,7,-4,0,0,8,1
"H",2,0,7,-5,0,0,8,3
"H",2,0,7,-6,0,0,2,0
"H",2,0,7,-7,0,0,1,0
"H",2,0,7,-8,0,0,1,0
"H",2,0,7,-9,0,0,1,0
"H",2,0,7,0,0,0,123,83
"H",2,0,7,1,0,0,55,45
"H",2,0,7,2,0,0,29,27
"H",2,0,7,3,0,0,21,19
"H",2,0,7,4,0,0,9,9
"H",2,0,7,5,0,0,4,4
"H",2,0,7,6,0,0,1,1
"H",2,0,7,7,0,0,1,1
"H",2,0,8,-1,0,0,66,40
"H",2,0,8,-2,0,0,42,18
"H",2,0,8,-3,0,0,18,10
"H",2,0,8,-4,0,0,11,2
"H",2,0,8,-5,0,0,10,4
"H",2,0,8,-6,0,0,2,0
"H",2,0,8,-7,0,0,1,0
"H",2,0,8,0,0,0,125,91
"H",2,0,8,1,0,0,64,54
"H",2,0,8,11,0,0,1,1
"H",2,0,8,12,0,0,1,1
"H",2,0,8,2,0,0,35,34
"H",2,0,8,3,0,0,19,19
"H",2,0,8,4,0,0,8,7
"H",2,0,8,5,0,0,3,3
"H",2,0,8,6,0,0,2,2
"H",2,0,8,7,0,0,1,1
"H",2,0,8,8,0,0,1,1
"H",2,1,1,-1,0,0,2789,1217
"H",2,1,1,-1,0,1,12,7
"H",2,1,1,-1,0,2,4,2
"H",2,1,1,-1,1,0,11,5
"H",2,1,1,-1,1,1,10,4
"H",2,1,1,-1,1,2,5,2
"H",2,1,1,-1,2,0,7,4
"H",2,1,1,-1,2,1,2,1
"H",2,1,1,-1,2,2,2,0
"H",2,1,1,-1,3,0,5,3
"H",2,1,1,-1,3,1,2,0
"H",2,1,1,-1,3,2,2,0
"H",2,1,1,-10,0,0,6,0
"H",2,1,1,-11,0,0,2,0
"H",2,1,1,-12,0,0,1,0
"H",2,1,1,-2,0,0,1415,439
"H",2,1,1,-2,0,1,4,0
"H",2,1,1,-2,0,2,4,0
"H",2,1,1,-2,1,0,1,0
"H",2,1,1,-2,1,2,1,0
"H",2,1,1,-2,2,0,1,0
"H",2,1,1,-2,3,0,1,0
"H",2,1,1,-3,0,0,701,164
"H",2,1,1,-4,0,0,306,41
"H",2,1,1,-4,0,1,1,1
"H",2,1,1,-4,0,2,1,1
"H",2,1,1,-4,1,2,1,1
"H",2,1,1,-5,0,0,161,20
"H",2,1,1,-5,0,1,1,0
"H",2,1,1,-5,1,0,2,0
"H",2,1,1,-5,1,1,1,0
"H",2,1,1,-5,1,2,1,0
"H",2,1,1,-5,2,0,2,0
"H",2,1,1,-5,2,1,1,0
"H",2,1,1,-5,2,2,1,0
"H",2,1,1,-5,3,0,1,0
"H",2,1,1,-5,3,1,1,0
"H",2,1,1,-6,0,0,94,3
"H",2,1,1,-6,0,1,1,0
"H",2,1,1,-6,1,0,1,0
"H",2,1,1,-6,1,1,2,0
"H",2,1,1,-6,1,2,1,0
"H",2,1,1,-6,2,1,1,0
"H",2,1,1,-7,0,0,45,5
"H",2,1,1,-8,0,0,20,2
"H",2,1,1,-9,0,0,13,0
"H",2,1,1,0,0,0,6279,3522
"H",2,1,1,0,0,1,27,13
"H",2,1,1,0,0,2,14,8
"H",2,1,1,0,1,0,24,15
"H",2,1,1,0,1,1,22,13
"H",2,1,1,0,1,2,12,5
"H",2,1,1,0,2,0,9,4
"H",2,1,1,0,2,1,12,5
"H",2,1,1,0,2,2,13,5
"H",2,1,1,0,3,0,3,3
"H",2,1,1,0,3,1,2,1
"H",2,1,1,0,3,2,6,2
"H",2,1,1,1,0,0,1916,1311
"H",2,1,1,1,0,1,5,1
"H",2,1,1,1,0,2,2,0
"H",2,1,1,1,1,0,3,1
"H",2,1,1,1,1,1,2,1
"H",2,1,1,1,1,2,2,1
"H",2,1,1,1,2,0,1,0
"H",2,1,1,1,2,1,1,0
"H",2,1,1,1,2,2,2,1
"H",2,1,1,10,0,0,2,2
"H",2,1,1,2,0,0,1019,779
"H",2,1,1,2,0,1,2,2
"H",2,1,1,2,0,2,2,2
"H",2,1,1,2,1,0,2,1
"H",2,1,1,2,1,1,2,1
"H",2,1,1,2,1,2,2,1
"H",2,1,1,2,2,1,1,1
"H",2,1,1,3,0,0,439,372
"H",2,1,1,3,0,1,1,1
"H",2,1,1,3,0,2,1,1
"H",2,1,1,4,0,0,189,168
"H",2,1,1,4,1,0,1,1
"H",2,1,1,4,2,0,1,1
"H",2,1,1,4,2,1,1,1
"H",2,1,1,4,3,1,1,1
"H",2,1,1,4,3,2,1,1
"H",2,1,1,5,0,0,74,71
"H",2,1,1,5,0,1,1,1
"H",2,1,1,5,1,0,1,1
"H",2,1,1,5,1,1,2,2
"H",2,1,1,5,1,2,1,1
"H",2,1,1,5,2,1,1,1
"H",2,1,1,6,0,0,23,23
"H",2,1,1,7,0,0,28,27
"H",2,1,1,8,0,0,8,8
"H",2,1,1,9,0,0,1,1
"H",2,1,2,-1,0,0,1239,576
"H",2,1,2,-1,0,1,4,1
"H",2,1,2,-1,1,0,3,2
"H",2,1,2,-1,1,1,1,0
"H",2,1,2,-1,1,2,1,0
"H",2,1,2,-1,2,0,1,1
"H",2,1,2,-1,2,1,1,1
"H",2,1,2,-1,2,2,1,1
"H",2,1,2,-10,0,0,3,0
"H",2,1,2,-11,0,0,2,0
"H",2,1,2,-12,0,0,2,0
"H",2,1,2,-2,0,0,662,230
"H",2,1,2,-2,0,1,2,1
"H",2,1,2,-2,0,2,1,0
"H",2,1,2,-2,1,1,1,1
"H",2,1,2,-2,1,2,1,1
"H",2,1,2,-3,0,0,321,82
"H",2,1,2,-4,0,0,164,33
"H",2,1,2,-4,1,0,1,1
"H",2,1,2,-5,0,0,96,14
"H",2,1,2,-5,1,0,1,0
"H",2,1,2,-5,1,1,1,0
"H",2,1,2,-5,1,2,1,0
"H",2,1,2,-5,2,2,1,0
"H",2,1,2,-6,0,0,46,2
"H",2,1,2,-7,0,0,23,1
"H",2,1,2,-8,0,0,15,2
"H",2,1,2,-9,0,0,8,1
"H",2,1,2,0,0,0,2837,1707
"H",2,1,2,0,0,1,6,5
"H",2,1,2,0,0,2,1,0
"H",2,1,2,0,1,0,5,2
"H",2,1,2,0,1,1,4,2
"H",2,1,2,0,2,0,1,1
"H",2,1,2,0,2,1,2,1
"H",2,1,2,0,3,1,1,1
"H",2,1,2,1,0,0,1102,778
"H",2,1,2,1,0,1,3,2
"H",2,1,2,1,0,2,3,2
"H",2,1,2,1,1,0,2,1
"H",2,1,2,1,1,1,2,1
"H",2,1,2,1,2,1,1,1
"H",2,1,2,10,0,0,3,3
"H",2,1,2,11,0,0,2,2
"H",2,1,2,2,0,0,564,459
"H",2,1,2,3,0,0,282,247
"H",2,1,2,4,0,0,116,108
"H",2,1,2,5,0,0,58,53
"H",2,1,2,5,1,0,2,2
"H",2,1,2,5,1,1,1,1
"H",2,1,2,5,1,2,1,1
"H",2,1,2,5,2,0,1,1
"H",2,1,2,5,2,1,1,1
"H",2,1,2,5,2,2,1,1
"H",2,1,2,5,3,1,1,1
"H",2,1,2,6,0,0,29,29
"H",2,1,2,7,0,0,15,15
"H",2,1,2,8,0,0,8,8
"H",2,1,2,9,0,0,2,2
"H",2,1,3,-1,0,0,543,263
"H",2,1,3,-1,1,0,2,0
"H",2,1,3,-1,1,1,2,0
"H",2,1,3,-1,2,1,2,0
"H",2,1,3,-1,2,2,1,0
"H",2,1,3,-1,3,1,1,0
"H",2,1,3,-10,0,0,1,0
"H",2,1,3,-2,0,0,219,73
"H",2,1,3,-3,0,0,112,28
"H",2,1,3,-4,0,0,58,14
"H",2,1,3,-5,0,0,25,8
"H",2,1,3,-6,0,0,14,1
"H",2,1,3,-7,0,0,9,2
"H",2,1,3,-8,0,0,4,1
"H",2,1,3,-9,0,0,3,1
"H",2,1,3,0,0,0,1299,808
"H",2,1,3,0,0,1,4,4
"H",2,1,3,0,1,0,3,3
"H",2,1,3,0,1,1,2,2
"H",2,1,3,0,1,2,1,1
"H",2,1,3,0,2,0,2,2
"H",2,1,3,0,2,1,1,1
"H",2,1,3,0,3,0,2,2
"H",2,1,3,0,3,1,1,1
"H",2,1,3,0,3,2,1,1
"H",2,1,3,1,0,0,590,436
"H",2,1,3,1,0,1,1,1
"H",2,1,3,1,1,0,1,1
"H",2,1,3,1,1,1,2,2
"H",2,1,3,1,1,2,1,1
"H",2,1,3,1,2,1,1,1
"H",2,1,3,1,2,2,2,2
"H",2,1,3,1,3,2,1,1
"H",2,1,3,10,0,0,1,1
"H",2,1,3,2,0,0,331,273
"H",2,1,3,2,0,1,1,0
"H",2,1,3,2,0,2,1,0
"H",2,1,3,3,0,0,158,147
"H",2,1,3,4,0,0,103,95
"H",2,1,3,5,0,0,35,33
"H",2,1,3,6,0,0,19,18
"H",2,1,3,7,0,0,9,9
"H",2,1,3,8,0,0,9,9
"H",2,1,3,9,0,0,3,3
"H",2,1,4,-1,0,0,341,183
"H",2,1,4,-10,0,0,1,0
"H",2,1,4,-11,0,0,1,0
"H",2,1,4,-2,0,0,207,87
"H",2,1,4,-3,0,0,96,25
"H",2,1,4,-4,0,0,69,13
"H",2,1,4,-4,0,1,1,1
"H",2,1,4,-4,1,1,1,1
"H",2,1,4,-5,0,0,32,5
"H",2,1,4,-6,0,0,15,0
"H",2,1,4,-7,0,0,11,0
"H",2,1,4,-8,0,0,2,0
"H",2,1,4,-9,0,0,3,0
"H",2,1,4,0,0,0,727,445
"H",2,1,4,0,0,1,2,1
"H",2,1,4,0,0,2,1,0
"H",2,1,4,0,1,0,3,2
"H",2,1,4,0,1,1,3,3
"H",2,1,4,0,1,2,2,2
"H",2,1,4,0,2,0,1,0
"H",2,1,4,0,2,1,1,1
"H",2,1,4,0,2,2,2,2
"H",2,1,4,0,3,2,1,1
"H",2,1,4,1,0,0,406,305
"H",2,1,4,1,0,1,1,1
"H",2,1,4,1,1,0,1,1
"H",2,1,4,1,2,0,1,1
"H",2,1,4,1,2,1,1,1
"H",2,1,4,1,3,1,1,1
"H",2,1,4,10,0,0,2,2
"H",2,1,4,11,0,0,1,1
"H",2,1,4,12,0,0,1,1
"H",2,1,4,13,0,0,1,1
"H",2,1,4,14,0,0,2,2
"H",2,1,4,2,0,0,231,195
"H",2,1,4,2,0,1,1,1
"H",2,1,4,2,0,2,1,1
"H",2,1,4,2,1,0,1,1
"H",2,1,4,2,1,1,1,1
"H",2,1,4,2,1,2,1,1
"H",2,1,4,3,0,0,132,118
"H",2,1,4,4,0,0,58,55
"H",2,1,4,5,0,0,31,29
"H",2,1,4,6,0,0,13,12
"H",2,1,4,7,0,0,8,7
"H",2,1,4,8,0,0,5,5
"H",2,1,4,9,0,0,2,2
"H",2,1,5,-1,0,0,197,98
"H",2,1,5,-1,0,1,1,0
"H",2,1,5,-1,1,0,1,0
"H",2,1,5,-1,1,1,1,0
"H",2,1,5,-1,2,1,1,0
"H",2,1,5,-2,0,0,102,41
"H",2,1,5,-2,1,0,1,1
"H",2,1,5,-2,1,1,1,1
"H",2,1,5,-3,0,0,40,9
"H",2,1,5,-4,0,0,26,6
"H",2,1,5,-5,0,0,7,1
"H",2,1,5,-6,0,0,6,0
"H",2,1,5,-7,0,0,1,0
"H",2,1,5,-8,0,0,1,1
"H",2,1,5,-9,0,0,2,0
"H",2,1,5,0,0,0,529,328
"H",2,1,5,0,0,1,2,1
"H",2,1,5,0,1,0,2,1
"H",2,1,5,0,1,1,2,1
"H",2,1,5,0,2,0,1,0
"H",2,1,5,0,2,1,1,1
"H",2,1,5,0,3,0,1,0
"H",2,1,5,1,0,0,299,231
"H",2,1,5,10,0,0,2,2
"H",2,1,5,2,0,0,156,128
"H",2,1,5,3,0,0,80,67
"H",2,1,5,4,0,0,41,39
"H",2,1,5,5,0,0,23,23
"H",2,1,5,6,0,0,21,21
"H",2,1,5,7,0,0,4,4
"H",2,1,5,8,0,0,4,4
"H",2,1,5,9,0,0,1,1
"H",2,1,6,-1,0,0,143,77
"H",2,1,6,-11,0,0,1,0
"H",2,1,6,-12,0,0,2,0
"H",2,1,6,-2,0,0,89,35
"H",2,1,6,-3,0,0,37,11
"H",2,1,6,-4,0,0,24,7
"H",2,1,6,-5,0,0,9,2
"H",2,1,6,-6,0,0,5,0
"H",2,1,6,-7,0,0,2,1
"H",2,1,6,-8,0,0,4,1
"H",2,1,6,0,0,0,403,271
"H",2,1,6,0,1,0,1,1
"H",2,1,6,0,1,1,1,1
"H",2,1,6,1,0,0,230,160
"H",2,1,6,1,0,1,1,0
"H",2,1,6,1,1,1,1,0
"H",2,1,6,1,1,2,1,0
"H",2,1,6,10,0,0,1,1
"H",2,1,6,15,0,0,1,1
"H",2,1,6,2,0,0,120,104
"H",2,1,6,3,0,0,73,64
"H",2,1,6,4,0,0,37,34
"H",2,1,6,5,0,0,27,26
"H",2,1,6,6,0,0,12,12
"H",2,1,6,7,0,0,4,4
"H",2,1,6,8,0,0,6,6
"H",2,1,6,9,0,0,1,1
"H",2,1,7,-1,0,0,171,98
"H",2,1,7,-1,1,0,1,1
"H",2,1,7,-1,1,1,1,1
"H",2,1,7,-1,1,2,1,1
"H",2,1,7,-12,0,0,1,0
"H",2,1,7,-2,0,0,106,51
"H",2,1,7,-3,0,0,51,15
"H",2,1,7,-4,0,0,19,7
"H",2,1,7,-5,0,0,2,0
"H",2,1,7,-6,0,0,5,0
"H",2,1,7,-7,0,0,1,0
"H",2,1,7,0,0,0,376,263
"H",2,1,7,0,0,1,1,1
"H",2,1,7,0,0,2,1,1
"H",2,1,7,0,1,0,1,1
"H",2,1,7,0,1,2,1,1
"H",2,1,7,0,2,0,1,1
"H",2,1,7,0,2,2,1,1
"H",2,1,7,0,3,0,1,1
"H",2,1,7,1,0,0,194,161
"H",2,1,7,1,0,1,1,1
"H",2,1,7,10,0,0,1,1
"H",2,1,7,2,0,0,95,76
"H",2,1,7,3,0,0,65,58
"H",2,1,7,3,1,0,1,1
"H",2,1,7,3,2,0,1,1
"H",2,1,7,3,2,1,1,1
"H",2,1,7,3,2,2,1,1
"H",2,1,7,3,3,2,1,1
"H",2,1,7,4,0,0,28,27
"H",2,1,7,5,0,0,24,24
"H",2,1,7,6,0,0,7,7
"H",2,1,7,7,0,0,5,5
"H",2,1,7,8,0,0,2,2
"H",2,1,7,9,0,0,1,1
"H",2,1,8,-1,0,0,100,58
"H",2,1,8,-2,0,0,58,24
"H",2,1,8,-3,0,0,35,13
"H",2,1,8,-4,0,0,18,4
"H",2,1,8,-5,0,0,11,2
"H",2,1,8,-6,0,0,3,0
"H",2,1,8,0,0,0,230,158
"H",2,1,8,0,0,1,1,1
"H",2,1,8,0,0,2,1,1
"H",2,1,8,0,1,0,1,1
"H",2,1,8,0,1,1,1,1
"H",2,1,8,0,1,2,2,2
"H",2,1,8,1,0,0,144,112
"H",2,1,8,1,1,0,1,1
"H",2,1,8,1,1,1,1,1
"H",2,1,8,1,2,1,1,1
"H",2,1,8,1,2,2,1,1
"H",2,1,8,12,0,0,1,1
"H",2,1,8,14,0,0,1,1
"H",2,1,8,2,0,0,83,67
"H",2,1,8,2,0,1,1,1
"H",2,1,8,2,0,2,1,1
"H",2,1,8,2,1,2,1,1
"H",2,1,8,3,0,0,62,57
"H",2,1,8,4,0,0,26,25
"H",2,1,8,5,0,0,14,13
"H",2,1,8,6,0,0,8,8
"H",2,1,8,7,0,0,3,3
"H",2,1,8,8,0,0,2,2
"H",2,2,1,-1,0,0,2092,873
"H",2,2,1,-1,0,1,9,3
"H",2,2,1,-1,0,2,2,1
"H",2,2,1,-1,1,0,2,2
"H",2,2,1,-1,1,1,7,3
"H",2,2,1,-1,1,2,3,1
"H",2,2,1,-1,2,1,3,1
"H",2,2,1,-1,3,1,3,1
"H",2,2,1,-1,3,2,1,0
"H",2,2,1,-10,0,0,5,0
"H",2,2,1,-11,0,0,1,0
"H",2,2,1,-2,0,0,1055,312
"H",2,2,1,-2,0,1,1,1
"H",2,2,1,-2,1,0,1,1
"H",2,2,1,-2,1,1,2,2
"H",2,2,1,-2,1,2,1,1
"H",2,2,1,-2,2,1,1,1
"H",2,2,1,-2,2,2,2,2
"H",2,2,1,-2,3,2,1,1
"H",2,2,1,-3,0,0,543,114
"H",2,2,1,-4,0,0,225,30
"H",2,2,1,-5,0,0,122,13
"H",2,2,1,-5,0,1,1,0
"H",2,2,1,-5,0,2,1,0
"H",2,2,1,-5,1,0,1,0
"H",2,2,1,-5,1,2,1,0
"H",2,2,1,-5,2,2,1,0
"H",2,2,1,-6,0,0,72,3
"H",2,2,1,-6,1,0,1,0
"H",2,2,1,-6,2,0,1,0
"H",2,2,1,-6,2,1,1,0
"H",2,2,1,-6,3,1,1,0
"H",2,2,1,-6,3,2,1,0
"H",2,2,1,-7,0,0,30,4
"H",2,2,1,-8,0,0,10,0
"H",2,2,1,-9,0,0,9,0
"H",2,2,1,0,0,0,4693,2500
"H",2,2,1,0,0,1,21,12
"H",2,2,1,0,0,2,6,2
"H",2,2,1,0,1,0,20,11
"H",2,2,1,0,1,1,18,10
"H",2,2,1,0,1,2,10,4
"H",2,2,1,0,2,0,8,5
"H",2,2,1,0,2,1,9,5
"H",2,2,1,0,2,2,8,4
"H",2,2,1,0,3,0,2,1
"H",2,2,1,0,3,1,6,3
"H",2,2,1,0,3,2,6,4
"H",2,2,1,1,0,0,1639,1090
"H",2,2,1,1,0,1,4,2
"H",2,2,1,1,1,0,3,2
"H",2,2,1,1,1,1,4,1
"H",2,2,1,1,1,2,2,0
"H",2,2,1,1,2,0,2,2
"H",2,2,1,1,2,1,1,0
"H",2,2,1,1,2,2,1,0
"H",2,2,1,1,3,0,1,1
"H",2,2,1,1,3,1,2,1
"H",2,2,1,1,3,2,1,0
"H",2,2,1,10,0,0,1,1
"H",2,2,1,2,0,0,893,689
"H",2,2,1,2,0,1,2,1
"H",2,2,1,2,0,2,1,1
"H",2,2,1,2,1,0,4,3
"H",2,2,1,2,1,1,2,1
"H",2,2,1,2,2,0,3,2
"H",2,2,1,2,3,0,2,2
"H",2,2,1,2,3,1,1,1
"H",2,2,1,2,3,2,1,1
"H",2,2,1,3,0,0,379,316
"H",2,2,1,3,0,1,1,1
"H",2,2,1,3,1,0,1,1
"H",2,2,1,3,1,1,1,1
"H",2,2,1,3,2,1,1,1
"H",2,2,1,3,3,1,1,1
"H",2,2,1,4,0,0,197,176
"H",2,2,1,4,1,0,2,2
"H",2,2,1,4,1,1,1,1
"H",2,2,1,4,2,1,1,1
"H",2,2,1,5,0,0,90,86
"H",2,2,1,6,0,0,33,32
"H",2,2,1,7,0,0,35,34
"H",2,2,1,8,0,0,14,14
"H",2,2,1,9,0,0,4,4
"H",2,2,2,-1,0,0,1121,455
"H",2,2,2,-1,0,1,9,4
"H",2,2,2,-1,0,2,4,2
"H",2,2,2,-1,1,0,1,0
"H",2,2,2,-1,1,1,5,1
"H",2,2,2,-1,1,2,3,1
"H",2,2,2,-1,2,1,4,1
"H",2,2,2,-1,2,2,3,0
"H",2,2,2,-1,3,2,2,0
"H",2,2,2,-10,0,0,3,0
"H",2,2,2,-11,0,0,1,0
"H",2,2,2,-2,0,0,600,181
"H",2,2,2,-2,0,1,1,1
"H",2,2,2,-2,0,2,1,1
"H",2,2,2,-2,1,0,2,2
"H",2,2,2,-2,1,1,2,2
"H",2,2,2,-3,0,0,315,69
"H",2,2,2,-4,0,0,136,21
"H",2,2,2,-5,0,0,104,11
"H",2,2,2,-6,0,0,45,6
"H",2,2,2,-7,0,0,11,2
"H",2,2,2,-8,0,0,13,1
"H",2,2,2,-9,0,0,6,1
"H",2,2,2,0,0,0,2514,1431
"H",2,2,2,0,0,1,10,7
"H",2,2,2,0,0,2,3,1
"H",2,2,2,0,1,0,5,2
"H",2,2,2,0,1,1,6,3
"H",2,2,2,0,1,2,3,1
"H",2,2,2,0,2,0,1,0
"H",2,2,2,0,2,2,1,1
"H",2,2,2,1,0,0,1176,825
"H",2,2,2,1,0,1,1,1
"H",2,2,2,1,0,2,1,1
"H",2,2,2,1,1,0,4,1
"H",2,2,2,1,1,1,2,1
"H",2,2,2,1,2,0,2,0
"H",2,2,2,1,2,1,1,0
"H",2,2,2,10,0,0,1,1
"H",2,2,2,11,0,0,1,1
"H",2,2,2,12,0,0,1,1
"H",2,2,2,16,0,0,1,1
"H",2,2,2,2,0,0,635,486
"H",2,2,2,2,0,1,1,1
"H",2,2,2,2,1,0,3,3
"H",2,2,2,2,2,0,2,2
"H",2,2,2,2,2,1,1,1
"H",2,2,2,2,3,1,1,1
"H",2,2,2,2,3,2,1,1
"H",2,2,2,3,0,0,334,276
"H",2,2,2,3,1,0,2,1
"H",2,2,2,3,1,1,2,1
"H",2,2,2,3,2,1,1,0
"H",2,2,2,3,3,1,1,0
"H",2,2,2,4,0,0,163,149
"H",2,2,2,5,0,0,105,99
"H",2,2,2,6,0,0,45,43
"H",2,2,2,7,0,0,26,26
"H",2,2,2,8,0,0,18,18
"H",2,2,2,9,0,0,7,7
"H",2,2,3,-1,0,0,606,282
"H",2,2,3,-1,0,1,5,3
"H",2,2,3,-1,0,2,2,1
"H",2,2,3,-1,1,0,1,1
"H",2,2,3,-1,1,1,3,2
"H",2,2,3,-1,1,2,2,2
"H",2,2,3,-1,2,1,2,1
"H",2,2,3,-1,2,2,1,0
"H",2,2,3,-1,3,1,1,1
"H",2,2,3,-10,0,0,2,0
"H",2,2,3,-11,0,0,1,0
"H",2,2,3,-2,0,0,267,84
"H",2,2,3,-3,0,0,138,39
"H",2,2,3,-4,0,0,61,10
"H",2,2,3,-5,0,0,32,4
"H",2,2,3,-6,0,0,19,0
"H",2,2,3,-7,0,0,9,1
"H",2,2,3,-8,0,0,2,0
"H",2,2,3,-9,0,0,3,1
"H",2,2,3,0,0,0,1388,811
"H",2,2,3,0,0,1,6,5
"H",2,2,3,0,0,2,4,3
"H",2,2,3,0,1,0,3,2
"H",2,2,3,0,1,1,2,1
"H",2,2,3,0,1,2,3,2
"H",2,2,3,0,2,0,2,2
"H",2,2,3,0,2,1,1,1
"H",2,2,3,0,2,2,3,2
"H",2,2,3,1,0,0,730,515
"H",2,2,3,1,0,1,1,0
"H",2,2,3,1,1,1,1,0
"H",2,2,3,1,2,1,1,0
"H",2,2,3,11,0,0,2,2
"H",2,2,3,2,0,0,454,370
"H",2,2,3,2,0,1,1,0
"H",2,2,3,2,0,2,1,0
"H",2,2,3,2,1,0,1,1
"H",2,2,3,2,1,2,1,0
"H",2,2,3,2,2,0,1,1
"H",2,2,3,2,3,0,1,1
"H",2,2,3,3,0,0,262,225
"H",2,2,3,4,0,0,165,150
"H",2,2,3,5,0,0,80,74
"H",2,2,3,6,0,0,54,52
"H",2,2,3,7,0,0,29,29
"H",2,2,3,8,0,0,10,10
"H",2,2,3,9,0,0,8,8
"H",2,2,4,-1,0,0,363,173
"H",2,2,4,-1,1,0,1,1
"H",2,2,4,-1,1,1,1,1
"H",2,2,4,-1,1,2,1,1
"H",2,2,4,-10,0,0,3,0
"H",2,2,4,-11,0,0,1,0
"H",2,2,4,-2,0,0,244,95
"H",2,2,4,-3,0,0,115,22
"H",2,2,4,-4,0,0,55,8
"H",2,2,4,-5,0,0,29,1
"H",2,2,4,-5,0,1,1,0
"H",2,2,4,-5,1,1,1,0
"H",2,2,4,-5,1,2,1,0
"H",2,2,4,-5,2,2,1,0
"H",2,2,4,-6,0,0,14,1
"H",2,2,4,-7,0,0,11,0
"H",2,2,4,-8,0,0,3,0
"H",2,2,4,-9,0,0,5,0
"H",2,2,4,0,0,0,788,479
"H",2,2,4,0,0,1,5,4
"H",2,2,4,0,0,2,5,4
"H",2,2,4,0,1,2,2,2
"H",2,2,4,1,0,0,479,336
"H",2,2,4,1,0,1,1,0
"H",2,2,4,1,0,2,1,0
"H",2,2,4,1,1,0,1,1
"H",2,2,4,1,1,1,1,1
"H",2,2,4,1,1,2,1,0
"H",2,2,4,10,0,0,4,4
"H",2,2,4,2,0,0,310,239
"H",2,2,4,2,0,1,1,1
"H",2,2,4,2,0,2,1,1
"H",2,2,4,2,1,0,2,2
"H",2,2,4,2,1,2,1,1
"H",2,2,4,2,2,0,1,1
"H",2,2,4,2,2,1,1,1
"H",2,2,4,2,2,2,2,2
"H",2,2,4,3,0,0,147,119
"H",2,2,4,3,1,0,2,2
"H",2,2,4,3,2,0,2,2
"H",2,2,4,3,2,1,1,1
"H",2,2,4,3,2,2,1,1
"H",2,2,4,3,3,0,1,1
"H",2,2,4,3,3,1,1,1
"H",2,2,4,3,3,2,1,1
"H",2,2,4,4,0,0,74,65
"H",2,2,4,5,0,0,50,48
"H",2,2,4,6,0,0,23,23
"H",2,2,4,7,0,0,10,10
"H",2,2,4,8,0,0,6,6
"H",2,2,4,9,0,0,4,4
"H",2,2,5,-1,0,0,239,119
"H",2,2,5,-2,0,0,131,38
"H",2,2,5,-2,0,1,1,0
"H",2,2,5,-2,0,2,1,0
"H",2,2,5,-2,1,2,1,0
"H",2,2,5,-2,2,2,1,0
"H",2,2,5,-2,3,2,1,0
"H",2,2,5,-3,0,0,67,12
"H",2,2,5,-4,0,0,28,5
"H",2,2,5,-5,0,0,6,1
"H",2,2,5,-6,0,0,11,1
"H",2,2,5,-7,0,0,2,1
"H",2,2,5,-8,0,0,1,0
"H",2,2,5,-9,0,0,2,0
"H",2,2,5,0,0,0,600,346
"H",2,2,5,0,1,0,1,0
"H",2,2,5,0,2,0,1,0
"H",2,2,5,0,3,0,1,0
"H",2,2,5,0,3,1,1,0
"H",2,2,5,0,3,2,1,0
"H",2,2,5,1,0,0,365,250
"H",2,2,5,1,0,1,1,1
"H",2,2,5,1,0,2,1,1
"H",2,2,5,1,1,0,1,1
"H",2,2,5,1,1,2,1,1
"H",2,2,5,1,2,0,1,1
"H",2,2,5,1,2,2,1,1
"H",2,2,5,1,3,0,1,1
"H",2,2,5,1,3,2,1,1
"H",2,2,5,11,0,0,1,1
"H",2,2,5,2,0,0,221,178
"H",2,2,5,3,0,0,134,121
"H",2,2,5,4,0,0,94,83
"H",2,2,5,5,0,0,42,41
"H",2,2,5,6,0,0,29,27
"H",2,2,5,7,0,0,13,13
"H",2,2,5,8,0,0,7,7
"H",2,2,5,9,0,0,1,1
"H",2,2,6,-1,0,0,217,100
"H",2,2,6,-1,1,0,1,1
"H",2,2,6,-1,2,0,1,1
"H",2,2,6,-1,3,0,1,1
"H",2,2,6,-2,0,0,95,31
"H",2,2,6,-2,0,1,1,1
"H",2,2,6,-2,0,2,1,1
"H",2,2,6,-2,1,0,1,0
"H",2,2,6,-2,2,0,1,0
"H",2,2,6,-2,3,0,1,0
"H",2,2,6,-2,3,1,1,0
"H",2,2,6,-2,3,2,1,0
"H",2,2,6,-3,0,0,50,5
"H",2,2,6,-4,0,0,22,2
"H",2,2,6,-5,0,0,14,4
"H",2,2,6,-6,0,0,9,1
"H",2,2,6,-7,0,0,2,0
"H",2,2,6,-8,0,0,5,0
"H",2,2,6,-9,0,0,1,1
"H",2,2,6,0,0,0,455,276
"H",2,2,6,0,1,0,3,1
"H",2,2,6,0,2,0,2,1
"H",2,2,6,1,0,0,311,207
"H",2,2,6,1,0,1,1,0
"H",2,2,6,1,0,2,1,0
"H",2,2,6,1,1,0,1,1
"H",2,2,6,1,1,2,1,0
"H",2,2,6,10,0,0,2,2
"H",2,2,6,11,0,0,1,1
"H",2,2,6,2,0,0,190,154
"H",2,2,6,2,1,0,1,0
"H",2,2,6,2,2,0,1,0
"H",2,2,6,2,3,0,1,0
"H",2,2,6,2,3,1,1,0
"H",2,2,6,2,3,2,1,0
"H",2,2,6,3,0,0,113,97
"H",2,2,6,4,0,0,53,46
"H",2,2,6,5,0,0,36,36
"H",2,2,6,6,0,0,16,16
"H",2,2,6,7,0,0,6,6
"H",2,2,6,8,0,0,4,4
"H",2,2,6,9,0,0,8,8
"H",2,2,7,-1,0,0,164,86
"H",2,2,7,-2,0,0,89,30
"H",2,2,7,-3,0,0,35,8
"H",2,2,7,-4,0,0,20,1
"H",2,2,7,-5,0,0,11,1
"H",2,2,7,-6,0,0,10,0
"H",2,2,7,-7,0,0,1,0
"H",2,2,7,-8,0,0,1,0
"H",2,2,7,0,0,0,326,190
"H",2,2,7,0,0,1,1,1
"H",2,2,7,0,0,2,1,1
"H",2,2,7,0,1,0,3,0
"H",2,2,7,0,1,1,2,0
"H",2,2,7,0,1,2,2,1
"H",2,2,7,0,2,0,1,0
"H",2,2,7,0,2,1,1,0
"H",2,2,7,0,2,2,2,1
"H",2,2,7,0,3,0,1,0
"H",2,2,7,1,0,0,202,143
"H",2,2,7,1,0,1,1,0
"H",2,2,7,1,0,2,1,0
"H",2,2,7,10,0,0,2,2
"H",2,2,7,2,0,0,148,128
"H",2,2,7,3,0,0,85,72
"H",2,2,7,3,1,0,3,3
"H",2,2,7,3,2,0,3,3
"H",2,2,7,3,2,1,1,1
"H",2,2,7,3,2,2,1,1
"H",2,2,7,3,3,0,2,2
"H",2,2,7,3,3,1,1,1
"H",2,2,7,3,3,2,1,1
"H",2,2,7,4,0,0,50,46
"H",2,2,7,5,0,0,23,22
"H",2,2,7,6,0,0,12,11
"H",2,2,7,7,0,0,10,9
"H",2,2,7,8,0,0,7,7
"H",2,2,7,9,0,0,1,1
"H",2,2,8,-1,0,0,145,74
"H",2,2,8,-1,1,0,1,0
"H",2,2,8,-1,2,0,1,0
"H",2,2,8,-1,3,0,1,0
"H",2,2,8,-1,3,1,1,0
"H",2,2,8,-1,3,2,1,0
"H",2,2,8,-10,0,0,2,0
"H",2,2,8,-2,0,0,79,29
"H",2,2,8,-2,0,1,1,0
"H",2,2,8,-3,0,0,45,14
"H",2,2,8,-4,0,0,19,3
"H",2,2,8,-5,0,0,11,1
"H",2,2,8,-6,0,0,3,0
"H",2,2,8,-7,0,0,5,0
"H",2,2,8,-8,0,0,1,0
"H",2,2,8,0,0,0,287,179
"H",2,2,8,0,0,1,2,1
"H",2,2,8,0,1,0,2,2
"H",2,2,8,0,1,1,1,0
"H",2,2,8,0,2,0,2,2
"H",2,2,8,0,2,1,1,0
"H",2,2,8,0,2,2,1,0
"H",2,2,8,0,3,0,1,1
"H",2,2,8,0,3,2,1,0
"H",2,2,8,1,0,0,165,107
"H",2,2,8,1,0,1,2,2
"H",2,2,8,1,0,2,2,2
"H",2,2,8,1,1,0,1,1
"H",2,2,8,1,2,0,1,1
"H",2,2,8,10,0,0,2,2
"H",2,2,8,14,0,0,1,1
"H",2,2,8,2,0,0,125,106
"H",2,2,8,2,1,0,2,2
"H",2,2,8,2,2,0,2,2
"H",2,2,8,2,2,1,1,1
"H",2,2,8,2,2,2,1,1
"H",2,2,8,2,3,0,1,1
"H",2,2,8,3,0,0,77,66
"H",2,2,8,3,1,0,1,1
"H",2,2,8,4,0,0,39,36
"H",2,2,8,5,0,0,17,16
"H",2,2,8,6,0,0,8,8
"H",2,2,8,7,0,0,4,4
"H",2,2,8,8,0,0,4,4
"H",2,2,8,9,0,0,1,1
"H",3,0,1,-1,0,0,3851,1737
"H",3,0,1,-1,0,1,13,3
"H",3,0,1,-1,0,2,5,3
"H",3,0,1,-1,1,0,14,8
"H",3,0,1,-1,1,1,13,5
"H",3,0,1,-1,1,2,12,5
"H",3,0,1,-1,2,0,4,2
"H",3,0,1,-1,2,1,4,2
"H",3,0,1,-1,2,2,4,2
"H",3,0,1,-1,3,0,1,0
"H",3,0,1,-1,3,1,1,1
"H",3,0,1,-1,3,2,4,3
"H",3,0,1,-10,0,0,16,0
"H",3,0,1,-11,0,0,11,0
"H",3,0,1,-12,0,0,3,0
"H",3,0,1,-13,0,0,1,0
"H",3,0,1,-14,0,0,2,0
"H",3,0,1,-15,0,0,2,0
"H",3,0,1,-2,0,0,2430,830
"H",3,0,1,-2,0,1,4,2
"H",3,0,1,-2,0,2,1,0
"H",3,0,1,-2,1,0,5,2
"H",3,0,1,-2,1,1,5,3
"H",3,0,1,-2,1,2,1,0
"H",3,0,1,-2,2,0,1,0
"H",3,0,1,-2,2,1,3,1
"H",3,0,1,-2,2,2,1,1
"H",3,0,1,-2,3,1,1,0
"H",3,0,1,-2,3,2,1,1
"H",3,0,1,-3,0,0,1506,362
"H",3,0,1,-3,0,1,3,1
"H",3,0,1,-3,0,2,2,1
"H",3,0,1,-3,1,0,3,1
"H",3,0,1,-3,1,2,2,1
"H",3,0,1,-3,2,0,2,0
"H",3,0,1,-3,2,1,1,0
"H",3,0,1,-3,2,2,1,0
"H",3,0,1,-3,3,0,1,0
"H",3,0,1,-3,3,1,1,0
"H",3,0,1,-4,0,0,836,134
"H",3,0,1,-4,0,1,1,1
"H",3,0,1,-4,1,0,2,1
"H",3,0,1,-4,1,1,1,1
"H",3,0,1,-4,2,0,1,0
"H",3,0,1,-4,2,1,2,1
"H",3,0,1,-4,2,2,2,1
"H",3,0,1,-4,3,2,2,1
"H",3,0,1,-5,0,0,485,49
"H",3,0,1,-5,0,1,1,0
"H",3,0,1,-5,1,0,2,0
"H",3,0,1,-5,1,1,2,0
"H",3,0,1,-5,1,2,1,0
"H",3,0,1,-5,2,0,1,0
"H",3,0,1,-5,2,1,1,0
"H",3,0,1,-5,2,2,1,0
"H",3,0,1,-6,0,0,251,18
"H",3,0,1,-6,0,1,1,1
"H",3,0,1,-6,1,0,1,0
"H",3,0,1,-6,1,1,2,1
"H",3,0,1,-6,2,1,1,1
"H",3,0,1,-6,3,1,1,1
"H",3,0,1,-6,3,2,1,1
"H",3,0,1,-7,0,0,116,7
"H",3,0,1,-8,0,0,58,1
"H",3,0,1,-9,0,0,27,3
"H",3,0,1,0,0,0,6761,3980
"H",3,0,1,0,0,1,32,18
"H",3,0,1,0,0,2,13,9
"H",3,0,1,0,1,0,23,14
"H",3,0,1,0,1,1,24,13
"H",3,0,1,0,1,2,17,10
"H",3,0,1,0,2,0,9,6
"H",3,0,1,0,2,1,10,8
"H",3,0,1,0,2,2,10,4
"H",3,0,1,0,3,0,5,3
"H",3,0,1,0,3,1,4,4
"H",3,0,1,0,3,2,3,2
"H",3,0,1,1,0,0,3259,2366
"H",3,0,1,1,0,1,9,6
"H",3,0,1,1,0,2,1,0
"H",3,0,1,1,1,0,3,3
"H",3,0,1,1,1,1,4,2
"H",3,0,1,1,1,2,2,1
"H",3,0,1,1,2,0,2,2
"H",3,0,1,1,2,1,3,2
"H",3,0,1,1,2,2,1,1
"H",3,0,1,1,3,0,1,1
"H",3,0,1,1,3,1,2,2
"H",3,0,1,10,0,0,10,10
"H",3,0,1,11,0,0,3,3
"H",3,0,1,14,0,0,1,1
"H",3,0,1,15,0,0,1,1
"H",3,0,1,2,0,0,1836,1508
"H",3,0,1,2,0,1,7,6
"H",3,0,1,2,0,2,2,2
"H",3,0,1,2,1,0,11,8
"H",3,0,1,2,1,1,9,9
"H",3,0,1,2,1,2,5,5
"H",3,0,1,2,2,0,4,2
"H",3,0,1,2,2,1,5,4
"H",3,0,1,2,2,2,4,4
"H",3,0,1,2,3,0,3,2
"H",3,0,1,2,3,1,2,1
"H",3,0,1,2,3,2,3,2
"H",3,0,1,3,0,0,902,786
"H",3,0,1,3,0,1,3,3
"H",3,0,1,3,0,2,1,1
"H",3,0,1,3,1,0,4,4
"H",3,0,1,3,1,1,2,2
"H",3,0,1,3,1,2,1,1
"H",3,0,1,3,2,0,2,2
"H",3,0,1,3,2,1,1,1
"H",3,0,1,3,2,2,1,1
"H",3,0,1,3,3,0,2,2
"H",3,0,1,4,0,0,499,461
"H",3,0,1,4,0,1,1,1
"H",3,0,1,4,1,0,3,3
"H",3,0,1,4,1,1,1,1
"H",3,0,1,4,2,0,2,2
"H",3,0,1,4,2,1,2,2
"H",3,0,1,4,3,0,1,1
"H",3,0,1,4,3,1,2,2
"H",3,0,1,4,3,2,1,1
"H",3,0,1,5,0,0,253,244
"H",3,0,1,6,0,0,129,123
"H",3,0,1,7,0,0,73,72
"H",3,0,1,8,0,0,33,33
"H",3,0,1,9,0,0,19,19
"H",3,0,2,-1,0,0,1064,553
"H",3,0,2,-1,0,1,4,2
"H",3,0,2,-1,0,2,2,1
"H",3,0,2,-1,1,0,1,1
"H",3,0,2,-1,1,1,3,2
"H",3,0,2,-1,2,1,1,1
"H",3,0,2,-1,2,2,1,1
"H",3,0,2,-10,0,0,4,0
"H",3,0,2,-11,0,0,2,0
"H",3,0,2,-15,0,0,1,0
"H",3,0,2,-2,0,0,674,257
"H",3,0,2,-2,0,1,3,2
"H",3,0,2,-2,0,2,1,0
"H",3,0,2,-2,1,0,3,0
"H",3,0,2,-2,1,1,4,2
"H",3,0,2,-2,1,2,1,0
"H",3,0,2,-2,2,0,1,0
"H",3,0,2,-2,2,1,2,1
"H",3,0,2,-2,3,0,1,0
"H",3,0,2,-3,0,0,426,118
"H",3,0,2,-3,0,1,1,0
"H",3,0,2,-3,0,2,1,0
"H",3,0,2,-3,1,0,1,1
"H",3,0,2,-4,0,0,232,44
"H",3,0,2,-4,0,1,1,1
"H",3,0,2,-4,1,0,1,1
"H",3,0,2,-5,0,0,125,15
"H",3,0,2,-6,0,0,52,4
"H",3,0,2,-7,0,0,36,5
"H",3,0,2,-8,0,0,15,0
"H",3,0,2,-9,0,0,9,2
"H",3,0,2,0,0,0,1741,1120
"H",3,0,2,0,0,1,6,5
"H",3,0,2,0,0,2,2,1
"H",3,0,2,0,1,0,3,1
"H",3,0,2,0,1,1,5,3
"H",3,0,2,0,1,2,3,1
"H",3,0,2,0,2,0,1,1
"H",3,0,2,0,2,2,2,1
"H",3,0,2,0,3,0,1,1
"H",3,0,2,1,0,0,961,731
"H",3,0,2,1,0,1,1,1
"H",3,0,2,1,1,0,2,2
"H",3,0,2,1,1,1,1,1
"H",3,0,2,1,2,0,1,1
"H",3,0,2,1,2,1,1,1
"H",3,0,2,1,3,0,1,1
"H",3,0,2,1,3,1,2,2
"H",3,0,2,1,3,2,1,1
"H",3,0,2,10,0,0,3,3
"H",3,0,2,15,0,0,1,1
"H",3,0,2,2,0,0,580,491
"H",3,0,2,2,0,1,4,3
"H",3,0,2,2,0,2,1,1
"H",3,0,2,2,1,0,1,1
"H",3,0,2,2,1,1,2,1
"H",3,0,2,2,1,2,1,1
"H",3,0,2,2,2,1,1,0
"H",3,0,2,2,2,2,1,1
"H",3,0,2,2,3,1,1,0
"H",3,0,2,3,0,0,281,246
"H",3,0,2,4,0,0,183,171
"H",3,0,2,5,0,0,82,82
"H",3,0,2,6,0,0,36,36
"H",3,0,2,7,0,0,20,20
"H",3,0,2,8,0,0,10,10
"H",3,0,2,9,0,0,6,6
"H",3,0,3,-1,0,0,190,99
"H",3,0,3,-2,0,0,122,55
"H",3,0,3,-3,0,0,85,26
"H",3,0,3,-3,1,0,1,0
"H",3,0,3,-4,0,0,33,8
"H",3,0,3,-5,0,0,27,3
"H",3,0,3,-6,0,0,16,1
"H",3,0,3,-6,1,0,1,0
"H",3,0,3,-7,0,0,7,1
"H",3,0,3,-8,0,0,1,0
"H",3,0,3,-9,0,0,1,0
"H",3,0,3,0,0,0,309,210
"H",3,0,3,0,1,0,1,0
"H",3,0,3,0,2,0,1,0
"H",3,0,3,0,2,1,1,0
"H",3,0,3,1,0,0,219,171
"H",3,0,3,10,0,0,3,3
"H",3,0,3,11,0,0,1,1
"H",3,0,3,2,0,0,135,114
"H",3,0,3,2,0,1,1,1
"H",3,0,3,2,1,1,1,1
"H",3,0,3,3,0,0,79,74
"H",3,0,3,4,0,0,53,46
"H",3,0,3,4,0,1,1,1
"H",3,0,3,4,0,2,1,1
"H",3,0,3,4,1,2,1,1
"H",3,0,3,5,0,0,24,22
"H",3,0,3,6,0,0,16,15
"H",3,0,3,7,0,0,7,7
"H",3,0,3,8,0,0,2,2
"H",3,0,3,9,0,0,2,2
"H",3,0,4,-1,0,0,224,141
"H",3,0,4,-10,0,0,1,0
"H",3,0,4,-2,0,0,159,66
"H",3,0,4,-2,1,0,1,0
"H",3,0,4,-2,1,1,1,0
"H",3,0,4,-2,2,1,1,0
"H",3,0,4,-2,3,1,1,0
"H",3,0,4,-2,3,2,1,0
"H",3,0,4,-3,0,0,120,47
"H",3,0,4,-3,0,1,1,0
"H",3,0,4,-4,0,0,52,13
"H",3,0,4,-5,0,0,27,4
"H",3,0,4,-6,0,0,13,1
"H",3,0,4,-7,0,0,8,2
"H",3,0,4,-8,0,0,3,1
"H",3,0,4,-9,0,0,1,0
"H",3,0,4,0,0,0,327,243
"H",3,0,4,0,0,1,5,5
"H",3,0,4,0,0,2,2,2
"H",3,0,4,0,1,2,2,2
"H",3,0,4,0,2,2,2,2
"H",3,0,4,0,3,2,2,2
"H",3,0,4,1,0,0,221,180
"H",3,0,4,1,0,1,1,1
"H",3,0,4,15,0,0,1,1
"H",3,0,4,2,0,0,133,118
"H",3,0,4,2,0,1,1,1
"H",3,0,4,3,0,0,60,54
"H",3,0,4,3,0,1,1,1
"H",3,0,4,4,0,0,46,45
"H",3,0,4,5,0,0,29,28
"H",3,0,4,6,0,0,7,7
"H",3,0,4,7,0,0,5,5
"H",3,0,4,7,1,0,1,1
"H",3,0,4,7,1,1,1,1
"H",3,0,4,7,1,2,1,1
"H",3,0,4,8,0,0,3,3
"H",3,0,4,9,0,0,3,3
"H",3,0,5,-1,0,0,59,26
"H",3,0,5,-2,0,0,28,12
"H",3,0,5,-3,0,0,29,10
"H",3,0,5,-4,0,0,16,5
"H",3,0,5,-5,0,0,4,1
"H",3,0,5,-6,0,0,2,0
"H",3,0,5,-7,0,0,1,0
"H",3,0,5,0,0,0,124,94
"H",3,0,5,1,0,0,77,60
"H",3,0,5,12,0,0,1,1
"H",3,0,5,14,0,0,1,1
"H",3,0,5,2,0,0,66,55
"H",3,0,5,3,0,0,42,40
"H",3,0,5,4,0,0,32,31
"H",3,0,5,5,0,0,9,9
"H",3,0,5,6,0,0,6,6
"H",3,0,5,7,0,0,5,5
"H",3,0,5,8,0,0,1,1
"H",3,0,6,-1,0,0,93,52
"H",3,0,6,-2,0,0,57,30
"H",3,0,6,-3,0,0,33,12
"H",3,0,6,-4,0,0,14,4
"H",3,0,6,-5,0,0,11,2
"H",3,0,6,-6,0,0,7,1
"H",3,0,6,-6,1,0,1,0
"H",3,0,6,-6,1,1,1,0
"H",3,0,6,-6,1,2,1,0
"H",3,0,6,-7,0,0,5,1
"H",3,0,6,-8,0,0,1,0
"H",3,0,6,-9,0,0,4,2
"H",3,0,6,0,0,0,139,106
"H",3,0,6,0,0,1,1,0
"H",3,0,6,0,0,2,1,0
"H",3,0,6,1,0,0,100,88
"H",3,0,6,2,0,0,86,75
"H",3,0,6,2,1,0,2,2
"H",3,0,6,2,2,0,2,2
"H",3,0,6,2,2,1,1,1
"H",3,0,6,3,0,0,47,42
"H",3,0,6,4,0,0,31,28
"H",3,0,6,5,0,0,10,10
"H",3,0,6,6,0,0,4,4
"H",3,0,6,7,0,0,3,3
"H",3,0,6,8,0,0,1,1
"H",3,0,7,-1,0,0,56,37
"H",3,0,7,-2,0,0,38,24
"H",3,0,7,-3,0,0,20,9
"H",3,0,7,-4,0,0,13,3
"H",3,0,7,-5,0,0,6,0
"H",3,0,7,-6,0,0,4,2
"H",3,0,7,-7,0,0,4,1
"H",3,0,7,-8,0,0,3,0
"H",3,0,7,0,0,0,55,42
"H",3,0,7,1,0,0,60,49
"H",3,0,7,1,1,0,1,1
"H",3,0,7,1,2,0,1,1
"H",3,0,7,1,3,0,1,1
"H",3,0,7,2,0,0,52,46
"H",3,0,7,2,1,0,2,2
"H",3,0,7,2,1,1,1,1
"H",3,0,7,2,1,2,1,1
"H",3,0,7,2,2,0,1,1
"H",3,0,7,2,2,2,1,1
"H",3,0,7,2,3,0,1,1
"H",3,0,7,2,3,1,1,1
"H",3,0,7,3,0,0,24,23
"H",3,0,7,4,0,0,22,22
"H",3,0,7,5,0,0,6,6
"H",3,0,7,6,0,0,1,1
"H",3,0,7,7,0,0,1,1
"H",3,0,7,8,0,0,1,1
"H",3,0,8,-1,0,0,52,37
"H",3,0,8,-2,0,0,41,23
"H",3,0,8,-2,1,0,1,1
"H",3,0,8,-2,1,1,1,1
"H",3,0,8,-2,2,1,1,1
"H",3,0,8,-2,2,2,1,1
"H",3,0,8,-3,0,0,33,13
"H",3,0,8,-4,0,0,17,4
"H",3,0,8,-5,0,0,7,0
"H",3,0,8,-6,0,0,7,1
"H",3,0,8,-7,0,0,4,0
"H",3,0,8,-8,0,0,1,1
"H",3,0,8,-9,0,0,1,1
"H",3,0,8,0,0,0,87,72
"H",3,0,8,1,0,0,63,59
"H",3,0,8,10,0,0,1,1
"H",3,0,8,11,0,0,1,1
"H",3,0,8,2,0,0,45,44
"H",3,0,8,2,0,1,1,1
"H",3,0,8,2,1,1,1,1
"H",3,0,8,3,0,0,25,22
"H",3,0,8,4,0,0,11,11
"H",3,0,8,5,0,0,8,8
"H",3,0,8,6,0,0,1,1
"H",3,0,8,7,0,0,2,2
"H",3,0,8,8,0,0,1,1
"H",3,0,8,9,0,0,1,1
"H",3,1,1,-1,0,0,2652,1115
"H",3,1,1,-1,0,1,10,2
"H",3,1,1,-1,0,2,5,0
"H",3,1,1,-1,1,0,12,5
"H",3,1,1,-1,1,1,5,4
"H",3,1,1,-1,1,2,3,2
"H",3,1,1,-1,2,0,8,2
"H",3,1,1,-1,2,1,7,3
"H",3,1,1,-1,2,2,5,3
"H",3,1,1,-1,3,0,2,0
"H",3,1,1,-1,3,1,5,0
"H",3,1,1,-1,3,2,5,3
"H",3,1,1,-10,0,0,12,0
"H",3,1,1,-11,0,0,10,0
"H",3,1,1,-12,0,0,3,0
"H",3,1,1,-13,0,0,1,0
"H",3,1,1,-14,0,0,2,0
"H",3,1,1,-15,0,0,1,0
"H",3,1,1,-2,0,0,1658,524
"H",3,1,1,-2,0,1,3,1
"H",3,1,1,-2,0,2,1,0
"H",3,1,1,-2,1,0,3,1
"H",3,1,1,-2,1,1,4,1
"H",3,1,1,-2,1,2,3,0
"H",3,1,1,-2,2,0,1,1
"H",3,1,1,-2,2,1,2,1
"H",3,1,1,-2,2,2,1,0
"H",3,1,1,-2,3,0,1,1
"H",3,1,1,-2,3,1,1,1
"H",3,1,1,-2,3,2,1,0
"H",3,1,1,-3,0,0,996,215
"H",3,1,1,-3,1,0,1,0
"H",3,1,1,-4,0,0,572,79
"H",3,1,1,-4,0,1,2,0
"H",3,1,1,-4,0,2,1,0
"H",3,1,1,-4,1,0,1,0
"H",3,1,1,-4,1,1,1,0
"H",3,1,1,-4,2,0,1,0
"H",3,1,1,-4,2,1,2,0
"H",3,1,1,-4,2,2,2,0
"H",3,1,1,-4,3,2,1,0
"H",3,1,1,-5,0,0,335,30
"H",3,1,1,-5,0,1,1,0
"H",3,1,1,-5,0,2,1,0
"H",3,1,1,-5,1,0,1,0
"H",3,1,1,-6,0,0,181,13
"H",3,1,1,-7,0,0,70,1
"H",3,1,1,-8,0,0,43,1
"H",3,1,1,-9,0,0,17,1
"H",3,1,1,0,0,0,4778,2671
"H",3,1,1,0,0,1,23,11
"H",3,1,1,0,0,2,11,4
"H",3,1,1,0,1,0,24,15
"H",3,1,1,0,1,1,19,12
"H",3,1,1,0,1,2,15,7
"H",3,1,1,0,2,0,11,8
"H",3,1,1,0,2,1,15,10
"H",3,1,1,0,2,2,9,3
"H",3,1,1,0,3,0,2,1
"H",3,1,1,0,3,1,8,5
"H",3,1,1,0,3,2,6,3
"H",3,1,1,1,0,0,2254,1593
"H",3,1,1,1,0,1,7,6
"H",3,1,1,1,0,2,3,3
"H",3,1,1,1,1,0,4,4
"H",3,1,1,1,1,1,5,4
"H",3,1,1,1,1,2,3,3
"H",3,1,1,1,2,0,2,2
"H",3,1,1,1,2,1,6,5
"H",3,1,1,1,2,2,7,6
"H",3,1,1,1,3,1,1,1
"H",3,1,1,1,3,2,2,2
"H",3,1,1,10,0,0,6,6
"H",3,1,1,11,0,0,3,3
"H",3,1,1,15,0,0,1,1
"H",3,1,1,2,0,0,1245,1003
"H",3,1,1,2,0,1,5,4
"H",3,1,1,2,0,2,2,2
"H",3,1,1,2,1,0,2,0
"H",3,1,1,2,1,1,4,2
"H",3,1,1,2,1,2,1,1
"H",3,1,1,2,2,2,1,1
"H",3,1,1,2,3,2,1,1
"H",3,1,1,3,0,0,661,570
"H",3,1,1,3,0,1,2,2
"H",3,1,1,3,1,0,3,3
"H",3,1,1,3,1,1,2,2
"H",3,1,1,3,1,2,1,1
"H",3,1,1,3,2,2,1,1
"H",3,1,1,4,0,0,359,330
"H",3,1,1,4,0,1,1,1
"H",3,1,1,4,1,1,1,1
"H",3,1,1,4,2,1,1,1
"H",3,1,1,4,3,1,1,1
"H",3,1,1,5,0,0,203,192
"H",3,1,1,6,0,0,102,95
"H",3,1,1,7,0,0,56,54
"H",3,1,1,8,0,0,29,29
"H",3,1,1,9,0,0,14,14
"H",3,1,2,-1,0,0,1110,499
"H",3,1,2,-1,0,1,3,2
"H",3,1,2,-1,0,2,1,0
"H",3,1,2,-1,1,0,5,1
"H",3,1,2,-1,1,1,4,2
"H",3,1,2,-1,1,2,2,1
"H",3,1,2,-1,2,0,3,1
"H",3,1,2,-1,2,1,4,2
"H",3,1,2,-1,2,2,3,1
"H",3,1,2,-1,3,0,1,0
"H",3,1,2,-10,0,0,7,0
"H",3,1,2,-11,0,0,3,0
"H",3,1,2,-12,0,0,2,0
"H",3,1,2,-14,0,0,2,0
"H",3,1,2,-15,0,0,2,0
"H",3,1,2,-2,0,0,777,269
"H",3,1,2,-2,0,1,3,2
"H",3,1,2,-2,1,1,1,1
"H",3,1,2,-2,2,1,1,1
"H",3,1,2,-3,0,0,466,120
"H",3,1,2,-3,0,1,3,0
"H",3,1,2,-3,0,2,1,0
"H",3,1,2,-3,1,0,2,1
"H",3,1,2,-3,1,1,2,0
"H",3,1,2,-3,1,2,1,0
"H",3,1,2,-3,2,0,2,1
"H",3,1,2,-3,3,0,2,1
"H",3,1,2,-3,3,1,1,1
"H",3,1,2,-3,3,2,1,1
"H",3,1,2,-4,0,0,285,42
"H",3,1,2,-5,0,0,146,20
"H",3,1,2,-6,0,0,79,6
"H",3,1,2,-7,0,0,40,2
"H",3,1,2,-8,0,0,18,0
"H",3,1,2,-9,0,0,12,0
"H",3,1,2,0,0,0,2015,1203
"H",3,1,2,0,0,1,10,8
"H",3,1,2,0,0,2,3,2
"H",3,1,2,0,1,0,9,5
"H",3,1,2,0,1,1,8,5
"H",3,1,2,0,1,2,6,5
"H",3,1,2,0,2,0,2,2
"H",3,1,2,0,2,1,1,0
"H",3,1,2,0,2,2,2,1
"H",3,1,2,0,3,0,2,2
"H",3,1,2,0,3,1,1,1
"H",3,1,2,0,3,2,2,2
"H",3,1,2,1,0,0,1073,790
"H",3,1,2,1,1,0,1,0
"H",3,1,2,1,1,1,1,0
"H",3,1,2,1,1,2,1,0
"H",3,1,2,1,2,2,1,0
"H",3,1,2,10,0,0,5,5
"H",3,1,2,11,0,0,1,1
"H",3,1,2,15,0,0,1,1
"H",3,1,2,2,0,0,676,553
"H",3,1,2,2,0,1,1,0
"H",3,1,2,2,0,2,1,0
"H",3,1,2,2,1,0,3,2
"H",3,1,2,2,2,0,1,1
"H",3,1,2,2,2,1,1,1
"H",3,1,2,2,3,1,1,1
"H",3,1,2,3,0,0,414,366
"H",3,1,2,3,0,1,1,1
"H",3,1,2,3,1,1,1,1
"H",3,1,2,3,1,2,1,1
"H",3,1,2,3,2,2,1,1
"H",3,1,2,4,0,0,233,216
"H",3,1,2,4,0,1,1,1
"H",3,1,2,4,0,2,1,1
"H",3,1,2,4,1,2,1,1
"H",3,1,2,5,0,0,137,130
"H",3,1,2,6,0,0,64,63
"H",3,1,2,6,0,1,1,1
"H",3,1,2,6,0,2,1,1
"H",3,1,2,7,0,0,38,36
"H",3,1,2,8,0,0,13,13
"H",3,1,2,9,0,0,8,8
"H",3,1,3,-1,0,0,504,246
"H",3,1,3,-1,0,1,3,2
"H",3,1,3,-1,1,1,1,0
"H",3,1,3,-1,2,1,1,0
"H",3,1,3,-1,3,1,1,0
"H",3,1,3,-10,0,0,3,0
"H",3,1,3,-12,0,0,1,0
"H",3,1,3,-2,0,0,255,103
"H",3,1,3,-2,1,0,1,1
"H",3,1,3,-2,2,0,1,1
"H",3,1,3,-2,3,0,1,1
"H",3,1,3,-3,0,0,119,25
"H",3,1,3,-4,0,0,73,14
"H",3,1,3,-5,0,0,53,8
"H",3,1,3,-6,0,0,22,2
"H",3,1,3,-7,0,0,16,1
"H",3,1,3,-8,0,0,6,0
"H",3,1,3,-9,0,0,2,0
"H",3,1,3,0,0,0,907,577
"H",3,1,3,0,0,1,3,2
"H",3,1,3,0,0,2,1,1
"H",3,1,3,0,1,0,4,3
"H",3,1,3,0,1,1,2,2
"H",3,1,3,0,1,2,1,1
"H",3,1,3,0,2,0,1,0
"H",3,1,3,0,2,1,1,1
"H",3,1,3,0,2,2,1,1
"H",3,1,3,0,3,1,1,1
"H",3,1,3,0,3,2,1,1
"H",3,1,3,1,0,0,680,486
"H",3,1,3,1,1,0,1,1
"H",3,1,3,1,2,0,1,1
"H",3,1,3,1,3,0,1,1
"H",3,1,3,10,0,0,4,4
"H",3,1,3,2,0,0,429,360
"H",3,1,3,2,1,0,1,1
"H",3,1,3,2,1,1,1,1
"H",3,1,3,2,1,2,1,1
"H",3,1,3,3,0,0,224,202
"H",3,1,3,3,0,1,1,1
"H",3,1,3,3,0,2,1,1
"H",3,1,3,3,1,0,1,1
"H",3,1,3,3,2,0,1,1
"H",3,1,3,3,3,0,1,1
"H",3,1,3,4,0,0,171,155
"H",3,1,3,4,0,1,1,1
"H",3,1,3,4,1,1,1,1
"H",3,1,3,4,2,1,1,1
"H",3,1,3,5,0,0,82,76
"H",3,1,3,6,0,0,29,28
"H",3,1,3,7,0,0,18,18
"H",3,1,3,8,0,0,7,7
"H",3,1,3,9,0,0,5,5
"H",3,1,4,-1,0,0,336,178
"H",3,1,4,-1,0,1,1,1
"H",3,1,4,-1,1,0,2,2
"H",3,1,4,-1,2,0,2,2
"H",3,1,4,-1,2,1,1,1
"H",3,1,4,-1,2,2,1,1
"H",3,1,4,-1,3,2,1,1
"H",3,1,4,-10,0,0,2,0
"H",3,1,4,-11,0,0,1,0
"H",3,1,4,-14,0,0,1,0
"H",3,1,4,-15,0,0,1,0
"H",3,1,4,-2,0,0,277,113
"H",3,1,4,-2,1,0,3,1
"H",3,1,4,-2,2,0,3,1
"H",3,1,4,-2,2,1,1,1
"H",3,1,4,-2,2,2,1,1
"H",3,1,4,-2,3,0,1,0
"H",3,1,4,-2,3,2,1,1
"H",3,1,4,-3,0,0,173,49
"H",3,1,4,-3,0,1,1,0
"H",3,1,4,-3,0,2,1,0
"H",3,1,4,-3,1,0,3,1
"H",3,1,4,-3,2,0,2,1
"H",3,1,4,-3,2,1,1,1
"H",3,1,4,-3,2,2,1,1
"H",3,1,4,-3,3,0,1,0
"H",3,1,4,-4,0,0,104,24
"H",3,1,4,-4,1,0,1,1
"H",3,1,4,-4,2,0,1,1
"H",3,1,4,-4,3,0,1,1
"H",3,1,4,-5,0,0,64,13
"H",3,1,4,-6,0,0,16,0
"H",3,1,4,-7,0,0,15,2
"H",3,1,4,-8,0,0,4,0
"H",3,1,4,-9,0,0,5,0
"H",3,1,4,0,0,0,607,407
"H",3,1,4,0,0,1,4,3
"H",3,1,4,0,0,2,2,2
"H",3,1,4,0,1,0,2,0
"H",3,1,4,0,1,1,1,0
"H",3,1,4,0,1,2,2,2
"H",3,1,4,0,2,0,2,0
"H",3,1,4,0,2,1,1,0
"H",3,1,4,0,2,2,2,1
"H",3,1,4,0,3,0,1,0
"H",3,1,4,0,3,1,1,0
"H",3,1,4,1,0,0,391,303
"H",3,1,4,1,0,1,2,2
"H",3,1,4,1,0,2,2,2
"H",3,1,4,10,0,0,2,2
"H",3,1,4,11,0,0,1,1
"H",3,1,4,16,0,0,1,1
"H",3,1,4,2,0,0,225,185
"H",3,1,4,2,1,0,1,1
"H",3,1,4,2,2,0,1,1
"H",3,1,4,2,3,0,1,1
"H",3,1,4,3,0,0,134,127
"H",3,1,4,4,0,0,96,87
"H",3,1,4,5,0,0,54,52
"H",3,1,4,6,0,0,21,21
"H",3,1,4,7,0,0,14,14
"H",3,1,4,8,0,0,6,6
"H",3,1,4,9,0,0,3,3
"H",3,1,4,9,1,0,1,1
"H",3,1,5,-1,0,0,183,94
"H",3,1,5,-1,0,1,1,1
"H",3,1,5,-1,0,2,1,1
"H",3,1,5,-2,0,0,86,39
"H",3,1,5,-2,1,0,1,1
"H",3,1,5,-2,2,0,1,1
"H",3,1,5,-2,3,0,1,1
"H",3,1,5,-2,3,1,1,1
"H",3,1,5,-3,0,0,55,13
"H",3,1,5,-4,0,0,27,8
"H",3,1,5,-5,0,0,13,1
"H",3,1,5,-6,0,0,7,1
"H",3,1,5,-7,0,0,7,0
"H",3,1,5,-8,0,0,1,0
"H",3,1,5,0,0,0,319,221
"H",3,1,5,0,1,0,1,1
"H",3,1,5,0,1,1,1,1
"H",3,1,5,0,2,1,1,1
"H",3,1,5,0,2,2,1,1
"H",3,1,5,0,3,2,1,1
"H",3,1,5,1,0,0,273,212
"H",3,1,5,10,0,0,3,3
"H",3,1,5,12,0,0,1,1
"H",3,1,5,13,0,0,1,1
"H",3,1,5,2,0,0,212,180
"H",3,1,5,2,0,1,1,1
"H",3,1,5,2,1,1,1,1
"H",3,1,5,3,0,0,124,110
"H",3,1,5,4,0,0,76,72
"H",3,1,5,4,1,0,1,1
"H",3,1,5,4,2,0,1,1
"H",3,1,5,4,3,0,1,1
"H",3,1,5,5,0,0,49,46
"H",3,1,5,6,0,0,27,24
"H",3,1,5,7,0,0,6,6
"H",3,1,5,8,0,0,6,6
"H",3,1,5,9,0,0,4,4
"H",3,1,6,-1,0,0,173,93
"H",3,1,6,-10,0,0,1,0
"H",3,1,6,-2,0,0,91,36
"H",3,1,6,-3,0,0,60,23
"H",3,1,6,-4,0,0,33,6
"H",3,1,6,-5,0,0,12,1
"H",3,1,6,-6,0,0,10,1
"H",3,1,6,-6,1,0,1,0
"H",3,1,6,-6,2,0,1,0
"H",3,1,6,-6,3,0,1,0
"H",3,1,6,-6,3,1,1,0
"H",3,1,6,-7,0,0,4,0
"H",3,1,6,-8,0,0,2,0
"H",3,1,6,-9,0,0,4,0
"H",3,1,6,0,0,0,303,216
"H",3,1,6,0,0,1,2,1
"H",3,1,6,0,1,0,2,2
"H",3,1,6,0,1,1,2,1
"H",3,1,6,0,2,0,2,2
"H",3,1,6,0,2,1,1,1
"H",3,1,6,0,2,2,1,1
"H",3,1,6,0,3,2,1,1
"H",3,1,6,1,0,0,240,189
"H",3,1,6,1,0,1,2,2
"H",3,1,6,1,0,2,2,2
"H",3,1,6,1,1,2,1,1
"H",3,1,6,10,0,0,2,2
"H",3,1,6,12,0,0,2,2
"H",3,1,6,15,0,0,1,1
"H",3,1,6,2,0,0,179,155
"H",3,1,6,3,0,0,113,101
"H",3,1,6,4,0,0,76,73
"H",3,1,6,5,0,0,43,41
"H",3,1,6,6,0,0,18,18
"H",3,1,6,7,0,0,8,8
"H",3,1,6,8,0,0,3,3
"H",3,1,6,9,0,0,4,4
"H",3,1,7,-1,0,0,195,121
"H",3,1,7,-2,0,0,95,49
"H",3,1,7,-2,0,1,1,1
"H",3,1,7,-2,1,1,1,1
"H",3,1,7,-2,2,1,1,1
"H",3,1,7,-2,3,1,1,1
"H",3,1,7,-3,0,0,57,23
"H",3,1,7,-4,0,0,23,6
"H",3,1,7,-5,0,0,13,2
"H",3,1,7,-6,0,0,7,0
"H",3,1,7,-7,0,0,1,1
"H",3,1,7,-8,0,0,4,0
"H",3,1,7,0,0,0,258,191
"H",3,1,7,0,0,1,3,1
"H",3,1,7,0,0,2,1,0
"H",3,1,7,0,1,0,3,3
"H",3,1,7,0,1,1,1,0
"H",3,1,7,0,1,2,1,0
"H",3,1,7,0,2,0,1,1
"H",3,1,7,0,2,2,1,0
"H",3,1,7,0,3,0,1,1
"H",3,1,7,1,0,0,230,178
"H",3,1,7,1,0,1,2,1
"H",3,1,7,1,0,2,1,0
"H",3,1,7,1,1,1,1,1
"H",3,1,7,1,2,1,1,1
"H",3,1,7,1,3,1,1,1
"H",3,1,7,10,0,0,1,1
"H",3,1,7,2,0,0,162,144
"H",3,1,7,2,1,0,2,2
"H",3,1,7,2,2,0,2,2
"H",3,1,7,2,3,0,2,2
"H",3,1,7,2,3,1,1,1
"H",3,1,7,3,0,0,74,65
"H",3,1,7,4,0,0,53,51
"H",3,1,7,5,0,0,25,24
"H",3,1,7,6,0,0,11,11
"H",3,1,7,7,0,0,8,8
"H",3,1,7,8,0,0,5,5
"H",3,1,7,9,0,0,2,2
"H",3,1,8,-1,0,0,95,55
"H",3,1,8,-11,0,0,1,0
"H",3,1,8,-15,0,0,1,0
"H",3,1,8,-2,0,0,94,48
"H",3,1,8,-2,1,0,1,1
"H",3,1,8,-3,0,0,59,25
"H",3,1,8,-3,1,0,1,1
"H",3,1,8,-3,1,1,1,1
"H",3,1,8,-3,2,1,1,1
"H",3,1,8,-3,3,1,1,1
"H",3,1,8,-3,3,2,1,1
"H",3,1,8,-4,0,0,28,9
"H",3,1,8,-4,1,0,1,1
"H",3,1,8,-4,2,0,1,1
"H",3,1,8,-4,2,1,1,1
"H",3,1,8,-4,2,2,1,1
"H",3,1,8,-4,3,2,1,1
"H",3,1,8,-5,0,0,21,3
"H",3,1,8,-6,0,0,9,2
"H",3,1,8,-7,0,0,4,2
"H",3,1,8,-8,0,0,3,1
"H",3,1,8,-9,0,0,1,0
"H",3,1,8,0,0,0,197,150
"H",3,1,8,0,1,0,1,1
"H",3,1,8,0,2,0,1,1
"H",3,1,8,0,3,0,1,1
"H",3,1,8,0,3,1,1,1
"H",3,1,8,0,3,2,1,1
"H",3,1,8,1,0,0,146,122
"H",3,1,8,1,1,0,1,1
"H",3,1,8,1,2,0,1,1
"H",3,1,8,10,0,0,2,2
"H",3,1,8,11,0,0,1,1
"H",3,1,8,12,0,0,1,1
"H",3,1,8,2,0,0,113,105
"H",3,1,8,2,0,1,1,1
"H",3,1,8,2,1,0,1,1
"H",3,1,8,2,2,0,1,1
"H",3,1,8,2,3,0,1,1
"H",3,1,8,2,3,1,1,1
"H",3,1,8,2,3,2,1,1
"H",3,1,8,3,0,0,69,65
"H",3,1,8,3,1,0,1,1
"H",3,1,8,3,2,0,1,1
"H",3,1,8,3,2,1,1,1
"H",3,1,8,4,0,0,28,27
"H",3,1,8,4,0,1,1,1
"H",3,1,8,5,0,0,27,26
"H",3,1,8,6,0,0,12,12
"H",3,1,8,7,0,0,7,7
"H",3,1,8,8,0,0,3,3
"H",3,1,8,9,0,0,1,1
"H",3,2,1,-1,0,0,2005,806
"H",3,2,1,-1,0,1,11,3
"H",3,2,1,-1,0,2,3,1
"H",3,2,1,-1,1,0,8,4
"H",3,2,1,-1,1,1,8,3
"H",3,2,1,-1,1,2,4,3
"H",3,2,1,-1,2,0,4,2
"H",3,2,1,-1,2,1,6,1
"H",3,2,1,-1,2,2,6,3
"H",3,2,1,-1,3,1,2,0
"H",3,2,1,-1,3,2,4,2
"H",3,2,1,-10,0,0,9,0
"H",3,2,1,-11,0,0,9,0
"H",3,2,1,-11,0,1,1,0
"H",3,2,1,-12,0,0,1,0
"H",3,2,1,-13,0,0,1,0
"H",3,2,1,-2,0,0,1214,346
"H",3,2,1,-2,0,1,4,1
"H",3,2,1,-2,0,2,1,0
"H",3,2,1,-2,1,0,6,1
"H",3,2,1,-2,1,1,2,1
"H",3,2,1,-2,2,0,2,0
"H",3,2,1,-2,2,1,2,1
"H",3,2,1,-2,2,2,1,1
"H",3,2,1,-2,3,0,1,0
"H",3,2,1,-2,3,1,1,0
"H",3,2,1,-2,3,2,1,0
"H",3,2,1,-3,0,0,751,146
"H",3,2,1,-3,0,1,1,0
"H",3,2,1,-3,1,0,1,1
"H",3,2,1,-3,1,1,2,1
"H",3,2,1,-3,2,1,2,1
"H",3,2,1,-3,2,2,1,1
"H",3,2,1,-4,0,0,415,53
"H",3,2,1,-5,0,0,244,16
"H",3,2,1,-5,1,0,3,0
"H",3,2,1,-5,1,1,2,0
"H",3,2,1,-5,1,2,2,0
"H",3,2,1,-6,0,0,134,7
"H",3,2,1,-7,0,0,42,0
"H",3,2,1,-8,0,0,31,1
"H",3,2,1,-9,0,0,10,1
"H",3,2,1,0,0,0,3575,1913
"H",3,2,1,0,0,1,12,4
"H",3,2,1,0,0,2,4,1
"H",3,2,1,0,1,0,18,9
"H",3,2,1,0,1,1,12,5
"H",3,2,1,0,1,2,4,2
"H",3,2,1,0,2,0,11,6
"H",3,2,1,0,2,1,12,6
"H",3,2,1,0,2,2,2,1
"H",3,2,1,0,3,0,4,1
"H",3,2,1,0,3,1,4,3
"H",3,2,1,0,3,2,3,2
"H",3,2,1,1,0,0,1756,1219
"H",3,2,1,1,0,1,3,2
"H",3,2,1,1,0,2,1,1
"H",3,2,1,1,1,0,8,4
"H",3,2,1,1,1,1,3,1
"H",3,2,1,1,1,2,1,0
"H",3,2,1,1,2,0,3,1
"H",3,2,1,1,2,1,2,0
"H",3,2,1,1,2,2,1,0
"H",3,2,1,1,3,0,2,1
"H",3,2,1,1,3,1,1,1
"H",3,2,1,1,3,2,1,1
"H",3,2,1,10,0,0,9,9
"H",3,2,1,11,0,0,4,4
"H",3,2,1,12,0,0,2,2
"H",3,2,1,2,0,0,1017,804
"H",3,2,1,2,0,1,5,4
"H",3,2,1,2,0,2,1,1
"H",3,2,1,2,1,0,5,3
"H",3,2,1,2,1,1,6,4
"H",3,2,1,2,1,2,2,2
"H",3,2,1,2,2,0,2,1
"H",3,2,1,2,2,1,6,3
"H",3,2,1,2,2,2,3,3
"H",3,2,1,2,3,1,4,1
"H",3,2,1,2,3,2,4,3
"H",3,2,1,3,0,0,614,520
"H",3,2,1,3,0,1,3,2
"H",3,2,1,3,0,2,1,1
"H",3,2,1,3,1,0,2,2
"H",3,2,1,3,1,1,3,2
"H",3,2,1,3,1,2,1,1
"H",3,2,1,3,2,1,2,1
"H",3,2,1,3,2,2,1,0
"H",3,2,1,4,0,0,365,344
"H",3,2,1,4,0,1,1,1
"H",3,2,1,4,0,2,1,1
"H",3,2,1,4,1,0,1,1
"H",3,2,1,4,1,1,1,1
"H",3,2,1,4,1,2,2,2
"H",3,2,1,5,0,0,192,184
"H",3,2,1,6,0,0,103,98
"H",3,2,1,7,0,0,44,43
"H",3,2,1,8,0,0,24,24
"H",3,2,1,9,0,0,13,13
"H",3,2,2,-1,0,0,1120,454
"H",3,2,2,-1,0,1,4,2
"H",3,2,2,-1,0,2,2,0
"H",3,2,2,-1,1,0,2,1
"H",3,2,2,-1,1,1,3,3
"H",3,2,2,-1,1,2,3,1
"H",3,2,2,-1,2,0,1,0
"H",3,2,2,-1,2,1,2,2
"H",3,2,2,-1,2,2,1,0
"H",3,2,2,-1,3,0,1,0
"H",3,2,2,-1,3,1,1,1
"H",3,2,2,-1,3,2,2,1
"H",3,2,2,-10,0,0,2,0
"H",3,2,2,-11,0,0,2,0
"H",3,2,2,-12,0,0,1,0
"H",3,2,2,-13,0,0,1,0
"H",3,2,2,-14,0,0,1,0
"H",3,2,2,-15,0,0,1,0
"H",3,2,2,-2,0,0,758,233
"H",3,2,2,-2,0,1,2,2
"H",3,2,2,-2,0,2,2,2
"H",3,2,2,-2,1,0,1,0
"H",3,2,2,-3,0,0,449,93
"H",3,2,2,-3,1,0,2,0
"H",3,2,2,-3,2,0,2,0
"H",3,2,2,-3,2,1,1,0
"H",3,2,2,-3,3,0,1,0
"H",3,2,2,-3,3,1,2,0
"H",3,2,2,-3,3,2,2,0
"H",3,2,2,-4,0,0,281,41
"H",3,2,2,-4,1,0,2,1
"H",3,2,2,-4,2,0,1,0
"H",3,2,2,-4,2,1,1,0
"H",3,2,2,-4,2,2,1,0
"H",3,2,2,-4,3,2,1,0
"H",3,2,2,-5,0,0,148,12
"H",3,2,2,-6,0,0,84,7
"H",3,2,2,-7,0,0,38,1
"H",3,2,2,-7,1,0,1,0
"H",3,2,2,-7,2,0,1,0
"H",3,2,2,-7,3,0,1,0
"H",3,2,2,-7,3,1,1,0
"H",3,2,2,-8,0,0,18,0
"H",3,2,2,-9,0,0,10,0
"H",3,2,2,0,0,0,1986,1094
"H",3,2,2,0,0,1,6,4
"H",3,2,2,0,0,2,2,1
"H",3,2,2,0,1,0,8,3
"H",3,2,2,0,1,1,3,1
"H",3,2,2,0,1,2,2,2
"H",3,2,2,0,2,0,3,1
"H",3,2,2,0,2,1,1,1
"H",3,2,2,0,2,2,1,1
"H",3,2,2,0,3,0,1,0
"H",3,2,2,0,3,2,1,1
"H",3,2,2,1,0,0,1138,776
"H",3,2,2,1,0,1,6,5
"H",3,2,2,1,0,2,2,1
"H",3,2,2,1,1,0,4,2
"H",3,2,2,1,1,1,4,3
"H",3,2,2,1,1,2,2,2
"H",3,2,2,1,2,0,2,1
"H",3,2,2,1,2,1,2,2
"H",3,2,2,1,2,2,1,1
"H",3,2,2,1,3,0,1,0
"H",3,2,2,1,3,1,1,0
"H",3,2,2,1,3,2,2,1
"H",3,2,2,10,0,0,3,3
"H",3,2,2,11,0,0,5,5
"H",3,2,2,12,0,0,2,2
"H",3,2,2,13,0,0,1,1
"H",3,2,2,15,0,0,1,1
"H",3,2,2,2,0,0,753,606
"H",3,2,2,2,0,1,5,4
"H",3,2,2,2,0,2,1,1
"H",3,2,2,2,1,0,2,1
"H",3,2,2,2,1,1,4,3
"H",3,2,2,2,1,2,1,1
"H",3,2,2,2,2,1,3,2
"H",3,2,2,2,2,2,4,3
"H",3,2,2,3,0,0,488,415
"H",3,2,2,3,0,1,1,1
"H",3,2,2,3,1,0,1,1
"H",3,2,2,4,0,0,301,275
"H",3,2,2,4,0,1,1,1
"H",3,2,2,5,0,0,173,165
"H",3,2,2,6,0,0,102,98
"H",3,2,2,7,0,0,47,46
"H",3,2,2,8,0,0,27,27
"H",3,2,2,8,1,0,1,1
"H",3,2,2,8,2,0,1,1
"H",3,2,2,8,3,0,1,1
"H",3,2,2,9,0,0,15,15
"H",3,2,3,-1,0,0,570,243
"H",3,2,3,-1,1,0,3,3
"H",3,2,3,-1,1,1,3,3
"H",3,2,3,-1,2,1,1,1
"H",3,2,3,-1,2,2,1,1
"H",3,2,3,-10,0,0,1,0
"H",3,2,3,-12,0,0,1,0
"H",3,2,3,-2,0,0,307,100
"H",3,2,3,-3,0,0,177,33
"H",3,2,3,-4,0,0,92,11
"H",3,2,3,-5,0,0,50,7
"H",3,2,3,-6,0,0,25,2
"H",3,2,3,-7,0,0,17,1
"H",3,2,3,-8,0,0,8,0
"H",3,2,3,-9,0,0,2,0
"H",3,2,3,0,0,0,1075,627
"H",3,2,3,0,0,1,2,2
"H",3,2,3,0,0,2,1,1
"H",3,2,3,0,1,0,6,5
"H",3,2,3,0,1,1,2,2
"H",3,2,3,0,1,2,1,1
"H",3,2,3,0,2,0,3,3
"H",3,2,3,0,2,1,2,2
"H",3,2,3,0,2,2,1,1
"H",3,2,3,0,3,0,3,3
"H",3,2,3,0,3,1,1,1
"H",3,2,3,0,3,2,1,1
"H",3,2,3,1,0,0,814,570
"H",3,2,3,1,0,1,2,2
"H",3,2,3,1,1,0,1,1
"H",3,2,3,1,1,1,2,2
"H",3,2,3,1,1,2,1,1
"H",3,2,3,1,2,0,1,1
"H",3,2,3,1,2,1,2,2
"H",3,2,3,1,2,2,1,1
"H",3,2,3,1,3,1,1,1
"H",3,2,3,1,3,2,2,2
"H",3,2,3,10,0,0,7,7
"H",3,2,3,11,0,0,2,2
"H",3,2,3,12,0,0,3,3
"H",3,2,3,2,0,0,564,466
"H",3,2,3,2,0,1,3,1
"H",3,2,3,2,1,0,2,1
"H",3,2,3,2,1,1,2,1
"H",3,2,3,2,1,2,1,1
"H",3,2,3,2,2,0,2,1
"H",3,2,3,2,2,1,1,0
"H",3,2,3,2,2,2,2,1
"H",3,2,3,2,3,0,2,1
"H",3,2,3,3,0,0,330,296
"H",3,2,3,4,0,0,225,205
"H",3,2,3,4,0,1,2,2
"H",3,2,3,4,1,1,1,1
"H",3,2,3,4,1,2,1,1
"H",3,2,3,4,2,2,1,1
"H",3,2,3,4,3,2,1,1
"H",3,2,3,5,0,0,129,118
"H",3,2,3,6,0,0,52,49
"H",3,2,3,7,0,0,33,33
"H",3,2,3,8,0,0,14,14
"H",3,2,3,9,0,0,6,6
"H",3,2,4,-1,0,0,369,180
"H",3,2,4,-1,1,0,1,1
"H",3,2,4,-1,2,0,1,1
"H",3,2,4,-1,2,1,1,1
"H",3,2,4,-10,0,0,1,0
"H",3,2,4,-2,0,0,280,89
"H",3,2,4,-3,0,0,192,48
"H",3,2,4,-3,0,1,2,0
"H",3,2,4,-3,0,2,1,0
"H",3,2,4,-3,1,2,1,0
"H",3,2,4,-3,2,2,1,0
"H",3,2,4,-3,3,2,1,0
"H",3,2,4,-4,0,0,109,25
"H",3,2,4,-5,0,0,60,12
"H",3,2,4,-6,0,0,30,4
"H",3,2,4,-7,0,0,19,0
"H",3,2,4,-8,0,0,7,0
"H",3,2,4,-9,0,0,3,0
"H",3,2,4,0,0,0,641,395
"H",3,2,4,0,0,1,6,3
"H",3,2,4,0,0,2,1,1
"H",3,2,4,0,1,0,2,2
"H",3,2,4,0,1,1,3,2
"H",3,2,4,0,1,2,1,1
"H",3,2,4,0,2,0,2,2
"H",3,2,4,0,2,1,1,1
"H",3,2,4,0,2,2,1,1
"H",3,2,4,0,3,0,2,2
"H",3,2,4,0,3,1,1,1
"H",3,2,4,0,3,2,1,1
"H",3,2,4,1,0,0,407,291
"H",3,2,4,1,0,1,1,0
"H",3,2,4,1,0,2,1,0
"H",3,2,4,1,1,0,1,0
"H",3,2,4,1,1,1,1,0
"H",3,2,4,1,1,2,1,0
"H",3,2,4,1,2,1,1,0
"H",3,2,4,1,2,2,1,0
"H",3,2,4,10,0,0,4,4
"H",3,2,4,11,0,0,1,1
"H",3,2,4,16,0,0,1,1
"H",3,2,4,2,0,0,272,212
"H",3,2,4,3,0,0,207,177
"H",3,2,4,4,0,0,127,114
"H",3,2,4,4,0,1,1,1
"H",3,2,4,4,1,1,1,1
"H",3,2,4,4,2,1,1,1
"H",3,2,4,4,3,1,1,1
"H",3,2,4,5,0,0,77,75
"H",3,2,4,5,0,1,1,1
"H",3,2,4,5,1,1,1,1
"H",3,2,4,6,0,0,41,41
"H",3,2,4,7,0,0,16,16
"H",3,2,4,8,0,0,19,19
"H",3,2,4,9,0,0,5,5
"H",3,2,5,-1,0,0,279,120
"H",3,2,5,-1,0,1,1,1
"H",3,2,5,-1,1,0,1,1
"H",3,2,5,-1,1,1,1,1
"H",3,2,5,-1,2,0,1,1
"H",3,2,5,-1,2,1,2,2
"H",3,2,5,-11,0,0,1,0
"H",3,2,5,-2,0,0,160,55
"H",3,2,5,-3,0,0,73,17
"H",3,2,5,-4,0,0,45,9
"H",3,2,5,-5,0,0,26,1
"H",3,2,5,-6,0,0,12,0
"H",3,2,5,-7,0,0,5,0
"H",3,2,5,-8,0,0,5,0
"H",3,2,5,-9,0,0,2,0
"H",3,2,5,0,0,0,490,289
"H",3,2,5,0,0,1,3,3
"H",3,2,5,0,0,2,2,2
"H",3,2,5,0,1,0,3,3
"H",3,2,5,0,1,1,2,2
"H",3,2,5,0,1,2,2,2
"H",3,2,5,0,2,0,1,1
"H",3,2,5,0,2,1,1,1
"H",3,2,5,0,2,2,1,1
"H",3,2,5,0,3,2,1,1
"H",3,2,5,1,0,0,424,288
"H",3,2,5,1,0,1,2,2
"H",3,2,5,1,0,2,1,1
"H",3,2,5,1,1,0,1,0
"H",3,2,5,1,1,1,1,1
"H",3,2,5,1,1,2,2,2
"H",3,2,5,1,2,0,1,0
"H",3,2,5,1,2,2,1,1
"H",3,2,5,1,3,0,1,0
"H",3,2,5,10,0,0,5,5
"H",3,2,5,11,0,0,1,1
"H",3,2,5,13,0,0,1,1
"H",3,2,5,14,0,0,1,1
"H",3,2,5,2,0,0,311,252
"H",3,2,5,2,0,1,1,1
"H",3,2,5,2,1,0,1,0
"H",3,2,5,2,1,1,1,1
"H",3,2,5,2,2,0,1,0
"H",3,2,5,2,2,1,1,1
"H",3,2,5,2,2,2,1,1
"H",3,2,5,2,3,2,1,1
"H",3,2,5,3,0,0,199,174
"H",3,2,5,4,0,0,126,114
"H",3,2,5,4,1,0,1,1
"H",3,2,5,4,2,0,1,1
"H",3,2,5,4,2,1,1,1
"H",3,2,5,5,0,0,73,70
"H",3,2,5,6,0,0,26,24
"H",3,2,5,7,0,0,18,18
"H",3,2,5,8,0,0,6,6
"H",3,2,5,9,0,0,6,6
"H",3,2,6,-1,0,0,229,109
"H",3,2,6,-1,1,0,1,1
"H",3,2,6,-1,2,0,1,1
"H",3,2,6,-1,2,1,1,1
"H",3,2,6,-1,3,1,1,1
"H",3,2,6,-1,3,2,1,1
"H",3,2,6,-2,0,0,122,46
"H",3,2,6,-2,1,0,1,0
"H",3,2,6,-3,0,0,79,22
"H",3,2,6,-3,1,0,1,0
"H",3,2,6,-3,2,0,1,0
"H",3,2,6,-3,3,0,1,0
"H",3,2,6,-4,0,0,52,7
"H",3,2,6,-4,0,1,1,0
"H",3,2,6,-4,1,0,1,0
"H",3,2,6,-4,1,1,1,0
"H",3,2,6,-4,2,0,1,0
"H",3,2,6,-4,2,1,1,0
"H",3,2,6,-4,3,0,1,0
"H",3,2,6,-4,3,1,2,0
"H",3,2,6,-5,0,0,30,2
"H",3,2,6,-6,0,0,12,3
"H",3,2,6,-7,0,0,2,0
"H",3,2,6,-8,0,0,5,0
"H",3,2,6,-9,0,0,4,0
"H",3,2,6,0,0,0,352,230
"H",3,2,6,0,1,0,1,1
"H",3,2,6,0,2,0,1,1
"H",3,2,6,0,3,0,1,1
"H",3,2,6,1,0,0,310,234
"H",3,2,6,1,0,1,1,1
"H",3,2,6,1,1,0,2,2
"H",3,2,6,1,1,1,1,1
"H",3,2,6,1,1,2,1,1
"H",3,2,6,1,2,0,2,2
"H",3,2,6,1,2,2,1,1
"H",3,2,6,1,3,0,2,2
"H",3,2,6,1,3,1,1,1
"H",3,2,6,12,0,0,1,1
"H",3,2,6,2,0,0,243,197
"H",3,2,6,2,0,1,1,1
"H",3,2,6,3,0,0,147,132
"H",3,2,6,3,0,1,1,1
"H",3,2,6,3,0,2,1,1
"H",3,2,6,4,0,0,97,87
"H",3,2,6,4,1,0,1,1
"H",3,2,6,4,2,0,1,1
"H",3,2,6,4,3,0,1,1
"H",3,2,6,5,0,0,53,48
"H",3,2,6,6,0,0,30,30
"H",3,2,6,7,0,0,16,16
"H",3,2,6,8,0,0,6,6
"H",3,2,6,9,0,0,8,8
"H",3,2,7,-1,0,0,176,96
"H",3,2,7,-11,0,0,1,0
"H",3,2,7,-14,0,0,1,0
"H",3,2,7,-2,0,0,88,36
"H",3,2,7,-2,0,1,1,0
"H",3,2,7,-2,0,2,1,0
"H",3,2,7,-3,0,0,69,20
"H",3,2,7,-4,0,0,38,7
"H",3,2,7,-5,0,0,19,2
"H",3,2,7,-6,0,0,10,1
"H",3,2,7,-7,0,0,5,1
"H",3,2,7,-8,0,0,2,0
"H",3,2,7,-9,0,0,1,0
"H",3,2,7,0,0,0,267,165
"H",3,2,7,0,0,1,3,0
"H",3,2,7,0,0,2,2,0
"H",3,2,7,0,1,0,2,2
"H",3,2,7,0,1,1,2,1
"H",3,2,7,0,1,2,1,1
"H",3,2,7,0,2,1,1,0
"H",3,2,7,1,0,0,203,151
"H",3,2,7,10,0,0,1,1
"H",3,2,7,12,0,0,1,1
"H",3,2,7,2,0,0,156,131
"H",3,2,7,3,0,0,92,74
"H",3,2,7,3,1,0,1,1
"H",3,2,7,3,1,1,1,1
"H",3,2,7,4,0,0,60,56
"H",3,2,7,5,0,0,29,29
"H",3,2,7,6,0,0,18,18
"H",3,2,7,6,0,1,1,1
"H",3,2,7,6,1,1,1,1
"H",3,2,7,6,1,2,1,1
"H",3,2,7,6,2,2,1,1
"H",3,2,7,6,3,2,1,1
"H",3,2,7,7,0,0,12,12
"H",3,2,7,8,0,0,6,6
"H",3,2,7,9,0,0,3,3
"H",3,2,8,-1,0,0,123,65
"H",3,2,8,-1,0,1,1,1
"H",3,2,8,-2,0,0,91,39
"H",3,2,8,-3,0,0,52,17
"H",3,2,8,-3,1,0,1,0
"H",3,2,8,-3,2,0,1,0
"H",3,2,8,-3,3,0,1,0
"H",3,2,8,-3,3,1,1,0
"H",3,2,8,-3,3,2,1,0
"H",3,2,8,-4,0,0,41,6
"H",3,2,8,-5,0,0,18,4
"H",3,2,8,-6,0,0,6,0
"H",3,2,8,-7,0,0,3,0
"H",3,2,8,-8,0,0,3,0
"H",3,2,8,0,0,0,229,158
"H",3,2,8,0,0,1,2,0
"H",3,2,8,0,0,2,1,0
"H",3,2,8,0,1,0,1,0
"H",3,2,8,0,1,1,1,0
"H",3,2,8,0,1,2,1,0
"H",3,2,8,0,2,0,1,0
"H",3,2,8,0,2,1,1,0
"H",3,2,8,0,2,2,1,0
"H",3,2,8,0,3,2,1,0
"H",3,2,8,1,0,0,157,115
"H",3,2,8,10,0,0,1,1
"H",3,2,8,11,0,0,1,1
"H",3,2,8,12,0,0,1,1
"H",3,2,8,2,0,0,113,99
"H",3,2,8,3,0,0,74,70
"H",3,2,8,4,0,0,38,37
"H",3,2,8,4,0,1,1,1
"H",3,2,8,5,0,0,20,20
"H",3,2,8,6,0,0,16,16
"H",3,2,8,7,0,0,8,8
"H",3,2,8,8,0,0,8,8
"H",3,2,8,9,0,0,3,3
"H",4,0,1,-1,0,0,3637,1562
"H",4,0,1,-1,0,1,14,6
"H",4,0,1,-1,0,2,12,4
"H",4,0,1,-1,1,0,12,6
"H",4,0,1,-1,1,1,4,3
"H",4,0,1,-1,1,2,9,3
"H",4,0,1,-1,2,0,6,4
"H",4,0,1,-1,2,1,5,5
"H",4,0,1,-1,2,2,3,2
"H",4,0,1,-1,3,0,2,2
"H",4,0,1,-1,3,1,3,3
"H",4,0,1,-1,3,2,4,4
"H",4,0,1,-10,0,0,34,0
"H",4,0,1,-11,0,0,13,0
"H",4,0,1,-12,0,0,8,0
"H",4,0,1,-13,0,0,2,0
"H",4,0,1,-14,0,0,1,0
"H",4,0,1,-15,0,0,2,0
"H",4,0,1,-2,0,0,2480,769
"H",4,0,1,-2,0,1,8,4
"H",4,0,1,-2,0,2,1,0
"H",4,0,1,-2,1,0,16,4
"H",4,0,1,-2,1,1,13,7
"H",4,0,1,-2,1,2,3,1
"H",4,0,1,-2,2,0,6,1
"H",4,0,1,-2,2,1,7,3
"H",4,0,1,-2,2,2,6,3
"H",4,0,1,-2,3,0,5,1
"H",4,0,1,-2,3,1,5,0
"H",4,0,1,-2,3,2,6,2
"H",4,0,1,-3,0,0,1672,353
"H",4,0,1,-3,0,1,12,5
"H",4,0,1,-3,0,2,4,2
"H",4,0,1,-3,1,0,2,0
"H",4,0,1,-3,1,1,9,3
"H",4,0,1,-3,1,2,7,4
"H",4,0,1,-3,2,1,2,0
"H",4,0,1,-3,2,2,5,4
"H",4,0,1,-3,3,2,3,3
"H",4,0,1,-4,0,0,1009,146
"H",4,0,1,-4,1,0,1,0
"H",4,0,1,-5,0,0,629,56
"H",4,0,1,-5,0,1,1,0
"H",4,0,1,-5,1,0,1,0
"H",4,0,1,-5,1,1,2,0
"H",4,0,1,-5,1,2,1,0
"H",4,0,1,-5,2,1,1,0
"H",4,0,1,-6,0,0,376,23
"H",4,0,1,-6,0,1,2,0
"H",4,0,1,-6,1,0,1,0
"H",4,0,1,-6,1,1,2,0
"H",4,0,1,-6,1,2,2,0
"H",4,0,1,-6,2,2,1,0
"H",4,0,1,-7,0,0,179,9
"H",4,0,1,-8,0,0,114,1
"H",4,0,1,-9,0,0,53,1
"H",4,0,1,-9,0,1,1,0
"H",4,0,1,-9,0,2,1,0
"H",4,0,1,0,0,0,5014,3023
"H",4,0,1,0,0,1,27,18
"H",4,0,1,0,0,2,10,6
"H",4,0,1,0,1,0,18,12
"H",4,0,1,0,1,1,20,13
"H",4,0,1,0,1,2,14,9
"H",4,0,1,0,2,0,7,6
"H",4,0,1,0,2,1,10,6
"H",4,0,1,0,2,2,12,8
"H",4,0,1,0,3,0,5,5
"H",4,0,1,0,3,1,7,4
"H",4,0,1,0,3,2,10,7
"H",4,0,1,1,0,0,3198,2355
"H",4,0,1,1,0,1,10,9
"H",4,0,1,1,0,2,5,5
"H",4,0,1,1,1,0,4,3
"H",4,0,1,1,1,1,7,5
"H",4,0,1,1,1,2,4,2
"H",4,0,1,1,2,0,1,1
"H",4,0,1,1,2,1,4,4
"H",4,0,1,1,2,2,4,4
"H",4,0,1,1,3,1,1,1
"H",4,0,1,1,3,2,4,4
"H",4,0,1,10,0,0,20,20
"H",4,0,1,11,0,0,6,6
"H",4,0,1,12,0,0,6,6
"H",4,0,1,13,0,0,2,2
"H",4,0,1,15,0,0,2,2
"H",4,0,1,2,0,0,2061,1718
"H",4,0,1,2,0,1,6,4
"H",4,0,1,2,0,2,4,3
"H",4,0,1,2,1,0,4,2
"H",4,0,1,2,1,1,1,0
"H",4,0,1,2,1,2,3,1
"H",4,0,1,2,2,0,2,1
"H",4,0,1,2,2,1,1,0
"H",4,0,1,2,3,0,1,1
"H",4,0,1,2,3,1,1,0
"H",4,0,1,3,0,0,1240,1123
"H",4,0,1,3,0,1,3,3
"H",4,0,1,3,0,2,1,1
"H",4,0,1,3,1,0,3,3
"H",4,0,1,3,1,1,3,3
"H",4,0,1,3,1,2,1,1
"H",4,0,1,3,2,1,2,2
"H",4,0,1,3,2,2,2,2
"H",4,0,1,3,3,1,1,1
"H",4,0,1,3,3,2,2,2
"H",4,0,1,4,0,0,803,752
"H",4,0,1,4,0,1,2,2
"H",4,0,1,4,0,2,1,1
"H",4,0,1,4,1,0,1,1
"H",4,0,1,4,1,1,2,2
"H",4,0,1,4,1,2,1,1
"H",4,0,1,4,2,1,1,1
"H",4,0,1,4,2,2,1,1
"H",4,0,1,5,0,0,460,439
"H",4,0,1,5,0,1,2,2
"H",4,0,1,5,1,1,2,2
"H",4,0,1,6,0,0,247,240
"H",4,0,1,6,1,0,1,1
"H",4,0,1,6,2,0,1,1
"H",4,0,1,6,3,0,1,1
"H",4,0,1,6,3,1,1,1
"H",4,0,1,6,3,2,1,1
"H",4,0,1,7,0,0,114,114
"H",4,0,1,8,0,0,54,54
"H",4,0,1,8,0,1,1,1
"H",4,0,1,8,0,2,1,1
"H",4,0,1,9,0,0,35,35
"H",4,0,2,-1,0,0,1056,499
"H",4,0,2,-1,1,0,2,1
"H",4,0,2,-1,2,0,2,1
"H",4,0,2,-1,2,1,2,1
"H",4,0,2,-10,0,0,11,0
"H",4,0,2,-11,0,0,4,0
"H",4,0,2,-12,0,0,4,0
"H",4,0,2,-2,0,0,710,259
"H",4,0,2,-2,0,1,3,0
"H",4,0,2,-2,0,2,2,0
"H",4,0,2,-2,1,0,2,1
"H",4,0,2,-2,1,1,3,1
"H",4,0,2,-2,1,2,1,1
"H",4,0,2,-2,2,1,1,0
"H",4,0,2,-2,2,2,1,0
"H",4,0,2,-3,0,0,481,122
"H",4,0,2,-3,0,1,2,0
"H",4,0,2,-3,1,1,2,0
"H",4,0,2,-3,1,2,1,0
"H",4,0,2,-4,0,0,295,59
"H",4,0,2,-4,0,1,1,1
"H",4,0,2,-4,0,2,1,1
"H",4,0,2,-4,1,2,1,1
"H",4,0,2,-5,0,0,172,16
"H",4,0,2,-5,1,0,1,0
"H",4,0,2,-5,1,1,1,0
"H",4,0,2,-5,1,2,1,0
"H",4,0,2,-6,0,0,105,13
"H",4,0,2,-7,0,0,51,5
"H",4,0,2,-7,1,0,1,0
"H",4,0,2,-7,2,0,1,0
"H",4,0,2,-7,3,0,1,0
"H",4,0,2,-7,3,1,1,0
"H",4,0,2,-8,0,0,35,1
"H",4,0,2,-9,0,0,13,0
"H",4,0,2,0,0,0,1487,952
"H",4,0,2,0,0,1,4,2
"H",4,0,2,0,0,2,2,1
"H",4,0,2,0,1,0,6,5
"H",4,0,2,0,1,1,2,1
"H",4,0,2,0,1,2,1,1
"H",4,0,2,0,2,0,3,2
"H",4,0,2,0,2,1,2,1
"H",4,0,2,0,2,2,2,2
"H",4,0,2,0,3,0,1,1
"H",4,0,2,0,3,2,1,1
"H",4,0,2,1,0,0,980,759
"H",4,0,2,1,0,1,1,1
"H",4,0,2,1,1,0,2,1
"H",4,0,2,1,2,0,1,0
"H",4,0,2,1,3,0,1,0
"H",4,0,2,10,0,0,9,9
"H",4,0,2,11,0,0,4,4
"H",4,0,2,12,0,0,2,2
"H",4,0,2,13,0,0,1,1
"H",4,0,2,2,0,0,602,498
"H",4,0,2,2,1,0,1,1
"H",4,0,2,2,1,1,1,1
"H",4,0,2,3,0,0,396,362
"H",4,0,2,3,0,1,2,2
"H",4,0,2,3,0,2,2,2
"H",4,0,2,3,1,0,1,1
"H",4,0,2,3,2,0,1,1
"H",4,0,2,3,2,1,1,1
"H",4,0,2,3,3,1,1,1
"H",4,0,2,3,3,2,1,1
"H",4,0,2,4,0,0,239,225
"H",4,0,2,4,1,0,2,2
"H",4,0,2,4,1,1,1,1
"H",4,0,2,4,2,0,1,1
"H",4,0,2,5,0,0,151,145
"H",4,0,2,6,0,0,79,78
"H",4,0,2,6,1,0,1,1
"H",4,0,2,6,2,0,1,1
"H",4,0,2,7,0,0,28,28
"H",4,0,2,8,0,0,16,16
"H",4,0,2,9,0,0,9,9
"H",4,0,3,-1,0,0,236,130
"H",4,0,3,-1,0,1,1,0
"H",4,0,3,-1,1,0,1,0
"H",4,0,3,-1,2,0,1,0
"H",4,0,3,-1,2,1,1,0
"H",4,0,3,-10,0,0,2,0
"H",4,0,3,-2,0,0,146,62
"H",4,0,3,-2,0,1,2,2
"H",4,0,3,-2,0,2,1,1
"H",4,0,3,-2,1,0,2,0
"H",4,0,3,-2,1,1,1,0
"H",4,0,3,-2,1,2,1,1
"H",4,0,3,-2,2,0,1,0
"H",4,0,3,-2,3,0,1,0
"H",4,0,3,-3,0,0,105,29
"H",4,0,3,-3,0,1,1,1
"H",4,0,3,-3,1,1,1,1
"H",4,0,3,-3,2,1,1,1
"H",4,0,3,-3,2,2,1,1
"H",4,0,3,-4,0,0,69,15
"H",4,0,3,-5,0,0,31,3
"H",4,0,3,-6,0,0,27,2
"H",4,0,3,-7,0,0,11,1
"H",4,0,3,-8,0,0,13,0
"H",4,0,3,-9,0,0,3,0
"H",4,0,3,0,0,0,364,250
"H",4,0,3,0,0,1,2,2
"H",4,0,3,0,0,2,2,2
"H",4,0,3,0,1,0,1,0
"H",4,0,3,0,1,2,1,1
"H",4,0,3,0,2,0,1,0
"H",4,0,3,0,2,2,1,1
"H",4,0,3,0,3,0,1,0
"H",4,0,3,0,3,2,1,1
"H",4,0,3,1,0,0,260,218
"H",4,0,3,1,0,1,1,1
"H",4,0,3,1,1,0,2,2
"H",4,0,3,1,1,1,1,1
"H",4,0,3,1,2,0,1,1
"H",4,0,3,10,0,0,1,1
"H",4,0,3,2,0,0,161,137
"H",4,0,3,3,0,0,100,95
"H",4,0,3,3,0,1,1,1
"H",4,0,3,3,1,0,2,2
"H",4,0,3,3,2,0,1,1
"H",4,0,3,3,3,0,1,1
"H",4,0,3,4,0,0,73,68
"H",4,0,3,4,1,0,1,1
"H",4,0,3,4,2,0,1,1
"H",4,0,3,4,2,1,1,1
"H",4,0,3,4,2,2,1,1
"H",4,0,3,5,0,0,41,40
"H",4,0,3,5,0,1,1,1
"H",4,0,3,5,0,2,1,1
"H",4,0,3,5,1,2,1,1
"H",4,0,3,5,2,2,1,1
"H",4,0,3,5,3,2,1,1
"H",4,0,3,6,0,0,25,24
"H",4,0,3,7,0,0,13,13
"H",4,0,3,8,0,0,6,6
"H",4,0,3,9,0,0,3,3
"H",4,0,4,-1,0,0,195,121
"H",4,0,4,-1,0,1,1,1
"H",4,0,4,-1,0,2,1,1
"H",4,0,4,-1,1,2,1,1
"H",4,0,4,-10,0,0,4,0
"H",4,0,4,-11,0,0,3,0
"H",4,0,4,-12,0,0,1,0
"H",4,0,4,-2,0,0,195,88
"H",4,0,4,-2,0,1,1,0
"H",4,0,4,-3,0,0,122,36
"H",4,0,4,-4,0,0,78,24
"H",4,0,4,-5,0,0,48,8
"H",4,0,4,-6,0,0,30,4
"H",4,0,4,-7,0,0,16,4
"H",4,0,4,-8,0,0,10,1
"H",4,0,4,-9,0,0,4,0
"H",4,0,4,0,0,0,284,195
"H",4,0,4,0,0,1,1,1
"H",4,0,4,0,0,2,1,1
"H",4,0,4,0,1,0,1,1
"H",4,0,4,0,1,1,1,1
"H",4,0,4,1,0,0,193,157
"H",4,0,4,1,0,1,1,1
"H",4,0,4,10,0,0,5,5
"H",4,0,4,12,0,0,1,1
"H",4,0,4,2,0,0,146,132
"H",4,0,4,3,0,0,85,83
"H",4,0,4,4,0,0,53,50
"H",4,0,4,5,0,0,32,31
"H",4,0,4,6,0,0,19,19
"H",4,0,4,7,0,0,8,8
"H",4,0,4,8,0,0,3,3
"H",4,0,4,9,0,0,3,3
"H",4,0,5,-1,0,0,77,40
"H",4,0,5,-10,0,0,1,0
"H",4,0,5,-2,0,0,51,17
"H",4,0,5,-3,0,0,28,10
"H",4,0,5,-3,1,0,1,0
"H",4,0,5,-3,1,1,1,0
"H",4,0,5,-3,2,1,1,0
"H",4,0,5,-4,0,0,12,2
"H",4,0,5,-5,0,0,10,1
"H",4,0,5,-6,0,0,7,0
"H",4,0,5,-7,0,0,4,0
"H",4,0,5,-8,0,0,5,0
"H",4,0,5,-9,0,0,5,0
"H",4,0,5,0,0,0,121,86
"H",4,0,5,0,0,1,1,1
"H",4,0,5,1,0,0,111,86
"H",4,0,5,11,0,0,1,1
"H",4,0,5,2,0,0,75,64
"H",4,0,5,3,0,0,36,35
"H",4,0,5,4,0,0,35,32
"H",4,0,5,5,0,0,14,14
"H",4,0,5,6,0,0,13,12
"H",4,0,5,7,0,0,6,6
"H",4,0,5,8,0,0,1,1
"H",4,0,5,9,0,0,1,1
"H",4,0,6,-1,0,0,112,76
"H",4,0,6,-1,0,1,1,1
"H",4,0,6,-1,0,2,1,1
"H",4,0,6,-10,0,0,2,0
"H",4,0,6,-2,0,0,63,33
"H",4,0,6,-2,1,0,1,1
"H",4,0,6,-2,2,0,1,1
"H",4,0,6,-2,2,1,1,1
"H",4,0,6,-3,0,0,47,24
"H",4,0,6,-4,0,0,21,7
"H",4,0,6,-5,0,0,13,2
"H",4,0,6,-6,0,0,6,0
"H",4,0,6,-7,0,0,6,1
"H",4,0,6,-8,0,0,8,0
"H",4,0,6,0,0,0,121,90
"H",4,0,6,0,1,0,1,1
"H",4,0,6,0,1,1,1,1
"H",4,0,6,0,2,1,1,1
"H",4,0,6,0,2,2,1,1
"H",4,0,6,1,0,0,104,85
"H",4,0,6,10,0,0,1,1
"H",4,0,6,11,0,0,1,1
"H",4,0,6,2,0,0,64,55
"H",4,0,6,3,0,0,37,34
"H",4,0,6,4,0,0,24,23
"H",4,0,6,4,0,1,1,1
"H",4,0,6,4,1,0,1,1
"H",4,0,6,4,2,0,1,1
"H",4,0,6,4,3,0,1,1
"H",4,0,6,4,3,1,1,1
"H",4,0,6,5,0,0,22,22
"H",4,0,6,6,0,0,11,11
"H",4,0,6,7,0,0,4,4
"H",4,0,6,8,0,0,7,7
"H",4,0,6,9,0,0,2,2
"H",4,0,7,-1,0,0,57,33
"H",4,0,7,-2,0,0,40,20
"H",4,0,7,-3,0,0,26,8
"H",4,0,7,-4,0,0,18,5
"H",4,0,7,-5,0,0,7,1
"H",4,0,7,-6,0,0,5,2
"H",4,0,7,-7,0,0,1,0
"H",4,0,7,-8,0,0,3,0
"H",4,0,7,-9,0,0,1,0
"H",4,0,7,0,0,0,85,70
"H",4,0,7,1,0,0,64,56
"H",4,0,7,2,0,0,25,23
"H",4,0,7,3,0,0,23,19
"H",4,0,7,4,0,0,10,9
"H",4,0,7,5,0,0,10,10
"H",4,0,7,6,0,0,6,6
"H",4,0,7,7,0,0,1,1
"H",4,0,7,8,0,0,3,3
"H",4,0,7,9,0,0,3,3
"H",4,0,8,-1,0,0,55,40
"H",4,0,8,-10,0,0,1,0
"H",4,0,8,-2,0,0,35,20
"H",4,0,8,-3,0,0,26,13
"H",4,0,8,-3,1,0,1,1
"H",4,0,8,-3,2,0,1,1
"H",4,0,8,-3,3,0,1,1
"H",4,0,8,-4,0,0,20,8
"H",4,0,8,-5,0,0,13,3
"H",4,0,8,-6,0,0,12,1
"H",4,0,8,-7,0,0,2,1
"H",4,0,8,-8,0,0,2,1
"H",4,0,8,-9,0,0,1,0
"H",4,0,8,0,0,0,68,62
"H",4,0,8,1,0,0,61,52
"H",4,0,8,10,0,0,3,3
"H",4,0,8,10,0,1,1,1
"H",4,0,8,10,0,2,1,1
"H",4,0,8,2,0,0,40,38
"H",4,0,8,3,0,0,21,20
"H",4,0,8,3,0,1,1,1
"H",4,0,8,3,0,2,1,1
"H",4,0,8,3,1,2,1,1
"H",4,0,8,4,0,0,20,19
"H",4,0,8,5,0,0,11,10
"H",4,0,8,6,0,0,10,10
"H",4,0,8,6,1,0,1,1
"H",4,0,8,6,1,1,1,1
"H",4,0,8,6,2,1,1,1
"H",4,0,8,6,2,2,1,1
"H",4,0,8,6,3,2,1,1
"H",4,0,8,7,0,0,3,3
"H",4,0,8,8,0,0,1,1
"H",4,0,8,9,0,0,2,2
"H",4,1,1,-1,0,0,2433,968
"H",4,1,1,-1,0,1,8,4
"H",4,1,1,-1,0,2,4,3
"H",4,1,1,-1,1,0,10,5
"H",4,1,1,-1,1,1,5,2
"H",4,1,1,-1,1,2,6,3
"H",4,1,1,-1,2,0,6,3
"H",4,1,1,-1,2,1,4,2
"H",4,1,1,-1,2,2,5,3
"H",4,1,1,-1,3,0,1,0
"H",4,1,1,-1,3,1,3,1
"H",4,1,1,-1,3,2,4,3
"H",4,1,1,-10,0,0,20,0
"H",4,1,1,-11,0,0,8,0
"H",4,1,1,-12,0,0,4,0
"H",4,1,1,-13,0,0,2,0
"H",4,1,1,-14,0,0,1,0
"H",4,1,1,-15,0,0,2,0
"H",4,1,1,-2,0,0,1674,467
"H",4,1,1,-2,0,1,4,1
"H",4,1,1,-2,1,0,6,2
"H",4,1,1,-2,1,1,6,2
"H",4,1,1,-2,1,2,3,1
"H",4,1,1,-2,2,0,1,0
"H",4,1,1,-2,2,1,4,1
"H",4,1,1,-2,2,2,4,1
"H",4,1,1,-2,3,1,1,0
"H",4,1,1,-2,3,2,3,1
"H",4,1,1,-3,0,0,1113,207
"H",4,1,1,-3,0,1,3,0
"H",4,1,1,-3,0,2,2,0
"H",4,1,1,-3,1,0,2,1
"H",4,1,1,-3,1,1,1,0
"H",4,1,1,-3,1,2,2,0
"H",4,1,1,-3,2,0,1,0
"H",4,1,1,-4,0,0,651,71
"H",4,1,1,-4,0,1,1,0
"H",4,1,1,-4,1,0,2,0
"H",4,1,1,-4,1,1,1,0
"H",4,1,1,-4,2,1,1,0
"H",4,1,1,-4,2,2,1,0
"H",4,1,1,-5,0,0,430,37
"H",4,1,1,-5,1,0,1,0
"H",4,1,1,-5,2,0,1,0
"H",4,1,1,-5,3,0,1,0
"H",4,1,1,-5,3,1,1,0
"H",4,1,1,-5,3,2,1,0
"H",4,1,1,-6,0,0,244,10
"H",4,1,1,-6,1,0,2,0
"H",4,1,1,-6,2,0,1,0
"H",4,1,1,-6,3,0,1,0
"H",4,1,1,-6,3,1,1,0
"H",4,1,1,-7,0,0,117,2
"H",4,1,1,-8,0,0,68,0
"H",4,1,1,-9,0,0,35,1
"H",4,1,1,0,0,0,3301,1880
"H",4,1,1,0,0,1,21,11
"H",4,1,1,0,0,2,4,3
"H",4,1,1,0,1,0,13,7
"H",4,1,1,0,1,1,20,10
"H",4,1,1,0,1,2,11,6
"H",4,1,1,0,2,0,2,2
"H",4,1,1,0,2,1,9,6
"H",4,1,1,0,2,2,11,7
"H",4,1,1,0,3,0,1,1
"H",4,1,1,0,3,1,2,2
"H",4,1,1,0,3,2,10,7
"H",4,1,1,1,0,0,2137,1503
"H",4,1,1,1,0,1,1,1
"H",4,1,1,1,0,2,1,1
"H",4,1,1,1,1,0,3,3
"H",4,1,1,1,1,1,1,1
"H",4,1,1,1,1,2,1,1
"H",4,1,1,1,2,0,1,1
"H",4,1,1,1,2,1,1,1
"H",4,1,1,10,0,0,17,17
"H",4,1,1,11,0,0,2,2
"H",4,1,1,12,0,0,5,5
"H",4,1,1,13,0,0,1,1
"H",4,1,1,15,0,0,3,3
"H",4,1,1,2,0,0,1465,1211
"H",4,1,1,2,0,1,5,3
"H",4,1,1,2,0,2,1,1
"H",4,1,1,2,1,0,5,5
"H",4,1,1,2,1,1,5,4
"H",4,1,1,2,1,2,2,1
"H",4,1,1,2,2,0,1,1
"H",4,1,1,2,2,2,2,1
"H",4,1,1,2,3,0,1,1
"H",4,1,1,2,3,2,2,1
"H",4,1,1,3,0,0,862,769
"H",4,1,1,3,0,1,1,1
"H",4,1,1,3,1,0,3,3
"H",4,1,1,3,1,1,2,2
"H",4,1,1,3,2,0,2,2
"H",4,1,1,3,3,0,2,2
"H",4,1,1,3,3,1,1,1
"H",4,1,1,3,3,2,1,1
"H",4,1,1,4,0,0,548,513
"H",4,1,1,4,0,1,2,2
"H",4,1,1,4,0,2,1,1
"H",4,1,1,4,1,1,1,1
"H",4,1,1,5,0,0,320,302
"H",4,1,1,5,1,0,1,1
"H",4,1,1,6,0,0,171,166
"H",4,1,1,7,0,0,94,94
"H",4,1,1,8,0,0,46,46
"H",4,1,1,9,0,0,27,27
"H",4,1,2,-1,0,0,1072,467
"H",4,1,2,-1,0,1,4,1
"H",4,1,2,-1,0,2,1,0
"H",4,1,2,-1,1,0,4,2
"H",4,1,2,-1,1,1,4,2
"H",4,1,2,-1,1,2,3,1
"H",4,1,2,-1,2,0,2,1
"H",4,1,2,-1,2,1,2,1
"H",4,1,2,-1,2,2,4,2
"H",4,1,2,-1,3,0,1,0
"H",4,1,2,-1,3,1,1,0
"H",4,1,2,-1,3,2,1,0
"H",4,1,2,-10,0,0,12,0
"H",4,1,2,-11,0,0,3,0
"H",4,1,2,-12,0,0,3,0
"H",4,1,2,-13,0,0,1,0
"H",4,1,2,-14,0,0,1,0
"H",4,1,2,-2,0,0,824,268
"H",4,1,2,-2,1,0,4,0
"H",4,1,2,-2,1,1,2,0
"H",4,1,2,-2,2,0,2,0
"H",4,1,2,-2,2,1,2,0
"H",4,1,2,-2,3,0,1,0
"H",4,1,2,-2,3,1,2,0
"H",4,1,2,-2,3,2,1,0
"H",4,1,2,-3,0,0,558,125
"H",4,1,2,-3,1,0,1,1
"H",4,1,2,-3,1,1,1,1
"H",4,1,2,-3,1,2,1,1
"H",4,1,2,-4,0,0,348,42
"H",4,1,2,-5,0,0,216,16
"H",4,1,2,-5,0,1,1,0
"H",4,1,2,-5,0,2,1,0
"H",4,1,2,-6,0,0,138,9
"H",4,1,2,-6,0,1,1,0
"H",4,1,2,-6,0,2,1,0
"H",4,1,2,-6,1,2,1,0
"H",4,1,2,-7,0,0,49,1
"H",4,1,2,-8,0,0,25,0
"H",4,1,2,-9,0,0,14,0
"H",4,1,2,0,0,0,1516,929
"H",4,1,2,0,0,1,4,2
"H",4,1,2,0,0,2,1,0
"H",4,1,2,0,1,0,5,4
"H",4,1,2,0,1,1,4,3
"H",4,1,2,0,1,2,2,0
"H",4,1,2,0,2,1,3,3
"H",4,1,2,0,2,2,2,0
"H",4,1,2,1,0,0,1050,757
"H",4,1,2,1,0,1,2,1
"H",4,1,2,1,1,0,2,2
"H",4,1,2,1,1,1,2,1
"H",4,1,2,1,1,2,1,1
"H",4,1,2,1,2,0,1,1
"H",4,1,2,1,2,2,1,1
"H",4,1,2,1,3,0,1,1
"H",4,1,2,1,3,2,1,1
"H",4,1,2,10,0,0,9,9
"H",4,1,2,11,0,0,4,4
"H",4,1,2,12,0,0,3,3
"H",4,1,2,13,0,0,2,2
"H",4,1,2,14,0,0,1,1
"H",4,1,2,15,0,0,1,1
"H",4,1,2,2,0,0,720,607
"H",4,1,2,2,0,1,1,1
"H",4,1,2,2,0,2,1,1
"H",4,1,2,2,1,0,2,2
"H",4,1,2,2,1,1,1,1
"H",4,1,2,2,2,1,1,1
"H",4,1,2,2,2,2,1,1
"H",4,1,2,2,3,2,1,1
"H",4,1,2,3,0,0,467,422
"H",4,1,2,3,0,1,3,3
"H",4,1,2,3,1,0,2,2
"H",4,1,2,3,1,1,1,1
"H",4,1,2,3,2,0,2,2
"H",4,1,2,3,3,0,1,1
"H",4,1,2,4,0,0,292,280
"H",4,1,2,4,1,0,1,1
"H",4,1,2,5,0,0,182,174
"H",4,1,2,6,0,0,101,99
"H",4,1,2,7,0,0,58,58
"H",4,1,2,7,1,0,2,2
"H",4,1,2,7,2,0,1,1
"H",4,1,2,7,3,0,1,1
"H",4,1,2,8,0,0,30,30
"H",4,1,2,9,0,0,21,21
"H",4,1,3,-1,0,0,516,247
"H",4,1,3,-1,0,1,2,1
"H",4,1,3,-1,0,2,1,1
"H",4,1,3,-1,1,1,1,0
"H",4,1,3,-1,2,1,1,0
"H",4,1,3,-1,2,2,1,0
"H",4,1,3,-10,0,0,3,0
"H",4,1,3,-12,0,0,1,0
"H",4,1,3,-15,0,0,1,0
"H",4,1,3,-2,0,0,269,92
"H",4,1,3,-2,0,1,2,1
"H",4,1,3,-2,0,2,2,1
"H",4,1,3,-2,1,0,2,0
"H",4,1,3,-2,1,1,1,0
"H",4,1,3,-2,1,2,2,1
"H",4,1,3,-2,2,1,1,0
"H",4,1,3,-2,3,1,1,0
"H",4,1,3,-2,3,2,1,0
"H",4,1,3,-3,0,0,141,41
"H",4,1,3,-3,1,0,1,1
"H",4,1,3,-3,2,0,1,1
"H",4,1,3,-3,2,1,1,1
"H",4,1,3,-3,2,2,1,1
"H",4,1,3,-4,0,0,98,10
"H",4,1,3,-5,0,0,61,7
"H",4,1,3,-6,0,0,32,3
"H",4,1,3,-7,0,0,20,0
"H",4,1,3,-8,0,0,10,0
"H",4,1,3,-9,0,0,4,0
"H",4,1,3,0,0,0,811,496
"H",4,1,3,0,0,1,5,3
"H",4,1,3,0,0,2,2,1
"H",4,1,3,0,1,0,2,2
"H",4,1,3,0,1,1,3,2
"H",4,1,3,0,1,2,2,2
"H",4,1,3,0,2,0,2,2
"H",4,1,3,0,2,1,2,2
"H",4,1,3,0,2,2,1,1
"H",4,1,3,0,3,1,2,2
"H",4,1,3,0,3,2,1,1
"H",4,1,3,1,0,0,636,491
"H",4,1,3,1,1,0,4,4
"H",4,1,3,1,2,0,3,3
"H",4,1,3,1,2,1,1,1
"H",4,1,3,1,3,0,2,2
"H",4,1,3,10,0,0,11,11
"H",4,1,3,11,0,0,5,5
"H",4,1,3,12,0,0,2,2
"H",4,1,3,13,0,0,3,3
"H",4,1,3,15,0,0,1,1
"H",4,1,3,2,0,0,421,348
"H",4,1,3,2,1,0,2,2
"H",4,1,3,2,1,1,1,1
"H",4,1,3,2,2,0,1,1
"H",4,1,3,2,3,0,1,1
"H",4,1,3,3,0,0,255,238
"H",4,1,3,3,0,1,2,1
"H",4,1,3,3,0,2,1,1
"H",4,1,3,3,1,0,1,1
"H",4,1,3,3,1,1,1,1
"H",4,1,3,3,1,2,1,1
"H",4,1,3,4,0,0,196,184
"H",4,1,3,4,1,0,1,0
"H",4,1,3,5,0,0,106,102
"H",4,1,3,5,0,1,1,1
"H",4,1,3,5,1,0,2,2
"H",4,1,3,5,1,1,1,1
"H",4,1,3,5,1,2,1,1
"H",4,1,3,6,0,0,86,83
"H",4,1,3,7,0,0,29,29
"H",4,1,3,8,0,0,17,17
"H",4,1,3,9,0,0,10,10
"H",4,1,4,-1,0,0,316,160
"H",4,1,4,-10,0,0,2,0
"H",4,1,4,-11,0,0,3,0
"H",4,1,4,-12,0,0,2,0
"H",4,1,4,-13,0,0,1,0
"H",4,1,4,-2,0,0,268,94
"H",4,1,4,-2,0,1,2,0
"H",4,1,4,-2,0,2,2,0
"H",4,1,4,-2,1,0,2,0
"H",4,1,4,-2,1,1,1,0
"H",4,1,4,-2,1,2,2,0
"H",4,1,4,-2,2,1,1,0
"H",4,1,4,-2,2,2,1,0
"H",4,1,4,-2,3,2,1,0
"H",4,1,4,-3,0,0,182,46
"H",4,1,4,-4,0,0,112,19
"H",4,1,4,-5,0,0,68,9
"H",4,1,4,-6,0,0,47,6
"H",4,1,4,-6,0,1,1,0
"H",4,1,4,-6,1,1,1,0
"H",4,1,4,-7,0,0,17,0
"H",4,1,4,-8,0,0,12,0
"H",4,1,4,-9,0,0,5,0
"H",4,1,4,0,0,0,462,293
"H",4,1,4,0,0,1,1,0
"H",4,1,4,0,0,2,1,0
"H",4,1,4,0,1,0,5,5
"H",4,1,4,0,1,1,1,1
"H",4,1,4,0,2,0,2,2
"H",4,1,4,0,2,1,1,1
"H",4,1,4,0,3,0,1,1
"H",4,1,4,0,3,1,1,1
"H",4,1,4,0,3,2,1,1
"H",4,1,4,1,0,0,333,252
"H",4,1,4,1,1,0,1,1
"H",4,1,4,1,1,1,1,1
"H",4,1,4,10,0,0,6,6
"H",4,1,4,11,0,0,5,5
"H",4,1,4,12,0,0,1,1
"H",4,1,4,13,0,0,1,1
"H",4,1,4,15,0,0,1,1
"H",4,1,4,2,0,0,231,201
"H",4,1,4,2,1,0,1,1
"H",4,1,4,3,0,0,190,176
"H",4,1,4,4,0,0,119,112
"H",4,1,4,5,0,0,77,73
"H",4,1,4,5,1,0,1,1
"H",4,1,4,5,2,0,1,1
"H",4,1,4,5,3,0,1,1
"H",4,1,4,6,0,0,46,46
"H",4,1,4,7,0,0,23,23
"H",4,1,4,8,0,0,10,10
"H",4,1,4,9,0,0,13,13
"H",4,1,5,-1,0,0,183,86
"H",4,1,5,-1,0,1,1,0
"H",4,1,5,-1,1,0,1,1
"H",4,1,5,-1,1,1,2,1
"H",4,1,5,-1,1,2,2,1
"H",4,1,5,-2,0,0,108,39
"H",4,1,5,-2,1,0,1,1
"H",4,1,5,-3,0,0,57,10
"H",4,1,5,-4,0,0,40,8
"H",4,1,5,-5,0,0,24,2
"H",4,1,5,-6,0,0,11,0
"H",4,1,5,-7,0,0,10,0
"H",4,1,5,-8,0,0,12,0
"H",4,1,5,-9,0,0,1,0
"H",4,1,5,0,0,0,328,218
"H",4,1,5,0,1,0,2,2
"H",4,1,5,0,1,1,2,2
"H",4,1,5,0,1,2,2,2
"H",4,1,5,0,2,2,1,1
"H",4,1,5,1,0,0,282,229
"H",4,1,5,1,0,1,2,1
"H",4,1,5,1,0,2,2,1
"H",4,1,5,12,0,0,1,1
"H",4,1,5,2,0,0,185,155
"H",4,1,5,2,1,0,1,0
"H",4,1,5,2,1,1,1,0
"H",4,1,5,3,0,0,115,106
"H",4,1,5,3,0,1,2,2
"H",4,1,5,3,0,2,1,1
"H",4,1,5,3,1,2,1,1
"H",4,1,5,3,2,2,1,1
"H",4,1,5,4,0,0,84,81
"H",4,1,5,4,1,0,2,1
"H",4,1,5,4,2,0,2,1
"H",4,1,5,4,3,0,1,1
"H",4,1,5,5,0,0,42,42
"H",4,1,5,6,0,0,33,32
"H",4,1,5,7,0,0,22,22
"H",4,1,5,8,0,0,11,11
"H",4,1,5,9,0,0,5,5
"H",4,1,6,-1,0,0,174,92
"H",4,1,6,-10,0,0,2,0
"H",4,1,6,-11,0,0,1,0
"H",4,1,6,-2,0,0,120,54
"H",4,1,6,-3,0,0,75,19
"H",4,1,6,-4,0,0,55,10
"H",4,1,6,-5,0,0,28,1
"H",4,1,6,-6,0,0,17,2
"H",4,1,6,-7,0,0,7,0
"H",4,1,6,-8,0,0,8,0
"H",4,1,6,-9,0,0,1,0
"H",4,1,6,0,0,0,253,175
"H",4,1,6,0,0,1,1,1
"H",4,1,6,0,0,2,1,1
"H",4,1,6,1,0,0,206,169
"H",4,1,6,1,0,1,1,1
"H",4,1,6,1,0,2,1,1
"H",4,1,6,1,1,2,1,1
"H",4,1,6,1,2,2,1,1
"H",4,1,6,1,3,2,1,1
"H",4,1,6,10,0,0,5,5
"H",4,1,6,11,0,0,3,3
"H",4,1,6,12,0,0,3,3
"H",4,1,6,2,0,0,156,134
"H",4,1,6,3,0,0,112,106
"H",4,1,6,4,0,0,72,70
"H",4,1,6,4,1,0,1,1
"H",4,1,6,5,0,0,47,45
"H",4,1,6,6,0,0,35,34
"H",4,1,6,7,0,0,9,9
"H",4,1,6,8,0,0,10,10
"H",4,1,6,9,0,0,3,3
"H",4,1,7,-1,0,0,154,80
"H",4,1,7,-1,0,1,1,0
"H",4,1,7,-1,0,2,1,0
"H",4,1,7,-10,0,0,1,0
"H",4,1,7,-12,0,0,1,0
"H",4,1,7,-2,0,0,112,50
"H",4,1,7,-3,0,0,61,18
"H",4,1,7,-4,0,0,34,7
"H",4,1,7,-5,0,0,20,1
"H",4,1,7,-6,0,0,11,1
"H",4,1,7,-7,0,0,7,0
"H",4,1,7,-8,0,0,2,0
"H",4,1,7,0,0,0,248,166
"H",4,1,7,0,0,1,1,0
"H",4,1,7,0,1,1,1,0
"H",4,1,7,0,1,2,1,0
"H",4,1,7,1,0,0,179,142
"H",4,1,7,1,1,0,1,1
"H",4,1,7,1,1,1,1,1
"H",4,1,7,1,1,2,1,1
"H",4,1,7,1,2,2,1,1
"H",4,1,7,10,0,0,2,2
"H",4,1,7,12,0,0,1,1
"H",4,1,7,13,0,0,1,1
"H",4,1,7,17,0,0,1,1
"H",4,1,7,2,0,0,130,117
"H",4,1,7,2,1,0,1,1
"H",4,1,7,2,1,1,1,1
"H",4,1,7,2,2,1,1,1
"H",4,1,7,2,3,1,1,1
"H",4,1,7,2,3,2,1,1
"H",4,1,7,3,0,0,82,75
"H",4,1,7,4,0,0,61,60
"H",4,1,7,5,0,0,45,44
"H",4,1,7,6,0,0,34,33
"H",4,1,7,7,0,0,8,8
"H",4,1,7,8,0,0,11,11
"H",4,1,7,9,0,0,5,5
"H",4,1,8,-1,0,0,91,53
"H",4,1,8,-11,0,0,1,0
"H",4,1,8,-2,0,0,82,37
"H",4,1,8,-3,0,0,51,20
"H",4,1,8,-4,0,0,36,10
"H",4,1,8,-5,0,0,22,4
"H",4,1,8,-6,0,0,23,3
"H",4,1,8,-7,0,0,2,0
"H",4,1,8,-8,0,0,2,0
"H",4,1,8,-9,0,0,2,0
"H",4,1,8,0,0,0,143,100
"H",4,1,8,0,0,1,1,1
"H",4,1,8,0,0,2,1,1
"H",4,1,8,0,1,0,1,0
"H",4,1,8,0,1,1,1,0
"H",4,1,8,0,1,2,2,1
"H",4,1,8,1,0,0,119,91
"H",4,1,8,10,0,0,3,3
"H",4,1,8,11,0,0,2,2
"H",4,1,8,12,0,0,1,1
"H",4,1,8,15,0,0,1,1
"H",4,1,8,2,0,0,90,77
"H",4,1,8,3,0,0,65,60
"H",4,1,8,4,0,0,57,55
"H",4,1,8,5,0,0,34,32
"H",4,1,8,5,1,0,1,1
"H",4,1,8,5,2,0,1,1
"H",4,1,8,5,2,1,1,1
"H",4,1,8,6,0,0,26,26
"H",4,1,8,7,0,0,7,7
"H",4,1,8,8,0,0,7,7
"H",4,1,8,9,0,0,3,3
"H",4,2,1,-1,0,0,1850,672
"H",4,2,1,-1,0,1,11,6
"H",4,2,1,-1,0,2,4,2
"H",4,2,1,-1,1,0,2,1
"H",4,2,1,-1,1,1,7,4
"H",4,2,1,-1,1,2,1,0
"H",4,2,1,-1,2,0,1,1
"H",4,2,1,-1,2,1,3,2
"H",4,2,1,-1,2,2,1,1
"H",4,2,1,-1,3,2,1,1
"H",4,2,1,-10,0,0,12,0
"H",4,2,1,-11,0,0,8,0
"H",4,2,1,-12,0,0,3,0
"H",4,2,1,-13,0,0,1,0
"H",4,2,1,-15,0,0,1,0
"H",4,2,1,-2,0,0,1195,293
"H",4,2,1,-2,0,1,2,0
"H",4,2,1,-2,0,2,1,0
"H",4,2,1,-2,1,0,3,1
"H",4,2,1,-3,0,0,819,130
"H",4,2,1,-3,1,0,4,2
"H",4,2,1,-3,2,0,4,2
"H",4,2,1,-3,2,1,1,1
"H",4,2,1,-3,3,0,2,1
"H",4,2,1,-4,0,0,450,47
"H",4,2,1,-4,0,1,2,0
"H",4,2,1,-4,0,2,2,0
"H",4,2,1,-4,1,0,2,1
"H",4,2,1,-4,1,1,1,0
"H",4,2,1,-4,1,2,1,0
"H",4,2,1,-4,2,0,1,1
"H",4,2,1,-4,3,0,1,1
"H",4,2,1,-4,3,1,1,1
"H",4,2,1,-4,3,2,1,1
"H",4,2,1,-5,0,0,293,20
"H",4,2,1,-5,1,0,2,0
"H",4,2,1,-5,2,0,1,0
"H",4,2,1,-5,3,0,1,0
"H",4,2,1,-6,0,0,177,9
"H",4,2,1,-6,0,1,1,0
"H",4,2,1,-6,0,2,1,0
"H",4,2,1,-6,1,2,1,0
"H",4,2,1,-6,2,2,1,0
"H",4,2,1,-6,3,2,1,0
"H",4,2,1,-7,0,0,97,1
"H",4,2,1,-8,0,0,55,0
"H",4,2,1,-9,0,0,26,1
"H",4,2,1,0,0,0,2454,1358
"H",4,2,1,0,0,1,17,9
"H",4,2,1,0,0,2,10,4
"H",4,2,1,0,1,0,7,6
"H",4,2,1,0,1,1,7,5
"H",4,2,1,0,1,2,4,3
"H",4,2,1,0,2,0,2,2
"H",4,2,1,0,2,1,1,1
"H",4,2,1,0,2,2,3,2
"H",4,2,1,0,3,0,1,1
"H",4,2,1,0,3,1,1,1
"H",4,2,1,0,3,2,1,0
"H",4,2,1,1,0,0,1695,1181
"H",4,2,1,1,0,1,5,3
"H",4,2,1,1,0,2,2,2
"H",4,2,1,1,1,0,6,3
"H",4,2,1,1,1,1,6,3
"H",4,2,1,1,1,2,3,2
"H",4,2,1,1,2,0,2,1
"H",4,2,1,1,2,1,2,1
"H",4,2,1,1,2,2,1,1
"H",4,2,1,1,3,1,1,0
"H",4,2,1,1,3,2,1,0
"H",4,2,1,10,0,0,18,18
"H",4,2,1,11,0,0,2,2
"H",4,2,1,12,0,0,4,4
"H",4,2,1,15,0,0,2,2
"H",4,2,1,2,0,0,1258,1023
"H",4,2,1,2,0,1,1,1
"H",4,2,1,2,1,0,3,2
"H",4,2,1,2,1,1,1,0
"H",4,2,1,2,2,0,2,2
"H",4,2,1,2,2,1,1,0
"H",4,2,1,2,2,2,1,0
"H",4,2,1,2,3,0,2,2
"H",4,2,1,2,3,1,1,1
"H",4,2,1,2,3,2,1,1
"H",4,2,1,3,0,0,740,647
"H",4,2,1,3,0,1,2,2
"H",4,2,1,3,0,2,1,1
"H",4,2,1,3,1,0,3,3
"H",4,2,1,3,1,1,3,3
"H",4,2,1,3,1,2,1,1
"H",4,2,1,3,2,0,1,1
"H",4,2,1,3,2,1,3,3
"H",4,2,1,3,2,2,1,1
"H",4,2,1,4,0,0,449,421
"H",4,2,1,4,0,1,1,1
"H",4,2,1,4,0,2,1,1
"H",4,2,1,4,1,0,1,1
"H",4,2,1,4,2,0,1,1
"H",4,2,1,4,2,1,1,1
"H",4,2,1,4,3,1,1,1
"H",4,2,1,4,3,2,1,1
"H",4,2,1,5,0,0,269,254
"H",4,2,1,5,0,1,1,1
"H",4,2,1,5,1,0,1,1
"H",4,2,1,5,1,1,1,1
"H",4,2,1,6,0,0,140,137
"H",4,2,1,6,1,0,1,1
"H",4,2,1,6,1,1,1,1
"H",4,2,1,6,2,1,1,1
"H",4,2,1,6,3,1,1,1
"H",4,2,1,7,0,0,102,101
"H",4,2,1,8,0,0,56,56
"H",4,2,1,9,0,0,29,29
"H",4,2,1,9,1,0,1,1
"H",4,2,1,9,2,0,1,1
"H",4,2,1,9,3,0,1,1
"H",4,2,1,9,3,1,1,1
"H",4,2,1,9,3,2,1,1
"H",4,2,2,-1,0,0,1008,391
"H",4,2,2,-1,0,1,1,0
"H",4,2,2,-1,1,0,2,0
"H",4,2,2,-10,0,0,10,0
"H",4,2,2,-11,0,0,2,0
"H",4,2,2,-12,0,0,2,0
"H",4,2,2,-14,0,0,1,0
"H",4,2,2,-2,0,0,741,218
"H",4,2,2,-2,0,1,2,0
"H",4,2,2,-2,0,2,1,0
"H",4,2,2,-2,1,0,2,1
"H",4,2,2,-2,1,1,1,0
"H",4,2,2,-2,1,2,1,0
"H",4,2,2,-2,2,0,1,1
"H",4,2,2,-2,2,1,1,1
"H",4,2,2,-2,2,2,1,1
"H",4,2,2,-3,0,0,488,85
"H",4,2,2,-3,0,1,1,0
"H",4,2,2,-3,0,2,1,0
"H",4,2,2,-3,1,0,1,1
"H",4,2,2,-3,1,1,1,1
"H",4,2,2,-3,2,1,1,1
"H",4,2,2,-3,2,2,1,1
"H",4,2,2,-3,3,2,1,1
"H",4,2,2,-4,0,0,322,33
"H",4,2,2,-5,0,0,191,22
"H",4,2,2,-5,1,0,1,0
"H",4,2,2,-5,2,0,1,0
"H",4,2,2,-6,0,0,125,8
"H",4,2,2,-6,0,1,1,0
"H",4,2,2,-6,0,2,1,0
"H",4,2,2,-6,1,2,1,0
"H",4,2,2,-7,0,0,59,3
"H",4,2,2,-8,0,0,25,0
"H",4,2,2,-9,0,0,20,1
"H",4,2,2,0,0,0,1373,788
"H",4,2,2,0,0,1,4,1
"H",4,2,2,0,0,2,2,1
"H",4,2,2,0,1,0,3,2
"H",4,2,2,0,1,1,3,2
"H",4,2,2,0,1,2,2,1
"H",4,2,2,0,2,1,1,1
"H",4,2,2,0,2,2,1,1
"H",4,2,2,1,0,0,1076,782
"H",4,2,2,1,0,1,1,1
"H",4,2,2,1,0,2,1,1
"H",4,2,2,1,1,0,3,1
"H",4,2,2,1,1,2,1,1
"H",4,2,2,1,2,0,1,0
"H",4,2,2,1,2,1,1,0
"H",4,2,2,1,2,2,1,1
"H",4,2,2,10,0,0,6,6
"H",4,2,2,11,0,0,5,5
"H",4,2,2,12,0,0,5,5
"H",4,2,2,13,0,0,1,1
"H",4,2,2,14,0,0,2,2
"H",4,2,2,15,0,0,1,1
"H",4,2,2,2,0,0,786,638
"H",4,2,2,2,0,1,1,1
"H",4,2,2,2,0,2,1,1
"H",4,2,2,3,0,0,509,442
"H",4,2,2,3,0,1,1,1
"H",4,2,2,4,0,0,362,341
"H",4,2,2,4,1,0,3,3
"H",4,2,2,4,1,1,1,1
"H",4,2,2,4,2,0,2,2
"H",4,2,2,4,2,1,1,1
"H",4,2,2,4,2,2,1,1
"H",4,2,2,5,0,0,208,202
"H",4,2,2,6,0,0,130,127
"H",4,2,2,7,0,0,78,78
"H",4,2,2,7,0,1,1,1
"H",4,2,2,7,1,0,1,1
"H",4,2,2,7,1,1,1,1
"H",4,2,2,7,2,1,1,1
"H",4,2,2,7,2,2,1,1
"H",4,2,2,8,0,0,41,41
"H",4,2,2,9,0,0,32,32
"H",4,2,3,-1,0,0,567,237
"H",4,2,3,-1,0,1,2,1
"H",4,2,3,-1,1,0,2,2
"H",4,2,3,-1,1,1,2,2
"H",4,2,3,-1,2,0,1,1
"H",4,2,3,-1,2,1,2,2
"H",4,2,3,-1,3,0,1,1
"H",4,2,3,-1,3,1,1,1
"H",4,2,3,-1,3,2,1,1
"H",4,2,3,-10,0,0,6,0
"H",4,2,3,-12,0,0,1,0
"H",4,2,3,-15,0,0,1,0
"H",4,2,3,-2,0,0,337,102
"H",4,2,3,-2,0,1,1,0
"H",4,2,3,-2,1,0,1,0
"H",4,2,3,-2,1,1,2,0
"H",4,2,3,-2,1,2,1,0
"H",4,2,3,-2,2,1,1,0
"H",4,2,3,-2,2,2,1,0
"H",4,2,3,-3,0,0,188,42
"H",4,2,3,-3,1,0,1,1
"H",4,2,3,-3,1,1,1,1
"H",4,2,3,-3,1,2,1,1
"H",4,2,3,-3,2,2,1,1
"H",4,2,3,-4,0,0,133,9
"H",4,2,3,-5,0,0,75,6
"H",4,2,3,-5,1,0,2,0
"H",4,2,3,-5,2,0,2,0
"H",4,2,3,-5,3,0,1,0
"H",4,2,3,-6,0,0,36,1
"H",4,2,3,-7,0,0,22,0
"H",4,2,3,-8,0,0,8,0
"H",4,2,3,-9,0,0,3,0
"H",4,2,3,0,0,0,834,468
"H",4,2,3,0,0,1,5,2
"H",4,2,3,0,0,2,2,1
"H",4,2,3,0,1,0,3,1
"H",4,2,3,0,1,1,5,1
"H",4,2,3,0,1,2,2,1
"H",4,2,3,0,2,1,3,0
"H",4,2,3,0,2,2,2,1
"H",4,2,3,0,3,1,2,0
"H",4,2,3,0,3,2,2,0
"H",4,2,3,1,0,0,733,507
"H",4,2,3,1,0,1,4,3
"H",4,2,3,1,0,2,2,1
"H",4,2,3,1,1,0,3,2
"H",4,2,3,1,1,1,3,2
"H",4,2,3,1,1,2,2,2
"H",4,2,3,1,2,0,1,1
"H",4,2,3,1,2,1,2,1
"H",4,2,3,1,2,2,1,1
"H",4,2,3,1,3,0,1,1
"H",4,2,3,1,3,1,3,2
"H",4,2,3,1,3,2,4,3
"H",4,2,3,10,0,0,16,16
"H",4,2,3,11,0,0,4,4
"H",4,2,3,12,0,0,1,1
"H",4,2,3,13,0,0,1,1
"H",4,2,3,14,0,0,1,1
"H",4,2,3,18,0,0,1,1
"H",4,2,3,2,0,0,563,448
"H",4,2,3,2,0,1,2,0
"H",4,2,3,2,0,2,2,0
"H",4,2,3,2,1,0,1,1
"H",4,2,3,2,2,0,1,1
"H",4,2,3,2,2,1,1,1
"H",4,2,3,3,0,0,356,324
"H",4,2,3,3,1,0,1,1
"H",4,2,3,3,1,1,1,1
"H",4,2,3,3,2,1,1,1
"H",4,2,3,3,3,1,1,1
"H",4,2,3,4,0,0,231,221
"H",4,2,3,4,0,1,1,1
"H",4,2,3,4,1,0,1,1
"H",4,2,3,4,1,1,2,2
"H",4,2,3,4,1,2,1,1
"H",4,2,3,4,2,1,1,1
"H",4,2,3,4,2,2,1,1
"H",4,2,3,4,3,1,1,1
"H",4,2,3,5,0,0,162,155
"H",4,2,3,5,1,0,1,1
"H",4,2,3,5,1,1,1,1
"H",4,2,3,6,0,0,118,115
"H",4,2,3,7,0,0,48,48
"H",4,2,3,8,0,0,34,34
"H",4,2,3,9,0,0,20,20
"H",4,2,4,-1,0,0,326,129
"H",4,2,4,-1,0,1,2,0
"H",4,2,4,-1,1,1,2,0
"H",4,2,4,-1,1,2,1,0
"H",4,2,4,-1,2,1,1,0
"H",4,2,4,-1,3,1,1,0
"H",4,2,4,-10,0,0,4,0
"H",4,2,4,-11,0,0,3,0
"H",4,2,4,-12,0,0,1,0
"H",4,2,4,-2,0,0,231,68
"H",4,2,4,-2,1,0,2,0
"H",4,2,4,-2,1,1,2,0
"H",4,2,4,-2,1,2,1,0
"H",4,2,4,-2,2,1,1,0
"H",4,2,4,-2,2,2,2,0
"H",4,2,4,-3,0,0,165,28
"H",4,2,4,-3,0,1,1,1
"H",4,2,4,-3,1,0,1,0
"H",4,2,4,-4,0,0,114,14
"H",4,2,4,-5,0,0,68,8
"H",4,2,4,-6,0,0,38,4
"H",4,2,4,-7,0,0,17,1
"H",4,2,4,-8,0,0,11,0
"H",4,2,4,-9,0,0,4,0
"H",4,2,4,0,0,0,472,291
"H",4,2,4,0,0,1,3,0
"H",4,2,4,0,0,2,1,0
"H",4,2,4,0,1,0,1,1
"H",4,2,4,0,1,1,2,0
"H",4,2,4,0,1,2,1,0
"H",4,2,4,0,2,0,1,1
"H",4,2,4,0,2,1,1,0
"H",4,2,4,0,2,2,1,0
"H",4,2,4,0,3,0,1,1
"H",4,2,4,0,3,1,1,1
"H",4,2,4,0,3,2,2,1
"H",4,2,4,1,0,0,411,297
"H",4,2,4,1,1,0,1,1
"H",4,2,4,1,1,1,1,1
"H",4,2,4,1,2,1,1,1
"H",4,2,4,1,2,2,1,1
"H",4,2,4,1,3,2,1,1
"H",4,2,4,10,0,0,7,7
"H",4,2,4,11,0,0,6,6
"H",4,2,4,12,0,0,2,2
"H",4,2,4,13,0,0,1,1
"H",4,2,4,15,0,0,1,1
"H",4,2,4,2,0,0,313,258
"H",4,2,4,2,0,1,1,1
"H",4,2,4,2,1,1,1,1
"H",4,2,4,3,0,0,212,187
"H",4,2,4,4,0,0,134,127
"H",4,2,4,4,0,1,1,1
"H",4,2,4,4,1,0,1,1
"H",4,2,4,4,1,1,1,1
"H",4,2,4,5,0,0,104,99
"H",4,2,4,6,0,0,56,53
"H",4,2,4,7,0,0,41,40
"H",4,2,4,8,0,0,17,17
"H",4,2,4,9,0,0,16,16
"H",4,2,5,-1,0,0,280,117
"H",4,2,5,-1,1,0,1,0
"H",4,2,5,-1,2,0,1,0
"H",4,2,5,-1,3,0,1,0
"H",4,2,5,-1,3,1,1,0
"H",4,2,5,-1,3,2,1,0
"H",4,2,5,-11,0,0,1,0
"H",4,2,5,-2,0,0,160,43
"H",4,2,5,-3,0,0,83,11
"H",4,2,5,-4,0,0,60,6
"H",4,2,5,-5,0,0,38,3
"H",4,2,5,-6,0,0,13,0
"H",4,2,5,-7,0,0,10,1
"H",4,2,5,-8,0,0,6,0
"H",4,2,5,-9,0,0,1,0
"H",4,2,5,0,0,0,382,210
"H",4,2,5,0,1,0,3,3
"H",4,2,5,0,1,1,2,2
"H",4,2,5,0,1,2,1,1
"H",4,2,5,0,2,1,1,1
"H",4,2,5,0,2,2,1,1
"H",4,2,5,0,3,1,1,1
"H",4,2,5,0,3,2,1,1
"H",4,2,5,1,0,0,350,265
"H",4,2,5,1,0,1,2,2
"H",4,2,5,1,0,2,1,1
"H",4,2,5,1,1,0,1,1
"H",4,2,5,1,1,1,1,1
"H",4,2,5,1,1,2,1,1
"H",4,2,5,1,2,0,1,1
"H",4,2,5,1,2,1,1,1
"H",4,2,5,1,2,2,1,1
"H",4,2,5,1,3,0,1,1
"H",4,2,5,1,3,1,1,1
"H",4,2,5,1,3,2,1,1
"H",4,2,5,10,0,0,4,4
"H",4,2,5,11,0,0,4,4
"H",4,2,5,12,0,0,4,4
"H",4,2,5,13,0,0,1,1
"H",4,2,5,2,0,0,242,198
"H",4,2,5,2,0,1,2,2
"H",4,2,5,2,1,1,1,1
"H",4,2,5,2,1,2,1,1
"H",4,2,5,2,2,2,1,1
"H",4,2,5,2,3,2,1,1
"H",4,2,5,3,0,0,173,148
"H",4,2,5,3,0,1,2,2
"H",4,2,5,3,0,2,1,1
"H",4,2,5,3,1,0,2,2
"H",4,2,5,3,1,1,1,1
"H",4,2,5,3,2,0,1,1
"H",4,2,5,3,2,1,1,1
"H",4,2,5,3,3,1,1,1
"H",4,2,5,3,3,2,1,1
"H",4,2,5,4,0,0,123,115
"H",4,2,5,4,0,1,1,1
"H",4,2,5,4,1,1,1,1
"H",4,2,5,4,1,2,1,1
"H",4,2,5,4,2,2,1,1
"H",4,2,5,5,0,0,85,84
"H",4,2,5,6,0,0,59,56
"H",4,2,5,7,0,0,38,38
"H",4,2,5,8,0,0,21,20
"H",4,2,5,9,0,0,6,6
"H",4,2,6,-1,0,0,200,94
"H",4,2,6,-10,0,0,1,0
"H",4,2,6,-2,0,0,144,48
"H",4,2,6,-2,0,1,1,0
"H",4,2,6,-2,0,2,1,0
"H",4,2,6,-3,0,0,80,14
"H",4,2,6,-4,0,0,54,6
"H",4,2,6,-5,0,0,31,5
"H",4,2,6,-6,0,0,16,2
"H",4,2,6,-7,0,0,9,1
"H",4,2,6,-8,0,0,6,0
"H",4,2,6,-9,0,0,4,0
"H",4,2,6,0,0,0,293,176
"H",4,2,6,0,0,1,3,3
"H",4,2,6,0,0,2,2,2
"H",4,2,6,0,1,1,1,1
"H",4,2,6,0,1,2,1,1
"H",4,2,6,1,0,0,287,212
"H",4,2,6,1,1,0,2,2
"H",4,2,6,1,1,1,2,2
"H",4,2,6,1,1,2,1,1
"H",4,2,6,10,0,0,5,5
"H",4,2,6,11,0,0,3,3
"H",4,2,6,12,0,0,1,1
"H",4,2,6,18,0,0,1,1
"H",4,2,6,2,0,0,205,160
"H",4,2,6,3,0,0,136,126
"H",4,2,6,4,0,0,81,77
"H",4,2,6,5,0,0,56,55
"H",4,2,6,6,0,0,50,49
"H",4,2,6,7,0,0,28,28
"H",4,2,6,8,0,0,13,13
"H",4,2,6,9,0,0,11,11
"H",4,2,7,-1,0,0,150,63
"H",4,2,7,-10,0,0,3,0
"H",4,2,7,-2,0,0,117,41
"H",4,2,7,-3,0,0,58,7
"H",4,2,7,-4,0,0,35,4
"H",4,2,7,-5,0,0,16,2
"H",4,2,7,-6,0,0,14,0
"H",4,2,7,-7,0,0,7,0
"H",4,2,7,-8,0,0,1,0
"H",4,2,7,-9,0,0,2,0
"H",4,2,7,0,0,0,249,148
"H",4,2,7,0,0,1,2,1
"H",4,2,7,0,0,2,1,1
"H",4,2,7,0,1,2,1,1
"H",4,2,7,0,2,2,1,1
"H",4,2,7,1,0,0,186,140
"H",4,2,7,1,1,0,2,2
"H",4,2,7,1,2,0,1,1
"H",4,2,7,1,3,0,1,1
"H",4,2,7,10,0,0,2,2
"H",4,2,7,12,0,0,2,2
"H",4,2,7,13,0,0,1,1
"H",4,2,7,19,0,0,1,1
"H",4,2,7,2,0,0,131,109
"H",4,2,7,2,1,0,1,1
"H",4,2,7,3,0,0,95,87
"H",4,2,7,4,0,0,67,65
"H",4,2,7,5,0,0,46,44
"H",4,2,7,6,0,0,25,24
"H",4,2,7,7,0,0,21,20
"H",4,2,7,8,0,0,8,8
"H",4,2,7,9,0,0,5,5
"H",4,2,8,-1,0,0,128,56
"H",4,2,8,-1,1,0,1,0
"H",4,2,8,-1,2,0,1,0
"H",4,2,8,-10,0,0,1,0
"H",4,2,8,-2,0,0,84,25
"H",4,2,8,-3,0,0,52,14
"H",4,2,8,-4,0,0,46,5
"H",4,2,8,-5,0,0,24,3
"H",4,2,8,-6,0,0,11,1
"H",4,2,8,-7,0,0,6,0
"H",4,2,8,-8,0,0,4,0
"H",4,2,8,-9,0,0,1,0
"H",4,2,8,0,0,0,167,108
"H",4,2,8,0,0,1,2,1
"H",4,2,8,0,1,1,1,0
"H",4,2,8,0,1,2,1,0
"H",4,2,8,1,0,0,153,116
"H",4,2,8,10,0,0,3,3
"H",4,2,8,11,0,0,3,3
"H",4,2,8,2,0,0,107,89
"H",4,2,8,3,0,0,80,74
"H",4,2,8,4,0,0,57,54
"H",4,2,8,4,1,0,1,1
"H",4,2,8,4,2,0,1,1
"H",4,2,8,4,2,1,1,1
"H",4,2,8,4,2,2,1,1
"H",4,2,8,5,0,0,46,43
"H",4,2,8,6,0,0,21,19
"H",4,2,8,7,0,0,9,9
"H",4,2,8,8,0,0,11,11
"H",4,2,8,9,0,0,5,5
"H",5,0,1,-1,0,0,3229,1308
"H",5,0,1,-1,0,1,3,1
"H",5,0,1,-1,0,2,1,1
"H",5,0,1,-1,1,0,7,2
"H",5,0,1,-1,1,1,3,1
"H",5,0,1,-1,1,2,2,2
"H",5,0,1,-1,2,0,3,1
"H",5,0,1,-1,2,1,2,1
"H",5,0,1,-1,2,2,3,2
"H",5,0,1,-1,3,0,1,0
"H",5,0,1,-10,0,0,42,1
"H",5,0,1,-11,0,0,33,0
"H",5,0,1,-12,0,0,11,0
"H",5,0,1,-13,0,0,9,0
"H",5,0,1,-14,0,0,4,0
"H",5,0,1,-15,0,0,3,0
"H",5,0,1,-16,0,0,2,0
"H",5,0,1,-17,0,0,1,0
"H",5,0,1,-19,0,0,1,0
"H",5,0,1,-2,0,0,2330,665
"H",5,0,1,-2,0,1,6,2
"H",5,0,1,-2,0,2,2,0
"H",5,0,1,-2,1,0,9,2
"H",5,0,1,-2,1,1,7,1
"H",5,0,1,-2,1,2,6,0
"H",5,0,1,-2,2,0,5,2
"H",5,0,1,-2,2,1,2,1
"H",5,0,1,-2,2,2,2,1
"H",5,0,1,-2,3,0,3,1
"H",5,0,1,-2,3,1,2,0
"H",5,0,1,-3,0,0,1649,292
"H",5,0,1,-3,0,1,8,1
"H",5,0,1,-3,0,2,3,0
"H",5,0,1,-3,1,0,6,1
"H",5,0,1,-3,1,1,6,1
"H",5,0,1,-3,1,2,5,1
"H",5,0,1,-3,2,0,1,0
"H",5,0,1,-3,2,1,2,0
"H",5,0,1,-3,2,2,4,0
"H",5,0,1,-3,3,2,2,0
"H",5,0,1,-4,0,0,1143,144
"H",5,0,1,-4,0,1,1,0
"H",5,0,1,-4,0,2,1,0
"H",5,0,1,-4,1,0,1,0
"H",5,0,1,-4,1,1,1,0
"H",5,0,1,-4,1,2,2,0
"H",5,0,1,-4,2,2,1,0
"H",5,0,1,-4,3,2,1,0
"H",5,0,1,-5,0,0,837,65
"H",5,0,1,-5,0,1,1,0
"H",5,0,1,-5,0,2,1,0
"H",5,0,1,-5,1,0,1,0
"H",5,0,1,-5,2,0,1,0
"H",5,0,1,-5,3,0,1,0
"H",5,0,1,-5,3,1,1,0
"H",5,0,1,-5,3,2,1,0
"H",5,0,1,-6,0,0,464,21
"H",5,0,1,-6,0,1,2,0
"H",5,0,1,-6,1,0,3,0
"H",5,0,1,-6,1,1,2,0
"H",5,0,1,-6,2,0,2,0
"H",5,0,1,-6,3,0,2,0
"H",5,0,1,-7,0,0,266,11
"H",5,0,1,-8,0,0,155,1
"H",5,0,1,-9,0,0,81,1
"H",5,0,1,0,0,0,4021,2410
"H",5,0,1,0,0,1,13,10
"H",5,0,1,0,0,2,3,3
"H",5,0,1,0,1,0,16,10
"H",5,0,1,0,1,1,14,9
"H",5,0,1,0,1,2,8,6
"H",5,0,1,0,2,0,6,4
"H",5,0,1,0,2,1,4,3
"H",5,0,1,0,2,2,6,4
"H",5,0,1,0,3,0,2,1
"H",5,0,1,0,3,1,1,1
"H",5,0,1,0,3,2,3,2
"H",5,0,1,1,0,0,3094,2348
"H",5,0,1,1,0,1,10,7
"H",5,0,1,1,0,2,5,5
"H",5,0,1,1,1,0,8,5
"H",5,0,1,1,1,1,7,3
"H",5,0,1,1,1,2,5,4
"H",5,0,1,1,2,0,2,2
"H",5,0,1,1,2,1,2,1
"H",5,0,1,1,2,2,3,3
"H",5,0,1,1,3,0,1,1
"H",5,0,1,1,3,1,1,0
"H",5,0,1,10,0,0,34,34
"H",5,0,1,11,0,0,19,19
"H",5,0,1,12,0,0,11,11
"H",5,0,1,13,0,0,5,5
"H",5,0,1,14,0,0,2,2
"H",5,0,1,15,0,0,1,1
"H",5,0,1,16,0,0,1,1
"H",5,0,1,2,0,0,2225,1897
"H",5,0,1,2,0,1,12,10
"H",5,0,1,2,0,2,3,2
"H",5,0,1,2,1,0,7,6
"H",5,0,1,2,1,1,8,7
"H",5,0,1,2,1,2,6,6
"H",5,0,1,2,2,0,2,2
"H",5,0,1,2,2,1,3,3
"H",5,0,1,2,2,2,5,5
"H",5,0,1,2,3,0,1,1
"H",5,0,1,2,3,1,2,2
"H",5,0,1,2,3,2,4,4
"H",5,0,1,3,0,0,1485,1351
"H",5,0,1,3,0,1,4,4
"H",5,0,1,3,0,2,1,1
"H",5,0,1,3,1,0,6,5
"H",5,0,1,3,1,1,5,5
"H",5,0,1,3,1,2,3,3
"H",5,0,1,3,2,0,2,1
"H",5,0,1,3,2,2,3,3
"H",5,0,1,3,3,0,2,1
"H",5,0,1,3,3,1,2,1
"H",5,0,1,3,3,2,3,2
"H",5,0,1,4,0,0,969,928
"H",5,0,1,4,0,1,2,2
"H",5,0,1,4,0,2,1,1
"H",5,0,1,4,1,0,5,4
"H",5,0,1,4,1,1,4,4
"H",5,0,1,4,1,2,1,1
"H",5,0,1,4,2,0,1,1
"H",5,0,1,4,2,1,5,5
"H",5,0,1,4,2,2,2,2
"H",5,0,1,4,3,1,2,2
"H",5,0,1,4,3,2,2,2
"H",5,0,1,5,0,0,524,508
"H",5,0,1,5,0,1,4,4
"H",5,0,1,5,0,2,1,1
"H",5,0,1,5,1,0,3,3
"H",5,0,1,5,1,1,2,2
"H",5,0,1,5,2,0,1,1
"H",5,0,1,5,2,1,3,3
"H",5,0,1,5,2,2,2,2
"H",5,0,1,5,3,2,2,2
"H",5,0,1,6,0,0,349,340
"H",5,0,1,7,0,0,205,204
"H",5,0,1,7,1,0,1,1
"H",5,0,1,7,1,1,1,1
"H",5,0,1,7,1,2,1,1
"H",5,0,1,8,0,0,125,124
"H",5,0,1,9,0,0,66,66
"H",5,0,2,-1,0,0,878,382
"H",5,0,2,-1,0,1,2,2
"H",5,0,2,-1,0,2,1,1
"H",5,0,2,-10,0,0,14,0
"H",5,0,2,-11,0,0,9,0
"H",5,0,2,-13,0,0,1,0
"H",5,0,2,-14,0,0,1,0
"H",5,0,2,-16,0,0,1,0
"H",5,0,2,-17,0,0,1,0
"H",5,0,2,-19,0,0,1,0
"H",5,0,2,-2,0,0,640,222
"H",5,0,2,-2,0,1,4,1
"H",5,0,2,-2,0,2,2,0
"H",5,0,2,-2,1,0,1,0
"H",5,0,2,-2,1,1,2,0
"H",5,0,2,-2,1,2,1,0
"H",5,0,2,-2,2,1,1,0
"H",5,0,2,-2,2,2,1,0
"H",5,0,2,-3,0,0,454,93
"H",5,0,2,-4,0,0,316,47
"H",5,0,2,-4,0,1,1,0
"H",5,0,2,-4,1,0,1,0
"H",5,0,2,-4,2,0,1,0
"H",5,0,2,-4,3,0,1,0
"H",5,0,2,-5,0,0,242,25
"H",5,0,2,-5,1,0,2,0
"H",5,0,2,-5,1,1,2,0
"H",5,0,2,-5,1,2,1,0
"H",5,0,2,-5,2,2,1,0
"H",5,0,2,-6,0,0,132,6
"H",5,0,2,-6,1,0,1,0
"H",5,0,2,-6,2,0,1,0
"H",5,0,2,-6,3,0,1,0
"H",5,0,2,-7,0,0,78,6
"H",5,0,2,-8,0,0,42,1
"H",5,0,2,-9,0,0,23,0
"H",5,0,2,0,0,0,1079,698
"H",5,0,2,0,0,1,2,1
"H",5,0,2,0,1,0,3,3
"H",5,0,2,0,1,1,2,2
"H",5,0,2,0,1,2,1,1
"H",5,0,2,1,0,0,879,693
"H",5,0,2,1,0,1,3,3
"H",5,0,2,1,0,2,2,2
"H",5,0,2,1,1,0,3,2
"H",5,0,2,1,1,1,1,0
"H",5,0,2,1,1,2,1,1
"H",5,0,2,1,2,0,1,1
"H",5,0,2,1,2,1,1,0
"H",5,0,2,10,0,0,7,7
"H",5,0,2,11,0,0,4,4
"H",5,0,2,12,0,0,6,6
"H",5,0,2,13,0,0,3,3
"H",5,0,2,16,0,0,1,1
"H",5,0,2,2,0,0,689,596
"H",5,0,2,2,0,1,1,0
"H",5,0,2,2,0,2,1,0
"H",5,0,2,3,0,0,451,414
"H",5,0,2,3,0,1,1,1
"H",5,0,2,3,0,2,1,1
"H",5,0,2,3,1,0,2,2
"H",5,0,2,3,1,2,1,1
"H",5,0,2,3,2,0,2,2
"H",5,0,2,3,2,2,1,1
"H",5,0,2,4,0,0,303,293
"H",5,0,2,5,0,0,153,150
"H",5,0,2,6,0,0,107,106
"H",5,0,2,7,0,0,55,55
"H",5,0,2,8,0,0,47,47
"H",5,0,2,8,0,1,1,1
"H",5,0,2,8,1,1,1,1
"H",5,0,2,8,2,1,1,1
"H",5,0,2,8,2,2,1,1
"H",5,0,2,9,0,0,28,28
"H",5,0,3,-1,0,0,183,97
"H",5,0,3,-1,0,1,1,0
"H",5,0,3,-1,0,2,1,0
"H",5,0,3,-10,0,0,1,0
"H",5,0,3,-11,0,0,5,0
"H",5,0,3,-13,0,0,1,0
"H",5,0,3,-15,0,0,1,0
"H",5,0,3,-2,0,0,145,58
"H",5,0,3,-2,0,1,1,0
"H",5,0,3,-2,0,2,1,0
"H",5,0,3,-2,1,0,1,1
"H",5,0,3,-2,1,1,1,1
"H",5,0,3,-2,1,2,1,1
"H",5,0,3,-3,0,0,105,32
"H",5,0,3,-3,0,1,1,1
"H",5,0,3,-4,0,0,65,11
"H",5,0,3,-5,0,0,32,3
"H",5,0,3,-6,0,0,21,1
"H",5,0,3,-6,1,0,2,0
"H",5,0,3,-6,2,0,2,0
"H",5,0,3,-6,2,1,1,0
"H",5,0,3,-6,3,0,1,0
"H",5,0,3,-6,3,1,1,0
"H",5,0,3,-6,3,2,1,0
"H",5,0,3,-7,0,0,23,2
"H",5,0,3,-8,0,0,11,0
"H",5,0,3,-9,0,0,6,1
"H",5,0,3,0,0,0,259,172
"H",5,0,3,0,0,1,2,0
"H",5,0,3,0,0,2,1,0
"H",5,0,3,1,0,0,197,157
"H",5,0,3,10,0,0,1,1
"H",5,0,3,11,0,0,3,3
"H",5,0,3,12,0,0,3,3
"H",5,0,3,2,0,0,148,135
"H",5,0,3,3,0,0,135,126
"H",5,0,3,4,0,0,84,81
"H",5,0,3,5,0,0,51,51
"H",5,0,3,5,1,0,1,1
"H",5,0,3,6,0,0,34,32
"H",5,0,3,7,0,0,23,23
"H",5,0,3,7,0,1,1,1
"H",5,0,3,7,0,2,1,1
"H",5,0,3,7,1,2,1,1
"H",5,0,3,8,0,0,11,11
"H",5,0,3,9,0,0,5,5
"H",5,0,4,-1,0,0,146,76
"H",5,0,4,-10,0,0,6,0
"H",5,0,4,-11,0,0,5,0
"H",5,0,4,-14,0,0,1,0
"H",5,0,4,-17,0,0,1,0
"H",5,0,4,-2,0,0,150,66
"H",5,0,4,-2,0,1,1,1
"H",5,0,4,-2,1,0,1,0
"H",5,0,4,-2,1,1,2,1
"H",5,0,4,-2,2,1,1,0
"H",5,0,4,-2,3,1,1,0
"H",5,0,4,-3,0,0,104,27
"H",5,0,4,-4,0,0,69,15
"H",5,0,4,-4,1,0,2,0
"H",5,0,4,-4,1,1,1,0
"H",5,0,4,-4,1,2,1,0
"H",5,0,4,-4,2,0,1,0
"H",5,0,4,-4,2,1,1,0
"H",5,0,4,-5,0,0,59,10
"H",5,0,4,-6,0,0,46,5
"H",5,0,4,-6,1,0,1,0
"H",5,0,4,-6,1,1,1,0
"H",5,0,4,-6,1,2,1,0
"H",5,0,4,-7,0,0,23,4
"H",5,0,4,-8,0,0,13,0
"H",5,0,4,-9,0,0,10,0
"H",5,0,4,0,0,0,213,147
"H",5,0,4,1,0,0,148,119
"H",5,0,4,10,0,0,4,4
"H",5,0,4,11,0,0,2,2
"H",5,0,4,12,0,0,1,1
"H",5,0,4,13,0,0,1,1
"H",5,0,4,16,0,0,1,1
"H",5,0,4,2,0,0,131,116
"H",5,0,4,3,0,0,95,87
"H",5,0,4,4,0,0,52,51
"H",5,0,4,5,0,0,49,47
"H",5,0,4,5,1,0,1,1
"H",5,0,4,5,2,0,1,1
"H",5,0,4,6,0,0,33,32
"H",5,0,4,7,0,0,20,20
"H",5,0,4,8,0,0,16,16
"H",5,0,4,9,0,0,6,6
"H",5,0,5,-1,0,0,60,30
"H",5,0,5,-10,0,0,2,0
"H",5,0,5,-11,0,0,1,0
"H",5,0,5,-2,0,0,49,23
"H",5,0,5,-2,1,0,1,1
"H",5,0,5,-2,2,0,1,1
"H",5,0,5,-2,2,1,1,1
"H",5,0,5,-3,0,0,29,8
"H",5,0,5,-4,0,0,19,7
"H",5,0,5,-5,0,0,17,1
"H",5,0,5,-5,1,0,1,0
"H",5,0,5,-5,1,1,1,0
"H",5,0,5,-6,0,0,6,1
"H",5,0,5,-7,0,0,1,0
"H",5,0,5,-8,0,0,3,1
"H",5,0,5,0,0,0,79,61
"H",5,0,5,1,0,0,82,72
"H",5,0,5,1,0,1,1,1
"H",5,0,5,1,1,1,1,1
"H",5,0,5,1,2,1,1,1
"H",5,0,5,10,0,0,1,1
"H",5,0,5,11,0,0,1,1
"H",5,0,5,12,0,0,1,1
"H",5,0,5,2,0,0,56,50
"H",5,0,5,2,1,0,1,1
"H",5,0,5,2,2,0,1,1
"H",5,0,5,2,3,0,1,1
"H",5,0,5,3,0,0,40,37
"H",5,0,5,4,0,0,46,43
"H",5,0,5,5,0,0,23,23
"H",5,0,5,6,0,0,23,23
"H",5,0,5,7,0,0,6,6
"H",5,0,5,8,0,0,2,2
"H",5,0,5,9,0,0,6,6
"H",5,0,6,-1,0,0,69,42
"H",5,0,6,-10,0,0,2,0
"H",5,0,6,-2,0,0,68,41
"H",5,0,6,-3,0,0,30,10
"H",5,0,6,-4,0,0,21,7
"H",5,0,6,-5,0,0,18,3
"H",5,0,6,-6,0,0,6,0
"H",5,0,6,-7,0,0,4,1
"H",5,0,6,-8,0,0,2,0
"H",5,0,6,0,0,0,103,79
"H",5,0,6,1,0,0,92,80
"H",5,0,6,10,0,0,2,2
"H",5,0,6,13,0,0,1,1
"H",5,0,6,2,0,0,71,65
"H",5,0,6,3,0,0,51,51
"H",5,0,6,3,1,0,1,1
"H",5,0,6,3,1,1,1,1
"H",5,0,6,3,2,1,1,1
"H",5,0,6,3,3,1,1,1
"H",5,0,6,3,3,2,1,1
"H",5,0,6,4,0,0,40,40
"H",5,0,6,5,0,0,26,26
"H",5,0,6,6,0,0,21,20
"H",5,0,6,7,0,0,12,12
"H",5,0,6,7,1,0,1,1
"H",5,0,6,8,0,0,3,3
"H",5,0,6,9,0,0,5,5
"H",5,0,7,-1,0,0,43,22
"H",5,0,7,-1,1,0,1,1
"H",5,0,7,-1,2,0,1,1
"H",5,0,7,-1,3,0,1,1
"H",5,0,7,-2,0,0,29,15
"H",5,0,7,-3,0,0,19,5
"H",5,0,7,-4,0,0,14,4
"H",5,0,7,-5,0,0,12,1
"H",5,0,7,-6,0,0,8,2
"H",5,0,7,-7,0,0,2,0
"H",5,0,7,-8,0,0,2,1
"H",5,0,7,-9,0,0,1,0
"H",5,0,7,0,0,0,39,31
"H",5,0,7,1,0,0,45,39
"H",5,0,7,10,0,0,1,1
"H",5,0,7,14,0,0,1,1
"H",5,0,7,2,0,0,40,38
"H",5,0,7,3,0,0,29,28
"H",5,0,7,4,0,0,22,22
"H",5,0,7,5,0,0,15,15
"H",5,0,7,6,0,0,10,10
"H",5,0,7,7,0,0,9,9
"H",5,0,7,8,0,0,2,2
"H",5,0,7,9,0,0,2,2
"H",5,0,8,-1,0,0,35,26
"H",5,0,8,-10,0,0,1,0
"H",5,0,8,-11,0,0,2,0
"H",5,0,8,-17,0,0,1,0
"H",5,0,8,-2,0,0,36,23
"H",5,0,8,-3,0,0,24,7
"H",5,0,8,-4,0,0,15,2
"H",5,0,8,-5,0,0,12,3
"H",5,0,8,-6,0,0,10,3
"H",5,0,8,-7,0,0,5,2
"H",5,0,8,-8,0,0,5,0
"H",5,0,8,-9,0,0,1,0
"H",5,0,8,0,0,0,55,44
"H",5,0,8,1,0,0,51,46
"H",5,0,8,1,1,0,1,1
"H",5,0,8,1,2,0,1,1
"H",5,0,8,1,2,1,1,1
"H",5,0,8,10,0,0,1,1
"H",5,0,8,11,0,0,1,1
"H",5,0,8,12,0,0,1,1
"H",5,0,8,2,0,0,36,33
"H",5,0,8,3,0,0,32,31
"H",5,0,8,4,0,0,20,20
"H",5,0,8,5,0,0,15,15
"H",5,0,8,6,0,0,12,12
"H",5,0,8,7,0,0,6,6
"H",5,0,8,9,0,0,1,1
"H",5,1,1,-1,0,0,2237,844
"H",5,1,1,-1,0,1,1,0
"H",5,1,1,-1,0,2,1,0
"H",5,1,1,-1,1,0,5,0
"H",5,1,1,-1,1,1,2,0
"H",5,1,1,-1,1,2,2,0
"H",5,1,1,-1,2,0,3,0
"H",5,1,1,-1,2,1,1,0
"H",5,1,1,-1,2,2,2,0
"H",5,1,1,-1,3,0,3,0
"H",5,1,1,-1,3,1,3,0
"H",5,1,1,-1,3,2,2,0
"H",5,1,1,-10,0,0,27,1
"H",5,1,1,-11,0,0,18,0
"H",5,1,1,-12,0,0,11,0
"H",5,1,1,-13,0,0,7,0
"H",5,1,1,-14,0,0,3,0
"H",5,1,1,-15,0,0,2,0
"H",5,1,1,-16,0,0,1,0
"H",5,1,1,-2,0,0,1580,391
"H",5,1,1,-2,0,1,6,1
"H",5,1,1,-2,0,2,3,0
"H",5,1,1,-2,1,0,3,0
"H",5,1,1,-2,1,1,4,1
"H",5,1,1,-2,1,2,3,1
"H",5,1,1,-2,2,1,2,0
"H",5,1,1,-2,2,2,3,1
"H",5,1,1,-2,3,1,1,0
"H",5,1,1,-2,3,2,1,0
"H",5,1,1,-3,0,0,1112,172
"H",5,1,1,-3,0,1,3,0
"H",5,1,1,-3,0,2,1,0
"H",5,1,1,-3,1,0,6,2
"H",5,1,1,-3,1,1,5,2
"H",5,1,1,-3,1,2,4,1
"H",5,1,1,-3,2,0,1,0
"H",5,1,1,-3,2,1,2,1
"H",5,1,1,-3,2,2,3,1
"H",5,1,1,-3,3,0,1,0
"H",5,1,1,-3,3,1,2,0
"H",5,1,1,-3,3,2,2,1
"H",5,1,1,-4,0,0,774,82
"H",5,1,1,-4,0,1,2,0
"H",5,1,1,-4,1,0,1,0
"H",5,1,1,-4,1,1,1,0
"H",5,1,1,-4,1,2,1,0
"H",5,1,1,-4,2,0,1,0
"H",5,1,1,-4,2,2,1,0
"H",5,1,1,-4,3,0,1,0
"H",5,1,1,-4,3,1,1,0
"H",5,1,1,-4,3,2,2,0
"H",5,1,1,-5,0,0,561,37
"H",5,1,1,-5,1,0,1,0
"H",5,1,1,-5,2,0,1,0
"H",5,1,1,-6,0,0,315,14
"H",5,1,1,-7,0,0,172,3
"H",5,1,1,-8,0,0,103,0
"H",5,1,1,-9,0,0,52,0
"H",5,1,1,0,0,0,2753,1573
"H",5,1,1,0,0,1,9,6
"H",5,1,1,0,0,2,3,1
"H",5,1,1,0,1,0,11,7
"H",5,1,1,0,1,1,11,7
"H",5,1,1,0,1,2,7,3
"H",5,1,1,0,2,0,1,1
"H",5,1,1,0,2,1,1,1
"H",5,1,1,0,2,2,2,1
"H",5,1,1,0,3,0,1,1
"H",5,1,1,0,3,1,1,1
"H",5,1,1,0,3,2,2,1
"H",5,1,1,1,0,0,2098,1555
"H",5,1,1,1,0,1,11,10
"H",5,1,1,1,0,2,4,4
"H",5,1,1,1,1,0,3,1
"H",5,1,1,1,1,1,7,6
"H",5,1,1,1,1,2,7,6
"H",5,1,1,1,2,0,2,0
"H",5,1,1,1,2,1,2,1
"H",5,1,1,1,2,2,5,3
"H",5,1,1,1,3,0,1,0
"H",5,1,1,1,3,1,1,0
"H",5,1,1,1,3,2,4,2
"H",5,1,1,10,0,0,29,29
"H",5,1,1,11,0,0,15,15
"H",5,1,1,12,0,0,5,5
"H",5,1,1,13,0,0,2,2
"H",5,1,1,14,0,0,3,3
"H",5,1,1,15,0,0,2,2
"H",5,1,1,17,0,0,1,1
"H",5,1,1,2,0,0,1516,1272
"H",5,1,1,2,0,1,5,3
"H",5,1,1,2,0,2,2,1
"H",5,1,1,2,1,0,9,9
"H",5,1,1,2,1,1,3,3
"H",5,1,1,2,1,2,2,2
"H",5,1,1,2,2,0,5,5
"H",5,1,1,2,2,1,3,3
"H",5,1,1,2,2,2,1,1
"H",5,1,1,2,3,1,2,2
"H",5,1,1,2,3,2,1,1
"H",5,1,1,3,0,0,1005,907
"H",5,1,1,3,0,1,4,3
"H",5,1,1,3,0,2,1,1
"H",5,1,1,3,1,0,4,4
"H",5,1,1,3,1,1,5,4
"H",5,1,1,3,1,2,2,1
"H",5,1,1,3,2,0,2,2
"H",5,1,1,3,2,1,3,3
"H",5,1,1,3,2,2,1,1
"H",5,1,1,3,3,0,1,1
"H",5,1,1,3,3,1,1,1
"H",5,1,1,3,3,2,1,1
"H",5,1,1,4,0,0,647,616
"H",5,1,1,4,0,1,2,2
"H",5,1,1,4,1,0,3,3
"H",5,1,1,4,1,1,3,3
"H",5,1,1,4,1,2,1,1
"H",5,1,1,4,2,0,2,2
"H",5,1,1,4,2,1,1,1
"H",5,1,1,4,2,2,1,1
"H",5,1,1,4,3,0,1,1
"H",5,1,1,5,0,0,388,373
"H",5,1,1,5,0,1,2,2
"H",5,1,1,5,1,0,1,1
"H",5,1,1,5,1,1,2,2
"H",5,1,1,6,0,0,250,244
"H",5,1,1,7,0,0,155,154
"H",5,1,1,8,0,0,87,86
"H",5,1,1,9,0,0,38,38
"H",5,1,2,-1,0,0,940,402
"H",5,1,2,-1,0,1,2,0
"H",5,1,2,-1,1,0,1,0
"H",5,1,2,-1,1,1,2,0
"H",5,1,2,-1,1,2,1,0
"H",5,1,2,-1,2,1,1,0
"H",5,1,2,-1,2,2,2,0
"H",5,1,2,-10,0,0,16,0
"H",5,1,2,-11,0,0,9,0
"H",5,1,2,-12,0,0,2,0
"H",5,1,2,-13,0,0,2,0
"H",5,1,2,-16,0,0,2,0
"H",5,1,2,-2,0,0,753,229
"H",5,1,2,-2,0,1,6,0
"H",5,1,2,-2,0,2,4,0
"H",5,1,2,-2,1,0,2,1
"H",5,1,2,-2,1,1,4,1
"H",5,1,2,-2,1,2,4,1
"H",5,1,2,-2,2,1,2,0
"H",5,1,2,-2,2,2,1,0
"H",5,1,2,-3,0,0,523,84
"H",5,1,2,-3,0,1,1,0
"H",5,1,2,-3,0,2,1,0
"H",5,1,2,-3,1,0,3,0
"H",5,1,2,-3,1,1,1,0
"H",5,1,2,-3,1,2,1,0
"H",5,1,2,-3,2,0,2,0
"H",5,1,2,-3,2,1,2,0
"H",5,1,2,-3,2,2,1,0
"H",5,1,2,-3,3,2,1,0
"H",5,1,2,-4,0,0,383,34
"H",5,1,2,-4,0,1,2,0
"H",5,1,2,-4,0,2,1,0
"H",5,1,2,-4,1,0,1,0
"H",5,1,2,-4,1,1,1,0
"H",5,1,2,-4,1,2,2,0
"H",5,1,2,-4,2,2,1,0
"H",5,1,2,-4,3,2,1,0
"H",5,1,2,-5,0,0,282,24
"H",5,1,2,-5,0,1,1,0
"H",5,1,2,-6,0,0,161,6
"H",5,1,2,-6,1,0,1,0
"H",5,1,2,-7,0,0,88,3
"H",5,1,2,-8,0,0,56,0
"H",5,1,2,-9,0,0,26,0
"H",5,1,2,0,0,0,1177,684
"H",5,1,2,0,0,1,2,2
"H",5,1,2,0,0,2,1,1
"H",5,1,2,0,1,0,5,4
"H",5,1,2,0,1,1,5,4
"H",5,1,2,0,1,2,3,2
"H",5,1,2,0,2,0,1,1
"H",5,1,2,0,2,1,1,1
"H",5,1,2,0,3,0,1,1
"H",5,1,2,0,3,1,1,1
"H",5,1,2,1,0,0,974,732
"H",5,1,2,1,0,1,2,1
"H",5,1,2,1,0,2,1,1
"H",5,1,2,1,1,0,4,3
"H",5,1,2,1,1,1,2,1
"H",5,1,2,1,1,2,1,0
"H",5,1,2,1,2,0,2,1
"H",5,1,2,1,2,1,1,1
"H",5,1,2,1,2,2,2,1
"H",5,1,2,1,3,2,1,1
"H",5,1,2,10,0,0,16,16
"H",5,1,2,10,1,0,1,1
"H",5,1,2,11,0,0,9,9
"H",5,1,2,12,0,0,10,10
"H",5,1,2,13,0,0,1,1
"H",5,1,2,14,0,0,2,2
"H",5,1,2,17,0,0,1,1
"H",5,1,2,2,0,0,755,653
"H",5,1,2,2,0,1,2,2
"H",5,1,2,2,1,0,4,2
"H",5,1,2,2,1,1,3,3
"H",5,1,2,2,2,0,1,0
"H",5,1,2,2,2,1,4,3
"H",5,1,2,2,3,1,2,2
"H",5,1,2,2,3,2,1,1
"H",5,1,2,3,0,0,543,490
"H",5,1,2,3,0,1,2,2
"H",5,1,2,3,0,2,1,1
"H",5,1,2,3,1,0,1,1
"H",5,1,2,3,1,1,1,1
"H",5,1,2,4,0,0,382,363
"H",5,1,2,5,0,0,229,221
"H",5,1,2,5,0,1,1,1
"H",5,1,2,5,1,1,1,1
"H",5,1,2,5,2,1,1,1
"H",5,1,2,6,0,0,149,149
"H",5,1,2,7,0,0,72,72
"H",5,1,2,8,0,0,52,51
"H",5,1,2,9,0,0,33,33
"H",5,1,3,-1,0,0,452,191
"H",5,1,3,-10,0,0,3,0
"H",5,1,3,-11,0,0,4,0
"H",5,1,3,-12,0,0,1,0
"H",5,1,3,-15,0,0,1,0
"H",5,1,3,-2,0,0,253,75
"H",5,1,3,-2,0,1,2,1
"H",5,1,3,-2,1,0,1,0
"H",5,1,3,-2,1,1,1,1
"H",5,1,3,-3,0,0,157,23
"H",5,1,3,-3,0,1,1,0
"H",5,1,3,-4,0,0,109,20
"H",5,1,3,-4,0,1,1,0
"H",5,1,3,-4,0,2,1,0
"H",5,1,3,-4,1,2,1,0
"H",5,1,3,-5,0,0,53,5
"H",5,1,3,-5,0,1,1,0
"H",5,1,3,-5,1,1,1,0
"H",5,1,3,-5,2,1,1,0
"H",5,1,3,-6,0,0,39,1
"H",5,1,3,-6,1,0,1,0
"H",5,1,3,-6,2,0,1,0
"H",5,1,3,-6,2,1,1,0
"H",5,1,3,-6,2,2,1,0
"H",5,1,3,-7,0,0,24,1
"H",5,1,3,-8,0,0,10,0
"H",5,1,3,-9,0,0,8,0
"H",5,1,3,0,0,0,614,403
"H",5,1,3,0,1,0,1,0
"H",5,1,3,1,0,0,599,468
"H",5,1,3,1,0,1,1,0
"H",5,1,3,1,0,2,1,0
"H",5,1,3,10,0,0,16,16
"H",5,1,3,11,0,0,6,6
"H",5,1,3,12,0,0,2,2
"H",5,1,3,15,0,0,1,1
"H",5,1,3,2,0,0,436,383
"H",5,1,3,2,1,0,1,1
"H",5,1,3,2,1,1,1,1
"H",5,1,3,2,1,2,1,1
"H",5,1,3,3,0,0,323,295
"H",5,1,3,4,0,0,236,225
"H",5,1,3,4,0,1,1,1
"H",5,1,3,4,1,0,1,1
"H",5,1,3,4,2,0,1,1
"H",5,1,3,4,2,1,1,1
"H",5,1,3,4,3,1,1,1
"H",5,1,3,5,0,0,131,129
"H",5,1,3,6,0,0,76,75
"H",5,1,3,7,0,0,54,54
"H",5,1,3,8,0,0,25,25
"H",5,1,3,9,0,0,13,13
"H",5,1,4,-1,0,0,264,112
"H",5,1,4,-10,0,0,6,0
"H",5,1,4,-11,0,0,2,0
"H",5,1,4,-2,0,0,253,101
"H",5,1,4,-2,0,1,1,0
"H",5,1,4,-2,1,0,2,1
"H",5,1,4,-2,1,1,2,0
"H",5,1,4,-2,2,1,1,0
"H",5,1,4,-3,0,0,177,36
"H",5,1,4,-3,1,0,1,0
"H",5,1,4,-4,0,0,121,11
"H",5,1,4,-4,1,0,1,0
"H",5,1,4,-4,1,1,1,0
"H",5,1,4,-5,0,0,90,6
"H",5,1,4,-6,0,0,61,4
"H",5,1,4,-6,1,0,1,0
"H",5,1,4,-6,1,1,1,0
"H",5,1,4,-6,1,2,1,0
"H",5,1,4,-6,2,2,1,0
"H",5,1,4,-6,3,2,1,0
"H",5,1,4,-7,0,0,23,0
"H",5,1,4,-8,0,0,17,0
"H",5,1,4,-9,0,0,10,0
"H",5,1,4,0,0,0,355,217
"H",5,1,4,1,0,0,291,228
"H",5,1,4,10,0,0,9,9
"H",5,1,4,11,0,0,1,1
"H",5,1,4,12,0,0,3,3
"H",5,1,4,13,0,0,1,1
"H",5,1,4,14,0,0,1,1
"H",5,1,4,2,0,0,268,233
"H",5,1,4,2,0,1,1,1
"H",5,1,4,2,0,2,1,1
"H",5,1,4,2,1,2,1,1
"H",5,1,4,2,2,2,1,1
"H",5,1,4,2,3,2,1,1
"H",5,1,4,3,0,0,162,148
"H",5,1,4,3,0,1,1,1
"H",5,1,4,4,0,0,125,121
"H",5,1,4,5,0,0,85,80
"H",5,1,4,6,0,0,59,58
"H",5,1,4,7,0,0,33,33
"H",5,1,4,8,0,0,27,27
"H",5,1,4,9,0,0,17,17
"H",5,1,5,-1,0,0,173,79
"H",5,1,5,-1,0,1,1,1
"H",5,1,5,-1,1,1,1,1
"H",5,1,5,-1,2,1,1,1
"H",5,1,5,-1,2,2,1,1
"H",5,1,5,-1,3,2,1,1
"H",5,1,5,-10,0,0,4,0
"H",5,1,5,-11,0,0,1,0
"H",5,1,5,-13,0,0,1,0
"H",5,1,5,-2,0,0,104,38
"H",5,1,5,-3,0,0,62,17
"H",5,1,5,-4,0,0,41,9
"H",5,1,5,-5,0,0,37,7
"H",5,1,5,-6,0,0,14,1
"H",5,1,5,-7,0,0,11,1
"H",5,1,5,-8,0,0,3,0
"H",5,1,5,-9,0,0,1,0
"H",5,1,5,0,0,0,256,183
"H",5,1,5,0,0,1,1,1
"H",5,1,5,0,1,0,2,1
"H",5,1,5,0,1,1,1,1
"H",5,1,5,0,2,0,1,0
"H",5,1,5,0,2,1,1,0
"H",5,1,5,0,3,1,1,0
"H",5,1,5,1,0,0,219,178
"H",5,1,5,10,0,0,3,3
"H",5,1,5,11,0,0,3,3
"H",5,1,5,12,0,0,3,3
"H",5,1,5,16,0,0,1,1
"H",5,1,5,2,0,0,186,157
"H",5,1,5,3,0,0,152,142
"H",5,1,5,4,0,0,118,111
"H",5,1,5,5,0,0,68,67
"H",5,1,5,5,0,1,1,1
"H",5,1,5,5,0,2,1,1
"H",5,1,5,5,1,2,1,1
"H",5,1,5,5,2,2,1,1
"H",5,1,5,6,0,0,44,44
"H",5,1,5,7,0,0,20,20
"H",5,1,5,8,0,0,13,13
"H",5,1,5,9,0,0,6,6
"H",5,1,6,-1,0,0,150,85
"H",5,1,6,-1,1,0,1,1
"H",5,1,6,-1,1,1,1,1
"H",5,1,6,-10,0,0,5,0
"H",5,1,6,-16,0,0,1,0
"H",5,1,6,-2,0,0,125,53
"H",5,1,6,-2,0,1,1,0
"H",5,1,6,-2,0,2,1,0
"H",5,1,6,-2,1,0,1,0
"H",5,1,6,-2,1,1,1,0
"H",5,1,6,-2,1,2,1,0
"H",5,1,6,-2,2,2,1,0
"H",5,1,6,-3,0,0,69,16
"H",5,1,6,-3,1,0,1,0
"H",5,1,6,-3,1,1,1,0
"H",5,1,6,-3,1,2,1,0
"H",5,1,6,-4,0,0,51,10
"H",5,1,6,-5,0,0,36,4
"H",5,1,6,-6,0,0,20,1
"H",5,1,6,-6,1,0,1,0
"H",5,1,6,-6,2,0,1,0
"H",5,1,6,-6,3,0,1,0
"H",5,1,6,-7,0,0,16,2
"H",5,1,6,-8,0,0,5,0
"H",5,1,6,-9,0,0,5,0
"H",5,1,6,0,0,0,182,112
"H",5,1,6,1,0,0,171,147
"H",5,1,6,1,1,0,1,1
"H",5,1,6,10,0,0,5,5
"H",5,1,6,11,0,0,5,5
"H",5,1,6,12,0,0,2,2
"H",5,1,6,13,0,0,1,1
"H",5,1,6,2,0,0,132,112
"H",5,1,6,3,0,0,123,116
"H",5,1,6,4,0,0,77,72
"H",5,1,6,5,0,0,55,53
"H",5,1,6,6,0,0,40,38
"H",5,1,6,7,0,0,18,18
"H",5,1,6,8,0,0,14,13
"H",5,1,6,9,0,0,10,10
"H",5,1,7,-1,0,0,129,65
"H",5,1,7,-1,1,0,1,1
"H",5,1,7,-1,2,0,1,1
"H",5,1,7,-1,3,0,1,1
"H",5,1,7,-10,0,0,1,0
"H",5,1,7,-14,0,0,1,0
"H",5,1,7,-2,0,0,112,40
"H",5,1,7,-3,0,0,58,14
"H",5,1,7,-4,0,0,44,12
"H",5,1,7,-4,1,0,1,0
"H",5,1,7,-5,0,0,27,3
"H",5,1,7,-6,0,0,16,1
"H",5,1,7,-7,0,0,9,0
"H",5,1,7,-8,0,0,5,0
"H",5,1,7,-9,0,0,6,0
"H",5,1,7,0,0,0,162,124
"H",5,1,7,1,0,0,140,112
"H",5,1,7,10,0,0,6,6
"H",5,1,7,11,0,0,3,3
"H",5,1,7,12,0,0,1,1
"H",5,1,7,14,0,0,1,1
"H",5,1,7,15,0,0,1,1
"H",5,1,7,2,0,0,161,148
"H",5,1,7,3,0,0,81,76
"H",5,1,7,4,0,0,71,70
"H",5,1,7,5,0,0,49,48
"H",5,1,7,6,0,0,29,28
"H",5,1,7,7,0,0,23,22
"H",5,1,7,8,0,0,14,14
"H",5,1,7,9,0,0,3,3
"H",5,1,8,-1,0,0,79,43
"H",5,1,8,-10,0,0,2,0
"H",5,1,8,-11,0,0,1,0
"H",5,1,8,-2,0,0,76,36
"H",5,1,8,-3,0,0,51,19
"H",5,1,8,-4,0,0,29,9
"H",5,1,8,-5,0,0,21,2
"H",5,1,8,-6,0,0,15,2
"H",5,1,8,-7,0,0,9,0
"H",5,1,8,-8,0,0,8,0
"H",5,1,8,-9,0,0,5,0
"H",5,1,8,0,0,0,131,86
"H",5,1,8,1,0,0,121,113
"H",5,1,8,1,0,1,1,1
"H",5,1,8,1,0,2,1,1
"H",5,1,8,10,0,0,3,3
"H",5,1,8,11,0,0,2,2
"H",5,1,8,12,0,0,1,1
"H",5,1,8,13,0,0,1,1
"H",5,1,8,2,0,0,108,100
"H",5,1,8,3,0,0,55,53
"H",5,1,8,4,0,0,42,41
"H",5,1,8,5,0,0,22,22
"H",5,1,8,6,0,0,23,22
"H",5,1,8,7,0,0,16,16
"H",5,1,8,8,0,0,11,11
"H",5,1,8,9,0,0,5,5
"H",5,2,1,-1,0,0,1728,601
"H",5,2,1,-1,0,1,2,1
"H",5,2,1,-1,0,2,2,1
"H",5,2,1,-1,1,0,4,2
"H",5,2,1,-1,1,1,3,2
"H",5,2,1,-1,1,2,3,2
"H",5,2,1,-1,2,0,1,0
"H",5,2,1,-1,2,1,1,1
"H",5,2,1,-1,2,2,1,0
"H",5,2,1,-1,3,0,1,0
"H",5,2,1,-1,3,1,1,1
"H",5,2,1,-1,3,2,1,0
"H",5,2,1,-10,0,0,15,1
"H",5,2,1,-11,0,0,12,0
"H",5,2,1,-12,0,0,9,0
"H",5,2,1,-13,0,0,7,0
"H",5,2,1,-14,0,0,3,0
"H",5,2,1,-15,0,0,2,0
"H",5,2,1,-19,0,0,1,0
"H",5,2,1,-2,0,0,1176,248
"H",5,2,1,-2,0,1,3,0
"H",5,2,1,-2,0,2,1,0
"H",5,2,1,-2,1,0,3,0
"H",5,2,1,-2,1,1,2,0
"H",5,2,1,-2,1,2,1,0
"H",5,2,1,-2,2,0,1,0
"H",5,2,1,-2,2,1,2,0
"H",5,2,1,-2,2,2,1,0
"H",5,2,1,-3,0,0,858,136
"H",5,2,1,-3,0,1,2,2
"H",5,2,1,-3,0,2,1,1
"H",5,2,1,-3,1,0,3,1
"H",5,2,1,-3,1,1,1,1
"H",5,2,1,-3,1,2,2,2
"H",5,2,1,-3,2,0,1,1
"H",5,2,1,-3,2,1,1,1
"H",5,2,1,-3,2,2,1,1
"H",5,2,1,-3,3,1,1,1
"H",5,2,1,-3,3,2,1,1
"H",5,2,1,-4,0,0,577,57
"H",5,2,1,-4,1,0,1,0
"H",5,2,1,-4,1,1,1,0
"H",5,2,1,-4,2,1,1,0
"H",5,2,1,-4,3,1,1,0
"H",5,2,1,-4,3,2,1,0
"H",5,2,1,-5,0,0,411,19
"H",5,2,1,-5,1,0,1,0
"H",5,2,1,-6,0,0,212,8
"H",5,2,1,-7,0,0,122,1
"H",5,2,1,-8,0,0,68,0
"H",5,2,1,-9,0,0,38,0
"H",5,2,1,0,0,0,2112,1176
"H",5,2,1,0,0,1,15,9
"H",5,2,1,0,0,2,8,5
"H",5,2,1,0,1,0,7,4
"H",5,2,1,0,1,1,2,2
"H",5,2,1,0,1,2,6,4
"H",5,2,1,0,2,0,6,3
"H",5,2,1,0,2,1,4,3
"H",5,2,1,0,2,2,2,2
"H",5,2,1,0,3,0,1,0
"H",5,2,1,1,0,0,1604,1170
"H",5,2,1,1,0,1,5,4
"H",5,2,1,1,0,2,4,3
"H",5,2,1,1,1,0,9,7
"H",5,2,1,1,1,1,2,2
"H",5,2,1,1,1,2,4,3
"H",5,2,1,1,2,0,4,2
"H",5,2,1,1,2,1,2,0
"H",5,2,1,1,2,2,3,1
"H",5,2,1,1,3,0,2,2
"H",5,2,1,1,3,2,2,1
"H",5,2,1,10,0,0,25,25
"H",5,2,1,11,0,0,13,13
"H",5,2,1,12,0,0,6,6
"H",5,2,1,13,0,0,5,5
"H",5,2,1,14,0,0,3,3
"H",5,2,1,15,0,0,2,2
"H",5,2,1,2,0,0,1250,1033
"H",5,2,1,2,0,1,5,5
"H",5,2,1,2,0,2,1,1
"H",5,2,1,2,1,0,4,4
"H",5,2,1,2,1,1,5,5
"H",5,2,1,2,1,2,4,4
"H",5,2,1,2,2,1,1,1
"H",5,2,1,2,2,2,2,2
"H",5,2,1,2,3,1,1,1
"H",5,2,1,2,3,2,3,3
"H",5,2,1,3,0,0,806,722
"H",5,2,1,3,0,1,6,6
"H",5,2,1,3,0,2,1,1
"H",5,2,1,3,1,0,1,0
"H",5,2,1,3,1,1,3,3
"H",5,2,1,3,1,2,3,3
"H",5,2,1,3,2,0,1,0
"H",5,2,1,3,2,1,1,1
"H",5,2,1,3,2,2,1,1
"H",5,2,1,4,0,0,554,529
"H",5,2,1,4,0,1,2,2
"H",5,2,1,4,0,2,1,1
"H",5,2,1,4,1,0,1,1
"H",5,2,1,4,1,1,1,1
"H",5,2,1,4,1,2,2,2
"H",5,2,1,4,2,0,1,1
"H",5,2,1,4,2,2,2,2
"H",5,2,1,4,3,0,1,1
"H",5,2,1,5,0,0,339,328
"H",5,2,1,5,0,1,2,2
"H",5,2,1,5,1,1,2,2
"H",5,2,1,5,1,2,1,1
"H",5,2,1,5,2,1,1,1
"H",5,2,1,5,2,2,2,2
"H",5,2,1,5,3,2,1,1
"H",5,2,1,6,0,0,241,235
"H",5,2,1,6,1,0,1,1
"H",5,2,1,6,1,1,1,1
"H",5,2,1,7,0,0,146,145
"H",5,2,1,8,0,0,74,74
"H",5,2,1,9,0,0,35,35
"H",5,2,2,-1,0,0,947,364
"H",5,2,2,-1,0,1,2,0
"H",5,2,2,-1,1,0,4,0
"H",5,2,2,-1,1,1,2,0
"H",5,2,2,-1,2,0,3,0
"H",5,2,2,-1,2,1,5,0
"H",5,2,2,-1,3,1,4,0
"H",5,2,2,-10,0,0,15,1
"H",5,2,2,-11,0,0,7,0
"H",5,2,2,-12,0,0,1,0
"H",5,2,2,-13,0,0,4,0
"H",5,2,2,-14,0,0,1,0
"H",5,2,2,-15,0,0,1,0
"H",5,2,2,-16,0,0,1,0
"H",5,2,2,-19,0,0,1,0
"H",5,2,2,-2,0,0,700,175
"H",5,2,2,-2,0,1,1,0
"H",5,2,2,-2,1,0,4,0
"H",5,2,2,-2,1,1,1,0
"H",5,2,2,-2,2,0,1,0
"H",5,2,2,-2,2,1,1,0
"H",5,2,2,-2,3,0,1,0
"H",5,2,2,-3,0,0,515,85
"H",5,2,2,-3,0,1,3,1
"H",5,2,2,-3,0,2,2,0
"H",5,2,2,-3,1,0,1,0
"H",5,2,2,-3,1,2,1,0
"H",5,2,2,-3,2,0,1,0
"H",5,2,2,-3,3,0,1,0
"H",5,2,2,-4,0,0,375,45
"H",5,2,2,-4,1,0,1,0
"H",5,2,2,-4,1,1,1,0
"H",5,2,2,-5,0,0,258,17
"H",5,2,2,-6,0,0,134,5
"H",5,2,2,-7,0,0,85,2
"H",5,2,2,-8,0,0,48,0
"H",5,2,2,-9,0,0,24,0
"H",5,2,2,0,0,0,1188,640
"H",5,2,2,0,0,1,4,2
"H",5,2,2,0,0,2,3,2
"H",5,2,2,0,1,0,1,0
"H",5,2,2,0,1,1,1,0
"H",5,2,2,0,1,2,2,1
"H",5,2,2,0,2,0,1,0
"H",5,2,2,1,0,0,959,690
"H",5,2,2,1,0,1,3,2
"H",5,2,2,1,0,2,1,0
"H",5,2,2,1,1,0,5,4
"H",5,2,2,1,1,1,2,2
"H",5,2,2,1,1,2,1,0
"H",5,2,2,1,2,0,3,3
"H",5,2,2,1,3,0,2,2
"H",5,2,2,1,3,1,2,2
"H",5,2,2,1,3,2,1,1
"H",5,2,2,10,0,0,31,31
"H",5,2,2,11,0,0,12,12
"H",5,2,2,12,0,0,10,10
"H",5,2,2,13,0,0,5,5
"H",5,2,2,14,0,0,4,4
"H",5,2,2,15,0,0,1,1
"H",5,2,2,17,0,0,2,2
"H",5,2,2,2,0,0,801,671
"H",5,2,2,2,0,1,4,3
"H",5,2,2,2,0,2,1,1
"H",5,2,2,2,1,0,1,1
"H",5,2,2,2,1,1,3,2
"H",5,2,2,2,1,2,1,1
"H",5,2,2,2,2,2,1,1
"H",5,2,2,2,3,2,1,1
"H",5,2,2,3,0,0,602,535
"H",5,2,2,3,0,1,1,1
"H",5,2,2,3,1,0,1,1
"H",5,2,2,3,1,1,1,1
"H",5,2,2,3,1,2,1,1
"H",5,2,2,3,2,0,1,1
"H",5,2,2,3,2,1,1,1
"H",5,2,2,3,2,2,1,1
"H",5,2,2,3,3,2,1,1
"H",5,2,2,4,0,0,423,398
"H",5,2,2,4,0,1,1,1
"H",5,2,2,4,1,0,1,1
"H",5,2,2,4,1,1,1,1
"H",5,2,2,4,2,1,1,1
"H",5,2,2,4,3,1,1,1
"H",5,2,2,5,0,0,243,232
"H",5,2,2,6,0,0,190,188
"H",5,2,2,6,0,1,1,1
"H",5,2,2,6,0,2,1,1
"H",5,2,2,6,1,0,1,1
"H",5,2,2,6,1,2,1,1
"H",5,2,2,6,2,0,1,1
"H",5,2,2,6,2,1,1,1
"H",5,2,2,7,0,0,112,109
"H",5,2,2,8,0,0,67,66
"H",5,2,2,9,0,0,37,37
"H",5,2,3,-1,0,0,529,188
"H",5,2,3,-1,1,0,2,2
"H",5,2,3,-1,2,0,2,2
"H",5,2,3,-1,3,0,2,2
"H",5,2,3,-10,0,0,4,0
"H",5,2,3,-11,0,0,5,0
"H",5,2,3,-12,0,0,1,0
"H",5,2,3,-15,0,0,1,0
"H",5,2,3,-2,0,0,305,90
"H",5,2,3,-2,0,1,1,1
"H",5,2,3,-2,1,0,2,1
"H",5,2,3,-2,1,1,2,1
"H",5,2,3,-2,1,2,1,1
"H",5,2,3,-2,2,0,1,1
"H",5,2,3,-2,2,1,2,1
"H",5,2,3,-2,2,2,1,1
"H",5,2,3,-2,3,1,1,0
"H",5,2,3,-2,3,2,2,1
"H",5,2,3,-3,0,0,180,35
"H",5,2,3,-3,0,1,1,0
"H",5,2,3,-3,0,2,1,0
"H",5,2,3,-3,1,0,1,1
"H",5,2,3,-3,1,1,1,1
"H",5,2,3,-3,1,2,1,0
"H",5,2,3,-3,2,2,1,0
"H",5,2,3,-4,0,0,137,11
"H",5,2,3,-5,0,0,80,9
"H",5,2,3,-5,0,1,1,0
"H",5,2,3,-5,1,1,1,0
"H",5,2,3,-5,1,2,1,0
"H",5,2,3,-6,0,0,55,2
"H",5,2,3,-6,0,1,2,0
"H",5,2,3,-6,0,2,1,0
"H",5,2,3,-6,1,1,1,0
"H",5,2,3,-6,1,2,1,0
"H",5,2,3,-7,0,0,36,0
"H",5,2,3,-8,0,0,17,0
"H",5,2,3,-9,0,0,13,0
"H",5,2,3,0,0,0,689,411
"H",5,2,3,0,0,1,1,0
"H",5,2,3,0,1,0,2,0
"H",5,2,3,0,1,1,2,0
"H",5,2,3,0,2,0,1,0
"H",5,2,3,0,2,1,1,0
"H",5,2,3,0,3,0,1,0
"H",5,2,3,0,3,1,1,0
"H",5,2,3,1,0,0,635,452
"H",5,2,3,1,0,1,2,1
"H",5,2,3,1,1,0,7,6
"H",5,2,3,1,1,1,3,2
"H",5,2,3,1,1,2,1,1
"H",5,2,3,1,2,0,6,5
"H",5,2,3,1,2,1,3,3
"H",5,2,3,1,2,2,3,3
"H",5,2,3,1,3,0,3,2
"H",5,2,3,1,3,1,1,1
"H",5,2,3,1,3,2,2,2
"H",5,2,3,10,0,0,14,14
"H",5,2,3,11,0,0,9,9
"H",5,2,3,12,0,0,5,5
"H",5,2,3,13,0,0,3,3
"H",5,2,3,15,0,0,1,1
"H",5,2,3,16,0,0,1,1
"H",5,2,3,2,0,0,535,449
"H",5,2,3,2,1,0,3,3
"H",5,2,3,2,2,0,3,3
"H",5,2,3,2,2,1,1,1
"H",5,2,3,2,3,0,1,1
"H",5,2,3,2,3,1,1,1
"H",5,2,3,2,3,2,1,1
"H",5,2,3,3,0,0,405,354
"H",5,2,3,3,0,1,1,1
"H",5,2,3,3,0,2,1,1
"H",5,2,3,3,1,2,1,1
"H",5,2,3,4,0,0,304,288
"H",5,2,3,5,0,0,213,205
"H",5,2,3,5,0,1,1,1
"H",5,2,3,5,0,2,1,1
"H",5,2,3,5,1,2,1,1
"H",5,2,3,6,0,0,135,132
"H",5,2,3,7,0,0,90,90
"H",5,2,3,8,0,0,56,56
"H",5,2,3,9,0,0,33,33
"H",5,2,4,-1,0,0,319,127
"H",5,2,4,-1,1,0,2,1
"H",5,2,4,-1,1,1,1,1
"H",5,2,4,-1,2,0,1,0
"H",5,2,4,-1,2,1,1,1
"H",5,2,4,-1,3,1,1,1
"H",5,2,4,-1,3,2,1,1
"H",5,2,4,-10,0,0,3,0
"H",5,2,4,-11,0,0,3,0
"H",5,2,4,-13,0,0,1,0
"H",5,2,4,-2,0,0,260,82
"H",5,2,4,-2,0,1,1,1
"H",5,2,4,-2,1,0,1,0
"H",5,2,4,-2,1,1,1,1
"H",5,2,4,-3,0,0,208,38
"H",5,2,4,-3,1,0,2,0
"H",5,2,4,-3,1,1,1,0
"H",5,2,4,-3,2,0,1,0
"H",5,2,4,-3,2,1,2,0
"H",5,2,4,-3,2,2,1,0
"H",5,2,4,-3,3,1,1,0
"H",5,2,4,-3,3,2,1,0
"H",5,2,4,-4,0,0,150,16
"H",5,2,4,-4,0,1,1,0
"H",5,2,4,-5,0,0,106,8
"H",5,2,4,-5,0,1,1,0
"H",5,2,4,-5,1,1,1,0
"H",5,2,4,-5,1,2,1,0
"H",5,2,4,-5,2,2,1,0
"H",5,2,4,-5,3,2,1,0
"H",5,2,4,-6,0,0,52,3
"H",5,2,4,-6,0,1,1,0
"H",5,2,4,-7,0,0,36,1
"H",5,2,4,-8,0,0,14,0
"H",5,2,4,-9,0,0,13,0
"H",5,2,4,0,0,0,426,247
"H",5,2,4,1,0,0,288,197
"H",5,2,4,1,0,1,1,0
"H",5,2,4,1,0,2,1,0
"H",5,2,4,1,1,2,1,0
"H",5,2,4,10,0,0,16,16
"H",5,2,4,11,0,0,6,6
"H",5,2,4,12,0,0,3,3
"H",5,2,4,13,0,0,1,1
"H",5,2,4,2,0,0,278,226
"H",5,2,4,2,0,1,2,2
"H",5,2,4,2,0,2,2,2
"H",5,2,4,2,1,2,1,1
"H",5,2,4,3,0,0,188,170
"H",5,2,4,3,0,1,1,1
"H",5,2,4,3,0,2,1,1
"H",5,2,4,3,1,0,1,0
"H",5,2,4,3,1,2,1,1
"H",5,2,4,3,2,0,1,0
"H",5,2,4,3,2,1,1,0
"H",5,2,4,3,2,2,2,1
"H",5,2,4,3,3,2,1,0
"H",5,2,4,4,0,0,137,131
"H",5,2,4,5,0,0,98,96
"H",5,2,4,6,0,0,74,73
"H",5,2,4,7,0,0,48,48
"H",5,2,4,7,0,1,1,1
"H",5,2,4,7,1,1,1,1
"H",5,2,4,7,1,2,1,1
"H",5,2,4,8,0,0,32,32
"H",5,2,4,9,0,0,19,19
"H",5,2,5,-1,0,0,234,98
"H",5,2,5,-1,1,0,2,1
"H",5,2,5,-1,2,0,2,1
"H",5,2,5,-1,3,0,2,1
"H",5,2,5,-10,0,0,4,0
"H",5,2,5,-11,0,0,3,0
"H",5,2,5,-12,0,0,1,0
"H",5,2,5,-14,0,0,1,0
"H",5,2,5,-2,0,0,139,41
"H",5,2,5,-3,0,0,88,12
"H",5,2,5,-4,0,0,55,8
"H",5,2,5,-4,1,0,1,0
"H",5,2,5,-5,0,0,34,4
"H",5,2,5,-6,0,0,19,1
"H",5,2,5,-7,0,0,13,0
"H",5,2,5,-8,0,0,10,0
"H",5,2,5,0,0,0,315,184
"H",5,2,5,0,0,1,1,1
"H",5,2,5,0,0,2,1,1
"H",5,2,5,0,1,0,2,0
"H",5,2,5,0,1,1,1,0
"H",5,2,5,0,1,2,1,0
"H",5,2,5,0,2,0,1,0
"H",5,2,5,0,2,2,1,0
"H",5,2,5,0,3,0,1,0
"H",5,2,5,1,0,0,318,241
"H",5,2,5,1,0,1,2,1
"H",5,2,5,1,1,0,1,1
"H",5,2,5,1,1,1,1,0
"H",5,2,5,1,2,0,1,1
"H",5,2,5,1,2,1,1,1
"H",5,2,5,10,0,0,9,9
"H",5,2,5,11,0,0,11,11
"H",5,2,5,12,0,0,3,3
"H",5,2,5,13,0,0,2,2
"H",5,2,5,14,0,0,1,1
"H",5,2,5,15,0,0,1,1
"H",5,2,5,16,0,0,2,2
"H",5,2,5,2,0,0,267,223
"H",5,2,5,2,1,0,2,2
"H",5,2,5,2,2,0,2,2
"H",5,2,5,2,3,0,2,2
"H",5,2,5,2,3,1,1,1
"H",5,2,5,2,3,2,1,1
"H",5,2,5,3,0,0,219,202
"H",5,2,5,3,0,1,1,1
"H",5,2,5,3,0,2,1,1
"H",5,2,5,3,1,2,1,1
"H",5,2,5,3,2,2,1,1
"H",5,2,5,4,0,0,146,139
"H",5,2,5,5,0,0,115,109
"H",5,2,5,6,0,0,82,80
"H",5,2,5,7,0,0,39,38
"H",5,2,5,8,0,0,27,27
"H",5,2,5,8,1,0,1,1
"H",5,2,5,8,1,1,1,1
"H",5,2,5,9,0,0,28,28
"H",5,2,6,-1,0,0,223,94
"H",5,2,6,-1,0,1,2,2
"H",5,2,6,-1,0,2,2,2
"H",5,2,6,-10,0,0,3,0
"H",5,2,6,-13,0,0,1,0
"H",5,2,6,-2,0,0,143,38
"H",5,2,6,-2,0,1,1,0
"H",5,2,6,-2,0,2,1,0
"H",5,2,6,-3,0,0,98,16
"H",5,2,6,-3,1,0,1,0
"H",5,2,6,-4,0,0,65,6
"H",5,2,6,-4,0,1,1,0
"H",5,2,6,-4,0,2,1,0
"H",5,2,6,-4,1,2,1,0
"H",5,2,6,-4,2,2,1,0
"H",5,2,6,-4,3,2,1,0
"H",5,2,6,-5,0,0,41,2
"H",5,2,6,-6,0,0,23,1
"H",5,2,6,-7,0,0,18,1
"H",5,2,6,-8,0,0,12,0
"H",5,2,6,-9,0,0,5,0
"H",5,2,6,0,0,0,232,129
"H",5,2,6,0,0,1,1,0
"H",5,2,6,0,0,2,1,0
"H",5,2,6,1,0,0,226,161
"H",5,2,6,1,0,1,2,0
"H",5,2,6,1,0,2,2,0
"H",5,2,6,1,1,2,2,0
"H",5,2,6,1,2,2,2,0
"H",5,2,6,10,0,0,10,10
"H",5,2,6,11,0,0,3,3
"H",5,2,6,12,0,0,1,1
"H",5,2,6,13,0,0,1,1
"H",5,2,6,17,0,0,1,1
"H",5,2,6,2,0,0,170,139
"H",5,2,6,3,0,0,169,156
"H",5,2,6,4,0,0,114,112
"H",5,2,6,5,0,0,70,68
"H",5,2,6,6,0,0,55,54
"H",5,2,6,6,1,0,1,1
"H",5,2,6,6,2,0,1,1
"H",5,2,6,6,3,0,1,1
"H",5,2,6,7,0,0,34,33
"H",5,2,6,8,0,0,15,15
"H",5,2,6,9,0,0,21,21
"H",5,2,7,-1,0,0,157,71
"H",5,2,7,-1,0,1,1,1
"H",5,2,7,-1,0,2,1,1
"H",5,2,7,-1,1,0,1,1
"H",5,2,7,-1,1,2,1,1
"H",5,2,7,-1,2,0,1,1
"H",5,2,7,-1,2,2,1,1
"H",5,2,7,-1,3,0,1,1
"H",5,2,7,-1,3,1,1,1
"H",5,2,7,-1,3,2,2,2
"H",5,2,7,-10,0,0,6,0
"H",5,2,7,-11,0,0,1,0
"H",5,2,7,-14,0,0,1,0
"H",5,2,7,-19,0,0,1,0
"H",5,2,7,-2,0,0,113,35
"H",5,2,7,-2,0,1,1,0
"H",5,2,7,-2,0,2,1,0
"H",5,2,7,-3,0,0,65,9
"H",5,2,7,-4,0,0,39,7
"H",5,2,7,-5,0,0,35,3
"H",5,2,7,-6,0,0,21,2
"H",5,2,7,-7,0,0,8,0
"H",5,2,7,-8,0,0,9,0
"H",5,2,7,-9,0,0,1,0
"H",5,2,7,0,0,0,163,106
"H",5,2,7,0,1,0,5,3
"H",5,2,7,0,2,0,5,3
"H",5,2,7,0,2,1,1,1
"H",5,2,7,0,2,2,1,1
"H",5,2,7,0,3,0,4,2
"H",5,2,7,0,3,2,1,1
"H",5,2,7,1,0,0,160,116
"H",5,2,7,1,0,1,1,1
"H",5,2,7,1,1,1,1,1
"H",5,2,7,1,1,2,1,1
"H",5,2,7,1,2,2,1,1
"H",5,2,7,10,0,0,7,7
"H",5,2,7,11,0,0,3,3
"H",5,2,7,14,0,0,1,1
"H",5,2,7,2,0,0,163,141
"H",5,2,7,3,0,0,122,109
"H",5,2,7,4,0,0,67,64
"H",5,2,7,4,0,1,1,1
"H",5,2,7,4,1,1,1,1
"H",5,2,7,5,0,0,64,58
"H",5,2,7,5,0,1,1,1
"H",5,2,7,6,0,0,42,42
"H",5,2,7,7,0,0,20,20
"H",5,2,7,8,0,0,17,17
"H",5,2,7,8,1,0,1,1
"H",5,2,7,8,2,0,1,1
"H",5,2,7,8,3,0,1,1
"H",5,2,7,9,0,0,7,7
"H",5,2,8,-1,0,0,96,45
"H",5,2,8,-10,0,0,2,0
"H",5,2,8,-11,0,0,2,0
"H",5,2,8,-2,0,0,94,33
"H",5,2,8,-3,0,0,69,16
"H",5,2,8,-4,0,0,42,7
"H",5,2,8,-5,0,0,26,2
"H",5,2,8,-6,0,0,23,1
"H",5,2,8,-6,0,1,1,0
"H",5,2,8,-6,0,2,1,0
"H",5,2,8,-6,1,2,1,0
"H",5,2,8,-6,2,2,1,0
"H",5,2,8,-7,0,0,10,0
"H",5,2,8,-8,0,0,2,0
"H",5,2,8,-9,0,0,5,0
"H",5,2,8,0,0,0,151,86
"H",5,2,8,1,0,0,116,91
"H",5,2,8,10,0,0,2,2
"H",5,2,8,11,0,0,2,2
"H",5,2,8,2,0,0,128,116
"H",5,2,8,3,0,0,74,69
"H",5,2,8,4,0,0,51,49
"H",5,2,8,5,0,0,30,29
"H",5,2,8,6,0,0,23,23
"H",5,2,8,7,0,0,18,18
"H",5,2,8,8,0,0,13,13
"H",5,2,8,9,0,0,7,7
"H",6,0,1,-1,0,0,2943,1193
"H",6,0,1,-1,0,1,5,3
"H",6,0,1,-1,0,2,1,0
"H",6,0,1,-1,1,0,13,8
"H",6,0,1,-1,1,1,8,5
"H",6,0,1,-1,1,2,5,3
"H",6,0,1,-1,2,0,6,3
"H",6,0,1,-1,2,1,1,1
"H",6,0,1,-1,2,2,3,3
"H",6,0,1,-1,3,0,5,2
"H",6,0,1,-1,3,1,2,1
"H",6,0,1,-1,3,2,3,2
"H",6,0,1,-10,0,0,67,0
"H",6,0,1,-11,0,0,50,0
"H",6,0,1,-12,0,0,31,1
"H",6,0,1,-13,0,0,12,0
"H",6,0,1,-14,0,0,9,0
"H",6,0,1,-15,0,0,4,0
"H",6,0,1,-16,0,0,6,0
"H",6,0,1,-17,0,0,4,0
"H",6,0,1,-18,0,0,1,0
"H",6,0,1,-19,0,0,1,0
"H",6,0,1,-2,0,0,2300,584
"H",6,0,1,-2,0,1,12,2
"H",6,0,1,-2,0,2,4,0
"H",6,0,1,-2,1,0,11,3
"H",6,0,1,-2,1,1,7,2
"H",6,0,1,-2,1,2,1,0
"H",6,0,1,-2,2,0,4,1
"H",6,0,1,-2,2,1,6,2
"H",6,0,1,-2,2,2,5,2
"H",6,0,1,-2,3,0,2,0
"H",6,0,1,-2,3,1,3,0
"H",6,0,1,-2,3,2,3,0
"H",6,0,1,-3,0,0,1753,266
"H",6,0,1,-3,0,1,7,2
"H",6,0,1,-3,0,2,1,0
"H",6,0,1,-3,1,0,5,1
"H",6,0,1,-3,1,1,8,2
"H",6,0,1,-3,1,2,3,1
"H",6,0,1,-3,2,0,1,1
"H",6,0,1,-3,2,1,3,0
"H",6,0,1,-3,2,2,2,1
"H",6,0,1,-3,3,2,2,1
"H",6,0,1,-4,0,0,1216,126
"H",6,0,1,-4,0,1,3,0
"H",6,0,1,-4,0,2,2,0
"H",6,0,1,-4,1,0,3,1
"H",6,0,1,-4,1,1,2,0
"H",6,0,1,-4,1,2,3,0
"H",6,0,1,-5,0,0,893,58
"H",6,0,1,-5,0,1,4,1
"H",6,0,1,-5,0,2,1,0
"H",6,0,1,-5,1,0,1,0
"H",6,0,1,-5,1,1,2,1
"H",6,0,1,-5,1,2,1,0
"H",6,0,1,-5,2,1,1,1
"H",6,0,1,-5,2,2,1,0
"H",6,0,1,-6,0,0,566,24
"H",6,0,1,-7,0,0,331,6
"H",6,0,1,-7,0,1,1,1
"H",6,0,1,-7,1,1,1,1
"H",6,0,1,-7,1,2,1,1
"H",6,0,1,-8,0,0,208,2
"H",6,0,1,-8,0,1,1,0
"H",6,0,1,-8,0,2,1,0
"H",6,0,1,-8,1,0,1,0
"H",6,0,1,-8,1,1,1,0
"H",6,0,1,-8,1,2,1,0
"H",6,0,1,-9,0,0,112,1
"H",6,0,1,0,0,0,3387,2041
"H",6,0,1,0,0,1,12,8
"H",6,0,1,0,0,2,3,3
"H",6,0,1,0,1,0,12,7
"H",6,0,1,0,1,1,13,7
"H",6,0,1,0,1,2,8,4
"H",6,0,1,0,2,0,4,1
"H",6,0,1,0,2,1,5,2
"H",6,0,1,0,2,2,7,3
"H",6,0,1,0,3,0,2,1
"H",6,0,1,1,0,0,2824,2230
"H",6,0,1,1,0,1,9,6
"H",6,0,1,1,0,2,4,3
"H",6,0,1,1,1,0,8,6
"H",6,0,1,1,1,1,7,4
"H",6,0,1,1,1,2,5,3
"H",6,0,1,1,2,0,1,1
"H",6,0,1,1,2,1,2,1
"H",6,0,1,1,2,2,3,1
"H",6,0,1,1,3,0,1,1
"H",6,0,1,1,3,2,1,0
"H",6,0,1,10,0,0,53,53
"H",6,0,1,11,0,0,35,35
"H",6,0,1,12,0,0,20,20
"H",6,0,1,13,0,0,9,9
"H",6,0,1,14,0,0,5,5
"H",6,0,1,15,0,0,6,6
"H",6,0,1,16,0,0,2,2
"H",6,0,1,17,0,0,2,2
"H",6,0,1,2,0,0,2198,1922
"H",6,0,1,2,0,1,5,5
"H",6,0,1,2,0,2,2,2
"H",6,0,1,2,1,0,14,12
"H",6,0,1,2,1,1,9,8
"H",6,0,1,2,1,2,2,2
"H",6,0,1,2,2,0,4,3
"H",6,0,1,2,2,1,8,7
"H",6,0,1,2,2,2,3,3
"H",6,0,1,2,3,0,1,0
"H",6,0,1,2,3,1,4,3
"H",6,0,1,2,3,2,4,3
"H",6,0,1,3,0,0,1553,1445
"H",6,0,1,3,0,1,8,8
"H",6,0,1,3,0,2,3,3
"H",6,0,1,3,1,0,2,2
"H",6,0,1,3,1,1,6,6
"H",6,0,1,3,1,2,4,4
"H",6,0,1,3,2,1,3,3
"H",6,0,1,3,2,2,4,4
"H",6,0,1,3,3,1,2,2
"H",6,0,1,3,3,2,2,2
"H",6,0,1,4,0,0,1010,974
"H",6,0,1,4,0,1,2,2
"H",6,0,1,4,0,2,1,1
"H",6,0,1,5,0,0,718,703
"H",6,0,1,5,1,0,4,4
"H",6,0,1,5,1,1,3,3
"H",6,0,1,5,1,2,2,2
"H",6,0,1,5,2,1,1,1
"H",6,0,1,5,2,2,2,2
"H",6,0,1,5,3,1,1,1
"H",6,0,1,6,0,0,470,469
"H",6,0,1,6,0,1,1,1
"H",6,0,1,6,0,2,1,1
"H",6,0,1,6,1,0,1,1
"H",6,0,1,6,1,1,1,1
"H",6,0,1,6,1,2,1,1
"H",6,0,1,7,0,0,285,283
"H",6,0,1,7,1,0,1,1
"H",6,0,1,7,2,0,1,1
"H",6,0,1,7,3,0,1,1
"H",6,0,1,8,0,0,162,161
"H",6,0,1,8,0,1,1,1
"H",6,0,1,9,0,0,103,103
"H",6,0,1,9,1,0,1,1
"H",6,0,1,9,2,0,1,1
"H",6,0,1,9,3,0,1,1
"H",6,0,2,-1,0,0,793,383
"H",6,0,2,-1,1,0,4,1
"H",6,0,2,-1,1,1,2,0
"H",6,0,2,-1,1,2,1,0
"H",6,0,2,-1,2,0,1,0
"H",6,0,2,-1,2,1,1,0
"H",6,0,2,-1,2,2,1,0
"H",6,0,2,-1,3,0,1,0
"H",6,0,2,-10,0,0,13,0
"H",6,0,2,-11,0,0,11,0
"H",6,0,2,-12,0,0,6,0
"H",6,0,2,-13,0,0,3,0
"H",6,0,2,-14,0,0,4,0
"H",6,0,2,-16,0,0,1,0
"H",6,0,2,-17,0,0,2,0
"H",6,0,2,-2,0,0,657,190
"H",6,0,2,-2,0,1,1,0
"H",6,0,2,-2,0,2,1,0
"H",6,0,2,-2,1,0,1,0
"H",6,0,2,-2,1,1,1,0
"H",6,0,2,-3,0,0,507,112
"H",6,0,2,-3,0,1,1,0
"H",6,0,2,-3,0,2,1,0
"H",6,0,2,-3,1,0,1,0
"H",6,0,2,-3,1,1,1,0
"H",6,0,2,-3,1,2,2,0
"H",6,0,2,-4,0,0,392,52
"H",6,0,2,-5,0,0,253,22
"H",6,0,2,-5,0,1,1,0
"H",6,0,2,-5,1,0,1,0
"H",6,0,2,-5,1,1,2,0
"H",6,0,2,-5,2,1,1,0
"H",6,0,2,-5,2,2,1,0
"H",6,0,2,-6,0,0,150,9
"H",6,0,2,-7,0,0,90,3
"H",6,0,2,-8,0,0,60,0
"H",6,0,2,-8,0,1,1,0
"H",6,0,2,-9,0,0,27,0
"H",6,0,2,0,0,0,932,608
"H",6,0,2,0,0,1,4,4
"H",6,0,2,0,0,2,1,1
"H",6,0,2,0,1,0,3,1
"H",6,0,2,0,1,1,5,4
"H",6,0,2,0,2,1,2,2
"H",6,0,2,0,2,2,2,2
"H",6,0,2,1,0,0,813,657
"H",6,0,2,1,0,1,1,1
"H",6,0,2,1,0,2,1,1
"H",6,0,2,1,1,0,2,1
"H",6,0,2,1,1,1,1,1
"H",6,0,2,1,2,1,1,1
"H",6,0,2,1,3,1,1,1
"H",6,0,2,10,0,0,17,17
"H",6,0,2,11,0,0,15,15
"H",6,0,2,12,0,0,4,4
"H",6,0,2,13,0,0,3,3
"H",6,0,2,14,0,0,2,2
"H",6,0,2,15,0,0,2,2
"H",6,0,2,17,0,0,2,2
"H",6,0,2,2,0,0,652,579
"H",6,0,2,2,0,1,2,2
"H",6,0,2,2,1,0,1,1
"H",6,0,2,2,1,1,1,1
"H",6,0,2,2,2,1,1,1
"H",6,0,2,2,2,2,1,1
"H",6,0,2,3,0,0,468,442
"H",6,0,2,3,0,1,1,1
"H",6,0,2,3,1,0,1,1
"H",6,0,2,3,1,1,1,1
"H",6,0,2,3,1,2,1,1
"H",6,0,2,3,2,2,1,1
"H",6,0,2,3,3,2,1,1
"H",6,0,2,4,0,0,317,312
"H",6,0,2,5,0,0,217,215
"H",6,0,2,5,0,1,1,1
"H",6,0,2,5,1,0,1,1
"H",6,0,2,5,1,1,2,2
"H",6,0,2,5,1,2,1,1
"H",6,0,2,5,2,1,1,1
"H",6,0,2,5,2,2,1,1
"H",6,0,2,6,0,0,146,144
"H",6,0,2,6,0,1,1,1
"H",6,0,2,6,0,2,1,1
"H",6,0,2,7,0,0,91,90
"H",6,0,2,8,0,0,58,57
"H",6,0,2,9,0,0,45,45
"H",6,0,3,-1,0,0,192,88
"H",6,0,3,-1,1,0,1,1
"H",6,0,3,-1,2,0,1,1
"H",6,0,3,-1,3,0,1,1
"H",6,0,3,-1,3,1,1,1
"H",6,0,3,-1,3,2,1,1
"H",6,0,3,-10,0,0,3,0
"H",6,0,3,-11,0,0,2,0
"H",6,0,3,-12,0,0,2,0
"H",6,0,3,-14,0,0,2,0
"H",6,0,3,-15,0,0,1,0
"H",6,0,3,-16,0,0,1,0
"H",6,0,3,-2,0,0,154,56
"H",6,0,3,-2,0,1,1,0
"H",6,0,3,-2,1,1,1,0
"H",6,0,3,-3,0,0,110,24
"H",6,0,3,-4,0,0,65,9
"H",6,0,3,-4,0,1,1,0
"H",6,0,3,-4,1,0,1,0
"H",6,0,3,-4,1,1,1,0
"H",6,0,3,-4,2,0,1,0
"H",6,0,3,-4,2,1,1,0
"H",6,0,3,-4,3,0,1,0
"H",6,0,3,-5,0,0,51,1
"H",6,0,3,-6,0,0,37,2
"H",6,0,3,-7,0,0,20,0
"H",6,0,3,-8,0,0,14,0
"H",6,0,3,-9,0,0,7,1
"H",6,0,3,0,0,0,221,154
"H",6,0,3,1,0,0,212,173
"H",6,0,3,10,0,0,8,8
"H",6,0,3,11,0,0,3,3
"H",6,0,3,13,0,0,1,1
"H",6,0,3,16,0,0,1,1
"H",6,0,3,2,0,0,171,163
"H",6,0,3,3,0,0,143,134
"H",6,0,3,4,0,0,69,68
"H",6,0,3,5,0,0,47,45
"H",6,0,3,6,0,0,45,44
"H",6,0,3,7,0,0,28,28
"H",6,0,3,8,0,0,21,21
"H",6,0,3,9,0,0,11,11
"H",6,0,4,-1,0,0,152,91
"H",6,0,4,-10,0,0,5,0
"H",6,0,4,-11,0,0,5,0
"H",6,0,4,-12,0,0,5,0
"H",6,0,4,-14,0,0,1,0
"H",6,0,4,-2,0,0,172,66
"H",6,0,4,-3,0,0,135,42
"H",6,0,4,-4,0,0,114,22
"H",6,0,4,-4,1,0,1,0
"H",6,0,4,-4,2,0,1,0
"H",6,0,4,-4,3,0,1,0
"H",6,0,4,-5,0,0,60,9
"H",6,0,4,-5,0,1,2,0
"H",6,0,4,-5,1,1,1,0
"H",6,0,4,-5,1,2,1,0
"H",6,0,4,-6,0,0,42,6
"H",6,0,4,-7,0,0,24,0
"H",6,0,4,-8,0,0,19,0
"H",6,0,4,-9,0,0,8,0
"H",6,0,4,0,0,0,153,113
"H",6,0,4,0,0,1,1,0
"H",6,0,4,0,0,2,1,0
"H",6,0,4,1,0,0,169,145
"H",6,0,4,10,0,0,5,5
"H",6,0,4,11,0,0,3,3
"H",6,0,4,12,0,0,3,3
"H",6,0,4,2,0,0,142,128
"H",6,0,4,3,0,0,101,97
"H",6,0,4,4,0,0,79,77
"H",6,0,4,5,0,0,44,44
"H",6,0,4,6,0,0,32,31
"H",6,0,4,7,0,0,24,24
"H",6,0,4,8,0,0,21,21
"H",6,0,4,9,0,0,8,8
"H",6,0,5,-1,0,0,57,33
"H",6,0,5,-1,1,0,1,1
"H",6,0,5,-1,2,0,1,1
"H",6,0,5,-1,2,1,1,1
"H",6,0,5,-1,3,1,1,1
"H",6,0,5,-10,0,0,3,0
"H",6,0,5,-12,0,0,1,1
"H",6,0,5,-2,0,0,48,22
"H",6,0,5,-3,0,0,26,6
"H",6,0,5,-4,0,0,27,10
"H",6,0,5,-5,0,0,14,1
"H",6,0,5,-6,0,0,12,1
"H",6,0,5,-7,0,0,7,0
"H",6,0,5,-8,0,0,1,0
"H",6,0,5,-9,0,0,2,0
"H",6,0,5,0,0,0,71,59
"H",6,0,5,1,0,0,79,72
"H",6,0,5,10,0,0,2,2
"H",6,0,5,11,0,0,1,1
"H",6,0,5,12,0,0,2,2
"H",6,0,5,2,0,0,93,86
"H",6,0,5,3,0,0,55,54
"H",6,0,5,3,1,0,1,1
"H",6,0,5,3,1,1,1,1
"H",6,0,5,4,0,0,31,31
"H",6,0,5,5,0,0,34,32
"H",6,0,5,6,0,0,17,17
"H",6,0,5,7,0,0,16,16
"H",6,0,5,8,0,0,13,13
"H",6,0,5,9,0,0,5,5
"H",6,0,6,-1,0,0,69,45
"H",6,0,6,-10,0,0,2,0
"H",6,0,6,-2,0,0,68,32
"H",6,0,6,-3,0,0,43,13
"H",6,0,6,-4,0,0,26,7
"H",6,0,6,-5,0,0,29,3
"H",6,0,6,-6,0,0,17,0
"H",6,0,6,-7,0,0,9,0
"H",6,0,6,-8,0,0,3,0
"H",6,0,6,-9,0,0,1,0
"H",6,0,6,0,0,0,86,67
"H",6,0,6,0,1,0,1,1
"H",6,0,6,1,0,0,79,66
"H",6,0,6,10,0,0,9,9
"H",6,0,6,11,0,0,4,4
"H",6,0,6,12,0,0,2,2
"H",6,0,6,2,0,0,69,67
"H",6,0,6,3,0,0,32,31
"H",6,0,6,4,0,0,27,27
"H",6,0,6,5,0,0,21,21
"H",6,0,6,6,0,0,19,19
"H",6,0,6,7,0,0,10,10
"H",6,0,6,8,0,0,6,6
"H",6,0,6,9,0,0,4,4
"H",6,0,7,-1,0,0,35,16
"H",6,0,7,-10,0,0,1,0
"H",6,0,7,-11,0,0,1,0
"H",6,0,7,-2,0,0,32,15
"H",6,0,7,-3,0,0,30,14
"H",6,0,7,-4,0,0,23,7
"H",6,0,7,-5,0,0,18,6
"H",6,0,7,-6,0,0,9,1
"H",6,0,7,-7,0,0,3,0
"H",6,0,7,-8,0,0,4,0
"H",6,0,7,-9,0,0,2,1
"H",6,0,7,0,0,0,43,35
"H",6,0,7,1,0,0,38,34
"H",6,0,7,10,0,0,1,1
"H",6,0,7,11,0,0,2,2
"H",6,0,7,12,0,0,1,1
"H",6,0,7,2,0,0,40,39
"H",6,0,7,3,0,0,23,23
"H",6,0,7,4,0,0,14,14
"H",6,0,7,5,0,0,16,15
"H",6,0,7,6,0,0,14,14
"H",6,0,7,7,0,0,7,7
"H",6,0,7,8,0,0,6,6
"H",6,0,7,9,0,0,6,6
"H",6,0,8,-1,0,0,34,26
"H",6,0,8,-10,0,0,1,0
"H",6,0,8,-11,0,0,2,0
"H",6,0,8,-2,0,0,39,19
"H",6,0,8,-3,0,0,23,9
"H",6,0,8,-4,0,0,25,8
"H",6,0,8,-5,0,0,12,4
"H",6,0,8,-6,0,0,10,1
"H",6,0,8,-7,0,0,4,0
"H",6,0,8,-8,0,0,5,0
"H",6,0,8,-9,0,0,1,0
"H",6,0,8,0,0,0,46,37
"H",6,0,8,1,0,0,53,52
"H",6,0,8,10,0,0,2,2
"H",6,0,8,11,0,0,2,2
"H",6,0,8,12,0,0,1,1
"H",6,0,8,2,0,0,42,39
"H",6,0,8,3,0,0,24,24
"H",6,0,8,4,0,0,26,26
"H",6,0,8,5,0,0,12,12
"H",6,0,8,6,0,0,11,11
"H",6,0,8,7,0,0,8,8
"H",6,0,8,8,0,0,7,7
"H",6,0,8,9,0,0,3,3
"H",6,1,1,-1,0,0,2017,743
"H",6,1,1,-1,0,1,5,3
"H",6,1,1,-1,0,2,1,0
"H",6,1,1,-1,1,0,7,2
"H",6,1,1,-1,1,1,3,2
"H",6,1,1,-1,1,2,1,0
"H",6,1,1,-1,2,0,3,2
"H",6,1,1,-1,2,1,3,2
"H",6,1,1,-1,3,0,2,1
"H",6,1,1,-10,0,0,50,0
"H",6,1,1,-10,0,1,1,0
"H",6,1,1,-10,1,1,1,0
"H",6,1,1,-11,0,0,36,0
"H",6,1,1,-12,0,0,23,0
"H",6,1,1,-13,0,0,9,0
"H",6,1,1,-14,0,0,5,0
"H",6,1,1,-14,1,0,1,0
"H",6,1,1,-14,1,1,1,0
"H",6,1,1,-14,1,2,1,0
"H",6,1,1,-15,0,0,3,0
"H",6,1,1,-16,0,0,5,0
"H",6,1,1,-17,0,0,2,0
"H",6,1,1,-18,0,0,1,0
"H",6,1,1,-19,0,0,1,0
"H",6,1,1,-2,0,0,1528,339
"H",6,1,1,-2,0,1,4,0
"H",6,1,1,-2,1,0,6,3
"H",6,1,1,-2,1,1,7,2
"H",6,1,1,-2,1,2,5,2
"H",6,1,1,-2,2,1,2,0
"H",6,1,1,-2,2,2,1,1
"H",6,1,1,-2,3,1,1,0
"H",6,1,1,-2,3,2,2,1
"H",6,1,1,-3,0,0,1158,136
"H",6,1,1,-3,0,1,4,1
"H",6,1,1,-3,0,2,1,0
"H",6,1,1,-3,1,0,4,1
"H",6,1,1,-3,1,1,3,0
"H",6,1,1,-3,1,2,1,0
"H",6,1,1,-3,2,0,1,0
"H",6,1,1,-3,2,1,1,0
"H",6,1,1,-3,2,2,1,0
"H",6,1,1,-3,3,0,1,0
"H",6,1,1,-3,3,1,1,0
"H",6,1,1,-3,3,2,2,0
"H",6,1,1,-4,0,0,751,60
"H",6,1,1,-4,0,1,2,0
"H",6,1,1,-4,0,2,1,0
"H",6,1,1,-4,1,0,3,0
"H",6,1,1,-4,1,1,2,0
"H",6,1,1,-4,1,2,1,0
"H",6,1,1,-4,2,0,1,0
"H",6,1,1,-4,3,0,1,0
"H",6,1,1,-4,3,1,1,0
"H",6,1,1,-5,0,0,596,35
"H",6,1,1,-5,0,1,2,0
"H",6,1,1,-5,0,2,1,0
"H",6,1,1,-5,1,0,1,0
"H",6,1,1,-5,1,1,1,0
"H",6,1,1,-5,1,2,2,0
"H",6,1,1,-5,2,2,1,0
"H",6,1,1,-5,3,2,1,0
"H",6,1,1,-6,0,0,380,11
"H",6,1,1,-7,0,0,224,4
"H",6,1,1,-7,1,0,1,1
"H",6,1,1,-7,1,1,1,1
"H",6,1,1,-8,0,0,134,2
"H",6,1,1,-9,0,0,77,0
"H",6,1,1,0,0,0,2302,1307
"H",6,1,1,0,0,1,8,2
"H",6,1,1,0,0,2,5,2
"H",6,1,1,0,1,0,8,5
"H",6,1,1,0,1,1,5,2
"H",6,1,1,0,1,2,6,2
"H",6,1,1,0,2,0,2,1
"H",6,1,1,0,2,1,3,2
"H",6,1,1,0,2,2,2,2
"H",6,1,1,0,3,0,1,0
"H",6,1,1,0,3,1,1,0
"H",6,1,1,0,3,2,3,2
"H",6,1,1,1,0,0,1892,1478
"H",6,1,1,1,0,1,5,4
"H",6,1,1,1,0,2,4,4
"H",6,1,1,1,1,0,9,6
"H",6,1,1,1,1,1,5,4
"H",6,1,1,1,1,2,4,4
"H",6,1,1,1,2,0,1,0
"H",6,1,1,1,2,1,2,2
"H",6,1,1,1,2,2,4,4
"H",6,1,1,1,3,0,1,0
"H",6,1,1,1,3,1,1,0
"H",6,1,1,1,3,2,3,2
"H",6,1,1,10,0,0,39,39
"H",6,1,1,10,0,1,1,1
"H",6,1,1,10,0,2,1,1
"H",6,1,1,11,0,0,17,17
"H",6,1,1,12,0,0,16,16
"H",6,1,1,13,0,0,9,9
"H",6,1,1,14,0,0,4,4
"H",6,1,1,15,0,0,4,4
"H",6,1,1,16,0,0,2,2
"H",6,1,1,17,0,0,1,1
"H",6,1,1,2,0,0,1466,1261
"H",6,1,1,2,0,1,9,9
"H",6,1,1,2,0,2,4,4
"H",6,1,1,2,1,0,7,5
"H",6,1,1,2,1,1,6,4
"H",6,1,1,2,1,2,4,4
"H",6,1,1,2,2,0,2,2
"H",6,1,1,2,2,1,2,1
"H",6,1,1,2,2,2,4,4
"H",6,1,1,2,3,0,2,2
"H",6,1,1,2,3,1,2,1
"H",6,1,1,2,3,2,3,3
"H",6,1,1,3,0,0,1065,980
"H",6,1,1,3,0,1,5,5
"H",6,1,1,3,0,2,1,1
"H",6,1,1,3,1,0,3,3
"H",6,1,1,3,1,1,6,6
"H",6,1,1,3,1,2,5,5
"H",6,1,1,3,2,1,1,1
"H",6,1,1,3,2,2,4,4
"H",6,1,1,3,3,2,3,3
"H",6,1,1,4,0,0,706,676
"H",6,1,1,4,1,0,1,1
"H",6,1,1,4,1,1,1,1
"H",6,1,1,4,1,2,1,1
"H",6,1,1,5,0,0,485,473
"H",6,1,1,5,0,1,2,2
"H",6,1,1,5,1,0,3,3
"H",6,1,1,5,1,1,2,2
"H",6,1,1,5,1,2,1,1
"H",6,1,1,5,2,0,2,2
"H",6,1,1,5,3,0,1,1
"H",6,1,1,6,0,0,321,320
"H",6,1,1,6,0,1,2,2
"H",6,1,1,6,0,2,2,2
"H",6,1,1,6,1,0,1,1
"H",6,1,1,6,1,1,1,1
"H",6,1,1,6,1,2,1,1
"H",6,1,1,6,2,2,1,1
"H",6,1,1,6,3,2,1,1
"H",6,1,1,7,0,0,203,202
"H",6,1,1,8,0,0,120,120
"H",6,1,1,8,1,0,1,1
"H",6,1,1,9,0,0,71,71
"H",6,1,2,-1,0,0,882,404
"H",6,1,2,-1,0,1,3,2
"H",6,1,2,-1,1,0,2,2
"H",6,1,2,-1,1,1,5,4
"H",6,1,2,-1,1,2,4,3
"H",6,1,2,-1,2,1,1,1
"H",6,1,2,-1,2,2,2,1
"H",6,1,2,-1,3,1,1,1
"H",6,1,2,-1,3,2,2,2
"H",6,1,2,-10,0,0,17,0
"H",6,1,2,-11,0,0,14,0
"H",6,1,2,-11,0,1,1,0
"H",6,1,2,-11,1,1,1,0
"H",6,1,2,-11,2,1,1,0
"H",6,1,2,-12,0,0,9,0
"H",6,1,2,-13,0,0,5,0
"H",6,1,2,-14,0,0,2,0
"H",6,1,2,-16,0,0,4,0
"H",6,1,2,-17,0,0,1,0
"H",6,1,2,-2,0,0,743,196
"H",6,1,2,-2,0,1,4,0
"H",6,1,2,-2,0,2,1,0
"H",6,1,2,-2,1,0,1,0
"H",6,1,2,-2,1,1,3,0
"H",6,1,2,-3,0,0,578,91
"H",6,1,2,-3,0,1,3,2
"H",6,1,2,-3,0,2,2,1
"H",6,1,2,-3,1,0,2,1
"H",6,1,2,-3,1,1,1,0
"H",6,1,2,-3,1,2,2,0
"H",6,1,2,-3,2,2,2,0
"H",6,1,2,-3,3,2,1,0
"H",6,1,2,-4,0,0,434,42
"H",6,1,2,-4,0,1,1,0
"H",6,1,2,-4,1,1,1,0
"H",6,1,2,-5,0,0,298,15
"H",6,1,2,-6,0,0,195,8
"H",6,1,2,-7,0,0,117,3
"H",6,1,2,-8,0,0,70,0
"H",6,1,2,-8,0,1,2,0
"H",6,1,2,-8,0,2,1,0
"H",6,1,2,-8,1,1,1,0
"H",6,1,2,-8,1,2,1,0
"H",6,1,2,-9,0,0,32,0
"H",6,1,2,0,0,0,999,603
"H",6,1,2,0,0,1,1,0
"H",6,1,2,0,1,0,3,3
"H",6,1,2,0,1,1,2,1
"H",6,1,2,0,1,2,1,0
"H",6,1,2,0,2,0,2,2
"H",6,1,2,0,2,1,1,1
"H",6,1,2,0,2,2,1,1
"H",6,1,2,0,3,0,1,1
"H",6,1,2,1,0,0,886,716
"H",6,1,2,1,0,1,6,3
"H",6,1,2,1,0,2,3,1
"H",6,1,2,1,1,0,4,4
"H",6,1,2,1,1,1,2,1
"H",6,1,2,1,1,2,1,0
"H",6,1,2,1,2,1,1,1
"H",6,1,2,1,2,2,1,0
"H",6,1,2,10,0,0,32,32
"H",6,1,2,11,0,0,17,17
"H",6,1,2,12,0,0,11,11
"H",6,1,2,13,0,0,4,4
"H",6,1,2,14,0,0,3,3
"H",6,1,2,15,0,0,4,4
"H",6,1,2,16,0,0,4,4
"H",6,1,2,17,0,0,3,3
"H",6,1,2,2,0,0,682,596
"H",6,1,2,2,0,1,2,2
"H",6,1,2,2,0,2,1,1
"H",6,1,2,2,1,0,4,2
"H",6,1,2,2,1,1,1,0
"H",6,1,2,2,1,2,1,1
"H",6,1,2,2,2,0,2,2
"H",6,1,2,2,2,1,2,1
"H",6,1,2,2,2,2,1,0
"H",6,1,2,2,3,2,1,0
"H",6,1,2,3,0,0,553,516
"H",6,1,2,3,1,0,3,3
"H",6,1,2,3,1,1,1,1
"H",6,1,2,3,2,0,1,1
"H",6,1,2,4,0,0,406,389
"H",6,1,2,4,0,1,1,1
"H",6,1,2,4,1,0,1,1
"H",6,1,2,4,1,1,1,1
"H",6,1,2,4,2,1,1,1
"H",6,1,2,5,0,0,242,240
"H",6,1,2,5,0,1,1,1
"H",6,1,2,5,0,2,1,1
"H",6,1,2,5,1,0,2,2
"H",6,1,2,5,1,2,1,1
"H",6,1,2,5,2,0,1,1
"H",6,1,2,5,2,1,1,1
"H",6,1,2,6,0,0,189,189
"H",6,1,2,6,1,0,1,1
"H",6,1,2,6,1,1,1,1
"H",6,1,2,6,2,1,1,1
"H",6,1,2,7,0,0,134,132
"H",6,1,2,8,0,0,64,64
"H",6,1,2,9,0,0,58,58
"H",6,1,3,-1,0,0,466,208
"H",6,1,3,-1,0,1,1,1
"H",6,1,3,-1,0,2,1,1
"H",6,1,3,-1,1,0,1,1
"H",6,1,3,-1,2,0,1,1
"H",6,1,3,-1,3,0,1,1
"H",6,1,3,-10,0,0,8,0
"H",6,1,3,-11,0,0,5,0
"H",6,1,3,-13,0,0,1,0
"H",6,1,3,-14,0,0,2,0
"H",6,1,3,-15,0,0,1,0
"H",6,1,3,-2,0,0,244,73
"H",6,1,3,-2,1,0,1,0
"H",6,1,3,-2,1,1,1,0
"H",6,1,3,-2,2,1,1,0
"H",6,1,3,-3,0,0,179,30
"H",6,1,3,-3,1,0,1,0
"H",6,1,3,-3,1,1,1,0
"H",6,1,3,-3,1,2,1,0
"H",6,1,3,-3,2,2,1,0
"H",6,1,3,-4,0,0,123,15
"H",6,1,3,-5,0,0,98,8
"H",6,1,3,-6,0,0,56,6
"H",6,1,3,-7,0,0,34,1
"H",6,1,3,-8,0,0,17,0
"H",6,1,3,-9,0,0,11,0
"H",6,1,3,0,0,0,598,364
"H",6,1,3,0,0,1,2,1
"H",6,1,3,0,1,0,2,2
"H",6,1,3,0,1,1,3,2
"H",6,1,3,0,1,2,1,1
"H",6,1,3,0,2,0,1,1
"H",6,1,3,0,2,1,2,1
"H",6,1,3,0,3,0,1,1
"H",6,1,3,0,3,1,2,1
"H",6,1,3,0,3,2,1,0
"H",6,1,3,1,0,0,541,431
"H",6,1,3,1,0,1,1,1
"H",6,1,3,1,1,0,1,1
"H",6,1,3,1,1,1,1,1
"H",6,1,3,1,1,2,1,1
"H",6,1,3,1,2,0,1,1
"H",6,1,3,1,2,2,1,1
"H",6,1,3,1,3,0,1,1
"H",6,1,3,1,3,2,1,1
"H",6,1,3,10,0,0,20,20
"H",6,1,3,10,1,0,1,1
"H",6,1,3,10,1,1,1,1
"H",6,1,3,10,2,1,1,1
"H",6,1,3,10,3,1,1,1
"H",6,1,3,10,3,2,1,1
"H",6,1,3,11,0,0,11,11
"H",6,1,3,12,0,0,2,2
"H",6,1,3,13,0,0,6,6
"H",6,1,3,14,0,0,2,2
"H",6,1,3,15,0,0,1,1
"H",6,1,3,2,0,0,442,392
"H",6,1,3,2,0,1,1,1
"H",6,1,3,2,1,0,3,3
"H",6,1,3,2,1,1,2,2
"H",6,1,3,2,2,0,1,1
"H",6,1,3,2,2,1,1,1
"H",6,1,3,3,0,0,368,344
"H",6,1,3,3,1,0,2,2
"H",6,1,3,3,2,0,1,1
"H",6,1,3,3,2,1,1,1
"H",6,1,3,4,0,0,215,211
"H",6,1,3,5,0,0,160,158
"H",6,1,3,5,0,1,1,1
"H",6,1,3,5,0,2,1,1
"H",6,1,3,5,1,0,1,1
"H",6,1,3,5,1,2,1,1
"H",6,1,3,5,2,0,1,1
"H",6,1,3,5,2,1,1,1
"H",6,1,3,5,2,2,1,1
"H",6,1,3,5,3,1,1,1
"H",6,1,3,5,3,2,2,2
"H",6,1,3,6,0,0,113,112
"H",6,1,3,6,0,1,1,1
"H",6,1,3,6,1,1,1,1
"H",6,1,3,6,1,2,1,1
"H",6,1,3,6,2,2,1,1
"H",6,1,3,7,0,0,68,68
"H",6,1,3,8,0,0,40,39
"H",6,1,3,9,0,0,35,35
"H",6,1,4,-1,0,0,282,163
"H",6,1,4,-1,0,1,3,2
"H",6,1,4,-1,0,2,1,1
"H",6,1,4,-1,1,2,1,1
"H",6,1,4,-1,2,2,1,1
"H",6,1,4,-1,3,2,1,1
"H",6,1,4,-10,0,0,11,0
"H",6,1,4,-11,0,0,7,0
"H",6,1,4,-12,0,0,3,0
"H",6,1,4,-13,0,0,1,0
"H",6,1,4,-14,0,0,2,0
"H",6,1,4,-15,0,0,1,0
"H",6,1,4,-16,0,0,1,0
"H",6,1,4,-17,0,0,1,0
"H",6,1,4,-2,0,0,226,73
"H",6,1,4,-2,0,1,2,1
"H",6,1,4,-2,1,1,2,1
"H",6,1,4,-2,1,2,1,0
"H",6,1,4,-3,0,0,179,39
"H",6,1,4,-4,0,0,151,27
"H",6,1,4,-4,0,1,1,0
"H",6,1,4,-4,0,2,1,0
"H",6,1,4,-4,1,0,1,0
"H",6,1,4,-4,1,1,1,0
"H",6,1,4,-4,2,1,1,0
"H",6,1,4,-4,2,2,1,0
"H",6,1,4,-5,0,0,98,4
"H",6,1,4,-5,0,1,1,0
"H",6,1,4,-5,0,2,1,0
"H",6,1,4,-5,1,2,1,0
"H",6,1,4,-6,0,0,69,4
"H",6,1,4,-6,0,1,1,1
"H",6,1,4,-6,1,1,1,1
"H",6,1,4,-6,2,1,1,1
"H",6,1,4,-6,3,1,1,1
"H",6,1,4,-6,3,2,1,1
"H",6,1,4,-7,0,0,32,0
"H",6,1,4,-8,0,0,26,0
"H",6,1,4,-9,0,0,12,0
"H",6,1,4,0,0,0,293,181
"H",6,1,4,0,0,1,1,0
"H",6,1,4,0,1,1,1,0
"H",6,1,4,0,2,1,1,0
"H",6,1,4,0,2,2,1,0
"H",6,1,4,0,3,2,1,0
"H",6,1,4,1,0,0,290,234
"H",6,1,4,1,1,0,1,1
"H",6,1,4,1,1,1,1,1
"H",6,1,4,1,2,1,1,1
"H",6,1,4,10,0,0,14,14
"H",6,1,4,11,0,0,6,6
"H",6,1,4,12,0,0,6,6
"H",6,1,4,13,0,0,3,3
"H",6,1,4,15,0,0,1,1
"H",6,1,4,2,0,0,217,189
"H",6,1,4,3,0,0,204,186
"H",6,1,4,4,0,0,139,137
"H",6,1,4,4,0,1,1,1
"H",6,1,4,4,1,0,1,1
"H",6,1,4,4,1,1,2,2
"H",6,1,4,4,1,2,1,1
"H",6,1,4,4,2,2,1,1
"H",6,1,4,5,0,0,101,100
"H",6,1,4,5,0,1,1,1
"H",6,1,4,5,1,0,1,1
"H",6,1,4,5,1,1,1,1
"H",6,1,4,5,2,1,1,1
"H",6,1,4,6,0,0,65,63
"H",6,1,4,7,0,0,46,46
"H",6,1,4,8,0,0,25,25
"H",6,1,4,9,0,0,21,21
"H",6,1,5,-1,0,0,167,79
"H",6,1,5,-1,1,0,1,1
"H",6,1,5,-1,1,1,1,1
"H",6,1,5,-1,1,2,1,1
"H",6,1,5,-10,0,0,3,0
"H",6,1,5,-11,0,0,2,0
"H",6,1,5,-12,0,0,1,1
"H",6,1,5,-2,0,0,116,42
"H",6,1,5,-3,0,0,78,15
"H",6,1,5,-4,0,0,51,9
"H",6,1,5,-4,1,0,1,0
"H",6,1,5,-4,1,1,1,0
"H",6,1,5,-4,2,1,1,0
"H",6,1,5,-4,3,1,1,0
"H",6,1,5,-5,0,0,32,1
"H",6,1,5,-6,0,0,21,1
"H",6,1,5,-7,0,0,12,0
"H",6,1,5,-8,0,0,8,0
"H",6,1,5,-8,0,1,1,0
"H",6,1,5,-8,1,1,1,0
"H",6,1,5,-9,0,0,5,0
"H",6,1,5,0,0,0,217,155
"H",6,1,5,1,0,0,213,175
"H",6,1,5,10,0,0,7,7
"H",6,1,5,11,0,0,4,4
"H",6,1,5,12,0,0,2,2
"H",6,1,5,13,0,0,3,3
"H",6,1,5,14,0,0,1,1
"H",6,1,5,15,0,0,2,2
"H",6,1,5,16,0,0,1,1
"H",6,1,5,2,0,0,204,188
"H",6,1,5,2,0,1,1,1
"H",6,1,5,2,1,0,1,1
"H",6,1,5,2,1,1,1,1
"H",6,1,5,2,2,0,1,1
"H",6,1,5,2,2,1,1,1
"H",6,1,5,2,3,0,1,1
"H",6,1,5,3,0,0,167,162
"H",6,1,5,3,1,0,1,1
"H",6,1,5,3,1,1,1,1
"H",6,1,5,3,2,1,1,1
"H",6,1,5,3,3,1,1,1
"H",6,1,5,3,3,2,1,1
"H",6,1,5,4,0,0,111,108
"H",6,1,5,4,0,1,1,1
"H",6,1,5,4,0,2,1,1
"H",6,1,5,4,1,2,1,1
"H",6,1,5,4,2,2,1,1
"H",6,1,5,4,3,2,1,1
"H",6,1,5,5,0,0,89,87
"H",6,1,5,6,0,0,46,45
"H",6,1,5,7,0,0,46,46
"H",6,1,5,8,0,0,25,25
"H",6,1,5,9,0,0,16,16
"H",6,1,6,-1,0,0,141,68
"H",6,1,6,-1,1,0,1,1
"H",6,1,6,-11,0,0,1,0
"H",6,1,6,-14,0,0,1,0
"H",6,1,6,-2,0,0,128,43
"H",6,1,6,-3,0,0,94,24
"H",6,1,6,-3,1,0,1,1
"H",6,1,6,-3,2,0,1,1
"H",6,1,6,-3,2,1,1,1
"H",6,1,6,-4,0,0,67,9
"H",6,1,6,-5,0,0,48,8
"H",6,1,6,-5,1,0,1,0
"H",6,1,6,-5,2,0,1,0
"H",6,1,6,-5,3,0,1,0
"H",6,1,6,-6,0,0,25,2
"H",6,1,6,-7,0,0,22,0
"H",6,1,6,-8,0,0,8,0
"H",6,1,6,-9,0,0,9,0
"H",6,1,6,0,0,0,175,132
"H",6,1,6,1,0,0,170,135
"H",6,1,6,10,0,0,12,12
"H",6,1,6,11,0,0,6,6
"H",6,1,6,12,0,0,2,2
"H",6,1,6,13,0,0,3,3
"H",6,1,6,14,0,0,1,1
"H",6,1,6,2,0,0,147,135
"H",6,1,6,2,0,1,2,2
"H",6,1,6,2,0,2,2,2
"H",6,1,6,2,1,2,1,1
"H",6,1,6,3,0,0,116,111
"H",6,1,6,4,0,0,95,94
"H",6,1,6,5,0,0,61,60
"H",6,1,6,6,0,0,48,48
"H",6,1,6,7,0,0,39,39
"H",6,1,6,8,0,0,14,14
"H",6,1,6,9,0,0,11,11
"H",6,1,7,-1,0,0,137,77
"H",6,1,7,-10,0,0,2,0
"H",6,1,7,-11,0,0,1,0
"H",6,1,7,-12,0,0,2,0
"H",6,1,7,-2,0,0,117,42
"H",6,1,7,-3,0,0,78,20
"H",6,1,7,-4,0,0,48,9
"H",6,1,7,-5,0,0,26,3
"H",6,1,7,-6,0,0,15,0
"H",6,1,7,-7,0,0,13,2
"H",6,1,7,-8,0,0,3,0
"H",6,1,7,-9,0,0,3,0
"H",6,1,7,0,0,0,142,114
"H",6,1,7,1,0,0,148,122
"H",6,1,7,10,0,0,7,7
"H",6,1,7,11,0,0,4,4
"H",6,1,7,12,0,0,2,2
"H",6,1,7,13,0,0,2,2
"H",6,1,7,2,0,0,133,129
"H",6,1,7,3,0,0,102,99
"H",6,1,7,4,0,0,67,66
"H",6,1,7,5,0,0,54,54
"H",6,1,7,6,0,0,39,39
"H",6,1,7,6,0,1,2,2
"H",6,1,7,6,1,1,2,2
"H",6,1,7,6,2,1,1,1
"H",6,1,7,6,3,1,1,1
"H",6,1,7,7,0,0,22,22
"H",6,1,7,8,0,0,10,10
"H",6,1,7,9,0,0,13,13
"H",6,1,8,-1,0,0,93,56
"H",6,1,8,-1,1,0,1,1
"H",6,1,8,-1,1,1,1,1
"H",6,1,8,-10,0,0,1,0
"H",6,1,8,-11,0,0,4,0
"H",6,1,8,-13,0,0,1,0
"H",6,1,8,-14,0,0,2,0
"H",6,1,8,-2,0,0,57,20
"H",6,1,8,-3,0,0,60,19
"H",6,1,8,-4,0,0,52,12
"H",6,1,8,-5,0,0,21,4
"H",6,1,8,-6,0,0,16,1
"H",6,1,8,-7,0,0,8,0
"H",6,1,8,-8,0,0,10,0
"H",6,1,8,0,0,0,115,86
"H",6,1,8,0,0,1,1,0
"H",6,1,8,0,1,1,1,0
"H",6,1,8,0,2,1,1,0
"H",6,1,8,0,2,2,1,0
"H",6,1,8,0,3,2,1,0
"H",6,1,8,1,0,0,106,94
"H",6,1,8,10,0,0,4,4
"H",6,1,8,11,0,0,2,2
"H",6,1,8,12,0,0,3,3
"H",6,1,8,2,0,0,97,89
"H",6,1,8,3,0,0,64,61
"H",6,1,8,4,0,0,46,46
"H",6,1,8,5,0,0,36,36
"H",6,1,8,5,0,1,1,1
"H",6,1,8,5,1,0,1,1
"H",6,1,8,5,1,1,2,2
"H",6,1,8,5,2,1,2,2
"H",6,1,8,6,0,0,30,30
"H",6,1,8,7,0,0,20,20
"H",6,1,8,8,0,0,13,13
"H",6,1,8,9,0,0,4,4
"H",6,2,1,-1,0,0,1537,502
"H",6,2,1,-1,0,1,3,0
"H",6,2,1,-1,0,2,1,0
"H",6,2,1,-1,1,0,4,2
"H",6,2,1,-1,1,1,4,1
"H",6,2,1,-1,1,2,2,0
"H",6,2,1,-1,2,0,1,1
"H",6,2,1,-1,2,1,4,2
"H",6,2,1,-1,2,2,3,1
"H",6,2,1,-1,3,1,2,1
"H",6,2,1,-1,3,2,2,1
"H",6,2,1,-10,0,0,39,0
"H",6,2,1,-11,0,0,22,1
"H",6,2,1,-12,0,0,17,0
"H",6,2,1,-13,0,0,5,0
"H",6,2,1,-14,0,0,4,0
"H",6,2,1,-15,0,0,3,0
"H",6,2,1,-16,0,0,2,0
"H",6,2,1,-17,0,0,3,0
"H",6,2,1,-18,0,0,1,0
"H",6,2,1,-19,0,0,1,0
"H",6,2,1,-2,0,0,1161,215
"H",6,2,1,-2,0,1,5,1
"H",6,2,1,-2,0,2,2,1
"H",6,2,1,-2,1,0,7,3
"H",6,2,1,-2,1,1,7,3
"H",6,2,1,-2,1,2,5,3
"H",6,2,1,-2,2,0,2,0
"H",6,2,1,-2,2,1,4,1
"H",6,2,1,-2,2,2,2,2
"H",6,2,1,-2,3,0,1,0
"H",6,2,1,-2,3,1,2,0
"H",6,2,1,-2,3,2,3,1
"H",6,2,1,-3,0,0,858,91
"H",6,2,1,-3,0,1,5,0
"H",6,2,1,-3,0,2,2,0
"H",6,2,1,-3,1,0,2,0
"H",6,2,1,-3,1,1,3,0
"H",6,2,1,-3,1,2,4,0
"H",6,2,1,-3,2,0,1,0
"H",6,2,1,-3,2,1,2,0
"H",6,2,1,-3,2,2,4,0
"H",6,2,1,-3,3,2,2,0
"H",6,2,1,-4,0,0,524,34
"H",6,2,1,-4,0,1,1,0
"H",6,2,1,-5,0,0,423,20
"H",6,2,1,-5,0,1,2,0
"H",6,2,1,-5,0,2,2,0
"H",6,2,1,-5,1,0,1,0
"H",6,2,1,-5,1,1,1,0
"H",6,2,1,-5,1,2,3,0
"H",6,2,1,-5,2,2,1,0
"H",6,2,1,-5,3,2,1,0
"H",6,2,1,-6,0,0,254,3
"H",6,2,1,-7,0,0,148,3
"H",6,2,1,-7,0,1,1,1
"H",6,2,1,-7,1,1,1,1
"H",6,2,1,-8,0,0,90,2
"H",6,2,1,-8,1,0,1,0
"H",6,2,1,-8,2,0,1,0
"H",6,2,1,-8,2,1,1,0
"H",6,2,1,-9,0,0,63,0
"H",6,2,1,-9,0,1,1,0
"H",6,2,1,-9,0,2,1,0
"H",6,2,1,-9,1,2,1,0
"H",6,2,1,0,0,0,1797,990
"H",6,2,1,0,0,1,13,6
"H",6,2,1,0,0,2,5,1
"H",6,2,1,0,1,0,7,2
"H",6,2,1,0,1,1,9,3
"H",6,2,1,0,1,2,4,1
"H",6,2,1,0,2,0,1,0
"H",6,2,1,0,2,1,5,1
"H",6,2,1,0,2,2,7,1
"H",6,2,1,0,3,0,1,0
"H",6,2,1,0,3,2,3,0
"H",6,2,1,1,0,0,1448,1096
"H",6,2,1,1,1,0,7,4
"H",6,2,1,1,1,1,2,1
"H",6,2,1,1,1,2,1,0
"H",6,2,1,1,2,0,3,1
"H",6,2,1,1,2,1,1,1
"H",6,2,1,1,2,2,1,0
"H",6,2,1,1,3,0,2,1
"H",6,2,1,1,3,1,1,1
"H",6,2,1,1,3,2,2,1
"H",6,2,1,10,0,0,42,42
"H",6,2,1,11,0,0,19,19
"H",6,2,1,12,0,0,15,15
"H",6,2,1,13,0,0,6,6
"H",6,2,1,14,0,0,6,6
"H",6,2,1,15,0,0,4,4
"H",6,2,1,17,0,0,2,2
"H",6,2,1,2,0,0,1205,1023
"H",6,2,1,2,0,1,4,4
"H",6,2,1,2,0,2,1,1
"H",6,2,1,2,1,0,4,3
"H",6,2,1,2,1,1,5,5
"H",6,2,1,2,1,2,1,1
"H",6,2,1,2,2,1,4,4
"H",6,2,1,2,3,1,4,4
"H",6,2,1,2,3,2,2,2
"H",6,2,1,3,0,0,837,769
"H",6,2,1,3,0,1,3,3
"H",6,2,1,3,1,0,4,4
"H",6,2,1,3,1,1,4,4
"H",6,2,1,3,1,2,1,1
"H",6,2,1,3,2,0,3,3
"H",6,2,1,3,2,1,5,5
"H",6,2,1,3,2,2,3,3
"H",6,2,1,3,3,1,1,1
"H",6,2,1,3,3,2,2,2
"H",6,2,1,4,0,0,572,552
"H",6,2,1,4,1,0,3,3
"H",6,2,1,4,2,0,3,3
"H",6,2,1,4,2,1,1,1
"H",6,2,1,4,3,0,2,2
"H",6,2,1,4,3,1,2,2
"H",6,2,1,4,3,2,1,1
"H",6,2,1,5,0,0,430,418
"H",6,2,1,5,0,1,2,2
"H",6,2,1,5,0,2,2,2
"H",6,2,1,5,1,0,1,1
"H",6,2,1,5,1,1,1,1
"H",6,2,1,5,1,2,1,1
"H",6,2,1,5,2,1,1,1
"H",6,2,1,5,3,1,1,1
"H",6,2,1,6,0,0,273,272
"H",6,2,1,6,0,1,1,1
"H",6,2,1,6,0,2,1,1
"H",6,2,1,7,0,0,161,161
"H",6,2,1,8,0,0,119,119
"H",6,2,1,8,1,0,1,1
"H",6,2,1,8,2,0,1,1
"H",6,2,1,8,3,0,1,1
"H",6,2,1,9,0,0,64,64
"H",6,2,2,-1,0,0,860,303
"H",6,2,2,-1,0,1,2,1
"H",6,2,2,-1,0,2,2,1
"H",6,2,2,-1,1,0,5,2
"H",6,2,2,-1,1,1,4,1
"H",6,2,2,-1,1,2,1,1
"H",6,2,2,-1,2,2,1,1
"H",6,2,2,-10,0,0,17,0
"H",6,2,2,-11,0,0,9,1
"H",6,2,2,-12,0,0,14,0
"H",6,2,2,-13,0,0,5,0
"H",6,2,2,-14,0,0,2,0
"H",6,2,2,-15,0,0,1,0
"H",6,2,2,-16,0,0,4,0
"H",6,2,2,-2,0,0,722,149
"H",6,2,2,-2,0,1,2,0
"H",6,2,2,-2,1,0,4,0
"H",6,2,2,-2,1,1,3,0
"H",6,2,2,-2,1,2,1,0
"H",6,2,2,-2,2,0,1,0
"H",6,2,2,-2,2,1,2,0
"H",6,2,2,-2,2,2,2,0
"H",6,2,2,-2,3,0,1,0
"H",6,2,2,-2,3,1,1,0
"H",6,2,2,-2,3,2,1,0
"H",6,2,2,-3,0,0,562,66
"H",6,2,2,-3,0,1,3,1
"H",6,2,2,-3,1,0,2,0
"H",6,2,2,-3,1,1,4,1
"H",6,2,2,-3,1,2,2,0
"H",6,2,2,-3,2,1,1,0
"H",6,2,2,-3,2,2,1,0
"H",6,2,2,-4,0,0,410,27
"H",6,2,2,-4,1,0,1,0
"H",6,2,2,-4,2,0,1,0
"H",6,2,2,-5,0,0,284,15
"H",6,2,2,-6,0,0,173,2
"H",6,2,2,-7,0,0,110,1
"H",6,2,2,-8,0,0,78,0
"H",6,2,2,-8,0,1,1,0
"H",6,2,2,-8,1,1,1,0
"H",6,2,2,-9,0,0,27,0
"H",6,2,2,0,0,0,1010,554
"H",6,2,2,0,0,1,3,3
"H",6,2,2,0,1,0,3,1
"H",6,2,2,0,1,1,4,4
"H",6,2,2,0,2,0,2,0
"H",6,2,2,0,2,1,3,3
"H",6,2,2,0,2,2,1,1
"H",6,2,2,0,3,1,1,1
"H",6,2,2,1,0,0,898,689
"H",6,2,2,1,0,1,4,2
"H",6,2,2,1,0,2,2,2
"H",6,2,2,1,1,0,2,1
"H",6,2,2,1,1,1,4,1
"H",6,2,2,1,1,2,2,1
"H",6,2,2,1,2,1,1,0
"H",6,2,2,1,2,2,1,0
"H",6,2,2,1,3,1,1,0
"H",6,2,2,1,3,2,1,0
"H",6,2,2,10,0,0,32,32
"H",6,2,2,11,0,0,16,16
"H",6,2,2,12,0,0,14,14
"H",6,2,2,13,0,0,8,8
"H",6,2,2,14,0,0,3,3
"H",6,2,2,15,0,0,5,5
"H",6,2,2,16,0,0,4,4
"H",6,2,2,17,0,0,2,2
"H",6,2,2,2,0,0,756,648
"H",6,2,2,2,0,1,2,2
"H",6,2,2,2,1,1,1,1
"H",6,2,2,2,1,2,1,1
"H",6,2,2,2,2,2,1,1
"H",6,2,2,3,0,0,549,503
"H",6,2,2,3,0,1,1,1
"H",6,2,2,3,1,0,2,2
"H",6,2,2,3,1,1,3,3
"H",6,2,2,3,2,1,3,3
"H",6,2,2,4,0,0,426,404
"H",6,2,2,4,0,1,1,1
"H",6,2,2,4,1,0,1,1
"H",6,2,2,4,1,1,1,1
"H",6,2,2,4,1,2,1,1
"H",6,2,2,4,2,0,1,1
"H",6,2,2,4,2,2,1,1
"H",6,2,2,4,3,0,1,1
"H",6,2,2,5,0,0,289,284
"H",6,2,2,5,1,0,2,2
"H",6,2,2,5,1,1,1,1
"H",6,2,2,5,1,2,1,1
"H",6,2,2,5,2,2,1,1
"H",6,2,2,6,0,0,197,195
"H",6,2,2,7,0,0,145,144
"H",6,2,2,8,0,0,92,92
"H",6,2,2,9,0,0,60,60
"H",6,2,3,-1,0,0,566,217
"H",6,2,3,-1,0,1,2,1
"H",6,2,3,-1,0,2,2,1
"H",6,2,3,-1,1,0,1,0
"H",6,2,3,-1,1,1,1,0
"H",6,2,3,-1,1,2,3,1
"H",6,2,3,-1,2,2,2,1
"H",6,2,3,-1,3,2,1,1
"H",6,2,3,-10,0,0,7,0
"H",6,2,3,-11,0,0,8,0
"H",6,2,3,-12,0,0,1,0
"H",6,2,3,-13,0,0,2,0
"H",6,2,3,-14,0,0,1,0
"H",6,2,3,-15,0,0,2,0
"H",6,2,3,-2,0,0,292,68
"H",6,2,3,-3,0,0,219,19
"H",6,2,3,-3,0,1,3,1
"H",6,2,3,-3,1,1,3,1
"H",6,2,3,-3,1,2,2,1
"H",6,2,3,-3,2,2,1,1
"H",6,2,3,-3,3,2,1,1
"H",6,2,3,-4,0,0,137,11
"H",6,2,3,-5,0,0,98,8
"H",6,2,3,-6,0,0,73,3
"H",6,2,3,-7,0,0,37,0
"H",6,2,3,-8,0,0,24,0
"H",6,2,3,-9,0,0,17,0
"H",6,2,3,0,0,0,633,384
"H",6,2,3,0,0,1,1,1
"H",6,2,3,0,1,0,3,3
"H",6,2,3,0,1,1,3,3
"H",6,2,3,0,2,1,2,2
"H",6,2,3,0,2,2,1,1
"H",6,2,3,0,3,2,1,1
"H",6,2,3,1,0,0,612,468
"H",6,2,3,1,1,0,6,6
"H",6,2,3,1,1,1,1,1
"H",6,2,3,1,2,0,4,4
"H",6,2,3,1,2,1,2,2
"H",6,2,3,1,3,0,3,3
"H",6,2,3,1,3,1,2,2
"H",6,2,3,10,0,0,27,27
"H",6,2,3,11,0,0,18,18
"H",6,2,3,12,0,0,11,11
"H",6,2,3,13,0,0,5,5
"H",6,2,3,14,0,0,5,5
"H",6,2,3,15,0,0,2,2
"H",6,2,3,16,0,0,1,1
"H",6,2,3,17,0,0,1,1
"H",6,2,3,2,0,0,514,455
"H",6,2,3,2,1,0,2,2
"H",6,2,3,2,1,1,2,2
"H",6,2,3,2,1,2,2,2
"H",6,2,3,22,0,0,1,1
"H",6,2,3,3,0,0,430,404
"H",6,2,3,3,0,1,4,4
"H",6,2,3,3,1,0,1,1
"H",6,2,3,3,1,1,3,3
"H",6,2,3,3,1,2,1,1
"H",6,2,3,3,2,1,2,2
"H",6,2,3,4,0,0,255,251
"H",6,2,3,5,0,0,206,202
"H",6,2,3,5,1,0,2,2
"H",6,2,3,5,1,1,1,1
"H",6,2,3,5,1,2,1,1
"H",6,2,3,5,2,0,1,1
"H",6,2,3,5,2,1,1,1
"H",6,2,3,5,2,2,2,2
"H",6,2,3,5,3,2,2,2
"H",6,2,3,6,0,0,130,128
"H",6,2,3,7,0,0,106,104
"H",6,2,3,7,0,1,1,1
"H",6,2,3,7,1,1,1,1
"H",6,2,3,8,0,0,68,68
"H",6,2,3,9,0,0,53,53
"H",6,2,4,-1,0,0,319,144
"H",6,2,4,-1,0,1,1,1
"H",6,2,4,-1,0,2,1,1
"H",6,2,4,-1,1,0,1,0
"H",6,2,4,-1,1,2,1,1
"H",6,2,4,-1,2,0,1,0
"H",6,2,4,-1,2,1,1,0
"H",6,2,4,-1,3,1,1,0
"H",6,2,4,-1,3,2,1,0
"H",6,2,4,-10,0,0,10,0
"H",6,2,4,-11,0,0,6,0
"H",6,2,4,-11,0,1,1,0
"H",6,2,4,-11,1,1,1,0
"H",6,2,4,-11,2,1,1,0
"H",6,2,4,-11,2,2,1,0
"H",6,2,4,-11,3,2,1,0
"H",6,2,4,-12,0,0,5,0
"H",6,2,4,-13,0,0,2,0
"H",6,2,4,-15,0,0,1,0
"H",6,2,4,-2,0,0,250,56
"H",6,2,4,-3,0,0,222,29
"H",6,2,4,-3,0,1,1,0
"H",6,2,4,-3,0,2,1,0
"H",6,2,4,-4,0,0,161,18
"H",6,2,4,-5,0,0,119,4
"H",6,2,4,-6,0,0,72,1
"H",6,2,4,-7,0,0,42,0
"H",6,2,4,-8,0,0,25,0
"H",6,2,4,-9,0,0,11,0
"H",6,2,4,0,0,0,338,199
"H",6,2,4,1,0,0,337,252
"H",6,2,4,1,0,1,1,1
"H",6,2,4,1,1,0,1,1
"H",6,2,4,1,1,1,2,2
"H",6,2,4,1,1,2,1,1
"H",6,2,4,10,0,0,18,18
"H",6,2,4,11,0,0,16,16
"H",6,2,4,12,0,0,5,5
"H",6,2,4,13,0,0,7,7
"H",6,2,4,14,0,0,3,3
"H",6,2,4,15,0,0,5,5
"H",6,2,4,16,0,0,1,1
"H",6,2,4,17,0,0,2,2
"H",6,2,4,18,0,0,2,2
"H",6,2,4,19,0,0,1,1
"H",6,2,4,2,0,0,283,252
"H",6,2,4,21,0,0,1,1
"H",6,2,4,3,0,0,218,201
"H",6,2,4,3,1,0,1,1
"H",6,2,4,3,1,1,1,1
"H",6,2,4,3,2,1,1,1
"H",6,2,4,3,3,1,1,1
"H",6,2,4,4,0,0,182,176
"H",6,2,4,4,1,0,1,1
"H",6,2,4,4,1,1,1,1
"H",6,2,4,4,2,1,1,1
"H",6,2,4,4,2,2,1,1
"H",6,2,4,4,3,2,1,1
"H",6,2,4,5,0,0,128,125
"H",6,2,4,5,0,1,3,3
"H",6,2,4,5,1,0,1,1
"H",6,2,4,5,1,1,2,2
"H",6,2,4,5,2,0,1,1
"H",6,2,4,5,2,1,1,1
"H",6,2,4,5,3,0,1,1
"H",6,2,4,6,0,0,83,82
"H",6,2,4,6,0,1,1,1
"H",6,2,4,6,1,0,1,1
"H",6,2,4,6,2,0,1,1
"H",6,2,4,6,3,0,1,1
"H",6,2,4,7,0,0,57,57
"H",6,2,4,8,0,0,33,33
"H",6,2,4,9,0,0,27,27
"H",6,2,5,-1,0,0,221,78
"H",6,2,5,-10,0,0,2,0
"H",6,2,5,-11,0,0,1,0
"H",6,2,5,-2,0,0,157,39
"H",6,2,5,-3,0,0,124,19
"H",6,2,5,-4,0,0,84,9
"H",6,2,5,-4,1,0,1,0
"H",6,2,5,-4,1,1,1,0
"H",6,2,5,-4,1,2,1,0
"H",6,2,5,-4,2,2,1,0
"H",6,2,5,-5,0,0,62,4
"H",6,2,5,-6,0,0,30,2
"H",6,2,5,-7,0,0,20,0
"H",6,2,5,-8,0,0,5,0
"H",6,2,5,-8,1,0,1,0
"H",6,2,5,-8,2,0,1,0
"H",6,2,5,-8,2,1,1,0
"H",6,2,5,-8,3,1,1,0
"H",6,2,5,-9,0,0,5,0
"H",6,2,5,0,0,0,271,159
"H",6,2,5,0,0,1,2,2
"H",6,2,5,0,0,2,1,1
"H",6,2,5,0,1,1,1,1
"H",6,2,5,0,1,2,1,1
"H",6,2,5,0,2,1,1,1
"H",6,2,5,0,2,2,1,1
"H",6,2,5,0,3,1,1,1
"H",6,2,5,0,3,2,1,1
"H",6,2,5,1,0,0,309,247
"H",6,2,5,10,0,0,16,16
"H",6,2,5,11,0,0,10,10
"H",6,2,5,12,0,0,1,1
"H",6,2,5,13,0,0,4,4
"H",6,2,5,14,0,0,1,1
"H",6,2,5,15,0,0,2,2
"H",6,2,5,16,0,0,1,1
"H",6,2,5,2,0,0,247,213
"H",6,2,5,2,0,1,1,1
"H",6,2,5,2,0,2,1,1
"H",6,2,5,2,1,2,1,1
"H",6,2,5,3,0,0,193,179
"H",6,2,5,4,0,0,140,136
"H",6,2,5,5,0,0,94,91
"H",6,2,5,6,0,0,73,72
"H",6,2,5,6,0,1,1,1
"H",6,2,5,6,1,1,1,1
"H",6,2,5,6,1,2,1,1
"H",6,2,5,7,0,0,56,56
"H",6,2,5,8,0,0,47,46
"H",6,2,5,9,0,0,31,31
"H",6,2,6,-1,0,0,228,106
"H",6,2,6,-1,0,1,1,1
"H",6,2,6,-1,0,2,1,1
"H",6,2,6,-1,1,0,1,1
"H",6,2,6,-1,1,2,1,1
"H",6,2,6,-1,2,0,1,1
"H",6,2,6,-1,2,1,1,1
"H",6,2,6,-1,2,2,1,1
"H",6,2,6,-1,3,1,1,1
"H",6,2,6,-10,0,0,1,0
"H",6,2,6,-11,0,0,2,0
"H",6,2,6,-12,0,0,4,0
"H",6,2,6,-13,0,0,2,0
"H",6,2,6,-16,0,0,1,0
"H",6,2,6,-2,0,0,144,37
"H",6,2,6,-3,0,0,113,26
"H",6,2,6,-4,0,0,101,12
"H",6,2,6,-5,0,0,52,3
"H",6,2,6,-6,0,0,35,0
"H",6,2,6,-7,0,0,18,0
"H",6,2,6,-8,0,0,17,0
"H",6,2,6,-8,0,1,1,0
"H",6,2,6,-8,0,2,1,0
"H",6,2,6,-9,0,0,9,0
"H",6,2,6,0,0,0,227,144
"H",6,2,6,0,0,1,1,1
"H",6,2,6,0,1,0,1,1
"H",6,2,6,1,0,0,238,171
"H",6,2,6,1,0,1,1,1
"H",6,2,6,1,1,0,1,0
"H",6,2,6,1,1,1,2,1
"H",6,2,6,1,2,1,2,1
"H",6,2,6,10,0,0,16,16
"H",6,2,6,11,0,0,9,9
"H",6,2,6,12,0,0,3,3
"H",6,2,6,13,0,0,1,1
"H",6,2,6,14,0,0,2,2
"H",6,2,6,15,0,0,1,1
"H",6,2,6,16,0,0,3,3
"H",6,2,6,2,0,0,182,156
"H",6,2,6,2,1,0,2,2
"H",6,2,6,2,2,0,2,2
"H",6,2,6,20,0,0,2,2
"H",6,2,6,3,0,0,148,134
"H",6,2,6,3,0,1,1,1
"H",6,2,6,3,1,0,1,1
"H",6,2,6,4,0,0,116,113
"H",6,2,6,5,0,0,73,73
"H",6,2,6,6,0,0,48,46
"H",6,2,6,7,0,0,54,53
"H",6,2,6,8,0,0,23,23
"H",6,2,6,9,0,0,15,15
"H",6,2,7,-1,0,0,153,61
"H",6,2,7,-1,1,0,2,1
"H",6,2,7,-1,2,0,2,1
"H",6,2,7,-1,2,1,1,0
"H",6,2,7,-1,2,2,1,0
"H",6,2,7,-1,3,2,1,0
"H",6,2,7,-10,0,0,2,0
"H",6,2,7,-11,0,0,1,0
"H",6,2,7,-12,0,0,1,0
"H",6,2,7,-13,0,0,1,0
"H",6,2,7,-2,0,0,119,32
"H",6,2,7,-2,0,1,1,0
"H",6,2,7,-2,0,2,1,0
"H",6,2,7,-3,0,0,65,17
"H",6,2,7,-4,0,0,52,8
"H",6,2,7,-5,0,0,34,1
"H",6,2,7,-6,0,0,23,1
"H",6,2,7,-7,0,0,9,0
"H",6,2,7,-8,0,0,9,0
"H",6,2,7,-9,0,0,5,0
"H",6,2,7,0,0,0,154,103
"H",6,2,7,1,0,0,187,146
"H",6,2,7,1,1,0,2,1
"H",6,2,7,1,1,1,1,0
"H",6,2,7,1,2,1,1,0
"H",6,2,7,1,3,1,1,0
"H",6,2,7,1,3,2,1,0
"H",6,2,7,10,0,0,13,13
"H",6,2,7,11,0,0,9,9
"H",6,2,7,12,0,0,5,5
"H",6,2,7,13,0,0,5,5
"H",6,2,7,14,0,0,1,1
"H",6,2,7,15,0,0,1,1
"H",6,2,7,2,0,0,136,120
"H",6,2,7,20,0,0,1,1
"H",6,2,7,3,0,0,108,102
"H",6,2,7,4,0,0,79,78
"H",6,2,7,5,0,0,47,46
"H",6,2,7,5,0,1,1,1
"H",6,2,7,5,0,2,1,1
"H",6,2,7,6,0,0,43,43
"H",6,2,7,6,0,1,1,1
"H",6,2,7,6,1,1,1,1
"H",6,2,7,6,2,1,1,1
"H",6,2,7,6,2,2,1,1
"H",6,2,7,7,0,0,26,26
"H",6,2,7,8,0,0,13,13
"H",6,2,7,9,0,0,8,8
"H",6,2,8,-1,0,0,116,44
"H",6,2,8,-10,0,0,3,0
"H",6,2,8,-11,0,0,3,0
"H",6,2,8,-12,0,0,1,0
"H",6,2,8,-14,0,0,1,0
"H",6,2,8,-2,0,0,79,17
"H",6,2,8,-3,0,0,71,18
"H",6,2,8,-4,0,0,50,8
"H",6,2,8,-5,0,0,30,2
"H",6,2,8,-5,0,1,1,0
"H",6,2,8,-5,0,2,1,0
"H",6,2,8,-5,1,2,1,0
"H",6,2,8,-6,0,0,24,0
"H",6,2,8,-7,0,0,7,0
"H",6,2,8,-8,0,0,6,0
"H",6,2,8,-9,0,0,4,0
"H",6,2,8,0,0,0,138,90
"H",6,2,8,0,1,0,1,0
"H",6,2,8,0,2,0,1,0
"H",6,2,8,0,3,0,1,0
"H",6,2,8,0,3,1,1,0
"H",6,2,8,1,0,0,129,101
"H",6,2,8,10,0,0,4,4
"H",6,2,8,11,0,0,3,3
"H",6,2,8,12,0,0,3,3
"H",6,2,8,13,0,0,2,2
"H",6,2,8,14,0,0,2,2
"H",6,2,8,15,0,0,1,1
"H",6,2,8,16,0,0,2,2
"H",6,2,8,17,0,0,1,1
"H",6,2,8,18,0,0,1,1
"H",6,2,8,2,0,0,102,88
"H",6,2,8,3,0,0,83,81
"H",6,2,8,4,0,0,60,60
"H",6,2,8,5,0,0,49,49
"H",6,2,8,5,1,0,1,1
"H",6,2,8,5,1,1,1,1
"H",6,2,8,5,2,1,1,1
"H",6,2,8,5,2,2,1,1
"H",6,2,8,5,3,2,1,1
"H",6,2,8,6,0,0,39,38
"H",6,2,8,6,1,0,1,1
"H",6,2,8,6,2,0,1,1
"H",6,2,8,6,2,1,1,1
"H",6,2,8,6,2,2,1,1
"H",6,2,8,7,0,0,24,24
"H",6,2,8,8,0,0,8,8
"H",6,2,8,8,0,1,1,1
"H",6,2,8,8,1,1,1,1
"H",6,2,8,8,2,1,1,1
"H",6,2,8,9,0,0,8,8
"H",7,0,1,-1,0,0,2684,980
"H",7,0,1,-1,0,1,5,2
"H",7,0,1,-1,0,2,3,2
"H",7,0,1,-1,1,0,9,3
"H",7,0,1,-1,1,1,4,1
"H",7,0,1,-1,1,2,2,1
"H",7,0,1,-1,2,0,4,1
"H",7,0,1,-1,2,1,2,1
"H",7,0,1,-1,2,2,2,1
"H",7,0,1,-1,3,0,2,1
"H",7,0,1,-1,3,1,2,0
"H",7,0,1,-1,3,2,1,0
"H",7,0,1,-10,0,0,94,0
"H",7,0,1,-11,0,0,65,0
"H",7,0,1,-12,0,0,35,1
"H",7,0,1,-13,0,0,27,0
"H",7,0,1,-14,0,0,19,0
"H",7,0,1,-15,0,0,8,0
"H",7,0,1,-16,0,0,5,0
"H",7,0,1,-17,0,0,6,0
"H",7,0,1,-18,0,0,2,0
"H",7,0,1,-19,0,0,2,0
"H",7,0,1,-2,0,0,2209,464
"H",7,0,1,-2,0,1,6,1
"H",7,0,1,-2,0,2,2,1
"H",7,0,1,-2,1,0,11,4
"H",7,0,1,-2,1,1,8,2
"H",7,0,1,-2,1,2,3,1
"H",7,0,1,-2,2,0,4,1
"H",7,0,1,-2,2,1,6,1
"H",7,0,1,-2,2,2,6,0
"H",7,0,1,-2,3,0,1,1
"H",7,0,1,-2,3,1,1,1
"H",7,0,1,-2,3,2,1,0
"H",7,0,1,-20,0,0,1,0
"H",7,0,1,-3,0,0,1736,201
"H",7,0,1,-3,0,1,11,1
"H",7,0,1,-3,0,2,4,0
"H",7,0,1,-3,1,0,1,0
"H",7,0,1,-3,1,1,6,1
"H",7,0,1,-3,1,2,4,0
"H",7,0,1,-3,2,1,3,1
"H",7,0,1,-3,2,2,2,0
"H",7,0,1,-3,3,1,2,1
"H",7,0,1,-3,3,2,2,0
"H",7,0,1,-4,0,0,1204,81
"H",7,0,1,-4,0,1,3,0
"H",7,0,1,-4,0,2,2,0
"H",7,0,1,-4,1,0,1,0
"H",7,0,1,-4,1,1,2,0
"H",7,0,1,-4,1,2,4,0
"H",7,0,1,-4,2,2,2,0
"H",7,0,1,-4,3,2,1,0
"H",7,0,1,-5,0,0,901,40
"H",7,0,1,-5,0,1,1,0
"H",7,0,1,-5,0,2,1,0
"H",7,0,1,-5,1,0,1,0
"H",7,0,1,-6,0,0,642,12
"H",7,0,1,-6,0,1,1,0
"H",7,0,1,-6,0,2,1,0
"H",7,0,1,-6,1,0,2,0
"H",7,0,1,-6,1,1,2,0
"H",7,0,1,-6,1,2,2,0
"H",7,0,1,-6,2,2,1,0
"H",7,0,1,-7,0,0,414,4
"H",7,0,1,-7,1,0,1,1
"H",7,0,1,-7,1,1,1,1
"H",7,0,1,-8,0,0,265,5
"H",7,0,1,-8,0,1,2,1
"H",7,0,1,-8,0,2,1,0
"H",7,0,1,-8,1,0,1,0
"H",7,0,1,-8,1,1,2,1
"H",7,0,1,-8,2,1,1,0
"H",7,0,1,-8,2,2,1,0
"H",7,0,1,-9,0,0,159,0
"H",7,0,1,-9,0,1,1,0
"H",7,0,1,-9,1,0,1,0
"H",7,0,1,-9,1,1,2,0
"H",7,0,1,-9,2,1,1,0
"H",7,0,1,0,0,0,2914,1813
"H",7,0,1,0,0,1,6,3
"H",7,0,1,0,0,2,4,2
"H",7,0,1,0,1,0,5,3
"H",7,0,1,0,1,1,6,3
"H",7,0,1,0,1,2,4,3
"H",7,0,1,0,2,0,1,1
"H",7,0,1,0,2,1,1,0
"H",7,0,1,0,2,2,2,2
"H",7,0,1,0,3,0,1,1
"H",7,0,1,0,3,2,1,1
"H",7,0,1,1,0,0,2687,2214
"H",7,0,1,1,0,1,8,7
"H",7,0,1,1,0,2,2,1
"H",7,0,1,1,1,0,10,9
"H",7,0,1,1,1,1,9,8
"H",7,0,1,1,1,2,5,4
"H",7,0,1,1,2,0,4,4
"H",7,0,1,1,2,1,4,4
"H",7,0,1,1,2,2,2,2
"H",7,0,1,1,3,0,2,2
"H",7,0,1,1,3,1,2,2
"H",7,0,1,1,3,2,2,2
"H",7,0,1,10,0,0,86,86
"H",7,0,1,11,0,0,60,60
"H",7,0,1,12,0,0,34,34
"H",7,0,1,12,1,0,2,2
"H",7,0,1,12,2,0,2,2
"H",7,0,1,12,2,1,2,2
"H",7,0,1,12,2,2,1,1
"H",7,0,1,12,3,1,1,1
"H",7,0,1,13,0,0,15,15
"H",7,0,1,14,0,0,11,11
"H",7,0,1,15,0,0,8,8
"H",7,0,1,16,0,0,4,4
"H",7,0,1,17,0,0,5,5
"H",7,0,1,18,0,0,2,2
"H",7,0,1,2,0,0,2119,1926
"H",7,0,1,2,0,1,9,9
"H",7,0,1,2,0,2,2,2
"H",7,0,1,2,1,0,7,7
"H",7,0,1,2,1,1,6,6
"H",7,0,1,2,1,2,3,3
"H",7,0,1,2,2,0,1,1
"H",7,0,1,2,2,1,3,3
"H",7,0,1,2,2,2,4,4
"H",7,0,1,2,3,1,1,1
"H",7,0,1,2,3,2,4,4
"H",7,0,1,21,0,0,1,1
"H",7,0,1,22,0,0,1,1
"H",7,0,1,3,0,0,1631,1554
"H",7,0,1,3,0,1,6,6
"H",7,0,1,3,0,2,3,3
"H",7,0,1,3,1,0,4,4
"H",7,0,1,3,1,1,2,2
"H",7,0,1,3,1,2,4,4
"H",7,0,1,3,2,0,2,2
"H",7,0,1,3,2,2,3,3
"H",7,0,1,3,3,0,2,2
"H",7,0,1,3,3,2,1,1
"H",7,0,1,4,0,0,1137,1114
"H",7,0,1,4,0,1,1,1
"H",7,0,1,4,1,0,3,3
"H",7,0,1,4,1,1,2,2
"H",7,0,1,4,1,2,1,1
"H",7,0,1,4,2,0,2,2
"H",7,0,1,4,2,1,2,2
"H",7,0,1,4,2,2,2,2
"H",7,0,1,4,3,0,1,1
"H",7,0,1,4,3,2,1,1
"H",7,0,1,5,0,0,808,800
"H",7,0,1,5,0,1,7,7
"H",7,0,1,5,0,2,3,3
"H",7,0,1,5,1,0,1,1
"H",7,0,1,5,1,1,5,5
"H",7,0,1,5,1,2,3,3
"H",7,0,1,5,2,1,3,3
"H",7,0,1,5,2,2,2,2
"H",7,0,1,5,3,1,2,2
"H",7,0,1,5,3,2,1,1
"H",7,0,1,6,0,0,514,510
"H",7,0,1,7,0,0,365,364
"H",7,0,1,8,0,0,219,219
"H",7,0,1,8,0,1,1,1
"H",7,0,1,8,1,0,1,1
"H",7,0,1,8,1,1,1,1
"H",7,0,1,8,2,0,1,1
"H",7,0,1,8,3,0,1,1
"H",7,0,1,9,0,0,146,146
"H",7,0,2,-1,0,0,744,327
"H",7,0,2,-1,0,1,2,1
"H",7,0,2,-1,1,0,2,0
"H",7,0,2,-10,0,0,23,0
"H",7,0,2,-11,0,0,19,0
"H",7,0,2,-12,0,0,9,0
"H",7,0,2,-13,0,0,8,0
"H",7,0,2,-14,0,0,7,0
"H",7,0,2,-15,0,0,1,0
"H",7,0,2,-16,0,0,1,0
"H",7,0,2,-17,0,0,1,0
"H",7,0,2,-2,0,0,637,187
"H",7,0,2,-2,0,1,3,1
"H",7,0,2,-2,0,2,2,1
"H",7,0,2,-2,1,0,1,1
"H",7,0,2,-2,1,2,1,0
"H",7,0,2,-2,2,0,1,1
"H",7,0,2,-2,3,0,1,1
"H",7,0,2,-3,0,0,510,78
"H",7,0,2,-3,0,1,3,2
"H",7,0,2,-3,0,2,1,1
"H",7,0,2,-3,1,0,1,0
"H",7,0,2,-3,1,1,1,0
"H",7,0,2,-3,1,2,2,1
"H",7,0,2,-3,2,2,1,0
"H",7,0,2,-4,0,0,357,32
"H",7,0,2,-4,1,0,2,0
"H",7,0,2,-4,1,1,1,0
"H",7,0,2,-4,1,2,1,0
"H",7,0,2,-4,2,0,1,0
"H",7,0,2,-4,2,2,1,0
"H",7,0,2,-4,3,0,1,0
"H",7,0,2,-4,3,1,1,0
"H",7,0,2,-4,3,2,2,0
"H",7,0,2,-5,0,0,259,18
"H",7,0,2,-5,0,1,1,0
"H",7,0,2,-5,1,0,1,0
"H",7,0,2,-5,1,1,1,0
"H",7,0,2,-5,1,2,1,0
"H",7,0,2,-5,2,0,1,0
"H",7,0,2,-5,3,0,1,0
"H",7,0,2,-6,0,0,192,4
"H",7,0,2,-7,0,0,122,2
"H",7,0,2,-7,0,1,1,1
"H",7,0,2,-7,0,2,1,1
"H",7,0,2,-8,0,0,77,1
"H",7,0,2,-8,1,0,1,0
"H",7,0,2,-9,0,0,45,0
"H",7,0,2,0,0,0,849,566
"H",7,0,2,0,0,1,1,0
"H",7,0,2,0,1,0,3,3
"H",7,0,2,0,2,0,1,1
"H",7,0,2,0,2,1,1,1
"H",7,0,2,0,2,2,1,1
"H",7,0,2,1,0,0,782,667
"H",7,0,2,1,0,1,1,1
"H",7,0,2,1,0,2,1,1
"H",7,0,2,1,1,0,3,2
"H",7,0,2,1,1,1,1,1
"H",7,0,2,1,2,0,1,1
"H",7,0,2,1,2,1,1,1
"H",7,0,2,1,3,0,1,1
"H",7,0,2,1,3,1,1,1
"H",7,0,2,10,0,0,30,30
"H",7,0,2,11,0,0,22,22
"H",7,0,2,12,0,0,9,9
"H",7,0,2,13,0,0,5,5
"H",7,0,2,14,0,0,5,5
"H",7,0,2,15,0,0,2,2
"H",7,0,2,16,0,0,1,1
"H",7,0,2,17,0,0,2,2
"H",7,0,2,2,0,0,635,595
"H",7,0,2,2,1,0,3,3
"H",7,0,2,2,1,1,2,2
"H",7,0,2,2,2,1,1,1
"H",7,0,2,22,0,0,1,1
"H",7,0,2,3,0,0,478,465
"H",7,0,2,3,1,0,1,1
"H",7,0,2,4,0,0,344,340
"H",7,0,2,4,0,1,2,2
"H",7,0,2,4,0,2,1,1
"H",7,0,2,4,1,0,3,3
"H",7,0,2,4,1,1,1,1
"H",7,0,2,4,1,2,1,1
"H",7,0,2,4,2,0,2,2
"H",7,0,2,4,2,1,1,1
"H",7,0,2,4,2,2,1,1
"H",7,0,2,4,3,0,1,1
"H",7,0,2,4,3,1,2,2
"H",7,0,2,4,3,2,1,1
"H",7,0,2,5,0,0,253,252
"H",7,0,2,5,0,1,2,2
"H",7,0,2,5,1,1,1,1
"H",7,0,2,5,2,1,1,1
"H",7,0,2,5,2,2,1,1
"H",7,0,2,5,3,2,1,1
"H",7,0,2,6,0,0,177,176
"H",7,0,2,6,0,1,1,1
"H",7,0,2,6,0,2,1,1
"H",7,0,2,6,1,2,1,1
"H",7,0,2,6,2,2,1,1
"H",7,0,2,7,0,0,126,126
"H",7,0,2,8,0,0,61,61
"H",7,0,2,9,0,0,48,48
"H",7,0,3,-1,0,0,161,86
"H",7,0,3,-10,0,0,11,0
"H",7,0,3,-11,0,0,4,0
"H",7,0,3,-12,0,0,4,1
"H",7,0,3,-13,0,0,1,0
"H",7,0,3,-14,0,0,4,0
"H",7,0,3,-15,0,0,2,0
"H",7,0,3,-16,0,0,1,0
"H",7,0,3,-17,0,0,1,0
"H",7,0,3,-2,0,0,130,29
"H",7,0,3,-2,0,1,1,0
"H",7,0,3,-2,0,2,1,0
"H",7,0,3,-2,1,0,2,0
"H",7,0,3,-2,1,2,1,0
"H",7,0,3,-2,2,2,1,0
"H",7,0,3,-3,0,0,108,13
"H",7,0,3,-3,0,1,1,0
"H",7,0,3,-3,1,0,1,0
"H",7,0,3,-3,2,0,1,0
"H",7,0,3,-3,3,0,1,0
"H",7,0,3,-4,0,0,75,6
"H",7,0,3,-5,0,0,52,10
"H",7,0,3,-6,0,0,27,2
"H",7,0,3,-6,1,0,1,0
"H",7,0,3,-6,2,0,1,0
"H",7,0,3,-6,2,1,1,0
"H",7,0,3,-6,2,2,1,0
"H",7,0,3,-7,0,0,17,0
"H",7,0,3,-8,0,0,15,0
"H",7,0,3,-9,0,0,7,0
"H",7,0,3,0,0,0,177,129
"H",7,0,3,0,1,0,1,0
"H",7,0,3,1,0,0,192,167
"H",7,0,3,10,0,0,8,8
"H",7,0,3,11,0,0,6,6
"H",7,0,3,12,0,0,6,6
"H",7,0,3,13,0,0,3,3
"H",7,0,3,14,0,0,3,3
"H",7,0,3,15,0,0,1,1
"H",7,0,3,17,0,0,2,2
"H",7,0,3,18,0,0,1,1
"H",7,0,3,2,0,0,145,134
"H",7,0,3,2,0,1,1,1
"H",7,0,3,21,0,0,1,1
"H",7,0,3,22,0,0,1,1
"H",7,0,3,3,0,0,121,117
"H",7,0,3,3,1,0,1,1
"H",7,0,3,4,0,0,108,105
"H",7,0,3,4,1,0,1,1
"H",7,0,3,4,1,1,1,1
"H",7,0,3,4,2,1,1,1
"H",7,0,3,4,3,1,1,1
"H",7,0,3,5,0,0,67,67
"H",7,0,3,5,0,1,1,1
"H",7,0,3,6,0,0,56,56
"H",7,0,3,7,0,0,40,40
"H",7,0,3,8,0,0,24,24
"H",7,0,3,9,0,0,13,13
"H",7,0,4,-1,0,0,120,66
"H",7,0,4,-1,1,0,1,1
"H",7,0,4,-1,2,0,1,1
"H",7,0,4,-1,3,0,1,1
"H",7,0,4,-1,3,1,1,1
"H",7,0,4,-1,3,2,1,1
"H",7,0,4,-10,0,0,6,0
"H",7,0,4,-11,0,0,6,0
"H",7,0,4,-12,0,0,1,0
"H",7,0,4,-13,0,0,2,0
"H",7,0,4,-14,0,0,3,0
"H",7,0,4,-16,0,0,1,0
"H",7,0,4,-2,0,0,174,58
"H",7,0,4,-3,0,0,125,28
"H",7,0,4,-4,0,0,88,6
"H",7,0,4,-5,0,0,70,9
"H",7,0,4,-5,1,0,1,0
"H",7,0,4,-5,2,0,1,0
"H",7,0,4,-5,2,1,1,0
"H",7,0,4,-5,2,2,1,0
"H",7,0,4,-6,0,0,47,1
"H",7,0,4,-6,1,0,1,1
"H",7,0,4,-6,1,1,1,1
"H",7,0,4,-7,0,0,26,1
"H",7,0,4,-8,0,0,20,0
"H",7,0,4,-9,0,0,13,0
"H",7,0,4,0,0,0,160,117
"H",7,0,4,1,0,0,141,124
"H",7,0,4,1,0,1,1,1
"H",7,0,4,1,0,2,1,1
"H",7,0,4,1,1,0,1,1
"H",7,0,4,1,2,0,1,1
"H",7,0,4,1,3,0,1,1
"H",7,0,4,10,0,0,10,10
"H",7,0,4,11,0,0,5,5
"H",7,0,4,12,0,0,2,2
"H",7,0,4,14,0,0,2,2
"H",7,0,4,16,0,0,1,1
"H",7,0,4,17,0,0,1,1
"H",7,0,4,2,0,0,110,103
"H",7,0,4,2,1,0,1,1
"H",7,0,4,2,2,0,1,1
"H",7,0,4,3,0,0,102,102
"H",7,0,4,4,0,0,81,81
"H",7,0,4,4,1,0,1,1
"H",7,0,4,4,2,0,1,1
"H",7,0,4,4,3,0,1,1
"H",7,0,4,4,3,1,1,1
"H",7,0,4,4,3,2,1,1
"H",7,0,4,5,0,0,55,55
"H",7,0,4,6,0,0,42,42
"H",7,0,4,7,0,0,27,27
"H",7,0,4,8,0,0,16,16
"H",7,0,4,9,0,0,13,13
"H",7,0,5,-1,0,0,56,32
"H",7,0,5,-10,0,0,1,0
"H",7,0,5,-11,0,0,4,0
"H",7,0,5,-12,0,0,2,0
"H",7,0,5,-13,0,0,2,0
"H",7,0,5,-14,0,0,1,0
"H",7,0,5,-2,0,0,31,8
"H",7,0,5,-3,0,0,30,4
"H",7,0,5,-4,0,0,14,2
"H",7,0,5,-5,0,0,19,1
"H",7,0,5,-6,0,0,13,0
"H",7,0,5,-7,0,0,14,0
"H",7,0,5,-8,0,0,4,0
"H",7,0,5,-9,0,0,6,0
"H",7,0,5,0,0,0,60,51
"H",7,0,5,1,0,0,68,61
"H",7,0,5,10,0,0,2,2
"H",7,0,5,11,0,0,1,1
"H",7,0,5,12,0,0,1,1
"H",7,0,5,14,0,0,1,1
"H",7,0,5,16,0,0,1,1
"H",7,0,5,17,0,0,1,1
"H",7,0,5,2,0,0,54,50
"H",7,0,5,2,1,0,1,1
"H",7,0,5,3,0,0,42,41
"H",7,0,5,3,1,0,1,1
"H",7,0,5,3,1,1,1,1
"H",7,0,5,4,0,0,30,30
"H",7,0,5,5,0,0,30,29
"H",7,0,5,5,1,0,1,1
"H",7,0,5,5,1,1,1,1
"H",7,0,5,5,1,2,1,1
"H",7,0,5,5,2,2,1,1
"H",7,0,5,6,0,0,13,13
"H",7,0,5,7,0,0,15,15
"H",7,0,5,8,0,0,12,12
"H",7,0,5,9,0,0,8,8
"H",7,0,6,-1,0,0,73,46
"H",7,0,6,-10,0,0,2,0
"H",7,0,6,-12,0,0,1,0
"H",7,0,6,-13,0,0,1,0
"H",7,0,6,-14,0,0,2,0
"H",7,0,6,-15,0,0,1,0
"H",7,0,6,-16,0,0,1,0
"H",7,0,6,-17,0,0,1,0
"H",7,0,6,-2,0,0,61,23
"H",7,0,6,-3,0,0,60,14
"H",7,0,6,-4,0,0,33,6
"H",7,0,6,-5,0,0,29,3
"H",7,0,6,-5,0,1,1,1
"H",7,0,6,-5,0,2,1,1
"H",7,0,6,-5,1,2,1,1
"H",7,0,6,-5,2,2,1,1
"H",7,0,6,-6,0,0,15,0
"H",7,0,6,-7,0,0,18,0
"H",7,0,6,-8,0,0,7,1
"H",7,0,6,-8,0,1,1,0
"H",7,0,6,-8,0,2,1,0
"H",7,0,6,-9,0,0,6,0
"H",7,0,6,0,0,0,72,61
"H",7,0,6,1,0,0,53,53
"H",7,0,6,1,0,1,3,3
"H",7,0,6,1,0,2,2,2
"H",7,0,6,1,1,0,1,1
"H",7,0,6,1,1,1,1,1
"H",7,0,6,1,1,2,1,1
"H",7,0,6,1,2,0,1,1
"H",7,0,6,1,2,2,1,1
"H",7,0,6,1,3,0,1,1
"H",7,0,6,1,3,2,1,1
"H",7,0,6,10,0,0,4,4
"H",7,0,6,11,0,0,3,3
"H",7,0,6,2,0,0,54,51
"H",7,0,6,22,0,0,1,1
"H",7,0,6,3,0,0,45,43
"H",7,0,6,4,0,0,33,32
"H",7,0,6,4,0,1,1,1
"H",7,0,6,4,1,1,1,1
"H",7,0,6,5,0,0,39,38
"H",7,0,6,6,0,0,15,15
"H",7,0,6,7,0,0,15,15
"H",7,0,6,8,0,0,10,10
"H",7,0,6,9,0,0,7,7
"H",7,0,7,-1,0,0,31,21
"H",7,0,7,-10,0,0,2,0
"H",7,0,7,-11,0,0,1,0
"H",7,0,7,-13,0,0,1,0
"H",7,0,7,-2,0,0,28,14
"H",7,0,7,-3,0,0,32,10
"H",7,0,7,-4,0,0,31,6
"H",7,0,7,-5,0,0,16,2
"H",7,0,7,-6,0,0,17,0
"H",7,0,7,-7,0,0,4,0
"H",7,0,7,-8,0,0,4,0
"H",7,0,7,-9,0,0,1,0
"H",7,0,7,0,0,0,31,26
"H",7,0,7,0,0,1,1,1
"H",7,0,7,0,1,1,1,1
"H",7,0,7,0,2,1,1,1
"H",7,0,7,0,3,1,1,1
"H",7,0,7,0,3,2,1,1
"H",7,0,7,1,0,0,27,26
"H",7,0,7,10,0,0,2,2
"H",7,0,7,11,0,0,1,1
"H",7,0,7,12,0,0,2,2
"H",7,0,7,15,0,0,1,1
"H",7,0,7,16,0,0,1,1
"H",7,0,7,2,0,0,38,36
"H",7,0,7,2,0,1,2,2
"H",7,0,7,2,0,2,1,1
"H",7,0,7,2,1,0,1,1
"H",7,0,7,2,1,1,1,1
"H",7,0,7,22,0,0,1,1
"H",7,0,7,3,0,0,23,22
"H",7,0,7,4,0,0,22,22
"H",7,0,7,4,0,1,1,1
"H",7,0,7,4,1,1,1,1
"H",7,0,7,5,0,0,25,25
"H",7,0,7,6,0,0,16,16
"H",7,0,7,7,0,0,7,7
"H",7,0,7,8,0,0,7,7
"H",7,0,7,9,0,0,5,5
"H",7,0,8,-1,0,0,34,25
"H",7,0,8,-10,0,0,1,0
"H",7,0,8,-11,0,0,1,0
"H",7,0,8,-12,0,0,1,0
"H",7,0,8,-13,0,0,2,0
"H",7,0,8,-14,0,0,1,0
"H",7,0,8,-2,0,0,35,22
"H",7,0,8,-3,0,0,28,11
"H",7,0,8,-4,0,0,19,4
"H",7,0,8,-5,0,0,23,6
"H",7,0,8,-6,0,0,9,0
"H",7,0,8,-7,0,0,12,0
"H",7,0,8,-8,0,0,6,1
"H",7,0,8,-9,0,0,3,0
"H",7,0,8,0,0,0,39,32
"H",7,0,8,0,0,1,1,1
"H",7,0,8,1,0,0,40,39
"H",7,0,8,1,1,0,1,1
"H",7,0,8,1,2,0,1,1
"H",7,0,8,1,3,0,1,1
"H",7,0,8,10,0,0,1,1
"H",7,0,8,11,0,0,2,2
"H",7,0,8,2,0,0,29,27
"H",7,0,8,22,0,0,1,1
"H",7,0,8,3,0,0,19,19
"H",7,0,8,4,0,0,18,18
"H",7,0,8,5,0,0,16,16
"H",7,0,8,6,0,0,16,16
"H",7,0,8,7,0,0,8,8
"H",7,0,8,8,0,0,3,3
"H",7,0,8,9,0,0,1,1
"H",7,1,1,-1,0,0,1836,578
"H",7,1,1,-1,0,1,3,1
"H",7,1,1,-1,0,2,3,1
"H",7,1,1,-1,1,0,8,2
"H",7,1,1,-1,1,1,1,1
"H",7,1,1,-1,1,2,2,1
"H",7,1,1,-1,2,0,3,1
"H",7,1,1,-1,2,1,1,0
"H",7,1,1,-1,2,2,2,1
"H",7,1,1,-1,3,0,2,1
"H",7,1,1,-1,3,1,1,1
"H",7,1,1,-10,0,0,58,0
"H",7,1,1,-11,0,0,41,0
"H",7,1,1,-12,0,0,21,0
"H",7,1,1,-13,0,0,16,0
"H",7,1,1,-14,0,0,10,0
"H",7,1,1,-15,0,0,5,0
"H",7,1,1,-16,0,0,3,0
"H",7,1,1,-17,0,0,3,0
"H",7,1,1,-18,0,0,2,0
"H",7,1,1,-19,0,0,2,0
"H",7,1,1,-2,0,0,1473,246
"H",7,1,1,-2,0,1,7,0
"H",7,1,1,-2,0,2,1,0
"H",7,1,1,-2,1,0,2,1
"H",7,1,1,-2,1,1,2,0
"H",7,1,1,-2,1,2,1,0
"H",7,1,1,-2,2,0,1,0
"H",7,1,1,-2,2,1,2,0
"H",7,1,1,-2,2,2,2,0
"H",7,1,1,-2,3,0,1,0
"H",7,1,1,-2,3,1,1,0
"H",7,1,1,-2,3,2,1,0
"H",7,1,1,-20,0,0,1,0
"H",7,1,1,-3,0,0,1136,107
"H",7,1,1,-3,0,1,3,1
"H",7,1,1,-3,0,2,2,1
"H",7,1,1,-3,1,0,3,0
"H",7,1,1,-3,1,1,2,0
"H",7,1,1,-3,1,2,2,1
"H",7,1,1,-3,2,1,2,0
"H",7,1,1,-3,2,2,2,0
"H",7,1,1,-3,3,1,1,0
"H",7,1,1,-3,3,2,1,0
"H",7,1,1,-4,0,0,798,43
"H",7,1,1,-4,0,1,2,0
"H",7,1,1,-4,0,2,1,0
"H",7,1,1,-4,1,0,2,0
"H",7,1,1,-4,1,1,2,0
"H",7,1,1,-4,1,2,2,0
"H",7,1,1,-4,2,2,1,0
"H",7,1,1,-5,0,0,598,16
"H",7,1,1,-5,0,1,1,0
"H",7,1,1,-5,0,2,1,0
"H",7,1,1,-5,1,2,1,0
"H",7,1,1,-5,2,2,1,0
"H",7,1,1,-5,3,2,1,0
"H",7,1,1,-6,0,0,423,6
"H",7,1,1,-7,0,0,272,2
"H",7,1,1,-8,0,0,172,3
"H",7,1,1,-8,1,0,1,0
"H",7,1,1,-9,0,0,105,0
"H",7,1,1,-9,1,0,1,0
"H",7,1,1,-9,2,0,1,0
"H",7,1,1,-9,2,1,1,0
"H",7,1,1,0,0,0,1936,1137
"H",7,1,1,0,0,1,6,2
"H",7,1,1,0,0,2,2,0
"H",7,1,1,0,1,0,3,2
"H",7,1,1,0,1,1,3,3
"H",7,1,1,0,1,2,5,3
"H",7,1,1,0,2,0,1,1
"H",7,1,1,0,2,1,1,1
"H",7,1,1,0,2,2,2,1
"H",7,1,1,0,3,2,1,1
"H",7,1,1,1,0,0,1801,1455
"H",7,1,1,1,0,1,6,3
"H",7,1,1,1,0,2,4,1
"H",7,1,1,1,1,0,8,6
"H",7,1,1,1,1,1,6,5
"H",7,1,1,1,1,2,5,2
"H",7,1,1,1,2,1,1,1
"H",7,1,1,1,2,2,3,2
"H",7,1,1,1,3,2,1,1
"H",7,1,1,10,0,0,62,62
"H",7,1,1,11,0,0,45,45
"H",7,1,1,12,0,0,27,27
"H",7,1,1,12,0,1,1,1
"H",7,1,1,12,0,2,1,1
"H",7,1,1,12,1,0,1,1
"H",7,1,1,12,1,1,1,1
"H",7,1,1,12,2,1,1,1
"H",7,1,1,12,2,2,1,1
"H",7,1,1,13,0,0,10,10
"H",7,1,1,14,0,0,6,6
"H",7,1,1,15,0,0,6,6
"H",7,1,1,16,0,0,3,3
"H",7,1,1,17,0,0,3,3
"H",7,1,1,18,0,0,2,2
"H",7,1,1,2,0,0,1425,1274
"H",7,1,1,2,0,1,6,5
"H",7,1,1,2,0,2,3,3
"H",7,1,1,2,1,0,5,5
"H",7,1,1,2,1,1,4,3
"H",7,1,1,2,1,2,6,5
"H",7,1,1,2,2,0,3,3
"H",7,1,1,2,2,1,2,2
"H",7,1,1,2,2,2,3,3
"H",7,1,1,2,3,0,1,1
"H",7,1,1,2,3,1,1,1
"H",7,1,1,2,3,2,1,1
"H",7,1,1,3,0,0,1125,1061
"H",7,1,1,3,0,1,4,4
"H",7,1,1,3,1,0,4,4
"H",7,1,1,3,1,1,6,6
"H",7,1,1,3,1,2,5,5
"H",7,1,1,3,2,2,3,3
"H",7,1,1,3,3,2,1,1
"H",7,1,1,4,0,0,796,776
"H",7,1,1,4,0,1,1,1
"H",7,1,1,4,1,0,2,2
"H",7,1,1,4,1,1,2,2
"H",7,1,1,4,2,0,1,1
"H",7,1,1,4,2,1,1,1
"H",7,1,1,4,3,0,1,1
"H",7,1,1,4,3,1,1,1
"H",7,1,1,5,0,0,549,542
"H",7,1,1,5,0,1,1,1
"H",7,1,1,5,1,0,1,1
"H",7,1,1,5,1,1,1,1
"H",7,1,1,5,2,1,1,1
"H",7,1,1,6,0,0,350,347
"H",7,1,1,7,0,0,241,240
"H",7,1,1,7,1,0,1,1
"H",7,1,1,7,1,1,1,1
"H",7,1,1,7,1,2,1,1
"H",7,1,1,8,0,0,156,156
"H",7,1,1,8,0,1,2,2
"H",7,1,1,8,1,1,1,1
"H",7,1,1,8,1,2,1,1
"H",7,1,1,8,2,2,1,1
"H",7,1,1,9,0,0,106,106
"H",7,1,2,-1,0,0,804,291
"H",7,1,2,-1,0,1,5,1
"H",7,1,2,-1,0,2,2,0
"H",7,1,2,-1,1,0,2,2
"H",7,1,2,-1,1,1,3,2
"H",7,1,2,-1,1,2,3,1
"H",7,1,2,-1,2,0,1,1
"H",7,1,2,-1,2,1,1,1
"H",7,1,2,-1,2,2,2,1
"H",7,1,2,-1,3,0,1,1
"H",7,1,2,-1,3,1,1,1
"H",7,1,2,-1,3,2,1,0
"H",7,1,2,-10,0,0,29,0
"H",7,1,2,-11,0,0,16,0
"H",7,1,2,-12,0,0,10,0
"H",7,1,2,-13,0,0,6,0
"H",7,1,2,-14,0,0,8,0
"H",7,1,2,-15,0,0,3,0
"H",7,1,2,-17,0,0,1,0
"H",7,1,2,-2,0,0,721,164
"H",7,1,2,-2,0,1,2,0
"H",7,1,2,-2,0,2,1,0
"H",7,1,2,-2,1,0,4,1
"H",7,1,2,-2,1,1,1,0
"H",7,1,2,-2,1,2,1,0
"H",7,1,2,-2,2,0,3,1
"H",7,1,2,-2,2,1,1,1
"H",7,1,2,-2,3,0,1,0
"H",7,1,2,-3,0,0,547,59
"H",7,1,2,-3,0,1,2,1
"H",7,1,2,-3,1,0,2,0
"H",7,1,2,-3,1,1,1,0
"H",7,1,2,-3,2,0,1,0
"H",7,1,2,-3,2,1,2,0
"H",7,1,2,-3,2,2,1,0
"H",7,1,2,-4,0,0,409,27
"H",7,1,2,-4,1,0,2,0
"H",7,1,2,-4,1,1,1,0
"H",7,1,2,-4,2,0,1,0
"H",7,1,2,-4,2,1,1,0
"H",7,1,2,-4,2,2,1,0
"H",7,1,2,-5,0,0,291,10
"H",7,1,2,-6,0,0,218,5
"H",7,1,2,-6,0,1,1,0
"H",7,1,2,-6,0,2,1,0
"H",7,1,2,-7,0,0,133,4
"H",7,1,2,-8,0,0,88,1
"H",7,1,2,-9,0,0,48,0
"H",7,1,2,-9,1,0,1,0
"H",7,1,2,0,0,0,867,516
"H",7,1,2,0,0,1,1,1
"H",7,1,2,0,0,2,1,1
"H",7,1,2,1,0,0,824,682
"H",7,1,2,1,0,1,2,2
"H",7,1,2,1,0,2,1,1
"H",7,1,2,1,1,0,1,1
"H",7,1,2,1,1,1,1,1
"H",7,1,2,1,2,0,1,1
"H",7,1,2,1,2,1,1,1
"H",7,1,2,1,3,1,1,1
"H",7,1,2,10,0,0,41,41
"H",7,1,2,11,0,0,21,21
"H",7,1,2,12,0,0,18,18
"H",7,1,2,12,1,0,1,1
"H",7,1,2,12,2,0,1,1
"H",7,1,2,12,2,1,1,1
"H",7,1,2,13,0,0,10,10
"H",7,1,2,14,0,0,4,4
"H",7,1,2,15,0,0,4,4
"H",7,1,2,17,0,0,1,1
"H",7,1,2,18,0,0,2,2
"H",7,1,2,2,0,0,626,571
"H",7,1,2,2,1,0,2,2
"H",7,1,2,2,1,1,1,1
"H",7,1,2,2,2,1,1,1
"H",7,1,2,2,2,2,1,1
"H",7,1,2,2,3,2,1,1
"H",7,1,2,3,0,0,539,516
"H",7,1,2,4,0,0,391,385
"H",7,1,2,4,0,1,1,1
"H",7,1,2,4,0,2,1,1
"H",7,1,2,5,0,0,291,288
"H",7,1,2,5,0,1,1,1
"H",7,1,2,5,0,2,1,1
"H",7,1,2,5,1,0,2,2
"H",7,1,2,5,1,2,1,1
"H",7,1,2,5,2,0,2,2
"H",7,1,2,5,2,1,1,1
"H",7,1,2,5,2,2,1,1
"H",7,1,2,5,3,0,1,1
"H",7,1,2,6,0,0,228,227
"H",7,1,2,6,1,0,1,1
"H",7,1,2,7,0,0,156,156
"H",7,1,2,8,0,0,94,94
"H",7,1,2,9,0,0,65,65
"H",7,1,3,-1,0,0,445,185
"H",7,1,3,-1,0,1,1,1
"H",7,1,3,-1,0,2,1,1
"H",7,1,3,-1,1,0,4,0
"H",7,1,3,-1,1,2,1,1
"H",7,1,3,-1,2,0,3,0
"H",7,1,3,-1,2,2,1,1
"H",7,1,3,-1,3,0,3,0
"H",7,1,3,-1,3,1,1,0
"H",7,1,3,-10,0,0,12,0
"H",7,1,3,-11,0,0,9,0
"H",7,1,3,-12,0,0,4,0
"H",7,1,3,-13,0,0,2,0
"H",7,1,3,-14,0,0,6,0
"H",7,1,3,-2,0,0,200,43
"H",7,1,3,-2,0,1,1,0
"H",7,1,3,-2,1,0,2,0
"H",7,1,3,-2,1,1,1,0
"H",7,1,3,-2,1,2,1,0
"H",7,1,3,-2,2,0,2,0
"H",7,1,3,-2,2,2,1,0
"H",7,1,3,-2,3,0,2,0
"H",7,1,3,-3,0,0,157,20
"H",7,1,3,-4,0,0,105,12
"H",7,1,3,-5,0,0,91,7
"H",7,1,3,-5,0,1,1,0
"H",7,1,3,-5,0,2,1,0
"H",7,1,3,-6,0,0,58,1
"H",7,1,3,-7,0,0,34,0
"H",7,1,3,-8,0,0,19,1
"H",7,1,3,-9,0,0,12,0
"H",7,1,3,0,0,0,571,381
"H",7,1,3,0,0,1,1,1
"H",7,1,3,0,1,0,3,1
"H",7,1,3,0,1,1,4,2
"H",7,1,3,0,1,2,2,1
"H",7,1,3,0,2,1,2,1
"H",7,1,3,0,2,2,2,1
"H",7,1,3,0,3,1,1,0
"H",7,1,3,0,3,2,2,0
"H",7,1,3,1,0,0,557,470
"H",7,1,3,1,0,1,1,1
"H",7,1,3,1,1,0,3,3
"H",7,1,3,1,1,1,2,2
"H",7,1,3,1,1,2,2,2
"H",7,1,3,1,2,0,1,1
"H",7,1,3,1,2,1,1,1
"H",7,1,3,1,3,1,1,1
"H",7,1,3,10,0,0,16,16
"H",7,1,3,11,0,0,16,16
"H",7,1,3,12,0,0,11,11
"H",7,1,3,13,0,0,5,5
"H",7,1,3,14,0,0,3,3
"H",7,1,3,17,0,0,1,1
"H",7,1,3,19,0,0,1,1
"H",7,1,3,2,0,0,439,401
"H",7,1,3,2,0,1,1,1
"H",7,1,3,2,0,2,1,1
"H",7,1,3,2,1,2,1,1
"H",7,1,3,21,0,0,1,1
"H",7,1,3,3,0,0,331,319
"H",7,1,3,3,1,0,2,2
"H",7,1,3,3,2,0,2,2
"H",7,1,3,3,2,1,1,1
"H",7,1,3,3,2,2,1,1
"H",7,1,3,3,3,0,1,1
"H",7,1,3,3,3,2,1,1
"H",7,1,3,4,0,0,285,281
"H",7,1,3,5,0,0,170,168
"H",7,1,3,5,0,1,1,1
"H",7,1,3,5,0,2,1,1
"H",7,1,3,5,1,0,1,1
"H",7,1,3,5,1,2,1,1
"H",7,1,3,5,2,0,1,1
"H",7,1,3,5,2,1,1,1
"H",7,1,3,5,2,2,1,1
"H",7,1,3,5,3,2,1,1
"H",7,1,3,6,0,0,126,124
"H",7,1,3,7,0,0,88,88
"H",7,1,3,7,0,1,1,1
"H",7,1,3,7,0,2,1,1
"H",7,1,3,7,1,2,1,1
"H",7,1,3,7,2,2,1,1
"H",7,1,3,8,0,0,48,48
"H",7,1,3,8,1,0,1,1
"H",7,1,3,8,1,1,1,1
"H",7,1,3,8,1,2,1,1
"H",7,1,3,9,0,0,40,40
"H",7,1,4,-1,0,0,267,116
"H",7,1,4,-1,0,1,3,2
"H",7,1,4,-1,0,2,1,0
"H",7,1,4,-1,1,0,2,2
"H",7,1,4,-1,1,1,1,1
"H",7,1,4,-1,2,0,1,1
"H",7,1,4,-1,2,1,1,1
"H",7,1,4,-1,3,1,1,1
"H",7,1,4,-1,3,2,1,1
"H",7,1,4,-10,0,0,10,0
"H",7,1,4,-11,0,0,4,0
"H",7,1,4,-12,0,0,3,0
"H",7,1,4,-13,0,0,3,0
"H",7,1,4,-14,0,0,5,0
"H",7,1,4,-16,0,0,1,0
"H",7,1,4,-2,0,0,233,67
"H",7,1,4,-2,0,1,1,0
"H",7,1,4,-2,1,0,2,1
"H",7,1,4,-2,1,1,2,0
"H",7,1,4,-2,1,2,1,0
"H",7,1,4,-3,0,0,184,35
"H",7,1,4,-4,0,0,148,16
"H",7,1,4,-5,0,0,119,7
"H",7,1,4,-6,0,0,87,5
"H",7,1,4,-7,0,0,50,3
"H",7,1,4,-8,0,0,34,1
"H",7,1,4,-9,0,0,16,0
"H",7,1,4,0,0,0,272,183
"H",7,1,4,1,0,0,303,250
"H",7,1,4,1,1,0,1,1
"H",7,1,4,1,2,0,1,1
"H",7,1,4,1,3,0,1,1
"H",7,1,4,10,0,0,13,13
"H",7,1,4,11,0,0,6,6
"H",7,1,4,12,0,0,5,5
"H",7,1,4,13,0,0,1,1
"H",7,1,4,14,0,0,1,1
"H",7,1,4,18,0,0,1,1
"H",7,1,4,2,0,0,216,197
"H",7,1,4,2,1,0,3,3
"H",7,1,4,2,1,1,1,1
"H",7,1,4,2,2,0,2,2
"H",7,1,4,2,2,1,1,1
"H",7,1,4,2,2,2,1,1
"H",7,1,4,2,3,0,2,2
"H",7,1,4,2,3,1,1,1
"H",7,1,4,2,3,2,1,1
"H",7,1,4,21,0,0,1,1
"H",7,1,4,3,0,0,192,184
"H",7,1,4,3,0,1,1,1
"H",7,1,4,3,1,1,1,1
"H",7,1,4,4,0,0,138,136
"H",7,1,4,4,0,1,1,1
"H",7,1,4,4,0,2,1,1
"H",7,1,4,4,1,0,1,1
"H",7,1,4,4,1,2,1,1
"H",7,1,4,4,2,0,1,1
"H",7,1,4,5,0,0,113,113
"H",7,1,4,5,0,1,1,1
"H",7,1,4,5,1,1,1,1
"H",7,1,4,5,2,1,1,1
"H",7,1,4,5,2,2,1,1
"H",7,1,4,6,0,0,67,67
"H",7,1,4,7,0,0,47,47
"H",7,1,4,8,0,0,33,33
"H",7,1,4,9,0,0,16,16
"H",7,1,4,9,0,1,1,1
"H",7,1,4,9,1,1,1,1
"H",7,1,4,9,2,1,1,1
"H",7,1,5,-1,0,0,160,84
"H",7,1,5,-1,0,1,1,0
"H",7,1,5,-1,0,2,1,0
"H",7,1,5,-10,0,0,4,0
"H",7,1,5,-11,0,0,4,0
"H",7,1,5,-12,0,0,2,1
"H",7,1,5,-13,0,0,2,0
"H",7,1,5,-2,0,0,97,22
"H",7,1,5,-3,0,0,75,10
"H",7,1,5,-3,0,1,1,0
"H",7,1,5,-3,1,1,1,0
"H",7,1,5,-4,0,0,39,3
"H",7,1,5,-5,0,0,42,4
"H",7,1,5,-6,0,0,22,1
"H",7,1,5,-7,0,0,16,0
"H",7,1,5,-8,0,0,8,1
"H",7,1,5,-9,0,0,8,0
"H",7,1,5,0,0,0,174,123
"H",7,1,5,0,0,1,1,0
"H",7,1,5,0,1,1,1,0
"H",7,1,5,1,0,0,215,187
"H",7,1,5,1,0,1,1,1
"H",7,1,5,1,0,2,1,1
"H",7,1,5,1,1,0,1,1
"H",7,1,5,1,1,2,1,1
"H",7,1,5,1,2,2,1,1
"H",7,1,5,1,3,2,1,1
"H",7,1,5,10,0,0,10,10
"H",7,1,5,11,0,0,6,6
"H",7,1,5,12,0,0,7,7
"H",7,1,5,13,0,0,1,1
"H",7,1,5,14,0,0,3,3
"H",7,1,5,15,0,0,1,1
"H",7,1,5,17,0,0,2,2
"H",7,1,5,2,0,0,170,153
"H",7,1,5,2,0,1,1,1
"H",7,1,5,20,0,0,1,1
"H",7,1,5,3,0,0,163,154
"H",7,1,5,4,0,0,115,111
"H",7,1,5,5,0,0,84,84
"H",7,1,5,6,0,0,56,56
"H",7,1,5,7,0,0,46,46
"H",7,1,5,8,0,0,25,25
"H",7,1,5,9,0,0,26,26
"H",7,1,6,-1,0,0,130,77
"H",7,1,6,-1,1,0,1,0
"H",7,1,6,-10,0,0,3,0
"H",7,1,6,-11,0,0,6,0
"H",7,1,6,-12,0,0,3,0
"H",7,1,6,-13,0,0,1,0
"H",7,1,6,-14,0,0,1,0
"H",7,1,6,-2,0,0,103,32
"H",7,1,6,-3,0,0,84,15
"H",7,1,6,-4,0,0,67,9
"H",7,1,6,-4,0,1,1,1
"H",7,1,6,-4,1,1,1,1
"H",7,1,6,-4,2,1,1,1
"H",7,1,6,-5,0,0,49,4
"H",7,1,6,-5,0,1,1,1
"H",7,1,6,-5,0,2,1,1
"H",7,1,6,-5,1,2,1,1
"H",7,1,6,-6,0,0,25,0
"H",7,1,6,-7,0,0,21,0
"H",7,1,6,-8,0,0,13,0
"H",7,1,6,-8,0,1,1,0
"H",7,1,6,-9,0,0,8,0
"H",7,1,6,0,0,0,176,132
"H",7,1,6,1,0,0,143,128
"H",7,1,6,10,0,0,10,10
"H",7,1,6,11,0,0,6,6
"H",7,1,6,12,0,0,3,3
"H",7,1,6,13,0,0,2,2
"H",7,1,6,15,0,0,1,1
"H",7,1,6,17,0,0,1,1
"H",7,1,6,2,0,0,151,138
"H",7,1,6,2,0,1,1,1
"H",7,1,6,2,1,0,1,1
"H",7,1,6,2,1,1,1,1
"H",7,1,6,3,0,0,125,118
"H",7,1,6,3,0,1,1,1
"H",7,1,6,3,1,0,1,1
"H",7,1,6,3,1,1,1,1
"H",7,1,6,3,1,2,1,1
"H",7,1,6,3,2,0,1,1
"H",7,1,6,3,2,1,1,1
"H",7,1,6,3,2,2,2,2
"H",7,1,6,3,3,2,2,2
"H",7,1,6,4,0,0,92,91
"H",7,1,6,4,0,1,1,1
"H",7,1,6,5,0,0,66,65
"H",7,1,6,6,0,0,53,53
"H",7,1,6,7,0,0,42,42
"H",7,1,6,7,1,0,1,1
"H",7,1,6,8,0,0,28,28
"H",7,1,6,8,0,1,1,1
"H",7,1,6,8,1,1,1,1
"H",7,1,6,8,1,2,1,1
"H",7,1,6,9,0,0,12,12
"H",7,1,7,-1,0,0,121,55
"H",7,1,7,-1,0,1,1,0
"H",7,1,7,-1,0,2,1,0
"H",7,1,7,-1,1,0,1,1
"H",7,1,7,-1,1,2,1,0
"H",7,1,7,-1,2,2,1,0
"H",7,1,7,-10,0,0,1,0
"H",7,1,7,-11,0,0,3,0
"H",7,1,7,-12,0,0,1,0
"H",7,1,7,-13,0,0,3,0
"H",7,1,7,-14,0,0,2,0
"H",7,1,7,-2,0,0,112,34
"H",7,1,7,-2,1,0,1,0
"H",7,1,7,-2,2,0,1,0
"H",7,1,7,-2,3,0,1,0
"H",7,1,7,-3,0,0,75,11
"H",7,1,7,-4,0,0,48,10
"H",7,1,7,-5,0,0,23,2
"H",7,1,7,-5,1,0,1,0
"H",7,1,7,-5,1,1,1,0
"H",7,1,7,-5,1,2,1,0
"H",7,1,7,-5,2,2,1,0
"H",7,1,7,-5,3,2,1,0
"H",7,1,7,-6,0,0,28,1
"H",7,1,7,-7,0,0,13,0
"H",7,1,7,-8,0,0,5,0
"H",7,1,7,-9,0,0,2,0
"H",7,1,7,0,0,0,151,122
"H",7,1,7,0,0,1,1,1
"H",7,1,7,0,0,2,1,1
"H",7,1,7,0,1,2,1,1
"H",7,1,7,1,0,0,142,123
"H",7,1,7,10,0,0,8,8
"H",7,1,7,10,1,0,1,1
"H",7,1,7,10,1,1,1,1
"H",7,1,7,10,2,1,1,1
"H",7,1,7,11,0,0,4,4
"H",7,1,7,12,0,0,6,6
"H",7,1,7,13,0,0,2,2
"H",7,1,7,14,0,0,1,1
"H",7,1,7,15,0,0,1,1
"H",7,1,7,2,0,0,140,134
"H",7,1,7,2,0,1,3,2
"H",7,1,7,2,0,2,2,1
"H",7,1,7,2,1,0,1,1
"H",7,1,7,2,1,1,2,2
"H",7,1,7,2,1,2,3,2
"H",7,1,7,2,2,1,1,1
"H",7,1,7,3,0,0,96,94
"H",7,1,7,3,1,0,1,1
"H",7,1,7,3,2,0,1,1
"H",7,1,7,3,3,0,1,1
"H",7,1,7,4,0,0,77,77
"H",7,1,7,4,1,0,1,1
"H",7,1,7,5,0,0,67,67
"H",7,1,7,5,0,1,1,1
"H",7,1,7,5,1,0,1,1
"H",7,1,7,5,2,0,1,1
"H",7,1,7,5,2,1,1,1
"H",7,1,7,5,2,2,1,1
"H",7,1,7,6,0,0,47,47
"H",7,1,7,7,0,0,31,31
"H",7,1,7,8,0,0,20,20
"H",7,1,7,9,0,0,12,12
"H",7,1,8,-1,0,0,94,50
"H",7,1,8,-1,0,1,2,2
"H",7,1,8,-1,1,1,1,1
"H",7,1,8,-1,2,1,1,1
"H",7,1,8,-1,2,2,1,1
"H",7,1,8,-10,0,0,1,0
"H",7,1,8,-11,0,0,1,0
"H",7,1,8,-13,0,0,1,0
"H",7,1,8,-14,0,0,2,0
"H",7,1,8,-2,0,0,69,26
"H",7,1,8,-2,1,0,1,1
"H",7,1,8,-2,1,1,1,1
"H",7,1,8,-2,2,1,1,1
"H",7,1,8,-2,3,1,1,1
"H",7,1,8,-2,3,2,1,1
"H",7,1,8,-3,0,0,64,16
"H",7,1,8,-4,0,0,43,9
"H",7,1,8,-5,0,0,34,4
"H",7,1,8,-6,0,0,19,2
"H",7,1,8,-6,0,1,1,0
"H",7,1,8,-6,0,2,1,0
"H",7,1,8,-7,0,0,19,2
"H",7,1,8,-8,0,0,11,2
"H",7,1,8,-9,0,0,5,0
"H",7,1,8,0,0,0,144,112
"H",7,1,8,0,1,0,1,1
"H",7,1,8,0,2,0,1,1
"H",7,1,8,0,2,1,1,1
"H",7,1,8,0,2,2,1,1
"H",7,1,8,1,0,0,111,102
"H",7,1,8,10,0,0,6,6
"H",7,1,8,11,0,0,1,1
"H",7,1,8,12,0,0,2,2
"H",7,1,8,2,0,0,97,92
"H",7,1,8,22,0,0,1,1
"H",7,1,8,3,0,0,61,59
"H",7,1,8,4,0,0,54,54
"H",7,1,8,4,1,0,1,1
"H",7,1,8,4,1,1,1,1
"H",7,1,8,5,0,0,35,35
"H",7,1,8,6,0,0,25,25
"H",7,1,8,7,0,0,12,12
"H",7,1,8,8,0,0,15,15
"H",7,1,8,9,0,0,10,10
"H",7,2,1,-1,0,0,1372,385
"H",7,2,1,-1,0,1,3,1
"H",7,2,1,-1,0,2,2,1
"H",7,2,1,-1,1,0,1,0
"H",7,2,1,-1,1,1,2,0
"H",7,2,1,-1,1,2,2,1
"H",7,2,1,-1,2,2,1,0
"H",7,2,1,-10,0,0,40,0
"H",7,2,1,-11,0,0,33,1
"H",7,2,1,-12,0,0,16,0
"H",7,2,1,-13,0,0,14,0
"H",7,2,1,-14,0,0,3,0
"H",7,2,1,-15,0,0,3,0
"H",7,2,1,-16,0,0,4,0
"H",7,2,1,-17,0,0,3,0
"H",7,2,1,-18,0,0,2,0
"H",7,2,1,-19,0,0,2,0
"H",7,2,1,-2,0,0,1128,162
"H",7,2,1,-2,0,1,5,2
"H",7,2,1,-2,0,2,1,1
"H",7,2,1,-2,1,0,6,0
"H",7,2,1,-2,1,1,7,1
"H",7,2,1,-2,1,2,3,2
"H",7,2,1,-2,2,1,3,0
"H",7,2,1,-2,2,2,3,1
"H",7,2,1,-2,3,2,2,1
"H",7,2,1,-20,0,0,1,0
"H",7,2,1,-3,0,0,864,73
"H",7,2,1,-3,0,1,2,0
"H",7,2,1,-3,0,2,1,0
"H",7,2,1,-3,1,0,2,0
"H",7,2,1,-3,1,1,2,0
"H",7,2,1,-3,1,2,1,0
"H",7,2,1,-3,2,1,1,0
"H",7,2,1,-3,2,2,2,0
"H",7,2,1,-4,0,0,600,26
"H",7,2,1,-5,0,0,442,9
"H",7,2,1,-5,1,0,3,0
"H",7,2,1,-5,1,1,3,0
"H",7,2,1,-5,1,2,1,0
"H",7,2,1,-5,2,1,2,0
"H",7,2,1,-5,3,1,2,0
"H",7,2,1,-5,3,2,1,0
"H",7,2,1,-6,0,0,297,1
"H",7,2,1,-7,0,0,208,1
"H",7,2,1,-8,0,0,128,0
"H",7,2,1,-8,0,1,1,0
"H",7,2,1,-8,1,1,1,0
"H",7,2,1,-8,2,1,1,0
"H",7,2,1,-8,2,2,1,0
"H",7,2,1,-9,0,0,82,0
"H",7,2,1,-9,1,0,1,0
"H",7,2,1,-9,2,0,1,0
"H",7,2,1,-9,2,1,1,0
"H",7,2,1,-9,2,2,1,0
"H",7,2,1,0,0,0,1453,823
"H",7,2,1,0,0,1,8,5
"H",7,2,1,0,0,2,3,2
"H",7,2,1,0,1,0,6,4
"H",7,2,1,0,1,1,7,4
"H",7,2,1,0,1,2,7,4
"H",7,2,1,0,2,0,1,1
"H",7,2,1,0,2,1,2,2
"H",7,2,1,0,2,2,5,3
"H",7,2,1,0,3,2,3,2
"H",7,2,1,1,0,0,1363,1070
"H",7,2,1,1,0,1,7,6
"H",7,2,1,1,0,2,3,2
"H",7,2,1,1,1,0,3,2
"H",7,2,1,1,1,1,1,1
"H",7,2,1,1,1,2,2,1
"H",7,2,1,1,2,0,3,2
"H",7,2,1,1,2,1,1,1
"H",7,2,1,1,2,2,3,2
"H",7,2,1,1,3,0,3,2
"H",7,2,1,1,3,1,1,1
"H",7,2,1,1,3,2,2,2
"H",7,2,1,10,0,0,59,59
"H",7,2,1,11,0,0,38,38
"H",7,2,1,12,0,0,19,19
"H",7,2,1,12,1,0,1,1
"H",7,2,1,12,2,0,1,1
"H",7,2,1,12,2,1,1,1
"H",7,2,1,12,2,2,1,1
"H",7,2,1,13,0,0,10,10
"H",7,2,1,14,0,0,6,6
"H",7,2,1,15,0,0,7,7
"H",7,2,1,16,0,0,3,3
"H",7,2,1,17,0,0,2,2
"H",7,2,1,18,0,0,3,3
"H",7,2,1,2,0,0,1157,1028
"H",7,2,1,2,0,1,5,5
"H",7,2,1,2,1,0,5,4
"H",7,2,1,2,1,1,6,5
"H",7,2,1,2,1,2,5,4
"H",7,2,1,2,2,0,1,1
"H",7,2,1,2,2,1,2,2
"H",7,2,1,2,2,2,4,4
"H",7,2,1,2,3,2,3,3
"H",7,2,1,3,0,0,892,839
"H",7,2,1,3,0,1,1,1
"H",7,2,1,3,1,0,7,7
"H",7,2,1,3,1,1,5,5
"H",7,2,1,3,1,2,1,1
"H",7,2,1,3,2,0,3,3
"H",7,2,1,3,2,1,2,2
"H",7,2,1,3,2,2,3,3
"H",7,2,1,3,3,0,2,2
"H",7,2,1,3,3,1,1,1
"H",7,2,1,3,3,2,1,1
"H",7,2,1,4,0,0,653,632
"H",7,2,1,4,0,1,1,1
"H",7,2,1,4,1,0,1,1
"H",7,2,1,4,1,1,1,1
"H",7,2,1,4,2,0,1,1
"H",7,2,1,4,3,0,1,1
"H",7,2,1,4,3,1,1,1
"H",7,2,1,4,3,2,1,1
"H",7,2,1,5,0,0,471,464
"H",7,2,1,5,0,1,1,1
"H",7,2,1,5,0,2,1,1
"H",7,2,1,5,1,2,1,1
"H",7,2,1,5,2,2,1,1
"H",7,2,1,6,0,0,294,292
"H",7,2,1,7,0,0,213,212
"H",7,2,1,7,0,1,1,1
"H",7,2,1,7,1,1,1,1
"H",7,2,1,7,2,1,1,1
"H",7,2,1,7,3,1,1,1
"H",7,2,1,8,0,0,141,141
"H",7,2,1,8,0,1,1,1
"H",7,2,1,8,1,0,1,1
"H",7,2,1,8,1,1,1,1
"H",7,2,1,8,2,0,1,1
"H",7,2,1,8,2,1,1,1
"H",7,2,1,8,3,0,1,1
"H",7,2,1,8,3,1,1,1
"H",7,2,1,8,3,2,1,1
"H",7,2,1,9,0,0,88,88
"H",7,2,2,-1,0,0,785,240
"H",7,2,2,-1,0,1,3,1
"H",7,2,2,-1,1,0,2,0
"H",7,2,2,-1,1,1,3,0
"H",7,2,2,-1,1,2,1,0
"H",7,2,2,-1,2,1,2,0
"H",7,2,2,-10,0,0,25,0
"H",7,2,2,-11,0,0,20,1
"H",7,2,2,-12,0,0,9,0
"H",7,2,2,-13,0,0,10,0
"H",7,2,2,-14,0,0,6,0
"H",7,2,2,-15,0,0,1,0
"H",7,2,2,-17,0,0,2,0
"H",7,2,2,-19,0,0,1,0
"H",7,2,2,-2,0,0,708,120
"H",7,2,2,-2,1,0,1,0
"H",7,2,2,-2,1,1,1,0
"H",7,2,2,-20,0,0,1,0
"H",7,2,2,-3,0,0,550,51
"H",7,2,2,-3,0,1,4,0
"H",7,2,2,-3,0,2,2,0
"H",7,2,2,-3,1,0,2,0
"H",7,2,2,-3,1,1,1,0
"H",7,2,2,-3,1,2,2,0
"H",7,2,2,-3,2,0,1,0
"H",7,2,2,-3,2,2,2,0
"H",7,2,2,-3,3,0,1,0
"H",7,2,2,-3,3,2,2,0
"H",7,2,2,-4,0,0,393,20
"H",7,2,2,-4,1,0,2,0
"H",7,2,2,-4,1,1,1,0
"H",7,2,2,-4,2,0,1,0
"H",7,2,2,-4,2,1,1,0
"H",7,2,2,-4,3,0,1,0
"H",7,2,2,-4,3,1,1,0
"H",7,2,2,-5,0,0,294,10
"H",7,2,2,-5,0,1,1,0
"H",7,2,2,-5,1,1,1,0
"H",7,2,2,-6,0,0,197,1
"H",7,2,2,-6,0,1,1,0
"H",7,2,2,-7,0,0,131,0
"H",7,2,2,-7,0,1,1,0
"H",7,2,2,-7,1,0,1,0
"H",7,2,2,-7,1,1,1,0
"H",7,2,2,-7,1,2,1,0
"H",7,2,2,-7,2,0,1,0
"H",7,2,2,-7,3,0,1,0
"H",7,2,2,-8,0,0,83,0
"H",7,2,2,-9,0,0,52,0
"H",7,2,2,0,0,0,883,504
"H",7,2,2,0,0,1,1,0
"H",7,2,2,0,0,2,1,0
"H",7,2,2,0,1,0,4,3
"H",7,2,2,0,1,1,3,3
"H",7,2,2,0,1,2,2,2
"H",7,2,2,0,2,1,1,1
"H",7,2,2,0,2,2,1,1
"H",7,2,2,1,0,0,791,648
"H",7,2,2,1,0,1,2,1
"H",7,2,2,1,0,2,1,0
"H",7,2,2,1,1,0,4,2
"H",7,2,2,1,1,2,1,0
"H",7,2,2,1,2,0,3,2
"H",7,2,2,1,3,0,3,2
"H",7,2,2,1,3,1,1,1
"H",7,2,2,1,3,2,1,1
"H",7,2,2,10,0,0,42,42
"H",7,2,2,11,0,0,36,36
"H",7,2,2,12,0,0,16,16
"H",7,2,2,13,0,0,9,9
"H",7,2,2,14,0,0,8,8
"H",7,2,2,15,0,0,4,4
"H",7,2,2,16,0,0,5,5
"H",7,2,2,17,0,0,1,1
"H",7,2,2,18,0,0,1,1
"H",7,2,2,2,0,0,722,631
"H",7,2,2,2,1,0,4,4
"H",7,2,2,2,1,1,2,2
"H",7,2,2,2,2,0,1,1
"H",7,2,2,3,0,0,557,532
"H",7,2,2,3,0,1,2,2
"H",7,2,2,3,1,1,1,1
"H",7,2,2,4,0,0,437,426
"H",7,2,2,4,0,1,1,0
"H",7,2,2,4,1,1,1,0
"H",7,2,2,5,0,0,354,350
"H",7,2,2,6,0,0,221,220
"H",7,2,2,7,0,0,184,184
"H",7,2,2,8,0,0,113,113
"H",7,2,2,8,0,1,1,1
"H",7,2,2,8,1,1,1,1
"H",7,2,2,8,1,2,1,1
"H",7,2,2,8,2,2,1,1
"H",7,2,2,8,3,2,1,1
"H",7,2,2,9,0,0,66,66
"H",7,2,3,-1,0,0,446,146
"H",7,2,3,-1,0,1,1,0
"H",7,2,3,-1,0,2,1,0
"H",7,2,3,-1,1,0,3,1
"H",7,2,3,-1,1,1,1,0
"H",7,2,3,-1,2,0,1,0
"H",7,2,3,-1,2,1,1,0
"H",7,2,3,-1,3,0,1,0
"H",7,2,3,-1,3,1,1,0
"H",7,2,3,-1,3,2,1,0
"H",7,2,3,-10,0,0,12,0
"H",7,2,3,-11,0,0,2,0
"H",7,2,3,-12,0,0,10,0
"H",7,2,3,-13,0,0,2,0
"H",7,2,3,-14,0,0,6,0
"H",7,2,3,-15,0,0,2,0
"H",7,2,3,-2,0,0,270,43
"H",7,2,3,-2,0,1,1,0
"H",7,2,3,-2,1,0,1,1
"H",7,2,3,-2,1,1,1,0
"H",7,2,3,-2,2,0,1,1
"H",7,2,3,-2,2,1,1,0
"H",7,2,3,-2,3,0,1,1
"H",7,2,3,-2,3,1,1,0
"H",7,2,3,-3,0,0,195,19
"H",7,2,3,-3,1,0,1,0
"H",7,2,3,-3,2,0,1,0
"H",7,2,3,-3,3,0,1,0
"H",7,2,3,-3,3,1,1,0
"H",7,2,3,-4,0,0,143,6
"H",7,2,3,-5,0,0,114,3
"H",7,2,3,-6,0,0,62,0
"H",7,2,3,-7,0,0,40,0
"H",7,2,3,-8,0,0,23,0
"H",7,2,3,-9,0,0,18,0
"H",7,2,3,0,0,0,563,336
"H",7,2,3,0,0,1,1,1
"H",7,2,3,0,0,2,1,1
"H",7,2,3,0,1,0,3,2
"H",7,2,3,0,1,2,1,1
"H",7,2,3,0,2,0,3,2
"H",7,2,3,0,3,0,3,2
"H",7,2,3,1,0,0,599,498
"H",7,2,3,1,0,1,3,3
"H",7,2,3,1,0,2,1,1
"H",7,2,3,1,1,0,3,2
"H",7,2,3,1,1,1,1,1
"H",7,2,3,1,2,0,2,2
"H",7,2,3,1,2,1,2,2
"H",7,2,3,1,3,0,1,1
"H",7,2,3,1,3,1,3,3
"H",7,2,3,1,3,2,1,1
"H",7,2,3,10,0,0,30,30
"H",7,2,3,11,0,0,27,27
"H",7,2,3,12,0,0,27,27
"H",7,2,3,13,0,0,8,8
"H",7,2,3,14,0,0,8,8
"H",7,2,3,15,0,0,4,4
"H",7,2,3,16,0,0,1,1
"H",7,2,3,17,0,0,2,2
"H",7,2,3,2,0,0,495,445
"H",7,2,3,3,0,0,433,414
"H",7,2,3,3,0,1,1,1
"H",7,2,3,3,1,0,2,2
"H",7,2,3,3,1,1,2,2
"H",7,2,3,3,1,2,1,1
"H",7,2,3,3,2,0,1,1
"H",7,2,3,3,2,1,1,1
"H",7,2,3,3,2,2,1,1
"H",7,2,3,3,3,0,1,1
"H",7,2,3,3,3,1,1,1
"H",7,2,3,3,3,2,1,1
"H",7,2,3,4,0,0,334,329
"H",7,2,3,5,0,0,222,220
"H",7,2,3,5,0,1,1,1
"H",7,2,3,6,0,0,165,163
"H",7,2,3,6,0,1,1,1
"H",7,2,3,6,1,0,1,1
"H",7,2,3,6,1,1,1,1
"H",7,2,3,6,2,0,1,1
"H",7,2,3,6,3,0,1,1
"H",7,2,3,7,0,0,116,116
"H",7,2,3,8,0,0,72,72
"H",7,2,3,9,0,0,57,57
"H",7,2,4,-1,0,0,293,107
"H",7,2,4,-1,0,1,1,1
"H",7,2,4,-1,0,2,1,1
"H",7,2,4,-1,1,0,1,0
"H",7,2,4,-1,1,2,1,1
"H",7,2,4,-1,2,0,1,0
"H",7,2,4,-1,2,2,1,1
"H",7,2,4,-1,3,0,1,0
"H",7,2,4,-10,0,0,12,0
"H",7,2,4,-11,0,0,5,0
"H",7,2,4,-12,0,0,6,0
"H",7,2,4,-13,0,0,4,0
"H",7,2,4,-14,0,0,1,0
"H",7,2,4,-15,0,0,1,0
"H",7,2,4,-16,0,0,1,0
"H",7,2,4,-2,0,0,249,52
"H",7,2,4,-2,0,1,1,1
"H",7,2,4,-2,1,0,1,1
"H",7,2,4,-2,2,0,1,1
"H",7,2,4,-2,2,1,1,1
"H",7,2,4,-3,0,0,202,26
"H",7,2,4,-3,0,1,2,1
"H",7,2,4,-3,1,1,1,1
"H",7,2,4,-3,2,1,1,1
"H",7,2,4,-4,0,0,181,8
"H",7,2,4,-4,1,0,1,0
"H",7,2,4,-5,0,0,123,6
"H",7,2,4,-6,0,0,80,4
"H",7,2,4,-7,0,0,44,1
"H",7,2,4,-8,0,0,32,0
"H",7,2,4,-9,0,0,21,0
"H",7,2,4,0,0,0,358,221
"H",7,2,4,0,0,1,1,0
"H",7,2,4,0,0,2,1,0
"H",7,2,4,0,1,0,1,1
"H",7,2,4,0,1,1,1,1
"H",7,2,4,0,2,1,1,1
"H",7,2,4,1,0,0,353,294
"H",7,2,4,1,0,1,3,3
"H",7,2,4,1,0,2,1,1
"H",7,2,4,1,1,0,2,2
"H",7,2,4,1,1,2,1,1
"H",7,2,4,1,2,0,1,1
"H",7,2,4,1,2,1,1,1
"H",7,2,4,1,2,2,1,1
"H",7,2,4,1,3,2,1,1
"H",7,2,4,10,0,0,22,22
"H",7,2,4,11,0,0,12,12
"H",7,2,4,12,0,0,5,5
"H",7,2,4,13,0,0,3,3
"H",7,2,4,14,0,0,3,3
"H",7,2,4,16,0,0,3,3
"H",7,2,4,17,0,0,1,1
"H",7,2,4,18,0,0,2,2
"H",7,2,4,2,0,0,248,213
"H",7,2,4,21,0,0,1,1
"H",7,2,4,23,0,0,1,1
"H",7,2,4,3,0,0,216,206
"H",7,2,4,3,1,0,2,2
"H",7,2,4,3,2,0,1,1
"H",7,2,4,3,3,0,1,1
"H",7,2,4,3,3,1,1,1
"H",7,2,4,4,0,0,181,177
"H",7,2,4,5,0,0,135,135
"H",7,2,4,5,1,0,1,1
"H",7,2,4,5,2,0,1,1
"H",7,2,4,5,3,0,1,1
"H",7,2,4,5,3,1,1,1
"H",7,2,4,6,0,0,85,85
"H",7,2,4,7,0,0,66,66
"H",7,2,4,8,0,0,40,40
"H",7,2,4,9,0,0,30,30
"H",7,2,4,9,0,1,1,1
"H",7,2,4,9,0,2,1,1
"H",7,2,4,9,1,2,1,1
"H",7,2,4,9,2,2,1,1
"H",7,2,5,-1,0,0,237,84
"H",7,2,5,-1,1,0,3,1
"H",7,2,5,-1,1,1,2,0
"H",7,2,5,-1,2,0,1,1
"H",7,2,5,-1,2,1,2,0
"H",7,2,5,-1,3,0,1,1
"H",7,2,5,-1,3,1,2,1
"H",7,2,5,-10,0,0,3,0
"H",7,2,5,-11,0,0,5,0
"H",7,2,5,-12,0,0,1,0
"H",7,2,5,-13,0,0,4,0
"H",7,2,5,-14,0,0,1,0
"H",7,2,5,-2,0,0,139,16
"H",7,2,5,-3,0,0,96,11
"H",7,2,5,-3,1,0,1,0
"H",7,2,5,-3,1,1,1,0
"H",7,2,5,-3,2,1,1,0
"H",7,2,5,-4,0,0,80,7
"H",7,2,5,-5,0,0,55,1
"H",7,2,5,-6,0,0,33,0
"H",7,2,5,-7,0,0,13,0
"H",7,2,5,-8,0,0,12,0
"H",7,2,5,-9,0,0,12,0
"H",7,2,5,0,0,0,263,156
"H",7,2,5,0,0,1,1,1
"H",7,2,5,0,1,0,1,1
"H",7,2,5,0,1,1,1,1
"H",7,2,5,0,1,2,1,1
"H",7,2,5,0,2,0,1,1
"H",7,2,5,0,2,2,1,1
"H",7,2,5,0,3,0,1,1
"H",7,2,5,1,0,0,249,209
"H",7,2,5,1,0,1,1,1
"H",7,2,5,10,0,0,11,11
"H",7,2,5,11,0,0,18,18
"H",7,2,5,12,0,0,8,8
"H",7,2,5,13,0,0,3,3
"H",7,2,5,14,0,0,3,3
"H",7,2,5,15,0,0,3,3
"H",7,2,5,17,0,0,1,1
"H",7,2,5,2,0,0,246,214
"H",7,2,5,2,1,0,1,1
"H",7,2,5,2,1,1,1,1
"H",7,2,5,2,2,1,1,1
"H",7,2,5,2,3,1,1,1
"H",7,2,5,20,0,0,1,1
"H",7,2,5,3,0,0,196,184
"H",7,2,5,4,0,0,171,170
"H",7,2,5,5,0,0,129,126
"H",7,2,5,6,0,0,79,79
"H",7,2,5,7,0,0,66,66
"H",7,2,5,8,0,0,36,36
"H",7,2,5,8,1,0,1,1
"H",7,2,5,8,1,1,1,1
"H",7,2,5,8,2,1,1,1
"H",7,2,5,8,3,1,1,1
"H",7,2,5,8,3,2,1,1
"H",7,2,5,9,0,0,33,33
"H",7,2,6,-1,0,0,167,64
"H",7,2,6,-1,0,1,3,1
"H",7,2,6,-1,0,2,1,0
"H",7,2,6,-1,1,1,2,1
"H",7,2,6,-1,1,2,2,1
"H",7,2,6,-1,2,1,1,0
"H",7,2,6,-1,2,2,2,1
"H",7,2,6,-1,3,1,1,0
"H",7,2,6,-1,3,2,1,0
"H",7,2,6,-10,0,0,3,0
"H",7,2,6,-11,0,0,5,0
"H",7,2,6,-12,0,0,1,0
"H",7,2,6,-2,0,0,140,27
"H",7,2,6,-3,0,0,110,14
"H",7,2,6,-4,0,0,78,8
"H",7,2,6,-5,0,0,68,3
"H",7,2,6,-6,0,0,40,0
"H",7,2,6,-7,0,0,25,1
"H",7,2,6,-8,0,0,7,0
"H",7,2,6,-9,0,0,13,0
"H",7,2,6,0,0,0,196,121
"H",7,2,6,1,0,0,182,148
"H",7,2,6,10,0,0,12,12
"H",7,2,6,11,0,0,12,12
"H",7,2,6,12,0,0,9,9
"H",7,2,6,13,0,0,6,6
"H",7,2,6,14,0,0,1,1
"H",7,2,6,2,0,0,178,169
"H",7,2,6,2,0,1,1,1
"H",7,2,6,2,0,2,1,1
"H",7,2,6,2,1,2,1,1
"H",7,2,6,2,2,2,1,1
"H",7,2,6,3,0,0,151,143
"H",7,2,6,3,1,0,1,1
"H",7,2,6,3,1,1,1,1
"H",7,2,6,3,2,1,1,1
"H",7,2,6,3,2,2,1,1
"H",7,2,6,3,3,2,1,1
"H",7,2,6,4,0,0,119,116
"H",7,2,6,4,0,1,1,1
"H",7,2,6,5,0,0,78,77
"H",7,2,6,6,0,0,53,53
"H",7,2,6,7,0,0,50,50
"H",7,2,6,8,0,0,31,31
"H",7,2,6,9,0,0,20,20
"H",7,2,7,-1,0,0,135,43
"H",7,2,7,-1,0,1,1,0
"H",7,2,7,-1,0,2,1,0
"H",7,2,7,-1,1,0,1,1
"H",7,2,7,-1,1,2,1,0
"H",7,2,7,-1,2,0,1,1
"H",7,2,7,-1,3,0,1,1
"H",7,2,7,-10,0,0,3,0
"H",7,2,7,-11,0,0,3,0
"H",7,2,7,-12,0,0,2,0
"H",7,2,7,-13,0,0,1,0
"H",7,2,7,-17,0,0,1,0
"H",7,2,7,-2,0,0,101,23
"H",7,2,7,-3,0,0,86,15
"H",7,2,7,-4,0,0,47,4
"H",7,2,7,-5,0,0,29,2
"H",7,2,7,-5,0,1,2,0
"H",7,2,7,-5,1,1,2,0
"H",7,2,7,-5,1,2,1,0
"H",7,2,7,-5,2,1,1,0
"H",7,2,7,-5,2,2,1,0
"H",7,2,7,-6,0,0,33,1
"H",7,2,7,-7,0,0,19,0
"H",7,2,7,-7,1,0,1,0
"H",7,2,7,-7,1,1,1,0
"H",7,2,7,-8,0,0,9,0
"H",7,2,7,-9,0,0,2,0
"H",7,2,7,0,0,0,177,115
"H",7,2,7,1,0,0,152,128
"H",7,2,7,1,1,0,1,1
"H",7,2,7,1,1,1,1,1
"H",7,2,7,10,0,0,9,9
"H",7,2,7,11,0,0,6,6
"H",7,2,7,12,0,0,4,4
"H",7,2,7,13,0,0,3,3
"H",7,2,7,2,0,0,161,153
"H",7,2,7,2,0,1,1,1
"H",7,2,7,2,0,2,1,1
"H",7,2,7,3,0,0,111,104
"H",7,2,7,4,0,0,68,66
"H",7,2,7,4,1,0,1,1
"H",7,2,7,4,2,0,1,1
"H",7,2,7,4,3,0,1,1
"H",7,2,7,5,0,0,65,63
"H",7,2,7,5,0,1,1,1
"H",7,2,7,5,0,2,1,1
"H",7,2,7,5,1,2,1,1
"H",7,2,7,5,2,2,1,1
"H",7,2,7,6,0,0,36,36
"H",7,2,7,7,0,0,27,27
"H",7,2,7,8,0,0,16,16
"H",7,2,7,9,0,0,10,10
"H",7,2,8,-1,0,0,120,40
"H",7,2,8,-1,0,1,2,0
"H",7,2,8,-1,0,2,1,0
"H",7,2,8,-1,1,0,2,0
"H",7,2,8,-1,1,1,1,0
"H",7,2,8,-1,1,2,1,0
"H",7,2,8,-1,2,0,1,0
"H",7,2,8,-1,3,0,1,0
"H",7,2,8,-1,3,1,1,0
"H",7,2,8,-1,3,2,1,0
"H",7,2,8,-10,0,0,2,0
"H",7,2,8,-12,0,0,1,0
"H",7,2,8,-13,0,0,2,0
"H",7,2,8,-2,0,0,71,22
"H",7,2,8,-2,0,1,1,1
"H",7,2,8,-2,0,2,1,1
"H",7,2,8,-3,0,0,56,8
"H",7,2,8,-4,0,0,51,5
"H",7,2,8,-5,0,0,31,2
"H",7,2,8,-6,0,0,21,2
"H",7,2,8,-7,0,0,13,2
"H",7,2,8,-8,0,0,13,0
"H",7,2,8,-9,0,0,5,0
"H",7,2,8,0,0,0,153,110
"H",7,2,8,1,0,0,119,98
"H",7,2,8,10,0,0,8,8
"H",7,2,8,11,0,0,1,1
"H",7,2,8,12,0,0,1,1
"H",7,2,8,13,0,0,2,2
"H",7,2,8,14,0,0,1,1
"H",7,2,8,2,0,0,97,86
"H",7,2,8,3,0,0,72,67
"H",7,2,8,3,1,0,1,1
"H",7,2,8,3,2,0,1,1
"H",7,2,8,3,2,1,1,1
"H",7,2,8,4,0,0,56,54
"H",7,2,8,4,1,0,1,1
"H",7,2,8,4,2,0,1,1
"H",7,2,8,5,0,0,44,43
"H",7,2,8,5,1,0,1,1
"H",7,2,8,5,2,0,1,1
"H",7,2,8,5,2,1,1,1
"H",7,2,8,6,0,0,28,28
"H",7,2,8,7,0,0,16,16
"H",7,2,8,8,0,0,9,9
"H",7,2,8,9,0,0,15,15
"H",8,0,1,-1,0,0,2499,720
"H",8,0,1,-1,0,1,6,2
"H",8,0,1,-1,0,2,2,1
"H",8,0,1,-1,1,0,7,3
"H",8,0,1,-1,1,1,4,1
"H",8,0,1,-1,1,2,1,1
"H",8,0,1,-1,2,0,3,2
"H",8,0,1,-1,2,1,4,2
"H",8,0,1,-1,2,2,1,0
"H",8,0,1,-1,3,1,1,1
"H",8,0,1,-1,3,2,1,1
"H",8,0,1,-10,0,0,115,0
"H",8,0,1,-11,0,0,79,1
"H",8,0,1,-12,0,0,50,0
"H",8,0,1,-13,0,0,40,0
"H",8,0,1,-14,0,0,25,0
"H",8,0,1,-15,0,0,15,0
"H",8,0,1,-16,0,0,10,0
"H",8,0,1,-17,0,0,4,0
"H",8,0,1,-18,0,0,2,0
"H",8,0,1,-19,0,0,2,0
"H",8,0,1,-2,0,0,2061,326
"H",8,0,1,-2,0,1,13,2
"H",8,0,1,-2,0,2,6,1
"H",8,0,1,-2,1,0,10,3
"H",8,0,1,-2,1,1,11,2
"H",8,0,1,-2,1,2,6,1
"H",8,0,1,-2,2,0,4,2
"H",8,0,1,-2,2,1,7,3
"H",8,0,1,-2,2,2,7,1
"H",8,0,1,-2,3,0,1,0
"H",8,0,1,-2,3,1,3,2
"H",8,0,1,-2,3,2,1,1
"H",8,0,1,-20,0,0,3,0
"H",8,0,1,-21,0,0,1,0
"H",8,0,1,-24,0,0,1,0
"H",8,0,1,-3,0,0,1738,169
"H",8,0,1,-3,0,1,4,0
"H",8,0,1,-3,0,2,1,0
"H",8,0,1,-3,1,0,2,0
"H",8,0,1,-3,1,1,1,0
"H",8,0,1,-3,1,2,1,0
"H",8,0,1,-3,2,0,2,0
"H",8,0,1,-3,2,1,2,0
"H",8,0,1,-3,2,2,1,0
"H",8,0,1,-4,0,0,1273,53
"H",8,0,1,-4,0,1,2,0
"H",8,0,1,-4,0,2,2,0
"H",8,0,1,-4,1,0,3,0
"H",8,0,1,-4,1,1,1,0
"H",8,0,1,-4,1,2,1,0
"H",8,0,1,-4,2,0,2,0
"H",8,0,1,-4,2,2,1,0
"H",8,0,1,-4,3,0,2,0
"H",8,0,1,-4,3,1,1,0
"H",8,0,1,-4,3,2,2,0
"H",8,0,1,-5,0,0,983,24
"H",8,0,1,-5,0,1,2,0
"H",8,0,1,-5,0,2,1,0
"H",8,0,1,-5,1,0,2,0
"H",8,0,1,-5,1,1,2,0
"H",8,0,1,-5,1,2,2,0
"H",8,0,1,-5,2,0,1,0
"H",8,0,1,-5,2,2,1,0
"H",8,0,1,-5,3,0,1,0
"H",8,0,1,-6,0,0,652,5
"H",8,0,1,-6,0,1,1,0
"H",8,0,1,-6,0,2,1,0
"H",8,0,1,-6,1,0,4,0
"H",8,0,1,-6,1,1,1,0
"H",8,0,1,-6,1,2,2,0
"H",8,0,1,-6,2,0,2,0
"H",8,0,1,-6,2,1,1,0
"H",8,0,1,-6,2,2,1,0
"H",8,0,1,-7,0,0,481,2
"H",8,0,1,-7,0,1,1,0
"H",8,0,1,-7,1,1,1,0
"H",8,0,1,-7,2,1,1,0
"H",8,0,1,-7,3,1,1,0
"H",8,0,1,-8,0,0,282,0
"H",8,0,1,-8,0,1,1,0
"H",8,0,1,-9,0,0,192,0
"H",8,0,1,-9,0,1,1,0
"H",8,0,1,-9,1,0,1,0
"H",8,0,1,-9,1,1,2,0
"H",8,0,1,-9,1,2,1,0
"H",8,0,1,-9,2,1,1,0
"H",8,0,1,-9,2,2,1,0
"H",8,0,1,-9,3,1,1,0
"H",8,0,1,-9,3,2,2,0
"H",8,0,1,0,0,0,2555,1654
"H",8,0,1,0,0,1,12,6
"H",8,0,1,0,0,2,6,3
"H",8,0,1,0,1,0,7,5
"H",8,0,1,0,1,1,6,3
"H",8,0,1,0,1,2,3,1
"H",8,0,1,0,2,0,3,2
"H",8,0,1,0,2,1,2,1
"H",8,0,1,0,2,2,3,2
"H",8,0,1,0,3,0,1,1
"H",8,0,1,0,3,2,2,1
"H",8,0,1,1,0,0,2480,2218
"H",8,0,1,1,0,1,7,6
"H",8,0,1,1,0,2,1,1
"H",8,0,1,1,1,0,10,9
"H",8,0,1,1,1,1,10,9
"H",8,0,1,1,1,2,5,5
"H",8,0,1,1,2,0,3,2
"H",8,0,1,1,2,1,5,4
"H",8,0,1,1,2,2,5,5
"H",8,0,1,1,3,0,2,1
"H",8,0,1,1,3,1,3,2
"H",8,0,1,1,3,2,4,4
"H",8,0,1,10,0,0,136,136
"H",8,0,1,11,0,0,72,72
"H",8,0,1,12,0,0,44,44
"H",8,0,1,12,0,1,1,1
"H",8,0,1,13,0,0,20,20
"H",8,0,1,14,0,0,24,24
"H",8,0,1,15,0,0,9,9
"H",8,0,1,16,0,0,8,8
"H",8,0,1,17,0,0,1,1
"H",8,0,1,18,0,0,3,3
"H",8,0,1,19,0,0,1,1
"H",8,0,1,2,0,0,2087,1995
"H",8,0,1,2,0,1,9,9
"H",8,0,1,2,0,2,3,3
"H",8,0,1,2,1,0,5,5
"H",8,0,1,2,1,1,8,8
"H",8,0,1,2,1,2,4,4
"H",8,0,1,2,2,0,1,1
"H",8,0,1,2,2,1,3,3
"H",8,0,1,2,2,2,5,5
"H",8,0,1,2,3,2,2,2
"H",8,0,1,20,0,0,2,2
"H",8,0,1,21,0,0,1,1
"H",8,0,1,23,0,0,1,1
"H",8,0,1,3,0,0,1602,1565
"H",8,0,1,3,0,1,5,5
"H",8,0,1,3,0,2,2,2
"H",8,0,1,3,1,0,6,6
"H",8,0,1,3,1,1,4,4
"H",8,0,1,3,1,2,3,3
"H",8,0,1,3,2,0,3,3
"H",8,0,1,3,2,1,3,3
"H",8,0,1,3,2,2,3,3
"H",8,0,1,3,3,0,1,1
"H",8,0,1,3,3,1,2,2
"H",8,0,1,3,3,2,2,2
"H",8,0,1,4,0,0,1222,1210
"H",8,0,1,4,0,1,1,1
"H",8,0,1,4,1,0,1,1
"H",8,0,1,4,1,1,2,2
"H",8,0,1,4,1,2,1,1
"H",8,0,1,5,0,0,884,882
"H",8,0,1,5,0,1,3,3
"H",8,0,1,5,0,2,2,2
"H",8,0,1,5,1,1,1,1
"H",8,0,1,5,1,2,2,2
"H",8,0,1,5,2,1,1,1
"H",8,0,1,5,2,2,1,1
"H",8,0,1,5,3,2,1,1
"H",8,0,1,6,0,0,608,603
"H",8,0,1,6,0,1,1,1
"H",8,0,1,6,0,2,1,1
"H",8,0,1,7,0,0,448,448
"H",8,0,1,7,0,1,2,2
"H",8,0,1,7,0,2,1,1
"H",8,0,1,7,1,0,3,3
"H",8,0,1,7,1,1,2,2
"H",8,0,1,7,1,2,2,2
"H",8,0,1,7,2,1,1,1
"H",8,0,1,7,2,2,3,3
"H",8,0,1,7,3,2,2,2
"H",8,0,1,8,0,0,274,274
"H",8,0,1,8,1,0,1,1
"H",8,0,1,8,1,1,1,1
"H",8,0,1,8,2,1,1,1
"H",8,0,1,9,0,0,171,171
"H",8,0,2,-1,0,0,722,291
"H",8,0,2,-1,1,0,3,1
"H",8,0,2,-1,1,1,1,0
"H",8,0,2,-1,1,2,1,0
"H",8,0,2,-1,2,2,1,0
"H",8,0,2,-1,3,2,1,0
"H",8,0,2,-10,0,0,35,0
"H",8,0,2,-11,0,0,27,1
"H",8,0,2,-12,0,0,12,0
"H",8,0,2,-13,0,0,9,0
"H",8,0,2,-14,0,0,4,0
"H",8,0,2,-15,0,0,4,0
"H",8,0,2,-16,0,0,5,0
"H",8,0,2,-17,0,0,1,0
"H",8,0,2,-19,0,0,1,0
"H",8,0,2,-2,0,0,584,127
"H",8,0,2,-2,0,1,1,1
"H",8,0,2,-2,0,2,1,1
"H",8,0,2,-2,1,0,1,0
"H",8,0,2,-2,1,1,1,0
"H",8,0,2,-20,0,0,1,0
"H",8,0,2,-3,0,0,509,84
"H",8,0,2,-4,0,0,390,26
"H",8,0,2,-5,0,0,286,11
"H",8,0,2,-5,1,0,1,0
"H",8,0,2,-5,1,1,1,0
"H",8,0,2,-5,1,2,1,0
"H",8,0,2,-6,0,0,174,4
"H",8,0,2,-6,0,1,1,0
"H",8,0,2,-6,0,2,1,0
"H",8,0,2,-7,0,0,148,1
"H",8,0,2,-7,0,1,1,0
"H",8,0,2,-7,0,2,1,0
"H",8,0,2,-7,1,0,1,0
"H",8,0,2,-7,1,2,1,0
"H",8,0,2,-7,2,0,1,0
"H",8,0,2,-7,2,1,1,0
"H",8,0,2,-8,0,0,92,0
"H",8,0,2,-8,0,1,1,0
"H",8,0,2,-8,1,0,1,0
"H",8,0,2,-8,1,1,1,0
"H",8,0,2,-8,2,0,1,0
"H",8,0,2,-8,2,1,2,0
"H",8,0,2,-8,3,1,2,0
"H",8,0,2,-9,0,0,52,0
"H",8,0,2,0,0,0,762,539
"H",8,0,2,0,0,1,1,1
"H",8,0,2,0,0,2,1,1
"H",8,0,2,0,1,0,2,2
"H",8,0,2,0,1,2,1,1
"H",8,0,2,0,2,0,1,1
"H",8,0,2,1,0,0,741,685
"H",8,0,2,1,0,1,4,2
"H",8,0,2,1,0,2,3,2
"H",8,0,2,1,1,0,2,2
"H",8,0,2,1,1,1,1,0
"H",8,0,2,1,1,2,2,1
"H",8,0,2,1,2,0,1,1
"H",8,0,2,1,3,0,1,1
"H",8,0,2,1,3,1,1,1
"H",8,0,2,10,0,0,52,52
"H",8,0,2,11,0,0,31,31
"H",8,0,2,12,0,0,12,12
"H",8,0,2,13,0,0,10,10
"H",8,0,2,14,0,0,9,9
"H",8,0,2,15,0,0,2,2
"H",8,0,2,16,0,0,4,4
"H",8,0,2,17,0,0,1,1
"H",8,0,2,18,0,0,2,2
"H",8,0,2,2,0,0,651,626
"H",8,0,2,2,0,1,1,1
"H",8,0,2,2,1,1,1,1
"H",8,0,2,2,2,1,1,1
"H",8,0,2,20,0,0,1,1
"H",8,0,2,23,0,0,1,1
"H",8,0,2,3,0,0,504,490
"H",8,0,2,3,1,0,2,2
"H",8,0,2,3,1,1,1,1
"H",8,0,2,3,2,0,1,1
"H",8,0,2,3,2,1,1,1
"H",8,0,2,4,0,0,355,350
"H",8,0,2,4,0,1,2,2
"H",8,0,2,4,0,2,1,1
"H",8,0,2,4,1,2,1,1
"H",8,0,2,4,2,2,1,1
"H",8,0,2,5,0,0,270,270
"H",8,0,2,6,0,0,189,185
"H",8,0,2,7,0,0,144,144
"H",8,0,2,7,0,1,1,1
"H",8,0,2,7,1,1,1,1
"H",8,0,2,7,1,2,1,1
"H",8,0,2,7,2,2,1,1
"H",8,0,2,8,0,0,97,97
"H",8,0,2,9,0,0,72,72
"H",8,0,3,-1,0,0,148,74
"H",8,0,3,-10,0,0,17,0
"H",8,0,3,-11,0,0,7,0
"H",8,0,3,-12,0,0,1,0
"H",8,0,3,-13,0,0,2,0
"H",8,0,3,-14,0,0,2,0
"H",8,0,3,-15,0,0,1,0
"H",8,0,3,-16,0,0,1,0
"H",8,0,3,-2,0,0,122,39
"H",8,0,3,-24,0,0,1,0
"H",8,0,3,-3,0,0,101,13
"H",8,0,3,-4,0,0,78,3
"H",8,0,3,-5,0,0,67,2
"H",8,0,3,-6,0,0,48,0
"H",8,0,3,-6,1,0,1,0
"H",8,0,3,-7,0,0,32,1
"H",8,0,3,-8,0,0,13,0
"H",8,0,3,-9,0,0,15,0
"H",8,0,3,0,0,0,156,125
"H",8,0,3,0,1,0,1,1
"H",8,0,3,1,0,0,164,149
"H",8,0,3,1,0,1,1,1
"H",8,0,3,1,0,2,1,1
"H",8,0,3,1,1,0,1,1
"H",8,0,3,1,1,1,1,1
"H",8,0,3,1,1,2,1,1
"H",8,0,3,1,2,2,1,1
"H",8,0,3,10,0,0,20,20
"H",8,0,3,11,0,0,11,11
"H",8,0,3,12,0,0,8,8
"H",8,0,3,12,0,1,1,1
"H",8,0,3,12,0,2,1,1
"H",8,0,3,13,0,0,8,8
"H",8,0,3,14,0,0,5,5
"H",8,0,3,18,0,0,1,1
"H",8,0,3,19,0,0,1,1
"H",8,0,3,2,0,0,132,125
"H",8,0,3,2,0,1,1,1
"H",8,0,3,2,1,1,1,1
"H",8,0,3,2,2,1,1,1
"H",8,0,3,2,3,1,1,1
"H",8,0,3,2,3,2,1,1
"H",8,0,3,20,0,0,1,1
"H",8,0,3,3,0,0,128,125
"H",8,0,3,4,0,0,97,96
"H",8,0,3,4,1,0,1,1
"H",8,0,3,4,2,0,1,1
"H",8,0,3,5,0,0,62,62
"H",8,0,3,5,1,0,1,1
"H",8,0,3,5,1,1,1,1
"H",8,0,3,5,2,1,1,1
"H",8,0,3,5,3,1,1,1
"H",8,0,3,6,0,0,67,67
"H",8,0,3,7,0,0,40,40
"H",8,0,3,7,1,0,1,1
"H",8,0,3,8,0,0,37,37
"H",8,0,3,9,0,0,19,19
"H",8,0,4,-1,0,0,137,76
"H",8,0,4,-1,0,1,1,0
"H",8,0,4,-1,1,1,1,0
"H",8,0,4,-1,1,2,1,0
"H",8,0,4,-1,2,2,1,0
"H",8,0,4,-10,0,0,11,0
"H",8,0,4,-11,0,0,9,0
"H",8,0,4,-12,0,0,2,0
"H",8,0,4,-13,0,0,1,0
"H",8,0,4,-14,0,0,2,0
"H",8,0,4,-15,0,0,1,0
"H",8,0,4,-16,0,0,1,0
"H",8,0,4,-2,0,0,168,57
"H",8,0,4,-2,0,1,2,0
"H",8,0,4,-2,1,0,1,1
"H",8,0,4,-2,1,1,1,0
"H",8,0,4,-2,1,2,1,0
"H",8,0,4,-24,0,0,1,0
"H",8,0,4,-3,0,0,133,28
"H",8,0,4,-4,0,0,108,8
"H",8,0,4,-4,0,1,1,0
"H",8,0,4,-4,0,2,1,0
"H",8,0,4,-4,1,0,1,0
"H",8,0,4,-4,2,0,1,0
"H",8,0,4,-4,3,0,1,0
"H",8,0,4,-4,3,1,1,0
"H",8,0,4,-4,3,2,1,0
"H",8,0,4,-5,0,0,78,5
"H",8,0,4,-6,0,0,48,1
"H",8,0,4,-6,1,0,1,0
"H",8,0,4,-7,0,0,32,0
"H",8,0,4,-7,1,0,1,0
"H",8,0,4,-7,2,0,1,0
"H",8,0,4,-7,2,1,1,0
"H",8,0,4,-8,0,0,27,0
"H",8,0,4,-8,0,1,1,0
"H",8,0,4,-8,1,1,1,0
"H",8,0,4,-8,1,2,1,0
"H",8,0,4,-8,2,2,1,0
"H",8,0,4,-9,0,0,19,0
"H",8,0,4,0,0,0,126,103
"H",8,0,4,1,0,0,146,144
"H",8,0,4,10,0,0,14,14
"H",8,0,4,11,0,0,5,5
"H",8,0,4,12,0,0,3,3
"H",8,0,4,13,0,0,4,4
"H",8,0,4,14,0,0,3,3
"H",8,0,4,17,0,0,1,1
"H",8,0,4,2,0,0,118,112
"H",8,0,4,2,0,1,1,1
"H",8,0,4,2,1,1,1,1
"H",8,0,4,3,0,0,84,82
"H",8,0,4,4,0,0,79,79
"H",8,0,4,5,0,0,49,49
"H",8,0,4,6,0,0,53,51
"H",8,0,4,7,0,0,32,32
"H",8,0,4,8,0,0,28,28
"H",8,0,4,9,0,0,25,25
"H",8,0,5,-1,0,0,63,34
"H",8,0,5,-10,0,0,1,0
"H",8,0,5,-11,0,0,3,0
"H",8,0,5,-13,0,0,2,0
"H",8,0,5,-14,0,0,1,0
"H",8,0,5,-2,0,0,33,11
"H",8,0,5,-2,0,1,1,0
"H",8,0,5,-2,1,1,1,0
"H",8,0,5,-20,0,0,1,0
"H",8,0,5,-3,0,0,27,2
"H",8,0,5,-4,0,0,24,2
"H",8,0,5,-5,0,0,16,3
"H",8,0,5,-6,0,0,15,1
"H",8,0,5,-7,0,0,14,0
"H",8,0,5,-8,0,0,13,0
"H",8,0,5,-9,0,0,3,0
"H",8,0,5,0,0,0,62,53
"H",8,0,5,1,0,0,74,72
"H",8,0,5,10,0,0,10,10
"H",8,0,5,11,0,0,3,3
"H",8,0,5,12,0,0,5,5
"H",8,0,5,13,0,0,3,3
"H",8,0,5,15,0,0,1,1
"H",8,0,5,2,0,0,63,61
"H",8,0,5,20,0,0,1,1
"H",8,0,5,21,0,0,1,1
"H",8,0,5,3,0,0,54,54
"H",8,0,5,4,0,0,29,29
"H",8,0,5,5,0,0,25,25
"H",8,0,5,6,0,0,10,10
"H",8,0,5,7,0,0,17,17
"H",8,0,5,8,0,0,16,16
"H",8,0,5,9,0,0,6,6
"H",8,0,6,-1,0,0,65,47
"H",8,0,6,-10,0,0,4,0
"H",8,0,6,-11,0,0,4,0
"H",8,0,6,-15,0,0,2,0
"H",8,0,6,-2,0,0,45,14
"H",8,0,6,-2,1,0,1,0
"H",8,0,6,-2,2,0,1,0
"H",8,0,6,-2,2,1,1,0
"H",8,0,6,-2,3,1,1,0
"H",8,0,6,-2,3,2,1,0
"H",8,0,6,-3,0,0,42,10
"H",8,0,6,-4,0,0,35,2
"H",8,0,6,-5,0,0,26,4
"H",8,0,6,-6,0,0,16,0
"H",8,0,6,-7,0,0,14,0
"H",8,0,6,-7,1,0,1,0
"H",8,0,6,-7,1,1,1,0
"H",8,0,6,-8,0,0,6,0
"H",8,0,6,-9,0,0,9,0
"H",8,0,6,0,0,0,65,60
"H",8,0,6,0,1,0,1,1
"H",8,0,6,0,1,1,1,1
"H",8,0,6,0,2,1,1,1
"H",8,0,6,0,3,1,1,1
"H",8,0,6,1,0,0,60,58
"H",8,0,6,10,0,0,8,8
"H",8,0,6,11,0,0,4,4
"H",8,0,6,12,0,0,2,2
"H",8,0,6,13,0,0,1,1
"H",8,0,6,15,0,0,1,1
"H",8,0,6,16,0,0,1,1
"H",8,0,6,19,0,0,1,1
"H",8,0,6,2,0,0,67,67
"H",8,0,6,2,0,1,1,1
"H",8,0,6,2,1,1,1,1
"H",8,0,6,2,2,1,1,1
"H",8,0,6,3,0,0,46,46
"H",8,0,6,4,0,0,31,31
"H",8,0,6,5,0,0,38,38
"H",8,0,6,6,0,0,24,24
"H",8,0,6,7,0,0,23,23
"H",8,0,6,7,0,1,1,1
"H",8,0,6,7,1,1,1,1
"H",8,0,6,7,2,1,1,1
"H",8,0,6,8,0,0,18,18
"H",8,0,6,9,0,0,7,7
"H",8,0,7,-1,0,0,26,16
"H",8,0,7,-11,0,0,1,0
"H",8,0,7,-14,0,0,1,0
"H",8,0,7,-2,0,0,32,15
"H",8,0,7,-3,0,0,31,11
"H",8,0,7,-4,0,0,13,4
"H",8,0,7,-5,0,0,19,0
"H",8,0,7,-6,0,0,3,0
"H",8,0,7,-7,0,0,8,0
"H",8,0,7,-8,0,0,6,0
"H",8,0,7,-9,0,0,5,0
"H",8,0,7,0,0,0,31,27
"H",8,0,7,1,0,0,31,31
"H",8,0,7,10,0,0,6,6
"H",8,0,7,11,0,0,7,7
"H",8,0,7,12,0,0,1,1
"H",8,0,7,13,0,0,2,2
"H",8,0,7,14,0,0,2,2
"H",8,0,7,2,0,0,29,29
"H",8,0,7,3,0,0,16,16
"H",8,0,7,4,0,0,26,26
"H",8,0,7,5,0,0,13,13
"H",8,0,7,6,0,0,13,13
"H",8,0,7,7,0,0,14,14
"H",8,0,7,8,0,0,9,9
"H",8,0,7,9,0,0,9,9
"H",8,0,8,-1,0,0,37,28
"H",8,0,8,-10,0,0,4,0
"H",8,0,8,-11,0,0,1,0
"H",8,0,8,-2,0,0,46,24
"H",8,0,8,-3,0,0,24,10
"H",8,0,8,-4,0,0,32,7
"H",8,0,8,-5,0,0,24,2
"H",8,0,8,-6,0,0,8,0
"H",8,0,8,-7,0,0,5,0
"H",8,0,8,-8,0,0,2,0
"H",8,0,8,-9,0,0,3,0
"H",8,0,8,0,0,0,41,31
"H",8,0,8,1,0,0,44,43
"H",8,0,8,1,1,0,1,1
"H",8,0,8,1,1,1,1,1
"H",8,0,8,10,0,0,6,6
"H",8,0,8,11,0,0,3,3
"H",8,0,8,12,0,0,2,2
"H",8,0,8,13,0,0,2,2
"H",8,0,8,15,0,0,1,1
"H",8,0,8,16,0,0,1,1
"H",8,0,8,2,0,0,35,33
"H",8,0,8,3,0,0,19,19
"H",8,0,8,4,0,0,20,20
"H",8,0,8,5,0,0,21,21
"H",8,0,8,6,0,0,11,11
"H",8,0,8,7,0,0,4,4
"H",8,0,8,8,0,0,10,10
"H",8,0,8,9,0,0,11,11
"H",8,1,1,-1,0,0,1688,361
"H",8,1,1,-1,0,1,6,1
"H",8,1,1,-1,0,2,4,0
"H",8,1,1,-1,1,0,7,3
"H",8,1,1,-1,1,1,6,4
"H",8,1,1,-1,1,2,5,2
"H",8,1,1,-1,2,0,2,0
"H",8,1,1,-1,2,1,1,0
"H",8,1,1,-1,2,2,2,0
"H",8,1,1,-1,3,0,1,0
"H",8,1,1,-1,3,1,1,0
"H",8,1,1,-10,0,0,71,0
"H",8,1,1,-11,0,0,46,0
"H",8,1,1,-12,0,0,38,0
"H",8,1,1,-13,0,0,30,0
"H",8,1,1,-14,0,0,18,0
"H",8,1,1,-15,0,0,10,0
"H",8,1,1,-16,0,0,4,0
"H",8,1,1,-17,0,0,3,0
"H",8,1,1,-18,0,0,2,0
"H",8,1,1,-19,0,0,2,0
"H",8,1,1,-2,0,0,1398,165
"H",8,1,1,-2,0,1,6,1
"H",8,1,1,-2,0,2,1,1
"H",8,1,1,-2,1,0,9,1
"H",8,1,1,-2,1,1,11,1
"H",8,1,1,-2,1,2,4,0
"H",8,1,1,-2,2,0,2,0
"H",8,1,1,-2,2,1,2,0
"H",8,1,1,-2,2,2,4,0
"H",8,1,1,-2,3,0,1,0
"H",8,1,1,-2,3,2,2,0
"H",8,1,1,-3,0,0,1163,75
"H",8,1,1,-3,0,1,2,0
"H",8,1,1,-3,1,0,2,0
"H",8,1,1,-3,1,1,2,0
"H",8,1,1,-3,1,2,1,0
"H",8,1,1,-3,2,0,1,0
"H",8,1,1,-3,2,1,1,0
"H",8,1,1,-3,2,2,1,0
"H",8,1,1,-4,0,0,825,26
"H",8,1,1,-4,0,1,1,0
"H",8,1,1,-4,1,0,1,0
"H",8,1,1,-4,1,1,1,0
"H",8,1,1,-4,1,2,1,0
"H",8,1,1,-4,2,2,1,0
"H",8,1,1,-5,0,0,635,9
"H",8,1,1,-5,0,1,2,0
"H",8,1,1,-5,1,0,1,0
"H",8,1,1,-5,1,1,2,0
"H",8,1,1,-5,2,1,1,0
"H",8,1,1,-5,3,1,1,0
"H",8,1,1,-6,0,0,441,1
"H",8,1,1,-6,0,1,1,0
"H",8,1,1,-6,1,0,1,0
"H",8,1,1,-6,1,1,1,0
"H",8,1,1,-6,2,0,1,0
"H",8,1,1,-6,2,1,1,0
"H",8,1,1,-6,2,2,1,0
"H",8,1,1,-7,0,0,301,0
"H",8,1,1,-8,0,0,173,0
"H",8,1,1,-8,0,1,1,0
"H",8,1,1,-8,0,2,1,0
"H",8,1,1,-9,0,0,131,0
"H",8,1,1,0,0,0,1709,1030
"H",8,1,1,0,0,1,4,2
"H",8,1,1,0,0,2,1,1
"H",8,1,1,0,1,0,8,4
"H",8,1,1,0,1,1,6,2
"H",8,1,1,0,1,2,5,3
"H",8,1,1,0,2,0,3,2
"H",8,1,1,0,2,1,4,2
"H",8,1,1,0,2,2,3,1
"H",8,1,1,0,3,1,2,2
"H",8,1,1,0,3,2,1,1
"H",8,1,1,1,0,0,1642,1437
"H",8,1,1,1,0,1,9,8
"H",8,1,1,1,0,2,4,3
"H",8,1,1,1,1,0,6,6
"H",8,1,1,1,1,1,8,8
"H",8,1,1,1,1,2,5,5
"H",8,1,1,1,2,1,4,4
"H",8,1,1,1,2,2,3,3
"H",8,1,1,1,3,1,2,2
"H",8,1,1,1,3,2,1,1
"H",8,1,1,10,0,0,81,81
"H",8,1,1,11,0,0,54,54
"H",8,1,1,12,0,0,30,30
"H",8,1,1,13,0,0,15,15
"H",8,1,1,14,0,0,15,15
"H",8,1,1,15,0,0,6,6
"H",8,1,1,16,0,0,6,6
"H",8,1,1,18,0,0,1,1
"H",8,1,1,2,0,0,1358,1295
"H",8,1,1,2,0,1,3,3
"H",8,1,1,2,1,0,7,7
"H",8,1,1,2,1,1,6,6
"H",8,1,1,2,1,2,3,3
"H",8,1,1,2,2,0,1,1
"H",8,1,1,2,2,1,2,2
"H",8,1,1,2,2,2,2,2
"H",8,1,1,2,3,1,1,1
"H",8,1,1,20,0,0,1,1
"H",8,1,1,21,0,0,1,1
"H",8,1,1,3,0,0,1053,1031
"H",8,1,1,3,0,1,4,4
"H",8,1,1,3,0,2,2,2
"H",8,1,1,3,1,0,6,6
"H",8,1,1,3,1,1,5,5
"H",8,1,1,3,1,2,3,3
"H",8,1,1,3,2,0,1,1
"H",8,1,1,3,2,1,1,1
"H",8,1,1,3,2,2,2,2
"H",8,1,1,3,3,0,1,1
"H",8,1,1,4,0,0,851,845
"H",8,1,1,4,0,1,2,2
"H",8,1,1,4,1,0,2,2
"H",8,1,1,4,1,1,2,2
"H",8,1,1,4,2,0,1,1
"H",8,1,1,4,2,1,3,3
"H",8,1,1,4,2,2,1,1
"H",8,1,1,4,3,1,1,1
"H",8,1,1,5,0,0,602,600
"H",8,1,1,5,0,1,1,1
"H",8,1,1,5,1,0,1,1
"H",8,1,1,5,1,1,1,1
"H",8,1,1,5,2,0,1,1
"H",8,1,1,5,3,0,1,1
"H",8,1,1,5,3,1,1,1
"H",8,1,1,6,0,0,419,416
"H",8,1,1,6,0,1,2,2
"H",8,1,1,6,0,2,1,1
"H",8,1,1,6,1,1,1,1
"H",8,1,1,6,2,1,1,1
"H",8,1,1,6,3,1,1,1
"H",8,1,1,7,0,0,305,305
"H",8,1,1,7,0,1,1,1
"H",8,1,1,7,0,2,1,1
"H",8,1,1,7,1,2,1,1
"H",8,1,1,8,0,0,181,181
"H",8,1,1,9,0,0,112,112
"H",8,1,2,-1,0,0,765,224
"H",8,1,2,-1,1,0,2,2
"H",8,1,2,-1,1,1,1,1
"H",8,1,2,-1,2,0,1,1
"H",8,1,2,-10,0,0,39,0
"H",8,1,2,-11,0,0,19,1
"H",8,1,2,-12,0,0,21,0
"H",8,1,2,-13,0,0,10,0
"H",8,1,2,-14,0,0,7,0
"H",8,1,2,-15,0,0,4,0
"H",8,1,2,-16,0,0,5,0
"H",8,1,2,-17,0,0,1,0
"H",8,1,2,-18,0,0,1,0
"H",8,1,2,-19,0,0,2,0
"H",8,1,2,-2,0,0,704,113
"H",8,1,2,-2,0,1,5,0
"H",8,1,2,-2,0,2,4,0
"H",8,1,2,-2,1,0,1,0
"H",8,1,2,-2,1,1,1,0
"H",8,1,2,-2,1,2,1,0
"H",8,1,2,-2,2,0,1,0
"H",8,1,2,-2,2,1,1,0
"H",8,1,2,-2,2,2,1,0
"H",8,1,2,-2,3,0,1,0
"H",8,1,2,-20,0,0,1,0
"H",8,1,2,-3,0,0,562,49
"H",8,1,2,-3,0,1,1,0
"H",8,1,2,-3,1,1,1,0
"H",8,1,2,-3,2,1,1,0
"H",8,1,2,-4,0,0,445,25
"H",8,1,2,-5,0,0,353,7
"H",8,1,2,-5,0,1,1,0
"H",8,1,2,-5,1,0,1,0
"H",8,1,2,-5,1,1,1,0
"H",8,1,2,-5,1,2,1,0
"H",8,1,2,-5,2,0,1,0
"H",8,1,2,-5,2,2,1,0
"H",8,1,2,-5,3,0,1,0
"H",8,1,2,-5,3,2,1,0
"H",8,1,2,-6,0,0,212,1
"H",8,1,2,-6,0,1,2,0
"H",8,1,2,-6,0,2,2,0
"H",8,1,2,-6,1,0,1,0
"H",8,1,2,-6,1,1,1,0
"H",8,1,2,-6,1,2,2,0
"H",8,1,2,-6,2,2,1,0
"H",8,1,2,-7,0,0,155,0
"H",8,1,2,-8,0,0,95,1
"H",8,1,2,-9,0,0,61,0
"H",8,1,2,-9,0,1,1,0
"H",8,1,2,-9,1,0,1,0
"H",8,1,2,0,0,0,721,455
"H",8,1,2,0,0,1,4,4
"H",8,1,2,0,0,2,2,2
"H",8,1,2,0,1,0,2,0
"H",8,1,2,0,1,1,1,1
"H",8,1,2,0,1,2,1,1
"H",8,1,2,0,2,0,1,0
"H",8,1,2,1,0,0,732,655
"H",8,1,2,1,0,1,5,4
"H",8,1,2,1,0,2,2,1
"H",8,1,2,1,1,0,4,3
"H",8,1,2,1,1,1,2,1
"H",8,1,2,1,1,2,2,1
"H",8,1,2,1,2,0,1,1
"H",8,1,2,1,2,1,1,0
"H",8,1,2,1,3,1,1,0
"H",8,1,2,10,0,0,53,53
"H",8,1,2,11,0,0,34,34
"H",8,1,2,12,0,0,22,22
"H",8,1,2,13,0,0,13,13
"H",8,1,2,14,0,0,10,10
"H",8,1,2,15,0,0,3,3
"H",8,1,2,16,0,0,3,3
"H",8,1,2,17,0,0,1,1
"H",8,1,2,19,0,0,1,1
"H",8,1,2,2,0,0,669,634
"H",8,1,2,2,0,1,1,1
"H",8,1,2,2,0,2,1,1
"H",8,1,2,23,0,0,1,1
"H",8,1,2,3,0,0,576,560
"H",8,1,2,3,0,1,1,1
"H",8,1,2,3,0,2,1,1
"H",8,1,2,4,0,0,422,415
"H",8,1,2,4,0,1,1,1
"H",8,1,2,5,0,0,312,311
"H",8,1,2,5,0,1,1,1
"H",8,1,2,5,0,2,1,1
"H",8,1,2,5,1,0,1,1
"H",8,1,2,5,2,0,1,1
"H",8,1,2,5,2,1,1,1
"H",8,1,2,5,3,1,1,1
"H",8,1,2,6,0,0,229,229
"H",8,1,2,7,0,0,197,197
"H",8,1,2,7,1,0,3,3
"H",8,1,2,7,1,1,1,1
"H",8,1,2,7,2,0,1,1
"H",8,1,2,7,2,1,2,2
"H",8,1,2,7,3,1,1,1
"H",8,1,2,8,0,0,115,115
"H",8,1,2,8,0,1,1,1
"H",8,1,2,8,1,0,2,2
"H",8,1,2,8,1,1,2,2
"H",8,1,2,8,1,2,1,1
"H",8,1,2,9,0,0,75,75
"H",8,1,3,-1,0,0,390,146
"H",8,1,3,-1,1,0,1,0
"H",8,1,3,-10,0,0,15,0
"H",8,1,3,-11,0,0,7,0
"H",8,1,3,-12,0,0,3,0
"H",8,1,3,-13,0,0,5,0
"H",8,1,3,-14,0,0,2,0
"H",8,1,3,-15,0,0,2,0
"H",8,1,3,-16,0,0,4,0
"H",8,1,3,-2,0,0,203,31
"H",8,1,3,-2,0,1,2,1
"H",8,1,3,-2,0,2,1,1
"H",8,1,3,-2,1,0,1,1
"H",8,1,3,-2,1,1,1,0
"H",8,1,3,-2,1,2,2,1
"H",8,1,3,-2,2,2,1,0
"H",8,1,3,-3,0,0,168,18
"H",8,1,3,-4,0,0,125,5
"H",8,1,3,-5,0,0,100,2
"H",8,1,3,-6,0,0,65,0
"H",8,1,3,-7,0,0,57,1
"H",8,1,3,-8,0,0,17,0
"H",8,1,3,-9,0,0,16,0
"H",8,1,3,0,0,0,532,381
"H",8,1,3,0,0,1,1,0
"H",8,1,3,0,1,0,2,2
"H",8,1,3,0,1,1,1,0
"H",8,1,3,0,2,0,1,1
"H",8,1,3,0,2,1,1,0
"H",8,1,3,0,3,1,1,0
"H",8,1,3,0,3,2,1,0
"H",8,1,3,1,0,0,473,429
"H",8,1,3,1,0,1,1,1
"H",8,1,3,1,1,0,2,2
"H",8,1,3,1,1,1,1,1
"H",8,1,3,1,2,0,1,1
"H",8,1,3,1,2,1,1,1
"H",8,1,3,1,3,0,1,1
"H",8,1,3,1,3,1,1,1
"H",8,1,3,1,3,2,1,1
"H",8,1,3,10,0,0,33,33
"H",8,1,3,11,0,0,19,19
"H",8,1,3,12,0,0,14,14
"H",8,1,3,13,0,0,7,7
"H",8,1,3,14,0,0,4,4
"H",8,1,3,15,0,0,2,2
"H",8,1,3,16,0,0,3,3
"H",8,1,3,17,0,0,1,1
"H",8,1,3,18,0,0,1,1
"H",8,1,3,19,0,0,2,2
"H",8,1,3,2,0,0,459,443
"H",8,1,3,2,1,0,1,1
"H",8,1,3,2,1,1,1,1
"H",8,1,3,2,2,1,1,1
"H",8,1,3,2,3,1,1,1
"H",8,1,3,3,0,0,373,367
"H",8,1,3,3,0,1,3,3
"H",8,1,3,3,0,2,1,1
"H",8,1,3,3,1,1,2,2
"H",8,1,3,3,1,2,2,2
"H",8,1,3,3,2,2,2,2
"H",8,1,3,3,3,2,2,2
"H",8,1,3,4,0,0,263,259
"H",8,1,3,4,1,0,1,1
"H",8,1,3,4,1,1,1,1
"H",8,1,3,4,2,1,1,1
"H",8,1,3,4,2,2,1,1
"H",8,1,3,5,0,0,163,163
"H",8,1,3,5,1,0,2,2
"H",8,1,3,5,2,0,2,2
"H",8,1,3,5,3,0,2,2
"H",8,1,3,5,3,1,1,1
"H",8,1,3,5,3,2,1,1
"H",8,1,3,6,0,0,114,114
"H",8,1,3,7,0,0,85,85
"H",8,1,3,7,0,1,2,2
"H",8,1,3,7,0,2,1,1
"H",8,1,3,7,1,1,1,1
"H",8,1,3,8,0,0,55,55
"H",8,1,3,9,0,0,48,48
"H",8,1,4,-1,0,0,259,113
"H",8,1,4,-10,0,0,16,0
"H",8,1,4,-11,0,0,10,1
"H",8,1,4,-12,0,0,2,0
"H",8,1,4,-13,0,0,6,0
"H",8,1,4,-14,0,0,3,0
"H",8,1,4,-15,0,0,3,0
"H",8,1,4,-17,0,0,1,0
"H",8,1,4,-2,0,0,235,56
"H",8,1,4,-2,0,1,1,0
"H",8,1,4,-2,1,0,2,0
"H",8,1,4,-2,2,0,1,0
"H",8,1,4,-2,3,0,1,0
"H",8,1,4,-3,0,0,194,20
"H",8,1,4,-4,0,0,167,14
"H",8,1,4,-5,0,0,115,2
"H",8,1,4,-5,1,0,1,0
"H",8,1,4,-5,2,0,1,0
"H",8,1,4,-5,2,1,1,0
"H",8,1,4,-5,2,2,1,0
"H",8,1,4,-6,0,0,83,1
"H",8,1,4,-7,0,0,52,0
"H",8,1,4,-7,1,0,1,0
"H",8,1,4,-8,0,0,31,0
"H",8,1,4,-9,0,0,26,0
"H",8,1,4,0,0,0,256,183
"H",8,1,4,0,0,1,2,2
"H",8,1,4,0,0,2,1,1
"H",8,1,4,0,1,1,1,1
"H",8,1,4,0,2,1,1,1
"H",8,1,4,0,3,1,1,1
"H",8,1,4,1,0,0,259,233
"H",8,1,4,10,0,0,19,19
"H",8,1,4,11,0,0,11,11
"H",8,1,4,12,0,0,12,12
"H",8,1,4,13,0,0,7,7
"H",8,1,4,14,0,0,8,8
"H",8,1,4,16,0,0,1,1
"H",8,1,4,17,0,0,2,2
"H",8,1,4,19,0,0,1,1
"H",8,1,4,2,0,0,214,206
"H",8,1,4,2,0,1,2,2
"H",8,1,4,2,0,2,1,1
"H",8,1,4,20,0,0,2,2
"H",8,1,4,21,0,0,1,1
"H",8,1,4,3,0,0,189,183
"H",8,1,4,3,1,0,2,2
"H",8,1,4,3,2,0,1,1
"H",8,1,4,3,2,1,1,1
"H",8,1,4,4,0,0,135,135
"H",8,1,4,5,0,0,93,93
"H",8,1,4,6,0,0,84,83
"H",8,1,4,7,0,0,67,67
"H",8,1,4,7,0,1,1,1
"H",8,1,4,7,0,2,1,1
"H",8,1,4,8,0,0,50,50
"H",8,1,4,9,0,0,23,23
"H",8,1,5,-1,0,0,156,66
"H",8,1,5,-10,0,0,4,0
"H",8,1,5,-11,0,0,3,0
"H",8,1,5,-12,0,0,1,0
"H",8,1,5,-13,0,0,3,0
"H",8,1,5,-14,0,0,4,0
"H",8,1,5,-16,0,0,1,0
"H",8,1,5,-2,0,0,84,23
"H",8,1,5,-2,1,0,1,1
"H",8,1,5,-2,2,0,1,1
"H",8,1,5,-2,3,0,1,1
"H",8,1,5,-3,0,0,66,8
"H",8,1,5,-4,0,0,55,3
"H",8,1,5,-5,0,0,42,0
"H",8,1,5,-6,0,0,37,0
"H",8,1,5,-6,0,1,1,0
"H",8,1,5,-6,0,2,1,0
"H",8,1,5,-6,1,0,1,0
"H",8,1,5,-6,1,1,1,0
"H",8,1,5,-6,2,1,1,0
"H",8,1,5,-6,2,2,1,0
"H",8,1,5,-7,0,0,16,0
"H",8,1,5,-8,0,0,16,0
"H",8,1,5,-9,0,0,9,1
"H",8,1,5,0,0,0,186,152
"H",8,1,5,0,0,1,2,1
"H",8,1,5,0,1,1,2,1
"H",8,1,5,0,1,2,1,0
"H",8,1,5,0,2,2,1,0
"H",8,1,5,1,0,0,191,176
"H",8,1,5,10,0,0,23,23
"H",8,1,5,11,0,0,14,14
"H",8,1,5,12,0,0,8,8
"H",8,1,5,12,1,0,1,1
"H",8,1,5,13,0,0,1,1
"H",8,1,5,14,0,0,3,3
"H",8,1,5,15,0,0,1,1
"H",8,1,5,16,0,0,1,1
"H",8,1,5,18,0,0,2,2
"H",8,1,5,2,0,0,199,191
"H",8,1,5,2,0,1,1,1
"H",8,1,5,2,1,1,1,1
"H",8,1,5,2,2,1,1,1
"H",8,1,5,21,0,0,1,1
"H",8,1,5,3,0,0,166,163
"H",8,1,5,4,0,0,117,117
"H",8,1,5,5,0,0,78,78
"H",8,1,5,5,0,1,1,1
"H",8,1,5,5,0,2,1,1
"H",8,1,5,6,0,0,59,59
"H",8,1,5,7,0,0,37,37
"H",8,1,5,7,0,1,1,1
"H",8,1,5,7,0,2,1,1
"H",8,1,5,8,0,0,35,35
"H",8,1,5,8,1,0,1,1
"H",8,1,5,9,0,0,16,16
"H",8,1,6,-1,0,0,117,61
"H",8,1,6,-10,0,0,4,0
"H",8,1,6,-11,0,0,2,0
"H",8,1,6,-12,0,0,4,0
"H",8,1,6,-14,0,0,3,0
"H",8,1,6,-15,0,0,2,0
"H",8,1,6,-19,0,0,1,0
"H",8,1,6,-2,0,0,109,31
"H",8,1,6,-2,1,0,1,1
"H",8,1,6,-2,1,1,1,1
"H",8,1,6,-2,1,2,1,1
"H",8,1,6,-2,2,2,1,1
"H",8,1,6,-2,3,2,1,1
"H",8,1,6,-24,0,0,1,0
"H",8,1,6,-3,0,0,95,18
"H",8,1,6,-4,0,0,67,6
"H",8,1,6,-5,0,0,47,2
"H",8,1,6,-6,0,0,34,1
"H",8,1,6,-7,0,0,24,2
"H",8,1,6,-8,0,0,21,1
"H",8,1,6,-9,0,0,11,0
"H",8,1,6,0,0,0,179,144
"H",8,1,6,1,0,0,140,128
"H",8,1,6,1,0,1,1,1
"H",8,1,6,1,0,2,1,1
"H",8,1,6,1,1,0,1,1
"H",8,1,6,1,2,0,1,1
"H",8,1,6,1,3,0,1,1
"H",8,1,6,10,0,0,12,12
"H",8,1,6,11,0,0,14,14
"H",8,1,6,12,0,0,4,4
"H",8,1,6,13,0,0,4,4
"H",8,1,6,14,0,0,2,2
"H",8,1,6,18,0,0,1,1
"H",8,1,6,19,0,0,1,1
"H",8,1,6,2,0,0,142,137
"H",8,1,6,23,0,0,1,1
"H",8,1,6,3,0,0,133,132
"H",8,1,6,4,0,0,95,93
"H",8,1,6,4,0,1,1,1
"H",8,1,6,4,0,2,1,1
"H",8,1,6,5,0,0,75,75
"H",8,1,6,6,0,0,56,56
"H",8,1,6,7,0,0,49,49
"H",8,1,6,8,0,0,26,26
"H",8,1,6,9,0,0,27,27
"H",8,1,7,-1,0,0,111,60
"H",8,1,7,-1,0,1,1,0
"H",8,1,7,-1,0,2,1,0
"H",8,1,7,-1,1,0,1,1
"H",8,1,7,-10,0,0,1,0
"H",8,1,7,-11,0,0,4,0
"H",8,1,7,-12,0,0,2,0
"H",8,1,7,-13,0,0,2,0
"H",8,1,7,-14,0,0,1,0
"H",8,1,7,-15,0,0,1,0
"H",8,1,7,-16,0,0,1,0
"H",8,1,7,-2,0,0,107,32
"H",8,1,7,-3,0,0,58,14
"H",8,1,7,-4,0,0,27,2
"H",8,1,7,-5,0,0,31,1
"H",8,1,7,-6,0,0,18,0
"H",8,1,7,-7,0,0,10,0
"H",8,1,7,-8,0,0,9,0
"H",8,1,7,-9,0,0,7,0
"H",8,1,7,-9,0,1,1,0
"H",8,1,7,-9,0,2,1,0
"H",8,1,7,-9,1,0,1,0
"H",8,1,7,0,0,0,129,106
"H",8,1,7,0,1,0,1,1
"H",8,1,7,0,1,1,1,1
"H",8,1,7,0,2,1,1,1
"H",8,1,7,0,3,1,1,1
"H",8,1,7,1,0,0,126,121
"H",8,1,7,10,0,0,13,13
"H",8,1,7,11,0,0,6,6
"H",8,1,7,12,0,0,3,3
"H",8,1,7,13,0,0,3,3
"H",8,1,7,15,0,0,1,1
"H",8,1,7,17,0,0,1,1
"H",8,1,7,2,0,0,143,138
"H",8,1,7,21,0,0,1,1
"H",8,1,7,3,0,0,93,89
"H",8,1,7,4,0,0,86,84
"H",8,1,7,5,0,0,63,63
"H",8,1,7,6,0,0,47,47
"H",8,1,7,7,0,0,40,40
"H",8,1,7,8,0,0,21,21
"H",8,1,7,9,0,0,12,12
"H",8,1,8,-1,0,0,93,53
"H",8,1,8,-10,0,0,4,0
"H",8,1,8,-11,0,0,3,0
"H",8,1,8,-13,0,0,3,0
"H",8,1,8,-14,0,0,1,0
"H",8,1,8,-15,0,0,1,0
"H",8,1,8,-16,0,0,1,0
"H",8,1,8,-2,0,0,78,21
"H",8,1,8,-2,1,0,2,2
"H",8,1,8,-3,0,0,58,10
"H",8,1,8,-4,0,0,58,8
"H",8,1,8,-5,0,0,31,2
"H",8,1,8,-6,0,0,21,1
"H",8,1,8,-7,0,0,12,0
"H",8,1,8,-7,0,1,1,0
"H",8,1,8,-7,0,2,1,0
"H",8,1,8,-8,0,0,13,0
"H",8,1,8,-9,0,0,11,0
"H",8,1,8,0,0,0,133,106
"H",8,1,8,1,0,0,89,87
"H",8,1,8,10,0,0,7,7
"H",8,1,8,11,0,0,3,3
"H",8,1,8,12,0,0,3,3
"H",8,1,8,14,0,0,2,2
"H",8,1,8,17,0,0,1,1
"H",8,1,8,2,0,0,100,97
"H",8,1,8,3,0,0,65,62
"H",8,1,8,4,0,0,46,46
"H",8,1,8,5,0,0,50,50
"H",8,1,8,6,0,0,26,26
"H",8,1,8,7,0,0,21,21
"H",8,1,8,8,0,0,12,12
"H",8,1,8,9,0,0,6,6
"H",8,2,1,-1,0,0,1273,222
"H",8,2,1,-1,0,1,3,1
"H",8,2,1,-1,0,2,1,0
"H",8,2,1,-1,1,0,9,2
"H",8,2,1,-1,1,1,4,2
"H",8,2,1,-1,1,2,1,0
"H",8,2,1,-1,2,0,6,1
"H",8,2,1,-1,2,1,5,1
"H",8,2,1,-1,2,2,2,0
"H",8,2,1,-1,3,0,1,0
"H",8,2,1,-1,3,1,2,0
"H",8,2,1,-1,3,2,1,0
"H",8,2,1,-10,0,0,56,0
"H",8,2,1,-11,0,0,36,0
"H",8,2,1,-12,0,0,28,0
"H",8,2,1,-13,0,0,24,0
"H",8,2,1,-13,0,1,1,0
"H",8,2,1,-13,1,1,1,0
"H",8,2,1,-14,0,0,11,0
"H",8,2,1,-15,0,0,8,0
"H",8,2,1,-16,0,0,2,0
"H",8,2,1,-17,0,0,3,0
"H",8,2,1,-18,0,0,1,0
"H",8,2,1,-19,0,0,1,0
"H",8,2,1,-2,0,0,1017,95
"H",8,2,1,-2,0,1,6,0
"H",8,2,1,-2,0,2,1,0
"H",8,2,1,-2,1,0,4,1
"H",8,2,1,-2,1,1,6,1
"H",8,2,1,-2,1,2,1,1
"H",8,2,1,-2,2,0,1,0
"H",8,2,1,-2,2,1,4,0
"H",8,2,1,-2,2,2,1,0
"H",8,2,1,-2,3,0,1,0
"H",8,2,1,-2,3,1,1,0
"H",8,2,1,-3,0,0,863,41
"H",8,2,1,-3,0,1,2,0
"H",8,2,1,-3,1,0,2,0
"H",8,2,1,-3,1,1,4,0
"H",8,2,1,-3,1,2,3,0
"H",8,2,1,-3,2,1,1,0
"H",8,2,1,-3,2,2,3,0
"H",8,2,1,-3,3,2,1,0
"H",8,2,1,-4,0,0,601,11
"H",8,2,1,-4,0,1,2,0
"H",8,2,1,-4,0,2,1,0
"H",8,2,1,-4,1,0,1,0
"H",8,2,1,-4,1,1,2,0
"H",8,2,1,-4,1,2,2,0
"H",8,2,1,-4,2,1,1,0
"H",8,2,1,-4,2,2,1,0
"H",8,2,1,-4,3,2,1,0
"H",8,2,1,-5,0,0,440,2
"H",8,2,1,-5,1,0,1,0
"H",8,2,1,-5,2,0,1,0
"H",8,2,1,-5,2,1,1,0
"H",8,2,1,-6,0,0,322,1
"H",8,2,1,-6,1,0,1,0
"H",8,2,1,-7,0,0,231,0
"H",8,2,1,-7,0,1,1,0
"H",8,2,1,-7,1,0,1,0
"H",8,2,1,-7,2,0,1,0
"H",8,2,1,-8,0,0,132,0
"H",8,2,1,-9,0,0,93,0
"H",8,2,1,0,0,0,1293,731
"H",8,2,1,0,0,1,4,1
"H",8,2,1,0,0,2,2,0
"H",8,2,1,0,1,0,4,1
"H",8,2,1,0,1,1,5,2
"H",8,2,1,0,1,2,1,0
"H",8,2,1,0,2,0,1,0
"H",8,2,1,0,2,1,3,0
"H",8,2,1,0,3,1,2,0
"H",8,2,1,0,3,2,2,0
"H",8,2,1,1,0,0,1291,1132
"H",8,2,1,1,0,1,3,2
"H",8,2,1,1,0,2,2,1
"H",8,2,1,1,1,0,5,5
"H",8,2,1,1,1,1,1,1
"H",8,2,1,1,1,2,1,1
"H",8,2,1,1,2,0,3,3
"H",8,2,1,1,2,1,2,2
"H",8,2,1,1,2,2,3,3
"H",8,2,1,1,3,0,2,2
"H",8,2,1,1,3,1,1,1
"H",8,2,1,1,3,2,2,2
"H",8,2,1,10,0,0,68,68
"H",8,2,1,11,0,0,55,55
"H",8,2,1,12,0,0,29,29
"H",8,2,1,13,0,0,24,24
"H",8,2,1,14,0,0,11,11
"H",8,2,1,15,0,0,7,7
"H",8,2,1,16,0,0,8,8
"H",8,2,1,17,0,0,1,1
"H",8,2,1,18,0,0,1,1
"H",8,2,1,2,0,0,1051,1001
"H",8,2,1,2,0,1,2,2
"H",8,2,1,2,1,0,2,2
"H",8,2,1,2,1,1,1,1
"H",8,2,1,2,2,0,1,1
"H",8,2,1,2,2,1,1,1
"H",8,2,1,2,3,0,1,1
"H",8,2,1,20,0,0,1,1
"H",8,2,1,21,0,0,1,1
"H",8,2,1,3,0,0,845,824
"H",8,2,1,3,0,1,3,3
"H",8,2,1,3,0,2,1,1
"H",8,2,1,3,1,0,5,5
"H",8,2,1,3,1,1,3,3
"H",8,2,1,3,1,2,2,2
"H",8,2,1,3,2,0,1,1
"H",8,2,1,3,2,1,1,1
"H",8,2,1,3,2,2,2,2
"H",8,2,1,3,3,2,1,1
"H",8,2,1,4,0,0,706,702
"H",8,2,1,4,0,1,1,1
"H",8,2,1,4,1,0,2,2
"H",8,2,1,4,2,0,2,2
"H",8,2,1,4,2,1,1,1
"H",8,2,1,4,3,0,1,1
"H",8,2,1,5,0,0,531,530
"H",8,2,1,5,0,1,2,2
"H",8,2,1,5,0,2,1,1
"H",8,2,1,5,1,0,1,1
"H",8,2,1,5,1,1,2,2
"H",8,2,1,5,1,2,2,2
"H",8,2,1,5,2,1,1,1
"H",8,2,1,5,2,2,3,3
"H",8,2,1,5,3,2,1,1
"H",8,2,1,6,0,0,345,342
"H",8,2,1,6,0,1,1,1
"H",8,2,1,6,1,0,1,1
"H",8,2,1,6,1,1,1,1
"H",8,2,1,6,2,0,1,1
"H",8,2,1,6,3,0,1,1
"H",8,2,1,7,0,0,247,247
"H",8,2,1,8,0,0,151,151
"H",8,2,1,8,1,0,1,1
"H",8,2,1,8,2,0,1,1
"H",8,2,1,8,3,0,1,1
"H",8,2,1,9,0,0,108,108
"H",8,2,1,9,0,1,1,1
"H",8,2,1,9,0,2,1,1
"H",8,2,1,9,1,2,1,1
"H",8,2,2,-1,0,0,769,164
"H",8,2,2,-1,1,0,3,0
"H",8,2,2,-1,1,1,1,0
"H",8,2,2,-1,1,2,1,0
"H",8,2,2,-1,2,0,2,0
"H",8,2,2,-1,3,0,1,0
"H",8,2,2,-1,3,1,1,0
"H",8,2,2,-10,0,0,39,0
"H",8,2,2,-11,0,0,20,0
"H",8,2,2,-12,0,0,20,0
"H",8,2,2,-13,0,0,10,0
"H",8,2,2,-14,0,0,6,0
"H",8,2,2,-15,0,0,3,0
"H",8,2,2,-16,0,0,1,0
"H",8,2,2,-17,0,0,1,0
"H",8,2,2,-18,0,0,2,0
"H",8,2,2,-19,0,0,2,0
"H",8,2,2,-2,0,0,699,83
"H",8,2,2,-2,1,0,4,0
"H",8,2,2,-2,1,1,2,0
"H",8,2,2,-2,1,2,2,0
"H",8,2,2,-2,2,0,1,0
"H",8,2,2,-2,2,1,1,0
"H",8,2,2,-2,3,1,1,0
"H",8,2,2,-2,3,2,1,0
"H",8,2,2,-20,0,0,1,0
"H",8,2,2,-23,0,0,1,0
"H",8,2,2,-3,0,0,568,36
"H",8,2,2,-3,1,0,1,0
"H",8,2,2,-3,1,1,1,0
"H",8,2,2,-4,0,0,412,10
"H",8,2,2,-4,1,0,1,0
"H",8,2,2,-5,0,0,337,3
"H",8,2,2,-5,1,0,1,0
"H",8,2,2,-6,0,0,208,1
"H",8,2,2,-6,0,1,1,0
"H",8,2,2,-6,0,2,1,0
"H",8,2,2,-6,1,0,2,0
"H",8,2,2,-7,0,0,176,0
"H",8,2,2,-8,0,0,90,0
"H",8,2,2,-9,0,0,63,0
"H",8,2,2,0,0,0,773,465
"H",8,2,2,0,0,1,2,1
"H",8,2,2,0,0,2,1,0
"H",8,2,2,0,1,0,2,0
"H",8,2,2,0,1,1,2,0
"H",8,2,2,0,1,2,1,0
"H",8,2,2,1,0,0,745,655
"H",8,2,2,1,0,1,2,2
"H",8,2,2,1,0,2,1,1
"H",8,2,2,1,1,0,4,4
"H",8,2,2,1,1,1,1,1
"H",8,2,2,1,1,2,1,1
"H",8,2,2,1,2,0,2,2
"H",8,2,2,1,2,1,1,1
"H",8,2,2,1,2,2,1,1
"H",8,2,2,1,3,0,1,1
"H",8,2,2,1,3,1,1,1
"H",8,2,2,1,3,2,1,1
"H",8,2,2,10,0,0,78,78
"H",8,2,2,11,0,0,40,40
"H",8,2,2,12,0,0,29,29
"H",8,2,2,13,0,0,22,22
"H",8,2,2,14,0,0,13,13
"H",8,2,2,15,0,0,3,3
"H",8,2,2,16,0,0,3,3
"H",8,2,2,2,0,0,645,615
"H",8,2,2,2,0,1,1,1
"H",8,2,2,2,1,0,2,2
"H",8,2,2,2,2,0,2,2
"H",8,2,2,2,2,1,1,1
"H",8,2,2,2,3,1,1,1
"H",8,2,2,2,3,2,1,1
"H",8,2,2,3,0,0,579,565
"H",8,2,2,3,1,0,3,3
"H",8,2,2,3,1,1,1,1
"H",8,2,2,3,2,1,1,1
"H",8,2,2,3,2,2,1,1
"H",8,2,2,4,0,0,461,459
"H",8,2,2,4,1,0,2,2
"H",8,2,2,4,1,1,1,1
"H",8,2,2,4,1,2,1,1
"H",8,2,2,4,2,0,1,1
"H",8,2,2,4,2,2,1,1
"H",8,2,2,5,0,0,368,366
"H",8,2,2,6,0,0,233,233
"H",8,2,2,7,0,0,216,216
"H",8,2,2,7,0,1,1,1
"H",8,2,2,7,1,0,1,1
"H",8,2,2,7,2,0,1,1
"H",8,2,2,7,2,1,1,1
"H",8,2,2,8,0,0,121,121
"H",8,2,2,8,0,1,1,1
"H",8,2,2,8,0,2,1,1
"H",8,2,2,8,1,0,1,1
"H",8,2,2,8,1,1,1,1
"H",8,2,2,8,1,2,1,1
"H",8,2,2,8,2,2,1,1
"H",8,2,2,9,0,0,84,84
"H",8,2,3,-1,0,0,431,109
"H",8,2,3,-1,1,0,3,1
"H",8,2,3,-1,1,1,1,0
"H",8,2,3,-1,1,2,1,0
"H",8,2,3,-1,2,0,2,1
"H",8,2,3,-1,2,2,1,0
"H",8,2,3,-1,3,0,1,0
"H",8,2,3,-10,0,0,15,0
"H",8,2,3,-11,0,0,9,0
"H",8,2,3,-12,0,0,6,0
"H",8,2,3,-13,0,0,3,0
"H",8,2,3,-14,0,0,3,0
"H",8,2,3,-15,0,0,2,0
"H",8,2,3,-16,0,0,3,0
"H",8,2,3,-2,0,0,250,24
"H",8,2,3,-2,0,1,1,1
"H",8,2,3,-2,1,0,2,0
"H",8,2,3,-2,1,1,1,0
"H",8,2,3,-2,1,2,1,0
"H",8,2,3,-2,2,2,1,0
"H",8,2,3,-3,0,0,228,10
"H",8,2,3,-4,0,0,166,4
"H",8,2,3,-4,0,1,1,0
"H",8,2,3,-4,1,1,1,0
"H",8,2,3,-5,0,0,110,2
"H",8,2,3,-6,0,0,82,0
"H",8,2,3,-6,1,0,1,0
"H",8,2,3,-6,1,1,1,0
"H",8,2,3,-7,0,0,58,0
"H",8,2,3,-8,0,0,29,0
"H",8,2,3,-9,0,0,19,0
"H",8,2,3,0,0,0,515,325
"H",8,2,3,0,1,0,1,1
"H",8,2,3,0,2,0,1,1
"H",8,2,3,0,2,1,1,1
"H",8,2,3,0,2,2,1,1
"H",8,2,3,0,3,2,1,1
"H",8,2,3,1,0,0,510,456
"H",8,2,3,1,0,1,2,2
"H",8,2,3,1,0,2,1,1
"H",8,2,3,1,1,0,1,1
"H",8,2,3,1,1,2,1,1
"H",8,2,3,10,0,0,42,42
"H",8,2,3,11,0,0,20,20
"H",8,2,3,12,0,0,24,24
"H",8,2,3,13,0,0,9,9
"H",8,2,3,14,0,0,8,8
"H",8,2,3,15,0,0,7,7
"H",8,2,3,18,0,0,1,1
"H",8,2,3,19,0,0,1,1
"H",8,2,3,2,0,0,460,438
"H",8,2,3,2,0,1,3,3
"H",8,2,3,2,0,2,3,3
"H",8,2,3,2,1,0,2,1
"H",8,2,3,2,1,1,1,0
"H",8,2,3,2,1,2,1,1
"H",8,2,3,2,2,0,1,1
"H",8,2,3,2,2,1,2,1
"H",8,2,3,2,2,2,2,1
"H",8,2,3,2,3,1,1,1
"H",8,2,3,2,3,2,2,1
"H",8,2,3,22,0,0,1,1
"H",8,2,3,24,0,0,1,1
"H",8,2,3,25,0,0,1,1
"H",8,2,3,3,0,0,435,428
"H",8,2,3,3,0,1,1,1
"H",8,2,3,3,0,2,1,1
"H",8,2,3,3,1,0,1,1
"H",8,2,3,3,1,2,1,1
"H",8,2,3,3,2,0,1,1
"H",8,2,3,3,2,1,1,1
"H",8,2,3,3,2,2,2,2
"H",8,2,3,4,0,0,345,341
"H",8,2,3,4,1,0,2,2
"H",8,2,3,4,1,1,1,1
"H",8,2,3,4,2,0,1,1
"H",8,2,3,5,0,0,243,240
"H",8,2,3,5,0,1,2,2
"H",8,2,3,5,0,2,1,1
"H",8,2,3,5,1,1,1,1
"H",8,2,3,6,0,0,175,174
"H",8,2,3,6,1,0,1,1
"H",8,2,3,6,1,1,1,1
"H",8,2,3,6,1,2,1,1
"H",8,2,3,6,2,2,1,1
"H",8,2,3,6,3,2,1,1
"H",8,2,3,7,0,0,108,108
"H",8,2,3,7,1,0,1,1
"H",8,2,3,7,1,1,1,1
"H",8,2,3,7,1,2,1,1
"H",8,2,3,8,0,0,86,86
"H",8,2,3,9,0,0,59,59
"H",8,2,4,-1,0,0,309,88
"H",8,2,4,-1,0,1,2,1
"H",8,2,4,-1,0,2,1,0
"H",8,2,4,-1,1,0,2,1
"H",8,2,4,-1,1,1,1,1
"H",8,2,4,-1,2,0,1,0
"H",8,2,4,-1,3,0,1,0
"H",8,2,4,-1,3,1,1,0
"H",8,2,4,-1,3,2,1,0
"H",8,2,4,-10,0,0,16,0
"H",8,2,4,-11,0,0,11,0
"H",8,2,4,-11,1,0,1,0
"H",8,2,4,-11,2,0,1,0
"H",8,2,4,-12,0,0,6,0
"H",8,2,4,-13,0,0,5,0
"H",8,2,4,-14,0,0,1,0
"H",8,2,4,-17,0,0,1,0
"H",8,2,4,-19,0,0,1,0
"H",8,2,4,-2,0,0,258,46
"H",8,2,4,-2,1,0,1,0
"H",8,2,4,-3,0,0,212,23
"H",8,2,4,-3,1,0,1,0
"H",8,2,4,-3,2,0,1,0
"H",8,2,4,-3,3,0,1,0
"H",8,2,4,-4,0,0,169,6
"H",8,2,4,-4,0,1,1,0
"H",8,2,4,-5,0,0,148,1
"H",8,2,4,-5,1,0,1,0
"H",8,2,4,-5,2,0,1,0
"H",8,2,4,-5,3,0,1,0
"H",8,2,4,-6,0,0,76,1
"H",8,2,4,-7,0,0,66,0
"H",8,2,4,-8,0,0,38,0
"H",8,2,4,-8,1,0,1,0
"H",8,2,4,-8,2,0,1,0
"H",8,2,4,-9,0,0,34,0
"H",8,2,4,0,0,0,367,232
"H",8,2,4,0,0,1,2,1
"H",8,2,4,0,1,0,4,3
"H",8,2,4,0,1,1,4,2
"H",8,2,4,0,1,2,1,1
"H",8,2,4,0,2,0,2,2
"H",8,2,4,0,2,2,1,1
"H",8,2,4,0,3,0,1,1
"H",8,2,4,1,0,0,337,302
"H",8,2,4,1,0,1,1,1
"H",8,2,4,1,1,1,1,1
"H",8,2,4,10,0,0,23,23
"H",8,2,4,11,0,0,25,25
"H",8,2,4,12,0,0,15,15
"H",8,2,4,13,0,0,14,14
"H",8,2,4,14,0,0,7,7
"H",8,2,4,15,0,0,2,2
"H",8,2,4,16,0,0,2,2
"H",8,2,4,17,0,0,1,1
"H",8,2,4,2,0,0,279,268
"H",8,2,4,2,0,1,2,2
"H",8,2,4,2,1,0,2,2
"H",8,2,4,3,0,0,236,230
"H",8,2,4,3,0,1,2,2
"H",8,2,4,3,0,2,1,1
"H",8,2,4,3,1,0,1,1
"H",8,2,4,3,1,1,2,2
"H",8,2,4,3,1,2,1,1
"H",8,2,4,3,2,1,1,1
"H",8,2,4,3,2,2,1,1
"H",8,2,4,4,0,0,164,163
"H",8,2,4,4,0,1,1,1
"H",8,2,4,4,1,0,1,1
"H",8,2,4,4,1,1,1,1
"H",8,2,4,4,1,2,1,1
"H",8,2,4,4,2,0,1,1
"H",8,2,4,4,2,1,1,1
"H",8,2,4,4,2,2,2,2
"H",8,2,4,5,0,0,129,128
"H",8,2,4,5,0,1,1,1
"H",8,2,4,5,0,2,1,1
"H",8,2,4,5,1,2,1,1
"H",8,2,4,6,0,0,93,93
"H",8,2,4,7,0,0,76,76
"H",8,2,4,8,0,0,58,58
"H",8,2,4,9,0,0,43,43
"H",8,2,5,-1,0,0,214,54
"H",8,2,5,-10,0,0,4,0
"H",8,2,5,-11,0,0,5,0
"H",8,2,5,-12,0,0,2,0
"H",8,2,5,-13,0,0,4,0
"H",8,2,5,-14,0,0,3,0
"H",8,2,5,-19,0,0,1,0
"H",8,2,5,-2,0,0,121,9
"H",8,2,5,-2,0,1,1,0
"H",8,2,5,-2,1,1,1,0
"H",8,2,5,-3,0,0,106,11
"H",8,2,5,-4,0,0,84,0
"H",8,2,5,-4,0,1,1,0
"H",8,2,5,-4,1,1,1,0
"H",8,2,5,-4,1,2,1,0
"H",8,2,5,-5,0,0,44,0
"H",8,2,5,-6,0,0,33,1
"H",8,2,5,-6,0,1,3,0
"H",8,2,5,-6,0,2,1,0
"H",8,2,5,-6,1,1,1,0
"H",8,2,5,-6,1,2,1,0
"H",8,2,5,-7,0,0,31,0
"H",8,2,5,-7,1,0,1,0
"H",8,2,5,-7,2,0,1,0
"H",8,2,5,-7,2,1,1,0
"H",8,2,5,-7,2,2,1,0
"H",8,2,5,-8,0,0,21,0
"H",8,2,5,-9,0,0,17,0
"H",8,2,5,0,0,0,207,143
"H",8,2,5,0,0,1,1,1
"H",8,2,5,0,0,2,1,1
"H",8,2,5,0,1,0,1,1
"H",8,2,5,0,1,2,1,1
"H",8,2,5,0,2,0,1,1
"H",8,2,5,0,3,0,1,1
"H",8,2,5,1,0,0,239,207
"H",8,2,5,10,0,0,24,24
"H",8,2,5,11,0,0,19,19
"H",8,2,5,12,0,0,9,9
"H",8,2,5,12,1,0,1,1
"H",8,2,5,12,1,1,1,1
"H",8,2,5,12,1,2,1,1
"H",8,2,5,12,2,2,1,1
"H",8,2,5,12,3,2,1,1
"H",8,2,5,13,0,0,5,5
"H",8,2,5,14,0,0,4,4
"H",8,2,5,15,0,0,3,3
"H",8,2,5,16,0,0,2,2
"H",8,2,5,17,0,0,1,1
"H",8,2,5,18,0,0,1,1
"H",8,2,5,2,0,0,255,243
"H",8,2,5,2,0,1,1,1
"H",8,2,5,2,0,2,1,1
"H",8,2,5,2,1,0,1,1
"H",8,2,5,2,1,2,1,1
"H",8,2,5,2,2,2,1,1
"H",8,2,5,21,0,0,1,1
"H",8,2,5,3,0,0,204,199
"H",8,2,5,3,1,0,3,3
"H",8,2,5,3,1,1,1,1
"H",8,2,5,3,2,0,2,2
"H",8,2,5,3,3,0,2,2
"H",8,2,5,4,0,0,158,158
"H",8,2,5,4,1,0,1,1
"H",8,2,5,4,1,1,1,1
"H",8,2,5,4,2,1,1,1
"H",8,2,5,4,2,2,1,1
"H",8,2,5,4,3,2,1,1
"H",8,2,5,5,0,0,108,108
"H",8,2,5,5,1,0,1,1
"H",8,2,5,6,0,0,74,73
"H",8,2,5,7,0,0,72,72
"H",8,2,5,8,0,0,51,51
"H",8,2,5,8,1,0,1,1
"H",8,2,5,8,2,0,1,1
"H",8,2,5,8,2,1,1,1
"H",8,2,5,8,2,2,1,1
"H",8,2,5,8,3,2,1,1
"H",8,2,5,9,0,0,40,40
"H",8,2,6,-1,0,0,169,50
"H",8,2,6,-1,1,0,1,0
"H",8,2,6,-1,1,1,1,0
"H",8,2,6,-1,1,2,1,0
"H",8,2,6,-10,0,0,7,0
"H",8,2,6,-11,0,0,9,0
"H",8,2,6,-12,0,0,3,0
"H",8,2,6,-13,0,0,1,0
"H",8,2,6,-14,0,0,7,0
"H",8,2,6,-15,0,0,1,0
"H",8,2,6,-16,0,0,1,0
"H",8,2,6,-2,0,0,124,14
"H",8,2,6,-2,0,1,1,0
"H",8,2,6,-2,1,0,1,0
"H",8,2,6,-2,2,0,1,0
"H",8,2,6,-2,3,0,1,0
"H",8,2,6,-3,0,0,103,11
"H",8,2,6,-4,0,0,84,4
"H",8,2,6,-5,0,0,48,1
"H",8,2,6,-6,0,0,45,0
"H",8,2,6,-7,0,0,25,0
"H",8,2,6,-8,0,0,21,0
"H",8,2,6,-9,0,0,7,0
"H",8,2,6,0,0,0,202,136
"H",8,2,6,0,0,1,1,1
"H",8,2,6,0,1,0,1,1
"H",8,2,6,0,1,1,1,1
"H",8,2,6,0,1,2,1,1
"H",8,2,6,0,2,0,1,1
"H",8,2,6,0,3,0,1,1
"H",8,2,6,1,0,0,203,177
"H",8,2,6,10,0,0,12,12
"H",8,2,6,11,0,0,9,9
"H",8,2,6,12,0,0,8,8
"H",8,2,6,13,0,0,3,3
"H",8,2,6,14,0,0,2,2
"H",8,2,6,15,0,0,1,1
"H",8,2,6,18,0,0,1,1
"H",8,2,6,2,0,0,169,164
"H",8,2,6,2,0,1,1,1
"H",8,2,6,2,1,1,1,1
"H",8,2,6,3,0,0,148,146
"H",8,2,6,3,1,0,1,1
"H",8,2,6,4,0,0,134,134
"H",8,2,6,5,0,0,84,84
"H",8,2,6,5,1,0,1,1
"H",8,2,6,5,1,1,1,1
"H",8,2,6,5,2,1,1,1
"H",8,2,6,5,3,1,1,1
"H",8,2,6,6,0,0,65,65
"H",8,2,6,7,0,0,58,58
"H",8,2,6,8,0,0,33,33
"H",8,2,6,8,1,0,1,1
"H",8,2,6,8,2,0,1,1
"H",8,2,6,8,3,0,1,1
"H",8,2,6,8,3,1,1,1
"H",8,2,6,9,0,0,20,20
"H",8,2,7,-1,0,0,119,30
"H",8,2,7,-1,0,1,1,0
"H",8,2,7,-1,0,2,1,0
"H",8,2,7,-1,1,0,2,1
"H",8,2,7,-1,2,0,2,1
"H",8,2,7,-1,3,0,2,1
"H",8,2,7,-1,3,1,1,0
"H",8,2,7,-1,3,2,1,0
"H",8,2,7,-10,0,0,7,0
"H",8,2,7,-11,0,0,5,0
"H",8,2,7,-12,0,0,2,0
"H",8,2,7,-13,0,0,1,0
"H",8,2,7,-15,0,0,1,0
"H",8,2,7,-2,0,0,97,21
"H",8,2,7,-3,0,0,67,3
"H",8,2,7,-4,0,0,37,1
"H",8,2,7,-5,0,0,26,0
"H",8,2,7,-6,0,0,29,0
"H",8,2,7,-7,0,0,11,0
"H",8,2,7,-8,0,0,11,0
"H",8,2,7,-9,0,0,6,0
"H",8,2,7,-9,1,0,1,0
"H",8,2,7,0,0,0,136,91
"H",8,2,7,1,0,0,135,120
"H",8,2,7,1,1,0,1,1
"H",8,2,7,1,2,0,1,1
"H",8,2,7,10,0,0,12,12
"H",8,2,7,11,0,0,10,10
"H",8,2,7,12,0,0,4,4
"H",8,2,7,13,0,0,5,5
"H",8,2,7,14,0,0,2,2
"H",8,2,7,17,0,0,1,1
"H",8,2,7,2,0,0,136,130
"H",8,2,7,21,0,0,1,1
"H",8,2,7,3,0,0,122,119
"H",8,2,7,3,1,0,2,2
"H",8,2,7,3,1,1,1,1
"H",8,2,7,3,2,0,1,1
"H",8,2,7,3,2,1,1,1
"H",8,2,7,3,3,0,1,1
"H",8,2,7,4,0,0,91,89
"H",8,2,7,5,0,0,63,61
"H",8,2,7,6,0,0,53,52
"H",8,2,7,7,0,0,29,29
"H",8,2,7,8,0,0,35,35
"H",8,2,7,8,1,0,1,1
"H",8,2,7,8,2,0,1,1
"H",8,2,7,9,0,0,17,17
"H",8,2,8,-1,0,0,111,36
"H",8,2,8,-1,1,0,1,1
"H",8,2,8,-10,0,0,7,0
"H",8,2,8,-11,0,0,3,0
"H",8,2,8,-12,0,0,3,0
"H",8,2,8,-13,0,0,1,0
"H",8,2,8,-15,0,0,1,0
"H",8,2,8,-2,0,0,90,14
"H",8,2,8,-2,1,0,1,0
"H",8,2,8,-2,2,0,1,0
"H",8,2,8,-3,0,0,65,7
"H",8,2,8,-3,0,1,1,0
"H",8,2,8,-3,1,0,1,0
"H",8,2,8,-3,1,1,1,0
"H",8,2,8,-3,1,2,1,0
"H",8,2,8,-3,2,0,1,0
"H",8,2,8,-3,2,2,1,0
"H",8,2,8,-3,3,0,1,0
"H",8,2,8,-4,0,0,65,2
"H",8,2,8,-4,0,1,1,0
"H",8,2,8,-4,0,2,1,0
"H",8,2,8,-4,1,2,1,0
"H",8,2,8,-5,0,0,29,1
"H",8,2,8,-6,0,0,26,1
"H",8,2,8,-7,0,0,21,0
"H",8,2,8,-8,0,0,16,0
"H",8,2,8,-9,0,0,6,0
"H",8,2,8,0,0,0,150,104
"H",8,2,8,0,1,0,1,1
"H",8,2,8,0,1,1,1,1
"H",8,2,8,0,1,2,1,1
"H",8,2,8,0,2,2,1,1
"H",8,2,8,1,0,0,126,115
"H",8,2,8,10,0,0,8,8
"H",8,2,8,11,0,0,6,6
"H",8,2,8,12,0,0,6,6
"H",8,2,8,13,0,0,1,1
"H",8,2,8,15,0,0,2,2
"H",8,2,8,2,0,0,101,96
"H",8,2,8,3,0,0,79,76
"H",8,2,8,4,0,0,47,45
"H",8,2,8,5,0,0,44,44
"H",8,2,8,6,0,0,34,33
"H",8,2,8,7,0,0,24,24
"H",8,2,8,7,1,0,1,1
"H",8,2,8,8,0,0,22,22
"H",8,2,8,8,1,0,1,1
"H",8,2,8,9,0,0,19,19
"H",9,0,1,-1,0,0,2333,430
"H",9,0,1,-1,0,1,9,2
"H",9,0,1,-1,0,2,6,0
"H",9,0,1,-1,1,0,6,0
"H",9,0,1,-1,1,1,5,1
"H",9,0,1,-1,1,2,7,0
"H",9,0,1,-1,2,0,3,0
"H",9,0,1,-1,2,2,4,0
"H",9,0,1,-1,3,0,3,0
"H",9,0,1,-1,3,1,1,0
"H",9,0,1,-1,3,2,1,0
"H",9,0,1,-10,0,0,132,0
"H",9,0,1,-11,0,0,99,0
"H",9,0,1,-11,0,1,1,0
"H",9,0,1,-12,0,0,52,0
"H",9,0,1,-13,0,0,43,0
"H",9,0,1,-14,0,0,36,0
"H",9,0,1,-15,0,0,21,0
"H",9,0,1,-16,0,0,11,0
"H",9,0,1,-17,0,0,7,0
"H",9,0,1,-18,0,0,8,0
"H",9,0,1,-19,0,0,3,0
"H",9,0,1,-2,0,0,1969,174
"H",9,0,1,-2,0,1,11,1
"H",9,0,1,-2,0,2,6,1
"H",9,0,1,-2,1,0,4,1
"H",9,0,1,-2,1,1,5,1
"H",9,0,1,-2,1,2,5,1
"H",9,0,1,-2,2,2,1,0
"H",9,0,1,-20,0,0,2,0
"H",9,0,1,-23,0,0,1,0
"H",9,0,1,-3,0,0,1603,63
"H",9,0,1,-3,0,1,2,0
"H",9,0,1,-3,0,2,1,0
"H",9,0,1,-3,1,0,8,0
"H",9,0,1,-3,1,1,4,0
"H",9,0,1,-3,1,2,1,0
"H",9,0,1,-3,2,0,3,0
"H",9,0,1,-3,2,1,4,0
"H",9,0,1,-3,2,2,3,0
"H",9,0,1,-3,3,0,1,0
"H",9,0,1,-4,0,0,1295,25
"H",9,0,1,-4,0,1,3,0
"H",9,0,1,-4,0,2,1,0
"H",9,0,1,-4,1,0,2,0
"H",9,0,1,-4,1,1,2,0
"H",9,0,1,-4,1,2,2,0
"H",9,0,1,-5,0,0,1011,13
"H",9,0,1,-5,0,1,1,0
"H",9,0,1,-5,1,0,5,0
"H",9,0,1,-5,1,1,1,0
"H",9,0,1,-5,2,0,3,0
"H",9,0,1,-5,2,1,1,0
"H",9,0,1,-5,3,0,1,0
"H",9,0,1,-5,3,1,1,0
"H",9,0,1,-5,3,2,1,0
"H",9,0,1,-6,0,0,693,2
"H",9,0,1,-6,0,1,1,0
"H",9,0,1,-6,1,0,3,0
"H",9,0,1,-6,1,1,3,0
"H",9,0,1,-6,1,2,1,0
"H",9,0,1,-7,0,0,511,0
"H",9,0,1,-7,0,1,1,0
"H",9,0,1,-7,0,2,1,0
"H",9,0,1,-7,1,0,2,0
"H",9,0,1,-7,1,1,1,0
"H",9,0,1,-7,1,2,1,0
"H",9,0,1,-7,2,0,1,0
"H",9,0,1,-7,2,1,1,0
"H",9,0,1,-7,2,2,1,0
"H",9,0,1,-7,3,2,1,0
"H",9,0,1,-8,0,0,356,0
"H",9,0,1,-8,0,1,1,0
"H",9,0,1,-8,0,2,1,0
"H",9,0,1,-8,1,2,1,0
"H",9,0,1,-9,0,0,235,0
"H",9,0,1,0,0,0,2254,1497
"H",9,0,1,0,0,1,5,5
"H",9,0,1,0,0,2,3,3
"H",9,0,1,0,1,0,6,2
"H",9,0,1,0,1,1,1,1
"H",9,0,1,0,1,2,2,2
"H",9,0,1,0,2,0,3,1
"H",9,0,1,0,2,1,2,0
"H",9,0,1,0,2,2,3,2
"H",9,0,1,0,3,0,1,1
"H",9,0,1,0,3,1,1,0
"H",9,0,1,0,3,2,3,2
"H",9,0,2,-1,0,0,659,202
"H",9,0,2,-1,0,1,5,0
"H",9,0,2,-1,0,2,3,0
"H",9,0,2,-1,1,2,1,0
"H",9,0,2,-10,0,0,38,0
"H",9,0,2,-11,0,0,32,0
"H",9,0,2,-12,0,0,17,0
"H",9,0,2,-13,0,0,18,0
"H",9,0,2,-14,0,0,14,0
"H",9,0,2,-15,0,0,9,0
"H",9,0,2,-16,0,0,3,0
"H",9,0,2,-18,0,0,1,0
"H",9,0,2,-19,0,0,3,0
"H",9,0,2,-2,0,0,564,93
"H",9,0,2,-2,0,1,1,0
"H",9,0,2,-2,0,2,1,0
"H",9,0,2,-3,0,0,454,40
"H",9,0,2,-3,0,1,2,0
"H",9,0,2,-3,0,2,1,0
"H",9,0,2,-3,1,0,2,0
"H",9,0,2,-3,1,1,1,0
"H",9,0,2,-3,1,2,1,0
"H",9,0,2,-3,2,0,1,0
"H",9,0,2,-3,2,1,1,0
"H",9,0,2,-3,2,2,1,0
"H",9,0,2,-3,3,1,1,0
"H",9,0,2,-4,0,0,376,14
"H",9,0,2,-5,0,0,305,9
"H",9,0,2,-5,1,0,2,0
"H",9,0,2,-5,2,0,1,0
"H",9,0,2,-5,2,1,1,0
"H",9,0,2,-6,0,0,214,2
"H",9,0,2,-7,0,0,163,0
"H",9,0,2,-7,1,0,1,0
"H",9,0,2,-7,1,1,1,0
"H",9,0,2,-7,2,1,1,0
"H",9,0,2,-7,2,2,1,0
"H",9,0,2,-7,3,2,1,0
"H",9,0,2,-8,0,0,106,0
"H",9,0,2,-9,0,0,55,0
"H",9,0,2,0,0,0,654,479
"H",9,0,2,0,0,1,3,1
"H",9,0,2,0,0,2,1,0
"H",9,0,2,0,1,0,3,3
"H",9,0,2,0,1,1,1,1
"H",9,0,2,0,2,0,1,1
"H",9,0,2,0,2,1,1,1
"H",9,0,2,0,2,2,1,1
"H",9,0,2,0,3,0,1,1
"H",9,0,2,0,3,1,1,1
"H",9,0,3,-1,0,0,136,74
"H",9,0,3,-1,0,1,2,1
"H",9,0,3,-1,1,0,1,1
"H",9,0,3,-1,2,0,1,1
"H",9,0,3,-1,3,0,1,1
"H",9,0,3,-10,0,0,7,0
"H",9,0,3,-11,0,0,10,0
"H",9,0,3,-12,0,0,6,0
"H",9,0,3,-13,0,0,5,0
"H",9,0,3,-14,0,0,5,0
"H",9,0,3,-15,0,0,2,0
"H",9,0,3,-16,0,0,2,0
"H",9,0,3,-18,0,0,1,0
"H",9,0,3,-2,0,0,110,22
"H",9,0,3,-3,0,0,114,6
"H",9,0,3,-4,0,0,77,4
"H",9,0,3,-4,0,1,1,0
"H",9,0,3,-4,0,2,1,0
"H",9,0,3,-5,0,0,76,0
"H",9,0,3,-5,1,0,1,0
"H",9,0,3,-5,2,0,1,0
"H",9,0,3,-5,2,1,1,0
"H",9,0,3,-5,2,2,1,0
"H",9,0,3,-6,0,0,52,0
"H",9,0,3,-6,1,0,1,0
"H",9,0,3,-6,1,1,1,0
"H",9,0,3,-7,0,0,42,0
"H",9,0,3,-8,0,0,29,0
"H",9,0,3,-9,0,0,20,0
"H",9,0,3,0,0,0,133,105
"H",9,0,3,0,0,1,1,1
"H",9,0,4,-1,0,0,136,76
"H",9,0,4,-1,0,1,1,1
"H",9,0,4,-1,0,2,1,1
"H",9,0,4,-1,1,0,1,1
"H",9,0,4,-1,2,0,1,1
"H",9,0,4,-10,0,0,11,0
"H",9,0,4,-11,0,0,11,0
"H",9,0,4,-11,1,0,1,0
"H",9,0,4,-12,0,0,5,0
"H",9,0,4,-13,0,0,2,0
"H",9,0,4,-14,0,0,3,0
"H",9,0,4,-15,0,0,2,0
"H",9,0,4,-16,0,0,1,0
"H",9,0,4,-18,0,0,1,0
"H",9,0,4,-2,0,0,156,39
"H",9,0,4,-3,0,0,119,24
"H",9,0,4,-4,0,0,96,9
"H",9,0,4,-4,1,0,1,0
"H",9,0,4,-4,2,0,1,0
"H",9,0,4,-4,3,0,1,0
"H",9,0,4,-4,3,1,1,0
"H",9,0,4,-4,3,2,1,0
"H",9,0,4,-5,0,0,73,4
"H",9,0,4,-6,0,0,67,1
"H",9,0,4,-7,0,0,51,0
"H",9,0,4,-8,0,0,27,0
"H",9,0,4,-9,0,0,17,0
"H",9,0,4,0,0,0,104,91
"H",9,0,4,0,1,0,1,1
"H",9,0,5,-1,0,0,43,25
"H",9,0,5,-10,0,0,3,0
"H",9,0,5,-11,0,0,6,0
"H",9,0,5,-12,0,0,3,0
"H",9,0,5,-13,0,0,1,0
"H",9,0,5,-14,0,0,2,0
"H",9,0,5,-15,0,0,1,0
"H",9,0,5,-2,0,0,42,9
"H",9,0,5,-3,0,0,36,3
"H",9,0,5,-4,0,0,35,2
"H",9,0,5,-4,0,1,1,0
"H",9,0,5,-4,0,2,1,0
"H",9,0,5,-5,0,0,36,0
"H",9,0,5,-6,0,0,18,0
"H",9,0,5,-7,0,0,20,0
"H",9,0,5,-8,0,0,15,0
"H",9,0,5,-9,0,0,12,0
"H",9,0,5,0,0,0,37,34
"H",9,0,6,-1,0,0,41,33
"H",9,0,6,-10,0,0,6,0
"H",9,0,6,-11,0,0,4,0
"H",9,0,6,-12,0,0,2,0
"H",9,0,6,-13,0,0,1,0
"H",9,0,6,-14,0,0,1,0
"H",9,0,6,-15,0,0,2,0
"H",9,0,6,-16,0,0,1,0
"H",9,0,6,-18,0,0,1,0
"H",9,0,6,-19,0,0,1,0
"H",9,0,6,-2,0,0,56,19
"H",9,0,6,-3,0,0,42,8
"H",9,0,6,-4,0,0,29,2
"H",9,0,6,-5,0,0,23,0
"H",9,0,6,-6,0,0,22,0
"H",9,0,6,-7,0,0,14,0
"H",9,0,6,-8,0,0,7,0
"H",9,0,6,-9,0,0,3,0
"H",9,0,6,0,0,0,69,66
"H",9,0,6,0,1,0,1,1
"H",9,0,7,-1,0,0,33,22
"H",9,0,7,-1,0,1,1,1
"H",9,0,7,-1,0,2,1,1
"H",9,0,7,-10,0,0,2,0
"H",9,0,7,-11,0,0,3,0
"H",9,0,7,-12,0,0,4,0
"H",9,0,7,-13,0,0,1,0
"H",9,0,7,-14,0,0,1,0
"H",9,0,7,-15,0,0,1,0
"H",9,0,7,-16,0,0,1,0
"H",9,0,7,-17,0,0,1,0
"H",9,0,7,-2,0,0,29,9
"H",9,0,7,-3,0,0,24,4
"H",9,0,7,-4,0,0,11,0
"H",9,0,7,-5,0,0,19,2
"H",9,0,7,-6,0,0,12,0
"H",9,0,7,-7,0,0,8,0
"H",9,0,7,-8,0,0,6,0
"H",9,0,7,-9,0,0,3,0
"H",9,0,7,0,0,0,35,33
"H",9,0,7,0,0,1,1,1
"H",9,0,7,0,1,0,2,1
"H",9,0,7,0,1,1,1,1
"H",9,0,7,0,2,0,1,1
"H",9,0,7,0,3,0,1,1
"H",9,0,8,-1,0,0,51,40
"H",9,0,8,-1,0,1,1,1
"H",9,0,8,-10,0,0,2,0
"H",9,0,8,-11,0,0,2,0
"H",9,0,8,-13,0,0,1,0
"H",9,0,8,-2,0,0,35,16
"H",9,0,8,-3,0,0,28,12
"H",9,0,8,-4,0,0,22,3
"H",9,0,8,-4,1,0,1,0
"H",9,0,8,-4,2,0,1,0
"H",9,0,8,-4,3,0,1,0
"H",9,0,8,-4,3,1,1,0
"H",9,0,8,-4,3,2,1,0
"H",9,0,8,-5,0,0,20,3
"H",9,0,8,-6,0,0,19,0
"H",9,0,8,-7,0,0,11,0
"H",9,0,8,-8,0,0,5,0
"H",9,0,8,-9,0,0,3,0
"H",9,0,8,0,0,0,77,74
"H",9,0,8,0,0,1,1,1
"H",9,0,8,0,1,1,1,1
"H",9,0,8,0,1,2,1,1
"H",9,0,8,0,2,2,1,1
"H",9,1,1,-1,0,0,1596,157
"H",9,1,1,-1,0,1,8,3
"H",9,1,1,-1,0,2,4,2
"H",9,1,1,-1,1,0,3,0
"H",9,1,1,-1,1,1,5,1
"H",9,1,1,-1,1,2,5,1
"H",9,1,1,-1,2,0,1,0
"H",9,1,1,-1,2,1,1,0
"H",9,1,1,-1,2,2,5,1
"H",9,1,1,-1,3,0,1,0
"H",9,1,1,-1,3,1,1,0
"H",9,1,1,-1,3,2,4,0
"H",9,1,1,-10,0,0,93,0
"H",9,1,1,-11,0,0,60,0
"H",9,1,1,-12,0,0,35,0
"H",9,1,1,-13,0,0,28,0
"H",9,1,1,-14,0,0,20,0
"H",9,1,1,-15,0,0,11,0
"H",9,1,1,-16,0,0,6,0
"H",9,1,1,-17,0,0,7,0
"H",9,1,1,-18,0,0,6,0
"H",9,1,1,-2,0,0,1341,57
"H",9,1,1,-2,0,1,5,0
"H",9,1,1,-2,0,2,2,0
"H",9,1,1,-2,1,0,5,2
"H",9,1,1,-2,1,1,5,1
"H",9,1,1,-2,1,2,2,1
"H",9,1,1,-2,2,0,1,0
"H",9,1,1,-2,2,1,2,0
"H",9,1,1,-2,2,2,1,0
"H",9,1,1,-2,3,1,2,0
"H",9,1,1,-2,3,2,1,0
"H",9,1,1,-20,0,0,2,0
"H",9,1,1,-23,0,0,1,0
"H",9,1,1,-3,0,0,1068,20
"H",9,1,1,-3,0,1,4,0
"H",9,1,1,-3,0,2,2,0
"H",9,1,1,-3,1,0,1,0
"H",9,1,1,-4,0,0,875,8
"H",9,1,1,-4,0,1,2,0
"H",9,1,1,-4,1,0,2,0
"H",9,1,1,-4,1,1,1,0
"H",9,1,1,-4,1,2,1,0
"H",9,1,1,-4,2,0,1,0
"H",9,1,1,-4,2,2,1,0
"H",9,1,1,-4,3,0,1,0
"H",9,1,1,-4,3,1,1,0
"H",9,1,1,-5,0,0,656,4
"H",9,1,1,-5,0,1,1,0
"H",9,1,1,-5,1,0,2,0
"H",9,1,1,-5,1,1,2,0
"H",9,1,1,-5,1,2,2,0
"H",9,1,1,-5,2,0,1,0
"H",9,1,1,-5,2,2,1,0
"H",9,1,1,-5,3,0,1,0
"H",9,1,1,-6,0,0,442,0
"H",9,1,1,-6,1,0,2,0
"H",9,1,1,-6,1,1,1,0
"H",9,1,1,-6,2,0,1,0
"H",9,1,1,-6,2,1,1,0
"H",9,1,1,-6,3,0,1,0
"H",9,1,1,-6,3,1,2,0
"H",9,1,1,-6,3,2,1,0
"H",9,1,1,-7,0,0,316,0
"H",9,1,1,-7,1,0,1,0
"H",9,1,1,-7,2,0,1,0
"H",9,1,1,-7,2,1,1,0
"H",9,1,1,-8,0,0,231,0
"H",9,1,1,-8,0,1,1,0
"H",9,1,1,-9,0,0,168,0
"H",9,1,1,0,0,0,1521,936
"H",9,1,1,0,0,1,4,2
"H",9,1,1,0,0,2,2,1
"H",9,1,1,0,1,0,5,4
"H",9,1,1,0,2,0,3,2
"H",9,1,1,0,2,1,1,1
"H",9,1,1,0,2,2,1,1
"H",9,1,1,0,3,0,2,1
"H",9,1,1,0,3,1,2,1
"H",9,1,1,0,3,2,2,1
"H",9,1,2,-1,0,0,727,137
"H",9,1,2,-1,0,1,1,1
"H",9,1,2,-1,0,2,1,1
"H",9,1,2,-1,1,0,4,0
"H",9,1,2,-1,1,2,1,1
"H",9,1,2,-1,2,0,4,0
"H",9,1,2,-1,2,1,2,0
"H",9,1,2,-1,2,2,2,0
"H",9,1,2,-1,3,0,1,0
"H",9,1,2,-1,3,2,1,0
"H",9,1,2,-10,0,0,48,0
"H",9,1,2,-11,0,0,30,0
"H",9,1,2,-12,0,0,13,0
"H",9,1,2,-13,0,0,13,0
"H",9,1,2,-14,0,0,15,0
"H",9,1,2,-15,0,0,5,0
"H",9,1,2,-16,0,0,6,0
"H",9,1,2,-17,0,0,3,0
"H",9,1,2,-18,0,0,3,0
"H",9,1,2,-19,0,0,1,0
"H",9,1,2,-2,0,0,668,73
"H",9,1,2,-2,0,1,4,0
"H",9,1,2,-2,0,2,3,0
"H",9,1,2,-2,1,0,2,0
"H",9,1,2,-2,1,2,1,0
"H",9,1,2,-2,2,0,1,0
"H",9,1,2,-2,2,2,1,0
"H",9,1,2,-2,3,0,1,0
"H",9,1,2,-2,3,2,1,0
"H",9,1,2,-3,0,0,535,25
"H",9,1,2,-3,1,0,2,0
"H",9,1,2,-3,1,1,1,0
"H",9,1,2,-3,2,0,1,0
"H",9,1,2,-3,3,0,1,0
"H",9,1,2,-3,3,1,1,0
"H",9,1,2,-4,0,0,463,9
"H",9,1,2,-4,1,0,2,0
"H",9,1,2,-4,2,0,2,0
"H",9,1,2,-4,2,1,1,0
"H",9,1,2,-5,0,0,353,5
"H",9,1,2,-5,0,1,1,0
"H",9,1,2,-5,1,1,1,0
"H",9,1,2,-5,1,2,1,0
"H",9,1,2,-6,0,0,250,1
"H",9,1,2,-6,1,0,1,0
"H",9,1,2,-6,1,1,1,0
"H",9,1,2,-6,1,2,1,0
"H",9,1,2,-7,0,0,175,0
"H",9,1,2,-7,1,0,2,0
"H",9,1,2,-7,1,1,2,0
"H",9,1,2,-7,1,2,1,0
"H",9,1,2,-7,2,2,1,0
"H",9,1,2,-8,0,0,117,0
"H",9,1,2,-9,0,0,77,0
"H",9,1,2,0,0,0,706,463
"H",9,1,2,0,0,1,2,2
"H",9,1,2,0,0,2,1,1
"H",9,1,2,0,1,0,1,1
"H",9,1,2,0,1,1,1,1
"H",9,1,2,0,1,2,2,2
"H",9,1,2,0,2,0,1,1
"H",9,1,2,0,2,2,1,1
"H",9,1,2,0,3,0,1,1
"H",9,1,2,0,3,2,1,1
"H",9,1,3,-1,0,0,356,98
"H",9,1,3,-1,0,1,2,1
"H",9,1,3,-1,0,2,2,1
"H",9,1,3,-1,1,0,4,1
"H",9,1,3,-1,1,1,2,1
"H",9,1,3,-1,1,2,3,2
"H",9,1,3,-1,2,0,2,0
"H",9,1,3,-1,2,2,3,2
"H",9,1,3,-1,3,0,2,0
"H",9,1,3,-1,3,2,1,1
"H",9,1,3,-10,0,0,26,0
"H",9,1,3,-11,0,0,13,0
"H",9,1,3,-12,0,0,10,0
"H",9,1,3,-13,0,0,8,0
"H",9,1,3,-14,0,0,6,0
"H",9,1,3,-15,0,0,5,0
"H",9,1,3,-16,0,0,3,0
"H",9,1,3,-17,0,0,1,0
"H",9,1,3,-18,0,0,3,0
"H",9,1,3,-19,0,0,1,0
"H",9,1,3,-2,0,0,207,16
"H",9,1,3,-2,0,1,3,1
"H",9,1,3,-2,0,2,1,0
"H",9,1,3,-2,1,1,1,0
"H",9,1,3,-2,2,1,1,0
"H",9,1,3,-2,2,2,1,0
"H",9,1,3,-2,3,2,1,0
"H",9,1,3,-3,0,0,163,6
"H",9,1,3,-3,1,0,1,0
"H",9,1,3,-3,1,1,1,0
"H",9,1,3,-3,2,1,1,0
"H",9,1,3,-3,2,2,1,0
"H",9,1,3,-4,0,0,141,3
"H",9,1,3,-4,0,1,1,0
"H",9,1,3,-5,0,0,124,1
"H",9,1,3,-6,0,0,101,0
"H",9,1,3,-6,1,0,1,0
"H",9,1,3,-6,2,0,1,0
"H",9,1,3,-6,2,1,1,0
"H",9,1,3,-7,0,0,67,0
"H",9,1,3,-8,0,0,59,0
"H",9,1,3,-9,0,0,34,0
"H",9,1,3,0,0,0,469,333
"H",9,1,3,0,0,1,2,1
"H",9,1,3,0,0,2,1,1
"H",9,1,3,0,1,0,4,4
"H",9,1,3,0,1,1,2,1
"H",9,1,3,0,1,2,1,1
"H",9,1,3,0,2,0,3,3
"H",9,1,3,0,2,1,1,0
"H",9,1,3,0,3,0,3,3
"H",9,1,4,-1,0,0,229,80
"H",9,1,4,-1,0,1,2,0
"H",9,1,4,-1,0,2,2,0
"H",9,1,4,-1,1,0,3,1
"H",9,1,4,-1,1,1,1,0
"H",9,1,4,-1,1,2,2,0
"H",9,1,4,-1,2,2,1,0
"H",9,1,4,-10,0,0,16,0
"H",9,1,4,-11,0,0,8,0
"H",9,1,4,-12,0,0,3,0
"H",9,1,4,-13,0,0,5,0
"H",9,1,4,-14,0,0,3,0
"H",9,1,4,-15,0,0,3,0
"H",9,1,4,-16,0,0,3,0
"H",9,1,4,-17,0,0,1,0
"H",9,1,4,-2,0,0,245,47
"H",9,1,4,-2,0,1,1,0
"H",9,1,4,-2,1,1,1,0
"H",9,1,4,-3,0,0,204,23
"H",9,1,4,-3,1,0,1,0
"H",9,1,4,-4,0,0,153,6
"H",9,1,4,-5,0,0,123,4
"H",9,1,4,-6,0,0,77,1
"H",9,1,4,-7,0,0,66,0
"H",9,1,4,-8,0,0,34,0
"H",9,1,4,-8,1,0,1,0
"H",9,1,4,-8,1,1,1,0
"H",9,1,4,-8,2,1,1,0
"H",9,1,4,-8,3,1,1,0
"H",9,1,4,-9,0,0,25,0
"H",9,1,4,0,0,0,304,233
"H",9,1,4,0,1,0,1,1
"H",9,1,4,0,1,1,1,1
"H",9,1,4,0,2,1,1,1
"H",9,1,4,0,3,1,1,1
"H",9,1,5,-1,0,0,136,73
"H",9,1,5,-1,0,1,1,1
"H",9,1,5,-10,0,0,9,0
"H",9,1,5,-11,0,0,7,0
"H",9,1,5,-12,0,0,4,0
"H",9,1,5,-13,0,0,3,0
"H",9,1,5,-14,0,0,3,0
"H",9,1,5,-15,0,0,2,0
"H",9,1,5,-18,0,0,1,0
"H",9,1,5,-2,0,0,85,13
"H",9,1,5,-3,0,0,79,3
"H",9,1,5,-4,0,0,64,4
"H",9,1,5,-4,0,1,1,0
"H",9,1,5,-5,0,0,62,0
"H",9,1,5,-5,1,0,1,0
"H",9,1,5,-5,2,0,1,0
"H",9,1,5,-5,3,0,1,0
"H",9,1,5,-5,3,1,1,0
"H",9,1,5,-6,0,0,45,0
"H",9,1,5,-7,0,0,42,0
"H",9,1,5,-8,0,0,32,0
"H",9,1,5,-9,0,0,16,0
"H",9,1,5,0,0,0,119,100
"H",9,1,6,-1,0,0,123,63
"H",9,1,6,-1,0,1,1,1
"H",9,1,6,-10,0,0,10,0
"H",9,1,6,-11,0,0,5,0
"H",9,1,6,-12,0,0,3,0
"H",9,1,6,-13,0,0,2,0
"H",9,1,6,-14,0,0,3,0
"H",9,1,6,-15,0,0,2,0
"H",9,1,6,-18,0,0,1,0
"H",9,1,6,-2,0,0,110,19
"H",9,1,6,-2,1,0,1,0
"H",9,1,6,-3,0,0,92,8
"H",9,1,6,-4,0,0,68,1
"H",9,1,6,-5,0,0,54,0
"H",9,1,6,-6,0,0,44,0
"H",9,1,6,-6,0,1,1,0
"H",9,1,6,-7,0,0,20,0
"H",9,1,6,-8,0,0,26,0
"H",9,1,6,-9,0,0,17,0
"H",9,1,6,0,0,0,163,144
"H",9,1,6,0,0,1,1,1
"H",9,1,6,0,1,0,2,1
"H",9,1,7,-1,0,0,115,63
"H",9,1,7,-1,0,1,1,0
"H",9,1,7,-1,0,2,1,0
"H",9,1,7,-10,0,0,5,0
"H",9,1,7,-11,0,0,5,0
"H",9,1,7,-12,0,0,2,0
"H",9,1,7,-13,0,0,4,0
"H",9,1,7,-14,0,0,1,0
"H",9,1,7,-15,0,0,1,0
"H",9,1,7,-16,0,0,1,0
"H",9,1,7,-17,0,0,1,0
"H",9,1,7,-2,0,0,105,32
"H",9,1,7,-3,0,0,53,7
"H",9,1,7,-4,0,0,48,3
"H",9,1,7,-4,0,1,1,0
"H",9,1,7,-5,0,0,33,0
"H",9,1,7,-6,0,0,24,0
"H",9,1,7,-7,0,0,27,0
"H",9,1,7,-8,0,0,14,0
"H",9,1,7,-9,0,0,15,0
"H",9,1,7,0,0,0,110,99
"H",9,1,7,0,0,1,1,1
"H",9,1,8,-1,0,0,108,57
"H",9,1,8,-1,1,0,2,2
"H",9,1,8,-1,2,0,2,2
"H",9,1,8,-1,3,0,2,2
"H",9,1,8,-1,3,1,2,2
"H",9,1,8,-1,3,2,1,1
"H",9,1,8,-10,0,0,3,0
"H",9,1,8,-11,0,0,2,0
"H",9,1,8,-12,0,0,2,0
"H",9,1,8,-13,0,0,1,0
"H",9,1,8,-15,0,0,1,0
"H",9,1,8,-16,0,0,1,0
"H",9,1,8,-2,0,0,82,25
"H",9,1,8,-2,0,1,1,0
"H",9,1,8,-2,0,2,1,0
"H",9,1,8,-2,1,2,1,0
"H",9,1,8,-2,2,2,1,0
"H",9,1,8,-2,3,2,1,0
"H",9,1,8,-3,0,0,51,14
"H",9,1,8,-4,0,0,38,3
"H",9,1,8,-4,1,0,1,0
"H",9,1,8,-4,1,1,1,0
"H",9,1,8,-4,1,2,1,0
"H",9,1,8,-5,0,0,33,2
"H",9,1,8,-6,0,0,32,1
"H",9,1,8,-7,0,0,25,0
"H",9,1,8,-8,0,0,10,0
"H",9,1,8,-9,0,0,8,0
"H",9,1,8,0,0,0,222,195
"H",9,1,8,0,0,1,3,3
"H",9,1,8,0,0,2,2,2
"H",9,1,8,0,1,0,2,2
"H",9,1,8,0,1,1,1,1
"H",9,1,8,0,1,2,1,1
"H",9,1,8,0,2,0,2,2
"H",9,1,8,0,2,2,1,1
"H",9,1,8,0,3,0,2,2
"H",9,2,1,-1,0,0,1174,34
"H",9,2,1,-1,0,1,2,0
"H",9,2,1,-1,1,0,4,1
"H",9,2,1,-1,1,1,3,1
"H",9,2,1,-1,1,2,1,0
"H",9,2,1,-1,2,0,2,0
"H",9,2,1,-1,2,1,3,1
"H",9,2,1,-1,2,2,3,1
"H",9,2,1,-1,3,0,1,0
"H",9,2,1,-1,3,2,1,0
"H",9,2,1,-10,0,0,61,0
"H",9,2,1,-11,0,0,46,0
"H",9,2,1,-12,0,0,27,0
"H",9,2,1,-13,0,0,24,0
"H",9,2,1,-14,0,0,11,0
"H",9,2,1,-15,0,0,10,0
"H",9,2,1,-16,0,0,4,0
"H",9,2,1,-17,0,0,6,0
"H",9,2,1,-18,0,0,3,0
"H",9,2,1,-2,0,0,969,12
"H",9,2,1,-2,0,1,4,0
"H",9,2,1,-2,0,2,2,0
"H",9,2,1,-2,1,0,3,0
"H",9,2,1,-2,1,1,3,0
"H",9,2,1,-2,1,2,3,0
"H",9,2,1,-2,2,0,1,0
"H",9,2,1,-2,2,1,1,0
"H",9,2,1,-20,0,0,2,0
"H",9,2,1,-23,0,0,1,0
"H",9,2,1,-3,0,0,771,3
"H",9,2,1,-3,0,1,1,0
"H",9,2,1,-3,1,0,3,0
"H",9,2,1,-3,1,1,1,0
"H",9,2,1,-3,2,0,1,0
"H",9,2,1,-3,2,1,2,0
"H",9,2,1,-4,0,0,641,1
"H",9,2,1,-4,0,1,1,0
"H",9,2,1,-4,1,0,2,0
"H",9,2,1,-4,1,1,1,0
"H",9,2,1,-5,0,0,480,0
"H",9,2,1,-6,0,0,315,0
"H",9,2,1,-6,0,1,1,0
"H",9,2,1,-7,0,0,229,0
"H",9,2,1,-7,1,0,1,0
"H",9,2,1,-7,2,0,1,0
"H",9,2,1,-8,0,0,158,0
"H",9,2,1,-9,0,0,121,0
"H",9,2,1,0,0,0,1104,636
"H",9,2,1,0,0,1,2,2
"H",9,2,1,0,1,0,3,2
"H",9,2,1,0,1,1,3,2
"H",9,2,1,0,1,2,3,2
"H",9,2,1,0,2,0,1,1
"H",9,2,1,0,2,2,2,2
"H",9,2,1,0,3,2,2,2
"H",9,2,2,-1,0,0,749,50
"H",9,2,2,-1,0,1,4,1
"H",9,2,2,-1,0,2,3,1
"H",9,2,2,-1,1,0,3,0
"H",9,2,2,-1,1,1,4,0
"H",9,2,2,-1,1,2,1,1
"H",9,2,2,-1,2,1,3,0
"H",9,2,2,-1,2,2,1,1
"H",9,2,2,-10,0,0,42,0
"H",9,2,2,-11,0,0,31,0
"H",9,2,2,-12,0,0,20,0
"H",9,2,2,-13,0,0,17,0
"H",9,2,2,-14,0,0,12,0
"H",9,2,2,-15,0,0,8,0
"H",9,2,2,-16,0,0,2,0
"H",9,2,2,-17,0,0,4,0
"H",9,2,2,-18,0,0,2,0
"H",9,2,2,-19,0,0,1,0
"H",9,2,2,-2,0,0,681,21
"H",9,2,2,-2,0,1,1,0
"H",9,2,2,-2,0,2,1,0
"H",9,2,2,-2,1,0,2,0
"H",9,2,2,-2,2,0,1,0
"H",9,2,2,-2,3,0,1,0
"H",9,2,2,-20,0,0,1,0
"H",9,2,2,-23,0,0,1,0
"H",9,2,2,-3,0,0,575,7
"H",9,2,2,-3,0,1,2,0
"H",9,2,2,-3,0,2,1,0
"H",9,2,2,-3,1,1,1,0
"H",9,2,2,-3,1,2,2,0
"H",9,2,2,-3,2,2,2,0
"H",9,2,2,-4,0,0,438,3
"H",9,2,2,-4,0,1,1,0
"H",9,2,2,-4,0,2,1,0
"H",9,2,2,-5,0,0,328,2
"H",9,2,2,-5,1,0,2,0
"H",9,2,2,-5,1,1,1,0
"H",9,2,2,-5,1,2,1,0
"H",9,2,2,-6,0,0,222,0
"H",9,2,2,-6,0,1,1,0
"H",9,2,2,-6,1,1,1,0
"H",9,2,2,-6,1,2,1,0
"H",9,2,2,-7,0,0,172,0
"H",9,2,2,-7,0,1,1,0
"H",9,2,2,-8,0,0,118,0
"H",9,2,2,-9,0,0,68,0
"H",9,2,2,0,0,0,694,413
"H",9,2,2,0,0,1,1,1
"H",9,2,2,0,1,0,1,0
"H",9,2,2,0,1,1,1,1
"H",9,2,2,0,2,1,1,1
"H",9,2,3,-1,0,0,389,49
"H",9,2,3,-1,0,1,1,0
"H",9,2,3,-1,1,0,1,0
"H",9,2,3,-1,1,1,2,0
"H",9,2,3,-1,2,1,2,0
"H",9,2,3,-1,2,2,2,0
"H",9,2,3,-1,3,2,2,0
"H",9,2,3,-10,0,0,34,0
"H",9,2,3,-11,0,0,22,0
"H",9,2,3,-12,0,0,17,0
"H",9,2,3,-13,0,0,10,0
"H",9,2,3,-14,0,0,5,0
"H",9,2,3,-15,0,0,6,0
"H",9,2,3,-16,0,0,3,0
"H",9,2,3,-17,0,0,2,0
"H",9,2,3,-2,0,0,270,8
"H",9,2,3,-2,0,1,3,0
"H",9,2,3,-2,0,2,2,0
"H",9,2,3,-2,1,2,1,0
"H",9,2,3,-2,2,2,1,0
"H",9,2,3,-22,0,0,1,0
"H",9,2,3,-23,0,0,1,0
"H",9,2,3,-3,0,0,265,2
"H",9,2,3,-4,0,0,260,2
"H",9,2,3,-4,1,0,1,0
"H",9,2,3,-4,1,1,1,0
"H",9,2,3,-4,2,1,1,0
"H",9,2,3,-5,0,0,211,1
"H",9,2,3,-5,1,0,1,0
"H",9,2,3,-5,1,1,1,0
"H",9,2,3,-5,1,2,1,0
"H",9,2,3,-6,0,0,138,0
"H",9,2,3,-7,0,0,100,0
"H",9,2,3,-7,0,1,1,0
"H",9,2,3,-8,0,0,74,0
"H",9,2,3,-9,0,0,55,0
"H",9,2,3,0,0,0,459,303
"H",9,2,3,0,1,0,3,3
"H",9,2,3,0,2,0,3,3
"H",9,2,3,0,3,0,3,3
"H",9,2,3,0,3,1,1,1
"H",9,2,3,0,3,2,1,1
"H",9,2,4,-1,0,0,288,53
"H",9,2,4,-1,0,1,1,1
"H",9,2,4,-1,1,0,1,0
"H",9,2,4,-1,1,1,1,1
"H",9,2,4,-1,2,0,1,0
"H",9,2,4,-1,3,0,1,0
"H",9,2,4,-10,0,0,14,0
"H",9,2,4,-11,0,0,11,0
"H",9,2,4,-12,0,0,4,0
"H",9,2,4,-13,0,0,10,0
"H",9,2,4,-14,0,0,5,0
"H",9,2,4,-15,0,0,4,0
"H",9,2,4,-16,0,0,4,0
"H",9,2,4,-2,0,0,289,26
"H",9,2,4,-2,0,1,1,0
"H",9,2,4,-2,0,2,1,0
"H",9,2,4,-2,1,0,1,0
"H",9,2,4,-2,2,0,1,0
"H",9,2,4,-2,3,0,1,0
"H",9,2,4,-3,0,0,235,7
"H",9,2,4,-3,0,1,3,1
"H",9,2,4,-3,1,1,2,0
"H",9,2,4,-3,2,1,1,0
"H",9,2,4,-3,3,1,1,0
"H",9,2,4,-3,3,2,1,0
"H",9,2,4,-4,0,0,182,1
"H",9,2,4,-5,0,0,117,0
"H",9,2,4,-6,0,0,95,0
"H",9,2,4,-7,0,0,71,0
"H",9,2,4,-8,0,0,37,0
"H",9,2,4,-9,0,0,19,0
"H",9,2,4,0,0,0,361,225
"H",9,2,4,0,0,1,1,1
"H",9,2,4,0,0,2,1,1
"H",9,2,4,0,1,0,2,2
"H",9,2,4,0,1,1,1,1
"H",9,2,4,0,1,2,2,2
"H",9,2,4,0,2,0,1,1
"H",9,2,4,0,2,2,2,2
"H",9,2,5,-1,0,0,180,31
"H",9,2,5,-1,0,1,1,0
"H",9,2,5,-1,0,2,1,0
"H",9,2,5,-1,1,0,1,0
"H",9,2,5,-1,1,1,1,0
"H",9,2,5,-1,2,1,1,0
"H",9,2,5,-10,0,0,15,0
"H",9,2,5,-11,0,0,8,0
"H",9,2,5,-12,0,0,5,0
"H",9,2,5,-13,0,0,4,0
"H",9,2,5,-14,0,0,7,0
"H",9,2,5,-15,0,0,2,0
"H",9,2,5,-16,0,0,1,0
"H",9,2,5,-18,0,0,2,0
"H",9,2,5,-2,0,0,145,8
"H",9,2,5,-2,1,0,1,0
"H",9,2,5,-2,2,0,1,0
"H",9,2,5,-3,0,0,140,2
"H",9,2,5,-4,0,0,143,0
"H",9,2,5,-5,0,0,111,0
"H",9,2,5,-6,0,0,81,0
"H",9,2,5,-7,0,0,52,0
"H",9,2,5,-8,0,0,46,0
"H",9,2,5,-9,0,0,26,0
"H",9,2,5,0,0,0,171,119
"H",9,2,5,0,0,1,1,0
"H",9,2,6,-1,0,0,175,34
"H",9,2,6,-1,1,0,1,0
"H",9,2,6,-1,2,0,1,0
"H",9,2,6,-10,0,0,10,0
"H",9,2,6,-11,0,0,11,0
"H",9,2,6,-12,0,0,5,0
"H",9,2,6,-13,0,0,2,0
"H",9,2,6,-14,0,0,2,0
"H",9,2,6,-15,0,0,4,0
"H",9,2,6,-18,0,0,1,0
"H",9,2,6,-2,0,0,135,14
"H",9,2,6,-2,0,1,2,1
"H",9,2,6,-2,0,2,1,1
"H",9,2,6,-2,1,1,1,0
"H",9,2,6,-2,1,2,2,1
"H",9,2,6,-2,2,2,2,1
"H",9,2,6,-2,3,2,2,1
"H",9,2,6,-3,0,0,107,6
"H",9,2,6,-3,0,1,1,0
"H",9,2,6,-3,0,2,1,0
"H",9,2,6,-4,0,0,98,2
"H",9,2,6,-5,0,0,74,1
"H",9,2,6,-5,0,1,1,0
"H",9,2,6,-6,0,0,43,0
"H",9,2,6,-7,0,0,32,0
"H",9,2,6,-8,0,0,25,0
"H",9,2,6,-9,0,0,19,0
"H",9,2,6,0,0,0,174,125
"H",9,2,6,0,1,0,1,1
"H",9,2,6,0,2,0,1,1
"H",9,2,6,0,3,0,1,1
"H",9,2,7,-1,0,0,130,31
"H",9,2,7,-1,1,0,2,0
"H",9,2,7,-1,1,1,1,0
"H",9,2,7,-1,1,2,1,0
"H",9,2,7,-1,2,0,1,0
"H",9,2,7,-1,2,2,1,0
"H",9,2,7,-1,3,2,1,0
"H",9,2,7,-10,0,0,10,0
"H",9,2,7,-11,0,0,5,0
"H",9,2,7,-12,0,0,3,0
"H",9,2,7,-13,0,0,4,0
"H",9,2,7,-14,0,0,2,0
"H",9,2,7,-15,0,0,2,0
"H",9,2,7,-2,0,0,110,13
"H",9,2,7,-2,0,1,1,0
"H",9,2,7,-2,0,2,1,0
"H",9,2,7,-3,0,0,80,5
"H",9,2,7,-3,1,0,1,0
"H",9,2,7,-3,1,1,1,0
"H",9,2,7,-3,1,2,1,0
"H",9,2,7,-4,0,0,56,0
"H",9,2,7,-5,0,0,48,1
"H",9,2,7,-5,0,1,1,0
"H",9,2,7,-5,0,2,1,0
"H",9,2,7,-5,1,2,1,0
"H",9,2,7,-6,0,0,40,0
"H",9,2,7,-7,0,0,19,0
"H",9,2,7,-8,0,0,16,0
"H",9,2,7,-9,0,0,18,0
"H",9,2,7,0,0,0,143,97
"H",9,2,7,0,0,1,3,2
"H",9,2,7,0,1,1,2,2
"H",9,2,8,-1,0,0,136,33
"H",9,2,8,-1,0,1,1,0
"H",9,2,8,-1,0,2,1,0
"H",9,2,8,-10,0,0,5,0
"H",9,2,8,-11,0,0,2,0
"H",9,2,8,-12,0,0,1,0
"H",9,2,8,-13,0,0,2,0
"H",9,2,8,-16,0,0,1,0
"H",9,2,8,-2,0,0,92,15
"H",9,2,8,-3,0,0,61,4
"H",9,2,8,-4,0,0,56,1
"H",9,2,8,-5,0,0,31,1
"H",9,2,8,-6,0,0,25,0
"H",9,2,8,-7,0,0,19,0
"H",9,2,8,-8,0,0,16,0
"H",9,2,8,-9,0,0,6,0
"H",9,2,8,0,0,0,200,132
"H",9,2,8,0,0,1,3,3
"H",9,2,8,0,0,2,1,1
"H",9,2,8,0,1,0,2,2
"H",9,2,8,0,1,1,3,3
"H",9,2,8,0,2,0,1,1
"H",9,2,8,0,2,1,2,2
"H",9,2,8,0,3,1,2,2
"H",9,2,8,0,3,2,1,1
"H",10,0,1,-1,0,0,296,59
"H",10,0,1,-1,0,1,3,2
"H",10,0,1,-1,0,2,1,1
"H",10,0,1,-1,1,0,2,0
"H",10,0,1,-1,1,1,2,1
"H",10,0,1,-1,1,2,1,1
"H",10,0,1,-1,2,0,1,0
"H",10,0,1,-1,2,1,2,0
"H",10,0,1,-1,2,2,1,1
"H",10,0,1,-1,3,1,2,0
"H",10,0,1,-1,3,2,2,0
"H",10,0,1,-2,0,0,143,18
"H",10,0,1,-2,1,0,1,1
"H",10,0,1,-2,1,1,1,1
"H",10,0,1,-2,1,2,1,1
"H",10,0,1,-3,0,0,65,2
"H",10,0,1,-4,0,0,30,1
"H",10,0,1,-5,0,0,14,0
"H",10,0,1,-6,0,0,7,0
"H",10,0,1,-7,0,0,1,0
"H",10,0,1,-8,0,0,2,0
"H",10,0,1,0,0,0,1556,1062
"H",10,0,1,0,0,1,5,5
"H",10,0,1,0,0,2,5,5
"H",10,0,1,0,1,0,7,5
"H",10,0,1,0,1,1,1,1
"H",10,0,1,0,1,2,3,3
"H",10,0,1,0,2,0,3,1
"H",10,0,1,0,2,1,2,1
"H",10,0,1,0,2,2,2,1
"H",10,0,1,0,3,0,2,1
"H",10,0,1,0,3,1,1,1
"H",10,0,1,0,3,2,2,2
"H",10,0,2,-1,0,0,77,25
"H",10,0,2,-2,0,0,37,8
"H",10,0,2,-3,0,0,15,0
"H",10,0,2,-4,0,0,10,1
"H",10,0,2,-5,0,0,4,0
"H",10,0,2,-8,0,0,2,0
"H",10,0,2,0,0,0,452,334
"H",10,0,2,0,0,1,2,2
"H",10,0,2,0,0,2,1,1
"H",10,0,3,-1,0,0,18,8
"H",10,0,3,-1,0,1,1,1
"H",10,0,3,-1,1,0,1,0
"H",10,0,3,-1,1,1,2,1
"H",10,0,3,-1,1,2,1,1
"H",10,0,3,-1,2,1,1,0
"H",10,0,3,-1,3,1,1,0
"H",10,0,3,-2,0,0,12,2
"H",10,0,3,-3,0,0,1,0
"H",10,0,3,-5,0,0,2,0
"H",10,0,3,-8,0,0,1,0
"H",10,0,3,0,0,0,99,82
"H",10,0,3,0,0,1,1,1
"H",10,0,3,0,1,0,1,1
"H",10,0,3,0,2,0,1,1
"H",10,0,3,0,2,1,1,1
"H",10,0,4,-1,0,0,16,6
"H",10,0,4,-1,0,1,1,0
"H",10,0,4,-2,0,0,7,3
"H",10,0,4,-3,0,0,2,0
"H",10,0,4,-4,0,0,1,1
"H",10,0,4,-5,0,0,1,0
"H",10,0,4,0,0,0,66,58
"H",10,0,5,-1,0,0,7,5
"H",10,0,5,-2,0,0,1,1
"H",10,0,5,-4,0,0,1,0
"H",10,0,5,-8,0,0,1,0
"H",10,0,5,0,0,0,28,26
"H",10,0,6,-1,0,0,3,1
"H",10,0,6,-2,0,0,4,1
"H",10,0,6,-3,0,0,1,0
"H",10,0,6,-8,0,0,1,0
"H",10,0,6,0,0,0,44,40
"H",10,0,6,0,1,0,2,2
"H",10,0,6,0,2,0,1,1
"H",10,0,6,0,3,0,1,1
"H",10,0,7,-1,0,0,6,5
"H",10,0,7,-2,0,0,4,3
"H",10,0,7,-3,0,0,1,0
"H",10,0,7,-4,0,0,2,0
"H",10,0,7,0,0,0,14,14
"H",10,0,8,-1,0,0,4,2
"H",10,0,8,-2,0,0,3,1
"H",10,0,8,-3,0,0,1,1
"H",10,0,8,-4,0,0,1,1
"H",10,0,8,-5,0,0,1,0
"H",10,0,8,-8,0,0,1,0
"H",10,0,8,0,0,0,48,44
"H",10,1,1,-1,0,0,199,23
"H",10,1,1,-1,1,0,1,1
"H",10,1,1,-1,2,0,1,1
"H",10,1,1,-1,3,0,1,1
"H",10,1,1,-1,3,1,1,1
"H",10,1,1,-1,3,2,1,1
"H",10,1,1,-2,0,0,93,6
"H",10,1,1,-3,0,0,52,2
"H",10,1,1,-3,1,0,1,0
"H",10,1,1,-3,2,0,1,0
"H",10,1,1,-3,2,1,1,0
"H",10,1,1,-3,3,1,1,0
"H",10,1,1,-3,3,2,1,0
"H",10,1,1,-4,0,0,20,0
"H",10,1,1,-5,0,0,8,0
"H",10,1,1,-6,0,0,7,0
"H",10,1,1,-7,0,0,1,0
"H",10,1,1,0,0,0,998,631
"H",10,1,1,0,0,1,2,1
"H",10,1,1,0,0,2,2,1
"H",10,1,1,0,1,0,3,2
"H",10,1,1,0,1,2,2,1
"H",10,1,1,0,2,2,1,0
"H",10,1,2,-1,0,0,81,18
"H",10,1,2,-1,0,1,1,1
"H",10,1,2,-1,0,2,1,1
"H",10,1,2,-1,1,0,1,0
"H",10,1,2,-1,1,1,1,0
"H",10,1,2,-1,1,2,1,1
"H",10,1,2,-1,2,1,1,0
"H",10,1,2,-1,2,2,2,1
"H",10,1,2,-2,0,0,44,5
"H",10,1,2,-3,0,0,21,2
"H",10,1,2,-4,0,0,11,0
"H",10,1,2,-5,0,0,6,0
"H",10,1,2,-6,0,0,3,0
"H",10,1,2,-7,0,0,1,0
"H",10,1,2,0,0,0,399,277
"H",10,1,2,0,0,1,1,0
"H",10,1,2,0,1,0,1,1
"H",10,1,2,0,2,0,1,1
"H",10,1,2,0,3,0,1,1
"H",10,1,2,0,3,1,1,1
"H",10,1,2,0,3,2,1,1
"H",10,1,3,-1,0,0,43,16
"H",10,1,3,-1,1,0,1,1
"H",10,1,3,-1,2,0,1,1
"H",10,1,3,-1,3,0,1,1
"H",10,1,3,-1,3,1,1,1
"H",10,1,3,-2,0,0,16,2
"H",10,1,3,-3,0,0,6,0
"H",10,1,3,-4,0,0,2,0
"H",10,1,3,-5,0,0,1,0
"H",10,1,3,-6,0,0,1,0
"H",10,1,3,-8,0,0,1,0
"H",10,1,3,0,0,0,321,238
"H",10,1,3,0,0,1,2,1
"H",10,1,3,0,1,0,1,0
"H",10,1,3,0,1,1,2,1
"H",10,1,3,0,1,2,2,1
"H",10,1,3,0,2,0,1,0
"H",10,1,3,0,3,0,1,0
"H",10,1,4,-1,0,0,29,14
"H",10,1,4,-1,0,1,1,1
"H",10,1,4,-2,0,0,10,1
"H",10,1,4,-3,0,0,9,1
"H",10,1,4,-4,0,0,3,0
"H",10,1,4,-6,0,0,1,0
"H",10,1,4,0,0,0,171,127
"H",10,1,4,0,0,1,1,0
"H",10,1,4,0,1,0,1,0
"H",10,1,4,0,1,1,1,0
"H",10,1,4,0,1,2,1,0
"H",10,1,4,0,2,0,1,0
"H",10,1,4,0,2,1,1,0
"H",10,1,4,0,3,1,1,0
"H",10,1,5,-1,0,0,13,7
"H",10,1,5,-2,0,0,6,1
"H",10,1,5,-3,0,0,3,0
"H",10,1,5,-4,0,0,1,0
"H",10,1,5,-5,0,0,1,0
"H",10,1,5,-6,0,0,1,0
"H",10,1,5,0,0,0,71,58
"H",10,1,6,-1,0,0,18,11
"H",10,1,6,-1,1,0,1,1
"H",10,1,6,-1,2,0,1,1
"H",10,1,6,-2,0,0,7,4
"H",10,1,6,-3,0,0,2,1
"H",10,1,6,-4,0,0,1,0
"H",10,1,6,-5,0,0,2,0
"H",10,1,6,-7,0,0,1,0
"H",10,1,6,-8,0,0,1,0
"H",10,1,6,0,0,0,86,70
"H",10,1,6,0,1,0,2,2
"H",10,1,6,0,1,1,1,1
"H",10,1,6,0,2,0,1,1
"H",10,1,6,0,3,0,1,1
"H",10,1,7,-1,0,0,15,9
"H",10,1,7,-1,1,0,1,0
"H",10,1,7,-1,2,0,1,0
"H",10,1,7,-1,3,0,1,0
"H",10,1,7,-2,0,0,10,4
"H",10,1,7,-3,0,0,2,0
"H",10,1,7,-5,0,0,1,0
"H",10,1,7,0,0,0,57,51
"H",10,1,7,0,1,0,1,1
"H",10,1,7,0,2,0,1,1
"H",10,1,7,0,3,0,1,1
"H",10,1,8,-1,0,0,8,6
"H",10,1,8,-1,1,0,1,0
"H",10,1,8,-1,1,1,1,0
"H",10,1,8,-1,2,1,1,0
"H",10,1,8,-2,0,0,4,0
"H",10,1,8,-3,0,0,2,1
"H",10,1,8,-3,1,0,1,1
"H",10,1,8,-3,2,0,1,1
"H",10,1,8,-3,2,1,1,1
"H",10,1,8,-3,3,1,1,1
"H",10,1,8,-5,0,0,1,0
"H",10,1,8,0,0,0,93,81
"H",10,1,8,0,0,1,1,1
"H",10,1,8,0,1,0,2,2
"H",10,1,8,0,1,1,2,2
"H",10,1,8,0,2,1,2,2
"H",10,1,8,0,3,1,1,1
"H",10,2,1,-1,0,0,147,5
"H",10,2,1,-1,0,1,1,0
"H",10,2,1,-2,0,0,64,1
"H",10,2,1,-3,0,0,35,0
"H",10,2,1,-3,0,1,1,0
"H",10,2,1,-4,0,0,13,0
"H",10,2,1,-5,0,0,6,0
"H",10,2,1,-6,0,0,4,0
"H",10,2,1,0,0,0,695,404
"H",10,2,1,0,0,1,2,1
"H",10,2,1,0,0,2,1,1
"H",10,2,1,0,1,1,1,0
"H",10,2,1,0,1,2,2,1
"H",10,2,1,0,2,2,1,0
"H",10,2,1,0,3,2,1,0
"H",10,2,2,-1,0,0,76,5
"H",10,2,2,-1,1,0,1,0
"H",10,2,2,-1,2,0,1,0
"H",10,2,2,-1,2,1,1,0
"H",10,2,2,-1,2,2,1,0
"H",10,2,2,-2,0,0,42,1
"H",10,2,2,-3,0,0,14,0
"H",10,2,2,-4,0,0,10,0
"H",10,2,2,-5,0,0,3,0
"H",10,2,2,-6,0,0,1,0
"H",10,2,2,-7,0,0,1,0
"H",10,2,2,0,0,0,341,215
"H",10,2,2,0,0,1,1,0
"H",10,2,2,0,1,0,1,1
"H",10,2,2,0,1,1,1,0
"H",10,2,3,-1,0,0,38,3
"H",10,2,3,-2,0,0,19,0
"H",10,2,3,-3,0,0,7,0
"H",10,2,3,-4,0,0,1,0
"H",10,2,3,-5,0,0,1,0
"H",10,2,3,-6,0,0,1,0
"H",10,2,3,0,0,0,238,154
"H",10,2,3,0,1,0,1,1
"H",10,2,3,0,1,1,1,1
"H",10,2,4,-1,0,0,30,4
"H",10,2,4,-2,0,0,11,0
"H",10,2,4,-3,0,0,6,0
"H",10,2,4,-4,0,0,2,0
"H",10,2,4,-5,0,0,1,0
"H",10,2,4,-6,0,0,1,0
"H",10,2,4,0,0,0,170,111
"H",10,2,4,0,0,1,2,0
"H",10,2,4,0,0,2,1,0
"H",10,2,4,0,1,1,1,0
"H",10,2,4,0,1,2,1,0
"H",10,2,5,-1,0,0,18,3
"H",10,2,5,-2,0,0,8,0
"H",10,2,5,-3,0,0,4,0
"H",10,2,5,-4,0,0,2,0
"H",10,2,5,-5,0,0,1,0
"H",10,2,5,-6,0,0,2,0
"H",10,2,5,0,0,0,92,65
"H",10,2,5,0,0,1,1,1
"H",10,2,5,0,0,2,1,1
"H",10,2,6,-1,0,0,17,5
"H",10,2,6,-2,0,0,7,0
"H",10,2,6,-3,0,0,2,0
"H",10,2,6,-4,0,0,3,0
"H",10,2,6,-5,0,0,1,0
"H",10,2,6,-8,0,0,1,0
"H",10,2,6,0,0,0,81,58
"H",10,2,7,-1,0,0,10,1
"H",10,2,7,-2,0,0,8,1
"H",10,2,7,-8,0,0,1,0
"H",10,2,7,0,0,0,70,49
"H",10,2,7,0,0,1,2,2
"H",10,2,7,0,1,1,1,1
"H",10,2,7,0,2,1,1,1
"H",10,2,7,0,3,1,1,1
"H",10,2,8,-1,0,0,11,2
"H",10,2,8,-2,0,0,3,0
"H",10,2,8,-3,0,0,1,0
"H",10,2,8,-4,0,0,2,0
"H",10,2,8,-5,0,0,2,0
"H",10,2,8,0,0,0,74,52
"H",10,2,8,0,1,0,1,1
"H",10,2,8,0,2,0,1,1
"H",10,2,8,0,3,0,1,1
"H",11,0,1,-1,0,0,138,23
"H",11,0,1,-2,0,0,72,3
"H",11,0,1,-2,1,0,1,0
"H",11,0,1,-2,2,0,1,0
"H",11,0,1,-2,2,1,1,0
"H",11,0,1,-2,2,2,1,0
"H",11,0,1,-3,0,0,30,2
"H",11,0,1,-4,0,0,15,0
"H",11,0,1,-5,0,0,2,0
"H",11,0,1,-6,0,0,2,0
"H",11,0,1,-7,0,0,1,0
"H",11,0,1,0,0,0,898,611
"H",11,0,1,0,0,1,3,2
"H",11,0,1,0,0,2,2,1
"H",11,0,1,0,1,0,1,1
"H",11,0,1,0,1,2,1,0
"H",11,0,2,-1,0,0,29,8
"H",11,0,2,-2,0,0,17,1
"H",11,0,2,-3,0,0,6,1
"H",11,0,2,-4,0,0,4,0
"H",11,0,2,-6,0,0,1,0
"H",11,0,2,-7,0,0,1,0
"H",11,0,2,0,0,0,268,199
"H",11,0,3,-1,0,0,13,9
"H",11,0,3,-2,0,0,3,0
"H",11,0,3,-2,0,1,1,0
"H",11,0,3,-2,1,1,1,0
"H",11,0,3,-2,1,2,1,0
"H",11,0,3,-3,0,0,5,1
"H",11,0,3,-4,0,0,2,0
"H",11,0,3,0,0,0,51,42
"H",11,0,4,-1,0,0,4,1
"H",11,0,4,-2,0,0,6,0
"H",11,0,4,-3,0,0,2,1
"H",11,0,4,-4,0,0,1,0
"H",11,0,4,-7,0,0,1,0
"H",11,0,4,0,0,0,48,41
"H",11,0,5,-1,0,0,2,2
"H",11,0,5,-2,0,0,2,1
"H",11,0,5,-3,0,0,1,0
"H",11,0,5,0,0,0,13,10
"H",11,0,6,-1,0,0,4,4
"H",11,0,6,-3,0,0,2,1
"H",11,0,6,-4,0,0,1,0
"H",11,0,6,-5,0,0,1,0
"H",11,0,6,0,0,0,24,21
"H",11,0,7,-1,0,0,1,1
"H",11,0,7,-2,0,0,2,1
"H",11,0,7,-5,0,0,1,0
"H",11,0,7,-6,0,0,1,0
"H",11,0,7,0,0,0,8,8
"H",11,0,8,-1,0,0,2,1
"H",11,0,8,0,0,0,24,22
"H",11,1,1,-1,0,0,99,7
"H",11,1,1,-2,0,0,51,1
"H",11,1,1,-3,0,0,19,0
"H",11,1,1,-4,0,0,9,0
"H",11,1,1,-5,0,0,2,0
"H",11,1,1,-6,0,0,1,0
"H",11,1,1,0,0,0,579,364
"H",11,1,1,0,0,1,2,1
"H",11,1,1,0,0,2,1,0
"H",11,1,1,0,1,0,1,0
"H",11,1,1,0,1,2,1,0
"H",11,1,1,0,2,0,1,0
"H",11,1,1,0,2,2,1,0
"H",11,1,2,-1,0,0,40,7
"H",11,1,2,-2,0,0,24,0
"H",11,1,2,-3,0,0,8,0
"H",11,1,2,-4,0,0,6,0
"H",11,1,2,-6,0,0,1,0
"H",11,1,2,0,0,0,231,160
"H",11,1,3,-1,0,0,21,7
"H",11,1,3,-2,0,0,6,0
"H",11,1,3,-2,0,1,1,0
"H",11,1,3,-2,1,1,1,0
"H",11,1,3,-2,2,1,1,0
"H",11,1,3,-2,2,2,1,0
"H",11,1,3,-3,0,0,3,0
"H",11,1,3,-4,0,0,3,0
"H",11,1,3,0,0,0,159,123
"H",11,1,4,-1,0,0,5,1
"H",11,1,4,-2,0,0,13,0
"H",11,1,4,-3,0,0,3,0
"H",11,1,4,-4,0,0,2,0
"H",11,1,4,-6,0,0,1,0
"H",11,1,4,-7,0,0,1,0
"H",11,1,4,0,0,0,74,51
"H",11,1,5,-1,0,0,6,4
"H",11,1,5,-2,0,0,2,1
"H",11,1,5,-3,0,0,3,0
"H",11,1,5,-4,0,0,2,0
"H",11,1,5,0,0,0,41,33
"H",11,1,6,-1,0,0,8,3
"H",11,1,6,-2,0,0,2,0
"H",11,1,6,-4,0,0,1,0
"H",11,1,6,-5,0,0,1,0
"H",11,1,6,0,0,0,53,45
"H",11,1,7,-1,0,0,3,1
"H",11,1,7,-2,0,0,1,0
"H",11,1,7,-5,0,0,1,0
"H",11,1,7,0,0,0,31,25
"H",11,1,8,-1,0,0,3,1
"H",11,1,8,-2,0,0,2,0
"H",11,1,8,0,0,0,55,44
"H",11,1,8,0,0,1,2,2
"H",11,1,8,0,0,2,1,1
"H",11,2,1,-1,0,0,70,2
"H",11,2,1,-2,0,0,37,1
"H",11,2,1,-3,0,0,14,0
"H",11,2,1,-4,0,0,5,0
"H",11,2,1,-5,0,0,2,0
"H",11,2,1,0,0,0,412,236
"H",11,2,1,0,0,1,2,2
"H",11,2,1,0,1,0,1,1
"H",11,2,1,0,1,1,2,2
"H",11,2,1,0,1,2,1,1
"H",11,2,1,0,2,0,1,1
"H",11,2,1,0,3,0,1,1
"H",11,2,1,0,3,1,1,1
"H",11,2,2,-1,0,0,43,2
"H",11,2,2,-2,0,0,20,1
"H",11,2,2,-3,0,0,10,0
"H",11,2,2,-4,0,0,5,0
"H",11,2,2,-5,0,0,2,0
"H",11,2,2,0,0,0,206,134
"H",11,2,3,-1,0,0,14,1
"H",11,2,3,-2,0,0,6,0
"H",11,2,3,-3,0,0,8,0
"H",11,2,3,-4,0,0,6,0
"H",11,2,3,0,0,0,129,78
"H",11,2,3,0,1,0,1,1
"H",11,2,3,0,2,0,1,1
"H",11,2,3,0,3,0,1,1
"H",11,2,4,-1,0,0,12,0
"H",11,2,4,-2,0,0,7,0
"H",11,2,4,-3,0,0,2,0
"H",11,2,4,-4,0,0,2,0
"H",11,2,4,-7,0,0,1,0
"H",11,2,4,0,0,0,90,57
"H",11,2,5,-1,0,0,13,4
"H",11,2,5,-2,0,0,3,0
"H",11,2,5,-2,1,0,1,0
"H",11,2,5,-3,0,0,1,0
"H",11,2,5,-4,0,0,3,0
"H",11,2,5,0,0,0,47,35
"H",11,2,6,-1,0,0,6,3
"H",11,2,6,-2,0,0,4,0
"H",11,2,6,-3,0,0,2,0
"H",11,2,6,-4,0,0,1,0
"H",11,2,6,0,0,0,37,29
"H",11,2,7,-1,0,0,4,1
"H",11,2,7,-2,0,0,1,0
"H",11,2,7,-3,0,0,1,0
"H",11,2,7,-4,0,0,1,0
"H",11,2,7,0,0,0,41,28
"H",11,2,8,-1,0,0,2,1
"H",11,2,8,-2,0,0,2,0
"H",11,2,8,-4,0,0,1,0
"H",11,2,8,0,0,0,42,27
"H",12,0,1,-1,0,0,72,19
"H",12,0,1,-11,0,0,1,0
"H",12,0,1,-2,0,0,43,4
"H",12,0,1,-3,0,0,22,0
"H",12,0,1,-4,0,0,9,0
"H",12,0,1,-5,0,0,4,0
"H",12,0,1,-6,0,0,1,1
"H",12,0,1,-7,0,0,1,1
"H",12,0,1,-8,0,0,1,0
"H",12,0,1,-9,0,0,1,0
"H",12,0,1,0,0,0,512,343
"H",12,0,1,0,0,1,1,1
"H",12,0,1,0,1,0,1,1
"H",12,0,1,0,1,1,1,1
"H",12,0,1,0,1,2,1,1
"H",12,0,2,-1,0,0,11,4
"H",12,0,2,-11,0,0,1,0
"H",12,0,2,-2,0,0,11,2
"H",12,0,2,-3,0,0,6,0
"H",12,0,2,-4,0,0,4,0
"H",12,0,2,-5,0,0,1,0
"H",12,0,2,-8,0,0,1,0
"H",12,0,2,0,0,0,145,109
"H",12,0,3,-1,0,0,7,3
"H",12,0,3,-11,0,0,1,0
"H",12,0,3,-2,0,0,3,0
"H",12,0,3,-2,0,1,1,0
"H",12,0,3,-2,0,2,1,0
"H",12,0,3,-2,1,2,1,0
"H",12,0,3,-8,0,0,1,0
"H",12,0,3,0,0,0,29,27
"H",12,0,3,0,1,0,1,1
"H",12,0,3,0,2,0,1,1
"H",12,0,3,0,3,0,1,1
"H",12,0,4,-1,0,0,8,3
"H",12,0,4,-2,0,0,4,1
"H",12,0,4,-3,0,0,1,0
"H",12,0,4,-4,0,0,1,0
"H",12,0,4,0,0,0,21,17
"H",12,0,5,-2,0,0,1,1
"H",12,0,5,-3,0,0,2,0
"H",12,0,5,-4,0,0,2,0
"H",12,0,5,0,0,0,10,9
"H",12,0,6,-1,0,0,1,0
"H",12,0,6,-2,0,0,1,0
"H",12,0,6,-3,0,0,1,0
"H",12,0,6,-5,0,0,1,0
"H",12,0,6,0,0,0,14,13
"H",12,0,7,-1,0,0,1,1
"H",12,0,7,0,0,0,6,6
"H",12,0,8,-1,0,0,3,2
"H",12,0,8,-3,0,0,1,0
"H",12,0,8,0,0,0,11,11
"H",12,1,1,-1,0,0,56,13
"H",12,1,1,-2,0,0,31,1
"H",12,1,1,-3,0,0,15,0
"H",12,1,1,-4,0,0,3,0
"H",12,1,1,-5,0,0,3,0
"H",12,1,1,-6,0,0,1,1
"H",12,1,1,-9,0,0,1,0
"H",12,1,1,0,0,0,331,199
"H",12,1,1,0,0,1,1,1
"H",12,1,1,0,0,2,1,1
"H",12,1,1,0,1,0,1,1
"H",12,1,1,0,1,2,1,1
"H",12,1,1,0,2,0,1,1
"H",12,1,1,0,3,0,1,1
"H",12,1,2,-1,0,0,20,8
"H",12,1,2,-1,1,0,1,0
"H",12,1,2,-1,1,1,1,0
"H",12,1,2,-2,0,0,17,2
"H",12,1,2,-3,0,0,7,0
"H",12,1,2,-4,0,0,3,0
"H",12,1,2,-6,0,0,1,1
"H",12,1,2,-7,0,0,1,0
"H",12,1,2,0,0,0,129,82
"H",12,1,2,0,0,1,1,1
"H",12,1,2,0,1,1,1,1
"H",12,1,2,0,1,2,1,1
"H",12,1,2,0,2,2,1,1
"H",12,1,3,-1,0,0,5,3
"H",12,1,3,-11,0,0,1,0
"H",12,1,3,-2,0,0,4,0
"H",12,1,3,-4,0,0,1,0
"H",12,1,3,0,0,0,84,66
"H",12,1,4,-1,0,0,11,6
"H",12,1,4,-2,0,0,6,1
"H",12,1,4,-3,0,0,4,0
"H",12,1,4,-4,0,0,1,0
"H",12,1,4,-6,0,0,1,1
"H",12,1,4,0,0,0,45,33
"H",12,1,4,0,0,1,1,1
"H",12,1,5,-1,0,0,5,3
"H",12,1,5,-3,0,0,1,0
"H",12,1,5,-4,0,0,1,0
"H",12,1,5,-8,0,0,1,0
"H",12,1,5,0,0,0,32,30
"H",12,1,6,-1,0,0,3,1
"H",12,1,6,-2,0,0,2,0
"H",12,1,6,-7,0,0,1,0
"H",12,1,6,0,0,0,32,29
"H",12,1,6,0,1,0,1,1
"H",12,1,7,-1,0,0,4,1
"H",12,1,7,-2,0,0,2,2
"H",12,1,7,0,0,0,12,11
"H",12,1,8,-1,0,0,4,3
"H",12,1,8,-2,0,0,2,1
"H",12,1,8,-3,0,0,3,1
"H",12,1,8,-4,0,0,1,1
"H",12,1,8,-5,0,0,1,1
"H",12,1,8,-6,0,0,1,1
"H",12,1,8,-7,0,0,1,0
"H",12,1,8,0,0,0,28,26
"H",12,2,1,-1,0,0,36,1
"H",12,2,1,-2,0,0,18,0
"H",12,2,1,-3,0,0,11,0
"H",12,2,1,-4,0,0,4,0
"H",12,2,1,-5,0,0,3,0
"H",12,2,1,-9,0,0,1,0
"H",12,2,1,0,0,0,245,139
"H",12,2,1,0,0,1,1,1
"H",12,2,1,0,1,1,1,1
"H",12,2,1,0,2,1,1,1
"H",12,2,1,0,3,1,1,1
"H",12,2,1,0,3,2,1,1
"H",12,2,2,-1,0,0,18,2
"H",12,2,2,-2,0,0,14,0
"H",12,2,2,-3,0,0,4,0
"H",12,2,2,-4,0,0,3,0
"H",12,2,2,-5,0,0,1,0
"H",12,2,2,0,0,0,118,76
"H",12,2,2,0,1,0,1,1
"H",12,2,3,-1,0,0,5,2
"H",12,2,3,-2,0,0,5,0
"H",12,2,3,-3,0,0,2,0
"H",12,2,3,-4,0,0,1,0
"H",12,2,3,-5,0,0,1,0
"H",12,2,3,0,0,0,65,43
"H",12,2,4,-1,0,0,9,3
"H",12,2,4,-2,0,0,8,0
"H",12,2,4,-4,0,0,1,0
"H",12,2,4,-5,0,0,1,0
"H",12,2,4,0,0,0,43,27
"H",12,2,5,-1,0,0,5,2
"H",12,2,5,-11,0,0,1,0
"H",12,2,5,-3,0,0,1,0
"H",12,2,5,-4,0,0,1,0
"H",12,2,5,0,0,0,24,19
"H",12,2,6,-1,0,0,3,0
"H",12,2,6,-3,0,0,2,0
"H",12,2,6,0,0,0,24,14
"H",12,2,7,-1,0,0,5,2
"H",12,2,7,-2,0,0,1,0
"H",12,2,7,-3,0,0,3,0
"H",12,2,7,0,0,0,19,16
"H",12,2,8,-1,0,0,3,1
"H",12,2,8,-2,0,0,3,0
"H",12,2,8,-3,0,0,1,0
"H",12,2,8,-7,0,0,1,0
"H",12,2,8,0,0,0,20,12
"H",13,0,1,-1,0,0,49,11
"H",13,0,1,-10,0,0,1,0
"H",13,0,1,-2,0,0,32,4
"H",13,0,1,-3,0,0,17,0
"H",13,0,1,-4,0,0,3,0
"H",13,0,1,-5,0,0,2,0
"H",13,0,1,-6,0,0,1,0
"H",13,0,1,-7,0,0,1,0
"H",13,0,1,0,0,0,267,182
"H",13,0,1,0,1,0,1,0
"H",13,0,1,0,2,0,1,0
"H",13,0,1,0,3,0,1,0
"H",13,0,2,-1,0,0,9,4
"H",13,0,2,-2,0,0,9,3
"H",13,0,2,-3,0,0,8,0
"H",13,0,2,-5,0,0,1,0
"H",13,0,2,0,0,0,81,59
"H",13,0,2,0,0,1,1,1
"H",13,0,2,0,0,2,1,1
"H",13,0,3,-1,0,0,3,1
"H",13,0,3,-2,0,0,1,0
"H",13,0,3,-3,0,0,1,0
"H",13,0,3,0,0,0,14,13
"H",13,0,4,-2,0,0,5,2
"H",13,0,4,-3,0,0,2,0
"H",13,0,4,0,0,0,9,8
"H",13,0,5,-1,0,0,2,1
"H",13,0,5,0,0,0,3,3
"H",13,0,6,-1,0,0,1,1
"H",13,0,6,-2,0,0,1,0
"H",13,0,6,-3,0,0,1,0
"H",13,0,6,0,0,0,7,7
"H",13,0,7,-2,0,0,1,0
"H",13,0,7,0,0,0,3,3
"H",13,0,8,0,0,0,7,7
"H",13,1,1,-1,0,0,38,5
"H",13,1,1,-10,0,0,1,0
"H",13,1,1,-2,0,0,23,1
"H",13,1,1,-3,0,0,9,0
"H",13,1,1,-4,0,0,3,0
"H",13,1,1,-5,0,0,1,0
"H",13,1,1,-6,0,0,1,0
"H",13,1,1,-7,0,0,1,0
"H",13,1,1,0,0,0,168,106
"H",13,1,1,0,1,0,2,2
"H",13,1,1,0,1,1,1,1
"H",13,1,1,0,1,2,1,1
"H",13,1,1,0,2,0,1,1
"H",13,1,2,-1,0,0,10,4
"H",13,1,2,-2,0,0,6,1
"H",13,1,2,-3,0,0,5,0
"H",13,1,2,-4,0,0,2,0
"H",13,1,2,-5,0,0,1,0
"H",13,1,2,0,0,0,75,47
"H",13,1,3,-1,0,0,5,2
"H",13,1,3,-3,0,0,1,0
"H",13,1,3,-5,0,0,1,0
"H",13,1,3,0,0,0,56,42
"H",13,1,4,-1,0,0,4,3
"H",13,1,4,-2,0,0,4,1
"H",13,1,4,-3,0,0,2,0
"H",13,1,4,-5,0,0,1,0
"H",13,1,4,0,0,0,33,26
"H",13,1,5,-1,0,0,7,4
"H",13,1,5,-2,0,0,1,0
"H",13,1,5,0,0,0,15,14
"H",13,1,6,-1,0,0,4,2
"H",13,1,6,-3,0,0,1,0
"H",13,1,6,-5,0,0,1,0
"H",13,1,6,0,0,0,18,17
"H",13,1,7,-2,0,0,3,0
"H",13,1,7,-5,0,0,1,0
"H",13,1,7,0,0,0,4,4
"H",13,1,8,-1,0,0,3,3
"H",13,1,8,-5,0,0,1,0
"H",13,1,8,0,0,0,17,16
"H",13,2,1,-1,0,0,30,0
"H",13,2,1,-10,0,0,1,0
"H",13,2,1,-2,0,0,17,0
"H",13,2,1,-3,0,0,8,0
"H",13,2,1,-4,0,0,2,0
"H",13,2,1,-6,0,0,1,0
"H",13,2,1,-7,0,0,1,0
"H",13,2,1,0,0,0,116,67
"H",13,2,1,0,0,1,1,1
"H",13,2,2,-1,0,0,14,1
"H",13,2,2,-10,0,0,1,0
"H",13,2,2,-2,0,0,7,0
"H",13,2,2,-3,0,0,6,0
"H",13,2,2,-6,0,0,1,0
"H",13,2,2,0,0,0,73,44
"H",13,2,3,-1,0,0,4,0
"H",13,2,3,-10,0,0,1,0
"H",13,2,3,-2,0,0,1,0
"H",13,2,3,-3,0,0,5,0
"H",13,2,3,-4,0,0,1,0
"H",13,2,3,0,0,0,44,29
"H",13,2,4,-1,0,0,4,1
"H",13,2,4,-2,0,0,2,0
"H",13,2,4,-3,0,0,2,0
"H",13,2,4,0,0,0,42,30
"H",13,2,5,-1,0,0,7,1
"H",13,2,5,-10,0,0,1,0
"H",13,2,5,-2,0,0,1,0
"H",13,2,5,-3,0,0,3,0
"H",13,2,5,0,0,0,11,7
"H",13,2,6,-1,0,0,2,0
"H",13,2,6,-2,0,0,2,0
"H",13,2,6,-3,0,0,2,0
"H",13,2,6,-4,0,0,1,0
"H",13,2,6,0,0,0,14,5
"H",13,2,7,-1,0,0,1,0
"H",13,2,7,-2,0,0,1,0
"H",13,2,7,0,0,0,15,8
"H",13,2,8,-1,0,0,2,2
"H",13,2,8,-2,0,0,1,0
"H",13,2,8,-3,0,0,1,0
"H",13,2,8,-5,0,0,1,0
"H",13,2,8,0,0,0,18,12
"H",13,2,8,0,1,0,1,1
"H",13,2,8,0,2,0,1,1
"H",13,2,8,0,3,0,1,1
"H",13,2,8,0,3,1,1,1
"H",13,2,8,0,3,2,1,1
"H",14,0,1,-1,0,0,22,5
"H",14,0,1,-2,0,0,12,1
"H",14,0,1,-2,1,0,1,0
"H",14,0,1,-3,0,0,6,0
"H",14,0,1,-4,0,0,1,0
"H",14,0,1,-5,0,0,1,0
"H",14,0,1,-8,0,0,1,0
"H",14,0,1,0,0,0,151,103
"H",14,0,1,0,1,0,1,1
"H",14,0,1,0,2,0,1,1
"H",14,0,1,0,3,0,1,1
"H",14,0,1,0,3,1,1,1
"H",14,0,2,-1,0,0,3,0
"H",14,0,2,-2,0,0,4,0
"H",14,0,2,-3,0,0,1,0
"H",14,0,2,-8,0,0,1,0
"H",14,0,2,0,0,0,42,30
"H",14,0,3,-1,0,0,2,2
"H",14,0,3,-2,0,0,1,1
"H",14,0,3,-6,0,0,1,0
"H",14,0,3,0,0,0,6,6
"H",14,0,4,-2,0,0,1,0
"H",14,0,4,-8,0,0,1,0
"H",14,0,4,0,0,0,6,4
"H",14,0,5,-1,0,0,1,0
"H",14,0,5,0,0,0,3,3
"H",14,0,6,-1,0,0,1,1
"H",14,0,6,-2,0,0,1,0
"H",14,0,6,0,0,0,5,5
"H",14,0,7,0,0,0,1,1
"H",14,0,8,-2,0,0,1,0
"H",14,0,8,0,0,0,3,2
"H",14,1,1,-1,0,0,16,3
"H",14,1,1,-2,0,0,7,0
"H",14,1,1,-3,0,0,5,0
"H",14,1,1,-4,0,0,1,0
"H",14,1,1,-5,0,0,1,0
"H",14,1,1,0,0,0,99,63
"H",14,1,2,-1,0,0,8,2
"H",14,1,2,-2,0,0,3,0
"H",14,1,2,-3,0,0,1,0
"H",14,1,2,-4,0,0,1,0
"H",14,1,2,0,0,0,41,29
"H",14,1,3,-1,0,0,3,0
"H",14,1,3,-3,0,0,1,0
"H",14,1,3,-6,0,0,1,0
"H",14,1,3,0,0,0,25,19
"H",14,1,3,0,1,0,1,1
"H",14,1,3,0,1,1,1,1
"H",14,1,4,-1,0,0,1,1
"H",14,1,4,0,0,0,16,14
"H",14,1,5,-1,0,0,5,2
"H",14,1,5,0,0,0,8,8
"H",14,1,6,-1,0,0,3,2
"H",14,1,6,-1,0,1,1,1
"H",14,1,6,-1,0,2,1,1
"H",14,1,6,-1,1,2,1,1
"H",14,1,6,0,0,0,4,4
"H",14,1,7,0,0,0,5,4
"H",14,1,8,-2,0,0,1,0
"H",14,1,8,0,0,0,7,5
"H",14,2,1,-1,0,0,8,0
"H",14,2,1,-2,0,0,6,0
"H",14,2,1,-3,0,0,4,0
"H",14,2,1,-5,0,0,1,0
"H",14,2,1,0,0,0,70,41
"H",14,2,2,-1,0,0,6,0
"H",14,2,2,-2,0,0,4,0
"H",14,2,2,-3,0,0,3,0
"H",14,2,2,-5,0,0,1,0
"H",14,2,2,0,0,0,28,13
"H",14,2,3,-1,0,0,2,0
"H",14,2,3,-3,0,0,1,0
"H",14,2,3,-4,0,0,1,0
"H",14,2,3,-6,0,0,1,0
"H",14,2,3,0,0,0,20,12
"H",14,2,4,-1,0,0,3,1
"H",14,2,4,-2,0,0,1,0
"H",14,2,4,0,0,0,15,12
"H",14,2,5,-1,0,0,2,0
"H",14,2,5,0,0,0,7,4
"H",14,2,6,-1,0,0,2,1
"H",14,2,6,0,0,0,5,4
"H",14,2,7,-2,0,0,1,0
"H",14,2,7,0,0,0,6,4
"H",14,2,8,0,0,0,4,3
"H",15,0,1,-1,0,0,10,1
"H",15,0,1,-2,0,0,9,1
"H",15,0,1,-3,0,0,2,0
"H",15,0,1,-4,0,0,3,0
"H",15,0,1,-5,0,0,1,0
"H",15,0,1,-7,0,0,1,0
"H",15,0,1,0,0,0,82,57
"H",15,0,1,0,1,0,1,1
"H",15,0,2,-1,0,0,2,0
"H",15,0,2,-2,0,0,4,0
"H",15,0,2,-3,0,0,2,0
"H",15,0,2,0,0,0,22,18
"H",15,0,3,-2,0,0,1,0
"H",15,0,3,0,0,0,1,1
"H",15,0,4,-3,0,0,1,0
"H",15,0,4,0,0,0,3,2
"H",15,0,5,-2,0,0,1,1
"H",15,0,5,0,0,0,3,3
"H",15,0,6,-2,0,0,1,1
"H",15,0,6,0,0,0,1,1
"H",15,0,7,-2,0,0,1,1
"H",15,0,7,0,0,0,2,2
"H",15,0,8,0,0,0,2,2
"H",15,1,1,-1,0,0,8,1
"H",15,1,1,-2,0,0,3,0
"H",15,1,1,-4,0,0,3,0
"H",15,1,1,-5,0,0,1,0
"H",15,1,1,-7,0,0,1,0
"H",15,1,1,0,0,0,56,35
"H",15,1,2,-1,0,0,4,1
"H",15,1,2,-2,0,0,3,0
"H",15,1,2,-3,0,0,1,0
"H",15,1,2,0,0,0,28,21
"H",15,1,3,-1,0,0,1,0
"H",15,1,3,-2,0,0,1,0
"H",15,1,3,0,0,0,17,15
"H",15,1,4,-1,0,0,2,1
"H",15,1,4,-2,0,0,1,0
"H",15,1,4,-3,0,0,1,0
"H",15,1,4,0,0,0,9,9
"H",15,1,5,0,0,0,4,3
"H",15,1,6,0,0,0,7,5
"H",15,1,7,0,0,0,4,4
"H",15,1,8,0,0,0,5,4
"H",15,2,1,-1,0,0,6,0
"H",15,2,1,-2,0,0,4,0
"H",15,2,1,-4,0,0,3,0
"H",15,2,1,-5,0,0,1,0
"H",15,2,1,-7,0,0,1,0
"H",15,2,1,0,0,0,31,15
"H",15,2,2,-1,0,0,4,0
"H",15,2,2,-2,0,0,3,0
"H",15,2,2,-3,0,0,1,0
"H",15,2,2,-4,0,0,1,0
"H",15,2,2,0,0,0,14,7
"H",15,2,3,-1,0,0,1,0
"H",15,2,3,-2,0,0,1,0
"H",15,2,3,-4,0,0,1,0
"H",15,2,3,0,0,0,16,12
"H",15,2,4,-1,0,0,2,1
"H",15,2,4,-3,0,0,2,0
"H",15,2,4,-4,0,0,1,0
"H",15,2,4,0,0,0,7,5
"H",15,2,5,-2,0,0,1,0
"H",15,2,5,0,0,0,8,5
"H",15,2,6,-2,0,0,1,0
"H",15,2,6,0,0,0,5,3
"H",15,2,7,0,0,0,4,4
"H",15,2,8,-3,0,0,1,0
"H",15,2,8,0,0,0,5,5
"H",16,0,1,-1,0,0,8,1
"H",16,0,1,-3,0,0,1,0
"H",16,0,1,-4,0,0,1,0
"H",16,0,1,-8,0,0,1,0
"H",16,0,1,0,0,0,50,33
"H",16,0,2,-1,0,0,4,1
"H",16,0,2,-3,0,0,1,0
"H",16,0,2,-4,0,0,1,0
"H",16,0,2,0,0,0,16,10
"H",16,0,3,-4,0,0,1,0
"H",16,0,3,0,0,0,4,4
"H",16,0,4,-1,0,0,1,0
"H",16,0,4,0,0,0,5,4
"H",16,0,5,0,0,0,1,1
"H",16,0,6,0,0,0,1,1
"H",16,0,8,-1,0,0,1,0
"H",16,0,8,0,0,0,1,1
"H",16,1,1,-1,0,0,4,0
"H",16,1,1,-8,0,0,1,0
"H",16,1,1,0,0,0,30,19
"H",16,1,2,-1,0,0,1,1
"H",16,1,2,-3,0,0,2,0
"H",16,1,2,-8,0,0,1,0
"H",16,1,2,0,0,0,7,5
"H",16,1,3,-1,0,0,2,0
"H",16,1,3,-4,0,0,1,0
"H",16,1,3,0,0,0,9,6
"H",16,1,4,0,0,0,7,4
"H",16,1,5,0,0,0,3,2
"H",16,1,6,0,0,0,4,3
"H",16,1,7,0,0,0,2,2
"H",16,2,1,-1,0,0,4,0
"H",16,2,1,0,0,0,25,15
"H",16,2,2,-3,0,0,1,0
"H",16,2,2,-8,0,0,1,0
"H",16,2,2,0,0,0,8,6
"H",16,2,3,-1,0,0,2,1
"H",16,2,3,-3,0,0,2,0
"H",16,2,3,0,0,0,6,4
"H",16,2,4,-3,0,0,1,0
"H",16,2,4,0,0,0,7,3
"H",16,2,5,-1,0,0,2,0
"H",16,2,5,0,0,0,4,3
"H",16,2,6,-1,0,0,1,0
"H",16,2,6,0,0,0,1,1
"H",16,2,7,-1,0,0,1,0
"H",16,2,7,0,0,0,4,3
"H",16,2,8,0,0,0,2,1
"H",17,0,1,-1,0,0,1,1
"H",17,0,1,-2,0,0,3,0
"H",17,0,1,-3,0,0,1,1
"H",17,0,1,-7,0,0,1,0
"H",17,0,1,0,0,0,28,14
"H",17,0,2,-1,0,0,1,1
"H",17,0,2,-2,0,0,1,1
"H",17,0,2,0,0,0,5,2
"H",17,0,3,-3,0,0,1,1
"H",17,0,3,0,0,0,3,3
"H",17,0,4,0,0,0,2,1
"H",17,0,7,-2,0,0,1,1
"H",17,0,8,0,0,0,1,1
"H",17,1,1,-2,0,0,3,0
"H",17,1,1,-7,0,0,1,0
"H",17,1,1,0,0,0,19,8
"H",17,1,2,0,0,0,10,5
"H",17,1,3,-1,0,0,1,1
"H",17,1,3,-7,0,0,1,0
"H",17,1,3,0,0,0,6,4
"H",17,1,4,0,0,0,3,2
"H",17,1,5,-1,0,0,1,1
"H",17,1,5,0,0,0,1,1
"H",17,1,6,-7,0,0,1,0
"H",17,1,6,0,0,0,2,2
"H",17,1,8,0,0,0,2,2
"H",17,2,1,-2,0,0,3,0
"H",17,2,1,0,0,0,10,3
"H",17,2,2,-2,0,0,1,0
"H",17,2,2,0,0,0,4,2
"H",17,2,3,-2,0,0,1,0
"H",17,2,3,0,0,0,5,1
"H",17,2,4,-2,0,0,1,0
"H",17,2,4,0,0,0,4,1
"H",17,2,5,-1,0,0,1,1
"H",17,2,5,0,0,0,3,2
"H",17,2,6,0,0,0,2,2
"H",17,2,7,0,0,0,1,1
"H",17,2,8,0,0,0,1,1
"H",18,0,1,-1,0,0,2,0
"H",18,0,1,-2,0,0,2,0
"H",18,0,1,-5,0,0,1,0
"H",18,0,1,0,0,0,17,8
"H",18,0,2,-1,0,0,1,0
"H",18,0,2,-2,0,0,2,0
"H",18,0,2,0,0,0,1,1
"H",18,0,4,-2,0,0,1,0
"H",18,1,1,-1,0,0,1,0
"H",18,1,1,-5,0,0,1,0
"H",18,1,1,0,0,0,16,7
"H",18,1,2,-1,0,0,1,0
"H",18,1,2,-2,0,0,1,0
"H",18,1,2,0,0,0,5,3
"H",18,1,3,-5,0,0,1,0
"H",18,1,3,0,0,0,2,2
"H",18,1,6,-5,0,0,1,0
"H",18,1,6,0,0,0,1,1
"H",18,1,7,-2,0,0,1,0
"H",18,2,1,-1,0,0,1,0
"H",18,2,1,0,0,0,11,3
"H",18,2,2,-1,0,0,1,0
"H",18,2,2,0,0,0,7,3
"H",18,2,3,-1,0,0,1,0
"H",18,2,3,-2,0,0,1,0
"H",18,2,3,0,0,0,2,1
"H",18,2,6,-5,0,0,1,0
"H",18,2,6,0,0,0,1,1
"H",18,2,7,0,0,0,1,1
"H",19,0,1,-1,0,0,3,0
"H",19,0,1,-2,0,0,1,0
"H",19,0,1,-3,0,0,1,0
"H",19,0,1,0,0,0,9,4
"H",19,0,2,-3,0,0,1,0
"H",19,0,2,0,0,0,2,1
"H",19,0,3,0,0,0,1,1
"H",19,1,1,-1,0,0,3,0
"H",19,1,1,-2,0,0,1,0
"H",19,1,1,0,0,0,6,2
"H",19,1,2,-1,0,0,1,0
"H",19,1,2,-3,0,0,1,0
"H",19,1,2,0,0,0,2,1
"H",19,1,3,0,0,0,2,2
"H",19,1,4,-1,0,0,1,0
"H",19,1,4,-3,0,0,1,0
"H",19,1,4,0,0,0,1,1
"H",19,1,6,0,0,0,1,1
"H",19,1,8,-3,0,0,1,0
"H",19,2,1,-1,0,0,2,0
"H",19,2,1,-2,0,0,1,0
"H",19,2,1,0,0,0,5,1
"H",19,2,2,-1,0,0,1,0
"H",19,2,2,0,0,0,3,1
"H",19,2,3,0,0,0,2,2
"H",19,2,4,0,0,0,2,2
"H",19,2,6,0,0,0,1,1
"H",19,2,7,-1,0,0,1,0
"H",19,2,7,0,0,0,1,1
"H",20,0,1,-1,0,0,1,0
"H",20,0,1,0,0,0,6,2
"H",20,0,2,-1,0,0,1,0
"H",20,0,2,0,0,0,1,0
"H",20,1,1,0,0,0,5,2
"H",20,1,2,-1,0,0,1,0
"H",20,1,2,0,0,0,2,1
"H",20,1,3,-1,0,0,1,0
"H",20,2,1,0,0,0,4,1
"H",20,2,2,0,0,0,1,0
"H",20,2,3,-1,0,0,1,0
"H",20,2,4,0,0,0,1,0
"H",21,0,1,-1,0,0,1,0
"H",21,0,1,-2,0,0,2,0
"H",21,0,1,0,0,0,3,2
"H",21,0,2,-1,0,0,1,0
"H",21,0,2,-2,0,0,1,0
"H",21,0,2,0,0,0,1,1
"H",21,0,4,0,0,0,1,1
"H",21,0,8,0,0,0,1,1
"H",21,1,1,-2,0,0,1,0
"H",21,1,1,0,0,0,2,1
"H",21,1,2,0,0,0,1,1
"H",21,1,3,-1,0,0,1,0
"H",21,1,3,-2,0,0,1,0
"H",21,2,1,-2,0,0,1,0
"H",21,2,1,0,0,0,1,0
"H",21,2,2,0,0,0,2,1
"H",21,2,3,-2,0,0,1,0
"H",21,2,5,-1,0,0,1,0
"H",22,0,1,-1,0,0,1,0
"H",22,0,1,0,0,0,1,1
"H",22,1,1,-1,0,0,1,0
"H",22,1,1,0,0,0,1,1
"H",22,1,2,0,0,0,1,1
"H",22,1,4,0,0,0,1,1
"H",22,2,1,-1,0,0,1,0
"V",1,0,1,0,0,0,23102,10548
"V",1,0,1,0,0,1,83,34
"V",1,0,1,0,0,2,42,19
"V",1,0,1,0,1,0,87,45
"V",1,0,1,0,1,1,61,26
"V",1,0,1,0,1,2,36,14
"V",1,0,1,0,2,0,45,25
"V",1,0,1,0,2,1,39,18
"V",1,0,1,0,2,2,36,16
"V",1,0,1,0,3,0,29,15
"V",1,0,1,0,3,1,18,11
"V",1,0,1,0,3,2,24,15
"V",1,0,1,1,0,0,116,63
"V",1,0,1,2,0,0,44,31
"V",1,0,1,3,0,0,25,18
"V",1,0,1,4,0,0,13,11
"V",1,0,1,5,0,0,3,2
"V",1,0,1,6,0,0,3,1
"V",1,0,1,7,0,0,1,1
"V",1,0,2,0,0,0,7122,3561
"V",1,0,2,0,0,1,21,10
"V",1,0,2,0,0,2,7,3
"V",1,0,2,0,1,0,13,6
"V",1,0,2,0,1,1,14,6
"V",1,0,2,0,1,2,6,2
"V",1,0,2,0,2,0,3,1
"V",1,0,2,0,2,1,7,2
"V",1,0,2,0,2,2,7,1
"V",1,0,2,0,3,0,1,1
"V",1,0,2,1,0,0,187,126
"V",1,0,2,1,0,1,1,1
"V",1,0,2,1,1,0,2,1
"V",1,0,2,1,1,1,1,1
"V",1,0,2,1,1,2,1,1
"V",1,0,2,1,2,0,1,1
"V",1,0,2,1,2,1,1,1
"V",1,0,2,1,2,2,2,2
"V",1,0,2,1,3,2,1,1
"V",1,0,2,2,0,0,66,43
"V",1,0,2,3,0,0,29,23
"V",1,0,2,4,0,0,17,16
"V",1,0,2,5,0,0,1,1
"V",1,0,2,6,0,0,2,1
"V",1,0,2,7,0,0,2,2
"V",1,0,2,9,0,0,1,0
"V",1,0,3,0,0,0,1299,688
"V",1,0,3,0,0,1,4,1
"V",1,0,3,0,0,2,1,0
"V",1,0,3,0,1,1,1,1
"V",1,0,3,0,1,2,2,1
"V",1,0,3,0,2,2,1,1
"V",1,0,3,0,3,2,1,1
"V",1,0,3,1,0,0,165,92
"V",1,0,3,1,1,0,3,1
"V",1,0,3,1,1,1,2,1
"V",1,0,3,1,2,0,1,0
"V",1,0,3,1,3,0,1,0
"V",1,0,3,2,0,0,77,52
"V",1,0,3,3,0,0,17,10
"V",1,0,3,4,0,0,9,6
"V",1,0,3,5,0,0,4,3
"V",1,0,3,6,0,0,1,1
"V",1,0,3,7,0,0,1,1
"V",1,0,3,8,0,0,1,0
"V",1,0,4,0,0,0,1292,758
"V",1,0,4,0,0,1,6,4
"V",1,0,4,0,0,2,2,1
"V",1,0,4,0,1,0,8,8
"V",1,0,4,0,1,1,4,4
"V",1,0,4,0,1,2,4,4
"V",1,0,4,0,2,0,3,3
"V",1,0,4,0,2,1,1,1
"V",1,0,4,0,2,2,4,4
"V",1,0,4,0,3,0,1,1
"V",1,0,4,0,3,2,2,2
"V",1,0,4,1,0,0,142,95
"V",1,0,4,2,0,0,49,31
"V",1,0,4,3,0,0,17,13
"V",1,0,4,4,0,0,10,10
"V",1,0,4,5,0,0,2,2
"V",1,0,4,6,0,0,1,1
"V",1,0,4,7,0,0,1,1
"V",1,0,4,8,0,0,1,1
"V",1,0,5,0,0,0,414,259
"V",1,0,5,1,0,0,113,79
"V",1,0,5,2,0,0,35,22
"V",1,0,5,3,0,0,16,15
"V",1,0,5,4,0,0,3,3
"V",1,0,5,5,0,0,2,2
"V",1,0,5,8,0,0,1,0
"V",1,0,6,0,0,0,495,302
"V",1,0,6,0,0,1,1,0
"V",1,0,6,0,1,0,3,2
"V",1,0,6,0,1,1,2,1
"V",1,0,6,0,1,2,1,1
"V",1,0,6,0,2,0,2,1
"V",1,0,6,0,2,2,1,1
"V",1,0,6,0,3,0,2,1
"V",1,0,6,0,3,1,1,0
"V",1,0,6,1,0,0,134,84
"V",1,0,6,2,0,0,51,38
"V",1,0,6,3,0,0,18,16
"V",1,0,6,4,0,0,3,3
"V",1,0,6,5,0,0,2,2
"V",1,0,6,6,0,0,1,1
"V",1,0,6,7,0,0,1,1
"V",1,0,7,0,0,0,274,169
"V",1,0,7,0,0,1,1,1
"V",1,0,7,0,1,0,2,2
"V",1,0,7,0,1,1,2,2
"V",1,0,7,0,1,2,2,2
"V",1,0,7,0,2,2,1,1
"V",1,0,7,1,0,0,106,75
"V",1,0,7,1,0,1,1,0
"V",1,0,7,2,0,0,33,25
"V",1,0,7,3,0,0,8,6
"V",1,0,7,4,0,0,5,4
"V",1,0,7,5,0,0,3,3
"V",1,0,7,6,0,0,1,1
"V",1,0,8,0,0,0,296,207
"V",1,0,8,1,0,0,88,68
"V",1,0,8,2,0,0,33,27
"V",1,0,8,3,0,0,15,10
"V",1,0,8,4,0,0,4,3
"V",1,0,8,5,0,0,3,2
"V",1,1,1,0,0,0,14851,6320
"V",1,1,1,0,0,1,47,21
"V",1,1,1,0,0,2,18,10
"V",1,1,1,0,1,0,43,19
"V",1,1,1,0,1,1,37,11
"V",1,1,1,0,1,2,21,9
"V",1,1,1,0,2,0,15,8
"V",1,1,1,0,2,1,22,7
"V",1,1,1,0,2,2,17,6
"V",1,1,1,0,3,0,7,3
"V",1,1,1,0,3,1,9,2
"V",1,1,1,0,3,2,12,3
"V",1,1,1,1,0,0,283,162
"V",1,1,1,1,1,0,3,2
"V",1,1,1,1,1,1,2,2
"V",1,1,1,1,1,2,1,1
"V",1,1,1,1,2,1,1,1
"V",1,1,1,1,3,1,1,1
"V",1,1,1,1,3,2,1,1
"V",1,1,1,2,0,0,176,125
"V",1,1,1,2,1,0,1,0
"V",1,1,1,2,2,0,1,0
"V",1,1,1,2,3,0,1,0
"V",1,1,1,3,0,0,99,76
"V",1,1,1,4,0,0,42,32
"V",1,1,1,5,0,0,14,9
"V",1,1,1,6,0,0,6,4
"V",1,1,2,0,0,0,6540,3017
"V",1,1,2,0,0,1,46,25
"V",1,1,2,0,0,2,17,11
"V",1,1,2,0,1,0,49,29
"V",1,1,2,0,1,1,38,22
"V",1,1,2,0,1,2,26,10
"V",1,1,2,0,2,0,23,15
"V",1,1,2,0,2,1,22,18
"V",1,1,2,0,2,2,22,9
"V",1,1,2,0,3,0,12,7
"V",1,1,2,0,3,1,12,9
"V",1,1,2,0,3,2,13,7
"V",1,1,2,1,0,0,724,422
"V",1,1,2,1,0,1,1,0
"V",1,1,2,1,1,0,2,1
"V",1,1,2,1,1,1,1,0
"V",1,1,2,1,1,2,1,0
"V",1,1,2,1,2,0,2,1
"V",1,1,2,1,2,1,1,1
"V",1,1,2,1,2,2,1,1
"V",1,1,2,1,3,0,1,0
"V",1,1,2,1,3,2,1,1
"V",1,1,2,2,0,0,334,209
"V",1,1,2,3,0,0,152,110
"V",1,1,2,3,1,0,1,1
"V",1,1,2,3,1,1,1,1
"V",1,1,2,3,1,2,1,1
"V",1,1,2,4,0,0,47,34
"V",1,1,2,5,0,0,28,24
"V",1,1,2,6,0,0,7,5
"V",1,1,2,7,0,0,1,1
"V",1,1,2,9,0,0,1,0
"V",1,1,3,0,0,0,3212,1532
"V",1,1,3,0,0,1,11,8
"V",1,1,3,0,0,2,3,1
"V",1,1,3,0,1,0,33,20
"V",1,1,3,0,1,1,22,14
"V",1,1,3,0,1,2,11,7
"V",1,1,3,0,2,0,15,10
"V",1,1,3,0,2,1,12,8
"V",1,1,3,0,2,2,15,11
"V",1,1,3,0,3,0,8,5
"V",1,1,3,0,3,1,10,4
"V",1,1,3,0,3,2,10,5
"V",1,1,3,1,0,0,568,320
"V",1,1,3,2,0,0,244,169
"V",1,1,3,3,0,0,111,76
"V",1,1,3,3,1,0,1,1
"V",1,1,3,3,2,0,1,1
"V",1,1,3,3,2,1,1,1
"V",1,1,3,3,3,1,1,1
"V",1,1,3,4,0,0,47,37
"V",1,1,3,5,0,0,18,16
"V",1,1,3,6,0,0,4,3
"V",1,1,3,7,0,0,3,3
"V",1,1,4,0,0,0,1861,956
"V",1,1,4,0,0,1,5,3
"V",1,1,4,0,0,2,1,0
"V",1,1,4,0,1,0,8,4
"V",1,1,4,0,1,1,7,6
"V",1,1,4,0,1,2,2,2
"V",1,1,4,0,2,0,4,1
"V",1,1,4,0,2,1,3,1
"V",1,1,4,0,2,2,1,0
"V",1,1,4,0,3,0,3,1
"V",1,1,4,0,3,1,1,0
"V",1,1,4,0,3,2,2,0
"V",1,1,4,1,0,0,440,260
"V",1,1,4,1,0,1,1,1
"V",1,1,4,1,1,0,1,1
"V",1,1,4,1,1,1,2,2
"V",1,1,4,1,1,2,2,2
"V",1,1,4,1,2,2,1,1
"V",1,1,4,2,0,0,209,134
"V",1,1,4,3,0,0,70,51
"V",1,1,4,3,0,1,1,1
"V",1,1,4,3,0,2,1,1
"V",1,1,4,3,1,2,1,1
"V",1,1,4,4,0,0,38,29
"V",1,1,4,5,0,0,16,14
"V",1,1,4,6,0,0,7,7
"V",1,1,4,7,0,0,2,2
"V",1,1,5,0,0,0,1064,558
"V",1,1,5,0,0,1,4,3
"V",1,1,5,0,0,2,2,2
"V",1,1,5,0,1,0,7,1
"V",1,1,5,0,1,1,2,0
"V",1,1,5,0,1,2,2,2
"V",1,1,5,0,2,0,5,1
"V",1,1,5,0,2,1,1,0
"V",1,1,5,0,2,2,1,1
"V",1,1,5,0,3,0,4,1
"V",1,1,5,0,3,1,2,0
"V",1,1,5,0,3,2,1,0
"V",1,1,5,1,0,0,393,224
"V",1,1,5,2,0,0,186,119
"V",1,1,5,3,0,0,71,54
"V",1,1,5,4,0,0,29,26
"V",1,1,5,5,0,0,6,5
"V",1,1,5,6,0,0,2,2
"V",1,1,5,7,0,0,1,1
"V",1,1,6,0,0,0,973,511
"V",1,1,6,0,0,1,3,2
"V",1,1,6,0,0,2,2,1
"V",1,1,6,0,1,0,1,1
"V",1,1,6,0,1,1,2,2
"V",1,1,6,0,1,2,1,1
"V",1,1,6,1,0,0,405,259
"V",1,1,6,1,0,1,1,0
"V",1,1,6,1,0,2,1,0
"V",1,1,6,2,0,0,158,109
"V",1,1,6,3,0,0,54,43
"V",1,1,6,4,0,0,17,17
"V",1,1,6,5,0,0,11,10
"V",1,1,6,6,0,0,1,0
"V",1,1,6,7,0,0,3,3
"V",1,1,7,0,0,0,842,479
"V",1,1,7,0,0,1,2,2
"V",1,1,7,0,0,2,2,2
"V",1,1,7,0,1,0,3,1
"V",1,1,7,0,1,1,1,1
"V",1,1,7,0,1,2,1,1
"V",1,1,7,0,2,0,2,0
"V",1,1,7,0,2,2,1,1
"V",1,1,7,0,3,0,2,0
"V",1,1,7,1,0,0,316,215
"V",1,1,7,1,0,1,3,3
"V",1,1,7,1,1,1,3,3
"V",1,1,7,1,1,2,1,1
"V",1,1,7,1,2,1,1,1
"V",1,1,7,1,2,2,1,1
"V",1,1,7,2,0,0,123,87
"V",1,1,7,3,0,0,59,53
"V",1,1,7,4,0,0,21,19
"V",1,1,7,5,0,0,6,5
"V",1,1,7,6,0,0,3,3
"V",1,1,7,8,0,0,1,1
"V",1,1,8,0,0,0,518,301
"V",1,1,8,0,0,1,1,0
"V",1,1,8,0,0,2,1,0
"V",1,1,8,0,1,0,3,1
"V",1,1,8,0,1,1,2,0
"V",1,1,8,0,1,2,2,0
"V",1,1,8,0,2,0,1,1
"V",1,1,8,0,2,1,1,0
"V",1,1,8,0,2,2,1,0
"V",1,1,8,0,3,0,1,1
"V",1,1,8,0,3,1,1,0
"V",1,1,8,0,3,2,1,0
"V",1,1,8,1,0,0,209,141
"V",1,1,8,1,0,1,1,0
"V",1,1,8,1,1,1,1,0
"V",1,1,8,1,1,2,1,0
"V",1,1,8,2,0,0,75,51
"V",1,1,8,2,1,0,1,0
"V",1,1,8,2,1,1,1,0
"V",1,1,8,3,0,0,30,24
"V",1,1,8,3,1,0,1,0
"V",1,1,8,3,1,1,1,0
"V",1,1,8,3,2,1,1,0
"V",1,1,8,3,2,2,1,0
"V",1,1,8,4,0,0,15,10
"V",1,1,8,4,0,1,1,0
"V",1,1,8,4,0,2,1,0
"V",1,1,8,5,0,0,2,2
"V",1,2,1,0,0,0,10745,4341
"V",1,2,1,0,0,1,56,34
"V",1,2,1,0,0,2,20,14
"V",1,2,1,0,1,0,101,48
"V",1,2,1,0,1,1,75,39
"V",1,2,1,0,1,2,32,18
"V",1,2,1,0,2,0,41,15
"V",1,2,1,0,2,1,51,26
"V",1,2,1,0,2,2,45,22
"V",1,2,1,0,3,0,23,12
"V",1,2,1,0,3,1,23,9
"V",1,2,1,0,3,2,35,15
"V",1,2,1,1,0,0,724,377
"V",1,2,1,1,0,1,2,1
"V",1,2,1,1,0,2,1,0
"V",1,2,1,1,1,0,5,2
"V",1,2,1,1,1,1,4,1
"V",1,2,1,1,1,2,1,0
"V",1,2,1,1,2,0,2,2
"V",1,2,1,1,2,1,4,2
"V",1,2,1,1,2,2,3,2
"V",1,2,1,1,3,2,2,1
"V",1,2,1,10,0,0,1,1
"V",1,2,1,2,0,0,388,251
"V",1,2,1,2,0,1,1,0
"V",1,2,1,2,0,2,1,0
"V",1,2,1,3,0,0,190,138
"V",1,2,1,4,0,0,86,72
"V",1,2,1,5,0,0,22,20
"V",1,2,1,6,0,0,16,11
"V",1,2,1,6,1,0,1,1
"V",1,2,1,6,2,0,1,1
"V",1,2,1,6,2,1,1,1
"V",1,2,1,7,0,0,1,1
"V",1,2,1,8,0,0,1,1
"V",1,2,2,0,0,0,5458,2304
"V",1,2,2,0,0,1,18,10
"V",1,2,2,0,0,2,7,4
"V",1,2,2,0,1,0,15,7
"V",1,2,2,0,1,1,10,6
"V",1,2,2,0,1,2,6,4
"V",1,2,2,0,2,0,7,5
"V",1,2,2,0,2,1,7,5
"V",1,2,2,0,2,2,5,4
"V",1,2,2,0,3,0,1,1
"V",1,2,2,0,3,1,4,4
"V",1,2,2,0,3,2,4,4
"V",1,2,2,1,0,0,1253,651
"V",1,2,2,1,0,1,6,2
"V",1,2,2,1,0,2,1,0
"V",1,2,2,1,1,0,3,2
"V",1,2,2,1,1,1,3,0
"V",1,2,2,1,1,2,4,0
"V",1,2,2,1,2,0,1,0
"V",1,2,2,1,2,1,1,0
"V",1,2,2,1,2,2,3,0
"V",1,2,2,1,3,1,1,0
"V",1,2,2,10,0,0,1,1
"V",1,2,2,2,0,0,582,369
"V",1,2,2,3,0,0,301,220
"V",1,2,2,3,1,0,1,1
"V",1,2,2,3,1,1,1,1
"V",1,2,2,3,1,2,1,1
"V",1,2,2,3,2,2,1,1
"V",1,2,2,4,0,0,109,89
"V",1,2,2,5,0,0,52,50
"V",1,2,2,6,0,0,13,12
"V",1,2,2,6,0,1,1,1
"V",1,2,2,6,0,2,1,1
"V",1,2,2,7,0,0,6,6
"V",1,2,2,8,0,0,4,4
"V",1,2,2,9,0,0,2,1
"V",1,2,3,0,0,0,3095,1389
"V",1,2,3,0,0,1,8,2
"V",1,2,3,0,0,2,2,0
"V",1,2,3,0,1,0,13,6
"V",1,2,3,0,1,1,11,5
"V",1,2,3,0,1,2,7,1
"V",1,2,3,0,2,0,7,2
"V",1,2,3,0,2,1,3,3
"V",1,2,3,0,2,2,7,3
"V",1,2,3,0,3,0,3,1
"V",1,2,3,0,3,1,2,1
"V",1,2,3,0,3,2,5,2
"V",1,2,3,1,0,0,1003,534
"V",1,2,3,1,0,1,2,2
"V",1,2,3,1,0,2,1,1
"V",1,2,3,1,1,0,1,0
"V",1,2,3,1,1,1,1,1
"V",1,2,3,1,1,2,2,2
"V",1,2,3,1,2,0,1,0
"V",1,2,3,1,2,1,1,0
"V",1,2,3,1,3,1,1,0
"V",1,2,3,10,0,0,1,1
"V",1,2,3,2,0,0,490,327
"V",1,2,3,3,0,0,241,179
"V",1,2,3,4,0,0,114,90
"V",1,2,3,5,0,0,28,23
"V",1,2,3,6,0,0,11,10
"V",1,2,3,7,0,0,6,6
"V",1,2,3,8,0,0,4,4
"V",1,2,3,9,0,0,1,0
"V",1,2,4,0,0,0,1564,683
"V",1,2,4,0,0,1,1,0
"V",1,2,4,0,1,0,6,4
"V",1,2,4,0,1,1,4,1
"V",1,2,4,0,1,2,3,0
"V",1,2,4,0,2,0,3,3
"V",1,2,4,0,2,1,2,2
"V",1,2,4,0,2,2,1,1
"V",1,2,4,0,3,0,1,1
"V",1,2,4,0,3,1,1,1
"V",1,2,4,1,0,0,600,323
"V",1,2,4,1,0,1,2,2
"V",1,2,4,1,1,0,2,0
"V",1,2,4,1,1,1,1,1
"V",1,2,4,1,2,0,1,0
"V",1,2,4,2,0,0,302,192
"V",1,2,4,2,1,0,1,1
"V",1,2,4,3,0,0,147,109
"V",1,2,4,3,0,1,1,1
"V",1,2,4,3,1,0,1,1
"V",1,2,4,4,0,0,52,43
"V",1,2,4,5,0,0,24,21
"V",1,2,4,6,0,0,9,9
"V",1,2,4,7,0,0,2,2
"V",1,2,4,8,0,0,3,3
"V",1,2,4,9,0,0,1,1
"V",1,2,5,0,0,0,1343,623
"V",1,2,5,0,0,1,3,1
"V",1,2,5,0,0,2,1,1
"V",1,2,5,0,1,0,4,1
"V",1,2,5,0,1,1,4,0
"V",1,2,5,0,1,2,2,0
"V",1,2,5,0,2,0,1,1
"V",1,2,5,0,2,1,1,0
"V",1,2,5,0,2,2,1,0
"V",1,2,5,0,3,0,1,1
"V",1,2,5,1,0,0,570,314
"V",1,2,5,1,0,1,1,1
"V",1,2,5,1,1,1,1,1
"V",1,2,5,1,1,2,1,1
"V",1,2,5,2,0,0,283,180
"V",1,2,5,3,0,0,140,99
"V",1,2,5,4,0,0,54,46
"V",1,2,5,5,0,0,10,7
"V",1,2,5,6,0,0,5,5
"V",1,2,5,7,0,0,1,1
"V",1,2,5,8,0,0,1,1
"V",1,2,6,0,0,0,959,469
"V",1,2,6,0,0,1,1,1
"V",1,2,6,0,1,0,1,1
"V",1,2,6,1,0,0,485,290
"V",1,2,6,1,0,1,1,1
"V",1,2,6,2,0,0,215,137
"V",1,2,6,3,0,0,92,65
"V",1,2,6,4,0,0,43,33
"V",1,2,6,4,0,1,2,2
"V",1,2,6,4,1,1,1,1
"V",1,2,6,5,0,0,15,14
"V",1,2,6,5,0,1,1,1
"V",1,2,6,5,0,2,1,1
"V",1,2,6,5,1,2,1,1
"V",1,2,6,6,0,0,4,4
"V",1,2,6,7,0,0,4,4
"V",1,2,6,8,0,0,3,3
"V",1,2,7,0,0,0,673,347
"V",1,2,7,0,0,1,2,2
"V",1,2,7,0,0,2,1,1
"V",1,2,7,0,1,0,1,1
"V",1,2,7,1,0,0,377,219
"V",1,2,7,1,1,0,2,1
"V",1,2,7,1,1,1,1,0
"V",1,2,7,1,2,0,1,1
"V",1,2,7,1,2,1,1,0
"V",1,2,7,1,2,2,1,0
"V",1,2,7,1,3,0,1,1
"V",1,2,7,1,3,1,1,1
"V",1,2,7,2,0,0,175,118
"V",1,2,7,2,1,0,1,0
"V",1,2,7,2,1,1,1,0
"V",1,2,7,2,1,2,1,0
"V",1,2,7,3,0,0,79,57
"V",1,2,7,4,0,0,30,25
"V",1,2,7,4,0,1,1,1
"V",1,2,7,4,1,1,1,1
"V",1,2,7,4,2,1,1,1
"V",1,2,7,5,0,0,7,5
"V",1,2,7,6,0,0,10,10
"V",1,2,7,7,0,0,1,1
"V",1,2,7,8,0,0,1,1
"V",1,2,8,0,0,0,460,234
"V",1,2,8,0,0,1,3,1
"V",1,2,8,0,0,2,3,1
"V",1,2,8,0,1,0,1,0
"V",1,2,8,0,2,0,1,0
"V",1,2,8,0,3,0,1,0
"V",1,2,8,1,0,0,250,152
"V",1,2,8,2,0,0,102,58
"V",1,2,8,3,0,0,53,44
"V",1,2,8,4,0,0,20,14
"V",1,2,8,4,1,0,1,0
"V",1,2,8,4,1,1,1,0
"V",1,2,8,4,1,2,1,0
"V",1,2,8,4,2,2,1,0
"V",1,2,8,5,0,0,9,5
"V",1,2,8,6,0,0,5,3
"V",1,2,8,7,0,0,1,1
"V",1,2,8,8,0,0,1,1
"V",2,0,1,-1,0,0,3125,1077
"V",2,0,1,-1,0,1,7,4
"V",2,0,1,-1,1,0,5,4
"V",2,0,1,-1,1,1,12,8
"V",2,0,1,-1,1,2,4,3
"V",2,0,1,-1,2,1,4,3
"V",2,0,1,-1,2,2,6,5
"V",2,0,1,-1,3,1,1,0
"V",2,0,1,-1,3,2,4,3
"V",2,0,1,-10,0,0,1,0
"V",2,0,1,-11,0,0,1,0
"V",2,0,1,-2,0,0,1663,419
"V",2,0,1,-2,0,1,8,3
"V",2,0,1,-2,0,2,2,2
"V",2,0,1,-2,1,0,2,1
"V",2,0,1,-2,1,1,3,2
"V",2,0,1,-2,1,2,2,2
"V",2,0,1,-2,2,0,1,0
"V",2,0,1,-2,2,1,3,2
"V",2,0,1,-2,2,2,2,2
"V",2,0,1,-2,3,2,2,2
"V",2,0,1,-3,0,0,717,122
"V",2,0,1,-3,1,0,3,1
"V",2,0,1,-3,1,1,1,0
"V",2,0,1,-3,2,0,2,1
"V",2,0,1,-3,2,1,1,0
"V",2,0,1,-3,3,0,2,1
"V",2,0,1,-3,3,1,1,0
"V",2,0,1,-4,0,0,366,50
"V",2,0,1,-4,1,0,2,0
"V",2,0,1,-4,2,0,1,0
"V",2,0,1,-4,2,1,1,0
"V",2,0,1,-4,3,1,1,0
"V",2,0,1,-5,0,0,110,10
"V",2,0,1,-5,0,1,1,0
"V",2,0,1,-5,0,2,1,0
"V",2,0,1,-6,0,0,43,2
"V",2,0,1,-7,0,0,30,1
"V",2,0,1,-8,0,0,9,0
"V",2,0,1,-9,0,0,4,0
"V",2,0,1,0,0,0,11774,5413
"V",2,0,1,0,0,1,37,18
"V",2,0,1,0,0,2,11,4
"V",2,0,1,0,1,0,37,11
"V",2,0,1,0,1,1,28,12
"V",2,0,1,0,1,2,15,5
"V",2,0,1,0,2,0,18,6
"V",2,0,1,0,2,1,18,10
"V",2,0,1,0,2,2,15,6
"V",2,0,1,0,3,0,11,4
"V",2,0,1,0,3,1,7,5
"V",2,0,1,0,3,2,7,4
"V",2,0,1,1,0,0,3014,1745
"V",2,0,1,1,0,1,9,3
"V",2,0,1,1,0,2,3,1
"V",2,0,1,1,1,0,7,6
"V",2,0,1,1,1,1,4,2
"V",2,0,1,1,1,2,6,3
"V",2,0,1,1,2,0,3,2
"V",2,0,1,1,2,1,1,1
"V",2,0,1,1,2,2,2,1
"V",2,0,1,1,3,0,1,0
"V",2,0,1,1,3,1,2,1
"V",2,0,1,1,3,2,2,1
"V",2,0,1,2,0,0,1383,944
"V",2,0,1,2,0,1,1,0
"V",2,0,1,2,1,0,1,0
"V",2,0,1,3,0,0,707,544
"V",2,0,1,3,1,0,1,1
"V",2,0,1,3,1,1,1,1
"V",2,0,1,3,1,2,1,1
"V",2,0,1,4,0,0,281,236
"V",2,0,1,4,0,1,1,1
"V",2,0,1,4,0,2,1,1
"V",2,0,1,4,1,0,1,0
"V",2,0,1,4,1,2,1,1
"V",2,0,1,4,2,0,1,0
"V",2,0,1,4,2,2,1,1
"V",2,0,1,4,3,0,1,0
"V",2,0,1,4,3,1,1,0
"V",2,0,1,4,3,2,2,1
"V",2,0,1,5,0,0,110,100
"V",2,0,1,6,0,0,44,39
"V",2,0,1,6,0,1,1,1
"V",2,0,1,6,1,1,1,1
"V",2,0,1,6,2,1,1,1
"V",2,0,1,6,3,1,1,1
"V",2,0,1,7,0,0,13,12
"V",2,0,1,8,0,0,6,5
"V",2,0,1,9,0,0,2,2
"V",2,0,2,-1,0,0,930,358
"V",2,0,2,-1,0,1,4,1
"V",2,0,2,-1,0,2,3,0
"V",2,0,2,-1,1,0,3,2
"V",2,0,2,-1,1,1,1,1
"V",2,0,2,-1,2,0,2,1
"V",2,0,2,-1,2,1,2,1
"V",2,0,2,-1,2,2,2,1
"V",2,0,2,-2,0,0,483,132
"V",2,0,2,-2,0,1,1,1
"V",2,0,2,-2,1,0,1,1
"V",2,0,2,-2,1,1,1,1
"V",2,0,2,-2,2,1,1,1
"V",2,0,2,-3,0,0,233,39
"V",2,0,2,-3,0,1,2,1
"V",2,0,2,-3,1,1,1,1
"V",2,0,2,-4,0,0,107,16
"V",2,0,2,-4,0,1,1,0
"V",2,0,2,-4,0,2,1,0
"V",2,0,2,-5,0,0,25,2
"V",2,0,2,-5,1,0,1,0
"V",2,0,2,-5,2,0,1,0
"V",2,0,2,-5,2,1,1,0
"V",2,0,2,-6,0,0,12,1
"V",2,0,2,-7,0,0,8,0
"V",2,0,2,-9,0,0,1,0
"V",2,0,2,0,0,0,3374,1716
"V",2,0,2,0,0,1,9,4
"V",2,0,2,0,0,2,3,1
"V",2,0,2,0,1,0,9,3
"V",2,0,2,0,1,1,6,4
"V",2,0,2,0,1,2,3,2
"V",2,0,2,0,2,0,2,0
"V",2,0,2,0,2,1,3,1
"V",2,0,2,0,2,2,4,2
"V",2,0,2,0,3,0,1,0
"V",2,0,2,0,3,1,1,0
"V",2,0,2,0,3,2,1,1
"V",2,0,2,1,0,0,917,566
"V",2,0,2,1,0,1,2,0
"V",2,0,2,1,1,0,1,1
"V",2,0,2,1,1,1,1,1
"V",2,0,2,1,1,2,1,1
"V",2,0,2,2,0,0,417,292
"V",2,0,2,2,0,1,1,1
"V",2,0,2,2,0,2,1,1
"V",2,0,2,3,0,0,208,162
"V",2,0,2,4,0,0,82,69
"V",2,0,2,5,0,0,25,23
"V",2,0,2,6,0,0,15,14
"V",2,0,2,6,1,0,1,1
"V",2,0,2,7,0,0,3,3
"V",2,0,2,8,0,0,4,4
"V",2,0,2,9,0,0,2,2
"V",2,0,3,-1,0,0,188,82
"V",2,0,3,-1,1,0,2,1
"V",2,0,3,-1,1,1,1,0
"V",2,0,3,-1,1,2,1,0
"V",2,0,3,-1,2,0,1,1
"V",2,0,3,-1,3,0,1,1
"V",2,0,3,-2,0,0,92,33
"V",2,0,3,-2,0,1,1,0
"V",2,0,3,-2,1,1,1,0
"V",2,0,3,-2,1,2,1,0
"V",2,0,3,-2,2,2,1,0
"V",2,0,3,-2,3,2,1,0
"V",2,0,3,-3,0,0,39,12
"V",2,0,3,-4,0,0,29,9
"V",2,0,3,-5,0,0,4,1
"V",2,0,3,-6,0,0,5,1
"V",2,0,3,-7,0,0,1,0
"V",2,0,3,0,0,0,703,348
"V",2,0,3,0,0,1,1,0
"V",2,0,3,0,1,0,1,1
"V",2,0,3,0,1,1,1,0
"V",2,0,3,0,2,0,1,1
"V",2,0,3,1,0,0,253,162
"V",2,0,3,1,1,0,1,1
"V",2,0,3,1,1,1,1,1
"V",2,0,3,2,0,0,116,92
"V",2,0,3,2,1,0,1,1
"V",2,0,3,2,2,0,1,1
"V",2,0,3,2,3,0,1,1
"V",2,0,3,3,0,0,50,39
"V",2,0,3,4,0,0,16,16
"V",2,0,3,5,0,0,9,9
"V",2,0,3,6,0,0,5,4
"V",2,0,3,6,1,0,1,1
"V",2,0,3,6,2,0,1,1
"V",2,0,3,6,3,0,1,1
"V",2,0,3,8,0,0,1,1
"V",2,0,3,9,0,0,2,2
"V",2,0,4,-1,0,0,189,78
"V",2,0,4,-2,0,0,125,39
"V",2,0,4,-3,0,0,34,7
"V",2,0,4,-4,0,0,29,3
"V",2,0,4,-5,0,0,5,1
"V",2,0,4,-5,0,1,1,0
"V",2,0,4,-5,1,1,1,0
"V",2,0,4,-5,1,2,1,0
"V",2,0,4,-6,0,0,4,1
"V",2,0,4,-7,0,0,3,0
"V",2,0,4,0,0,0,639,371
"V",2,0,4,0,1,0,1,0
"V",2,0,4,1,0,0,207,137
"V",2,0,4,2,0,0,102,83
"V",2,0,4,3,0,0,41,30
"V",2,0,4,4,0,0,29,27
"V",2,0,4,5,0,0,12,12
"V",2,0,4,6,0,0,7,5
"V",2,0,4,6,1,0,1,1
"V",2,0,4,6,1,1,1,1
"V",2,0,4,6,1,2,1,1
"V",2,0,4,6,2,2,1,1
"V",2,0,4,7,0,0,3,3
"V",2,0,5,-1,0,0,70,28
"V",2,0,5,-2,0,0,35,12
"V",2,0,5,-3,0,0,11,3
"V",2,0,5,-4,0,0,8,0
"V",2,0,5,-5,0,0,2,0
"V",2,0,5,-6,0,0,1,0
"V",2,0,5,-7,0,0,1,0
"V",2,0,5,0,0,0,249,129
"V",2,0,5,0,0,1,1,1
"V",2,0,5,0,0,2,1,1
"V",2,0,5,0,1,0,1,1
"V",2,0,5,0,2,0,1,1
"V",2,0,5,1,0,0,105,66
"V",2,0,5,2,0,0,42,34
"V",2,0,5,3,0,0,25,19
"V",2,0,5,4,0,0,8,6
"V",2,0,5,5,0,0,4,4
"V",2,0,5,6,0,0,2,2
"V",2,0,5,8,0,0,2,2
"V",2,0,6,-1,0,0,87,37
"V",2,0,6,-1,0,1,1,0
"V",2,0,6,-1,1,1,1,0
"V",2,0,6,-2,0,0,41,17
"V",2,0,6,-2,1,0,1,0
"V",2,0,6,-2,2,0,1,0
"V",2,0,6,-2,2,1,1,0
"V",2,0,6,-2,2,2,1,0
"V",2,0,6,-2,3,2,1,0
"V",2,0,6,-3,0,0,17,2
"V",2,0,6,-4,0,0,11,3
"V",2,0,6,-5,0,0,3,1
"V",2,0,6,0,0,0,267,157
"V",2,0,6,0,0,1,1,0
"V",2,0,6,0,0,2,1,0
"V",2,0,6,1,0,0,115,81
"V",2,0,6,2,0,0,54,43
"V",2,0,6,3,0,0,24,20
"V",2,0,6,4,0,0,6,6
"V",2,0,6,5,0,0,6,6
"V",2,0,6,6,0,0,1,1
"V",2,0,6,7,0,0,3,2
"V",2,0,7,-1,0,0,58,28
"V",2,0,7,-2,0,0,18,4
"V",2,0,7,-2,1,0,1,1
"V",2,0,7,-2,2,0,1,1
"V",2,0,7,-2,3,0,1,1
"V",2,0,7,-2,3,1,1,1
"V",2,0,7,-2,3,2,1,1
"V",2,0,7,-3,0,0,18,6
"V",2,0,7,-4,0,0,8,2
"V",2,0,7,-5,0,0,4,0
"V",2,0,7,-6,0,0,1,0
"V",2,0,7,-7,0,0,1,0
"V",2,0,7,0,0,0,144,92
"V",2,0,7,0,1,0,1,1
"V",2,0,7,0,2,0,1,1
"V",2,0,7,0,3,0,1,1
"V",2,0,7,1,0,0,74,59
"V",2,0,7,2,0,0,23,19
"V",2,0,7,3,0,0,9,8
"V",2,0,7,4,0,0,2,2
"V",2,0,7,5,0,0,2,2
"V",2,0,7,6,0,0,1,1
"V",2,0,8,-1,0,0,44,19
"V",2,0,8,-2,0,0,28,13
"V",2,0,8,-3,0,0,12,1
"V",2,0,8,-4,0,0,2,1
"V",2,0,8,-5,0,0,2,1
"V",2,0,8,-6,0,0,1,0
"V",2,0,8,-7,0,0,1,0
"V",2,0,8,0,0,0,145,87
"V",2,0,8,1,0,0,80,55
"V",2,0,8,2,0,0,37,30
"V",2,0,8,3,0,0,16,15
"V",2,0,8,4,0,0,14,13
"V",2,0,8,5,0,0,6,6
"V",2,0,8,6,0,0,2,1
"V",2,1,1,-1,0,0,2027,639
"V",2,1,1,-1,0,1,4,2
"V",2,1,1,-1,0,2,2,1
"V",2,1,1,-1,1,0,2,1
"V",2,1,1,-1,1,1,1,0
"V",2,1,1,-1,1,2,2,1
"V",2,1,1,-1,2,0,1,0
"V",2,1,1,-1,3,0,1,0
"V",2,1,1,-10,0,0,1,0
"V",2,1,1,-11,0,0,1,0
"V",2,1,1,-2,0,0,1105,256
"V",2,1,1,-2,0,1,3,2
"V",2,1,1,-2,0,2,2,1
"V",2,1,1,-2,1,0,4,0
"V",2,1,1,-2,1,1,5,1
"V",2,1,1,-2,1,2,5,2
"V",2,1,1,-2,2,1,1,0
"V",2,1,1,-2,2,2,4,2
"V",2,1,1,-3,0,0,452,75
"V",2,1,1,-4,0,0,224,25
"V",2,1,1,-5,0,0,79,7
"V",2,1,1,-6,0,0,26,0
"V",2,1,1,-7,0,0,20,1
"V",2,1,1,-8,0,0,9,0
"V",2,1,1,-9,0,0,3,0
"V",2,1,1,0,0,0,7767,3377
"V",2,1,1,0,0,1,27,14
"V",2,1,1,0,0,2,10,5
"V",2,1,1,0,1,0,18,8
"V",2,1,1,0,1,1,19,9
"V",2,1,1,0,1,2,12,5
"V",2,1,1,0,2,0,7,5
"V",2,1,1,0,2,1,6,3
"V",2,1,1,0,2,2,5,1
"V",2,1,1,0,3,0,3,3
"V",2,1,1,0,3,1,2,2
"V",2,1,1,0,3,2,3,2
"V",2,1,1,1,0,0,2159,1210
"V",2,1,1,1,0,1,12,6
"V",2,1,1,1,0,2,2,2
"V",2,1,1,1,1,0,6,4
"V",2,1,1,1,1,1,6,2
"V",2,1,1,1,1,2,4,3
"V",2,1,1,1,2,0,4,3
"V",2,1,1,1,2,1,4,1
"V",2,1,1,1,2,2,2,2
"V",2,1,1,1,3,0,3,2
"V",2,1,1,1,3,1,3,2
"V",2,1,1,1,3,2,2,1
"V",2,1,1,10,0,0,2,2
"V",2,1,1,2,0,0,1006,668
"V",2,1,1,2,0,1,1,0
"V",2,1,1,2,1,1,1,0
"V",2,1,1,3,0,0,514,390
"V",2,1,1,3,0,1,2,2
"V",2,1,1,3,1,1,1,1
"V",2,1,1,3,1,2,1,1
"V",2,1,1,4,0,0,206,173
"V",2,1,1,4,1,0,2,1
"V",2,1,1,4,1,1,1,0
"V",2,1,1,4,1,2,1,0
"V",2,1,1,5,0,0,89,79
"V",2,1,1,6,0,0,31,29
"V",2,1,1,6,0,1,1,1
"V",2,1,1,6,1,1,1,1
"V",2,1,1,6,2,1,1,1
"V",2,1,1,6,2,2,1,1
"V",2,1,1,7,0,0,14,12
"V",2,1,1,8,0,0,8,7
"V",2,1,1,9,0,0,4,4
"V",2,1,2,-1,0,0,939,329
"V",2,1,2,-1,0,1,5,2
"V",2,1,2,-1,0,2,3,1
"V",2,1,2,-1,1,0,4,2
"V",2,1,2,-1,1,1,3,1
"V",2,1,2,-1,1,2,2,1
"V",2,1,2,-1,2,0,1,0
"V",2,1,2,-1,2,1,1,1
"V",2,1,2,-2,0,0,498,132
"V",2,1,2,-3,0,0,235,36
"V",2,1,2,-4,0,0,123,18
"V",2,1,2,-5,0,0,35,4
"V",2,1,2,-6,0,0,17,0
"V",2,1,2,-7,0,0,6,0
"V",2,1,2,-9,0,0,2,0
"V",2,1,2,0,0,0,3304,1524
"V",2,1,2,0,0,1,9,5
"V",2,1,2,0,0,2,3,2
"V",2,1,2,0,1,0,5,2
"V",2,1,2,0,1,1,6,2
"V",2,1,2,0,1,2,3,2
"V",2,1,2,0,2,0,2,1
"V",2,1,2,0,2,1,5,1
"V",2,1,2,0,2,2,3,1
"V",2,1,2,0,3,0,1,1
"V",2,1,2,0,3,1,1,1
"V",2,1,2,0,3,2,3,1
"V",2,1,2,1,0,0,1141,655
"V",2,1,2,1,0,1,2,1
"V",2,1,2,1,1,0,5,3
"V",2,1,2,1,1,1,5,3
"V",2,1,2,1,1,2,2,1
"V",2,1,2,1,2,1,1,1
"V",2,1,2,1,2,2,1,1
"V",2,1,2,1,3,2,1,1
"V",2,1,2,10,0,0,1,1
"V",2,1,2,11,0,0,1,1
"V",2,1,2,2,0,0,584,389
"V",2,1,2,2,0,1,3,1
"V",2,1,2,2,0,2,2,1
"V",2,1,2,2,1,1,1,0
"V",2,1,2,2,1,2,1,0
"V",2,1,2,3,0,0,311,238
"V",2,1,2,4,0,0,121,99
"V",2,1,2,5,0,0,60,53
"V",2,1,2,6,0,0,36,34
"V",2,1,2,6,1,0,1,1
"V",2,1,2,6,1,1,1,1
"V",2,1,2,6,1,2,1,1
"V",2,1,2,6,2,2,1,1
"V",2,1,2,7,0,0,17,17
"V",2,1,2,8,0,0,9,6
"V",2,1,2,9,0,0,5,5
"V",2,1,3,-1,0,0,375,146
"V",2,1,3,-1,1,0,1,1
"V",2,1,3,-1,2,0,1,1
"V",2,1,3,-1,2,1,1,1
"V",2,1,3,-1,3,1,1,1
"V",2,1,3,-1,3,2,1,1
"V",2,1,3,-2,0,0,152,40
"V",2,1,3,-3,0,0,67,17
"V",2,1,3,-4,0,0,30,5
"V",2,1,3,-5,0,0,7,0
"V",2,1,3,-6,0,0,4,1
"V",2,1,3,-8,0,0,1,0
"V",2,1,3,0,0,0,1489,735
"V",2,1,3,0,0,1,6,4
"V",2,1,3,0,0,2,1,1
"V",2,1,3,0,1,0,1,0
"V",2,1,3,0,1,1,2,1
"V",2,1,3,0,1,2,2,2
"V",2,1,3,0,2,0,1,0
"V",2,1,3,0,2,1,1,0
"V",2,1,3,1,0,0,609,384
"V",2,1,3,1,0,1,1,1
"V",2,1,3,1,1,0,2,1
"V",2,1,3,1,1,1,2,1
"V",2,1,3,1,1,2,1,0
"V",2,1,3,10,0,0,1,1
"V",2,1,3,2,0,0,305,211
"V",2,1,3,2,0,1,3,1
"V",2,1,3,2,0,2,1,1
"V",2,1,3,2,1,1,2,0
"V",2,1,3,2,1,2,2,0
"V",2,1,3,3,0,0,157,116
"V",2,1,3,4,0,0,71,58
"V",2,1,3,5,0,0,36,33
"V",2,1,3,6,0,0,13,11
"V",2,1,3,7,0,0,6,6
"V",2,1,3,8,0,0,3,3
"V",2,1,3,9,0,0,2,2
"V",2,1,4,-1,0,0,249,86
"V",2,1,4,-1,1,0,1,1
"V",2,1,4,-1,1,1,1,1
"V",2,1,4,-1,2,1,1,1
"V",2,1,4,-1,3,1,1,1
"V",2,1,4,-1,3,2,1,1
"V",2,1,4,-2,0,0,150,46
"V",2,1,4,-2,1,0,1,0
"V",2,1,4,-2,2,0,1,0
"V",2,1,4,-2,3,0,1,0
"V",2,1,4,-2,3,1,1,0
"V",2,1,4,-2,3,2,1,0
"V",2,1,4,-3,0,0,71,13
"V",2,1,4,-3,1,0,1,0
"V",2,1,4,-3,2,0,1,0
"V",2,1,4,-3,3,0,1,0
"V",2,1,4,-4,0,0,52,8
"V",2,1,4,-5,0,0,11,1
"V",2,1,4,-5,0,1,1,0
"V",2,1,4,-5,1,1,1,0
"V",2,1,4,-5,2,1,1,0
"V",2,1,4,-5,2,2,1,0
"V",2,1,4,-5,3,2,1,0
"V",2,1,4,-6,0,0,7,0
"V",2,1,4,-7,0,0,1,0
"V",2,1,4,-9,0,0,1,0
"V",2,1,4,0,0,0,878,429
"V",2,1,4,0,0,1,3,2
"V",2,1,4,0,0,2,2,2
"V",2,1,4,0,1,0,1,0
"V",2,1,4,0,1,1,1,0
"V",2,1,4,0,1,2,2,1
"V",2,1,4,0,2,0,1,0
"V",2,1,4,0,2,2,1,0
"V",2,1,4,1,0,0,400,249
"V",2,1,4,10,0,0,1,1
"V",2,1,4,11,0,0,1,1
"V",2,1,4,2,0,0,211,151
"V",2,1,4,2,1,0,1,1
"V",2,1,4,2,2,0,1,1
"V",2,1,4,3,0,0,133,113
"V",2,1,4,4,0,0,57,48
"V",2,1,4,5,0,0,27,24
"V",2,1,4,6,0,0,18,18
"V",2,1,4,6,1,0,1,1
"V",2,1,4,6,1,1,1,1
"V",2,1,4,6,2,1,1,1
"V",2,1,4,6,2,2,1,1
"V",2,1,4,6,3,2,1,1
"V",2,1,4,7,0,0,11,11
"V",2,1,4,8,0,0,5,4
"V",2,1,4,9,0,0,4,4
"V",2,1,5,-1,0,0,150,63
"V",2,1,5,-1,0,1,1,0
"V",2,1,5,-1,0,2,1,0
"V",2,1,5,-1,1,2,1,0
"V",2,1,5,-2,0,0,54,18
"V",2,1,5,-3,0,0,27,8
"V",2,1,5,-4,0,0,12,0
"V",2,1,5,-4,0,1,1,0
"V",2,1,5,-4,1,1,1,0
"V",2,1,5,-4,1,2,1,0
"V",2,1,5,-4,2,2,1,0
"V",2,1,5,-5,0,0,2,0
"V",2,1,5,-7,0,0,1,0
"V",2,1,5,0,0,0,568,268
"V",2,1,5,0,0,1,3,1
"V",2,1,5,0,1,0,1,1
"V",2,1,5,0,1,1,1,0
"V",2,1,5,0,2,1,1,0
"V",2,1,5,0,2,2,1,0
"V",2,1,5,1,0,0,306,198
"V",2,1,5,1,1,0,1,1
"V",2,1,5,1,1,1,1,1
"V",2,1,5,1,1,2,1,1
"V",2,1,5,2,0,0,144,113
"V",2,1,5,2,0,1,1,0
"V",2,1,5,2,1,1,1,0
"V",2,1,5,2,1,2,1,0
"V",2,1,5,3,0,0,77,66
"V",2,1,5,4,0,0,31,28
"V",2,1,5,5,0,0,17,15
"V",2,1,5,6,0,0,9,9
"V",2,1,5,7,0,0,5,4
"V",2,1,5,7,1,0,1,1
"V",2,1,5,7,1,1,1,1
"V",2,1,5,7,2,1,1,1
"V",2,1,5,7,2,2,1,1
"V",2,1,5,7,3,2,1,1
"V",2,1,5,8,0,0,3,3
"V",2,1,5,9,0,0,3,3
"V",2,1,6,-1,0,0,139,56
"V",2,1,6,-1,1,0,1,0
"V",2,1,6,-1,1,1,1,0
"V",2,1,6,-1,1,2,1,0
"V",2,1,6,-2,0,0,68,15
"V",2,1,6,-3,0,0,31,11
"V",2,1,6,-4,0,0,13,3
"V",2,1,6,-5,0,0,3,1
"V",2,1,6,-6,0,0,2,0
"V",2,1,6,-7,0,0,1,0
"V",2,1,6,0,0,0,475,255
"V",2,1,6,0,1,0,1,1
"V",2,1,6,0,2,0,1,1
"V",2,1,6,1,0,0,255,173
"V",2,1,6,1,0,1,1,1
"V",2,1,6,1,1,1,1,1
"V",2,1,6,1,2,1,1,1
"V",2,1,6,1,2,2,1,1
"V",2,1,6,10,0,0,1,1
"V",2,1,6,2,0,0,115,79
"V",2,1,6,3,0,0,56,39
"V",2,1,6,4,0,0,37,31
"V",2,1,6,5,0,0,16,15
"V",2,1,6,6,0,0,9,7
"V",2,1,6,7,0,0,7,6
"V",2,1,6,8,0,0,7,7
"V",2,1,6,9,0,0,4,4
"V",2,1,7,-1,0,0,128,51
"V",2,1,7,-2,0,0,62,20
"V",2,1,7,-3,0,0,31,7
"V",2,1,7,-4,0,0,18,3
"V",2,1,7,-5,0,0,2,0
"V",2,1,7,-6,0,0,1,0
"V",2,1,7,0,0,0,426,236
"V",2,1,7,0,1,0,1,0
"V",2,1,7,0,2,0,1,0
"V",2,1,7,0,2,1,1,0
"V",2,1,7,0,3,1,1,0
"V",2,1,7,1,0,0,217,148
"V",2,1,7,2,0,0,101,77
"V",2,1,7,2,0,1,1,1
"V",2,1,7,3,0,0,55,43
"V",2,1,7,4,0,0,31,28
"V",2,1,7,5,0,0,24,21
"V",2,1,7,6,0,0,11,11
"V",2,1,7,7,0,0,3,3
"V",2,1,7,8,0,0,2,2
"V",2,1,7,9,0,0,1,1
"V",2,1,8,-1,0,0,69,37
"V",2,1,8,-2,0,0,38,17
"V",2,1,8,-3,0,0,19,3
"V",2,1,8,-4,0,0,12,1
"V",2,1,8,-5,0,0,2,0
"V",2,1,8,-6,0,0,2,0
"V",2,1,8,0,0,0,254,148
"V",2,1,8,1,0,0,155,107
"V",2,1,8,2,0,0,66,50
"V",2,1,8,3,0,0,47,42
"V",2,1,8,4,0,0,25,24
"V",2,1,8,5,0,0,10,10
"V",2,1,8,6,0,0,8,7
"V",2,1,8,7,0,0,6,6
"V",2,1,8,8,0,0,6,6
"V",2,1,8,9,0,0,1,1
"V",2,2,1,-1,0,0,1507,447
"V",2,2,1,-1,0,1,1,1
"V",2,2,1,-1,1,0,1,0
"V",2,2,1,-1,1,1,1,1
"V",2,2,1,-1,2,0,1,0
"V",2,2,1,-1,3,0,1,0
"V",2,2,1,-10,0,0,1,0
"V",2,2,1,-11,0,0,1,0
"V",2,2,1,-2,0,0,850,182
"V",2,2,1,-2,0,1,3,0
"V",2,2,1,-2,0,2,1,0
"V",2,2,1,-2,1,0,2,1
"V",2,2,1,-2,1,1,2,0
"V",2,2,1,-2,1,2,1,0
"V",2,2,1,-2,2,0,1,1
"V",2,2,1,-2,2,2,1,0
"V",2,2,1,-2,3,0,1,1
"V",2,2,1,-3,0,0,347,52
"V",2,2,1,-4,0,0,153,15
"V",2,2,1,-5,0,0,56,5
"V",2,2,1,-6,0,0,18,0
"V",2,2,1,-7,0,0,16,1
"V",2,2,1,-8,0,0,8,0
"V",2,2,1,-9,0,0,2,0
"V",2,2,1,0,0,0,5927,2447
"V",2,2,1,0,0,1,29,12
"V",2,2,1,0,0,2,9,3
"V",2,2,1,0,1,0,14,4
"V",2,2,1,0,1,1,21,9
"V",2,2,1,0,1,2,14,6
"V",2,2,1,0,2,0,4,1
"V",2,2,1,0,2,1,11,5
"V",2,2,1,0,2,2,13,4
"V",2,2,1,0,3,0,1,0
"V",2,2,1,0,3,1,6,3
"V",2,2,1,0,3,2,9,3
"V",2,2,1,1,0,0,1885,1020
"V",2,2,1,1,0,1,7,3
"V",2,2,1,1,0,2,3,1
"V",2,2,1,1,1,0,7,3
"V",2,2,1,1,1,1,7,3
"V",2,2,1,1,1,2,6,3
"V",2,2,1,1,2,0,2,1
"V",2,2,1,1,2,1,5,2
"V",2,2,1,1,2,2,4,2
"V",2,2,1,1,3,2,2,1
"V",2,2,1,10,0,0,2,2
"V",2,2,1,2,0,0,895,604
"V",2,2,1,2,0,1,1,0
"V",2,2,1,2,0,2,1,0
"V",2,2,1,3,0,0,433,338
"V",2,2,1,3,0,1,1,1
"V",2,2,1,3,1,0,1,1
"V",2,2,1,3,1,1,1,1
"V",2,2,1,3,1,2,1,1
"V",2,2,1,3,2,2,1,1
"V",2,2,1,4,0,0,194,163
"V",2,2,1,4,0,1,1,1
"V",2,2,1,4,0,2,1,1
"V",2,2,1,4,1,0,2,1
"V",2,2,1,4,1,1,1,1
"V",2,2,1,4,1,2,2,2
"V",2,2,1,4,2,0,1,0
"V",2,2,1,4,2,1,1,0
"V",2,2,1,4,2,2,1,1
"V",2,2,1,4,3,1,1,0
"V",2,2,1,4,3,2,1,1
"V",2,2,1,5,0,0,93,79
"V",2,2,1,6,0,0,41,37
"V",2,2,1,7,0,0,21,18
"V",2,2,1,8,0,0,9,8
"V",2,2,1,9,0,0,7,7
"V",2,2,2,-1,0,0,866,285
"V",2,2,2,-1,0,1,1,0
"V",2,2,2,-1,0,2,1,0
"V",2,2,2,-1,1,0,5,2
"V",2,2,2,-1,1,1,2,1
"V",2,2,2,-1,2,0,1,1
"V",2,2,2,-1,2,1,1,1
"V",2,2,2,-1,2,2,1,1
"V",2,2,2,-1,3,2,1,1
"V",2,2,2,-10,0,0,1,0
"V",2,2,2,-2,0,0,447,113
"V",2,2,2,-2,0,1,1,1
"V",2,2,2,-3,0,0,217,28
"V",2,2,2,-3,0,1,1,0
"V",2,2,2,-3,0,2,1,0
"V",2,2,2,-4,0,0,84,12
"V",2,2,2,-5,0,0,39,5
"V",2,2,2,-6,0,0,15,0
"V",2,2,2,-7,0,0,10,0
"V",2,2,2,-9,0,0,1,0
"V",2,2,2,0,0,0,3041,1327
"V",2,2,2,0,0,1,13,6
"V",2,2,2,0,0,2,2,1
"V",2,2,2,0,1,0,12,4
"V",2,2,2,0,1,1,11,4
"V",2,2,2,0,1,2,4,3
"V",2,2,2,0,2,0,6,2
"V",2,2,2,0,2,1,6,1
"V",2,2,2,0,2,2,5,4
"V",2,2,2,0,3,0,3,1
"V",2,2,2,0,3,1,4,1
"V",2,2,2,0,3,2,4,3
"V",2,2,2,1,0,0,1288,703
"V",2,2,2,1,0,1,3,2
"V",2,2,2,1,0,2,1,1
"V",2,2,2,1,1,0,3,2
"V",2,2,2,1,1,1,3,1
"V",2,2,2,1,1,2,2,0
"V",2,2,2,1,2,1,1,1
"V",2,2,2,1,2,2,2,1
"V",2,2,2,1,3,2,1,0
"V",2,2,2,10,0,0,2,2
"V",2,2,2,11,0,0,2,2
"V",2,2,2,13,0,0,1,1
"V",2,2,2,2,0,0,643,432
"V",2,2,2,2,0,1,1,0
"V",2,2,2,2,1,0,1,0
"V",2,2,2,3,0,0,348,278
"V",2,2,2,3,0,1,3,3
"V",2,2,2,3,1,0,2,2
"V",2,2,2,3,1,1,3,3
"V",2,2,2,3,1,2,2,2
"V",2,2,2,3,2,0,2,2
"V",2,2,2,3,2,2,1,1
"V",2,2,2,3,3,0,2,2
"V",2,2,2,4,0,0,169,142
"V",2,2,2,4,0,1,2,2
"V",2,2,2,4,1,0,1,1
"V",2,2,2,4,1,1,2,2
"V",2,2,2,4,1,2,1,1
"V",2,2,2,4,2,0,1,1
"V",2,2,2,4,2,1,1,1
"V",2,2,2,4,2,2,1,1
"V",2,2,2,4,3,1,1,1
"V",2,2,2,4,3,2,1,1
"V",2,2,2,5,0,0,105,91
"V",2,2,2,5,1,0,1,1
"V",2,2,2,6,0,0,57,53
"V",2,2,2,7,0,0,24,22
"V",2,2,2,8,0,0,14,12
"V",2,2,2,9,0,0,10,9
"V",2,2,3,-1,0,0,432,145
"V",2,2,3,-1,0,1,1,1
"V",2,2,3,-2,0,0,183,39
"V",2,2,3,-3,0,0,76,10
"V",2,2,3,-3,1,0,1,0
"V",2,2,3,-3,1,1,1,0
"V",2,2,3,-3,2,1,1,0
"V",2,2,3,-3,2,2,1,0
"V",2,2,3,-4,0,0,36,8
"V",2,2,3,-5,0,0,9,1
"V",2,2,3,-6,0,0,3,0
"V",2,2,3,-7,0,0,4,0
"V",2,2,3,-8,0,0,1,0
"V",2,2,3,0,0,0,1557,684
"V",2,2,3,0,0,1,5,2
"V",2,2,3,0,0,2,1,1
"V",2,2,3,0,1,0,6,2
"V",2,2,3,0,1,1,4,1
"V",2,2,3,0,1,2,1,1
"V",2,2,3,0,2,0,4,1
"V",2,2,3,0,2,1,4,0
"V",2,2,3,0,2,2,3,0
"V",2,2,3,0,3,0,2,1
"V",2,2,3,0,3,1,1,0
"V",2,2,3,0,3,2,3,0
"V",2,2,3,1,0,0,795,449
"V",2,2,3,1,0,1,2,2
"V",2,2,3,1,0,2,1,1
"V",2,2,3,1,1,0,1,0
"V",2,2,3,1,1,1,2,1
"V",2,2,3,1,1,2,2,2
"V",2,2,3,10,0,0,2,2
"V",2,2,3,11,0,0,1,1
"V",2,2,3,2,0,0,481,335
"V",2,2,3,2,1,0,1,1
"V",2,2,3,2,1,1,1,1
"V",2,2,3,3,0,0,236,187
"V",2,2,3,4,0,0,153,127
"V",2,2,3,4,1,0,1,0
"V",2,2,3,5,0,0,96,82
"V",2,2,3,6,0,0,39,37
"V",2,2,3,7,0,0,16,16
"V",2,2,3,8,0,0,9,7
"V",2,2,3,9,0,0,6,6
"V",2,2,4,-1,0,0,251,90
"V",2,2,4,-1,0,1,1,1
"V",2,2,4,-2,0,0,146,42
"V",2,2,4,-3,0,0,82,13
"V",2,2,4,-4,0,0,42,5
"V",2,2,4,-5,0,0,22,4
"V",2,2,4,-5,1,0,1,0
"V",2,2,4,-6,0,0,7,0
"V",2,2,4,-7,0,0,1,0
"V",2,2,4,0,0,0,869,418
"V",2,2,4,0,0,1,4,0
"V",2,2,4,0,0,2,1,0
"V",2,2,4,0,1,0,2,0
"V",2,2,4,0,1,1,3,0
"V",2,2,4,0,1,2,3,0
"V",2,2,4,0,2,0,1,0
"V",2,2,4,0,2,2,2,0
"V",2,2,4,0,3,0,1,0
"V",2,2,4,0,3,1,1,0
"V",2,2,4,0,3,2,2,0
"V",2,2,4,1,0,0,475,286
"V",2,2,4,1,0,1,1,1
"V",2,2,4,1,1,0,1,0
"V",2,2,4,1,2,0,1,0
"V",2,2,4,1,2,1,1,0
"V",2,2,4,1,3,1,1,0
"V",2,2,4,11,0,0,2,2
"V",2,2,4,12,0,0,1,1
"V",2,2,4,2,0,0,327,218
"V",2,2,4,2,0,1,1,0
"V",2,2,4,2,1,0,2,1
"V",2,2,4,2,1,1,1,0
"V",2,2,4,2,2,0,1,0
"V",2,2,4,2,2,1,1,0
"V",2,2,4,2,3,0,1,0
"V",2,2,4,3,0,0,165,128
"V",2,2,4,3,1,0,1,1
"V",2,2,4,4,0,0,77,65
"V",2,2,4,5,0,0,42,35
"V",2,2,4,6,0,0,16,16
"V",2,2,4,7,0,0,12,11
"V",2,2,4,8,0,0,9,6
"V",2,2,4,9,0,0,4,3
"V",2,2,5,-1,0,0,181,67
"V",2,2,5,-2,0,0,85,16
"V",2,2,5,-2,0,1,1,1
"V",2,2,5,-2,1,1,1,1
"V",2,2,5,-3,0,0,25,2
"V",2,2,5,-4,0,0,21,3
"V",2,2,5,-5,0,0,1,0
"V",2,2,5,-7,0,0,1,0
"V",2,2,5,0,0,0,652,298
"V",2,2,5,0,1,0,2,0
"V",2,2,5,0,2,0,1,0
"V",2,2,5,1,0,0,401,245
"V",2,2,5,1,0,1,1,1
"V",2,2,5,1,0,2,1,1
"V",2,2,5,1,1,0,2,2
"V",2,2,5,1,1,1,1,1
"V",2,2,5,1,2,0,1,1
"V",2,2,5,1,3,0,1,1
"V",2,2,5,11,0,0,1,1
"V",2,2,5,2,0,0,199,147
"V",2,2,5,2,1,0,2,0
"V",2,2,5,2,2,0,2,0
"V",2,2,5,2,2,1,1,0
"V",2,2,5,2,3,0,1,0
"V",2,2,5,2,3,1,2,0
"V",2,2,5,2,3,2,1,0
"V",2,2,5,3,0,0,117,93
"V",2,2,5,4,0,0,82,68
"V",2,2,5,5,0,0,39,34
"V",2,2,5,6,0,0,22,17
"V",2,2,5,7,0,0,7,7
"V",2,2,5,7,1,0,1,1
"V",2,2,5,7,1,1,1,1
"V",2,2,5,7,2,1,1,1
"V",2,2,5,7,3,1,1,1
"V",2,2,5,7,3,2,1,1
"V",2,2,5,8,0,0,4,4
"V",2,2,6,-1,0,0,130,39
"V",2,2,6,-2,0,0,69,15
"V",2,2,6,-3,0,0,26,6
"V",2,2,6,-4,0,0,12,2
"V",2,2,6,-5,0,0,6,1
"V",2,2,6,-7,0,0,1,0
"V",2,2,6,-9,0,0,1,0
"V",2,2,6,0,0,0,508,233
"V",2,2,6,0,0,1,2,2
"V",2,2,6,0,0,2,1,1
"V",2,2,6,0,1,0,2,1
"V",2,2,6,1,0,0,308,181
"V",2,2,6,12,0,0,1,1
"V",2,2,6,2,0,0,170,117
"V",2,2,6,3,0,0,108,89
"V",2,2,6,3,1,0,1,1
"V",2,2,6,4,0,0,63,58
"V",2,2,6,5,0,0,32,31
"V",2,2,6,6,0,0,14,11
"V",2,2,6,7,0,0,10,9
"V",2,2,6,9,0,0,5,5
"V",2,2,7,-1,0,0,116,38
"V",2,2,7,-1,1,0,1,1
"V",2,2,7,-1,1,1,1,1
"V",2,2,7,-1,1,2,1,1
"V",2,2,7,-2,0,0,50,13
"V",2,2,7,-3,0,0,33,4
"V",2,2,7,-4,0,0,17,1
"V",2,2,7,-5,0,0,5,0
"V",2,2,7,-6,0,0,2,0
"V",2,2,7,-7,0,0,1,0
"V",2,2,7,0,0,0,384,180
"V",2,2,7,0,0,1,1,0
"V",2,2,7,0,1,1,1,0
"V",2,2,7,1,0,0,239,141
"V",2,2,7,10,0,0,1,1
"V",2,2,7,11,0,0,1,1
"V",2,2,7,12,0,0,1,1
"V",2,2,7,2,0,0,161,119
"V",2,2,7,3,0,0,68,54
"V",2,2,7,3,1,0,1,1
"V",2,2,7,3,1,1,1,1
"V",2,2,7,4,0,0,47,40
"V",2,2,7,5,0,0,28,25
"V",2,2,7,6,0,0,11,10
"V",2,2,7,7,0,0,4,3
"V",2,2,7,9,0,0,5,5
"V",2,2,8,-1,0,0,63,22
"V",2,2,8,-1,1,0,1,1
"V",2,2,8,-2,0,0,45,15
"V",2,2,8,-3,0,0,28,6
"V",2,2,8,-4,0,0,16,3
"V",2,2,8,-5,0,0,2,0
"V",2,2,8,-6,0,0,3,0
"V",2,2,8,0,0,0,273,129
"V",2,2,8,0,1,0,4,0
"V",2,2,8,0,1,1,1,0
"V",2,2,8,0,1,2,1,0
"V",2,2,8,0,2,0,3,0
"V",2,2,8,0,2,1,1,0
"V",2,2,8,0,3,0,1,0
"V",2,2,8,0,3,1,1,0
"V",2,2,8,0,3,2,1,0
"V",2,2,8,1,0,0,175,108
"V",2,2,8,1,0,1,1,1
"V",2,2,8,1,0,2,1,1
"V",2,2,8,10,0,0,1,1
"V",2,2,8,2,0,0,118,83
"V",2,2,8,3,0,0,65,50
"V",2,2,8,3,0,1,1,1
"V",2,2,8,3,1,1,1,1
"V",2,2,8,4,0,0,36,32
"V",2,2,8,5,0,0,16,12
"V",2,2,8,6,0,0,7,6
"V",2,2,8,7,0,0,1,0
"V",2,2,8,8,0,0,3,3
"V",2,2,8,9,0,0,3,3
"V",3,0,1,-1,0,0,3762,1252
"V",3,0,1,-1,0,1,12,6
"V",3,0,1,-1,0,2,4,2
"V",3,0,1,-1,1,0,4,2
"V",3,0,1,-1,1,1,7,3
"V",3,0,1,-1,1,2,3,2
"V",3,0,1,-1,2,0,2,2
"V",3,0,1,-1,2,1,7,3
"V",3,0,1,-1,2,2,6,3
"V",3,0,1,-1,3,0,1,1
"V",3,0,1,-1,3,1,3,2
"V",3,0,1,-1,3,2,4,3
"V",3,0,1,-10,0,0,12,0
"V",3,0,1,-11,0,0,4,0
"V",3,0,1,-12,0,0,1,0
"V",3,0,1,-14,0,0,1,0
"V",3,0,1,-16,0,0,1,0
"V",3,0,1,-2,0,0,2107,488
"V",3,0,1,-2,0,1,5,1
"V",3,0,1,-2,0,2,2,0
"V",3,0,1,-2,1,0,5,1
"V",3,0,1,-2,1,1,2,0
"V",3,0,1,-2,1,2,2,0
"V",3,0,1,-2,2,0,4,1
"V",3,0,1,-2,2,1,2,1
"V",3,0,1,-2,3,0,2,0
"V",3,0,1,-2,3,1,3,1
"V",3,0,1,-2,3,2,3,1
"V",3,0,1,-3,0,0,1022,162
"V",3,0,1,-3,1,0,2,0
"V",3,0,1,-3,2,0,2,0
"V",3,0,1,-3,2,1,1,0
"V",3,0,1,-3,3,0,1,0
"V",3,0,1,-3,3,1,1,0
"V",3,0,1,-4,0,0,554,63
"V",3,0,1,-4,0,1,1,1
"V",3,0,1,-4,0,2,1,1
"V",3,0,1,-5,0,0,279,14
"V",3,0,1,-6,0,0,137,8
"V",3,0,1,-7,0,0,84,2
"V",3,0,1,-8,0,0,47,0
"V",3,0,1,-9,0,0,19,0
"V",3,0,1,0,0,0,7935,3666
"V",3,0,1,0,0,1,41,17
"V",3,0,1,0,0,2,18,9
"V",3,0,1,0,1,0,22,10
"V",3,0,1,0,1,1,25,10
"V",3,0,1,0,1,2,18,9
"V",3,0,1,0,2,0,7,3
"V",3,0,1,0,2,1,10,5
"V",3,0,1,0,2,2,17,9
"V",3,0,1,0,3,0,3,1
"V",3,0,1,0,3,1,2,1
"V",3,0,1,0,3,2,8,4
"V",3,0,1,1,0,0,3589,2123
"V",3,0,1,1,0,1,16,11
"V",3,0,1,1,0,2,7,5
"V",3,0,1,1,1,0,7,4
"V",3,0,1,1,1,1,8,5
"V",3,0,1,1,1,2,6,3
"V",3,0,1,1,2,0,2,2
"V",3,0,1,1,2,1,4,3
"V",3,0,1,1,2,2,4,3
"V",3,0,1,1,3,0,1,1
"V",3,0,1,1,3,1,3,2
"V",3,0,1,1,3,2,4,3
"V",3,0,1,10,0,0,10,10
"V",3,0,1,11,0,0,4,4
"V",3,0,1,2,0,0,1880,1332
"V",3,0,1,2,0,1,4,2
"V",3,0,1,2,0,2,4,2
"V",3,0,1,2,1,0,2,2
"V",3,0,1,2,1,2,3,1
"V",3,0,1,2,2,0,1,1
"V",3,0,1,2,2,2,2,1
"V",3,0,1,2,3,0,1,1
"V",3,0,1,2,3,2,1,1
"V",3,0,1,3,0,0,930,732
"V",3,0,1,3,0,1,3,3
"V",3,0,1,3,0,2,1,1
"V",3,0,1,3,1,0,1,1
"V",3,0,1,3,1,1,1,1
"V",3,0,1,3,2,1,1,1
"V",3,0,1,3,2,2,1,1
"V",3,0,1,3,3,2,1,1
"V",3,0,1,4,0,0,440,382
"V",3,0,1,4,0,1,1,1
"V",3,0,1,4,0,2,1,1
"V",3,0,1,4,1,0,1,0
"V",3,0,1,4,1,2,1,1
"V",3,0,1,5,0,0,246,217
"V",3,0,1,5,0,1,3,3
"V",3,0,1,5,1,1,2,2
"V",3,0,1,5,2,1,2,2
"V",3,0,1,5,3,1,2,2
"V",3,0,1,6,0,0,129,125
"V",3,0,1,6,0,1,1,1
"V",3,0,1,6,1,1,1,1
"V",3,0,1,6,2,1,1,1
"V",3,0,1,6,2,2,1,1
"V",3,0,1,7,0,0,54,49
"V",3,0,1,8,0,0,27,26
"V",3,0,1,9,0,0,16,14
"V",3,0,2,-1,0,0,1007,371
"V",3,0,2,-1,0,1,1,1
"V",3,0,2,-1,1,0,3,1
"V",3,0,2,-10,0,0,1,0
"V",3,0,2,-11,0,0,1,0
"V",3,0,2,-12,0,0,1,0
"V",3,0,2,-2,0,0,541,169
"V",3,0,2,-2,0,1,2,1
"V",3,0,2,-2,0,2,1,0
"V",3,0,2,-2,1,1,1,1
"V",3,0,2,-3,0,0,278,50
"V",3,0,2,-3,0,1,1,0
"V",3,0,2,-3,1,0,2,1
"V",3,0,2,-3,2,0,2,1
"V",3,0,2,-3,2,1,2,1
"V",3,0,2,-3,2,2,2,1
"V",3,0,2,-3,3,2,1,1
"V",3,0,2,-4,0,0,148,23
"V",3,0,2,-4,1,0,1,0
"V",3,0,2,-5,0,0,77,7
"V",3,0,2,-6,0,0,38,4
"V",3,0,2,-7,0,0,21,1
"V",3,0,2,-8,0,0,19,0
"V",3,0,2,-9,0,0,3,0
"V",3,0,2,0,0,0,2043,1005
"V",3,0,2,0,0,1,4,1
"V",3,0,2,0,0,2,1,0
"V",3,0,2,0,1,0,4,2
"V",3,0,2,0,1,1,2,0
"V",3,0,2,0,1,2,1,0
"V",3,0,2,0,2,1,1,0
"V",3,0,2,1,0,0,1002,643
"V",3,0,2,1,0,1,2,1
"V",3,0,2,1,1,0,3,2
"V",3,0,2,1,1,1,1,1
"V",3,0,2,1,2,0,2,1
"V",3,0,2,1,2,1,2,1
"V",3,0,2,1,2,2,2,1
"V",3,0,2,1,3,0,1,1
"V",3,0,2,1,3,1,1,1
"V",3,0,2,10,0,0,4,4
"V",3,0,2,11,0,0,2,2
"V",3,0,2,12,0,0,1,1
"V",3,0,2,2,0,0,575,422
"V",3,0,2,2,0,1,1,1
"V",3,0,2,2,1,0,1,0
"V",3,0,2,2,1,1,2,1
"V",3,0,2,2,1,2,1,0
"V",3,0,2,2,2,1,1,1
"V",3,0,2,2,2,2,2,1
"V",3,0,2,3,0,0,295,237
"V",3,0,2,3,1,0,2,1
"V",3,0,2,3,2,0,2,1
"V",3,0,2,3,3,0,2,1
"V",3,0,2,4,0,0,143,123
"V",3,0,2,4,0,1,1,0
"V",3,0,2,5,0,0,67,63
"V",3,0,2,6,0,0,38,36
"V",3,0,2,7,0,0,20,19
"V",3,0,2,8,0,0,11,10
"V",3,0,2,9,0,0,6,6
"V",3,0,3,-1,0,0,195,84
"V",3,0,3,-1,0,1,1,0
"V",3,0,3,-1,1,0,1,0
"V",3,0,3,-1,1,1,1,0
"V",3,0,3,-1,1,2,1,0
"V",3,0,3,-10,0,0,2,0
"V",3,0,3,-2,0,0,95,27
"V",3,0,3,-3,0,0,52,14
"V",3,0,3,-4,0,0,19,7
"V",3,0,3,-5,0,0,13,0
"V",3,0,3,-6,0,0,8,0
"V",3,0,3,-7,0,0,5,0
"V",3,0,3,0,0,0,400,210
"V",3,0,3,0,0,1,1,1
"V",3,0,3,0,1,0,1,0
"V",3,0,3,1,0,0,246,172
"V",3,0,3,1,0,1,1,1
"V",3,0,3,1,0,2,1,1
"V",3,0,3,1,1,2,1,1
"V",3,0,3,1,2,2,1,1
"V",3,0,3,2,0,0,141,109
"V",3,0,3,3,0,0,71,58
"V",3,0,3,4,0,0,48,39
"V",3,0,3,5,0,0,30,29
"V",3,0,3,6,0,0,11,10
"V",3,0,3,7,0,0,4,4
"V",3,0,3,8,0,0,4,4
"V",3,0,3,9,0,0,3,3
"V",3,0,4,-1,0,0,169,77
"V",3,0,4,-10,0,0,1,0
"V",3,0,4,-2,0,0,120,55
"V",3,0,4,-2,0,1,1,1
"V",3,0,4,-2,1,0,1,1
"V",3,0,4,-2,1,1,1,1
"V",3,0,4,-2,2,0,1,1
"V",3,0,4,-2,3,0,1,1
"V",3,0,4,-3,0,0,62,16
"V",3,0,4,-4,0,0,40,11
"V",3,0,4,-5,0,0,21,6
"V",3,0,4,-6,0,0,8,0
"V",3,0,4,-7,0,0,7,0
"V",3,0,4,-8,0,0,1,0
"V",3,0,4,0,0,0,355,208
"V",3,0,4,0,0,1,1,1
"V",3,0,4,0,1,0,1,0
"V",3,0,4,1,0,0,215,157
"V",3,0,4,1,0,1,3,3
"V",3,0,4,1,0,2,3,3
"V",3,0,4,1,1,0,1,0
"V",3,0,4,1,1,2,1,1
"V",3,0,4,1,2,0,1,0
"V",3,0,4,1,3,0,1,0
"V",3,0,4,1,3,1,1,0
"V",3,0,4,11,0,0,1,1
"V",3,0,4,12,0,0,1,1
"V",3,0,4,2,0,0,135,109
"V",3,0,4,3,0,0,66,57
"V",3,0,4,4,0,0,41,34
"V",3,0,4,5,0,0,22,21
"V",3,0,4,6,0,0,11,11
"V",3,0,4,7,0,0,3,3
"V",3,0,4,8,0,0,4,4
"V",3,0,4,9,0,0,3,3
"V",3,0,5,-1,0,0,50,24
"V",3,0,5,-2,0,0,22,9
"V",3,0,5,-3,0,0,13,2
"V",3,0,5,-4,0,0,7,3
"V",3,0,5,-5,0,0,4,1
"V",3,0,5,-6,0,0,1,0
"V",3,0,5,-7,0,0,1,0
"V",3,0,5,-8,0,0,2,0
"V",3,0,5,-9,0,0,1,0
"V",3,0,5,0,0,0,100,54
"V",3,0,5,0,1,0,1,1
"V",3,0,5,0,2,0,1,1
"V",3,0,5,1,0,0,75,51
"V",3,0,5,10,0,0,1,1
"V",3,0,5,11,0,0,1,1
"V",3,0,5,2,0,0,76,55
"V",3,0,5,2,1,0,1,0
"V",3,0,5,2,2,0,1,0
"V",3,0,5,2,2,1,1,0
"V",3,0,5,2,3,1,1,0
"V",3,0,5,3,0,0,39,31
"V",3,0,5,4,0,0,20,19
"V",3,0,5,5,0,0,8,7
"V",3,0,5,6,0,0,6,6
"V",3,0,5,7,0,0,2,2
"V",3,0,5,8,0,0,2,2
"V",3,0,6,-1,0,0,62,32
"V",3,0,6,-1,1,0,1,0
"V",3,0,6,-1,2,0,1,0
"V",3,0,6,-10,0,0,1,0
"V",3,0,6,-2,0,0,27,10
"V",3,0,6,-3,0,0,19,3
"V",3,0,6,-4,0,0,7,2
"V",3,0,6,-5,0,0,6,0
"V",3,0,6,-6,0,0,3,0
"V",3,0,6,-7,0,0,4,0
"V",3,0,6,-9,0,0,1,0
"V",3,0,6,0,0,0,155,101
"V",3,0,6,1,0,0,104,76
"V",3,0,6,1,0,1,1,1
"V",3,0,6,1,1,1,1,1
"V",3,0,6,10,0,0,2,2
"V",3,0,6,2,0,0,64,43
"V",3,0,6,3,0,0,39,34
"V",3,0,6,3,1,0,1,0
"V",3,0,6,3,2,0,1,0
"V",3,0,6,3,2,1,1,0
"V",3,0,6,3,3,1,1,0
"V",3,0,6,3,3,2,1,0
"V",3,0,6,4,0,0,20,19
"V",3,0,6,5,0,0,6,6
"V",3,0,6,6,0,0,4,4
"V",3,0,6,7,0,0,3,3
"V",3,0,6,9,0,0,1,1
"V",3,0,7,-1,0,0,47,32
"V",3,0,7,-1,0,1,1,1
"V",3,0,7,-1,0,2,1,1
"V",3,0,7,-10,0,0,1,0
"V",3,0,7,-2,0,0,20,10
"V",3,0,7,-3,0,0,10,2
"V",3,0,7,-4,0,0,8,2
"V",3,0,7,-5,0,0,4,0
"V",3,0,7,-7,0,0,2,0
"V",3,0,7,-8,0,0,5,0
"V",3,0,7,0,0,0,63,41
"V",3,0,7,1,0,0,58,46
"V",3,0,7,12,0,0,1,1
"V",3,0,7,2,0,0,49,39
"V",3,0,7,3,0,0,22,20
"V",3,0,7,4,0,0,10,10
"V",3,0,7,5,0,0,4,4
"V",3,0,7,6,0,0,5,5
"V",3,0,7,7,0,0,1,1
"V",3,0,7,8,0,0,1,1
"V",3,0,7,9,0,0,1,1
"V",3,0,8,-1,0,0,42,26
"V",3,0,8,-1,0,1,1,0
"V",3,0,8,-1,1,1,1,0
"V",3,0,8,-10,0,0,1,0
"V",3,0,8,-2,0,0,32,19
"V",3,0,8,-3,0,0,19,7
"V",3,0,8,-4,0,0,12,4
"V",3,0,8,-5,0,0,6,2
"V",3,0,8,-6,0,0,3,0
"V",3,0,8,-7,0,0,5,0
"V",3,0,8,-8,0,0,1,0
"V",3,0,8,0,0,0,78,51
"V",3,0,8,1,0,0,64,48
"V",3,0,8,1,1,0,1,0
"V",3,0,8,1,1,1,1,0
"V",3,0,8,1,2,1,1,0
"V",3,0,8,1,2,2,1,0
"V",3,0,8,1,3,2,1,0
"V",3,0,8,2,0,0,36,27
"V",3,0,8,3,0,0,20,17
"V",3,0,8,4,0,0,12,12
"V",3,0,8,5,0,0,8,8
"V",3,0,8,6,0,0,3,3
"V",3,0,8,7,0,0,4,4
"V",3,0,8,8,0,0,1,1
"V",3,0,8,9,0,0,1,1
"V",3,1,1,-1,0,0,2611,805
"V",3,1,1,-1,0,1,5,1
"V",3,1,1,-1,0,2,4,1
"V",3,1,1,-1,1,0,5,2
"V",3,1,1,-1,1,1,3,0
"V",3,1,1,-1,1,2,3,1
"V",3,1,1,-1,2,0,2,2
"V",3,1,1,-1,2,1,1,1
"V",3,1,1,-1,2,2,2,1
"V",3,1,1,-1,3,0,1,1
"V",3,1,1,-1,3,2,1,0
"V",3,1,1,-10,0,0,9,0
"V",3,1,1,-11,0,0,3,0
"V",3,1,1,-14,0,0,1,0
"V",3,1,1,-16,0,0,1,0
"V",3,1,1,-2,0,0,1498,300
"V",3,1,1,-2,0,1,3,0
"V",3,1,1,-2,0,2,1,0
"V",3,1,1,-2,1,0,7,3
"V",3,1,1,-2,1,1,4,2
"V",3,1,1,-2,1,2,2,1
"V",3,1,1,-2,2,0,3,1
"V",3,1,1,-2,2,1,3,1
"V",3,1,1,-2,2,2,3,1
"V",3,1,1,-2,3,1,1,1
"V",3,1,1,-2,3,2,1,0
"V",3,1,1,-3,0,0,692,98
"V",3,1,1,-3,0,1,1,0
"V",3,1,1,-3,1,0,1,1
"V",3,1,1,-3,2,0,1,1
"V",3,1,1,-3,2,1,1,1
"V",3,1,1,-3,3,1,1,1
"V",3,1,1,-3,3,2,1,1
"V",3,1,1,-4,0,0,390,32
"V",3,1,1,-5,0,0,189,7
"V",3,1,1,-6,0,0,92,4
"V",3,1,1,-7,0,0,61,1
"V",3,1,1,-8,0,0,26,0
"V",3,1,1,-9,0,0,15,0
"V",3,1,1,0,0,0,5601,2490
"V",3,1,1,0,0,1,32,17
"V",3,1,1,0,0,2,14,8
"V",3,1,1,0,1,0,20,7
"V",3,1,1,0,1,1,19,6
"V",3,1,1,0,1,2,10,5
"V",3,1,1,0,2,0,5,3
"V",3,1,1,0,2,1,7,1
"V",3,1,1,0,2,2,12,4
"V",3,1,1,0,3,0,2,1
"V",3,1,1,0,3,1,3,1
"V",3,1,1,0,3,2,6,3
"V",3,1,1,1,0,0,2500,1393
"V",3,1,1,1,0,1,13,8
"V",3,1,1,1,0,2,6,4
"V",3,1,1,1,1,0,8,4
"V",3,1,1,1,1,1,11,7
"V",3,1,1,1,1,2,8,7
"V",3,1,1,1,2,0,1,1
"V",3,1,1,1,2,1,7,4
"V",3,1,1,1,2,2,10,9
"V",3,1,1,1,3,0,1,1
"V",3,1,1,1,3,1,3,2
"V",3,1,1,1,3,2,4,4
"V",3,1,1,10,0,0,6,6
"V",3,1,1,11,0,0,1,1
"V",3,1,1,2,0,0,1295,891
"V",3,1,1,2,0,1,3,1
"V",3,1,1,2,0,2,1,0
"V",3,1,1,2,1,0,4,3
"V",3,1,1,2,1,1,2,0
"V",3,1,1,2,1,2,1,0
"V",3,1,1,2,2,0,2,2
"V",3,1,1,2,2,2,1,0
"V",3,1,1,2,3,0,1,1
"V",3,1,1,2,3,1,1,1
"V",3,1,1,2,3,2,1,0
"V",3,1,1,3,0,0,682,527
"V",3,1,1,3,0,1,1,1
"V",3,1,1,3,1,0,3,3
"V",3,1,1,3,1,1,1,1
"V",3,1,1,3,1,2,1,1
"V",3,1,1,3,2,0,1,1
"V",3,1,1,3,2,2,1,1
"V",3,1,1,3,3,0,1,1
"V",3,1,1,3,3,1,1,1
"V",3,1,1,3,3,2,1,1
"V",3,1,1,4,0,0,332,290
"V",3,1,1,4,1,0,1,1
"V",3,1,1,4,2,0,1,1
"V",3,1,1,4,3,0,1,1
"V",3,1,1,5,0,0,192,168
"V",3,1,1,5,0,1,2,2
"V",3,1,1,5,1,0,1,1
"V",3,1,1,5,1,1,2,2
"V",3,1,1,5,2,1,1,1
"V",3,1,1,6,0,0,101,98
"V",3,1,1,7,0,0,43,39
"V",3,1,1,8,0,0,18,18
"V",3,1,1,9,0,0,10,8
"V",3,1,2,-1,0,0,1114,388
"V",3,1,2,-1,0,1,4,1
"V",3,1,2,-1,0,2,2,1
"V",3,1,2,-1,1,0,6,3
"V",3,1,2,-1,1,1,5,3
"V",3,1,2,-1,1,2,2,1
"V",3,1,2,-1,2,0,2,0
"V",3,1,2,-1,2,1,2,2
"V",3,1,2,-1,2,2,1,1
"V",3,1,2,-1,3,0,2,0
"V",3,1,2,-1,3,2,1,1
"V",3,1,2,-10,0,0,3,0
"V",3,1,2,-11,0,0,2,0
"V",3,1,2,-12,0,0,1,0
"V",3,1,2,-2,0,0,643,160
"V",3,1,2,-2,0,1,3,2
"V",3,1,2,-2,1,0,2,0
"V",3,1,2,-2,1,1,3,2
"V",3,1,2,-2,1,2,3,2
"V",3,1,2,-2,2,2,1,1
"V",3,1,2,-3,0,0,346,60
"V",3,1,2,-3,1,0,2,0
"V",3,1,2,-3,2,0,1,0
"V",3,1,2,-3,3,0,1,0
"V",3,1,2,-4,0,0,178,21
"V",3,1,2,-5,0,0,102,2
"V",3,1,2,-6,0,0,44,4
"V",3,1,2,-7,0,0,30,1
"V",3,1,2,-8,0,0,19,0
"V",3,1,2,-9,0,0,3,0
"V",3,1,2,0,0,0,2192,1019
"V",3,1,2,0,0,1,11,4
"V",3,1,2,0,0,2,5,2
"V",3,1,2,0,1,0,9,3
"V",3,1,2,0,1,1,11,4
"V",3,1,2,0,1,2,9,4
"V",3,1,2,0,2,0,2,0
"V",3,1,2,0,2,1,5,1
"V",3,1,2,0,2,2,6,3
"V",3,1,2,0,3,1,2,0
"V",3,1,2,0,3,2,2,1
"V",3,1,2,1,0,0,1177,695
"V",3,1,2,1,0,1,3,1
"V",3,1,2,1,0,2,1,1
"V",3,1,2,1,1,0,5,1
"V",3,1,2,1,1,1,3,1
"V",3,1,2,1,1,2,1,1
"V",3,1,2,1,2,0,3,0
"V",3,1,2,1,2,1,1,0
"V",3,1,2,1,2,2,2,1
"V",3,1,2,1,3,0,2,0
"V",3,1,2,1,3,1,1,0
"V",3,1,2,1,3,2,2,1
"V",3,1,2,10,0,0,7,7
"V",3,1,2,11,0,0,3,3
"V",3,1,2,12,0,0,1,1
"V",3,1,2,14,0,0,1,1
"V",3,1,2,15,0,0,1,1
"V",3,1,2,2,0,0,717,524
"V",3,1,2,3,0,0,421,338
"V",3,1,2,3,1,0,1,1
"V",3,1,2,3,2,0,1,1
"V",3,1,2,3,3,0,1,1
"V",3,1,2,4,0,0,216,193
"V",3,1,2,4,0,1,1,0
"V",3,1,2,4,0,2,1,0
"V",3,1,2,4,1,2,1,0
"V",3,1,2,4,2,2,1,0
"V",3,1,2,5,0,0,118,101
"V",3,1,2,6,0,0,57,54
"V",3,1,2,7,0,0,35,32
"V",3,1,2,8,0,0,11,10
"V",3,1,2,9,0,0,7,7
"V",3,1,3,-1,0,0,451,159
"V",3,1,3,-1,1,0,1,1
"V",3,1,3,-1,1,1,1,1
"V",3,1,3,-1,1,2,1,1
"V",3,1,3,-1,2,2,1,1
"V",3,1,3,-1,3,2,1,1
"V",3,1,3,-10,0,0,1,0
"V",3,1,3,-16,0,0,1,0
"V",3,1,3,-2,0,0,199,44
"V",3,1,3,-2,0,1,1,1
"V",3,1,3,-2,0,2,1,1
"V",3,1,3,-2,1,2,1,1
"V",3,1,3,-2,2,2,1,1
"V",3,1,3,-3,0,0,107,23
"V",3,1,3,-4,0,0,42,10
"V",3,1,3,-5,0,0,16,2
"V",3,1,3,-6,0,0,11,0
"V",3,1,3,-7,0,0,5,0
"V",3,1,3,-8,0,0,2,0
"V",3,1,3,-9,0,0,1,0
"V",3,1,3,0,0,0,1061,529
"V",3,1,3,0,0,1,7,4
"V",3,1,3,0,0,2,3,2
"V",3,1,3,0,1,1,2,1
"V",3,1,3,1,0,0,615,412
"V",3,1,3,1,0,1,2,1
"V",3,1,3,1,1,0,1,1
"V",3,1,3,1,1,1,2,2
"V",3,1,3,1,1,2,1,1
"V",3,1,3,1,2,1,1,1
"V",3,1,3,1,2,2,1,1
"V",3,1,3,1,3,1,1,1
"V",3,1,3,1,3,2,1,1
"V",3,1,3,10,0,0,3,3
"V",3,1,3,15,0,0,1,1
"V",3,1,3,2,0,0,403,296
"V",3,1,3,2,0,1,3,2
"V",3,1,3,2,0,2,3,2
"V",3,1,3,2,1,2,3,2
"V",3,1,3,2,2,2,1,1
"V",3,1,3,3,0,0,248,193
"V",3,1,3,4,0,0,131,109
"V",3,1,3,4,1,0,1,1
"V",3,1,3,5,0,0,63,59
"V",3,1,3,5,0,1,1,1
"V",3,1,3,5,0,2,1,1
"V",3,1,3,5,1,2,1,1
"V",3,1,3,5,2,2,1,1
"V",3,1,3,6,0,0,30,30
"V",3,1,3,7,0,0,18,17
"V",3,1,3,8,0,0,9,9
"V",3,1,3,9,0,0,3,3
"V",3,1,4,-1,0,0,332,136
"V",3,1,4,-1,0,1,1,1
"V",3,1,4,-1,1,0,1,1
"V",3,1,4,-11,0,0,1,0
"V",3,1,4,-2,0,0,214,73
"V",3,1,4,-2,1,0,1,0
"V",3,1,4,-2,2,0,1,0
"V",3,1,4,-2,3,0,1,0
"V",3,1,4,-3,0,0,100,18
"V",3,1,4,-4,0,0,58,7
"V",3,1,4,-5,0,0,31,0
"V",3,1,4,-6,0,0,19,2
"V",3,1,4,-7,0,0,8,1
"V",3,1,4,-8,0,0,7,0
"V",3,1,4,0,0,0,597,309
"V",3,1,4,0,0,1,3,0
"V",3,1,4,0,0,2,1,0
"V",3,1,4,0,1,0,1,0
"V",3,1,4,0,1,1,1,0
"V",3,1,4,1,0,0,379,256
"V",3,1,4,1,1,0,2,1
"V",3,1,4,1,1,1,2,1
"V",3,1,4,1,1,2,1,0
"V",3,1,4,1,2,2,1,0
"V",3,1,4,10,0,0,4,4
"V",3,1,4,11,0,0,1,1
"V",3,1,4,13,0,0,1,1
"V",3,1,4,14,0,0,1,1
"V",3,1,4,15,0,0,1,1
"V",3,1,4,2,0,0,231,180
"V",3,1,4,2,0,1,2,2
"V",3,1,4,2,0,2,2,2
"V",3,1,4,2,1,2,2,2
"V",3,1,4,3,0,0,152,129
"V",3,1,4,4,0,0,84,74
"V",3,1,4,5,0,0,47,44
"V",3,1,4,6,0,0,32,31
"V",3,1,4,6,1,0,1,1
"V",3,1,4,6,1,1,1,1
"V",3,1,4,6,1,2,1,1
"V",3,1,4,7,0,0,13,11
"V",3,1,4,8,0,0,4,4
"V",3,1,4,9,0,0,1,1
"V",3,1,5,-1,0,0,162,71
"V",3,1,5,-2,0,0,59,17
"V",3,1,5,-3,0,0,22,1
"V",3,1,5,-4,0,0,11,2
"V",3,1,5,-5,0,0,10,1
"V",3,1,5,-6,0,0,4,0
"V",3,1,5,-7,0,0,6,0
"V",3,1,5,-8,0,0,2,0
"V",3,1,5,0,0,0,300,163
"V",3,1,5,0,1,0,1,0
"V",3,1,5,0,1,1,1,0
"V",3,1,5,0,1,2,1,0
"V",3,1,5,1,0,0,265,181
"V",3,1,5,1,0,1,1,0
"V",3,1,5,1,0,2,1,0
"V",3,1,5,1,1,0,2,2
"V",3,1,5,1,1,1,1,1
"V",3,1,5,1,1,2,1,0
"V",3,1,5,1,2,0,1,1
"V",3,1,5,1,2,2,1,0
"V",3,1,5,1,3,0,1,1
"V",3,1,5,10,0,0,4,4
"V",3,1,5,11,0,0,1,1
"V",3,1,5,13,0,0,1,1
"V",3,1,5,2,0,0,211,160
"V",3,1,5,2,1,0,1,1
"V",3,1,5,2,2,0,1,1
"V",3,1,5,2,2,1,1,1
"V",3,1,5,2,3,1,1,1
"V",3,1,5,3,0,0,119,96
"V",3,1,5,3,1,0,1,0
"V",3,1,5,3,2,0,1,0
"V",3,1,5,3,2,1,1,0
"V",3,1,5,3,3,1,1,0
"V",3,1,5,3,3,2,1,0
"V",3,1,5,4,0,0,65,56
"V",3,1,5,5,0,0,34,33
"V",3,1,5,6,0,0,15,14
"V",3,1,5,7,0,0,8,8
"V",3,1,5,8,0,0,3,3
"V",3,1,6,-1,0,0,156,74
"V",3,1,6,-10,0,0,1,0
"V",3,1,6,-2,0,0,85,29
"V",3,1,6,-2,0,1,1,1
"V",3,1,6,-2,0,2,1,1
"V",3,1,6,-2,1,2,1,1
"V",3,1,6,-3,0,0,45,9
"V",3,1,6,-3,0,1,1,0
"V",3,1,6,-3,1,1,1,0
"V",3,1,6,-3,2,1,1,0
"V",3,1,6,-3,2,2,1,0
"V",3,1,6,-4,0,0,23,4
"V",3,1,6,-5,0,0,19,2
"V",3,1,6,-6,0,0,5,0
"V",3,1,6,-7,0,0,2,0
"V",3,1,6,-8,0,0,2,0
"V",3,1,6,-9,0,0,1,0
"V",3,1,6,0,0,0,314,175
"V",3,1,6,0,1,0,2,2
"V",3,1,6,0,2,0,2,2
"V",3,1,6,0,2,1,1,1
"V",3,1,6,0,3,0,1,1
"V",3,1,6,0,3,1,1,1
"V",3,1,6,1,0,0,245,173
"V",3,1,6,1,1,0,2,2
"V",3,1,6,1,1,1,1,1
"V",3,1,6,1,2,0,1,1
"V",3,1,6,10,0,0,3,3
"V",3,1,6,12,0,0,1,1
"V",3,1,6,13,0,0,1,1
"V",3,1,6,2,0,0,199,152
"V",3,1,6,3,0,0,100,80
"V",3,1,6,3,1,0,1,0
"V",3,1,6,4,0,0,64,56
"V",3,1,6,5,0,0,24,20
"V",3,1,6,6,0,0,5,5
"V",3,1,6,7,0,0,8,8
"V",3,1,6,8,0,0,5,5
"V",3,1,6,9,0,0,4,4
"V",3,1,7,-1,0,0,132,58
"V",3,1,7,-10,0,0,2,0
"V",3,1,7,-2,0,0,62,22
"V",3,1,7,-2,1,0,1,1
"V",3,1,7,-3,0,0,35,15
"V",3,1,7,-3,0,1,1,0
"V",3,1,7,-3,0,2,1,0
"V",3,1,7,-4,0,0,24,5
"V",3,1,7,-5,0,0,7,0
"V",3,1,7,-6,0,0,3,0
"V",3,1,7,-7,0,0,4,0
"V",3,1,7,-8,0,0,2,0
"V",3,1,7,0,0,0,301,172
"V",3,1,7,0,0,1,1,1
"V",3,1,7,0,1,0,2,2
"V",3,1,7,0,1,1,1,1
"V",3,1,7,0,2,0,2,2
"V",3,1,7,0,3,0,1,1
"V",3,1,7,1,0,0,229,161
"V",3,1,7,1,1,0,1,0
"V",3,1,7,12,0,0,2,2
"V",3,1,7,13,0,0,1,1
"V",3,1,7,2,0,0,151,125
"V",3,1,7,3,0,0,87,73
"V",3,1,7,4,0,0,52,46
"V",3,1,7,5,0,0,23,22
"V",3,1,7,6,0,0,18,18
"V",3,1,7,7,0,0,8,8
"V",3,1,7,8,0,0,6,6
"V",3,1,7,9,0,0,4,4
"V",3,1,8,-1,0,0,106,55
"V",3,1,8,-10,0,0,1,0
"V",3,1,8,-2,0,0,57,20
"V",3,1,8,-3,0,0,23,7
"V",3,1,8,-4,0,0,19,3
"V",3,1,8,-4,1,0,1,0
"V",3,1,8,-4,2,0,1,0
"V",3,1,8,-4,3,0,1,0
"V",3,1,8,-4,3,1,1,0
"V",3,1,8,-4,3,2,1,0
"V",3,1,8,-5,0,0,7,0
"V",3,1,8,-6,0,0,4,0
"V",3,1,8,-7,0,0,6,1
"V",3,1,8,-8,0,0,4,0
"V",3,1,8,0,0,0,188,111
"V",3,1,8,0,0,1,1,1
"V",3,1,8,0,1,1,1,1
"V",3,1,8,0,2,1,1,1
"V",3,1,8,0,3,1,1,1
"V",3,1,8,1,0,0,141,101
"V",3,1,8,1,0,1,1,1
"V",3,1,8,1,1,1,1,1
"V",3,1,8,1,1,2,1,1
"V",3,1,8,1,2,2,1,1
"V",3,1,8,2,0,0,95,78
"V",3,1,8,3,0,0,41,34
"V",3,1,8,4,0,0,26,24
"V",3,1,8,5,0,0,19,17
"V",3,1,8,6,0,0,5,5
"V",3,1,8,7,0,0,5,5
"V",3,1,8,8,0,0,3,3
"V",3,1,8,9,0,0,1,1
"V",3,2,1,-1,0,0,1999,580
"V",3,2,1,-1,0,1,2,0
"V",3,2,1,-1,0,2,1,0
"V",3,2,1,-1,1,0,5,2
"V",3,2,1,-1,1,1,2,1
"V",3,2,1,-1,1,2,1,0
"V",3,2,1,-1,2,0,3,1
"V",3,2,1,-1,2,1,3,1
"V",3,2,1,-1,3,0,1,0
"V",3,2,1,-1,3,1,1,0
"V",3,2,1,-10,0,0,5,0
"V",3,2,1,-11,0,0,2,0
"V",3,2,1,-14,0,0,1,0
"V",3,2,1,-2,0,0,1144,207
"V",3,2,1,-2,0,1,7,1
"V",3,2,1,-2,0,2,2,0
"V",3,2,1,-2,1,0,2,2
"V",3,2,1,-2,1,1,4,1
"V",3,2,1,-2,1,2,2,0
"V",3,2,1,-2,2,0,2,2
"V",3,2,1,-2,2,1,3,3
"V",3,2,1,-2,3,1,3,3
"V",3,2,1,-3,0,0,483,59
"V",3,2,1,-3,0,1,1,0
"V",3,2,1,-3,1,1,1,0
"V",3,2,1,-3,1,2,1,0
"V",3,2,1,-4,0,0,290,19
"V",3,2,1,-4,1,0,1,0
"V",3,2,1,-4,2,0,1,0
"V",3,2,1,-4,3,0,1,0
"V",3,2,1,-5,0,0,129,4
"V",3,2,1,-6,0,0,76,3
"V",3,2,1,-7,0,0,37,1
"V",3,2,1,-8,0,0,18,0
"V",3,2,1,-9,0,0,14,0
"V",3,2,1,0,0,0,4308,1842
"V",3,2,1,0,0,1,17,6
"V",3,2,1,0,0,2,7,3
"V",3,2,1,0,1,0,24,13
"V",3,2,1,0,1,1,18,7
"V",3,2,1,0,1,2,8,6
"V",3,2,1,0,2,0,9,6
"V",3,2,1,0,2,1,13,3
"V",3,2,1,0,2,2,9,5
"V",3,2,1,0,3,0,4,4
"V",3,2,1,0,3,1,7,2
"V",3,2,1,0,3,2,11,5
"V",3,2,1,1,0,0,2026,1106
"V",3,2,1,1,0,1,5,4
"V",3,2,1,1,0,2,2,2
"V",3,2,1,1,1,0,5,4
"V",3,2,1,1,1,1,5,3
"V",3,2,1,1,1,2,2,2
"V",3,2,1,1,2,0,1,1
"V",3,2,1,1,2,1,3,2
"V",3,2,1,1,2,2,4,3
"V",3,2,1,1,3,2,1,0
"V",3,2,1,10,0,0,3,3
"V",3,2,1,11,0,0,2,2
"V",3,2,1,12,0,0,1,1
"V",3,2,1,13,0,0,1,1
"V",3,2,1,2,0,0,1094,718
"V",3,2,1,2,0,1,3,2
"V",3,2,1,2,0,2,1,1
"V",3,2,1,2,1,0,2,1
"V",3,2,1,2,1,1,3,1
"V",3,2,1,2,1,2,2,2
"V",3,2,1,2,2,0,1,1
"V",3,2,1,2,2,1,3,1
"V",3,2,1,2,3,1,1,0
"V",3,2,1,3,0,0,611,457
"V",3,2,1,3,0,1,2,2
"V",3,2,1,3,0,2,1,1
"V",3,2,1,3,1,0,1,0
"V",3,2,1,3,1,1,1,1
"V",3,2,1,3,1,2,1,1
"V",3,2,1,3,2,0,1,0
"V",3,2,1,3,3,0,1,0
"V",3,2,1,3,3,1,1,0
"V",3,2,1,4,0,0,318,267
"V",3,2,1,5,0,0,195,172
"V",3,2,1,5,1,0,2,2
"V",3,2,1,5,1,1,1,1
"V",3,2,1,5,2,0,1,1
"V",3,2,1,5,2,1,1,1
"V",3,2,1,5,3,1,1,1
"V",3,2,1,5,3,2,1,1
"V",3,2,1,6,0,0,99,93
"V",3,2,1,6,1,0,1,1
"V",3,2,1,6,2,0,1,1
"V",3,2,1,6,3,0,1,1
"V",3,2,1,7,0,0,37,35
"V",3,2,1,8,0,0,25,25
"V",3,2,1,9,0,0,13,10
"V",3,2,2,-1,0,0,1070,327
"V",3,2,2,-1,0,1,2,1
"V",3,2,2,-1,1,0,2,0
"V",3,2,2,-1,1,1,2,1
"V",3,2,2,-1,2,0,2,0
"V",3,2,2,-1,2,1,2,1
"V",3,2,2,-1,2,2,1,1
"V",3,2,2,-1,3,2,1,1
"V",3,2,2,-10,0,0,2,0
"V",3,2,2,-11,0,0,2,0
"V",3,2,2,-12,0,0,1,0
"V",3,2,2,-15,0,0,1,0
"V",3,2,2,-2,0,0,598,126
"V",3,2,2,-2,0,1,3,1
"V",3,2,2,-2,0,2,2,1
"V",3,2,2,-2,1,0,2,2
"V",3,2,2,-2,1,1,1,1
"V",3,2,2,-2,1,2,2,1
"V",3,2,2,-3,0,0,299,45
"V",3,2,2,-3,0,1,2,0
"V",3,2,2,-3,0,2,2,0
"V",3,2,2,-3,1,0,1,1
"V",3,2,2,-3,2,0,1,1
"V",3,2,2,-3,2,1,1,1
"V",3,2,2,-3,3,1,1,1
"V",3,2,2,-4,0,0,182,18
"V",3,2,2,-4,0,1,2,1
"V",3,2,2,-4,0,2,2,1
"V",3,2,2,-4,1,2,1,1
"V",3,2,2,-5,0,0,92,3
"V",3,2,2,-6,0,0,39,3
"V",3,2,2,-7,0,0,30,0
"V",3,2,2,-7,1,0,1,0
"V",3,2,2,-7,1,1,1,0
"V",3,2,2,-7,2,1,1,0
"V",3,2,2,-7,3,1,1,0
"V",3,2,2,-7,3,2,1,0
"V",3,2,2,-8,0,0,12,0
"V",3,2,2,-9,0,0,5,0
"V",3,2,2,0,0,0,2164,925
"V",3,2,2,0,0,1,9,5
"V",3,2,2,0,0,2,2,1
"V",3,2,2,0,1,0,12,5
"V",3,2,2,0,1,1,11,6
"V",3,2,2,0,1,2,5,3
"V",3,2,2,0,2,0,4,3
"V",3,2,2,0,2,1,4,2
"V",3,2,2,0,2,2,4,2
"V",3,2,2,0,3,0,2,2
"V",3,2,2,0,3,1,1,1
"V",3,2,2,0,3,2,1,0
"V",3,2,2,1,0,0,1258,706
"V",3,2,2,1,0,1,4,2
"V",3,2,2,1,0,2,3,1
"V",3,2,2,1,1,0,7,4
"V",3,2,2,1,1,1,3,1
"V",3,2,2,1,1,2,1,0
"V",3,2,2,1,2,0,3,3
"V",3,2,2,1,2,1,2,1
"V",3,2,2,1,2,2,1,0
"V",3,2,2,1,3,1,1,1
"V",3,2,2,1,3,2,1,1
"V",3,2,2,10,0,0,2,2
"V",3,2,2,11,0,0,7,7
"V",3,2,2,12,0,0,2,2
"V",3,2,2,14,0,0,1,1
"V",3,2,2,2,0,0,826,571
"V",3,2,2,2,0,1,2,1
"V",3,2,2,2,1,0,2,2
"V",3,2,2,2,1,1,2,1
"V",3,2,2,2,1,2,1,0
"V",3,2,2,2,2,0,1,1
"V",3,2,2,2,3,0,1,1
"V",3,2,2,3,0,0,485,384
"V",3,2,2,3,0,1,2,1
"V",3,2,2,3,1,1,2,1
"V",3,2,2,4,0,0,272,243
"V",3,2,2,5,0,0,169,150
"V",3,2,2,5,0,1,1,1
"V",3,2,2,5,0,2,1,1
"V",3,2,2,5,1,2,1,1
"V",3,2,2,6,0,0,61,57
"V",3,2,2,7,0,0,36,35
"V",3,2,2,8,0,0,16,16
"V",3,2,2,9,0,0,13,12
"V",3,2,3,-1,0,0,552,175
"V",3,2,3,-10,0,0,3,0
"V",3,2,3,-16,0,0,1,0
"V",3,2,3,-2,0,0,277,54
"V",3,2,3,-2,1,0,2,1
"V",3,2,3,-2,2,0,1,1
"V",3,2,3,-2,3,0,1,1
"V",3,2,3,-3,0,0,116,17
"V",3,2,3,-4,0,0,57,10
"V",3,2,3,-5,0,0,22,1
"V",3,2,3,-6,0,0,12,0
"V",3,2,3,-7,0,0,7,0
"V",3,2,3,-8,0,0,1,0
"V",3,2,3,-9,0,0,2,0
"V",3,2,3,0,0,0,1233,572
"V",3,2,3,0,0,1,5,3
"V",3,2,3,0,0,2,2,1
"V",3,2,3,0,1,0,5,1
"V",3,2,3,0,1,1,4,2
"V",3,2,3,0,2,0,3,1
"V",3,2,3,0,2,1,3,1
"V",3,2,3,0,3,0,3,1
"V",3,2,3,0,3,1,2,0
"V",3,2,3,0,3,2,1,0
"V",3,2,3,1,0,0,800,472
"V",3,2,3,1,0,1,3,3
"V",3,2,3,1,0,2,2,2
"V",3,2,3,1,1,0,4,2
"V",3,2,3,1,1,1,3,1
"V",3,2,3,1,2,0,1,1
"V",3,2,3,1,2,1,3,1
"V",3,2,3,1,3,1,2,0
"V",3,2,3,1,3,2,2,0
"V",3,2,3,10,0,0,5,5
"V",3,2,3,11,0,0,2,2
"V",3,2,3,12,0,0,1,1
"V",3,2,3,2,0,0,565,394
"V",3,2,3,2,0,1,1,1
"V",3,2,3,2,1,0,1,1
"V",3,2,3,2,1,1,1,1
"V",3,2,3,2,2,0,1,1
"V",3,2,3,2,2,1,1,1
"V",3,2,3,3,0,0,366,293
"V",3,2,3,3,0,1,1,0
"V",3,2,3,3,1,0,1,1
"V",3,2,3,3,1,1,1,0
"V",3,2,3,3,2,0,1,1
"V",3,2,3,3,2,1,1,0
"V",3,2,3,3,3,0,1,1
"V",3,2,3,4,0,0,201,169
"V",3,2,3,4,0,1,1,0
"V",3,2,3,4,1,0,1,0
"V",3,2,3,4,1,1,2,0
"V",3,2,3,4,1,2,2,0
"V",3,2,3,4,2,2,2,0
"V",3,2,3,5,0,0,104,98
"V",3,2,3,5,1,0,1,1
"V",3,2,3,5,1,1,1,1
"V",3,2,3,5,2,1,1,1
"V",3,2,3,6,0,0,57,52
"V",3,2,3,7,0,0,21,17
"V",3,2,3,8,0,0,12,11
"V",3,2,3,9,0,0,4,4
"V",3,2,4,-1,0,0,362,131
"V",3,2,4,-10,0,0,1,0
"V",3,2,4,-11,0,0,1,0
"V",3,2,4,-12,0,0,1,0
"V",3,2,4,-2,0,0,221,54
"V",3,2,4,-3,0,0,121,14
"V",3,2,4,-4,0,0,73,8
"V",3,2,4,-4,0,1,1,0
"V",3,2,4,-4,1,1,1,0
"V",3,2,4,-5,0,0,37,1
"V",3,2,4,-5,1,0,1,0
"V",3,2,4,-5,2,0,1,0
"V",3,2,4,-5,3,0,1,0
"V",3,2,4,-5,3,1,1,0
"V",3,2,4,-5,3,2,1,0
"V",3,2,4,-6,0,0,22,1
"V",3,2,4,-7,0,0,8,0
"V",3,2,4,-8,0,0,4,0
"V",3,2,4,-9,0,0,2,0
"V",3,2,4,0,0,0,675,290
"V",3,2,4,0,0,1,4,2
"V",3,2,4,0,1,0,7,3
"V",3,2,4,0,1,1,4,2
"V",3,2,4,0,2,0,4,2
"V",3,2,4,0,2,1,2,1
"V",3,2,4,0,3,0,3,2
"V",3,2,4,0,3,1,1,0
"V",3,2,4,0,3,2,1,0
"V",3,2,4,1,0,0,398,229
"V",3,2,4,1,0,1,2,1
"V",3,2,4,1,0,2,1,0
"V",3,2,4,1,1,0,4,3
"V",3,2,4,1,1,1,1,1
"V",3,2,4,1,1,2,1,1
"V",3,2,4,1,2,0,2,2
"V",3,2,4,1,2,2,1,1
"V",3,2,4,1,3,0,1,1
"V",3,2,4,1,3,2,1,1
"V",3,2,4,11,0,0,2,2
"V",3,2,4,14,0,0,1,1
"V",3,2,4,2,0,0,296,222
"V",3,2,4,3,0,0,191,151
"V",3,2,4,4,0,0,122,109
"V",3,2,4,5,0,0,60,51
"V",3,2,4,6,0,0,32,31
"V",3,2,4,7,0,0,16,14
"V",3,2,4,8,0,0,8,8
"V",3,2,4,9,0,0,2,2
"V",3,2,5,-1,0,0,222,68
"V",3,2,5,-1,0,1,2,0
"V",3,2,5,-1,0,2,1,0
"V",3,2,5,-1,1,0,1,0
"V",3,2,5,-1,1,1,1,0
"V",3,2,5,-1,1,2,2,0
"V",3,2,5,-1,2,0,1,0
"V",3,2,5,-1,2,2,1,0
"V",3,2,5,-1,3,0,1,0
"V",3,2,5,-1,3,1,1,0
"V",3,2,5,-1,3,2,2,0
"V",3,2,5,-2,0,0,100,20
"V",3,2,5,-3,0,0,51,10
"V",3,2,5,-4,0,0,25,4
"V",3,2,5,-4,1,0,1,0
"V",3,2,5,-4,1,1,1,0
"V",3,2,5,-4,2,1,1,0
"V",3,2,5,-4,3,1,1,0
"V",3,2,5,-5,0,0,14,0
"V",3,2,5,-6,0,0,8,0
"V",3,2,5,-7,0,0,2,0
"V",3,2,5,-8,0,0,3,0
"V",3,2,5,-9,0,0,1,0
"V",3,2,5,0,0,0,435,199
"V",3,2,5,0,0,1,1,0
"V",3,2,5,0,0,2,1,0
"V",3,2,5,0,1,0,3,3
"V",3,2,5,0,1,1,1,1
"V",3,2,5,0,1,2,1,0
"V",3,2,5,0,2,0,2,2
"V",3,2,5,0,2,1,1,1
"V",3,2,5,0,2,2,1,1
"V",3,2,5,0,3,0,2,2
"V",3,2,5,0,3,1,1,1
"V",3,2,5,0,3,2,1,1
"V",3,2,5,1,0,0,408,254
"V",3,2,5,1,1,0,2,1
"V",3,2,5,1,2,0,1,1
"V",3,2,5,10,0,0,8,8
"V",3,2,5,11,0,0,3,3
"V",3,2,5,15,0,0,1,1
"V",3,2,5,2,0,0,295,206
"V",3,2,5,3,0,0,181,140
"V",3,2,5,3,1,0,1,1
"V",3,2,5,3,1,1,1,1
"V",3,2,5,3,2,1,1,1
"V",3,2,5,3,2,2,1,1
"V",3,2,5,4,0,0,96,84
"V",3,2,5,5,0,0,50,46
"V",3,2,5,6,0,0,27,25
"V",3,2,5,7,0,0,15,15
"V",3,2,5,8,0,0,7,7
"V",3,2,5,9,0,0,4,4
"V",3,2,6,-1,0,0,176,65
"V",3,2,6,-1,0,1,1,1
"V",3,2,6,-1,0,2,1,1
"V",3,2,6,-1,1,0,1,1
"V",3,2,6,-1,2,0,1,1
"V",3,2,6,-1,2,1,1,1
"V",3,2,6,-1,3,1,1,1
"V",3,2,6,-2,0,0,113,34
"V",3,2,6,-3,0,0,60,11
"V",3,2,6,-3,0,1,1,0
"V",3,2,6,-4,0,0,31,2
"V",3,2,6,-5,0,0,20,3
"V",3,2,6,-6,0,0,10,2
"V",3,2,6,-7,0,0,3,0
"V",3,2,6,-8,0,0,4,0
"V",3,2,6,0,0,0,399,206
"V",3,2,6,0,0,1,1,0
"V",3,2,6,0,1,0,1,1
"V",3,2,6,1,0,0,315,194
"V",3,2,6,10,0,0,2,2
"V",3,2,6,2,0,0,238,163
"V",3,2,6,2,1,0,1,1
"V",3,2,6,2,1,1,1,1
"V",3,2,6,2,2,1,1,1
"V",3,2,6,3,0,0,132,103
"V",3,2,6,4,0,0,75,63
"V",3,2,6,5,0,0,40,35
"V",3,2,6,6,0,0,24,23
"V",3,2,6,7,0,0,15,15
"V",3,2,6,8,0,0,6,6
"V",3,2,6,9,0,0,3,2
"V",3,2,7,-1,0,0,130,55
"V",3,2,7,-10,0,0,1,0
"V",3,2,7,-15,0,0,1,0
"V",3,2,7,-2,0,0,64,20
"V",3,2,7,-3,0,0,41,8
"V",3,2,7,-4,0,0,22,0
"V",3,2,7,-5,0,0,8,1
"V",3,2,7,-6,0,0,5,0
"V",3,2,7,-7,0,0,10,0
"V",3,2,7,-8,0,0,2,0
"V",3,2,7,0,0,0,278,144
"V",3,2,7,0,1,0,3,2
"V",3,2,7,0,2,0,3,2
"V",3,2,7,0,3,0,3,2
"V",3,2,7,0,3,1,1,1
"V",3,2,7,0,3,2,1,1
"V",3,2,7,1,0,0,219,135
"V",3,2,7,1,0,1,2,1
"V",3,2,7,1,1,1,2,1
"V",3,2,7,1,2,1,1,1
"V",3,2,7,10,0,0,2,2
"V",3,2,7,11,0,0,1,1
"V",3,2,7,12,0,0,1,1
"V",3,2,7,2,0,0,148,106
"V",3,2,7,3,0,0,107,91
"V",3,2,7,4,0,0,69,59
"V",3,2,7,5,0,0,22,20
"V",3,2,7,6,0,0,23,22
"V",3,2,7,6,0,1,1,1
"V",3,2,7,6,1,1,1,1
"V",3,2,7,7,0,0,5,4
"V",3,2,7,8,0,0,5,5
"V",3,2,7,9,0,0,4,4
"V",3,2,7,9,0,1,1,1
"V",3,2,7,9,0,2,1,1
"V",3,2,7,9,1,2,1,1
"V",3,2,8,-1,0,0,116,54
"V",3,2,8,-1,0,1,1,0
"V",3,2,8,-1,0,2,1,0
"V",3,2,8,-2,0,0,72,23
"V",3,2,8,-3,0,0,30,7
"V",3,2,8,-3,0,1,1,0
"V",3,2,8,-3,0,2,1,0
"V",3,2,8,-4,0,0,24,4
"V",3,2,8,-5,0,0,8,1
"V",3,2,8,-6,0,0,6,0
"V",3,2,8,-7,0,0,5,0
"V",3,2,8,-8,0,0,2,0
"V",3,2,8,0,0,0,223,106
"V",3,2,8,0,0,1,2,1
"V",3,2,8,0,0,2,1,0
"V",3,2,8,0,1,0,2,1
"V",3,2,8,0,1,1,1,1
"V",3,2,8,0,1,2,1,0
"V",3,2,8,0,2,0,2,1
"V",3,2,8,0,2,1,1,1
"V",3,2,8,0,2,2,1,0
"V",3,2,8,0,3,0,2,1
"V",3,2,8,0,3,1,1,1
"V",3,2,8,0,3,2,1,1
"V",3,2,8,1,0,0,143,86
"V",3,2,8,1,0,1,1,1
"V",3,2,8,1,0,2,1,1
"V",3,2,8,10,0,0,1,1
"V",3,2,8,2,0,0,110,80
"V",3,2,8,3,0,0,58,51
"V",3,2,8,4,0,0,40,35
"V",3,2,8,5,0,0,15,15
"V",3,2,8,6,0,0,10,9
"V",3,2,8,7,0,0,3,2
"V",3,2,8,8,0,0,2,2
"V",3,2,8,9,0,0,2,2
"V",4,0,1,-1,0,0,3540,1159
"V",4,0,1,-1,0,1,12,4
"V",4,0,1,-1,0,2,1,0
"V",4,0,1,-1,1,0,4,1
"V",4,0,1,-1,1,1,10,4
"V",4,0,1,-1,1,2,3,1
"V",4,0,1,-1,2,0,3,1
"V",4,0,1,-1,2,1,5,2
"V",4,0,1,-1,2,2,3,1
"V",4,0,1,-1,3,0,3,1
"V",4,0,1,-1,3,1,3,1
"V",4,0,1,-1,3,2,4,0
"V",4,0,1,-10,0,0,25,0
"V",4,0,1,-11,0,0,7,0
"V",4,0,1,-12,0,0,8,0
"V",4,0,1,-13,0,0,1,0
"V",4,0,1,-14,0,0,1,0
"V",4,0,1,-15,0,0,1,0
"V",4,0,1,-16,0,0,1,0
"V",4,0,1,-2,0,0,2335,507
"V",4,0,1,-2,0,1,5,3
"V",4,0,1,-2,0,2,1,0
"V",4,0,1,-2,1,0,9,2
"V",4,0,1,-2,1,1,7,3
"V",4,0,1,-2,1,2,3,1
"V",4,0,1,-2,2,0,4,1
"V",4,0,1,-2,2,1,3,1
"V",4,0,1,-2,2,2,5,2
"V",4,0,1,-2,3,0,3,1
"V",4,0,1,-2,3,1,3,1
"V",4,0,1,-2,3,2,5,2
"V",4,0,1,-3,0,0,1417,205
"V",4,0,1,-3,0,1,2,0
"V",4,0,1,-3,0,2,2,0
"V",4,0,1,-3,1,0,6,1
"V",4,0,1,-3,1,1,2,1
"V",4,0,1,-3,1,2,1,0
"V",4,0,1,-3,2,0,2,0
"V",4,0,1,-3,2,1,3,1
"V",4,0,1,-3,3,0,1,0
"V",4,0,1,-3,3,1,3,1
"V",4,0,1,-3,3,2,1,0
"V",4,0,1,-4,0,0,947,82
"V",4,0,1,-4,0,1,2,0
"V",4,0,1,-4,0,2,1,0
"V",4,0,1,-4,1,0,3,1
"V",4,0,1,-4,1,1,1,1
"V",4,0,1,-4,1,2,1,0
"V",4,0,1,-4,2,0,2,0
"V",4,0,1,-4,2,1,1,0
"V",4,0,1,-4,3,1,1,0
"V",4,0,1,-5,0,0,542,33
"V",4,0,1,-5,0,1,2,1
"V",4,0,1,-5,1,0,1,0
"V",4,0,1,-5,1,1,2,0
"V",4,0,1,-5,1,2,2,0
"V",4,0,1,-6,0,0,276,11
"V",4,0,1,-7,0,0,135,4
"V",4,0,1,-7,1,0,1,0
"V",4,0,1,-7,2,0,1,0
"V",4,0,1,-7,2,1,1,0
"V",4,0,1,-7,3,1,1,0
"V",4,0,1,-8,0,0,70,0
"V",4,0,1,-9,0,0,38,0
"V",4,0,1,0,0,0,5780,2681
"V",4,0,1,0,0,1,31,15
"V",4,0,1,0,0,2,13,8
"V",4,0,1,0,1,0,28,11
"V",4,0,1,0,1,1,33,16
"V",4,0,1,0,1,2,18,8
"V",4,0,1,0,2,0,5,0
"V",4,0,1,0,2,1,14,8
"V",4,0,1,0,2,2,15,7
"V",4,0,1,0,3,0,5,0
"V",4,0,1,0,3,1,11,4
"V",4,0,1,0,3,2,13,8
"V",4,0,1,1,0,0,3358,2074
"V",4,0,1,1,0,1,11,7
"V",4,0,1,1,0,2,4,3
"V",4,0,1,1,1,0,15,9
"V",4,0,1,1,1,1,10,5
"V",4,0,1,1,1,2,8,6
"V",4,0,1,1,2,0,5,3
"V",4,0,1,1,2,1,4,2
"V",4,0,1,1,2,2,4,3
"V",4,0,1,1,3,0,2,2
"V",4,0,1,1,3,1,3,2
"V",4,0,1,1,3,2,4,3
"V",4,0,1,10,0,0,11,11
"V",4,0,1,11,0,0,8,8
"V",4,0,1,12,0,0,3,3
"V",4,0,1,13,0,0,2,2
"V",4,0,1,14,0,0,2,2
"V",4,0,1,15,0,0,1,1
"V",4,0,1,2,0,0,2117,1515
"V",4,0,1,2,0,1,5,4
"V",4,0,1,2,0,2,2,2
"V",4,0,1,2,1,0,4,4
"V",4,0,1,2,1,1,2,2
"V",4,0,1,2,1,2,1,1
"V",4,0,1,2,2,0,2,2
"V",4,0,1,2,2,1,1,1
"V",4,0,1,2,2,2,1,1
"V",4,0,1,2,3,0,1,1
"V",4,0,1,2,3,1,1,1
"V",4,0,1,3,0,0,1296,1059
"V",4,0,1,3,0,1,4,3
"V",4,0,1,3,0,2,2,1
"V",4,0,1,3,1,0,3,2
"V",4,0,1,3,1,1,1,1
"V",4,0,1,3,2,0,3,2
"V",4,0,1,3,2,1,2,2
"V",4,0,1,3,3,0,2,1
"V",4,0,1,3,3,1,1,1
"V",4,0,1,3,3,2,1,1
"V",4,0,1,4,0,0,721,634
"V",4,0,1,4,0,1,2,2
"V",4,0,1,4,0,2,1,1
"V",4,0,1,4,1,2,1,1
"V",4,0,1,5,0,0,425,395
"V",4,0,1,5,0,1,1,1
"V",4,0,1,5,0,2,1,1
"V",4,0,1,5,1,0,1,1
"V",4,0,1,5,1,1,1,1
"V",4,0,1,5,2,1,1,1
"V",4,0,1,5,2,2,1,1
"V",4,0,1,6,0,0,220,206
"V",4,0,1,6,0,1,1,1
"V",4,0,1,6,0,2,1,1
"V",4,0,1,6,1,2,1,1
"V",4,0,1,7,0,0,87,84
"V",4,0,1,7,0,1,1,1
"V",4,0,1,7,1,1,1,1
"V",4,0,1,7,2,1,1,1
"V",4,0,1,7,3,1,1,1
"V",4,0,1,7,3,2,1,1
"V",4,0,1,8,0,0,57,56
"V",4,0,1,9,0,0,20,19
"V",4,0,2,-1,0,0,957,352
"V",4,0,2,-1,0,1,1,0
"V",4,0,2,-1,1,0,2,0
"V",4,0,2,-1,1,1,1,0
"V",4,0,2,-1,1,2,1,0
"V",4,0,2,-1,2,0,1,0
"V",4,0,2,-1,2,2,1,0
"V",4,0,2,-1,3,0,1,0
"V",4,0,2,-1,3,1,1,0
"V",4,0,2,-10,0,0,8,0
"V",4,0,2,-12,0,0,3,0
"V",4,0,2,-16,0,0,1,0
"V",4,0,2,-2,0,0,714,184
"V",4,0,2,-2,0,1,3,0
"V",4,0,2,-2,0,2,1,0
"V",4,0,2,-2,1,0,3,1
"V",4,0,2,-2,1,1,1,0
"V",4,0,2,-2,1,2,1,0
"V",4,0,2,-2,2,0,2,1
"V",4,0,2,-2,2,1,3,1
"V",4,0,2,-2,3,1,1,0
"V",4,0,2,-3,0,0,409,84
"V",4,0,2,-3,0,1,1,0
"V",4,0,2,-3,0,2,1,0
"V",4,0,2,-3,1,2,1,0
"V",4,0,2,-3,2,2,1,0
"V",4,0,2,-4,0,0,290,34
"V",4,0,2,-5,0,0,161,4
"V",4,0,2,-6,0,0,74,2
"V",4,0,2,-7,0,0,45,0
"V",4,0,2,-8,0,0,14,0
"V",4,0,2,-9,0,0,11,0
"V",4,0,2,0,0,0,1622,843
"V",4,0,2,0,0,1,1,0
"V",4,0,2,0,1,0,5,3
"V",4,0,2,0,1,1,5,2
"V",4,0,2,0,1,2,4,2
"V",4,0,2,0,2,1,1,0
"V",4,0,2,0,2,2,4,1
"V",4,0,2,1,0,0,1013,677
"V",4,0,2,1,0,1,1,1
"V",4,0,2,1,1,0,3,2
"V",4,0,2,1,1,1,3,3
"V",4,0,2,1,1,2,2,2
"V",4,0,2,1,2,2,1,1
"V",4,0,2,10,0,0,3,3
"V",4,0,2,12,0,0,1,1
"V",4,0,2,15,0,0,1,1
"V",4,0,2,2,0,0,609,472
"V",4,0,2,3,0,0,397,340
"V",4,0,2,4,0,0,209,183
"V",4,0,2,5,0,0,117,109
"V",4,0,2,6,0,0,53,51
"V",4,0,2,6,0,1,1,1
"V",4,0,2,6,0,2,1,1
"V",4,0,2,6,1,2,1,1
"V",4,0,2,7,0,0,19,19
"V",4,0,2,8,0,0,20,20
"V",4,0,2,9,0,0,7,7
"V",4,0,3,-1,0,0,229,88
"V",4,0,3,-1,0,1,1,1
"V",4,0,3,-1,0,2,1,1
"V",4,0,3,-1,1,2,1,1
"V",4,0,3,-1,2,2,1,1
"V",4,0,3,-1,3,2,1,1
"V",4,0,3,-11,0,0,2,0
"V",4,0,3,-2,0,0,133,46
"V",4,0,3,-3,0,0,103,22
"V",4,0,3,-4,0,0,59,3
"V",4,0,3,-4,0,1,1,0
"V",4,0,3,-4,1,1,1,0
"V",4,0,3,-4,1,2,1,0
"V",4,0,3,-4,2,2,1,0
"V",4,0,3,-4,3,2,1,0
"V",4,0,3,-5,0,0,44,4
"V",4,0,3,-6,0,0,19,1
"V",4,0,3,-7,0,0,5,1
"V",4,0,3,-8,0,0,7,0
"V",4,0,3,0,0,0,366,201
"V",4,0,3,0,0,1,3,1
"V",4,0,3,0,0,2,1,1
"V",4,0,3,0,1,0,1,0
"V",4,0,3,0,1,1,1,0
"V",4,0,3,0,1,2,2,1
"V",4,0,3,0,2,2,2,1
"V",4,0,3,1,0,0,262,170
"V",4,0,3,1,0,1,1,1
"V",4,0,3,1,1,0,2,0
"V",4,0,3,1,1,1,1,0
"V",4,0,3,1,2,0,1,0
"V",4,0,3,1,3,0,1,0
"V",4,0,3,1,3,1,1,0
"V",4,0,3,11,0,0,2,2
"V",4,0,3,13,0,0,1,1
"V",4,0,3,2,0,0,169,126
"V",4,0,3,3,0,0,105,90
"V",4,0,3,4,0,0,51,48
"V",4,0,3,5,0,0,27,24
"V",4,0,3,6,0,0,20,20
"V",4,0,3,6,1,0,1,1
"V",4,0,3,7,0,0,9,9
"V",4,0,3,8,0,0,8,8
"V",4,0,3,9,0,0,1,1
"V",4,0,4,-1,0,0,180,75
"V",4,0,4,-12,0,0,1,0
"V",4,0,4,-2,0,0,169,59
"V",4,0,4,-3,0,0,102,29
"V",4,0,4,-4,0,0,68,13
"V",4,0,4,-5,0,0,44,0
"V",4,0,4,-5,0,1,1,0
"V",4,0,4,-5,0,2,1,0
"V",4,0,4,-6,0,0,16,1
"V",4,0,4,-7,0,0,14,1
"V",4,0,4,-8,0,0,6,0
"V",4,0,4,-9,0,0,2,0
"V",4,0,4,0,0,0,305,188
"V",4,0,4,1,0,0,225,166
"V",4,0,4,1,0,1,1,0
"V",4,0,4,2,0,0,140,113
"V",4,0,4,3,0,0,70,62
"V",4,0,4,4,0,0,45,38
"V",4,0,4,5,0,0,24,23
"V",4,0,4,6,0,0,7,6
"V",4,0,4,7,0,0,3,3
"V",4,0,4,8,0,0,3,3
"V",4,0,4,9,0,0,1,1
"V",4,0,5,-1,0,0,77,30
"V",4,0,5,-1,0,1,1,1
"V",4,0,5,-10,0,0,1,0
"V",4,0,5,-2,0,0,41,14
"V",4,0,5,-3,0,0,26,8
"V",4,0,5,-4,0,0,16,0
"V",4,0,5,-5,0,0,8,0
"V",4,0,5,-6,0,0,5,0
"V",4,0,5,-7,0,0,4,1
"V",4,0,5,-8,0,0,3,0
"V",4,0,5,0,0,0,118,70
"V",4,0,5,1,0,0,94,62
"V",4,0,5,11,0,0,1,1
"V",4,0,5,2,0,0,58,43
"V",4,0,5,3,0,0,29,27
"V",4,0,5,4,0,0,17,15
"V",4,0,5,5,0,0,11,11
"V",4,0,5,6,0,0,5,5
"V",4,0,5,7,0,0,3,3
"V",4,0,5,8,0,0,2,2
"V",4,0,5,9,0,0,2,2
"V",4,0,6,-1,0,0,97,50
"V",4,0,6,-10,0,0,3,0
"V",4,0,6,-2,0,0,75,19
"V",4,0,6,-3,0,0,41,8
"V",4,0,6,-4,0,0,28,2
"V",4,0,6,-5,0,0,17,4
"V",4,0,6,-6,0,0,10,0
"V",4,0,6,-7,0,0,4,0
"V",4,0,6,-8,0,0,4,0
"V",4,0,6,0,0,0,150,93
"V",4,0,6,0,0,1,1,1
"V",4,0,6,0,1,0,2,1
"V",4,0,6,0,2,0,1,0
"V",4,0,6,1,0,0,99,68
"V",4,0,6,2,0,0,48,38
"V",4,0,6,3,0,0,39,34
"V",4,0,6,4,0,0,20,18
"V",4,0,6,5,0,0,8,8
"V",4,0,6,6,0,0,6,6
"V",4,0,6,7,0,0,4,4
"V",4,0,6,8,0,0,2,2
"V",4,0,6,9,0,0,2,2
"V",4,0,7,-1,0,0,52,28
"V",4,0,7,-2,0,0,32,9
"V",4,0,7,-3,0,0,23,4
"V",4,0,7,-4,0,0,13,0
"V",4,0,7,-5,0,0,5,0
"V",4,0,7,-6,0,0,3,1
"V",4,0,7,-7,0,0,4,0
"V",4,0,7,-9,0,0,2,0
"V",4,0,7,0,0,0,90,56
"V",4,0,7,0,0,1,1,0
"V",4,0,7,0,0,2,1,0
"V",4,0,7,0,1,2,1,0
"V",4,0,7,0,2,2,1,0
"V",4,0,7,0,3,2,1,0
"V",4,0,7,1,0,0,55,45
"V",4,0,7,2,0,0,33,27
"V",4,0,7,3,0,0,19,18
"V",4,0,7,4,0,0,9,9
"V",4,0,7,5,0,0,12,12
"V",4,0,7,5,1,0,1,1
"V",4,0,7,5,2,0,1,1
"V",4,0,7,5,3,0,1,1
"V",4,0,7,6,0,0,4,4
"V",4,0,7,7,0,0,3,3
"V",4,0,7,8,0,0,1,1
"V",4,0,8,-1,0,0,54,26
"V",4,0,8,-2,0,0,41,19
"V",4,0,8,-2,0,1,1,1
"V",4,0,8,-2,1,1,1,1
"V",4,0,8,-3,0,0,20,9
"V",4,0,8,-4,0,0,17,4
"V",4,0,8,-5,0,0,8,0
"V",4,0,8,-6,0,0,2,1
"V",4,0,8,-7,0,0,3,0
"V",4,0,8,-9,0,0,1,0
"V",4,0,8,0,0,0,76,53
"V",4,0,8,1,0,0,58,47
"V",4,0,8,2,0,0,38,30
"V",4,0,8,3,0,0,27,25
"V",4,0,8,4,0,0,13,11
"V",4,0,8,5,0,0,11,11
"V",4,0,8,6,0,0,4,3
"V",4,0,8,7,0,0,2,2
"V",4,0,8,8,0,0,1,1
"V",4,1,1,-1,0,0,2413,728
"V",4,1,1,-1,0,1,7,2
"V",4,1,1,-1,0,2,3,1
"V",4,1,1,-1,1,0,4,1
"V",4,1,1,-1,1,1,3,0
"V",4,1,1,-1,1,2,3,0
"V",4,1,1,-1,2,0,1,1
"V",4,1,1,-1,2,1,2,0
"V",4,1,1,-1,2,2,2,0
"V",4,1,1,-1,3,0,1,1
"V",4,1,1,-1,3,1,1,1
"V",4,1,1,-1,3,2,1,0
"V",4,1,1,-10,0,0,17,0
"V",4,1,1,-11,0,0,5,0
"V",4,1,1,-12,0,0,5,0
"V",4,1,1,-13,0,0,1,0
"V",4,1,1,-14,0,0,1,0
"V",4,1,1,-15,0,0,1,0
"V",4,1,1,-2,0,0,1540,289
"V",4,1,1,-2,0,1,5,2
"V",4,1,1,-2,0,2,3,1
"V",4,1,1,-2,1,0,4,1
"V",4,1,1,-2,1,1,4,2
"V",4,1,1,-2,1,2,2,1
"V",4,1,1,-2,2,1,3,2
"V",4,1,1,-2,2,2,2,2
"V",4,1,1,-2,3,1,1,1
"V",4,1,1,-2,3,2,1,1
"V",4,1,1,-3,0,0,925,101
"V",4,1,1,-3,0,1,2,0
"V",4,1,1,-3,0,2,1,0
"V",4,1,1,-3,1,0,3,0
"V",4,1,1,-3,1,1,1,0
"V",4,1,1,-3,1,2,1,0
"V",4,1,1,-3,2,0,1,0
"V",4,1,1,-3,2,2,1,0
"V",4,1,1,-3,3,0,1,0
"V",4,1,1,-4,0,0,607,44
"V",4,1,1,-4,0,1,2,0
"V",4,1,1,-4,1,0,1,0
"V",4,1,1,-4,1,1,1,0
"V",4,1,1,-4,2,1,1,0
"V",4,1,1,-4,3,1,1,0
"V",4,1,1,-4,3,2,1,0
"V",4,1,1,-5,0,0,345,24
"V",4,1,1,-5,0,1,1,0
"V",4,1,1,-5,1,0,1,0
"V",4,1,1,-5,1,1,1,0
"V",4,1,1,-6,0,0,182,9
"V",4,1,1,-7,0,0,86,2
"V",4,1,1,-8,0,0,45,0
"V",4,1,1,-9,0,0,26,0
"V",4,1,1,0,0,0,3888,1662
"V",4,1,1,0,0,1,15,8
"V",4,1,1,0,0,2,4,3
"V",4,1,1,0,1,0,22,9
"V",4,1,1,0,1,1,23,10
"V",4,1,1,0,1,2,5,3
"V",4,1,1,0,2,0,8,2
"V",4,1,1,0,2,1,17,8
"V",4,1,1,0,2,2,9,6
"V",4,1,1,0,3,0,2,1
"V",4,1,1,0,3,1,8,4
"V",4,1,1,0,3,2,10,5
"V",4,1,1,1,0,0,2258,1317
"V",4,1,1,1,0,1,9,6
"V",4,1,1,1,1,0,5,1
"V",4,1,1,1,1,1,7,5
"V",4,1,1,1,1,2,2,2
"V",4,1,1,1,2,0,4,1
"V",4,1,1,1,2,1,6,4
"V",4,1,1,1,2,2,3,2
"V",4,1,1,1,3,0,1,0
"V",4,1,1,1,3,1,2,2
"V",4,1,1,1,3,2,2,1
"V",4,1,1,10,0,0,11,11
"V",4,1,1,11,0,0,5,5
"V",4,1,1,12,0,0,2,2
"V",4,1,1,13,0,0,1,1
"V",4,1,1,14,0,0,2,2
"V",4,1,1,2,0,0,1485,1027
"V",4,1,1,2,0,1,3,2
"V",4,1,1,2,1,0,1,1
"V",4,1,1,2,1,1,2,1
"V",4,1,1,2,2,0,1,1
"V",4,1,1,2,2,1,2,1
"V",4,1,1,2,2,2,2,1
"V",4,1,1,2,3,2,1,1
"V",4,1,1,3,0,0,913,728
"V",4,1,1,3,0,1,1,1
"V",4,1,1,3,1,0,2,1
"V",4,1,1,3,1,1,1,1
"V",4,1,1,3,1,2,1,1
"V",4,1,1,4,0,0,516,446
"V",4,1,1,4,0,1,2,2
"V",4,1,1,4,1,0,1,1
"V",4,1,1,4,2,0,1,1
"V",4,1,1,4,3,0,1,1
"V",4,1,1,5,0,0,305,287
"V",4,1,1,5,0,1,1,1
"V",4,1,1,5,1,0,1,1
"V",4,1,1,5,2,0,1,1
"V",4,1,1,6,0,0,179,165
"V",4,1,1,6,1,0,1,1
"V",4,1,1,6,1,1,1,1
"V",4,1,1,7,0,0,69,66
"V",4,1,1,7,0,1,1,1
"V",4,1,1,7,0,2,1,1
"V",4,1,1,8,0,0,42,41
"V",4,1,1,9,0,0,21,20
"V",4,1,2,-1,0,0,1087,361
"V",4,1,2,-1,0,1,2,1
"V",4,1,2,-1,1,0,2,1
"V",4,1,2,-1,1,1,2,1
"V",4,1,2,-1,1,2,1,0
"V",4,1,2,-1,2,2,1,0
"V",4,1,2,-10,0,0,8,0
"V",4,1,2,-11,0,0,4,0
"V",4,1,2,-12,0,0,1,0
"V",4,1,2,-14,0,0,1,0
"V",4,1,2,-2,0,0,769,176
"V",4,1,2,-2,0,1,3,2
"V",4,1,2,-2,0,2,2,2
"V",4,1,2,-2,1,1,1,0
"V",4,1,2,-2,1,2,3,2
"V",4,1,2,-2,2,2,1,1
"V",4,1,2,-3,0,0,456,63
"V",4,1,2,-3,0,1,2,0
"V",4,1,2,-3,0,2,1,0
"V",4,1,2,-3,1,0,2,0
"V",4,1,2,-3,1,1,2,0
"V",4,1,2,-3,1,2,3,0
"V",4,1,2,-4,0,0,330,32
"V",4,1,2,-4,0,1,1,0
"V",4,1,2,-4,1,0,1,0
"V",4,1,2,-5,0,0,155,12
"V",4,1,2,-5,0,1,1,0
"V",4,1,2,-5,0,2,1,0
"V",4,1,2,-5,1,0,1,0
"V",4,1,2,-6,0,0,86,2
"V",4,1,2,-7,0,0,46,2
"V",4,1,2,-8,0,0,16,0
"V",4,1,2,-9,0,0,12,0
"V",4,1,2,0,0,0,1724,802
"V",4,1,2,0,0,1,6,5
"V",4,1,2,0,0,2,2,2
"V",4,1,2,0,1,0,5,2
"V",4,1,2,0,1,1,3,2
"V",4,1,2,0,1,2,3,2
"V",4,1,2,0,2,0,2,0
"V",4,1,2,0,2,2,1,0
"V",4,1,2,0,3,0,1,0
"V",4,1,2,0,3,2,1,0
"V",4,1,2,1,0,0,1130,697
"V",4,1,2,1,0,1,4,3
"V",4,1,2,1,0,2,1,1
"V",4,1,2,1,1,0,4,2
"V",4,1,2,1,1,1,4,2
"V",4,1,2,1,1,2,3,1
"V",4,1,2,1,2,0,1,1
"V",4,1,2,1,2,1,1,1
"V",4,1,2,1,2,2,1,1
"V",4,1,2,10,0,0,4,4
"V",4,1,2,11,0,0,1,1
"V",4,1,2,12,0,0,3,3
"V",4,1,2,15,0,0,1,1
"V",4,1,2,2,0,0,733,543
"V",4,1,2,3,0,0,476,390
"V",4,1,2,4,0,0,289,261
"V",4,1,2,4,0,1,3,3
"V",4,1,2,4,1,1,3,3
"V",4,1,2,4,1,2,1,1
"V",4,1,2,4,2,1,1,1
"V",4,1,2,4,2,2,2,2
"V",4,1,2,5,0,0,155,144
"V",4,1,2,5,0,1,1,1
"V",4,1,2,5,1,0,3,3
"V",4,1,2,5,1,1,1,1
"V",4,1,2,5,2,0,2,2
"V",4,1,2,5,2,1,1,1
"V",4,1,2,5,2,2,1,1
"V",4,1,2,6,0,0,98,92
"V",4,1,2,7,0,0,47,47
"V",4,1,2,8,0,0,24,24
"V",4,1,2,9,0,0,14,13
"V",4,1,3,-1,0,0,484,178
"V",4,1,3,-10,0,0,4,0
"V",4,1,3,-15,0,0,1,0
"V",4,1,3,-16,0,0,1,0
"V",4,1,3,-2,0,0,230,51
"V",4,1,3,-2,0,1,2,0
"V",4,1,3,-2,0,2,1,0
"V",4,1,3,-2,1,0,1,0
"V",4,1,3,-2,1,1,1,0
"V",4,1,3,-2,1,2,1,0
"V",4,1,3,-2,2,2,1,0
"V",4,1,3,-3,0,0,149,20
"V",4,1,3,-3,1,0,1,0
"V",4,1,3,-3,2,0,1,0
"V",4,1,3,-3,3,0,1,0
"V",4,1,3,-3,3,1,1,0
"V",4,1,3,-3,3,2,1,0
"V",4,1,3,-4,0,0,88,8
"V",4,1,3,-4,1,0,1,0
"V",4,1,3,-4,2,0,1,0
"V",4,1,3,-4,3,0,1,0
"V",4,1,3,-4,3,1,1,0
"V",4,1,3,-4,3,2,1,0
"V",4,1,3,-5,0,0,44,4
"V",4,1,3,-6,0,0,25,1
"V",4,1,3,-7,0,0,13,0
"V",4,1,3,-8,0,0,4,0
"V",4,1,3,-9,0,0,3,0
"V",4,1,3,0,0,0,829,429
"V",4,1,3,0,0,1,2,1
"V",4,1,3,0,1,0,3,0
"V",4,1,3,0,1,1,2,0
"V",4,1,3,0,1,2,1,0
"V",4,1,3,0,2,1,1,0
"V",4,1,3,0,3,1,1,0
"V",4,1,3,0,3,2,1,0
"V",4,1,3,1,0,0,656,431
"V",4,1,3,1,0,1,1,1
"V",4,1,3,1,0,2,1,1
"V",4,1,3,1,1,0,2,1
"V",4,1,3,1,1,2,1,1
"V",4,1,3,1,2,0,2,1
"V",4,1,3,10,0,0,3,3
"V",4,1,3,11,0,0,3,3
"V",4,1,3,13,0,0,1,1
"V",4,1,3,14,0,0,1,1
"V",4,1,3,2,0,0,440,335
"V",4,1,3,2,1,0,4,3
"V",4,1,3,2,1,1,4,3
"V",4,1,3,2,1,2,1,0
"V",4,1,3,3,0,0,271,225
"V",4,1,3,3,0,1,2,2
"V",4,1,3,3,1,1,1,1
"V",4,1,3,3,2,1,1,1
"V",4,1,3,4,0,0,158,137
"V",4,1,3,5,0,0,113,99
"V",4,1,3,5,1,0,2,2
"V",4,1,3,5,2,0,2,2
"V",4,1,3,5,3,0,1,1
"V",4,1,3,5,3,1,1,1
"V",4,1,3,6,0,0,58,56
"V",4,1,3,7,0,0,21,21
"V",4,1,3,8,0,0,19,19
"V",4,1,3,9,0,0,5,5
"V",4,1,4,-1,0,0,281,110
"V",4,1,4,-1,0,1,1,1
"V",4,1,4,-1,0,2,1,1
"V",4,1,4,-10,0,0,4,0
"V",4,1,4,-14,0,0,1,0
"V",4,1,4,-2,0,0,238,60
"V",4,1,4,-2,0,1,1,0
"V",4,1,4,-2,1,1,1,0
"V",4,1,4,-2,1,2,1,0
"V",4,1,4,-3,0,0,159,30
"V",4,1,4,-4,0,0,103,12
"V",4,1,4,-5,0,0,54,3
"V",4,1,4,-6,0,0,26,2
"V",4,1,4,-7,0,0,12,1
"V",4,1,4,-8,0,0,6,0
"V",4,1,4,-9,0,0,4,0
"V",4,1,4,0,0,0,436,238
"V",4,1,4,0,0,1,1,0
"V",4,1,4,0,0,2,1,0
"V",4,1,4,0,1,0,2,2
"V",4,1,4,0,1,2,1,0
"V",4,1,4,1,0,0,365,244
"V",4,1,4,1,0,1,1,1
"V",4,1,4,10,0,0,1,1
"V",4,1,4,2,0,0,236,183
"V",4,1,4,2,0,1,1,1
"V",4,1,4,2,1,0,1,1
"V",4,1,4,2,1,1,2,2
"V",4,1,4,2,1,2,1,1
"V",4,1,4,2,2,1,1,1
"V",4,1,4,3,0,0,166,137
"V",4,1,4,4,0,0,107,95
"V",4,1,4,4,1,0,1,1
"V",4,1,4,4,1,1,1,1
"V",4,1,4,4,2,1,1,1
"V",4,1,4,5,0,0,65,57
"V",4,1,4,6,0,0,34,32
"V",4,1,4,7,0,0,15,15
"V",4,1,4,8,0,0,7,7
"V",4,1,4,9,0,0,9,9
"V",4,1,5,-1,0,0,190,79
"V",4,1,5,-11,0,0,1,0
"V",4,1,5,-2,0,0,97,33
"V",4,1,5,-3,0,0,57,12
"V",4,1,5,-4,0,0,30,4
"V",4,1,5,-5,0,0,32,3
"V",4,1,5,-6,0,0,10,1
"V",4,1,5,-7,0,0,3,0
"V",4,1,5,-8,0,0,7,0
"V",4,1,5,0,0,0,304,170
"V",4,1,5,0,0,1,1,0
"V",4,1,5,0,0,2,1,0
"V",4,1,5,0,1,0,1,0
"V",4,1,5,1,0,0,263,175
"V",4,1,5,1,0,1,2,1
"V",4,1,5,1,0,2,1,0
"V",4,1,5,1,1,1,1,1
"V",4,1,5,1,1,2,2,1
"V",4,1,5,1,2,2,1,0
"V",4,1,5,10,0,0,3,3
"V",4,1,5,11,0,0,2,2
"V",4,1,5,2,0,0,189,148
"V",4,1,5,3,0,0,124,110
"V",4,1,5,4,0,0,71,61
"V",4,1,5,4,0,1,1,1
"V",4,1,5,4,0,2,1,1
"V",4,1,5,4,1,2,1,1
"V",4,1,5,5,0,0,46,42
"V",4,1,5,6,0,0,33,33
"V",4,1,5,7,0,0,21,21
"V",4,1,5,8,0,0,9,9
"V",4,1,5,9,0,0,5,5
"V",4,1,6,-1,0,0,183,80
"V",4,1,6,-10,0,0,1,0
"V",4,1,6,-12,0,0,1,0
"V",4,1,6,-2,0,0,116,30
"V",4,1,6,-3,0,0,57,11
"V",4,1,6,-3,0,1,1,0
"V",4,1,6,-4,0,0,46,7
"V",4,1,6,-5,0,0,29,3
"V",4,1,6,-6,0,0,11,0
"V",4,1,6,-7,0,0,3,0
"V",4,1,6,-8,0,0,3,0
"V",4,1,6,-9,0,0,1,0
"V",4,1,6,0,0,0,254,146
"V",4,1,6,1,0,0,203,142
"V",4,1,6,10,0,0,1,1
"V",4,1,6,14,0,0,1,1
"V",4,1,6,2,0,0,151,118
"V",4,1,6,2,0,1,1,0
"V",4,1,6,2,0,2,1,0
"V",4,1,6,3,0,0,115,90
"V",4,1,6,3,0,1,2,1
"V",4,1,6,3,0,2,1,0
"V",4,1,6,3,1,1,1,1
"V",4,1,6,3,1,2,1,1
"V",4,1,6,3,2,2,1,1
"V",4,1,6,3,3,2,1,1
"V",4,1,6,4,0,0,60,52
"V",4,1,6,5,0,0,55,52
"V",4,1,6,6,0,0,27,26
"V",4,1,6,7,0,0,20,20
"V",4,1,6,8,0,0,10,10
"V",4,1,6,9,0,0,2,2
"V",4,1,7,-1,0,0,132,45
"V",4,1,7,-2,0,0,105,30
"V",4,1,7,-3,0,0,34,6
"V",4,1,7,-3,1,0,1,0
"V",4,1,7,-3,1,1,1,0
"V",4,1,7,-3,1,2,1,0
"V",4,1,7,-3,2,2,1,0
"V",4,1,7,-3,3,2,1,0
"V",4,1,7,-4,0,0,28,5
"V",4,1,7,-5,0,0,11,0
"V",4,1,7,-6,0,0,9,1
"V",4,1,7,-7,0,0,4,0
"V",4,1,7,-9,0,0,2,0
"V",4,1,7,0,0,0,231,125
"V",4,1,7,0,0,1,1,0
"V",4,1,7,0,1,1,1,0
"V",4,1,7,0,1,2,1,0
"V",4,1,7,1,0,0,190,144
"V",4,1,7,1,1,0,1,0
"V",4,1,7,1,1,1,1,0
"V",4,1,7,1,2,1,1,0
"V",4,1,7,1,3,1,1,0
"V",4,1,7,10,0,0,2,2
"V",4,1,7,2,0,0,116,95
"V",4,1,7,3,0,0,76,67
"V",4,1,7,3,1,0,1,1
"V",4,1,7,3,2,0,1,1
"V",4,1,7,3,2,1,1,1
"V",4,1,7,3,3,1,1,1
"V",4,1,7,3,3,2,1,1
"V",4,1,7,4,0,0,67,61
"V",4,1,7,5,0,0,36,35
"V",4,1,7,6,0,0,20,19
"V",4,1,7,7,0,0,5,5
"V",4,1,7,8,0,0,7,7
"V",4,1,7,9,0,0,3,3
"V",4,1,8,-1,0,0,99,46
"V",4,1,8,-1,0,1,1,1
"V",4,1,8,-1,0,2,1,1
"V",4,1,8,-10,0,0,2,0
"V",4,1,8,-14,0,0,1,0
"V",4,1,8,-2,0,0,61,21
"V",4,1,8,-3,0,0,41,10
"V",4,1,8,-3,1,0,1,0
"V",4,1,8,-3,2,0,1,0
"V",4,1,8,-3,2,1,1,0
"V",4,1,8,-4,0,0,31,4
"V",4,1,8,-5,0,0,16,2
"V",4,1,8,-6,0,0,8,1
"V",4,1,8,-7,0,0,5,0
"V",4,1,8,-8,0,0,1,0
"V",4,1,8,0,0,0,138,78
"V",4,1,8,0,0,1,1,1
"V",4,1,8,0,0,2,1,1
"V",4,1,8,1,0,0,132,98
"V",4,1,8,1,1,0,1,1
"V",4,1,8,1,2,0,1,1
"V",4,1,8,1,3,0,1,1
"V",4,1,8,2,0,0,101,82
"V",4,1,8,2,1,0,2,2
"V",4,1,8,2,1,1,1,1
"V",4,1,8,2,2,0,1,1
"V",4,1,8,2,2,1,1,1
"V",4,1,8,2,2,2,1,1
"V",4,1,8,2,3,0,1,1
"V",4,1,8,2,3,1,1,1
"V",4,1,8,2,3,2,2,2
"V",4,1,8,3,0,0,57,51
"V",4,1,8,3,1,0,1,1
"V",4,1,8,3,1,1,1,1
"V",4,1,8,3,1,2,1,1
"V",4,1,8,4,0,0,39,36
"V",4,1,8,4,1,0,1,1
"V",4,1,8,4,2,0,1,1
"V",4,1,8,4,3,0,1,1
"V",4,1,8,5,0,0,32,32
"V",4,1,8,5,1,0,1,1
"V",4,1,8,5,2,0,1,1
"V",4,1,8,5,2,1,1,1
"V",4,1,8,5,2,2,1,1
"V",4,1,8,6,0,0,13,12
"V",4,1,8,7,0,0,10,10
"V",4,1,8,8,0,0,2,2
"V",4,1,8,9,0,0,1,1
"V",4,2,1,-1,0,0,1812,496
"V",4,2,1,-1,0,1,4,0
"V",4,2,1,-1,0,2,1,0
"V",4,2,1,-1,1,0,7,1
"V",4,2,1,-1,1,1,6,1
"V",4,2,1,-1,1,2,2,0
"V",4,2,1,-1,2,0,3,0
"V",4,2,1,-1,2,1,3,1
"V",4,2,1,-1,2,2,3,1
"V",4,2,1,-1,3,0,2,0
"V",4,2,1,-1,3,1,2,0
"V",4,2,1,-1,3,2,3,0
"V",4,2,1,-10,0,0,12,0
"V",4,2,1,-11,0,0,1,0
"V",4,2,1,-12,0,0,5,0
"V",4,2,1,-13,0,0,1,0
"V",4,2,1,-15,0,0,1,0
"V",4,2,1,-2,0,0,1143,196
"V",4,2,1,-2,0,1,3,1
"V",4,2,1,-2,0,2,1,0
"V",4,2,1,-2,1,0,2,0
"V",4,2,1,-2,1,1,1,0
"V",4,2,1,-2,2,0,1,0
"V",4,2,1,-3,0,0,682,63
"V",4,2,1,-3,0,1,1,0
"V",4,2,1,-3,0,2,1,0
"V",4,2,1,-3,1,0,3,0
"V",4,2,1,-3,1,1,1,0
"V",4,2,1,-3,1,2,2,0
"V",4,2,1,-3,2,0,1,0
"V",4,2,1,-3,2,2,1,0
"V",4,2,1,-3,3,0,1,0
"V",4,2,1,-3,3,1,1,0
"V",4,2,1,-3,3,2,1,0
"V",4,2,1,-4,0,0,431,26
"V",4,2,1,-4,0,1,1,0
"V",4,2,1,-4,0,2,1,0
"V",4,2,1,-4,1,0,1,0
"V",4,2,1,-4,1,1,1,0
"V",4,2,1,-4,1,2,1,0
"V",4,2,1,-4,2,1,1,0
"V",4,2,1,-4,2,2,1,0
"V",4,2,1,-4,3,1,1,0
"V",4,2,1,-4,3,2,1,0
"V",4,2,1,-5,0,0,266,11
"V",4,2,1,-6,0,0,135,7
"V",4,2,1,-7,0,0,61,0
"V",4,2,1,-8,0,0,30,0
"V",4,2,1,-9,0,0,19,0
"V",4,2,1,0,0,0,2951,1201
"V",4,2,1,0,0,1,13,8
"V",4,2,1,0,0,2,5,4
"V",4,2,1,0,1,0,19,6
"V",4,2,1,0,1,1,12,5
"V",4,2,1,0,1,2,4,1
"V",4,2,1,0,2,0,4,2
"V",4,2,1,0,2,1,7,4
"V",4,2,1,0,2,2,3,3
"V",4,2,1,0,3,1,3,1
"V",4,2,1,0,3,2,4,3
"V",4,2,1,1,0,0,1791,1013
"V",4,2,1,1,0,1,7,6
"V",4,2,1,1,0,2,2,2
"V",4,2,1,1,1,0,6,3
"V",4,2,1,1,1,1,6,5
"V",4,2,1,1,1,2,3,2
"V",4,2,1,1,2,0,2,1
"V",4,2,1,1,2,1,3,3
"V",4,2,1,1,2,2,2,1
"V",4,2,1,1,3,0,1,0
"V",4,2,1,1,3,1,1,1
"V",4,2,1,10,0,0,16,16
"V",4,2,1,11,0,0,6,6
"V",4,2,1,12,0,0,5,5
"V",4,2,1,13,0,0,1,1
"V",4,2,1,14,0,0,1,1
"V",4,2,1,2,0,0,1242,846
"V",4,2,1,2,0,1,1,1
"V",4,2,1,2,0,2,1,1
"V",4,2,1,2,1,0,6,4
"V",4,2,1,2,1,1,1,1
"V",4,2,1,2,1,2,2,2
"V",4,2,1,2,2,0,4,2
"V",4,2,1,2,2,1,2,1
"V",4,2,1,2,2,2,1,0
"V",4,2,1,2,3,0,2,1
"V",4,2,1,2,3,1,2,2
"V",4,2,1,3,0,0,784,628
"V",4,2,1,3,0,1,3,2
"V",4,2,1,3,0,2,1,1
"V",4,2,1,3,1,0,1,1
"V",4,2,1,3,1,1,3,2
"V",4,2,1,3,1,2,1,0
"V",4,2,1,3,2,1,2,2
"V",4,2,1,3,2,2,1,0
"V",4,2,1,3,3,1,2,2
"V",4,2,1,3,3,2,2,1
"V",4,2,1,4,0,0,464,397
"V",4,2,1,4,1,0,1,1
"V",4,2,1,4,1,1,1,1
"V",4,2,1,4,2,1,1,1
"V",4,2,1,4,3,1,1,1
"V",4,2,1,5,0,0,266,248
"V",4,2,1,6,0,0,157,146
"V",4,2,1,7,0,0,66,62
"V",4,2,1,8,0,0,44,43
"V",4,2,1,9,0,0,21,21
"V",4,2,2,-1,0,0,999,304
"V",4,2,2,-1,0,1,1,0
"V",4,2,2,-1,1,0,1,1
"V",4,2,2,-1,1,1,1,1
"V",4,2,2,-1,1,2,1,1
"V",4,2,2,-10,0,0,5,0
"V",4,2,2,-11,0,0,4,0
"V",4,2,2,-12,0,0,2,0
"V",4,2,2,-15,0,0,1,0
"V",4,2,2,-2,0,0,657,134
"V",4,2,2,-2,0,1,1,0
"V",4,2,2,-2,0,2,1,0
"V",4,2,2,-2,1,0,2,2
"V",4,2,2,-2,1,2,1,0
"V",4,2,2,-2,2,0,2,2
"V",4,2,2,-2,2,1,1,1
"V",4,2,2,-2,2,2,2,1
"V",4,2,2,-2,3,0,1,1
"V",4,2,2,-2,3,1,1,1
"V",4,2,2,-3,0,0,423,47
"V",4,2,2,-3,0,1,2,0
"V",4,2,2,-3,0,2,1,0
"V",4,2,2,-3,1,2,1,0
"V",4,2,2,-4,0,0,283,17
"V",4,2,2,-5,0,0,151,8
"V",4,2,2,-5,0,1,1,0
"V",4,2,2,-5,1,1,1,0
"V",4,2,2,-6,0,0,76,2
"V",4,2,2,-7,0,0,44,1
"V",4,2,2,-8,0,0,15,0
"V",4,2,2,-9,0,0,12,0
"V",4,2,2,0,0,0,1547,668
"V",4,2,2,0,0,1,3,2
"V",4,2,2,0,0,2,2,1
"V",4,2,2,0,1,0,9,4
"V",4,2,2,0,1,1,4,3
"V",4,2,2,0,1,2,3,1
"V",4,2,2,0,2,0,4,1
"V",4,2,2,0,2,1,1,1
"V",4,2,2,0,3,0,2,0
"V",4,2,2,0,3,1,1,0
"V",4,2,2,0,3,2,1,0
"V",4,2,2,1,0,0,1136,654
"V",4,2,2,1,0,1,3,0
"V",4,2,2,1,1,0,4,3
"V",4,2,2,1,1,1,2,0
"V",4,2,2,1,1,2,1,0
"V",4,2,2,1,2,0,3,3
"V",4,2,2,1,2,1,2,2
"V",4,2,2,1,2,2,1,1
"V",4,2,2,1,3,0,1,1
"V",4,2,2,1,3,1,1,1
"V",4,2,2,10,0,0,11,11
"V",4,2,2,11,0,0,4,4
"V",4,2,2,12,0,0,3,3
"V",4,2,2,13,0,0,1,1
"V",4,2,2,15,0,0,1,1
"V",4,2,2,2,0,0,796,566
"V",4,2,2,2,0,1,1,1
"V",4,2,2,2,1,0,5,5
"V",4,2,2,2,1,1,2,2
"V",4,2,2,2,1,2,1,1
"V",4,2,2,2,2,0,2,2
"V",4,2,2,2,3,0,1,1
"V",4,2,2,2,3,1,1,1
"V",4,2,2,3,0,0,522,423
"V",4,2,2,3,0,1,1,1
"V",4,2,2,3,0,2,1,1
"V",4,2,2,3,1,0,1,1
"V",4,2,2,3,1,1,1,1
"V",4,2,2,3,2,1,1,1
"V",4,2,2,3,3,1,1,1
"V",4,2,2,3,3,2,1,1
"V",4,2,2,4,0,0,341,298
"V",4,2,2,4,0,1,3,3
"V",4,2,2,4,1,0,3,3
"V",4,2,2,4,1,1,4,4
"V",4,2,2,4,2,0,1,1
"V",4,2,2,4,2,1,3,3
"V",4,2,2,4,2,2,3,3
"V",4,2,2,4,3,2,1,1
"V",4,2,2,5,0,0,198,181
"V",4,2,2,5,0,1,1,1
"V",4,2,2,5,1,0,1,1
"V",4,2,2,5,2,0,1,1
"V",4,2,2,5,3,0,1,1
"V",4,2,2,6,0,0,127,122
"V",4,2,2,7,0,0,59,58
"V",4,2,2,8,0,0,34,34
"V",4,2,2,9,0,0,15,14
"V",4,2,3,-1,0,0,559,174
"V",4,2,3,-1,1,0,3,2
"V",4,2,3,-1,1,1,1,1
"V",4,2,3,-1,1,2,1,1
"V",4,2,3,-1,2,0,1,1
"V",4,2,3,-1,2,2,1,1
"V",4,2,3,-1,3,0,1,1
"V",4,2,3,-10,0,0,4,0
"V",4,2,3,-11,0,0,1,0
"V",4,2,3,-2,0,0,289,57
"V",4,2,3,-2,0,1,1,0
"V",4,2,3,-2,1,0,1,0
"V",4,2,3,-2,1,1,1,0
"V",4,2,3,-2,1,2,1,0
"V",4,2,3,-2,2,0,1,0
"V",4,2,3,-2,2,1,1,0
"V",4,2,3,-2,2,2,2,0
"V",4,2,3,-2,3,2,1,0
"V",4,2,3,-3,0,0,162,21
"V",4,2,3,-4,0,0,101,5
"V",4,2,3,-5,0,0,61,5
"V",4,2,3,-6,0,0,39,0
"V",4,2,3,-7,0,0,15,0
"V",4,2,3,-8,0,0,8,0
"V",4,2,3,-9,0,0,2,0
"V",4,2,3,0,0,0,916,413
"V",4,2,3,0,0,1,2,0
"V",4,2,3,0,0,2,1,0
"V",4,2,3,0,1,0,2,1
"V",4,2,3,0,1,1,1,1
"V",4,2,3,0,1,2,1,0
"V",4,2,3,0,2,0,1,0
"V",4,2,3,0,2,1,1,1
"V",4,2,3,0,2,2,1,1
"V",4,2,3,0,3,0,1,0
"V",4,2,3,1,0,0,718,440
"V",4,2,3,1,1,0,2,2
"V",4,2,3,1,1,1,1,1
"V",4,2,3,1,1,2,1,1
"V",4,2,3,1,2,0,1,1
"V",4,2,3,1,2,1,1,1
"V",4,2,3,10,0,0,5,5
"V",4,2,3,11,0,0,5,5
"V",4,2,3,12,0,0,1,1
"V",4,2,3,13,0,0,1,1
"V",4,2,3,15,0,0,1,1
"V",4,2,3,2,0,0,509,366
"V",4,2,3,2,0,1,2,0
"V",4,2,3,2,0,2,2,0
"V",4,2,3,2,1,0,2,2
"V",4,2,3,2,1,1,1,1
"V",4,2,3,2,1,2,2,1
"V",4,2,3,2,2,0,1,1
"V",4,2,3,2,2,1,1,1
"V",4,2,3,3,0,0,361,296
"V",4,2,3,3,0,1,1,1
"V",4,2,3,3,1,0,1,0
"V",4,2,3,3,1,1,1,1
"V",4,2,3,3,2,0,1,0
"V",4,2,3,3,2,1,1,0
"V",4,2,3,3,3,1,1,0
"V",4,2,3,3,3,2,1,0
"V",4,2,3,4,0,0,247,219
"V",4,2,3,5,0,0,159,143
"V",4,2,3,6,0,0,88,85
"V",4,2,3,7,0,0,42,41
"V",4,2,3,8,0,0,30,30
"V",4,2,3,9,0,0,14,14
"V",4,2,4,-1,0,0,345,129
"V",4,2,4,-1,0,1,1,0
"V",4,2,4,-10,0,0,3,0
"V",4,2,4,-11,0,0,2,0
"V",4,2,4,-12,0,0,1,0
"V",4,2,4,-2,0,0,219,53
"V",4,2,4,-2,1,0,1,0
"V",4,2,4,-2,2,0,1,0
"V",4,2,4,-2,2,1,1,0
"V",4,2,4,-2,3,1,1,0
"V",4,2,4,-3,0,0,161,22
"V",4,2,4,-4,0,0,112,7
"V",4,2,4,-5,0,0,62,5
"V",4,2,4,-6,0,0,35,0
"V",4,2,4,-7,0,0,19,1
"V",4,2,4,-8,0,0,8,0
"V",4,2,4,-9,0,0,6,0
"V",4,2,4,0,0,0,469,239
"V",4,2,4,0,0,1,3,2
"V",4,2,4,0,0,2,2,1
"V",4,2,4,0,1,0,2,1
"V",4,2,4,0,2,0,1,1
"V",4,2,4,1,0,0,429,266
"V",4,2,4,1,0,1,2,1
"V",4,2,4,1,0,2,2,1
"V",4,2,4,1,1,2,1,1
"V",4,2,4,10,0,0,3,3
"V",4,2,4,11,0,0,1,1
"V",4,2,4,2,0,0,292,217
"V",4,2,4,2,0,1,1,0
"V",4,2,4,2,0,2,1,0
"V",4,2,4,2,1,0,2,2
"V",4,2,4,2,1,1,1,1
"V",4,2,4,2,1,2,2,1
"V",4,2,4,2,2,2,1,1
"V",4,2,4,3,0,0,194,155
"V",4,2,4,3,0,1,1,1
"V",4,2,4,4,0,0,132,112
"V",4,2,4,5,0,0,77,66
"V",4,2,4,6,0,0,47,46
"V",4,2,4,7,0,0,22,22
"V",4,2,4,8,0,0,14,14
"V",4,2,4,9,0,0,5,5
"V",4,2,5,-1,0,0,236,70
"V",4,2,5,-1,0,1,1,0
"V",4,2,5,-10,0,0,1,0
"V",4,2,5,-15,0,0,1,0
"V",4,2,5,-2,0,0,134,24
"V",4,2,5,-3,0,0,82,8
"V",4,2,5,-3,0,1,1,0
"V",4,2,5,-4,0,0,42,7
"V",4,2,5,-5,0,0,31,0
"V",4,2,5,-6,0,0,15,3
"V",4,2,5,-7,0,0,10,0
"V",4,2,5,-8,0,0,7,0
"V",4,2,5,-9,0,0,2,0
"V",4,2,5,0,0,0,439,187
"V",4,2,5,0,0,1,3,0
"V",4,2,5,0,0,2,1,0
"V",4,2,5,0,1,1,1,0
"V",4,2,5,0,1,2,1,0
"V",4,2,5,0,2,1,1,0
"V",4,2,5,0,2,2,1,0
"V",4,2,5,0,3,1,1,0
"V",4,2,5,0,3,2,1,0
"V",4,2,5,1,0,0,357,229
"V",4,2,5,1,0,1,2,1
"V",4,2,5,1,0,2,1,1
"V",4,2,5,1,1,0,1,1
"V",4,2,5,1,1,1,2,1
"V",4,2,5,1,1,2,1,1
"V",4,2,5,1,2,1,1,1
"V",4,2,5,1,2,2,1,1
"V",4,2,5,10,0,0,7,7
"V",4,2,5,2,0,0,261,182
"V",4,2,5,2,1,0,1,1
"V",4,2,5,2,1,1,1,1
"V",4,2,5,2,2,1,1,1
"V",4,2,5,2,3,1,1,1
"V",4,2,5,3,0,0,153,128
"V",4,2,5,3,0,1,1,1
"V",4,2,5,3,1,1,1,1
"V",4,2,5,3,1,2,1,1
"V",4,2,5,4,0,0,94,83
"V",4,2,5,5,0,0,67,59
"V",4,2,5,6,0,0,39,38
"V",4,2,5,7,0,0,25,24
"V",4,2,5,8,0,0,15,15
"V",4,2,5,9,0,0,3,3
"V",4,2,6,-1,0,0,189,81
"V",4,2,6,-15,0,0,1,0
"V",4,2,6,-2,0,0,127,25
"V",4,2,6,-3,0,0,79,8
"V",4,2,6,-4,0,0,55,7
"V",4,2,6,-5,0,0,22,2
"V",4,2,6,-6,0,0,13,1
"V",4,2,6,-7,0,0,4,0
"V",4,2,6,-8,0,0,1,0
"V",4,2,6,0,0,0,283,139
"V",4,2,6,0,0,1,1,0
"V",4,2,6,0,1,1,1,0
"V",4,2,6,1,0,0,243,147
"V",4,2,6,1,0,1,2,1
"V",4,2,6,10,0,0,2,2
"V",4,2,6,15,0,0,1,1
"V",4,2,6,2,0,0,176,134
"V",4,2,6,3,0,0,130,101
"V",4,2,6,4,0,0,74,69
"V",4,2,6,4,0,1,1,1
"V",4,2,6,4,1,0,2,2
"V",4,2,6,4,1,1,1,1
"V",4,2,6,4,1,2,1,1
"V",4,2,6,4,2,0,2,2
"V",4,2,6,4,2,1,1,1
"V",4,2,6,4,2,2,1,1
"V",4,2,6,4,3,2,1,1
"V",4,2,6,5,0,0,75,68
"V",4,2,6,5,1,0,1,0
"V",4,2,6,5,2,0,1,0
"V",4,2,6,5,2,1,1,0
"V",4,2,6,6,0,0,47,44
"V",4,2,6,6,0,1,1,1
"V",4,2,6,7,0,0,20,19
"V",4,2,6,8,0,0,8,8
"V",4,2,6,9,0,0,7,7
"V",4,2,7,-1,0,0,143,48
"V",4,2,7,-1,1,0,1,1
"V",4,2,7,-1,2,0,1,1
"V",4,2,7,-1,3,0,1,1
"V",4,2,7,-13,0,0,1,0
"V",4,2,7,-2,0,0,89,21
"V",4,2,7,-2,1,0,1,0
"V",4,2,7,-2,2,0,1,0
"V",4,2,7,-2,3,0,1,0
"V",4,2,7,-3,0,0,41,6
"V",4,2,7,-4,0,0,42,5
"V",4,2,7,-5,0,0,23,3
"V",4,2,7,-6,0,0,7,0
"V",4,2,7,-7,0,0,2,0
"V",4,2,7,-8,0,0,2,0
"V",4,2,7,0,0,0,214,100
"V",4,2,7,0,0,1,1,0
"V",4,2,7,0,1,0,1,1
"V",4,2,7,0,1,1,1,0
"V",4,2,7,0,2,1,1,0
"V",4,2,7,0,3,1,1,0
"V",4,2,7,0,3,2,1,0
"V",4,2,7,1,0,0,206,137
"V",4,2,7,1,0,1,1,0
"V",4,2,7,1,1,0,1,0
"V",4,2,7,1,1,1,1,0
"V",4,2,7,1,2,0,1,0
"V",4,2,7,1,3,0,1,0
"V",4,2,7,10,0,0,2,2
"V",4,2,7,2,0,0,139,111
"V",4,2,7,2,1,0,1,1
"V",4,2,7,2,1,1,1,1
"V",4,2,7,2,1,2,1,1
"V",4,2,7,2,2,2,1,1
"V",4,2,7,2,3,2,1,1
"V",4,2,7,3,0,0,102,81
"V",4,2,7,4,0,0,74,61
"V",4,2,7,5,0,0,42,40
"V",4,2,7,6,0,0,25,24
"V",4,2,7,7,0,0,13,12
"V",4,2,7,8,0,0,4,4
"V",4,2,7,9,0,0,3,3
"V",4,2,8,-1,0,0,112,40
"V",4,2,8,-1,0,1,1,0
"V",4,2,8,-1,1,0,1,1
"V",4,2,8,-1,1,1,1,1
"V",4,2,8,-1,1,2,1,1
"V",4,2,8,-1,2,2,1,1
"V",4,2,8,-10,0,0,2,0
"V",4,2,8,-12,0,0,1,0
"V",4,2,8,-2,0,0,68,17
"V",4,2,8,-2,1,0,1,0
"V",4,2,8,-2,2,0,1,0
"V",4,2,8,-2,2,1,1,0
"V",4,2,8,-2,3,1,1,0
"V",4,2,8,-3,0,0,47,10
"V",4,2,8,-4,0,0,30,3
"V",4,2,8,-5,0,0,11,1
"V",4,2,8,-6,0,0,6,0
"V",4,2,8,-7,0,0,6,0
"V",4,2,8,-8,0,0,1,0
"V",4,2,8,0,0,0,159,74
"V",4,2,8,1,0,0,156,94
"V",4,2,8,1,1,0,1,0
"V",4,2,8,1,1,1,1,0
"V",4,2,8,1,1,2,1,0
"V",4,2,8,2,0,0,104,74
"V",4,2,8,2,1,0,1,1
"V",4,2,8,2,2,0,1,1
"V",4,2,8,2,3,0,1,1
"V",4,2,8,2,3,1,1,1
"V",4,2,8,2,3,2,1,1
"V",4,2,8,3,0,0,64,53
"V",4,2,8,4,0,0,51,42
"V",4,2,8,4,1,0,1,1
"V",4,2,8,4,2,0,1,1
"V",4,2,8,4,2,1,1,1
"V",4,2,8,5,0,0,36,32
"V",4,2,8,6,0,0,21,20
"V",4,2,8,7,0,0,13,13
"V",4,2,8,8,0,0,4,4
"V",5,0,1,-1,0,0,3394,1053
"V",5,0,1,-1,0,1,8,1
"V",5,0,1,-1,0,2,4,1
"V",5,0,1,-1,1,0,5,4
"V",5,0,1,-1,1,1,6,2
"V",5,0,1,-1,1,2,6,2
"V",5,0,1,-1,2,0,2,2
"V",5,0,1,-1,2,1,3,1
"V",5,0,1,-1,2,2,2,1
"V",5,0,1,-1,3,0,2,2
"V",5,0,1,-1,3,1,2,1
"V",5,0,1,-1,3,2,2,1
"V",5,0,1,-10,0,0,41,0
"V",5,0,1,-11,0,0,22,0
"V",5,0,1,-12,0,0,13,0
"V",5,0,1,-13,0,0,5,0
"V",5,0,1,-14,0,0,4,0
"V",5,0,1,-15,0,0,2,0
"V",5,0,1,-19,0,0,1,0
"V",5,0,1,-2,0,0,2506,504
"V",5,0,1,-2,0,1,9,3
"V",5,0,1,-2,0,2,5,0
"V",5,0,1,-2,1,0,6,2
"V",5,0,1,-2,1,1,5,1
"V",5,0,1,-2,1,2,5,0
"V",5,0,1,-2,2,0,2,1
"V",5,0,1,-2,2,1,3,0
"V",5,0,1,-2,2,2,5,0
"V",5,0,1,-2,3,0,1,1
"V",5,0,1,-2,3,1,1,0
"V",5,0,1,-2,3,2,1,0
"V",5,0,1,-3,0,0,1656,213
"V",5,0,1,-3,0,1,3,0
"V",5,0,1,-3,0,2,1,0
"V",5,0,1,-3,1,0,5,0
"V",5,0,1,-3,1,1,5,0
"V",5,0,1,-3,1,2,2,0
"V",5,0,1,-3,2,1,1,0
"V",5,0,1,-3,2,2,2,0
"V",5,0,1,-3,3,2,1,0
"V",5,0,1,-4,0,0,1032,63
"V",5,0,1,-4,0,1,2,0
"V",5,0,1,-4,0,2,2,0
"V",5,0,1,-4,1,0,4,1
"V",5,0,1,-4,1,1,1,0
"V",5,0,1,-4,2,0,3,1
"V",5,0,1,-4,2,1,2,0
"V",5,0,1,-4,2,2,1,0
"V",5,0,1,-4,3,0,2,1
"V",5,0,1,-4,3,1,2,1
"V",5,0,1,-4,3,2,1,0
"V",5,0,1,-5,0,0,619,31
"V",5,0,1,-5,0,1,4,0
"V",5,0,1,-5,0,2,1,0
"V",5,0,1,-5,1,0,1,0
"V",5,0,1,-5,1,1,2,0
"V",5,0,1,-5,2,1,1,0
"V",5,0,1,-5,2,2,1,0
"V",5,0,1,-6,0,0,388,12
"V",5,0,1,-7,0,0,233,3
"V",5,0,1,-7,0,1,1,0
"V",5,0,1,-7,0,2,1,0
"V",5,0,1,-7,1,2,1,0
"V",5,0,1,-8,0,0,121,1
"V",5,0,1,-9,0,0,94,0
"V",5,0,1,0,0,0,4394,2025
"V",5,0,1,0,0,1,10,3
"V",5,0,1,0,0,2,5,2
"V",5,0,1,0,1,0,22,12
"V",5,0,1,0,1,1,11,3
"V",5,0,1,0,1,2,4,2
"V",5,0,1,0,2,0,7,5
"V",5,0,1,0,2,1,4,1
"V",5,0,1,0,2,2,4,2
"V",5,0,1,0,3,0,5,3
"V",5,0,1,0,3,1,5,3
"V",5,0,1,0,3,2,6,3
"V",5,0,1,1,0,0,3187,2040
"V",5,0,1,1,0,1,7,5
"V",5,0,1,1,0,2,4,2
"V",5,0,1,1,1,0,4,3
"V",5,0,1,1,1,1,4,4
"V",5,0,1,1,1,2,4,2
"V",5,0,1,1,2,0,2,1
"V",5,0,1,1,2,1,2,2
"V",5,0,1,1,2,2,2,2
"V",5,0,1,1,3,0,1,1
"V",5,0,1,1,3,1,1,1
"V",5,0,1,10,0,0,26,26
"V",5,0,1,11,0,0,10,10
"V",5,0,1,12,0,0,6,6
"V",5,0,1,13,0,0,2,2
"V",5,0,1,14,0,0,1,1
"V",5,0,1,15,0,0,2,2
"V",5,0,1,2,0,0,2147,1611
"V",5,0,1,2,0,1,8,7
"V",5,0,1,2,0,2,2,1
"V",5,0,1,2,1,0,11,10
"V",5,0,1,2,1,1,11,11
"V",5,0,1,2,1,2,6,5
"V",5,0,1,2,2,0,6,5
"V",5,0,1,2,2,1,6,5
"V",5,0,1,2,2,2,5,4
"V",5,0,1,2,3,0,2,2
"V",5,0,1,2,3,1,3,3
"V",5,0,1,2,3,2,3,2
"V",5,0,1,3,0,0,1441,1221
"V",5,0,1,3,0,1,3,1
"V",5,0,1,3,0,2,1,0
"V",5,0,1,3,1,0,2,2
"V",5,0,1,3,1,1,2,1
"V",5,0,1,3,1,2,1,0
"V",5,0,1,3,2,0,2,2
"V",5,0,1,3,2,1,3,2
"V",5,0,1,3,2,2,1,1
"V",5,0,1,3,3,0,1,1
"V",5,0,1,3,3,1,2,2
"V",5,0,1,3,3,2,1,1
"V",5,0,1,4,0,0,863,770
"V",5,0,1,4,1,0,2,2
"V",5,0,1,4,1,1,1,1
"V",5,0,1,4,2,1,1,1
"V",5,0,1,4,2,2,1,1
"V",5,0,1,4,3,2,1,1
"V",5,0,1,5,0,0,543,512
"V",5,0,1,5,1,0,2,2
"V",5,0,1,5,1,1,1,1
"V",5,0,1,5,1,2,1,1
"V",5,0,1,6,0,0,328,312
"V",5,0,1,6,0,1,1,1
"V",5,0,1,6,1,1,1,1
"V",5,0,1,6,1,2,1,1
"V",5,0,1,7,0,0,151,149
"V",5,0,1,8,0,0,90,90
"V",5,0,1,9,0,0,43,42
"V",5,0,2,-1,0,0,953,362
"V",5,0,2,-1,0,1,4,2
"V",5,0,2,-1,0,2,1,1
"V",5,0,2,-1,1,0,2,1
"V",5,0,2,-1,1,1,2,0
"V",5,0,2,-1,2,0,1,1
"V",5,0,2,-1,2,1,2,1
"V",5,0,2,-1,3,1,1,1
"V",5,0,2,-10,0,0,13,0
"V",5,0,2,-11,0,0,7,0
"V",5,0,2,-12,0,0,6,0
"V",5,0,2,-13,0,0,1,0
"V",5,0,2,-14,0,0,1,0
"V",5,0,2,-15,0,0,2,0
"V",5,0,2,-19,0,0,1,0
"V",5,0,2,-2,0,0,699,187
"V",5,0,2,-2,0,1,3,1
"V",5,0,2,-2,1,0,1,1
"V",5,0,2,-2,1,1,1,1
"V",5,0,2,-2,1,2,1,1
"V",5,0,2,-2,2,2,1,1
"V",5,0,2,-3,0,0,431,77
"V",5,0,2,-3,0,1,1,0
"V",5,0,2,-3,1,0,2,0
"V",5,0,2,-3,1,1,1,0
"V",5,0,2,-3,1,2,1,0
"V",5,0,2,-3,2,0,2,0
"V",5,0,2,-3,2,1,1,0
"V",5,0,2,-3,3,0,1,0
"V",5,0,2,-3,3,1,1,0
"V",5,0,2,-3,3,2,1,0
"V",5,0,2,-4,0,0,261,17
"V",5,0,2,-4,0,1,1,0
"V",5,0,2,-4,0,2,1,0
"V",5,0,2,-4,1,0,1,1
"V",5,0,2,-4,1,1,1,1
"V",5,0,2,-4,2,1,1,1
"V",5,0,2,-4,2,2,1,1
"V",5,0,2,-4,3,2,1,1
"V",5,0,2,-5,0,0,198,12
"V",5,0,2,-5,1,0,1,0
"V",5,0,2,-5,2,0,1,0
"V",5,0,2,-5,3,0,1,0
"V",5,0,2,-5,3,1,1,0
"V",5,0,2,-5,3,2,1,0
"V",5,0,2,-6,0,0,113,2
"V",5,0,2,-7,0,0,55,0
"V",5,0,2,-7,1,0,1,0
"V",5,0,2,-7,1,1,1,0
"V",5,0,2,-7,2,1,1,0
"V",5,0,2,-8,0,0,30,1
"V",5,0,2,-9,0,0,29,0
"V",5,0,2,0,0,0,1144,591
"V",5,0,2,0,0,1,1,1
"V",5,0,2,0,0,2,1,1
"V",5,0,2,0,1,0,3,2
"V",5,0,2,0,1,1,2,1
"V",5,0,2,0,1,2,1,1
"V",5,0,2,0,2,0,1,1
"V",5,0,2,0,2,2,1,1
"V",5,0,2,1,0,0,879,585
"V",5,0,2,1,0,1,1,0
"V",5,0,2,1,1,0,1,1
"V",5,0,2,10,0,0,10,10
"V",5,0,2,11,0,0,3,3
"V",5,0,2,12,0,0,3,3
"V",5,0,2,15,0,0,1,1
"V",5,0,2,2,0,0,592,468
"V",5,0,2,2,0,1,4,4
"V",5,0,2,2,1,0,6,6
"V",5,0,2,2,1,1,4,4
"V",5,0,2,2,1,2,2,2
"V",5,0,2,2,2,0,3,3
"V",5,0,2,2,2,1,2,2
"V",5,0,2,2,3,0,3,3
"V",5,0,2,2,3,1,2,2
"V",5,0,2,2,3,2,2,2
"V",5,0,2,3,0,0,399,337
"V",5,0,2,4,0,0,289,263
"V",5,0,2,5,0,0,143,137
"V",5,0,2,6,0,0,112,109
"V",5,0,2,6,0,1,1,1
"V",5,0,2,6,1,1,1,1
"V",5,0,2,6,1,2,1,1
"V",5,0,2,7,0,0,52,51
"V",5,0,2,8,0,0,24,24
"V",5,0,2,9,0,0,8,8
"V",5,0,3,-1,0,0,173,77
"V",5,0,3,-10,0,0,4,0
"V",5,0,3,-11,0,0,1,0
"V",5,0,3,-12,0,0,2,0
"V",5,0,3,-2,0,0,128,32
"V",5,0,3,-3,0,0,85,19
"V",5,0,3,-4,0,0,61,6
"V",5,0,3,-5,0,0,33,4
"V",5,0,3,-6,0,0,14,2
"V",5,0,3,-7,0,0,11,0
"V",5,0,3,-8,0,0,11,0
"V",5,0,3,-9,0,0,10,0
"V",5,0,3,0,0,0,272,155
"V",5,0,3,0,1,0,2,2
"V",5,0,3,0,2,0,2,2
"V",5,0,3,0,2,1,2,2
"V",5,0,3,0,3,1,2,2
"V",5,0,3,1,0,0,187,143
"V",5,0,3,1,0,1,1,1
"V",5,0,3,10,0,0,2,2
"V",5,0,3,11,0,0,1,1
"V",5,0,3,2,0,0,155,124
"V",5,0,3,2,1,0,1,1
"V",5,0,3,3,0,0,105,89
"V",5,0,3,3,1,0,1,1
"V",5,0,3,3,1,1,1,1
"V",5,0,3,3,1,2,1,1
"V",5,0,3,3,2,2,1,1
"V",5,0,3,4,0,0,70,64
"V",5,0,3,5,0,0,42,41
"V",5,0,3,6,0,0,25,23
"V",5,0,3,7,0,0,17,17
"V",5,0,3,8,0,0,9,9
"V",5,0,3,9,0,0,7,7
"V",5,0,4,-1,0,0,183,90
"V",5,0,4,-1,0,1,1,1
"V",5,0,4,-1,1,0,1,1
"V",5,0,4,-1,2,0,1,1
"V",5,0,4,-10,0,0,1,0
"V",5,0,4,-11,0,0,2,0
"V",5,0,4,-12,0,0,2,0
"V",5,0,4,-14,0,0,1,0
"V",5,0,4,-15,0,0,1,0
"V",5,0,4,-19,0,0,1,0
"V",5,0,4,-2,0,0,186,73
"V",5,0,4,-2,0,1,2,1
"V",5,0,4,-2,0,2,1,1
"V",5,0,4,-2,1,1,1,0
"V",5,0,4,-2,1,2,1,0
"V",5,0,4,-3,0,0,103,29
"V",5,0,4,-4,0,0,62,10
"V",5,0,4,-4,0,1,1,1
"V",5,0,4,-4,1,0,1,1
"V",5,0,4,-4,2,0,1,1
"V",5,0,4,-4,3,0,1,1
"V",5,0,4,-5,0,0,48,8
"V",5,0,4,-6,0,0,29,0
"V",5,0,4,-7,0,0,15,0
"V",5,0,4,-7,1,0,1,0
"V",5,0,4,-7,1,1,1,0
"V",5,0,4,-7,2,1,1,0
"V",5,0,4,-8,0,0,8,1
"V",5,0,4,-9,0,0,8,0
"V",5,0,4,0,0,0,238,146
"V",5,0,4,0,0,1,2,2
"V",5,0,4,0,1,1,1,1
"V",5,0,4,0,2,1,1,1
"V",5,0,4,0,2,2,1,1
"V",5,0,4,0,3,2,1,1
"V",5,0,4,1,0,0,158,122
"V",5,0,4,1,0,1,1,1
"V",5,0,4,1,0,2,1,1
"V",5,0,4,10,0,0,2,2
"V",5,0,4,2,0,0,136,114
"V",5,0,4,2,0,1,2,2
"V",5,0,4,2,0,2,2,2
"V",5,0,4,2,1,0,1,1
"V",5,0,4,2,1,1,1,1
"V",5,0,4,2,2,1,1,1
"V",5,0,4,2,2,2,1,1
"V",5,0,4,3,0,0,94,82
"V",5,0,4,4,0,0,60,55
"V",5,0,4,4,0,1,1,1
"V",5,0,4,4,0,2,1,1
"V",5,0,4,4,1,2,1,1
"V",5,0,4,5,0,0,44,41
"V",5,0,4,6,0,0,18,16
"V",5,0,4,6,1,0,1,1
"V",5,0,4,6,2,0,1,1
"V",5,0,4,6,2,1,1,1
"V",5,0,4,7,0,0,16,15
"V",5,0,4,8,0,0,5,5
"V",5,0,4,9,0,0,3,3
"V",5,0,5,-1,0,0,52,16
"V",5,0,5,-13,0,0,1,0
"V",5,0,5,-2,0,0,39,9
"V",5,0,5,-2,0,1,1,0
"V",5,0,5,-2,0,2,1,0
"V",5,0,5,-2,1,0,1,0
"V",5,0,5,-2,1,2,1,0
"V",5,0,5,-3,0,0,25,6
"V",5,0,5,-4,0,0,13,2
"V",5,0,5,-5,0,0,12,2
"V",5,0,5,-6,0,0,4,0
"V",5,0,5,-7,0,0,1,1
"V",5,0,5,-8,0,0,4,0
"V",5,0,5,-9,0,0,3,0
"V",5,0,5,0,0,0,73,47
"V",5,0,5,1,0,0,71,50
"V",5,0,5,1,1,0,1,1
"V",5,0,5,1,2,0,1,1
"V",5,0,5,1,2,1,1,1
"V",5,0,5,15,0,0,1,1
"V",5,0,5,2,0,0,52,42
"V",5,0,5,2,0,1,1,1
"V",5,0,5,2,0,2,1,1
"V",5,0,5,3,0,0,38,34
"V",5,0,5,4,0,0,28,27
"V",5,0,5,5,0,0,15,14
"V",5,0,5,5,0,1,1,1
"V",5,0,5,5,1,1,1,1
"V",5,0,5,5,2,1,1,1
"V",5,0,5,5,2,2,1,1
"V",5,0,5,5,3,2,1,1
"V",5,0,5,6,0,0,10,10
"V",5,0,5,7,0,0,6,6
"V",5,0,5,8,0,0,5,5
"V",5,0,5,9,0,0,1,1
"V",5,0,6,-1,0,0,59,34
"V",5,0,6,-10,0,0,1,0
"V",5,0,6,-2,0,0,60,21
"V",5,0,6,-3,0,0,34,9
"V",5,0,6,-4,0,0,16,2
"V",5,0,6,-4,0,1,1,0
"V",5,0,6,-4,0,2,1,0
"V",5,0,6,-5,0,0,10,0
"V",5,0,6,-6,0,0,11,1
"V",5,0,6,-7,0,0,3,1
"V",5,0,6,-8,0,0,2,0
"V",5,0,6,-9,0,0,1,0
"V",5,0,6,0,0,0,87,60
"V",5,0,6,1,0,0,81,68
"V",5,0,6,11,0,0,1,1
"V",5,0,6,2,0,0,57,45
"V",5,0,6,2,1,0,1,1
"V",5,0,6,2,1,1,1,1
"V",5,0,6,2,1,2,1,1
"V",5,0,6,2,2,2,1,1
"V",5,0,6,3,0,0,46,38
"V",5,0,6,4,0,0,32,30
"V",5,0,6,5,0,0,23,23
"V",5,0,6,6,0,0,9,9
"V",5,0,6,7,0,0,5,5
"V",5,0,6,8,0,0,4,4
"V",5,0,6,9,0,0,2,2
"V",5,0,7,-1,0,0,43,23
"V",5,0,7,-10,0,0,1,0
"V",5,0,7,-2,0,0,35,14
"V",5,0,7,-2,0,1,1,1
"V",5,0,7,-2,1,1,1,1
"V",5,0,7,-2,1,2,1,1
"V",5,0,7,-2,2,2,1,1
"V",5,0,7,-3,0,0,21,6
"V",5,0,7,-4,0,0,13,1
"V",5,0,7,-5,0,0,4,1
"V",5,0,7,-6,0,0,10,0
"V",5,0,7,-7,0,0,3,0
"V",5,0,7,-8,0,0,2,0
"V",5,0,7,-9,0,0,2,0
"V",5,0,7,0,0,0,52,35
"V",5,0,7,0,0,1,1,1
"V",5,0,7,0,1,1,1,1
"V",5,0,7,0,1,2,1,1
"V",5,0,7,0,2,2,1,1
"V",5,0,7,0,3,2,1,1
"V",5,0,7,1,0,0,40,33
"V",5,0,7,10,0,0,4,4
"V",5,0,7,2,0,0,26,24
"V",5,0,7,3,0,0,24,24
"V",5,0,7,4,0,0,22,22
"V",5,0,7,4,1,0,1,1
"V",5,0,7,4,1,1,1,1
"V",5,0,7,4,2,1,1,1
"V",5,0,7,4,3,1,1,1
"V",5,0,7,4,3,2,1,1
"V",5,0,7,5,0,0,11,11
"V",5,0,7,6,0,0,4,4
"V",5,0,7,7,0,0,4,4
"V",5,0,7,8,0,0,1,1
"V",5,0,7,9,0,0,4,4
"V",5,0,8,-1,0,0,44,29
"V",5,0,8,-10,0,0,1,0
"V",5,0,8,-15,0,0,1,0
"V",5,0,8,-2,0,0,36,19
"V",5,0,8,-3,0,0,32,10
"V",5,0,8,-4,0,0,22,5
"V",5,0,8,-4,1,0,1,1
"V",5,0,8,-5,0,0,16,2
"V",5,0,8,-6,0,0,6,0
"V",5,0,8,-7,0,0,2,0
"V",5,0,8,-8,0,0,4,0
"V",5,0,8,0,0,0,56,39
"V",5,0,8,0,1,0,2,1
"V",5,0,8,0,1,1,1,0
"V",5,0,8,0,1,2,1,0
"V",5,0,8,0,2,0,1,1
"V",5,0,8,0,2,1,1,1
"V",5,0,8,0,2,2,1,1
"V",5,0,8,0,3,2,1,1
"V",5,0,8,1,0,0,43,38
"V",5,0,8,1,1,0,2,2
"V",5,0,8,1,1,1,2,2
"V",5,0,8,1,1,2,1,1
"V",5,0,8,10,0,0,1,1
"V",5,0,8,2,0,0,41,35
"V",5,0,8,3,0,0,27,25
"V",5,0,8,4,0,0,15,13
"V",5,0,8,5,0,0,12,11
"V",5,0,8,6,0,0,3,3
"V",5,0,8,7,0,0,3,3
"V",5,0,8,8,0,0,3,3
"V",5,0,8,9,0,0,2,2
"V",5,1,1,-1,0,0,2328,629
"V",5,1,1,-1,0,1,6,0
"V",5,1,1,-1,0,2,1,0
"V",5,1,1,-1,1,0,7,2
"V",5,1,1,-1,1,1,6,2
"V",5,1,1,-1,1,2,3,1
"V",5,1,1,-1,2,0,2,0
"V",5,1,1,-1,2,1,2,0
"V",5,1,1,-1,2,2,3,1
"V",5,1,1,-1,3,0,2,0
"V",5,1,1,-1,3,1,2,0
"V",5,1,1,-1,3,2,3,0
"V",5,1,1,-10,0,0,22,0
"V",5,1,1,-11,0,0,15,0
"V",5,1,1,-12,0,0,4,0
"V",5,1,1,-13,0,0,3,0
"V",5,1,1,-14,0,0,3,0
"V",5,1,1,-2,0,0,1697,288
"V",5,1,1,-2,0,1,10,2
"V",5,1,1,-2,0,2,6,0
"V",5,1,1,-2,1,0,4,1
"V",5,1,1,-2,1,1,6,1
"V",5,1,1,-2,1,2,4,1
"V",5,1,1,-2,2,0,1,1
"V",5,1,1,-2,2,1,2,0
"V",5,1,1,-2,2,2,2,0
"V",5,1,1,-2,3,0,1,1
"V",5,1,1,-2,3,1,1,0
"V",5,1,1,-2,3,2,2,0
"V",5,1,1,-3,0,0,1157,117
"V",5,1,1,-3,0,1,3,0
"V",5,1,1,-3,0,2,2,0
"V",5,1,1,-3,1,0,1,0
"V",5,1,1,-3,1,1,1,0
"V",5,1,1,-3,1,2,1,0
"V",5,1,1,-3,2,0,1,0
"V",5,1,1,-3,2,1,1,0
"V",5,1,1,-3,3,1,1,0
"V",5,1,1,-3,3,2,1,0
"V",5,1,1,-4,0,0,718,38
"V",5,1,1,-4,0,1,3,0
"V",5,1,1,-4,0,2,1,0
"V",5,1,1,-4,1,0,1,0
"V",5,1,1,-4,1,1,3,0
"V",5,1,1,-4,2,1,2,0
"V",5,1,1,-5,0,0,388,14
"V",5,1,1,-5,0,1,2,0
"V",5,1,1,-5,0,2,2,0
"V",5,1,1,-5,1,0,1,0
"V",5,1,1,-5,1,2,1,0
"V",5,1,1,-5,2,0,1,0
"V",5,1,1,-5,2,1,1,0
"V",5,1,1,-6,0,0,262,8
"V",5,1,1,-7,0,0,174,2
"V",5,1,1,-8,0,0,80,0
"V",5,1,1,-9,0,0,54,0
"V",5,1,1,0,0,0,3060,1315
"V",5,1,1,0,0,1,15,5
"V",5,1,1,0,0,2,6,2
"V",5,1,1,0,1,0,8,5
"V",5,1,1,0,1,1,2,0
"V",5,1,1,0,1,2,3,0
"V",5,1,1,0,2,0,3,1
"V",5,1,1,0,2,1,1,0
"V",5,1,1,0,2,2,2,0
"V",5,1,1,0,3,0,1,1
"V",5,1,1,0,3,1,1,1
"V",5,1,1,0,3,2,3,1
"V",5,1,1,1,0,0,2221,1379
"V",5,1,1,1,0,1,5,1
"V",5,1,1,1,0,2,2,1
"V",5,1,1,1,1,0,6,6
"V",5,1,1,1,1,1,7,5
"V",5,1,1,1,1,2,3,2
"V",5,1,1,1,2,0,1,1
"V",5,1,1,1,2,1,4,4
"V",5,1,1,1,2,2,3,3
"V",5,1,1,1,3,1,2,2
"V",5,1,1,1,3,2,2,2
"V",5,1,1,10,0,0,18,18
"V",5,1,1,11,0,0,10,10
"V",5,1,1,12,0,0,4,4
"V",5,1,1,13,0,0,2,2
"V",5,1,1,14,0,0,1,1
"V",5,1,1,16,0,0,1,1
"V",5,1,1,18,0,0,1,1
"V",5,1,1,2,0,0,1509,1104
"V",5,1,1,2,0,1,6,4
"V",5,1,1,2,0,2,1,1
"V",5,1,1,2,1,0,4,4
"V",5,1,1,2,1,1,7,5
"V",5,1,1,2,1,2,3,2
"V",5,1,1,2,2,0,2,2
"V",5,1,1,2,2,1,1,1
"V",5,1,1,2,2,2,2,1
"V",5,1,1,2,3,0,2,2
"V",5,1,1,2,3,1,1,1
"V",5,1,1,2,3,2,1,1
"V",5,1,1,3,0,0,1032,866
"V",5,1,1,3,0,1,3,2
"V",5,1,1,3,1,0,4,4
"V",5,1,1,3,1,1,3,3
"V",5,1,1,3,2,0,1,1
"V",5,1,1,3,2,1,3,3
"V",5,1,1,3,2,2,1,1
"V",5,1,1,4,0,0,588,523
"V",5,1,1,4,1,0,2,2
"V",5,1,1,4,2,0,1,1
"V",5,1,1,4,3,0,1,1
"V",5,1,1,4,3,1,1,1
"V",5,1,1,4,3,2,1,1
"V",5,1,1,5,0,0,413,387
"V",5,1,1,5,0,1,1,1
"V",5,1,1,5,0,2,1,1
"V",5,1,1,5,1,0,2,2
"V",5,1,1,5,1,2,1,1
"V",5,1,1,5,2,2,1,1
"V",5,1,1,5,3,2,1,1
"V",5,1,1,6,0,0,236,224
"V",5,1,1,6,1,0,1,1
"V",5,1,1,6,1,1,1,1
"V",5,1,1,6,1,2,1,1
"V",5,1,1,6,2,2,1,1
"V",5,1,1,7,0,0,100,99
"V",5,1,1,8,0,0,65,65
"V",5,1,1,9,0,0,37,36
"V",5,1,2,-1,0,0,1004,318
"V",5,1,2,-1,0,1,2,0
"V",5,1,2,-1,0,2,1,0
"V",5,1,2,-1,1,2,1,0
"V",5,1,2,-10,0,0,12,0
"V",5,1,2,-11,0,0,11,0
"V",5,1,2,-12,0,0,2,0
"V",5,1,2,-13,0,0,2,0
"V",5,1,2,-2,0,0,777,145
"V",5,1,2,-2,0,1,1,0
"V",5,1,2,-2,0,2,1,0
"V",5,1,2,-3,0,0,508,67
"V",5,1,2,-3,0,1,3,0
"V",5,1,2,-3,0,2,2,0
"V",5,1,2,-3,1,0,1,0
"V",5,1,2,-3,1,1,1,0
"V",5,1,2,-3,2,0,1,0
"V",5,1,2,-3,3,0,1,0
"V",5,1,2,-4,0,0,325,20
"V",5,1,2,-5,0,0,214,13
"V",5,1,2,-5,0,1,3,0
"V",5,1,2,-5,1,1,2,0
"V",5,1,2,-5,2,1,1,0
"V",5,1,2,-6,0,0,127,3
"V",5,1,2,-6,1,0,1,0
"V",5,1,2,-6,2,0,1,0
"V",5,1,2,-6,3,0,1,0
"V",5,1,2,-7,0,0,64,1
"V",5,1,2,-8,0,0,40,0
"V",5,1,2,-9,0,0,28,0
"V",5,1,2,0,0,0,1265,600
"V",5,1,2,0,0,1,2,1
"V",5,1,2,0,1,0,4,4
"V",5,1,2,0,1,1,4,3
"V",5,1,2,0,1,2,1,1
"V",5,1,2,0,2,0,1,1
"V",5,1,2,0,2,1,1,1
"V",5,1,2,0,2,2,1,1
"V",5,1,2,0,3,0,1,1
"V",5,1,2,0,3,1,1,1
"V",5,1,2,0,3,2,1,1
"V",5,1,2,1,0,0,1012,671
"V",5,1,2,1,0,1,2,2
"V",5,1,2,1,0,2,2,2
"V",5,1,2,1,1,0,2,1
"V",5,1,2,10,0,0,11,11
"V",5,1,2,11,0,0,9,9
"V",5,1,2,12,0,0,6,6
"V",5,1,2,13,0,0,4,4
"V",5,1,2,14,0,0,2,2
"V",5,1,2,15,0,0,1,1
"V",5,1,2,2,0,0,721,543
"V",5,1,2,2,0,1,2,2
"V",5,1,2,2,1,0,2,2
"V",5,1,2,2,1,1,1,1
"V",5,1,2,2,2,0,1,1
"V",5,1,2,2,2,1,1,1
"V",5,1,2,3,0,0,527,453
"V",5,1,2,3,0,1,1,0
"V",5,1,2,3,1,0,1,1
"V",5,1,2,4,0,0,337,299
"V",5,1,2,4,1,0,1,1
"V",5,1,2,4,1,1,1,1
"V",5,1,2,4,2,1,1,1
"V",5,1,2,5,0,0,210,198
"V",5,1,2,5,0,1,1,1
"V",5,1,2,6,0,0,145,139
"V",5,1,2,7,0,0,66,65
"V",5,1,2,8,0,0,38,37
"V",5,1,2,9,0,0,17,17
"V",5,1,3,-1,0,0,447,152
"V",5,1,3,-1,1,0,2,0
"V",5,1,3,-1,1,1,1,0
"V",5,1,3,-1,2,0,1,0
"V",5,1,3,-10,0,0,4,0
"V",5,1,3,-11,0,0,2,0
"V",5,1,3,-12,0,0,2,0
"V",5,1,3,-16,0,0,1,0
"V",5,1,3,-2,0,0,236,55
"V",5,1,3,-3,0,0,124,21
"V",5,1,3,-4,0,0,89,5
"V",5,1,3,-5,0,0,60,2
"V",5,1,3,-6,0,0,24,1
"V",5,1,3,-7,0,0,17,1
"V",5,1,3,-8,0,0,10,0
"V",5,1,3,-9,0,0,14,0
"V",5,1,3,0,0,0,606,297
"V",5,1,3,0,0,1,1,0
"V",5,1,3,0,0,2,1,0
"V",5,1,3,0,1,0,3,2
"V",5,1,3,0,1,1,2,1
"V",5,1,3,0,1,2,1,1
"V",5,1,3,0,2,0,1,1
"V",5,1,3,0,2,1,1,0
"V",5,1,3,0,2,2,1,1
"V",5,1,3,0,3,0,1,1
"V",5,1,3,0,3,1,2,1
"V",5,1,3,1,0,0,524,351
"V",5,1,3,1,1,0,4,2
"V",5,1,3,1,1,1,1,1
"V",5,1,3,1,2,0,3,1
"V",5,1,3,1,2,1,2,1
"V",5,1,3,1,3,0,1,1
"V",5,1,3,10,0,0,15,15
"V",5,1,3,10,0,1,1,1
"V",5,1,3,11,0,0,3,3
"V",5,1,3,18,0,0,1,1
"V",5,1,3,2,0,0,387,305
"V",5,1,3,2,1,0,2,2
"V",5,1,3,2,2,0,1,1
"V",5,1,3,2,3,0,1,1
"V",5,1,3,3,0,0,276,233
"V",5,1,3,3,0,1,2,2
"V",5,1,3,3,1,1,1,1
"V",5,1,3,3,2,1,1,1
"V",5,1,3,3,2,2,1,1
"V",5,1,3,3,3,2,1,1
"V",5,1,3,4,0,0,181,167
"V",5,1,3,5,0,0,120,114
"V",5,1,3,5,1,0,1,1
"V",5,1,3,5,2,0,1,1
"V",5,1,3,6,0,0,75,74
"V",5,1,3,7,0,0,56,56
"V",5,1,3,8,0,0,25,24
"V",5,1,3,9,0,0,22,22
"V",5,1,4,-1,0,0,272,108
"V",5,1,4,-1,0,1,1,0
"V",5,1,4,-10,0,0,5,0
"V",5,1,4,-11,0,0,4,0
"V",5,1,4,-12,0,0,1,0
"V",5,1,4,-14,0,0,2,0
"V",5,1,4,-2,0,0,247,69
"V",5,1,4,-2,0,1,1,1
"V",5,1,4,-2,1,1,1,1
"V",5,1,4,-2,2,1,1,1
"V",5,1,4,-2,2,2,1,1
"V",5,1,4,-2,3,2,1,1
"V",5,1,4,-3,0,0,171,25
"V",5,1,4,-4,0,0,92,6
"V",5,1,4,-5,0,0,79,9
"V",5,1,4,-6,0,0,51,0
"V",5,1,4,-7,0,0,25,0
"V",5,1,4,-8,0,0,13,0
"V",5,1,4,-9,0,0,8,0
"V",5,1,4,0,0,0,374,190
"V",5,1,4,0,0,1,2,0
"V",5,1,4,0,1,0,1,0
"V",5,1,4,0,1,1,3,0
"V",5,1,4,0,1,2,1,0
"V",5,1,4,0,2,2,1,0
"V",5,1,4,1,0,0,317,220
"V",5,1,4,1,0,1,1,1
"V",5,1,4,1,1,1,1,1
"V",5,1,4,1,2,1,1,1
"V",5,1,4,1,3,1,1,1
"V",5,1,4,1,3,2,1,1
"V",5,1,4,10,0,0,7,7
"V",5,1,4,11,0,0,4,4
"V",5,1,4,12,0,0,1,1
"V",5,1,4,13,0,0,2,2
"V",5,1,4,14,0,0,1,1
"V",5,1,4,2,0,0,236,190
"V",5,1,4,2,0,1,1,1
"V",5,1,4,2,0,2,1,1
"V",5,1,4,2,1,0,2,2
"V",5,1,4,2,1,1,1,1
"V",5,1,4,2,1,2,1,1
"V",5,1,4,2,2,2,1,1
"V",5,1,4,2,3,2,1,1
"V",5,1,4,3,0,0,181,160
"V",5,1,4,3,0,1,1,1
"V",5,1,4,3,1,0,1,1
"V",5,1,4,3,1,1,1,1
"V",5,1,4,3,2,1,1,1
"V",5,1,4,4,0,0,98,86
"V",5,1,4,4,0,1,1,1
"V",5,1,4,4,1,1,1,1
"V",5,1,4,5,0,0,72,68
"V",5,1,4,6,0,0,63,61
"V",5,1,4,7,0,0,34,34
"V",5,1,4,8,0,0,17,17
"V",5,1,4,9,0,0,11,11
"V",5,1,4,9,0,1,1,1
"V",5,1,4,9,1,1,1,1
"V",5,1,4,9,2,1,1,1
"V",5,1,5,-1,0,0,152,61
"V",5,1,5,-13,0,0,1,0
"V",5,1,5,-17,0,0,1,0
"V",5,1,5,-2,0,0,83,21
"V",5,1,5,-3,0,0,50,8
"V",5,1,5,-4,0,0,40,1
"V",5,1,5,-5,0,0,29,2
"V",5,1,5,-6,0,0,6,1
"V",5,1,5,-7,0,0,4,0
"V",5,1,5,-8,0,0,5,0
"V",5,1,5,-9,0,0,5,0
"V",5,1,5,0,0,0,243,151
"V",5,1,5,1,0,0,205,139
"V",5,1,5,1,0,1,2,2
"V",5,1,5,1,0,2,1,1
"V",5,1,5,1,1,0,1,1
"V",5,1,5,1,2,0,1,1
"V",5,1,5,1,3,0,1,1
"V",5,1,5,10,0,0,6,6
"V",5,1,5,11,0,0,1,1
"V",5,1,5,15,0,0,1,1
"V",5,1,5,2,0,0,167,144
"V",5,1,5,2,1,0,2,2
"V",5,1,5,2,2,0,2,2
"V",5,1,5,2,3,0,1,1
"V",5,1,5,3,0,0,135,115
"V",5,1,5,4,0,0,93,85
"V",5,1,5,5,0,0,54,53
"V",5,1,5,6,0,0,38,36
"V",5,1,5,7,0,0,20,20
"V",5,1,5,8,0,0,12,12
"V",5,1,5,9,0,0,6,6
"V",5,1,6,-1,0,0,161,77
"V",5,1,6,-1,1,0,1,0
"V",5,1,6,-1,1,1,1,0
"V",5,1,6,-1,1,2,1,0
"V",5,1,6,-10,0,0,1,0
"V",5,1,6,-12,0,0,1,0
"V",5,1,6,-19,0,0,1,0
"V",5,1,6,-2,0,0,98,27
"V",5,1,6,-3,0,0,65,17
"V",5,1,6,-4,0,0,36,5
"V",5,1,6,-4,1,0,1,0
"V",5,1,6,-4,2,0,1,0
"V",5,1,6,-4,2,1,1,0
"V",5,1,6,-5,0,0,34,1
"V",5,1,6,-6,0,0,15,1
"V",5,1,6,-7,0,0,7,0
"V",5,1,6,-8,0,0,5,1
"V",5,1,6,-9,0,0,4,0
"V",5,1,6,0,0,0,178,114
"V",5,1,6,0,1,0,2,1
"V",5,1,6,0,1,1,2,1
"V",5,1,6,0,1,2,1,1
"V",5,1,6,0,2,1,1,0
"V",5,1,6,0,2,2,1,1
"V",5,1,6,0,3,1,1,0
"V",5,1,6,0,3,2,2,1
"V",5,1,6,1,0,0,177,134
"V",5,1,6,10,0,0,3,3
"V",5,1,6,11,0,0,4,4
"V",5,1,6,12,0,0,2,2
"V",5,1,6,13,0,0,2,2
"V",5,1,6,18,0,0,1,1
"V",5,1,6,2,0,0,155,129
"V",5,1,6,2,0,1,1,1
"V",5,1,6,3,0,0,111,94
"V",5,1,6,3,0,1,1,1
"V",5,1,6,3,0,2,1,1
"V",5,1,6,3,1,2,1,1
"V",5,1,6,4,0,0,76,66
"V",5,1,6,5,0,0,52,51
"V",5,1,6,6,0,0,35,33
"V",5,1,6,7,0,0,11,10
"V",5,1,6,8,0,0,9,9
"V",5,1,6,9,0,0,8,8
"V",5,1,7,-1,0,0,139,75
"V",5,1,7,-1,0,1,1,1
"V",5,1,7,-1,0,2,1,1
"V",5,1,7,-1,1,0,1,0
"V",5,1,7,-1,2,0,1,0
"V",5,1,7,-1,3,0,1,0
"V",5,1,7,-10,0,0,2,0
"V",5,1,7,-2,0,0,117,39
"V",5,1,7,-2,0,1,1,0
"V",5,1,7,-2,0,2,1,0
"V",5,1,7,-3,0,0,42,10
"V",5,1,7,-4,0,0,35,3
"V",5,1,7,-5,0,0,16,3
"V",5,1,7,-6,0,0,20,0
"V",5,1,7,-7,0,0,7,0
"V",5,1,7,-8,0,0,6,0
"V",5,1,7,-9,0,0,4,0
"V",5,1,7,0,0,0,182,116
"V",5,1,7,0,0,1,3,2
"V",5,1,7,0,0,2,2,1
"V",5,1,7,0,1,1,1,1
"V",5,1,7,0,1,2,1,1
"V",5,1,7,0,2,1,1,1
"V",5,1,7,1,0,0,169,132
"V",5,1,7,1,1,0,1,1
"V",5,1,7,1,2,0,1,1
"V",5,1,7,1,3,0,1,1
"V",5,1,7,10,0,0,4,4
"V",5,1,7,11,0,0,4,4
"V",5,1,7,12,0,0,3,3
"V",5,1,7,2,0,0,125,105
"V",5,1,7,3,0,0,104,89
"V",5,1,7,4,0,0,60,56
"V",5,1,7,5,0,0,49,44
"V",5,1,7,6,0,0,26,23
"V",5,1,7,6,0,1,1,1
"V",5,1,7,6,0,2,1,1
"V",5,1,7,6,1,2,1,1
"V",5,1,7,7,0,0,22,21
"V",5,1,7,8,0,0,9,9
"V",5,1,7,9,0,0,6,6
"V",5,1,8,-1,0,0,101,51
"V",5,1,8,-1,0,1,1,0
"V",5,1,8,-1,1,1,1,0
"V",5,1,8,-10,0,0,3,0
"V",5,1,8,-13,0,0,2,0
"V",5,1,8,-14,0,0,2,0
"V",5,1,8,-2,0,0,66,19
"V",5,1,8,-3,0,0,49,16
"V",5,1,8,-4,0,0,31,2
"V",5,1,8,-4,0,1,1,0
"V",5,1,8,-4,0,2,1,0
"V",5,1,8,-4,1,0,1,1
"V",5,1,8,-4,2,0,1,1
"V",5,1,8,-4,2,1,1,1
"V",5,1,8,-4,2,2,1,1
"V",5,1,8,-4,3,2,1,1
"V",5,1,8,-5,0,0,21,3
"V",5,1,8,-6,0,0,13,0
"V",5,1,8,-7,0,0,8,0
"V",5,1,8,-8,0,0,9,0
"V",5,1,8,-9,0,0,5,0
"V",5,1,8,0,0,0,125,79
"V",5,1,8,0,1,0,1,1
"V",5,1,8,0,2,0,1,1
"V",5,1,8,0,2,1,1,1
"V",5,1,8,0,2,2,1,1
"V",5,1,8,1,0,0,99,78
"V",5,1,8,1,0,1,1,1
"V",5,1,8,1,0,2,1,1
"V",5,1,8,10,0,0,2,2
"V",5,1,8,11,0,0,1,1
"V",5,1,8,13,0,0,1,1
"V",5,1,8,14,0,0,1,1
"V",5,1,8,2,0,0,81,68
"V",5,1,8,2,1,0,1,1
"V",5,1,8,2,1,1,1,1
"V",5,1,8,3,0,0,62,56
"V",5,1,8,4,0,0,51,47
"V",5,1,8,5,0,0,23,20
"V",5,1,8,6,0,0,21,21
"V",5,1,8,7,0,0,11,11
"V",5,1,8,8,0,0,7,7
"V",5,1,8,9,0,0,3,3
"V",5,2,1,-1,0,0,1825,457
"V",5,2,1,-1,0,1,4,1
"V",5,2,1,-1,0,2,3,1
"V",5,2,1,-1,1,0,8,2
"V",5,2,1,-1,1,1,1,0
"V",5,2,1,-1,1,2,1,0
"V",5,2,1,-1,2,0,4,1
"V",5,2,1,-1,2,1,4,1
"V",5,2,1,-1,2,2,2,0
"V",5,2,1,-1,3,1,1,0
"V",5,2,1,-1,3,2,2,0
"V",5,2,1,-10,0,0,18,0
"V",5,2,1,-11,0,0,8,0
"V",5,2,1,-12,0,0,5,0
"V",5,2,1,-13,0,0,2,0
"V",5,2,1,-14,0,0,3,0
"V",5,2,1,-15,0,0,1,0
"V",5,2,1,-2,0,0,1280,209
"V",5,2,1,-2,0,1,7,2
"V",5,2,1,-2,0,2,1,0
"V",5,2,1,-2,1,0,3,1
"V",5,2,1,-2,1,1,5,2
"V",5,2,1,-2,1,2,1,0
"V",5,2,1,-2,2,0,1,1
"V",5,2,1,-2,2,1,3,2
"V",5,2,1,-2,2,2,2,2
"V",5,2,1,-2,3,0,1,1
"V",5,2,1,-3,0,0,900,81
"V",5,2,1,-3,0,1,1,0
"V",5,2,1,-3,0,2,1,0
"V",5,2,1,-3,1,0,1,0
"V",5,2,1,-3,1,1,1,0
"V",5,2,1,-3,1,2,1,0
"V",5,2,1,-3,2,1,1,0
"V",5,2,1,-3,2,2,1,0
"V",5,2,1,-3,3,2,1,0
"V",5,2,1,-4,0,0,533,24
"V",5,2,1,-4,0,1,2,0
"V",5,2,1,-4,0,2,1,0
"V",5,2,1,-4,1,0,2,0
"V",5,2,1,-4,1,1,1,0
"V",5,2,1,-4,2,0,1,0
"V",5,2,1,-4,3,0,1,0
"V",5,2,1,-4,3,1,1,0
"V",5,2,1,-4,3,2,1,0
"V",5,2,1,-5,0,0,282,7
"V",5,2,1,-5,0,1,2,0
"V",5,2,1,-5,0,2,2,0
"V",5,2,1,-5,1,0,1,0
"V",5,2,1,-5,1,1,1,0
"V",5,2,1,-5,1,2,2,0
"V",5,2,1,-5,2,2,1,0
"V",5,2,1,-6,0,0,193,6
"V",5,2,1,-7,0,0,131,0
"V",5,2,1,-8,0,0,67,0
"V",5,2,1,-9,0,0,36,0
"V",5,2,1,0,0,0,2361,953
"V",5,2,1,0,0,1,9,3
"V",5,2,1,0,0,2,4,2
"V",5,2,1,0,1,0,13,4
"V",5,2,1,0,1,1,12,5
"V",5,2,1,0,1,2,4,1
"V",5,2,1,0,2,0,5,0
"V",5,2,1,0,2,1,9,2
"V",5,2,1,0,2,2,8,2
"V",5,2,1,0,3,0,2,0
"V",5,2,1,0,3,1,3,0
"V",5,2,1,0,3,2,5,0
"V",5,2,1,1,0,0,1739,1049
"V",5,2,1,1,0,1,4,2
"V",5,2,1,1,1,0,2,2
"V",5,2,1,1,1,1,3,2
"V",5,2,1,1,1,2,2,1
"V",5,2,1,1,2,1,1,1
"V",5,2,1,1,2,2,2,1
"V",5,2,1,1,3,1,1,1
"V",5,2,1,1,3,2,1,1
"V",5,2,1,10,0,0,18,17
"V",5,2,1,11,0,0,14,14
"V",5,2,1,12,0,0,4,4
"V",5,2,1,13,0,0,2,2
"V",5,2,1,15,0,0,1,1
"V",5,2,1,16,0,0,2,2
"V",5,2,1,2,0,0,1160,828
"V",5,2,1,2,0,1,3,2
"V",5,2,1,2,0,2,1,0
"V",5,2,1,2,1,0,9,8
"V",5,2,1,2,1,1,6,6
"V",5,2,1,2,1,2,3,2
"V",5,2,1,2,2,0,4,3
"V",5,2,1,2,2,1,7,6
"V",5,2,1,2,2,2,4,4
"V",5,2,1,2,3,0,1,1
"V",5,2,1,2,3,1,4,3
"V",5,2,1,2,3,2,3,2
"V",5,2,1,3,0,0,823,673
"V",5,2,1,3,0,1,3,3
"V",5,2,1,3,1,0,3,2
"V",5,2,1,3,1,1,4,3
"V",5,2,1,3,1,2,3,3
"V",5,2,1,3,2,1,1,0
"V",5,2,1,3,2,2,2,1
"V",5,2,1,3,3,2,1,1
"V",5,2,1,4,0,0,515,449
"V",5,2,1,4,0,1,1,1
"V",5,2,1,4,1,0,2,2
"V",5,2,1,4,1,1,2,2
"V",5,2,1,4,2,1,2,2
"V",5,2,1,4,2,2,2,2
"V",5,2,1,4,3,2,1,1
"V",5,2,1,5,0,0,365,338
"V",5,2,1,5,0,1,1,1
"V",5,2,1,5,1,1,1,1
"V",5,2,1,6,0,0,194,184
"V",5,2,1,6,1,0,1,1
"V",5,2,1,7,0,0,102,98
"V",5,2,1,8,0,0,63,63
"V",5,2,1,8,0,1,1,1
"V",5,2,1,8,0,2,1,1
"V",5,2,1,9,0,0,30,29
"V",5,2,2,-1,0,0,994,272
"V",5,2,2,-1,0,1,4,0
"V",5,2,2,-1,0,2,1,0
"V",5,2,2,-1,1,1,1,0
"V",5,2,2,-1,1,2,2,0
"V",5,2,2,-10,0,0,12,0
"V",5,2,2,-11,0,0,9,0
"V",5,2,2,-12,0,0,5,0
"V",5,2,2,-13,0,0,1,0
"V",5,2,2,-14,0,0,1,0
"V",5,2,2,-2,0,0,703,122
"V",5,2,2,-2,0,1,1,0
"V",5,2,2,-3,0,0,511,64
"V",5,2,2,-3,0,1,2,0
"V",5,2,2,-3,0,2,1,0
"V",5,2,2,-3,1,0,1,0
"V",5,2,2,-3,1,1,2,0
"V",5,2,2,-3,2,1,1,0
"V",5,2,2,-3,2,2,1,0
"V",5,2,2,-4,0,0,361,14
"V",5,2,2,-4,0,1,1,0
"V",5,2,2,-4,0,2,1,0
"V",5,2,2,-4,1,0,1,0
"V",5,2,2,-4,2,0,1,0
"V",5,2,2,-4,2,1,1,0
"V",5,2,2,-4,3,1,1,0
"V",5,2,2,-5,0,0,180,9
"V",5,2,2,-5,1,0,1,0
"V",5,2,2,-5,1,1,1,0
"V",5,2,2,-5,2,1,1,0
"V",5,2,2,-6,0,0,116,4
"V",5,2,2,-7,0,0,74,0
"V",5,2,2,-8,0,0,41,0
"V",5,2,2,-9,0,0,24,0
"V",5,2,2,0,0,0,1206,508
"V",5,2,2,0,0,1,4,1
"V",5,2,2,0,1,0,3,0
"V",5,2,2,0,1,1,5,1
"V",5,2,2,0,1,2,1,0
"V",5,2,2,0,2,1,2,1
"V",5,2,2,0,2,2,1,0
"V",5,2,2,0,3,1,2,1
"V",5,2,2,0,3,2,1,0
"V",5,2,2,1,0,0,987,610
"V",5,2,2,1,0,1,2,1
"V",5,2,2,1,0,2,1,1
"V",5,2,2,1,1,0,1,0
"V",5,2,2,1,1,1,1,0
"V",5,2,2,1,1,2,1,1
"V",5,2,2,1,2,0,1,0
"V",5,2,2,10,0,0,14,13
"V",5,2,2,11,0,0,7,7
"V",5,2,2,12,0,0,4,4
"V",5,2,2,13,0,0,4,4
"V",5,2,2,14,0,0,3,3
"V",5,2,2,15,0,0,2,2
"V",5,2,2,16,0,0,3,3
"V",5,2,2,2,0,0,782,567
"V",5,2,2,2,0,1,1,1
"V",5,2,2,2,1,0,4,4
"V",5,2,2,2,1,1,1,1
"V",5,2,2,2,1,2,1,1
"V",5,2,2,2,2,0,3,3
"V",5,2,2,2,2,2,1,1
"V",5,2,2,2,3,0,2,2
"V",5,2,2,3,0,0,554,471
"V",5,2,2,3,1,0,1,0
"V",5,2,2,3,2,0,1,0
"V",5,2,2,3,3,0,1,0
"V",5,2,2,4,0,0,425,374
"V",5,2,2,4,1,0,2,2
"V",5,2,2,4,1,1,1,1
"V",5,2,2,5,0,0,248,226
"V",5,2,2,5,0,1,1,1
"V",5,2,2,5,1,0,1,1
"V",5,2,2,5,1,1,1,1
"V",5,2,2,5,2,1,1,1
"V",5,2,2,6,0,0,169,161
"V",5,2,2,6,0,1,1,1
"V",5,2,2,7,0,0,85,79
"V",5,2,2,8,0,0,50,50
"V",5,2,2,9,0,0,29,29
"V",5,2,3,-1,0,0,519,147
"V",5,2,3,-1,1,0,1,0
"V",5,2,3,-1,1,1,1,0
"V",5,2,3,-1,1,2,1,0
"V",5,2,3,-10,0,0,4,0
"V",5,2,3,-11,0,0,3,0
"V",5,2,3,-12,0,0,3,0
"V",5,2,3,-13,0,0,1,0
"V",5,2,3,-14,0,0,1,0
"V",5,2,3,-16,0,0,1,0
"V",5,2,3,-2,0,0,317,63
"V",5,2,3,-3,0,0,164,20
"V",5,2,3,-3,1,0,1,0
"V",5,2,3,-3,2,0,1,0
"V",5,2,3,-4,0,0,107,6
"V",5,2,3,-5,0,0,57,1
"V",5,2,3,-6,0,0,25,1
"V",5,2,3,-7,0,0,18,1
"V",5,2,3,-8,0,0,10,0
"V",5,2,3,-9,0,0,10,0
"V",5,2,3,0,0,0,689,305
"V",5,2,3,0,0,1,1,0
"V",5,2,3,0,1,0,2,0
"V",5,2,3,0,1,1,1,0
"V",5,2,3,0,1,2,1,0
"V",5,2,3,0,2,0,2,0
"V",5,2,3,0,2,1,1,0
"V",5,2,3,0,2,2,2,0
"V",5,2,3,0,3,0,1,0
"V",5,2,3,0,3,2,1,0
"V",5,2,3,1,0,0,662,422
"V",5,2,3,1,0,1,1,1
"V",5,2,3,1,0,2,1,1
"V",5,2,3,1,1,0,3,3
"V",5,2,3,1,1,2,1,1
"V",5,2,3,1,2,0,2,2
"V",5,2,3,1,2,1,1,1
"V",5,2,3,1,2,2,1,1
"V",5,2,3,1,3,0,1,1
"V",5,2,3,1,3,1,1,1
"V",5,2,3,1,3,2,1,1
"V",5,2,3,10,0,0,7,7
"V",5,2,3,11,0,0,9,9
"V",5,2,3,12,0,0,4,4
"V",5,2,3,13,0,0,3,3
"V",5,2,3,14,0,0,1,1
"V",5,2,3,15,0,0,3,3
"V",5,2,3,17,0,0,1,1
"V",5,2,3,19,0,0,1,1
"V",5,2,3,2,0,0,441,346
"V",5,2,3,2,0,1,2,2
"V",5,2,3,2,0,2,1,1
"V",5,2,3,2,1,0,1,1
"V",5,2,3,2,1,2,1,1
"V",5,2,3,2,2,2,1,1
"V",5,2,3,3,0,0,367,307
"V",5,2,3,3,0,1,2,2
"V",5,2,3,3,1,0,1,0
"V",5,2,3,3,1,1,2,2
"V",5,2,3,3,1,2,2,2
"V",5,2,3,3,2,0,1,0
"V",5,2,3,3,2,2,1,1
"V",5,2,3,3,3,0,1,0
"V",5,2,3,3,3,2,1,1
"V",5,2,3,4,0,0,282,257
"V",5,2,3,5,0,0,215,202
"V",5,2,3,5,1,0,1,1
"V",5,2,3,5,2,0,1,1
"V",5,2,3,5,2,1,1,1
"V",5,2,3,5,2,2,1,1
"V",5,2,3,6,0,0,107,106
"V",5,2,3,7,0,0,78,75
"V",5,2,3,7,1,0,2,2
"V",5,2,3,7,2,0,1,1
"V",5,2,3,7,2,1,1,1
"V",5,2,3,7,2,2,1,1
"V",5,2,3,7,3,2,1,1
"V",5,2,3,8,0,0,40,39
"V",5,2,3,8,0,1,1,1
"V",5,2,3,8,1,1,1,1
"V",5,2,3,8,2,1,1,1
"V",5,2,3,8,2,2,1,1
"V",5,2,3,9,0,0,19,18
"V",5,2,3,9,0,1,1,1
"V",5,2,3,9,1,1,1,1
"V",5,2,3,9,2,1,1,1
"V",5,2,3,9,2,2,1,1
"V",5,2,4,-1,0,0,350,111
"V",5,2,4,-1,0,1,1,0
"V",5,2,4,-1,0,2,1,0
"V",5,2,4,-1,1,0,1,0
"V",5,2,4,-10,0,0,5,0
"V",5,2,4,-10,0,1,1,0
"V",5,2,4,-10,1,1,1,0
"V",5,2,4,-10,1,2,1,0
"V",5,2,4,-10,2,2,1,0
"V",5,2,4,-11,0,0,2,0
"V",5,2,4,-12,0,0,2,0
"V",5,2,4,-2,0,0,274,58
"V",5,2,4,-2,0,1,1,0
"V",5,2,4,-2,0,2,1,0
"V",5,2,4,-2,1,2,1,0
"V",5,2,4,-2,2,2,1,0
"V",5,2,4,-2,3,2,1,0
"V",5,2,4,-3,0,0,183,19
"V",5,2,4,-4,0,0,138,7
"V",5,2,4,-4,0,1,2,1
"V",5,2,4,-4,0,2,1,0
"V",5,2,4,-4,1,1,1,1
"V",5,2,4,-4,1,2,1,0
"V",5,2,4,-4,2,1,1,1
"V",5,2,4,-4,2,2,2,1
"V",5,2,4,-4,3,2,2,1
"V",5,2,4,-5,0,0,69,5
"V",5,2,4,-6,0,0,43,1
"V",5,2,4,-7,0,0,34,0
"V",5,2,4,-8,0,0,15,0
"V",5,2,4,-9,0,0,6,0
"V",5,2,4,0,0,0,408,191
"V",5,2,4,0,0,1,2,2
"V",5,2,4,0,0,2,1,1
"V",5,2,4,0,1,1,1,1
"V",5,2,4,0,2,1,1,1
"V",5,2,4,1,0,0,340,221
"V",5,2,4,1,0,1,1,1
"V",5,2,4,1,1,0,1,0
"V",5,2,4,10,0,0,6,6
"V",5,2,4,11,0,0,4,4
"V",5,2,4,12,0,0,1,1
"V",5,2,4,13,0,0,2,2
"V",5,2,4,14,0,0,2,2
"V",5,2,4,15,0,0,1,1
"V",5,2,4,16,0,0,1,1
"V",5,2,4,2,0,0,284,212
"V",5,2,4,3,0,0,214,187
"V",5,2,4,3,0,1,1,1
"V",5,2,4,3,1,0,1,0
"V",5,2,4,3,1,1,2,1
"V",5,2,4,3,2,1,2,1
"V",5,2,4,3,2,2,2,1
"V",5,2,4,4,0,0,145,125
"V",5,2,4,5,0,0,97,87
"V",5,2,4,6,0,0,70,65
"V",5,2,4,7,0,0,29,27
"V",5,2,4,8,0,0,18,18
"V",5,2,4,9,0,0,10,10
"V",5,2,5,-1,0,0,206,70
"V",5,2,5,-10,0,0,1,0
"V",5,2,5,-11,0,0,1,0
"V",5,2,5,-13,0,0,1,0
"V",5,2,5,-2,0,0,130,27
"V",5,2,5,-3,0,0,59,4
"V",5,2,5,-4,0,0,55,1
"V",5,2,5,-5,0,0,47,2
"V",5,2,5,-6,0,0,9,0
"V",5,2,5,-7,0,0,10,0
"V",5,2,5,-8,0,0,6,0
"V",5,2,5,-9,0,0,6,0
"V",5,2,5,0,0,0,313,161
"V",5,2,5,0,0,1,2,0
"V",5,2,5,0,0,2,1,0
"V",5,2,5,0,1,2,1,0
"V",5,2,5,1,0,0,276,169
"V",5,2,5,1,1,0,2,2
"V",5,2,5,1,2,0,1,1
"V",5,2,5,1,2,1,1,1
"V",5,2,5,1,2,2,1,1
"V",5,2,5,10,0,0,7,7
"V",5,2,5,11,0,0,6,6
"V",5,2,5,12,0,0,3,3
"V",5,2,5,13,0,0,1,1
"V",5,2,5,2,0,0,232,187
"V",5,2,5,2,0,1,1,1
"V",5,2,5,3,0,0,204,167
"V",5,2,5,3,1,0,1,1
"V",5,2,5,3,2,0,1,1
"V",5,2,5,3,3,0,1,1
"V",5,2,5,4,0,0,137,122
"V",5,2,5,4,1,0,1,1
"V",5,2,5,4,1,1,1,1
"V",5,2,5,4,1,2,1,1
"V",5,2,5,5,0,0,77,75
"V",5,2,5,5,1,0,1,1
"V",5,2,5,5,1,1,1,1
"V",5,2,5,5,2,1,1,1
"V",5,2,5,5,3,1,1,1
"V",5,2,5,6,0,0,57,55
"V",5,2,5,7,0,0,34,34
"V",5,2,5,8,0,0,19,19
"V",5,2,5,9,0,0,9,9
"V",5,2,5,9,0,1,1,1
"V",5,2,6,-1,0,0,183,59
"V",5,2,6,-10,0,0,2,0
"V",5,2,6,-11,0,0,1,0
"V",5,2,6,-12,0,0,1,0
"V",5,2,6,-2,0,0,138,32
"V",5,2,6,-2,1,0,1,1
"V",5,2,6,-3,0,0,95,19
"V",5,2,6,-4,0,0,62,2
"V",5,2,6,-5,0,0,49,3
"V",5,2,6,-5,1,0,1,1
"V",5,2,6,-5,2,0,1,1
"V",5,2,6,-6,0,0,18,0
"V",5,2,6,-7,0,0,7,0
"V",5,2,6,-8,0,0,5,0
"V",5,2,6,-9,0,0,1,0
"V",5,2,6,0,0,0,226,118
"V",5,2,6,1,0,0,238,144
"V",5,2,6,1,0,1,2,1
"V",5,2,6,1,0,2,1,0
"V",5,2,6,1,1,2,1,0
"V",5,2,6,1,2,2,1,0
"V",5,2,6,1,3,2,1,0
"V",5,2,6,10,0,0,7,7
"V",5,2,6,11,0,0,3,3
"V",5,2,6,13,0,0,1,1
"V",5,2,6,15,0,0,1,1
"V",5,2,6,2,0,0,182,143
"V",5,2,6,2,1,0,2,2
"V",5,2,6,3,0,0,133,110
"V",5,2,6,3,1,0,1,1
"V",5,2,6,4,0,0,103,92
"V",5,2,6,5,0,0,71,67
"V",5,2,6,6,0,0,46,44
"V",5,2,6,7,0,0,26,24
"V",5,2,6,8,0,0,7,6
"V",5,2,6,9,0,0,9,9
"V",5,2,7,-1,0,0,144,56
"V",5,2,7,-1,0,1,1,1
"V",5,2,7,-1,1,0,1,1
"V",5,2,7,-1,2,0,1,1
"V",5,2,7,-1,3,0,1,1
"V",5,2,7,-10,0,0,3,0
"V",5,2,7,-2,0,0,112,31
"V",5,2,7,-3,0,0,66,8
"V",5,2,7,-4,0,0,32,5
"V",5,2,7,-5,0,0,19,0
"V",5,2,7,-6,0,0,17,0
"V",5,2,7,-7,0,0,5,0
"V",5,2,7,-8,0,0,9,1
"V",5,2,7,-9,0,0,4,0
"V",5,2,7,0,0,0,182,87
"V",5,2,7,0,1,0,2,1
"V",5,2,7,0,1,1,2,1
"V",5,2,7,0,2,1,1,0
"V",5,2,7,1,0,0,170,119
"V",5,2,7,1,1,0,1,0
"V",5,2,7,1,2,0,1,0
"V",5,2,7,1,3,0,1,0
"V",5,2,7,1,3,1,1,0
"V",5,2,7,1,3,2,1,0
"V",5,2,7,10,0,0,3,3
"V",5,2,7,11,0,0,3,3
"V",5,2,7,12,0,0,1,1
"V",5,2,7,15,0,0,1,1
"V",5,2,7,2,0,0,147,113
"V",5,2,7,2,0,1,1,1
"V",5,2,7,2,1,0,1,1
"V",5,2,7,2,1,1,1,1
"V",5,2,7,2,1,2,1,1
"V",5,2,7,2,2,0,1,1
"V",5,2,7,2,3,0,1,1
"V",5,2,7,3,0,0,112,100
"V",5,2,7,3,0,1,1,1
"V",5,2,7,3,1,1,1,1
"V",5,2,7,3,1,2,1,1
"V",5,2,7,4,0,0,60,55
"V",5,2,7,4,0,1,1,1
"V",5,2,7,4,1,1,1,1
"V",5,2,7,4,1,2,1,1
"V",5,2,7,4,2,2,1,1
"V",5,2,7,5,0,0,34,31
"V",5,2,7,6,0,0,28,27
"V",5,2,7,6,0,1,1,1
"V",5,2,7,6,1,1,1,1
"V",5,2,7,6,1,2,1,1
"V",5,2,7,6,2,2,1,1
"V",5,2,7,7,0,0,24,22
"V",5,2,7,8,0,0,11,11
"V",5,2,7,9,0,0,6,6
"V",5,2,8,-1,0,0,98,39
"V",5,2,8,-1,1,0,1,1
"V",5,2,8,-10,0,0,4,0
"V",5,2,8,-11,0,0,1,0
"V",5,2,8,-12,0,0,1,0
"V",5,2,8,-13,0,0,1,0
"V",5,2,8,-2,0,0,89,21
"V",5,2,8,-3,0,0,48,4
"V",5,2,8,-4,0,0,36,4
"V",5,2,8,-5,0,0,11,1
"V",5,2,8,-6,0,0,16,1
"V",5,2,8,-7,0,0,12,0
"V",5,2,8,-8,0,0,6,0
"V",5,2,8,0,0,0,146,87
"V",5,2,8,0,0,1,1,0
"V",5,2,8,0,1,1,1,0
"V",5,2,8,1,0,0,116,80
"V",5,2,8,1,0,1,1,1
"V",5,2,8,1,1,0,1,0
"V",5,2,8,1,1,1,1,1
"V",5,2,8,1,1,2,1,1
"V",5,2,8,10,0,0,4,4
"V",5,2,8,11,0,0,1,1
"V",5,2,8,2,0,0,84,66
"V",5,2,8,2,1,0,1,1
"V",5,2,8,2,1,1,1,1
"V",5,2,8,2,2,1,1,1
"V",5,2,8,2,3,1,1,1
"V",5,2,8,2,3,2,1,1
"V",5,2,8,3,0,0,62,54
"V",5,2,8,4,0,0,45,42
"V",5,2,8,5,0,0,34,28
"V",5,2,8,6,0,0,19,18
"V",5,2,8,7,0,0,13,13
"V",5,2,8,8,0,0,11,11
"V",5,2,8,9,0,0,4,4
"V",6,0,1,-1,0,0,3049,891
"V",6,0,1,-1,0,1,8,3
"V",6,0,1,-1,0,2,1,0
"V",6,0,1,-1,1,0,11,5
"V",6,0,1,-1,1,1,10,5
"V",6,0,1,-1,1,2,2,0
"V",6,0,1,-1,2,0,7,3
"V",6,0,1,-1,2,1,9,4
"V",6,0,1,-1,2,2,4,1
"V",6,0,1,-1,3,0,1,0
"V",6,0,1,-1,3,1,5,2
"V",6,0,1,-1,3,2,4,2
"V",6,0,1,-10,0,0,73,0
"V",6,0,1,-11,0,0,36,0
"V",6,0,1,-12,0,0,25,0
"V",6,0,1,-13,0,0,11,0
"V",6,0,1,-14,0,0,5,0
"V",6,0,1,-15,0,0,5,0
"V",6,0,1,-16,0,0,2,0
"V",6,0,1,-17,0,0,2,0
"V",6,0,1,-2,0,0,2401,427
"V",6,0,1,-2,0,1,8,1
"V",6,0,1,-2,0,2,2,0
"V",6,0,1,-2,1,0,10,3
"V",6,0,1,-2,1,1,5,0
"V",6,0,1,-2,1,2,2,0
"V",6,0,1,-2,2,0,7,2
"V",6,0,1,-2,2,1,3,0
"V",6,0,1,-2,2,2,1,0
"V",6,0,1,-2,3,0,6,2
"V",6,0,1,-2,3,1,2,0
"V",6,0,1,-3,0,0,1736,199
"V",6,0,1,-3,0,1,3,0
"V",6,0,1,-3,1,0,6,1
"V",6,0,1,-3,1,1,6,1
"V",6,0,1,-3,1,2,3,1
"V",6,0,1,-3,2,0,1,0
"V",6,0,1,-3,2,1,2,0
"V",6,0,1,-3,2,2,1,0
"V",6,0,1,-3,3,0,1,0
"V",6,0,1,-3,3,1,1,0
"V",6,0,1,-3,3,2,1,0
"V",6,0,1,-4,0,0,1212,65
"V",6,0,1,-4,0,1,5,0
"V",6,0,1,-4,0,2,1,0
"V",6,0,1,-4,1,0,1,0
"V",6,0,1,-4,1,1,2,0
"V",6,0,1,-4,2,1,2,0
"V",6,0,1,-4,2,2,1,0
"V",6,0,1,-5,0,0,791,35
"V",6,0,1,-5,0,1,3,1
"V",6,0,1,-5,1,0,4,0
"V",6,0,1,-5,1,1,4,1
"V",6,0,1,-5,1,2,1,0
"V",6,0,1,-5,2,0,2,0
"V",6,0,1,-5,2,1,3,1
"V",6,0,1,-5,3,0,2,0
"V",6,0,1,-5,3,1,3,1
"V",6,0,1,-5,3,2,2,1
"V",6,0,1,-6,0,0,562,12
"V",6,0,1,-6,0,1,2,0
"V",6,0,1,-6,0,2,1,0
"V",6,0,1,-6,1,0,1,0
"V",6,0,1,-6,1,1,1,0
"V",6,0,1,-6,1,2,1,0
"V",6,0,1,-6,2,2,1,0
"V",6,0,1,-6,3,2,1,0
"V",6,0,1,-7,0,0,323,4
"V",6,0,1,-7,0,1,1,0
"V",6,0,1,-7,1,1,1,0
"V",6,0,1,-7,2,1,1,0
"V",6,0,1,-7,3,1,1,0
"V",6,0,1,-8,0,0,190,2
"V",6,0,1,-8,0,1,1,0
"V",6,0,1,-8,1,1,1,0
"V",6,0,1,-9,0,0,110,0
"V",6,0,1,0,0,0,3656,1688
"V",6,0,1,0,0,1,14,5
"V",6,0,1,0,0,2,4,2
"V",6,0,1,0,1,0,16,8
"V",6,0,1,0,1,1,14,5
"V",6,0,1,0,1,2,6,0
"V",6,0,1,0,2,0,5,3
"V",6,0,1,0,2,1,9,5
"V",6,0,1,0,2,2,4,1
"V",6,0,1,0,3,0,2,1
"V",6,0,1,0,3,1,1,1
"V",6,0,1,1,0,0,2978,1967
"V",6,0,1,1,0,1,6,2
"V",6,0,1,1,0,2,1,0
"V",6,0,1,1,1,0,9,6
"V",6,0,1,1,1,1,7,4
"V",6,0,1,1,1,2,2,1
"V",6,0,1,1,2,0,4,2
"V",6,0,1,1,2,1,6,4
"V",6,0,1,1,2,2,5,2
"V",6,0,1,1,3,0,2,0
"V",6,0,1,1,3,1,1,1
"V",6,0,1,1,3,2,3,1
"V",6,0,1,10,0,0,44,43
"V",6,0,1,11,0,0,26,26
"V",6,0,1,12,0,0,11,11
"V",6,0,1,13,0,0,11,11
"V",6,0,1,14,0,0,3,3
"V",6,0,1,15,0,0,3,3
"V",6,0,1,16,0,0,2,2
"V",6,0,1,19,0,0,1,1
"V",6,0,1,2,0,0,2082,1627
"V",6,0,1,2,0,1,14,11
"V",6,0,1,2,0,2,4,3
"V",6,0,1,2,1,0,7,5
"V",6,0,1,2,1,1,11,9
"V",6,0,1,2,1,2,6,6
"V",6,0,1,2,2,0,3,3
"V",6,0,1,2,2,1,7,6
"V",6,0,1,2,2,2,7,6
"V",6,0,1,2,3,1,2,2
"V",6,0,1,2,3,2,1,1
"V",6,0,1,3,0,0,1479,1283
"V",6,0,1,3,0,1,7,6
"V",6,0,1,3,0,2,2,2
"V",6,0,1,3,1,0,3,2
"V",6,0,1,3,1,1,6,5
"V",6,0,1,3,1,2,4,4
"V",6,0,1,3,2,0,1,0
"V",6,0,1,3,2,1,2,2
"V",6,0,1,3,2,2,3,3
"V",6,0,1,3,3,0,1,0
"V",6,0,1,3,3,1,1,0
"V",6,0,1,4,0,0,979,897
"V",6,0,1,4,0,1,1,1
"V",6,0,1,4,1,0,3,3
"V",6,0,1,4,1,1,1,1
"V",6,0,1,4,1,2,1,1
"V",6,0,1,4,2,0,3,3
"V",6,0,1,4,2,1,1,1
"V",6,0,1,4,2,2,1,1
"V",6,0,1,4,3,0,2,2
"V",6,0,1,4,3,1,1,1
"V",6,0,1,4,3,2,1,1
"V",6,0,1,5,0,0,727,690
"V",6,0,1,5,0,1,1,1
"V",6,0,1,5,1,0,2,2
"V",6,0,1,5,1,1,2,2
"V",6,0,1,5,1,2,1,1
"V",6,0,1,6,0,0,404,390
"V",6,0,1,6,0,1,1,1
"V",6,0,1,6,0,2,1,1
"V",6,0,1,6,1,0,3,3
"V",6,0,1,6,1,1,1,1
"V",6,0,1,6,1,2,2,2
"V",6,0,1,6,2,0,2,2
"V",6,0,1,6,2,2,1,1
"V",6,0,1,6,3,0,2,2
"V",6,0,1,6,3,2,1,1
"V",6,0,1,7,0,0,222,220
"V",6,0,1,8,0,0,134,134
"V",6,0,1,9,0,0,66,66
"V",6,0,2,-1,0,0,837,303
"V",6,0,2,-1,0,1,4,3
"V",6,0,2,-1,1,0,2,0
"V",6,0,2,-1,1,1,4,1
"V",6,0,2,-1,2,1,2,0
"V",6,0,2,-1,2,2,1,0
"V",6,0,2,-1,3,1,1,0
"V",6,0,2,-1,3,2,1,0
"V",6,0,2,-10,0,0,21,0
"V",6,0,2,-11,0,0,8,0
"V",6,0,2,-12,0,0,4,0
"V",6,0,2,-13,0,0,3,0
"V",6,0,2,-14,0,0,3,0
"V",6,0,2,-15,0,0,2,0
"V",6,0,2,-16,0,0,2,0
"V",6,0,2,-17,0,0,1,0
"V",6,0,2,-2,0,0,669,159
"V",6,0,2,-2,0,1,6,2
"V",6,0,2,-2,0,2,1,1
"V",6,0,2,-2,1,0,1,0
"V",6,0,2,-2,1,1,3,1
"V",6,0,2,-2,1,2,3,2
"V",6,0,2,-2,2,0,1,0
"V",6,0,2,-2,2,1,1,0
"V",6,0,2,-2,2,2,3,2
"V",6,0,2,-3,0,0,509,83
"V",6,0,2,-3,1,0,1,0
"V",6,0,2,-3,1,1,1,0
"V",6,0,2,-4,0,0,350,29
"V",6,0,2,-5,0,0,211,13
"V",6,0,2,-6,0,0,153,6
"V",6,0,2,-7,0,0,87,1
"V",6,0,2,-8,0,0,48,1
"V",6,0,2,-9,0,0,21,0
"V",6,0,2,0,0,0,985,525
"V",6,0,2,0,0,1,3,1
"V",6,0,2,0,0,2,1,0
"V",6,0,2,0,1,0,4,1
"V",6,0,2,0,1,1,3,2
"V",6,0,2,0,1,2,1,1
"V",6,0,2,0,2,0,2,0
"V",6,0,2,1,0,0,892,639
"V",6,0,2,1,0,1,5,4
"V",6,0,2,1,0,2,2,2
"V",6,0,2,10,0,0,15,14
"V",6,0,2,11,0,0,11,11
"V",6,0,2,12,0,0,2,2
"V",6,0,2,13,0,0,3,3
"V",6,0,2,14,0,0,2,2
"V",6,0,2,15,0,0,2,2
"V",6,0,2,19,0,0,1,1
"V",6,0,2,2,0,0,635,508
"V",6,0,2,2,0,1,3,3
"V",6,0,2,2,0,2,2,2
"V",6,0,2,2,1,0,2,2
"V",6,0,2,2,1,1,2,2
"V",6,0,2,2,1,2,1,1
"V",6,0,2,2,2,2,1,1
"V",6,0,2,2,3,2,1,1
"V",6,0,2,3,0,0,435,376
"V",6,0,2,3,0,1,1,1
"V",6,0,2,3,1,1,1,1
"V",6,0,2,3,1,2,1,1
"V",6,0,2,4,0,0,296,271
"V",6,0,2,5,0,0,224,211
"V",6,0,2,5,1,0,1,1
"V",6,0,2,5,2,0,1,1
"V",6,0,2,5,3,0,1,1
"V",6,0,2,5,3,1,1,1
"V",6,0,2,5,3,2,1,1
"V",6,0,2,6,0,0,121,117
"V",6,0,2,6,0,1,1,1
"V",6,0,2,6,1,1,1,1
"V",6,0,2,7,0,0,78,77
"V",6,0,2,8,0,0,56,56
"V",6,0,2,9,0,0,24,24
"V",6,0,3,-1,0,0,170,83
"V",6,0,3,-1,1,0,2,2
"V",6,0,3,-1,1,1,2,2
"V",6,0,3,-1,1,2,1,1
"V",6,0,3,-1,2,1,1,1
"V",6,0,3,-1,2,2,2,2
"V",6,0,3,-1,3,2,1,1
"V",6,0,3,-10,0,0,7,0
"V",6,0,3,-11,0,0,3,0
"V",6,0,3,-12,0,0,1,0
"V",6,0,3,-13,0,0,1,0
"V",6,0,3,-15,0,0,1,0
"V",6,0,3,-16,0,0,1,0
"V",6,0,3,-2,0,0,143,41
"V",6,0,3,-3,0,0,102,18
"V",6,0,3,-4,0,0,76,4
"V",6,0,3,-5,0,0,47,5
"V",6,0,3,-6,0,0,41,2
"V",6,0,3,-7,0,0,16,0
"V",6,0,3,-8,0,0,17,0
"V",6,0,3,-9,0,0,10,0
"V",6,0,3,0,0,0,205,104
"V",6,0,3,1,0,0,203,154
"V",6,0,3,10,0,0,6,6
"V",6,0,3,11,0,0,5,5
"V",6,0,3,12,0,0,2,2
"V",6,0,3,13,0,0,3,3
"V",6,0,3,2,0,0,164,129
"V",6,0,3,2,0,1,1,1
"V",6,0,3,2,1,1,1,1
"V",6,0,3,2,2,1,1,1
"V",6,0,3,2,2,2,1,1
"V",6,0,3,2,3,2,1,1
"V",6,0,3,3,0,0,120,100
"V",6,0,3,3,0,1,1,1
"V",6,0,3,3,0,2,1,1
"V",6,0,3,4,0,0,73,68
"V",6,0,3,5,0,0,59,58
"V",6,0,3,6,0,0,29,27
"V",6,0,3,7,0,0,16,16
"V",6,0,3,8,0,0,8,8
"V",6,0,3,9,0,0,8,8
"V",6,0,4,-1,0,0,163,79
"V",6,0,4,-1,0,1,1,1
"V",6,0,4,-1,1,0,1,1
"V",6,0,4,-1,1,1,1,1
"V",6,0,4,-10,0,0,8,0
"V",6,0,4,-11,0,0,1,0
"V",6,0,4,-12,0,0,2,0
"V",6,0,4,-14,0,0,1,0
"V",6,0,4,-17,0,0,1,0
"V",6,0,4,-2,0,0,154,56
"V",6,0,4,-2,1,0,1,1
"V",6,0,4,-3,0,0,121,31
"V",6,0,4,-3,0,1,1,0
"V",6,0,4,-3,0,2,1,0
"V",6,0,4,-4,0,0,86,10
"V",6,0,4,-5,0,0,51,2
"V",6,0,4,-6,0,0,39,3
"V",6,0,4,-7,0,0,22,1
"V",6,0,4,-8,0,0,13,1
"V",6,0,4,-9,0,0,8,0
"V",6,0,4,0,0,0,170,101
"V",6,0,4,0,1,0,1,1
"V",6,0,4,0,1,1,1,1
"V",6,0,4,0,2,1,1,1
"V",6,0,4,0,2,2,1,1
"V",6,0,4,1,0,0,159,119
"V",6,0,4,10,0,0,2,2
"V",6,0,4,11,0,0,2,2
"V",6,0,4,13,0,0,1,1
"V",6,0,4,15,0,0,1,1
"V",6,0,4,19,0,0,1,1
"V",6,0,4,2,0,0,126,107
"V",6,0,4,2,0,1,2,1
"V",6,0,4,2,0,2,1,1
"V",6,0,4,2,1,1,1,0
"V",6,0,4,2,1,2,2,1
"V",6,0,4,2,2,2,1,1
"V",6,0,4,2,3,2,1,1
"V",6,0,4,3,0,0,81,72
"V",6,0,4,4,0,0,57,55
"V",6,0,4,5,0,0,46,46
"V",6,0,4,5,1,0,1,1
"V",6,0,4,5,1,1,1,1
"V",6,0,4,6,0,0,29,28
"V",6,0,4,7,0,0,16,16
"V",6,0,4,8,0,0,7,7
"V",6,0,4,9,0,0,8,8
"V",6,0,5,-1,0,0,83,39
"V",6,0,5,-10,0,0,2,0
"V",6,0,5,-11,0,0,1,0
"V",6,0,5,-2,0,0,38,10
"V",6,0,5,-3,0,0,27,10
"V",6,0,5,-4,0,0,31,0
"V",6,0,5,-5,0,0,10,2
"V",6,0,5,-6,0,0,9,0
"V",6,0,5,-7,0,0,3,0
"V",6,0,5,-8,0,0,5,0
"V",6,0,5,-9,0,0,1,0
"V",6,0,5,0,0,0,64,41
"V",6,0,5,0,1,0,1,1
"V",6,0,5,0,1,1,1,1
"V",6,0,5,0,2,1,1,1
"V",6,0,5,0,2,2,1,1
"V",6,0,5,1,0,0,71,51
"V",6,0,5,10,0,0,1,0
"V",6,0,5,11,0,0,1,1
"V",6,0,5,11,1,0,1,1
"V",6,0,5,11,1,1,1,1
"V",6,0,5,13,0,0,1,1
"V",6,0,5,16,0,0,1,1
"V",6,0,5,2,0,0,45,36
"V",6,0,5,3,0,0,36,33
"V",6,0,5,3,1,0,1,1
"V",6,0,5,3,2,0,1,1
"V",6,0,5,3,2,1,1,1
"V",6,0,5,3,3,1,1,1
"V",6,0,5,3,3,2,1,1
"V",6,0,5,4,0,0,26,24
"V",6,0,5,5,0,0,13,13
"V",6,0,5,6,0,0,14,13
"V",6,0,5,6,1,0,1,0
"V",6,0,5,7,0,0,3,3
"V",6,0,5,8,0,0,10,9
"V",6,0,5,9,0,0,1,1
"V",6,0,6,-1,0,0,72,35
"V",6,0,6,-10,0,0,4,0
"V",6,0,6,-11,0,0,1,0
"V",6,0,6,-13,0,0,1,0
"V",6,0,6,-2,0,0,61,28
"V",6,0,6,-3,0,0,46,13
"V",6,0,6,-3,0,1,1,0
"V",6,0,6,-3,0,2,1,0
"V",6,0,6,-4,0,0,28,4
"V",6,0,6,-5,0,0,18,5
"V",6,0,6,-6,0,0,13,0
"V",6,0,6,-7,0,0,5,0
"V",6,0,6,-8,0,0,3,0
"V",6,0,6,-9,0,0,3,0
"V",6,0,6,0,0,0,82,50
"V",6,0,6,1,0,0,82,67
"V",6,0,6,10,0,0,5,5
"V",6,0,6,12,0,0,2,2
"V",6,0,6,13,0,0,1,1
"V",6,0,6,15,0,0,1,1
"V",6,0,6,2,0,0,60,51
"V",6,0,6,2,1,0,1,1
"V",6,0,6,2,1,1,1,1
"V",6,0,6,2,2,1,1,1
"V",6,0,6,3,0,0,52,50
"V",6,0,6,3,0,1,1,1
"V",6,0,6,3,0,2,1,1
"V",6,0,6,3,1,0,1,0
"V",6,0,6,3,1,2,1,1
"V",6,0,6,3,2,2,1,1
"V",6,0,6,4,0,0,26,21
"V",6,0,6,5,0,0,16,16
"V",6,0,6,6,0,0,13,12
"V",6,0,6,7,0,0,7,7
"V",6,0,6,8,0,0,9,9
"V",6,0,6,9,0,0,3,3
"V",6,0,7,-1,0,0,52,28
"V",6,0,7,-2,0,0,26,6
"V",6,0,7,-3,0,0,23,6
"V",6,0,7,-3,0,1,1,0
"V",6,0,7,-3,0,2,1,0
"V",6,0,7,-4,0,0,24,7
"V",6,0,7,-5,0,0,8,3
"V",6,0,7,-6,0,0,3,0
"V",6,0,7,-7,0,0,4,0
"V",6,0,7,-8,0,0,4,0
"V",6,0,7,-9,0,0,5,0
"V",6,0,7,0,0,0,50,35
"V",6,0,7,1,0,0,51,42
"V",6,0,7,10,0,0,5,5
"V",6,0,7,12,0,0,1,1
"V",6,0,7,2,0,0,30,27
"V",6,0,7,3,0,0,23,22
"V",6,0,7,4,0,0,21,20
"V",6,0,7,5,0,0,12,12
"V",6,0,7,6,0,0,16,16
"V",6,0,7,7,0,0,9,9
"V",6,0,7,8,0,0,2,2
"V",6,0,7,9,0,0,3,3
"V",6,0,8,-1,0,0,47,22
"V",6,0,8,-1,0,1,1,1
"V",6,0,8,-1,1,1,1,1
"V",6,0,8,-1,1,2,1,1
"V",6,0,8,-10,0,0,1,0
"V",6,0,8,-2,0,0,43,20
"V",6,0,8,-2,0,1,2,1
"V",6,0,8,-2,0,2,2,1
"V",6,0,8,-3,0,0,30,9
"V",6,0,8,-4,0,0,21,3
"V",6,0,8,-5,0,0,9,1
"V",6,0,8,-6,0,0,9,1
"V",6,0,8,-7,0,0,5,0
"V",6,0,8,-8,0,0,4,0
"V",6,0,8,0,0,0,57,39
"V",6,0,8,1,0,0,50,43
"V",6,0,8,10,0,0,1,1
"V",6,0,8,11,0,0,1,1
"V",6,0,8,12,0,0,1,1
"V",6,0,8,13,0,0,2,2
"V",6,0,8,14,0,0,1,1
"V",6,0,8,15,0,0,3,3
"V",6,0,8,16,0,0,1,1
"V",6,0,8,2,0,0,38,35
"V",6,0,8,3,0,0,19,19
"V",6,0,8,4,0,0,16,16
"V",6,0,8,5,0,0,13,13
"V",6,0,8,5,0,1,1,1
"V",6,0,8,5,0,2,1,1
"V",6,0,8,6,0,0,11,11
"V",6,0,8,7,0,0,6,6
"V",6,0,8,8,0,0,5,5
"V",6,0,8,9,0,0,2,2
"V",6,1,1,-1,0,0,2097,522
"V",6,1,1,-1,0,1,3,0
"V",6,1,1,-1,0,2,1,0
"V",6,1,1,-1,1,0,4,3
"V",6,1,1,-1,1,1,2,1
"V",6,1,1,-1,1,2,2,1
"V",6,1,1,-1,2,0,2,2
"V",6,1,1,-1,2,1,1,1
"V",6,1,1,-1,2,2,1,1
"V",6,1,1,-1,3,2,1,1
"V",6,1,1,-10,0,0,45,0
"V",6,1,1,-11,0,0,26,0
"V",6,1,1,-12,0,0,20,0
"V",6,1,1,-13,0,0,7,0
"V",6,1,1,-14,0,0,2,0
"V",6,1,1,-15,0,0,2,0
"V",6,1,1,-17,0,0,1,0
"V",6,1,1,-2,0,0,1636,235
"V",6,1,1,-2,0,1,6,1
"V",6,1,1,-2,0,2,1,0
"V",6,1,1,-2,1,0,8,2
"V",6,1,1,-2,1,1,9,3
"V",6,1,1,-2,1,2,4,1
"V",6,1,1,-2,2,0,3,0
"V",6,1,1,-2,2,1,3,1
"V",6,1,1,-2,2,2,4,2
"V",6,1,1,-2,3,0,2,0
"V",6,1,1,-2,3,1,1,0
"V",6,1,1,-2,3,2,2,1
"V",6,1,1,-3,0,0,1144,92
"V",6,1,1,-3,0,1,4,0
"V",6,1,1,-3,0,2,2,0
"V",6,1,1,-3,1,0,6,1
"V",6,1,1,-3,1,1,3,1
"V",6,1,1,-3,1,2,2,1
"V",6,1,1,-3,2,0,4,0
"V",6,1,1,-3,2,1,3,0
"V",6,1,1,-3,2,2,3,1
"V",6,1,1,-3,3,0,1,0
"V",6,1,1,-3,3,1,1,0
"V",6,1,1,-4,0,0,781,35
"V",6,1,1,-4,1,0,4,0
"V",6,1,1,-4,1,1,1,0
"V",6,1,1,-4,2,0,3,0
"V",6,1,1,-4,2,1,2,0
"V",6,1,1,-4,3,0,1,0
"V",6,1,1,-5,0,0,544,18
"V",6,1,1,-5,0,1,2,0
"V",6,1,1,-5,1,0,1,0
"V",6,1,1,-5,1,1,3,0
"V",6,1,1,-5,1,2,1,0
"V",6,1,1,-5,2,1,1,0
"V",6,1,1,-5,2,2,1,0
"V",6,1,1,-6,0,0,364,3
"V",6,1,1,-6,0,1,1,0
"V",6,1,1,-6,1,0,1,0
"V",6,1,1,-6,1,1,1,0
"V",6,1,1,-6,1,2,1,0
"V",6,1,1,-6,2,2,1,0
"V",6,1,1,-7,0,0,224,3
"V",6,1,1,-7,1,0,1,0
"V",6,1,1,-7,1,1,1,0
"V",6,1,1,-7,2,1,1,0
"V",6,1,1,-7,3,1,1,0
"V",6,1,1,-8,0,0,125,1
"V",6,1,1,-8,1,0,1,0
"V",6,1,1,-8,2,0,1,0
"V",6,1,1,-8,2,1,1,0
"V",6,1,1,-8,3,1,1,0
"V",6,1,1,-8,3,2,1,0
"V",6,1,1,-9,0,0,82,0
"V",6,1,1,0,0,0,2560,1108
"V",6,1,1,0,0,1,12,5
"V",6,1,1,0,0,2,5,1
"V",6,1,1,0,1,0,14,5
"V",6,1,1,0,1,1,11,5
"V",6,1,1,0,1,2,7,3
"V",6,1,1,0,2,0,5,2
"V",6,1,1,0,2,1,7,4
"V",6,1,1,0,2,2,6,2
"V",6,1,1,0,3,0,3,1
"V",6,1,1,0,3,1,3,1
"V",6,1,1,0,3,2,4,2
"V",6,1,1,1,0,0,2020,1264
"V",6,1,1,1,0,1,7,5
"V",6,1,1,1,0,2,3,3
"V",6,1,1,1,1,0,1,0
"V",6,1,1,1,1,1,2,1
"V",6,1,1,1,1,2,1,1
"V",6,1,1,1,2,1,1,1
"V",6,1,1,1,2,2,1,1
"V",6,1,1,1,3,2,1,1
"V",6,1,1,10,0,0,29,29
"V",6,1,1,11,0,0,14,14
"V",6,1,1,12,0,0,12,12
"V",6,1,1,13,0,0,5,5
"V",6,1,1,14,0,0,3,3
"V",6,1,1,15,0,0,1,1
"V",6,1,1,16,0,0,2,2
"V",6,1,1,2,0,0,1399,1081
"V",6,1,1,2,0,1,3,3
"V",6,1,1,2,1,0,6,5
"V",6,1,1,2,1,1,5,4
"V",6,1,1,2,1,2,1,0
"V",6,1,1,2,2,0,2,2
"V",6,1,1,2,2,1,3,3
"V",6,1,1,2,2,2,3,2
"V",6,1,1,2,3,0,1,1
"V",6,1,1,2,3,2,1,1
"V",6,1,1,3,0,0,1021,884
"V",6,1,1,3,0,1,2,1
"V",6,1,1,3,1,0,1,0
"V",6,1,1,3,1,1,2,1
"V",6,1,1,3,1,2,1,0
"V",6,1,1,3,2,1,1,1
"V",6,1,1,3,2,2,1,1
"V",6,1,1,4,0,0,675,619
"V",6,1,1,4,0,1,1,1
"V",6,1,1,4,0,2,1,1
"V",6,1,1,4,1,0,1,1
"V",6,1,1,4,1,1,1,1
"V",6,1,1,4,1,2,2,2
"V",6,1,1,4,2,2,1,1
"V",6,1,1,5,0,0,498,468
"V",6,1,1,5,0,1,2,2
"V",6,1,1,5,0,2,1,1
"V",6,1,1,5,1,0,1,1
"V",6,1,1,5,1,1,1,1
"V",6,1,1,5,2,1,1,1
"V",6,1,1,5,3,1,1,1
"V",6,1,1,5,3,2,1,1
"V",6,1,1,6,0,0,284,274
"V",6,1,1,6,0,1,3,3
"V",6,1,1,6,0,2,1,1
"V",6,1,1,6,1,0,1,1
"V",6,1,1,6,1,1,2,2
"V",6,1,1,6,2,0,1,1
"V",6,1,1,6,2,1,3,3
"V",6,1,1,6,2,2,3,3
"V",6,1,1,6,3,2,1,1
"V",6,1,1,7,0,0,150,148
"V",6,1,1,7,0,1,2,1
"V",6,1,1,7,0,2,1,0
"V",6,1,1,7,1,1,1,1
"V",6,1,1,7,1,2,1,0
"V",6,1,1,7,2,1,1,1
"V",6,1,1,7,2,2,1,1
"V",6,1,1,8,0,0,85,85
"V",6,1,1,9,0,0,45,45
"V",6,1,2,-1,0,0,904,264
"V",6,1,2,-1,0,1,3,1
"V",6,1,2,-1,0,2,1,0
"V",6,1,2,-1,1,0,1,0
"V",6,1,2,-1,1,1,2,1
"V",6,1,2,-1,1,2,2,1
"V",6,1,2,-1,2,2,1,0
"V",6,1,2,-10,0,0,24,0
"V",6,1,2,-11,0,0,10,0
"V",6,1,2,-12,0,0,8,0
"V",6,1,2,-13,0,0,4,0
"V",6,1,2,-14,0,0,2,0
"V",6,1,2,-15,0,0,1,0
"V",6,1,2,-16,0,0,1,0
"V",6,1,2,-2,0,0,799,150
"V",6,1,2,-2,0,1,3,0
"V",6,1,2,-2,0,2,2,0
"V",6,1,2,-2,1,0,3,1
"V",6,1,2,-2,1,1,3,0
"V",6,1,2,-2,1,2,2,0
"V",6,1,2,-2,2,0,1,1
"V",6,1,2,-2,2,2,1,0
"V",6,1,2,-2,3,0,1,1
"V",6,1,2,-2,3,1,1,1
"V",6,1,2,-2,3,2,1,1
"V",6,1,2,-3,0,0,632,83
"V",6,1,2,-3,0,1,3,0
"V",6,1,2,-3,0,2,1,0
"V",6,1,2,-4,0,0,382,26
"V",6,1,2,-4,0,1,2,0
"V",6,1,2,-4,0,2,1,0
"V",6,1,2,-4,1,0,1,0
"V",6,1,2,-4,1,2,1,0
"V",6,1,2,-5,0,0,266,11
"V",6,1,2,-5,0,1,1,0
"V",6,1,2,-6,0,0,184,4
"V",6,1,2,-7,0,0,94,0
"V",6,1,2,-7,0,1,1,0
"V",6,1,2,-7,0,2,1,0
"V",6,1,2,-8,0,0,58,1
"V",6,1,2,-9,0,0,30,0
"V",6,1,2,0,0,0,1066,511
"V",6,1,2,0,0,1,4,2
"V",6,1,2,0,1,0,4,1
"V",6,1,2,0,1,1,3,1
"V",6,1,2,0,1,2,1,0
"V",6,1,2,0,2,0,1,1
"V",6,1,2,0,2,1,1,0
"V",6,1,2,0,2,2,1,0
"V",6,1,2,0,3,0,1,1
"V",6,1,2,1,0,0,950,623
"V",6,1,2,1,0,1,2,1
"V",6,1,2,1,0,2,1,0
"V",6,1,2,1,1,0,1,1
"V",6,1,2,1,1,1,1,1
"V",6,1,2,1,2,0,1,1
"V",6,1,2,1,2,1,2,2
"V",6,1,2,1,2,2,1,1
"V",6,1,2,1,3,1,1,1
"V",6,1,2,10,0,0,17,17
"V",6,1,2,11,0,0,13,12
"V",6,1,2,12,0,0,6,6
"V",6,1,2,13,0,0,4,4
"V",6,1,2,14,0,0,5,5
"V",6,1,2,15,0,0,2,2
"V",6,1,2,17,0,0,1,1
"V",6,1,2,2,0,0,738,583
"V",6,1,2,2,0,1,1,1
"V",6,1,2,2,0,2,1,1
"V",6,1,2,2,1,0,3,3
"V",6,1,2,2,1,1,2,2
"V",6,1,2,2,1,2,1,1
"V",6,1,2,2,2,0,1,1
"V",6,1,2,2,2,1,2,2
"V",6,1,2,2,2,2,1,1
"V",6,1,2,2,3,1,1,1
"V",6,1,2,2,3,2,1,1
"V",6,1,2,3,0,0,516,444
"V",6,1,2,3,0,1,1,1
"V",6,1,2,3,0,2,1,1
"V",6,1,2,3,1,0,1,1
"V",6,1,2,3,1,1,1,1
"V",6,1,2,3,1,2,2,2
"V",6,1,2,3,2,2,1,1
"V",6,1,2,3,3,2,1,1
"V",6,1,2,4,0,0,358,319
"V",6,1,2,4,1,0,2,2
"V",6,1,2,4,1,1,2,2
"V",6,1,2,4,1,2,1,1
"V",6,1,2,4,2,1,1,1
"V",6,1,2,5,0,0,276,258
"V",6,1,2,5,0,1,1,1
"V",6,1,2,5,0,2,1,1
"V",6,1,2,5,1,2,1,1
"V",6,1,2,5,2,2,1,1
"V",6,1,2,5,3,2,1,1
"V",6,1,2,6,0,0,150,146
"V",6,1,2,6,0,1,2,2
"V",6,1,2,7,0,0,101,100
"V",6,1,2,8,0,0,75,75
"V",6,1,2,9,0,0,28,28
"V",6,1,3,-1,0,0,421,158
"V",6,1,3,-1,1,0,3,2
"V",6,1,3,-1,1,1,1,0
"V",6,1,3,-1,1,2,1,0
"V",6,1,3,-1,2,0,1,1
"V",6,1,3,-1,3,0,1,1
"V",6,1,3,-10,0,0,7,0
"V",6,1,3,-11,0,0,5,0
"V",6,1,3,-15,0,0,1,0
"V",6,1,3,-16,0,0,1,0
"V",6,1,3,-2,0,0,271,61
"V",6,1,3,-2,0,1,2,0
"V",6,1,3,-2,1,1,1,0
"V",6,1,3,-2,1,2,1,0
"V",6,1,3,-3,0,0,170,23
"V",6,1,3,-3,0,1,1,0
"V",6,1,3,-3,0,2,1,0
"V",6,1,3,-4,0,0,114,8
"V",6,1,3,-5,0,0,69,2
"V",6,1,3,-6,0,0,61,1
"V",6,1,3,-7,0,0,28,0
"V",6,1,3,-8,0,0,18,0
"V",6,1,3,-9,0,0,10,0
"V",6,1,3,0,0,0,592,302
"V",6,1,3,0,0,1,1,1
"V",6,1,3,0,1,0,1,0
"V",6,1,3,1,0,0,545,378
"V",6,1,3,1,0,1,1,0
"V",6,1,3,1,0,2,1,0
"V",6,1,3,1,1,0,2,1
"V",6,1,3,1,1,1,1,0
"V",6,1,3,1,1,2,1,0
"V",6,1,3,1,2,0,1,1
"V",6,1,3,1,3,0,1,1
"V",6,1,3,10,0,0,19,19
"V",6,1,3,11,0,0,8,8
"V",6,1,3,12,0,0,3,3
"V",6,1,3,13,0,0,2,2
"V",6,1,3,14,0,0,2,2
"V",6,1,3,2,0,0,437,346
"V",6,1,3,2,0,1,1,1
"V",6,1,3,2,1,0,1,1
"V",6,1,3,2,1,1,1,1
"V",6,1,3,2,2,0,1,1
"V",6,1,3,3,0,0,315,278
"V",6,1,3,3,0,1,1,1
"V",6,1,3,3,1,0,1,1
"V",6,1,3,3,1,1,2,2
"V",6,1,3,3,2,1,2,2
"V",6,1,3,3,2,2,1,1
"V",6,1,3,4,0,0,183,171
"V",6,1,3,5,0,0,155,147
"V",6,1,3,6,0,0,81,80
"V",6,1,3,7,0,0,49,48
"V",6,1,3,8,0,0,36,36
"V",6,1,3,8,0,1,1,1
"V",6,1,3,8,0,2,1,1
"V",6,1,3,9,0,0,21,21
"V",6,1,4,-1,0,0,266,110
"V",6,1,4,-1,0,1,3,2
"V",6,1,4,-1,0,2,2,1
"V",6,1,4,-1,1,2,1,0
"V",6,1,4,-10,0,0,9,0
"V",6,1,4,-11,0,0,1,0
"V",6,1,4,-12,0,0,1,0
"V",6,1,4,-13,0,0,1,0
"V",6,1,4,-14,0,0,1,0
"V",6,1,4,-2,0,0,251,51
"V",6,1,4,-2,1,0,1,1
"V",6,1,4,-2,2,0,1,1
"V",6,1,4,-3,0,0,179,32
"V",6,1,4,-4,0,0,126,13
"V",6,1,4,-5,0,0,95,6
"V",6,1,4,-6,0,0,67,2
"V",6,1,4,-7,0,0,38,0
"V",6,1,4,-8,0,0,23,1
"V",6,1,4,-9,0,0,10,0
"V",6,1,4,0,0,0,299,151
"V",6,1,4,0,0,1,2,2
"V",6,1,4,0,1,0,2,2
"V",6,1,4,0,1,1,1,1
"V",6,1,4,0,2,0,1,1
"V",6,1,4,1,0,0,277,182
"V",6,1,4,1,0,1,3,2
"V",6,1,4,1,0,2,1,0
"V",6,1,4,1,1,0,1,1
"V",6,1,4,1,1,1,1,1
"V",6,1,4,1,1,2,2,1
"V",6,1,4,1,2,0,1,1
"V",6,1,4,1,2,2,1,0
"V",6,1,4,1,3,0,1,1
"V",6,1,4,1,3,2,1,0
"V",6,1,4,10,0,0,10,10
"V",6,1,4,11,0,0,2,1
"V",6,1,4,13,0,0,1,1
"V",6,1,4,14,0,0,2,2
"V",6,1,4,15,0,0,1,1
"V",6,1,4,16,0,0,4,4
"V",6,1,4,17,0,0,1,1
"V",6,1,4,19,0,0,1,1
"V",6,1,4,2,0,0,246,202
"V",6,1,4,2,0,1,1,1
"V",6,1,4,2,1,0,1,1
"V",6,1,4,3,0,0,174,154
"V",6,1,4,4,0,0,126,118
"V",6,1,4,5,0,0,92,89
"V",6,1,4,5,1,0,1,1
"V",6,1,4,5,1,1,1,1
"V",6,1,4,5,1,2,1,1
"V",6,1,4,5,2,2,1,1
"V",6,1,4,6,0,0,64,64
"V",6,1,4,6,1,0,1,1
"V",6,1,4,6,1,1,1,1
"V",6,1,4,6,2,1,1,1
"V",6,1,4,6,2,2,1,1
"V",6,1,4,7,0,0,37,37
"V",6,1,4,8,0,0,24,24
"V",6,1,4,9,0,0,18,18
"V",6,1,5,-1,0,0,168,69
"V",6,1,5,-10,0,0,1,0
"V",6,1,5,-15,0,0,1,0
"V",6,1,5,-2,0,0,98,19
"V",6,1,5,-3,0,0,62,9
"V",6,1,5,-3,1,0,1,0
"V",6,1,5,-4,0,0,44,4
"V",6,1,5,-5,0,0,22,4
"V",6,1,5,-6,0,0,14,1
"V",6,1,5,-7,0,0,8,0
"V",6,1,5,-8,0,0,3,0
"V",6,1,5,-9,0,0,4,0
"V",6,1,5,0,0,0,213,130
"V",6,1,5,0,0,1,1,0
"V",6,1,5,0,1,1,1,0
"V",6,1,5,0,1,2,1,0
"V",6,1,5,0,2,2,1,0
"V",6,1,5,1,0,0,201,141
"V",6,1,5,10,0,0,5,4
"V",6,1,5,11,0,0,12,12
"V",6,1,5,12,0,0,4,4
"V",6,1,5,13,0,0,3,3
"V",6,1,5,16,0,0,1,1
"V",6,1,5,2,0,0,210,164
"V",6,1,5,2,1,0,1,1
"V",6,1,5,2,2,0,1,1
"V",6,1,5,2,2,1,1,1
"V",6,1,5,2,3,1,1,1
"V",6,1,5,3,0,0,138,117
"V",6,1,5,3,0,1,1,1
"V",6,1,5,3,0,2,1,1
"V",6,1,5,4,0,0,105,97
"V",6,1,5,4,0,1,1,1
"V",6,1,5,4,1,0,1,1
"V",6,1,5,4,2,0,1,1
"V",6,1,5,4,3,0,1,1
"V",6,1,5,5,0,0,61,59
"V",6,1,5,6,0,0,47,45
"V",6,1,5,7,0,0,17,17
"V",6,1,5,8,0,0,14,13
"V",6,1,5,9,0,0,11,11
"V",6,1,6,-1,0,0,150,59
"V",6,1,6,-1,0,1,1,1
"V",6,1,6,-1,0,2,1,1
"V",6,1,6,-1,1,2,1,1
"V",6,1,6,-10,0,0,3,0
"V",6,1,6,-11,0,0,1,0
"V",6,1,6,-2,0,0,117,33
"V",6,1,6,-3,0,0,96,12
"V",6,1,6,-4,0,0,70,8
"V",6,1,6,-5,0,0,38,3
"V",6,1,6,-6,0,0,33,2
"V",6,1,6,-7,0,0,8,0
"V",6,1,6,-8,0,0,6,0
"V",6,1,6,-9,0,0,5,0
"V",6,1,6,0,0,0,180,96
"V",6,1,6,1,0,0,179,138
"V",6,1,6,10,0,0,7,7
"V",6,1,6,11,0,0,5,5
"V",6,1,6,12,0,0,1,1
"V",6,1,6,13,0,0,1,1
"V",6,1,6,14,0,0,2,2
"V",6,1,6,15,0,0,1,1
"V",6,1,6,2,0,0,139,116
"V",6,1,6,2,0,1,1,1
"V",6,1,6,2,0,2,1,1
"V",6,1,6,2,1,0,1,1
"V",6,1,6,2,1,2,1,1
"V",6,1,6,2,2,0,1,1
"V",6,1,6,2,2,1,1,1
"V",6,1,6,2,3,1,1,1
"V",6,1,6,2,3,2,1,1
"V",6,1,6,3,0,0,136,122
"V",6,1,6,4,0,0,73,66
"V",6,1,6,5,0,0,55,54
"V",6,1,6,6,0,0,42,41
"V",6,1,6,7,0,0,26,26
"V",6,1,6,7,0,1,1,1
"V",6,1,6,7,1,1,1,1
"V",6,1,6,7,2,1,1,1
"V",6,1,6,8,0,0,14,14
"V",6,1,6,9,0,0,5,5
"V",6,1,7,-1,0,0,125,46
"V",6,1,7,-1,0,1,1,0
"V",6,1,7,-1,0,2,1,0
"V",6,1,7,-1,1,2,1,0
"V",6,1,7,-1,2,2,1,0
"V",6,1,7,-10,0,0,4,0
"V",6,1,7,-12,0,0,2,0
"V",6,1,7,-2,0,0,94,24
"V",6,1,7,-3,0,0,57,11
"V",6,1,7,-4,0,0,40,3
"V",6,1,7,-5,0,0,24,0
"V",6,1,7,-6,0,0,15,0
"V",6,1,7,-7,0,0,10,1
"V",6,1,7,-8,0,0,6,0
"V",6,1,7,-9,0,0,5,0
"V",6,1,7,0,0,0,145,88
"V",6,1,7,1,0,0,126,92
"V",6,1,7,10,0,0,5,5
"V",6,1,7,11,0,0,2,2
"V",6,1,7,12,0,0,1,1
"V",6,1,7,13,0,0,2,2
"V",6,1,7,14,0,0,1,1
"V",6,1,7,2,0,0,123,106
"V",6,1,7,3,0,0,99,89
"V",6,1,7,4,0,0,71,66
"V",6,1,7,4,0,1,1,1
"V",6,1,7,4,1,1,1,1
"V",6,1,7,4,2,1,1,1
"V",6,1,7,4,2,2,1,1
"V",6,1,7,5,0,0,47,46
"V",6,1,7,6,0,0,35,33
"V",6,1,7,7,0,0,17,17
"V",6,1,7,8,0,0,15,15
"V",6,1,7,8,1,0,1,1
"V",6,1,7,8,2,0,1,1
"V",6,1,7,8,2,1,1,1
"V",6,1,7,8,2,2,1,1
"V",6,1,7,8,3,2,1,1
"V",6,1,7,9,0,0,5,5
"V",6,1,8,-1,0,0,84,40
"V",6,1,8,-10,0,0,2,0
"V",6,1,8,-11,0,0,1,0
"V",6,1,8,-12,0,0,1,0
"V",6,1,8,-2,0,0,62,25
"V",6,1,8,-3,0,0,41,13
"V",6,1,8,-4,0,0,40,5
"V",6,1,8,-5,0,0,20,2
"V",6,1,8,-6,0,0,17,1
"V",6,1,8,-7,0,0,5,0
"V",6,1,8,-8,0,0,3,0
"V",6,1,8,0,0,0,112,71
"V",6,1,8,1,0,0,116,87
"V",6,1,8,10,0,0,4,4
"V",6,1,8,11,0,0,3,2
"V",6,1,8,14,0,0,1,1
"V",6,1,8,16,0,0,1,1
"V",6,1,8,2,0,0,78,68
"V",6,1,8,3,0,0,67,61
"V",6,1,8,4,0,0,53,50
"V",6,1,8,5,0,0,33,33
"V",6,1,8,5,0,1,1,1
"V",6,1,8,5,1,0,1,1
"V",6,1,8,5,1,1,1,1
"V",6,1,8,5,1,2,1,1
"V",6,1,8,6,0,0,17,17
"V",6,1,8,7,0,0,13,13
"V",6,1,8,8,0,0,6,6
"V",6,1,8,8,0,1,1,1
"V",6,1,8,9,0,0,4,4
"V",6,2,1,-1,0,0,1615,359
"V",6,2,1,-1,0,1,3,2
"V",6,2,1,-1,0,2,2,1
"V",6,2,1,-1,1,0,5,1
"V",6,2,1,-1,1,1,3,2
"V",6,2,1,-1,1,2,2,2
"V",6,2,1,-1,2,0,2,0
"V",6,2,1,-1,2,2,1,1
"V",6,2,1,-1,3,0,2,0
"V",6,2,1,-1,3,2,1,1
"V",6,2,1,-10,0,0,31,0
"V",6,2,1,-11,0,0,20,0
"V",6,2,1,-12,0,0,15,0
"V",6,2,1,-13,0,0,6,0
"V",6,2,1,-14,0,0,2,0
"V",6,2,1,-15,0,0,3,0
"V",6,2,1,-17,0,0,1,0
"V",6,2,1,-2,0,0,1194,138
"V",6,2,1,-2,0,1,5,1
"V",6,2,1,-2,0,2,1,0
"V",6,2,1,-2,1,0,5,0
"V",6,2,1,-2,1,1,3,0
"V",6,2,1,-2,1,2,2,0
"V",6,2,1,-2,2,0,2,0
"V",6,2,1,-2,2,1,2,0
"V",6,2,1,-2,2,2,2,0
"V",6,2,1,-2,3,1,1,0
"V",6,2,1,-2,3,2,3,0
"V",6,2,1,-3,0,0,836,45
"V",6,2,1,-3,0,1,2,0
"V",6,2,1,-3,0,2,1,0
"V",6,2,1,-3,1,0,3,0
"V",6,2,1,-3,1,1,3,0
"V",6,2,1,-3,1,2,3,0
"V",6,2,1,-3,2,0,1,0
"V",6,2,1,-3,2,1,1,0
"V",6,2,1,-3,2,2,1,0
"V",6,2,1,-3,3,2,1,0
"V",6,2,1,-4,0,0,575,18
"V",6,2,1,-4,0,1,2,0
"V",6,2,1,-4,0,2,1,0
"V",6,2,1,-4,1,0,2,0
"V",6,2,1,-4,1,1,2,0
"V",6,2,1,-4,1,2,1,0
"V",6,2,1,-4,2,0,1,0
"V",6,2,1,-4,2,1,3,0
"V",6,2,1,-4,2,2,1,0
"V",6,2,1,-4,3,1,3,0
"V",6,2,1,-4,3,2,1,0
"V",6,2,1,-5,0,0,396,7
"V",6,2,1,-5,1,0,2,0
"V",6,2,1,-5,1,1,2,0
"V",6,2,1,-6,0,0,267,2
"V",6,2,1,-6,0,1,2,0
"V",6,2,1,-6,0,2,2,0
"V",6,2,1,-7,0,0,170,3
"V",6,2,1,-8,0,0,98,0
"V",6,2,1,-8,1,0,1,0
"V",6,2,1,-9,0,0,58,0
"V",6,2,1,0,0,0,1958,800
"V",6,2,1,0,0,1,12,4
"V",6,2,1,0,0,2,5,2
"V",6,2,1,0,1,0,10,2
"V",6,2,1,0,1,1,7,1
"V",6,2,1,0,1,2,4,1
"V",6,2,1,0,2,0,6,2
"V",6,2,1,0,2,1,5,0
"V",6,2,1,0,2,2,2,0
"V",6,2,1,0,3,0,1,1
"V",6,2,1,0,3,1,2,0
"V",6,2,1,0,3,2,2,0
"V",6,2,1,1,0,0,1596,984
"V",6,2,1,1,0,1,5,5
"V",6,2,1,1,1,0,2,1
"V",6,2,1,1,1,1,6,6
"V",6,2,1,1,1,2,1,1
"V",6,2,1,1,2,0,1,0
"V",6,2,1,1,2,1,4,3
"V",6,2,1,1,2,2,1,1
"V",6,2,1,1,3,1,3,2
"V",6,2,1,1,3,2,1,1
"V",6,2,1,10,0,0,26,26
"V",6,2,1,11,0,0,19,19
"V",6,2,1,12,0,0,15,15
"V",6,2,1,13,0,0,5,5
"V",6,2,1,14,0,0,2,2
"V",6,2,1,15,0,0,1,1
"V",6,2,1,16,0,0,2,2
"V",6,2,1,2,0,0,1100,834
"V",6,2,1,2,0,1,6,4
"V",6,2,1,2,1,0,4,3
"V",6,2,1,2,1,1,7,5
"V",6,2,1,2,1,2,4,2
"V",6,2,1,2,2,0,3,2
"V",6,2,1,2,2,1,4,3
"V",6,2,1,2,2,2,3,3
"V",6,2,1,2,3,0,1,1
"V",6,2,1,2,3,1,3,2
"V",6,2,1,2,3,2,4,3
"V",6,2,1,3,0,0,849,728
"V",6,2,1,3,0,1,3,2
"V",6,2,1,3,0,2,2,1
"V",6,2,1,3,1,0,2,2
"V",6,2,1,3,1,2,2,1
"V",6,2,1,3,2,0,2,2
"V",6,2,1,3,2,1,1,1
"V",6,2,1,3,2,2,2,2
"V",6,2,1,3,3,0,1,1
"V",6,2,1,3,3,1,1,1
"V",6,2,1,3,3,2,2,2
"V",6,2,1,4,0,0,586,535
"V",6,2,1,4,0,1,2,2
"V",6,2,1,4,0,2,1,1
"V",6,2,1,4,1,2,1,1
"V",6,2,1,5,0,0,416,391
"V",6,2,1,5,1,0,2,2
"V",6,2,1,5,1,1,1,1
"V",6,2,1,5,2,0,1,1
"V",6,2,1,5,2,1,2,2
"V",6,2,1,5,2,2,1,1
"V",6,2,1,6,0,0,254,239
"V",6,2,1,6,1,0,1,0
"V",6,2,1,7,0,0,138,135
"V",6,2,1,7,1,0,2,1
"V",6,2,1,7,1,1,2,1
"V",6,2,1,7,1,2,2,1
"V",6,2,1,7,2,2,1,0
"V",6,2,1,7,3,2,1,0
"V",6,2,1,8,0,0,85,85
"V",6,2,1,8,0,1,1,1
"V",6,2,1,8,1,1,1,1
"V",6,2,1,8,1,2,1,1
"V",6,2,1,9,0,0,49,49
"V",6,2,2,-1,0,0,884,201
"V",6,2,2,-1,0,1,3,1
"V",6,2,2,-1,1,0,1,0
"V",6,2,2,-1,1,1,3,1
"V",6,2,2,-1,1,2,2,0
"V",6,2,2,-1,2,1,1,1
"V",6,2,2,-1,2,2,1,1
"V",6,2,2,-10,0,0,11,0
"V",6,2,2,-11,0,0,18,0
"V",6,2,2,-12,0,0,9,0
"V",6,2,2,-13,0,0,3,0
"V",6,2,2,-14,0,0,2,0
"V",6,2,2,-2,0,0,735,94
"V",6,2,2,-2,0,1,3,0
"V",6,2,2,-2,0,2,1,0
"V",6,2,2,-2,1,0,3,0
"V",6,2,2,-2,1,1,2,0
"V",6,2,2,-2,2,0,2,0
"V",6,2,2,-2,2,1,2,0
"V",6,2,2,-2,3,1,1,0
"V",6,2,2,-2,3,2,1,0
"V",6,2,2,-3,0,0,578,53
"V",6,2,2,-3,0,1,2,0
"V",6,2,2,-3,0,2,1,0
"V",6,2,2,-3,1,0,1,0
"V",6,2,2,-4,0,0,352,22
"V",6,2,2,-4,0,1,3,0
"V",6,2,2,-4,0,2,1,0
"V",6,2,2,-4,1,1,1,0
"V",6,2,2,-4,1,2,1,0
"V",6,2,2,-4,2,2,1,0
"V",6,2,2,-5,0,0,246,4
"V",6,2,2,-6,0,0,167,2
"V",6,2,2,-7,0,0,95,1
"V",6,2,2,-8,0,0,62,1
"V",6,2,2,-9,0,0,29,0
"V",6,2,2,0,0,0,1102,482
"V",6,2,2,0,0,1,3,1
"V",6,2,2,0,1,0,1,1
"V",6,2,2,0,1,1,3,1
"V",6,2,2,0,1,2,1,1
"V",6,2,2,0,2,1,1,0
"V",6,2,2,0,2,2,1,1
"V",6,2,2,1,0,0,959,579
"V",6,2,2,1,0,1,1,0
"V",6,2,2,1,1,0,2,2
"V",6,2,2,1,1,1,2,1
"V",6,2,2,1,1,2,2,1
"V",6,2,2,1,2,0,1,1
"V",6,2,2,1,3,0,1,1
"V",6,2,2,10,0,0,25,25
"V",6,2,2,11,0,0,19,19
"V",6,2,2,12,0,0,4,4
"V",6,2,2,13,0,0,6,6
"V",6,2,2,14,0,0,4,4
"V",6,2,2,15,0,0,2,2
"V",6,2,2,16,0,0,1,1
"V",6,2,2,2,0,0,721,562
"V",6,2,2,2,0,1,4,4
"V",6,2,2,2,0,2,2,2
"V",6,2,2,2,1,0,2,2
"V",6,2,2,2,1,1,3,3
"V",6,2,2,2,1,2,2,2
"V",6,2,2,2,2,1,1,1
"V",6,2,2,2,2,2,2,2
"V",6,2,2,3,0,0,539,457
"V",6,2,2,3,0,1,1,1
"V",6,2,2,3,1,0,3,2
"V",6,2,2,3,1,1,2,2
"V",6,2,2,3,1,2,1,1
"V",6,2,2,3,2,0,1,1
"V",6,2,2,3,2,1,2,2
"V",6,2,2,3,2,2,2,2
"V",6,2,2,4,0,0,390,356
"V",6,2,2,4,0,1,1,1
"V",6,2,2,4,1,0,2,2
"V",6,2,2,4,1,1,2,2
"V",6,2,2,4,2,0,1,1
"V",6,2,2,4,2,1,1,1
"V",6,2,2,4,2,2,1,1
"V",6,2,2,5,0,0,308,287
"V",6,2,2,6,0,0,176,173
"V",6,2,2,7,0,0,107,106
"V",6,2,2,8,0,0,73,72
"V",6,2,2,9,0,0,38,38
"V",6,2,3,-1,0,0,521,136
"V",6,2,3,-1,0,1,1,0
"V",6,2,3,-1,1,0,1,0
"V",6,2,3,-1,1,1,1,0
"V",6,2,3,-1,1,2,1,0
"V",6,2,3,-10,0,0,7,0
"V",6,2,3,-11,0,0,5,0
"V",6,2,3,-12,0,0,1,0
"V",6,2,3,-13,0,0,2,0
"V",6,2,3,-14,0,0,1,0
"V",6,2,3,-15,0,0,3,0
"V",6,2,3,-16,0,0,1,0
"V",6,2,3,-2,0,0,345,56
"V",6,2,3,-2,0,1,2,2
"V",6,2,3,-2,0,2,2,2
"V",6,2,3,-2,1,0,3,0
"V",6,2,3,-2,1,1,2,0
"V",6,2,3,-2,1,2,1,1
"V",6,2,3,-2,2,0,1,0
"V",6,2,3,-2,2,1,2,0
"V",6,2,3,-2,2,2,2,1
"V",6,2,3,-2,3,0,1,0
"V",6,2,3,-2,3,1,1,0
"V",6,2,3,-2,3,2,1,1
"V",6,2,3,-3,0,0,229,18
"V",6,2,3,-3,1,0,1,0
"V",6,2,3,-4,0,0,120,7
"V",6,2,3,-4,1,0,2,0
"V",6,2,3,-4,1,1,1,0
"V",6,2,3,-4,2,0,1,0
"V",6,2,3,-4,2,1,1,0
"V",6,2,3,-4,3,0,1,0
"V",6,2,3,-4,3,1,2,0
"V",6,2,3,-4,3,2,2,0
"V",6,2,3,-5,0,0,98,1
"V",6,2,3,-6,0,0,63,1
"V",6,2,3,-7,0,0,42,0
"V",6,2,3,-8,0,0,20,0
"V",6,2,3,-9,0,0,9,0
"V",6,2,3,0,0,0,654,316
"V",6,2,3,0,0,1,3,0
"V",6,2,3,0,0,2,3,0
"V",6,2,3,0,1,0,1,1
"V",6,2,3,0,1,1,1,1
"V",6,2,3,0,1,2,3,1
"V",6,2,3,0,2,2,2,1
"V",6,2,3,0,3,2,1,0
"V",6,2,3,1,0,0,609,390
"V",6,2,3,1,0,1,2,0
"V",6,2,3,1,0,2,1,0
"V",6,2,3,1,1,0,2,1
"V",6,2,3,1,1,1,1,0
"V",6,2,3,1,2,0,1,1
"V",6,2,3,1,3,0,1,1
"V",6,2,3,10,0,0,20,20
"V",6,2,3,11,0,0,10,10
"V",6,2,3,12,0,0,10,10
"V",6,2,3,13,0,0,5,5
"V",6,2,3,14,0,0,2,2
"V",6,2,3,15,0,0,1,1
"V",6,2,3,18,0,0,1,1
"V",6,2,3,2,0,0,496,387
"V",6,2,3,2,0,1,2,2
"V",6,2,3,2,0,2,1,1
"V",6,2,3,2,1,0,1,1
"V",6,2,3,2,1,1,1,1
"V",6,2,3,2,1,2,1,1
"V",6,2,3,2,2,0,1,1
"V",6,2,3,2,2,2,1,1
"V",6,2,3,2,3,2,1,1
"V",6,2,3,3,0,0,384,330
"V",6,2,3,3,1,0,2,1
"V",6,2,3,3,1,1,1,0
"V",6,2,3,3,2,0,1,1
"V",6,2,3,3,2,1,1,0
"V",6,2,3,3,2,2,1,0
"V",6,2,3,3,3,0,1,1
"V",6,2,3,3,3,1,1,1
"V",6,2,3,3,3,2,1,1
"V",6,2,3,4,0,0,248,220
"V",6,2,3,4,0,1,1,1
"V",6,2,3,4,1,0,1,1
"V",6,2,3,4,1,1,2,2
"V",6,2,3,4,1,2,1,1
"V",6,2,3,4,2,1,1,1
"V",6,2,3,4,2,2,1,1
"V",6,2,3,5,0,0,200,188
"V",6,2,3,5,1,0,2,2
"V",6,2,3,5,1,1,2,2
"V",6,2,3,5,1,2,1,1
"V",6,2,3,5,2,1,1,1
"V",6,2,3,5,3,1,1,1
"V",6,2,3,6,0,0,142,138
"V",6,2,3,7,0,0,80,80
"V",6,2,3,8,0,0,45,44
"V",6,2,3,9,0,0,22,21
"V",6,2,4,-1,0,0,310,80
"V",6,2,4,-10,0,0,6,0
"V",6,2,4,-11,0,0,4,0
"V",6,2,4,-12,0,0,5,0
"V",6,2,4,-13,0,0,1,0
"V",6,2,4,-2,0,0,257,45
"V",6,2,4,-2,0,1,2,2
"V",6,2,4,-2,0,2,1,1
"V",6,2,4,-2,1,1,1,1
"V",6,2,4,-3,0,0,202,30
"V",6,2,4,-4,0,0,140,8
"V",6,2,4,-5,0,0,95,3
"V",6,2,4,-6,0,0,83,2
"V",6,2,4,-7,0,0,42,0
"V",6,2,4,-8,0,0,22,0
"V",6,2,4,-9,0,0,14,0
"V",6,2,4,0,0,0,367,161
"V",6,2,4,1,0,0,334,199
"V",6,2,4,1,0,1,1,1
"V",6,2,4,1,0,2,1,1
"V",6,2,4,1,1,0,1,0
"V",6,2,4,1,1,2,1,1
"V",6,2,4,1,2,0,1,0
"V",6,2,4,1,2,1,1,0
"V",6,2,4,1,2,2,1,0
"V",6,2,4,10,0,0,8,8
"V",6,2,4,11,0,0,6,6
"V",6,2,4,12,0,0,4,3
"V",6,2,4,13,0,0,3,3
"V",6,2,4,14,0,0,3,3
"V",6,2,4,15,0,0,2,2
"V",6,2,4,16,0,0,3,3
"V",6,2,4,17,0,0,1,1
"V",6,2,4,19,0,0,1,1
"V",6,2,4,2,0,0,285,225
"V",6,2,4,2,1,0,2,1
"V",6,2,4,2,1,1,1,1
"V",6,2,4,2,2,0,1,0
"V",6,2,4,2,2,1,1,1
"V",6,2,4,2,2,2,1,1
"V",6,2,4,2,3,0,1,0
"V",6,2,4,3,0,0,220,196
"V",6,2,4,4,0,0,150,134
"V",6,2,4,5,0,0,104,98
"V",6,2,4,5,1,0,1,1
"V",6,2,4,5,2,0,1,1
"V",6,2,4,5,2,1,1,1
"V",6,2,4,6,0,0,66,64
"V",6,2,4,6,0,1,1,1
"V",6,2,4,6,0,2,1,1
"V",6,2,4,7,0,0,49,49
"V",6,2,4,8,0,0,23,22
"V",6,2,4,9,0,0,17,17
"V",6,2,5,-1,0,0,236,78
"V",6,2,5,-1,0,1,1,1
"V",6,2,5,-10,0,0,4,0
"V",6,2,5,-11,0,0,2,0
"V",6,2,5,-12,0,0,2,0
"V",6,2,5,-15,0,0,1,0
"V",6,2,5,-17,0,0,1,0
"V",6,2,5,-2,0,0,148,21
"V",6,2,5,-2,0,1,1,1
"V",6,2,5,-2,0,2,1,1
"V",6,2,5,-3,0,0,95,10
"V",6,2,5,-3,0,1,1,0
"V",6,2,5,-4,0,0,45,0
"V",6,2,5,-5,0,0,36,4
"V",6,2,5,-6,0,0,26,0
"V",6,2,5,-7,0,0,17,0
"V",6,2,5,-8,0,0,7,0
"V",6,2,5,-9,0,0,9,0
"V",6,2,5,0,0,0,264,122
"V",6,2,5,0,0,1,2,1
"V",6,2,5,0,0,2,2,1
"V",6,2,5,1,0,0,267,178
"V",6,2,5,1,0,1,1,1
"V",6,2,5,1,1,1,1,1
"V",6,2,5,1,2,1,1,1
"V",6,2,5,1,2,2,1,1
"V",6,2,5,1,3,2,1,1
"V",6,2,5,10,0,0,10,10
"V",6,2,5,11,0,0,8,8
"V",6,2,5,12,0,0,5,5
"V",6,2,5,13,0,0,1,1
"V",6,2,5,14,0,0,1,1
"V",6,2,5,16,0,0,1,1
"V",6,2,5,2,0,0,217,166
"V",6,2,5,2,1,0,1,1
"V",6,2,5,2,1,1,1,1
"V",6,2,5,3,0,0,169,144
"V",6,2,5,4,0,0,124,111
"V",6,2,5,5,0,0,96,92
"V",6,2,5,6,0,0,73,70
"V",6,2,5,6,1,0,1,1
"V",6,2,5,6,2,0,1,1
"V",6,2,5,6,2,1,1,1
"V",6,2,5,7,0,0,39,37
"V",6,2,5,8,0,0,24,23
"V",6,2,5,9,0,0,22,22
"V",6,2,6,-1,0,0,184,57
"V",6,2,6,-1,0,1,1,1
"V",6,2,6,-1,1,0,1,1
"V",6,2,6,-1,1,1,1,1
"V",6,2,6,-1,2,1,1,1
"V",6,2,6,-1,2,2,1,1
"V",6,2,6,-10,0,0,1,0
"V",6,2,6,-11,0,0,1,0
"V",6,2,6,-14,0,0,1,0
"V",6,2,6,-16,0,0,1,0
"V",6,2,6,-2,0,0,146,19
"V",6,2,6,-3,0,0,117,11
"V",6,2,6,-4,0,0,59,3
"V",6,2,6,-5,0,0,49,1
"V",6,2,6,-6,0,0,28,1
"V",6,2,6,-7,0,0,20,0
"V",6,2,6,-8,0,0,11,0
"V",6,2,6,-9,0,0,6,0
"V",6,2,6,0,0,0,214,98
"V",6,2,6,0,0,1,1,1
"V",6,2,6,0,1,0,1,1
"V",6,2,6,0,1,1,1,1
"V",6,2,6,0,1,2,1,1
"V",6,2,6,0,2,0,1,1
"V",6,2,6,0,2,1,1,1
"V",6,2,6,0,3,1,1,1
"V",6,2,6,1,0,0,186,111
"V",6,2,6,1,0,1,2,1
"V",6,2,6,1,1,1,1,1
"V",6,2,6,1,1,2,1,1
"V",6,2,6,1,2,2,1,1
"V",6,2,6,10,0,0,11,11
"V",6,2,6,11,0,0,4,4
"V",6,2,6,13,0,0,2,2
"V",6,2,6,15,0,0,1,1
"V",6,2,6,16,0,0,1,1
"V",6,2,6,2,0,0,161,123
"V",6,2,6,2,0,1,1,0
"V",6,2,6,2,0,2,1,0
"V",6,2,6,3,0,0,136,123
"V",6,2,6,4,0,0,91,78
"V",6,2,6,5,0,0,73,66
"V",6,2,6,6,0,0,46,42
"V",6,2,6,7,0,0,33,33
"V",6,2,6,8,0,0,23,23
"V",6,2,6,9,0,0,10,10
"V",6,2,7,-1,0,0,141,43
"V",6,2,7,-1,0,1,1,0
"V",6,2,7,-1,0,2,1,0
"V",6,2,7,-10,0,0,3,0
"V",6,2,7,-13,0,0,2,0
"V",6,2,7,-2,0,0,106,18
"V",6,2,7,-3,0,0,69,9
"V",6,2,7,-4,0,0,47,4
"V",6,2,7,-5,0,0,44,0
"V",6,2,7,-5,0,1,1,0
"V",6,2,7,-5,1,1,1,0
"V",6,2,7,-5,2,1,1,0
"V",6,2,7,-5,2,2,1,0
"V",6,2,7,-6,0,0,21,0
"V",6,2,7,-7,0,0,6,0
"V",6,2,7,-8,0,0,8,0
"V",6,2,7,-9,0,0,6,0
"V",6,2,7,0,0,0,149,80
"V",6,2,7,0,0,1,1,1
"V",6,2,7,0,1,0,1,0
"V",6,2,7,0,1,1,1,1
"V",6,2,7,0,1,2,1,1
"V",6,2,7,0,2,0,1,0
"V",6,2,7,0,2,2,1,1
"V",6,2,7,0,3,0,1,0
"V",6,2,7,0,3,2,1,1
"V",6,2,7,1,0,0,138,87
"V",6,2,7,10,0,0,5,5
"V",6,2,7,11,0,0,7,7
"V",6,2,7,12,0,0,2,2
"V",6,2,7,13,0,0,3,3
"V",6,2,7,16,0,0,2,2
"V",6,2,7,17,0,0,1,1
"V",6,2,7,2,0,0,109,87
"V",6,2,7,3,0,0,120,104
"V",6,2,7,4,0,0,79,75
"V",6,2,7,5,0,0,46,41
"V",6,2,7,6,0,0,43,40
"V",6,2,7,7,0,0,19,19
"V",6,2,7,8,0,0,11,11
"V",6,2,7,9,0,0,9,9
"V",6,2,8,-1,0,0,101,20
"V",6,2,8,-1,1,0,1,0
"V",6,2,8,-1,2,0,1,0
"V",6,2,8,-1,3,0,1,0
"V",6,2,8,-10,0,0,2,0
"V",6,2,8,-12,0,0,1,0
"V",6,2,8,-2,0,0,68,14
"V",6,2,8,-3,0,0,58,13
"V",6,2,8,-4,0,0,49,7
"V",6,2,8,-5,0,0,22,1
"V",6,2,8,-6,0,0,14,1
"V",6,2,8,-7,0,0,6,0
"V",6,2,8,-8,0,0,7,0
"V",6,2,8,-9,0,0,4,0
"V",6,2,8,0,0,0,117,60
"V",6,2,8,0,0,1,1,1
"V",6,2,8,0,0,2,1,1
"V",6,2,8,0,1,2,1,1
"V",6,2,8,0,2,2,1,1
"V",6,2,8,1,0,0,123,73
"V",6,2,8,1,1,0,1,0
"V",6,2,8,1,2,0,1,0
"V",6,2,8,1,3,0,1,0
"V",6,2,8,1,3,1,1,0
"V",6,2,8,1,3,2,1,0
"V",6,2,8,11,0,0,2,2
"V",6,2,8,13,0,0,1,1
"V",6,2,8,14,0,0,2,2
"V",6,2,8,15,0,0,1,1
"V",6,2,8,2,0,0,85,70
"V",6,2,8,2,0,1,2,1
"V",6,2,8,2,0,2,1,0
"V",6,2,8,2,1,1,1,1
"V",6,2,8,2,2,1,1,1
"V",6,2,8,3,0,0,73,65
"V",6,2,8,4,0,0,57,46
"V",6,2,8,5,0,0,37,36
"V",6,2,8,6,0,0,23,22
"V",6,2,8,7,0,0,17,17
"V",6,2,8,8,0,0,9,9
"V",6,2,8,8,1,0,1,1
"V",6,2,8,8,1,1,1,1
"V",6,2,8,8,2,1,1,1
"V",6,2,8,8,2,2,1,1
"V",6,2,8,8,3,2,1,1
"V",6,2,8,9,0,0,6,6
"V",7,0,1,-1,0,0,2817,713
"V",7,0,1,-1,0,1,10,4
"V",7,0,1,-1,0,2,4,1
"V",7,0,1,-1,1,0,6,1
"V",7,0,1,-1,1,1,8,2
"V",7,0,1,-1,1,2,3,2
"V",7,0,1,-1,2,1,2,0
"V",7,0,1,-1,2,2,1,1
"V",7,0,1,-1,3,1,1,0
"V",7,0,1,-1,3,2,2,1
"V",7,0,1,-10,0,0,105,0
"V",7,0,1,-11,0,0,62,0
"V",7,0,1,-12,0,0,41,0
"V",7,0,1,-13,0,0,20,0
"V",7,0,1,-14,0,0,12,0
"V",7,0,1,-15,0,0,8,0
"V",7,0,1,-16,0,0,6,0
"V",7,0,1,-17,0,0,5,0
"V",7,0,1,-18,0,0,1,0
"V",7,0,1,-19,0,0,1,0
"V",7,0,1,-2,0,0,2344,360
"V",7,0,1,-2,0,1,8,0
"V",7,0,1,-2,0,2,3,0
"V",7,0,1,-2,1,0,9,1
"V",7,0,1,-2,1,1,9,0
"V",7,0,1,-2,1,2,2,0
"V",7,0,1,-2,2,0,4,1
"V",7,0,1,-2,2,1,6,1
"V",7,0,1,-2,2,2,2,0
"V",7,0,1,-2,3,0,2,0
"V",7,0,1,-2,3,1,3,0
"V",7,0,1,-2,3,2,1,0
"V",7,0,1,-21,0,0,1,0
"V",7,0,1,-22,0,0,1,0
"V",7,0,1,-3,0,0,1805,153
"V",7,0,1,-3,0,1,3,1
"V",7,0,1,-3,0,2,1,1
"V",7,0,1,-3,1,0,4,0
"V",7,0,1,-3,1,1,5,0
"V",7,0,1,-3,1,2,2,1
"V",7,0,1,-3,2,2,2,1
"V",7,0,1,-3,3,2,1,0
"V",7,0,1,-4,0,0,1249,49
"V",7,0,1,-4,0,1,3,0
"V",7,0,1,-4,1,0,1,0
"V",7,0,1,-4,1,1,2,0
"V",7,0,1,-4,2,1,2,0
"V",7,0,1,-5,0,0,891,19
"V",7,0,1,-5,0,1,3,0
"V",7,0,1,-5,0,2,2,0
"V",7,0,1,-5,1,0,3,0
"V",7,0,1,-5,1,1,2,0
"V",7,0,1,-5,2,0,1,0
"V",7,0,1,-5,3,0,1,0
"V",7,0,1,-6,0,0,585,7
"V",7,0,1,-6,0,1,1,0
"V",7,0,1,-6,1,1,1,0
"V",7,0,1,-6,2,1,1,0
"V",7,0,1,-6,2,2,1,0
"V",7,0,1,-7,0,0,384,3
"V",7,0,1,-7,0,1,2,0
"V",7,0,1,-7,0,2,1,0
"V",7,0,1,-7,1,1,1,0
"V",7,0,1,-7,1,2,1,0
"V",7,0,1,-7,2,2,1,0
"V",7,0,1,-7,3,2,1,0
"V",7,0,1,-8,0,0,264,1
"V",7,0,1,-8,1,0,2,0
"V",7,0,1,-8,2,0,2,0
"V",7,0,1,-8,2,1,1,0
"V",7,0,1,-9,0,0,180,0
"V",7,0,1,0,0,0,3128,1472
"V",7,0,1,0,0,1,10,6
"V",7,0,1,0,0,2,3,2
"V",7,0,1,0,1,0,7,4
"V",7,0,1,0,1,1,9,5
"V",7,0,1,0,1,2,6,2
"V",7,0,1,0,2,0,2,2
"V",7,0,1,0,2,1,6,6
"V",7,0,1,0,2,2,6,4
"V",7,0,1,0,3,1,1,1
"V",7,0,1,0,3,2,1,1
"V",7,0,1,1,0,0,2685,1860
"V",7,0,1,1,0,1,8,5
"V",7,0,1,1,0,2,4,2
"V",7,0,1,1,1,0,6,5
"V",7,0,1,1,1,1,6,5
"V",7,0,1,1,1,2,5,3
"V",7,0,1,1,2,0,1,1
"V",7,0,1,1,2,1,2,2
"V",7,0,1,1,2,2,2,2
"V",7,0,1,1,3,1,1,1
"V",7,0,1,1,3,2,1,1
"V",7,0,1,10,0,0,60,60
"V",7,0,1,11,0,0,40,39
"V",7,0,1,12,0,0,26,26
"V",7,0,1,13,0,0,9,9
"V",7,0,1,14,0,0,8,8
"V",7,0,1,15,0,0,3,3
"V",7,0,1,16,0,0,5,5
"V",7,0,1,17,0,0,3,3
"V",7,0,1,18,0,0,1,1
"V",7,0,1,19,0,0,2,2
"V",7,0,1,2,0,0,2075,1706
"V",7,0,1,2,0,1,9,7
"V",7,0,1,2,0,2,2,2
"V",7,0,1,2,1,0,7,6
"V",7,0,1,2,1,1,7,4
"V",7,0,1,2,1,2,4,3
"V",7,0,1,2,2,0,3,3
"V",7,0,1,2,2,1,5,4
"V",7,0,1,2,2,2,5,4
"V",7,0,1,2,3,0,1,1
"V",7,0,1,2,3,1,1,1
"V",7,0,1,2,3,2,2,2
"V",7,0,1,3,0,0,1548,1400
"V",7,0,1,3,0,1,6,6
"V",7,0,1,3,0,2,4,4
"V",7,0,1,3,1,0,9,8
"V",7,0,1,3,1,1,4,4
"V",7,0,1,3,1,2,2,2
"V",7,0,1,3,2,0,5,4
"V",7,0,1,3,2,1,5,4
"V",7,0,1,3,2,2,4,3
"V",7,0,1,3,3,0,2,2
"V",7,0,1,3,3,1,2,2
"V",7,0,1,3,3,2,4,4
"V",7,0,1,4,0,0,1040,982
"V",7,0,1,4,1,0,2,2
"V",7,0,1,4,2,0,1,1
"V",7,0,1,4,2,1,1,1
"V",7,0,1,5,0,0,779,747
"V",7,0,1,5,0,1,3,3
"V",7,0,1,5,0,2,1,1
"V",7,0,1,5,1,0,2,2
"V",7,0,1,5,1,1,1,1
"V",7,0,1,5,1,2,1,1
"V",7,0,1,5,2,0,1,1
"V",7,0,1,5,2,1,2,2
"V",7,0,1,5,3,1,1,1
"V",7,0,1,5,3,2,1,1
"V",7,0,1,6,0,0,488,480
"V",7,0,1,6,1,0,1,1
"V",7,0,1,7,0,0,280,277
"V",7,0,1,7,0,1,1,0
"V",7,0,1,7,1,1,1,0
"V",7,0,1,7,1,2,1,0
"V",7,0,1,7,2,2,1,0
"V",7,0,1,7,3,2,1,0
"V",7,0,1,8,0,0,173,171
"V",7,0,1,9,0,0,102,102
"V",7,0,2,-1,0,0,789,254
"V",7,0,2,-1,0,1,1,0
"V",7,0,2,-10,0,0,31,0
"V",7,0,2,-11,0,0,16,0
"V",7,0,2,-12,0,0,10,0
"V",7,0,2,-13,0,0,10,0
"V",7,0,2,-14,0,0,3,0
"V",7,0,2,-15,0,0,1,0
"V",7,0,2,-16,0,0,3,0
"V",7,0,2,-17,0,0,1,0
"V",7,0,2,-19,0,0,1,0
"V",7,0,2,-2,0,0,637,116
"V",7,0,2,-2,0,1,2,0
"V",7,0,2,-2,0,2,1,0
"V",7,0,2,-2,1,0,2,0
"V",7,0,2,-2,1,1,1,0
"V",7,0,2,-2,1,2,2,0
"V",7,0,2,-2,2,0,1,0
"V",7,0,2,-2,2,1,1,0
"V",7,0,2,-2,2,2,2,0
"V",7,0,2,-2,3,2,1,0
"V",7,0,2,-22,0,0,1,0
"V",7,0,2,-3,0,0,489,62
"V",7,0,2,-3,1,0,2,0
"V",7,0,2,-3,1,1,1,0
"V",7,0,2,-3,2,0,1,0
"V",7,0,2,-3,2,1,1,0
"V",7,0,2,-3,3,1,1,0
"V",7,0,2,-3,3,2,1,0
"V",7,0,2,-4,0,0,351,15
"V",7,0,2,-4,0,1,1,0
"V",7,0,2,-4,1,1,1,0
"V",7,0,2,-5,0,0,274,4
"V",7,0,2,-5,0,1,1,0
"V",7,0,2,-5,1,0,1,0
"V",7,0,2,-5,1,1,2,0
"V",7,0,2,-5,1,2,1,0
"V",7,0,2,-5,2,1,1,0
"V",7,0,2,-5,3,1,1,0
"V",7,0,2,-6,0,0,173,5
"V",7,0,2,-6,0,1,1,0
"V",7,0,2,-6,0,2,1,0
"V",7,0,2,-7,0,0,126,2
"V",7,0,2,-8,0,0,83,0
"V",7,0,2,-8,0,1,1,0
"V",7,0,2,-8,0,2,1,0
"V",7,0,2,-9,0,0,45,0
"V",7,0,2,0,0,0,852,473
"V",7,0,2,0,1,0,2,1
"V",7,0,2,0,1,1,1,0
"V",7,0,2,0,2,0,1,1
"V",7,0,2,0,2,1,1,0
"V",7,0,2,0,3,0,1,1
"V",7,0,2,1,0,0,771,562
"V",7,0,2,1,0,1,2,2
"V",7,0,2,1,1,0,1,1
"V",7,0,2,1,1,1,2,2
"V",7,0,2,1,1,2,1,1
"V",7,0,2,1,2,1,1,1
"V",7,0,2,1,2,2,1,1
"V",7,0,2,10,0,0,17,17
"V",7,0,2,11,0,0,14,14
"V",7,0,2,12,0,0,9,9
"V",7,0,2,13,0,0,2,2
"V",7,0,2,14,0,0,2,2
"V",7,0,2,15,0,0,3,3
"V",7,0,2,16,0,0,2,2
"V",7,0,2,19,0,0,1,1
"V",7,0,2,2,0,0,613,528
"V",7,0,2,2,1,0,1,1
"V",7,0,2,2,2,0,1,1
"V",7,0,2,3,0,0,436,405
"V",7,0,2,3,0,1,2,2
"V",7,0,2,3,1,0,2,2
"V",7,0,2,3,1,1,3,3
"V",7,0,2,3,1,2,1,1
"V",7,0,2,3,2,2,1,1
"V",7,0,2,3,3,2,1,1
"V",7,0,2,4,0,0,321,303
"V",7,0,2,4,0,1,1,1
"V",7,0,2,4,1,1,1,1
"V",7,0,2,4,1,2,1,1
"V",7,0,2,5,0,0,239,232
"V",7,0,2,5,0,1,1,1
"V",7,0,2,5,1,0,1,1
"V",7,0,2,5,2,0,1,1
"V",7,0,2,6,0,0,155,150
"V",7,0,2,7,0,0,82,82
"V",7,0,2,8,0,0,56,54
"V",7,0,2,8,1,0,1,1
"V",7,0,2,9,0,0,39,39
"V",7,0,2,9,1,0,1,1
"V",7,0,2,9,2,0,1,1
"V",7,0,3,-1,0,0,146,53
"V",7,0,3,-10,0,0,8,0
"V",7,0,3,-11,0,0,3,0
"V",7,0,3,-12,0,0,6,0
"V",7,0,3,-13,0,0,3,0
"V",7,0,3,-14,0,0,1,0
"V",7,0,3,-2,0,0,119,28
"V",7,0,3,-2,0,1,2,0
"V",7,0,3,-2,0,2,1,0
"V",7,0,3,-2,1,1,1,0
"V",7,0,3,-2,1,2,2,0
"V",7,0,3,-2,2,2,1,0
"V",7,0,3,-3,0,0,92,14
"V",7,0,3,-4,0,0,74,5
"V",7,0,3,-5,0,0,44,2
"V",7,0,3,-6,0,0,34,0
"V",7,0,3,-7,0,0,28,0
"V",7,0,3,-8,0,0,19,0
"V",7,0,3,-9,0,0,13,0
"V",7,0,3,0,0,0,178,110
"V",7,0,3,0,1,0,2,2
"V",7,0,3,0,2,0,1,1
"V",7,0,3,0,3,0,1,1
"V",7,0,3,1,0,0,136,105
"V",7,0,3,10,0,0,10,10
"V",7,0,3,11,0,0,2,2
"V",7,0,3,12,0,0,3,3
"V",7,0,3,13,0,0,2,2
"V",7,0,3,14,0,0,1,1
"V",7,0,3,2,0,0,118,100
"V",7,0,3,3,0,0,95,89
"V",7,0,3,4,0,0,64,62
"V",7,0,3,5,0,0,62,60
"V",7,0,3,6,0,0,49,48
"V",7,0,3,7,0,0,32,32
"V",7,0,3,8,0,0,21,21
"V",7,0,3,9,0,0,7,7
"V",7,0,4,-1,0,0,153,76
"V",7,0,4,-1,0,1,1,1
"V",7,0,4,-1,0,2,1,1
"V",7,0,4,-10,0,0,7,0
"V",7,0,4,-11,0,0,3,0
"V",7,0,4,-12,0,0,6,0
"V",7,0,4,-13,0,0,2,0
"V",7,0,4,-14,0,0,2,0
"V",7,0,4,-15,0,0,1,0
"V",7,0,4,-16,0,0,2,0
"V",7,0,4,-2,0,0,150,43
"V",7,0,4,-2,0,1,1,0
"V",7,0,4,-2,1,0,1,1
"V",7,0,4,-2,1,1,1,0
"V",7,0,4,-2,2,0,1,1
"V",7,0,4,-2,2,1,1,1
"V",7,0,4,-2,3,1,1,1
"V",7,0,4,-22,0,0,1,0
"V",7,0,4,-3,0,0,113,20
"V",7,0,4,-4,0,0,76,7
"V",7,0,4,-5,0,0,61,2
"V",7,0,4,-6,0,0,53,1
"V",7,0,4,-7,0,0,35,1
"V",7,0,4,-8,0,0,31,0
"V",7,0,4,-9,0,0,14,0
"V",7,0,4,0,0,0,154,110
"V",7,0,4,1,0,0,161,126
"V",7,0,4,10,0,0,5,5
"V",7,0,4,11,0,0,3,3
"V",7,0,4,12,0,0,6,6
"V",7,0,4,15,0,0,2,2
"V",7,0,4,16,0,0,1,1
"V",7,0,4,2,0,0,113,99
"V",7,0,4,2,0,1,1,0
"V",7,0,4,2,1,1,1,0
"V",7,0,4,2,1,2,1,0
"V",7,0,4,3,0,0,99,94
"V",7,0,4,3,1,0,1,1
"V",7,0,4,3,1,1,1,1
"V",7,0,4,4,0,0,61,61
"V",7,0,4,5,0,0,52,51
"V",7,0,4,6,0,0,40,39
"V",7,0,4,7,0,0,23,23
"V",7,0,4,8,0,0,9,8
"V",7,0,4,9,0,0,10,10
"V",7,0,5,-1,0,0,56,26
"V",7,0,5,-1,1,0,1,0
"V",7,0,5,-1,2,0,1,0
"V",7,0,5,-1,3,0,1,0
"V",7,0,5,-10,0,0,4,0
"V",7,0,5,-11,0,0,3,0
"V",7,0,5,-13,0,0,1,0
"V",7,0,5,-2,0,0,38,8
"V",7,0,5,-3,0,0,37,6
"V",7,0,5,-4,0,0,12,0
"V",7,0,5,-5,0,0,11,1
"V",7,0,5,-6,0,0,10,0
"V",7,0,5,-7,0,0,8,0
"V",7,0,5,-8,0,0,8,1
"V",7,0,5,-9,0,0,6,0
"V",7,0,5,0,0,0,60,37
"V",7,0,5,1,0,0,51,38
"V",7,0,5,10,0,0,2,2
"V",7,0,5,11,0,0,2,2
"V",7,0,5,12,0,0,1,1
"V",7,0,5,2,0,0,42,37
"V",7,0,5,3,0,0,32,31
"V",7,0,5,4,0,0,19,19
"V",7,0,5,5,0,0,31,30
"V",7,0,5,6,0,0,17,17
"V",7,0,5,7,0,0,10,10
"V",7,0,5,8,0,0,6,6
"V",7,0,5,9,0,0,4,4
"V",7,0,6,-1,0,0,74,44
"V",7,0,6,-10,0,0,3,0
"V",7,0,6,-11,0,0,2,0
"V",7,0,6,-12,0,0,2,0
"V",7,0,6,-13,0,0,2,0
"V",7,0,6,-16,0,0,1,0
"V",7,0,6,-2,0,0,54,20
"V",7,0,6,-3,0,0,47,14
"V",7,0,6,-4,0,0,27,1
"V",7,0,6,-5,0,0,23,3
"V",7,0,6,-6,0,0,16,0
"V",7,0,6,-7,0,0,9,0
"V",7,0,6,-8,0,0,13,0
"V",7,0,6,-9,0,0,6,0
"V",7,0,6,0,0,0,69,48
"V",7,0,6,1,0,0,53,40
"V",7,0,6,10,0,0,4,4
"V",7,0,6,11,0,0,3,3
"V",7,0,6,12,0,0,1,1
"V",7,0,6,13,0,0,2,2
"V",7,0,6,14,0,0,1,1
"V",7,0,6,2,0,0,48,45
"V",7,0,6,3,0,0,35,34
"V",7,0,6,4,0,0,38,38
"V",7,0,6,5,0,0,31,31
"V",7,0,6,6,0,0,22,22
"V",7,0,6,7,0,0,8,8
"V",7,0,6,8,0,0,10,10
"V",7,0,6,9,0,0,7,7
"V",7,0,7,-1,0,0,43,17
"V",7,0,7,-1,0,1,1,0
"V",7,0,7,-1,0,2,1,0
"V",7,0,7,-11,0,0,1,0
"V",7,0,7,-13,0,0,2,0
"V",7,0,7,-2,0,0,36,9
"V",7,0,7,-3,0,0,23,6
"V",7,0,7,-4,0,0,11,0
"V",7,0,7,-5,0,0,12,0
"V",7,0,7,-6,0,0,11,1
"V",7,0,7,-7,0,0,6,0
"V",7,0,7,-8,0,0,4,0
"V",7,0,7,-9,0,0,3,0
"V",7,0,7,0,0,0,40,30
"V",7,0,7,1,0,0,35,27
"V",7,0,7,10,0,0,2,2
"V",7,0,7,11,0,0,4,4
"V",7,0,7,14,0,0,1,1
"V",7,0,7,16,0,0,1,1
"V",7,0,7,2,0,0,30,25
"V",7,0,7,3,0,0,33,33
"V",7,0,7,4,0,0,19,19
"V",7,0,7,5,0,0,14,14
"V",7,0,7,6,0,0,15,15
"V",7,0,7,7,0,0,9,9
"V",7,0,7,8,0,0,5,5
"V",7,0,7,9,0,0,3,3
"V",7,0,8,-1,0,0,40,26
"V",7,0,8,-10,0,0,4,0
"V",7,0,8,-11,0,0,1,0
"V",7,0,8,-12,0,0,1,0
"V",7,0,8,-13,0,0,1,0
"V",7,0,8,-2,0,0,39,18
"V",7,0,8,-3,0,0,28,7
"V",7,0,8,-4,0,0,16,2
"V",7,0,8,-5,0,0,13,1
"V",7,0,8,-6,0,0,13,1
"V",7,0,8,-7,0,0,4,0
"V",7,0,8,-8,0,0,7,0
"V",7,0,8,-9,0,0,5,0
"V",7,0,8,0,0,0,49,40
"V",7,0,8,0,1,0,1,1
"V",7,0,8,0,1,1,1,1
"V",7,0,8,0,2,1,1,1
"V",7,0,8,0,2,2,1,1
"V",7,0,8,1,0,0,41,38
"V",7,0,8,10,0,0,2,2
"V",7,0,8,11,0,0,1,1
"V",7,0,8,13,0,0,1,1
"V",7,0,8,2,0,0,34,32
"V",7,0,8,3,0,0,31,30
"V",7,0,8,4,0,0,17,17
"V",7,0,8,5,0,0,13,13
"V",7,0,8,6,0,0,11,11
"V",7,0,8,7,0,0,7,7
"V",7,0,8,8,0,0,5,5
"V",7,0,8,9,0,0,6,6
"V",7,1,1,-1,0,0,1933,406
"V",7,1,1,-1,0,1,10,3
"V",7,1,1,-1,0,2,5,1
"V",7,1,1,-1,1,0,6,2
"V",7,1,1,-1,1,1,2,0
"V",7,1,1,-1,1,2,2,1
"V",7,1,1,-1,2,0,2,1
"V",7,1,1,-1,2,1,1,1
"V",7,1,1,-1,2,2,2,1
"V",7,1,1,-1,3,0,1,0
"V",7,1,1,-1,3,1,1,0
"V",7,1,1,-10,0,0,66,0
"V",7,1,1,-11,0,0,41,0
"V",7,1,1,-12,0,0,24,0
"V",7,1,1,-13,0,0,11,0
"V",7,1,1,-14,0,0,8,0
"V",7,1,1,-15,0,0,7,0
"V",7,1,1,-16,0,0,3,0
"V",7,1,1,-17,0,0,4,0
"V",7,1,1,-18,0,0,1,0
"V",7,1,1,-2,0,0,1617,215
"V",7,1,1,-2,0,1,4,0
"V",7,1,1,-2,0,2,1,0
"V",7,1,1,-2,1,0,5,0
"V",7,1,1,-2,1,1,6,0
"V",7,1,1,-2,1,2,2,0
"V",7,1,1,-2,2,0,2,0
"V",7,1,1,-2,2,1,4,0
"V",7,1,1,-2,2,2,5,0
"V",7,1,1,-2,3,2,2,0
"V",7,1,1,-21,0,0,1,0
"V",7,1,1,-3,0,0,1222,74
"V",7,1,1,-3,0,1,1,0
"V",7,1,1,-3,1,0,4,0
"V",7,1,1,-3,1,1,4,0
"V",7,1,1,-3,1,2,1,0
"V",7,1,1,-3,2,1,2,0
"V",7,1,1,-3,2,2,1,0
"V",7,1,1,-3,3,1,2,0
"V",7,1,1,-3,3,2,3,0
"V",7,1,1,-4,0,0,843,30
"V",7,1,1,-4,0,1,1,0
"V",7,1,1,-4,0,2,1,0
"V",7,1,1,-4,1,0,1,0
"V",7,1,1,-4,1,2,1,0
"V",7,1,1,-4,2,0,1,0
"V",7,1,1,-4,3,0,1,0
"V",7,1,1,-5,0,0,578,14
"V",7,1,1,-5,1,0,3,0
"V",7,1,1,-5,1,1,2,0
"V",7,1,1,-5,1,2,1,0
"V",7,1,1,-5,2,1,1,0
"V",7,1,1,-5,2,2,2,0
"V",7,1,1,-6,0,0,387,3
"V",7,1,1,-7,0,0,233,1
"V",7,1,1,-7,0,1,2,0
"V",7,1,1,-7,0,2,1,0
"V",7,1,1,-7,1,1,1,0
"V",7,1,1,-7,1,2,1,0
"V",7,1,1,-7,2,2,1,0
"V",7,1,1,-7,3,2,1,0
"V",7,1,1,-8,0,0,165,0
"V",7,1,1,-9,0,0,120,0
"V",7,1,1,0,0,0,2162,912
"V",7,1,1,0,0,1,9,6
"V",7,1,1,0,0,2,3,3
"V",7,1,1,0,1,0,6,4
"V",7,1,1,0,1,1,7,4
"V",7,1,1,0,1,2,1,1
"V",7,1,1,0,2,0,2,1
"V",7,1,1,0,2,1,6,3
"V",7,1,1,0,2,2,2,1
"V",7,1,1,0,3,1,3,2
"V",7,1,1,0,3,2,2,0
"V",7,1,1,1,0,0,1865,1254
"V",7,1,1,1,0,1,1,0
"V",7,1,1,1,1,0,4,4
"V",7,1,1,1,1,1,4,3
"V",7,1,1,1,1,2,2,1
"V",7,1,1,1,2,0,1,1
"V",7,1,1,1,2,1,1,1
"V",7,1,1,1,2,2,2,1
"V",7,1,1,1,3,2,1,0
"V",7,1,1,10,0,0,41,41
"V",7,1,1,11,0,0,30,29
"V",7,1,1,12,0,0,18,18
"V",7,1,1,13,0,0,8,8
"V",7,1,1,14,0,0,7,7
"V",7,1,1,15,0,0,1,1
"V",7,1,1,16,0,0,3,3
"V",7,1,1,17,0,0,3,3
"V",7,1,1,18,0,0,1,1
"V",7,1,1,19,0,0,1,1
"V",7,1,1,2,0,0,1444,1157
"V",7,1,1,2,0,1,9,9
"V",7,1,1,2,0,2,5,5
"V",7,1,1,2,1,0,5,3
"V",7,1,1,2,1,1,5,4
"V",7,1,1,2,1,2,1,1
"V",7,1,1,2,2,0,2,2
"V",7,1,1,2,2,1,1,0
"V",7,1,1,2,3,1,1,0
"V",7,1,1,2,3,2,1,0
"V",7,1,1,3,0,0,1094,974
"V",7,1,1,3,0,1,4,3
"V",7,1,1,3,0,2,3,2
"V",7,1,1,3,1,0,5,5
"V",7,1,1,3,1,1,2,2
"V",7,1,1,3,1,2,4,3
"V",7,1,1,3,2,0,3,3
"V",7,1,1,3,2,1,1,1
"V",7,1,1,3,2,2,1,1
"V",7,1,1,3,3,0,2,2
"V",7,1,1,3,3,1,2,2
"V",7,1,1,4,0,0,707,668
"V",7,1,1,4,0,1,1,1
"V",7,1,1,4,1,1,1,1
"V",7,1,1,5,0,0,544,519
"V",7,1,1,5,0,1,3,3
"V",7,1,1,5,0,2,1,1
"V",7,1,1,5,1,0,1,1
"V",7,1,1,5,1,1,1,1
"V",7,1,1,5,2,0,1,1
"V",7,1,1,5,2,1,1,1
"V",7,1,1,5,2,2,1,1
"V",7,1,1,6,0,0,340,337
"V",7,1,1,6,0,1,2,2
"V",7,1,1,6,0,2,1,1
"V",7,1,1,6,1,0,2,2
"V",7,1,1,6,1,1,2,2
"V",7,1,1,6,1,2,3,3
"V",7,1,1,6,2,0,1,1
"V",7,1,1,6,2,2,2,2
"V",7,1,1,7,0,0,208,205
"V",7,1,1,8,0,0,112,111
"V",7,1,1,8,0,1,1,1
"V",7,1,1,8,0,2,1,1
"V",7,1,1,9,0,0,66,66
"V",7,1,2,-1,0,0,852,205
"V",7,1,2,-1,0,1,2,1
"V",7,1,2,-1,0,2,1,1
"V",7,1,2,-1,1,0,4,1
"V",7,1,2,-1,1,1,2,0
"V",7,1,2,-10,0,0,33,0
"V",7,1,2,-11,0,0,25,0
"V",7,1,2,-12,0,0,11,0
"V",7,1,2,-13,0,0,5,0
"V",7,1,2,-14,0,0,2,0
"V",7,1,2,-15,0,0,4,0
"V",7,1,2,-17,0,0,2,0
"V",7,1,2,-19,0,0,1,0
"V",7,1,2,-2,0,0,816,135
"V",7,1,2,-2,0,1,3,0
"V",7,1,2,-2,0,2,3,0
"V",7,1,2,-2,1,0,3,0
"V",7,1,2,-2,1,2,2,0
"V",7,1,2,-2,2,0,2,0
"V",7,1,2,-2,2,1,1,0
"V",7,1,2,-2,3,1,1,0
"V",7,1,2,-21,0,0,1,0
"V",7,1,2,-3,0,0,604,50
"V",7,1,2,-3,0,1,2,0
"V",7,1,2,-3,0,2,2,0
"V",7,1,2,-3,1,0,4,0
"V",7,1,2,-3,1,1,1,0
"V",7,1,2,-3,2,0,3,0
"V",7,1,2,-3,2,1,1,0
"V",7,1,2,-3,3,1,1,0
"V",7,1,2,-3,3,2,1,0
"V",7,1,2,-4,0,0,422,22
"V",7,1,2,-4,0,1,1,0
"V",7,1,2,-4,1,1,1,0
"V",7,1,2,-4,2,1,1,0
"V",7,1,2,-5,0,0,315,5
"V",7,1,2,-5,0,1,1,0
"V",7,1,2,-5,1,0,2,0
"V",7,1,2,-5,1,1,2,0
"V",7,1,2,-5,1,2,1,0
"V",7,1,2,-5,2,0,1,0
"V",7,1,2,-5,2,1,2,0
"V",7,1,2,-5,2,2,1,0
"V",7,1,2,-6,0,0,182,3
"V",7,1,2,-6,0,1,2,0
"V",7,1,2,-6,0,2,1,0
"V",7,1,2,-6,1,1,1,0
"V",7,1,2,-6,2,1,1,0
"V",7,1,2,-6,2,2,1,0
"V",7,1,2,-6,3,2,1,0
"V",7,1,2,-7,0,0,130,0
"V",7,1,2,-8,0,0,87,0
"V",7,1,2,-8,0,1,1,0
"V",7,1,2,-8,0,2,1,0
"V",7,1,2,-8,1,2,1,0
"V",7,1,2,-8,2,2,1,0
"V",7,1,2,-9,0,0,55,0
"V",7,1,2,0,0,0,968,451
"V",7,1,2,0,0,1,2,2
"V",7,1,2,0,0,2,1,1
"V",7,1,2,0,1,0,4,3
"V",7,1,2,0,1,1,3,3
"V",7,1,2,0,1,2,2,2
"V",7,1,2,0,2,0,1,0
"V",7,1,2,0,2,1,1,1
"V",7,1,2,0,3,0,1,0
"V",7,1,2,0,3,1,1,1
"V",7,1,2,1,0,0,836,600
"V",7,1,2,1,0,1,1,0
"V",7,1,2,1,1,0,2,2
"V",7,1,2,1,1,1,2,1
"V",7,1,2,1,1,2,1,0
"V",7,1,2,10,0,0,33,33
"V",7,1,2,11,0,0,13,12
"V",7,1,2,12,0,0,16,16
"V",7,1,2,13,0,0,4,4
"V",7,1,2,14,0,0,5,5
"V",7,1,2,15,0,0,3,3
"V",7,1,2,16,0,0,2,2
"V",7,1,2,17,0,0,1,1
"V",7,1,2,18,0,0,1,1
"V",7,1,2,19,0,0,2,2
"V",7,1,2,2,0,0,655,527
"V",7,1,2,2,0,1,2,1
"V",7,1,2,2,0,2,1,0
"V",7,1,2,2,1,0,2,2
"V",7,1,2,2,1,1,1,1
"V",7,1,2,2,1,2,1,0
"V",7,1,2,2,2,1,1,1
"V",7,1,2,2,2,2,2,1
"V",7,1,2,3,0,0,505,459
"V",7,1,2,3,0,1,2,1
"V",7,1,2,3,0,2,2,1
"V",7,1,2,3,1,0,1,1
"V",7,1,2,3,1,2,2,1
"V",7,1,2,3,2,0,1,1
"V",7,1,2,3,2,1,1,1
"V",7,1,2,3,2,2,1,1
"V",7,1,2,3,3,1,1,1
"V",7,1,2,3,3,2,1,1
"V",7,1,2,4,0,0,370,352
"V",7,1,2,4,0,1,1,1
"V",7,1,2,4,1,0,1,1
"V",7,1,2,4,1,1,1,1
"V",7,1,2,4,1,2,1,1
"V",7,1,2,4,2,0,1,1
"V",7,1,2,4,2,2,1,1
"V",7,1,2,4,3,0,1,1
"V",7,1,2,4,3,1,1,1
"V",7,1,2,5,0,0,286,273
"V",7,1,2,5,1,0,1,1
"V",7,1,2,5,1,1,1,1
"V",7,1,2,5,1,2,1,1
"V",7,1,2,6,0,0,201,196
"V",7,1,2,6,0,1,1,1
"V",7,1,2,7,0,0,110,109
"V",7,1,2,7,1,0,1,1
"V",7,1,2,7,1,1,1,1
"V",7,1,2,7,2,1,1,1
"V",7,1,2,8,0,0,78,77
"V",7,1,2,9,0,0,42,42
"V",7,1,3,-1,0,0,363,118
"V",7,1,3,-1,0,1,1,1
"V",7,1,3,-1,0,2,1,1
"V",7,1,3,-1,1,0,2,0
"V",7,1,3,-1,1,1,2,0
"V",7,1,3,-1,1,2,1,0
"V",7,1,3,-1,2,1,1,0
"V",7,1,3,-1,2,2,1,0
"V",7,1,3,-10,0,0,8,0
"V",7,1,3,-11,0,0,4,0
"V",7,1,3,-12,0,0,7,0
"V",7,1,3,-13,0,0,2,0
"V",7,1,3,-15,0,0,1,0
"V",7,1,3,-17,0,0,1,0
"V",7,1,3,-2,0,0,217,42
"V",7,1,3,-2,0,1,1,0
"V",7,1,3,-2,1,0,1,1
"V",7,1,3,-2,1,1,2,1
"V",7,1,3,-2,2,1,1,0
"V",7,1,3,-2,3,1,1,0
"V",7,1,3,-3,0,0,147,13
"V",7,1,3,-3,1,0,1,0
"V",7,1,3,-3,1,1,1,0
"V",7,1,3,-3,1,2,1,0
"V",7,1,3,-3,2,2,1,0
"V",7,1,3,-3,3,2,1,0
"V",7,1,3,-4,0,0,115,8
"V",7,1,3,-4,1,0,1,0
"V",7,1,3,-4,1,1,1,0
"V",7,1,3,-4,2,1,1,0
"V",7,1,3,-5,0,0,76,2
"V",7,1,3,-5,0,1,1,0
"V",7,1,3,-5,1,1,1,0
"V",7,1,3,-5,2,1,1,0
"V",7,1,3,-5,3,1,1,0
"V",7,1,3,-5,3,2,1,0
"V",7,1,3,-6,0,0,45,0
"V",7,1,3,-7,0,0,44,1
"V",7,1,3,-8,0,0,25,0
"V",7,1,3,-9,0,0,11,0
"V",7,1,3,0,0,0,490,253
"V",7,1,3,0,1,0,2,0
"V",7,1,3,0,2,0,1,0
"V",7,1,3,0,3,0,1,0
"V",7,1,3,1,0,0,472,342
"V",7,1,3,1,0,1,1,1
"V",7,1,3,1,1,1,1,1
"V",7,1,3,1,2,1,1,1
"V",7,1,3,10,0,0,9,9
"V",7,1,3,11,0,0,9,9
"V",7,1,3,12,0,0,6,6
"V",7,1,3,13,0,0,2,2
"V",7,1,3,14,0,0,2,2
"V",7,1,3,15,0,0,2,2
"V",7,1,3,2,0,0,383,328
"V",7,1,3,2,0,1,1,0
"V",7,1,3,2,1,1,1,0
"V",7,1,3,2,1,2,1,0
"V",7,1,3,2,2,2,1,0
"V",7,1,3,2,3,2,1,0
"V",7,1,3,3,0,0,304,282
"V",7,1,3,3,0,1,1,0
"V",7,1,3,3,0,2,1,0
"V",7,1,3,3,1,0,3,3
"V",7,1,3,3,1,1,2,2
"V",7,1,3,3,1,2,1,0
"V",7,1,3,3,2,1,1,1
"V",7,1,3,3,2,2,1,0
"V",7,1,3,3,3,1,1,1
"V",7,1,3,3,3,2,1,0
"V",7,1,3,4,0,0,229,215
"V",7,1,3,4,1,0,1,1
"V",7,1,3,4,2,0,1,1
"V",7,1,3,4,2,1,1,1
"V",7,1,3,5,0,0,162,156
"V",7,1,3,5,0,1,2,2
"V",7,1,3,5,0,2,1,1
"V",7,1,3,6,0,0,110,107
"V",7,1,3,7,0,0,73,73
"V",7,1,3,8,0,0,47,47
"V",7,1,3,8,0,1,1,1
"V",7,1,3,8,1,1,1,1
"V",7,1,3,8,2,1,1,1
"V",7,1,3,9,0,0,25,25
"V",7,1,4,-1,0,0,260,85
"V",7,1,4,-1,1,0,2,1
"V",7,1,4,-1,1,1,1,0
"V",7,1,4,-10,0,0,6,0
"V",7,1,4,-11,0,0,9,0
"V",7,1,4,-12,0,0,6,0
"V",7,1,4,-13,0,0,3,0
"V",7,1,4,-14,0,0,3,0
"V",7,1,4,-15,0,0,4,0
"V",7,1,4,-2,0,0,254,53
"V",7,1,4,-2,0,1,2,0
"V",7,1,4,-2,0,2,1,0
"V",7,1,4,-2,1,2,1,0
"V",7,1,4,-2,2,2,1,0
"V",7,1,4,-2,3,2,1,0
"V",7,1,4,-22,0,0,1,0
"V",7,1,4,-3,0,0,203,24
"V",7,1,4,-3,1,0,1,1
"V",7,1,4,-4,0,0,127,11
"V",7,1,4,-5,0,0,121,2
"V",7,1,4,-6,0,0,89,0
"V",7,1,4,-6,0,1,1,0
"V",7,1,4,-6,0,2,1,0
"V",7,1,4,-6,1,2,1,0
"V",7,1,4,-6,2,2,1,0
"V",7,1,4,-6,3,2,1,0
"V",7,1,4,-7,0,0,50,0
"V",7,1,4,-8,0,0,38,0
"V",7,1,4,-9,0,0,15,0
"V",7,1,4,0,0,0,268,146
"V",7,1,4,0,0,1,1,1
"V",7,1,4,1,0,0,259,203
"V",7,1,4,10,0,0,9,9
"V",7,1,4,11,0,0,8,8
"V",7,1,4,12,0,0,8,8
"V",7,1,4,13,0,0,4,4
"V",7,1,4,14,0,0,2,2
"V",7,1,4,16,0,0,1,1
"V",7,1,4,2,0,0,208,173
"V",7,1,4,2,1,0,1,0
"V",7,1,4,3,0,0,182,170
"V",7,1,4,3,0,1,1,1
"V",7,1,4,3,1,0,1,0
"V",7,1,4,3,1,1,1,0
"V",7,1,4,3,2,1,1,0
"V",7,1,4,3,2,2,1,0
"V",7,1,4,4,0,0,106,103
"V",7,1,4,4,0,1,1,1
"V",7,1,4,4,1,1,1,1
"V",7,1,4,4,2,1,1,1
"V",7,1,4,4,2,2,1,1
"V",7,1,4,4,3,2,1,1
"V",7,1,4,5,0,0,100,97
"V",7,1,4,6,0,0,62,61
"V",7,1,4,7,0,0,39,39
"V",7,1,4,8,0,0,37,36
"V",7,1,4,8,0,1,1,1
"V",7,1,4,8,0,2,1,1
"V",7,1,4,9,0,0,24,24
"V",7,1,5,-1,0,0,136,47
"V",7,1,5,-10,0,0,7,0
"V",7,1,5,-11,0,0,2,0
"V",7,1,5,-12,0,0,3,0
"V",7,1,5,-17,0,0,1,0
"V",7,1,5,-2,0,0,87,16
"V",7,1,5,-3,0,0,68,9
"V",7,1,5,-4,0,0,42,3
"V",7,1,5,-5,0,0,18,2
"V",7,1,5,-6,0,0,21,0
"V",7,1,5,-7,0,0,12,0
"V",7,1,5,-8,0,0,12,1
"V",7,1,5,-9,0,0,6,0
"V",7,1,5,0,0,0,174,108
"V",7,1,5,0,1,0,1,0
"V",7,1,5,0,2,0,1,0
"V",7,1,5,0,3,0,1,0
"V",7,1,5,1,0,0,160,127
"V",7,1,5,10,0,0,9,9
"V",7,1,5,11,0,0,4,4
"V",7,1,5,12,0,0,3,3
"V",7,1,5,13,0,0,2,2
"V",7,1,5,14,0,0,4,4
"V",7,1,5,2,0,0,153,128
"V",7,1,5,3,0,0,132,124
"V",7,1,5,4,0,0,88,87
"V",7,1,5,5,0,0,79,77
"V",7,1,5,5,1,0,1,1
"V",7,1,5,6,0,0,52,52
"V",7,1,5,7,0,0,33,32
"V",7,1,5,7,1,0,1,0
"V",7,1,5,7,1,1,1,0
"V",7,1,5,7,2,1,1,0
"V",7,1,5,7,3,1,1,0
"V",7,1,5,8,0,0,26,25
"V",7,1,5,9,0,0,13,13
"V",7,1,6,-1,0,0,141,65
"V",7,1,6,-10,0,0,7,0
"V",7,1,6,-11,0,0,3,0
"V",7,1,6,-12,0,0,2,0
"V",7,1,6,-2,0,0,112,30
"V",7,1,6,-2,1,0,1,0
"V",7,1,6,-2,1,1,1,0
"V",7,1,6,-2,1,2,1,0
"V",7,1,6,-3,0,0,99,12
"V",7,1,6,-4,0,0,68,5
"V",7,1,6,-5,0,0,38,0
"V",7,1,6,-6,0,0,29,0
"V",7,1,6,-7,0,0,30,0
"V",7,1,6,-8,0,0,20,0
"V",7,1,6,-9,0,0,12,0
"V",7,1,6,0,0,0,172,107
"V",7,1,6,0,1,0,2,1
"V",7,1,6,0,1,1,1,1
"V",7,1,6,0,1,2,1,1
"V",7,1,6,1,0,0,153,122
"V",7,1,6,1,1,0,1,1
"V",7,1,6,1,1,1,1,1
"V",7,1,6,1,2,1,1,1
"V",7,1,6,1,2,2,1,1
"V",7,1,6,1,3,2,1,1
"V",7,1,6,10,0,0,9,9
"V",7,1,6,11,0,0,2,2
"V",7,1,6,12,0,0,5,5
"V",7,1,6,13,0,0,3,3
"V",7,1,6,17,0,0,1,1
"V",7,1,6,2,0,0,139,127
"V",7,1,6,2,0,1,1,1
"V",7,1,6,2,0,2,1,1
"V",7,1,6,2,1,0,1,1
"V",7,1,6,2,1,1,1,1
"V",7,1,6,2,2,1,1,1
"V",7,1,6,2,3,1,1,1
"V",7,1,6,2,3,2,1,1
"V",7,1,6,3,0,0,129,120
"V",7,1,6,4,0,0,79,75
"V",7,1,6,5,0,0,57,56
"V",7,1,6,6,0,0,44,43
"V",7,1,6,7,0,0,29,28
"V",7,1,6,7,1,0,1,0
"V",7,1,6,7,2,0,1,0
"V",7,1,6,8,0,0,21,21
"V",7,1,6,9,0,0,12,12
"V",7,1,7,-1,0,0,111,60
"V",7,1,7,-10,0,0,3,0
"V",7,1,7,-11,0,0,3,0
"V",7,1,7,-13,0,0,1,0
"V",7,1,7,-14,0,0,1,0
"V",7,1,7,-2,0,0,110,34
"V",7,1,7,-2,0,1,1,0
"V",7,1,7,-2,1,0,1,0
"V",7,1,7,-2,1,1,1,0
"V",7,1,7,-2,2,1,1,0
"V",7,1,7,-2,3,1,1,0
"V",7,1,7,-2,3,2,1,0
"V",7,1,7,-3,0,0,45,5
"V",7,1,7,-4,0,0,40,2
"V",7,1,7,-5,0,0,35,1
"V",7,1,7,-6,0,0,18,0
"V",7,1,7,-7,0,0,13,0
"V",7,1,7,-8,0,0,9,0
"V",7,1,7,-9,0,0,5,0
"V",7,1,7,0,0,0,150,97
"V",7,1,7,1,0,0,147,109
"V",7,1,7,1,1,0,1,1
"V",7,1,7,1,2,0,1,1
"V",7,1,7,10,0,0,8,8
"V",7,1,7,11,0,0,6,6
"V",7,1,7,12,0,0,5,5
"V",7,1,7,13,0,0,2,2
"V",7,1,7,14,0,0,2,2
"V",7,1,7,15,0,0,2,2
"V",7,1,7,16,0,0,2,2
"V",7,1,7,2,0,0,117,102
"V",7,1,7,3,0,0,104,97
"V",7,1,7,4,0,0,78,78
"V",7,1,7,4,0,1,1,1
"V",7,1,7,4,1,1,1,1
"V",7,1,7,5,0,0,52,52
"V",7,1,7,6,0,0,40,40
"V",7,1,7,7,0,0,27,27
"V",7,1,7,8,0,0,14,13
"V",7,1,7,9,0,0,5,5
"V",7,1,8,-1,0,0,84,38
"V",7,1,8,-1,1,0,1,1
"V",7,1,8,-1,2,0,1,1
"V",7,1,8,-1,3,0,1,1
"V",7,1,8,-10,0,0,2,0
"V",7,1,8,-11,0,0,3,0
"V",7,1,8,-12,0,0,2,0
"V",7,1,8,-13,0,0,1,0
"V",7,1,8,-14,0,0,1,0
"V",7,1,8,-2,0,0,78,25
"V",7,1,8,-3,0,0,48,6
"V",7,1,8,-4,0,0,37,4
"V",7,1,8,-5,0,0,36,1
"V",7,1,8,-6,0,0,29,0
"V",7,1,8,-7,0,0,16,0
"V",7,1,8,-8,0,0,11,0
"V",7,1,8,-9,0,0,5,0
"V",7,1,8,0,0,0,110,67
"V",7,1,8,1,0,0,102,84
"V",7,1,8,10,0,0,7,7
"V",7,1,8,11,0,0,5,5
"V",7,1,8,12,0,0,3,3
"V",7,1,8,13,0,0,1,1
"V",7,1,8,14,0,0,1,1
"V",7,1,8,2,0,0,83,81
"V",7,1,8,3,0,0,56,53
"V",7,1,8,4,0,0,54,53
"V",7,1,8,5,0,0,29,29
"V",7,1,8,6,0,0,21,21
"V",7,1,8,7,0,0,14,14
"V",7,1,8,8,0,0,8,8
"V",7,1,8,9,0,0,11,11
"V",7,2,1,-1,0,0,1483,267
"V",7,2,1,-1,0,1,6,2
"V",7,2,1,-1,0,2,4,2
"V",7,2,1,-1,1,0,3,0
"V",7,2,1,-1,1,1,1,0
"V",7,2,1,-1,1,2,4,2
"V",7,2,1,-1,2,0,1,0
"V",7,2,1,-1,2,1,1,0
"V",7,2,1,-1,2,2,2,1
"V",7,2,1,-1,3,2,2,1
"V",7,2,1,-10,0,0,49,0
"V",7,2,1,-11,0,0,32,0
"V",7,2,1,-12,0,0,16,0
"V",7,2,1,-13,0,0,10,0
"V",7,2,1,-14,0,0,5,0
"V",7,2,1,-15,0,0,3,0
"V",7,2,1,-16,0,0,3,0
"V",7,2,1,-17,0,0,3,0
"V",7,2,1,-18,0,0,1,0
"V",7,2,1,-2,0,0,1177,122
"V",7,2,1,-2,0,1,3,0
"V",7,2,1,-2,0,2,1,0
"V",7,2,1,-2,1,0,7,1
"V",7,2,1,-2,1,1,5,0
"V",7,2,1,-2,1,2,2,0
"V",7,2,1,-2,2,0,2,1
"V",7,2,1,-2,2,1,3,0
"V",7,2,1,-2,2,2,3,0
"V",7,2,1,-2,3,2,3,0
"V",7,2,1,-3,0,0,915,46
"V",7,2,1,-3,0,1,3,0
"V",7,2,1,-3,1,0,2,0
"V",7,2,1,-3,1,1,3,0
"V",7,2,1,-3,2,0,1,0
"V",7,2,1,-3,2,1,2,0
"V",7,2,1,-3,2,2,1,0
"V",7,2,1,-3,3,0,1,0
"V",7,2,1,-3,3,1,1,0
"V",7,2,1,-3,3,2,2,0
"V",7,2,1,-4,0,0,642,12
"V",7,2,1,-4,0,1,1,0
"V",7,2,1,-4,1,0,1,0
"V",7,2,1,-4,1,1,1,0
"V",7,2,1,-4,1,2,1,0
"V",7,2,1,-4,2,0,1,0
"V",7,2,1,-4,2,1,1,0
"V",7,2,1,-4,2,2,2,0
"V",7,2,1,-4,3,2,1,0
"V",7,2,1,-5,0,0,440,6
"V",7,2,1,-5,0,1,1,0
"V",7,2,1,-5,1,0,1,0
"V",7,2,1,-5,1,1,1,0
"V",7,2,1,-5,2,1,1,0
"V",7,2,1,-5,3,1,1,0
"V",7,2,1,-6,0,0,293,1
"V",7,2,1,-7,0,0,171,1
"V",7,2,1,-7,0,1,1,0
"V",7,2,1,-7,0,2,1,0
"V",7,2,1,-7,1,2,1,0
"V",7,2,1,-8,0,0,115,0
"V",7,2,1,-9,0,0,89,0
"V",7,2,1,0,0,0,1638,637
"V",7,2,1,0,0,1,3,0
"V",7,2,1,0,0,2,2,0
"V",7,2,1,0,1,0,3,0
"V",7,2,1,0,1,1,1,0
"V",7,2,1,0,2,0,2,0
"V",7,2,1,0,2,1,2,0
"V",7,2,1,0,3,0,1,0
"V",7,2,1,0,3,1,3,0
"V",7,2,1,0,3,2,1,0
"V",7,2,1,1,0,0,1446,924
"V",7,2,1,1,0,1,5,4
"V",7,2,1,1,0,2,3,2
"V",7,2,1,1,1,0,6,3
"V",7,2,1,1,1,1,2,2
"V",7,2,1,1,2,0,3,1
"V",7,2,1,1,2,1,3,2
"V",7,2,1,1,2,2,1,1
"V",7,2,1,1,3,0,2,1
"V",7,2,1,1,3,1,2,1
"V",7,2,1,1,3,2,2,2
"V",7,2,1,10,0,0,40,40
"V",7,2,1,11,0,0,31,31
"V",7,2,1,12,0,0,14,14
"V",7,2,1,12,0,1,1,1
"V",7,2,1,12,1,1,1,1
"V",7,2,1,12,2,1,1,1
"V",7,2,1,12,3,1,1,1
"V",7,2,1,12,3,2,1,1
"V",7,2,1,13,0,0,9,9
"V",7,2,1,14,0,0,4,4
"V",7,2,1,15,0,0,2,2
"V",7,2,1,16,0,0,2,2
"V",7,2,1,17,0,0,3,3
"V",7,2,1,18,0,0,2,2
"V",7,2,1,19,0,0,1,1
"V",7,2,1,2,0,0,1132,901
"V",7,2,1,2,0,1,3,2
"V",7,2,1,2,0,2,1,1
"V",7,2,1,2,1,0,11,11
"V",7,2,1,2,1,1,3,3
"V",7,2,1,2,1,2,1,1
"V",7,2,1,2,2,0,3,3
"V",7,2,1,2,2,1,3,3
"V",7,2,1,2,2,2,1,1
"V",7,2,1,2,3,0,1,1
"V",7,2,1,2,3,1,2,2
"V",7,2,1,3,0,0,894,791
"V",7,2,1,3,0,1,2,2
"V",7,2,1,3,1,0,4,4
"V",7,2,1,3,1,1,3,3
"V",7,2,1,3,1,2,2,2
"V",7,2,1,3,2,0,2,2
"V",7,2,1,3,2,1,1,1
"V",7,2,1,3,2,2,3,3
"V",7,2,1,3,3,0,1,1
"V",7,2,1,3,3,1,1,1
"V",7,2,1,3,3,2,2,2
"V",7,2,1,4,0,0,564,525
"V",7,2,1,4,0,1,2,2
"V",7,2,1,4,0,2,1,1
"V",7,2,1,4,1,1,1,1
"V",7,2,1,4,1,2,2,2
"V",7,2,1,5,0,0,448,426
"V",7,2,1,5,0,1,2,1
"V",7,2,1,5,0,2,1,0
"V",7,2,1,5,1,0,1,1
"V",7,2,1,6,0,0,282,278
"V",7,2,1,7,0,0,174,173
"V",7,2,1,8,0,0,106,106
"V",7,2,1,8,1,0,2,2
"V",7,2,1,8,2,0,2,2
"V",7,2,1,8,2,1,1,1
"V",7,2,1,8,3,1,1,1
"V",7,2,1,8,3,2,1,1
"V",7,2,1,9,0,0,61,61
"V",7,2,2,-1,0,0,864,177
"V",7,2,2,-1,0,1,3,0
"V",7,2,2,-1,0,2,1,0
"V",7,2,2,-1,1,0,1,0
"V",7,2,2,-10,0,0,29,0
"V",7,2,2,-11,0,0,19,0
"V",7,2,2,-12,0,0,12,0
"V",7,2,2,-13,0,0,2,0
"V",7,2,2,-14,0,0,2,0
"V",7,2,2,-15,0,0,3,0
"V",7,2,2,-16,0,0,2,0
"V",7,2,2,-17,0,0,2,0
"V",7,2,2,-19,0,0,1,0
"V",7,2,2,-2,0,0,734,87
"V",7,2,2,-2,0,1,2,0
"V",7,2,2,-2,1,0,1,0
"V",7,2,2,-2,1,1,1,0
"V",7,2,2,-2,2,1,1,0
"V",7,2,2,-21,0,0,1,0
"V",7,2,2,-3,0,0,559,38
"V",7,2,2,-3,0,1,1,0
"V",7,2,2,-3,1,0,3,0
"V",7,2,2,-3,1,1,1,0
"V",7,2,2,-3,2,1,1,0
"V",7,2,2,-4,0,0,381,11
"V",7,2,2,-4,0,1,1,0
"V",7,2,2,-5,0,0,288,3
"V",7,2,2,-5,0,1,1,0
"V",7,2,2,-5,0,2,1,0
"V",7,2,2,-5,1,0,2,0
"V",7,2,2,-5,1,1,2,0
"V",7,2,2,-5,1,2,2,0
"V",7,2,2,-5,2,2,2,0
"V",7,2,2,-6,0,0,183,5
"V",7,2,2,-7,0,0,124,1
"V",7,2,2,-8,0,0,72,0
"V",7,2,2,-9,0,0,53,0
"V",7,2,2,0,0,0,896,381
"V",7,2,2,0,0,1,3,2
"V",7,2,2,0,1,0,4,1
"V",7,2,2,0,1,1,3,2
"V",7,2,2,0,1,2,1,1
"V",7,2,2,0,2,0,1,0
"V",7,2,2,0,2,1,1,0
"V",7,2,2,0,2,2,1,1
"V",7,2,2,0,3,0,1,0
"V",7,2,2,1,0,0,793,521
"V",7,2,2,1,0,1,1,0
"V",7,2,2,1,1,0,4,4
"V",7,2,2,1,1,1,2,2
"V",7,2,2,1,1,2,1,1
"V",7,2,2,1,2,0,2,2
"V",7,2,2,1,3,0,2,2
"V",7,2,2,1,3,1,1,1
"V",7,2,2,1,3,2,1,1
"V",7,2,2,10,0,0,38,38
"V",7,2,2,11,0,0,28,27
"V",7,2,2,12,0,0,12,12
"V",7,2,2,13,0,0,7,7
"V",7,2,2,14,0,0,10,10
"V",7,2,2,15,0,0,2,2
"V",7,2,2,16,0,0,3,3
"V",7,2,2,17,0,0,3,3
"V",7,2,2,18,0,0,2,2
"V",7,2,2,19,0,0,1,1
"V",7,2,2,2,0,0,713,564
"V",7,2,2,2,0,1,1,1
"V",7,2,2,3,0,0,571,515
"V",7,2,2,3,0,1,1,1
"V",7,2,2,3,1,0,5,5
"V",7,2,2,3,1,1,1,1
"V",7,2,2,3,1,2,1,1
"V",7,2,2,3,2,0,3,3
"V",7,2,2,3,2,1,2,2
"V",7,2,2,3,3,0,1,1
"V",7,2,2,3,3,1,2,2
"V",7,2,2,3,3,2,1,1
"V",7,2,2,4,0,0,406,379
"V",7,2,2,4,1,0,3,3
"V",7,2,2,4,1,1,2,2
"V",7,2,2,4,1,2,2,2
"V",7,2,2,4,2,0,1,1
"V",7,2,2,4,2,1,1,1
"V",7,2,2,4,2,2,3,3
"V",7,2,2,4,3,2,2,2
"V",7,2,2,5,0,0,307,289
"V",7,2,2,5,1,0,2,2
"V",7,2,2,5,1,1,2,2
"V",7,2,2,5,1,2,1,1
"V",7,2,2,5,2,1,1,1
"V",7,2,2,6,0,0,222,215
"V",7,2,2,6,1,0,1,1
"V",7,2,2,6,1,1,1,1
"V",7,2,2,6,2,1,1,1
"V",7,2,2,6,2,2,1,1
"V",7,2,2,7,0,0,148,146
"V",7,2,2,8,0,0,83,81
"V",7,2,2,8,1,0,2,2
"V",7,2,2,8,1,1,2,2
"V",7,2,2,8,1,2,1,1
"V",7,2,2,8,2,1,1,1
"V",7,2,2,8,2,2,2,2
"V",7,2,2,9,0,0,50,50
"V",7,2,3,-1,0,0,420,88
"V",7,2,3,-1,1,0,2,0
"V",7,2,3,-1,1,1,1,0
"V",7,2,3,-1,1,2,1,0
"V",7,2,3,-1,2,0,1,0
"V",7,2,3,-1,2,2,1,0
"V",7,2,3,-10,0,0,9,0
"V",7,2,3,-11,0,0,4,0
"V",7,2,3,-12,0,0,4,0
"V",7,2,3,-13,0,0,2,0
"V",7,2,3,-14,0,0,1,0
"V",7,2,3,-2,0,0,265,30
"V",7,2,3,-2,1,0,2,0
"V",7,2,3,-2,2,0,2,0
"V",7,2,3,-2,2,1,1,0
"V",7,2,3,-2,2,2,1,0
"V",7,2,3,-2,3,0,1,0
"V",7,2,3,-2,3,2,1,0
"V",7,2,3,-3,0,0,197,13
"V",7,2,3,-4,0,0,140,7
"V",7,2,3,-4,0,1,1,0
"V",7,2,3,-4,0,2,1,0
"V",7,2,3,-5,0,0,92,2
"V",7,2,3,-6,0,0,54,2
"V",7,2,3,-7,0,0,42,1
"V",7,2,3,-7,1,0,1,0
"V",7,2,3,-7,1,1,1,0
"V",7,2,3,-7,2,1,1,0
"V",7,2,3,-7,3,1,1,0
"V",7,2,3,-8,0,0,35,0
"V",7,2,3,-9,0,0,21,0
"V",7,2,3,0,0,0,538,234
"V",7,2,3,0,0,1,1,1
"V",7,2,3,0,0,2,1,1
"V",7,2,3,0,1,0,2,1
"V",7,2,3,0,1,2,1,1
"V",7,2,3,0,2,0,2,1
"V",7,2,3,0,2,2,1,1
"V",7,2,3,0,3,0,2,1
"V",7,2,3,0,3,1,1,0
"V",7,2,3,0,3,2,1,1
"V",7,2,3,1,0,0,558,374
"V",7,2,3,1,0,1,1,0
"V",7,2,3,1,1,0,1,1
"V",7,2,3,1,1,1,1,0
"V",7,2,3,1,2,0,1,1
"V",7,2,3,1,2,1,1,0
"V",7,2,3,1,3,0,1,1
"V",7,2,3,10,0,0,24,24
"V",7,2,3,11,0,0,23,23
"V",7,2,3,12,0,0,11,10
"V",7,2,3,13,0,0,9,9
"V",7,2,3,14,0,0,4,4
"V",7,2,3,15,0,0,3,3
"V",7,2,3,19,0,0,1,1
"V",7,2,3,2,0,0,488,392
"V",7,2,3,2,0,1,2,1
"V",7,2,3,2,0,2,2,1
"V",7,2,3,2,1,0,1,0
"V",7,2,3,2,1,2,1,0
"V",7,2,3,20,0,0,1,1
"V",7,2,3,3,0,0,360,332
"V",7,2,3,3,0,1,2,1
"V",7,2,3,3,1,0,3,3
"V",7,2,3,3,2,0,2,2
"V",7,2,3,3,2,1,1,1
"V",7,2,3,3,3,1,1,1
"V",7,2,3,3,3,2,1,1
"V",7,2,3,4,0,0,300,285
"V",7,2,3,4,0,1,1,1
"V",7,2,3,4,1,1,1,1
"V",7,2,3,4,2,1,1,1
"V",7,2,3,5,0,0,210,206
"V",7,2,3,5,0,1,1,1
"V",7,2,3,5,0,2,1,1
"V",7,2,3,5,1,0,1,1
"V",7,2,3,6,0,0,164,162
"V",7,2,3,6,0,1,1,1
"V",7,2,3,6,0,2,1,1
"V",7,2,3,6,1,2,1,1
"V",7,2,3,6,2,2,1,1
"V",7,2,3,7,0,0,106,104
"V",7,2,3,8,0,0,59,59
"V",7,2,3,8,1,0,2,2
"V",7,2,3,8,1,1,2,2
"V",7,2,3,8,1,2,2,2
"V",7,2,3,8,2,2,1,1
"V",7,2,3,8,3,2,1,1
"V",7,2,3,9,0,0,34,34
"V",7,2,4,-1,0,0,288,62
"V",7,2,4,-1,1,0,4,1
"V",7,2,4,-1,1,1,1,0
"V",7,2,4,-1,2,0,2,1
"V",7,2,4,-1,2,1,1,0
"V",7,2,4,-1,3,0,1,0
"V",7,2,4,-1,3,1,1,0
"V",7,2,4,-10,0,0,15,0
"V",7,2,4,-11,0,0,8,0
"V",7,2,4,-12,0,0,5,0
"V",7,2,4,-13,0,0,2,0
"V",7,2,4,-14,0,0,2,0
"V",7,2,4,-15,0,0,2,0
"V",7,2,4,-17,0,0,1,0
"V",7,2,4,-18,0,0,1,0
"V",7,2,4,-19,0,0,1,0
"V",7,2,4,-2,0,0,297,43
"V",7,2,4,-2,0,1,4,2
"V",7,2,4,-2,0,2,1,1
"V",7,2,4,-2,1,0,1,0
"V",7,2,4,-2,1,1,2,0
"V",7,2,4,-2,2,1,1,0
"V",7,2,4,-2,3,1,1,0
"V",7,2,4,-2,3,2,1,0
"V",7,2,4,-22,0,0,1,0
"V",7,2,4,-3,0,0,226,17
"V",7,2,4,-3,0,1,2,0
"V",7,2,4,-3,0,2,1,0
"V",7,2,4,-4,0,0,172,11
"V",7,2,4,-5,0,0,123,1
"V",7,2,4,-6,0,0,90,2
"V",7,2,4,-6,0,1,1,0
"V",7,2,4,-6,0,2,1,0
"V",7,2,4,-7,0,0,65,0
"V",7,2,4,-8,0,0,45,0
"V",7,2,4,-9,0,0,19,0
"V",7,2,4,0,0,0,337,141
"V",7,2,4,0,1,0,2,2
"V",7,2,4,0,2,0,2,2
"V",7,2,4,0,3,0,2,2
"V",7,2,4,0,3,1,1,1
"V",7,2,4,1,0,0,279,191
"V",7,2,4,1,0,1,1,0
"V",7,2,4,1,0,2,1,0
"V",7,2,4,1,1,0,2,2
"V",7,2,4,1,2,0,1,1
"V",7,2,4,1,2,1,1,1
"V",7,2,4,1,3,1,1,1
"V",7,2,4,10,0,0,9,9
"V",7,2,4,11,0,0,9,9
"V",7,2,4,12,0,0,3,3
"V",7,2,4,13,0,0,4,4
"V",7,2,4,14,0,0,1,1
"V",7,2,4,16,0,0,1,1
"V",7,2,4,18,0,0,1,1
"V",7,2,4,2,0,0,241,197
"V",7,2,4,2,1,0,1,1
"V",7,2,4,2,2,0,1,1
"V",7,2,4,2,2,1,1,1
"V",7,2,4,3,0,0,199,184
"V",7,2,4,3,1,0,1,0
"V",7,2,4,3,1,1,1,0
"V",7,2,4,3,2,1,1,0
"V",7,2,4,3,2,2,1,0
"V",7,2,4,4,0,0,138,130
"V",7,2,4,4,0,1,1,1
"V",7,2,4,4,0,2,1,1
"V",7,2,4,4,1,2,1,1
"V",7,2,4,5,0,0,91,88
"V",7,2,4,6,0,0,71,68
"V",7,2,4,7,0,0,58,58
"V",7,2,4,8,0,0,42,41
"V",7,2,4,9,0,0,30,30
"V",7,2,4,9,0,1,2,2
"V",7,2,4,9,0,2,1,1
"V",7,2,5,-1,0,0,209,58
"V",7,2,5,-1,0,1,1,0
"V",7,2,5,-1,0,2,1,0
"V",7,2,5,-1,1,0,1,0
"V",7,2,5,-1,2,0,1,0
"V",7,2,5,-1,2,1,1,0
"V",7,2,5,-10,0,0,5,0
"V",7,2,5,-11,0,0,3,0
"V",7,2,5,-12,0,0,3,0
"V",7,2,5,-17,0,0,1,0
"V",7,2,5,-2,0,0,130,14
"V",7,2,5,-2,1,0,1,0
"V",7,2,5,-3,0,0,95,5
"V",7,2,5,-4,0,0,58,2
"V",7,2,5,-4,0,1,1,0
"V",7,2,5,-5,0,0,30,0
"V",7,2,5,-6,0,0,18,0
"V",7,2,5,-7,0,0,23,0
"V",7,2,5,-8,0,0,19,1
"V",7,2,5,-9,0,0,5,0
"V",7,2,5,0,0,0,245,109
"V",7,2,5,1,0,0,252,185
"V",7,2,5,1,0,1,1,1
"V",7,2,5,1,1,1,1,1
"V",7,2,5,1,1,2,1,1
"V",7,2,5,10,0,0,12,12
"V",7,2,5,11,0,0,9,9
"V",7,2,5,12,0,0,8,8
"V",7,2,5,13,0,0,3,3
"V",7,2,5,14,0,0,3,3
"V",7,2,5,15,0,0,2,2
"V",7,2,5,16,0,0,1,1
"V",7,2,5,17,0,0,1,1
"V",7,2,5,2,0,0,193,163
"V",7,2,5,3,0,0,161,142
"V",7,2,5,4,0,0,133,124
"V",7,2,5,5,0,0,107,104
"V",7,2,5,6,0,0,90,88
"V",7,2,5,7,0,0,50,50
"V",7,2,5,8,0,0,35,34
"V",7,2,5,9,0,0,20,20
"V",7,2,6,-1,0,0,169,43
"V",7,2,6,-1,0,1,1,1
"V",7,2,6,-1,0,2,1,1
"V",7,2,6,-10,0,0,9,0
"V",7,2,6,-11,0,0,5,0
"V",7,2,6,-12,0,0,2,0
"V",7,2,6,-13,0,0,1,0
"V",7,2,6,-15,0,0,1,0
"V",7,2,6,-17,0,0,1,0
"V",7,2,6,-2,0,0,135,19
"V",7,2,6,-3,0,0,101,7
"V",7,2,6,-4,0,0,63,2
"V",7,2,6,-5,0,0,55,0
"V",7,2,6,-6,0,0,28,0
"V",7,2,6,-7,0,0,27,0
"V",7,2,6,-8,0,0,21,0
"V",7,2,6,-9,0,0,11,0
"V",7,2,6,0,0,0,193,100
"V",7,2,6,0,0,1,1,1
"V",7,2,6,0,1,0,1,0
"V",7,2,6,0,1,1,1,1
"V",7,2,6,1,0,0,184,133
"V",7,2,6,10,0,0,8,8
"V",7,2,6,11,0,0,7,6
"V",7,2,6,12,0,0,4,3
"V",7,2,6,13,0,0,6,6
"V",7,2,6,14,0,0,1,1
"V",7,2,6,17,0,0,2,2
"V",7,2,6,2,0,0,150,122
"V",7,2,6,2,0,1,1,1
"V",7,2,6,2,0,2,1,1
"V",7,2,6,3,0,0,117,109
"V",7,2,6,4,0,0,97,91
"V",7,2,6,5,0,0,85,82
"V",7,2,6,6,0,0,71,69
"V",7,2,6,7,0,0,37,37
"V",7,2,6,8,0,0,18,18
"V",7,2,6,9,0,0,13,13
"V",7,2,7,-1,0,0,125,45
"V",7,2,7,-10,0,0,1,0
"V",7,2,7,-11,0,0,4,0
"V",7,2,7,-12,0,0,1,0
"V",7,2,7,-17,0,0,1,0
"V",7,2,7,-2,0,0,103,19
"V",7,2,7,-2,0,1,1,0
"V",7,2,7,-2,1,1,1,0
"V",7,2,7,-3,0,0,54,5
"V",7,2,7,-4,0,0,42,2
"V",7,2,7,-5,0,0,40,1
"V",7,2,7,-6,0,0,29,1
"V",7,2,7,-6,1,0,1,0
"V",7,2,7,-6,1,1,1,0
"V",7,2,7,-6,1,2,1,0
"V",7,2,7,-7,0,0,14,0
"V",7,2,7,-8,0,0,11,0
"V",7,2,7,-9,0,0,4,0
"V",7,2,7,0,0,0,153,82
"V",7,2,7,0,0,1,2,1
"V",7,2,7,0,0,2,1,1
"V",7,2,7,0,1,0,3,2
"V",7,2,7,0,1,1,2,1
"V",7,2,7,0,1,2,2,1
"V",7,2,7,0,2,0,1,1
"V",7,2,7,0,3,0,1,1
"V",7,2,7,1,0,0,132,90
"V",7,2,7,1,1,0,1,1
"V",7,2,7,10,0,0,5,5
"V",7,2,7,11,0,0,3,3
"V",7,2,7,12,0,0,3,3
"V",7,2,7,13,0,0,3,3
"V",7,2,7,14,0,0,1,1
"V",7,2,7,15,0,0,1,1
"V",7,2,7,2,0,0,122,99
"V",7,2,7,3,0,0,115,103
"V",7,2,7,4,0,0,61,60
"V",7,2,7,5,0,0,52,52
"V",7,2,7,6,0,0,38,37
"V",7,2,7,7,0,0,29,29
"V",7,2,7,7,1,0,1,1
"V",7,2,7,7,2,0,1,1
"V",7,2,7,7,3,0,1,1
"V",7,2,7,8,0,0,21,21
"V",7,2,7,9,0,0,10,10
"V",7,2,8,-1,0,0,98,31
"V",7,2,8,-10,0,0,3,0
"V",7,2,8,-11,0,0,2,0
"V",7,2,8,-12,0,0,2,0
"V",7,2,8,-13,0,0,3,0
"V",7,2,8,-14,0,0,1,0
"V",7,2,8,-15,0,0,1,0
"V",7,2,8,-17,0,0,1,0
"V",7,2,8,-2,0,0,92,19
"V",7,2,8,-3,0,0,68,10
"V",7,2,8,-3,0,1,1,0
"V",7,2,8,-3,0,2,1,0
"V",7,2,8,-4,0,0,39,5
"V",7,2,8,-5,0,0,33,2
"V",7,2,8,-6,0,0,25,1
"V",7,2,8,-7,0,0,14,0
"V",7,2,8,-8,0,0,9,0
"V",7,2,8,-9,0,0,3,0
"V",7,2,8,0,0,0,129,68
"V",7,2,8,0,0,1,1,1
"V",7,2,8,1,0,0,117,85
"V",7,2,8,11,0,0,4,4
"V",7,2,8,12,0,0,1,1
"V",7,2,8,14,0,0,1,1
"V",7,2,8,17,0,0,1,1
"V",7,2,8,2,0,0,77,65
"V",7,2,8,3,0,0,61,57
"V",7,2,8,4,0,0,51,47
"V",7,2,8,5,0,0,32,31
"V",7,2,8,5,0,1,1,1
"V",7,2,8,6,0,0,26,26
"V",7,2,8,7,0,0,14,14
"V",7,2,8,8,0,0,7,7
"V",7,2,8,9,0,0,5,5
"V",7,2,8,9,0,1,1,1
"V",7,2,8,9,0,2,1,1
"V",7,2,8,9,1,2,1,1
"V",8,0,1,-1,0,0,2588,563
"V",8,0,1,-1,0,1,7,0
"V",8,0,1,-1,0,2,2,0
"V",8,0,1,-1,1,0,9,4
"V",8,0,1,-1,1,1,8,0
"V",8,0,1,-1,1,2,3,0
"V",8,0,1,-1,2,0,2,2
"V",8,0,1,-1,2,1,2,1
"V",8,0,1,-1,2,2,3,0
"V",8,0,1,-1,3,0,1,1
"V",8,0,1,-1,3,2,2,0
"V",8,0,1,-10,0,0,133,0
"V",8,0,1,-10,1,0,1,0
"V",8,0,1,-10,1,1,1,0
"V",8,0,1,-10,1,2,1,0
"V",8,0,1,-11,0,0,90,0
"V",8,0,1,-12,0,0,52,0
"V",8,0,1,-13,0,0,29,0
"V",8,0,1,-14,0,0,18,0
"V",8,0,1,-15,0,0,16,0
"V",8,0,1,-16,0,0,8,0
"V",8,0,1,-17,0,0,4,0
"V",8,0,1,-18,0,0,4,0
"V",8,0,1,-2,0,0,2256,257
"V",8,0,1,-2,0,1,5,1
"V",8,0,1,-2,0,2,5,1
"V",8,0,1,-2,1,0,10,1
"V",8,0,1,-2,1,1,5,0
"V",8,0,1,-2,1,2,6,0
"V",8,0,1,-2,2,0,5,1
"V",8,0,1,-2,2,1,5,1
"V",8,0,1,-2,2,2,3,0
"V",8,0,1,-2,3,0,1,0
"V",8,0,1,-2,3,1,3,1
"V",8,0,1,-2,3,2,1,0
"V",8,0,1,-20,0,0,2,0
"V",8,0,1,-21,0,0,1,0
"V",8,0,1,-23,0,0,1,0
"V",8,0,1,-3,0,0,1744,102
"V",8,0,1,-3,0,1,4,0
"V",8,0,1,-3,0,2,1,0
"V",8,0,1,-3,1,0,4,0
"V",8,0,1,-3,1,1,3,0
"V",8,0,1,-3,1,2,1,0
"V",8,0,1,-3,2,1,2,0
"V",8,0,1,-3,2,2,1,0
"V",8,0,1,-3,3,2,1,0
"V",8,0,1,-4,0,0,1391,42
"V",8,0,1,-4,0,1,3,0
"V",8,0,1,-4,0,2,2,0
"V",8,0,1,-4,1,0,1,0
"V",8,0,1,-4,1,1,1,0
"V",8,0,1,-4,1,2,1,0
"V",8,0,1,-4,2,1,1,0
"V",8,0,1,-4,2,2,1,0
"V",8,0,1,-4,3,1,1,0
"V",8,0,1,-5,0,0,971,14
"V",8,0,1,-5,0,1,1,0
"V",8,0,1,-5,1,1,1,0
"V",8,0,1,-5,2,1,1,0
"V",8,0,1,-6,0,0,674,7
"V",8,0,1,-6,0,1,1,0
"V",8,0,1,-6,0,2,1,0
"V",8,0,1,-6,1,2,1,0
"V",8,0,1,-6,2,2,1,0
"V",8,0,1,-6,3,2,1,0
"V",8,0,1,-7,0,0,490,1
"V",8,0,1,-7,0,1,1,0
"V",8,0,1,-7,1,0,2,0
"V",8,0,1,-7,1,1,2,0
"V",8,0,1,-7,1,2,1,0
"V",8,0,1,-7,2,2,1,0
"V",8,0,1,-8,0,0,325,0
"V",8,0,1,-8,1,0,3,0
"V",8,0,1,-8,1,1,2,0
"V",8,0,1,-8,2,0,1,0
"V",8,0,1,-8,2,1,2,0
"V",8,0,1,-8,3,1,2,0
"V",8,0,1,-9,0,0,211,0
"V",8,0,1,0,0,0,2739,1261
"V",8,0,1,0,0,1,7,4
"V",8,0,1,0,0,2,5,3
"V",8,0,1,0,1,0,12,7
"V",8,0,1,0,1,1,5,3
"V",8,0,1,0,1,2,4,3
"V",8,0,1,0,2,0,6,4
"V",8,0,1,0,2,1,5,3
"V",8,0,1,0,2,2,3,2
"V",8,0,1,0,3,0,3,2
"V",8,0,1,0,3,1,5,4
"V",8,0,1,0,3,2,3,3
"V",8,0,1,1,0,0,2467,1852
"V",8,0,1,1,0,1,6,6
"V",8,0,1,1,0,2,2,2
"V",8,0,1,1,1,0,8,5
"V",8,0,1,1,1,1,6,4
"V",8,0,1,1,1,2,4,4
"V",8,0,1,1,2,0,3,2
"V",8,0,1,1,2,1,4,2
"V",8,0,1,1,2,2,4,2
"V",8,0,1,1,3,0,1,1
"V",8,0,1,1,3,1,3,3
"V",8,0,1,1,3,2,2,1
"V",8,0,1,10,0,0,78,78
"V",8,0,1,11,0,0,63,62
"V",8,0,1,12,0,0,33,33
"V",8,0,1,13,0,0,22,22
"V",8,0,1,14,0,0,13,13
"V",8,0,1,15,0,0,6,6
"V",8,0,1,16,0,0,6,6
"V",8,0,1,17,0,0,4,4
"V",8,0,1,18,0,0,2,2
"V",8,0,1,19,0,0,2,2
"V",8,0,1,2,0,0,2013,1753
"V",8,0,1,2,0,1,11,9
"V",8,0,1,2,0,2,3,2
"V",8,0,1,2,1,0,5,4
"V",8,0,1,2,1,1,7,6
"V",8,0,1,2,1,2,4,4
"V",8,0,1,2,2,0,2,1
"V",8,0,1,2,2,1,2,1
"V",8,0,1,2,2,2,2,1
"V",8,0,1,20,0,0,1,1
"V",8,0,1,3,0,0,1548,1438
"V",8,0,1,3,0,1,4,4
"V",8,0,1,3,1,0,5,5
"V",8,0,1,3,1,1,6,6
"V",8,0,1,3,1,2,1,1
"V",8,0,1,3,2,1,2,2
"V",8,0,1,3,2,2,1,1
"V",8,0,1,3,3,1,1,1
"V",8,0,1,3,3,2,2,2
"V",8,0,1,4,0,0,1106,1074
"V",8,0,1,4,0,1,4,4
"V",8,0,1,4,0,2,4,4
"V",8,0,1,4,1,0,5,5
"V",8,0,1,4,1,1,2,2
"V",8,0,1,4,1,2,2,2
"V",8,0,1,4,2,0,2,2
"V",8,0,1,4,2,1,2,2
"V",8,0,1,4,2,2,1,1
"V",8,0,1,4,3,0,1,1
"V",8,0,1,4,3,1,1,1
"V",8,0,1,4,3,2,1,1
"V",8,0,1,5,0,0,783,767
"V",8,0,1,5,0,1,2,2
"V",8,0,1,5,1,0,3,3
"V",8,0,1,5,1,1,2,2
"V",8,0,1,5,2,0,1,1
"V",8,0,1,5,2,1,3,3
"V",8,0,1,5,2,2,1,1
"V",8,0,1,5,3,1,2,2
"V",8,0,1,5,3,2,2,2
"V",8,0,1,6,0,0,537,535
"V",8,0,1,6,0,1,1,1
"V",8,0,1,6,1,0,2,2
"V",8,0,1,6,1,1,2,2
"V",8,0,1,6,1,2,2,2
"V",8,0,1,6,2,0,1,1
"V",8,0,1,6,2,2,1,1
"V",8,0,1,6,3,0,1,1
"V",8,0,1,7,0,0,358,356
"V",8,0,1,7,1,0,3,3
"V",8,0,1,7,1,1,1,1
"V",8,0,1,7,2,0,1,1
"V",8,0,1,7,2,1,1,1
"V",8,0,1,7,2,2,1,1
"V",8,0,1,8,0,0,212,212
"V",8,0,1,9,0,0,145,145
"V",8,0,1,9,0,1,1,1
"V",8,0,2,-1,0,0,712,226
"V",8,0,2,-1,0,1,4,2
"V",8,0,2,-1,0,2,2,2
"V",8,0,2,-1,1,0,1,1
"V",8,0,2,-1,1,2,1,1
"V",8,0,2,-1,2,0,1,1
"V",8,0,2,-10,0,0,47,0
"V",8,0,2,-11,0,0,27,0
"V",8,0,2,-12,0,0,17,0
"V",8,0,2,-13,0,0,7,0
"V",8,0,2,-14,0,0,5,0
"V",8,0,2,-15,0,0,4,0
"V",8,0,2,-16,0,0,3,0
"V",8,0,2,-17,0,0,4,0
"V",8,0,2,-18,0,0,1,0
"V",8,0,2,-2,0,0,592,105
"V",8,0,2,-2,0,1,3,1
"V",8,0,2,-2,1,0,2,0
"V",8,0,2,-2,1,1,1,1
"V",8,0,2,-2,2,0,1,0
"V",8,0,2,-2,3,0,1,0
"V",8,0,2,-20,0,0,1,0
"V",8,0,2,-21,0,0,1,0
"V",8,0,2,-23,0,0,1,0
"V",8,0,2,-3,0,0,507,47
"V",8,0,2,-3,0,1,2,0
"V",8,0,2,-3,0,2,1,0
"V",8,0,2,-3,1,0,2,0
"V",8,0,2,-3,1,1,2,0
"V",8,0,2,-3,1,2,1,0
"V",8,0,2,-3,2,0,1,0
"V",8,0,2,-3,2,1,1,0
"V",8,0,2,-3,2,2,2,0
"V",8,0,2,-3,3,0,1,0
"V",8,0,2,-3,3,1,1,0
"V",8,0,2,-3,3,2,3,0
"V",8,0,2,-4,0,0,379,21
"V",8,0,2,-4,0,1,2,0
"V",8,0,2,-4,0,2,1,0
"V",8,0,2,-4,1,1,1,0
"V",8,0,2,-4,1,2,1,0
"V",8,0,2,-4,2,2,1,0
"V",8,0,2,-4,3,2,1,0
"V",8,0,2,-5,0,0,283,7
"V",8,0,2,-5,1,0,1,0
"V",8,0,2,-6,0,0,176,3
"V",8,0,2,-7,0,0,133,0
"V",8,0,2,-7,0,1,1,0
"V",8,0,2,-8,0,0,116,0
"V",8,0,2,-8,0,1,1,0
"V",8,0,2,-8,1,0,1,0
"V",8,0,2,-8,1,1,2,0
"V",8,0,2,-9,0,0,59,0
"V",8,0,2,0,0,0,779,387
"V",8,0,2,0,1,0,3,1
"V",8,0,2,0,1,1,1,1
"V",8,0,2,0,2,0,1,0
"V",8,0,2,0,3,0,1,0
"V",8,0,2,1,0,0,699,554
"V",8,0,2,1,0,1,1,0
"V",8,0,2,1,1,0,5,4
"V",8,0,2,1,1,1,3,3
"V",8,0,2,1,1,2,1,1
"V",8,0,2,1,2,0,1,0
"V",8,0,2,1,2,1,1,1
"V",8,0,2,1,3,0,1,0
"V",8,0,2,10,0,0,33,33
"V",8,0,2,11,0,0,26,25
"V",8,0,2,12,0,0,13,13
"V",8,0,2,13,0,0,6,6
"V",8,0,2,14,0,0,3,3
"V",8,0,2,15,0,0,2,2
"V",8,0,2,16,0,0,2,2
"V",8,0,2,18,0,0,1,1
"V",8,0,2,19,0,0,1,1
"V",8,0,2,2,0,0,612,540
"V",8,0,2,2,0,1,2,1
"V",8,0,2,2,1,0,1,1
"V",8,0,2,2,1,1,2,1
"V",8,0,2,2,1,2,1,0
"V",8,0,2,3,0,0,475,450
"V",8,0,2,3,0,1,2,2
"V",8,0,2,3,0,2,1,1
"V",8,0,2,3,1,0,2,2
"V",8,0,2,3,1,1,2,2
"V",8,0,2,3,1,2,1,1
"V",8,0,2,3,2,1,1,1
"V",8,0,2,3,3,1,1,1
"V",8,0,2,3,3,2,1,1
"V",8,0,2,4,0,0,345,337
"V",8,0,2,5,0,0,246,240
"V",8,0,2,6,0,0,156,156
"V",8,0,2,6,1,0,1,1
"V",8,0,2,6,2,0,1,1
"V",8,0,2,6,2,1,1,1
"V",8,0,2,6,3,1,1,1
"V",8,0,2,7,0,0,119,119
"V",8,0,2,7,0,1,1,1
"V",8,0,2,7,1,0,1,1
"V",8,0,2,7,1,1,2,2
"V",8,0,2,8,0,0,63,63
"V",8,0,2,9,0,0,58,58
"V",8,0,2,9,1,0,1,1
"V",8,0,2,9,2,0,1,1
"V",8,0,2,9,2,1,1,1
"V",8,0,2,9,3,1,1,1
"V",8,0,2,9,3,2,1,1
"V",8,0,3,-1,0,0,148,50
"V",8,0,3,-1,0,1,1,0
"V",8,0,3,-1,1,1,1,0
"V",8,0,3,-1,1,2,1,0
"V",8,0,3,-10,0,0,6,0
"V",8,0,3,-11,0,0,6,0
"V",8,0,3,-12,0,0,2,0
"V",8,0,3,-13,0,0,3,0
"V",8,0,3,-15,0,0,2,0
"V",8,0,3,-18,0,0,1,0
"V",8,0,3,-2,0,0,124,33
"V",8,0,3,-2,0,1,1,0
"V",8,0,3,-3,0,0,93,12
"V",8,0,3,-4,0,0,79,3
"V",8,0,3,-5,0,0,72,1
"V",8,0,3,-6,0,0,52,0
"V",8,0,3,-7,0,0,36,1
"V",8,0,3,-8,0,0,23,0
"V",8,0,3,-8,0,1,1,0
"V",8,0,3,-8,1,1,1,0
"V",8,0,3,-8,1,2,1,0
"V",8,0,3,-9,0,0,16,0
"V",8,0,3,0,0,0,165,99
"V",8,0,3,1,0,0,151,118
"V",8,0,3,1,0,1,1,1
"V",8,0,3,1,1,1,1,1
"V",8,0,3,10,0,0,7,7
"V",8,0,3,11,0,0,9,9
"V",8,0,3,12,0,0,6,6
"V",8,0,3,13,0,0,1,1
"V",8,0,3,14,0,0,2,2
"V",8,0,3,17,0,0,1,1
"V",8,0,3,18,0,0,1,1
"V",8,0,3,2,0,0,136,124
"V",8,0,3,3,0,0,110,102
"V",8,0,3,3,1,0,1,1
"V",8,0,3,4,0,0,85,82
"V",8,0,3,5,0,0,66,65
"V",8,0,3,5,1,0,1,1
"V",8,0,3,5,2,0,1,1
"V",8,0,3,6,0,0,49,49
"V",8,0,3,7,0,0,27,27
"V",8,0,3,8,0,0,15,15
"V",8,0,3,9,0,0,14,14
"V",8,0,4,-1,0,0,140,70
"V",8,0,4,-10,0,0,9,0
"V",8,0,4,-11,0,0,11,0
"V",8,0,4,-12,0,0,6,0
"V",8,0,4,-13,0,0,2,0
"V",8,0,4,-14,0,0,2,0
"V",8,0,4,-16,0,0,1,0
"V",8,0,4,-17,0,0,1,0
"V",8,0,4,-19,0,0,1,0
"V",8,0,4,-2,0,0,135,41
"V",8,0,4,-2,0,1,1,0
"V",8,0,4,-2,1,1,1,0
"V",8,0,4,-20,0,0,1,0
"V",8,0,4,-3,0,0,122,19
"V",8,0,4,-3,0,1,1,0
"V",8,0,4,-3,1,1,1,0
"V",8,0,4,-4,0,0,106,13
"V",8,0,4,-5,0,0,87,6
"V",8,0,4,-6,0,0,49,1
"V",8,0,4,-7,0,0,40,0
"V",8,0,4,-8,0,0,27,0
"V",8,0,4,-9,0,0,17,0
"V",8,0,4,0,0,0,145,94
"V",8,0,4,0,0,1,1,0
"V",8,0,4,1,0,0,121,101
"V",8,0,4,1,0,1,1,1
"V",8,0,4,1,0,2,1,1
"V",8,0,4,10,0,0,9,9
"V",8,0,4,11,0,0,12,12
"V",8,0,4,12,0,0,2,2
"V",8,0,4,13,0,0,1,1
"V",8,0,4,14,0,0,1,1
"V",8,0,4,18,0,0,1,1
"V",8,0,4,2,0,0,99,90
"V",8,0,4,3,0,0,91,88
"V",8,0,4,4,0,0,80,79
"V",8,0,4,4,1,0,1,1
"V",8,0,4,4,2,0,1,1
"V",8,0,4,4,3,0,1,1
"V",8,0,4,4,3,1,1,1
"V",8,0,4,5,0,0,51,50
"V",8,0,4,6,0,0,36,36
"V",8,0,4,6,1,0,1,1
"V",8,0,4,7,0,0,27,27
"V",8,0,4,7,1,0,1,1
"V",8,0,4,7,2,0,1,1
"V",8,0,4,7,3,0,1,1
"V",8,0,4,8,0,0,10,10
"V",8,0,4,9,0,0,12,12
"V",8,0,5,-1,0,0,46,15
"V",8,0,5,-1,1,0,1,1
"V",8,0,5,-1,2,0,1,1
"V",8,0,5,-1,2,1,1,1
"V",8,0,5,-10,0,0,4,0
"V",8,0,5,-12,0,0,4,0
"V",8,0,5,-13,0,0,1,0
"V",8,0,5,-2,0,0,34,5
"V",8,0,5,-3,0,0,37,5
"V",8,0,5,-4,0,0,18,0
"V",8,0,5,-5,0,0,15,0
"V",8,0,5,-6,0,0,8,0
"V",8,0,5,-7,0,0,6,0
"V",8,0,5,-8,0,0,8,0
"V",8,0,5,-9,0,0,4,0
"V",8,0,5,0,0,0,57,37
"V",8,0,5,1,0,0,56,47
"V",8,0,5,10,0,0,7,7
"V",8,0,5,11,0,0,1,1
"V",8,0,5,12,0,0,4,4
"V",8,0,5,13,0,0,1,1
"V",8,0,5,14,0,0,1,1
"V",8,0,5,17,0,0,1,1
"V",8,0,5,2,0,0,64,61
"V",8,0,5,3,0,0,44,42
"V",8,0,5,4,0,0,31,30
"V",8,0,5,5,0,0,19,18
"V",8,0,5,6,0,0,14,14
"V",8,0,5,7,0,0,8,8
"V",8,0,5,8,0,0,5,5
"V",8,0,5,9,0,0,7,7
"V",8,0,6,-1,0,0,67,30
"V",8,0,6,-1,0,1,1,1
"V",8,0,6,-10,0,0,2,0
"V",8,0,6,-11,0,0,3,0
"V",8,0,6,-12,0,0,1,0
"V",8,0,6,-2,0,0,69,22
"V",8,0,6,-2,1,0,1,1
"V",8,0,6,-3,0,0,57,9
"V",8,0,6,-4,0,0,35,1
"V",8,0,6,-5,0,0,33,1
"V",8,0,6,-6,0,0,20,1
"V",8,0,6,-7,0,0,12,1
"V",8,0,6,-8,0,0,9,0
"V",8,0,6,-9,0,0,4,0
"V",8,0,6,0,0,0,66,48
"V",8,0,6,1,0,0,53,44
"V",8,0,6,1,1,0,1,1
"V",8,0,6,10,0,0,5,5
"V",8,0,6,11,0,0,1,1
"V",8,0,6,12,0,0,5,5
"V",8,0,6,14,0,0,2,2
"V",8,0,6,18,0,0,1,1
"V",8,0,6,2,0,0,50,45
"V",8,0,6,2,1,0,1,1
"V",8,0,6,3,0,0,50,49
"V",8,0,6,3,1,0,1,1
"V",8,0,6,4,0,0,31,31
"V",8,0,6,5,0,0,31,29
"V",8,0,6,6,0,0,18,18
"V",8,0,6,7,0,0,13,13
"V",8,0,6,8,0,0,3,3
"V",8,0,6,9,0,0,7,7
"V",8,0,7,-1,0,0,37,23
"V",8,0,7,-10,0,0,1,0
"V",8,0,7,-11,0,0,1,0
"V",8,0,7,-12,0,0,1,0
"V",8,0,7,-13,0,0,2,0
"V",8,0,7,-15,0,0,1,0
"V",8,0,7,-2,0,0,33,15
"V",8,0,7,-2,0,1,1,0
"V",8,0,7,-2,1,1,1,0
"V",8,0,7,-2,1,2,1,0
"V",8,0,7,-3,0,0,20,2
"V",8,0,7,-4,0,0,21,5
"V",8,0,7,-5,0,0,9,1
"V",8,0,7,-6,0,0,11,0
"V",8,0,7,-7,0,0,5,0
"V",8,0,7,-8,0,0,6,0
"V",8,0,7,-9,0,0,1,0
"V",8,0,7,0,0,0,43,37
"V",8,0,7,1,0,0,33,28
"V",8,0,7,10,0,0,3,3
"V",8,0,7,11,0,0,4,4
"V",8,0,7,13,0,0,1,1
"V",8,0,7,14,0,0,1,1
"V",8,0,7,2,0,0,35,30
"V",8,0,7,2,0,1,1,1
"V",8,0,7,2,0,2,1,1
"V",8,0,7,3,0,0,25,23
"V",8,0,7,3,1,0,1,1
"V",8,0,7,3,1,1,1,1
"V",8,0,7,4,0,0,25,25
"V",8,0,7,5,0,0,18,18
"V",8,0,7,6,0,0,6,6
"V",8,0,7,7,0,0,4,4
"V",8,0,7,8,0,0,4,4
"V",8,0,7,9,0,0,3,3
"V",8,0,8,-1,0,0,45,27
"V",8,0,8,-10,0,0,1,0
"V",8,0,8,-11,0,0,3,0
"V",8,0,8,-12,0,0,2,0
"V",8,0,8,-13,0,0,1,0
"V",8,0,8,-16,0,0,1,0
"V",8,0,8,-2,0,0,38,19
"V",8,0,8,-3,0,0,28,10
"V",8,0,8,-3,1,0,2,1
"V",8,0,8,-3,1,1,1,1
"V",8,0,8,-3,1,2,1,1
"V",8,0,8,-3,2,0,1,0
"V",8,0,8,-3,3,0,1,0
"V",8,0,8,-3,3,1,1,0
"V",8,0,8,-3,3,2,1,0
"V",8,0,8,-4,0,0,16,6
"V",8,0,8,-5,0,0,16,3
"V",8,0,8,-6,0,0,13,0
"V",8,0,8,-7,0,0,9,0
"V",8,0,8,-8,0,0,9,0
"V",8,0,8,-9,0,0,6,0
"V",8,0,8,0,0,0,43,27
"V",8,0,8,1,0,0,31,25
"V",8,0,8,10,0,0,3,3
"V",8,0,8,11,0,0,4,4
"V",8,0,8,12,0,0,2,2
"V",8,0,8,14,0,0,1,1
"V",8,0,8,2,0,0,29,25
"V",8,0,8,3,0,0,26,25
"V",8,0,8,4,0,0,22,22
"V",8,0,8,5,0,0,16,16
"V",8,0,8,6,0,0,12,12
"V",8,0,8,7,0,0,7,7
"V",8,0,8,8,0,0,6,6
"V",8,0,8,9,0,0,4,4
"V",8,1,1,-1,0,0,1788,285
"V",8,1,1,-1,0,1,9,0
"V",8,1,1,-1,0,2,4,0
"V",8,1,1,-1,1,0,4,0
"V",8,1,1,-1,1,1,4,0
"V",8,1,1,-1,1,2,3,0
"V",8,1,1,-1,2,0,4,0
"V",8,1,1,-1,2,1,4,0
"V",8,1,1,-1,2,2,2,0
"V",8,1,1,-1,3,0,1,0
"V",8,1,1,-10,0,0,80,0
"V",8,1,1,-11,0,0,57,0
"V",8,1,1,-12,0,0,28,0
"V",8,1,1,-13,0,0,19,0
"V",8,1,1,-14,0,0,14,0
"V",8,1,1,-15,0,0,10,0
"V",8,1,1,-16,0,0,5,0
"V",8,1,1,-18,0,0,2,0
"V",8,1,1,-2,0,0,1584,125
"V",8,1,1,-2,0,1,3,0
"V",8,1,1,-2,0,2,2,0
"V",8,1,1,-2,1,0,8,0
"V",8,1,1,-2,1,1,5,0
"V",8,1,1,-2,1,2,5,0
"V",8,1,1,-2,2,0,2,0
"V",8,1,1,-2,2,1,3,0
"V",8,1,1,-2,2,2,3,0
"V",8,1,1,-2,3,1,2,0
"V",8,1,1,-2,3,2,2,0
"V",8,1,1,-20,0,0,1,0
"V",8,1,1,-3,0,0,1165,46
"V",8,1,1,-3,0,1,2,0
"V",8,1,1,-3,1,0,7,0
"V",8,1,1,-3,1,1,3,0
"V",8,1,1,-3,1,2,2,0
"V",8,1,1,-3,2,0,3,0
"V",8,1,1,-3,2,1,3,0
"V",8,1,1,-3,2,2,1,0
"V",8,1,1,-3,3,0,1,0
"V",8,1,1,-3,3,1,2,0
"V",8,1,1,-3,3,2,2,0
"V",8,1,1,-4,0,0,951,17
"V",8,1,1,-4,0,1,1,0
"V",8,1,1,-4,1,0,4,1
"V",8,1,1,-4,1,1,2,1
"V",8,1,1,-4,2,0,2,0
"V",8,1,1,-4,2,1,3,1
"V",8,1,1,-4,3,1,2,1
"V",8,1,1,-5,0,0,621,6
"V",8,1,1,-5,1,0,1,0
"V",8,1,1,-5,1,1,1,0
"V",8,1,1,-6,0,0,446,4
"V",8,1,1,-7,0,0,327,0
"V",8,1,1,-7,1,0,1,0
"V",8,1,1,-7,1,1,1,0
"V",8,1,1,-7,2,1,1,0
"V",8,1,1,-7,2,2,1,0
"V",8,1,1,-7,3,2,1,0
"V",8,1,1,-8,0,0,190,0
"V",8,1,1,-8,0,1,1,0
"V",8,1,1,-9,0,0,138,0
"V",8,1,1,0,0,0,1852,786
"V",8,1,1,0,0,1,5,2
"V",8,1,1,0,0,2,1,1
"V",8,1,1,0,1,0,7,3
"V",8,1,1,0,1,1,6,0
"V",8,1,1,0,1,2,3,0
"V",8,1,1,0,2,0,4,3
"V",8,1,1,0,2,1,5,2
"V",8,1,1,0,2,2,2,0
"V",8,1,1,0,3,0,1,1
"V",8,1,1,0,3,1,4,2
"V",8,1,1,0,3,2,2,1
"V",8,1,1,1,0,0,1695,1237
"V",8,1,1,1,0,1,7,6
"V",8,1,1,1,0,2,2,2
"V",8,1,1,1,1,0,2,1
"V",8,1,1,1,1,1,5,3
"V",8,1,1,1,1,2,2,2
"V",8,1,1,1,2,0,1,1
"V",8,1,1,1,2,1,1,0
"V",8,1,1,1,2,2,1,1
"V",8,1,1,1,3,0,1,1
"V",8,1,1,10,0,0,46,46
"V",8,1,1,11,0,0,37,37
"V",8,1,1,12,0,0,23,23
"V",8,1,1,13,0,0,21,21
"V",8,1,1,14,0,0,10,10
"V",8,1,1,15,0,0,5,5
"V",8,1,1,16,0,0,4,4
"V",8,1,1,17,0,0,3,3
"V",8,1,1,18,0,0,1,1
"V",8,1,1,19,0,0,1,1
"V",8,1,1,2,0,0,1350,1164
"V",8,1,1,2,0,1,5,5
"V",8,1,1,2,0,2,1,1
"V",8,1,1,2,1,0,5,4
"V",8,1,1,2,1,1,4,3
"V",8,1,1,2,1,2,3,3
"V",8,1,1,2,2,0,2,2
"V",8,1,1,2,2,1,1,1
"V",8,1,1,2,3,0,1,1
"V",8,1,1,20,0,0,1,1
"V",8,1,1,24,0,0,1,1
"V",8,1,1,3,0,0,1069,983
"V",8,1,1,3,0,1,6,6
"V",8,1,1,3,0,2,3,3
"V",8,1,1,3,1,0,1,1
"V",8,1,1,3,1,1,3,3
"V",8,1,1,3,1,2,4,4
"V",8,1,1,3,2,1,1,1
"V",8,1,1,3,2,2,3,3
"V",8,1,1,3,3,1,1,1
"V",8,1,1,3,3,2,1,1
"V",8,1,1,4,0,0,744,719
"V",8,1,1,4,0,1,5,5
"V",8,1,1,4,0,2,3,3
"V",8,1,1,4,1,0,2,2
"V",8,1,1,4,1,1,3,3
"V",8,1,1,4,1,2,3,3
"V",8,1,1,4,2,1,1,1
"V",8,1,1,4,2,2,3,3
"V",8,1,1,4,3,1,1,1
"V",8,1,1,4,3,2,3,3
"V",8,1,1,5,0,0,528,517
"V",8,1,1,5,0,1,2,2
"V",8,1,1,5,1,0,1,1
"V",8,1,1,5,1,1,2,2
"V",8,1,1,5,1,2,1,1
"V",8,1,1,5,2,1,1,1
"V",8,1,1,5,2,2,1,1
"V",8,1,1,6,0,0,380,378
"V",8,1,1,6,1,0,1,1
"V",8,1,1,6,2,0,1,1
"V",8,1,1,7,0,0,255,253
"V",8,1,1,8,0,0,157,157
"V",8,1,1,9,0,0,86,86
"V",8,1,1,9,0,1,1,1
"V",8,1,1,9,0,2,1,1
"V",8,1,2,-1,0,0,761,166
"V",8,1,2,-1,0,1,4,2
"V",8,1,2,-1,0,2,1,1
"V",8,1,2,-1,1,0,2,0
"V",8,1,2,-1,1,1,2,0
"V",8,1,2,-1,1,2,1,1
"V",8,1,2,-1,2,2,1,1
"V",8,1,2,-10,0,0,48,0
"V",8,1,2,-11,0,0,31,0
"V",8,1,2,-12,0,0,13,0
"V",8,1,2,-13,0,0,9,0
"V",8,1,2,-14,0,0,7,0
"V",8,1,2,-15,0,0,9,0
"V",8,1,2,-15,0,1,1,0
"V",8,1,2,-15,0,2,1,0
"V",8,1,2,-16,0,0,3,0
"V",8,1,2,-17,0,0,2,0
"V",8,1,2,-18,0,0,1,0
"V",8,1,2,-2,0,0,799,88
"V",8,1,2,-2,1,0,2,0
"V",8,1,2,-2,1,1,1,0
"V",8,1,2,-2,2,0,1,0
"V",8,1,2,-2,2,1,2,0
"V",8,1,2,-2,2,2,1,0
"V",8,1,2,-2,3,1,1,0
"V",8,1,2,-2,3,2,2,0
"V",8,1,2,-21,0,0,1,0
"V",8,1,2,-3,0,0,581,35
"V",8,1,2,-3,0,1,1,0
"V",8,1,2,-3,1,0,1,0
"V",8,1,2,-3,2,0,1,0
"V",8,1,2,-3,2,1,1,0
"V",8,1,2,-3,3,1,1,0
"V",8,1,2,-4,0,0,453,9
"V",8,1,2,-4,0,1,1,0
"V",8,1,2,-4,1,0,2,0
"V",8,1,2,-4,1,1,3,0
"V",8,1,2,-4,1,2,1,0
"V",8,1,2,-5,0,0,311,6
"V",8,1,2,-6,0,0,245,3
"V",8,1,2,-6,0,1,1,0
"V",8,1,2,-6,1,1,1,0
"V",8,1,2,-6,2,1,1,0
"V",8,1,2,-6,2,2,1,0
"V",8,1,2,-7,0,0,157,0
"V",8,1,2,-8,0,0,128,0
"V",8,1,2,-8,0,1,1,0
"V",8,1,2,-8,1,1,1,0
"V",8,1,2,-9,0,0,67,0
"V",8,1,2,0,0,0,803,369
"V",8,1,2,0,1,0,4,3
"V",8,1,2,0,2,0,1,1
"V",8,1,2,0,3,0,1,1
"V",8,1,2,1,0,0,744,568
"V",8,1,2,1,0,1,1,1
"V",8,1,2,1,1,0,2,2
"V",8,1,2,1,1,1,1,1
"V",8,1,2,1,2,0,1,1
"V",8,1,2,10,0,0,43,43
"V",8,1,2,11,0,0,18,17
"V",8,1,2,12,0,0,16,16
"V",8,1,2,13,0,0,11,11
"V",8,1,2,14,0,0,8,8
"V",8,1,2,15,0,0,3,3
"V",8,1,2,16,0,0,1,1
"V",8,1,2,17,0,0,1,1
"V",8,1,2,18,0,0,1,1
"V",8,1,2,19,0,0,2,2
"V",8,1,2,2,0,0,641,559
"V",8,1,2,2,0,1,3,2
"V",8,1,2,2,0,2,1,1
"V",8,1,2,2,1,0,3,2
"V",8,1,2,2,1,1,2,2
"V",8,1,2,2,1,2,2,2
"V",8,1,2,20,0,0,1,1
"V",8,1,2,3,0,0,552,511
"V",8,1,2,3,0,1,1,1
"V",8,1,2,3,1,0,1,1
"V",8,1,2,3,1,1,1,1
"V",8,1,2,3,1,2,1,1
"V",8,1,2,3,2,0,1,1
"V",8,1,2,3,2,1,1,1
"V",8,1,2,3,3,1,1,1
"V",8,1,2,4,0,0,372,361
"V",8,1,2,5,0,0,296,289
"V",8,1,2,6,0,0,202,200
"V",8,1,2,7,0,0,148,148
"V",8,1,2,8,0,0,86,86
"V",8,1,2,9,0,0,69,69
"V",8,1,3,-1,0,0,366,116
"V",8,1,3,-1,0,1,1,0
"V",8,1,3,-1,1,0,2,0
"V",8,1,3,-1,1,1,2,0
"V",8,1,3,-1,1,2,1,0
"V",8,1,3,-10,0,0,9,0
"V",8,1,3,-11,0,0,11,0
"V",8,1,3,-12,0,0,4,0
"V",8,1,3,-13,0,0,4,0
"V",8,1,3,-14,0,0,1,0
"V",8,1,3,-16,0,0,1,0
"V",8,1,3,-17,0,0,1,0
"V",8,1,3,-18,0,0,1,0
"V",8,1,3,-2,0,0,209,26
"V",8,1,3,-2,0,1,1,1
"V",8,1,3,-2,0,2,1,1
"V",8,1,3,-3,0,0,145,7
"V",8,1,3,-3,1,0,1,0
"V",8,1,3,-3,2,0,1,0
"V",8,1,3,-4,0,0,119,3
"V",8,1,3,-5,0,0,92,1
"V",8,1,3,-6,0,0,68,1
"V",8,1,3,-7,0,0,50,0
"V",8,1,3,-7,0,1,1,0
"V",8,1,3,-7,0,2,1,0
"V",8,1,3,-7,1,0,1,0
"V",8,1,3,-7,2,0,1,0
"V",8,1,3,-7,3,0,1,0
"V",8,1,3,-8,0,0,34,0
"V",8,1,3,-9,0,0,28,0
"V",8,1,3,0,0,0,506,256
"V",8,1,3,0,0,1,2,0
"V",8,1,3,0,1,0,1,1
"V",8,1,3,1,0,0,469,363
"V",8,1,3,1,0,1,3,3
"V",8,1,3,1,0,2,2,2
"V",8,1,3,1,1,1,1,1
"V",8,1,3,1,1,2,2,2
"V",8,1,3,1,2,2,1,1
"V",8,1,3,10,0,0,16,16
"V",8,1,3,11,0,0,15,14
"V",8,1,3,12,0,0,13,13
"V",8,1,3,13,0,0,6,6
"V",8,1,3,14,0,0,3,3
"V",8,1,3,15,0,0,1,1
"V",8,1,3,16,0,0,1,1
"V",8,1,3,17,0,0,1,1
"V",8,1,3,19,0,0,1,1
"V",8,1,3,2,0,0,421,364
"V",8,1,3,2,0,1,2,2
"V",8,1,3,2,1,0,4,3
"V",8,1,3,2,1,1,4,4
"V",8,1,3,2,1,2,4,4
"V",8,1,3,2,2,2,3,3
"V",8,1,3,3,0,0,308,291
"V",8,1,3,3,0,1,1,1
"V",8,1,3,3,0,2,1,1
"V",8,1,3,3,1,0,1,1
"V",8,1,3,4,0,0,266,255
"V",8,1,3,4,1,0,1,1
"V",8,1,3,4,1,1,1,1
"V",8,1,3,4,2,1,1,1
"V",8,1,3,4,3,1,1,1
"V",8,1,3,4,3,2,1,1
"V",8,1,3,5,0,0,161,159
"V",8,1,3,5,0,1,1,1
"V",8,1,3,5,1,0,1,0
"V",8,1,3,5,1,1,2,1
"V",8,1,3,5,1,2,2,1
"V",8,1,3,5,2,2,1,0
"V",8,1,3,6,0,0,94,94
"V",8,1,3,7,0,0,79,79
"V",8,1,3,7,0,1,1,1
"V",8,1,3,7,1,1,1,1
"V",8,1,3,7,2,1,1,1
"V",8,1,3,7,2,2,1,1
"V",8,1,3,8,0,0,62,62
"V",8,1,3,9,0,0,30,30
"V",8,1,4,-1,0,0,225,73
"V",8,1,4,-1,0,1,1,0
"V",8,1,4,-1,1,0,1,1
"V",8,1,4,-1,1,1,1,0
"V",8,1,4,-1,2,0,1,1
"V",8,1,4,-1,2,1,1,0
"V",8,1,4,-1,3,0,1,1
"V",8,1,4,-1,3,1,1,0
"V",8,1,4,-1,3,2,1,0
"V",8,1,4,-10,0,0,19,0
"V",8,1,4,-11,0,0,14,0
"V",8,1,4,-12,0,0,4,0
"V",8,1,4,-13,0,0,4,0
"V",8,1,4,-14,0,0,2,0
"V",8,1,4,-15,0,0,2,0
"V",8,1,4,-16,0,0,1,0
"V",8,1,4,-17,0,0,1,0
"V",8,1,4,-18,0,0,1,0
"V",8,1,4,-19,0,0,1,0
"V",8,1,4,-2,0,0,239,50
"V",8,1,4,-3,0,0,207,20
"V",8,1,4,-3,0,1,1,0
"V",8,1,4,-3,1,1,1,0
"V",8,1,4,-3,2,1,1,0
"V",8,1,4,-3,3,1,1,0
"V",8,1,4,-3,3,2,1,0
"V",8,1,4,-4,0,0,169,6
"V",8,1,4,-5,0,0,115,1
"V",8,1,4,-6,0,0,94,1
"V",8,1,4,-7,0,0,57,0
"V",8,1,4,-7,0,1,1,0
"V",8,1,4,-7,0,2,1,0
"V",8,1,4,-7,1,2,1,0
"V",8,1,4,-8,0,0,47,0
"V",8,1,4,-9,0,0,17,0
"V",8,1,4,0,0,0,243,135
"V",8,1,4,0,0,1,2,1
"V",8,1,4,0,1,0,1,1
"V",8,1,4,0,1,1,3,2
"V",8,1,4,0,1,2,2,1
"V",8,1,4,0,2,2,1,1
"V",8,1,4,0,3,2,1,1
"V",8,1,4,1,0,0,246,196
"V",8,1,4,1,1,0,2,1
"V",8,1,4,1,1,1,1,0
"V",8,1,4,1,2,1,1,0
"V",8,1,4,1,2,2,1,0
"V",8,1,4,10,0,0,12,12
"V",8,1,4,11,0,0,10,10
"V",8,1,4,12,0,0,8,8
"V",8,1,4,13,0,0,3,3
"V",8,1,4,14,0,0,5,5
"V",8,1,4,16,0,0,1,1
"V",8,1,4,18,0,0,1,1
"V",8,1,4,19,0,0,1,1
"V",8,1,4,2,0,0,211,190
"V",8,1,4,2,0,1,1,1
"V",8,1,4,2,0,2,1,1
"V",8,1,4,2,1,2,1,1
"V",8,1,4,3,0,0,188,177
"V",8,1,4,3,1,0,1,1
"V",8,1,4,3,2,0,1,1
"V",8,1,4,3,3,0,1,1
"V",8,1,4,3,3,1,1,1
"V",8,1,4,4,0,0,134,130
"V",8,1,4,5,0,0,97,96
"V",8,1,4,6,0,0,66,66
"V",8,1,4,7,0,0,48,48
"V",8,1,4,8,0,0,22,22
"V",8,1,4,9,0,0,31,31
"V",8,1,5,-1,0,0,137,49
"V",8,1,5,-1,0,1,1,1
"V",8,1,5,-1,1,1,1,1
"V",8,1,5,-1,2,1,1,1
"V",8,1,5,-1,3,1,1,1
"V",8,1,5,-10,0,0,5,0
"V",8,1,5,-11,0,0,2,0
"V",8,1,5,-12,0,0,3,0
"V",8,1,5,-13,0,0,4,0
"V",8,1,5,-14,0,0,1,0
"V",8,1,5,-15,0,0,2,0
"V",8,1,5,-2,0,0,86,19
"V",8,1,5,-3,0,0,60,4
"V",8,1,5,-4,0,0,38,0
"V",8,1,5,-5,0,0,40,0
"V",8,1,5,-5,1,0,1,0
"V",8,1,5,-5,2,0,1,0
"V",8,1,5,-6,0,0,24,0
"V",8,1,5,-7,0,0,21,0
"V",8,1,5,-8,0,0,6,0
"V",8,1,5,-9,0,0,11,0
"V",8,1,5,0,0,0,179,114
"V",8,1,5,1,0,0,161,123
"V",8,1,5,10,0,0,9,9
"V",8,1,5,11,0,0,4,4
"V",8,1,5,12,0,0,4,4
"V",8,1,5,13,0,0,5,5
"V",8,1,5,14,0,0,1,1
"V",8,1,5,2,0,0,174,157
"V",8,1,5,2,1,0,1,0
"V",8,1,5,2,1,1,1,0
"V",8,1,5,2,2,1,1,0
"V",8,1,5,2,2,2,1,0
"V",8,1,5,2,3,2,1,0
"V",8,1,5,3,0,0,143,133
"V",8,1,5,3,1,0,1,1
"V",8,1,5,3,1,1,1,1
"V",8,1,5,3,1,2,1,1
"V",8,1,5,4,0,0,106,103
"V",8,1,5,5,0,0,62,59
"V",8,1,5,6,0,0,42,41
"V",8,1,5,7,0,0,27,27
"V",8,1,5,8,0,0,25,25
"V",8,1,5,9,0,0,12,12
"V",8,1,6,-1,0,0,130,62
"V",8,1,6,-1,0,1,1,0
"V",8,1,6,-1,0,2,1,0
"V",8,1,6,-10,0,0,5,0
"V",8,1,6,-11,0,0,6,0
"V",8,1,6,-12,0,0,4,0
"V",8,1,6,-16,0,0,1,0
"V",8,1,6,-17,0,0,1,0
"V",8,1,6,-2,0,0,105,20
"V",8,1,6,-2,0,1,1,0
"V",8,1,6,-2,0,2,1,0
"V",8,1,6,-2,1,0,1,0
"V",8,1,6,-2,2,0,1,0
"V",8,1,6,-2,3,0,1,0
"V",8,1,6,-3,0,0,91,6
"V",8,1,6,-3,1,0,1,1
"V",8,1,6,-3,2,0,1,1
"V",8,1,6,-3,3,0,1,1
"V",8,1,6,-4,0,0,75,6
"V",8,1,6,-5,0,0,57,3
"V",8,1,6,-6,0,0,35,0
"V",8,1,6,-7,0,0,20,0
"V",8,1,6,-8,0,0,10,0
"V",8,1,6,-9,0,0,9,0
"V",8,1,6,0,0,0,152,99
"V",8,1,6,0,1,0,2,2
"V",8,1,6,0,2,0,2,2
"V",8,1,6,0,2,1,1,1
"V",8,1,6,0,3,0,1,1
"V",8,1,6,0,3,1,2,2
"V",8,1,6,0,3,2,1,1
"V",8,1,6,1,0,0,140,119
"V",8,1,6,10,0,0,6,6
"V",8,1,6,11,0,0,5,5
"V",8,1,6,12,0,0,7,7
"V",8,1,6,13,0,0,1,1
"V",8,1,6,14,0,0,1,1
"V",8,1,6,17,0,0,1,1
"V",8,1,6,18,0,0,1,1
"V",8,1,6,2,0,0,107,101
"V",8,1,6,2,0,1,1,1
"V",8,1,6,2,0,2,1,1
"V",8,1,6,20,0,0,2,2
"V",8,1,6,3,0,0,105,97
"V",8,1,6,4,0,0,83,80
"V",8,1,6,5,0,0,63,59
"V",8,1,6,5,1,0,1,1
"V",8,1,6,5,1,1,1,1
"V",8,1,6,5,1,2,1,1
"V",8,1,6,6,0,0,48,48
"V",8,1,6,7,0,0,20,20
"V",8,1,6,8,0,0,22,22
"V",8,1,6,9,0,0,11,11
"V",8,1,7,-1,0,0,130,71
"V",8,1,7,-10,0,0,4,0
"V",8,1,7,-11,0,0,5,0
"V",8,1,7,-12,0,0,4,0
"V",8,1,7,-13,0,0,1,0
"V",8,1,7,-14,0,0,1,0
"V",8,1,7,-2,0,0,93,23
"V",8,1,7,-3,0,0,50,7
"V",8,1,7,-3,1,0,1,0
"V",8,1,7,-3,1,1,1,0
"V",8,1,7,-4,0,0,54,6
"V",8,1,7,-5,0,0,41,2
"V",8,1,7,-6,0,0,25,0
"V",8,1,7,-7,0,0,18,0
"V",8,1,7,-8,0,0,6,0
"V",8,1,7,-9,0,0,10,0
"V",8,1,7,-9,1,0,1,0
"V",8,1,7,-9,1,1,1,0
"V",8,1,7,-9,1,2,1,0
"V",8,1,7,-9,2,2,1,0
"V",8,1,7,-9,3,2,1,0
"V",8,1,7,0,0,0,138,89
"V",8,1,7,0,0,1,2,1
"V",8,1,7,1,0,0,129,108
"V",8,1,7,1,0,1,1,1
"V",8,1,7,1,0,2,1,1
"V",8,1,7,10,0,0,8,8
"V",8,1,7,11,0,0,9,9
"V",8,1,7,12,0,0,5,5
"V",8,1,7,13,0,0,4,4
"V",8,1,7,15,0,0,1,1
"V",8,1,7,16,0,0,1,1
"V",8,1,7,2,0,0,119,103
"V",8,1,7,2,0,1,1,1
"V",8,1,7,2,1,0,1,1
"V",8,1,7,2,1,1,1,1
"V",8,1,7,2,1,2,1,1
"V",8,1,7,2,2,2,1,1
"V",8,1,7,3,0,0,75,73
"V",8,1,7,3,1,0,1,1
"V",8,1,7,3,1,1,1,1
"V",8,1,7,3,1,2,1,1
"V",8,1,7,3,2,2,1,1
"V",8,1,7,3,3,2,1,1
"V",8,1,7,4,0,0,74,74
"V",8,1,7,5,0,0,46,45
"V",8,1,7,6,0,0,36,36
"V",8,1,7,6,0,1,1,1
"V",8,1,7,6,0,2,1,1
"V",8,1,7,6,1,2,1,1
"V",8,1,7,6,2,2,1,1
"V",8,1,7,7,0,0,26,26
"V",8,1,7,8,0,0,13,13
"V",8,1,7,9,0,0,6,6
"V",8,1,8,-1,0,0,90,49
"V",8,1,8,-1,0,1,1,1
"V",8,1,8,-1,0,2,1,1
"V",8,1,8,-1,1,2,1,1
"V",8,1,8,-10,0,0,3,0
"V",8,1,8,-11,0,0,4,0
"V",8,1,8,-12,0,0,2,0
"V",8,1,8,-13,0,0,2,0
"V",8,1,8,-14,0,0,1,0
"V",8,1,8,-15,0,0,1,0
"V",8,1,8,-16,0,0,1,0
"V",8,1,8,-17,0,0,1,0
"V",8,1,8,-18,0,0,1,0
"V",8,1,8,-2,0,0,66,22
"V",8,1,8,-2,1,0,1,1
"V",8,1,8,-2,2,0,1,1
"V",8,1,8,-2,3,0,1,1
"V",8,1,8,-3,0,0,54,11
"V",8,1,8,-3,1,0,1,1
"V",8,1,8,-3,2,0,1,1
"V",8,1,8,-3,3,0,1,1
"V",8,1,8,-4,0,0,39,7
"V",8,1,8,-5,0,0,24,1
"V",8,1,8,-6,0,0,34,0
"V",8,1,8,-7,0,0,18,0
"V",8,1,8,-8,0,0,10,0
"V",8,1,8,-9,0,0,5,0
"V",8,1,8,0,0,0,104,69
"V",8,1,8,0,1,0,1,1
"V",8,1,8,0,1,1,1,1
"V",8,1,8,1,0,0,105,83
"V",8,1,8,1,1,0,1,0
"V",8,1,8,1,1,1,1,0
"V",8,1,8,10,0,0,7,7
"V",8,1,8,12,0,0,3,3
"V",8,1,8,14,0,0,1,1
"V",8,1,8,15,0,0,1,1
"V",8,1,8,2,0,0,69,58
"V",8,1,8,20,0,0,1,1
"V",8,1,8,3,0,0,57,52
"V",8,1,8,3,0,1,1,1
"V",8,1,8,3,1,0,1,1
"V",8,1,8,3,1,1,1,1
"V",8,1,8,4,0,0,49,49
"V",8,1,8,5,0,0,26,26
"V",8,1,8,5,1,0,1,1
"V",8,1,8,6,0,0,22,22
"V",8,1,8,6,0,1,1,1
"V",8,1,8,6,0,2,1,1
"V",8,1,8,7,0,0,12,12
"V",8,1,8,8,0,0,9,9
"V",8,1,8,9,0,0,9,9
"V",8,2,1,-1,0,0,1397,166
"V",8,2,1,-1,0,1,6,0
"V",8,2,1,-1,0,2,5,0
"V",8,2,1,-1,1,0,4,0
"V",8,2,1,-1,1,1,3,0
"V",8,2,1,-1,1,2,5,0
"V",8,2,1,-1,2,0,2,0
"V",8,2,1,-1,2,1,2,0
"V",8,2,1,-1,2,2,5,0
"V",8,2,1,-1,3,1,1,0
"V",8,2,1,-1,3,2,3,0
"V",8,2,1,-10,0,0,61,0
"V",8,2,1,-11,0,0,34,0
"V",8,2,1,-12,0,0,26,0
"V",8,2,1,-12,0,1,1,0
"V",8,2,1,-12,1,1,1,0
"V",8,2,1,-13,0,0,13,0
"V",8,2,1,-14,0,0,11,0
"V",8,2,1,-15,0,0,3,0
"V",8,2,1,-16,0,0,4,0
"V",8,2,1,-18,0,0,2,0
"V",8,2,1,-2,0,0,1126,62
"V",8,2,1,-2,0,1,3,0
"V",8,2,1,-2,0,2,1,0
"V",8,2,1,-2,1,0,3,0
"V",8,2,1,-2,1,1,3,0
"V",8,2,1,-2,1,2,3,0
"V",8,2,1,-2,2,0,1,0
"V",8,2,1,-2,2,2,3,0
"V",8,2,1,-2,3,0,1,0
"V",8,2,1,-2,3,1,1,0
"V",8,2,1,-2,3,2,2,0
"V",8,2,1,-20,0,0,1,0
"V",8,2,1,-23,0,0,1,0
"V",8,2,1,-3,0,0,892,27
"V",8,2,1,-3,0,1,3,0
"V",8,2,1,-3,1,0,3,0
"V",8,2,1,-3,1,1,5,0
"V",8,2,1,-3,1,2,1,0
"V",8,2,1,-3,2,1,3,0
"V",8,2,1,-3,2,2,1,0
"V",8,2,1,-3,3,2,1,0
"V",8,2,1,-4,0,0,699,8
"V",8,2,1,-4,0,1,2,0
"V",8,2,1,-4,0,2,1,0
"V",8,2,1,-4,1,1,1,0
"V",8,2,1,-4,1,2,2,0
"V",8,2,1,-5,0,0,458,2
"V",8,2,1,-5,0,1,2,0
"V",8,2,1,-5,0,2,1,0
"V",8,2,1,-5,1,0,1,0
"V",8,2,1,-5,1,1,1,0
"V",8,2,1,-5,2,0,1,0
"V",8,2,1,-5,2,1,1,0
"V",8,2,1,-5,3,0,1,0
"V",8,2,1,-5,3,1,1,0
"V",8,2,1,-5,3,2,1,0
"V",8,2,1,-6,0,0,304,2
"V",8,2,1,-7,0,0,245,0
"V",8,2,1,-7,0,1,1,0
"V",8,2,1,-7,0,2,1,0
"V",8,2,1,-8,0,0,133,0
"V",8,2,1,-8,0,1,1,0
"V",8,2,1,-8,1,0,1,0
"V",8,2,1,-8,1,1,1,0
"V",8,2,1,-8,2,1,1,0
"V",8,2,1,-8,2,2,1,0
"V",8,2,1,-8,3,2,1,0
"V",8,2,1,-9,0,0,89,0
"V",8,2,1,0,0,0,1392,538
"V",8,2,1,0,0,1,3,1
"V",8,2,1,0,0,2,1,0
"V",8,2,1,0,1,0,3,1
"V",8,2,1,0,1,1,3,1
"V",8,2,1,0,1,2,1,1
"V",8,2,1,1,0,0,1336,964
"V",8,2,1,1,0,1,1,1
"V",8,2,1,1,1,0,4,3
"V",8,2,1,1,1,1,3,2
"V",8,2,1,10,0,0,37,37
"V",8,2,1,11,0,0,32,32
"V",8,2,1,12,0,0,17,17
"V",8,2,1,13,0,0,20,20
"V",8,2,1,14,0,0,11,11
"V",8,2,1,15,0,0,6,6
"V",8,2,1,16,0,0,4,4
"V",8,2,1,17,0,0,2,2
"V",8,2,1,19,0,0,1,1
"V",8,2,1,2,0,0,1051,888
"V",8,2,1,2,0,1,2,2
"V",8,2,1,2,0,2,1,1
"V",8,2,1,2,1,0,5,4
"V",8,2,1,2,1,1,2,2
"V",8,2,1,2,1,2,2,2
"V",8,2,1,2,2,0,3,2
"V",8,2,1,2,2,1,2,1
"V",8,2,1,2,2,2,3,2
"V",8,2,1,2,3,0,1,1
"V",8,2,1,2,3,1,1,1
"V",8,2,1,2,3,2,2,2
"V",8,2,1,24,0,0,1,1
"V",8,2,1,3,0,0,861,781
"V",8,2,1,3,0,1,1,1
"V",8,2,1,3,0,2,1,1
"V",8,2,1,3,1,0,2,2
"V",8,2,1,3,1,2,1,1
"V",8,2,1,3,2,0,2,2
"V",8,2,1,3,2,1,2,2
"V",8,2,1,3,2,2,1,1
"V",8,2,1,3,3,1,1,1
"V",8,2,1,4,0,0,587,563
"V",8,2,1,4,0,1,1,1
"V",8,2,1,4,0,2,1,1
"V",8,2,1,4,1,0,3,3
"V",8,2,1,4,1,1,1,1
"V",8,2,1,4,1,2,1,1
"V",8,2,1,4,2,0,1,1
"V",8,2,1,4,3,0,1,1
"V",8,2,1,4,3,1,1,1
"V",8,2,1,5,0,0,445,437
"V",8,2,1,5,0,1,1,1
"V",8,2,1,5,1,0,2,2
"V",8,2,1,5,2,0,2,2
"V",8,2,1,5,2,1,1,1
"V",8,2,1,5,2,2,1,1
"V",8,2,1,5,3,0,1,1
"V",8,2,1,5,3,1,1,1
"V",8,2,1,5,3,2,2,2
"V",8,2,1,6,0,0,312,310
"V",8,2,1,6,0,1,2,2
"V",8,2,1,6,0,2,2,2
"V",8,2,1,6,1,2,2,2
"V",8,2,1,6,2,2,2,2
"V",8,2,1,6,3,2,2,2
"V",8,2,1,7,0,0,211,209
"V",8,2,1,8,0,0,121,121
"V",8,2,1,8,0,1,2,2
"V",8,2,1,8,0,2,1,1
"V",8,2,1,8,1,1,1,1
"V",8,2,1,8,1,2,1,1
"V",8,2,1,8,2,1,1,1
"V",8,2,1,8,3,1,1,1
"V",8,2,1,8,3,2,1,1
"V",8,2,1,9,0,0,71,71
"V",8,2,1,9,0,1,1,1
"V",8,2,1,9,0,2,1,1
"V",8,2,1,9,1,2,1,1
"V",8,2,2,-1,0,0,797,120
"V",8,2,2,-1,0,1,2,0
"V",8,2,2,-1,1,0,4,2
"V",8,2,2,-1,1,1,2,1
"V",8,2,2,-1,1,2,2,1
"V",8,2,2,-1,2,0,2,1
"V",8,2,2,-1,2,1,2,1
"V",8,2,2,-1,2,2,2,2
"V",8,2,2,-1,3,2,1,1
"V",8,2,2,-10,0,0,47,0
"V",8,2,2,-11,0,0,22,0
"V",8,2,2,-12,0,0,17,0
"V",8,2,2,-12,1,0,1,0
"V",8,2,2,-12,1,1,1,0
"V",8,2,2,-13,0,0,7,0
"V",8,2,2,-14,0,0,6,0
"V",8,2,2,-15,0,0,10,0
"V",8,2,2,-16,0,0,1,0
"V",8,2,2,-17,0,0,1,0
"V",8,2,2,-2,0,0,756,49
"V",8,2,2,-2,1,0,1,0
"V",8,2,2,-2,1,1,1,0
"V",8,2,2,-2,1,2,1,0
"V",8,2,2,-23,0,0,1,0
"V",8,2,2,-3,0,0,593,17
"V",8,2,2,-3,0,1,3,0
"V",8,2,2,-3,1,0,1,0
"V",8,2,2,-3,1,1,2,0
"V",8,2,2,-3,2,1,1,0
"V",8,2,2,-4,0,0,464,6
"V",8,2,2,-4,0,1,1,0
"V",8,2,2,-5,0,0,292,1
"V",8,2,2,-5,1,0,2,0
"V",8,2,2,-5,1,1,1,0
"V",8,2,2,-5,2,0,1,0
"V",8,2,2,-5,2,1,1,0
"V",8,2,2,-5,2,2,1,0
"V",8,2,2,-6,0,0,227,4
"V",8,2,2,-7,0,0,166,0
"V",8,2,2,-7,0,1,1,0
"V",8,2,2,-7,1,0,1,0
"V",8,2,2,-7,1,1,1,0
"V",8,2,2,-8,0,0,110,0
"V",8,2,2,-8,0,1,1,0
"V",8,2,2,-9,0,0,62,0
"V",8,2,2,0,0,0,798,323
"V",8,2,2,0,0,1,2,1
"V",8,2,2,0,0,2,1,1
"V",8,2,2,1,0,0,732,544
"V",8,2,2,1,0,1,3,3
"V",8,2,2,1,0,2,1,1
"V",8,2,2,1,1,1,1,1
"V",8,2,2,1,1,2,1,1
"V",8,2,2,1,2,2,1,1
"V",8,2,2,1,3,2,1,1
"V",8,2,2,10,0,0,42,42
"V",8,2,2,11,0,0,19,19
"V",8,2,2,12,0,0,16,16
"V",8,2,2,13,0,0,17,17
"V",8,2,2,14,0,0,13,13
"V",8,2,2,15,0,0,5,5
"V",8,2,2,16,0,0,2,2
"V",8,2,2,17,0,0,1,1
"V",8,2,2,18,0,0,1,1
"V",8,2,2,19,0,0,2,2
"V",8,2,2,2,0,0,636,541
"V",8,2,2,2,0,1,3,1
"V",8,2,2,2,0,2,2,1
"V",8,2,2,2,1,0,3,2
"V",8,2,2,2,1,1,3,1
"V",8,2,2,2,1,2,2,1
"V",8,2,2,2,2,0,1,1
"V",8,2,2,2,2,1,1,1
"V",8,2,2,20,0,0,1,1
"V",8,2,2,21,0,0,1,1
"V",8,2,2,3,0,0,587,541
"V",8,2,2,3,1,0,3,3
"V",8,2,2,3,2,0,1,1
"V",8,2,2,3,3,0,1,1
"V",8,2,2,4,0,0,405,389
"V",8,2,2,4,1,0,1,1
"V",8,2,2,5,0,0,313,308
"V",8,2,2,6,0,0,220,217
"V",8,2,2,6,0,1,1,1
"V",8,2,2,7,0,0,151,151
"V",8,2,2,7,0,1,1,1
"V",8,2,2,7,1,1,1,1
"V",8,2,2,7,1,2,1,1
"V",8,2,2,7,2,2,1,1
"V",8,2,2,8,0,0,92,92
"V",8,2,2,8,0,1,1,1
"V",8,2,2,8,1,1,1,1
"V",8,2,2,9,0,0,69,69
"V",8,2,3,-1,0,0,424,89
"V",8,2,3,-1,0,1,3,0
"V",8,2,3,-1,0,2,1,0
"V",8,2,3,-1,1,0,2,0
"V",8,2,3,-1,1,1,2,0
"V",8,2,3,-1,2,0,1,0
"V",8,2,3,-1,3,0,1,0
"V",8,2,3,-10,0,0,18,0
"V",8,2,3,-11,0,0,11,0
"V",8,2,3,-12,0,0,8,0
"V",8,2,3,-13,0,0,5,0
"V",8,2,3,-14,0,0,2,0
"V",8,2,3,-18,0,0,1,0
"V",8,2,3,-2,0,0,291,29
"V",8,2,3,-2,1,0,2,0
"V",8,2,3,-3,0,0,202,10
"V",8,2,3,-4,0,0,135,3
"V",8,2,3,-4,0,1,1,0
"V",8,2,3,-4,0,2,1,0
"V",8,2,3,-4,1,0,1,0
"V",8,2,3,-4,1,1,1,0
"V",8,2,3,-4,2,1,1,0
"V",8,2,3,-4,3,1,1,0
"V",8,2,3,-5,0,0,128,1
"V",8,2,3,-6,0,0,72,0
"V",8,2,3,-6,1,0,1,0
"V",8,2,3,-7,0,0,55,0
"V",8,2,3,-7,0,1,1,0
"V",8,2,3,-7,1,1,1,0
"V",8,2,3,-7,1,2,1,0
"V",8,2,3,-7,2,2,1,0
"V",8,2,3,-7,3,2,1,0
"V",8,2,3,-8,0,0,38,0
"V",8,2,3,-9,0,0,32,0
"V",8,2,3,0,0,0,524,235
"V",8,2,3,0,0,1,1,0
"V",8,2,3,0,1,0,1,0
"V",8,2,3,0,2,0,1,0
"V",8,2,3,0,3,0,1,0
"V",8,2,3,1,0,0,533,393
"V",8,2,3,1,0,1,1,1
"V",8,2,3,1,0,2,1,1
"V",8,2,3,1,1,0,2,1
"V",8,2,3,1,1,2,1,1
"V",8,2,3,1,2,2,1,1
"V",8,2,3,10,0,0,33,33
"V",8,2,3,11,0,0,17,16
"V",8,2,3,12,0,0,17,17
"V",8,2,3,13,0,0,8,8
"V",8,2,3,14,0,0,7,7
"V",8,2,3,15,0,0,3,3
"V",8,2,3,16,0,0,1,1
"V",8,2,3,17,0,0,1,1
"V",8,2,3,19,0,0,2,2
"V",8,2,3,2,0,0,412,353
"V",8,2,3,2,0,1,2,1
"V",8,2,3,2,1,0,3,2
"V",8,2,3,2,1,1,3,1
"V",8,2,3,2,1,2,1,0
"V",8,2,3,2,2,0,2,2
"V",8,2,3,2,2,1,2,1
"V",8,2,3,2,2,2,2,0
"V",8,2,3,2,3,0,1,1
"V",8,2,3,2,3,1,1,1
"V",8,2,3,3,0,0,365,341
"V",8,2,3,3,0,1,1,1
"V",8,2,3,4,0,0,300,295
"V",8,2,3,5,0,0,204,200
"V",8,2,3,5,0,1,1,1
"V",8,2,3,5,1,1,1,1
"V",8,2,3,5,2,1,1,1
"V",8,2,3,5,2,2,1,1
"V",8,2,3,5,3,2,1,1
"V",8,2,3,6,0,0,134,133
"V",8,2,3,6,1,0,1,1
"V",8,2,3,6,1,1,1,1
"V",8,2,3,6,1,2,1,1
"V",8,2,3,6,2,2,1,1
"V",8,2,3,7,0,0,126,126
"V",8,2,3,7,1,0,2,2
"V",8,2,3,7,1,1,2,2
"V",8,2,3,7,1,2,1,1
"V",8,2,3,7,2,1,1,1
"V",8,2,3,8,0,0,84,84
"V",8,2,3,8,1,0,1,1
"V",8,2,3,8,1,1,1,1
"V",8,2,3,8,2,1,1,1
"V",8,2,3,8,3,1,1,1
"V",8,2,3,8,3,2,1,1
"V",8,2,3,9,0,0,49,49
"V",8,2,4,-1,0,0,278,64
"V",8,2,4,-1,0,1,1,1
"V",8,2,4,-1,0,2,1,1
"V",8,2,4,-1,1,0,2,0
"V",8,2,4,-1,1,1,1,0
"V",8,2,4,-1,2,0,1,0
"V",8,2,4,-1,2,1,1,0
"V",8,2,4,-1,3,0,1,0
"V",8,2,4,-10,0,0,19,0
"V",8,2,4,-11,0,0,14,0
"V",8,2,4,-12,0,0,6,0
"V",8,2,4,-13,0,0,3,0
"V",8,2,4,-14,0,0,3,0
"V",8,2,4,-15,0,0,5,0
"V",8,2,4,-17,0,0,1,0
"V",8,2,4,-19,0,0,1,0
"V",8,2,4,-2,0,0,292,26
"V",8,2,4,-2,1,0,1,0
"V",8,2,4,-2,2,0,1,0
"V",8,2,4,-2,2,1,1,0
"V",8,2,4,-2,2,2,1,0
"V",8,2,4,-23,0,0,1,0
"V",8,2,4,-3,0,0,240,9
"V",8,2,4,-4,0,0,181,5
"V",8,2,4,-4,1,0,1,0
"V",8,2,4,-4,2,0,1,0
"V",8,2,4,-4,3,0,1,0
"V",8,2,4,-4,3,1,1,0
"V",8,2,4,-4,3,2,1,0
"V",8,2,4,-5,0,0,114,1
"V",8,2,4,-6,0,0,103,2
"V",8,2,4,-7,0,0,60,0
"V",8,2,4,-7,1,0,1,0
"V",8,2,4,-7,2,0,1,0
"V",8,2,4,-7,3,0,1,0
"V",8,2,4,-8,0,0,55,0
"V",8,2,4,-9,0,0,24,0
"V",8,2,4,0,0,0,313,141
"V",8,2,4,0,0,1,1,0
"V",8,2,4,0,0,2,1,0
"V",8,2,4,0,1,0,1,0
"V",8,2,4,0,1,2,1,0
"V",8,2,4,0,2,0,1,0
"V",8,2,4,0,2,2,1,0
"V",8,2,4,0,3,0,1,0
"V",8,2,4,0,3,1,1,0
"V",8,2,4,0,3,2,1,0
"V",8,2,4,1,0,0,278,214
"V",8,2,4,1,0,1,1,0
"V",8,2,4,10,0,0,14,14
"V",8,2,4,11,0,0,11,11
"V",8,2,4,12,0,0,5,5
"V",8,2,4,13,0,0,4,4
"V",8,2,4,14,0,0,3,3
"V",8,2,4,15,0,0,1,1
"V",8,2,4,17,0,0,1,1
"V",8,2,4,2,0,0,250,223
"V",8,2,4,2,1,0,2,2
"V",8,2,4,2,1,1,1,1
"V",8,2,4,2,2,1,1,1
"V",8,2,4,20,0,0,1,1
"V",8,2,4,3,0,0,197,178
"V",8,2,4,4,0,0,172,165
"V",8,2,4,4,1,0,1,1
"V",8,2,4,5,0,0,122,119
"V",8,2,4,6,0,0,84,83
"V",8,2,4,6,1,0,1,1
"V",8,2,4,6,2,0,1,1
"V",8,2,4,6,3,0,1,1
"V",8,2,4,6,3,1,1,1
"V",8,2,4,6,3,2,1,1
"V",8,2,4,7,0,0,61,61
"V",8,2,4,8,0,0,38,38
"V",8,2,4,8,1,0,2,2
"V",8,2,4,9,0,0,24,24
"V",8,2,5,-1,0,0,190,38
"V",8,2,5,-1,0,1,1,0
"V",8,2,5,-1,1,0,1,0
"V",8,2,5,-10,0,0,8,0
"V",8,2,5,-11,0,0,10,0
"V",8,2,5,-12,0,0,6,0
"V",8,2,5,-13,0,0,3,0
"V",8,2,5,-14,0,0,2,0
"V",8,2,5,-16,0,0,2,0
"V",8,2,5,-2,0,0,116,12
"V",8,2,5,-2,1,0,1,0
"V",8,2,5,-3,0,0,83,3
"V",8,2,5,-4,0,0,63,2
"V",8,2,5,-5,0,0,51,0
"V",8,2,5,-6,0,0,42,0
"V",8,2,5,-7,0,0,28,0
"V",8,2,5,-8,0,0,23,0
"V",8,2,5,-8,0,1,1,0
"V",8,2,5,-8,1,1,1,0
"V",8,2,5,-9,0,0,11,0
"V",8,2,5,0,0,0,221,105
"V",8,2,5,0,1,0,1,0
"V",8,2,5,1,0,0,223,159
"V",8,2,5,1,1,0,1,1
"V",8,2,5,1,2,0,1,1
"V",8,2,5,1,3,0,1,1
"V",8,2,5,10,0,0,13,13
"V",8,2,5,10,0,1,1,1
"V",8,2,5,11,0,0,13,13
"V",8,2,5,12,0,0,10,10
"V",8,2,5,13,0,0,5,5
"V",8,2,5,14,0,0,3,3
"V",8,2,5,15,0,0,4,4
"V",8,2,5,16,0,0,3,3
"V",8,2,5,2,0,0,219,189
"V",8,2,5,2,0,1,2,2
"V",8,2,5,2,0,2,1,1
"V",8,2,5,2,1,1,1,1
"V",8,2,5,2,1,2,1,1
"V",8,2,5,2,2,2,1,1
"V",8,2,5,3,0,0,181,169
"V",8,2,5,4,0,0,159,153
"V",8,2,5,5,0,0,106,105
"V",8,2,5,5,0,1,1,1
"V",8,2,5,5,0,2,1,1
"V",8,2,5,5,1,2,1,1
"V",8,2,5,6,0,0,74,74
"V",8,2,5,6,1,0,1,1
"V",8,2,5,6,1,1,1,1
"V",8,2,5,6,1,2,1,1
"V",8,2,5,6,2,2,1,1
"V",8,2,5,6,3,2,1,1
"V",8,2,5,7,0,0,50,50
"V",8,2,5,8,0,0,29,29
"V",8,2,5,9,0,0,21,21
"V",8,2,6,-1,0,0,163,40
"V",8,2,6,-10,0,0,13,0
"V",8,2,6,-11,0,0,6,0
"V",8,2,6,-12,0,0,1,0
"V",8,2,6,-16,0,0,2,0
"V",8,2,6,-2,0,0,135,10
"V",8,2,6,-2,0,1,1,0
"V",8,2,6,-3,0,0,108,4
"V",8,2,6,-4,0,0,82,2
"V",8,2,6,-5,0,0,63,0
"V",8,2,6,-6,0,0,42,0
"V",8,2,6,-7,0,0,34,0
"V",8,2,6,-8,0,0,16,0
"V",8,2,6,-9,0,0,7,0
"V",8,2,6,0,0,0,166,85
"V",8,2,6,1,0,0,168,123
"V",8,2,6,1,0,1,1,1
"V",8,2,6,1,1,1,1,1
"V",8,2,6,10,0,0,10,10
"V",8,2,6,11,0,0,8,8
"V",8,2,6,12,0,0,7,7
"V",8,2,6,13,0,0,5,5
"V",8,2,6,14,0,0,1,1
"V",8,2,6,16,0,0,2,2
"V",8,2,6,2,0,0,141,122
"V",8,2,6,3,0,0,135,125
"V",8,2,6,4,0,0,100,99
"V",8,2,6,5,0,0,77,76
"V",8,2,6,5,1,0,2,2
"V",8,2,6,5,2,0,2,2
"V",8,2,6,5,2,1,1,1
"V",8,2,6,5,3,1,1,1
"V",8,2,6,6,0,0,47,46
"V",8,2,6,7,0,0,39,39
"V",8,2,6,7,1,0,1,1
"V",8,2,6,7,2,0,1,1
"V",8,2,6,8,0,0,32,32
"V",8,2,6,9,0,0,20,20
"V",8,2,6,9,1,0,1,1
"V",8,2,6,9,1,1,1,1
"V",8,2,6,9,2,1,1,1
"V",8,2,7,-1,0,0,128,35
"V",8,2,7,-1,0,1,1,0
"V",8,2,7,-1,1,1,1,0
"V",8,2,7,-1,2,1,1,0
"V",8,2,7,-1,2,2,1,0
"V",8,2,7,-10,0,0,6,0
"V",8,2,7,-11,0,0,3,0
"V",8,2,7,-12,0,0,2,0
"V",8,2,7,-14,0,0,2,0
"V",8,2,7,-16,0,0,2,0
"V",8,2,7,-2,0,0,94,13
"V",8,2,7,-3,0,0,68,4
"V",8,2,7,-3,1,0,2,0
"V",8,2,7,-3,2,0,2,0
"V",8,2,7,-3,2,1,1,0
"V",8,2,7,-3,3,0,1,0
"V",8,2,7,-4,0,0,53,3
"V",8,2,7,-5,0,0,52,0
"V",8,2,7,-6,0,0,24,0
"V",8,2,7,-7,0,0,15,0
"V",8,2,7,-8,0,0,9,0
"V",8,2,7,-9,0,0,9,0
"V",8,2,7,0,0,0,131,68
"V",8,2,7,0,1,0,1,0
"V",8,2,7,1,0,0,136,105
"V",8,2,7,10,0,0,9,9
"V",8,2,7,11,0,0,5,5
"V",8,2,7,12,0,0,3,3
"V",8,2,7,13,0,0,4,4
"V",8,2,7,14,0,0,1,1
"V",8,2,7,18,0,0,1,1
"V",8,2,7,2,0,0,112,99
"V",8,2,7,3,0,0,92,85
"V",8,2,7,4,0,0,73,73
"V",8,2,7,5,0,0,46,45
"V",8,2,7,6,0,0,48,48
"V",8,2,7,7,0,0,32,32
"V",8,2,7,7,1,0,1,1
"V",8,2,7,8,0,0,17,17
"V",8,2,7,9,0,0,16,16
"V",8,2,8,-1,0,0,105,39
"V",8,2,8,-1,0,1,1,1
"V",8,2,8,-10,0,0,4,0
"V",8,2,8,-11,0,0,3,0
"V",8,2,8,-12,0,0,2,0
"V",8,2,8,-14,0,0,1,0
"V",8,2,8,-17,0,0,1,0
"V",8,2,8,-19,0,0,1,0
"V",8,2,8,-2,0,0,86,14
"V",8,2,8,-3,0,0,67,2
"V",8,2,8,-3,0,1,1,0
"V",8,2,8,-3,0,2,1,0
"V",8,2,8,-3,1,0,1,0
"V",8,2,8,-3,2,0,1,0
"V",8,2,8,-3,3,0,1,0
"V",8,2,8,-3,3,1,1,0
"V",8,2,8,-3,3,2,1,0
"V",8,2,8,-4,0,0,50,3
"V",8,2,8,-5,0,0,34,1
"V",8,2,8,-6,0,0,28,0
"V",8,2,8,-7,0,0,16,0
"V",8,2,8,-7,0,1,1,0
"V",8,2,8,-7,0,2,1,0
"V",8,2,8,-8,0,0,7,0
"V",8,2,8,-9,0,0,5,0
"V",8,2,8,0,0,0,124,64
"V",8,2,8,0,1,0,1,1
"V",8,2,8,0,1,1,1,1
"V",8,2,8,1,0,0,101,76
"V",8,2,8,10,0,0,5,5
"V",8,2,8,11,0,0,2,2
"V",8,2,8,13,0,0,1,1
"V",8,2,8,16,0,0,1,1
"V",8,2,8,17,0,0,1,1
"V",8,2,8,2,0,0,103,89
"V",8,2,8,3,0,0,80,75
"V",8,2,8,4,0,0,54,54
"V",8,2,8,5,0,0,34,34
"V",8,2,8,6,0,0,24,24
"V",8,2,8,6,1,0,1,1
"V",8,2,8,6,1,1,1,1
"V",8,2,8,6,2,1,1,1
"V",8,2,8,6,2,2,1,1
"V",8,2,8,7,0,0,16,16
"V",8,2,8,8,0,0,12,12
"V",8,2,8,9,0,0,7,7
"V",9,0,1,-1,0,0,2405,326
"V",9,0,1,-1,0,1,10,1
"V",9,0,1,-1,0,2,6,1
"V",9,0,1,-1,1,0,13,3
"V",9,0,1,-1,1,1,7,0
"V",9,0,1,-1,1,2,3,0
"V",9,0,1,-1,2,0,3,2
"V",9,0,1,-1,2,1,5,2
"V",9,0,1,-1,2,2,2,0
"V",9,0,1,-1,3,2,1,0
"V",9,0,1,-10,0,0,185,0
"V",9,0,1,-11,0,0,110,0
"V",9,0,1,-12,0,0,71,0
"V",9,0,1,-13,0,0,61,0
"V",9,0,1,-13,1,0,1,0
"V",9,0,1,-13,2,0,1,0
"V",9,0,1,-14,0,0,32,0
"V",9,0,1,-15,0,0,16,0
"V",9,0,1,-16,0,0,15,0
"V",9,0,1,-17,0,0,3,0
"V",9,0,1,-18,0,0,4,0
"V",9,0,1,-19,0,0,1,0
"V",9,0,1,-2,0,0,2102,113
"V",9,0,1,-2,0,1,5,0
"V",9,0,1,-2,0,2,4,0
"V",9,0,1,-2,1,0,10,0
"V",9,0,1,-2,1,1,7,0
"V",9,0,1,-2,1,2,8,0
"V",9,0,1,-2,2,0,4,0
"V",9,0,1,-2,2,2,2,0
"V",9,0,1,-2,3,0,3,0
"V",9,0,1,-2,3,1,1,0
"V",9,0,1,-2,3,2,2,0
"V",9,0,1,-20,0,0,1,0
"V",9,0,1,-21,0,0,3,0
"V",9,0,1,-22,0,0,1,0
"V",9,0,1,-25,0,0,1,0
"V",9,0,1,-3,0,0,1779,50
"V",9,0,1,-3,0,1,4,0
"V",9,0,1,-3,1,0,8,0
"V",9,0,1,-3,1,1,7,0
"V",9,0,1,-3,1,2,4,0
"V",9,0,1,-3,2,0,1,0
"V",9,0,1,-3,2,1,2,0
"V",9,0,1,-3,2,2,2,0
"V",9,0,1,-4,0,0,1415,15
"V",9,0,1,-4,0,1,4,0
"V",9,0,1,-4,0,2,3,0
"V",9,0,1,-4,1,0,3,0
"V",9,0,1,-4,1,1,2,0
"V",9,0,1,-4,1,2,3,0
"V",9,0,1,-4,2,2,1,0
"V",9,0,1,-4,3,2,1,0
"V",9,0,1,-5,0,0,1057,6
"V",9,0,1,-5,0,1,3,0
"V",9,0,1,-5,0,2,1,0
"V",9,0,1,-5,1,0,4,0
"V",9,0,1,-5,1,1,1,0
"V",9,0,1,-5,1,2,1,0
"V",9,0,1,-5,2,0,3,0
"V",9,0,1,-5,2,1,1,0
"V",9,0,1,-5,2,2,1,0
"V",9,0,1,-5,3,0,1,0
"V",9,0,1,-5,3,2,1,0
"V",9,0,1,-6,0,0,730,4
"V",9,0,1,-6,0,1,2,0
"V",9,0,1,-6,0,2,2,0
"V",9,0,1,-6,1,2,2,0
"V",9,0,1,-6,2,2,1,0
"V",9,0,1,-6,3,2,1,0
"V",9,0,1,-7,0,0,557,1
"V",9,0,1,-7,0,1,1,0
"V",9,0,1,-7,0,2,1,0
"V",9,0,1,-7,1,0,2,0
"V",9,0,1,-7,1,2,1,0
"V",9,0,1,-7,2,0,1,0
"V",9,0,1,-7,3,0,1,0
"V",9,0,1,-7,3,1,1,0
"V",9,0,1,-7,3,2,1,0
"V",9,0,1,-8,0,0,357,0
"V",9,0,1,-8,0,1,4,0
"V",9,0,1,-8,0,2,3,0
"V",9,0,1,-8,1,0,1,0
"V",9,0,1,-8,1,1,1,0
"V",9,0,1,-9,0,0,256,0
"V",9,0,1,-9,0,1,1,0
"V",9,0,1,-9,0,2,1,0
"V",9,0,1,0,0,0,2383,1093
"V",9,0,1,0,0,1,8,4
"V",9,0,1,0,0,2,3,3
"V",9,0,1,0,1,0,7,4
"V",9,0,1,0,1,1,6,3
"V",9,0,1,0,1,2,7,6
"V",9,0,1,0,2,0,3,2
"V",9,0,1,0,2,1,2,1
"V",9,0,1,0,2,2,2,2
"V",9,0,1,0,3,0,2,1
"V",9,0,1,0,3,2,2,2
"V",9,0,1,1,0,0,2381,2037
"V",9,0,1,1,0,1,4,4
"V",9,0,1,1,1,0,5,4
"V",9,0,1,1,1,1,5,4
"V",9,0,1,1,1,2,2,2
"V",9,0,1,1,2,0,1,1
"V",9,0,1,1,2,1,2,1
"V",9,0,1,1,2,2,1,1
"V",9,0,1,1,3,0,1,1
"V",9,0,1,1,3,1,2,1
"V",9,0,1,1,3,2,2,1
"V",9,0,1,10,0,0,100,100
"V",9,0,1,11,0,0,62,62
"V",9,0,1,12,0,0,46,46
"V",9,0,1,13,0,0,34,34
"V",9,0,1,14,0,0,24,24
"V",9,0,1,15,0,0,10,10
"V",9,0,1,16,0,0,8,8
"V",9,0,1,17,0,0,4,4
"V",9,0,1,18,0,0,3,3
"V",9,0,1,19,0,0,3,3
"V",9,0,1,2,0,0,1887,1755
"V",9,0,1,2,0,1,8,6
"V",9,0,1,2,0,2,2,2
"V",9,0,1,2,1,0,5,5
"V",9,0,1,2,1,1,4,3
"V",9,0,1,2,1,2,2,1
"V",9,0,1,2,2,0,2,2
"V",9,0,1,2,2,1,2,2
"V",9,0,1,2,2,2,1,1
"V",9,0,1,2,3,2,1,1
"V",9,0,1,23,0,0,1,1
"V",9,0,1,3,0,0,1508,1460
"V",9,0,1,3,0,1,2,2
"V",9,0,1,3,0,2,2,2
"V",9,0,1,3,1,0,3,3
"V",9,0,1,3,1,1,1,1
"V",9,0,1,3,1,2,1,1
"V",9,0,1,3,2,0,1,1
"V",9,0,1,3,2,1,1,1
"V",9,0,1,3,3,0,1,1
"V",9,0,1,4,0,0,1157,1139
"V",9,0,1,4,0,1,4,4
"V",9,0,1,4,1,0,4,4
"V",9,0,1,4,1,1,5,5
"V",9,0,1,4,1,2,3,3
"V",9,0,1,4,2,0,2,2
"V",9,0,1,4,2,1,1,1
"V",9,0,1,4,2,2,1,1
"V",9,0,1,4,3,0,2,2
"V",9,0,1,4,3,1,1,1
"V",9,0,1,4,3,2,1,1
"V",9,0,1,5,0,0,852,847
"V",9,0,1,5,0,1,3,3
"V",9,0,1,5,0,2,2,2
"V",9,0,1,5,1,0,1,1
"V",9,0,1,5,1,1,1,1
"V",9,0,1,5,1,2,1,1
"V",9,0,1,5,2,2,1,1
"V",9,0,1,6,0,0,581,579
"V",9,0,1,6,0,1,4,4
"V",9,0,1,6,0,2,1,1
"V",9,0,1,6,1,0,3,3
"V",9,0,1,6,1,1,4,4
"V",9,0,1,6,1,2,1,1
"V",9,0,1,6,2,0,1,1
"V",9,0,1,6,2,1,5,5
"V",9,0,1,6,2,2,1,1
"V",9,0,1,6,3,1,2,2
"V",9,0,1,6,3,2,2,2
"V",9,0,1,7,0,0,408,408
"V",9,0,1,7,0,1,2,2
"V",9,0,1,7,0,2,2,2
"V",9,0,1,7,1,0,1,1
"V",9,0,1,7,1,2,2,2
"V",9,0,1,7,2,2,1,1
"V",9,0,1,7,3,2,1,1
"V",9,0,1,8,0,0,258,258
"V",9,0,1,9,0,0,167,167
"V",9,0,2,-1,0,0,636,143
"V",9,0,2,-1,0,1,2,1
"V",9,0,2,-1,1,0,1,0
"V",9,0,2,-1,1,1,3,1
"V",9,0,2,-1,2,1,1,0
"V",9,0,2,-1,3,1,1,0
"V",9,0,2,-10,0,0,54,0
"V",9,0,2,-11,0,0,34,0
"V",9,0,2,-12,0,0,13,0
"V",9,0,2,-13,0,0,22,0
"V",9,0,2,-14,0,0,4,0
"V",9,0,2,-15,0,0,6,0
"V",9,0,2,-16,0,0,4,0
"V",9,0,2,-18,0,0,2,0
"V",9,0,2,-2,0,0,599,67
"V",9,0,2,-2,0,1,3,1
"V",9,0,2,-2,0,2,2,1
"V",9,0,2,-2,1,0,2,0
"V",9,0,2,-2,1,1,2,0
"V",9,0,2,-2,1,2,2,0
"V",9,0,2,-2,2,0,1,0
"V",9,0,2,-2,2,2,1,0
"V",9,0,2,-2,3,0,1,0
"V",9,0,2,-2,3,1,1,0
"V",9,0,2,-2,3,2,1,0
"V",9,0,2,-21,0,0,1,0
"V",9,0,2,-3,0,0,481,27
"V",9,0,2,-3,0,1,2,0
"V",9,0,2,-3,0,2,1,0
"V",9,0,2,-3,1,2,1,0
"V",9,0,2,-4,0,0,381,9
"V",9,0,2,-4,0,1,2,0
"V",9,0,2,-4,1,1,1,0
"V",9,0,2,-4,2,1,1,0
"V",9,0,2,-4,3,1,1,0
"V",9,0,2,-4,3,2,1,0
"V",9,0,2,-5,0,0,309,3
"V",9,0,2,-5,0,1,1,0
"V",9,0,2,-5,1,0,3,0
"V",9,0,2,-5,1,1,2,0
"V",9,0,2,-5,1,2,2,0
"V",9,0,2,-5,2,2,2,0
"V",9,0,2,-5,3,2,1,0
"V",9,0,2,-6,0,0,212,3
"V",9,0,2,-7,0,0,167,1
"V",9,0,2,-7,1,0,2,0
"V",9,0,2,-7,2,0,1,0
"V",9,0,2,-7,3,0,1,0
"V",9,0,2,-8,0,0,99,0
"V",9,0,2,-8,0,1,1,0
"V",9,0,2,-8,1,1,1,0
"V",9,0,2,-8,1,2,1,0
"V",9,0,2,-9,0,0,80,0
"V",9,0,2,0,0,0,656,363
"V",9,0,2,0,0,1,4,4
"V",9,0,2,0,0,2,3,3
"V",9,0,2,0,1,2,1,1
"V",9,0,2,1,0,0,681,596
"V",9,0,2,1,1,0,2,2
"V",9,0,2,1,2,0,2,2
"V",9,0,2,1,2,1,1,1
"V",9,0,2,1,3,0,1,1
"V",9,0,2,1,3,1,1,1
"V",9,0,2,10,0,0,34,34
"V",9,0,2,11,0,0,27,27
"V",9,0,2,12,0,0,14,14
"V",9,0,2,13,0,0,10,10
"V",9,0,2,14,0,0,10,10
"V",9,0,2,15,0,0,6,6
"V",9,0,2,16,0,0,5,5
"V",9,0,2,17,0,0,2,2
"V",9,0,2,18,0,0,1,1
"V",9,0,2,19,0,0,2,2
"V",9,0,2,2,0,0,533,503
"V",9,0,2,2,0,1,2,1
"V",9,0,2,2,0,2,1,1
"V",9,0,2,2,1,0,1,1
"V",9,0,2,2,1,1,2,1
"V",9,0,2,2,2,1,2,1
"V",9,0,2,3,0,0,469,456
"V",9,0,2,3,0,1,1,1
"V",9,0,2,3,1,0,1,1
"V",9,0,2,3,1,1,1,1
"V",9,0,2,3,2,1,1,1
"V",9,0,2,3,2,2,1,1
"V",9,0,2,3,3,2,1,1
"V",9,0,2,4,0,0,336,333
"V",9,0,2,4,0,1,1,1
"V",9,0,2,4,0,2,1,1
"V",9,0,2,4,1,0,1,1
"V",9,0,2,4,1,2,1,1
"V",9,0,2,4,2,0,1,1
"V",9,0,2,4,2,2,1,1
"V",9,0,2,4,3,0,1,1
"V",9,0,2,5,0,0,263,263
"V",9,0,2,6,0,0,182,182
"V",9,0,2,7,0,0,130,130
"V",9,0,2,8,0,0,72,72
"V",9,0,2,9,0,0,53,53
"V",9,0,3,-1,0,0,131,40
"V",9,0,3,-1,0,1,1,1
"V",9,0,3,-10,0,0,18,0
"V",9,0,3,-11,0,0,11,0
"V",9,0,3,-12,0,0,5,0
"V",9,0,3,-13,0,0,3,0
"V",9,0,3,-14,0,0,6,0
"V",9,0,3,-15,0,0,4,0
"V",9,0,3,-16,0,0,2,0
"V",9,0,3,-18,0,0,1,0
"V",9,0,3,-2,0,0,119,21
"V",9,0,3,-2,1,0,1,0
"V",9,0,3,-2,1,1,1,0
"V",9,0,3,-2,1,2,1,0
"V",9,0,3,-2,2,2,1,0
"V",9,0,3,-3,0,0,103,12
"V",9,0,3,-4,0,0,95,3
"V",9,0,3,-4,1,0,1,0
"V",9,0,3,-4,1,1,1,0
"V",9,0,3,-5,0,0,77,0
"V",9,0,3,-5,1,0,1,0
"V",9,0,3,-5,2,0,1,0
"V",9,0,3,-6,0,0,58,0
"V",9,0,3,-7,0,0,45,0
"V",9,0,3,-8,0,0,31,0
"V",9,0,3,-9,0,0,21,0
"V",9,0,3,0,0,0,136,80
"V",9,0,3,1,0,0,164,146
"V",9,0,3,1,1,0,1,1
"V",9,0,3,1,2,0,1,1
"V",9,0,3,1,3,0,1,1
"V",9,0,3,10,0,0,8,8
"V",9,0,3,11,0,0,8,8
"V",9,0,3,12,0,0,4,4
"V",9,0,3,13,0,0,6,6
"V",9,0,3,14,0,0,2,2
"V",9,0,3,15,0,0,1,1
"V",9,0,3,16,0,0,1,1
"V",9,0,3,17,0,0,1,1
"V",9,0,3,18,0,0,1,1
"V",9,0,3,19,0,0,1,1
"V",9,0,3,2,0,0,102,96
"V",9,0,3,2,1,0,2,2
"V",9,0,3,2,1,1,1,1
"V",9,0,3,2,2,0,1,1
"V",9,0,3,2,3,0,1,1
"V",9,0,3,2,3,1,1,1
"V",9,0,3,3,0,0,106,104
"V",9,0,3,3,1,0,1,1
"V",9,0,3,4,0,0,89,88
"V",9,0,3,5,0,0,48,48
"V",9,0,3,6,0,0,36,36
"V",9,0,3,7,0,0,36,36
"V",9,0,3,8,0,0,20,20
"V",9,0,3,9,0,0,16,16
"V",9,0,4,-1,0,0,116,43
"V",9,0,4,-1,0,1,1,0
"V",9,0,4,-1,1,1,1,0
"V",9,0,4,-1,2,1,1,0
"V",9,0,4,-10,0,0,16,0
"V",9,0,4,-11,0,0,9,0
"V",9,0,4,-12,0,0,5,0
"V",9,0,4,-13,0,0,6,0
"V",9,0,4,-15,0,0,1,0
"V",9,0,4,-2,0,0,157,33
"V",9,0,4,-2,0,1,1,0
"V",9,0,4,-2,1,1,1,0
"V",9,0,4,-2,2,1,1,0
"V",9,0,4,-2,3,1,1,0
"V",9,0,4,-3,0,0,103,16
"V",9,0,4,-4,0,0,106,4
"V",9,0,4,-5,0,0,80,4
"V",9,0,4,-6,0,0,40,2
"V",9,0,4,-7,0,0,38,1
"V",9,0,4,-7,1,0,1,0
"V",9,0,4,-7,1,1,1,0
"V",9,0,4,-7,2,1,1,0
"V",9,0,4,-8,0,0,21,0
"V",9,0,4,-9,0,0,24,0
"V",9,0,4,0,0,0,107,72
"V",9,0,4,0,0,1,1,1
"V",9,0,4,0,0,2,1,1
"V",9,0,4,1,0,0,129,116
"V",9,0,4,1,1,0,1,1
"V",9,0,4,1,1,1,1,1
"V",9,0,4,1,1,2,1,1
"V",9,0,4,10,0,0,10,10
"V",9,0,4,11,0,0,9,9
"V",9,0,4,12,0,0,5,5
"V",9,0,4,13,0,0,2,2
"V",9,0,4,14,0,0,2,2
"V",9,0,4,15,0,0,1,1
"V",9,0,4,16,0,0,1,1
"V",9,0,4,2,0,0,120,117
"V",9,0,4,3,0,0,82,82
"V",9,0,4,4,0,0,65,65
"V",9,0,4,4,1,0,1,1
"V",9,0,4,4,1,1,1,1
"V",9,0,4,4,2,1,1,1
"V",9,0,4,5,0,0,58,58
"V",9,0,4,6,0,0,42,42
"V",9,0,4,7,0,0,32,32
"V",9,0,4,8,0,0,22,22
"V",9,0,4,9,0,0,10,10
"V",9,0,5,-1,0,0,40,15
"V",9,0,5,-10,0,0,2,0
"V",9,0,5,-11,0,0,8,0
"V",9,0,5,-12,0,0,1,0
"V",9,0,5,-14,0,0,3,0
"V",9,0,5,-16,0,0,3,0
"V",9,0,5,-2,0,0,33,2
"V",9,0,5,-2,0,1,1,0
"V",9,0,5,-2,1,1,1,0
"V",9,0,5,-22,0,0,1,0
"V",9,0,5,-3,0,0,29,1
"V",9,0,5,-3,1,0,1,0
"V",9,0,5,-3,1,1,1,0
"V",9,0,5,-4,0,0,34,0
"V",9,0,5,-5,0,0,30,1
"V",9,0,5,-6,0,0,21,0
"V",9,0,5,-7,0,0,15,0
"V",9,0,5,-8,0,0,13,0
"V",9,0,5,-9,0,0,9,0
"V",9,0,5,0,0,0,45,32
"V",9,0,5,1,0,0,45,41
"V",9,0,5,10,0,0,2,2
"V",9,0,5,11,0,0,1,1
"V",9,0,5,12,0,0,2,2
"V",9,0,5,13,0,0,1,1
"V",9,0,5,14,0,0,3,3
"V",9,0,5,15,0,0,1,1
"V",9,0,5,2,0,0,40,39
"V",9,0,5,3,0,0,25,24
"V",9,0,5,4,0,0,32,32
"V",9,0,5,5,0,0,25,25
"V",9,0,5,6,0,0,23,22
"V",9,0,5,7,0,0,17,17
"V",9,0,5,7,1,0,1,1
"V",9,0,5,8,0,0,6,6
"V",9,0,5,9,0,0,3,3
"V",9,0,6,-1,0,0,61,32
"V",9,0,6,-1,0,1,1,1
"V",9,0,6,-1,0,2,1,1
"V",9,0,6,-1,1,2,1,1
"V",9,0,6,-1,2,2,1,1
"V",9,0,6,-10,0,0,4,0
"V",9,0,6,-11,0,0,2,0
"V",9,0,6,-12,0,0,2,0
"V",9,0,6,-13,0,0,2,0
"V",9,0,6,-14,0,0,2,0
"V",9,0,6,-15,0,0,2,0
"V",9,0,6,-16,0,0,2,0
"V",9,0,6,-2,0,0,54,12
"V",9,0,6,-3,0,0,39,1
"V",9,0,6,-4,0,0,34,3
"V",9,0,6,-5,0,0,36,1
"V",9,0,6,-6,0,0,17,0
"V",9,0,6,-7,0,0,13,0
"V",9,0,6,-8,0,0,9,0
"V",9,0,6,-9,0,0,7,0
"V",9,0,6,0,0,0,47,40
"V",9,0,6,1,0,0,53,48
"V",9,0,6,10,0,0,5,5
"V",9,0,6,11,0,0,1,1
"V",9,0,6,12,0,0,2,2
"V",9,0,6,13,0,0,2,2
"V",9,0,6,15,0,0,3,3
"V",9,0,6,2,0,0,38,37
"V",9,0,6,3,0,0,38,38
"V",9,0,6,3,1,0,1,1
"V",9,0,6,3,1,1,1,1
"V",9,0,6,4,0,0,27,27
"V",9,0,6,5,0,0,21,21
"V",9,0,6,6,0,0,13,13
"V",9,0,6,7,0,0,21,21
"V",9,0,6,8,0,0,8,8
"V",9,0,6,9,0,0,4,4
"V",9,0,7,-1,0,0,27,18
"V",9,0,7,-10,0,0,4,0
"V",9,0,7,-11,0,0,2,0
"V",9,0,7,-12,0,0,1,0
"V",9,0,7,-15,0,0,2,0
"V",9,0,7,-2,0,0,35,6
"V",9,0,7,-2,0,1,1,1
"V",9,0,7,-2,0,2,1,1
"V",9,0,7,-3,0,0,32,3
"V",9,0,7,-4,0,0,18,2
"V",9,0,7,-5,0,0,12,0
"V",9,0,7,-6,0,0,14,1
"V",9,0,7,-7,0,0,12,0
"V",9,0,7,-8,0,0,2,0
"V",9,0,7,-9,0,0,4,0
"V",9,0,7,0,0,0,21,14
"V",9,0,7,0,1,0,1,1
"V",9,0,7,0,2,0,1,1
"V",9,0,7,0,3,0,1,1
"V",9,0,7,1,0,0,25,24
"V",9,0,7,10,0,0,3,3
"V",9,0,7,11,0,0,1,1
"V",9,0,7,12,0,0,1,1
"V",9,0,7,14,0,0,2,2
"V",9,0,7,15,0,0,2,2
"V",9,0,7,16,0,0,1,1
"V",9,0,7,17,0,0,1,1
"V",9,0,7,2,0,0,21,21
"V",9,0,7,3,0,0,30,30
"V",9,0,7,4,0,0,15,15
"V",9,0,7,5,0,0,18,18
"V",9,0,7,6,0,0,20,20
"V",9,0,7,7,0,0,8,8
"V",9,0,7,8,0,0,11,11
"V",9,0,7,9,0,0,6,6
"V",9,0,8,-1,0,0,29,20
"V",9,0,8,-10,0,0,7,0
"V",9,0,8,-11,0,0,3,0
"V",9,0,8,-12,0,0,3,0
"V",9,0,8,-13,0,0,2,0
"V",9,0,8,-15,0,0,1,0
"V",9,0,8,-2,0,0,31,10
"V",9,0,8,-2,0,1,1,0
"V",9,0,8,-2,1,1,1,0
"V",9,0,8,-2,1,2,1,0
"V",9,0,8,-2,2,2,1,0
"V",9,0,8,-3,0,0,26,5
"V",9,0,8,-4,0,0,22,2
"V",9,0,8,-5,0,0,17,1
"V",9,0,8,-6,0,0,10,1
"V",9,0,8,-7,0,0,11,1
"V",9,0,8,-8,0,0,6,0
"V",9,0,8,-9,0,0,6,0
"V",9,0,8,0,0,0,32,24
"V",9,0,8,1,0,0,33,31
"V",9,0,8,10,0,0,3,3
"V",9,0,8,11,0,0,2,2
"V",9,0,8,12,0,0,2,2
"V",9,0,8,13,0,0,1,1
"V",9,0,8,14,0,0,1,1
"V",9,0,8,15,0,0,3,3
"V",9,0,8,2,0,0,24,24
"V",9,0,8,3,0,0,26,26
"V",9,0,8,4,0,0,22,22
"V",9,0,8,4,1,0,1,1
"V",9,0,8,4,2,0,1,1
"V",9,0,8,4,2,1,1,1
"V",9,0,8,5,0,0,11,11
"V",9,0,8,6,0,0,10,10
"V",9,0,8,7,0,0,5,5
"V",9,0,8,8,0,0,7,7
"V",9,0,8,8,1,0,1,1
"V",9,0,8,8,1,1,1,1
"V",9,0,8,8,2,1,1,1
"V",9,0,8,8,3,1,1,1
"V",9,0,8,8,3,2,1,1
"V",9,0,8,9,0,0,2,2
"V",9,1,1,-1,0,0,1679,135
"V",9,1,1,-1,0,1,9,1
"V",9,1,1,-1,0,2,1,0
"V",9,1,1,-1,1,0,7,0
"V",9,1,1,-1,1,1,11,1
"V",9,1,1,-1,1,2,1,0
"V",9,1,1,-1,2,1,5,1
"V",9,1,1,-1,2,2,2,0
"V",9,1,1,-1,3,1,2,0
"V",9,1,1,-1,3,2,1,0
"V",9,1,1,-10,0,0,123,0
"V",9,1,1,-11,0,0,70,0
"V",9,1,1,-12,0,0,53,0
"V",9,1,1,-12,0,1,1,0
"V",9,1,1,-12,1,1,1,0
"V",9,1,1,-12,1,2,1,0
"V",9,1,1,-13,0,0,39,0
"V",9,1,1,-14,0,0,21,0
"V",9,1,1,-15,0,0,7,0
"V",9,1,1,-16,0,0,10,0
"V",9,1,1,-17,0,0,3,0
"V",9,1,1,-18,0,0,2,0
"V",9,1,1,-19,0,0,1,0
"V",9,1,1,-2,0,0,1424,32
"V",9,1,1,-2,0,1,6,0
"V",9,1,1,-2,0,2,5,0
"V",9,1,1,-2,1,0,2,0
"V",9,1,1,-2,1,1,1,0
"V",9,1,1,-2,1,2,2,0
"V",9,1,1,-2,2,0,2,0
"V",9,1,1,-2,2,1,3,0
"V",9,1,1,-2,2,2,2,0
"V",9,1,1,-2,3,1,1,0
"V",9,1,1,-20,0,0,1,0
"V",9,1,1,-21,0,0,2,0
"V",9,1,1,-25,0,0,1,0
"V",9,1,1,-3,0,0,1222,11
"V",9,1,1,-3,0,1,5,0
"V",9,1,1,-3,0,2,2,0
"V",9,1,1,-3,1,0,6,0
"V",9,1,1,-3,1,1,2,0
"V",9,1,1,-3,2,0,4,0
"V",9,1,1,-3,2,1,4,0
"V",9,1,1,-3,2,2,2,0
"V",9,1,1,-3,3,0,1,0
"V",9,1,1,-3,3,1,2,0
"V",9,1,1,-3,3,2,2,0
"V",9,1,1,-4,0,0,974,5
"V",9,1,1,-4,0,1,3,0
"V",9,1,1,-4,0,2,1,0
"V",9,1,1,-4,1,0,1,0
"V",9,1,1,-4,1,1,1,0
"V",9,1,1,-4,2,0,1,0
"V",9,1,1,-4,2,1,2,0
"V",9,1,1,-4,2,2,1,0
"V",9,1,1,-4,3,1,1,0
"V",9,1,1,-5,0,0,688,1
"V",9,1,1,-5,0,1,1,0
"V",9,1,1,-5,1,0,3,0
"V",9,1,1,-5,1,1,3,0
"V",9,1,1,-5,1,2,1,0
"V",9,1,1,-5,2,0,1,0
"V",9,1,1,-5,2,1,2,0
"V",9,1,1,-5,2,2,2,0
"V",9,1,1,-5,3,1,1,0
"V",9,1,1,-6,0,0,474,1
"V",9,1,1,-6,1,0,1,0
"V",9,1,1,-6,1,1,1,0
"V",9,1,1,-6,2,1,1,0
"V",9,1,1,-6,3,1,1,0
"V",9,1,1,-6,3,2,1,0
"V",9,1,1,-7,0,0,353,0
"V",9,1,1,-7,0,1,2,0
"V",9,1,1,-7,0,2,1,0
"V",9,1,1,-7,1,1,1,0
"V",9,1,1,-7,1,2,1,0
"V",9,1,1,-8,0,0,237,0
"V",9,1,1,-8,0,1,1,0
"V",9,1,1,-8,0,2,1,0
"V",9,1,1,-8,1,0,2,0
"V",9,1,1,-8,2,0,1,0
"V",9,1,1,-8,2,1,1,0
"V",9,1,1,-8,2,2,1,0
"V",9,1,1,-9,0,0,162,0
"V",9,1,1,-9,0,1,1,0
"V",9,1,1,-9,0,2,1,0
"V",9,1,1,0,0,0,1630,664
"V",9,1,1,0,0,1,7,5
"V",9,1,1,0,0,2,5,3
"V",9,1,1,0,1,0,6,3
"V",9,1,1,0,1,1,5,4
"V",9,1,1,0,1,2,5,4
"V",9,1,1,0,2,0,1,0
"V",9,1,1,0,2,1,1,0
"V",9,1,1,0,2,2,3,1
"V",9,1,1,0,3,2,1,0
"V",9,1,1,1,0,0,1595,1339
"V",9,1,1,1,0,1,4,3
"V",9,1,1,1,0,2,3,3
"V",9,1,1,1,1,0,1,0
"V",9,1,1,1,1,1,1,0
"V",9,1,1,1,1,2,1,1
"V",9,1,1,1,2,2,1,1
"V",9,1,1,10,0,0,70,70
"V",9,1,1,11,0,0,36,36
"V",9,1,1,12,0,0,28,28
"V",9,1,1,13,0,0,25,25
"V",9,1,1,14,0,0,14,14
"V",9,1,1,15,0,0,6,6
"V",9,1,1,16,0,0,5,5
"V",9,1,1,17,0,0,4,4
"V",9,1,1,18,0,0,3,3
"V",9,1,1,19,0,0,2,2
"V",9,1,1,2,0,0,1314,1214
"V",9,1,1,2,0,1,8,8
"V",9,1,1,2,0,2,4,4
"V",9,1,1,2,1,0,4,3
"V",9,1,1,2,1,1,4,3
"V",9,1,1,2,1,2,7,6
"V",9,1,1,2,2,0,1,1
"V",9,1,1,2,2,1,2,2
"V",9,1,1,2,2,2,2,2
"V",9,1,1,23,0,0,1,1
"V",9,1,1,3,0,0,1025,989
"V",9,1,1,3,0,1,2,2
"V",9,1,1,3,1,0,3,3
"V",9,1,1,3,1,1,2,2
"V",9,1,1,3,1,2,1,1
"V",9,1,1,4,0,0,791,775
"V",9,1,1,4,0,1,4,4
"V",9,1,1,4,0,2,3,3
"V",9,1,1,4,1,1,1,1
"V",9,1,1,4,1,2,2,2
"V",9,1,1,4,2,2,2,2
"V",9,1,1,5,0,0,596,591
"V",9,1,1,5,0,1,1,1
"V",9,1,1,5,0,2,1,1
"V",9,1,1,5,1,0,2,2
"V",9,1,1,5,1,1,2,2
"V",9,1,1,5,1,2,1,1
"V",9,1,1,6,0,0,398,396
"V",9,1,1,6,0,1,2,2
"V",9,1,1,6,0,2,1,1
"V",9,1,1,6,1,0,1,1
"V",9,1,1,6,1,1,1,1
"V",9,1,1,6,1,2,1,1
"V",9,1,1,7,0,0,274,274
"V",9,1,1,7,1,0,2,2
"V",9,1,1,7,1,1,1,1
"V",9,1,1,8,0,0,190,190
"V",9,1,1,8,0,1,1,1
"V",9,1,1,8,0,2,1,1
"V",9,1,1,9,0,0,115,115
"V",9,1,2,-1,0,0,784,117
"V",9,1,2,-1,0,1,3,0
"V",9,1,2,-1,0,2,2,0
"V",9,1,2,-1,1,0,2,0
"V",9,1,2,-1,1,1,2,0
"V",9,1,2,-1,1,2,1,0
"V",9,1,2,-1,2,2,1,0
"V",9,1,2,-10,0,0,49,0
"V",9,1,2,-11,0,0,39,0
"V",9,1,2,-12,0,0,21,0
"V",9,1,2,-13,0,0,24,0
"V",9,1,2,-14,0,0,7,0
"V",9,1,2,-15,0,0,5,0
"V",9,1,2,-16,0,0,6,0
"V",9,1,2,-17,0,0,1,0
"V",9,1,2,-18,0,0,1,0
"V",9,1,2,-19,0,0,1,0
"V",9,1,2,-2,0,0,709,44
"V",9,1,2,-2,1,0,3,0
"V",9,1,2,-2,2,0,2,0
"V",9,1,2,-2,2,1,1,0
"V",9,1,2,-2,2,2,1,0
"V",9,1,2,-2,3,0,1,0
"V",9,1,2,-2,3,1,1,0
"V",9,1,2,-2,3,2,2,0
"V",9,1,2,-20,0,0,1,0
"V",9,1,2,-21,0,0,1,0
"V",9,1,2,-25,0,0,1,0
"V",9,1,2,-3,0,0,636,14
"V",9,1,2,-3,0,1,2,0
"V",9,1,2,-3,0,2,1,0
"V",9,1,2,-3,1,0,2,0
"V",9,1,2,-3,1,1,1,0
"V",9,1,2,-3,1,2,2,0
"V",9,1,2,-3,2,0,1,0
"V",9,1,2,-3,2,2,1,0
"V",9,1,2,-3,3,0,1,0
"V",9,1,2,-3,3,1,1,0
"V",9,1,2,-3,3,2,1,0
"V",9,1,2,-4,0,0,461,8
"V",9,1,2,-4,1,0,2,0
"V",9,1,2,-4,1,1,1,0
"V",9,1,2,-4,1,2,1,0
"V",9,1,2,-4,2,2,1,0
"V",9,1,2,-5,0,0,366,2
"V",9,1,2,-6,0,0,237,0
"V",9,1,2,-7,0,0,177,0
"V",9,1,2,-7,1,0,1,0
"V",9,1,2,-7,1,1,1,0
"V",9,1,2,-7,2,1,1,0
"V",9,1,2,-8,0,0,122,0
"V",9,1,2,-8,1,0,1,0
"V",9,1,2,-9,0,0,87,0
"V",9,1,2,0,0,0,702,338
"V",9,1,2,0,1,0,2,2
"V",9,1,2,0,1,1,1,1
"V",9,1,2,0,2,0,1,1
"V",9,1,2,0,3,0,1,1
"V",9,1,2,1,0,0,712,600
"V",9,1,2,1,0,1,3,1
"V",9,1,2,1,0,2,2,0
"V",9,1,2,1,1,0,3,2
"V",9,1,2,1,1,1,1,1
"V",9,1,2,1,1,2,1,0
"V",9,1,2,1,2,0,2,1
"V",9,1,2,1,2,1,1,1
"V",9,1,2,1,2,2,1,1
"V",9,1,2,1,3,0,2,1
"V",9,1,2,1,3,2,1,1
"V",9,1,2,10,0,0,42,42
"V",9,1,2,11,0,0,30,30
"V",9,1,2,12,0,0,17,17
"V",9,1,2,13,0,0,12,12
"V",9,1,2,14,0,0,11,11
"V",9,1,2,15,0,0,6,6
"V",9,1,2,16,0,0,2,2
"V",9,1,2,17,0,0,4,4
"V",9,1,2,18,0,0,3,3
"V",9,1,2,19,0,0,2,2
"V",9,1,2,2,0,0,577,536
"V",9,1,2,2,0,1,4,2
"V",9,1,2,2,0,2,1,0
"V",9,1,2,2,1,0,2,2
"V",9,1,2,2,1,1,1,0
"V",9,1,2,2,1,2,1,0
"V",9,1,2,2,2,0,2,2
"V",9,1,2,2,2,1,1,1
"V",9,1,2,2,2,2,1,1
"V",9,1,2,2,3,0,1,1
"V",9,1,2,2,3,1,1,1
"V",9,1,2,20,0,0,1,1
"V",9,1,2,3,0,0,511,490
"V",9,1,2,3,0,1,1,1
"V",9,1,2,3,1,0,1,1
"V",9,1,2,3,1,1,1,1
"V",9,1,2,3,2,0,1,1
"V",9,1,2,4,0,0,401,398
"V",9,1,2,4,0,1,1,1
"V",9,1,2,4,0,2,1,1
"V",9,1,2,5,0,0,313,308
"V",9,1,2,5,0,1,1,1
"V",9,1,2,5,0,2,1,1
"V",9,1,2,6,0,0,220,219
"V",9,1,2,7,0,0,139,139
"V",9,1,2,8,0,0,121,121
"V",9,1,2,9,0,0,67,67
"V",9,1,3,-1,0,0,305,63
"V",9,1,3,-1,1,0,2,0
"V",9,1,3,-1,1,1,2,0
"V",9,1,3,-1,1,2,1,0
"V",9,1,3,-1,2,1,1,0
"V",9,1,3,-10,0,0,29,0
"V",9,1,3,-11,0,0,18,0
"V",9,1,3,-12,0,0,14,0
"V",9,1,3,-12,1,0,1,0
"V",9,1,3,-13,0,0,11,0
"V",9,1,3,-14,0,0,8,0
"V",9,1,3,-15,0,0,3,0
"V",9,1,3,-16,0,0,2,0
"V",9,1,3,-17,0,0,1,0
"V",9,1,3,-18,0,0,1,0
"V",9,1,3,-2,0,0,172,18
"V",9,1,3,-3,0,0,195,7
"V",9,1,3,-3,1,0,1,0
"V",9,1,3,-3,1,1,1,0
"V",9,1,3,-3,1,2,1,0
"V",9,1,3,-4,0,0,163,3
"V",9,1,3,-4,1,0,1,0
"V",9,1,3,-4,1,1,1,0
"V",9,1,3,-4,1,2,1,0
"V",9,1,3,-4,2,2,1,0
"V",9,1,3,-4,3,2,1,0
"V",9,1,3,-5,0,0,135,1
"V",9,1,3,-5,0,1,1,0
"V",9,1,3,-6,0,0,90,1
"V",9,1,3,-7,0,0,82,0
"V",9,1,3,-8,0,0,56,0
"V",9,1,3,-9,0,0,29,0
"V",9,1,3,-9,0,1,1,0
"V",9,1,3,-9,0,2,1,0
"V",9,1,3,-9,1,2,1,0
"V",9,1,3,-9,2,2,1,0
"V",9,1,3,-9,3,2,1,0
"V",9,1,3,0,0,0,439,265
"V",9,1,3,0,0,1,1,1
"V",9,1,3,0,1,0,1,0
"V",9,1,3,0,2,0,1,0
"V",9,1,3,0,2,1,1,0
"V",9,1,3,1,0,0,455,406
"V",9,1,3,1,0,1,3,3
"V",9,1,3,1,0,2,2,2
"V",9,1,3,1,1,0,2,1
"V",9,1,3,1,1,2,2,2
"V",9,1,3,1,2,0,2,1
"V",9,1,3,1,2,2,1,1
"V",9,1,3,1,3,0,1,1
"V",9,1,3,10,0,0,19,19
"V",9,1,3,11,0,0,13,13
"V",9,1,3,12,0,0,10,10
"V",9,1,3,13,0,0,7,7
"V",9,1,3,14,0,0,8,8
"V",9,1,3,15,0,0,3,3
"V",9,1,3,16,0,0,2,2
"V",9,1,3,17,0,0,3,3
"V",9,1,3,19,0,0,2,2
"V",9,1,3,2,0,0,355,333
"V",9,1,3,2,0,1,1,1
"V",9,1,3,2,1,0,2,2
"V",9,1,3,2,1,1,3,3
"V",9,1,3,2,1,2,1,1
"V",9,1,3,2,2,1,1,1
"V",9,1,3,3,0,0,311,299
"V",9,1,3,3,1,0,1,1
"V",9,1,3,3,2,0,1,1
"V",9,1,3,3,3,0,1,1
"V",9,1,3,3,3,1,1,1
"V",9,1,3,4,0,0,224,222
"V",9,1,3,4,0,1,1,1
"V",9,1,3,4,1,1,1,1
"V",9,1,3,4,2,1,1,1
"V",9,1,3,5,0,0,182,181
"V",9,1,3,5,0,1,1,1
"V",9,1,3,5,1,1,1,1
"V",9,1,3,6,0,0,118,118
"V",9,1,3,7,0,0,78,78
"V",9,1,3,8,0,0,44,44
"V",9,1,3,9,0,0,32,32
"V",9,1,4,-1,0,0,223,61
"V",9,1,4,-1,0,1,2,0
"V",9,1,4,-1,0,2,2,0
"V",9,1,4,-1,1,2,2,0
"V",9,1,4,-1,2,2,1,0
"V",9,1,4,-10,0,0,20,0
"V",9,1,4,-11,0,0,15,0
"V",9,1,4,-12,0,0,5,0
"V",9,1,4,-13,0,0,6,0
"V",9,1,4,-14,0,0,4,0
"V",9,1,4,-15,0,0,2,0
"V",9,1,4,-16,0,0,1,0
"V",9,1,4,-2,0,0,227,33
"V",9,1,4,-24,0,0,1,0
"V",9,1,4,-25,0,0,1,0
"V",9,1,4,-3,0,0,197,14
"V",9,1,4,-3,0,1,3,0
"V",9,1,4,-3,0,2,1,0
"V",9,1,4,-3,1,0,2,0
"V",9,1,4,-3,1,1,1,0
"V",9,1,4,-3,1,2,1,0
"V",9,1,4,-3,2,0,1,0
"V",9,1,4,-3,3,0,1,0
"V",9,1,4,-4,0,0,174,6
"V",9,1,4,-5,0,0,119,2
"V",9,1,4,-5,0,1,1,0
"V",9,1,4,-6,0,0,83,0
"V",9,1,4,-7,0,0,64,0
"V",9,1,4,-8,0,0,42,0
"V",9,1,4,-8,1,0,1,0
"V",9,1,4,-8,1,1,1,0
"V",9,1,4,-8,2,1,1,0
"V",9,1,4,-9,0,0,33,0
"V",9,1,4,0,0,0,222,138
"V",9,1,4,0,0,1,1,1
"V",9,1,4,0,1,0,1,1
"V",9,1,4,0,1,1,2,2
"V",9,1,4,0,1,2,1,1
"V",9,1,4,0,2,1,1,1
"V",9,1,4,0,2,2,1,1
"V",9,1,4,0,3,1,1,1
"V",9,1,4,1,0,0,240,211
"V",9,1,4,1,1,0,1,1
"V",9,1,4,1,1,1,1,1
"V",9,1,4,10,0,0,20,20
"V",9,1,4,11,0,0,11,11
"V",9,1,4,12,0,0,8,8
"V",9,1,4,13,0,0,5,5
"V",9,1,4,14,0,0,4,4
"V",9,1,4,15,0,0,2,2
"V",9,1,4,16,0,0,1,1
"V",9,1,4,17,0,0,2,2
"V",9,1,4,2,0,0,199,182
"V",9,1,4,20,0,0,1,1
"V",9,1,4,3,0,0,152,148
"V",9,1,4,4,0,0,141,141
"V",9,1,4,4,1,0,1,1
"V",9,1,4,4,1,1,1,1
"V",9,1,4,5,0,0,100,97
"V",9,1,4,6,0,0,57,57
"V",9,1,4,7,0,0,64,64
"V",9,1,4,8,0,0,40,40
"V",9,1,4,9,0,0,23,23
"V",9,1,5,-1,0,0,124,31
"V",9,1,5,-10,0,0,12,0
"V",9,1,5,-11,0,0,7,0
"V",9,1,5,-12,0,0,2,0
"V",9,1,5,-12,1,0,1,0
"V",9,1,5,-12,1,1,1,0
"V",9,1,5,-12,2,1,1,0
"V",9,1,5,-12,3,1,1,0
"V",9,1,5,-13,0,0,7,0
"V",9,1,5,-14,0,0,2,0
"V",9,1,5,-15,0,0,1,0
"V",9,1,5,-16,0,0,1,0
"V",9,1,5,-17,0,0,1,0
"V",9,1,5,-18,0,0,1,0
"V",9,1,5,-2,0,0,76,7
"V",9,1,5,-2,1,0,1,0
"V",9,1,5,-2,1,1,1,0
"V",9,1,5,-2,1,2,1,0
"V",9,1,5,-2,2,2,1,0
"V",9,1,5,-2,3,2,1,0
"V",9,1,5,-22,0,0,1,0
"V",9,1,5,-3,0,0,81,4
"V",9,1,5,-4,0,0,78,0
"V",9,1,5,-5,0,0,58,1
"V",9,1,5,-5,0,1,1,0
"V",9,1,5,-5,0,2,1,0
"V",9,1,5,-5,1,2,1,0
"V",9,1,5,-5,2,2,1,0
"V",9,1,5,-6,0,0,42,0
"V",9,1,5,-7,0,0,29,0
"V",9,1,5,-8,0,0,24,0
"V",9,1,5,-9,0,0,24,0
"V",9,1,5,0,0,0,159,97
"V",9,1,5,0,0,1,2,1
"V",9,1,5,0,0,2,2,1
"V",9,1,5,0,1,0,1,0
"V",9,1,5,0,2,0,1,0
"V",9,1,5,0,3,0,1,0
"V",9,1,5,1,0,0,171,149
"V",9,1,5,1,0,1,2,1
"V",9,1,5,1,1,1,2,1
"V",9,1,5,1,1,2,2,1
"V",9,1,5,1,2,2,2,1
"V",9,1,5,10,0,0,11,11
"V",9,1,5,11,0,0,10,10
"V",9,1,5,12,0,0,4,4
"V",9,1,5,13,0,0,4,4
"V",9,1,5,17,0,0,1,1
"V",9,1,5,18,0,0,1,1
"V",9,1,5,19,0,0,1,1
"V",9,1,5,2,0,0,152,144
"V",9,1,5,2,0,1,1,1
"V",9,1,5,2,0,2,1,1
"V",9,1,5,3,0,0,104,102
"V",9,1,5,4,0,0,116,113
"V",9,1,5,4,0,1,1,1
"V",9,1,5,4,1,1,1,1
"V",9,1,5,5,0,0,67,67
"V",9,1,5,6,0,0,48,48
"V",9,1,5,6,1,0,1,1
"V",9,1,5,6,2,0,1,1
"V",9,1,5,6,3,0,1,1
"V",9,1,5,7,0,0,51,51
"V",9,1,5,7,0,1,1,1
"V",9,1,5,7,1,0,1,1
"V",9,1,5,7,1,1,2,2
"V",9,1,5,7,2,1,2,2
"V",9,1,5,7,2,2,1,1
"V",9,1,5,7,3,2,1,1
"V",9,1,5,8,0,0,29,29
"V",9,1,5,9,0,0,15,15
"V",9,1,6,-1,0,0,107,49
"V",9,1,6,-1,0,1,1,0
"V",9,1,6,-1,0,2,1,0
"V",9,1,6,-1,1,0,2,0
"V",9,1,6,-1,1,1,1,0
"V",9,1,6,-1,1,2,1,0
"V",9,1,6,-1,2,0,1,0
"V",9,1,6,-1,2,1,1,0
"V",9,1,6,-10,0,0,4,0
"V",9,1,6,-11,0,0,7,0
"V",9,1,6,-12,0,0,4,0
"V",9,1,6,-13,0,0,2,0
"V",9,1,6,-14,0,0,3,0
"V",9,1,6,-15,0,0,1,0
"V",9,1,6,-2,0,0,98,15
"V",9,1,6,-2,0,1,1,0
"V",9,1,6,-2,1,1,1,0
"V",9,1,6,-2,1,2,1,0
"V",9,1,6,-22,0,0,1,0
"V",9,1,6,-3,0,0,92,8
"V",9,1,6,-4,0,0,73,1
"V",9,1,6,-4,1,0,1,0
"V",9,1,6,-4,2,0,1,0
"V",9,1,6,-4,3,0,1,0
"V",9,1,6,-4,3,1,1,0
"V",9,1,6,-4,3,2,1,0
"V",9,1,6,-5,0,0,69,0
"V",9,1,6,-6,0,0,34,0
"V",9,1,6,-7,0,0,36,0
"V",9,1,6,-8,0,0,22,0
"V",9,1,6,-9,0,0,13,0
"V",9,1,6,0,0,0,137,93
"V",9,1,6,0,0,1,1,0
"V",9,1,6,0,0,2,1,0
"V",9,1,6,0,1,0,1,1
"V",9,1,6,0,2,0,1,1
"V",9,1,6,1,0,0,149,133
"V",9,1,6,10,0,0,10,10
"V",9,1,6,11,0,0,8,8
"V",9,1,6,12,0,0,7,7
"V",9,1,6,13,0,0,3,3
"V",9,1,6,14,0,0,2,2
"V",9,1,6,15,0,0,3,3
"V",9,1,6,18,0,0,1,1
"V",9,1,6,2,0,0,93,89
"V",9,1,6,2,1,0,1,1
"V",9,1,6,2,1,1,1,1
"V",9,1,6,2,2,1,1,1
"V",9,1,6,3,0,0,97,93
"V",9,1,6,4,0,0,83,82
"V",9,1,6,5,0,0,63,63
"V",9,1,6,6,0,0,53,53
"V",9,1,6,7,0,0,39,39
"V",9,1,6,8,0,0,23,23
"V",9,1,6,9,0,0,12,12
"V",9,1,7,-1,0,0,105,42
"V",9,1,7,-10,0,0,9,0
"V",9,1,7,-11,0,0,3,0
"V",9,1,7,-12,0,0,1,0
"V",9,1,7,-13,0,0,2,0
"V",9,1,7,-15,0,0,1,0
"V",9,1,7,-2,0,0,107,22
"V",9,1,7,-21,0,0,1,0
"V",9,1,7,-3,0,0,56,6
"V",9,1,7,-3,0,1,1,0
"V",9,1,7,-3,0,2,1,0
"V",9,1,7,-4,0,0,40,4
"V",9,1,7,-5,0,0,27,0
"V",9,1,7,-6,0,0,30,0
"V",9,1,7,-7,0,0,23,0
"V",9,1,7,-8,0,0,10,0
"V",9,1,7,-9,0,0,12,0
"V",9,1,7,0,0,0,115,82
"V",9,1,7,1,0,0,114,97
"V",9,1,7,10,0,0,8,8
"V",9,1,7,11,0,0,3,3
"V",9,1,7,12,0,0,2,2
"V",9,1,7,14,0,0,1,1
"V",9,1,7,15,0,0,1,1
"V",9,1,7,2,0,0,100,97
"V",9,1,7,3,0,0,97,95
"V",9,1,7,3,1,0,1,1
"V",9,1,7,3,1,1,1,1
"V",9,1,7,4,0,0,56,56
"V",9,1,7,5,0,0,52,52
"V",9,1,7,6,0,0,39,39
"V",9,1,7,7,0,0,28,28
"V",9,1,7,8,0,0,25,25
"V",9,1,7,9,0,0,8,8
"V",9,1,8,-1,0,0,83,38
"V",9,1,8,-1,0,1,2,1
"V",9,1,8,-1,0,2,1,1
"V",9,1,8,-1,1,1,1,0
"V",9,1,8,-1,1,2,1,1
"V",9,1,8,-1,2,2,1,1
"V",9,1,8,-1,3,2,1,1
"V",9,1,8,-10,0,0,11,0
"V",9,1,8,-11,0,0,6,0
"V",9,1,8,-12,0,0,1,0
"V",9,1,8,-15,0,0,2,0
"V",9,1,8,-16,0,0,1,0
"V",9,1,8,-2,0,0,70,16
"V",9,1,8,-2,1,0,1,0
"V",9,1,8,-3,0,0,51,14
"V",9,1,8,-3,0,1,1,0
"V",9,1,8,-3,0,2,1,0
"V",9,1,8,-3,1,0,1,0
"V",9,1,8,-3,2,0,1,0
"V",9,1,8,-3,3,0,1,0
"V",9,1,8,-3,3,1,1,0
"V",9,1,8,-4,0,0,51,5
"V",9,1,8,-4,1,0,1,1
"V",9,1,8,-4,2,0,1,1
"V",9,1,8,-5,0,0,29,2
"V",9,1,8,-5,1,0,1,0
"V",9,1,8,-5,1,1,1,0
"V",9,1,8,-5,1,2,1,0
"V",9,1,8,-6,0,0,27,0
"V",9,1,8,-7,0,0,28,0
"V",9,1,8,-8,0,0,8,0
"V",9,1,8,-9,0,0,12,0
"V",9,1,8,0,0,0,99,71
"V",9,1,8,1,0,0,96,87
"V",9,1,8,10,0,0,4,4
"V",9,1,8,11,0,0,1,1
"V",9,1,8,12,0,0,3,3
"V",9,1,8,13,0,0,1,1
"V",9,1,8,14,0,0,1,1
"V",9,1,8,15,0,0,1,1
"V",9,1,8,2,0,0,53,52
"V",9,1,8,3,0,0,52,52
"V",9,1,8,4,0,0,48,48
"V",9,1,8,5,0,0,34,34
"V",9,1,8,6,0,0,18,18
"V",9,1,8,7,0,0,21,21
"V",9,1,8,8,0,0,17,17
"V",9,1,8,9,0,0,6,6
"V",9,2,1,-1,0,0,1209,31
"V",9,2,1,-1,0,1,7,0
"V",9,2,1,-1,0,2,6,0
"V",9,2,1,-1,1,0,3,0
"V",9,2,1,-1,1,1,2,0
"V",9,2,1,-1,1,2,5,0
"V",9,2,1,-1,2,0,1,0
"V",9,2,1,-1,2,1,2,0
"V",9,2,1,-1,2,2,4,0
"V",9,2,1,-1,3,2,3,0
"V",9,2,1,-10,0,0,95,0
"V",9,2,1,-11,0,0,44,0
"V",9,2,1,-11,1,0,1,0
"V",9,2,1,-11,1,1,1,0
"V",9,2,1,-12,0,0,34,0
"V",9,2,1,-13,0,0,24,0
"V",9,2,1,-14,0,0,17,0
"V",9,2,1,-15,0,0,6,0
"V",9,2,1,-16,0,0,6,0
"V",9,2,1,-17,0,0,3,0
"V",9,2,1,-18,0,0,1,0
"V",9,2,1,-19,0,0,1,0
"V",9,2,1,-2,0,0,1064,5
"V",9,2,1,-2,0,1,3,0
"V",9,2,1,-2,0,2,2,0
"V",9,2,1,-2,1,0,3,0
"V",9,2,1,-2,1,1,1,0
"V",9,2,1,-2,1,2,2,0
"V",9,2,1,-2,2,0,1,0
"V",9,2,1,-2,2,1,1,0
"V",9,2,1,-2,3,1,1,0
"V",9,2,1,-2,3,2,1,0
"V",9,2,1,-21,0,0,2,0
"V",9,2,1,-3,0,0,859,2
"V",9,2,1,-3,0,1,3,0
"V",9,2,1,-3,0,2,2,0
"V",9,2,1,-3,1,0,4,0
"V",9,2,1,-3,1,1,3,0
"V",9,2,1,-3,1,2,3,0
"V",9,2,1,-3,2,0,1,0
"V",9,2,1,-3,2,2,1,0
"V",9,2,1,-3,3,0,1,0
"V",9,2,1,-4,0,0,718,0
"V",9,2,1,-5,0,0,480,0
"V",9,2,1,-5,0,1,2,0
"V",9,2,1,-5,0,2,2,0
"V",9,2,1,-5,1,2,1,0
"V",9,2,1,-5,2,2,1,0
"V",9,2,1,-6,0,0,354,0
"V",9,2,1,-6,1,0,1,0
"V",9,2,1,-6,2,0,1,0
"V",9,2,1,-6,3,0,1,0
"V",9,2,1,-7,0,0,270,0
"V",9,2,1,-8,0,0,184,0
"V",9,2,1,-8,1,0,1,0
"V",9,2,1,-9,0,0,110,0
"V",9,2,1,0,0,0,1251,439
"V",9,2,1,0,0,1,5,2
"V",9,2,1,0,0,2,2,1
"V",9,2,1,0,1,0,1,1
"V",9,2,1,0,1,1,3,1
"V",9,2,1,0,1,2,1,1
"V",9,2,1,0,2,0,1,1
"V",9,2,1,0,2,1,1,0
"V",9,2,1,0,2,2,1,1
"V",9,2,1,0,3,0,1,1
"V",9,2,1,0,3,1,2,1
"V",9,2,1,0,3,2,2,1
"V",9,2,1,1,0,0,1223,1024
"V",9,2,1,1,0,1,3,3
"V",9,2,1,1,0,2,1,1
"V",9,2,1,1,1,0,3,3
"V",9,2,1,1,1,1,4,4
"V",9,2,1,1,1,2,1,1
"V",9,2,1,1,2,1,3,3
"V",9,2,1,1,2,2,3,3
"V",9,2,1,10,0,0,66,66
"V",9,2,1,11,0,0,37,37
"V",9,2,1,12,0,0,24,24
"V",9,2,1,13,0,0,21,21
"V",9,2,1,14,0,0,14,14
"V",9,2,1,15,0,0,6,6
"V",9,2,1,16,0,0,4,4
"V",9,2,1,17,0,0,1,1
"V",9,2,1,18,0,0,2,2
"V",9,2,1,19,0,0,1,1
"V",9,2,1,2,0,0,1051,967
"V",9,2,1,2,0,1,2,2
"V",9,2,1,2,0,2,1,1
"V",9,2,1,2,1,0,7,7
"V",9,2,1,2,1,1,3,3
"V",9,2,1,2,1,2,1,1
"V",9,2,1,2,2,0,3,3
"V",9,2,1,2,2,1,4,4
"V",9,2,1,2,2,2,2,2
"V",9,2,1,2,3,1,2,2
"V",9,2,1,2,3,2,2,2
"V",9,2,1,23,0,0,1,1
"V",9,2,1,3,0,0,833,809
"V",9,2,1,3,0,1,3,3
"V",9,2,1,3,1,0,2,2
"V",9,2,1,3,1,1,4,4
"V",9,2,1,3,1,2,2,2
"V",9,2,1,3,2,0,1,1
"V",9,2,1,3,2,1,3,3
"V",9,2,1,3,2,2,2,2
"V",9,2,1,3,3,1,1,1
"V",9,2,1,3,3,2,1,1
"V",9,2,1,4,0,0,645,628
"V",9,2,1,4,0,1,1,1
"V",9,2,1,4,1,0,2,2
"V",9,2,1,4,1,1,3,3
"V",9,2,1,4,1,2,2,2
"V",9,2,1,4,2,1,1,1
"V",9,2,1,4,2,2,3,3
"V",9,2,1,4,3,2,1,1
"V",9,2,1,5,0,0,493,489
"V",9,2,1,5,0,1,1,1
"V",9,2,1,5,1,0,2,2
"V",9,2,1,5,1,1,1,1
"V",9,2,1,5,1,2,1,1
"V",9,2,1,5,2,0,1,1
"V",9,2,1,5,2,1,1,1
"V",9,2,1,5,2,2,2,2
"V",9,2,1,5,3,2,1,1
"V",9,2,1,6,0,0,327,325
"V",9,2,1,6,0,1,2,2
"V",9,2,1,6,0,2,2,2
"V",9,2,1,6,1,0,2,2
"V",9,2,1,6,1,1,1,1
"V",9,2,1,6,1,2,1,1
"V",9,2,1,6,2,1,1,1
"V",9,2,1,6,2,2,1,1
"V",9,2,1,7,0,0,234,234
"V",9,2,1,7,1,0,2,2
"V",9,2,1,7,1,1,1,1
"V",9,2,1,7,2,0,1,1
"V",9,2,1,7,3,0,1,1
"V",9,2,1,8,0,0,156,156
"V",9,2,1,8,1,0,1,1
"V",9,2,1,8,1,1,1,1
"V",9,2,1,8,2,1,1,1
"V",9,2,1,9,0,0,104,104
"V",9,2,2,-1,0,0,762,45
"V",9,2,2,-1,0,1,3,0
"V",9,2,2,-1,1,0,3,0
"V",9,2,2,-1,1,1,1,0
"V",9,2,2,-1,1,2,1,0
"V",9,2,2,-1,2,0,1,0
"V",9,2,2,-1,3,0,1,0
"V",9,2,2,-10,0,0,57,0
"V",9,2,2,-11,0,0,30,0
"V",9,2,2,-12,0,0,32,0
"V",9,2,2,-13,0,0,17,0
"V",9,2,2,-14,0,0,11,0
"V",9,2,2,-15,0,0,2,0
"V",9,2,2,-16,0,0,5,0
"V",9,2,2,-17,0,0,1,0
"V",9,2,2,-18,0,0,2,0
"V",9,2,2,-19,0,0,1,0
"V",9,2,2,-2,0,0,725,16
"V",9,2,2,-2,0,1,2,0
"V",9,2,2,-3,0,0,645,5
"V",9,2,2,-3,1,0,3,0
"V",9,2,2,-3,1,1,2,0
"V",9,2,2,-3,2,0,1,0
"V",9,2,2,-3,2,1,1,0
"V",9,2,2,-3,2,2,1,0
"V",9,2,2,-3,3,0,1,0
"V",9,2,2,-3,3,1,1,0
"V",9,2,2,-3,3,2,1,0
"V",9,2,2,-4,0,0,471,0
"V",9,2,2,-5,0,0,344,0
"V",9,2,2,-5,1,0,1,0
"V",9,2,2,-5,2,0,1,0
"V",9,2,2,-5,3,0,1,0
"V",9,2,2,-5,3,1,1,0
"V",9,2,2,-5,3,2,1,0
"V",9,2,2,-6,0,0,222,0
"V",9,2,2,-6,0,1,1,0
"V",9,2,2,-6,1,1,1,0
"V",9,2,2,-7,0,0,180,0
"V",9,2,2,-7,0,1,1,0
"V",9,2,2,-8,0,0,124,0
"V",9,2,2,-8,0,1,1,0
"V",9,2,2,-8,0,2,1,0
"V",9,2,2,-9,0,0,79,0
"V",9,2,2,0,0,0,710,302
"V",9,2,2,0,0,1,1,0
"V",9,2,2,0,1,0,2,2
"V",9,2,2,1,0,0,718,600
"V",9,2,2,1,0,1,2,1
"V",9,2,2,1,0,2,1,1
"V",9,2,2,1,1,0,3,2
"V",9,2,2,1,1,1,2,0
"V",9,2,2,1,1,2,1,1
"V",9,2,2,1,2,0,1,1
"V",9,2,2,1,2,1,2,0
"V",9,2,2,1,2,2,1,0
"V",9,2,2,1,3,0,1,1
"V",9,2,2,1,3,1,1,0
"V",9,2,2,1,3,2,1,0
"V",9,2,2,10,0,0,48,48
"V",9,2,2,11,0,0,34,34
"V",9,2,2,12,0,0,21,21
"V",9,2,2,13,0,0,23,23
"V",9,2,2,14,0,0,18,18
"V",9,2,2,15,0,0,10,10
"V",9,2,2,16,0,0,4,4
"V",9,2,2,17,0,0,2,2
"V",9,2,2,18,0,0,2,2
"V",9,2,2,19,0,0,1,1
"V",9,2,2,2,0,0,614,569
"V",9,2,2,2,1,0,6,4
"V",9,2,2,2,1,1,2,2
"V",9,2,2,2,2,0,2,1
"V",9,2,2,2,2,1,1,1
"V",9,2,2,2,3,0,1,0
"V",9,2,2,23,0,0,1,1
"V",9,2,2,3,0,0,515,496
"V",9,2,2,3,0,1,1,1
"V",9,2,2,3,1,0,2,2
"V",9,2,2,3,1,1,2,2
"V",9,2,2,3,1,2,2,2
"V",9,2,2,3,2,0,1,1
"V",9,2,2,3,2,1,1,1
"V",9,2,2,3,2,2,1,1
"V",9,2,2,3,3,1,1,1
"V",9,2,2,4,0,0,417,408
"V",9,2,2,4,0,1,3,3
"V",9,2,2,4,1,0,1,1
"V",9,2,2,4,1,1,3,3
"V",9,2,2,4,1,2,3,3
"V",9,2,2,4,2,2,1,1
"V",9,2,2,5,0,0,348,344
"V",9,2,2,5,1,0,2,2
"V",9,2,2,5,2,0,1,1
"V",9,2,2,6,0,0,232,231
"V",9,2,2,7,0,0,167,167
"V",9,2,2,7,0,1,1,1
"V",9,2,2,7,0,2,1,1
"V",9,2,2,7,1,0,1,1
"V",9,2,2,7,2,0,1,1
"V",9,2,2,8,0,0,134,134
"V",9,2,2,8,0,1,1,1
"V",9,2,2,8,0,2,1,1
"V",9,2,2,8,1,2,1,1
"V",9,2,2,8,2,2,1,1
"V",9,2,2,8,3,2,1,1
"V",9,2,2,9,0,0,89,89
"V",9,2,3,-1,0,0,385,36
"V",9,2,3,-1,0,1,2,0
"V",9,2,3,-1,0,2,1,0
"V",9,2,3,-1,1,0,2,0
"V",9,2,3,-1,1,1,2,0
"V",9,2,3,-1,1,2,3,0
"V",9,2,3,-1,2,0,1,0
"V",9,2,3,-1,2,2,1,0
"V",9,2,3,-1,3,0,1,0
"V",9,2,3,-1,3,1,1,0
"V",9,2,3,-1,3,2,1,0
"V",9,2,3,-10,0,0,45,0
"V",9,2,3,-11,0,0,19,0
"V",9,2,3,-12,0,0,15,0
"V",9,2,3,-13,0,0,12,0
"V",9,2,3,-14,0,0,5,0
"V",9,2,3,-15,0,0,4,0
"V",9,2,3,-16,0,0,2,0
"V",9,2,3,-19,0,0,1,0
"V",9,2,3,-2,0,0,276,8
"V",9,2,3,-2,0,1,1,0
"V",9,2,3,-2,0,2,1,0
"V",9,2,3,-2,1,2,1,0
"V",9,2,3,-2,2,2,1,0
"V",9,2,3,-20,0,0,1,0
"V",9,2,3,-21,0,0,1,0
"V",9,2,3,-3,0,0,293,2
"V",9,2,3,-3,0,1,1,0
"V",9,2,3,-3,1,0,1,0
"V",9,2,3,-3,2,0,1,0
"V",9,2,3,-3,2,1,1,0
"V",9,2,3,-3,3,1,1,0
"V",9,2,3,-4,0,0,249,0
"V",9,2,3,-4,0,1,1,0
"V",9,2,3,-4,1,1,1,0
"V",9,2,3,-5,0,0,202,1
"V",9,2,3,-6,0,0,136,0
"V",9,2,3,-6,1,0,2,0
"V",9,2,3,-6,1,1,1,0
"V",9,2,3,-6,1,2,1,0
"V",9,2,3,-6,2,0,1,0
"V",9,2,3,-6,2,2,1,0
"V",9,2,3,-6,3,0,1,0
"V",9,2,3,-6,3,2,1,0
"V",9,2,3,-7,0,0,121,0
"V",9,2,3,-7,0,1,2,0
"V",9,2,3,-7,0,2,1,0
"V",9,2,3,-8,0,0,78,0
"V",9,2,3,-9,0,0,45,0
"V",9,2,3,0,0,0,436,203
"V",9,2,3,0,0,1,1,0
"V",9,2,3,0,0,2,1,0
"V",9,2,3,0,1,0,4,3
"V",9,2,3,0,2,0,2,1
"V",9,2,3,0,3,0,1,0
"V",9,2,3,1,0,0,491,421
"V",9,2,3,1,0,1,3,3
"V",9,2,3,1,0,2,1,1
"V",9,2,3,1,1,0,4,4
"V",9,2,3,1,1,1,2,2
"V",9,2,3,1,1,2,2,2
"V",9,2,3,1,2,0,3,3
"V",9,2,3,1,2,1,1,1
"V",9,2,3,1,2,2,2,2
"V",9,2,3,1,3,0,3,3
"V",9,2,3,1,3,1,1,1
"V",9,2,3,1,3,2,2,2
"V",9,2,3,10,0,0,27,27
"V",9,2,3,11,0,0,23,23
"V",9,2,3,12,0,0,15,15
"V",9,2,3,13,0,0,11,11
"V",9,2,3,14,0,0,9,9
"V",9,2,3,15,0,0,4,4
"V",9,2,3,16,0,0,3,3
"V",9,2,3,17,0,0,3,3
"V",9,2,3,18,0,0,1,1
"V",9,2,3,19,0,0,1,1
"V",9,2,3,2,0,0,414,390
"V",9,2,3,2,0,1,3,3
"V",9,2,3,2,0,2,1,1
"V",9,2,3,2,1,0,3,3
"V",9,2,3,2,1,1,3,3
"V",9,2,3,2,2,0,1,1
"V",9,2,3,2,2,1,2,2
"V",9,2,3,2,3,1,1,1
"V",9,2,3,20,0,0,2,2
"V",9,2,3,3,0,0,367,352
"V",9,2,3,3,1,0,2,2
"V",9,2,3,3,1,1,1,1
"V",9,2,3,3,2,0,1,1
"V",9,2,3,3,2,1,1,1
"V",9,2,3,3,3,1,1,1
"V",9,2,3,4,0,0,272,267
"V",9,2,3,4,1,0,1,0
"V",9,2,3,4,2,0,1,0
"V",9,2,3,4,2,1,1,0
"V",9,2,3,4,3,1,1,0
"V",9,2,3,4,3,2,1,0
"V",9,2,3,5,0,0,254,252
"V",9,2,3,5,0,1,1,1
"V",9,2,3,5,1,0,1,1
"V",9,2,3,5,1,1,1,1
"V",9,2,3,5,2,0,1,1
"V",9,2,3,5,2,1,2,2
"V",9,2,3,6,0,0,162,162
"V",9,2,3,7,0,0,93,93
"V",9,2,3,8,0,0,70,70
"V",9,2,3,9,0,0,45,45
"V",9,2,4,-1,0,0,294,41
"V",9,2,4,-1,0,1,1,0
"V",9,2,4,-1,1,0,2,0
"V",9,2,4,-1,1,1,2,0
"V",9,2,4,-1,1,2,1,0
"V",9,2,4,-1,2,0,1,0
"V",9,2,4,-1,2,1,1,0
"V",9,2,4,-1,3,0,1,0
"V",9,2,4,-10,0,0,18,0
"V",9,2,4,-11,0,0,14,0
"V",9,2,4,-12,0,0,7,0
"V",9,2,4,-13,0,0,7,0
"V",9,2,4,-14,0,0,7,0
"V",9,2,4,-19,0,0,1,0
"V",9,2,4,-2,0,0,264,13
"V",9,2,4,-2,1,0,1,0
"V",9,2,4,-2,1,1,1,0
"V",9,2,4,-2,2,1,1,0
"V",9,2,4,-2,2,2,1,0
"V",9,2,4,-2,3,2,1,0
"V",9,2,4,-3,0,0,238,2
"V",9,2,4,-3,1,0,1,0
"V",9,2,4,-3,1,1,1,0
"V",9,2,4,-3,1,2,1,0
"V",9,2,4,-4,0,0,174,2
"V",9,2,4,-5,0,0,143,0
"V",9,2,4,-5,1,0,1,0
"V",9,2,4,-5,2,0,1,0
"V",9,2,4,-5,2,1,1,0
"V",9,2,4,-5,2,2,1,0
"V",9,2,4,-6,0,0,87,0
"V",9,2,4,-6,1,0,1,0
"V",9,2,4,-6,1,1,1,0
"V",9,2,4,-6,2,1,1,0
"V",9,2,4,-6,2,2,1,0
"V",9,2,4,-7,0,0,62,0
"V",9,2,4,-8,0,0,44,0
"V",9,2,4,-9,0,0,31,0
"V",9,2,4,0,0,0,303,141
"V",9,2,4,0,0,1,1,0
"V",9,2,4,0,0,2,1,0
"V",9,2,4,0,1,0,3,3
"V",9,2,4,0,1,2,1,0
"V",9,2,4,0,2,0,1,1
"V",9,2,4,0,3,0,1,1
"V",9,2,4,1,0,0,320,272
"V",9,2,4,1,0,1,1,1
"V",9,2,4,1,1,0,2,2
"V",9,2,4,1,1,1,2,2
"V",9,2,4,10,0,0,25,25
"V",9,2,4,10,1,0,1,1
"V",9,2,4,10,1,1,1,1
"V",9,2,4,10,1,2,1,1
"V",9,2,4,11,0,0,18,18
"V",9,2,4,12,0,0,6,6
"V",9,2,4,13,0,0,7,7
"V",9,2,4,14,0,0,7,7
"V",9,2,4,15,0,0,3,3
"V",9,2,4,16,0,0,2,2
"V",9,2,4,16,1,0,1,1
"V",9,2,4,16,1,1,1,1
"V",9,2,4,16,2,1,1,1
"V",9,2,4,17,0,0,1,1
"V",9,2,4,18,0,0,3,3
"V",9,2,4,2,0,0,244,229
"V",9,2,4,3,0,0,186,178
"V",9,2,4,3,0,1,1,1
"V",9,2,4,3,0,2,1,1
"V",9,2,4,3,1,2,1,1
"V",9,2,4,4,0,0,180,177
"V",9,2,4,5,0,0,126,125
"V",9,2,4,6,0,0,94,94
"V",9,2,4,7,0,0,59,59
"V",9,2,4,8,0,0,52,52
"V",9,2,4,9,0,0,52,52
"V",9,2,4,9,1,0,1,1
"V",9,2,4,9,1,1,1,1
"V",9,2,4,9,2,1,1,1
"V",9,2,4,9,2,2,1,1
"V",9,2,5,-1,0,0,189,25
"V",9,2,5,-1,0,1,2,0
"V",9,2,5,-1,0,2,2,0
"V",9,2,5,-1,1,2,2,0
"V",9,2,5,-1,2,2,1,0
"V",9,2,5,-1,3,2,1,0
"V",9,2,5,-10,0,0,23,0
"V",9,2,5,-11,0,0,9,0
"V",9,2,5,-12,0,0,11,0
"V",9,2,5,-13,0,0,7,0
"V",9,2,5,-14,0,0,4,0
"V",9,2,5,-15,0,0,3,0
"V",9,2,5,-16,0,0,3,0
"V",9,2,5,-18,0,0,1,0
"V",9,2,5,-19,0,0,1,0
"V",9,2,5,-2,0,0,128,4
"V",9,2,5,-2,0,1,1,0
"V",9,2,5,-20,0,0,1,0
"V",9,2,5,-3,0,0,133,2
"V",9,2,5,-4,0,0,130,1
"V",9,2,5,-4,1,0,1,0
"V",9,2,5,-4,1,1,1,0
"V",9,2,5,-4,2,1,1,0
"V",9,2,5,-5,0,0,104,0
"V",9,2,5,-5,1,0,1,0
"V",9,2,5,-5,2,0,1,0
"V",9,2,5,-6,0,0,87,0
"V",9,2,5,-7,0,0,58,0
"V",9,2,5,-8,0,0,39,0
"V",9,2,5,-9,0,0,28,0
"V",9,2,5,0,0,0,202,90
"V",9,2,5,0,0,1,2,1
"V",9,2,5,0,0,2,2,1
"V",9,2,5,0,1,0,2,1
"V",9,2,5,0,2,0,1,0
"V",9,2,5,0,3,0,1,0
"V",9,2,5,1,0,0,198,163
"V",9,2,5,10,0,0,7,7
"V",9,2,5,11,0,0,11,11
"V",9,2,5,12,0,0,7,7
"V",9,2,5,13,0,0,8,8
"V",9,2,5,14,0,0,2,2
"V",9,2,5,15,0,0,1,1
"V",9,2,5,16,0,0,1,1
"V",9,2,5,17,0,0,1,1
"V",9,2,5,18,0,0,1,1
"V",9,2,5,19,0,0,1,1
"V",9,2,5,2,0,0,185,164
"V",9,2,5,2,1,0,1,1
"V",9,2,5,3,0,0,160,155
"V",9,2,5,3,0,1,1,1
"V",9,2,5,3,0,2,1,1
"V",9,2,5,4,0,0,140,138
"V",9,2,5,5,0,0,100,99
"V",9,2,5,5,0,1,1,1
"V",9,2,5,5,0,2,1,1
"V",9,2,5,5,1,0,1,1
"V",9,2,5,5,1,2,1,1
"V",9,2,5,5,2,0,1,1
"V",9,2,5,5,2,1,1,1
"V",9,2,5,5,2,2,1,1
"V",9,2,5,5,3,1,1,1
"V",9,2,5,5,3,2,1,1
"V",9,2,5,6,0,0,72,72
"V",9,2,5,7,0,0,61,61
"V",9,2,5,8,0,0,39,39
"V",9,2,5,9,0,0,26,26
"V",9,2,6,-1,0,0,158,25
"V",9,2,6,-1,0,1,1,0
"V",9,2,6,-1,1,0,1,0
"V",9,2,6,-1,1,1,1,0
"V",9,2,6,-10,0,0,19,0
"V",9,2,6,-10,1,0,1,0
"V",9,2,6,-11,0,0,9,0
"V",9,2,6,-12,0,0,6,0
"V",9,2,6,-13,0,0,4,0
"V",9,2,6,-14,0,0,3,0
"V",9,2,6,-15,0,0,2,0
"V",9,2,6,-16,0,0,3,0
"V",9,2,6,-17,0,0,1,0
"V",9,2,6,-2,0,0,135,12
"V",9,2,6,-2,0,1,1,1
"V",9,2,6,-2,0,2,1,1
"V",9,2,6,-2,1,2,1,1
"V",9,2,6,-20,0,0,1,0
"V",9,2,6,-22,0,0,1,0
"V",9,2,6,-24,0,0,1,0
"V",9,2,6,-3,0,0,109,8
"V",9,2,6,-3,1,0,1,0
"V",9,2,6,-3,2,0,1,0
"V",9,2,6,-3,3,0,1,0
"V",9,2,6,-4,0,0,94,0
"V",9,2,6,-5,0,0,65,0
"V",9,2,6,-6,0,0,39,0
"V",9,2,6,-7,0,0,35,0
"V",9,2,6,-8,0,0,28,0
"V",9,2,6,-9,0,0,20,0
"V",9,2,6,0,0,0,173,76
"V",9,2,6,0,0,1,1,0
"V",9,2,6,0,1,1,1,0
"V",9,2,6,1,0,0,145,123
"V",9,2,6,10,0,0,16,16
"V",9,2,6,11,0,0,6,6
"V",9,2,6,12,0,0,6,6
"V",9,2,6,13,0,0,4,4
"V",9,2,6,14,0,0,4,4
"V",9,2,6,15,0,0,1,1
"V",9,2,6,2,0,0,121,112
"V",9,2,6,2,1,0,1,1
"V",9,2,6,3,0,0,122,115
"V",9,2,6,3,1,0,2,2
"V",9,2,6,3,2,0,1,1
"V",9,2,6,3,3,0,1,1
"V",9,2,6,3,3,1,1,1
"V",9,2,6,3,3,2,1,1
"V",9,2,6,4,0,0,89,87
"V",9,2,6,4,1,0,1,1
"V",9,2,6,4,2,0,1,1
"V",9,2,6,4,3,0,1,1
"V",9,2,6,5,0,0,83,82
"V",9,2,6,6,0,0,48,48
"V",9,2,6,7,0,0,35,35
"V",9,2,6,7,1,0,1,1
"V",9,2,6,7,1,1,1,1
"V",9,2,6,7,2,1,1,1
"V",9,2,6,7,2,2,1,1
"V",9,2,6,7,3,2,1,1
"V",9,2,6,8,0,0,27,27
"V",9,2,6,9,0,0,14,14
"V",9,2,7,-1,0,0,108,23
"V",9,2,7,-1,1,0,1,0
"V",9,2,7,-1,1,1,1,0
"V",9,2,7,-1,1,2,1,0
"V",9,2,7,-10,0,0,8,0
"V",9,2,7,-10,1,0,1,0
"V",9,2,7,-10,1,1,1,0
"V",9,2,7,-11,0,0,4,0
"V",9,2,7,-12,0,0,3,0
"V",9,2,7,-13,0,0,7,0
"V",9,2,7,-14,0,0,1,0
"V",9,2,7,-15,0,0,1,0
"V",9,2,7,-16,0,0,2,0
"V",9,2,7,-2,0,0,87,11
"V",9,2,7,-2,0,1,3,3
"V",9,2,7,-2,0,2,3,3
"V",9,2,7,-2,1,2,2,2
"V",9,2,7,-3,0,0,97,1
"V",9,2,7,-4,0,0,67,0
"V",9,2,7,-5,0,0,57,0
"V",9,2,7,-6,0,0,39,0
"V",9,2,7,-7,0,0,30,0
"V",9,2,7,-7,1,0,1,0
"V",9,2,7,-7,2,0,1,0
"V",9,2,7,-8,0,0,24,0
"V",9,2,7,-9,0,0,14,0
"V",9,2,7,0,0,0,125,63
"V",9,2,7,0,0,1,2,1
"V",9,2,7,0,1,1,2,1
"V",9,2,7,0,2,1,2,1
"V",9,2,7,1,0,0,130,113
"V",9,2,7,10,0,0,15,15
"V",9,2,7,11,0,0,5,5
"V",9,2,7,12,0,0,4,4
"V",9,2,7,13,0,0,4,4
"V",9,2,7,14,0,0,2,2
"V",9,2,7,15,0,0,1,1
"V",9,2,7,16,0,0,3,3
"V",9,2,7,16,1,0,1,1
"V",9,2,7,16,1,1,1,1
"V",9,2,7,16,2,1,1,1
"V",9,2,7,16,2,2,1,1
"V",9,2,7,17,0,0,1,1
"V",9,2,7,2,0,0,123,115
"V",9,2,7,2,0,1,1,1
"V",9,2,7,2,1,1,1,1
"V",9,2,7,2,1,2,1,1
"V",9,2,7,2,2,2,1,1
"V",9,2,7,2,3,2,1,1
"V",9,2,7,3,0,0,84,80
"V",9,2,7,3,1,0,1,1
"V",9,2,7,3,2,0,1,1
"V",9,2,7,3,3,0,1,1
"V",9,2,7,3,3,1,1,1
"V",9,2,7,3,3,2,1,1
"V",9,2,7,4,0,0,88,87
"V",9,2,7,5,0,0,42,40
"V",9,2,7,5,1,0,1,1
"V",9,2,7,6,0,0,29,29
"V",9,2,7,7,0,0,31,31
"V",9,2,7,8,0,0,17,17
"V",9,2,7,9,0,0,12,12
"V",9,2,8,-1,0,0,104,25
"V",9,2,8,-1,0,1,3,0
"V",9,2,8,-1,0,2,2,0
"V",9,2,8,-1,1,0,1,0
"V",9,2,8,-1,1,1,1,0
"V",9,2,8,-1,2,0,1,0
"V",9,2,8,-1,2,1,1,0
"V",9,2,8,-1,3,0,1,0
"V",9,2,8,-1,3,1,1,0
"V",9,2,8,-1,3,2,1,0
"V",9,2,8,-10,0,0,4,0
"V",9,2,8,-10,1,0,1,0
"V",9,2,8,-11,0,0,4,0
"V",9,2,8,-12,0,0,3,0
"V",9,2,8,-13,0,0,1,0
"V",9,2,8,-14,0,0,1,0
"V",9,2,8,-15,0,0,2,0
"V",9,2,8,-16,0,0,1,0
"V",9,2,8,-2,0,0,84,8
"V",9,2,8,-2,0,1,1,0
"V",9,2,8,-2,0,2,1,0
"V",9,2,8,-2,1,0,1,0
"V",9,2,8,-2,1,1,1,0
"V",9,2,8,-2,1,2,1,0
"V",9,2,8,-2,2,2,1,0
"V",9,2,8,-24,0,0,1,0
"V",9,2,8,-3,0,0,76,3
"V",9,2,8,-3,0,1,1,0
"V",9,2,8,-3,0,2,1,0
"V",9,2,8,-3,1,0,1,0
"V",9,2,8,-3,1,1,1,0
"V",9,2,8,-3,2,1,1,0
"V",9,2,8,-3,2,2,1,0
"V",9,2,8,-3,3,2,1,0
"V",9,2,8,-4,0,0,58,3
"V",9,2,8,-5,0,0,41,0
"V",9,2,8,-6,0,0,28,0
"V",9,2,8,-7,0,0,22,0
"V",9,2,8,-8,0,0,6,0
"V",9,2,8,-9,0,0,8,0
"V",9,2,8,0,0,0,136,70
"V",9,2,8,1,0,0,133,111
"V",9,2,8,1,1,0,1,1
"V",9,2,8,1,2,0,1,1
"V",9,2,8,1,3,0,1,1
"V",9,2,8,10,0,0,7,7
"V",9,2,8,11,0,0,5,5
"V",9,2,8,12,0,0,2,2
"V",9,2,8,13,0,0,1,1
"V",9,2,8,14,0,0,2,2
"V",9,2,8,16,0,0,1,1
"V",9,2,8,17,0,0,1,1
"V",9,2,8,18,0,0,1,1
"V",9,2,8,2,0,0,77,75
"V",9,2,8,3,0,0,57,57
"V",9,2,8,4,0,0,53,53
"V",9,2,8,4,1,0,1,1
"V",9,2,8,4,2,0,1,1
"V",9,2,8,4,2,1,1,1
"V",9,2,8,5,0,0,45,45
"V",9,2,8,6,0,0,33,33
"V",9,2,8,7,0,0,23,23
"V",9,2,8,8,0,0,20,20
"V",9,2,8,8,0,1,1,1
"V",9,2,8,8,1,1,1,1
"V",9,2,8,8,2,1,1,1
"V",9,2,8,9,0,0,9,9
"V",10,0,1,0,0,0,2110,969
"V",10,0,1,0,0,1,6,4
"V",10,0,1,0,0,2,3,3
"V",10,0,1,0,1,0,6,1
"V",10,0,1,0,1,1,3,2
"V",10,0,1,0,1,2,2,2
"V",10,0,1,0,2,0,3,0
"V",10,0,1,0,2,1,3,1
"V",10,0,1,0,2,2,1,0
"V",10,0,1,0,3,0,2,0
"V",10,0,1,0,3,1,2,0
"V",10,0,1,0,3,2,2,0
"V",10,0,1,1,0,0,16,12
"V",10,0,1,2,0,0,2,2
"V",10,0,1,4,0,0,3,2
"V",10,0,2,0,0,0,590,337
"V",10,0,2,0,0,1,3,2
"V",10,0,2,0,1,0,2,1
"V",10,0,2,0,1,1,3,1
"V",10,0,2,0,1,2,3,1
"V",10,0,2,0,2,0,1,1
"V",10,0,2,0,2,2,1,1
"V",10,0,2,0,3,0,1,1
"V",10,0,2,1,0,0,13,12
"V",10,0,2,2,0,0,3,2
"V",10,0,2,4,0,0,2,2
"V",10,0,3,0,0,0,106,70
"V",10,0,3,0,0,1,3,3
"V",10,0,3,0,0,2,1,1
"V",10,0,3,0,1,1,2,2
"V",10,0,3,0,1,2,1,1
"V",10,0,3,0,2,1,1,1
"V",10,0,3,0,2,2,1,1
"V",10,0,3,0,3,2,1,1
"V",10,0,3,1,0,0,17,13
"V",10,0,3,2,0,0,2,2
"V",10,0,3,3,0,0,2,2
"V",10,0,4,0,0,0,89,59
"V",10,0,4,0,1,0,1,1
"V",10,0,4,0,1,1,1,1
"V",10,0,4,1,0,0,14,12
"V",10,0,4,2,0,0,3,2
"V",10,0,4,3,0,0,2,2
"V",10,0,5,0,0,0,32,26
"V",10,0,5,1,0,0,6,4
"V",10,0,5,2,0,0,2,2
"V",10,0,5,3,0,0,1,1
"V",10,0,5,4,0,0,1,1
"V",10,0,6,0,0,0,42,35
"V",10,0,6,0,0,1,1,1
"V",10,0,6,0,1,1,1,1
"V",10,0,6,0,1,2,1,1
"V",10,0,6,0,2,2,1,1
"V",10,0,6,1,0,0,7,5
"V",10,0,6,2,0,0,3,3
"V",10,0,6,4,0,0,1,1
"V",10,0,7,0,0,0,22,15
"V",10,0,7,1,0,0,3,2
"V",10,0,7,2,0,0,3,3
"V",10,0,8,0,0,0,28,19
"V",10,0,8,0,1,0,1,1
"V",10,0,8,0,2,0,1,1
"V",10,0,8,1,0,0,9,9
"V",10,0,8,2,0,0,2,2
"V",10,0,8,3,0,0,1,1
"V",10,0,8,4,0,0,1,1
"V",10,1,1,0,0,0,1403,545
"V",10,1,1,0,0,1,1,1
"V",10,1,1,0,1,0,4,1
"V",10,1,1,0,1,1,2,1
"V",10,1,1,0,1,2,1,0
"V",10,1,1,0,2,0,1,0
"V",10,1,1,0,2,2,1,0
"V",10,1,1,0,3,0,1,0
"V",10,1,1,0,3,2,1,0
"V",10,1,1,1,0,0,31,23
"V",10,1,1,2,0,0,19,17
"V",10,1,1,3,0,0,6,6
"V",10,1,1,4,0,0,5,4
"V",10,1,1,5,0,0,1,1
"V",10,1,2,0,0,0,526,251
"V",10,1,2,0,0,1,3,0
"V",10,1,2,0,0,2,1,0
"V",10,1,2,0,1,1,1,0
"V",10,1,2,1,0,0,55,46
"V",10,1,2,1,1,0,1,1
"V",10,1,2,1,1,1,1,1
"V",10,1,2,2,0,0,20,17
"V",10,1,2,3,0,0,9,9
"V",10,1,2,4,0,0,6,6
"V",10,1,2,5,0,0,3,3
"V",10,1,2,6,0,0,1,1
"V",10,1,3,0,0,0,339,180
"V",10,1,3,0,0,1,1,0
"V",10,1,3,0,1,0,2,1
"V",10,1,3,0,1,1,2,1
"V",10,1,3,0,2,1,1,1
"V",10,1,3,0,2,2,1,1
"V",10,1,3,1,0,0,59,52
"V",10,1,3,1,0,1,1,0
"V",10,1,3,1,0,2,1,0
"V",10,1,3,2,0,0,20,18
"V",10,1,3,3,0,0,7,7
"V",10,1,3,4,0,0,3,3
"V",10,1,3,5,0,0,1,1
"V",10,1,3,7,0,0,1,1
"V",10,1,4,0,0,0,163,91
"V",10,1,4,1,0,0,45,38
"V",10,1,4,2,0,0,12,10
"V",10,1,4,3,0,0,10,10
"V",10,1,4,4,0,0,1,1
"V",10,1,4,5,0,0,1,1
"V",10,1,5,0,0,0,70,47
"V",10,1,5,0,0,1,1,1
"V",10,1,5,1,0,0,24,22
"V",10,1,5,2,0,0,7,5
"V",10,1,5,3,0,0,3,2
"V",10,1,5,4,0,0,3,3
"V",10,1,5,5,0,0,1,1
"V",10,1,6,0,0,0,81,55
"V",10,1,6,0,0,1,1,1
"V",10,1,6,1,0,0,22,19
"V",10,1,6,2,0,0,9,8
"V",10,1,6,3,0,0,2,2
"V",10,1,6,3,0,1,1,1
"V",10,1,6,3,1,1,1,1
"V",10,1,6,3,1,2,1,1
"V",10,1,6,4,0,0,3,3
"V",10,1,6,5,0,0,2,2
"V",10,1,6,6,0,0,2,2
"V",10,1,7,0,0,0,49,36
"V",10,1,7,0,1,0,1,1
"V",10,1,7,0,2,0,1,1
"V",10,1,7,0,3,0,1,1
"V",10,1,7,1,0,0,17,17
"V",10,1,7,2,0,0,13,11
"V",10,1,7,3,0,0,4,4
"V",10,1,7,4,0,0,1,1
"V",10,1,8,0,0,0,66,40
"V",10,1,8,1,0,0,26,24
"V",10,1,8,1,1,0,1,1
"V",10,1,8,1,2,0,1,1
"V",10,1,8,2,0,0,6,6
"V",10,1,8,3,0,0,1,1
"V",10,2,1,0,0,0,1029,364
"V",10,2,1,0,1,0,2,0
"V",10,2,1,0,1,1,1,0
"V",10,2,1,0,1,2,1,0
"V",10,2,1,0,2,0,1,0
"V",10,2,1,0,3,0,1,0
"V",10,2,1,0,3,1,1,0
"V",10,2,1,1,0,0,53,40
"V",10,2,1,2,0,0,30,28
"V",10,2,1,3,0,0,10,10
"V",10,2,1,4,0,0,6,5
"V",10,2,1,5,0,0,2,2
"V",10,2,1,6,0,0,2,2
"V",10,2,2,0,0,0,463,172
"V",10,2,2,0,0,1,2,0
"V",10,2,2,0,0,2,1,0
"V",10,2,2,0,1,0,2,1
"V",10,2,2,0,1,1,2,1
"V",10,2,2,0,1,2,1,0
"V",10,2,2,0,2,2,1,0
"V",10,2,2,1,0,0,118,98
"V",10,2,2,2,0,0,31,29
"V",10,2,2,3,0,0,22,22
"V",10,2,2,4,0,0,13,12
"V",10,2,2,5,0,0,6,6
"V",10,2,2,6,0,0,2,2
"V",10,2,2,8,0,0,1,1
"V",10,2,3,0,0,0,275,125
"V",10,2,3,0,1,0,3,2
"V",10,2,3,0,1,1,1,1
"V",10,2,3,0,1,2,1,1
"V",10,2,3,0,2,0,2,1
"V",10,2,3,0,3,0,2,1
"V",10,2,3,0,3,1,1,0
"V",10,2,3,0,3,2,1,0
"V",10,2,3,1,0,0,82,70
"V",10,2,3,1,1,0,1,1
"V",10,2,3,2,0,0,48,44
"V",10,2,3,3,0,0,16,16
"V",10,2,3,4,0,0,12,11
"V",10,2,3,5,0,0,3,3
"V",10,2,3,6,0,0,2,2
"V",10,2,3,7,0,0,3,3
"V",10,2,4,0,0,0,198,92
"V",10,2,4,1,0,0,63,55
"V",10,2,4,2,0,0,30,25
"V",10,2,4,2,0,1,1,0
"V",10,2,4,2,1,1,1,0
"V",10,2,4,2,1,2,1,0
"V",10,2,4,3,0,0,11,11
"V",10,2,4,4,0,0,7,6
"V",10,2,4,5,0,0,3,3
"V",10,2,4,6,0,0,1,1
"V",10,2,5,0,0,0,117,52
"V",10,2,5,1,0,0,32,28
"V",10,2,5,2,0,0,24,22
"V",10,2,5,3,0,0,12,10
"V",10,2,5,4,0,0,1,1
"V",10,2,5,6,0,0,1,1
"V",10,2,6,0,0,0,77,37
"V",10,2,6,1,0,0,39,33
"V",10,2,6,2,0,0,21,18
"V",10,2,6,3,0,0,7,7
"V",10,2,6,3,1,0,1,1
"V",10,2,6,3,2,0,1,1
"V",10,2,6,4,0,0,7,7
"V",10,2,7,0,0,0,57,27
"V",10,2,7,0,1,0,1,0
"V",10,2,7,0,2,0,1,0
"V",10,2,7,0,3,0,1,0
"V",10,2,7,0,3,1,1,0
"V",10,2,7,0,3,2,1,0
"V",10,2,7,1,0,0,29,24
"V",10,2,7,1,1,0,1,1
"V",10,2,7,1,2,0,1,1
"V",10,2,7,1,3,0,1,1
"V",10,2,7,1,3,1,1,1
"V",10,2,7,1,3,2,1,1
"V",10,2,7,2,0,0,17,15
"V",10,2,7,3,0,0,7,7
"V",10,2,7,4,0,0,2,2
"V",10,2,7,5,0,0,1,1
"V",10,2,8,0,0,0,70,29
"V",10,2,8,0,0,1,1,0
"V",10,2,8,0,1,1,1,0
"V",10,2,8,0,2,1,1,0
"V",10,2,8,1,0,0,22,18
"V",10,2,8,1,1,0,1,1
"V",10,2,8,2,0,0,9,8
"V",10,2,8,3,0,0,1,1
"V",10,2,8,4,0,0,1,1
"V",10,2,8,5,0,0,1,1
"V",10,2,8,6,0,0,1,1
"V",11,0,1,0,0,0,1157,519
"V",11,0,1,0,0,1,2,0
"V",11,0,1,0,1,1,1,0
"V",11,0,1,1,0,0,5,4
"V",11,0,1,3,0,0,1,1
"V",11,0,1,4,0,0,1,1
"V",11,0,2,0,0,0,322,172
"V",11,0,2,0,1,0,1,0
"V",11,0,2,0,2,0,1,0
"V",11,0,2,0,3,0,1,0
"V",11,0,2,1,0,0,8,8
"V",11,0,2,2,0,0,1,1
"V",11,0,2,3,0,0,2,2
"V",11,0,3,0,0,0,58,38
"V",11,0,3,1,0,0,5,5
"V",11,0,4,0,0,0,43,30
"V",11,0,4,1,0,0,5,4
"V",11,0,4,2,0,0,2,2
"V",11,0,5,0,0,0,19,12
"V",11,0,5,1,0,0,2,2
"V",11,0,5,2,0,0,3,3
"V",11,0,6,0,0,0,25,16
"V",11,0,6,1,0,0,2,2
"V",11,0,6,2,0,0,1,1
"V",11,0,6,3,0,0,1,1
"V",11,0,7,0,0,0,7,6
"V",11,0,7,1,0,0,4,3
"V",11,0,7,3,0,0,1,1
"V",11,0,8,0,0,0,13,9
"V",11,0,8,1,0,0,1,1
"V",11,0,8,2,0,0,1,1
"V",11,1,1,0,0,0,776,306
"V",11,1,1,0,1,0,3,2
"V",11,1,1,0,1,1,2,2
"V",11,1,1,0,1,2,1,1
"V",11,1,1,0,2,0,1,0
"V",11,1,1,0,3,0,1,0
"V",11,1,1,0,3,1,1,0
"V",11,1,1,0,3,2,1,0
"V",11,1,1,1,0,0,16,14
"V",11,1,1,2,0,0,3,3
"V",11,1,1,3,0,0,1,1
"V",11,1,1,4,0,0,4,4
"V",11,1,2,0,0,0,312,144
"V",11,1,2,0,1,0,1,1
"V",11,1,2,1,0,0,27,22
"V",11,1,2,2,0,0,7,7
"V",11,1,2,3,0,0,7,7
"V",11,1,2,4,0,0,4,4
"V",11,1,2,5,0,0,1,1
"V",11,1,3,0,0,0,185,103
"V",11,1,3,0,1,0,1,0
"V",11,1,3,0,1,1,1,0
"V",11,1,3,0,2,1,1,0
"V",11,1,3,0,2,2,1,0
"V",11,1,3,1,0,0,29,26
"V",11,1,3,2,0,0,7,7
"V",11,1,3,3,0,0,3,3
"V",11,1,3,4,0,0,2,2
"V",11,1,4,0,0,0,90,48
"V",11,1,4,1,0,0,25,22
"V",11,1,4,2,0,0,3,3
"V",11,1,5,0,0,0,37,24
"V",11,1,5,1,0,0,12,11
"V",11,1,5,2,0,0,6,6
"V",11,1,5,3,0,0,1,1
"V",11,1,5,5,0,0,1,1
"V",11,1,6,0,0,0,40,28
"V",11,1,6,1,0,0,12,11
"V",11,1,6,1,0,1,1,1
"V",11,1,6,2,0,0,2,2
"V",11,1,6,3,0,0,2,1
"V",11,1,7,0,0,0,35,28
"V",11,1,7,1,0,0,17,15
"V",11,1,7,2,0,0,5,5
"V",11,1,7,3,0,0,4,4
"V",11,1,8,0,0,0,33,23
"V",11,1,8,1,0,0,14,12
"V",11,1,8,2,0,0,1,1
"V",11,1,8,3,0,0,1,1
"V",11,2,1,0,0,0,564,188
"V",11,2,1,0,0,1,1,0
"V",11,2,1,0,0,2,1,0
"V",11,2,1,0,1,0,1,0
"V",11,2,1,0,1,1,1,0
"V",11,2,1,0,2,1,1,0
"V",11,2,1,0,3,1,1,0
"V",11,2,1,1,0,0,20,17
"V",11,2,1,2,0,0,10,9
"V",11,2,1,3,0,0,3,2
"V",11,2,1,4,0,0,2,2
"V",11,2,1,5,0,0,1,1
"V",11,2,1,6,0,0,1,1
"V",11,2,2,0,0,0,278,96
"V",11,2,2,0,0,1,1,0
"V",11,2,2,0,1,1,1,0
"V",11,2,2,0,1,2,1,0
"V",11,2,2,0,2,2,1,0
"V",11,2,2,1,0,0,53,45
"V",11,2,2,2,0,0,29,27
"V",11,2,2,2,1,0,1,1
"V",11,2,2,2,2,0,1,1
"V",11,2,2,2,3,0,1,1
"V",11,2,2,3,0,0,13,13
"V",11,2,2,4,0,0,5,5
"V",11,2,2,5,0,0,2,2
"V",11,2,2,6,0,0,2,2
"V",11,2,2,7,0,0,1,1
"V",11,2,3,0,0,0,167,79
"V",11,2,3,0,1,0,1,0
"V",11,2,3,0,2,0,1,0
"V",11,2,3,0,3,0,1,0
"V",11,2,3,1,0,0,30,28
"V",11,2,3,2,0,0,17,17
"V",11,2,3,3,0,0,11,11
"V",11,2,3,4,0,0,3,3
"V",11,2,3,5,0,0,1,1
"V",11,2,3,6,0,0,1,1
"V",11,2,4,0,0,0,116,54
"V",11,2,4,0,0,1,1,0
"V",11,2,4,0,0,2,1,0
"V",11,2,4,0,1,2,1,0
"V",11,2,4,1,0,0,32,27
"V",11,2,4,2,0,0,12,11
"V",11,2,4,3,0,0,2,2
"V",11,2,4,4,0,0,3,3
"V",11,2,4,6,0,0,1,1
"V",11,2,5,0,0,0,57,27
"V",11,2,5,1,0,0,16,15
"V",11,2,5,2,0,0,11,11
"V",11,2,5,3,0,0,2,2
"V",11,2,5,4,0,0,3,3
"V",11,2,5,5,0,0,1,1
"V",11,2,6,0,0,0,56,31
"V",11,2,6,1,0,0,14,12
"V",11,2,6,2,0,0,6,6
"V",11,2,6,3,0,0,5,4
"V",11,2,7,0,0,0,44,27
"V",11,2,7,1,0,0,15,10
"V",11,2,7,2,0,0,11,10
"V",11,2,7,3,0,0,3,3
"V",11,2,7,5,0,0,1,1
"V",11,2,8,0,0,0,40,19
"V",11,2,8,1,0,0,8,6
"V",11,2,8,2,0,0,7,6
"V",11,2,8,4,0,0,1,1
"V",12,0,1,0,0,0,665,299
"V",12,0,1,0,0,1,1,0
"V",12,0,1,0,0,2,1,0
"V",12,0,1,0,1,0,2,1
"V",12,0,1,0,1,1,1,1
"V",12,0,1,0,1,2,2,1
"V",12,0,1,0,2,0,1,0
"V",12,0,1,0,2,2,1,1
"V",12,0,1,0,3,0,1,0
"V",12,0,1,0,3,1,1,0
"V",12,0,1,0,3,2,2,1
"V",12,0,1,1,0,0,8,5
"V",12,0,1,2,0,0,1,0
"V",12,0,1,3,0,0,1,1
"V",12,0,1,4,0,0,1,1
"V",12,0,2,0,0,0,186,99
"V",12,0,2,0,1,0,3,1
"V",12,0,2,0,1,1,2,1
"V",12,0,2,0,1,2,2,1
"V",12,0,2,0,2,0,1,0
"V",12,0,2,0,2,1,1,0
"V",12,0,2,0,2,2,1,0
"V",12,0,2,1,0,0,5,3
"V",12,0,2,2,0,0,1,1
"V",12,0,2,6,0,0,1,1
"V",12,0,3,0,0,0,39,23
"V",12,0,3,1,0,0,1,1
"V",12,0,3,2,0,0,1,1
"V",12,0,4,0,0,0,20,13
"V",12,0,4,1,0,0,3,3
"V",12,0,4,2,0,0,2,2
"V",12,0,4,6,0,0,1,1
"V",12,0,5,0,0,0,4,4
"V",12,0,5,1,0,0,2,2
"V",12,0,5,5,0,0,1,1
"V",12,0,6,0,0,0,14,13
"V",12,0,6,0,1,0,1,1
"V",12,0,6,0,2,0,1,1
"V",12,0,6,0,2,1,1,1
"V",12,0,6,1,0,0,2,2
"V",12,0,7,0,0,0,6,5
"V",12,0,7,0,1,0,1,1
"V",12,0,7,0,2,0,1,1
"V",12,0,7,0,3,0,1,1
"V",12,0,7,1,0,0,1,1
"V",12,0,8,0,0,0,10,6
"V",12,0,8,0,0,1,1,1
"V",12,0,8,0,1,1,1,1
"V",12,0,8,0,1,2,1,1
"V",12,0,8,0,2,2,1,1
"V",12,0,8,1,0,0,2,2
"V",12,0,8,2,0,0,1,1
"V",12,1,1,0,0,0,435,171
"V",12,1,1,0,1,0,1,0
"V",12,1,1,1,0,0,10,9
"V",12,1,1,2,0,0,2,1
"V",12,1,1,3,0,0,2,2
"V",12,1,1,4,0,0,2,2
"V",12,1,1,5,0,0,1,1
"V",12,1,2,0,0,0,169,71
"V",12,1,2,1,0,0,20,15
"V",12,1,2,2,0,0,5,5
"V",12,1,2,3,0,0,2,2
"V",12,1,2,4,0,0,1,1
"V",12,1,2,8,0,0,1,1
"V",12,1,3,0,0,0,122,62
"V",12,1,3,0,0,1,1,0
"V",12,1,3,0,1,1,1,0
"V",12,1,3,0,1,2,1,0
"V",12,1,3,0,2,2,1,0
"V",12,1,3,1,0,0,12,9
"V",12,1,3,2,0,0,4,3
"V",12,1,3,3,0,0,3,2
"V",12,1,3,7,0,0,1,1
"V",12,1,3,9,0,0,1,1
"V",12,1,4,0,0,0,56,36
"V",12,1,4,0,1,0,1,1
"V",12,1,4,0,2,0,1,1
"V",12,1,4,0,3,0,1,1
"V",12,1,4,1,0,0,14,12
"V",12,1,4,2,0,0,5,4
"V",12,1,4,3,0,0,1,1
"V",12,1,4,4,0,0,2,2
"V",12,1,5,0,0,0,35,21
"V",12,1,5,1,0,0,10,9
"V",12,1,5,2,0,0,2,2
"V",12,1,5,4,0,0,1,1
"V",12,1,5,6,0,0,1,1
"V",12,1,6,0,0,0,25,17
"V",12,1,6,1,0,0,10,9
"V",12,1,6,2,0,0,4,3
"V",12,1,6,3,0,0,2,1
"V",12,1,6,4,0,0,1,1
"V",12,1,7,0,0,0,12,5
"V",12,1,7,1,0,0,8,8
"V",12,1,7,2,0,0,5,5
"V",12,1,7,6,0,0,1,1
"V",12,1,8,0,0,0,17,10
"V",12,1,8,0,0,1,1,1
"V",12,1,8,1,0,0,9,8
"V",12,1,8,1,0,1,1,1
"V",12,1,8,1,1,1,1,1
"V",12,1,8,1,1,2,1,1
"V",12,1,8,2,0,0,2,2
"V",12,2,1,0,0,0,307,108
"V",12,2,1,0,0,1,1,0
"V",12,2,1,0,1,0,1,0
"V",12,2,1,0,1,1,1,0
"V",12,2,1,0,1,2,1,0
"V",12,2,1,0,2,2,1,0
"V",12,2,1,1,0,0,13,13
"V",12,2,1,2,0,0,5,4
"V",12,2,1,3,0,0,2,2
"V",12,2,1,4,0,0,3,3
"V",12,2,1,5,0,0,2,2
"V",12,2,1,6,0,0,1,0
"V",12,2,1,8,0,0,1,1
"V",12,2,2,0,0,0,146,56
"V",12,2,2,0,0,1,1,0
"V",12,2,2,1,0,0,28,22
"V",12,2,2,10,0,0,1,1
"V",12,2,2,2,0,0,18,17
"V",12,2,2,3,0,0,4,4
"V",12,2,2,4,0,0,2,1
"V",12,2,2,5,0,0,1,1
"V",12,2,2,6,0,0,1,0
"V",12,2,2,9,0,0,1,1
"V",12,2,3,0,0,0,97,38
"V",12,2,3,0,1,0,1,0
"V",12,2,3,0,2,0,1,0
"V",12,2,3,0,3,0,1,0
"V",12,2,3,1,0,0,17,12
"V",12,2,3,11,0,0,1,1
"V",12,2,3,2,0,0,6,5
"V",12,2,3,3,0,0,12,12
"V",12,2,3,4,0,0,2,2
"V",12,2,3,6,0,0,1,0
"V",12,2,3,7,0,0,1,0
"V",12,2,3,9,0,0,1,1
"V",12,2,4,0,0,0,60,31
"V",12,2,4,0,0,1,1,0
"V",12,2,4,1,0,0,17,13
"V",12,2,4,2,0,0,16,14
"V",12,2,4,3,0,0,5,5
"V",12,2,4,4,0,0,1,1
"V",12,2,5,0,0,0,45,20
"V",12,2,5,1,0,0,10,8
"V",12,2,5,2,0,0,7,7
"V",12,2,5,3,0,0,2,2
"V",12,2,5,7,0,0,1,0
"V",12,2,6,0,0,0,27,10
"V",12,2,6,1,0,0,10,9
"V",12,2,6,2,0,0,3,3
"V",12,2,6,3,0,0,1,1
"V",12,2,6,4,0,0,2,2
"V",12,2,6,6,0,0,1,1
"V",12,2,7,0,0,0,21,7
"V",12,2,7,1,0,0,8,7
"V",12,2,7,2,0,0,5,4
"V",12,2,7,7,0,0,1,1
"V",12,2,8,0,0,0,21,9
"V",12,2,8,1,0,0,10,8
"V",12,2,8,2,0,0,2,2
"V",12,2,8,2,0,1,1,1
"V",12,2,8,2,1,1,1,1
"V",12,2,8,2,1,2,1,1
"V",12,2,8,3,0,0,1,1
"V",12,2,8,4,0,0,2,2
"V",12,2,8,5,0,0,1,1
"V",13,0,1,0,0,0,372,176
"V",13,0,1,0,1,0,1,0
"V",13,0,1,0,2,0,1,0
"V",13,0,1,0,3,0,1,0
"V",13,0,1,1,0,0,3,1
"V",13,0,1,2,0,0,1,1
"V",13,0,2,0,0,0,107,60
"V",13,0,2,1,0,0,4,3
"V",13,0,2,2,0,0,1,1
"V",13,0,2,3,0,0,1,1
"V",13,0,3,0,0,0,20,16
"V",13,0,3,1,0,0,1,1
"V",13,0,3,3,0,0,1,1
"V",13,0,4,0,0,0,21,13
"V",13,0,4,1,0,0,4,3
"V",13,0,4,2,0,0,1,1
"V",13,0,4,3,0,0,1,1
"V",13,0,5,0,0,0,6,3
"V",13,0,5,1,0,0,1,0
"V",13,0,5,3,0,0,1,1
"V",13,0,6,0,0,0,11,10
"V",13,0,6,1,0,0,1,1
"V",13,0,6,2,0,0,1,1
"V",13,0,7,0,0,0,6,5
"V",13,0,7,1,0,0,2,2
"V",13,0,7,4,0,0,1,1
"V",13,0,8,0,0,0,5,4
"V",13,0,8,1,0,0,1,1
"V",13,1,1,0,0,0,241,98
"V",13,1,1,1,0,0,5,3
"V",13,1,1,2,0,0,4,2
"V",13,1,1,3,0,0,1,1
"V",13,1,1,4,0,0,2,2
"V",13,1,1,5,0,0,1,1
"V",13,1,2,0,0,0,94,43
"V",13,1,2,1,0,0,12,10
"V",13,1,2,3,0,0,1,1
"V",13,1,2,5,0,0,1,1
"V",13,1,3,0,0,0,66,38
"V",13,1,3,0,1,0,1,0
"V",13,1,3,1,0,0,11,9
"V",13,1,3,2,0,0,1,1
"V",13,1,4,0,0,0,32,16
"V",13,1,4,1,0,0,11,9
"V",13,1,4,2,0,0,1,1
"V",13,1,4,3,0,0,1,1
"V",13,1,5,0,0,0,13,7
"V",13,1,5,1,0,0,3,2
"V",13,1,5,2,0,0,2,2
"V",13,1,5,3,0,0,2,2
"V",13,1,6,0,0,0,20,19
"V",13,1,6,1,0,0,3,3
"V",13,1,6,2,0,0,2,2
"V",13,1,6,3,0,0,2,2
"V",13,1,6,5,0,0,1,1
"V",13,1,7,0,0,0,10,8
"V",13,1,7,1,0,0,8,8
"V",13,1,7,2,0,0,2,2
"V",13,1,7,3,0,0,1,1
"V",13,1,7,4,0,0,1,1
"V",13,1,8,0,0,0,9,7
"V",13,1,8,1,0,0,5,5
"V",13,1,8,2,0,0,1,1
"V",13,2,1,0,0,0,171,64
"V",13,2,1,1,0,0,6,3
"V",13,2,1,2,0,0,8,6
"V",13,2,1,3,0,0,3,3
"V",13,2,1,4,0,0,4,4
"V",13,2,1,5,0,0,2,2
"V",13,2,2,0,0,0,88,39
"V",13,2,2,1,0,0,19,18
"V",13,2,2,10,0,0,1,1
"V",13,2,2,2,0,0,9,8
"V",13,2,2,3,0,0,5,5
"V",13,2,2,4,0,0,2,2
"V",13,2,2,6,0,0,2,2
"V",13,2,2,9,0,0,1,1
"V",13,2,3,0,0,0,52,26
"V",13,2,3,0,1,0,1,0
"V",13,2,3,0,2,0,1,0
"V",13,2,3,0,2,1,1,0
"V",13,2,3,0,2,2,1,0
"V",13,2,3,0,3,2,1,0
"V",13,2,3,1,0,0,14,10
"V",13,2,3,2,0,0,8,8
"V",13,2,3,3,0,0,3,3
"V",13,2,3,8,0,0,1,1
"V",13,2,3,9,0,0,1,1
"V",13,2,4,0,0,0,38,20
"V",13,2,4,1,0,0,11,11
"V",13,2,4,2,0,0,1,1
"V",13,2,4,3,0,0,4,4
"V",13,2,4,6,0,0,2,2
"V",13,2,5,0,0,0,17,11
"V",13,2,5,1,0,0,5,5
"V",13,2,5,2,0,0,5,5
"V",13,2,5,3,0,0,2,2
"V",13,2,5,4,0,0,1,1
"V",13,2,5,5,0,0,2,2
"V",13,2,6,0,0,0,22,10
"V",13,2,6,1,0,0,9,7
"V",13,2,6,10,0,0,1,1
"V",13,2,6,2,0,0,4,4
"V",13,2,6,5,0,0,1,1
"V",13,2,7,0,0,0,18,8
"V",13,2,7,1,0,0,11,10
"V",13,2,7,2,0,0,5,4
"V",13,2,7,3,0,0,2,2
"V",13,2,7,7,0,0,1,1
"V",13,2,8,0,0,0,15,6
"V",13,2,8,1,0,0,8,8
"V",13,2,8,2,0,0,2,2
"V",14,0,1,0,0,0,193,85
"V",14,0,1,0,1,0,1,0
"V",14,0,1,0,1,1,1,0
"V",14,0,1,0,2,1,1,0
"V",14,0,1,0,2,2,1,0
"V",14,0,1,1,0,0,4,3
"V",14,0,2,0,0,0,44,21
"V",14,0,2,1,0,0,1,1
"V",14,0,3,0,0,0,3,1
"V",14,0,3,3,0,0,1,1
"V",14,0,3,6,0,0,1,1
"V",14,0,4,0,0,0,13,9
"V",14,0,5,0,0,0,4,3
"V",14,0,6,0,0,0,3,2
"V",14,0,6,1,0,0,1,1
"V",14,0,6,3,0,0,1,1
"V",14,0,7,0,0,0,3,0
"V",14,0,7,1,0,0,1,1
"V",14,0,7,4,0,0,1,1
"V",14,0,8,0,0,0,5,4
"V",14,1,1,0,0,0,139,58
"V",14,1,1,1,0,0,5,4
"V",14,1,1,2,0,0,1,1
"V",14,1,1,3,0,0,1,1
"V",14,1,2,0,0,0,48,27
"V",14,1,2,1,0,0,4,3
"V",14,1,2,3,0,0,2,2
"V",14,1,3,0,0,0,27,10
"V",14,1,3,1,0,0,1,1
"V",14,1,3,2,0,0,4,4
"V",14,1,4,0,0,0,18,11
"V",14,1,4,1,0,0,3,3
"V",14,1,4,2,0,0,2,2
"V",14,1,4,8,0,0,1,1
"V",14,1,5,0,0,0,4,2
"V",14,1,5,1,0,0,2,1
"V",14,1,5,2,0,0,2,2
"V",14,1,5,3,0,0,1,1
"V",14,1,5,6,0,0,1,1
"V",14,1,6,0,0,0,12,6
"V",14,1,6,1,0,0,2,2
"V",14,1,6,4,0,0,1,1
"V",14,1,6,6,0,0,1,1
"V",14,1,6,7,0,0,1,1
"V",14,1,7,0,0,0,5,4
"V",14,1,7,1,0,0,3,2
"V",14,1,7,2,0,0,1,1
"V",14,1,7,3,0,0,1,1
"V",14,1,8,0,0,0,9,4
"V",14,2,1,0,0,0,93,31
"V",14,2,1,0,1,0,1,0
"V",14,2,1,0,1,1,1,0
"V",14,2,1,1,0,0,5,4
"V",14,2,1,3,0,0,2,2
"V",14,2,2,0,0,0,45,22
"V",14,2,2,1,0,0,3,2
"V",14,2,2,2,0,0,4,3
"V",14,2,2,3,0,0,1,1
"V",14,2,2,4,0,0,1,1
"V",14,2,2,5,0,0,1,1
"V",14,2,3,0,0,0,26,10
"V",14,2,3,1,0,0,12,11
"V",14,2,3,2,0,0,5,5
"V",14,2,3,3,0,0,1,1
"V",14,2,4,0,0,0,12,5
"V",14,2,4,1,0,0,3,3
"V",14,2,4,2,0,0,3,3
"V",14,2,5,0,0,0,7,1
"V",14,2,5,1,0,0,2,1
"V",14,2,5,2,0,0,2,2
"V",14,2,5,3,0,0,1,1
"V",14,2,6,0,0,0,13,7
"V",14,2,6,0,0,1,1,1
"V",14,2,6,0,0,2,1,1
"V",14,2,6,1,0,0,4,3
"V",14,2,6,2,0,0,1,1
"V",14,2,7,0,0,0,8,2
"V",14,2,7,1,0,0,3,1
"V",14,2,7,2,0,0,3,2
"V",14,2,7,3,0,0,1,1
"V",14,2,7,3,1,0,1,1
"V",14,2,7,3,2,0,1,1
"V",14,2,7,3,3,0,1,1
"V",14,2,8,0,0,0,6,2
"V",14,2,8,1,0,0,2,2
"V",14,2,8,2,0,0,1,1
"V",14,2,8,3,0,0,1,1
"V",15,0,1,0,0,0,108,49
"V",15,0,1,2,0,0,1,1
"V",15,0,2,0,0,0,26,14
"V",15,0,3,0,0,0,3,3
"V",15,0,3,1,0,0,2,2
"V",15,0,4,0,0,0,4,3
"V",15,0,4,1,0,0,1,1
"V",15,0,6,0,0,0,2,2
"V",15,0,6,1,0,0,1,1
"V",15,0,8,0,0,0,2,1
"V",15,1,1,0,0,0,79,32
"V",15,1,1,2,0,0,2,1
"V",15,1,2,0,0,0,28,13
"V",15,1,2,1,0,0,1,1
"V",15,1,2,2,0,0,1,1
"V",15,1,3,0,0,0,10,4
"V",15,1,3,2,0,0,1,1
"V",15,1,3,7,0,0,1,1
"V",15,1,4,0,0,0,5,2
"V",15,1,4,1,0,0,2,1
"V",15,1,4,2,0,0,1,1
"V",15,1,5,0,0,0,6,4
"V",15,1,5,1,0,0,4,4
"V",15,1,6,0,0,0,6,3
"V",15,1,6,1,0,0,2,2
"V",15,1,6,2,0,0,1,1
"V",15,1,6,6,0,0,1,1
"V",15,1,7,0,0,0,3,1
"V",15,1,7,4,0,0,1,1
"V",15,1,8,0,0,0,3,2
"V",15,1,8,1,0,0,2,2
"V",15,1,8,2,0,0,1,1
"V",15,1,8,4,0,0,1,1
"V",15,2,1,0,0,0,61,23
"V",15,2,1,1,0,0,2,2
"V",15,2,1,2,0,0,3,2
"V",15,2,1,4,0,0,1,1
"V",15,2,2,0,0,0,26,13
"V",15,2,2,1,0,0,5,5
"V",15,2,2,2,0,0,5,5
"V",15,2,2,3,0,0,1,1
"V",15,2,2,4,0,0,2,2
"V",15,2,3,0,0,0,12,5
"V",15,2,3,1,0,0,4,4
"V",15,2,3,7,0,0,1,1
"V",15,2,4,0,0,0,8,2
"V",15,2,4,1,0,0,1,1
"V",15,2,4,2,0,0,1,1
"V",15,2,4,3,0,0,1,1
"V",15,2,4,4,0,0,1,1
"V",15,2,5,0,0,0,2,0
"V",15,2,5,1,0,0,2,2
"V",15,2,5,2,0,0,2,2
"V",15,2,5,3,0,0,1,1
"V",15,2,5,4,0,0,2,2
"V",15,2,6,0,0,0,3,1
"V",15,2,6,1,0,0,1,0
"V",15,2,6,2,0,0,2,2
"V",15,2,7,0,0,0,3,1
"V",15,2,7,1,0,0,2,1
"V",15,2,7,2,0,0,1,1
"V",15,2,7,3,0,0,1,1
"V",15,2,8,0,0,0,3,3
"V",15,2,8,1,0,0,4,4
"V",16,0,1,0,0,0,61,27
"V",16,0,1,7,0,0,1,1
"V",16,0,2,0,0,0,14,9
"V",16,0,2,7,0,0,1,1
"V",16,0,3,0,0,0,5,3
"V",16,0,3,2,0,0,1,1
"V",16,0,3,6,0,0,1,1
"V",16,0,4,0,0,0,4,2
"V",16,0,5,0,0,0,1,1
"V",16,0,5,1,0,0,1,1
"V",16,0,6,2,0,0,1,1
"V",16,0,8,2,0,0,1,1
"V",16,0,8,3,0,0,1,1
"V",16,1,1,0,0,0,42,15
"V",16,1,1,8,0,0,1,1
"V",16,1,2,0,0,0,12,5
"V",16,1,3,0,0,0,11,6
"V",16,1,4,0,0,0,3,1
"V",16,1,4,3,0,0,1,1
"V",16,1,5,0,0,0,3,2
"V",16,1,5,2,0,0,1,1
"V",16,1,6,0,0,0,3,2
"V",16,1,7,0,0,0,2,1
"V",16,1,8,0,0,0,2,2
"V",16,1,8,1,0,0,1,1
"V",16,2,1,0,0,0,32,11
"V",16,2,1,1,0,0,1,1
"V",16,2,1,3,0,0,1,1
"V",16,2,1,8,0,0,1,1
"V",16,2,2,0,0,0,14,7
"V",16,2,2,1,0,0,2,2
"V",16,2,2,3,0,0,1,1
"V",16,2,3,0,0,0,10,4
"V",16,2,3,1,0,0,3,2
"V",16,2,4,0,0,0,4,1
"V",16,2,4,4,0,0,1,1
"V",16,2,5,0,0,0,7,6
"V",16,2,6,0,0,0,3,2
"V",16,2,6,1,0,0,1,1
"V",16,2,6,3,0,0,1,1
"V",16,2,7,0,0,0,2,0
"V",16,2,7,1,0,0,2,2
"V",16,2,8,0,0,0,1,1
"V",16,2,8,1,0,0,1,1
"V",17,0,1,0,0,0,34,18
"V",17,0,1,1,0,0,1,1
"V",17,0,2,0,0,0,9,5
"V",17,0,2,1,0,0,1,1
"V",17,0,4,1,0,0,1,1
"V",17,0,4,2,0,0,1,1
"V",17,0,6,0,0,0,1,1
"V",17,0,6,1,0,0,1,1
"V",17,0,7,0,0,0,1,0
"V",17,0,8,0,0,0,1,0
"V",17,0,8,2,0,0,1,1
"V",17,1,1,0,0,0,24,12
"V",17,1,2,0,0,0,10,4
"V",17,1,3,0,0,0,4,2
"V",17,1,4,0,0,0,2,1
"V",17,1,4,2,0,0,1,1
"V",17,1,5,5,0,0,1,1
"V",17,1,5,6,0,0,1,1
"V",17,1,5,7,0,0,1,1
"V",17,1,6,0,0,0,1,1
"V",17,1,6,1,0,0,2,1
"V",17,1,7,0,0,0,1,0
"V",17,1,8,0,0,0,1,0
"V",17,1,8,2,0,0,1,1
"V",17,2,1,0,0,0,17,10
"V",17,2,1,2,0,0,1,1
"V",17,2,2,0,0,0,10,5
"V",17,2,2,1,0,0,1,0
"V",17,2,2,2,0,0,1,1
"V",17,2,3,0,0,0,2,1
"V",17,2,3,2,0,0,1,1
"V",17,2,4,0,0,0,1,1
"V",17,2,5,0,0,0,2,1
"V",17,2,5,2,0,0,1,0
"V",17,2,5,7,0,0,1,1
"V",17,2,6,0,0,0,1,1
"V",17,2,6,1,0,0,1,0
"V",17,2,6,2,0,0,1,0
"V",17,2,7,1,0,0,1,0
"V",17,2,7,2,0,0,1,1
"V",17,2,8,0,0,0,1,0
"V",18,0,1,0,0,0,22,14
"V",18,0,1,1,0,0,1,1
"V",18,0,1,2,0,0,1,1
"V",18,0,2,0,0,0,6,4
"V",18,1,1,0,0,0,15,9
"V",18,1,1,1,0,0,1,1
"V",18,1,1,2,0,0,1,1
"V",18,1,2,0,0,0,6,5
"V",18,1,2,2,0,0,1,1
"V",18,1,2,5,0,0,1,1
"V",18,1,3,0,0,0,4,1
"V",18,1,4,0,0,0,1,1
"V",18,1,4,1,0,0,1,1
"V",18,1,6,0,0,0,1,1
"V",18,1,6,2,0,0,1,1
"V",18,1,6,5,0,0,1,1
"V",18,1,7,2,0,0,1,1
"V",18,1,7,3,0,0,1,1
"V",18,1,8,0,0,0,1,1
"V",18,1,8,2,0,0,1,1
"V",18,2,1,0,0,0,10,6
"V",18,2,1,1,0,0,1,1
"V",18,2,2,0,0,0,7,4
"V",18,2,3,0,0,0,4,1
"V",18,2,3,1,0,0,1,1
"V",18,2,3,2,0,0,1,1
"V",18,2,5,0,0,0,1,0
"V",18,2,6,5,0,0,1,1
"V",18,2,7,5,0,0,1,1
"V",19,0,1,0,0,0,14,10
"V",19,0,2,0,0,0,4,2
"V",19,0,4,0,0,0,1,1
"V",19,1,1,0,0,0,10,8
"V",19,1,1,1,0,0,1,1
"V",19,1,2,0,0,0,4,3
"V",19,1,3,0,0,0,3,1
"V",19,1,4,0,0,0,4,2
"V",19,1,6,0,0,0,1,1
"V",19,1,7,1,0,0,1,1
"V",19,1,8,1,0,0,1,1
"V",19,2,1,0,0,0,6,4
"V",19,2,1,1,0,0,1,1
"V",19,2,2,0,0,0,1,1
"V",19,2,2,3,0,0,1,1
"V",19,2,3,0,0,0,2,2
"V",19,2,3,1,0,0,3,3
"V",19,2,4,0,0,0,3,1
"V",19,2,5,2,0,0,1,1
"V",19,2,7,0,0,0,1,1
"V",19,2,7,2,0,0,1,1
"V",20,0,1,0,0,0,7,5
"V",20,0,2,0,0,0,3,2
"V",20,1,1,0,0,0,5,4
"V",20,1,2,0,0,0,3,1
"V",20,1,3,0,0,0,1,1
"V",20,2,1,0,0,0,3,3
"V",20,2,2,0,0,0,3,1
"V",20,2,3,0,0,0,2,2
"V",21,0,1,0,0,0,6,4
"V",21,0,2,0,0,0,4,3
"V",21,0,4,0,0,0,1,0
"V",21,0,7,0,0,0,1,1
"V",21,1,1,0,0,0,2,1
"V",21,1,2,0,0,0,2,1
"V",21,1,3,0,0,0,1,1
"V",21,1,4,0,0,0,1,0
"V",21,1,6,0,0,0,1,0
"V",21,1,7,0,0,0,1,1
"V",21,2,1,0,0,0,1,1
"V",21,2,1,2,0,0,1,1
"V",21,2,2,0,0,0,2,2
"V",21,2,3,0,0,0,2,2
"V",21,2,3,1,0,0,1,1
"V",21,2,4,0,0,0,1,0
"V",21,2,4,1,0,0,1,1
"V",21,2,6,0,0,0,1,1
"V",21,2,7,0,0,0,1,0
"V",21,2,7,2,0,0,1,1
"V",22,0,1,0,0,0,2,1
"V",22,0,2,0,0,0,1,1
"V",22,1,1,0,0,0,1,0
"V",22,1,2,1,0,0,1,1
"V",22,1,3,0,0,0,1,1
"V",22,2,1,0,0,0,1,0
"V",22,2,2,0,0,0,1,0
"V",22,2,2,1,0,0,1,1
