(1, 0, 0, (0, 0, 0), 0, (0, 0)): (403, 832)
(1, 0, 0, (0, 0, 0), 0, (0, 1)): (1, 3)
(1, 0, 0, (0, 0, 0), 0, (1, 0)): (1, 1)
(1, 0, 0, (0, 0, 0), 0, (1, 1)): (2, 2)
(1, 0, 0, (0, 0, 0), 0, (2, 1)): (1, 1)
(1, 0, 0, (0, 0, 0), 1, (0, 0)): (2, 4)
(1, 0, 0, (0, 0, 0), 4, (0, 0)): (1, 1)
(1, 0, 0, (0, 0, 0), 7, (0, 0)): (1, 1)
(1, 0, 0, (0, 0, 1), 0, (0, 0)): (21, 30)
(1, 0, 0, (0, 0, 1), 1, (0, 0)): (7, 9)
(1, 0, 0, (0, 0, 1), 2, (0, 0)): (1, 1)
(1, 0, 0, (0, 0, 1), 4, (0, 0)): (1, 1)
(1, 0, 0, (0, 0, 1), 8, (0, 0)): (0, 1)
(1, 0, 0, (0, 1, 0), 0, (0, 0)): (22, 51)
(1, 0, 0, (0, 1, 0), 1, (0, 0)): (7, 11)
(1, 0, 0, (0, 1, 0), 2, (0, 0)): (2, 3)
(1, 0, 0, (0, 1, 0), 4, (0, 0)): (0, 1)
(1, 0, 0, (0, 1, 0), 8, (0, 0)): (0, 1)
(1, 0, 0, (0, 1, 1), 0, (0, 0)): (8, 12)
(1, 0, 0, (0, 1, 1), 1, (0, 0)): (1, 2)
(1, 0, 0, (0, 1, 1), 2, (0, 0)): (2, 2)
(1, 0, 0, (1, 0, 0), 0, (0, 0)): (152, 296)
(1, 0, 0, (1, 0, 0), 0, (1, 0)): (1, 1)
(1, 0, 0, (1, 0, 0), 0, (1, 1)): (1, 1)
(1, 0, 0, (1, 0, 0), 1, (0, 0)): (5, 8)
(1, 0, 0, (1, 0, 0), 2, (0, 0)): (4, 4)
(1, 0, 0, (1, 0, 0), 3, (0, 0)): (1, 1)
(1, 0, 0, (1, 0, 0), 4, (0, 0)): (1, 1)
(1, 0, 0, (1, 0, 0), 7, (0, 0)): (1, 1)
(1, 0, 0, (1, 0, 0), 9, (0, 0)): (0, 1)
(1, 0, 0, (1, 0, 1), 0, (0, 0)): (8, 13)
(1, 0, 0, (1, 0, 1), 1, (0, 0)): (2, 4)
(1, 0, 0, (1, 0, 1), 2, (0, 0)): (1, 2)
(1, 0, 0, (1, 1, 0), 0, (0, 0)): (29, 54)
(1, 0, 0, (1, 1, 0), 1, (0, 0)): (5, 6)
(1, 0, 0, (1, 1, 0), 2, (0, 0)): (1, 2)
(1, 0, 0, (1, 1, 0), 3, (0, 0)): (1, 1)
(1, 0, 0, (1, 1, 0), 4, (0, 0)): (1, 1)
(1, 0, 0, (1, 1, 1), 0, (0, 0)): (6, 13)
(1, 0, 0, (1, 1, 1), 1, (0, 0)): (2, 4)
(1, 0, 0, (1, 1, 1), 2, (0, 0)): (1, 2)
(1, 0, 0, (1, 1, 1), 3, (0, 0)): (1, 2)
(1, 0, 0, (1, 1, 1), 4, (0, 0)): (0, 1)
(1, 0, 0, (1, 1, 1), 5, (0, 0)): (0, 1)
(1, 0, 1, (0, 0, 0), 0, (0, 0)): (229, 506)
(1, 0, 1, (0, 0, 0), 0, (0, 1)): (2, 2)
(1, 0, 1, (0, 0, 0), 0, (0, 2)): (1, 1)
(1, 0, 1, (0, 0, 0), 0, (1, 0)): (1, 2)
(1, 0, 1, (0, 0, 0), 0, (1, 1)): (0, 1)
(1, 0, 1, (0, 0, 0), 0, (1, 2)): (1, 1)
(1, 0, 1, (0, 0, 0), 0, (2, 0)): (1, 1)
(1, 0, 1, (0, 0, 0), 0, (2, 1)): (0, 1)
(1, 0, 1, (0, 0, 0), 1, (0, 0)): (10, 14)
(1, 0, 1, (0, 0, 0), 2, (0, 0)): (0, 2)
(1, 0, 1, (0, 0, 0), 3, (0, 0)): (3, 4)
(1, 0, 1, (0, 0, 0), 4, (0, 0)): (1, 2)
(1, 0, 1, (0, 0, 0), 5, (0, 0)): (0, 1)
(1, 0, 1, (0, 0, 1), 0, (0, 0)): (27, 53)
(1, 0, 1, (0, 0, 1), 1, (0, 0)): (11, 20)
(1, 0, 1, (0, 0, 1), 2, (0, 0)): (5, 8)
(1, 0, 1, (0, 0, 1), 3, (0, 0)): (2, 2)
(1, 0, 1, (0, 0, 1), 4, (0, 0)): (3, 4)
(1, 0, 1, (0, 1, 0), 0, (0, 0)): (68, 119)
(1, 0, 1, (0, 1, 0), 1, (0, 0)): (19, 25)
(1, 0, 1, (0, 1, 0), 2, (0, 0)): (5, 8)
(1, 0, 1, (0, 1, 0), 3, (0, 0)): (0, 1)
(1, 0, 1, (0, 1, 0), 4, (0, 0)): (1, 1)
(1, 0, 1, (0, 1, 0), 7, (0, 0)): (1, 1)
(1, 0, 1, (0, 1, 1), 0, (0, 0)): (21, 39)
(1, 0, 1, (0, 1, 1), 1, (0, 0)): (7, 12)
(1, 0, 1, (0, 1, 1), 1, (0, 1)): (1, 1)
(1, 0, 1, (0, 1, 1), 1, (1, 1)): (1, 1)
(1, 0, 1, (0, 1, 1), 1, (1, 2)): (1, 1)
(1, 0, 1, (0, 1, 1), 2, (0, 0)): (4, 5)
(1, 0, 1, (0, 1, 1), 4, (0, 0)): (3, 3)
(1, 0, 1, (1, 0, 0), 0, (0, 0)): (110, 230)
(1, 0, 1, (1, 0, 0), 0, (0, 1)): (2, 2)
(1, 0, 1, (1, 0, 0), 0, (0, 2)): (1, 1)
(1, 0, 1, (1, 0, 0), 0, (1, 0)): (1, 1)
(1, 0, 1, (1, 0, 0), 1, (0, 0)): (23, 34)
(1, 0, 1, (1, 0, 0), 2, (0, 0)): (10, 14)
(1, 0, 1, (1, 0, 0), 3, (0, 0)): (3, 6)
(1, 0, 1, (1, 0, 0), 4, (0, 0)): (1, 1)
(1, 0, 1, (1, 0, 0), 9, (0, 0)): (0, 1)
(1, 0, 1, (1, 0, 1), 0, (0, 0)): (15, 26)
(1, 0, 1, (1, 0, 1), 0, (0, 1)): (1, 1)
(1, 0, 1, (1, 0, 1), 0, (0, 2)): (1, 1)
(1, 0, 1, (1, 0, 1), 1, (0, 0)): (8, 13)
(1, 0, 1, (1, 0, 1), 2, (0, 0)): (5, 8)
(1, 0, 1, (1, 0, 1), 4, (0, 0)): (1, 1)
(1, 0, 1, (1, 1, 0), 0, (0, 0)): (27, 64)
(1, 0, 1, (1, 1, 0), 1, (0, 0)): (9, 12)
(1, 0, 1, (1, 1, 0), 1, (0, 1)): (1, 1)
(1, 0, 1, (1, 1, 0), 1, (1, 1)): (1, 1)
(1, 0, 1, (1, 1, 0), 1, (1, 2)): (1, 1)
(1, 0, 1, (1, 1, 0), 2, (0, 0)): (0, 1)
(1, 0, 1, (1, 1, 0), 3, (0, 0)): (1, 3)
(1, 0, 1, (1, 1, 0), 4, (0, 0)): (1, 1)
(1, 0, 1, (1, 1, 1), 0, (0, 0)): (9, 21)
(1, 0, 1, (1, 1, 1), 1, (0, 0)): (4, 5)
(1, 0, 1, (1, 1, 1), 2, (0, 0)): (3, 4)
(1, 0, 2, (0, 0, 0), 0, (0, 0)): (167, 396)
(1, 0, 2, (0, 0, 0), 0, (0, 1)): (1, 1)
(1, 0, 2, (0, 0, 0), 0, (0, 2)): (1, 1)
(1, 0, 2, (0, 0, 0), 0, (1, 0)): (1, 1)
(1, 0, 2, (0, 0, 0), 0, (1, 1)): (1, 1)
(1, 0, 2, (0, 0, 0), 0, (1, 2)): (1, 1)
(1, 0, 2, (0, 0, 0), 1, (0, 0)): (17, 32)
(1, 0, 2, (0, 0, 0), 2, (0, 0)): (8, 18)
(1, 0, 2, (0, 0, 0), 3, (0, 0)): (5, 5)
(1, 0, 2, (0, 0, 0), 4, (0, 0)): (2, 3)
(1, 0, 2, (0, 0, 0), 5, (0, 0)): (0, 1)
(1, 0, 2, (0, 0, 0), 6, (0, 0)): (0, 1)
(1, 0, 2, (0, 0, 1), 0, (0, 0)): (33, 60)
(1, 0, 2, (0, 0, 1), 1, (0, 0)): (17, 25)
(1, 0, 2, (0, 0, 1), 2, (0, 0)): (7, 12)
(1, 0, 2, (0, 0, 1), 3, (0, 0)): (3, 5)
(1, 0, 2, (0, 1, 0), 0, (0, 0)): (56, 114)
(1, 0, 2, (0, 1, 0), 1, (0, 0)): (32, 54)
(1, 0, 2, (0, 1, 0), 1, (0, 1)): (1, 1)
(1, 0, 2, (0, 1, 0), 1, (0, 2)): (1, 1)
(1, 0, 2, (0, 1, 0), 1, (1, 2)): (1, 1)
(1, 0, 2, (0, 1, 0), 2, (0, 0)): (15, 21)
(1, 0, 2, (0, 1, 0), 3, (0, 0)): (8, 11)
(1, 0, 2, (0, 1, 0), 4, (0, 0)): (1, 2)
(1, 0, 2, (0, 1, 0), 7, (0, 0)): (1, 1)
(1, 0, 2, (0, 1, 0), 9, (0, 0)): (0, 1)
(1, 0, 2, (0, 1, 1), 0, (0, 0)): (14, 26)
(1, 0, 2, (0, 1, 1), 1, (0, 0)): (9, 18)
(1, 0, 2, (0, 1, 1), 1, (1, 0)): (1, 1)
(1, 0, 2, (0, 1, 1), 1, (2, 0)): (1, 1)
(1, 0, 2, (0, 1, 1), 1, (3, 0)): (1, 1)
(1, 0, 2, (0, 1, 1), 1, (3, 1)): (1, 1)
(1, 0, 2, (0, 1, 1), 2, (0, 0)): (6, 6)
(1, 0, 2, (0, 1, 1), 3, (0, 0)): (0, 1)
(1, 0, 2, (0, 1, 1), 4, (0, 0)): (2, 2)
(1, 0, 2, (1, 0, 0), 0, (0, 0)): (77, 162)
(1, 0, 2, (1, 0, 0), 0, (1, 0)): (1, 1)
(1, 0, 2, (1, 0, 0), 0, (2, 0)): (1, 1)
(1, 0, 2, (1, 0, 0), 1, (0, 0)): (25, 43)
(1, 0, 2, (1, 0, 0), 2, (0, 0)): (18, 24)
(1, 0, 2, (1, 0, 0), 3, (0, 0)): (7, 10)
(1, 0, 2, (1, 0, 0), 4, (0, 0)): (6, 8)
(1, 0, 2, (1, 0, 0), 5, (0, 0)): (1, 1)
(1, 0, 2, (1, 0, 0), 8, (0, 0)): (1, 1)
(1, 0, 2, (1, 0, 0), 9, (0, 0)): (0, 1)
(1, 0, 2, (1, 0, 1), 0, (0, 0)): (15, 27)
(1, 0, 2, (1, 0, 1), 1, (0, 0)): (11, 16)
(1, 0, 2, (1, 0, 1), 2, (0, 0)): (5, 7)
(1, 0, 2, (1, 0, 1), 3, (0, 0)): (1, 1)
(1, 0, 2, (1, 0, 1), 8, (0, 0)): (1, 1)
(1, 0, 2, (1, 1, 0), 0, (0, 0)): (22, 45)
(1, 0, 2, (1, 1, 0), 1, (0, 0)): (10, 18)
(1, 0, 2, (1, 1, 0), 2, (0, 0)): (5, 10)
(1, 0, 2, (1, 1, 0), 3, (0, 0)): (3, 5)
(1, 0, 2, (1, 1, 0), 4, (0, 0)): (2, 3)
(1, 0, 2, (1, 1, 1), 0, (0, 0)): (6, 16)
(1, 0, 2, (1, 1, 1), 1, (0, 0)): (1, 4)
(1, 0, 2, (1, 1, 1), 2, (0, 0)): (3, 5)
(1, 1, 0, (0, 0, 0), -9, (0, 0)): (1, 1)
(1, 1, 0, (0, 0, 0), -8, (0, 0)): (0, 1)
(1, 1, 0, (0, 0, 0), -6, (0, 0)): (1, 1)
(1, 1, 0, (0, 0, 0), -5, (0, 0)): (1, 2)
(1, 1, 0, (0, 0, 0), -4, (0, 0)): (4, 16)
(1, 1, 0, (0, 0, 0), -3, (0, 0)): (6, 25)
(1, 1, 0, (0, 0, 0), -3, (0, 1)): (0, 1)
(1, 1, 0, (0, 0, 0), -3, (0, 2)): (0, 1)
(1, 1, 0, (0, 0, 0), -3, (1, 2)): (0, 1)
(1, 1, 0, (0, 0, 0), -3, (2, 2)): (0, 1)
(1, 1, 0, (0, 0, 0), -2, (0, 0)): (26, 66)
(1, 1, 0, (0, 0, 0), -1, (0, 0)): (64, 145)
(1, 1, 0, (0, 0, 0), -1, (1, 0)): (0, 1)
(1, 1, 0, (0, 0, 0), -1, (2, 0)): (0, 1)
(1, 1, 0, (0, 0, 0), -1, (2, 1)): (0, 1)
(1, 1, 0, (0, 0, 0), -1, (2, 2)): (0, 1)
(1, 1, 0, (0, 0, 0), 0, (0, 0)): (326, 576)
(1, 1, 0, (0, 0, 0), 0, (0, 1)): (2, 2)
(1, 1, 0, (0, 0, 0), 0, (1, 0)): (0, 2)
(1, 1, 0, (0, 0, 0), 0, (1, 1)): (1, 3)
(1, 1, 0, (0, 0, 0), 0, (1, 2)): (0, 1)
(1, 1, 0, (0, 0, 0), 0, (2, 1)): (1, 2)
(1, 1, 0, (0, 0, 0), 0, (2, 2)): (0, 2)
(1, 1, 0, (0, 0, 0), 0, (3, 1)): (1, 1)
(1, 1, 0, (0, 0, 0), 0, (3, 2)): (0, 1)
(1, 1, 0, (0, 0, 0), 1, (0, 0)): (4, 4)
(1, 1, 0, (0, 0, 0), 2, (0, 0)): (2, 2)
(1, 1, 0, (0, 0, 1), -5, (0, 0)): (1, 1)
(1, 1, 0, (0, 0, 1), -4, (0, 0)): (1, 1)
(1, 1, 0, (0, 0, 1), -2, (0, 0)): (0, 1)
(1, 1, 0, (0, 0, 1), -1, (0, 0)): (2, 3)
(1, 1, 0, (0, 0, 1), 0, (0, 0)): (8, 19)
(1, 1, 0, (0, 0, 1), 1, (0, 0)): (5, 5)
(1, 1, 0, (0, 0, 1), 2, (0, 0)): (1, 1)
(1, 1, 0, (0, 0, 1), 3, (0, 0)): (2, 2)
(1, 1, 0, (0, 1, 0), -4, (0, 0)): (0, 2)
(1, 1, 0, (0, 1, 0), -3, (0, 0)): (1, 1)
(1, 1, 0, (0, 1, 0), -2, (0, 0)): (2, 3)
(1, 1, 0, (0, 1, 0), -1, (0, 0)): (6, 12)
(1, 1, 0, (0, 1, 0), 0, (0, 0)): (24, 38)
(1, 1, 0, (0, 1, 0), 1, (0, 0)): (3, 3)
(1, 1, 0, (0, 1, 0), 2, (0, 0)): (2, 2)
(1, 1, 0, (0, 1, 1), -2, (0, 0)): (1, 1)
(1, 1, 0, (0, 1, 1), -1, (0, 0)): (2, 3)
(1, 1, 0, (0, 1, 1), 0, (0, 0)): (5, 7)
(1, 1, 0, (0, 1, 1), 2, (0, 0)): (1, 3)
(1, 1, 0, (0, 1, 1), 3, (0, 0)): (1, 1)
(1, 1, 0, (1, 0, 0), -8, (0, 0)): (0, 1)
(1, 1, 0, (1, 0, 0), -6, (0, 0)): (1, 1)
(1, 1, 0, (1, 0, 0), -5, (0, 0)): (1, 1)
(1, 1, 0, (1, 0, 0), -4, (0, 0)): (4, 9)
(1, 1, 0, (1, 0, 0), -3, (0, 0)): (2, 4)
(1, 1, 0, (1, 0, 0), -2, (0, 0)): (10, 22)
(1, 1, 0, (1, 0, 0), -1, (0, 0)): (29, 64)
(1, 1, 0, (1, 0, 0), 0, (0, 0)): (122, 191)
(1, 1, 0, (1, 0, 0), 0, (0, 1)): (0, 1)
(1, 1, 0, (1, 0, 0), 0, (0, 2)): (0, 1)
(1, 1, 0, (1, 0, 0), 1, (0, 0)): (4, 8)
(1, 1, 0, (1, 0, 0), 2, (0, 0)): (5, 5)
(1, 1, 0, (1, 0, 0), 4, (0, 0)): (1, 1)
(1, 1, 0, (1, 0, 1), -2, (0, 0)): (0, 2)
(1, 1, 0, (1, 0, 1), -1, (0, 0)): (2, 3)
(1, 1, 0, (1, 0, 1), 0, (0, 0)): (10, 11)
(1, 1, 0, (1, 0, 1), 1, (0, 0)): (2, 3)
(1, 1, 0, (1, 1, 0), -8, (0, 0)): (0, 1)
(1, 1, 0, (1, 1, 0), -4, (0, 0)): (1, 2)
(1, 1, 0, (1, 1, 0), -2, (0, 0)): (1, 2)
(1, 1, 0, (1, 1, 0), -1, (0, 0)): (8, 13)
(1, 1, 0, (1, 1, 0), 0, (0, 0)): (31, 40)
(1, 1, 0, (1, 1, 0), 1, (0, 0)): (3, 4)
(1, 1, 0, (1, 1, 0), 2, (0, 0)): (4, 4)
(1, 1, 0, (1, 1, 1), -4, (0, 0)): (1, 1)
(1, 1, 0, (1, 1, 1), -2, (0, 0)): (1, 1)
(1, 1, 0, (1, 1, 1), -1, (0, 0)): (1, 1)
(1, 1, 0, (1, 1, 1), 0, (0, 0)): (6, 6)
(1, 1, 0, (1, 1, 1), 1, (0, 0)): (4, 4)
(1, 1, 0, (1, 1, 1), 2, (0, 0)): (1, 2)
(1, 1, 1, (0, 0, 0), -9, (0, 0)): (1, 1)
(1, 1, 1, (0, 0, 0), -5, (0, 0)): (0, 1)
(1, 1, 1, (0, 0, 0), -4, (0, 0)): (1, 8)
(1, 1, 1, (0, 0, 0), -3, (0, 0)): (4, 21)
(1, 1, 1, (0, 0, 0), -3, (1, 0)): (0, 1)
(1, 1, 1, (0, 0, 0), -3, (2, 0)): (0, 1)
(1, 1, 1, (0, 0, 0), -3, (2, 1)): (0, 1)
(1, 1, 1, (0, 0, 0), -2, (0, 0)): (17, 44)
(1, 1, 1, (0, 0, 0), -1, (0, 0)): (32, 79)
(1, 1, 1, (0, 0, 0), -1, (0, 1)): (1, 1)
(1, 1, 1, (0, 0, 0), -1, (0, 2)): (1, 1)
(1, 1, 1, (0, 0, 0), -1, (1, 0)): (0, 1)
(1, 1, 1, (0, 0, 0), -1, (1, 1)): (0, 1)
(1, 1, 1, (0, 0, 0), -1, (1, 2)): (1, 1)
(1, 1, 1, (0, 0, 0), -1, (2, 1)): (0, 1)
(1, 1, 1, (0, 0, 0), -1, (2, 2)): (1, 2)
(1, 1, 1, (0, 0, 0), -1, (3, 2)): (1, 1)
(1, 1, 1, (0, 0, 0), 0, (0, 0)): (190, 368)
(1, 1, 1, (0, 0, 0), 0, (1, 0)): (0, 1)
(1, 1, 1, (0, 0, 0), 1, (0, 0)): (8, 11)
(1, 1, 1, (0, 0, 0), 2, (0, 0)): (6, 6)
(1, 1, 1, (0, 0, 0), 3, (0, 0)): (2, 3)
(1, 1, 1, (0, 0, 0), 4, (0, 0)): (2, 2)
(1, 1, 1, (0, 0, 1), -4, (0, 0)): (0, 1)
(1, 1, 1, (0, 0, 1), -3, (0, 0)): (0, 1)
(1, 1, 1, (0, 0, 1), -1, (0, 0)): (4, 7)
(1, 1, 1, (0, 0, 1), 0, (0, 0)): (21, 39)
(1, 1, 1, (0, 0, 1), 0, (1, 0)): (1, 1)
(1, 1, 1, (0, 0, 1), 0, (1, 1)): (1, 1)
(1, 1, 1, (0, 0, 1), 1, (0, 0)): (9, 10)
(1, 1, 1, (0, 0, 1), 2, (0, 0)): (4, 4)
(1, 1, 1, (0, 0, 1), 3, (0, 0)): (1, 1)
(1, 1, 1, (0, 0, 1), 4, (0, 0)): (2, 2)
(1, 1, 1, (0, 1, 0), -4, (0, 0)): (2, 6)
(1, 1, 1, (0, 1, 0), -3, (0, 0)): (1, 4)
(1, 1, 1, (0, 1, 0), -2, (0, 0)): (5, 11)
(1, 1, 1, (0, 1, 0), -1, (0, 0)): (12, 26)
(1, 1, 1, (0, 1, 0), 0, (0, 0)): (53, 85)
(1, 1, 1, (0, 1, 0), 1, (0, 0)): (11, 19)
(1, 1, 1, (0, 1, 0), 2, (0, 0)): (10, 10)
(1, 1, 1, (0, 1, 0), 3, (0, 0)): (2, 2)
(1, 1, 1, (0, 1, 0), 4, (0, 0)): (3, 3)
(1, 1, 1, (0, 1, 1), -3, (0, 0)): (2, 2)
(1, 1, 1, (0, 1, 1), -2, (0, 0)): (1, 1)
(1, 1, 1, (0, 1, 1), -1, (0, 0)): (5, 7)
(1, 1, 1, (0, 1, 1), 0, (0, 0)): (30, 38)
(1, 1, 1, (0, 1, 1), 0, (1, 0)): (0, 1)
(1, 1, 1, (0, 1, 1), 0, (1, 1)): (0, 1)
(1, 1, 1, (0, 1, 1), 0, (1, 2)): (0, 1)
(1, 1, 1, (0, 1, 1), 1, (0, 0)): (3, 3)
(1, 1, 1, (0, 1, 1), 2, (0, 0)): (5, 5)
(1, 1, 1, (0, 1, 1), 3, (0, 0)): (1, 1)
(1, 1, 1, (1, 0, 0), -9, (0, 0)): (1, 1)
(1, 1, 1, (1, 0, 0), -4, (0, 0)): (1, 2)
(1, 1, 1, (1, 0, 0), -3, (0, 0)): (5, 10)
(1, 1, 1, (1, 0, 0), -3, (1, 0)): (0, 1)
(1, 1, 1, (1, 0, 0), -3, (1, 1)): (0, 1)
(1, 1, 1, (1, 0, 0), -3, (1, 2)): (0, 1)
(1, 1, 1, (1, 0, 0), -2, (0, 0)): (8, 19)
(1, 1, 1, (1, 0, 0), -1, (0, 0)): (22, 48)
(1, 1, 1, (1, 0, 0), 0, (0, 0)): (94, 163)
(1, 1, 1, (1, 0, 0), 1, (0, 0)): (20, 27)
(1, 1, 1, (1, 0, 0), 2, (0, 0)): (7, 7)
(1, 1, 1, (1, 0, 0), 3, (0, 0)): (4, 5)
(1, 1, 1, (1, 0, 0), 4, (0, 0)): (0, 1)
(1, 1, 1, (1, 0, 0), 5, (0, 0)): (1, 1)
(1, 1, 1, (1, 0, 1), -4, (0, 0)): (0, 1)
(1, 1, 1, (1, 0, 1), -1, (0, 0)): (7, 8)
(1, 1, 1, (1, 0, 1), 0, (0, 0)): (14, 25)
(1, 1, 1, (1, 0, 1), 0, (0, 1)): (0, 1)
(1, 1, 1, (1, 0, 1), 0, (0, 2)): (0, 1)
(1, 1, 1, (1, 0, 1), 1, (0, 0)): (11, 11)
(1, 1, 1, (1, 0, 1), 2, (0, 0)): (3, 3)
(1, 1, 1, (1, 0, 1), 3, (0, 0)): (2, 2)
(1, 1, 1, (1, 1, 0), -8, (0, 0)): (0, 1)
(1, 1, 1, (1, 1, 0), -4, (0, 0)): (0, 1)
(1, 1, 1, (1, 1, 0), -3, (0, 0)): (0, 2)
(1, 1, 1, (1, 1, 0), -3, (1, 0)): (0, 1)
(1, 1, 1, (1, 1, 0), -3, (2, 0)): (0, 1)
(1, 1, 1, (1, 1, 0), -3, (2, 1)): (0, 1)
(1, 1, 1, (1, 1, 0), -2, (0, 0)): (1, 4)
(1, 1, 1, (1, 1, 0), -1, (0, 0)): (4, 13)
(1, 1, 1, (1, 1, 0), 0, (0, 0)): (24, 38)
(1, 1, 1, (1, 1, 0), 1, (0, 0)): (5, 7)
(1, 1, 1, (1, 1, 0), 2, (0, 0)): (8, 9)
(1, 1, 1, (1, 1, 0), 4, (0, 0)): (1, 1)
(1, 1, 1, (1, 1, 1), -3, (0, 0)): (0, 1)
(1, 1, 1, (1, 1, 1), -1, (0, 0)): (1, 2)
(1, 1, 1, (1, 1, 1), 0, (0, 0)): (13, 13)
(1, 1, 1, (1, 1, 1), 1, (0, 0)): (5, 6)
(1, 1, 1, (1, 1, 1), 2, (0, 0)): (2, 2)
(1, 1, 1, (1, 1, 1), 3, (0, 0)): (1, 1)
(1, 1, 1, (1, 1, 1), 4, (0, 0)): (1, 1)
(1, 1, 2, (0, 0, 0), -5, (0, 0)): (0, 2)
(1, 1, 2, (0, 0, 0), -4, (0, 0)): (1, 6)
(1, 1, 2, (0, 0, 0), -3, (0, 0)): (1, 14)
(1, 1, 2, (0, 0, 0), -2, (0, 0)): (13, 34)
(1, 1, 2, (0, 0, 0), -1, (0, 0)): (25, 60)
(1, 1, 2, (0, 0, 0), -1, (1, 0)): (0, 1)
(1, 1, 2, (0, 0, 0), -1, (1, 1)): (0, 1)
(1, 1, 2, (0, 0, 0), -1, (2, 1)): (0, 1)
(1, 1, 2, (0, 0, 0), -1, (3, 1)): (0, 1)
(1, 1, 2, (0, 0, 0), 0, (0, 0)): (142, 296)
(1, 1, 2, (0, 0, 0), 0, (0, 1)): (0, 1)
(1, 1, 2, (0, 0, 0), 0, (1, 1)): (0, 1)
(1, 1, 2, (0, 0, 0), 0, (2, 1)): (0, 1)
(1, 1, 2, (0, 0, 0), 1, (0, 0)): (14, 26)
(1, 1, 2, (0, 0, 0), 2, (0, 0)): (14, 14)
(1, 1, 2, (0, 0, 0), 3, (0, 0)): (1, 1)
(1, 1, 2, (0, 0, 0), 4, (0, 0)): (5, 6)
(1, 1, 2, (0, 0, 0), 5, (0, 0)): (2, 2)
(1, 1, 2, (0, 0, 1), -4, (0, 0)): (1, 2)
(1, 1, 2, (0, 0, 1), -3, (0, 0)): (0, 2)
(1, 1, 2, (0, 0, 1), -2, (0, 0)): (1, 2)
(1, 1, 2, (0, 0, 1), -1, (0, 0)): (4, 10)
(1, 1, 2, (0, 0, 1), 0, (0, 0)): (17, 33)
(1, 1, 2, (0, 0, 1), 1, (0, 0)): (17, 20)
(1, 1, 2, (0, 0, 1), 2, (0, 0)): (4, 4)
(1, 1, 2, (0, 0, 1), 3, (0, 0)): (5, 5)
(1, 1, 2, (0, 0, 1), 4, (0, 0)): (1, 1)
(1, 1, 2, (0, 0, 1), 5, (0, 0)): (2, 2)
(1, 1, 2, (0, 0, 1), 7, (0, 0)): (1, 1)
(1, 1, 2, (0, 1, 0), -9, (0, 0)): (1, 1)
(1, 1, 2, (0, 1, 0), -4, (0, 0)): (1, 2)
(1, 1, 2, (0, 1, 0), -3, (0, 0)): (3, 4)
(1, 1, 2, (0, 1, 0), -2, (0, 0)): (8, 18)
(1, 1, 2, (0, 1, 0), -1, (0, 0)): (9, 25)
(1, 1, 2, (0, 1, 0), 0, (0, 0)): (53, 98)
(1, 1, 2, (0, 1, 0), 1, (0, 0)): (20, 29)
(1, 1, 2, (0, 1, 0), 2, (0, 0)): (9, 9)
(1, 1, 2, (0, 1, 0), 3, (0, 0)): (8, 8)
(1, 1, 2, (0, 1, 0), 4, (0, 0)): (4, 4)
(1, 1, 2, (0, 1, 0), 5, (0, 0)): (1, 1)
(1, 1, 2, (0, 1, 0), 6, (0, 0)): (1, 1)
(1, 1, 2, (0, 1, 1), -2, (0, 0)): (0, 1)
(1, 1, 2, (0, 1, 1), -1, (0, 0)): (4, 7)
(1, 1, 2, (0, 1, 1), 0, (0, 0)): (11, 19)
(1, 1, 2, (0, 1, 1), 0, (1, 0)): (0, 1)
(1, 1, 2, (0, 1, 1), 1, (0, 0)): (3, 6)
(1, 1, 2, (0, 1, 1), 2, (0, 0)): (4, 4)
(1, 1, 2, (0, 1, 1), 3, (0, 0)): (2, 2)
(1, 1, 2, (0, 1, 1), 4, (0, 0)): (1, 1)
(1, 1, 2, (1, 0, 0), -8, (0, 0)): (1, 1)
(1, 1, 2, (1, 0, 0), -5, (0, 0)): (0, 1)
(1, 1, 2, (1, 0, 0), -4, (0, 0)): (1, 2)
(1, 1, 2, (1, 0, 0), -3, (0, 0)): (2, 7)
(1, 1, 2, (1, 0, 0), -2, (0, 0)): (6, 19)
(1, 1, 2, (1, 0, 0), -1, (0, 0)): (17, 41)
(1, 1, 2, (1, 0, 0), 0, (0, 0)): (81, 156)
(1, 1, 2, (1, 0, 0), 1, (0, 0)): (21, 43)
(1, 1, 2, (1, 0, 0), 2, (0, 0)): (23, 24)
(1, 1, 2, (1, 0, 0), 3, (0, 0)): (3, 4)
(1, 1, 2, (1, 0, 0), 4, (0, 0)): (3, 4)
(1, 1, 2, (1, 0, 0), 5, (0, 0)): (1, 1)
(1, 1, 2, (1, 0, 1), -4, (0, 0)): (0, 2)
(1, 1, 2, (1, 0, 1), -2, (0, 0)): (2, 3)
(1, 1, 2, (1, 0, 1), -1, (0, 0)): (2, 3)
(1, 1, 2, (1, 0, 1), 0, (0, 0)): (7, 16)
(1, 1, 2, (1, 0, 1), 1, (0, 0)): (10, 14)
(1, 1, 2, (1, 0, 1), 2, (0, 0)): (4, 5)
(1, 1, 2, (1, 0, 1), 3, (0, 0)): (4, 4)
(1, 1, 2, (1, 0, 1), 4, (0, 0)): (1, 1)
(1, 1, 2, (1, 0, 1), 5, (0, 0)): (1, 1)
(1, 1, 2, (1, 0, 1), 6, (0, 0)): (1, 1)
(1, 1, 2, (1, 1, 0), -8, (0, 0)): (0, 1)
(1, 1, 2, (1, 1, 0), -4, (0, 0)): (0, 1)
(1, 1, 2, (1, 1, 0), -3, (0, 0)): (1, 2)
(1, 1, 2, (1, 1, 0), -2, (0, 0)): (1, 2)
(1, 1, 2, (1, 1, 0), -1, (0, 0)): (1, 6)
(1, 1, 2, (1, 1, 0), 0, (0, 0)): (24, 46)
(1, 1, 2, (1, 1, 0), 1, (0, 0)): (8, 11)
(1, 1, 2, (1, 1, 0), 2, (0, 0)): (10, 12)
(1, 1, 2, (1, 1, 0), 3, (0, 0)): (4, 5)
(1, 1, 2, (1, 1, 0), 5, (0, 0)): (1, 1)
(1, 1, 2, (1, 1, 1), -4, (0, 0)): (0, 1)
(1, 1, 2, (1, 1, 1), -3, (0, 0)): (0, 1)
(1, 1, 2, (1, 1, 1), -1, (0, 0)): (1, 2)
(1, 1, 2, (1, 1, 1), 0, (0, 0)): (10, 13)
(1, 1, 2, (1, 1, 1), 1, (0, 0)): (6, 7)
(1, 1, 2, (1, 1, 1), 2, (0, 0)): (7, 7)
(1, 1, 2, (1, 1, 1), 3, (0, 0)): (2, 2)
(1, 1, 2, (1, 1, 1), 4, (0, 0)): (1, 1)
(2, 0, 0, (0, 0, 0), -7, (0, 0)): (0, 1)
(2, 0, 0, (0, 0, 0), -6, (0, 0)): (0, 1)
(2, 0, 0, (0, 0, 0), -5, (0, 0)): (0, 4)
(2, 0, 0, (0, 0, 0), -4, (0, 0)): (1, 15)
(2, 0, 0, (0, 0, 0), -3, (0, 0)): (2, 20)
(2, 0, 0, (0, 0, 0), -2, (0, 0)): (5, 51)
(2, 0, 0, (0, 0, 0), -1, (0, 0)): (39, 98)
(2, 0, 0, (0, 0, 0), 0, (0, 0)): (225, 438)
(2, 0, 0, (0, 0, 0), 0, (0, 1)): (2, 3)
(2, 0, 0, (0, 0, 0), 0, (0, 2)): (1, 2)
(2, 0, 0, (0, 0, 0), 0, (1, 2)): (1, 1)
(2, 0, 0, (0, 0, 0), 1, (0, 0)): (71, 116)
(2, 0, 0, (0, 0, 0), 1, (1, 0)): (1, 1)
(2, 0, 0, (0, 0, 0), 1, (1, 1)): (1, 1)
(2, 0, 0, (0, 0, 0), 1, (1, 2)): (1, 1)
(2, 0, 0, (0, 0, 0), 1, (2, 2)): (1, 1)
(2, 0, 0, (0, 0, 0), 2, (0, 0)): (32, 55)
(2, 0, 0, (0, 0, 0), 3, (0, 0)): (21, 26)
(2, 0, 0, (0, 0, 0), 3, (1, 0)): (1, 1)
(2, 0, 0, (0, 0, 0), 3, (1, 1)): (1, 1)
(2, 0, 0, (0, 0, 0), 3, (1, 2)): (1, 1)
(2, 0, 0, (0, 0, 0), 4, (0, 0)): (11, 14)
(2, 0, 0, (0, 0, 0), 5, (0, 0)): (2, 2)
(2, 0, 0, (0, 0, 0), 6, (0, 0)): (1, 1)
(2, 0, 0, (0, 0, 0), 8, (0, 0)): (0, 1)
(2, 0, 0, (0, 0, 1), -4, (0, 0)): (0, 1)
(2, 0, 0, (0, 0, 1), -1, (0, 0)): (2, 3)
(2, 0, 0, (0, 0, 1), 0, (0, 0)): (5, 11)
(2, 0, 0, (0, 0, 1), 1, (0, 0)): (3, 5)
(2, 0, 0, (0, 0, 1), 2, (0, 0)): (0, 1)
(2, 0, 0, (0, 0, 1), 3, (0, 0)): (0, 1)
(2, 0, 0, (0, 1, 0), -3, (0, 0)): (0, 1)
(2, 0, 0, (0, 1, 0), -2, (0, 0)): (1, 3)
(2, 0, 0, (0, 1, 0), -1, (0, 0)): (2, 6)
(2, 0, 0, (0, 1, 0), 0, (0, 0)): (18, 27)
(2, 0, 0, (0, 1, 0), 1, (0, 0)): (7, 8)
(2, 0, 0, (0, 1, 0), 2, (0, 0)): (5, 6)
(2, 0, 0, (0, 1, 0), 3, (0, 0)): (1, 1)
(2, 0, 0, (0, 1, 0), 4, (0, 0)): (3, 3)
(2, 0, 0, (0, 1, 1), -1, (0, 0)): (1, 2)
(2, 0, 0, (0, 1, 1), 0, (0, 0)): (6, 6)
(2, 0, 0, (0, 1, 1), 1, (0, 0)): (2, 4)
(2, 0, 0, (0, 1, 1), 2, (0, 0)): (1, 1)
(2, 0, 0, (1, 0, 0), -7, (0, 0)): (0, 1)
(2, 0, 0, (1, 0, 0), -5, (0, 0)): (0, 1)
(2, 0, 0, (1, 0, 0), -4, (0, 0)): (0, 4)
(2, 0, 0, (1, 0, 0), -3, (0, 0)): (1, 11)
(2, 0, 0, (1, 0, 0), -2, (0, 0)): (2, 20)
(2, 0, 0, (1, 0, 0), -1, (0, 0)): (10, 37)
(2, 0, 0, (1, 0, 0), 0, (0, 0)): (69, 113)
(2, 0, 0, (1, 0, 0), 0, (0, 1)): (0, 1)
(2, 0, 0, (1, 0, 0), 0, (0, 2)): (0, 1)
(2, 0, 0, (1, 0, 0), 1, (0, 0)): (23, 35)
(2, 0, 0, (1, 0, 0), 2, (0, 0)): (12, 14)
(2, 0, 0, (1, 0, 0), 3, (0, 0)): (7, 8)
(2, 0, 0, (1, 0, 0), 4, (0, 0)): (3, 4)
(2, 0, 0, (1, 0, 0), 5, (0, 0)): (1, 1)
(2, 0, 0, (1, 0, 1), -4, (0, 0)): (0, 1)
(2, 0, 0, (1, 0, 1), -3, (0, 0)): (0, 1)
(2, 0, 0, (1, 0, 1), -1, (0, 0)): (0, 2)
(2, 0, 0, (1, 0, 1), 0, (0, 0)): (6, 9)
(2, 0, 0, (1, 0, 1), 1, (0, 0)): (3, 5)
(2, 0, 0, (1, 0, 1), 2, (0, 0)): (0, 2)
(2, 0, 0, (1, 0, 1), 3, (0, 0)): (0, 1)
(2, 0, 0, (1, 1, 0), -7, (0, 0)): (0, 1)
(2, 0, 0, (1, 1, 0), -6, (0, 0)): (0, 1)
(2, 0, 0, (1, 1, 0), -5, (0, 0)): (0, 1)
(2, 0, 0, (1, 1, 0), -2, (0, 0)): (0, 4)
(2, 0, 0, (1, 1, 0), -1, (0, 0)): (2, 7)
(2, 0, 0, (1, 1, 0), 0, (0, 0)): (9, 18)
(2, 0, 0, (1, 1, 0), 1, (0, 0)): (3, 5)
(2, 0, 0, (1, 1, 0), 2, (0, 0)): (3, 4)
(2, 0, 0, (1, 1, 0), 3, (0, 0)): (1, 1)
(2, 0, 0, (1, 1, 0), 4, (0, 0)): (1, 1)
(2, 0, 0, (1, 1, 0), 5, (0, 0)): (1, 1)
(2, 0, 0, (1, 1, 1), -6, (0, 0)): (0, 1)
(2, 0, 0, (1, 1, 1), -2, (0, 0)): (0, 2)
(2, 0, 0, (1, 1, 1), -1, (0, 0)): (0, 2)
(2, 0, 0, (1, 1, 1), 0, (0, 0)): (4, 4)
(2, 0, 0, (1, 1, 1), 1, (0, 0)): (1, 1)
(2, 0, 0, (1, 1, 1), 2, (0, 0)): (2, 2)
(2, 0, 1, (0, 0, 0), -6, (0, 0)): (0, 1)
(2, 0, 1, (0, 0, 0), -5, (0, 0)): (0, 3)
(2, 0, 1, (0, 0, 0), -4, (0, 0)): (1, 10)
(2, 0, 1, (0, 0, 0), -3, (0, 0)): (1, 9)
(2, 0, 1, (0, 0, 0), -2, (0, 0)): (3, 32)
(2, 0, 1, (0, 0, 0), -1, (0, 0)): (28, 58)
(2, 0, 1, (0, 0, 0), 0, (0, 0)): (143, 302)
(2, 0, 1, (0, 0, 0), 0, (0, 1)): (1, 1)
(2, 0, 1, (0, 0, 0), 0, (1, 0)): (1, 2)
(2, 0, 1, (0, 0, 0), 0, (1, 1)): (2, 3)
(2, 0, 1, (0, 0, 0), 0, (1, 2)): (1, 2)
(2, 0, 1, (0, 0, 0), 1, (0, 0)): (51, 84)
(2, 0, 1, (0, 0, 0), 1, (0, 1)): (1, 1)
(2, 0, 1, (0, 0, 0), 1, (1, 1)): (1, 1)
(2, 0, 1, (0, 0, 0), 1, (1, 2)): (1, 1)
(2, 0, 1, (0, 0, 0), 2, (0, 0)): (21, 41)
(2, 0, 1, (0, 0, 0), 3, (0, 0)): (14, 18)
(2, 0, 1, (0, 0, 0), 3, (0, 1)): (1, 1)
(2, 0, 1, (0, 0, 0), 4, (0, 0)): (8, 10)
(2, 0, 1, (0, 0, 0), 5, (0, 0)): (1, 1)
(2, 0, 1, (0, 0, 0), 6, (0, 0)): (2, 2)
(2, 0, 1, (0, 0, 0), 7, (0, 0)): (1, 1)
(2, 0, 1, (0, 0, 0), 8, (0, 0)): (0, 1)
(2, 0, 1, (0, 0, 1), -4, (0, 0)): (0, 1)
(2, 0, 1, (0, 0, 1), -2, (0, 0)): (0, 1)
(2, 0, 1, (0, 0, 1), -1, (0, 0)): (3, 3)
(2, 0, 1, (0, 0, 1), 0, (0, 0)): (17, 27)
(2, 0, 1, (0, 0, 1), 1, (0, 0)): (11, 14)
(2, 0, 1, (0, 0, 1), 2, (0, 0)): (3, 5)
(2, 0, 1, (0, 0, 1), 3, (0, 0)): (5, 5)
(2, 0, 1, (0, 0, 1), 4, (0, 0)): (4, 4)
(2, 0, 1, (0, 1, 0), -3, (0, 0)): (0, 1)
(2, 0, 1, (0, 1, 0), -2, (0, 0)): (1, 8)
(2, 0, 1, (0, 1, 0), -1, (0, 0)): (3, 15)
(2, 0, 1, (0, 1, 0), 0, (0, 0)): (36, 61)
(2, 0, 1, (0, 1, 0), 1, (0, 0)): (15, 21)
(2, 0, 1, (0, 1, 0), 2, (0, 0)): (7, 8)
(2, 0, 1, (0, 1, 0), 3, (0, 0)): (4, 8)
(2, 0, 1, (0, 1, 0), 4, (0, 0)): (3, 6)
(2, 0, 1, (0, 1, 0), 5, (0, 0)): (3, 4)
(2, 0, 1, (0, 1, 0), 6, (0, 0)): (1, 1)
(2, 0, 1, (0, 1, 0), 7, (0, 0)): (1, 1)
(2, 0, 1, (0, 1, 1), -4, (0, 0)): (0, 2)
(2, 0, 1, (0, 1, 1), -3, (0, 0)): (1, 1)
(2, 0, 1, (0, 1, 1), -1, (0, 0)): (2, 5)
(2, 0, 1, (0, 1, 1), 0, (0, 0)): (9, 14)
(2, 0, 1, (0, 1, 1), 1, (0, 0)): (3, 5)
(2, 0, 1, (0, 1, 1), 2, (0, 0)): (2, 3)
(2, 0, 1, (0, 1, 1), 3, (0, 0)): (3, 3)
(2, 0, 1, (0, 1, 1), 4, (0, 0)): (3, 3)
(2, 0, 1, (0, 1, 1), 5, (0, 0)): (1, 1)
(2, 0, 1, (1, 0, 0), -5, (0, 0)): (0, 2)
(2, 0, 1, (1, 0, 0), -4, (0, 0)): (0, 4)
(2, 0, 1, (1, 0, 0), -3, (0, 0)): (2, 11)
(2, 0, 1, (1, 0, 0), -2, (0, 0)): (2, 16)
(2, 0, 1, (1, 0, 0), -1, (0, 0)): (11, 33)
(2, 0, 1, (1, 0, 0), 0, (0, 0)): (60, 120)
(2, 0, 1, (1, 0, 0), 1, (0, 0)): (27, 41)
(2, 0, 1, (1, 0, 0), 2, (0, 0)): (11, 16)
(2, 0, 1, (1, 0, 0), 3, (0, 0)): (8, 8)
(2, 0, 1, (1, 0, 0), 4, (0, 0)): (3, 5)
(2, 0, 1, (1, 0, 0), 5, (0, 0)): (1, 1)
(2, 0, 1, (1, 0, 0), 6, (0, 0)): (1, 1)
(2, 0, 1, (1, 0, 0), 7, (0, 0)): (2, 2)
(2, 0, 1, (1, 0, 0), 8, (0, 0)): (0, 1)
(2, 0, 1, (1, 0, 1), -4, (0, 0)): (0, 1)
(2, 0, 1, (1, 0, 1), -3, (0, 0)): (0, 1)
(2, 0, 1, (1, 0, 1), -2, (0, 0)): (0, 4)
(2, 0, 1, (1, 0, 1), -1, (0, 0)): (0, 5)
(2, 0, 1, (1, 0, 1), 0, (0, 0)): (10, 16)
(2, 0, 1, (1, 0, 1), 1, (0, 0)): (15, 19)
(2, 0, 1, (1, 0, 1), 2, (0, 0)): (1, 4)
(2, 0, 1, (1, 0, 1), 3, (0, 0)): (3, 4)
(2, 0, 1, (1, 0, 1), 4, (0, 0)): (0, 1)
(2, 0, 1, (1, 0, 1), 5, (0, 0)): (1, 1)
(2, 0, 1, (1, 0, 1), 6, (0, 0)): (1, 1)
(2, 0, 1, (1, 1, 0), -5, (0, 0)): (0, 2)
(2, 0, 1, (1, 1, 0), -4, (0, 0)): (0, 2)
(2, 0, 1, (1, 1, 0), -3, (0, 0)): (0, 3)
(2, 0, 1, (1, 1, 0), -2, (0, 0)): (1, 2)
(2, 0, 1, (1, 1, 0), -1, (0, 0)): (5, 12)
(2, 0, 1, (1, 1, 0), 0, (0, 0)): (21, 37)
(2, 0, 1, (1, 1, 0), 1, (0, 0)): (9, 13)
(2, 0, 1, (1, 1, 0), 2, (0, 0)): (9, 12)
(2, 0, 1, (1, 1, 0), 3, (0, 0)): (6, 7)
(2, 0, 1, (1, 1, 0), 4, (0, 0)): (4, 5)
(2, 0, 1, (1, 1, 0), 6, (0, 0)): (1, 1)
(2, 0, 1, (1, 1, 0), 7, (0, 0)): (1, 1)
(2, 0, 1, (1, 1, 0), 8, (0, 0)): (0, 1)
(2, 0, 1, (1, 1, 1), -6, (0, 0)): (0, 1)
(2, 0, 1, (1, 1, 1), -5, (0, 0)): (0, 1)
(2, 0, 1, (1, 1, 1), -3, (0, 0)): (0, 1)
(2, 0, 1, (1, 1, 1), -2, (0, 0)): (0, 2)
(2, 0, 1, (1, 1, 1), -1, (0, 0)): (1, 3)
(2, 0, 1, (1, 1, 1), 0, (0, 0)): (6, 7)
(2, 0, 1, (1, 1, 1), 1, (0, 0)): (4, 4)
(2, 0, 1, (1, 1, 1), 2, (0, 0)): (1, 1)
(2, 0, 1, (1, 1, 1), 3, (0, 0)): (3, 4)
(2, 0, 1, (1, 1, 1), 4, (0, 0)): (1, 1)
(2, 0, 2, (0, 0, 0), -6, (0, 0)): (0, 1)
(2, 0, 2, (0, 0, 0), -5, (0, 0)): (0, 1)
(2, 0, 2, (0, 0, 0), -4, (0, 0)): (1, 9)
(2, 0, 2, (0, 0, 0), -3, (0, 0)): (1, 10)
(2, 0, 2, (0, 0, 0), -2, (0, 0)): (2, 29)
(2, 0, 2, (0, 0, 0), -1, (0, 0)): (19, 42)
(2, 0, 2, (0, 0, 0), 0, (0, 0)): (97, 227)
(2, 0, 2, (0, 0, 0), 0, (0, 1)): (1, 1)
(2, 0, 2, (0, 0, 0), 0, (0, 2)): (1, 1)
(2, 0, 2, (0, 0, 0), 0, (1, 0)): (0, 1)
(2, 0, 2, (0, 0, 0), 0, (1, 1)): (0, 1)
(2, 0, 2, (0, 0, 0), 0, (1, 2)): (1, 1)
(2, 0, 2, (0, 0, 0), 0, (2, 2)): (1, 1)
(2, 0, 2, (0, 0, 0), 1, (0, 0)): (48, 84)
(2, 0, 2, (0, 0, 0), 1, (1, 0)): (1, 1)
(2, 0, 2, (0, 0, 0), 1, (2, 0)): (1, 1)
(2, 0, 2, (0, 0, 0), 1, (2, 1)): (1, 1)
(2, 0, 2, (0, 0, 0), 1, (2, 2)): (1, 1)
(2, 0, 2, (0, 0, 0), 2, (0, 0)): (20, 37)
(2, 0, 2, (0, 0, 0), 3, (0, 0)): (15, 19)
(2, 0, 2, (0, 0, 0), 3, (1, 0)): (1, 1)
(2, 0, 2, (0, 0, 0), 3, (1, 1)): (1, 1)
(2, 0, 2, (0, 0, 0), 3, (1, 2)): (1, 1)
(2, 0, 2, (0, 0, 0), 3, (2, 2)): (1, 1)
(2, 0, 2, (0, 0, 0), 4, (0, 0)): (9, 9)
(2, 0, 2, (0, 0, 0), 5, (0, 0)): (3, 4)
(2, 0, 2, (0, 0, 0), 6, (0, 0)): (2, 2)
(2, 0, 2, (0, 0, 0), 7, (0, 0)): (2, 2)
(2, 0, 2, (0, 0, 1), -2, (0, 0)): (0, 3)
(2, 0, 2, (0, 0, 1), -1, (0, 0)): (3, 6)
(2, 0, 2, (0, 0, 1), 0, (0, 0)): (15, 23)
(2, 0, 2, (0, 0, 1), 1, (0, 0)): (14, 19)
(2, 0, 2, (0, 0, 1), 2, (0, 0)): (6, 7)
(2, 0, 2, (0, 0, 1), 3, (0, 0)): (1, 2)
(2, 0, 2, (0, 0, 1), 4, (0, 0)): (2, 3)
(2, 0, 2, (0, 0, 1), 5, (0, 0)): (1, 1)
(2, 0, 2, (0, 0, 1), 6, (0, 0)): (2, 3)
(2, 0, 2, (0, 1, 0), -4, (0, 0)): (0, 1)
(2, 0, 2, (0, 1, 0), -3, (0, 0)): (0, 3)
(2, 0, 2, (0, 1, 0), -2, (0, 0)): (1, 9)
(2, 0, 2, (0, 1, 0), -1, (0, 0)): (7, 19)
(2, 0, 2, (0, 1, 0), 0, (0, 0)): (30, 57)
(2, 0, 2, (0, 1, 0), 1, (0, 0)): (19, 26)
(2, 0, 2, (0, 1, 0), 2, (0, 0)): (14, 19)
(2, 0, 2, (0, 1, 0), 3, (0, 0)): (8, 11)
(2, 0, 2, (0, 1, 0), 4, (0, 0)): (3, 3)
(2, 0, 2, (0, 1, 0), 5, (0, 0)): (5, 7)
(2, 0, 2, (0, 1, 0), 6, (0, 0)): (3, 3)
(2, 0, 2, (0, 1, 0), 7, (0, 0)): (2, 2)
(2, 0, 2, (0, 1, 0), 9, (0, 0)): (1, 1)
(2, 0, 2, (0, 1, 1), -4, (0, 0)): (0, 2)
(2, 0, 2, (0, 1, 1), -3, (0, 0)): (1, 3)
(2, 0, 2, (0, 1, 1), -1, (0, 0)): (2, 4)
(2, 0, 2, (0, 1, 1), 0, (0, 0)): (8, 16)
(2, 0, 2, (0, 1, 1), 1, (0, 0)): (5, 10)
(2, 0, 2, (0, 1, 1), 2, (0, 0)): (4, 4)
(2, 0, 2, (0, 1, 1), 3, (0, 0)): (4, 5)
(2, 0, 2, (0, 1, 1), 3, (1, 0)): (1, 1)
(2, 0, 2, (0, 1, 1), 3, (1, 1)): (1, 1)
(2, 0, 2, (0, 1, 1), 4, (0, 0)): (4, 4)
(2, 0, 2, (0, 1, 1), 5, (0, 0)): (1, 1)
(2, 0, 2, (1, 0, 0), -5, (0, 0)): (0, 1)
(2, 0, 2, (1, 0, 0), -4, (0, 0)): (0, 1)
(2, 0, 2, (1, 0, 0), -3, (0, 0)): (0, 6)
(2, 0, 2, (1, 0, 0), -2, (0, 0)): (1, 13)
(2, 0, 2, (1, 0, 0), -1, (0, 0)): (16, 30)
(2, 0, 2, (1, 0, 0), 0, (0, 0)): (50, 117)
(2, 0, 2, (1, 0, 0), 0, (0, 1)): (0, 1)
(2, 0, 2, (1, 0, 0), 0, (1, 1)): (0, 1)
(2, 0, 2, (1, 0, 0), 1, (0, 0)): (28, 42)
(2, 0, 2, (1, 0, 0), 1, (1, 0)): (1, 1)
(2, 0, 2, (1, 0, 0), 2, (0, 0)): (17, 24)
(2, 0, 2, (1, 0, 0), 3, (0, 0)): (10, 12)
(2, 0, 2, (1, 0, 0), 4, (0, 0)): (7, 7)
(2, 0, 2, (1, 0, 0), 5, (0, 0)): (3, 5)
(2, 0, 2, (1, 0, 0), 5, (1, 0)): (1, 1)
(2, 0, 2, (1, 0, 0), 6, (0, 0)): (1, 1)
(2, 0, 2, (1, 0, 0), 7, (0, 0)): (1, 1)
(2, 0, 2, (1, 0, 0), 8, (0, 0)): (3, 3)
(2, 0, 2, (1, 0, 1), -2, (0, 0)): (0, 1)
(2, 0, 2, (1, 0, 1), -1, (0, 0)): (1, 4)
(2, 0, 2, (1, 0, 1), 0, (0, 0)): (12, 25)
(2, 0, 2, (1, 0, 1), 0, (1, 0)): (0, 1)
(2, 0, 2, (1, 0, 1), 1, (0, 0)): (9, 13)
(2, 0, 2, (1, 0, 1), 2, (0, 0)): (7, 8)
(2, 0, 2, (1, 0, 1), 3, (0, 0)): (3, 5)
(2, 0, 2, (1, 0, 1), 3, (1, 0)): (1, 1)
(2, 0, 2, (1, 0, 1), 4, (0, 0)): (2, 2)
(2, 0, 2, (1, 0, 1), 5, (0, 0)): (3, 3)
(2, 0, 2, (1, 0, 1), 7, (0, 0)): (1, 1)
(2, 0, 2, (1, 1, 0), -5, (0, 0)): (0, 2)
(2, 0, 2, (1, 1, 0), -4, (0, 0)): (0, 1)
(2, 0, 2, (1, 1, 0), -3, (0, 0)): (0, 2)
(2, 0, 2, (1, 1, 0), -2, (0, 0)): (0, 2)
(2, 0, 2, (1, 1, 0), -1, (0, 0)): (5, 11)
(2, 0, 2, (1, 1, 0), 0, (0, 0)): (25, 43)
(2, 0, 2, (1, 1, 0), 1, (0, 0)): (8, 11)
(2, 0, 2, (1, 1, 0), 2, (0, 0)): (9, 13)
(2, 0, 2, (1, 1, 0), 3, (0, 0)): (2, 3)
(2, 0, 2, (1, 1, 0), 4, (0, 0)): (1, 2)
(2, 0, 2, (1, 1, 0), 5, (0, 0)): (1, 1)
(2, 0, 2, (1, 1, 0), 6, (0, 0)): (1, 1)
(2, 0, 2, (1, 1, 0), 7, (0, 0)): (2, 2)
(2, 0, 2, (1, 1, 0), 8, (0, 0)): (0, 1)
(2, 0, 2, (1, 1, 0), 9, (0, 0)): (1, 1)
(2, 0, 2, (1, 1, 1), -5, (0, 0)): (0, 1)
(2, 0, 2, (1, 1, 1), -2, (0, 0)): (0, 1)
(2, 0, 2, (1, 1, 1), -1, (0, 0)): (1, 4)
(2, 0, 2, (1, 1, 1), 0, (0, 0)): (6, 15)
(2, 0, 2, (1, 1, 1), 1, (0, 0)): (3, 7)
(2, 0, 2, (1, 1, 1), 1, (0, 1)): (1, 1)
(2, 0, 2, (1, 1, 1), 1, (0, 2)): (1, 1)
(2, 0, 2, (1, 1, 1), 2, (0, 0)): (3, 3)
(2, 0, 2, (1, 1, 1), 3, (0, 0)): (3, 4)
(2, 1, 0, (0, 0, 0), -9, (0, 0)): (0, 1)
(2, 1, 0, (0, 0, 0), -8, (0, 0)): (1, 4)
(2, 1, 0, (0, 0, 0), -7, (0, 0)): (0, 3)
(2, 1, 0, (0, 0, 0), -6, (0, 0)): (1, 8)
(2, 1, 0, (0, 0, 0), -5, (0, 0)): (3, 11)
(2, 1, 0, (0, 0, 0), -5, (0, 1)): (0, 1)
(2, 1, 0, (0, 0, 0), -4, (0, 0)): (2, 17)
(2, 1, 0, (0, 0, 0), -3, (0, 0)): (11, 44)
(2, 1, 0, (0, 0, 0), -2, (0, 0)): (28, 80)
(2, 1, 0, (0, 0, 0), -1, (0, 0)): (65, 156)
(2, 1, 0, (0, 0, 0), -1, (1, 0)): (0, 1)
(2, 1, 0, (0, 0, 0), 0, (0, 0)): (191, 344)
(2, 1, 0, (0, 0, 0), 0, (1, 0)): (1, 3)
(2, 1, 0, (0, 0, 0), 0, (1, 1)): (0, 2)
(2, 1, 0, (0, 0, 0), 0, (1, 2)): (0, 1)
(2, 1, 0, (0, 0, 0), 0, (2, 1)): (0, 1)
(2, 1, 0, (0, 0, 0), 0, (3, 1)): (0, 1)
(2, 1, 0, (0, 0, 0), 0, (3, 2)): (0, 1)
(2, 1, 0, (0, 0, 0), 1, (0, 0)): (54, 87)
(2, 1, 0, (0, 0, 0), 2, (0, 0)): (44, 47)
(2, 1, 0, (0, 0, 0), 3, (0, 0)): (18, 20)
(2, 1, 0, (0, 0, 0), 4, (0, 0)): (11, 12)
(2, 1, 0, (0, 0, 0), 5, (0, 0)): (3, 3)
(2, 1, 0, (0, 0, 0), 6, (0, 0)): (1, 1)
(2, 1, 0, (0, 0, 0), 7, (0, 0)): (1, 1)
(2, 1, 0, (0, 0, 1), -3, (0, 0)): (3, 4)
(2, 1, 0, (0, 0, 1), -2, (0, 0)): (0, 1)
(2, 1, 0, (0, 0, 1), -1, (0, 0)): (5, 7)
(2, 1, 0, (0, 0, 1), 0, (0, 0)): (6, 8)
(2, 1, 0, (0, 0, 1), 1, (0, 0)): (5, 6)
(2, 1, 0, (0, 0, 1), 2, (0, 0)): (2, 2)
(2, 1, 0, (0, 1, 0), -4, (0, 0)): (0, 1)
(2, 1, 0, (0, 1, 0), -3, (0, 0)): (1, 4)
(2, 1, 0, (0, 1, 0), -2, (0, 0)): (5, 8)
(2, 1, 0, (0, 1, 0), -1, (0, 0)): (4, 5)
(2, 1, 0, (0, 1, 0), 0, (0, 0)): (16, 29)
(2, 1, 0, (0, 1, 0), 1, (0, 0)): (7, 7)
(2, 1, 0, (0, 1, 0), 2, (0, 0)): (3, 3)
(2, 1, 0, (0, 1, 0), 3, (0, 0)): (1, 1)
(2, 1, 0, (0, 1, 0), 4, (0, 0)): (1, 1)
(2, 1, 0, (0, 1, 0), 7, (0, 0)): (1, 1)
(2, 1, 0, (0, 1, 1), -2, (0, 0)): (1, 2)
(2, 1, 0, (0, 1, 1), -1, (0, 0)): (2, 4)
(2, 1, 0, (0, 1, 1), 0, (0, 0)): (7, 8)
(2, 1, 0, (0, 1, 1), 1, (0, 0)): (3, 4)
(2, 1, 0, (0, 1, 1), 2, (0, 0)): (1, 1)
(2, 1, 0, (1, 0, 0), -6, (0, 0)): (1, 3)
(2, 1, 0, (1, 0, 0), -5, (0, 0)): (1, 2)
(2, 1, 0, (1, 0, 0), -4, (0, 0)): (0, 5)
(2, 1, 0, (1, 0, 0), -3, (0, 0)): (3, 14)
(2, 1, 0, (1, 0, 0), -2, (0, 0)): (10, 26)
(2, 1, 0, (1, 0, 0), -1, (0, 0)): (19, 52)
(2, 1, 0, (1, 0, 0), 0, (0, 0)): (62, 99)
(2, 1, 0, (1, 0, 0), 1, (0, 0)): (19, 25)
(2, 1, 0, (1, 0, 0), 2, (0, 0)): (6, 9)
(2, 1, 0, (1, 0, 0), 3, (0, 0)): (5, 5)
(2, 1, 0, (1, 0, 0), 4, (0, 0)): (4, 4)
(2, 1, 0, (1, 0, 1), -6, (0, 0)): (0, 1)
(2, 1, 0, (1, 0, 1), -5, (0, 0)): (1, 1)
(2, 1, 0, (1, 0, 1), -4, (0, 0)): (0, 2)
(2, 1, 0, (1, 0, 1), -2, (0, 0)): (1, 2)
(2, 1, 0, (1, 0, 1), -1, (0, 0)): (0, 2)
(2, 1, 0, (1, 0, 1), 0, (0, 0)): (7, 10)
(2, 1, 0, (1, 0, 1), 1, (0, 0)): (7, 7)
(2, 1, 0, (1, 0, 1), 2, (0, 0)): (3, 3)
(2, 1, 0, (1, 1, 0), -6, (0, 0)): (1, 2)
(2, 1, 0, (1, 1, 0), -5, (0, 0)): (1, 4)
(2, 1, 0, (1, 1, 0), -3, (0, 0)): (0, 3)
(2, 1, 0, (1, 1, 0), -2, (0, 0)): (1, 4)
(2, 1, 0, (1, 1, 0), -1, (0, 0)): (5, 7)
(2, 1, 0, (1, 1, 0), 0, (0, 0)): (11, 16)
(2, 1, 0, (1, 1, 0), 1, (0, 0)): (5, 5)
(2, 1, 0, (1, 1, 0), 2, (0, 0)): (2, 2)
(2, 1, 0, (1, 1, 0), 3, (0, 0)): (1, 1)
(2, 1, 0, (1, 1, 0), 4, (0, 0)): (1, 1)
(2, 1, 0, (1, 1, 1), -5, (0, 0)): (2, 2)
(2, 1, 0, (1, 1, 1), -4, (0, 0)): (1, 3)
(2, 1, 0, (1, 1, 1), -3, (0, 0)): (1, 1)
(2, 1, 0, (1, 1, 1), -2, (0, 0)): (0, 1)
(2, 1, 0, (1, 1, 1), -1, (0, 0)): (4, 4)
(2, 1, 0, (1, 1, 1), 0, (0, 0)): (4, 6)
(2, 1, 0, (1, 1, 1), 1, (0, 0)): (4, 4)
(2, 1, 0, (1, 1, 1), 2, (0, 0)): (2, 2)
(2, 1, 1, (0, 0, 0), -9, (0, 0)): (0, 1)
(2, 1, 1, (0, 0, 0), -8, (0, 0)): (1, 4)
(2, 1, 1, (0, 0, 0), -7, (0, 0)): (0, 3)
(2, 1, 1, (0, 0, 0), -6, (0, 0)): (0, 5)
(2, 1, 1, (0, 0, 0), -5, (0, 0)): (2, 9)
(2, 1, 1, (0, 0, 0), -5, (0, 1)): (0, 1)
(2, 1, 1, (0, 0, 0), -5, (1, 1)): (0, 1)
(2, 1, 1, (0, 0, 0), -5, (1, 2)): (0, 1)
(2, 1, 1, (0, 0, 0), -4, (0, 0)): (2, 11)
(2, 1, 1, (0, 0, 0), -3, (0, 0)): (5, 25)
(2, 1, 1, (0, 0, 0), -2, (0, 0)): (16, 52)
(2, 1, 1, (0, 0, 0), -1, (0, 0)): (41, 102)
(2, 1, 1, (0, 0, 0), -1, (1, 0)): (0, 1)
(2, 1, 1, (0, 0, 0), -1, (2, 0)): (0, 1)
(2, 1, 1, (0, 0, 0), -1, (3, 0)): (0, 1)
(2, 1, 1, (0, 0, 0), -1, (3, 1)): (0, 1)
(2, 1, 1, (0, 0, 0), -1, (3, 2)): (0, 1)
(2, 1, 1, (0, 0, 0), 0, (0, 0)): (119, 232)
(2, 1, 1, (0, 0, 0), 0, (0, 1)): (0, 1)
(2, 1, 1, (0, 0, 0), 0, (0, 2)): (0, 1)
(2, 1, 1, (0, 0, 0), 0, (1, 2)): (0, 1)
(2, 1, 1, (0, 0, 0), 0, (2, 2)): (0, 1)
(2, 1, 1, (0, 0, 0), 0, (3, 2)): (0, 1)
(2, 1, 1, (0, 0, 0), 1, (0, 0)): (36, 64)
(2, 1, 1, (0, 0, 0), 2, (0, 0)): (36, 38)
(2, 1, 1, (0, 0, 0), 3, (0, 0)): (16, 18)
(2, 1, 1, (0, 0, 0), 4, (0, 0)): (6, 7)
(2, 1, 1, (0, 0, 0), 5, (0, 0)): (3, 3)
(2, 1, 1, (0, 0, 0), 6, (0, 0)): (2, 2)
(2, 1, 1, (0, 0, 0), 7, (0, 0)): (1, 1)
(2, 1, 1, (0, 0, 0), 10, (0, 0)): (1, 1)
(2, 1, 1, (0, 0, 1), -4, (0, 0)): (0, 1)
(2, 1, 1, (0, 0, 1), -3, (0, 0)): (3, 5)
(2, 1, 1, (0, 0, 1), -2, (0, 0)): (6, 9)
(2, 1, 1, (0, 0, 1), -1, (0, 0)): (7, 10)
(2, 1, 1, (0, 0, 1), 0, (0, 0)): (12, 23)
(2, 1, 1, (0, 0, 1), 1, (0, 0)): (11, 13)
(2, 1, 1, (0, 0, 1), 2, (0, 0)): (7, 9)
(2, 1, 1, (0, 0, 1), 3, (0, 0)): (1, 1)
(2, 1, 1, (0, 0, 1), 5, (0, 0)): (1, 1)
(2, 1, 1, (0, 1, 0), -5, (0, 0)): (1, 1)
(2, 1, 1, (0, 1, 0), -4, (0, 0)): (0, 2)
(2, 1, 1, (0, 1, 0), -3, (0, 0)): (1, 1)
(2, 1, 1, (0, 1, 0), -2, (0, 0)): (2, 4)
(2, 1, 1, (0, 1, 0), -1, (0, 0)): (8, 25)
(2, 1, 1, (0, 1, 0), 0, (0, 0)): (33, 52)
(2, 1, 1, (0, 1, 0), 0, (0, 1)): (1, 1)
(2, 1, 1, (0, 1, 0), 0, (1, 1)): (1, 1)
(2, 1, 1, (0, 1, 0), 0, (1, 2)): (1, 1)
(2, 1, 1, (0, 1, 0), 1, (0, 0)): (14, 20)
(2, 1, 1, (0, 1, 0), 1, (0, 1)): (1, 1)
(2, 1, 1, (0, 1, 0), 1, (1, 1)): (1, 1)
(2, 1, 1, (0, 1, 0), 1, (1, 2)): (1, 1)
(2, 1, 1, (0, 1, 0), 1, (2, 2)): (1, 1)
(2, 1, 1, (0, 1, 0), 1, (3, 2)): (1, 1)
(2, 1, 1, (0, 1, 0), 2, (0, 0)): (9, 12)
(2, 1, 1, (0, 1, 0), 3, (0, 0)): (2, 2)
(2, 1, 1, (0, 1, 0), 4, (0, 0)): (3, 3)
(2, 1, 1, (0, 1, 0), 5, (0, 0)): (1, 1)
(2, 1, 1, (0, 1, 1), -7, (0, 0)): (0, 1)
(2, 1, 1, (0, 1, 1), -3, (0, 0)): (0, 3)
(2, 1, 1, (0, 1, 1), -2, (0, 0)): (0, 2)
(2, 1, 1, (0, 1, 1), -1, (0, 0)): (2, 4)
(2, 1, 1, (0, 1, 1), 0, (0, 0)): (11, 17)
(2, 1, 1, (0, 1, 1), 1, (0, 0)): (6, 7)
(2, 1, 1, (0, 1, 1), 2, (0, 0)): (3, 3)
(2, 1, 1, (0, 1, 1), 3, (0, 0)): (2, 2)
(2, 1, 1, (0, 1, 1), 5, (0, 0)): (1, 1)
(2, 1, 1, (1, 0, 0), -8, (0, 0)): (1, 2)
(2, 1, 1, (1, 0, 0), -7, (0, 0)): (0, 3)
(2, 1, 1, (1, 0, 0), -6, (0, 0)): (0, 2)
(2, 1, 1, (1, 0, 0), -5, (0, 0)): (0, 1)
(2, 1, 1, (1, 0, 0), -4, (0, 0)): (0, 3)
(2, 1, 1, (1, 0, 0), -3, (0, 0)): (3, 13)
(2, 1, 1, (1, 0, 0), -2, (0, 0)): (12, 28)
(2, 1, 1, (1, 0, 0), -1, (0, 0)): (19, 43)
(2, 1, 1, (1, 0, 0), 0, (0, 0)): (67, 102)
(2, 1, 1, (1, 0, 0), 1, (0, 0)): (21, 36)
(2, 1, 1, (1, 0, 0), 2, (0, 0)): (21, 22)
(2, 1, 1, (1, 0, 0), 3, (0, 0)): (9, 10)
(2, 1, 1, (1, 0, 0), 4, (0, 0)): (2, 2)
(2, 1, 1, (1, 0, 0), 6, (0, 0)): (1, 1)
(2, 1, 1, (1, 0, 0), 7, (0, 0)): (1, 1)
(2, 1, 1, (1, 0, 0), 10, (0, 0)): (1, 1)
(2, 1, 1, (1, 0, 1), -8, (0, 0)): (1, 1)
(2, 1, 1, (1, 0, 1), -2, (0, 0)): (2, 6)
(2, 1, 1, (1, 0, 1), -1, (0, 0)): (0, 4)
(2, 1, 1, (1, 0, 1), 0, (0, 0)): (13, 15)
(2, 1, 1, (1, 0, 1), 1, (0, 0)): (8, 12)
(2, 1, 1, (1, 0, 1), 2, (0, 0)): (2, 3)
(2, 1, 1, (1, 0, 1), 3, (0, 0)): (1, 1)
(2, 1, 1, (1, 0, 1), 6, (0, 0)): (1, 1)
(2, 1, 1, (1, 1, 0), -6, (0, 0)): (0, 1)
(2, 1, 1, (1, 1, 0), -5, (0, 0)): (0, 2)
(2, 1, 1, (1, 1, 0), -3, (0, 0)): (1, 2)
(2, 1, 1, (1, 1, 0), -2, (0, 0)): (2, 4)
(2, 1, 1, (1, 1, 0), -1, (0, 0)): (3, 6)
(2, 1, 1, (1, 1, 0), 0, (0, 0)): (16, 22)
(2, 1, 1, (1, 1, 0), 1, (0, 0)): (3, 5)
(2, 1, 1, (1, 1, 0), 1, (0, 1)): (1, 1)
(2, 1, 1, (1, 1, 0), 2, (0, 0)): (5, 5)
(2, 1, 1, (1, 1, 0), 3, (0, 0)): (6, 6)
(2, 1, 1, (1, 1, 0), 4, (0, 0)): (1, 1)
(2, 1, 1, (1, 1, 0), 6, (0, 0)): (1, 1)
(2, 1, 1, (1, 1, 1), -6, (0, 0)): (0, 1)
(2, 1, 1, (1, 1, 1), -5, (0, 0)): (1, 3)
(2, 1, 1, (1, 1, 1), -4, (0, 0)): (0, 2)
(2, 1, 1, (1, 1, 1), -3, (0, 0)): (1, 3)
(2, 1, 1, (1, 1, 1), -2, (0, 0)): (1, 3)
(2, 1, 1, (1, 1, 1), -1, (0, 0)): (0, 1)
(2, 1, 1, (1, 1, 1), 0, (0, 0)): (3, 8)
(2, 1, 1, (1, 1, 1), 1, (0, 0)): (6, 8)
(2, 1, 1, (1, 1, 1), 2, (0, 0)): (1, 1)
(2, 1, 1, (1, 1, 1), 3, (0, 0)): (1, 1)
(2, 1, 1, (1, 1, 1), 4, (0, 0)): (1, 1)
(2, 1, 1, (1, 1, 1), 6, (0, 0)): (1, 1)
(2, 1, 2, (0, 0, 0), -9, (0, 0)): (0, 1)
(2, 1, 2, (0, 0, 0), -8, (0, 0)): (0, 2)
(2, 1, 2, (0, 0, 0), -6, (0, 0)): (0, 3)
(2, 1, 2, (0, 0, 0), -5, (0, 0)): (1, 7)
(2, 1, 2, (0, 0, 0), -5, (0, 1)): (0, 1)
(2, 1, 2, (0, 0, 0), -5, (0, 2)): (0, 1)
(2, 1, 2, (0, 0, 0), -5, (1, 2)): (0, 1)
(2, 1, 2, (0, 0, 0), -5, (2, 2)): (0, 1)
(2, 1, 2, (0, 0, 0), -4, (0, 0)): (2, 9)
(2, 1, 2, (0, 0, 0), -3, (0, 0)): (4, 21)
(2, 1, 2, (0, 0, 0), -2, (0, 0)): (11, 43)
(2, 1, 2, (0, 0, 0), -1, (0, 0)): (30, 78)
(2, 1, 2, (0, 0, 0), 0, (0, 0)): (75, 169)
(2, 1, 2, (0, 0, 0), 0, (0, 1)): (0, 1)
(2, 1, 2, (0, 0, 0), 0, (0, 2)): (0, 1)
(2, 1, 2, (0, 0, 0), 0, (1, 0)): (0, 1)
(2, 1, 2, (0, 0, 0), 0, (1, 1)): (0, 1)
(2, 1, 2, (0, 0, 0), 1, (0, 0)): (29, 53)
(2, 1, 2, (0, 0, 0), 2, (0, 0)): (35, 36)
(2, 1, 2, (0, 0, 0), 3, (0, 0)): (16, 17)
(2, 1, 2, (0, 0, 0), 4, (0, 0)): (9, 10)
(2, 1, 2, (0, 0, 0), 5, (0, 0)): (4, 4)
(2, 1, 2, (0, 0, 0), 6, (0, 0)): (2, 2)
(2, 1, 2, (0, 0, 0), 7, (0, 0)): (3, 3)
(2, 1, 2, (0, 0, 1), -6, (0, 0)): (0, 1)
(2, 1, 2, (0, 0, 1), -4, (0, 0)): (0, 2)
(2, 1, 2, (0, 0, 1), -3, (0, 0)): (0, 5)
(2, 1, 2, (0, 0, 1), -2, (0, 0)): (2, 6)
(2, 1, 2, (0, 0, 1), -1, (0, 0)): (7, 16)
(2, 1, 2, (0, 0, 1), 0, (0, 0)): (14, 22)
(2, 1, 2, (0, 0, 1), 1, (0, 0)): (8, 15)
(2, 1, 2, (0, 0, 1), 2, (0, 0)): (10, 12)
(2, 1, 2, (0, 0, 1), 3, (0, 0)): (4, 5)
(2, 1, 2, (0, 0, 1), 4, (0, 0)): (1, 2)
(2, 1, 2, (0, 1, 0), -7, (0, 0)): (1, 2)
(2, 1, 2, (0, 1, 0), -6, (0, 0)): (0, 2)
(2, 1, 2, (0, 1, 0), -5, (0, 0)): (1, 2)
(2, 1, 2, (0, 1, 0), -4, (0, 0)): (0, 3)
(2, 1, 2, (0, 1, 0), -3, (0, 0)): (1, 7)
(2, 1, 2, (0, 1, 0), -2, (0, 0)): (5, 11)
(2, 1, 2, (0, 1, 0), -1, (0, 0)): (12, 25)
(2, 1, 2, (0, 1, 0), 0, (0, 0)): (39, 62)
(2, 1, 2, (0, 1, 0), 1, (0, 0)): (17, 30)
(2, 1, 2, (0, 1, 0), 2, (0, 0)): (11, 12)
(2, 1, 2, (0, 1, 0), 3, (0, 0)): (10, 11)
(2, 1, 2, (0, 1, 0), 4, (0, 0)): (5, 6)
(2, 1, 2, (0, 1, 0), 5, (0, 0)): (1, 1)
(2, 1, 2, (0, 1, 0), 6, (0, 0)): (2, 2)
(2, 1, 2, (0, 1, 1), -6, (0, 0)): (0, 1)
(2, 1, 2, (0, 1, 1), -3, (0, 0)): (0, 2)
(2, 1, 2, (0, 1, 1), -2, (0, 0)): (1, 4)
(2, 1, 2, (0, 1, 1), -1, (0, 0)): (2, 4)
(2, 1, 2, (0, 1, 1), 0, (0, 0)): (17, 22)
(2, 1, 2, (0, 1, 1), 1, (0, 0)): (4, 9)
(2, 1, 2, (0, 1, 1), 2, (0, 0)): (3, 3)
(2, 1, 2, (0, 1, 1), 3, (0, 0)): (4, 5)
(2, 1, 2, (0, 1, 1), 4, (0, 0)): (2, 2)
(2, 1, 2, (1, 0, 0), -9, (0, 0)): (0, 1)
(2, 1, 2, (1, 0, 0), -8, (0, 0)): (0, 1)
(2, 1, 2, (1, 0, 0), -7, (0, 0)): (0, 1)
(2, 1, 2, (1, 0, 0), -6, (0, 0)): (0, 2)
(2, 1, 2, (1, 0, 0), -5, (0, 0)): (0, 2)
(2, 1, 2, (1, 0, 0), -4, (0, 0)): (1, 5)
(2, 1, 2, (1, 0, 0), -3, (0, 0)): (2, 13)
(2, 1, 2, (1, 0, 0), -2, (0, 0)): (7, 29)
(2, 1, 2, (1, 0, 0), -1, (0, 0)): (15, 42)
(2, 1, 2, (1, 0, 0), 0, (0, 0)): (39, 75)
(2, 1, 2, (1, 0, 0), 0, (0, 1)): (0, 1)
(2, 1, 2, (1, 0, 0), 0, (0, 2)): (0, 1)
(2, 1, 2, (1, 0, 0), 1, (0, 0)): (23, 36)
(2, 1, 2, (1, 0, 0), 2, (0, 0)): (26, 29)
(2, 1, 2, (1, 0, 0), 3, (0, 0)): (9, 11)
(2, 1, 2, (1, 0, 0), 4, (0, 0)): (3, 3)
(2, 1, 2, (1, 0, 0), 5, (0, 0)): (2, 2)
(2, 1, 2, (1, 0, 1), -3, (0, 0)): (0, 3)
(2, 1, 2, (1, 0, 1), -2, (0, 0)): (1, 6)
(2, 1, 2, (1, 0, 1), -1, (0, 0)): (2, 9)
(2, 1, 2, (1, 0, 1), 0, (0, 0)): (13, 18)
(2, 1, 2, (1, 0, 1), 1, (0, 0)): (7, 13)
(2, 1, 2, (1, 0, 1), 2, (0, 0)): (2, 2)
(2, 1, 2, (1, 0, 1), 3, (0, 0)): (5, 6)
(2, 1, 2, (1, 1, 0), -9, (0, 0)): (0, 1)
(2, 1, 2, (1, 1, 0), -8, (0, 0)): (0, 1)
(2, 1, 2, (1, 1, 0), -4, (0, 0)): (0, 2)
(2, 1, 2, (1, 1, 0), -3, (0, 0)): (0, 4)
(2, 1, 2, (1, 1, 0), -2, (0, 0)): (3, 9)
(2, 1, 2, (1, 1, 0), -1, (0, 0)): (7, 16)
(2, 1, 2, (1, 1, 0), 0, (0, 0)): (17, 23)
(2, 1, 2, (1, 1, 0), 1, (0, 0)): (5, 11)
(2, 1, 2, (1, 1, 0), 1, (1, 0)): (1, 1)
(2, 1, 2, (1, 1, 0), 1, (1, 1)): (1, 1)
(2, 1, 2, (1, 1, 0), 2, (0, 0)): (8, 9)
(2, 1, 2, (1, 1, 0), 3, (0, 0)): (2, 2)
(2, 1, 2, (1, 1, 0), 4, (0, 0)): (3, 3)
(2, 1, 2, (1, 1, 1), -8, (0, 0)): (0, 1)
(2, 1, 2, (1, 1, 1), -3, (0, 0)): (1, 4)
(2, 1, 2, (1, 1, 1), -2, (0, 0)): (1, 1)
(2, 1, 2, (1, 1, 1), -1, (0, 0)): (1, 2)
(2, 1, 2, (1, 1, 1), 0, (0, 0)): (11, 14)
(2, 1, 2, (1, 1, 1), 1, (0, 0)): (3, 6)
(2, 1, 2, (1, 1, 1), 2, (0, 0)): (3, 3)
(2, 1, 2, (1, 1, 1), 3, (0, 0)): (0, 1)
(2, 1, 2, (1, 1, 1), 4, (0, 0)): (1, 1)
(3, 0, 0, (0, 0, 0), -10, (0, 0)): (0, 1)
(3, 0, 0, (0, 0, 0), -7, (0, 0)): (0, 3)
(3, 0, 0, (0, 0, 0), -6, (0, 0)): (0, 3)
(3, 0, 0, (0, 0, 0), -5, (0, 0)): (0, 6)
(3, 0, 0, (0, 0, 0), -4, (0, 0)): (2, 18)
(3, 0, 0, (0, 0, 0), -3, (0, 0)): (4, 36)
(3, 0, 0, (0, 0, 0), -2, (0, 0)): (6, 80)
(3, 0, 0, (0, 0, 0), -1, (0, 0)): (58, 126)
(3, 0, 0, (0, 0, 0), 0, (0, 0)): (136, 281)
(3, 0, 0, (0, 0, 0), 0, (0, 1)): (1, 2)
(3, 0, 0, (0, 0, 0), 0, (0, 2)): (0, 1)
(3, 0, 0, (0, 0, 0), 0, (1, 0)): (1, 1)
(3, 0, 0, (0, 0, 0), 1, (0, 0)): (86, 138)
(3, 0, 0, (0, 0, 0), 1, (0, 1)): (1, 1)
(3, 0, 0, (0, 0, 0), 2, (0, 0)): (52, 74)
(3, 0, 0, (0, 0, 0), 3, (0, 0)): (30, 35)
(3, 0, 0, (0, 0, 0), 4, (0, 0)): (13, 15)
(3, 0, 0, (0, 0, 0), 5, (0, 0)): (7, 9)
(3, 0, 0, (0, 0, 0), 6, (0, 0)): (7, 7)
(3, 0, 0, (0, 0, 0), 7, (0, 0)): (2, 3)
(3, 0, 0, (0, 0, 0), 8, (0, 0)): (2, 2)
(3, 0, 0, (0, 0, 0), 9, (0, 0)): (1, 1)
(3, 0, 0, (0, 0, 1), -4, (0, 0)): (1, 1)
(3, 0, 0, (0, 0, 1), -3, (0, 0)): (0, 1)
(3, 0, 0, (0, 0, 1), -2, (0, 0)): (0, 2)
(3, 0, 0, (0, 0, 1), -1, (0, 0)): (2, 2)
(3, 0, 0, (0, 0, 1), 0, (0, 0)): (2, 2)
(3, 0, 0, (0, 0, 1), 1, (0, 0)): (4, 5)
(3, 0, 0, (0, 0, 1), 2, (0, 0)): (4, 5)
(3, 0, 0, (0, 0, 1), 3, (0, 0)): (1, 1)
(3, 0, 0, (0, 0, 1), 4, (0, 0)): (1, 1)
(3, 0, 0, (0, 0, 1), 7, (0, 0)): (1, 1)
(3, 0, 0, (0, 1, 0), -7, (0, 0)): (0, 1)
(3, 0, 0, (0, 1, 0), -4, (0, 0)): (1, 4)
(3, 0, 0, (0, 1, 0), -3, (0, 0)): (0, 2)
(3, 0, 0, (0, 1, 0), -2, (0, 0)): (0, 3)
(3, 0, 0, (0, 1, 0), -1, (0, 0)): (1, 6)
(3, 0, 0, (0, 1, 0), 0, (0, 0)): (7, 17)
(3, 0, 0, (0, 1, 0), 1, (0, 0)): (5, 6)
(3, 0, 0, (0, 1, 0), 2, (0, 0)): (3, 3)
(3, 0, 0, (0, 1, 0), 3, (0, 0)): (1, 1)
(3, 0, 0, (0, 1, 0), 4, (0, 0)): (0, 1)
(3, 0, 0, (0, 1, 0), 5, (0, 0)): (0, 1)
(3, 0, 0, (0, 1, 0), 6, (0, 0)): (1, 1)
(3, 0, 0, (0, 1, 1), -3, (0, 0)): (0, 1)
(3, 0, 0, (0, 1, 1), -2, (0, 0)): (0, 1)
(3, 0, 0, (0, 1, 1), -1, (0, 0)): (1, 1)
(3, 0, 0, (0, 1, 1), 0, (0, 0)): (2, 2)
(3, 0, 0, (0, 1, 1), 1, (0, 0)): (6, 7)
(3, 0, 0, (0, 1, 1), 2, (0, 0)): (3, 4)
(3, 0, 0, (0, 1, 1), 6, (0, 0)): (1, 1)
(3, 0, 0, (1, 0, 0), -5, (0, 0)): (0, 2)
(3, 0, 0, (1, 0, 0), -4, (0, 0)): (1, 7)
(3, 0, 0, (1, 0, 0), -3, (0, 0)): (1, 8)
(3, 0, 0, (1, 0, 0), -2, (0, 0)): (2, 19)
(3, 0, 0, (1, 0, 0), -1, (0, 0)): (16, 33)
(3, 0, 0, (1, 0, 0), 0, (0, 0)): (42, 86)
(3, 0, 0, (1, 0, 0), 1, (0, 0)): (27, 36)
(3, 0, 0, (1, 0, 0), 1, (1, 0)): (1, 1)
(3, 0, 0, (1, 0, 0), 2, (0, 0)): (17, 23)
(3, 0, 0, (1, 0, 0), 3, (0, 0)): (10, 11)
(3, 0, 0, (1, 0, 0), 4, (0, 0)): (3, 3)
(3, 0, 0, (1, 0, 0), 5, (0, 0)): (2, 2)
(3, 0, 0, (1, 0, 0), 6, (0, 0)): (4, 4)
(3, 0, 0, (1, 0, 0), 7, (0, 0)): (2, 2)
(3, 0, 0, (1, 0, 0), 8, (0, 0)): (1, 1)
(3, 0, 0, (1, 0, 0), 9, (0, 0)): (1, 1)
(3, 0, 0, (1, 0, 1), -7, (0, 0)): (0, 1)
(3, 0, 0, (1, 0, 1), -3, (0, 0)): (0, 1)
(3, 0, 0, (1, 0, 1), -1, (0, 0)): (1, 2)
(3, 0, 0, (1, 0, 1), 0, (0, 0)): (4, 6)
(3, 0, 0, (1, 0, 1), 1, (0, 0)): (2, 4)
(3, 0, 0, (1, 0, 1), 2, (0, 0)): (1, 1)
(3, 0, 0, (1, 0, 1), 3, (0, 0)): (1, 1)
(3, 0, 0, (1, 1, 0), -4, (0, 0)): (1, 4)
(3, 0, 0, (1, 1, 0), -2, (0, 0)): (1, 6)
(3, 0, 0, (1, 1, 0), -1, (0, 0)): (2, 3)
(3, 0, 0, (1, 1, 0), 0, (0, 0)): (14, 20)
(3, 0, 0, (1, 1, 0), 1, (0, 0)): (3, 4)
(3, 0, 0, (1, 1, 0), 2, (0, 0)): (4, 4)
(3, 0, 0, (1, 1, 0), 3, (0, 0)): (4, 5)
(3, 0, 0, (1, 1, 0), 4, (0, 0)): (3, 3)
(3, 0, 0, (1, 1, 0), 5, (0, 0)): (1, 1)
(3, 0, 0, (1, 1, 1), -7, (0, 0)): (0, 1)
(3, 0, 0, (1, 1, 1), -1, (0, 0)): (1, 2)
(3, 0, 0, (1, 1, 1), 0, (0, 0)): (2, 3)
(3, 0, 0, (1, 1, 1), 1, (0, 0)): (1, 1)
(3, 0, 0, (1, 1, 1), 2, (0, 0)): (1, 1)
(3, 0, 0, (1, 1, 1), 4, (0, 0)): (1, 1)
(3, 0, 1, (0, 0, 0), -10, (0, 0)): (0, 1)
(3, 0, 1, (0, 0, 0), -7, (0, 0)): (0, 2)
(3, 0, 1, (0, 0, 0), -6, (0, 0)): (0, 3)
(3, 0, 1, (0, 0, 0), -5, (0, 0)): (0, 4)
(3, 0, 1, (0, 0, 0), -4, (0, 0)): (0, 9)
(3, 0, 1, (0, 0, 0), -3, (0, 0)): (2, 25)
(3, 0, 1, (0, 0, 0), -2, (0, 0)): (4, 58)
(3, 0, 1, (0, 0, 0), -1, (0, 0)): (39, 88)
(3, 0, 1, (0, 0, 0), -1, (0, 1)): (0, 1)
(3, 0, 1, (0, 0, 0), -1, (0, 2)): (0, 1)
(3, 0, 1, (0, 0, 0), -1, (1, 2)): (0, 1)
(3, 0, 1, (0, 0, 0), -1, (2, 2)): (0, 1)
(3, 0, 1, (0, 0, 0), -1, (3, 2)): (0, 1)
(3, 0, 1, (0, 0, 0), 0, (0, 0)): (90, 190)
(3, 0, 1, (0, 0, 0), 0, (0, 1)): (2, 3)
(3, 0, 1, (0, 0, 0), 0, (0, 2)): (0, 1)
(3, 0, 1, (0, 0, 0), 0, (1, 1)): (2, 2)
(3, 0, 1, (0, 0, 0), 0, (1, 2)): (1, 1)
(3, 0, 1, (0, 0, 0), 0, (2, 2)): (1, 1)
(3, 0, 1, (0, 0, 0), 1, (0, 0)): (55, 95)
(3, 0, 1, (0, 0, 0), 2, (0, 0)): (36, 54)
(3, 0, 1, (0, 0, 0), 3, (0, 0)): (24, 31)
(3, 0, 1, (0, 0, 0), 4, (0, 0)): (14, 16)
(3, 0, 1, (0, 0, 0), 5, (0, 0)): (6, 7)
(3, 0, 1, (0, 0, 0), 5, (1, 0)): (1, 1)
(3, 0, 1, (0, 0, 0), 5, (1, 1)): (1, 1)
(3, 0, 1, (0, 0, 0), 5, (2, 1)): (1, 1)
(3, 0, 1, (0, 0, 0), 6, (0, 0)): (2, 2)
(3, 0, 1, (0, 0, 0), 7, (0, 0)): (0, 1)
(3, 0, 1, (0, 0, 0), 8, (0, 0)): (3, 3)
(3, 0, 1, (0, 0, 1), -5, (0, 0)): (0, 1)
(3, 0, 1, (0, 0, 1), -4, (0, 0)): (1, 1)
(3, 0, 1, (0, 0, 1), -2, (0, 0)): (0, 3)
(3, 0, 1, (0, 0, 1), -1, (0, 0)): (0, 1)
(3, 0, 1, (0, 0, 1), 0, (0, 0)): (8, 12)
(3, 0, 1, (0, 0, 1), 1, (0, 0)): (9, 13)
(3, 0, 1, (0, 0, 1), 2, (0, 0)): (10, 13)
(3, 0, 1, (0, 0, 1), 3, (0, 0)): (1, 1)
(3, 0, 1, (0, 0, 1), 4, (0, 0)): (2, 3)
(3, 0, 1, (0, 0, 1), 5, (0, 0)): (1, 1)
(3, 0, 1, (0, 0, 1), 7, (0, 0)): (2, 2)
(3, 0, 1, (0, 0, 1), 8, (0, 0)): (1, 1)
(3, 0, 1, (0, 1, 0), -10, (0, 0)): (0, 1)
(3, 0, 1, (0, 1, 0), -4, (0, 0)): (0, 2)
(3, 0, 1, (0, 1, 0), -3, (0, 0)): (0, 5)
(3, 0, 1, (0, 1, 0), -2, (0, 0)): (0, 5)
(3, 0, 1, (0, 1, 0), -1, (0, 0)): (7, 17)
(3, 0, 1, (0, 1, 0), 0, (0, 0)): (18, 40)
(3, 0, 1, (0, 1, 0), 1, (0, 0)): (12, 18)
(3, 0, 1, (0, 1, 0), 2, (0, 0)): (14, 19)
(3, 0, 1, (0, 1, 0), 3, (0, 0)): (10, 10)
(3, 0, 1, (0, 1, 0), 4, (0, 0)): (3, 4)
(3, 0, 1, (0, 1, 0), 5, (0, 0)): (1, 2)
(3, 0, 1, (0, 1, 0), 6, (0, 0)): (6, 6)
(3, 0, 1, (0, 1, 0), 7, (0, 0)): (2, 2)
(3, 0, 1, (0, 1, 0), 8, (0, 0)): (2, 2)
(3, 0, 1, (0, 1, 1), -4, (0, 0)): (0, 2)
(3, 0, 1, (0, 1, 1), -3, (0, 0)): (1, 1)
(3, 0, 1, (0, 1, 1), -2, (0, 0)): (2, 3)
(3, 0, 1, (0, 1, 1), -1, (0, 0)): (5, 9)
(3, 0, 1, (0, 1, 1), 0, (0, 0)): (8, 11)
(3, 0, 1, (0, 1, 1), 0, (0, 1)): (1, 1)
(3, 0, 1, (0, 1, 1), 0, (1, 1)): (1, 1)
(3, 0, 1, (0, 1, 1), 1, (0, 0)): (10, 11)
(3, 0, 1, (0, 1, 1), 2, (0, 0)): (4, 6)
(3, 0, 1, (0, 1, 1), 3, (0, 0)): (2, 3)
(3, 0, 1, (0, 1, 1), 4, (0, 0)): (2, 2)
(3, 0, 1, (0, 1, 1), 5, (0, 0)): (4, 4)
(3, 0, 1, (0, 1, 1), 6, (0, 0)): (2, 2)
(3, 0, 1, (1, 0, 0), -7, (0, 0)): (0, 2)
(3, 0, 1, (1, 0, 0), -5, (0, 0)): (0, 3)
(3, 0, 1, (1, 0, 0), -4, (0, 0)): (0, 1)
(3, 0, 1, (1, 0, 0), -3, (0, 0)): (1, 7)
(3, 0, 1, (1, 0, 0), -2, (0, 0)): (3, 24)
(3, 0, 1, (1, 0, 0), -1, (0, 0)): (21, 43)
(3, 0, 1, (1, 0, 0), 0, (0, 0)): (37, 78)
(3, 0, 1, (1, 0, 0), 0, (1, 0)): (1, 1)
(3, 0, 1, (1, 0, 0), 0, (1, 1)): (1, 1)
(3, 0, 1, (1, 0, 0), 0, (2, 1)): (1, 1)
(3, 0, 1, (1, 0, 0), 0, (2, 2)): (1, 1)
(3, 0, 1, (1, 0, 0), 1, (0, 0)): (34, 49)
(3, 0, 1, (1, 0, 0), 2, (0, 0)): (19, 29)
(3, 0, 1, (1, 0, 0), 3, (0, 0)): (20, 22)
(3, 0, 1, (1, 0, 0), 4, (0, 0)): (3, 3)
(3, 0, 1, (1, 0, 0), 5, (0, 0)): (3, 4)
(3, 0, 1, (1, 0, 0), 6, (0, 0)): (5, 6)
(3, 0, 1, (1, 0, 0), 7, (0, 0)): (4, 4)
(3, 0, 1, (1, 0, 0), 8, (0, 0)): (2, 2)
(3, 0, 1, (1, 0, 0), 9, (0, 0)): (1, 1)
(3, 0, 1, (1, 0, 1), -3, (0, 0)): (0, 2)
(3, 0, 1, (1, 0, 1), -2, (0, 0)): (1, 4)
(3, 0, 1, (1, 0, 1), -1, (0, 0)): (1, 3)
(3, 0, 1, (1, 0, 1), 0, (0, 0)): (5, 11)
(3, 0, 1, (1, 0, 1), 1, (0, 0)): (3, 8)
(3, 0, 1, (1, 0, 1), 2, (0, 0)): (5, 5)
(3, 0, 1, (1, 0, 1), 3, (0, 0)): (3, 3)
(3, 0, 1, (1, 0, 1), 4, (0, 0)): (1, 2)
(3, 0, 1, (1, 1, 0), -4, (0, 0)): (1, 1)
(3, 0, 1, (1, 1, 0), -3, (0, 0)): (0, 2)
(3, 0, 1, (1, 1, 0), -2, (0, 0)): (0, 9)
(3, 0, 1, (1, 1, 0), -1, (0, 0)): (10, 17)
(3, 0, 1, (1, 1, 0), 0, (0, 0)): (10, 18)
(3, 0, 1, (1, 1, 0), 1, (0, 0)): (4, 6)
(3, 0, 1, (1, 1, 0), 2, (0, 0)): (3, 3)
(3, 0, 1, (1, 1, 0), 3, (0, 0)): (8, 8)
(3, 0, 1, (1, 1, 0), 4, (0, 0)): (2, 2)
(3, 0, 1, (1, 1, 0), 5, (0, 0)): (4, 4)
(3, 0, 1, (1, 1, 0), 6, (0, 0)): (3, 3)
(3, 0, 1, (1, 1, 0), 7, (0, 0)): (1, 1)
(3, 0, 1, (1, 1, 1), -7, (0, 0)): (0, 1)
(3, 0, 1, (1, 1, 1), -3, (0, 0)): (0, 2)
(3, 0, 1, (1, 1, 1), -1, (0, 0)): (2, 3)
(3, 0, 1, (1, 1, 1), 0, (0, 0)): (4, 5)
(3, 0, 1, (1, 1, 1), 1, (0, 0)): (4, 5)
(3, 0, 1, (1, 1, 1), 2, (0, 0)): (2, 2)
(3, 0, 1, (1, 1, 1), 3, (0, 0)): (2, 2)
(3, 0, 1, (1, 1, 1), 4, (0, 0)): (1, 1)
(3, 0, 2, (0, 0, 0), -6, (0, 0)): (0, 3)
(3, 0, 2, (0, 0, 0), -5, (0, 0)): (0, 2)
(3, 0, 2, (0, 0, 0), -4, (0, 0)): (0, 9)
(3, 0, 2, (0, 0, 0), -3, (0, 0)): (2, 22)
(3, 0, 2, (0, 0, 0), -2, (0, 0)): (2, 47)
(3, 0, 2, (0, 0, 0), -1, (0, 0)): (27, 68)
(3, 0, 2, (0, 0, 0), -1, (0, 1)): (0, 1)
(3, 0, 2, (0, 0, 0), -1, (0, 2)): (0, 1)
(3, 0, 2, (0, 0, 0), -1, (1, 2)): (0, 1)
(3, 0, 2, (0, 0, 0), 0, (0, 0)): (66, 153)
(3, 0, 2, (0, 0, 0), 0, (0, 1)): (0, 1)
(3, 0, 2, (0, 0, 0), 0, (0, 2)): (0, 1)
(3, 0, 2, (0, 0, 0), 0, (1, 0)): (1, 1)
(3, 0, 2, (0, 0, 0), 1, (0, 0)): (41, 76)
(3, 0, 2, (0, 0, 0), 2, (0, 0)): (33, 46)
(3, 0, 2, (0, 0, 0), 3, (0, 0)): (14, 21)
(3, 0, 2, (0, 0, 0), 4, (0, 0)): (16, 19)
(3, 0, 2, (0, 0, 0), 5, (0, 0)): (5, 6)
(3, 0, 2, (0, 0, 0), 5, (1, 0)): (1, 1)
(3, 0, 2, (0, 0, 0), 5, (1, 1)): (1, 1)
(3, 0, 2, (0, 0, 0), 6, (0, 0)): (1, 2)
(3, 0, 2, (0, 0, 0), 7, (0, 0)): (0, 1)
(3, 0, 2, (0, 0, 0), 8, (0, 0)): (3, 3)
(3, 0, 2, (0, 0, 0), 9, (0, 0)): (1, 1)
(3, 0, 2, (0, 0, 1), -5, (0, 0)): (0, 1)
(3, 0, 2, (0, 0, 1), -4, (0, 0)): (1, 1)
(3, 0, 2, (0, 0, 1), -3, (0, 0)): (0, 1)
(3, 0, 2, (0, 0, 1), -2, (0, 0)): (0, 4)
(3, 0, 2, (0, 0, 1), -1, (0, 0)): (1, 6)
(3, 0, 2, (0, 0, 1), 0, (0, 0)): (8, 19)
(3, 0, 2, (0, 0, 1), 1, (0, 0)): (12, 18)
(3, 0, 2, (0, 0, 1), 2, (0, 0)): (9, 15)
(3, 0, 2, (0, 0, 1), 3, (0, 0)): (4, 4)
(3, 0, 2, (0, 0, 1), 4, (0, 0)): (4, 4)
(3, 0, 2, (0, 0, 1), 6, (0, 0)): (1, 1)
(3, 0, 2, (0, 0, 1), 8, (0, 0)): (1, 1)
(3, 0, 2, (0, 1, 0), -10, (0, 0)): (0, 1)
(3, 0, 2, (0, 1, 0), -4, (0, 0)): (0, 3)
(3, 0, 2, (0, 1, 0), -3, (0, 0)): (1, 7)
(3, 0, 2, (0, 1, 0), -2, (0, 0)): (2, 11)
(3, 0, 2, (0, 1, 0), -1, (0, 0)): (7, 21)
(3, 0, 2, (0, 1, 0), 0, (0, 0)): (22, 46)
(3, 0, 2, (0, 1, 0), 1, (0, 0)): (23, 43)
(3, 0, 2, (0, 1, 0), 2, (0, 0)): (19, 29)
(3, 0, 2, (0, 1, 0), 3, (0, 0)): (10, 16)
(3, 0, 2, (0, 1, 0), 4, (0, 0)): (5, 8)
(3, 0, 2, (0, 1, 0), 5, (0, 0)): (2, 2)
(3, 0, 2, (0, 1, 0), 6, (0, 0)): (2, 2)
(3, 0, 2, (0, 1, 0), 7, (0, 0)): (1, 1)
(3, 0, 2, (0, 1, 1), -2, (0, 0)): (0, 1)
(3, 0, 2, (0, 1, 1), -1, (0, 0)): (5, 10)
(3, 0, 2, (0, 1, 1), 0, (0, 0)): (5, 9)
(3, 0, 2, (0, 1, 1), 0, (1, 0)): (1, 1)
(3, 0, 2, (0, 1, 1), 0, (2, 0)): (1, 1)
(3, 0, 2, (0, 1, 1), 0, (3, 0)): (1, 1)
(3, 0, 2, (0, 1, 1), 0, (3, 1)): (1, 1)
(3, 0, 2, (0, 1, 1), 0, (3, 2)): (1, 1)
(3, 0, 2, (0, 1, 1), 1, (0, 0)): (8, 12)
(3, 0, 2, (0, 1, 1), 2, (0, 0)): (2, 3)
(3, 0, 2, (0, 1, 1), 3, (0, 0)): (3, 3)
(3, 0, 2, (0, 1, 1), 4, (0, 0)): (2, 2)
(3, 0, 2, (0, 1, 1), 5, (0, 0)): (1, 1)
(3, 0, 2, (0, 1, 1), 6, (0, 0)): (2, 2)
(3, 0, 2, (0, 1, 1), 7, (0, 0)): (1, 1)
(3, 0, 2, (1, 0, 0), -7, (0, 0)): (0, 2)
(3, 0, 2, (1, 0, 0), -6, (0, 0)): (0, 1)
(3, 0, 2, (1, 0, 0), -5, (0, 0)): (0, 3)
(3, 0, 2, (1, 0, 0), -4, (0, 0)): (0, 3)
(3, 0, 2, (1, 0, 0), -3, (0, 0)): (0, 7)
(3, 0, 2, (1, 0, 0), -2, (0, 0)): (2, 24)
(3, 0, 2, (1, 0, 0), -1, (0, 0)): (19, 34)
(3, 0, 2, (1, 0, 0), 0, (0, 0)): (34, 79)
(3, 0, 2, (1, 0, 0), 0, (0, 1)): (1, 1)
(3, 0, 2, (1, 0, 0), 0, (1, 1)): (1, 1)
(3, 0, 2, (1, 0, 0), 1, (0, 0)): (34, 51)
(3, 0, 2, (1, 0, 0), 2, (0, 0)): (20, 30)
(3, 0, 2, (1, 0, 0), 3, (0, 0)): (17, 20)
(3, 0, 2, (1, 0, 0), 3, (0, 1)): (1, 1)
(3, 0, 2, (1, 0, 0), 3, (1, 1)): (1, 1)
(3, 0, 2, (1, 0, 0), 4, (0, 0)): (6, 8)
(3, 0, 2, (1, 0, 0), 5, (0, 0)): (5, 5)
(3, 0, 2, (1, 0, 0), 6, (0, 0)): (2, 2)
(3, 0, 2, (1, 0, 0), 7, (0, 0)): (1, 1)
(3, 0, 2, (1, 0, 0), 8, (0, 0)): (2, 2)
(3, 0, 2, (1, 0, 1), -6, (0, 0)): (0, 1)
(3, 0, 2, (1, 0, 1), -4, (0, 0)): (0, 2)
(3, 0, 2, (1, 0, 1), -3, (0, 0)): (0, 1)
(3, 0, 2, (1, 0, 1), -2, (0, 0)): (1, 5)
(3, 0, 2, (1, 0, 1), -1, (0, 0)): (2, 4)
(3, 0, 2, (1, 0, 1), 0, (0, 0)): (6, 10)
(3, 0, 2, (1, 0, 1), 1, (0, 0)): (5, 12)
(3, 0, 2, (1, 0, 1), 2, (0, 0)): (5, 5)
(3, 0, 2, (1, 0, 1), 3, (0, 0)): (1, 2)
(3, 0, 2, (1, 0, 1), 4, (0, 0)): (1, 2)
(3, 0, 2, (1, 0, 1), 5, (0, 0)): (1, 2)
(3, 0, 2, (1, 0, 1), 7, (0, 0)): (1, 1)
(3, 0, 2, (1, 1, 0), -4, (0, 0)): (0, 2)
(3, 0, 2, (1, 1, 0), -3, (0, 0)): (0, 2)
(3, 0, 2, (1, 1, 0), -2, (0, 0)): (1, 11)
(3, 0, 2, (1, 1, 0), -1, (0, 0)): (9, 14)
(3, 0, 2, (1, 1, 0), 0, (0, 0)): (17, 32)
(3, 0, 2, (1, 1, 0), 1, (0, 0)): (8, 10)
(3, 0, 2, (1, 1, 0), 2, (0, 0)): (3, 3)
(3, 0, 2, (1, 1, 0), 3, (0, 0)): (3, 3)
(3, 0, 2, (1, 1, 0), 4, (0, 0)): (3, 4)
(3, 0, 2, (1, 1, 0), 5, (0, 0)): (0, 1)
(3, 0, 2, (1, 1, 0), 8, (0, 0)): (1, 1)
(3, 0, 2, (1, 1, 1), -2, (0, 0)): (0, 4)
(3, 0, 2, (1, 1, 1), -1, (0, 0)): (6, 10)
(3, 0, 2, (1, 1, 1), 0, (0, 0)): (7, 9)
(3, 0, 2, (1, 1, 1), 1, (0, 0)): (6, 9)
(3, 0, 2, (1, 1, 1), 2, (0, 0)): (2, 2)
(3, 0, 2, (1, 1, 1), 3, (0, 0)): (1, 1)
(3, 1, 0, (0, 0, 0), -9, (0, 0)): (0, 1)
(3, 1, 0, (0, 0, 0), -8, (0, 0)): (0, 6)
(3, 1, 0, (0, 0, 0), -7, (0, 0)): (1, 5)
(3, 1, 0, (0, 0, 0), -6, (0, 0)): (1, 13)
(3, 1, 0, (0, 0, 0), -5, (0, 0)): (3, 16)
(3, 1, 0, (0, 0, 0), -4, (0, 0)): (5, 31)
(3, 1, 0, (0, 0, 0), -3, (0, 0)): (12, 53)
(3, 1, 0, (0, 0, 0), -3, (1, 0)): (0, 1)
(3, 1, 0, (0, 0, 0), -3, (2, 0)): (0, 1)
(3, 1, 0, (0, 0, 0), -3, (2, 1)): (0, 1)
(3, 1, 0, (0, 0, 0), -3, (3, 1)): (0, 1)
(3, 1, 0, (0, 0, 0), -2, (0, 0)): (30, 96)
(3, 1, 0, (0, 0, 0), -1, (0, 0)): (64, 148)
(3, 1, 0, (0, 0, 0), 0, (0, 0)): (130, 236)
(3, 1, 0, (0, 0, 0), 0, (0, 1)): (0, 2)
(3, 1, 0, (0, 0, 0), 0, (0, 2)): (0, 1)
(3, 1, 0, (0, 0, 0), 0, (1, 1)): (0, 1)
(3, 1, 0, (0, 0, 0), 0, (1, 2)): (0, 1)
(3, 1, 0, (0, 0, 0), 1, (0, 0)): (66, 105)
(3, 1, 0, (0, 0, 0), 1, (0, 1)): (1, 1)
(3, 1, 0, (0, 0, 0), 2, (0, 0)): (65, 69)
(3, 1, 0, (0, 0, 0), 3, (0, 0)): (31, 34)
(3, 1, 0, (0, 0, 0), 4, (0, 0)): (12, 13)
(3, 1, 0, (0, 0, 0), 5, (0, 0)): (6, 6)
(3, 1, 0, (0, 0, 0), 6, (0, 0)): (5, 5)
(3, 1, 0, (0, 0, 0), 7, (0, 0)): (2, 2)
(3, 1, 0, (0, 0, 0), 10, (0, 0)): (1, 1)
(3, 1, 0, (0, 0, 1), -6, (0, 0)): (0, 1)
(3, 1, 0, (0, 0, 1), -4, (0, 0)): (1, 1)
(3, 1, 0, (0, 0, 1), -3, (0, 0)): (2, 2)
(3, 1, 0, (0, 0, 1), -1, (0, 0)): (1, 2)
(3, 1, 0, (0, 0, 1), 0, (0, 0)): (2, 4)
(3, 1, 0, (0, 0, 1), 1, (0, 0)): (4, 7)
(3, 1, 0, (0, 0, 1), 2, (0, 0)): (3, 3)
(3, 1, 0, (0, 0, 1), 3, (0, 0)): (1, 1)
(3, 1, 0, (0, 0, 1), 4, (0, 0)): (1, 1)
(3, 1, 0, (0, 1, 0), -6, (0, 0)): (0, 1)
(3, 1, 0, (0, 1, 0), -5, (0, 0)): (0, 1)
(3, 1, 0, (0, 1, 0), -4, (0, 0)): (0, 3)
(3, 1, 0, (0, 1, 0), -3, (0, 0)): (1, 4)
(3, 1, 0, (0, 1, 0), -2, (0, 0)): (1, 2)
(3, 1, 0, (0, 1, 0), -1, (0, 0)): (4, 8)
(3, 1, 0, (0, 1, 0), 0, (0, 0)): (8, 13)
(3, 1, 0, (0, 1, 0), 1, (0, 0)): (4, 6)
(3, 1, 0, (0, 1, 0), 2, (0, 0)): (5, 7)
(3, 1, 0, (0, 1, 0), 3, (0, 0)): (6, 8)
(3, 1, 0, (0, 1, 0), 4, (0, 0)): (1, 1)
(3, 1, 0, (0, 1, 0), 5, (0, 0)): (1, 1)
(3, 1, 0, (0, 1, 1), -8, (0, 0)): (0, 1)
(3, 1, 0, (0, 1, 1), -4, (0, 0)): (0, 1)
(3, 1, 0, (0, 1, 1), -2, (0, 0)): (2, 2)
(3, 1, 0, (0, 1, 1), -1, (0, 0)): (1, 1)
(3, 1, 0, (0, 1, 1), 0, (0, 0)): (1, 1)
(3, 1, 0, (0, 1, 1), 1, (0, 0)): (2, 2)
(3, 1, 0, (0, 1, 1), 2, (0, 0)): (3, 3)
(3, 1, 0, (0, 1, 1), 3, (0, 0)): (2, 2)
(3, 1, 0, (0, 1, 1), 4, (0, 0)): (2, 2)
(3, 1, 0, (1, 0, 0), -8, (0, 0)): (0, 2)
(3, 1, 0, (1, 0, 0), -7, (0, 0)): (0, 1)
(3, 1, 0, (1, 0, 0), -6, (0, 0)): (0, 2)
(3, 1, 0, (1, 0, 0), -5, (0, 0)): (0, 3)
(3, 1, 0, (1, 0, 0), -4, (0, 0)): (2, 10)
(3, 1, 0, (1, 0, 0), -3, (0, 0)): (5, 17)
(3, 1, 0, (1, 0, 0), -2, (0, 0)): (11, 26)
(3, 1, 0, (1, 0, 0), -1, (0, 0)): (16, 33)
(3, 1, 0, (1, 0, 0), 0, (0, 0)): (43, 72)
(3, 1, 0, (1, 0, 0), 1, (0, 0)): (25, 34)
(3, 1, 0, (1, 0, 0), 2, (0, 0)): (24, 25)
(3, 1, 0, (1, 0, 0), 3, (0, 0)): (10, 10)
(3, 1, 0, (1, 0, 0), 4, (0, 0)): (5, 5)
(3, 1, 0, (1, 0, 0), 5, (0, 0)): (1, 1)
(3, 1, 0, (1, 0, 1), -7, (0, 0)): (0, 1)
(3, 1, 0, (1, 0, 1), -6, (0, 0)): (0, 1)
(3, 1, 0, (1, 0, 1), -5, (0, 0)): (0, 1)
(3, 1, 0, (1, 0, 1), -2, (0, 0)): (1, 1)
(3, 1, 0, (1, 0, 1), -1, (0, 0)): (3, 5)
(3, 1, 0, (1, 0, 1), 0, (0, 0)): (2, 2)
(3, 1, 0, (1, 0, 1), 1, (0, 0)): (1, 2)
(3, 1, 0, (1, 0, 1), 2, (0, 0)): (3, 3)
(3, 1, 0, (1, 0, 1), 3, (0, 0)): (0, 1)
(3, 1, 0, (1, 1, 0), -6, (0, 0)): (0, 1)
(3, 1, 0, (1, 1, 0), -4, (0, 0)): (0, 2)
(3, 1, 0, (1, 1, 0), -3, (0, 0)): (2, 5)
(3, 1, 0, (1, 1, 0), -2, (0, 0)): (2, 3)
(3, 1, 0, (1, 1, 0), -1, (0, 0)): (3, 7)
(3, 1, 0, (1, 1, 0), 0, (0, 0)): (10, 17)
(3, 1, 0, (1, 1, 0), 0, (0, 1)): (1, 1)
(3, 1, 0, (1, 1, 0), 0, (0, 2)): (1, 1)
(3, 1, 0, (1, 1, 0), 0, (1, 2)): (1, 1)
(3, 1, 0, (1, 1, 0), 0, (2, 2)): (1, 1)
(3, 1, 0, (1, 1, 0), 0, (3, 2)): (1, 1)
(3, 1, 0, (1, 1, 0), 1, (0, 0)): (6, 8)
(3, 1, 0, (1, 1, 0), 2, (0, 0)): (4, 4)
(3, 1, 0, (1, 1, 0), 3, (0, 0)): (3, 3)
(3, 1, 0, (1, 1, 0), 4, (0, 0)): (1, 1)
(3, 1, 0, (1, 1, 1), -7, (0, 0)): (0, 1)
(3, 1, 0, (1, 1, 1), -6, (0, 0)): (0, 1)
(3, 1, 0, (1, 1, 1), -3, (0, 0)): (1, 1)
(3, 1, 0, (1, 1, 1), -2, (0, 0)): (1, 2)
(3, 1, 0, (1, 1, 1), -1, (0, 0)): (1, 3)
(3, 1, 0, (1, 1, 1), 0, (0, 0)): (1, 1)
(3, 1, 0, (1, 1, 1), 1, (0, 0)): (2, 2)
(3, 1, 0, (1, 1, 1), 2, (0, 0)): (2, 2)
(3, 1, 0, (1, 1, 1), 3, (0, 0)): (0, 1)
(3, 1, 1, (0, 0, 0), -9, (0, 0)): (0, 1)
(3, 1, 1, (0, 0, 0), -8, (0, 0)): (0, 4)
(3, 1, 1, (0, 0, 0), -7, (0, 0)): (1, 3)
(3, 1, 1, (0, 0, 0), -6, (0, 0)): (1, 9)
(3, 1, 1, (0, 0, 0), -5, (0, 0)): (3, 13)
(3, 1, 1, (0, 0, 0), -5, (0, 1)): (0, 1)
(3, 1, 1, (0, 0, 0), -5, (0, 2)): (0, 1)
(3, 1, 1, (0, 0, 0), -4, (0, 0)): (2, 18)
(3, 1, 1, (0, 0, 0), -3, (0, 0)): (6, 33)
(3, 1, 1, (0, 0, 0), -3, (1, 0)): (0, 1)
(3, 1, 1, (0, 0, 0), -2, (0, 0)): (20, 71)
(3, 1, 1, (0, 0, 0), -1, (0, 0)): (45, 110)
(3, 1, 1, (0, 0, 0), 0, (0, 0)): (85, 159)
(3, 1, 1, (0, 0, 0), 1, (0, 0)): (37, 64)
(3, 1, 1, (0, 0, 0), 1, (1, 0)): (1, 1)
(3, 1, 1, (0, 0, 0), 1, (1, 1)): (1, 1)
(3, 1, 1, (0, 0, 0), 1, (1, 2)): (1, 1)
(3, 1, 1, (0, 0, 0), 1, (2, 2)): (1, 1)
(3, 1, 1, (0, 0, 0), 1, (3, 2)): (1, 1)
(3, 1, 1, (0, 0, 0), 2, (0, 0)): (39, 43)
(3, 1, 1, (0, 0, 0), 3, (0, 0)): (23, 26)
(3, 1, 1, (0, 0, 0), 4, (0, 0)): (10, 12)
(3, 1, 1, (0, 0, 0), 5, (0, 0)): (4, 4)
(3, 1, 1, (0, 0, 0), 6, (0, 0)): (7, 7)
(3, 1, 1, (0, 0, 0), 7, (0, 0)): (2, 2)
(3, 1, 1, (0, 0, 0), 10, (0, 0)): (1, 1)
(3, 1, 1, (0, 0, 1), -4, (0, 0)): (0, 2)
(3, 1, 1, (0, 0, 1), -3, (0, 0)): (1, 2)
(3, 1, 1, (0, 0, 1), -2, (0, 0)): (1, 2)
(3, 1, 1, (0, 0, 1), -1, (0, 0)): (7, 12)
(3, 1, 1, (0, 0, 1), 0, (0, 0)): (8, 12)
(3, 1, 1, (0, 0, 1), 1, (0, 0)): (6, 8)
(3, 1, 1, (0, 0, 1), 2, (0, 0)): (4, 5)
(3, 1, 1, (0, 0, 1), 3, (0, 0)): (4, 6)
(3, 1, 1, (0, 0, 1), 4, (0, 0)): (4, 5)
(3, 1, 1, (0, 0, 1), 5, (0, 0)): (2, 2)
(3, 1, 1, (0, 1, 0), -7, (0, 0)): (0, 2)
(3, 1, 1, (0, 1, 0), -5, (0, 0)): (0, 1)
(3, 1, 1, (0, 1, 0), -4, (0, 0)): (1, 6)
(3, 1, 1, (0, 1, 0), -3, (0, 0)): (0, 5)
(3, 1, 1, (0, 1, 0), -2, (0, 0)): (7, 14)
(3, 1, 1, (0, 1, 0), -1, (0, 0)): (8, 12)
(3, 1, 1, (0, 1, 0), 0, (0, 0)): (28, 42)
(3, 1, 1, (0, 1, 0), 0, (0, 1)): (0, 1)
(3, 1, 1, (0, 1, 0), 1, (0, 0)): (20, 27)
(3, 1, 1, (0, 1, 0), 2, (0, 0)): (14, 18)
(3, 1, 1, (0, 1, 0), 3, (0, 0)): (6, 7)
(3, 1, 1, (0, 1, 0), 4, (0, 0)): (8, 8)
(3, 1, 1, (0, 1, 0), 5, (0, 0)): (4, 4)
(3, 1, 1, (0, 1, 0), 6, (0, 0)): (1, 1)
(3, 1, 1, (0, 1, 1), -5, (0, 0)): (0, 2)
(3, 1, 1, (0, 1, 1), -4, (0, 0)): (0, 1)
(3, 1, 1, (0, 1, 1), -3, (0, 0)): (0, 1)
(3, 1, 1, (0, 1, 1), -2, (0, 0)): (1, 1)
(3, 1, 1, (0, 1, 1), -1, (0, 0)): (3, 6)
(3, 1, 1, (0, 1, 1), 0, (0, 0)): (8, 12)
(3, 1, 1, (0, 1, 1), 1, (0, 0)): (6, 6)
(3, 1, 1, (0, 1, 1), 2, (0, 0)): (4, 4)
(3, 1, 1, (0, 1, 1), 3, (0, 0)): (2, 2)
(3, 1, 1, (0, 1, 1), 4, (0, 0)): (3, 3)
(3, 1, 1, (1, 0, 0), -8, (0, 0)): (0, 2)
(3, 1, 1, (1, 0, 0), -7, (0, 0)): (1, 3)
(3, 1, 1, (1, 0, 0), -6, (0, 0)): (0, 4)
(3, 1, 1, (1, 0, 0), -5, (0, 0)): (2, 5)
(3, 1, 1, (1, 0, 0), -4, (0, 0)): (3, 13)
(3, 1, 1, (1, 0, 0), -3, (0, 0)): (5, 16)
(3, 1, 1, (1, 0, 0), -2, (0, 0)): (10, 28)
(3, 1, 1, (1, 0, 0), -1, (0, 0)): (16, 48)
(3, 1, 1, (1, 0, 0), 0, (0, 0)): (38, 68)
(3, 1, 1, (1, 0, 0), 1, (0, 0)): (18, 26)
(3, 1, 1, (1, 0, 0), 2, (0, 0)): (26, 27)
(3, 1, 1, (1, 0, 0), 3, (0, 0)): (14, 15)
(3, 1, 1, (1, 0, 0), 4, (0, 0)): (2, 5)
(3, 1, 1, (1, 0, 0), 5, (0, 0)): (6, 6)
(3, 1, 1, (1, 0, 0), 7, (0, 0)): (1, 1)
(3, 1, 1, (1, 0, 1), -5, (0, 0)): (0, 2)
(3, 1, 1, (1, 0, 1), -4, (0, 0)): (1, 2)
(3, 1, 1, (1, 0, 1), -3, (0, 0)): (1, 1)
(3, 1, 1, (1, 0, 1), -2, (0, 0)): (1, 2)
(3, 1, 1, (1, 0, 1), -1, (0, 0)): (2, 5)
(3, 1, 1, (1, 0, 1), 0, (0, 0)): (6, 10)
(3, 1, 1, (1, 0, 1), 1, (0, 0)): (10, 13)
(3, 1, 1, (1, 0, 1), 2, (0, 0)): (2, 2)
(3, 1, 1, (1, 0, 1), 3, (0, 0)): (1, 1)
(3, 1, 1, (1, 0, 1), 4, (0, 0)): (2, 2)
(3, 1, 1, (1, 0, 1), 5, (0, 0)): (1, 1)
(3, 1, 1, (1, 1, 0), -7, (0, 0)): (0, 1)
(3, 1, 1, (1, 1, 0), -6, (0, 0)): (0, 2)
(3, 1, 1, (1, 1, 0), -5, (0, 0)): (0, 1)
(3, 1, 1, (1, 1, 0), -4, (0, 0)): (0, 8)
(3, 1, 1, (1, 1, 0), -3, (0, 0)): (1, 8)
(3, 1, 1, (1, 1, 0), -2, (0, 0)): (4, 13)
(3, 1, 1, (1, 1, 0), -1, (0, 0)): (6, 10)
(3, 1, 1, (1, 1, 0), 0, (0, 0)): (13, 21)
(3, 1, 1, (1, 1, 0), 1, (0, 0)): (7, 10)
(3, 1, 1, (1, 1, 0), 2, (0, 0)): (11, 11)
(3, 1, 1, (1, 1, 0), 3, (0, 0)): (6, 6)
(3, 1, 1, (1, 1, 0), 4, (0, 0)): (1, 2)
(3, 1, 1, (1, 1, 0), 5, (0, 0)): (2, 2)
(3, 1, 1, (1, 1, 1), -3, (0, 0)): (2, 4)
(3, 1, 1, (1, 1, 1), -2, (0, 0)): (2, 5)
(3, 1, 1, (1, 1, 1), -1, (0, 0)): (3, 5)
(3, 1, 1, (1, 1, 1), 0, (0, 0)): (5, 7)
(3, 1, 1, (1, 1, 1), 1, (0, 0)): (5, 6)
(3, 1, 1, (1, 1, 1), 2, (0, 0)): (3, 3)
(3, 1, 1, (1, 1, 1), 3, (0, 0)): (1, 2)
(3, 1, 2, (0, 0, 0), -9, (0, 0)): (0, 1)
(3, 1, 2, (0, 0, 0), -8, (0, 0)): (0, 3)
(3, 1, 2, (0, 0, 0), -7, (0, 0)): (0, 1)
(3, 1, 2, (0, 0, 0), -6, (0, 0)): (1, 5)
(3, 1, 2, (0, 0, 0), -5, (0, 0)): (1, 10)
(3, 1, 2, (0, 0, 0), -5, (1, 0)): (0, 1)
(3, 1, 2, (0, 0, 0), -5, (1, 1)): (0, 1)
(3, 1, 2, (0, 0, 0), -5, (1, 2)): (0, 1)
(3, 1, 2, (0, 0, 0), -4, (0, 0)): (1, 9)
(3, 1, 2, (0, 0, 0), -3, (0, 0)): (4, 29)
(3, 1, 2, (0, 0, 0), -3, (0, 1)): (0, 1)
(3, 1, 2, (0, 0, 0), -3, (1, 1)): (0, 1)
(3, 1, 2, (0, 0, 0), -3, (2, 1)): (0, 1)
(3, 1, 2, (0, 0, 0), -2, (0, 0)): (15, 61)
(3, 1, 2, (0, 0, 0), -1, (0, 0)): (32, 77)
(3, 1, 2, (0, 0, 0), 0, (0, 0)): (61, 123)
(3, 1, 2, (0, 0, 0), 1, (0, 0)): (39, 63)
(3, 1, 2, (0, 0, 0), 1, (1, 0)): (1, 1)
(3, 1, 2, (0, 0, 0), 2, (0, 0)): (32, 35)
(3, 1, 2, (0, 0, 0), 3, (0, 0)): (21, 24)
(3, 1, 2, (0, 0, 0), 4, (0, 0)): (18, 18)
(3, 1, 2, (0, 0, 0), 5, (0, 0)): (2, 3)
(3, 1, 2, (0, 0, 0), 6, (0, 0)): (7, 7)
(3, 1, 2, (0, 0, 0), 7, (0, 0)): (1, 1)
(3, 1, 2, (0, 0, 0), 10, (0, 0)): (1, 1)
(3, 1, 2, (0, 0, 1), -4, (0, 0)): (0, 2)
(3, 1, 2, (0, 0, 1), -3, (0, 0)): (0, 1)
(3, 1, 2, (0, 0, 1), -2, (0, 0)): (3, 3)
(3, 1, 2, (0, 0, 1), -1, (0, 0)): (6, 13)
(3, 1, 2, (0, 0, 1), 0, (0, 0)): (14, 25)
(3, 1, 2, (0, 0, 1), 1, (0, 0)): (11, 18)
(3, 1, 2, (0, 0, 1), 2, (0, 0)): (6, 9)
(3, 1, 2, (0, 0, 1), 3, (0, 0)): (5, 5)
(3, 1, 2, (0, 0, 1), 4, (0, 0)): (3, 3)
(3, 1, 2, (0, 0, 1), 5, (0, 0)): (4, 4)
(3, 1, 2, (0, 0, 1), 7, (0, 0)): (1, 1)
(3, 1, 2, (0, 1, 0), -7, (0, 0)): (0, 1)
(3, 1, 2, (0, 1, 0), -5, (0, 0)): (1, 3)
(3, 1, 2, (0, 1, 0), -4, (0, 0)): (0, 7)
(3, 1, 2, (0, 1, 0), -3, (0, 0)): (3, 8)
(3, 1, 2, (0, 1, 0), -2, (0, 0)): (7, 18)
(3, 1, 2, (0, 1, 0), -1, (0, 0)): (10, 24)
(3, 1, 2, (0, 1, 0), 0, (0, 0)): (33, 59)
(3, 1, 2, (0, 1, 0), 1, (0, 0)): (19, 33)
(3, 1, 2, (0, 1, 0), 2, (0, 0)): (17, 20)
(3, 1, 2, (0, 1, 0), 3, (0, 0)): (12, 13)
(3, 1, 2, (0, 1, 0), 4, (0, 0)): (6, 6)
(3, 1, 2, (0, 1, 0), 5, (0, 0)): (5, 5)
(3, 1, 2, (0, 1, 0), 6, (0, 0)): (1, 1)
(3, 1, 2, (0, 1, 0), 7, (0, 0)): (1, 1)
(3, 1, 2, (0, 1, 0), 8, (0, 0)): (1, 1)
(3, 1, 2, (0, 1, 1), -9, (0, 0)): (0, 1)
(3, 1, 2, (0, 1, 1), -5, (0, 0)): (0, 2)
(3, 1, 2, (0, 1, 1), -4, (0, 0)): (1, 4)
(3, 1, 2, (0, 1, 1), -3, (0, 0)): (0, 4)
(3, 1, 2, (0, 1, 1), -2, (0, 0)): (1, 3)
(3, 1, 2, (0, 1, 1), -1, (0, 0)): (2, 8)
(3, 1, 2, (0, 1, 1), 0, (0, 0)): (7, 10)
(3, 1, 2, (0, 1, 1), 1, (0, 0)): (9, 10)
(3, 1, 2, (0, 1, 1), 2, (0, 0)): (2, 2)
(3, 1, 2, (0, 1, 1), 3, (0, 0)): (3, 3)
(3, 1, 2, (0, 1, 1), 5, (0, 0)): (1, 1)
(3, 1, 2, (0, 1, 1), 7, (0, 0)): (1, 1)
(3, 1, 2, (1, 0, 0), -9, (0, 0)): (0, 1)
(3, 1, 2, (1, 0, 0), -8, (0, 0)): (0, 1)
(3, 1, 2, (1, 0, 0), -7, (0, 0)): (1, 1)
(3, 1, 2, (1, 0, 0), -6, (0, 0)): (0, 3)
(3, 1, 2, (1, 0, 0), -5, (0, 0)): (2, 4)
(3, 1, 2, (1, 0, 0), -4, (0, 0)): (1, 9)
(3, 1, 2, (1, 0, 0), -3, (0, 0)): (2, 11)
(3, 1, 2, (1, 0, 0), -2, (0, 0)): (4, 26)
(3, 1, 2, (1, 0, 0), -1, (0, 0)): (18, 48)
(3, 1, 2, (1, 0, 0), 0, (0, 0)): (35, 67)
(3, 1, 2, (1, 0, 0), 1, (0, 0)): (24, 42)
(3, 1, 2, (1, 0, 0), 1, (1, 0)): (0, 1)
(3, 1, 2, (1, 0, 0), 1, (1, 1)): (0, 1)
(3, 1, 2, (1, 0, 0), 2, (0, 0)): (22, 31)
(3, 1, 2, (1, 0, 0), 3, (0, 0)): (11, 12)
(3, 1, 2, (1, 0, 0), 4, (0, 0)): (7, 9)
(3, 1, 2, (1, 0, 0), 5, (0, 0)): (6, 6)
(3, 1, 2, (1, 0, 0), 6, (0, 0)): (7, 7)
(3, 1, 2, (1, 0, 0), 7, (0, 0)): (3, 3)
(3, 1, 2, (1, 0, 1), -5, (0, 0)): (0, 1)
(3, 1, 2, (1, 0, 1), -4, (0, 0)): (0, 4)
(3, 1, 2, (1, 0, 1), -3, (0, 0)): (0, 2)
(3, 1, 2, (1, 0, 1), -2, (0, 0)): (3, 6)
(3, 1, 2, (1, 0, 1), -1, (0, 0)): (7, 10)
(3, 1, 2, (1, 0, 1), 0, (0, 0)): (11, 19)
(3, 1, 2, (1, 0, 1), 1, (0, 0)): (10, 11)
(3, 1, 2, (1, 0, 1), 2, (0, 0)): (6, 7)
(3, 1, 2, (1, 0, 1), 3, (0, 0)): (4, 4)
(3, 1, 2, (1, 0, 1), 7, (0, 0)): (1, 1)
(3, 1, 2, (1, 1, 0), -5, (0, 0)): (2, 4)
(3, 1, 2, (1, 1, 0), -4, (0, 0)): (2, 7)
(3, 1, 2, (1, 1, 0), -3, (0, 0)): (2, 9)
(3, 1, 2, (1, 1, 0), -2, (0, 0)): (5, 19)
(3, 1, 2, (1, 1, 0), -1, (0, 0)): (9, 16)
(3, 1, 2, (1, 1, 0), 0, (0, 0)): (6, 13)
(3, 1, 2, (1, 1, 0), 1, (0, 0)): (7, 12)
(3, 1, 2, (1, 1, 0), 2, (0, 0)): (7, 7)
(3, 1, 2, (1, 1, 0), 3, (0, 0)): (7, 8)
(3, 1, 2, (1, 1, 0), 4, (0, 0)): (0, 2)
(3, 1, 2, (1, 1, 0), 5, (0, 0)): (2, 2)
(3, 1, 2, (1, 1, 0), 6, (0, 0)): (3, 3)
(3, 1, 2, (1, 1, 1), -5, (0, 0)): (0, 1)
(3, 1, 2, (1, 1, 1), -4, (0, 0)): (0, 3)
(3, 1, 2, (1, 1, 1), -3, (0, 0)): (1, 6)
(3, 1, 2, (1, 1, 1), -2, (0, 0)): (0, 4)
(3, 1, 2, (1, 1, 1), -1, (0, 0)): (3, 5)
(3, 1, 2, (1, 1, 1), 0, (0, 0)): (4, 4)
(3, 1, 2, (1, 1, 1), 1, (0, 0)): (3, 4)
(3, 1, 2, (1, 1, 1), 2, (0, 0)): (2, 3)
(3, 1, 2, (1, 1, 1), 3, (0, 0)): (1, 2)
(4, 0, 0, (0, 0, 0), -10, (0, 0)): (0, 1)
(4, 0, 0, (0, 0, 0), -8, (0, 0)): (0, 1)
(4, 0, 0, (0, 0, 0), -7, (0, 0)): (0, 3)
(4, 0, 0, (0, 0, 0), -6, (0, 0)): (0, 11)
(4, 0, 0, (0, 0, 0), -5, (0, 0)): (1, 14)
(4, 0, 0, (0, 0, 0), -4, (0, 0)): (4, 32)
(4, 0, 0, (0, 0, 0), -3, (0, 0)): (4, 47)
(4, 0, 0, (0, 0, 0), -2, (0, 0)): (15, 81)
(4, 0, 0, (0, 0, 0), -1, (0, 0)): (46, 129)
(4, 0, 0, (0, 0, 0), -1, (0, 1)): (0, 1)
(4, 0, 0, (0, 0, 0), -1, (1, 1)): (0, 1)
(4, 0, 0, (0, 0, 0), 0, (0, 0)): (103, 207)
(4, 0, 0, (0, 0, 0), 1, (0, 0)): (77, 121)
(4, 0, 0, (0, 0, 0), 2, (0, 0)): (66, 90)
(4, 0, 0, (0, 0, 0), 3, (0, 0)): (39, 46)
(4, 0, 0, (0, 0, 0), 3, (0, 1)): (1, 1)
(4, 0, 0, (0, 0, 0), 3, (1, 1)): (1, 1)
(4, 0, 0, (0, 0, 0), 3, (2, 1)): (1, 1)
(4, 0, 0, (0, 0, 0), 4, (0, 0)): (21, 23)
(4, 0, 0, (0, 0, 0), 5, (0, 0)): (14, 16)
(4, 0, 0, (0, 0, 0), 5, (0, 1)): (1, 1)
(4, 0, 0, (0, 0, 0), 5, (0, 2)): (1, 1)
(4, 0, 0, (0, 0, 0), 6, (0, 0)): (9, 10)
(4, 0, 0, (0, 0, 0), 7, (0, 0)): (3, 4)
(4, 0, 0, (0, 0, 0), 8, (0, 0)): (4, 4)
(4, 0, 0, (0, 0, 0), 9, (0, 0)): (1, 1)
(4, 0, 0, (0, 0, 1), -3, (0, 0)): (1, 1)
(4, 0, 0, (0, 0, 1), -2, (0, 0)): (1, 1)
(4, 0, 0, (0, 0, 1), -1, (0, 0)): (1, 2)
(4, 0, 0, (0, 0, 1), -1, (0, 1)): (1, 1)
(4, 0, 0, (0, 0, 1), 0, (0, 0)): (6, 8)
(4, 0, 0, (0, 0, 1), 1, (0, 0)): (2, 3)
(4, 0, 0, (0, 0, 1), 2, (0, 0)): (4, 4)
(4, 0, 0, (0, 0, 1), 3, (0, 0)): (1, 1)
(4, 0, 0, (0, 0, 1), 4, (0, 0)): (1, 1)
(4, 0, 0, (0, 1, 0), -5, (0, 0)): (0, 1)
(4, 0, 0, (0, 1, 0), -3, (0, 0)): (1, 6)
(4, 0, 0, (0, 1, 0), -2, (0, 0)): (3, 7)
(4, 0, 0, (0, 1, 0), -1, (0, 0)): (2, 4)
(4, 0, 0, (0, 1, 0), 0, (0, 0)): (8, 13)
(4, 0, 0, (0, 1, 0), 1, (0, 0)): (8, 10)
(4, 0, 0, (0, 1, 0), 2, (0, 0)): (3, 3)
(4, 0, 0, (0, 1, 0), 3, (0, 0)): (4, 4)
(4, 0, 0, (0, 1, 0), 4, (0, 0)): (2, 3)
(4, 0, 0, (0, 1, 0), 6, (0, 0)): (1, 1)
(4, 0, 0, (0, 1, 0), 8, (0, 0)): (1, 1)
(4, 0, 0, (0, 1, 1), -1, (0, 0)): (4, 5)
(4, 0, 0, (0, 1, 1), 0, (0, 0)): (5, 5)
(4, 0, 0, (0, 1, 1), 1, (0, 0)): (1, 3)
(4, 0, 0, (0, 1, 1), 2, (0, 0)): (2, 2)
(4, 0, 0, (0, 1, 1), 3, (0, 0)): (1, 1)
(4, 0, 0, (1, 0, 0), -10, (0, 0)): (0, 1)
(4, 0, 0, (1, 0, 0), -6, (0, 0)): (0, 1)
(4, 0, 0, (1, 0, 0), -5, (0, 0)): (0, 3)
(4, 0, 0, (1, 0, 0), -4, (0, 0)): (4, 15)
(4, 0, 0, (1, 0, 0), -3, (0, 0)): (3, 12)
(4, 0, 0, (1, 0, 0), -2, (0, 0)): (3, 17)
(4, 0, 0, (1, 0, 0), -1, (0, 0)): (17, 34)
(4, 0, 0, (1, 0, 0), 0, (0, 0)): (29, 56)
(4, 0, 0, (1, 0, 0), 1, (0, 0)): (36, 46)
(4, 0, 0, (1, 0, 0), 2, (0, 0)): (19, 21)
(4, 0, 0, (1, 0, 0), 3, (0, 0)): (17, 19)
(4, 0, 0, (1, 0, 0), 4, (0, 0)): (5, 6)
(4, 0, 0, (1, 0, 0), 5, (0, 0)): (2, 2)
(4, 0, 0, (1, 0, 0), 6, (0, 0)): (4, 4)
(4, 0, 0, (1, 0, 0), 8, (0, 0)): (2, 2)
(4, 0, 0, (1, 0, 1), -4, (0, 0)): (0, 1)
(4, 0, 0, (1, 0, 1), -3, (0, 0)): (0, 1)
(4, 0, 0, (1, 0, 1), -1, (0, 0)): (1, 1)
(4, 0, 0, (1, 0, 1), 0, (0, 0)): (5, 8)
(4, 0, 0, (1, 0, 1), 1, (0, 0)): (7, 7)
(4, 0, 0, (1, 0, 1), 2, (0, 0)): (2, 2)
(4, 0, 0, (1, 0, 1), 3, (0, 0)): (2, 2)
(4, 0, 0, (1, 0, 1), 4, (0, 0)): (0, 1)
(4, 0, 0, (1, 1, 0), -5, (0, 0)): (0, 1)
(4, 0, 0, (1, 1, 0), -4, (0, 0)): (0, 3)
(4, 0, 0, (1, 1, 0), -3, (0, 0)): (1, 6)
(4, 0, 0, (1, 1, 0), -2, (0, 0)): (1, 3)
(4, 0, 0, (1, 1, 0), -1, (0, 0)): (4, 7)
(4, 0, 0, (1, 1, 0), 0, (0, 0)): (3, 5)
(4, 0, 0, (1, 1, 0), 1, (0, 0)): (13, 16)
(4, 0, 0, (1, 1, 0), 2, (0, 0)): (5, 5)
(4, 0, 0, (1, 1, 0), 3, (0, 0)): (1, 1)
(4, 0, 0, (1, 1, 0), 6, (0, 0)): (1, 1)
(4, 0, 0, (1, 1, 0), 8, (0, 0)): (1, 1)
(4, 0, 0, (1, 1, 1), -4, (0, 0)): (0, 1)
(4, 0, 0, (1, 1, 1), -2, (0, 0)): (1, 2)
(4, 0, 0, (1, 1, 1), -1, (0, 0)): (1, 1)
(4, 0, 0, (1, 1, 1), 0, (0, 0)): (2, 2)
(4, 0, 0, (1, 1, 1), 1, (0, 0)): (9, 10)
(4, 0, 0, (1, 1, 1), 2, (0, 0)): (2, 2)
(4, 0, 0, (1, 1, 1), 3, (0, 0)): (1, 1)
(4, 0, 1, (0, 0, 0), -8, (0, 0)): (0, 2)
(4, 0, 1, (0, 0, 0), -7, (0, 0)): (0, 3)
(4, 0, 1, (0, 0, 0), -6, (0, 0)): (0, 10)
(4, 0, 1, (0, 0, 0), -5, (0, 0)): (1, 9)
(4, 0, 1, (0, 0, 0), -4, (0, 0)): (0, 16)
(4, 0, 1, (0, 0, 0), -3, (0, 0)): (0, 30)
(4, 0, 1, (0, 0, 0), -2, (0, 0)): (10, 61)
(4, 0, 1, (0, 0, 0), -1, (0, 0)): (27, 91)
(4, 0, 1, (0, 0, 0), 0, (0, 0)): (66, 140)
(4, 0, 1, (0, 0, 0), 0, (0, 1)): (1, 1)
(4, 0, 1, (0, 0, 0), 0, (0, 2)): (1, 1)
(4, 0, 1, (0, 0, 0), 1, (0, 0)): (48, 82)
(4, 0, 1, (0, 0, 0), 2, (0, 0)): (47, 69)
(4, 0, 1, (0, 0, 0), 3, (0, 0)): (21, 26)
(4, 0, 1, (0, 0, 0), 3, (1, 0)): (1, 1)
(4, 0, 1, (0, 0, 0), 4, (0, 0)): (16, 17)
(4, 0, 1, (0, 0, 0), 5, (0, 0)): (12, 14)
(4, 0, 1, (0, 0, 0), 5, (1, 0)): (1, 1)
(4, 0, 1, (0, 0, 0), 5, (2, 0)): (1, 1)
(4, 0, 1, (0, 0, 0), 6, (0, 0)): (7, 8)
(4, 0, 1, (0, 0, 0), 7, (0, 0)): (3, 4)
(4, 0, 1, (0, 0, 0), 8, (0, 0)): (1, 1)
(4, 0, 1, (0, 0, 0), 9, (0, 0)): (1, 1)
(4, 0, 1, (0, 0, 1), -5, (0, 0)): (0, 1)
(4, 0, 1, (0, 0, 1), -3, (0, 0)): (0, 4)
(4, 0, 1, (0, 0, 1), -2, (0, 0)): (2, 4)
(4, 0, 1, (0, 0, 1), -1, (0, 0)): (3, 3)
(4, 0, 1, (0, 0, 1), 0, (0, 0)): (11, 15)
(4, 0, 1, (0, 0, 1), 1, (0, 0)): (8, 9)
(4, 0, 1, (0, 0, 1), 2, (0, 0)): (5, 6)
(4, 0, 1, (0, 0, 1), 3, (0, 0)): (3, 5)
(4, 0, 1, (0, 0, 1), 4, (0, 0)): (5, 5)
(4, 0, 1, (0, 0, 1), 5, (0, 0)): (1, 1)
(4, 0, 1, (0, 0, 1), 6, (0, 0)): (1, 1)
(4, 0, 1, (0, 1, 0), -10, (0, 0)): (0, 1)
(4, 0, 1, (0, 1, 0), -6, (0, 0)): (0, 1)
(4, 0, 1, (0, 1, 0), -5, (0, 0)): (1, 2)
(4, 0, 1, (0, 1, 0), -4, (0, 0)): (1, 3)
(4, 0, 1, (0, 1, 0), -3, (0, 0)): (1, 3)
(4, 0, 1, (0, 1, 0), -2, (0, 0)): (5, 17)
(4, 0, 1, (0, 1, 0), -1, (0, 0)): (9, 23)
(4, 0, 1, (0, 1, 0), 0, (0, 0)): (23, 39)
(4, 0, 1, (0, 1, 0), 0, (0, 1)): (1, 1)
(4, 0, 1, (0, 1, 0), 1, (0, 0)): (19, 27)
(4, 0, 1, (0, 1, 0), 2, (0, 0)): (15, 17)
(4, 0, 1, (0, 1, 0), 3, (0, 0)): (13, 15)
(4, 0, 1, (0, 1, 0), 4, (0, 0)): (4, 4)
(4, 0, 1, (0, 1, 0), 6, (0, 0)): (5, 5)
(4, 0, 1, (0, 1, 0), 8, (0, 0)): (2, 2)
(4, 0, 1, (0, 1, 1), -6, (0, 0)): (0, 1)
(4, 0, 1, (0, 1, 1), -3, (0, 0)): (0, 1)
(4, 0, 1, (0, 1, 1), -2, (0, 0)): (1, 3)
(4, 0, 1, (0, 1, 1), -1, (0, 0)): (1, 5)
(4, 0, 1, (0, 1, 1), 0, (0, 0)): (3, 5)
(4, 0, 1, (0, 1, 1), 1, (0, 0)): (2, 3)
(4, 0, 1, (0, 1, 1), 2, (0, 0)): (7, 7)
(4, 0, 1, (0, 1, 1), 4, (0, 0)): (2, 2)
(4, 0, 1, (0, 1, 1), 5, (0, 0)): (1, 1)
(4, 0, 1, (1, 0, 0), -8, (0, 0)): (0, 1)
(4, 0, 1, (1, 0, 0), -7, (0, 0)): (0, 1)
(4, 0, 1, (1, 0, 0), -6, (0, 0)): (0, 4)
(4, 0, 1, (1, 0, 0), -5, (0, 0)): (0, 1)
(4, 0, 1, (1, 0, 0), -4, (0, 0)): (2, 11)
(4, 0, 1, (1, 0, 0), -3, (0, 0)): (3, 16)
(4, 0, 1, (1, 0, 0), -2, (0, 0)): (3, 28)
(4, 0, 1, (1, 0, 0), -1, (0, 0)): (18, 49)
(4, 0, 1, (1, 0, 0), 0, (0, 0)): (33, 60)
(4, 0, 1, (1, 0, 0), 1, (0, 0)): (34, 49)
(4, 0, 1, (1, 0, 0), 2, (0, 0)): (26, 33)
(4, 0, 1, (1, 0, 0), 3, (0, 0)): (7, 10)
(4, 0, 1, (1, 0, 0), 4, (0, 0)): (9, 9)
(4, 0, 1, (1, 0, 0), 5, (0, 0)): (7, 8)
(4, 0, 1, (1, 0, 0), 6, (0, 0)): (3, 3)
(4, 0, 1, (1, 0, 0), 7, (0, 0)): (1, 1)
(4, 0, 1, (1, 0, 0), 8, (0, 0)): (1, 1)
(4, 0, 1, (1, 0, 0), 9, (0, 0)): (1, 1)
(4, 0, 1, (1, 0, 1), -3, (0, 0)): (1, 5)
(4, 0, 1, (1, 0, 1), -2, (0, 0)): (2, 4)
(4, 0, 1, (1, 0, 1), -1, (0, 0)): (1, 3)
(4, 0, 1, (1, 0, 1), 0, (0, 0)): (4, 7)
(4, 0, 1, (1, 0, 1), 1, (0, 0)): (6, 6)
(4, 0, 1, (1, 0, 1), 2, (0, 0)): (5, 6)
(4, 0, 1, (1, 0, 1), 3, (0, 0)): (6, 7)
(4, 0, 1, (1, 0, 1), 4, (0, 0)): (3, 4)
(4, 0, 1, (1, 0, 1), 5, (0, 0)): (1, 1)
(4, 0, 1, (1, 1, 0), -6, (0, 0)): (0, 1)
(4, 0, 1, (1, 1, 0), -5, (0, 0)): (0, 1)
(4, 0, 1, (1, 1, 0), -4, (0, 0)): (1, 2)
(4, 0, 1, (1, 1, 0), -3, (0, 0)): (1, 3)
(4, 0, 1, (1, 1, 0), -2, (0, 0)): (1, 8)
(4, 0, 1, (1, 1, 0), -1, (0, 0)): (2, 10)
(4, 0, 1, (1, 1, 0), 0, (0, 0)): (5, 11)
(4, 0, 1, (1, 1, 0), 1, (0, 0)): (8, 16)
(4, 0, 1, (1, 1, 0), 2, (0, 0)): (8, 9)
(4, 0, 1, (1, 1, 0), 3, (0, 0)): (6, 7)
(4, 0, 1, (1, 1, 0), 4, (0, 0)): (4, 4)
(4, 0, 1, (1, 1, 0), 5, (0, 0)): (1, 2)
(4, 0, 1, (1, 1, 1), -5, (0, 0)): (0, 1)
(4, 0, 1, (1, 1, 1), -3, (0, 0)): (1, 1)
(4, 0, 1, (1, 1, 1), -2, (0, 0)): (1, 1)
(4, 0, 1, (1, 1, 1), 0, (0, 0)): (1, 3)
(4, 0, 1, (1, 1, 1), 1, (0, 0)): (7, 9)
(4, 0, 1, (1, 1, 1), 1, (1, 0)): (1, 1)
(4, 0, 1, (1, 1, 1), 1, (2, 0)): (1, 1)
(4, 0, 1, (1, 1, 1), 1, (3, 0)): (1, 1)
(4, 0, 1, (1, 1, 1), 2, (0, 0)): (6, 7)
(4, 0, 1, (1, 1, 1), 3, (0, 0)): (3, 3)
(4, 0, 1, (1, 1, 1), 4, (0, 0)): (2, 2)
(4, 0, 2, (0, 0, 0), -8, (0, 0)): (0, 1)
(4, 0, 2, (0, 0, 0), -7, (0, 0)): (0, 2)
(4, 0, 2, (0, 0, 0), -6, (0, 0)): (0, 8)
(4, 0, 2, (0, 0, 0), -5, (0, 0)): (0, 8)
(4, 0, 2, (0, 0, 0), -4, (0, 0)): (2, 16)
(4, 0, 2, (0, 0, 0), -3, (0, 0)): (0, 22)
(4, 0, 2, (0, 0, 0), -2, (0, 0)): (6, 44)
(4, 0, 2, (0, 0, 0), -1, (0, 0)): (18, 61)
(4, 0, 2, (0, 0, 0), -1, (0, 1)): (0, 1)
(4, 0, 2, (0, 0, 0), -1, (1, 1)): (0, 1)
(4, 0, 2, (0, 0, 0), -1, (2, 1)): (0, 1)
(4, 0, 2, (0, 0, 0), -1, (2, 2)): (0, 1)
(4, 0, 2, (0, 0, 0), 0, (0, 0)): (43, 111)
(4, 0, 2, (0, 0, 0), 0, (1, 0)): (1, 1)
(4, 0, 2, (0, 0, 0), 0, (2, 0)): (1, 1)
(4, 0, 2, (0, 0, 0), 0, (2, 1)): (1, 1)
(4, 0, 2, (0, 0, 0), 0, (2, 2)): (1, 1)
(4, 0, 2, (0, 0, 0), 0, (3, 2)): (1, 1)
(4, 0, 2, (0, 0, 0), 1, (0, 0)): (37, 65)
(4, 0, 2, (0, 0, 0), 2, (0, 0)): (38, 58)
(4, 0, 2, (0, 0, 0), 3, (0, 0)): (21, 24)
(4, 0, 2, (0, 0, 0), 3, (0, 1)): (1, 1)
(4, 0, 2, (0, 0, 0), 3, (0, 2)): (1, 1)
(4, 0, 2, (0, 0, 0), 4, (0, 0)): (14, 16)
(4, 0, 2, (0, 0, 0), 5, (0, 0)): (11, 13)
(4, 0, 2, (0, 0, 0), 6, (0, 0)): (6, 7)
(4, 0, 2, (0, 0, 0), 7, (0, 0)): (3, 4)
(4, 0, 2, (0, 0, 0), 8, (0, 0)): (1, 1)
(4, 0, 2, (0, 0, 0), 9, (0, 0)): (1, 1)
(4, 0, 2, (0, 0, 1), -5, (0, 0)): (0, 1)
(4, 0, 2, (0, 0, 1), -4, (0, 0)): (0, 2)
(4, 0, 2, (0, 0, 1), -2, (0, 0)): (1, 6)
(4, 0, 2, (0, 0, 1), -1, (0, 0)): (2, 6)
(4, 0, 2, (0, 0, 1), 0, (0, 0)): (10, 18)
(4, 0, 2, (0, 0, 1), 1, (0, 0)): (9, 11)
(4, 0, 2, (0, 0, 1), 2, (0, 0)): (9, 12)
(4, 0, 2, (0, 0, 1), 2, (1, 0)): (1, 1)
(4, 0, 2, (0, 0, 1), 2, (1, 1)): (1, 1)
(4, 0, 2, (0, 0, 1), 2, (2, 1)): (1, 1)
(4, 0, 2, (0, 0, 1), 2, (3, 1)): (1, 1)
(4, 0, 2, (0, 0, 1), 3, (0, 0)): (6, 7)
(4, 0, 2, (0, 0, 1), 4, (0, 0)): (3, 3)
(4, 0, 2, (0, 0, 1), 5, (0, 0)): (2, 2)
(4, 0, 2, (0, 0, 1), 6, (0, 0)): (3, 3)
(4, 0, 2, (0, 0, 1), 7, (0, 0)): (1, 1)
(4, 0, 2, (0, 1, 0), -7, (0, 0)): (0, 1)
(4, 0, 2, (0, 1, 0), -6, (0, 0)): (0, 2)
(4, 0, 2, (0, 1, 0), -5, (0, 0)): (1, 2)
(4, 0, 2, (0, 1, 0), -4, (0, 0)): (0, 5)
(4, 0, 2, (0, 1, 0), -3, (0, 0)): (0, 5)
(4, 0, 2, (0, 1, 0), -2, (0, 0)): (4, 14)
(4, 0, 2, (0, 1, 0), -1, (0, 0)): (8, 29)
(4, 0, 2, (0, 1, 0), 0, (0, 0)): (21, 41)
(4, 0, 2, (0, 1, 0), 1, (0, 0)): (22, 37)
(4, 0, 2, (0, 1, 0), 2, (0, 0)): (10, 13)
(4, 0, 2, (0, 1, 0), 3, (0, 0)): (17, 18)
(4, 0, 2, (0, 1, 0), 4, (0, 0)): (6, 7)
(4, 0, 2, (0, 1, 0), 5, (0, 0)): (4, 4)
(4, 0, 2, (0, 1, 0), 6, (0, 0)): (4, 4)
(4, 0, 2, (0, 1, 0), 7, (0, 0)): (1, 1)
(4, 0, 2, (0, 1, 0), 8, (0, 0)): (2, 2)
(4, 0, 2, (0, 1, 0), 9, (0, 0)): (1, 1)
(4, 0, 2, (0, 1, 1), -4, (0, 0)): (0, 1)
(4, 0, 2, (0, 1, 1), -2, (0, 0)): (1, 3)
(4, 0, 2, (0, 1, 1), -1, (0, 0)): (1, 7)
(4, 0, 2, (0, 1, 1), 0, (0, 0)): (4, 8)
(4, 0, 2, (0, 1, 1), 0, (1, 0)): (1, 1)
(4, 0, 2, (0, 1, 1), 1, (0, 0)): (7, 7)
(4, 0, 2, (0, 1, 1), 2, (0, 0)): (3, 5)
(4, 0, 2, (0, 1, 1), 3, (0, 0)): (2, 2)
(4, 0, 2, (0, 1, 1), 4, (0, 0)): (2, 2)
(4, 0, 2, (0, 1, 1), 5, (0, 0)): (3, 3)
(4, 0, 2, (1, 0, 0), -8, (0, 0)): (0, 1)
(4, 0, 2, (1, 0, 0), -6, (0, 0)): (0, 1)
(4, 0, 2, (1, 0, 0), -5, (0, 0)): (0, 3)
(4, 0, 2, (1, 0, 0), -4, (0, 0)): (2, 9)
(4, 0, 2, (1, 0, 0), -3, (0, 0)): (1, 12)
(4, 0, 2, (1, 0, 0), -2, (0, 0)): (2, 20)
(4, 0, 2, (1, 0, 0), -1, (0, 0)): (9, 32)
(4, 0, 2, (1, 0, 0), 0, (0, 0)): (30, 60)
(4, 0, 2, (1, 0, 0), 0, (0, 1)): (1, 1)
(4, 0, 2, (1, 0, 0), 0, (1, 0)): (1, 1)
(4, 0, 2, (1, 0, 0), 0, (1, 1)): (1, 1)
(4, 0, 2, (1, 0, 0), 1, (0, 0)): (28, 42)
(4, 0, 2, (1, 0, 0), 2, (0, 0)): (29, 38)
(4, 0, 2, (1, 0, 0), 3, (0, 0)): (18, 21)
(4, 0, 2, (1, 0, 0), 4, (0, 0)): (17, 17)
(4, 0, 2, (1, 0, 0), 5, (0, 0)): (10, 10)
(4, 0, 2, (1, 0, 0), 5, (0, 1)): (1, 1)
(4, 0, 2, (1, 0, 0), 6, (0, 0)): (4, 4)
(4, 0, 2, (1, 0, 0), 7, (0, 0)): (2, 2)
(4, 0, 2, (1, 0, 0), 8, (0, 0)): (3, 3)
(4, 0, 2, (1, 0, 1), -4, (0, 0)): (1, 4)
(4, 0, 2, (1, 0, 1), -3, (0, 0)): (0, 1)
(4, 0, 2, (1, 0, 1), -2, (0, 0)): (2, 4)
(4, 0, 2, (1, 0, 1), -1, (0, 0)): (2, 4)
(4, 0, 2, (1, 0, 1), 0, (0, 0)): (2, 5)
(4, 0, 2, (1, 0, 1), 1, (0, 0)): (3, 3)
(4, 0, 2, (1, 0, 1), 2, (0, 0)): (4, 5)
(4, 0, 2, (1, 0, 1), 3, (0, 0)): (4, 4)
(4, 0, 2, (1, 0, 1), 4, (0, 0)): (2, 2)
(4, 0, 2, (1, 0, 1), 5, (0, 0)): (3, 3)
(4, 0, 2, (1, 0, 1), 6, (0, 0)): (1, 1)
(4, 0, 2, (1, 1, 0), -6, (0, 0)): (0, 1)
(4, 0, 2, (1, 1, 0), -4, (0, 0)): (2, 5)
(4, 0, 2, (1, 1, 0), -3, (0, 0)): (1, 6)
(4, 0, 2, (1, 1, 0), -2, (0, 0)): (0, 3)
(4, 0, 2, (1, 1, 0), -1, (0, 0)): (3, 9)
(4, 0, 2, (1, 1, 0), 0, (0, 0)): (8, 18)
(4, 0, 2, (1, 1, 0), 1, (0, 0)): (8, 18)
(4, 0, 2, (1, 1, 0), 2, (0, 0)): (9, 10)
(4, 0, 2, (1, 1, 0), 3, (0, 0)): (8, 9)
(4, 0, 2, (1, 1, 0), 4, (0, 0)): (3, 3)
(4, 0, 2, (1, 1, 0), 5, (0, 0)): (1, 2)
(4, 0, 2, (1, 1, 0), 6, (0, 0)): (1, 1)
(4, 0, 2, (1, 1, 1), -3, (0, 0)): (0, 1)
(4, 0, 2, (1, 1, 1), -2, (0, 0)): (0, 1)
(4, 0, 2, (1, 1, 1), 0, (0, 0)): (2, 5)
(4, 0, 2, (1, 1, 1), 1, (0, 0)): (5, 7)
(4, 0, 2, (1, 1, 1), 2, (0, 0)): (2, 4)
(4, 0, 2, (1, 1, 1), 3, (0, 0)): (3, 3)
(4, 1, 0, (0, 0, 0), -9, (0, 0)): (0, 1)
(4, 1, 0, (0, 0, 0), -8, (0, 0)): (0, 5)
(4, 1, 0, (0, 0, 0), -7, (0, 0)): (1, 6)
(4, 1, 0, (0, 0, 0), -6, (0, 0)): (1, 17)
(4, 1, 0, (0, 0, 0), -5, (0, 0)): (3, 31)
(4, 1, 0, (0, 0, 0), -5, (1, 0)): (0, 1)
(4, 1, 0, (0, 0, 0), -5, (1, 1)): (0, 1)
(4, 1, 0, (0, 0, 0), -5, (1, 2)): (0, 1)
(4, 1, 0, (0, 0, 0), -4, (0, 0)): (2, 29)
(4, 1, 0, (0, 0, 0), -3, (0, 0)): (8, 56)
(4, 1, 0, (0, 0, 0), -3, (0, 1)): (0, 1)
(4, 1, 0, (0, 0, 0), -3, (0, 2)): (0, 1)
(4, 1, 0, (0, 0, 0), -2, (0, 0)): (32, 107)
(4, 1, 0, (0, 0, 0), -2, (1, 0)): (0, 1)
(4, 1, 0, (0, 0, 0), -2, (2, 0)): (0, 1)
(4, 1, 0, (0, 0, 0), -2, (3, 0)): (0, 1)
(4, 1, 0, (0, 0, 0), -2, (3, 1)): (0, 1)
(4, 1, 0, (0, 0, 0), -2, (3, 2)): (0, 1)
(4, 1, 0, (0, 0, 0), -1, (0, 0)): (54, 136)
(4, 1, 0, (0, 0, 0), 0, (0, 0)): (102, 178)
(4, 1, 0, (0, 0, 0), 0, (0, 1)): (0, 1)
(4, 1, 0, (0, 0, 0), 0, (0, 2)): (0, 1)
(4, 1, 0, (0, 0, 0), 1, (0, 0)): (81, 106)
(4, 1, 0, (0, 0, 0), 1, (0, 1)): (1, 1)
(4, 1, 0, (0, 0, 0), 1, (0, 2)): (1, 1)
(4, 1, 0, (0, 0, 0), 1, (1, 2)): (1, 1)
(4, 1, 0, (0, 0, 0), 2, (0, 0)): (65, 79)
(4, 1, 0, (0, 0, 0), 3, (0, 0)): (34, 34)
(4, 1, 0, (0, 0, 0), 4, (0, 0)): (27, 29)
(4, 1, 0, (0, 0, 0), 5, (0, 0)): (12, 12)
(4, 1, 0, (0, 0, 0), 6, (0, 0)): (12, 12)
(4, 1, 0, (0, 0, 0), 7, (0, 0)): (2, 2)
(4, 1, 0, (0, 0, 0), 8, (0, 0)): (3, 3)
(4, 1, 0, (0, 0, 1), -5, (0, 0)): (0, 2)
(4, 1, 0, (0, 0, 1), -3, (0, 0)): (1, 2)
(4, 1, 0, (0, 0, 1), -2, (0, 0)): (1, 4)
(4, 1, 0, (0, 0, 1), -1, (0, 0)): (0, 1)
(4, 1, 0, (0, 0, 1), 0, (0, 0)): (3, 5)
(4, 1, 0, (0, 0, 1), 1, (0, 0)): (3, 4)
(4, 1, 0, (0, 0, 1), 2, (0, 0)): (6, 6)
(4, 1, 0, (0, 0, 1), 4, (0, 0)): (2, 3)
(4, 1, 0, (0, 0, 1), 5, (0, 0)): (1, 1)
(4, 1, 0, (0, 1, 0), -7, (0, 0)): (1, 1)
(4, 1, 0, (0, 1, 0), -6, (0, 0)): (1, 3)
(4, 1, 0, (0, 1, 0), -5, (0, 0)): (0, 2)
(4, 1, 0, (0, 1, 0), -4, (0, 0)): (0, 1)
(4, 1, 0, (0, 1, 0), -3, (0, 0)): (0, 3)
(4, 1, 0, (0, 1, 0), -2, (0, 0)): (3, 7)
(4, 1, 0, (0, 1, 0), -2, (1, 0)): (0, 1)
(4, 1, 0, (0, 1, 0), -2, (1, 1)): (0, 1)
(4, 1, 0, (0, 1, 0), -1, (0, 0)): (5, 9)
(4, 1, 0, (0, 1, 0), 0, (0, 0)): (9, 14)
(4, 1, 0, (0, 1, 0), 1, (0, 0)): (11, 12)
(4, 1, 0, (0, 1, 0), 2, (0, 0)): (6, 6)
(4, 1, 0, (0, 1, 0), 3, (0, 0)): (6, 6)
(4, 1, 0, (0, 1, 0), 4, (0, 0)): (1, 2)
(4, 1, 0, (0, 1, 0), 6, (0, 0)): (4, 4)
(4, 1, 0, (0, 1, 0), 7, (0, 0)): (1, 1)
(4, 1, 0, (0, 1, 1), -9, (0, 0)): (0, 1)
(4, 1, 0, (0, 1, 1), -4, (0, 0)): (1, 1)
(4, 1, 0, (0, 1, 1), -3, (0, 0)): (0, 1)
(4, 1, 0, (0, 1, 1), -1, (0, 0)): (1, 4)
(4, 1, 0, (0, 1, 1), 0, (0, 0)): (0, 1)
(4, 1, 0, (0, 1, 1), 1, (0, 0)): (2, 3)
(4, 1, 0, (0, 1, 1), 2, (0, 0)): (1, 1)
(4, 1, 0, (1, 0, 0), -9, (0, 0)): (0, 1)
(4, 1, 0, (1, 0, 0), -8, (0, 0)): (0, 1)
(4, 1, 0, (1, 0, 0), -7, (0, 0)): (0, 1)
(4, 1, 0, (1, 0, 0), -6, (0, 0)): (0, 2)
(4, 1, 0, (1, 0, 0), -5, (0, 0)): (1, 9)
(4, 1, 0, (1, 0, 0), -4, (0, 0)): (2, 7)
(4, 1, 0, (1, 0, 0), -3, (0, 0)): (3, 19)
(4, 1, 0, (1, 0, 0), -2, (0, 0)): (10, 26)
(4, 1, 0, (1, 0, 0), -1, (0, 0)): (21, 45)
(4, 1, 0, (1, 0, 0), 0, (0, 0)): (37, 58)
(4, 1, 0, (1, 0, 0), 1, (0, 0)): (27, 33)
(4, 1, 0, (1, 0, 0), 2, (0, 0)): (7, 12)
(4, 1, 0, (1, 0, 0), 3, (0, 0)): (11, 11)
(4, 1, 0, (1, 0, 0), 4, (0, 0)): (7, 8)
(4, 1, 0, (1, 0, 0), 5, (0, 0)): (2, 3)
(4, 1, 0, (1, 0, 0), 6, (0, 0)): (6, 6)
(4, 1, 0, (1, 0, 0), 7, (0, 0)): (1, 1)
(4, 1, 0, (1, 0, 0), 8, (0, 0)): (1, 1)
(4, 1, 0, (1, 0, 1), -5, (0, 0)): (0, 1)
(4, 1, 0, (1, 0, 1), -4, (0, 0)): (0, 1)
(4, 1, 0, (1, 0, 1), -3, (0, 0)): (0, 1)
(4, 1, 0, (1, 0, 1), -2, (0, 0)): (1, 1)
(4, 1, 0, (1, 0, 1), -1, (0, 0)): (3, 5)
(4, 1, 0, (1, 0, 1), 0, (0, 0)): (6, 7)
(4, 1, 0, (1, 0, 1), 1, (0, 0)): (3, 4)
(4, 1, 0, (1, 0, 1), 2, (0, 0)): (2, 2)
(4, 1, 0, (1, 0, 1), 4, (0, 0)): (2, 2)
(4, 1, 0, (1, 0, 1), 5, (0, 0)): (1, 1)
(4, 1, 0, (1, 0, 1), 7, (0, 0)): (1, 1)
(4, 1, 0, (1, 1, 0), -7, (0, 0)): (0, 2)
(4, 1, 0, (1, 1, 0), -6, (0, 0)): (1, 2)
(4, 1, 0, (1, 1, 0), -5, (0, 0)): (1, 2)
(4, 1, 0, (1, 1, 0), -4, (0, 0)): (1, 3)
(4, 1, 0, (1, 1, 0), -3, (0, 0)): (0, 4)
(4, 1, 0, (1, 1, 0), -2, (0, 0)): (1, 4)
(4, 1, 0, (1, 1, 0), -1, (0, 0)): (3, 8)
(4, 1, 0, (1, 1, 0), 0, (0, 0)): (5, 10)
(4, 1, 0, (1, 1, 0), 1, (0, 0)): (9, 9)
(4, 1, 0, (1, 1, 0), 2, (0, 0)): (4, 5)
(4, 1, 0, (1, 1, 0), 3, (0, 0)): (3, 3)
(4, 1, 0, (1, 1, 0), 4, (0, 0)): (1, 1)
(4, 1, 0, (1, 1, 0), 6, (0, 0)): (2, 2)
(4, 1, 0, (1, 1, 1), -9, (0, 0)): (0, 1)
(4, 1, 0, (1, 1, 1), -2, (0, 0)): (1, 1)
(4, 1, 0, (1, 1, 1), -1, (0, 0)): (3, 3)
(4, 1, 0, (1, 1, 1), 0, (0, 0)): (1, 1)
(4, 1, 0, (1, 1, 1), 1, (0, 0)): (2, 2)
(4, 1, 0, (1, 1, 1), 2, (0, 0)): (2, 2)
(4, 1, 0, (1, 1, 1), 3, (0, 0)): (1, 1)
(4, 1, 1, (0, 0, 0), -8, (0, 0)): (0, 4)
(4, 1, 1, (0, 0, 0), -7, (0, 0)): (0, 4)
(4, 1, 1, (0, 0, 0), -6, (0, 0)): (1, 14)
(4, 1, 1, (0, 0, 0), -5, (0, 0)): (2, 21)
(4, 1, 1, (0, 0, 0), -5, (1, 0)): (0, 1)
(4, 1, 1, (0, 0, 0), -5, (2, 0)): (0, 1)
(4, 1, 1, (0, 0, 0), -5, (3, 0)): (0, 1)
(4, 1, 1, (0, 0, 0), -5, (3, 1)): (0, 1)
(4, 1, 1, (0, 0, 0), -5, (3, 2)): (0, 1)
(4, 1, 1, (0, 0, 0), -4, (0, 0)): (0, 22)
(4, 1, 1, (0, 0, 0), -3, (0, 0)): (5, 37)
(4, 1, 1, (0, 0, 0), -3, (0, 1)): (0, 1)
(4, 1, 1, (0, 0, 0), -3, (0, 2)): (0, 1)
(4, 1, 1, (0, 0, 0), -3, (1, 2)): (0, 1)
(4, 1, 1, (0, 0, 0), -2, (0, 0)): (22, 77)
(4, 1, 1, (0, 0, 0), -1, (0, 0)): (29, 85)
(4, 1, 1, (0, 0, 0), 0, (0, 0)): (60, 113)
(4, 1, 1, (0, 0, 0), 0, (0, 1)): (0, 1)
(4, 1, 1, (0, 0, 0), 0, (1, 1)): (0, 1)
(4, 1, 1, (0, 0, 0), 0, (2, 1)): (0, 1)
(4, 1, 1, (0, 0, 0), 1, (0, 0)): (49, 71)
(4, 1, 1, (0, 0, 0), 1, (0, 1)): (1, 1)
(4, 1, 1, (0, 0, 0), 1, (0, 2)): (1, 1)
(4, 1, 1, (0, 0, 0), 2, (0, 0)): (51, 62)
(4, 1, 1, (0, 0, 0), 3, (0, 0)): (26, 26)
(4, 1, 1, (0, 0, 0), 4, (0, 0)): (20, 21)
(4, 1, 1, (0, 0, 0), 5, (0, 0)): (11, 11)
(4, 1, 1, (0, 0, 0), 6, (0, 0)): (4, 4)
(4, 1, 1, (0, 0, 0), 7, (0, 0)): (1, 1)
(4, 1, 1, (0, 0, 0), 8, (0, 0)): (2, 2)
(4, 1, 1, (0, 0, 0), 9, (0, 0)): (1, 1)
(4, 1, 1, (0, 0, 0), 10, (0, 0)): (1, 1)
(4, 1, 1, (0, 0, 1), -6, (0, 0)): (0, 1)
(4, 1, 1, (0, 0, 1), -5, (0, 0)): (0, 4)
(4, 1, 1, (0, 0, 1), -3, (0, 0)): (0, 1)
(4, 1, 1, (0, 0, 1), -2, (0, 0)): (2, 3)
(4, 1, 1, (0, 0, 1), -1, (0, 0)): (0, 2)
(4, 1, 1, (0, 0, 1), 0, (0, 0)): (12, 18)
(4, 1, 1, (0, 0, 1), 1, (0, 0)): (11, 13)
(4, 1, 1, (0, 0, 1), 2, (0, 0)): (6, 6)
(4, 1, 1, (0, 0, 1), 3, (0, 0)): (6, 7)
(4, 1, 1, (0, 0, 1), 3, (0, 1)): (1, 1)
(4, 1, 1, (0, 0, 1), 3, (0, 2)): (1, 1)
(4, 1, 1, (0, 0, 1), 3, (1, 2)): (1, 1)
(4, 1, 1, (0, 0, 1), 3, (2, 2)): (1, 1)
(4, 1, 1, (0, 0, 1), 5, (0, 0)): (1, 1)
(4, 1, 1, (0, 0, 1), 6, (0, 0)): (2, 2)
(4, 1, 1, (0, 0, 1), 9, (0, 0)): (1, 1)
(4, 1, 1, (0, 0, 1), 12, (0, 0)): (1, 1)
(4, 1, 1, (0, 1, 0), -8, (0, 0)): (0, 1)
(4, 1, 1, (0, 1, 0), -5, (0, 0)): (0, 4)
(4, 1, 1, (0, 1, 0), -4, (0, 0)): (0, 2)
(4, 1, 1, (0, 1, 0), -3, (0, 0)): (3, 7)
(4, 1, 1, (0, 1, 0), -2, (0, 0)): (2, 8)
(4, 1, 1, (0, 1, 0), -2, (0, 1)): (0, 1)
(4, 1, 1, (0, 1, 0), -2, (0, 2)): (0, 1)
(4, 1, 1, (0, 1, 0), -2, (1, 2)): (0, 1)
(4, 1, 1, (0, 1, 0), -1, (0, 0)): (9, 22)
(4, 1, 1, (0, 1, 0), 0, (0, 0)): (21, 33)
(4, 1, 1, (0, 1, 0), 1, (0, 0)): (18, 23)
(4, 1, 1, (0, 1, 0), 2, (0, 0)): (11, 12)
(4, 1, 1, (0, 1, 0), 3, (0, 0)): (9, 9)
(4, 1, 1, (0, 1, 0), 3, (0, 1)): (1, 1)
(4, 1, 1, (0, 1, 0), 3, (0, 2)): (1, 1)
(4, 1, 1, (0, 1, 0), 3, (1, 2)): (1, 1)
(4, 1, 1, (0, 1, 0), 4, (0, 0)): (5, 6)
(4, 1, 1, (0, 1, 0), 5, (0, 0)): (1, 2)
(4, 1, 1, (0, 1, 0), 6, (0, 0)): (3, 3)
(4, 1, 1, (0, 1, 0), 7, (0, 0)): (1, 1)
(4, 1, 1, (0, 1, 0), 10, (0, 0)): (2, 2)
(4, 1, 1, (0, 1, 0), 11, (0, 0)): (1, 1)
(4, 1, 1, (0, 1, 1), -7, (0, 0)): (0, 1)
(4, 1, 1, (0, 1, 1), -4, (0, 0)): (1, 1)
(4, 1, 1, (0, 1, 1), -3, (0, 0)): (0, 2)
(4, 1, 1, (0, 1, 1), -2, (0, 0)): (0, 4)
(4, 1, 1, (0, 1, 1), -1, (0, 0)): (2, 8)
(4, 1, 1, (0, 1, 1), 0, (0, 0)): (4, 7)
(4, 1, 1, (0, 1, 1), 1, (0, 0)): (6, 8)
(4, 1, 1, (0, 1, 1), 1, (1, 0)): (1, 1)
(4, 1, 1, (0, 1, 1), 1, (1, 1)): (1, 1)
(4, 1, 1, (0, 1, 1), 1, (1, 2)): (1, 1)
(4, 1, 1, (0, 1, 1), 1, (2, 2)): (1, 1)
(4, 1, 1, (0, 1, 1), 2, (0, 0)): (4, 4)
(4, 1, 1, (0, 1, 1), 3, (0, 0)): (3, 3)
(4, 1, 1, (0, 1, 1), 4, (0, 0)): (2, 2)
(4, 1, 1, (0, 1, 1), 6, (0, 0)): (1, 1)
(4, 1, 1, (0, 1, 1), 8, (0, 0)): (2, 2)
(4, 1, 1, (1, 0, 0), -8, (0, 0)): (0, 1)
(4, 1, 1, (1, 0, 0), -6, (0, 0)): (0, 5)
(4, 1, 1, (1, 0, 0), -5, (0, 0)): (2, 11)
(4, 1, 1, (1, 0, 0), -5, (0, 1)): (0, 1)
(4, 1, 1, (1, 0, 0), -5, (0, 2)): (0, 1)
(4, 1, 1, (1, 0, 0), -4, (0, 0)): (0, 13)
(4, 1, 1, (1, 0, 0), -3, (0, 0)): (5, 23)
(4, 1, 1, (1, 0, 0), -2, (0, 0)): (12, 36)
(4, 1, 1, (1, 0, 0), -1, (0, 0)): (15, 33)
(4, 1, 1, (1, 0, 0), 0, (0, 0)): (27, 48)
(4, 1, 1, (1, 0, 0), 1, (0, 0)): (25, 31)
(4, 1, 1, (1, 0, 0), 1, (1, 0)): (1, 1)
(4, 1, 1, (1, 0, 0), 2, (0, 0)): (14, 20)
(4, 1, 1, (1, 0, 0), 3, (0, 0)): (8, 9)
(4, 1, 1, (1, 0, 0), 4, (0, 0)): (10, 10)
(4, 1, 1, (1, 0, 0), 5, (0, 0)): (5, 5)
(4, 1, 1, (1, 0, 0), 6, (0, 0)): (2, 2)
(4, 1, 1, (1, 0, 0), 8, (0, 0)): (2, 2)
(4, 1, 1, (1, 0, 1), -5, (0, 0)): (0, 1)
(4, 1, 1, (1, 0, 1), -4, (0, 0)): (1, 1)
(4, 1, 1, (1, 0, 1), -2, (0, 0)): (1, 1)
(4, 1, 1, (1, 0, 1), -1, (0, 0)): (0, 2)
(4, 1, 1, (1, 0, 1), 0, (0, 0)): (9, 11)
(4, 1, 1, (1, 0, 1), 1, (0, 0)): (6, 7)
(4, 1, 1, (1, 0, 1), 2, (0, 0)): (4, 4)
(4, 1, 1, (1, 0, 1), 3, (0, 0)): (3, 3)
(4, 1, 1, (1, 0, 1), 4, (0, 0)): (3, 3)
(4, 1, 1, (1, 0, 1), 6, (0, 0)): (2, 2)
(4, 1, 1, (1, 0, 1), 7, (0, 0)): (2, 2)
(4, 1, 1, (1, 0, 1), 12, (0, 0)): (1, 1)
(4, 1, 1, (1, 1, 0), -6, (0, 0)): (1, 2)
(4, 1, 1, (1, 1, 0), -5, (0, 0)): (1, 3)
(4, 1, 1, (1, 1, 0), -4, (0, 0)): (0, 2)
(4, 1, 1, (1, 1, 0), -3, (0, 0)): (2, 9)
(4, 1, 1, (1, 1, 0), -2, (0, 0)): (2, 7)
(4, 1, 1, (1, 1, 0), -1, (0, 0)): (2, 5)
(4, 1, 1, (1, 1, 0), 0, (0, 0)): (12, 17)
(4, 1, 1, (1, 1, 0), 1, (0, 0)): (9, 10)
(4, 1, 1, (1, 1, 0), 2, (0, 0)): (2, 2)
(4, 1, 1, (1, 1, 0), 3, (0, 0)): (4, 4)
(4, 1, 1, (1, 1, 0), 4, (0, 0)): (3, 3)
(4, 1, 1, (1, 1, 0), 5, (0, 0)): (1, 1)
(4, 1, 1, (1, 1, 0), 6, (0, 0)): (1, 1)
(4, 1, 1, (1, 1, 0), 7, (0, 0)): (1, 1)
(4, 1, 1, (1, 1, 0), 8, (0, 0)): (2, 2)
(4, 1, 1, (1, 1, 1), -6, (0, 0)): (1, 1)
(4, 1, 1, (1, 1, 1), -3, (0, 0)): (1, 2)
(4, 1, 1, (1, 1, 1), -2, (0, 0)): (0, 2)
(4, 1, 1, (1, 1, 1), -1, (0, 0)): (2, 4)
(4, 1, 1, (1, 1, 1), 0, (0, 0)): (3, 3)
(4, 1, 1, (1, 1, 1), 1, (0, 0)): (5, 6)
(4, 1, 1, (1, 1, 1), 2, (0, 0)): (1, 1)
(4, 1, 1, (1, 1, 1), 3, (0, 0)): (3, 3)
(4, 1, 2, (0, 0, 0), -8, (0, 0)): (0, 4)
(4, 1, 2, (0, 0, 0), -7, (0, 0)): (0, 3)
(4, 1, 2, (0, 0, 0), -6, (0, 0)): (1, 10)
(4, 1, 2, (0, 0, 0), -5, (0, 0)): (0, 14)
(4, 1, 2, (0, 0, 0), -4, (0, 0)): (0, 13)
(4, 1, 2, (0, 0, 0), -3, (0, 0)): (0, 23)
(4, 1, 2, (0, 0, 0), -2, (0, 0)): (16, 60)
(4, 1, 2, (0, 0, 0), -1, (0, 0)): (24, 66)
(4, 1, 2, (0, 0, 0), 0, (0, 0)): (47, 88)
(4, 1, 2, (0, 0, 0), 1, (0, 0)): (41, 62)
(4, 1, 2, (0, 0, 0), 2, (0, 0)): (48, 60)
(4, 1, 2, (0, 0, 0), 3, (0, 0)): (25, 27)
(4, 1, 2, (0, 0, 0), 4, (0, 0)): (17, 19)
(4, 1, 2, (0, 0, 0), 5, (0, 0)): (11, 11)
(4, 1, 2, (0, 0, 0), 6, (0, 0)): (5, 5)
(4, 1, 2, (0, 0, 0), 7, (0, 0)): (1, 1)
(4, 1, 2, (0, 0, 0), 8, (0, 0)): (1, 1)
(4, 1, 2, (0, 0, 0), 10, (0, 0)): (1, 1)
(4, 1, 2, (0, 0, 1), -6, (0, 0)): (0, 2)
(4, 1, 2, (0, 0, 1), -5, (0, 0)): (0, 2)
(4, 1, 2, (0, 0, 1), -4, (0, 0)): (0, 3)
(4, 1, 2, (0, 0, 1), -3, (0, 0)): (1, 3)
(4, 1, 2, (0, 0, 1), -2, (0, 0)): (4, 10)
(4, 1, 2, (0, 0, 1), -1, (0, 0)): (4, 8)
(4, 1, 2, (0, 0, 1), 0, (0, 0)): (11, 17)
(4, 1, 2, (0, 0, 1), 1, (0, 0)): (6, 9)
(4, 1, 2, (0, 0, 1), 2, (0, 0)): (7, 8)
(4, 1, 2, (0, 0, 1), 3, (0, 0)): (5, 8)
(4, 1, 2, (0, 0, 1), 4, (0, 0)): (5, 5)
(4, 1, 2, (0, 0, 1), 5, (0, 0)): (2, 2)
(4, 1, 2, (0, 0, 1), 6, (0, 0)): (2, 2)
(4, 1, 2, (0, 0, 1), 7, (0, 0)): (1, 1)
(4, 1, 2, (0, 0, 1), 12, (0, 0)): (1, 1)
(4, 1, 2, (0, 1, 0), -8, (0, 0)): (0, 1)
(4, 1, 2, (0, 1, 0), -6, (0, 0)): (0, 1)
(4, 1, 2, (0, 1, 0), -5, (0, 0)): (0, 6)
(4, 1, 2, (0, 1, 0), -5, (1, 0)): (0, 1)
(4, 1, 2, (0, 1, 0), -5, (2, 0)): (0, 1)
(4, 1, 2, (0, 1, 0), -4, (0, 0)): (0, 5)
(4, 1, 2, (0, 1, 0), -3, (0, 0)): (1, 6)
(4, 1, 2, (0, 1, 0), -2, (0, 0)): (6, 21)
(4, 1, 2, (0, 1, 0), -2, (1, 0)): (0, 1)
(4, 1, 2, (0, 1, 0), -2, (1, 1)): (0, 1)
(4, 1, 2, (0, 1, 0), -2, (1, 2)): (0, 1)
(4, 1, 2, (0, 1, 0), -1, (0, 0)): (11, 29)
(4, 1, 2, (0, 1, 0), 0, (0, 0)): (19, 35)
(4, 1, 2, (0, 1, 0), 0, (0, 1)): (0, 1)
(4, 1, 2, (0, 1, 0), 0, (1, 1)): (0, 1)
(4, 1, 2, (0, 1, 0), 0, (2, 1)): (0, 1)
(4, 1, 2, (0, 1, 0), 0, (3, 1)): (0, 1)
(4, 1, 2, (0, 1, 0), 0, (3, 2)): (0, 1)
(4, 1, 2, (0, 1, 0), 1, (0, 0)): (24, 32)
(4, 1, 2, (0, 1, 0), 2, (0, 0)): (14, 15)
(4, 1, 2, (0, 1, 0), 3, (0, 0)): (10, 11)
(4, 1, 2, (0, 1, 0), 4, (0, 0)): (5, 7)
(4, 1, 2, (0, 1, 0), 5, (0, 0)): (2, 3)
(4, 1, 2, (0, 1, 0), 6, (0, 0)): (6, 6)
(4, 1, 2, (0, 1, 0), 8, (0, 0)): (1, 1)
(4, 1, 2, (0, 1, 0), 10, (0, 0)): (1, 1)
(4, 1, 2, (0, 1, 0), 11, (0, 0)): (1, 1)
(4, 1, 2, (0, 1, 1), -6, (0, 0)): (0, 2)
(4, 1, 2, (0, 1, 1), -5, (0, 0)): (0, 1)
(4, 1, 2, (0, 1, 1), -3, (0, 0)): (0, 3)
(4, 1, 2, (0, 1, 1), -2, (0, 0)): (2, 3)
(4, 1, 2, (0, 1, 1), -1, (0, 0)): (2, 5)
(4, 1, 2, (0, 1, 1), 0, (0, 0)): (4, 9)
(4, 1, 2, (0, 1, 1), 1, (0, 0)): (4, 5)
(4, 1, 2, (0, 1, 1), 2, (0, 0)): (3, 3)
(4, 1, 2, (0, 1, 1), 3, (0, 0)): (1, 1)
(4, 1, 2, (0, 1, 1), 4, (0, 0)): (5, 5)
(4, 1, 2, (0, 1, 1), 6, (0, 0)): (1, 1)
(4, 1, 2, (0, 1, 1), 7, (0, 0)): (1, 1)
(4, 1, 2, (1, 0, 0), -6, (0, 0)): (0, 7)
(4, 1, 2, (1, 0, 0), -5, (0, 0)): (2, 14)
(4, 1, 2, (1, 0, 0), -5, (1, 0)): (0, 1)
(4, 1, 2, (1, 0, 0), -5, (2, 0)): (0, 1)
(4, 1, 2, (1, 0, 0), -4, (0, 0)): (0, 10)
(4, 1, 2, (1, 0, 0), -3, (0, 0)): (4, 16)
(4, 1, 2, (1, 0, 0), -2, (0, 0)): (8, 31)
(4, 1, 2, (1, 0, 0), -1, (0, 0)): (12, 30)
(4, 1, 2, (1, 0, 0), 0, (0, 0)): (25, 43)
(4, 1, 2, (1, 0, 0), 1, (0, 0)): (29, 39)
(4, 1, 2, (1, 0, 0), 2, (0, 0)): (29, 37)
(4, 1, 2, (1, 0, 0), 3, (0, 0)): (12, 13)
(4, 1, 2, (1, 0, 0), 4, (0, 0)): (12, 13)
(4, 1, 2, (1, 0, 0), 4, (1, 0)): (1, 1)
(4, 1, 2, (1, 0, 0), 4, (2, 0)): (1, 1)
(4, 1, 2, (1, 0, 0), 5, (0, 0)): (10, 10)
(4, 1, 2, (1, 0, 0), 6, (0, 0)): (5, 5)
(4, 1, 2, (1, 0, 0), 7, (0, 0)): (3, 3)
(4, 1, 2, (1, 0, 0), 8, (0, 0)): (2, 2)
(4, 1, 2, (1, 0, 1), -5, (0, 0)): (0, 3)
(4, 1, 2, (1, 0, 1), -4, (0, 0)): (0, 2)
(4, 1, 2, (1, 0, 1), -3, (0, 0)): (2, 3)
(4, 1, 2, (1, 0, 1), -2, (0, 0)): (1, 1)
(4, 1, 2, (1, 0, 1), -1, (0, 0)): (2, 6)
(4, 1, 2, (1, 0, 1), 0, (0, 0)): (5, 12)
(4, 1, 2, (1, 0, 1), 1, (0, 0)): (8, 9)
(4, 1, 2, (1, 0, 1), 2, (0, 0)): (5, 6)
(4, 1, 2, (1, 0, 1), 3, (0, 0)): (3, 3)
(4, 1, 2, (1, 0, 1), 4, (0, 0)): (2, 2)
(4, 1, 2, (1, 0, 1), 5, (0, 0)): (1, 1)
(4, 1, 2, (1, 0, 1), 6, (0, 0)): (2, 2)
(4, 1, 2, (1, 0, 1), 7, (0, 0)): (1, 1)
(4, 1, 2, (1, 1, 0), -6, (0, 0)): (0, 1)
(4, 1, 2, (1, 1, 0), -5, (0, 0)): (0, 2)
(4, 1, 2, (1, 1, 0), -4, (0, 0)): (0, 2)
(4, 1, 2, (1, 1, 0), -3, (0, 0)): (0, 7)
(4, 1, 2, (1, 1, 0), -2, (0, 0)): (2, 9)
(4, 1, 2, (1, 1, 0), -1, (0, 0)): (3, 9)
(4, 1, 2, (1, 1, 0), 0, (0, 0)): (7, 14)
(4, 1, 2, (1, 1, 0), 0, (0, 1)): (0, 1)
(4, 1, 2, (1, 1, 0), 0, (1, 1)): (0, 1)
(4, 1, 2, (1, 1, 0), 1, (0, 0)): (13, 17)
(4, 1, 2, (1, 1, 0), 2, (0, 0)): (4, 4)
(4, 1, 2, (1, 1, 0), 3, (0, 0)): (7, 7)
(4, 1, 2, (1, 1, 0), 4, (0, 0)): (2, 2)
(4, 1, 2, (1, 1, 0), 4, (1, 0)): (1, 1)
(4, 1, 2, (1, 1, 0), 5, (0, 0)): (3, 3)
(4, 1, 2, (1, 1, 0), 6, (0, 0)): (1, 1)
(4, 1, 2, (1, 1, 0), 8, (0, 0)): (2, 2)
(4, 1, 2, (1, 1, 1), -5, (0, 0)): (0, 2)
(4, 1, 2, (1, 1, 1), -4, (0, 0)): (0, 1)
(4, 1, 2, (1, 1, 1), -3, (0, 0)): (0, 1)
(4, 1, 2, (1, 1, 1), -2, (0, 0)): (0, 1)
(4, 1, 2, (1, 1, 1), -1, (0, 0)): (2, 5)
(4, 1, 2, (1, 1, 1), 0, (0, 0)): (2, 3)
(4, 1, 2, (1, 1, 1), 1, (0, 0)): (6, 9)
(4, 1, 2, (1, 1, 1), 2, (0, 0)): (1, 1)
(4, 1, 2, (1, 1, 1), 3, (0, 0)): (2, 2)
(4, 1, 2, (1, 1, 1), 5, (0, 0)): (1, 1)
(4, 1, 2, (1, 1, 1), 8, (0, 0)): (1, 1)
(5, 0, 0, (0, 0, 0), -12, (0, 0)): (0, 1)
(5, 0, 0, (0, 0, 0), -11, (0, 0)): (0, 1)
(5, 0, 0, (0, 0, 0), -10, (0, 0)): (0, 2)
(5, 0, 0, (0, 0, 0), -8, (0, 0)): (0, 3)
(5, 0, 0, (0, 0, 0), -7, (0, 0)): (0, 6)
(5, 0, 0, (0, 0, 0), -6, (0, 0)): (0, 13)
(5, 0, 0, (0, 0, 0), -5, (0, 0)): (1, 19)
(5, 0, 0, (0, 0, 0), -4, (0, 0)): (4, 34)
(5, 0, 0, (0, 0, 0), -4, (1, 0)): (0, 1)
(5, 0, 0, (0, 0, 0), -4, (2, 0)): (0, 1)
(5, 0, 0, (0, 0, 0), -4, (3, 0)): (0, 1)
(5, 0, 0, (0, 0, 0), -3, (0, 0)): (5, 54)
(5, 0, 0, (0, 0, 0), -2, (0, 0)): (14, 88)
(5, 0, 0, (0, 0, 0), -1, (0, 0)): (32, 114)
(5, 0, 0, (0, 0, 0), 0, (0, 0)): (79, 157)
(5, 0, 0, (0, 0, 0), 0, (1, 0)): (1, 1)
(5, 0, 0, (0, 0, 0), 1, (0, 0)): (77, 118)
(5, 0, 0, (0, 0, 0), 2, (0, 0)): (68, 90)
(5, 0, 0, (0, 0, 0), 3, (0, 0)): (46, 52)
(5, 0, 0, (0, 0, 0), 3, (0, 1)): (1, 1)
(5, 0, 0, (0, 0, 0), 3, (1, 1)): (1, 1)
(5, 0, 0, (0, 0, 0), 3, (2, 1)): (1, 1)
(5, 0, 0, (0, 0, 0), 3, (2, 2)): (1, 1)
(5, 0, 0, (0, 0, 0), 4, (0, 0)): (29, 29)
(5, 0, 0, (0, 0, 0), 5, (0, 0)): (28, 30)
(5, 0, 0, (0, 0, 0), 5, (1, 0)): (1, 1)
(5, 0, 0, (0, 0, 0), 5, (1, 1)): (1, 1)
(5, 0, 0, (0, 0, 0), 5, (1, 2)): (1, 1)
(5, 0, 0, (0, 0, 0), 6, (0, 0)): (15, 17)
(5, 0, 0, (0, 0, 0), 7, (0, 0)): (3, 3)
(5, 0, 0, (0, 0, 0), 8, (0, 0)): (5, 5)
(5, 0, 0, (0, 0, 1), -5, (0, 0)): (1, 1)
(5, 0, 0, (0, 0, 1), -4, (0, 0)): (0, 1)
(5, 0, 0, (0, 0, 1), -2, (0, 0)): (0, 1)
(5, 0, 0, (0, 0, 1), -1, (0, 0)): (3, 3)
(5, 0, 0, (0, 0, 1), 0, (0, 0)): (1, 2)
(5, 0, 0, (0, 0, 1), 1, (0, 0)): (3, 4)
(5, 0, 0, (0, 0, 1), 2, (0, 0)): (1, 1)
(5, 0, 0, (0, 0, 1), 4, (0, 0)): (1, 1)
(5, 0, 0, (0, 0, 1), 5, (0, 0)): (1, 1)
(5, 0, 0, (0, 0, 1), 8, (0, 0)): (1, 1)
(5, 0, 0, (0, 1, 0), -8, (0, 0)): (0, 1)
(5, 0, 0, (0, 1, 0), -5, (0, 0)): (0, 1)
(5, 0, 0, (0, 1, 0), -4, (0, 0)): (0, 2)
(5, 0, 0, (0, 1, 0), -3, (0, 0)): (0, 1)
(5, 0, 0, (0, 1, 0), -2, (0, 0)): (0, 5)
(5, 0, 0, (0, 1, 0), -1, (0, 0)): (2, 3)
(5, 0, 0, (0, 1, 0), 0, (0, 0)): (6, 10)
(5, 0, 0, (0, 1, 0), 1, (0, 0)): (11, 13)
(5, 0, 0, (0, 1, 0), 2, (0, 0)): (4, 6)
(5, 0, 0, (0, 1, 0), 3, (0, 0)): (3, 3)
(5, 0, 0, (0, 1, 0), 4, (0, 0)): (3, 3)
(5, 0, 0, (0, 1, 0), 5, (0, 0)): (3, 3)
(5, 0, 0, (0, 1, 1), -2, (0, 0)): (2, 5)
(5, 0, 0, (0, 1, 1), -1, (0, 0)): (1, 1)
(5, 0, 0, (0, 1, 1), 0, (0, 0)): (1, 1)
(5, 0, 0, (0, 1, 1), 1, (0, 0)): (5, 5)
(5, 0, 0, (0, 1, 1), 3, (0, 0)): (1, 1)
(5, 0, 0, (0, 1, 1), 4, (0, 0)): (1, 1)
(5, 0, 0, (1, 0, 0), -7, (0, 0)): (0, 2)
(5, 0, 0, (1, 0, 0), -6, (0, 0)): (0, 5)
(5, 0, 0, (1, 0, 0), -5, (0, 0)): (0, 2)
(5, 0, 0, (1, 0, 0), -4, (0, 0)): (1, 10)
(5, 0, 0, (1, 0, 0), -4, (0, 1)): (0, 1)
(5, 0, 0, (1, 0, 0), -4, (0, 2)): (0, 1)
(5, 0, 0, (1, 0, 0), -3, (0, 0)): (2, 11)
(5, 0, 0, (1, 0, 0), -2, (0, 0)): (9, 21)
(5, 0, 0, (1, 0, 0), -1, (0, 0)): (8, 20)
(5, 0, 0, (1, 0, 0), 0, (0, 0)): (32, 54)
(5, 0, 0, (1, 0, 0), 1, (0, 0)): (15, 26)
(5, 0, 0, (1, 0, 0), 2, (0, 0)): (14, 18)
(5, 0, 0, (1, 0, 0), 3, (0, 0)): (8, 11)
(5, 0, 0, (1, 0, 0), 4, (0, 0)): (8, 8)
(5, 0, 0, (1, 0, 0), 5, (0, 0)): (10, 10)
(5, 0, 0, (1, 0, 0), 6, (0, 0)): (2, 2)
(5, 0, 0, (1, 0, 0), 7, (0, 0)): (1, 1)
(5, 0, 0, (1, 0, 0), 8, (0, 0)): (2, 2)
(5, 0, 0, (1, 0, 1), -4, (0, 0)): (0, 1)
(5, 0, 0, (1, 0, 1), -4, (0, 1)): (0, 1)
(5, 0, 0, (1, 0, 1), -4, (0, 2)): (0, 1)
(5, 0, 0, (1, 0, 1), -1, (0, 0)): (2, 2)
(5, 0, 0, (1, 0, 1), 1, (0, 0)): (3, 4)
(5, 0, 0, (1, 0, 1), 2, (0, 0)): (1, 3)
(5, 0, 0, (1, 0, 1), 3, (0, 0)): (0, 1)
(5, 0, 0, (1, 0, 1), 4, (0, 0)): (1, 2)
(5, 0, 0, (1, 1, 0), -7, (0, 0)): (0, 1)
(5, 0, 0, (1, 1, 0), -4, (0, 0)): (0, 1)
(5, 0, 0, (1, 1, 0), -3, (0, 0)): (0, 4)
(5, 0, 0, (1, 1, 0), -2, (0, 0)): (2, 3)
(5, 0, 0, (1, 1, 0), -1, (0, 0)): (3, 3)
(5, 0, 0, (1, 1, 0), 0, (0, 0)): (8, 11)
(5, 0, 0, (1, 1, 0), 1, (0, 0)): (4, 6)
(5, 0, 0, (1, 1, 0), 2, (0, 0)): (2, 5)
(5, 0, 0, (1, 1, 0), 3, (0, 0)): (2, 2)
(5, 0, 0, (1, 1, 0), 5, (0, 0)): (5, 5)
(5, 0, 0, (1, 1, 1), -3, (0, 0)): (0, 1)
(5, 0, 0, (1, 1, 1), -2, (0, 0)): (1, 1)
(5, 0, 0, (1, 1, 1), -1, (0, 0)): (1, 1)
(5, 0, 0, (1, 1, 1), 0, (0, 0)): (3, 3)
(5, 0, 0, (1, 1, 1), 1, (0, 0)): (2, 2)
(5, 0, 0, (1, 1, 1), 2, (0, 0)): (2, 2)
(5, 0, 0, (1, 1, 1), 3, (0, 0)): (1, 1)
(5, 0, 1, (0, 0, 0), -12, (0, 0)): (0, 1)
(5, 0, 1, (0, 0, 0), -11, (0, 0)): (0, 1)
(5, 0, 1, (0, 0, 0), -10, (0, 0)): (0, 2)
(5, 0, 1, (0, 0, 0), -8, (0, 0)): (0, 2)
(5, 0, 1, (0, 0, 0), -7, (0, 0)): (0, 4)
(5, 0, 1, (0, 0, 0), -6, (0, 0)): (0, 8)
(5, 0, 1, (0, 0, 0), -5, (0, 0)): (0, 15)
(5, 0, 1, (0, 0, 0), -4, (0, 0)): (3, 23)
(5, 0, 1, (0, 0, 0), -3, (0, 0)): (3, 43)
(5, 0, 1, (0, 0, 0), -2, (0, 0)): (5, 63)
(5, 0, 1, (0, 0, 0), -1, (0, 0)): (20, 91)
(5, 0, 1, (0, 0, 0), 0, (0, 0)): (48, 106)
(5, 0, 1, (0, 0, 0), 0, (1, 0)): (1, 1)
(5, 0, 1, (0, 0, 0), 1, (0, 0)): (55, 85)
(5, 0, 1, (0, 0, 0), 2, (0, 0)): (53, 69)
(5, 0, 1, (0, 0, 0), 2, (0, 1)): (1, 1)
(5, 0, 1, (0, 0, 0), 2, (1, 1)): (1, 1)
(5, 0, 1, (0, 0, 0), 2, (2, 1)): (1, 1)
(5, 0, 1, (0, 0, 0), 3, (0, 0)): (36, 40)
(5, 0, 1, (0, 0, 0), 4, (0, 0)): (20, 20)
(5, 0, 1, (0, 0, 0), 5, (0, 0)): (20, 22)
(5, 0, 1, (0, 0, 0), 5, (1, 0)): (1, 1)
(5, 0, 1, (0, 0, 0), 6, (0, 0)): (13, 15)
(5, 0, 1, (0, 0, 0), 7, (0, 0)): (2, 2)
(5, 0, 1, (0, 0, 0), 8, (0, 0)): (2, 2)
(5, 0, 1, (0, 0, 1), -6, (0, 0)): (0, 1)
(5, 0, 1, (0, 0, 1), -5, (0, 0)): (1, 3)
(5, 0, 1, (0, 0, 1), -4, (0, 0)): (0, 2)
(5, 0, 1, (0, 0, 1), -2, (0, 0)): (0, 1)
(5, 0, 1, (0, 0, 1), -1, (0, 0)): (2, 6)
(5, 0, 1, (0, 0, 1), 0, (0, 0)): (4, 9)
(5, 0, 1, (0, 0, 1), 1, (0, 0)): (9, 12)
(5, 0, 1, (0, 0, 1), 2, (0, 0)): (4, 4)
(5, 0, 1, (0, 0, 1), 3, (0, 0)): (4, 4)
(5, 0, 1, (0, 0, 1), 4, (0, 0)): (3, 3)
(5, 0, 1, (0, 0, 1), 5, (0, 0)): (3, 3)
(5, 0, 1, (0, 0, 1), 6, (0, 0)): (1, 1)
(5, 0, 1, (0, 0, 1), 8, (0, 0)): (1, 1)
(5, 0, 1, (0, 1, 0), -8, (0, 0)): (0, 1)
(5, 0, 1, (0, 1, 0), -6, (0, 0)): (0, 1)
(5, 0, 1, (0, 1, 0), -5, (0, 0)): (0, 1)
(5, 0, 1, (0, 1, 0), -4, (0, 0)): (0, 1)
(5, 0, 1, (0, 1, 0), -3, (0, 0)): (1, 5)
(5, 0, 1, (0, 1, 0), -2, (0, 0)): (1, 6)
(5, 0, 1, (0, 1, 0), -1, (0, 0)): (3, 12)
(5, 0, 1, (0, 1, 0), 0, (0, 0)): (16, 25)
(5, 0, 1, (0, 1, 0), 1, (0, 0)): (11, 18)
(5, 0, 1, (0, 1, 0), 2, (0, 0)): (12, 14)
(5, 0, 1, (0, 1, 0), 3, (0, 0)): (10, 11)
(5, 0, 1, (0, 1, 0), 4, (0, 0)): (4, 4)
(5, 0, 1, (0, 1, 0), 5, (0, 0)): (8, 8)
(5, 0, 1, (0, 1, 0), 6, (0, 0)): (4, 4)
(5, 0, 1, (0, 1, 0), 7, (0, 0)): (4, 4)
(5, 0, 1, (0, 1, 0), 8, (0, 0)): (2, 2)
(5, 0, 1, (0, 1, 1), -10, (0, 0)): (0, 1)
(5, 0, 1, (0, 1, 1), -4, (0, 0)): (0, 2)
(5, 0, 1, (0, 1, 1), -3, (0, 0)): (0, 1)
(5, 0, 1, (0, 1, 1), -2, (0, 0)): (3, 8)
(5, 0, 1, (0, 1, 1), -1, (0, 0)): (3, 4)
(5, 0, 1, (0, 1, 1), 0, (0, 0)): (3, 7)
(5, 0, 1, (0, 1, 1), 1, (0, 0)): (5, 7)
(5, 0, 1, (0, 1, 1), 2, (0, 0)): (4, 6)
(5, 0, 1, (0, 1, 1), 3, (0, 0)): (3, 4)
(5, 0, 1, (0, 1, 1), 4, (0, 0)): (1, 1)
(5, 0, 1, (0, 1, 1), 5, (0, 0)): (3, 3)
(5, 0, 1, (0, 1, 1), 7, (0, 0)): (1, 1)
(5, 0, 1, (1, 0, 0), -10, (0, 0)): (0, 1)
(5, 0, 1, (1, 0, 0), -8, (0, 0)): (0, 1)
(5, 0, 1, (1, 0, 0), -7, (0, 0)): (0, 1)
(5, 0, 1, (1, 0, 0), -6, (0, 0)): (0, 7)
(5, 0, 1, (1, 0, 0), -5, (0, 0)): (0, 5)
(5, 0, 1, (1, 0, 0), -4, (0, 0)): (2, 17)
(5, 0, 1, (1, 0, 0), -3, (0, 0)): (3, 16)
(5, 0, 1, (1, 0, 0), -2, (0, 0)): (7, 29)
(5, 0, 1, (1, 0, 0), -1, (0, 0)): (10, 36)
(5, 0, 1, (1, 0, 0), 0, (0, 0)): (19, 42)
(5, 0, 1, (1, 0, 0), 0, (1, 0)): (1, 1)
(5, 0, 1, (1, 0, 0), 0, (1, 1)): (1, 1)
(5, 0, 1, (1, 0, 0), 0, (1, 2)): (1, 1)
(5, 0, 1, (1, 0, 0), 0, (2, 2)): (1, 1)
(5, 0, 1, (1, 0, 0), 1, (0, 0)): (16, 25)
(5, 0, 1, (1, 0, 0), 2, (0, 0)): (25, 28)
(5, 0, 1, (1, 0, 0), 3, (0, 0)): (13, 15)
(5, 0, 1, (1, 0, 0), 4, (0, 0)): (8, 8)
(5, 0, 1, (1, 0, 0), 5, (0, 0)): (11, 11)
(5, 0, 1, (1, 0, 0), 6, (0, 0)): (9, 10)
(5, 0, 1, (1, 0, 0), 7, (0, 0)): (1, 1)
(5, 0, 1, (1, 0, 0), 8, (0, 0)): (2, 2)
(5, 0, 1, (1, 0, 1), -6, (0, 0)): (0, 1)
(5, 0, 1, (1, 0, 1), -5, (0, 0)): (0, 2)
(5, 0, 1, (1, 0, 1), -4, (0, 0)): (0, 3)
(5, 0, 1, (1, 0, 1), -4, (1, 0)): (0, 1)
(5, 0, 1, (1, 0, 1), -4, (2, 0)): (0, 1)
(5, 0, 1, (1, 0, 1), -4, (2, 1)): (0, 1)
(5, 0, 1, (1, 0, 1), -3, (0, 0)): (0, 4)
(5, 0, 1, (1, 0, 1), -2, (0, 0)): (0, 2)
(5, 0, 1, (1, 0, 1), -1, (0, 0)): (3, 5)
(5, 0, 1, (1, 0, 1), 0, (0, 0)): (8, 10)
(5, 0, 1, (1, 0, 1), 1, (0, 0)): (6, 6)
(5, 0, 1, (1, 0, 1), 2, (0, 0)): (1, 1)
(5, 0, 1, (1, 0, 1), 3, (0, 0)): (3, 4)
(5, 0, 1, (1, 0, 1), 4, (0, 0)): (4, 6)
(5, 0, 1, (1, 0, 1), 5, (0, 0)): (3, 3)
(5, 0, 1, (1, 0, 1), 6, (0, 0)): (2, 2)
(5, 0, 1, (1, 0, 1), 8, (0, 0)): (1, 1)
(5, 0, 1, (1, 0, 1), 9, (0, 0)): (1, 1)
(5, 0, 1, (1, 1, 0), -7, (0, 0)): (0, 1)
(5, 0, 1, (1, 1, 0), -6, (0, 0)): (0, 2)
(5, 0, 1, (1, 1, 0), -4, (0, 0)): (1, 2)
(5, 0, 1, (1, 1, 0), -3, (0, 0)): (0, 4)
(5, 0, 1, (1, 1, 0), -2, (0, 0)): (2, 7)
(5, 0, 1, (1, 1, 0), -1, (0, 0)): (2, 5)
(5, 0, 1, (1, 1, 0), 0, (0, 0)): (6, 12)
(5, 0, 1, (1, 1, 0), 1, (0, 0)): (8, 9)
(5, 0, 1, (1, 1, 0), 2, (0, 0)): (10, 12)
(5, 0, 1, (1, 1, 0), 3, (0, 0)): (2, 3)
(5, 0, 1, (1, 1, 0), 4, (0, 0)): (1, 1)
(5, 0, 1, (1, 1, 0), 5, (0, 0)): (5, 5)
(5, 0, 1, (1, 1, 0), 6, (0, 0)): (3, 3)
(5, 0, 1, (1, 1, 0), 8, (0, 0)): (2, 2)
(5, 0, 1, (1, 1, 1), -5, (0, 0)): (0, 1)
(5, 0, 1, (1, 1, 1), -4, (0, 0)): (0, 1)
(5, 0, 1, (1, 1, 1), -3, (0, 0)): (0, 1)
(5, 0, 1, (1, 1, 1), -2, (0, 0)): (1, 2)
(5, 0, 1, (1, 1, 1), -1, (0, 0)): (0, 1)
(5, 0, 1, (1, 1, 1), 0, (0, 0)): (2, 4)
(5, 0, 1, (1, 1, 1), 1, (0, 0)): (3, 4)
(5, 0, 1, (1, 1, 1), 2, (0, 0)): (3, 3)
(5, 0, 1, (1, 1, 1), 3, (0, 0)): (4, 4)
(5, 0, 1, (1, 1, 1), 4, (0, 0)): (3, 3)
(5, 0, 1, (1, 1, 1), 8, (0, 0)): (1, 1)
(5, 0, 2, (0, 0, 0), -12, (0, 0)): (0, 1)
(5, 0, 2, (0, 0, 0), -11, (0, 0)): (0, 1)
(5, 0, 2, (0, 0, 0), -10, (0, 0)): (0, 1)
(5, 0, 2, (0, 0, 0), -8, (0, 0)): (0, 1)
(5, 0, 2, (0, 0, 0), -7, (0, 0)): (0, 4)
(5, 0, 2, (0, 0, 0), -6, (0, 0)): (0, 4)
(5, 0, 2, (0, 0, 0), -5, (0, 0)): (0, 12)
(5, 0, 2, (0, 0, 0), -4, (0, 0)): (2, 16)
(5, 0, 2, (0, 0, 0), -3, (0, 0)): (2, 32)
(5, 0, 2, (0, 0, 0), -2, (0, 0)): (4, 48)
(5, 0, 2, (0, 0, 0), -1, (0, 0)): (13, 67)
(5, 0, 2, (0, 0, 0), 0, (0, 0)): (39, 89)
(5, 0, 2, (0, 0, 0), 1, (0, 0)): (37, 63)
(5, 0, 2, (0, 0, 0), 2, (0, 0)): (43, 56)
(5, 0, 2, (0, 0, 0), 2, (1, 0)): (1, 1)
(5, 0, 2, (0, 0, 0), 2, (2, 0)): (1, 1)
(5, 0, 2, (0, 0, 0), 2, (3, 0)): (1, 1)
(5, 0, 2, (0, 0, 0), 2, (3, 1)): (1, 1)
(5, 0, 2, (0, 0, 0), 3, (0, 0)): (28, 31)
(5, 0, 2, (0, 0, 0), 4, (0, 0)): (19, 19)
(5, 0, 2, (0, 0, 0), 4, (1, 0)): (1, 1)
(5, 0, 2, (0, 0, 0), 4, (1, 1)): (1, 1)
(5, 0, 2, (0, 0, 0), 4, (2, 1)): (1, 1)
(5, 0, 2, (0, 0, 0), 4, (2, 2)): (1, 1)
(5, 0, 2, (0, 0, 0), 5, (0, 0)): (12, 14)
(5, 0, 2, (0, 0, 0), 5, (0, 1)): (1, 1)
(5, 0, 2, (0, 0, 0), 5, (1, 1)): (1, 1)
(5, 0, 2, (0, 0, 0), 6, (0, 0)): (8, 9)
(5, 0, 2, (0, 0, 0), 7, (0, 0)): (3, 3)
(5, 0, 2, (0, 0, 0), 8, (0, 0)): (2, 2)
(5, 0, 2, (0, 0, 0), 9, (0, 0)): (1, 1)
(5, 0, 2, (0, 0, 1), -5, (0, 0)): (1, 2)
(5, 0, 2, (0, 0, 1), -2, (0, 0)): (0, 3)
(5, 0, 2, (0, 0, 1), -1, (0, 0)): (1, 5)
(5, 0, 2, (0, 0, 1), 0, (0, 0)): (8, 14)
(5, 0, 2, (0, 0, 1), 1, (0, 0)): (10, 17)
(5, 0, 2, (0, 0, 1), 2, (0, 0)): (9, 11)
(5, 0, 2, (0, 0, 1), 3, (0, 0)): (9, 10)
(5, 0, 2, (0, 0, 1), 4, (0, 0)): (2, 2)
(5, 0, 2, (0, 0, 1), 5, (0, 0)): (6, 6)
(5, 0, 2, (0, 0, 1), 6, (0, 0)): (1, 1)
(5, 0, 2, (0, 0, 1), 7, (0, 0)): (3, 3)
(5, 0, 2, (0, 0, 1), 8, (0, 0)): (1, 1)
(5, 0, 2, (0, 1, 0), -8, (0, 0)): (0, 1)
(5, 0, 2, (0, 1, 0), -6, (0, 0)): (0, 2)
(5, 0, 2, (0, 1, 0), -4, (0, 0)): (0, 4)
(5, 0, 2, (0, 1, 0), -3, (0, 0)): (1, 7)
(5, 0, 2, (0, 1, 0), -2, (0, 0)): (2, 11)
(5, 0, 2, (0, 1, 0), -1, (0, 0)): (5, 15)
(5, 0, 2, (0, 1, 0), 0, (0, 0)): (15, 23)
(5, 0, 2, (0, 1, 0), 1, (0, 0)): (27, 36)
(5, 0, 2, (0, 1, 0), 2, (0, 0)): (17, 20)
(5, 0, 2, (0, 1, 0), 2, (0, 1)): (1, 1)
(5, 0, 2, (0, 1, 0), 3, (0, 0)): (23, 25)
(5, 0, 2, (0, 1, 0), 4, (0, 0)): (9, 10)
(5, 0, 2, (0, 1, 0), 5, (0, 0)): (13, 13)
(5, 0, 2, (0, 1, 0), 6, (0, 0)): (10, 10)
(5, 0, 2, (0, 1, 0), 7, (0, 0)): (4, 4)
(5, 0, 2, (0, 1, 0), 8, (0, 0)): (1, 1)
(5, 0, 2, (0, 1, 1), -4, (0, 0)): (0, 3)
(5, 0, 2, (0, 1, 1), -2, (0, 0)): (3, 7)
(5, 0, 2, (0, 1, 1), -1, (0, 0)): (3, 5)
(5, 0, 2, (0, 1, 1), 0, (0, 0)): (5, 8)
(5, 0, 2, (0, 1, 1), 1, (0, 0)): (4, 6)
(5, 0, 2, (0, 1, 1), 2, (0, 0)): (5, 7)
(5, 0, 2, (0, 1, 1), 3, (0, 0)): (1, 1)
(5, 0, 2, (0, 1, 1), 4, (0, 0)): (0, 1)
(5, 0, 2, (0, 1, 1), 5, (0, 0)): (1, 1)
(5, 0, 2, (0, 1, 1), 6, (0, 0)): (2, 2)
(5, 0, 2, (0, 1, 1), 9, (0, 0)): (1, 1)
(5, 0, 2, (0, 1, 1), 10, (0, 0)): (1, 1)
(5, 0, 2, (1, 0, 0), -11, (0, 0)): (0, 1)
(5, 0, 2, (1, 0, 0), -10, (0, 0)): (0, 1)
(5, 0, 2, (1, 0, 0), -8, (0, 0)): (0, 2)
(5, 0, 2, (1, 0, 0), -7, (0, 0)): (0, 3)
(5, 0, 2, (1, 0, 0), -6, (0, 0)): (0, 4)
(5, 0, 2, (1, 0, 0), -5, (0, 0)): (0, 5)
(5, 0, 2, (1, 0, 0), -4, (0, 0)): (3, 12)
(5, 0, 2, (1, 0, 0), -3, (0, 0)): (3, 19)
(5, 0, 2, (1, 0, 0), -2, (0, 0)): (3, 20)
(5, 0, 2, (1, 0, 0), -1, (0, 0)): (7, 31)
(5, 0, 2, (1, 0, 0), 0, (0, 0)): (17, 31)
(5, 0, 2, (1, 0, 0), 0, (0, 1)): (1, 1)
(5, 0, 2, (1, 0, 0), 0, (1, 1)): (1, 1)
(5, 0, 2, (1, 0, 0), 0, (2, 1)): (1, 1)
(5, 0, 2, (1, 0, 0), 0, (3, 1)): (1, 1)
(5, 0, 2, (1, 0, 0), 1, (0, 0)): (19, 34)
(5, 0, 2, (1, 0, 0), 2, (0, 0)): (27, 35)
(5, 0, 2, (1, 0, 0), 2, (0, 1)): (1, 1)
(5, 0, 2, (1, 0, 0), 3, (0, 0)): (19, 20)
(5, 0, 2, (1, 0, 0), 4, (0, 0)): (16, 16)
(5, 0, 2, (1, 0, 0), 5, (0, 0)): (9, 10)
(5, 0, 2, (1, 0, 0), 6, (0, 0)): (6, 7)
(5, 0, 2, (1, 0, 0), 7, (0, 0)): (5, 5)
(5, 0, 2, (1, 0, 0), 8, (0, 0)): (4, 4)
(5, 0, 2, (1, 0, 0), 9, (0, 0)): (1, 1)
(5, 0, 2, (1, 0, 0), 10, (0, 0)): (1, 1)
(5, 0, 2, (1, 0, 1), -10, (0, 0)): (0, 1)
(5, 0, 2, (1, 0, 1), -4, (0, 0)): (0, 4)
(5, 0, 2, (1, 0, 1), -3, (0, 0)): (0, 2)
(5, 0, 2, (1, 0, 1), -2, (0, 0)): (2, 7)
(5, 0, 2, (1, 0, 1), -1, (0, 0)): (2, 6)
(5, 0, 2, (1, 0, 1), 0, (0, 0)): (4, 5)
(5, 0, 2, (1, 0, 1), 1, (0, 0)): (1, 3)
(5, 0, 2, (1, 0, 1), 2, (0, 0)): (6, 6)
(5, 0, 2, (1, 0, 1), 3, (0, 0)): (3, 3)
(5, 0, 2, (1, 0, 1), 4, (0, 0)): (4, 5)
(5, 0, 2, (1, 0, 1), 5, (0, 0)): (2, 2)
(5, 0, 2, (1, 1, 0), -8, (0, 0)): (0, 1)
(5, 0, 2, (1, 1, 0), -7, (0, 0)): (0, 3)
(5, 0, 2, (1, 1, 0), -6, (0, 0)): (0, 3)
(5, 0, 2, (1, 1, 0), -4, (0, 0)): (1, 4)
(5, 0, 2, (1, 1, 0), -3, (0, 0)): (3, 7)
(5, 0, 2, (1, 1, 0), -2, (0, 0)): (1, 8)
(5, 0, 2, (1, 1, 0), -1, (0, 0)): (2, 10)
(5, 0, 2, (1, 1, 0), 0, (0, 0)): (5, 11)
(5, 0, 2, (1, 1, 0), 0, (0, 1)): (1, 1)
(5, 0, 2, (1, 1, 0), 0, (1, 1)): (1, 1)
(5, 0, 2, (1, 1, 0), 0, (2, 1)): (1, 1)
(5, 0, 2, (1, 1, 0), 1, (0, 0)): (9, 10)
(5, 0, 2, (1, 1, 0), 2, (0, 0)): (5, 5)
(5, 0, 2, (1, 1, 0), 3, (0, 0)): (3, 3)
(5, 0, 2, (1, 1, 0), 4, (0, 0)): (5, 6)
(5, 0, 2, (1, 1, 0), 5, (0, 0)): (3, 3)
(5, 0, 2, (1, 1, 0), 6, (0, 0)): (3, 4)
(5, 0, 2, (1, 1, 0), 7, (0, 0)): (2, 2)
(5, 0, 2, (1, 1, 1), -2, (0, 0)): (1, 3)
(5, 0, 2, (1, 1, 1), -1, (0, 0)): (1, 2)
(5, 0, 2, (1, 1, 1), 0, (0, 0)): (1, 2)
(5, 0, 2, (1, 1, 1), 1, (0, 0)): (4, 4)
(5, 0, 2, (1, 1, 1), 2, (0, 0)): (5, 5)
(5, 0, 2, (1, 1, 1), 4, (0, 0)): (1, 1)
(5, 0, 2, (1, 1, 1), 5, (0, 0)): (1, 1)
(5, 0, 2, (1, 1, 1), 6, (0, 0)): (2, 2)
(5, 0, 2, (1, 1, 1), 7, (0, 0)): (2, 2)
(5, 0, 2, (1, 1, 1), 8, (0, 0)): (1, 1)
(5, 0, 2, (1, 1, 1), 10, (0, 0)): (1, 1)
(5, 0, 2, (1, 1, 1), 11, (0, 0)): (1, 1)
(5, 1, 0, (0, 0, 0), -11, (0, 0)): (0, 1)
(5, 1, 0, (0, 0, 0), -10, (0, 0)): (0, 1)
(5, 1, 0, (0, 0, 0), -9, (0, 0)): (0, 3)
(5, 1, 0, (0, 0, 0), -8, (0, 0)): (0, 5)
(5, 1, 0, (0, 0, 0), -7, (0, 0)): (0, 9)
(5, 1, 0, (0, 0, 0), -6, (0, 0)): (2, 19)
(5, 1, 0, (0, 0, 0), -5, (0, 0)): (2, 40)
(5, 1, 0, (0, 0, 0), -5, (1, 0)): (0, 1)
(5, 1, 0, (0, 0, 0), -5, (2, 0)): (0, 1)
(5, 1, 0, (0, 0, 0), -5, (3, 0)): (0, 1)
(5, 1, 0, (0, 0, 0), -5, (3, 1)): (0, 1)
(5, 1, 0, (0, 0, 0), -5, (3, 2)): (0, 1)
(5, 1, 0, (0, 0, 0), -4, (0, 0)): (3, 37)
(5, 1, 0, (0, 0, 0), -3, (0, 0)): (8, 58)
(5, 1, 0, (0, 0, 0), -3, (0, 1)): (0, 1)
(5, 1, 0, (0, 0, 0), -3, (1, 1)): (0, 1)
(5, 1, 0, (0, 0, 0), -2, (0, 0)): (22, 89)
(5, 1, 0, (0, 0, 0), -1, (0, 0)): (49, 126)
(5, 1, 0, (0, 0, 0), 0, (0, 0)): (81, 142)
(5, 1, 0, (0, 0, 0), 0, (1, 0)): (0, 1)
(5, 1, 0, (0, 0, 0), 0, (1, 1)): (0, 1)
(5, 1, 0, (0, 0, 0), 1, (0, 0)): (80, 104)
(5, 1, 0, (0, 0, 0), 2, (0, 0)): (72, 81)
(5, 1, 0, (0, 0, 0), 3, (0, 0)): (46, 52)
(5, 1, 0, (0, 0, 0), 4, (0, 0)): (34, 37)
(5, 1, 0, (0, 0, 0), 4, (0, 1)): (1, 1)
(5, 1, 0, (0, 0, 0), 4, (1, 1)): (1, 1)
(5, 1, 0, (0, 0, 0), 4, (2, 1)): (1, 1)
(5, 1, 0, (0, 0, 0), 4, (3, 1)): (1, 1)
(5, 1, 0, (0, 0, 0), 4, (3, 2)): (1, 1)
(5, 1, 0, (0, 0, 0), 5, (0, 0)): (16, 16)
(5, 1, 0, (0, 0, 0), 6, (0, 0)): (11, 11)
(5, 1, 0, (0, 0, 0), 7, (0, 0)): (6, 6)
(5, 1, 0, (0, 0, 0), 8, (0, 0)): (2, 2)
(5, 1, 0, (0, 0, 0), 10, (0, 0)): (2, 2)
(5, 1, 0, (0, 0, 0), 11, (0, 0)): (1, 1)
(5, 1, 0, (0, 0, 0), 12, (0, 0)): (1, 1)
(5, 1, 0, (0, 0, 1), -6, (0, 0)): (0, 1)
(5, 1, 0, (0, 0, 1), -5, (0, 0)): (1, 3)
(5, 1, 0, (0, 0, 1), -5, (1, 0)): (0, 1)
(5, 1, 0, (0, 0, 1), -5, (1, 1)): (0, 1)
(5, 1, 0, (0, 0, 1), -3, (0, 0)): (0, 3)
(5, 1, 0, (0, 0, 1), -2, (0, 0)): (3, 4)
(5, 1, 0, (0, 0, 1), -1, (0, 0)): (1, 3)
(5, 1, 0, (0, 0, 1), 0, (0, 0)): (2, 2)
(5, 1, 0, (0, 0, 1), 1, (0, 0)): (2, 2)
(5, 1, 0, (0, 0, 1), 2, (0, 0)): (3, 3)
(5, 1, 0, (0, 0, 1), 3, (0, 0)): (2, 2)
(5, 1, 0, (0, 1, 0), -9, (0, 0)): (0, 1)
(5, 1, 0, (0, 1, 0), -7, (0, 0)): (0, 2)
(5, 1, 0, (0, 1, 0), -6, (0, 0)): (0, 2)
(5, 1, 0, (0, 1, 0), -5, (0, 0)): (0, 3)
(5, 1, 0, (0, 1, 0), -4, (0, 0)): (0, 1)
(5, 1, 0, (0, 1, 0), -3, (0, 0)): (0, 3)
(5, 1, 0, (0, 1, 0), -2, (0, 0)): (2, 4)
(5, 1, 0, (0, 1, 0), -1, (0, 0)): (5, 7)
(5, 1, 0, (0, 1, 0), 0, (0, 0)): (7, 11)
(5, 1, 0, (0, 1, 0), 1, (0, 0)): (6, 8)
(5, 1, 0, (0, 1, 0), 2, (0, 0)): (7, 7)
(5, 1, 0, (0, 1, 0), 3, (0, 0)): (8, 8)
(5, 1, 0, (0, 1, 0), 4, (0, 0)): (2, 3)
(5, 1, 0, (0, 1, 0), 6, (0, 0)): (2, 2)
(5, 1, 0, (0, 1, 1), -6, (0, 0)): (0, 2)
(5, 1, 0, (0, 1, 1), -4, (0, 0)): (0, 1)
(5, 1, 0, (0, 1, 1), -3, (0, 0)): (1, 2)
(5, 1, 0, (0, 1, 1), -1, (0, 0)): (1, 2)
(5, 1, 0, (0, 1, 1), 0, (0, 0)): (2, 2)
(5, 1, 0, (0, 1, 1), 1, (0, 0)): (3, 3)
(5, 1, 0, (0, 1, 1), 3, (0, 0)): (2, 2)
(5, 1, 0, (0, 1, 1), 6, (0, 0)): (2, 2)
(5, 1, 0, (1, 0, 0), -10, (0, 0)): (0, 1)
(5, 1, 0, (1, 0, 0), -8, (0, 0)): (0, 1)
(5, 1, 0, (1, 0, 0), -7, (0, 0)): (0, 4)
(5, 1, 0, (1, 0, 0), -6, (0, 0)): (1, 10)
(5, 1, 0, (1, 0, 0), -5, (0, 0)): (1, 10)
(5, 1, 0, (1, 0, 0), -5, (1, 0)): (0, 1)
(5, 1, 0, (1, 0, 0), -5, (1, 1)): (0, 1)
(5, 1, 0, (1, 0, 0), -4, (0, 0)): (0, 15)
(5, 1, 0, (1, 0, 0), -4, (0, 1)): (0, 1)
(5, 1, 0, (1, 0, 0), -3, (0, 0)): (1, 12)
(5, 1, 0, (1, 0, 0), -2, (0, 0)): (5, 21)
(5, 1, 0, (1, 0, 0), -1, (0, 0)): (14, 29)
(5, 1, 0, (1, 0, 0), 0, (0, 0)): (21, 33)
(5, 1, 0, (1, 0, 0), 1, (0, 0)): (20, 29)
(5, 1, 0, (1, 0, 0), 2, (0, 0)): (21, 25)
(5, 1, 0, (1, 0, 0), 3, (0, 0)): (6, 7)
(5, 1, 0, (1, 0, 0), 4, (0, 0)): (7, 8)
(5, 1, 0, (1, 0, 0), 5, (0, 0)): (5, 5)
(5, 1, 0, (1, 0, 0), 6, (0, 0)): (6, 6)
(5, 1, 0, (1, 0, 0), 8, (0, 0)): (1, 1)
(5, 1, 0, (1, 0, 0), 10, (0, 0)): (1, 1)
(5, 1, 0, (1, 0, 1), -5, (0, 0)): (2, 2)
(5, 1, 0, (1, 0, 1), -3, (0, 0)): (1, 2)
(5, 1, 0, (1, 0, 1), -2, (0, 0)): (0, 1)
(5, 1, 0, (1, 0, 1), -1, (0, 0)): (2, 4)
(5, 1, 0, (1, 0, 1), 0, (0, 0)): (3, 3)
(5, 1, 0, (1, 0, 1), 1, (0, 0)): (1, 1)
(5, 1, 0, (1, 0, 1), 2, (0, 0)): (3, 3)
(5, 1, 0, (1, 0, 1), 3, (0, 0)): (4, 4)
(5, 1, 0, (1, 0, 1), 5, (0, 0)): (2, 2)
(5, 1, 0, (1, 0, 1), 6, (0, 0)): (2, 2)
(5, 1, 0, (1, 1, 0), -9, (0, 0)): (0, 1)
(5, 1, 0, (1, 1, 0), -7, (0, 0)): (0, 1)
(5, 1, 0, (1, 1, 0), -6, (0, 0)): (0, 3)
(5, 1, 0, (1, 1, 0), -5, (0, 0)): (0, 2)
(5, 1, 0, (1, 1, 0), -4, (0, 0)): (0, 6)
(5, 1, 0, (1, 1, 0), -4, (1, 0)): (0, 1)
(5, 1, 0, (1, 1, 0), -4, (1, 1)): (0, 1)
(5, 1, 0, (1, 1, 0), -4, (1, 2)): (0, 1)
(5, 1, 0, (1, 1, 0), -3, (0, 0)): (0, 6)
(5, 1, 0, (1, 1, 0), -2, (0, 0)): (2, 4)
(5, 1, 0, (1, 1, 0), -1, (0, 0)): (2, 4)
(5, 1, 0, (1, 1, 0), 0, (0, 0)): (4, 6)
(5, 1, 0, (1, 1, 0), 1, (0, 0)): (2, 6)
(5, 1, 0, (1, 1, 0), 2, (0, 0)): (6, 6)
(5, 1, 0, (1, 1, 0), 3, (0, 0)): (2, 2)
(5, 1, 0, (1, 1, 0), 4, (0, 0)): (2, 2)
(5, 1, 0, (1, 1, 0), 5, (0, 0)): (1, 1)
(5, 1, 0, (1, 1, 0), 6, (0, 0)): (3, 3)
(5, 1, 0, (1, 1, 0), 7, (0, 0)): (1, 1)
(5, 1, 0, (1, 1, 0), 10, (0, 0)): (1, 1)
(5, 1, 0, (1, 1, 1), -6, (0, 0)): (0, 1)
(5, 1, 0, (1, 1, 1), -5, (0, 0)): (1, 3)
(5, 1, 0, (1, 1, 1), -4, (0, 0)): (0, 2)
(5, 1, 0, (1, 1, 1), -1, (0, 0)): (0, 1)
(5, 1, 0, (1, 1, 1), 0, (0, 0)): (2, 2)
(5, 1, 0, (1, 1, 1), 1, (0, 0)): (0, 1)
(5, 1, 0, (1, 1, 1), 2, (0, 0)): (2, 2)
(5, 1, 0, (1, 1, 1), 3, (0, 0)): (1, 1)
(5, 1, 0, (1, 1, 1), 4, (0, 0)): (2, 2)
(5, 1, 0, (1, 1, 1), 5, (0, 0)): (1, 1)
(5, 1, 0, (1, 1, 1), 6, (0, 0)): (1, 1)
(5, 1, 1, (0, 0, 0), -11, (0, 0)): (0, 1)
(5, 1, 1, (0, 0, 0), -9, (0, 0)): (0, 2)
(5, 1, 1, (0, 0, 0), -8, (0, 0)): (0, 4)
(5, 1, 1, (0, 0, 0), -7, (0, 0)): (0, 5)
(5, 1, 1, (0, 0, 0), -6, (0, 0)): (1, 8)
(5, 1, 1, (0, 0, 0), -5, (0, 0)): (0, 26)
(5, 1, 1, (0, 0, 0), -4, (0, 0)): (3, 23)
(5, 1, 1, (0, 0, 0), -3, (0, 0)): (7, 41)
(5, 1, 1, (0, 0, 0), -3, (1, 0)): (0, 1)
(5, 1, 1, (0, 0, 0), -3, (2, 0)): (0, 1)
(5, 1, 1, (0, 0, 0), -3, (3, 0)): (0, 1)
(5, 1, 1, (0, 0, 0), -3, (3, 1)): (0, 1)
(5, 1, 1, (0, 0, 0), -2, (0, 0)): (14, 65)
(5, 1, 1, (0, 0, 0), -1, (0, 0)): (34, 93)
(5, 1, 1, (0, 0, 0), 0, (0, 0)): (56, 102)
(5, 1, 1, (0, 0, 0), 0, (0, 1)): (0, 1)
(5, 1, 1, (0, 0, 0), 0, (0, 2)): (0, 1)
(5, 1, 1, (0, 0, 0), 1, (0, 0)): (56, 70)
(5, 1, 1, (0, 0, 0), 1, (0, 1)): (1, 1)
(5, 1, 1, (0, 0, 0), 1, (0, 2)): (1, 1)
(5, 1, 1, (0, 0, 0), 2, (0, 0)): (52, 57)
(5, 1, 1, (0, 0, 0), 3, (0, 0)): (35, 40)
(5, 1, 1, (0, 0, 0), 4, (0, 0)): (25, 27)
(5, 1, 1, (0, 0, 0), 4, (0, 1)): (1, 1)
(5, 1, 1, (0, 0, 0), 4, (1, 1)): (1, 1)
(5, 1, 1, (0, 0, 0), 4, (1, 2)): (1, 1)
(5, 1, 1, (0, 0, 0), 5, (0, 0)): (12, 12)
(5, 1, 1, (0, 0, 0), 6, (0, 0)): (4, 4)
(5, 1, 1, (0, 0, 0), 7, (0, 0)): (6, 6)
(5, 1, 1, (0, 0, 0), 8, (0, 0)): (1, 1)
(5, 1, 1, (0, 0, 0), 10, (0, 0)): (1, 1)
(5, 1, 1, (0, 0, 0), 11, (0, 0)): (1, 1)
(5, 1, 1, (0, 0, 0), 12, (0, 0)): (1, 1)
(5, 1, 1, (0, 0, 1), -7, (0, 0)): (0, 1)
(5, 1, 1, (0, 0, 1), -6, (0, 0)): (0, 2)
(5, 1, 1, (0, 0, 1), -5, (0, 0)): (0, 3)
(5, 1, 1, (0, 0, 1), -3, (0, 0)): (0, 2)
(5, 1, 1, (0, 0, 1), -2, (0, 0)): (1, 3)
(5, 1, 1, (0, 0, 1), -1, (0, 0)): (4, 8)
(5, 1, 1, (0, 0, 1), 0, (0, 0)): (8, 9)
(5, 1, 1, (0, 0, 1), 0, (0, 1)): (1, 1)
(5, 1, 1, (0, 0, 1), 1, (0, 0)): (4, 8)
(5, 1, 1, (0, 0, 1), 2, (0, 0)): (7, 7)
(5, 1, 1, (0, 0, 1), 3, (0, 0)): (3, 3)
(5, 1, 1, (0, 0, 1), 4, (0, 0)): (4, 4)
(5, 1, 1, (0, 0, 1), 7, (0, 0)): (1, 1)
(5, 1, 1, (0, 0, 1), 8, (0, 0)): (1, 1)
(5, 1, 1, (0, 1, 0), -7, (0, 0)): (0, 1)
(5, 1, 1, (0, 1, 0), -6, (0, 0)): (1, 2)
(5, 1, 1, (0, 1, 0), -5, (0, 0)): (0, 5)
(5, 1, 1, (0, 1, 0), -4, (0, 0)): (0, 2)
(5, 1, 1, (0, 1, 0), -4, (0, 1)): (0, 1)
(5, 1, 1, (0, 1, 0), -4, (0, 2)): (0, 1)
(5, 1, 1, (0, 1, 0), -4, (1, 2)): (0, 1)
(5, 1, 1, (0, 1, 0), -3, (0, 0)): (0, 4)
(5, 1, 1, (0, 1, 0), -2, (0, 0)): (4, 9)
(5, 1, 1, (0, 1, 0), -1, (0, 0)): (8, 20)
(5, 1, 1, (0, 1, 0), 0, (0, 0)): (9, 17)
(5, 1, 1, (0, 1, 0), 1, (0, 0)): (13, 18)
(5, 1, 1, (0, 1, 0), 2, (0, 0)): (11, 14)
(5, 1, 1, (0, 1, 0), 3, (0, 0)): (5, 5)
(5, 1, 1, (0, 1, 0), 4, (0, 0)): (7, 8)
(5, 1, 1, (0, 1, 0), 5, (0, 0)): (7, 7)
(5, 1, 1, (0, 1, 0), 6, (0, 0)): (1, 1)
(5, 1, 1, (0, 1, 0), 7, (0, 0)): (3, 3)
(5, 1, 1, (0, 1, 1), -9, (0, 0)): (0, 1)
(5, 1, 1, (0, 1, 1), -6, (0, 0)): (0, 2)
(5, 1, 1, (0, 1, 1), -5, (0, 0)): (0, 1)
(5, 1, 1, (0, 1, 1), -4, (0, 0)): (0, 4)
(5, 1, 1, (0, 1, 1), -4, (1, 0)): (0, 1)
(5, 1, 1, (0, 1, 1), -3, (0, 0)): (0, 2)
(5, 1, 1, (0, 1, 1), -2, (0, 0)): (2, 4)
(5, 1, 1, (0, 1, 1), -1, (0, 0)): (2, 2)
(5, 1, 1, (0, 1, 1), 0, (0, 0)): (4, 6)
(5, 1, 1, (0, 1, 1), 1, (0, 0)): (3, 4)
(5, 1, 1, (0, 1, 1), 2, (0, 0)): (5, 8)
(5, 1, 1, (0, 1, 1), 3, (0, 0)): (3, 3)
(5, 1, 1, (0, 1, 1), 4, (0, 0)): (2, 2)
(5, 1, 1, (0, 1, 1), 5, (0, 0)): (1, 1)
(5, 1, 1, (0, 1, 1), 6, (0, 0)): (3, 3)
(5, 1, 1, (0, 1, 1), 7, (0, 0)): (1, 1)
(5, 1, 1, (1, 0, 0), -10, (0, 0)): (0, 1)
(5, 1, 1, (1, 0, 0), -8, (0, 0)): (0, 4)
(5, 1, 1, (1, 0, 0), -7, (0, 0)): (0, 1)
(5, 1, 1, (1, 0, 0), -6, (0, 0)): (1, 6)
(5, 1, 1, (1, 0, 0), -5, (0, 0)): (0, 10)
(5, 1, 1, (1, 0, 0), -4, (0, 0)): (0, 12)
(5, 1, 1, (1, 0, 0), -4, (0, 1)): (0, 1)
(5, 1, 1, (1, 0, 0), -4, (0, 2)): (0, 1)
(5, 1, 1, (1, 0, 0), -4, (1, 2)): (0, 1)
(5, 1, 1, (1, 0, 0), -3, (0, 0)): (2, 16)
(5, 1, 1, (1, 0, 0), -3, (1, 0)): (0, 1)
(5, 1, 1, (1, 0, 0), -3, (1, 1)): (0, 1)
(5, 1, 1, (1, 0, 0), -3, (2, 1)): (0, 1)
(5, 1, 1, (1, 0, 0), -2, (0, 0)): (6, 29)
(5, 1, 1, (1, 0, 0), -1, (0, 0)): (17, 34)
(5, 1, 1, (1, 0, 0), 0, (0, 0)): (18, 42)
(5, 1, 1, (1, 0, 0), 1, (0, 0)): (21, 28)
(5, 1, 1, (1, 0, 0), 2, (0, 0)): (20, 25)
(5, 1, 1, (1, 0, 0), 3, (0, 0)): (15, 18)
(5, 1, 1, (1, 0, 0), 4, (0, 0)): (11, 11)
(5, 1, 1, (1, 0, 0), 5, (0, 0)): (12, 13)
(5, 1, 1, (1, 0, 0), 6, (0, 0)): (5, 5)
(5, 1, 1, (1, 0, 0), 7, (0, 0)): (3, 3)
(5, 1, 1, (1, 0, 0), 8, (0, 0)): (1, 1)
(5, 1, 1, (1, 0, 0), 9, (0, 0)): (1, 1)
(5, 1, 1, (1, 0, 0), 10, (0, 0)): (2, 2)
(5, 1, 1, (1, 0, 1), -7, (0, 0)): (0, 1)
(5, 1, 1, (1, 0, 1), -6, (0, 0)): (0, 2)
(5, 1, 1, (1, 0, 1), -5, (0, 0)): (1, 4)
(5, 1, 1, (1, 0, 1), -4, (0, 0)): (0, 1)
(5, 1, 1, (1, 0, 1), -3, (0, 0)): (0, 4)
(5, 1, 1, (1, 0, 1), -2, (0, 0)): (1, 3)
(5, 1, 1, (1, 0, 1), -2, (1, 0)): (0, 1)
(5, 1, 1, (1, 0, 1), -2, (1, 1)): (0, 1)
(5, 1, 1, (1, 0, 1), -2, (1, 2)): (0, 1)
(5, 1, 1, (1, 0, 1), -2, (2, 2)): (0, 1)
(5, 1, 1, (1, 0, 1), -1, (0, 0)): (2, 3)
(5, 1, 1, (1, 0, 1), 0, (0, 0)): (2, 4)
(5, 1, 1, (1, 0, 1), 1, (0, 0)): (5, 5)
(5, 1, 1, (1, 0, 1), 2, (0, 0)): (3, 5)
(5, 1, 1, (1, 0, 1), 3, (0, 0)): (4, 4)
(5, 1, 1, (1, 0, 1), 4, (0, 0)): (1, 1)
(5, 1, 1, (1, 0, 1), 5, (0, 0)): (2, 2)
(5, 1, 1, (1, 0, 1), 6, (0, 0)): (4, 4)
(5, 1, 1, (1, 1, 0), -10, (0, 0)): (0, 1)
(5, 1, 1, (1, 1, 0), -8, (0, 0)): (0, 1)
(5, 1, 1, (1, 1, 0), -6, (0, 0)): (0, 1)
(5, 1, 1, (1, 1, 0), -5, (0, 0)): (0, 4)
(5, 1, 1, (1, 1, 0), -4, (0, 0)): (0, 1)
(5, 1, 1, (1, 1, 0), -3, (0, 0)): (0, 6)
(5, 1, 1, (1, 1, 0), -3, (1, 0)): (0, 1)
(5, 1, 1, (1, 1, 0), -2, (0, 0)): (2, 6)
(5, 1, 1, (1, 1, 0), -2, (1, 0)): (0, 1)
(5, 1, 1, (1, 1, 0), -2, (1, 1)): (0, 1)
(5, 1, 1, (1, 1, 0), -2, (2, 1)): (0, 1)
(5, 1, 1, (1, 1, 0), -1, (0, 0)): (3, 7)
(5, 1, 1, (1, 1, 0), 0, (0, 0)): (5, 8)
(5, 1, 1, (1, 1, 0), 1, (0, 0)): (6, 7)
(5, 1, 1, (1, 1, 0), 2, (0, 0)): (10, 12)
(5, 1, 1, (1, 1, 0), 3, (0, 0)): (2, 2)
(5, 1, 1, (1, 1, 0), 4, (0, 0)): (1, 1)
(5, 1, 1, (1, 1, 0), 5, (0, 0)): (2, 2)
(5, 1, 1, (1, 1, 0), 6, (0, 0)): (1, 1)
(5, 1, 1, (1, 1, 0), 7, (0, 0)): (2, 2)
(5, 1, 1, (1, 1, 0), 8, (0, 0)): (1, 1)
(5, 1, 1, (1, 1, 0), 9, (0, 0)): (1, 1)
(5, 1, 1, (1, 1, 0), 10, (0, 0)): (1, 1)
(5, 1, 1, (1, 1, 1), -5, (0, 0)): (0, 2)
(5, 1, 1, (1, 1, 1), -4, (0, 0)): (0, 2)
(5, 1, 1, (1, 1, 1), -3, (0, 0)): (0, 4)
(5, 1, 1, (1, 1, 1), -1, (0, 0)): (0, 1)
(5, 1, 1, (1, 1, 1), 0, (0, 0)): (3, 4)
(5, 1, 1, (1, 1, 1), 1, (0, 0)): (1, 1)
(5, 1, 1, (1, 1, 1), 2, (0, 0)): (5, 5)
(5, 1, 1, (1, 1, 1), 3, (0, 0)): (1, 1)
(5, 1, 1, (1, 1, 1), 4, (0, 0)): (1, 1)
(5, 1, 1, (1, 1, 1), 5, (0, 0)): (1, 1)
(5, 1, 1, (1, 1, 1), 7, (0, 0)): (1, 1)
(5, 1, 2, (0, 0, 0), -11, (0, 0)): (0, 1)
(5, 1, 2, (0, 0, 0), -9, (0, 0)): (0, 2)
(5, 1, 2, (0, 0, 0), -8, (0, 0)): (0, 1)
(5, 1, 2, (0, 0, 0), -7, (0, 0)): (0, 5)
(5, 1, 2, (0, 0, 0), -6, (0, 0)): (0, 7)
(5, 1, 2, (0, 0, 0), -5, (0, 0)): (0, 20)
(5, 1, 2, (0, 0, 0), -4, (0, 0)): (3, 20)
(5, 1, 2, (0, 0, 0), -3, (0, 0)): (5, 28)
(5, 1, 2, (0, 0, 0), -2, (0, 0)): (10, 52)
(5, 1, 2, (0, 0, 0), -1, (0, 0)): (18, 69)
(5, 1, 2, (0, 0, 0), 0, (0, 0)): (49, 83)
(5, 1, 2, (0, 0, 0), 1, (0, 0)): (51, 61)
(5, 1, 2, (0, 0, 0), 2, (0, 0)): (42, 47)
(5, 1, 2, (0, 0, 0), 3, (0, 0)): (30, 33)
(5, 1, 2, (0, 0, 0), 4, (0, 0)): (25, 27)
(5, 1, 2, (0, 0, 0), 4, (1, 0)): (1, 1)
(5, 1, 2, (0, 0, 0), 4, (2, 0)): (1, 1)
(5, 1, 2, (0, 0, 0), 4, (3, 0)): (1, 1)
(5, 1, 2, (0, 0, 0), 5, (0, 0)): (8, 8)
(5, 1, 2, (0, 0, 0), 6, (0, 0)): (5, 5)
(5, 1, 2, (0, 0, 0), 7, (0, 0)): (3, 3)
(5, 1, 2, (0, 0, 0), 8, (0, 0)): (1, 1)
(5, 1, 2, (0, 0, 0), 11, (0, 0)): (1, 1)
(5, 1, 2, (0, 0, 0), 12, (0, 0)): (1, 1)
(5, 1, 2, (0, 0, 1), -7, (0, 0)): (0, 1)
(5, 1, 2, (0, 0, 1), -6, (0, 0)): (0, 2)
(5, 1, 2, (0, 0, 1), -5, (0, 0)): (0, 2)
(5, 1, 2, (0, 0, 1), -4, (0, 0)): (0, 2)
(5, 1, 2, (0, 0, 1), -4, (1, 0)): (0, 1)
(5, 1, 2, (0, 0, 1), -3, (0, 0)): (0, 2)
(5, 1, 2, (0, 0, 1), -2, (0, 0)): (1, 5)
(5, 1, 2, (0, 0, 1), -1, (0, 0)): (6, 13)
(5, 1, 2, (0, 0, 1), 0, (0, 0)): (5, 8)
(5, 1, 2, (0, 0, 1), 1, (0, 0)): (6, 12)
(5, 1, 2, (0, 0, 1), 2, (0, 0)): (8, 12)
(5, 1, 2, (0, 0, 1), 3, (0, 0)): (9, 11)
(5, 1, 2, (0, 0, 1), 4, (0, 0)): (1, 1)
(5, 1, 2, (0, 0, 1), 5, (0, 0)): (2, 3)
(5, 1, 2, (0, 0, 1), 6, (0, 0)): (4, 4)
(5, 1, 2, (0, 0, 1), 7, (0, 0)): (6, 6)
(5, 1, 2, (0, 0, 1), 8, (0, 0)): (1, 1)
(5, 1, 2, (0, 0, 1), 9, (0, 0)): (1, 1)
(5, 1, 2, (0, 1, 0), -8, (0, 0)): (0, 1)
(5, 1, 2, (0, 1, 0), -6, (0, 0)): (1, 4)
(5, 1, 2, (0, 1, 0), -5, (0, 0)): (0, 5)
(5, 1, 2, (0, 1, 0), -4, (0, 0)): (1, 5)
(5, 1, 2, (0, 1, 0), -3, (0, 0)): (1, 5)
(5, 1, 2, (0, 1, 0), -2, (0, 0)): (4, 16)
(5, 1, 2, (0, 1, 0), -1, (0, 0)): (9, 22)
(5, 1, 2, (0, 1, 0), 0, (0, 0)): (13, 25)
(5, 1, 2, (0, 1, 0), 1, (0, 0)): (19, 25)
(5, 1, 2, (0, 1, 0), 2, (0, 0)): (21, 22)
(5, 1, 2, (0, 1, 0), 3, (0, 0)): (13, 16)
(5, 1, 2, (0, 1, 0), 4, (0, 0)): (8, 8)
(5, 1, 2, (0, 1, 0), 5, (0, 0)): (15, 15)
(5, 1, 2, (0, 1, 0), 6, (0, 0)): (4, 4)
(5, 1, 2, (0, 1, 0), 7, (0, 0)): (1, 1)
(5, 1, 2, (0, 1, 0), 8, (0, 0)): (1, 1)
(5, 1, 2, (0, 1, 0), 9, (0, 0)): (1, 1)
(5, 1, 2, (0, 1, 1), -10, (0, 0)): (0, 1)
(5, 1, 2, (0, 1, 1), -9, (0, 0)): (0, 1)
(5, 1, 2, (0, 1, 1), -5, (0, 0)): (0, 3)
(5, 1, 2, (0, 1, 1), -4, (0, 0)): (0, 2)
(5, 1, 2, (0, 1, 1), -2, (0, 0)): (2, 5)
(5, 1, 2, (0, 1, 1), -1, (0, 0)): (3, 5)
(5, 1, 2, (0, 1, 1), 0, (0, 0)): (5, 7)
(5, 1, 2, (0, 1, 1), 1, (0, 0)): (7, 8)
(5, 1, 2, (0, 1, 1), 2, (0, 0)): (0, 2)
(5, 1, 2, (0, 1, 1), 3, (0, 0)): (4, 4)
(5, 1, 2, (0, 1, 1), 4, (0, 0)): (5, 5)
(5, 1, 2, (0, 1, 1), 4, (0, 1)): (1, 1)
(5, 1, 2, (0, 1, 1), 4, (1, 1)): (1, 1)
(5, 1, 2, (0, 1, 1), 5, (0, 0)): (3, 3)
(5, 1, 2, (0, 1, 1), 6, (0, 0)): (4, 4)
(5, 1, 2, (1, 0, 0), -11, (0, 0)): (0, 1)
(5, 1, 2, (1, 0, 0), -8, (0, 0)): (0, 3)
(5, 1, 2, (1, 0, 0), -7, (0, 0)): (0, 1)
(5, 1, 2, (1, 0, 0), -6, (0, 0)): (1, 4)
(5, 1, 2, (1, 0, 0), -5, (0, 0)): (0, 8)
(5, 1, 2, (1, 0, 0), -4, (0, 0)): (3, 13)
(5, 1, 2, (1, 0, 0), -3, (0, 0)): (2, 13)
(5, 1, 2, (1, 0, 0), -2, (0, 0)): (4, 28)
(5, 1, 2, (1, 0, 0), -1, (0, 0)): (16, 38)
(5, 1, 2, (1, 0, 0), 0, (0, 0)): (19, 44)
(5, 1, 2, (1, 0, 0), 1, (0, 0)): (13, 20)
(5, 1, 2, (1, 0, 0), 2, (0, 0)): (22, 25)
(5, 1, 2, (1, 0, 0), 3, (0, 0)): (22, 23)
(5, 1, 2, (1, 0, 0), 4, (0, 0)): (13, 15)
(5, 1, 2, (1, 0, 0), 4, (0, 1)): (1, 1)
(5, 1, 2, (1, 0, 0), 5, (0, 0)): (5, 5)
(5, 1, 2, (1, 0, 0), 6, (0, 0)): (6, 6)
(5, 1, 2, (1, 0, 0), 7, (0, 0)): (2, 2)
(5, 1, 2, (1, 0, 0), 8, (0, 0)): (4, 4)
(5, 1, 2, (1, 0, 0), 9, (0, 0)): (2, 2)
(5, 1, 2, (1, 0, 0), 10, (0, 0)): (2, 2)
(5, 1, 2, (1, 0, 1), -6, (0, 0)): (0, 1)
(5, 1, 2, (1, 0, 1), -5, (0, 0)): (0, 3)
(5, 1, 2, (1, 0, 1), -4, (0, 0)): (0, 2)
(5, 1, 2, (1, 0, 1), -3, (0, 0)): (0, 2)
(5, 1, 2, (1, 0, 1), -2, (0, 0)): (2, 3)
(5, 1, 2, (1, 0, 1), -1, (0, 0)): (5, 9)
(5, 1, 2, (1, 0, 1), 0, (0, 0)): (1, 5)
(5, 1, 2, (1, 0, 1), 1, (0, 0)): (3, 6)
(5, 1, 2, (1, 0, 1), 2, (0, 0)): (3, 5)
(5, 1, 2, (1, 0, 1), 3, (0, 0)): (4, 4)
(5, 1, 2, (1, 0, 1), 4, (0, 0)): (2, 2)
(5, 1, 2, (1, 0, 1), 5, (0, 0)): (5, 6)
(5, 1, 2, (1, 0, 1), 6, (0, 0)): (3, 3)
(5, 1, 2, (1, 0, 1), 7, (0, 0)): (2, 2)
(5, 1, 2, (1, 0, 1), 9, (0, 0)): (1, 1)
(5, 1, 2, (1, 0, 1), 10, (0, 0)): (1, 1)
(5, 1, 2, (1, 1, 0), -8, (0, 0)): (0, 1)
(5, 1, 2, (1, 1, 0), -6, (0, 0)): (1, 3)
(5, 1, 2, (1, 1, 0), -5, (0, 0)): (0, 4)
(5, 1, 2, (1, 1, 0), -4, (0, 0)): (0, 4)
(5, 1, 2, (1, 1, 0), -3, (0, 0)): (1, 6)
(5, 1, 2, (1, 1, 0), -2, (0, 0)): (0, 6)
(5, 1, 2, (1, 1, 0), -1, (0, 0)): (4, 8)
(5, 1, 2, (1, 1, 0), 0, (0, 0)): (7, 16)
(5, 1, 2, (1, 1, 0), 1, (0, 0)): (4, 6)
(5, 1, 2, (1, 1, 0), 2, (0, 0)): (5, 7)
(5, 1, 2, (1, 1, 0), 3, (0, 0)): (6, 6)
(5, 1, 2, (1, 1, 0), 4, (0, 0)): (3, 3)
(5, 1, 2, (1, 1, 0), 5, (0, 0)): (4, 4)
(5, 1, 2, (1, 1, 0), 6, (0, 0)): (1, 1)
(5, 1, 2, (1, 1, 0), 7, (0, 0)): (1, 1)
(5, 1, 2, (1, 1, 0), 8, (0, 0)): (2, 2)
(5, 1, 2, (1, 1, 0), 10, (0, 0)): (1, 1)
(5, 1, 2, (1, 1, 1), -5, (0, 0)): (0, 3)
(5, 1, 2, (1, 1, 1), -4, (0, 0)): (0, 2)
(5, 1, 2, (1, 1, 1), -3, (0, 0)): (0, 6)
(5, 1, 2, (1, 1, 1), -2, (0, 0)): (0, 2)
(5, 1, 2, (1, 1, 1), -1, (0, 0)): (1, 2)
(5, 1, 2, (1, 1, 1), 0, (0, 0)): (1, 1)
(5, 1, 2, (1, 1, 1), 1, (0, 0)): (3, 5)
(5, 1, 2, (1, 1, 1), 2, (0, 0)): (2, 2)
(5, 1, 2, (1, 1, 1), 3, (0, 0)): (1, 1)
(5, 1, 2, (1, 1, 1), 5, (0, 0)): (1, 1)
(5, 1, 2, (1, 1, 1), 7, (0, 0)): (1, 1)
(5, 1, 2, (1, 1, 1), 8, (0, 0)): (1, 1)
(6, 0, 0, (0, 0, 0), -12, (0, 0)): (0, 1)
(6, 0, 0, (0, 0, 0), -11, (0, 0)): (0, 1)
(6, 0, 0, (0, 0, 0), -10, (0, 0)): (0, 3)
(6, 0, 0, (0, 0, 0), -9, (0, 0)): (0, 5)
(6, 0, 0, (0, 0, 0), -8, (0, 0)): (0, 4)
(6, 0, 0, (0, 0, 0), -7, (0, 0)): (0, 11)
(6, 0, 0, (0, 0, 0), -6, (0, 0)): (0, 15)
(6, 0, 0, (0, 0, 0), -6, (0, 1)): (0, 1)
(6, 0, 0, (0, 0, 0), -5, (0, 0)): (1, 25)
(6, 0, 0, (0, 0, 0), -4, (0, 0)): (3, 42)
(6, 0, 0, (0, 0, 0), -3, (0, 0)): (7, 59)
(6, 0, 0, (0, 0, 0), -2, (0, 0)): (13, 79)
(6, 0, 0, (0, 0, 0), -1, (0, 0)): (27, 102)
(6, 0, 0, (0, 0, 0), 0, (0, 0)): (62, 131)
(6, 0, 0, (0, 0, 0), 0, (0, 1)): (1, 1)
(6, 0, 0, (0, 0, 0), 1, (0, 0)): (77, 115)
(6, 0, 0, (0, 0, 0), 1, (1, 0)): (1, 1)
(6, 0, 0, (0, 0, 0), 1, (1, 1)): (1, 1)
(6, 0, 0, (0, 0, 0), 2, (0, 0)): (74, 88)
(6, 0, 0, (0, 0, 0), 3, (0, 0)): (45, 51)
(6, 0, 0, (0, 0, 0), 4, (0, 0)): (30, 35)
(6, 0, 0, (0, 0, 0), 4, (0, 1)): (1, 1)
(6, 0, 0, (0, 0, 0), 4, (1, 1)): (1, 1)
(6, 0, 0, (0, 0, 0), 4, (1, 2)): (1, 1)
(6, 0, 0, (0, 0, 0), 4, (2, 2)): (1, 1)
(6, 0, 0, (0, 0, 0), 5, (0, 0)): (37, 37)
(6, 0, 0, (0, 0, 0), 6, (0, 0)): (14, 16)
(6, 0, 0, (0, 0, 0), 7, (0, 0)): (5, 5)
(6, 0, 0, (0, 0, 0), 8, (0, 0)): (4, 4)
(6, 0, 0, (0, 0, 0), 9, (0, 0)): (3, 3)
(6, 0, 0, (0, 0, 0), 10, (0, 0)): (2, 2)
(6, 0, 0, (0, 0, 0), 11, (0, 0)): (1, 1)
(6, 0, 0, (0, 0, 1), -6, (0, 0)): (0, 2)
(6, 0, 0, (0, 0, 1), -5, (0, 0)): (1, 1)
(6, 0, 0, (0, 0, 1), -4, (0, 0)): (0, 1)
(6, 0, 0, (0, 0, 1), -3, (0, 0)): (0, 1)
(6, 0, 0, (0, 0, 1), -2, (0, 0)): (0, 1)
(6, 0, 0, (0, 0, 1), -1, (0, 0)): (2, 2)
(6, 0, 0, (0, 0, 1), 1, (0, 0)): (1, 3)
(6, 0, 0, (0, 0, 1), 4, (0, 0)): (1, 1)
(6, 0, 0, (0, 0, 1), 5, (0, 0)): (1, 1)
(6, 0, 0, (0, 0, 1), 6, (0, 0)): (1, 1)
(6, 0, 0, (0, 1, 0), -9, (0, 0)): (0, 1)
(6, 0, 0, (0, 1, 0), -7, (0, 0)): (0, 2)
(6, 0, 0, (0, 1, 0), -6, (0, 0)): (0, 1)
(6, 0, 0, (0, 1, 0), -5, (0, 0)): (0, 2)
(6, 0, 0, (0, 1, 0), -4, (0, 0)): (0, 3)
(6, 0, 0, (0, 1, 0), -3, (0, 0)): (1, 5)
(6, 0, 0, (0, 1, 0), -2, (0, 0)): (1, 8)
(6, 0, 0, (0, 1, 0), -1, (0, 0)): (3, 6)
(6, 0, 0, (0, 1, 0), 0, (0, 0)): (3, 6)
(6, 0, 0, (0, 1, 0), 1, (0, 0)): (11, 15)
(6, 0, 0, (0, 1, 0), 2, (0, 0)): (3, 6)
(6, 0, 0, (0, 1, 0), 3, (0, 0)): (1, 1)
(6, 0, 0, (0, 1, 0), 4, (0, 0)): (4, 4)
(6, 0, 0, (0, 1, 0), 5, (0, 0)): (6, 6)
(6, 0, 0, (0, 1, 0), 6, (0, 0)): (1, 1)
(6, 0, 0, (0, 1, 0), 10, (0, 0)): (1, 1)
(6, 0, 0, (0, 1, 1), -3, (0, 0)): (0, 1)
(6, 0, 0, (0, 1, 1), -1, (0, 0)): (0, 1)
(6, 0, 0, (0, 1, 1), 0, (0, 0)): (3, 4)
(6, 0, 0, (0, 1, 1), 1, (0, 0)): (2, 3)
(6, 0, 0, (0, 1, 1), 2, (0, 0)): (1, 1)
(6, 0, 0, (0, 1, 1), 3, (0, 0)): (1, 1)
(6, 0, 0, (0, 1, 1), 4, (0, 0)): (1, 1)
(6, 0, 0, (0, 1, 1), 6, (0, 0)): (2, 2)
(6, 0, 0, (1, 0, 0), -8, (0, 0)): (0, 1)
(6, 0, 0, (1, 0, 0), -7, (0, 0)): (0, 2)
(6, 0, 0, (1, 0, 0), -6, (0, 0)): (0, 3)
(6, 0, 0, (1, 0, 0), -5, (0, 0)): (0, 8)
(6, 0, 0, (1, 0, 0), -4, (0, 0)): (1, 7)
(6, 0, 0, (1, 0, 0), -3, (0, 0)): (3, 15)
(6, 0, 0, (1, 0, 0), -2, (0, 0)): (3, 23)
(6, 0, 0, (1, 0, 0), -1, (0, 0)): (9, 25)
(6, 0, 0, (1, 0, 0), 0, (0, 0)): (24, 37)
(6, 0, 0, (1, 0, 0), 1, (0, 0)): (18, 30)
(6, 0, 0, (1, 0, 0), 2, (0, 0)): (21, 26)
(6, 0, 0, (1, 0, 0), 3, (0, 0)): (17, 17)
(6, 0, 0, (1, 0, 0), 4, (0, 0)): (12, 13)
(6, 0, 0, (1, 0, 0), 5, (0, 0)): (11, 11)
(6, 0, 0, (1, 0, 0), 6, (0, 0)): (5, 5)
(6, 0, 0, (1, 0, 0), 8, (0, 0)): (1, 1)
(6, 0, 0, (1, 0, 0), 10, (0, 0)): (1, 1)
(6, 0, 0, (1, 0, 0), 11, (0, 0)): (1, 1)
(6, 0, 0, (1, 0, 1), -7, (0, 0)): (0, 1)
(6, 0, 0, (1, 0, 1), -6, (0, 0)): (0, 2)
(6, 0, 0, (1, 0, 1), -5, (0, 0)): (0, 1)
(6, 0, 0, (1, 0, 1), -2, (0, 0)): (0, 3)
(6, 0, 0, (1, 0, 1), -1, (0, 0)): (0, 1)
(6, 0, 0, (1, 0, 1), 0, (0, 0)): (1, 3)
(6, 0, 0, (1, 0, 1), 1, (0, 0)): (3, 3)
(6, 0, 0, (1, 0, 1), 2, (0, 0)): (1, 1)
(6, 0, 0, (1, 0, 1), 5, (0, 0)): (4, 4)
(6, 0, 0, (1, 0, 1), 6, (0, 0)): (3, 3)
(6, 0, 0, (1, 1, 0), -6, (0, 0)): (0, 1)
(6, 0, 0, (1, 1, 0), -5, (0, 0)): (0, 2)
(6, 0, 0, (1, 1, 0), -4, (0, 0)): (1, 3)
(6, 0, 0, (1, 1, 0), -3, (0, 0)): (3, 7)
(6, 0, 0, (1, 1, 0), -2, (0, 0)): (1, 5)
(6, 0, 0, (1, 1, 0), -1, (0, 0)): (5, 9)
(6, 0, 0, (1, 1, 0), 0, (0, 0)): (2, 5)
(6, 0, 0, (1, 1, 0), 1, (0, 0)): (6, 8)
(6, 0, 0, (1, 1, 0), 2, (0, 0)): (4, 4)
(6, 0, 0, (1, 1, 0), 3, (0, 0)): (4, 4)
(6, 0, 0, (1, 1, 0), 4, (0, 0)): (1, 1)
(6, 0, 0, (1, 1, 0), 5, (0, 0)): (6, 6)
(6, 0, 0, (1, 1, 0), 6, (0, 0)): (1, 1)
(6, 0, 0, (1, 1, 1), -6, (0, 0)): (0, 1)
(6, 0, 0, (1, 1, 1), -3, (0, 0)): (1, 1)
(6, 0, 0, (1, 1, 1), -2, (0, 0)): (2, 2)
(6, 0, 0, (1, 1, 1), -2, (0, 1)): (1, 1)
(6, 0, 0, (1, 1, 1), -2, (0, 2)): (1, 1)
(6, 0, 0, (1, 1, 1), -1, (0, 0)): (2, 4)
(6, 0, 0, (1, 1, 1), 0, (0, 0)): (3, 5)
(6, 0, 0, (1, 1, 1), 1, (0, 0)): (4, 5)
(6, 0, 0, (1, 1, 1), 2, (0, 0)): (3, 3)
(6, 0, 0, (1, 1, 1), 3, (0, 0)): (2, 2)
(6, 0, 0, (1, 1, 1), 4, (0, 0)): (1, 1)
(6, 0, 0, (1, 1, 1), 5, (0, 0)): (2, 2)
(6, 0, 0, (1, 1, 1), 6, (0, 0)): (2, 2)
(6, 0, 0, (1, 1, 1), 7, (0, 0)): (1, 1)
(6, 0, 1, (0, 0, 0), -12, (0, 0)): (0, 1)
(6, 0, 1, (0, 0, 0), -11, (0, 0)): (0, 1)
(6, 0, 1, (0, 0, 0), -10, (0, 0)): (0, 3)
(6, 0, 1, (0, 0, 0), -9, (0, 0)): (0, 4)
(6, 0, 1, (0, 0, 0), -8, (0, 0)): (0, 3)
(6, 0, 1, (0, 0, 0), -7, (0, 0)): (0, 7)
(6, 0, 1, (0, 0, 0), -6, (0, 0)): (0, 12)
(6, 0, 1, (0, 0, 0), -6, (1, 0)): (0, 1)
(6, 0, 1, (0, 0, 0), -6, (1, 1)): (0, 1)
(6, 0, 1, (0, 0, 0), -6, (1, 2)): (0, 1)
(6, 0, 1, (0, 0, 0), -6, (2, 2)): (0, 1)
(6, 0, 1, (0, 0, 0), -5, (0, 0)): (0, 15)
(6, 0, 1, (0, 0, 0), -4, (0, 0)): (2, 32)
(6, 0, 1, (0, 0, 0), -3, (0, 0)): (4, 42)
(6, 0, 1, (0, 0, 0), -3, (0, 1)): (0, 1)
(6, 0, 1, (0, 0, 0), -3, (0, 2)): (0, 1)
(6, 0, 1, (0, 0, 0), -2, (0, 0)): (10, 52)
(6, 0, 1, (0, 0, 0), -1, (0, 0)): (14, 73)
(6, 0, 1, (0, 0, 0), 0, (0, 0)): (40, 94)
(6, 0, 1, (0, 0, 0), 0, (0, 1)): (1, 1)
(6, 0, 1, (0, 0, 0), 0, (1, 1)): (1, 1)
(6, 0, 1, (0, 0, 0), 0, (2, 1)): (1, 1)
(6, 0, 1, (0, 0, 0), 1, (0, 0)): (52, 76)
(6, 0, 1, (0, 0, 0), 1, (0, 1)): (1, 1)
(6, 0, 1, (0, 0, 0), 1, (0, 2)): (1, 1)
(6, 0, 1, (0, 0, 0), 1, (1, 2)): (1, 1)
(6, 0, 1, (0, 0, 0), 1, (2, 2)): (1, 1)
(6, 0, 1, (0, 0, 0), 1, (3, 2)): (1, 1)
(6, 0, 1, (0, 0, 0), 2, (0, 0)): (50, 61)
(6, 0, 1, (0, 0, 0), 3, (0, 0)): (29, 34)
(6, 0, 1, (0, 0, 0), 4, (0, 0)): (15, 19)
(6, 0, 1, (0, 0, 0), 5, (0, 0)): (25, 25)
(6, 0, 1, (0, 0, 0), 6, (0, 0)): (9, 11)
(6, 0, 1, (0, 0, 0), 7, (0, 0)): (5, 5)
(6, 0, 1, (0, 0, 0), 8, (0, 0)): (3, 3)
(6, 0, 1, (0, 0, 0), 9, (0, 0)): (3, 3)
(6, 0, 1, (0, 0, 1), -9, (0, 0)): (0, 1)
(6, 0, 1, (0, 0, 1), -7, (0, 0)): (0, 1)
(6, 0, 1, (0, 0, 1), -5, (0, 0)): (1, 2)
(6, 0, 1, (0, 0, 1), -4, (0, 0)): (0, 4)
(6, 0, 1, (0, 0, 1), -3, (0, 0)): (0, 2)
(6, 0, 1, (0, 0, 1), -2, (0, 0)): (0, 2)
(6, 0, 1, (0, 0, 1), -1, (0, 0)): (4, 8)
(6, 0, 1, (0, 0, 1), 0, (0, 0)): (3, 4)
(6, 0, 1, (0, 0, 1), 1, (0, 0)): (7, 12)
(6, 0, 1, (0, 0, 1), 2, (0, 0)): (6, 10)
(6, 0, 1, (0, 0, 1), 3, (0, 0)): (5, 5)
(6, 0, 1, (0, 0, 1), 4, (0, 0)): (3, 3)
(6, 0, 1, (0, 0, 1), 5, (0, 0)): (2, 2)
(6, 0, 1, (0, 0, 1), 6, (0, 0)): (1, 1)
(6, 0, 1, (0, 0, 1), 10, (0, 0)): (1, 1)
(6, 0, 1, (0, 0, 1), 11, (0, 0)): (1, 1)
(6, 0, 1, (0, 1, 0), -8, (0, 0)): (0, 1)
(6, 0, 1, (0, 1, 0), -7, (0, 0)): (0, 2)
(6, 0, 1, (0, 1, 0), -6, (0, 0)): (0, 1)
(6, 0, 1, (0, 1, 0), -5, (0, 0)): (0, 1)
(6, 0, 1, (0, 1, 0), -4, (0, 0)): (0, 3)
(6, 0, 1, (0, 1, 0), -3, (0, 0)): (2, 5)
(6, 0, 1, (0, 1, 0), -2, (0, 0)): (6, 15)
(6, 0, 1, (0, 1, 0), -1, (0, 0)): (6, 16)
(6, 0, 1, (0, 1, 0), 0, (0, 0)): (14, 27)
(6, 0, 1, (0, 1, 0), 1, (0, 0)): (13, 21)
(6, 0, 1, (0, 1, 0), 2, (0, 0)): (20, 23)
(6, 0, 1, (0, 1, 0), 2, (0, 1)): (1, 1)
(6, 0, 1, (0, 1, 0), 2, (1, 1)): (1, 1)
(6, 0, 1, (0, 1, 0), 3, (0, 0)): (15, 16)
(6, 0, 1, (0, 1, 0), 4, (0, 0)): (7, 7)
(6, 0, 1, (0, 1, 0), 5, (0, 0)): (5, 5)
(6, 0, 1, (0, 1, 0), 6, (0, 0)): (2, 2)
(6, 0, 1, (0, 1, 0), 7, (0, 0)): (1, 1)
(6, 0, 1, (0, 1, 1), -6, (0, 0)): (0, 1)
(6, 0, 1, (0, 1, 1), -5, (0, 0)): (0, 2)
(6, 0, 1, (0, 1, 1), -3, (0, 0)): (1, 3)
(6, 0, 1, (0, 1, 1), -2, (0, 0)): (2, 4)
(6, 0, 1, (0, 1, 1), -1, (0, 0)): (1, 1)
(6, 0, 1, (0, 1, 1), 0, (0, 0)): (5, 6)
(6, 0, 1, (0, 1, 1), 1, (0, 0)): (2, 4)
(6, 0, 1, (0, 1, 1), 2, (0, 0)): (3, 4)
(6, 0, 1, (0, 1, 1), 3, (0, 0)): (4, 4)
(6, 0, 1, (0, 1, 1), 4, (0, 0)): (1, 1)
(6, 0, 1, (0, 1, 1), 5, (0, 0)): (2, 2)
(6, 0, 1, (0, 1, 1), 6, (0, 0)): (3, 3)
(6, 0, 1, (1, 0, 0), -12, (0, 0)): (0, 1)
(6, 0, 1, (1, 0, 0), -10, (0, 0)): (0, 1)
(6, 0, 1, (1, 0, 0), -9, (0, 0)): (0, 1)
(6, 0, 1, (1, 0, 0), -8, (0, 0)): (0, 2)
(6, 0, 1, (1, 0, 0), -6, (0, 0)): (0, 4)
(6, 0, 1, (1, 0, 0), -5, (0, 0)): (0, 15)
(6, 0, 1, (1, 0, 0), -4, (0, 0)): (0, 10)
(6, 0, 1, (1, 0, 0), -3, (0, 0)): (3, 20)
(6, 0, 1, (1, 0, 0), -2, (0, 0)): (7, 36)
(6, 0, 1, (1, 0, 0), -1, (0, 0)): (8, 31)
(6, 0, 1, (1, 0, 0), 0, (0, 0)): (21, 36)
(6, 0, 1, (1, 0, 0), 1, (0, 0)): (11, 23)
(6, 0, 1, (1, 0, 0), 2, (0, 0)): (20, 26)
(6, 0, 1, (1, 0, 0), 3, (0, 0)): (11, 13)
(6, 0, 1, (1, 0, 0), 4, (0, 0)): (8, 10)
(6, 0, 1, (1, 0, 0), 4, (1, 0)): (1, 1)
(6, 0, 1, (1, 0, 0), 4, (1, 1)): (1, 1)
(6, 0, 1, (1, 0, 0), 4, (2, 1)): (1, 1)
(6, 0, 1, (1, 0, 0), 5, (0, 0)): (14, 14)
(6, 0, 1, (1, 0, 0), 6, (0, 0)): (5, 5)
(6, 0, 1, (1, 0, 0), 7, (0, 0)): (3, 3)
(6, 0, 1, (1, 0, 0), 8, (0, 0)): (6, 6)
(6, 0, 1, (1, 0, 0), 11, (0, 0)): (1, 1)
(6, 0, 1, (1, 0, 1), -6, (0, 0)): (0, 1)
(6, 0, 1, (1, 0, 1), -5, (0, 0)): (0, 2)
(6, 0, 1, (1, 0, 1), -4, (0, 0)): (0, 1)
(6, 0, 1, (1, 0, 1), -3, (0, 0)): (0, 3)
(6, 0, 1, (1, 0, 1), -2, (0, 0)): (2, 5)
(6, 0, 1, (1, 0, 1), -1, (0, 0)): (1, 4)
(6, 0, 1, (1, 0, 1), 0, (0, 0)): (4, 8)
(6, 0, 1, (1, 0, 1), 1, (0, 0)): (5, 5)
(6, 0, 1, (1, 0, 1), 2, (0, 0)): (6, 9)
(6, 0, 1, (1, 0, 1), 3, (0, 0)): (1, 2)
(6, 0, 1, (1, 0, 1), 4, (0, 0)): (2, 2)
(6, 0, 1, (1, 0, 1), 5, (0, 0)): (1, 1)
(6, 0, 1, (1, 0, 1), 6, (0, 0)): (2, 2)
(6, 0, 1, (1, 0, 1), 7, (0, 0)): (1, 1)
(6, 0, 1, (1, 0, 1), 8, (0, 0)): (3, 3)
(6, 0, 1, (1, 1, 0), -10, (0, 0)): (0, 1)
(6, 0, 1, (1, 1, 0), -5, (0, 0)): (0, 4)
(6, 0, 1, (1, 1, 0), -4, (0, 0)): (0, 5)
(6, 0, 1, (1, 1, 0), -3, (0, 0)): (1, 4)
(6, 0, 1, (1, 1, 0), -2, (0, 0)): (0, 3)
(6, 0, 1, (1, 1, 0), -1, (0, 0)): (2, 8)
(6, 0, 1, (1, 1, 0), 0, (0, 0)): (10, 15)
(6, 0, 1, (1, 1, 0), 1, (0, 0)): (7, 9)
(6, 0, 1, (1, 1, 0), 2, (0, 0)): (6, 7)
(6, 0, 1, (1, 1, 0), 3, (0, 0)): (4, 4)
(6, 0, 1, (1, 1, 0), 4, (0, 0)): (1, 1)
(6, 0, 1, (1, 1, 0), 5, (0, 0)): (6, 6)
(6, 0, 1, (1, 1, 0), 6, (0, 0)): (2, 2)
(6, 0, 1, (1, 1, 0), 8, (0, 0)): (1, 1)
(6, 0, 1, (1, 1, 0), 9, (0, 0)): (2, 2)
(6, 0, 1, (1, 1, 1), -6, (0, 0)): (0, 1)
(6, 0, 1, (1, 1, 1), -5, (0, 0)): (0, 2)
(6, 0, 1, (1, 1, 1), -4, (0, 0)): (0, 3)
(6, 0, 1, (1, 1, 1), -3, (0, 0)): (0, 2)
(6, 0, 1, (1, 1, 1), -2, (0, 0)): (1, 3)
(6, 0, 1, (1, 1, 1), -1, (0, 0)): (1, 2)
(6, 0, 1, (1, 1, 1), 0, (0, 0)): (1, 1)
(6, 0, 1, (1, 1, 1), 1, (0, 0)): (5, 5)
(6, 0, 1, (1, 1, 1), 2, (0, 0)): (2, 2)
(6, 0, 1, (1, 1, 1), 3, (0, 0)): (1, 1)
(6, 0, 2, (0, 0, 0), -11, (0, 0)): (0, 1)
(6, 0, 2, (0, 0, 0), -10, (0, 0)): (0, 2)
(6, 0, 2, (0, 0, 0), -9, (0, 0)): (0, 3)
(6, 0, 2, (0, 0, 0), -8, (0, 0)): (0, 2)
(6, 0, 2, (0, 0, 0), -7, (0, 0)): (0, 5)
(6, 0, 2, (0, 0, 0), -6, (0, 0)): (0, 9)
(6, 0, 2, (0, 0, 0), -6, (0, 1)): (0, 1)
(6, 0, 2, (0, 0, 0), -6, (0, 2)): (0, 1)
(6, 0, 2, (0, 0, 0), -5, (0, 0)): (0, 6)
(6, 0, 2, (0, 0, 0), -4, (0, 0)): (2, 25)
(6, 0, 2, (0, 0, 0), -3, (0, 0)): (1, 32)
(6, 0, 2, (0, 0, 0), -2, (0, 0)): (2, 27)
(6, 0, 2, (0, 0, 0), -1, (0, 0)): (9, 52)
(6, 0, 2, (0, 0, 0), 0, (0, 0)): (33, 78)
(6, 0, 2, (0, 0, 0), 0, (0, 1)): (1, 1)
(6, 0, 2, (0, 0, 0), 1, (0, 0)): (53, 74)
(6, 0, 2, (0, 0, 0), 1, (1, 0)): (1, 1)
(6, 0, 2, (0, 0, 0), 1, (1, 1)): (1, 1)
(6, 0, 2, (0, 0, 0), 1, (2, 1)): (1, 1)
(6, 0, 2, (0, 0, 0), 1, (3, 1)): (1, 1)
(6, 0, 2, (0, 0, 0), 1, (3, 2)): (1, 1)
(6, 0, 2, (0, 0, 0), 2, (0, 0)): (41, 52)
(6, 0, 2, (0, 0, 0), 3, (0, 0)): (28, 33)
(6, 0, 2, (0, 0, 0), 4, (0, 0)): (17, 22)
(6, 0, 2, (0, 0, 0), 5, (0, 0)): (22, 22)
(6, 0, 2, (0, 0, 0), 6, (0, 0)): (7, 9)
(6, 0, 2, (0, 0, 0), 7, (0, 0)): (3, 3)
(6, 0, 2, (0, 0, 0), 8, (0, 0)): (4, 4)
(6, 0, 2, (0, 0, 0), 9, (0, 0)): (3, 3)
(6, 0, 2, (0, 0, 0), 10, (0, 0)): (1, 1)
(6, 0, 2, (0, 0, 0), 11, (0, 0)): (1, 1)
(6, 0, 2, (0, 0, 1), -7, (0, 0)): (0, 1)
(6, 0, 2, (0, 0, 1), -5, (0, 0)): (1, 1)
(6, 0, 2, (0, 0, 1), -4, (0, 0)): (0, 3)
(6, 0, 2, (0, 0, 1), -3, (0, 0)): (2, 5)
(6, 0, 2, (0, 0, 1), -2, (0, 0)): (0, 7)
(6, 0, 2, (0, 0, 1), -1, (0, 0)): (5, 7)
(6, 0, 2, (0, 0, 1), 0, (0, 0)): (6, 13)
(6, 0, 2, (0, 0, 1), 1, (0, 0)): (10, 16)
(6, 0, 2, (0, 0, 1), 2, (0, 0)): (5, 8)
(6, 0, 2, (0, 0, 1), 2, (1, 0)): (1, 1)
(6, 0, 2, (0, 0, 1), 2, (1, 1)): (1, 1)
(6, 0, 2, (0, 0, 1), 3, (0, 0)): (7, 9)
(6, 0, 2, (0, 0, 1), 4, (0, 0)): (5, 6)
(6, 0, 2, (0, 0, 1), 5, (0, 0)): (5, 5)
(6, 0, 2, (0, 0, 1), 6, (0, 0)): (3, 3)
(6, 0, 2, (0, 0, 1), 8, (0, 0)): (1, 1)
(6, 0, 2, (0, 0, 1), 11, (0, 0)): (1, 1)
(6, 0, 2, (0, 1, 0), -8, (0, 0)): (0, 2)
(6, 0, 2, (0, 1, 0), -7, (0, 0)): (0, 2)
(6, 0, 2, (0, 1, 0), -6, (0, 0)): (0, 2)
(6, 0, 2, (0, 1, 0), -5, (0, 0)): (0, 2)
(6, 0, 2, (0, 1, 0), -4, (0, 0)): (1, 7)
(6, 0, 2, (0, 1, 0), -3, (0, 0)): (1, 7)
(6, 0, 2, (0, 1, 0), -2, (0, 0)): (4, 16)
(6, 0, 2, (0, 1, 0), -1, (0, 0)): (6, 24)
(6, 0, 2, (0, 1, 0), 0, (0, 0)): (12, 27)
(6, 0, 2, (0, 1, 0), 1, (0, 0)): (8, 16)
(6, 0, 2, (0, 1, 0), 2, (0, 0)): (18, 23)
(6, 0, 2, (0, 1, 0), 3, (0, 0)): (16, 22)
(6, 0, 2, (0, 1, 0), 4, (0, 0)): (2, 2)
(6, 0, 2, (0, 1, 0), 5, (0, 0)): (6, 6)
(6, 0, 2, (0, 1, 0), 6, (0, 0)): (8, 8)
(6, 0, 2, (0, 1, 0), 7, (0, 0)): (1, 1)
(6, 0, 2, (0, 1, 0), 8, (0, 0)): (1, 1)
(6, 0, 2, (0, 1, 0), 11, (0, 0)): (1, 1)
(6, 0, 2, (0, 1, 1), -10, (0, 0)): (0, 1)
(6, 0, 2, (0, 1, 1), -6, (0, 0)): (0, 1)
(6, 0, 2, (0, 1, 1), -5, (0, 0)): (0, 2)
(6, 0, 2, (0, 1, 1), -3, (0, 0)): (0, 4)
(6, 0, 2, (0, 1, 1), -2, (0, 0)): (1, 7)
(6, 0, 2, (0, 1, 1), -1, (0, 0)): (0, 3)
(6, 0, 2, (0, 1, 1), 0, (0, 0)): (3, 8)
(6, 0, 2, (0, 1, 1), 1, (0, 0)): (6, 9)
(6, 0, 2, (0, 1, 1), 2, (0, 0)): (0, 1)
(6, 0, 2, (0, 1, 1), 3, (0, 0)): (3, 4)
(6, 0, 2, (0, 1, 1), 4, (0, 0)): (6, 6)
(6, 0, 2, (0, 1, 1), 5, (0, 0)): (2, 2)
(6, 0, 2, (0, 1, 1), 6, (0, 0)): (1, 1)
(6, 0, 2, (0, 1, 1), 7, (0, 0)): (1, 1)
(6, 0, 2, (1, 0, 0), -12, (0, 0)): (0, 1)
(6, 0, 2, (1, 0, 0), -10, (0, 0)): (0, 1)
(6, 0, 2, (1, 0, 0), -9, (0, 0)): (0, 1)
(6, 0, 2, (1, 0, 0), -8, (0, 0)): (0, 1)
(6, 0, 2, (1, 0, 0), -7, (0, 0)): (0, 2)
(6, 0, 2, (1, 0, 0), -6, (0, 0)): (0, 7)
(6, 0, 2, (1, 0, 0), -5, (0, 0)): (0, 8)
(6, 0, 2, (1, 0, 0), -4, (0, 0)): (1, 11)
(6, 0, 2, (1, 0, 0), -3, (0, 0)): (1, 22)
(6, 0, 2, (1, 0, 0), -2, (0, 0)): (2, 27)
(6, 0, 2, (1, 0, 0), -1, (0, 0)): (8, 31)
(6, 0, 2, (1, 0, 0), 0, (0, 0)): (16, 37)
(6, 0, 2, (1, 0, 0), 1, (0, 0)): (21, 37)
(6, 0, 2, (1, 0, 0), 2, (0, 0)): (17, 25)
(6, 0, 2, (1, 0, 0), 3, (0, 0)): (18, 21)
(6, 0, 2, (1, 0, 0), 4, (0, 0)): (9, 11)
(6, 0, 2, (1, 0, 0), 4, (1, 0)): (1, 1)
(6, 0, 2, (1, 0, 0), 4, (1, 1)): (1, 1)
(6, 0, 2, (1, 0, 0), 5, (0, 0)): (15, 16)
(6, 0, 2, (1, 0, 0), 6, (0, 0)): (4, 4)
(6, 0, 2, (1, 0, 0), 7, (0, 0)): (5, 5)
(6, 0, 2, (1, 0, 0), 8, (0, 0)): (2, 2)
(6, 0, 2, (1, 0, 0), 9, (0, 0)): (2, 2)
(6, 0, 2, (1, 0, 0), 11, (0, 0)): (1, 1)
(6, 0, 2, (1, 0, 1), -5, (0, 0)): (0, 1)
(6, 0, 2, (1, 0, 1), -4, (0, 0)): (0, 1)
(6, 0, 2, (1, 0, 1), -3, (0, 0)): (0, 4)
(6, 0, 2, (1, 0, 1), -2, (0, 0)): (1, 4)
(6, 0, 2, (1, 0, 1), -1, (0, 0)): (3, 6)
(6, 0, 2, (1, 0, 1), 0, (0, 0)): (0, 6)
(6, 0, 2, (1, 0, 1), 1, (0, 0)): (4, 6)
(6, 0, 2, (1, 0, 1), 2, (0, 0)): (1, 2)
(6, 0, 2, (1, 0, 1), 3, (0, 0)): (2, 3)
(6, 0, 2, (1, 0, 1), 4, (0, 0)): (2, 2)
(6, 0, 2, (1, 0, 1), 5, (0, 0)): (1, 1)
(6, 0, 2, (1, 0, 1), 6, (0, 0)): (2, 2)
(6, 0, 2, (1, 0, 1), 8, (0, 0)): (1, 1)
(6, 0, 2, (1, 1, 0), -8, (0, 0)): (0, 2)
(6, 0, 2, (1, 1, 0), -7, (0, 0)): (0, 1)
(6, 0, 2, (1, 1, 0), -6, (0, 0)): (0, 1)
(6, 0, 2, (1, 1, 0), -5, (0, 0)): (0, 2)
(6, 0, 2, (1, 1, 0), -4, (0, 0)): (0, 5)
(6, 0, 2, (1, 1, 0), -3, (0, 0)): (0, 5)
(6, 0, 2, (1, 1, 0), -2, (0, 0)): (0, 9)
(6, 0, 2, (1, 1, 0), -1, (0, 0)): (0, 11)
(6, 0, 2, (1, 1, 0), 0, (0, 0)): (8, 14)
(6, 0, 2, (1, 1, 0), 1, (0, 0)): (7, 8)
(6, 0, 2, (1, 1, 0), 2, (0, 0)): (11, 15)
(6, 0, 2, (1, 1, 0), 3, (0, 0)): (4, 5)
(6, 0, 2, (1, 1, 0), 4, (0, 0)): (4, 4)
(6, 0, 2, (1, 1, 0), 5, (0, 0)): (4, 4)
(6, 0, 2, (1, 1, 0), 7, (0, 0)): (1, 1)
(6, 0, 2, (1, 1, 1), -5, (0, 0)): (0, 1)
(6, 0, 2, (1, 1, 1), -4, (0, 0)): (0, 2)
(6, 0, 2, (1, 1, 1), -3, (0, 0)): (0, 1)
(6, 0, 2, (1, 1, 1), -2, (0, 0)): (0, 1)
(6, 0, 2, (1, 1, 1), -1, (0, 0)): (0, 1)
(6, 0, 2, (1, 1, 1), 1, (0, 0)): (4, 5)
(6, 0, 2, (1, 1, 1), 2, (0, 0)): (1, 1)
(6, 0, 2, (1, 1, 1), 3, (0, 0)): (2, 2)
(6, 0, 2, (1, 1, 1), 5, (0, 0)): (1, 1)
(6, 0, 2, (1, 1, 1), 7, (0, 0)): (1, 1)
(6, 1, 0, (0, 0, 0), -11, (0, 0)): (0, 3)
(6, 1, 0, (0, 0, 0), -10, (0, 0)): (0, 1)
(6, 1, 0, (0, 0, 0), -9, (0, 0)): (0, 4)
(6, 1, 0, (0, 0, 0), -8, (0, 0)): (0, 9)
(6, 1, 0, (0, 0, 0), -7, (0, 0)): (0, 9)
(6, 1, 0, (0, 0, 0), -6, (0, 0)): (2, 23)
(6, 1, 0, (0, 0, 0), -5, (0, 0)): (1, 43)
(6, 1, 0, (0, 0, 0), -4, (0, 0)): (8, 39)
(6, 1, 0, (0, 0, 0), -4, (1, 0)): (0, 1)
(6, 1, 0, (0, 0, 0), -4, (1, 1)): (0, 1)
(6, 1, 0, (0, 0, 0), -4, (1, 2)): (0, 1)
(6, 1, 0, (0, 0, 0), -3, (0, 0)): (11, 66)
(6, 1, 0, (0, 0, 0), -2, (0, 0)): (19, 88)
(6, 1, 0, (0, 0, 0), -2, (1, 0)): (0, 1)
(6, 1, 0, (0, 0, 0), -2, (1, 1)): (0, 1)
(6, 1, 0, (0, 0, 0), -2, (2, 1)): (0, 1)
(6, 1, 0, (0, 0, 0), -1, (0, 0)): (45, 124)
(6, 1, 0, (0, 0, 0), 0, (0, 0)): (69, 122)
(6, 1, 0, (0, 0, 0), 0, (0, 1)): (0, 1)
(6, 1, 0, (0, 0, 0), 0, (1, 1)): (0, 1)
(6, 1, 0, (0, 0, 0), 0, (1, 2)): (0, 1)
(6, 1, 0, (0, 0, 0), 1, (0, 0)): (70, 87)
(6, 1, 0, (0, 0, 0), 2, (0, 0)): (65, 69)
(6, 1, 0, (0, 0, 0), 3, (0, 0)): (53, 56)
(6, 1, 0, (0, 0, 0), 4, (0, 0)): (35, 37)
(6, 1, 0, (0, 0, 0), 5, (0, 0)): (19, 19)
(6, 1, 0, (0, 0, 0), 6, (0, 0)): (15, 15)
(6, 1, 0, (0, 0, 0), 6, (1, 0)): (1, 1)
(6, 1, 0, (0, 0, 0), 6, (1, 1)): (1, 1)
(6, 1, 0, (0, 0, 0), 6, (1, 2)): (1, 1)
(6, 1, 0, (0, 0, 0), 7, (0, 0)): (9, 9)
(6, 1, 0, (0, 0, 0), 8, (0, 0)): (5, 5)
(6, 1, 0, (0, 0, 0), 9, (0, 0)): (4, 4)
(6, 1, 0, (0, 0, 0), 10, (0, 0)): (3, 3)
(6, 1, 0, (0, 0, 0), 11, (0, 0)): (1, 1)
(6, 1, 0, (0, 0, 0), 12, (0, 0)): (1, 1)
(6, 1, 0, (0, 0, 1), -4, (0, 0)): (2, 2)
(6, 1, 0, (0, 0, 1), -3, (0, 0)): (1, 1)
(6, 1, 0, (0, 0, 1), -2, (0, 0)): (2, 3)
(6, 1, 0, (0, 0, 1), -1, (0, 0)): (1, 3)
(6, 1, 0, (0, 0, 1), 0, (0, 0)): (2, 2)
(6, 1, 0, (0, 0, 1), 1, (0, 0)): (3, 3)
(6, 1, 0, (0, 0, 1), 2, (0, 0)): (3, 3)
(6, 1, 0, (0, 0, 1), 3, (0, 0)): (1, 1)
(6, 1, 0, (0, 0, 1), 4, (0, 0)): (1, 1)
(6, 1, 0, (0, 0, 1), 5, (0, 0)): (1, 1)
(6, 1, 0, (0, 0, 1), 8, (0, 0)): (1, 1)
(6, 1, 0, (0, 1, 0), -11, (0, 0)): (0, 1)
(6, 1, 0, (0, 1, 0), -5, (0, 0)): (0, 1)
(6, 1, 0, (0, 1, 0), -4, (0, 0)): (0, 1)
(6, 1, 0, (0, 1, 0), -3, (0, 0)): (1, 3)
(6, 1, 0, (0, 1, 0), -2, (0, 0)): (3, 8)
(6, 1, 0, (0, 1, 0), -1, (0, 0)): (8, 9)
(6, 1, 0, (0, 1, 0), 0, (0, 0)): (9, 10)
(6, 1, 0, (0, 1, 0), 1, (0, 0)): (4, 4)
(6, 1, 0, (0, 1, 0), 2, (0, 0)): (6, 6)
(6, 1, 0, (0, 1, 0), 3, (0, 0)): (4, 5)
(6, 1, 0, (0, 1, 0), 4, (0, 0)): (1, 1)
(6, 1, 0, (0, 1, 0), 6, (0, 0)): (4, 4)
(6, 1, 0, (0, 1, 1), -8, (0, 0)): (0, 1)
(6, 1, 0, (0, 1, 1), -5, (0, 0)): (1, 1)
(6, 1, 0, (0, 1, 1), -4, (0, 0)): (1, 2)
(6, 1, 0, (0, 1, 1), -3, (0, 0)): (0, 1)
(6, 1, 0, (0, 1, 1), -2, (0, 0)): (1, 1)
(6, 1, 0, (0, 1, 1), 1, (0, 0)): (1, 1)
(6, 1, 0, (0, 1, 1), 2, (0, 0)): (1, 1)
(6, 1, 0, (1, 0, 0), -9, (0, 0)): (0, 2)
(6, 1, 0, (1, 0, 0), -8, (0, 0)): (0, 2)
(6, 1, 0, (1, 0, 0), -7, (0, 0)): (0, 3)
(6, 1, 0, (1, 0, 0), -6, (0, 0)): (1, 4)
(6, 1, 0, (1, 0, 0), -5, (0, 0)): (1, 15)
(6, 1, 0, (1, 0, 0), -4, (0, 0)): (4, 16)
(6, 1, 0, (1, 0, 0), -3, (0, 0)): (3, 24)
(6, 1, 0, (1, 0, 0), -2, (0, 0)): (3, 27)
(6, 1, 0, (1, 0, 0), -2, (1, 0)): (0, 1)
(6, 1, 0, (1, 0, 0), -2, (1, 1)): (0, 1)
(6, 1, 0, (1, 0, 0), -1, (0, 0)): (14, 31)
(6, 1, 0, (1, 0, 0), 0, (0, 0)): (24, 32)
(6, 1, 0, (1, 0, 0), 1, (0, 0)): (26, 30)
(6, 1, 0, (1, 0, 0), 2, (0, 0)): (21, 21)
(6, 1, 0, (1, 0, 0), 3, (0, 0)): (14, 14)
(6, 1, 0, (1, 0, 0), 4, (0, 0)): (11, 11)
(6, 1, 0, (1, 0, 0), 5, (0, 0)): (4, 4)
(6, 1, 0, (1, 0, 0), 6, (0, 0)): (4, 4)
(6, 1, 0, (1, 0, 0), 7, (0, 0)): (5, 5)
(6, 1, 0, (1, 0, 0), 8, (0, 0)): (2, 2)
(6, 1, 0, (1, 0, 0), 9, (0, 0)): (1, 1)
(6, 1, 0, (1, 0, 0), 12, (0, 0)): (1, 1)
(6, 1, 0, (1, 0, 1), -5, (0, 0)): (0, 1)
(6, 1, 0, (1, 0, 1), -4, (0, 0)): (2, 2)
(6, 1, 0, (1, 0, 1), -3, (0, 0)): (3, 3)
(6, 1, 0, (1, 0, 1), -2, (0, 0)): (0, 1)
(6, 1, 0, (1, 0, 1), -1, (0, 0)): (1, 1)
(6, 1, 0, (1, 0, 1), 0, (0, 0)): (1, 1)
(6, 1, 0, (1, 0, 1), 1, (0, 0)): (3, 3)
(6, 1, 0, (1, 0, 1), 7, (0, 0)): (1, 1)
(6, 1, 0, (1, 1, 0), -9, (0, 0)): (0, 1)
(6, 1, 0, (1, 1, 0), -8, (0, 0)): (0, 1)
(6, 1, 0, (1, 1, 0), -7, (0, 0)): (0, 1)
(6, 1, 0, (1, 1, 0), -6, (0, 0)): (1, 2)
(6, 1, 0, (1, 1, 0), -5, (0, 0)): (1, 2)
(6, 1, 0, (1, 1, 0), -4, (0, 0)): (2, 5)
(6, 1, 0, (1, 1, 0), -3, (0, 0)): (2, 9)
(6, 1, 0, (1, 1, 0), -2, (0, 0)): (1, 6)
(6, 1, 0, (1, 1, 0), -1, (0, 0)): (2, 5)
(6, 1, 0, (1, 1, 0), 0, (0, 0)): (11, 13)
(6, 1, 0, (1, 1, 0), 0, (0, 1)): (0, 1)
(6, 1, 0, (1, 1, 0), 0, (0, 2)): (0, 1)
(6, 1, 0, (1, 1, 0), 1, (0, 0)): (7, 8)
(6, 1, 0, (1, 1, 0), 2, (0, 0)): (3, 3)
(6, 1, 0, (1, 1, 0), 3, (0, 0)): (4, 4)
(6, 1, 0, (1, 1, 0), 4, (0, 0)): (3, 3)
(6, 1, 0, (1, 1, 0), 6, (0, 0)): (1, 1)
(6, 1, 0, (1, 1, 0), 7, (0, 0)): (1, 1)
(6, 1, 0, (1, 1, 0), 12, (0, 0)): (1, 1)
(6, 1, 0, (1, 1, 1), -6, (0, 0)): (0, 1)
(6, 1, 0, (1, 1, 1), -4, (0, 0)): (1, 2)
(6, 1, 0, (1, 1, 1), -2, (0, 0)): (1, 3)
(6, 1, 0, (1, 1, 1), -1, (0, 0)): (1, 2)
(6, 1, 0, (1, 1, 1), 0, (0, 0)): (5, 5)
(6, 1, 0, (1, 1, 1), 1, (0, 0)): (2, 2)
(6, 1, 0, (1, 1, 1), 3, (0, 0)): (1, 1)
(6, 1, 0, (1, 1, 1), 4, (0, 0)): (3, 3)
(6, 1, 0, (1, 1, 1), 5, (0, 0)): (1, 1)
(6, 1, 0, (1, 1, 1), 7, (0, 0)): (1, 1)
(6, 1, 1, (0, 0, 0), -11, (0, 0)): (0, 2)
(6, 1, 1, (0, 0, 0), -10, (0, 0)): (0, 1)
(6, 1, 1, (0, 0, 0), -9, (0, 0)): (0, 2)
(6, 1, 1, (0, 0, 0), -8, (0, 0)): (0, 7)
(6, 1, 1, (0, 0, 0), -7, (0, 0)): (0, 6)
(6, 1, 1, (0, 0, 0), -6, (0, 0)): (1, 19)
(6, 1, 1, (0, 0, 0), -5, (0, 0)): (0, 28)
(6, 1, 1, (0, 0, 0), -4, (0, 0)): (2, 22)
(6, 1, 1, (0, 0, 0), -4, (1, 0)): (0, 1)
(6, 1, 1, (0, 0, 0), -4, (2, 0)): (0, 1)
(6, 1, 1, (0, 0, 0), -4, (3, 0)): (0, 1)
(6, 1, 1, (0, 0, 0), -4, (3, 1)): (0, 1)
(6, 1, 1, (0, 0, 0), -3, (0, 0)): (7, 39)
(6, 1, 1, (0, 0, 0), -2, (0, 0)): (12, 56)
(6, 1, 1, (0, 0, 0), -1, (0, 0)): (28, 90)
(6, 1, 1, (0, 0, 0), -1, (1, 0)): (0, 1)
(6, 1, 1, (0, 0, 0), 0, (0, 0)): (39, 84)
(6, 1, 1, (0, 0, 0), 0, (0, 1)): (0, 1)
(6, 1, 1, (0, 0, 0), 0, (0, 2)): (0, 1)
(6, 1, 1, (0, 0, 0), 1, (0, 0)): (40, 54)
(6, 1, 1, (0, 0, 0), 2, (0, 0)): (45, 49)
(6, 1, 1, (0, 0, 0), 3, (0, 0)): (43, 45)
(6, 1, 1, (0, 0, 0), 4, (0, 0)): (24, 26)
(6, 1, 1, (0, 0, 0), 5, (0, 0)): (15, 15)
(6, 1, 1, (0, 0, 0), 6, (0, 0)): (8, 8)
(6, 1, 1, (0, 0, 0), 6, (0, 1)): (1, 1)
(6, 1, 1, (0, 0, 0), 6, (0, 2)): (1, 1)
(6, 1, 1, (0, 0, 0), 7, (0, 0)): (5, 5)
(6, 1, 1, (0, 0, 0), 8, (0, 0)): (4, 4)
(6, 1, 1, (0, 0, 0), 9, (0, 0)): (4, 4)
(6, 1, 1, (0, 0, 0), 10, (0, 0)): (3, 3)
(6, 1, 1, (0, 0, 0), 11, (0, 0)): (1, 1)
(6, 1, 1, (0, 0, 1), -5, (0, 0)): (0, 1)
(6, 1, 1, (0, 0, 1), -4, (0, 0)): (1, 2)
(6, 1, 1, (0, 0, 1), -3, (0, 0)): (1, 2)
(6, 1, 1, (0, 0, 1), -2, (0, 0)): (1, 6)
(6, 1, 1, (0, 0, 1), -1, (0, 0)): (8, 10)
(6, 1, 1, (0, 0, 1), 0, (0, 0)): (7, 9)
(6, 1, 1, (0, 0, 1), 1, (0, 0)): (6, 7)
(6, 1, 1, (0, 0, 1), 2, (0, 0)): (5, 5)
(6, 1, 1, (0, 0, 1), 3, (0, 0)): (5, 5)
(6, 1, 1, (0, 0, 1), 4, (0, 0)): (3, 3)
(6, 1, 1, (0, 0, 1), 5, (0, 0)): (2, 2)
(6, 1, 1, (0, 0, 1), 6, (0, 0)): (1, 1)
(6, 1, 1, (0, 0, 1), 7, (0, 0)): (1, 1)
(6, 1, 1, (0, 0, 1), 9, (0, 0)): (1, 1)
(6, 1, 1, (0, 1, 0), -11, (0, 0)): (0, 1)
(6, 1, 1, (0, 1, 0), -9, (0, 0)): (0, 1)
(6, 1, 1, (0, 1, 0), -6, (0, 0)): (0, 4)
(6, 1, 1, (0, 1, 0), -5, (0, 0)): (0, 3)
(6, 1, 1, (0, 1, 0), -4, (0, 0)): (0, 3)
(6, 1, 1, (0, 1, 0), -3, (0, 0)): (2, 6)
(6, 1, 1, (0, 1, 0), -2, (0, 0)): (1, 6)
(6, 1, 1, (0, 1, 0), -1, (0, 0)): (10, 23)
(6, 1, 1, (0, 1, 0), 0, (0, 0)): (15, 22)
(6, 1, 1, (0, 1, 0), 1, (0, 0)): (12, 13)
(6, 1, 1, (0, 1, 0), 2, (0, 0)): (20, 20)
(6, 1, 1, (0, 1, 0), 3, (0, 0)): (7, 8)
(6, 1, 1, (0, 1, 0), 4, (0, 0)): (8, 8)
(6, 1, 1, (0, 1, 0), 5, (0, 0)): (5, 5)
(6, 1, 1, (0, 1, 0), 6, (0, 0)): (7, 7)
(6, 1, 1, (0, 1, 0), 7, (0, 0)): (2, 2)
(6, 1, 1, (0, 1, 0), 8, (0, 0)): (1, 1)
(6, 1, 1, (0, 1, 1), -8, (0, 0)): (0, 1)
(6, 1, 1, (0, 1, 1), -5, (0, 0)): (0, 1)
(6, 1, 1, (0, 1, 1), -4, (0, 0)): (0, 1)
(6, 1, 1, (0, 1, 1), -3, (0, 0)): (1, 8)
(6, 1, 1, (0, 1, 1), -2, (0, 0)): (4, 7)
(6, 1, 1, (0, 1, 1), -1, (0, 0)): (1, 3)
(6, 1, 1, (0, 1, 1), 0, (0, 0)): (6, 7)
(6, 1, 1, (0, 1, 1), 1, (0, 0)): (6, 7)
(6, 1, 1, (0, 1, 1), 2, (0, 0)): (5, 5)
(6, 1, 1, (0, 1, 1), 3, (0, 0)): (4, 4)
(6, 1, 1, (0, 1, 1), 4, (0, 0)): (1, 1)
(6, 1, 1, (0, 1, 1), 5, (0, 0)): (1, 1)
(6, 1, 1, (0, 1, 1), 6, (0, 0)): (3, 3)
(6, 1, 1, (0, 1, 1), 7, (0, 0)): (1, 1)
(6, 1, 1, (0, 1, 1), 12, (0, 0)): (1, 1)
(6, 1, 1, (1, 0, 0), -11, (0, 0)): (0, 1)
(6, 1, 1, (1, 0, 0), -10, (0, 0)): (0, 1)
(6, 1, 1, (1, 0, 0), -8, (0, 0)): (0, 1)
(6, 1, 1, (1, 0, 0), -7, (0, 0)): (0, 4)
(6, 1, 1, (1, 0, 0), -6, (0, 0)): (0, 8)
(6, 1, 1, (1, 0, 0), -5, (0, 0)): (0, 18)
(6, 1, 1, (1, 0, 0), -4, (0, 0)): (3, 18)
(6, 1, 1, (1, 0, 0), -4, (0, 1)): (0, 1)
(6, 1, 1, (1, 0, 0), -4, (1, 1)): (0, 1)
(6, 1, 1, (1, 0, 0), -3, (0, 0)): (3, 21)
(6, 1, 1, (1, 0, 0), -3, (0, 1)): (1, 1)
(6, 1, 1, (1, 0, 0), -2, (0, 0)): (11, 37)
(6, 1, 1, (1, 0, 0), -1, (0, 0)): (16, 36)
(6, 1, 1, (1, 0, 0), 0, (0, 0)): (24, 40)
(6, 1, 1, (1, 0, 0), 1, (0, 0)): (21, 23)
(6, 1, 1, (1, 0, 0), 2, (0, 0)): (13, 14)
(6, 1, 1, (1, 0, 0), 3, (0, 0)): (21, 21)
(6, 1, 1, (1, 0, 0), 4, (0, 0)): (10, 10)
(6, 1, 1, (1, 0, 0), 5, (0, 0)): (7, 7)
(6, 1, 1, (1, 0, 0), 6, (0, 0)): (1, 1)
(6, 1, 1, (1, 0, 0), 7, (0, 0)): (2, 2)
(6, 1, 1, (1, 0, 0), 8, (0, 0)): (1, 1)
(6, 1, 1, (1, 0, 0), 9, (0, 0)): (4, 4)
(6, 1, 1, (1, 0, 0), 10, (0, 0)): (1, 1)
(6, 1, 1, (1, 0, 1), -9, (0, 0)): (0, 1)
(6, 1, 1, (1, 0, 1), -6, (0, 0)): (0, 1)
(6, 1, 1, (1, 0, 1), -4, (0, 0)): (1, 5)
(6, 1, 1, (1, 0, 1), -3, (0, 0)): (3, 4)
(6, 1, 1, (1, 0, 1), -2, (0, 0)): (1, 3)
(6, 1, 1, (1, 0, 1), -1, (0, 0)): (3, 4)
(6, 1, 1, (1, 0, 1), 0, (0, 0)): (7, 7)
(6, 1, 1, (1, 0, 1), 1, (0, 0)): (4, 5)
(6, 1, 1, (1, 0, 1), 2, (0, 0)): (4, 4)
(6, 1, 1, (1, 0, 1), 3, (0, 0)): (4, 4)
(6, 1, 1, (1, 0, 1), 4, (0, 0)): (7, 7)
(6, 1, 1, (1, 0, 1), 5, (0, 0)): (2, 2)
(6, 1, 1, (1, 0, 1), 7, (0, 0)): (1, 1)
(6, 1, 1, (1, 0, 1), 8, (0, 0)): (1, 1)
(6, 1, 1, (1, 1, 0), -8, (0, 0)): (0, 1)
(6, 1, 1, (1, 1, 0), -7, (0, 0)): (0, 1)
(6, 1, 1, (1, 1, 0), -6, (0, 0)): (0, 3)
(6, 1, 1, (1, 1, 0), -5, (0, 0)): (0, 5)
(6, 1, 1, (1, 1, 0), -4, (0, 0)): (2, 5)
(6, 1, 1, (1, 1, 0), -3, (0, 0)): (3, 9)
(6, 1, 1, (1, 1, 0), -2, (0, 0)): (3, 11)
(6, 1, 1, (1, 1, 0), -1, (0, 0)): (5, 12)
(6, 1, 1, (1, 1, 0), 0, (0, 0)): (8, 11)
(6, 1, 1, (1, 1, 0), 1, (0, 0)): (5, 6)
(6, 1, 1, (1, 1, 0), 2, (0, 0)): (1, 3)
(6, 1, 1, (1, 1, 0), 3, (0, 0)): (5, 6)
(6, 1, 1, (1, 1, 0), 5, (0, 0)): (2, 2)
(6, 1, 1, (1, 1, 0), 6, (0, 0)): (1, 1)
(6, 1, 1, (1, 1, 0), 9, (0, 0)): (1, 1)
(6, 1, 1, (1, 1, 0), 12, (0, 0)): (1, 1)
(6, 1, 1, (1, 1, 1), -8, (0, 0)): (0, 1)
(6, 1, 1, (1, 1, 1), -6, (0, 0)): (0, 1)
(6, 1, 1, (1, 1, 1), -5, (0, 0)): (0, 1)
(6, 1, 1, (1, 1, 1), -3, (0, 0)): (0, 1)
(6, 1, 1, (1, 1, 1), -2, (0, 0)): (0, 2)
(6, 1, 1, (1, 1, 1), -1, (0, 0)): (2, 5)
(6, 1, 1, (1, 1, 1), 0, (0, 0)): (7, 7)
(6, 1, 1, (1, 1, 1), 1, (0, 0)): (5, 6)
(6, 1, 1, (1, 1, 1), 2, (0, 0)): (2, 3)
(6, 1, 1, (1, 1, 1), 3, (0, 0)): (2, 2)
(6, 1, 1, (1, 1, 1), 4, (0, 0)): (2, 2)
(6, 1, 1, (1, 1, 1), 5, (0, 0)): (2, 2)
(6, 1, 1, (1, 1, 1), 6, (0, 0)): (1, 1)
(6, 1, 1, (1, 1, 1), 8, (0, 0)): (1, 1)
(6, 1, 1, (1, 1, 1), 12, (0, 0)): (1, 1)
(6, 1, 2, (0, 0, 0), -11, (0, 0)): (0, 1)
(6, 1, 2, (0, 0, 0), -9, (0, 0)): (0, 2)
(6, 1, 2, (0, 0, 0), -8, (0, 0)): (0, 7)
(6, 1, 2, (0, 0, 0), -7, (0, 0)): (0, 4)
(6, 1, 2, (0, 0, 0), -6, (0, 0)): (1, 11)
(6, 1, 2, (0, 0, 0), -5, (0, 0)): (0, 19)
(6, 1, 2, (0, 0, 0), -4, (0, 0)): (1, 18)
(6, 1, 2, (0, 0, 0), -3, (0, 0)): (5, 32)
(6, 1, 2, (0, 0, 0), -2, (0, 0)): (5, 37)
(6, 1, 2, (0, 0, 0), -1, (0, 0)): (18, 65)
(6, 1, 2, (0, 0, 0), -1, (1, 0)): (0, 1)
(6, 1, 2, (0, 0, 0), -1, (1, 1)): (0, 1)
(6, 1, 2, (0, 0, 0), -1, (1, 2)): (0, 1)
(6, 1, 2, (0, 0, 0), -1, (2, 2)): (0, 1)
(6, 1, 2, (0, 0, 0), -1, (3, 2)): (0, 1)
(6, 1, 2, (0, 0, 0), 0, (0, 0)): (31, 65)
(6, 1, 2, (0, 0, 0), 0, (0, 1)): (0, 1)
(6, 1, 2, (0, 0, 0), 0, (0, 2)): (0, 1)
(6, 1, 2, (0, 0, 0), 1, (0, 0)): (32, 48)
(6, 1, 2, (0, 0, 0), 2, (0, 0)): (37, 41)
(6, 1, 2, (0, 0, 0), 3, (0, 0)): (32, 34)
(6, 1, 2, (0, 0, 0), 4, (0, 0)): (25, 27)
(6, 1, 2, (0, 0, 0), 5, (0, 0)): (13, 13)
(6, 1, 2, (0, 0, 0), 6, (0, 0)): (9, 9)
(6, 1, 2, (0, 0, 0), 6, (0, 1)): (1, 1)
(6, 1, 2, (0, 0, 0), 6, (0, 2)): (1, 1)
(6, 1, 2, (0, 0, 0), 7, (0, 0)): (5, 5)
(6, 1, 2, (0, 0, 0), 8, (0, 0)): (5, 5)
(6, 1, 2, (0, 0, 0), 9, (0, 0)): (2, 2)
(6, 1, 2, (0, 0, 0), 10, (0, 0)): (4, 4)
(6, 1, 2, (0, 0, 0), 11, (0, 0)): (1, 1)
(6, 1, 2, (0, 0, 1), -6, (0, 0)): (0, 1)
(6, 1, 2, (0, 0, 1), -4, (0, 0)): (1, 3)
(6, 1, 2, (0, 0, 1), -3, (0, 0)): (2, 7)
(6, 1, 2, (0, 0, 1), -2, (0, 0)): (2, 8)
(6, 1, 2, (0, 0, 1), -1, (0, 0)): (3, 8)
(6, 1, 2, (0, 0, 1), 0, (0, 0)): (5, 7)
(6, 1, 2, (0, 0, 1), 1, (0, 0)): (12, 12)
(6, 1, 2, (0, 0, 1), 2, (0, 0)): (14, 15)
(6, 1, 2, (0, 0, 1), 3, (0, 0)): (10, 10)
(6, 1, 2, (0, 0, 1), 4, (0, 0)): (5, 5)
(6, 1, 2, (0, 0, 1), 5, (0, 0)): (1, 1)
(6, 1, 2, (0, 0, 1), 6, (0, 0)): (1, 1)
(6, 1, 2, (0, 0, 1), 7, (0, 0)): (3, 3)
(6, 1, 2, (0, 0, 1), 8, (0, 0)): (2, 2)
(6, 1, 2, (0, 0, 1), 9, (0, 0)): (1, 1)
(6, 1, 2, (0, 0, 1), 11, (0, 0)): (1, 1)
(6, 1, 2, (0, 1, 0), -11, (0, 0)): (0, 2)
(6, 1, 2, (0, 1, 0), -7, (0, 0)): (0, 2)
(6, 1, 2, (0, 1, 0), -6, (0, 0)): (0, 7)
(6, 1, 2, (0, 1, 0), -5, (0, 0)): (0, 4)
(6, 1, 2, (0, 1, 0), -4, (0, 0)): (0, 2)
(6, 1, 2, (0, 1, 0), -3, (0, 0)): (1, 6)
(6, 1, 2, (0, 1, 0), -2, (0, 0)): (4, 20)
(6, 1, 2, (0, 1, 0), -1, (0, 0)): (10, 30)
(6, 1, 2, (0, 1, 0), 0, (0, 0)): (12, 26)
(6, 1, 2, (0, 1, 0), 1, (0, 0)): (22, 26)
(6, 1, 2, (0, 1, 0), 2, (0, 0)): (25, 25)
(6, 1, 2, (0, 1, 0), 3, (0, 0)): (16, 17)
(6, 1, 2, (0, 1, 0), 4, (0, 0)): (9, 9)
(6, 1, 2, (0, 1, 0), 5, (0, 0)): (5, 5)
(6, 1, 2, (0, 1, 0), 6, (0, 0)): (4, 4)
(6, 1, 2, (0, 1, 0), 7, (0, 0)): (5, 5)
(6, 1, 2, (0, 1, 0), 8, (0, 0)): (2, 2)
(6, 1, 2, (0, 1, 0), 9, (0, 0)): (1, 1)
(6, 1, 2, (0, 1, 1), -6, (0, 0)): (0, 1)
(6, 1, 2, (0, 1, 1), -5, (0, 0)): (0, 1)
(6, 1, 2, (0, 1, 1), -4, (0, 0)): (0, 5)
(6, 1, 2, (0, 1, 1), -3, (0, 0)): (1, 3)
(6, 1, 2, (0, 1, 1), -2, (0, 0)): (2, 6)
(6, 1, 2, (0, 1, 1), -2, (0, 1)): (0, 1)
(6, 1, 2, (0, 1, 1), -2, (0, 2)): (0, 1)
(6, 1, 2, (0, 1, 1), -1, (0, 0)): (3, 7)
(6, 1, 2, (0, 1, 1), 0, (0, 0)): (5, 9)
(6, 1, 2, (0, 1, 1), 1, (0, 0)): (7, 8)
(6, 1, 2, (0, 1, 1), 2, (0, 0)): (3, 3)
(6, 1, 2, (0, 1, 1), 3, (0, 0)): (6, 6)
(6, 1, 2, (0, 1, 1), 4, (0, 0)): (3, 3)
(6, 1, 2, (0, 1, 1), 5, (0, 0)): (2, 2)
(6, 1, 2, (0, 1, 1), 7, (0, 0)): (1, 1)
(6, 1, 2, (1, 0, 0), -10, (0, 0)): (0, 1)
(6, 1, 2, (1, 0, 0), -8, (0, 0)): (0, 4)
(6, 1, 2, (1, 0, 0), -7, (0, 0)): (0, 3)
(6, 1, 2, (1, 0, 0), -6, (0, 0)): (0, 4)
(6, 1, 2, (1, 0, 0), -5, (0, 0)): (0, 13)
(6, 1, 2, (1, 0, 0), -4, (0, 0)): (0, 15)
(6, 1, 2, (1, 0, 0), -3, (0, 0)): (4, 23)
(6, 1, 2, (1, 0, 0), -2, (0, 0)): (5, 27)
(6, 1, 2, (1, 0, 0), -1, (0, 0)): (11, 39)
(6, 1, 2, (1, 0, 0), 0, (0, 0)): (13, 35)
(6, 1, 2, (1, 0, 0), 1, (0, 0)): (21, 27)
(6, 1, 2, (1, 0, 0), 2, (0, 0)): (22, 22)
(6, 1, 2, (1, 0, 0), 3, (0, 0)): (29, 30)
(6, 1, 2, (1, 0, 0), 4, (0, 0)): (12, 12)
(6, 1, 2, (1, 0, 0), 5, (0, 0)): (12, 12)
(6, 1, 2, (1, 0, 0), 6, (0, 0)): (3, 3)
(6, 1, 2, (1, 0, 0), 7, (0, 0)): (5, 5)
(6, 1, 2, (1, 0, 0), 8, (0, 0)): (4, 4)
(6, 1, 2, (1, 0, 0), 9, (0, 0)): (4, 4)
(6, 1, 2, (1, 0, 0), 10, (0, 0)): (2, 2)
(6, 1, 2, (1, 0, 0), 11, (0, 0)): (1, 1)
(6, 1, 2, (1, 0, 1), -9, (0, 0)): (0, 1)
(6, 1, 2, (1, 0, 1), -7, (0, 0)): (0, 1)
(6, 1, 2, (1, 0, 1), -5, (0, 0)): (0, 2)
(6, 1, 2, (1, 0, 1), -4, (0, 0)): (0, 2)
(6, 1, 2, (1, 0, 1), -3, (0, 0)): (1, 2)
(6, 1, 2, (1, 0, 1), -2, (0, 0)): (0, 6)
(6, 1, 2, (1, 0, 1), -1, (0, 0)): (1, 5)
(6, 1, 2, (1, 0, 1), 0, (0, 0)): (1, 5)
(6, 1, 2, (1, 0, 1), 1, (0, 0)): (5, 7)
(6, 1, 2, (1, 0, 1), 2, (0, 0)): (4, 5)
(6, 1, 2, (1, 0, 1), 3, (0, 0)): (6, 7)
(6, 1, 2, (1, 0, 1), 4, (0, 0)): (4, 4)
(6, 1, 2, (1, 0, 1), 5, (0, 0)): (2, 2)
(6, 1, 2, (1, 0, 1), 7, (0, 0)): (3, 3)
(6, 1, 2, (1, 1, 0), -8, (0, 0)): (0, 1)
(6, 1, 2, (1, 1, 0), -7, (0, 0)): (0, 4)
(6, 1, 2, (1, 1, 0), -6, (0, 0)): (0, 2)
(6, 1, 2, (1, 1, 0), -5, (0, 0)): (0, 6)
(6, 1, 2, (1, 1, 0), -4, (0, 0)): (0, 5)
(6, 1, 2, (1, 1, 0), -3, (0, 0)): (2, 10)
(6, 1, 2, (1, 1, 0), -2, (0, 0)): (0, 7)
(6, 1, 2, (1, 1, 0), -1, (0, 0)): (3, 9)
(6, 1, 2, (1, 1, 0), 0, (0, 0)): (7, 13)
(6, 1, 2, (1, 1, 0), 1, (0, 0)): (5, 6)
(6, 1, 2, (1, 1, 0), 2, (0, 0)): (7, 7)
(6, 1, 2, (1, 1, 0), 3, (0, 0)): (2, 3)
(6, 1, 2, (1, 1, 0), 4, (0, 0)): (4, 4)
(6, 1, 2, (1, 1, 0), 5, (0, 0)): (3, 3)
(6, 1, 2, (1, 1, 0), 6, (0, 0)): (1, 1)
(6, 1, 2, (1, 1, 0), 8, (0, 0)): (1, 1)
(6, 1, 2, (1, 1, 0), 9, (0, 0)): (1, 1)
(6, 1, 2, (1, 1, 0), 10, (0, 0)): (1, 1)
(6, 1, 2, (1, 1, 1), -9, (0, 0)): (0, 1)
(6, 1, 2, (1, 1, 1), -6, (0, 0)): (0, 1)
(6, 1, 2, (1, 1, 1), -5, (0, 0)): (0, 1)
(6, 1, 2, (1, 1, 1), -4, (0, 0)): (0, 1)
(6, 1, 2, (1, 1, 1), -3, (0, 0)): (2, 2)
(6, 1, 2, (1, 1, 1), -2, (0, 0)): (0, 2)
(6, 1, 2, (1, 1, 1), -1, (0, 0)): (2, 4)
(6, 1, 2, (1, 1, 1), 0, (0, 0)): (6, 7)
(6, 1, 2, (1, 1, 1), 1, (0, 0)): (5, 6)
(6, 1, 2, (1, 1, 1), 2, (0, 0)): (4, 5)
(6, 1, 2, (1, 1, 1), 5, (0, 0)): (2, 2)
(6, 1, 2, (1, 1, 1), 6, (0, 0)): (1, 1)
(6, 1, 2, (1, 1, 1), 8, (0, 0)): (1, 1)
(6, 1, 2, (1, 1, 1), 9, (0, 0)): (1, 1)
(6, 1, 2, (1, 1, 1), 10, (0, 0)): (1, 1)
(6, 1, 2, (1, 1, 1), 12, (0, 0)): (1, 1)
(6, 1, 2, (1, 1, 1), 13, (0, 0)): (1, 1)
(7, 0, 0, (0, 0, 0), -13, (0, 0)): (0, 1)
(7, 0, 0, (0, 0, 0), -11, (0, 0)): (0, 2)
(7, 0, 0, (0, 0, 0), -10, (0, 0)): (0, 4)
(7, 0, 0, (0, 0, 0), -9, (0, 0)): (0, 7)
(7, 0, 0, (0, 0, 0), -8, (0, 0)): (0, 9)
(7, 0, 0, (0, 0, 0), -7, (0, 0)): (0, 10)
(7, 0, 0, (0, 0, 0), -6, (0, 0)): (0, 12)
(7, 0, 0, (0, 0, 0), -6, (0, 1)): (0, 1)
(7, 0, 0, (0, 0, 0), -6, (1, 1)): (0, 1)
(7, 0, 0, (0, 0, 0), -6, (2, 1)): (0, 1)
(7, 0, 0, (0, 0, 0), -6, (2, 2)): (0, 1)
(7, 0, 0, (0, 0, 0), -5, (0, 0)): (0, 31)
(7, 0, 0, (0, 0, 0), -4, (0, 0)): (2, 45)
(7, 0, 0, (0, 0, 0), -3, (0, 0)): (4, 72)
(7, 0, 0, (0, 0, 0), -2, (0, 0)): (6, 75)
(7, 0, 0, (0, 0, 0), -1, (0, 0)): (22, 87)
(7, 0, 0, (0, 0, 0), 0, (0, 0)): (57, 110)
(7, 0, 0, (0, 0, 0), 0, (0, 1)): (1, 1)
(7, 0, 0, (0, 0, 0), 0, (1, 1)): (1, 1)
(7, 0, 0, (0, 0, 0), 0, (2, 1)): (1, 1)
(7, 0, 0, (0, 0, 0), 1, (0, 0)): (82, 110)
(7, 0, 0, (0, 0, 0), 1, (0, 1)): (1, 1)
(7, 0, 0, (0, 0, 0), 1, (1, 1)): (1, 1)
(7, 0, 0, (0, 0, 0), 1, (1, 2)): (1, 1)
(7, 0, 0, (0, 0, 0), 1, (2, 2)): (1, 1)
(7, 0, 0, (0, 0, 0), 2, (0, 0)): (64, 80)
(7, 0, 0, (0, 0, 0), 2, (1, 0)): (1, 1)
(7, 0, 0, (0, 0, 0), 2, (2, 0)): (1, 1)
(7, 0, 0, (0, 0, 0), 2, (2, 1)): (1, 1)
(7, 0, 0, (0, 0, 0), 2, (2, 2)): (1, 1)
(7, 0, 0, (0, 0, 0), 3, (0, 0)): (51, 60)
(7, 0, 0, (0, 0, 0), 4, (0, 0)): (35, 36)
(7, 0, 0, (0, 0, 0), 4, (1, 0)): (1, 1)
(7, 0, 0, (0, 0, 0), 4, (2, 0)): (1, 1)
(7, 0, 0, (0, 0, 0), 4, (2, 1)): (1, 1)
(7, 0, 0, (0, 0, 0), 5, (0, 0)): (36, 36)
(7, 0, 0, (0, 0, 0), 6, (0, 0)): (18, 19)
(7, 0, 0, (0, 0, 0), 7, (0, 0)): (6, 6)
(7, 0, 0, (0, 0, 0), 8, (0, 0)): (9, 9)
(7, 0, 0, (0, 0, 0), 9, (0, 0)): (3, 3)
(7, 0, 0, (0, 0, 0), 10, (0, 0)): (1, 1)
(7, 0, 0, (0, 0, 0), 11, (0, 0)): (3, 3)
(7, 0, 0, (0, 0, 1), -9, (0, 0)): (0, 2)
(7, 0, 0, (0, 0, 1), -4, (0, 0)): (0, 1)
(7, 0, 0, (0, 0, 1), -2, (0, 0)): (0, 1)
(7, 0, 0, (0, 0, 1), -1, (0, 0)): (0, 1)
(7, 0, 0, (0, 0, 1), 0, (0, 0)): (0, 1)
(7, 0, 0, (0, 0, 1), 1, (0, 0)): (3, 4)
(7, 0, 0, (0, 0, 1), 2, (0, 0)): (5, 5)
(7, 0, 0, (0, 0, 1), 3, (0, 0)): (1, 1)
(7, 0, 0, (0, 0, 1), 4, (0, 0)): (1, 1)
(7, 0, 0, (0, 0, 1), 5, (0, 0)): (2, 2)
(7, 0, 0, (0, 1, 0), -9, (0, 0)): (0, 2)
(7, 0, 0, (0, 1, 0), -7, (0, 0)): (0, 1)
(7, 0, 0, (0, 1, 0), -4, (0, 0)): (0, 3)
(7, 0, 0, (0, 1, 0), -3, (0, 0)): (1, 3)
(7, 0, 0, (0, 1, 0), -2, (0, 0)): (0, 2)
(7, 0, 0, (0, 1, 0), -1, (0, 0)): (1, 1)
(7, 0, 0, (0, 1, 0), 0, (0, 0)): (3, 4)
(7, 0, 0, (0, 1, 0), 1, (0, 0)): (2, 2)
(7, 0, 0, (0, 1, 0), 2, (0, 0)): (5, 5)
(7, 0, 0, (0, 1, 0), 3, (0, 0)): (3, 3)
(7, 0, 0, (0, 1, 0), 4, (0, 0)): (2, 2)
(7, 0, 0, (0, 1, 0), 5, (0, 0)): (3, 3)
(7, 0, 0, (0, 1, 0), 6, (0, 0)): (5, 6)
(7, 0, 0, (0, 1, 0), 7, (0, 0)): (1, 1)
(7, 0, 0, (0, 1, 0), 8, (0, 0)): (1, 1)
(7, 0, 0, (0, 1, 1), -7, (0, 0)): (0, 2)
(7, 0, 0, (0, 1, 1), -6, (0, 0)): (0, 1)
(7, 0, 0, (0, 1, 1), -1, (0, 0)): (2, 3)
(7, 0, 0, (0, 1, 1), 0, (0, 0)): (1, 1)
(7, 0, 0, (0, 1, 1), 2, (0, 0)): (1, 1)
(7, 0, 0, (0, 1, 1), 3, (0, 0)): (1, 1)
(7, 0, 0, (0, 1, 1), 4, (0, 0)): (1, 1)
(7, 0, 0, (0, 1, 1), 6, (0, 0)): (1, 1)
(7, 0, 0, (1, 0, 0), -13, (0, 0)): (0, 1)
(7, 0, 0, (1, 0, 0), -11, (0, 0)): (0, 1)
(7, 0, 0, (1, 0, 0), -10, (0, 0)): (0, 2)
(7, 0, 0, (1, 0, 0), -9, (0, 0)): (0, 1)
(7, 0, 0, (1, 0, 0), -8, (0, 0)): (0, 4)
(7, 0, 0, (1, 0, 0), -7, (0, 0)): (0, 3)
(7, 0, 0, (1, 0, 0), -6, (0, 0)): (0, 7)
(7, 0, 0, (1, 0, 0), -6, (0, 1)): (0, 1)
(7, 0, 0, (1, 0, 0), -6, (0, 2)): (0, 1)
(7, 0, 0, (1, 0, 0), -5, (0, 0)): (0, 9)
(7, 0, 0, (1, 0, 0), -4, (0, 0)): (0, 18)
(7, 0, 0, (1, 0, 0), -3, (0, 0)): (1, 21)
(7, 0, 0, (1, 0, 0), -2, (0, 0)): (1, 17)
(7, 0, 0, (1, 0, 0), -1, (0, 0)): (7, 26)
(7, 0, 0, (1, 0, 0), 0, (0, 0)): (16, 29)
(7, 0, 0, (1, 0, 0), 1, (0, 0)): (22, 31)
(7, 0, 0, (1, 0, 0), 2, (0, 0)): (15, 18)
(7, 0, 0, (1, 0, 0), 3, (0, 0)): (12, 14)
(7, 0, 0, (1, 0, 0), 4, (0, 0)): (16, 16)
(7, 0, 0, (1, 0, 0), 4, (0, 1)): (1, 1)
(7, 0, 0, (1, 0, 0), 4, (1, 1)): (1, 1)
(7, 0, 0, (1, 0, 0), 4, (1, 2)): (1, 1)
(7, 0, 0, (1, 0, 0), 5, (0, 0)): (12, 12)
(7, 0, 0, (1, 0, 0), 6, (0, 0)): (5, 5)
(7, 0, 0, (1, 0, 0), 7, (0, 0)): (3, 3)
(7, 0, 0, (1, 0, 0), 8, (0, 0)): (1, 1)
(7, 0, 0, (1, 0, 1), -8, (0, 0)): (0, 1)
(7, 0, 0, (1, 0, 1), -6, (0, 0)): (0, 1)
(7, 0, 0, (1, 0, 1), -4, (0, 0)): (0, 1)
(7, 0, 0, (1, 0, 1), -1, (0, 0)): (0, 2)
(7, 0, 0, (1, 0, 1), 0, (0, 0)): (2, 3)
(7, 0, 0, (1, 0, 1), 2, (0, 0)): (3, 3)
(7, 0, 0, (1, 0, 1), 3, (0, 0)): (1, 1)
(7, 0, 0, (1, 0, 1), 4, (0, 0)): (1, 1)
(7, 0, 0, (1, 0, 1), 5, (0, 0)): (2, 2)
(7, 0, 0, (1, 0, 1), 6, (0, 0)): (1, 1)
(7, 0, 0, (1, 0, 1), 7, (0, 0)): (1, 1)
(7, 0, 0, (1, 1, 0), -9, (0, 0)): (0, 1)
(7, 0, 0, (1, 1, 0), -8, (0, 0)): (0, 3)
(7, 0, 0, (1, 1, 0), -7, (0, 0)): (0, 2)
(7, 0, 0, (1, 1, 0), -6, (0, 0)): (0, 1)
(7, 0, 0, (1, 1, 0), -4, (0, 0)): (0, 3)
(7, 0, 0, (1, 1, 0), -3, (0, 0)): (1, 4)
(7, 0, 0, (1, 1, 0), -2, (0, 0)): (0, 3)
(7, 0, 0, (1, 1, 0), -1, (0, 0)): (2, 3)
(7, 0, 0, (1, 1, 0), 0, (0, 0)): (2, 3)
(7, 0, 0, (1, 1, 0), 1, (0, 0)): (5, 6)
(7, 0, 0, (1, 1, 0), 2, (0, 0)): (5, 5)
(7, 0, 0, (1, 1, 0), 3, (0, 0)): (2, 2)
(7, 0, 0, (1, 1, 0), 4, (0, 0)): (3, 3)
(7, 0, 0, (1, 1, 0), 5, (0, 0)): (2, 2)
(7, 0, 0, (1, 1, 0), 6, (0, 0)): (3, 3)
(7, 0, 0, (1, 1, 0), 7, (0, 0)): (1, 1)
(7, 0, 0, (1, 1, 1), -8, (0, 0)): (0, 1)
(7, 0, 0, (1, 1, 1), -6, (0, 0)): (0, 2)
(7, 0, 0, (1, 1, 1), -5, (0, 0)): (0, 1)
(7, 0, 0, (1, 1, 1), -4, (0, 0)): (0, 2)
(7, 0, 0, (1, 1, 1), -3, (0, 0)): (0, 2)
(7, 0, 0, (1, 1, 1), -2, (0, 0)): (0, 1)
(7, 0, 0, (1, 1, 1), -1, (0, 0)): (1, 1)
(7, 0, 0, (1, 1, 1), 0, (0, 0)): (0, 1)
(7, 0, 0, (1, 1, 1), 5, (0, 0)): (2, 2)
(7, 0, 0, (1, 1, 1), 6, (0, 0)): (1, 1)
(7, 0, 0, (1, 1, 1), 7, (0, 0)): (2, 2)
(7, 0, 1, (0, 0, 0), -11, (0, 0)): (0, 1)
(7, 0, 1, (0, 0, 0), -10, (0, 0)): (0, 2)
(7, 0, 1, (0, 0, 0), -9, (0, 0)): (0, 5)
(7, 0, 1, (0, 0, 0), -8, (0, 0)): (0, 6)
(7, 0, 1, (0, 0, 0), -7, (0, 0)): (0, 6)
(7, 0, 1, (0, 0, 0), -6, (0, 0)): (0, 6)
(7, 0, 1, (0, 0, 0), -5, (0, 0)): (0, 22)
(7, 0, 1, (0, 0, 0), -4, (0, 0)): (2, 26)
(7, 0, 1, (0, 0, 0), -3, (0, 0)): (2, 48)
(7, 0, 1, (0, 0, 0), -2, (0, 0)): (5, 59)
(7, 0, 1, (0, 0, 0), -1, (0, 0)): (14, 60)
(7, 0, 1, (0, 0, 0), -1, (0, 1)): (0, 1)
(7, 0, 1, (0, 0, 0), -1, (0, 2)): (0, 1)
(7, 0, 1, (0, 0, 0), 0, (0, 0)): (40, 79)
(7, 0, 1, (0, 0, 0), 0, (0, 1)): (1, 1)
(7, 0, 1, (0, 0, 0), 0, (0, 2)): (1, 1)
(7, 0, 1, (0, 0, 0), 1, (0, 0)): (58, 77)
(7, 0, 1, (0, 0, 0), 1, (1, 0)): (1, 1)
(7, 0, 1, (0, 0, 0), 1, (1, 1)): (1, 1)
(7, 0, 1, (0, 0, 0), 2, (0, 0)): (45, 59)
(7, 0, 1, (0, 0, 0), 2, (0, 1)): (1, 1)
(7, 0, 1, (0, 0, 0), 2, (0, 2)): (1, 1)
(7, 0, 1, (0, 0, 0), 3, (0, 0)): (38, 45)
(7, 0, 1, (0, 0, 0), 4, (0, 0)): (18, 19)
(7, 0, 1, (0, 0, 0), 5, (0, 0)): (23, 23)
(7, 0, 1, (0, 0, 0), 6, (0, 0)): (13, 13)
(7, 0, 1, (0, 0, 0), 7, (0, 0)): (3, 3)
(7, 0, 1, (0, 0, 0), 8, (0, 0)): (7, 7)
(7, 0, 1, (0, 0, 0), 9, (0, 0)): (3, 3)
(7, 0, 1, (0, 0, 0), 10, (0, 0)): (2, 2)
(7, 0, 1, (0, 0, 0), 11, (0, 0)): (3, 3)
(7, 0, 1, (0, 0, 1), -4, (0, 0)): (0, 2)
(7, 0, 1, (0, 0, 1), -3, (0, 0)): (0, 1)
(7, 0, 1, (0, 0, 1), -2, (0, 0)): (0, 3)
(7, 0, 1, (0, 0, 1), -1, (0, 0)): (2, 3)
(7, 0, 1, (0, 0, 1), 0, (0, 0)): (5, 7)
(7, 0, 1, (0, 0, 1), 1, (0, 0)): (7, 8)
(7, 0, 1, (0, 0, 1), 2, (0, 0)): (14, 16)
(7, 0, 1, (0, 0, 1), 3, (0, 0)): (5, 5)
(7, 0, 1, (0, 0, 1), 4, (0, 0)): (4, 4)
(7, 0, 1, (0, 0, 1), 5, (0, 0)): (4, 4)
(7, 0, 1, (0, 0, 1), 5, (1, 0)): (1, 1)
(7, 0, 1, (0, 0, 1), 6, (0, 0)): (5, 5)
(7, 0, 1, (0, 0, 1), 7, (0, 0)): (2, 2)
(7, 0, 1, (0, 0, 1), 8, (0, 0)): (2, 2)
(7, 0, 1, (0, 1, 0), -8, (0, 0)): (0, 1)
(7, 0, 1, (0, 1, 0), -7, (0, 0)): (0, 1)
(7, 0, 1, (0, 1, 0), -5, (0, 0)): (0, 1)
(7, 0, 1, (0, 1, 0), -4, (0, 0)): (0, 4)
(7, 0, 1, (0, 1, 0), -3, (0, 0)): (0, 8)
(7, 0, 1, (0, 1, 0), -2, (0, 0)): (0, 10)
(7, 0, 1, (0, 1, 0), -1, (0, 0)): (4, 15)
(7, 0, 1, (0, 1, 0), 0, (0, 0)): (8, 13)
(7, 0, 1, (0, 1, 0), 1, (0, 0)): (19, 24)
(7, 0, 1, (0, 1, 0), 2, (0, 0)): (7, 9)
(7, 0, 1, (0, 1, 0), 3, (0, 0)): (7, 8)
(7, 0, 1, (0, 1, 0), 4, (0, 0)): (4, 4)
(7, 0, 1, (0, 1, 0), 5, (0, 0)): (8, 8)
(7, 0, 1, (0, 1, 0), 6, (0, 0)): (2, 3)
(7, 0, 1, (0, 1, 0), 8, (0, 0)): (2, 2)
(7, 0, 1, (0, 1, 0), 9, (0, 0)): (1, 1)
(7, 0, 1, (0, 1, 1), -7, (0, 0)): (0, 1)
(7, 0, 1, (0, 1, 1), -3, (0, 0)): (1, 3)
(7, 0, 1, (0, 1, 1), -2, (0, 0)): (0, 1)
(7, 0, 1, (0, 1, 1), -1, (0, 0)): (1, 4)
(7, 0, 1, (0, 1, 1), 0, (0, 0)): (2, 3)
(7, 0, 1, (0, 1, 1), 1, (0, 0)): (4, 5)
(7, 0, 1, (0, 1, 1), 2, (0, 0)): (2, 2)
(7, 0, 1, (0, 1, 1), 3, (0, 0)): (3, 4)
(7, 0, 1, (0, 1, 1), 4, (0, 0)): (4, 4)
(7, 0, 1, (0, 1, 1), 6, (0, 0)): (3, 3)
(7, 0, 1, (0, 1, 1), 8, (0, 0)): (1, 1)
(7, 0, 1, (0, 1, 1), 11, (0, 0)): (1, 1)
(7, 0, 1, (1, 0, 0), -11, (0, 0)): (0, 1)
(7, 0, 1, (1, 0, 0), -10, (0, 0)): (0, 1)
(7, 0, 1, (1, 0, 0), -9, (0, 0)): (0, 1)
(7, 0, 1, (1, 0, 0), -8, (0, 0)): (0, 3)
(7, 0, 1, (1, 0, 0), -7, (0, 0)): (0, 3)
(7, 0, 1, (1, 0, 0), -6, (0, 0)): (0, 2)
(7, 0, 1, (1, 0, 0), -6, (0, 1)): (0, 1)
(7, 0, 1, (1, 0, 0), -6, (0, 2)): (0, 1)
(7, 0, 1, (1, 0, 0), -5, (0, 0)): (0, 12)
(7, 0, 1, (1, 0, 0), -4, (0, 0)): (1, 12)
(7, 0, 1, (1, 0, 0), -3, (0, 0)): (2, 26)
(7, 0, 1, (1, 0, 0), -2, (0, 0)): (2, 31)
(7, 0, 1, (1, 0, 0), -1, (0, 0)): (4, 23)
(7, 0, 1, (1, 0, 0), 0, (0, 0)): (13, 30)
(7, 0, 1, (1, 0, 0), 1, (0, 0)): (26, 33)
(7, 0, 1, (1, 0, 0), 2, (0, 0)): (18, 25)
(7, 0, 1, (1, 0, 0), 3, (0, 0)): (18, 22)
(7, 0, 1, (1, 0, 0), 4, (0, 0)): (22, 22)
(7, 0, 1, (1, 0, 0), 4, (0, 1)): (1, 1)
(7, 0, 1, (1, 0, 0), 4, (1, 1)): (1, 1)
(7, 0, 1, (1, 0, 0), 4, (1, 2)): (1, 1)
(7, 0, 1, (1, 0, 0), 4, (2, 2)): (1, 1)
(7, 0, 1, (1, 0, 0), 5, (0, 0)): (6, 6)
(7, 0, 1, (1, 0, 0), 6, (0, 0)): (12, 12)
(7, 0, 1, (1, 0, 0), 7, (0, 0)): (2, 2)
(7, 0, 1, (1, 0, 0), 8, (0, 0)): (6, 6)
(7, 0, 1, (1, 0, 0), 9, (0, 0)): (1, 1)
(7, 0, 1, (1, 0, 0), 10, (0, 0)): (1, 1)
(7, 0, 1, (1, 0, 0), 11, (0, 0)): (2, 2)
(7, 0, 1, (1, 0, 1), -8, (0, 0)): (0, 2)
(7, 0, 1, (1, 0, 1), -7, (0, 0)): (0, 1)
(7, 0, 1, (1, 0, 1), -6, (0, 0)): (0, 1)
(7, 0, 1, (1, 0, 1), -4, (0, 0)): (0, 2)
(7, 0, 1, (1, 0, 1), -2, (0, 0)): (0, 1)
(7, 0, 1, (1, 0, 1), -1, (0, 0)): (1, 2)
(7, 0, 1, (1, 0, 1), 0, (0, 0)): (1, 2)
(7, 0, 1, (1, 0, 1), 1, (0, 0)): (6, 7)
(7, 0, 1, (1, 0, 1), 2, (0, 0)): (8, 8)
(7, 0, 1, (1, 0, 1), 3, (0, 0)): (5, 5)
(7, 0, 1, (1, 0, 1), 4, (0, 0)): (2, 2)
(7, 0, 1, (1, 0, 1), 5, (0, 0)): (1, 1)
(7, 0, 1, (1, 0, 1), 6, (0, 0)): (2, 2)
(7, 0, 1, (1, 0, 1), 7, (0, 0)): (1, 1)
(7, 0, 1, (1, 0, 1), 8, (0, 0)): (1, 1)
(7, 0, 1, (1, 0, 1), 9, (0, 0)): (1, 1)
(7, 0, 1, (1, 1, 0), -11, (0, 0)): (0, 1)
(7, 0, 1, (1, 1, 0), -9, (0, 0)): (0, 1)
(7, 0, 1, (1, 1, 0), -7, (0, 0)): (0, 1)
(7, 0, 1, (1, 1, 0), -6, (0, 0)): (0, 1)
(7, 0, 1, (1, 1, 0), -6, (0, 1)): (0, 1)
(7, 0, 1, (1, 1, 0), -6, (0, 2)): (0, 1)
(7, 0, 1, (1, 1, 0), -6, (1, 2)): (0, 1)
(7, 0, 1, (1, 1, 0), -6, (2, 2)): (0, 1)
(7, 0, 1, (1, 1, 0), -6, (3, 2)): (0, 1)
(7, 0, 1, (1, 1, 0), -5, (0, 0)): (0, 4)
(7, 0, 1, (1, 1, 0), -4, (0, 0)): (0, 2)
(7, 0, 1, (1, 1, 0), -3, (0, 0)): (1, 8)
(7, 0, 1, (1, 1, 0), -2, (0, 0)): (0, 8)
(7, 0, 1, (1, 1, 0), -1, (0, 0)): (1, 5)
(7, 0, 1, (1, 1, 0), 0, (0, 0)): (5, 8)
(7, 0, 1, (1, 1, 0), 1, (0, 0)): (8, 8)
(7, 0, 1, (1, 1, 0), 2, (0, 0)): (7, 10)
(7, 0, 1, (1, 1, 0), 3, (0, 0)): (9, 11)
(7, 0, 1, (1, 1, 0), 4, (0, 0)): (4, 4)
(7, 0, 1, (1, 1, 0), 5, (0, 0)): (4, 4)
(7, 0, 1, (1, 1, 0), 11, (0, 0)): (2, 2)
(7, 0, 1, (1, 1, 1), -8, (0, 0)): (0, 1)
(7, 0, 1, (1, 1, 1), -7, (0, 0)): (0, 2)
(7, 0, 1, (1, 1, 1), -6, (0, 0)): (0, 2)
(7, 0, 1, (1, 1, 1), -5, (0, 0)): (0, 2)
(7, 0, 1, (1, 1, 1), -4, (0, 0)): (0, 2)
(7, 0, 1, (1, 1, 1), -3, (0, 0)): (1, 4)
(7, 0, 1, (1, 1, 1), -2, (0, 0)): (0, 1)
(7, 0, 1, (1, 1, 1), -1, (0, 0)): (1, 3)
(7, 0, 1, (1, 1, 1), 0, (0, 0)): (1, 4)
(7, 0, 1, (1, 1, 1), 1, (0, 0)): (3, 3)
(7, 0, 1, (1, 1, 1), 2, (0, 0)): (1, 1)
(7, 0, 1, (1, 1, 1), 3, (0, 0)): (1, 1)
(7, 0, 1, (1, 1, 1), 4, (0, 0)): (2, 2)
(7, 0, 1, (1, 1, 1), 5, (0, 0)): (1, 1)
(7, 0, 1, (1, 1, 1), 6, (0, 0)): (2, 2)
(7, 0, 2, (0, 0, 0), -13, (0, 0)): (0, 1)
(7, 0, 2, (0, 0, 0), -11, (0, 0)): (0, 1)
(7, 0, 2, (0, 0, 0), -10, (0, 0)): (0, 2)
(7, 0, 2, (0, 0, 0), -9, (0, 0)): (0, 5)
(7, 0, 2, (0, 0, 0), -8, (0, 0)): (0, 2)
(7, 0, 2, (0, 0, 0), -7, (0, 0)): (0, 4)
(7, 0, 2, (0, 0, 0), -6, (0, 0)): (0, 9)
(7, 0, 2, (0, 0, 0), -5, (0, 0)): (0, 17)
(7, 0, 2, (0, 0, 0), -4, (0, 0)): (1, 27)
(7, 0, 2, (0, 0, 0), -3, (0, 0)): (2, 36)
(7, 0, 2, (0, 0, 0), -2, (0, 0)): (4, 41)
(7, 0, 2, (0, 0, 0), -1, (0, 0)): (8, 41)
(7, 0, 2, (0, 0, 0), 0, (0, 0)): (30, 63)
(7, 0, 2, (0, 0, 0), 1, (0, 0)): (45, 62)
(7, 0, 2, (0, 0, 0), 1, (1, 0)): (1, 1)
(7, 0, 2, (0, 0, 0), 1, (1, 1)): (1, 1)
(7, 0, 2, (0, 0, 0), 1, (2, 1)): (1, 1)
(7, 0, 2, (0, 0, 0), 2, (0, 0)): (34, 42)
(7, 0, 2, (0, 0, 0), 2, (0, 1)): (1, 1)
(7, 0, 2, (0, 0, 0), 2, (1, 1)): (1, 1)
(7, 0, 2, (0, 0, 0), 2, (2, 1)): (1, 1)
(7, 0, 2, (0, 0, 0), 2, (3, 1)): (1, 1)
(7, 0, 2, (0, 0, 0), 3, (0, 0)): (37, 42)
(7, 0, 2, (0, 0, 0), 4, (0, 0)): (11, 12)
(7, 0, 2, (0, 0, 0), 5, (0, 0)): (24, 24)
(7, 0, 2, (0, 0, 0), 6, (0, 0)): (9, 10)
(7, 0, 2, (0, 0, 0), 7, (0, 0)): (6, 6)
(7, 0, 2, (0, 0, 0), 8, (0, 0)): (5, 5)
(7, 0, 2, (0, 0, 0), 9, (0, 0)): (1, 1)
(7, 0, 2, (0, 0, 0), 10, (0, 0)): (2, 2)
(7, 0, 2, (0, 0, 0), 11, (0, 0)): (1, 1)
(7, 0, 2, (0, 0, 1), -7, (0, 0)): (0, 2)
(7, 0, 2, (0, 0, 1), -6, (0, 0)): (0, 1)
(7, 0, 2, (0, 0, 1), -4, (0, 0)): (0, 1)
(7, 0, 2, (0, 0, 1), -3, (0, 0)): (0, 6)
(7, 0, 2, (0, 0, 1), -2, (0, 0)): (0, 7)
(7, 0, 2, (0, 0, 1), -1, (0, 0)): (3, 7)
(7, 0, 2, (0, 0, 1), 0, (0, 0)): (3, 9)
(7, 0, 2, (0, 0, 1), 1, (0, 0)): (9, 14)
(7, 0, 2, (0, 0, 1), 2, (0, 0)): (7, 10)
(7, 0, 2, (0, 0, 1), 3, (0, 0)): (7, 7)
(7, 0, 2, (0, 0, 1), 4, (0, 0)): (6, 6)
(7, 0, 2, (0, 0, 1), 5, (0, 0)): (4, 4)
(7, 0, 2, (0, 0, 1), 6, (0, 0)): (8, 8)
(7, 0, 2, (0, 0, 1), 7, (0, 0)): (3, 3)
(7, 0, 2, (0, 0, 1), 8, (0, 0)): (3, 3)
(7, 0, 2, (0, 0, 1), 10, (0, 0)): (1, 1)
(7, 0, 2, (0, 0, 1), 12, (0, 0)): (1, 1)
(7, 0, 2, (0, 0, 1), 15, (0, 0)): (1, 1)
(7, 0, 2, (0, 1, 0), -8, (0, 0)): (0, 1)
(7, 0, 2, (0, 1, 0), -7, (0, 0)): (0, 1)
(7, 0, 2, (0, 1, 0), -6, (0, 0)): (0, 1)
(7, 0, 2, (0, 1, 0), -5, (0, 0)): (0, 4)
(7, 0, 2, (0, 1, 0), -4, (0, 0)): (0, 7)
(7, 0, 2, (0, 1, 0), -3, (0, 0)): (1, 10)
(7, 0, 2, (0, 1, 0), -2, (0, 0)): (1, 13)
(7, 0, 2, (0, 1, 0), -1, (0, 0)): (3, 17)
(7, 0, 2, (0, 1, 0), 0, (0, 0)): (9, 17)
(7, 0, 2, (0, 1, 0), 1, (0, 0)): (14, 19)
(7, 0, 2, (0, 1, 0), 2, (0, 0)): (10, 13)
(7, 0, 2, (0, 1, 0), 3, (0, 0)): (3, 4)
(7, 0, 2, (0, 1, 0), 4, (0, 0)): (13, 14)
(7, 0, 2, (0, 1, 0), 5, (0, 0)): (10, 10)
(7, 0, 2, (0, 1, 0), 6, (0, 0)): (5, 5)
(7, 0, 2, (0, 1, 0), 7, (0, 0)): (5, 5)
(7, 0, 2, (0, 1, 0), 8, (0, 0)): (2, 2)
(7, 0, 2, (0, 1, 0), 9, (0, 0)): (1, 1)
(7, 0, 2, (0, 1, 1), -6, (0, 0)): (0, 1)
(7, 0, 2, (0, 1, 1), -6, (1, 0)): (0, 1)
(7, 0, 2, (0, 1, 1), -6, (1, 1)): (0, 1)
(7, 0, 2, (0, 1, 1), -6, (1, 2)): (0, 1)
(7, 0, 2, (0, 1, 1), -4, (0, 0)): (0, 2)
(7, 0, 2, (0, 1, 1), -3, (0, 0)): (0, 3)
(7, 0, 2, (0, 1, 1), -2, (0, 0)): (0, 3)
(7, 0, 2, (0, 1, 1), -1, (0, 0)): (4, 6)
(7, 0, 2, (0, 1, 1), 0, (0, 0)): (0, 2)
(7, 0, 2, (0, 1, 1), 1, (0, 0)): (5, 5)
(7, 0, 2, (0, 1, 1), 2, (0, 0)): (2, 3)
(7, 0, 2, (0, 1, 1), 3, (0, 0)): (5, 5)
(7, 0, 2, (0, 1, 1), 4, (0, 0)): (3, 3)
(7, 0, 2, (0, 1, 1), 5, (0, 0)): (3, 3)
(7, 0, 2, (0, 1, 1), 6, (0, 0)): (2, 2)
(7, 0, 2, (0, 1, 1), 8, (0, 0)): (1, 1)
(7, 0, 2, (1, 0, 0), -10, (0, 0)): (0, 1)
(7, 0, 2, (1, 0, 0), -8, (0, 0)): (0, 1)
(7, 0, 2, (1, 0, 0), -7, (0, 0)): (0, 4)
(7, 0, 2, (1, 0, 0), -6, (0, 0)): (0, 4)
(7, 0, 2, (1, 0, 0), -5, (0, 0)): (0, 10)
(7, 0, 2, (1, 0, 0), -4, (0, 0)): (2, 15)
(7, 0, 2, (1, 0, 0), -3, (0, 0)): (0, 25)
(7, 0, 2, (1, 0, 0), -2, (0, 0)): (3, 33)
(7, 0, 2, (1, 0, 0), -1, (0, 0)): (4, 26)
(7, 0, 2, (1, 0, 0), 0, (0, 0)): (18, 33)
(7, 0, 2, (1, 0, 0), 1, (0, 0)): (19, 29)
(7, 0, 2, (1, 0, 0), 2, (0, 0)): (19, 27)
(7, 0, 2, (1, 0, 0), 3, (0, 0)): (27, 29)
(7, 0, 2, (1, 0, 0), 4, (0, 0)): (14, 16)
(7, 0, 2, (1, 0, 0), 5, (0, 0)): (14, 14)
(7, 0, 2, (1, 0, 0), 6, (0, 0)): (6, 7)
(7, 0, 2, (1, 0, 0), 7, (0, 0)): (6, 6)
(7, 0, 2, (1, 0, 0), 8, (0, 0)): (5, 5)
(7, 0, 2, (1, 0, 0), 9, (0, 0)): (2, 2)
(7, 0, 2, (1, 0, 0), 10, (0, 0)): (2, 2)
(7, 0, 2, (1, 0, 0), 11, (0, 0)): (1, 1)
(7, 0, 2, (1, 0, 1), -8, (0, 0)): (0, 2)
(7, 0, 2, (1, 0, 1), -7, (0, 0)): (0, 1)
(7, 0, 2, (1, 0, 1), -6, (0, 0)): (0, 1)
(7, 0, 2, (1, 0, 1), -5, (0, 0)): (0, 1)
(7, 0, 2, (1, 0, 1), -4, (0, 0)): (0, 2)
(7, 0, 2, (1, 0, 1), -3, (0, 0)): (0, 1)
(7, 0, 2, (1, 0, 1), -2, (0, 0)): (0, 4)
(7, 0, 2, (1, 0, 1), -1, (0, 0)): (1, 6)
(7, 0, 2, (1, 0, 1), 0, (0, 0)): (2, 3)
(7, 0, 2, (1, 0, 1), 1, (0, 0)): (5, 6)
(7, 0, 2, (1, 0, 1), 2, (0, 0)): (7, 9)
(7, 0, 2, (1, 0, 1), 3, (0, 0)): (3, 4)
(7, 0, 2, (1, 0, 1), 4, (0, 0)): (5, 5)
(7, 0, 2, (1, 0, 1), 7, (0, 0)): (1, 1)
(7, 0, 2, (1, 1, 0), -10, (0, 0)): (0, 1)
(7, 0, 2, (1, 1, 0), -7, (0, 0)): (0, 1)
(7, 0, 2, (1, 1, 0), -6, (0, 0)): (0, 2)
(7, 0, 2, (1, 1, 0), -5, (0, 0)): (0, 4)
(7, 0, 2, (1, 1, 0), -4, (0, 0)): (0, 3)
(7, 0, 2, (1, 1, 0), -3, (0, 0)): (0, 5)
(7, 0, 2, (1, 1, 0), -2, (0, 0)): (2, 17)
(7, 0, 2, (1, 1, 0), -1, (0, 0)): (1, 7)
(7, 0, 2, (1, 1, 0), 0, (0, 0)): (4, 7)
(7, 0, 2, (1, 1, 0), 1, (0, 0)): (6, 8)
(7, 0, 2, (1, 1, 0), 2, (0, 0)): (7, 8)
(7, 0, 2, (1, 1, 0), 3, (0, 0)): (9, 9)
(7, 0, 2, (1, 1, 0), 4, (0, 0)): (9, 9)
(7, 0, 2, (1, 1, 0), 5, (0, 0)): (5, 5)
(7, 0, 2, (1, 1, 0), 6, (0, 0)): (1, 1)
(7, 0, 2, (1, 1, 0), 7, (0, 0)): (2, 2)
(7, 0, 2, (1, 1, 0), 8, (0, 0)): (2, 2)
(7, 0, 2, (1, 1, 0), 9, (0, 0)): (1, 1)
(7, 0, 2, (1, 1, 0), 11, (0, 0)): (1, 1)
(7, 0, 2, (1, 1, 1), -8, (0, 0)): (0, 1)
(7, 0, 2, (1, 1, 1), -7, (0, 0)): (0, 1)
(7, 0, 2, (1, 1, 1), -6, (0, 0)): (0, 2)
(7, 0, 2, (1, 1, 1), -4, (0, 0)): (0, 1)
(7, 0, 2, (1, 1, 1), -2, (0, 0)): (0, 3)
(7, 0, 2, (1, 1, 1), -1, (0, 0)): (2, 4)
(7, 0, 2, (1, 1, 1), 0, (0, 0)): (1, 3)
(7, 0, 2, (1, 1, 1), 1, (0, 0)): (3, 3)
(7, 0, 2, (1, 1, 1), 2, (0, 0)): (2, 3)
(7, 0, 2, (1, 1, 1), 3, (0, 0)): (1, 1)
(7, 0, 2, (1, 1, 1), 4, (0, 0)): (4, 4)
(7, 0, 2, (1, 1, 1), 5, (0, 0)): (2, 2)
(7, 0, 2, (1, 1, 1), 6, (0, 0)): (2, 2)
(7, 0, 2, (1, 1, 1), 8, (0, 0)): (1, 1)
(7, 0, 2, (1, 1, 1), 11, (0, 0)): (1, 1)
(7, 0, 2, (1, 1, 1), 12, (0, 0)): (1, 1)
(7, 1, 0, (0, 0, 0), -15, (0, 0)): (0, 1)
(7, 1, 0, (0, 0, 0), -12, (0, 0)): (0, 1)
(7, 1, 0, (0, 0, 0), -11, (0, 0)): (0, 1)
(7, 1, 0, (0, 0, 0), -10, (0, 0)): (0, 5)
(7, 1, 0, (0, 0, 0), -9, (0, 0)): (0, 3)
(7, 1, 0, (0, 0, 0), -8, (0, 0)): (0, 13)
(7, 1, 0, (0, 0, 0), -7, (0, 0)): (0, 13)
(7, 1, 0, (0, 0, 0), -6, (0, 0)): (1, 24)
(7, 1, 0, (0, 0, 0), -6, (0, 1)): (0, 1)
(7, 1, 0, (0, 0, 0), -6, (0, 2)): (0, 1)
(7, 1, 0, (0, 0, 0), -5, (0, 0)): (0, 43)
(7, 1, 0, (0, 0, 0), -4, (0, 0)): (3, 38)
(7, 1, 0, (0, 0, 0), -3, (0, 0)): (9, 68)
(7, 1, 0, (0, 0, 0), -2, (0, 0)): (20, 80)
(7, 1, 0, (0, 0, 0), -2, (1, 0)): (0, 1)
(7, 1, 0, (0, 0, 0), -2, (1, 1)): (0, 1)
(7, 1, 0, (0, 0, 0), -2, (2, 1)): (0, 1)
(7, 1, 0, (0, 0, 0), -1, (0, 0)): (27, 103)
(7, 1, 0, (0, 0, 0), -1, (1, 0)): (0, 1)
(7, 1, 0, (0, 0, 0), -1, (1, 1)): (0, 1)
(7, 1, 0, (0, 0, 0), 0, (0, 0)): (58, 100)
(7, 1, 0, (0, 0, 0), 1, (0, 0)): (67, 83)
(7, 1, 0, (0, 0, 0), 2, (0, 0)): (76, 81)
(7, 1, 0, (0, 0, 0), 3, (0, 0)): (59, 61)
(7, 1, 0, (0, 0, 0), 3, (0, 1)): (1, 1)
(7, 1, 0, (0, 0, 0), 4, (0, 0)): (41, 42)
(7, 1, 0, (0, 0, 0), 5, (0, 0)): (30, 30)
(7, 1, 0, (0, 0, 0), 6, (0, 0)): (14, 14)
(7, 1, 0, (0, 0, 0), 7, (0, 0)): (8, 8)
(7, 1, 0, (0, 0, 0), 8, (0, 0)): (6, 6)
(7, 1, 0, (0, 0, 0), 9, (0, 0)): (6, 6)
(7, 1, 0, (0, 0, 0), 10, (0, 0)): (3, 3)
(7, 1, 0, (0, 0, 0), 11, (0, 0)): (2, 2)
(7, 1, 0, (0, 0, 0), 13, (0, 0)): (1, 1)
(7, 1, 0, (0, 0, 1), -7, (0, 0)): (0, 2)
(7, 1, 0, (0, 0, 1), -6, (0, 0)): (0, 1)
(7, 1, 0, (0, 0, 1), -5, (0, 0)): (0, 1)
(7, 1, 0, (0, 0, 1), -2, (0, 0)): (0, 1)
(7, 1, 0, (0, 0, 1), -1, (0, 0)): (0, 2)
(7, 1, 0, (0, 0, 1), 0, (0, 0)): (3, 4)
(7, 1, 0, (0, 0, 1), 1, (0, 0)): (2, 2)
(7, 1, 0, (0, 0, 1), 2, (0, 0)): (1, 1)
(7, 1, 0, (0, 0, 1), 4, (0, 0)): (2, 2)
(7, 1, 0, (0, 0, 1), 5, (0, 0)): (1, 1)
(7, 1, 0, (0, 0, 1), 9, (0, 0)): (1, 1)
(7, 1, 0, (0, 1, 0), -11, (0, 0)): (0, 1)
(7, 1, 0, (0, 1, 0), -8, (0, 0)): (0, 1)
(7, 1, 0, (0, 1, 0), -7, (0, 0)): (0, 2)
(7, 1, 0, (0, 1, 0), -6, (0, 0)): (0, 1)
(7, 1, 0, (0, 1, 0), -6, (1, 0)): (0, 1)
(7, 1, 0, (0, 1, 0), -6, (2, 0)): (0, 1)
(7, 1, 0, (0, 1, 0), -6, (2, 1)): (0, 1)
(7, 1, 0, (0, 1, 0), -6, (2, 2)): (0, 1)
(7, 1, 0, (0, 1, 0), -5, (0, 0)): (0, 3)
(7, 1, 0, (0, 1, 0), -4, (0, 0)): (0, 2)
(7, 1, 0, (0, 1, 0), -3, (0, 0)): (1, 7)
(7, 1, 0, (0, 1, 0), -2, (0, 0)): (0, 3)
(7, 1, 0, (0, 1, 0), -1, (0, 0)): (3, 5)
(7, 1, 0, (0, 1, 0), 0, (0, 0)): (5, 5)
(7, 1, 0, (0, 1, 0), 1, (0, 0)): (3, 6)
(7, 1, 0, (0, 1, 0), 2, (0, 0)): (2, 2)
(7, 1, 0, (0, 1, 0), 3, (0, 0)): (4, 4)
(7, 1, 0, (0, 1, 0), 4, (0, 0)): (4, 6)
(7, 1, 0, (0, 1, 0), 5, (0, 0)): (2, 2)
(7, 1, 0, (0, 1, 0), 10, (0, 0)): (1, 1)
(7, 1, 0, (0, 1, 1), -10, (0, 0)): (0, 1)
(7, 1, 0, (0, 1, 1), -9, (0, 0)): (0, 1)
(7, 1, 0, (0, 1, 1), -4, (0, 0)): (0, 1)
(7, 1, 0, (0, 1, 1), -3, (0, 0)): (1, 1)
(7, 1, 0, (0, 1, 1), -1, (0, 0)): (1, 2)
(7, 1, 0, (0, 1, 1), 4, (0, 0)): (3, 3)
(7, 1, 0, (0, 1, 1), 6, (0, 0)): (1, 1)
(7, 1, 0, (0, 1, 1), 7, (0, 0)): (1, 1)
(7, 1, 0, (1, 0, 0), -12, (0, 0)): (0, 1)
(7, 1, 0, (1, 0, 0), -10, (0, 0)): (0, 2)
(7, 1, 0, (1, 0, 0), -9, (0, 0)): (0, 2)
(7, 1, 0, (1, 0, 0), -8, (0, 0)): (0, 4)
(7, 1, 0, (1, 0, 0), -7, (0, 0)): (0, 1)
(7, 1, 0, (1, 0, 0), -6, (0, 0)): (0, 3)
(7, 1, 0, (1, 0, 0), -5, (0, 0)): (0, 17)
(7, 1, 0, (1, 0, 0), -5, (0, 1)): (0, 1)
(7, 1, 0, (1, 0, 0), -5, (1, 1)): (0, 1)
(7, 1, 0, (1, 0, 0), -5, (1, 2)): (0, 1)
(7, 1, 0, (1, 0, 0), -4, (0, 0)): (1, 9)
(7, 1, 0, (1, 0, 0), -3, (0, 0)): (6, 16)
(7, 1, 0, (1, 0, 0), -2, (0, 0)): (7, 22)
(7, 1, 0, (1, 0, 0), -1, (0, 0)): (15, 31)
(7, 1, 0, (1, 0, 0), 0, (0, 0)): (17, 22)
(7, 1, 0, (1, 0, 0), 1, (0, 0)): (17, 22)
(7, 1, 0, (1, 0, 0), 2, (0, 0)): (23, 23)
(7, 1, 0, (1, 0, 0), 3, (0, 0)): (21, 22)
(7, 1, 0, (1, 0, 0), 4, (0, 0)): (14, 14)
(7, 1, 0, (1, 0, 0), 5, (0, 0)): (10, 10)
(7, 1, 0, (1, 0, 0), 6, (0, 0)): (7, 7)
(7, 1, 0, (1, 0, 0), 7, (0, 0)): (3, 3)
(7, 1, 0, (1, 0, 0), 8, (0, 0)): (1, 1)
(7, 1, 0, (1, 0, 0), 9, (0, 0)): (1, 1)
(7, 1, 0, (1, 0, 0), 10, (0, 0)): (1, 1)
(7, 1, 0, (1, 0, 0), 11, (0, 0)): (1, 1)
(7, 1, 0, (1, 0, 0), 13, (0, 0)): (1, 1)
(7, 1, 0, (1, 0, 1), -7, (0, 0)): (0, 1)
(7, 1, 0, (1, 0, 1), -5, (0, 0)): (0, 1)
(7, 1, 0, (1, 0, 1), -3, (0, 0)): (1, 1)
(7, 1, 0, (1, 0, 1), -2, (0, 0)): (0, 1)
(7, 1, 0, (1, 0, 1), -1, (0, 0)): (2, 3)
(7, 1, 0, (1, 0, 1), 0, (0, 0)): (2, 2)
(7, 1, 0, (1, 0, 1), 2, (0, 0)): (2, 2)
(7, 1, 0, (1, 0, 1), 3, (0, 0)): (1, 1)
(7, 1, 0, (1, 0, 1), 4, (0, 0)): (1, 1)
(7, 1, 0, (1, 0, 1), 5, (0, 0)): (1, 1)
(7, 1, 0, (1, 0, 1), 8, (0, 0)): (1, 1)
(7, 1, 0, (1, 0, 1), 10, (0, 0)): (1, 1)
(7, 1, 0, (1, 1, 0), -10, (0, 0)): (0, 1)
(7, 1, 0, (1, 1, 0), -8, (0, 0)): (0, 4)
(7, 1, 0, (1, 1, 0), -6, (0, 0)): (0, 2)
(7, 1, 0, (1, 1, 0), -5, (0, 0)): (0, 1)
(7, 1, 0, (1, 1, 0), -4, (0, 0)): (0, 2)
(7, 1, 0, (1, 1, 0), -3, (0, 0)): (4, 6)
(7, 1, 0, (1, 1, 0), -2, (0, 0)): (1, 6)
(7, 1, 0, (1, 1, 0), -1, (0, 0)): (2, 4)
(7, 1, 0, (1, 1, 0), 0, (0, 0)): (3, 3)
(7, 1, 0, (1, 1, 0), 1, (0, 0)): (6, 7)
(7, 1, 0, (1, 1, 0), 2, (0, 0)): (3, 3)
(7, 1, 0, (1, 1, 0), 3, (0, 0)): (4, 4)
(7, 1, 0, (1, 1, 0), 4, (0, 0)): (2, 2)
(7, 1, 0, (1, 1, 0), 5, (0, 0)): (1, 1)
(7, 1, 0, (1, 1, 0), 6, (0, 0)): (3, 3)
(7, 1, 0, (1, 1, 0), 8, (0, 0)): (1, 1)
(7, 1, 0, (1, 1, 0), 9, (0, 0)): (1, 1)
(7, 1, 0, (1, 1, 1), -3, (0, 0)): (2, 2)
(7, 1, 0, (1, 1, 1), -2, (0, 0)): (2, 2)
(7, 1, 0, (1, 1, 1), -1, (0, 0)): (2, 2)
(7, 1, 0, (1, 1, 1), 2, (0, 0)): (1, 1)
(7, 1, 0, (1, 1, 1), 3, (0, 0)): (1, 1)
(7, 1, 0, (1, 1, 1), 6, (0, 0)): (1, 1)
(7, 1, 1, (0, 0, 0), -15, (0, 0)): (0, 1)
(7, 1, 1, (0, 0, 0), -11, (0, 0)): (0, 1)
(7, 1, 1, (0, 0, 0), -10, (0, 0)): (0, 3)
(7, 1, 1, (0, 0, 0), -9, (0, 0)): (0, 1)
(7, 1, 1, (0, 0, 0), -8, (0, 0)): (0, 8)
(7, 1, 1, (0, 0, 0), -7, (0, 0)): (0, 9)
(7, 1, 1, (0, 0, 0), -6, (0, 0)): (1, 19)
(7, 1, 1, (0, 0, 0), -5, (0, 0)): (1, 26)
(7, 1, 1, (0, 0, 0), -4, (0, 0)): (2, 29)
(7, 1, 1, (0, 0, 0), -3, (0, 0)): (2, 47)
(7, 1, 1, (0, 0, 0), -2, (0, 0)): (13, 58)
(7, 1, 1, (0, 0, 0), -2, (0, 1)): (0, 1)
(7, 1, 1, (0, 0, 0), -2, (1, 1)): (0, 1)
(7, 1, 1, (0, 0, 0), -2, (2, 1)): (0, 1)
(7, 1, 1, (0, 0, 0), -2, (2, 2)): (0, 1)
(7, 1, 1, (0, 0, 0), -1, (0, 0)): (10, 68)
(7, 1, 1, (0, 0, 0), -1, (1, 0)): (0, 1)
(7, 1, 1, (0, 0, 0), 0, (0, 0)): (36, 73)
(7, 1, 1, (0, 0, 0), 0, (0, 1)): (0, 1)
(7, 1, 1, (0, 0, 0), 0, (0, 2)): (0, 1)
(7, 1, 1, (0, 0, 0), 0, (1, 2)): (0, 1)
(7, 1, 1, (0, 0, 0), 1, (0, 0)): (48, 57)
(7, 1, 1, (0, 0, 0), 2, (0, 0)): (53, 58)
(7, 1, 1, (0, 0, 0), 3, (0, 0)): (40, 41)
(7, 1, 1, (0, 0, 0), 3, (0, 1)): (1, 1)
(7, 1, 1, (0, 0, 0), 4, (0, 0)): (25, 25)
(7, 1, 1, (0, 0, 0), 5, (0, 0)): (19, 19)
(7, 1, 1, (0, 0, 0), 6, (0, 0)): (10, 10)
(7, 1, 1, (0, 0, 0), 7, (0, 0)): (6, 6)
(7, 1, 1, (0, 0, 0), 8, (0, 0)): (5, 5)
(7, 1, 1, (0, 0, 0), 9, (0, 0)): (5, 5)
(7, 1, 1, (0, 0, 0), 10, (0, 0)): (2, 2)
(7, 1, 1, (0, 0, 0), 11, (0, 0)): (1, 1)
(7, 1, 1, (0, 0, 1), -7, (0, 0)): (0, 2)
(7, 1, 1, (0, 0, 1), -5, (0, 0)): (0, 3)
(7, 1, 1, (0, 0, 1), -4, (0, 0)): (0, 1)
(7, 1, 1, (0, 0, 1), -3, (0, 0)): (2, 6)
(7, 1, 1, (0, 0, 1), -2, (0, 0)): (0, 4)
(7, 1, 1, (0, 0, 1), -1, (0, 0)): (4, 8)
(7, 1, 1, (0, 0, 1), 0, (0, 0)): (5, 8)
(7, 1, 1, (0, 0, 1), 1, (0, 0)): (9, 11)
(7, 1, 1, (0, 0, 1), 1, (0, 1)): (1, 1)
(7, 1, 1, (0, 0, 1), 1, (0, 2)): (1, 1)
(7, 1, 1, (0, 0, 1), 1, (1, 2)): (1, 1)
(7, 1, 1, (0, 0, 1), 1, (2, 2)): (1, 1)
(7, 1, 1, (0, 0, 1), 1, (3, 2)): (1, 1)
(7, 1, 1, (0, 0, 1), 2, (0, 0)): (7, 8)
(7, 1, 1, (0, 0, 1), 3, (0, 0)): (4, 4)
(7, 1, 1, (0, 0, 1), 4, (0, 0)): (4, 6)
(7, 1, 1, (0, 0, 1), 5, (0, 0)): (1, 1)
(7, 1, 1, (0, 0, 1), 9, (0, 0)): (1, 1)
(7, 1, 1, (0, 0, 1), 11, (0, 0)): (1, 1)
(7, 1, 1, (0, 1, 0), -11, (0, 0)): (0, 1)
(7, 1, 1, (0, 1, 0), -7, (0, 0)): (0, 2)
(7, 1, 1, (0, 1, 0), -5, (0, 0)): (0, 5)
(7, 1, 1, (0, 1, 0), -4, (0, 0)): (0, 1)
(7, 1, 1, (0, 1, 0), -3, (0, 0)): (1, 9)
(7, 1, 1, (0, 1, 0), -2, (0, 0)): (1, 6)
(7, 1, 1, (0, 1, 0), -1, (0, 0)): (8, 16)
(7, 1, 1, (0, 1, 0), 0, (0, 0)): (17, 20)
(7, 1, 1, (0, 1, 0), 1, (0, 0)): (15, 20)
(7, 1, 1, (0, 1, 0), 2, (0, 0)): (12, 12)
(7, 1, 1, (0, 1, 0), 3, (0, 0)): (15, 15)
(7, 1, 1, (0, 1, 0), 4, (0, 0)): (10, 10)
(7, 1, 1, (0, 1, 0), 5, (0, 0)): (4, 4)
(7, 1, 1, (0, 1, 0), 6, (0, 0)): (6, 6)
(7, 1, 1, (0, 1, 0), 7, (0, 0)): (2, 2)
(7, 1, 1, (0, 1, 0), 8, (0, 0)): (1, 1)
(7, 1, 1, (0, 1, 0), 9, (0, 0)): (1, 1)
(7, 1, 1, (0, 1, 0), 10, (0, 0)): (2, 2)
(7, 1, 1, (0, 1, 0), 11, (0, 0)): (1, 1)
(7, 1, 1, (0, 1, 0), 13, (0, 0)): (1, 1)
(7, 1, 1, (0, 1, 1), -10, (0, 0)): (0, 1)
(7, 1, 1, (0, 1, 1), -9, (0, 0)): (0, 1)
(7, 1, 1, (0, 1, 1), -8, (0, 0)): (0, 1)
(7, 1, 1, (0, 1, 1), -7, (0, 0)): (0, 1)
(7, 1, 1, (0, 1, 1), -6, (0, 0)): (0, 1)
(7, 1, 1, (0, 1, 1), -4, (0, 0)): (2, 3)
(7, 1, 1, (0, 1, 1), -3, (0, 0)): (0, 2)
(7, 1, 1, (0, 1, 1), -2, (0, 0)): (1, 3)
(7, 1, 1, (0, 1, 1), -1, (0, 0)): (2, 2)
(7, 1, 1, (0, 1, 1), 0, (0, 0)): (3, 3)
(7, 1, 1, (0, 1, 1), 1, (0, 0)): (3, 4)
(7, 1, 1, (0, 1, 1), 2, (0, 0)): (2, 2)
(7, 1, 1, (0, 1, 1), 3, (0, 0)): (3, 3)
(7, 1, 1, (0, 1, 1), 4, (0, 0)): (4, 4)
(7, 1, 1, (0, 1, 1), 5, (0, 0)): (3, 3)
(7, 1, 1, (0, 1, 1), 6, (0, 0)): (2, 2)
(7, 1, 1, (0, 1, 1), 7, (0, 0)): (1, 1)
(7, 1, 1, (0, 1, 1), 8, (0, 0)): (1, 1)
(7, 1, 1, (1, 0, 0), -11, (0, 0)): (0, 1)
(7, 1, 1, (1, 0, 0), -10, (0, 0)): (0, 1)
(7, 1, 1, (1, 0, 0), -9, (0, 0)): (0, 1)
(7, 1, 1, (1, 0, 0), -8, (0, 0)): (0, 2)
(7, 1, 1, (1, 0, 0), -7, (0, 0)): (0, 3)
(7, 1, 1, (1, 0, 0), -6, (0, 0)): (0, 6)
(7, 1, 1, (1, 0, 0), -5, (0, 0)): (0, 15)
(7, 1, 1, (1, 0, 0), -4, (0, 0)): (2, 11)
(7, 1, 1, (1, 0, 0), -3, (0, 0)): (1, 17)
(7, 1, 1, (1, 0, 0), -2, (0, 0)): (10, 25)
(7, 1, 1, (1, 0, 0), -1, (0, 0)): (9, 32)
(7, 1, 1, (1, 0, 0), 0, (0, 0)): (9, 24)
(7, 1, 1, (1, 0, 0), 1, (0, 0)): (26, 29)
(7, 1, 1, (1, 0, 0), 2, (0, 0)): (18, 19)
(7, 1, 1, (1, 0, 0), 3, (0, 0)): (24, 24)
(7, 1, 1, (1, 0, 0), 4, (0, 0)): (14, 14)
(7, 1, 1, (1, 0, 0), 5, (0, 0)): (16, 16)
(7, 1, 1, (1, 0, 0), 6, (0, 0)): (7, 7)
(7, 1, 1, (1, 0, 0), 7, (0, 0)): (6, 6)
(7, 1, 1, (1, 0, 0), 8, (0, 0)): (2, 2)
(7, 1, 1, (1, 0, 0), 9, (0, 0)): (1, 1)
(7, 1, 1, (1, 0, 0), 10, (0, 0)): (1, 1)
(7, 1, 1, (1, 0, 1), -7, (0, 0)): (0, 1)
(7, 1, 1, (1, 0, 1), -6, (0, 0)): (0, 1)
(7, 1, 1, (1, 0, 1), -5, (0, 0)): (0, 3)
(7, 1, 1, (1, 0, 1), -3, (0, 0)): (0, 2)
(7, 1, 1, (1, 0, 1), -2, (0, 0)): (3, 6)
(7, 1, 1, (1, 0, 1), -1, (0, 0)): (7, 10)
(7, 1, 1, (1, 0, 1), -1, (1, 0)): (0, 1)
(7, 1, 1, (1, 0, 1), 0, (0, 0)): (0, 1)
(7, 1, 1, (1, 0, 1), 1, (0, 0)): (4, 6)
(7, 1, 1, (1, 0, 1), 2, (0, 0)): (3, 3)
(7, 1, 1, (1, 0, 1), 4, (0, 0)): (5, 5)
(7, 1, 1, (1, 0, 1), 5, (0, 0)): (4, 4)
(7, 1, 1, (1, 0, 1), 6, (0, 0)): (1, 1)
(7, 1, 1, (1, 0, 1), 7, (0, 0)): (3, 3)
(7, 1, 1, (1, 0, 1), 8, (0, 0)): (1, 1)
(7, 1, 1, (1, 0, 1), 9, (0, 0)): (1, 1)
(7, 1, 1, (1, 0, 1), 11, (0, 0)): (1, 1)
(7, 1, 1, (1, 1, 0), -8, (0, 0)): (0, 3)
(7, 1, 1, (1, 1, 0), -7, (0, 0)): (0, 1)
(7, 1, 1, (1, 1, 0), -6, (0, 0)): (0, 5)
(7, 1, 1, (1, 1, 0), -4, (0, 0)): (1, 3)
(7, 1, 1, (1, 1, 0), -3, (0, 0)): (1, 8)
(7, 1, 1, (1, 1, 0), -2, (0, 0)): (2, 5)
(7, 1, 1, (1, 1, 0), -1, (0, 0)): (5, 12)
(7, 1, 1, (1, 1, 0), 0, (0, 0)): (6, 9)
(7, 1, 1, (1, 1, 0), 1, (0, 0)): (11, 12)
(7, 1, 1, (1, 1, 0), 2, (0, 0)): (7, 7)
(7, 1, 1, (1, 1, 0), 3, (0, 0)): (6, 6)
(7, 1, 1, (1, 1, 0), 4, (0, 0)): (5, 5)
(7, 1, 1, (1, 1, 0), 5, (0, 0)): (6, 6)
(7, 1, 1, (1, 1, 0), 6, (0, 0)): (5, 5)
(7, 1, 1, (1, 1, 0), 7, (0, 0)): (1, 1)
(7, 1, 1, (1, 1, 0), 8, (0, 0)): (2, 2)
(7, 1, 1, (1, 1, 0), 9, (0, 0)): (1, 1)
(7, 1, 1, (1, 1, 1), -7, (0, 0)): (0, 1)
(7, 1, 1, (1, 1, 1), -6, (0, 0)): (0, 1)
(7, 1, 1, (1, 1, 1), -4, (0, 0)): (1, 1)
(7, 1, 1, (1, 1, 1), -3, (0, 0)): (2, 5)
(7, 1, 1, (1, 1, 1), -2, (0, 0)): (0, 2)
(7, 1, 1, (1, 1, 1), -1, (0, 0)): (2, 3)
(7, 1, 1, (1, 1, 1), 0, (0, 0)): (4, 4)
(7, 1, 1, (1, 1, 1), 1, (0, 0)): (6, 6)
(7, 1, 1, (1, 1, 1), 2, (0, 0)): (4, 4)
(7, 1, 1, (1, 1, 1), 3, (0, 0)): (3, 3)
(7, 1, 1, (1, 1, 1), 4, (0, 0)): (2, 2)
(7, 1, 1, (1, 1, 1), 5, (0, 0)): (2, 2)
(7, 1, 1, (1, 1, 1), 6, (0, 0)): (2, 2)
(7, 1, 1, (1, 1, 1), 7, (0, 0)): (1, 1)
(7, 1, 1, (1, 1, 1), 8, (0, 0)): (1, 1)
(7, 1, 1, (1, 1, 1), 9, (0, 0)): (1, 1)
(7, 1, 2, (0, 0, 0), -15, (0, 0)): (0, 1)
(7, 1, 2, (0, 0, 0), -10, (0, 0)): (0, 3)
(7, 1, 2, (0, 0, 0), -9, (0, 0)): (0, 1)
(7, 1, 2, (0, 0, 0), -8, (0, 0)): (0, 7)
(7, 1, 2, (0, 0, 0), -7, (0, 0)): (0, 7)
(7, 1, 2, (0, 0, 0), -6, (0, 0)): (0, 16)
(7, 1, 2, (0, 0, 0), -5, (0, 0)): (1, 23)
(7, 1, 2, (0, 0, 0), -5, (1, 0)): (0, 1)
(7, 1, 2, (0, 0, 0), -5, (1, 1)): (0, 1)
(7, 1, 2, (0, 0, 0), -5, (2, 1)): (0, 1)
(7, 1, 2, (0, 0, 0), -5, (3, 1)): (0, 1)
(7, 1, 2, (0, 0, 0), -4, (0, 0)): (1, 27)
(7, 1, 2, (0, 0, 0), -3, (0, 0)): (0, 29)
(7, 1, 2, (0, 0, 0), -2, (0, 0)): (10, 50)
(7, 1, 2, (0, 0, 0), -2, (1, 0)): (0, 1)
(7, 1, 2, (0, 0, 0), -2, (1, 1)): (0, 1)
(7, 1, 2, (0, 0, 0), -1, (0, 0)): (5, 52)
(7, 1, 2, (0, 0, 0), 0, (0, 0)): (27, 57)
(7, 1, 2, (0, 0, 0), 0, (0, 1)): (0, 1)
(7, 1, 2, (0, 0, 0), 0, (0, 2)): (0, 1)
(7, 1, 2, (0, 0, 0), 1, (0, 0)): (33, 44)
(7, 1, 2, (0, 0, 0), 2, (0, 0)): (50, 56)
(7, 1, 2, (0, 0, 0), 3, (0, 0)): (28, 29)
(7, 1, 2, (0, 0, 0), 3, (1, 0)): (1, 1)
(7, 1, 2, (0, 0, 0), 3, (1, 1)): (1, 1)
(7, 1, 2, (0, 0, 0), 4, (0, 0)): (27, 27)
(7, 1, 2, (0, 0, 0), 5, (0, 0)): (16, 18)
(7, 1, 2, (0, 0, 0), 6, (0, 0)): (6, 6)
(7, 1, 2, (0, 0, 0), 7, (0, 0)): (3, 3)
(7, 1, 2, (0, 0, 0), 8, (0, 0)): (3, 3)
(7, 1, 2, (0, 0, 0), 9, (0, 0)): (4, 4)
(7, 1, 2, (0, 0, 0), 10, (0, 0)): (2, 2)
(7, 1, 2, (0, 0, 0), 11, (0, 0)): (2, 2)
(7, 1, 2, (0, 0, 1), -11, (0, 0)): (0, 1)
(7, 1, 2, (0, 0, 1), -8, (0, 0)): (0, 1)
(7, 1, 2, (0, 0, 1), -7, (0, 0)): (0, 1)
(7, 1, 2, (0, 0, 1), -6, (0, 0)): (0, 1)
(7, 1, 2, (0, 0, 1), -5, (0, 0)): (0, 3)
(7, 1, 2, (0, 0, 1), -4, (0, 0)): (0, 1)
(7, 1, 2, (0, 0, 1), -3, (0, 0)): (2, 3)
(7, 1, 2, (0, 0, 1), -2, (0, 0)): (2, 7)
(7, 1, 2, (0, 0, 1), -1, (0, 0)): (2, 6)
(7, 1, 2, (0, 0, 1), 0, (0, 0)): (7, 9)
(7, 1, 2, (0, 0, 1), 1, (0, 0)): (6, 9)
(7, 1, 2, (0, 0, 1), 2, (0, 0)): (8, 9)
(7, 1, 2, (0, 0, 1), 3, (0, 0)): (11, 11)
(7, 1, 2, (0, 0, 1), 4, (0, 0)): (10, 10)
(7, 1, 2, (0, 0, 1), 5, (0, 0)): (1, 1)
(7, 1, 2, (0, 0, 1), 6, (0, 0)): (3, 3)
(7, 1, 2, (0, 0, 1), 7, (0, 0)): (4, 4)
(7, 1, 2, (0, 0, 1), 8, (0, 0)): (2, 2)
(7, 1, 2, (0, 0, 1), 10, (0, 0)): (1, 1)
(7, 1, 2, (0, 0, 1), 12, (0, 0)): (1, 1)
(7, 1, 2, (0, 1, 0), -10, (0, 0)): (0, 1)
(7, 1, 2, (0, 1, 0), -9, (0, 0)): (0, 1)
(7, 1, 2, (0, 1, 0), -6, (0, 0)): (0, 2)
(7, 1, 2, (0, 1, 0), -5, (0, 0)): (0, 8)
(7, 1, 2, (0, 1, 0), -4, (0, 0)): (0, 3)
(7, 1, 2, (0, 1, 0), -3, (0, 0)): (0, 7)
(7, 1, 2, (0, 1, 0), -2, (0, 0)): (4, 13)
(7, 1, 2, (0, 1, 0), -1, (0, 0)): (7, 19)
(7, 1, 2, (0, 1, 0), 0, (0, 0)): (14, 29)
(7, 1, 2, (0, 1, 0), 1, (0, 0)): (19, 21)
(7, 1, 2, (0, 1, 0), 2, (0, 0)): (15, 16)
(7, 1, 2, (0, 1, 0), 3, (0, 0)): (23, 23)
(7, 1, 2, (0, 1, 0), 4, (0, 0)): (16, 16)
(7, 1, 2, (0, 1, 0), 5, (0, 0)): (9, 9)
(7, 1, 2, (0, 1, 0), 6, (0, 0)): (5, 5)
(7, 1, 2, (0, 1, 0), 7, (0, 0)): (3, 3)
(7, 1, 2, (0, 1, 0), 8, (0, 0)): (3, 3)
(7, 1, 2, (0, 1, 0), 9, (0, 0)): (1, 1)
(7, 1, 2, (0, 1, 0), 10, (0, 0)): (2, 2)
(7, 1, 2, (0, 1, 0), 11, (0, 0)): (2, 2)
(7, 1, 2, (0, 1, 1), -10, (0, 0)): (0, 1)
(7, 1, 2, (0, 1, 1), -9, (0, 0)): (0, 1)
(7, 1, 2, (0, 1, 1), -7, (0, 0)): (0, 1)
(7, 1, 2, (0, 1, 1), -6, (0, 0)): (0, 2)
(7, 1, 2, (0, 1, 1), -5, (0, 0)): (0, 1)
(7, 1, 2, (0, 1, 1), -3, (0, 0)): (0, 2)
(7, 1, 2, (0, 1, 1), -2, (0, 0)): (2, 4)
(7, 1, 2, (0, 1, 1), -1, (0, 0)): (3, 6)
(7, 1, 2, (0, 1, 1), 0, (0, 0)): (1, 2)
(7, 1, 2, (0, 1, 1), 1, (0, 0)): (3, 5)
(7, 1, 2, (0, 1, 1), 2, (0, 0)): (8, 8)
(7, 1, 2, (0, 1, 1), 3, (0, 0)): (2, 2)
(7, 1, 2, (0, 1, 1), 4, (0, 0)): (5, 5)
(7, 1, 2, (0, 1, 1), 5, (0, 0)): (4, 4)
(7, 1, 2, (0, 1, 1), 6, (0, 0)): (1, 1)
(7, 1, 2, (0, 1, 1), 7, (0, 0)): (2, 2)
(7, 1, 2, (0, 1, 1), 10, (0, 0)): (1, 1)
(7, 1, 2, (1, 0, 0), -11, (0, 0)): (0, 1)
(7, 1, 2, (1, 0, 0), -10, (0, 0)): (0, 1)
(7, 1, 2, (1, 0, 0), -8, (0, 0)): (0, 2)
(7, 1, 2, (1, 0, 0), -7, (0, 0)): (0, 2)
(7, 1, 2, (1, 0, 0), -6, (0, 0)): (0, 7)
(7, 1, 2, (1, 0, 0), -5, (0, 0)): (1, 19)
(7, 1, 2, (1, 0, 0), -5, (0, 1)): (0, 1)
(7, 1, 2, (1, 0, 0), -5, (1, 1)): (0, 1)
(7, 1, 2, (1, 0, 0), -4, (0, 0)): (0, 11)
(7, 1, 2, (1, 0, 0), -3, (0, 0)): (2, 17)
(7, 1, 2, (1, 0, 0), -2, (0, 0)): (7, 24)
(7, 1, 2, (1, 0, 0), -1, (0, 0)): (1, 29)
(7, 1, 2, (1, 0, 0), 0, (0, 0)): (14, 33)
(7, 1, 2, (1, 0, 0), 1, (0, 0)): (16, 21)
(7, 1, 2, (1, 0, 0), 2, (0, 0)): (26, 28)
(7, 1, 2, (1, 0, 0), 3, (0, 0)): (28, 28)
(7, 1, 2, (1, 0, 0), 4, (0, 0)): (18, 18)
(7, 1, 2, (1, 0, 0), 5, (0, 0)): (18, 18)
(7, 1, 2, (1, 0, 0), 6, (0, 0)): (7, 7)
(7, 1, 2, (1, 0, 0), 7, (0, 0)): (5, 5)
(7, 1, 2, (1, 0, 0), 8, (0, 0)): (5, 5)
(7, 1, 2, (1, 0, 0), 9, (0, 0)): (2, 2)
(7, 1, 2, (1, 0, 0), 12, (0, 0)): (1, 1)
(7, 1, 2, (1, 0, 1), -8, (0, 0)): (0, 1)
(7, 1, 2, (1, 0, 1), -7, (0, 0)): (0, 1)
(7, 1, 2, (1, 0, 1), -6, (0, 0)): (0, 1)
(7, 1, 2, (1, 0, 1), -5, (0, 0)): (0, 2)
(7, 1, 2, (1, 0, 1), -4, (0, 0)): (0, 1)
(7, 1, 2, (1, 0, 1), -3, (0, 0)): (0, 3)
(7, 1, 2, (1, 0, 1), -2, (0, 0)): (5, 7)
(7, 1, 2, (1, 0, 1), -1, (0, 0)): (3, 10)
(7, 1, 2, (1, 0, 1), 0, (0, 0)): (2, 4)
(7, 1, 2, (1, 0, 1), 1, (0, 0)): (4, 6)
(7, 1, 2, (1, 0, 1), 2, (0, 0)): (7, 7)
(7, 1, 2, (1, 0, 1), 3, (0, 0)): (5, 5)
(7, 1, 2, (1, 0, 1), 4, (0, 0)): (8, 8)
(7, 1, 2, (1, 0, 1), 5, (0, 0)): (6, 6)
(7, 1, 2, (1, 0, 1), 6, (0, 0)): (3, 3)
(7, 1, 2, (1, 0, 1), 7, (0, 0)): (3, 3)
(7, 1, 2, (1, 0, 1), 8, (0, 0)): (1, 1)
(7, 1, 2, (1, 0, 1), 11, (0, 0)): (1, 1)
(7, 1, 2, (1, 1, 0), -8, (0, 0)): (0, 2)
(7, 1, 2, (1, 1, 0), -6, (0, 0)): (0, 4)
(7, 1, 2, (1, 1, 0), -5, (0, 0)): (0, 7)
(7, 1, 2, (1, 1, 0), -4, (0, 0)): (0, 4)
(7, 1, 2, (1, 1, 0), -3, (0, 0)): (1, 5)
(7, 1, 2, (1, 1, 0), -2, (0, 0)): (4, 11)
(7, 1, 2, (1, 1, 0), -1, (0, 0)): (6, 14)
(7, 1, 2, (1, 1, 0), 0, (0, 0)): (7, 10)
(7, 1, 2, (1, 1, 0), 1, (0, 0)): (12, 14)
(7, 1, 2, (1, 1, 0), 2, (0, 0)): (7, 7)
(7, 1, 2, (1, 1, 0), 3, (0, 0)): (5, 5)
(7, 1, 2, (1, 1, 0), 4, (0, 0)): (6, 6)
(7, 1, 2, (1, 1, 0), 5, (0, 0)): (1, 1)
(7, 1, 2, (1, 1, 0), 6, (0, 0)): (3, 3)
(7, 1, 2, (1, 1, 0), 8, (0, 0)): (1, 1)
(7, 1, 2, (1, 1, 0), 12, (0, 0)): (1, 1)
(7, 1, 2, (1, 1, 1), -8, (0, 0)): (0, 2)
(7, 1, 2, (1, 1, 1), -7, (0, 0)): (0, 1)
(7, 1, 2, (1, 1, 1), -5, (0, 0)): (0, 1)
(7, 1, 2, (1, 1, 1), -4, (0, 0)): (0, 2)
(7, 1, 2, (1, 1, 1), -3, (0, 0)): (2, 5)
(7, 1, 2, (1, 1, 1), -2, (0, 0)): (2, 3)
(7, 1, 2, (1, 1, 1), -2, (0, 1)): (1, 1)
(7, 1, 2, (1, 1, 1), -2, (0, 2)): (1, 1)
(7, 1, 2, (1, 1, 1), -1, (0, 0)): (3, 6)
(7, 1, 2, (1, 1, 1), 0, (0, 0)): (4, 4)
(7, 1, 2, (1, 1, 1), 1, (0, 0)): (2, 3)
(7, 1, 2, (1, 1, 1), 2, (0, 0)): (5, 5)
(7, 1, 2, (1, 1, 1), 3, (0, 0)): (4, 4)
(7, 1, 2, (1, 1, 1), 4, (0, 0)): (2, 2)
(7, 1, 2, (1, 1, 1), 5, (0, 0)): (3, 3)
(7, 1, 2, (1, 1, 1), 7, (0, 0)): (1, 1)
(7, 1, 2, (1, 1, 1), 8, (0, 0)): (1, 1)
(8, 0, 0, (0, 0, 0), -13, (0, 0)): (0, 1)
(8, 0, 0, (0, 0, 0), -12, (0, 0)): (0, 2)
(8, 0, 0, (0, 0, 0), -11, (0, 0)): (0, 2)
(8, 0, 0, (0, 0, 0), -10, (0, 0)): (0, 7)
(8, 0, 0, (0, 0, 0), -9, (0, 0)): (0, 7)
(8, 0, 0, (0, 0, 0), -8, (0, 0)): (0, 12)
(8, 0, 0, (0, 0, 0), -7, (0, 0)): (0, 10)
(8, 0, 0, (0, 0, 0), -6, (0, 0)): (0, 19)
(8, 0, 0, (0, 0, 0), -5, (0, 0)): (2, 37)
(8, 0, 0, (0, 0, 0), -4, (0, 0)): (0, 51)
(8, 0, 0, (0, 0, 0), -3, (0, 0)): (1, 60)
(8, 0, 0, (0, 0, 0), -2, (0, 0)): (9, 85)
(8, 0, 0, (0, 0, 0), -1, (0, 0)): (22, 90)
(8, 0, 0, (0, 0, 0), 0, (0, 0)): (46, 94)
(8, 0, 0, (0, 0, 0), 1, (0, 0)): (80, 92)
(8, 0, 0, (0, 0, 0), 2, (0, 0)): (60, 74)
(8, 0, 0, (0, 0, 0), 2, (0, 1)): (1, 1)
(8, 0, 0, (0, 0, 0), 2, (1, 1)): (1, 1)
(8, 0, 0, (0, 0, 0), 3, (0, 0)): (49, 50)
(8, 0, 0, (0, 0, 0), 4, (0, 0)): (39, 40)
(8, 0, 0, (0, 0, 0), 5, (0, 0)): (42, 43)
(8, 0, 0, (0, 0, 0), 5, (0, 1)): (1, 1)
(8, 0, 0, (0, 0, 0), 6, (0, 0)): (21, 21)
(8, 0, 0, (0, 0, 0), 7, (0, 0)): (10, 10)
(8, 0, 0, (0, 0, 0), 8, (0, 0)): (10, 10)
(8, 0, 0, (0, 0, 0), 9, (0, 0)): (3, 3)
(8, 0, 0, (0, 0, 0), 10, (0, 0)): (4, 4)
(8, 0, 0, (0, 0, 0), 11, (0, 0)): (3, 3)
(8, 0, 0, (0, 0, 0), 15, (0, 0)): (1, 1)
(8, 0, 0, (0, 0, 1), -9, (0, 0)): (0, 1)
(8, 0, 0, (0, 0, 1), -3, (0, 0)): (0, 2)
(8, 0, 0, (0, 0, 1), -2, (0, 0)): (1, 2)
(8, 0, 0, (0, 0, 1), -1, (0, 0)): (1, 2)
(8, 0, 0, (0, 0, 1), 1, (0, 0)): (1, 2)
(8, 0, 0, (0, 0, 1), 2, (0, 0)): (1, 1)
(8, 0, 0, (0, 0, 1), 4, (0, 0)): (3, 3)
(8, 0, 0, (0, 0, 1), 6, (0, 0)): (1, 1)
(8, 0, 0, (0, 0, 1), 9, (0, 0)): (1, 1)
(8, 0, 0, (0, 1, 0), -11, (0, 0)): (0, 1)
(8, 0, 0, (0, 1, 0), -9, (0, 0)): (0, 1)
(8, 0, 0, (0, 1, 0), -8, (0, 0)): (0, 1)
(8, 0, 0, (0, 1, 0), -7, (0, 0)): (0, 1)
(8, 0, 0, (0, 1, 0), -6, (0, 0)): (0, 1)
(8, 0, 0, (0, 1, 0), -5, (0, 0)): (0, 2)
(8, 0, 0, (0, 1, 0), -3, (0, 0)): (0, 2)
(8, 0, 0, (0, 1, 0), -2, (0, 0)): (0, 4)
(8, 0, 0, (0, 1, 0), -1, (0, 0)): (2, 3)
(8, 0, 0, (0, 1, 0), 0, (0, 0)): (3, 3)
(8, 0, 0, (0, 1, 0), 1, (0, 0)): (8, 8)
(8, 0, 0, (0, 1, 0), 2, (0, 0)): (4, 4)
(8, 0, 0, (0, 1, 0), 3, (0, 0)): (2, 2)
(8, 0, 0, (0, 1, 0), 4, (0, 0)): (1, 1)
(8, 0, 0, (0, 1, 0), 5, (0, 0)): (1, 1)
(8, 0, 0, (0, 1, 0), 6, (0, 0)): (1, 1)
(8, 0, 0, (0, 1, 0), 7, (0, 0)): (3, 3)
(8, 0, 0, (0, 1, 0), 8, (0, 0)): (1, 1)
(8, 0, 0, (0, 1, 0), 9, (0, 0)): (1, 1)
(8, 0, 0, (0, 1, 1), -13, (0, 0)): (0, 1)
(8, 0, 0, (0, 1, 1), -2, (0, 0)): (0, 1)
(8, 0, 0, (0, 1, 1), -1, (0, 0)): (1, 1)
(8, 0, 0, (0, 1, 1), 1, (0, 0)): (1, 1)
(8, 0, 0, (0, 1, 1), 2, (0, 0)): (2, 2)
(8, 0, 0, (0, 1, 1), 2, (0, 1)): (1, 1)
(8, 0, 0, (0, 1, 1), 2, (0, 2)): (1, 1)
(8, 0, 0, (0, 1, 1), 4, (0, 0)): (1, 1)
(8, 0, 0, (1, 0, 0), -13, (0, 0)): (0, 1)
(8, 0, 0, (1, 0, 0), -12, (0, 0)): (0, 1)
(8, 0, 0, (1, 0, 0), -10, (0, 0)): (0, 2)
(8, 0, 0, (1, 0, 0), -8, (0, 0)): (0, 2)
(8, 0, 0, (1, 0, 0), -7, (0, 0)): (0, 2)
(8, 0, 0, (1, 0, 0), -6, (0, 0)): (0, 4)
(8, 0, 0, (1, 0, 0), -5, (0, 0)): (1, 13)
(8, 0, 0, (1, 0, 0), -4, (0, 0)): (0, 18)
(8, 0, 0, (1, 0, 0), -3, (0, 0)): (1, 17)
(8, 0, 0, (1, 0, 0), -2, (0, 0)): (2, 16)
(8, 0, 0, (1, 0, 0), -1, (0, 0)): (11, 26)
(8, 0, 0, (1, 0, 0), 0, (0, 0)): (19, 29)
(8, 0, 0, (1, 0, 0), 1, (0, 0)): (21, 26)
(8, 0, 0, (1, 0, 0), 1, (1, 0)): (1, 1)
(8, 0, 0, (1, 0, 0), 1, (1, 1)): (1, 1)
(8, 0, 0, (1, 0, 0), 2, (0, 0)): (19, 23)
(8, 0, 0, (1, 0, 0), 3, (0, 0)): (16, 16)
(8, 0, 0, (1, 0, 0), 4, (0, 0)): (15, 15)
(8, 0, 0, (1, 0, 0), 5, (0, 0)): (14, 14)
(8, 0, 0, (1, 0, 0), 6, (0, 0)): (6, 6)
(8, 0, 0, (1, 0, 0), 7, (0, 0)): (4, 4)
(8, 0, 0, (1, 0, 0), 8, (0, 0)): (4, 4)
(8, 0, 0, (1, 0, 0), 9, (0, 0)): (1, 1)
(8, 0, 0, (1, 0, 0), 10, (0, 0)): (2, 2)
(8, 0, 0, (1, 0, 0), 11, (0, 0)): (1, 1)
(8, 0, 0, (1, 0, 1), -11, (0, 0)): (0, 1)
(8, 0, 0, (1, 0, 1), -3, (0, 0)): (0, 1)
(8, 0, 0, (1, 0, 1), -2, (0, 0)): (0, 5)
(8, 0, 0, (1, 0, 1), 1, (0, 0)): (2, 2)
(8, 0, 0, (1, 0, 1), 1, (1, 0)): (1, 1)
(8, 0, 0, (1, 0, 1), 2, (0, 0)): (4, 4)
(8, 0, 0, (1, 0, 1), 5, (0, 0)): (2, 2)
(8, 0, 0, (1, 0, 1), 6, (0, 0)): (1, 1)
(8, 0, 0, (1, 0, 1), 7, (0, 0)): (2, 2)
(8, 0, 0, (1, 1, 0), -6, (0, 0)): (0, 1)
(8, 0, 0, (1, 1, 0), -5, (0, 0)): (0, 3)
(8, 0, 0, (1, 1, 0), -4, (0, 0)): (0, 5)
(8, 0, 0, (1, 1, 0), -3, (0, 0)): (0, 2)
(8, 0, 0, (1, 1, 0), -2, (0, 0)): (1, 4)
(8, 0, 0, (1, 1, 0), -1, (0, 0)): (3, 5)
(8, 0, 0, (1, 1, 0), 0, (0, 0)): (5, 7)
(8, 0, 0, (1, 1, 0), 1, (0, 0)): (5, 6)
(8, 0, 0, (1, 1, 0), 2, (0, 0)): (3, 3)
(8, 0, 0, (1, 1, 0), 3, (0, 0)): (5, 5)
(8, 0, 0, (1, 1, 0), 4, (0, 0)): (5, 5)
(8, 0, 0, (1, 1, 0), 5, (0, 0)): (2, 2)
(8, 0, 0, (1, 1, 0), 6, (0, 0)): (3, 3)
(8, 0, 0, (1, 1, 0), 7, (0, 0)): (1, 1)
(8, 0, 0, (1, 1, 0), 8, (0, 0)): (2, 2)
(8, 0, 0, (1, 1, 1), -13, (0, 0)): (0, 1)
(8, 0, 0, (1, 1, 1), -1, (0, 0)): (1, 1)
(8, 0, 0, (1, 1, 1), 0, (0, 0)): (2, 2)
(8, 0, 0, (1, 1, 1), 1, (0, 0)): (1, 2)
(8, 0, 0, (1, 1, 1), 2, (0, 0)): (1, 1)
(8, 0, 0, (1, 1, 1), 3, (0, 0)): (1, 1)
(8, 0, 0, (1, 1, 1), 4, (0, 0)): (1, 1)
(8, 0, 0, (1, 1, 1), 8, (0, 0)): (2, 2)
(8, 0, 0, (1, 1, 1), 9, (0, 0)): (1, 1)
(8, 0, 1, (0, 0, 0), -12, (0, 0)): (0, 1)
(8, 0, 1, (0, 0, 0), -11, (0, 0)): (0, 1)
(8, 0, 1, (0, 0, 0), -10, (0, 0)): (0, 4)
(8, 0, 1, (0, 0, 0), -9, (0, 0)): (0, 5)
(8, 0, 1, (0, 0, 0), -8, (0, 0)): (0, 9)
(8, 0, 1, (0, 0, 0), -7, (0, 0)): (0, 8)
(8, 0, 1, (0, 0, 0), -6, (0, 0)): (0, 14)
(8, 0, 1, (0, 0, 0), -5, (0, 0)): (1, 22)
(8, 0, 1, (0, 0, 0), -4, (0, 0)): (0, 33)
(8, 0, 1, (0, 0, 0), -3, (0, 0)): (0, 40)
(8, 0, 1, (0, 0, 0), -2, (0, 0)): (6, 67)
(8, 0, 1, (0, 0, 0), -1, (0, 0)): (10, 65)
(8, 0, 1, (0, 0, 0), 0, (0, 0)): (26, 65)
(8, 0, 1, (0, 0, 0), 0, (0, 1)): (1, 1)
(8, 0, 1, (0, 0, 0), 0, (0, 2)): (1, 1)
(8, 0, 1, (0, 0, 0), 1, (0, 0)): (55, 61)
(8, 0, 1, (0, 0, 0), 2, (0, 0)): (41, 51)
(8, 0, 1, (0, 0, 0), 2, (0, 1)): (1, 1)
(8, 0, 1, (0, 0, 0), 3, (0, 0)): (32, 33)
(8, 0, 1, (0, 0, 0), 4, (0, 0)): (23, 24)
(8, 0, 1, (0, 0, 0), 5, (0, 0)): (29, 30)
(8, 0, 1, (0, 0, 0), 5, (0, 1)): (1, 1)
(8, 0, 1, (0, 0, 0), 5, (1, 1)): (1, 1)
(8, 0, 1, (0, 0, 0), 5, (1, 2)): (1, 1)
(8, 0, 1, (0, 0, 0), 6, (0, 0)): (15, 15)
(8, 0, 1, (0, 0, 0), 7, (0, 0)): (7, 7)
(8, 0, 1, (0, 0, 0), 8, (0, 0)): (6, 6)
(8, 0, 1, (0, 0, 0), 9, (0, 0)): (1, 1)
(8, 0, 1, (0, 0, 0), 10, (0, 0)): (1, 1)
(8, 0, 1, (0, 0, 0), 11, (0, 0)): (3, 3)
(8, 0, 1, (0, 0, 0), 15, (0, 0)): (1, 1)
(8, 0, 1, (0, 0, 1), -9, (0, 0)): (0, 2)
(8, 0, 1, (0, 0, 1), -7, (0, 0)): (0, 1)
(8, 0, 1, (0, 0, 1), -5, (0, 0)): (0, 2)
(8, 0, 1, (0, 0, 1), -3, (0, 0)): (0, 1)
(8, 0, 1, (0, 0, 1), -2, (0, 0)): (1, 4)
(8, 0, 1, (0, 0, 1), -1, (0, 0)): (1, 2)
(8, 0, 1, (0, 0, 1), 0, (0, 0)): (3, 6)
(8, 0, 1, (0, 0, 1), 1, (0, 0)): (7, 8)
(8, 0, 1, (0, 0, 1), 2, (0, 0)): (5, 6)
(8, 0, 1, (0, 0, 1), 3, (0, 0)): (2, 2)
(8, 0, 1, (0, 0, 1), 4, (0, 0)): (5, 5)
(8, 0, 1, (0, 0, 1), 5, (0, 0)): (1, 1)
(8, 0, 1, (0, 0, 1), 6, (0, 0)): (3, 3)
(8, 0, 1, (0, 0, 1), 7, (0, 0)): (2, 2)
(8, 0, 1, (0, 0, 1), 8, (0, 0)): (2, 2)
(8, 0, 1, (0, 0, 1), 9, (0, 0)): (1, 1)
(8, 0, 1, (0, 1, 0), -11, (0, 0)): (0, 1)
(8, 0, 1, (0, 1, 0), -9, (0, 0)): (0, 1)
(8, 0, 1, (0, 1, 0), -8, (0, 0)): (0, 2)
(8, 0, 1, (0, 1, 0), -6, (0, 0)): (0, 2)
(8, 0, 1, (0, 1, 0), -5, (0, 0)): (0, 8)
(8, 0, 1, (0, 1, 0), -4, (0, 0)): (0, 6)
(8, 0, 1, (0, 1, 0), -3, (0, 0)): (1, 5)
(8, 0, 1, (0, 1, 0), -2, (0, 0)): (0, 7)
(8, 0, 1, (0, 1, 0), -1, (0, 0)): (6, 16)
(8, 0, 1, (0, 1, 0), 0, (0, 0)): (11, 17)
(8, 0, 1, (0, 1, 0), 1, (0, 0)): (6, 7)
(8, 0, 1, (0, 1, 0), 2, (0, 0)): (7, 11)
(8, 0, 1, (0, 1, 0), 3, (0, 0)): (10, 11)
(8, 0, 1, (0, 1, 0), 4, (0, 0)): (11, 11)
(8, 0, 1, (0, 1, 0), 5, (0, 0)): (6, 6)
(8, 0, 1, (0, 1, 0), 6, (0, 0)): (3, 3)
(8, 0, 1, (0, 1, 0), 7, (0, 0)): (3, 3)
(8, 0, 1, (0, 1, 0), 8, (0, 0)): (2, 2)
(8, 0, 1, (0, 1, 0), 9, (0, 0)): (2, 2)
(8, 0, 1, (0, 1, 0), 10, (0, 0)): (1, 1)
(8, 0, 1, (0, 1, 0), 12, (0, 0)): (1, 1)
(8, 0, 1, (0, 1, 1), -11, (0, 0)): (0, 1)
(8, 0, 1, (0, 1, 1), -7, (0, 0)): (0, 1)
(8, 0, 1, (0, 1, 1), -5, (0, 0)): (1, 1)
(8, 0, 1, (0, 1, 1), -4, (0, 0)): (0, 1)
(8, 0, 1, (0, 1, 1), -2, (0, 0)): (1, 5)
(8, 0, 1, (0, 1, 1), -1, (0, 0)): (3, 3)
(8, 0, 1, (0, 1, 1), 0, (0, 0)): (1, 3)
(8, 0, 1, (0, 1, 1), 1, (0, 0)): (5, 5)
(8, 0, 1, (0, 1, 1), 2, (0, 0)): (4, 4)
(8, 0, 1, (0, 1, 1), 2, (0, 1)): (1, 1)
(8, 0, 1, (0, 1, 1), 2, (1, 1)): (1, 1)
(8, 0, 1, (0, 1, 1), 2, (1, 2)): (1, 1)
(8, 0, 1, (0, 1, 1), 2, (2, 2)): (1, 1)
(8, 0, 1, (0, 1, 1), 3, (0, 0)): (1, 1)
(8, 0, 1, (0, 1, 1), 4, (0, 0)): (5, 5)
(8, 0, 1, (0, 1, 1), 6, (0, 0)): (1, 1)
(8, 0, 1, (0, 1, 1), 8, (0, 0)): (1, 1)
(8, 0, 1, (0, 1, 1), 12, (0, 0)): (1, 1)
(8, 0, 1, (1, 0, 0), -12, (0, 0)): (0, 1)
(8, 0, 1, (1, 0, 0), -11, (0, 0)): (0, 1)
(8, 0, 1, (1, 0, 0), -10, (0, 0)): (0, 5)
(8, 0, 1, (1, 0, 0), -9, (0, 0)): (0, 2)
(8, 0, 1, (1, 0, 0), -8, (0, 0)): (0, 5)
(8, 0, 1, (1, 0, 0), -7, (0, 0)): (0, 3)
(8, 0, 1, (1, 0, 0), -6, (0, 0)): (0, 3)
(8, 0, 1, (1, 0, 0), -5, (0, 0)): (2, 12)
(8, 0, 1, (1, 0, 0), -4, (0, 0)): (0, 18)
(8, 0, 1, (1, 0, 0), -3, (0, 0)): (0, 24)
(8, 0, 1, (1, 0, 0), -3, (0, 1)): (0, 1)
(8, 0, 1, (1, 0, 0), -2, (0, 0)): (3, 35)
(8, 0, 1, (1, 0, 0), -1, (0, 0)): (8, 29)
(8, 0, 1, (1, 0, 0), 0, (0, 0)): (18, 32)
(8, 0, 1, (1, 0, 0), 1, (0, 0)): (18, 22)
(8, 0, 1, (1, 0, 0), 2, (0, 0)): (24, 27)
(8, 0, 1, (1, 0, 0), 3, (0, 0)): (15, 16)
(8, 0, 1, (1, 0, 0), 4, (0, 0)): (7, 7)
(8, 0, 1, (1, 0, 0), 5, (0, 0)): (15, 15)
(8, 0, 1, (1, 0, 0), 6, (0, 0)): (7, 7)
(8, 0, 1, (1, 0, 0), 7, (0, 0)): (4, 4)
(8, 0, 1, (1, 0, 0), 8, (0, 0)): (8, 8)
(8, 0, 1, (1, 0, 0), 9, (0, 0)): (1, 1)
(8, 0, 1, (1, 0, 0), 10, (0, 0)): (2, 2)
(8, 0, 1, (1, 0, 0), 14, (0, 0)): (1, 1)
(8, 0, 1, (1, 0, 1), -9, (0, 0)): (0, 1)
(8, 0, 1, (1, 0, 1), -6, (0, 0)): (0, 1)
(8, 0, 1, (1, 0, 1), -5, (0, 0)): (0, 1)
(8, 0, 1, (1, 0, 1), -4, (0, 0)): (0, 2)
(8, 0, 1, (1, 0, 1), -3, (0, 0)): (0, 2)
(8, 0, 1, (1, 0, 1), -2, (0, 0)): (1, 3)
(8, 0, 1, (1, 0, 1), -1, (0, 0)): (3, 6)
(8, 0, 1, (1, 0, 1), 0, (0, 0)): (4, 6)
(8, 0, 1, (1, 0, 1), 1, (0, 0)): (2, 2)
(8, 0, 1, (1, 0, 1), 2, (0, 0)): (4, 4)
(8, 0, 1, (1, 0, 1), 3, (0, 0)): (2, 2)
(8, 0, 1, (1, 0, 1), 4, (0, 0)): (3, 3)
(8, 0, 1, (1, 0, 1), 5, (0, 0)): (2, 2)
(8, 0, 1, (1, 0, 1), 6, (0, 0)): (1, 1)
(8, 0, 1, (1, 0, 1), 7, (0, 0)): (1, 1)
(8, 0, 1, (1, 0, 1), 9, (0, 0)): (1, 1)
(8, 0, 1, (1, 0, 1), 12, (0, 0)): (1, 1)
(8, 0, 1, (1, 1, 0), -8, (0, 0)): (0, 3)
(8, 0, 1, (1, 1, 0), -7, (0, 0)): (0, 1)
(8, 0, 1, (1, 1, 0), -5, (0, 0)): (0, 8)
(8, 0, 1, (1, 1, 0), -4, (0, 0)): (0, 8)
(8, 0, 1, (1, 1, 0), -3, (0, 0)): (0, 6)
(8, 0, 1, (1, 1, 0), -2, (0, 0)): (2, 7)
(8, 0, 1, (1, 1, 0), -1, (0, 0)): (4, 12)
(8, 0, 1, (1, 1, 0), 0, (0, 0)): (5, 9)
(8, 0, 1, (1, 1, 0), 1, (0, 0)): (7, 8)
(8, 0, 1, (1, 1, 0), 2, (0, 0)): (7, 7)
(8, 0, 1, (1, 1, 0), 3, (0, 0)): (9, 9)
(8, 0, 1, (1, 1, 0), 4, (0, 0)): (5, 5)
(8, 0, 1, (1, 1, 0), 5, (0, 0)): (4, 4)
(8, 0, 1, (1, 1, 0), 6, (0, 0)): (7, 7)
(8, 0, 1, (1, 1, 0), 7, (0, 0)): (3, 3)
(8, 0, 1, (1, 1, 0), 8, (0, 0)): (4, 4)
(8, 0, 1, (1, 1, 0), 9, (0, 0)): (3, 3)
(8, 0, 1, (1, 1, 1), -8, (0, 0)): (0, 1)
(8, 0, 1, (1, 1, 1), -5, (0, 0)): (0, 1)
(8, 0, 1, (1, 1, 1), -4, (0, 0)): (0, 1)
(8, 0, 1, (1, 1, 1), -3, (0, 0)): (0, 3)
(8, 0, 1, (1, 1, 1), -2, (0, 0)): (1, 2)
(8, 0, 1, (1, 1, 1), -1, (0, 0)): (1, 2)
(8, 0, 1, (1, 1, 1), 0, (0, 0)): (2, 3)
(8, 0, 1, (1, 1, 1), 1, (0, 0)): (3, 4)
(8, 0, 1, (1, 1, 1), 2, (0, 0)): (2, 2)
(8, 0, 1, (1, 1, 1), 3, (0, 0)): (1, 1)
(8, 0, 1, (1, 1, 1), 4, (0, 0)): (2, 2)
(8, 0, 1, (1, 1, 1), 8, (0, 0)): (1, 1)
(8, 0, 1, (1, 1, 1), 9, (0, 0)): (3, 3)
(8, 0, 1, (1, 1, 1), 10, (0, 0)): (1, 1)
(8, 0, 2, (0, 0, 0), -12, (0, 0)): (0, 1)
(8, 0, 2, (0, 0, 0), -10, (0, 0)): (0, 1)
(8, 0, 2, (0, 0, 0), -9, (0, 0)): (0, 2)
(8, 0, 2, (0, 0, 0), -8, (0, 0)): (0, 6)
(8, 0, 2, (0, 0, 0), -7, (0, 0)): (0, 8)
(8, 0, 2, (0, 0, 0), -6, (0, 0)): (0, 13)
(8, 0, 2, (0, 0, 0), -5, (0, 0)): (0, 14)
(8, 0, 2, (0, 0, 0), -4, (0, 0)): (0, 28)
(8, 0, 2, (0, 0, 0), -3, (0, 0)): (0, 30)
(8, 0, 2, (0, 0, 0), -2, (0, 0)): (4, 38)
(8, 0, 2, (0, 0, 0), -1, (0, 0)): (6, 56)
(8, 0, 2, (0, 0, 0), 0, (0, 0)): (16, 48)
(8, 0, 2, (0, 0, 0), 1, (0, 0)): (46, 52)
(8, 0, 2, (0, 0, 0), 2, (0, 0)): (31, 40)
(8, 0, 2, (0, 0, 0), 3, (0, 0)): (26, 27)
(8, 0, 2, (0, 0, 0), 4, (0, 0)): (20, 21)
(8, 0, 2, (0, 0, 0), 5, (0, 0)): (27, 28)
(8, 0, 2, (0, 0, 0), 5, (0, 1)): (1, 1)
(8, 0, 2, (0, 0, 0), 6, (0, 0)): (15, 15)
(8, 0, 2, (0, 0, 0), 6, (0, 1)): (1, 1)
(8, 0, 2, (0, 0, 0), 6, (0, 2)): (1, 1)
(8, 0, 2, (0, 0, 0), 6, (1, 2)): (1, 1)
(8, 0, 2, (0, 0, 0), 6, (2, 2)): (1, 1)
(8, 0, 2, (0, 0, 0), 6, (3, 2)): (1, 1)
(8, 0, 2, (0, 0, 0), 7, (0, 0)): (5, 5)
(8, 0, 2, (0, 0, 0), 8, (0, 0)): (4, 4)
(8, 0, 2, (0, 0, 0), 9, (0, 0)): (1, 1)
(8, 0, 2, (0, 0, 0), 10, (0, 0)): (1, 1)
(8, 0, 2, (0, 0, 0), 11, (0, 0)): (3, 3)
(8, 0, 2, (0, 0, 0), 15, (0, 0)): (1, 1)
(8, 0, 2, (0, 0, 1), -11, (0, 0)): (0, 1)
(8, 0, 2, (0, 0, 1), -8, (0, 0)): (0, 1)
(8, 0, 2, (0, 0, 1), -7, (0, 0)): (0, 1)
(8, 0, 2, (0, 0, 1), -6, (0, 0)): (0, 2)
(8, 0, 2, (0, 0, 1), -5, (0, 0)): (0, 1)
(8, 0, 2, (0, 0, 1), -3, (0, 0)): (0, 2)
(8, 0, 2, (0, 0, 1), -2, (0, 0)): (0, 3)
(8, 0, 2, (0, 0, 1), -1, (0, 0)): (1, 5)
(8, 0, 2, (0, 0, 1), 0, (0, 0)): (3, 5)
(8, 0, 2, (0, 0, 1), 1, (0, 0)): (8, 12)
(8, 0, 2, (0, 0, 1), 2, (0, 0)): (6, 6)
(8, 0, 2, (0, 0, 1), 2, (0, 1)): (1, 1)
(8, 0, 2, (0, 0, 1), 2, (1, 1)): (1, 1)
(8, 0, 2, (0, 0, 1), 2, (1, 2)): (1, 1)
(8, 0, 2, (0, 0, 1), 2, (2, 2)): (1, 1)
(8, 0, 2, (0, 0, 1), 3, (0, 0)): (6, 6)
(8, 0, 2, (0, 0, 1), 4, (0, 0)): (12, 12)
(8, 0, 2, (0, 0, 1), 5, (0, 0)): (3, 3)
(8, 0, 2, (0, 0, 1), 6, (0, 0)): (2, 2)
(8, 0, 2, (0, 0, 1), 7, (0, 0)): (2, 2)
(8, 0, 2, (0, 0, 1), 9, (0, 0)): (4, 4)
(8, 0, 2, (0, 0, 1), 10, (0, 0)): (2, 2)
(8, 0, 2, (0, 1, 0), -12, (0, 0)): (0, 1)
(8, 0, 2, (0, 1, 0), -11, (0, 0)): (0, 1)
(8, 0, 2, (0, 1, 0), -10, (0, 0)): (0, 4)
(8, 0, 2, (0, 1, 0), -9, (0, 0)): (0, 1)
(8, 0, 2, (0, 1, 0), -8, (0, 0)): (0, 3)
(8, 0, 2, (0, 1, 0), -7, (0, 0)): (0, 2)
(8, 0, 2, (0, 1, 0), -6, (0, 0)): (0, 4)
(8, 0, 2, (0, 1, 0), -5, (0, 0)): (0, 10)
(8, 0, 2, (0, 1, 0), -4, (0, 0)): (0, 5)
(8, 0, 2, (0, 1, 0), -3, (0, 0)): (1, 8)
(8, 0, 2, (0, 1, 0), -2, (0, 0)): (1, 13)
(8, 0, 2, (0, 1, 0), -1, (0, 0)): (5, 20)
(8, 0, 2, (0, 1, 0), 0, (0, 0)): (16, 23)
(8, 0, 2, (0, 1, 0), 1, (0, 0)): (15, 17)
(8, 0, 2, (0, 1, 0), 2, (0, 0)): (11, 14)
(8, 0, 2, (0, 1, 0), 3, (0, 0)): (10, 11)
(8, 0, 2, (0, 1, 0), 4, (0, 0)): (10, 10)
(8, 0, 2, (0, 1, 0), 5, (0, 0)): (9, 9)
(8, 0, 2, (0, 1, 0), 6, (0, 0)): (3, 3)
(8, 0, 2, (0, 1, 0), 7, (0, 0)): (1, 1)
(8, 0, 2, (0, 1, 0), 8, (0, 0)): (4, 4)
(8, 0, 2, (0, 1, 0), 9, (0, 0)): (1, 1)
(8, 0, 2, (0, 1, 0), 10, (0, 0)): (2, 2)
(8, 0, 2, (0, 1, 1), -5, (0, 0)): (0, 3)
(8, 0, 2, (0, 1, 1), -4, (0, 0)): (0, 1)
(8, 0, 2, (0, 1, 1), -3, (0, 0)): (0, 1)
(8, 0, 2, (0, 1, 1), -2, (0, 0)): (0, 2)
(8, 0, 2, (0, 1, 1), -1, (0, 0)): (4, 7)
(8, 0, 2, (0, 1, 1), 0, (0, 0)): (3, 5)
(8, 0, 2, (0, 1, 1), 1, (0, 0)): (5, 5)
(8, 0, 2, (0, 1, 1), 2, (0, 0)): (3, 4)
(8, 0, 2, (0, 1, 1), 3, (0, 0)): (2, 2)
(8, 0, 2, (0, 1, 1), 4, (0, 0)): (1, 1)
(8, 0, 2, (0, 1, 1), 5, (0, 0)): (1, 1)
(8, 0, 2, (0, 1, 1), 6, (0, 0)): (2, 2)
(8, 0, 2, (0, 1, 1), 7, (0, 0)): (2, 2)
(8, 0, 2, (0, 1, 1), 9, (0, 0)): (1, 1)
(8, 0, 2, (1, 0, 0), -11, (0, 0)): (0, 1)
(8, 0, 2, (1, 0, 0), -10, (0, 0)): (0, 5)
(8, 0, 2, (1, 0, 0), -9, (0, 0)): (0, 6)
(8, 0, 2, (1, 0, 0), -8, (0, 0)): (0, 3)
(8, 0, 2, (1, 0, 0), -7, (0, 0)): (0, 4)
(8, 0, 2, (1, 0, 0), -6, (0, 0)): (0, 7)
(8, 0, 2, (1, 0, 0), -5, (0, 0)): (1, 4)
(8, 0, 2, (1, 0, 0), -4, (0, 0)): (0, 20)
(8, 0, 2, (1, 0, 0), -3, (0, 0)): (0, 23)
(8, 0, 2, (1, 0, 0), -3, (0, 1)): (0, 1)
(8, 0, 2, (1, 0, 0), -3, (1, 1)): (0, 1)
(8, 0, 2, (1, 0, 0), -2, (0, 0)): (1, 26)
(8, 0, 2, (1, 0, 0), -1, (0, 0)): (3, 23)
(8, 0, 2, (1, 0, 0), 0, (0, 0)): (11, 26)
(8, 0, 2, (1, 0, 0), 1, (0, 0)): (31, 37)
(8, 0, 2, (1, 0, 0), 2, (0, 0)): (18, 24)
(8, 0, 2, (1, 0, 0), 3, (0, 0)): (13, 13)
(8, 0, 2, (1, 0, 0), 4, (0, 0)): (13, 13)
(8, 0, 2, (1, 0, 0), 5, (0, 0)): (11, 11)
(8, 0, 2, (1, 0, 0), 6, (0, 0)): (5, 5)
(8, 0, 2, (1, 0, 0), 7, (0, 0)): (3, 3)
(8, 0, 2, (1, 0, 0), 8, (0, 0)): (7, 7)
(8, 0, 2, (1, 0, 0), 9, (0, 0)): (3, 3)
(8, 0, 2, (1, 0, 0), 10, (0, 0)): (2, 2)
(8, 0, 2, (1, 0, 0), 11, (0, 0)): (1, 1)
(8, 0, 2, (1, 0, 0), 13, (0, 0)): (1, 1)
(8, 0, 2, (1, 0, 0), 14, (0, 0)): (1, 1)
(8, 0, 2, (1, 0, 1), -11, (0, 0)): (0, 1)
(8, 0, 2, (1, 0, 1), -7, (0, 0)): (0, 1)
(8, 0, 2, (1, 0, 1), -3, (0, 0)): (0, 4)
(8, 0, 2, (1, 0, 1), -2, (0, 0)): (1, 6)
(8, 0, 2, (1, 0, 1), -1, (0, 0)): (3, 9)
(8, 0, 2, (1, 0, 1), 0, (0, 0)): (1, 2)
(8, 0, 2, (1, 0, 1), 1, (0, 0)): (4, 5)
(8, 0, 2, (1, 0, 1), 3, (0, 0)): (1, 1)
(8, 0, 2, (1, 0, 1), 4, (0, 0)): (6, 6)
(8, 0, 2, (1, 0, 1), 6, (0, 0)): (1, 1)
(8, 0, 2, (1, 0, 1), 7, (0, 0)): (1, 1)
(8, 0, 2, (1, 0, 1), 8, (0, 0)): (2, 2)
(8, 0, 2, (1, 0, 1), 9, (0, 0)): (2, 2)
(8, 0, 2, (1, 1, 0), -10, (0, 0)): (0, 1)
(8, 0, 2, (1, 1, 0), -9, (0, 0)): (0, 2)
(8, 0, 2, (1, 1, 0), -8, (0, 0)): (0, 2)
(8, 0, 2, (1, 1, 0), -7, (0, 0)): (0, 3)
(8, 0, 2, (1, 1, 0), -6, (0, 0)): (0, 2)
(8, 0, 2, (1, 1, 0), -5, (0, 0)): (1, 7)
(8, 0, 2, (1, 1, 0), -4, (0, 0)): (0, 10)
(8, 0, 2, (1, 1, 0), -3, (0, 0)): (0, 6)
(8, 0, 2, (1, 1, 0), -2, (0, 0)): (0, 14)
(8, 0, 2, (1, 1, 0), -1, (0, 0)): (4, 9)
(8, 0, 2, (1, 1, 0), 0, (0, 0)): (4, 8)
(8, 0, 2, (1, 1, 0), 1, (0, 0)): (6, 7)
(8, 0, 2, (1, 1, 0), 2, (0, 0)): (8, 9)
(8, 0, 2, (1, 1, 0), 3, (0, 0)): (4, 4)
(8, 0, 2, (1, 1, 0), 4, (0, 0)): (3, 3)
(8, 0, 2, (1, 1, 0), 5, (0, 0)): (7, 7)
(8, 0, 2, (1, 1, 0), 6, (0, 0)): (6, 6)
(8, 0, 2, (1, 1, 0), 7, (0, 0)): (1, 1)
(8, 0, 2, (1, 1, 0), 8, (0, 0)): (4, 4)
(8, 0, 2, (1, 1, 0), 10, (0, 0)): (1, 1)
(8, 0, 2, (1, 1, 1), -9, (0, 0)): (0, 1)
(8, 0, 2, (1, 1, 1), -5, (0, 0)): (1, 1)
(8, 0, 2, (1, 1, 1), -4, (0, 0)): (1, 3)
(8, 0, 2, (1, 1, 1), -3, (0, 0)): (0, 4)
(8, 0, 2, (1, 1, 1), -1, (0, 0)): (2, 2)
(8, 0, 2, (1, 1, 1), 0, (0, 0)): (0, 1)
(8, 0, 2, (1, 1, 1), 1, (0, 0)): (2, 3)
(8, 0, 2, (1, 1, 1), 2, (0, 0)): (3, 3)
(8, 0, 2, (1, 1, 1), 3, (0, 0)): (1, 1)
(8, 0, 2, (1, 1, 1), 4, (0, 0)): (1, 1)
(8, 0, 2, (1, 1, 1), 6, (0, 0)): (1, 1)
(8, 0, 2, (1, 1, 1), 7, (0, 0)): (1, 1)
(8, 0, 2, (1, 1, 1), 8, (0, 0)): (2, 2)
(8, 0, 2, (1, 1, 1), 9, (0, 0)): (2, 2)
(8, 0, 2, (1, 1, 1), 10, (0, 0)): (1, 1)
(8, 1, 0, (0, 0, 0), -15, (0, 0)): (0, 1)
(8, 1, 0, (0, 0, 0), -14, (0, 0)): (0, 1)
(8, 1, 0, (0, 0, 0), -13, (0, 0)): (0, 1)
(8, 1, 0, (0, 0, 0), -12, (0, 0)): (0, 1)
(8, 1, 0, (0, 0, 0), -11, (0, 0)): (0, 3)
(8, 1, 0, (0, 0, 0), -10, (0, 0)): (0, 6)
(8, 1, 0, (0, 0, 0), -9, (0, 0)): (0, 8)
(8, 1, 0, (0, 0, 0), -8, (0, 0)): (0, 11)
(8, 1, 0, (0, 0, 0), -7, (0, 0)): (0, 10)
(8, 1, 0, (0, 0, 0), -6, (0, 0)): (0, 28)
(8, 1, 0, (0, 0, 0), -6, (1, 0)): (0, 1)
(8, 1, 0, (0, 0, 0), -6, (1, 1)): (0, 1)
(8, 1, 0, (0, 0, 0), -6, (1, 2)): (0, 1)
(8, 1, 0, (0, 0, 0), -5, (0, 0)): (1, 41)
(8, 1, 0, (0, 0, 0), -4, (0, 0)): (1, 44)
(8, 1, 0, (0, 0, 0), -3, (0, 0)): (2, 56)
(8, 1, 0, (0, 0, 0), -2, (0, 0)): (20, 85)
(8, 1, 0, (0, 0, 0), -2, (0, 1)): (0, 2)
(8, 1, 0, (0, 0, 0), -2, (0, 2)): (0, 1)
(8, 1, 0, (0, 0, 0), -2, (1, 1)): (0, 1)
(8, 1, 0, (0, 0, 0), -2, (1, 2)): (0, 2)
(8, 1, 0, (0, 0, 0), -2, (2, 2)): (0, 1)
(8, 1, 0, (0, 0, 0), -1, (0, 0)): (12, 96)
(8, 1, 0, (0, 0, 0), 0, (0, 0)): (51, 78)
(8, 1, 0, (0, 0, 0), 0, (0, 1)): (0, 1)
(8, 1, 0, (0, 0, 0), 0, (0, 2)): (0, 1)
(8, 1, 0, (0, 0, 0), 1, (0, 0)): (82, 91)
(8, 1, 0, (0, 0, 0), 1, (1, 0)): (1, 1)
(8, 1, 0, (0, 0, 0), 1, (1, 1)): (1, 1)
(8, 1, 0, (0, 0, 0), 1, (2, 1)): (1, 1)
(8, 1, 0, (0, 0, 0), 2, (0, 0)): (73, 76)
(8, 1, 0, (0, 0, 0), 3, (0, 0)): (51, 52)
(8, 1, 0, (0, 0, 0), 4, (0, 0)): (48, 49)
(8, 1, 0, (0, 0, 0), 5, (0, 0)): (28, 28)
(8, 1, 0, (0, 0, 0), 6, (0, 0)): (17, 17)
(8, 1, 0, (0, 0, 0), 7, (0, 0)): (14, 14)
(8, 1, 0, (0, 0, 0), 8, (0, 0)): (10, 10)
(8, 1, 0, (0, 0, 0), 9, (0, 0)): (6, 6)
(8, 1, 0, (0, 0, 0), 10, (0, 0)): (6, 6)
(8, 1, 0, (0, 0, 0), 11, (0, 0)): (1, 1)
(8, 1, 0, (0, 0, 0), 12, (0, 0)): (2, 2)
(8, 1, 0, (0, 0, 1), -5, (0, 0)): (0, 1)
(8, 1, 0, (0, 0, 1), -3, (0, 0)): (0, 1)
(8, 1, 0, (0, 0, 1), -2, (0, 0)): (0, 1)
(8, 1, 0, (0, 0, 1), -1, (0, 0)): (0, 2)
(8, 1, 0, (0, 0, 1), 0, (0, 0)): (1, 1)
(8, 1, 0, (0, 0, 1), 1, (0, 0)): (2, 2)
(8, 1, 0, (0, 0, 1), 2, (0, 0)): (4, 4)
(8, 1, 0, (0, 0, 1), 3, (0, 0)): (1, 1)
(8, 1, 0, (0, 0, 1), 5, (0, 0)): (2, 2)
(8, 1, 0, (0, 0, 1), 6, (0, 0)): (1, 1)
(8, 1, 0, (0, 0, 1), 8, (0, 0)): (1, 1)
(8, 1, 0, (0, 0, 1), 9, (0, 0)): (1, 1)
(8, 1, 0, (0, 0, 1), 10, (0, 0)): (1, 1)
(8, 1, 0, (0, 1, 0), -9, (0, 0)): (0, 1)
(8, 1, 0, (0, 1, 0), -7, (0, 0)): (0, 1)
(8, 1, 0, (0, 1, 0), -6, (0, 0)): (0, 4)
(8, 1, 0, (0, 1, 0), -5, (0, 0)): (0, 3)
(8, 1, 0, (0, 1, 0), -4, (0, 0)): (0, 3)
(8, 1, 0, (0, 1, 0), -3, (0, 0)): (0, 5)
(8, 1, 0, (0, 1, 0), -2, (0, 0)): (3, 5)
(8, 1, 0, (0, 1, 0), -1, (0, 0)): (2, 3)
(8, 1, 0, (0, 1, 0), 0, (0, 0)): (5, 6)
(8, 1, 0, (0, 1, 0), 1, (0, 0)): (7, 8)
(8, 1, 0, (0, 1, 0), 2, (0, 0)): (7, 7)
(8, 1, 0, (0, 1, 0), 3, (0, 0)): (3, 4)
(8, 1, 0, (0, 1, 0), 4, (0, 0)): (4, 4)
(8, 1, 0, (0, 1, 0), 6, (0, 0)): (1, 1)
(8, 1, 0, (0, 1, 0), 7, (0, 0)): (2, 2)
(8, 1, 0, (0, 1, 0), 10, (0, 0)): (1, 1)
(8, 1, 0, (0, 1, 1), -11, (0, 0)): (0, 1)
(8, 1, 0, (0, 1, 1), -9, (0, 0)): (0, 3)
(8, 1, 0, (0, 1, 1), -5, (0, 0)): (0, 1)
(8, 1, 0, (0, 1, 1), -3, (0, 0)): (0, 1)
(8, 1, 0, (0, 1, 1), -2, (0, 0)): (0, 1)
(8, 1, 0, (0, 1, 1), -1, (0, 0)): (1, 2)
(8, 1, 0, (0, 1, 1), 0, (0, 0)): (0, 1)
(8, 1, 0, (0, 1, 1), 1, (0, 0)): (2, 2)
(8, 1, 0, (0, 1, 1), 2, (0, 0)): (1, 1)
(8, 1, 0, (0, 1, 1), 3, (0, 0)): (2, 2)
(8, 1, 0, (0, 1, 1), 4, (0, 0)): (3, 3)
(8, 1, 0, (0, 1, 1), 8, (0, 0)): (2, 2)
(8, 1, 0, (0, 1, 1), 13, (0, 0)): (1, 1)
(8, 1, 0, (1, 0, 0), -11, (0, 0)): (0, 1)
(8, 1, 0, (1, 0, 0), -10, (0, 0)): (0, 2)
(8, 1, 0, (1, 0, 0), -9, (0, 0)): (0, 5)
(8, 1, 0, (1, 0, 0), -8, (0, 0)): (0, 1)
(8, 1, 0, (1, 0, 0), -7, (0, 0)): (0, 4)
(8, 1, 0, (1, 0, 0), -6, (0, 0)): (0, 9)
(8, 1, 0, (1, 0, 0), -5, (0, 0)): (0, 12)
(8, 1, 0, (1, 0, 0), -4, (0, 0)): (0, 15)
(8, 1, 0, (1, 0, 0), -3, (0, 0)): (2, 20)
(8, 1, 0, (1, 0, 0), -2, (0, 0)): (5, 26)
(8, 1, 0, (1, 0, 0), -1, (0, 0)): (6, 23)
(8, 1, 0, (1, 0, 0), 0, (0, 0)): (13, 21)
(8, 1, 0, (1, 0, 0), 1, (0, 0)): (27, 30)
(8, 1, 0, (1, 0, 0), 2, (0, 0)): (18, 20)
(8, 1, 0, (1, 0, 0), 3, (0, 0)): (21, 22)
(8, 1, 0, (1, 0, 0), 4, (0, 0)): (10, 10)
(8, 1, 0, (1, 0, 0), 5, (0, 0)): (6, 6)
(8, 1, 0, (1, 0, 0), 6, (0, 0)): (2, 2)
(8, 1, 0, (1, 0, 0), 7, (0, 0)): (6, 6)
(8, 1, 0, (1, 0, 0), 8, (0, 0)): (6, 6)
(8, 1, 0, (1, 0, 0), 10, (0, 0)): (4, 4)
(8, 1, 0, (1, 0, 0), 11, (0, 0)): (2, 2)
(8, 1, 0, (1, 0, 0), 12, (0, 0)): (1, 1)
(8, 1, 0, (1, 0, 1), -11, (0, 0)): (0, 1)
(8, 1, 0, (1, 0, 1), -9, (0, 0)): (0, 1)
(8, 1, 0, (1, 0, 1), -4, (0, 0)): (0, 1)
(8, 1, 0, (1, 0, 1), -3, (0, 0)): (0, 3)
(8, 1, 0, (1, 0, 1), -2, (0, 0)): (1, 1)
(8, 1, 0, (1, 0, 1), -1, (0, 0)): (0, 1)
(8, 1, 0, (1, 0, 1), 1, (0, 0)): (3, 3)
(8, 1, 0, (1, 0, 1), 2, (0, 0)): (3, 3)
(8, 1, 0, (1, 0, 1), 3, (0, 0)): (3, 3)
(8, 1, 0, (1, 1, 0), -10, (0, 0)): (0, 1)
(8, 1, 0, (1, 1, 0), -9, (0, 0)): (0, 2)
(8, 1, 0, (1, 1, 0), -8, (0, 0)): (0, 1)
(8, 1, 0, (1, 1, 0), -6, (0, 0)): (0, 4)
(8, 1, 0, (1, 1, 0), -5, (0, 0)): (0, 4)
(8, 1, 0, (1, 1, 0), -4, (0, 0)): (0, 4)
(8, 1, 0, (1, 1, 0), -3, (0, 0)): (1, 3)
(8, 1, 0, (1, 1, 0), -2, (0, 0)): (3, 5)
(8, 1, 0, (1, 1, 0), -1, (0, 0)): (1, 4)
(8, 1, 0, (1, 1, 0), 0, (0, 0)): (3, 4)
(8, 1, 0, (1, 1, 0), 1, (0, 0)): (4, 4)
(8, 1, 0, (1, 1, 0), 2, (0, 0)): (3, 4)
(8, 1, 0, (1, 1, 0), 3, (0, 0)): (3, 3)
(8, 1, 0, (1, 1, 0), 4, (0, 0)): (3, 3)
(8, 1, 0, (1, 1, 0), 6, (0, 0)): (1, 1)
(8, 1, 0, (1, 1, 0), 7, (0, 0)): (2, 2)
(8, 1, 0, (1, 1, 0), 8, (0, 0)): (1, 1)
(8, 1, 0, (1, 1, 0), 10, (0, 0)): (2, 2)
(8, 1, 0, (1, 1, 0), 12, (0, 0)): (1, 1)
(8, 1, 0, (1, 1, 1), -8, (0, 0)): (0, 1)
(8, 1, 0, (1, 1, 1), -6, (0, 0)): (0, 2)
(8, 1, 0, (1, 1, 1), -5, (0, 0)): (0, 2)
(8, 1, 0, (1, 1, 1), -4, (0, 0)): (0, 3)
(8, 1, 0, (1, 1, 1), -3, (0, 0)): (0, 1)
(8, 1, 0, (1, 1, 1), -2, (0, 0)): (1, 2)
(8, 1, 0, (1, 1, 1), 0, (0, 0)): (0, 1)
(8, 1, 0, (1, 1, 1), 1, (0, 0)): (2, 2)
(8, 1, 0, (1, 1, 1), 2, (0, 0)): (1, 1)
(8, 1, 0, (1, 1, 1), 10, (0, 0)): (1, 1)
(8, 1, 1, (0, 0, 0), -15, (0, 0)): (0, 1)
(8, 1, 1, (0, 0, 0), -14, (0, 0)): (0, 1)
(8, 1, 1, (0, 0, 0), -13, (0, 0)): (0, 1)
(8, 1, 1, (0, 0, 0), -12, (0, 0)): (0, 1)
(8, 1, 1, (0, 0, 0), -11, (0, 0)): (0, 2)
(8, 1, 1, (0, 0, 0), -10, (0, 0)): (0, 4)
(8, 1, 1, (0, 0, 0), -9, (0, 0)): (0, 4)
(8, 1, 1, (0, 0, 0), -8, (0, 0)): (0, 10)
(8, 1, 1, (0, 0, 0), -7, (0, 0)): (0, 6)
(8, 1, 1, (0, 0, 0), -6, (0, 0)): (0, 16)
(8, 1, 1, (0, 0, 0), -6, (0, 1)): (0, 1)
(8, 1, 1, (0, 0, 0), -6, (1, 1)): (0, 1)
(8, 1, 1, (0, 0, 0), -5, (0, 0)): (1, 25)
(8, 1, 1, (0, 0, 0), -4, (0, 0)): (1, 28)
(8, 1, 1, (0, 0, 0), -3, (0, 0)): (0, 34)
(8, 1, 1, (0, 0, 0), -2, (0, 0)): (13, 56)
(8, 1, 1, (0, 0, 0), -2, (0, 1)): (0, 1)
(8, 1, 1, (0, 0, 0), -2, (1, 0)): (0, 1)
(8, 1, 1, (0, 0, 0), -2, (1, 1)): (0, 2)
(8, 1, 1, (0, 0, 0), -1, (0, 0)): (6, 76)
(8, 1, 1, (0, 0, 0), 0, (0, 0)): (35, 53)
(8, 1, 1, (0, 0, 0), 0, (0, 1)): (0, 1)
(8, 1, 1, (0, 0, 0), 1, (0, 0)): (54, 61)
(8, 1, 1, (0, 0, 0), 1, (0, 1)): (1, 1)
(8, 1, 1, (0, 0, 0), 1, (0, 2)): (1, 1)
(8, 1, 1, (0, 0, 0), 1, (1, 0)): (1, 1)
(8, 1, 1, (0, 0, 0), 1, (1, 1)): (1, 1)
(8, 1, 1, (0, 0, 0), 1, (2, 1)): (1, 1)
(8, 1, 1, (0, 0, 0), 1, (3, 1)): (1, 1)
(8, 1, 1, (0, 0, 0), 2, (0, 0)): (52, 53)
(8, 1, 1, (0, 0, 0), 3, (0, 0)): (32, 32)
(8, 1, 1, (0, 0, 0), 4, (0, 0)): (37, 38)
(8, 1, 1, (0, 0, 0), 5, (0, 0)): (20, 20)
(8, 1, 1, (0, 0, 0), 6, (0, 0)): (14, 14)
(8, 1, 1, (0, 0, 0), 7, (0, 0)): (11, 11)
(8, 1, 1, (0, 0, 0), 8, (0, 0)): (3, 3)
(8, 1, 1, (0, 0, 0), 9, (0, 0)): (5, 5)
(8, 1, 1, (0, 0, 0), 10, (0, 0)): (3, 3)
(8, 1, 1, (0, 0, 0), 12, (0, 0)): (1, 1)
(8, 1, 1, (0, 0, 1), -9, (0, 0)): (0, 1)
(8, 1, 1, (0, 0, 1), -8, (0, 0)): (0, 2)
(8, 1, 1, (0, 0, 1), -6, (0, 0)): (0, 2)
(8, 1, 1, (0, 0, 1), -5, (0, 0)): (0, 2)
(8, 1, 1, (0, 0, 1), -4, (0, 0)): (0, 2)
(8, 1, 1, (0, 0, 1), -3, (0, 0)): (0, 2)
(8, 1, 1, (0, 0, 1), -2, (0, 0)): (2, 3)
(8, 1, 1, (0, 0, 1), -1, (0, 0)): (3, 7)
(8, 1, 1, (0, 0, 1), 0, (0, 0)): (3, 5)
(8, 1, 1, (0, 0, 1), 1, (0, 0)): (9, 10)
(8, 1, 1, (0, 0, 1), 2, (0, 0)): (6, 7)
(8, 1, 1, (0, 0, 1), 3, (0, 0)): (7, 8)
(8, 1, 1, (0, 0, 1), 4, (0, 0)): (7, 7)
(8, 1, 1, (0, 0, 1), 5, (0, 0)): (2, 2)
(8, 1, 1, (0, 0, 1), 6, (0, 0)): (2, 2)
(8, 1, 1, (0, 0, 1), 7, (0, 0)): (3, 3)
(8, 1, 1, (0, 0, 1), 8, (0, 0)): (1, 1)
(8, 1, 1, (0, 0, 1), 9, (0, 0)): (1, 1)
(8, 1, 1, (0, 0, 1), 10, (0, 0)): (1, 1)
(8, 1, 1, (0, 0, 1), 12, (0, 0)): (1, 1)
(8, 1, 1, (0, 1, 0), -11, (0, 0)): (0, 1)
(8, 1, 1, (0, 1, 0), -10, (0, 0)): (0, 2)
(8, 1, 1, (0, 1, 0), -8, (0, 0)): (0, 1)
(8, 1, 1, (0, 1, 0), -7, (0, 0)): (0, 2)
(8, 1, 1, (0, 1, 0), -6, (0, 0)): (0, 4)
(8, 1, 1, (0, 1, 0), -5, (0, 0)): (0, 8)
(8, 1, 1, (0, 1, 0), -4, (0, 0)): (0, 3)
(8, 1, 1, (0, 1, 0), -3, (0, 0)): (0, 6)
(8, 1, 1, (0, 1, 0), -2, (0, 0)): (2, 7)
(8, 1, 1, (0, 1, 0), -1, (0, 0)): (3, 12)
(8, 1, 1, (0, 1, 0), 0, (0, 0)): (15, 19)
(8, 1, 1, (0, 1, 0), 1, (0, 0)): (13, 14)
(8, 1, 1, (0, 1, 0), 2, (0, 0)): (17, 17)
(8, 1, 1, (0, 1, 0), 3, (0, 0)): (13, 13)
(8, 1, 1, (0, 1, 0), 4, (0, 0)): (8, 8)
(8, 1, 1, (0, 1, 0), 5, (0, 0)): (5, 5)
(8, 1, 1, (0, 1, 0), 6, (0, 0)): (3, 3)
(8, 1, 1, (0, 1, 0), 9, (0, 0)): (2, 2)
(8, 1, 1, (0, 1, 0), 10, (0, 0)): (1, 1)
(8, 1, 1, (0, 1, 0), 12, (0, 0)): (1, 1)
(8, 1, 1, (0, 1, 1), -5, (0, 0)): (1, 2)
(8, 1, 1, (0, 1, 1), -4, (0, 0)): (0, 3)
(8, 1, 1, (0, 1, 1), -3, (0, 0)): (0, 2)
(8, 1, 1, (0, 1, 1), -2, (0, 0)): (1, 3)
(8, 1, 1, (0, 1, 1), -1, (0, 0)): (3, 6)
(8, 1, 1, (0, 1, 1), 0, (0, 0)): (2, 3)
(8, 1, 1, (0, 1, 1), 1, (0, 0)): (5, 5)
(8, 1, 1, (0, 1, 1), 2, (0, 0)): (5, 6)
(8, 1, 1, (0, 1, 1), 3, (0, 0)): (3, 3)
(8, 1, 1, (0, 1, 1), 4, (0, 0)): (5, 5)
(8, 1, 1, (0, 1, 1), 5, (0, 0)): (2, 2)
(8, 1, 1, (0, 1, 1), 10, (0, 0)): (1, 1)
(8, 1, 1, (1, 0, 0), -14, (0, 0)): (0, 1)
(8, 1, 1, (1, 0, 0), -11, (0, 0)): (0, 1)
(8, 1, 1, (1, 0, 0), -10, (0, 0)): (0, 2)
(8, 1, 1, (1, 0, 0), -9, (0, 0)): (0, 1)
(8, 1, 1, (1, 0, 0), -8, (0, 0)): (0, 1)
(8, 1, 1, (1, 0, 0), -7, (0, 0)): (0, 6)
(8, 1, 1, (1, 0, 0), -6, (0, 0)): (0, 6)
(8, 1, 1, (1, 0, 0), -5, (0, 0)): (1, 14)
(8, 1, 1, (1, 0, 0), -4, (0, 0)): (0, 16)
(8, 1, 1, (1, 0, 0), -3, (0, 0)): (1, 16)
(8, 1, 1, (1, 0, 0), -2, (0, 0)): (7, 30)
(8, 1, 1, (1, 0, 0), -1, (0, 0)): (3, 29)
(8, 1, 1, (1, 0, 0), 0, (0, 0)): (11, 19)
(8, 1, 1, (1, 0, 0), 1, (0, 0)): (17, 20)
(8, 1, 1, (1, 0, 0), 1, (0, 1)): (1, 1)
(8, 1, 1, (1, 0, 0), 2, (0, 0)): (27, 30)
(8, 1, 1, (1, 0, 0), 3, (0, 0)): (15, 15)
(8, 1, 1, (1, 0, 0), 4, (0, 0)): (14, 15)
(8, 1, 1, (1, 0, 0), 5, (0, 0)): (9, 9)
(8, 1, 1, (1, 0, 0), 6, (0, 0)): (4, 4)
(8, 1, 1, (1, 0, 0), 7, (0, 0)): (3, 3)
(8, 1, 1, (1, 0, 0), 8, (0, 0)): (4, 4)
(8, 1, 1, (1, 0, 0), 9, (0, 0)): (2, 2)
(8, 1, 1, (1, 0, 0), 10, (0, 0)): (3, 3)
(8, 1, 1, (1, 0, 0), 11, (0, 0)): (1, 1)
(8, 1, 1, (1, 0, 1), -8, (0, 0)): (0, 1)
(8, 1, 1, (1, 0, 1), -7, (0, 0)): (0, 1)
(8, 1, 1, (1, 0, 1), -6, (0, 0)): (0, 1)
(8, 1, 1, (1, 0, 1), -5, (0, 0)): (0, 4)
(8, 1, 1, (1, 0, 1), -4, (0, 0)): (0, 1)
(8, 1, 1, (1, 0, 1), -3, (0, 0)): (0, 5)
(8, 1, 1, (1, 0, 1), -2, (0, 0)): (4, 6)
(8, 1, 1, (1, 0, 1), -1, (0, 0)): (2, 3)
(8, 1, 1, (1, 0, 1), 0, (0, 0)): (4, 4)
(8, 1, 1, (1, 0, 1), 1, (0, 0)): (4, 4)
(8, 1, 1, (1, 0, 1), 2, (0, 0)): (3, 3)
(8, 1, 1, (1, 0, 1), 3, (0, 0)): (3, 3)
(8, 1, 1, (1, 0, 1), 4, (0, 0)): (5, 5)
(8, 1, 1, (1, 0, 1), 6, (0, 0)): (2, 2)
(8, 1, 1, (1, 1, 0), -14, (0, 0)): (0, 1)
(8, 1, 1, (1, 1, 0), -10, (0, 0)): (0, 1)
(8, 1, 1, (1, 1, 0), -9, (0, 0)): (0, 3)
(8, 1, 1, (1, 1, 0), -7, (0, 0)): (0, 2)
(8, 1, 1, (1, 1, 0), -6, (0, 0)): (0, 3)
(8, 1, 1, (1, 1, 0), -5, (0, 0)): (0, 6)
(8, 1, 1, (1, 1, 0), -4, (0, 0)): (0, 4)
(8, 1, 1, (1, 1, 0), -3, (0, 0)): (0, 8)
(8, 1, 1, (1, 1, 0), -2, (0, 0)): (3, 8)
(8, 1, 1, (1, 1, 0), -1, (0, 0)): (3, 10)
(8, 1, 1, (1, 1, 0), 0, (0, 0)): (5, 6)
(8, 1, 1, (1, 1, 0), 1, (0, 0)): (7, 7)
(8, 1, 1, (1, 1, 0), 2, (0, 0)): (8, 9)
(8, 1, 1, (1, 1, 0), 3, (0, 0)): (7, 7)
(8, 1, 1, (1, 1, 0), 4, (0, 0)): (7, 7)
(8, 1, 1, (1, 1, 0), 5, (0, 0)): (3, 3)
(8, 1, 1, (1, 1, 0), 6, (0, 0)): (2, 2)
(8, 1, 1, (1, 1, 0), 7, (0, 0)): (2, 2)
(8, 1, 1, (1, 1, 0), 8, (0, 0)): (2, 2)
(8, 1, 1, (1, 1, 0), 9, (0, 0)): (1, 1)
(8, 1, 1, (1, 1, 0), 10, (0, 0)): (1, 1)
(8, 1, 1, (1, 1, 1), -14, (0, 0)): (0, 1)
(8, 1, 1, (1, 1, 1), -13, (0, 0)): (0, 1)
(8, 1, 1, (1, 1, 1), -9, (0, 0)): (0, 1)
(8, 1, 1, (1, 1, 1), -8, (0, 0)): (0, 2)
(8, 1, 1, (1, 1, 1), -6, (0, 0)): (0, 2)
(8, 1, 1, (1, 1, 1), -5, (0, 0)): (1, 3)
(8, 1, 1, (1, 1, 1), -3, (0, 0)): (0, 2)
(8, 1, 1, (1, 1, 1), -2, (0, 0)): (0, 1)
(8, 1, 1, (1, 1, 1), -1, (0, 0)): (0, 2)
(8, 1, 1, (1, 1, 1), 0, (0, 0)): (3, 4)
(8, 1, 1, (1, 1, 1), 1, (0, 0)): (6, 6)
(8, 1, 1, (1, 1, 1), 2, (0, 0)): (3, 3)
(8, 1, 1, (1, 1, 1), 3, (0, 0)): (2, 2)
(8, 1, 1, (1, 1, 1), 4, (0, 0)): (2, 2)
(8, 1, 1, (1, 1, 1), 5, (0, 0)): (1, 1)
(8, 1, 1, (1, 1, 1), 7, (0, 0)): (1, 1)
(8, 1, 1, (1, 1, 1), 8, (0, 0)): (1, 1)
(8, 1, 1, (1, 1, 1), 10, (0, 0)): (1, 1)
(8, 1, 2, (0, 0, 0), -15, (0, 0)): (0, 1)
(8, 1, 2, (0, 0, 0), -13, (0, 0)): (0, 1)
(8, 1, 2, (0, 0, 0), -12, (0, 0)): (0, 1)
(8, 1, 2, (0, 0, 0), -11, (0, 0)): (0, 1)
(8, 1, 2, (0, 0, 0), -10, (0, 0)): (0, 3)
(8, 1, 2, (0, 0, 0), -9, (0, 0)): (0, 4)
(8, 1, 2, (0, 0, 0), -8, (0, 0)): (0, 9)
(8, 1, 2, (0, 0, 0), -7, (0, 0)): (0, 7)
(8, 1, 2, (0, 0, 0), -6, (0, 0)): (0, 13)
(8, 1, 2, (0, 0, 0), -6, (1, 0)): (0, 1)
(8, 1, 2, (0, 0, 0), -5, (0, 0)): (0, 18)
(8, 1, 2, (0, 0, 0), -4, (0, 0)): (1, 24)
(8, 1, 2, (0, 0, 0), -3, (0, 0)): (0, 30)
(8, 1, 2, (0, 0, 0), -2, (0, 0)): (7, 42)
(8, 1, 2, (0, 0, 0), -2, (1, 0)): (0, 1)
(8, 1, 2, (0, 0, 0), -1, (0, 0)): (7, 61)
(8, 1, 2, (0, 0, 0), 0, (0, 0)): (25, 43)
(8, 1, 2, (0, 0, 0), 0, (0, 1)): (0, 1)
(8, 1, 2, (0, 0, 0), 0, (0, 2)): (0, 1)
(8, 1, 2, (0, 0, 0), 1, (0, 0)): (44, 51)
(8, 1, 2, (0, 0, 0), 2, (0, 0)): (36, 36)
(8, 1, 2, (0, 0, 0), 3, (0, 0)): (25, 25)
(8, 1, 2, (0, 0, 0), 4, (0, 0)): (34, 35)
(8, 1, 2, (0, 0, 0), 5, (0, 0)): (18, 18)
(8, 1, 2, (0, 0, 0), 6, (0, 0)): (11, 11)
(8, 1, 2, (0, 0, 0), 7, (0, 0)): (9, 9)
(8, 1, 2, (0, 0, 0), 8, (0, 0)): (5, 5)
(8, 1, 2, (0, 0, 0), 9, (0, 0)): (2, 2)
(8, 1, 2, (0, 0, 0), 10, (0, 0)): (3, 3)
(8, 1, 2, (0, 0, 0), 11, (0, 0)): (1, 1)
(8, 1, 2, (0, 0, 0), 12, (0, 0)): (1, 1)
(8, 1, 2, (0, 0, 1), -9, (0, 0)): (0, 1)
(8, 1, 2, (0, 0, 1), -7, (0, 0)): (0, 2)
(8, 1, 2, (0, 0, 1), -6, (0, 0)): (0, 3)
(8, 1, 2, (0, 0, 1), -5, (0, 0)): (0, 1)
(8, 1, 2, (0, 0, 1), -4, (0, 0)): (0, 4)
(8, 1, 2, (0, 0, 1), -3, (0, 0)): (0, 3)
(8, 1, 2, (0, 0, 1), -2, (0, 0)): (0, 5)
(8, 1, 2, (0, 0, 1), -1, (0, 0)): (4, 15)
(8, 1, 2, (0, 0, 1), 0, (0, 0)): (6, 9)
(8, 1, 2, (0, 0, 1), 1, (0, 0)): (9, 10)
(8, 1, 2, (0, 0, 1), 2, (0, 0)): (8, 8)
(8, 1, 2, (0, 0, 1), 3, (0, 0)): (8, 9)
(8, 1, 2, (0, 0, 1), 4, (0, 0)): (4, 4)
(8, 1, 2, (0, 0, 1), 5, (0, 0)): (2, 2)
(8, 1, 2, (0, 0, 1), 6, (0, 0)): (1, 1)
(8, 1, 2, (0, 0, 1), 7, (0, 0)): (4, 4)
(8, 1, 2, (0, 0, 1), 8, (0, 0)): (2, 2)
(8, 1, 2, (0, 0, 1), 10, (0, 0)): (2, 2)
(8, 1, 2, (0, 0, 1), 12, (0, 0)): (1, 1)
(8, 1, 2, (0, 0, 1), 14, (0, 0)): (1, 1)
(8, 1, 2, (0, 1, 0), -10, (0, 0)): (0, 3)
(8, 1, 2, (0, 1, 0), -8, (0, 0)): (0, 1)
(8, 1, 2, (0, 1, 0), -7, (0, 0)): (0, 2)
(8, 1, 2, (0, 1, 0), -6, (0, 0)): (0, 2)
(8, 1, 2, (0, 1, 0), -5, (0, 0)): (0, 8)
(8, 1, 2, (0, 1, 0), -4, (0, 0)): (0, 7)
(8, 1, 2, (0, 1, 0), -3, (0, 0)): (0, 12)
(8, 1, 2, (0, 1, 0), -2, (0, 0)): (3, 9)
(8, 1, 2, (0, 1, 0), -1, (0, 0)): (2, 17)
(8, 1, 2, (0, 1, 0), 0, (0, 0)): (15, 20)
(8, 1, 2, (0, 1, 0), 1, (0, 0)): (9, 11)
(8, 1, 2, (0, 1, 0), 2, (0, 0)): (23, 24)
(8, 1, 2, (0, 1, 0), 3, (0, 0)): (11, 11)
(8, 1, 2, (0, 1, 0), 4, (0, 0)): (20, 20)
(8, 1, 2, (0, 1, 0), 5, (0, 0)): (6, 6)
(8, 1, 2, (0, 1, 0), 6, (0, 0)): (7, 7)
(8, 1, 2, (0, 1, 0), 7, (0, 0)): (5, 5)
(8, 1, 2, (0, 1, 0), 8, (0, 0)): (3, 3)
(8, 1, 2, (0, 1, 0), 9, (0, 0)): (1, 1)
(8, 1, 2, (0, 1, 0), 11, (0, 0)): (1, 1)
(8, 1, 2, (0, 1, 0), 13, (0, 0)): (1, 1)
(8, 1, 2, (0, 1, 1), -5, (0, 0)): (0, 2)
(8, 1, 2, (0, 1, 1), -4, (0, 0)): (0, 1)
(8, 1, 2, (0, 1, 1), -3, (0, 0)): (0, 3)
(8, 1, 2, (0, 1, 1), -2, (0, 0)): (0, 1)
(8, 1, 2, (0, 1, 1), -1, (0, 0)): (3, 7)
(8, 1, 2, (0, 1, 1), 0, (0, 0)): (3, 5)
(8, 1, 2, (0, 1, 1), 1, (0, 0)): (6, 6)
(8, 1, 2, (0, 1, 1), 2, (0, 0)): (5, 6)
(8, 1, 2, (0, 1, 1), 3, (0, 0)): (2, 2)
(8, 1, 2, (0, 1, 1), 4, (0, 0)): (3, 3)
(8, 1, 2, (0, 1, 1), 5, (0, 0)): (3, 3)
(8, 1, 2, (0, 1, 1), 6, (0, 0)): (1, 1)
(8, 1, 2, (0, 1, 1), 7, (0, 0)): (1, 1)
(8, 1, 2, (0, 1, 1), 8, (0, 0)): (1, 1)
(8, 1, 2, (0, 1, 1), 9, (0, 0)): (1, 1)
(8, 1, 2, (0, 1, 1), 10, (0, 0)): (1, 1)
(8, 1, 2, (0, 1, 1), 11, (0, 0)): (1, 1)
(8, 1, 2, (1, 0, 0), -15, (0, 0)): (0, 1)
(8, 1, 2, (1, 0, 0), -10, (0, 0)): (0, 1)
(8, 1, 2, (1, 0, 0), -9, (0, 0)): (0, 1)
(8, 1, 2, (1, 0, 0), -8, (0, 0)): (0, 4)
(8, 1, 2, (1, 0, 0), -7, (0, 0)): (0, 5)
(8, 1, 2, (1, 0, 0), -6, (0, 0)): (0, 7)
(8, 1, 2, (1, 0, 0), -5, (0, 0)): (0, 10)
(8, 1, 2, (1, 0, 0), -4, (0, 0)): (0, 11)
(8, 1, 2, (1, 0, 0), -3, (0, 0)): (0, 19)
(8, 1, 2, (1, 0, 0), -2, (0, 0)): (3, 27)
(8, 1, 2, (1, 0, 0), -2, (1, 0)): (0, 1)
(8, 1, 2, (1, 0, 0), -2, (1, 1)): (0, 1)
(8, 1, 2, (1, 0, 0), -2, (1, 2)): (0, 1)
(8, 1, 2, (1, 0, 0), -1, (0, 0)): (5, 33)
(8, 1, 2, (1, 0, 0), 0, (0, 0)): (15, 22)
(8, 1, 2, (1, 0, 0), 1, (0, 0)): (22, 24)
(8, 1, 2, (1, 0, 0), 2, (0, 0)): (25, 26)
(8, 1, 2, (1, 0, 0), 3, (0, 0)): (22, 22)
(8, 1, 2, (1, 0, 0), 4, (0, 0)): (13, 14)
(8, 1, 2, (1, 0, 0), 5, (0, 0)): (8, 8)
(8, 1, 2, (1, 0, 0), 6, (0, 0)): (4, 4)
(8, 1, 2, (1, 0, 0), 7, (0, 0)): (4, 4)
(8, 1, 2, (1, 0, 0), 8, (0, 0)): (5, 5)
(8, 1, 2, (1, 0, 0), 9, (0, 0)): (1, 1)
(8, 1, 2, (1, 0, 0), 10, (0, 0)): (3, 3)
(8, 1, 2, (1, 0, 0), 11, (0, 0)): (2, 2)
(8, 1, 2, (1, 0, 1), -7, (0, 0)): (0, 1)
(8, 1, 2, (1, 0, 1), -6, (0, 0)): (0, 2)
(8, 1, 2, (1, 0, 1), -5, (0, 0)): (0, 1)
(8, 1, 2, (1, 0, 1), -4, (0, 0)): (0, 6)
(8, 1, 2, (1, 0, 1), -3, (0, 0)): (0, 6)
(8, 1, 2, (1, 0, 1), -1, (0, 0)): (2, 5)
(8, 1, 2, (1, 0, 1), 0, (0, 0)): (2, 5)
(8, 1, 2, (1, 0, 1), 1, (0, 0)): (5, 6)
(8, 1, 2, (1, 0, 1), 2, (0, 0)): (5, 6)
(8, 1, 2, (1, 0, 1), 3, (0, 0)): (4, 4)
(8, 1, 2, (1, 0, 1), 4, (0, 0)): (2, 2)
(8, 1, 2, (1, 0, 1), 5, (0, 0)): (1, 1)
(8, 1, 2, (1, 0, 1), 6, (0, 0)): (1, 1)
(8, 1, 2, (1, 0, 1), 7, (0, 0)): (3, 3)
(8, 1, 2, (1, 0, 1), 8, (0, 0)): (2, 2)
(8, 1, 2, (1, 0, 1), 9, (0, 0)): (1, 1)
(8, 1, 2, (1, 0, 1), 14, (0, 0)): (1, 1)
(8, 1, 2, (1, 1, 0), -9, (0, 0)): (0, 2)
(8, 1, 2, (1, 1, 0), -8, (0, 0)): (0, 2)
(8, 1, 2, (1, 1, 0), -7, (0, 0)): (0, 3)
(8, 1, 2, (1, 1, 0), -6, (0, 0)): (0, 3)
(8, 1, 2, (1, 1, 0), -5, (0, 0)): (0, 7)
(8, 1, 2, (1, 1, 0), -4, (0, 0)): (0, 6)
(8, 1, 2, (1, 1, 0), -3, (0, 0)): (0, 9)
(8, 1, 2, (1, 1, 0), -2, (0, 0)): (2, 7)
(8, 1, 2, (1, 1, 0), -1, (0, 0)): (3, 15)
(8, 1, 2, (1, 1, 0), 0, (0, 0)): (6, 11)
(8, 1, 2, (1, 1, 0), 0, (1, 0)): (0, 1)
(8, 1, 2, (1, 1, 0), 0, (1, 1)): (0, 1)
(8, 1, 2, (1, 1, 0), 1, (0, 0)): (6, 7)
(8, 1, 2, (1, 1, 0), 2, (0, 0)): (9, 9)
(8, 1, 2, (1, 1, 0), 3, (0, 0)): (7, 7)
(8, 1, 2, (1, 1, 0), 4, (0, 0)): (10, 10)
(8, 1, 2, (1, 1, 0), 5, (0, 0)): (3, 3)
(8, 1, 2, (1, 1, 0), 6, (0, 0)): (3, 3)
(8, 1, 2, (1, 1, 0), 8, (0, 0)): (2, 2)
(8, 1, 2, (1, 1, 0), 9, (0, 0)): (2, 2)
(8, 1, 2, (1, 1, 0), 10, (0, 0)): (1, 1)
(8, 1, 2, (1, 1, 1), -8, (0, 0)): (0, 2)
(8, 1, 2, (1, 1, 1), -7, (0, 0)): (0, 1)
(8, 1, 2, (1, 1, 1), -6, (0, 0)): (0, 1)
(8, 1, 2, (1, 1, 1), -5, (0, 0)): (0, 1)
(8, 1, 2, (1, 1, 1), -4, (0, 0)): (0, 3)
(8, 1, 2, (1, 1, 1), -3, (0, 0)): (0, 2)
(8, 1, 2, (1, 1, 1), -1, (0, 0)): (0, 3)
(8, 1, 2, (1, 1, 1), 0, (0, 0)): (4, 7)
(8, 1, 2, (1, 1, 1), 1, (0, 0)): (3, 3)
(8, 1, 2, (1, 1, 1), 2, (0, 0)): (1, 1)
(8, 1, 2, (1, 1, 1), 3, (0, 0)): (2, 2)
(8, 1, 2, (1, 1, 1), 4, (0, 0)): (4, 4)
(8, 1, 2, (1, 1, 1), 5, (0, 0)): (1, 1)
(8, 1, 2, (1, 1, 1), 7, (0, 0)): (1, 1)
(8, 1, 2, (1, 1, 1), 10, (0, 0)): (1, 1)
(8, 1, 2, (1, 1, 1), 11, (0, 0)): (1, 1)
(8, 1, 2, (1, 1, 1), 12, (0, 0)): (1, 1)
(9, 0, 0, (0, 0, 0), -14, (0, 0)): (0, 2)
(9, 0, 0, (0, 0, 0), -12, (0, 0)): (0, 2)
(9, 0, 0, (0, 0, 0), -11, (0, 0)): (0, 2)
(9, 0, 0, (0, 0, 0), -10, (0, 0)): (0, 9)
(9, 0, 0, (0, 0, 0), -9, (0, 0)): (0, 4)
(9, 0, 0, (0, 0, 0), -8, (0, 0)): (0, 13)
(9, 0, 0, (0, 0, 0), -7, (0, 0)): (0, 15)
(9, 0, 0, (0, 0, 0), -6, (0, 0)): (0, 24)
(9, 0, 0, (0, 0, 0), -5, (0, 0)): (0, 31)
(9, 0, 0, (0, 0, 0), -4, (0, 0)): (2, 62)
(9, 0, 0, (0, 0, 0), -3, (0, 0)): (1, 54)
(9, 0, 0, (0, 0, 0), -2, (0, 0)): (3, 79)
(9, 0, 0, (0, 0, 0), -1, (0, 0)): (12, 81)
(9, 0, 0, (0, 0, 0), -1, (1, 0)): (0, 1)
(9, 0, 0, (0, 0, 0), -1, (1, 1)): (0, 1)
(9, 0, 0, (0, 0, 0), -1, (1, 2)): (0, 1)
(9, 0, 0, (0, 0, 0), -1, (2, 2)): (0, 1)
(9, 0, 0, (0, 0, 0), 0, (0, 0)): (33, 77)
(9, 0, 0, (0, 0, 0), 0, (0, 1)): (1, 1)
(9, 0, 0, (0, 0, 0), 0, (1, 1)): (1, 1)
(9, 0, 0, (0, 0, 0), 0, (1, 2)): (1, 1)
(9, 0, 0, (0, 0, 0), 1, (0, 0)): (95, 102)
(9, 0, 0, (0, 0, 0), 2, (0, 0)): (63, 70)
(9, 0, 0, (0, 0, 0), 2, (0, 1)): (1, 1)
(9, 0, 0, (0, 0, 0), 2, (1, 0)): (1, 1)
(9, 0, 0, (0, 0, 0), 3, (0, 0)): (53, 53)
(9, 0, 0, (0, 0, 0), 4, (0, 0)): (39, 40)
(9, 0, 0, (0, 0, 0), 5, (0, 0)): (35, 35)
(9, 0, 0, (0, 0, 0), 6, (0, 0)): (23, 23)
(9, 0, 0, (0, 0, 0), 6, (0, 1)): (1, 1)
(9, 0, 0, (0, 0, 0), 6, (1, 1)): (1, 1)
(9, 0, 0, (0, 0, 0), 6, (2, 1)): (1, 1)
(9, 0, 0, (0, 0, 0), 7, (0, 0)): (10, 10)
(9, 0, 0, (0, 0, 0), 8, (0, 0)): (11, 11)
(9, 0, 0, (0, 0, 0), 9, (0, 0)): (4, 4)
(9, 0, 0, (0, 0, 0), 10, (0, 0)): (5, 5)
(9, 0, 0, (0, 0, 0), 11, (0, 0)): (1, 1)
(9, 0, 0, (0, 0, 0), 12, (0, 0)): (1, 1)
(9, 0, 0, (0, 0, 0), 13, (0, 0)): (2, 2)
(9, 0, 0, (0, 0, 0), 15, (0, 0)): (1, 1)
(9, 0, 0, (0, 0, 1), -9, (0, 0)): (0, 1)
(9, 0, 0, (0, 0, 1), -6, (0, 0)): (0, 1)
(9, 0, 0, (0, 0, 1), -5, (0, 0)): (0, 2)
(9, 0, 0, (0, 0, 1), -3, (0, 0)): (1, 1)
(9, 0, 0, (0, 0, 1), -2, (0, 0)): (0, 2)
(9, 0, 0, (0, 0, 1), 0, (0, 0)): (3, 3)
(9, 0, 0, (0, 0, 1), 2, (0, 0)): (3, 3)
(9, 0, 0, (0, 0, 1), 4, (0, 0)): (2, 2)
(9, 0, 0, (0, 0, 1), 6, (0, 0)): (1, 1)
(9, 0, 0, (0, 1, 0), -14, (0, 0)): (0, 1)
(9, 0, 0, (0, 1, 0), -10, (0, 0)): (0, 1)
(9, 0, 0, (0, 1, 0), -9, (0, 0)): (0, 1)
(9, 0, 0, (0, 1, 0), -8, (0, 0)): (0, 1)
(9, 0, 0, (0, 1, 0), -7, (0, 0)): (0, 2)
(9, 0, 0, (0, 1, 0), -6, (0, 0)): (0, 3)
(9, 0, 0, (0, 1, 0), -5, (0, 0)): (0, 1)
(9, 0, 0, (0, 1, 0), -4, (0, 0)): (0, 6)
(9, 0, 0, (0, 1, 0), -3, (0, 0)): (0, 3)
(9, 0, 0, (0, 1, 0), -2, (0, 0)): (0, 4)
(9, 0, 0, (0, 1, 0), -1, (0, 0)): (0, 4)
(9, 0, 0, (0, 1, 0), 0, (0, 0)): (0, 2)
(9, 0, 0, (0, 1, 0), 1, (0, 0)): (4, 4)
(9, 0, 0, (0, 1, 0), 2, (0, 0)): (2, 3)
(9, 0, 0, (0, 1, 0), 3, (0, 0)): (2, 2)
(9, 0, 0, (0, 1, 0), 4, (0, 0)): (2, 2)
(9, 0, 0, (0, 1, 0), 5, (0, 0)): (2, 2)
(9, 0, 0, (0, 1, 0), 6, (0, 0)): (2, 2)
(9, 0, 0, (0, 1, 0), 8, (0, 0)): (1, 1)
(9, 0, 0, (0, 1, 1), -4, (0, 0)): (0, 1)
(9, 0, 0, (0, 1, 1), -3, (0, 0)): (0, 1)
(9, 0, 0, (0, 1, 1), -2, (0, 0)): (1, 1)
(9, 0, 0, (0, 1, 1), 1, (0, 0)): (3, 4)
(9, 0, 0, (0, 1, 1), 6, (0, 0)): (1, 1)
(9, 0, 0, (0, 1, 1), 8, (0, 0)): (1, 1)
(9, 0, 0, (0, 1, 1), 10, (0, 0)): (1, 1)
(9, 0, 0, (1, 0, 0), -12, (0, 0)): (0, 1)
(9, 0, 0, (1, 0, 0), -11, (0, 0)): (0, 1)
(9, 0, 0, (1, 0, 0), -10, (0, 0)): (0, 2)
(9, 0, 0, (1, 0, 0), -8, (0, 0)): (0, 3)
(9, 0, 0, (1, 0, 0), -7, (0, 0)): (0, 3)
(9, 0, 0, (1, 0, 0), -6, (0, 0)): (0, 5)
(9, 0, 0, (1, 0, 0), -5, (0, 0)): (0, 5)
(9, 0, 0, (1, 0, 0), -4, (0, 0)): (2, 12)
(9, 0, 0, (1, 0, 0), -3, (0, 0)): (0, 18)
(9, 0, 0, (1, 0, 0), -2, (0, 0)): (2, 19)
(9, 0, 0, (1, 0, 0), -1, (0, 0)): (4, 13)
(9, 0, 0, (1, 0, 0), 0, (0, 0)): (11, 18)
(9, 0, 0, (1, 0, 0), 1, (0, 0)): (20, 23)
(9, 0, 0, (1, 0, 0), 2, (0, 0)): (14, 16)
(9, 0, 0, (1, 0, 0), 3, (0, 0)): (19, 19)
(9, 0, 0, (1, 0, 0), 4, (0, 0)): (10, 10)
(9, 0, 0, (1, 0, 0), 5, (0, 0)): (14, 14)
(9, 0, 0, (1, 0, 0), 6, (0, 0)): (6, 6)
(9, 0, 0, (1, 0, 0), 7, (0, 0)): (3, 3)
(9, 0, 0, (1, 0, 0), 8, (0, 0)): (3, 3)
(9, 0, 0, (1, 0, 0), 9, (0, 0)): (2, 2)
(9, 0, 0, (1, 0, 0), 10, (0, 0)): (3, 3)
(9, 0, 0, (1, 0, 1), -6, (0, 0)): (0, 1)
(9, 0, 0, (1, 0, 1), -4, (0, 0)): (1, 3)
(9, 0, 0, (1, 0, 1), -3, (0, 0)): (0, 1)
(9, 0, 0, (1, 0, 1), -2, (0, 0)): (1, 3)
(9, 0, 0, (1, 0, 1), -1, (0, 0)): (1, 2)
(9, 0, 0, (1, 0, 1), 0, (0, 0)): (1, 1)
(9, 0, 0, (1, 0, 1), 1, (0, 0)): (3, 4)
(9, 0, 0, (1, 0, 1), 2, (0, 0)): (1, 1)
(9, 0, 0, (1, 0, 1), 3, (0, 0)): (1, 1)
(9, 0, 0, (1, 0, 1), 5, (0, 0)): (2, 2)
(9, 0, 0, (1, 0, 1), 6, (0, 0)): (1, 1)
(9, 0, 0, (1, 0, 1), 7, (0, 0)): (1, 1)
(9, 0, 0, (1, 1, 0), -10, (0, 0)): (0, 1)
(9, 0, 0, (1, 1, 0), -9, (0, 0)): (0, 1)
(9, 0, 0, (1, 1, 0), -8, (0, 0)): (0, 2)
(9, 0, 0, (1, 1, 0), -7, (0, 0)): (0, 2)
(9, 0, 0, (1, 1, 0), -6, (0, 0)): (0, 2)
(9, 0, 0, (1, 1, 0), -5, (0, 0)): (0, 4)
(9, 0, 0, (1, 1, 0), -4, (0, 0)): (1, 3)
(9, 0, 0, (1, 1, 0), -3, (0, 0)): (0, 3)
(9, 0, 0, (1, 1, 0), -2, (0, 0)): (0, 3)
(9, 0, 0, (1, 1, 0), -1, (0, 0)): (0, 1)
(9, 0, 0, (1, 1, 0), 0, (0, 0)): (3, 3)
(9, 0, 0, (1, 1, 0), 1, (0, 0)): (6, 7)
(9, 0, 0, (1, 1, 0), 2, (0, 0)): (2, 2)
(9, 0, 0, (1, 1, 0), 3, (0, 0)): (5, 5)
(9, 0, 0, (1, 1, 0), 4, (0, 0)): (3, 3)
(9, 0, 0, (1, 1, 0), 5, (0, 0)): (2, 2)
(9, 0, 0, (1, 1, 0), 6, (0, 0)): (1, 1)
(9, 0, 0, (1, 1, 0), 8, (0, 0)): (2, 2)
(9, 0, 0, (1, 1, 1), -4, (0, 0)): (1, 1)
(9, 0, 0, (1, 1, 1), -3, (0, 0)): (1, 2)
(9, 0, 0, (1, 1, 1), -2, (0, 0)): (0, 2)
(9, 0, 0, (1, 1, 1), -1, (0, 0)): (0, 1)
(9, 0, 0, (1, 1, 1), 1, (0, 0)): (3, 4)
(9, 0, 0, (1, 1, 1), 2, (0, 0)): (1, 1)
(9, 0, 0, (1, 1, 1), 3, (0, 0)): (2, 2)
(9, 0, 0, (1, 1, 1), 4, (0, 0)): (2, 2)
(9, 0, 0, (1, 1, 1), 8, (0, 0)): (1, 1)
(9, 0, 1, (0, 0, 0), -14, (0, 0)): (0, 1)
(9, 0, 1, (0, 0, 0), -12, (0, 0)): (0, 1)
(9, 0, 1, (0, 0, 0), -11, (0, 0)): (0, 1)
(9, 0, 1, (0, 0, 0), -10, (0, 0)): (0, 6)
(9, 0, 1, (0, 0, 0), -9, (0, 0)): (0, 2)
(9, 0, 1, (0, 0, 0), -8, (0, 0)): (0, 10)
(9, 0, 1, (0, 0, 0), -7, (0, 0)): (0, 11)
(9, 0, 1, (0, 0, 0), -6, (0, 0)): (0, 17)
(9, 0, 1, (0, 0, 0), -5, (0, 0)): (0, 24)
(9, 0, 1, (0, 0, 0), -4, (0, 0)): (0, 48)
(9, 0, 1, (0, 0, 0), -3, (0, 0)): (0, 34)
(9, 0, 1, (0, 0, 0), -2, (0, 0)): (2, 58)
(9, 0, 1, (0, 0, 0), -1, (0, 0)): (8, 65)
(9, 0, 1, (0, 0, 0), 0, (0, 0)): (21, 56)
(9, 0, 1, (0, 0, 0), 0, (1, 0)): (1, 1)
(9, 0, 1, (0, 0, 0), 0, (1, 1)): (1, 1)
(9, 0, 1, (0, 0, 0), 0, (1, 2)): (1, 1)
(9, 0, 1, (0, 0, 0), 1, (0, 0)): (75, 79)
(9, 0, 1, (0, 0, 0), 2, (0, 0)): (46, 50)
(9, 0, 1, (0, 0, 0), 2, (0, 1)): (1, 1)
(9, 0, 1, (0, 0, 0), 2, (1, 1)): (1, 1)
(9, 0, 1, (0, 0, 0), 2, (2, 1)): (1, 1)
(9, 0, 1, (0, 0, 0), 3, (0, 0)): (41, 41)
(9, 0, 1, (0, 0, 0), 4, (0, 0)): (26, 27)
(9, 0, 1, (0, 0, 0), 5, (0, 0)): (24, 24)
(9, 0, 1, (0, 0, 0), 6, (0, 0)): (20, 20)
(9, 0, 1, (0, 0, 0), 6, (0, 1)): (1, 1)
(9, 0, 1, (0, 0, 0), 6, (0, 2)): (1, 1)
(9, 0, 1, (0, 0, 0), 7, (0, 0)): (9, 9)
(9, 0, 1, (0, 0, 0), 8, (0, 0)): (9, 9)
(9, 0, 1, (0, 0, 0), 9, (0, 0)): (2, 2)
(9, 0, 1, (0, 0, 0), 10, (0, 0)): (2, 2)
(9, 0, 1, (0, 0, 0), 11, (0, 0)): (1, 1)
(9, 0, 1, (0, 0, 0), 12, (0, 0)): (1, 1)
(9, 0, 1, (0, 0, 0), 13, (0, 0)): (2, 2)
(9, 0, 1, (0, 0, 0), 15, (0, 0)): (1, 1)
(9, 0, 1, (0, 0, 1), -10, (0, 0)): (0, 2)
(9, 0, 1, (0, 0, 1), -9, (0, 0)): (0, 2)
(9, 0, 1, (0, 0, 1), -7, (0, 0)): (0, 1)
(9, 0, 1, (0, 0, 1), -6, (0, 0)): (0, 1)
(9, 0, 1, (0, 0, 1), -5, (0, 0)): (0, 2)
(9, 0, 1, (0, 0, 1), -4, (0, 0)): (0, 2)
(9, 0, 1, (0, 0, 1), -3, (0, 0)): (0, 4)
(9, 0, 1, (0, 0, 1), -2, (0, 0)): (0, 6)
(9, 0, 1, (0, 0, 1), -1, (0, 0)): (0, 1)
(9, 0, 1, (0, 0, 1), 0, (0, 0)): (4, 5)
(9, 0, 1, (0, 0, 1), 1, (0, 0)): (5, 5)
(9, 0, 1, (0, 0, 1), 2, (0, 0)): (3, 4)
(9, 0, 1, (0, 0, 1), 3, (0, 0)): (4, 4)
(9, 0, 1, (0, 0, 1), 4, (0, 0)): (3, 3)
(9, 0, 1, (0, 0, 1), 5, (0, 0)): (2, 2)
(9, 0, 1, (0, 0, 1), 6, (0, 0)): (1, 1)
(9, 0, 1, (0, 0, 1), 7, (0, 0)): (1, 1)
(9, 0, 1, (0, 0, 1), 10, (0, 0)): (2, 2)
(9, 0, 1, (0, 1, 0), -14, (0, 0)): (0, 2)
(9, 0, 1, (0, 1, 0), -12, (0, 0)): (0, 1)
(9, 0, 1, (0, 1, 0), -11, (0, 0)): (0, 1)
(9, 0, 1, (0, 1, 0), -10, (0, 0)): (0, 1)
(9, 0, 1, (0, 1, 0), -9, (0, 0)): (0, 2)
(9, 0, 1, (0, 1, 0), -8, (0, 0)): (0, 2)
(9, 0, 1, (0, 1, 0), -7, (0, 0)): (0, 4)
(9, 0, 1, (0, 1, 0), -6, (0, 0)): (0, 1)
(9, 0, 1, (0, 1, 0), -5, (0, 0)): (0, 2)
(9, 0, 1, (0, 1, 0), -4, (0, 0)): (0, 7)
(9, 0, 1, (0, 1, 0), -3, (0, 0)): (0, 7)
(9, 0, 1, (0, 1, 0), -2, (0, 0)): (1, 2)
(9, 0, 1, (0, 1, 0), -1, (0, 0)): (5, 15)
(9, 0, 1, (0, 1, 0), 0, (0, 0)): (7, 15)
(9, 0, 1, (0, 1, 0), 1, (0, 0)): (14, 14)
(9, 0, 1, (0, 1, 0), 2, (0, 0)): (12, 14)
(9, 0, 1, (0, 1, 0), 3, (0, 0)): (16, 16)
(9, 0, 1, (0, 1, 0), 4, (0, 0)): (8, 8)
(9, 0, 1, (0, 1, 0), 5, (0, 0)): (9, 9)
(9, 0, 1, (0, 1, 0), 6, (0, 0)): (8, 8)
(9, 0, 1, (0, 1, 0), 7, (0, 0)): (3, 3)
(9, 0, 1, (0, 1, 0), 8, (0, 0)): (1, 1)
(9, 0, 1, (0, 1, 0), 9, (0, 0)): (1, 1)
(9, 0, 1, (0, 1, 0), 11, (0, 0)): (1, 1)
(9, 0, 1, (0, 1, 1), -7, (0, 0)): (0, 1)
(9, 0, 1, (0, 1, 1), -5, (0, 0)): (0, 2)
(9, 0, 1, (0, 1, 1), -4, (0, 0)): (1, 1)
(9, 0, 1, (0, 1, 1), -3, (0, 0)): (0, 1)
(9, 0, 1, (0, 1, 1), -2, (0, 0)): (1, 2)
(9, 0, 1, (0, 1, 1), -1, (0, 0)): (0, 1)
(9, 0, 1, (0, 1, 1), 0, (0, 0)): (3, 3)
(9, 0, 1, (0, 1, 1), 1, (0, 0)): (4, 4)
(9, 0, 1, (0, 1, 1), 2, (0, 0)): (3, 3)
(9, 0, 1, (0, 1, 1), 3, (0, 0)): (4, 4)
(9, 0, 1, (0, 1, 1), 4, (0, 0)): (3, 3)
(9, 0, 1, (0, 1, 1), 5, (0, 0)): (2, 2)
(9, 0, 1, (0, 1, 1), 6, (0, 0)): (2, 2)
(9, 0, 1, (0, 1, 1), 8, (0, 0)): (1, 1)
(9, 0, 1, (0, 1, 1), 10, (0, 0)): (2, 2)
(9, 0, 1, (1, 0, 0), -12, (0, 0)): (0, 2)
(9, 0, 1, (1, 0, 0), -11, (0, 0)): (0, 1)
(9, 0, 1, (1, 0, 0), -10, (0, 0)): (0, 1)
(9, 0, 1, (1, 0, 0), -9, (0, 0)): (0, 2)
(9, 0, 1, (1, 0, 0), -8, (0, 0)): (0, 4)
(9, 0, 1, (1, 0, 0), -7, (0, 0)): (0, 3)
(9, 0, 1, (1, 0, 0), -6, (0, 0)): (0, 5)
(9, 0, 1, (1, 0, 0), -5, (0, 0)): (0, 7)
(9, 0, 1, (1, 0, 0), -4, (0, 0)): (0, 20)
(9, 0, 1, (1, 0, 0), -3, (0, 0)): (0, 20)
(9, 0, 1, (1, 0, 0), -2, (0, 0)): (1, 22)
(9, 0, 1, (1, 0, 0), -1, (0, 0)): (3, 24)
(9, 0, 1, (1, 0, 0), 0, (0, 0)): (11, 20)
(9, 0, 1, (1, 0, 0), 0, (1, 0)): (1, 1)
(9, 0, 1, (1, 0, 0), 0, (2, 0)): (1, 1)
(9, 0, 1, (1, 0, 0), 0, (3, 0)): (1, 1)
(9, 0, 1, (1, 0, 0), 1, (0, 0)): (33, 34)
(9, 0, 1, (1, 0, 0), 2, (0, 0)): (17, 18)
(9, 0, 1, (1, 0, 0), 3, (0, 0)): (16, 16)
(9, 0, 1, (1, 0, 0), 4, (0, 0)): (12, 12)
(9, 0, 1, (1, 0, 0), 5, (0, 0)): (9, 9)
(9, 0, 1, (1, 0, 0), 6, (0, 0)): (8, 8)
(9, 0, 1, (1, 0, 0), 7, (0, 0)): (2, 2)
(9, 0, 1, (1, 0, 0), 8, (0, 0)): (3, 3)
(9, 0, 1, (1, 0, 0), 9, (0, 0)): (1, 1)
(9, 0, 1, (1, 0, 0), 10, (0, 0)): (3, 3)
(9, 0, 1, (1, 0, 0), 12, (0, 0)): (1, 1)
(9, 0, 1, (1, 0, 0), 13, (0, 0)): (1, 1)
(9, 0, 1, (1, 0, 0), 15, (0, 0)): (1, 1)
(9, 0, 1, (1, 0, 1), -14, (0, 0)): (0, 1)
(9, 0, 1, (1, 0, 1), -11, (0, 0)): (0, 1)
(9, 0, 1, (1, 0, 1), -9, (0, 0)): (0, 1)
(9, 0, 1, (1, 0, 1), -7, (0, 0)): (0, 2)
(9, 0, 1, (1, 0, 1), -6, (0, 0)): (0, 2)
(9, 0, 1, (1, 0, 1), -5, (0, 0)): (0, 1)
(9, 0, 1, (1, 0, 1), -4, (0, 0)): (0, 2)
(9, 0, 1, (1, 0, 1), -3, (0, 0)): (0, 5)
(9, 0, 1, (1, 0, 1), -2, (0, 0)): (2, 6)
(9, 0, 1, (1, 0, 1), -1, (0, 0)): (0, 1)
(9, 0, 1, (1, 0, 1), 0, (0, 0)): (1, 1)
(9, 0, 1, (1, 0, 1), 1, (0, 0)): (4, 5)
(9, 0, 1, (1, 0, 1), 2, (0, 0)): (1, 1)
(9, 0, 1, (1, 0, 1), 3, (0, 0)): (2, 2)
(9, 0, 1, (1, 0, 1), 4, (0, 0)): (1, 1)
(9, 0, 1, (1, 0, 1), 5, (0, 0)): (3, 3)
(9, 0, 1, (1, 0, 1), 6, (0, 0)): (3, 3)
(9, 0, 1, (1, 0, 1), 7, (0, 0)): (1, 1)
(9, 0, 1, (1, 0, 1), 8, (0, 0)): (1, 1)
(9, 0, 1, (1, 0, 1), 10, (0, 0)): (2, 2)
(9, 0, 1, (1, 0, 1), 11, (0, 0)): (1, 1)
(9, 0, 1, (1, 0, 1), 12, (0, 0)): (2, 2)
(9, 0, 1, (1, 1, 0), -13, (0, 0)): (0, 1)
(9, 0, 1, (1, 1, 0), -9, (0, 0)): (0, 1)
(9, 0, 1, (1, 1, 0), -8, (0, 0)): (0, 2)
(9, 0, 1, (1, 1, 0), -7, (0, 0)): (0, 2)
(9, 0, 1, (1, 1, 0), -6, (0, 0)): (0, 1)
(9, 0, 1, (1, 1, 0), -5, (0, 0)): (0, 5)
(9, 0, 1, (1, 1, 0), -4, (0, 0)): (0, 9)
(9, 0, 1, (1, 1, 0), -3, (0, 0)): (0, 5)
(9, 0, 1, (1, 1, 0), -3, (0, 1)): (0, 1)
(9, 0, 1, (1, 1, 0), -3, (0, 2)): (0, 1)
(9, 0, 1, (1, 1, 0), -2, (0, 0)): (1, 9)
(9, 0, 1, (1, 1, 0), -1, (0, 0)): (1, 7)
(9, 0, 1, (1, 1, 0), 0, (0, 0)): (8, 9)
(9, 0, 1, (1, 1, 0), 0, (1, 0)): (1, 1)
(9, 0, 1, (1, 1, 0), 0, (1, 1)): (1, 1)
(9, 0, 1, (1, 1, 0), 0, (2, 1)): (1, 1)
(9, 0, 1, (1, 1, 0), 0, (3, 1)): (1, 1)
(9, 0, 1, (1, 1, 0), 1, (0, 0)): (7, 7)
(9, 0, 1, (1, 1, 0), 2, (0, 0)): (6, 7)
(9, 0, 1, (1, 1, 0), 3, (0, 0)): (2, 2)
(9, 0, 1, (1, 1, 0), 4, (0, 0)): (5, 5)
(9, 0, 1, (1, 1, 0), 5, (0, 0)): (3, 3)
(9, 0, 1, (1, 1, 0), 6, (0, 0)): (4, 4)
(9, 0, 1, (1, 1, 0), 8, (0, 0)): (2, 2)
(9, 0, 1, (1, 1, 0), 9, (0, 0)): (2, 2)
(9, 0, 1, (1, 1, 0), 10, (0, 0)): (2, 2)
(9, 0, 1, (1, 1, 0), 12, (0, 0)): (1, 1)
(9, 0, 1, (1, 1, 1), -5, (0, 0)): (0, 1)
(9, 0, 1, (1, 1, 1), -2, (0, 0)): (2, 4)
(9, 0, 1, (1, 1, 1), -1, (0, 0)): (3, 5)
(9, 0, 1, (1, 1, 1), 0, (0, 0)): (4, 4)
(9, 0, 1, (1, 1, 1), 1, (0, 0)): (0, 1)
(9, 0, 1, (1, 1, 1), 2, (0, 0)): (3, 3)
(9, 0, 1, (1, 1, 1), 4, (0, 0)): (2, 2)
(9, 0, 1, (1, 1, 1), 6, (0, 0)): (2, 2)
(9, 0, 2, (0, 0, 0), -10, (0, 0)): (0, 5)
(9, 0, 2, (0, 0, 0), -9, (0, 0)): (0, 1)
(9, 0, 2, (0, 0, 0), -8, (0, 0)): (0, 6)
(9, 0, 2, (0, 0, 0), -7, (0, 0)): (0, 9)
(9, 0, 2, (0, 0, 0), -6, (0, 0)): (0, 14)
(9, 0, 2, (0, 0, 0), -5, (0, 0)): (0, 19)
(9, 0, 2, (0, 0, 0), -4, (0, 0)): (0, 31)
(9, 0, 2, (0, 0, 0), -3, (0, 0)): (0, 28)
(9, 0, 2, (0, 0, 0), -2, (0, 0)): (1, 51)
(9, 0, 2, (0, 0, 0), -1, (0, 0)): (3, 49)
(9, 0, 2, (0, 0, 0), -1, (0, 1)): (0, 1)
(9, 0, 2, (0, 0, 0), -1, (0, 2)): (0, 1)
(9, 0, 2, (0, 0, 0), -1, (1, 2)): (0, 1)
(9, 0, 2, (0, 0, 0), -1, (2, 2)): (0, 1)
(9, 0, 2, (0, 0, 0), -1, (3, 2)): (0, 1)
(9, 0, 2, (0, 0, 0), 0, (0, 0)): (13, 46)
(9, 0, 2, (0, 0, 0), 1, (0, 0)): (51, 54)
(9, 0, 2, (0, 0, 0), 2, (0, 0)): (40, 44)
(9, 0, 2, (0, 0, 0), 2, (0, 1)): (1, 1)
(9, 0, 2, (0, 0, 0), 2, (1, 0)): (1, 1)
(9, 0, 2, (0, 0, 0), 2, (1, 1)): (2, 2)
(9, 0, 2, (0, 0, 0), 2, (1, 2)): (1, 1)
(9, 0, 2, (0, 0, 0), 2, (2, 1)): (1, 1)
(9, 0, 2, (0, 0, 0), 2, (3, 1)): (1, 1)
(9, 0, 2, (0, 0, 0), 3, (0, 0)): (33, 33)
(9, 0, 2, (0, 0, 0), 4, (0, 0)): (20, 21)
(9, 0, 2, (0, 0, 0), 5, (0, 0)): (26, 26)
(9, 0, 2, (0, 0, 0), 6, (0, 0)): (19, 19)
(9, 0, 2, (0, 0, 0), 7, (0, 0)): (9, 9)
(9, 0, 2, (0, 0, 0), 8, (0, 0)): (8, 8)
(9, 0, 2, (0, 0, 0), 9, (0, 0)): (2, 2)
(9, 0, 2, (0, 0, 0), 10, (0, 0)): (1, 1)
(9, 0, 2, (0, 0, 0), 11, (0, 0)): (3, 3)
(9, 0, 2, (0, 0, 0), 13, (0, 0)): (1, 1)
(9, 0, 2, (0, 0, 1), -10, (0, 0)): (0, 1)
(9, 0, 2, (0, 0, 1), -9, (0, 0)): (0, 2)
(9, 0, 2, (0, 0, 1), -7, (0, 0)): (0, 2)
(9, 0, 2, (0, 0, 1), -6, (0, 0)): (0, 1)
(9, 0, 2, (0, 0, 1), -4, (0, 0)): (0, 5)
(9, 0, 2, (0, 0, 1), -3, (0, 0)): (0, 4)
(9, 0, 2, (0, 0, 1), -2, (0, 0)): (1, 8)
(9, 0, 2, (0, 0, 1), -1, (0, 0)): (2, 8)
(9, 0, 2, (0, 0, 1), 0, (0, 0)): (4, 9)
(9, 0, 2, (0, 0, 1), 1, (0, 0)): (8, 8)
(9, 0, 2, (0, 0, 1), 2, (0, 0)): (9, 10)
(9, 0, 2, (0, 0, 1), 3, (0, 0)): (5, 5)
(9, 0, 2, (0, 0, 1), 4, (0, 0)): (3, 3)
(9, 0, 2, (0, 0, 1), 5, (0, 0)): (5, 5)
(9, 0, 2, (0, 0, 1), 6, (0, 0)): (2, 2)
(9, 0, 2, (0, 0, 1), 7, (0, 0)): (3, 3)
(9, 0, 2, (0, 0, 1), 8, (0, 0)): (2, 2)
(9, 0, 2, (0, 0, 1), 10, (0, 0)): (1, 1)
(9, 0, 2, (0, 1, 0), -14, (0, 0)): (0, 1)
(9, 0, 2, (0, 1, 0), -12, (0, 0)): (0, 1)
(9, 0, 2, (0, 1, 0), -11, (0, 0)): (0, 1)
(9, 0, 2, (0, 1, 0), -8, (0, 0)): (0, 2)
(9, 0, 2, (0, 1, 0), -7, (0, 0)): (0, 2)
(9, 0, 2, (0, 1, 0), -6, (0, 0)): (0, 1)
(9, 0, 2, (0, 1, 0), -5, (0, 0)): (0, 5)
(9, 0, 2, (0, 1, 0), -4, (0, 0)): (0, 7)
(9, 0, 2, (0, 1, 0), -3, (0, 0)): (0, 11)
(9, 0, 2, (0, 1, 0), -2, (0, 0)): (1, 10)
(9, 0, 2, (0, 1, 0), -1, (0, 0)): (5, 17)
(9, 0, 2, (0, 1, 0), 0, (0, 0)): (6, 18)
(9, 0, 2, (0, 1, 0), 1, (0, 0)): (22, 24)
(9, 0, 2, (0, 1, 0), 2, (0, 0)): (15, 16)
(9, 0, 2, (0, 1, 0), 3, (0, 0)): (12, 12)
(9, 0, 2, (0, 1, 0), 4, (0, 0)): (9, 9)
(9, 0, 2, (0, 1, 0), 5, (0, 0)): (5, 5)
(9, 0, 2, (0, 1, 0), 6, (0, 0)): (7, 7)
(9, 0, 2, (0, 1, 0), 7, (0, 0)): (8, 8)
(9, 0, 2, (0, 1, 0), 8, (0, 0)): (1, 1)
(9, 0, 2, (0, 1, 0), 9, (0, 0)): (2, 2)
(9, 0, 2, (0, 1, 0), 11, (0, 0)): (1, 1)
(9, 0, 2, (0, 1, 0), 15, (0, 0)): (1, 1)
(9, 0, 2, (0, 1, 1), -13, (0, 0)): (0, 1)
(9, 0, 2, (0, 1, 1), -9, (0, 0)): (0, 1)
(9, 0, 2, (0, 1, 1), -8, (0, 0)): (0, 1)
(9, 0, 2, (0, 1, 1), -6, (0, 0)): (0, 2)
(9, 0, 2, (0, 1, 1), -5, (0, 0)): (0, 2)
(9, 0, 2, (0, 1, 1), -3, (0, 0)): (0, 1)
(9, 0, 2, (0, 1, 1), -2, (0, 0)): (0, 3)
(9, 0, 2, (0, 1, 1), -1, (0, 0)): (0, 4)
(9, 0, 2, (0, 1, 1), 0, (0, 0)): (2, 5)
(9, 0, 2, (0, 1, 1), 1, (0, 0)): (3, 4)
(9, 0, 2, (0, 1, 1), 2, (0, 0)): (4, 4)
(9, 0, 2, (0, 1, 1), 3, (0, 0)): (5, 5)
(9, 0, 2, (0, 1, 1), 4, (0, 0)): (2, 2)
(9, 0, 2, (0, 1, 1), 5, (0, 0)): (1, 1)
(9, 0, 2, (0, 1, 1), 6, (0, 0)): (1, 1)
(9, 0, 2, (0, 1, 1), 8, (0, 0)): (1, 1)
(9, 0, 2, (0, 1, 1), 10, (0, 0)): (2, 2)
(9, 0, 2, (1, 0, 0), -12, (0, 0)): (0, 1)
(9, 0, 2, (1, 0, 0), -10, (0, 0)): (0, 3)
(9, 0, 2, (1, 0, 0), -9, (0, 0)): (0, 1)
(9, 0, 2, (1, 0, 0), -8, (0, 0)): (0, 3)
(9, 0, 2, (1, 0, 0), -7, (0, 0)): (0, 1)
(9, 0, 2, (1, 0, 0), -6, (0, 0)): (0, 11)
(9, 0, 2, (1, 0, 0), -5, (0, 0)): (0, 8)
(9, 0, 2, (1, 0, 0), -4, (0, 0)): (0, 21)
(9, 0, 2, (1, 0, 0), -3, (0, 0)): (0, 20)
(9, 0, 2, (1, 0, 0), -2, (0, 0)): (1, 26)
(9, 0, 2, (1, 0, 0), -1, (0, 0)): (1, 25)
(9, 0, 2, (1, 0, 0), 0, (0, 0)): (12, 29)
(9, 0, 2, (1, 0, 0), 1, (0, 0)): (32, 34)
(9, 0, 2, (1, 0, 0), 2, (0, 0)): (27, 28)
(9, 0, 2, (1, 0, 0), 2, (1, 0)): (1, 1)
(9, 0, 2, (1, 0, 0), 2, (2, 0)): (1, 1)
(9, 0, 2, (1, 0, 0), 3, (0, 0)): (23, 23)
(9, 0, 2, (1, 0, 0), 4, (0, 0)): (10, 10)
(9, 0, 2, (1, 0, 0), 5, (0, 0)): (14, 14)
(9, 0, 2, (1, 0, 0), 6, (0, 0)): (9, 9)
(9, 0, 2, (1, 0, 0), 7, (0, 0)): (8, 8)
(9, 0, 2, (1, 0, 0), 8, (0, 0)): (7, 7)
(9, 0, 2, (1, 0, 0), 9, (0, 0)): (1, 1)
(9, 0, 2, (1, 0, 0), 10, (0, 0)): (1, 1)
(9, 0, 2, (1, 0, 0), 11, (0, 0)): (1, 1)
(9, 0, 2, (1, 0, 0), 13, (0, 0)): (3, 3)
(9, 0, 2, (1, 0, 0), 15, (0, 0)): (1, 1)
(9, 0, 2, (1, 0, 1), -14, (0, 0)): (0, 1)
(9, 0, 2, (1, 0, 1), -11, (0, 0)): (0, 1)
(9, 0, 2, (1, 0, 1), -9, (0, 0)): (0, 1)
(9, 0, 2, (1, 0, 1), -8, (0, 0)): (0, 1)
(9, 0, 2, (1, 0, 1), -7, (0, 0)): (0, 3)
(9, 0, 2, (1, 0, 1), -6, (0, 0)): (0, 2)
(9, 0, 2, (1, 0, 1), -5, (0, 0)): (0, 1)
(9, 0, 2, (1, 0, 1), -4, (0, 0)): (0, 2)
(9, 0, 2, (1, 0, 1), -3, (0, 0)): (0, 4)
(9, 0, 2, (1, 0, 1), -2, (0, 0)): (1, 5)
(9, 0, 2, (1, 0, 1), -1, (0, 0)): (1, 7)
(9, 0, 2, (1, 0, 1), 0, (0, 0)): (3, 11)
(9, 0, 2, (1, 0, 1), 1, (0, 0)): (5, 6)
(9, 0, 2, (1, 0, 1), 2, (0, 0)): (2, 3)
(9, 0, 2, (1, 0, 1), 3, (0, 0)): (6, 6)
(9, 0, 2, (1, 0, 1), 5, (0, 0)): (6, 6)
(9, 0, 2, (1, 0, 1), 6, (0, 0)): (3, 3)
(9, 0, 2, (1, 0, 1), 8, (0, 0)): (2, 2)
(9, 0, 2, (1, 0, 1), 12, (0, 0)): (1, 1)
(9, 0, 2, (1, 1, 0), -13, (0, 0)): (0, 1)
(9, 0, 2, (1, 1, 0), -9, (0, 0)): (0, 1)
(9, 0, 2, (1, 1, 0), -8, (0, 0)): (0, 1)
(9, 0, 2, (1, 1, 0), -7, (0, 0)): (0, 3)
(9, 0, 2, (1, 1, 0), -6, (0, 0)): (0, 2)
(9, 0, 2, (1, 1, 0), -5, (0, 0)): (0, 5)
(9, 0, 2, (1, 1, 0), -4, (0, 0)): (0, 8)
(9, 0, 2, (1, 1, 0), -3, (0, 0)): (0, 7)
(9, 0, 2, (1, 1, 0), -2, (0, 0)): (1, 9)
(9, 0, 2, (1, 1, 0), -1, (0, 0)): (0, 12)
(9, 0, 2, (1, 1, 0), 0, (0, 0)): (6, 10)
(9, 0, 2, (1, 1, 0), 0, (1, 0)): (1, 1)
(9, 0, 2, (1, 1, 0), 1, (0, 0)): (6, 6)
(9, 0, 2, (1, 1, 0), 2, (0, 0)): (10, 10)
(9, 0, 2, (1, 1, 0), 3, (0, 0)): (9, 9)
(9, 0, 2, (1, 1, 0), 4, (0, 0)): (4, 4)
(9, 0, 2, (1, 1, 0), 5, (0, 0)): (4, 4)
(9, 0, 2, (1, 1, 0), 6, (0, 0)): (2, 2)
(9, 0, 2, (1, 1, 0), 7, (0, 0)): (2, 2)
(9, 0, 2, (1, 1, 0), 8, (0, 0)): (2, 2)
(9, 0, 2, (1, 1, 1), -5, (0, 0)): (0, 1)
(9, 0, 2, (1, 1, 1), -4, (0, 0)): (0, 2)
(9, 0, 2, (1, 1, 1), -3, (0, 0)): (0, 2)
(9, 0, 2, (1, 1, 1), -2, (0, 0)): (1, 2)
(9, 0, 2, (1, 1, 1), -1, (0, 0)): (0, 3)
(9, 0, 2, (1, 1, 1), 0, (0, 0)): (1, 3)
(9, 0, 2, (1, 1, 1), 1, (0, 0)): (1, 2)
(9, 0, 2, (1, 1, 1), 2, (0, 0)): (2, 2)
(9, 0, 2, (1, 1, 1), 3, (0, 0)): (4, 4)
(9, 0, 2, (1, 1, 1), 4, (0, 0)): (1, 1)
(9, 0, 2, (1, 1, 1), 6, (0, 0)): (2, 2)
(9, 1, 0, (0, 0, 0), -15, (0, 0)): (0, 1)
(9, 1, 0, (0, 0, 0), -13, (0, 0)): (0, 4)
(9, 1, 0, (0, 0, 0), -11, (0, 0)): (0, 4)
(9, 1, 0, (0, 0, 0), -10, (0, 0)): (0, 6)
(9, 1, 0, (0, 0, 0), -9, (0, 0)): (0, 5)
(9, 1, 0, (0, 0, 0), -8, (0, 0)): (0, 14)
(9, 1, 0, (0, 0, 0), -7, (0, 0)): (0, 19)
(9, 1, 0, (0, 0, 0), -6, (0, 0)): (0, 31)
(9, 1, 0, (0, 0, 0), -6, (0, 1)): (0, 1)
(9, 1, 0, (0, 0, 0), -5, (0, 0)): (0, 41)
(9, 1, 0, (0, 0, 0), -4, (0, 0)): (1, 33)
(9, 1, 0, (0, 0, 0), -3, (0, 0)): (0, 63)
(9, 1, 0, (0, 0, 0), -2, (0, 0)): (8, 74)
(9, 1, 0, (0, 0, 0), -2, (0, 1)): (0, 2)
(9, 1, 0, (0, 0, 0), -2, (1, 1)): (0, 1)
(9, 1, 0, (0, 0, 0), -1, (0, 0)): (9, 97)
(9, 1, 0, (0, 0, 0), 0, (0, 0)): (54, 76)
(9, 1, 0, (0, 0, 0), 0, (1, 0)): (0, 1)
(9, 1, 0, (0, 0, 1), -9, (0, 0)): (0, 1)
(9, 1, 0, (0, 0, 1), -8, (0, 0)): (0, 1)
(9, 1, 0, (0, 0, 1), -7, (0, 0)): (0, 2)
(9, 1, 0, (0, 0, 1), -3, (0, 0)): (0, 1)
(9, 1, 0, (0, 0, 1), 0, (0, 0)): (1, 1)
(9, 1, 0, (0, 1, 0), -13, (0, 0)): (0, 1)
(9, 1, 0, (0, 1, 0), -6, (0, 0)): (0, 2)
(9, 1, 0, (0, 1, 0), -5, (0, 0)): (0, 3)
(9, 1, 0, (0, 1, 0), -4, (0, 0)): (1, 5)
(9, 1, 0, (0, 1, 0), -3, (0, 0)): (0, 3)
(9, 1, 0, (0, 1, 0), -2, (0, 0)): (0, 3)
(9, 1, 0, (0, 1, 0), -1, (0, 0)): (2, 4)
(9, 1, 0, (0, 1, 0), 0, (0, 0)): (3, 3)
(9, 1, 0, (0, 1, 1), -7, (0, 0)): (0, 1)
(9, 1, 0, (0, 1, 1), -5, (0, 0)): (0, 1)
(9, 1, 0, (0, 1, 1), -2, (0, 0)): (0, 1)
(9, 1, 0, (0, 1, 1), -1, (0, 0)): (1, 1)
(9, 1, 0, (0, 1, 1), 0, (0, 0)): (1, 2)
(9, 1, 0, (0, 1, 1), 0, (1, 0)): (0, 1)
(9, 1, 0, (1, 0, 0), -13, (0, 0)): (0, 1)
(9, 1, 0, (1, 0, 0), -11, (0, 0)): (0, 1)
(9, 1, 0, (1, 0, 0), -10, (0, 0)): (0, 1)
(9, 1, 0, (1, 0, 0), -9, (0, 0)): (0, 1)
(9, 1, 0, (1, 0, 0), -8, (0, 0)): (0, 3)
(9, 1, 0, (1, 0, 0), -7, (0, 0)): (0, 8)
(9, 1, 0, (1, 0, 0), -6, (0, 0)): (0, 10)
(9, 1, 0, (1, 0, 0), -5, (0, 0)): (0, 11)
(9, 1, 0, (1, 0, 0), -4, (0, 0)): (0, 6)
(9, 1, 0, (1, 0, 0), -3, (0, 0)): (0, 22)
(9, 1, 0, (1, 0, 0), -2, (0, 0)): (6, 26)
(9, 1, 0, (1, 0, 0), -1, (0, 0)): (4, 26)
(9, 1, 0, (1, 0, 0), -1, (0, 1)): (0, 1)
(9, 1, 0, (1, 0, 0), -1, (0, 2)): (0, 1)
(9, 1, 0, (1, 0, 0), 0, (0, 0)): (14, 22)
(9, 1, 0, (1, 0, 0), 0, (0, 1)): (0, 1)
(9, 1, 0, (1, 0, 1), -9, (0, 0)): (0, 1)
(9, 1, 0, (1, 0, 1), -6, (0, 0)): (0, 1)
(9, 1, 0, (1, 0, 1), -5, (0, 0)): (0, 1)
(9, 1, 0, (1, 0, 1), -3, (0, 0)): (0, 2)
(9, 1, 0, (1, 0, 1), -2, (0, 0)): (0, 2)
(9, 1, 0, (1, 0, 1), -1, (0, 0)): (1, 2)
(9, 1, 0, (1, 1, 0), -8, (0, 0)): (0, 2)
(9, 1, 0, (1, 1, 0), -7, (0, 0)): (0, 2)
(9, 1, 0, (1, 1, 0), -6, (0, 0)): (0, 2)
(9, 1, 0, (1, 1, 0), -5, (0, 0)): (0, 2)
(9, 1, 0, (1, 1, 0), -4, (0, 0)): (0, 5)
(9, 1, 0, (1, 1, 0), -3, (0, 0)): (0, 5)
(9, 1, 0, (1, 1, 0), -2, (0, 0)): (1, 9)
(9, 1, 0, (1, 1, 0), -1, (0, 0)): (1, 5)
(9, 1, 0, (1, 1, 0), 0, (0, 0)): (3, 4)
(9, 1, 0, (1, 1, 1), -8, (0, 0)): (0, 1)
(9, 1, 0, (1, 1, 1), -7, (0, 0)): (0, 2)
(9, 1, 0, (1, 1, 1), -6, (0, 0)): (0, 1)
(9, 1, 0, (1, 1, 1), -4, (0, 0)): (0, 1)
(9, 1, 0, (1, 1, 1), -3, (0, 0)): (0, 1)
(9, 1, 0, (1, 1, 1), -2, (0, 0)): (0, 3)
(9, 1, 0, (1, 1, 1), -1, (0, 0)): (0, 2)
(9, 1, 0, (1, 1, 1), 0, (0, 0)): (1, 1)
(9, 1, 1, (0, 0, 0), -15, (0, 0)): (0, 1)
(9, 1, 1, (0, 0, 0), -13, (0, 0)): (0, 3)
(9, 1, 1, (0, 0, 0), -11, (0, 0)): (0, 3)
(9, 1, 1, (0, 0, 0), -10, (0, 0)): (0, 5)
(9, 1, 1, (0, 0, 0), -9, (0, 0)): (0, 4)
(9, 1, 1, (0, 0, 0), -8, (0, 0)): (0, 10)
(9, 1, 1, (0, 0, 0), -7, (0, 0)): (0, 9)
(9, 1, 1, (0, 0, 0), -6, (0, 0)): (0, 21)
(9, 1, 1, (0, 0, 0), -6, (1, 0)): (0, 1)
(9, 1, 1, (0, 0, 0), -6, (1, 1)): (0, 1)
(9, 1, 1, (0, 0, 0), -6, (2, 1)): (0, 1)
(9, 1, 1, (0, 0, 0), -6, (3, 1)): (0, 1)
(9, 1, 1, (0, 0, 0), -5, (0, 0)): (0, 28)
(9, 1, 1, (0, 0, 0), -4, (0, 0)): (0, 26)
(9, 1, 1, (0, 0, 0), -3, (0, 0)): (0, 39)
(9, 1, 1, (0, 0, 0), -2, (0, 0)): (2, 47)
(9, 1, 1, (0, 0, 0), -1, (0, 0)): (3, 68)
(9, 1, 1, (0, 0, 0), 0, (0, 0)): (37, 52)
(9, 1, 1, (0, 0, 1), -13, (0, 0)): (0, 1)
(9, 1, 1, (0, 0, 1), -8, (0, 0)): (0, 2)
(9, 1, 1, (0, 0, 1), -7, (0, 0)): (0, 5)
(9, 1, 1, (0, 0, 1), -6, (0, 0)): (0, 2)
(9, 1, 1, (0, 0, 1), -5, (0, 0)): (0, 2)
(9, 1, 1, (0, 0, 1), -4, (0, 0)): (1, 1)
(9, 1, 1, (0, 0, 1), -3, (0, 0)): (0, 2)
(9, 1, 1, (0, 0, 1), -2, (0, 0)): (0, 2)
(9, 1, 1, (0, 0, 1), -1, (0, 0)): (2, 5)
(9, 1, 1, (0, 0, 1), 0, (0, 0)): (6, 6)
(9, 1, 1, (0, 1, 0), -11, (0, 0)): (0, 2)
(9, 1, 1, (0, 1, 0), -10, (0, 0)): (0, 2)
(9, 1, 1, (0, 1, 0), -8, (0, 0)): (0, 2)
(9, 1, 1, (0, 1, 0), -7, (0, 0)): (0, 3)
(9, 1, 1, (0, 1, 0), -6, (0, 0)): (0, 2)
(9, 1, 1, (0, 1, 0), -5, (0, 0)): (0, 5)
(9, 1, 1, (0, 1, 0), -4, (0, 0)): (0, 4)
(9, 1, 1, (0, 1, 0), -3, (0, 0)): (0, 5)
(9, 1, 1, (0, 1, 0), -2, (0, 0)): (1, 6)
(9, 1, 1, (0, 1, 0), -1, (0, 0)): (1, 11)
(9, 1, 1, (0, 1, 0), 0, (0, 0)): (11, 17)
(9, 1, 1, (0, 1, 1), -7, (0, 0)): (0, 2)
(9, 1, 1, (0, 1, 1), -5, (0, 0)): (0, 3)
(9, 1, 1, (0, 1, 1), -4, (0, 0)): (0, 1)
(9, 1, 1, (0, 1, 1), -2, (0, 0)): (1, 2)
(9, 1, 1, (0, 1, 1), -1, (0, 0)): (3, 4)
(9, 1, 1, (0, 1, 1), 0, (0, 0)): (4, 4)
(9, 1, 1, (1, 0, 0), -13, (0, 0)): (0, 2)
(9, 1, 1, (1, 0, 0), -11, (0, 0)): (0, 2)
(9, 1, 1, (1, 0, 0), -10, (0, 0)): (0, 2)
(9, 1, 1, (1, 0, 0), -9, (0, 0)): (0, 2)
(9, 1, 1, (1, 0, 0), -8, (0, 0)): (0, 5)
(9, 1, 1, (1, 0, 0), -7, (0, 0)): (0, 9)
(9, 1, 1, (1, 0, 0), -6, (0, 0)): (0, 13)
(9, 1, 1, (1, 0, 0), -6, (1, 0)): (0, 1)
(9, 1, 1, (1, 0, 0), -6, (1, 1)): (0, 1)
(9, 1, 1, (1, 0, 0), -6, (1, 2)): (0, 1)
(9, 1, 1, (1, 0, 0), -5, (0, 0)): (0, 13)
(9, 1, 1, (1, 0, 0), -4, (0, 0)): (0, 8)
(9, 1, 1, (1, 0, 0), -3, (0, 0)): (1, 25)
(9, 1, 1, (1, 0, 0), -2, (0, 0)): (2, 21)
(9, 1, 1, (1, 0, 0), -1, (0, 0)): (4, 24)
(9, 1, 1, (1, 0, 0), 0, (0, 0)): (15, 26)
(9, 1, 1, (1, 0, 0), 0, (0, 1)): (1, 1)
(9, 1, 1, (1, 0, 0), 0, (0, 2)): (1, 1)
(9, 1, 1, (1, 0, 0), 0, (1, 2)): (1, 1)
(9, 1, 1, (1, 0, 0), 0, (2, 2)): (1, 1)
(9, 1, 1, (1, 0, 0), 0, (3, 2)): (1, 1)
(9, 1, 1, (1, 0, 1), -8, (0, 0)): (0, 1)
(9, 1, 1, (1, 0, 1), -7, (0, 0)): (0, 1)
(9, 1, 1, (1, 0, 1), -4, (0, 0)): (0, 2)
(9, 1, 1, (1, 0, 1), -3, (0, 0)): (0, 1)
(9, 1, 1, (1, 0, 1), -2, (0, 0)): (0, 2)
(9, 1, 1, (1, 0, 1), -1, (0, 0)): (1, 4)
(9, 1, 1, (1, 0, 1), 0, (0, 0)): (2, 4)
(9, 1, 1, (1, 0, 1), 0, (1, 0)): (0, 1)
(9, 1, 1, (1, 1, 0), -13, (0, 0)): (0, 1)
(9, 1, 1, (1, 1, 0), -9, (0, 0)): (0, 2)
(9, 1, 1, (1, 1, 0), -8, (0, 0)): (0, 1)
(9, 1, 1, (1, 1, 0), -7, (0, 0)): (0, 3)
(9, 1, 1, (1, 1, 0), -6, (0, 0)): (0, 2)
(9, 1, 1, (1, 1, 0), -5, (0, 0)): (0, 3)
(9, 1, 1, (1, 1, 0), -4, (0, 0)): (0, 2)
(9, 1, 1, (1, 1, 0), -3, (0, 0)): (1, 8)
(9, 1, 1, (1, 1, 0), -2, (0, 0)): (1, 9)
(9, 1, 1, (1, 1, 0), -1, (0, 0)): (0, 7)
(9, 1, 1, (1, 1, 0), 0, (0, 0)): (6, 7)
(9, 1, 1, (1, 1, 1), -8, (0, 0)): (0, 1)
(9, 1, 1, (1, 1, 1), -7, (0, 0)): (0, 5)
(9, 1, 1, (1, 1, 1), -6, (0, 0)): (0, 3)
(9, 1, 1, (1, 1, 1), -5, (0, 0)): (0, 3)
(9, 1, 1, (1, 1, 1), -4, (0, 0)): (0, 2)
(9, 1, 1, (1, 1, 1), -4, (1, 0)): (0, 1)
(9, 1, 1, (1, 1, 1), -4, (1, 1)): (0, 1)
(9, 1, 1, (1, 1, 1), -4, (1, 2)): (0, 1)
(9, 1, 1, (1, 1, 1), -2, (0, 0)): (0, 1)
(9, 1, 1, (1, 1, 1), -1, (0, 0)): (1, 6)
(9, 1, 1, (1, 1, 1), 0, (0, 0)): (8, 9)
(9, 1, 2, (0, 0, 0), -15, (0, 0)): (0, 1)
(9, 1, 2, (0, 0, 0), -13, (0, 0)): (0, 1)
(9, 1, 2, (0, 0, 0), -11, (0, 0)): (0, 1)
(9, 1, 2, (0, 0, 0), -10, (0, 0)): (0, 3)
(9, 1, 2, (0, 0, 0), -9, (0, 0)): (0, 3)
(9, 1, 2, (0, 0, 0), -8, (0, 0)): (0, 6)
(9, 1, 2, (0, 0, 0), -7, (0, 0)): (0, 7)
(9, 1, 2, (0, 0, 0), -6, (0, 0)): (0, 13)
(9, 1, 2, (0, 0, 0), -5, (0, 0)): (0, 25)
(9, 1, 2, (0, 0, 0), -4, (0, 0)): (0, 21)
(9, 1, 2, (0, 0, 0), -3, (0, 0)): (0, 29)
(9, 1, 2, (0, 0, 0), -2, (0, 0)): (2, 37)
(9, 1, 2, (0, 0, 0), -2, (1, 0)): (0, 2)
(9, 1, 2, (0, 0, 0), -2, (1, 1)): (0, 1)
(9, 1, 2, (0, 0, 0), -2, (1, 2)): (0, 1)
(9, 1, 2, (0, 0, 0), -2, (2, 0)): (0, 1)
(9, 1, 2, (0, 0, 0), -2, (2, 1)): (0, 1)
(9, 1, 2, (0, 0, 0), -1, (0, 0)): (2, 61)
(9, 1, 2, (0, 0, 0), 0, (0, 0)): (24, 37)
(9, 1, 2, (0, 0, 1), -13, (0, 0)): (0, 1)
(9, 1, 2, (0, 0, 1), -10, (0, 0)): (0, 1)
(9, 1, 2, (0, 0, 1), -9, (0, 0)): (0, 1)
(9, 1, 2, (0, 0, 1), -7, (0, 0)): (0, 6)
(9, 1, 2, (0, 0, 1), -6, (0, 0)): (0, 5)
(9, 1, 2, (0, 0, 1), -5, (0, 0)): (0, 2)
(9, 1, 2, (0, 0, 1), -4, (0, 0)): (0, 4)
(9, 1, 2, (0, 0, 1), -3, (0, 0)): (0, 7)
(9, 1, 2, (0, 0, 1), -2, (0, 0)): (1, 6)
(9, 1, 2, (0, 0, 1), -1, (0, 0)): (1, 7)
(9, 1, 2, (0, 0, 1), 0, (0, 0)): (2, 3)
(9, 1, 2, (0, 1, 0), -15, (0, 0)): (0, 1)
(9, 1, 2, (0, 1, 0), -13, (0, 0)): (0, 1)
(9, 1, 2, (0, 1, 0), -11, (0, 0)): (0, 2)
(9, 1, 2, (0, 1, 0), -10, (0, 0)): (0, 4)
(9, 1, 2, (0, 1, 0), -9, (0, 0)): (0, 2)
(9, 1, 2, (0, 1, 0), -8, (0, 0)): (0, 2)
(9, 1, 2, (0, 1, 0), -7, (0, 0)): (0, 3)
(9, 1, 2, (0, 1, 0), -6, (0, 0)): (0, 2)
(9, 1, 2, (0, 1, 0), -5, (0, 0)): (0, 12)
(9, 1, 2, (0, 1, 0), -4, (0, 0)): (0, 9)
(9, 1, 2, (0, 1, 0), -3, (0, 0)): (0, 10)
(9, 1, 2, (0, 1, 0), -2, (0, 0)): (0, 10)
(9, 1, 2, (0, 1, 0), -1, (0, 0)): (4, 14)
(9, 1, 2, (0, 1, 0), 0, (0, 0)): (15, 21)
(9, 1, 2, (0, 1, 1), -9, (0, 0)): (0, 2)
(9, 1, 2, (0, 1, 1), -7, (0, 0)): (0, 2)
(9, 1, 2, (0, 1, 1), -6, (0, 0)): (0, 5)
(9, 1, 2, (0, 1, 1), -5, (0, 0)): (0, 2)
(9, 1, 2, (0, 1, 1), -4, (0, 0)): (0, 2)
(9, 1, 2, (0, 1, 1), -3, (0, 0)): (1, 3)
(9, 1, 2, (0, 1, 1), -2, (0, 0)): (0, 1)
(9, 1, 2, (0, 1, 1), -1, (0, 0)): (3, 5)
(9, 1, 2, (0, 1, 1), 0, (0, 0)): (3, 5)
(9, 1, 2, (0, 1, 1), 0, (0, 1)): (1, 2)
(9, 1, 2, (0, 1, 1), 0, (1, 1)): (1, 1)
(9, 1, 2, (1, 0, 0), -15, (0, 0)): (0, 1)
(9, 1, 2, (1, 0, 0), -13, (0, 0)): (0, 1)
(9, 1, 2, (1, 0, 0), -11, (0, 0)): (0, 2)
(9, 1, 2, (1, 0, 0), -10, (0, 0)): (0, 2)
(9, 1, 2, (1, 0, 0), -9, (0, 0)): (0, 4)
(9, 1, 2, (1, 0, 0), -8, (0, 0)): (0, 3)
(9, 1, 2, (1, 0, 0), -7, (0, 0)): (0, 7)
(9, 1, 2, (1, 0, 0), -6, (0, 0)): (0, 12)
(9, 1, 2, (1, 0, 0), -6, (0, 1)): (0, 1)
(9, 1, 2, (1, 0, 0), -6, (1, 1)): (0, 1)
(9, 1, 2, (1, 0, 0), -6, (1, 2)): (0, 1)
(9, 1, 2, (1, 0, 0), -5, (0, 0)): (0, 18)
(9, 1, 2, (1, 0, 0), -4, (0, 0)): (0, 8)
(9, 1, 2, (1, 0, 0), -3, (0, 0)): (0, 26)
(9, 1, 2, (1, 0, 0), -2, (0, 0)): (2, 23)
(9, 1, 2, (1, 0, 0), -1, (0, 0)): (1, 32)
(9, 1, 2, (1, 0, 0), 0, (0, 0)): (12, 19)
(9, 1, 2, (1, 0, 1), -15, (0, 0)): (0, 1)
(9, 1, 2, (1, 0, 1), -11, (0, 0)): (0, 1)
(9, 1, 2, (1, 0, 1), -9, (0, 0)): (0, 1)
(9, 1, 2, (1, 0, 1), -7, (0, 0)): (0, 2)
(9, 1, 2, (1, 0, 1), -6, (0, 0)): (0, 2)
(9, 1, 2, (1, 0, 1), -5, (0, 0)): (0, 3)
(9, 1, 2, (1, 0, 1), -3, (0, 0)): (0, 5)
(9, 1, 2, (1, 0, 1), -2, (0, 0)): (0, 3)
(9, 1, 2, (1, 0, 1), -1, (0, 0)): (3, 8)
(9, 1, 2, (1, 0, 1), 0, (0, 0)): (5, 5)
(9, 1, 2, (1, 1, 0), -13, (0, 0)): (0, 2)
(9, 1, 2, (1, 1, 0), -7, (0, 0)): (0, 3)
(9, 1, 2, (1, 1, 0), -6, (0, 0)): (0, 6)
(9, 1, 2, (1, 1, 0), -5, (0, 0)): (0, 2)
(9, 1, 2, (1, 1, 0), -4, (0, 0)): (0, 5)
(9, 1, 2, (1, 1, 0), -3, (0, 0)): (0, 11)
(9, 1, 2, (1, 1, 0), -2, (0, 0)): (1, 11)
(9, 1, 2, (1, 1, 0), -2, (0, 1)): (0, 1)
(9, 1, 2, (1, 1, 0), -2, (0, 2)): (0, 1)
(9, 1, 2, (1, 1, 0), -1, (0, 0)): (2, 8)
(9, 1, 2, (1, 1, 0), -1, (0, 1)): (1, 1)
(9, 1, 2, (1, 1, 0), -1, (1, 1)): (1, 1)
(9, 1, 2, (1, 1, 0), 0, (0, 0)): (5, 11)
(9, 1, 2, (1, 1, 1), -7, (0, 0)): (0, 2)
(9, 1, 2, (1, 1, 1), -6, (0, 0)): (0, 4)
(9, 1, 2, (1, 1, 1), -5, (0, 0)): (0, 2)
(9, 1, 2, (1, 1, 1), -4, (0, 0)): (0, 1)
(9, 1, 2, (1, 1, 1), -3, (0, 0)): (1, 6)
(9, 1, 2, (1, 1, 1), -2, (0, 0)): (0, 2)
(9, 1, 2, (1, 1, 1), -1, (0, 0)): (1, 7)
(9, 1, 2, (1, 1, 1), 0, (0, 0)): (3, 4)
(10, 0, 0, (0, 0, 0), 0, (0, 0)): (32, 72)
(10, 0, 0, (0, 0, 0), 0, (1, 0)): (1, 1)
(10, 0, 0, (0, 0, 0), 0, (1, 1)): (1, 1)
(10, 0, 0, (0, 0, 0), 0, (2, 1)): (1, 1)
(10, 0, 0, (0, 0, 1), 0, (0, 0)): (2, 3)
(10, 0, 0, (0, 1, 0), 0, (0, 0)): (4, 6)
(10, 0, 0, (0, 1, 1), 0, (0, 0)): (1, 1)
(10, 0, 0, (1, 0, 0), 0, (0, 0)): (13, 20)
(10, 0, 0, (1, 0, 0), 0, (0, 1)): (1, 1)
(10, 0, 0, (1, 0, 0), 1, (0, 0)): (1, 1)
(10, 0, 0, (1, 0, 1), 0, (0, 0)): (3, 3)
(10, 0, 0, (1, 0, 1), 1, (0, 0)): (1, 1)
(10, 0, 0, (1, 0, 1), 2, (0, 0)): (1, 1)
(10, 0, 0, (1, 1, 0), 0, (0, 0)): (1, 2)
(10, 0, 0, (1, 1, 0), 1, (0, 0)): (1, 1)
(10, 0, 0, (1, 1, 1), 2, (0, 0)): (1, 1)
(10, 0, 0, (1, 1, 1), 3, (0, 0)): (1, 1)
(10, 0, 0, (1, 1, 1), 4, (0, 0)): (1, 1)
(10, 0, 1, (0, 0, 0), 0, (0, 0)): (16, 47)
(10, 0, 1, (0, 0, 0), 2, (0, 0)): (1, 1)
(10, 0, 1, (0, 0, 0), 3, (0, 0)): (1, 1)
(10, 0, 1, (0, 0, 1), 0, (0, 0)): (3, 6)
(10, 0, 1, (0, 1, 0), 0, (0, 0)): (5, 10)
(10, 0, 1, (0, 1, 0), 0, (1, 0)): (1, 1)
(10, 0, 1, (0, 1, 0), 0, (1, 1)): (1, 1)
(10, 0, 1, (0, 1, 0), 0, (2, 1)): (1, 1)
(10, 0, 1, (0, 1, 0), 0, (2, 2)): (1, 1)
(10, 0, 1, (0, 1, 0), 1, (0, 0)): (2, 2)
(10, 0, 1, (0, 1, 0), 3, (0, 0)): (1, 1)
(10, 0, 1, (0, 1, 0), 7, (0, 0)): (1, 1)
(10, 0, 1, (0, 1, 1), 0, (0, 0)): (2, 2)
(10, 0, 1, (0, 1, 1), 1, (0, 0)): (2, 2)
(10, 0, 1, (1, 0, 0), 0, (0, 0)): (8, 17)
(10, 0, 1, (1, 0, 0), 1, (0, 0)): (3, 4)
(10, 0, 1, (1, 0, 0), 1, (1, 0)): (1, 1)
(10, 0, 1, (1, 0, 0), 1, (1, 1)): (1, 1)
(10, 0, 1, (1, 0, 1), 0, (0, 0)): (2, 3)
(10, 0, 1, (1, 0, 1), 3, (0, 0)): (1, 1)
(10, 0, 1, (1, 0, 1), 3, (0, 1)): (1, 1)
(10, 0, 1, (1, 0, 1), 3, (1, 1)): (1, 1)
(10, 0, 1, (1, 0, 1), 3, (1, 2)): (1, 1)
(10, 0, 1, (1, 0, 1), 5, (0, 0)): (1, 1)
(10, 0, 1, (1, 0, 1), 6, (0, 0)): (1, 1)
(10, 0, 1, (1, 1, 0), 0, (0, 0)): (1, 4)
(10, 0, 1, (1, 1, 0), 1, (0, 0)): (2, 3)
(10, 0, 1, (1, 1, 1), 0, (0, 0)): (1, 3)
(10, 0, 1, (1, 1, 1), 1, (0, 0)): (1, 2)
(10, 0, 1, (1, 1, 1), 1, (1, 0)): (1, 1)
(10, 0, 1, (1, 1, 1), 1, (2, 0)): (1, 1)
(10, 0, 2, (0, 0, 0), 0, (0, 0)): (11, 35)
(10, 0, 2, (0, 0, 0), 1, (0, 0)): (1, 2)
(10, 0, 2, (0, 0, 0), 2, (0, 0)): (1, 1)
(10, 0, 2, (0, 0, 0), 3, (0, 0)): (1, 1)
(10, 0, 2, (0, 0, 1), 0, (0, 0)): (3, 6)
(10, 0, 2, (0, 0, 1), 1, (0, 0)): (2, 2)
(10, 0, 2, (0, 0, 1), 3, (0, 0)): (1, 1)
(10, 0, 2, (0, 1, 0), 0, (0, 0)): (5, 9)
(10, 0, 2, (0, 1, 0), 1, (0, 0)): (4, 4)
(10, 0, 2, (0, 1, 0), 7, (0, 0)): (1, 1)
(10, 0, 2, (0, 1, 1), 0, (0, 0)): (1, 1)
(10, 0, 2, (0, 1, 1), 1, (0, 0)): (0, 1)
(10, 0, 2, (1, 0, 0), 0, (0, 0)): (5, 17)
(10, 0, 2, (1, 0, 0), 1, (0, 0)): (3, 3)
(10, 0, 2, (1, 0, 0), 8, (0, 0)): (1, 1)
(10, 0, 2, (1, 0, 1), 0, (0, 0)): (1, 2)
(10, 0, 2, (1, 0, 1), 2, (0, 0)): (1, 1)
(10, 0, 2, (1, 0, 1), 3, (0, 0)): (1, 1)
(10, 0, 2, (1, 0, 1), 3, (1, 0)): (1, 1)
(10, 0, 2, (1, 0, 1), 3, (2, 0)): (1, 1)
(10, 0, 2, (1, 1, 0), 0, (0, 0)): (2, 6)
(10, 0, 2, (1, 1, 0), 2, (0, 0)): (1, 1)
(10, 0, 2, (1, 1, 1), 0, (0, 0)): (2, 4)
(10, 1, 0, (0, 0, 0), -8, (0, 0)): (0, 1)
(10, 1, 0, (0, 0, 0), -3, (0, 0)): (0, 3)
(10, 1, 0, (0, 0, 0), -2, (0, 0)): (0, 4)
(10, 1, 0, (0, 0, 0), -1, (0, 0)): (3, 11)
(10, 1, 0, (0, 0, 0), 0, (0, 0)): (37, 53)
(10, 1, 0, (0, 0, 1), -1, (0, 0)): (1, 1)
(10, 1, 0, (0, 0, 1), 0, (0, 0)): (1, 1)
(10, 1, 0, (0, 1, 0), -2, (0, 0)): (0, 1)
(10, 1, 0, (0, 1, 0), 0, (0, 0)): (5, 7)
(10, 1, 0, (1, 0, 0), -8, (0, 0)): (0, 1)
(10, 1, 0, (1, 0, 0), -2, (0, 0)): (0, 2)
(10, 1, 0, (1, 0, 0), -1, (0, 0)): (0, 4)
(10, 1, 0, (1, 0, 0), 0, (0, 0)): (16, 19)
(10, 1, 0, (1, 0, 1), 0, (0, 0)): (2, 2)
(10, 1, 0, (1, 1, 0), 0, (0, 0)): (3, 3)
(10, 1, 0, (1, 1, 1), 0, (0, 0)): (1, 1)
(10, 1, 1, (0, 0, 0), -3, (0, 0)): (0, 3)
(10, 1, 1, (0, 0, 0), -3, (1, 0)): (0, 1)
(10, 1, 1, (0, 0, 0), -3, (2, 0)): (0, 1)
(10, 1, 1, (0, 0, 0), -3, (2, 1)): (0, 1)
(10, 1, 1, (0, 0, 0), -3, (3, 1)): (0, 1)
(10, 1, 1, (0, 0, 0), -3, (3, 2)): (0, 1)
(10, 1, 1, (0, 0, 0), -2, (0, 0)): (0, 1)
(10, 1, 1, (0, 0, 0), -1, (0, 0)): (2, 6)
(10, 1, 1, (0, 0, 0), 0, (0, 0)): (16, 27)
(10, 1, 1, (0, 0, 1), -1, (0, 0)): (0, 1)
(10, 1, 1, (0, 0, 1), 0, (0, 0)): (4, 4)
(10, 1, 1, (0, 1, 0), -8, (0, 0)): (0, 1)
(10, 1, 1, (0, 1, 0), -3, (0, 0)): (0, 1)
(10, 1, 1, (0, 1, 0), -2, (0, 0)): (0, 1)
(10, 1, 1, (0, 1, 0), -1, (0, 0)): (0, 4)
(10, 1, 1, (0, 1, 0), 0, (0, 0)): (10, 15)
(10, 1, 1, (0, 1, 1), -1, (0, 0)): (1, 1)
(10, 1, 1, (0, 1, 1), 0, (0, 0)): (3, 3)
(10, 1, 1, (1, 0, 0), -2, (0, 0)): (0, 2)
(10, 1, 1, (1, 0, 0), -1, (0, 0)): (1, 1)
(10, 1, 1, (1, 0, 0), 0, (0, 0)): (11, 14)
(10, 1, 1, (1, 0, 1), -8, (0, 0)): (0, 1)
(10, 1, 1, (1, 0, 1), 0, (0, 0)): (5, 5)
(10, 1, 1, (1, 1, 0), -2, (0, 0)): (0, 1)
(10, 1, 1, (1, 1, 0), 0, (0, 0)): (6, 7)
(10, 1, 1, (1, 1, 1), -1, (0, 0)): (1, 1)
(10, 1, 1, (1, 1, 1), 0, (0, 0)): (3, 3)
(10, 1, 1, (1, 1, 1), 0, (1, 0)): (1, 1)
(10, 1, 1, (1, 1, 1), 0, (1, 1)): (1, 1)
(10, 1, 1, (1, 1, 1), 0, (2, 1)): (1, 1)
(10, 1, 1, (1, 1, 1), 0, (3, 1)): (1, 1)
(10, 1, 2, (0, 0, 0), -3, (0, 0)): (0, 2)
(10, 1, 2, (0, 0, 0), -3, (0, 1)): (0, 1)
(10, 1, 2, (0, 0, 0), -2, (0, 0)): (0, 1)
(10, 1, 2, (0, 0, 0), -1, (0, 0)): (1, 5)
(10, 1, 2, (0, 0, 0), 0, (0, 0)): (8, 17)
(10, 1, 2, (0, 0, 1), -1, (0, 0)): (0, 1)
(10, 1, 2, (0, 0, 1), 0, (0, 0)): (2, 5)
(10, 1, 2, (0, 1, 0), -3, (0, 0)): (0, 1)
(10, 1, 2, (0, 1, 0), -1, (0, 0)): (0, 3)
(10, 1, 2, (0, 1, 0), 0, (0, 0)): (3, 8)
(10, 1, 2, (0, 1, 1), -8, (0, 0)): (0, 1)
(10, 1, 2, (0, 1, 1), 0, (0, 0)): (1, 1)
(10, 1, 2, (1, 0, 0), -2, (0, 0)): (0, 1)
(10, 1, 2, (1, 0, 0), -1, (0, 0)): (1, 2)
(10, 1, 2, (1, 0, 0), 0, (0, 0)): (7, 11)
(10, 1, 2, (1, 0, 1), -8, (0, 0)): (0, 1)
(10, 1, 2, (1, 0, 1), -3, (0, 0)): (0, 1)
(10, 1, 2, (1, 0, 1), 0, (0, 0)): (2, 3)
(10, 1, 2, (1, 1, 0), -2, (0, 0)): (0, 2)
(10, 1, 2, (1, 1, 0), -1, (0, 0)): (0, 1)
(10, 1, 2, (1, 1, 0), 0, (0, 0)): (5, 6)
(10, 1, 2, (1, 1, 1), -2, (0, 0)): (0, 1)
(11, 0, 0, (0, 0, 0), 0, (0, 0)): (17, 34)
(11, 0, 0, (0, 1, 0), 0, (0, 0)): (1, 1)
(11, 0, 0, (1, 0, 0), 0, (0, 0)): (6, 9)
(11, 0, 0, (1, 0, 0), 1, (0, 0)): (1, 1)
(11, 0, 0, (1, 0, 1), 0, (0, 0)): (1, 1)
(11, 0, 0, (1, 1, 0), 0, (0, 0)): (1, 1)
(11, 0, 0, (1, 1, 1), 0, (0, 0)): (1, 1)
(11, 0, 1, (0, 0, 0), 0, (0, 0)): (11, 25)
(11, 0, 1, (0, 0, 1), 2, (0, 0)): (1, 1)
(11, 0, 1, (0, 1, 0), 0, (0, 0)): (4, 6)
(11, 0, 1, (0, 1, 0), 1, (0, 0)): (1, 1)
(11, 0, 1, (0, 1, 0), 3, (0, 0)): (1, 1)
(11, 0, 1, (0, 1, 0), 4, (0, 0)): (1, 1)
(11, 0, 1, (1, 0, 0), 0, (0, 0)): (1, 7)
(11, 0, 1, (1, 0, 0), 1, (0, 0)): (2, 2)
(11, 0, 1, (1, 0, 1), 1, (0, 0)): (1, 1)
(11, 0, 1, (1, 1, 0), 0, (0, 0)): (2, 3)
(11, 0, 1, (1, 1, 0), 1, (0, 0)): (3, 3)
(11, 0, 1, (1, 1, 0), 2, (0, 0)): (1, 1)
(11, 0, 1, (1, 1, 1), 0, (0, 0)): (1, 1)
(11, 0, 1, (1, 1, 1), 1, (0, 0)): (1, 1)
(11, 0, 2, (0, 0, 0), 0, (0, 0)): (10, 21)
(11, 0, 2, (0, 0, 1), 0, (0, 0)): (1, 3)
(11, 0, 2, (0, 1, 0), 0, (0, 0)): (1, 2)
(11, 0, 2, (0, 1, 0), 3, (0, 0)): (1, 1)
(11, 0, 2, (0, 1, 0), 4, (0, 0)): (1, 1)
(11, 0, 2, (0, 1, 1), 0, (0, 0)): (0, 2)
(11, 0, 2, (0, 1, 1), 2, (0, 0)): (1, 1)
(11, 0, 2, (1, 0, 0), 0, (0, 0)): (1, 8)
(11, 0, 2, (1, 0, 0), 1, (0, 0)): (1, 1)
(11, 0, 2, (1, 0, 0), 2, (0, 0)): (1, 1)
(11, 0, 2, (1, 0, 0), 4, (0, 0)): (1, 1)
(11, 0, 2, (1, 0, 1), 0, (0, 0)): (0, 2)
(11, 0, 2, (1, 1, 0), 0, (0, 0)): (0, 2)
(11, 0, 2, (1, 1, 0), 1, (0, 0)): (1, 1)
(11, 0, 2, (1, 1, 0), 2, (0, 0)): (2, 2)
(11, 0, 2, (1, 1, 1), 0, (0, 0)): (1, 3)
(11, 1, 0, (0, 0, 0), -4, (0, 0)): (0, 2)
(11, 1, 0, (0, 0, 0), -2, (0, 0)): (0, 4)
(11, 1, 0, (0, 0, 0), -1, (0, 0)): (0, 1)
(11, 1, 0, (0, 0, 0), 0, (0, 0)): (17, 27)
(11, 1, 0, (0, 0, 1), -2, (0, 0)): (0, 1)
(11, 1, 0, (0, 0, 1), 0, (0, 0)): (1, 1)
(11, 1, 0, (0, 1, 0), 0, (0, 0)): (0, 1)
(11, 1, 0, (1, 0, 0), -4, (0, 0)): (0, 1)
(11, 1, 0, (1, 0, 0), -2, (0, 0)): (0, 1)
(11, 1, 0, (1, 0, 0), 0, (0, 0)): (7, 12)
(11, 1, 0, (1, 1, 0), -4, (0, 0)): (0, 1)
(11, 1, 0, (1, 1, 0), -3, (0, 0)): (0, 1)
(11, 1, 0, (1, 1, 0), -2, (0, 0)): (0, 1)
(11, 1, 0, (1, 1, 0), 0, (0, 0)): (4, 4)
(11, 1, 0, (1, 1, 1), 0, (0, 0)): (1, 1)
(11, 1, 1, (0, 0, 0), -4, (0, 0)): (0, 1)
(11, 1, 1, (0, 0, 0), -2, (0, 0)): (0, 2)
(11, 1, 1, (0, 0, 0), -1, (0, 0)): (0, 1)
(11, 1, 1, (0, 0, 0), 0, (0, 0)): (9, 15)
(11, 1, 1, (0, 0, 1), -2, (0, 0)): (0, 1)
(11, 1, 1, (0, 0, 1), 0, (0, 0)): (2, 2)
(11, 1, 1, (0, 1, 0), 0, (0, 0)): (3, 5)
(11, 1, 1, (0, 1, 1), 0, (0, 0)): (1, 1)
(11, 1, 1, (1, 0, 0), -4, (0, 0)): (0, 1)
(11, 1, 1, (1, 0, 0), -1, (0, 0)): (0, 1)
(11, 1, 1, (1, 0, 0), 0, (0, 0)): (2, 5)
(11, 1, 1, (1, 0, 1), 0, (0, 0)): (1, 1)
(11, 1, 1, (1, 1, 0), -3, (0, 0)): (0, 1)
(11, 1, 1, (1, 1, 0), -2, (0, 0)): (0, 1)
(11, 1, 1, (1, 1, 0), -1, (0, 0)): (0, 1)
(11, 1, 1, (1, 1, 0), 0, (0, 0)): (3, 4)
(11, 1, 1, (1, 1, 1), 0, (0, 0)): (1, 1)
(11, 1, 2, (0, 0, 0), -2, (0, 0)): (0, 2)
(11, 1, 2, (0, 0, 0), -1, (0, 0)): (0, 1)
(11, 1, 2, (0, 0, 0), 0, (0, 0)): (6, 11)
(11, 1, 2, (0, 0, 1), 0, (0, 0)): (1, 2)
(11, 1, 2, (0, 1, 0), -3, (0, 0)): (0, 1)
(11, 1, 2, (0, 1, 0), 0, (0, 0)): (0, 1)
(11, 1, 2, (0, 1, 1), -1, (0, 0)): (0, 1)
(11, 1, 2, (0, 1, 1), 0, (0, 0)): (1, 1)
(11, 1, 2, (1, 0, 0), -4, (0, 0)): (0, 1)
(11, 1, 2, (1, 0, 0), -2, (0, 0)): (0, 1)
(11, 1, 2, (1, 0, 0), -1, (0, 0)): (0, 1)
(11, 1, 2, (1, 0, 0), 0, (0, 0)): (2, 6)
(11, 1, 2, (1, 0, 1), -3, (0, 0)): (0, 1)
(11, 1, 2, (1, 1, 0), -3, (0, 0)): (0, 1)
(11, 1, 2, (1, 1, 0), 0, (0, 0)): (0, 1)
(11, 1, 2, (1, 1, 1), 0, (0, 0)): (1, 1)
(12, 0, 0, (0, 0, 0), 0, (0, 0)): (11, 20)
(12, 0, 0, (0, 1, 0), 2, (0, 0)): (1, 1)
(12, 0, 0, (0, 1, 1), 0, (0, 0)): (1, 1)
(12, 0, 0, (1, 0, 0), 0, (0, 0)): (6, 6)
(12, 0, 0, (1, 0, 1), 0, (0, 0)): (2, 2)
(12, 0, 1, (0, 0, 0), 0, (0, 0)): (5, 14)
(12, 0, 1, (0, 1, 0), 0, (0, 0)): (5, 6)
(12, 0, 1, (0, 1, 0), 1, (0, 0)): (2, 2)
(12, 0, 1, (0, 1, 0), 2, (0, 0)): (1, 1)
(12, 0, 1, (1, 0, 0), 0, (0, 0)): (2, 7)
(12, 0, 1, (1, 0, 0), 1, (0, 0)): (1, 1)
(12, 0, 1, (1, 0, 1), 0, (0, 0)): (0, 1)
(12, 0, 2, (0, 0, 0), 0, (0, 0)): (3, 8)
(12, 0, 2, (0, 0, 0), 1, (0, 0)): (1, 1)
(12, 0, 2, (0, 0, 1), 2, (0, 0)): (1, 1)
(12, 0, 2, (0, 1, 0), 0, (0, 0)): (3, 4)
(12, 0, 2, (0, 1, 0), 1, (0, 0)): (1, 2)
(12, 0, 2, (1, 0, 0), 0, (0, 0)): (1, 3)
(12, 0, 2, (1, 0, 0), 1, (0, 0)): (2, 2)
(12, 0, 2, (1, 1, 0), 0, (0, 0)): (2, 2)
(12, 0, 2, (1, 1, 0), 1, (0, 0)): (1, 1)
(12, 0, 2, (1, 1, 0), 2, (0, 0)): (1, 1)
(12, 1, 0, (0, 0, 0), -2, (0, 0)): (0, 2)
(12, 1, 0, (0, 0, 0), -1, (0, 0)): (1, 5)
(12, 1, 0, (0, 0, 0), 0, (0, 0)): (8, 13)
(12, 1, 0, (0, 1, 0), -1, (0, 0)): (0, 1)
(12, 1, 0, (0, 1, 0), 0, (0, 0)): (1, 1)
(12, 1, 0, (0, 1, 1), 0, (0, 0)): (1, 1)
(12, 1, 0, (1, 0, 0), 0, (0, 0)): (1, 2)
(12, 1, 0, (1, 0, 1), 0, (0, 0)): (1, 1)
(12, 1, 1, (0, 0, 0), -2, (0, 0)): (0, 2)
(12, 1, 1, (0, 0, 0), -1, (0, 0)): (1, 4)
(12, 1, 1, (0, 0, 0), 0, (0, 0)): (6, 10)
(12, 1, 1, (0, 0, 1), -1, (0, 0)): (0, 1)
(12, 1, 1, (0, 1, 0), -1, (0, 0)): (1, 1)
(12, 1, 1, (0, 1, 1), 0, (0, 0)): (1, 1)
(12, 1, 1, (1, 0, 0), -2, (0, 0)): (0, 1)
(12, 1, 1, (1, 0, 0), -1, (0, 0)): (0, 1)
(12, 1, 1, (1, 0, 0), 0, (0, 0)): (3, 3)
(12, 1, 1, (1, 0, 1), 0, (0, 0)): (2, 2)
(12, 1, 2, (0, 0, 0), -2, (0, 0)): (0, 1)
(12, 1, 2, (0, 0, 0), -1, (0, 0)): (0, 2)
(12, 1, 2, (0, 0, 0), 0, (0, 0)): (5, 10)
(12, 1, 2, (0, 0, 1), -1, (0, 0)): (0, 1)
(12, 1, 2, (0, 1, 0), -2, (0, 0)): (0, 1)
(12, 1, 2, (0, 1, 0), -1, (0, 0)): (1, 1)
(12, 1, 2, (0, 1, 0), 0, (0, 0)): (2, 2)
(12, 1, 2, (0, 1, 1), 0, (0, 0)): (1, 1)
(12, 1, 2, (1, 0, 0), -1, (0, 0)): (0, 2)
(12, 1, 2, (1, 0, 0), 0, (0, 0)): (2, 5)
(12, 1, 2, (1, 1, 0), 0, (0, 0)): (1, 1)
(12, 1, 2, (1, 1, 1), 0, (0, 0)): (1, 1)
(13, 0, 0, (0, 0, 0), 0, (0, 0)): (6, 11)
(13, 0, 0, (0, 0, 1), 0, (0, 0)): (0, 1)
(13, 0, 0, (0, 1, 0), 0, (0, 0)): (1, 1)
(13, 0, 0, (0, 1, 1), 1, (0, 0)): (1, 1)
(13, 0, 0, (0, 1, 1), 4, (0, 0)): (1, 1)
(13, 0, 0, (1, 0, 0), 0, (0, 0)): (3, 3)
(13, 0, 0, (1, 0, 0), 3, (0, 0)): (1, 1)
(13, 0, 0, (1, 0, 1), 0, (0, 0)): (3, 3)
(13, 0, 0, (1, 0, 1), 1, (0, 0)): (1, 1)
(13, 0, 0, (1, 1, 0), 0, (0, 0)): (1, 1)
(13, 0, 0, (1, 1, 0), 2, (0, 0)): (1, 1)
(13, 0, 0, (1, 1, 0), 3, (0, 0)): (1, 1)
(13, 0, 1, (0, 0, 0), 0, (0, 0)): (2, 6)
(13, 0, 1, (0, 0, 1), 0, (0, 0)): (0, 1)
(13, 0, 1, (0, 1, 0), 0, (0, 0)): (1, 1)
(13, 0, 1, (0, 1, 0), 1, (0, 0)): (1, 1)
(13, 0, 1, (0, 1, 1), 4, (0, 0)): (1, 1)
(13, 0, 1, (1, 0, 0), 0, (0, 0)): (2, 3)
(13, 0, 1, (1, 1, 0), 0, (0, 0)): (1, 1)
(13, 0, 1, (1, 1, 0), 2, (0, 0)): (1, 1)
(13, 0, 2, (0, 0, 0), 0, (0, 0)): (0, 3)
(13, 0, 2, (0, 0, 0), 1, (0, 0)): (0, 1)
(13, 0, 2, (0, 0, 1), 0, (0, 0)): (1, 1)
(13, 0, 2, (0, 0, 1), 2, (0, 0)): (1, 1)
(13, 0, 2, (0, 0, 1), 5, (0, 0)): (1, 1)
(13, 0, 2, (1, 0, 0), 0, (0, 0)): (1, 1)
(13, 0, 2, (1, 0, 0), 1, (0, 0)): (1, 1)
(13, 0, 2, (1, 0, 0), 6, (0, 0)): (1, 1)
(13, 0, 2, (1, 0, 1), 2, (0, 0)): (1, 1)
(13, 0, 2, (1, 1, 0), 0, (0, 0)): (1, 1)
(13, 0, 2, (1, 1, 1), 2, (0, 0)): (1, 1)
(13, 1, 0, (0, 0, 0), -6, (0, 0)): (0, 1)
(13, 1, 0, (0, 0, 0), -2, (0, 0)): (0, 2)
(13, 1, 0, (0, 0, 0), -1, (0, 0)): (1, 2)
(13, 1, 0, (0, 0, 0), 0, (0, 0)): (4, 6)
(13, 1, 0, (0, 1, 0), 0, (0, 0)): (1, 1)
(13, 1, 0, (1, 0, 0), -1, (0, 0)): (1, 1)
(13, 1, 0, (1, 0, 0), 0, (0, 0)): (1, 2)
(13, 1, 1, (0, 0, 0), -6, (0, 0)): (0, 1)
(13, 1, 1, (0, 0, 0), -2, (0, 0)): (0, 2)
(13, 1, 1, (0, 0, 0), -1, (0, 0)): (0, 1)
(13, 1, 1, (0, 0, 0), 0, (0, 0)): (2, 3)
(13, 1, 1, (0, 1, 0), -1, (0, 0)): (1, 1)
(13, 1, 1, (0, 1, 0), 0, (0, 0)): (1, 1)
(13, 1, 1, (1, 0, 0), 0, (0, 0)): (2, 3)
(13, 1, 2, (0, 0, 0), -6, (0, 0)): (0, 1)
(13, 1, 2, (0, 0, 0), -2, (0, 0)): (0, 2)
(13, 1, 2, (0, 0, 0), -1, (0, 0)): (0, 1)
(13, 1, 2, (0, 0, 0), 0, (0, 0)): (2, 3)
(13, 1, 2, (0, 0, 1), -1, (0, 0)): (1, 1)
(13, 1, 2, (0, 1, 0), 0, (0, 0)): (2, 2)
(13, 1, 2, (1, 0, 0), -6, (0, 0)): (0, 1)
(13, 1, 2, (1, 0, 0), -2, (0, 0)): (0, 1)
(13, 1, 2, (1, 0, 0), 0, (0, 0)): (2, 3)
(14, 0, 0, (0, 0, 0), 0, (0, 0)): (2, 6)
(14, 0, 0, (0, 0, 1), 0, (0, 0)): (0, 1)
(14, 0, 0, (0, 1, 0), 0, (0, 0)): (0, 1)
(14, 0, 0, (1, 0, 0), 0, (0, 0)): (1, 2)
(14, 0, 0, (1, 0, 1), 0, (0, 0)): (1, 1)
(14, 0, 0, (1, 0, 1), 1, (0, 0)): (1, 1)
(14, 0, 1, (0, 0, 0), 0, (0, 0)): (1, 2)
(14, 0, 1, (0, 0, 1), 0, (0, 0)): (0, 2)
(14, 0, 1, (0, 1, 0), 2, (0, 0)): (1, 1)
(14, 0, 1, (1, 0, 0), 0, (0, 0)): (1, 2)
(14, 0, 1, (1, 0, 0), 3, (0, 0)): (1, 1)
(14, 0, 1, (1, 0, 1), 0, (0, 0)): (0, 1)
(14, 0, 1, (1, 0, 1), 1, (0, 0)): (2, 2)
(14, 0, 1, (1, 1, 0), 0, (0, 0)): (1, 1)
(14, 0, 1, (1, 1, 0), 2, (0, 0)): (1, 1)
(14, 0, 2, (0, 0, 0), 0, (0, 0)): (0, 1)
(14, 0, 2, (0, 0, 1), 0, (0, 0)): (0, 1)
(14, 0, 2, (0, 1, 0), 0, (0, 0)): (0, 1)
(14, 0, 2, (1, 0, 0), 3, (0, 0)): (1, 1)
(14, 0, 2, (1, 0, 1), 0, (0, 0)): (0, 1)
(14, 0, 2, (1, 0, 1), 2, (0, 0)): (1, 1)
(14, 0, 2, (1, 1, 0), 0, (0, 0)): (0, 1)
(14, 1, 0, (0, 0, 0), -3, (0, 0)): (0, 1)
(14, 1, 0, (0, 0, 0), -2, (0, 0)): (0, 1)
(14, 1, 0, (0, 0, 0), 0, (0, 0)): (4, 4)
(14, 1, 0, (1, 0, 0), 0, (0, 0)): (1, 1)
(14, 1, 1, (0, 0, 0), -3, (0, 0)): (0, 1)
(14, 1, 1, (0, 0, 0), -2, (0, 0)): (0, 1)
(14, 1, 1, (0, 0, 0), 0, (0, 0)): (3, 3)
(14, 1, 1, (0, 0, 1), 0, (0, 0)): (1, 1)
(14, 1, 1, (0, 1, 0), 0, (0, 0)): (1, 1)
(14, 1, 1, (0, 1, 1), 0, (0, 0)): (1, 1)
(14, 1, 1, (1, 0, 0), 0, (0, 0)): (3, 3)
(14, 1, 1, (1, 1, 0), 0, (0, 0)): (1, 1)
(14, 1, 2, (0, 0, 0), -3, (0, 0)): (0, 1)
(14, 1, 2, (0, 0, 0), -2, (0, 0)): (0, 1)
(14, 1, 2, (1, 0, 0), -3, (0, 0)): (0, 1)
(14, 1, 2, (1, 0, 0), 0, (0, 0)): (1, 1)
(14, 1, 2, (1, 1, 0), 0, (0, 0)): (3, 3)
(15, 0, 0, (0, 0, 0), 0, (0, 0)): (0, 2)
(15, 0, 1, (0, 0, 0), 0, (0, 0)): (0, 2)
(15, 0, 1, (1, 0, 0), 0, (0, 0)): (0, 1)
(15, 0, 2, (0, 0, 0), 0, (0, 0)): (0, 1)
(15, 0, 2, (0, 1, 0), 0, (0, 0)): (0, 1)
(15, 1, 0, (0, 0, 0), 0, (0, 0)): (2, 2)
(15, 1, 1, (0, 0, 0), 0, (0, 0)): (2, 2)
(15, 1, 2, (0, 0, 0), 0, (0, 0)): (2, 2)
(16, 0, 0, (0, 0, 0), 0, (0, 0)): (0, 2)
(16, 0, 1, (0, 0, 0), 0, (0, 0)): (0, 2)
(16, 0, 2, (0, 0, 0), 0, (0, 0)): (0, 2)
(16, 1, 0, (0, 0, 0), 0, (0, 0)): (2, 2)
(16, 1, 1, (0, 0, 0), 0, (0, 0)): (2, 2)
(16, 1, 1, (1, 0, 0), 0, (0, 0)): (1, 1)
(16, 1, 2, (0, 0, 0), 0, (0, 0)): (1, 1)
(17, 0, 0, (0, 0, 0), 0, (0, 0)): (0, 1)
(17, 0, 1, (0, 0, 0), 0, (0, 0)): (0, 1)
(17, 0, 1, (0, 1, 0), 0, (0, 0)): (0, 1)
(17, 0, 2, (0, 0, 1), 0, (0, 0)): (0, 1)
(17, 1, 0, (0, 0, 0), 0, (0, 0)): (1, 1)
(17, 1, 1, (0, 0, 0), 0, (0, 0)): (1, 1)
(17, 1, 1, (1, 0, 0), 0, (0, 0)): (1, 1)
(17, 1, 1, (1, 0, 1), 0, (0, 0)): (1, 1)
(17, 1, 1, (1, 1, 1), 0, (0, 0)): (1, 1)
(17, 1, 2, (1, 1, 1), 0, (0, 0)): (1, 1)
