"H",1,0,1,-1,19222,9348
"H",1,0,1,-10,8,1
"H",1,0,1,-11,4,0
"H",1,0,1,-12,1,0
"H",1,0,1,-2,9380,3591
"H",1,0,1,-3,4493,1325
"H",1,0,1,-4,1947,393
"H",1,0,1,-5,725,100
"H",1,0,1,-6,263,27
"H",1,0,1,-7,92,2
"H",1,0,1,-8,33,1
"H",1,0,1,-9,25,1
"H",1,0,1,0,91489,54377
"H",1,0,1,1,1171,825
"H",1,0,1,2,436,339
"H",1,0,1,3,275,235
"H",1,0,1,4,160,148
"H",1,0,1,5,34,34
"H",1,0,1,6,10,9
"H",1,0,1,7,3,3
"H",1,0,1,8,2,2
"H",1,0,2,-1,6029,3254
"H",1,0,2,-10,4,0
"H",1,0,2,-2,2876,1260
"H",1,0,2,-3,1458,496
"H",1,0,2,-4,610,151
"H",1,0,2,-5,227,37
"H",1,0,2,-6,79,7
"H",1,0,2,-7,28,1
"H",1,0,2,-8,14,0
"H",1,0,2,-9,5,0
"H",1,0,2,0,27511,17514
"H",1,0,2,1,1062,781
"H",1,0,2,2,375,298
"H",1,0,2,3,181,158
"H",1,0,2,4,64,56
"H",1,0,2,5,20,19
"H",1,0,2,6,6,5
"H",1,0,2,7,1,1
"H",1,0,3,-1,1685,927
"H",1,0,3,-10,1,1
"H",1,0,3,-2,716,333
"H",1,0,3,-3,313,108
"H",1,0,3,-4,132,36
"H",1,0,3,-5,55,6
"H",1,0,3,-6,17,7
"H",1,0,3,-7,7,1
"H",1,0,3,-8,8,1
"H",1,0,3,-9,2,0
"H",1,0,3,0,7577,5007
"H",1,0,3,1,900,680
"H",1,0,3,2,355,290
"H",1,0,3,3,131,117
"H",1,0,3,4,51,45
"H",1,0,3,5,12,11
"H",1,0,3,6,5,5
"H",1,0,3,7,1,1
"H",1,0,4,-1,1298,794
"H",1,0,4,-10,1,0
"H",1,0,4,-2,699,368
"H",1,0,4,-3,390,164
"H",1,0,4,-4,173,57
"H",1,0,4,-5,66,15
"H",1,0,4,-6,24,4
"H",1,0,4,-7,9,0
"H",1,0,4,-8,4,0
"H",1,0,4,-9,1,0
"H",1,0,4,0,5662,3984
"H",1,0,4,1,852,654
"H",1,0,4,2,330,263
"H",1,0,4,3,116,100
"H",1,0,4,4,44,42
"H",1,0,4,5,18,17
"H",1,0,4,6,4,3
"H",1,0,4,7,1,1
"H",1,0,4,8,1,1
"H",1,0,5,-1,409,228
"H",1,0,5,-11,1,0
"H",1,0,5,-2,160,68
"H",1,0,5,-3,67,23
"H",1,0,5,-4,33,10
"H",1,0,5,-5,8,2
"H",1,0,5,-6,4,1
"H",1,0,5,-7,3,0
"H",1,0,5,-8,1,0
"H",1,0,5,0,1785,1200
"H",1,0,5,1,488,372
"H",1,0,5,2,175,159
"H",1,0,5,3,53,43
"H",1,0,5,4,18,18
"H",1,0,5,5,6,6
"H",1,0,5,6,2,2
"H",1,0,5,7,1,1
"H",1,0,6,-1,660,403
"H",1,0,6,-10,1,0
"H",1,0,6,-2,275,135
"H",1,0,6,-3,111,40
"H",1,0,6,-4,52,12
"H",1,0,6,-5,12,1
"H",1,0,6,-6,5,0
"H",1,0,6,-7,4,0
"H",1,0,6,0,2703,1925
"H",1,0,6,1,728,579
"H",1,0,6,2,249,218
"H",1,0,6,3,87,76
"H",1,0,6,4,24,23
"H",1,0,6,5,10,10
"H",1,0,6,6,4,4
"H",1,0,7,-1,305,200
"H",1,0,7,-10,1,0
"H",1,0,7,-2,155,82
"H",1,0,7,-3,64,26
"H",1,0,7,-4,31,13
"H",1,0,7,-5,8,4
"H",1,0,7,-6,4,1
"H",1,0,7,-7,1,0
"H",1,0,7,-8,1,0
"H",1,0,7,0,1226,885
"H",1,0,7,1,439,366
"H",1,0,7,2,152,124
"H",1,0,7,3,48,46
"H",1,0,7,4,17,15
"H",1,0,7,5,3,3
"H",1,0,7,6,2,2
"H",1,0,8,-1,320,223
"H",1,0,8,-2,174,98
"H",1,0,8,-3,78,41
"H",1,0,8,-4,49,24
"H",1,0,8,-5,9,3
"H",1,0,8,-6,6,1
"H",1,0,8,-7,3,0
"H",1,0,8,-8,1,0
"H",1,0,8,0,1293,965
"H",1,0,8,1,412,336
"H",1,0,8,2,164,143
"H",1,0,8,3,61,56
"H",1,0,8,4,22,20
"H",1,0,8,5,6,6
"H",1,0,8,6,3,3
"H",1,1,1,-1,12583,5687
"H",1,1,1,-10,4,0
"H",1,1,1,-11,3,0
"H",1,1,1,-12,1,0
"H",1,1,1,-2,6135,2140
"H",1,1,1,-3,2847,759
"H",1,1,1,-4,1240,218
"H",1,1,1,-5,457,58
"H",1,1,1,-6,160,13
"H",1,1,1,-7,56,1
"H",1,1,1,-8,12,1
"H",1,1,1,-9,18,1
"H",1,1,1,0,60145,34105
"H",1,1,1,1,2290,1568
"H",1,1,1,11,1,1
"H",1,1,1,2,1503,1160
"H",1,1,1,3,885,750
"H",1,1,1,4,370,342
"H",1,1,1,5,122,115
"H",1,1,1,6,31,28
"H",1,1,1,7,17,16
"H",1,1,1,8,2,2
"H",1,1,1,9,3,3
"H",1,1,2,-1,5594,2733
"H",1,1,2,-10,1,0
"H",1,1,2,-11,1,0
"H",1,1,2,-2,2897,1144
"H",1,1,2,-3,1417,431
"H",1,1,2,-4,629,130
"H",1,1,2,-5,212,28
"H",1,1,2,-6,77,4
"H",1,1,2,-7,29,0
"H",1,1,2,-8,8,1
"H",1,1,2,-9,11,1
"H",1,1,2,0,25438,15297
"H",1,1,2,1,3464,2451
"H",1,1,2,11,1,1
"H",1,1,2,2,1418,1118
"H",1,1,2,3,620,529
"H",1,1,2,4,282,259
"H",1,1,2,5,83,77
"H",1,1,2,6,50,48
"H",1,1,2,7,8,8
"H",1,1,2,8,1,1
"H",1,1,2,9,1,1
"H",1,1,3,-1,2552,1254
"H",1,1,3,-10,3,1
"H",1,1,3,-2,1070,438
"H",1,1,3,-3,477,156
"H",1,1,3,-4,192,46
"H",1,1,3,-5,87,17
"H",1,1,3,-6,21,2
"H",1,1,3,-7,8,2
"H",1,1,3,-8,5,1
"H",1,1,3,-9,2,0
"H",1,1,3,0,12156,7438
"H",1,1,3,1,2556,1812
"H",1,1,3,13,1,1
"H",1,1,3,2,1115,865
"H",1,1,3,3,451,382
"H",1,1,3,4,207,182
"H",1,1,3,5,63,62
"H",1,1,3,6,24,23
"H",1,1,3,7,11,11
"H",1,1,3,8,2,2
"H",1,1,4,-1,1840,958
"H",1,1,4,-10,1,0
"H",1,1,4,-11,1,0
"H",1,1,4,-2,935,439
"H",1,1,4,-3,479,157
"H",1,1,4,-4,202,57
"H",1,1,4,-5,78,9
"H",1,1,4,-6,33,1
"H",1,1,4,-7,9,0
"H",1,1,4,-8,3,0
"H",1,1,4,-9,1,0
"H",1,1,4,0,7878,5061
"H",1,1,4,1,2146,1552
"H",1,1,4,11,1,1
"H",1,1,4,14,1,1
"H",1,1,4,2,1014,810
"H",1,1,4,3,440,386
"H",1,1,4,4,177,159
"H",1,1,4,5,79,74
"H",1,1,4,6,19,19
"H",1,1,4,7,7,7
"H",1,1,4,8,1,1
"H",1,1,4,9,2,2
"H",1,1,5,-1,1039,568
"H",1,1,5,-2,431,185
"H",1,1,5,-3,183,51
"H",1,1,5,-4,84,21
"H",1,1,5,-5,20,4
"H",1,1,5,-6,15,4
"H",1,1,5,-7,4,0
"H",1,1,5,-8,2,0
"H",1,1,5,-9,1,0
"H",1,1,5,0,4609,2993
"H",1,1,5,1,1469,1090
"H",1,1,5,11,1,1
"H",1,1,5,2,562,467
"H",1,1,5,3,235,207
"H",1,1,5,4,94,85
"H",1,1,5,5,35,34
"H",1,1,5,6,12,12
"H",1,1,5,7,5,5
"H",1,1,5,8,3,3
"H",1,1,6,-1,1023,572
"H",1,1,6,-2,468,229
"H",1,1,6,-3,214,61
"H",1,1,6,-4,91,20
"H",1,1,6,-5,30,8
"H",1,1,6,-6,12,0
"H",1,1,6,-7,11,1
"H",1,1,6,-8,1,0
"H",1,1,6,0,4157,2799
"H",1,1,6,1,1724,1283
"H",1,1,6,10,2,2
"H",1,1,6,11,1,1
"H",1,1,6,13,1,1
"H",1,1,6,2,687,567
"H",1,1,6,3,292,262
"H",1,1,6,4,123,112
"H",1,1,6,5,50,46
"H",1,1,6,6,15,14
"H",1,1,6,7,6,6
"H",1,1,6,8,2,2
"H",1,1,6,9,1,1
"H",1,1,7,-1,685,387
"H",1,1,7,-10,1,0
"H",1,1,7,-2,344,173
"H",1,1,7,-3,164,60
"H",1,1,7,-4,71,22
"H",1,1,7,-5,21,7
"H",1,1,7,-6,7,0
"H",1,1,7,-7,2,0
"H",1,1,7,-8,1,0
"H",1,1,7,0,2935,2039
"H",1,1,7,1,1065,828
"H",1,1,7,2,511,415
"H",1,1,7,3,189,164
"H",1,1,7,4,77,71
"H",1,1,7,5,33,32
"H",1,1,7,6,8,7
"H",1,1,7,7,3,3
"H",1,1,8,-1,561,339
"H",1,1,8,-2,317,154
"H",1,1,8,-3,129,55
"H",1,1,8,-4,75,23
"H",1,1,8,-5,16,0
"H",1,1,8,-6,6,1
"H",1,1,8,-7,6,0
"H",1,1,8,-8,1,0
"H",1,1,8,0,2510,1760
"H",1,1,8,1,1152,880
"H",1,1,8,10,1,1
"H",1,1,8,14,1,1
"H",1,1,8,2,525,438
"H",1,1,8,3,227,192
"H",1,1,8,4,88,85
"H",1,1,8,5,31,29
"H",1,1,8,6,9,9
"H",1,1,8,7,4,4
"H",1,1,8,8,1,1
"H",1,1,8,9,1,1
"H",1,2,1,-1,9341,4048
"H",1,2,1,-10,3,0
"H",1,2,1,-11,2,0
"H",1,2,1,-12,1,0
"H",1,2,1,-2,4435,1435
"H",1,2,1,-3,2076,504
"H",1,2,1,-4,878,131
"H",1,2,1,-5,347,36
"H",1,2,1,-6,113,8
"H",1,2,1,-7,43,1
"H",1,2,1,-8,14,0
"H",1,2,1,-9,11,0
"H",1,2,1,0,44004,24108
"H",1,2,1,1,4751,3164
"H",1,2,1,11,2,2
"H",1,2,1,13,1,1
"H",1,2,1,14,1,1
"H",1,2,1,2,2751,2095
"H",1,2,1,3,1409,1178
"H",1,2,1,4,614,540
"H",1,2,1,5,224,208
"H",1,2,1,6,65,62
"H",1,2,1,7,35,34
"H",1,2,1,8,10,10
"H",1,2,1,9,6,6
"H",1,2,2,-1,5023,2251
"H",1,2,2,-2,2576,842
"H",1,2,2,-3,1213,309
"H",1,2,2,-4,523,86
"H",1,2,2,-5,197,17
"H",1,2,2,-6,73,6
"H",1,2,2,-7,29,0
"H",1,2,2,-8,6,1
"H",1,2,2,-9,7,0
"H",1,2,2,0,22311,12675
"H",1,2,2,1,5580,3734
"H",1,2,2,10,1,1
"H",1,2,2,11,2,2
"H",1,2,2,2,2729,2131
"H",1,2,2,3,1233,1027
"H",1,2,2,4,566,507
"H",1,2,2,5,194,184
"H",1,2,2,6,83,80
"H",1,2,2,7,42,38
"H",1,2,2,8,13,13
"H",1,2,2,9,6,6
"H",1,2,3,-1,2655,1233
"H",1,2,3,-10,2,0
"H",1,2,3,-11,1,0
"H",1,2,3,-2,1176,415
"H",1,2,3,-3,569,142
"H",1,2,3,-4,199,30
"H",1,2,3,-5,85,20
"H",1,2,3,-6,26,2
"H",1,2,3,-7,8,0
"H",1,2,3,-8,4,1
"H",1,2,3,-9,4,1
"H",1,2,3,0,11785,6797
"H",1,2,3,1,4217,2847
"H",1,2,3,10,3,3
"H",1,2,3,2,2160,1656
"H",1,2,3,3,994,838
"H",1,2,3,4,463,424
"H",1,2,3,5,164,153
"H",1,2,3,6,81,75
"H",1,2,3,7,21,21
"H",1,2,3,8,9,9
"H",1,2,3,9,3,3
"H",1,2,4,-1,1989,920
"H",1,2,4,-2,1028,395
"H",1,2,4,-3,507,135
"H",1,2,4,-4,194,40
"H",1,2,4,-5,76,13
"H",1,2,4,-6,29,2
"H",1,2,4,-7,8,0
"H",1,2,4,-8,4,0
"H",1,2,4,-9,3,0
"H",1,2,4,0,8353,4932
"H",1,2,4,1,3349,2297
"H",1,2,4,10,5,5
"H",1,2,4,11,2,2
"H",1,2,4,14,1,1
"H",1,2,4,2,1729,1366
"H",1,2,4,3,781,669
"H",1,2,4,4,371,331
"H",1,2,4,5,124,116
"H",1,2,4,6,61,59
"H",1,2,4,7,32,32
"H",1,2,4,8,7,7
"H",1,2,4,9,6,6
"H",1,2,5,-1,1187,547
"H",1,2,5,-10,1,0
"H",1,2,5,-2,507,180
"H",1,2,5,-3,217,76
"H",1,2,5,-4,98,23
"H",1,2,5,-5,36,4
"H",1,2,5,-6,11,2
"H",1,2,5,-7,4,1
"H",1,2,5,-8,1,0
"H",1,2,5,-9,1,0
"H",1,2,5,0,5127,2975
"H",1,2,5,1,2143,1495
"H",1,2,5,10,1,1
"H",1,2,5,11,1,1
"H",1,2,5,2,1050,801
"H",1,2,5,3,453,379
"H",1,2,5,4,216,198
"H",1,2,5,5,71,65
"H",1,2,5,6,31,29
"H",1,2,5,7,18,18
"H",1,2,5,8,6,6
"H",1,2,5,9,2,2
"H",1,2,6,-1,1025,486
"H",1,2,6,-11,1,0
"H",1,2,6,-2,464,176
"H",1,2,6,-3,229,57
"H",1,2,6,-4,91,13
"H",1,2,6,-5,31,5
"H",1,2,6,-6,12,1
"H",1,2,6,-7,3,1
"H",1,2,6,-8,1,0
"H",1,2,6,0,4189,2514
"H",1,2,6,1,2158,1498
"H",1,2,6,10,6,6
"H",1,2,6,11,1,1
"H",1,2,6,13,1,1
"H",1,2,6,2,1049,811
"H",1,2,6,3,510,424
"H",1,2,6,4,211,186
"H",1,2,6,5,79,72
"H",1,2,6,6,37,37
"H",1,2,6,7,20,19
"H",1,2,6,8,9,9
"H",1,2,6,9,4,4
"H",1,2,7,-1,586,285
"H",1,2,7,-10,1,0
"H",1,2,7,-2,264,107
"H",1,2,7,-3,146,34
"H",1,2,7,-4,55,10
"H",1,2,7,-5,20,3
"H",1,2,7,-6,13,1
"H",1,2,7,-7,2,0
"H",1,2,7,0,2175,1328
"H",1,2,7,1,1222,878
"H",1,2,7,10,2,2
"H",1,2,7,11,1,1
"H",1,2,7,2,678,536
"H",1,2,7,3,304,268
"H",1,2,7,4,121,102
"H",1,2,7,5,72,70
"H",1,2,7,6,22,21
"H",1,2,7,7,11,11
"H",1,2,7,8,4,4
"H",1,2,7,9,1,1
"H",1,2,8,-1,615,314
"H",1,2,8,-10,1,0
"H",1,2,8,-2,347,141
"H",1,2,8,-3,168,54
"H",1,2,8,-4,62,9
"H",1,2,8,-5,23,3
"H",1,2,8,-6,7,2
"H",1,2,8,-7,2,0
"H",1,2,8,-8,2,0
"H",1,2,8,0,2539,1592
"H",1,2,8,1,1344,961
"H",1,2,8,10,3,3
"H",1,2,8,11,1,1
"H",1,2,8,14,2,2
"H",1,2,8,15,1,1
"H",1,2,8,2,725,583
"H",1,2,8,3,406,351
"H",1,2,8,4,136,124
"H",1,2,8,5,65,62
"H",1,2,8,6,19,19
"H",1,2,8,7,16,16
"H",1,2,8,8,6,6
"H",1,2,8,9,2,2
"H",2,0,1,-1,22974,10432
"H",2,0,1,-10,37,0
"H",2,0,1,-11,15,0
"H",2,0,1,-12,7,0
"H",2,0,1,-13,3,0
"H",2,0,1,-2,11826,4053
"H",2,0,1,-3,6015,1529
"H",2,0,1,-4,2822,525
"H",2,0,1,-5,1410,219
"H",2,0,1,-6,788,57
"H",2,0,1,-7,378,24
"H",2,0,1,-8,159,11
"H",2,0,1,-9,95,3
"H",2,0,1,0,54195,31470
"H",2,0,1,1,16012,11160
"H",2,0,1,10,13,13
"H",2,0,1,11,4,4
"H",2,0,1,13,2,2
"H",2,0,1,14,1,1
"H",2,0,1,15,1,1
"H",2,0,1,2,8091,6386
"H",2,0,1,3,3784,3242
"H",2,0,1,4,1700,1561
"H",2,0,1,5,652,613
"H",2,0,1,6,238,233
"H",2,0,1,7,123,118
"H",2,0,1,8,48,48
"H",2,0,1,9,22,22
"H",2,0,2,-1,6107,3048
"H",2,0,2,-10,8,0
"H",2,0,2,-11,4,0
"H",2,0,2,-12,2,0
"H",2,0,2,-13,3,0
"H",2,0,2,-2,3182,1200
"H",2,0,2,-3,1625,466
"H",2,0,2,-4,761,172
"H",2,0,2,-5,401,77
"H",2,0,2,-6,222,23
"H",2,0,2,-7,108,7
"H",2,0,2,-8,37,2
"H",2,0,2,-9,29,1
"H",2,0,2,0,14579,8991
"H",2,0,2,1,4490,3220
"H",2,0,2,10,2,2
"H",2,0,2,11,5,5
"H",2,0,2,15,1,1
"H",2,0,2,2,2349,1912
"H",2,0,2,3,1019,889
"H",2,0,2,4,479,447
"H",2,0,2,5,199,185
"H",2,0,2,6,94,92
"H",2,0,2,7,47,45
"H",2,0,2,8,16,16
"H",2,0,2,9,7,7
"H",2,0,3,-1,1528,796
"H",2,0,3,-10,2,0
"H",2,0,3,-12,1,0
"H",2,0,3,-2,760,319
"H",2,0,3,-3,378,121
"H",2,0,3,-4,182,41
"H",2,0,3,-5,86,13
"H",2,0,3,-6,59,7
"H",2,0,3,-7,17,2
"H",2,0,3,-8,11,1
"H",2,0,3,-9,8,2
"H",2,0,3,0,3598,2329
"H",2,0,3,1,1397,1058
"H",2,0,3,10,5,5
"H",2,0,3,11,1,1
"H",2,0,3,13,1,1
"H",2,0,3,2,727,598
"H",2,0,3,3,321,282
"H",2,0,3,4,166,158
"H",2,0,3,5,63,60
"H",2,0,3,6,30,29
"H",2,0,3,7,11,11
"H",2,0,3,8,11,11
"H",2,0,3,9,5,5
"H",2,0,4,-1,1391,808
"H",2,0,4,-10,1,0
"H",2,0,4,-2,806,349
"H",2,0,4,-3,392,129
"H",2,0,4,-4,201,50
"H",2,0,4,-5,119,27
"H",2,0,4,-6,61,9
"H",2,0,4,-7,31,4
"H",2,0,4,-8,12,1
"H",2,0,4,-9,6,0
"H",2,0,4,0,3049,2048
"H",2,0,4,1,1128,872
"H",2,0,4,10,3,3
"H",2,0,4,11,1,1
"H",2,0,4,2,605,519
"H",2,0,4,3,243,213
"H",2,0,4,4,124,117
"H",2,0,4,5,52,49
"H",2,0,4,6,27,26
"H",2,0,4,7,19,19
"H",2,0,4,8,5,5
"H",2,0,4,9,2,2
"H",2,0,5,-1,314,166
"H",2,0,5,-11,1,0
"H",2,0,5,-2,163,67
"H",2,0,5,-3,76,30
"H",2,0,5,-4,37,7
"H",2,0,5,-5,13,3
"H",2,0,5,-6,6,0
"H",2,0,5,-7,3,0
"H",2,0,5,-8,1,1
"H",2,0,5,0,728,473
"H",2,0,5,1,398,321
"H",2,0,5,10,1,1
"H",2,0,5,11,1,1
"H",2,0,5,12,1,1
"H",2,0,5,2,225,195
"H",2,0,5,3,93,84
"H",2,0,5,4,53,51
"H",2,0,5,5,17,17
"H",2,0,5,6,17,17
"H",2,0,5,7,2,2
"H",2,0,5,8,4,4
"H",2,0,5,9,2,2
"H",2,0,6,-1,535,314
"H",2,0,6,-10,2,0
"H",2,0,6,-12,1,0
"H",2,0,6,-13,1,0
"H",2,0,6,-2,231,99
"H",2,0,6,-3,123,48
"H",2,0,6,-4,54,10
"H",2,0,6,-5,22,6
"H",2,0,6,-6,25,3
"H",2,0,6,-7,7,2
"H",2,0,6,-8,4,0
"H",2,0,6,-9,2,0
"H",2,0,6,0,1279,889
"H",2,0,6,1,584,458
"H",2,0,6,11,2,2
"H",2,0,6,2,268,228
"H",2,0,6,3,129,120
"H",2,0,6,4,70,67
"H",2,0,6,5,30,27
"H",2,0,6,6,16,16
"H",2,0,6,7,10,10
"H",2,0,6,8,5,5
"H",2,0,6,9,2,2
"H",2,0,7,-1,317,214
"H",2,0,7,-10,1,0
"H",2,0,7,-11,1,0
"H",2,0,7,-2,159,71
"H",2,0,7,-3,72,25
"H",2,0,7,-4,32,9
"H",2,0,7,-5,20,5
"H",2,0,7,-6,6,2
"H",2,0,7,-7,7,0
"H",2,0,7,-8,4,0
"H",2,0,7,-9,1,0
"H",2,0,7,0,686,490
"H",2,0,7,1,350,268
"H",2,0,7,2,170,150
"H",2,0,7,3,78,73
"H",2,0,7,4,50,46
"H",2,0,7,5,22,20
"H",2,0,7,6,8,8
"H",2,0,7,7,5,5
"H",2,0,7,8,3,3
"H",2,0,7,9,3,3
"H",2,0,8,-1,321,205
"H",2,0,8,-2,160,84
"H",2,0,8,-3,88,46
"H",2,0,8,-4,47,16
"H",2,0,8,-5,27,11
"H",2,0,8,-6,13,3
"H",2,0,8,-7,10,2
"H",2,0,8,-8,2,0
"H",2,0,8,0,675,501
"H",2,0,8,1,330,267
"H",2,0,8,11,1,1
"H",2,0,8,12,1,1
"H",2,0,8,2,167,151
"H",2,0,8,3,83,74
"H",2,0,8,4,42,39
"H",2,0,8,5,17,15
"H",2,0,8,6,8,8
"H",2,0,8,7,5,5
"H",2,0,8,8,3,3
"H",2,1,1,-1,15509,6583
"H",2,1,1,-10,26,0
"H",2,1,1,-11,10,0
"H",2,1,1,-12,4,0
"H",2,1,1,-2,7799,2452
"H",2,1,1,-3,3962,905
"H",2,1,1,-4,1854,296
"H",2,1,1,-5,918,124
"H",2,1,1,-6,504,27
"H",2,1,1,-7,238,13
"H",2,1,1,-8,106,5
"H",2,1,1,-9,55,0
"H",2,1,1,0,36321,20157
"H",2,1,1,1,11986,8153
"H",2,1,1,10,17,17
"H",2,1,1,11,3,3
"H",2,1,1,13,1,1
"H",2,1,1,14,1,1
"H",2,1,1,2,6027,4658
"H",2,1,1,3,2960,2497
"H",2,1,1,4,1327,1205
"H",2,1,1,5,533,500
"H",2,1,1,6,212,207
"H",2,1,1,7,123,117
"H",2,1,1,8,53,53
"H",2,1,1,9,23,23
"H",2,1,2,-1,6547,2969
"H",2,1,2,-10,13,0
"H",2,1,2,-11,8,0
"H",2,1,2,-12,5,0
"H",2,1,2,-13,2,0
"H",2,1,2,-2,3483,1229
"H",2,1,2,-3,1782,486
"H",2,1,2,-4,854,165
"H",2,1,2,-5,438,73
"H",2,1,2,-6,236,24
"H",2,1,2,-7,125,6
"H",2,1,2,-8,46,3
"H",2,1,2,-9,32,1
"H",2,1,2,0,15355,8927
"H",2,1,2,1,5775,4074
"H",2,1,2,10,6,6
"H",2,1,2,11,6,6
"H",2,1,2,12,1,1
"H",2,1,2,13,1,1
"H",2,1,2,14,1,1
"H",2,1,2,15,1,1
"H",2,1,2,2,2955,2360
"H",2,1,2,3,1444,1241
"H",2,1,2,4,718,657
"H",2,1,2,5,340,316
"H",2,1,2,6,168,165
"H",2,1,2,7,73,71
"H",2,1,2,8,35,34
"H",2,1,2,9,16,16
"H",2,1,3,-1,2403,1148
"H",2,1,3,-10,2,0
"H",2,1,3,-2,1102,385
"H",2,1,3,-3,529,160
"H",2,1,3,-4,255,60
"H",2,1,3,-5,123,20
"H",2,1,3,-6,76,6
"H",2,1,3,-7,27,4
"H",2,1,3,-8,14,2
"H",2,1,3,-9,9,2
"H",2,1,3,0,5924,3617
"H",2,1,3,1,2824,2040
"H",2,1,3,10,5,5
"H",2,1,3,13,1,1
"H",2,1,3,2,1688,1373
"H",2,1,3,3,874,771
"H",2,1,3,4,472,439
"H",2,1,3,5,190,172
"H",2,1,3,6,101,99
"H",2,1,3,7,38,37
"H",2,1,3,8,23,23
"H",2,1,3,9,8,8
"H",2,1,4,-1,1944,991
"H",2,1,4,-10,4,0
"H",2,1,4,-11,2,0
"H",2,1,4,-12,1,0
"H",2,1,4,-2,1131,429
"H",2,1,4,-3,573,183
"H",2,1,4,-4,317,70
"H",2,1,4,-5,169,30
"H",2,1,4,-6,84,13
"H",2,1,4,-7,51,3
"H",2,1,4,-8,14,1
"H",2,1,4,-9,13,0
"H",2,1,4,0,4494,2763
"H",2,1,4,1,2259,1665
"H",2,1,4,10,8,8
"H",2,1,4,11,3,3
"H",2,1,4,12,3,3
"H",2,1,4,13,2,2
"H",2,1,4,14,2,2
"H",2,1,4,2,1215,990
"H",2,1,4,3,653,561
"H",2,1,4,4,342,314
"H",2,1,4,5,200,188
"H",2,1,4,6,95,90
"H",2,1,4,7,50,48
"H",2,1,4,8,23,23
"H",2,1,4,9,8,7
"H",2,1,5,-1,862,425
"H",2,1,5,-12,1,0
"H",2,1,5,-2,383,153
"H",2,1,5,-3,186,58
"H",2,1,5,-4,90,25
"H",2,1,5,-5,38,3
"H",2,1,5,-6,27,1
"H",2,1,5,-7,4,0
"H",2,1,5,-8,2,1
"H",2,1,5,-9,4,0
"H",2,1,5,0,2006,1252
"H",2,1,5,1,1235,948
"H",2,1,5,10,5,5
"H",2,1,5,11,1,1
"H",2,1,5,12,1,1
"H",2,1,5,2,666,558
"H",2,1,5,3,356,310
"H",2,1,5,4,183,173
"H",2,1,5,5,111,108
"H",2,1,5,6,47,47
"H",2,1,5,7,22,21
"H",2,1,5,8,13,13
"H",2,1,5,9,6,6
"H",2,1,6,-1,882,462
"H",2,1,6,-10,1,0
"H",2,1,6,-11,1,0
"H",2,1,6,-12,2,0
"H",2,1,6,-2,439,179
"H",2,1,6,-3,227,80
"H",2,1,6,-4,113,28
"H",2,1,6,-5,39,5
"H",2,1,6,-6,29,3
"H",2,1,6,-7,16,3
"H",2,1,6,-8,7,1
"H",2,1,6,-9,2,0
"H",2,1,6,0,2117,1353
"H",2,1,6,1,1252,958
"H",2,1,6,10,4,4
"H",2,1,6,11,1,1
"H",2,1,6,14,1,1
"H",2,1,6,15,1,1
"H",2,1,6,2,685,580
"H",2,1,6,3,357,317
"H",2,1,6,4,237,219
"H",2,1,6,5,104,97
"H",2,1,6,6,42,41
"H",2,1,6,7,29,28
"H",2,1,6,8,17,16
"H",2,1,6,9,5,5
"H",2,1,7,-1,721,417
"H",2,1,7,-10,1,0
"H",2,1,7,-11,1,0
"H",2,1,7,-12,1,0
"H",2,1,7,-2,405,170
"H",2,1,7,-3,174,58
"H",2,1,7,-4,67,22
"H",2,1,7,-5,30,4
"H",2,1,7,-6,20,3
"H",2,1,7,-7,5,2
"H",2,1,7,-8,3,0
"H",2,1,7,-9,1,0
"H",2,1,7,0,1672,1111
"H",2,1,7,1,951,731
"H",2,1,7,10,2,2
"H",2,1,7,15,1,1
"H",2,1,7,2,610,521
"H",2,1,7,3,311,276
"H",2,1,7,4,157,150
"H",2,1,7,5,79,75
"H",2,1,7,6,35,35
"H",2,1,7,7,22,22
"H",2,1,7,8,9,9
"H",2,1,7,9,5,5
"H",2,1,8,-1,602,352
"H",2,1,8,-10,2,0
"H",2,1,8,-2,280,122
"H",2,1,8,-3,168,65
"H",2,1,8,-4,68,18
"H",2,1,8,-5,47,12
"H",2,1,8,-6,19,5
"H",2,1,8,-7,10,3
"H",2,1,8,-8,4,1
"H",2,1,8,-9,3,0
"H",2,1,8,0,1354,923
"H",2,1,8,1,839,670
"H",2,1,8,10,1,1
"H",2,1,8,12,1,1
"H",2,1,8,14,1,1
"H",2,1,8,2,451,374
"H",2,1,8,3,283,256
"H",2,1,8,4,178,171
"H",2,1,8,5,101,98
"H",2,1,8,6,37,36
"H",2,1,8,7,24,21
"H",2,1,8,8,15,14
"H",2,1,8,9,2,2
"H",2,2,1,-1,11677,4727
"H",2,2,1,-10,19,0
"H",2,2,1,-11,6,0
"H",2,2,1,-12,1,0
"H",2,2,1,-2,5830,1718
"H",2,2,1,-3,3000,624
"H",2,2,1,-4,1359,193
"H",2,2,1,-5,663,76
"H",2,2,1,-6,379,17
"H",2,2,1,-7,165,8
"H",2,2,1,-8,79,2
"H",2,2,1,-9,41,0
"H",2,2,1,0,27316,14622
"H",2,2,1,1,10255,6814
"H",2,2,1,10,18,18
"H",2,2,1,11,9,9
"H",2,2,1,12,2,2
"H",2,2,1,13,1,1
"H",2,2,1,2,5264,4019
"H",2,2,1,3,2671,2225
"H",2,2,1,4,1280,1145
"H",2,2,1,5,613,577
"H",2,2,1,6,304,290
"H",2,2,1,7,171,162
"H",2,2,1,8,82,81
"H",2,2,1,9,26,26
"H",2,2,2,-1,5977,2450
"H",2,2,2,-10,13,0
"H",2,2,2,-11,7,0
"H",2,2,2,-12,2,0
"H",2,2,2,-2,3175,1005
"H",2,2,2,-3,1647,354
"H",2,2,2,-4,775,133
"H",2,2,2,-5,394,53
"H",2,2,2,-6,232,14
"H",2,2,2,-7,98,6
"H",2,2,2,-8,47,2
"H",2,2,2,-9,26,1
"H",2,2,2,0,13630,7542
"H",2,2,2,1,6123,4171
"H",2,2,2,10,11,11
"H",2,2,2,11,8,8
"H",2,2,2,12,2,2
"H",2,2,2,13,1,1
"H",2,2,2,16,2,2
"H",2,2,2,2,3432,2656
"H",2,2,2,3,1837,1548
"H",2,2,2,4,978,888
"H",2,2,2,5,507,471
"H",2,2,2,6,252,244
"H",2,2,2,7,125,117
"H",2,2,2,8,76,74
"H",2,2,2,9,38,38
"H",2,2,3,-1,2850,1300
"H",2,2,3,-10,4,0
"H",2,2,3,-11,2,0
"H",2,2,3,-12,1,0
"H",2,2,3,-13,1,0
"H",2,2,3,-2,1313,436
"H",2,2,3,-3,652,166
"H",2,2,3,-4,300,49
"H",2,2,3,-5,167,26
"H",2,2,3,-6,70,6
"H",2,2,3,-7,26,1
"H",2,2,3,-8,16,1
"H",2,2,3,-9,12,1
"H",2,2,3,0,6668,3840
"H",2,2,3,1,3915,2721
"H",2,2,3,10,9,9
"H",2,2,3,11,6,6
"H",2,2,3,13,1,1
"H",2,2,3,16,1,1
"H",2,2,3,2,2438,1931
"H",2,2,3,3,1440,1246
"H",2,2,3,4,798,725
"H",2,2,3,5,392,365
"H",2,2,3,6,216,205
"H",2,2,3,7,104,104
"H",2,2,3,8,41,41
"H",2,2,3,9,23,23
"H",2,2,4,-1,2285,1035
"H",2,2,4,-10,7,0
"H",2,2,4,-11,3,0
"H",2,2,4,-12,2,0
"H",2,2,4,-2,1269,408
"H",2,2,4,-3,642,172
"H",2,2,4,-4,310,55
"H",2,2,4,-5,161,20
"H",2,2,4,-6,87,5
"H",2,2,4,-7,41,2
"H",2,2,4,-8,16,0
"H",2,2,4,-9,15,0
"H",2,2,4,0,5047,2914
"H",2,2,4,1,3025,2111
"H",2,2,4,10,14,14
"H",2,2,4,11,7,7
"H",2,2,4,12,5,5
"H",2,2,4,13,3,3
"H",2,2,4,2,1804,1427
"H",2,2,4,3,1002,838
"H",2,2,4,4,551,502
"H",2,2,4,5,321,297
"H",2,2,4,6,158,150
"H",2,2,4,7,75,72
"H",2,2,4,8,44,43
"H",2,2,4,9,27,26
"H",2,2,5,-1,1114,493
"H",2,2,5,-2,505,164
"H",2,2,5,-3,264,58
"H",2,2,5,-4,130,30
"H",2,2,5,-5,63,7
"H",2,2,5,-6,42,3
"H",2,2,5,-7,9,2
"H",2,2,5,-8,4,0
"H",2,2,5,-9,4,1
"H",2,2,5,0,2607,1496
"H",2,2,5,1,1674,1154
"H",2,2,5,10,5,5
"H",2,2,5,11,2,2
"H",2,2,5,2,1007,788
"H",2,2,5,3,629,548
"H",2,2,5,4,378,345
"H",2,2,5,5,174,162
"H",2,2,5,6,104,100
"H",2,2,5,7,37,35
"H",2,2,5,8,23,23
"H",2,2,5,9,12,12
"H",2,2,6,-1,1018,442
"H",2,2,6,-2,503,185
"H",2,2,6,-3,279,61
"H",2,2,6,-4,116,24
"H",2,2,6,-5,68,13
"H",2,2,6,-6,31,3
"H",2,2,6,-7,16,1
"H",2,2,6,-8,10,0
"H",2,2,6,-9,6,1
"H",2,2,6,0,2291,1303
"H",2,2,6,1,1592,1115
"H",2,2,6,10,6,6
"H",2,2,6,11,2,2
"H",2,2,6,14,1,1
"H",2,2,6,2,961,789
"H",2,2,6,3,598,516
"H",2,2,6,4,360,324
"H",2,2,6,5,199,188
"H",2,2,6,6,93,88
"H",2,2,6,7,44,43
"H",2,2,6,8,28,27
"H",2,2,6,9,13,13
"H",2,2,7,-1,633,312
"H",2,2,7,-11,1,0
"H",2,2,7,-2,361,123
"H",2,2,7,-3,190,53
"H",2,2,7,-4,78,12
"H",2,2,7,-5,41,5
"H",2,2,7,-6,28,4
"H",2,2,7,-7,7,0
"H",2,2,7,-8,3,0
"H",2,2,7,-9,1,0
"H",2,2,7,0,1489,869
"H",2,2,7,1,1086,774
"H",2,2,7,10,4,4
"H",2,2,7,11,1,1
"H",2,2,7,14,1,1
"H",2,2,7,15,1,1
"H",2,2,7,2,743,622
"H",2,2,7,3,356,308
"H",2,2,7,4,220,209
"H",2,2,7,5,110,106
"H",2,2,7,6,61,59
"H",2,2,7,7,31,30
"H",2,2,7,8,13,13
"H",2,2,7,9,7,7
"H",2,2,8,-1,717,347
"H",2,2,8,-10,4,0
"H",2,2,8,-11,1,0
"H",2,2,8,-2,368,138
"H",2,2,8,-3,217,59
"H",2,2,8,-4,85,18
"H",2,2,8,-5,44,11
"H",2,2,8,-6,23,3
"H",2,2,8,-7,11,1
"H",2,2,8,-8,5,0
"H",2,2,8,-9,5,0
"H",2,2,8,0,1529,944
"H",2,2,8,1,978,699
"H",2,2,8,10,4,4
"H",2,2,8,12,2,2
"H",2,2,8,13,1,1
"H",2,2,8,14,1,1
"H",2,2,8,2,676,561
"H",2,2,8,3,440,384
"H",2,2,8,4,244,227
"H",2,2,8,5,124,115
"H",2,2,8,6,69,67
"H",2,2,8,7,35,33
"H",2,2,8,8,18,17
"H",2,2,8,9,7,7
"H",3,0,1,-1,21295,9576
"H",3,0,1,-10,84,2
"H",3,0,1,-11,48,1
"H",3,0,1,-12,21,0
"H",3,0,1,-13,11,0
"H",3,0,1,-14,5,0
"H",3,0,1,-15,2,0
"H",3,0,1,-18,1,0
"H",3,0,1,-2,13067,4463
"H",3,0,1,-3,7924,1921
"H",3,0,1,-4,4658,786
"H",3,0,1,-5,2592,339
"H",3,0,1,-6,1341,95
"H",3,0,1,-7,650,36
"H",3,0,1,-8,324,7
"H",3,0,1,-9,167,5
"H",3,0,1,0,37789,21963
"H",3,0,1,1,18508,13193
"H",3,0,1,10,39,38
"H",3,0,1,11,25,25
"H",3,0,1,12,3,3
"H",3,0,1,13,7,7
"H",3,0,1,14,2,2
"H",3,0,1,15,2,2
"H",3,0,1,16,1,1
"H",3,0,1,17,1,1
"H",3,0,1,2,10143,8220
"H",3,0,1,3,5516,4803
"H",3,0,1,4,2874,2656
"H",3,0,1,5,1560,1474
"H",3,0,1,6,818,789
"H",3,0,1,7,393,388
"H",3,0,1,8,193,191
"H",3,0,1,9,89,89
"H",3,0,2,-1,5355,2720
"H",3,0,2,-10,19,1
"H",3,0,2,-11,5,0
"H",3,0,2,-12,3,0
"H",3,0,2,-13,1,0
"H",3,0,2,-14,1,0
"H",3,0,2,-15,1,0
"H",3,0,2,-2,3418,1356
"H",3,0,2,-3,2092,602
"H",3,0,2,-4,1224,263
"H",3,0,2,-5,667,128
"H",3,0,2,-6,330,30
"H",3,0,2,-7,181,16
"H",3,0,2,-8,75,3
"H",3,0,2,-9,44,4
"H",3,0,2,0,9342,5871
"H",3,0,2,1,4951,3703
"H",3,0,2,10,14,13
"H",3,0,2,11,6,6
"H",3,0,2,12,2,2
"H",3,0,2,13,2,2
"H",3,0,2,14,1,1
"H",3,0,2,15,2,2
"H",3,0,2,16,1,1
"H",3,0,2,2,2962,2469
"H",3,0,2,3,1624,1436
"H",3,0,2,4,870,813
"H",3,0,2,5,466,446
"H",3,0,2,6,232,223
"H",3,0,2,7,124,124
"H",3,0,2,8,53,52
"H",3,0,2,9,32,32
"H",3,0,3,-1,1298,699
"H",3,0,3,-10,3,0
"H",3,0,3,-11,2,0
"H",3,0,3,-2,755,314
"H",3,0,3,-3,435,141
"H",3,0,3,-4,248,61
"H",3,0,3,-5,147,31
"H",3,0,3,-6,75,8
"H",3,0,3,-7,27,1
"H",3,0,3,-8,16,1
"H",3,0,3,-9,12,0
"H",3,0,3,0,2181,1437
"H",3,0,3,1,1392,1074
"H",3,0,3,10,6,6
"H",3,0,3,11,3,3
"H",3,0,3,12,1,1
"H",3,0,3,2,911,781
"H",3,0,3,3,584,528
"H",3,0,3,4,307,282
"H",3,0,3,5,171,164
"H",3,0,3,6,76,71
"H",3,0,3,7,32,31
"H",3,0,3,8,10,10
"H",3,0,3,9,13,13
"H",3,0,4,-1,1106,657
"H",3,0,4,-10,4,0
"H",3,0,4,-2,786,352
"H",3,0,4,-3,518,195
"H",3,0,4,-4,315,92
"H",3,0,4,-5,165,46
"H",3,0,4,-6,80,10
"H",3,0,4,-7,40,6
"H",3,0,4,-8,16,1
"H",3,0,4,-9,11,0
"H",3,0,4,0,1770,1237
"H",3,0,4,1,1129,887
"H",3,0,4,10,7,6
"H",3,0,4,11,2,2
"H",3,0,4,15,1,1
"H",3,0,4,2,727,621
"H",3,0,4,3,425,381
"H",3,0,4,4,248,234
"H",3,0,4,5,162,161
"H",3,0,4,6,72,71
"H",3,0,4,7,37,35
"H",3,0,4,8,17,17
"H",3,0,4,9,14,14
"H",3,0,5,-1,308,164
"H",3,0,5,-10,1,0
"H",3,0,5,-2,154,68
"H",3,0,5,-3,113,43
"H",3,0,5,-4,63,16
"H",3,0,5,-5,30,6
"H",3,0,5,-6,15,2
"H",3,0,5,-7,11,0
"H",3,0,5,-8,7,1
"H",3,0,5,-9,2,0
"H",3,0,5,0,524,368
"H",3,0,5,1,377,293
"H",3,0,5,10,1,1
"H",3,0,5,11,1,1
"H",3,0,5,12,1,1
"H",3,0,5,14,1,1
"H",3,0,5,2,304,265
"H",3,0,5,3,173,157
"H",3,0,5,4,98,91
"H",3,0,5,5,46,45
"H",3,0,5,6,27,26
"H",3,0,5,7,15,15
"H",3,0,5,8,6,6
"H",3,0,5,9,2,2
"H",3,0,6,-1,454,269
"H",3,0,6,-10,1,0
"H",3,0,6,-11,1,0
"H",3,0,6,-2,310,162
"H",3,0,6,-3,160,58
"H",3,0,6,-4,95,22
"H",3,0,6,-5,52,15
"H",3,0,6,-6,22,4
"H",3,0,6,-7,14,1
"H",3,0,6,-8,3,1
"H",3,0,6,-9,5,2
"H",3,0,6,0,730,552
"H",3,0,6,1,584,487
"H",3,0,6,11,2,1
"H",3,0,6,2,439,381
"H",3,0,6,3,232,215
"H",3,0,6,4,130,123
"H",3,0,6,5,60,59
"H",3,0,6,6,26,24
"H",3,0,6,7,12,12
"H",3,0,6,8,7,7
"H",3,0,6,9,4,4
"H",3,0,7,-1,230,153
"H",3,0,7,-2,176,99
"H",3,0,7,-3,78,30
"H",3,0,7,-4,60,20
"H",3,0,7,-5,21,6
"H",3,0,7,-6,14,3
"H",3,0,7,-7,5,1
"H",3,0,7,-8,6,0
"H",3,0,7,0,356,271
"H",3,0,7,1,331,283
"H",3,0,7,10,3,3
"H",3,0,7,11,1,1
"H",3,0,7,2,253,226
"H",3,0,7,3,168,158
"H",3,0,7,4,76,75
"H",3,0,7,5,46,45
"H",3,0,7,6,21,21
"H",3,0,7,7,10,10
"H",3,0,7,8,3,3
"H",3,0,7,9,4,4
"H",3,0,8,-1,256,168
"H",3,0,8,-10,1,0
"H",3,0,8,-2,179,108
"H",3,0,8,-3,125,58
"H",3,0,8,-4,84,38
"H",3,0,8,-5,32,11
"H",3,0,8,-6,17,2
"H",3,0,8,-7,8,0
"H",3,0,8,-8,4,1
"H",3,0,8,-9,4,1
"H",3,0,8,0,401,315
"H",3,0,8,1,341,285
"H",3,0,8,10,4,4
"H",3,0,8,11,3,3
"H",3,0,8,2,240,218
"H",3,0,8,3,156,145
"H",3,0,8,4,83,81
"H",3,0,8,5,54,54
"H",3,0,8,6,28,28
"H",3,0,8,7,13,13
"H",3,0,8,8,4,4
"H",3,0,8,9,3,3
"H",3,1,1,-1,15068,6345
"H",3,1,1,-10,61,1
"H",3,1,1,-11,42,1
"H",3,1,1,-12,18,0
"H",3,1,1,-13,10,0
"H",3,1,1,-14,4,0
"H",3,1,1,-15,1,0
"H",3,1,1,-18,1,0
"H",3,1,1,-2,9125,2853
"H",3,1,1,-3,5444,1170
"H",3,1,1,-4,3211,456
"H",3,1,1,-5,1790,176
"H",3,1,1,-6,939,56
"H",3,1,1,-7,432,18
"H",3,1,1,-8,237,4
"H",3,1,1,-9,110,1
"H",3,1,1,0,27116,15068
"H",3,1,1,1,13380,9249
"H",3,1,1,10,28,28
"H",3,1,1,11,23,23
"H",3,1,1,12,2,2
"H",3,1,1,13,5,5
"H",3,1,1,15,1,1
"H",3,1,1,17,1,1
"H",3,1,1,18,1,1
"H",3,1,1,2,7348,5816
"H",3,1,1,3,4165,3609
"H",3,1,1,4,2284,2099
"H",3,1,1,5,1286,1203
"H",3,1,1,6,669,644
"H",3,1,1,7,322,316
"H",3,1,1,8,168,167
"H",3,1,1,9,61,61
"H",3,1,2,-1,6015,2762
"H",3,1,2,-10,30,2
"H",3,1,2,-11,19,1
"H",3,1,2,-12,8,0
"H",3,1,2,-13,4,0
"H",3,1,2,-14,3,0
"H",3,1,2,-15,2,0
"H",3,1,2,-18,1,0
"H",3,1,2,-2,3853,1371
"H",3,1,2,-3,2364,588
"H",3,1,2,-4,1396,238
"H",3,1,2,-5,778,103
"H",3,1,2,-6,400,30
"H",3,1,2,-7,205,13
"H",3,1,2,-8,94,1
"H",3,1,2,-9,51,1
"H",3,1,2,0,10584,6293
"H",3,1,2,1,5978,4331
"H",3,1,2,10,21,21
"H",3,1,2,11,12,12
"H",3,1,2,12,7,7
"H",3,1,2,13,3,3
"H",3,1,2,14,2,2
"H",3,1,2,15,1,1
"H",3,1,2,18,1,1
"H",3,1,2,2,3642,2926
"H",3,1,2,3,2229,1965
"H",3,1,2,4,1169,1078
"H",3,1,2,5,685,642
"H",3,1,2,6,312,300
"H",3,1,2,7,176,173
"H",3,1,2,8,84,83
"H",3,1,2,9,46,46
"H",3,1,3,-1,2737,1318
"H",3,1,3,-10,9,1
"H",3,1,3,-11,3,0
"H",3,1,3,-12,3,0
"H",3,1,3,-2,1380,513
"H",3,1,3,-3,766,204
"H",3,1,3,-4,452,88
"H",3,1,3,-5,236,35
"H",3,1,3,-6,125,11
"H",3,1,3,-7,62,4
"H",3,1,3,-8,26,2
"H",3,1,3,-9,12,0
"H",3,1,3,0,5030,3120
"H",3,1,3,1,3166,2292
"H",3,1,3,10,12,12
"H",3,1,3,11,6,6
"H",3,1,3,12,2,2
"H",3,1,3,13,2,2
"H",3,1,3,16,1,1
"H",3,1,3,2,1985,1624
"H",3,1,3,3,1174,1031
"H",3,1,3,4,677,623
"H",3,1,3,5,359,328
"H",3,1,3,6,186,179
"H",3,1,3,7,89,88
"H",3,1,3,8,42,41
"H",3,1,3,9,24,24
"H",3,1,4,-1,1883,986
"H",3,1,4,-10,5,0
"H",3,1,4,-11,7,0
"H",3,1,4,-12,5,0
"H",3,1,4,-13,2,0
"H",3,1,4,-14,1,0
"H",3,1,4,-15,1,0
"H",3,1,4,-2,1259,523
"H",3,1,4,-3,799,239
"H",3,1,4,-4,497,116
"H",3,1,4,-5,283,60
"H",3,1,4,-6,115,14
"H",3,1,4,-7,72,9
"H",3,1,4,-8,33,1
"H",3,1,4,-9,20,0
"H",3,1,4,0,3146,2072
"H",3,1,4,1,2199,1658
"H",3,1,4,10,7,7
"H",3,1,4,11,5,5
"H",3,1,4,12,2,2
"H",3,1,4,13,2,2
"H",3,1,4,14,2,2
"H",3,1,4,16,1,1
"H",3,1,4,2,1352,1125
"H",3,1,4,3,909,800
"H",3,1,4,4,547,514
"H",3,1,4,5,300,288
"H",3,1,4,6,144,141
"H",3,1,4,7,66,65
"H",3,1,4,8,38,37
"H",3,1,4,9,20,20
"H",3,1,5,-1,845,435
"H",3,1,5,-10,1,0
"H",3,1,5,-2,483,206
"H",3,1,5,-3,254,73
"H",3,1,5,-4,127,35
"H",3,1,5,-5,75,13
"H",3,1,5,-6,44,3
"H",3,1,5,-7,23,0
"H",3,1,5,-8,17,0
"H",3,1,5,-9,4,0
"H",3,1,5,0,1587,1047
"H",3,1,5,1,1226,913
"H",3,1,5,10,7,7
"H",3,1,5,11,4,4
"H",3,1,5,12,2,2
"H",3,1,5,13,1,1
"H",3,1,5,2,886,755
"H",3,1,5,3,520,463
"H",3,1,5,4,289,264
"H",3,1,5,5,158,151
"H",3,1,5,6,82,74
"H",3,1,5,7,32,32
"H",3,1,5,8,20,20
"H",3,1,5,9,8,8
"H",3,1,6,-1,932,529
"H",3,1,6,-10,4,0
"H",3,1,6,-11,1,0
"H",3,1,6,-12,1,0
"H",3,1,6,-2,543,235
"H",3,1,6,-3,343,100
"H",3,1,6,-4,194,49
"H",3,1,6,-5,72,17
"H",3,1,6,-6,53,5
"H",3,1,6,-7,27,1
"H",3,1,6,-8,12,1
"H",3,1,6,-9,11,1
"H",3,1,6,0,1650,1153
"H",3,1,6,1,1338,1044
"H",3,1,6,10,7,6
"H",3,1,6,11,5,4
"H",3,1,6,12,4,4
"H",3,1,6,15,1,1
"H",3,1,6,16,1,1
"H",3,1,6,2,895,765
"H",3,1,6,3,551,498
"H",3,1,6,4,305,282
"H",3,1,6,5,179,170
"H",3,1,6,6,78,74
"H",3,1,6,7,43,43
"H",3,1,6,8,14,14
"H",3,1,6,9,16,16
"H",3,1,7,-1,722,431
"H",3,1,7,-10,2,0
"H",3,1,7,-11,1,0
"H",3,1,7,-12,1,0
"H",3,1,7,-2,456,224
"H",3,1,7,-3,245,88
"H",3,1,7,-4,112,33
"H",3,1,7,-5,54,11
"H",3,1,7,-6,33,4
"H",3,1,7,-7,10,2
"H",3,1,7,-8,9,0
"H",3,1,7,-9,6,0
"H",3,1,7,0,1238,835
"H",3,1,7,1,949,753
"H",3,1,7,10,7,7
"H",3,1,7,11,2,2
"H",3,1,7,12,1,1
"H",3,1,7,13,1,1
"H",3,1,7,14,1,1
"H",3,1,7,18,1,1
"H",3,1,7,2,692,601
"H",3,1,7,3,383,350
"H",3,1,7,4,233,213
"H",3,1,7,5,130,123
"H",3,1,7,6,61,61
"H",3,1,7,7,44,43
"H",3,1,7,8,21,21
"H",3,1,7,9,12,12
"H",3,1,8,-1,569,327
"H",3,1,8,-10,1,0
"H",3,1,8,-11,1,0
"H",3,1,8,-12,1,0
"H",3,1,8,-15,1,0
"H",3,1,8,-2,366,181
"H",3,1,8,-3,219,93
"H",3,1,8,-4,146,55
"H",3,1,8,-5,84,17
"H",3,1,8,-6,36,6
"H",3,1,8,-7,13,3
"H",3,1,8,-8,7,1
"H",3,1,8,-9,6,0
"H",3,1,8,0,1064,747
"H",3,1,8,1,879,688
"H",3,1,8,10,6,6
"H",3,1,8,11,3,3
"H",3,1,8,12,2,2
"H",3,1,8,13,1,1
"H",3,1,8,14,1,1
"H",3,1,8,2,639,550
"H",3,1,8,3,433,389
"H",3,1,8,4,242,227
"H",3,1,8,5,153,148
"H",3,1,8,6,61,60
"H",3,1,8,7,40,39
"H",3,1,8,8,15,14
"H",3,1,8,9,8,8
"H",3,2,1,-1,11528,4657
"H",3,2,1,-10,44,0
"H",3,2,1,-11,26,0
"H",3,2,1,-12,10,0
"H",3,2,1,-13,7,0
"H",3,2,1,-14,2,0
"H",3,2,1,-2,6942,2033
"H",3,2,1,-3,4147,842
"H",3,2,1,-4,2434,318
"H",3,2,1,-5,1339,118
"H",3,2,1,-6,686,32
"H",3,2,1,-7,324,9
"H",3,2,1,-8,175,4
"H",3,2,1,-9,81,1
"H",3,2,1,0,20682,11039
"H",3,2,1,1,10692,7208
"H",3,2,1,10,46,46
"H",3,2,1,11,26,26
"H",3,2,1,12,9,9
"H",3,2,1,13,4,4
"H",3,2,1,14,1,1
"H",3,2,1,17,1,1
"H",3,2,1,2,6226,4862
"H",3,2,1,3,3864,3293
"H",3,2,1,4,2301,2112
"H",3,2,1,5,1245,1167
"H",3,2,1,6,661,636
"H",3,2,1,7,305,298
"H",3,2,1,8,156,156
"H",3,2,1,9,74,74
"H",3,2,2,-1,5771,2403
"H",3,2,2,-10,22,1
"H",3,2,2,-11,17,1
"H",3,2,2,-12,5,0
"H",3,2,2,-13,5,0
"H",3,2,2,-14,2,0
"H",3,2,2,-15,1,0
"H",3,2,2,-18,1,0
"H",3,2,2,-2,3769,1181
"H",3,2,2,-3,2309,504
"H",3,2,2,-4,1398,205
"H",3,2,2,-5,752,61
"H",3,2,2,-6,408,19
"H",3,2,2,-7,202,5
"H",3,2,2,-8,86,1
"H",3,2,2,-9,40,0
"H",3,2,2,0,10232,5702
"H",3,2,2,1,6430,4359
"H",3,2,2,10,27,27
"H",3,2,2,11,16,16
"H",3,2,2,12,10,10
"H",3,2,2,13,7,7
"H",3,2,2,14,2,2
"H",3,2,2,15,1,1
"H",3,2,2,2,4078,3209
"H",3,2,2,3,2665,2284
"H",3,2,2,4,1588,1459
"H",3,2,2,5,850,800
"H",3,2,2,6,460,436
"H",3,2,2,7,251,245
"H",3,2,2,8,122,121
"H",3,2,2,9,68,67
"H",3,2,3,-1,3265,1420
"H",3,2,3,-10,8,0
"H",3,2,3,-11,3,0
"H",3,2,3,-12,2,0
"H",3,2,3,-2,1674,514
"H",3,2,3,-3,963,226
"H",3,2,3,-4,532,69
"H",3,2,3,-5,309,38
"H",3,2,3,-6,132,15
"H",3,2,3,-7,76,5
"H",3,2,3,-8,35,1
"H",3,2,3,-9,15,0
"H",3,2,3,0,5750,3285
"H",3,2,3,1,3960,2749
"H",3,2,3,10,22,22
"H",3,2,3,11,18,18
"H",3,2,3,12,6,6
"H",3,2,3,13,5,5
"H",3,2,3,14,1,1
"H",3,2,3,2,2633,2092
"H",3,2,3,3,1663,1446
"H",3,2,3,4,1048,969
"H",3,2,3,5,594,545
"H",3,2,3,6,331,321
"H",3,2,3,7,158,154
"H",3,2,3,8,79,78
"H",3,2,3,9,35,34
"H",3,2,4,-1,2172,1000
"H",3,2,4,-10,9,0
"H",3,2,4,-11,3,0
"H",3,2,4,-12,2,0
"H",3,2,4,-13,1,0
"H",3,2,4,-2,1472,499
"H",3,2,4,-3,911,224
"H",3,2,4,-4,546,101
"H",3,2,4,-5,271,37
"H",3,2,4,-6,143,13
"H",3,2,4,-7,80,3
"H",3,2,4,-8,37,1
"H",3,2,4,-9,12,0
"H",3,2,4,0,3804,2219
"H",3,2,4,1,2803,1993
"H",3,2,4,10,24,24
"H",3,2,4,11,15,14
"H",3,2,4,12,4,4
"H",3,2,4,13,2,2
"H",3,2,4,14,3,3
"H",3,2,4,16,1,1
"H",3,2,4,17,1,1
"H",3,2,4,2,1970,1582
"H",3,2,4,3,1377,1195
"H",3,2,4,4,862,796
"H",3,2,4,5,496,468
"H",3,2,4,6,247,243
"H",3,2,4,7,145,142
"H",3,2,4,8,84,83
"H",3,2,4,9,43,43
"H",3,2,5,-1,1284,553
"H",3,2,5,-10,2,0
"H",3,2,5,-11,1,0
"H",3,2,5,-2,661,220
"H",3,2,5,-3,357,81
"H",3,2,5,-4,211,37
"H",3,2,5,-5,114,8
"H",3,2,5,-6,60,3
"H",3,2,5,-7,32,0
"H",3,2,5,-8,23,0
"H",3,2,5,-9,8,1
"H",3,2,5,0,2278,1346
"H",3,2,5,1,1766,1188
"H",3,2,5,10,11,11
"H",3,2,5,11,6,6
"H",3,2,5,12,3,3
"H",3,2,5,13,1,1
"H",3,2,5,14,1,1
"H",3,2,5,2,1237,992
"H",3,2,5,3,771,678
"H",3,2,5,4,446,404
"H",3,2,5,5,280,261
"H",3,2,5,6,132,124
"H",3,2,5,7,71,68
"H",3,2,5,8,29,28
"H",3,2,5,9,21,21
"H",3,2,6,-1,1090,494
"H",3,2,6,-10,1,0
"H",3,2,6,-11,3,0
"H",3,2,6,-12,2,0
"H",3,2,6,-2,672,215
"H",3,2,6,-3,396,98
"H",3,2,6,-4,239,41
"H",3,2,6,-5,118,12
"H",3,2,6,-6,65,6
"H",3,2,6,-7,28,0
"H",3,2,6,-8,24,0
"H",3,2,6,-9,11,0
"H",3,2,6,0,1906,1160
"H",3,2,6,1,1602,1136
"H",3,2,6,10,6,5
"H",3,2,6,11,6,5
"H",3,2,6,12,3,3
"H",3,2,6,13,2,2
"H",3,2,6,14,1,1
"H",3,2,6,16,1,1
"H",3,2,6,2,1167,949
"H",3,2,6,3,711,627
"H",3,2,6,4,470,439
"H",3,2,6,5,261,244
"H",3,2,6,6,129,127
"H",3,2,6,7,81,79
"H",3,2,6,8,38,38
"H",3,2,6,9,30,30
"H",3,2,7,-1,668,326
"H",3,2,7,-10,4,0
"H",3,2,7,-11,1,0
"H",3,2,7,-12,2,0
"H",3,2,7,-13,1,0
"H",3,2,7,-14,1,0
"H",3,2,7,-2,395,156
"H",3,2,7,-3,250,71
"H",3,2,7,-4,143,25
"H",3,2,7,-5,66,8
"H",3,2,7,-6,38,3
"H",3,2,7,-7,21,2
"H",3,2,7,-8,10,0
"H",3,2,7,-9,4,0
"H",3,2,7,0,1046,644
"H",3,2,7,1,908,678
"H",3,2,7,10,10,10
"H",3,2,7,11,2,2
"H",3,2,7,12,2,2
"H",3,2,7,2,674,544
"H",3,2,7,3,410,358
"H",3,2,7,4,256,240
"H",3,2,7,5,170,160
"H",3,2,7,6,85,79
"H",3,2,7,7,61,60
"H",3,2,7,8,30,29
"H",3,2,7,9,16,16
"H",3,2,8,-1,710,348
"H",3,2,8,-10,2,0
"H",3,2,8,-12,1,0
"H",3,2,8,-2,418,172
"H",3,2,8,-3,270,83
"H",3,2,8,-4,159,35
"H",3,2,8,-5,67,14
"H",3,2,8,-6,40,6
"H",3,2,8,-7,20,1
"H",3,2,8,-8,7,0
"H",3,2,8,-9,5,0
"H",3,2,8,0,1222,754
"H",3,2,8,1,1022,729
"H",3,2,8,10,11,11
"H",3,2,8,11,6,6
"H",3,2,8,12,6,6
"H",3,2,8,13,2,2
"H",3,2,8,2,742,624
"H",3,2,8,3,529,473
"H",3,2,8,4,328,306
"H",3,2,8,5,201,189
"H",3,2,8,6,104,100
"H",3,2,8,7,70,69
"H",3,2,8,8,38,37
"H",3,2,8,9,19,19
"H",4,0,1,-1,20413,8940
"H",4,0,1,-10,187,0
"H",4,0,1,-11,82,2
"H",4,0,1,-12,50,0
"H",4,0,1,-13,25,0
"H",4,0,1,-14,7,0
"H",4,0,1,-15,4,0
"H",4,0,1,-16,2,0
"H",4,0,1,-19,1,0
"H",4,0,1,-2,14081,4430
"H",4,0,1,-3,9139,1988
"H",4,0,1,-4,5488,780
"H",4,0,1,-5,3273,319
"H",4,0,1,-6,1884,130
"H",4,0,1,-7,1017,35
"H",4,0,1,-8,588,14
"H",4,0,1,-9,345,5
"H",4,0,1,0,28240,16662
"H",4,0,1,1,17921,12992
"H",4,0,1,10,97,96
"H",4,0,1,11,54,52
"H",4,0,1,12,30,30
"H",4,0,1,13,16,16
"H",4,0,1,14,2,2
"H",4,0,1,15,2,2
"H",4,0,1,17,3,3
"H",4,0,1,2,11706,9674
"H",4,0,1,3,7414,6628
"H",4,0,1,4,4491,4201
"H",4,0,1,5,2487,2391
"H",4,0,1,6,1354,1314
"H",4,0,1,7,671,663
"H",4,0,1,8,334,331
"H",4,0,1,9,201,200
"H",4,0,2,-1,5505,2734
"H",4,0,2,-10,43,0
"H",4,0,2,-11,16,1
"H",4,0,2,-12,9,0
"H",4,0,2,-13,7,0
"H",4,0,2,-14,1,0
"H",4,0,2,-15,1,0
"H",4,0,2,-19,1,0
"H",4,0,2,-2,3778,1350
"H",4,0,2,-3,2428,623
"H",4,0,2,-4,1487,267
"H",4,0,2,-5,923,114
"H",4,0,2,-6,475,51
"H",4,0,2,-7,246,11
"H",4,0,2,-8,160,7
"H",4,0,2,-9,89,3
"H",4,0,2,0,7706,4899
"H",4,0,2,1,4955,3757
"H",4,0,2,10,33,33
"H",4,0,2,11,23,23
"H",4,0,2,12,8,8
"H",4,0,2,13,9,9
"H",4,0,2,14,1,1
"H",4,0,2,2,3172,2665
"H",4,0,2,3,2093,1909
"H",4,0,2,4,1244,1179
"H",4,0,2,5,730,710
"H",4,0,2,6,402,391
"H",4,0,2,7,200,198
"H",4,0,2,8,115,115
"H",4,0,2,9,54,54
"H",4,0,3,-1,1444,766
"H",4,0,3,-10,10,0
"H",4,0,3,-11,4,0
"H",4,0,3,-12,4,0
"H",4,0,3,-13,1,0
"H",4,0,3,-16,1,0
"H",4,0,3,-2,907,364
"H",4,0,3,-3,545,162
"H",4,0,3,-4,337,67
"H",4,0,3,-5,202,28
"H",4,0,3,-6,139,10
"H",4,0,3,-7,62,3
"H",4,0,3,-8,42,3
"H",4,0,3,-9,21,0
"H",4,0,3,0,2027,1359
"H",4,0,3,1,1458,1153
"H",4,0,3,10,10,10
"H",4,0,3,11,3,3
"H",4,0,3,12,2,2
"H",4,0,3,13,1,1
"H",4,0,3,14,2,2
"H",4,0,3,15,1,1
"H",4,0,3,2,940,797
"H",4,0,3,3,597,548
"H",4,0,3,4,375,352
"H",4,0,3,5,254,250
"H",4,0,3,6,132,128
"H",4,0,3,7,66,65
"H",4,0,3,8,35,35
"H",4,0,3,9,22,22
"H",4,0,4,-1,1167,686
"H",4,0,4,-10,12,0
"H",4,0,4,-11,8,1
"H",4,0,4,-12,1,0
"H",4,0,4,-13,2,0
"H",4,0,4,-15,1,0
"H",4,0,4,-2,929,397
"H",4,0,4,-3,577,173
"H",4,0,4,-4,390,101
"H",4,0,4,-5,235,41
"H",4,0,4,-6,135,16
"H",4,0,4,-7,78,8
"H",4,0,4,-8,39,5
"H",4,0,4,-9,21,1
"H",4,0,4,0,1610,1122
"H",4,0,4,1,1106,889
"H",4,0,4,10,19,19
"H",4,0,4,11,7,7
"H",4,0,4,12,3,3
"H",4,0,4,13,1,1
"H",4,0,4,14,2,2
"H",4,0,4,15,1,1
"H",4,0,4,2,779,689
"H",4,0,4,3,480,447
"H",4,0,4,4,319,307
"H",4,0,4,5,172,169
"H",4,0,4,6,118,117
"H",4,0,4,7,65,65
"H",4,0,4,8,33,33
"H",4,0,4,9,18,18
"H",4,0,5,-1,333,192
"H",4,0,5,-10,2,0
"H",4,0,5,-12,1,0
"H",4,0,5,-2,213,86
"H",4,0,5,-3,122,36
"H",4,0,5,-4,67,20
"H",4,0,5,-5,39,3
"H",4,0,5,-6,20,1
"H",4,0,5,-7,13,1
"H",4,0,5,-8,9,0
"H",4,0,5,-9,9,0
"H",4,0,5,0,489,346
"H",4,0,5,1,387,316
"H",4,0,5,10,3,3
"H",4,0,5,11,2,2
"H",4,0,5,12,1,1
"H",4,0,5,2,251,216
"H",4,0,5,3,182,169
"H",4,0,5,4,125,121
"H",4,0,5,5,69,69
"H",4,0,5,6,46,45
"H",4,0,5,7,25,25
"H",4,0,5,8,5,5
"H",4,0,5,9,4,4
"H",4,0,6,-1,557,342
"H",4,0,6,-10,5,1
"H",4,0,6,-2,326,159
"H",4,0,6,-3,216,86
"H",4,0,6,-4,118,33
"H",4,0,6,-5,59,14
"H",4,0,6,-6,37,3
"H",4,0,6,-7,18,1
"H",4,0,6,-8,19,1
"H",4,0,6,-9,6,1
"H",4,0,6,0,782,567
"H",4,0,6,1,617,503
"H",4,0,6,10,3,3
"H",4,0,6,11,3,3
"H",4,0,6,13,2,2
"H",4,0,6,2,372,324
"H",4,0,6,3,250,233
"H",4,0,6,4,144,142
"H",4,0,6,5,101,99
"H",4,0,6,6,52,50
"H",4,0,6,7,36,36
"H",4,0,6,8,23,23
"H",4,0,6,9,17,17
"H",4,0,7,-1,309,192
"H",4,0,7,-2,189,95
"H",4,0,7,-3,129,45
"H",4,0,7,-4,91,21
"H",4,0,7,-5,48,10
"H",4,0,7,-6,29,5
"H",4,0,7,-7,11,1
"H",4,0,7,-8,10,0
"H",4,0,7,-9,4,0
"H",4,0,7,0,412,313
"H",4,0,7,1,344,289
"H",4,0,7,10,3,3
"H",4,0,7,11,1,1
"H",4,0,7,12,2,2
"H",4,0,7,16,1,1
"H",4,0,7,2,185,176
"H",4,0,7,3,133,121
"H",4,0,7,4,74,70
"H",4,0,7,5,60,57
"H",4,0,7,6,45,45
"H",4,0,7,7,13,13
"H",4,0,7,8,16,16
"H",4,0,7,9,11,11
"H",4,0,8,-1,272,175
"H",4,0,8,-10,3,1
"H",4,0,8,-2,175,92
"H",4,0,8,-3,134,60
"H",4,0,8,-4,94,28
"H",4,0,8,-5,52,11
"H",4,0,8,-6,36,2
"H",4,0,8,-7,14,1
"H",4,0,8,-8,9,2
"H",4,0,8,-9,8,0
"H",4,0,8,0,356,284
"H",4,0,8,1,265,231
"H",4,0,8,10,7,7
"H",4,0,8,11,2,2
"H",4,0,8,12,1,1
"H",4,0,8,2,217,205
"H",4,0,8,3,148,139
"H",4,0,8,4,92,90
"H",4,0,8,5,64,62
"H",4,0,8,6,41,41
"H",4,0,8,7,24,24
"H",4,0,8,8,13,13
"H",4,0,8,9,9,9
"H",4,1,1,-1,13904,5592
"H",4,1,1,-10,127,0
"H",4,1,1,-11,62,1
"H",4,1,1,-12,36,0
"H",4,1,1,-13,16,0
"H",4,1,1,-14,6,0
"H",4,1,1,-15,3,0
"H",4,1,1,-16,1,0
"H",4,1,1,-2,9565,2729
"H",4,1,1,-3,6236,1181
"H",4,1,1,-4,3679,421
"H",4,1,1,-5,2167,178
"H",4,1,1,-6,1274,68
"H",4,1,1,-7,704,19
"H",4,1,1,-8,392,6
"H",4,1,1,-9,232,2
"H",4,1,1,0,19308,10772
"H",4,1,1,1,12602,8800
"H",4,1,1,10,90,90
"H",4,1,1,11,44,42
"H",4,1,1,12,28,28
"H",4,1,1,13,9,9
"H",4,1,1,14,2,2
"H",4,1,1,15,3,3
"H",4,1,1,17,3,3
"H",4,1,1,2,8622,7018
"H",4,1,1,3,5359,4716
"H",4,1,1,4,3333,3096
"H",4,1,1,5,1807,1721
"H",4,1,1,6,988,962
"H",4,1,1,7,535,526
"H",4,1,1,8,272,268
"H",4,1,1,9,178,175
"H",4,1,2,-1,5876,2578
"H",4,1,2,-10,61,0
"H",4,1,2,-11,23,0
"H",4,1,2,-12,15,0
"H",4,1,2,-13,9,0
"H",4,1,2,-14,3,0
"H",4,1,2,-15,1,0
"H",4,1,2,-19,1,0
"H",4,1,2,-2,4357,1358
"H",4,1,2,-3,2798,636
"H",4,1,2,-4,1663,229
"H",4,1,2,-5,1009,99
"H",4,1,2,-6,552,43
"H",4,1,2,-7,306,11
"H",4,1,2,-8,162,1
"H",4,1,2,-9,108,1
"H",4,1,2,0,8205,4885
"H",4,1,2,1,5653,4074
"H",4,1,2,10,52,52
"H",4,1,2,11,32,32
"H",4,1,2,12,17,17
"H",4,1,2,13,5,5
"H",4,1,2,14,3,3
"H",4,1,2,15,1,1
"H",4,1,2,17,1,1
"H",4,1,2,2,3950,3273
"H",4,1,2,3,2406,2169
"H",4,1,2,4,1471,1389
"H",4,1,2,5,951,913
"H",4,1,2,6,504,493
"H",4,1,2,7,332,324
"H",4,1,2,8,155,153
"H",4,1,2,9,98,98
"H",4,1,3,-1,2491,1204
"H",4,1,3,-10,19,0
"H",4,1,3,-11,4,1
"H",4,1,3,-12,7,0
"H",4,1,3,-13,3,0
"H",4,1,3,-15,1,0
"H",4,1,3,-16,1,0
"H",4,1,3,-2,1392,496
"H",4,1,3,-3,849,232
"H",4,1,3,-4,483,70
"H",4,1,3,-5,306,37
"H",4,1,3,-6,178,13
"H",4,1,3,-7,88,4
"H",4,1,3,-8,61,0
"H",4,1,3,-9,28,0
"H",4,1,3,0,3650,2232
"H",4,1,3,1,2817,2082
"H",4,1,3,10,31,31
"H",4,1,3,11,16,16
"H",4,1,3,12,6,6
"H",4,1,3,13,4,4
"H",4,1,3,14,2,2
"H",4,1,3,15,2,2
"H",4,1,3,16,1,1
"H",4,1,3,17,1,1
"H",4,1,3,2,2026,1658
"H",4,1,3,3,1352,1247
"H",4,1,3,4,887,825
"H",4,1,3,5,574,562
"H",4,1,3,6,309,300
"H",4,1,3,7,134,134
"H",4,1,3,8,74,74
"H",4,1,3,9,37,37
"H",4,1,4,-1,1809,946
"H",4,1,4,-10,13,0
"H",4,1,4,-11,11,0
"H",4,1,4,-12,8,0
"H",4,1,4,-13,8,0
"H",4,1,4,-14,2,0
"H",4,1,4,-2,1384,493
"H",4,1,4,-3,915,257
"H",4,1,4,-4,555,108
"H",4,1,4,-5,347,49
"H",4,1,4,-6,206,25
"H",4,1,4,-7,128,9
"H",4,1,4,-8,63,0
"H",4,1,4,-9,39,1
"H",4,1,4,0,2598,1609
"H",4,1,4,1,2000,1544
"H",4,1,4,10,25,25
"H",4,1,4,11,19,19
"H",4,1,4,12,5,5
"H",4,1,4,13,2,2
"H",4,1,4,15,1,1
"H",4,1,4,16,1,1
"H",4,1,4,18,1,1
"H",4,1,4,2,1435,1225
"H",4,1,4,3,958,873
"H",4,1,4,4,616,590
"H",4,1,4,5,416,405
"H",4,1,4,6,239,236
"H",4,1,4,7,145,144
"H",4,1,4,8,81,81
"H",4,1,4,9,48,48
"H",4,1,5,-1,877,450
"H",4,1,5,-10,2,0
"H",4,1,5,-11,2,0
"H",4,1,5,-12,1,0
"H",4,1,5,-2,492,202
"H",4,1,5,-3,278,70
"H",4,1,5,-4,163,33
"H",4,1,5,-5,96,9
"H",4,1,5,-6,53,2
"H",4,1,5,-7,28,0
"H",4,1,5,-8,23,1
"H",4,1,5,-9,11,0
"H",4,1,5,0,1298,854
"H",4,1,5,1,1102,859
"H",4,1,5,10,7,7
"H",4,1,5,11,4,4
"H",4,1,5,12,2,2
"H",4,1,5,13,3,3
"H",4,1,5,2,788,674
"H",4,1,5,3,515,469
"H",4,1,5,4,369,349
"H",4,1,5,5,193,191
"H",4,1,5,6,135,134
"H",4,1,5,7,73,72
"H",4,1,5,8,37,37
"H",4,1,5,9,19,19
"H",4,1,6,-1,946,507
"H",4,1,6,-10,5,0
"H",4,1,6,-11,4,0
"H",4,1,6,-13,1,0
"H",4,1,6,-15,1,0
"H",4,1,6,-18,1,0
"H",4,1,6,-2,634,242
"H",4,1,6,-3,366,117
"H",4,1,6,-4,244,52
"H",4,1,6,-5,144,21
"H",4,1,6,-6,82,5
"H",4,1,6,-7,41,2
"H",4,1,6,-8,27,1
"H",4,1,6,-9,6,0
"H",4,1,6,0,1326,902
"H",4,1,6,1,1145,888
"H",4,1,6,10,16,16
"H",4,1,6,11,5,5
"H",4,1,6,12,5,5
"H",4,1,6,13,1,1
"H",4,1,6,2,803,688
"H",4,1,6,3,526,485
"H",4,1,6,4,364,348
"H",4,1,6,5,238,232
"H",4,1,6,6,147,146
"H",4,1,6,7,85,84
"H",4,1,6,8,37,37
"H",4,1,6,9,20,20
"H",4,1,7,-1,686,390
"H",4,1,7,-10,2,0
"H",4,1,7,-11,3,0
"H",4,1,7,-12,1,0
"H",4,1,7,-15,1,0
"H",4,1,7,-19,1,0
"H",4,1,7,-2,453,192
"H",4,1,7,-3,250,72
"H",4,1,7,-4,148,28
"H",4,1,7,-5,97,9
"H",4,1,7,-6,69,8
"H",4,1,7,-7,22,0
"H",4,1,7,-8,10,0
"H",4,1,7,-9,7,1
"H",4,1,7,0,998,702
"H",4,1,7,1,799,636
"H",4,1,7,10,10,10
"H",4,1,7,11,6,6
"H",4,1,7,12,2,2
"H",4,1,7,13,1,1
"H",4,1,7,14,1,1
"H",4,1,7,15,1,1
"H",4,1,7,17,1,1
"H",4,1,7,2,622,535
"H",4,1,7,3,416,387
"H",4,1,7,4,282,272
"H",4,1,7,5,181,178
"H",4,1,7,6,115,114
"H",4,1,7,7,49,48
"H",4,1,7,8,43,43
"H",4,1,7,9,24,24
"H",4,1,8,-1,564,344
"H",4,1,8,-10,1,0
"H",4,1,8,-11,4,0
"H",4,1,8,-14,1,0
"H",4,1,8,-2,349,162
"H",4,1,8,-3,236,89
"H",4,1,8,-4,157,39
"H",4,1,8,-5,105,26
"H",4,1,8,-6,63,13
"H",4,1,8,-7,26,3
"H",4,1,8,-8,18,0
"H",4,1,8,-9,13,0
"H",4,1,8,0,855,585
"H",4,1,8,1,751,599
"H",4,1,8,10,13,13
"H",4,1,8,11,4,4
"H",4,1,8,12,2,2
"H",4,1,8,13,1,1
"H",4,1,8,15,1,1
"H",4,1,8,16,1,1
"H",4,1,8,2,587,519
"H",4,1,8,3,410,383
"H",4,1,8,4,252,244
"H",4,1,8,5,174,169
"H",4,1,8,6,114,113
"H",4,1,8,7,59,58
"H",4,1,8,8,34,34
"H",4,1,8,9,20,20
"H",4,2,1,-1,10518,3953
"H",4,2,1,-10,82,0
"H",4,2,1,-11,46,0
"H",4,2,1,-12,21,0
"H",4,2,1,-13,10,0
"H",4,2,1,-14,4,0
"H",4,2,1,-15,1,0
"H",4,2,1,-16,1,0
"H",4,2,1,-2,7065,1831
"H",4,2,1,-3,4641,762
"H",4,2,1,-4,2694,269
"H",4,2,1,-5,1597,100
"H",4,2,1,-6,927,41
"H",4,2,1,-7,511,9
"H",4,2,1,-8,289,5
"H",4,2,1,-9,165,2
"H",4,2,1,0,14674,7907
"H",4,2,1,1,10206,7011
"H",4,2,1,10,87,87
"H",4,2,1,11,47,45
"H",4,2,1,12,32,32
"H",4,2,1,13,14,14
"H",4,2,1,14,6,6
"H",4,2,1,15,2,2
"H",4,2,1,17,2,2
"H",4,2,1,18,1,1
"H",4,2,1,2,7118,5692
"H",4,2,1,3,4655,4052
"H",4,2,1,4,2896,2680
"H",4,2,1,5,1605,1532
"H",4,2,1,6,921,893
"H",4,2,1,7,547,539
"H",4,2,1,8,315,313
"H",4,2,1,9,173,170
"H",4,2,2,-1,5548,2147
"H",4,2,2,-10,61,1
"H",4,2,2,-11,18,0
"H",4,2,2,-12,11,0
"H",4,2,2,-13,7,0
"H",4,2,2,-14,4,0
"H",4,2,2,-15,1,0
"H",4,2,2,-2,4003,1141
"H",4,2,2,-3,2555,454
"H",4,2,2,-4,1550,161
"H",4,2,2,-5,916,79
"H",4,2,2,-6,528,30
"H",4,2,2,-7,294,9
"H",4,2,2,-8,159,2
"H",4,2,2,-9,106,1
"H",4,2,2,0,7784,4353
"H",4,2,2,1,5854,4112
"H",4,2,2,10,74,74
"H",4,2,2,11,40,40
"H",4,2,2,12,27,27
"H",4,2,2,13,13,13
"H",4,2,2,14,8,8
"H",4,2,2,15,3,3
"H",4,2,2,16,1,1
"H",4,2,2,17,2,2
"H",4,2,2,18,1,1
"H",4,2,2,2,4169,3365
"H",4,2,2,3,2781,2446
"H",4,2,2,4,1841,1715
"H",4,2,2,5,1143,1098
"H",4,2,2,6,690,672
"H",4,2,2,7,428,424
"H",4,2,2,8,227,225
"H",4,2,2,9,127,126
"H",4,2,3,-1,2786,1178
"H",4,2,3,-10,24,0
"H",4,2,3,-11,6,0
"H",4,2,3,-12,9,0
"H",4,2,3,-13,2,0
"H",4,2,3,-15,1,0
"H",4,2,3,-16,1,0
"H",4,2,3,-2,1675,510
"H",4,2,3,-3,1011,214
"H",4,2,3,-4,588,67
"H",4,2,3,-5,344,35
"H",4,2,3,-6,198,8
"H",4,2,3,-7,107,3
"H",4,2,3,-8,66,1
"H",4,2,3,-9,24,0
"H",4,2,3,0,4063,2319
"H",4,2,3,1,3519,2462
"H",4,2,3,10,52,52
"H",4,2,3,11,29,29
"H",4,2,3,12,10,10
"H",4,2,3,13,5,5
"H",4,2,3,14,8,8
"H",4,2,3,15,2,2
"H",4,2,3,16,1,1
"H",4,2,3,17,3,3
"H",4,2,3,18,1,1
"H",4,2,3,2,2775,2244
"H",4,2,3,3,1981,1780
"H",4,2,3,4,1262,1177
"H",4,2,3,5,775,745
"H",4,2,3,6,480,472
"H",4,2,3,7,258,254
"H",4,2,3,8,122,122
"H",4,2,3,9,90,90
"H",4,2,4,-1,2112,918
"H",4,2,4,-10,26,0
"H",4,2,4,-11,9,0
"H",4,2,4,-12,7,0
"H",4,2,4,-13,6,0
"H",4,2,4,-2,1528,458
"H",4,2,4,-3,979,201
"H",4,2,4,-4,626,72
"H",4,2,4,-5,368,30
"H",4,2,4,-6,202,12
"H",4,2,4,-7,114,3
"H",4,2,4,-8,61,1
"H",4,2,4,-9,36,1
"H",4,2,4,0,3105,1850
"H",4,2,4,1,2728,1963
"H",4,2,4,10,52,52
"H",4,2,4,11,32,32
"H",4,2,4,12,16,16
"H",4,2,4,13,8,8
"H",4,2,4,14,5,5
"H",4,2,4,15,2,2
"H",4,2,4,2,1947,1607
"H",4,2,4,3,1402,1267
"H",4,2,4,4,890,835
"H",4,2,4,5,593,571
"H",4,2,4,6,363,353
"H",4,2,4,7,247,242
"H",4,2,4,8,113,111
"H",4,2,4,9,74,74
"H",4,2,5,-1,1157,488
"H",4,2,5,-10,8,0
"H",4,2,5,-11,7,1
"H",4,2,5,-12,1,0
"H",4,2,5,-13,1,0
"H",4,2,5,-2,684,212
"H",4,2,5,-3,424,67
"H",4,2,5,-4,251,36
"H",4,2,5,-5,155,9
"H",4,2,5,-6,67,1
"H",4,2,5,-7,41,2
"H",4,2,5,-8,20,0
"H",4,2,5,-9,16,0
"H",4,2,5,0,1673,949
"H",4,2,5,1,1420,1028
"H",4,2,5,10,22,22
"H",4,2,5,11,13,13
"H",4,2,5,12,11,11
"H",4,2,5,13,4,4
"H",4,2,5,14,1,1
"H",4,2,5,2,1083,872
"H",4,2,5,3,744,656
"H",4,2,5,4,540,496
"H",4,2,5,5,375,367
"H",4,2,5,6,229,222
"H",4,2,5,7,117,116
"H",4,2,5,8,77,76
"H",4,2,5,9,36,36
"H",4,2,6,-1,1008,468
"H",4,2,6,-10,5,0
"H",4,2,6,-11,3,0
"H",4,2,6,-12,1,0
"H",4,2,6,-13,2,0
"H",4,2,6,-18,1,0
"H",4,2,6,-2,714,233
"H",4,2,6,-3,454,85
"H",4,2,6,-4,273,43
"H",4,2,6,-5,145,15
"H",4,2,6,-6,82,5
"H",4,2,6,-7,50,1
"H",4,2,6,-8,24,0
"H",4,2,6,-9,17,1
"H",4,2,6,0,1562,926
"H",4,2,6,1,1357,975
"H",4,2,6,10,28,28
"H",4,2,6,11,15,15
"H",4,2,6,12,5,5
"H",4,2,6,13,3,3
"H",4,2,6,18,1,1
"H",4,2,6,2,1056,847
"H",4,2,6,3,708,641
"H",4,2,6,4,499,465
"H",4,2,6,5,338,324
"H",4,2,6,6,219,217
"H",4,2,6,7,161,160
"H",4,2,6,8,80,78
"H",4,2,6,9,45,45
"H",4,2,7,-1,609,270
"H",4,2,7,-10,6,1
"H",4,2,7,-13,1,0
"H",4,2,7,-15,1,0
"H",4,2,7,-2,460,159
"H",4,2,7,-3,236,48
"H",4,2,7,-4,144,19
"H",4,2,7,-5,69,8
"H",4,2,7,-6,65,4
"H",4,2,7,-7,28,1
"H",4,2,7,-8,14,0
"H",4,2,7,-9,15,1
"H",4,2,7,0,965,590
"H",4,2,7,1,821,623
"H",4,2,7,10,9,9
"H",4,2,7,11,6,6
"H",4,2,7,12,5,5
"H",4,2,7,13,3,3
"H",4,2,7,14,2,2
"H",4,2,7,15,1,1
"H",4,2,7,19,1,1
"H",4,2,7,2,660,539
"H",4,2,7,3,483,428
"H",4,2,7,4,359,336
"H",4,2,7,5,210,202
"H",4,2,7,6,119,116
"H",4,2,7,7,77,76
"H",4,2,7,8,43,43
"H",4,2,7,9,28,28
"H",4,2,8,-1,656,316
"H",4,2,8,-10,4,0
"H",4,2,8,-11,4,0
"H",4,2,8,-2,426,133
"H",4,2,8,-3,286,62
"H",4,2,8,-4,162,24
"H",4,2,8,-5,95,14
"H",4,2,8,-6,51,6
"H",4,2,8,-7,40,2
"H",4,2,8,-8,18,0
"H",4,2,8,-9,12,1
"H",4,2,8,0,1024,607
"H",4,2,8,1,937,680
"H",4,2,8,10,13,13
"H",4,2,8,11,12,12
"H",4,2,8,12,6,6
"H",4,2,8,13,1,1
"H",4,2,8,2,653,545
"H",4,2,8,3,498,445
"H",4,2,8,4,364,343
"H",4,2,8,5,238,230
"H",4,2,8,6,120,116
"H",4,2,8,7,80,80
"H",4,2,8,8,48,48
"H",4,2,8,9,22,22
"H",5,0,1,-1,17978,7502
"H",5,0,1,-10,244,1
"H",5,0,1,-11,158,0
"H",5,0,1,-12,84,0
"H",5,0,1,-13,62,0
"H",5,0,1,-14,23,0
"H",5,0,1,-15,14,0
"H",5,0,1,-16,8,0
"H",5,0,1,-17,2,0
"H",5,0,1,-18,3,0
"H",5,0,1,-19,2,0
"H",5,0,1,-2,13305,3811
"H",5,0,1,-3,9237,1738
"H",5,0,1,-4,6281,722
"H",5,0,1,-5,4203,315
"H",5,0,1,-6,2463,112
"H",5,0,1,-7,1485,44
"H",5,0,1,-8,831,10
"H",5,0,1,-9,469,7
"H",5,0,1,0,22463,13220
"H",5,0,1,1,17402,12944
"H",5,0,1,10,211,211
"H",5,0,1,11,113,113
"H",5,0,1,12,61,61
"H",5,0,1,13,26,26
"H",5,0,1,14,20,20
"H",5,0,1,15,5,5
"H",5,0,1,16,3,3
"H",5,0,1,17,5,5
"H",5,0,1,18,3,3
"H",5,0,1,2,12512,10598
"H",5,0,1,3,8319,7550
"H",5,0,1,4,5331,5067
"H",5,0,1,5,3138,3041
"H",5,0,1,6,1939,1901
"H",5,0,1,7,1199,1188
"H",5,0,1,8,646,643
"H",5,0,1,9,360,357
"H",5,0,2,-1,4638,2189
"H",5,0,2,-10,68,0
"H",5,0,2,-11,30,0
"H",5,0,2,-12,25,0
"H",5,0,2,-13,10,0
"H",5,0,2,-14,5,0
"H",5,0,2,-15,4,0
"H",5,0,2,-16,2,0
"H",5,0,2,-17,1,0
"H",5,0,2,-18,2,0
"H",5,0,2,-19,1,0
"H",5,0,2,-2,3479,1184
"H",5,0,2,-3,2340,541
"H",5,0,2,-4,1603,228
"H",5,0,2,-5,1100,113
"H",5,0,2,-6,673,44
"H",5,0,2,-7,378,20
"H",5,0,2,-8,231,4
"H",5,0,2,-9,133,1
"H",5,0,2,0,5791,3660
"H",5,0,2,1,4606,3541
"H",5,0,2,10,54,54
"H",5,0,2,11,30,30
"H",5,0,2,12,18,18
"H",5,0,2,13,5,5
"H",5,0,2,14,2,2
"H",5,0,2,15,2,2
"H",5,0,2,16,2,2
"H",5,0,2,17,2,2
"H",5,0,2,18,2,2
"H",5,0,2,2,3447,3000
"H",5,0,2,3,2284,2108
"H",5,0,2,4,1531,1474
"H",5,0,2,5,893,869
"H",5,0,2,6,584,574
"H",5,0,2,7,363,361
"H",5,0,2,8,193,193
"H",5,0,2,9,104,102
"H",5,0,3,-1,1187,612
"H",5,0,3,-10,15,0
"H",5,0,3,-11,12,0
"H",5,0,3,-12,6,0
"H",5,0,3,-13,4,0
"H",5,0,3,-14,4,0
"H",5,0,3,-15,1,0
"H",5,0,3,-2,820,287
"H",5,0,3,-3,558,145
"H",5,0,3,-4,355,73
"H",5,0,3,-5,216,22
"H",5,0,3,-6,122,10
"H",5,0,3,-7,86,6
"H",5,0,3,-8,48,2
"H",5,0,3,-9,21,1
"H",5,0,3,0,1521,1028
"H",5,0,3,1,1205,952
"H",5,0,3,10,13,13
"H",5,0,3,11,10,10
"H",5,0,3,12,10,10
"H",5,0,3,13,3,3
"H",5,0,3,14,2,2
"H",5,0,3,2,1020,911
"H",5,0,3,3,766,722
"H",5,0,3,4,483,463
"H",5,0,3,5,293,286
"H",5,0,3,6,179,174
"H",5,0,3,7,107,107
"H",5,0,3,8,61,61
"H",5,0,3,9,30,30
"H",5,0,4,-1,836,491
"H",5,0,4,-10,13,0
"H",5,0,4,-11,14,0
"H",5,0,4,-12,5,0
"H",5,0,4,-13,1,0
"H",5,0,4,-14,2,0
"H",5,0,4,-15,1,0
"H",5,0,4,-17,1,0
"H",5,0,4,-18,1,0
"H",5,0,4,-2,854,366
"H",5,0,4,-3,564,170
"H",5,0,4,-4,395,86
"H",5,0,4,-5,275,41
"H",5,0,4,-6,188,19
"H",5,0,4,-7,98,9
"H",5,0,4,-8,57,1
"H",5,0,4,-9,39,0
"H",5,0,4,0,1090,755
"H",5,0,4,1,901,729
"H",5,0,4,10,22,22
"H",5,0,4,11,11,11
"H",5,0,4,12,7,7
"H",5,0,4,13,2,2
"H",5,0,4,14,1,1
"H",5,0,4,16,2,2
"H",5,0,4,18,1,1
"H",5,0,4,2,696,614
"H",5,0,4,3,494,469
"H",5,0,4,4,341,331
"H",5,0,4,5,262,255
"H",5,0,4,6,175,173
"H",5,0,4,7,113,112
"H",5,0,4,8,65,65
"H",5,0,4,9,30,29
"H",5,0,5,-1,269,144
"H",5,0,5,-10,4,0
"H",5,0,5,-11,1,0
"H",5,0,5,-2,181,77
"H",5,0,5,-3,122,36
"H",5,0,5,-4,56,16
"H",5,0,5,-5,52,5
"H",5,0,5,-6,23,3
"H",5,0,5,-7,16,0
"H",5,0,5,-8,13,2
"H",5,0,5,-9,9,0
"H",5,0,5,0,371,261
"H",5,0,5,1,363,308
"H",5,0,5,10,5,5
"H",5,0,5,11,4,4
"H",5,0,5,12,3,3
"H",5,0,5,13,2,2
"H",5,0,5,15,1,1
"H",5,0,5,2,262,230
"H",5,0,5,3,201,191
"H",5,0,5,4,144,137
"H",5,0,5,5,87,86
"H",5,0,5,6,72,71
"H",5,0,5,7,24,24
"H",5,0,5,8,21,21
"H",5,0,5,9,8,8
"H",5,0,6,-1,417,252
"H",5,0,6,-10,7,0
"H",5,0,6,-11,1,0
"H",5,0,6,-12,1,0
"H",5,0,6,-13,1,0
"H",5,0,6,-2,298,156
"H",5,0,6,-3,174,60
"H",5,0,6,-4,104,27
"H",5,0,6,-5,86,14
"H",5,0,6,-6,43,6
"H",5,0,6,-7,25,2
"H",5,0,6,-8,9,0
"H",5,0,6,-9,5,0
"H",5,0,6,0,514,363
"H",5,0,6,1,475,396
"H",5,0,6,10,7,7
"H",5,0,6,11,1,1
"H",5,0,6,12,1,1
"H",5,0,6,13,2,2
"H",5,0,6,14,2,2
"H",5,0,6,2,402,363
"H",5,0,6,3,293,278
"H",5,0,6,4,193,192
"H",5,0,6,5,133,133
"H",5,0,6,6,84,80
"H",5,0,6,7,45,45
"H",5,0,6,8,22,22
"H",5,0,6,9,10,10
"H",5,0,7,-1,216,127
"H",5,0,7,-10,2,0
"H",5,0,7,-11,1,0
"H",5,0,7,-12,2,0
"H",5,0,7,-13,1,0
"H",5,0,7,-2,158,77
"H",5,0,7,-3,119,47
"H",5,0,7,-4,81,20
"H",5,0,7,-5,50,8
"H",5,0,7,-6,33,4
"H",5,0,7,-7,23,3
"H",5,0,7,-8,13,1
"H",5,0,7,-9,7,0
"H",5,0,7,0,264,210
"H",5,0,7,1,247,211
"H",5,0,7,10,8,8
"H",5,0,7,11,3,3
"H",5,0,7,14,1,1
"H",5,0,7,2,219,199
"H",5,0,7,3,177,167
"H",5,0,7,4,128,127
"H",5,0,7,5,88,87
"H",5,0,7,6,53,53
"H",5,0,7,7,39,39
"H",5,0,7,8,15,15
"H",5,0,7,9,11,11
"H",5,0,8,-1,212,148
"H",5,0,8,-10,6,0
"H",5,0,8,-11,4,0
"H",5,0,8,-12,2,0
"H",5,0,8,-13,1,0
"H",5,0,8,-14,1,0
"H",5,0,8,-17,1,0
"H",5,0,8,-18,1,0
"H",5,0,8,-2,191,112
"H",5,0,8,-3,123,58
"H",5,0,8,-4,75,22
"H",5,0,8,-5,57,11
"H",5,0,8,-6,45,9
"H",5,0,8,-7,27,5
"H",5,0,8,-8,16,0
"H",5,0,8,-9,9,0
"H",5,0,8,0,278,222
"H",5,0,8,1,256,222
"H",5,0,8,10,6,6
"H",5,0,8,11,2,2
"H",5,0,8,12,3,3
"H",5,0,8,14,1,1
"H",5,0,8,2,229,205
"H",5,0,8,3,164,154
"H",5,0,8,4,105,105
"H",5,0,8,5,81,81
"H",5,0,8,6,49,49
"H",5,0,8,7,39,38
"H",5,0,8,8,15,15
"H",5,0,8,9,10,9
"H",5,1,1,-1,12577,4815
"H",5,1,1,-10,155,1
"H",5,1,1,-11,117,0
"H",5,1,1,-12,56,0
"H",5,1,1,-13,46,0
"H",5,1,1,-14,16,0
"H",5,1,1,-15,9,0
"H",5,1,1,-16,6,0
"H",5,1,1,-17,1,0
"H",5,1,1,-18,1,0
"H",5,1,1,-19,1,0
"H",5,1,1,-2,9181,2381
"H",5,1,1,-3,6411,1047
"H",5,1,1,-4,4385,425
"H",5,1,1,-5,2869,176
"H",5,1,1,-6,1671,58
"H",5,1,1,-7,1026,19
"H",5,1,1,-8,553,3
"H",5,1,1,-9,311,4
"H",5,1,1,0,15651,8771
"H",5,1,1,1,12355,8977
"H",5,1,1,10,168,168
"H",5,1,1,11,83,83
"H",5,1,1,12,47,47
"H",5,1,1,13,19,19
"H",5,1,1,14,21,21
"H",5,1,1,15,6,6
"H",5,1,1,16,1,1
"H",5,1,1,17,4,4
"H",5,1,1,18,1,1
"H",5,1,1,2,8926,7443
"H",5,1,1,3,6035,5409
"H",5,1,1,4,3878,3664
"H",5,1,1,5,2416,2332
"H",5,1,1,6,1427,1402
"H",5,1,1,7,917,905
"H",5,1,1,8,488,484
"H",5,1,1,9,271,270
"H",5,1,2,-1,5099,2188
"H",5,1,2,-10,81,0
"H",5,1,2,-11,47,0
"H",5,1,2,-12,25,0
"H",5,1,2,-13,22,0
"H",5,1,2,-14,3,0
"H",5,1,2,-15,4,0
"H",5,1,2,-16,4,0
"H",5,1,2,-18,1,0
"H",5,1,2,-19,1,0
"H",5,1,2,-2,3959,1207
"H",5,1,2,-3,2741,524
"H",5,1,2,-4,1928,223
"H",5,1,2,-5,1305,110
"H",5,1,2,-6,746,32
"H",5,1,2,-7,442,12
"H",5,1,2,-8,256,1
"H",5,1,2,-9,143,2
"H",5,1,2,0,6416,3750
"H",5,1,2,1,5221,3930
"H",5,1,2,10,98,98
"H",5,1,2,11,42,42
"H",5,1,2,12,32,32
"H",5,1,2,13,9,9
"H",5,1,2,14,6,6
"H",5,1,2,15,4,4
"H",5,1,2,17,5,5
"H",5,1,2,18,1,1
"H",5,1,2,2,3966,3343
"H",5,1,2,3,2788,2524
"H",5,1,2,4,1909,1810
"H",5,1,2,5,1204,1173
"H",5,1,2,6,735,725
"H",5,1,2,7,455,450
"H",5,1,2,8,278,276
"H",5,1,2,9,154,151
"H",5,1,3,-1,2397,1081
"H",5,1,3,-10,22,0
"H",5,1,3,-11,15,0
"H",5,1,3,-12,13,0
"H",5,1,3,-13,3,0
"H",5,1,3,-14,3,0
"H",5,1,3,-15,1,0
"H",5,1,3,-2,1411,444
"H",5,1,3,-3,910,167
"H",5,1,3,-4,570,88
"H",5,1,3,-5,357,34
"H",5,1,3,-6,227,15
"H",5,1,3,-7,132,6
"H",5,1,3,-8,67,1
"H",5,1,3,-9,35,1
"H",5,1,3,0,3210,2039
"H",5,1,3,1,2867,2150
"H",5,1,3,10,46,46
"H",5,1,3,11,23,23
"H",5,1,3,12,15,15
"H",5,1,3,13,2,2
"H",5,1,3,14,2,2
"H",5,1,3,15,1,1
"H",5,1,3,17,1,1
"H",5,1,3,2,2268,1981
"H",5,1,3,3,1600,1461
"H",5,1,3,4,1065,1015
"H",5,1,3,5,632,610
"H",5,1,3,6,357,348
"H",5,1,3,7,232,230
"H",5,1,3,8,133,133
"H",5,1,3,9,70,70
"H",5,1,4,-1,1550,806
"H",5,1,4,-10,26,0
"H",5,1,4,-11,15,0
"H",5,1,4,-12,10,0
"H",5,1,4,-13,2,0
"H",5,1,4,-14,1,0
"H",5,1,4,-15,1,0
"H",5,1,4,-17,1,0
"H",5,1,4,-2,1319,481
"H",5,1,4,-3,940,217
"H",5,1,4,-4,633,115
"H",5,1,4,-5,456,49
"H",5,1,4,-6,294,17
"H",5,1,4,-7,146,4
"H",5,1,4,-8,80,1
"H",5,1,4,-9,52,1
"H",5,1,4,0,1956,1258
"H",5,1,4,1,1803,1404
"H",5,1,4,10,41,41
"H",5,1,4,11,20,20
"H",5,1,4,12,19,19
"H",5,1,4,13,11,11
"H",5,1,4,14,5,5
"H",5,1,4,15,3,3
"H",5,1,4,17,1,1
"H",5,1,4,2,1464,1287
"H",5,1,4,3,1026,941
"H",5,1,4,4,776,746
"H",5,1,4,5,492,477
"H",5,1,4,6,346,340
"H",5,1,4,7,178,177
"H",5,1,4,8,129,128
"H",5,1,4,9,77,75
"H",5,1,5,-1,804,394
"H",5,1,5,-10,11,0
"H",5,1,5,-11,5,0
"H",5,1,5,-13,2,0
"H",5,1,5,-14,2,0
"H",5,1,5,-2,467,152
"H",5,1,5,-3,301,69
"H",5,1,5,-4,175,37
"H",5,1,5,-5,103,11
"H",5,1,5,-6,52,2
"H",5,1,5,-7,37,2
"H",5,1,5,-8,21,0
"H",5,1,5,-9,14,0
"H",5,1,5,0,1102,756
"H",5,1,5,1,987,775
"H",5,1,5,10,14,14
"H",5,1,5,11,13,13
"H",5,1,5,12,9,9
"H",5,1,5,16,1,1
"H",5,1,5,2,810,687
"H",5,1,5,3,655,619
"H",5,1,5,4,451,431
"H",5,1,5,5,269,265
"H",5,1,5,6,174,173
"H",5,1,5,7,99,99
"H",5,1,5,8,59,59
"H",5,1,5,9,23,23
"H",5,1,6,-1,783,408
"H",5,1,6,-10,9,0
"H",5,1,6,-11,6,0
"H",5,1,6,-13,4,0
"H",5,1,6,-16,1,0
"H",5,1,6,-2,531,203
"H",5,1,6,-3,388,103
"H",5,1,6,-4,269,48
"H",5,1,6,-5,184,27
"H",5,1,6,-6,92,6
"H",5,1,6,-7,76,5
"H",5,1,6,-8,33,0
"H",5,1,6,-9,14,0
"H",5,1,6,0,993,665
"H",5,1,6,1,885,723
"H",5,1,6,10,31,31
"H",5,1,6,11,18,18
"H",5,1,6,12,6,6
"H",5,1,6,13,1,1
"H",5,1,6,14,1,1
"H",5,1,6,2,824,719
"H",5,1,6,3,637,594
"H",5,1,6,4,417,395
"H",5,1,6,5,295,292
"H",5,1,6,6,170,165
"H",5,1,6,7,112,111
"H",5,1,6,8,81,80
"H",5,1,6,9,44,44
"H",5,1,7,-1,583,319
"H",5,1,7,-10,4,0
"H",5,1,7,-11,3,0
"H",5,1,7,-12,5,0
"H",5,1,7,-13,1,0
"H",5,1,7,-14,1,0
"H",5,1,7,-2,536,232
"H",5,1,7,-3,242,65
"H",5,1,7,-4,179,46
"H",5,1,7,-5,116,14
"H",5,1,7,-6,62,7
"H",5,1,7,-7,27,0
"H",5,1,7,-8,21,0
"H",5,1,7,-9,19,0
"H",5,1,7,0,790,576
"H",5,1,7,1,742,606
"H",5,1,7,10,20,19
"H",5,1,7,11,16,16
"H",5,1,7,12,3,3
"H",5,1,7,13,2,2
"H",5,1,7,14,1,1
"H",5,1,7,15,1,1
"H",5,1,7,17,1,1
"H",5,1,7,2,645,572
"H",5,1,7,3,483,454
"H",5,1,7,4,343,334
"H",5,1,7,5,247,243
"H",5,1,7,6,142,140
"H",5,1,7,7,91,90
"H",5,1,7,8,53,53
"H",5,1,7,9,29,29
"H",5,1,8,-1,478,272
"H",5,1,8,-10,9,0
"H",5,1,8,-11,6,0
"H",5,1,8,-12,3,0
"H",5,1,8,-13,2,0
"H",5,1,8,-2,376,170
"H",5,1,8,-3,250,84
"H",5,1,8,-4,164,43
"H",5,1,8,-5,109,17
"H",5,1,8,-6,66,7
"H",5,1,8,-7,34,2
"H",5,1,8,-8,17,0
"H",5,1,8,-9,15,1
"H",5,1,8,0,739,528
"H",5,1,8,1,743,621
"H",5,1,8,10,17,17
"H",5,1,8,11,7,7
"H",5,1,8,12,6,6
"H",5,1,8,13,2,2
"H",5,1,8,14,2,2
"H",5,1,8,15,1,1
"H",5,1,8,2,678,600
"H",5,1,8,3,502,470
"H",5,1,8,4,356,342
"H",5,1,8,5,213,211
"H",5,1,8,6,133,131
"H",5,1,8,7,80,80
"H",5,1,8,8,46,46
"H",5,1,8,9,30,30
"H",5,2,1,-1,9746,3473
"H",5,2,1,-10,107,1
"H",5,2,1,-11,79,0
"H",5,2,1,-12,42,0
"H",5,2,1,-13,34,0
"H",5,2,1,-14,14,0
"H",5,2,1,-15,6,0
"H",5,2,1,-16,4,0
"H",5,2,1,-17,1,0
"H",5,2,1,-18,1,0
"H",5,2,1,-19,1,0
"H",5,2,1,-2,6972,1619
"H",5,2,1,-3,4926,731
"H",5,2,1,-4,3263,271
"H",5,2,1,-5,2124,91
"H",5,2,1,-6,1237,42
"H",5,2,1,-7,769,12
"H",5,2,1,-8,417,3
"H",5,2,1,-9,230,2
"H",5,2,1,0,12148,6571
"H",5,2,1,1,9782,6968
"H",5,2,1,10,147,147
"H",5,2,1,11,85,85
"H",5,2,1,12,49,49
"H",5,2,1,13,25,25
"H",5,2,1,14,17,17
"H",5,2,1,15,8,8
"H",5,2,1,16,1,1
"H",5,2,1,17,1,1
"H",5,2,1,18,2,2
"H",5,2,1,2,7215,5945
"H",5,2,1,3,5007,4453
"H",5,2,1,4,3313,3144
"H",5,2,1,5,2149,2064
"H",5,2,1,6,1309,1287
"H",5,2,1,7,859,849
"H",5,2,1,8,425,422
"H",5,2,1,9,249,249
"H",5,2,2,-1,4946,1895
"H",5,2,2,-10,74,1
"H",5,2,2,-11,42,0
"H",5,2,2,-12,25,0
"H",5,2,2,-13,20,0
"H",5,2,2,-14,5,0
"H",5,2,2,-15,4,0
"H",5,2,2,-16,3,0
"H",5,2,2,-18,1,0
"H",5,2,2,-19,1,0
"H",5,2,2,-2,3780,970
"H",5,2,2,-3,2770,460
"H",5,2,2,-4,1872,179
"H",5,2,2,-5,1247,67
"H",5,2,2,-6,725,24
"H",5,2,2,-7,460,8
"H",5,2,2,-8,245,2
"H",5,2,2,-9,143,1
"H",5,2,2,0,6157,3400
"H",5,2,2,1,5209,3757
"H",5,2,2,10,117,117
"H",5,2,2,11,73,73
"H",5,2,2,12,41,41
"H",5,2,2,13,22,22
"H",5,2,2,14,15,15
"H",5,2,2,15,4,4
"H",5,2,2,16,1,1
"H",5,2,2,17,5,5
"H",5,2,2,18,3,3
"H",5,2,2,19,2,2
"H",5,2,2,2,4100,3404
"H",5,2,2,20,1,1
"H",5,2,2,3,3108,2807
"H",5,2,2,4,2130,2008
"H",5,2,2,5,1383,1330
"H",5,2,2,6,857,843
"H",5,2,2,7,587,574
"H",5,2,2,8,353,350
"H",5,2,2,9,216,215
"H",5,2,3,-1,2815,1101
"H",5,2,3,-10,28,0
"H",5,2,3,-11,19,0
"H",5,2,3,-12,12,0
"H",5,2,3,-13,2,0
"H",5,2,3,-14,1,0
"H",5,2,3,-15,2,0
"H",5,2,3,-2,1723,477
"H",5,2,3,-3,1074,181
"H",5,2,3,-4,700,70
"H",5,2,3,-5,452,32
"H",5,2,3,-6,242,18
"H",5,2,3,-7,153,1
"H",5,2,3,-8,77,1
"H",5,2,3,-9,43,1
"H",5,2,3,0,3809,2202
"H",5,2,3,1,3312,2440
"H",5,2,3,10,73,73
"H",5,2,3,11,41,41
"H",5,2,3,12,34,34
"H",5,2,3,13,14,14
"H",5,2,3,14,4,4
"H",5,2,3,15,2,2
"H",5,2,3,16,3,3
"H",5,2,3,17,2,2
"H",5,2,3,18,1,1
"H",5,2,3,2,2678,2262
"H",5,2,3,3,1945,1725
"H",5,2,3,4,1409,1335
"H",5,2,3,5,943,915
"H",5,2,3,6,604,594
"H",5,2,3,7,381,378
"H",5,2,3,8,219,218
"H",5,2,3,9,125,125
"H",5,2,4,-1,1947,847
"H",5,2,4,-10,24,0
"H",5,2,4,-11,19,0
"H",5,2,4,-12,16,0
"H",5,2,4,-13,5,0
"H",5,2,4,-14,3,0
"H",5,2,4,-15,2,0
"H",5,2,4,-16,1,0
"H",5,2,4,-18,1,0
"H",5,2,4,-2,1459,449
"H",5,2,4,-3,1108,202
"H",5,2,4,-4,712,84
"H",5,2,4,-5,499,40
"H",5,2,4,-6,307,17
"H",5,2,4,-7,177,4
"H",5,2,4,-8,86,1
"H",5,2,4,-9,58,1
"H",5,2,4,0,2628,1505
"H",5,2,4,1,2337,1727
"H",5,2,4,10,80,80
"H",5,2,4,11,47,47
"H",5,2,4,12,25,25
"H",5,2,4,13,22,22
"H",5,2,4,14,8,8
"H",5,2,4,15,4,4
"H",5,2,4,16,1,1
"H",5,2,4,17,1,1
"H",5,2,4,18,2,2
"H",5,2,4,19,1,1
"H",5,2,4,2,1965,1651
"H",5,2,4,20,1,1
"H",5,2,4,3,1510,1360
"H",5,2,4,4,1136,1085
"H",5,2,4,5,713,689
"H",5,2,4,6,496,489
"H",5,2,4,7,290,287
"H",5,2,4,8,185,184
"H",5,2,4,9,112,112
"H",5,2,5,-1,1122,463
"H",5,2,5,-10,15,0
"H",5,2,5,-11,8,0
"H",5,2,5,-12,4,0
"H",5,2,5,-13,2,0
"H",5,2,5,-14,3,0
"H",5,2,5,-2,656,191
"H",5,2,5,-3,449,66
"H",5,2,5,-4,302,32
"H",5,2,5,-5,159,9
"H",5,2,5,-6,111,5
"H",5,2,5,-7,65,2
"H",5,2,5,-8,35,0
"H",5,2,5,-9,19,0
"H",5,2,5,0,1450,858
"H",5,2,5,1,1364,988
"H",5,2,5,10,36,36
"H",5,2,5,11,24,24
"H",5,2,5,12,10,10
"H",5,2,5,13,8,8
"H",5,2,5,14,1,1
"H",5,2,5,15,2,2
"H",5,2,5,16,4,4
"H",5,2,5,18,1,1
"H",5,2,5,2,1093,903
"H",5,2,5,3,811,745
"H",5,2,5,4,578,544
"H",5,2,5,5,403,384
"H",5,2,5,6,282,278
"H",5,2,5,7,177,173
"H",5,2,5,8,111,111
"H",5,2,5,9,68,68
"H",5,2,6,-1,1009,445
"H",5,2,6,-10,17,0
"H",5,2,6,-11,7,0
"H",5,2,6,-12,1,0
"H",5,2,6,-13,3,0
"H",5,2,6,-2,666,192
"H",5,2,6,-3,494,101
"H",5,2,6,-4,308,36
"H",5,2,6,-5,210,10
"H",5,2,6,-6,117,4
"H",5,2,6,-7,79,1
"H",5,2,6,-8,45,0
"H",5,2,6,-9,25,0
"H",5,2,6,0,1256,720
"H",5,2,6,1,1211,873
"H",5,2,6,10,44,44
"H",5,2,6,11,24,24
"H",5,2,6,12,18,18
"H",5,2,6,13,4,4
"H",5,2,6,14,4,4
"H",5,2,6,17,2,2
"H",5,2,6,18,1,1
"H",5,2,6,2,1007,839
"H",5,2,6,3,861,783
"H",5,2,6,4,592,565
"H",5,2,6,5,387,375
"H",5,2,6,6,259,255
"H",5,2,6,7,174,173
"H",5,2,6,8,106,103
"H",5,2,6,9,70,70
"H",5,2,7,-1,592,288
"H",5,2,7,-10,9,0
"H",5,2,7,-11,7,0
"H",5,2,7,-12,4,0
"H",5,2,7,-13,1,0
"H",5,2,7,-14,1,0
"H",5,2,7,-19,1,0
"H",5,2,7,-2,437,138
"H",5,2,7,-3,274,52
"H",5,2,7,-4,195,34
"H",5,2,7,-5,138,11
"H",5,2,7,-6,79,6
"H",5,2,7,-7,30,2
"H",5,2,7,-8,30,1
"H",5,2,7,-9,11,0
"H",5,2,7,0,795,503
"H",5,2,7,1,734,554
"H",5,2,7,10,22,21
"H",5,2,7,11,16,16
"H",5,2,7,12,7,7
"H",5,2,7,13,3,3
"H",5,2,7,14,1,1
"H",5,2,7,15,3,3
"H",5,2,7,18,1,1
"H",5,2,7,2,620,533
"H",5,2,7,3,509,461
"H",5,2,7,4,336,320
"H",5,2,7,5,265,256
"H",5,2,7,6,177,175
"H",5,2,7,7,94,93
"H",5,2,7,8,60,60
"H",5,2,7,9,34,34
"H",5,2,8,-1,576,286
"H",5,2,8,-10,8,0
"H",5,2,8,-11,4,0
"H",5,2,8,-12,2,0
"H",5,2,8,-13,1,0
"H",5,2,8,-14,1,0
"H",5,2,8,-2,427,157
"H",5,2,8,-3,316,72
"H",5,2,8,-4,183,34
"H",5,2,8,-5,111,5
"H",5,2,8,-6,81,8
"H",5,2,8,-7,35,1
"H",5,2,8,-8,19,0
"H",5,2,8,-9,13,0
"H",5,2,8,0,892,562
"H",5,2,8,1,865,661
"H",5,2,8,10,28,27
"H",5,2,8,11,17,17
"H",5,2,8,12,7,7
"H",5,2,8,13,2,2
"H",5,2,8,14,3,3
"H",5,2,8,15,3,3
"H",5,2,8,2,793,694
"H",5,2,8,3,620,558
"H",5,2,8,4,434,413
"H",5,2,8,5,265,258
"H",5,2,8,6,187,184
"H",5,2,8,7,113,113
"H",5,2,8,8,76,76
"H",5,2,8,9,42,42
"H",6,0,1,-1,16567,6689
"H",6,0,1,-10,404,0
"H",6,0,1,-11,248,1
"H",6,0,1,-12,156,1
"H",6,0,1,-13,99,0
"H",6,0,1,-14,45,0
"H",6,0,1,-15,18,0
"H",6,0,1,-16,16,0
"H",6,0,1,-17,16,0
"H",6,0,1,-18,4,0
"H",6,0,1,-19,3,0
"H",6,0,1,-2,13217,3469
"H",6,0,1,-20,2,0
"H",6,0,1,-21,1,0
"H",6,0,1,-3,9812,1571
"H",6,0,1,-4,6816,613
"H",6,0,1,-5,4686,266
"H",6,0,1,-6,2931,89
"H",6,0,1,-7,1773,29
"H",6,0,1,-8,1095,11
"H",6,0,1,-9,618,4
"H",6,0,1,0,18939,11328
"H",6,0,1,1,15887,12335
"H",6,0,1,10,332,331
"H",6,0,1,11,202,202
"H",6,0,1,12,112,112
"H",6,0,1,13,50,50
"H",6,0,1,14,32,32
"H",6,0,1,15,20,20
"H",6,0,1,16,7,7
"H",6,0,1,17,7,7
"H",6,0,1,18,3,3
"H",6,0,1,19,2,2
"H",6,0,1,2,12203,10649
"H",6,0,1,20,1,1
"H",6,0,1,3,8865,8253
"H",6,0,1,4,6103,5889
"H",6,0,1,5,3919,3833
"H",6,0,1,6,2549,2532
"H",6,0,1,7,1637,1623
"H",6,0,1,8,931,929
"H",6,0,1,9,554,553
"H",6,0,2,-1,4438,2101
"H",6,0,2,-10,94,0
"H",6,0,2,-11,57,1
"H",6,0,2,-12,38,0
"H",6,0,2,-13,31,0
"H",6,0,2,-14,8,0
"H",6,0,2,-15,1,0
"H",6,0,2,-16,2,0
"H",6,0,2,-17,6,0
"H",6,0,2,-18,1,0
"H",6,0,2,-2,3583,1147
"H",6,0,2,-21,1,0
"H",6,0,2,-3,2586,556
"H",6,0,2,-4,1826,239
"H",6,0,2,-5,1260,112
"H",6,0,2,-6,802,36
"H",6,0,2,-7,462,13
"H",6,0,2,-8,303,4
"H",6,0,2,-9,153,1
"H",6,0,2,0,5040,3249
"H",6,0,2,1,4255,3421
"H",6,0,2,10,96,95
"H",6,0,2,11,73,73
"H",6,0,2,12,36,36
"H",6,0,2,13,15,15
"H",6,0,2,14,8,8
"H",6,0,2,15,4,4
"H",6,0,2,16,3,3
"H",6,0,2,17,3,3
"H",6,0,2,18,1,1
"H",6,0,2,19,1,1
"H",6,0,2,2,3381,3000
"H",6,0,2,3,2456,2297
"H",6,0,2,4,1685,1637
"H",6,0,2,5,1093,1070
"H",6,0,2,6,768,761
"H",6,0,2,7,453,449
"H",6,0,2,8,298,297
"H",6,0,2,9,178,178
"H",6,0,3,-1,1108,560
"H",6,0,3,-10,28,0
"H",6,0,3,-11,15,0
"H",6,0,3,-12,16,0
"H",6,0,3,-13,5,0
"H",6,0,3,-14,3,0
"H",6,0,3,-15,2,0
"H",6,0,3,-16,1,0
"H",6,0,3,-17,1,0
"H",6,0,3,-18,1,0
"H",6,0,3,-2,821,290
"H",6,0,3,-3,631,137
"H",6,0,3,-4,428,54
"H",6,0,3,-5,257,14
"H",6,0,3,-6,182,11
"H",6,0,3,-7,102,4
"H",6,0,3,-8,76,1
"H",6,0,3,-9,39,1
"H",6,0,3,0,1252,870
"H",6,0,3,1,1213,1003
"H",6,0,3,10,32,32
"H",6,0,3,11,22,22
"H",6,0,3,12,14,14
"H",6,0,3,13,4,4
"H",6,0,3,14,3,3
"H",6,0,3,15,3,3
"H",6,0,3,16,1,1
"H",6,0,3,2,963,868
"H",6,0,3,3,749,708
"H",6,0,3,4,486,475
"H",6,0,3,5,320,316
"H",6,0,3,6,207,205
"H",6,0,3,7,116,115
"H",6,0,3,8,86,86
"H",6,0,3,9,50,50
"H",6,0,4,-1,890,522
"H",6,0,4,-10,25,0
"H",6,0,4,-11,19,0
"H",6,0,4,-12,20,0
"H",6,0,4,-13,4,0
"H",6,0,4,-14,2,0
"H",6,0,4,-16,2,0
"H",6,0,4,-17,1,0
"H",6,0,4,-2,906,364
"H",6,0,4,-3,711,228
"H",6,0,4,-4,490,105
"H",6,0,4,-5,312,40
"H",6,0,4,-6,205,16
"H",6,0,4,-7,121,3
"H",6,0,4,-8,82,0
"H",6,0,4,-9,38,1
"H",6,0,4,0,922,659
"H",6,0,4,1,839,706
"H",6,0,4,10,25,25
"H",6,0,4,11,19,19
"H",6,0,4,12,11,11
"H",6,0,4,13,1,1
"H",6,0,4,15,1,1
"H",6,0,4,2,724,651
"H",6,0,4,3,492,477
"H",6,0,4,4,409,402
"H",6,0,4,5,264,259
"H",6,0,4,6,194,193
"H",6,0,4,7,122,122
"H",6,0,4,8,89,89
"H",6,0,4,9,54,54
"H",6,0,5,-1,233,143
"H",6,0,5,-10,8,0
"H",6,0,5,-11,4,0
"H",6,0,5,-12,2,1
"H",6,0,5,-17,1,0
"H",6,0,5,-2,212,84
"H",6,0,5,-3,141,44
"H",6,0,5,-4,97,19
"H",6,0,5,-5,67,7
"H",6,0,5,-6,44,3
"H",6,0,5,-7,24,0
"H",6,0,5,-8,11,0
"H",6,0,5,-9,9,0
"H",6,0,5,0,282,221
"H",6,0,5,1,304,257
"H",6,0,5,10,9,9
"H",6,0,5,11,9,9
"H",6,0,5,12,6,6
"H",6,0,5,14,1,1
"H",6,0,5,2,271,252
"H",6,0,5,3,195,187
"H",6,0,5,4,132,130
"H",6,0,5,5,103,98
"H",6,0,5,6,67,67
"H",6,0,5,7,43,43
"H",6,0,5,8,33,33
"H",6,0,5,9,27,27
"H",6,0,6,-1,428,276
"H",6,0,6,-10,14,0
"H",6,0,6,-11,7,0
"H",6,0,6,-12,2,0
"H",6,0,6,-13,1,0
"H",6,0,6,-16,1,0
"H",6,0,6,-17,2,0
"H",6,0,6,-2,328,159
"H",6,0,6,-3,209,53
"H",6,0,6,-4,157,29
"H",6,0,6,-5,105,13
"H",6,0,6,-6,63,3
"H",6,0,6,-7,28,1
"H",6,0,6,-8,25,1
"H",6,0,6,-9,16,0
"H",6,0,6,0,473,352
"H",6,0,6,1,390,340
"H",6,0,6,10,16,16
"H",6,0,6,11,14,14
"H",6,0,6,12,6,6
"H",6,0,6,13,1,1
"H",6,0,6,14,1,1
"H",6,0,6,2,340,314
"H",6,0,6,3,236,226
"H",6,0,6,4,183,181
"H",6,0,6,5,115,115
"H",6,0,6,6,106,106
"H",6,0,6,7,58,57
"H",6,0,6,8,40,40
"H",6,0,6,9,19,19
"H",6,0,7,-1,212,138
"H",6,0,7,-10,5,0
"H",6,0,7,-11,3,0
"H",6,0,7,-12,4,0
"H",6,0,7,-13,1,0
"H",6,0,7,-15,1,0
"H",6,0,7,-2,191,79
"H",6,0,7,-3,134,48
"H",6,0,7,-4,91,28
"H",6,0,7,-5,72,14
"H",6,0,7,-6,38,3
"H",6,0,7,-7,27,0
"H",6,0,7,-8,16,1
"H",6,0,7,-9,6,1
"H",6,0,7,0,226,187
"H",6,0,7,1,228,200
"H",6,0,7,10,9,9
"H",6,0,7,11,5,5
"H",6,0,7,12,8,8
"H",6,0,7,13,2,2
"H",6,0,7,2,185,176
"H",6,0,7,3,148,141
"H",6,0,7,4,90,89
"H",6,0,7,5,82,81
"H",6,0,7,6,61,60
"H",6,0,7,7,37,37
"H",6,0,7,8,24,24
"H",6,0,7,9,24,24
"H",6,0,8,-1,222,156
"H",6,0,8,-10,5,0
"H",6,0,8,-11,3,0
"H",6,0,8,-12,2,0
"H",6,0,8,-13,2,0
"H",6,0,8,-2,195,93
"H",6,0,8,-3,138,64
"H",6,0,8,-4,107,38
"H",6,0,8,-5,59,11
"H",6,0,8,-6,42,3
"H",6,0,8,-7,20,2
"H",6,0,8,-8,15,0
"H",6,0,8,-9,2,0
"H",6,0,8,0,271,208
"H",6,0,8,1,251,224
"H",6,0,8,10,5,5
"H",6,0,8,11,5,5
"H",6,0,8,12,2,2
"H",6,0,8,2,211,205
"H",6,0,8,3,152,150
"H",6,0,8,4,130,129
"H",6,0,8,5,69,69
"H",6,0,8,6,57,57
"H",6,0,8,7,37,37
"H",6,0,8,8,24,24
"H",6,0,8,9,20,20
"H",6,1,1,-1,11501,4158
"H",6,1,1,-10,285,0
"H",6,1,1,-11,171,0
"H",6,1,1,-12,100,0
"H",6,1,1,-13,64,0
"H",6,1,1,-14,34,0
"H",6,1,1,-15,16,0
"H",6,1,1,-16,13,0
"H",6,1,1,-17,9,0
"H",6,1,1,-18,2,0
"H",6,1,1,-19,3,0
"H",6,1,1,-2,8991,2046
"H",6,1,1,-20,2,0
"H",6,1,1,-3,6706,869
"H",6,1,1,-4,4639,318
"H",6,1,1,-5,3181,135
"H",6,1,1,-6,1969,42
"H",6,1,1,-7,1215,15
"H",6,1,1,-8,718,6
"H",6,1,1,-9,422,2
"H",6,1,1,0,13285,7497
"H",6,1,1,1,11166,8459
"H",6,1,1,10,261,261
"H",6,1,1,11,142,142
"H",6,1,1,12,94,94
"H",6,1,1,13,43,43
"H",6,1,1,14,29,29
"H",6,1,1,15,13,13
"H",6,1,1,16,6,6
"H",6,1,1,17,6,6
"H",6,1,1,18,2,2
"H",6,1,1,19,1,1
"H",6,1,1,2,8586,7408
"H",6,1,1,20,1,1
"H",6,1,1,3,6298,5837
"H",6,1,1,4,4471,4301
"H",6,1,1,5,2871,2806
"H",6,1,1,6,1817,1804
"H",6,1,1,7,1225,1216
"H",6,1,1,8,690,689
"H",6,1,1,9,408,407
"H",6,1,2,-1,4882,2041
"H",6,1,2,-10,109,0
"H",6,1,2,-11,80,0
"H",6,1,2,-12,39,0
"H",6,1,2,-13,38,0
"H",6,1,2,-14,13,0
"H",6,1,2,-15,3,0
"H",6,1,2,-16,9,0
"H",6,1,2,-17,6,0
"H",6,1,2,-18,1,0
"H",6,1,2,-19,1,0
"H",6,1,2,-2,4061,1125
"H",6,1,2,-21,1,0
"H",6,1,2,-3,3069,495
"H",6,1,2,-4,2189,187
"H",6,1,2,-5,1429,88
"H",6,1,2,-6,940,34
"H",6,1,2,-7,574,11
"H",6,1,2,-8,337,1
"H",6,1,2,-9,168,1
"H",6,1,2,0,5535,3346
"H",6,1,2,1,4775,3734
"H",6,1,2,10,142,141
"H",6,1,2,11,80,80
"H",6,1,2,12,49,49
"H",6,1,2,13,26,26
"H",6,1,2,14,15,15
"H",6,1,2,15,9,9
"H",6,1,2,16,6,6
"H",6,1,2,17,5,5
"H",6,1,2,18,1,1
"H",6,1,2,19,1,1
"H",6,1,2,2,3826,3327
"H",6,1,2,3,2916,2721
"H",6,1,2,4,2054,1987
"H",6,1,2,5,1334,1311
"H",6,1,2,6,887,881
"H",6,1,2,7,652,645
"H",6,1,2,8,379,378
"H",6,1,2,9,248,247
"H",6,1,3,-1,2331,1017
"H",6,1,3,-10,38,0
"H",6,1,3,-11,21,0
"H",6,1,3,-12,10,0
"H",6,1,3,-13,6,0
"H",6,1,3,-14,5,0
"H",6,1,3,-15,3,0
"H",6,1,3,-16,1,0
"H",6,1,3,-2,1314,388
"H",6,1,3,-3,950,154
"H",6,1,3,-4,673,67
"H",6,1,3,-5,447,25
"H",6,1,3,-6,283,13
"H",6,1,3,-7,165,3
"H",6,1,3,-8,101,1
"H",6,1,3,-9,61,0
"H",6,1,3,0,2942,1839
"H",6,1,3,1,2552,2024
"H",6,1,3,10,74,74
"H",6,1,3,11,42,42
"H",6,1,3,12,24,24
"H",6,1,3,13,15,15
"H",6,1,3,14,9,9
"H",6,1,3,15,6,6
"H",6,1,3,17,2,2
"H",6,1,3,19,1,1
"H",6,1,3,2,2077,1840
"H",6,1,3,20,1,1
"H",6,1,3,3,1653,1560
"H",6,1,3,4,1095,1068
"H",6,1,3,5,785,769
"H",6,1,3,6,488,484
"H",6,1,3,7,310,308
"H",6,1,3,8,179,178
"H",6,1,3,9,109,109
"H",6,1,4,-1,1682,850
"H",6,1,4,-10,45,0
"H",6,1,4,-11,23,0
"H",6,1,4,-12,18,0
"H",6,1,4,-13,9,0
"H",6,1,4,-14,5,0
"H",6,1,4,-15,4,0
"H",6,1,4,-16,5,0
"H",6,1,4,-17,2,0
"H",6,1,4,-2,1378,475
"H",6,1,4,-3,1047,207
"H",6,1,4,-4,805,109
"H",6,1,4,-5,520,46
"H",6,1,4,-6,355,22
"H",6,1,4,-7,198,5
"H",6,1,4,-8,106,0
"H",6,1,4,-9,62,0
"H",6,1,4,0,1956,1262
"H",6,1,4,1,1757,1439
"H",6,1,4,10,77,77
"H",6,1,4,11,41,41
"H",6,1,4,12,30,30
"H",6,1,4,13,9,9
"H",6,1,4,14,4,4
"H",6,1,4,15,3,3
"H",6,1,4,16,3,3
"H",6,1,4,17,3,3
"H",6,1,4,2,1416,1232
"H",6,1,4,3,1094,1020
"H",6,1,4,4,796,773
"H",6,1,4,5,600,588
"H",6,1,4,6,407,403
"H",6,1,4,7,275,273
"H",6,1,4,8,165,164
"H",6,1,4,9,112,111
"H",6,1,5,-1,747,387
"H",6,1,5,-10,16,0
"H",6,1,5,-11,11,1
"H",6,1,5,-12,3,1
"H",6,1,5,-13,2,0
"H",6,1,5,-17,1,0
"H",6,1,5,-18,1,0
"H",6,1,5,-2,494,160
"H",6,1,5,-3,339,62
"H",6,1,5,-4,222,25
"H",6,1,5,-5,125,6
"H",6,1,5,-6,86,4
"H",6,1,5,-7,45,1
"H",6,1,5,-8,31,0
"H",6,1,5,-9,16,0
"H",6,1,5,0,931,652
"H",6,1,5,1,970,798
"H",6,1,5,10,30,30
"H",6,1,5,11,13,13
"H",6,1,5,12,7,7
"H",6,1,5,13,8,8
"H",6,1,5,14,5,5
"H",6,1,5,15,3,3
"H",6,1,5,16,1,1
"H",6,1,5,2,775,695
"H",6,1,5,3,606,575
"H",6,1,5,4,439,430
"H",6,1,5,5,317,309
"H",6,1,5,6,189,185
"H",6,1,5,7,124,124
"H",6,1,5,8,90,90
"H",6,1,5,9,53,53
"H",6,1,6,-1,774,404
"H",6,1,6,-10,14,0
"H",6,1,6,-11,14,0
"H",6,1,6,-12,5,0
"H",6,1,6,-13,5,0
"H",6,1,6,-14,5,0
"H",6,1,6,-15,1,0
"H",6,1,6,-16,1,0
"H",6,1,6,-2,587,231
"H",6,1,6,-3,420,110
"H",6,1,6,-4,296,36
"H",6,1,6,-5,187,19
"H",6,1,6,-6,120,6
"H",6,1,6,-7,67,0
"H",6,1,6,-8,41,0
"H",6,1,6,-9,28,0
"H",6,1,6,0,998,716
"H",6,1,6,1,933,766
"H",6,1,6,10,45,45
"H",6,1,6,11,23,23
"H",6,1,6,12,10,10
"H",6,1,6,13,7,7
"H",6,1,6,14,5,5
"H",6,1,6,15,1,1
"H",6,1,6,16,1,1
"H",6,1,6,17,1,1
"H",6,1,6,2,770,700
"H",6,1,6,3,595,568
"H",6,1,6,4,428,422
"H",6,1,6,5,299,294
"H",6,1,6,6,227,226
"H",6,1,6,7,134,133
"H",6,1,6,8,74,73
"H",6,1,6,9,49,49
"H",6,1,7,-1,642,373
"H",6,1,7,-10,8,0
"H",6,1,7,-11,9,0
"H",6,1,7,-12,6,0
"H",6,1,7,-13,1,0
"H",6,1,7,-15,2,0
"H",6,1,7,-16,1,0
"H",6,1,7,-2,542,217
"H",6,1,7,-3,325,95
"H",6,1,7,-4,185,31
"H",6,1,7,-5,117,9
"H",6,1,7,-6,72,4
"H",6,1,7,-7,61,4
"H",6,1,7,-8,33,2
"H",6,1,7,-9,22,0
"H",6,1,7,0,704,529
"H",6,1,7,1,736,626
"H",6,1,7,10,25,25
"H",6,1,7,11,21,21
"H",6,1,7,12,13,13
"H",6,1,7,13,7,7
"H",6,1,7,14,1,1
"H",6,1,7,15,2,2
"H",6,1,7,18,1,1
"H",6,1,7,2,599,548
"H",6,1,7,3,495,466
"H",6,1,7,4,348,342
"H",6,1,7,5,252,250
"H",6,1,7,6,186,185
"H",6,1,7,7,106,106
"H",6,1,7,8,62,62
"H",6,1,7,9,56,55
"H",6,1,8,-1,576,347
"H",6,1,8,-10,5,0
"H",6,1,8,-11,6,0
"H",6,1,8,-12,4,0
"H",6,1,8,-13,4,0
"H",6,1,8,-14,2,0
"H",6,1,8,-15,1,0
"H",6,1,8,-16,1,0
"H",6,1,8,-2,390,167
"H",6,1,8,-3,289,88
"H",6,1,8,-4,198,42
"H",6,1,8,-5,119,20
"H",6,1,8,-6,96,8
"H",6,1,8,-7,41,1
"H",6,1,8,-8,33,0
"H",6,1,8,-9,9,0
"H",6,1,8,0,855,623
"H",6,1,8,1,758,645
"H",6,1,8,10,17,17
"H",6,1,8,11,9,9
"H",6,1,8,12,17,17
"H",6,1,8,13,5,5
"H",6,1,8,14,4,4
"H",6,1,8,18,1,1
"H",6,1,8,2,682,627
"H",6,1,8,3,484,464
"H",6,1,8,4,337,333
"H",6,1,8,5,230,228
"H",6,1,8,6,180,179
"H",6,1,8,7,117,117
"H",6,1,8,8,64,63
"H",6,1,8,9,42,42
"H",6,2,1,-1,8738,2833
"H",6,2,1,-10,215,1
"H",6,2,1,-11,115,1
"H",6,2,1,-12,83,0
"H",6,2,1,-13,46,0
"H",6,2,1,-14,22,0
"H",6,2,1,-15,11,0
"H",6,2,1,-16,4,0
"H",6,2,1,-17,7,0
"H",6,2,1,-18,1,0
"H",6,2,1,-19,2,0
"H",6,2,1,-2,6808,1329
"H",6,2,1,-20,2,0
"H",6,2,1,-3,4997,546
"H",6,2,1,-4,3355,195
"H",6,2,1,-5,2348,77
"H",6,2,1,-6,1424,21
"H",6,2,1,-7,874,10
"H",6,2,1,-8,536,5
"H",6,2,1,-9,338,1
"H",6,2,1,0,10281,5532
"H",6,2,1,1,8753,6472
"H",6,2,1,10,249,249
"H",6,2,1,11,153,153
"H",6,2,1,12,85,85
"H",6,2,1,13,41,41
"H",6,2,1,14,29,29
"H",6,2,1,15,16,16
"H",6,2,1,16,6,6
"H",6,2,1,17,7,7
"H",6,2,1,18,2,2
"H",6,2,1,2,6918,5915
"H",6,2,1,3,5112,4698
"H",6,2,1,4,3639,3493
"H",6,2,1,5,2415,2355
"H",6,2,1,6,1596,1580
"H",6,2,1,7,1038,1031
"H",6,2,1,8,620,620
"H",6,2,1,9,365,365
"H",6,2,2,-1,4642,1609
"H",6,2,2,-10,119,0
"H",6,2,2,-11,75,1
"H",6,2,2,-12,47,0
"H",6,2,2,-13,34,0
"H",6,2,2,-14,13,0
"H",6,2,2,-15,4,0
"H",6,2,2,-16,5,0
"H",6,2,2,-17,5,0
"H",6,2,2,-18,1,0
"H",6,2,2,-2,3906,855
"H",6,2,2,-3,2934,375
"H",6,2,2,-4,2028,152
"H",6,2,2,-5,1330,62
"H",6,2,2,-6,869,14
"H",6,2,2,-7,523,6
"H",6,2,2,-8,368,1
"H",6,2,2,-9,163,0
"H",6,2,2,0,5477,3017
"H",6,2,2,1,4809,3619
"H",6,2,2,10,181,180
"H",6,2,2,11,102,102
"H",6,2,2,12,67,67
"H",6,2,2,13,33,33
"H",6,2,2,14,17,17
"H",6,2,2,15,16,16
"H",6,2,2,16,7,7
"H",6,2,2,17,6,6
"H",6,2,2,18,1,1
"H",6,2,2,19,1,1
"H",6,2,2,2,3908,3394
"H",6,2,2,3,2945,2710
"H",6,2,2,4,2184,2101
"H",6,2,2,5,1516,1483
"H",6,2,2,6,1021,1014
"H",6,2,2,7,748,741
"H",6,2,2,8,510,509
"H",6,2,2,9,282,282
"H",6,2,3,-1,2571,962
"H",6,2,3,-10,52,0
"H",6,2,3,-11,30,0
"H",6,2,3,-12,9,0
"H",6,2,3,-13,8,0
"H",6,2,3,-14,3,0
"H",6,2,3,-15,4,0
"H",6,2,3,-16,1,0
"H",6,2,3,-19,1,0
"H",6,2,3,-2,1598,375
"H",6,2,3,-3,1137,132
"H",6,2,3,-4,765,59
"H",6,2,3,-5,499,24
"H",6,2,3,-6,338,6
"H",6,2,3,-7,174,2
"H",6,2,3,-8,125,1
"H",6,2,3,-9,84,1
"H",6,2,3,0,3043,1765
"H",6,2,3,1,2877,2183
"H",6,2,3,10,104,104
"H",6,2,3,11,78,78
"H",6,2,3,12,33,33
"H",6,2,3,13,16,16
"H",6,2,3,14,15,15
"H",6,2,3,15,7,7
"H",6,2,3,16,4,4
"H",6,2,3,17,1,1
"H",6,2,3,18,1,1
"H",6,2,3,19,2,2
"H",6,2,3,2,2565,2225
"H",6,2,3,20,2,2
"H",6,2,3,22,1,1
"H",6,2,3,3,2040,1909
"H",6,2,3,4,1389,1341
"H",6,2,3,5,1043,1022
"H",6,2,3,6,631,625
"H",6,2,3,7,439,437
"H",6,2,3,8,301,301
"H",6,2,3,9,197,197
"H",6,2,4,-1,1970,797
"H",6,2,4,-10,49,0
"H",6,2,4,-11,37,0
"H",6,2,4,-12,20,0
"H",6,2,4,-13,13,0
"H",6,2,4,-14,3,0
"H",6,2,4,-15,2,0
"H",6,2,4,-16,3,0
"H",6,2,4,-17,1,0
"H",6,2,4,-2,1630,458
"H",6,2,4,-3,1210,163
"H",6,2,4,-4,868,79
"H",6,2,4,-5,581,32
"H",6,2,4,-6,371,9
"H",6,2,4,-7,208,3
"H",6,2,4,-8,113,0
"H",6,2,4,-9,59,0
"H",6,2,4,0,2494,1473
"H",6,2,4,1,2371,1809
"H",6,2,4,10,98,98
"H",6,2,4,11,70,70
"H",6,2,4,12,38,38
"H",6,2,4,13,25,25
"H",6,2,4,14,12,12
"H",6,2,4,15,11,11
"H",6,2,4,16,2,2
"H",6,2,4,17,4,4
"H",6,2,4,18,3,3
"H",6,2,4,19,1,1
"H",6,2,4,2,1955,1700
"H",6,2,4,20,1,1
"H",6,2,4,21,1,1
"H",6,2,4,3,1529,1413
"H",6,2,4,4,1115,1071
"H",6,2,4,5,778,759
"H",6,2,4,6,540,535
"H",6,2,4,7,369,366
"H",6,2,4,8,264,263
"H",6,2,4,9,140,139
"H",6,2,5,-1,1047,397
"H",6,2,5,-10,13,0
"H",6,2,5,-11,9,0
"H",6,2,5,-12,4,0
"H",6,2,5,-13,1,0
"H",6,2,5,-14,1,0
"H",6,2,5,-17,2,0
"H",6,2,5,-18,1,0
"H",6,2,5,-19,1,0
"H",6,2,5,-2,675,154
"H",6,2,5,-3,492,66
"H",6,2,5,-4,341,26
"H",6,2,5,-5,212,9
"H",6,2,5,-6,129,3
"H",6,2,5,-7,81,1
"H",6,2,5,-8,36,0
"H",6,2,5,-9,26,0
"H",6,2,5,0,1202,703
"H",6,2,5,1,1230,948
"H",6,2,5,10,58,57
"H",6,2,5,11,30,30
"H",6,2,5,12,16,16
"H",6,2,5,13,10,10
"H",6,2,5,14,6,6
"H",6,2,5,15,3,3
"H",6,2,5,16,5,5
"H",6,2,5,2,967,836
"H",6,2,5,3,831,770
"H",6,2,5,4,634,615
"H",6,2,5,5,400,386
"H",6,2,5,6,281,278
"H",6,2,5,7,192,190
"H",6,2,5,8,145,143
"H",6,2,5,9,82,82
"H",6,2,6,-1,998,425
"H",6,2,6,-10,22,0
"H",6,2,6,-11,9,0
"H",6,2,6,-12,12,0
"H",6,2,6,-13,3,0
"H",6,2,6,-14,3,0
"H",6,2,6,-15,1,0
"H",6,2,6,-16,1,0
"H",6,2,6,-2,719,196
"H",6,2,6,-3,505,94
"H",6,2,6,-4,415,29
"H",6,2,6,-5,254,11
"H",6,2,6,-6,158,5
"H",6,2,6,-7,77,1
"H",6,2,6,-8,52,0
"H",6,2,6,-9,33,0
"H",6,2,6,0,1170,713
"H",6,2,6,1,1204,940
"H",6,2,6,10,58,58
"H",6,2,6,11,32,32
"H",6,2,6,12,18,18
"H",6,2,6,13,6,6
"H",6,2,6,14,7,7
"H",6,2,6,15,5,5
"H",6,2,6,16,4,4
"H",6,2,6,17,1,1
"H",6,2,6,19,1,1
"H",6,2,6,2,1021,891
"H",6,2,6,20,2,2
"H",6,2,6,3,752,698
"H",6,2,6,4,568,551
"H",6,2,6,5,433,425
"H",6,2,6,6,296,292
"H",6,2,6,7,205,200
"H",6,2,6,8,119,119
"H",6,2,6,9,70,70
"H",6,2,7,-1,590,257
"H",6,2,7,-10,11,0
"H",6,2,7,-11,6,0
"H",6,2,7,-12,3,0
"H",6,2,7,-13,5,0
"H",6,2,7,-14,1,0
"H",6,2,7,-16,1,0
"H",6,2,7,-2,484,138
"H",6,2,7,-3,312,59
"H",6,2,7,-4,221,22
"H",6,2,7,-5,162,7
"H",6,2,7,-6,84,2
"H",6,2,7,-7,57,0
"H",6,2,7,-8,41,1
"H",6,2,7,-9,19,0
"H",6,2,7,0,630,417
"H",6,2,7,1,730,568
"H",6,2,7,10,42,42
"H",6,2,7,11,25,25
"H",6,2,7,12,14,14
"H",6,2,7,13,10,10
"H",6,2,7,14,3,3
"H",6,2,7,15,1,1
"H",6,2,7,17,1,1
"H",6,2,7,2,632,556
"H",6,2,7,20,1,1
"H",6,2,7,3,516,479
"H",6,2,7,4,383,373
"H",6,2,7,5,263,260
"H",6,2,7,6,207,204
"H",6,2,7,7,106,106
"H",6,2,7,8,78,78
"H",6,2,7,9,55,55
"H",6,2,8,-1,680,316
"H",6,2,8,-10,10,0
"H",6,2,8,-11,8,0
"H",6,2,8,-12,3,0
"H",6,2,8,-13,3,0
"H",6,2,8,-14,2,0
"H",6,2,8,-2,488,147
"H",6,2,8,-3,336,65
"H",6,2,8,-4,204,25
"H",6,2,8,-5,150,9
"H",6,2,8,-6,96,2
"H",6,2,8,-7,47,0
"H",6,2,8,-8,30,0
"H",6,2,8,-9,19,0
"H",6,2,8,0,955,617
"H",6,2,8,1,862,676
"H",6,2,8,10,36,36
"H",6,2,8,11,20,20
"H",6,2,8,12,17,17
"H",6,2,8,13,8,8
"H",6,2,8,14,4,4
"H",6,2,8,15,2,2
"H",6,2,8,16,4,4
"H",6,2,8,17,2,2
"H",6,2,8,18,2,2
"H",6,2,8,2,754,668
"H",6,2,8,3,561,529
"H",6,2,8,4,418,403
"H",6,2,8,5,311,305
"H",6,2,8,6,225,224
"H",6,2,8,7,128,128
"H",6,2,8,8,95,95
"H",6,2,8,9,58,58
"H",7,0,1,-1,15168,5415
"H",7,0,1,-10,523,1
"H",7,0,1,-11,329,0
"H",7,0,1,-12,226,1
"H",7,0,1,-13,112,0
"H",7,0,1,-14,78,0
"H",7,0,1,-15,44,0
"H",7,0,1,-16,22,0
"H",7,0,1,-17,22,0
"H",7,0,1,-18,6,0
"H",7,0,1,-19,8,0
"H",7,0,1,-2,12492,2699
"H",7,0,1,-20,2,0
"H",7,0,1,-21,1,0
"H",7,0,1,-22,2,0
"H",7,0,1,-24,1,0
"H",7,0,1,-3,9527,1100
"H",7,0,1,-4,6911,426
"H",7,0,1,-5,5014,188
"H",7,0,1,-6,3398,51
"H",7,0,1,-7,2164,20
"H",7,0,1,-8,1394,9
"H",7,0,1,-9,804,0
"H",7,0,1,0,16740,10176
"H",7,0,1,1,14935,12267
"H",7,0,1,10,509,508
"H",7,0,1,11,326,326
"H",7,0,1,12,169,169
"H",7,0,1,13,104,104
"H",7,0,1,14,54,54
"H",7,0,1,15,34,34
"H",7,0,1,16,19,19
"H",7,0,1,17,11,11
"H",7,0,1,18,6,6
"H",7,0,1,19,3,3
"H",7,0,1,2,11988,10917
"H",7,0,1,20,1,1
"H",7,0,1,21,2,2
"H",7,0,1,22,1,1
"H",7,0,1,3,9069,8676
"H",7,0,1,4,6524,6376
"H",7,0,1,5,4414,4373
"H",7,0,1,6,2973,2957
"H",7,0,1,7,1943,1939
"H",7,0,1,8,1280,1278
"H",7,0,1,9,779,779
"H",7,0,2,-1,4132,1777
"H",7,0,2,-10,130,0
"H",7,0,2,-11,74,0
"H",7,0,2,-12,65,0
"H",7,0,2,-13,29,0
"H",7,0,2,-14,24,0
"H",7,0,2,-15,10,0
"H",7,0,2,-16,7,0
"H",7,0,2,-17,5,0
"H",7,0,2,-18,2,0
"H",7,0,2,-19,3,0
"H",7,0,2,-2,3316,972
"H",7,0,2,-22,1,0
"H",7,0,2,-3,2539,445
"H",7,0,2,-4,1871,150
"H",7,0,2,-5,1364,71
"H",7,0,2,-6,926,19
"H",7,0,2,-7,596,10
"H",7,0,2,-8,374,3
"H",7,0,2,-9,207,0
"H",7,0,2,0,4587,3037
"H",7,0,2,1,4043,3447
"H",7,0,2,10,135,135
"H",7,0,2,11,111,111
"H",7,0,2,12,47,47
"H",7,0,2,13,28,28
"H",7,0,2,14,15,15
"H",7,0,2,15,8,8
"H",7,0,2,16,5,5
"H",7,0,2,17,6,6
"H",7,0,2,18,1,1
"H",7,0,2,19,1,1
"H",7,0,2,2,3303,3075
"H",7,0,2,22,1,1
"H",7,0,2,3,2551,2464
"H",7,0,2,4,1835,1797
"H",7,0,2,5,1228,1220
"H",7,0,2,6,902,899
"H",7,0,2,7,577,576
"H",7,0,2,8,346,345
"H",7,0,2,9,225,225
"H",7,0,3,-1,894,471
"H",7,0,3,-10,35,0
"H",7,0,3,-11,19,0
"H",7,0,3,-12,10,1
"H",7,0,3,-13,2,0
"H",7,0,3,-14,9,0
"H",7,0,3,-15,5,0
"H",7,0,3,-16,2,0
"H",7,0,3,-17,2,0
"H",7,0,3,-2,723,217
"H",7,0,3,-3,570,87
"H",7,0,3,-4,426,48
"H",7,0,3,-5,272,19
"H",7,0,3,-6,196,9
"H",7,0,3,-7,110,1
"H",7,0,3,-8,74,0
"H",7,0,3,-9,47,0
"H",7,0,3,0,1086,796
"H",7,0,3,1,1031,903
"H",7,0,3,10,47,47
"H",7,0,3,11,22,22
"H",7,0,3,12,19,19
"H",7,0,3,13,7,7
"H",7,0,3,14,6,6
"H",7,0,3,15,4,4
"H",7,0,3,17,2,2
"H",7,0,3,18,2,2
"H",7,0,3,2,861,798
"H",7,0,3,21,1,1
"H",7,0,3,22,1,1
"H",7,0,3,3,676,653
"H",7,0,3,4,582,573
"H",7,0,3,5,400,400
"H",7,0,3,6,273,272
"H",7,0,3,7,187,187
"H",7,0,3,8,126,126
"H",7,0,3,9,68,68
"H",7,0,4,-1,713,392
"H",7,0,4,-10,35,0
"H",7,0,4,-11,15,0
"H",7,0,4,-12,14,0
"H",7,0,4,-13,10,0
"H",7,0,4,-14,10,0
"H",7,0,4,-15,1,0
"H",7,0,4,-16,2,0
"H",7,0,4,-17,1,0
"H",7,0,4,-19,2,0
"H",7,0,4,-2,848,319
"H",7,0,4,-3,688,187
"H",7,0,4,-4,462,47
"H",7,0,4,-5,347,28
"H",7,0,4,-6,234,7
"H",7,0,4,-7,146,5
"H",7,0,4,-8,90,2
"H",7,0,4,-9,56,0
"H",7,0,4,0,767,559
"H",7,0,4,1,690,614
"H",7,0,4,10,36,36
"H",7,0,4,11,29,29
"H",7,0,4,12,13,13
"H",7,0,4,13,6,6
"H",7,0,4,14,5,5
"H",7,0,4,15,2,2
"H",7,0,4,16,2,2
"H",7,0,4,17,2,2
"H",7,0,4,2,612,575
"H",7,0,4,3,522,509
"H",7,0,4,4,438,430
"H",7,0,4,5,318,317
"H",7,0,4,6,252,251
"H",7,0,4,7,144,143
"H",7,0,4,8,126,126
"H",7,0,4,9,74,74
"H",7,0,5,-1,210,121
"H",7,0,5,-10,7,0
"H",7,0,5,-11,8,0
"H",7,0,5,-12,2,0
"H",7,0,5,-13,5,0
"H",7,0,5,-14,1,0
"H",7,0,5,-17,1,0
"H",7,0,5,-2,155,50
"H",7,0,5,-3,132,22
"H",7,0,5,-4,65,11
"H",7,0,5,-5,60,2
"H",7,0,5,-6,39,0
"H",7,0,5,-7,37,0
"H",7,0,5,-8,19,0
"H",7,0,5,-9,12,0
"H",7,0,5,0,261,205
"H",7,0,5,1,263,240
"H",7,0,5,10,7,7
"H",7,0,5,11,9,9
"H",7,0,5,12,5,5
"H",7,0,5,13,2,2
"H",7,0,5,14,2,2
"H",7,0,5,16,1,1
"H",7,0,5,17,2,2
"H",7,0,5,2,232,219
"H",7,0,5,3,203,194
"H",7,0,5,4,153,152
"H",7,0,5,5,110,108
"H",7,0,5,6,63,63
"H",7,0,5,7,60,60
"H",7,0,5,8,37,37
"H",7,0,5,9,19,19
"H",7,0,6,-1,312,189
"H",7,0,6,-10,8,0
"H",7,0,6,-11,4,0
"H",7,0,6,-12,8,0
"H",7,0,6,-13,2,0
"H",7,0,6,-14,4,0
"H",7,0,6,-15,2,0
"H",7,0,6,-16,1,0
"H",7,0,6,-17,2,0
"H",7,0,6,-2,288,133
"H",7,0,6,-3,205,46
"H",7,0,6,-4,159,20
"H",7,0,6,-5,118,10
"H",7,0,6,-6,65,4
"H",7,0,6,-7,50,1
"H",7,0,6,-8,22,1
"H",7,0,6,-9,18,0
"H",7,0,6,0,356,285
"H",7,0,6,1,341,324
"H",7,0,6,10,17,17
"H",7,0,6,11,13,13
"H",7,0,6,12,1,1
"H",7,0,6,13,2,2
"H",7,0,6,15,1,1
"H",7,0,6,18,1,1
"H",7,0,6,2,330,320
"H",7,0,6,22,1,1
"H",7,0,6,3,251,248
"H",7,0,6,4,221,220
"H",7,0,6,5,139,138
"H",7,0,6,6,88,88
"H",7,0,6,7,93,93
"H",7,0,6,8,45,45
"H",7,0,6,9,29,29
"H",7,0,7,-1,157,99
"H",7,0,7,-10,6,0
"H",7,0,7,-11,6,0
"H",7,0,7,-12,3,0
"H",7,0,7,-13,2,0
"H",7,0,7,-16,1,0
"H",7,0,7,-2,176,96
"H",7,0,7,-3,132,51
"H",7,0,7,-4,96,17
"H",7,0,7,-5,57,7
"H",7,0,7,-6,47,3
"H",7,0,7,-7,28,0
"H",7,0,7,-8,22,1
"H",7,0,7,-9,6,0
"H",7,0,7,0,180,142
"H",7,0,7,1,180,167
"H",7,0,7,10,6,6
"H",7,0,7,11,4,4
"H",7,0,7,12,4,4
"H",7,0,7,14,1,1
"H",7,0,7,15,1,1
"H",7,0,7,16,2,2
"H",7,0,7,2,174,167
"H",7,0,7,22,1,1
"H",7,0,7,3,147,144
"H",7,0,7,4,110,110
"H",7,0,7,5,103,102
"H",7,0,7,6,71,71
"H",7,0,7,7,40,40
"H",7,0,7,8,27,27
"H",7,0,7,9,22,22
"H",7,0,8,-1,178,132
"H",7,0,8,-10,11,0
"H",7,0,8,-11,3,0
"H",7,0,8,-12,4,0
"H",7,0,8,-13,6,0
"H",7,0,8,-14,1,0
"H",7,0,8,-2,199,114
"H",7,0,8,-3,149,54
"H",7,0,8,-4,98,19
"H",7,0,8,-5,85,18
"H",7,0,8,-6,45,3
"H",7,0,8,-7,35,2
"H",7,0,8,-8,18,1
"H",7,0,8,-9,13,0
"H",7,0,8,0,254,211
"H",7,0,8,1,216,204
"H",7,0,8,10,9,9
"H",7,0,8,11,10,10
"H",7,0,8,12,4,4
"H",7,0,8,13,1,1
"H",7,0,8,14,1,1
"H",7,0,8,2,187,178
"H",7,0,8,22,1,1
"H",7,0,8,3,152,150
"H",7,0,8,4,135,134
"H",7,0,8,5,107,107
"H",7,0,8,6,77,77
"H",7,0,8,7,50,50
"H",7,0,8,8,21,21
"H",7,0,8,9,15,15
"H",7,1,1,-1,10470,3218
"H",7,1,1,-10,351,1
"H",7,1,1,-11,231,0
"H",7,1,1,-12,151,0
"H",7,1,1,-13,75,0
"H",7,1,1,-14,50,0
"H",7,1,1,-15,31,0
"H",7,1,1,-16,13,0
"H",7,1,1,-17,14,0
"H",7,1,1,-18,4,0
"H",7,1,1,-19,5,0
"H",7,1,1,-2,8625,1498
"H",7,1,1,-20,2,0
"H",7,1,1,-21,1,0
"H",7,1,1,-22,1,0
"H",7,1,1,-24,1,0
"H",7,1,1,-3,6514,556
"H",7,1,1,-4,4673,225
"H",7,1,1,-5,3404,99
"H",7,1,1,-6,2258,25
"H",7,1,1,-7,1460,9
"H",7,1,1,-8,944,5
"H",7,1,1,-9,545,0
"H",7,1,1,0,11527,6566
"H",7,1,1,1,10477,8386
"H",7,1,1,10,382,381
"H",7,1,1,11,235,235
"H",7,1,1,12,127,127
"H",7,1,1,13,79,79
"H",7,1,1,14,43,43
"H",7,1,1,15,26,26
"H",7,1,1,16,14,14
"H",7,1,1,17,7,7
"H",7,1,1,18,5,5
"H",7,1,1,19,2,2
"H",7,1,1,2,8452,7604
"H",7,1,1,20,2,2
"H",7,1,1,21,1,1
"H",7,1,1,3,6475,6172
"H",7,1,1,4,4704,4591
"H",7,1,1,5,3237,3201
"H",7,1,1,6,2108,2094
"H",7,1,1,7,1432,1429
"H",7,1,1,8,934,933
"H",7,1,1,9,581,581
"H",7,1,2,-1,4398,1575
"H",7,1,2,-10,166,1
"H",7,1,2,-11,110,0
"H",7,1,2,-12,61,0
"H",7,1,2,-13,34,0
"H",7,1,2,-14,28,0
"H",7,1,2,-15,16,0
"H",7,1,2,-16,7,0
"H",7,1,2,-17,7,0
"H",7,1,2,-18,1,0
"H",7,1,2,-19,1,0
"H",7,1,2,-2,3842,871
"H",7,1,2,-21,1,0
"H",7,1,2,-22,1,0
"H",7,1,2,-3,2981,331
"H",7,1,2,-4,2220,138
"H",7,1,2,-5,1578,57
"H",7,1,2,-6,1081,18
"H",7,1,2,-7,688,9
"H",7,1,2,-8,424,2
"H",7,1,2,-9,235,0
"H",7,1,2,0,4784,2939
"H",7,1,2,1,4355,3618
"H",7,1,2,10,197,196
"H",7,1,2,11,128,128
"H",7,1,2,12,84,84
"H",7,1,2,13,41,41
"H",7,1,2,14,27,27
"H",7,1,2,15,16,16
"H",7,1,2,16,6,6
"H",7,1,2,17,5,5
"H",7,1,2,18,4,4
"H",7,1,2,2,3558,3245
"H",7,1,2,20,1,1
"H",7,1,2,3,2846,2740
"H",7,1,2,4,2203,2150
"H",7,1,2,5,1535,1519
"H",7,1,2,6,1112,1105
"H",7,1,2,7,734,732
"H",7,1,2,8,468,467
"H",7,1,2,9,328,327
"H",7,1,3,-1,2426,993
"H",7,1,3,-10,55,0
"H",7,1,3,-11,29,0
"H",7,1,3,-12,23,0
"H",7,1,3,-13,10,0
"H",7,1,3,-14,10,0
"H",7,1,3,-15,4,0
"H",7,1,3,-16,1,0
"H",7,1,3,-17,2,0
"H",7,1,3,-18,2,0
"H",7,1,3,-2,1128,245
"H",7,1,3,-3,908,101
"H",7,1,3,-4,608,46
"H",7,1,3,-5,444,25
"H",7,1,3,-6,293,8
"H",7,1,3,-7,170,1
"H",7,1,3,-8,125,2
"H",7,1,3,-9,70,0
"H",7,1,3,0,3057,1995
"H",7,1,3,1,2739,2312
"H",7,1,3,10,75,75
"H",7,1,3,11,68,68
"H",7,1,3,12,42,42
"H",7,1,3,13,16,16
"H",7,1,3,14,15,15
"H",7,1,3,15,3,3
"H",7,1,3,16,3,3
"H",7,1,3,17,2,2
"H",7,1,3,19,2,2
"H",7,1,3,2,2245,2092
"H",7,1,3,21,1,1
"H",7,1,3,3,1761,1691
"H",7,1,3,4,1244,1223
"H",7,1,3,5,762,756
"H",7,1,3,6,514,511
"H",7,1,3,7,335,335
"H",7,1,3,8,235,234
"H",7,1,3,9,142,142
"H",7,1,4,-1,1496,670
"H",7,1,4,-10,61,0
"H",7,1,4,-11,32,0
"H",7,1,4,-12,20,0
"H",7,1,4,-13,12,0
"H",7,1,4,-14,12,0
"H",7,1,4,-15,4,0
"H",7,1,4,-16,4,0
"H",7,1,4,-17,4,0
"H",7,1,4,-18,2,0
"H",7,1,4,-19,1,0
"H",7,1,4,-2,1306,396
"H",7,1,4,-3,1080,189
"H",7,1,4,-4,800,70
"H",7,1,4,-5,543,25
"H",7,1,4,-6,399,14
"H",7,1,4,-7,252,7
"H",7,1,4,-8,140,2
"H",7,1,4,-9,73,0
"H",7,1,4,0,1820,1199
"H",7,1,4,1,1739,1469
"H",7,1,4,10,98,98
"H",7,1,4,11,61,61
"H",7,1,4,12,40,40
"H",7,1,4,13,21,21
"H",7,1,4,14,11,11
"H",7,1,4,15,6,6
"H",7,1,4,16,5,5
"H",7,1,4,18,1,1
"H",7,1,4,19,1,1
"H",7,1,4,2,1391,1293
"H",7,1,4,21,1,1
"H",7,1,4,3,1186,1145
"H",7,1,4,4,903,883
"H",7,1,4,5,641,638
"H",7,1,4,6,446,443
"H",7,1,4,7,296,295
"H",7,1,4,8,224,224
"H",7,1,4,9,137,136
"H",7,1,5,-1,741,364
"H",7,1,5,-10,15,0
"H",7,1,5,-11,11,0
"H",7,1,5,-12,7,1
"H",7,1,5,-13,6,0
"H",7,1,5,-14,2,0
"H",7,1,5,-15,2,0
"H",7,1,5,-17,1,0
"H",7,1,5,-2,403,112
"H",7,1,5,-3,284,38
"H",7,1,5,-4,201,17
"H",7,1,5,-5,147,7
"H",7,1,5,-6,91,3
"H",7,1,5,-7,69,1
"H",7,1,5,-8,37,1
"H",7,1,5,-9,25,0
"H",7,1,5,0,855,611
"H",7,1,5,1,847,741
"H",7,1,5,10,33,33
"H",7,1,5,11,21,21
"H",7,1,5,12,19,19
"H",7,1,5,13,6,6
"H",7,1,5,14,5,5
"H",7,1,5,15,3,3
"H",7,1,5,17,4,4
"H",7,1,5,2,783,721
"H",7,1,5,20,1,1
"H",7,1,5,3,615,588
"H",7,1,5,4,481,468
"H",7,1,5,5,305,305
"H",7,1,5,6,222,221
"H",7,1,5,7,145,145
"H",7,1,5,8,89,89
"H",7,1,5,9,63,63
"H",7,1,6,-1,720,376
"H",7,1,6,-10,15,0
"H",7,1,6,-11,12,0
"H",7,1,6,-12,9,0
"H",7,1,6,-13,8,0
"H",7,1,6,-14,3,0
"H",7,1,6,-15,3,0
"H",7,1,6,-17,3,0
"H",7,1,6,-18,1,0
"H",7,1,6,-2,530,174
"H",7,1,6,-3,414,75
"H",7,1,6,-4,317,42
"H",7,1,6,-5,214,13
"H",7,1,6,-6,129,1
"H",7,1,6,-7,88,0
"H",7,1,6,-8,67,1
"H",7,1,6,-9,41,0
"H",7,1,6,0,934,699
"H",7,1,6,1,829,715
"H",7,1,6,10,36,36
"H",7,1,6,11,30,30
"H",7,1,6,12,23,23
"H",7,1,6,13,11,11
"H",7,1,6,14,7,7
"H",7,1,6,15,2,2
"H",7,1,6,17,2,2
"H",7,1,6,18,1,1
"H",7,1,6,2,769,724
"H",7,1,6,3,651,632
"H",7,1,6,4,477,472
"H",7,1,6,5,346,344
"H",7,1,6,6,257,255
"H",7,1,6,7,181,181
"H",7,1,6,8,113,113
"H",7,1,6,9,71,71
"H",7,1,7,-1,566,300
"H",7,1,7,-10,7,0
"H",7,1,7,-11,11,0
"H",7,1,7,-12,8,0
"H",7,1,7,-13,5,0
"H",7,1,7,-14,6,0
"H",7,1,7,-16,3,0
"H",7,1,7,-17,1,0
"H",7,1,7,-19,1,0
"H",7,1,7,-2,540,193
"H",7,1,7,-3,280,55
"H",7,1,7,-4,200,23
"H",7,1,7,-5,129,10
"H",7,1,7,-6,86,3
"H",7,1,7,-7,57,2
"H",7,1,7,-8,24,0
"H",7,1,7,-9,16,0
"H",7,1,7,0,613,480
"H",7,1,7,1,684,589
"H",7,1,7,10,26,25
"H",7,1,7,11,22,22
"H",7,1,7,12,16,16
"H",7,1,7,13,9,9
"H",7,1,7,14,6,6
"H",7,1,7,15,1,1
"H",7,1,7,2,628,595
"H",7,1,7,3,458,443
"H",7,1,7,4,385,381
"H",7,1,7,5,252,250
"H",7,1,7,6,196,195
"H",7,1,7,7,134,134
"H",7,1,7,8,72,72
"H",7,1,7,9,65,65
"H",7,1,8,-1,559,313
"H",7,1,8,-10,13,0
"H",7,1,8,-11,12,0
"H",7,1,8,-12,6,0
"H",7,1,8,-13,5,0
"H",7,1,8,-14,3,0
"H",7,1,8,-15,1,0
"H",7,1,8,-16,1,0
"H",7,1,8,-2,391,165
"H",7,1,8,-3,298,74
"H",7,1,8,-4,201,35
"H",7,1,8,-5,144,14
"H",7,1,8,-6,86,4
"H",7,1,8,-7,51,2
"H",7,1,8,-8,39,3
"H",7,1,8,-9,19,0
"H",7,1,8,0,781,596
"H",7,1,8,1,740,657
"H",7,1,8,10,23,23
"H",7,1,8,11,17,17
"H",7,1,8,12,15,15
"H",7,1,8,13,8,8
"H",7,1,8,14,5,5
"H",7,1,8,2,640,601
"H",7,1,8,22,1,1
"H",7,1,8,3,529,515
"H",7,1,8,4,379,373
"H",7,1,8,5,243,238
"H",7,1,8,6,190,188
"H",7,1,8,7,123,122
"H",7,1,8,8,71,71
"H",7,1,8,9,53,53
"H",7,2,1,-1,7834,2140
"H",7,2,1,-10,249,0
"H",7,2,1,-11,167,1
"H",7,2,1,-12,112,0
"H",7,2,1,-13,55,0
"H",7,2,1,-14,32,0
"H",7,2,1,-15,21,0
"H",7,2,1,-16,10,0
"H",7,2,1,-17,9,0
"H",7,2,1,-18,3,0
"H",7,2,1,-19,5,0
"H",7,2,1,-2,6659,955
"H",7,2,1,-20,2,0
"H",7,2,1,-22,1,0
"H",7,2,1,-24,1,0
"H",7,2,1,-3,4876,354
"H",7,2,1,-4,3486,131
"H",7,2,1,-5,2526,52
"H",7,2,1,-6,1684,10
"H",7,2,1,-7,1080,5
"H",7,2,1,-8,708,0
"H",7,2,1,-9,420,0
"H",7,2,1,0,8704,4719
"H",7,2,1,1,8220,6438
"H",7,2,1,10,338,338
"H",7,2,1,11,207,207
"H",7,2,1,12,107,107
"H",7,2,1,13,84,84
"H",7,2,1,14,40,40
"H",7,2,1,15,34,34
"H",7,2,1,16,16,16
"H",7,2,1,17,7,7
"H",7,2,1,18,7,7
"H",7,2,1,19,3,3
"H",7,2,1,2,6644,5925
"H",7,2,1,20,1,1
"H",7,2,1,21,1,1
"H",7,2,1,3,5225,4946
"H",7,2,1,4,3852,3753
"H",7,2,1,5,2741,2711
"H",7,2,1,6,1759,1750
"H",7,2,1,7,1202,1201
"H",7,2,1,8,801,801
"H",7,2,1,9,479,479
"H",7,2,2,-1,4356,1303
"H",7,2,2,-10,165,1
"H",7,2,2,-11,106,1
"H",7,2,2,-12,66,0
"H",7,2,2,-13,31,0
"H",7,2,2,-14,22,0
"H",7,2,2,-15,13,0
"H",7,2,2,-16,3,0
"H",7,2,2,-17,5,0
"H",7,2,2,-19,1,0
"H",7,2,2,-2,3759,641
"H",7,2,2,-20,1,0
"H",7,2,2,-21,1,0
"H",7,2,2,-22,1,0
"H",7,2,2,-24,1,0
"H",7,2,2,-3,2919,258
"H",7,2,2,-4,2159,93
"H",7,2,2,-5,1553,47
"H",7,2,2,-6,1025,11
"H",7,2,2,-7,693,0
"H",7,2,2,-8,411,1
"H",7,2,2,-9,233,0
"H",7,2,2,0,4769,2672
"H",7,2,2,1,4363,3528
"H",7,2,2,10,242,242
"H",7,2,2,11,149,149
"H",7,2,2,12,98,98
"H",7,2,2,13,56,56
"H",7,2,2,14,33,33
"H",7,2,2,15,21,21
"H",7,2,2,16,16,16
"H",7,2,2,17,6,6
"H",7,2,2,18,3,3
"H",7,2,2,19,3,3
"H",7,2,2,2,3679,3284
"H",7,2,2,20,1,1
"H",7,2,2,3,2917,2799
"H",7,2,2,4,2346,2293
"H",7,2,2,5,1720,1701
"H",7,2,2,6,1190,1187
"H",7,2,2,7,871,870
"H",7,2,2,8,552,549
"H",7,2,2,9,403,403
"H",7,2,3,-1,2402,773
"H",7,2,3,-10,75,0
"H",7,2,3,-11,41,0
"H",7,2,3,-12,35,0
"H",7,2,3,-13,8,0
"H",7,2,3,-14,10,0
"H",7,2,3,-15,6,0
"H",7,2,3,-17,1,0
"H",7,2,3,-19,1,0
"H",7,2,3,-2,1520,266
"H",7,2,3,-20,1,0
"H",7,2,3,-21,1,0
"H",7,2,3,-3,1119,100
"H",7,2,3,-4,755,36
"H",7,2,3,-5,562,17
"H",7,2,3,-6,366,4
"H",7,2,3,-7,218,1
"H",7,2,3,-8,167,0
"H",7,2,3,-9,85,1
"H",7,2,3,0,3041,1818
"H",7,2,3,1,2853,2305
"H",7,2,3,10,129,129
"H",7,2,3,11,85,85
"H",7,2,3,12,74,74
"H",7,2,3,13,35,35
"H",7,2,3,14,22,22
"H",7,2,3,15,11,11
"H",7,2,3,16,6,6
"H",7,2,3,17,2,2
"H",7,2,3,18,2,2
"H",7,2,3,2,2371,2162
"H",7,2,3,3,1985,1899
"H",7,2,3,4,1574,1538
"H",7,2,3,5,1084,1073
"H",7,2,3,6,710,706
"H",7,2,3,7,464,463
"H",7,2,3,8,330,330
"H",7,2,3,9,226,225
"H",7,2,4,-1,1838,635
"H",7,2,4,-10,72,0
"H",7,2,4,-11,38,0
"H",7,2,4,-12,35,0
"H",7,2,4,-13,11,0
"H",7,2,4,-14,10,0
"H",7,2,4,-15,1,0
"H",7,2,4,-16,5,0
"H",7,2,4,-17,3,0
"H",7,2,4,-18,1,0
"H",7,2,4,-2,1516,321
"H",7,2,4,-3,1227,129
"H",7,2,4,-4,941,53
"H",7,2,4,-5,641,23
"H",7,2,4,-6,415,7
"H",7,2,4,-7,285,3
"H",7,2,4,-8,154,1
"H",7,2,4,-9,103,0
"H",7,2,4,0,2484,1526
"H",7,2,4,1,2352,1922
"H",7,2,4,10,129,129
"H",7,2,4,11,83,83
"H",7,2,4,12,47,47
"H",7,2,4,13,35,35
"H",7,2,4,14,21,21
"H",7,2,4,15,5,5
"H",7,2,4,16,7,7
"H",7,2,4,17,5,5
"H",7,2,4,18,2,2
"H",7,2,4,19,2,2
"H",7,2,4,2,1865,1695
"H",7,2,4,21,1,1
"H",7,2,4,23,1,1
"H",7,2,4,3,1498,1433
"H",7,2,4,4,1260,1224
"H",7,2,4,5,941,937
"H",7,2,4,6,590,589
"H",7,2,4,7,432,430
"H",7,2,4,8,313,312
"H",7,2,4,9,205,204
"H",7,2,5,-1,1074,360
"H",7,2,5,-10,14,0
"H",7,2,5,-11,15,0
"H",7,2,5,-12,8,0
"H",7,2,5,-13,9,0
"H",7,2,5,-14,8,0
"H",7,2,5,-15,5,0
"H",7,2,5,-2,592,105
"H",7,2,5,-3,427,35
"H",7,2,5,-4,302,17
"H",7,2,5,-5,217,7
"H",7,2,5,-6,136,2
"H",7,2,5,-7,77,0
"H",7,2,5,-8,54,0
"H",7,2,5,-9,44,0
"H",7,2,5,0,1205,715
"H",7,2,5,1,1080,893
"H",7,2,5,10,52,52
"H",7,2,5,11,54,54
"H",7,2,5,12,22,22
"H",7,2,5,13,16,16
"H",7,2,5,14,13,13
"H",7,2,5,15,10,10
"H",7,2,5,16,2,2
"H",7,2,5,17,1,1
"H",7,2,5,18,1,1
"H",7,2,5,2,993,903
"H",7,2,5,20,1,1
"H",7,2,5,3,817,772
"H",7,2,5,4,666,656
"H",7,2,5,5,431,427
"H",7,2,5,6,308,305
"H",7,2,5,7,239,239
"H",7,2,5,8,154,154
"H",7,2,5,9,103,103
"H",7,2,6,-1,946,343
"H",7,2,6,-10,19,0
"H",7,2,6,-11,14,0
"H",7,2,6,-12,6,0
"H",7,2,6,-13,3,0
"H",7,2,6,-14,3,0
"H",7,2,6,-15,2,0
"H",7,2,6,-16,1,0
"H",7,2,6,-17,2,0
"H",7,2,6,-2,715,155
"H",7,2,6,-3,515,58
"H",7,2,6,-4,378,29
"H",7,2,6,-5,286,15
"H",7,2,6,-6,152,3
"H",7,2,6,-7,100,2
"H",7,2,6,-8,50,0
"H",7,2,6,-9,33,0
"H",7,2,6,0,1188,740
"H",7,2,6,1,1111,903
"H",7,2,6,10,62,62
"H",7,2,6,11,44,44
"H",7,2,6,12,28,28
"H",7,2,6,13,18,18
"H",7,2,6,14,6,6
"H",7,2,6,15,3,3
"H",7,2,6,16,3,3
"H",7,2,6,18,1,1
"H",7,2,6,2,991,914
"H",7,2,6,3,829,799
"H",7,2,6,4,629,619
"H",7,2,6,5,464,462
"H",7,2,6,6,321,318
"H",7,2,6,7,241,241
"H",7,2,6,8,146,146
"H",7,2,6,9,120,120
"H",7,2,7,-1,505,199
"H",7,2,7,-10,10,0
"H",7,2,7,-11,11,0
"H",7,2,7,-12,7,0
"H",7,2,7,-13,3,0
"H",7,2,7,-16,1,0
"H",7,2,7,-17,1,0
"H",7,2,7,-2,456,113
"H",7,2,7,-3,339,47
"H",7,2,7,-4,200,16
"H",7,2,7,-5,174,6
"H",7,2,7,-6,99,3
"H",7,2,7,-7,56,2
"H",7,2,7,-8,33,0
"H",7,2,7,-9,18,0
"H",7,2,7,0,658,402
"H",7,2,7,1,740,601
"H",7,2,7,10,43,42
"H",7,2,7,11,30,30
"H",7,2,7,12,18,18
"H",7,2,7,13,11,11
"H",7,2,7,14,3,3
"H",7,2,7,15,3,3
"H",7,2,7,16,1,1
"H",7,2,7,2,678,627
"H",7,2,7,3,525,499
"H",7,2,7,4,405,397
"H",7,2,7,5,322,319
"H",7,2,7,6,210,208
"H",7,2,7,7,154,154
"H",7,2,7,8,91,91
"H",7,2,7,9,70,70
"H",7,2,8,-1,659,264
"H",7,2,8,-10,12,0
"H",7,2,8,-11,11,0
"H",7,2,8,-12,9,0
"H",7,2,8,-13,3,0
"H",7,2,8,-14,1,0
"H",7,2,8,-15,1,0
"H",7,2,8,-16,1,0
"H",7,2,8,-2,469,120
"H",7,2,8,-3,329,51
"H",7,2,8,-4,266,25
"H",7,2,8,-5,166,12
"H",7,2,8,-6,108,4
"H",7,2,8,-7,69,2
"H",7,2,8,-8,43,1
"H",7,2,8,-9,22,0
"H",7,2,8,0,907,588
"H",7,2,8,1,870,703
"H",7,2,8,10,35,35
"H",7,2,8,11,25,25
"H",7,2,8,12,14,14
"H",7,2,8,13,10,10
"H",7,2,8,14,9,9
"H",7,2,8,15,2,2
"H",7,2,8,17,1,1
"H",7,2,8,19,1,1
"H",7,2,8,2,762,692
"H",7,2,8,3,588,569
"H",7,2,8,4,468,457
"H",7,2,8,5,334,328
"H",7,2,8,6,237,234
"H",7,2,8,7,136,136
"H",7,2,8,8,100,100
"H",7,2,8,9,78,78
"H",8,0,1,-1,14064,4147
"H",8,0,1,-10,640,0
"H",8,0,1,-11,463,1
"H",8,0,1,-12,272,0
"H",8,0,1,-13,178,0
"H",8,0,1,-14,116,0
"H",8,0,1,-15,62,0
"H",8,0,1,-16,34,0
"H",8,0,1,-17,24,0
"H",8,0,1,-18,5,0
"H",8,0,1,-19,8,0
"H",8,0,1,-2,11845,1859
"H",8,0,1,-20,5,0
"H",8,0,1,-21,3,0
"H",8,0,1,-22,4,0
"H",8,0,1,-23,2,0
"H",8,0,1,-24,1,0
"H",8,0,1,-25,1,0
"H",8,0,1,-3,9661,770
"H",8,0,1,-4,7158,292
"H",8,0,1,-5,5199,96
"H",8,0,1,-6,3659,22
"H",8,0,1,-7,2559,15
"H",8,0,1,-8,1576,3
"H",8,0,1,-9,1019,0
"H",8,0,1,0,14738,9324
"H",8,0,1,1,13939,12417
"H",8,0,1,10,666,666
"H",8,0,1,11,402,402
"H",8,0,1,12,242,242
"H",8,0,1,13,136,136
"H",8,0,1,14,104,104
"H",8,0,1,15,51,51
"H",8,0,1,16,33,33
"H",8,0,1,17,12,12
"H",8,0,1,18,9,9
"H",8,0,1,19,6,6
"H",8,0,1,2,11516,11008
"H",8,0,1,20,4,4
"H",8,0,1,21,2,2
"H",8,0,1,23,2,2
"H",8,0,1,25,1,1
"H",8,0,1,3,9110,8946
"H",8,0,1,4,7010,6948
"H",8,0,1,5,5000,4984
"H",8,0,1,6,3413,3404
"H",8,0,1,7,2325,2325
"H",8,0,1,8,1562,1561
"H",8,0,1,9,1001,1001
"H",8,0,2,-1,3853,1532
"H",8,0,2,-10,197,0
"H",8,0,2,-11,114,1
"H",8,0,2,-12,71,0
"H",8,0,2,-13,53,0
"H",8,0,2,-14,28,0
"H",8,0,2,-15,20,0
"H",8,0,2,-16,12,0
"H",8,0,2,-17,6,0
"H",8,0,2,-18,2,0
"H",8,0,2,-19,2,0
"H",8,0,2,-2,3248,748
"H",8,0,2,-20,1,0
"H",8,0,2,-21,1,0
"H",8,0,2,-22,2,0
"H",8,0,2,-3,2662,366
"H",8,0,2,-4,1960,138
"H",8,0,2,-5,1388,44
"H",8,0,2,-6,985,11
"H",8,0,2,-7,688,9
"H",8,0,2,-8,423,2
"H",8,0,2,-9,294,0
"H",8,0,2,0,4154,2902
"H",8,0,2,1,3762,3417
"H",8,0,2,10,193,193
"H",8,0,2,11,121,121
"H",8,0,2,12,66,66
"H",8,0,2,13,49,49
"H",8,0,2,14,29,29
"H",8,0,2,15,13,13
"H",8,0,2,16,10,10
"H",8,0,2,17,7,7
"H",8,0,2,18,2,2
"H",8,0,2,19,2,2
"H",8,0,2,2,3200,3058
"H",8,0,2,20,3,3
"H",8,0,2,23,2,2
"H",8,0,2,3,2569,2522
"H",8,0,2,4,1867,1851
"H",8,0,2,5,1367,1362
"H",8,0,2,6,940,935
"H",8,0,2,7,683,683
"H",8,0,2,8,469,469
"H",8,0,2,9,297,297
"H",8,0,3,-1,856,424
"H",8,0,3,-10,41,0
"H",8,0,3,-11,34,0
"H",8,0,3,-12,15,0
"H",8,0,3,-13,14,0
"H",8,0,3,-14,7,0
"H",8,0,3,-15,4,0
"H",8,0,3,-16,2,0
"H",8,0,3,-2,653,200
"H",8,0,3,-24,1,0
"H",8,0,3,-3,556,66
"H",8,0,3,-4,426,28
"H",8,0,3,-5,325,9
"H",8,0,3,-6,221,2
"H",8,0,3,-7,157,3
"H",8,0,3,-8,83,0
"H",8,0,3,-9,61,0
"H",8,0,3,0,932,702
"H",8,0,3,1,937,841
"H",8,0,3,10,60,60
"H",8,0,3,11,42,42
"H",8,0,3,12,30,30
"H",8,0,3,13,15,15
"H",8,0,3,14,13,13
"H",8,0,3,15,4,4
"H",8,0,3,16,5,5
"H",8,0,3,18,2,2
"H",8,0,3,19,1,1
"H",8,0,3,2,827,794
"H",8,0,3,20,1,1
"H",8,0,3,21,1,1
"H",8,0,3,3,752,743
"H",8,0,3,4,566,564
"H",8,0,3,5,438,437
"H",8,0,3,6,301,301
"H",8,0,3,7,201,201
"H",8,0,3,8,124,124
"H",8,0,3,9,69,69
"H",8,0,4,-1,722,428
"H",8,0,4,-10,55,0
"H",8,0,4,-11,33,0
"H",8,0,4,-12,19,0
"H",8,0,4,-13,14,0
"H",8,0,4,-14,11,0
"H",8,0,4,-15,5,0
"H",8,0,4,-16,4,0
"H",8,0,4,-18,1,0
"H",8,0,4,-2,842,305
"H",8,0,4,-22,1,0
"H",8,0,4,-24,1,0
"H",8,0,4,-3,685,140
"H",8,0,4,-4,524,59
"H",8,0,4,-5,370,26
"H",8,0,4,-6,259,8
"H",8,0,4,-7,182,4
"H",8,0,4,-8,116,0
"H",8,0,4,-9,83,0
"H",8,0,4,0,732,593
"H",8,0,4,1,698,641
"H",8,0,4,10,49,49
"H",8,0,4,11,32,32
"H",8,0,4,12,21,21
"H",8,0,4,13,19,19
"H",8,0,4,14,10,10
"H",8,0,4,15,3,3
"H",8,0,4,16,3,3
"H",8,0,4,17,1,1
"H",8,0,4,19,2,2
"H",8,0,4,2,606,579
"H",8,0,4,3,524,515
"H",8,0,4,4,443,441
"H",8,0,4,5,311,311
"H",8,0,4,6,257,255
"H",8,0,4,7,164,164
"H",8,0,4,8,149,149
"H",8,0,4,9,97,97
"H",8,0,5,-1,214,119
"H",8,0,5,-10,10,0
"H",8,0,5,-11,11,0
"H",8,0,5,-12,3,0
"H",8,0,5,-13,3,0
"H",8,0,5,-14,2,0
"H",8,0,5,-2,141,38
"H",8,0,5,-20,1,0
"H",8,0,5,-3,104,12
"H",8,0,5,-4,82,7
"H",8,0,5,-5,64,3
"H",8,0,5,-6,48,2
"H",8,0,5,-7,35,0
"H",8,0,5,-8,28,0
"H",8,0,5,-9,13,0
"H",8,0,5,0,232,185
"H",8,0,5,1,255,243
"H",8,0,5,10,19,19
"H",8,0,5,11,12,12
"H",8,0,5,12,9,9
"H",8,0,5,13,6,6
"H",8,0,5,14,4,4
"H",8,0,5,15,3,3
"H",8,0,5,16,2,2
"H",8,0,5,18,1,1
"H",8,0,5,2,253,243
"H",8,0,5,20,1,1
"H",8,0,5,21,1,1
"H",8,0,5,3,185,184
"H",8,0,5,4,157,156
"H",8,0,5,5,97,97
"H",8,0,5,6,60,60
"H",8,0,5,7,59,59
"H",8,0,5,8,46,46
"H",8,0,5,9,25,25
"H",8,0,6,-1,313,207
"H",8,0,6,-10,11,0
"H",8,0,6,-11,13,0
"H",8,0,6,-12,5,0
"H",8,0,6,-13,4,0
"H",8,0,6,-15,3,0
"H",8,0,6,-16,1,0
"H",8,0,6,-17,1,0
"H",8,0,6,-2,289,113
"H",8,0,6,-3,235,54
"H",8,0,6,-4,153,17
"H",8,0,6,-5,111,7
"H",8,0,6,-6,71,1
"H",8,0,6,-7,67,1
"H",8,0,6,-8,29,0
"H",8,0,6,-9,23,0
"H",8,0,6,0,342,286
"H",8,0,6,1,328,310
"H",8,0,6,10,25,25
"H",8,0,6,11,22,22
"H",8,0,6,12,6,6
"H",8,0,6,13,3,3
"H",8,0,6,14,1,1
"H",8,0,6,15,4,4
"H",8,0,6,16,1,1
"H",8,0,6,17,1,1
"H",8,0,6,19,1,1
"H",8,0,6,2,297,292
"H",8,0,6,3,239,235
"H",8,0,6,4,201,200
"H",8,0,6,5,159,159
"H",8,0,6,6,95,94
"H",8,0,6,7,75,75
"H",8,0,6,8,66,66
"H",8,0,6,9,34,34
"H",8,0,7,-1,152,104
"H",8,0,7,-10,12,0
"H",8,0,7,-11,4,0
"H",8,0,7,-12,5,0
"H",8,0,7,-13,5,0
"H",8,0,7,-14,3,0
"H",8,0,7,-17,1,0
"H",8,0,7,-2,173,84
"H",8,0,7,-3,143,34
"H",8,0,7,-4,71,15
"H",8,0,7,-5,65,3
"H",8,0,7,-6,57,4
"H",8,0,7,-7,31,1
"H",8,0,7,-8,19,1
"H",8,0,7,-9,16,0
"H",8,0,7,0,154,135
"H",8,0,7,1,166,162
"H",8,0,7,10,25,25
"H",8,0,7,11,15,15
"H",8,0,7,12,6,6
"H",8,0,7,13,4,4
"H",8,0,7,14,3,3
"H",8,0,7,15,1,1
"H",8,0,7,16,2,2
"H",8,0,7,2,159,156
"H",8,0,7,3,145,144
"H",8,0,7,4,129,129
"H",8,0,7,5,92,91
"H",8,0,7,6,48,48
"H",8,0,7,7,53,53
"H",8,0,7,8,36,36
"H",8,0,7,9,34,34
"H",8,0,8,-1,215,150
"H",8,0,8,-10,14,0
"H",8,0,8,-11,5,0
"H",8,0,8,-12,2,0
"H",8,0,8,-13,6,0
"H",8,0,8,-14,1,0
"H",8,0,8,-2,191,89
"H",8,0,8,-22,1,0
"H",8,0,8,-3,133,44
"H",8,0,8,-4,119,27
"H",8,0,8,-5,87,10
"H",8,0,8,-6,49,1
"H",8,0,8,-7,39,0
"H",8,0,8,-8,22,0
"H",8,0,8,-9,21,0
"H",8,0,8,0,245,204
"H",8,0,8,1,234,226
"H",8,0,8,10,13,13
"H",8,0,8,11,13,13
"H",8,0,8,12,4,4
"H",8,0,8,13,5,5
"H",8,0,8,14,2,2
"H",8,0,8,15,2,2
"H",8,0,8,16,3,3
"H",8,0,8,19,1,1
"H",8,0,8,2,206,198
"H",8,0,8,3,145,143
"H",8,0,8,4,117,115
"H",8,0,8,5,93,93
"H",8,0,8,6,52,52
"H",8,0,8,7,43,43
"H",8,0,8,8,37,37
"H",8,0,8,9,26,26
"H",8,1,1,-1,9684,2212
"H",8,1,1,-10,412,0
"H",8,1,1,-11,314,0
"H",8,1,1,-12,186,0
"H",8,1,1,-13,114,0
"H",8,1,1,-14,77,0
"H",8,1,1,-15,37,0
"H",8,1,1,-16,17,0
"H",8,1,1,-17,17,0
"H",8,1,1,-18,4,0
"H",8,1,1,-19,7,0
"H",8,1,1,-2,8147,930
"H",8,1,1,-20,2,0
"H",8,1,1,-21,1,0
"H",8,1,1,-22,2,0
"H",8,1,1,-23,2,0
"H",8,1,1,-25,1,0
"H",8,1,1,-3,6570,332
"H",8,1,1,-4,4848,122
"H",8,1,1,-5,3530,41
"H",8,1,1,-6,2489,10
"H",8,1,1,-7,1727,4
"H",8,1,1,-8,1055,1
"H",8,1,1,-9,678,0
"H",8,1,1,0,10096,5903
"H",8,1,1,1,9740,8577
"H",8,1,1,10,496,496
"H",8,1,1,11,301,301
"H",8,1,1,12,190,190
"H",8,1,1,13,97,97
"H",8,1,1,14,78,78
"H",8,1,1,15,38,38
"H",8,1,1,16,26,26
"H",8,1,1,17,9,9
"H",8,1,1,18,7,7
"H",8,1,1,19,3,3
"H",8,1,1,2,8094,7728
"H",8,1,1,20,1,1
"H",8,1,1,21,1,1
"H",8,1,1,25,1,1
"H",8,1,1,26,1,1
"H",8,1,1,3,6391,6276
"H",8,1,1,4,5036,4989
"H",8,1,1,5,3597,3586
"H",8,1,1,6,2465,2459
"H",8,1,1,7,1629,1629
"H",8,1,1,8,1136,1135
"H",8,1,1,9,751,751
"H",8,1,2,-1,4100,1224
"H",8,1,2,-10,199,0
"H",8,1,2,-11,123,1
"H",8,1,2,-12,99,0
"H",8,1,2,-13,46,0
"H",8,1,2,-14,29,0
"H",8,1,2,-15,25,0
"H",8,1,2,-16,14,0
"H",8,1,2,-17,8,0
"H",8,1,2,-18,3,0
"H",8,1,2,-19,4,0
"H",8,1,2,-2,3813,602
"H",8,1,2,-20,2,0
"H",8,1,2,-21,1,0
"H",8,1,2,-22,1,0
"H",8,1,2,-23,1,0
"H",8,1,2,-3,3061,250
"H",8,1,2,-4,2306,91
"H",8,1,2,-5,1656,31
"H",8,1,2,-6,1144,7
"H",8,1,2,-7,794,2
"H",8,1,2,-8,487,2
"H",8,1,2,-9,305,0
"H",8,1,2,0,4253,2680
"H",8,1,2,1,3946,3547
"H",8,1,2,10,270,270
"H",8,1,2,11,160,160
"H",8,1,2,12,110,110
"H",8,1,2,13,52,52
"H",8,1,2,14,40,40
"H",8,1,2,15,20,20
"H",8,1,2,16,11,11
"H",8,1,2,17,9,9
"H",8,1,2,18,3,3
"H",8,1,2,19,2,2
"H",8,1,2,2,3489,3336
"H",8,1,2,20,2,2
"H",8,1,2,23,1,1
"H",8,1,2,3,2899,2839
"H",8,1,2,4,2206,2189
"H",8,1,2,5,1686,1682
"H",8,1,2,6,1199,1197
"H",8,1,2,7,917,917
"H",8,1,2,8,640,639
"H",8,1,2,9,375,375
"H",8,1,3,-1,2275,817
"H",8,1,3,-10,70,0
"H",8,1,3,-11,48,0
"H",8,1,3,-12,16,0
"H",8,1,3,-13,18,0
"H",8,1,3,-14,11,0
"H",8,1,3,-15,5,0
"H",8,1,3,-16,6,0
"H",8,1,3,-17,1,0
"H",8,1,3,-2,1040,175
"H",8,1,3,-3,877,76
"H",8,1,3,-4,694,25
"H",8,1,3,-5,520,12
"H",8,1,3,-6,319,0
"H",8,1,3,-7,257,1
"H",8,1,3,-8,150,0
"H",8,1,3,-9,92,0
"H",8,1,3,0,2915,2027
"H",8,1,3,1,2592,2332
"H",8,1,3,10,113,113
"H",8,1,3,11,82,82
"H",8,1,3,12,55,55
"H",8,1,3,13,21,21
"H",8,1,3,14,19,19
"H",8,1,3,15,7,7
"H",8,1,3,16,10,10
"H",8,1,3,17,5,5
"H",8,1,3,18,1,1
"H",8,1,3,19,2,2
"H",8,1,3,2,2182,2092
"H",8,1,3,3,1743,1714
"H",8,1,3,4,1247,1240
"H",8,1,3,5,850,846
"H",8,1,3,6,567,567
"H",8,1,3,7,369,369
"H",8,1,3,8,223,223
"H",8,1,3,9,172,172
"H",8,1,4,-1,1402,574
"H",8,1,4,-10,80,0
"H",8,1,4,-11,47,1
"H",8,1,4,-12,27,0
"H",8,1,4,-13,20,0
"H",8,1,4,-14,11,0
"H",8,1,4,-15,13,0
"H",8,1,4,-16,3,0
"H",8,1,4,-17,6,0
"H",8,1,4,-2,1271,304
"H",8,1,4,-20,1,0
"H",8,1,4,-3,1059,130
"H",8,1,4,-4,828,53
"H",8,1,4,-5,577,14
"H",8,1,4,-6,413,6
"H",8,1,4,-7,290,1
"H",8,1,4,-8,186,1
"H",8,1,4,-9,112,0
"H",8,1,4,0,1973,1395
"H",8,1,4,1,1706,1523
"H",8,1,4,10,125,125
"H",8,1,4,11,69,69
"H",8,1,4,12,49,49
"H",8,1,4,13,24,24
"H",8,1,4,14,21,21
"H",8,1,4,15,8,8
"H",8,1,4,16,9,9
"H",8,1,4,17,4,4
"H",8,1,4,18,1,1
"H",8,1,4,19,2,2
"H",8,1,4,2,1378,1314
"H",8,1,4,20,2,2
"H",8,1,4,21,1,1
"H",8,1,4,3,1111,1092
"H",8,1,4,4,818,815
"H",8,1,4,5,615,615
"H",8,1,4,6,492,491
"H",8,1,4,7,371,371
"H",8,1,4,8,284,284
"H",8,1,4,9,175,175
"H",8,1,5,-1,691,308
"H",8,1,5,-10,13,0
"H",8,1,5,-11,10,0
"H",8,1,5,-12,5,0
"H",8,1,5,-13,5,0
"H",8,1,5,-14,7,0
"H",8,1,5,-16,1,0
"H",8,1,5,-2,369,86
"H",8,1,5,-3,254,21
"H",8,1,5,-4,224,16
"H",8,1,5,-5,154,1
"H",8,1,5,-6,133,0
"H",8,1,5,-7,52,0
"H",8,1,5,-8,50,0
"H",8,1,5,-9,29,1
"H",8,1,5,0,756,574
"H",8,1,5,1,792,730
"H",8,1,5,10,47,47
"H",8,1,5,11,39,39
"H",8,1,5,12,25,25
"H",8,1,5,13,10,10
"H",8,1,5,14,8,8
"H",8,1,5,15,3,3
"H",8,1,5,16,6,6
"H",8,1,5,17,1,1
"H",8,1,5,18,5,5
"H",8,1,5,2,767,734
"H",8,1,5,21,1,1
"H",8,1,5,3,648,637
"H",8,1,5,4,479,478
"H",8,1,5,5,343,342
"H",8,1,5,6,215,215
"H",8,1,5,7,155,155
"H",8,1,5,8,102,102
"H",8,1,5,9,63,63
"H",8,1,6,-1,707,325
"H",8,1,6,-10,24,0
"H",8,1,6,-11,17,0
"H",8,1,6,-12,10,0
"H",8,1,6,-13,4,0
"H",8,1,6,-14,5,0
"H",8,1,6,-15,3,0
"H",8,1,6,-19,1,0
"H",8,1,6,-2,541,163
"H",8,1,6,-24,1,0
"H",8,1,6,-3,449,65
"H",8,1,6,-4,357,32
"H",8,1,6,-5,251,5
"H",8,1,6,-6,148,3
"H",8,1,6,-7,125,2
"H",8,1,6,-8,71,1
"H",8,1,6,-9,45,0
"H",8,1,6,0,892,696
"H",8,1,6,1,818,765
"H",8,1,6,10,65,65
"H",8,1,6,11,42,42
"H",8,1,6,12,13,13
"H",8,1,6,13,13,13
"H",8,1,6,14,8,8
"H",8,1,6,15,2,2
"H",8,1,6,16,1,1
"H",8,1,6,17,4,4
"H",8,1,6,18,1,1
"H",8,1,6,19,1,1
"H",8,1,6,2,706,689
"H",8,1,6,23,1,1
"H",8,1,6,3,610,598
"H",8,1,6,4,470,465
"H",8,1,6,5,372,371
"H",8,1,6,6,236,234
"H",8,1,6,7,153,153
"H",8,1,6,8,117,117
"H",8,1,6,9,84,84
"H",8,1,7,-1,498,288
"H",8,1,7,-10,19,0
"H",8,1,7,-11,12,0
"H",8,1,7,-12,11,0
"H",8,1,7,-13,4,0
"H",8,1,7,-14,7,0
"H",8,1,7,-15,1,0
"H",8,1,7,-16,2,0
"H",8,1,7,-2,532,177
"H",8,1,7,-3,293,52
"H",8,1,7,-4,164,11
"H",8,1,7,-5,131,5
"H",8,1,7,-6,89,0
"H",8,1,7,-7,67,0
"H",8,1,7,-8,44,0
"H",8,1,7,-9,23,0
"H",8,1,7,0,612,487
"H",8,1,7,1,586,545
"H",8,1,7,10,31,31
"H",8,1,7,11,30,30
"H",8,1,7,12,19,19
"H",8,1,7,13,9,9
"H",8,1,7,14,5,5
"H",8,1,7,15,4,4
"H",8,1,7,16,1,1
"H",8,1,7,17,1,1
"H",8,1,7,2,616,590
"H",8,1,7,21,1,1
"H",8,1,7,3,482,473
"H",8,1,7,4,403,400
"H",8,1,7,5,274,273
"H",8,1,7,6,195,194
"H",8,1,7,7,153,153
"H",8,1,7,8,97,97
"H",8,1,7,9,68,68
"H",8,1,8,-1,582,334
"H",8,1,8,-10,19,0
"H",8,1,8,-11,13,0
"H",8,1,8,-12,3,0
"H",8,1,8,-13,7,0
"H",8,1,8,-14,4,0
"H",8,1,8,-15,2,0
"H",8,1,8,-16,1,0
"H",8,1,8,-17,1,0
"H",8,1,8,-2,365,122
"H",8,1,8,-22,1,0
"H",8,1,8,-3,255,45
"H",8,1,8,-4,201,23
"H",8,1,8,-5,149,8
"H",8,1,8,-6,104,4
"H",8,1,8,-7,81,2
"H",8,1,8,-8,52,1
"H",8,1,8,-9,33,0
"H",8,1,8,0,847,667
"H",8,1,8,1,733,685
"H",8,1,8,10,35,35
"H",8,1,8,11,22,22
"H",8,1,8,12,15,15
"H",8,1,8,13,5,5
"H",8,1,8,14,5,5
"H",8,1,8,15,4,4
"H",8,1,8,16,2,2
"H",8,1,8,17,2,2
"H",8,1,8,19,1,1
"H",8,1,8,2,620,601
"H",8,1,8,3,452,446
"H",8,1,8,4,365,363
"H",8,1,8,5,267,267
"H",8,1,8,6,169,169
"H",8,1,8,7,99,99
"H",8,1,8,8,82,82
"H",8,1,8,9,52,52
"H",8,2,1,-1,7237,1326
"H",8,2,1,-10,312,0
"H",8,2,1,-11,228,0
"H",8,2,1,-12,140,0
"H",8,2,1,-13,90,0
"H",8,2,1,-14,53,0
"H",8,2,1,-15,25,0
"H",8,2,1,-16,9,0
"H",8,2,1,-17,13,0
"H",8,2,1,-18,2,0
"H",8,2,1,-19,4,0
"H",8,2,1,-2,6184,525
"H",8,2,1,-20,1,0
"H",8,2,1,-21,1,0
"H",8,2,1,-22,2,0
"H",8,2,1,-23,1,0
"H",8,2,1,-25,1,0
"H",8,2,1,-3,4983,178
"H",8,2,1,-4,3621,62
"H",8,2,1,-5,2644,10
"H",8,2,1,-6,1866,1
"H",8,2,1,-7,1265,4
"H",8,2,1,-8,771,0
"H",8,2,1,-9,528,0
"H",8,2,1,0,7569,4158
"H",8,2,1,1,7502,6523
"H",8,2,1,10,441,441
"H",8,2,1,11,264,264
"H",8,2,1,12,161,161
"H",8,2,1,13,111,111
"H",8,2,1,14,66,66
"H",8,2,1,15,36,36
"H",8,2,1,16,24,24
"H",8,2,1,17,13,13
"H",8,2,1,18,8,8
"H",8,2,1,19,4,4
"H",8,2,1,2,6285,5976
"H",8,2,1,20,1,1
"H",8,2,1,21,2,2
"H",8,2,1,26,1,1
"H",8,2,1,3,5158,5052
"H",8,2,1,4,4117,4070
"H",8,2,1,5,2942,2934
"H",8,2,1,6,1997,1991
"H",8,2,1,7,1297,1297
"H",8,2,1,8,955,955
"H",8,2,1,9,683,683
"H",8,2,2,-1,4076,902
"H",8,2,2,-10,187,0
"H",8,2,2,-11,131,0
"H",8,2,2,-12,82,0
"H",8,2,2,-13,45,0
"H",8,2,2,-14,27,0
"H",8,2,2,-15,13,0
"H",8,2,2,-16,10,0
"H",8,2,2,-17,5,0
"H",8,2,2,-18,5,0
"H",8,2,2,-19,5,0
"H",8,2,2,-2,3772,407
"H",8,2,2,-20,1,0
"H",8,2,2,-22,2,0
"H",8,2,2,-23,2,0
"H",8,2,2,-3,2926,139
"H",8,2,2,-4,2223,55
"H",8,2,2,-5,1601,17
"H",8,2,2,-6,1129,2
"H",8,2,2,-7,794,2
"H",8,2,2,-8,458,0
"H",8,2,2,-9,319,0
"H",8,2,2,0,4261,2444
"H",8,2,2,1,3893,3413
"H",8,2,2,10,337,337
"H",8,2,2,11,199,199
"H",8,2,2,12,141,141
"H",8,2,2,13,83,83
"H",8,2,2,14,46,46
"H",8,2,2,15,27,27
"H",8,2,2,16,12,12
"H",8,2,2,17,7,7
"H",8,2,2,18,6,6
"H",8,2,2,19,3,3
"H",8,2,2,2,3531,3344
"H",8,2,2,20,4,4
"H",8,2,2,21,1,1
"H",8,2,2,26,1,1
"H",8,2,2,3,2965,2907
"H",8,2,2,4,2432,2406
"H",8,2,2,5,1862,1856
"H",8,2,2,6,1329,1328
"H",8,2,2,7,941,941
"H",8,2,2,8,691,689
"H",8,2,2,9,438,438
"H",8,2,3,-1,2287,585
"H",8,2,3,-10,78,0
"H",8,2,3,-11,57,0
"H",8,2,3,-12,27,0
"H",8,2,3,-13,13,0
"H",8,2,3,-14,14,0
"H",8,2,3,-15,5,0
"H",8,2,3,-16,6,0
"H",8,2,3,-17,3,0
"H",8,2,3,-2,1360,155
"H",8,2,3,-3,1163,58
"H",8,2,3,-4,828,17
"H",8,2,3,-5,590,5
"H",8,2,3,-6,420,2
"H",8,2,3,-7,282,0
"H",8,2,3,-8,179,0
"H",8,2,3,-9,110,0
"H",8,2,3,0,2510,1545
"H",8,2,3,1,2534,2233
"H",8,2,3,10,166,166
"H",8,2,3,11,94,94
"H",8,2,3,12,89,89
"H",8,2,3,13,30,30
"H",8,2,3,14,24,24
"H",8,2,3,15,22,22
"H",8,2,3,16,9,9
"H",8,2,3,17,4,4
"H",8,2,3,18,2,2
"H",8,2,3,19,2,2
"H",8,2,3,2,2306,2199
"H",8,2,3,22,1,1
"H",8,2,3,24,1,1
"H",8,2,3,25,1,1
"H",8,2,3,3,2017,1975
"H",8,2,3,4,1581,1567
"H",8,2,3,5,1141,1136
"H",8,2,3,6,791,789
"H",8,2,3,7,485,485
"H",8,2,3,8,350,350
"H",8,2,3,9,246,246
"H",8,2,4,-1,1807,521
"H",8,2,4,-10,77,0
"H",8,2,4,-11,49,0
"H",8,2,4,-12,32,0
"H",8,2,4,-13,19,0
"H",8,2,4,-14,12,0
"H",8,2,4,-15,3,0
"H",8,2,4,-16,4,0
"H",8,2,4,-17,2,0
"H",8,2,4,-19,2,0
"H",8,2,4,-2,1534,232
"H",8,2,4,-20,1,0
"H",8,2,4,-21,1,0
"H",8,2,4,-3,1243,93
"H",8,2,4,-4,963,45
"H",8,2,4,-5,624,10
"H",8,2,4,-6,479,2
"H",8,2,4,-7,326,1
"H",8,2,4,-8,200,0
"H",8,2,4,-9,136,0
"H",8,2,4,0,2496,1568
"H",8,2,4,1,2256,1991
"H",8,2,4,10,174,174
"H",8,2,4,11,110,110
"H",8,2,4,12,69,69
"H",8,2,4,13,49,49
"H",8,2,4,14,20,20
"H",8,2,4,15,15,15
"H",8,2,4,16,5,5
"H",8,2,4,17,4,4
"H",8,2,4,18,5,5
"H",8,2,4,19,4,4
"H",8,2,4,2,1947,1841
"H",8,2,4,3,1623,1599
"H",8,2,4,4,1213,1209
"H",8,2,4,5,921,918
"H",8,2,4,6,702,702
"H",8,2,4,7,481,481
"H",8,2,4,8,340,339
"H",8,2,4,9,247,247
"H",8,2,5,-1,988,275
"H",8,2,5,-10,25,0
"H",8,2,5,-11,15,0
"H",8,2,5,-12,7,0
"H",8,2,5,-13,8,0
"H",8,2,5,-14,10,0
"H",8,2,5,-15,3,0
"H",8,2,5,-16,2,0
"H",8,2,5,-18,1,0
"H",8,2,5,-19,1,0
"H",8,2,5,-2,505,49
"H",8,2,5,-3,432,23
"H",8,2,5,-4,334,4
"H",8,2,5,-5,227,3
"H",8,2,5,-6,164,1
"H",8,2,5,-7,97,0
"H",8,2,5,-8,75,0
"H",8,2,5,-9,48,0
"H",8,2,5,0,946,599
"H",8,2,5,1,956,850
"H",8,2,5,10,61,61
"H",8,2,5,11,53,53
"H",8,2,5,12,42,42
"H",8,2,5,13,19,19
"H",8,2,5,14,8,8
"H",8,2,5,15,10,10
"H",8,2,5,16,7,7
"H",8,2,5,17,4,4
"H",8,2,5,18,3,3
"H",8,2,5,19,1,1
"H",8,2,5,2,970,914
"H",8,2,5,21,1,1
"H",8,2,5,3,837,822
"H",8,2,5,4,637,636
"H",8,2,5,5,507,506
"H",8,2,5,6,326,325
"H",8,2,5,7,254,254
"H",8,2,5,8,161,161
"H",8,2,5,9,137,137
"H",8,2,6,-1,955,277
"H",8,2,6,-10,34,0
"H",8,2,6,-11,21,0
"H",8,2,6,-12,15,0
"H",8,2,6,-13,10,0
"H",8,2,6,-14,11,0
"H",8,2,6,-15,4,0
"H",8,2,6,-16,1,0
"H",8,2,6,-17,1,0
"H",8,2,6,-2,644,96
"H",8,2,6,-3,527,45
"H",8,2,6,-4,403,17
"H",8,2,6,-5,295,7
"H",8,2,6,-6,183,1
"H",8,2,6,-7,121,0
"H",8,2,6,-8,65,0
"H",8,2,6,-9,37,0
"H",8,2,6,0,1083,685
"H",8,2,6,1,1056,936
"H",8,2,6,10,74,74
"H",8,2,6,11,48,48
"H",8,2,6,12,45,45
"H",8,2,6,13,13,13
"H",8,2,6,14,6,6
"H",8,2,6,15,6,6
"H",8,2,6,16,5,5
"H",8,2,6,17,2,2
"H",8,2,6,18,2,2
"H",8,2,6,2,962,916
"H",8,2,6,20,1,1
"H",8,2,6,3,784,768
"H",8,2,6,4,601,599
"H",8,2,6,5,467,467
"H",8,2,6,6,331,329
"H",8,2,6,7,237,237
"H",8,2,6,8,143,143
"H",8,2,6,9,109,109
"H",8,2,7,-1,437,134
"H",8,2,7,-10,21,0
"H",8,2,7,-11,18,0
"H",8,2,7,-12,18,0
"H",8,2,7,-13,4,0
"H",8,2,7,-14,1,0
"H",8,2,7,-15,5,0
"H",8,2,7,-16,2,0
"H",8,2,7,-17,2,0
"H",8,2,7,-18,1,0
"H",8,2,7,-2,435,87
"H",8,2,7,-3,333,22
"H",8,2,7,-4,233,11
"H",8,2,7,-5,136,3
"H",8,2,7,-6,118,0
"H",8,2,7,-7,81,0
"H",8,2,7,-8,43,0
"H",8,2,7,-9,28,0
"H",8,2,7,0,582,380
"H",8,2,7,1,660,599
"H",8,2,7,10,57,57
"H",8,2,7,11,40,40
"H",8,2,7,12,22,22
"H",8,2,7,13,14,14
"H",8,2,7,14,11,11
"H",8,2,7,15,7,7
"H",8,2,7,16,3,3
"H",8,2,7,17,2,2
"H",8,2,7,18,1,1
"H",8,2,7,2,618,582
"H",8,2,7,20,1,1
"H",8,2,7,21,1,1
"H",8,2,7,3,527,520
"H",8,2,7,4,431,423
"H",8,2,7,5,296,293
"H",8,2,7,6,198,196
"H",8,2,7,7,156,156
"H",8,2,7,8,109,109
"H",8,2,7,9,72,72
"H",8,2,8,-1,687,265
"H",8,2,8,-10,28,0
"H",8,2,8,-11,15,0
"H",8,2,8,-12,12,0
"H",8,2,8,-13,7,0
"H",8,2,8,-14,4,0
"H",8,2,8,-15,2,0
"H",8,2,8,-16,2,0
"H",8,2,8,-2,468,92
"H",8,2,8,-20,1,0
"H",8,2,8,-3,335,34
"H",8,2,8,-4,284,20
"H",8,2,8,-5,179,7
"H",8,2,8,-6,124,1
"H",8,2,8,-7,89,1
"H",8,2,8,-8,55,0
"H",8,2,8,-9,30,0
"H",8,2,8,0,968,652
"H",8,2,8,1,867,790
"H",8,2,8,10,54,54
"H",8,2,8,11,36,36
"H",8,2,8,12,24,24
"H",8,2,8,13,16,16
"H",8,2,8,14,5,5
"H",8,2,8,15,8,8
"H",8,2,8,16,2,2
"H",8,2,8,2,764,732
"H",8,2,8,3,574,562
"H",8,2,8,4,450,446
"H",8,2,8,5,330,329
"H",8,2,8,6,234,233
"H",8,2,8,7,154,154
"H",8,2,8,8,96,96
"H",8,2,8,9,87,87
"H",9,0,1,-1,13050,2420
"H",9,0,1,-10,779,0
"H",9,0,1,-11,529,0
"H",9,0,1,-12,326,0
"H",9,0,1,-13,203,0
"H",9,0,1,-14,162,0
"H",9,0,1,-15,77,0
"H",9,0,1,-16,53,0
"H",9,0,1,-17,29,0
"H",9,0,1,-18,20,0
"H",9,0,1,-19,10,0
"H",9,0,1,-2,11285,934
"H",9,0,1,-20,5,0
"H",9,0,1,-21,2,0
"H",9,0,1,-22,4,0
"H",9,0,1,-23,3,0
"H",9,0,1,-25,1,0
"H",9,0,1,-3,9330,348
"H",9,0,1,-4,7295,108
"H",9,0,1,-5,5400,49
"H",9,0,1,-6,3891,7
"H",9,0,1,-7,2827,4
"H",9,0,1,-8,1898,0
"H",9,0,1,-9,1197,0
"H",9,0,1,0,13020,8554
"H",9,0,2,-1,3570,1104
"H",9,0,2,-10,218,0
"H",9,0,2,-11,139,0
"H",9,0,2,-12,81,0
"H",9,0,2,-13,67,0
"H",9,0,2,-14,47,0
"H",9,0,2,-15,24,0
"H",9,0,2,-16,14,0
"H",9,0,2,-17,4,0
"H",9,0,2,-18,6,0
"H",9,0,2,-19,3,0
"H",9,0,2,-2,3061,499
"H",9,0,2,-20,1,0
"H",9,0,2,-21,1,0
"H",9,0,2,-22,3,0
"H",9,0,2,-25,1,0
"H",9,0,2,-3,2471,219
"H",9,0,2,-4,1935,63
"H",9,0,2,-5,1448,33
"H",9,0,2,-6,1024,5
"H",9,0,2,-7,793,3
"H",9,0,2,-8,538,0
"H",9,0,2,-9,294,0
"H",9,0,2,0,3623,2629
"H",9,0,3,-1,707,303
"H",9,0,3,-10,45,0
"H",9,0,3,-11,37,0
"H",9,0,3,-12,18,0
"H",9,0,3,-13,13,0
"H",9,0,3,-14,14,0
"H",9,0,3,-15,5,0
"H",9,0,3,-16,6,0
"H",9,0,3,-17,3,0
"H",9,0,3,-18,2,0
"H",9,0,3,-19,2,0
"H",9,0,3,-2,628,118
"H",9,0,3,-20,1,0
"H",9,0,3,-3,531,37
"H",9,0,3,-4,404,16
"H",9,0,3,-5,337,7
"H",9,0,3,-6,225,0
"H",9,0,3,-7,186,0
"H",9,0,3,-8,130,0
"H",9,0,3,-9,69,0
"H",9,0,3,0,797,652
"H",9,0,4,-1,590,316
"H",9,0,4,-10,62,0
"H",9,0,4,-11,32,0
"H",9,0,4,-12,23,0
"H",9,0,4,-13,20,0
"H",9,0,4,-14,12,0
"H",9,0,4,-15,6,0
"H",9,0,4,-16,4,0
"H",9,0,4,-17,2,0
"H",9,0,4,-18,2,0
"H",9,0,4,-2,814,228
"H",9,0,4,-20,1,0
"H",9,0,4,-22,1,0
"H",9,0,4,-23,1,0
"H",9,0,4,-25,1,0
"H",9,0,4,-3,664,125
"H",9,0,4,-4,519,38
"H",9,0,4,-5,377,17
"H",9,0,4,-6,275,1
"H",9,0,4,-7,197,2
"H",9,0,4,-8,118,0
"H",9,0,4,-9,88,0
"H",9,0,4,0,719,597
"H",9,0,5,-1,155,85
"H",9,0,5,-10,13,0
"H",9,0,5,-11,13,0
"H",9,0,5,-12,4,0
"H",9,0,5,-13,3,0
"H",9,0,5,-14,5,0
"H",9,0,5,-15,3,0
"H",9,0,5,-16,1,0
"H",9,0,5,-2,145,28
"H",9,0,5,-3,110,8
"H",9,0,5,-4,111,8
"H",9,0,5,-5,99,1
"H",9,0,5,-6,51,0
"H",9,0,5,-7,36,0
"H",9,0,5,-8,34,0
"H",9,0,5,-9,21,0
"H",9,0,5,0,184,168
"H",9,0,6,-1,253,172
"H",9,0,6,-10,14,0
"H",9,0,6,-11,10,0
"H",9,0,6,-12,7,0
"H",9,0,6,-13,6,0
"H",9,0,6,-14,3,0
"H",9,0,6,-15,2,0
"H",9,0,6,-16,3,0
"H",9,0,6,-18,1,0
"H",9,0,6,-19,1,0
"H",9,0,6,-2,265,81
"H",9,0,6,-3,190,33
"H",9,0,6,-4,132,9
"H",9,0,6,-5,92,1
"H",9,0,6,-6,60,0
"H",9,0,6,-7,54,0
"H",9,0,6,-8,35,0
"H",9,0,6,-9,18,0
"H",9,0,6,0,363,341
"H",9,0,7,-1,144,100
"H",9,0,7,-10,14,0
"H",9,0,7,-11,12,0
"H",9,0,7,-12,4,0
"H",9,0,7,-13,2,0
"H",9,0,7,-14,2,0
"H",9,0,7,-15,2,0
"H",9,0,7,-16,1,0
"H",9,0,7,-17,1,0
"H",9,0,7,-2,126,54
"H",9,0,7,-22,1,0
"H",9,0,7,-3,117,18
"H",9,0,7,-4,85,7
"H",9,0,7,-5,86,3
"H",9,0,7,-6,49,1
"H",9,0,7,-7,40,0
"H",9,0,7,-8,21,0
"H",9,0,7,-9,13,0
"H",9,0,7,0,148,138
"H",9,0,8,-1,216,152
"H",9,0,8,-10,19,0
"H",9,0,8,-11,8,0
"H",9,0,8,-12,3,0
"H",9,0,8,-13,3,0
"H",9,0,8,-14,2,0
"H",9,0,8,-15,1,0
"H",9,0,8,-16,1,0
"H",9,0,8,-2,168,80
"H",9,0,8,-25,1,0
"H",9,0,8,-3,163,56
"H",9,0,8,-4,120,16
"H",9,0,8,-5,94,12
"H",9,0,8,-6,69,2
"H",9,0,8,-7,46,2
"H",9,0,8,-8,30,0
"H",9,0,8,-9,21,0
"H",9,0,8,0,482,447
"H",9,1,1,-1,9067,940
"H",9,1,1,-10,524,0
"H",9,1,1,-11,348,0
"H",9,1,1,-12,237,0
"H",9,1,1,-13,132,0
"H",9,1,1,-14,109,0
"H",9,1,1,-15,47,0
"H",9,1,1,-16,33,0
"H",9,1,1,-17,23,0
"H",9,1,1,-18,12,0
"H",9,1,1,-19,5,0
"H",9,1,1,-2,7756,311
"H",9,1,1,-20,3,0
"H",9,1,1,-21,1,0
"H",9,1,1,-22,1,0
"H",9,1,1,-23,3,0
"H",9,1,1,-3,6482,99
"H",9,1,1,-4,5006,29
"H",9,1,1,-5,3667,7
"H",9,1,1,-6,2638,1
"H",9,1,1,-7,1877,1
"H",9,1,1,-8,1244,0
"H",9,1,1,-9,843,0
"H",9,1,1,0,8924,5386
"H",9,1,2,-1,3746,748
"H",9,1,2,-10,254,0
"H",9,1,2,-11,158,0
"H",9,1,2,-12,100,0
"H",9,1,2,-13,59,0
"H",9,1,2,-14,48,0
"H",9,1,2,-15,24,0
"H",9,1,2,-16,19,0
"H",9,1,2,-17,8,0
"H",9,1,2,-18,7,0
"H",9,1,2,-19,2,0
"H",9,1,2,-2,3603,347
"H",9,1,2,-20,2,0
"H",9,1,2,-21,1,0
"H",9,1,2,-22,2,0
"H",9,1,2,-3,2975,109
"H",9,1,2,-4,2325,32
"H",9,1,2,-5,1702,11
"H",9,1,2,-6,1200,4
"H",9,1,2,-7,904,2
"H",9,1,2,-8,594,0
"H",9,1,2,-9,366,0
"H",9,1,2,0,3795,2521
"H",9,1,3,-1,2082,572
"H",9,1,3,-10,85,0
"H",9,1,3,-11,53,0
"H",9,1,3,-12,32,0
"H",9,1,3,-13,22,0
"H",9,1,3,-14,20,0
"H",9,1,3,-15,11,0
"H",9,1,3,-16,4,0
"H",9,1,3,-17,4,0
"H",9,1,3,-18,5,0
"H",9,1,3,-19,2,0
"H",9,1,3,-2,1015,99
"H",9,1,3,-3,807,30
"H",9,1,3,-4,711,12
"H",9,1,3,-5,532,5
"H",9,1,3,-6,390,0
"H",9,1,3,-7,304,0
"H",9,1,3,-8,212,0
"H",9,1,3,-9,136,0
"H",9,1,3,0,2551,1831
"H",9,1,4,-1,1232,444
"H",9,1,4,-10,87,0
"H",9,1,4,-11,54,0
"H",9,1,4,-12,34,0
"H",9,1,4,-13,29,0
"H",9,1,4,-14,20,0
"H",9,1,4,-15,9,0
"H",9,1,4,-16,7,0
"H",9,1,4,-17,2,0
"H",9,1,4,-18,1,0
"H",9,1,4,-19,1,0
"H",9,1,4,-2,1310,249
"H",9,1,4,-23,1,0
"H",9,1,4,-3,1055,108
"H",9,1,4,-4,834,27
"H",9,1,4,-5,620,11
"H",9,1,4,-6,432,3
"H",9,1,4,-7,336,1
"H",9,1,4,-8,192,0
"H",9,1,4,-9,134,0
"H",9,1,4,0,2215,1667
"H",9,1,5,-1,519,219
"H",9,1,5,-10,30,0
"H",9,1,5,-11,13,0
"H",9,1,5,-12,9,0
"H",9,1,5,-13,8,0
"H",9,1,5,-14,10,0
"H",9,1,5,-15,4,0
"H",9,1,5,-16,1,0
"H",9,1,5,-18,1,0
"H",9,1,5,-19,1,0
"H",9,1,5,-2,318,39
"H",9,1,5,-3,267,7
"H",9,1,5,-4,212,6
"H",9,1,5,-5,179,0
"H",9,1,5,-6,126,0
"H",9,1,5,-7,104,0
"H",9,1,5,-8,67,0
"H",9,1,5,-9,35,0
"H",9,1,5,0,513,431
"H",9,1,6,-1,651,306
"H",9,1,6,-10,40,0
"H",9,1,6,-11,23,0
"H",9,1,6,-12,12,0
"H",9,1,6,-13,13,0
"H",9,1,6,-14,12,0
"H",9,1,6,-15,6,0
"H",9,1,6,-16,2,0
"H",9,1,6,-17,2,0
"H",9,1,6,-18,2,0
"H",9,1,6,-2,501,80
"H",9,1,6,-3,400,38
"H",9,1,6,-4,294,8
"H",9,1,6,-5,230,3
"H",9,1,6,-6,180,0
"H",9,1,6,-7,128,0
"H",9,1,6,-8,88,0
"H",9,1,6,-9,65,0
"H",9,1,6,0,834,709
"H",9,1,7,-1,439,243
"H",9,1,7,-10,16,0
"H",9,1,7,-11,15,0
"H",9,1,7,-12,10,0
"H",9,1,7,-13,7,0
"H",9,1,7,-14,3,0
"H",9,1,7,-15,4,0
"H",9,1,7,-16,2,0
"H",9,1,7,-17,3,0
"H",9,1,7,-2,471,145
"H",9,1,7,-22,1,0
"H",9,1,7,-3,247,22
"H",9,1,7,-4,236,13
"H",9,1,7,-5,134,2
"H",9,1,7,-6,102,0
"H",9,1,7,-7,93,0
"H",9,1,7,-8,49,0
"H",9,1,7,-9,43,0
"H",9,1,7,0,503,421
"H",9,1,8,-1,563,299
"H",9,1,8,-10,22,0
"H",9,1,8,-11,16,0
"H",9,1,8,-12,8,0
"H",9,1,8,-13,10,0
"H",9,1,8,-14,3,0
"H",9,1,8,-15,2,0
"H",9,1,8,-16,1,0
"H",9,1,8,-2,373,119
"H",9,1,8,-3,299,61
"H",9,1,8,-4,223,20
"H",9,1,8,-5,150,5
"H",9,1,8,-6,111,2
"H",9,1,8,-7,85,2
"H",9,1,8,-8,43,0
"H",9,1,8,-9,44,0
"H",9,1,8,0,1323,1141
"H",9,2,1,-1,6837,265
"H",9,2,1,-10,379,0
"H",9,2,1,-11,269,0
"H",9,2,1,-12,181,0
"H",9,2,1,-13,101,0
"H",9,2,1,-14,75,0
"H",9,2,1,-15,33,0
"H",9,2,1,-16,25,0
"H",9,2,1,-17,16,0
"H",9,2,1,-18,10,0
"H",9,2,1,-19,4,0
"H",9,2,1,-2,5829,82
"H",9,2,1,-20,2,0
"H",9,2,1,-21,1,0
"H",9,2,1,-22,1,0
"H",9,2,1,-23,3,0
"H",9,2,1,-3,4870,30
"H",9,2,1,-4,3708,4
"H",9,2,1,-5,2720,1
"H",9,2,1,-6,2008,0
"H",9,2,1,-7,1394,0
"H",9,2,1,-8,944,0
"H",9,2,1,-9,619,0
"H",9,2,1,0,6638,3674
"H",9,2,2,-1,3935,347
"H",9,2,2,-10,240,0
"H",9,2,2,-11,164,0
"H",9,2,2,-12,98,0
"H",9,2,2,-13,60,0
"H",9,2,2,-14,43,0
"H",9,2,2,-15,27,0
"H",9,2,2,-16,10,0
"H",9,2,2,-17,11,0
"H",9,2,2,-18,6,0
"H",9,2,2,-19,3,0
"H",9,2,2,-2,3671,134
"H",9,2,2,-20,3,0
"H",9,2,2,-21,2,0
"H",9,2,2,-22,1,0
"H",9,2,2,-23,1,0
"H",9,2,2,-3,3070,40
"H",9,2,2,-4,2287,12
"H",9,2,2,-5,1610,2
"H",9,2,2,-6,1154,1
"H",9,2,2,-7,862,1
"H",9,2,2,-8,605,0
"H",9,2,2,-9,351,0
"H",9,2,2,0,3720,2151
"H",9,2,3,-1,1954,249
"H",9,2,3,-10,109,0
"H",9,2,3,-11,76,0
"H",9,2,3,-12,45,0
"H",9,2,3,-13,26,0
"H",9,2,3,-14,20,0
"H",9,2,3,-15,12,0
"H",9,2,3,-16,6,0
"H",9,2,3,-17,6,0
"H",9,2,3,-18,1,0
"H",9,2,3,-2,1336,49
"H",9,2,3,-22,2,0
"H",9,2,3,-23,1,0
"H",9,2,3,-3,1127,10
"H",9,2,3,-4,967,6
"H",9,2,3,-5,716,2
"H",9,2,3,-6,511,0
"H",9,2,3,-7,362,0
"H",9,2,3,-8,255,0
"H",9,2,3,-9,181,0
"H",9,2,3,0,2145,1326
"H",9,2,4,-1,1622,286
"H",9,2,4,-10,89,0
"H",9,2,4,-11,66,0
"H",9,2,4,-12,44,0
"H",9,2,4,-13,31,0
"H",9,2,4,-14,18,0
"H",9,2,4,-15,10,0
"H",9,2,4,-16,7,0
"H",9,2,4,-18,3,0
"H",9,2,4,-19,2,0
"H",9,2,4,-2,1575,129
"H",9,2,4,-20,1,0
"H",9,2,4,-21,1,0
"H",9,2,4,-23,1,0
"H",9,2,4,-3,1298,49
"H",9,2,4,-4,1010,9
"H",9,2,4,-5,697,1
"H",9,2,4,-6,482,1
"H",9,2,4,-7,402,1
"H",9,2,4,-8,243,0
"H",9,2,4,-9,132,0
"H",9,2,4,0,2509,1594
"H",9,2,5,-1,812,131
"H",9,2,5,-10,41,0
"H",9,2,5,-11,24,0
"H",9,2,5,-12,16,0
"H",9,2,5,-13,10,0
"H",9,2,5,-14,14,0
"H",9,2,5,-15,4,0
"H",9,2,5,-16,2,0
"H",9,2,5,-17,2,0
"H",9,2,5,-18,2,0
"H",9,2,5,-2,488,29
"H",9,2,5,-20,1,0
"H",9,2,5,-3,506,7
"H",9,2,5,-4,400,2
"H",9,2,5,-5,308,1
"H",9,2,5,-6,220,0
"H",9,2,5,-7,152,0
"H",9,2,5,-8,105,0
"H",9,2,5,-9,70,0
"H",9,2,5,0,619,431
"H",9,2,6,-1,826,163
"H",9,2,6,-10,39,0
"H",9,2,6,-11,32,0
"H",9,2,6,-12,18,0
"H",9,2,6,-13,8,0
"H",9,2,6,-14,6,0
"H",9,2,6,-15,5,0
"H",9,2,6,-16,1,0
"H",9,2,6,-17,2,0
"H",9,2,6,-18,1,0
"H",9,2,6,-2,639,59
"H",9,2,6,-22,1,0
"H",9,2,6,-3,504,21
"H",9,2,6,-4,405,6
"H",9,2,6,-5,301,2
"H",9,2,6,-6,200,1
"H",9,2,6,-7,137,0
"H",9,2,6,-8,90,0
"H",9,2,6,-9,56,0
"H",9,2,6,0,1003,697
"H",9,2,7,-1,411,94
"H",9,2,7,-10,29,0
"H",9,2,7,-11,19,0
"H",9,2,7,-12,13,0
"H",9,2,7,-13,13,0
"H",9,2,7,-14,3,0
"H",9,2,7,-15,4,0
"H",9,2,7,-16,1,0
"H",9,2,7,-17,2,0
"H",9,2,7,-2,440,63
"H",9,2,7,-3,341,18
"H",9,2,7,-4,243,1
"H",9,2,7,-5,202,1
"H",9,2,7,-6,142,0
"H",9,2,7,-7,93,0
"H",9,2,7,-8,47,0
"H",9,2,7,-9,41,0
"H",9,2,7,0,655,434
"H",9,2,8,-1,609,148
"H",9,2,8,-10,22,0
"H",9,2,8,-11,17,0
"H",9,2,8,-12,11,0
"H",9,2,8,-13,7,0
"H",9,2,8,-14,2,0
"H",9,2,8,-15,3,0
"H",9,2,8,-16,2,0
"H",9,2,8,-2,467,91
"H",9,2,8,-21,1,0
"H",9,2,8,-3,361,35
"H",9,2,8,-4,276,10
"H",9,2,8,-5,211,5
"H",9,2,8,-6,135,2
"H",9,2,8,-7,101,0
"H",9,2,8,-8,60,0
"H",9,2,8,-9,41,0
"H",9,2,8,0,1250,843
"H",10,0,1,-1,1693,336
"H",10,0,1,-11,1,0
"H",10,0,1,-2,761,65
"H",10,0,1,-3,368,16
"H",10,0,1,-4,159,4
"H",10,0,1,-5,69,0
"H",10,0,1,-6,24,0
"H",10,0,1,-7,8,0
"H",10,0,1,-8,7,0
"H",10,0,1,-9,3,0
"H",10,0,1,0,8920,5892
"H",10,0,2,-1,464,146
"H",10,0,2,-11,1,0
"H",10,0,2,-2,205,36
"H",10,0,2,-3,92,9
"H",10,0,2,-4,46,3
"H",10,0,2,-5,18,0
"H",10,0,2,-6,4,0
"H",10,0,2,-7,2,0
"H",10,0,2,-8,3,0
"H",10,0,2,-9,1,0
"H",10,0,2,0,2460,1803
"H",10,0,3,-1,74,39
"H",10,0,3,-2,42,9
"H",10,0,3,-3,20,2
"H",10,0,3,-4,10,0
"H",10,0,3,-5,7,0
"H",10,0,3,-6,1,0
"H",10,0,3,-8,2,0
"H",10,0,3,0,504,413
"H",10,0,4,-1,79,41
"H",10,0,4,-11,1,0
"H",10,0,4,-2,49,15
"H",10,0,4,-3,25,4
"H",10,0,4,-4,13,3
"H",10,0,4,-5,5,0
"H",10,0,4,-6,4,0
"H",10,0,4,-7,1,0
"H",10,0,4,-8,1,0
"H",10,0,4,0,443,384
"H",10,0,5,-1,21,10
"H",10,0,5,-2,3,2
"H",10,0,5,-3,3,0
"H",10,0,5,-4,3,0
"H",10,0,5,-8,1,0
"H",10,0,5,0,106,95
"H",10,0,6,-1,18,10
"H",10,0,6,-2,16,8
"H",10,0,6,-3,5,1
"H",10,0,6,-4,5,0
"H",10,0,6,-5,1,0
"H",10,0,6,-8,1,0
"H",10,0,6,0,171,149
"H",10,0,7,-1,16,9
"H",10,0,7,-2,9,6
"H",10,0,7,-3,3,1
"H",10,0,7,-4,4,0
"H",10,0,7,0,71,67
"H",10,0,8,-1,25,15
"H",10,0,8,-2,13,8
"H",10,0,8,-3,6,3
"H",10,0,8,-4,1,1
"H",10,0,8,-5,2,0
"H",10,0,8,-6,1,0
"H",10,0,8,-8,1,0
"H",10,0,8,0,232,214
"H",10,1,1,-1,1158,137
"H",10,1,1,-2,518,18
"H",10,1,1,-3,258,6
"H",10,1,1,-4,101,1
"H",10,1,1,-5,45,0
"H",10,1,1,-6,19,0
"H",10,1,1,-7,6,0
"H",10,1,1,-8,3,0
"H",10,1,1,-9,2,0
"H",10,1,1,0,5950,3601
"H",10,1,2,-1,442,96
"H",10,1,2,-2,232,14
"H",10,1,2,-3,114,7
"H",10,1,2,-4,47,0
"H",10,1,2,-5,26,0
"H",10,1,2,-6,8,0
"H",10,1,2,-7,5,0
"H",10,1,2,-8,2,0
"H",10,1,2,-9,1,0
"H",10,1,2,0,2357,1579
"H",10,1,3,-1,272,82
"H",10,1,3,-2,50,3
"H",10,1,3,-3,37,4
"H",10,1,3,-4,8,0
"H",10,1,3,-5,4,0
"H",10,1,3,-6,2,0
"H",10,1,3,-8,2,0
"H",10,1,3,0,1599,1158
"H",10,1,4,-1,152,67
"H",10,1,4,-11,1,0
"H",10,1,4,-2,77,9
"H",10,1,4,-3,49,9
"H",10,1,4,-4,21,0
"H",10,1,4,-5,8,0
"H",10,1,4,-6,3,0
"H",10,1,4,-7,2,0
"H",10,1,4,-8,1,0
"H",10,1,4,0,1221,894
"H",10,1,5,-1,53,26
"H",10,1,5,-2,15,2
"H",10,1,5,-3,12,1
"H",10,1,5,-4,4,0
"H",10,1,5,-5,2,0
"H",10,1,5,-6,1,0
"H",10,1,5,0,274,227
"H",10,1,6,-1,70,43
"H",10,1,6,-2,27,10
"H",10,1,6,-3,16,4
"H",10,1,6,-4,6,1
"H",10,1,6,-5,2,0
"H",10,1,6,-6,1,0
"H",10,1,6,-7,1,0
"H",10,1,6,-8,2,0
"H",10,1,6,0,425,350
"H",10,1,7,-1,61,40
"H",10,1,7,-2,24,7
"H",10,1,7,-3,7,0
"H",10,1,7,-4,4,0
"H",10,1,7,-5,2,0
"H",10,1,7,-6,2,0
"H",10,1,7,0,282,247
"H",10,1,8,-1,61,39
"H",10,1,8,-2,22,3
"H",10,1,8,-3,11,2
"H",10,1,8,-4,3,0
"H",10,1,8,-5,5,0
"H",10,1,8,0,644,554
"H",10,2,1,-1,862,39
"H",10,2,1,-2,394,9
"H",10,2,1,-3,186,1
"H",10,2,1,-4,75,1
"H",10,2,1,-5,30,0
"H",10,2,1,-6,12,0
"H",10,2,1,-7,2,0
"H",10,2,1,-8,2,0
"H",10,2,1,-9,2,0
"H",10,2,1,0,4195,2353
"H",10,2,2,-1,454,38
"H",10,2,2,-2,221,10
"H",10,2,2,-3,94,1
"H",10,2,2,-4,40,0
"H",10,2,2,-5,24,0
"H",10,2,2,-6,8,0
"H",10,2,2,-7,4,0
"H",10,2,2,-8,2,0
"H",10,2,2,0,2054,1254
"H",10,2,3,-1,224,36
"H",10,2,3,-2,80,2
"H",10,2,3,-3,34,0
"H",10,2,3,-4,16,0
"H",10,2,3,-5,5,0
"H",10,2,3,-6,2,0
"H",10,2,3,-8,1,0
"H",10,2,3,0,1112,668
"H",10,2,4,-1,187,35
"H",10,2,4,-10,1,0
"H",10,2,4,-11,1,0
"H",10,2,4,-2,91,6
"H",10,2,4,-3,46,2
"H",10,2,4,-4,17,0
"H",10,2,4,-5,8,0
"H",10,2,4,-6,4,0
"H",10,2,4,-7,2,0
"H",10,2,4,-8,2,0
"H",10,2,4,0,1256,787
"H",10,2,5,-1,75,9
"H",10,2,5,-2,22,0
"H",10,2,5,-3,19,0
"H",10,2,5,-4,5,0
"H",10,2,5,-5,4,0
"H",10,2,5,-6,2,0
"H",10,2,5,0,322,223
"H",10,2,6,-1,79,18
"H",10,2,6,-2,36,2
"H",10,2,6,-3,13,1
"H",10,2,6,-4,6,0
"H",10,2,6,-5,1,0
"H",10,2,6,-6,1,0
"H",10,2,6,-7,1,0
"H",10,2,6,-8,1,0
"H",10,2,6,0,445,301
"H",10,2,7,-1,34,10
"H",10,2,7,-2,26,2
"H",10,2,7,-3,9,0
"H",10,2,7,-4,6,0
"H",10,2,7,-5,2,0
"H",10,2,7,-8,2,0
"H",10,2,7,0,304,197
"H",10,2,8,-1,62,14
"H",10,2,8,-2,28,3
"H",10,2,8,-3,13,1
"H",10,2,8,-4,6,0
"H",10,2,8,-5,5,0
"H",10,2,8,-8,1,0
"H",10,2,8,0,572,394
"H",11,0,1,-1,909,164
"H",11,0,1,-2,432,21
"H",11,0,1,-3,176,9
"H",11,0,1,-4,83,1
"H",11,0,1,-5,36,1
"H",11,0,1,-6,23,0
"H",11,0,1,-7,8,0
"H",11,0,1,-8,4,0
"H",11,0,1,-9,1,0
"H",11,0,1,0,5046,3362
"H",11,0,2,-1,247,72
"H",11,0,2,-2,122,13
"H",11,0,2,-3,57,5
"H",11,0,2,-4,30,1
"H",11,0,2,-5,12,1
"H",11,0,2,-6,6,0
"H",11,0,2,-7,2,0
"H",11,0,2,-8,2,0
"H",11,0,2,-9,1,0
"H",11,0,2,0,1445,1057
"H",11,0,3,-1,60,27
"H",11,0,3,-2,23,2
"H",11,0,3,-3,12,3
"H",11,0,3,-4,4,0
"H",11,0,3,-5,2,0
"H",11,0,3,-6,2,0
"H",11,0,3,0,299,250
"H",11,0,4,-1,41,22
"H",11,0,4,-2,37,5
"H",11,0,4,-3,14,4
"H",11,0,4,-4,11,1
"H",11,0,4,-5,3,1
"H",11,0,4,-6,1,0
"H",11,0,4,-7,2,0
"H",11,0,4,0,302,249
"H",11,0,5,-1,8,5
"H",11,0,5,-2,6,1
"H",11,0,5,-3,2,0
"H",11,0,5,-5,1,0
"H",11,0,5,-6,1,0
"H",11,0,5,0,68,60
"H",11,0,6,-1,19,12
"H",11,0,6,-2,8,1
"H",11,0,6,-3,3,1
"H",11,0,6,-4,2,0
"H",11,0,6,-5,1,0
"H",11,0,6,-9,1,0
"H",11,0,6,0,121,109
"H",11,0,7,-1,5,5
"H",11,0,7,-2,10,3
"H",11,0,7,-3,2,1
"H",11,0,7,-5,2,0
"H",11,0,7,-6,1,0
"H",11,0,7,0,45,41
"H",11,0,8,-1,9,8
"H",11,0,8,-2,3,0
"H",11,0,8,-3,1,0
"H",11,0,8,-4,1,0
"H",11,0,8,-5,2,1
"H",11,0,8,-7,1,0
"H",11,0,8,0,164,150
"H",11,1,1,-1,607,54
"H",11,1,1,-2,282,6
"H",11,1,1,-3,111,1
"H",11,1,1,-4,53,0
"H",11,1,1,-5,23,0
"H",11,1,1,-6,14,0
"H",11,1,1,-7,6,0
"H",11,1,1,-8,2,0
"H",11,1,1,0,3292,2016
"H",11,1,2,-1,246,43
"H",11,1,2,-2,122,6
"H",11,1,2,-3,60,4
"H",11,1,2,-4,35,0
"H",11,1,2,-5,12,0
"H",11,1,2,-6,7,0
"H",11,1,2,-7,1,0
"H",11,1,2,-8,2,0
"H",11,1,2,0,1334,886
"H",11,1,3,-1,149,34
"H",11,1,3,-2,42,2
"H",11,1,3,-3,15,0
"H",11,1,3,-4,6,0
"H",11,1,3,-5,2,0
"H",11,1,3,-6,3,0
"H",11,1,3,-8,2,0
"H",11,1,3,0,908,664
"H",11,1,4,-1,68,25
"H",11,1,4,-2,51,3
"H",11,1,4,-3,20,4
"H",11,1,4,-4,17,0
"H",11,1,4,-5,7,0
"H",11,1,4,-6,2,0
"H",11,1,4,-7,2,0
"H",11,1,4,0,704,509
"H",11,1,5,-1,33,16
"H",11,1,5,-2,15,2
"H",11,1,5,-3,7,0
"H",11,1,5,-4,2,0
"H",11,1,5,-5,1,0
"H",11,1,5,-6,1,0
"H",11,1,5,-7,1,0
"H",11,1,5,-8,1,0
"H",11,1,5,0,149,121
"H",11,1,6,-1,36,14
"H",11,1,6,-2,13,2
"H",11,1,6,-3,6,1
"H",11,1,6,-4,5,0
"H",11,1,6,-5,3,0
"H",11,1,6,-8,2,0
"H",11,1,6,0,236,207
"H",11,1,7,-1,28,13
"H",11,1,7,-2,23,4
"H",11,1,7,-3,4,0
"H",11,1,7,-4,2,0
"H",11,1,7,-5,1,0
"H",11,1,7,-6,2,0
"H",11,1,7,-8,1,0
"H",11,1,7,0,168,136
"H",11,1,8,-1,29,15
"H",11,1,8,-2,11,1
"H",11,1,8,-3,4,3
"H",11,1,8,-4,1,0
"H",11,1,8,-5,2,0
"H",11,1,8,-6,1,0
"H",11,1,8,0,369,307
"H",11,2,1,-1,437,10
"H",11,2,1,-2,219,4
"H",11,2,1,-3,84,0
"H",11,2,1,-4,30,0
"H",11,2,1,-5,16,0
"H",11,2,1,-6,10,0
"H",11,2,1,-7,5,0
"H",11,2,1,-8,1,0
"H",11,2,1,0,2273,1287
"H",11,2,2,-1,252,15
"H",11,2,2,-2,114,5
"H",11,2,2,-3,60,0
"H",11,2,2,-4,24,0
"H",11,2,2,-5,11,0
"H",11,2,2,-6,5,0
"H",11,2,2,-7,2,0
"H",11,2,2,0,1172,702
"H",11,2,3,-1,123,10
"H",11,2,3,-2,37,0
"H",11,2,3,-3,25,0
"H",11,2,3,-4,10,0
"H",11,2,3,-5,3,0
"H",11,2,3,-6,2,0
"H",11,2,3,-8,1,0
"H",11,2,3,0,626,397
"H",11,2,4,-1,110,9
"H",11,2,4,-2,54,5
"H",11,2,4,-3,22,1
"H",11,2,4,-4,14,0
"H",11,2,4,-5,6,0
"H",11,2,4,-6,2,0
"H",11,2,4,-7,2,0
"H",11,2,4,0,703,438
"H",11,2,5,-1,55,10
"H",11,2,5,-2,12,0
"H",11,2,5,-3,10,0
"H",11,2,5,-4,6,0
"H",11,2,5,-5,1,0
"H",11,2,5,-6,1,0
"H",11,2,5,-7,1,0
"H",11,2,5,0,178,108
"H",11,2,6,-1,55,14
"H",11,2,6,-2,15,1
"H",11,2,6,-3,10,0
"H",11,2,6,-4,3,0
"H",11,2,6,-5,1,0
"H",11,2,6,-6,1,0
"H",11,2,6,0,281,192
"H",11,2,7,-1,17,4
"H",11,2,7,-2,14,3
"H",11,2,7,-3,6,0
"H",11,2,7,-4,5,0
"H",11,2,7,-6,1,0
"H",11,2,7,0,175,116
"H",11,2,8,-1,32,7
"H",11,2,8,-2,14,2
"H",11,2,8,-3,5,1
"H",11,2,8,-4,1,0
"H",11,2,8,-5,3,0
"H",11,2,8,-7,1,0
"H",11,2,8,0,368,249
"H",12,0,1,-1,509,102
"H",12,0,1,-11,1,0
"H",12,0,1,-2,239,24
"H",12,0,1,-3,115,2
"H",12,0,1,-4,37,1
"H",12,0,1,-5,15,0
"H",12,0,1,-6,11,1
"H",12,0,1,-7,4,1
"H",12,0,1,-8,4,0
"H",12,0,1,-9,1,0
"H",12,0,1,0,2808,1850
"H",12,0,2,-1,122,46
"H",12,0,2,-11,1,0
"H",12,0,2,-2,64,13
"H",12,0,2,-3,29,1
"H",12,0,2,-4,12,0
"H",12,0,2,-5,8,0
"H",12,0,2,-6,3,0
"H",12,0,2,-8,1,0
"H",12,0,2,0,800,571
"H",12,0,3,-1,29,9
"H",12,0,3,-11,1,0
"H",12,0,3,-2,18,2
"H",12,0,3,-3,9,0
"H",12,0,3,-5,2,0
"H",12,0,3,-6,1,0
"H",12,0,3,-8,1,0
"H",12,0,3,0,160,139
"H",12,0,4,-1,24,11
"H",12,0,4,-2,23,7
"H",12,0,4,-3,8,0
"H",12,0,4,-4,2,0
"H",12,0,4,-5,2,0
"H",12,0,4,-6,1,0
"H",12,0,4,0,157,129
"H",12,0,5,-1,5,2
"H",12,0,5,-2,2,1
"H",12,0,5,-3,4,0
"H",12,0,5,-4,3,0
"H",12,0,5,0,42,40
"H",12,0,6,-1,6,2
"H",12,0,6,-2,5,1
"H",12,0,6,-3,5,0
"H",12,0,6,-4,2,0
"H",12,0,6,-5,1,0
"H",12,0,6,-6,1,0
"H",12,0,6,0,60,54
"H",12,0,7,-1,5,2
"H",12,0,7,-5,1,0
"H",12,0,7,0,22,20
"H",12,0,8,-1,7,3
"H",12,0,8,-2,3,2
"H",12,0,8,-3,3,0
"H",12,0,8,0,71,66
"H",12,1,1,-1,362,47
"H",12,1,1,-2,159,8
"H",12,1,1,-3,75,1
"H",12,1,1,-4,22,1
"H",12,1,1,-5,7,0
"H",12,1,1,-6,7,1
"H",12,1,1,-7,4,0
"H",12,1,1,-8,2,0
"H",12,1,1,-9,1,0
"H",12,1,1,0,1847,1123
"H",12,1,2,-1,144,43
"H",12,1,2,-2,74,8
"H",12,1,2,-3,35,2
"H",12,1,2,-4,12,1
"H",12,1,2,-5,6,0
"H",12,1,2,-6,4,1
"H",12,1,2,-7,2,0
"H",12,1,2,0,746,474
"H",12,1,3,-1,75,25
"H",12,1,3,-11,1,0
"H",12,1,3,-2,23,2
"H",12,1,3,-3,10,0
"H",12,1,3,-4,4,0
"H",12,1,3,-5,2,0
"H",12,1,3,0,491,362
"H",12,1,4,-1,49,19
"H",12,1,4,-2,26,6
"H",12,1,4,-3,12,0
"H",12,1,4,-4,6,0
"H",12,1,4,-6,1,1
"H",12,1,4,0,398,295
"H",12,1,5,-1,21,8
"H",12,1,5,-2,5,1
"H",12,1,5,-3,3,0
"H",12,1,5,-4,1,0
"H",12,1,5,-8,1,0
"H",12,1,5,0,102,91
"H",12,1,6,-1,19,11
"H",12,1,6,-2,12,3
"H",12,1,6,-3,4,1
"H",12,1,6,-4,1,0
"H",12,1,6,-5,1,0
"H",12,1,6,-7,1,0
"H",12,1,6,0,138,119
"H",12,1,7,-1,14,8
"H",12,1,7,-2,7,4
"H",12,1,7,-3,2,0
"H",12,1,7,-4,3,1
"H",12,1,7,-5,1,0
"H",12,1,7,0,96,79
"H",12,1,8,-1,22,14
"H",12,1,8,-2,7,3
"H",12,1,8,-3,8,1
"H",12,1,8,-4,3,1
"H",12,1,8,-5,1,1
"H",12,1,8,-6,1,1
"H",12,1,8,-7,1,0
"H",12,1,8,0,194,168
"H",12,2,1,-1,261,12
"H",12,2,1,-2,113,2
"H",12,2,1,-3,56,0
"H",12,2,1,-4,18,0
"H",12,2,1,-5,5,0
"H",12,2,1,-6,5,0
"H",12,2,1,-7,3,0
"H",12,2,1,-8,1,0
"H",12,2,1,-9,1,0
"H",12,2,1,0,1321,740
"H",12,2,2,-1,136,17
"H",12,2,2,-2,70,2
"H",12,2,2,-3,25,2
"H",12,2,2,-4,12,0
"H",12,2,2,-5,5,0
"H",12,2,2,-6,6,0
"H",12,2,2,-7,3,0
"H",12,2,2,0,652,385
"H",12,2,3,-1,62,12
"H",12,2,3,-2,26,0
"H",12,2,3,-3,8,0
"H",12,2,3,-4,3,0
"H",12,2,3,-5,2,0
"H",12,2,3,-8,1,0
"H",12,2,3,0,353,226
"H",12,2,4,-1,62,16
"H",12,2,4,-2,29,2
"H",12,2,4,-3,15,1
"H",12,2,4,-4,4,0
"H",12,2,4,-5,3,0
"H",12,2,4,-6,1,0
"H",12,2,4,-7,1,0
"H",12,2,4,0,388,255
"H",12,2,5,-1,31,10
"H",12,2,5,-11,1,0
"H",12,2,5,-2,5,0
"H",12,2,5,-3,2,0
"H",12,2,5,-4,1,0
"H",12,2,5,-5,1,0
"H",12,2,5,-6,1,0
"H",12,2,5,0,110,80
"H",12,2,6,-1,19,5
"H",12,2,6,-2,10,0
"H",12,2,6,-3,2,0
"H",12,2,6,-4,2,0
"H",12,2,6,-6,1,0
"H",12,2,6,-8,1,0
"H",12,2,6,0,134,85
"H",12,2,7,-1,12,2
"H",12,2,7,-2,6,1
"H",12,2,7,-3,5,0
"H",12,2,7,-4,4,0
"H",12,2,7,-6,1,0
"H",12,2,7,0,105,73
"H",12,2,8,-1,16,5
"H",12,2,8,-2,8,0
"H",12,2,8,-3,7,1
"H",12,2,8,-4,1,0
"H",12,2,8,-6,1,0
"H",12,2,8,-7,1,0
"H",12,2,8,0,185,131
"H",13,0,1,-1,310,66
"H",13,0,1,-10,1,0
"H",13,0,1,-2,147,16
"H",13,0,1,-3,56,2
"H",13,0,1,-4,28,0
"H",13,0,1,-5,17,0
"H",13,0,1,-6,8,0
"H",13,0,1,-7,2,0
"H",13,0,1,-8,1,0
"H",13,0,1,-9,1,0
"H",13,0,1,0,1531,1019
"H",13,0,2,-1,87,26
"H",13,0,2,-2,44,10
"H",13,0,2,-3,22,0
"H",13,0,2,-4,2,0
"H",13,0,2,-5,4,0
"H",13,0,2,-6,3,0
"H",13,0,2,-8,1,0
"H",13,0,2,-9,1,0
"H",13,0,2,0,423,322
"H",13,0,3,-1,20,11
"H",13,0,3,-2,6,2
"H",13,0,3,-3,5,1
"H",13,0,3,-6,1,0
"H",13,0,3,0,100,88
"H",13,0,4,-1,14,8
"H",13,0,4,-2,15,4
"H",13,0,4,-3,4,1
"H",13,0,4,0,89,79
"H",13,0,5,-1,6,3
"H",13,0,5,-2,1,0
"H",13,0,5,-3,1,0
"H",13,0,5,-4,1,0
"H",13,0,5,0,16,14
"H",13,0,6,-1,8,8
"H",13,0,6,-2,3,2
"H",13,0,6,-3,3,0
"H",13,0,6,-4,1,0
"H",13,0,6,0,39,36
"H",13,0,7,-2,3,1
"H",13,0,7,-3,1,0
"H",13,0,7,-5,1,0
"H",13,0,7,0,16,15
"H",13,0,8,-1,3,3
"H",13,0,8,-2,1,0
"H",13,0,8,0,44,43
"H",13,1,1,-1,207,24
"H",13,1,1,-10,1,0
"H",13,1,1,-2,94,4
"H",13,1,1,-3,31,1
"H",13,1,1,-4,26,0
"H",13,1,1,-5,13,0
"H",13,1,1,-6,4,0
"H",13,1,1,-7,2,0
"H",13,1,1,0,1010,604
"H",13,1,2,-1,76,20
"H",13,1,2,-2,36,5
"H",13,1,2,-3,21,1
"H",13,1,2,-4,9,0
"H",13,1,2,-5,8,0
"H",13,1,2,-6,4,0
"H",13,1,2,-9,1,0
"H",13,1,2,0,393,246
"H",13,1,3,-1,45,13
"H",13,1,3,-2,9,1
"H",13,1,3,-3,5,0
"H",13,1,3,-4,1,0
"H",13,1,3,-5,2,0
"H",13,1,3,-6,2,0
"H",13,1,3,-8,1,0
"H",13,1,3,0,273,211
"H",13,1,4,-1,31,14
"H",13,1,4,-2,14,4
"H",13,1,4,-3,11,2
"H",13,1,4,-4,1,0
"H",13,1,4,-5,1,0
"H",13,1,4,0,217,164
"H",13,1,5,-1,20,9
"H",13,1,5,-2,1,0
"H",13,1,5,-3,1,0
"H",13,1,5,-4,1,0
"H",13,1,5,0,43,38
"H",13,1,6,-1,11,6
"H",13,1,6,-2,1,1
"H",13,1,6,-3,3,0
"H",13,1,6,-4,1,0
"H",13,1,6,-5,1,0
"H",13,1,6,-8,1,0
"H",13,1,6,0,63,53
"H",13,1,7,-1,8,4
"H",13,1,7,-2,9,2
"H",13,1,7,-3,1,0
"H",13,1,7,-4,1,0
"H",13,1,7,-5,1,0
"H",13,1,7,0,45,42
"H",13,1,8,-1,12,10
"H",13,1,8,-2,2,1
"H",13,1,8,-3,1,0
"H",13,1,8,-4,1,0
"H",13,1,8,-5,1,0
"H",13,1,8,-8,1,0
"H",13,1,8,0,113,101
"H",13,2,1,-1,157,5
"H",13,2,1,-10,1,0
"H",13,2,1,-2,71,0
"H",13,2,1,-3,21,0
"H",13,2,1,-4,18,0
"H",13,2,1,-5,6,0
"H",13,2,1,-6,2,0
"H",13,2,1,-7,2,0
"H",13,2,1,0,723,406
"H",13,2,2,-1,88,9
"H",13,2,2,-10,1,0
"H",13,2,2,-2,39,0
"H",13,2,2,-3,16,0
"H",13,2,2,-4,9,0
"H",13,2,2,-5,6,0
"H",13,2,2,-6,6,0
"H",13,2,2,-9,1,0
"H",13,2,2,0,379,216
"H",13,2,3,-1,32,3
"H",13,2,3,-10,1,0
"H",13,2,3,-2,13,0
"H",13,2,3,-3,10,0
"H",13,2,3,-4,4,0
"H",13,2,3,-5,5,0
"H",13,2,3,-6,1,0
"H",13,2,3,0,184,125
"H",13,2,4,-1,31,4
"H",13,2,4,-2,14,0
"H",13,2,4,-3,9,2
"H",13,2,4,-4,2,0
"H",13,2,4,-5,3,0
"H",13,2,4,-6,2,0
"H",13,2,4,0,234,165
"H",13,2,5,-1,24,4
"H",13,2,5,-10,1,0
"H",13,2,5,-2,4,0
"H",13,2,5,-3,4,0
"H",13,2,5,-4,1,0
"H",13,2,5,0,58,42
"H",13,2,6,-1,17,3
"H",13,2,6,-2,10,3
"H",13,2,6,-3,6,0
"H",13,2,6,-4,3,0
"H",13,2,6,0,73,45
"H",13,2,7,-1,4,0
"H",13,2,7,-2,4,0
"H",13,2,7,-3,1,0
"H",13,2,7,-4,1,0
"H",13,2,7,-5,2,0
"H",13,2,7,0,49,32
"H",13,2,8,-1,13,6
"H",13,2,8,-2,4,1
"H",13,2,8,-3,2,0
"H",13,2,8,-4,1,0
"H",13,2,8,-5,1,0
"H",13,2,8,0,107,80
"H",14,0,1,-1,159,27
"H",14,0,1,-2,71,7
"H",14,0,1,-3,28,2
"H",14,0,1,-4,13,0
"H",14,0,1,-5,9,0
"H",14,0,1,-6,3,0
"H",14,0,1,-7,3,0
"H",14,0,1,-8,1,0
"H",14,0,1,0,872,591
"H",14,0,2,-1,43,14
"H",14,0,2,-2,16,5
"H",14,0,2,-3,8,1
"H",14,0,2,-4,4,0
"H",14,0,2,-5,2,0
"H",14,0,2,-6,1,0
"H",14,0,2,-7,2,0
"H",14,0,2,-8,1,0
"H",14,0,2,0,255,190
"H",14,0,3,-1,11,5
"H",14,0,3,-2,2,1
"H",14,0,3,-3,1,0
"H",14,0,3,-6,1,0
"H",14,0,3,0,51,48
"H",14,0,4,-1,6,4
"H",14,0,4,-2,6,2
"H",14,0,4,-3,1,0
"H",14,0,4,-7,1,0
"H",14,0,4,-8,1,0
"H",14,0,4,0,42,33
"H",14,0,5,-1,4,0
"H",14,0,5,0,11,10
"H",14,0,6,-1,5,4
"H",14,0,6,-2,1,0
"H",14,0,6,0,20,20
"H",14,0,7,-1,1,1
"H",14,0,7,-2,1,0
"H",14,0,7,-3,1,0
"H",14,0,7,0,7,7
"H",14,0,8,-1,4,4
"H",14,0,8,-2,3,1
"H",14,0,8,0,25,24
"H",14,1,1,-1,106,9
"H",14,1,1,-2,53,1
"H",14,1,1,-3,19,1
"H",14,1,1,-4,9,0
"H",14,1,1,-5,7,0
"H",14,1,1,-6,1,0
"H",14,1,1,-7,1,0
"H",14,1,1,0,567,346
"H",14,1,2,-1,37,7
"H",14,1,2,-2,23,3
"H",14,1,2,-3,8,2
"H",14,1,2,-4,5,0
"H",14,1,2,-5,3,0
"H",14,1,2,-6,1,0
"H",14,1,2,-7,1,0
"H",14,1,2,0,238,159
"H",14,1,3,-1,30,3
"H",14,1,3,-2,4,1
"H",14,1,3,-3,2,0
"H",14,1,3,-4,1,0
"H",14,1,3,-6,1,0
"H",14,1,3,0,153,115
"H",14,1,4,-1,9,5
"H",14,1,4,-2,7,2
"H",14,1,4,-3,2,2
"H",14,1,4,-4,2,0
"H",14,1,4,0,132,97
"H",14,1,5,-1,12,5
"H",14,1,5,-2,1,0
"H",14,1,5,-3,1,0
"H",14,1,5,0,36,32
"H",14,1,6,-1,7,3
"H",14,1,6,-2,1,1
"H",14,1,6,0,46,41
"H",14,1,7,-1,3,2
"H",14,1,7,-2,3,2
"H",14,1,7,-3,1,0
"H",14,1,7,0,32,27
"H",14,1,8,-1,2,1
"H",14,1,8,-2,4,3
"H",14,1,8,-3,1,0
"H",14,1,8,-4,1,0
"H",14,1,8,0,68,58
"H",14,2,1,-1,69,2
"H",14,2,1,-2,37,0
"H",14,2,1,-3,16,0
"H",14,2,1,-4,7,0
"H",14,2,1,-5,6,0
"H",14,2,1,-6,1,0
"H",14,2,1,-7,1,0
"H",14,2,1,0,400,229
"H",14,2,2,-1,37,2
"H",14,2,2,-2,18,0
"H",14,2,2,-3,13,0
"H",14,2,2,-4,4,0
"H",14,2,2,-5,6,0
"H",14,2,2,-6,2,0
"H",14,2,2,0,198,114
"H",14,2,3,-1,23,1
"H",14,2,3,-2,5,0
"H",14,2,3,-3,3,0
"H",14,2,3,-4,2,0
"H",14,2,3,-6,1,0
"H",14,2,3,-7,1,0
"H",14,2,3,0,106,75
"H",14,2,4,-1,12,2
"H",14,2,4,-2,11,1
"H",14,2,4,-3,1,0
"H",14,2,4,-4,3,0
"H",14,2,4,-5,1,0
"H",14,2,4,-6,1,0
"H",14,2,4,0,136,88
"H",14,2,5,-1,9,1
"H",14,2,5,-2,3,0
"H",14,2,5,-7,1,0
"H",14,2,5,0,29,18
"H",14,2,6,-1,4,2
"H",14,2,6,-2,2,0
"H",14,2,6,-3,1,1
"H",14,2,6,-5,1,0
"H",14,2,6,0,44,30
"H",14,2,7,-1,1,1
"H",14,2,7,-2,3,1
"H",14,2,7,-3,2,0
"H",14,2,7,0,34,29
"H",14,2,8,-1,2,1
"H",14,2,8,-2,4,2
"H",14,2,8,-3,1,0
"H",14,2,8,0,56,38
"H",15,0,1,-1,75,12
"H",15,0,1,-12,1,0
"H",15,0,1,-2,48,4
"H",15,0,1,-3,21,3
"H",15,0,1,-4,8,0
"H",15,0,1,-5,5,0
"H",15,0,1,-6,1,0
"H",15,0,1,-7,1,0
"H",15,0,1,0,473,318
"H",15,0,2,-1,19,4
"H",15,0,2,-2,15,3
"H",15,0,2,-3,9,2
"H",15,0,2,-4,1,0
"H",15,0,2,0,137,106
"H",15,0,3,-1,6,4
"H",15,0,3,-2,1,0
"H",15,0,3,-4,1,0
"H",15,0,3,0,21,14
"H",15,0,4,-1,2,2
"H",15,0,4,-2,3,3
"H",15,0,4,-3,4,1
"H",15,0,4,0,17,14
"H",15,0,5,-2,1,1
"H",15,0,5,0,9,8
"H",15,0,6,-1,1,0
"H",15,0,6,-2,1,1
"H",15,0,6,0,8,8
"H",15,0,7,-2,2,2
"H",15,0,7,-3,1,1
"H",15,0,7,0,6,6
"H",15,0,8,-1,1,1
"H",15,0,8,-3,1,0
"H",15,0,8,0,12,12
"H",15,1,1,-1,50,4
"H",15,1,1,-12,1,0
"H",15,1,1,-2,31,0
"H",15,1,1,-3,12,1
"H",15,1,1,-4,6,0
"H",15,1,1,-5,5,0
"H",15,1,1,-6,1,0
"H",15,1,1,-7,1,0
"H",15,1,1,0,319,195
"H",15,1,2,-1,17,1
"H",15,1,2,-2,20,1
"H",15,1,2,-3,7,0
"H",15,1,2,-4,2,0
"H",15,1,2,-6,1,0
"H",15,1,2,0,122,86
"H",15,1,3,-1,13,3
"H",15,1,3,-2,4,0
"H",15,1,3,-3,1,0
"H",15,1,3,-4,1,0
"H",15,1,3,-5,1,0
"H",15,1,3,0,93,68
"H",15,1,4,-1,6,1
"H",15,1,4,-2,9,1
"H",15,1,4,-3,5,0
"H",15,1,4,0,64,52
"H",15,1,5,-1,3,2
"H",15,1,5,-2,1,1
"H",15,1,5,0,16,13
"H",15,1,6,-1,2,1
"H",15,1,6,-2,1,0
"H",15,1,6,0,24,17
"H",15,1,7,-1,1,1
"H",15,1,7,-2,2,1
"H",15,1,7,-4,1,0
"H",15,1,7,0,6,5
"H",15,1,8,-1,2,2
"H",15,1,8,-2,2,0
"H",15,1,8,-3,1,0
"H",15,1,8,0,24,17
"H",15,2,1,-1,41,3
"H",15,2,1,-12,1,0
"H",15,2,1,-2,22,0
"H",15,2,1,-3,7,1
"H",15,2,1,-4,5,0
"H",15,2,1,-5,4,0
"H",15,2,1,-7,1,0
"H",15,2,1,0,234,134
"H",15,2,2,-1,22,3
"H",15,2,2,-2,15,1
"H",15,2,2,-3,8,1
"H",15,2,2,-4,2,0
"H",15,2,2,-5,1,0
"H",15,2,2,-6,1,0
"H",15,2,2,0,106,62
"H",15,2,3,-1,9,1
"H",15,2,3,-2,4,0
"H",15,2,3,-3,1,0
"H",15,2,3,-4,2,0
"H",15,2,3,-5,1,0
"H",15,2,3,0,59,42
"H",15,2,4,-1,10,2
"H",15,2,4,-2,4,1
"H",15,2,4,-3,6,1
"H",15,2,4,-4,1,0
"H",15,2,4,0,66,50
"H",15,2,5,-1,7,2
"H",15,2,5,-2,1,0
"H",15,2,5,0,25,17
"H",15,2,6,-1,5,3
"H",15,2,6,-2,3,1
"H",15,2,6,0,32,21
"H",15,2,7,-1,1,0
"H",15,2,7,-2,4,2
"H",15,2,7,-3,1,0
"H",15,2,7,-4,1,0
"H",15,2,7,0,17,16
"H",15,2,8,-1,2,1
"H",15,2,8,-2,3,1
"H",15,2,8,-3,2,0
"H",15,2,8,0,36,27
"H",16,0,1,-1,52,14
"H",16,0,1,-2,18,0
"H",16,0,1,-3,10,0
"H",16,0,1,-4,4,0
"H",16,0,1,-5,4,0
"H",16,0,1,-8,1,0
"H",16,0,1,0,269,182
"H",16,0,2,-1,14,5
"H",16,0,2,-2,4,0
"H",16,0,2,-3,4,0
"H",16,0,2,-4,1,0
"H",16,0,2,0,84,61
"H",16,0,3,-1,4,3
"H",16,0,3,-2,1,0
"H",16,0,3,-3,1,0
"H",16,0,3,-4,2,0
"H",16,0,3,0,20,17
"H",16,0,4,-1,1,0
"H",16,0,4,-2,1,0
"H",16,0,4,0,21,18
"H",16,0,5,-1,1,0
"H",16,0,5,0,7,7
"H",16,0,6,-1,2,1
"H",16,0,6,-2,1,0
"H",16,0,6,0,7,6
"H",16,0,7,0,1,0
"H",16,0,8,-1,1,0
"H",16,0,8,0,9,7
"H",16,1,1,-1,35,5
"H",16,1,1,-2,13,0
"H",16,1,1,-3,6,0
"H",16,1,1,-4,2,0
"H",16,1,1,-5,4,0
"H",16,1,1,-8,1,0
"H",16,1,1,0,167,105
"H",16,1,2,-1,17,7
"H",16,1,2,-2,1,0
"H",16,1,2,-3,8,0
"H",16,1,2,-5,2,0
"H",16,1,2,-8,1,0
"H",16,1,2,0,49,34
"H",16,1,3,-1,7,3
"H",16,1,3,-2,2,0
"H",16,1,3,-3,1,0
"H",16,1,3,-4,2,0
"H",16,1,3,0,46,36
"H",16,1,4,-1,4,2
"H",16,1,4,-2,2,0
"H",16,1,4,-3,2,0
"H",16,1,4,-5,1,0
"H",16,1,4,0,37,27
"H",16,1,5,-1,1,1
"H",16,1,5,-3,1,0
"H",16,1,5,0,13,11
"H",16,1,6,-1,2,0
"H",16,1,6,0,15,13
"H",16,1,7,-2,1,0
"H",16,1,7,0,8,6
"H",16,1,8,-1,1,0
"H",16,1,8,-3,1,0
"H",16,1,8,0,17,12
"H",16,2,1,-1,26,1
"H",16,2,1,-2,14,0
"H",16,2,1,-3,3,0
"H",16,2,1,-4,2,0
"H",16,2,1,-5,2,0
"H",16,2,1,0,134,79
"H",16,2,2,-1,10,2
"H",16,2,2,-2,3,0
"H",16,2,2,-3,5,0
"H",16,2,2,-8,1,0
"H",16,2,2,0,62,41
"H",16,2,3,-1,8,1
"H",16,2,3,-2,1,0
"H",16,2,3,-3,2,0
"H",16,2,3,0,31,20
"H",16,2,4,-1,6,1
"H",16,2,4,-2,3,0
"H",16,2,4,-3,3,0
"H",16,2,4,-5,1,0
"H",16,2,4,0,41,25
"H",16,2,5,-1,3,0
"H",16,2,5,-3,1,0
"H",16,2,5,0,10,7
"H",16,2,6,-1,3,1
"H",16,2,6,-2,1,0
"H",16,2,6,0,19,13
"H",16,2,7,-1,2,0
"H",16,2,7,-3,1,0
"H",16,2,7,0,8,6
"H",16,2,8,-3,1,0
"H",16,2,8,0,19,12
"H",17,0,1,-1,20,3
"H",17,0,1,-2,12,0
"H",17,0,1,-3,4,1
"H",17,0,1,-4,2,0
"H",17,0,1,-5,2,0
"H",17,0,1,-6,1,0
"H",17,0,1,-7,1,0
"H",17,0,1,0,150,96
"H",17,0,2,-1,4,2
"H",17,0,2,-2,3,1
"H",17,0,2,-3,1,0
"H",17,0,2,-4,1,0
"H",17,0,2,-6,1,0
"H",17,0,2,0,42,29
"H",17,0,3,-3,1,1
"H",17,0,3,0,6,5
"H",17,0,4,-6,1,0
"H",17,0,4,0,9,8
"H",17,0,5,-5,1,0
"H",17,0,5,0,2,2
"H",17,0,6,0,3,2
"H",17,0,7,-2,1,1
"H",17,0,7,-3,1,0
"H",17,0,7,0,1,1
"H",17,0,8,-6,1,0
"H",17,0,8,0,6,5
"H",17,1,1,-1,15,0
"H",17,1,1,-2,10,0
"H",17,1,1,-3,3,0
"H",17,1,1,-4,2,0
"H",17,1,1,-5,1,0
"H",17,1,1,-7,1,0
"H",17,1,1,0,98,58
"H",17,1,2,-1,1,0
"H",17,1,2,-2,1,0
"H",17,1,2,-4,1,0
"H",17,1,2,-5,1,0
"H",17,1,2,0,41,27
"H",17,1,3,-1,3,2
"H",17,1,3,-2,1,0
"H",17,1,3,-7,1,0
"H",17,1,3,0,32,25
"H",17,1,4,-1,1,1
"H",17,1,4,-5,1,0
"H",17,1,4,0,23,18
"H",17,1,5,-1,1,1
"H",17,1,5,0,4,3
"H",17,1,6,-7,1,0
"H",17,1,6,0,7,7
"H",17,1,7,0,1,1
"H",17,1,8,-5,1,0
"H",17,1,8,-6,1,0
"H",17,1,8,0,12,11
"H",17,2,1,-1,15,0
"H",17,2,1,-2,10,0
"H",17,2,1,-3,3,0
"H",17,2,1,-4,1,0
"H",17,2,1,0,64,32
"H",17,2,2,-1,5,0
"H",17,2,2,-2,3,0
"H",17,2,2,-3,1,0
"H",17,2,2,-4,1,0
"H",17,2,2,0,27,13
"H",17,2,3,-1,3,0
"H",17,2,3,-2,2,0
"H",17,2,3,0,22,15
"H",17,2,4,-1,3,0
"H",17,2,4,-2,1,0
"H",17,2,4,0,17,11
"H",17,2,5,-1,1,1
"H",17,2,5,0,6,4
"H",17,2,6,-4,1,0
"H",17,2,6,0,4,4
"H",17,2,7,0,4,3
"H",17,2,8,-6,1,0
"H",17,2,8,0,5,2
"H",18,0,1,-1,15,1
"H",18,0,1,-2,9,1
"H",18,0,1,-4,1,0
"H",18,0,1,-5,1,0
"H",18,0,1,0,79,48
"H",18,0,2,-1,4,1
"H",18,0,2,-2,2,0
"H",18,0,2,0,14,12
"H",18,0,3,-2,1,1
"H",18,0,3,0,5,2
"H",18,0,4,-2,1,0
"H",18,0,4,0,5,5
"H",18,0,6,-1,1,0
"H",18,0,6,-2,1,1
"H",18,0,6,0,3,2
"H",18,0,7,0,1,1
"H",18,0,8,0,2,2
"H",18,1,1,-1,11,0
"H",18,1,1,-2,6,0
"H",18,1,1,-4,1,0
"H",18,1,1,-5,1,0
"H",18,1,1,0,61,34
"H",18,1,2,-1,3,1
"H",18,1,2,-2,4,0
"H",18,1,2,0,18,12
"H",18,1,3,-5,1,0
"H",18,1,3,0,7,6
"H",18,1,4,-1,1,0
"H",18,1,4,-2,1,0
"H",18,1,4,0,6,4
"H",18,1,5,0,3,2
"H",18,1,6,-5,1,0
"H",18,1,6,0,5,4
"H",18,1,7,-2,1,0
"H",18,1,7,0,4,3
"H",18,1,8,0,7,5
"H",18,2,1,-1,11,0
"H",18,2,1,-2,3,0
"H",18,2,1,-4,1,0
"H",18,2,1,0,46,22
"H",18,2,2,-1,4,0
"H",18,2,2,-2,2,0
"H",18,2,2,0,20,12
"H",18,2,3,-1,1,0
"H",18,2,3,-2,1,0
"H",18,2,3,0,8,4
"H",18,2,4,-1,1,0
"H",18,2,4,-2,1,0
"H",18,2,4,0,5,3
"H",18,2,5,0,4,4
"H",18,2,6,-5,1,0
"H",18,2,6,0,3,3
"H",18,2,7,0,3,3
"H",18,2,8,-2,1,0
"H",18,2,8,0,4,2
"H",19,0,1,-1,8,2
"H",19,0,1,-2,4,1
"H",19,0,1,-3,2,0
"H",19,0,1,-4,2,0
"H",19,0,1,-5,1,0
"H",19,0,1,0,44,24
"H",19,0,2,-1,4,1
"H",19,0,2,-2,1,1
"H",19,0,2,-3,1,0
"H",19,0,2,0,9,6
"H",19,0,3,-2,1,1
"H",19,0,3,0,2,2
"H",19,0,4,0,4,4
"H",19,0,6,-2,1,1
"H",19,0,8,-2,1,1
"H",19,0,8,0,2,2
"H",19,1,1,-1,4,1
"H",19,1,1,-2,3,0
"H",19,1,1,-3,1,0
"H",19,1,1,-4,2,0
"H",19,1,1,-5,1,0
"H",19,1,1,0,32,15
"H",19,1,2,-1,3,1
"H",19,1,2,-3,1,0
"H",19,1,2,0,12,7
"H",19,1,3,-1,3,1
"H",19,1,3,-2,1,0
"H",19,1,3,-5,1,0
"H",19,1,3,0,8,7
"H",19,1,4,-1,1,0
"H",19,1,4,-3,1,0
"H",19,1,4,0,7,5
"H",19,1,6,0,1,1
"H",19,1,7,0,1,1
"H",19,1,8,-3,1,0
"H",19,1,8,0,1,1
"H",19,2,1,-1,2,0
"H",19,2,1,-2,2,0
"H",19,2,1,-3,1,0
"H",19,2,1,-4,2,0
"H",19,2,1,0,22,8
"H",19,2,2,-1,2,0
"H",19,2,2,-4,2,0
"H",19,2,2,0,13,3
"H",19,2,3,-1,2,1
"H",19,2,3,-2,1,0
"H",19,2,3,-5,1,0
"H",19,2,3,0,8,6
"H",19,2,4,-5,1,0
"H",19,2,4,0,11,5
"H",19,2,5,-1,1,0
"H",19,2,6,-3,1,0
"H",19,2,6,0,4,4
"H",19,2,7,-1,1,0
"H",19,2,7,0,2,2
"H",19,2,8,-5,1,0
"H",19,2,8,0,2,2
"H",20,0,1,-1,3,1
"H",20,0,1,-2,2,0
"H",20,0,1,-3,2,0
"H",20,0,1,-4,1,0
"H",20,0,1,0,27,13
"H",20,0,2,-1,2,1
"H",20,0,2,-2,1,0
"H",20,0,2,-4,1,0
"H",20,0,2,0,6,4
"H",20,0,4,-1,1,1
"H",20,0,4,-4,1,0
"H",20,0,5,0,1,1
"H",20,0,6,0,1,1
"H",20,0,8,-1,1,1
"H",20,0,8,0,1,1
"H",20,1,1,-1,1,0
"H",20,1,1,-2,1,0
"H",20,1,1,-3,2,0
"H",20,1,1,0,20,8
"H",20,1,2,-1,1,0
"H",20,1,2,-2,1,0
"H",20,1,2,0,10,5
"H",20,1,3,-1,1,0
"H",20,1,3,0,3,3
"H",20,1,4,-4,1,0
"H",20,1,4,0,5,5
"H",20,1,6,0,1,1
"H",20,1,8,-1,1,1
"H",20,1,8,0,1,1
"H",20,2,1,-1,1,0
"H",20,2,1,-2,2,0
"H",20,2,1,-3,2,0
"H",20,2,1,0,13,4
"H",20,2,2,-1,1,0
"H",20,2,2,-2,2,0
"H",20,2,2,-3,1,0
"H",20,2,2,0,7,1
"H",20,2,3,-1,1,0
"H",20,2,4,-1,1,0
"H",20,2,4,-2,1,0
"H",20,2,4,-3,1,0
"H",20,2,4,0,3,2
"H",20,2,6,-4,1,0
"H",20,2,6,0,1,0
"H",20,2,8,-1,1,0
"H",21,0,1,-1,5,1
"H",21,0,1,-2,3,0
"H",21,0,1,-3,2,1
"H",21,0,1,0,12,6
"H",21,0,2,-1,2,0
"H",21,0,2,-2,2,1
"H",21,0,2,0,3,1
"H",21,0,3,-1,1,1
"H",21,0,3,-3,1,1
"H",21,0,4,-2,1,1
"H",21,0,4,0,1,1
"H",21,0,8,0,1,1
"H",21,1,1,-1,2,0
"H",21,1,1,-2,2,0
"H",21,1,1,-3,1,0
"H",21,1,1,0,9,5
"H",21,1,2,-1,1,0
"H",21,1,2,0,2,2
"H",21,1,3,-1,1,0
"H",21,1,3,-2,1,0
"H",21,1,3,0,3,0
"H",21,1,4,-2,1,1
"H",21,1,4,0,3,2
"H",21,1,5,-1,1,1
"H",21,1,8,-2,1,1
"H",21,2,1,-1,2,0
"H",21,2,1,-2,2,0
"H",21,2,1,-3,1,0
"H",21,2,1,0,7,4
"H",21,2,2,-1,1,0
"H",21,2,2,-3,1,0
"H",21,2,2,0,6,4
"H",21,2,3,-2,1,0
"H",21,2,3,0,3,1
"H",21,2,4,-1,1,0
"H",21,2,4,-3,1,0
"H",21,2,4,0,2,1
"H",21,2,5,-1,1,0
"H",21,2,6,0,1,1
"H",22,0,1,-1,3,0
"H",22,0,1,-2,1,0
"H",22,0,1,0,8,6
"H",22,0,2,-1,1,0
"H",22,0,2,0,2,1
"H",22,0,4,-1,1,0
"H",22,1,1,-1,2,0
"H",22,1,1,-2,1,0
"H",22,1,1,0,5,4
"H",22,1,2,0,4,4
"H",22,1,3,0,3,2
"H",22,1,4,0,3,2
"H",22,1,6,0,1,1
"H",22,1,7,-1,1,0
"H",22,1,8,0,1,1
"H",22,2,1,-1,2,0
"H",22,2,1,-2,1,0
"H",22,2,1,0,1,0
"H",22,2,2,-1,1,0
"H",22,2,2,-2,1,0
"H",22,2,2,0,1,1
"H",22,2,4,0,2,1
"H",22,2,5,0,1,1
"H",22,2,6,0,1,1
"H",22,2,7,-1,1,0
"H",22,2,8,-1,1,0
"H",23,0,1,-2,1,0
"H",23,0,1,0,3,2
"H",23,0,2,0,1,1
"H",23,1,1,-2,1,0
"H",23,1,1,0,2,1
"H",23,1,2,0,2,1
"H",23,1,4,0,1,0
"H",23,2,1,-2,1,0
"H",23,2,1,0,1,1
"H",23,2,2,0,1,1
"H",23,2,4,0,2,1
"H",23,2,8,0,1,0
"H",24,0,1,0,3,2
"H",24,0,2,0,1,1
"H",24,0,3,0,1,1
"H",24,0,4,0,1,1
"H",24,1,1,0,2,1
"H",24,1,7,0,1,1
"H",24,1,8,0,1,1
"H",24,2,1,0,2,1
"H",24,2,3,0,2,1
"H",24,2,4,0,1,0
"H",24,2,8,0,1,0
"H",25,0,1,-1,1,0
"H",25,0,1,0,1,1
"H",25,1,1,-1,1,0
"H",25,1,1,0,1,1
"H",25,2,1,-1,1,0
"H",25,2,2,-1,1,0
"V",1,0,1,0,127167,58256
"V",1,0,1,1,1349,744
"V",1,0,1,2,389,262
"V",1,0,1,3,278,198
"V",1,0,1,4,134,109
"V",1,0,1,5,23,21
"V",1,0,1,6,8,6
"V",1,0,1,7,2,2
"V",1,0,2,0,35343,17731
"V",1,0,2,1,1236,733
"V",1,0,2,2,368,252
"V",1,0,2,3,154,111
"V",1,0,2,4,71,63
"V",1,0,2,5,19,19
"V",1,0,2,6,2,1
"V",1,0,2,7,4,4
"V",1,0,2,9,1,0
"V",1,0,3,0,9179,4845
"V",1,0,3,1,1017,610
"V",1,0,3,2,362,251
"V",1,0,3,3,118,84
"V",1,0,3,4,47,42
"V",1,0,3,5,13,12
"V",1,0,3,6,8,7
"V",1,0,3,7,1,1
"V",1,0,3,8,1,0
"V",1,0,4,0,6500,3706
"V",1,0,4,1,923,586
"V",1,0,4,2,331,246
"V",1,0,4,3,101,72
"V",1,0,4,4,40,38
"V",1,0,4,5,10,10
"V",1,0,4,6,6,6
"V",1,0,4,7,1,1
"V",1,0,4,8,1,1
"V",1,0,5,0,2008,1124
"V",1,0,5,1,515,342
"V",1,0,5,2,158,106
"V",1,0,5,3,55,45
"V",1,0,5,4,18,17
"V",1,0,5,5,6,6
"V",1,0,5,6,1,1
"V",1,0,5,7,1,1
"V",1,0,5,8,1,0
"V",1,0,6,0,3099,1795
"V",1,0,6,1,827,537
"V",1,0,6,2,258,194
"V",1,0,6,3,75,59
"V",1,0,6,4,21,20
"V",1,0,6,5,11,11
"V",1,0,6,6,2,2
"V",1,0,6,7,2,2
"V",1,0,7,0,1406,865
"V",1,0,7,1,481,344
"V",1,0,7,2,157,123
"V",1,0,7,3,55,45
"V",1,0,7,4,14,9
"V",1,0,7,5,4,4
"V",1,0,7,6,1,1
"V",1,0,8,0,1341,863
"V",1,0,8,1,438,314
"V",1,0,8,2,166,139
"V",1,0,8,3,57,52
"V",1,0,8,4,20,19
"V",1,0,8,5,9,8
"V",1,0,8,6,3,3
"V",1,0,8,7,2,2
"V",1,0,8,8,1,1
"V",1,1,1,0,86123,37225
"V",1,1,1,1,2491,1363
"V",1,1,1,10,1,1
"V",1,1,1,12,1,1
"V",1,1,1,2,1479,958
"V",1,1,1,3,939,661
"V",1,1,1,4,367,292
"V",1,1,1,5,119,102
"V",1,1,1,6,38,34
"V",1,1,1,7,6,6
"V",1,1,1,9,6,5
"V",1,1,2,0,34079,15783
"V",1,1,2,1,3833,2174
"V",1,1,2,12,1,1
"V",1,1,2,2,1488,953
"V",1,1,2,3,641,476
"V",1,1,2,4,258,209
"V",1,1,2,5,104,94
"V",1,1,2,6,29,26
"V",1,1,2,7,7,7
"V",1,1,2,9,4,3
"V",1,1,3,0,15015,7238
"V",1,1,3,1,2897,1650
"V",1,1,3,2,1089,734
"V",1,1,3,3,460,344
"V",1,1,3,4,166,139
"V",1,1,3,5,63,59
"V",1,1,3,6,22,20
"V",1,1,3,7,7,7
"V",1,1,3,8,4,4
"V",1,1,3,9,1,1
"V",1,1,4,0,9552,4874
"V",1,1,4,1,2465,1446
"V",1,1,4,2,1099,736
"V",1,1,4,3,402,293
"V",1,1,4,4,196,160
"V",1,1,4,5,65,59
"V",1,1,4,6,25,21
"V",1,1,4,7,4,4
"V",1,1,4,8,2,2
"V",1,1,5,0,5322,2735
"V",1,1,5,1,1594,961
"V",1,1,5,2,625,433
"V",1,1,5,3,242,186
"V",1,1,5,4,99,86
"V",1,1,5,5,27,26
"V",1,1,5,6,11,11
"V",1,1,5,7,4,4
"V",1,1,5,8,1,1
"V",1,1,6,0,4891,2560
"V",1,1,6,1,1931,1195
"V",1,1,6,2,728,516
"V",1,1,6,3,287,225
"V",1,1,6,4,109,98
"V",1,1,6,5,46,43
"V",1,1,6,6,13,11
"V",1,1,6,7,6,6
"V",1,1,6,9,1,1
"V",1,1,7,0,3285,1832
"V",1,1,7,1,1200,773
"V",1,1,7,2,481,351
"V",1,1,7,3,211,176
"V",1,1,7,4,81,68
"V",1,1,7,5,27,24
"V",1,1,7,6,13,12
"V",1,1,7,7,5,5
"V",1,1,7,8,3,3
"V",1,1,7,9,1,1
"V",1,1,8,0,2689,1541
"V",1,1,8,1,1191,775
"V",1,1,8,2,551,401
"V",1,1,8,3,212,176
"V",1,1,8,4,88,73
"V",1,1,8,5,23,23
"V",1,1,8,6,11,11
"V",1,1,8,7,4,4
"V",1,1,8,8,3,3
"V",1,2,1,0,63231,26269
"V",1,2,1,1,5087,2669
"V",1,2,1,10,4,4
"V",1,2,1,11,2,2
"V",1,2,1,2,2930,1861
"V",1,2,1,3,1519,1056
"V",1,2,1,4,655,521
"V",1,2,1,5,200,171
"V",1,2,1,6,68,57
"V",1,2,1,7,20,20
"V",1,2,1,8,6,6
"V",1,2,1,9,6,5
"V",1,2,2,0,29818,12764
"V",1,2,2,1,6241,3394
"V",1,2,2,10,6,6
"V",1,2,2,11,1,1
"V",1,2,2,2,2826,1804
"V",1,2,2,3,1336,973
"V",1,2,2,4,564,466
"V",1,2,2,5,213,191
"V",1,2,2,6,61,56
"V",1,2,2,7,35,33
"V",1,2,2,8,12,12
"V",1,2,2,9,12,10
"V",1,2,3,0,14708,6563
"V",1,2,3,1,4547,2409
"V",1,2,3,10,2,2
"V",1,2,3,11,1,1
"V",1,2,3,2,2113,1359
"V",1,2,3,3,985,723
"V",1,2,3,4,441,358
"V",1,2,3,5,153,139
"V",1,2,3,6,65,62
"V",1,2,3,7,19,19
"V",1,2,3,8,17,17
"V",1,2,3,9,6,5
"V",1,2,4,0,10205,4579
"V",1,2,4,1,3807,2047
"V",1,2,4,10,1,1
"V",1,2,4,2,1817,1162
"V",1,2,4,3,828,607
"V",1,2,4,4,399,328
"V",1,2,4,5,134,119
"V",1,2,4,6,68,66
"V",1,2,4,7,19,19
"V",1,2,4,8,10,10
"V",1,2,4,9,3,2
"V",1,2,5,0,6095,2813
"V",1,2,5,1,2303,1295
"V",1,2,5,11,1,1
"V",1,2,5,2,1080,688
"V",1,2,5,3,470,343
"V",1,2,5,4,190,156
"V",1,2,5,5,67,54
"V",1,2,5,6,20,18
"V",1,2,5,7,13,13
"V",1,2,5,8,2,1
"V",1,2,5,9,2,2
"V",1,2,6,0,4717,2235
"V",1,2,6,1,2364,1377
"V",1,2,6,10,1,0
"V",1,2,6,2,1074,705
"V",1,2,6,3,483,356
"V",1,2,6,4,213,179
"V",1,2,6,5,81,72
"V",1,2,6,6,33,28
"V",1,2,6,7,14,14
"V",1,2,6,8,9,9
"V",1,2,6,9,2,2
"V",1,2,7,0,2550,1246
"V",1,2,7,1,1382,815
"V",1,2,7,2,706,494
"V",1,2,7,3,311,234
"V",1,2,7,4,128,107
"V",1,2,7,5,48,41
"V",1,2,7,6,25,24
"V",1,2,7,7,6,6
"V",1,2,7,8,1,1
"V",1,2,7,9,2,2
"V",1,2,8,0,2796,1400
"V",1,2,8,1,1476,859
"V",1,2,8,10,2,1
"V",1,2,8,2,714,471
"V",1,2,8,3,387,296
"V",1,2,8,4,124,108
"V",1,2,8,5,48,42
"V",1,2,8,6,20,17
"V",1,2,8,7,6,6
"V",1,2,8,8,6,6
"V",1,2,8,9,1,1
"V",2,0,1,-1,17145,6010
"V",2,0,1,-10,9,0
"V",2,0,1,-11,6,0
"V",2,0,1,-13,2,0
"V",2,0,1,-14,2,0
"V",2,0,1,-15,1,0
"V",2,0,1,-2,8954,2223
"V",2,0,1,-3,4243,731
"V",2,0,1,-4,2010,239
"V",2,0,1,-5,732,54
"V",2,0,1,-6,262,12
"V",2,0,1,-7,133,6
"V",2,0,1,-8,37,0
"V",2,0,1,-9,18,0
"V",2,0,1,0,66863,31118
"V",2,0,1,1,16691,9745
"V",2,0,1,10,5,5
"V",2,0,1,11,2,2
"V",2,0,1,12,1,1
"V",2,0,1,2,7893,5433
"V",2,0,1,3,3731,2859
"V",2,0,1,4,1540,1304
"V",2,0,1,5,596,528
"V",2,0,1,6,212,200
"V",2,0,1,7,88,83
"V",2,0,1,8,33,30
"V",2,0,1,9,22,22
"V",2,0,2,-1,4530,1771
"V",2,0,2,-10,3,0
"V",2,0,2,-11,1,0
"V",2,0,2,-14,1,0
"V",2,0,2,-2,2363,635
"V",2,0,2,-3,1169,235
"V",2,0,2,-4,529,71
"V",2,0,2,-5,182,19
"V",2,0,2,-6,71,3
"V",2,0,2,-7,37,3
"V",2,0,2,-8,9,0
"V",2,0,2,-9,8,0
"V",2,0,2,0,17488,8769
"V",2,0,2,1,4654,2868
"V",2,0,2,10,3,3
"V",2,0,2,12,1,1
"V",2,0,2,2,2180,1580
"V",2,0,2,3,984,753
"V",2,0,2,4,415,359
"V",2,0,2,5,149,130
"V",2,0,2,6,74,71
"V",2,0,2,7,28,28
"V",2,0,2,8,19,18
"V",2,0,2,9,9,9
"V",2,0,3,-1,1029,447
"V",2,0,3,-11,2,0
"V",2,0,3,-2,547,182
"V",2,0,3,-3,253,56
"V",2,0,3,-4,130,27
"V",2,0,3,-5,34,4
"V",2,0,3,-6,16,1
"V",2,0,3,-7,10,0
"V",2,0,3,-8,3,0
"V",2,0,3,0,4058,2071
"V",2,0,3,1,1399,896
"V",2,0,3,2,638,471
"V",2,0,3,3,271,206
"V",2,0,3,4,117,99
"V",2,0,3,5,58,53
"V",2,0,3,6,22,21
"V",2,0,3,7,8,8
"V",2,0,3,8,4,4
"V",2,0,3,9,2,2
"V",2,0,4,-1,990,435
"V",2,0,4,-2,579,188
"V",2,0,4,-3,275,65
"V",2,0,4,-4,138,23
"V",2,0,4,-5,41,5
"V",2,0,4,-6,15,1
"V",2,0,4,-7,14,3
"V",2,0,4,-8,3,0
"V",2,0,4,-9,3,0
"V",2,0,4,0,3577,1965
"V",2,0,4,1,1180,787
"V",2,0,4,10,2,2
"V",2,0,4,2,533,411
"V",2,0,4,3,220,175
"V",2,0,4,4,114,102
"V",2,0,4,5,46,46
"V",2,0,4,6,29,26
"V",2,0,4,7,12,12
"V",2,0,4,8,9,9
"V",2,0,4,9,3,3
"V",2,0,5,-1,206,86
"V",2,0,5,-2,113,34
"V",2,0,5,-3,47,10
"V",2,0,5,-4,25,5
"V",2,0,5,-5,9,0
"V",2,0,5,-6,4,0
"V",2,0,5,-7,1,0
"V",2,0,5,0,733,416
"V",2,0,5,1,399,254
"V",2,0,5,2,179,132
"V",2,0,5,3,98,83
"V",2,0,5,4,36,32
"V",2,0,5,5,16,16
"V",2,0,5,6,13,13
"V",2,0,5,7,5,5
"V",2,0,5,8,4,4
"V",2,0,6,-1,398,195
"V",2,0,6,-2,197,70
"V",2,0,6,-3,84,18
"V",2,0,6,-4,50,14
"V",2,0,6,-5,7,1
"V",2,0,6,-6,4,2
"V",2,0,6,-7,2,0
"V",2,0,6,0,1331,808
"V",2,0,6,1,625,418
"V",2,0,6,2,290,217
"V",2,0,6,3,141,111
"V",2,0,6,4,46,45
"V",2,0,6,5,31,29
"V",2,0,6,6,13,13
"V",2,0,6,7,7,6
"V",2,0,6,8,2,2
"V",2,0,7,-1,220,102
"V",2,0,7,-2,106,32
"V",2,0,7,-3,51,9
"V",2,0,7,-4,30,9
"V",2,0,7,-5,6,1
"V",2,0,7,-6,4,0
"V",2,0,7,-7,3,0
"V",2,0,7,0,739,479
"V",2,0,7,1,372,260
"V",2,0,7,2,176,131
"V",2,0,7,3,61,52
"V",2,0,7,4,38,32
"V",2,0,7,5,17,15
"V",2,0,7,6,9,9
"V",2,0,7,7,4,4
"V",2,0,7,8,5,5
"V",2,0,8,-1,218,110
"V",2,0,8,-2,115,41
"V",2,0,8,-3,50,12
"V",2,0,8,-4,26,5
"V",2,0,8,-5,10,3
"V",2,0,8,-6,6,0
"V",2,0,8,-7,4,0
"V",2,0,8,0,700,432
"V",2,0,8,1,338,237
"V",2,0,8,2,155,132
"V",2,0,8,3,68,63
"V",2,0,8,4,52,48
"V",2,0,8,5,18,18
"V",2,0,8,6,10,9
"V",2,0,8,7,6,6
"V",2,0,8,8,3,3
"V",2,0,8,9,1,1
"V",2,1,1,-1,11662,3783
"V",2,1,1,-10,7,0
"V",2,1,1,-11,4,0
"V",2,1,1,-13,2,0
"V",2,1,1,-15,1,0
"V",2,1,1,-2,6004,1371
"V",2,1,1,-3,2793,440
"V",2,1,1,-4,1319,126
"V",2,1,1,-5,507,30
"V",2,1,1,-6,167,7
"V",2,1,1,-7,81,3
"V",2,1,1,-8,26,0
"V",2,1,1,-9,10,0
"V",2,1,1,0,45201,19989
"V",2,1,1,1,12690,7160
"V",2,1,1,10,9,9
"V",2,1,1,11,3,3
"V",2,1,1,2,6134,4088
"V",2,1,1,3,2972,2274
"V",2,1,1,4,1218,1031
"V",2,1,1,5,503,444
"V",2,1,1,6,181,170
"V",2,1,1,7,93,86
"V",2,1,1,8,41,39
"V",2,1,1,9,33,32
"V",2,1,2,-1,4929,1725
"V",2,1,2,-10,3,0
"V",2,1,2,-14,1,0
"V",2,1,2,-2,2628,630
"V",2,1,2,-3,1265,231
"V",2,1,2,-4,620,72
"V",2,1,2,-5,207,21
"V",2,1,2,-6,89,4
"V",2,1,2,-7,34,2
"V",2,1,2,-8,5,0
"V",2,1,2,-9,4,0
"V",2,1,2,0,18603,8736
"V",2,1,2,1,5925,3553
"V",2,1,2,10,4,4
"V",2,1,2,11,2,2
"V",2,1,2,12,1,1
"V",2,1,2,2,2923,1993
"V",2,1,2,3,1387,1064
"V",2,1,2,4,641,542
"V",2,1,2,5,304,265
"V",2,1,2,6,140,132
"V",2,1,2,7,55,54
"V",2,1,2,8,28,25
"V",2,1,2,9,21,20
"V",2,1,3,-1,1615,594
"V",2,1,3,-10,1,0
"V",2,1,3,-11,1,0
"V",2,1,3,-2,792,214
"V",2,1,3,-3,358,78
"V",2,1,3,-4,154,22
"V",2,1,3,-5,59,6
"V",2,1,3,-6,23,1
"V",2,1,3,-7,12,0
"V",2,1,3,-8,4,0
"V",2,1,3,-9,1,0
"V",2,1,3,0,6584,3214
"V",2,1,3,1,2840,1739
"V",2,1,3,10,4,4
"V",2,1,3,2,1546,1109
"V",2,1,3,3,783,591
"V",2,1,3,4,364,302
"V",2,1,3,5,172,155
"V",2,1,3,6,78,74
"V",2,1,3,7,38,37
"V",2,1,3,8,11,10
"V",2,1,3,9,6,6
"V",2,1,4,-1,1462,560
"V",2,1,4,-14,1,0
"V",2,1,4,-2,834,236
"V",2,1,4,-3,385,80
"V",2,1,4,-4,218,44
"V",2,1,4,-5,64,11
"V",2,1,4,-6,25,2
"V",2,1,4,-7,12,3
"V",2,1,4,-8,2,0
"V",2,1,4,-9,4,0
"V",2,1,4,0,5267,2666
"V",2,1,4,1,2316,1465
"V",2,1,4,10,5,5
"V",2,1,4,11,2,2
"V",2,1,4,12,1,1
"V",2,1,4,2,1126,807
"V",2,1,4,3,597,470
"V",2,1,4,4,318,272
"V",2,1,4,5,158,142
"V",2,1,4,6,74,71
"V",2,1,4,7,37,35
"V",2,1,4,8,16,15
"V",2,1,4,9,11,11
"V",2,1,5,-1,554,220
"V",2,1,5,-11,1,0
"V",2,1,5,-2,234,70
"V",2,1,5,-3,107,21
"V",2,1,5,-4,48,5
"V",2,1,5,-5,17,0
"V",2,1,5,-6,3,0
"V",2,1,5,-7,2,0
"V",2,1,5,0,2117,1046
"V",2,1,5,1,1166,741
"V",2,1,5,10,2,2
"V",2,1,5,11,1,1
"V",2,1,5,2,606,434
"V",2,1,5,3,321,245
"V",2,1,5,4,171,149
"V",2,1,5,5,85,78
"V",2,1,5,6,43,43
"V",2,1,5,7,12,11
"V",2,1,5,8,5,5
"V",2,1,5,9,6,6
"V",2,1,6,-1,685,297
"V",2,1,6,-2,309,92
"V",2,1,6,-3,144,36
"V",2,1,6,-4,69,13
"V",2,1,6,-5,27,4
"V",2,1,6,-6,10,1
"V",2,1,6,-7,4,0
"V",2,1,6,0,2361,1270
"V",2,1,6,1,1261,820
"V",2,1,6,10,3,3
"V",2,1,6,2,631,456
"V",2,1,6,3,349,278
"V",2,1,6,4,187,153
"V",2,1,6,5,97,90
"V",2,1,6,6,46,43
"V",2,1,6,7,24,23
"V",2,1,6,8,15,14
"V",2,1,6,9,9,9
"V",2,1,7,-1,501,207
"V",2,1,7,-2,267,99
"V",2,1,7,-3,118,33
"V",2,1,7,-4,48,7
"V",2,1,7,-5,14,2
"V",2,1,7,-6,5,0
"V",2,1,7,-7,1,0
"V",2,1,7,0,1816,1002
"V",2,1,7,1,984,656
"V",2,1,7,10,1,1
"V",2,1,7,11,1,1
"V",2,1,7,2,579,431
"V",2,1,7,3,270,210
"V",2,1,7,4,142,122
"V",2,1,7,5,76,65
"V",2,1,7,6,39,35
"V",2,1,7,7,14,14
"V",2,1,7,8,9,8
"V",2,1,7,9,3,3
"V",2,1,8,-1,348,168
"V",2,1,8,-2,194,71
"V",2,1,8,-3,96,17
"V",2,1,8,-4,52,11
"V",2,1,8,-5,15,3
"V",2,1,8,-6,9,0
"V",2,1,8,-7,4,2
"V",2,1,8,-8,1,0
"V",2,1,8,0,1430,823
"V",2,1,8,1,827,547
"V",2,1,8,10,1,1
"V",2,1,8,11,1,1
"V",2,1,8,2,409,307
"V",2,1,8,3,264,223
"V",2,1,8,4,160,142
"V",2,1,8,5,89,79
"V",2,1,8,6,42,37
"V",2,1,8,7,15,15
"V",2,1,8,8,12,11
"V",2,1,8,9,2,2
"V",2,2,1,-1,8917,2770
"V",2,2,1,-10,8,0
"V",2,2,1,-11,3,0
"V",2,2,1,-13,2,0
"V",2,2,1,-15,1,0
"V",2,2,1,-2,4552,982
"V",2,2,1,-3,2106,300
"V",2,2,1,-4,940,76
"V",2,2,1,-5,384,18
"V",2,2,1,-6,118,4
"V",2,2,1,-7,59,1
"V",2,2,1,-8,25,0
"V",2,2,1,-9,11,0
"V",2,2,1,0,34228,14480
"V",2,2,1,1,11072,6023
"V",2,2,1,10,11,11
"V",2,2,1,11,5,5
"V",2,2,1,13,1,1
"V",2,2,1,2,5411,3589
"V",2,2,1,3,2691,2041
"V",2,2,1,4,1136,954
"V",2,2,1,5,536,460
"V",2,2,1,6,259,234
"V",2,2,1,7,161,152
"V",2,2,1,8,62,58
"V",2,2,1,9,33,33
"V",2,2,2,-1,4501,1460
"V",2,2,2,-10,6,0
"V",2,2,2,-13,1,0
"V",2,2,2,-15,1,0
"V",2,2,2,-2,2369,538
"V",2,2,2,-3,1208,187
"V",2,2,2,-4,511,46
"V",2,2,2,-5,201,17
"V",2,2,2,-6,77,4
"V",2,2,2,-7,34,1
"V",2,2,2,-8,6,0
"V",2,2,2,-9,3,0
"V",2,2,2,0,16695,7400
"V",2,2,2,1,6623,3761
"V",2,2,2,10,12,12
"V",2,2,2,11,8,8
"V",2,2,2,12,1,1
"V",2,2,2,13,1,1
"V",2,2,2,2,3359,2230
"V",2,2,2,3,1841,1438
"V",2,2,2,4,914,750
"V",2,2,2,5,489,421
"V",2,2,2,6,239,218
"V",2,2,2,7,124,117
"V",2,2,2,8,59,57
"V",2,2,2,9,32,30
"V",2,2,3,-1,1992,664
"V",2,2,3,-10,2,0
"V",2,2,3,-2,923,214
"V",2,2,3,-3,414,75
"V",2,2,3,-4,195,23
"V",2,2,3,-5,61,3
"V",2,2,3,-6,24,1
"V",2,2,3,-7,16,0
"V",2,2,3,-8,4,0
"V",2,2,3,0,7560,3416
"V",2,2,3,1,4058,2339
"V",2,2,3,10,8,8
"V",2,2,3,11,3,3
"V",2,2,3,12,3,3
"V",2,2,3,2,2423,1675
"V",2,2,3,3,1324,998
"V",2,2,3,4,708,578
"V",2,2,3,5,351,303
"V",2,2,3,6,189,174
"V",2,2,3,7,76,71
"V",2,2,3,8,31,29
"V",2,2,3,9,19,19
"V",2,2,4,-1,1615,568
"V",2,2,4,-10,1,0
"V",2,2,4,-14,1,0
"V",2,2,4,-2,921,232
"V",2,2,4,-3,456,87
"V",2,2,4,-4,221,26
"V",2,2,4,-5,81,13
"V",2,2,4,-6,25,4
"V",2,2,4,-7,16,0
"V",2,2,4,-8,2,0
"V",2,2,4,-9,2,0
"V",2,2,4,0,5864,2820
"V",2,2,4,1,3011,1817
"V",2,2,4,10,7,7
"V",2,2,4,11,5,5
"V",2,2,4,12,1,1
"V",2,2,4,2,1672,1145
"V",2,2,4,3,952,733
"V",2,2,4,4,532,441
"V",2,2,4,5,270,237
"V",2,2,4,6,150,141
"V",2,2,4,7,72,67
"V",2,2,4,8,31,27
"V",2,2,4,9,14,13
"V",2,2,5,-1,768,271
"V",2,2,5,-2,371,84
"V",2,2,5,-3,155,23
"V",2,2,5,-4,81,11
"V",2,2,5,-5,22,1
"V",2,2,5,-6,6,0
"V",2,2,5,-7,4,0
"V",2,2,5,-8,2,0
"V",2,2,5,-9,1,0
"V",2,2,5,0,2747,1239
"V",2,2,5,1,1708,973
"V",2,2,5,10,5,5
"V",2,2,5,11,2,2
"V",2,2,5,12,1,1
"V",2,2,5,2,977,689
"V",2,2,5,3,579,423
"V",2,2,5,4,301,245
"V",2,2,5,5,165,144
"V",2,2,5,6,79,74
"V",2,2,5,7,38,37
"V",2,2,5,8,18,18
"V",2,2,5,9,5,5
"V",2,2,6,-1,717,266
"V",2,2,6,-2,363,93
"V",2,2,6,-3,156,33
"V",2,2,6,-4,66,8
"V",2,2,6,-5,36,2
"V",2,2,6,-6,5,1
"V",2,2,6,-7,2,0
"V",2,2,6,-9,2,0
"V",2,2,6,0,2477,1146
"V",2,2,6,1,1638,995
"V",2,2,6,10,2,2
"V",2,2,6,12,2,2
"V",2,2,6,2,941,668
"V",2,2,6,3,587,452
"V",2,2,6,4,318,272
"V",2,2,6,5,168,144
"V",2,2,6,6,66,61
"V",2,2,6,7,52,48
"V",2,2,6,8,11,11
"V",2,2,6,9,12,12
"V",2,2,7,-1,512,176
"V",2,2,7,-10,1,0
"V",2,2,7,-2,264,79
"V",2,2,7,-3,120,23
"V",2,2,7,-4,50,3
"V",2,2,7,-5,21,2
"V",2,2,7,-6,10,0
"V",2,2,7,-7,1,0
"V",2,2,7,-9,1,0
"V",2,2,7,0,1678,813
"V",2,2,7,1,1197,736
"V",2,2,7,10,4,4
"V",2,2,7,11,2,2
"V",2,2,7,12,2,2
"V",2,2,7,13,1,1
"V",2,2,7,2,763,554
"V",2,2,7,3,364,282
"V",2,2,7,4,186,149
"V",2,2,7,5,100,87
"V",2,2,7,6,49,47
"V",2,2,7,7,23,21
"V",2,2,7,8,6,6
"V",2,2,7,9,9,9
"V",2,2,8,-1,448,157
"V",2,2,8,-2,247,86
"V",2,2,8,-3,134,28
"V",2,2,8,-4,56,11
"V",2,2,8,-5,22,3
"V",2,2,8,-6,7,2
"V",2,2,8,-7,2,0
"V",2,2,8,0,1659,816
"V",2,2,8,1,1002,617
"V",2,2,8,10,3,3
"V",2,2,8,11,1,1
"V",2,2,8,2,583,423
"V",2,2,8,3,360,277
"V",2,2,8,4,200,177
"V",2,2,8,5,120,101
"V",2,2,8,6,56,53
"V",2,2,8,7,20,17
"V",2,2,8,8,12,11
"V",2,2,8,9,9,9
"V",3,0,1,-1,21138,7165
"V",3,0,1,-10,52,0
"V",3,0,1,-11,27,0
"V",3,0,1,-12,6,0
"V",3,0,1,-13,6,0
"V",3,0,1,-14,2,0
"V",3,0,1,-15,1,0
"V",3,0,1,-16,3,0
"V",3,0,1,-2,11463,2669
"V",3,0,1,-3,6036,989
"V",3,0,1,-4,3093,333
"V",3,0,1,-5,1607,111
"V",3,0,1,-6,859,40
"V",3,0,1,-7,404,15
"V",3,0,1,-8,230,6
"V",3,0,1,-9,94,1
"V",3,0,1,0,44431,20840
"V",3,0,1,1,19749,11863
"V",3,0,1,10,36,36
"V",3,0,1,11,15,15
"V",3,0,1,12,5,5
"V",3,0,1,13,2,2
"V",3,0,1,2,10117,7093
"V",3,0,1,3,5209,4124
"V",3,0,1,4,2572,2218
"V",3,0,1,5,1331,1160
"V",3,0,1,6,701,668
"V",3,0,1,7,318,306
"V",3,0,1,8,140,136
"V",3,0,1,9,83,80
"V",3,0,2,-1,5132,1975
"V",3,0,2,-10,7,0
"V",3,0,2,-11,7,0
"V",3,0,2,-12,1,0
"V",3,0,2,-13,2,0
"V",3,0,2,-15,1,0
"V",3,0,2,-16,1,0
"V",3,0,2,-2,2775,770
"V",3,0,2,-3,1516,273
"V",3,0,2,-4,743,114
"V",3,0,2,-5,424,42
"V",3,0,2,-6,212,15
"V",3,0,2,-7,100,5
"V",3,0,2,-8,77,1
"V",3,0,2,-9,24,0
"V",3,0,2,0,10719,5525
"V",3,0,2,1,5089,3241
"V",3,0,2,10,14,14
"V",3,0,2,11,8,8
"V",3,0,2,12,3,3
"V",3,0,2,13,1,1
"V",3,0,2,2,2793,2046
"V",3,0,2,3,1515,1252
"V",3,0,2,4,769,664
"V",3,0,2,5,374,331
"V",3,0,2,6,205,197
"V",3,0,2,7,101,97
"V",3,0,2,8,43,42
"V",3,0,2,9,29,29
"V",3,0,3,-1,1162,489
"V",3,0,3,-10,6,0
"V",3,0,3,-11,1,0
"V",3,0,3,-2,599,173
"V",3,0,3,-3,310,67
"V",3,0,3,-4,138,25
"V",3,0,3,-5,78,7
"V",3,0,3,-6,48,1
"V",3,0,3,-7,13,1
"V",3,0,3,-8,8,1
"V",3,0,3,-9,3,0
"V",3,0,3,0,2436,1315
"V",3,0,3,1,1436,982
"V",3,0,3,10,2,2
"V",3,0,3,2,917,689
"V",3,0,3,3,519,423
"V",3,0,3,4,272,231
"V",3,0,3,5,140,128
"V",3,0,3,6,72,69
"V",3,0,3,7,28,27
"V",3,0,3,8,15,14
"V",3,0,3,9,9,8
"V",3,0,4,-1,964,434
"V",3,0,4,-10,4,0
"V",3,0,4,-2,594,219
"V",3,0,4,-3,348,86
"V",3,0,4,-4,191,43
"V",3,0,4,-5,105,18
"V",3,0,4,-6,61,5
"V",3,0,4,-7,32,3
"V",3,0,4,-8,16,0
"V",3,0,4,-9,3,0
"V",3,0,4,0,1833,1084
"V",3,0,4,1,1141,774
"V",3,0,4,10,3,3
"V",3,0,4,11,1,1
"V",3,0,4,12,1,1
"V",3,0,4,2,693,538
"V",3,0,4,3,395,339
"V",3,0,4,4,224,192
"V",3,0,4,5,111,100
"V",3,0,4,6,63,60
"V",3,0,4,7,32,31
"V",3,0,4,8,14,14
"V",3,0,4,9,7,7
"V",3,0,5,-1,229,110
"V",3,0,5,-2,118,37
"V",3,0,5,-3,54,11
"V",3,0,5,-4,30,9
"V",3,0,5,-5,12,1
"V",3,0,5,-6,4,0
"V",3,0,5,-7,6,0
"V",3,0,5,-8,3,0
"V",3,0,5,-9,3,0
"V",3,0,5,0,455,267
"V",3,0,5,1,343,239
"V",3,0,5,10,2,2
"V",3,0,5,11,1,1
"V",3,0,5,2,257,197
"V",3,0,5,3,152,124
"V",3,0,5,4,82,77
"V",3,0,5,5,39,36
"V",3,0,5,6,16,16
"V",3,0,5,7,8,8
"V",3,0,5,8,8,8
"V",3,0,5,9,1,1
"V",3,0,6,-1,369,186
"V",3,0,6,-10,1,0
"V",3,0,6,-2,187,70
"V",3,0,6,-3,87,18
"V",3,0,6,-4,57,14
"V",3,0,6,-5,25,2
"V",3,0,6,-6,14,2
"V",3,0,6,-7,7,1
"V",3,0,6,-8,5,1
"V",3,0,6,-9,1,0
"V",3,0,6,0,797,487
"V",3,0,6,1,543,391
"V",3,0,6,10,3,3
"V",3,0,6,2,377,288
"V",3,0,6,3,244,210
"V",3,0,6,4,107,99
"V",3,0,6,5,55,52
"V",3,0,6,6,26,26
"V",3,0,6,7,14,14
"V",3,0,6,8,5,5
"V",3,0,6,9,4,4
"V",3,0,7,-1,218,113
"V",3,0,7,-10,2,0
"V",3,0,7,-11,1,0
"V",3,0,7,-16,1,0
"V",3,0,7,-2,117,52
"V",3,0,7,-3,64,19
"V",3,0,7,-4,27,7
"V",3,0,7,-5,25,4
"V",3,0,7,-6,6,2
"V",3,0,7,-7,6,0
"V",3,0,7,-8,8,0
"V",3,0,7,0,381,234
"V",3,0,7,1,280,216
"V",3,0,7,10,2,2
"V",3,0,7,11,1,1
"V",3,0,7,12,2,2
"V",3,0,7,2,224,184
"V",3,0,7,3,127,110
"V",3,0,7,4,69,63
"V",3,0,7,5,31,28
"V",3,0,7,6,20,20
"V",3,0,7,7,7,7
"V",3,0,7,8,3,3
"V",3,0,7,9,2,2
"V",3,0,8,-1,206,118
"V",3,0,8,-10,2,0
"V",3,0,8,-2,140,64
"V",3,0,8,-3,81,26
"V",3,0,8,-4,35,7
"V",3,0,8,-5,20,3
"V",3,0,8,-6,13,1
"V",3,0,8,-7,13,0
"V",3,0,8,-8,5,1
"V",3,0,8,-9,1,0
"V",3,0,8,0,394,277
"V",3,0,8,1,312,223
"V",3,0,8,10,2,2
"V",3,0,8,2,178,142
"V",3,0,8,3,114,100
"V",3,0,8,4,72,68
"V",3,0,8,5,40,37
"V",3,0,8,6,16,15
"V",3,0,8,7,14,13
"V",3,0,8,8,4,4
"V",3,0,8,9,1,1
"V",3,1,1,-1,15185,4784
"V",3,1,1,-10,39,0
"V",3,1,1,-11,19,0
"V",3,1,1,-12,5,0
"V",3,1,1,-13,4,0
"V",3,1,1,-14,2,0
"V",3,1,1,-16,2,0
"V",3,1,1,-2,8204,1733
"V",3,1,1,-3,4258,654
"V",3,1,1,-4,2213,196
"V",3,1,1,-5,1106,63
"V",3,1,1,-6,599,23
"V",3,1,1,-7,290,10
"V",3,1,1,-8,144,4
"V",3,1,1,-9,65,1
"V",3,1,1,0,32062,14313
"V",3,1,1,1,14418,8305
"V",3,1,1,10,27,27
"V",3,1,1,11,12,12
"V",3,1,1,12,3,3
"V",3,1,1,13,2,2
"V",3,1,1,2,7481,5093
"V",3,1,1,3,4032,3129
"V",3,1,1,4,2135,1820
"V",3,1,1,5,1142,990
"V",3,1,1,6,590,558
"V",3,1,1,7,240,232
"V",3,1,1,8,123,120
"V",3,1,1,9,60,58
"V",3,1,2,-1,5906,2060
"V",3,1,2,-10,11,0
"V",3,1,2,-11,12,0
"V",3,1,2,-12,3,0
"V",3,1,2,-13,2,0
"V",3,1,2,-14,1,0
"V",3,1,2,-15,1,0
"V",3,1,2,-2,3241,754
"V",3,1,2,-3,1821,337
"V",3,1,2,-4,898,103
"V",3,1,2,-5,507,38
"V",3,1,2,-6,257,14
"V",3,1,2,-7,133,5
"V",3,1,2,-8,69,1
"V",3,1,2,-9,33,1
"V",3,1,2,0,11900,5702
"V",3,1,2,1,6384,3849
"V",3,1,2,10,20,20
"V",3,1,2,11,10,10
"V",3,1,2,12,3,3
"V",3,1,2,13,1,1
"V",3,1,2,14,1,1
"V",3,1,2,15,1,1
"V",3,1,2,2,3725,2623
"V",3,1,2,3,2060,1631
"V",3,1,2,4,1129,972
"V",3,1,2,5,575,505
"V",3,1,2,6,315,294
"V",3,1,2,7,151,141
"V",3,1,2,8,59,57
"V",3,1,2,9,32,31
"V",3,1,3,-1,2496,910
"V",3,1,3,-10,6,0
"V",3,1,3,-11,1,0
"V",3,1,3,-16,1,0
"V",3,1,3,-2,1103,262
"V",3,1,3,-3,538,99
"V",3,1,3,-4,247,35
"V",3,1,3,-5,118,9
"V",3,1,3,-6,70,7
"V",3,1,3,-7,28,0
"V",3,1,3,-8,19,1
"V",3,1,3,-9,9,0
"V",3,1,3,0,5587,2802
"V",3,1,3,1,3112,1999
"V",3,1,3,10,9,9
"V",3,1,3,11,6,6
"V",3,1,3,12,1,1
"V",3,1,3,15,1,1
"V",3,1,3,2,1855,1335
"V",3,1,3,3,1041,837
"V",3,1,3,4,600,516
"V",3,1,3,5,274,242
"V",3,1,3,6,152,142
"V",3,1,3,7,62,59
"V",3,1,3,8,35,34
"V",3,1,3,9,18,17
"V",3,1,4,-1,1745,700
"V",3,1,4,-10,4,0
"V",3,1,4,-11,3,0
"V",3,1,4,-12,1,0
"V",3,1,4,-14,1,0
"V",3,1,4,-2,1029,309
"V",3,1,4,-3,565,121
"V",3,1,4,-4,293,50
"V",3,1,4,-5,171,13
"V",3,1,4,-6,92,6
"V",3,1,4,-7,47,5
"V",3,1,4,-8,25,0
"V",3,1,4,-9,14,0
"V",3,1,4,0,3249,1669
"V",3,1,4,1,2168,1390
"V",3,1,4,10,7,7
"V",3,1,4,11,3,3
"V",3,1,4,12,2,2
"V",3,1,4,13,2,2
"V",3,1,4,14,1,1
"V",3,1,4,15,1,1
"V",3,1,4,2,1379,1002
"V",3,1,4,3,849,683
"V",3,1,4,4,477,404
"V",3,1,4,5,252,228
"V",3,1,4,6,138,132
"V",3,1,4,7,81,75
"V",3,1,4,8,36,35
"V",3,1,4,9,15,14
"V",3,1,5,-1,731,299
"V",3,1,5,-10,1,0
"V",3,1,5,-15,1,0
"V",3,1,5,-2,347,94
"V",3,1,5,-3,147,32
"V",3,1,5,-4,83,11
"V",3,1,5,-5,26,2
"V",3,1,5,-6,26,1
"V",3,1,5,-7,10,0
"V",3,1,5,-8,6,0
"V",3,1,5,-9,5,0
"V",3,1,5,0,1614,854
"V",3,1,5,1,1228,816
"V",3,1,5,10,5,5
"V",3,1,5,11,3,3
"V",3,1,5,13,1,1
"V",3,1,5,2,792,593
"V",3,1,5,3,485,388
"V",3,1,5,4,257,221
"V",3,1,5,5,128,116
"V",3,1,5,6,63,57
"V",3,1,5,7,29,28
"V",3,1,5,8,16,15
"V",3,1,5,9,3,3
"V",3,1,6,-1,843,354
"V",3,1,6,-10,2,0
"V",3,1,6,-11,1,0
"V",3,1,6,-2,439,142
"V",3,1,6,-3,234,58
"V",3,1,6,-4,119,20
"V",3,1,6,-5,61,8
"V",3,1,6,-6,26,1
"V",3,1,6,-7,9,0
"V",3,1,6,-8,9,0
"V",3,1,6,-9,2,0
"V",3,1,6,0,1636,932
"V",3,1,6,1,1294,865
"V",3,1,6,10,7,7
"V",3,1,6,11,5,5
"V",3,1,6,12,1,1
"V",3,1,6,13,2,2
"V",3,1,6,2,900,657
"V",3,1,6,3,512,418
"V",3,1,6,4,308,264
"V",3,1,6,5,140,129
"V",3,1,6,6,60,56
"V",3,1,6,7,38,37
"V",3,1,6,8,25,25
"V",3,1,6,9,12,12
"V",3,1,7,-1,633,283
"V",3,1,7,-10,3,0
"V",3,1,7,-11,1,0
"V",3,1,7,-2,309,105
"V",3,1,7,-3,171,58
"V",3,1,7,-4,77,17
"V",3,1,7,-5,42,7
"V",3,1,7,-6,19,0
"V",3,1,7,-7,14,1
"V",3,1,7,-8,6,1
"V",3,1,7,0,1281,727
"V",3,1,7,1,943,639
"V",3,1,7,10,3,3
"V",3,1,7,11,3,3
"V",3,1,7,12,3,3
"V",3,1,7,13,1,1
"V",3,1,7,2,591,457
"V",3,1,7,3,361,304
"V",3,1,7,4,230,200
"V",3,1,7,5,103,95
"V",3,1,7,6,61,59
"V",3,1,7,7,28,27
"V",3,1,7,8,13,13
"V",3,1,7,9,12,11
"V",3,1,8,-1,492,217
"V",3,1,8,-10,2,0
"V",3,1,8,-2,249,89
"V",3,1,8,-3,134,40
"V",3,1,8,-4,74,12
"V",3,1,8,-5,43,5
"V",3,1,8,-6,22,2
"V",3,1,8,-7,16,1
"V",3,1,8,-8,12,1
"V",3,1,8,-9,2,0
"V",3,1,8,0,957,577
"V",3,1,8,1,822,554
"V",3,1,8,10,4,4
"V",3,1,8,11,3,3
"V",3,1,8,2,589,445
"V",3,1,8,3,348,285
"V",3,1,8,4,235,208
"V",3,1,8,5,112,101
"V",3,1,8,6,40,40
"V",3,1,8,7,25,24
"V",3,1,8,8,8,8
"V",3,1,8,9,4,4
"V",3,2,1,-1,11677,3481
"V",3,2,1,-10,28,0
"V",3,2,1,-11,11,0
"V",3,2,1,-12,3,0
"V",3,2,1,-13,4,0
"V",3,2,1,-14,2,0
"V",3,2,1,-16,1,0
"V",3,2,1,-2,6353,1282
"V",3,2,1,-3,3243,422
"V",3,2,1,-4,1668,131
"V",3,2,1,-5,854,44
"V",3,2,1,-6,451,13
"V",3,2,1,-7,205,7
"V",3,2,1,-8,113,2
"V",3,2,1,-9,46,0
"V",3,2,1,0,24945,10748
"V",3,2,1,1,11647,6523
"V",3,2,1,10,28,28
"V",3,2,1,11,17,17
"V",3,2,1,12,8,8
"V",3,2,1,13,6,6
"V",3,2,1,2,6439,4288
"V",3,2,1,3,3751,2884
"V",3,2,1,4,2111,1764
"V",3,2,1,5,1138,985
"V",3,2,1,6,581,545
"V",3,2,1,7,242,234
"V",3,2,1,8,132,129
"V",3,2,1,9,72,69
"V",3,2,2,-1,5572,1773
"V",3,2,2,-10,8,0
"V",3,2,2,-11,5,0
"V",3,2,2,-12,3,0
"V",3,2,2,-13,2,0
"V",3,2,2,-15,1,0
"V",3,2,2,-2,3085,652
"V",3,2,2,-3,1677,251
"V",3,2,2,-4,874,81
"V",3,2,2,-5,467,34
"V",3,2,2,-6,253,13
"V",3,2,2,-7,136,5
"V",3,2,2,-8,65,2
"V",3,2,2,-9,32,0
"V",3,2,2,0,11534,5138
"V",3,2,2,1,6879,3950
"V",3,2,2,10,21,21
"V",3,2,2,11,18,17
"V",3,2,2,12,7,7
"V",3,2,2,13,2,2
"V",3,2,2,14,3,3
"V",3,2,2,15,1,1
"V",3,2,2,2,4287,2941
"V",3,2,2,3,2483,1918
"V",3,2,2,4,1446,1228
"V",3,2,2,5,800,697
"V",3,2,2,6,399,372
"V",3,2,2,7,223,215
"V",3,2,2,8,107,104
"V",3,2,2,9,60,58
"V",3,2,3,-1,3073,1018
"V",3,2,3,-10,8,0
"V",3,2,3,-11,3,0
"V",3,2,3,-12,1,0
"V",3,2,3,-13,1,0
"V",3,2,3,-16,1,0
"V",3,2,3,-2,1413,313
"V",3,2,3,-3,721,122
"V",3,2,3,-4,320,30
"V",3,2,3,-5,167,9
"V",3,2,3,-6,81,4
"V",3,2,3,-7,36,0
"V",3,2,3,-8,14,0
"V",3,2,3,-9,14,0
"V",3,2,3,0,6508,3032
"V",3,2,3,1,4026,2351
"V",3,2,3,10,19,19
"V",3,2,3,11,11,11
"V",3,2,3,12,8,8
"V",3,2,3,13,5,5
"V",3,2,3,14,2,2
"V",3,2,3,15,1,1
"V",3,2,3,18,1,1
"V",3,2,3,2,2600,1818
"V",3,2,3,3,1549,1226
"V",3,2,3,4,926,792
"V",3,2,3,5,488,426
"V",3,2,3,6,280,262
"V",3,2,3,7,118,108
"V",3,2,3,8,55,54
"V",3,2,3,9,26,25
"V",3,2,4,-1,2048,731
"V",3,2,4,-10,6,0
"V",3,2,4,-11,4,0
"V",3,2,4,-12,4,0
"V",3,2,4,-2,1158,269
"V",3,2,4,-3,696,109
"V",3,2,4,-4,351,33
"V",3,2,4,-5,200,17
"V",3,2,4,-6,112,5
"V",3,2,4,-7,57,1
"V",3,2,4,-8,21,1
"V",3,2,4,-9,15,0
"V",3,2,4,0,4037,1912
"V",3,2,4,1,2868,1686
"V",3,2,4,10,10,10
"V",3,2,4,11,7,7
"V",3,2,4,12,3,3
"V",3,2,4,14,2,2
"V",3,2,4,16,1,1
"V",3,2,4,2,1971,1403
"V",3,2,4,3,1229,979
"V",3,2,4,4,784,672
"V",3,2,4,5,414,355
"V",3,2,4,6,222,210
"V",3,2,4,7,132,124
"V",3,2,4,8,76,74
"V",3,2,4,9,32,30
"V",3,2,5,-1,1091,364
"V",3,2,5,-10,2,0
"V",3,2,5,-11,1,0
"V",3,2,5,-2,523,118
"V",3,2,5,-3,257,45
"V",3,2,5,-4,118,17
"V",3,2,5,-5,66,4
"V",3,2,5,-6,38,2
"V",3,2,5,-7,14,0
"V",3,2,5,-8,12,1
"V",3,2,5,-9,2,0
"V",3,2,5,0,2389,1123
"V",3,2,5,1,1810,1110
"V",3,2,5,10,15,14
"V",3,2,5,11,4,4
"V",3,2,5,12,2,2
"V",3,2,5,15,2,2
"V",3,2,5,2,1187,835
"V",3,2,5,3,690,529
"V",3,2,5,4,399,345
"V",3,2,5,5,209,190
"V",3,2,5,6,101,93
"V",3,2,5,7,62,58
"V",3,2,5,8,36,35
"V",3,2,5,9,17,17
"V",3,2,6,-1,948,327
"V",3,2,6,-10,1,0
"V",3,2,6,-13,1,0
"V",3,2,6,-2,508,138
"V",3,2,6,-3,278,56
"V",3,2,6,-4,146,20
"V",3,2,6,-5,78,12
"V",3,2,6,-6,49,4
"V",3,2,6,-7,20,2
"V",3,2,6,-8,9,0
"V",3,2,6,-9,6,0
"V",3,2,6,0,2008,985
"V",3,2,6,1,1592,978
"V",3,2,6,10,8,8
"V",3,2,6,11,7,7
"V",3,2,6,13,1,1
"V",3,2,6,15,1,1
"V",3,2,6,2,1162,795
"V",3,2,6,3,683,550
"V",3,2,6,4,423,357
"V",3,2,6,5,246,225
"V",3,2,6,6,112,108
"V",3,2,6,7,65,63
"V",3,2,6,8,32,31
"V",3,2,6,9,17,16
"V",3,2,7,-1,588,217
"V",3,2,7,-10,1,0
"V",3,2,7,-11,2,0
"V",3,2,7,-14,1,0
"V",3,2,7,-15,1,0
"V",3,2,7,-2,302,90
"V",3,2,7,-3,173,38
"V",3,2,7,-4,74,11
"V",3,2,7,-5,38,3
"V",3,2,7,-6,27,1
"V",3,2,7,-7,24,1
"V",3,2,7,-8,9,0
"V",3,2,7,-9,1,0
"V",3,2,7,0,1181,573
"V",3,2,7,1,906,552
"V",3,2,7,10,6,5
"V",3,2,7,11,7,7
"V",3,2,7,12,2,2
"V",3,2,7,16,1,1
"V",3,2,7,2,658,472
"V",3,2,7,3,404,333
"V",3,2,7,4,281,235
"V",3,2,7,5,145,131
"V",3,2,7,6,110,105
"V",3,2,7,7,44,40
"V",3,2,7,8,21,21
"V",3,2,7,9,13,12
"V",3,2,8,-1,606,241
"V",3,2,8,-10,2,0
"V",3,2,8,-11,1,0
"V",3,2,8,-2,304,79
"V",3,2,8,-3,175,34
"V",3,2,8,-4,98,18
"V",3,2,8,-5,52,9
"V",3,2,8,-6,24,1
"V",3,2,8,-7,17,1
"V",3,2,8,-8,9,1
"V",3,2,8,-9,3,0
"V",3,2,8,0,1163,598
"V",3,2,8,1,963,602
"V",3,2,8,10,3,3
"V",3,2,8,11,4,4
"V",3,2,8,12,1,1
"V",3,2,8,2,727,520
"V",3,2,8,3,409,334
"V",3,2,8,4,318,265
"V",3,2,8,5,151,133
"V",3,2,8,6,72,68
"V",3,2,8,7,48,45
"V",3,2,8,8,25,25
"V",3,2,8,9,13,13
"V",4,0,1,-1,19960,6777
"V",4,0,1,-10,103,0
"V",4,0,1,-11,64,2
"V",4,0,1,-12,30,0
"V",4,0,1,-13,16,0
"V",4,0,1,-14,6,0
"V",4,0,1,-15,1,0
"V",4,0,1,-16,1,0
"V",4,0,1,-17,2,0
"V",4,0,1,-18,1,0
"V",4,0,1,-2,12921,2944
"V",4,0,1,-3,8291,1248
"V",4,0,1,-4,5115,455
"V",4,0,1,-5,2925,196
"V",4,0,1,-6,1543,62
"V",4,0,1,-7,763,18
"V",4,0,1,-8,393,4
"V",4,0,1,-9,211,2
"V",4,0,1,0,32611,15407
"V",4,0,1,1,18959,11588
"V",4,0,1,10,86,86
"V",4,0,1,11,43,42
"V",4,0,1,12,19,19
"V",4,0,1,13,13,13
"V",4,0,1,14,5,5
"V",4,0,1,15,1,1
"V",4,0,1,18,1,1
"V",4,0,1,2,11757,8443
"V",4,0,1,3,7103,5741
"V",4,0,1,4,4073,3584
"V",4,0,1,5,2216,2020
"V",4,0,1,6,1177,1113
"V",4,0,1,7,568,546
"V",4,0,1,8,291,286
"V",4,0,1,9,150,148
"V",4,0,2,-1,5301,2033
"V",4,0,2,-10,22,0
"V",4,0,2,-11,14,2
"V",4,0,2,-12,8,0
"V",4,0,2,-13,3,0
"V",4,0,2,-14,1,0
"V",4,0,2,-16,1,0
"V",4,0,2,-18,1,0
"V",4,0,2,-2,3469,928
"V",4,0,2,-3,2168,417
"V",4,0,2,-4,1369,168
"V",4,0,2,-5,799,56
"V",4,0,2,-6,397,23
"V",4,0,2,-7,211,3
"V",4,0,2,-8,110,2
"V",4,0,2,-9,48,0
"V",4,0,2,0,8691,4524
"V",4,0,2,1,5077,3299
"V",4,0,2,10,26,26
"V",4,0,2,11,8,8
"V",4,0,2,12,4,4
"V",4,0,2,13,2,2
"V",4,0,2,14,1,1
"V",4,0,2,15,1,1
"V",4,0,2,2,3246,2438
"V",4,0,2,3,1926,1595
"V",4,0,2,4,1100,992
"V",4,0,2,5,590,540
"V",4,0,2,6,323,303
"V",4,0,2,7,152,147
"V",4,0,2,8,99,98
"V",4,0,2,9,49,49
"V",4,0,3,-1,1352,576
"V",4,0,3,-10,3,0
"V",4,0,3,-11,6,0
"V",4,0,3,-12,1,0
"V",4,0,3,-13,3,0
"V",4,0,3,-2,816,256
"V",4,0,3,-3,503,108
"V",4,0,3,-4,320,38
"V",4,0,3,-5,206,25
"V",4,0,3,-6,98,3
"V",4,0,3,-7,36,2
"V",4,0,3,-8,25,0
"V",4,0,3,-9,10,0
"V",4,0,3,0,2230,1277
"V",4,0,3,1,1523,1041
"V",4,0,3,10,8,8
"V",4,0,3,11,9,8
"V",4,0,3,12,3,3
"V",4,0,3,13,1,1
"V",4,0,3,2,938,719
"V",4,0,3,3,559,469
"V",4,0,3,4,321,295
"V",4,0,3,5,163,152
"V",4,0,3,6,107,103
"V",4,0,3,7,44,42
"V",4,0,3,8,28,27
"V",4,0,3,9,13,13
"V",4,0,4,-1,1078,495
"V",4,0,4,-10,10,0
"V",4,0,4,-11,4,0
"V",4,0,4,-12,1,0
"V",4,0,4,-13,1,0
"V",4,0,4,-18,1,0
"V",4,0,4,-2,761,266
"V",4,0,4,-3,512,130
"V",4,0,4,-4,339,52
"V",4,0,4,-5,190,19
"V",4,0,4,-6,96,6
"V",4,0,4,-7,60,1
"V",4,0,4,-8,34,0
"V",4,0,4,-9,16,0
"V",4,0,4,0,1715,1012
"V",4,0,4,1,1176,832
"V",4,0,4,10,6,6
"V",4,0,4,11,7,7
"V",4,0,4,12,1,1
"V",4,0,4,2,735,579
"V",4,0,4,3,390,342
"V",4,0,4,4,249,232
"V",4,0,4,5,153,145
"V",4,0,4,6,71,70
"V",4,0,4,7,35,34
"V",4,0,4,8,28,28
"V",4,0,4,9,13,13
"V",4,0,5,-1,319,133
"V",4,0,5,-10,1,0
"V",4,0,5,-2,174,68
"V",4,0,5,-3,97,21
"V",4,0,5,-4,63,1
"V",4,0,5,-5,35,4
"V",4,0,5,-6,27,0
"V",4,0,5,-7,11,1
"V",4,0,5,-8,4,0
"V",4,0,5,-9,4,0
"V",4,0,5,0,492,271
"V",4,0,5,1,368,254
"V",4,0,5,10,3,3
"V",4,0,5,11,2,2
"V",4,0,5,2,212,160
"V",4,0,5,3,135,114
"V",4,0,5,4,84,76
"V",4,0,5,5,39,37
"V",4,0,5,6,20,20
"V",4,0,5,7,22,21
"V",4,0,5,8,9,9
"V",4,0,5,9,6,6
"V",4,0,6,-1,498,239
"V",4,0,6,-10,3,0
"V",4,0,6,-11,3,0
"V",4,0,6,-2,321,118
"V",4,0,6,-3,183,49
"V",4,0,6,-4,123,12
"V",4,0,6,-5,66,13
"V",4,0,6,-6,42,3
"V",4,0,6,-7,17,1
"V",4,0,6,-8,13,1
"V",4,0,6,-9,2,0
"V",4,0,6,0,796,488
"V",4,0,6,1,588,428
"V",4,0,6,10,4,4
"V",4,0,6,11,2,2
"V",4,0,6,2,311,245
"V",4,0,6,3,226,196
"V",4,0,6,4,111,104
"V",4,0,6,5,66,64
"V",4,0,6,6,38,38
"V",4,0,6,7,26,26
"V",4,0,6,8,14,14
"V",4,0,6,9,11,11
"V",4,0,7,-1,287,142
"V",4,0,7,-10,2,0
"V",4,0,7,-11,1,0
"V",4,0,7,-2,178,64
"V",4,0,7,-3,105,24
"V",4,0,7,-4,67,13
"V",4,0,7,-5,36,3
"V",4,0,7,-6,12,1
"V",4,0,7,-7,15,0
"V",4,0,7,-8,4,0
"V",4,0,7,-9,5,0
"V",4,0,7,0,433,289
"V",4,0,7,1,316,244
"V",4,0,7,10,1,1
"V",4,0,7,12,2,2
"V",4,0,7,2,202,171
"V",4,0,7,3,128,116
"V",4,0,7,4,79,76
"V",4,0,7,5,57,53
"V",4,0,7,6,23,22
"V",4,0,7,7,19,19
"V",4,0,7,8,5,5
"V",4,0,7,9,2,2
"V",4,0,8,-1,247,132
"V",4,0,8,-10,2,0
"V",4,0,8,-11,2,0
"V",4,0,8,-2,178,76
"V",4,0,8,-3,122,50
"V",4,0,8,-4,75,17
"V",4,0,8,-5,31,4
"V",4,0,8,-6,18,4
"V",4,0,8,-7,14,0
"V",4,0,8,-8,5,0
"V",4,0,8,-9,4,0
"V",4,0,8,0,369,258
"V",4,0,8,1,306,246
"V",4,0,8,10,1,1
"V",4,0,8,11,1,1
"V",4,0,8,2,181,157
"V",4,0,8,3,118,112
"V",4,0,8,4,83,80
"V",4,0,8,5,66,65
"V",4,0,8,6,28,27
"V",4,0,8,7,20,20
"V",4,0,8,8,8,8
"V",4,0,8,9,4,4
"V",4,1,1,-1,13706,4226
"V",4,1,1,-10,77,0
"V",4,1,1,-11,44,0
"V",4,1,1,-12,20,0
"V",4,1,1,-13,11,0
"V",4,1,1,-14,4,0
"V",4,1,1,-15,1,0
"V",4,1,1,-17,2,0
"V",4,1,1,-2,8806,1755
"V",4,1,1,-3,5671,712
"V",4,1,1,-4,3442,248
"V",4,1,1,-5,1922,109
"V",4,1,1,-6,1023,34
"V",4,1,1,-7,515,12
"V",4,1,1,-8,256,2
"V",4,1,1,-9,149,2
"V",4,1,1,0,22441,9886
"V",4,1,1,1,13594,7962
"V",4,1,1,10,68,68
"V",4,1,1,11,33,33
"V",4,1,1,12,16,16
"V",4,1,1,13,12,12
"V",4,1,1,14,4,4
"V",4,1,1,15,1,1
"V",4,1,1,16,1,1
"V",4,1,1,18,1,1
"V",4,1,1,19,1,1
"V",4,1,1,2,8686,6097
"V",4,1,1,3,5304,4210
"V",4,1,1,4,3103,2687
"V",4,1,1,5,1692,1541
"V",4,1,1,6,913,861
"V",4,1,1,7,473,458
"V",4,1,1,8,239,234
"V",4,1,1,9,127,125
"V",4,1,2,-1,5906,2017
"V",4,1,2,-10,25,0
"V",4,1,2,-11,21,2
"V",4,1,2,-12,11,0
"V",4,1,2,-13,5,0
"V",4,1,2,-14,2,0
"V",4,1,2,-2,3985,893
"V",4,1,2,-3,2505,387
"V",4,1,2,-4,1566,146
"V",4,1,2,-5,887,59
"V",4,1,2,-6,438,20
"V",4,1,2,-7,242,8
"V",4,1,2,-8,102,1
"V",4,1,2,-9,60,0
"V",4,1,2,0,9493,4488
"V",4,1,2,1,6007,3681
"V",4,1,2,10,34,34
"V",4,1,2,11,12,12
"V",4,1,2,12,10,10
"V",4,1,2,13,4,4
"V",4,1,2,14,1,1
"V",4,1,2,15,2,2
"V",4,1,2,2,3880,2836
"V",4,1,2,3,2378,1941
"V",4,1,2,4,1475,1293
"V",4,1,2,5,777,706
"V",4,1,2,6,469,447
"V",4,1,2,7,249,241
"V",4,1,2,8,139,136
"V",4,1,2,9,75,73
"V",4,1,3,-1,2171,832
"V",4,1,3,-10,8,0
"V",4,1,3,-11,6,0
"V",4,1,3,-12,2,0
"V",4,1,3,-13,1,0
"V",4,1,3,-15,1,0
"V",4,1,3,-16,1,0
"V",4,1,3,-2,1269,301
"V",4,1,3,-3,776,117
"V",4,1,3,-4,407,39
"V",4,1,3,-5,245,21
"V",4,1,3,-6,154,4
"V",4,1,3,-7,69,2
"V",4,1,3,-8,32,0
"V",4,1,3,-9,16,0
"V",4,1,3,0,3907,1998
"V",4,1,3,1,2789,1785
"V",4,1,3,10,23,23
"V",4,1,3,11,11,9
"V",4,1,3,12,2,2
"V",4,1,3,13,3,3
"V",4,1,3,14,1,1
"V",4,1,3,2,2001,1495
"V",4,1,3,3,1282,1050
"V",4,1,3,4,762,676
"V",4,1,3,5,470,424
"V",4,1,3,6,239,223
"V",4,1,3,7,106,102
"V",4,1,3,8,76,74
"V",4,1,3,9,35,35
"V",4,1,4,-1,1748,668
"V",4,1,4,-10,15,0
"V",4,1,4,-11,6,0
"V",4,1,4,-12,5,0
"V",4,1,4,-13,3,0
"V",4,1,4,-14,2,0
"V",4,1,4,-2,1200,334
"V",4,1,4,-3,834,172
"V",4,1,4,-4,525,53
"V",4,1,4,-5,297,25
"V",4,1,4,-6,163,12
"V",4,1,4,-7,73,1
"V",4,1,4,-8,34,1
"V",4,1,4,-9,18,0
"V",4,1,4,0,2714,1416
"V",4,1,4,1,2060,1345
"V",4,1,4,10,18,18
"V",4,1,4,11,6,6
"V",4,1,4,12,4,4
"V",4,1,4,13,1,1
"V",4,1,4,15,1,1
"V",4,1,4,16,1,1
"V",4,1,4,2,1361,1045
"V",4,1,4,3,834,693
"V",4,1,4,4,507,463
"V",4,1,4,5,344,316
"V",4,1,4,6,193,188
"V",4,1,4,7,95,92
"V",4,1,4,8,71,70
"V",4,1,4,9,38,37
"V",4,1,5,-1,817,349
"V",4,1,5,-10,2,0
"V",4,1,5,-11,2,0
"V",4,1,5,-12,1,0
"V",4,1,5,-13,2,0
"V",4,1,5,-2,417,106
"V",4,1,5,-3,264,49
"V",4,1,5,-4,151,13
"V",4,1,5,-5,97,9
"V",4,1,5,-6,47,3
"V",4,1,5,-7,20,0
"V",4,1,5,-8,12,0
"V",4,1,5,-9,4,0
"V",4,1,5,0,1359,744
"V",4,1,5,1,1060,708
"V",4,1,5,10,9,9
"V",4,1,5,11,7,7
"V",4,1,5,12,2,2
"V",4,1,5,14,1,1
"V",4,1,5,2,778,609
"V",4,1,5,3,513,435
"V",4,1,5,4,297,264
"V",4,1,5,5,158,146
"V",4,1,5,6,108,105
"V",4,1,5,7,57,56
"V",4,1,5,8,35,35
"V",4,1,5,9,12,12
"V",4,1,6,-1,898,417
"V",4,1,6,-10,1,0
"V",4,1,6,-11,4,0
"V",4,1,6,-12,1,0
"V",4,1,6,-18,1,0
"V",4,1,6,-2,552,149
"V",4,1,6,-3,316,69
"V",4,1,6,-4,204,24
"V",4,1,6,-5,104,13
"V",4,1,6,-6,55,3
"V",4,1,6,-7,34,2
"V",4,1,6,-8,15,0
"V",4,1,6,-9,5,0
"V",4,1,6,0,1431,813
"V",4,1,6,1,1072,740
"V",4,1,6,10,10,10
"V",4,1,6,11,2,2
"V",4,1,6,12,1,1
"V",4,1,6,13,1,1
"V",4,1,6,14,1,1
"V",4,1,6,2,776,600
"V",4,1,6,3,487,401
"V",4,1,6,4,319,287
"V",4,1,6,5,208,196
"V",4,1,6,6,118,115
"V",4,1,6,7,71,71
"V",4,1,6,8,40,37
"V",4,1,6,9,21,21
"V",4,1,7,-1,608,273
"V",4,1,7,-10,5,0
"V",4,1,7,-11,2,0
"V",4,1,7,-12,1,0
"V",4,1,7,-2,390,116
"V",4,1,7,-3,204,41
"V",4,1,7,-4,128,17
"V",4,1,7,-5,61,3
"V",4,1,7,-6,33,2
"V",4,1,7,-7,28,1
"V",4,1,7,-8,6,0
"V",4,1,7,-9,3,0
"V",4,1,7,0,1040,566
"V",4,1,7,1,864,618
"V",4,1,7,10,5,5
"V",4,1,7,11,4,4
"V",4,1,7,12,2,2
"V",4,1,7,14,1,1
"V",4,1,7,2,593,474
"V",4,1,7,3,403,337
"V",4,1,7,4,279,257
"V",4,1,7,5,148,140
"V",4,1,7,6,83,78
"V",4,1,7,7,31,30
"V",4,1,7,8,35,35
"V",4,1,7,9,13,12
"V",4,1,8,-1,528,252
"V",4,1,8,-10,7,0
"V",4,1,8,-11,2,0
"V",4,1,8,-14,1,0
"V",4,1,8,-2,301,101
"V",4,1,8,-3,224,55
"V",4,1,8,-4,129,17
"V",4,1,8,-5,64,12
"V",4,1,8,-6,44,7
"V",4,1,8,-7,20,1
"V",4,1,8,-8,6,0
"V",4,1,8,-9,3,0
"V",4,1,8,0,863,504
"V",4,1,8,1,787,562
"V",4,1,8,10,3,3
"V",4,1,8,2,571,471
"V",4,1,8,3,384,333
"V",4,1,8,4,208,193
"V",4,1,8,5,157,152
"V",4,1,8,6,87,85
"V",4,1,8,7,46,46
"V",4,1,8,8,27,27
"V",4,1,8,9,17,16
"V",4,2,1,-1,10360,2919
"V",4,2,1,-10,55,0
"V",4,2,1,-11,26,0
"V",4,2,1,-12,16,0
"V",4,2,1,-13,8,0
"V",4,2,1,-14,2,0
"V",4,2,1,-15,1,0
"V",4,2,1,-17,2,0
"V",4,2,1,-2,6580,1215
"V",4,2,1,-3,4236,479
"V",4,2,1,-4,2576,173
"V",4,2,1,-5,1436,62
"V",4,2,1,-6,764,21
"V",4,2,1,-7,365,6
"V",4,2,1,-8,193,2
"V",4,2,1,-9,106,2
"V",4,2,1,0,16938,7039
"V",4,2,1,1,11027,6257
"V",4,2,1,10,77,77
"V",4,2,1,11,35,34
"V",4,2,1,12,21,21
"V",4,2,1,13,15,15
"V",4,2,1,14,5,5
"V",4,2,1,15,1,1
"V",4,2,1,16,1,1
"V",4,2,1,19,1,1
"V",4,2,1,2,7389,5073
"V",4,2,1,3,4561,3588
"V",4,2,1,4,2707,2331
"V",4,2,1,5,1499,1360
"V",4,2,1,6,812,761
"V",4,2,1,7,450,433
"V",4,2,1,8,249,243
"V",4,2,1,9,142,141
"V",4,2,2,-1,5438,1650
"V",4,2,2,-10,25,0
"V",4,2,2,-11,14,2
"V",4,2,2,-12,8,0
"V",4,2,2,-13,4,0
"V",4,2,2,-15,1,0
"V",4,2,2,-17,1,0
"V",4,2,2,-2,3634,722
"V",4,2,2,-3,2323,284
"V",4,2,2,-4,1439,99
"V",4,2,2,-5,818,40
"V",4,2,2,-6,433,15
"V",4,2,2,-7,208,5
"V",4,2,2,-8,103,2
"V",4,2,2,-9,61,1
"V",4,2,2,0,8612,3800
"V",4,2,2,1,6057,3560
"V",4,2,2,10,64,64
"V",4,2,2,11,30,30
"V",4,2,2,12,17,17
"V",4,2,2,13,5,5
"V",4,2,2,14,2,2
"V",4,2,2,15,1,1
"V",4,2,2,16,1,1
"V",4,2,2,2,4153,2918
"V",4,2,2,3,2744,2199
"V",4,2,2,4,1732,1522
"V",4,2,2,5,999,910
"V",4,2,2,6,651,614
"V",4,2,2,7,339,332
"V",4,2,2,8,183,178
"V",4,2,2,9,97,94
"V",4,2,3,-1,2593,811
"V",4,2,3,-10,13,0
"V",4,2,3,-11,8,0
"V",4,2,3,-12,3,0
"V",4,2,3,-13,2,0
"V",4,2,3,-2,1454,290
"V",4,2,3,-3,898,114
"V",4,2,3,-4,508,36
"V",4,2,3,-5,304,21
"V",4,2,3,-6,179,2
"V",4,2,3,-7,81,1
"V",4,2,3,-8,42,0
"V",4,2,3,-9,17,0
"V",4,2,3,0,4462,2088
"V",4,2,3,1,3501,2091
"V",4,2,3,10,25,25
"V",4,2,3,11,20,19
"V",4,2,3,12,11,11
"V",4,2,3,13,5,5
"V",4,2,3,14,1,1
"V",4,2,3,15,1,1
"V",4,2,3,2,2625,1894
"V",4,2,3,3,1821,1488
"V",4,2,3,4,1186,1044
"V",4,2,3,5,735,668
"V",4,2,3,6,395,376
"V",4,2,3,7,169,164
"V",4,2,3,8,120,118
"V",4,2,3,9,73,73
"V",4,2,4,-1,2030,687
"V",4,2,4,-10,7,1
"V",4,2,4,-11,7,1
"V",4,2,4,-12,7,0
"V",4,2,4,-13,3,0
"V",4,2,4,-17,1,0
"V",4,2,4,-2,1377,307
"V",4,2,4,-3,927,138
"V",4,2,4,-4,584,42
"V",4,2,4,-5,328,23
"V",4,2,4,-6,161,7
"V",4,2,4,-7,87,3
"V",4,2,4,-8,40,1
"V",4,2,4,-9,31,1
"V",4,2,4,0,3190,1520
"V",4,2,4,1,2687,1672
"V",4,2,4,10,28,28
"V",4,2,4,11,12,12
"V",4,2,4,12,7,7
"V",4,2,4,13,4,4
"V",4,2,4,16,1,1
"V",4,2,4,2,1995,1463
"V",4,2,4,3,1257,1016
"V",4,2,4,4,829,734
"V",4,2,4,5,506,458
"V",4,2,4,6,307,285
"V",4,2,4,7,173,168
"V",4,2,4,8,108,105
"V",4,2,4,9,54,54
"V",4,2,5,-1,1047,348
"V",4,2,5,-10,6,0
"V",4,2,5,-11,2,0
"V",4,2,5,-12,2,0
"V",4,2,5,-15,1,0
"V",4,2,5,-2,622,122
"V",4,2,5,-3,353,44
"V",4,2,5,-4,206,23
"V",4,2,5,-5,123,7
"V",4,2,5,-6,75,5
"V",4,2,5,-7,31,1
"V",4,2,5,-8,17,0
"V",4,2,5,-9,10,0
"V",4,2,5,0,1811,839
"V",4,2,5,1,1487,887
"V",4,2,5,10,22,22
"V",4,2,5,11,6,6
"V",4,2,5,12,3,3
"V",4,2,5,13,3,3
"V",4,2,5,14,1,1
"V",4,2,5,15,1,1
"V",4,2,5,2,1054,724
"V",4,2,5,3,738,606
"V",4,2,5,4,477,423
"V",4,2,5,5,274,247
"V",4,2,5,6,158,150
"V",4,2,5,7,105,101
"V",4,2,5,8,55,55
"V",4,2,5,9,29,29
"V",4,2,6,-1,953,349
"V",4,2,6,-10,1,0
"V",4,2,6,-11,5,0
"V",4,2,6,-12,1,0
"V",4,2,6,-15,1,0
"V",4,2,6,-18,1,0
"V",4,2,6,-2,652,154
"V",4,2,6,-3,367,58
"V",4,2,6,-4,236,23
"V",4,2,6,-5,114,8
"V",4,2,6,-6,60,2
"V",4,2,6,-7,30,0
"V",4,2,6,-8,8,0
"V",4,2,6,-9,9,0
"V",4,2,6,0,1582,769
"V",4,2,6,1,1285,780
"V",4,2,6,10,16,16
"V",4,2,6,11,8,8
"V",4,2,6,12,3,3
"V",4,2,6,13,2,2
"V",4,2,6,15,2,2
"V",4,2,6,2,995,738
"V",4,2,6,3,694,575
"V",4,2,6,4,452,398
"V",4,2,6,5,318,289
"V",4,2,6,6,190,178
"V",4,2,6,7,90,89
"V",4,2,6,8,50,48
"V",4,2,6,9,28,27
"V",4,2,7,-1,620,231
"V",4,2,7,-10,7,0
"V",4,2,7,-11,3,1
"V",4,2,7,-13,2,0
"V",4,2,7,-2,375,89
"V",4,2,7,-3,224,34
"V",4,2,7,-4,165,22
"V",4,2,7,-5,83,10
"V",4,2,7,-6,50,3
"V",4,2,7,-7,23,0
"V",4,2,7,-8,12,1
"V",4,2,7,-9,4,0
"V",4,2,7,0,949,452
"V",4,2,7,1,894,561
"V",4,2,7,10,14,14
"V",4,2,7,11,5,5
"V",4,2,7,12,4,4
"V",4,2,7,2,644,493
"V",4,2,7,3,501,399
"V",4,2,7,4,319,271
"V",4,2,7,5,187,173
"V",4,2,7,6,109,99
"V",4,2,7,7,57,55
"V",4,2,7,8,33,32
"V",4,2,7,9,14,14
"V",4,2,8,-1,606,226
"V",4,2,8,-10,4,0
"V",4,2,8,-11,2,0
"V",4,2,8,-12,1,0
"V",4,2,8,-2,378,84
"V",4,2,8,-3,255,48
"V",4,2,8,-4,154,18
"V",4,2,8,-5,75,7
"V",4,2,8,-6,41,0
"V",4,2,8,-7,22,1
"V",4,2,8,-8,6,0
"V",4,2,8,-9,5,0
"V",4,2,8,0,926,467
"V",4,2,8,1,869,550
"V",4,2,8,10,12,12
"V",4,2,8,11,4,4
"V",4,2,8,12,1,1
"V",4,2,8,13,2,2
"V",4,2,8,2,644,476
"V",4,2,8,3,450,373
"V",4,2,8,4,317,274
"V",4,2,8,5,195,177
"V",4,2,8,6,122,117
"V",4,2,8,7,60,59
"V",4,2,8,8,35,34
"V",4,2,8,9,24,23
"V",5,0,1,-1,19023,6110
"V",5,0,1,-10,225,1
"V",5,0,1,-11,134,2
"V",5,0,1,-12,68,0
"V",5,0,1,-13,32,0
"V",5,0,1,-14,20,0
"V",5,0,1,-15,5,0
"V",5,0,1,-16,1,0
"V",5,0,1,-17,6,0
"V",5,0,1,-18,2,0
"V",5,0,1,-19,1,0
"V",5,0,1,-2,13889,2888
"V",5,0,1,-3,9276,1202
"V",5,0,1,-4,5819,437
"V",5,0,1,-5,3459,160
"V",5,0,1,-6,2099,63
"V",5,0,1,-7,1288,21
"V",5,0,1,-8,698,7
"V",5,0,1,-9,415,3
"V",5,0,1,0,24717,11668
"V",5,0,1,1,17781,11283
"V",5,0,1,10,151,151
"V",5,0,1,11,73,73
"V",5,0,1,12,40,40
"V",5,0,1,13,23,23
"V",5,0,1,14,9,9
"V",5,0,1,15,3,3
"V",5,0,1,16,2,2
"V",5,0,1,17,1,1
"V",5,0,1,18,1,1
"V",5,0,1,2,12247,9182
"V",5,0,1,3,7924,6658
"V",5,0,1,4,4785,4323
"V",5,0,1,5,2854,2678
"V",5,0,1,6,1659,1591
"V",5,0,1,7,898,881
"V",5,0,1,8,501,495
"V",5,0,1,9,302,298
"V",5,0,2,-1,4800,1824
"V",5,0,2,-10,67,0
"V",5,0,2,-11,37,1
"V",5,0,2,-12,12,0
"V",5,0,2,-13,5,0
"V",5,0,2,-14,3,0
"V",5,0,2,-15,3,0
"V",5,0,2,-16,1,0
"V",5,0,2,-17,1,0
"V",5,0,2,-19,1,0
"V",5,0,2,-2,3510,912
"V",5,0,2,-3,2420,405
"V",5,0,2,-4,1423,135
"V",5,0,2,-5,928,53
"V",5,0,2,-6,560,20
"V",5,0,2,-7,311,8
"V",5,0,2,-8,188,5
"V",5,0,2,-9,107,1
"V",5,0,2,0,6314,3300
"V",5,0,2,1,4373,2954
"V",5,0,2,10,45,45
"V",5,0,2,11,24,24
"V",5,0,2,12,12,12
"V",5,0,2,13,10,10
"V",5,0,2,14,2,2
"V",5,0,2,15,2,2
"V",5,0,2,2,3239,2534
"V",5,0,2,3,2229,1903
"V",5,0,2,4,1384,1255
"V",5,0,2,5,812,773
"V",5,0,2,6,496,476
"V",5,0,2,7,266,262
"V",5,0,2,8,123,122
"V",5,0,2,9,82,81
"V",5,0,3,-1,1128,463
"V",5,0,3,-10,12,0
"V",5,0,3,-11,12,0
"V",5,0,3,-12,4,0
"V",5,0,3,-15,1,0
"V",5,0,3,-18,1,0
"V",5,0,3,-2,768,217
"V",5,0,3,-3,507,102
"V",5,0,3,-4,347,41
"V",5,0,3,-5,183,18
"V",5,0,3,-6,115,5
"V",5,0,3,-7,62,0
"V",5,0,3,-8,40,1
"V",5,0,3,-9,33,0
"V",5,0,3,0,1579,883
"V",5,0,3,1,1174,847
"V",5,0,3,10,14,14
"V",5,0,3,11,13,13
"V",5,0,3,12,2,2
"V",5,0,3,13,2,2
"V",5,0,3,15,1,1
"V",5,0,3,16,1,1
"V",5,0,3,2,884,725
"V",5,0,3,3,636,566
"V",5,0,3,4,429,396
"V",5,0,3,5,244,233
"V",5,0,3,6,145,139
"V",5,0,3,7,73,73
"V",5,0,3,8,43,43
"V",5,0,3,9,29,29
"V",5,0,4,-1,941,458
"V",5,0,4,-10,12,0
"V",5,0,4,-11,8,1
"V",5,0,4,-12,5,0
"V",5,0,4,-14,1,0
"V",5,0,4,-15,1,0
"V",5,0,4,-16,1,0
"V",5,0,4,-19,1,0
"V",5,0,4,-2,851,291
"V",5,0,4,-3,612,142
"V",5,0,4,-4,368,52
"V",5,0,4,-5,225,22
"V",5,0,4,-6,140,6
"V",5,0,4,-7,72,4
"V",5,0,4,-8,48,3
"V",5,0,4,-9,30,0
"V",5,0,4,0,1178,683
"V",5,0,4,1,872,648
"V",5,0,4,10,13,13
"V",5,0,4,11,8,8
"V",5,0,4,12,5,5
"V",5,0,4,13,4,4
"V",5,0,4,14,1,1
"V",5,0,4,15,1,1
"V",5,0,4,2,697,574
"V",5,0,4,3,517,457
"V",5,0,4,4,319,296
"V",5,0,4,5,205,196
"V",5,0,4,6,132,129
"V",5,0,4,7,90,88
"V",5,0,4,8,43,43
"V",5,0,4,9,27,27
"V",5,0,5,-1,209,93
"V",5,0,5,-11,1,0
"V",5,0,5,-13,2,0
"V",5,0,5,-2,145,51
"V",5,0,5,-3,108,25
"V",5,0,5,-4,58,11
"V",5,0,5,-5,46,6
"V",5,0,5,-6,20,0
"V",5,0,5,-7,14,2
"V",5,0,5,-8,10,0
"V",5,0,5,-9,5,0
"V",5,0,5,0,339,208
"V",5,0,5,1,293,213
"V",5,0,5,10,5,5
"V",5,0,5,11,1,1
"V",5,0,5,12,2,2
"V",5,0,5,14,1,1
"V",5,0,5,15,1,1
"V",5,0,5,2,233,195
"V",5,0,5,3,172,145
"V",5,0,5,4,139,131
"V",5,0,5,5,64,63
"V",5,0,5,6,48,45
"V",5,0,5,7,19,19
"V",5,0,5,8,14,13
"V",5,0,5,9,4,4
"V",5,0,6,-1,383,195
"V",5,0,6,-10,5,0
"V",5,0,6,-11,3,0
"V",5,0,6,-12,1,0
"V",5,0,6,-13,1,0
"V",5,0,6,-2,280,105
"V",5,0,6,-3,172,42
"V",5,0,6,-4,115,16
"V",5,0,6,-5,67,8
"V",5,0,6,-6,48,4
"V",5,0,6,-7,12,1
"V",5,0,6,-8,15,0
"V",5,0,6,-9,5,0
"V",5,0,6,0,565,366
"V",5,0,6,1,429,335
"V",5,0,6,10,6,6
"V",5,0,6,11,6,6
"V",5,0,6,12,2,2
"V",5,0,6,13,1,1
"V",5,0,6,14,1,1
"V",5,0,6,2,342,292
"V",5,0,6,3,279,250
"V",5,0,6,4,184,169
"V",5,0,6,5,93,91
"V",5,0,6,6,55,52
"V",5,0,6,7,35,35
"V",5,0,6,8,24,23
"V",5,0,6,9,9,9
"V",5,0,7,-1,228,118
"V",5,0,7,-10,3,0
"V",5,0,7,-11,3,0
"V",5,0,7,-2,175,66
"V",5,0,7,-3,106,31
"V",5,0,7,-4,61,9
"V",5,0,7,-5,33,7
"V",5,0,7,-6,22,0
"V",5,0,7,-7,14,0
"V",5,0,7,-8,4,0
"V",5,0,7,-9,7,0
"V",5,0,7,0,277,201
"V",5,0,7,1,216,171
"V",5,0,7,10,5,5
"V",5,0,7,2,190,170
"V",5,0,7,3,144,137
"V",5,0,7,4,104,98
"V",5,0,7,5,62,58
"V",5,0,7,6,31,31
"V",5,0,7,7,28,28
"V",5,0,7,8,16,16
"V",5,0,7,9,10,10
"V",5,0,8,-1,216,136
"V",5,0,8,-10,4,0
"V",5,0,8,-11,2,0
"V",5,0,8,-15,1,0
"V",5,0,8,-2,174,79
"V",5,0,8,-3,119,39
"V",5,0,8,-4,82,18
"V",5,0,8,-5,47,8
"V",5,0,8,-6,28,2
"V",5,0,8,-7,15,1
"V",5,0,8,-8,14,0
"V",5,0,8,-9,2,0
"V",5,0,8,0,268,183
"V",5,0,8,1,202,175
"V",5,0,8,10,6,6
"V",5,0,8,11,2,2
"V",5,0,8,12,2,2
"V",5,0,8,13,1,1
"V",5,0,8,14,1,1
"V",5,0,8,2,182,154
"V",5,0,8,3,133,122
"V",5,0,8,4,92,83
"V",5,0,8,5,62,61
"V",5,0,8,6,28,28
"V",5,0,8,7,24,24
"V",5,0,8,8,11,11
"V",5,0,8,9,11,11
"V",5,1,1,-1,13468,3899
"V",5,1,1,-10,143,1
"V",5,1,1,-11,83,0
"V",5,1,1,-12,51,0
"V",5,1,1,-13,26,0
"V",5,1,1,-14,16,0
"V",5,1,1,-15,2,0
"V",5,1,1,-17,5,0
"V",5,1,1,-18,1,0
"V",5,1,1,-2,9758,1764
"V",5,1,1,-3,6388,684
"V",5,1,1,-4,4061,240
"V",5,1,1,-5,2333,85
"V",5,1,1,-6,1433,36
"V",5,1,1,-7,915,11
"V",5,1,1,-8,468,2
"V",5,1,1,-9,273,2
"V",5,1,1,0,17408,7706
"V",5,1,1,1,13016,7949
"V",5,1,1,10,119,119
"V",5,1,1,11,64,64
"V",5,1,1,12,31,31
"V",5,1,1,13,20,20
"V",5,1,1,14,11,11
"V",5,1,1,15,3,3
"V",5,1,1,16,3,3
"V",5,1,1,17,1,1
"V",5,1,1,18,2,2
"V",5,1,1,2,8961,6560
"V",5,1,1,3,5733,4751
"V",5,1,1,4,3527,3172
"V",5,1,1,5,2191,2041
"V",5,1,1,6,1266,1213
"V",5,1,1,7,694,679
"V",5,1,1,8,409,404
"V",5,1,1,9,233,230
"V",5,1,2,-1,5365,1767
"V",5,1,2,-10,61,1
"V",5,1,2,-11,48,0
"V",5,1,2,-12,17,0
"V",5,1,2,-13,8,0
"V",5,1,2,-14,4,0
"V",5,1,2,-15,1,0
"V",5,1,2,-17,3,0
"V",5,1,2,-2,4048,856
"V",5,1,2,-3,2724,344
"V",5,1,2,-4,1703,119
"V",5,1,2,-5,1046,47
"V",5,1,2,-6,669,16
"V",5,1,2,-7,371,8
"V",5,1,2,-8,197,1
"V",5,1,2,-9,129,2
"V",5,1,2,0,6879,3313
"V",5,1,2,1,5299,3401
"V",5,1,2,10,64,64
"V",5,1,2,11,40,40
"V",5,1,2,12,19,19
"V",5,1,2,13,15,15
"V",5,1,2,14,6,6
"V",5,1,2,15,5,5
"V",5,1,2,17,1,1
"V",5,1,2,2,3888,2930
"V",5,1,2,3,2693,2256
"V",5,1,2,4,1823,1635
"V",5,1,2,5,1073,1015
"V",5,1,2,6,622,600
"V",5,1,2,7,341,333
"V",5,1,2,8,197,196
"V",5,1,2,9,123,121
"V",5,1,3,-1,2201,753
"V",5,1,3,-10,22,0
"V",5,1,3,-11,13,0
"V",5,1,3,-12,5,0
"V",5,1,3,-13,3,0
"V",5,1,3,-14,1,0
"V",5,1,3,-15,1,0
"V",5,1,3,-16,1,0
"V",5,1,3,-17,1,0
"V",5,1,3,-18,1,0
"V",5,1,3,-2,1306,312
"V",5,1,3,-3,780,121
"V",5,1,3,-4,475,37
"V",5,1,3,-5,317,14
"V",5,1,3,-6,176,6
"V",5,1,3,-7,90,4
"V",5,1,3,-8,57,1
"V",5,1,3,-9,39,1
"V",5,1,3,0,3200,1623
"V",5,1,3,1,2661,1769
"V",5,1,3,10,30,30
"V",5,1,3,11,18,18
"V",5,1,3,12,9,9
"V",5,1,3,13,6,6
"V",5,1,3,14,4,4
"V",5,1,3,15,1,1
"V",5,1,3,18,1,1
"V",5,1,3,2,2071,1580
"V",5,1,3,3,1383,1181
"V",5,1,3,4,894,812
"V",5,1,3,5,544,520
"V",5,1,3,6,328,317
"V",5,1,3,7,191,188
"V",5,1,3,8,97,96
"V",5,1,3,9,64,64
"V",5,1,4,-1,1581,626
"V",5,1,4,-10,26,1
"V",5,1,4,-11,15,0
"V",5,1,4,-12,10,0
"V",5,1,4,-13,5,0
"V",5,1,4,-14,2,0
"V",5,1,4,-16,1,0
"V",5,1,4,-17,2,0
"V",5,1,4,-2,1247,338
"V",5,1,4,-3,907,159
"V",5,1,4,-4,575,51
"V",5,1,4,-5,378,23
"V",5,1,4,-6,241,9
"V",5,1,4,-7,133,7
"V",5,1,4,-8,70,3
"V",5,1,4,-9,42,1
"V",5,1,4,0,2017,1050
"V",5,1,4,1,1754,1213
"V",5,1,4,10,34,34
"V",5,1,4,11,13,13
"V",5,1,4,12,8,8
"V",5,1,4,13,5,5
"V",5,1,4,14,1,1
"V",5,1,4,15,1,1
"V",5,1,4,17,1,1
"V",5,1,4,2,1402,1112
"V",5,1,4,3,1002,858
"V",5,1,4,4,651,579
"V",5,1,4,5,459,435
"V",5,1,4,6,275,263
"V",5,1,4,7,159,156
"V",5,1,4,8,82,81
"V",5,1,4,9,59,59
"V",5,1,5,-1,722,285
"V",5,1,5,-10,6,0
"V",5,1,5,-11,4,0
"V",5,1,5,-12,1,0
"V",5,1,5,-13,3,0
"V",5,1,5,-17,1,0
"V",5,1,5,-2,397,97
"V",5,1,5,-3,260,47
"V",5,1,5,-4,154,19
"V",5,1,5,-5,91,8
"V",5,1,5,-6,51,3
"V",5,1,5,-7,31,1
"V",5,1,5,-8,21,0
"V",5,1,5,-9,13,0
"V",5,1,5,0,1083,607
"V",5,1,5,1,923,625
"V",5,1,5,10,15,15
"V",5,1,5,11,5,5
"V",5,1,5,12,1,1
"V",5,1,5,14,2,2
"V",5,1,5,15,1,1
"V",5,1,5,16,1,1
"V",5,1,5,2,719,575
"V",5,1,5,3,573,483
"V",5,1,5,4,383,354
"V",5,1,5,5,229,218
"V",5,1,5,6,134,125
"V",5,1,5,7,71,71
"V",5,1,5,8,47,47
"V",5,1,5,9,21,21
"V",5,1,6,-1,775,355
"V",5,1,6,-10,6,0
"V",5,1,6,-11,2,0
"V",5,1,6,-12,2,0
"V",5,1,6,-19,1,0
"V",5,1,6,-2,533,168
"V",5,1,6,-3,372,69
"V",5,1,6,-4,222,24
"V",5,1,6,-5,144,8
"V",5,1,6,-6,81,5
"V",5,1,6,-7,42,2
"V",5,1,6,-8,26,2
"V",5,1,6,-9,15,0
"V",5,1,6,0,1047,625
"V",5,1,6,1,897,658
"V",5,1,6,10,13,13
"V",5,1,6,11,13,13
"V",5,1,6,12,6,6
"V",5,1,6,13,4,4
"V",5,1,6,18,1,1
"V",5,1,6,2,766,617
"V",5,1,6,3,565,488
"V",5,1,6,4,386,354
"V",5,1,6,5,242,234
"V",5,1,6,6,164,161
"V",5,1,6,7,79,78
"V",5,1,6,8,51,51
"V",5,1,6,9,26,26
"V",5,1,7,-1,598,279
"V",5,1,7,-10,3,0
"V",5,1,7,-11,4,0
"V",5,1,7,-12,1,0
"V",5,1,7,-14,1,0
"V",5,1,7,-2,475,141
"V",5,1,7,-3,250,64
"V",5,1,7,-4,135,17
"V",5,1,7,-5,89,17
"V",5,1,7,-6,59,0
"V",5,1,7,-7,36,1
"V",5,1,7,-8,15,0
"V",5,1,7,-9,15,0
"V",5,1,7,0,813,523
"V",5,1,7,1,747,564
"V",5,1,7,10,14,14
"V",5,1,7,11,13,13
"V",5,1,7,12,7,7
"V",5,1,7,13,2,2
"V",5,1,7,2,574,475
"V",5,1,7,3,482,436
"V",5,1,7,4,303,279
"V",5,1,7,5,218,208
"V",5,1,7,6,114,108
"V",5,1,7,7,69,68
"V",5,1,7,8,38,37
"V",5,1,7,9,21,21
"V",5,1,8,-1,472,234
"V",5,1,8,-10,6,1
"V",5,1,8,-11,5,0
"V",5,1,8,-12,3,0
"V",5,1,8,-13,3,0
"V",5,1,8,-14,2,0
"V",5,1,8,-2,320,105
"V",5,1,8,-3,243,67
"V",5,1,8,-4,136,16
"V",5,1,8,-5,96,8
"V",5,1,8,-6,52,3
"V",5,1,8,-7,34,0
"V",5,1,8,-8,24,0
"V",5,1,8,-9,12,0
"V",5,1,8,0,665,406
"V",5,1,8,1,625,467
"V",5,1,8,10,15,15
"V",5,1,8,11,7,7
"V",5,1,8,12,4,4
"V",5,1,8,13,3,3
"V",5,1,8,14,2,2
"V",5,1,8,2,576,484
"V",5,1,8,3,431,396
"V",5,1,8,4,269,249
"V",5,1,8,5,177,169
"V",5,1,8,6,114,110
"V",5,1,8,7,61,61
"V",5,1,8,8,26,26
"V",5,1,8,9,22,22
"V",5,2,1,-1,10485,2817
"V",5,2,1,-10,119,0
"V",5,2,1,-11,56,0
"V",5,2,1,-12,38,0
"V",5,2,1,-13,16,0
"V",5,2,1,-14,13,0
"V",5,2,1,-15,2,0
"V",5,2,1,-16,1,0
"V",5,2,1,-17,2,0
"V",5,2,1,-18,1,0
"V",5,2,1,-2,7558,1222
"V",5,2,1,-3,4958,491
"V",5,2,1,-4,3109,173
"V",5,2,1,-5,1783,59
"V",5,2,1,-6,1047,25
"V",5,2,1,-7,712,5
"V",5,2,1,-8,377,1
"V",5,2,1,-9,198,1
"V",5,2,1,0,13622,5732
"V",5,2,1,1,10415,6172
"V",5,2,1,10,121,120
"V",5,2,1,11,68,68
"V",5,2,1,12,33,33
"V",5,2,1,13,29,29
"V",5,2,1,14,14,14
"V",5,2,1,15,6,6
"V",5,2,1,16,4,4
"V",5,2,1,17,1,1
"V",5,2,1,18,1,1
"V",5,2,1,19,1,1
"V",5,2,1,2,7211,5199
"V",5,2,1,3,4778,3908
"V",5,2,1,4,3010,2671
"V",5,2,1,5,2022,1871
"V",5,2,1,6,1155,1105
"V",5,2,1,7,644,628
"V",5,2,1,8,372,366
"V",5,2,1,9,213,209
"V",5,2,2,-1,5198,1484
"V",5,2,2,-10,56,0
"V",5,2,2,-11,41,0
"V",5,2,2,-12,25,0
"V",5,2,2,-13,4,0
"V",5,2,2,-14,6,0
"V",5,2,2,-15,1,0
"V",5,2,2,-2,3960,706
"V",5,2,2,-3,2659,314
"V",5,2,2,-4,1741,94
"V",5,2,2,-5,988,40
"V",5,2,2,-6,601,14
"V",5,2,2,-7,371,1
"V",5,2,2,-8,201,1
"V",5,2,2,-9,117,1
"V",5,2,2,0,6623,2930
"V",5,2,2,1,5421,3293
"V",5,2,2,10,88,87
"V",5,2,2,11,58,58
"V",5,2,2,12,23,23
"V",5,2,2,13,18,18
"V",5,2,2,14,11,11
"V",5,2,2,15,5,5
"V",5,2,2,16,6,6
"V",5,2,2,17,1,1
"V",5,2,2,18,1,1
"V",5,2,2,19,1,1
"V",5,2,2,2,4150,3001
"V",5,2,2,3,2883,2378
"V",5,2,2,4,1994,1781
"V",5,2,2,5,1257,1169
"V",5,2,2,6,763,727
"V",5,2,2,7,461,448
"V",5,2,2,8,262,260
"V",5,2,2,9,170,167
"V",5,2,3,-1,2763,857
"V",5,2,3,-10,22,0
"V",5,2,3,-11,14,0
"V",5,2,3,-12,5,0
"V",5,2,3,-13,3,0
"V",5,2,3,-14,3,0
"V",5,2,3,-16,2,0
"V",5,2,3,-17,1,0
"V",5,2,3,-18,1,0
"V",5,2,3,-2,1674,330
"V",5,2,3,-3,994,117
"V",5,2,3,-4,596,41
"V",5,2,3,-5,358,12
"V",5,2,3,-6,211,6
"V",5,2,3,-7,112,6
"V",5,2,3,-8,81,1
"V",5,2,3,-9,40,0
"V",5,2,3,0,3809,1748
"V",5,2,3,1,3331,2069
"V",5,2,3,10,44,44
"V",5,2,3,11,37,37
"V",5,2,3,12,20,20
"V",5,2,3,13,13,13
"V",5,2,3,14,4,4
"V",5,2,3,15,8,8
"V",5,2,3,16,1,1
"V",5,2,3,17,2,2
"V",5,2,3,19,1,1
"V",5,2,3,2,2502,1858
"V",5,2,3,3,1759,1474
"V",5,2,3,4,1248,1111
"V",5,2,3,5,840,785
"V",5,2,3,6,469,457
"V",5,2,3,7,296,289
"V",5,2,3,8,167,166
"V",5,2,3,9,91,89
"V",5,2,4,-1,1997,642
"V",5,2,4,-10,21,0
"V",5,2,4,-11,12,0
"V",5,2,4,-12,8,0
"V",5,2,4,-13,3,0
"V",5,2,4,-17,1,0
"V",5,2,4,-2,1459,297
"V",5,2,4,-3,1025,121
"V",5,2,4,-4,700,55
"V",5,2,4,-5,405,15
"V",5,2,4,-6,247,12
"V",5,2,4,-7,152,3
"V",5,2,4,-8,66,1
"V",5,2,4,-9,41,0
"V",5,2,4,0,2648,1249
"V",5,2,4,1,2315,1496
"V",5,2,4,10,50,50
"V",5,2,4,11,23,23
"V",5,2,4,12,21,21
"V",5,2,4,13,12,12
"V",5,2,4,14,3,3
"V",5,2,4,15,1,1
"V",5,2,4,16,3,3
"V",5,2,4,17,2,2
"V",5,2,4,18,1,1
"V",5,2,4,2,1870,1372
"V",5,2,4,3,1404,1185
"V",5,2,4,4,1015,897
"V",5,2,4,5,669,631
"V",5,2,4,6,376,359
"V",5,2,4,7,206,201
"V",5,2,4,8,146,145
"V",5,2,4,9,98,98
"V",5,2,5,-1,1136,361
"V",5,2,5,-10,11,0
"V",5,2,5,-11,7,1
"V",5,2,5,-12,2,0
"V",5,2,5,-13,4,0
"V",5,2,5,-15,1,0
"V",5,2,5,-2,636,115
"V",5,2,5,-3,368,39
"V",5,2,5,-4,231,25
"V",5,2,5,-5,159,4
"V",5,2,5,-6,70,3
"V",5,2,5,-7,49,0
"V",5,2,5,-8,26,0
"V",5,2,5,-9,18,1
"V",5,2,5,0,1468,694
"V",5,2,5,1,1275,786
"V",5,2,5,10,22,22
"V",5,2,5,11,14,14
"V",5,2,5,12,6,6
"V",5,2,5,13,3,3
"V",5,2,5,14,2,2
"V",5,2,5,15,1,1
"V",5,2,5,16,2,2
"V",5,2,5,2,1110,834
"V",5,2,5,3,808,655
"V",5,2,5,4,523,475
"V",5,2,5,5,335,312
"V",5,2,5,6,209,201
"V",5,2,5,7,122,118
"V",5,2,5,8,73,73
"V",5,2,5,9,26,26
"V",5,2,6,-1,927,321
"V",5,2,6,-10,9,0
"V",5,2,6,-11,5,0
"V",5,2,6,-12,3,0
"V",5,2,6,-13,1,0
"V",5,2,6,-15,1,0
"V",5,2,6,-2,663,163
"V",5,2,6,-3,450,74
"V",5,2,6,-4,278,18
"V",5,2,6,-5,182,9
"V",5,2,6,-6,88,1
"V",5,2,6,-7,59,2
"V",5,2,6,-8,31,1
"V",5,2,6,-9,12,1
"V",5,2,6,0,1245,605
"V",5,2,6,1,1142,729
"V",5,2,6,10,29,29
"V",5,2,6,11,24,24
"V",5,2,6,12,5,5
"V",5,2,6,13,1,1
"V",5,2,6,14,2,2
"V",5,2,6,15,2,2
"V",5,2,6,18,1,1
"V",5,2,6,2,933,726
"V",5,2,6,3,737,612
"V",5,2,6,4,533,484
"V",5,2,6,5,319,299
"V",5,2,6,6,194,188
"V",5,2,6,7,151,144
"V",5,2,6,8,69,68
"V",5,2,6,9,46,45
"V",5,2,7,-1,567,207
"V",5,2,7,-10,11,0
"V",5,2,7,-11,6,0
"V",5,2,7,-13,1,0
"V",5,2,7,-2,441,108
"V",5,2,7,-3,291,51
"V",5,2,7,-4,160,19
"V",5,2,7,-5,91,1
"V",5,2,7,-6,80,2
"V",5,2,7,-7,36,1
"V",5,2,7,-8,24,1
"V",5,2,7,-9,10,0
"V",5,2,7,0,779,384
"V",5,2,7,1,722,486
"V",5,2,7,10,13,13
"V",5,2,7,11,7,7
"V",5,2,7,12,4,4
"V",5,2,7,13,2,2
"V",5,2,7,15,1,1
"V",5,2,7,2,621,480
"V",5,2,7,3,485,413
"V",5,2,7,4,340,314
"V",5,2,7,5,207,196
"V",5,2,7,6,126,122
"V",5,2,7,7,75,73
"V",5,2,7,8,53,52
"V",5,2,7,9,39,39
"V",5,2,8,-1,544,183
"V",5,2,8,-10,10,0
"V",5,2,8,-11,2,0
"V",5,2,8,-12,1,0
"V",5,2,8,-13,1,0
"V",5,2,8,-15,1,0
"V",5,2,8,-2,421,96
"V",5,2,8,-3,285,45
"V",5,2,8,-4,173,16
"V",5,2,8,-5,103,2
"V",5,2,8,-6,59,6
"V",5,2,8,-7,43,0
"V",5,2,8,-8,19,0
"V",5,2,8,-9,7,0
"V",5,2,8,0,781,402
"V",5,2,8,1,733,496
"V",5,2,8,10,26,26
"V",5,2,8,11,11,11
"V",5,2,8,12,4,4
"V",5,2,8,13,3,3
"V",5,2,8,14,1,1
"V",5,2,8,2,626,481
"V",5,2,8,3,485,417
"V",5,2,8,4,346,327
"V",5,2,8,5,222,210
"V",5,2,8,6,129,124
"V",5,2,8,7,80,80
"V",5,2,8,8,50,48
"V",5,2,8,9,33,33
"V",6,0,1,-1,17330,5269
"V",6,0,1,-10,364,1
"V",6,0,1,-11,217,0
"V",6,0,1,-12,136,0
"V",6,0,1,-13,57,0
"V",6,0,1,-14,32,0
"V",6,0,1,-15,21,0
"V",6,0,1,-16,5,0
"V",6,0,1,-17,9,0
"V",6,0,1,-18,3,0
"V",6,0,1,-19,2,0
"V",6,0,1,-2,13337,2488
"V",6,0,1,-20,1,0
"V",6,0,1,-3,9726,1116
"V",6,0,1,-4,6841,401
"V",6,0,1,-5,4478,181
"V",6,0,1,-6,2897,53
"V",6,0,1,-7,1863,27
"V",6,0,1,-8,1052,8
"V",6,0,1,-9,614,4
"V",6,0,1,0,20464,9683
"V",6,0,1,1,16453,10786
"V",6,0,1,10,223,222
"V",6,0,1,11,142,142
"V",6,0,1,12,77,77
"V",6,0,1,13,57,57
"V",6,0,1,14,24,24
"V",6,0,1,15,12,12
"V",6,0,1,16,8,8
"V",6,0,1,17,3,3
"V",6,0,1,18,2,2
"V",6,0,1,19,3,3
"V",6,0,1,2,12040,9319
"V",6,0,1,20,1,1
"V",6,0,1,3,8482,7337
"V",6,0,1,4,5572,5150
"V",6,0,1,5,3730,3555
"V",6,0,1,6,2163,2105
"V",6,0,1,7,1283,1264
"V",6,0,1,8,714,710
"V",6,0,1,9,393,391
"V",6,0,2,-1,4527,1624
"V",6,0,2,-10,101,0
"V",6,0,2,-11,59,0
"V",6,0,2,-12,38,0
"V",6,0,2,-13,19,0
"V",6,0,2,-14,10,0
"V",6,0,2,-15,6,0
"V",6,0,2,-16,2,0
"V",6,0,2,-17,4,0
"V",6,0,2,-18,1,0
"V",6,0,2,-19,1,0
"V",6,0,2,-2,3549,855
"V",6,0,2,-3,2565,397
"V",6,0,2,-4,1839,143
"V",6,0,2,-5,1193,66
"V",6,0,2,-6,750,21
"V",6,0,2,-7,484,8
"V",6,0,2,-8,264,5
"V",6,0,2,-9,136,0
"V",6,0,2,0,5309,2781
"V",6,0,2,1,4394,3074
"V",6,0,2,10,67,66
"V",6,0,2,11,45,45
"V",6,0,2,12,23,23
"V",6,0,2,13,14,14
"V",6,0,2,14,9,9
"V",6,0,2,15,6,6
"V",6,0,2,16,2,2
"V",6,0,2,17,3,3
"V",6,0,2,18,1,1
"V",6,0,2,19,2,2
"V",6,0,2,2,3216,2554
"V",6,0,2,3,2290,2002
"V",6,0,2,4,1469,1366
"V",6,0,2,5,1018,968
"V",6,0,2,6,623,605
"V",6,0,2,7,365,359
"V",6,0,2,8,211,211
"V",6,0,2,9,109,109
"V",6,0,3,-1,1085,458
"V",6,0,3,-10,25,0
"V",6,0,3,-11,9,0
"V",6,0,3,-12,7,0
"V",6,0,3,-13,1,0
"V",6,0,3,-14,1,0
"V",6,0,3,-15,1,0
"V",6,0,3,-16,1,0
"V",6,0,3,-2,764,210
"V",6,0,3,-3,571,100
"V",6,0,3,-4,415,42
"V",6,0,3,-5,266,16
"V",6,0,3,-6,162,7
"V",6,0,3,-7,112,3
"V",6,0,3,-8,81,0
"V",6,0,3,-9,31,1
"V",6,0,3,0,1316,731
"V",6,0,3,1,1193,878
"V",6,0,3,10,17,17
"V",6,0,3,11,21,21
"V",6,0,3,12,4,4
"V",6,0,3,13,6,6
"V",6,0,3,14,2,2
"V",6,0,3,15,2,2
"V",6,0,3,16,1,1
"V",6,0,3,19,1,1
"V",6,0,3,2,932,743
"V",6,0,3,3,650,574
"V",6,0,3,4,417,389
"V",6,0,3,5,306,290
"V",6,0,3,6,159,154
"V",6,0,3,7,86,85
"V",6,0,3,8,54,54
"V",6,0,3,9,42,42
"V",6,0,4,-1,932,424
"V",6,0,4,-10,26,0
"V",6,0,4,-11,17,0
"V",6,0,4,-12,11,0
"V",6,0,4,-13,1,0
"V",6,0,4,-14,3,0
"V",6,0,4,-15,1,0
"V",6,0,4,-17,2,0
"V",6,0,4,-19,1,0
"V",6,0,4,-2,911,299
"V",6,0,4,-3,649,165
"V",6,0,4,-4,458,50
"V",6,0,4,-5,316,17
"V",6,0,4,-6,183,8
"V",6,0,4,-7,115,5
"V",6,0,4,-8,70,2
"V",6,0,4,-9,36,0
"V",6,0,4,0,963,561
"V",6,0,4,1,883,659
"V",6,0,4,10,24,23
"V",6,0,4,11,13,13
"V",6,0,4,12,9,9
"V",6,0,4,13,4,4
"V",6,0,4,14,3,3
"V",6,0,4,15,5,5
"V",6,0,4,17,2,2
"V",6,0,4,19,1,1
"V",6,0,4,2,671,546
"V",6,0,4,3,456,407
"V",6,0,4,4,277,265
"V",6,0,4,5,233,225
"V",6,0,4,6,146,140
"V",6,0,4,7,103,103
"V",6,0,4,8,71,70
"V",6,0,4,9,41,41
"V",6,0,5,-1,244,118
"V",6,0,5,-10,6,0
"V",6,0,5,-11,2,0
"V",6,0,5,-13,1,0
"V",6,0,5,-2,174,54
"V",6,0,5,-3,103,21
"V",6,0,5,-4,80,4
"V",6,0,5,-5,44,5
"V",6,0,5,-6,34,1
"V",6,0,5,-7,18,0
"V",6,0,5,-8,19,1
"V",6,0,5,-9,12,1
"V",6,0,5,0,291,181
"V",6,0,5,1,267,208
"V",6,0,5,10,6,5
"V",6,0,5,11,2,2
"V",6,0,5,13,1,1
"V",6,0,5,16,1,1
"V",6,0,5,2,220,173
"V",6,0,5,3,159,144
"V",6,0,5,4,116,110
"V",6,0,5,5,62,61
"V",6,0,5,6,45,44
"V",6,0,5,7,24,24
"V",6,0,5,8,23,22
"V",6,0,5,9,6,6
"V",6,0,6,-1,441,212
"V",6,0,6,-10,15,0
"V",6,0,6,-11,2,0
"V",6,0,6,-13,1,0
"V",6,0,6,-2,313,108
"V",6,0,6,-3,208,45
"V",6,0,6,-4,159,19
"V",6,0,6,-5,88,11
"V",6,0,6,-6,68,2
"V",6,0,6,-7,37,0
"V",6,0,6,-8,19,1
"V",6,0,6,-9,10,0
"V",6,0,6,0,459,311
"V",6,0,6,1,402,312
"V",6,0,6,10,13,13
"V",6,0,6,11,9,9
"V",6,0,6,12,4,4
"V",6,0,6,13,2,2
"V",6,0,6,14,1,1
"V",6,0,6,15,1,1
"V",6,0,6,2,335,285
"V",6,0,6,3,234,214
"V",6,0,6,4,151,140
"V",6,0,6,5,108,104
"V",6,0,6,6,59,57
"V",6,0,6,7,55,54
"V",6,0,6,8,33,33
"V",6,0,6,9,24,24
"V",6,0,7,-1,238,136
"V",6,0,7,-10,4,0
"V",6,0,7,-12,1,0
"V",6,0,7,-13,1,0
"V",6,0,7,-14,1,0
"V",6,0,7,-2,168,61
"V",6,0,7,-3,138,26
"V",6,0,7,-4,88,17
"V",6,0,7,-5,62,10
"V",6,0,7,-6,28,2
"V",6,0,7,-7,24,0
"V",6,0,7,-8,14,0
"V",6,0,7,-9,11,0
"V",6,0,7,0,275,185
"V",6,0,7,1,230,183
"V",6,0,7,10,9,8
"V",6,0,7,11,3,3
"V",6,0,7,12,3,3
"V",6,0,7,14,1,1
"V",6,0,7,16,1,1
"V",6,0,7,2,193,171
"V",6,0,7,3,116,108
"V",6,0,7,4,84,81
"V",6,0,7,5,56,55
"V",6,0,7,6,47,47
"V",6,0,7,7,34,34
"V",6,0,7,8,20,20
"V",6,0,7,9,16,16
"V",6,0,8,-1,196,115
"V",6,0,8,-10,5,0
"V",6,0,8,-11,3,0
"V",6,0,8,-13,1,0
"V",6,0,8,-2,195,74
"V",6,0,8,-3,145,44
"V",6,0,8,-4,108,16
"V",6,0,8,-5,65,4
"V",6,0,8,-6,37,3
"V",6,0,8,-7,25,1
"V",6,0,8,-8,13,2
"V",6,0,8,-9,4,0
"V",6,0,8,0,260,176
"V",6,0,8,1,254,214
"V",6,0,8,10,8,8
"V",6,0,8,11,1,1
"V",6,0,8,12,3,3
"V",6,0,8,13,2,2
"V",6,0,8,14,1,1
"V",6,0,8,15,3,3
"V",6,0,8,16,1,1
"V",6,0,8,2,182,161
"V",6,0,8,3,99,90
"V",6,0,8,4,82,79
"V",6,0,8,5,54,54
"V",6,0,8,6,43,42
"V",6,0,8,7,27,27
"V",6,0,8,8,32,31
"V",6,0,8,9,12,12
"V",6,1,1,-1,12183,3278
"V",6,1,1,-10,244,1
"V",6,1,1,-11,149,0
"V",6,1,1,-12,90,0
"V",6,1,1,-13,39,0
"V",6,1,1,-14,22,0
"V",6,1,1,-15,15,0
"V",6,1,1,-16,3,0
"V",6,1,1,-17,5,0
"V",6,1,1,-18,2,0
"V",6,1,1,-19,1,0
"V",6,1,1,-2,9254,1437
"V",6,1,1,-20,1,0
"V",6,1,1,-3,6721,614
"V",6,1,1,-4,4664,230
"V",6,1,1,-5,3054,94
"V",6,1,1,-6,1984,21
"V",6,1,1,-7,1282,15
"V",6,1,1,-8,720,3
"V",6,1,1,-9,434,2
"V",6,1,1,0,14463,6421
"V",6,1,1,1,11702,7365
"V",6,1,1,10,164,164
"V",6,1,1,11,108,108
"V",6,1,1,12,69,69
"V",6,1,1,13,43,43
"V",6,1,1,14,18,18
"V",6,1,1,15,8,8
"V",6,1,1,16,8,8
"V",6,1,1,17,1,1
"V",6,1,1,18,1,1
"V",6,1,1,2,8692,6623
"V",6,1,1,20,1,1
"V",6,1,1,21,1,1
"V",6,1,1,3,6205,5319
"V",6,1,1,4,4156,3828
"V",6,1,1,5,2770,2631
"V",6,1,1,6,1590,1551
"V",6,1,1,7,946,931
"V",6,1,1,8,544,540
"V",6,1,1,9,308,306
"V",6,1,2,-1,4978,1530
"V",6,1,2,-10,124,0
"V",6,1,2,-11,61,0
"V",6,1,2,-12,41,0
"V",6,1,2,-13,23,0
"V",6,1,2,-14,9,0
"V",6,1,2,-15,4,0
"V",6,1,2,-16,1,0
"V",6,1,2,-17,3,0
"V",6,1,2,-19,1,0
"V",6,1,2,-2,4138,824
"V",6,1,2,-3,3031,374
"V",6,1,2,-4,2121,136
"V",6,1,2,-5,1423,62
"V",6,1,2,-6,924,17
"V",6,1,2,-7,555,9
"V",6,1,2,-8,313,3
"V",6,1,2,-9,180,0
"V",6,1,2,0,5898,2834
"V",6,1,2,1,5059,3359
"V",6,1,2,10,79,79
"V",6,1,2,11,64,63
"V",6,1,2,12,36,36
"V",6,1,2,13,18,18
"V",6,1,2,14,9,9
"V",6,1,2,15,7,7
"V",6,1,2,16,6,6
"V",6,1,2,17,3,3
"V",6,1,2,19,1,1
"V",6,1,2,2,3755,2906
"V",6,1,2,20,1,1
"V",6,1,2,3,2719,2372
"V",6,1,2,4,1835,1693
"V",6,1,2,5,1299,1233
"V",6,1,2,6,797,776
"V",6,1,2,7,488,479
"V",6,1,2,8,283,281
"V",6,1,2,9,162,162
"V",6,1,3,-1,2189,758
"V",6,1,3,-10,35,0
"V",6,1,3,-11,17,0
"V",6,1,3,-12,16,0
"V",6,1,3,-13,4,0
"V",6,1,3,-14,3,0
"V",6,1,3,-15,6,0
"V",6,1,3,-16,1,0
"V",6,1,3,-2,1303,274
"V",6,1,3,-3,871,111
"V",6,1,3,-4,596,47
"V",6,1,3,-5,370,8
"V",6,1,3,-6,269,10
"V",6,1,3,-7,177,3
"V",6,1,3,-8,107,0
"V",6,1,3,-9,53,0
"V",6,1,3,0,2934,1478
"V",6,1,3,1,2508,1716
"V",6,1,3,10,56,56
"V",6,1,3,11,30,30
"V",6,1,3,12,14,14
"V",6,1,3,13,10,10
"V",6,1,3,14,6,6
"V",6,1,3,15,2,2
"V",6,1,3,16,2,2
"V",6,1,3,19,1,1
"V",6,1,3,2,1982,1575
"V",6,1,3,3,1466,1282
"V",6,1,3,4,1033,949
"V",6,1,3,5,700,663
"V",6,1,3,6,398,393
"V",6,1,3,7,215,213
"V",6,1,3,8,147,147
"V",6,1,3,9,88,88
"V",6,1,4,-1,1564,596
"V",6,1,4,-10,39,0
"V",6,1,4,-11,24,0
"V",6,1,4,-12,15,0
"V",6,1,4,-13,4,0
"V",6,1,4,-14,5,0
"V",6,1,4,-15,1,0
"V",6,1,4,-16,1,0
"V",6,1,4,-17,1,0
"V",6,1,4,-19,1,0
"V",6,1,4,-2,1365,336
"V",6,1,4,-3,1026,179
"V",6,1,4,-4,695,61
"V",6,1,4,-5,472,26
"V",6,1,4,-6,299,8
"V",6,1,4,-7,198,3
"V",6,1,4,-8,101,3
"V",6,1,4,-9,57,0
"V",6,1,4,0,1842,928
"V",6,1,4,1,1753,1217
"V",6,1,4,10,48,48
"V",6,1,4,11,22,21
"V",6,1,4,12,17,17
"V",6,1,4,13,9,9
"V",6,1,4,14,4,4
"V",6,1,4,15,4,4
"V",6,1,4,16,8,8
"V",6,1,4,17,1,1
"V",6,1,4,18,1,1
"V",6,1,4,19,1,1
"V",6,1,4,2,1353,1051
"V",6,1,4,20,1,1
"V",6,1,4,3,1015,901
"V",6,1,4,4,654,614
"V",6,1,4,5,462,444
"V",6,1,4,6,321,314
"V",6,1,4,7,214,212
"V",6,1,4,8,130,129
"V",6,1,4,9,74,74
"V",6,1,5,-1,697,287
"V",6,1,5,-10,9,0
"V",6,1,5,-11,4,0
"V",6,1,5,-12,3,0
"V",6,1,5,-13,1,0
"V",6,1,5,-14,1,0
"V",6,1,5,-15,2,0
"V",6,1,5,-2,426,97
"V",6,1,5,-3,295,46
"V",6,1,5,-4,180,18
"V",6,1,5,-5,118,6
"V",6,1,5,-6,56,1
"V",6,1,5,-7,47,0
"V",6,1,5,-8,26,0
"V",6,1,5,-9,13,0
"V",6,1,5,0,964,556
"V",6,1,5,1,894,641
"V",6,1,5,10,18,17
"V",6,1,5,11,23,23
"V",6,1,5,12,10,10
"V",6,1,5,13,8,8
"V",6,1,5,14,1,1
"V",6,1,5,16,1,1
"V",6,1,5,19,1,1
"V",6,1,5,2,746,607
"V",6,1,5,3,535,476
"V",6,1,5,4,389,357
"V",6,1,5,5,234,223
"V",6,1,5,6,181,178
"V",6,1,5,7,80,80
"V",6,1,5,8,35,34
"V",6,1,5,9,33,33
"V",6,1,6,-1,786,308
"V",6,1,6,-10,20,0
"V",6,1,6,-11,11,0
"V",6,1,6,-12,3,0
"V",6,1,6,-13,2,0
"V",6,1,6,-15,1,0
"V",6,1,6,-2,584,155
"V",6,1,6,-3,405,66
"V",6,1,6,-4,316,34
"V",6,1,6,-5,198,13
"V",6,1,6,-6,126,5
"V",6,1,6,-7,74,4
"V",6,1,6,-8,38,0
"V",6,1,6,-9,23,0
"V",6,1,6,0,962,566
"V",6,1,6,1,932,682
"V",6,1,6,10,24,24
"V",6,1,6,11,15,15
"V",6,1,6,12,12,12
"V",6,1,6,13,7,7
"V",6,1,6,14,3,3
"V",6,1,6,15,5,5
"V",6,1,6,16,1,1
"V",6,1,6,17,2,2
"V",6,1,6,2,734,599
"V",6,1,6,3,556,505
"V",6,1,6,4,383,355
"V",6,1,6,5,254,246
"V",6,1,6,6,179,176
"V",6,1,6,7,113,113
"V",6,1,6,8,72,72
"V",6,1,6,9,49,49
"V",6,1,7,-1,605,267
"V",6,1,7,-10,13,0
"V",6,1,7,-11,6,0
"V",6,1,7,-12,3,0
"V",6,1,7,-13,1,0
"V",6,1,7,-2,438,143
"V",6,1,7,-3,246,50
"V",6,1,7,-4,166,14
"V",6,1,7,-5,105,7
"V",6,1,7,-6,79,0
"V",6,1,7,-7,43,2
"V",6,1,7,-8,20,0
"V",6,1,7,-9,20,0
"V",6,1,7,0,721,430
"V",6,1,7,1,654,482
"V",6,1,7,10,20,19
"V",6,1,7,11,8,8
"V",6,1,7,12,3,3
"V",6,1,7,13,4,4
"V",6,1,7,14,2,2
"V",6,1,7,15,1,1
"V",6,1,7,2,552,460
"V",6,1,7,3,477,427
"V",6,1,7,4,301,289
"V",6,1,7,5,210,206
"V",6,1,7,6,148,146
"V",6,1,7,7,84,84
"V",6,1,7,8,54,54
"V",6,1,7,9,25,25
"V",6,1,8,-1,520,247
"V",6,1,8,-10,9,0
"V",6,1,8,-11,6,0
"V",6,1,8,-12,5,0
"V",6,1,8,-14,1,0
"V",6,1,8,-15,1,0
"V",6,1,8,-16,1,0
"V",6,1,8,-2,358,125
"V",6,1,8,-3,269,78
"V",6,1,8,-4,175,25
"V",6,1,8,-5,111,6
"V",6,1,8,-6,82,4
"V",6,1,8,-7,43,1
"V",6,1,8,-8,14,0
"V",6,1,8,-9,9,0
"V",6,1,8,0,685,414
"V",6,1,8,1,728,555
"V",6,1,8,10,19,19
"V",6,1,8,11,11,10
"V",6,1,8,12,3,3
"V",6,1,8,13,1,1
"V",6,1,8,14,2,2
"V",6,1,8,15,1,1
"V",6,1,8,16,3,3
"V",6,1,8,17,1,1
"V",6,1,8,18,1,1
"V",6,1,8,19,1,1
"V",6,1,8,2,533,448
"V",6,1,8,3,442,399
"V",6,1,8,4,281,269
"V",6,1,8,5,198,197
"V",6,1,8,6,121,119
"V",6,1,8,7,80,80
"V",6,1,8,8,51,51
"V",6,1,8,9,30,30
"V",6,2,1,-1,9434,2276
"V",6,2,1,-10,168,1
"V",6,2,1,-11,117,0
"V",6,2,1,-12,59,0
"V",6,2,1,-13,29,0
"V",6,2,1,-14,14,0
"V",6,2,1,-15,10,0
"V",6,2,1,-16,3,0
"V",6,2,1,-17,4,0
"V",6,2,1,-18,3,0
"V",6,2,1,-2,6972,903
"V",6,2,1,-20,1,0
"V",6,2,1,-3,5091,379
"V",6,2,1,-4,3495,135
"V",6,2,1,-5,2247,54
"V",6,2,1,-6,1441,9
"V",6,2,1,-7,953,9
"V",6,2,1,-8,536,1
"V",6,2,1,-9,313,2
"V",6,2,1,0,11146,4664
"V",6,2,1,1,9229,5612
"V",6,2,1,10,167,167
"V",6,2,1,11,111,111
"V",6,2,1,12,73,73
"V",6,2,1,13,47,47
"V",6,2,1,14,18,18
"V",6,2,1,15,7,7
"V",6,2,1,16,5,5
"V",6,2,1,17,3,3
"V",6,2,1,18,2,2
"V",6,2,1,2,7035,5250
"V",6,2,1,21,1,1
"V",6,2,1,3,5212,4420
"V",6,2,1,4,3504,3212
"V",6,2,1,5,2351,2238
"V",6,2,1,6,1396,1351
"V",6,2,1,7,848,832
"V",6,2,1,8,490,488
"V",6,2,1,9,292,290
"V",6,2,2,-1,4864,1261
"V",6,2,2,-10,99,0
"V",6,2,2,-11,72,0
"V",6,2,2,-12,38,0
"V",6,2,2,-13,23,0
"V",6,2,2,-14,9,0
"V",6,2,2,-15,2,0
"V",6,2,2,-16,1,0
"V",6,2,2,-17,2,0
"V",6,2,2,-18,1,0
"V",6,2,2,-19,1,0
"V",6,2,2,-2,3802,595
"V",6,2,2,-3,2946,271
"V",6,2,2,-4,2035,107
"V",6,2,2,-5,1312,38
"V",6,2,2,-6,864,11
"V",6,2,2,-7,541,6
"V",6,2,2,-8,314,1
"V",6,2,2,-9,175,1
"V",6,2,2,0,5892,2577
"V",6,2,2,1,4975,3118
"V",6,2,2,10,139,139
"V",6,2,2,11,90,90
"V",6,2,2,12,41,41
"V",6,2,2,13,31,31
"V",6,2,2,14,16,16
"V",6,2,2,15,4,4
"V",6,2,2,16,5,5
"V",6,2,2,17,2,2
"V",6,2,2,18,1,1
"V",6,2,2,2,3869,2907
"V",6,2,2,3,2955,2510
"V",6,2,2,4,2012,1866
"V",6,2,2,5,1482,1394
"V",6,2,2,6,914,893
"V",6,2,2,7,563,549
"V",6,2,2,8,371,367
"V",6,2,2,9,216,216
"V",6,2,3,-1,2532,700
"V",6,2,3,-10,30,0
"V",6,2,3,-11,19,0
"V",6,2,3,-12,13,0
"V",6,2,3,-13,8,0
"V",6,2,3,-14,5,0
"V",6,2,3,-15,5,0
"V",6,2,3,-16,1,0
"V",6,2,3,-2,1627,244
"V",6,2,3,-3,1092,95
"V",6,2,3,-4,718,29
"V",6,2,3,-5,487,7
"V",6,2,3,-6,308,6
"V",6,2,3,-7,189,1
"V",6,2,3,-8,111,0
"V",6,2,3,-9,53,0
"V",6,2,3,0,3250,1517
"V",6,2,3,1,2898,1872
"V",6,2,3,10,84,84
"V",6,2,3,11,49,49
"V",6,2,3,12,28,28
"V",6,2,3,13,18,18
"V",6,2,3,14,8,8
"V",6,2,3,15,6,6
"V",6,2,3,16,3,3
"V",6,2,3,17,3,3
"V",6,2,3,18,2,2
"V",6,2,3,2,2428,1860
"V",6,2,3,3,1817,1557
"V",6,2,3,4,1348,1223
"V",6,2,3,5,946,889
"V",6,2,3,6,547,535
"V",6,2,3,7,325,321
"V",6,2,3,8,199,197
"V",6,2,3,9,121,119
"V",6,2,4,-1,1938,569
"V",6,2,4,-10,46,0
"V",6,2,4,-11,25,0
"V",6,2,4,-12,15,0
"V",6,2,4,-13,9,0
"V",6,2,4,-14,6,0
"V",6,2,4,-16,1,0
"V",6,2,4,-2,1507,292
"V",6,2,4,-3,1151,124
"V",6,2,4,-4,810,55
"V",6,2,4,-5,559,23
"V",6,2,4,-6,336,7
"V",6,2,4,-7,213,2
"V",6,2,4,-8,117,0
"V",6,2,4,-9,68,0
"V",6,2,4,0,2471,1123
"V",6,2,4,1,2306,1470
"V",6,2,4,10,69,69
"V",6,2,4,11,43,43
"V",6,2,4,12,26,25
"V",6,2,4,13,17,17
"V",6,2,4,14,9,9
"V",6,2,4,15,4,4
"V",6,2,4,16,8,8
"V",6,2,4,17,5,5
"V",6,2,4,18,2,2
"V",6,2,4,19,1,1
"V",6,2,4,2,1921,1475
"V",6,2,4,20,2,2
"V",6,2,4,3,1411,1226
"V",6,2,4,4,1038,963
"V",6,2,4,5,673,643
"V",6,2,4,6,452,445
"V",6,2,4,7,302,298
"V",6,2,4,8,191,188
"V",6,2,4,9,115,114
"V",6,2,5,-1,960,289
"V",6,2,5,-10,17,0
"V",6,2,5,-11,5,0
"V",6,2,5,-12,10,0
"V",6,2,5,-13,1,0
"V",6,2,5,-14,1,0
"V",6,2,5,-15,4,0
"V",6,2,5,-17,1,0
"V",6,2,5,-2,650,106
"V",6,2,5,-3,423,36
"V",6,2,5,-4,292,20
"V",6,2,5,-5,198,6
"V",6,2,5,-6,121,0
"V",6,2,5,-7,74,0
"V",6,2,5,-8,42,0
"V",6,2,5,-9,29,0
"V",6,2,5,0,1237,571
"V",6,2,5,1,1155,733
"V",6,2,5,10,32,32
"V",6,2,5,11,25,25
"V",6,2,5,12,21,21
"V",6,2,5,13,8,8
"V",6,2,5,14,5,5
"V",6,2,5,16,2,2
"V",6,2,5,17,1,1
"V",6,2,5,2,936,725
"V",6,2,5,3,742,636
"V",6,2,5,4,573,520
"V",6,2,5,5,389,365
"V",6,2,5,6,248,240
"V",6,2,5,7,135,132
"V",6,2,5,8,95,94
"V",6,2,5,9,60,60
"V",6,2,6,-1,892,277
"V",6,2,6,-10,11,0
"V",6,2,6,-11,5,0
"V",6,2,6,-12,5,0
"V",6,2,6,-13,2,0
"V",6,2,6,-14,2,0
"V",6,2,6,-15,1,0
"V",6,2,6,-16,1,0
"V",6,2,6,-2,681,133
"V",6,2,6,-3,509,62
"V",6,2,6,-4,336,20
"V",6,2,6,-5,233,8
"V",6,2,6,-6,124,4
"V",6,2,6,-7,82,2
"V",6,2,6,-8,54,1
"V",6,2,6,-9,26,0
"V",6,2,6,0,1148,544
"V",6,2,6,1,1100,725
"V",6,2,6,10,41,41
"V",6,2,6,11,25,24
"V",6,2,6,12,14,14
"V",6,2,6,13,11,11
"V",6,2,6,14,7,7
"V",6,2,6,15,4,4
"V",6,2,6,16,2,2
"V",6,2,6,19,1,1
"V",6,2,6,2,920,708
"V",6,2,6,3,718,631
"V",6,2,6,4,524,474
"V",6,2,6,5,394,368
"V",6,2,6,6,267,257
"V",6,2,6,7,171,169
"V",6,2,6,8,115,113
"V",6,2,6,9,63,63
"V",6,2,7,-1,536,161
"V",6,2,7,-10,10,0
"V",6,2,7,-11,6,0
"V",6,2,7,-13,2,0
"V",6,2,7,-2,455,102
"V",6,2,7,-3,285,36
"V",6,2,7,-4,220,14
"V",6,2,7,-5,135,5
"V",6,2,7,-6,86,0
"V",6,2,7,-7,43,0
"V",6,2,7,-8,26,0
"V",6,2,7,-9,18,0
"V",6,2,7,0,679,367
"V",6,2,7,1,656,448
"V",6,2,7,10,27,26
"V",6,2,7,11,14,14
"V",6,2,7,12,7,7
"V",6,2,7,13,7,7
"V",6,2,7,14,3,3
"V",6,2,7,15,1,1
"V",6,2,7,16,2,2
"V",6,2,7,17,1,1
"V",6,2,7,2,548,432
"V",6,2,7,3,516,445
"V",6,2,7,4,343,325
"V",6,2,7,5,253,236
"V",6,2,7,6,178,171
"V",6,2,7,7,88,87
"V",6,2,7,8,64,62
"V",6,2,7,9,34,34
"V",6,2,8,-1,594,208
"V",6,2,8,-10,10,0
"V",6,2,8,-11,3,0
"V",6,2,8,-12,2,0
"V",6,2,8,-13,1,0
"V",6,2,8,-2,430,113
"V",6,2,8,-3,336,50
"V",6,2,8,-4,222,22
"V",6,2,8,-5,132,6
"V",6,2,8,-6,73,2
"V",6,2,8,-7,45,1
"V",6,2,8,-8,23,0
"V",6,2,8,-9,13,0
"V",6,2,8,0,799,401
"V",6,2,8,1,770,539
"V",6,2,8,10,23,23
"V",6,2,8,11,16,16
"V",6,2,8,12,9,9
"V",6,2,8,13,2,2
"V",6,2,8,14,3,3
"V",6,2,8,15,1,1
"V",6,2,8,16,1,1
"V",6,2,8,17,2,2
"V",6,2,8,2,644,510
"V",6,2,8,3,508,441
"V",6,2,8,4,350,323
"V",6,2,8,5,246,236
"V",6,2,8,6,163,157
"V",6,2,8,7,110,108
"V",6,2,8,8,53,52
"V",6,2,8,9,30,30
"V",7,0,1,-1,16013,4286
"V",7,0,1,-10,568,2
"V",7,0,1,-11,352,0
"V",7,0,1,-12,202,0
"V",7,0,1,-13,111,0
"V",7,0,1,-14,59,0
"V",7,0,1,-15,35,0
"V",7,0,1,-16,21,0
"V",7,0,1,-17,14,0
"V",7,0,1,-18,6,0
"V",7,0,1,-19,4,0
"V",7,0,1,-2,13099,1997
"V",7,0,1,-20,2,0
"V",7,0,1,-21,1,0
"V",7,0,1,-22,1,0
"V",7,0,1,-3,10121,842
"V",7,0,1,-4,7225,299
"V",7,0,1,-5,4948,128
"V",7,0,1,-6,3298,36
"V",7,0,1,-7,2151,19
"V",7,0,1,-8,1453,5
"V",7,0,1,-9,877,1
"V",7,0,1,0,17665,8506
"V",7,0,1,1,15076,10461
"V",7,0,1,10,347,346
"V",7,0,1,11,226,225
"V",7,0,1,12,135,135
"V",7,0,1,13,75,75
"V",7,0,1,14,39,39
"V",7,0,1,15,19,19
"V",7,0,1,16,13,13
"V",7,0,1,17,13,13
"V",7,0,1,18,4,4
"V",7,0,1,19,5,5
"V",7,0,1,2,11770,9638
"V",7,0,1,20,2,2
"V",7,0,1,21,1,1
"V",7,0,1,3,8646,7820
"V",7,0,1,4,5956,5653
"V",7,0,1,5,4080,3949
"V",7,0,1,6,2565,2533
"V",7,0,1,7,1562,1549
"V",7,0,1,8,950,945
"V",7,0,1,9,554,554
"V",7,0,2,-1,4263,1371
"V",7,0,2,-10,134,1
"V",7,0,2,-11,107,0
"V",7,0,2,-12,42,0
"V",7,0,2,-13,35,0
"V",7,0,2,-14,20,0
"V",7,0,2,-15,7,0
"V",7,0,2,-16,8,0
"V",7,0,2,-17,4,0
"V",7,0,2,-18,2,0
"V",7,0,2,-19,1,0
"V",7,0,2,-2,3382,673
"V",7,0,2,-20,1,0
"V",7,0,2,-22,1,0
"V",7,0,2,-3,2707,355
"V",7,0,2,-4,1911,106
"V",7,0,2,-5,1337,61
"V",7,0,2,-6,903,19
"V",7,0,2,-7,591,11
"V",7,0,2,-8,384,0
"V",7,0,2,-9,206,1
"V",7,0,2,0,4626,2477
"V",7,0,2,1,3917,2835
"V",7,0,2,10,99,99
"V",7,0,2,11,79,79
"V",7,0,2,12,36,36
"V",7,0,2,13,16,16
"V",7,0,2,14,9,9
"V",7,0,2,15,7,7
"V",7,0,2,16,4,4
"V",7,0,2,17,3,3
"V",7,0,2,18,1,1
"V",7,0,2,19,3,3
"V",7,0,2,2,3148,2657
"V",7,0,2,20,1,1
"V",7,0,2,21,1,1
"V",7,0,2,3,2360,2177
"V",7,0,2,4,1657,1588
"V",7,0,2,5,1154,1127
"V",7,0,2,6,732,717
"V",7,0,2,7,450,446
"V",7,0,2,8,278,275
"V",7,0,2,9,166,166
"V",7,0,3,-1,929,371
"V",7,0,3,-10,40,0
"V",7,0,3,-11,22,0
"V",7,0,3,-12,16,0
"V",7,0,3,-13,8,0
"V",7,0,3,-14,4,0
"V",7,0,3,-15,2,0
"V",7,0,3,-16,2,0
"V",7,0,3,-2,685,167
"V",7,0,3,-3,542,72
"V",7,0,3,-4,383,31
"V",7,0,3,-5,270,19
"V",7,0,3,-6,199,4
"V",7,0,3,-7,133,1
"V",7,0,3,-8,75,1
"V",7,0,3,-9,59,0
"V",7,0,3,0,1107,685
"V",7,0,3,1,937,703
"V",7,0,3,10,43,43
"V",7,0,3,11,17,17
"V",7,0,3,12,10,10
"V",7,0,3,13,7,7
"V",7,0,3,14,3,3
"V",7,0,3,15,2,2
"V",7,0,3,16,2,2
"V",7,0,3,19,1,1
"V",7,0,3,2,830,717
"V",7,0,3,3,620,575
"V",7,0,3,4,477,466
"V",7,0,3,5,346,337
"V",7,0,3,6,200,199
"V",7,0,3,7,139,139
"V",7,0,3,8,82,82
"V",7,0,3,9,44,44
"V",7,0,4,-1,860,391
"V",7,0,4,-10,38,1
"V",7,0,4,-11,23,0
"V",7,0,4,-12,13,0
"V",7,0,4,-13,7,0
"V",7,0,4,-14,9,0
"V",7,0,4,-15,2,0
"V",7,0,4,-16,3,0
"V",7,0,4,-17,1,0
"V",7,0,4,-18,1,0
"V",7,0,4,-2,811,268
"V",7,0,4,-22,1,0
"V",7,0,4,-3,667,125
"V",7,0,4,-4,494,41
"V",7,0,4,-5,333,26
"V",7,0,4,-6,239,7
"V",7,0,4,-7,165,5
"V",7,0,4,-8,92,0
"V",7,0,4,-9,51,0
"V",7,0,4,0,833,545
"V",7,0,4,1,749,585
"V",7,0,4,10,26,26
"V",7,0,4,11,24,24
"V",7,0,4,12,11,11
"V",7,0,4,13,5,5
"V",7,0,4,14,3,3
"V",7,0,4,15,6,6
"V",7,0,4,16,3,3
"V",7,0,4,18,1,1
"V",7,0,4,2,618,553
"V",7,0,4,21,1,1
"V",7,0,4,3,498,466
"V",7,0,4,4,383,370
"V",7,0,4,5,277,274
"V",7,0,4,6,217,214
"V",7,0,4,7,120,120
"V",7,0,4,8,67,66
"V",7,0,4,9,47,47
"V",7,0,5,-1,180,78
"V",7,0,5,-10,9,0
"V",7,0,5,-11,6,0
"V",7,0,5,-13,1,0
"V",7,0,5,-2,138,36
"V",7,0,5,-3,104,13
"V",7,0,5,-4,73,5
"V",7,0,5,-5,44,2
"V",7,0,5,-6,37,0
"V",7,0,5,-7,23,0
"V",7,0,5,-8,22,2
"V",7,0,5,-9,13,0
"V",7,0,5,0,229,149
"V",7,0,5,1,244,193
"V",7,0,5,10,10,10
"V",7,0,5,11,3,3
"V",7,0,5,12,2,2
"V",7,0,5,13,2,2
"V",7,0,5,14,1,1
"V",7,0,5,15,1,1
"V",7,0,5,18,1,1
"V",7,0,5,2,183,154
"V",7,0,5,3,140,133
"V",7,0,5,4,121,114
"V",7,0,5,5,114,111
"V",7,0,5,6,55,54
"V",7,0,5,7,34,34
"V",7,0,5,8,19,19
"V",7,0,5,9,15,15
"V",7,0,6,-1,401,210
"V",7,0,6,-10,9,0
"V",7,0,6,-11,9,0
"V",7,0,6,-12,4,0
"V",7,0,6,-13,3,0
"V",7,0,6,-14,1,0
"V",7,0,6,-16,1,0
"V",7,0,6,-2,274,85
"V",7,0,6,-3,216,41
"V",7,0,6,-4,141,19
"V",7,0,6,-5,111,9
"V",7,0,6,-6,59,1
"V",7,0,6,-7,45,1
"V",7,0,6,-8,32,0
"V",7,0,6,-9,18,0
"V",7,0,6,0,372,267
"V",7,0,6,1,343,291
"V",7,0,6,10,14,14
"V",7,0,6,11,9,9
"V",7,0,6,12,5,5
"V",7,0,6,13,5,5
"V",7,0,6,14,2,2
"V",7,0,6,16,1,1
"V",7,0,6,2,293,265
"V",7,0,6,21,1,1
"V",7,0,6,3,242,233
"V",7,0,6,4,171,169
"V",7,0,6,5,123,120
"V",7,0,6,6,88,88
"V",7,0,6,7,58,58
"V",7,0,6,8,30,30
"V",7,0,6,9,19,19
"V",7,0,7,-1,187,103
"V",7,0,7,-10,5,0
"V",7,0,7,-11,7,0
"V",7,0,7,-12,2,0
"V",7,0,7,-13,2,0
"V",7,0,7,-14,1,0
"V",7,0,7,-15,1,0
"V",7,0,7,-2,179,68
"V",7,0,7,-3,132,25
"V",7,0,7,-4,99,11
"V",7,0,7,-5,65,4
"V",7,0,7,-6,45,2
"V",7,0,7,-7,23,0
"V",7,0,7,-8,19,0
"V",7,0,7,-9,14,0
"V",7,0,7,0,190,136
"V",7,0,7,1,184,146
"V",7,0,7,10,7,7
"V",7,0,7,11,9,9
"V",7,0,7,12,3,3
"V",7,0,7,13,1,1
"V",7,0,7,14,1,1
"V",7,0,7,15,2,2
"V",7,0,7,16,2,2
"V",7,0,7,2,140,125
"V",7,0,7,3,150,145
"V",7,0,7,4,101,99
"V",7,0,7,5,73,73
"V",7,0,7,6,55,55
"V",7,0,7,7,33,33
"V",7,0,7,8,25,25
"V",7,0,7,9,12,12
"V",7,0,8,-1,213,129
"V",7,0,8,-10,12,1
"V",7,0,8,-11,10,0
"V",7,0,8,-12,1,0
"V",7,0,8,-13,2,0
"V",7,0,8,-14,3,0
"V",7,0,8,-18,1,0
"V",7,0,8,-2,183,84
"V",7,0,8,-3,147,36
"V",7,0,8,-4,100,12
"V",7,0,8,-5,63,6
"V",7,0,8,-6,55,4
"V",7,0,8,-7,34,0
"V",7,0,8,-8,20,0
"V",7,0,8,-9,14,0
"V",7,0,8,0,215,164
"V",7,0,8,1,218,185
"V",7,0,8,10,9,9
"V",7,0,8,11,7,7
"V",7,0,8,12,1,1
"V",7,0,8,13,4,4
"V",7,0,8,15,1,1
"V",7,0,8,16,1,1
"V",7,0,8,2,171,159
"V",7,0,8,3,140,135
"V",7,0,8,4,110,110
"V",7,0,8,5,73,73
"V",7,0,8,6,59,58
"V",7,0,8,7,32,32
"V",7,0,8,8,17,17
"V",7,0,8,9,18,18
"V",7,1,1,-1,11195,2570
"V",7,1,1,-10,382,1
"V",7,1,1,-11,226,0
"V",7,1,1,-12,141,0
"V",7,1,1,-13,70,0
"V",7,1,1,-14,38,0
"V",7,1,1,-15,26,0
"V",7,1,1,-16,10,0
"V",7,1,1,-17,10,0
"V",7,1,1,-18,4,0
"V",7,1,1,-19,3,0
"V",7,1,1,-2,9165,1146
"V",7,1,1,-20,1,0
"V",7,1,1,-21,1,0
"V",7,1,1,-3,6901,394
"V",7,1,1,-4,4942,154
"V",7,1,1,-5,3364,52
"V",7,1,1,-6,2206,13
"V",7,1,1,-7,1451,9
"V",7,1,1,-8,997,2
"V",7,1,1,-9,607,0
"V",7,1,1,0,12411,5484
"V",7,1,1,1,10869,7318
"V",7,1,1,10,257,256
"V",7,1,1,11,165,164
"V",7,1,1,12,113,113
"V",7,1,1,13,65,65
"V",7,1,1,14,32,32
"V",7,1,1,15,15,15
"V",7,1,1,16,10,10
"V",7,1,1,17,11,11
"V",7,1,1,18,3,3
"V",7,1,1,19,2,2
"V",7,1,1,2,8511,6850
"V",7,1,1,20,1,1
"V",7,1,1,21,1,1
"V",7,1,1,3,6247,5578
"V",7,1,1,4,4278,4034
"V",7,1,1,5,2942,2835
"V",7,1,1,6,1881,1861
"V",7,1,1,7,1167,1156
"V",7,1,1,8,702,698
"V",7,1,1,9,406,406
"V",7,1,2,-1,4656,1237
"V",7,1,2,-10,180,0
"V",7,1,2,-11,117,0
"V",7,1,2,-12,49,0
"V",7,1,2,-13,42,0
"V",7,1,2,-14,16,0
"V",7,1,2,-15,9,0
"V",7,1,2,-16,5,0
"V",7,1,2,-17,5,0
"V",7,1,2,-18,1,0
"V",7,1,2,-19,2,0
"V",7,1,2,-2,4056,621
"V",7,1,2,-20,1,0
"V",7,1,2,-21,1,0
"V",7,1,2,-3,3115,306
"V",7,1,2,-4,2220,100
"V",7,1,2,-5,1569,41
"V",7,1,2,-6,1013,10
"V",7,1,2,-7,660,4
"V",7,1,2,-8,461,1
"V",7,1,2,-9,277,0
"V",7,1,2,0,5128,2533
"V",7,1,2,1,4406,3082
"V",7,1,2,10,146,146
"V",7,1,2,11,88,87
"V",7,1,2,12,66,66
"V",7,1,2,13,37,37
"V",7,1,2,14,16,16
"V",7,1,2,15,11,11
"V",7,1,2,16,5,5
"V",7,1,2,17,8,8
"V",7,1,2,18,2,2
"V",7,1,2,19,4,4
"V",7,1,2,2,3529,2878
"V",7,1,2,20,1,1
"V",7,1,2,22,1,1
"V",7,1,2,3,2736,2473
"V",7,1,2,4,1915,1824
"V",7,1,2,5,1363,1325
"V",7,1,2,6,952,936
"V",7,1,2,7,603,599
"V",7,1,2,8,367,366
"V",7,1,2,9,205,205
"V",7,1,3,-1,2034,627
"V",7,1,3,-10,48,0
"V",7,1,3,-11,34,0
"V",7,1,3,-12,21,0
"V",7,1,3,-13,6,0
"V",7,1,3,-14,3,0
"V",7,1,3,-15,5,0
"V",7,1,3,-16,1,0
"V",7,1,3,-17,1,0
"V",7,1,3,-2,1189,203
"V",7,1,3,-3,884,79
"V",7,1,3,-4,614,46
"V",7,1,3,-5,445,16
"V",7,1,3,-6,278,1
"V",7,1,3,-7,180,2
"V",7,1,3,-8,120,0
"V",7,1,3,-9,69,0
"V",7,1,3,0,2710,1405
"V",7,1,3,1,2504,1805
"V",7,1,3,10,55,55
"V",7,1,3,11,42,42
"V",7,1,3,12,26,26
"V",7,1,3,13,8,8
"V",7,1,3,14,5,5
"V",7,1,3,15,5,5
"V",7,1,3,16,3,3
"V",7,1,3,17,3,3
"V",7,1,3,19,1,1
"V",7,1,3,2,2080,1737
"V",7,1,3,3,1524,1401
"V",7,1,3,4,1107,1060
"V",7,1,3,5,715,694
"V",7,1,3,6,477,474
"V",7,1,3,7,267,267
"V",7,1,3,8,187,187
"V",7,1,3,9,102,102
"V",7,1,4,-1,1464,535
"V",7,1,4,-10,60,0
"V",7,1,4,-11,41,0
"V",7,1,4,-12,20,0
"V",7,1,4,-13,18,0
"V",7,1,4,-14,10,0
"V",7,1,4,-15,5,0
"V",7,1,4,-16,2,0
"V",7,1,4,-17,2,0
"V",7,1,4,-18,1,0
"V",7,1,4,-19,1,0
"V",7,1,4,-2,1350,294
"V",7,1,4,-22,1,0
"V",7,1,4,-3,1109,152
"V",7,1,4,-4,777,52
"V",7,1,4,-5,536,20
"V",7,1,4,-6,376,4
"V",7,1,4,-7,239,5
"V",7,1,4,-8,178,0
"V",7,1,4,-9,85,0
"V",7,1,4,0,1649,891
"V",7,1,4,1,1550,1160
"V",7,1,4,10,55,55
"V",7,1,4,11,40,40
"V",7,1,4,12,31,31
"V",7,1,4,13,15,15
"V",7,1,4,14,7,7
"V",7,1,4,15,4,4
"V",7,1,4,16,4,4
"V",7,1,4,17,2,2
"V",7,1,4,18,2,2
"V",7,1,4,19,1,1
"V",7,1,4,2,1319,1107
"V",7,1,4,22,1,1
"V",7,1,4,3,1039,955
"V",7,1,4,4,755,726
"V",7,1,4,5,545,533
"V",7,1,4,6,389,386
"V",7,1,4,7,236,236
"V",7,1,4,8,172,171
"V",7,1,4,9,116,116
"V",7,1,5,-1,650,219
"V",7,1,5,-10,20,0
"V",7,1,5,-11,7,0
"V",7,1,5,-12,7,0
"V",7,1,5,-13,2,0
"V",7,1,5,-17,1,0
"V",7,1,5,-2,390,77
"V",7,1,5,-3,266,28
"V",7,1,5,-4,192,7
"V",7,1,5,-5,126,3
"V",7,1,5,-6,86,0
"V",7,1,5,-7,49,0
"V",7,1,5,-8,43,1
"V",7,1,5,-9,28,0
"V",7,1,5,0,778,476
"V",7,1,5,1,736,544
"V",7,1,5,10,29,29
"V",7,1,5,11,16,16
"V",7,1,5,12,6,6
"V",7,1,5,13,7,7
"V",7,1,5,14,7,7
"V",7,1,5,15,2,2
"V",7,1,5,18,1,1
"V",7,1,5,2,692,584
"V",7,1,5,3,540,500
"V",7,1,5,4,423,412
"V",7,1,5,5,322,316
"V",7,1,5,6,159,159
"V",7,1,5,7,106,105
"V",7,1,5,8,75,74
"V",7,1,5,9,41,41
"V",7,1,6,-1,744,294
"V",7,1,6,-10,32,0
"V",7,1,6,-11,19,0
"V",7,1,6,-12,12,0
"V",7,1,6,-13,6,0
"V",7,1,6,-14,2,0
"V",7,1,6,-15,1,0
"V",7,1,6,-2,568,143
"V",7,1,6,-3,457,62
"V",7,1,6,-4,303,26
"V",7,1,6,-5,230,17
"V",7,1,6,-6,131,0
"V",7,1,6,-7,94,1
"V",7,1,6,-8,49,0
"V",7,1,6,-9,30,0
"V",7,1,6,0,909,556
"V",7,1,6,1,773,614
"V",7,1,6,10,33,33
"V",7,1,6,11,15,15
"V",7,1,6,12,10,10
"V",7,1,6,13,13,13
"V",7,1,6,15,1,1
"V",7,1,6,16,1,1
"V",7,1,6,17,1,1
"V",7,1,6,19,1,1
"V",7,1,6,2,679,596
"V",7,1,6,3,577,544
"V",7,1,6,4,405,391
"V",7,1,6,5,295,290
"V",7,1,6,6,208,206
"V",7,1,6,7,137,136
"V",7,1,6,8,93,93
"V",7,1,6,9,45,45
"V",7,1,7,-1,596,264
"V",7,1,7,-10,10,0
"V",7,1,7,-11,11,0
"V",7,1,7,-12,5,0
"V",7,1,7,-13,3,0
"V",7,1,7,-14,4,0
"V",7,1,7,-2,451,135
"V",7,1,7,-3,248,29
"V",7,1,7,-4,198,13
"V",7,1,7,-5,139,3
"V",7,1,7,-6,92,3
"V",7,1,7,-7,57,0
"V",7,1,7,-8,31,0
"V",7,1,7,-9,29,0
"V",7,1,7,0,675,455
"V",7,1,7,1,655,506
"V",7,1,7,10,31,31
"V",7,1,7,11,19,19
"V",7,1,7,12,11,11
"V",7,1,7,13,7,7
"V",7,1,7,14,5,5
"V",7,1,7,15,4,4
"V",7,1,7,16,3,3
"V",7,1,7,17,1,1
"V",7,1,7,2,505,449
"V",7,1,7,21,1,1
"V",7,1,7,3,466,438
"V",7,1,7,4,359,350
"V",7,1,7,5,234,228
"V",7,1,7,6,160,159
"V",7,1,7,7,106,106
"V",7,1,7,8,55,54
"V",7,1,7,9,30,30
"V",7,1,8,-1,561,254
"V",7,1,8,-10,11,0
"V",7,1,8,-11,9,0
"V",7,1,8,-12,4,0
"V",7,1,8,-13,2,0
"V",7,1,8,-14,4,0
"V",7,1,8,-15,1,0
"V",7,1,8,-18,1,0
"V",7,1,8,-2,345,114
"V",7,1,8,-3,280,59
"V",7,1,8,-4,175,18
"V",7,1,8,-5,135,7
"V",7,1,8,-6,99,2
"V",7,1,8,-7,64,1
"V",7,1,8,-8,38,0
"V",7,1,8,-9,20,0
"V",7,1,8,0,700,437
"V",7,1,8,1,616,490
"V",7,1,8,10,23,23
"V",7,1,8,11,18,18
"V",7,1,8,12,10,10
"V",7,1,8,13,8,8
"V",7,1,8,14,2,2
"V",7,1,8,16,2,2
"V",7,1,8,17,1,1
"V",7,1,8,19,1,1
"V",7,1,8,2,544,497
"V",7,1,8,3,426,394
"V",7,1,8,4,333,323
"V",7,1,8,5,227,226
"V",7,1,8,6,156,154
"V",7,1,8,7,85,85
"V",7,1,8,8,49,49
"V",7,1,8,9,42,42
"V",7,2,1,-1,8627,1707
"V",7,2,1,-10,270,1
"V",7,2,1,-11,169,0
"V",7,2,1,-12,100,0
"V",7,2,1,-13,50,0
"V",7,2,1,-14,28,0
"V",7,2,1,-15,18,0
"V",7,2,1,-16,8,0
"V",7,2,1,-17,8,0
"V",7,2,1,-18,4,0
"V",7,2,1,-19,2,0
"V",7,2,1,-2,7001,727
"V",7,2,1,-3,5277,230
"V",7,2,1,-4,3766,83
"V",7,2,1,-5,2477,27
"V",7,2,1,-6,1668,10
"V",7,2,1,-7,1105,8
"V",7,2,1,-8,725,1
"V",7,2,1,-9,441,0
"V",7,2,1,0,9542,3878
"V",7,2,1,1,8513,5571
"V",7,2,1,10,235,234
"V",7,2,1,11,144,144
"V",7,2,1,12,102,102
"V",7,2,1,13,46,46
"V",7,2,1,14,30,30
"V",7,2,1,15,20,20
"V",7,2,1,16,6,6
"V",7,2,1,17,7,7
"V",7,2,1,18,5,5
"V",7,2,1,19,3,3
"V",7,2,1,2,6754,5353
"V",7,2,1,20,1,1
"V",7,2,1,21,1,1
"V",7,2,1,3,5094,4522
"V",7,2,1,4,3521,3300
"V",7,2,1,5,2496,2393
"V",7,2,1,6,1577,1553
"V",7,2,1,7,985,975
"V",7,2,1,8,640,636
"V",7,2,1,9,365,365
"V",7,2,2,-1,4676,1050
"V",7,2,2,-10,148,0
"V",7,2,2,-11,92,0
"V",7,2,2,-12,53,0
"V",7,2,2,-13,32,0
"V",7,2,2,-14,20,0
"V",7,2,2,-15,10,0
"V",7,2,2,-16,5,0
"V",7,2,2,-17,6,0
"V",7,2,2,-18,2,0
"V",7,2,2,-19,1,0
"V",7,2,2,-2,3979,455
"V",7,2,2,-21,1,0
"V",7,2,2,-3,2961,205
"V",7,2,2,-4,2143,58
"V",7,2,2,-5,1477,26
"V",7,2,2,-6,1042,12
"V",7,2,2,-7,658,2
"V",7,2,2,-8,417,0
"V",7,2,2,-9,265,0
"V",7,2,2,0,5089,2222
"V",7,2,2,1,4404,2918
"V",7,2,2,10,174,174
"V",7,2,2,11,118,117
"V",7,2,2,12,81,81
"V",7,2,2,13,46,46
"V",7,2,2,14,37,37
"V",7,2,2,15,15,15
"V",7,2,2,16,7,7
"V",7,2,2,17,7,7
"V",7,2,2,18,4,4
"V",7,2,2,19,4,4
"V",7,2,2,2,3666,2947
"V",7,2,2,20,1,1
"V",7,2,2,3,2894,2593
"V",7,2,2,4,2115,1991
"V",7,2,2,5,1519,1463
"V",7,2,2,6,1085,1071
"V",7,2,2,7,705,697
"V",7,2,2,8,420,417
"V",7,2,2,9,247,247
"V",7,2,3,-1,2341,540
"V",7,2,3,-10,63,0
"V",7,2,3,-11,40,0
"V",7,2,3,-12,21,0
"V",7,2,3,-13,11,0
"V",7,2,3,-14,2,0
"V",7,2,3,-15,4,0
"V",7,2,3,-16,2,0
"V",7,2,3,-17,1,0
"V",7,2,3,-2,1467,212
"V",7,2,3,-3,1118,66
"V",7,2,3,-4,774,39
"V",7,2,3,-5,539,12
"V",7,2,3,-6,331,3
"V",7,2,3,-7,213,3
"V",7,2,3,-8,137,1
"V",7,2,3,-9,83,0
"V",7,2,3,0,2961,1378
"V",7,2,3,1,2824,1921
"V",7,2,3,10,114,114
"V",7,2,3,11,65,65
"V",7,2,3,12,39,38
"V",7,2,3,13,18,18
"V",7,2,3,14,18,18
"V",7,2,3,15,11,11
"V",7,2,3,16,3,3
"V",7,2,3,17,4,4
"V",7,2,3,19,1,1
"V",7,2,3,2,2464,1989
"V",7,2,3,20,1,1
"V",7,2,3,22,1,1
"V",7,2,3,3,1816,1633
"V",7,2,3,4,1366,1292
"V",7,2,3,5,938,915
"V",7,2,3,6,650,647
"V",7,2,3,7,405,403
"V",7,2,3,8,252,252
"V",7,2,3,9,153,153
"V",7,2,4,-1,1836,458
"V",7,2,4,-10,56,0
"V",7,2,4,-11,32,0
"V",7,2,4,-12,25,0
"V",7,2,4,-13,18,0
"V",7,2,4,-14,8,0
"V",7,2,4,-15,3,0
"V",7,2,4,-16,3,0
"V",7,2,4,-17,3,0
"V",7,2,4,-18,3,0
"V",7,2,4,-19,2,0
"V",7,2,4,-2,1630,214
"V",7,2,4,-22,1,0
"V",7,2,4,-3,1243,95
"V",7,2,4,-4,917,37
"V",7,2,4,-5,612,12
"V",7,2,4,-6,431,7
"V",7,2,4,-7,266,3
"V",7,2,4,-8,199,0
"V",7,2,4,-9,102,0
"V",7,2,4,0,2382,1137
"V",7,2,4,1,2162,1493
"V",7,2,4,10,87,87
"V",7,2,4,11,54,54
"V",7,2,4,12,36,36
"V",7,2,4,13,20,20
"V",7,2,4,14,15,15
"V",7,2,4,15,6,6
"V",7,2,4,16,6,6
"V",7,2,4,17,2,2
"V",7,2,4,18,1,1
"V",7,2,4,2,1781,1441
"V",7,2,4,20,1,1
"V",7,2,4,21,1,1
"V",7,2,4,22,2,2
"V",7,2,4,3,1457,1312
"V",7,2,4,4,1062,1002
"V",7,2,4,5,752,733
"V",7,2,4,6,510,504
"V",7,2,4,7,336,333
"V",7,2,4,8,210,209
"V",7,2,4,9,154,154
"V",7,2,5,-1,947,238
"V",7,2,5,-10,29,0
"V",7,2,5,-11,10,0
"V",7,2,5,-12,3,0
"V",7,2,5,-13,6,0
"V",7,2,5,-14,1,0
"V",7,2,5,-16,3,0
"V",7,2,5,-17,1,0
"V",7,2,5,-2,591,70
"V",7,2,5,-3,451,28
"V",7,2,5,-4,305,9
"V",7,2,5,-5,201,3
"V",7,2,5,-6,135,1
"V",7,2,5,-7,68,1
"V",7,2,5,-8,66,1
"V",7,2,5,-9,33,1
"V",7,2,5,0,1116,500
"V",7,2,5,1,1066,727
"V",7,2,5,10,44,44
"V",7,2,5,11,32,32
"V",7,2,5,12,24,24
"V",7,2,5,13,11,11
"V",7,2,5,14,5,5
"V",7,2,5,15,6,6
"V",7,2,5,16,1,1
"V",7,2,5,17,2,2
"V",7,2,5,2,974,809
"V",7,2,5,3,662,595
"V",7,2,5,4,605,568
"V",7,2,5,5,417,407
"V",7,2,5,6,304,298
"V",7,2,5,7,163,163
"V",7,2,5,8,137,136
"V",7,2,5,9,70,70
"V",7,2,6,-1,965,269
"V",7,2,6,-10,31,0
"V",7,2,6,-11,21,0
"V",7,2,6,-12,10,0
"V",7,2,6,-13,8,0
"V",7,2,6,-14,3,0
"V",7,2,6,-15,1,0
"V",7,2,6,-17,1,0
"V",7,2,6,-2,687,115
"V",7,2,6,-3,502,37
"V",7,2,6,-4,368,18
"V",7,2,6,-5,267,11
"V",7,2,6,-6,156,1
"V",7,2,6,-7,86,0
"V",7,2,6,-8,79,0
"V",7,2,6,-9,42,0
"V",7,2,6,0,1091,554
"V",7,2,6,1,1027,751
"V",7,2,6,10,46,46
"V",7,2,6,11,37,36
"V",7,2,6,12,20,19
"V",7,2,6,13,16,16
"V",7,2,6,14,6,6
"V",7,2,6,15,1,1
"V",7,2,6,16,2,2
"V",7,2,6,17,2,2
"V",7,2,6,18,1,1
"V",7,2,6,19,1,1
"V",7,2,6,2,881,706
"V",7,2,6,23,1,1
"V",7,2,6,24,1,1
"V",7,2,6,3,669,610
"V",7,2,6,4,545,513
"V",7,2,6,5,404,392
"V",7,2,6,6,314,312
"V",7,2,6,7,171,171
"V",7,2,6,8,121,121
"V",7,2,6,9,76,76
"V",7,2,7,-1,528,157
"V",7,2,7,-10,13,0
"V",7,2,7,-11,15,0
"V",7,2,7,-12,5,0
"V",7,2,7,-13,4,0
"V",7,2,7,-16,1,0
"V",7,2,7,-17,1,0
"V",7,2,7,-2,444,84
"V",7,2,7,-3,285,25
"V",7,2,7,-4,234,13
"V",7,2,7,-5,160,5
"V",7,2,7,-6,110,3
"V",7,2,7,-7,76,1
"V",7,2,7,-8,42,0
"V",7,2,7,-9,25,0
"V",7,2,7,0,659,323
"V",7,2,7,1,627,446
"V",7,2,7,10,28,28
"V",7,2,7,11,21,21
"V",7,2,7,12,15,15
"V",7,2,7,13,7,7
"V",7,2,7,14,7,7
"V",7,2,7,15,7,7
"V",7,2,7,16,1,1
"V",7,2,7,17,1,1
"V",7,2,7,2,564,458
"V",7,2,7,3,454,410
"V",7,2,7,4,371,352
"V",7,2,7,5,244,238
"V",7,2,7,6,169,167
"V",7,2,7,7,110,109
"V",7,2,7,8,79,79
"V",7,2,7,9,35,35
"V",7,2,8,-1,583,187
"V",7,2,8,-10,12,0
"V",7,2,8,-11,8,0
"V",7,2,8,-12,6,0
"V",7,2,8,-13,3,0
"V",7,2,8,-14,1,0
"V",7,2,8,-15,2,0
"V",7,2,8,-16,2,0
"V",7,2,8,-17,2,0
"V",7,2,8,-19,1,0
"V",7,2,8,-2,418,83
"V",7,2,8,-3,335,48
"V",7,2,8,-4,243,20
"V",7,2,8,-5,146,9
"V",7,2,8,-6,99,2
"V",7,2,8,-7,66,0
"V",7,2,8,-8,43,0
"V",7,2,8,-9,26,0
"V",7,2,8,0,843,430
"V",7,2,8,1,764,554
"V",7,2,8,10,23,23
"V",7,2,8,11,24,24
"V",7,2,8,12,12,12
"V",7,2,8,13,3,3
"V",7,2,8,14,7,7
"V",7,2,8,15,3,3
"V",7,2,8,16,2,2
"V",7,2,8,17,3,3
"V",7,2,8,2,622,516
"V",7,2,8,3,534,487
"V",7,2,8,4,372,353
"V",7,2,8,5,302,292
"V",7,2,8,6,187,184
"V",7,2,8,7,102,102
"V",7,2,8,8,67,67
"V",7,2,8,9,45,45
"V",8,0,1,-1,14793,3306
"V",8,0,1,-10,724,1
"V",8,0,1,-11,455,0
"V",8,0,1,-12,254,0
"V",8,0,1,-13,185,0
"V",8,0,1,-14,103,0
"V",8,0,1,-15,69,0
"V",8,0,1,-16,38,0
"V",8,0,1,-17,13,0
"V",8,0,1,-18,10,0
"V",8,0,1,-19,7,0
"V",8,0,1,-2,12399,1345
"V",8,0,1,-20,4,0
"V",8,0,1,-21,2,0
"V",8,0,1,-23,1,0
"V",8,0,1,-3,9867,542
"V",8,0,1,-4,7708,212
"V",8,0,1,-5,5527,63
"V",8,0,1,-6,3773,24
"V",8,0,1,-7,2581,5
"V",8,0,1,-8,1781,4
"V",8,0,1,-9,1134,2
"V",8,0,1,0,15729,7523
"V",8,0,1,1,13962,10493
"V",8,0,1,10,459,459
"V",8,0,1,11,324,323
"V",8,0,1,12,190,190
"V",8,0,1,13,97,97
"V",8,0,1,14,73,73
"V",8,0,1,15,37,37
"V",8,0,1,16,16,16
"V",8,0,1,17,17,17
"V",8,0,1,18,4,4
"V",8,0,1,19,7,7
"V",8,0,1,2,11357,9885
"V",8,0,1,20,3,3
"V",8,0,1,21,1,1
"V",8,0,1,22,1,1
"V",8,0,1,24,1,1
"V",8,0,1,25,1,1
"V",8,0,1,3,8657,8127
"V",8,0,1,4,6230,6038
"V",8,0,1,5,4371,4294
"V",8,0,1,6,2958,2943
"V",8,0,1,7,1945,1935
"V",8,0,1,8,1210,1209
"V",8,0,1,9,721,721
"V",8,0,2,-1,3967,1232
"V",8,0,2,-10,182,1
"V",8,0,2,-11,150,0
"V",8,0,2,-12,74,0
"V",8,0,2,-13,41,0
"V",8,0,2,-14,25,0
"V",8,0,2,-15,15,0
"V",8,0,2,-16,13,0
"V",8,0,2,-17,7,0
"V",8,0,2,-18,3,0
"V",8,0,2,-19,2,0
"V",8,0,2,-2,3202,547
"V",8,0,2,-20,2,0
"V",8,0,2,-21,1,0
"V",8,0,2,-23,1,0
"V",8,0,2,-3,2595,231
"V",8,0,2,-4,1988,101
"V",8,0,2,-5,1497,29
"V",8,0,2,-6,996,13
"V",8,0,2,-7,671,3
"V",8,0,2,-8,503,3
"V",8,0,2,-9,303,1
"V",8,0,2,0,4248,2272
"V",8,0,2,1,3766,2959
"V",8,0,2,10,149,149
"V",8,0,2,11,92,91
"V",8,0,2,12,74,74
"V",8,0,2,13,26,26
"V",8,0,2,14,23,23
"V",8,0,2,15,14,14
"V",8,0,2,16,6,6
"V",8,0,2,17,4,4
"V",8,0,2,18,2,2
"V",8,0,2,19,2,2
"V",8,0,2,2,3164,2796
"V",8,0,2,3,2373,2233
"V",8,0,2,4,1745,1699
"V",8,0,2,5,1212,1193
"V",8,0,2,6,815,812
"V",8,0,2,7,550,546
"V",8,0,2,8,368,367
"V",8,0,2,9,233,233
"V",8,0,3,-1,821,295
"V",8,0,3,-10,38,0
"V",8,0,3,-11,25,0
"V",8,0,3,-12,8,0
"V",8,0,3,-13,15,0
"V",8,0,3,-14,8,0
"V",8,0,3,-15,5,0
"V",8,0,3,-16,2,0
"V",8,0,3,-18,1,0
"V",8,0,3,-2,693,145
"V",8,0,3,-3,525,55
"V",8,0,3,-4,411,23
"V",8,0,3,-5,330,8
"V",8,0,3,-6,215,0
"V",8,0,3,-7,149,1
"V",8,0,3,-8,109,0
"V",8,0,3,-9,51,0
"V",8,0,3,0,980,611
"V",8,0,3,1,949,788
"V",8,0,3,10,41,41
"V",8,0,3,11,32,32
"V",8,0,3,12,19,19
"V",8,0,3,13,6,6
"V",8,0,3,14,3,3
"V",8,0,3,15,4,4
"V",8,0,3,16,1,1
"V",8,0,3,17,4,4
"V",8,0,3,18,1,1
"V",8,0,3,19,1,1
"V",8,0,3,2,813,734
"V",8,0,3,3,642,612
"V",8,0,3,4,482,471
"V",8,0,3,5,335,331
"V",8,0,3,6,217,217
"V",8,0,3,7,141,140
"V",8,0,3,8,96,96
"V",8,0,3,9,70,70
"V",8,0,4,-1,772,337
"V",8,0,4,-10,36,0
"V",8,0,4,-11,48,0
"V",8,0,4,-12,24,0
"V",8,0,4,-13,14,0
"V",8,0,4,-14,6,0
"V",8,0,4,-15,5,0
"V",8,0,4,-16,2,0
"V",8,0,4,-17,2,0
"V",8,0,4,-19,1,0
"V",8,0,4,-2,763,230
"V",8,0,4,-20,1,0
"V",8,0,4,-3,644,109
"V",8,0,4,-4,554,53
"V",8,0,4,-5,414,17
"V",8,0,4,-6,272,6
"V",8,0,4,-7,176,1
"V",8,0,4,-8,133,2
"V",8,0,4,-9,83,1
"V",8,0,4,0,734,484
"V",8,0,4,1,662,555
"V",8,0,4,10,43,43
"V",8,0,4,11,27,27
"V",8,0,4,12,14,14
"V",8,0,4,13,5,5
"V",8,0,4,14,6,6
"V",8,0,4,15,1,1
"V",8,0,4,16,1,1
"V",8,0,4,17,2,2
"V",8,0,4,18,1,1
"V",8,0,4,2,599,542
"V",8,0,4,3,461,436
"V",8,0,4,4,410,406
"V",8,0,4,5,291,289
"V",8,0,4,6,175,174
"V",8,0,4,7,133,133
"V",8,0,4,8,84,84
"V",8,0,4,9,69,69
"V",8,0,5,-1,179,67
"V",8,0,5,-10,8,0
"V",8,0,5,-11,2,0
"V",8,0,5,-12,4,0
"V",8,0,5,-13,1,0
"V",8,0,5,-15,1,0
"V",8,0,5,-2,151,27
"V",8,0,5,-3,118,14
"V",8,0,5,-4,69,4
"V",8,0,5,-5,56,1
"V",8,0,5,-6,43,0
"V",8,0,5,-7,35,0
"V",8,0,5,-8,22,0
"V",8,0,5,-9,9,0
"V",8,0,5,0,219,156
"V",8,0,5,1,245,210
"V",8,0,5,10,11,11
"V",8,0,5,11,7,7
"V",8,0,5,12,7,7
"V",8,0,5,13,4,4
"V",8,0,5,14,2,2
"V",8,0,5,17,1,1
"V",8,0,5,2,215,202
"V",8,0,5,3,181,174
"V",8,0,5,4,128,127
"V",8,0,5,5,101,100
"V",8,0,5,6,74,73
"V",8,0,5,7,39,39
"V",8,0,5,8,23,23
"V",8,0,5,9,18,18
"V",8,0,6,-1,368,195
"V",8,0,6,-10,14,1
"V",8,0,6,-11,9,0
"V",8,0,6,-12,8,0
"V",8,0,6,-13,7,0
"V",8,0,6,-14,2,0
"V",8,0,6,-2,322,101
"V",8,0,6,-3,235,34
"V",8,0,6,-4,160,11
"V",8,0,6,-5,120,4
"V",8,0,6,-6,71,3
"V",8,0,6,-7,53,1
"V",8,0,6,-8,45,0
"V",8,0,6,-9,19,0
"V",8,0,6,0,368,269
"V",8,0,6,1,306,275
"V",8,0,6,10,18,18
"V",8,0,6,11,8,8
"V",8,0,6,12,11,11
"V",8,0,6,13,4,4
"V",8,0,6,14,3,3
"V",8,0,6,15,1,1
"V",8,0,6,16,1,1
"V",8,0,6,18,3,3
"V",8,0,6,2,294,279
"V",8,0,6,3,247,241
"V",8,0,6,4,169,168
"V",8,0,6,5,123,120
"V",8,0,6,6,76,75
"V",8,0,6,7,67,66
"V",8,0,6,8,31,31
"V",8,0,6,9,29,29
"V",8,0,7,-1,176,109
"V",8,0,7,-10,4,0
"V",8,0,7,-11,5,0
"V",8,0,7,-12,3,0
"V",8,0,7,-13,4,0
"V",8,0,7,-15,2,0
"V",8,0,7,-2,154,56
"V",8,0,7,-3,112,19
"V",8,0,7,-4,102,11
"V",8,0,7,-5,66,5
"V",8,0,7,-6,60,2
"V",8,0,7,-7,31,1
"V",8,0,7,-8,23,0
"V",8,0,7,-9,8,0
"V",8,0,7,0,180,139
"V",8,0,7,1,169,149
"V",8,0,7,10,15,15
"V",8,0,7,11,6,6
"V",8,0,7,12,4,4
"V",8,0,7,13,2,2
"V",8,0,7,14,2,2
"V",8,0,7,15,2,2
"V",8,0,7,16,1,1
"V",8,0,7,2,151,139
"V",8,0,7,3,123,119
"V",8,0,7,4,111,110
"V",8,0,7,5,77,76
"V",8,0,7,6,54,54
"V",8,0,7,7,26,26
"V",8,0,7,8,24,24
"V",8,0,7,9,14,14
"V",8,0,8,-1,215,128
"V",8,0,8,-10,5,0
"V",8,0,8,-11,11,0
"V",8,0,8,-12,7,0
"V",8,0,8,-13,4,0
"V",8,0,8,-15,1,0
"V",8,0,8,-16,1,0
"V",8,0,8,-2,167,73
"V",8,0,8,-3,149,45
"V",8,0,8,-4,113,22
"V",8,0,8,-5,89,8
"V",8,0,8,-6,69,3
"V",8,0,8,-7,32,0
"V",8,0,8,-8,30,1
"V",8,0,8,-9,18,1
"V",8,0,8,0,219,171
"V",8,0,8,1,171,157
"V",8,0,8,10,8,8
"V",8,0,8,11,6,6
"V",8,0,8,12,8,8
"V",8,0,8,13,2,2
"V",8,0,8,14,2,2
"V",8,0,8,2,160,143
"V",8,0,8,3,133,129
"V",8,0,8,4,116,116
"V",8,0,8,5,96,95
"V",8,0,8,6,62,62
"V",8,0,8,7,38,37
"V",8,0,8,8,21,21
"V",8,0,8,9,21,21
"V",8,1,1,-1,10386,1765
"V",8,1,1,-10,502,0
"V",8,1,1,-11,286,0
"V",8,1,1,-12,176,0
"V",8,1,1,-13,128,0
"V",8,1,1,-14,70,0
"V",8,1,1,-15,48,0
"V",8,1,1,-16,23,0
"V",8,1,1,-17,6,0
"V",8,1,1,-18,6,0
"V",8,1,1,-19,5,0
"V",8,1,1,-2,8705,663
"V",8,1,1,-20,2,0
"V",8,1,1,-21,1,0
"V",8,1,1,-3,6852,257
"V",8,1,1,-4,5389,93
"V",8,1,1,-5,3762,28
"V",8,1,1,-6,2586,12
"V",8,1,1,-7,1763,1
"V",8,1,1,-8,1186,1
"V",8,1,1,-9,796,1
"V",8,1,1,0,10982,4794
"V",8,1,1,1,9869,7196
"V",8,1,1,10,318,318
"V",8,1,1,11,233,233
"V",8,1,1,12,130,130
"V",8,1,1,13,84,84
"V",8,1,1,14,51,51
"V",8,1,1,15,26,26
"V",8,1,1,16,12,12
"V",8,1,1,17,11,11
"V",8,1,1,18,2,2
"V",8,1,1,19,4,4
"V",8,1,1,2,8000,6877
"V",8,1,1,20,4,4
"V",8,1,1,21,2,2
"V",8,1,1,22,2,2
"V",8,1,1,23,1,1
"V",8,1,1,24,1,1
"V",8,1,1,25,1,1
"V",8,1,1,3,6219,5809
"V",8,1,1,4,4441,4293
"V",8,1,1,5,3118,3058
"V",8,1,1,6,2141,2130
"V",8,1,1,7,1417,1410
"V",8,1,1,8,847,847
"V",8,1,1,9,514,514
"V",8,1,2,-1,4372,960
"V",8,1,2,-10,230,0
"V",8,1,2,-11,159,0
"V",8,1,2,-12,75,0
"V",8,1,2,-13,55,0
"V",8,1,2,-14,36,0
"V",8,1,2,-15,23,0
"V",8,1,2,-16,17,0
"V",8,1,2,-17,7,0
"V",8,1,2,-18,2,0
"V",8,1,2,-19,4,0
"V",8,1,2,-2,3984,431
"V",8,1,2,-20,1,0
"V",8,1,2,-21,1,0
"V",8,1,2,-3,3062,180
"V",8,1,2,-4,2424,69
"V",8,1,2,-5,1700,18
"V",8,1,2,-6,1180,7
"V",8,1,2,-7,795,2
"V",8,1,2,-8,559,2
"V",8,1,2,-9,355,0
"V",8,1,2,0,4519,2198
"V",8,1,2,1,4103,3118
"V",8,1,2,10,192,192
"V",8,1,2,11,113,112
"V",8,1,2,12,66,66
"V",8,1,2,13,38,38
"V",8,1,2,14,40,40
"V",8,1,2,15,14,14
"V",8,1,2,16,11,11
"V",8,1,2,17,8,8
"V",8,1,2,18,2,2
"V",8,1,2,19,5,5
"V",8,1,2,2,3426,2950
"V",8,1,2,20,1,1
"V",8,1,2,21,2,2
"V",8,1,2,3,2730,2570
"V",8,1,2,4,2023,1955
"V",8,1,2,5,1449,1420
"V",8,1,2,6,1018,1010
"V",8,1,2,7,734,731
"V",8,1,2,8,440,439
"V",8,1,2,9,268,268
"V",8,1,3,-1,1983,555
"V",8,1,3,-10,55,0
"V",8,1,3,-11,46,0
"V",8,1,3,-12,19,0
"V",8,1,3,-13,22,0
"V",8,1,3,-14,10,0
"V",8,1,3,-15,6,0
"V",8,1,3,-16,4,0
"V",8,1,3,-17,1,0
"V",8,1,3,-18,1,0
"V",8,1,3,-19,1,0
"V",8,1,3,-2,1088,152
"V",8,1,3,-3,868,63
"V",8,1,3,-4,648,17
"V",8,1,3,-5,483,4
"V",8,1,3,-6,331,2
"V",8,1,3,-7,236,0
"V",8,1,3,-8,147,2
"V",8,1,3,-9,99,1
"V",8,1,3,0,2731,1477
"V",8,1,3,1,2427,1894
"V",8,1,3,10,74,74
"V",8,1,3,11,62,61
"V",8,1,3,12,41,41
"V",8,1,3,13,23,23
"V",8,1,3,14,11,11
"V",8,1,3,15,7,7
"V",8,1,3,16,1,1
"V",8,1,3,17,4,4
"V",8,1,3,19,2,2
"V",8,1,3,2,2060,1822
"V",8,1,3,20,2,2
"V",8,1,3,22,1,1
"V",8,1,3,3,1525,1438
"V",8,1,3,4,1124,1097
"V",8,1,3,5,777,767
"V",8,1,3,6,475,472
"V",8,1,3,7,320,319
"V",8,1,3,8,203,203
"V",8,1,3,9,122,122
"V",8,1,4,-1,1357,420
"V",8,1,4,-10,72,0
"V",8,1,4,-11,66,0
"V",8,1,4,-12,22,0
"V",8,1,4,-13,22,0
"V",8,1,4,-14,6,0
"V",8,1,4,-15,5,0
"V",8,1,4,-16,7,0
"V",8,1,4,-17,5,0
"V",8,1,4,-18,2,0
"V",8,1,4,-19,3,0
"V",8,1,4,-2,1332,245
"V",8,1,4,-3,1127,113
"V",8,1,4,-4,845,39
"V",8,1,4,-5,590,11
"V",8,1,4,-6,453,6
"V",8,1,4,-7,285,1
"V",8,1,4,-8,203,1
"V",8,1,4,-9,123,0
"V",8,1,4,0,1651,939
"V",8,1,4,1,1550,1209
"V",8,1,4,10,92,92
"V",8,1,4,11,56,56
"V",8,1,4,12,36,36
"V",8,1,4,13,21,21
"V",8,1,4,14,20,20
"V",8,1,4,15,6,6
"V",8,1,4,16,4,4
"V",8,1,4,17,3,3
"V",8,1,4,18,2,2
"V",8,1,4,19,2,2
"V",8,1,4,2,1393,1236
"V",8,1,4,20,1,1
"V",8,1,4,21,1,1
"V",8,1,4,3,1028,966
"V",8,1,4,4,770,747
"V",8,1,4,5,553,549
"V",8,1,4,6,378,378
"V",8,1,4,7,305,303
"V",8,1,4,8,163,162
"V",8,1,4,9,123,123
"V",8,1,5,-1,567,199
"V",8,1,5,-10,16,0
"V",8,1,5,-11,10,0
"V",8,1,5,-12,7,0
"V",8,1,5,-13,7,0
"V",8,1,5,-14,3,0
"V",8,1,5,-15,3,0
"V",8,1,5,-2,357,66
"V",8,1,5,-3,258,9
"V",8,1,5,-4,192,2
"V",8,1,5,-5,163,0
"V",8,1,5,-6,94,1
"V",8,1,5,-7,67,0
"V",8,1,5,-8,39,0
"V",8,1,5,-9,29,0
"V",8,1,5,0,770,488
"V",8,1,5,1,775,614
"V",8,1,5,10,27,27
"V",8,1,5,11,23,23
"V",8,1,5,12,14,14
"V",8,1,5,13,18,18
"V",8,1,5,14,2,2
"V",8,1,5,15,3,3
"V",8,1,5,17,1,1
"V",8,1,5,18,1,1
"V",8,1,5,2,676,612
"V",8,1,5,20,1,1
"V",8,1,5,3,579,550
"V",8,1,5,4,387,379
"V",8,1,5,5,272,268
"V",8,1,5,6,168,165
"V",8,1,5,7,122,121
"V",8,1,5,8,85,85
"V",8,1,5,9,51,51
"V",8,1,6,-1,710,278
"V",8,1,6,-10,33,1
"V",8,1,6,-11,23,0
"V",8,1,6,-12,11,0
"V",8,1,6,-13,7,0
"V",8,1,6,-14,4,0
"V",8,1,6,-15,2,0
"V",8,1,6,-16,1,0
"V",8,1,6,-17,2,0
"V",8,1,6,-18,1,0
"V",8,1,6,-2,506,99
"V",8,1,6,-3,400,43
"V",8,1,6,-4,329,13
"V",8,1,6,-5,237,5
"V",8,1,6,-6,140,0
"V",8,1,6,-7,103,1
"V",8,1,6,-8,67,1
"V",8,1,6,-9,40,0
"V",8,1,6,0,843,525
"V",8,1,6,1,801,669
"V",8,1,6,10,44,44
"V",8,1,6,11,22,22
"V",8,1,6,12,23,23
"V",8,1,6,13,8,8
"V",8,1,6,14,5,5
"V",8,1,6,15,2,2
"V",8,1,6,16,1,1
"V",8,1,6,17,3,3
"V",8,1,6,18,3,3
"V",8,1,6,2,675,622
"V",8,1,6,20,2,2
"V",8,1,6,22,2,2
"V",8,1,6,3,539,510
"V",8,1,6,4,374,366
"V",8,1,6,5,282,277
"V",8,1,6,6,231,230
"V",8,1,6,7,126,125
"V",8,1,6,8,96,96
"V",8,1,6,9,52,52
"V",8,1,7,-1,544,255
"V",8,1,7,-10,18,0
"V",8,1,7,-11,15,0
"V",8,1,7,-12,10,0
"V",8,1,7,-13,2,0
"V",8,1,7,-14,6,0
"V",8,1,7,-15,2,0
"V",8,1,7,-16,1,0
"V",8,1,7,-2,413,100
"V",8,1,7,-3,240,31
"V",8,1,7,-4,210,19
"V",8,1,7,-5,146,6
"V",8,1,7,-6,107,2
"V",8,1,7,-7,76,0
"V",8,1,7,-8,47,1
"V",8,1,7,-9,35,0
"V",8,1,7,0,583,389
"V",8,1,7,1,580,477
"V",8,1,7,10,23,23
"V",8,1,7,11,19,19
"V",8,1,7,12,13,13
"V",8,1,7,13,8,8
"V",8,1,7,14,1,1
"V",8,1,7,15,6,6
"V",8,1,7,16,1,1
"V",8,1,7,17,1,1
"V",8,1,7,2,547,500
"V",8,1,7,21,1,1
"V",8,1,7,3,418,406
"V",8,1,7,4,338,333
"V",8,1,7,5,223,222
"V",8,1,7,6,159,158
"V",8,1,7,7,111,111
"V",8,1,7,8,64,64
"V",8,1,7,9,29,29
"V",8,1,8,-1,519,238
"V",8,1,8,-10,12,0
"V",8,1,8,-11,14,0
"V",8,1,8,-12,6,0
"V",8,1,8,-13,7,0
"V",8,1,8,-14,3,0
"V",8,1,8,-15,2,0
"V",8,1,8,-16,1,0
"V",8,1,8,-17,3,0
"V",8,1,8,-18,2,0
"V",8,1,8,-2,319,92
"V",8,1,8,-3,282,58
"V",8,1,8,-4,200,22
"V",8,1,8,-5,143,7
"V",8,1,8,-6,124,3
"V",8,1,8,-7,74,0
"V",8,1,8,-8,51,1
"V",8,1,8,-9,27,0
"V",8,1,8,0,702,490
"V",8,1,8,1,616,507
"V",8,1,8,10,31,31
"V",8,1,8,11,17,17
"V",8,1,8,12,11,11
"V",8,1,8,13,4,4
"V",8,1,8,14,6,6
"V",8,1,8,15,5,5
"V",8,1,8,18,1,1
"V",8,1,8,2,539,496
"V",8,1,8,20,1,1
"V",8,1,8,3,421,404
"V",8,1,8,4,342,334
"V",8,1,8,5,220,219
"V",8,1,8,6,130,130
"V",8,1,8,7,83,82
"V",8,1,8,8,48,48
"V",8,1,8,9,36,36
"V",8,2,1,-1,8001,1083
"V",8,2,1,-10,368,0
"V",8,2,1,-11,195,0
"V",8,2,1,-12,139,0
"V",8,2,1,-13,81,0
"V",8,2,1,-14,50,0
"V",8,2,1,-15,28,0
"V",8,2,1,-16,15,0
"V",8,2,1,-17,3,0
"V",8,2,1,-18,6,0
"V",8,2,1,-19,3,0
"V",8,2,1,-2,6578,368
"V",8,2,1,-20,2,0
"V",8,2,1,-21,1,0
"V",8,2,1,-23,1,0
"V",8,2,1,-3,5268,125
"V",8,2,1,-4,4049,48
"V",8,2,1,-5,2813,16
"V",8,2,1,-6,1935,7
"V",8,2,1,-7,1323,0
"V",8,2,1,-8,904,0
"V",8,2,1,-9,574,0
"V",8,2,1,0,8354,3287
"V",8,2,1,1,7830,5573
"V",8,2,1,10,269,269
"V",8,2,1,11,224,224
"V",8,2,1,12,122,122
"V",8,2,1,13,75,75
"V",8,2,1,14,54,54
"V",8,2,1,15,30,30
"V",8,2,1,16,11,11
"V",8,2,1,17,8,8
"V",8,2,1,18,1,1
"V",8,2,1,19,4,4
"V",8,2,1,2,6332,5396
"V",8,2,1,20,2,2
"V",8,2,1,21,2,2
"V",8,2,1,22,1,1
"V",8,2,1,23,1,1
"V",8,2,1,24,1,1
"V",8,2,1,25,1,1
"V",8,2,1,3,5067,4681
"V",8,2,1,4,3662,3527
"V",8,2,1,5,2565,2520
"V",8,2,1,6,1840,1832
"V",8,2,1,7,1178,1169
"V",8,2,1,8,736,735
"V",8,2,1,9,456,456
"V",8,2,2,-1,4524,751
"V",8,2,2,-10,243,0
"V",8,2,2,-11,126,0
"V",8,2,2,-12,89,0
"V",8,2,2,-13,54,0
"V",8,2,2,-14,32,0
"V",8,2,2,-15,25,0
"V",8,2,2,-16,12,0
"V",8,2,2,-17,4,0
"V",8,2,2,-19,3,0
"V",8,2,2,-2,3886,286
"V",8,2,2,-20,1,0
"V",8,2,2,-23,1,0
"V",8,2,2,-3,3080,92
"V",8,2,2,-4,2449,40
"V",8,2,2,-5,1663,11
"V",8,2,2,-6,1130,7
"V",8,2,2,-7,770,0
"V",8,2,2,-8,525,1
"V",8,2,2,-9,363,0
"V",8,2,2,0,4516,1864
"V",8,2,2,1,4121,3036
"V",8,2,2,10,206,206
"V",8,2,2,11,146,146
"V",8,2,2,12,93,93
"V",8,2,2,13,50,50
"V",8,2,2,14,40,40
"V",8,2,2,15,19,19
"V",8,2,2,16,10,10
"V",8,2,2,17,7,7
"V",8,2,2,18,4,4
"V",8,2,2,19,4,4
"V",8,2,2,2,3428,2903
"V",8,2,2,20,2,2
"V",8,2,2,21,2,2
"V",8,2,2,23,1,1
"V",8,2,2,3,2780,2577
"V",8,2,2,4,2201,2112
"V",8,2,2,5,1529,1499
"V",8,2,2,6,1188,1179
"V",8,2,2,7,810,807
"V",8,2,2,8,522,522
"V",8,2,2,9,347,347
"V",8,2,3,-1,2174,453
"V",8,2,3,-10,69,0
"V",8,2,3,-11,61,0
"V",8,2,3,-12,31,0
"V",8,2,3,-13,22,0
"V",8,2,3,-14,9,0
"V",8,2,3,-15,6,0
"V",8,2,3,-16,5,0
"V",8,2,3,-17,1,0
"V",8,2,3,-18,1,0
"V",8,2,3,-2,1407,113
"V",8,2,3,-3,1095,51
"V",8,2,3,-4,816,14
"V",8,2,3,-5,600,5
"V",8,2,3,-6,410,2
"V",8,2,3,-7,296,0
"V",8,2,3,-8,180,0
"V",8,2,3,-9,118,0
"V",8,2,3,0,2683,1230
"V",8,2,3,1,2610,1949
"V",8,2,3,10,121,121
"V",8,2,3,11,75,74
"V",8,2,3,12,61,61
"V",8,2,3,13,26,26
"V",8,2,3,14,18,18
"V",8,2,3,15,11,11
"V",8,2,3,16,7,7
"V",8,2,3,17,3,3
"V",8,2,3,19,4,4
"V",8,2,3,2,2218,1902
"V",8,2,3,20,2,2
"V",8,2,3,23,1,1
"V",8,2,3,3,1791,1670
"V",8,2,3,4,1418,1378
"V",8,2,3,5,1001,985
"V",8,2,3,6,634,629
"V",8,2,3,7,488,487
"V",8,2,3,8,320,320
"V",8,2,3,9,197,197
"V",8,2,4,-1,1755,369
"V",8,2,4,-10,98,0
"V",8,2,4,-11,78,0
"V",8,2,4,-12,33,0
"V",8,2,4,-13,23,0
"V",8,2,4,-14,10,0
"V",8,2,4,-15,8,0
"V",8,2,4,-16,3,0
"V",8,2,4,-17,3,0
"V",8,2,4,-19,2,0
"V",8,2,4,-2,1590,170
"V",8,2,4,-23,1,0
"V",8,2,4,-3,1314,63
"V",8,2,4,-4,919,23
"V",8,2,4,-5,659,7
"V",8,2,4,-6,507,4
"V",8,2,4,-7,315,0
"V",8,2,4,-8,231,0
"V",8,2,4,-9,154,0
"V",8,2,4,0,2271,1030
"V",8,2,4,1,2084,1562
"V",8,2,4,10,105,105
"V",8,2,4,11,81,81
"V",8,2,4,12,46,46
"V",8,2,4,13,26,26
"V",8,2,4,14,14,14
"V",8,2,4,15,13,13
"V",8,2,4,16,9,9
"V",8,2,4,17,2,2
"V",8,2,4,2,1894,1626
"V",8,2,4,20,2,2
"V",8,2,4,21,1,1
"V",8,2,4,22,1,1
"V",8,2,4,23,1,1
"V",8,2,4,3,1455,1351
"V",8,2,4,4,1099,1059
"V",8,2,4,5,769,758
"V",8,2,4,6,545,543
"V",8,2,4,7,422,422
"V",8,2,4,8,261,260
"V",8,2,4,9,155,155
"V",8,2,5,-1,839,164
"V",8,2,5,-10,27,0
"V",8,2,5,-11,26,0
"V",8,2,5,-12,13,0
"V",8,2,5,-13,10,0
"V",8,2,5,-14,7,0
"V",8,2,5,-15,5,0
"V",8,2,5,-16,3,0
"V",8,2,5,-19,1,0
"V",8,2,5,-2,538,52
"V",8,2,5,-3,401,13
"V",8,2,5,-4,337,7
"V",8,2,5,-5,249,0
"V",8,2,5,-6,167,0
"V",8,2,5,-7,112,0
"V",8,2,5,-8,77,0
"V",8,2,5,-9,40,0
"V",8,2,5,0,1009,489
"V",8,2,5,1,933,710
"V",8,2,5,10,51,51
"V",8,2,5,11,42,42
"V",8,2,5,12,25,25
"V",8,2,5,13,17,17
"V",8,2,5,14,6,6
"V",8,2,5,15,7,7
"V",8,2,5,16,3,3
"V",8,2,5,17,1,1
"V",8,2,5,2,878,755
"V",8,2,5,22,2,2
"V",8,2,5,3,779,724
"V",8,2,5,4,564,547
"V",8,2,5,5,416,413
"V",8,2,5,6,305,304
"V",8,2,5,7,208,207
"V",8,2,5,8,128,127
"V",8,2,5,9,79,79
"V",8,2,6,-1,850,195
"V",8,2,6,-10,45,0
"V",8,2,6,-11,19,0
"V",8,2,6,-12,11,0
"V",8,2,6,-13,6,0
"V",8,2,6,-14,3,0
"V",8,2,6,-15,2,0
"V",8,2,6,-16,5,0
"V",8,2,6,-17,1,0
"V",8,2,6,-19,1,0
"V",8,2,6,-2,665,74
"V",8,2,6,-3,549,25
"V",8,2,6,-4,396,9
"V",8,2,6,-5,277,2
"V",8,2,6,-6,185,0
"V",8,2,6,-7,120,0
"V",8,2,6,-8,74,0
"V",8,2,6,-9,46,0
"V",8,2,6,0,1091,519
"V",8,2,6,1,1011,760
"V",8,2,6,10,56,56
"V",8,2,6,11,34,34
"V",8,2,6,12,27,27
"V",8,2,6,13,15,15
"V",8,2,6,14,8,8
"V",8,2,6,15,3,3
"V",8,2,6,16,6,6
"V",8,2,6,17,5,5
"V",8,2,6,19,1,1
"V",8,2,6,2,870,772
"V",8,2,6,22,1,1
"V",8,2,6,3,725,672
"V",8,2,6,4,516,501
"V",8,2,6,5,395,383
"V",8,2,6,6,302,301
"V",8,2,6,7,211,211
"V",8,2,6,8,145,145
"V",8,2,6,9,90,90
"V",8,2,7,-1,493,134
"V",8,2,7,-10,20,0
"V",8,2,7,-11,9,0
"V",8,2,7,-12,6,0
"V",8,2,7,-13,3,0
"V",8,2,7,-14,8,0
"V",8,2,7,-15,1,0
"V",8,2,7,-16,4,0
"V",8,2,7,-17,1,0
"V",8,2,7,-2,437,58
"V",8,2,7,-3,296,18
"V",8,2,7,-4,212,9
"V",8,2,7,-5,178,0
"V",8,2,7,-6,128,1
"V",8,2,7,-7,89,0
"V",8,2,7,-8,47,0
"V",8,2,7,-9,35,0
"V",8,2,7,0,552,289
"V",8,2,7,1,658,507
"V",8,2,7,10,28,28
"V",8,2,7,11,17,17
"V",8,2,7,12,16,16
"V",8,2,7,13,14,14
"V",8,2,7,14,5,5
"V",8,2,7,15,2,2
"V",8,2,7,17,1,1
"V",8,2,7,18,1,1
"V",8,2,7,19,2,2
"V",8,2,7,2,556,489
"V",8,2,7,3,466,443
"V",8,2,7,4,360,353
"V",8,2,7,5,278,274
"V",8,2,7,6,213,212
"V",8,2,7,7,143,142
"V",8,2,7,8,94,94
"V",8,2,7,9,58,58
"V",8,2,8,-1,616,175
"V",8,2,8,-10,19,0
"V",8,2,8,-11,14,0
"V",8,2,8,-12,6,0
"V",8,2,8,-13,1,0
"V",8,2,8,-14,1,0
"V",8,2,8,-16,1,0
"V",8,2,8,-17,2,0
"V",8,2,8,-18,1,0
"V",8,2,8,-19,2,0
"V",8,2,8,-2,429,73
"V",8,2,8,-3,316,27
"V",8,2,8,-4,222,7
"V",8,2,8,-5,164,2
"V",8,2,8,-6,119,1
"V",8,2,8,-7,90,0
"V",8,2,8,-8,47,0
"V",8,2,8,-9,35,0
"V",8,2,8,0,781,417
"V",8,2,8,1,767,596
"V",8,2,8,10,31,31
"V",8,2,8,11,16,16
"V",8,2,8,12,14,14
"V",8,2,8,13,16,16
"V",8,2,8,14,3,3
"V",8,2,8,15,4,4
"V",8,2,8,16,2,2
"V",8,2,8,17,1,1
"V",8,2,8,2,678,596
"V",8,2,8,3,536,505
"V",8,2,8,4,391,380
"V",8,2,8,5,261,255
"V",8,2,8,6,170,168
"V",8,2,8,7,137,137
"V",8,2,8,8,95,95
"V",8,2,8,9,52,52
"V",9,0,1,-1,13644,1863
"V",9,0,1,-10,938,0
"V",9,0,1,-11,581,0
"V",9,0,1,-12,419,0
"V",9,0,1,-13,235,0
"V",9,0,1,-14,139,0
"V",9,0,1,-15,75,0
"V",9,0,1,-16,55,0
"V",9,0,1,-17,28,0
"V",9,0,1,-18,18,0
"V",9,0,1,-19,12,0
"V",9,0,1,-2,11928,680
"V",9,0,1,-20,6,0
"V",9,0,1,-21,4,0
"V",9,0,1,-22,1,0
"V",9,0,1,-25,1,0
"V",9,0,1,-26,1,0
"V",9,0,1,-3,9973,240
"V",9,0,1,-4,7942,88
"V",9,0,1,-5,5933,21
"V",9,0,1,-6,4161,11
"V",9,0,1,-7,2830,1
"V",9,0,1,-8,1999,2
"V",9,0,1,-9,1407,0
"V",9,0,1,0,13820,6584
"V",9,0,1,1,13121,11139
"V",9,0,1,10,581,581
"V",9,0,1,11,376,376
"V",9,0,1,12,244,244
"V",9,0,1,13,145,145
"V",9,0,1,14,100,100
"V",9,0,1,15,46,46
"V",9,0,1,16,30,30
"V",9,0,1,17,20,20
"V",9,0,1,18,6,6
"V",9,0,1,19,7,7
"V",9,0,1,2,10847,10106
"V",9,0,1,20,2,2
"V",9,0,1,21,2,2
"V",9,0,1,22,3,3
"V",9,0,1,23,3,3
"V",9,0,1,25,1,1
"V",9,0,1,3,8690,8430
"V",9,0,1,4,6485,6397
"V",9,0,1,5,4597,4572
"V",9,0,1,6,3272,3268
"V",9,0,1,7,2229,2227
"V",9,0,1,8,1403,1403
"V",9,0,1,9,904,904
"V",9,0,2,-1,3534,887
"V",9,0,2,-10,257,0
"V",9,0,2,-11,146,0
"V",9,0,2,-12,109,0
"V",9,0,2,-13,66,0
"V",9,0,2,-14,26,0
"V",9,0,2,-15,20,0
"V",9,0,2,-16,16,0
"V",9,0,2,-17,3,0
"V",9,0,2,-18,4,0
"V",9,0,2,-19,4,0
"V",9,0,2,-2,3120,371
"V",9,0,2,-20,4,0
"V",9,0,2,-21,1,0
"V",9,0,2,-26,1,0
"V",9,0,2,-3,2492,140
"V",9,0,2,-4,2027,59
"V",9,0,2,-5,1559,14
"V",9,0,2,-6,1116,9
"V",9,0,2,-7,735,1
"V",9,0,2,-8,531,2
"V",9,0,2,-9,381,0
"V",9,0,2,0,3798,2158
"V",9,0,2,1,3432,2976
"V",9,0,2,10,178,178
"V",9,0,2,11,118,118
"V",9,0,2,12,73,73
"V",9,0,2,13,45,45
"V",9,0,2,14,20,20
"V",9,0,2,15,14,14
"V",9,0,2,16,13,13
"V",9,0,2,17,5,5
"V",9,0,2,18,1,1
"V",9,0,2,19,4,4
"V",9,0,2,2,2764,2610
"V",9,0,2,21,1,1
"V",9,0,2,22,1,1
"V",9,0,2,3,2311,2249
"V",9,0,2,4,1757,1739
"V",9,0,2,5,1327,1318
"V",9,0,2,6,890,890
"V",9,0,2,7,618,618
"V",9,0,2,8,390,390
"V",9,0,2,9,244,244
"V",9,0,3,-1,731,228
"V",9,0,3,-10,58,0
"V",9,0,3,-11,41,0
"V",9,0,3,-12,21,0
"V",9,0,3,-13,16,0
"V",9,0,3,-14,13,0
"V",9,0,3,-15,9,0
"V",9,0,3,-16,4,0
"V",9,0,3,-17,1,0
"V",9,0,3,-18,1,0
"V",9,0,3,-19,1,0
"V",9,0,3,-2,633,93
"V",9,0,3,-21,1,0
"V",9,0,3,-3,541,38
"V",9,0,3,-4,444,10
"V",9,0,3,-5,340,2
"V",9,0,3,-6,233,1
"V",9,0,3,-7,163,0
"V",9,0,3,-8,131,0
"V",9,0,3,-9,85,0
"V",9,0,3,0,827,541
"V",9,0,3,1,838,747
"V",9,0,3,10,33,33
"V",9,0,3,11,37,37
"V",9,0,3,12,19,19
"V",9,0,3,13,22,22
"V",9,0,3,14,9,9
"V",9,0,3,15,8,8
"V",9,0,3,16,2,2
"V",9,0,3,17,2,2
"V",9,0,3,18,2,2
"V",9,0,3,19,1,1
"V",9,0,3,2,745,715
"V",9,0,3,3,615,604
"V",9,0,3,4,482,478
"V",9,0,3,5,322,320
"V",9,0,3,6,234,234
"V",9,0,3,7,177,177
"V",9,0,3,8,103,103
"V",9,0,3,9,82,82
"V",9,0,4,-1,691,299
"V",9,0,4,-10,69,0
"V",9,0,4,-11,39,0
"V",9,0,4,-12,33,0
"V",9,0,4,-13,19,0
"V",9,0,4,-14,9,0
"V",9,0,4,-15,6,0
"V",9,0,4,-16,3,0
"V",9,0,4,-17,2,0
"V",9,0,4,-19,1,0
"V",9,0,4,-2,779,178
"V",9,0,4,-20,1,0
"V",9,0,4,-3,641,85
"V",9,0,4,-4,506,35
"V",9,0,4,-5,394,15
"V",9,0,4,-6,273,8
"V",9,0,4,-7,181,1
"V",9,0,4,-8,138,1
"V",9,0,4,-9,91,0
"V",9,0,4,0,594,409
"V",9,0,4,1,591,538
"V",9,0,4,10,59,59
"V",9,0,4,11,36,36
"V",9,0,4,12,20,20
"V",9,0,4,13,16,16
"V",9,0,4,14,6,6
"V",9,0,4,15,4,4
"V",9,0,4,16,3,3
"V",9,0,4,17,1,1
"V",9,0,4,2,523,505
"V",9,0,4,3,459,448
"V",9,0,4,4,391,389
"V",9,0,4,5,325,322
"V",9,0,4,6,213,213
"V",9,0,4,7,158,158
"V",9,0,4,8,111,111
"V",9,0,4,9,70,70
"V",9,0,5,-1,151,59
"V",9,0,5,-10,8,0
"V",9,0,5,-11,18,0
"V",9,0,5,-12,2,0
"V",9,0,5,-13,3,0
"V",9,0,5,-14,9,0
"V",9,0,5,-16,3,0
"V",9,0,5,-2,120,14
"V",9,0,5,-22,1,0
"V",9,0,5,-3,113,7
"V",9,0,5,-4,86,1
"V",9,0,5,-5,63,1
"V",9,0,5,-6,59,0
"V",9,0,5,-7,39,0
"V",9,0,5,-8,34,0
"V",9,0,5,-9,16,0
"V",9,0,5,0,192,147
"V",9,0,5,1,196,180
"V",9,0,5,10,13,13
"V",9,0,5,11,7,7
"V",9,0,5,12,5,5
"V",9,0,5,13,3,3
"V",9,0,5,14,4,4
"V",9,0,5,15,4,4
"V",9,0,5,17,1,1
"V",9,0,5,2,204,197
"V",9,0,5,3,143,140
"V",9,0,5,4,119,117
"V",9,0,5,5,96,96
"V",9,0,5,6,74,73
"V",9,0,5,7,49,49
"V",9,0,5,8,23,23
"V",9,0,5,9,21,21
"V",9,0,6,-1,315,167
"V",9,0,6,-10,16,0
"V",9,0,6,-11,18,0
"V",9,0,6,-12,6,0
"V",9,0,6,-13,6,0
"V",9,0,6,-14,4,0
"V",9,0,6,-15,4,0
"V",9,0,6,-16,2,0
"V",9,0,6,-19,1,0
"V",9,0,6,-2,259,57
"V",9,0,6,-3,160,13
"V",9,0,6,-4,131,14
"V",9,0,6,-5,120,2
"V",9,0,6,-6,73,0
"V",9,0,6,-7,60,1
"V",9,0,6,-8,41,1
"V",9,0,6,-9,30,0
"V",9,0,6,0,297,237
"V",9,0,6,1,297,267
"V",9,0,6,10,20,20
"V",9,0,6,11,8,8
"V",9,0,6,12,8,8
"V",9,0,6,13,8,8
"V",9,0,6,15,5,5
"V",9,0,6,16,1,1
"V",9,0,6,2,237,232
"V",9,0,6,3,207,205
"V",9,0,6,4,159,159
"V",9,0,6,5,125,125
"V",9,0,6,6,97,97
"V",9,0,6,7,77,77
"V",9,0,6,8,38,38
"V",9,0,6,9,19,19
"V",9,0,7,-1,148,84
"V",9,0,7,-10,16,0
"V",9,0,7,-11,10,0
"V",9,0,7,-12,3,0
"V",9,0,7,-13,2,0
"V",9,0,7,-14,1,0
"V",9,0,7,-15,2,0
"V",9,0,7,-2,144,35
"V",9,0,7,-26,1,0
"V",9,0,7,-3,132,16
"V",9,0,7,-4,91,5
"V",9,0,7,-5,72,1
"V",9,0,7,-6,49,1
"V",9,0,7,-7,43,0
"V",9,0,7,-8,27,0
"V",9,0,7,-9,23,0
"V",9,0,7,0,136,104
"V",9,0,7,1,144,132
"V",9,0,7,10,11,11
"V",9,0,7,11,7,7
"V",9,0,7,12,6,6
"V",9,0,7,14,3,3
"V",9,0,7,15,3,3
"V",9,0,7,16,1,1
"V",9,0,7,17,3,3
"V",9,0,7,2,140,133
"V",9,0,7,3,119,117
"V",9,0,7,4,88,88
"V",9,0,7,5,80,80
"V",9,0,7,6,68,68
"V",9,0,7,7,44,44
"V",9,0,7,8,26,26
"V",9,0,7,9,22,22
"V",9,0,8,-1,163,100
"V",9,0,8,-10,19,0
"V",9,0,8,-11,11,0
"V",9,0,8,-12,10,0
"V",9,0,8,-13,5,0
"V",9,0,8,-14,1,0
"V",9,0,8,-15,1,0
"V",9,0,8,-16,1,0
"V",9,0,8,-2,158,55
"V",9,0,8,-3,144,36
"V",9,0,8,-4,100,15
"V",9,0,8,-5,86,4
"V",9,0,8,-6,48,3
"V",9,0,8,-7,46,2
"V",9,0,8,-8,24,1
"V",9,0,8,-9,20,0
"V",9,0,8,0,203,166
"V",9,0,8,1,180,171
"V",9,0,8,10,13,13
"V",9,0,8,11,12,12
"V",9,0,8,12,5,5
"V",9,0,8,13,7,7
"V",9,0,8,14,3,3
"V",9,0,8,15,5,5
"V",9,0,8,16,2,2
"V",9,0,8,17,1,1
"V",9,0,8,2,142,139
"V",9,0,8,3,134,133
"V",9,0,8,4,115,114
"V",9,0,8,5,59,59
"V",9,0,8,6,54,54
"V",9,0,8,7,37,37
"V",9,0,8,8,26,26
"V",9,0,8,9,16,16
"V",9,1,1,-1,9671,703
"V",9,1,1,-10,640,0
"V",9,1,1,-11,404,0
"V",9,1,1,-12,288,0
"V",9,1,1,-13,159,0
"V",9,1,1,-14,98,0
"V",9,1,1,-15,44,0
"V",9,1,1,-16,36,0
"V",9,1,1,-17,24,0
"V",9,1,1,-18,14,0
"V",9,1,1,-19,6,0
"V",9,1,1,-2,8378,208
"V",9,1,1,-20,2,0
"V",9,1,1,-21,2,0
"V",9,1,1,-25,1,0
"V",9,1,1,-3,7064,54
"V",9,1,1,-4,5592,18
"V",9,1,1,-5,4088,2
"V",9,1,1,-6,2818,2
"V",9,1,1,-7,1949,0
"V",9,1,1,-8,1351,0
"V",9,1,1,-9,944,0
"V",9,1,1,0,9561,3996
"V",9,1,1,1,9346,7808
"V",9,1,1,10,429,429
"V",9,1,1,11,264,264
"V",9,1,1,12,185,185
"V",9,1,1,13,98,98
"V",9,1,1,14,83,83
"V",9,1,1,15,36,36
"V",9,1,1,16,22,22
"V",9,1,1,17,16,16
"V",9,1,1,18,7,7
"V",9,1,1,19,4,4
"V",9,1,1,2,7905,7312
"V",9,1,1,20,2,2
"V",9,1,1,21,1,1
"V",9,1,1,22,2,2
"V",9,1,1,23,3,3
"V",9,1,1,25,1,1
"V",9,1,1,3,6291,6092
"V",9,1,1,4,4695,4622
"V",9,1,1,5,3285,3267
"V",9,1,1,6,2346,2342
"V",9,1,1,7,1609,1605
"V",9,1,1,8,1050,1050
"V",9,1,1,9,668,668
"V",9,1,2,-1,4086,611
"V",9,1,2,-10,283,0
"V",9,1,2,-11,186,0
"V",9,1,2,-12,142,0
"V",9,1,2,-13,67,0
"V",9,1,2,-14,31,0
"V",9,1,2,-15,21,0
"V",9,1,2,-16,24,0
"V",9,1,2,-17,6,0
"V",9,1,2,-18,5,0
"V",9,1,2,-19,4,0
"V",9,1,2,-2,3740,247
"V",9,1,2,-20,4,0
"V",9,1,2,-21,1,0
"V",9,1,2,-25,1,0
"V",9,1,2,-3,3153,80
"V",9,1,2,-4,2508,30
"V",9,1,2,-5,1853,3
"V",9,1,2,-6,1330,1
"V",9,1,2,-7,864,0
"V",9,1,2,-8,614,0
"V",9,1,2,-9,443,0
"V",9,1,2,0,3920,1926
"V",9,1,2,1,3696,3106
"V",9,1,2,10,232,232
"V",9,1,2,11,146,146
"V",9,1,2,12,102,102
"V",9,1,2,13,61,61
"V",9,1,2,14,33,33
"V",9,1,2,15,22,22
"V",9,1,2,16,12,12
"V",9,1,2,17,7,7
"V",9,1,2,18,4,4
"V",9,1,2,19,5,5
"V",9,1,2,2,3164,2970
"V",9,1,2,20,2,2
"V",9,1,2,21,1,1
"V",9,1,2,22,1,1
"V",9,1,2,25,1,1
"V",9,1,2,3,2782,2683
"V",9,1,2,4,2073,2054
"V",9,1,2,5,1568,1553
"V",9,1,2,6,1143,1142
"V",9,1,2,7,796,795
"V",9,1,2,8,563,563
"V",9,1,2,9,323,323
"V",9,1,3,-1,1541,315
"V",9,1,3,-10,98,0
"V",9,1,3,-11,62,0
"V",9,1,3,-12,35,0
"V",9,1,3,-13,20,0
"V",9,1,3,-14,13,0
"V",9,1,3,-15,9,0
"V",9,1,3,-16,5,0
"V",9,1,3,-17,3,0
"V",9,1,3,-18,5,0
"V",9,1,3,-19,1,0
"V",9,1,3,-2,1012,82
"V",9,1,3,-21,1,0
"V",9,1,3,-3,919,22
"V",9,1,3,-4,748,7
"V",9,1,3,-5,567,1
"V",9,1,3,-6,379,1
"V",9,1,3,-7,295,0
"V",9,1,3,-8,217,0
"V",9,1,3,-9,130,0
"V",9,1,3,0,2578,1470
"V",9,1,3,1,2344,2031
"V",9,1,3,10,83,83
"V",9,1,3,11,52,52
"V",9,1,3,12,42,42
"V",9,1,3,13,31,31
"V",9,1,3,14,16,16
"V",9,1,3,15,8,8
"V",9,1,3,16,7,7
"V",9,1,3,17,4,4
"V",9,1,3,18,4,4
"V",9,1,3,19,3,3
"V",9,1,3,2,1946,1828
"V",9,1,3,3,1607,1569
"V",9,1,3,4,1134,1118
"V",9,1,3,5,756,747
"V",9,1,3,6,521,521
"V",9,1,3,7,361,361
"V",9,1,3,8,215,215
"V",9,1,3,9,149,149
"V",9,1,4,-1,1277,360
"V",9,1,4,-10,111,0
"V",9,1,4,-11,71,0
"V",9,1,4,-12,41,0
"V",9,1,4,-13,24,0
"V",9,1,4,-14,14,0
"V",9,1,4,-15,12,0
"V",9,1,4,-16,5,0
"V",9,1,4,-17,5,0
"V",9,1,4,-18,1,0
"V",9,1,4,-19,2,0
"V",9,1,4,-2,1301,191
"V",9,1,4,-20,1,0
"V",9,1,4,-24,1,0
"V",9,1,4,-25,1,0
"V",9,1,4,-3,1128,73
"V",9,1,4,-4,855,32
"V",9,1,4,-5,645,7
"V",9,1,4,-6,488,1
"V",9,1,4,-7,334,0
"V",9,1,4,-8,246,0
"V",9,1,4,-9,160,0
"V",9,1,4,0,1671,1004
"V",9,1,4,1,1493,1306
"V",9,1,4,10,108,108
"V",9,1,4,11,65,65
"V",9,1,4,12,45,45
"V",9,1,4,13,31,31
"V",9,1,4,14,14,14
"V",9,1,4,15,9,9
"V",9,1,4,16,7,7
"V",9,1,4,17,3,3
"V",9,1,4,18,2,2
"V",9,1,4,2,1211,1142
"V",9,1,4,20,1,1
"V",9,1,4,22,1,1
"V",9,1,4,3,1023,993
"V",9,1,4,4,774,769
"V",9,1,4,5,616,609
"V",9,1,4,6,411,410
"V",9,1,4,7,318,318
"V",9,1,4,8,244,244
"V",9,1,4,9,132,132
"V",9,1,5,-1,469,126
"V",9,1,5,-10,28,0
"V",9,1,5,-11,27,0
"V",9,1,5,-12,9,0
"V",9,1,5,-13,17,0
"V",9,1,5,-14,5,0
"V",9,1,5,-15,2,0
"V",9,1,5,-16,3,0
"V",9,1,5,-17,1,0
"V",9,1,5,-18,2,0
"V",9,1,5,-2,290,23
"V",9,1,5,-22,1,0
"V",9,1,5,-3,253,9
"V",9,1,5,-4,245,0
"V",9,1,5,-5,163,1
"V",9,1,5,-6,121,0
"V",9,1,5,-7,92,0
"V",9,1,5,-8,73,0
"V",9,1,5,-9,46,0
"V",9,1,5,0,641,405
"V",9,1,5,1,678,609
"V",9,1,5,10,32,32
"V",9,1,5,11,25,25
"V",9,1,5,12,23,23
"V",9,1,5,13,9,9
"V",9,1,5,14,2,2
"V",9,1,5,15,2,2
"V",9,1,5,17,2,2
"V",9,1,5,18,2,2
"V",9,1,5,19,1,1
"V",9,1,5,2,649,620
"V",9,1,5,3,482,473
"V",9,1,5,4,415,409
"V",9,1,5,5,285,285
"V",9,1,5,6,205,203
"V",9,1,5,7,132,132
"V",9,1,5,8,86,86
"V",9,1,5,9,67,67
"V",9,1,6,-1,607,219
"V",9,1,6,-10,30,0
"V",9,1,6,-11,29,0
"V",9,1,6,-12,11,0
"V",9,1,6,-13,5,0
"V",9,1,6,-14,9,0
"V",9,1,6,-15,3,0
"V",9,1,6,-18,1,0
"V",9,1,6,-2,510,75
"V",9,1,6,-22,1,0
"V",9,1,6,-3,386,28
"V",9,1,6,-4,315,7
"V",9,1,6,-5,243,1
"V",9,1,6,-6,160,0
"V",9,1,6,-7,109,0
"V",9,1,6,-8,78,0
"V",9,1,6,-9,54,0
"V",9,1,6,0,744,511
"V",9,1,6,1,714,643
"V",9,1,6,10,56,56
"V",9,1,6,11,27,27
"V",9,1,6,12,26,26
"V",9,1,6,13,10,10
"V",9,1,6,14,9,9
"V",9,1,6,15,6,6
"V",9,1,6,16,1,1
"V",9,1,6,18,1,1
"V",9,1,6,2,594,575
"V",9,1,6,3,552,540
"V",9,1,6,4,404,403
"V",9,1,6,5,304,303
"V",9,1,6,6,258,258
"V",9,1,6,7,155,155
"V",9,1,6,8,86,86
"V",9,1,6,9,69,69
"V",9,1,7,-1,490,237
"V",9,1,7,-10,32,0
"V",9,1,7,-11,20,0
"V",9,1,7,-12,13,0
"V",9,1,7,-13,3,0
"V",9,1,7,-14,1,0
"V",9,1,7,-15,1,0
"V",9,1,7,-17,1,0
"V",9,1,7,-2,434,79
"V",9,1,7,-21,1,0
"V",9,1,7,-26,1,0
"V",9,1,7,-3,260,23
"V",9,1,7,-4,183,6
"V",9,1,7,-5,157,0
"V",9,1,7,-6,135,0
"V",9,1,7,-7,82,0
"V",9,1,7,-8,53,0
"V",9,1,7,-9,34,0
"V",9,1,7,0,523,370
"V",9,1,7,1,543,483
"V",9,1,7,10,34,34
"V",9,1,7,11,18,18
"V",9,1,7,12,18,18
"V",9,1,7,13,8,8
"V",9,1,7,14,5,5
"V",9,1,7,15,4,4
"V",9,1,7,17,2,2
"V",9,1,7,2,498,480
"V",9,1,7,21,1,1
"V",9,1,7,3,426,420
"V",9,1,7,4,310,307
"V",9,1,7,5,242,240
"V",9,1,7,6,169,169
"V",9,1,7,7,123,123
"V",9,1,7,8,76,76
"V",9,1,7,9,44,44
"V",9,1,8,-1,504,235
"V",9,1,8,-10,33,0
"V",9,1,8,-11,19,0
"V",9,1,8,-12,12,0
"V",9,1,8,-13,4,0
"V",9,1,8,-14,5,0
"V",9,1,8,-15,4,0
"V",9,1,8,-16,3,0
"V",9,1,8,-17,1,0
"V",9,1,8,-19,2,0
"V",9,1,8,-2,375,95
"V",9,1,8,-3,294,48
"V",9,1,8,-4,237,24
"V",9,1,8,-5,166,5
"V",9,1,8,-6,120,1
"V",9,1,8,-7,94,0
"V",9,1,8,-8,54,0
"V",9,1,8,-9,46,0
"V",9,1,8,0,694,503
"V",9,1,8,1,656,601
"V",9,1,8,10,35,35
"V",9,1,8,11,17,17
"V",9,1,8,12,14,14
"V",9,1,8,13,10,10
"V",9,1,8,14,5,5
"V",9,1,8,15,5,5
"V",9,1,8,16,2,2
"V",9,1,8,17,1,1
"V",9,1,8,2,518,498
"V",9,1,8,3,410,404
"V",9,1,8,4,316,313
"V",9,1,8,5,229,228
"V",9,1,8,6,161,161
"V",9,1,8,7,107,107
"V",9,1,8,8,70,70
"V",9,1,8,9,36,36
"V",9,2,1,-1,7395,188
"V",9,2,1,-10,491,0
"V",9,2,1,-11,272,0
"V",9,2,1,-12,200,0
"V",9,2,1,-13,124,0
"V",9,2,1,-14,74,0
"V",9,2,1,-15,37,0
"V",9,2,1,-16,21,0
"V",9,2,1,-17,18,0
"V",9,2,1,-18,10,0
"V",9,2,1,-19,5,0
"V",9,2,1,-2,6422,44
"V",9,2,1,-20,1,0
"V",9,2,1,-21,2,0
"V",9,2,1,-3,5279,9
"V",9,2,1,-4,4184,0
"V",9,2,1,-5,3042,0
"V",9,2,1,-6,2116,1
"V",9,2,1,-7,1477,0
"V",9,2,1,-8,1029,0
"V",9,2,1,-9,684,0
"V",9,2,1,0,7277,2691
"V",9,2,1,1,7297,6054
"V",9,2,1,10,357,357
"V",9,2,1,11,237,237
"V",9,2,1,12,150,150
"V",9,2,1,13,94,94
"V",9,2,1,14,82,82
"V",9,2,1,15,27,27
"V",9,2,1,16,22,22
"V",9,2,1,17,14,14
"V",9,2,1,18,5,5
"V",9,2,1,19,4,4
"V",9,2,1,2,6180,5653
"V",9,2,1,20,1,1
"V",9,2,1,21,1,1
"V",9,2,1,22,2,2
"V",9,2,1,23,3,3
"V",9,2,1,3,4876,4729
"V",9,2,1,4,3791,3727
"V",9,2,1,5,2697,2683
"V",9,2,1,6,1897,1893
"V",9,2,1,7,1351,1348
"V",9,2,1,8,877,877
"V",9,2,1,9,576,576
"V",9,2,2,-1,4245,241
"V",9,2,2,-10,300,0
"V",9,2,2,-11,152,0
"V",9,2,2,-12,142,0
"V",9,2,2,-13,65,0
"V",9,2,2,-14,39,0
"V",9,2,2,-15,13,0
"V",9,2,2,-16,20,0
"V",9,2,2,-17,7,0
"V",9,2,2,-18,7,0
"V",9,2,2,-19,2,0
"V",9,2,2,-2,3757,108
"V",9,2,2,-20,3,0
"V",9,2,2,-3,3178,21
"V",9,2,2,-4,2504,2
"V",9,2,2,-5,1776,0
"V",9,2,2,-6,1237,0
"V",9,2,2,-7,886,0
"V",9,2,2,-8,624,0
"V",9,2,2,-9,435,0
"V",9,2,2,0,3857,1561
"V",9,2,2,1,3707,3089
"V",9,2,2,10,265,265
"V",9,2,2,11,185,185
"V",9,2,2,12,112,112
"V",9,2,2,13,78,78
"V",9,2,2,14,60,60
"V",9,2,2,15,25,25
"V",9,2,2,16,14,14
"V",9,2,2,17,11,11
"V",9,2,2,18,2,2
"V",9,2,2,19,5,5
"V",9,2,2,2,3224,2981
"V",9,2,2,20,1,1
"V",9,2,2,22,1,1
"V",9,2,2,23,2,2
"V",9,2,2,3,2722,2618
"V",9,2,2,4,2238,2209
"V",9,2,2,5,1712,1701
"V",9,2,2,6,1247,1246
"V",9,2,2,7,929,928
"V",9,2,2,8,609,609
"V",9,2,2,9,407,407
"V",9,2,3,-1,1746,155
"V",9,2,3,-10,138,0
"V",9,2,3,-11,65,0
"V",9,2,3,-12,36,0
"V",9,2,3,-13,28,0
"V",9,2,3,-14,12,0
"V",9,2,3,-15,8,0
"V",9,2,3,-16,6,0
"V",9,2,3,-17,1,0
"V",9,2,3,-18,3,0
"V",9,2,3,-19,2,0
"V",9,2,3,-2,1390,25
"V",9,2,3,-20,2,0
"V",9,2,3,-21,2,0
"V",9,2,3,-25,1,0
"V",9,2,3,-3,1276,13
"V",9,2,3,-4,997,1
"V",9,2,3,-5,753,1
"V",9,2,3,-6,512,1
"V",9,2,3,-7,368,0
"V",9,2,3,-8,253,0
"V",9,2,3,-9,174,0
"V",9,2,3,0,2291,1053
"V",9,2,3,1,2406,2006
"V",9,2,3,10,125,125
"V",9,2,3,11,82,82
"V",9,2,3,12,64,64
"V",9,2,3,13,34,34
"V",9,2,3,14,30,30
"V",9,2,3,15,18,18
"V",9,2,3,16,13,13
"V",9,2,3,17,5,5
"V",9,2,3,18,4,4
"V",9,2,3,19,3,3
"V",9,2,3,2,2126,1988
"V",9,2,3,20,2,2
"V",9,2,3,3,1864,1794
"V",9,2,3,4,1430,1410
"V",9,2,3,5,1006,995
"V",9,2,3,6,683,683
"V",9,2,3,7,497,497
"V",9,2,3,8,330,330
"V",9,2,3,9,216,216
"V",9,2,4,-1,1635,219
"V",9,2,4,-10,140,0
"V",9,2,4,-11,79,0
"V",9,2,4,-12,49,0
"V",9,2,4,-13,28,0
"V",9,2,4,-14,17,0
"V",9,2,4,-15,8,0
"V",9,2,4,-16,9,0
"V",9,2,4,-17,2,0
"V",9,2,4,-18,1,0
"V",9,2,4,-19,1,0
"V",9,2,4,-2,1539,90
"V",9,2,4,-3,1318,30
"V",9,2,4,-4,1001,8
"V",9,2,4,-5,714,1
"V",9,2,4,-6,541,1
"V",9,2,4,-7,358,0
"V",9,2,4,-8,264,0
"V",9,2,4,-9,205,0
"V",9,2,4,0,2121,1002
"V",9,2,4,1,1995,1672
"V",9,2,4,10,143,143
"V",9,2,4,11,107,107
"V",9,2,4,12,54,54
"V",9,2,4,13,35,35
"V",9,2,4,14,25,25
"V",9,2,4,15,14,14
"V",9,2,4,16,8,8
"V",9,2,4,17,6,6
"V",9,2,4,18,7,7
"V",9,2,4,19,1,1
"V",9,2,4,2,1629,1542
"V",9,2,4,20,1,1
"V",9,2,4,22,2,2
"V",9,2,4,3,1331,1279
"V",9,2,4,4,1163,1151
"V",9,2,4,5,845,837
"V",9,2,4,6,568,568
"V",9,2,4,7,449,449
"V",9,2,4,8,345,345
"V",9,2,4,9,226,226
"V",9,2,5,-1,742,82
"V",9,2,5,-10,54,0
"V",9,2,5,-11,28,0
"V",9,2,5,-12,27,0
"V",9,2,5,-13,13,0
"V",9,2,5,-14,10,0
"V",9,2,5,-15,6,0
"V",9,2,5,-16,5,0
"V",9,2,5,-18,4,0
"V",9,2,5,-19,2,0
"V",9,2,5,-2,512,12
"V",9,2,5,-20,3,0
"V",9,2,5,-3,468,6
"V",9,2,5,-4,396,1
"V",9,2,5,-5,290,0
"V",9,2,5,-6,225,0
"V",9,2,5,-7,153,0
"V",9,2,5,-8,96,0
"V",9,2,5,-9,75,0
"V",9,2,5,0,848,384
"V",9,2,5,1,843,721
"V",9,2,5,10,49,49
"V",9,2,5,11,39,39
"V",9,2,5,12,26,26
"V",9,2,5,13,25,25
"V",9,2,5,14,5,5
"V",9,2,5,15,4,4
"V",9,2,5,16,4,4
"V",9,2,5,17,2,2
"V",9,2,5,18,3,3
"V",9,2,5,19,1,1
"V",9,2,5,2,808,740
"V",9,2,5,3,710,691
"V",9,2,5,4,557,547
"V",9,2,5,5,408,406
"V",9,2,5,6,312,311
"V",9,2,5,7,209,209
"V",9,2,5,8,151,151
"V",9,2,5,9,81,81
"V",9,2,6,-1,873,131
"V",9,2,6,-10,56,0
"V",9,2,6,-11,38,0
"V",9,2,6,-12,22,0
"V",9,2,6,-13,9,0
"V",9,2,6,-14,10,0
"V",9,2,6,-15,3,0
"V",9,2,6,-16,5,0
"V",9,2,6,-17,2,0
"V",9,2,6,-18,2,0
"V",9,2,6,-2,661,43
"V",9,2,6,-20,1,0
"V",9,2,6,-22,1,0
"V",9,2,6,-24,1,0
"V",9,2,6,-3,532,15
"V",9,2,6,-4,391,0
"V",9,2,6,-5,291,1
"V",9,2,6,-6,202,0
"V",9,2,6,-7,155,0
"V",9,2,6,-8,112,0
"V",9,2,6,-9,73,0
"V",9,2,6,0,965,477
"V",9,2,6,1,897,754
"V",9,2,6,10,64,64
"V",9,2,6,11,38,38
"V",9,2,6,12,28,28
"V",9,2,6,13,18,18
"V",9,2,6,14,17,17
"V",9,2,6,15,4,4
"V",9,2,6,16,3,3
"V",9,2,6,17,1,1
"V",9,2,6,18,1,1
"V",9,2,6,19,4,4
"V",9,2,6,2,747,698
"V",9,2,6,20,1,1
"V",9,2,6,3,713,686
"V",9,2,6,4,525,516
"V",9,2,6,5,429,425
"V",9,2,6,6,307,306
"V",9,2,6,7,208,208
"V",9,2,6,8,142,142
"V",9,2,6,9,83,83
"V",9,2,7,-1,434,95
"V",9,2,7,-10,30,0
"V",9,2,7,-11,20,0
"V",9,2,7,-12,15,0
"V",9,2,7,-13,11,0
"V",9,2,7,-14,3,0
"V",9,2,7,-15,1,0
"V",9,2,7,-16,2,0
"V",9,2,7,-17,1,0
"V",9,2,7,-18,1,0
"V",9,2,7,-2,431,43
"V",9,2,7,-3,346,8
"V",9,2,7,-4,253,0
"V",9,2,7,-5,228,0
"V",9,2,7,-6,146,0
"V",9,2,7,-7,100,0
"V",9,2,7,-8,76,0
"V",9,2,7,-9,45,0
"V",9,2,7,0,521,260
"V",9,2,7,1,609,516
"V",9,2,7,10,42,42
"V",9,2,7,11,29,29
"V",9,2,7,12,20,20
"V",9,2,7,13,16,16
"V",9,2,7,14,10,10
"V",9,2,7,15,4,4
"V",9,2,7,16,4,4
"V",9,2,7,17,2,2
"V",9,2,7,18,1,1
"V",9,2,7,2,544,514
"V",9,2,7,21,1,1
"V",9,2,7,3,399,389
"V",9,2,7,4,358,354
"V",9,2,7,5,258,253
"V",9,2,7,6,186,186
"V",9,2,7,7,145,145
"V",9,2,7,8,96,96
"V",9,2,7,9,59,59
"V",9,2,8,-1,536,131
"V",9,2,8,-10,35,0
"V",9,2,8,-11,27,0
"V",9,2,8,-12,11,0
"V",9,2,8,-13,5,0
"V",9,2,8,-14,6,0
"V",9,2,8,-15,7,0
"V",9,2,8,-16,4,0
"V",9,2,8,-18,1,0
"V",9,2,8,-2,424,46
"V",9,2,8,-24,1,0
"V",9,2,8,-3,359,16
"V",9,2,8,-4,264,7
"V",9,2,8,-5,175,1
"V",9,2,8,-6,156,0
"V",9,2,8,-7,88,0
"V",9,2,8,-8,66,0
"V",9,2,8,-9,54,0
"V",9,2,8,0,771,420
"V",9,2,8,1,774,647
"V",9,2,8,10,40,40
"V",9,2,8,11,28,28
"V",9,2,8,12,22,22
"V",9,2,8,13,20,20
"V",9,2,8,14,12,12
"V",9,2,8,15,6,6
"V",9,2,8,16,6,6
"V",9,2,8,17,1,1
"V",9,2,8,18,2,2
"V",9,2,8,2,590,553
"V",9,2,8,20,1,1
"V",9,2,8,3,473,462
"V",9,2,8,4,363,357
"V",9,2,8,5,261,259
"V",9,2,8,6,197,197
"V",9,2,8,7,149,149
"V",9,2,8,8,102,102
"V",9,2,8,9,59,59
"V",10,0,1,0,11952,5671
"V",10,0,1,1,222,180
"V",10,0,1,2,33,31
"V",10,0,1,3,11,11
"V",10,0,1,4,7,6
"V",10,0,1,5,1,1
"V",10,0,1,6,1,1
"V",10,0,2,0,3151,1750
"V",10,0,2,1,95,81
"V",10,0,2,2,20,18
"V",10,0,2,3,7,7
"V",10,0,2,4,4,3
"V",10,0,3,0,603,391
"V",10,0,3,1,69,63
"V",10,0,3,2,14,14
"V",10,0,3,3,10,10
"V",10,0,3,4,4,4
"V",10,0,4,0,444,304
"V",10,0,4,1,49,45
"V",10,0,4,2,12,11
"V",10,0,4,3,9,9
"V",10,0,4,4,5,5
"V",10,0,4,5,2,2
"V",10,0,4,7,1,1
"V",10,0,4,8,1,1
"V",10,0,5,0,120,92
"V",10,0,5,1,27,24
"V",10,0,5,2,8,8
"V",10,0,5,3,3,3
"V",10,0,5,4,1,1
"V",10,0,6,0,206,161
"V",10,0,6,1,33,31
"V",10,0,6,2,15,14
"V",10,0,6,3,5,5
"V",10,0,6,4,3,3
"V",10,0,6,6,1,1
"V",10,0,7,0,71,54
"V",10,0,7,1,26,24
"V",10,0,7,2,18,17
"V",10,0,7,3,2,2
"V",10,0,7,4,1,1
"V",10,0,7,5,2,2
"V",10,0,8,0,117,86
"V",10,0,8,1,34,32
"V",10,0,8,2,12,12
"V",10,0,8,3,5,5
"V",10,0,8,4,3,3
"V",10,0,8,5,1,1
"V",10,1,1,0,8089,3399
"V",10,1,1,1,341,268
"V",10,1,1,2,136,127
"V",10,1,1,3,59,59
"V",10,1,1,4,22,21
"V",10,1,1,5,6,6
"V",10,1,1,6,5,5
"V",10,1,1,8,1,1
"V",10,1,2,0,3150,1482
"V",10,1,2,1,284,231
"V",10,1,2,2,100,93
"V",10,1,2,3,48,48
"V",10,1,2,4,20,20
"V",10,1,2,5,5,5
"V",10,1,2,6,5,5
"V",10,1,3,0,1856,1021
"V",10,1,3,1,264,233
"V",10,1,3,2,76,68
"V",10,1,3,3,35,35
"V",10,1,3,4,17,17
"V",10,1,3,5,3,3
"V",10,1,3,6,1,1
"V",10,1,3,7,1,1
"V",10,1,4,0,1154,659
"V",10,1,4,1,260,232
"V",10,1,4,10,1,1
"V",10,1,4,2,89,82
"V",10,1,4,3,41,39
"V",10,1,4,4,12,12
"V",10,1,4,5,4,4
"V",10,1,4,6,1,1
"V",10,1,4,7,1,1
"V",10,1,4,8,3,3
"V",10,1,4,9,1,1
"V",10,1,5,0,380,249
"V",10,1,5,1,104,96
"V",10,1,5,2,38,34
"V",10,1,5,3,21,20
"V",10,1,5,4,14,13
"V",10,1,5,5,3,3
"V",10,1,5,8,1,1
"V",10,1,6,0,480,329
"V",10,1,6,1,148,127
"V",10,1,6,2,71,67
"V",10,1,6,3,23,23
"V",10,1,6,4,13,13
"V",10,1,6,5,8,8
"V",10,1,6,6,4,4
"V",10,1,6,7,1,1
"V",10,1,7,0,248,164
"V",10,1,7,1,124,114
"V",10,1,7,2,54,51
"V",10,1,7,3,18,18
"V",10,1,7,4,6,6
"V",10,1,7,5,4,4
"V",10,1,7,6,2,2
"V",10,1,7,7,1,1
"V",10,1,8,0,380,258
"V",10,1,8,1,146,129
"V",10,1,8,10,1,1
"V",10,1,8,11,1,1
"V",10,1,8,2,48,46
"V",10,1,8,3,23,22
"V",10,1,8,4,7,7
"V",10,1,8,5,2,2
"V",10,1,8,8,1,1
"V",10,2,1,0,5755,2176
"V",10,2,1,1,436,347
"V",10,2,1,2,201,187
"V",10,2,1,3,95,94
"V",10,2,1,4,43,41
"V",10,2,1,5,15,15
"V",10,2,1,6,13,13
"V",10,2,1,7,3,3
"V",10,2,1,8,2,2
"V",10,2,2,0,2763,1092
"V",10,2,2,1,462,375
"V",10,2,2,2,186,174
"V",10,2,2,3,100,98
"V",10,2,2,4,47,45
"V",10,2,2,5,23,23
"V",10,2,2,6,7,7
"V",10,2,2,7,2,2
"V",10,2,2,8,3,3
"V",10,2,2,9,1,1
"V",10,2,3,0,1507,721
"V",10,2,3,1,418,348
"V",10,2,3,2,176,157
"V",10,2,3,3,82,79
"V",10,2,3,4,46,45
"V",10,2,3,5,15,15
"V",10,2,3,6,7,7
"V",10,2,3,7,3,3
"V",10,2,3,8,1,1
"V",10,2,4,0,1330,611
"V",10,2,4,1,409,337
"V",10,2,4,2,185,169
"V",10,2,4,3,81,77
"V",10,2,4,4,39,38
"V",10,2,4,5,12,12
"V",10,2,4,6,4,4
"V",10,2,4,7,1,1
"V",10,2,4,8,1,1
"V",10,2,4,9,2,2
"V",10,2,5,0,503,224
"V",10,2,5,1,137,116
"V",10,2,5,2,79,72
"V",10,2,5,3,39,36
"V",10,2,5,4,20,20
"V",10,2,5,5,3,3
"V",10,2,5,6,2,2
"V",10,2,5,7,1,1
"V",10,2,5,8,1,1
"V",10,2,6,0,553,247
"V",10,2,6,1,227,196
"V",10,2,6,2,99,86
"V",10,2,6,3,43,42
"V",10,2,6,4,30,30
"V",10,2,6,5,7,7
"V",10,2,6,6,1,1
"V",10,2,6,8,2,2
"V",10,2,7,0,258,121
"V",10,2,7,1,160,135
"V",10,2,7,2,72,66
"V",10,2,7,3,32,30
"V",10,2,7,4,10,10
"V",10,2,7,5,7,7
"V",10,2,7,6,1,1
"V",10,2,7,7,3,3
"V",10,2,8,0,409,199
"V",10,2,8,1,205,172
"V",10,2,8,2,71,65
"V",10,2,8,3,30,27
"V",10,2,8,4,7,6
"V",10,2,8,5,4,4
"V",10,2,8,6,2,2
"V",11,0,1,0,6687,3145
"V",11,0,1,1,119,104
"V",11,0,1,2,25,25
"V",11,0,1,3,8,8
"V",11,0,1,4,3,2
"V",11,0,1,5,1,1
"V",11,0,2,0,1782,989
"V",11,0,2,1,48,44
"V",11,0,2,2,8,8
"V",11,0,2,3,6,6
"V",11,0,3,0,358,250
"V",11,0,3,1,31,28
"V",11,0,3,2,8,6
"V",11,0,3,5,1,1
"V",11,0,4,0,258,174
"V",11,0,4,1,24,21
"V",11,0,4,2,7,6
"V",11,0,4,3,1,1
"V",11,0,5,0,65,48
"V",11,0,5,1,10,10
"V",11,0,5,2,5,5
"V",11,0,5,3,2,2
"V",11,0,5,4,1,1
"V",11,0,6,0,114,89
"V",11,0,6,1,18,17
"V",11,0,6,2,4,4
"V",11,0,6,3,3,3
"V",11,0,7,0,40,34
"V",11,0,7,1,19,18
"V",11,0,7,2,4,4
"V",11,0,7,3,5,4
"V",11,0,7,4,1,1
"V",11,0,8,0,63,50
"V",11,0,8,1,24,23
"V",11,0,8,2,1,1
"V",11,0,8,3,1,1
"V",11,1,1,0,4537,1863
"V",11,1,1,1,170,146
"V",11,1,1,2,65,64
"V",11,1,1,3,28,28
"V",11,1,1,4,14,13
"V",11,1,1,5,4,4
"V",11,1,1,7,1,1
"V",11,1,2,0,1759,835
"V",11,1,2,1,165,142
"V",11,1,2,2,45,43
"V",11,1,2,3,30,30
"V",11,1,2,4,12,12
"V",11,1,2,5,3,3
"V",11,1,2,6,2,2
"V",11,1,2,7,1,1
"V",11,1,3,0,1020,560
"V",11,1,3,1,144,120
"V",11,1,3,2,42,40
"V",11,1,3,3,21,20
"V",11,1,3,4,8,8
"V",11,1,3,5,1,1
"V",11,1,3,7,1,1
"V",11,1,4,0,617,345
"V",11,1,4,1,150,133
"V",11,1,4,2,43,42
"V",11,1,4,3,17,17
"V",11,1,4,4,10,10
"V",11,1,4,5,3,3
"V",11,1,4,6,2,2
"V",11,1,5,0,212,146
"V",11,1,5,1,57,53
"V",11,1,5,2,22,20
"V",11,1,5,3,6,6
"V",11,1,5,4,5,5
"V",11,1,5,5,4,4
"V",11,1,5,6,1,1
"V",11,1,6,0,240,166
"V",11,1,6,1,78,69
"V",11,1,6,2,28,28
"V",11,1,6,3,14,13
"V",11,1,6,4,4,4
"V",11,1,6,5,3,3
"V",11,1,6,6,1,1
"V",11,1,6,7,1,1
"V",11,1,7,0,185,136
"V",11,1,7,1,70,67
"V",11,1,7,2,35,35
"V",11,1,7,3,12,11
"V",11,1,7,4,5,5
"V",11,1,7,5,1,1
"V",11,1,7,7,1,1
"V",11,1,8,0,206,149
"V",11,1,8,1,98,90
"V",11,1,8,2,30,30
"V",11,1,8,3,13,12
"V",11,1,8,4,8,8
"V",11,1,8,5,4,4
"V",11,2,1,0,3279,1198
"V",11,2,1,1,213,178
"V",11,2,1,2,104,102
"V",11,2,1,3,48,45
"V",11,2,1,4,26,25
"V",11,2,1,5,14,13
"V",11,2,1,6,7,7
"V",11,2,1,8,1,1
"V",11,2,2,0,1588,624
"V",11,2,2,1,247,198
"V",11,2,2,2,108,103
"V",11,2,2,3,48,47
"V",11,2,2,4,27,26
"V",11,2,2,5,13,13
"V",11,2,2,6,10,10
"V",11,2,2,7,2,2
"V",11,2,2,8,1,1
"V",11,2,2,9,1,1
"V",11,2,3,0,838,382
"V",11,2,3,1,191,164
"V",11,2,3,2,98,91
"V",11,2,3,3,54,51
"V",11,2,3,4,22,22
"V",11,2,3,5,4,4
"V",11,2,3,6,3,3
"V",11,2,3,7,3,3
"V",11,2,3,8,1,1
"V",11,2,4,0,791,365
"V",11,2,4,1,231,196
"V",11,2,4,2,97,91
"V",11,2,4,3,37,37
"V",11,2,4,4,23,23
"V",11,2,4,5,9,9
"V",11,2,4,6,5,5
"V",11,2,4,7,2,2
"V",11,2,4,8,1,1
"V",11,2,5,0,267,125
"V",11,2,5,1,90,78
"V",11,2,5,2,47,44
"V",11,2,5,3,20,20
"V",11,2,5,4,14,14
"V",11,2,5,5,7,7
"V",11,2,5,6,2,2
"V",11,2,5,7,2,2
"V",11,2,5,8,1,1
"V",11,2,6,0,305,157
"V",11,2,6,1,125,106
"V",11,2,6,2,62,60
"V",11,2,6,3,34,33
"V",11,2,6,4,8,8
"V",11,2,6,5,9,9
"V",11,2,6,6,4,4
"V",11,2,6,7,2,2
"V",11,2,7,0,154,86
"V",11,2,7,1,79,65
"V",11,2,7,2,43,40
"V",11,2,7,3,14,13
"V",11,2,7,4,6,6
"V",11,2,7,5,4,4
"V",11,2,7,6,1,1
"V",11,2,7,7,2,2
"V",11,2,8,0,252,127
"V",11,2,8,1,100,81
"V",11,2,8,2,52,49
"V",11,2,8,3,10,9
"V",11,2,8,4,10,10
"V",11,2,8,5,4,4
"V",11,2,8,7,1,1
"V",12,0,1,0,3726,1752
"V",12,0,1,1,61,54
"V",12,0,1,2,10,8
"V",12,0,1,3,2,2
"V",12,0,1,4,1,1
"V",12,0,2,0,1033,561
"V",12,0,2,1,26,23
"V",12,0,2,2,6,6
"V",12,0,2,6,1,1
"V",12,0,2,7,1,1
"V",12,0,3,0,237,160
"V",12,0,3,1,18,16
"V",12,0,3,2,6,6
"V",12,0,3,3,1,1
"V",12,0,4,0,152,98
"V",12,0,4,1,19,18
"V",12,0,4,2,8,8
"V",12,0,4,3,1,1
"V",12,0,4,6,1,1
"V",12,0,4,7,1,1
"V",12,0,5,0,38,29
"V",12,0,5,1,13,12
"V",12,0,5,2,2,2
"V",12,0,5,3,1,1
"V",12,0,5,4,2,2
"V",12,0,5,5,1,1
"V",12,0,6,0,62,49
"V",12,0,6,1,11,10
"V",12,0,6,2,3,3
"V",12,0,6,3,2,2
"V",12,0,7,0,27,20
"V",12,0,7,1,8,8
"V",12,0,7,2,2,2
"V",12,0,7,5,1,1
"V",12,0,8,0,39,27
"V",12,0,8,1,10,10
"V",12,0,8,2,6,6
"V",12,0,8,3,1,1
"V",12,1,1,0,2453,1008
"V",12,1,1,1,98,85
"V",12,1,1,2,34,26
"V",12,1,1,3,11,11
"V",12,1,1,4,5,5
"V",12,1,1,5,3,3
"V",12,1,2,0,986,441
"V",12,1,2,1,87,73
"V",12,1,2,2,30,29
"V",12,1,2,3,5,5
"V",12,1,2,4,5,5
"V",12,1,2,5,2,2
"V",12,1,2,7,1,1
"V",12,1,2,8,1,1
"V",12,1,3,0,611,337
"V",12,1,3,1,75,64
"V",12,1,3,2,26,22
"V",12,1,3,3,5,4
"V",12,1,3,4,3,3
"V",12,1,3,5,3,3
"V",12,1,3,7,1,1
"V",12,1,3,9,1,1
"V",12,1,4,0,372,209
"V",12,1,4,1,85,73
"V",12,1,4,2,30,26
"V",12,1,4,3,9,9
"V",12,1,4,4,5,5
"V",12,1,4,5,1,1
"V",12,1,4,6,1,1
"V",12,1,5,0,127,88
"V",12,1,5,1,39,35
"V",12,1,5,2,13,12
"V",12,1,5,3,7,7
"V",12,1,5,4,3,3
"V",12,1,5,5,1,1
"V",12,1,5,6,1,1
"V",12,1,6,0,156,102
"V",12,1,6,1,44,38
"V",12,1,6,2,20,19
"V",12,1,6,3,10,9
"V",12,1,6,4,1,1
"V",12,1,6,5,1,1
"V",12,1,7,0,111,76
"V",12,1,7,1,29,27
"V",12,1,7,2,23,23
"V",12,1,7,3,5,5
"V",12,1,7,4,1,1
"V",12,1,7,5,2,2
"V",12,1,7,6,1,1
"V",12,1,8,0,125,86
"V",12,1,8,1,50,46
"V",12,1,8,2,29,27
"V",12,1,8,3,5,5
"V",12,1,8,4,1,1
"V",12,2,1,0,1764,660
"V",12,2,1,1,118,107
"V",12,2,1,2,55,48
"V",12,2,1,3,29,28
"V",12,2,1,4,7,7
"V",12,2,1,5,4,4
"V",12,2,1,6,4,3
"V",12,2,1,8,3,3
"V",12,2,2,0,838,333
"V",12,2,2,1,142,116
"V",12,2,2,10,1,1
"V",12,2,2,2,58,54
"V",12,2,2,3,20,19
"V",12,2,2,4,11,10
"V",12,2,2,5,4,4
"V",12,2,2,6,5,4
"V",12,2,2,7,2,2
"V",12,2,2,8,1,1
"V",12,2,2,9,1,1
"V",12,2,3,0,465,201
"V",12,2,3,1,124,100
"V",12,2,3,11,1,1
"V",12,2,3,2,54,49
"V",12,2,3,3,25,25
"V",12,2,3,4,10,10
"V",12,2,3,5,4,4
"V",12,2,3,6,3,2
"V",12,2,3,7,3,2
"V",12,2,3,9,1,1
"V",12,2,4,0,446,207
"V",12,2,4,1,134,109
"V",12,2,4,2,59,52
"V",12,2,4,3,24,24
"V",12,2,4,4,13,13
"V",12,2,4,5,4,4
"V",12,2,5,0,165,84
"V",12,2,5,1,46,37
"V",12,2,5,2,26,24
"V",12,2,5,3,15,14
"V",12,2,5,4,7,6
"V",12,2,5,5,1,1
"V",12,2,5,6,1,1
"V",12,2,5,7,1,0
"V",12,2,6,0,173,73
"V",12,2,6,1,78,64
"V",12,2,6,2,27,27
"V",12,2,6,3,14,14
"V",12,2,6,4,5,5
"V",12,2,6,5,3,3
"V",12,2,6,6,3,3
"V",12,2,7,0,84,41
"V",12,2,7,1,43,37
"V",12,2,7,2,23,22
"V",12,2,7,3,12,11
"V",12,2,7,4,2,2
"V",12,2,7,5,1,1
"V",12,2,7,6,1,1
"V",12,2,7,7,1,1
"V",12,2,8,0,131,59
"V",12,2,8,1,68,55
"V",12,2,8,2,27,23
"V",12,2,8,3,13,13
"V",12,2,8,4,7,7
"V",12,2,8,5,2,2
"V",12,2,8,6,1,1
"V",13,0,1,0,2089,992
"V",13,0,1,1,37,28
"V",13,0,1,2,9,9
"V",13,0,1,4,2,2
"V",13,0,1,6,1,1
"V",13,0,2,0,579,337
"V",13,0,2,1,13,9
"V",13,0,2,2,3,3
"V",13,0,2,3,1,1
"V",13,0,2,4,2,2
"V",13,0,3,0,103,72
"V",13,0,3,1,9,9
"V",13,0,3,2,3,3
"V",13,0,3,3,1,1
"V",13,0,4,0,76,47
"V",13,0,4,1,11,10
"V",13,0,4,2,4,4
"V",13,0,4,3,2,2
"V",13,0,4,4,2,2
"V",13,0,5,0,17,11
"V",13,0,5,1,7,6
"V",13,0,5,2,3,3
"V",13,0,5,3,1,1
"V",13,0,6,0,36,31
"V",13,0,6,1,7,6
"V",13,0,6,2,4,4
"V",13,0,7,0,19,15
"V",13,0,7,1,7,7
"V",13,0,7,2,1,1
"V",13,0,7,4,2,2
"V",13,0,8,0,19,17
"V",13,0,8,1,10,10
"V",13,0,8,2,2,2
"V",13,1,1,0,1396,568
"V",13,1,1,1,60,47
"V",13,1,1,2,25,22
"V",13,1,1,3,9,9
"V",13,1,1,4,4,4
"V",13,1,1,5,3,3
"V",13,1,1,6,2,2
"V",13,1,2,0,544,262
"V",13,1,2,1,51,40
"V",13,1,2,2,13,13
"V",13,1,2,3,5,4
"V",13,1,2,4,1,1
"V",13,1,2,5,3,3
"V",13,1,2,6,1,1
"V",13,1,3,0,350,201
"V",13,1,3,1,38,28
"V",13,1,3,2,12,12
"V",13,1,3,3,9,9
"V",13,1,3,4,1,1
"V",13,1,3,5,1,1
"V",13,1,4,0,221,127
"V",13,1,4,1,44,38
"V",13,1,4,2,14,13
"V",13,1,4,3,4,4
"V",13,1,4,4,2,2
"V",13,1,4,5,2,2
"V",13,1,5,0,62,39
"V",13,1,5,1,15,13
"V",13,1,5,2,5,5
"V",13,1,5,3,7,7
"V",13,1,5,4,1,1
"V",13,1,5,5,2,2
"V",13,1,6,0,88,64
"V",13,1,6,1,24,22
"V",13,1,6,2,14,14
"V",13,1,6,3,7,7
"V",13,1,6,5,3,3
"V",13,1,7,0,47,32
"V",13,1,7,1,33,28
"V",13,1,7,2,6,5
"V",13,1,7,3,4,4
"V",13,1,7,4,6,6
"V",13,1,8,0,60,46
"V",13,1,8,1,28,23
"V",13,1,8,2,14,12
"V",13,1,8,3,1,1
"V",13,1,8,4,1,1
"V",13,2,1,0,1004,368
"V",13,2,1,1,85,70
"V",13,2,1,2,42,37
"V",13,2,1,3,12,12
"V",13,2,1,4,12,12
"V",13,2,1,5,9,9
"V",13,2,1,6,2,2
"V",13,2,1,8,1,1
"V",13,2,2,0,485,199
"V",13,2,2,1,98,81
"V",13,2,2,10,1,1
"V",13,2,2,2,30,26
"V",13,2,2,3,20,20
"V",13,2,2,4,5,5
"V",13,2,2,5,3,3
"V",13,2,2,6,6,6
"V",13,2,2,8,1,1
"V",13,2,2,9,2,2
"V",13,2,3,0,231,110
"V",13,2,3,1,60,47
"V",13,2,3,2,33,29
"V",13,2,3,3,16,16
"V",13,2,3,4,6,6
"V",13,2,3,5,3,3
"V",13,2,3,6,1,1
"V",13,2,3,8,3,3
"V",13,2,3,9,1,1
"V",13,2,4,0,241,122
"V",13,2,4,1,74,66
"V",13,2,4,2,29,27
"V",13,2,4,3,14,14
"V",13,2,4,4,4,4
"V",13,2,4,5,4,4
"V",13,2,4,6,4,4
"V",13,2,4,8,1,1
"V",13,2,4,9,1,1
"V",13,2,5,0,95,45
"V",13,2,5,1,19,11
"V",13,2,5,2,19,19
"V",13,2,5,3,7,7
"V",13,2,5,4,5,5
"V",13,2,5,5,5,5
"V",13,2,6,0,100,49
"V",13,2,6,1,39,31
"V",13,2,6,10,1,1
"V",13,2,6,2,22,21
"V",13,2,6,3,5,5
"V",13,2,6,4,3,3
"V",13,2,6,5,3,3
"V",13,2,6,6,2,2
"V",13,2,6,7,1,1
"V",13,2,7,0,67,26
"V",13,2,7,1,43,35
"V",13,2,7,2,11,10
"V",13,2,7,3,9,8
"V",13,2,7,4,5,5
"V",13,2,7,5,1,1
"V",13,2,7,7,1,1
"V",13,2,8,0,86,49
"V",13,2,8,1,44,39
"V",13,2,8,2,19,17
"V",13,2,8,3,5,5
"V",13,2,8,5,1,1
"V",14,0,1,0,1155,530
"V",14,0,1,1,24,22
"V",14,0,1,2,4,4
"V",14,0,1,5,1,1
"V",14,0,2,0,288,153
"V",14,0,2,1,6,5
"V",14,0,2,2,4,4
"V",14,0,2,4,1,1
"V",14,0,2,5,1,1
"V",14,0,3,0,56,30
"V",14,0,3,1,6,5
"V",14,0,3,2,1,1
"V",14,0,3,3,1,1
"V",14,0,3,6,2,2
"V",14,0,4,0,46,35
"V",14,0,4,1,6,4
"V",14,0,4,2,4,3
"V",14,0,4,3,1,1
"V",14,0,4,4,1,1
"V",14,0,5,0,10,6
"V",14,0,5,1,1,1
"V",14,0,5,3,2,2
"V",14,0,6,0,19,14
"V",14,0,6,1,2,2
"V",14,0,6,2,2,2
"V",14,0,6,3,2,2
"V",14,0,7,0,9,3
"V",14,0,7,1,5,5
"V",14,0,7,3,1,1
"V",14,0,7,4,2,2
"V",14,0,8,0,13,12
"V",14,0,8,1,3,3
"V",14,0,8,2,3,3
"V",14,0,8,3,1,1
"V",14,1,1,0,804,330
"V",14,1,1,1,29,27
"V",14,1,1,2,7,7
"V",14,1,1,3,5,5
"V",14,1,1,4,1,1
"V",14,1,1,7,2,2
"V",14,1,2,0,295,152
"V",14,1,2,1,20,16
"V",14,1,2,2,2,2
"V",14,1,2,3,7,7
"V",14,1,2,4,1,1
"V",14,1,2,5,1,1
"V",14,1,3,0,177,88
"V",14,1,3,1,22,20
"V",14,1,3,2,10,10
"V",14,1,3,3,1,1
"V",14,1,3,4,1,1
"V",14,1,3,5,2,2
"V",14,1,3,6,2,2
"V",14,1,4,0,116,73
"V",14,1,4,1,22,17
"V",14,1,4,2,7,6
"V",14,1,4,3,3,3
"V",14,1,4,8,1,1
"V",14,1,5,0,39,21
"V",14,1,5,1,7,5
"V",14,1,5,2,4,4
"V",14,1,5,3,2,2
"V",14,1,5,5,1,1
"V",14,1,5,6,1,1
"V",14,1,6,0,58,35
"V",14,1,6,1,16,12
"V",14,1,6,2,2,2
"V",14,1,6,3,1,1
"V",14,1,6,4,1,1
"V",14,1,6,5,1,1
"V",14,1,6,6,1,1
"V",14,1,6,7,1,1
"V",14,1,7,0,24,15
"V",14,1,7,1,15,13
"V",14,1,7,2,6,6
"V",14,1,7,3,2,2
"V",14,1,7,4,1,1
"V",14,1,8,0,42,28
"V",14,1,8,1,16,15
"V",14,1,8,2,6,6
"V",14,1,8,3,2,2
"V",14,2,1,0,571,196
"V",14,2,1,1,37,34
"V",14,2,1,2,16,15
"V",14,2,1,3,10,8
"V",14,2,1,4,4,4
"V",14,2,1,5,1,1
"V",14,2,1,7,3,3
"V",14,2,2,0,274,126
"V",14,2,2,1,31,25
"V",14,2,2,2,14,13
"V",14,2,2,3,10,10
"V",14,2,2,4,5,5
"V",14,2,2,5,2,2
"V",14,2,3,0,145,57
"V",14,2,3,1,42,37
"V",14,2,3,2,18,18
"V",14,2,3,3,8,8
"V",14,2,3,4,3,3
"V",14,2,3,5,2,2
"V",14,2,3,6,2,2
"V",14,2,4,0,122,54
"V",14,2,4,1,36,30
"V",14,2,4,2,13,13
"V",14,2,4,3,3,3
"V",14,2,4,4,4,4
"V",14,2,4,5,2,2
"V",14,2,4,6,2,2
"V",14,2,5,0,46,17
"V",14,2,5,1,12,10
"V",14,2,5,2,8,7
"V",14,2,5,3,3,3
"V",14,2,5,4,1,1
"V",14,2,5,5,1,1
"V",14,2,5,7,1,1
"V",14,2,6,0,70,40
"V",14,2,6,1,19,16
"V",14,2,6,2,6,5
"V",14,2,6,3,3,3
"V",14,2,6,4,2,2
"V",14,2,6,5,1,1
"V",14,2,7,0,34,15
"V",14,2,7,1,20,16
"V",14,2,7,2,10,8
"V",14,2,7,3,4,4
"V",14,2,7,4,1,1
"V",14,2,8,0,40,20
"V",14,2,8,1,25,21
"V",14,2,8,2,9,7
"V",14,2,8,3,2,2
"V",14,2,8,5,1,1
"V",14,2,8,6,1,1
"V",15,0,1,0,631,295
"V",15,0,1,1,9,8
"V",15,0,1,2,2,2
"V",15,0,2,0,162,96
"V",15,0,2,1,3,3
"V",15,0,2,2,1,1
"V",15,0,3,0,39,29
"V",15,0,3,1,5,5
"V",15,0,3,2,1,1
"V",15,0,4,0,27,19
"V",15,0,4,1,4,4
"V",15,0,4,2,1,1
"V",15,0,5,0,7,5
"V",15,0,5,1,3,3
"V",15,0,6,0,14,9
"V",15,0,6,1,1,1
"V",15,0,7,0,2,1
"V",15,0,8,0,7,5
"V",15,0,8,1,1,1
"V",15,1,1,0,428,168
"V",15,1,1,1,13,10
"V",15,1,1,2,11,10
"V",15,1,1,3,2,2
"V",15,1,1,4,2,2
"V",15,1,2,0,159,75
"V",15,1,2,1,13,11
"V",15,1,2,2,5,5
"V",15,1,2,3,1,1
"V",15,1,3,0,84,53
"V",15,1,3,1,10,10
"V",15,1,3,10,1,1
"V",15,1,3,2,5,5
"V",15,1,3,3,1,1
"V",15,1,3,4,1,1
"V",15,1,3,7,1,1
"V",15,1,4,0,56,34
"V",15,1,4,1,17,15
"V",15,1,4,2,9,9
"V",15,1,4,4,1,1
"V",15,1,4,8,1,1
"V",15,1,5,0,20,14
"V",15,1,5,1,10,10
"V",15,1,5,2,1,1
"V",15,1,5,3,1,1
"V",15,1,5,5,1,1
"V",15,1,6,0,26,16
"V",15,1,6,1,11,10
"V",15,1,6,2,5,5
"V",15,1,6,3,2,2
"V",15,1,6,6,2,2
"V",15,1,6,7,1,1
"V",15,1,7,0,19,12
"V",15,1,7,1,4,4
"V",15,1,7,2,5,5
"V",15,1,7,3,2,2
"V",15,1,7,4,1,1
"V",15,1,8,0,24,17
"V",15,1,8,1,5,5
"V",15,1,8,2,2,2
"V",15,1,8,3,1,1
"V",15,1,8,4,2,2
"V",15,2,1,0,323,113
"V",15,2,1,1,16,14
"V",15,2,1,2,10,9
"V",15,2,1,3,4,4
"V",15,2,1,4,3,3
"V",15,2,1,6,1,1
"V",15,2,2,0,154,63
"V",15,2,2,1,20,16
"V",15,2,2,12,1,1
"V",15,2,2,2,14,13
"V",15,2,2,3,5,3
"V",15,2,2,4,5,5
"V",15,2,2,5,1,1
"V",15,2,3,0,72,31
"V",15,2,3,1,22,20
"V",15,2,3,10,1,1
"V",15,2,3,11,1,1
"V",15,2,3,2,10,7
"V",15,2,3,3,5,3
"V",15,2,3,4,1,1
"V",15,2,3,7,1,1
"V",15,2,4,0,69,21
"V",15,2,4,1,25,24
"V",15,2,4,2,3,3
"V",15,2,4,3,5,3
"V",15,2,4,4,1,1
"V",15,2,5,0,22,11
"V",15,2,5,1,7,7
"V",15,2,5,2,5,5
"V",15,2,5,3,5,5
"V",15,2,5,4,3,3
"V",15,2,5,5,2,2
"V",15,2,6,0,28,13
"V",15,2,6,1,12,7
"V",15,2,6,2,11,10
"V",15,2,6,3,4,3
"V",15,2,6,4,1,1
"V",15,2,6,5,1,1
"V",15,2,7,0,19,13
"V",15,2,7,1,11,7
"V",15,2,7,2,7,7
"V",15,2,7,3,1,1
"V",15,2,8,0,20,13
"V",15,2,8,1,16,13
"V",15,2,8,2,5,5
"V",15,2,8,3,1,1
"V",16,0,1,0,357,162
"V",16,0,1,1,4,4
"V",16,0,1,3,1,1
"V",16,0,1,7,1,1
"V",16,0,2,0,83,45
"V",16,0,2,1,1,0
"V",16,0,2,2,1,1
"V",16,0,2,7,1,1
"V",16,0,3,0,19,11
"V",16,0,3,1,2,2
"V",16,0,3,2,2,2
"V",16,0,3,6,1,1
"V",16,0,4,0,19,12
"V",16,0,4,1,1,0
"V",16,0,4,2,1,1
"V",16,0,4,3,1,1
"V",16,0,5,0,5,5
"V",16,0,5,1,2,2
"V",16,0,6,0,5,4
"V",16,0,6,1,1,1
"V",16,0,6,2,1,1
"V",16,0,7,0,3,2
"V",16,0,8,0,4,4
"V",16,0,8,1,2,2
"V",16,0,8,2,1,1
"V",16,0,8,3,2,2
"V",16,0,8,4,1,1
"V",16,1,1,0,254,102
"V",16,1,1,1,11,10
"V",16,1,1,2,1,1
"V",16,1,1,3,2,2
"V",16,1,1,8,1,1
"V",16,1,2,0,85,36
"V",16,1,2,1,10,7
"V",16,1,2,3,1,1
"V",16,1,3,0,52,26
"V",16,1,3,1,5,1
"V",16,1,3,2,1,1
"V",16,1,3,3,1,1
"V",16,1,3,4,1,1
"V",16,1,4,0,31,19
"V",16,1,4,1,9,8
"V",16,1,4,2,5,5
"V",16,1,4,3,1,1
"V",16,1,4,4,1,1
"V",16,1,5,0,10,7
"V",16,1,5,1,2,2
"V",16,1,5,2,3,3
"V",16,1,5,3,1,1
"V",16,1,5,4,1,1
"V",16,1,5,5,1,1
"V",16,1,6,0,20,10
"V",16,1,6,1,4,3
"V",16,1,6,2,1,1
"V",16,1,6,3,1,1
"V",16,1,6,5,1,1
"V",16,1,7,0,12,8
"V",16,1,7,1,1,1
"V",16,1,7,2,1,1
"V",16,1,8,0,13,11
"V",16,1,8,1,5,5
"V",16,1,8,2,1,1
"V",16,2,1,0,181,67
"V",16,2,1,1,8,8
"V",16,2,1,2,3,3
"V",16,2,1,3,2,2
"V",16,2,1,8,1,1
"V",16,2,2,0,95,37
"V",16,2,2,1,16,12
"V",16,2,2,2,1,1
"V",16,2,2,3,4,4
"V",16,2,2,4,1,1
"V",16,2,3,0,46,23
"V",16,2,3,1,14,8
"V",16,2,3,2,4,4
"V",16,2,3,3,2,2
"V",16,2,3,4,1,1
"V",16,2,3,5,1,1
"V",16,2,4,0,39,18
"V",16,2,4,1,15,13
"V",16,2,4,2,10,10
"V",16,2,4,3,2,2
"V",16,2,4,4,2,2
"V",16,2,5,0,11,6
"V",16,2,5,1,3,2
"V",16,2,5,2,2,2
"V",16,2,5,3,2,2
"V",16,2,5,4,1,1
"V",16,2,5,5,1,1
"V",16,2,6,0,15,7
"V",16,2,6,1,7,6
"V",16,2,6,2,4,4
"V",16,2,6,3,2,2
"V",16,2,6,5,1,1
"V",16,2,7,0,6,2
"V",16,2,7,1,4,4
"V",16,2,7,2,1,1
"V",16,2,7,4,1,1
"V",16,2,8,0,17,10
"V",16,2,8,1,3,3
"V",17,0,1,0,190,91
"V",17,0,1,1,4,4
"V",17,0,2,0,45,25
"V",17,0,2,1,2,2
"V",17,0,2,5,1,1
"V",17,0,3,0,9,7
"V",17,0,4,0,4,3
"V",17,0,4,1,1,1
"V",17,0,4,2,2,2
"V",17,0,4,3,1,1
"V",17,0,6,0,2,2
"V",17,0,6,1,3,3
"V",17,0,7,0,2,1
"V",17,0,8,0,1,0
"V",17,0,8,1,1,1
"V",17,0,8,2,2,2
"V",17,1,1,0,132,55
"V",17,1,1,1,3,3
"V",17,1,1,4,1,1
"V",17,1,2,0,59,27
"V",17,1,2,2,1,1
"V",17,1,2,5,1,1
"V",17,1,3,0,31,21
"V",17,1,3,1,1,1
"V",17,1,3,2,1,1
"V",17,1,4,0,19,14
"V",17,1,4,1,3,3
"V",17,1,4,2,1,1
"V",17,1,5,0,5,3
"V",17,1,5,1,2,2
"V",17,1,5,2,1,1
"V",17,1,5,5,1,1
"V",17,1,5,6,1,1
"V",17,1,5,7,1,1
"V",17,1,6,0,11,8
"V",17,1,6,1,5,4
"V",17,1,6,2,1,1
"V",17,1,6,3,1,1
"V",17,1,7,0,2,1
"V",17,1,8,0,5,3
"V",17,1,8,1,3,3
"V",17,1,8,2,1,1
"V",17,2,1,0,93,36
"V",17,2,1,1,6,6
"V",17,2,1,2,1,1
"V",17,2,1,4,1,1
"V",17,2,1,6,1,1
"V",17,2,2,0,42,15
"V",17,2,2,1,11,9
"V",17,2,2,2,3,3
"V",17,2,2,3,2,2
"V",17,2,2,5,2,2
"V",17,2,3,0,24,12
"V",17,2,3,1,3,2
"V",17,2,3,2,4,4
"V",17,2,3,3,1,1
"V",17,2,3,4,3,3
"V",17,2,3,5,2,2
"V",17,2,3,6,1,1
"V",17,2,4,0,25,15
"V",17,2,4,1,10,8
"V",17,2,4,2,2,2
"V",17,2,4,3,1,1
"V",17,2,5,0,7,3
"V",17,2,5,1,1,1
"V",17,2,5,2,2,1
"V",17,2,5,7,1,1
"V",17,2,6,0,7,5
"V",17,2,6,1,1,0
"V",17,2,6,2,5,4
"V",17,2,7,0,4,3
"V",17,2,7,1,2,1
"V",17,2,7,2,2,2
"V",17,2,8,0,6,4
"V",17,2,8,1,3,3
"V",17,2,8,2,1,1
"V",17,2,8,3,1,1
"V",18,0,1,0,105,55
"V",18,0,1,1,2,2
"V",18,0,1,2,1,1
"V",18,0,2,0,28,16
"V",18,0,3,0,7,3
"V",18,0,4,0,3,3
"V",18,0,6,0,1,1
"V",18,0,6,1,1,1
"V",18,0,7,0,1,1
"V",18,0,8,1,1,1
"V",18,1,1,0,75,37
"V",18,1,1,1,3,3
"V",18,1,1,2,2,2
"V",18,1,2,0,29,13
"V",18,1,2,1,2,2
"V",18,1,2,2,1,1
"V",18,1,2,5,1,1
"V",18,1,3,0,14,7
"V",18,1,3,1,2,1
"V",18,1,3,3,1,1
"V",18,1,4,0,9,5
"V",18,1,4,1,4,4
"V",18,1,4,2,1,1
"V",18,1,4,3,1,1
"V",18,1,5,0,4,1
"V",18,1,5,1,2,2
"V",18,1,6,0,6,4
"V",18,1,6,1,3,3
"V",18,1,6,2,2,1
"V",18,1,6,5,1,1
"V",18,1,7,0,2,2
"V",18,1,7,1,2,2
"V",18,1,7,2,2,2
"V",18,1,7,3,1,1
"V",18,1,8,0,5,4
"V",18,1,8,1,1,1
"V",18,1,8,2,2,2
"V",18,1,8,3,1,1
"V",18,2,1,0,53,26
"V",18,2,1,1,3,3
"V",18,2,1,2,1,1
"V",18,2,2,0,29,14
"V",18,2,2,1,2,2
"V",18,2,2,2,1,1
"V",18,2,3,0,12,4
"V",18,2,3,1,2,1
"V",18,2,3,2,3,3
"V",18,2,4,0,10,5
"V",18,2,4,1,2,2
"V",18,2,4,2,3,3
"V",18,2,4,4,1,1
"V",18,2,5,0,5,2
"V",18,2,6,0,4,3
"V",18,2,6,1,3,3
"V",18,2,6,2,1,1
"V",18,2,6,5,1,1
"V",18,2,7,0,2,1
"V",18,2,7,1,1,1
"V",18,2,7,5,1,1
"V",18,2,8,0,1,1
"V",18,2,8,1,1,1
"V",18,2,8,2,1,1
"V",19,0,1,0,61,34
"V",19,0,1,1,1,1
"V",19,0,2,0,21,12
"V",19,0,2,2,1,1
"V",19,0,3,0,3,0
"V",19,0,4,0,3,3
"V",19,0,5,1,1,1
"V",19,0,8,0,1,1
"V",19,0,8,1,1,1
"V",19,1,1,0,37,21
"V",19,1,1,1,2,2
"V",19,1,1,2,1,1
"V",19,1,2,0,13,7
"V",19,1,3,0,15,8
"V",19,1,3,2,1,1
"V",19,1,3,4,1,1
"V",19,1,4,0,10,5
"V",19,1,4,1,1,0
"V",19,1,4,2,1,1
"V",19,1,5,0,1,1
"V",19,1,6,0,1,1
"V",19,1,7,1,2,2
"V",19,1,8,1,4,3
"V",19,1,8,2,1,0
"V",19,2,1,0,28,13
"V",19,2,1,1,2,2
"V",19,2,1,2,1,1
"V",19,2,2,0,14,5
"V",19,2,2,1,1,0
"V",19,2,2,3,1,1
"V",19,2,2,5,1,1
"V",19,2,3,0,10,6
"V",19,2,3,1,3,3
"V",19,2,3,2,1,1
"V",19,2,3,4,2,2
"V",19,2,4,0,10,4
"V",19,2,4,1,2,1
"V",19,2,4,2,1,1
"V",19,2,5,0,3,3
"V",19,2,5,2,1,1
"V",19,2,5,4,1,1
"V",19,2,6,0,4,3
"V",19,2,6,1,1,1
"V",19,2,6,3,1,1
"V",19,2,7,0,2,1
"V",19,2,7,2,2,2
"V",19,2,8,0,1,1
"V",19,2,8,1,2,2
"V",19,2,8,2,1,0
"V",20,0,1,0,35,21
"V",20,0,1,1,1,1
"V",20,0,2,0,11,9
"V",20,0,3,1,1,1
"V",20,0,4,0,4,4
"V",20,0,4,2,1,1
"V",20,0,6,1,1,1
"V",20,0,8,0,1,1
"V",20,0,8,1,1,1
"V",20,0,8,2,1,1
"V",20,1,1,0,26,13
"V",20,1,1,2,1,1
"V",20,1,2,0,10,5
"V",20,1,2,2,1,1
"V",20,1,3,0,2,2
"V",20,1,3,2,1,1
"V",20,1,4,0,1,1
"V",20,1,5,1,1,1
"V",20,1,6,0,2,0
"V",20,1,7,1,1,0
"V",20,1,7,2,1,1
"V",20,1,8,2,2,2
"V",20,1,8,3,1,1
"V",20,2,1,0,19,10
"V",20,2,1,2,1,1
"V",20,2,2,0,8,5
"V",20,2,2,2,1,1
"V",20,2,2,3,1,1
"V",20,2,3,0,5,4
"V",20,2,3,1,1,0
"V",20,2,3,2,1,1
"V",20,2,4,4,1,1
"V",20,2,5,1,1,1
"V",20,2,5,2,1,1
"V",20,2,6,0,4,3
"V",20,2,6,1,1,1
"V",20,2,7,0,1,0
"V",20,2,8,0,1,0
"V",20,2,8,2,1,1
"V",21,0,1,0,22,14
"V",21,0,2,0,8,6
"V",21,0,4,0,2,0
"V",21,0,7,0,2,1
"V",21,1,1,0,14,8
"V",21,1,1,3,1,1
"V",21,1,2,0,4,3
"V",21,1,3,0,5,5
"V",21,1,4,0,2,1
"V",21,1,5,0,1,1
"V",21,1,6,0,2,1
"V",21,1,7,0,3,2
"V",21,1,8,0,1,1
"V",21,1,8,1,1,1
"V",21,2,1,0,10,5
"V",21,2,1,1,1,1
"V",21,2,1,2,1,1
"V",21,2,1,3,2,1
"V",21,2,2,0,6,4
"V",21,2,2,3,1,1
"V",21,2,3,0,3,3
"V",21,2,3,1,2,2
"V",21,2,4,0,6,2
"V",21,2,4,1,2,2
"V",21,2,5,0,1,1
"V",21,2,6,0,1,1
"V",21,2,6,1,1,0
"V",21,2,7,0,2,1
"V",21,2,7,2,2,2
"V",21,2,8,0,1,1
"V",21,2,8,1,2,2
"V",22,0,1,0,12,6
"V",22,0,1,1,1,1
"V",22,0,2,0,3,3
"V",22,1,1,0,8,2
"V",22,1,1,1,1,1
"V",22,1,1,2,1,1
"V",22,1,2,0,3,2
"V",22,1,2,1,1,1
"V",22,1,3,0,2,2
"V",22,2,1,0,6,1
"V",22,2,1,1,1,1
"V",22,2,1,2,1,1
"V",22,2,2,0,3,1
"V",22,2,2,1,1,1
"V",22,2,3,0,2,1
"V",22,2,4,0,2,2
"V",22,2,6,1,1,1
"V",23,0,1,0,4,2
"V",23,1,1,0,4,2
"V",23,2,1,0,4,2
"V",23,2,2,0,2,1
"V",23,2,4,0,1,0
"V",23,2,5,0,1,1
"V",23,2,6,0,1,1
"V",23,2,6,2,1,1
"V",23,2,7,1,1,1
"V",24,0,1,0,3,1
"V",24,0,2,0,1,1
"V",24,1,1,0,2,0
"V",24,1,2,0,2,1
"V",24,2,1,0,1,0
"V",24,2,2,0,1,0
"V",24,2,3,0,1,1
"V",24,2,4,0,1,1
"V",24,2,8,0,1,1
"V",25,0,1,0,2,1
"V",25,0,1,1,1,1
"V",25,0,2,0,2,1
"V",25,1,1,1,1,1
"V",25,2,1,0,1,0
"V",25,2,1,1,1,1
