(1, 0, 0, (0, 0, 0), 0): (511, 1143)
(1, 0, 0, (0, 0, 0), 1): (4, 6)
(1, 0, 0, (0, 0, 0), 2): (2, 2)
(1, 0, 0, (0, 0, 0), 3): (3, 4)
(1, 0, 0, (0, 0, 1), 0): (4, 15)
(1, 0, 0, (0, 0, 1), 1): (3, 6)
(1, 0, 0, (0, 0, 1), 2): (0, 2)
(1, 0, 0, (0, 0, 1), 3): (2, 2)
(1, 0, 0, (0, 0, 1), 4): (1, 1)
(1, 0, 0, (0, 1, 0), 0): (50, 89)
(1, 0, 0, (0, 1, 0), 1): (5, 12)
(1, 0, 0, (0, 1, 0), 2): (1, 1)
(1, 0, 0, (0, 1, 0), 3): (1, 2)
(1, 0, 0, (0, 1, 0), 4): (3, 3)
(1, 0, 0, (0, 1, 1), 0): (8, 15)
(1, 0, 0, (0, 1, 1), 1): (4, 4)
(1, 0, 0, (0, 1, 1), 2): (4, 4)
(1, 0, 0, (1, 0, 0), 0): (163, 333)
(1, 0, 0, (1, 0, 0), 1): (4, 11)
(1, 0, 0, (1, 0, 0), 2): (3, 4)
(1, 0, 0, (1, 0, 0), 3): (0, 1)
(1, 0, 0, (1, 0, 1), 0): (26, 38)
(1, 0, 0, (1, 0, 1), 1): (9, 12)
(1, 0, 0, (1, 0, 1), 2): (3, 3)
(1, 0, 0, (1, 1, 0), 0): (35, 58)
(1, 0, 0, (1, 1, 0), 1): (3, 6)
(1, 0, 0, (1, 1, 0), 2): (3, 3)
(1, 0, 0, (1, 1, 0), 3): (0, 1)
(1, 0, 0, (1, 1, 0), 4): (1, 1)
(1, 0, 0, (1, 1, 1), 0): (7, 13)
(1, 0, 0, (1, 1, 1), 1): (4, 5)
(1, 0, 0, (1, 1, 1), 2): (1, 1)
(1, 0, 1, (0, 0, 0), 0): (303, 728)
(1, 0, 1, (0, 0, 0), 1): (4, 7)
(1, 0, 1, (0, 0, 0), 2): (13, 16)
(1, 0, 1, (0, 0, 0), 3): (5, 9)
(1, 0, 1, (0, 0, 0), 4): (4, 5)
(1, 0, 1, (0, 0, 0), 5): (2, 2)
(1, 0, 1, (0, 0, 1), 0): (28, 58)
(1, 0, 1, (0, 0, 1), 1): (14, 25)
(1, 0, 1, (0, 0, 1), 2): (4, 4)
(1, 0, 1, (0, 0, 1), 3): (2, 3)
(1, 0, 1, (0, 0, 1), 4): (1, 1)
(1, 0, 1, (0, 1, 0), 0): (61, 139)
(1, 0, 1, (0, 1, 0), 1): (11, 23)
(1, 0, 1, (0, 1, 0), 2): (7, 14)
(1, 0, 1, (0, 1, 0), 3): (1, 2)
(1, 0, 1, (0, 1, 0), 4): (4, 6)
(1, 0, 1, (0, 1, 0), 5): (1, 1)
(1, 0, 1, (0, 1, 0), 6): (2, 2)
(1, 0, 1, (0, 1, 1), 0): (18, 39)
(1, 0, 1, (0, 1, 1), 1): (9, 13)
(1, 0, 1, (0, 1, 1), 2): (5, 9)
(1, 0, 1, (0, 1, 1), 3): (1, 2)
(1, 0, 1, (0, 1, 1), 4): (2, 2)
(1, 0, 1, (0, 1, 1), 5): (1, 1)
(1, 0, 1, (1, 0, 0), 0): (146, 329)
(1, 0, 1, (1, 0, 0), 1): (20, 40)
(1, 0, 1, (1, 0, 0), 2): (12, 20)
(1, 0, 1, (1, 0, 0), 3): (5, 5)
(1, 0, 1, (1, 0, 0), 4): (0, 3)
(1, 0, 1, (1, 0, 0), 5): (3, 3)
(1, 0, 1, (1, 0, 0), 6): (1, 1)
(1, 0, 1, (1, 0, 1), 0): (26, 60)
(1, 0, 1, (1, 0, 1), 1): (21, 34)
(1, 0, 1, (1, 0, 1), 2): (5, 9)
(1, 0, 1, (1, 0, 1), 3): (4, 5)
(1, 0, 1, (1, 0, 1), 4): (0, 1)
(1, 0, 1, (1, 1, 0), 0): (50, 86)
(1, 0, 1, (1, 1, 0), 1): (11, 17)
(1, 0, 1, (1, 1, 0), 2): (12, 15)
(1, 0, 1, (1, 1, 0), 3): (5, 7)
(1, 0, 1, (1, 1, 0), 4): (2, 2)
(1, 0, 1, (1, 1, 0), 5): (0, 1)
(1, 0, 1, (1, 1, 0), 6): (1, 1)
(1, 0, 1, (1, 1, 0), 7): (1, 1)
(1, 0, 1, (1, 1, 1), 0): (7, 22)
(1, 0, 1, (1, 1, 1), 1): (8, 11)
(1, 0, 1, (1, 1, 1), 2): (6, 7)
(1, 0, 1, (1, 1, 1), 3): (4, 5)
(1, 0, 1, (1, 1, 1), 4): (1, 1)
(1, 0, 2, (0, 0, 0), 0): (207, 516)
(1, 0, 2, (0, 0, 0), 1): (18, 34)
(1, 0, 2, (0, 0, 0), 2): (20, 31)
(1, 0, 2, (0, 0, 0), 3): (9, 18)
(1, 0, 2, (0, 0, 0), 4): (5, 7)
(1, 0, 2, (0, 0, 0), 5): (5, 6)
(1, 0, 2, (0, 0, 1), 0): (29, 63)
(1, 0, 2, (0, 0, 1), 1): (12, 27)
(1, 0, 2, (0, 0, 1), 2): (10, 14)
(1, 0, 2, (0, 0, 1), 3): (4, 5)
(1, 0, 2, (0, 0, 1), 4): (3, 4)
(1, 0, 2, (0, 0, 1), 6): (1, 1)
(1, 0, 2, (0, 0, 1), 7): (1, 1)
(1, 0, 2, (0, 1, 0), 0): (54, 119)
(1, 0, 2, (0, 1, 0), 1): (20, 43)
(1, 0, 2, (0, 1, 0), 2): (11, 23)
(1, 0, 2, (0, 1, 0), 3): (8, 12)
(1, 0, 2, (0, 1, 0), 4): (1, 5)
(1, 0, 2, (0, 1, 0), 5): (1, 2)
(1, 0, 2, (0, 1, 0), 6): (4, 4)
(1, 0, 2, (0, 1, 0), 7): (1, 1)
(1, 0, 2, (0, 1, 1), 0): (9, 23)
(1, 0, 2, (0, 1, 1), 1): (7, 12)
(1, 0, 2, (0, 1, 1), 2): (3, 11)
(1, 0, 2, (0, 1, 1), 3): (5, 5)
(1, 0, 2, (0, 1, 1), 4): (3, 3)
(1, 0, 2, (0, 1, 1), 7): (1, 1)
(1, 0, 2, (1, 0, 0), 0): (104, 256)
(1, 0, 2, (1, 0, 0), 1): (32, 69)
(1, 0, 2, (1, 0, 0), 2): (16, 32)
(1, 0, 2, (1, 0, 0), 3): (13, 15)
(1, 0, 2, (1, 0, 0), 4): (4, 9)
(1, 0, 2, (1, 0, 0), 5): (2, 2)
(1, 0, 2, (1, 0, 0), 6): (2, 2)
(1, 0, 2, (1, 0, 0), 7): (1, 1)
(1, 0, 2, (1, 0, 0), 9): (1, 1)
(1, 0, 2, (1, 0, 1), 0): (19, 46)
(1, 0, 2, (1, 0, 1), 1): (12, 20)
(1, 0, 2, (1, 0, 1), 2): (4, 12)
(1, 0, 2, (1, 0, 1), 3): (4, 4)
(1, 0, 2, (1, 0, 1), 4): (2, 3)
(1, 0, 2, (1, 0, 1), 6): (2, 2)
(1, 0, 2, (1, 0, 1), 7): (1, 1)
(1, 0, 2, (1, 1, 0), 0): (32, 79)
(1, 0, 2, (1, 1, 0), 1): (9, 23)
(1, 0, 2, (1, 1, 0), 2): (6, 7)
(1, 0, 2, (1, 1, 0), 3): (6, 8)
(1, 0, 2, (1, 1, 0), 4): (1, 4)
(1, 0, 2, (1, 1, 1), 0): (9, 20)
(1, 0, 2, (1, 1, 1), 1): (6, 9)
(1, 0, 2, (1, 1, 1), 2): (3, 6)
(1, 0, 2, (1, 1, 1), 3): (3, 3)
(1, 0, 2, (1, 1, 1), 4): (2, 2)
(1, 1, 0, (0, 0, 0), -9): (0, 1)
(1, 1, 0, (0, 0, 0), -7): (0, 4)
(1, 1, 0, (0, 0, 0), -6): (0, 4)
(1, 1, 0, (0, 0, 0), -5): (3, 10)
(1, 1, 0, (0, 0, 0), -4): (12, 22)
(1, 1, 0, (0, 0, 0), -3): (12, 51)
(1, 1, 0, (0, 0, 0), -2): (47, 105)
(1, 1, 0, (0, 0, 0), -1): (85, 164)
(1, 1, 0, (0, 0, 0), 0): (474, 788)
(1, 1, 0, (0, 0, 0), 1): (6, 10)
(1, 1, 0, (0, 0, 0), 2): (3, 3)
(1, 1, 0, (0, 0, 0), 3): (3, 3)
(1, 1, 0, (0, 0, 0), 4): (2, 2)
(1, 1, 0, (0, 0, 1), -5): (0, 1)
(1, 1, 0, (0, 0, 1), -3): (0, 1)
(1, 1, 0, (0, 0, 1), -2): (0, 3)
(1, 1, 0, (0, 0, 1), 0): (13, 19)
(1, 1, 0, (0, 0, 1), 1): (6, 7)
(1, 1, 0, (0, 0, 1), 2): (3, 3)
(1, 1, 0, (0, 0, 1), 3): (1, 1)
(1, 1, 0, (0, 1, 0), -5): (0, 1)
(1, 1, 0, (0, 1, 0), -4): (2, 2)
(1, 1, 0, (0, 1, 0), -3): (0, 4)
(1, 1, 0, (0, 1, 0), -2): (3, 4)
(1, 1, 0, (0, 1, 0), -1): (5, 10)
(1, 1, 0, (0, 1, 0), 0): (41, 57)
(1, 1, 0, (0, 1, 0), 1): (11, 14)
(1, 1, 0, (0, 1, 0), 2): (5, 5)
(1, 1, 0, (0, 1, 0), 3): (1, 2)
(1, 1, 0, (0, 1, 0), 4): (1, 1)
(1, 1, 0, (0, 1, 1), -6): (0, 1)
(1, 1, 0, (0, 1, 1), -4): (1, 1)
(1, 1, 0, (0, 1, 1), -3): (0, 2)
(1, 1, 0, (0, 1, 1), -2): (1, 2)
(1, 1, 0, (0, 1, 1), -1): (2, 3)
(1, 1, 0, (0, 1, 1), 0): (13, 19)
(1, 1, 0, (0, 1, 1), 1): (2, 2)
(1, 1, 0, (0, 1, 1), 3): (1, 1)
(1, 1, 0, (0, 1, 1), 5): (1, 1)
(1, 1, 0, (1, 0, 0), -6): (0, 2)
(1, 1, 0, (1, 0, 0), -5): (1, 4)
(1, 1, 0, (1, 0, 0), -4): (2, 5)
(1, 1, 0, (1, 0, 0), -3): (4, 19)
(1, 1, 0, (1, 0, 0), -2): (16, 36)
(1, 1, 0, (1, 0, 0), -1): (27, 44)
(1, 1, 0, (1, 0, 0), 0): (140, 230)
(1, 1, 0, (1, 0, 0), 1): (9, 12)
(1, 1, 0, (1, 0, 0), 2): (2, 2)
(1, 1, 0, (1, 0, 0), 3): (5, 5)
(1, 1, 0, (1, 0, 0), 4): (1, 1)
(1, 1, 0, (1, 0, 1), -4): (1, 1)
(1, 1, 0, (1, 0, 1), -3): (0, 1)
(1, 1, 0, (1, 0, 1), -2): (0, 4)
(1, 1, 0, (1, 0, 1), -1): (6, 7)
(1, 1, 0, (1, 0, 1), 0): (13, 24)
(1, 1, 0, (1, 0, 1), 1): (4, 5)
(1, 1, 0, (1, 0, 1), 2): (2, 2)
(1, 1, 0, (1, 0, 1), 3): (1, 1)
(1, 1, 0, (1, 1, 0), -5): (1, 2)
(1, 1, 0, (1, 1, 0), -4): (1, 1)
(1, 1, 0, (1, 1, 0), -3): (3, 8)
(1, 1, 0, (1, 1, 0), -2): (5, 8)
(1, 1, 0, (1, 1, 0), -1): (6, 9)
(1, 1, 0, (1, 1, 0), 0): (35, 52)
(1, 1, 0, (1, 1, 0), 1): (6, 9)
(1, 1, 0, (1, 1, 0), 2): (3, 3)
(1, 1, 0, (1, 1, 0), 4): (1, 1)
(1, 1, 0, (1, 1, 1), -3): (1, 1)
(1, 1, 0, (1, 1, 1), -2): (2, 2)
(1, 1, 0, (1, 1, 1), -1): (3, 3)
(1, 1, 0, (1, 1, 1), 0): (8, 10)
(1, 1, 0, (1, 1, 1), 1): (5, 6)
(1, 1, 0, (1, 1, 1), 2): (2, 2)
(1, 1, 0, (1, 1, 1), 3): (1, 1)
(1, 1, 1, (0, 0, 0), -9): (0, 1)
(1, 1, 1, (0, 0, 0), -7): (0, 4)
(1, 1, 1, (0, 0, 0), -6): (0, 1)
(1, 1, 1, (0, 0, 0), -5): (2, 5)
(1, 1, 1, (0, 0, 0), -4): (8, 15)
(1, 1, 1, (0, 0, 0), -3): (10, 27)
(1, 1, 1, (0, 0, 0), -2): (29, 65)
(1, 1, 1, (0, 0, 0), -1): (57, 119)
(1, 1, 1, (0, 0, 0), 0): (297, 504)
(1, 1, 1, (0, 0, 0), 1): (16, 24)
(1, 1, 1, (0, 0, 0), 2): (13, 18)
(1, 1, 1, (0, 0, 0), 3): (8, 8)
(1, 1, 1, (0, 0, 0), 4): (3, 4)
(1, 1, 1, (0, 0, 1), -4): (1, 2)
(1, 1, 1, (0, 0, 1), -3): (0, 2)
(1, 1, 1, (0, 0, 1), -2): (3, 6)
(1, 1, 1, (0, 0, 1), -1): (3, 5)
(1, 1, 1, (0, 0, 1), 0): (20, 30)
(1, 1, 1, (0, 0, 1), 1): (15, 18)
(1, 1, 1, (0, 0, 1), 2): (4, 4)
(1, 1, 1, (0, 0, 1), 3): (3, 3)
(1, 1, 1, (0, 0, 1), 4): (1, 1)
(1, 1, 1, (0, 0, 1), 5): (1, 1)
(1, 1, 1, (0, 0, 1), 6): (1, 1)
(1, 1, 1, (0, 1, 0), -5): (1, 2)
(1, 1, 1, (0, 1, 0), -4): (1, 1)
(1, 1, 1, (0, 1, 0), -3): (0, 2)
(1, 1, 1, (0, 1, 0), -2): (7, 13)
(1, 1, 1, (0, 1, 0), -1): (6, 15)
(1, 1, 1, (0, 1, 0), 0): (72, 103)
(1, 1, 1, (0, 1, 0), 1): (19, 25)
(1, 1, 1, (0, 1, 0), 2): (7, 9)
(1, 1, 1, (0, 1, 0), 3): (2, 3)
(1, 1, 1, (0, 1, 0), 4): (1, 1)
(1, 1, 1, (0, 1, 1), -4): (2, 2)
(1, 1, 1, (0, 1, 1), -3): (1, 2)
(1, 1, 1, (0, 1, 1), -2): (1, 3)
(1, 1, 1, (0, 1, 1), -1): (3, 6)
(1, 1, 1, (0, 1, 1), 0): (19, 26)
(1, 1, 1, (0, 1, 1), 1): (7, 10)
(1, 1, 1, (0, 1, 1), 2): (4, 4)
(1, 1, 1, (0, 1, 1), 5): (1, 1)
(1, 1, 1, (1, 0, 0), -9): (0, 1)
(1, 1, 1, (1, 0, 0), -7): (0, 1)
(1, 1, 1, (1, 0, 0), -5): (1, 2)
(1, 1, 1, (1, 0, 0), -4): (2, 7)
(1, 1, 1, (1, 0, 0), -3): (6, 19)
(1, 1, 1, (1, 0, 0), -2): (15, 34)
(1, 1, 1, (1, 0, 0), -1): (28, 50)
(1, 1, 1, (1, 0, 0), 0): (108, 198)
(1, 1, 1, (1, 0, 0), 1): (27, 38)
(1, 1, 1, (1, 0, 0), 2): (16, 20)
(1, 1, 1, (1, 0, 0), 3): (9, 9)
(1, 1, 1, (1, 0, 0), 4): (3, 3)
(1, 1, 1, (1, 0, 0), 6): (1, 1)
(1, 1, 1, (1, 0, 1), -5): (1, 2)
(1, 1, 1, (1, 0, 1), -4): (1, 2)
(1, 1, 1, (1, 0, 1), -3): (3, 4)
(1, 1, 1, (1, 0, 1), -2): (2, 4)
(1, 1, 1, (1, 0, 1), -1): (7, 9)
(1, 1, 1, (1, 0, 1), 0): (25, 46)
(1, 1, 1, (1, 0, 1), 1): (14, 21)
(1, 1, 1, (1, 0, 1), 2): (3, 4)
(1, 1, 1, (1, 0, 1), 3): (3, 3)
(1, 1, 1, (1, 0, 1), 4): (2, 2)
(1, 1, 1, (1, 1, 0), -7): (0, 1)
(1, 1, 1, (1, 1, 0), -5): (0, 1)
(1, 1, 1, (1, 1, 0), -4): (2, 3)
(1, 1, 1, (1, 1, 0), -3): (1, 5)
(1, 1, 1, (1, 1, 0), -2): (4, 8)
(1, 1, 1, (1, 1, 0), -1): (13, 19)
(1, 1, 1, (1, 1, 0), 0): (45, 76)
(1, 1, 1, (1, 1, 0), 1): (12, 19)
(1, 1, 1, (1, 1, 0), 2): (10, 11)
(1, 1, 1, (1, 1, 0), 3): (2, 4)
(1, 1, 1, (1, 1, 0), 4): (3, 4)
(1, 1, 1, (1, 1, 1), -4): (2, 2)
(1, 1, 1, (1, 1, 1), -3): (1, 3)
(1, 1, 1, (1, 1, 1), -2): (0, 5)
(1, 1, 1, (1, 1, 1), -1): (1, 3)
(1, 1, 1, (1, 1, 1), 0): (10, 17)
(1, 1, 1, (1, 1, 1), 1): (7, 12)
(1, 1, 1, (1, 1, 1), 2): (4, 4)
(1, 1, 1, (1, 1, 1), 3): (2, 2)
(1, 1, 1, (1, 1, 1), 4): (1, 1)
(1, 1, 2, (0, 0, 0), -7): (0, 3)
(1, 1, 2, (0, 0, 0), -6): (0, 1)
(1, 1, 2, (0, 0, 0), -5): (0, 5)
(1, 1, 2, (0, 0, 0), -4): (5, 9)
(1, 1, 2, (0, 0, 0), -3): (6, 18)
(1, 1, 2, (0, 0, 0), -2): (16, 44)
(1, 1, 2, (0, 0, 0), -1): (43, 93)
(1, 1, 2, (0, 0, 0), 0): (207, 366)
(1, 1, 2, (0, 0, 0), 1): (22, 35)
(1, 1, 2, (0, 0, 0), 2): (18, 24)
(1, 1, 2, (0, 0, 0), 3): (9, 10)
(1, 1, 2, (0, 0, 0), 4): (5, 6)
(1, 1, 2, (0, 0, 1), -5): (1, 1)
(1, 1, 2, (0, 0, 1), -3): (0, 3)
(1, 1, 2, (0, 0, 1), -2): (6, 9)
(1, 1, 2, (0, 0, 1), -1): (6, 8)
(1, 1, 2, (0, 0, 1), 0): (24, 41)
(1, 1, 2, (0, 0, 1), 1): (14, 21)
(1, 1, 2, (0, 0, 1), 2): (7, 8)
(1, 1, 2, (0, 0, 1), 3): (3, 4)
(1, 1, 2, (0, 0, 1), 4): (2, 2)
(1, 1, 2, (0, 0, 1), 5): (1, 1)
(1, 1, 2, (0, 0, 1), 6): (1, 1)
(1, 1, 2, (0, 1, 0), -5): (0, 2)
(1, 1, 2, (0, 1, 0), -4): (0, 1)
(1, 1, 2, (0, 1, 0), -3): (1, 4)
(1, 1, 2, (0, 1, 0), -2): (5, 10)
(1, 1, 2, (0, 1, 0), -1): (11, 26)
(1, 1, 2, (0, 1, 0), 0): (59, 95)
(1, 1, 2, (0, 1, 0), 1): (29, 41)
(1, 1, 2, (0, 1, 0), 2): (13, 21)
(1, 1, 2, (0, 1, 0), 3): (8, 9)
(1, 1, 2, (0, 1, 0), 4): (3, 3)
(1, 1, 2, (0, 1, 0), 5): (2, 2)
(1, 1, 2, (0, 1, 1), -7): (0, 1)
(1, 1, 2, (0, 1, 1), -4): (0, 1)
(1, 1, 2, (0, 1, 1), -3): (1, 1)
(1, 1, 2, (0, 1, 1), -2): (2, 6)
(1, 1, 2, (0, 1, 1), -1): (4, 7)
(1, 1, 2, (0, 1, 1), 0): (10, 17)
(1, 1, 2, (0, 1, 1), 1): (11, 16)
(1, 1, 2, (0, 1, 1), 2): (10, 12)
(1, 1, 2, (0, 1, 1), 3): (3, 3)
(1, 1, 2, (0, 1, 1), 4): (0, 1)
(1, 1, 2, (0, 1, 1), 5): (1, 1)
(1, 1, 2, (1, 0, 0), -7): (0, 2)
(1, 1, 2, (1, 0, 0), -6): (0, 1)
(1, 1, 2, (1, 0, 0), -5): (0, 1)
(1, 1, 2, (1, 0, 0), -4): (6, 11)
(1, 1, 2, (1, 0, 0), -3): (4, 19)
(1, 1, 2, (1, 0, 0), -2): (8, 29)
(1, 1, 2, (1, 0, 0), -1): (25, 49)
(1, 1, 2, (1, 0, 0), 0): (93, 178)
(1, 1, 2, (1, 0, 0), 1): (35, 50)
(1, 1, 2, (1, 0, 0), 2): (21, 32)
(1, 1, 2, (1, 0, 0), 3): (13, 15)
(1, 1, 2, (1, 0, 0), 4): (8, 9)
(1, 1, 2, (1, 0, 0), 5): (1, 1)
(1, 1, 2, (1, 0, 0), 6): (1, 1)
(1, 1, 2, (1, 0, 1), -5): (0, 1)
(1, 1, 2, (1, 0, 1), -3): (1, 3)
(1, 1, 2, (1, 0, 1), -2): (4, 8)
(1, 1, 2, (1, 0, 1), -1): (3, 8)
(1, 1, 2, (1, 0, 1), 0): (16, 39)
(1, 1, 2, (1, 0, 1), 1): (15, 22)
(1, 1, 2, (1, 0, 1), 2): (8, 14)
(1, 1, 2, (1, 0, 1), 3): (1, 4)
(1, 1, 2, (1, 0, 1), 4): (3, 3)
(1, 1, 2, (1, 1, 0), -4): (2, 3)
(1, 1, 2, (1, 1, 0), -3): (1, 7)
(1, 1, 2, (1, 1, 0), -2): (2, 10)
(1, 1, 2, (1, 1, 0), -1): (9, 16)
(1, 1, 2, (1, 1, 0), 0): (42, 68)
(1, 1, 2, (1, 1, 0), 1): (18, 26)
(1, 1, 2, (1, 1, 0), 2): (9, 14)
(1, 1, 2, (1, 1, 0), 3): (7, 8)
(1, 1, 2, (1, 1, 0), 4): (1, 1)
(1, 1, 2, (1, 1, 1), -5): (0, 1)
(1, 1, 2, (1, 1, 1), -4): (0, 2)
(1, 1, 2, (1, 1, 1), -3): (2, 3)
(1, 1, 2, (1, 1, 1), -2): (2, 8)
(1, 1, 2, (1, 1, 1), -1): (1, 4)
(1, 1, 2, (1, 1, 1), 0): (11, 26)
(1, 1, 2, (1, 1, 1), 1): (5, 9)
(1, 1, 2, (1, 1, 1), 2): (5, 6)
(1, 1, 2, (1, 1, 1), 3): (4, 4)
(1, 1, 2, (1, 1, 1), 4): (1, 1)
(2, 0, 0, (0, 0, 0), -6): (0, 2)
(2, 0, 0, (0, 0, 0), -5): (0, 5)
(2, 0, 0, (0, 0, 0), -4): (4, 22)
(2, 0, 0, (0, 0, 0), -3): (6, 38)
(2, 0, 0, (0, 0, 0), -2): (23, 90)
(2, 0, 0, (0, 0, 0), -1): (55, 149)
(2, 0, 0, (0, 0, 0), 0): (266, 572)
(2, 0, 0, (0, 0, 0), 1): (71, 152)
(2, 0, 0, (0, 0, 0), 2): (50, 74)
(2, 0, 0, (0, 0, 0), 3): (27, 37)
(2, 0, 0, (0, 0, 0), 4): (8, 15)
(2, 0, 0, (0, 0, 0), 5): (6, 7)
(2, 0, 0, (0, 0, 0), 6): (1, 1)
(2, 0, 0, (0, 0, 0), 7): (3, 3)
(2, 0, 0, (0, 0, 0), 9): (1, 1)
(2, 0, 0, (0, 0, 1), -2): (0, 2)
(2, 0, 0, (0, 0, 1), -1): (3, 3)
(2, 0, 0, (0, 0, 1), 0): (1, 5)
(2, 0, 0, (0, 0, 1), 1): (5, 6)
(2, 0, 0, (0, 0, 1), 6): (1, 1)
(2, 0, 0, (0, 1, 0), -4): (1, 1)
(2, 0, 0, (0, 1, 0), -3): (0, 3)
(2, 0, 0, (0, 1, 0), -2): (3, 10)
(2, 0, 0, (0, 1, 0), -1): (9, 10)
(2, 0, 0, (0, 1, 0), 0): (22, 46)
(2, 0, 0, (0, 1, 0), 1): (9, 12)
(2, 0, 0, (0, 1, 0), 2): (3, 3)
(2, 0, 0, (0, 1, 0), 3): (1, 2)
(2, 0, 0, (0, 1, 0), 4): (1, 1)
(2, 0, 0, (0, 1, 0), 5): (1, 2)
(2, 0, 0, (0, 1, 1), -4): (1, 1)
(2, 0, 0, (0, 1, 1), -3): (1, 2)
(2, 0, 0, (0, 1, 1), -1): (1, 2)
(2, 0, 0, (0, 1, 1), 0): (3, 5)
(2, 0, 0, (0, 1, 1), 1): (1, 2)
(2, 0, 0, (0, 1, 1), 2): (1, 2)
(2, 0, 0, (0, 1, 1), 3): (0, 1)
(2, 0, 0, (1, 0, 0), -5): (0, 2)
(2, 0, 0, (1, 0, 0), -4): (0, 5)
(2, 0, 0, (1, 0, 0), -3): (3, 10)
(2, 0, 0, (1, 0, 0), -2): (6, 26)
(2, 0, 0, (1, 0, 0), -1): (13, 39)
(2, 0, 0, (1, 0, 0), 0): (74, 133)
(2, 0, 0, (1, 0, 0), 1): (24, 54)
(2, 0, 0, (1, 0, 0), 2): (13, 19)
(2, 0, 0, (1, 0, 0), 3): (8, 11)
(2, 0, 0, (1, 0, 0), 4): (0, 1)
(2, 0, 0, (1, 0, 0), 5): (1, 1)
(2, 0, 0, (1, 0, 0), 6): (1, 1)
(2, 0, 0, (1, 0, 0), 7): (2, 2)
(2, 0, 0, (1, 0, 1), -4): (0, 1)
(2, 0, 0, (1, 0, 1), -2): (1, 1)
(2, 0, 0, (1, 0, 1), -1): (3, 5)
(2, 0, 0, (1, 0, 1), 0): (3, 10)
(2, 0, 0, (1, 0, 1), 1): (5, 8)
(2, 0, 0, (1, 0, 1), 3): (2, 2)
(2, 0, 0, (1, 0, 1), 4): (1, 1)
(2, 0, 0, (1, 0, 1), 5): (0, 1)
(2, 0, 0, (1, 1, 0), -5): (0, 1)
(2, 0, 0, (1, 1, 0), -4): (1, 1)
(2, 0, 0, (1, 1, 0), -3): (1, 2)
(2, 0, 0, (1, 1, 0), -2): (0, 1)
(2, 0, 0, (1, 1, 0), -1): (4, 10)
(2, 0, 0, (1, 1, 0), 0): (24, 33)
(2, 0, 0, (1, 1, 0), 1): (4, 9)
(2, 0, 0, (1, 1, 0), 2): (4, 4)
(2, 0, 0, (1, 1, 0), 3): (0, 2)
(2, 0, 0, (1, 1, 0), 4): (1, 1)
(2, 0, 0, (1, 1, 0), 6): (1, 1)
(2, 0, 0, (1, 1, 1), 0): (5, 8)
(2, 0, 0, (1, 1, 1), 1): (2, 5)
(2, 0, 0, (1, 1, 1), 2): (1, 1)
(2, 0, 0, (1, 1, 1), 3): (1, 1)
(2, 0, 0, (1, 1, 1), 6): (1, 1)
(2, 0, 0, (1, 1, 1), 7): (1, 1)
(2, 0, 1, (0, 0, 0), -6): (0, 2)
(2, 0, 1, (0, 0, 0), -5): (0, 3)
(2, 0, 1, (0, 0, 0), -4): (3, 16)
(2, 0, 1, (0, 0, 0), -3): (3, 23)
(2, 0, 1, (0, 0, 0), -2): (16, 58)
(2, 0, 1, (0, 0, 0), -1): (31, 101)
(2, 0, 1, (0, 0, 0), 0): (178, 395)
(2, 0, 1, (0, 0, 0), 1): (46, 102)
(2, 0, 1, (0, 0, 0), 2): (36, 58)
(2, 0, 1, (0, 0, 0), 3): (19, 27)
(2, 0, 1, (0, 0, 0), 4): (8, 14)
(2, 0, 1, (0, 0, 0), 5): (6, 7)
(2, 0, 1, (0, 0, 0), 6): (1, 1)
(2, 0, 1, (0, 0, 0), 7): (3, 3)
(2, 0, 1, (0, 0, 0), 9): (1, 1)
(2, 0, 1, (0, 0, 1), -2): (0, 4)
(2, 0, 1, (0, 0, 1), -1): (4, 6)
(2, 0, 1, (0, 0, 1), 0): (9, 21)
(2, 0, 1, (0, 0, 1), 1): (8, 11)
(2, 0, 1, (0, 0, 1), 2): (3, 5)
(2, 0, 1, (0, 0, 1), 3): (1, 2)
(2, 0, 1, (0, 0, 1), 4): (2, 2)
(2, 0, 1, (0, 1, 0), -6): (0, 1)
(2, 0, 1, (0, 1, 0), -4): (0, 1)
(2, 0, 1, (0, 1, 0), -3): (0, 2)
(2, 0, 1, (0, 1, 0), -2): (2, 13)
(2, 0, 1, (0, 1, 0), -1): (6, 13)
(2, 0, 1, (0, 1, 0), 0): (31, 70)
(2, 0, 1, (0, 1, 0), 1): (20, 33)
(2, 0, 1, (0, 1, 0), 2): (9, 15)
(2, 0, 1, (0, 1, 0), 3): (9, 9)
(2, 0, 1, (0, 1, 0), 5): (2, 2)
(2, 0, 1, (0, 1, 0), 6): (1, 1)
(2, 0, 1, (0, 1, 0), 7): (2, 2)
(2, 0, 1, (0, 1, 1), -3): (3, 4)
(2, 0, 1, (0, 1, 1), -1): (6, 11)
(2, 0, 1, (0, 1, 1), 0): (12, 19)
(2, 0, 1, (0, 1, 1), 1): (7, 9)
(2, 0, 1, (0, 1, 1), 2): (4, 5)
(2, 0, 1, (0, 1, 1), 3): (1, 3)
(2, 0, 1, (0, 1, 1), 4): (3, 3)
(2, 0, 1, (1, 0, 0), -4): (2, 10)
(2, 0, 1, (1, 0, 0), -3): (1, 7)
(2, 0, 1, (1, 0, 0), -2): (5, 21)
(2, 0, 1, (1, 0, 0), -1): (15, 40)
(2, 0, 1, (1, 0, 0), 0): (82, 166)
(2, 0, 1, (1, 0, 0), 1): (33, 60)
(2, 0, 1, (1, 0, 0), 2): (26, 39)
(2, 0, 1, (1, 0, 0), 3): (9, 12)
(2, 0, 1, (1, 0, 0), 4): (3, 3)
(2, 0, 1, (1, 0, 0), 5): (3, 3)
(2, 0, 1, (1, 0, 0), 6): (1, 2)
(2, 0, 1, (1, 0, 0), 7): (2, 2)
(2, 0, 1, (1, 0, 0), 8): (1, 1)
(2, 0, 1, (1, 0, 0), 9): (1, 1)
(2, 0, 1, (1, 0, 1), -5): (0, 1)
(2, 0, 1, (1, 0, 1), -4): (0, 1)
(2, 0, 1, (1, 0, 1), -2): (1, 3)
(2, 0, 1, (1, 0, 1), -1): (5, 9)
(2, 0, 1, (1, 0, 1), 0): (15, 34)
(2, 0, 1, (1, 0, 1), 1): (7, 14)
(2, 0, 1, (1, 0, 1), 2): (4, 6)
(2, 0, 1, (1, 0, 1), 3): (5, 5)
(2, 0, 1, (1, 0, 1), 4): (1, 2)
(2, 0, 1, (1, 1, 0), -4): (1, 3)
(2, 0, 1, (1, 1, 0), -3): (0, 3)
(2, 0, 1, (1, 1, 0), -2): (0, 2)
(2, 0, 1, (1, 1, 0), -1): (6, 14)
(2, 0, 1, (1, 1, 0), 0): (26, 46)
(2, 0, 1, (1, 1, 0), 1): (16, 26)
(2, 0, 1, (1, 1, 0), 2): (10, 16)
(2, 0, 1, (1, 1, 0), 3): (3, 4)
(2, 0, 1, (1, 1, 0), 4): (2, 2)
(2, 0, 1, (1, 1, 0), 5): (2, 2)
(2, 0, 1, (1, 1, 1), -4): (1, 1)
(2, 0, 1, (1, 1, 1), -3): (0, 1)
(2, 0, 1, (1, 1, 1), -2): (0, 1)
(2, 0, 1, (1, 1, 1), -1): (5, 7)
(2, 0, 1, (1, 1, 1), 0): (6, 7)
(2, 0, 1, (1, 1, 1), 1): (10, 13)
(2, 0, 1, (1, 1, 1), 2): (6, 7)
(2, 0, 1, (1, 1, 1), 3): (2, 3)
(2, 0, 1, (1, 1, 1), 4): (2, 3)
(2, 0, 1, (1, 1, 1), 5): (1, 1)
(2, 0, 1, (1, 1, 1), 7): (1, 1)
(2, 0, 2, (0, 0, 0), -6): (0, 1)
(2, 0, 2, (0, 0, 0), -5): (0, 4)
(2, 0, 2, (0, 0, 0), -4): (1, 10)
(2, 0, 2, (0, 0, 0), -3): (3, 21)
(2, 0, 2, (0, 0, 0), -2): (15, 54)
(2, 0, 2, (0, 0, 0), -1): (25, 85)
(2, 0, 2, (0, 0, 0), 0): (125, 278)
(2, 0, 2, (0, 0, 0), 1): (38, 95)
(2, 0, 2, (0, 0, 0), 2): (28, 45)
(2, 0, 2, (0, 0, 0), 3): (15, 23)
(2, 0, 2, (0, 0, 0), 4): (7, 14)
(2, 0, 2, (0, 0, 0), 5): (4, 6)
(2, 0, 2, (0, 0, 0), 7): (3, 3)
(2, 0, 2, (0, 0, 0), 8): (1, 1)
(2, 0, 2, (0, 0, 1), -6): (0, 1)
(2, 0, 2, (0, 0, 1), -3): (0, 1)
(2, 0, 2, (0, 0, 1), -2): (0, 5)
(2, 0, 2, (0, 0, 1), -1): (2, 2)
(2, 0, 2, (0, 0, 1), 0): (13, 24)
(2, 0, 2, (0, 0, 1), 1): (14, 18)
(2, 0, 2, (0, 0, 1), 2): (5, 6)
(2, 0, 2, (0, 0, 1), 3): (5, 6)
(2, 0, 2, (0, 0, 1), 4): (1, 2)
(2, 0, 2, (0, 0, 1), 5): (2, 2)
(2, 0, 2, (0, 0, 1), 7): (0, 1)
(2, 0, 2, (0, 1, 0), -4): (0, 1)
(2, 0, 2, (0, 1, 0), -3): (0, 1)
(2, 0, 2, (0, 1, 0), -2): (3, 11)
(2, 0, 2, (0, 1, 0), -1): (6, 16)
(2, 0, 2, (0, 1, 0), 0): (33, 65)
(2, 0, 2, (0, 1, 0), 1): (18, 40)
(2, 0, 2, (0, 1, 0), 2): (11, 23)
(2, 0, 2, (0, 1, 0), 3): (8, 12)
(2, 0, 2, (0, 1, 0), 4): (4, 6)
(2, 0, 2, (0, 1, 0), 5): (4, 4)
(2, 0, 2, (0, 1, 0), 6): (1, 1)
(2, 0, 2, (0, 1, 0), 7): (1, 1)
(2, 0, 2, (0, 1, 0), 8): (1, 1)
(2, 0, 2, (0, 1, 1), -3): (0, 1)
(2, 0, 2, (0, 1, 1), -2): (0, 1)
(2, 0, 2, (0, 1, 1), -1): (3, 6)
(2, 0, 2, (0, 1, 1), 0): (6, 9)
(2, 0, 2, (0, 1, 1), 1): (7, 13)
(2, 0, 2, (0, 1, 1), 2): (4, 9)
(2, 0, 2, (0, 1, 1), 3): (7, 7)
(2, 0, 2, (0, 1, 1), 4): (1, 1)
(2, 0, 2, (0, 1, 1), 5): (2, 2)
(2, 0, 2, (0, 1, 1), 6): (1, 1)
(2, 0, 2, (0, 1, 1), 9): (1, 1)
(2, 0, 2, (0, 1, 1), 11): (1, 1)
(2, 0, 2, (1, 0, 0), -5): (0, 2)
(2, 0, 2, (1, 0, 0), -4): (1, 7)
(2, 0, 2, (1, 0, 0), -3): (2, 10)
(2, 0, 2, (1, 0, 0), -2): (4, 22)
(2, 0, 2, (1, 0, 0), -1): (12, 42)
(2, 0, 2, (1, 0, 0), 0): (67, 141)
(2, 0, 2, (1, 0, 0), 1): (30, 62)
(2, 0, 2, (1, 0, 0), 2): (31, 38)
(2, 0, 2, (1, 0, 0), 3): (13, 19)
(2, 0, 2, (1, 0, 0), 4): (8, 10)
(2, 0, 2, (1, 0, 0), 5): (5, 6)
(2, 0, 2, (1, 0, 0), 6): (1, 2)
(2, 0, 2, (1, 0, 0), 7): (2, 2)
(2, 0, 2, (1, 0, 0), 9): (1, 1)
(2, 0, 2, (1, 0, 0), 11): (1, 1)
(2, 0, 2, (1, 0, 1), -3): (0, 1)
(2, 0, 2, (1, 0, 1), -2): (0, 1)
(2, 0, 2, (1, 0, 1), -1): (4, 8)
(2, 0, 2, (1, 0, 1), 0): (10, 23)
(2, 0, 2, (1, 0, 1), 1): (10, 21)
(2, 0, 2, (1, 0, 1), 2): (4, 6)
(2, 0, 2, (1, 0, 1), 3): (6, 8)
(2, 0, 2, (1, 0, 1), 4): (2, 3)
(2, 0, 2, (1, 0, 1), 5): (3, 3)
(2, 0, 2, (1, 1, 0), -4): (0, 3)
(2, 0, 2, (1, 1, 0), -3): (1, 4)
(2, 0, 2, (1, 1, 0), -2): (0, 4)
(2, 0, 2, (1, 1, 0), -1): (2, 11)
(2, 0, 2, (1, 1, 0), 0): (30, 62)
(2, 0, 2, (1, 1, 0), 1): (16, 23)
(2, 0, 2, (1, 1, 0), 2): (11, 15)
(2, 0, 2, (1, 1, 0), 3): (7, 8)
(2, 0, 2, (1, 1, 0), 4): (2, 3)
(2, 0, 2, (1, 1, 0), 5): (2, 4)
(2, 0, 2, (1, 1, 0), 6): (1, 1)
(2, 0, 2, (1, 1, 1), -3): (1, 2)
(2, 0, 2, (1, 1, 1), -2): (0, 1)
(2, 0, 2, (1, 1, 1), -1): (5, 7)
(2, 0, 2, (1, 1, 1), 0): (7, 12)
(2, 0, 2, (1, 1, 1), 1): (7, 12)
(2, 0, 2, (1, 1, 1), 2): (3, 4)
(2, 0, 2, (1, 1, 1), 3): (4, 4)
(2, 0, 2, (1, 1, 1), 4): (1, 1)
(2, 0, 2, (1, 1, 1), 5): (1, 2)
(2, 0, 2, (1, 1, 1), 6): (1, 1)
(2, 0, 2, (1, 1, 1), 7): (1, 1)
(2, 0, 2, (1, 1, 1), 8): (1, 1)
(2, 1, 0, (0, 0, 0), -11): (0, 1)
(2, 1, 0, (0, 0, 0), -8): (0, 4)
(2, 1, 0, (0, 0, 0), -7): (1, 6)
(2, 1, 0, (0, 0, 0), -6): (0, 4)
(2, 1, 0, (0, 0, 0), -5): (4, 19)
(2, 1, 0, (0, 0, 0), -4): (9, 26)
(2, 1, 0, (0, 0, 0), -3): (16, 59)
(2, 1, 0, (0, 0, 0), -2): (41, 111)
(2, 1, 0, (0, 0, 0), -1): (116, 222)
(2, 1, 0, (0, 0, 0), 0): (260, 457)
(2, 1, 0, (0, 0, 0), 1): (90, 126)
(2, 1, 0, (0, 0, 0), 2): (66, 86)
(2, 1, 0, (0, 0, 0), 3): (28, 30)
(2, 1, 0, (0, 0, 0), 4): (16, 18)
(2, 1, 0, (0, 0, 0), 5): (4, 4)
(2, 1, 0, (0, 0, 0), 6): (2, 2)
(2, 1, 0, (0, 0, 1), -5): (0, 1)
(2, 1, 0, (0, 0, 1), -4): (1, 2)
(2, 1, 0, (0, 0, 1), -3): (0, 2)
(2, 1, 0, (0, 0, 1), -2): (0, 3)
(2, 1, 0, (0, 0, 1), -1): (5, 5)
(2, 1, 0, (0, 0, 1), 0): (5, 9)
(2, 1, 0, (0, 0, 1), 1): (3, 3)
(2, 1, 0, (0, 0, 1), 2): (1, 2)
(2, 1, 0, (0, 1, 0), -5): (0, 1)
(2, 1, 0, (0, 1, 0), -4): (1, 5)
(2, 1, 0, (0, 1, 0), -3): (2, 2)
(2, 1, 0, (0, 1, 0), -2): (4, 9)
(2, 1, 0, (0, 1, 0), -1): (6, 15)
(2, 1, 0, (0, 1, 0), 0): (23, 35)
(2, 1, 0, (0, 1, 0), 1): (12, 13)
(2, 1, 0, (0, 1, 0), 2): (2, 5)
(2, 1, 0, (0, 1, 0), 3): (2, 2)
(2, 1, 0, (0, 1, 1), -1): (7, 9)
(2, 1, 0, (0, 1, 1), 0): (5, 7)
(2, 1, 0, (0, 1, 1), 1): (2, 2)
(2, 1, 0, (0, 1, 1), 2): (2, 2)
(2, 1, 0, (0, 1, 1), 4): (1, 1)
(2, 1, 0, (1, 0, 0), -7): (1, 3)
(2, 1, 0, (1, 0, 0), -6): (0, 1)
(2, 1, 0, (1, 0, 0), -5): (1, 5)
(2, 1, 0, (1, 0, 0), -4): (2, 4)
(2, 1, 0, (1, 0, 0), -3): (6, 16)
(2, 1, 0, (1, 0, 0), -2): (13, 34)
(2, 1, 0, (1, 0, 0), -1): (39, 74)
(2, 1, 0, (1, 0, 0), 0): (70, 120)
(2, 1, 0, (1, 0, 0), 1): (30, 39)
(2, 1, 0, (1, 0, 0), 2): (20, 25)
(2, 1, 0, (1, 0, 0), 3): (8, 8)
(2, 1, 0, (1, 0, 0), 4): (4, 4)
(2, 1, 0, (1, 0, 0), 5): (1, 1)
(2, 1, 0, (1, 0, 0), 6): (1, 1)
(2, 1, 0, (1, 0, 1), -4): (1, 2)
(2, 1, 0, (1, 0, 1), -3): (5, 6)
(2, 1, 0, (1, 0, 1), -2): (1, 5)
(2, 1, 0, (1, 0, 1), -1): (4, 7)
(2, 1, 0, (1, 0, 1), 0): (3, 7)
(2, 1, 0, (1, 0, 1), 1): (4, 7)
(2, 1, 0, (1, 0, 1), 2): (1, 3)
(2, 1, 0, (1, 1, 0), -7): (1, 1)
(2, 1, 0, (1, 1, 0), -5): (0, 1)
(2, 1, 0, (1, 1, 0), -4): (1, 2)
(2, 1, 0, (1, 1, 0), -3): (3, 5)
(2, 1, 0, (1, 1, 0), -2): (4, 10)
(2, 1, 0, (1, 1, 0), -1): (10, 21)
(2, 1, 0, (1, 1, 0), 0): (18, 25)
(2, 1, 0, (1, 1, 0), 1): (7, 7)
(2, 1, 0, (1, 1, 0), 2): (4, 6)
(2, 1, 0, (1, 1, 0), 3): (1, 1)
(2, 1, 0, (1, 1, 1), -5): (0, 1)
(2, 1, 0, (1, 1, 1), -3): (3, 3)
(2, 1, 0, (1, 1, 1), -2): (0, 1)
(2, 1, 0, (1, 1, 1), -1): (0, 2)
(2, 1, 0, (1, 1, 1), 0): (3, 4)
(2, 1, 0, (1, 1, 1), 1): (2, 3)
(2, 1, 0, (1, 1, 1), 2): (2, 3)
(2, 1, 0, (1, 1, 1), 3): (1, 2)
(2, 1, 1, (0, 0, 0), -11): (0, 1)
(2, 1, 1, (0, 0, 0), -8): (0, 3)
(2, 1, 1, (0, 0, 0), -7): (0, 3)
(2, 1, 1, (0, 0, 0), -6): (0, 4)
(2, 1, 1, (0, 0, 0), -5): (3, 11)
(2, 1, 1, (0, 0, 0), -4): (5, 15)
(2, 1, 1, (0, 0, 0), -3): (8, 37)
(2, 1, 1, (0, 0, 0), -2): (24, 68)
(2, 1, 1, (0, 0, 0), -1): (66, 133)
(2, 1, 1, (0, 0, 0), 0): (165, 302)
(2, 1, 1, (0, 0, 0), 1): (64, 92)
(2, 1, 1, (0, 0, 0), 2): (48, 61)
(2, 1, 1, (0, 0, 0), 3): (19, 22)
(2, 1, 1, (0, 0, 0), 4): (13, 15)
(2, 1, 1, (0, 0, 0), 5): (3, 4)
(2, 1, 1, (0, 0, 0), 6): (1, 1)
(2, 1, 1, (0, 0, 0), 7): (1, 1)
(2, 1, 1, (0, 0, 0), 8): (1, 1)
(2, 1, 1, (0, 0, 1), -5): (0, 1)
(2, 1, 1, (0, 0, 1), -4): (1, 2)
(2, 1, 1, (0, 0, 1), -3): (1, 1)
(2, 1, 1, (0, 0, 1), -2): (3, 7)
(2, 1, 1, (0, 0, 1), -1): (7, 13)
(2, 1, 1, (0, 0, 1), 0): (10, 17)
(2, 1, 1, (0, 0, 1), 1): (13, 15)
(2, 1, 1, (0, 0, 1), 2): (4, 5)
(2, 1, 1, (0, 0, 1), 3): (4, 4)
(2, 1, 1, (0, 0, 1), 4): (2, 2)
(2, 1, 1, (0, 0, 1), 5): (1, 1)
(2, 1, 1, (0, 0, 1), 6): (1, 1)
(2, 1, 1, (0, 1, 0), -6): (0, 1)
(2, 1, 1, (0, 1, 0), -5): (0, 4)
(2, 1, 1, (0, 1, 0), -4): (4, 5)
(2, 1, 1, (0, 1, 0), -3): (2, 5)
(2, 1, 1, (0, 1, 0), -2): (2, 10)
(2, 1, 1, (0, 1, 0), -1): (15, 24)
(2, 1, 1, (0, 1, 0), 0): (30, 60)
(2, 1, 1, (0, 1, 0), 1): (19, 26)
(2, 1, 1, (0, 1, 0), 2): (13, 18)
(2, 1, 1, (0, 1, 0), 3): (6, 7)
(2, 1, 1, (0, 1, 0), 4): (3, 3)
(2, 1, 1, (0, 1, 0), 5): (0, 1)
(2, 1, 1, (0, 1, 0), 6): (1, 1)
(2, 1, 1, (0, 1, 1), -7): (1, 1)
(2, 1, 1, (0, 1, 1), -6): (0, 1)
(2, 1, 1, (0, 1, 1), -5): (1, 1)
(2, 1, 1, (0, 1, 1), -3): (1, 1)
(2, 1, 1, (0, 1, 1), -2): (2, 5)
(2, 1, 1, (0, 1, 1), -1): (7, 14)
(2, 1, 1, (0, 1, 1), 0): (16, 23)
(2, 1, 1, (0, 1, 1), 1): (10, 12)
(2, 1, 1, (0, 1, 1), 2): (3, 4)
(2, 1, 1, (0, 1, 1), 3): (2, 2)
(2, 1, 1, (0, 1, 1), 4): (2, 3)
(2, 1, 1, (0, 1, 1), 5): (1, 2)
(2, 1, 1, (0, 1, 1), 7): (1, 1)
(2, 1, 1, (1, 0, 0), -11): (0, 1)
(2, 1, 1, (1, 0, 0), -8): (0, 1)
(2, 1, 1, (1, 0, 0), -7): (0, 1)
(2, 1, 1, (1, 0, 0), -5): (3, 10)
(2, 1, 1, (1, 0, 0), -4): (1, 5)
(2, 1, 1, (1, 0, 0), -3): (5, 18)
(2, 1, 1, (1, 0, 0), -2): (13, 33)
(2, 1, 1, (1, 0, 0), -1): (32, 61)
(2, 1, 1, (1, 0, 0), 0): (72, 124)
(2, 1, 1, (1, 0, 0), 1): (38, 48)
(2, 1, 1, (1, 0, 0), 2): (28, 36)
(2, 1, 1, (1, 0, 0), 3): (8, 11)
(2, 1, 1, (1, 0, 0), 4): (8, 9)
(2, 1, 1, (1, 0, 0), 5): (3, 4)
(2, 1, 1, (1, 0, 0), 6): (1, 1)
(2, 1, 1, (1, 0, 0), 7): (1, 1)
(2, 1, 1, (1, 0, 1), -3): (2, 2)
(2, 1, 1, (1, 0, 1), -2): (1, 3)
(2, 1, 1, (1, 0, 1), -1): (6, 12)
(2, 1, 1, (1, 0, 1), 0): (11, 20)
(2, 1, 1, (1, 0, 1), 1): (12, 17)
(2, 1, 1, (1, 0, 1), 2): (8, 10)
(2, 1, 1, (1, 0, 1), 4): (3, 5)
(2, 1, 1, (1, 0, 1), 5): (2, 4)
(2, 1, 1, (1, 1, 0), -8): (0, 1)
(2, 1, 1, (1, 1, 0), -7): (1, 2)
(2, 1, 1, (1, 1, 0), -5): (1, 1)
(2, 1, 1, (1, 1, 0), -4): (1, 4)
(2, 1, 1, (1, 1, 0), -3): (2, 7)
(2, 1, 1, (1, 1, 0), -2): (4, 8)
(2, 1, 1, (1, 1, 0), -1): (7, 12)
(2, 1, 1, (1, 1, 0), 0): (24, 36)
(2, 1, 1, (1, 1, 0), 1): (10, 13)
(2, 1, 1, (1, 1, 0), 2): (12, 15)
(2, 1, 1, (1, 1, 0), 3): (3, 6)
(2, 1, 1, (1, 1, 0), 4): (2, 2)
(2, 1, 1, (1, 1, 1), -7): (1, 1)
(2, 1, 1, (1, 1, 1), -6): (1, 1)
(2, 1, 1, (1, 1, 1), -5): (1, 2)
(2, 1, 1, (1, 1, 1), -4): (0, 1)
(2, 1, 1, (1, 1, 1), -3): (1, 1)
(2, 1, 1, (1, 1, 1), -2): (2, 3)
(2, 1, 1, (1, 1, 1), -1): (4, 8)
(2, 1, 1, (1, 1, 1), 0): (8, 9)
(2, 1, 1, (1, 1, 1), 1): (4, 7)
(2, 1, 1, (1, 1, 1), 2): (2, 2)
(2, 1, 1, (1, 1, 1), 3): (4, 4)
(2, 1, 2, (0, 0, 0), -8): (0, 2)
(2, 1, 2, (0, 0, 0), -7): (0, 3)
(2, 1, 2, (0, 0, 0), -6): (0, 4)
(2, 1, 2, (0, 0, 0), -5): (1, 4)
(2, 1, 2, (0, 0, 0), -4): (1, 9)
(2, 1, 2, (0, 0, 0), -3): (5, 26)
(2, 1, 2, (0, 0, 0), -2): (17, 46)
(2, 1, 2, (0, 0, 0), -1): (48, 106)
(2, 1, 2, (0, 0, 0), 0): (129, 239)
(2, 1, 2, (0, 0, 0), 1): (49, 75)
(2, 1, 2, (0, 0, 0), 2): (43, 52)
(2, 1, 2, (0, 0, 0), 3): (20, 22)
(2, 1, 2, (0, 0, 0), 4): (11, 13)
(2, 1, 2, (0, 0, 0), 5): (2, 2)
(2, 1, 2, (0, 0, 0), 6): (2, 2)
(2, 1, 2, (0, 0, 0), 8): (1, 1)
(2, 1, 2, (0, 0, 1), -5): (0, 1)
(2, 1, 2, (0, 0, 1), -2): (3, 6)
(2, 1, 2, (0, 0, 1), -1): (8, 14)
(2, 1, 2, (0, 0, 1), 0): (10, 20)
(2, 1, 2, (0, 0, 1), 1): (10, 13)
(2, 1, 2, (0, 0, 1), 2): (13, 14)
(2, 1, 2, (0, 0, 1), 3): (7, 8)
(2, 1, 2, (0, 0, 1), 4): (1, 2)
(2, 1, 2, (0, 0, 1), 5): (1, 2)
(2, 1, 2, (0, 0, 1), 6): (3, 4)
(2, 1, 2, (0, 0, 1), 8): (1, 1)
(2, 1, 2, (0, 1, 0), -7): (0, 1)
(2, 1, 2, (0, 1, 0), -5): (0, 6)
(2, 1, 2, (0, 1, 0), -4): (1, 5)
(2, 1, 2, (0, 1, 0), -3): (1, 9)
(2, 1, 2, (0, 1, 0), -2): (6, 15)
(2, 1, 2, (0, 1, 0), -1): (16, 32)
(2, 1, 2, (0, 1, 0), 0): (32, 61)
(2, 1, 2, (0, 1, 0), 1): (23, 28)
(2, 1, 2, (0, 1, 0), 2): (15, 24)
(2, 1, 2, (0, 1, 0), 3): (17, 18)
(2, 1, 2, (0, 1, 0), 4): (11, 11)
(2, 1, 2, (0, 1, 0), 5): (6, 6)
(2, 1, 2, (0, 1, 0), 6): (3, 3)
(2, 1, 2, (0, 1, 0), 7): (1, 1)
(2, 1, 2, (0, 1, 0), 8): (1, 1)
(2, 1, 2, (0, 1, 1), -3): (1, 3)
(2, 1, 2, (0, 1, 1), -1): (3, 7)
(2, 1, 2, (0, 1, 1), 0): (9, 15)
(2, 1, 2, (0, 1, 1), 1): (6, 10)
(2, 1, 2, (0, 1, 1), 2): (8, 9)
(2, 1, 2, (0, 1, 1), 3): (1, 1)
(2, 1, 2, (0, 1, 1), 4): (3, 3)
(2, 1, 2, (0, 1, 1), 5): (0, 1)
(2, 1, 2, (0, 1, 1), 7): (1, 1)
(2, 1, 2, (1, 0, 0), -11): (0, 1)
(2, 1, 2, (1, 0, 0), -8): (0, 1)
(2, 1, 2, (1, 0, 0), -7): (0, 1)
(2, 1, 2, (1, 0, 0), -6): (0, 2)
(2, 1, 2, (1, 0, 0), -5): (1, 6)
(2, 1, 2, (1, 0, 0), -4): (1, 4)
(2, 1, 2, (1, 0, 0), -3): (3, 16)
(2, 1, 2, (1, 0, 0), -2): (14, 37)
(2, 1, 2, (1, 0, 0), -1): (28, 62)
(2, 1, 2, (1, 0, 0), 0): (71, 128)
(2, 1, 2, (1, 0, 0), 1): (38, 53)
(2, 1, 2, (1, 0, 0), 2): (28, 39)
(2, 1, 2, (1, 0, 0), 3): (16, 17)
(2, 1, 2, (1, 0, 0), 4): (12, 12)
(2, 1, 2, (1, 0, 0), 5): (3, 3)
(2, 1, 2, (1, 0, 0), 6): (1, 1)
(2, 1, 2, (1, 0, 0), 7): (1, 1)
(2, 1, 2, (1, 0, 0), 8): (1, 1)
(2, 1, 2, (1, 0, 1), -8): (0, 1)
(2, 1, 2, (1, 0, 1), -7): (0, 1)
(2, 1, 2, (1, 0, 1), -5): (0, 1)
(2, 1, 2, (1, 0, 1), -4): (1, 1)
(2, 1, 2, (1, 0, 1), -3): (1, 3)
(2, 1, 2, (1, 0, 1), -2): (2, 2)
(2, 1, 2, (1, 0, 1), -1): (6, 14)
(2, 1, 2, (1, 0, 1), 0): (10, 19)
(2, 1, 2, (1, 0, 1), 1): (10, 13)
(2, 1, 2, (1, 0, 1), 2): (10, 12)
(2, 1, 2, (1, 0, 1), 3): (9, 9)
(2, 1, 2, (1, 0, 1), 4): (3, 4)
(2, 1, 2, (1, 0, 1), 5): (2, 3)
(2, 1, 2, (1, 0, 1), 6): (1, 2)
(2, 1, 2, (1, 0, 1), 8): (1, 1)
(2, 1, 2, (1, 1, 0), -5): (1, 3)
(2, 1, 2, (1, 1, 0), -4): (1, 4)
(2, 1, 2, (1, 1, 0), -3): (2, 6)
(2, 1, 2, (1, 1, 0), -2): (3, 7)
(2, 1, 2, (1, 1, 0), -1): (9, 20)
(2, 1, 2, (1, 1, 0), 0): (23, 42)
(2, 1, 2, (1, 1, 0), 1): (13, 18)
(2, 1, 2, (1, 1, 0), 2): (15, 21)
(2, 1, 2, (1, 1, 0), 3): (7, 11)
(2, 1, 2, (1, 1, 0), 4): (10, 10)
(2, 1, 2, (1, 1, 0), 5): (1, 1)
(2, 1, 2, (1, 1, 0), 6): (2, 2)
(2, 1, 2, (1, 1, 0), 7): (1, 1)
(2, 1, 2, (1, 1, 0), 8): (2, 2)
(2, 1, 2, (1, 1, 1), -5): (0, 1)
(2, 1, 2, (1, 1, 1), -3): (0, 2)
(2, 1, 2, (1, 1, 1), -2): (2, 2)
(2, 1, 2, (1, 1, 1), -1): (3, 6)
(2, 1, 2, (1, 1, 1), 0): (5, 9)
(2, 1, 2, (1, 1, 1), 1): (5, 7)
(2, 1, 2, (1, 1, 1), 2): (6, 6)
(2, 1, 2, (1, 1, 1), 3): (4, 4)
(2, 1, 2, (1, 1, 1), 4): (4, 4)
(2, 1, 2, (1, 1, 1), 5): (2, 2)
(2, 1, 2, (1, 1, 1), 7): (2, 2)
(2, 1, 2, (1, 1, 1), 8): (1, 1)
(2, 1, 2, (1, 1, 1), 9): (1, 1)
(3, 0, 0, (0, 0, 0), -9): (0, 1)
(3, 0, 0, (0, 0, 0), -8): (0, 3)
(3, 0, 0, (0, 0, 0), -7): (0, 1)
(3, 0, 0, (0, 0, 0), -6): (1, 9)
(3, 0, 0, (0, 0, 0), -5): (3, 14)
(3, 0, 0, (0, 0, 0), -4): (3, 36)
(3, 0, 0, (0, 0, 0), -3): (8, 48)
(3, 0, 0, (0, 0, 0), -2): (28, 122)
(3, 0, 0, (0, 0, 0), -1): (51, 159)
(3, 0, 0, (0, 0, 0), 0): (191, 404)
(3, 0, 0, (0, 0, 0), 1): (104, 187)
(3, 0, 0, (0, 0, 0), 2): (51, 81)
(3, 0, 0, (0, 0, 0), 3): (42, 50)
(3, 0, 0, (0, 0, 0), 4): (12, 17)
(3, 0, 0, (0, 0, 0), 5): (14, 17)
(3, 0, 0, (0, 0, 0), 6): (6, 6)
(3, 0, 0, (0, 0, 0), 7): (3, 3)
(3, 0, 0, (0, 0, 0), 8): (2, 2)
(3, 0, 0, (0, 0, 0), 11): (1, 1)
(3, 0, 0, (0, 0, 1), -2): (0, 2)
(3, 0, 0, (0, 0, 1), 0): (1, 4)
(3, 0, 0, (0, 0, 1), 1): (0, 3)
(3, 0, 0, (0, 0, 1), 2): (1, 1)
(3, 0, 0, (0, 0, 1), 3): (1, 1)
(3, 0, 0, (0, 0, 1), 4): (1, 1)
(3, 0, 0, (0, 0, 1), 5): (1, 1)
(3, 0, 0, (0, 1, 0), -8): (0, 1)
(3, 0, 0, (0, 1, 0), -6): (0, 1)
(3, 0, 0, (0, 1, 0), -5): (1, 1)
(3, 0, 0, (0, 1, 0), -4): (1, 1)
(3, 0, 0, (0, 1, 0), -3): (1, 4)
(3, 0, 0, (0, 1, 0), -2): (1, 3)
(3, 0, 0, (0, 1, 0), -1): (1, 3)
(3, 0, 0, (0, 1, 0), 0): (10, 18)
(3, 0, 0, (0, 1, 0), 1): (9, 12)
(3, 0, 0, (0, 1, 0), 2): (5, 5)
(3, 0, 0, (0, 1, 0), 3): (7, 7)
(3, 0, 0, (0, 1, 0), 4): (3, 4)
(3, 0, 0, (0, 1, 0), 5): (1, 1)
(3, 0, 0, (0, 1, 0), 6): (1, 1)
(3, 0, 0, (0, 1, 0), 7): (1, 1)
(3, 0, 0, (0, 1, 1), -3): (1, 2)
(3, 0, 0, (0, 1, 1), -2): (0, 2)
(3, 0, 0, (0, 1, 1), -1): (1, 2)
(3, 0, 0, (0, 1, 1), 0): (2, 2)
(3, 0, 0, (0, 1, 1), 1): (2, 2)
(3, 0, 0, (0, 1, 1), 3): (1, 1)
(3, 0, 0, (0, 1, 1), 5): (1, 2)
(3, 0, 0, (0, 1, 1), 6): (1, 1)
(3, 0, 0, (1, 0, 0), -9): (0, 1)
(3, 0, 0, (1, 0, 0), -7): (0, 1)
(3, 0, 0, (1, 0, 0), -6): (1, 4)
(3, 0, 0, (1, 0, 0), -5): (0, 4)
(3, 0, 0, (1, 0, 0), -4): (0, 8)
(3, 0, 0, (1, 0, 0), -3): (3, 14)
(3, 0, 0, (1, 0, 0), -2): (10, 31)
(3, 0, 0, (1, 0, 0), -1): (11, 37)
(3, 0, 0, (1, 0, 0), 0): (57, 102)
(3, 0, 0, (1, 0, 0), 1): (25, 41)
(3, 0, 0, (1, 0, 0), 2): (17, 25)
(3, 0, 0, (1, 0, 0), 3): (14, 16)
(3, 0, 0, (1, 0, 0), 4): (3, 6)
(3, 0, 0, (1, 0, 0), 5): (4, 5)
(3, 0, 0, (1, 0, 0), 6): (1, 1)
(3, 0, 0, (1, 0, 1), -3): (1, 1)
(3, 0, 0, (1, 0, 1), -2): (3, 6)
(3, 0, 0, (1, 0, 1), -1): (1, 3)
(3, 0, 0, (1, 0, 1), 0): (6, 8)
(3, 0, 0, (1, 0, 1), 1): (3, 4)
(3, 0, 0, (1, 0, 1), 2): (2, 4)
(3, 0, 0, (1, 0, 1), 3): (6, 6)
(3, 0, 0, (1, 0, 1), 5): (1, 1)
(3, 0, 0, (1, 1, 0), -9): (0, 1)
(3, 0, 0, (1, 1, 0), -6): (1, 2)
(3, 0, 0, (1, 1, 0), -5): (0, 1)
(3, 0, 0, (1, 1, 0), -4): (0, 1)
(3, 0, 0, (1, 1, 0), -3): (0, 4)
(3, 0, 0, (1, 1, 0), -2): (3, 8)
(3, 0, 0, (1, 1, 0), -1): (5, 10)
(3, 0, 0, (1, 1, 0), 0): (13, 25)
(3, 0, 0, (1, 1, 0), 1): (6, 9)
(3, 0, 0, (1, 1, 0), 2): (6, 7)
(3, 0, 0, (1, 1, 0), 3): (2, 3)
(3, 0, 0, (1, 1, 0), 4): (1, 2)
(3, 0, 0, (1, 1, 0), 5): (0, 1)
(3, 0, 0, (1, 1, 1), -9): (0, 1)
(3, 0, 0, (1, 1, 1), -5): (0, 1)
(3, 0, 0, (1, 1, 1), -2): (0, 3)
(3, 0, 0, (1, 1, 1), 0): (4, 4)
(3, 0, 0, (1, 1, 1), 1): (1, 1)
(3, 0, 0, (1, 1, 1), 3): (1, 1)
(3, 0, 1, (0, 0, 0), -8): (0, 2)
(3, 0, 1, (0, 0, 0), -6): (0, 4)
(3, 0, 1, (0, 0, 0), -5): (2, 8)
(3, 0, 1, (0, 0, 0), -4): (3, 28)
(3, 0, 1, (0, 0, 0), -3): (3, 30)
(3, 0, 1, (0, 0, 0), -2): (17, 88)
(3, 0, 1, (0, 0, 0), -1): (39, 118)
(3, 0, 1, (0, 0, 0), 0): (124, 279)
(3, 0, 1, (0, 0, 0), 1): (77, 143)
(3, 0, 1, (0, 0, 0), 2): (35, 59)
(3, 0, 1, (0, 0, 0), 3): (25, 33)
(3, 0, 1, (0, 0, 0), 4): (12, 14)
(3, 0, 1, (0, 0, 0), 5): (12, 14)
(3, 0, 1, (0, 0, 0), 6): (5, 5)
(3, 0, 1, (0, 0, 0), 7): (2, 2)
(3, 0, 1, (0, 0, 0), 8): (2, 2)
(3, 0, 1, (0, 0, 0), 11): (1, 1)
(3, 0, 1, (0, 0, 1), -3): (0, 2)
(3, 0, 1, (0, 0, 1), -2): (1, 1)
(3, 0, 1, (0, 0, 1), -1): (0, 2)
(3, 0, 1, (0, 0, 1), 0): (5, 15)
(3, 0, 1, (0, 0, 1), 1): (8, 11)
(3, 0, 1, (0, 0, 1), 2): (7, 10)
(3, 0, 1, (0, 0, 1), 3): (7, 7)
(3, 0, 1, (0, 0, 1), 4): (2, 2)
(3, 0, 1, (0, 0, 1), 5): (2, 2)
(3, 0, 1, (0, 0, 1), 6): (1, 1)
(3, 0, 1, (0, 0, 1), 7): (2, 2)
(3, 0, 1, (0, 1, 0), -8): (0, 1)
(3, 0, 1, (0, 1, 0), -6): (0, 1)
(3, 0, 1, (0, 1, 0), -5): (1, 2)
(3, 0, 1, (0, 1, 0), -4): (1, 3)
(3, 0, 1, (0, 1, 0), -3): (0, 7)
(3, 0, 1, (0, 1, 0), -2): (1, 7)
(3, 0, 1, (0, 1, 0), -1): (2, 9)
(3, 0, 1, (0, 1, 0), 0): (18, 47)
(3, 0, 1, (0, 1, 0), 1): (12, 24)
(3, 0, 1, (0, 1, 0), 2): (10, 11)
(3, 0, 1, (0, 1, 0), 3): (3, 4)
(3, 0, 1, (0, 1, 0), 4): (5, 5)
(3, 0, 1, (0, 1, 0), 5): (5, 6)
(3, 0, 1, (0, 1, 0), 6): (2, 2)
(3, 0, 1, (0, 1, 1), -4): (0, 1)
(3, 0, 1, (0, 1, 1), -3): (0, 2)
(3, 0, 1, (0, 1, 1), -2): (3, 6)
(3, 0, 1, (0, 1, 1), -1): (4, 7)
(3, 0, 1, (0, 1, 1), 0): (14, 22)
(3, 0, 1, (0, 1, 1), 1): (7, 10)
(3, 0, 1, (0, 1, 1), 2): (4, 4)
(3, 0, 1, (0, 1, 1), 3): (2, 3)
(3, 0, 1, (0, 1, 1), 4): (2, 3)
(3, 0, 1, (0, 1, 1), 5): (1, 2)
(3, 0, 1, (0, 1, 1), 6): (1, 1)
(3, 0, 1, (1, 0, 0), -7): (0, 1)
(3, 0, 1, (1, 0, 0), -6): (0, 4)
(3, 0, 1, (1, 0, 0), -5): (0, 2)
(3, 0, 1, (1, 0, 0), -4): (1, 17)
(3, 0, 1, (1, 0, 0), -3): (2, 10)
(3, 0, 1, (1, 0, 0), -2): (8, 29)
(3, 0, 1, (1, 0, 0), -1): (18, 50)
(3, 0, 1, (1, 0, 0), 0): (64, 113)
(3, 0, 1, (1, 0, 0), 1): (38, 63)
(3, 0, 1, (1, 0, 0), 2): (31, 45)
(3, 0, 1, (1, 0, 0), 3): (18, 22)
(3, 0, 1, (1, 0, 0), 4): (9, 10)
(3, 0, 1, (1, 0, 0), 5): (6, 6)
(3, 0, 1, (1, 0, 0), 6): (2, 2)
(3, 0, 1, (1, 0, 0), 7): (2, 2)
(3, 0, 1, (1, 0, 1), -4): (0, 3)
(3, 0, 1, (1, 0, 1), -3): (0, 2)
(3, 0, 1, (1, 0, 1), -2): (0, 2)
(3, 0, 1, (1, 0, 1), -1): (7, 12)
(3, 0, 1, (1, 0, 1), 0): (11, 21)
(3, 0, 1, (1, 0, 1), 1): (11, 19)
(3, 0, 1, (1, 0, 1), 2): (6, 7)
(3, 0, 1, (1, 0, 1), 3): (8, 10)
(3, 0, 1, (1, 0, 1), 4): (2, 3)
(3, 0, 1, (1, 0, 1), 5): (1, 1)
(3, 0, 1, (1, 0, 1), 6): (1, 1)
(3, 0, 1, (1, 0, 1), 7): (1, 1)
(3, 0, 1, (1, 1, 0), -6): (0, 1)
(3, 0, 1, (1, 1, 0), -5): (0, 1)
(3, 0, 1, (1, 1, 0), -4): (0, 2)
(3, 0, 1, (1, 1, 0), -3): (1, 6)
(3, 0, 1, (1, 1, 0), -2): (7, 16)
(3, 0, 1, (1, 1, 0), -1): (4, 15)
(3, 0, 1, (1, 1, 0), 0): (17, 29)
(3, 0, 1, (1, 1, 0), 1): (13, 20)
(3, 0, 1, (1, 1, 0), 2): (12, 18)
(3, 0, 1, (1, 1, 0), 3): (8, 9)
(3, 0, 1, (1, 1, 0), 4): (4, 4)
(3, 0, 1, (1, 1, 0), 5): (2, 2)
(3, 0, 1, (1, 1, 1), -9): (0, 1)
(3, 0, 1, (1, 1, 1), -5): (0, 1)
(3, 0, 1, (1, 1, 1), -3): (0, 1)
(3, 0, 1, (1, 1, 1), -2): (0, 2)
(3, 0, 1, (1, 1, 1), -1): (5, 8)
(3, 0, 1, (1, 1, 1), 0): (8, 8)
(3, 0, 1, (1, 1, 1), 1): (1, 3)
(3, 0, 1, (1, 1, 1), 2): (3, 4)
(3, 0, 1, (1, 1, 1), 3): (4, 4)
(3, 0, 1, (1, 1, 1), 4): (4, 4)
(3, 0, 1, (1, 1, 1), 5): (1, 1)
(3, 0, 2, (0, 0, 0), -8): (0, 2)
(3, 0, 2, (0, 0, 0), -6): (0, 2)
(3, 0, 2, (0, 0, 0), -5): (2, 9)
(3, 0, 2, (0, 0, 0), -4): (2, 15)
(3, 0, 2, (0, 0, 0), -3): (3, 25)
(3, 0, 2, (0, 0, 0), -2): (13, 74)
(3, 0, 2, (0, 0, 0), -1): (30, 94)
(3, 0, 2, (0, 0, 0), 0): (84, 204)
(3, 0, 2, (0, 0, 0), 1): (65, 118)
(3, 0, 2, (0, 0, 0), 2): (27, 45)
(3, 0, 2, (0, 0, 0), 3): (26, 31)
(3, 0, 2, (0, 0, 0), 4): (13, 18)
(3, 0, 2, (0, 0, 0), 5): (9, 10)
(3, 0, 2, (0, 0, 0), 6): (4, 4)
(3, 0, 2, (0, 0, 0), 7): (1, 1)
(3, 0, 2, (0, 0, 0), 8): (2, 2)
(3, 0, 2, (0, 0, 0), 9): (1, 1)
(3, 0, 2, (0, 0, 0), 11): (1, 1)
(3, 0, 2, (0, 0, 1), -3): (0, 4)
(3, 0, 2, (0, 0, 1), -2): (0, 4)
(3, 0, 2, (0, 0, 1), -1): (2, 7)
(3, 0, 2, (0, 0, 1), 0): (4, 23)
(3, 0, 2, (0, 0, 1), 1): (8, 15)
(3, 0, 2, (0, 0, 1), 2): (13, 18)
(3, 0, 2, (0, 0, 1), 3): (5, 6)
(3, 0, 2, (0, 0, 1), 4): (7, 8)
(3, 0, 2, (0, 0, 1), 5): (2, 2)
(3, 0, 2, (0, 0, 1), 6): (3, 3)
(3, 0, 2, (0, 0, 1), 7): (2, 2)
(3, 0, 2, (0, 0, 1), 8): (2, 2)
(3, 0, 2, (0, 1, 0), -8): (0, 2)
(3, 0, 2, (0, 1, 0), -5): (1, 2)
(3, 0, 2, (0, 1, 0), -4): (3, 4)
(3, 0, 2, (0, 1, 0), -3): (4, 9)
(3, 0, 2, (0, 1, 0), -2): (0, 10)
(3, 0, 2, (0, 1, 0), -1): (6, 18)
(3, 0, 2, (0, 1, 0), 0): (20, 55)
(3, 0, 2, (0, 1, 0), 1): (19, 40)
(3, 0, 2, (0, 1, 0), 2): (14, 20)
(3, 0, 2, (0, 1, 0), 3): (12, 13)
(3, 0, 2, (0, 1, 0), 4): (7, 12)
(3, 0, 2, (0, 1, 0), 5): (4, 6)
(3, 0, 2, (0, 1, 0), 6): (0, 1)
(3, 0, 2, (0, 1, 0), 7): (1, 1)
(3, 0, 2, (0, 1, 0), 8): (1, 1)
(3, 0, 2, (0, 1, 1), -3): (0, 2)
(3, 0, 2, (0, 1, 1), -2): (3, 3)
(3, 0, 2, (0, 1, 1), -1): (1, 1)
(3, 0, 2, (0, 1, 1), 0): (10, 15)
(3, 0, 2, (0, 1, 1), 1): (6, 9)
(3, 0, 2, (0, 1, 1), 2): (6, 6)
(3, 0, 2, (0, 1, 1), 3): (3, 3)
(3, 0, 2, (0, 1, 1), 4): (0, 1)
(3, 0, 2, (0, 1, 1), 6): (0, 1)
(3, 0, 2, (1, 0, 0), -8): (0, 1)
(3, 0, 2, (1, 0, 0), -7): (0, 3)
(3, 0, 2, (1, 0, 0), -6): (0, 3)
(3, 0, 2, (1, 0, 0), -5): (2, 5)
(3, 0, 2, (1, 0, 0), -4): (1, 14)
(3, 0, 2, (1, 0, 0), -3): (0, 12)
(3, 0, 2, (1, 0, 0), -2): (5, 23)
(3, 0, 2, (1, 0, 0), -1): (20, 64)
(3, 0, 2, (1, 0, 0), 0): (46, 86)
(3, 0, 2, (1, 0, 0), 1): (30, 62)
(3, 0, 2, (1, 0, 0), 2): (28, 39)
(3, 0, 2, (1, 0, 0), 3): (19, 22)
(3, 0, 2, (1, 0, 0), 4): (7, 10)
(3, 0, 2, (1, 0, 0), 5): (5, 6)
(3, 0, 2, (1, 0, 0), 6): (3, 3)
(3, 0, 2, (1, 0, 0), 7): (2, 2)
(3, 0, 2, (1, 0, 0), 8): (2, 2)
(3, 0, 2, (1, 0, 1), -6): (0, 1)
(3, 0, 2, (1, 0, 1), -5): (1, 1)
(3, 0, 2, (1, 0, 1), -4): (0, 2)
(3, 0, 2, (1, 0, 1), -3): (1, 2)
(3, 0, 2, (1, 0, 1), -2): (2, 7)
(3, 0, 2, (1, 0, 1), -1): (2, 8)
(3, 0, 2, (1, 0, 1), 0): (8, 17)
(3, 0, 2, (1, 0, 1), 1): (11, 17)
(3, 0, 2, (1, 0, 1), 2): (10, 14)
(3, 0, 2, (1, 0, 1), 3): (7, 7)
(3, 0, 2, (1, 0, 1), 4): (2, 3)
(3, 0, 2, (1, 0, 1), 5): (5, 7)
(3, 0, 2, (1, 0, 1), 6): (2, 2)
(3, 0, 2, (1, 1, 0), -8): (0, 2)
(3, 0, 2, (1, 1, 0), -7): (0, 2)
(3, 0, 2, (1, 1, 0), -6): (0, 1)
(3, 0, 2, (1, 1, 0), -5): (1, 2)
(3, 0, 2, (1, 1, 0), -4): (3, 6)
(3, 0, 2, (1, 1, 0), -3): (1, 6)
(3, 0, 2, (1, 1, 0), -2): (4, 10)
(3, 0, 2, (1, 1, 0), -1): (3, 24)
(3, 0, 2, (1, 1, 0), 0): (12, 30)
(3, 0, 2, (1, 1, 0), 1): (17, 35)
(3, 0, 2, (1, 1, 0), 2): (16, 26)
(3, 0, 2, (1, 1, 0), 3): (7, 8)
(3, 0, 2, (1, 1, 0), 4): (6, 7)
(3, 0, 2, (1, 1, 0), 5): (2, 3)
(3, 0, 2, (1, 1, 0), 6): (3, 3)
(3, 0, 2, (1, 1, 1), -5): (1, 1)
(3, 0, 2, (1, 1, 1), -4): (3, 3)
(3, 0, 2, (1, 1, 1), -3): (0, 2)
(3, 0, 2, (1, 1, 1), -2): (0, 3)
(3, 0, 2, (1, 1, 1), -1): (0, 4)
(3, 0, 2, (1, 1, 1), 0): (4, 8)
(3, 0, 2, (1, 1, 1), 1): (3, 6)
(3, 0, 2, (1, 1, 1), 2): (5, 6)
(3, 0, 2, (1, 1, 1), 3): (5, 5)
(3, 0, 2, (1, 1, 1), 4): (5, 6)
(3, 0, 2, (1, 1, 1), 5): (3, 4)
(3, 0, 2, (1, 1, 1), 6): (2, 3)
(3, 1, 0, (0, 0, 0), -11): (0, 1)
(3, 1, 0, (0, 0, 0), -9): (0, 1)
(3, 1, 0, (0, 0, 0), -8): (0, 5)
(3, 1, 0, (0, 0, 0), -7): (0, 5)
(3, 1, 0, (0, 0, 0), -6): (2, 14)
(3, 1, 0, (0, 0, 0), -5): (4, 28)
(3, 1, 0, (0, 0, 0), -4): (9, 44)
(3, 1, 0, (0, 0, 0), -3): (10, 67)
(3, 1, 0, (0, 0, 0), -2): (47, 124)
(3, 1, 0, (0, 0, 0), -1): (108, 215)
(3, 1, 0, (0, 0, 0), 0): (195, 329)
(3, 1, 0, (0, 0, 0), 1): (102, 137)
(3, 1, 0, (0, 0, 0), 2): (85, 104)
(3, 1, 0, (0, 0, 0), 3): (39, 43)
(3, 1, 0, (0, 0, 0), 4): (29, 30)
(3, 1, 0, (0, 0, 0), 5): (9, 10)
(3, 1, 0, (0, 0, 0), 6): (7, 7)
(3, 1, 0, (0, 0, 0), 7): (4, 4)
(3, 1, 0, (0, 0, 0), 8): (1, 1)
(3, 1, 0, (0, 0, 1), -3): (0, 1)
(3, 1, 0, (0, 0, 1), -2): (1, 2)
(3, 1, 0, (0, 0, 1), -1): (3, 3)
(3, 1, 0, (0, 0, 1), 0): (6, 8)
(3, 1, 0, (0, 0, 1), 1): (7, 7)
(3, 1, 0, (0, 0, 1), 2): (3, 4)
(3, 1, 0, (0, 0, 1), 3): (1, 1)
(3, 1, 0, (0, 0, 1), 4): (1, 1)
(3, 1, 0, (0, 0, 1), 5): (2, 2)
(3, 1, 0, (0, 1, 0), -9): (0, 1)
(3, 1, 0, (0, 1, 0), -8): (0, 1)
(3, 1, 0, (0, 1, 0), -6): (0, 2)
(3, 1, 0, (0, 1, 0), -5): (0, 3)
(3, 1, 0, (0, 1, 0), -4): (0, 1)
(3, 1, 0, (0, 1, 0), -3): (1, 4)
(3, 1, 0, (0, 1, 0), -1): (5, 11)
(3, 1, 0, (0, 1, 0), 0): (10, 16)
(3, 1, 0, (0, 1, 0), 1): (7, 11)
(3, 1, 0, (0, 1, 0), 2): (10, 10)
(3, 1, 0, (0, 1, 0), 3): (9, 11)
(3, 1, 0, (0, 1, 0), 4): (5, 5)
(3, 1, 0, (0, 1, 0), 5): (1, 2)
(3, 1, 0, (0, 1, 0), 6): (2, 2)
(3, 1, 0, (0, 1, 1), -3): (1, 1)
(3, 1, 0, (0, 1, 1), -1): (0, 1)
(3, 1, 0, (0, 1, 1), 0): (2, 3)
(3, 1, 0, (0, 1, 1), 2): (1, 1)
(3, 1, 0, (0, 1, 1), 3): (2, 2)
(3, 1, 0, (1, 0, 0), -8): (0, 1)
(3, 1, 0, (1, 0, 0), -7): (0, 1)
(3, 1, 0, (1, 0, 0), -6): (1, 7)
(3, 1, 0, (1, 0, 0), -5): (2, 6)
(3, 1, 0, (1, 0, 0), -4): (3, 14)
(3, 1, 0, (1, 0, 0), -3): (4, 14)
(3, 1, 0, (1, 0, 0), -2): (17, 44)
(3, 1, 0, (1, 0, 0), -1): (25, 47)
(3, 1, 0, (1, 0, 0), 0): (53, 89)
(3, 1, 0, (1, 0, 0), 1): (30, 40)
(3, 1, 0, (1, 0, 0), 2): (26, 31)
(3, 1, 0, (1, 0, 0), 3): (13, 14)
(3, 1, 0, (1, 0, 0), 4): (11, 13)
(3, 1, 0, (1, 0, 0), 5): (3, 4)
(3, 1, 0, (1, 0, 0), 6): (1, 1)
(3, 1, 0, (1, 0, 1), -4): (0, 1)
(3, 1, 0, (1, 0, 1), -3): (2, 2)
(3, 1, 0, (1, 0, 1), -2): (5, 9)
(3, 1, 0, (1, 0, 1), -1): (2, 5)
(3, 1, 0, (1, 0, 1), 0): (7, 7)
(3, 1, 0, (1, 0, 1), 1): (6, 7)
(3, 1, 0, (1, 0, 1), 2): (5, 5)
(3, 1, 0, (1, 0, 1), 4): (1, 1)
(3, 1, 0, (1, 1, 0), -6): (0, 1)
(3, 1, 0, (1, 1, 0), -5): (1, 2)
(3, 1, 0, (1, 1, 0), -4): (2, 2)
(3, 1, 0, (1, 1, 0), -3): (0, 1)
(3, 1, 0, (1, 1, 0), -2): (4, 8)
(3, 1, 0, (1, 1, 0), -1): (6, 13)
(3, 1, 0, (1, 1, 0), 0): (11, 19)
(3, 1, 0, (1, 1, 0), 1): (7, 9)
(3, 1, 0, (1, 1, 0), 2): (7, 7)
(3, 1, 0, (1, 1, 0), 3): (3, 3)
(3, 1, 0, (1, 1, 0), 4): (3, 3)
(3, 1, 0, (1, 1, 0), 5): (1, 1)
(3, 1, 0, (1, 1, 1), -5): (1, 1)
(3, 1, 0, (1, 1, 1), -4): (1, 2)
(3, 1, 0, (1, 1, 1), -1): (2, 3)
(3, 1, 0, (1, 1, 1), 0): (4, 7)
(3, 1, 0, (1, 1, 1), 1): (2, 3)
(3, 1, 0, (1, 1, 1), 2): (4, 4)
(3, 1, 0, (1, 1, 1), 3): (1, 1)
(3, 1, 0, (1, 1, 1), 4): (1, 1)
(3, 1, 1, (0, 0, 0), -11): (0, 1)
(3, 1, 1, (0, 0, 0), -8): (0, 4)
(3, 1, 1, (0, 0, 0), -7): (0, 4)
(3, 1, 1, (0, 0, 0), -6): (1, 6)
(3, 1, 1, (0, 0, 0), -5): (1, 18)
(3, 1, 1, (0, 0, 0), -4): (6, 30)
(3, 1, 1, (0, 0, 0), -3): (5, 47)
(3, 1, 1, (0, 0, 0), -2): (30, 81)
(3, 1, 1, (0, 0, 0), -1): (75, 152)
(3, 1, 1, (0, 0, 0), 0): (132, 229)
(3, 1, 1, (0, 0, 0), 1): (72, 97)
(3, 1, 1, (0, 0, 0), 2): (55, 70)
(3, 1, 1, (0, 0, 0), 3): (27, 29)
(3, 1, 1, (0, 0, 0), 4): (19, 20)
(3, 1, 1, (0, 0, 0), 5): (6, 6)
(3, 1, 1, (0, 0, 0), 6): (5, 5)
(3, 1, 1, (0, 0, 0), 7): (5, 5)
(3, 1, 1, (0, 0, 0), 8): (1, 1)
(3, 1, 1, (0, 0, 1), -5): (0, 3)
(3, 1, 1, (0, 0, 1), -3): (1, 2)
(3, 1, 1, (0, 0, 1), -1): (2, 3)
(3, 1, 1, (0, 0, 1), 0): (6, 8)
(3, 1, 1, (0, 0, 1), 1): (14, 18)
(3, 1, 1, (0, 0, 1), 2): (11, 12)
(3, 1, 1, (0, 0, 1), 3): (3, 4)
(3, 1, 1, (0, 0, 1), 4): (5, 5)
(3, 1, 1, (0, 0, 1), 5): (2, 2)
(3, 1, 1, (0, 0, 1), 9): (1, 1)
(3, 1, 1, (0, 1, 0), -11): (0, 1)
(3, 1, 1, (0, 1, 0), -8): (0, 1)
(3, 1, 1, (0, 1, 0), -7): (0, 1)
(3, 1, 1, (0, 1, 0), -6): (0, 2)
(3, 1, 1, (0, 1, 0), -5): (0, 3)
(3, 1, 1, (0, 1, 0), -4): (0, 2)
(3, 1, 1, (0, 1, 0), -3): (0, 4)
(3, 1, 1, (0, 1, 0), -2): (2, 9)
(3, 1, 1, (0, 1, 0), -1): (15, 25)
(3, 1, 1, (0, 1, 0), 0): (23, 37)
(3, 1, 1, (0, 1, 0), 1): (18, 22)
(3, 1, 1, (0, 1, 0), 2): (18, 23)
(3, 1, 1, (0, 1, 0), 3): (15, 17)
(3, 1, 1, (0, 1, 0), 4): (11, 11)
(3, 1, 1, (0, 1, 0), 5): (5, 6)
(3, 1, 1, (0, 1, 0), 6): (3, 3)
(3, 1, 1, (0, 1, 0), 7): (1, 1)
(3, 1, 1, (0, 1, 0), 8): (1, 1)
(3, 1, 1, (0, 1, 1), -5): (0, 1)
(3, 1, 1, (0, 1, 1), -4): (0, 1)
(3, 1, 1, (0, 1, 1), -3): (2, 2)
(3, 1, 1, (0, 1, 1), -2): (2, 5)
(3, 1, 1, (0, 1, 1), -1): (2, 5)
(3, 1, 1, (0, 1, 1), 0): (6, 10)
(3, 1, 1, (0, 1, 1), 1): (9, 12)
(3, 1, 1, (0, 1, 1), 2): (6, 6)
(3, 1, 1, (0, 1, 1), 3): (4, 4)
(3, 1, 1, (0, 1, 1), 4): (3, 4)
(3, 1, 1, (0, 1, 1), 5): (2, 2)
(3, 1, 1, (0, 1, 1), 6): (1, 1)
(3, 1, 1, (1, 0, 0), -8): (0, 2)
(3, 1, 1, (1, 0, 0), -7): (0, 2)
(3, 1, 1, (1, 0, 0), -6): (0, 4)
(3, 1, 1, (1, 0, 0), -5): (1, 7)
(3, 1, 1, (1, 0, 0), -4): (3, 14)
(3, 1, 1, (1, 0, 0), -3): (4, 22)
(3, 1, 1, (1, 0, 0), -2): (15, 44)
(3, 1, 1, (1, 0, 0), -1): (36, 67)
(3, 1, 1, (1, 0, 0), 0): (59, 90)
(3, 1, 1, (1, 0, 0), 1): (40, 50)
(3, 1, 1, (1, 0, 0), 2): (30, 40)
(3, 1, 1, (1, 0, 0), 3): (23, 24)
(3, 1, 1, (1, 0, 0), 4): (6, 7)
(3, 1, 1, (1, 0, 0), 5): (8, 8)
(3, 1, 1, (1, 0, 0), 6): (3, 3)
(3, 1, 1, (1, 0, 0), 7): (3, 3)
(3, 1, 1, (1, 0, 0), 8): (1, 1)
(3, 1, 1, (1, 0, 1), -6): (0, 1)
(3, 1, 1, (1, 0, 1), -4): (2, 3)
(3, 1, 1, (1, 0, 1), -3): (0, 1)
(3, 1, 1, (1, 0, 1), -2): (2, 6)
(3, 1, 1, (1, 0, 1), -1): (4, 14)
(3, 1, 1, (1, 0, 1), 0): (14, 18)
(3, 1, 1, (1, 0, 1), 1): (16, 20)
(3, 1, 1, (1, 0, 1), 2): (7, 7)
(3, 1, 1, (1, 0, 1), 3): (5, 7)
(3, 1, 1, (1, 0, 1), 4): (1, 1)
(3, 1, 1, (1, 0, 1), 5): (1, 1)
(3, 1, 1, (1, 0, 1), 7): (1, 1)
(3, 1, 1, (1, 0, 1), 9): (1, 1)
(3, 1, 1, (1, 1, 0), -7): (0, 1)
(3, 1, 1, (1, 1, 0), -6): (0, 2)
(3, 1, 1, (1, 1, 0), -5): (1, 3)
(3, 1, 1, (1, 1, 0), -4): (1, 5)
(3, 1, 1, (1, 1, 0), -3): (1, 3)
(3, 1, 1, (1, 1, 0), -2): (5, 12)
(3, 1, 1, (1, 1, 0), -1): (10, 22)
(3, 1, 1, (1, 1, 0), 0): (28, 37)
(3, 1, 1, (1, 1, 0), 1): (18, 25)
(3, 1, 1, (1, 1, 0), 2): (10, 16)
(3, 1, 1, (1, 1, 0), 3): (5, 6)
(3, 1, 1, (1, 1, 0), 4): (3, 3)
(3, 1, 1, (1, 1, 0), 6): (1, 1)
(3, 1, 1, (1, 1, 1), -5): (0, 1)
(3, 1, 1, (1, 1, 1), -4): (2, 3)
(3, 1, 1, (1, 1, 1), -3): (2, 2)
(3, 1, 1, (1, 1, 1), -2): (2, 3)
(3, 1, 1, (1, 1, 1), -1): (1, 5)
(3, 1, 1, (1, 1, 1), 0): (3, 7)
(3, 1, 1, (1, 1, 1), 1): (8, 12)
(3, 1, 1, (1, 1, 1), 2): (5, 5)
(3, 1, 1, (1, 1, 1), 3): (3, 3)
(3, 1, 1, (1, 1, 1), 4): (2, 3)
(3, 1, 1, (1, 1, 1), 6): (1, 1)
(3, 1, 2, (0, 0, 0), -8): (0, 3)
(3, 1, 2, (0, 0, 0), -7): (0, 3)
(3, 1, 2, (0, 0, 0), -6): (2, 7)
(3, 1, 2, (0, 0, 0), -5): (1, 14)
(3, 1, 2, (0, 0, 0), -4): (4, 29)
(3, 1, 2, (0, 0, 0), -3): (2, 32)
(3, 1, 2, (0, 0, 0), -2): (22, 58)
(3, 1, 2, (0, 0, 0), -1): (50, 103)
(3, 1, 2, (0, 0, 0), 0): (97, 183)
(3, 1, 2, (0, 0, 0), 1): (44, 66)
(3, 1, 2, (0, 0, 0), 2): (46, 58)
(3, 1, 2, (0, 0, 0), 3): (29, 30)
(3, 1, 2, (0, 0, 0), 4): (15, 17)
(3, 1, 2, (0, 0, 0), 5): (9, 11)
(3, 1, 2, (0, 0, 0), 6): (7, 7)
(3, 1, 2, (0, 0, 0), 7): (2, 2)
(3, 1, 2, (0, 0, 0), 8): (2, 2)
(3, 1, 2, (0, 0, 1), -7): (0, 1)
(3, 1, 2, (0, 0, 1), -5): (0, 3)
(3, 1, 2, (0, 0, 1), -4): (0, 1)
(3, 1, 2, (0, 0, 1), -3): (0, 1)
(3, 1, 2, (0, 0, 1), -2): (0, 4)
(3, 1, 2, (0, 0, 1), -1): (5, 10)
(3, 1, 2, (0, 0, 1), 0): (7, 14)
(3, 1, 2, (0, 0, 1), 1): (15, 18)
(3, 1, 2, (0, 0, 1), 2): (9, 12)
(3, 1, 2, (0, 0, 1), 3): (7, 8)
(3, 1, 2, (0, 0, 1), 4): (4, 5)
(3, 1, 2, (0, 0, 1), 5): (2, 2)
(3, 1, 2, (0, 0, 1), 6): (2, 2)
(3, 1, 2, (0, 0, 1), 8): (1, 1)
(3, 1, 2, (0, 1, 0), -8): (0, 1)
(3, 1, 2, (0, 1, 0), -6): (0, 3)
(3, 1, 2, (0, 1, 0), -4): (2, 5)
(3, 1, 2, (0, 1, 0), -3): (1, 9)
(3, 1, 2, (0, 1, 0), -2): (1, 10)
(3, 1, 2, (0, 1, 0), -1): (12, 25)
(3, 1, 2, (0, 1, 0), 0): (20, 35)
(3, 1, 2, (0, 1, 0), 1): (19, 27)
(3, 1, 2, (0, 1, 0), 2): (27, 31)
(3, 1, 2, (0, 1, 0), 3): (19, 22)
(3, 1, 2, (0, 1, 0), 4): (15, 17)
(3, 1, 2, (0, 1, 0), 5): (8, 9)
(3, 1, 2, (0, 1, 0), 6): (7, 7)
(3, 1, 2, (0, 1, 0), 7): (1, 1)
(3, 1, 2, (0, 1, 1), -6): (0, 1)
(3, 1, 2, (0, 1, 1), -4): (0, 3)
(3, 1, 2, (0, 1, 1), -3): (1, 2)
(3, 1, 2, (0, 1, 1), -2): (2, 4)
(3, 1, 2, (0, 1, 1), -1): (3, 10)
(3, 1, 2, (0, 1, 1), 0): (7, 12)
(3, 1, 2, (0, 1, 1), 1): (4, 9)
(3, 1, 2, (0, 1, 1), 2): (4, 9)
(3, 1, 2, (0, 1, 1), 3): (4, 5)
(3, 1, 2, (0, 1, 1), 4): (1, 1)
(3, 1, 2, (0, 1, 1), 5): (3, 3)
(3, 1, 2, (1, 0, 0), -11): (0, 1)
(3, 1, 2, (1, 0, 0), -8): (0, 3)
(3, 1, 2, (1, 0, 0), -7): (0, 2)
(3, 1, 2, (1, 0, 0), -6): (0, 2)
(3, 1, 2, (1, 0, 0), -5): (1, 7)
(3, 1, 2, (1, 0, 0), -4): (3, 22)
(3, 1, 2, (1, 0, 0), -3): (3, 25)
(3, 1, 2, (1, 0, 0), -2): (15, 43)
(3, 1, 2, (1, 0, 0), -1): (30, 56)
(3, 1, 2, (1, 0, 0), 0): (55, 98)
(3, 1, 2, (1, 0, 0), 1): (20, 34)
(3, 1, 2, (1, 0, 0), 2): (38, 47)
(3, 1, 2, (1, 0, 0), 3): (29, 32)
(3, 1, 2, (1, 0, 0), 4): (13, 15)
(3, 1, 2, (1, 0, 0), 5): (10, 11)
(3, 1, 2, (1, 0, 0), 6): (4, 5)
(3, 1, 2, (1, 0, 0), 7): (1, 1)
(3, 1, 2, (1, 0, 0), 8): (2, 2)
(3, 1, 2, (1, 0, 0), 10): (1, 1)
(3, 1, 2, (1, 0, 1), -5): (1, 1)
(3, 1, 2, (1, 0, 1), -4): (0, 4)
(3, 1, 2, (1, 0, 1), -3): (0, 2)
(3, 1, 2, (1, 0, 1), -2): (3, 9)
(3, 1, 2, (1, 0, 1), -1): (3, 9)
(3, 1, 2, (1, 0, 1), 0): (11, 21)
(3, 1, 2, (1, 0, 1), 1): (13, 19)
(3, 1, 2, (1, 0, 1), 2): (8, 12)
(3, 1, 2, (1, 0, 1), 3): (8, 8)
(3, 1, 2, (1, 0, 1), 4): (4, 4)
(3, 1, 2, (1, 0, 1), 5): (5, 5)
(3, 1, 2, (1, 1, 0), -8): (0, 1)
(3, 1, 2, (1, 1, 0), -6): (0, 1)
(3, 1, 2, (1, 1, 0), -5): (1, 1)
(3, 1, 2, (1, 1, 0), -4): (1, 6)
(3, 1, 2, (1, 1, 0), -3): (2, 9)
(3, 1, 2, (1, 1, 0), -2): (5, 18)
(3, 1, 2, (1, 1, 0), -1): (16, 22)
(3, 1, 2, (1, 1, 0), 0): (36, 51)
(3, 1, 2, (1, 1, 0), 1): (14, 22)
(3, 1, 2, (1, 1, 0), 2): (21, 28)
(3, 1, 2, (1, 1, 0), 3): (10, 13)
(3, 1, 2, (1, 1, 0), 4): (9, 9)
(3, 1, 2, (1, 1, 0), 5): (4, 4)
(3, 1, 2, (1, 1, 0), 6): (2, 2)
(3, 1, 2, (1, 1, 0), 8): (1, 1)
(3, 1, 2, (1, 1, 1), -5): (1, 2)
(3, 1, 2, (1, 1, 1), -4): (0, 1)
(3, 1, 2, (1, 1, 1), -3): (1, 2)
(3, 1, 2, (1, 1, 1), -2): (2, 5)
(3, 1, 2, (1, 1, 1), -1): (2, 10)
(3, 1, 2, (1, 1, 1), 0): (8, 14)
(3, 1, 2, (1, 1, 1), 1): (9, 12)
(3, 1, 2, (1, 1, 1), 2): (7, 11)
(3, 1, 2, (1, 1, 1), 3): (7, 7)
(3, 1, 2, (1, 1, 1), 4): (3, 3)
(3, 1, 2, (1, 1, 1), 5): (1, 1)
(3, 1, 2, (1, 1, 1), 6): (2, 2)
(4, 0, 0, (0, 0, 0), -10): (0, 1)
(4, 0, 0, (0, 0, 0), -8): (0, 4)
(4, 0, 0, (0, 0, 0), -7): (0, 4)
(4, 0, 0, (0, 0, 0), -6): (1, 21)
(4, 0, 0, (0, 0, 0), -5): (3, 32)
(4, 0, 0, (0, 0, 0), -4): (7, 44)
(4, 0, 0, (0, 0, 0), -3): (7, 84)
(4, 0, 0, (0, 0, 0), -2): (27, 124)
(4, 0, 0, (0, 0, 0), -1): (54, 154)
(4, 0, 0, (0, 0, 0), 0): (130, 278)
(4, 0, 0, (0, 0, 0), 1): (97, 181)
(4, 0, 0, (0, 0, 0), 2): (75, 104)
(4, 0, 0, (0, 0, 0), 3): (52, 57)
(4, 0, 0, (0, 0, 0), 4): (35, 39)
(4, 0, 0, (0, 0, 0), 5): (20, 22)
(4, 0, 0, (0, 0, 0), 6): (12, 14)
(4, 0, 0, (0, 0, 0), 7): (5, 5)
(4, 0, 0, (0, 0, 0), 8): (4, 4)
(4, 0, 0, (0, 0, 0), 10): (1, 1)
(4, 0, 0, (0, 0, 0), 11): (1, 1)
(4, 0, 0, (0, 0, 1), -3): (0, 1)
(4, 0, 0, (0, 0, 1), -2): (0, 1)
(4, 0, 0, (0, 0, 1), -1): (2, 3)
(4, 0, 0, (0, 0, 1), 0): (2, 7)
(4, 0, 0, (0, 0, 1), 1): (2, 4)
(4, 0, 0, (0, 0, 1), 3): (1, 1)
(4, 0, 0, (0, 0, 1), 4): (1, 1)
(4, 0, 0, (0, 0, 1), 5): (1, 1)
(4, 0, 0, (0, 1, 0), -6): (0, 2)
(4, 0, 0, (0, 1, 0), -5): (1, 2)
(4, 0, 0, (0, 1, 0), -4): (0, 1)
(4, 0, 0, (0, 1, 0), -3): (0, 6)
(4, 0, 0, (0, 1, 0), -2): (0, 8)
(4, 0, 0, (0, 1, 0), -1): (3, 12)
(4, 0, 0, (0, 1, 0), 0): (15, 24)
(4, 0, 0, (0, 1, 0), 1): (12, 15)
(4, 0, 0, (0, 1, 0), 2): (8, 11)
(4, 0, 0, (0, 1, 0), 3): (6, 8)
(4, 0, 0, (0, 1, 0), 4): (3, 4)
(4, 0, 0, (0, 1, 0), 5): (2, 3)
(4, 0, 0, (0, 1, 0), 6): (2, 2)
(4, 0, 0, (0, 1, 1), -7): (0, 3)
(4, 0, 0, (0, 1, 1), -6): (0, 1)
(4, 0, 0, (0, 1, 1), -5): (0, 1)
(4, 0, 0, (0, 1, 1), -4): (1, 1)
(4, 0, 0, (0, 1, 1), -2): (1, 1)
(4, 0, 0, (0, 1, 1), -1): (3, 5)
(4, 0, 0, (0, 1, 1), 0): (3, 5)
(4, 0, 0, (0, 1, 1), 1): (4, 4)
(4, 0, 0, (0, 1, 1), 2): (2, 2)
(4, 0, 0, (0, 1, 1), 4): (1, 1)
(4, 0, 0, (0, 1, 1), 5): (1, 1)
(4, 0, 0, (1, 0, 0), -8): (0, 1)
(4, 0, 0, (1, 0, 0), -7): (0, 2)
(4, 0, 0, (1, 0, 0), -6): (0, 3)
(4, 0, 0, (1, 0, 0), -5): (1, 13)
(4, 0, 0, (1, 0, 0), -4): (5, 17)
(4, 0, 0, (1, 0, 0), -3): (4, 30)
(4, 0, 0, (1, 0, 0), -2): (12, 38)
(4, 0, 0, (1, 0, 0), -1): (18, 41)
(4, 0, 0, (1, 0, 0), 0): (41, 79)
(4, 0, 0, (1, 0, 0), 1): (27, 54)
(4, 0, 0, (1, 0, 0), 2): (24, 29)
(4, 0, 0, (1, 0, 0), 3): (21, 21)
(4, 0, 0, (1, 0, 0), 4): (7, 9)
(4, 0, 0, (1, 0, 0), 5): (3, 3)
(4, 0, 0, (1, 0, 0), 6): (2, 3)
(4, 0, 0, (1, 0, 0), 8): (3, 3)
(4, 0, 0, (1, 0, 0), 11): (1, 1)
(4, 0, 0, (1, 0, 1), -4): (1, 4)
(4, 0, 0, (1, 0, 1), -3): (1, 3)
(4, 0, 0, (1, 0, 1), -2): (2, 6)
(4, 0, 0, (1, 0, 1), -1): (2, 7)
(4, 0, 0, (1, 0, 1), 0): (7, 10)
(4, 0, 0, (1, 0, 1), 1): (5, 8)
(4, 0, 0, (1, 0, 1), 2): (2, 3)
(4, 0, 0, (1, 0, 1), 3): (3, 3)
(4, 0, 0, (1, 1, 0), -8): (0, 1)
(4, 0, 0, (1, 1, 0), -5): (1, 5)
(4, 0, 0, (1, 1, 0), -4): (1, 2)
(4, 0, 0, (1, 1, 0), -3): (0, 8)
(4, 0, 0, (1, 1, 0), -2): (2, 9)
(4, 0, 0, (1, 1, 0), -1): (3, 7)
(4, 0, 0, (1, 1, 0), 0): (4, 12)
(4, 0, 0, (1, 1, 0), 1): (5, 7)
(4, 0, 0, (1, 1, 0), 2): (2, 2)
(4, 0, 0, (1, 1, 0), 3): (5, 5)
(4, 0, 0, (1, 1, 0), 4): (1, 2)
(4, 0, 0, (1, 1, 0), 5): (2, 2)
(4, 0, 0, (1, 1, 0), 6): (1, 1)
(4, 0, 0, (1, 1, 0), 11): (1, 1)
(4, 0, 0, (1, 1, 1), -4): (1, 1)
(4, 0, 0, (1, 1, 1), -3): (1, 2)
(4, 0, 0, (1, 1, 1), -2): (0, 1)
(4, 0, 0, (1, 1, 1), -1): (2, 2)
(4, 0, 0, (1, 1, 1), 0): (2, 2)
(4, 0, 0, (1, 1, 1), 1): (1, 1)
(4, 0, 0, (1, 1, 1), 3): (1, 1)
(4, 0, 1, (0, 0, 0), -10): (0, 1)
(4, 0, 1, (0, 0, 0), -9): (0, 1)
(4, 0, 1, (0, 0, 0), -8): (0, 3)
(4, 0, 1, (0, 0, 0), -7): (0, 2)
(4, 0, 1, (0, 0, 0), -6): (0, 14)
(4, 0, 1, (0, 0, 0), -5): (1, 18)
(4, 0, 1, (0, 0, 0), -4): (2, 28)
(4, 0, 1, (0, 0, 0), -3): (3, 47)
(4, 0, 1, (0, 0, 0), -2): (15, 76)
(4, 0, 1, (0, 0, 0), -1): (30, 99)
(4, 0, 1, (0, 0, 0), 0): (78, 180)
(4, 0, 1, (0, 0, 0), 1): (66, 125)
(4, 0, 1, (0, 0, 0), 2): (51, 75)
(4, 0, 1, (0, 0, 0), 3): (27, 31)
(4, 0, 1, (0, 0, 0), 4): (28, 30)
(4, 0, 1, (0, 0, 0), 5): (16, 17)
(4, 0, 1, (0, 0, 0), 6): (7, 8)
(4, 0, 1, (0, 0, 0), 7): (5, 5)
(4, 0, 1, (0, 0, 0), 8): (1, 1)
(4, 0, 1, (0, 0, 0), 9): (1, 1)
(4, 0, 1, (0, 0, 0), 10): (1, 1)
(4, 0, 1, (0, 0, 1), -5): (0, 1)
(4, 0, 1, (0, 0, 1), -4): (0, 1)
(4, 0, 1, (0, 0, 1), -3): (1, 3)
(4, 0, 1, (0, 0, 1), -1): (6, 12)
(4, 0, 1, (0, 0, 1), 0): (9, 19)
(4, 0, 1, (0, 0, 1), 1): (5, 11)
(4, 0, 1, (0, 0, 1), 2): (8, 13)
(4, 0, 1, (0, 0, 1), 3): (3, 4)
(4, 0, 1, (0, 0, 1), 4): (3, 3)
(4, 0, 1, (0, 0, 1), 5): (6, 8)
(4, 0, 1, (0, 0, 1), 6): (1, 1)
(4, 0, 1, (0, 1, 0), -6): (0, 5)
(4, 0, 1, (0, 1, 0), -5): (0, 1)
(4, 0, 1, (0, 1, 0), -4): (0, 2)
(4, 0, 1, (0, 1, 0), -3): (1, 9)
(4, 0, 1, (0, 1, 0), -2): (2, 12)
(4, 0, 1, (0, 1, 0), -1): (9, 17)
(4, 0, 1, (0, 1, 0), 0): (24, 46)
(4, 0, 1, (0, 1, 0), 1): (13, 23)
(4, 0, 1, (0, 1, 0), 2): (18, 24)
(4, 0, 1, (0, 1, 0), 3): (12, 15)
(4, 0, 1, (0, 1, 0), 4): (8, 8)
(4, 0, 1, (0, 1, 0), 5): (2, 2)
(4, 0, 1, (0, 1, 0), 6): (5, 7)
(4, 0, 1, (0, 1, 0), 8): (1, 1)
(4, 0, 1, (0, 1, 0), 10): (1, 1)
(4, 0, 1, (0, 1, 0), 11): (1, 1)
(4, 0, 1, (0, 1, 1), -6): (0, 1)
(4, 0, 1, (0, 1, 1), -4): (0, 1)
(4, 0, 1, (0, 1, 1), -3): (0, 1)
(4, 0, 1, (0, 1, 1), -2): (2, 6)
(4, 0, 1, (0, 1, 1), -1): (4, 6)
(4, 0, 1, (0, 1, 1), 0): (7, 16)
(4, 0, 1, (0, 1, 1), 1): (8, 10)
(4, 0, 1, (0, 1, 1), 2): (8, 10)
(4, 0, 1, (0, 1, 1), 3): (5, 6)
(4, 0, 1, (0, 1, 1), 4): (2, 3)
(4, 0, 1, (0, 1, 1), 5): (3, 3)
(4, 0, 1, (0, 1, 1), 6): (1, 1)
(4, 0, 1, (0, 1, 1), 11): (1, 1)
(4, 0, 1, (1, 0, 0), -8): (0, 1)
(4, 0, 1, (1, 0, 0), -7): (0, 1)
(4, 0, 1, (1, 0, 0), -6): (0, 7)
(4, 0, 1, (1, 0, 0), -5): (1, 13)
(4, 0, 1, (1, 0, 0), -4): (2, 21)
(4, 0, 1, (1, 0, 0), -3): (3, 26)
(4, 0, 1, (1, 0, 0), -2): (12, 52)
(4, 0, 1, (1, 0, 0), -1): (22, 48)
(4, 0, 1, (1, 0, 0), 0): (39, 79)
(4, 0, 1, (1, 0, 0), 1): (31, 59)
(4, 0, 1, (1, 0, 0), 2): (25, 40)
(4, 0, 1, (1, 0, 0), 3): (25, 26)
(4, 0, 1, (1, 0, 0), 4): (13, 15)
(4, 0, 1, (1, 0, 0), 5): (4, 4)
(4, 0, 1, (1, 0, 0), 6): (5, 6)
(4, 0, 1, (1, 0, 0), 7): (3, 4)
(4, 0, 1, (1, 0, 0), 8): (2, 2)
(4, 0, 1, (1, 0, 0), 12): (1, 1)
(4, 0, 1, (1, 0, 1), -6): (0, 1)
(4, 0, 1, (1, 0, 1), -5): (0, 1)
(4, 0, 1, (1, 0, 1), -4): (0, 2)
(4, 0, 1, (1, 0, 1), -3): (1, 6)
(4, 0, 1, (1, 0, 1), -2): (2, 7)
(4, 0, 1, (1, 0, 1), -1): (4, 5)
(4, 0, 1, (1, 0, 1), 0): (7, 12)
(4, 0, 1, (1, 0, 1), 1): (3, 5)
(4, 0, 1, (1, 0, 1), 2): (4, 8)
(4, 0, 1, (1, 0, 1), 3): (10, 10)
(4, 0, 1, (1, 0, 1), 4): (2, 2)
(4, 0, 1, (1, 0, 1), 5): (1, 2)
(4, 0, 1, (1, 1, 0), -6): (0, 1)
(4, 0, 1, (1, 1, 0), -5): (1, 5)
(4, 0, 1, (1, 1, 0), -4): (2, 7)
(4, 0, 1, (1, 1, 0), -3): (1, 4)
(4, 0, 1, (1, 1, 0), -2): (3, 14)
(4, 0, 1, (1, 1, 0), -1): (6, 14)
(4, 0, 1, (1, 1, 0), 0): (15, 36)
(4, 0, 1, (1, 1, 0), 1): (11, 18)
(4, 0, 1, (1, 1, 0), 2): (8, 11)
(4, 0, 1, (1, 1, 0), 3): (6, 8)
(4, 0, 1, (1, 1, 0), 4): (6, 6)
(4, 0, 1, (1, 1, 0), 5): (2, 2)
(4, 0, 1, (1, 1, 0), 6): (4, 5)
(4, 0, 1, (1, 1, 1), -5): (0, 2)
(4, 0, 1, (1, 1, 1), -4): (1, 4)
(4, 0, 1, (1, 1, 1), -3): (1, 4)
(4, 0, 1, (1, 1, 1), -2): (0, 2)
(4, 0, 1, (1, 1, 1), -1): (2, 3)
(4, 0, 1, (1, 1, 1), 0): (3, 9)
(4, 0, 1, (1, 1, 1), 1): (3, 6)
(4, 0, 1, (1, 1, 1), 2): (5, 5)
(4, 0, 1, (1, 1, 1), 3): (3, 3)
(4, 0, 1, (1, 1, 1), 5): (2, 2)
(4, 0, 2, (0, 0, 0), -9): (0, 1)
(4, 0, 2, (0, 0, 0), -8): (0, 2)
(4, 0, 2, (0, 0, 0), -7): (0, 1)
(4, 0, 2, (0, 0, 0), -6): (0, 9)
(4, 0, 2, (0, 0, 0), -5): (1, 11)
(4, 0, 2, (0, 0, 0), -4): (2, 20)
(4, 0, 2, (0, 0, 0), -3): (3, 41)
(4, 0, 2, (0, 0, 0), -2): (10, 55)
(4, 0, 2, (0, 0, 0), -1): (13, 68)
(4, 0, 2, (0, 0, 0), 0): (53, 137)
(4, 0, 2, (0, 0, 0), 1): (50, 99)
(4, 0, 2, (0, 0, 0), 2): (44, 63)
(4, 0, 2, (0, 0, 0), 3): (22, 26)
(4, 0, 2, (0, 0, 0), 4): (26, 29)
(4, 0, 2, (0, 0, 0), 5): (13, 15)
(4, 0, 2, (0, 0, 0), 6): (8, 8)
(4, 0, 2, (0, 0, 0), 7): (6, 7)
(4, 0, 2, (0, 0, 0), 8): (1, 1)
(4, 0, 2, (0, 0, 0), 9): (1, 1)
(4, 0, 2, (0, 0, 1), -4): (1, 3)
(4, 0, 2, (0, 0, 1), -3): (1, 6)
(4, 0, 2, (0, 0, 1), -2): (0, 2)
(4, 0, 2, (0, 0, 1), -1): (2, 13)
(4, 0, 2, (0, 0, 1), 0): (10, 16)
(4, 0, 2, (0, 0, 1), 1): (3, 7)
(4, 0, 2, (0, 0, 1), 2): (6, 10)
(4, 0, 2, (0, 0, 1), 3): (5, 6)
(4, 0, 2, (0, 0, 1), 4): (5, 6)
(4, 0, 2, (0, 0, 1), 5): (3, 4)
(4, 0, 2, (0, 0, 1), 6): (2, 3)
(4, 0, 2, (0, 0, 1), 7): (1, 1)
(4, 0, 2, (0, 0, 1), 8): (1, 1)
(4, 0, 2, (0, 0, 1), 11): (1, 1)
(4, 0, 2, (0, 1, 0), -6): (0, 7)
(4, 0, 2, (0, 1, 0), -5): (1, 3)
(4, 0, 2, (0, 1, 0), -4): (1, 5)
(4, 0, 2, (0, 1, 0), -3): (1, 7)
(4, 0, 2, (0, 1, 0), -2): (3, 14)
(4, 0, 2, (0, 1, 0), -1): (6, 18)
(4, 0, 2, (0, 1, 0), 0): (21, 45)
(4, 0, 2, (0, 1, 0), 1): (18, 32)
(4, 0, 2, (0, 1, 0), 2): (19, 29)
(4, 0, 2, (0, 1, 0), 3): (5, 10)
(4, 0, 2, (0, 1, 0), 4): (14, 16)
(4, 0, 2, (0, 1, 0), 5): (6, 8)
(4, 0, 2, (0, 1, 0), 6): (4, 5)
(4, 0, 2, (0, 1, 0), 7): (1, 1)
(4, 0, 2, (0, 1, 0), 8): (1, 1)
(4, 0, 2, (0, 1, 0), 9): (2, 2)
(4, 0, 2, (0, 1, 1), -6): (0, 2)
(4, 0, 2, (0, 1, 1), -5): (0, 2)
(4, 0, 2, (0, 1, 1), -3): (0, 1)
(4, 0, 2, (0, 1, 1), -2): (1, 5)
(4, 0, 2, (0, 1, 1), -1): (3, 7)
(4, 0, 2, (0, 1, 1), 0): (5, 10)
(4, 0, 2, (0, 1, 1), 1): (6, 12)
(4, 0, 2, (0, 1, 1), 2): (6, 7)
(4, 0, 2, (0, 1, 1), 3): (2, 3)
(4, 0, 2, (0, 1, 1), 4): (2, 2)
(4, 0, 2, (0, 1, 1), 6): (3, 3)
(4, 0, 2, (0, 1, 1), 9): (1, 1)
(4, 0, 2, (0, 1, 1), 11): (1, 1)
(4, 0, 2, (1, 0, 0), -9): (0, 1)
(4, 0, 2, (1, 0, 0), -8): (0, 1)
(4, 0, 2, (1, 0, 0), -7): (0, 1)
(4, 0, 2, (1, 0, 0), -6): (0, 5)
(4, 0, 2, (1, 0, 0), -5): (1, 12)
(4, 0, 2, (1, 0, 0), -4): (1, 13)
(4, 0, 2, (1, 0, 0), -3): (2, 30)
(4, 0, 2, (1, 0, 0), -2): (12, 46)
(4, 0, 2, (1, 0, 0), -1): (13, 42)
(4, 0, 2, (1, 0, 0), 0): (29, 67)
(4, 0, 2, (1, 0, 0), 1): (24, 52)
(4, 0, 2, (1, 0, 0), 2): (21, 32)
(4, 0, 2, (1, 0, 0), 3): (25, 29)
(4, 0, 2, (1, 0, 0), 4): (16, 19)
(4, 0, 2, (1, 0, 0), 5): (9, 11)
(4, 0, 2, (1, 0, 0), 6): (8, 9)
(4, 0, 2, (1, 0, 0), 7): (5, 5)
(4, 0, 2, (1, 0, 0), 8): (4, 4)
(4, 0, 2, (1, 0, 0), 9): (2, 2)
(4, 0, 2, (1, 0, 0), 10): (1, 1)
(4, 0, 2, (1, 0, 0), 12): (1, 1)
(4, 0, 2, (1, 0, 1), -6): (0, 1)
(4, 0, 2, (1, 0, 1), -4): (0, 1)
(4, 0, 2, (1, 0, 1), -3): (0, 4)
(4, 0, 2, (1, 0, 1), -2): (0, 9)
(4, 0, 2, (1, 0, 1), -1): (6, 10)
(4, 0, 2, (1, 0, 1), 0): (8, 16)
(4, 0, 2, (1, 0, 1), 1): (8, 13)
(4, 0, 2, (1, 0, 1), 2): (7, 8)
(4, 0, 2, (1, 0, 1), 3): (8, 10)
(4, 0, 2, (1, 0, 1), 4): (5, 7)
(4, 0, 2, (1, 0, 1), 5): (4, 4)
(4, 0, 2, (1, 0, 1), 6): (2, 2)
(4, 0, 2, (1, 0, 1), 11): (1, 1)
(4, 0, 2, (1, 1, 0), -9): (0, 1)
(4, 0, 2, (1, 1, 0), -6): (0, 2)
(4, 0, 2, (1, 1, 0), -5): (0, 3)
(4, 0, 2, (1, 1, 0), -4): (1, 4)
(4, 0, 2, (1, 1, 0), -3): (3, 12)
(4, 0, 2, (1, 1, 0), -2): (9, 20)
(4, 0, 2, (1, 1, 0), -1): (5, 12)
(4, 0, 2, (1, 1, 0), 0): (14, 28)
(4, 0, 2, (1, 1, 0), 1): (17, 26)
(4, 0, 2, (1, 1, 0), 2): (8, 13)
(4, 0, 2, (1, 1, 0), 3): (7, 8)
(4, 0, 2, (1, 1, 0), 4): (6, 7)
(4, 0, 2, (1, 1, 0), 5): (1, 1)
(4, 0, 2, (1, 1, 0), 6): (3, 5)
(4, 0, 2, (1, 1, 0), 7): (1, 2)
(4, 0, 2, (1, 1, 0), 8): (1, 1)
(4, 0, 2, (1, 1, 0), 9): (1, 1)
(4, 0, 2, (1, 1, 1), -6): (0, 2)
(4, 0, 2, (1, 1, 1), -4): (0, 2)
(4, 0, 2, (1, 1, 1), -3): (0, 6)
(4, 0, 2, (1, 1, 1), -2): (1, 5)
(4, 0, 2, (1, 1, 1), -1): (2, 5)
(4, 0, 2, (1, 1, 1), 0): (6, 10)
(4, 0, 2, (1, 1, 1), 1): (4, 9)
(4, 0, 2, (1, 1, 1), 2): (5, 7)
(4, 0, 2, (1, 1, 1), 3): (2, 2)
(4, 0, 2, (1, 1, 1), 4): (2, 2)
(4, 0, 2, (1, 1, 1), 5): (1, 1)
(4, 0, 2, (1, 1, 1), 6): (1, 1)
(4, 0, 2, (1, 1, 1), 9): (1, 1)
(4, 1, 0, (0, 0, 0), -12): (0, 1)
(4, 1, 0, (0, 0, 0), -11): (0, 2)
(4, 1, 0, (0, 0, 0), -10): (0, 1)
(4, 1, 0, (0, 0, 0), -9): (0, 3)
(4, 1, 0, (0, 0, 0), -8): (0, 3)
(4, 1, 0, (0, 0, 0), -7): (2, 11)
(4, 1, 0, (0, 0, 0), -6): (2, 24)
(4, 1, 0, (0, 0, 0), -5): (5, 32)
(4, 1, 0, (0, 0, 0), -4): (7, 55)
(4, 1, 0, (0, 0, 0), -3): (15, 73)
(4, 1, 0, (0, 0, 0), -2): (43, 129)
(4, 1, 0, (0, 0, 0), -1): (85, 176)
(4, 1, 0, (0, 0, 0), 0): (149, 246)
(4, 1, 0, (0, 0, 0), 1): (102, 145)
(4, 1, 0, (0, 0, 0), 2): (93, 107)
(4, 1, 0, (0, 0, 0), 3): (72, 80)
(4, 1, 0, (0, 0, 0), 4): (30, 34)
(4, 1, 0, (0, 0, 0), 5): (27, 27)
(4, 1, 0, (0, 0, 0), 6): (18, 18)
(4, 1, 0, (0, 0, 0), 7): (2, 2)
(4, 1, 0, (0, 0, 0), 8): (3, 3)
(4, 1, 0, (0, 0, 0), 9): (1, 1)
(4, 1, 0, (0, 0, 1), -6): (0, 1)
(4, 1, 0, (0, 0, 1), -4): (1, 2)
(4, 1, 0, (0, 0, 1), -3): (1, 2)
(4, 1, 0, (0, 0, 1), -2): (2, 3)
(4, 1, 0, (0, 0, 1), -1): (0, 1)
(4, 1, 0, (0, 0, 1), 0): (4, 4)
(4, 1, 0, (0, 0, 1), 1): (3, 4)
(4, 1, 0, (0, 0, 1), 2): (3, 3)
(4, 1, 0, (0, 0, 1), 3): (1, 1)
(4, 1, 0, (0, 0, 1), 5): (2, 2)
(4, 1, 0, (0, 1, 0), -6): (0, 2)
(4, 1, 0, (0, 1, 0), -5): (2, 5)
(4, 1, 0, (0, 1, 0), -4): (0, 1)
(4, 1, 0, (0, 1, 0), -3): (0, 2)
(4, 1, 0, (0, 1, 0), -2): (5, 14)
(4, 1, 0, (0, 1, 0), -1): (11, 21)
(4, 1, 0, (0, 1, 0), 0): (15, 23)
(4, 1, 0, (0, 1, 0), 1): (8, 10)
(4, 1, 0, (0, 1, 0), 2): (13, 14)
(4, 1, 0, (0, 1, 0), 3): (9, 9)
(4, 1, 0, (0, 1, 0), 4): (2, 2)
(4, 1, 0, (0, 1, 0), 5): (3, 3)
(4, 1, 0, (0, 1, 0), 8): (1, 1)
(4, 1, 0, (0, 1, 1), -9): (0, 1)
(4, 1, 0, (0, 1, 1), -3): (1, 1)
(4, 1, 0, (0, 1, 1), -2): (5, 7)
(4, 1, 0, (0, 1, 1), -1): (0, 1)
(4, 1, 0, (0, 1, 1), 0): (2, 3)
(4, 1, 0, (0, 1, 1), 1): (6, 6)
(4, 1, 0, (0, 1, 1), 2): (3, 3)
(4, 1, 0, (0, 1, 1), 3): (2, 2)
(4, 1, 0, (0, 1, 1), 4): (1, 1)
(4, 1, 0, (1, 0, 0), -9): (0, 2)
(4, 1, 0, (1, 0, 0), -7): (0, 3)
(4, 1, 0, (1, 0, 0), -6): (0, 5)
(4, 1, 0, (1, 0, 0), -5): (1, 10)
(4, 1, 0, (1, 0, 0), -4): (1, 14)
(4, 1, 0, (1, 0, 0), -3): (4, 22)
(4, 1, 0, (1, 0, 0), -2): (13, 35)
(4, 1, 0, (1, 0, 0), -1): (26, 44)
(4, 1, 0, (1, 0, 0), 0): (56, 80)
(4, 1, 0, (1, 0, 0), 1): (32, 41)
(4, 1, 0, (1, 0, 0), 2): (21, 23)
(4, 1, 0, (1, 0, 0), 3): (25, 25)
(4, 1, 0, (1, 0, 0), 4): (13, 15)
(4, 1, 0, (1, 0, 0), 5): (4, 4)
(4, 1, 0, (1, 0, 0), 6): (11, 11)
(4, 1, 0, (1, 0, 0), 7): (1, 1)
(4, 1, 0, (1, 0, 0), 8): (1, 1)
(4, 1, 0, (1, 0, 1), -7): (0, 1)
(4, 1, 0, (1, 0, 1), -6): (0, 2)
(4, 1, 0, (1, 0, 1), -5): (0, 1)
(4, 1, 0, (1, 0, 1), -3): (0, 1)
(4, 1, 0, (1, 0, 1), -2): (1, 2)
(4, 1, 0, (1, 0, 1), -1): (5, 6)
(4, 1, 0, (1, 0, 1), 0): (11, 13)
(4, 1, 0, (1, 0, 1), 1): (7, 8)
(4, 1, 0, (1, 0, 1), 2): (3, 3)
(4, 1, 0, (1, 0, 1), 3): (4, 4)
(4, 1, 0, (1, 0, 1), 4): (1, 1)
(4, 1, 0, (1, 0, 1), 5): (1, 1)
(4, 1, 0, (1, 1, 0), -9): (0, 1)
(4, 1, 0, (1, 1, 0), -7): (0, 2)
(4, 1, 0, (1, 1, 0), -6): (0, 1)
(4, 1, 0, (1, 1, 0), -5): (0, 3)
(4, 1, 0, (1, 1, 0), -4): (0, 3)
(4, 1, 0, (1, 1, 0), -3): (1, 7)
(4, 1, 0, (1, 1, 0), -2): (1, 8)
(4, 1, 0, (1, 1, 0), -1): (7, 13)
(4, 1, 0, (1, 1, 0), 0): (9, 12)
(4, 1, 0, (1, 1, 0), 1): (7, 8)
(4, 1, 0, (1, 1, 0), 2): (8, 8)
(4, 1, 0, (1, 1, 0), 3): (9, 9)
(4, 1, 0, (1, 1, 0), 4): (3, 3)
(4, 1, 0, (1, 1, 0), 5): (2, 2)
(4, 1, 0, (1, 1, 0), 6): (1, 1)
(4, 1, 0, (1, 1, 1), -9): (0, 2)
(4, 1, 0, (1, 1, 1), -3): (0, 1)
(4, 1, 0, (1, 1, 1), -2): (1, 2)
(4, 1, 0, (1, 1, 1), -1): (2, 3)
(4, 1, 0, (1, 1, 1), 0): (1, 2)
(4, 1, 0, (1, 1, 1), 1): (2, 2)
(4, 1, 0, (1, 1, 1), 2): (1, 1)
(4, 1, 0, (1, 1, 1), 3): (2, 2)
(4, 1, 0, (1, 1, 1), 4): (3, 3)
(4, 1, 0, (1, 1, 1), 5): (1, 1)
(4, 1, 1, (0, 0, 0), -12): (0, 1)
(4, 1, 1, (0, 0, 0), -11): (0, 2)
(4, 1, 1, (0, 0, 0), -10): (0, 1)
(4, 1, 1, (0, 0, 0), -9): (0, 1)
(4, 1, 1, (0, 0, 0), -8): (0, 3)
(4, 1, 1, (0, 0, 0), -7): (2, 8)
(4, 1, 1, (0, 0, 0), -6): (2, 16)
(4, 1, 1, (0, 0, 0), -5): (2, 18)
(4, 1, 1, (0, 0, 0), -4): (6, 40)
(4, 1, 1, (0, 0, 0), -3): (11, 49)
(4, 1, 1, (0, 0, 0), -2): (23, 81)
(4, 1, 1, (0, 0, 0), -1): (54, 119)
(4, 1, 1, (0, 0, 0), 0): (75, 144)
(4, 1, 1, (0, 0, 0), 1): (70, 103)
(4, 1, 1, (0, 0, 0), 2): (63, 75)
(4, 1, 1, (0, 0, 0), 3): (42, 51)
(4, 1, 1, (0, 0, 0), 4): (21, 23)
(4, 1, 1, (0, 0, 0), 5): (21, 21)
(4, 1, 1, (0, 0, 0), 6): (9, 9)
(4, 1, 1, (0, 0, 0), 7): (1, 1)
(4, 1, 1, (0, 0, 0), 8): (2, 2)
(4, 1, 1, (0, 0, 0), 9): (3, 3)
(4, 1, 1, (0, 0, 1), -5): (1, 3)
(4, 1, 1, (0, 0, 1), -4): (1, 4)
(4, 1, 1, (0, 0, 1), -3): (3, 4)
(4, 1, 1, (0, 0, 1), -2): (2, 7)
(4, 1, 1, (0, 0, 1), -1): (6, 7)
(4, 1, 1, (0, 0, 1), 0): (7, 10)
(4, 1, 1, (0, 0, 1), 1): (12, 16)
(4, 1, 1, (0, 0, 1), 2): (12, 13)
(4, 1, 1, (0, 0, 1), 3): (6, 6)
(4, 1, 1, (0, 0, 1), 4): (3, 3)
(4, 1, 1, (0, 0, 1), 5): (2, 2)
(4, 1, 1, (0, 0, 1), 6): (2, 2)
(4, 1, 1, (0, 0, 1), 8): (1, 1)
(4, 1, 1, (0, 0, 1), 9): (1, 1)
(4, 1, 1, (0, 1, 0), -6): (0, 3)
(4, 1, 1, (0, 1, 0), -5): (1, 5)
(4, 1, 1, (0, 1, 0), -4): (1, 3)
(4, 1, 1, (0, 1, 0), -3): (1, 5)
(4, 1, 1, (0, 1, 0), -2): (5, 15)
(4, 1, 1, (0, 1, 0), -1): (20, 31)
(4, 1, 1, (0, 1, 0), 0): (25, 39)
(4, 1, 1, (0, 1, 0), 1): (15, 19)
(4, 1, 1, (0, 1, 0), 2): (15, 18)
(4, 1, 1, (0, 1, 0), 3): (10, 11)
(4, 1, 1, (0, 1, 0), 4): (4, 7)
(4, 1, 1, (0, 1, 0), 5): (5, 5)
(4, 1, 1, (0, 1, 0), 6): (3, 3)
(4, 1, 1, (0, 1, 0), 7): (1, 1)
(4, 1, 1, (0, 1, 0), 8): (1, 1)
(4, 1, 1, (0, 1, 1), -6): (0, 1)
(4, 1, 1, (0, 1, 1), -5): (0, 1)
(4, 1, 1, (0, 1, 1), -4): (0, 1)
(4, 1, 1, (0, 1, 1), -2): (3, 5)
(4, 1, 1, (0, 1, 1), -1): (5, 9)
(4, 1, 1, (0, 1, 1), 0): (14, 15)
(4, 1, 1, (0, 1, 1), 1): (5, 5)
(4, 1, 1, (0, 1, 1), 2): (12, 13)
(4, 1, 1, (0, 1, 1), 3): (7, 8)
(4, 1, 1, (0, 1, 1), 4): (3, 3)
(4, 1, 1, (0, 1, 1), 5): (3, 3)
(4, 1, 1, (0, 1, 1), 6): (1, 1)
(4, 1, 1, (1, 0, 0), -10): (0, 1)
(4, 1, 1, (1, 0, 0), -9): (0, 1)
(4, 1, 1, (1, 0, 0), -8): (0, 3)
(4, 1, 1, (1, 0, 0), -7): (0, 2)
(4, 1, 1, (1, 0, 0), -6): (2, 11)
(4, 1, 1, (1, 0, 0), -5): (2, 9)
(4, 1, 1, (1, 0, 0), -4): (0, 16)
(4, 1, 1, (1, 0, 0), -3): (7, 27)
(4, 1, 1, (1, 0, 0), -2): (14, 38)
(4, 1, 1, (1, 0, 0), -1): (27, 44)
(4, 1, 1, (1, 0, 0), 0): (48, 77)
(4, 1, 1, (1, 0, 0), 1): (29, 42)
(4, 1, 1, (1, 0, 0), 2): (33, 39)
(4, 1, 1, (1, 0, 0), 3): (25, 27)
(4, 1, 1, (1, 0, 0), 4): (15, 15)
(4, 1, 1, (1, 0, 0), 5): (8, 8)
(4, 1, 1, (1, 0, 0), 6): (5, 5)
(4, 1, 1, (1, 0, 0), 7): (3, 3)
(4, 1, 1, (1, 0, 0), 8): (1, 1)
(4, 1, 1, (1, 0, 0), 9): (3, 3)
(4, 1, 1, (1, 0, 1), -8): (0, 1)
(4, 1, 1, (1, 0, 1), -7): (0, 2)
(4, 1, 1, (1, 0, 1), -6): (0, 2)
(4, 1, 1, (1, 0, 1), -5): (0, 4)
(4, 1, 1, (1, 0, 1), -4): (0, 1)
(4, 1, 1, (1, 0, 1), -3): (1, 4)
(4, 1, 1, (1, 0, 1), -2): (3, 9)
(4, 1, 1, (1, 0, 1), -1): (10, 12)
(4, 1, 1, (1, 0, 1), 0): (7, 9)
(4, 1, 1, (1, 0, 1), 1): (10, 12)
(4, 1, 1, (1, 0, 1), 2): (9, 9)
(4, 1, 1, (1, 0, 1), 3): (8, 8)
(4, 1, 1, (1, 0, 1), 4): (3, 3)
(4, 1, 1, (1, 0, 1), 5): (3, 3)
(4, 1, 1, (1, 0, 1), 6): (2, 2)
(4, 1, 1, (1, 0, 1), 7): (1, 1)
(4, 1, 1, (1, 1, 0), -9): (0, 1)
(4, 1, 1, (1, 1, 0), -7): (0, 1)
(4, 1, 1, (1, 1, 0), -6): (0, 3)
(4, 1, 1, (1, 1, 0), -5): (0, 4)
(4, 1, 1, (1, 1, 0), -4): (0, 7)
(4, 1, 1, (1, 1, 0), -3): (2, 7)
(4, 1, 1, (1, 1, 0), -2): (0, 9)
(4, 1, 1, (1, 1, 0), -1): (6, 13)
(4, 1, 1, (1, 1, 0), 0): (7, 14)
(4, 1, 1, (1, 1, 0), 1): (10, 14)
(4, 1, 1, (1, 1, 0), 2): (10, 13)
(4, 1, 1, (1, 1, 0), 3): (9, 9)
(4, 1, 1, (1, 1, 0), 4): (7, 8)
(4, 1, 1, (1, 1, 0), 5): (2, 2)
(4, 1, 1, (1, 1, 0), 6): (6, 6)
(4, 1, 1, (1, 1, 1), -6): (0, 1)
(4, 1, 1, (1, 1, 1), -5): (0, 2)
(4, 1, 1, (1, 1, 1), -4): (0, 1)
(4, 1, 1, (1, 1, 1), -3): (0, 2)
(4, 1, 1, (1, 1, 1), -2): (0, 3)
(4, 1, 1, (1, 1, 1), -1): (3, 6)
(4, 1, 1, (1, 1, 1), 0): (5, 9)
(4, 1, 1, (1, 1, 1), 1): (4, 5)
(4, 1, 1, (1, 1, 1), 2): (10, 10)
(4, 1, 1, (1, 1, 1), 3): (7, 8)
(4, 1, 1, (1, 1, 1), 4): (3, 4)
(4, 1, 1, (1, 1, 1), 6): (2, 2)
(4, 1, 2, (0, 0, 0), -12): (0, 1)
(4, 1, 2, (0, 0, 0), -11): (0, 2)
(4, 1, 2, (0, 0, 0), -9): (0, 1)
(4, 1, 2, (0, 0, 0), -7): (2, 7)
(4, 1, 2, (0, 0, 0), -6): (0, 7)
(4, 1, 2, (0, 0, 0), -5): (0, 13)
(4, 1, 2, (0, 0, 0), -4): (6, 33)
(4, 1, 2, (0, 0, 0), -3): (5, 32)
(4, 1, 2, (0, 0, 0), -2): (12, 53)
(4, 1, 2, (0, 0, 0), -1): (37, 95)
(4, 1, 2, (0, 0, 0), 0): (49, 105)
(4, 1, 2, (0, 0, 0), 1): (60, 89)
(4, 1, 2, (0, 0, 0), 2): (48, 57)
(4, 1, 2, (0, 0, 0), 3): (37, 45)
(4, 1, 2, (0, 0, 0), 4): (17, 19)
(4, 1, 2, (0, 0, 0), 5): (18, 18)
(4, 1, 2, (0, 0, 0), 6): (16, 16)
(4, 1, 2, (0, 0, 0), 7): (2, 2)
(4, 1, 2, (0, 0, 0), 8): (1, 1)
(4, 1, 2, (0, 0, 0), 9): (3, 3)
(4, 1, 2, (0, 0, 0), 10): (1, 1)
(4, 1, 2, (0, 0, 1), -7): (0, 1)
(4, 1, 2, (0, 0, 1), -6): (0, 2)
(4, 1, 2, (0, 0, 1), -5): (1, 2)
(4, 1, 2, (0, 0, 1), -4): (0, 5)
(4, 1, 2, (0, 0, 1), -3): (1, 6)
(4, 1, 2, (0, 0, 1), -2): (2, 6)
(4, 1, 2, (0, 0, 1), -1): (8, 11)
(4, 1, 2, (0, 0, 1), 0): (9, 15)
(4, 1, 2, (0, 0, 1), 1): (11, 18)
(4, 1, 2, (0, 0, 1), 2): (11, 12)
(4, 1, 2, (0, 0, 1), 3): (5, 6)
(4, 1, 2, (0, 0, 1), 4): (2, 2)
(4, 1, 2, (0, 0, 1), 5): (1, 2)
(4, 1, 2, (0, 0, 1), 6): (5, 5)
(4, 1, 2, (0, 0, 1), 7): (1, 1)
(4, 1, 2, (0, 0, 1), 9): (1, 1)
(4, 1, 2, (0, 1, 0), -11): (0, 1)
(4, 1, 2, (0, 1, 0), -9): (0, 1)
(4, 1, 2, (0, 1, 0), -8): (0, 1)
(4, 1, 2, (0, 1, 0), -7): (0, 1)
(4, 1, 2, (0, 1, 0), -6): (0, 1)
(4, 1, 2, (0, 1, 0), -5): (1, 6)
(4, 1, 2, (0, 1, 0), -4): (0, 7)
(4, 1, 2, (0, 1, 0), -3): (2, 8)
(4, 1, 2, (0, 1, 0), -2): (4, 16)
(4, 1, 2, (0, 1, 0), -1): (13, 25)
(4, 1, 2, (0, 1, 0), 0): (32, 47)
(4, 1, 2, (0, 1, 0), 1): (22, 35)
(4, 1, 2, (0, 1, 0), 2): (16, 18)
(4, 1, 2, (0, 1, 0), 3): (14, 15)
(4, 1, 2, (0, 1, 0), 4): (10, 12)
(4, 1, 2, (0, 1, 0), 5): (5, 6)
(4, 1, 2, (0, 1, 0), 6): (8, 8)
(4, 1, 2, (0, 1, 0), 7): (2, 2)
(4, 1, 2, (0, 1, 0), 8): (2, 2)
(4, 1, 2, (0, 1, 0), 9): (2, 2)
(4, 1, 2, (0, 1, 1), -6): (0, 1)
(4, 1, 2, (0, 1, 1), -5): (0, 1)
(4, 1, 2, (0, 1, 1), -4): (1, 2)
(4, 1, 2, (0, 1, 1), -3): (1, 4)
(4, 1, 2, (0, 1, 1), -2): (3, 4)
(4, 1, 2, (0, 1, 1), -1): (6, 9)
(4, 1, 2, (0, 1, 1), 0): (6, 9)
(4, 1, 2, (0, 1, 1), 1): (3, 5)
(4, 1, 2, (0, 1, 1), 2): (5, 7)
(4, 1, 2, (0, 1, 1), 3): (3, 4)
(4, 1, 2, (0, 1, 1), 4): (8, 8)
(4, 1, 2, (0, 1, 1), 5): (2, 2)
(4, 1, 2, (0, 1, 1), 6): (3, 3)
(4, 1, 2, (0, 1, 1), 7): (2, 2)
(4, 1, 2, (1, 0, 0), -11): (0, 1)
(4, 1, 2, (1, 0, 0), -10): (0, 1)
(4, 1, 2, (1, 0, 0), -8): (0, 4)
(4, 1, 2, (1, 0, 0), -7): (2, 7)
(4, 1, 2, (1, 0, 0), -6): (1, 8)
(4, 1, 2, (1, 0, 0), -5): (1, 9)
(4, 1, 2, (1, 0, 0), -4): (4, 20)
(4, 1, 2, (1, 0, 0), -3): (5, 25)
(4, 1, 2, (1, 0, 0), -2): (11, 32)
(4, 1, 2, (1, 0, 0), -1): (17, 45)
(4, 1, 2, (1, 0, 0), 0): (39, 75)
(4, 1, 2, (1, 0, 0), 1): (39, 62)
(4, 1, 2, (1, 0, 0), 2): (35, 45)
(4, 1, 2, (1, 0, 0), 3): (18, 22)
(4, 1, 2, (1, 0, 0), 4): (15, 15)
(4, 1, 2, (1, 0, 0), 5): (14, 14)
(4, 1, 2, (1, 0, 0), 6): (8, 8)
(4, 1, 2, (1, 0, 0), 7): (7, 7)
(4, 1, 2, (1, 0, 0), 8): (2, 2)
(4, 1, 2, (1, 0, 0), 9): (1, 1)
(4, 1, 2, (1, 0, 0), 10): (1, 1)
(4, 1, 2, (1, 0, 1), -7): (0, 1)
(4, 1, 2, (1, 0, 1), -5): (0, 1)
(4, 1, 2, (1, 0, 1), -4): (0, 5)
(4, 1, 2, (1, 0, 1), -3): (1, 7)
(4, 1, 2, (1, 0, 1), -2): (3, 7)
(4, 1, 2, (1, 0, 1), -1): (4, 8)
(4, 1, 2, (1, 0, 1), 0): (7, 11)
(4, 1, 2, (1, 0, 1), 1): (8, 12)
(4, 1, 2, (1, 0, 1), 2): (7, 10)
(4, 1, 2, (1, 0, 1), 3): (4, 5)
(4, 1, 2, (1, 0, 1), 4): (5, 5)
(4, 1, 2, (1, 0, 1), 5): (2, 2)
(4, 1, 2, (1, 0, 1), 6): (3, 3)
(4, 1, 2, (1, 0, 1), 7): (3, 3)
(4, 1, 2, (1, 0, 1), 8): (1, 1)
(4, 1, 2, (1, 0, 1), 9): (1, 1)
(4, 1, 2, (1, 1, 0), -11): (0, 1)
(4, 1, 2, (1, 1, 0), -8): (0, 1)
(4, 1, 2, (1, 1, 0), -7): (1, 2)
(4, 1, 2, (1, 1, 0), -6): (0, 3)
(4, 1, 2, (1, 1, 0), -5): (2, 7)
(4, 1, 2, (1, 1, 0), -4): (1, 11)
(4, 1, 2, (1, 1, 0), -3): (3, 7)
(4, 1, 2, (1, 1, 0), -2): (4, 15)
(4, 1, 2, (1, 1, 0), -1): (7, 13)
(4, 1, 2, (1, 1, 0), 0): (17, 23)
(4, 1, 2, (1, 1, 0), 1): (10, 16)
(4, 1, 2, (1, 1, 0), 2): (9, 12)
(4, 1, 2, (1, 1, 0), 3): (10, 10)
(4, 1, 2, (1, 1, 0), 4): (6, 8)
(4, 1, 2, (1, 1, 0), 5): (3, 3)
(4, 1, 2, (1, 1, 0), 6): (4, 4)
(4, 1, 2, (1, 1, 0), 7): (3, 3)
(4, 1, 2, (1, 1, 1), -11): (0, 1)
(4, 1, 2, (1, 1, 1), -6): (0, 1)
(4, 1, 2, (1, 1, 1), -5): (1, 3)
(4, 1, 2, (1, 1, 1), -4): (1, 5)
(4, 1, 2, (1, 1, 1), -3): (1, 5)
(4, 1, 2, (1, 1, 1), -2): (1, 6)
(4, 1, 2, (1, 1, 1), -1): (2, 4)
(4, 1, 2, (1, 1, 1), 0): (6, 9)
(4, 1, 2, (1, 1, 1), 1): (3, 6)
(4, 1, 2, (1, 1, 1), 2): (8, 8)
(4, 1, 2, (1, 1, 1), 3): (10, 11)
(4, 1, 2, (1, 1, 1), 4): (5, 7)
(4, 1, 2, (1, 1, 1), 5): (3, 3)
(4, 1, 2, (1, 1, 1), 6): (2, 2)
(4, 1, 2, (1, 1, 1), 7): (2, 2)
(5, 0, 0, (0, 0, 0), -10): (0, 1)
(5, 0, 0, (0, 0, 0), -9): (0, 7)
(5, 0, 0, (0, 0, 0), -8): (0, 4)
(5, 0, 0, (0, 0, 0), -7): (0, 16)
(5, 0, 0, (0, 0, 0), -6): (0, 23)
(5, 0, 0, (0, 0, 0), -5): (1, 31)
(5, 0, 0, (0, 0, 0), -4): (7, 57)
(5, 0, 0, (0, 0, 0), -3): (13, 94)
(5, 0, 0, (0, 0, 0), -2): (19, 121)
(5, 0, 0, (0, 0, 0), -1): (60, 172)
(5, 0, 0, (0, 0, 0), 0): (94, 195)
(5, 0, 0, (0, 0, 0), 1): (86, 148)
(5, 0, 0, (0, 0, 0), 2): (85, 113)
(5, 0, 0, (0, 0, 0), 3): (56, 68)
(5, 0, 0, (0, 0, 0), 4): (48, 54)
(5, 0, 0, (0, 0, 0), 5): (23, 25)
(5, 0, 0, (0, 0, 0), 6): (18, 19)
(5, 0, 0, (0, 0, 0), 7): (10, 12)
(5, 0, 0, (0, 0, 0), 8): (3, 3)
(5, 0, 0, (0, 0, 0), 9): (2, 2)
(5, 0, 0, (0, 0, 0), 12): (1, 1)
(5, 0, 0, (0, 0, 1), -3): (0, 2)
(5, 0, 0, (0, 0, 1), -1): (1, 2)
(5, 0, 0, (0, 0, 1), 0): (1, 3)
(5, 0, 0, (0, 0, 1), 1): (0, 1)
(5, 0, 0, (0, 0, 1), 3): (1, 2)
(5, 0, 0, (0, 0, 1), 4): (1, 1)
(5, 0, 0, (0, 0, 1), 5): (1, 1)
(5, 0, 0, (0, 0, 1), 6): (1, 1)
(5, 0, 0, (0, 0, 1), 7): (1, 1)
(5, 0, 0, (0, 1, 0), -8): (0, 1)
(5, 0, 0, (0, 1, 0), -7): (0, 1)
(5, 0, 0, (0, 1, 0), -6): (0, 1)
(5, 0, 0, (0, 1, 0), -4): (0, 3)
(5, 0, 0, (0, 1, 0), -3): (1, 6)
(5, 0, 0, (0, 1, 0), -2): (2, 7)
(5, 0, 0, (0, 1, 0), -1): (3, 9)
(5, 0, 0, (0, 1, 0), 0): (11, 20)
(5, 0, 0, (0, 1, 0), 1): (9, 11)
(5, 0, 0, (0, 1, 0), 2): (4, 6)
(5, 0, 0, (0, 1, 0), 3): (3, 7)
(5, 0, 0, (0, 1, 0), 4): (4, 4)
(5, 0, 0, (0, 1, 0), 5): (3, 3)
(5, 0, 0, (0, 1, 0), 8): (2, 2)
(5, 0, 0, (0, 1, 0), 12): (1, 1)
(5, 0, 0, (0, 1, 1), -5): (0, 1)
(5, 0, 0, (0, 1, 1), -2): (0, 2)
(5, 0, 0, (0, 1, 1), 0): (1, 2)
(5, 0, 0, (0, 1, 1), 1): (1, 1)
(5, 0, 0, (0, 1, 1), 2): (5, 5)
(5, 0, 0, (0, 1, 1), 3): (4, 5)
(5, 0, 0, (0, 1, 1), 4): (2, 2)
(5, 0, 0, (1, 0, 0), -9): (0, 4)
(5, 0, 0, (1, 0, 0), -8): (0, 1)
(5, 0, 0, (1, 0, 0), -7): (0, 5)
(5, 0, 0, (1, 0, 0), -6): (0, 6)
(5, 0, 0, (1, 0, 0), -5): (1, 15)
(5, 0, 0, (1, 0, 0), -4): (2, 11)
(5, 0, 0, (1, 0, 0), -3): (7, 27)
(5, 0, 0, (1, 0, 0), -2): (6, 27)
(5, 0, 0, (1, 0, 0), -1): (20, 39)
(5, 0, 0, (1, 0, 0), 0): (21, 47)
(5, 0, 0, (1, 0, 0), 1): (15, 31)
(5, 0, 0, (1, 0, 0), 2): (20, 26)
(5, 0, 0, (1, 0, 0), 3): (19, 21)
(5, 0, 0, (1, 0, 0), 4): (12, 14)
(5, 0, 0, (1, 0, 0), 5): (9, 10)
(5, 0, 0, (1, 0, 0), 6): (5, 5)
(5, 0, 0, (1, 0, 0), 7): (4, 4)
(5, 0, 0, (1, 0, 0), 9): (2, 2)
(5, 0, 0, (1, 0, 0), 12): (1, 1)
(5, 0, 0, (1, 0, 1), -9): (0, 1)
(5, 0, 0, (1, 0, 1), -5): (0, 3)
(5, 0, 0, (1, 0, 1), -4): (0, 1)
(5, 0, 0, (1, 0, 1), -3): (1, 1)
(5, 0, 0, (1, 0, 1), -2): (1, 4)
(5, 0, 0, (1, 0, 1), -1): (1, 1)
(5, 0, 0, (1, 0, 1), 0): (3, 4)
(5, 0, 0, (1, 0, 1), 1): (6, 6)
(5, 0, 0, (1, 0, 1), 2): (4, 4)
(5, 0, 0, (1, 0, 1), 3): (2, 2)
(5, 0, 0, (1, 0, 1), 4): (2, 2)
(5, 0, 0, (1, 0, 1), 5): (3, 3)
(5, 0, 0, (1, 0, 1), 9): (1, 1)
(5, 0, 0, (1, 1, 0), -9): (0, 2)
(5, 0, 0, (1, 1, 0), -6): (0, 2)
(5, 0, 0, (1, 1, 0), -5): (1, 4)
(5, 0, 0, (1, 1, 0), -4): (0, 4)
(5, 0, 0, (1, 1, 0), -3): (1, 9)
(5, 0, 0, (1, 1, 0), -2): (0, 4)
(5, 0, 0, (1, 1, 0), -1): (5, 10)
(5, 0, 0, (1, 1, 0), 0): (2, 3)
(5, 0, 0, (1, 1, 0), 1): (3, 5)
(5, 0, 0, (1, 1, 0), 2): (4, 6)
(5, 0, 0, (1, 1, 0), 3): (5, 5)
(5, 0, 0, (1, 1, 0), 4): (1, 1)
(5, 0, 0, (1, 1, 0), 5): (4, 4)
(5, 0, 0, (1, 1, 0), 6): (1, 1)
(5, 0, 0, (1, 1, 1), -5): (0, 2)
(5, 0, 0, (1, 1, 1), -4): (0, 2)
(5, 0, 0, (1, 1, 1), -3): (1, 1)
(5, 0, 0, (1, 1, 1), -2): (0, 3)
(5, 0, 0, (1, 1, 1), -1): (1, 1)
(5, 0, 0, (1, 1, 1), 0): (1, 2)
(5, 0, 0, (1, 1, 1), 1): (2, 2)
(5, 0, 0, (1, 1, 1), 2): (3, 3)
(5, 0, 0, (1, 1, 1), 3): (3, 3)
(5, 0, 0, (1, 1, 1), 5): (1, 1)
(5, 0, 0, (1, 1, 1), 6): (1, 1)
(5, 0, 0, (1, 1, 1), 7): (1, 1)
(5, 0, 1, (0, 0, 0), -10): (0, 1)
(5, 0, 1, (0, 0, 0), -9): (0, 3)
(5, 0, 1, (0, 0, 0), -8): (0, 3)
(5, 0, 1, (0, 0, 0), -7): (0, 10)
(5, 0, 1, (0, 0, 0), -6): (0, 17)
(5, 0, 1, (0, 0, 0), -5): (0, 16)
(5, 0, 1, (0, 0, 0), -4): (4, 41)
(5, 0, 1, (0, 0, 0), -3): (5, 59)
(5, 0, 1, (0, 0, 0), -2): (13, 92)
(5, 0, 1, (0, 0, 0), -1): (38, 125)
(5, 0, 1, (0, 0, 0), 0): (64, 132)
(5, 0, 1, (0, 0, 0), 1): (63, 109)
(5, 0, 1, (0, 0, 0), 2): (61, 83)
(5, 0, 1, (0, 0, 0), 3): (37, 45)
(5, 0, 1, (0, 0, 0), 4): (33, 38)
(5, 0, 1, (0, 0, 0), 5): (17, 18)
(5, 0, 1, (0, 0, 0), 6): (14, 15)
(5, 0, 1, (0, 0, 0), 7): (5, 7)
(5, 0, 1, (0, 0, 0), 8): (1, 1)
(5, 0, 1, (0, 0, 1), -7): (0, 1)
(5, 0, 1, (0, 0, 1), -4): (0, 1)
(5, 0, 1, (0, 0, 1), -2): (0, 2)
(5, 0, 1, (0, 0, 1), -1): (2, 7)
(5, 0, 1, (0, 0, 1), 0): (7, 17)
(5, 0, 1, (0, 0, 1), 1): (2, 6)
(5, 0, 1, (0, 0, 1), 2): (2, 4)
(5, 0, 1, (0, 0, 1), 3): (3, 6)
(5, 0, 1, (0, 0, 1), 4): (4, 4)
(5, 0, 1, (0, 0, 1), 5): (4, 5)
(5, 0, 1, (0, 0, 1), 6): (1, 1)
(5, 0, 1, (0, 0, 1), 7): (1, 1)
(5, 0, 1, (0, 0, 1), 8): (1, 1)
(5, 0, 1, (0, 1, 0), -8): (0, 1)
(5, 0, 1, (0, 1, 0), -7): (0, 1)
(5, 0, 1, (0, 1, 0), -6): (0, 2)
(5, 0, 1, (0, 1, 0), -4): (0, 4)
(5, 0, 1, (0, 1, 0), -3): (1, 10)
(5, 0, 1, (0, 1, 0), -2): (2, 11)
(5, 0, 1, (0, 1, 0), -1): (7, 20)
(5, 0, 1, (0, 1, 0), 0): (19, 36)
(5, 0, 1, (0, 1, 0), 1): (12, 22)
(5, 0, 1, (0, 1, 0), 2): (15, 19)
(5, 0, 1, (0, 1, 0), 3): (9, 13)
(5, 0, 1, (0, 1, 0), 4): (8, 11)
(5, 0, 1, (0, 1, 0), 5): (2, 2)
(5, 0, 1, (0, 1, 0), 6): (4, 4)
(5, 0, 1, (0, 1, 0), 8): (1, 1)
(5, 0, 1, (0, 1, 0), 9): (1, 1)
(5, 0, 1, (0, 1, 0), 12): (1, 1)
(5, 0, 1, (0, 1, 1), -9): (0, 2)
(5, 0, 1, (0, 1, 1), -6): (0, 1)
(5, 0, 1, (0, 1, 1), -5): (0, 2)
(5, 0, 1, (0, 1, 1), -3): (2, 3)
(5, 0, 1, (0, 1, 1), -2): (1, 5)
(5, 0, 1, (0, 1, 1), -1): (2, 8)
(5, 0, 1, (0, 1, 1), 0): (4, 7)
(5, 0, 1, (0, 1, 1), 1): (4, 5)
(5, 0, 1, (0, 1, 1), 2): (9, 13)
(5, 0, 1, (0, 1, 1), 3): (5, 6)
(5, 0, 1, (0, 1, 1), 4): (3, 3)
(5, 0, 1, (0, 1, 1), 5): (5, 5)
(5, 0, 1, (0, 1, 1), 6): (1, 1)
(5, 0, 1, (1, 0, 0), -9): (0, 3)
(5, 0, 1, (1, 0, 0), -8): (0, 1)
(5, 0, 1, (1, 0, 0), -7): (0, 5)
(5, 0, 1, (1, 0, 0), -6): (0, 6)
(5, 0, 1, (1, 0, 0), -5): (0, 11)
(5, 0, 1, (1, 0, 0), -4): (4, 16)
(5, 0, 1, (1, 0, 0), -3): (6, 29)
(5, 0, 1, (1, 0, 0), -2): (4, 36)
(5, 0, 1, (1, 0, 0), -1): (20, 57)
(5, 0, 1, (1, 0, 0), 0): (28, 53)
(5, 0, 1, (1, 0, 0), 1): (29, 52)
(5, 0, 1, (1, 0, 0), 2): (27, 37)
(5, 0, 1, (1, 0, 0), 3): (20, 23)
(5, 0, 1, (1, 0, 0), 4): (13, 14)
(5, 0, 1, (1, 0, 0), 5): (11, 12)
(5, 0, 1, (1, 0, 0), 6): (12, 13)
(5, 0, 1, (1, 0, 0), 7): (7, 7)
(5, 0, 1, (1, 0, 1), -6): (0, 2)
(5, 0, 1, (1, 0, 1), -5): (0, 3)
(5, 0, 1, (1, 0, 1), -4): (1, 2)
(5, 0, 1, (1, 0, 1), -3): (3, 9)
(5, 0, 1, (1, 0, 1), -2): (1, 4)
(5, 0, 1, (1, 0, 1), -1): (4, 6)
(5, 0, 1, (1, 0, 1), 0): (7, 8)
(5, 0, 1, (1, 0, 1), 1): (10, 10)
(5, 0, 1, (1, 0, 1), 2): (4, 4)
(5, 0, 1, (1, 0, 1), 3): (3, 4)
(5, 0, 1, (1, 0, 1), 4): (3, 3)
(5, 0, 1, (1, 0, 1), 5): (3, 3)
(5, 0, 1, (1, 0, 1), 6): (3, 3)
(5, 0, 1, (1, 0, 1), 7): (1, 1)
(5, 0, 1, (1, 0, 1), 8): (3, 3)
(5, 0, 1, (1, 0, 1), 9): (1, 1)
(5, 0, 1, (1, 1, 0), -9): (0, 2)
(5, 0, 1, (1, 1, 0), -8): (0, 2)
(5, 0, 1, (1, 1, 0), -7): (0, 2)
(5, 0, 1, (1, 1, 0), -6): (0, 4)
(5, 0, 1, (1, 1, 0), -5): (1, 2)
(5, 0, 1, (1, 1, 0), -4): (0, 8)
(5, 0, 1, (1, 1, 0), -3): (1, 9)
(5, 0, 1, (1, 1, 0), -2): (2, 8)
(5, 0, 1, (1, 1, 0), -1): (6, 18)
(5, 0, 1, (1, 1, 0), 0): (8, 15)
(5, 0, 1, (1, 1, 0), 1): (16, 25)
(5, 0, 1, (1, 1, 0), 2): (10, 10)
(5, 0, 1, (1, 1, 0), 3): (5, 6)
(5, 0, 1, (1, 1, 0), 4): (6, 6)
(5, 0, 1, (1, 1, 0), 6): (1, 1)
(5, 0, 1, (1, 1, 0), 7): (2, 2)
(5, 0, 1, (1, 1, 0), 8): (1, 1)
(5, 0, 1, (1, 1, 0), 9): (1, 1)
(5, 0, 1, (1, 1, 1), -6): (0, 1)
(5, 0, 1, (1, 1, 1), -5): (0, 2)
(5, 0, 1, (1, 1, 1), -3): (3, 3)
(5, 0, 1, (1, 1, 1), -2): (0, 1)
(5, 0, 1, (1, 1, 1), -1): (1, 2)
(5, 0, 1, (1, 1, 1), 0): (3, 3)
(5, 0, 1, (1, 1, 1), 1): (3, 5)
(5, 0, 1, (1, 1, 1), 2): (5, 6)
(5, 0, 1, (1, 1, 1), 3): (4, 5)
(5, 0, 1, (1, 1, 1), 4): (1, 1)
(5, 0, 1, (1, 1, 1), 6): (1, 1)
(5, 0, 1, (1, 1, 1), 8): (1, 1)
(5, 0, 1, (1, 1, 1), 9): (1, 1)
(5, 0, 2, (0, 0, 0), -10): (0, 1)
(5, 0, 2, (0, 0, 0), -9): (0, 1)
(5, 0, 2, (0, 0, 0), -8): (0, 2)
(5, 0, 2, (0, 0, 0), -7): (0, 9)
(5, 0, 2, (0, 0, 0), -6): (0, 15)
(5, 0, 2, (0, 0, 0), -5): (0, 13)
(5, 0, 2, (0, 0, 0), -4): (2, 28)
(5, 0, 2, (0, 0, 0), -3): (3, 44)
(5, 0, 2, (0, 0, 0), -2): (12, 70)
(5, 0, 2, (0, 0, 0), -1): (28, 92)
(5, 0, 2, (0, 0, 0), 0): (40, 91)
(5, 0, 2, (0, 0, 0), 1): (50, 90)
(5, 0, 2, (0, 0, 0), 2): (39, 58)
(5, 0, 2, (0, 0, 0), 3): (27, 34)
(5, 0, 2, (0, 0, 0), 4): (30, 35)
(5, 0, 2, (0, 0, 0), 5): (18, 20)
(5, 0, 2, (0, 0, 0), 6): (10, 10)
(5, 0, 2, (0, 0, 0), 7): (6, 8)
(5, 0, 2, (0, 0, 0), 8): (1, 1)
(5, 0, 2, (0, 0, 0), 9): (3, 3)
(5, 0, 2, (0, 0, 0), 12): (1, 1)
(5, 0, 2, (0, 0, 1), -7): (0, 2)
(5, 0, 2, (0, 0, 1), -4): (0, 1)
(5, 0, 2, (0, 0, 1), -3): (1, 7)
(5, 0, 2, (0, 0, 1), -2): (0, 4)
(5, 0, 2, (0, 0, 1), -1): (5, 13)
(5, 0, 2, (0, 0, 1), 0): (2, 12)
(5, 0, 2, (0, 0, 1), 1): (5, 10)
(5, 0, 2, (0, 0, 1), 2): (8, 13)
(5, 0, 2, (0, 0, 1), 3): (4, 5)
(5, 0, 2, (0, 0, 1), 4): (4, 5)
(5, 0, 2, (0, 0, 1), 5): (4, 4)
(5, 0, 2, (0, 0, 1), 6): (1, 1)
(5, 0, 2, (0, 0, 1), 7): (2, 2)
(5, 0, 2, (0, 0, 1), 9): (1, 1)
(5, 0, 2, (0, 1, 0), -8): (0, 2)
(5, 0, 2, (0, 1, 0), -7): (0, 1)
(5, 0, 2, (0, 1, 0), -6): (0, 2)
(5, 0, 2, (0, 1, 0), -5): (0, 2)
(5, 0, 2, (0, 1, 0), -4): (0, 6)
(5, 0, 2, (0, 1, 0), -3): (1, 5)
(5, 0, 2, (0, 1, 0), -2): (2, 13)
(5, 0, 2, (0, 1, 0), -1): (5, 15)
(5, 0, 2, (0, 1, 0), 0): (12, 25)
(5, 0, 2, (0, 1, 0), 1): (16, 25)
(5, 0, 2, (0, 1, 0), 2): (10, 15)
(5, 0, 2, (0, 1, 0), 3): (11, 15)
(5, 0, 2, (0, 1, 0), 4): (12, 14)
(5, 0, 2, (0, 1, 0), 5): (10, 11)
(5, 0, 2, (0, 1, 0), 6): (12, 12)
(5, 0, 2, (0, 1, 0), 7): (4, 5)
(5, 0, 2, (0, 1, 0), 8): (1, 1)
(5, 0, 2, (0, 1, 1), -9): (0, 1)
(5, 0, 2, (0, 1, 1), -8): (0, 1)
(5, 0, 2, (0, 1, 1), -7): (0, 1)
(5, 0, 2, (0, 1, 1), -6): (0, 3)
(5, 0, 2, (0, 1, 1), -5): (0, 1)
(5, 0, 2, (0, 1, 1), -4): (1, 1)
(5, 0, 2, (0, 1, 1), -3): (2, 5)
(5, 0, 2, (0, 1, 1), -2): (1, 6)
(5, 0, 2, (0, 1, 1), -1): (1, 5)
(5, 0, 2, (0, 1, 1), 0): (3, 6)
(5, 0, 2, (0, 1, 1), 1): (6, 9)
(5, 0, 2, (0, 1, 1), 2): (3, 4)
(5, 0, 2, (0, 1, 1), 3): (1, 2)
(5, 0, 2, (0, 1, 1), 4): (1, 1)
(5, 0, 2, (0, 1, 1), 5): (3, 3)
(5, 0, 2, (0, 1, 1), 6): (1, 1)
(5, 0, 2, (0, 1, 1), 7): (1, 1)
(5, 0, 2, (0, 1, 1), 8): (1, 1)
(5, 0, 2, (1, 0, 0), -10): (0, 1)
(5, 0, 2, (1, 0, 0), -9): (0, 1)
(5, 0, 2, (1, 0, 0), -7): (0, 5)
(5, 0, 2, (1, 0, 0), -6): (0, 6)
(5, 0, 2, (1, 0, 0), -5): (0, 12)
(5, 0, 2, (1, 0, 0), -4): (4, 16)
(5, 0, 2, (1, 0, 0), -3): (1, 32)
(5, 0, 2, (1, 0, 0), -2): (8, 44)
(5, 0, 2, (1, 0, 0), -1): (18, 54)
(5, 0, 2, (1, 0, 0), 0): (23, 58)
(5, 0, 2, (1, 0, 0), 1): (26, 59)
(5, 0, 2, (1, 0, 0), 2): (19, 33)
(5, 0, 2, (1, 0, 0), 3): (22, 26)
(5, 0, 2, (1, 0, 0), 4): (21, 22)
(5, 0, 2, (1, 0, 0), 5): (16, 16)
(5, 0, 2, (1, 0, 0), 6): (9, 10)
(5, 0, 2, (1, 0, 0), 7): (9, 10)
(5, 0, 2, (1, 0, 0), 9): (1, 1)
(5, 0, 2, (1, 0, 0), 10): (2, 2)
(5, 0, 2, (1, 0, 0), 11): (1, 1)
(5, 0, 2, (1, 0, 0), 12): (1, 1)
(5, 0, 2, (1, 0, 1), -8): (0, 1)
(5, 0, 2, (1, 0, 1), -7): (0, 1)
(5, 0, 2, (1, 0, 1), -6): (0, 1)
(5, 0, 2, (1, 0, 1), -5): (0, 1)
(5, 0, 2, (1, 0, 1), -4): (1, 4)
(5, 0, 2, (1, 0, 1), -3): (0, 8)
(5, 0, 2, (1, 0, 1), -2): (0, 7)
(5, 0, 2, (1, 0, 1), -1): (3, 11)
(5, 0, 2, (1, 0, 1), 0): (6, 12)
(5, 0, 2, (1, 0, 1), 1): (2, 4)
(5, 0, 2, (1, 0, 1), 2): (7, 10)
(5, 0, 2, (1, 0, 1), 3): (5, 7)
(5, 0, 2, (1, 0, 1), 4): (3, 3)
(5, 0, 2, (1, 0, 1), 5): (1, 1)
(5, 0, 2, (1, 0, 1), 6): (1, 1)
(5, 0, 2, (1, 0, 1), 7): (1, 1)
(5, 0, 2, (1, 0, 1), 8): (2, 2)
(5, 0, 2, (1, 0, 1), 10): (1, 1)
(5, 0, 2, (1, 1, 0), -9): (0, 1)
(5, 0, 2, (1, 1, 0), -6): (0, 2)
(5, 0, 2, (1, 1, 0), -5): (1, 5)
(5, 0, 2, (1, 1, 0), -4): (1, 9)
(5, 0, 2, (1, 1, 0), -3): (0, 11)
(5, 0, 2, (1, 1, 0), -2): (2, 14)
(5, 0, 2, (1, 1, 0), -1): (9, 18)
(5, 0, 2, (1, 1, 0), 0): (6, 18)
(5, 0, 2, (1, 1, 0), 1): (15, 25)
(5, 0, 2, (1, 1, 0), 2): (7, 11)
(5, 0, 2, (1, 1, 0), 3): (8, 10)
(5, 0, 2, (1, 1, 0), 4): (10, 10)
(5, 0, 2, (1, 1, 0), 5): (6, 7)
(5, 0, 2, (1, 1, 0), 6): (5, 5)
(5, 0, 2, (1, 1, 0), 7): (3, 3)
(5, 0, 2, (1, 1, 0), 9): (3, 3)
(5, 0, 2, (1, 1, 1), -9): (0, 1)
(5, 0, 2, (1, 1, 1), -5): (0, 1)
(5, 0, 2, (1, 1, 1), -3): (0, 1)
(5, 0, 2, (1, 1, 1), -2): (0, 5)
(5, 0, 2, (1, 1, 1), -1): (1, 5)
(5, 0, 2, (1, 1, 1), 0): (6, 10)
(5, 0, 2, (1, 1, 1), 1): (6, 10)
(5, 0, 2, (1, 1, 1), 2): (3, 3)
(5, 0, 2, (1, 1, 1), 3): (3, 4)
(5, 0, 2, (1, 1, 1), 4): (1, 1)
(5, 0, 2, (1, 1, 1), 6): (2, 2)
(5, 0, 2, (1, 1, 1), 7): (1, 1)
(5, 1, 0, (0, 0, 0), -12): (0, 2)
(5, 1, 0, (0, 0, 0), -11): (0, 1)
(5, 1, 0, (0, 0, 0), -10): (0, 2)
(5, 1, 0, (0, 0, 0), -9): (0, 5)
(5, 1, 0, (0, 0, 0), -8): (0, 3)
(5, 1, 0, (0, 0, 0), -7): (2, 14)
(5, 1, 0, (0, 0, 0), -6): (1, 34)
(5, 1, 0, (0, 0, 0), -5): (4, 40)
(5, 1, 0, (0, 0, 0), -4): (8, 62)
(5, 1, 0, (0, 0, 0), -3): (23, 82)
(5, 1, 0, (0, 0, 0), -2): (36, 112)
(5, 1, 0, (0, 0, 0), -1): (73, 161)
(5, 1, 0, (0, 0, 0), 0): (96, 165)
(5, 1, 0, (0, 0, 0), 1): (115, 158)
(5, 1, 0, (0, 0, 0), 2): (97, 119)
(5, 1, 0, (0, 0, 0), 3): (73, 79)
(5, 1, 0, (0, 0, 0), 4): (42, 45)
(5, 1, 0, (0, 0, 0), 5): (30, 30)
(5, 1, 0, (0, 0, 0), 6): (25, 25)
(5, 1, 0, (0, 0, 0), 7): (16, 16)
(5, 1, 0, (0, 0, 0), 8): (4, 4)
(5, 1, 0, (0, 0, 0), 9): (4, 4)
(5, 1, 0, (0, 0, 0), 10): (1, 1)
(5, 1, 0, (0, 0, 1), -9): (0, 1)
(5, 1, 0, (0, 0, 1), -6): (0, 1)
(5, 1, 0, (0, 0, 1), -4): (1, 1)
(5, 1, 0, (0, 0, 1), -3): (3, 5)
(5, 1, 0, (0, 0, 1), -2): (1, 1)
(5, 1, 0, (0, 0, 1), -1): (4, 4)
(5, 1, 0, (0, 0, 1), 0): (1, 1)
(5, 1, 0, (0, 0, 1), 1): (3, 3)
(5, 1, 0, (0, 0, 1), 3): (1, 1)
(5, 1, 0, (0, 0, 1), 4): (3, 3)
(5, 1, 0, (0, 0, 1), 6): (1, 1)
(5, 1, 0, (0, 1, 0), -12): (0, 1)
(5, 1, 0, (0, 1, 0), -7): (0, 1)
(5, 1, 0, (0, 1, 0), -6): (0, 3)
(5, 1, 0, (0, 1, 0), -5): (0, 3)
(5, 1, 0, (0, 1, 0), -4): (1, 4)
(5, 1, 0, (0, 1, 0), -3): (0, 7)
(5, 1, 0, (0, 1, 0), -2): (1, 6)
(5, 1, 0, (0, 1, 0), -1): (10, 18)
(5, 1, 0, (0, 1, 0), 0): (7, 11)
(5, 1, 0, (0, 1, 0), 1): (7, 11)
(5, 1, 0, (0, 1, 0), 2): (6, 8)
(5, 1, 0, (0, 1, 0), 3): (10, 10)
(5, 1, 0, (0, 1, 0), 4): (3, 3)
(5, 1, 0, (0, 1, 0), 5): (2, 2)
(5, 1, 0, (0, 1, 0), 6): (1, 1)
(5, 1, 0, (0, 1, 0), 7): (1, 1)
(5, 1, 0, (0, 1, 0), 8): (1, 1)
(5, 1, 0, (0, 1, 1), -6): (0, 1)
(5, 1, 0, (0, 1, 1), -5): (0, 2)
(5, 1, 0, (0, 1, 1), -3): (0, 2)
(5, 1, 0, (0, 1, 1), -2): (0, 4)
(5, 1, 0, (0, 1, 1), -1): (2, 2)
(5, 1, 0, (0, 1, 1), 0): (2, 4)
(5, 1, 0, (0, 1, 1), 2): (1, 1)
(5, 1, 0, (0, 1, 1), 3): (2, 2)
(5, 1, 0, (0, 1, 1), 4): (2, 3)
(5, 1, 0, (0, 1, 1), 5): (1, 1)
(5, 1, 0, (0, 1, 1), 6): (1, 1)
(5, 1, 0, (1, 0, 0), -10): (0, 2)
(5, 1, 0, (1, 0, 0), -8): (0, 1)
(5, 1, 0, (1, 0, 0), -7): (0, 3)
(5, 1, 0, (1, 0, 0), -6): (0, 8)
(5, 1, 0, (1, 0, 0), -5): (1, 10)
(5, 1, 0, (1, 0, 0), -4): (2, 13)
(5, 1, 0, (1, 0, 0), -3): (4, 19)
(5, 1, 0, (1, 0, 0), -2): (15, 38)
(5, 1, 0, (1, 0, 0), -1): (18, 46)
(5, 1, 0, (1, 0, 0), 0): (25, 44)
(5, 1, 0, (1, 0, 0), 1): (40, 50)
(5, 1, 0, (1, 0, 0), 2): (30, 34)
(5, 1, 0, (1, 0, 0), 3): (19, 21)
(5, 1, 0, (1, 0, 0), 4): (18, 19)
(5, 1, 0, (1, 0, 0), 5): (10, 10)
(5, 1, 0, (1, 0, 0), 6): (11, 11)
(5, 1, 0, (1, 0, 0), 7): (7, 7)
(5, 1, 0, (1, 0, 0), 8): (2, 2)
(5, 1, 0, (1, 0, 0), 9): (2, 2)
(5, 1, 0, (1, 0, 0), 10): (1, 1)
(5, 1, 0, (1, 0, 1), -5): (0, 1)
(5, 1, 0, (1, 0, 1), -4): (0, 1)
(5, 1, 0, (1, 0, 1), -3): (0, 1)
(5, 1, 0, (1, 0, 1), -2): (0, 2)
(5, 1, 0, (1, 0, 1), -1): (2, 4)
(5, 1, 0, (1, 0, 1), 0): (1, 3)
(5, 1, 0, (1, 0, 1), 1): (4, 4)
(5, 1, 0, (1, 0, 1), 2): (4, 4)
(5, 1, 0, (1, 0, 1), 4): (3, 3)
(5, 1, 0, (1, 0, 1), 6): (1, 1)
(5, 1, 0, (1, 0, 1), 7): (1, 1)
(5, 1, 0, (1, 0, 1), 8): (1, 1)
(5, 1, 0, (1, 0, 1), 10): (1, 1)
(5, 1, 0, (1, 1, 0), -6): (0, 1)
(5, 1, 0, (1, 1, 0), -5): (1, 4)
(5, 1, 0, (1, 1, 0), -4): (2, 6)
(5, 1, 0, (1, 1, 0), -3): (2, 6)
(5, 1, 0, (1, 1, 0), -2): (6, 12)
(5, 1, 0, (1, 1, 0), -1): (5, 10)
(5, 1, 0, (1, 1, 0), 0): (2, 2)
(5, 1, 0, (1, 1, 0), 1): (4, 6)
(5, 1, 0, (1, 1, 0), 2): (9, 10)
(5, 1, 0, (1, 1, 0), 3): (4, 4)
(5, 1, 0, (1, 1, 0), 4): (2, 2)
(5, 1, 0, (1, 1, 0), 5): (2, 2)
(5, 1, 0, (1, 1, 0), 6): (1, 1)
(5, 1, 0, (1, 1, 0), 7): (2, 2)
(5, 1, 0, (1, 1, 1), -6): (0, 1)
(5, 1, 0, (1, 1, 1), -5): (0, 1)
(5, 1, 0, (1, 1, 1), -2): (2, 3)
(5, 1, 0, (1, 1, 1), -1): (1, 1)
(5, 1, 0, (1, 1, 1), 0): (0, 1)
(5, 1, 0, (1, 1, 1), 1): (1, 1)
(5, 1, 0, (1, 1, 1), 2): (4, 4)
(5, 1, 0, (1, 1, 1), 3): (2, 2)
(5, 1, 0, (1, 1, 1), 4): (2, 2)
(5, 1, 1, (0, 0, 0), -12): (0, 1)
(5, 1, 1, (0, 0, 0), -11): (0, 1)
(5, 1, 1, (0, 0, 0), -9): (0, 4)
(5, 1, 1, (0, 0, 0), -8): (0, 2)
(5, 1, 1, (0, 0, 0), -7): (2, 10)
(5, 1, 1, (0, 0, 0), -6): (1, 22)
(5, 1, 1, (0, 0, 0), -5): (3, 27)
(5, 1, 1, (0, 0, 0), -4): (4, 45)
(5, 1, 1, (0, 0, 0), -3): (16, 55)
(5, 1, 1, (0, 0, 0), -2): (21, 72)
(5, 1, 1, (0, 0, 0), -1): (44, 97)
(5, 1, 1, (0, 0, 0), 0): (70, 122)
(5, 1, 1, (0, 0, 0), 1): (73, 104)
(5, 1, 1, (0, 0, 0), 2): (67, 83)
(5, 1, 1, (0, 0, 0), 3): (48, 52)
(5, 1, 1, (0, 0, 0), 4): (24, 26)
(5, 1, 1, (0, 0, 0), 5): (20, 20)
(5, 1, 1, (0, 0, 0), 6): (13, 13)
(5, 1, 1, (0, 0, 0), 7): (8, 8)
(5, 1, 1, (0, 0, 0), 8): (1, 1)
(5, 1, 1, (0, 0, 0), 9): (2, 2)
(5, 1, 1, (0, 0, 1), -9): (0, 1)
(5, 1, 1, (0, 0, 1), -7): (0, 1)
(5, 1, 1, (0, 0, 1), -6): (0, 2)
(5, 1, 1, (0, 0, 1), -5): (1, 1)
(5, 1, 1, (0, 0, 1), -4): (0, 1)
(5, 1, 1, (0, 0, 1), -3): (3, 6)
(5, 1, 1, (0, 0, 1), -2): (1, 3)
(5, 1, 1, (0, 0, 1), -1): (5, 7)
(5, 1, 1, (0, 0, 1), 0): (2, 5)
(5, 1, 1, (0, 0, 1), 1): (3, 4)
(5, 1, 1, (0, 0, 1), 2): (7, 7)
(5, 1, 1, (0, 0, 1), 3): (5, 5)
(5, 1, 1, (0, 0, 1), 4): (3, 4)
(5, 1, 1, (0, 0, 1), 5): (6, 6)
(5, 1, 1, (0, 0, 1), 6): (1, 1)
(5, 1, 1, (0, 0, 1), 7): (3, 3)
(5, 1, 1, (0, 0, 1), 8): (2, 2)
(5, 1, 1, (0, 1, 0), -12): (0, 1)
(5, 1, 1, (0, 1, 0), -9): (0, 2)
(5, 1, 1, (0, 1, 0), -7): (0, 2)
(5, 1, 1, (0, 1, 0), -6): (0, 3)
(5, 1, 1, (0, 1, 0), -5): (0, 4)
(5, 1, 1, (0, 1, 0), -4): (1, 7)
(5, 1, 1, (0, 1, 0), -3): (4, 8)
(5, 1, 1, (0, 1, 0), -2): (0, 6)
(5, 1, 1, (0, 1, 0), -1): (7, 20)
(5, 1, 1, (0, 1, 0), 0): (15, 23)
(5, 1, 1, (0, 1, 0), 1): (15, 20)
(5, 1, 1, (0, 1, 0), 2): (18, 23)
(5, 1, 1, (0, 1, 0), 3): (17, 19)
(5, 1, 1, (0, 1, 0), 4): (20, 20)
(5, 1, 1, (0, 1, 0), 5): (11, 12)
(5, 1, 1, (0, 1, 0), 6): (5, 5)
(5, 1, 1, (0, 1, 0), 8): (2, 2)
(5, 1, 1, (0, 1, 0), 9): (2, 2)
(5, 1, 1, (0, 1, 1), -6): (1, 1)
(5, 1, 1, (0, 1, 1), -5): (0, 2)
(5, 1, 1, (0, 1, 1), -3): (1, 4)
(5, 1, 1, (0, 1, 1), -2): (3, 5)
(5, 1, 1, (0, 1, 1), -1): (1, 4)
(5, 1, 1, (0, 1, 1), 0): (7, 8)
(5, 1, 1, (0, 1, 1), 1): (5, 7)
(5, 1, 1, (0, 1, 1), 2): (8, 9)
(5, 1, 1, (0, 1, 1), 3): (7, 7)
(5, 1, 1, (0, 1, 1), 4): (2, 2)
(5, 1, 1, (0, 1, 1), 5): (3, 3)
(5, 1, 1, (0, 1, 1), 6): (3, 3)
(5, 1, 1, (0, 1, 1), 7): (2, 2)
(5, 1, 1, (0, 1, 1), 9): (1, 1)
(5, 1, 1, (1, 0, 0), -10): (0, 2)
(5, 1, 1, (1, 0, 0), -8): (0, 1)
(5, 1, 1, (1, 0, 0), -7): (1, 5)
(5, 1, 1, (1, 0, 0), -6): (0, 10)
(5, 1, 1, (1, 0, 0), -5): (1, 9)
(5, 1, 1, (1, 0, 0), -4): (3, 16)
(5, 1, 1, (1, 0, 0), -3): (6, 29)
(5, 1, 1, (1, 0, 0), -2): (15, 32)
(5, 1, 1, (1, 0, 0), -1): (19, 44)
(5, 1, 1, (1, 0, 0), 0): (32, 60)
(5, 1, 1, (1, 0, 0), 1): (43, 57)
(5, 1, 1, (1, 0, 0), 2): (24, 28)
(5, 1, 1, (1, 0, 0), 3): (25, 27)
(5, 1, 1, (1, 0, 0), 4): (18, 18)
(5, 1, 1, (1, 0, 0), 5): (8, 9)
(5, 1, 1, (1, 0, 0), 6): (11, 11)
(5, 1, 1, (1, 0, 0), 7): (7, 7)
(5, 1, 1, (1, 0, 0), 8): (1, 1)
(5, 1, 1, (1, 0, 0), 9): (3, 3)
(5, 1, 1, (1, 0, 1), -9): (0, 1)
(5, 1, 1, (1, 0, 1), -7): (0, 1)
(5, 1, 1, (1, 0, 1), -6): (0, 2)
(5, 1, 1, (1, 0, 1), -5): (1, 2)
(5, 1, 1, (1, 0, 1), -4): (2, 3)
(5, 1, 1, (1, 0, 1), -3): (3, 7)
(5, 1, 1, (1, 0, 1), -2): (2, 3)
(5, 1, 1, (1, 0, 1), -1): (5, 11)
(5, 1, 1, (1, 0, 1), 0): (5, 6)
(5, 1, 1, (1, 0, 1), 1): (5, 7)
(5, 1, 1, (1, 0, 1), 2): (3, 4)
(5, 1, 1, (1, 0, 1), 3): (5, 6)
(5, 1, 1, (1, 0, 1), 4): (5, 6)
(5, 1, 1, (1, 0, 1), 5): (5, 5)
(5, 1, 1, (1, 0, 1), 6): (1, 1)
(5, 1, 1, (1, 0, 1), 7): (3, 3)
(5, 1, 1, (1, 0, 1), 8): (1, 1)
(5, 1, 1, (1, 0, 1), 9): (1, 1)
(5, 1, 1, (1, 0, 1), 10): (1, 1)
(5, 1, 1, (1, 1, 0), -10): (0, 1)
(5, 1, 1, (1, 1, 0), -7): (1, 3)
(5, 1, 1, (1, 1, 0), -6): (0, 5)
(5, 1, 1, (1, 1, 0), -5): (1, 5)
(5, 1, 1, (1, 1, 0), -4): (1, 5)
(5, 1, 1, (1, 1, 0), -3): (3, 12)
(5, 1, 1, (1, 1, 0), -2): (4, 13)
(5, 1, 1, (1, 1, 0), -1): (6, 17)
(5, 1, 1, (1, 1, 0), 0): (8, 11)
(5, 1, 1, (1, 1, 0), 1): (14, 17)
(5, 1, 1, (1, 1, 0), 2): (8, 10)
(5, 1, 1, (1, 1, 0), 3): (9, 9)
(5, 1, 1, (1, 1, 0), 4): (12, 12)
(5, 1, 1, (1, 1, 0), 5): (6, 6)
(5, 1, 1, (1, 1, 0), 6): (6, 6)
(5, 1, 1, (1, 1, 0), 8): (1, 1)
(5, 1, 1, (1, 1, 1), -5): (1, 3)
(5, 1, 1, (1, 1, 1), -4): (1, 2)
(5, 1, 1, (1, 1, 1), -3): (2, 4)
(5, 1, 1, (1, 1, 1), -2): (6, 8)
(5, 1, 1, (1, 1, 1), -1): (1, 4)
(5, 1, 1, (1, 1, 1), 0): (5, 7)
(5, 1, 1, (1, 1, 1), 1): (3, 4)
(5, 1, 1, (1, 1, 1), 2): (8, 9)
(5, 1, 1, (1, 1, 1), 3): (7, 7)
(5, 1, 1, (1, 1, 1), 4): (4, 4)
(5, 1, 1, (1, 1, 1), 5): (3, 3)
(5, 1, 1, (1, 1, 1), 6): (2, 2)
(5, 1, 1, (1, 1, 1), 9): (1, 1)
(5, 1, 2, (0, 0, 0), -12): (0, 1)
(5, 1, 2, (0, 0, 0), -11): (0, 1)
(5, 1, 2, (0, 0, 0), -9): (0, 2)
(5, 1, 2, (0, 0, 0), -8): (0, 3)
(5, 1, 2, (0, 0, 0), -7): (1, 6)
(5, 1, 2, (0, 0, 0), -6): (1, 17)
(5, 1, 2, (0, 0, 0), -5): (1, 20)
(5, 1, 2, (0, 0, 0), -4): (1, 31)
(5, 1, 2, (0, 0, 0), -3): (9, 37)
(5, 1, 2, (0, 0, 0), -2): (17, 64)
(5, 1, 2, (0, 0, 0), -1): (29, 75)
(5, 1, 2, (0, 0, 0), 0): (58, 94)
(5, 1, 2, (0, 0, 0), 1): (56, 81)
(5, 1, 2, (0, 0, 0), 2): (51, 68)
(5, 1, 2, (0, 0, 0), 3): (41, 44)
(5, 1, 2, (0, 0, 0), 4): (21, 22)
(5, 1, 2, (0, 0, 0), 5): (20, 20)
(5, 1, 2, (0, 0, 0), 6): (16, 16)
(5, 1, 2, (0, 0, 0), 7): (10, 10)
(5, 1, 2, (0, 0, 0), 8): (2, 2)
(5, 1, 2, (0, 0, 0), 9): (4, 4)
(5, 1, 2, (0, 0, 0), 10): (1, 1)
(5, 1, 2, (0, 0, 1), -9): (0, 2)
(5, 1, 2, (0, 0, 1), -8): (0, 1)
(5, 1, 2, (0, 0, 1), -7): (0, 1)
(5, 1, 2, (0, 0, 1), -6): (0, 3)
(5, 1, 2, (0, 0, 1), -5): (0, 4)
(5, 1, 2, (0, 0, 1), -4): (0, 3)
(5, 1, 2, (0, 0, 1), -3): (0, 2)
(5, 1, 2, (0, 0, 1), -2): (1, 4)
(5, 1, 2, (0, 0, 1), -1): (4, 7)
(5, 1, 2, (0, 0, 1), 0): (9, 15)
(5, 1, 2, (0, 0, 1), 1): (7, 11)
(5, 1, 2, (0, 0, 1), 2): (10, 14)
(5, 1, 2, (0, 0, 1), 3): (7, 8)
(5, 1, 2, (0, 0, 1), 4): (7, 7)
(5, 1, 2, (0, 0, 1), 5): (6, 6)
(5, 1, 2, (0, 0, 1), 6): (2, 2)
(5, 1, 2, (0, 0, 1), 7): (3, 3)
(5, 1, 2, (0, 0, 1), 8): (2, 2)
(5, 1, 2, (0, 0, 1), 11): (1, 1)
(5, 1, 2, (0, 1, 0), -7): (0, 1)
(5, 1, 2, (0, 1, 0), -6): (0, 3)
(5, 1, 2, (0, 1, 0), -5): (1, 5)
(5, 1, 2, (0, 1, 0), -4): (0, 8)
(5, 1, 2, (0, 1, 0), -3): (3, 9)
(5, 1, 2, (0, 1, 0), -2): (1, 10)
(5, 1, 2, (0, 1, 0), -1): (11, 24)
(5, 1, 2, (0, 1, 0), 0): (9, 18)
(5, 1, 2, (0, 1, 0), 1): (18, 24)
(5, 1, 2, (0, 1, 0), 2): (18, 22)
(5, 1, 2, (0, 1, 0), 3): (20, 21)
(5, 1, 2, (0, 1, 0), 4): (17, 17)
(5, 1, 2, (0, 1, 0), 5): (6, 7)
(5, 1, 2, (0, 1, 0), 6): (8, 9)
(5, 1, 2, (0, 1, 0), 7): (5, 5)
(5, 1, 2, (0, 1, 0), 9): (1, 1)
(5, 1, 2, (0, 1, 0), 10): (2, 2)
(5, 1, 2, (0, 1, 0), 11): (1, 1)
(5, 1, 2, (0, 1, 0), 12): (1, 1)
(5, 1, 2, (0, 1, 1), -6): (0, 1)
(5, 1, 2, (0, 1, 1), -5): (0, 5)
(5, 1, 2, (0, 1, 1), -4): (1, 2)
(5, 1, 2, (0, 1, 1), -3): (2, 6)
(5, 1, 2, (0, 1, 1), -2): (2, 5)
(5, 1, 2, (0, 1, 1), -1): (6, 9)
(5, 1, 2, (0, 1, 1), 0): (1, 4)
(5, 1, 2, (0, 1, 1), 1): (6, 7)
(5, 1, 2, (0, 1, 1), 2): (1, 1)
(5, 1, 2, (0, 1, 1), 3): (3, 3)
(5, 1, 2, (0, 1, 1), 5): (7, 7)
(5, 1, 2, (0, 1, 1), 6): (3, 3)
(5, 1, 2, (0, 1, 1), 8): (1, 1)
(5, 1, 2, (0, 1, 1), 13): (1, 1)
(5, 1, 2, (1, 0, 0), -12): (0, 1)
(5, 1, 2, (1, 0, 0), -10): (0, 1)
(5, 1, 2, (1, 0, 0), -8): (0, 2)
(5, 1, 2, (1, 0, 0), -7): (0, 2)
(5, 1, 2, (1, 0, 0), -6): (1, 12)
(5, 1, 2, (1, 0, 0), -5): (0, 9)
(5, 1, 2, (1, 0, 0), -4): (2, 21)
(5, 1, 2, (1, 0, 0), -3): (4, 27)
(5, 1, 2, (1, 0, 0), -2): (15, 40)
(5, 1, 2, (1, 0, 0), -1): (19, 46)
(5, 1, 2, (1, 0, 0), 0): (40, 64)
(5, 1, 2, (1, 0, 0), 1): (39, 52)
(5, 1, 2, (1, 0, 0), 2): (28, 34)
(5, 1, 2, (1, 0, 0), 3): (28, 31)
(5, 1, 2, (1, 0, 0), 4): (14, 14)
(5, 1, 2, (1, 0, 0), 5): (10, 10)
(5, 1, 2, (1, 0, 0), 6): (13, 13)
(5, 1, 2, (1, 0, 0), 7): (10, 10)
(5, 1, 2, (1, 0, 0), 8): (2, 2)
(5, 1, 2, (1, 0, 0), 9): (6, 6)
(5, 1, 2, (1, 0, 0), 13): (1, 1)
(5, 1, 2, (1, 0, 1), -10): (0, 1)
(5, 1, 2, (1, 0, 1), -9): (0, 1)
(5, 1, 2, (1, 0, 1), -7): (0, 1)
(5, 1, 2, (1, 0, 1), -6): (0, 3)
(5, 1, 2, (1, 0, 1), -4): (1, 5)
(5, 1, 2, (1, 0, 1), -3): (1, 5)
(5, 1, 2, (1, 0, 1), -2): (1, 4)
(5, 1, 2, (1, 0, 1), -1): (7, 14)
(5, 1, 2, (1, 0, 1), 0): (3, 8)
(5, 1, 2, (1, 0, 1), 1): (6, 12)
(5, 1, 2, (1, 0, 1), 2): (10, 12)
(5, 1, 2, (1, 0, 1), 3): (8, 10)
(5, 1, 2, (1, 0, 1), 4): (7, 8)
(5, 1, 2, (1, 0, 1), 5): (4, 4)
(5, 1, 2, (1, 0, 1), 6): (5, 5)
(5, 1, 2, (1, 0, 1), 7): (3, 3)
(5, 1, 2, (1, 0, 1), 10): (1, 1)
(5, 1, 2, (1, 0, 1), 12): (1, 1)
(5, 1, 2, (1, 0, 1), 14): (1, 1)
(5, 1, 2, (1, 1, 0), -10): (0, 1)
(5, 1, 2, (1, 1, 0), -6): (0, 6)
(5, 1, 2, (1, 1, 0), -5): (0, 2)
(5, 1, 2, (1, 1, 0), -4): (1, 9)
(5, 1, 2, (1, 1, 0), -3): (3, 9)
(5, 1, 2, (1, 1, 0), -2): (11, 17)
(5, 1, 2, (1, 1, 0), -1): (7, 22)
(5, 1, 2, (1, 1, 0), 0): (10, 20)
(5, 1, 2, (1, 1, 0), 1): (11, 14)
(5, 1, 2, (1, 1, 0), 2): (15, 18)
(5, 1, 2, (1, 1, 0), 3): (11, 14)
(5, 1, 2, (1, 1, 0), 4): (15, 15)
(5, 1, 2, (1, 1, 0), 5): (7, 7)
(5, 1, 2, (1, 1, 0), 6): (7, 7)
(5, 1, 2, (1, 1, 0), 7): (3, 3)
(5, 1, 2, (1, 1, 0), 9): (2, 2)
(5, 1, 2, (1, 1, 0), 11): (1, 1)
(5, 1, 2, (1, 1, 0), 13): (1, 1)
(5, 1, 2, (1, 1, 1), -6): (0, 1)
(5, 1, 2, (1, 1, 1), -5): (0, 1)
(5, 1, 2, (1, 1, 1), -4): (2, 3)
(5, 1, 2, (1, 1, 1), -3): (1, 4)
(5, 1, 2, (1, 1, 1), -2): (7, 9)
(5, 1, 2, (1, 1, 1), -1): (3, 4)
(5, 1, 2, (1, 1, 1), 0): (5, 8)
(5, 1, 2, (1, 1, 1), 1): (4, 4)
(5, 1, 2, (1, 1, 1), 2): (8, 9)
(5, 1, 2, (1, 1, 1), 3): (4, 5)
(5, 1, 2, (1, 1, 1), 4): (7, 7)
(5, 1, 2, (1, 1, 1), 5): (1, 1)
(5, 1, 2, (1, 1, 1), 6): (3, 3)
(5, 1, 2, (1, 1, 1), 7): (1, 1)
(6, 0, 0, (0, 0, 0), -14): (0, 1)
(6, 0, 0, (0, 0, 0), -13): (0, 1)
(6, 0, 0, (0, 0, 0), -12): (0, 1)
(6, 0, 0, (0, 0, 0), -11): (0, 1)
(6, 0, 0, (0, 0, 0), -10): (0, 2)
(6, 0, 0, (0, 0, 0), -9): (0, 10)
(6, 0, 0, (0, 0, 0), -8): (0, 9)
(6, 0, 0, (0, 0, 0), -7): (0, 19)
(6, 0, 0, (0, 0, 0), -6): (1, 41)
(6, 0, 0, (0, 0, 0), -5): (0, 40)
(6, 0, 0, (0, 0, 0), -4): (2, 60)
(6, 0, 0, (0, 0, 0), -3): (9, 92)
(6, 0, 0, (0, 0, 0), -2): (30, 117)
(6, 0, 0, (0, 0, 0), -1): (46, 139)
(6, 0, 0, (0, 0, 0), 0): (77, 171)
(6, 0, 0, (0, 0, 0), 1): (90, 146)
(6, 0, 0, (0, 0, 0), 2): (76, 107)
(6, 0, 0, (0, 0, 0), 3): (65, 79)
(6, 0, 0, (0, 0, 0), 4): (52, 54)
(6, 0, 0, (0, 0, 0), 5): (30, 32)
(6, 0, 0, (0, 0, 0), 6): (28, 29)
(6, 0, 0, (0, 0, 0), 7): (8, 9)
(6, 0, 0, (0, 0, 0), 8): (5, 5)
(6, 0, 0, (0, 0, 0), 9): (4, 4)
(6, 0, 0, (0, 0, 0), 10): (4, 4)
(6, 0, 0, (0, 0, 0), 11): (1, 1)
(6, 0, 0, (0, 0, 0), 12): (2, 2)
(6, 0, 0, (0, 0, 1), -9): (0, 1)
(6, 0, 0, (0, 0, 1), -5): (0, 1)
(6, 0, 0, (0, 0, 1), -4): (0, 1)
(6, 0, 0, (0, 0, 1), -3): (0, 3)
(6, 0, 0, (0, 0, 1), 0): (1, 2)
(6, 0, 0, (0, 0, 1), 1): (1, 1)
(6, 0, 0, (0, 0, 1), 2): (3, 4)
(6, 0, 0, (0, 0, 1), 3): (2, 2)
(6, 0, 0, (0, 0, 1), 5): (1, 1)
(6, 0, 0, (0, 1, 0), -8): (0, 1)
(6, 0, 0, (0, 1, 0), -7): (0, 1)
(6, 0, 0, (0, 1, 0), -6): (0, 5)
(6, 0, 0, (0, 1, 0), -5): (0, 5)
(6, 0, 0, (0, 1, 0), -4): (0, 5)
(6, 0, 0, (0, 1, 0), -3): (2, 6)
(6, 0, 0, (0, 1, 0), -2): (1, 6)
(6, 0, 0, (0, 1, 0), -1): (3, 8)
(6, 0, 0, (0, 1, 0), 0): (3, 6)
(6, 0, 0, (0, 1, 0), 1): (12, 14)
(6, 0, 0, (0, 1, 0), 2): (6, 6)
(6, 0, 0, (0, 1, 0), 3): (5, 5)
(6, 0, 0, (0, 1, 0), 4): (4, 4)
(6, 0, 0, (0, 1, 0), 5): (2, 3)
(6, 0, 0, (0, 1, 0), 6): (3, 3)
(6, 0, 0, (0, 1, 0), 7): (1, 1)
(6, 0, 0, (0, 1, 0), 9): (1, 1)
(6, 0, 0, (0, 1, 0), 10): (1, 1)
(6, 0, 0, (0, 1, 1), -7): (0, 2)
(6, 0, 0, (0, 1, 1), -5): (0, 1)
(6, 0, 0, (0, 1, 1), -3): (1, 2)
(6, 0, 0, (0, 1, 1), -1): (0, 1)
(6, 0, 0, (0, 1, 1), 0): (1, 3)
(6, 0, 0, (0, 1, 1), 1): (1, 1)
(6, 0, 0, (0, 1, 1), 2): (2, 2)
(6, 0, 0, (0, 1, 1), 3): (1, 1)
(6, 0, 0, (0, 1, 1), 5): (2, 2)
(6, 0, 0, (0, 1, 1), 6): (1, 1)
(6, 0, 0, (1, 0, 0), -14): (0, 1)
(6, 0, 0, (1, 0, 0), -10): (0, 1)
(6, 0, 0, (1, 0, 0), -9): (0, 2)
(6, 0, 0, (1, 0, 0), -8): (0, 2)
(6, 0, 0, (1, 0, 0), -7): (0, 9)
(6, 0, 0, (1, 0, 0), -6): (0, 6)
(6, 0, 0, (1, 0, 0), -5): (0, 11)
(6, 0, 0, (1, 0, 0), -4): (1, 21)
(6, 0, 0, (1, 0, 0), -3): (2, 28)
(6, 0, 0, (1, 0, 0), -2): (8, 31)
(6, 0, 0, (1, 0, 0), -1): (14, 36)
(6, 0, 0, (1, 0, 0), 0): (22, 49)
(6, 0, 0, (1, 0, 0), 1): (28, 39)
(6, 0, 0, (1, 0, 0), 2): (20, 30)
(6, 0, 0, (1, 0, 0), 3): (16, 17)
(6, 0, 0, (1, 0, 0), 4): (17, 17)
(6, 0, 0, (1, 0, 0), 5): (8, 8)
(6, 0, 0, (1, 0, 0), 6): (6, 6)
(6, 0, 0, (1, 0, 0), 8): (2, 2)
(6, 0, 0, (1, 0, 0), 11): (1, 1)
(6, 0, 0, (1, 0, 1), -7): (0, 1)
(6, 0, 0, (1, 0, 1), -6): (0, 1)
(6, 0, 0, (1, 0, 1), -5): (0, 1)
(6, 0, 0, (1, 0, 1), -3): (0, 1)
(6, 0, 0, (1, 0, 1), -2): (1, 3)
(6, 0, 0, (1, 0, 1), -1): (1, 4)
(6, 0, 0, (1, 0, 1), 0): (2, 2)
(6, 0, 0, (1, 0, 1), 1): (4, 4)
(6, 0, 0, (1, 0, 1), 2): (9, 9)
(6, 0, 0, (1, 0, 1), 3): (3, 3)
(6, 0, 0, (1, 0, 1), 4): (3, 3)
(6, 0, 0, (1, 0, 1), 5): (1, 1)
(6, 0, 0, (1, 0, 1), 6): (1, 1)
(6, 0, 0, (1, 1, 0), -10): (0, 1)
(6, 0, 0, (1, 1, 0), -9): (0, 2)
(6, 0, 0, (1, 1, 0), -7): (0, 3)
(6, 0, 0, (1, 1, 0), -6): (0, 2)
(6, 0, 0, (1, 1, 0), -5): (0, 3)
(6, 0, 0, (1, 1, 0), -4): (1, 7)
(6, 0, 0, (1, 1, 0), -3): (3, 10)
(6, 0, 0, (1, 1, 0), -2): (4, 6)
(6, 0, 0, (1, 1, 0), -1): (6, 10)
(6, 0, 0, (1, 1, 0), 0): (7, 9)
(6, 0, 0, (1, 1, 0), 1): (10, 12)
(6, 0, 0, (1, 1, 0), 2): (3, 3)
(6, 0, 0, (1, 1, 0), 3): (1, 1)
(6, 0, 0, (1, 1, 0), 4): (4, 4)
(6, 0, 0, (1, 1, 0), 5): (3, 3)
(6, 0, 0, (1, 1, 0), 6): (1, 1)
(6, 0, 0, (1, 1, 1), -10): (0, 1)
(6, 0, 0, (1, 1, 1), -4): (0, 1)
(6, 0, 0, (1, 1, 1), -3): (1, 3)
(6, 0, 0, (1, 1, 1), -2): (0, 1)
(6, 0, 0, (1, 1, 1), -1): (2, 2)
(6, 0, 0, (1, 1, 1), 0): (0, 2)
(6, 0, 0, (1, 1, 1), 1): (2, 2)
(6, 0, 0, (1, 1, 1), 2): (1, 1)
(6, 0, 0, (1, 1, 1), 3): (2, 2)
(6, 0, 0, (1, 1, 1), 5): (1, 1)
(6, 0, 1, (0, 0, 0), -13): (0, 1)
(6, 0, 1, (0, 0, 0), -12): (0, 1)
(6, 0, 1, (0, 0, 0), -11): (0, 1)
(6, 0, 1, (0, 0, 0), -10): (0, 1)
(6, 0, 1, (0, 0, 0), -9): (0, 6)
(6, 0, 1, (0, 0, 0), -8): (0, 8)
(6, 0, 1, (0, 0, 0), -7): (0, 9)
(6, 0, 1, (0, 0, 0), -6): (1, 29)
(6, 0, 1, (0, 0, 0), -5): (0, 22)
(6, 0, 1, (0, 0, 0), -4): (1, 35)
(6, 0, 1, (0, 0, 0), -3): (5, 55)
(6, 0, 1, (0, 0, 0), -2): (19, 82)
(6, 0, 1, (0, 0, 0), -1): (29, 96)
(6, 0, 1, (0, 0, 0), 0): (51, 117)
(6, 0, 1, (0, 0, 0), 1): (54, 99)
(6, 0, 1, (0, 0, 0), 2): (53, 73)
(6, 0, 1, (0, 0, 0), 3): (46, 59)
(6, 0, 1, (0, 0, 0), 4): (36, 38)
(6, 0, 1, (0, 0, 0), 5): (20, 21)
(6, 0, 1, (0, 0, 0), 6): (22, 23)
(6, 0, 1, (0, 0, 0), 7): (8, 9)
(6, 0, 1, (0, 0, 0), 8): (4, 4)
(6, 0, 1, (0, 0, 0), 9): (3, 3)
(6, 0, 1, (0, 0, 0), 10): (3, 3)
(6, 0, 1, (0, 0, 0), 12): (2, 2)
(6, 0, 1, (0, 0, 1), -8): (0, 2)
(6, 0, 1, (0, 0, 1), -7): (0, 1)
(6, 0, 1, (0, 0, 1), -6): (0, 1)
(6, 0, 1, (0, 0, 1), -5): (0, 1)
(6, 0, 1, (0, 0, 1), -4): (0, 2)
(6, 0, 1, (0, 0, 1), -3): (0, 5)
(6, 0, 1, (0, 0, 1), -2): (0, 6)
(6, 0, 1, (0, 0, 1), -1): (4, 7)
(6, 0, 1, (0, 0, 1), 0): (6, 8)
(6, 0, 1, (0, 0, 1), 1): (7, 8)
(6, 0, 1, (0, 0, 1), 2): (3, 5)
(6, 0, 1, (0, 0, 1), 3): (3, 3)
(6, 0, 1, (0, 0, 1), 4): (1, 2)
(6, 0, 1, (0, 0, 1), 5): (1, 2)
(6, 0, 1, (0, 0, 1), 6): (1, 1)
(6, 0, 1, (0, 0, 1), 7): (1, 1)
(6, 0, 1, (0, 0, 1), 9): (1, 1)
(6, 0, 1, (0, 1, 0), -8): (0, 2)
(6, 0, 1, (0, 1, 0), -7): (0, 2)
(6, 0, 1, (0, 1, 0), -6): (1, 5)
(6, 0, 1, (0, 1, 0), -5): (0, 7)
(6, 0, 1, (0, 1, 0), -4): (0, 4)
(6, 0, 1, (0, 1, 0), -3): (1, 7)
(6, 0, 1, (0, 1, 0), -2): (6, 14)
(6, 0, 1, (0, 1, 0), -1): (8, 20)
(6, 0, 1, (0, 1, 0), 0): (14, 29)
(6, 0, 1, (0, 1, 0), 1): (15, 22)
(6, 0, 1, (0, 1, 0), 2): (9, 14)
(6, 0, 1, (0, 1, 0), 3): (14, 16)
(6, 0, 1, (0, 1, 0), 4): (10, 11)
(6, 0, 1, (0, 1, 0), 5): (6, 6)
(6, 0, 1, (0, 1, 0), 6): (5, 5)
(6, 0, 1, (0, 1, 0), 7): (3, 3)
(6, 0, 1, (0, 1, 0), 8): (2, 2)
(6, 0, 1, (0, 1, 0), 10): (2, 2)
(6, 0, 1, (0, 1, 1), -6): (0, 2)
(6, 0, 1, (0, 1, 1), -5): (0, 1)
(6, 0, 1, (0, 1, 1), -4): (0, 4)
(6, 0, 1, (0, 1, 1), -3): (1, 4)
(6, 0, 1, (0, 1, 1), -2): (2, 5)
(6, 0, 1, (0, 1, 1), -1): (4, 9)
(6, 0, 1, (0, 1, 1), 0): (3, 7)
(6, 0, 1, (0, 1, 1), 1): (5, 7)
(6, 0, 1, (0, 1, 1), 2): (5, 5)
(6, 0, 1, (0, 1, 1), 3): (2, 2)
(6, 0, 1, (0, 1, 1), 5): (4, 4)
(6, 0, 1, (0, 1, 1), 6): (4, 4)
(6, 0, 1, (0, 1, 1), 7): (1, 1)
(6, 0, 1, (1, 0, 0), -13): (0, 1)
(6, 0, 1, (1, 0, 0), -9): (0, 2)
(6, 0, 1, (1, 0, 0), -8): (0, 3)
(6, 0, 1, (1, 0, 0), -7): (0, 6)
(6, 0, 1, (1, 0, 0), -6): (0, 14)
(6, 0, 1, (1, 0, 0), -5): (1, 17)
(6, 0, 1, (1, 0, 0), -4): (1, 27)
(6, 0, 1, (1, 0, 0), -3): (2, 31)
(6, 0, 1, (1, 0, 0), -2): (6, 40)
(6, 0, 1, (1, 0, 0), -1): (15, 41)
(6, 0, 1, (1, 0, 0), 0): (25, 61)
(6, 0, 1, (1, 0, 0), 1): (25, 47)
(6, 0, 1, (1, 0, 0), 2): (27, 39)
(6, 0, 1, (1, 0, 0), 3): (23, 24)
(6, 0, 1, (1, 0, 0), 4): (13, 14)
(6, 0, 1, (1, 0, 0), 5): (10, 11)
(6, 0, 1, (1, 0, 0), 6): (11, 11)
(6, 0, 1, (1, 0, 0), 7): (4, 4)
(6, 0, 1, (1, 0, 0), 8): (3, 3)
(6, 0, 1, (1, 0, 0), 9): (1, 1)
(6, 0, 1, (1, 0, 0), 10): (1, 1)
(6, 0, 1, (1, 0, 0), 11): (1, 1)
(6, 0, 1, (1, 0, 1), -9): (0, 2)
(6, 0, 1, (1, 0, 1), -7): (0, 2)
(6, 0, 1, (1, 0, 1), -5): (0, 2)
(6, 0, 1, (1, 0, 1), -4): (1, 1)
(6, 0, 1, (1, 0, 1), -3): (0, 2)
(6, 0, 1, (1, 0, 1), -2): (0, 4)
(6, 0, 1, (1, 0, 1), -1): (7, 13)
(6, 0, 1, (1, 0, 1), 0): (8, 14)
(6, 0, 1, (1, 0, 1), 1): (11, 14)
(6, 0, 1, (1, 0, 1), 2): (12, 16)
(6, 0, 1, (1, 0, 1), 3): (5, 5)
(6, 0, 1, (1, 0, 1), 4): (6, 7)
(6, 0, 1, (1, 0, 1), 5): (2, 3)
(6, 0, 1, (1, 0, 1), 6): (3, 3)
(6, 0, 1, (1, 0, 1), 7): (1, 1)
(6, 0, 1, (1, 0, 1), 8): (2, 2)
(6, 0, 1, (1, 1, 0), -9): (0, 1)
(6, 0, 1, (1, 1, 0), -8): (0, 2)
(6, 0, 1, (1, 1, 0), -7): (0, 4)
(6, 0, 1, (1, 1, 0), -6): (0, 2)
(6, 0, 1, (1, 1, 0), -5): (0, 7)
(6, 0, 1, (1, 1, 0), -4): (0, 4)
(6, 0, 1, (1, 1, 0), -3): (4, 11)
(6, 0, 1, (1, 1, 0), -2): (7, 15)
(6, 0, 1, (1, 1, 0), -1): (6, 12)
(6, 0, 1, (1, 1, 0), 0): (12, 20)
(6, 0, 1, (1, 1, 0), 1): (9, 15)
(6, 0, 1, (1, 1, 0), 2): (5, 9)
(6, 0, 1, (1, 1, 0), 3): (9, 10)
(6, 0, 1, (1, 1, 0), 4): (5, 6)
(6, 0, 1, (1, 1, 0), 5): (3, 3)
(6, 0, 1, (1, 1, 0), 6): (2, 2)
(6, 0, 1, (1, 1, 0), 7): (2, 2)
(6, 0, 1, (1, 1, 0), 8): (2, 2)
(6, 0, 1, (1, 1, 0), 9): (1, 1)
(6, 0, 1, (1, 1, 0), 10): (1, 1)
(6, 0, 1, (1, 1, 1), -7): (0, 3)
(6, 0, 1, (1, 1, 1), -5): (0, 1)
(6, 0, 1, (1, 1, 1), -4): (0, 1)
(6, 0, 1, (1, 1, 1), -3): (2, 5)
(6, 0, 1, (1, 1, 1), -2): (1, 4)
(6, 0, 1, (1, 1, 1), -1): (3, 3)
(6, 0, 1, (1, 1, 1), 0): (3, 6)
(6, 0, 1, (1, 1, 1), 1): (2, 4)
(6, 0, 1, (1, 1, 1), 2): (3, 4)
(6, 0, 1, (1, 1, 1), 3): (3, 3)
(6, 0, 1, (1, 1, 1), 5): (1, 1)
(6, 0, 1, (1, 1, 1), 6): (1, 1)
(6, 0, 1, (1, 1, 1), 7): (1, 1)
(6, 0, 1, (1, 1, 1), 8): (1, 1)
(6, 0, 1, (1, 1, 1), 9): (1, 1)
(6, 0, 2, (0, 0, 0), -12): (0, 1)
(6, 0, 2, (0, 0, 0), -11): (0, 1)
(6, 0, 2, (0, 0, 0), -10): (0, 1)
(6, 0, 2, (0, 0, 0), -9): (0, 3)
(6, 0, 2, (0, 0, 0), -8): (0, 5)
(6, 0, 2, (0, 0, 0), -7): (0, 5)
(6, 0, 2, (0, 0, 0), -6): (0, 20)
(6, 0, 2, (0, 0, 0), -5): (0, 12)
(6, 0, 2, (0, 0, 0), -4): (0, 24)
(6, 0, 2, (0, 0, 0), -3): (2, 40)
(6, 0, 2, (0, 0, 0), -2): (11, 58)
(6, 0, 2, (0, 0, 0), -1): (16, 67)
(6, 0, 2, (0, 0, 0), 0): (32, 84)
(6, 0, 2, (0, 0, 0), 1): (40, 74)
(6, 0, 2, (0, 0, 0), 2): (43, 60)
(6, 0, 2, (0, 0, 0), 3): (40, 51)
(6, 0, 2, (0, 0, 0), 4): (32, 33)
(6, 0, 2, (0, 0, 0), 5): (15, 15)
(6, 0, 2, (0, 0, 0), 6): (15, 16)
(6, 0, 2, (0, 0, 0), 7): (4, 5)
(6, 0, 2, (0, 0, 0), 8): (2, 2)
(6, 0, 2, (0, 0, 0), 9): (3, 3)
(6, 0, 2, (0, 0, 0), 10): (2, 2)
(6, 0, 2, (0, 0, 0), 11): (1, 1)
(6, 0, 2, (0, 0, 0), 12): (3, 3)
(6, 0, 2, (0, 0, 1), -8): (0, 1)
(6, 0, 2, (0, 0, 1), -7): (0, 1)
(6, 0, 2, (0, 0, 1), -6): (0, 5)
(6, 0, 2, (0, 0, 1), -5): (0, 4)
(6, 0, 2, (0, 0, 1), -4): (0, 4)
(6, 0, 2, (0, 0, 1), -3): (0, 6)
(6, 0, 2, (0, 0, 1), -2): (2, 9)
(6, 0, 2, (0, 0, 1), -1): (2, 8)
(6, 0, 2, (0, 0, 1), 0): (3, 10)
(6, 0, 2, (0, 0, 1), 1): (10, 13)
(6, 0, 2, (0, 0, 1), 2): (5, 7)
(6, 0, 2, (0, 0, 1), 3): (2, 3)
(6, 0, 2, (0, 0, 1), 4): (3, 5)
(6, 0, 2, (0, 0, 1), 5): (4, 4)
(6, 0, 2, (0, 0, 1), 6): (3, 3)
(6, 0, 2, (0, 0, 1), 7): (2, 2)
(6, 0, 2, (0, 0, 1), 8): (1, 1)
(6, 0, 2, (0, 0, 1), 9): (1, 1)
(6, 0, 2, (0, 1, 0), -8): (0, 2)
(6, 0, 2, (0, 1, 0), -7): (0, 2)
(6, 0, 2, (0, 1, 0), -6): (0, 7)
(6, 0, 2, (0, 1, 0), -5): (0, 9)
(6, 0, 2, (0, 1, 0), -4): (0, 8)
(6, 0, 2, (0, 1, 0), -3): (0, 8)
(6, 0, 2, (0, 1, 0), -2): (4, 17)
(6, 0, 2, (0, 1, 0), -1): (4, 15)
(6, 0, 2, (0, 1, 0), 0): (15, 31)
(6, 0, 2, (0, 1, 0), 1): (19, 28)
(6, 0, 2, (0, 1, 0), 2): (14, 24)
(6, 0, 2, (0, 1, 0), 3): (21, 21)
(6, 0, 2, (0, 1, 0), 4): (15, 15)
(6, 0, 2, (0, 1, 0), 5): (5, 5)
(6, 0, 2, (0, 1, 0), 6): (6, 6)
(6, 0, 2, (0, 1, 0), 7): (5, 5)
(6, 0, 2, (0, 1, 0), 8): (2, 2)
(6, 0, 2, (0, 1, 0), 9): (1, 1)
(6, 0, 2, (0, 1, 0), 10): (1, 1)
(6, 0, 2, (0, 1, 1), -7): (0, 2)
(6, 0, 2, (0, 1, 1), -5): (0, 1)
(6, 0, 2, (0, 1, 1), -4): (0, 3)
(6, 0, 2, (0, 1, 1), -3): (0, 7)
(6, 0, 2, (0, 1, 1), -2): (1, 3)
(6, 0, 2, (0, 1, 1), -1): (2, 4)
(6, 0, 2, (0, 1, 1), 0): (2, 3)
(6, 0, 2, (0, 1, 1), 1): (6, 9)
(6, 0, 2, (0, 1, 1), 2): (3, 4)
(6, 0, 2, (0, 1, 1), 3): (7, 7)
(6, 0, 2, (0, 1, 1), 4): (3, 3)
(6, 0, 2, (0, 1, 1), 5): (1, 2)
(6, 0, 2, (0, 1, 1), 6): (3, 3)
(6, 0, 2, (0, 1, 1), 10): (1, 1)
(6, 0, 2, (1, 0, 0), -11): (0, 1)
(6, 0, 2, (1, 0, 0), -9): (0, 3)
(6, 0, 2, (1, 0, 0), -8): (0, 4)
(6, 0, 2, (1, 0, 0), -7): (0, 5)
(6, 0, 2, (1, 0, 0), -6): (0, 8)
(6, 0, 2, (1, 0, 0), -5): (0, 16)
(6, 0, 2, (1, 0, 0), -4): (0, 21)
(6, 0, 2, (1, 0, 0), -3): (1, 35)
(6, 0, 2, (1, 0, 0), -2): (4, 34)
(6, 0, 2, (1, 0, 0), -1): (8, 36)
(6, 0, 2, (1, 0, 0), 0): (18, 51)
(6, 0, 2, (1, 0, 0), 1): (31, 53)
(6, 0, 2, (1, 0, 0), 2): (25, 35)
(6, 0, 2, (1, 0, 0), 3): (18, 23)
(6, 0, 2, (1, 0, 0), 4): (10, 11)
(6, 0, 2, (1, 0, 0), 5): (10, 11)
(6, 0, 2, (1, 0, 0), 6): (14, 14)
(6, 0, 2, (1, 0, 0), 7): (7, 7)
(6, 0, 2, (1, 0, 0), 8): (2, 2)
(6, 0, 2, (1, 0, 0), 10): (2, 2)
(6, 0, 2, (1, 0, 0), 11): (1, 1)
(6, 0, 2, (1, 0, 0), 12): (1, 1)
(6, 0, 2, (1, 0, 1), -7): (0, 1)
(6, 0, 2, (1, 0, 1), -6): (0, 2)
(6, 0, 2, (1, 0, 1), -5): (0, 5)
(6, 0, 2, (1, 0, 1), -4): (0, 5)
(6, 0, 2, (1, 0, 1), -3): (1, 10)
(6, 0, 2, (1, 0, 1), -2): (1, 8)
(6, 0, 2, (1, 0, 1), -1): (2, 8)
(6, 0, 2, (1, 0, 1), 0): (3, 7)
(6, 0, 2, (1, 0, 1), 1): (5, 8)
(6, 0, 2, (1, 0, 1), 2): (4, 5)
(6, 0, 2, (1, 0, 1), 3): (9, 11)
(6, 0, 2, (1, 0, 1), 4): (8, 9)
(6, 0, 2, (1, 0, 1), 5): (1, 1)
(6, 0, 2, (1, 0, 1), 6): (3, 3)
(6, 0, 2, (1, 0, 1), 7): (4, 4)
(6, 0, 2, (1, 0, 1), 8): (1, 1)
(6, 0, 2, (1, 0, 1), 9): (1, 1)
(6, 0, 2, (1, 0, 1), 10): (1, 1)
(6, 0, 2, (1, 1, 0), -9): (0, 1)
(6, 0, 2, (1, 1, 0), -8): (0, 2)
(6, 0, 2, (1, 1, 0), -7): (0, 2)
(6, 0, 2, (1, 1, 0), -6): (0, 2)
(6, 0, 2, (1, 1, 0), -5): (0, 4)
(6, 0, 2, (1, 1, 0), -4): (0, 9)
(6, 0, 2, (1, 1, 0), -3): (0, 12)
(6, 0, 2, (1, 1, 0), -2): (3, 14)
(6, 0, 2, (1, 1, 0), -1): (3, 14)
(6, 0, 2, (1, 1, 0), 0): (15, 28)
(6, 0, 2, (1, 1, 0), 1): (11, 16)
(6, 0, 2, (1, 1, 0), 2): (13, 17)
(6, 0, 2, (1, 1, 0), 3): (18, 18)
(6, 0, 2, (1, 1, 0), 4): (7, 7)
(6, 0, 2, (1, 1, 0), 5): (5, 6)
(6, 0, 2, (1, 1, 0), 6): (3, 3)
(6, 0, 2, (1, 1, 0), 7): (3, 3)
(6, 0, 2, (1, 1, 0), 8): (5, 5)
(6, 0, 2, (1, 1, 0), 10): (1, 1)
(6, 0, 2, (1, 1, 0), 11): (1, 1)
(6, 0, 2, (1, 1, 0), 13): (1, 1)
(6, 0, 2, (1, 1, 0), 14): (1, 1)
(6, 0, 2, (1, 1, 1), -9): (0, 1)
(6, 0, 2, (1, 1, 1), -8): (0, 1)
(6, 0, 2, (1, 1, 1), -6): (0, 2)
(6, 0, 2, (1, 1, 1), -5): (0, 2)
(6, 0, 2, (1, 1, 1), -4): (0, 1)
(6, 0, 2, (1, 1, 1), -3): (1, 5)
(6, 0, 2, (1, 1, 1), -2): (1, 5)
(6, 0, 2, (1, 1, 1), -1): (1, 6)
(6, 0, 2, (1, 1, 1), 0): (6, 8)
(6, 0, 2, (1, 1, 1), 1): (4, 7)
(6, 0, 2, (1, 1, 1), 2): (1, 5)
(6, 0, 2, (1, 1, 1), 3): (4, 4)
(6, 0, 2, (1, 1, 1), 4): (1, 1)
(6, 0, 2, (1, 1, 1), 5): (2, 2)
(6, 0, 2, (1, 1, 1), 6): (1, 1)
(6, 0, 2, (1, 1, 1), 8): (1, 1)
(6, 0, 2, (1, 1, 1), 9): (1, 1)
(6, 0, 2, (1, 1, 1), 10): (2, 2)
(6, 0, 2, (1, 1, 1), 11): (2, 2)
(6, 1, 0, (0, 0, 0), -14): (0, 1)
(6, 1, 0, (0, 0, 0), -13): (0, 1)
(6, 1, 0, (0, 0, 0), -12): (0, 3)
(6, 1, 0, (0, 0, 0), -10): (0, 4)
(6, 1, 0, (0, 0, 0), -9): (0, 6)
(6, 1, 0, (0, 0, 0), -8): (0, 11)
(6, 1, 0, (0, 0, 0), -7): (1, 17)
(6, 1, 0, (0, 0, 0), -6): (1, 29)
(6, 1, 0, (0, 0, 0), -5): (3, 38)
(6, 1, 0, (0, 0, 0), -4): (4, 63)
(6, 1, 0, (0, 0, 0), -3): (15, 97)
(6, 1, 0, (0, 0, 0), -2): (41, 125)
(6, 1, 0, (0, 0, 0), -1): (63, 147)
(6, 1, 0, (0, 0, 0), 0): (104, 161)
(6, 1, 0, (0, 0, 0), 1): (96, 125)
(6, 1, 0, (0, 0, 0), 2): (87, 105)
(6, 1, 0, (0, 0, 0), 3): (79, 82)
(6, 1, 0, (0, 0, 0), 4): (52, 52)
(6, 1, 0, (0, 0, 0), 5): (38, 39)
(6, 1, 0, (0, 0, 0), 6): (32, 32)
(6, 1, 0, (0, 0, 0), 7): (13, 13)
(6, 1, 0, (0, 0, 0), 8): (9, 9)
(6, 1, 0, (0, 0, 0), 9): (7, 7)
(6, 1, 0, (0, 0, 0), 10): (1, 1)
(6, 1, 0, (0, 0, 0), 11): (1, 1)
(6, 1, 0, (0, 0, 0), 12): (1, 1)
(6, 1, 0, (0, 0, 0), 13): (1, 1)
(6, 1, 0, (0, 0, 1), -6): (1, 2)
(6, 1, 0, (0, 0, 1), -5): (0, 1)
(6, 1, 0, (0, 0, 1), -4): (1, 1)
(6, 1, 0, (0, 0, 1), -3): (0, 1)
(6, 1, 0, (0, 0, 1), -1): (6, 6)
(6, 1, 0, (0, 0, 1), 0): (2, 3)
(6, 1, 0, (0, 0, 1), 1): (2, 2)
(6, 1, 0, (0, 0, 1), 2): (4, 4)
(6, 1, 0, (0, 0, 1), 4): (1, 1)
(6, 1, 0, (0, 0, 1), 5): (1, 1)
(6, 1, 0, (0, 0, 1), 6): (2, 2)
(6, 1, 0, (0, 1, 0), -12): (0, 1)
(6, 1, 0, (0, 1, 0), -8): (0, 1)
(6, 1, 0, (0, 1, 0), -7): (0, 1)
(6, 1, 0, (0, 1, 0), -6): (1, 4)
(6, 1, 0, (0, 1, 0), -5): (0, 3)
(6, 1, 0, (0, 1, 0), -4): (0, 2)
(6, 1, 0, (0, 1, 0), -3): (1, 10)
(6, 1, 0, (0, 1, 0), -2): (3, 7)
(6, 1, 0, (0, 1, 0), -1): (2, 6)
(6, 1, 0, (0, 1, 0), 0): (10, 13)
(6, 1, 0, (0, 1, 0), 1): (8, 11)
(6, 1, 0, (0, 1, 0), 2): (9, 9)
(6, 1, 0, (0, 1, 0), 3): (7, 7)
(6, 1, 0, (0, 1, 0), 4): (4, 4)
(6, 1, 0, (0, 1, 0), 5): (8, 8)
(6, 1, 0, (0, 1, 0), 6): (4, 4)
(6, 1, 0, (0, 1, 0), 8): (2, 2)
(6, 1, 0, (0, 1, 0), 9): (1, 1)
(6, 1, 0, (0, 1, 1), -8): (0, 2)
(6, 1, 0, (0, 1, 1), -6): (0, 1)
(6, 1, 0, (0, 1, 1), -1): (2, 2)
(6, 1, 0, (0, 1, 1), 0): (3, 3)
(6, 1, 0, (0, 1, 1), 1): (1, 1)
(6, 1, 0, (0, 1, 1), 2): (3, 3)
(6, 1, 0, (0, 1, 1), 5): (3, 3)
(6, 1, 0, (1, 0, 0), -13): (0, 1)
(6, 1, 0, (1, 0, 0), -12): (0, 2)
(6, 1, 0, (1, 0, 0), -10): (0, 2)
(6, 1, 0, (1, 0, 0), -9): (0, 1)
(6, 1, 0, (1, 0, 0), -8): (0, 2)
(6, 1, 0, (1, 0, 0), -7): (1, 7)
(6, 1, 0, (1, 0, 0), -6): (0, 12)
(6, 1, 0, (1, 0, 0), -5): (2, 11)
(6, 1, 0, (1, 0, 0), -4): (2, 19)
(6, 1, 0, (1, 0, 0), -3): (4, 24)
(6, 1, 0, (1, 0, 0), -2): (15, 33)
(6, 1, 0, (1, 0, 0), -1): (19, 40)
(6, 1, 0, (1, 0, 0), 0): (31, 51)
(6, 1, 0, (1, 0, 0), 1): (26, 30)
(6, 1, 0, (1, 0, 0), 2): (18, 20)
(6, 1, 0, (1, 0, 0), 3): (19, 20)
(6, 1, 0, (1, 0, 0), 4): (13, 13)
(6, 1, 0, (1, 0, 0), 5): (14, 14)
(6, 1, 0, (1, 0, 0), 6): (11, 11)
(6, 1, 0, (1, 0, 0), 7): (4, 4)
(6, 1, 0, (1, 0, 0), 8): (1, 1)
(6, 1, 0, (1, 0, 0), 9): (2, 2)
(6, 1, 0, (1, 0, 1), -11): (0, 1)
(6, 1, 0, (1, 0, 1), -7): (0, 1)
(6, 1, 0, (1, 0, 1), -6): (0, 2)
(6, 1, 0, (1, 0, 1), -5): (0, 1)
(6, 1, 0, (1, 0, 1), -4): (0, 2)
(6, 1, 0, (1, 0, 1), -3): (0, 1)
(6, 1, 0, (1, 0, 1), -2): (1, 2)
(6, 1, 0, (1, 0, 1), -1): (3, 3)
(6, 1, 0, (1, 0, 1), 0): (4, 7)
(6, 1, 0, (1, 0, 1), 1): (1, 1)
(6, 1, 0, (1, 0, 1), 2): (2, 3)
(6, 1, 0, (1, 0, 1), 3): (1, 1)
(6, 1, 0, (1, 0, 1), 5): (3, 3)
(6, 1, 0, (1, 0, 1), 6): (3, 3)
(6, 1, 0, (1, 1, 0), -12): (0, 1)
(6, 1, 0, (1, 1, 0), -10): (0, 1)
(6, 1, 0, (1, 1, 0), -8): (0, 1)
(6, 1, 0, (1, 1, 0), -7): (0, 1)
(6, 1, 0, (1, 1, 0), -6): (0, 3)
(6, 1, 0, (1, 1, 0), -5): (0, 2)
(6, 1, 0, (1, 1, 0), -4): (0, 4)
(6, 1, 0, (1, 1, 0), -3): (0, 6)
(6, 1, 0, (1, 1, 0), -2): (2, 5)
(6, 1, 0, (1, 1, 0), -1): (5, 10)
(6, 1, 0, (1, 1, 0), 0): (4, 7)
(6, 1, 0, (1, 1, 0), 1): (5, 7)
(6, 1, 0, (1, 1, 0), 2): (3, 4)
(6, 1, 0, (1, 1, 0), 3): (5, 6)
(6, 1, 0, (1, 1, 0), 4): (7, 7)
(6, 1, 0, (1, 1, 0), 5): (3, 3)
(6, 1, 0, (1, 1, 0), 6): (2, 2)
(6, 1, 0, (1, 1, 0), 7): (2, 2)
(6, 1, 0, (1, 1, 0), 8): (1, 1)
(6, 1, 0, (1, 1, 1), -7): (0, 2)
(6, 1, 0, (1, 1, 1), -6): (0, 2)
(6, 1, 0, (1, 1, 1), -5): (0, 1)
(6, 1, 0, (1, 1, 1), -4): (0, 1)
(6, 1, 0, (1, 1, 1), -3): (0, 1)
(6, 1, 0, (1, 1, 1), -2): (1, 2)
(6, 1, 0, (1, 1, 1), -1): (0, 2)
(6, 1, 0, (1, 1, 1), 0): (1, 2)
(6, 1, 0, (1, 1, 1), 1): (3, 3)
(6, 1, 0, (1, 1, 1), 2): (1, 1)
(6, 1, 0, (1, 1, 1), 4): (1, 1)
(6, 1, 0, (1, 1, 1), 5): (1, 1)
(6, 1, 1, (0, 0, 0), -14): (0, 1)
(6, 1, 1, (0, 0, 0), -10): (0, 2)
(6, 1, 1, (0, 0, 0), -9): (0, 4)
(6, 1, 1, (0, 0, 0), -8): (0, 8)
(6, 1, 1, (0, 0, 0), -7): (0, 9)
(6, 1, 1, (0, 0, 0), -6): (0, 14)
(6, 1, 1, (0, 0, 0), -5): (2, 26)
(6, 1, 1, (0, 0, 0), -4): (2, 41)
(6, 1, 1, (0, 0, 0), -3): (10, 63)
(6, 1, 1, (0, 0, 0), -2): (24, 88)
(6, 1, 1, (0, 0, 0), -1): (36, 100)
(6, 1, 1, (0, 0, 0), 0): (69, 106)
(6, 1, 1, (0, 0, 0), 1): (62, 85)
(6, 1, 1, (0, 0, 0), 2): (65, 81)
(6, 1, 1, (0, 0, 0), 3): (57, 59)
(6, 1, 1, (0, 0, 0), 4): (38, 38)
(6, 1, 1, (0, 0, 0), 5): (19, 20)
(6, 1, 1, (0, 0, 0), 6): (23, 23)
(6, 1, 1, (0, 0, 0), 7): (13, 13)
(6, 1, 1, (0, 0, 0), 8): (9, 9)
(6, 1, 1, (0, 0, 0), 9): (7, 7)
(6, 1, 1, (0, 0, 0), 10): (2, 2)
(6, 1, 1, (0, 0, 0), 11): (1, 1)
(6, 1, 1, (0, 0, 0), 12): (1, 1)
(6, 1, 1, (0, 0, 0), 13): (1, 1)
(6, 1, 1, (0, 0, 1), -10): (0, 1)
(6, 1, 1, (0, 0, 1), -6): (0, 1)
(6, 1, 1, (0, 0, 1), -5): (0, 4)
(6, 1, 1, (0, 0, 1), -4): (1, 3)
(6, 1, 1, (0, 0, 1), -3): (1, 5)
(6, 1, 1, (0, 0, 1), -2): (3, 4)
(6, 1, 1, (0, 0, 1), -1): (3, 5)
(6, 1, 1, (0, 0, 1), 0): (6, 7)
(6, 1, 1, (0, 0, 1), 1): (5, 6)
(6, 1, 1, (0, 0, 1), 2): (9, 11)
(6, 1, 1, (0, 0, 1), 3): (4, 4)
(6, 1, 1, (0, 0, 1), 4): (6, 6)
(6, 1, 1, (0, 0, 1), 5): (6, 6)
(6, 1, 1, (0, 0, 1), 6): (2, 2)
(6, 1, 1, (0, 0, 1), 7): (1, 1)
(6, 1, 1, (0, 0, 1), 8): (3, 3)
(6, 1, 1, (0, 0, 1), 9): (1, 1)
(6, 1, 1, (0, 0, 1), 10): (2, 2)
(6, 1, 1, (0, 1, 0), -12): (0, 1)
(6, 1, 1, (0, 1, 0), -9): (0, 1)
(6, 1, 1, (0, 1, 0), -7): (0, 1)
(6, 1, 1, (0, 1, 0), -6): (1, 5)
(6, 1, 1, (0, 1, 0), -5): (1, 6)
(6, 1, 1, (0, 1, 0), -4): (0, 9)
(6, 1, 1, (0, 1, 0), -3): (2, 12)
(6, 1, 1, (0, 1, 0), -2): (2, 8)
(6, 1, 1, (0, 1, 0), -1): (6, 15)
(6, 1, 1, (0, 1, 0), 0): (20, 34)
(6, 1, 1, (0, 1, 0), 1): (16, 24)
(6, 1, 1, (0, 1, 0), 2): (12, 15)
(6, 1, 1, (0, 1, 0), 3): (16, 17)
(6, 1, 1, (0, 1, 0), 4): (9, 10)
(6, 1, 1, (0, 1, 0), 5): (7, 7)
(6, 1, 1, (0, 1, 0), 6): (7, 7)
(6, 1, 1, (0, 1, 0), 7): (3, 3)
(6, 1, 1, (0, 1, 0), 8): (5, 5)
(6, 1, 1, (0, 1, 0), 9): (1, 1)
(6, 1, 1, (0, 1, 0), 10): (1, 1)
(6, 1, 1, (0, 1, 1), -4): (0, 2)
(6, 1, 1, (0, 1, 1), -3): (2, 3)
(6, 1, 1, (0, 1, 1), -2): (1, 3)
(6, 1, 1, (0, 1, 1), -1): (6, 9)
(6, 1, 1, (0, 1, 1), 0): (7, 10)
(6, 1, 1, (0, 1, 1), 1): (3, 3)
(6, 1, 1, (0, 1, 1), 2): (5, 8)
(6, 1, 1, (0, 1, 1), 3): (7, 7)
(6, 1, 1, (0, 1, 1), 4): (4, 4)
(6, 1, 1, (0, 1, 1), 5): (4, 4)
(6, 1, 1, (0, 1, 1), 6): (6, 6)
(6, 1, 1, (1, 0, 0), -13): (0, 1)
(6, 1, 1, (1, 0, 0), -10): (0, 1)
(6, 1, 1, (1, 0, 0), -9): (0, 2)
(6, 1, 1, (1, 0, 0), -8): (0, 1)
(6, 1, 1, (1, 0, 0), -7): (0, 3)
(6, 1, 1, (1, 0, 0), -6): (0, 7)
(6, 1, 1, (1, 0, 0), -5): (3, 12)
(6, 1, 1, (1, 0, 0), -4): (3, 23)
(6, 1, 1, (1, 0, 0), -3): (6, 35)
(6, 1, 1, (1, 0, 0), -2): (9, 37)
(6, 1, 1, (1, 0, 0), -1): (19, 42)
(6, 1, 1, (1, 0, 0), 0): (28, 46)
(6, 1, 1, (1, 0, 0), 1): (24, 38)
(6, 1, 1, (1, 0, 0), 2): (31, 36)
(6, 1, 1, (1, 0, 0), 3): (28, 28)
(6, 1, 1, (1, 0, 0), 4): (21, 21)
(6, 1, 1, (1, 0, 0), 5): (10, 11)
(6, 1, 1, (1, 0, 0), 6): (9, 9)
(6, 1, 1, (1, 0, 0), 7): (6, 6)
(6, 1, 1, (1, 0, 0), 8): (5, 5)
(6, 1, 1, (1, 0, 0), 9): (5, 5)
(6, 1, 1, (1, 0, 0), 10): (1, 1)
(6, 1, 1, (1, 0, 0), 11): (1, 1)
(6, 1, 1, (1, 0, 0), 12): (1, 1)
(6, 1, 1, (1, 0, 1), -13): (0, 1)
(6, 1, 1, (1, 0, 1), -12): (0, 1)
(6, 1, 1, (1, 0, 1), -11): (0, 1)
(6, 1, 1, (1, 0, 1), -9): (0, 1)
(6, 1, 1, (1, 0, 1), -6): (0, 1)
(6, 1, 1, (1, 0, 1), -5): (1, 3)
(6, 1, 1, (1, 0, 1), -4): (0, 6)
(6, 1, 1, (1, 0, 1), -3): (2, 5)
(6, 1, 1, (1, 0, 1), -2): (1, 5)
(6, 1, 1, (1, 0, 1), -1): (1, 4)
(6, 1, 1, (1, 0, 1), 0): (9, 11)
(6, 1, 1, (1, 0, 1), 1): (8, 9)
(6, 1, 1, (1, 0, 1), 2): (16, 16)
(6, 1, 1, (1, 0, 1), 3): (7, 7)
(6, 1, 1, (1, 0, 1), 4): (2, 2)
(6, 1, 1, (1, 0, 1), 5): (5, 5)
(6, 1, 1, (1, 0, 1), 6): (2, 2)
(6, 1, 1, (1, 0, 1), 7): (1, 1)
(6, 1, 1, (1, 0, 1), 8): (2, 2)
(6, 1, 1, (1, 0, 1), 9): (1, 1)
(6, 1, 1, (1, 0, 1), 10): (1, 1)
(6, 1, 1, (1, 1, 0), -12): (0, 2)
(6, 1, 1, (1, 1, 0), -10): (0, 1)
(6, 1, 1, (1, 1, 0), -7): (0, 1)
(6, 1, 1, (1, 1, 0), -6): (0, 5)
(6, 1, 1, (1, 1, 0), -5): (0, 2)
(6, 1, 1, (1, 1, 0), -4): (2, 11)
(6, 1, 1, (1, 1, 0), -3): (1, 14)
(6, 1, 1, (1, 1, 0), -2): (3, 8)
(6, 1, 1, (1, 1, 0), -1): (4, 11)
(6, 1, 1, (1, 1, 0), 0): (14, 18)
(6, 1, 1, (1, 1, 0), 1): (14, 22)
(6, 1, 1, (1, 1, 0), 2): (8, 14)
(6, 1, 1, (1, 1, 0), 3): (13, 15)
(6, 1, 1, (1, 1, 0), 4): (13, 13)
(6, 1, 1, (1, 1, 0), 5): (7, 7)
(6, 1, 1, (1, 1, 0), 6): (4, 4)
(6, 1, 1, (1, 1, 0), 7): (7, 7)
(6, 1, 1, (1, 1, 0), 8): (2, 2)
(6, 1, 1, (1, 1, 0), 9): (1, 1)
(6, 1, 1, (1, 1, 0), 11): (1, 1)
(6, 1, 1, (1, 1, 1), -9): (0, 1)
(6, 1, 1, (1, 1, 1), -6): (0, 5)
(6, 1, 1, (1, 1, 1), -5): (0, 1)
(6, 1, 1, (1, 1, 1), -4): (1, 4)
(6, 1, 1, (1, 1, 1), -3): (0, 2)
(6, 1, 1, (1, 1, 1), -2): (3, 7)
(6, 1, 1, (1, 1, 1), -1): (5, 12)
(6, 1, 1, (1, 1, 1), 0): (4, 6)
(6, 1, 1, (1, 1, 1), 1): (4, 6)
(6, 1, 1, (1, 1, 1), 2): (3, 4)
(6, 1, 1, (1, 1, 1), 3): (2, 2)
(6, 1, 1, (1, 1, 1), 4): (6, 6)
(6, 1, 1, (1, 1, 1), 5): (2, 2)
(6, 1, 1, (1, 1, 1), 7): (1, 1)
(6, 1, 1, (1, 1, 1), 8): (1, 1)
(6, 1, 2, (0, 0, 0), -14): (0, 1)
(6, 1, 2, (0, 0, 0), -12): (0, 1)
(6, 1, 2, (0, 0, 0), -10): (0, 1)
(6, 1, 2, (0, 0, 0), -9): (0, 3)
(6, 1, 2, (0, 0, 0), -8): (0, 7)
(6, 1, 2, (0, 0, 0), -7): (0, 9)
(6, 1, 2, (0, 0, 0), -6): (0, 12)
(6, 1, 2, (0, 0, 0), -5): (1, 19)
(6, 1, 2, (0, 0, 0), -4): (0, 22)
(6, 1, 2, (0, 0, 0), -3): (6, 40)
(6, 1, 2, (0, 0, 0), -2): (22, 73)
(6, 1, 2, (0, 0, 0), -1): (27, 81)
(6, 1, 2, (0, 0, 0), 0): (53, 82)
(6, 1, 2, (0, 0, 0), 1): (51, 64)
(6, 1, 2, (0, 0, 0), 2): (52, 63)
(6, 1, 2, (0, 0, 0), 3): (42, 43)
(6, 1, 2, (0, 0, 0), 4): (26, 26)
(6, 1, 2, (0, 0, 0), 5): (14, 14)
(6, 1, 2, (0, 0, 0), 6): (23, 23)
(6, 1, 2, (0, 0, 0), 7): (9, 9)
(6, 1, 2, (0, 0, 0), 8): (12, 12)
(6, 1, 2, (0, 0, 0), 9): (8, 8)
(6, 1, 2, (0, 0, 0), 10): (3, 3)
(6, 1, 2, (0, 0, 0), 11): (3, 3)
(6, 1, 2, (0, 0, 0), 13): (1, 1)
(6, 1, 2, (0, 0, 1), -10): (0, 1)
(6, 1, 2, (0, 0, 1), -9): (0, 1)
(6, 1, 2, (0, 0, 1), -7): (0, 1)
(6, 1, 2, (0, 0, 1), -6): (0, 1)
(6, 1, 2, (0, 0, 1), -5): (1, 4)
(6, 1, 2, (0, 0, 1), -4): (0, 3)
(6, 1, 2, (0, 0, 1), -3): (0, 5)
(6, 1, 2, (0, 0, 1), -2): (2, 5)
(6, 1, 2, (0, 0, 1), -1): (4, 8)
(6, 1, 2, (0, 0, 1), 0): (5, 9)
(6, 1, 2, (0, 0, 1), 1): (8, 11)
(6, 1, 2, (0, 0, 1), 2): (5, 7)
(6, 1, 2, (0, 0, 1), 3): (7, 7)
(6, 1, 2, (0, 0, 1), 4): (8, 8)
(6, 1, 2, (0, 0, 1), 5): (6, 6)
(6, 1, 2, (0, 0, 1), 6): (1, 1)
(6, 1, 2, (0, 0, 1), 7): (2, 2)
(6, 1, 2, (0, 0, 1), 8): (2, 2)
(6, 1, 2, (0, 0, 1), 10): (2, 2)
(6, 1, 2, (0, 0, 1), 13): (1, 1)
(6, 1, 2, (0, 0, 1), 14): (1, 1)
(6, 1, 2, (0, 1, 0), -9): (0, 1)
(6, 1, 2, (0, 1, 0), -6): (0, 3)
(6, 1, 2, (0, 1, 0), -5): (0, 4)
(6, 1, 2, (0, 1, 0), -4): (0, 7)
(6, 1, 2, (0, 1, 0), -3): (2, 18)
(6, 1, 2, (0, 1, 0), -2): (5, 19)
(6, 1, 2, (0, 1, 0), -1): (7, 20)
(6, 1, 2, (0, 1, 0), 0): (20, 35)
(6, 1, 2, (0, 1, 0), 1): (14, 22)
(6, 1, 2, (0, 1, 0), 2): (17, 22)
(6, 1, 2, (0, 1, 0), 3): (16, 18)
(6, 1, 2, (0, 1, 0), 4): (7, 7)
(6, 1, 2, (0, 1, 0), 5): (6, 6)
(6, 1, 2, (0, 1, 0), 6): (11, 11)
(6, 1, 2, (0, 1, 0), 7): (6, 6)
(6, 1, 2, (0, 1, 0), 8): (3, 3)
(6, 1, 2, (0, 1, 0), 9): (3, 3)
(6, 1, 2, (0, 1, 0), 10): (1, 1)
(6, 1, 2, (0, 1, 0), 11): (2, 2)
(6, 1, 2, (0, 1, 1), -5): (0, 2)
(6, 1, 2, (0, 1, 1), -4): (0, 3)
(6, 1, 2, (0, 1, 1), -3): (1, 3)
(6, 1, 2, (0, 1, 1), -2): (1, 4)
(6, 1, 2, (0, 1, 1), -1): (4, 7)
(6, 1, 2, (0, 1, 1), 0): (2, 4)
(6, 1, 2, (0, 1, 1), 1): (5, 8)
(6, 1, 2, (0, 1, 1), 2): (6, 8)
(6, 1, 2, (0, 1, 1), 3): (3, 3)
(6, 1, 2, (0, 1, 1), 4): (2, 2)
(6, 1, 2, (0, 1, 1), 5): (3, 3)
(6, 1, 2, (0, 1, 1), 8): (1, 1)
(6, 1, 2, (0, 1, 1), 11): (1, 1)
(6, 1, 2, (1, 0, 0), -10): (0, 1)
(6, 1, 2, (1, 0, 0), -9): (0, 2)
(6, 1, 2, (1, 0, 0), -8): (0, 2)
(6, 1, 2, (1, 0, 0), -7): (0, 4)
(6, 1, 2, (1, 0, 0), -6): (0, 7)
(6, 1, 2, (1, 0, 0), -5): (3, 16)
(6, 1, 2, (1, 0, 0), -4): (3, 20)
(6, 1, 2, (1, 0, 0), -3): (5, 32)
(6, 1, 2, (1, 0, 0), -2): (10, 44)
(6, 1, 2, (1, 0, 0), -1): (18, 43)
(6, 1, 2, (1, 0, 0), 0): (24, 45)
(6, 1, 2, (1, 0, 0), 1): (25, 34)
(6, 1, 2, (1, 0, 0), 2): (35, 38)
(6, 1, 2, (1, 0, 0), 3): (22, 22)
(6, 1, 2, (1, 0, 0), 4): (22, 22)
(6, 1, 2, (1, 0, 0), 5): (15, 16)
(6, 1, 2, (1, 0, 0), 6): (11, 11)
(6, 1, 2, (1, 0, 0), 7): (8, 8)
(6, 1, 2, (1, 0, 0), 8): (4, 4)
(6, 1, 2, (1, 0, 0), 9): (7, 7)
(6, 1, 2, (1, 0, 0), 11): (1, 1)
(6, 1, 2, (1, 0, 0), 13): (1, 1)
(6, 1, 2, (1, 0, 1), -12): (0, 1)
(6, 1, 2, (1, 0, 1), -11): (0, 1)
(6, 1, 2, (1, 0, 1), -5): (0, 1)
(6, 1, 2, (1, 0, 1), -4): (0, 6)
(6, 1, 2, (1, 0, 1), -3): (1, 9)
(6, 1, 2, (1, 0, 1), -2): (2, 7)
(6, 1, 2, (1, 0, 1), -1): (1, 9)
(6, 1, 2, (1, 0, 1), 0): (5, 9)
(6, 1, 2, (1, 0, 1), 1): (9, 12)
(6, 1, 2, (1, 0, 1), 2): (9, 10)
(6, 1, 2, (1, 0, 1), 3): (6, 8)
(6, 1, 2, (1, 0, 1), 4): (10, 10)
(6, 1, 2, (1, 0, 1), 5): (4, 4)
(6, 1, 2, (1, 0, 1), 6): (4, 4)
(6, 1, 2, (1, 0, 1), 7): (2, 2)
(6, 1, 2, (1, 0, 1), 10): (2, 2)
(6, 1, 2, (1, 0, 1), 11): (1, 1)
(6, 1, 2, (1, 0, 1), 13): (1, 1)
(6, 1, 2, (1, 0, 1), 14): (1, 1)
(6, 1, 2, (1, 1, 0), -12): (0, 1)
(6, 1, 2, (1, 1, 0), -11): (0, 1)
(6, 1, 2, (1, 1, 0), -8): (0, 2)
(6, 1, 2, (1, 1, 0), -7): (0, 1)
(6, 1, 2, (1, 1, 0), -6): (0, 3)
(6, 1, 2, (1, 1, 0), -5): (1, 3)
(6, 1, 2, (1, 1, 0), -4): (0, 9)
(6, 1, 2, (1, 1, 0), -3): (3, 20)
(6, 1, 2, (1, 1, 0), -2): (5, 18)
(6, 1, 2, (1, 1, 0), -1): (8, 19)
(6, 1, 2, (1, 1, 0), 0): (12, 17)
(6, 1, 2, (1, 1, 0), 1): (12, 19)
(6, 1, 2, (1, 1, 0), 2): (12, 15)
(6, 1, 2, (1, 1, 0), 3): (14, 17)
(6, 1, 2, (1, 1, 0), 4): (4, 4)
(6, 1, 2, (1, 1, 0), 5): (7, 7)
(6, 1, 2, (1, 1, 0), 6): (4, 4)
(6, 1, 2, (1, 1, 0), 7): (6, 6)
(6, 1, 2, (1, 1, 0), 8): (2, 2)
(6, 1, 2, (1, 1, 0), 9): (3, 3)
(6, 1, 2, (1, 1, 0), 11): (2, 2)
(6, 1, 2, (1, 1, 0), 12): (1, 1)
(6, 1, 2, (1, 1, 1), -6): (0, 3)
(6, 1, 2, (1, 1, 1), -4): (0, 1)
(6, 1, 2, (1, 1, 1), -3): (1, 3)
(6, 1, 2, (1, 1, 1), -2): (2, 4)
(6, 1, 2, (1, 1, 1), -1): (4, 11)
(6, 1, 2, (1, 1, 1), 0): (4, 4)
(6, 1, 2, (1, 1, 1), 1): (4, 6)
(6, 1, 2, (1, 1, 1), 2): (5, 6)
(6, 1, 2, (1, 1, 1), 3): (4, 6)
(6, 1, 2, (1, 1, 1), 4): (3, 3)
(6, 1, 2, (1, 1, 1), 5): (2, 2)
(6, 1, 2, (1, 1, 1), 7): (1, 1)
(6, 1, 2, (1, 1, 1), 8): (1, 1)
(6, 1, 2, (1, 1, 1), 9): (1, 1)
(7, 0, 0, (0, 0, 0), -14): (0, 1)
(7, 0, 0, (0, 0, 0), -13): (0, 2)
(7, 0, 0, (0, 0, 0), -12): (0, 2)
(7, 0, 0, (0, 0, 0), -11): (0, 3)
(7, 0, 0, (0, 0, 0), -10): (0, 7)
(7, 0, 0, (0, 0, 0), -9): (0, 12)
(7, 0, 0, (0, 0, 0), -8): (0, 18)
(7, 0, 0, (0, 0, 0), -7): (0, 21)
(7, 0, 0, (0, 0, 0), -6): (0, 31)
(7, 0, 0, (0, 0, 0), -5): (1, 45)
(7, 0, 0, (0, 0, 0), -4): (1, 59)
(7, 0, 0, (0, 0, 0), -3): (8, 95)
(7, 0, 0, (0, 0, 0), -2): (22, 113)
(7, 0, 0, (0, 0, 0), -1): (41, 134)
(7, 0, 0, (0, 0, 0), 0): (60, 143)
(7, 0, 0, (0, 0, 0), 1): (86, 130)
(7, 0, 0, (0, 0, 0), 2): (86, 116)
(7, 0, 0, (0, 0, 0), 3): (78, 85)
(7, 0, 0, (0, 0, 0), 4): (48, 51)
(7, 0, 0, (0, 0, 0), 5): (33, 36)
(7, 0, 0, (0, 0, 0), 6): (23, 24)
(7, 0, 0, (0, 0, 0), 7): (12, 12)
(7, 0, 0, (0, 0, 0), 8): (10, 10)
(7, 0, 0, (0, 0, 0), 9): (7, 7)
(7, 0, 0, (0, 0, 0), 10): (2, 2)
(7, 0, 0, (0, 0, 0), 11): (3, 3)
(7, 0, 0, (0, 0, 0), 12): (2, 2)
(7, 0, 0, (0, 0, 0), 14): (1, 1)
(7, 0, 0, (0, 0, 1), -10): (0, 1)
(7, 0, 0, (0, 0, 1), -6): (0, 2)
(7, 0, 0, (0, 0, 1), -4): (0, 1)
(7, 0, 0, (0, 0, 1), -3): (0, 2)
(7, 0, 0, (0, 0, 1), -2): (0, 1)
(7, 0, 0, (0, 0, 1), -1): (2, 3)
(7, 0, 0, (0, 0, 1), 0): (2, 2)
(7, 0, 0, (0, 0, 1), 1): (2, 4)
(7, 0, 0, (0, 0, 1), 2): (1, 2)
(7, 0, 0, (0, 0, 1), 3): (1, 1)
(7, 0, 0, (0, 0, 1), 5): (3, 3)
(7, 0, 0, (0, 0, 1), 10): (1, 1)
(7, 0, 0, (0, 1, 0), -10): (0, 1)
(7, 0, 0, (0, 1, 0), -8): (0, 1)
(7, 0, 0, (0, 1, 0), -7): (0, 1)
(7, 0, 0, (0, 1, 0), -6): (0, 3)
(7, 0, 0, (0, 1, 0), -5): (1, 2)
(7, 0, 0, (0, 1, 0), -4): (0, 4)
(7, 0, 0, (0, 1, 0), -3): (0, 6)
(7, 0, 0, (0, 1, 0), -2): (1, 4)
(7, 0, 0, (0, 1, 0), -1): (2, 8)
(7, 0, 0, (0, 1, 0), 0): (7, 14)
(7, 0, 0, (0, 1, 0), 1): (4, 6)
(7, 0, 0, (0, 1, 0), 2): (10, 10)
(7, 0, 0, (0, 1, 0), 3): (7, 8)
(7, 0, 0, (0, 1, 0), 4): (2, 3)
(7, 0, 0, (0, 1, 0), 5): (2, 2)
(7, 0, 0, (0, 1, 0), 6): (2, 2)
(7, 0, 0, (0, 1, 0), 7): (1, 1)
(7, 0, 0, (0, 1, 0), 9): (2, 2)
(7, 0, 0, (0, 1, 0), 10): (1, 1)
(7, 0, 0, (0, 1, 1), -6): (0, 1)
(7, 0, 0, (0, 1, 1), -5): (0, 1)
(7, 0, 0, (0, 1, 1), -4): (0, 3)
(7, 0, 0, (0, 1, 1), -2): (1, 1)
(7, 0, 0, (0, 1, 1), -1): (1, 2)
(7, 0, 0, (0, 1, 1), 0): (2, 2)
(7, 0, 0, (0, 1, 1), 2): (0, 1)
(7, 0, 0, (0, 1, 1), 3): (2, 2)
(7, 0, 0, (0, 1, 1), 4): (2, 2)
(7, 0, 0, (0, 1, 1), 5): (2, 2)
(7, 0, 0, (1, 0, 0), -13): (0, 1)
(7, 0, 0, (1, 0, 0), -10): (0, 1)
(7, 0, 0, (1, 0, 0), -9): (0, 4)
(7, 0, 0, (1, 0, 0), -8): (0, 6)
(7, 0, 0, (1, 0, 0), -7): (0, 7)
(7, 0, 0, (1, 0, 0), -6): (0, 9)
(7, 0, 0, (1, 0, 0), -5): (0, 9)
(7, 0, 0, (1, 0, 0), -4): (0, 13)
(7, 0, 0, (1, 0, 0), -3): (3, 22)
(7, 0, 0, (1, 0, 0), -2): (9, 35)
(7, 0, 0, (1, 0, 0), -1): (17, 44)
(7, 0, 0, (1, 0, 0), 0): (21, 39)
(7, 0, 0, (1, 0, 0), 1): (20, 26)
(7, 0, 0, (1, 0, 0), 2): (20, 30)
(7, 0, 0, (1, 0, 0), 3): (27, 30)
(7, 0, 0, (1, 0, 0), 4): (15, 16)
(7, 0, 0, (1, 0, 0), 5): (10, 11)
(7, 0, 0, (1, 0, 0), 6): (3, 3)
(7, 0, 0, (1, 0, 0), 7): (3, 3)
(7, 0, 0, (1, 0, 0), 8): (3, 3)
(7, 0, 0, (1, 0, 0), 9): (2, 2)
(7, 0, 0, (1, 0, 0), 10): (2, 2)
(7, 0, 0, (1, 0, 0), 11): (2, 2)
(7, 0, 0, (1, 0, 0), 14): (1, 1)
(7, 0, 0, (1, 0, 1), -5): (0, 1)
(7, 0, 0, (1, 0, 1), -3): (0, 5)
(7, 0, 0, (1, 0, 1), -2): (2, 3)
(7, 0, 0, (1, 0, 1), -1): (6, 8)
(7, 0, 0, (1, 0, 1), 0): (3, 3)
(7, 0, 0, (1, 0, 1), 1): (1, 1)
(7, 0, 0, (1, 0, 1), 2): (3, 3)
(7, 0, 0, (1, 0, 1), 3): (3, 3)
(7, 0, 0, (1, 0, 1), 4): (2, 2)
(7, 0, 0, (1, 0, 1), 5): (2, 3)
(7, 0, 0, (1, 0, 1), 6): (1, 1)
(7, 0, 0, (1, 1, 0), -8): (0, 2)
(7, 0, 0, (1, 1, 0), -7): (0, 1)
(7, 0, 0, (1, 1, 0), -6): (0, 2)
(7, 0, 0, (1, 1, 0), -5): (0, 5)
(7, 0, 0, (1, 1, 0), -4): (0, 3)
(7, 0, 0, (1, 1, 0), -3): (2, 4)
(7, 0, 0, (1, 1, 0), -2): (1, 6)
(7, 0, 0, (1, 1, 0), -1): (3, 5)
(7, 0, 0, (1, 1, 0), 0): (4, 10)
(7, 0, 0, (1, 1, 0), 1): (4, 5)
(7, 0, 0, (1, 1, 0), 2): (5, 5)
(7, 0, 0, (1, 1, 0), 3): (4, 4)
(7, 0, 0, (1, 1, 0), 4): (3, 3)
(7, 0, 0, (1, 1, 0), 5): (2, 2)
(7, 0, 0, (1, 1, 0), 6): (2, 2)
(7, 0, 0, (1, 1, 0), 7): (1, 1)
(7, 0, 0, (1, 1, 1), -8): (0, 1)
(7, 0, 0, (1, 1, 1), -4): (0, 1)
(7, 0, 0, (1, 1, 1), -3): (1, 1)
(7, 0, 0, (1, 1, 1), -2): (1, 3)
(7, 0, 0, (1, 1, 1), 0): (1, 1)
(7, 0, 0, (1, 1, 1), 2): (3, 3)
(7, 0, 0, (1, 1, 1), 3): (3, 3)
(7, 0, 0, (1, 1, 1), 4): (2, 2)
(7, 0, 0, (1, 1, 1), 5): (1, 1)
(7, 0, 1, (0, 0, 0), -14): (0, 1)
(7, 0, 1, (0, 0, 0), -13): (0, 1)
(7, 0, 1, (0, 0, 0), -12): (0, 2)
(7, 0, 1, (0, 0, 0), -11): (0, 6)
(7, 0, 1, (0, 0, 0), -10): (0, 4)
(7, 0, 1, (0, 0, 0), -9): (0, 9)
(7, 0, 1, (0, 0, 0), -8): (0, 13)
(7, 0, 1, (0, 0, 0), -7): (0, 15)
(7, 0, 1, (0, 0, 0), -6): (0, 18)
(7, 0, 1, (0, 0, 0), -5): (0, 35)
(7, 0, 1, (0, 0, 0), -4): (1, 40)
(7, 0, 1, (0, 0, 0), -3): (5, 69)
(7, 0, 1, (0, 0, 0), -2): (11, 75)
(7, 0, 1, (0, 0, 0), -1): (19, 85)
(7, 0, 1, (0, 0, 0), 0): (35, 95)
(7, 0, 1, (0, 0, 0), 1): (62, 98)
(7, 0, 1, (0, 0, 0), 2): (57, 77)
(7, 0, 1, (0, 0, 0), 3): (45, 50)
(7, 0, 1, (0, 0, 0), 4): (33, 35)
(7, 0, 1, (0, 0, 0), 5): (22, 23)
(7, 0, 1, (0, 0, 0), 6): (21, 22)
(7, 0, 1, (0, 0, 0), 7): (9, 9)
(7, 0, 1, (0, 0, 0), 8): (7, 7)
(7, 0, 1, (0, 0, 0), 9): (4, 4)
(7, 0, 1, (0, 0, 0), 10): (1, 1)
(7, 0, 1, (0, 0, 0), 11): (2, 2)
(7, 0, 1, (0, 0, 0), 12): (2, 2)
(7, 0, 1, (0, 0, 1), -11): (0, 1)
(7, 0, 1, (0, 0, 1), -10): (0, 1)
(7, 0, 1, (0, 0, 1), -7): (0, 1)
(7, 0, 1, (0, 0, 1), -6): (0, 1)
(7, 0, 1, (0, 0, 1), -5): (0, 1)
(7, 0, 1, (0, 0, 1), -4): (0, 1)
(7, 0, 1, (0, 0, 1), -3): (0, 1)
(7, 0, 1, (0, 0, 1), -2): (0, 1)
(7, 0, 1, (0, 0, 1), -1): (6, 9)
(7, 0, 1, (0, 0, 1), 0): (4, 6)
(7, 0, 1, (0, 0, 1), 1): (7, 13)
(7, 0, 1, (0, 0, 1), 2): (7, 7)
(7, 0, 1, (0, 0, 1), 3): (5, 5)
(7, 0, 1, (0, 0, 1), 4): (2, 2)
(7, 0, 1, (0, 0, 1), 5): (6, 7)
(7, 0, 1, (0, 0, 1), 6): (2, 2)
(7, 0, 1, (0, 0, 1), 7): (2, 2)
(7, 0, 1, (0, 0, 1), 10): (1, 1)
(7, 0, 1, (0, 1, 0), -11): (0, 1)
(7, 0, 1, (0, 1, 0), -10): (0, 1)
(7, 0, 1, (0, 1, 0), -9): (0, 1)
(7, 0, 1, (0, 1, 0), -8): (0, 1)
(7, 0, 1, (0, 1, 0), -7): (0, 2)
(7, 0, 1, (0, 1, 0), -6): (0, 5)
(7, 0, 1, (0, 1, 0), -5): (1, 5)
(7, 0, 1, (0, 1, 0), -4): (0, 9)
(7, 0, 1, (0, 1, 0), -3): (0, 8)
(7, 0, 1, (0, 1, 0), -2): (3, 10)
(7, 0, 1, (0, 1, 0), -1): (2, 17)
(7, 0, 1, (0, 1, 0), 0): (8, 22)
(7, 0, 1, (0, 1, 0), 1): (16, 17)
(7, 0, 1, (0, 1, 0), 2): (12, 18)
(7, 0, 1, (0, 1, 0), 3): (14, 16)
(7, 0, 1, (0, 1, 0), 4): (7, 7)
(7, 0, 1, (0, 1, 0), 5): (5, 5)
(7, 0, 1, (0, 1, 0), 6): (6, 6)
(7, 0, 1, (0, 1, 0), 7): (3, 3)
(7, 0, 1, (0, 1, 0), 8): (5, 5)
(7, 0, 1, (0, 1, 1), -6): (0, 1)
(7, 0, 1, (0, 1, 1), -5): (0, 2)
(7, 0, 1, (0, 1, 1), -4): (0, 4)
(7, 0, 1, (0, 1, 1), -3): (0, 4)
(7, 0, 1, (0, 1, 1), -2): (0, 4)
(7, 0, 1, (0, 1, 1), -1): (5, 9)
(7, 0, 1, (0, 1, 1), 0): (3, 5)
(7, 0, 1, (0, 1, 1), 1): (3, 3)
(7, 0, 1, (0, 1, 1), 2): (4, 5)
(7, 0, 1, (0, 1, 1), 3): (6, 6)
(7, 0, 1, (0, 1, 1), 4): (3, 3)
(7, 0, 1, (0, 1, 1), 5): (2, 2)
(7, 0, 1, (0, 1, 1), 6): (2, 2)
(7, 0, 1, (0, 1, 1), 7): (1, 1)
(7, 0, 1, (1, 0, 0), -14): (0, 1)
(7, 0, 1, (1, 0, 0), -13): (0, 2)
(7, 0, 1, (1, 0, 0), -11): (0, 1)
(7, 0, 1, (1, 0, 0), -10): (0, 4)
(7, 0, 1, (1, 0, 0), -9): (0, 4)
(7, 0, 1, (1, 0, 0), -8): (0, 4)
(7, 0, 1, (1, 0, 0), -7): (0, 5)
(7, 0, 1, (1, 0, 0), -6): (0, 12)
(7, 0, 1, (1, 0, 0), -5): (0, 16)
(7, 0, 1, (1, 0, 0), -4): (0, 19)
(7, 0, 1, (1, 0, 0), -3): (2, 29)
(7, 0, 1, (1, 0, 0), -2): (8, 39)
(7, 0, 1, (1, 0, 0), -1): (11, 31)
(7, 0, 1, (1, 0, 0), 0): (19, 36)
(7, 0, 1, (1, 0, 0), 1): (25, 35)
(7, 0, 1, (1, 0, 0), 2): (17, 24)
(7, 0, 1, (1, 0, 0), 3): (30, 33)
(7, 0, 1, (1, 0, 0), 4): (19, 21)
(7, 0, 1, (1, 0, 0), 5): (11, 11)
(7, 0, 1, (1, 0, 0), 6): (10, 11)
(7, 0, 1, (1, 0, 0), 7): (4, 4)
(7, 0, 1, (1, 0, 0), 8): (3, 3)
(7, 0, 1, (1, 0, 0), 9): (2, 2)
(7, 0, 1, (1, 0, 0), 10): (1, 1)
(7, 0, 1, (1, 0, 0), 11): (2, 2)
(7, 0, 1, (1, 0, 0), 12): (2, 2)
(7, 0, 1, (1, 0, 0), 14): (1, 1)
(7, 0, 1, (1, 0, 1), -6): (0, 2)
(7, 0, 1, (1, 0, 1), -5): (0, 4)
(7, 0, 1, (1, 0, 1), -4): (0, 6)
(7, 0, 1, (1, 0, 1), -3): (0, 6)
(7, 0, 1, (1, 0, 1), -2): (2, 6)
(7, 0, 1, (1, 0, 1), -1): (5, 7)
(7, 0, 1, (1, 0, 1), 0): (6, 8)
(7, 0, 1, (1, 0, 1), 1): (8, 9)
(7, 0, 1, (1, 0, 1), 2): (4, 5)
(7, 0, 1, (1, 0, 1), 3): (4, 4)
(7, 0, 1, (1, 0, 1), 4): (2, 3)
(7, 0, 1, (1, 0, 1), 5): (2, 2)
(7, 0, 1, (1, 0, 1), 6): (2, 3)
(7, 0, 1, (1, 0, 1), 8): (1, 1)
(7, 0, 1, (1, 0, 1), 11): (1, 1)
(7, 0, 1, (1, 1, 0), -14): (0, 1)
(7, 0, 1, (1, 1, 0), -10): (0, 3)
(7, 0, 1, (1, 1, 0), -8): (0, 1)
(7, 0, 1, (1, 1, 0), -7): (0, 2)
(7, 0, 1, (1, 1, 0), -6): (0, 5)
(7, 0, 1, (1, 1, 0), -5): (0, 7)
(7, 0, 1, (1, 1, 0), -4): (0, 7)
(7, 0, 1, (1, 1, 0), -3): (2, 15)
(7, 0, 1, (1, 1, 0), -2): (2, 8)
(7, 0, 1, (1, 1, 0), -1): (2, 8)
(7, 0, 1, (1, 1, 0), 0): (5, 16)
(7, 0, 1, (1, 1, 0), 1): (7, 10)
(7, 0, 1, (1, 1, 0), 2): (5, 8)
(7, 0, 1, (1, 1, 0), 3): (10, 11)
(7, 0, 1, (1, 1, 0), 4): (7, 7)
(7, 0, 1, (1, 1, 0), 5): (5, 5)
(7, 0, 1, (1, 1, 0), 6): (5, 5)
(7, 0, 1, (1, 1, 0), 7): (2, 2)
(7, 0, 1, (1, 1, 0), 8): (2, 2)
(7, 0, 1, (1, 1, 0), 10): (1, 1)
(7, 0, 1, (1, 1, 0), 12): (1, 1)
(7, 0, 1, (1, 1, 1), -14): (0, 1)
(7, 0, 1, (1, 1, 1), -5): (0, 2)
(7, 0, 1, (1, 1, 1), -4): (0, 4)
(7, 0, 1, (1, 1, 1), -3): (1, 4)
(7, 0, 1, (1, 1, 1), -1): (3, 4)
(7, 0, 1, (1, 1, 1), 0): (3, 5)
(7, 0, 1, (1, 1, 1), 1): (5, 5)
(7, 0, 1, (1, 1, 1), 2): (3, 4)
(7, 0, 1, (1, 1, 1), 3): (4, 4)
(7, 0, 1, (1, 1, 1), 4): (1, 1)
(7, 0, 1, (1, 1, 1), 5): (2, 2)
(7, 0, 1, (1, 1, 1), 12): (1, 1)
(7, 0, 2, (0, 0, 0), -11): (0, 4)
(7, 0, 2, (0, 0, 0), -10): (0, 1)
(7, 0, 2, (0, 0, 0), -9): (0, 9)
(7, 0, 2, (0, 0, 0), -8): (0, 12)
(7, 0, 2, (0, 0, 0), -7): (0, 14)
(7, 0, 2, (0, 0, 0), -6): (0, 13)
(7, 0, 2, (0, 0, 0), -5): (0, 22)
(7, 0, 2, (0, 0, 0), -4): (1, 25)
(7, 0, 2, (0, 0, 0), -3): (4, 53)
(7, 0, 2, (0, 0, 0), -2): (7, 58)
(7, 0, 2, (0, 0, 0), -1): (15, 79)
(7, 0, 2, (0, 0, 0), 0): (33, 87)
(7, 0, 2, (0, 0, 0), 1): (50, 82)
(7, 0, 2, (0, 0, 0), 2): (52, 73)
(7, 0, 2, (0, 0, 0), 3): (39, 44)
(7, 0, 2, (0, 0, 0), 4): (29, 31)
(7, 0, 2, (0, 0, 0), 5): (17, 18)
(7, 0, 2, (0, 0, 0), 6): (15, 17)
(7, 0, 2, (0, 0, 0), 7): (6, 6)
(7, 0, 2, (0, 0, 0), 8): (4, 4)
(7, 0, 2, (0, 0, 0), 9): (3, 3)
(7, 0, 2, (0, 0, 0), 10): (2, 2)
(7, 0, 2, (0, 0, 0), 11): (3, 3)
(7, 0, 2, (0, 0, 1), -11): (0, 1)
(7, 0, 2, (0, 0, 1), -10): (0, 1)
(7, 0, 2, (0, 0, 1), -6): (0, 1)
(7, 0, 2, (0, 0, 1), -5): (1, 2)
(7, 0, 2, (0, 0, 1), -4): (0, 3)
(7, 0, 2, (0, 0, 1), -3): (0, 3)
(7, 0, 2, (0, 0, 1), -2): (1, 3)
(7, 0, 2, (0, 0, 1), -1): (2, 9)
(7, 0, 2, (0, 0, 1), 0): (5, 11)
(7, 0, 2, (0, 0, 1), 1): (11, 14)
(7, 0, 2, (0, 0, 1), 2): (8, 10)
(7, 0, 2, (0, 0, 1), 3): (4, 5)
(7, 0, 2, (0, 0, 1), 4): (6, 6)
(7, 0, 2, (0, 0, 1), 5): (4, 4)
(7, 0, 2, (0, 0, 1), 6): (4, 5)
(7, 0, 2, (0, 0, 1), 7): (1, 1)
(7, 0, 2, (0, 0, 1), 8): (2, 2)
(7, 0, 2, (0, 1, 0), -9): (0, 2)
(7, 0, 2, (0, 1, 0), -8): (0, 2)
(7, 0, 2, (0, 1, 0), -7): (0, 2)
(7, 0, 2, (0, 1, 0), -6): (0, 2)
(7, 0, 2, (0, 1, 0), -5): (0, 5)
(7, 0, 2, (0, 1, 0), -4): (0, 7)
(7, 0, 2, (0, 1, 0), -3): (0, 5)
(7, 0, 2, (0, 1, 0), -2): (0, 11)
(7, 0, 2, (0, 1, 0), -1): (5, 22)
(7, 0, 2, (0, 1, 0), 0): (10, 18)
(7, 0, 2, (0, 1, 0), 1): (15, 20)
(7, 0, 2, (0, 1, 0), 2): (20, 23)
(7, 0, 2, (0, 1, 0), 3): (16, 20)
(7, 0, 2, (0, 1, 0), 4): (12, 12)
(7, 0, 2, (0, 1, 0), 5): (12, 12)
(7, 0, 2, (0, 1, 0), 6): (9, 9)
(7, 0, 2, (0, 1, 0), 7): (6, 6)
(7, 0, 2, (0, 1, 0), 8): (3, 3)
(7, 0, 2, (0, 1, 0), 9): (3, 3)
(7, 0, 2, (0, 1, 0), 12): (1, 1)
(7, 0, 2, (0, 1, 1), -7): (0, 1)
(7, 0, 2, (0, 1, 1), -6): (0, 1)
(7, 0, 2, (0, 1, 1), -5): (0, 2)
(7, 0, 2, (0, 1, 1), -4): (0, 4)
(7, 0, 2, (0, 1, 1), -3): (0, 3)
(7, 0, 2, (0, 1, 1), -2): (2, 7)
(7, 0, 2, (0, 1, 1), -1): (1, 2)
(7, 0, 2, (0, 1, 1), 0): (1, 3)
(7, 0, 2, (0, 1, 1), 1): (2, 5)
(7, 0, 2, (0, 1, 1), 2): (3, 4)
(7, 0, 2, (0, 1, 1), 3): (6, 6)
(7, 0, 2, (0, 1, 1), 4): (3, 4)
(7, 0, 2, (0, 1, 1), 5): (1, 1)
(7, 0, 2, (0, 1, 1), 6): (1, 1)
(7, 0, 2, (0, 1, 1), 7): (1, 1)
(7, 0, 2, (1, 0, 0), -13): (0, 1)
(7, 0, 2, (1, 0, 0), -11): (0, 2)
(7, 0, 2, (1, 0, 0), -10): (0, 1)
(7, 0, 2, (1, 0, 0), -9): (0, 5)
(7, 0, 2, (1, 0, 0), -8): (0, 6)
(7, 0, 2, (1, 0, 0), -7): (0, 10)
(7, 0, 2, (1, 0, 0), -6): (0, 9)
(7, 0, 2, (1, 0, 0), -5): (0, 13)
(7, 0, 2, (1, 0, 0), -4): (1, 16)
(7, 0, 2, (1, 0, 0), -3): (1, 26)
(7, 0, 2, (1, 0, 0), -2): (6, 38)
(7, 0, 2, (1, 0, 0), -1): (9, 38)
(7, 0, 2, (1, 0, 0), 0): (15, 38)
(7, 0, 2, (1, 0, 0), 1): (29, 49)
(7, 0, 2, (1, 0, 0), 2): (27, 34)
(7, 0, 2, (1, 0, 0), 3): (27, 30)
(7, 0, 2, (1, 0, 0), 4): (20, 22)
(7, 0, 2, (1, 0, 0), 5): (10, 11)
(7, 0, 2, (1, 0, 0), 6): (8, 8)
(7, 0, 2, (1, 0, 0), 7): (6, 6)
(7, 0, 2, (1, 0, 0), 8): (5, 5)
(7, 0, 2, (1, 0, 0), 9): (1, 1)
(7, 0, 2, (1, 0, 0), 10): (1, 1)
(7, 0, 2, (1, 0, 0), 11): (1, 1)
(7, 0, 2, (1, 0, 0), 12): (1, 1)
(7, 0, 2, (1, 0, 0), 14): (1, 1)
(7, 0, 2, (1, 0, 1), -11): (0, 1)
(7, 0, 2, (1, 0, 1), -10): (0, 1)
(7, 0, 2, (1, 0, 1), -6): (0, 3)
(7, 0, 2, (1, 0, 1), -5): (0, 5)
(7, 0, 2, (1, 0, 1), -4): (0, 8)
(7, 0, 2, (1, 0, 1), -3): (1, 6)
(7, 0, 2, (1, 0, 1), -2): (1, 10)
(7, 0, 2, (1, 0, 1), -1): (3, 9)
(7, 0, 2, (1, 0, 1), 0): (4, 10)
(7, 0, 2, (1, 0, 1), 1): (3, 5)
(7, 0, 2, (1, 0, 1), 2): (3, 6)
(7, 0, 2, (1, 0, 1), 3): (3, 3)
(7, 0, 2, (1, 0, 1), 4): (4, 4)
(7, 0, 2, (1, 0, 1), 5): (3, 3)
(7, 0, 2, (1, 0, 1), 6): (4, 4)
(7, 0, 2, (1, 0, 1), 7): (3, 3)
(7, 0, 2, (1, 0, 1), 8): (1, 1)
(7, 0, 2, (1, 1, 0), -13): (0, 1)
(7, 0, 2, (1, 1, 0), -9): (0, 1)
(7, 0, 2, (1, 1, 0), -8): (0, 1)
(7, 0, 2, (1, 1, 0), -7): (0, 2)
(7, 0, 2, (1, 1, 0), -6): (0, 4)
(7, 0, 2, (1, 1, 0), -5): (0, 9)
(7, 0, 2, (1, 1, 0), -4): (0, 8)
(7, 0, 2, (1, 1, 0), -3): (1, 16)
(7, 0, 2, (1, 1, 0), -2): (1, 7)
(7, 0, 2, (1, 1, 0), -1): (3, 10)
(7, 0, 2, (1, 1, 0), 0): (7, 19)
(7, 0, 2, (1, 1, 0), 1): (9, 15)
(7, 0, 2, (1, 1, 0), 2): (11, 13)
(7, 0, 2, (1, 1, 0), 3): (11, 12)
(7, 0, 2, (1, 1, 0), 4): (9, 9)
(7, 0, 2, (1, 1, 0), 5): (5, 5)
(7, 0, 2, (1, 1, 0), 6): (7, 8)
(7, 0, 2, (1, 1, 0), 7): (2, 2)
(7, 0, 2, (1, 1, 0), 8): (4, 4)
(7, 0, 2, (1, 1, 0), 9): (1, 1)
(7, 0, 2, (1, 1, 0), 10): (1, 1)
(7, 0, 2, (1, 1, 1), -5): (0, 2)
(7, 0, 2, (1, 1, 1), -4): (0, 5)
(7, 0, 2, (1, 1, 1), -3): (0, 1)
(7, 0, 2, (1, 1, 1), -2): (0, 5)
(7, 0, 2, (1, 1, 1), -1): (3, 5)
(7, 0, 2, (1, 1, 1), 0): (3, 7)
(7, 0, 2, (1, 1, 1), 1): (4, 5)
(7, 0, 2, (1, 1, 1), 2): (2, 3)
(7, 0, 2, (1, 1, 1), 3): (4, 4)
(7, 0, 2, (1, 1, 1), 4): (2, 2)
(7, 0, 2, (1, 1, 1), 5): (1, 1)
(7, 0, 2, (1, 1, 1), 8): (1, 1)
(7, 1, 0, (0, 0, 0), -14): (0, 1)
(7, 1, 0, (0, 0, 0), -12): (0, 3)
(7, 1, 0, (0, 0, 0), -11): (0, 4)
(7, 1, 0, (0, 0, 0), -10): (0, 3)
(7, 1, 0, (0, 0, 0), -9): (0, 7)
(7, 1, 0, (0, 0, 0), -8): (0, 17)
(7, 1, 0, (0, 0, 0), -7): (0, 15)
(7, 1, 0, (0, 0, 0), -6): (4, 38)
(7, 1, 0, (0, 0, 0), -5): (1, 42)
(7, 1, 0, (0, 0, 0), -4): (2, 60)
(7, 1, 0, (0, 0, 0), -3): (11, 88)
(7, 1, 0, (0, 0, 0), -2): (35, 120)
(7, 1, 0, (0, 0, 0), -1): (49, 129)
(7, 1, 0, (0, 0, 0), 0): (92, 139)
(7, 1, 0, (0, 0, 0), 1): (103, 128)
(7, 1, 0, (0, 0, 0), 2): (90, 101)
(7, 1, 0, (0, 0, 0), 3): (89, 93)
(7, 1, 0, (0, 0, 0), 4): (50, 53)
(7, 1, 0, (0, 0, 0), 5): (41, 41)
(7, 1, 0, (0, 0, 0), 6): (21, 21)
(7, 1, 0, (0, 0, 0), 7): (19, 19)
(7, 1, 0, (0, 0, 0), 8): (18, 18)
(7, 1, 0, (0, 0, 0), 9): (13, 13)
(7, 1, 0, (0, 0, 0), 10): (4, 4)
(7, 1, 0, (0, 0, 0), 11): (4, 4)
(7, 1, 0, (0, 0, 0), 12): (1, 1)
(7, 1, 0, (0, 0, 0), 13): (2, 2)
(7, 1, 0, (0, 0, 1), -3): (0, 1)
(7, 1, 0, (0, 0, 1), -2): (0, 2)
(7, 1, 0, (0, 0, 1), -1): (2, 2)
(7, 1, 0, (0, 0, 1), 0): (1, 1)
(7, 1, 0, (0, 0, 1), 1): (2, 2)
(7, 1, 0, (0, 0, 1), 2): (2, 2)
(7, 1, 0, (0, 0, 1), 3): (2, 3)
(7, 1, 0, (0, 0, 1), 5): (1, 1)
(7, 1, 0, (0, 0, 1), 7): (1, 1)
(7, 1, 0, (0, 0, 1), 8): (1, 1)
(7, 1, 0, (0, 1, 0), -8): (0, 1)
(7, 1, 0, (0, 1, 0), -7): (0, 1)
(7, 1, 0, (0, 1, 0), -6): (0, 2)
(7, 1, 0, (0, 1, 0), -5): (0, 1)
(7, 1, 0, (0, 1, 0), -4): (0, 5)
(7, 1, 0, (0, 1, 0), -3): (1, 3)
(7, 1, 0, (0, 1, 0), -2): (2, 9)
(7, 1, 0, (0, 1, 0), -1): (6, 7)
(7, 1, 0, (0, 1, 0), 0): (13, 16)
(7, 1, 0, (0, 1, 0), 1): (15, 18)
(7, 1, 0, (0, 1, 0), 2): (8, 10)
(7, 1, 0, (0, 1, 0), 3): (4, 4)
(7, 1, 0, (0, 1, 0), 4): (4, 4)
(7, 1, 0, (0, 1, 0), 5): (4, 4)
(7, 1, 0, (0, 1, 0), 8): (3, 3)
(7, 1, 0, (0, 1, 0), 9): (2, 2)
(7, 1, 0, (0, 1, 0), 10): (1, 1)
(7, 1, 0, (0, 1, 1), -11): (0, 1)
(7, 1, 0, (0, 1, 1), -7): (0, 1)
(7, 1, 0, (0, 1, 1), -6): (0, 1)
(7, 1, 0, (0, 1, 1), -4): (0, 1)
(7, 1, 0, (0, 1, 1), -3): (0, 2)
(7, 1, 0, (0, 1, 1), -2): (4, 5)
(7, 1, 0, (0, 1, 1), -1): (1, 2)
(7, 1, 0, (0, 1, 1), 1): (2, 2)
(7, 1, 0, (0, 1, 1), 2): (1, 1)
(7, 1, 0, (0, 1, 1), 3): (2, 2)
(7, 1, 0, (0, 1, 1), 4): (2, 2)
(7, 1, 0, (0, 1, 1), 5): (2, 2)
(7, 1, 0, (0, 1, 1), 8): (2, 2)
(7, 1, 0, (1, 0, 0), -11): (0, 1)
(7, 1, 0, (1, 0, 0), -10): (0, 3)
(7, 1, 0, (1, 0, 0), -9): (0, 2)
(7, 1, 0, (1, 0, 0), -8): (0, 4)
(7, 1, 0, (1, 0, 0), -7): (0, 6)
(7, 1, 0, (1, 0, 0), -6): (1, 11)
(7, 1, 0, (1, 0, 0), -5): (0, 17)
(7, 1, 0, (1, 0, 0), -4): (2, 13)
(7, 1, 0, (1, 0, 0), -3): (3, 18)
(7, 1, 0, (1, 0, 0), -2): (16, 33)
(7, 1, 0, (1, 0, 0), -1): (10, 33)
(7, 1, 0, (1, 0, 0), 0): (25, 40)
(7, 1, 0, (1, 0, 0), 1): (37, 42)
(7, 1, 0, (1, 0, 0), 2): (26, 29)
(7, 1, 0, (1, 0, 0), 3): (23, 23)
(7, 1, 0, (1, 0, 0), 4): (15, 17)
(7, 1, 0, (1, 0, 0), 5): (10, 10)
(7, 1, 0, (1, 0, 0), 6): (5, 5)
(7, 1, 0, (1, 0, 0), 7): (5, 5)
(7, 1, 0, (1, 0, 0), 8): (5, 5)
(7, 1, 0, (1, 0, 0), 9): (4, 4)
(7, 1, 0, (1, 0, 0), 12): (1, 1)
(7, 1, 0, (1, 0, 0), 13): (1, 1)
(7, 1, 0, (1, 0, 1), -6): (1, 2)
(7, 1, 0, (1, 0, 1), -5): (0, 2)
(7, 1, 0, (1, 0, 1), -4): (1, 2)
(7, 1, 0, (1, 0, 1), -2): (1, 1)
(7, 1, 0, (1, 0, 1), -1): (2, 4)
(7, 1, 0, (1, 0, 1), 0): (5, 5)
(7, 1, 0, (1, 0, 1), 1): (7, 8)
(7, 1, 0, (1, 0, 1), 2): (5, 5)
(7, 1, 0, (1, 0, 1), 3): (4, 4)
(7, 1, 0, (1, 0, 1), 4): (4, 4)
(7, 1, 0, (1, 0, 1), 5): (4, 4)
(7, 1, 0, (1, 0, 1), 6): (2, 2)
(7, 1, 0, (1, 0, 1), 7): (1, 1)
(7, 1, 0, (1, 0, 1), 8): (1, 1)
(7, 1, 0, (1, 0, 1), 9): (1, 1)
(7, 1, 0, (1, 1, 0), -10): (0, 2)
(7, 1, 0, (1, 1, 0), -8): (0, 3)
(7, 1, 0, (1, 1, 0), -7): (0, 2)
(7, 1, 0, (1, 1, 0), -6): (0, 2)
(7, 1, 0, (1, 1, 0), -5): (0, 3)
(7, 1, 0, (1, 1, 0), -4): (0, 3)
(7, 1, 0, (1, 1, 0), -3): (2, 6)
(7, 1, 0, (1, 1, 0), -2): (5, 8)
(7, 1, 0, (1, 1, 0), -1): (5, 7)
(7, 1, 0, (1, 1, 0), 0): (4, 8)
(7, 1, 0, (1, 1, 0), 1): (8, 8)
(7, 1, 0, (1, 1, 0), 2): (6, 6)
(7, 1, 0, (1, 1, 0), 3): (5, 5)
(7, 1, 0, (1, 1, 0), 4): (2, 2)
(7, 1, 0, (1, 1, 0), 5): (4, 4)
(7, 1, 0, (1, 1, 0), 6): (1, 1)
(7, 1, 0, (1, 1, 0), 8): (1, 1)
(7, 1, 0, (1, 1, 0), 9): (1, 1)
(7, 1, 0, (1, 1, 0), 10): (1, 1)
(7, 1, 0, (1, 1, 1), -8): (0, 1)
(7, 1, 0, (1, 1, 1), -7): (0, 1)
(7, 1, 0, (1, 1, 1), -5): (0, 1)
(7, 1, 0, (1, 1, 1), -4): (0, 1)
(7, 1, 0, (1, 1, 1), -2): (1, 1)
(7, 1, 0, (1, 1, 1), -1): (3, 4)
(7, 1, 0, (1, 1, 1), 0): (1, 1)
(7, 1, 0, (1, 1, 1), 1): (1, 1)
(7, 1, 0, (1, 1, 1), 2): (1, 1)
(7, 1, 0, (1, 1, 1), 3): (1, 1)
(7, 1, 0, (1, 1, 1), 5): (2, 2)
(7, 1, 0, (1, 1, 1), 6): (1, 1)
(7, 1, 0, (1, 1, 1), 9): (1, 1)
(7, 1, 1, (0, 0, 0), -14): (0, 1)
(7, 1, 1, (0, 0, 0), -12): (0, 3)
(7, 1, 1, (0, 0, 0), -11): (0, 3)
(7, 1, 1, (0, 0, 0), -9): (0, 5)
(7, 1, 1, (0, 0, 0), -8): (0, 12)
(7, 1, 1, (0, 0, 0), -7): (0, 8)
(7, 1, 1, (0, 0, 0), -6): (3, 24)
(7, 1, 1, (0, 0, 0), -5): (1, 24)
(7, 1, 1, (0, 0, 0), -4): (0, 44)
(7, 1, 1, (0, 0, 0), -3): (7, 67)
(7, 1, 1, (0, 0, 0), -2): (17, 80)
(7, 1, 1, (0, 0, 0), -1): (33, 93)
(7, 1, 1, (0, 0, 0), 0): (54, 84)
(7, 1, 1, (0, 0, 0), 1): (57, 75)
(7, 1, 1, (0, 0, 0), 2): (61, 68)
(7, 1, 1, (0, 0, 0), 3): (63, 67)
(7, 1, 1, (0, 0, 0), 4): (34, 35)
(7, 1, 1, (0, 0, 0), 5): (29, 29)
(7, 1, 1, (0, 0, 0), 6): (16, 16)
(7, 1, 1, (0, 0, 0), 7): (16, 16)
(7, 1, 1, (0, 0, 0), 8): (13, 13)
(7, 1, 1, (0, 0, 0), 9): (8, 8)
(7, 1, 1, (0, 0, 0), 10): (4, 4)
(7, 1, 1, (0, 0, 0), 11): (4, 4)
(7, 1, 1, (0, 0, 0), 12): (1, 1)
(7, 1, 1, (0, 0, 0), 13): (1, 1)
(7, 1, 1, (0, 0, 0), 14): (1, 1)
(7, 1, 1, (0, 0, 1), -11): (0, 1)
(7, 1, 1, (0, 0, 1), -7): (0, 1)
(7, 1, 1, (0, 0, 1), -6): (0, 1)
(7, 1, 1, (0, 0, 1), -5): (0, 1)
(7, 1, 1, (0, 0, 1), -4): (0, 4)
(7, 1, 1, (0, 0, 1), -3): (0, 3)
(7, 1, 1, (0, 0, 1), -2): (1, 4)
(7, 1, 1, (0, 0, 1), -1): (11, 15)
(7, 1, 1, (0, 0, 1), 0): (6, 10)
(7, 1, 1, (0, 0, 1), 1): (10, 10)
(7, 1, 1, (0, 0, 1), 2): (6, 7)
(7, 1, 1, (0, 0, 1), 3): (6, 7)
(7, 1, 1, (0, 0, 1), 4): (3, 3)
(7, 1, 1, (0, 0, 1), 5): (3, 3)
(7, 1, 1, (0, 0, 1), 6): (3, 3)
(7, 1, 1, (0, 0, 1), 7): (3, 3)
(7, 1, 1, (0, 0, 1), 9): (1, 1)
(7, 1, 1, (0, 1, 0), -12): (0, 1)
(7, 1, 1, (0, 1, 0), -10): (0, 1)
(7, 1, 1, (0, 1, 0), -9): (0, 1)
(7, 1, 1, (0, 1, 0), -8): (0, 2)
(7, 1, 1, (0, 1, 0), -7): (0, 2)
(7, 1, 1, (0, 1, 0), -6): (0, 1)
(7, 1, 1, (0, 1, 0), -5): (1, 4)
(7, 1, 1, (0, 1, 0), -4): (2, 10)
(7, 1, 1, (0, 1, 0), -3): (2, 11)
(7, 1, 1, (0, 1, 0), -2): (3, 14)
(7, 1, 1, (0, 1, 0), -1): (11, 25)
(7, 1, 1, (0, 1, 0), 0): (15, 22)
(7, 1, 1, (0, 1, 0), 1): (19, 23)
(7, 1, 1, (0, 1, 0), 2): (23, 26)
(7, 1, 1, (0, 1, 0), 3): (29, 31)
(7, 1, 1, (0, 1, 0), 4): (10, 10)
(7, 1, 1, (0, 1, 0), 5): (6, 6)
(7, 1, 1, (0, 1, 0), 6): (7, 7)
(7, 1, 1, (0, 1, 0), 7): (3, 3)
(7, 1, 1, (0, 1, 0), 8): (5, 5)
(7, 1, 1, (0, 1, 0), 9): (5, 5)
(7, 1, 1, (0, 1, 0), 10): (1, 1)
(7, 1, 1, (0, 1, 1), -11): (0, 1)
(7, 1, 1, (0, 1, 1), -10): (0, 1)
(7, 1, 1, (0, 1, 1), -7): (0, 1)
(7, 1, 1, (0, 1, 1), -6): (0, 1)
(7, 1, 1, (0, 1, 1), -4): (1, 2)
(7, 1, 1, (0, 1, 1), -3): (0, 1)
(7, 1, 1, (0, 1, 1), -2): (3, 6)
(7, 1, 1, (0, 1, 1), -1): (2, 5)
(7, 1, 1, (0, 1, 1), 0): (3, 5)
(7, 1, 1, (0, 1, 1), 1): (7, 9)
(7, 1, 1, (0, 1, 1), 2): (5, 6)
(7, 1, 1, (0, 1, 1), 3): (4, 5)
(7, 1, 1, (0, 1, 1), 4): (4, 4)
(7, 1, 1, (0, 1, 1), 5): (2, 2)
(7, 1, 1, (0, 1, 1), 6): (2, 2)
(7, 1, 1, (0, 1, 1), 8): (1, 1)
(7, 1, 1, (0, 1, 1), 9): (1, 1)
(7, 1, 1, (0, 1, 1), 11): (2, 2)
(7, 1, 1, (1, 0, 0), -14): (0, 1)
(7, 1, 1, (1, 0, 0), -11): (0, 1)
(7, 1, 1, (1, 0, 0), -10): (0, 1)
(7, 1, 1, (1, 0, 0), -9): (0, 2)
(7, 1, 1, (1, 0, 0), -8): (0, 3)
(7, 1, 1, (1, 0, 0), -7): (0, 5)
(7, 1, 1, (1, 0, 0), -6): (3, 20)
(7, 1, 1, (1, 0, 0), -5): (1, 17)
(7, 1, 1, (1, 0, 0), -4): (1, 10)
(7, 1, 1, (1, 0, 0), -3): (3, 24)
(7, 1, 1, (1, 0, 0), -2): (13, 35)
(7, 1, 1, (1, 0, 0), -1): (10, 38)
(7, 1, 1, (1, 0, 0), 0): (32, 47)
(7, 1, 1, (1, 0, 0), 1): (33, 43)
(7, 1, 1, (1, 0, 0), 2): (23, 27)
(7, 1, 1, (1, 0, 0), 3): (30, 32)
(7, 1, 1, (1, 0, 0), 4): (28, 30)
(7, 1, 1, (1, 0, 0), 5): (16, 16)
(7, 1, 1, (1, 0, 0), 6): (6, 6)
(7, 1, 1, (1, 0, 0), 7): (6, 6)
(7, 1, 1, (1, 0, 0), 8): (7, 7)
(7, 1, 1, (1, 0, 0), 9): (7, 7)
(7, 1, 1, (1, 0, 0), 10): (1, 1)
(7, 1, 1, (1, 0, 0), 11): (2, 2)
(7, 1, 1, (1, 0, 0), 12): (1, 1)
(7, 1, 1, (1, 0, 0), 13): (2, 2)
(7, 1, 1, (1, 0, 0), 14): (1, 1)
(7, 1, 1, (1, 0, 0), 15): (1, 1)
(7, 1, 1, (1, 0, 1), -9): (0, 1)
(7, 1, 1, (1, 0, 1), -7): (0, 1)
(7, 1, 1, (1, 0, 1), -5): (1, 5)
(7, 1, 1, (1, 0, 1), -4): (0, 2)
(7, 1, 1, (1, 0, 1), -3): (1, 5)
(7, 1, 1, (1, 0, 1), -2): (1, 3)
(7, 1, 1, (1, 0, 1), -1): (5, 12)
(7, 1, 1, (1, 0, 1), 0): (4, 7)
(7, 1, 1, (1, 0, 1), 1): (10, 14)
(7, 1, 1, (1, 0, 1), 2): (9, 9)
(7, 1, 1, (1, 0, 1), 3): (4, 4)
(7, 1, 1, (1, 0, 1), 4): (6, 6)
(7, 1, 1, (1, 0, 1), 5): (4, 4)
(7, 1, 1, (1, 0, 1), 6): (1, 1)
(7, 1, 1, (1, 0, 1), 7): (1, 1)
(7, 1, 1, (1, 0, 1), 8): (2, 2)
(7, 1, 1, (1, 0, 1), 9): (3, 3)
(7, 1, 1, (1, 0, 1), 10): (1, 1)
(7, 1, 1, (1, 0, 1), 13): (1, 1)
(7, 1, 1, (1, 1, 0), -10): (0, 2)
(7, 1, 1, (1, 1, 0), -8): (0, 2)
(7, 1, 1, (1, 1, 0), -7): (0, 3)
(7, 1, 1, (1, 1, 0), -6): (2, 11)
(7, 1, 1, (1, 1, 0), -5): (0, 5)
(7, 1, 1, (1, 1, 0), -4): (2, 6)
(7, 1, 1, (1, 1, 0), -3): (4, 12)
(7, 1, 1, (1, 1, 0), -2): (3, 9)
(7, 1, 1, (1, 1, 0), -1): (8, 16)
(7, 1, 1, (1, 1, 0), 0): (8, 16)
(7, 1, 1, (1, 1, 0), 1): (13, 14)
(7, 1, 1, (1, 1, 0), 2): (7, 8)
(7, 1, 1, (1, 1, 0), 3): (12, 12)
(7, 1, 1, (1, 1, 0), 4): (8, 8)
(7, 1, 1, (1, 1, 0), 5): (7, 7)
(7, 1, 1, (1, 1, 0), 6): (5, 5)
(7, 1, 1, (1, 1, 0), 7): (3, 3)
(7, 1, 1, (1, 1, 0), 8): (3, 3)
(7, 1, 1, (1, 1, 0), 9): (3, 3)
(7, 1, 1, (1, 1, 0), 10): (3, 3)
(7, 1, 1, (1, 1, 0), 11): (1, 1)
(7, 1, 1, (1, 1, 1), -10): (0, 1)
(7, 1, 1, (1, 1, 1), -8): (0, 1)
(7, 1, 1, (1, 1, 1), -7): (0, 1)
(7, 1, 1, (1, 1, 1), -6): (0, 1)
(7, 1, 1, (1, 1, 1), -5): (0, 4)
(7, 1, 1, (1, 1, 1), -4): (1, 1)
(7, 1, 1, (1, 1, 1), -3): (0, 1)
(7, 1, 1, (1, 1, 1), -1): (4, 5)
(7, 1, 1, (1, 1, 1), 0): (6, 9)
(7, 1, 1, (1, 1, 1), 1): (6, 8)
(7, 1, 1, (1, 1, 1), 2): (3, 3)
(7, 1, 1, (1, 1, 1), 3): (3, 3)
(7, 1, 1, (1, 1, 1), 4): (3, 3)
(7, 1, 1, (1, 1, 1), 5): (3, 3)
(7, 1, 1, (1, 1, 1), 6): (1, 1)
(7, 1, 1, (1, 1, 1), 7): (1, 1)
(7, 1, 1, (1, 1, 1), 8): (1, 1)
(7, 1, 1, (1, 1, 1), 9): (1, 1)
(7, 1, 1, (1, 1, 1), 11): (1, 1)
(7, 1, 2, (0, 0, 0), -12): (0, 2)
(7, 1, 2, (0, 0, 0), -11): (0, 2)
(7, 1, 2, (0, 0, 0), -9): (0, 4)
(7, 1, 2, (0, 0, 0), -8): (0, 9)
(7, 1, 2, (0, 0, 0), -7): (0, 7)
(7, 1, 2, (0, 0, 0), -6): (0, 12)
(7, 1, 2, (0, 0, 0), -5): (0, 19)
(7, 1, 2, (0, 0, 0), -4): (0, 36)
(7, 1, 2, (0, 0, 0), -3): (3, 49)
(7, 1, 2, (0, 0, 0), -2): (8, 60)
(7, 1, 2, (0, 0, 0), -1): (23, 66)
(7, 1, 2, (0, 0, 0), 0): (36, 62)
(7, 1, 2, (0, 0, 0), 1): (50, 65)
(7, 1, 2, (0, 0, 0), 2): (49, 53)
(7, 1, 2, (0, 0, 0), 3): (38, 40)
(7, 1, 2, (0, 0, 0), 4): (25, 28)
(7, 1, 2, (0, 0, 0), 5): (21, 22)
(7, 1, 2, (0, 0, 0), 6): (5, 5)
(7, 1, 2, (0, 0, 0), 7): (12, 12)
(7, 1, 2, (0, 0, 0), 8): (10, 10)
(7, 1, 2, (0, 0, 0), 9): (4, 4)
(7, 1, 2, (0, 0, 0), 10): (3, 3)
(7, 1, 2, (0, 0, 0), 11): (3, 3)
(7, 1, 2, (0, 0, 0), 12): (1, 1)
(7, 1, 2, (0, 0, 1), -8): (0, 1)
(7, 1, 2, (0, 0, 1), -6): (0, 1)
(7, 1, 2, (0, 0, 1), -5): (0, 2)
(7, 1, 2, (0, 0, 1), -4): (0, 3)
(7, 1, 2, (0, 0, 1), -3): (0, 3)
(7, 1, 2, (0, 0, 1), -2): (3, 5)
(7, 1, 2, (0, 0, 1), -1): (4, 9)
(7, 1, 2, (0, 0, 1), 0): (16, 20)
(7, 1, 2, (0, 0, 1), 1): (12, 13)
(7, 1, 2, (0, 0, 1), 2): (8, 8)
(7, 1, 2, (0, 0, 1), 3): (13, 14)
(7, 1, 2, (0, 0, 1), 4): (6, 6)
(7, 1, 2, (0, 0, 1), 5): (5, 5)
(7, 1, 2, (0, 0, 1), 6): (3, 3)
(7, 1, 2, (0, 0, 1), 7): (1, 1)
(7, 1, 2, (0, 0, 1), 8): (1, 1)
(7, 1, 2, (0, 0, 1), 9): (1, 1)
(7, 1, 2, (0, 0, 1), 10): (1, 1)
(7, 1, 2, (0, 0, 1), 12): (1, 1)
(7, 1, 2, (0, 1, 0), -11): (0, 1)
(7, 1, 2, (0, 1, 0), -10): (0, 1)
(7, 1, 2, (0, 1, 0), -8): (0, 2)
(7, 1, 2, (0, 1, 0), -6): (0, 5)
(7, 1, 2, (0, 1, 0), -5): (0, 2)
(7, 1, 2, (0, 1, 0), -4): (0, 5)
(7, 1, 2, (0, 1, 0), -3): (1, 14)
(7, 1, 2, (0, 1, 0), -2): (1, 13)
(7, 1, 2, (0, 1, 0), -1): (10, 17)
(7, 1, 2, (0, 1, 0), 0): (15, 19)
(7, 1, 2, (0, 1, 0), 1): (18, 19)
(7, 1, 2, (0, 1, 0), 2): (23, 27)
(7, 1, 2, (0, 1, 0), 3): (18, 19)
(7, 1, 2, (0, 1, 0), 4): (14, 15)
(7, 1, 2, (0, 1, 0), 5): (13, 13)
(7, 1, 2, (0, 1, 0), 6): (12, 12)
(7, 1, 2, (0, 1, 0), 7): (8, 8)
(7, 1, 2, (0, 1, 0), 8): (2, 2)
(7, 1, 2, (0, 1, 0), 9): (6, 6)
(7, 1, 2, (0, 1, 0), 10): (2, 2)
(7, 1, 2, (0, 1, 0), 11): (1, 1)
(7, 1, 2, (0, 1, 0), 12): (1, 1)
(7, 1, 2, (0, 1, 0), 13): (1, 1)
(7, 1, 2, (0, 1, 1), -11): (0, 1)
(7, 1, 2, (0, 1, 1), -6): (0, 2)
(7, 1, 2, (0, 1, 1), -4): (0, 1)
(7, 1, 2, (0, 1, 1), -3): (1, 4)
(7, 1, 2, (0, 1, 1), -2): (0, 4)
(7, 1, 2, (0, 1, 1), -1): (2, 5)
(7, 1, 2, (0, 1, 1), 0): (3, 3)
(7, 1, 2, (0, 1, 1), 1): (8, 8)
(7, 1, 2, (0, 1, 1), 2): (5, 6)
(7, 1, 2, (0, 1, 1), 3): (6, 6)
(7, 1, 2, (0, 1, 1), 4): (8, 8)
(7, 1, 2, (0, 1, 1), 5): (3, 3)
(7, 1, 2, (0, 1, 1), 7): (3, 3)
(7, 1, 2, (0, 1, 1), 9): (3, 3)
(7, 1, 2, (0, 1, 1), 10): (2, 2)
(7, 1, 2, (0, 1, 1), 11): (3, 3)
(7, 1, 2, (1, 0, 0), -14): (0, 1)
(7, 1, 2, (1, 0, 0), -12): (0, 2)
(7, 1, 2, (1, 0, 0), -11): (0, 2)
(7, 1, 2, (1, 0, 0), -9): (0, 2)
(7, 1, 2, (1, 0, 0), -8): (0, 2)
(7, 1, 2, (1, 0, 0), -7): (0, 3)
(7, 1, 2, (1, 0, 0), -6): (1, 15)
(7, 1, 2, (1, 0, 0), -5): (0, 14)
(7, 1, 2, (1, 0, 0), -4): (0, 16)
(7, 1, 2, (1, 0, 0), -3): (2, 21)
(7, 1, 2, (1, 0, 0), -2): (6, 37)
(7, 1, 2, (1, 0, 0), -1): (17, 44)
(7, 1, 2, (1, 0, 0), 0): (27, 38)
(7, 1, 2, (1, 0, 0), 1): (34, 43)
(7, 1, 2, (1, 0, 0), 2): (31, 35)
(7, 1, 2, (1, 0, 0), 3): (39, 39)
(7, 1, 2, (1, 0, 0), 4): (25, 27)
(7, 1, 2, (1, 0, 0), 5): (20, 20)
(7, 1, 2, (1, 0, 0), 6): (7, 7)
(7, 1, 2, (1, 0, 0), 7): (8, 8)
(7, 1, 2, (1, 0, 0), 8): (6, 6)
(7, 1, 2, (1, 0, 0), 9): (8, 8)
(7, 1, 2, (1, 0, 0), 10): (1, 1)
(7, 1, 2, (1, 0, 0), 11): (3, 3)
(7, 1, 2, (1, 0, 0), 13): (2, 2)
(7, 1, 2, (1, 0, 0), 14): (1, 1)
(7, 1, 2, (1, 0, 0), 15): (1, 1)
(7, 1, 2, (1, 0, 1), -9): (0, 1)
(7, 1, 2, (1, 0, 1), -8): (0, 1)
(7, 1, 2, (1, 0, 1), -7): (0, 1)
(7, 1, 2, (1, 0, 1), -5): (0, 1)
(7, 1, 2, (1, 0, 1), -4): (0, 5)
(7, 1, 2, (1, 0, 1), -3): (1, 4)
(7, 1, 2, (1, 0, 1), -2): (5, 10)
(7, 1, 2, (1, 0, 1), -1): (3, 8)
(7, 1, 2, (1, 0, 1), 0): (7, 10)
(7, 1, 2, (1, 0, 1), 1): (14, 16)
(7, 1, 2, (1, 0, 1), 2): (11, 11)
(7, 1, 2, (1, 0, 1), 3): (12, 13)
(7, 1, 2, (1, 0, 1), 4): (11, 11)
(7, 1, 2, (1, 0, 1), 5): (8, 8)
(7, 1, 2, (1, 0, 1), 6): (9, 9)
(7, 1, 2, (1, 0, 1), 8): (1, 1)
(7, 1, 2, (1, 0, 1), 9): (3, 3)
(7, 1, 2, (1, 0, 1), 13): (1, 1)
(7, 1, 2, (1, 1, 0), -8): (0, 1)
(7, 1, 2, (1, 1, 0), -7): (0, 1)
(7, 1, 2, (1, 1, 0), -6): (0, 10)
(7, 1, 2, (1, 1, 0), -5): (0, 5)
(7, 1, 2, (1, 1, 0), -4): (0, 7)
(7, 1, 2, (1, 1, 0), -3): (1, 11)
(7, 1, 2, (1, 1, 0), -2): (1, 16)
(7, 1, 2, (1, 1, 0), -1): (7, 18)
(7, 1, 2, (1, 1, 0), 0): (8, 16)
(7, 1, 2, (1, 1, 0), 1): (13, 16)
(7, 1, 2, (1, 1, 0), 2): (10, 11)
(7, 1, 2, (1, 1, 0), 3): (17, 17)
(7, 1, 2, (1, 1, 0), 4): (12, 13)
(7, 1, 2, (1, 1, 0), 5): (14, 14)
(7, 1, 2, (1, 1, 0), 6): (5, 5)
(7, 1, 2, (1, 1, 0), 7): (6, 6)
(7, 1, 2, (1, 1, 0), 8): (2, 2)
(7, 1, 2, (1, 1, 0), 9): (2, 2)
(7, 1, 2, (1, 1, 0), 10): (3, 3)
(7, 1, 2, (1, 1, 0), 13): (2, 2)
(7, 1, 2, (1, 1, 0), 14): (1, 1)
(7, 1, 2, (1, 1, 1), -6): (0, 4)
(7, 1, 2, (1, 1, 1), -5): (0, 3)
(7, 1, 2, (1, 1, 1), -4): (1, 2)
(7, 1, 2, (1, 1, 1), -2): (0, 2)
(7, 1, 2, (1, 1, 1), -1): (6, 6)
(7, 1, 2, (1, 1, 1), 0): (7, 9)
(7, 1, 2, (1, 1, 1), 1): (10, 11)
(7, 1, 2, (1, 1, 1), 2): (6, 6)
(7, 1, 2, (1, 1, 1), 3): (6, 6)
(7, 1, 2, (1, 1, 1), 4): (3, 3)
(7, 1, 2, (1, 1, 1), 5): (3, 3)
(7, 1, 2, (1, 1, 1), 6): (1, 1)
(7, 1, 2, (1, 1, 1), 10): (1, 1)
(8, 0, 0, (0, 0, 0), -15): (0, 1)
(8, 0, 0, (0, 0, 0), -14): (0, 2)
(8, 0, 0, (0, 0, 0), -13): (0, 2)
(8, 0, 0, (0, 0, 0), -11): (0, 9)
(8, 0, 0, (0, 0, 0), -10): (0, 10)
(8, 0, 0, (0, 0, 0), -9): (0, 17)
(8, 0, 0, (0, 0, 0), -8): (0, 17)
(8, 0, 0, (0, 0, 0), -7): (0, 31)
(8, 0, 0, (0, 0, 0), -6): (0, 25)
(8, 0, 0, (0, 0, 0), -5): (1, 58)
(8, 0, 0, (0, 0, 0), -4): (6, 70)
(8, 0, 0, (0, 0, 0), -3): (6, 102)
(8, 0, 0, (0, 0, 0), -2): (12, 106)
(8, 0, 0, (0, 0, 0), -1): (32, 130)
(8, 0, 0, (0, 0, 0), 0): (54, 117)
(8, 0, 0, (0, 0, 0), 1): (80, 117)
(8, 0, 0, (0, 0, 0), 2): (87, 102)
(8, 0, 0, (0, 0, 0), 3): (75, 76)
(8, 0, 0, (0, 0, 0), 4): (55, 57)
(8, 0, 0, (0, 0, 0), 5): (35, 35)
(8, 0, 0, (0, 0, 0), 6): (34, 36)
(8, 0, 0, (0, 0, 0), 7): (12, 12)
(8, 0, 0, (0, 0, 0), 8): (14, 14)
(8, 0, 0, (0, 0, 0), 9): (7, 7)
(8, 0, 0, (0, 0, 0), 10): (2, 2)
(8, 0, 0, (0, 0, 0), 11): (5, 5)
(8, 0, 0, (0, 0, 0), 12): (2, 2)
(8, 0, 0, (0, 0, 0), 14): (1, 1)
(8, 0, 0, (0, 0, 1), -6): (0, 2)
(8, 0, 0, (0, 0, 1), -4): (1, 1)
(8, 0, 0, (0, 0, 1), -2): (1, 5)
(8, 0, 0, (0, 0, 1), -1): (1, 1)
(8, 0, 0, (0, 0, 1), 0): (2, 3)
(8, 0, 0, (0, 0, 1), 1): (3, 4)
(8, 0, 0, (0, 0, 1), 2): (2, 2)
(8, 0, 0, (0, 0, 1), 3): (4, 4)
(8, 0, 0, (0, 1, 0), -14): (0, 1)
(8, 0, 0, (0, 1, 0), -11): (0, 1)
(8, 0, 0, (0, 1, 0), -8): (0, 1)
(8, 0, 0, (0, 1, 0), -7): (0, 2)
(8, 0, 0, (0, 1, 0), -6): (0, 2)
(8, 0, 0, (0, 1, 0), -5): (0, 3)
(8, 0, 0, (0, 1, 0), -4): (0, 4)
(8, 0, 0, (0, 1, 0), -3): (0, 7)
(8, 0, 0, (0, 1, 0), -2): (3, 7)
(8, 0, 0, (0, 1, 0), -1): (0, 5)
(8, 0, 0, (0, 1, 0), 0): (4, 7)
(8, 0, 0, (0, 1, 0), 1): (9, 10)
(8, 0, 0, (0, 1, 0), 2): (8, 8)
(8, 0, 0, (0, 1, 0), 3): (7, 7)
(8, 0, 0, (0, 1, 0), 4): (1, 1)
(8, 0, 0, (0, 1, 0), 5): (2, 2)
(8, 0, 0, (0, 1, 0), 6): (1, 1)
(8, 0, 0, (0, 1, 0), 7): (2, 2)
(8, 0, 0, (0, 1, 0), 8): (1, 1)
(8, 0, 0, (0, 1, 0), 9): (1, 1)
(8, 0, 0, (0, 1, 0), 11): (1, 1)
(8, 0, 0, (0, 1, 1), -8): (0, 1)
(8, 0, 0, (0, 1, 1), -3): (0, 1)
(8, 0, 0, (0, 1, 1), -2): (1, 2)
(8, 0, 0, (0, 1, 1), -1): (1, 2)
(8, 0, 0, (0, 1, 1), 0): (1, 1)
(8, 0, 0, (0, 1, 1), 1): (2, 3)
(8, 0, 0, (0, 1, 1), 3): (1, 1)
(8, 0, 0, (0, 1, 1), 4): (2, 2)
(8, 0, 0, (1, 0, 0), -15): (0, 1)
(8, 0, 0, (1, 0, 0), -13): (0, 1)
(8, 0, 0, (1, 0, 0), -11): (0, 2)
(8, 0, 0, (1, 0, 0), -10): (0, 2)
(8, 0, 0, (1, 0, 0), -9): (0, 5)
(8, 0, 0, (1, 0, 0), -8): (0, 4)
(8, 0, 0, (1, 0, 0), -7): (0, 7)
(8, 0, 0, (1, 0, 0), -6): (0, 6)
(8, 0, 0, (1, 0, 0), -5): (0, 19)
(8, 0, 0, (1, 0, 0), -4): (2, 18)
(8, 0, 0, (1, 0, 0), -3): (3, 27)
(8, 0, 0, (1, 0, 0), -2): (4, 30)
(8, 0, 0, (1, 0, 0), -1): (15, 32)
(8, 0, 0, (1, 0, 0), 0): (17, 31)
(8, 0, 0, (1, 0, 0), 1): (21, 29)
(8, 0, 0, (1, 0, 0), 2): (34, 38)
(8, 0, 0, (1, 0, 0), 3): (22, 22)
(8, 0, 0, (1, 0, 0), 4): (11, 11)
(8, 0, 0, (1, 0, 0), 5): (10, 10)
(8, 0, 0, (1, 0, 0), 6): (16, 17)
(8, 0, 0, (1, 0, 0), 7): (2, 2)
(8, 0, 0, (1, 0, 0), 8): (4, 4)
(8, 0, 0, (1, 0, 0), 9): (1, 1)
(8, 0, 0, (1, 0, 0), 10): (3, 3)
(8, 0, 0, (1, 0, 0), 11): (1, 1)
(8, 0, 0, (1, 0, 0), 14): (1, 1)
(8, 0, 0, (1, 0, 1), -14): (0, 1)
(8, 0, 0, (1, 0, 1), -6): (0, 1)
(8, 0, 0, (1, 0, 1), -5): (0, 2)
(8, 0, 0, (1, 0, 1), -3): (1, 7)
(8, 0, 0, (1, 0, 1), -2): (2, 8)
(8, 0, 0, (1, 0, 1), -1): (2, 3)
(8, 0, 0, (1, 0, 1), 1): (1, 1)
(8, 0, 0, (1, 0, 1), 2): (4, 4)
(8, 0, 0, (1, 0, 1), 3): (3, 3)
(8, 0, 0, (1, 0, 1), 5): (1, 1)
(8, 0, 0, (1, 0, 1), 6): (1, 1)
(8, 0, 0, (1, 0, 1), 7): (1, 1)
(8, 0, 0, (1, 1, 0), -15): (0, 1)
(8, 0, 0, (1, 1, 0), -13): (0, 1)
(8, 0, 0, (1, 1, 0), -9): (0, 1)
(8, 0, 0, (1, 1, 0), -8): (0, 1)
(8, 0, 0, (1, 1, 0), -7): (0, 2)
(8, 0, 0, (1, 1, 0), -6): (0, 1)
(8, 0, 0, (1, 1, 0), -4): (1, 4)
(8, 0, 0, (1, 1, 0), -3): (0, 5)
(8, 0, 0, (1, 1, 0), -2): (2, 11)
(8, 0, 0, (1, 1, 0), -1): (1, 2)
(8, 0, 0, (1, 1, 0), 0): (5, 9)
(8, 0, 0, (1, 1, 0), 1): (3, 4)
(8, 0, 0, (1, 1, 0), 2): (5, 5)
(8, 0, 0, (1, 1, 0), 3): (3, 3)
(8, 0, 0, (1, 1, 0), 4): (3, 3)
(8, 0, 0, (1, 1, 0), 5): (1, 1)
(8, 0, 0, (1, 1, 0), 6): (2, 2)
(8, 0, 0, (1, 1, 0), 7): (1, 1)
(8, 0, 0, (1, 1, 1), -15): (0, 1)
(8, 0, 0, (1, 1, 1), -6): (0, 1)
(8, 0, 0, (1, 1, 1), -3): (0, 1)
(8, 0, 0, (1, 1, 1), -2): (1, 4)
(8, 0, 0, (1, 1, 1), -1): (2, 3)
(8, 0, 0, (1, 1, 1), 0): (0, 1)
(8, 0, 0, (1, 1, 1), 1): (1, 1)
(8, 0, 0, (1, 1, 1), 2): (2, 2)
(8, 0, 0, (1, 1, 1), 4): (2, 2)
(8, 0, 0, (1, 1, 1), 7): (1, 1)
(8, 0, 1, (0, 0, 0), -14): (0, 1)
(8, 0, 1, (0, 0, 0), -13): (0, 1)
(8, 0, 1, (0, 0, 0), -11): (0, 6)
(8, 0, 1, (0, 0, 0), -10): (0, 9)
(8, 0, 1, (0, 0, 0), -9): (0, 12)
(8, 0, 1, (0, 0, 0), -8): (0, 13)
(8, 0, 1, (0, 0, 0), -7): (0, 23)
(8, 0, 1, (0, 0, 0), -6): (0, 15)
(8, 0, 1, (0, 0, 0), -5): (1, 38)
(8, 0, 1, (0, 0, 0), -4): (3, 49)
(8, 0, 1, (0, 0, 0), -3): (4, 71)
(8, 0, 1, (0, 0, 0), -2): (5, 71)
(8, 0, 1, (0, 0, 0), -1): (16, 94)
(8, 0, 1, (0, 0, 0), 0): (33, 80)
(8, 0, 1, (0, 0, 0), 1): (58, 85)
(8, 0, 1, (0, 0, 0), 2): (52, 64)
(8, 0, 1, (0, 0, 0), 3): (46, 48)
(8, 0, 1, (0, 0, 0), 4): (45, 47)
(8, 0, 1, (0, 0, 0), 5): (23, 23)
(8, 0, 1, (0, 0, 0), 6): (20, 21)
(8, 0, 1, (0, 0, 0), 7): (8, 8)
(8, 0, 1, (0, 0, 0), 8): (9, 9)
(8, 0, 1, (0, 0, 0), 9): (6, 6)
(8, 0, 1, (0, 0, 0), 11): (3, 3)
(8, 0, 1, (0, 0, 0), 12): (2, 2)
(8, 0, 1, (0, 0, 1), -14): (0, 1)
(8, 0, 1, (0, 0, 1), -6): (0, 2)
(8, 0, 1, (0, 0, 1), -5): (0, 2)
(8, 0, 1, (0, 0, 1), -4): (0, 3)
(8, 0, 1, (0, 0, 1), -3): (1, 6)
(8, 0, 1, (0, 0, 1), -2): (0, 6)
(8, 0, 1, (0, 0, 1), -1): (2, 4)
(8, 0, 1, (0, 0, 1), 0): (2, 7)
(8, 0, 1, (0, 0, 1), 1): (4, 5)
(8, 0, 1, (0, 0, 1), 2): (8, 9)
(8, 0, 1, (0, 0, 1), 3): (4, 4)
(8, 0, 1, (0, 0, 1), 4): (2, 2)
(8, 0, 1, (0, 0, 1), 5): (6, 6)
(8, 0, 1, (0, 0, 1), 6): (1, 1)
(8, 0, 1, (0, 0, 1), 7): (1, 1)
(8, 0, 1, (0, 0, 1), 8): (1, 1)
(8, 0, 1, (0, 1, 0), -13): (0, 1)
(8, 0, 1, (0, 1, 0), -11): (0, 1)
(8, 0, 1, (0, 1, 0), -9): (0, 2)
(8, 0, 1, (0, 1, 0), -8): (0, 1)
(8, 0, 1, (0, 1, 0), -7): (0, 3)
(8, 0, 1, (0, 1, 0), -5): (0, 10)
(8, 0, 1, (0, 1, 0), -4): (1, 4)
(8, 0, 1, (0, 1, 0), -3): (1, 9)
(8, 0, 1, (0, 1, 0), -2): (2, 10)
(8, 0, 1, (0, 1, 0), -1): (4, 16)
(8, 0, 1, (0, 1, 0), 0): (16, 21)
(8, 0, 1, (0, 1, 0), 1): (14, 16)
(8, 0, 1, (0, 1, 0), 2): (20, 22)
(8, 0, 1, (0, 1, 0), 3): (16, 16)
(8, 0, 1, (0, 1, 0), 4): (10, 10)
(8, 0, 1, (0, 1, 0), 5): (6, 6)
(8, 0, 1, (0, 1, 0), 6): (4, 4)
(8, 0, 1, (0, 1, 0), 7): (2, 2)
(8, 0, 1, (0, 1, 0), 8): (5, 5)
(8, 0, 1, (0, 1, 0), 10): (1, 1)
(8, 0, 1, (0, 1, 0), 11): (2, 2)
(8, 0, 1, (0, 1, 1), -9): (0, 2)
(8, 0, 1, (0, 1, 1), -8): (0, 2)
(8, 0, 1, (0, 1, 1), -6): (0, 1)
(8, 0, 1, (0, 1, 1), -5): (1, 1)
(8, 0, 1, (0, 1, 1), -4): (1, 2)
(8, 0, 1, (0, 1, 1), -3): (1, 5)
(8, 0, 1, (0, 1, 1), -2): (1, 5)
(8, 0, 1, (0, 1, 1), -1): (0, 3)
(8, 0, 1, (0, 1, 1), 0): (4, 8)
(8, 0, 1, (0, 1, 1), 1): (3, 4)
(8, 0, 1, (0, 1, 1), 2): (1, 1)
(8, 0, 1, (0, 1, 1), 3): (7, 7)
(8, 0, 1, (0, 1, 1), 4): (1, 1)
(8, 0, 1, (0, 1, 1), 5): (1, 1)
(8, 0, 1, (0, 1, 1), 6): (4, 4)
(8, 0, 1, (0, 1, 1), 8): (2, 2)
(8, 0, 1, (0, 1, 1), 10): (1, 1)
(8, 0, 1, (1, 0, 0), -11): (0, 2)
(8, 0, 1, (1, 0, 0), -10): (0, 6)
(8, 0, 1, (1, 0, 0), -9): (0, 5)
(8, 0, 1, (1, 0, 0), -8): (0, 6)
(8, 0, 1, (1, 0, 0), -7): (0, 11)
(8, 0, 1, (1, 0, 0), -6): (0, 8)
(8, 0, 1, (1, 0, 0), -5): (1, 24)
(8, 0, 1, (1, 0, 0), -4): (1, 30)
(8, 0, 1, (1, 0, 0), -3): (3, 26)
(8, 0, 1, (1, 0, 0), -2): (4, 39)
(8, 0, 1, (1, 0, 0), -1): (12, 43)
(8, 0, 1, (1, 0, 0), 0): (13, 30)
(8, 0, 1, (1, 0, 0), 1): (28, 41)
(8, 0, 1, (1, 0, 0), 2): (40, 47)
(8, 0, 1, (1, 0, 0), 3): (21, 23)
(8, 0, 1, (1, 0, 0), 4): (17, 17)
(8, 0, 1, (1, 0, 0), 5): (12, 12)
(8, 0, 1, (1, 0, 0), 6): (21, 22)
(8, 0, 1, (1, 0, 0), 7): (6, 6)
(8, 0, 1, (1, 0, 0), 8): (4, 4)
(8, 0, 1, (1, 0, 0), 9): (1, 1)
(8, 0, 1, (1, 0, 0), 12): (1, 1)
(8, 0, 1, (1, 0, 0), 14): (1, 1)
(8, 0, 1, (1, 0, 1), -10): (0, 1)
(8, 0, 1, (1, 0, 1), -8): (0, 1)
(8, 0, 1, (1, 0, 1), -7): (0, 2)
(8, 0, 1, (1, 0, 1), -6): (0, 1)
(8, 0, 1, (1, 0, 1), -5): (0, 5)
(8, 0, 1, (1, 0, 1), -4): (0, 3)
(8, 0, 1, (1, 0, 1), -3): (0, 3)
(8, 0, 1, (1, 0, 1), -2): (3, 8)
(8, 0, 1, (1, 0, 1), -1): (2, 7)
(8, 0, 1, (1, 0, 1), 0): (5, 10)
(8, 0, 1, (1, 0, 1), 1): (4, 7)
(8, 0, 1, (1, 0, 1), 2): (8, 8)
(8, 0, 1, (1, 0, 1), 3): (8, 9)
(8, 0, 1, (1, 0, 1), 4): (6, 6)
(8, 0, 1, (1, 0, 1), 5): (1, 1)
(8, 0, 1, (1, 0, 1), 6): (5, 5)
(8, 0, 1, (1, 0, 1), 7): (1, 1)
(8, 0, 1, (1, 0, 1), 8): (2, 2)
(8, 0, 1, (1, 1, 0), -13): (0, 1)
(8, 0, 1, (1, 1, 0), -9): (0, 5)
(8, 0, 1, (1, 1, 0), -8): (0, 4)
(8, 0, 1, (1, 1, 0), -7): (0, 2)
(8, 0, 1, (1, 1, 0), -6): (0, 2)
(8, 0, 1, (1, 1, 0), -5): (0, 3)
(8, 0, 1, (1, 1, 0), -4): (0, 7)
(8, 0, 1, (1, 1, 0), -3): (1, 9)
(8, 0, 1, (1, 1, 0), -2): (1, 11)
(8, 0, 1, (1, 1, 0), -1): (6, 14)
(8, 0, 1, (1, 1, 0), 0): (6, 10)
(8, 0, 1, (1, 1, 0), 1): (7, 10)
(8, 0, 1, (1, 1, 0), 2): (12, 13)
(8, 0, 1, (1, 1, 0), 3): (8, 8)
(8, 0, 1, (1, 1, 0), 4): (6, 6)
(8, 0, 1, (1, 1, 0), 5): (4, 4)
(8, 0, 1, (1, 1, 0), 6): (5, 5)
(8, 0, 1, (1, 1, 0), 7): (2, 2)
(8, 0, 1, (1, 1, 0), 8): (1, 1)
(8, 0, 1, (1, 1, 0), 9): (3, 3)
(8, 0, 1, (1, 1, 0), 10): (1, 1)
(8, 0, 1, (1, 1, 1), -15): (0, 1)
(8, 0, 1, (1, 1, 1), -9): (0, 1)
(8, 0, 1, (1, 1, 1), -5): (0, 2)
(8, 0, 1, (1, 1, 1), -4): (0, 2)
(8, 0, 1, (1, 1, 1), -3): (2, 4)
(8, 0, 1, (1, 1, 1), -2): (3, 6)
(8, 0, 1, (1, 1, 1), -1): (0, 3)
(8, 0, 1, (1, 1, 1), 0): (4, 8)
(8, 0, 1, (1, 1, 1), 1): (4, 4)
(8, 0, 1, (1, 1, 1), 2): (5, 5)
(8, 0, 1, (1, 1, 1), 4): (4, 4)
(8, 0, 1, (1, 1, 1), 5): (2, 2)
(8, 0, 1, (1, 1, 1), 6): (2, 2)
(8, 0, 1, (1, 1, 1), 7): (1, 1)
(8, 0, 2, (0, 0, 0), -13): (0, 1)
(8, 0, 2, (0, 0, 0), -12): (0, 1)
(8, 0, 2, (0, 0, 0), -11): (0, 5)
(8, 0, 2, (0, 0, 0), -10): (0, 6)
(8, 0, 2, (0, 0, 0), -9): (0, 9)
(8, 0, 2, (0, 0, 0), -8): (0, 10)
(8, 0, 2, (0, 0, 0), -7): (0, 15)
(8, 0, 2, (0, 0, 0), -6): (0, 11)
(8, 0, 2, (0, 0, 0), -5): (0, 26)
(8, 0, 2, (0, 0, 0), -4): (2, 32)
(8, 0, 2, (0, 0, 0), -3): (1, 51)
(8, 0, 2, (0, 0, 0), -2): (5, 56)
(8, 0, 2, (0, 0, 0), -1): (12, 74)
(8, 0, 2, (0, 0, 0), 0): (21, 62)
(8, 0, 2, (0, 0, 0), 1): (41, 62)
(8, 0, 2, (0, 0, 0), 2): (32, 43)
(8, 0, 2, (0, 0, 0), 3): (44, 48)
(8, 0, 2, (0, 0, 0), 4): (32, 34)
(8, 0, 2, (0, 0, 0), 5): (21, 21)
(8, 0, 2, (0, 0, 0), 6): (16, 17)
(8, 0, 2, (0, 0, 0), 7): (7, 7)
(8, 0, 2, (0, 0, 0), 8): (11, 11)
(8, 0, 2, (0, 0, 0), 9): (6, 6)
(8, 0, 2, (0, 0, 0), 10): (2, 2)
(8, 0, 2, (0, 0, 0), 11): (3, 3)
(8, 0, 2, (0, 0, 0), 12): (1, 1)
(8, 0, 2, (0, 0, 1), -8): (0, 1)
(8, 0, 2, (0, 0, 1), -7): (0, 3)
(8, 0, 2, (0, 0, 1), -6): (0, 1)
(8, 0, 2, (0, 0, 1), -5): (0, 5)
(8, 0, 2, (0, 0, 1), -4): (0, 4)
(8, 0, 2, (0, 0, 1), -3): (0, 2)
(8, 0, 2, (0, 0, 1), -2): (0, 9)
(8, 0, 2, (0, 0, 1), -1): (0, 3)
(8, 0, 2, (0, 0, 1), 0): (6, 11)
(8, 0, 2, (0, 0, 1), 1): (1, 4)
(8, 0, 2, (0, 0, 1), 2): (11, 12)
(8, 0, 2, (0, 0, 1), 3): (8, 8)
(8, 0, 2, (0, 0, 1), 4): (2, 2)
(8, 0, 2, (0, 0, 1), 5): (3, 3)
(8, 0, 2, (0, 0, 1), 6): (1, 1)
(8, 0, 2, (0, 0, 1), 7): (1, 1)
(8, 0, 2, (0, 0, 1), 11): (1, 1)
(8, 0, 2, (0, 1, 0), -13): (0, 1)
(8, 0, 2, (0, 1, 0), -9): (0, 1)
(8, 0, 2, (0, 1, 0), -8): (0, 2)
(8, 0, 2, (0, 1, 0), -7): (0, 3)
(8, 0, 2, (0, 1, 0), -6): (0, 4)
(8, 0, 2, (0, 1, 0), -5): (0, 8)
(8, 0, 2, (0, 1, 0), -4): (1, 10)
(8, 0, 2, (0, 1, 0), -3): (1, 13)
(8, 0, 2, (0, 1, 0), -2): (2, 11)
(8, 0, 2, (0, 1, 0), -1): (7, 23)
(8, 0, 2, (0, 1, 0), 0): (9, 16)
(8, 0, 2, (0, 1, 0), 1): (16, 18)
(8, 0, 2, (0, 1, 0), 2): (19, 23)
(8, 0, 2, (0, 1, 0), 3): (12, 12)
(8, 0, 2, (0, 1, 0), 4): (6, 6)
(8, 0, 2, (0, 1, 0), 5): (6, 6)
(8, 0, 2, (0, 1, 0), 6): (6, 7)
(8, 0, 2, (0, 1, 0), 7): (6, 7)
(8, 0, 2, (0, 1, 0), 8): (5, 5)
(8, 0, 2, (0, 1, 0), 9): (2, 2)
(8, 0, 2, (0, 1, 0), 10): (1, 1)
(8, 0, 2, (0, 1, 0), 11): (3, 3)
(8, 0, 2, (0, 1, 0), 12): (1, 1)
(8, 0, 2, (0, 1, 1), -14): (0, 1)
(8, 0, 2, (0, 1, 1), -9): (0, 1)
(8, 0, 2, (0, 1, 1), -8): (0, 1)
(8, 0, 2, (0, 1, 1), -7): (0, 2)
(8, 0, 2, (0, 1, 1), -5): (0, 1)
(8, 0, 2, (0, 1, 1), -3): (0, 2)
(8, 0, 2, (0, 1, 1), -2): (0, 5)
(8, 0, 2, (0, 1, 1), -1): (1, 5)
(8, 0, 2, (0, 1, 1), 0): (4, 6)
(8, 0, 2, (0, 1, 1), 1): (5, 9)
(8, 0, 2, (0, 1, 1), 2): (5, 6)
(8, 0, 2, (0, 1, 1), 3): (11, 11)
(8, 0, 2, (0, 1, 1), 4): (1, 1)
(8, 0, 2, (0, 1, 1), 5): (5, 5)
(8, 0, 2, (0, 1, 1), 6): (2, 2)
(8, 0, 2, (0, 1, 1), 7): (1, 1)
(8, 0, 2, (0, 1, 1), 8): (2, 2)
(8, 0, 2, (0, 1, 1), 9): (1, 1)
(8, 0, 2, (0, 1, 1), 11): (1, 1)
(8, 0, 2, (1, 0, 0), -12): (0, 2)
(8, 0, 2, (1, 0, 0), -11): (0, 2)
(8, 0, 2, (1, 0, 0), -10): (0, 6)
(8, 0, 2, (1, 0, 0), -9): (0, 6)
(8, 0, 2, (1, 0, 0), -8): (0, 5)
(8, 0, 2, (1, 0, 0), -7): (0, 18)
(8, 0, 2, (1, 0, 0), -6): (0, 5)
(8, 0, 2, (1, 0, 0), -5): (0, 23)
(8, 0, 2, (1, 0, 0), -4): (2, 26)
(8, 0, 2, (1, 0, 0), -3): (1, 24)
(8, 0, 2, (1, 0, 0), -2): (3, 34)
(8, 0, 2, (1, 0, 0), -1): (9, 57)
(8, 0, 2, (1, 0, 0), 0): (15, 28)
(8, 0, 2, (1, 0, 0), 1): (27, 42)
(8, 0, 2, (1, 0, 0), 2): (25, 32)
(8, 0, 2, (1, 0, 0), 3): (20, 23)
(8, 0, 2, (1, 0, 0), 4): (23, 23)
(8, 0, 2, (1, 0, 0), 5): (15, 15)
(8, 0, 2, (1, 0, 0), 6): (11, 12)
(8, 0, 2, (1, 0, 0), 7): (9, 9)
(8, 0, 2, (1, 0, 0), 8): (8, 8)
(8, 0, 2, (1, 0, 0), 9): (2, 2)
(8, 0, 2, (1, 0, 0), 10): (1, 1)
(8, 0, 2, (1, 0, 0), 11): (1, 1)
(8, 0, 2, (1, 0, 0), 12): (2, 2)
(8, 0, 2, (1, 0, 1), -9): (0, 1)
(8, 0, 2, (1, 0, 1), -7): (0, 2)
(8, 0, 2, (1, 0, 1), -6): (0, 1)
(8, 0, 2, (1, 0, 1), -5): (0, 3)
(8, 0, 2, (1, 0, 1), -4): (0, 2)
(8, 0, 2, (1, 0, 1), -3): (0, 8)
(8, 0, 2, (1, 0, 1), -2): (1, 12)
(8, 0, 2, (1, 0, 1), -1): (1, 6)
(8, 0, 2, (1, 0, 1), 0): (5, 10)
(8, 0, 2, (1, 0, 1), 1): (7, 12)
(8, 0, 2, (1, 0, 1), 2): (8, 10)
(8, 0, 2, (1, 0, 1), 3): (8, 8)
(8, 0, 2, (1, 0, 1), 4): (6, 6)
(8, 0, 2, (1, 0, 1), 5): (4, 4)
(8, 0, 2, (1, 0, 1), 6): (5, 5)
(8, 0, 2, (1, 0, 1), 11): (1, 1)
(8, 0, 2, (1, 1, 0), -10): (0, 2)
(8, 0, 2, (1, 1, 0), -8): (0, 2)
(8, 0, 2, (1, 1, 0), -7): (0, 5)
(8, 0, 2, (1, 1, 0), -6): (0, 6)
(8, 0, 2, (1, 1, 0), -5): (0, 7)
(8, 0, 2, (1, 1, 0), -4): (1, 12)
(8, 0, 2, (1, 1, 0), -3): (0, 15)
(8, 0, 2, (1, 1, 0), -2): (2, 14)
(8, 0, 2, (1, 1, 0), -1): (7, 22)
(8, 0, 2, (1, 1, 0), 0): (4, 11)
(8, 0, 2, (1, 1, 0), 1): (13, 15)
(8, 0, 2, (1, 1, 0), 2): (13, 15)
(8, 0, 2, (1, 1, 0), 3): (4, 5)
(8, 0, 2, (1, 1, 0), 4): (8, 8)
(8, 0, 2, (1, 1, 0), 5): (4, 4)
(8, 0, 2, (1, 1, 0), 6): (4, 4)
(8, 0, 2, (1, 1, 0), 7): (7, 7)
(8, 0, 2, (1, 1, 0), 8): (3, 3)
(8, 0, 2, (1, 1, 0), 10): (1, 1)
(8, 0, 2, (1, 1, 0), 12): (2, 2)
(8, 0, 2, (1, 1, 1), -4): (0, 1)
(8, 0, 2, (1, 1, 1), -3): (0, 3)
(8, 0, 2, (1, 1, 1), -2): (2, 9)
(8, 0, 2, (1, 1, 1), -1): (2, 7)
(8, 0, 2, (1, 1, 1), 0): (1, 2)
(8, 0, 2, (1, 1, 1), 1): (5, 7)
(8, 0, 2, (1, 1, 1), 2): (5, 6)
(8, 0, 2, (1, 1, 1), 3): (3, 3)
(8, 0, 2, (1, 1, 1), 4): (3, 3)
(8, 0, 2, (1, 1, 1), 5): (3, 3)
(8, 0, 2, (1, 1, 1), 6): (2, 2)
(8, 0, 2, (1, 1, 1), 7): (2, 2)
(8, 0, 2, (1, 1, 1), 8): (2, 2)
(8, 1, 0, (0, 0, 0), -14): (0, 1)
(8, 1, 0, (0, 0, 0), -12): (0, 4)
(8, 1, 0, (0, 0, 0), -11): (0, 5)
(8, 1, 0, (0, 0, 0), -10): (0, 5)
(8, 1, 0, (0, 0, 0), -9): (0, 9)
(8, 1, 0, (0, 0, 0), -8): (0, 22)
(8, 1, 0, (0, 0, 0), -7): (1, 22)
(8, 1, 0, (0, 0, 0), -6): (1, 33)
(8, 1, 0, (0, 0, 0), -5): (0, 41)
(8, 1, 0, (0, 0, 0), -4): (2, 60)
(8, 1, 0, (0, 0, 0), -3): (7, 85)
(8, 1, 0, (0, 0, 0), -2): (22, 113)
(8, 1, 0, (0, 0, 0), -1): (44, 127)
(8, 1, 0, (0, 0, 0), 0): (75, 112)
(8, 1, 0, (0, 0, 0), 1): (111, 127)
(8, 1, 0, (0, 0, 0), 2): (102, 106)
(8, 1, 0, (0, 0, 0), 3): (78, 81)
(8, 1, 0, (0, 0, 0), 4): (58, 60)
(8, 1, 0, (0, 0, 0), 5): (53, 53)
(8, 1, 0, (0, 0, 0), 6): (18, 18)
(8, 1, 0, (0, 0, 0), 7): (31, 31)
(8, 1, 0, (0, 0, 0), 8): (19, 19)
(8, 1, 0, (0, 0, 0), 9): (13, 13)
(8, 1, 0, (0, 0, 0), 10): (7, 7)
(8, 1, 0, (0, 0, 0), 11): (7, 7)
(8, 1, 0, (0, 0, 0), 12): (3, 3)
(8, 1, 0, (0, 0, 0), 14): (1, 1)
(8, 1, 0, (0, 0, 1), -8): (0, 1)
(8, 1, 0, (0, 0, 1), -6): (0, 1)
(8, 1, 0, (0, 0, 1), -4): (0, 1)
(8, 1, 0, (0, 0, 1), -2): (0, 1)
(8, 1, 0, (0, 0, 1), -1): (0, 4)
(8, 1, 0, (0, 0, 1), 1): (4, 5)
(8, 1, 0, (0, 0, 1), 2): (1, 2)
(8, 1, 0, (0, 0, 1), 3): (3, 3)
(8, 1, 0, (0, 0, 1), 4): (4, 4)
(8, 1, 0, (0, 0, 1), 5): (3, 3)
(8, 1, 0, (0, 0, 1), 6): (1, 1)
(8, 1, 0, (0, 0, 1), 10): (1, 1)
(8, 1, 0, (0, 0, 1), 13): (1, 1)
(8, 1, 0, (0, 1, 0), -10): (0, 1)
(8, 1, 0, (0, 1, 0), -9): (0, 1)
(8, 1, 0, (0, 1, 0), -8): (0, 2)
(8, 1, 0, (0, 1, 0), -7): (0, 2)
(8, 1, 0, (0, 1, 0), -5): (0, 2)
(8, 1, 0, (0, 1, 0), -4): (0, 3)
(8, 1, 0, (0, 1, 0), -3): (1, 4)
(8, 1, 0, (0, 1, 0), -2): (2, 5)
(8, 1, 0, (0, 1, 0), -1): (4, 10)
(8, 1, 0, (0, 1, 0), 0): (4, 5)
(8, 1, 0, (0, 1, 0), 1): (5, 6)
(8, 1, 0, (0, 1, 0), 2): (5, 5)
(8, 1, 0, (0, 1, 0), 3): (9, 9)
(8, 1, 0, (0, 1, 0), 4): (9, 9)
(8, 1, 0, (0, 1, 0), 5): (6, 6)
(8, 1, 0, (0, 1, 0), 6): (3, 3)
(8, 1, 0, (0, 1, 0), 7): (3, 3)
(8, 1, 0, (0, 1, 0), 8): (1, 1)
(8, 1, 0, (0, 1, 0), 9): (1, 1)
(8, 1, 0, (0, 1, 0), 10): (2, 2)
(8, 1, 0, (0, 1, 0), 11): (1, 1)
(8, 1, 0, (0, 1, 0), 14): (1, 1)
(8, 1, 0, (0, 1, 1), -10): (0, 1)
(8, 1, 0, (0, 1, 1), -7): (0, 1)
(8, 1, 0, (0, 1, 1), -4): (0, 1)
(8, 1, 0, (0, 1, 1), -2): (3, 4)
(8, 1, 0, (0, 1, 1), 0): (1, 1)
(8, 1, 0, (0, 1, 1), 1): (2, 2)
(8, 1, 0, (0, 1, 1), 2): (1, 1)
(8, 1, 0, (0, 1, 1), 3): (1, 1)
(8, 1, 0, (0, 1, 1), 5): (1, 1)
(8, 1, 0, (0, 1, 1), 6): (1, 1)
(8, 1, 0, (0, 1, 1), 7): (1, 1)
(8, 1, 0, (0, 1, 1), 8): (3, 3)
(8, 1, 0, (0, 1, 1), 9): (1, 1)
(8, 1, 0, (0, 1, 1), 10): (2, 2)
(8, 1, 0, (0, 1, 1), 11): (1, 1)
(8, 1, 0, (1, 0, 0), -14): (0, 1)
(8, 1, 0, (1, 0, 0), -12): (0, 2)
(8, 1, 0, (1, 0, 0), -11): (0, 1)
(8, 1, 0, (1, 0, 0), -9): (0, 2)
(8, 1, 0, (1, 0, 0), -8): (0, 7)
(8, 1, 0, (1, 0, 0), -7): (0, 3)
(8, 1, 0, (1, 0, 0), -6): (1, 8)
(8, 1, 0, (1, 0, 0), -5): (0, 9)
(8, 1, 0, (1, 0, 0), -4): (2, 14)
(8, 1, 0, (1, 0, 0), -3): (3, 22)
(8, 1, 0, (1, 0, 0), -2): (11, 32)
(8, 1, 0, (1, 0, 0), -1): (16, 36)
(8, 1, 0, (1, 0, 0), 0): (25, 34)
(8, 1, 0, (1, 0, 0), 1): (37, 41)
(8, 1, 0, (1, 0, 0), 2): (39, 40)
(8, 1, 0, (1, 0, 0), 3): (21, 22)
(8, 1, 0, (1, 0, 0), 4): (14, 14)
(8, 1, 0, (1, 0, 0), 5): (18, 18)
(8, 1, 0, (1, 0, 0), 6): (7, 7)
(8, 1, 0, (1, 0, 0), 7): (12, 12)
(8, 1, 0, (1, 0, 0), 8): (8, 8)
(8, 1, 0, (1, 0, 0), 9): (7, 7)
(8, 1, 0, (1, 0, 0), 10): (3, 3)
(8, 1, 0, (1, 0, 0), 11): (4, 4)
(8, 1, 0, (1, 0, 0), 12): (1, 1)
(8, 1, 0, (1, 0, 0), 14): (1, 1)
(8, 1, 0, (1, 0, 1), -8): (0, 1)
(8, 1, 0, (1, 0, 1), -7): (0, 1)
(8, 1, 0, (1, 0, 1), -5): (0, 1)
(8, 1, 0, (1, 0, 1), -3): (1, 1)
(8, 1, 0, (1, 0, 1), -2): (1, 1)
(8, 1, 0, (1, 0, 1), -1): (2, 6)
(8, 1, 0, (1, 0, 1), 0): (5, 5)
(8, 1, 0, (1, 0, 1), 1): (4, 4)
(8, 1, 0, (1, 0, 1), 2): (2, 2)
(8, 1, 0, (1, 0, 1), 3): (7, 7)
(8, 1, 0, (1, 0, 1), 4): (3, 3)
(8, 1, 0, (1, 0, 1), 5): (4, 4)
(8, 1, 0, (1, 0, 1), 6): (2, 2)
(8, 1, 0, (1, 0, 1), 7): (1, 1)
(8, 1, 0, (1, 0, 1), 8): (2, 2)
(8, 1, 0, (1, 0, 1), 9): (1, 1)
(8, 1, 0, (1, 0, 1), 10): (1, 1)
(8, 1, 0, (1, 1, 0), -14): (0, 1)
(8, 1, 0, (1, 1, 0), -13): (0, 1)
(8, 1, 0, (1, 1, 0), -12): (0, 1)
(8, 1, 0, (1, 1, 0), -9): (0, 1)
(8, 1, 0, (1, 1, 0), -8): (0, 2)
(8, 1, 0, (1, 1, 0), -7): (0, 2)
(8, 1, 0, (1, 1, 0), -6): (1, 4)
(8, 1, 0, (1, 1, 0), -5): (0, 6)
(8, 1, 0, (1, 1, 0), -4): (1, 7)
(8, 1, 0, (1, 1, 0), -3): (1, 4)
(8, 1, 0, (1, 1, 0), -2): (3, 5)
(8, 1, 0, (1, 1, 0), -1): (5, 9)
(8, 1, 0, (1, 1, 0), 0): (4, 4)
(8, 1, 0, (1, 1, 0), 1): (6, 6)
(8, 1, 0, (1, 1, 0), 2): (5, 6)
(8, 1, 0, (1, 1, 0), 3): (5, 5)
(8, 1, 0, (1, 1, 0), 4): (6, 6)
(8, 1, 0, (1, 1, 0), 5): (3, 3)
(8, 1, 0, (1, 1, 0), 6): (1, 1)
(8, 1, 0, (1, 1, 0), 7): (2, 2)
(8, 1, 0, (1, 1, 0), 8): (1, 1)
(8, 1, 0, (1, 1, 1), -10): (0, 1)
(8, 1, 0, (1, 1, 1), -9): (0, 1)
(8, 1, 0, (1, 1, 1), -7): (0, 1)
(8, 1, 0, (1, 1, 1), -6): (0, 1)
(8, 1, 0, (1, 1, 1), -5): (0, 1)
(8, 1, 0, (1, 1, 1), -3): (2, 2)
(8, 1, 0, (1, 1, 1), -2): (1, 1)
(8, 1, 0, (1, 1, 1), -1): (2, 3)
(8, 1, 0, (1, 1, 1), 0): (3, 3)
(8, 1, 0, (1, 1, 1), 1): (1, 1)
(8, 1, 0, (1, 1, 1), 2): (2, 2)
(8, 1, 0, (1, 1, 1), 4): (2, 2)
(8, 1, 0, (1, 1, 1), 8): (1, 1)
(8, 1, 1, (0, 0, 0), -12): (0, 2)
(8, 1, 1, (0, 0, 0), -11): (0, 4)
(8, 1, 1, (0, 0, 0), -10): (0, 4)
(8, 1, 1, (0, 0, 0), -9): (0, 7)
(8, 1, 1, (0, 0, 0), -8): (0, 13)
(8, 1, 1, (0, 0, 0), -7): (1, 19)
(8, 1, 1, (0, 0, 0), -6): (0, 23)
(8, 1, 1, (0, 0, 0), -5): (0, 30)
(8, 1, 1, (0, 0, 0), -4): (0, 42)
(8, 1, 1, (0, 0, 0), -3): (3, 60)
(8, 1, 1, (0, 0, 0), -2): (9, 74)
(8, 1, 1, (0, 0, 0), -1): (22, 78)
(8, 1, 1, (0, 0, 0), 0): (45, 76)
(8, 1, 1, (0, 0, 0), 1): (67, 77)
(8, 1, 1, (0, 0, 0), 2): (65, 68)
(8, 1, 1, (0, 0, 0), 3): (52, 54)
(8, 1, 1, (0, 0, 0), 4): (40, 42)
(8, 1, 1, (0, 0, 0), 5): (32, 32)
(8, 1, 1, (0, 0, 0), 6): (14, 14)
(8, 1, 1, (0, 0, 0), 7): (20, 20)
(8, 1, 1, (0, 0, 0), 8): (10, 10)
(8, 1, 1, (0, 0, 0), 9): (6, 6)
(8, 1, 1, (0, 0, 0), 10): (5, 5)
(8, 1, 1, (0, 0, 0), 11): (4, 4)
(8, 1, 1, (0, 0, 0), 12): (3, 3)
(8, 1, 1, (0, 0, 1), -7): (0, 1)
(8, 1, 1, (0, 0, 1), -6): (0, 3)
(8, 1, 1, (0, 0, 1), -5): (0, 1)
(8, 1, 1, (0, 0, 1), -4): (0, 3)
(8, 1, 1, (0, 0, 1), -3): (0, 1)
(8, 1, 1, (0, 0, 1), -2): (0, 2)
(8, 1, 1, (0, 0, 1), -1): (6, 17)
(8, 1, 1, (0, 0, 1), 0): (4, 4)
(8, 1, 1, (0, 0, 1), 1): (7, 7)
(8, 1, 1, (0, 0, 1), 2): (9, 10)
(8, 1, 1, (0, 0, 1), 3): (7, 7)
(8, 1, 1, (0, 0, 1), 4): (8, 8)
(8, 1, 1, (0, 0, 1), 5): (5, 5)
(8, 1, 1, (0, 0, 1), 6): (4, 4)
(8, 1, 1, (0, 0, 1), 7): (3, 3)
(8, 1, 1, (0, 0, 1), 9): (1, 1)
(8, 1, 1, (0, 0, 1), 10): (1, 1)
(8, 1, 1, (0, 0, 1), 11): (2, 2)
(8, 1, 1, (0, 1, 0), -8): (0, 4)
(8, 1, 1, (0, 1, 0), -7): (0, 1)
(8, 1, 1, (0, 1, 0), -6): (0, 3)
(8, 1, 1, (0, 1, 0), -5): (0, 1)
(8, 1, 1, (0, 1, 0), -4): (1, 7)
(8, 1, 1, (0, 1, 0), -3): (1, 5)
(8, 1, 1, (0, 1, 0), -2): (2, 8)
(8, 1, 1, (0, 1, 0), -1): (8, 15)
(8, 1, 1, (0, 1, 0), 0): (15, 20)
(8, 1, 1, (0, 1, 0), 1): (26, 30)
(8, 1, 1, (0, 1, 0), 2): (24, 24)
(8, 1, 1, (0, 1, 0), 3): (10, 12)
(8, 1, 1, (0, 1, 0), 4): (9, 9)
(8, 1, 1, (0, 1, 0), 5): (19, 19)
(8, 1, 1, (0, 1, 0), 6): (1, 1)
(8, 1, 1, (0, 1, 0), 7): (7, 7)
(8, 1, 1, (0, 1, 0), 8): (1, 1)
(8, 1, 1, (0, 1, 0), 9): (3, 3)
(8, 1, 1, (0, 1, 0), 10): (3, 3)
(8, 1, 1, (0, 1, 0), 11): (3, 3)
(8, 1, 1, (0, 1, 0), 12): (3, 3)
(8, 1, 1, (0, 1, 0), 14): (1, 1)
(8, 1, 1, (0, 1, 1), -12): (0, 1)
(8, 1, 1, (0, 1, 1), -8): (0, 1)
(8, 1, 1, (0, 1, 1), -7): (0, 1)
(8, 1, 1, (0, 1, 1), -5): (0, 2)
(8, 1, 1, (0, 1, 1), -4): (0, 3)
(8, 1, 1, (0, 1, 1), -3): (0, 3)
(8, 1, 1, (0, 1, 1), -2): (4, 7)
(8, 1, 1, (0, 1, 1), -1): (3, 6)
(8, 1, 1, (0, 1, 1), 0): (3, 4)
(8, 1, 1, (0, 1, 1), 1): (6, 7)
(8, 1, 1, (0, 1, 1), 2): (5, 6)
(8, 1, 1, (0, 1, 1), 3): (3, 3)
(8, 1, 1, (0, 1, 1), 4): (1, 1)
(8, 1, 1, (0, 1, 1), 6): (3, 3)
(8, 1, 1, (0, 1, 1), 7): (3, 3)
(8, 1, 1, (0, 1, 1), 10): (3, 3)
(8, 1, 1, (1, 0, 0), -12): (0, 2)
(8, 1, 1, (1, 0, 0), -11): (0, 3)
(8, 1, 1, (1, 0, 0), -10): (0, 1)
(8, 1, 1, (1, 0, 0), -9): (0, 5)
(8, 1, 1, (1, 0, 0), -8): (0, 5)
(8, 1, 1, (1, 0, 0), -7): (0, 3)
(8, 1, 1, (1, 0, 0), -6): (0, 10)
(8, 1, 1, (1, 0, 0), -5): (0, 10)
(8, 1, 1, (1, 0, 0), -4): (1, 13)
(8, 1, 1, (1, 0, 0), -3): (1, 34)
(8, 1, 1, (1, 0, 0), -2): (7, 43)
(8, 1, 1, (1, 0, 0), -1): (15, 38)
(8, 1, 1, (1, 0, 0), 0): (26, 44)
(8, 1, 1, (1, 0, 0), 1): (27, 34)
(8, 1, 1, (1, 0, 0), 2): (36, 36)
(8, 1, 1, (1, 0, 0), 3): (27, 27)
(8, 1, 1, (1, 0, 0), 4): (16, 16)
(8, 1, 1, (1, 0, 0), 5): (17, 17)
(8, 1, 1, (1, 0, 0), 6): (12, 12)
(8, 1, 1, (1, 0, 0), 7): (12, 12)
(8, 1, 1, (1, 0, 0), 8): (7, 7)
(8, 1, 1, (1, 0, 0), 9): (7, 7)
(8, 1, 1, (1, 0, 0), 10): (5, 5)
(8, 1, 1, (1, 0, 0), 11): (2, 2)
(8, 1, 1, (1, 0, 0), 12): (2, 2)
(8, 1, 1, (1, 0, 0), 14): (1, 1)
(8, 1, 1, (1, 0, 1), -12): (0, 1)
(8, 1, 1, (1, 0, 1), -10): (0, 1)
(8, 1, 1, (1, 0, 1), -9): (0, 1)
(8, 1, 1, (1, 0, 1), -7): (0, 1)
(8, 1, 1, (1, 0, 1), -6): (1, 5)
(8, 1, 1, (1, 0, 1), -5): (0, 4)
(8, 1, 1, (1, 0, 1), -4): (1, 3)
(8, 1, 1, (1, 0, 1), -3): (1, 1)
(8, 1, 1, (1, 0, 1), -2): (1, 3)
(8, 1, 1, (1, 0, 1), -1): (2, 4)
(8, 1, 1, (1, 0, 1), 0): (3, 6)
(8, 1, 1, (1, 0, 1), 1): (7, 7)
(8, 1, 1, (1, 0, 1), 2): (8, 8)
(8, 1, 1, (1, 0, 1), 3): (5, 5)
(8, 1, 1, (1, 0, 1), 4): (6, 6)
(8, 1, 1, (1, 0, 1), 5): (2, 2)
(8, 1, 1, (1, 0, 1), 6): (1, 1)
(8, 1, 1, (1, 0, 1), 7): (4, 4)
(8, 1, 1, (1, 0, 1), 8): (1, 1)
(8, 1, 1, (1, 0, 1), 10): (2, 2)
(8, 1, 1, (1, 0, 1), 11): (2, 2)
(8, 1, 1, (1, 1, 0), -12): (0, 1)
(8, 1, 1, (1, 1, 0), -11): (0, 1)
(8, 1, 1, (1, 1, 0), -10): (0, 1)
(8, 1, 1, (1, 1, 0), -9): (0, 2)
(8, 1, 1, (1, 1, 0), -8): (0, 4)
(8, 1, 1, (1, 1, 0), -6): (0, 1)
(8, 1, 1, (1, 1, 0), -5): (0, 4)
(8, 1, 1, (1, 1, 0), -4): (1, 12)
(8, 1, 1, (1, 1, 0), -3): (0, 11)
(8, 1, 1, (1, 1, 0), -2): (2, 9)
(8, 1, 1, (1, 1, 0), -1): (8, 18)
(8, 1, 1, (1, 1, 0), 0): (11, 15)
(8, 1, 1, (1, 1, 0), 1): (12, 13)
(8, 1, 1, (1, 1, 0), 2): (15, 15)
(8, 1, 1, (1, 1, 0), 3): (12, 12)
(8, 1, 1, (1, 1, 0), 4): (5, 5)
(8, 1, 1, (1, 1, 0), 5): (8, 8)
(8, 1, 1, (1, 1, 0), 6): (2, 2)
(8, 1, 1, (1, 1, 0), 7): (2, 2)
(8, 1, 1, (1, 1, 0), 8): (3, 3)
(8, 1, 1, (1, 1, 0), 9): (4, 4)
(8, 1, 1, (1, 1, 0), 12): (2, 2)
(8, 1, 1, (1, 1, 1), -5): (0, 1)
(8, 1, 1, (1, 1, 1), -4): (0, 1)
(8, 1, 1, (1, 1, 1), -3): (0, 2)
(8, 1, 1, (1, 1, 1), -2): (3, 5)
(8, 1, 1, (1, 1, 1), -1): (2, 4)
(8, 1, 1, (1, 1, 1), 0): (4, 5)
(8, 1, 1, (1, 1, 1), 1): (5, 5)
(8, 1, 1, (1, 1, 1), 2): (7, 7)
(8, 1, 1, (1, 1, 1), 3): (2, 2)
(8, 1, 1, (1, 1, 1), 4): (2, 2)
(8, 1, 1, (1, 1, 1), 5): (2, 2)
(8, 1, 1, (1, 1, 1), 8): (1, 1)
(8, 1, 1, (1, 1, 1), 9): (1, 1)
(8, 1, 1, (1, 1, 1), 10): (1, 1)
(8, 1, 2, (0, 0, 0), -12): (0, 2)
(8, 1, 2, (0, 0, 0), -11): (0, 3)
(8, 1, 2, (0, 0, 0), -10): (0, 4)
(8, 1, 2, (0, 0, 0), -9): (0, 3)
(8, 1, 2, (0, 0, 0), -8): (0, 10)
(8, 1, 2, (0, 0, 0), -7): (1, 19)
(8, 1, 2, (0, 0, 0), -6): (0, 17)
(8, 1, 2, (0, 0, 0), -5): (0, 25)
(8, 1, 2, (0, 0, 0), -4): (0, 32)
(8, 1, 2, (0, 0, 0), -3): (2, 41)
(8, 1, 2, (0, 0, 0), -2): (4, 50)
(8, 1, 2, (0, 0, 0), -1): (12, 53)
(8, 1, 2, (0, 0, 0), 0): (29, 51)
(8, 1, 2, (0, 0, 0), 1): (51, 56)
(8, 1, 2, (0, 0, 0), 2): (50, 53)
(8, 1, 2, (0, 0, 0), 3): (42, 44)
(8, 1, 2, (0, 0, 0), 4): (28, 30)
(8, 1, 2, (0, 0, 0), 5): (21, 21)
(8, 1, 2, (0, 0, 0), 6): (9, 9)
(8, 1, 2, (0, 0, 0), 7): (15, 15)
(8, 1, 2, (0, 0, 0), 8): (8, 8)
(8, 1, 2, (0, 0, 0), 9): (7, 7)
(8, 1, 2, (0, 0, 0), 10): (2, 2)
(8, 1, 2, (0, 0, 0), 11): (4, 4)
(8, 1, 2, (0, 0, 0), 12): (4, 4)
(8, 1, 2, (0, 0, 0), 15): (1, 1)
(8, 1, 2, (0, 0, 1), -11): (0, 1)
(8, 1, 2, (0, 0, 1), -8): (0, 3)
(8, 1, 2, (0, 0, 1), -7): (0, 1)
(8, 1, 2, (0, 0, 1), -6): (0, 2)
(8, 1, 2, (0, 0, 1), -5): (0, 3)
(8, 1, 2, (0, 0, 1), -4): (0, 3)
(8, 1, 2, (0, 0, 1), -3): (0, 4)
(8, 1, 2, (0, 0, 1), -2): (0, 8)
(8, 1, 2, (0, 0, 1), -1): (2, 10)
(8, 1, 2, (0, 0, 1), 0): (6, 8)
(8, 1, 2, (0, 0, 1), 1): (12, 13)
(8, 1, 2, (0, 0, 1), 2): (13, 13)
(8, 1, 2, (0, 0, 1), 3): (14, 15)
(8, 1, 2, (0, 0, 1), 4): (7, 7)
(8, 1, 2, (0, 0, 1), 5): (7, 7)
(8, 1, 2, (0, 0, 1), 7): (4, 4)
(8, 1, 2, (0, 0, 1), 8): (1, 1)
(8, 1, 2, (0, 0, 1), 10): (1, 1)
(8, 1, 2, (0, 0, 1), 11): (2, 2)
(8, 1, 2, (0, 0, 1), 12): (1, 1)
(8, 1, 2, (0, 1, 0), -11): (0, 1)
(8, 1, 2, (0, 1, 0), -10): (0, 1)
(8, 1, 2, (0, 1, 0), -9): (0, 2)
(8, 1, 2, (0, 1, 0), -8): (0, 5)
(8, 1, 2, (0, 1, 0), -7): (0, 2)
(8, 1, 2, (0, 1, 0), -6): (1, 7)
(8, 1, 2, (0, 1, 0), -5): (0, 1)
(8, 1, 2, (0, 1, 0), -4): (0, 6)
(8, 1, 2, (0, 1, 0), -3): (1, 13)
(8, 1, 2, (0, 1, 0), -2): (2, 8)
(8, 1, 2, (0, 1, 0), -1): (8, 22)
(8, 1, 2, (0, 1, 0), 0): (13, 20)
(8, 1, 2, (0, 1, 0), 1): (24, 26)
(8, 1, 2, (0, 1, 0), 2): (19, 20)
(8, 1, 2, (0, 1, 0), 3): (16, 18)
(8, 1, 2, (0, 1, 0), 4): (16, 16)
(8, 1, 2, (0, 1, 0), 5): (21, 21)
(8, 1, 2, (0, 1, 0), 6): (5, 5)
(8, 1, 2, (0, 1, 0), 7): (9, 9)
(8, 1, 2, (0, 1, 0), 8): (3, 3)
(8, 1, 2, (0, 1, 0), 10): (2, 2)
(8, 1, 2, (0, 1, 0), 11): (3, 3)
(8, 1, 2, (0, 1, 0), 12): (1, 1)
(8, 1, 2, (0, 1, 0), 13): (1, 1)
(8, 1, 2, (0, 1, 0), 14): (1, 1)
(8, 1, 2, (0, 1, 1), -8): (0, 2)
(8, 1, 2, (0, 1, 1), -5): (1, 3)
(8, 1, 2, (0, 1, 1), -4): (0, 3)
(8, 1, 2, (0, 1, 1), -3): (0, 4)
(8, 1, 2, (0, 1, 1), -2): (1, 1)
(8, 1, 2, (0, 1, 1), -1): (4, 6)
(8, 1, 2, (0, 1, 1), 0): (3, 5)
(8, 1, 2, (0, 1, 1), 1): (3, 3)
(8, 1, 2, (0, 1, 1), 2): (4, 4)
(8, 1, 2, (0, 1, 1), 3): (3, 3)
(8, 1, 2, (0, 1, 1), 4): (5, 5)
(8, 1, 2, (0, 1, 1), 5): (5, 5)
(8, 1, 2, (0, 1, 1), 6): (4, 4)
(8, 1, 2, (0, 1, 1), 7): (3, 3)
(8, 1, 2, (0, 1, 1), 8): (1, 1)
(8, 1, 2, (0, 1, 1), 9): (2, 2)
(8, 1, 2, (0, 1, 1), 10): (1, 1)
(8, 1, 2, (1, 0, 0), -11): (0, 3)
(8, 1, 2, (1, 0, 0), -9): (0, 3)
(8, 1, 2, (1, 0, 0), -8): (0, 4)
(8, 1, 2, (1, 0, 0), -7): (1, 8)
(8, 1, 2, (1, 0, 0), -6): (0, 15)
(8, 1, 2, (1, 0, 0), -5): (0, 13)
(8, 1, 2, (1, 0, 0), -4): (0, 15)
(8, 1, 2, (1, 0, 0), -3): (1, 31)
(8, 1, 2, (1, 0, 0), -2): (6, 46)
(8, 1, 2, (1, 0, 0), -1): (11, 33)
(8, 1, 2, (1, 0, 0), 0): (23, 42)
(8, 1, 2, (1, 0, 0), 1): (25, 28)
(8, 1, 2, (1, 0, 0), 2): (32, 34)
(8, 1, 2, (1, 0, 0), 3): (25, 26)
(8, 1, 2, (1, 0, 0), 4): (27, 27)
(8, 1, 2, (1, 0, 0), 5): (16, 16)
(8, 1, 2, (1, 0, 0), 6): (16, 16)
(8, 1, 2, (1, 0, 0), 7): (11, 11)
(8, 1, 2, (1, 0, 0), 8): (6, 6)
(8, 1, 2, (1, 0, 0), 9): (5, 5)
(8, 1, 2, (1, 0, 0), 10): (2, 2)
(8, 1, 2, (1, 0, 0), 11): (5, 5)
(8, 1, 2, (1, 0, 0), 12): (2, 2)
(8, 1, 2, (1, 0, 1), -11): (0, 2)
(8, 1, 2, (1, 0, 1), -8): (0, 1)
(8, 1, 2, (1, 0, 1), -6): (0, 1)
(8, 1, 2, (1, 0, 1), -5): (1, 4)
(8, 1, 2, (1, 0, 1), -4): (0, 3)
(8, 1, 2, (1, 0, 1), -3): (0, 3)
(8, 1, 2, (1, 0, 1), -2): (0, 8)
(8, 1, 2, (1, 0, 1), -1): (6, 8)
(8, 1, 2, (1, 0, 1), 0): (5, 11)
(8, 1, 2, (1, 0, 1), 1): (11, 11)
(8, 1, 2, (1, 0, 1), 2): (12, 12)
(8, 1, 2, (1, 0, 1), 3): (9, 10)
(8, 1, 2, (1, 0, 1), 4): (7, 7)
(8, 1, 2, (1, 0, 1), 5): (6, 6)
(8, 1, 2, (1, 0, 1), 6): (3, 3)
(8, 1, 2, (1, 0, 1), 7): (3, 3)
(8, 1, 2, (1, 0, 1), 8): (4, 4)
(8, 1, 2, (1, 0, 1), 9): (1, 1)
(8, 1, 2, (1, 0, 1), 12): (1, 1)
(8, 1, 2, (1, 0, 1), 14): (1, 1)
(8, 1, 2, (1, 1, 0), -11): (0, 1)
(8, 1, 2, (1, 1, 0), -10): (0, 2)
(8, 1, 2, (1, 1, 0), -9): (0, 1)
(8, 1, 2, (1, 1, 0), -8): (0, 4)
(8, 1, 2, (1, 1, 0), -6): (1, 2)
(8, 1, 2, (1, 1, 0), -5): (0, 4)
(8, 1, 2, (1, 1, 0), -4): (0, 9)
(8, 1, 2, (1, 1, 0), -3): (1, 16)
(8, 1, 2, (1, 1, 0), -2): (3, 19)
(8, 1, 2, (1, 1, 0), -1): (4, 21)
(8, 1, 2, (1, 1, 0), 0): (12, 23)
(8, 1, 2, (1, 1, 0), 1): (10, 12)
(8, 1, 2, (1, 1, 0), 2): (12, 12)
(8, 1, 2, (1, 1, 0), 3): (10, 10)
(8, 1, 2, (1, 1, 0), 4): (10, 10)
(8, 1, 2, (1, 1, 0), 5): (9, 9)
(8, 1, 2, (1, 1, 0), 6): (5, 5)
(8, 1, 2, (1, 1, 0), 7): (6, 6)
(8, 1, 2, (1, 1, 0), 8): (3, 3)
(8, 1, 2, (1, 1, 0), 9): (5, 5)
(8, 1, 2, (1, 1, 0), 10): (1, 1)
(8, 1, 2, (1, 1, 0), 12): (2, 2)
(8, 1, 2, (1, 1, 1), -5): (1, 3)
(8, 1, 2, (1, 1, 1), -4): (1, 4)
(8, 1, 2, (1, 1, 1), -3): (1, 5)
(8, 1, 2, (1, 1, 1), -2): (1, 5)
(8, 1, 2, (1, 1, 1), -1): (3, 6)
(8, 1, 2, (1, 1, 1), 0): (5, 9)
(8, 1, 2, (1, 1, 1), 1): (4, 4)
(8, 1, 2, (1, 1, 1), 2): (9, 9)
(8, 1, 2, (1, 1, 1), 3): (2, 2)
(8, 1, 2, (1, 1, 1), 4): (2, 2)
(8, 1, 2, (1, 1, 1), 5): (7, 7)
(8, 1, 2, (1, 1, 1), 6): (3, 3)
(8, 1, 2, (1, 1, 1), 7): (3, 3)
(8, 1, 2, (1, 1, 1), 8): (1, 1)
(8, 1, 2, (1, 1, 1), 9): (3, 3)
(8, 1, 2, (1, 1, 1), 10): (2, 2)
(8, 1, 2, (1, 1, 1), 12): (1, 1)
(9, 0, 0, (0, 0, 0), -15): (0, 1)
(9, 0, 0, (0, 0, 0), -14): (0, 3)
(9, 0, 0, (0, 0, 0), -13): (0, 1)
(9, 0, 0, (0, 0, 0), -12): (0, 8)
(9, 0, 0, (0, 0, 0), -11): (0, 10)
(9, 0, 0, (0, 0, 0), -10): (0, 9)
(9, 0, 0, (0, 0, 0), -9): (0, 17)
(9, 0, 0, (0, 0, 0), -8): (0, 16)
(9, 0, 0, (0, 0, 0), -7): (0, 40)
(9, 0, 0, (0, 0, 0), -6): (0, 28)
(9, 0, 0, (0, 0, 0), -5): (0, 60)
(9, 0, 0, (0, 0, 0), -4): (2, 62)
(9, 0, 0, (0, 0, 0), -3): (5, 96)
(9, 0, 0, (0, 0, 0), -2): (6, 117)
(9, 0, 0, (0, 0, 0), -1): (13, 105)
(9, 0, 0, (0, 0, 0), 0): (57, 120)
(9, 0, 0, (0, 0, 0), 1): (93, 113)
(9, 0, 0, (0, 0, 0), 2): (93, 99)
(9, 0, 0, (0, 0, 0), 3): (67, 73)
(9, 0, 0, (0, 0, 0), 4): (50, 51)
(9, 0, 0, (0, 0, 0), 5): (40, 40)
(9, 0, 0, (0, 0, 0), 6): (34, 34)
(9, 0, 0, (0, 0, 0), 7): (19, 19)
(9, 0, 0, (0, 0, 0), 8): (21, 21)
(9, 0, 0, (0, 0, 0), 9): (7, 7)
(9, 0, 0, (0, 0, 0), 10): (6, 6)
(9, 0, 0, (0, 0, 0), 11): (4, 4)
(9, 0, 0, (0, 0, 0), 12): (1, 1)
(9, 0, 0, (0, 0, 1), -8): (0, 1)
(9, 0, 0, (0, 0, 1), -7): (0, 2)
(9, 0, 0, (0, 0, 1), -5): (0, 1)
(9, 0, 0, (0, 0, 1), -4): (0, 1)
(9, 0, 0, (0, 0, 1), -3): (0, 2)
(9, 0, 0, (0, 0, 1), -2): (1, 1)
(9, 0, 0, (0, 0, 1), -1): (2, 2)
(9, 0, 0, (0, 0, 1), 0): (1, 2)
(9, 0, 0, (0, 0, 1), 1): (3, 3)
(9, 0, 0, (0, 0, 1), 2): (2, 2)
(9, 0, 0, (0, 0, 1), 3): (2, 2)
(9, 0, 0, (0, 0, 1), 4): (1, 1)
(9, 0, 0, (0, 0, 1), 7): (1, 1)
(9, 0, 0, (0, 0, 1), 9): (1, 1)
(9, 0, 0, (0, 1, 0), -14): (0, 1)
(9, 0, 0, (0, 1, 0), -11): (0, 2)
(9, 0, 0, (0, 1, 0), -7): (0, 2)
(9, 0, 0, (0, 1, 0), -6): (0, 1)
(9, 0, 0, (0, 1, 0), -5): (0, 2)
(9, 0, 0, (0, 1, 0), -4): (0, 2)
(9, 0, 0, (0, 1, 0), -3): (1, 6)
(9, 0, 0, (0, 1, 0), -2): (0, 7)
(9, 0, 0, (0, 1, 0), -1): (3, 11)
(9, 0, 0, (0, 1, 0), 0): (5, 11)
(9, 0, 0, (0, 1, 0), 1): (11, 12)
(9, 0, 0, (0, 1, 0), 2): (6, 6)
(9, 0, 0, (0, 1, 0), 3): (4, 4)
(9, 0, 0, (0, 1, 0), 4): (5, 5)
(9, 0, 0, (0, 1, 0), 5): (1, 1)
(9, 0, 0, (0, 1, 0), 7): (1, 1)
(9, 0, 0, (0, 1, 0), 8): (3, 3)
(9, 0, 0, (0, 1, 0), 10): (2, 2)
(9, 0, 0, (0, 1, 0), 12): (1, 1)
(9, 0, 0, (0, 1, 1), -4): (0, 1)
(9, 0, 0, (0, 1, 1), -2): (1, 2)
(9, 0, 0, (0, 1, 1), 0): (1, 2)
(9, 0, 0, (0, 1, 1), 1): (3, 3)
(9, 0, 0, (0, 1, 1), 2): (2, 2)
(9, 0, 0, (0, 1, 1), 3): (2, 2)
(9, 0, 0, (0, 1, 1), 4): (2, 2)
(9, 0, 0, (0, 1, 1), 6): (1, 1)
(9, 0, 0, (0, 1, 1), 7): (1, 1)
(9, 0, 0, (1, 0, 0), -13): (0, 1)
(9, 0, 0, (1, 0, 0), -12): (0, 4)
(9, 0, 0, (1, 0, 0), -11): (0, 2)
(9, 0, 0, (1, 0, 0), -10): (0, 1)
(9, 0, 0, (1, 0, 0), -9): (0, 6)
(9, 0, 0, (1, 0, 0), -8): (0, 2)
(9, 0, 0, (1, 0, 0), -7): (0, 10)
(9, 0, 0, (1, 0, 0), -6): (0, 11)
(9, 0, 0, (1, 0, 0), -5): (0, 17)
(9, 0, 0, (1, 0, 0), -4): (2, 23)
(9, 0, 0, (1, 0, 0), -3): (1, 14)
(9, 0, 0, (1, 0, 0), -2): (3, 29)
(9, 0, 0, (1, 0, 0), -1): (3, 26)
(9, 0, 0, (1, 0, 0), 0): (17, 35)
(9, 0, 0, (1, 0, 0), 1): (22, 25)
(9, 0, 0, (1, 0, 0), 2): (21, 23)
(9, 0, 0, (1, 0, 0), 3): (20, 20)
(9, 0, 0, (1, 0, 0), 4): (14, 14)
(9, 0, 0, (1, 0, 0), 5): (11, 11)
(9, 0, 0, (1, 0, 0), 6): (18, 18)
(9, 0, 0, (1, 0, 0), 7): (6, 6)
(9, 0, 0, (1, 0, 0), 8): (2, 2)
(9, 0, 0, (1, 0, 0), 9): (2, 2)
(9, 0, 0, (1, 0, 0), 10): (2, 2)
(9, 0, 0, (1, 0, 0), 11): (1, 1)
(9, 0, 0, (1, 0, 1), -11): (0, 1)
(9, 0, 0, (1, 0, 1), -9): (0, 1)
(9, 0, 0, (1, 0, 1), -8): (0, 1)
(9, 0, 0, (1, 0, 1), -7): (0, 2)
(9, 0, 0, (1, 0, 1), -5): (0, 1)
(9, 0, 0, (1, 0, 1), -4): (0, 2)
(9, 0, 0, (1, 0, 1), -2): (0, 4)
(9, 0, 0, (1, 0, 1), -1): (1, 2)
(9, 0, 0, (1, 0, 1), 0): (3, 3)
(9, 0, 0, (1, 0, 1), 2): (2, 2)
(9, 0, 0, (1, 0, 1), 3): (4, 4)
(9, 0, 0, (1, 0, 1), 5): (1, 1)
(9, 0, 0, (1, 0, 1), 7): (1, 1)
(9, 0, 0, (1, 1, 0), -12): (0, 2)
(9, 0, 0, (1, 1, 0), -11): (0, 1)
(9, 0, 0, (1, 1, 0), -9): (0, 1)
(9, 0, 0, (1, 1, 0), -8): (0, 1)
(9, 0, 0, (1, 1, 0), -7): (0, 2)
(9, 0, 0, (1, 1, 0), -6): (0, 3)
(9, 0, 0, (1, 1, 0), -5): (0, 8)
(9, 0, 0, (1, 1, 0), -4): (1, 8)
(9, 0, 0, (1, 1, 0), -3): (3, 7)
(9, 0, 0, (1, 1, 0), -2): (0, 5)
(9, 0, 0, (1, 1, 0), -1): (3, 6)
(9, 0, 0, (1, 1, 0), 0): (4, 7)
(9, 0, 0, (1, 1, 0), 1): (7, 7)
(9, 0, 0, (1, 1, 0), 2): (7, 7)
(9, 0, 0, (1, 1, 0), 3): (5, 5)
(9, 0, 0, (1, 1, 0), 4): (2, 2)
(9, 0, 0, (1, 1, 0), 6): (1, 1)
(9, 0, 0, (1, 1, 0), 7): (1, 1)
(9, 0, 0, (1, 1, 0), 8): (1, 1)
(9, 0, 0, (1, 1, 0), 9): (1, 1)
(9, 0, 0, (1, 1, 1), -7): (0, 1)
(9, 0, 0, (1, 1, 1), -6): (0, 1)
(9, 0, 0, (1, 1, 1), -5): (0, 1)
(9, 0, 0, (1, 1, 1), -4): (0, 3)
(9, 0, 0, (1, 1, 1), -3): (2, 3)
(9, 0, 0, (1, 1, 1), -1): (1, 1)
(9, 0, 0, (1, 1, 1), 0): (1, 1)
(9, 0, 0, (1, 1, 1), 1): (2, 2)
(9, 0, 0, (1, 1, 1), 2): (1, 1)
(9, 0, 0, (1, 1, 1), 9): (1, 1)
(9, 0, 1, (0, 0, 0), -15): (0, 1)
(9, 0, 1, (0, 0, 0), -14): (0, 2)
(9, 0, 1, (0, 0, 0), -13): (0, 1)
(9, 0, 1, (0, 0, 0), -12): (0, 4)
(9, 0, 1, (0, 0, 0), -11): (0, 6)
(9, 0, 1, (0, 0, 0), -10): (0, 8)
(9, 0, 1, (0, 0, 0), -9): (0, 10)
(9, 0, 1, (0, 0, 0), -8): (0, 14)
(9, 0, 1, (0, 0, 0), -7): (0, 26)
(9, 0, 1, (0, 0, 0), -6): (0, 18)
(9, 0, 1, (0, 0, 0), -5): (0, 40)
(9, 0, 1, (0, 0, 0), -4): (0, 35)
(9, 0, 1, (0, 0, 0), -3): (3, 76)
(9, 0, 1, (0, 0, 0), -2): (2, 83)
(9, 0, 1, (0, 0, 0), -1): (7, 71)
(9, 0, 1, (0, 0, 0), 0): (38, 78)
(9, 0, 1, (0, 0, 0), 1): (60, 76)
(9, 0, 1, (0, 0, 0), 2): (67, 70)
(9, 0, 1, (0, 0, 0), 3): (45, 51)
(9, 0, 1, (0, 0, 0), 4): (35, 36)
(9, 0, 1, (0, 0, 0), 5): (28, 28)
(9, 0, 1, (0, 0, 0), 6): (17, 17)
(9, 0, 1, (0, 0, 0), 7): (14, 14)
(9, 0, 1, (0, 0, 0), 8): (15, 15)
(9, 0, 1, (0, 0, 0), 9): (5, 5)
(9, 0, 1, (0, 0, 0), 10): (3, 3)
(9, 0, 1, (0, 0, 0), 11): (3, 3)
(9, 0, 1, (0, 0, 0), 12): (1, 1)
(9, 0, 1, (0, 0, 1), -11): (0, 1)
(9, 0, 1, (0, 0, 1), -8): (0, 1)
(9, 0, 1, (0, 0, 1), -7): (0, 2)
(9, 0, 1, (0, 0, 1), -6): (0, 1)
(9, 0, 1, (0, 0, 1), -5): (0, 5)
(9, 0, 1, (0, 0, 1), -3): (0, 1)
(9, 0, 1, (0, 0, 1), -2): (0, 5)
(9, 0, 1, (0, 0, 1), -1): (1, 3)
(9, 0, 1, (0, 0, 1), 0): (5, 9)
(9, 0, 1, (0, 0, 1), 1): (9, 9)
(9, 0, 1, (0, 0, 1), 2): (2, 2)
(9, 0, 1, (0, 0, 1), 3): (6, 6)
(9, 0, 1, (0, 0, 1), 4): (6, 6)
(9, 0, 1, (0, 0, 1), 5): (8, 8)
(9, 0, 1, (0, 0, 1), 6): (2, 2)
(9, 0, 1, (0, 0, 1), 7): (1, 1)
(9, 0, 1, (0, 0, 1), 10): (2, 2)
(9, 0, 1, (0, 0, 1), 12): (1, 1)
(9, 0, 1, (0, 1, 0), -13): (0, 1)
(9, 0, 1, (0, 1, 0), -10): (0, 1)
(9, 0, 1, (0, 1, 0), -9): (0, 1)
(9, 0, 1, (0, 1, 0), -8): (0, 1)
(9, 0, 1, (0, 1, 0), -7): (0, 6)
(9, 0, 1, (0, 1, 0), -6): (0, 3)
(9, 0, 1, (0, 1, 0), -5): (0, 5)
(9, 0, 1, (0, 1, 0), -4): (0, 5)
(9, 0, 1, (0, 1, 0), -3): (0, 12)
(9, 0, 1, (0, 1, 0), -2): (0, 10)
(9, 0, 1, (0, 1, 0), -1): (3, 21)
(9, 0, 1, (0, 1, 0), 0): (8, 19)
(9, 0, 1, (0, 1, 0), 1): (13, 16)
(9, 0, 1, (0, 1, 0), 2): (18, 18)
(9, 0, 1, (0, 1, 0), 3): (14, 14)
(9, 0, 1, (0, 1, 0), 4): (12, 12)
(9, 0, 1, (0, 1, 0), 5): (5, 5)
(9, 0, 1, (0, 1, 0), 6): (1, 1)
(9, 0, 1, (0, 1, 0), 8): (3, 3)
(9, 0, 1, (0, 1, 0), 9): (2, 2)
(9, 0, 1, (0, 1, 0), 10): (1, 1)
(9, 0, 1, (0, 1, 1), -12): (0, 2)
(9, 0, 1, (0, 1, 1), -7): (0, 1)
(9, 0, 1, (0, 1, 1), -6): (0, 1)
(9, 0, 1, (0, 1, 1), -5): (0, 1)
(9, 0, 1, (0, 1, 1), -4): (0, 2)
(9, 0, 1, (0, 1, 1), -3): (0, 2)
(9, 0, 1, (0, 1, 1), -2): (3, 8)
(9, 0, 1, (0, 1, 1), -1): (2, 3)
(9, 0, 1, (0, 1, 1), 0): (2, 6)
(9, 0, 1, (0, 1, 1), 1): (7, 8)
(9, 0, 1, (0, 1, 1), 2): (7, 7)
(9, 0, 1, (0, 1, 1), 3): (6, 6)
(9, 0, 1, (0, 1, 1), 4): (4, 4)
(9, 0, 1, (0, 1, 1), 6): (3, 3)
(9, 0, 1, (0, 1, 1), 7): (1, 1)
(9, 0, 1, (0, 1, 1), 8): (1, 1)
(9, 0, 1, (1, 0, 0), -14): (0, 1)
(9, 0, 1, (1, 0, 0), -13): (0, 1)
(9, 0, 1, (1, 0, 0), -12): (0, 3)
(9, 0, 1, (1, 0, 0), -11): (0, 4)
(9, 0, 1, (1, 0, 0), -9): (0, 5)
(9, 0, 1, (1, 0, 0), -8): (0, 3)
(9, 0, 1, (1, 0, 0), -7): (0, 11)
(9, 0, 1, (1, 0, 0), -6): (0, 10)
(9, 0, 1, (1, 0, 0), -5): (0, 18)
(9, 0, 1, (1, 0, 0), -4): (0, 21)
(9, 0, 1, (1, 0, 0), -3): (3, 34)
(9, 0, 1, (1, 0, 0), -2): (2, 33)
(9, 0, 1, (1, 0, 0), -1): (2, 27)
(9, 0, 1, (1, 0, 0), 0): (16, 38)
(9, 0, 1, (1, 0, 0), 1): (24, 33)
(9, 0, 1, (1, 0, 0), 2): (24, 26)
(9, 0, 1, (1, 0, 0), 3): (13, 15)
(9, 0, 1, (1, 0, 0), 4): (14, 14)
(9, 0, 1, (1, 0, 0), 5): (14, 14)
(9, 0, 1, (1, 0, 0), 6): (20, 20)
(9, 0, 1, (1, 0, 0), 7): (5, 5)
(9, 0, 1, (1, 0, 0), 8): (3, 3)
(9, 0, 1, (1, 0, 0), 9): (3, 3)
(9, 0, 1, (1, 0, 0), 10): (4, 4)
(9, 0, 1, (1, 0, 0), 11): (2, 2)
(9, 0, 1, (1, 0, 1), -11): (0, 2)
(9, 0, 1, (1, 0, 1), -7): (0, 1)
(9, 0, 1, (1, 0, 1), -6): (0, 4)
(9, 0, 1, (1, 0, 1), -5): (0, 3)
(9, 0, 1, (1, 0, 1), -4): (0, 2)
(9, 0, 1, (1, 0, 1), -3): (1, 6)
(9, 0, 1, (1, 0, 1), -2): (0, 7)
(9, 0, 1, (1, 0, 1), -1): (4, 8)
(9, 0, 1, (1, 0, 1), 0): (7, 9)
(9, 0, 1, (1, 0, 1), 1): (6, 6)
(9, 0, 1, (1, 0, 1), 2): (4, 4)
(9, 0, 1, (1, 0, 1), 3): (6, 6)
(9, 0, 1, (1, 0, 1), 4): (5, 5)
(9, 0, 1, (1, 0, 1), 5): (2, 2)
(9, 0, 1, (1, 0, 1), 6): (2, 2)
(9, 0, 1, (1, 0, 1), 7): (2, 2)
(9, 0, 1, (1, 0, 1), 8): (1, 1)
(9, 0, 1, (1, 0, 1), 11): (1, 1)
(9, 0, 1, (1, 1, 0), -12): (0, 1)
(9, 0, 1, (1, 1, 0), -11): (0, 1)
(9, 0, 1, (1, 1, 0), -9): (0, 1)
(9, 0, 1, (1, 1, 0), -8): (0, 2)
(9, 0, 1, (1, 1, 0), -7): (0, 2)
(9, 0, 1, (1, 1, 0), -6): (0, 3)
(9, 0, 1, (1, 1, 0), -5): (0, 6)
(9, 0, 1, (1, 1, 0), -4): (0, 7)
(9, 0, 1, (1, 1, 0), -3): (3, 12)
(9, 0, 1, (1, 1, 0), -2): (1, 11)
(9, 0, 1, (1, 1, 0), -1): (3, 9)
(9, 0, 1, (1, 1, 0), 0): (8, 16)
(9, 0, 1, (1, 1, 0), 1): (11, 14)
(9, 0, 1, (1, 1, 0), 2): (10, 10)
(9, 0, 1, (1, 1, 0), 3): (9, 9)
(9, 0, 1, (1, 1, 0), 4): (6, 6)
(9, 0, 1, (1, 1, 0), 5): (3, 3)
(9, 0, 1, (1, 1, 0), 6): (4, 4)
(9, 0, 1, (1, 1, 0), 7): (1, 1)
(9, 0, 1, (1, 1, 0), 8): (3, 3)
(9, 0, 1, (1, 1, 0), 9): (1, 1)
(9, 0, 1, (1, 1, 1), -6): (0, 1)
(9, 0, 1, (1, 1, 1), -5): (0, 2)
(9, 0, 1, (1, 1, 1), -4): (0, 3)
(9, 0, 1, (1, 1, 1), -3): (2, 5)
(9, 0, 1, (1, 1, 1), -2): (0, 4)
(9, 0, 1, (1, 1, 1), -1): (1, 1)
(9, 0, 1, (1, 1, 1), 0): (3, 4)
(9, 0, 1, (1, 1, 1), 1): (5, 5)
(9, 0, 1, (1, 1, 1), 2): (5, 5)
(9, 0, 1, (1, 1, 1), 3): (2, 2)
(9, 0, 1, (1, 1, 1), 4): (1, 1)
(9, 0, 1, (1, 1, 1), 5): (1, 1)
(9, 0, 1, (1, 1, 1), 6): (2, 2)
(9, 0, 1, (1, 1, 1), 7): (1, 1)
(9, 0, 1, (1, 1, 1), 8): (2, 2)
(9, 0, 1, (1, 1, 1), 9): (1, 1)
(9, 0, 2, (0, 0, 0), -15): (0, 1)
(9, 0, 2, (0, 0, 0), -14): (0, 1)
(9, 0, 2, (0, 0, 0), -13): (0, 1)
(9, 0, 2, (0, 0, 0), -12): (0, 3)
(9, 0, 2, (0, 0, 0), -11): (0, 4)
(9, 0, 2, (0, 0, 0), -10): (0, 9)
(9, 0, 2, (0, 0, 0), -9): (0, 7)
(9, 0, 2, (0, 0, 0), -8): (0, 11)
(9, 0, 2, (0, 0, 0), -7): (0, 20)
(9, 0, 2, (0, 0, 0), -6): (0, 17)
(9, 0, 2, (0, 0, 0), -5): (0, 27)
(9, 0, 2, (0, 0, 0), -4): (0, 28)
(9, 0, 2, (0, 0, 0), -3): (0, 49)
(9, 0, 2, (0, 0, 0), -2): (1, 64)
(9, 0, 2, (0, 0, 0), -1): (3, 52)
(9, 0, 2, (0, 0, 0), 0): (31, 61)
(9, 0, 2, (0, 0, 0), 1): (45, 58)
(9, 0, 2, (0, 0, 0), 2): (51, 54)
(9, 0, 2, (0, 0, 0), 3): (34, 38)
(9, 0, 2, (0, 0, 0), 4): (27, 28)
(9, 0, 2, (0, 0, 0), 5): (26, 26)
(9, 0, 2, (0, 0, 0), 6): (16, 16)
(9, 0, 2, (0, 0, 0), 7): (16, 16)
(9, 0, 2, (0, 0, 0), 8): (17, 17)
(9, 0, 2, (0, 0, 0), 9): (3, 3)
(9, 0, 2, (0, 0, 0), 10): (1, 1)
(9, 0, 2, (0, 0, 0), 11): (4, 4)
(9, 0, 2, (0, 0, 0), 12): (1, 1)
(9, 0, 2, (0, 0, 0), 13): (1, 1)
(9, 0, 2, (0, 0, 1), -12): (0, 1)
(9, 0, 2, (0, 0, 1), -11): (0, 1)
(9, 0, 2, (0, 0, 1), -8): (0, 1)
(9, 0, 2, (0, 0, 1), -7): (0, 5)
(9, 0, 2, (0, 0, 1), -6): (0, 3)
(9, 0, 2, (0, 0, 1), -5): (0, 4)
(9, 0, 2, (0, 0, 1), -4): (0, 3)
(9, 0, 2, (0, 0, 1), -3): (0, 6)
(9, 0, 2, (0, 0, 1), -2): (0, 9)
(9, 0, 2, (0, 0, 1), -1): (0, 7)
(9, 0, 2, (0, 0, 1), 0): (3, 7)
(9, 0, 2, (0, 0, 1), 1): (6, 8)
(9, 0, 2, (0, 0, 1), 2): (3, 5)
(9, 0, 2, (0, 0, 1), 3): (7, 7)
(9, 0, 2, (0, 0, 1), 4): (6, 6)
(9, 0, 2, (0, 0, 1), 5): (3, 3)
(9, 0, 2, (0, 0, 1), 6): (2, 2)
(9, 0, 2, (0, 0, 1), 7): (2, 2)
(9, 0, 2, (0, 0, 1), 8): (1, 1)
(9, 0, 2, (0, 0, 1), 10): (1, 1)
(9, 0, 2, (0, 1, 0), -13): (0, 1)
(9, 0, 2, (0, 1, 0), -12): (0, 1)
(9, 0, 2, (0, 1, 0), -11): (0, 1)
(9, 0, 2, (0, 1, 0), -10): (0, 2)
(9, 0, 2, (0, 1, 0), -9): (0, 3)
(9, 0, 2, (0, 1, 0), -8): (0, 2)
(9, 0, 2, (0, 1, 0), -7): (0, 10)
(9, 0, 2, (0, 1, 0), -6): (0, 7)
(9, 0, 2, (0, 1, 0), -5): (0, 7)
(9, 0, 2, (0, 1, 0), -4): (0, 7)
(9, 0, 2, (0, 1, 0), -3): (0, 15)
(9, 0, 2, (0, 1, 0), -2): (0, 14)
(9, 0, 2, (0, 1, 0), -1): (2, 22)
(9, 0, 2, (0, 1, 0), 0): (9, 21)
(9, 0, 2, (0, 1, 0), 1): (25, 28)
(9, 0, 2, (0, 1, 0), 2): (16, 16)
(9, 0, 2, (0, 1, 0), 3): (14, 15)
(9, 0, 2, (0, 1, 0), 4): (14, 14)
(9, 0, 2, (0, 1, 0), 5): (10, 10)
(9, 0, 2, (0, 1, 0), 6): (4, 4)
(9, 0, 2, (0, 1, 0), 7): (7, 7)
(9, 0, 2, (0, 1, 0), 8): (8, 8)
(9, 0, 2, (0, 1, 0), 9): (1, 1)
(9, 0, 2, (0, 1, 0), 10): (1, 1)
(9, 0, 2, (0, 1, 0), 11): (3, 3)
(9, 0, 2, (0, 1, 0), 13): (1, 1)
(9, 0, 2, (0, 1, 1), -12): (0, 1)
(9, 0, 2, (0, 1, 1), -9): (0, 1)
(9, 0, 2, (0, 1, 1), -7): (0, 5)
(9, 0, 2, (0, 1, 1), -5): (0, 1)
(9, 0, 2, (0, 1, 1), -4): (0, 2)
(9, 0, 2, (0, 1, 1), -3): (0, 4)
(9, 0, 2, (0, 1, 1), -2): (0, 4)
(9, 0, 2, (0, 1, 1), -1): (0, 1)
(9, 0, 2, (0, 1, 1), 0): (5, 8)
(9, 0, 2, (0, 1, 1), 1): (6, 10)
(9, 0, 2, (0, 1, 1), 2): (5, 5)
(9, 0, 2, (0, 1, 1), 3): (3, 3)
(9, 0, 2, (0, 1, 1), 4): (1, 1)
(9, 0, 2, (0, 1, 1), 5): (3, 3)
(9, 0, 2, (0, 1, 1), 6): (3, 3)
(9, 0, 2, (0, 1, 1), 7): (1, 1)
(9, 0, 2, (0, 1, 1), 8): (3, 3)
(9, 0, 2, (0, 1, 1), 9): (2, 2)
(9, 0, 2, (1, 0, 0), -15): (0, 1)
(9, 0, 2, (1, 0, 0), -13): (0, 2)
(9, 0, 2, (1, 0, 0), -12): (0, 1)
(9, 0, 2, (1, 0, 0), -11): (0, 4)
(9, 0, 2, (1, 0, 0), -10): (0, 3)
(9, 0, 2, (1, 0, 0), -9): (0, 6)
(9, 0, 2, (1, 0, 0), -8): (0, 4)
(9, 0, 2, (1, 0, 0), -7): (0, 12)
(9, 0, 2, (1, 0, 0), -6): (0, 8)
(9, 0, 2, (1, 0, 0), -5): (0, 19)
(9, 0, 2, (1, 0, 0), -4): (0, 14)
(9, 0, 2, (1, 0, 0), -3): (0, 35)
(9, 0, 2, (1, 0, 0), -2): (2, 36)
(9, 0, 2, (1, 0, 0), -1): (1, 36)
(9, 0, 2, (1, 0, 0), 0): (17, 40)
(9, 0, 2, (1, 0, 0), 1): (30, 34)
(9, 0, 2, (1, 0, 0), 2): (28, 30)
(9, 0, 2, (1, 0, 0), 3): (14, 18)
(9, 0, 2, (1, 0, 0), 4): (20, 22)
(9, 0, 2, (1, 0, 0), 5): (25, 25)
(9, 0, 2, (1, 0, 0), 6): (20, 20)
(9, 0, 2, (1, 0, 0), 7): (11, 11)
(9, 0, 2, (1, 0, 0), 8): (9, 9)
(9, 0, 2, (1, 0, 0), 9): (4, 4)
(9, 0, 2, (1, 0, 0), 10): (3, 3)
(9, 0, 2, (1, 0, 0), 11): (2, 2)
(9, 0, 2, (1, 0, 0), 12): (1, 1)
(9, 0, 2, (1, 0, 0), 14): (1, 1)
(9, 0, 2, (1, 0, 1), -11): (0, 3)
(9, 0, 2, (1, 0, 1), -8): (0, 1)
(9, 0, 2, (1, 0, 1), -7): (0, 3)
(9, 0, 2, (1, 0, 1), -6): (0, 4)
(9, 0, 2, (1, 0, 1), -5): (0, 2)
(9, 0, 2, (1, 0, 1), -4): (0, 3)
(9, 0, 2, (1, 0, 1), -3): (0, 2)
(9, 0, 2, (1, 0, 1), -2): (0, 6)
(9, 0, 2, (1, 0, 1), -1): (0, 7)
(9, 0, 2, (1, 0, 1), 0): (2, 10)
(9, 0, 2, (1, 0, 1), 1): (6, 6)
(9, 0, 2, (1, 0, 1), 2): (9, 10)
(9, 0, 2, (1, 0, 1), 3): (5, 5)
(9, 0, 2, (1, 0, 1), 4): (7, 7)
(9, 0, 2, (1, 0, 1), 5): (3, 3)
(9, 0, 2, (1, 0, 1), 6): (1, 1)
(9, 0, 2, (1, 0, 1), 7): (2, 2)
(9, 0, 2, (1, 0, 1), 8): (2, 2)
(9, 0, 2, (1, 0, 1), 11): (1, 1)
(9, 0, 2, (1, 1, 0), -13): (0, 1)
(9, 0, 2, (1, 1, 0), -12): (0, 1)
(9, 0, 2, (1, 1, 0), -11): (0, 1)
(9, 0, 2, (1, 1, 0), -10): (0, 2)
(9, 0, 2, (1, 1, 0), -9): (0, 3)
(9, 0, 2, (1, 1, 0), -8): (0, 1)
(9, 0, 2, (1, 1, 0), -7): (0, 5)
(9, 0, 2, (1, 1, 0), -6): (0, 5)
(9, 0, 2, (1, 1, 0), -5): (0, 6)
(9, 0, 2, (1, 1, 0), -4): (0, 6)
(9, 0, 2, (1, 1, 0), -3): (0, 14)
(9, 0, 2, (1, 1, 0), -2): (1, 8)
(9, 0, 2, (1, 1, 0), -1): (1, 16)
(9, 0, 2, (1, 1, 0), 0): (9, 20)
(9, 0, 2, (1, 1, 0), 1): (12, 15)
(9, 0, 2, (1, 1, 0), 2): (7, 7)
(9, 0, 2, (1, 1, 0), 3): (8, 9)
(9, 0, 2, (1, 1, 0), 4): (8, 9)
(9, 0, 2, (1, 1, 0), 5): (8, 8)
(9, 0, 2, (1, 1, 0), 6): (3, 3)
(9, 0, 2, (1, 1, 0), 7): (1, 1)
(9, 0, 2, (1, 1, 0), 8): (4, 4)
(9, 0, 2, (1, 1, 0), 9): (4, 4)
(9, 0, 2, (1, 1, 0), 11): (2, 2)
(9, 0, 2, (1, 1, 0), 14): (1, 1)
(9, 0, 2, (1, 1, 1), -11): (0, 1)
(9, 0, 2, (1, 1, 1), -10): (0, 1)
(9, 0, 2, (1, 1, 1), -8): (0, 1)
(9, 0, 2, (1, 1, 1), -7): (0, 2)
(9, 0, 2, (1, 1, 1), -6): (0, 2)
(9, 0, 2, (1, 1, 1), -5): (0, 2)
(9, 0, 2, (1, 1, 1), -4): (0, 1)
(9, 0, 2, (1, 1, 1), -3): (0, 5)
(9, 0, 2, (1, 1, 1), -2): (0, 2)
(9, 0, 2, (1, 1, 1), -1): (0, 1)
(9, 0, 2, (1, 1, 1), 0): (5, 9)
(9, 0, 2, (1, 1, 1), 1): (3, 5)
(9, 0, 2, (1, 1, 1), 2): (5, 6)
(9, 0, 2, (1, 1, 1), 3): (3, 3)
(9, 0, 2, (1, 1, 1), 4): (3, 3)
(9, 0, 2, (1, 1, 1), 5): (1, 1)
(9, 0, 2, (1, 1, 1), 7): (1, 1)
(9, 0, 2, (1, 1, 1), 9): (1, 1)
(9, 0, 2, (1, 1, 1), 11): (1, 1)
(9, 0, 2, (1, 1, 1), 12): (1, 1)
(9, 0, 2, (1, 1, 1), 13): (1, 1)
(9, 1, 0, (0, 0, 0), -14): (0, 1)
(9, 1, 0, (0, 0, 0), -13): (0, 1)
(9, 1, 0, (0, 0, 0), -12): (0, 2)
(9, 1, 0, (0, 0, 0), -11): (0, 7)
(9, 1, 0, (0, 0, 0), -10): (0, 6)
(9, 1, 0, (0, 0, 0), -9): (0, 12)
(9, 1, 0, (0, 0, 0), -8): (0, 27)
(9, 1, 0, (0, 0, 0), -7): (0, 25)
(9, 1, 0, (0, 0, 0), -6): (0, 31)
(9, 1, 0, (0, 0, 0), -5): (0, 52)
(9, 1, 0, (0, 0, 0), -4): (2, 54)
(9, 1, 0, (0, 0, 0), -3): (6, 75)
(9, 1, 0, (0, 0, 0), -2): (7, 98)
(9, 1, 0, (0, 0, 0), -1): (23, 115)
(9, 1, 0, (0, 0, 0), 0): (79, 123)
(9, 1, 0, (0, 0, 1), -8): (0, 2)
(9, 1, 0, (0, 0, 1), -6): (0, 1)
(9, 1, 0, (0, 0, 1), -5): (0, 1)
(9, 1, 0, (0, 0, 1), -4): (0, 1)
(9, 1, 0, (0, 0, 1), -3): (0, 1)
(9, 1, 0, (0, 0, 1), -2): (0, 3)
(9, 1, 0, (0, 0, 1), -1): (2, 4)
(9, 1, 0, (0, 1, 0), -14): (0, 1)
(9, 1, 0, (0, 1, 0), -8): (0, 1)
(9, 1, 0, (0, 1, 0), -7): (0, 2)
(9, 1, 0, (0, 1, 0), -6): (0, 3)
(9, 1, 0, (0, 1, 0), -5): (0, 3)
(9, 1, 0, (0, 1, 0), -4): (0, 5)
(9, 1, 0, (0, 1, 0), -3): (1, 4)
(9, 1, 0, (0, 1, 0), -2): (0, 7)
(9, 1, 0, (0, 1, 0), -1): (3, 6)
(9, 1, 0, (0, 1, 0), 0): (4, 6)
(9, 1, 0, (0, 1, 1), -9): (0, 1)
(9, 1, 0, (0, 1, 1), -7): (0, 2)
(9, 1, 0, (0, 1, 1), -3): (0, 1)
(9, 1, 0, (0, 1, 1), -2): (1, 1)
(9, 1, 0, (0, 1, 1), 0): (1, 1)
(9, 1, 0, (1, 0, 0), -11): (0, 2)
(9, 1, 0, (1, 0, 0), -10): (0, 1)
(9, 1, 0, (1, 0, 0), -9): (0, 9)
(9, 1, 0, (1, 0, 0), -8): (0, 9)
(9, 1, 0, (1, 0, 0), -7): (0, 6)
(9, 1, 0, (1, 0, 0), -6): (0, 8)
(9, 1, 0, (1, 0, 0), -5): (0, 11)
(9, 1, 0, (1, 0, 0), -4): (2, 21)
(9, 1, 0, (1, 0, 0), -3): (2, 17)
(9, 1, 0, (1, 0, 0), -2): (6, 26)
(9, 1, 0, (1, 0, 0), -1): (10, 40)
(9, 1, 0, (1, 0, 0), 0): (19, 29)
(9, 1, 0, (1, 0, 1), -9): (0, 1)
(9, 1, 0, (1, 0, 1), -7): (0, 3)
(9, 1, 0, (1, 0, 1), -5): (0, 1)
(9, 1, 0, (1, 0, 1), -4): (0, 3)
(9, 1, 0, (1, 0, 1), -3): (0, 1)
(9, 1, 0, (1, 0, 1), -2): (1, 5)
(9, 1, 0, (1, 0, 1), -1): (2, 4)
(9, 1, 0, (1, 0, 1), 0): (3, 3)
(9, 1, 0, (1, 1, 0), -9): (0, 3)
(9, 1, 0, (1, 1, 0), -8): (0, 2)
(9, 1, 0, (1, 1, 0), -6): (0, 1)
(9, 1, 0, (1, 1, 0), -5): (0, 1)
(9, 1, 0, (1, 1, 0), -4): (2, 10)
(9, 1, 0, (1, 1, 0), -3): (2, 6)
(9, 1, 0, (1, 1, 0), -2): (0, 6)
(9, 1, 0, (1, 1, 0), -1): (4, 5)
(9, 1, 0, (1, 1, 0), 0): (6, 7)
(9, 1, 0, (1, 1, 1), -7): (0, 2)
(9, 1, 0, (1, 1, 1), -6): (0, 1)
(9, 1, 0, (1, 1, 1), -4): (1, 1)
(9, 1, 0, (1, 1, 1), -3): (2, 2)
(9, 1, 0, (1, 1, 1), -2): (0, 3)
(9, 1, 0, (1, 1, 1), -1): (1, 1)
(9, 1, 0, (1, 1, 1), 0): (7, 7)
(9, 1, 1, (0, 0, 0), -13): (0, 1)
(9, 1, 1, (0, 0, 0), -12): (0, 2)
(9, 1, 1, (0, 0, 0), -11): (0, 4)
(9, 1, 1, (0, 0, 0), -10): (0, 5)
(9, 1, 1, (0, 0, 0), -9): (0, 3)
(9, 1, 1, (0, 0, 0), -8): (0, 18)
(9, 1, 1, (0, 0, 0), -7): (0, 18)
(9, 1, 1, (0, 0, 0), -6): (0, 23)
(9, 1, 1, (0, 0, 0), -5): (0, 38)
(9, 1, 1, (0, 0, 0), -4): (0, 28)
(9, 1, 1, (0, 0, 0), -3): (3, 54)
(9, 1, 1, (0, 0, 0), -2): (2, 64)
(9, 1, 1, (0, 0, 0), -1): (7, 69)
(9, 1, 1, (0, 0, 0), 0): (53, 88)
(9, 1, 1, (0, 0, 1), -14): (0, 1)
(9, 1, 1, (0, 0, 1), -8): (0, 1)
(9, 1, 1, (0, 0, 1), -7): (0, 1)
(9, 1, 1, (0, 0, 1), -6): (0, 3)
(9, 1, 1, (0, 0, 1), -4): (0, 3)
(9, 1, 1, (0, 0, 1), -3): (0, 1)
(9, 1, 1, (0, 0, 1), -2): (0, 6)
(9, 1, 1, (0, 0, 1), -1): (4, 7)
(9, 1, 1, (0, 0, 1), 0): (5, 5)
(9, 1, 1, (0, 1, 0), -14): (0, 1)
(9, 1, 1, (0, 1, 0), -8): (0, 2)
(9, 1, 1, (0, 1, 0), -7): (0, 3)
(9, 1, 1, (0, 1, 0), -6): (0, 2)
(9, 1, 1, (0, 1, 0), -5): (0, 6)
(9, 1, 1, (0, 1, 0), -4): (0, 4)
(9, 1, 1, (0, 1, 0), -3): (1, 10)
(9, 1, 1, (0, 1, 0), -2): (1, 14)
(9, 1, 1, (0, 1, 0), -1): (7, 25)
(9, 1, 1, (0, 1, 0), 0): (7, 14)
(9, 1, 1, (0, 1, 1), -7): (0, 2)
(9, 1, 1, (0, 1, 1), -5): (0, 1)
(9, 1, 1, (0, 1, 1), -4): (0, 4)
(9, 1, 1, (0, 1, 1), -3): (0, 1)
(9, 1, 1, (0, 1, 1), -2): (1, 3)
(9, 1, 1, (0, 1, 1), -1): (3, 4)
(9, 1, 1, (0, 1, 1), 0): (2, 2)
(9, 1, 1, (1, 0, 0), -13): (0, 1)
(9, 1, 1, (1, 0, 0), -12): (0, 1)
(9, 1, 1, (1, 0, 0), -11): (0, 2)
(9, 1, 1, (1, 0, 0), -10): (0, 4)
(9, 1, 1, (1, 0, 0), -9): (0, 4)
(9, 1, 1, (1, 0, 0), -8): (0, 12)
(9, 1, 1, (1, 0, 0), -7): (0, 5)
(9, 1, 1, (1, 0, 0), -6): (0, 7)
(9, 1, 1, (1, 0, 0), -5): (0, 15)
(9, 1, 1, (1, 0, 0), -4): (0, 17)
(9, 1, 1, (1, 0, 0), -3): (0, 24)
(9, 1, 1, (1, 0, 0), -2): (6, 37)
(9, 1, 1, (1, 0, 0), -1): (5, 40)
(9, 1, 1, (1, 0, 0), 0): (28, 45)
(9, 1, 1, (1, 0, 1), -11): (0, 1)
(9, 1, 1, (1, 0, 1), -9): (0, 3)
(9, 1, 1, (1, 0, 1), -8): (0, 2)
(9, 1, 1, (1, 0, 1), -7): (0, 5)
(9, 1, 1, (1, 0, 1), -6): (0, 1)
(9, 1, 1, (1, 0, 1), -5): (0, 4)
(9, 1, 1, (1, 0, 1), -4): (0, 4)
(9, 1, 1, (1, 0, 1), -3): (0, 3)
(9, 1, 1, (1, 0, 1), -2): (0, 4)
(9, 1, 1, (1, 0, 1), -1): (2, 9)
(9, 1, 1, (1, 0, 1), 0): (5, 6)
(9, 1, 1, (1, 1, 0), -13): (0, 1)
(9, 1, 1, (1, 1, 0), -12): (0, 1)
(9, 1, 1, (1, 1, 0), -9): (0, 3)
(9, 1, 1, (1, 1, 0), -8): (0, 3)
(9, 1, 1, (1, 1, 0), -7): (0, 3)
(9, 1, 1, (1, 1, 0), -6): (0, 3)
(9, 1, 1, (1, 1, 0), -5): (0, 3)
(9, 1, 1, (1, 1, 0), -4): (1, 9)
(9, 1, 1, (1, 1, 0), -3): (0, 5)
(9, 1, 1, (1, 1, 0), -2): (4, 10)
(9, 1, 1, (1, 1, 0), -1): (2, 13)
(9, 1, 1, (1, 1, 0), 0): (14, 20)
(9, 1, 1, (1, 1, 1), -9): (0, 2)
(9, 1, 1, (1, 1, 1), -8): (0, 1)
(9, 1, 1, (1, 1, 1), -7): (0, 3)
(9, 1, 1, (1, 1, 1), -4): (0, 1)
(9, 1, 1, (1, 1, 1), -3): (1, 2)
(9, 1, 1, (1, 1, 1), -2): (2, 2)
(9, 1, 1, (1, 1, 1), -1): (2, 4)
(9, 1, 1, (1, 1, 1), 0): (8, 10)
(9, 1, 2, (0, 0, 0), -13): (0, 1)
(9, 1, 2, (0, 0, 0), -12): (0, 1)
(9, 1, 2, (0, 0, 0), -11): (0, 4)
(9, 1, 2, (0, 0, 0), -10): (0, 4)
(9, 1, 2, (0, 0, 0), -9): (0, 4)
(9, 1, 2, (0, 0, 0), -8): (0, 13)
(9, 1, 2, (0, 0, 0), -7): (0, 14)
(9, 1, 2, (0, 0, 0), -6): (0, 24)
(9, 1, 2, (0, 0, 0), -5): (0, 31)
(9, 1, 2, (0, 0, 0), -4): (0, 20)
(9, 1, 2, (0, 0, 0), -3): (2, 40)
(9, 1, 2, (0, 0, 0), -2): (0, 33)
(9, 1, 2, (0, 0, 0), -1): (2, 48)
(9, 1, 2, (0, 0, 0), 0): (35, 65)
(9, 1, 2, (0, 0, 1), -8): (0, 2)
(9, 1, 2, (0, 0, 1), -7): (0, 1)
(9, 1, 2, (0, 0, 1), -6): (0, 4)
(9, 1, 2, (0, 0, 1), -5): (0, 2)
(9, 1, 2, (0, 0, 1), -4): (0, 3)
(9, 1, 2, (0, 0, 1), -3): (0, 12)
(9, 1, 2, (0, 0, 1), -2): (0, 9)
(9, 1, 2, (0, 0, 1), -1): (1, 8)
(9, 1, 2, (0, 1, 0), -10): (0, 2)
(9, 1, 2, (0, 1, 0), -9): (0, 1)
(9, 1, 2, (0, 1, 0), -8): (0, 6)
(9, 1, 2, (0, 1, 0), -7): (0, 5)
(9, 1, 2, (0, 1, 0), -6): (0, 7)
(9, 1, 2, (0, 1, 0), -5): (0, 8)
(9, 1, 2, (0, 1, 0), -4): (0, 6)
(9, 1, 2, (0, 1, 0), -3): (0, 16)
(9, 1, 2, (0, 1, 0), -2): (1, 10)
(9, 1, 2, (0, 1, 0), -1): (1, 15)
(9, 1, 2, (0, 1, 0), 0): (7, 12)
(9, 1, 2, (0, 1, 1), -13): (0, 1)
(9, 1, 2, (0, 1, 1), -8): (0, 1)
(9, 1, 2, (0, 1, 1), -6): (0, 3)
(9, 1, 2, (0, 1, 1), -5): (0, 3)
(9, 1, 2, (0, 1, 1), -4): (0, 1)
(9, 1, 2, (0, 1, 1), -2): (2, 3)
(9, 1, 2, (0, 1, 1), -1): (2, 3)
(9, 1, 2, (0, 1, 1), 0): (2, 5)
(9, 1, 2, (1, 0, 0), -13): (0, 1)
(9, 1, 2, (1, 0, 0), -11): (0, 2)
(9, 1, 2, (1, 0, 0), -10): (0, 4)
(9, 1, 2, (1, 0, 0), -9): (0, 1)
(9, 1, 2, (1, 0, 0), -8): (0, 10)
(9, 1, 2, (1, 0, 0), -7): (0, 5)
(9, 1, 2, (1, 0, 0), -6): (0, 17)
(9, 1, 2, (1, 0, 0), -5): (0, 19)
(9, 1, 2, (1, 0, 0), -4): (0, 21)
(9, 1, 2, (1, 0, 0), -3): (2, 34)
(9, 1, 2, (1, 0, 0), -2): (1, 35)
(9, 1, 2, (1, 0, 0), -1): (6, 47)
(9, 1, 2, (1, 0, 0), 0): (31, 49)
(9, 1, 2, (1, 0, 1), -8): (0, 3)
(9, 1, 2, (1, 0, 1), -7): (0, 2)
(9, 1, 2, (1, 0, 1), -6): (0, 3)
(9, 1, 2, (1, 0, 1), -5): (0, 2)
(9, 1, 2, (1, 0, 1), -4): (0, 5)
(9, 1, 2, (1, 0, 1), -3): (0, 5)
(9, 1, 2, (1, 0, 1), -2): (1, 10)
(9, 1, 2, (1, 0, 1), -1): (3, 12)
(9, 1, 2, (1, 0, 1), 0): (3, 7)
(9, 1, 2, (1, 1, 0), -13): (0, 1)
(9, 1, 2, (1, 1, 0), -11): (0, 1)
(9, 1, 2, (1, 1, 0), -9): (0, 1)
(9, 1, 2, (1, 1, 0), -8): (0, 1)
(9, 1, 2, (1, 1, 0), -7): (0, 4)
(9, 1, 2, (1, 1, 0), -6): (0, 5)
(9, 1, 2, (1, 1, 0), -5): (0, 7)
(9, 1, 2, (1, 1, 0), -4): (1, 4)
(9, 1, 2, (1, 1, 0), -3): (2, 8)
(9, 1, 2, (1, 1, 0), -2): (1, 7)
(9, 1, 2, (1, 1, 0), -1): (2, 17)
(9, 1, 2, (1, 1, 0), 0): (14, 20)
(9, 1, 2, (1, 1, 1), -9): (0, 1)
(9, 1, 2, (1, 1, 1), -7): (0, 2)
(9, 1, 2, (1, 1, 1), -6): (0, 2)
(9, 1, 2, (1, 1, 1), -5): (0, 4)
(9, 1, 2, (1, 1, 1), -4): (1, 2)
(9, 1, 2, (1, 1, 1), -3): (2, 3)
(9, 1, 2, (1, 1, 1), -2): (2, 2)
(9, 1, 2, (1, 1, 1), -1): (2, 5)
(9, 1, 2, (1, 1, 1), 0): (5, 9)
(10, 0, 0, (0, 0, 0), 0): (60, 120)
(10, 0, 0, (0, 0, 0), 1): (1, 2)
(10, 0, 0, (0, 0, 1), 0): (2, 2)
(10, 0, 0, (0, 1, 0), 0): (0, 2)
(10, 0, 0, (0, 1, 0), 1): (1, 1)
(10, 0, 0, (0, 1, 1), 0): (1, 1)
(10, 0, 0, (0, 1, 1), 1): (1, 1)
(10, 0, 0, (0, 1, 1), 2): (0, 1)
(10, 0, 0, (1, 0, 0), 0): (17, 35)
(10, 0, 0, (1, 0, 0), 1): (1, 1)
(10, 0, 0, (1, 0, 0), 4): (0, 1)
(10, 0, 0, (1, 0, 1), 0): (1, 1)
(10, 0, 0, (1, 1, 0), 0): (4, 6)
(10, 0, 0, (1, 1, 1), 0): (2, 3)
(10, 0, 0, (1, 1, 1), 1): (1, 2)
(10, 0, 1, (0, 0, 0), 0): (40, 79)
(10, 0, 1, (0, 0, 0), 1): (1, 2)
(10, 0, 1, (0, 0, 1), 0): (2, 3)
(10, 0, 1, (0, 0, 1), 1): (1, 1)
(10, 0, 1, (0, 0, 1), 4): (0, 1)
(10, 0, 1, (0, 1, 0), 0): (9, 17)
(10, 0, 1, (0, 1, 0), 1): (4, 4)
(10, 0, 1, (0, 1, 1), 0): (2, 3)
(10, 0, 1, (0, 1, 1), 1): (1, 1)
(10, 0, 1, (0, 1, 1), 2): (1, 1)
(10, 0, 1, (1, 0, 0), 0): (16, 35)
(10, 0, 1, (1, 0, 0), 1): (0, 1)
(10, 0, 1, (1, 0, 0), 4): (1, 1)
(10, 0, 1, (1, 0, 1), 0): (5, 6)
(10, 0, 1, (1, 0, 1), 1): (2, 3)
(10, 0, 1, (1, 1, 0), 0): (4, 8)
(10, 0, 1, (1, 1, 0), 1): (1, 1)
(10, 0, 1, (1, 1, 0), 2): (2, 2)
(10, 0, 1, (1, 1, 1), 0): (3, 4)
(10, 0, 1, (1, 1, 1), 1): (1, 1)
(10, 0, 1, (1, 1, 1), 2): (1, 1)
(10, 0, 2, (0, 0, 0), 0): (27, 57)
(10, 0, 2, (0, 0, 0), 1): (2, 3)
(10, 0, 2, (0, 0, 0), 2): (2, 2)
(10, 0, 2, (0, 0, 1), 0): (4, 6)
(10, 0, 2, (0, 0, 1), 1): (2, 2)
(10, 0, 2, (0, 0, 1), 2): (1, 1)
(10, 0, 2, (0, 1, 0), 0): (6, 14)
(10, 0, 2, (0, 1, 0), 1): (2, 3)
(10, 0, 2, (0, 1, 0), 2): (0, 1)
(10, 0, 2, (0, 1, 0), 3): (1, 1)
(10, 0, 2, (0, 1, 1), 0): (2, 2)
(10, 0, 2, (0, 1, 1), 1): (1, 1)
(10, 0, 2, (1, 0, 0), 0): (9, 26)
(10, 0, 2, (1, 0, 0), 1): (4, 5)
(10, 0, 2, (1, 0, 0), 2): (3, 3)
(10, 0, 2, (1, 0, 0), 3): (1, 1)
(10, 0, 2, (1, 0, 1), 0): (3, 6)
(10, 0, 2, (1, 0, 1), 1): (0, 1)
(10, 0, 2, (1, 0, 1), 3): (1, 1)
(10, 0, 2, (1, 1, 0), 0): (5, 15)
(10, 0, 2, (1, 1, 0), 1): (4, 4)
(10, 0, 2, (1, 1, 0), 2): (3, 3)
(10, 0, 2, (1, 1, 1), 0): (3, 4)
(10, 0, 2, (1, 1, 1), 1): (2, 2)
(10, 0, 2, (1, 1, 1), 2): (1, 1)
(10, 1, 0, (0, 0, 0), -4): (1, 2)
(10, 1, 0, (0, 0, 0), -3): (0, 3)
(10, 1, 0, (0, 0, 0), -2): (1, 10)
(10, 1, 0, (0, 0, 0), -1): (2, 13)
(10, 1, 0, (0, 0, 0), 0): (57, 93)
(10, 1, 0, (0, 1, 0), -1): (1, 1)
(10, 1, 0, (0, 1, 0), 0): (2, 3)
(10, 1, 0, (1, 0, 0), -2): (1, 5)
(10, 1, 0, (1, 0, 0), 0): (19, 26)
(10, 1, 0, (1, 0, 1), -2): (1, 2)
(10, 1, 0, (1, 0, 1), -1): (1, 1)
(10, 1, 0, (1, 1, 0), -2): (0, 1)
(10, 1, 0, (1, 1, 0), -1): (0, 1)
(10, 1, 0, (1, 1, 0), 0): (2, 4)
(10, 1, 1, (0, 0, 0), -4): (1, 2)
(10, 1, 1, (0, 0, 0), -3): (0, 3)
(10, 1, 1, (0, 0, 0), -2): (0, 5)
(10, 1, 1, (0, 0, 0), -1): (0, 11)
(10, 1, 1, (0, 0, 0), 0): (35, 63)
(10, 1, 1, (0, 0, 1), 0): (2, 2)
(10, 1, 1, (0, 1, 0), -1): (0, 1)
(10, 1, 1, (0, 1, 0), 0): (14, 20)
(10, 1, 1, (0, 1, 1), 0): (3, 4)
(10, 1, 1, (1, 0, 0), -4): (0, 1)
(10, 1, 1, (1, 0, 0), -3): (0, 1)
(10, 1, 1, (1, 0, 0), -2): (0, 2)
(10, 1, 1, (1, 0, 0), -1): (1, 3)
(10, 1, 1, (1, 0, 0), 0): (20, 30)
(10, 1, 1, (1, 0, 1), -1): (2, 3)
(10, 1, 1, (1, 0, 1), 0): (6, 6)
(10, 1, 1, (1, 1, 0), -4): (0, 1)
(10, 1, 1, (1, 1, 0), -2): (0, 1)
(10, 1, 1, (1, 1, 0), 0): (7, 13)
(10, 1, 1, (1, 1, 1), -4): (0, 1)
(10, 1, 1, (1, 1, 1), -3): (0, 1)
(10, 1, 1, (1, 1, 1), 0): (3, 4)
(10, 1, 2, (0, 0, 0), -4): (1, 1)
(10, 1, 2, (0, 0, 0), -3): (1, 3)
(10, 1, 2, (0, 0, 0), -2): (0, 5)
(10, 1, 2, (0, 0, 0), -1): (0, 8)
(10, 1, 2, (0, 0, 0), 0): (19, 38)
(10, 1, 2, (0, 0, 1), 0): (3, 4)
(10, 1, 2, (0, 1, 0), 0): (5, 8)
(10, 1, 2, (0, 1, 1), 0): (3, 4)
(10, 1, 2, (1, 0, 0), -3): (1, 2)
(10, 1, 2, (1, 0, 0), -2): (0, 3)
(10, 1, 2, (1, 0, 0), -1): (0, 2)
(10, 1, 2, (1, 0, 0), 0): (10, 21)
(10, 1, 2, (1, 0, 1), -1): (1, 1)
(10, 1, 2, (1, 0, 1), 0): (8, 11)
(10, 1, 2, (1, 1, 0), -3): (1, 1)
(10, 1, 2, (1, 1, 0), -2): (1, 3)
(10, 1, 2, (1, 1, 0), -1): (0, 2)
(10, 1, 2, (1, 1, 0), 0): (4, 12)
(10, 1, 2, (1, 1, 1), -3): (0, 1)
(10, 1, 2, (1, 1, 1), 0): (5, 10)
(11, 0, 0, (0, 0, 0), 0): (38, 72)
(11, 0, 0, (0, 0, 0), 1): (2, 4)
(11, 0, 0, (0, 0, 1), 0): (2, 2)
(11, 0, 0, (0, 1, 0), 0): (3, 3)
(11, 0, 0, (0, 1, 0), 5): (1, 1)
(11, 0, 0, (0, 1, 1), 0): (1, 1)
(11, 0, 0, (1, 0, 0), 0): (9, 18)
(11, 0, 0, (1, 0, 0), 1): (1, 1)
(11, 0, 0, (1, 0, 1), 0): (0, 1)
(11, 0, 0, (1, 1, 0), 0): (1, 2)
(11, 0, 0, (1, 1, 0), 3): (1, 1)
(11, 0, 0, (1, 1, 1), 0): (2, 2)
(11, 0, 0, (1, 1, 1), 1): (1, 1)
(11, 0, 1, (0, 0, 0), 0): (23, 46)
(11, 0, 1, (0, 0, 0), 1): (2, 4)
(11, 0, 1, (0, 0, 0), 2): (1, 1)
(11, 0, 1, (0, 0, 0), 3): (1, 1)
(11, 0, 1, (0, 0, 1), 0): (4, 4)
(11, 0, 1, (0, 0, 1), 5): (1, 1)
(11, 0, 1, (0, 1, 0), 0): (5, 11)
(11, 0, 1, (0, 1, 0), 1): (1, 3)
(11, 0, 1, (1, 0, 0), 0): (8, 10)
(11, 0, 1, (1, 0, 0), 1): (8, 9)
(11, 0, 1, (1, 0, 1), 0): (0, 2)
(11, 0, 1, (1, 0, 1), 1): (2, 2)
(11, 0, 1, (1, 1, 0), 0): (3, 5)
(11, 0, 1, (1, 1, 0), 1): (1, 1)
(11, 0, 1, (1, 1, 0), 2): (1, 1)
(11, 0, 1, (1, 1, 1), 1): (1, 1)
(11, 0, 2, (0, 0, 0), 0): (17, 39)
(11, 0, 2, (0, 0, 0), 1): (1, 2)
(11, 0, 2, (0, 0, 0), 2): (2, 2)
(11, 0, 2, (0, 0, 0), 3): (1, 1)
(11, 0, 2, (0, 0, 0), 6): (1, 1)
(11, 0, 2, (0, 0, 1), 0): (1, 3)
(11, 0, 2, (0, 0, 1), 1): (0, 1)
(11, 0, 2, (0, 0, 1), 2): (2, 2)
(11, 0, 2, (0, 0, 1), 3): (3, 3)
(11, 0, 2, (0, 1, 0), 0): (4, 5)
(11, 0, 2, (0, 1, 0), 1): (5, 8)
(11, 0, 2, (0, 1, 0), 2): (1, 1)
(11, 0, 2, (0, 1, 0), 3): (2, 2)
(11, 0, 2, (0, 1, 0), 4): (1, 1)
(11, 0, 2, (0, 1, 1), 0): (1, 1)
(11, 0, 2, (0, 1, 1), 2): (1, 1)
(11, 0, 2, (1, 0, 0), 0): (8, 13)
(11, 0, 2, (1, 0, 0), 1): (6, 6)
(11, 0, 2, (1, 0, 1), 0): (1, 6)
(11, 0, 2, (1, 0, 1), 1): (1, 2)
(11, 0, 2, (1, 0, 1), 2): (2, 2)
(11, 0, 2, (1, 1, 0), 0): (3, 4)
(11, 0, 2, (1, 1, 0), 1): (5, 5)
(11, 0, 2, (1, 1, 0), 2): (1, 1)
(11, 0, 2, (1, 1, 0), 4): (1, 1)
(11, 1, 0, (0, 0, 0), -6): (0, 1)
(11, 1, 0, (0, 0, 0), -4): (0, 1)
(11, 1, 0, (0, 0, 0), -3): (0, 3)
(11, 1, 0, (0, 0, 0), -2): (0, 7)
(11, 1, 0, (0, 0, 0), -1): (5, 16)
(11, 1, 0, (0, 0, 0), 0): (30, 46)
(11, 1, 0, (0, 0, 1), -6): (0, 1)
(11, 1, 0, (0, 0, 1), 0): (2, 3)
(11, 1, 0, (0, 1, 0), -1): (0, 1)
(11, 1, 0, (0, 1, 0), 0): (2, 2)
(11, 1, 0, (0, 1, 1), 0): (0, 1)
(11, 1, 0, (1, 0, 0), -4): (0, 1)
(11, 1, 0, (1, 0, 0), -1): (3, 5)
(11, 1, 0, (1, 0, 0), 0): (6, 9)
(11, 1, 0, (1, 0, 1), 0): (1, 2)
(11, 1, 0, (1, 1, 0), -4): (0, 1)
(11, 1, 0, (1, 1, 0), -1): (1, 1)
(11, 1, 0, (1, 1, 0), 0): (1, 1)
(11, 1, 0, (1, 1, 1), 0): (0, 1)
(11, 1, 1, (0, 0, 0), -3): (0, 2)
(11, 1, 1, (0, 0, 0), -2): (0, 7)
(11, 1, 1, (0, 0, 0), -1): (1, 9)
(11, 1, 1, (0, 0, 0), 0): (19, 31)
(11, 1, 1, (0, 0, 1), -6): (0, 1)
(11, 1, 1, (0, 0, 1), -3): (0, 1)
(11, 1, 1, (0, 0, 1), -1): (0, 1)
(11, 1, 1, (0, 0, 1), 0): (2, 3)
(11, 1, 1, (0, 1, 0), -2): (0, 2)
(11, 1, 1, (0, 1, 0), -1): (3, 4)
(11, 1, 1, (0, 1, 0), 0): (2, 4)
(11, 1, 1, (0, 1, 1), -1): (0, 1)
(11, 1, 1, (0, 1, 1), 0): (0, 1)
(11, 1, 1, (1, 0, 0), -1): (0, 4)
(11, 1, 1, (1, 0, 0), 0): (6, 12)
(11, 1, 1, (1, 0, 1), -4): (0, 1)
(11, 1, 1, (1, 0, 1), 0): (4, 4)
(11, 1, 1, (1, 1, 0), -1): (1, 3)
(11, 1, 1, (1, 1, 0), 0): (1, 2)
(11, 1, 1, (1, 1, 1), 0): (2, 3)
(11, 1, 2, (0, 0, 0), -3): (0, 1)
(11, 1, 2, (0, 0, 0), -2): (0, 6)
(11, 1, 2, (0, 0, 0), -1): (0, 5)
(11, 1, 2, (0, 0, 0), 0): (15, 21)
(11, 1, 2, (0, 0, 1), -6): (0, 1)
(11, 1, 2, (0, 0, 1), -1): (0, 1)
(11, 1, 2, (0, 0, 1), 0): (3, 4)
(11, 1, 2, (0, 1, 0), -2): (0, 2)
(11, 1, 2, (0, 1, 0), -1): (2, 3)
(11, 1, 2, (0, 1, 0), 0): (1, 4)
(11, 1, 2, (0, 1, 1), -1): (0, 1)
(11, 1, 2, (0, 1, 1), 0): (2, 3)
(11, 1, 2, (1, 0, 0), -3): (0, 2)
(11, 1, 2, (1, 0, 0), -2): (0, 2)
(11, 1, 2, (1, 0, 0), -1): (0, 5)
(11, 1, 2, (1, 0, 0), 0): (7, 12)
(11, 1, 2, (1, 0, 1), -2): (0, 1)
(11, 1, 2, (1, 0, 1), 0): (5, 5)
(11, 1, 2, (1, 1, 0), -3): (0, 1)
(11, 1, 2, (1, 1, 0), -1): (1, 2)
(11, 1, 2, (1, 1, 0), 0): (3, 8)
(11, 1, 2, (1, 1, 1), -2): (0, 1)
(11, 1, 2, (1, 1, 1), -1): (0, 1)
(11, 1, 2, (1, 1, 1), 0): (5, 8)
(12, 0, 0, (0, 0, 0), 0): (17, 39)
(12, 0, 0, (0, 0, 0), 1): (0, 1)
(12, 0, 0, (0, 0, 1), 0): (1, 1)
(12, 0, 0, (0, 0, 1), 1): (0, 1)
(12, 0, 0, (0, 1, 0), 0): (1, 3)
(12, 0, 0, (1, 0, 0), 0): (3, 10)
(12, 0, 0, (1, 1, 0), 0): (1, 1)
(12, 0, 1, (0, 0, 0), 0): (13, 25)
(12, 0, 1, (0, 0, 0), 1): (0, 1)
(12, 0, 1, (0, 0, 1), 0): (1, 1)
(12, 0, 1, (0, 0, 1), 1): (0, 1)
(12, 0, 1, (0, 1, 0), 0): (1, 4)
(12, 0, 1, (0, 1, 1), 0): (2, 3)
(12, 0, 1, (0, 1, 1), 3): (1, 1)
(12, 0, 1, (1, 0, 0), 0): (8, 18)
(12, 0, 1, (1, 0, 0), 1): (0, 2)
(12, 0, 1, (1, 0, 1), 0): (3, 4)
(12, 0, 1, (1, 0, 1), 1): (1, 2)
(12, 0, 1, (1, 1, 0), 0): (3, 5)
(12, 0, 1, (1, 1, 0), 2): (1, 1)
(12, 0, 1, (1, 1, 1), 0): (1, 1)
(12, 0, 1, (1, 1, 1), 1): (1, 1)
(12, 0, 1, (1, 1, 1), 2): (1, 1)
(12, 0, 2, (0, 0, 0), 0): (6, 15)
(12, 0, 2, (0, 0, 0), 5): (1, 1)
(12, 0, 2, (0, 0, 1), 0): (1, 2)
(12, 0, 2, (0, 0, 1), 1): (2, 3)
(12, 0, 2, (0, 0, 1), 2): (1, 1)
(12, 0, 2, (0, 0, 1), 3): (1, 2)
(12, 0, 2, (0, 1, 0), 0): (2, 4)
(12, 0, 2, (0, 1, 0), 2): (0, 1)
(12, 0, 2, (0, 1, 1), 0): (2, 2)
(12, 0, 2, (0, 1, 1), 3): (1, 1)
(12, 0, 2, (1, 0, 0), 0): (3, 6)
(12, 0, 2, (1, 0, 0), 1): (1, 2)
(12, 0, 2, (1, 0, 1), 0): (2, 3)
(12, 0, 2, (1, 0, 1), 1): (1, 2)
(12, 0, 2, (1, 0, 1), 2): (1, 1)
(12, 0, 2, (1, 1, 0), 0): (3, 6)
(12, 0, 2, (1, 1, 0), 1): (1, 1)
(12, 0, 2, (1, 1, 1), 0): (2, 2)
(12, 1, 0, (0, 0, 0), -5): (0, 1)
(12, 1, 0, (0, 0, 0), -3): (1, 2)
(12, 1, 0, (0, 0, 0), -2): (0, 3)
(12, 1, 0, (0, 0, 0), -1): (3, 8)
(12, 1, 0, (0, 0, 0), 0): (18, 25)
(12, 1, 0, (0, 1, 0), -2): (0, 1)
(12, 1, 0, (0, 1, 0), 0): (0, 1)
(12, 1, 0, (1, 0, 0), -2): (0, 1)
(12, 1, 0, (1, 0, 0), -1): (1, 3)
(12, 1, 0, (1, 0, 0), 0): (6, 6)
(12, 1, 0, (1, 1, 0), -2): (0, 1)
(12, 1, 0, (1, 1, 0), -1): (1, 3)
(12, 1, 0, (1, 1, 0), 0): (2, 2)
(12, 1, 1, (0, 0, 0), -5): (0, 1)
(12, 1, 1, (0, 0, 0), -3): (1, 2)
(12, 1, 1, (0, 0, 0), -2): (0, 1)
(12, 1, 1, (0, 0, 0), -1): (2, 5)
(12, 1, 1, (0, 0, 0), 0): (12, 18)
(12, 1, 1, (0, 1, 0), 0): (2, 3)
(12, 1, 1, (0, 1, 1), 0): (2, 2)
(12, 1, 1, (1, 0, 0), -3): (1, 2)
(12, 1, 1, (1, 0, 0), -2): (0, 1)
(12, 1, 1, (1, 0, 0), -1): (1, 1)
(12, 1, 1, (1, 0, 0), 0): (5, 6)
(12, 1, 1, (1, 0, 1), -2): (0, 1)
(12, 1, 1, (1, 0, 1), 0): (2, 2)
(12, 1, 1, (1, 1, 0), -1): (1, 3)
(12, 1, 1, (1, 1, 0), 0): (2, 2)
(12, 1, 2, (0, 0, 0), -5): (0, 1)
(12, 1, 2, (0, 0, 0), -2): (0, 1)
(12, 1, 2, (0, 0, 0), -1): (1, 4)
(12, 1, 2, (0, 0, 0), 0): (9, 14)
(12, 1, 2, (0, 0, 1), 0): (2, 2)
(12, 1, 2, (0, 1, 0), -2): (0, 1)
(12, 1, 2, (0, 1, 0), 0): (3, 4)
(12, 1, 2, (0, 1, 1), 0): (1, 1)
(12, 1, 2, (1, 0, 0), -3): (1, 2)
(12, 1, 2, (1, 0, 0), -1): (2, 4)
(12, 1, 2, (1, 0, 0), 0): (3, 5)
(12, 1, 2, (1, 0, 1), -1): (2, 3)
(12, 1, 2, (1, 0, 1), 0): (1, 1)
(12, 1, 2, (1, 1, 0), -3): (1, 1)
(12, 1, 2, (1, 1, 0), -1): (0, 3)
(12, 1, 2, (1, 1, 0), 0): (6, 6)
(12, 1, 2, (1, 1, 1), -3): (1, 1)
(12, 1, 2, (1, 1, 1), -1): (0, 1)
(12, 1, 2, (1, 1, 1), 0): (3, 3)
(13, 0, 0, (0, 0, 0), 0): (7, 21)
(13, 0, 0, (0, 1, 0), 0): (0, 1)
(13, 0, 0, (1, 0, 0), 0): (4, 7)
(13, 0, 1, (0, 0, 0), 0): (3, 13)
(13, 0, 1, (0, 0, 1), 0): (0, 1)
(13, 0, 1, (0, 1, 0), 0): (2, 5)
(13, 0, 1, (0, 1, 1), 0): (0, 1)
(13, 0, 1, (1, 0, 0), 0): (4, 7)
(13, 0, 1, (1, 0, 1), 0): (1, 1)
(13, 0, 1, (1, 1, 0), 0): (1, 2)
(13, 0, 1, (1, 1, 0), 1): (1, 1)
(13, 0, 2, (0, 0, 0), 0): (1, 8)
(13, 0, 2, (0, 0, 1), 0): (0, 1)
(13, 0, 2, (0, 0, 1), 2): (1, 1)
(13, 0, 2, (0, 1, 0), 0): (0, 3)
(13, 0, 2, (0, 1, 1), 0): (1, 3)
(13, 0, 2, (1, 0, 0), 0): (4, 5)
(13, 0, 2, (1, 0, 1), 0): (1, 1)
(13, 0, 2, (1, 1, 0), 0): (0, 2)
(13, 0, 2, (1, 1, 1), 0): (0, 2)
(13, 1, 0, (0, 0, 0), -2): (0, 1)
(13, 1, 0, (0, 0, 0), -1): (0, 1)
(13, 1, 0, (0, 0, 0), 0): (14, 19)
(13, 1, 0, (0, 0, 1), 0): (1, 1)
(13, 1, 0, (0, 1, 0), 0): (2, 2)
(13, 1, 0, (1, 0, 0), -1): (0, 1)
(13, 1, 0, (1, 0, 0), 0): (6, 8)
(13, 1, 0, (1, 1, 0), -1): (0, 1)
(13, 1, 0, (1, 1, 0), 0): (2, 3)
(13, 1, 1, (0, 0, 0), -2): (0, 1)
(13, 1, 1, (0, 0, 0), 0): (6, 9)
(13, 1, 1, (0, 1, 0), 0): (2, 3)
(13, 1, 1, (0, 1, 1), 0): (1, 1)
(13, 1, 1, (1, 0, 0), 0): (6, 6)
(13, 1, 1, (1, 0, 1), 0): (1, 2)
(13, 1, 1, (1, 1, 0), 0): (4, 4)
(13, 1, 1, (1, 1, 1), 0): (1, 1)
(13, 1, 2, (0, 0, 0), -2): (0, 1)
(13, 1, 2, (0, 0, 0), 0): (4, 7)
(13, 1, 2, (0, 0, 1), -1): (0, 2)
(13, 1, 2, (0, 1, 0), 0): (0, 1)
(13, 1, 2, (0, 1, 1), 0): (1, 1)
(13, 1, 2, (1, 0, 0), -2): (0, 1)
(13, 1, 2, (1, 0, 0), 0): (3, 4)
(13, 1, 2, (1, 0, 1), 0): (1, 2)
(13, 1, 2, (1, 1, 0), 0): (1, 1)
(13, 1, 2, (1, 1, 1), 0): (1, 2)
(14, 0, 0, (0, 0, 0), 0): (5, 13)
(14, 0, 0, (0, 1, 0), 0): (1, 1)
(14, 0, 0, (1, 0, 0), 0): (3, 6)
(14, 0, 0, (1, 0, 0), 1): (1, 1)
(14, 0, 1, (0, 0, 0), 0): (1, 6)
(14, 0, 1, (0, 0, 1), 1): (1, 1)
(14, 0, 1, (0, 1, 0), 0): (1, 3)
(14, 0, 1, (0, 1, 0), 1): (2, 2)
(14, 0, 1, (0, 1, 0), 2): (1, 1)
(14, 0, 1, (1, 0, 0), 0): (2, 4)
(14, 0, 1, (1, 1, 0), 0): (0, 1)
(14, 0, 2, (0, 0, 0), 0): (1, 6)
(14, 0, 2, (0, 0, 0), 3): (0, 1)
(14, 0, 2, (0, 1, 0), 0): (0, 1)
(14, 0, 2, (0, 1, 0), 1): (2, 2)
(14, 0, 2, (0, 1, 0), 2): (1, 1)
(14, 0, 2, (1, 0, 0), 0): (1, 5)
(14, 0, 2, (1, 0, 0), 1): (0, 1)
(14, 0, 2, (1, 0, 0), 2): (1, 1)
(14, 0, 2, (1, 1, 0), 0): (0, 2)
(14, 1, 0, (0, 0, 0), -3): (1, 1)
(14, 1, 0, (0, 0, 0), -2): (0, 2)
(14, 1, 0, (0, 0, 0), -1): (0, 1)
(14, 1, 0, (0, 0, 0), 0): (7, 9)
(14, 1, 0, (0, 1, 0), 0): (2, 2)
(14, 1, 0, (1, 0, 0), -2): (0, 1)
(14, 1, 0, (1, 0, 0), 0): (2, 2)
(14, 1, 0, (1, 1, 0), 0): (1, 1)
(14, 1, 1, (0, 0, 0), -3): (1, 1)
(14, 1, 1, (0, 0, 0), -2): (0, 1)
(14, 1, 1, (0, 0, 0), -1): (0, 1)
(14, 1, 1, (0, 0, 0), 0): (3, 5)
(14, 1, 1, (0, 1, 0), 0): (2, 2)
(14, 1, 1, (1, 0, 0), -3): (1, 1)
(14, 1, 1, (1, 0, 0), -2): (0, 1)
(14, 1, 1, (1, 0, 0), 0): (2, 3)
(14, 1, 1, (1, 1, 0), -3): (1, 1)
(14, 1, 1, (1, 1, 0), -2): (0, 1)
(14, 1, 1, (1, 1, 0), 0): (3, 3)
(14, 1, 1, (1, 1, 1), 0): (1, 1)
(14, 1, 2, (0, 0, 0), -2): (0, 1)
(14, 1, 2, (0, 0, 0), -1): (0, 1)
(14, 1, 2, (0, 0, 0), 0): (2, 3)
(14, 1, 2, (0, 1, 0), 0): (1, 1)
(14, 1, 2, (0, 1, 1), -2): (1, 1)
(14, 1, 2, (1, 0, 0), -1): (0, 1)
(14, 1, 2, (1, 0, 0), 0): (1, 2)
(14, 1, 2, (1, 0, 1), -3): (1, 1)
(14, 1, 2, (1, 1, 0), -2): (0, 1)
(14, 1, 2, (1, 1, 0), 0): (2, 2)
(14, 1, 2, (1, 1, 1), 0): (1, 1)
(15, 0, 0, (0, 0, 0), 0): (2, 7)
(15, 0, 0, (0, 0, 1), 0): (0, 1)
(15, 0, 0, (1, 0, 0), 0): (0, 2)
(15, 0, 0, (1, 0, 1), 0): (0, 1)
(15, 0, 1, (0, 0, 0), 0): (2, 4)
(15, 0, 1, (0, 0, 1), 0): (0, 1)
(15, 0, 1, (0, 1, 1), 0): (0, 1)
(15, 0, 1, (1, 0, 0), 0): (2, 3)
(15, 0, 1, (1, 0, 1), 0): (1, 1)
(15, 0, 1, (1, 1, 1), 0): (0, 1)
(15, 0, 2, (0, 0, 0), 0): (0, 2)
(15, 0, 2, (0, 0, 1), 1): (1, 1)
(15, 0, 2, (0, 1, 0), 0): (1, 2)
(15, 0, 2, (1, 0, 0), 0): (0, 1)
(15, 0, 2, (1, 0, 0), 1): (1, 1)
(15, 0, 2, (1, 0, 1), 0): (1, 1)
(15, 0, 2, (1, 1, 0), 0): (0, 1)
(15, 1, 0, (0, 0, 0), -1): (0, 1)
(15, 1, 0, (0, 0, 0), 0): (5, 6)
(15, 1, 0, (0, 0, 1), 0): (1, 1)
(15, 1, 0, (0, 1, 0), 0): (1, 1)
(15, 1, 0, (0, 1, 1), 0): (1, 1)
(15, 1, 0, (1, 0, 0), 0): (1, 1)
(15, 1, 0, (1, 0, 1), 0): (1, 1)
(15, 1, 0, (1, 1, 1), 0): (1, 1)
(15, 1, 1, (0, 0, 0), -1): (0, 1)
(15, 1, 1, (0, 0, 0), 0): (3, 4)
(15, 1, 1, (0, 0, 1), 0): (1, 1)
(15, 1, 1, (1, 0, 1), 0): (1, 1)
(15, 1, 1, (1, 1, 1), 0): (2, 2)
(15, 1, 2, (0, 0, 0), -1): (0, 1)
(15, 1, 2, (0, 0, 0), 0): (2, 3)
(15, 1, 2, (1, 0, 0), 0): (1, 1)
(15, 1, 2, (1, 1, 1), 0): (1, 1)
(16, 0, 0, (0, 0, 0), 0): (1, 3)
(16, 0, 0, (0, 1, 0), 0): (0, 1)
(16, 0, 0, (1, 0, 0), 0): (1, 1)
(16, 0, 0, (1, 0, 1), 0): (0, 1)
(16, 0, 1, (0, 0, 0), 0): (0, 1)
(16, 0, 1, (0, 0, 0), 2): (1, 1)
(16, 0, 1, (1, 0, 0), 0): (1, 1)
(16, 0, 1, (1, 0, 0), 1): (0, 1)
(16, 0, 2, (0, 0, 0), 0): (0, 1)
(16, 0, 2, (0, 0, 0), 2): (1, 1)
(16, 0, 2, (0, 1, 0), 2): (1, 1)
(16, 0, 2, (1, 0, 0), 1): (0, 1)
(16, 1, 0, (0, 0, 0), -2): (0, 1)
(16, 1, 0, (0, 0, 0), -1): (1, 1)
(16, 1, 0, (0, 0, 0), 0): (1, 1)
(16, 1, 0, (0, 1, 0), -2): (0, 1)
(16, 1, 0, (1, 0, 0), -1): (1, 1)
(16, 1, 0, (1, 0, 1), -2): (0, 1)
(16, 1, 1, (0, 0, 0), 0): (1, 1)
(16, 1, 1, (1, 0, 0), -1): (1, 2)
(16, 1, 1, (1, 0, 1), -1): (0, 1)
(16, 1, 1, (1, 1, 0), 0): (0, 1)
(16, 1, 2, (0, 0, 0), 0): (1, 1)
(16, 1, 2, (1, 0, 0), 0): (1, 1)
(16, 1, 2, (1, 0, 1), 0): (0, 1)
(17, 0, 0, (0, 0, 0), 0): (1, 2)
(17, 0, 1, (0, 0, 0), 0): (1, 2)
(17, 0, 1, (1, 0, 0), 0): (0, 1)
(17, 0, 2, (0, 0, 0), 0): (1, 1)
(17, 0, 2, (1, 0, 0), 0): (0, 1)
(17, 1, 0, (0, 0, 0), 0): (1, 2)
(17, 1, 0, (1, 0, 0), 0): (0, 1)
(17, 1, 1, (0, 0, 0), 0): (1, 1)
(17, 1, 1, (0, 1, 0), 0): (0, 1)
(17, 1, 2, (0, 0, 0), 0): (1, 1)
(17, 1, 2, (0, 1, 0), 0): (0, 1)
(17, 1, 2, (1, 0, 0), 0): (1, 1)
(18, 0, 0, (0, 0, 0), 0): (1, 2)
(18, 0, 0, (1, 0, 0), 0): (0, 1)
(18, 0, 1, (0, 0, 0), 0): (1, 1)
(18, 0, 1, (1, 0, 0), 0): (0, 1)
(18, 0, 2, (0, 0, 0), 0): (1, 1)
(18, 0, 2, (1, 0, 0), 0): (1, 1)
(18, 1, 0, (0, 0, 0), -1): (0, 1)
(18, 1, 0, (0, 0, 0), 0): (1, 1)
(18, 1, 1, (0, 0, 0), -1): (0, 1)
(18, 1, 1, (0, 0, 0), 0): (1, 1)
(18, 1, 1, (0, 1, 0), 0): (1, 1)
(18, 1, 1, (1, 1, 0), 0): (1, 1)
(18, 1, 2, (0, 0, 0), -1): (0, 1)
(18, 1, 2, (1, 1, 0), 0): (1, 1)
(19, 0, 0, (0, 0, 0), 0): (0, 1)
(19, 0, 1, (0, 0, 0), 0): (0, 1)
(19, 0, 2, (0, 0, 0), 0): (0, 1)
(19, 1, 0, (0, 0, 0), 0): (1, 1)
(19, 1, 0, (1, 0, 0), 0): (1, 1)
(19, 1, 0, (1, 1, 0), 0): (1, 1)
(19, 1, 1, (0, 1, 1), 0): (1, 1)
(19, 1, 1, (1, 1, 1), 0): (1, 1)
