"H",1,0,1,-1,11037,5366
"H",1,0,1,-10,5,0
"H",1,0,1,-11,2,0
"H",1,0,1,-12,1,0
"H",1,0,1,-2,5516,2155
"H",1,0,1,-3,2681,764
"H",1,0,1,-4,1184,245
"H",1,0,1,-5,452,55
"H",1,0,1,-6,160,17
"H",1,0,1,-7,57,0
"H",1,0,1,-8,22,0
"H",1,0,1,-9,18,1
"H",1,0,1,0,53199,31816
"H",1,0,1,1,554,400
"H",1,0,1,2,225,179
"H",1,0,1,3,136,116
"H",1,0,1,4,76,69
"H",1,0,1,5,21,21
"H",1,0,1,6,4,3
"H",1,0,1,7,1,1
"H",1,0,2,-1,3502,1867
"H",1,0,2,-10,4,0
"H",1,0,2,-2,1725,766
"H",1,0,2,-3,848,287
"H",1,0,2,-4,376,94
"H",1,0,2,-5,148,25
"H",1,0,2,-6,54,5
"H",1,0,2,-7,19,0
"H",1,0,2,-8,10,0
"H",1,0,2,-9,5,0
"H",1,0,2,0,16314,10456
"H",1,0,2,1,566,417
"H",1,0,2,2,210,165
"H",1,0,2,3,104,89
"H",1,0,2,4,37,31
"H",1,0,2,5,13,12
"H",1,0,2,6,3,2
"H",1,0,3,-1,784,427
"H",1,0,3,-2,350,167
"H",1,0,3,-3,159,47
"H",1,0,3,-4,66,16
"H",1,0,3,-5,25,2
"H",1,0,3,-6,11,4
"H",1,0,3,-7,2,0
"H",1,0,3,-8,4,0
"H",1,0,3,-9,1,0
"H",1,0,3,0,3603,2371
"H",1,0,3,1,460,354
"H",1,0,3,2,188,156
"H",1,0,3,3,71,64
"H",1,0,3,4,25,19
"H",1,0,3,5,7,6
"H",1,0,3,6,2,2
"H",1,0,4,-1,797,488
"H",1,0,4,-10,1,0
"H",1,0,4,-2,463,244
"H",1,0,4,-3,241,108
"H",1,0,4,-4,116,41
"H",1,0,4,-5,43,11
"H",1,0,4,-6,15,3
"H",1,0,4,-7,6,0
"H",1,0,4,-8,2,0
"H",1,0,4,-9,1,0
"H",1,0,4,0,3457,2431
"H",1,0,4,1,443,339
"H",1,0,4,2,178,143
"H",1,0,4,3,60,52
"H",1,0,4,4,21,19
"H",1,0,4,5,5,5
"H",1,0,4,6,2,1
"H",1,0,4,8,1,1
"H",1,0,5,-1,216,121
"H",1,0,5,-11,1,0
"H",1,0,5,-2,87,34
"H",1,0,5,-3,40,15
"H",1,0,5,-4,17,6
"H",1,0,5,-5,8,2
"H",1,0,5,-6,3,1
"H",1,0,5,-7,1,0
"H",1,0,5,0,959,638
"H",1,0,5,1,298,231
"H",1,0,5,2,101,92
"H",1,0,5,3,37,30
"H",1,0,5,4,17,17
"H",1,0,5,5,3,3
"H",1,0,5,6,1,1
"H",1,0,6,-1,348,217
"H",1,0,6,-10,1,0
"H",1,0,6,-2,154,73
"H",1,0,6,-3,61,23
"H",1,0,6,-4,30,8
"H",1,0,6,-5,7,1
"H",1,0,6,-6,3,0
"H",1,0,6,-7,2,0
"H",1,0,6,0,1441,1043
"H",1,0,6,1,414,338
"H",1,0,6,2,157,139
"H",1,0,6,3,45,40
"H",1,0,6,4,16,16
"H",1,0,6,5,5,5
"H",1,0,6,6,2,2
"H",1,0,7,-1,181,122
"H",1,0,7,-10,1,0
"H",1,0,7,-2,92,50
"H",1,0,7,-3,33,12
"H",1,0,7,-4,16,7
"H",1,0,7,-5,6,3
"H",1,0,7,-6,4,1
"H",1,0,7,-7,1,0
"H",1,0,7,0,667,479
"H",1,0,7,1,223,186
"H",1,0,7,2,96,80
"H",1,0,7,3,31,29
"H",1,0,7,4,7,6
"H",1,0,7,5,1,1
"H",1,0,8,-1,203,142
"H",1,0,8,-2,124,69
"H",1,0,8,-3,55,30
"H",1,0,8,-4,34,18
"H",1,0,8,-5,7,3
"H",1,0,8,-6,4,1
"H",1,0,8,-7,2,0
"H",1,0,8,0,801,606
"H",1,0,8,1,266,216
"H",1,0,8,2,108,95
"H",1,0,8,3,41,37
"H",1,0,8,4,12,10
"H",1,0,8,5,2,2
"H",1,0,8,6,1,1
"H",1,1,1,-1,7121,3229
"H",1,1,1,-10,2,0
"H",1,1,1,-11,1,0
"H",1,1,1,-12,1,0
"H",1,1,1,-2,3545,1266
"H",1,1,1,-3,1708,443
"H",1,1,1,-4,753,139
"H",1,1,1,-5,280,28
"H",1,1,1,-6,90,8
"H",1,1,1,-7,34,0
"H",1,1,1,-8,8,0
"H",1,1,1,-9,12,1
"H",1,1,1,0,34453,19638
"H",1,1,1,1,1181,824
"H",1,1,1,2,776,611
"H",1,1,1,3,494,421
"H",1,1,1,4,184,164
"H",1,1,1,5,60,55
"H",1,1,1,6,17,15
"H",1,1,1,7,9,8
"H",1,1,1,9,1,1
"H",1,1,2,-1,3286,1600
"H",1,1,2,-10,1,0
"H",1,1,2,-11,1,0
"H",1,1,2,-2,1800,738
"H",1,1,2,-3,866,264
"H",1,1,2,-4,404,84
"H",1,1,2,-5,136,15
"H",1,1,2,-6,44,2
"H",1,1,2,-7,22,0
"H",1,1,2,-8,4,0
"H",1,1,2,-9,9,1
"H",1,1,2,0,15241,9201
"H",1,1,2,1,1987,1430
"H",1,1,2,2,851,670
"H",1,1,2,3,397,339
"H",1,1,2,4,178,160
"H",1,1,2,5,49,46
"H",1,1,2,6,32,31
"H",1,1,2,7,5,5
"H",1,1,3,-1,1410,682
"H",1,1,3,-10,2,0
"H",1,1,3,-2,561,234
"H",1,1,3,-3,269,81
"H",1,1,3,-4,95,23
"H",1,1,3,-5,49,5
"H",1,1,3,-6,11,1
"H",1,1,3,-7,1,0
"H",1,1,3,-8,3,0
"H",1,1,3,-9,1,0
"H",1,1,3,0,6838,4201
"H",1,1,3,1,1407,1015
"H",1,1,3,2,650,498
"H",1,1,3,3,254,219
"H",1,1,3,4,127,110
"H",1,1,3,5,39,38
"H",1,1,3,6,13,12
"H",1,1,3,7,5,5
"H",1,1,3,8,1,1
"H",1,1,4,-1,1101,567
"H",1,1,4,-10,1,0
"H",1,1,4,-11,1,0
"H",1,1,4,-2,590,279
"H",1,1,4,-3,298,93
"H",1,1,4,-4,132,33
"H",1,1,4,-5,49,5
"H",1,1,4,-6,17,1
"H",1,1,4,-7,8,0
"H",1,1,4,-8,3,0
"H",1,1,4,-9,1,0
"H",1,1,4,0,4756,3048
"H",1,1,4,1,1232,891
"H",1,1,4,11,1,1
"H",1,1,4,2,578,462
"H",1,1,4,3,253,221
"H",1,1,4,4,117,104
"H",1,1,4,5,42,42
"H",1,1,4,6,14,14
"H",1,1,4,7,4,4
"H",1,1,4,8,1,1
"H",1,1,4,9,1,1
"H",1,1,5,-1,560,309
"H",1,1,5,-2,229,92
"H",1,1,5,-3,100,24
"H",1,1,5,-4,47,11
"H",1,1,5,-5,13,4
"H",1,1,5,-6,10,3
"H",1,1,5,-8,2,0
"H",1,1,5,0,2387,1569
"H",1,1,5,1,904,684
"H",1,1,5,11,1,1
"H",1,1,5,2,338,286
"H",1,1,5,3,146,128
"H",1,1,5,4,67,59
"H",1,1,5,5,25,24
"H",1,1,5,6,6,6
"H",1,1,5,7,1,1
"H",1,1,5,8,3,3
"H",1,1,6,-1,611,334
"H",1,1,6,-2,297,148
"H",1,1,6,-3,130,35
"H",1,1,6,-4,59,11
"H",1,1,6,-5,15,2
"H",1,1,6,-6,6,0
"H",1,1,6,-7,5,0
"H",1,1,6,-8,1,0
"H",1,1,6,0,2421,1635
"H",1,1,6,1,1035,782
"H",1,1,6,10,1,1
"H",1,1,6,11,1,1
"H",1,1,6,2,429,345
"H",1,1,6,3,179,163
"H",1,1,6,4,78,69
"H",1,1,6,5,36,33
"H",1,1,6,6,12,12
"H",1,1,6,7,2,2
"H",1,1,6,8,1,1
"H",1,1,6,9,1,1
"H",1,1,7,-1,459,260
"H",1,1,7,-10,1,0
"H",1,1,7,-2,222,109
"H",1,1,7,-3,111,43
"H",1,1,7,-4,49,18
"H",1,1,7,-5,15,3
"H",1,1,7,-6,5,0
"H",1,1,7,-7,2,0
"H",1,1,7,0,1933,1355
"H",1,1,7,1,633,496
"H",1,1,7,2,326,264
"H",1,1,7,3,103,92
"H",1,1,7,4,46,44
"H",1,1,7,5,21,20
"H",1,1,7,6,6,5
"H",1,1,7,7,1,1
"H",1,1,8,-1,357,217
"H",1,1,8,-2,222,110
"H",1,1,8,-3,86,37
"H",1,1,8,-4,48,17
"H",1,1,8,-5,12,0
"H",1,1,8,-6,3,1
"H",1,1,8,-7,6,0
"H",1,1,8,-8,1,0
"H",1,1,8,0,1627,1123
"H",1,1,8,1,715,560
"H",1,1,8,2,335,280
"H",1,1,8,3,154,127
"H",1,1,8,4,65,63
"H",1,1,8,5,17,16
"H",1,1,8,6,6,6
"H",1,1,8,7,3,3
"H",1,1,8,8,1,1
"H",1,1,8,9,1,1
"H",1,2,1,-1,5238,2269
"H",1,2,1,-10,1,0
"H",1,2,1,-12,1,0
"H",1,2,1,-2,2522,816
"H",1,2,1,-3,1226,279
"H",1,2,1,-4,522,79
"H",1,2,1,-5,215,19
"H",1,2,1,-6,66,5
"H",1,2,1,-7,26,0
"H",1,2,1,-8,12,0
"H",1,2,1,-9,7,0
"H",1,2,1,0,25167,13863
"H",1,2,1,1,2452,1645
"H",1,2,1,11,1,1
"H",1,2,1,14,1,1
"H",1,2,1,2,1468,1139
"H",1,2,1,3,760,642
"H",1,2,1,4,308,267
"H",1,2,1,5,111,100
"H",1,2,1,6,34,32
"H",1,2,1,7,16,15
"H",1,2,1,8,5,5
"H",1,2,1,9,3,3
"H",1,2,2,-1,2915,1317
"H",1,2,2,-2,1621,548
"H",1,2,2,-3,769,194
"H",1,2,2,-4,349,66
"H",1,2,2,-5,122,8
"H",1,2,2,-6,49,4
"H",1,2,2,-7,21,0
"H",1,2,2,-8,5,1
"H",1,2,2,-9,6,0
"H",1,2,2,0,13481,7700
"H",1,2,2,1,3221,2157
"H",1,2,2,10,1,1
"H",1,2,2,2,1637,1300
"H",1,2,2,3,774,650
"H",1,2,2,4,343,302
"H",1,2,2,5,112,106
"H",1,2,2,6,49,47
"H",1,2,2,7,22,20
"H",1,2,2,8,9,9
"H",1,2,2,9,5,5
"H",1,2,3,-1,1544,728
"H",1,2,3,-10,1,0
"H",1,2,3,-2,690,253
"H",1,2,3,-3,322,75
"H",1,2,3,-4,117,18
"H",1,2,3,-5,46,7
"H",1,2,3,-6,16,0
"H",1,2,3,-7,6,0
"H",1,2,3,-8,2,0
"H",1,2,3,-9,4,1
"H",1,2,3,0,6778,3962
"H",1,2,3,1,2527,1730
"H",1,2,3,10,1,1
"H",1,2,3,2,1297,989
"H",1,2,3,3,551,461
"H",1,2,3,4,274,247
"H",1,2,3,5,101,95
"H",1,2,3,6,48,43
"H",1,2,3,7,10,10
"H",1,2,3,8,4,4
"H",1,2,3,9,2,2
"H",1,2,4,-1,1146,522
"H",1,2,4,-2,627,256
"H",1,2,4,-3,312,84
"H",1,2,4,-4,122,25
"H",1,2,4,-5,44,7
"H",1,2,4,-6,18,1
"H",1,2,4,-7,6,0
"H",1,2,4,-8,4,0
"H",1,2,4,-9,2,0
"H",1,2,4,0,4896,2886
"H",1,2,4,1,1950,1322
"H",1,2,4,10,3,3
"H",1,2,4,11,1,1
"H",1,2,4,14,1,1
"H",1,2,4,2,1000,792
"H",1,2,4,3,471,409
"H",1,2,4,4,220,196
"H",1,2,4,5,77,72
"H",1,2,4,6,44,42
"H",1,2,4,7,17,17
"H",1,2,4,8,3,3
"H",1,2,4,9,3,3
"H",1,2,5,-1,676,316
"H",1,2,5,-10,1,0
"H",1,2,5,-2,286,102
"H",1,2,5,-3,125,49
"H",1,2,5,-4,45,12
"H",1,2,5,-5,24,4
"H",1,2,5,-6,6,2
"H",1,2,5,-8,1,0
"H",1,2,5,-9,1,0
"H",1,2,5,0,2872,1680
"H",1,2,5,1,1349,964
"H",1,2,5,10,1,1
"H",1,2,5,11,1,1
"H",1,2,5,2,620,470
"H",1,2,5,3,261,218
"H",1,2,5,4,144,133
"H",1,2,5,5,38,34
"H",1,2,5,6,18,16
"H",1,2,5,7,11,11
"H",1,2,5,8,3,3
"H",1,2,5,9,1,1
"H",1,2,6,-1,582,265
"H",1,2,6,-11,1,0
"H",1,2,6,-2,277,110
"H",1,2,6,-3,141,35
"H",1,2,6,-4,55,7
"H",1,2,6,-5,16,1
"H",1,2,6,-6,7,1
"H",1,2,6,-8,1,0
"H",1,2,6,0,2455,1487
"H",1,2,6,1,1256,883
"H",1,2,6,10,2,2
"H",1,2,6,11,1,1
"H",1,2,6,13,1,1
"H",1,2,6,2,584,449
"H",1,2,6,3,270,230
"H",1,2,6,4,122,110
"H",1,2,6,5,39,37
"H",1,2,6,6,23,23
"H",1,2,6,7,9,8
"H",1,2,6,8,4,4
"H",1,2,6,9,1,1
"H",1,2,7,-1,388,190
"H",1,2,7,-10,1,0
"H",1,2,7,-2,169,62
"H",1,2,7,-3,95,19
"H",1,2,7,-4,36,7
"H",1,2,7,-5,16,2
"H",1,2,7,-6,12,1
"H",1,2,7,-7,2,0
"H",1,2,7,0,1342,819
"H",1,2,7,1,768,549
"H",1,2,7,10,1,1
"H",1,2,7,11,1,1
"H",1,2,7,2,419,333
"H",1,2,7,3,173,153
"H",1,2,7,4,71,59
"H",1,2,7,5,42,41
"H",1,2,7,6,17,16
"H",1,2,7,7,3,3
"H",1,2,7,8,2,2
"H",1,2,7,9,1,1
"H",1,2,8,-1,372,171
"H",1,2,8,-10,1,0
"H",1,2,8,-2,224,89
"H",1,2,8,-3,108,31
"H",1,2,8,-4,39,7
"H",1,2,8,-5,14,2
"H",1,2,8,-6,6,2
"H",1,2,8,-7,2,0
"H",1,2,8,-8,2,0
"H",1,2,8,0,1515,935
"H",1,2,8,1,827,600
"H",1,2,8,10,2,2
"H",1,2,8,11,1,1
"H",1,2,8,14,1,1
"H",1,2,8,15,1,1
"H",1,2,8,2,442,356
"H",1,2,8,3,249,217
"H",1,2,8,4,94,86
"H",1,2,8,5,32,32
"H",1,2,8,6,9,9
"H",1,2,8,7,13,13
"H",1,2,8,8,4,4
"H",1,2,8,9,1,1
"H",2,0,1,-1,13242,6053
"H",2,0,1,-10,21,0
"H",2,0,1,-11,9,0
"H",2,0,1,-12,5,0
"H",2,0,1,-13,3,0
"H",2,0,1,-2,6915,2403
"H",2,0,1,-3,3496,875
"H",2,0,1,-4,1615,293
"H",2,0,1,-5,828,115
"H",2,0,1,-6,465,36
"H",2,0,1,-7,220,12
"H",2,0,1,-8,102,5
"H",2,0,1,-9,58,2
"H",2,0,1,0,31539,18341
"H",2,0,1,1,9200,6465
"H",2,0,1,10,6,6
"H",2,0,1,11,3,3
"H",2,0,1,14,1,1
"H",2,0,1,15,1,1
"H",2,0,1,2,4716,3741
"H",2,0,1,3,2185,1885
"H",2,0,1,4,979,886
"H",2,0,1,5,361,340
"H",2,0,1,6,133,130
"H",2,0,1,7,67,64
"H",2,0,1,8,22,22
"H",2,0,1,9,11,11
"H",2,0,2,-1,3660,1876
"H",2,0,2,-10,5,0
"H",2,0,2,-11,2,0
"H",2,0,2,-12,2,0
"H",2,0,2,-13,3,0
"H",2,0,2,-2,1871,709
"H",2,0,2,-3,967,266
"H",2,0,2,-4,460,99
"H",2,0,2,-5,248,44
"H",2,0,2,-6,129,16
"H",2,0,2,-7,64,5
"H",2,0,2,-8,26,0
"H",2,0,2,-9,19,1
"H",2,0,2,0,8646,5343
"H",2,0,2,1,2667,1953
"H",2,0,2,10,1,1
"H",2,0,2,11,3,3
"H",2,0,2,15,1,1
"H",2,0,2,2,1437,1185
"H",2,0,2,3,616,549
"H",2,0,2,4,284,262
"H",2,0,2,5,116,109
"H",2,0,2,6,57,56
"H",2,0,2,7,29,28
"H",2,0,2,8,9,9
"H",2,0,2,9,4,4
"H",2,0,3,-1,864,456
"H",2,0,3,-10,1,0
"H",2,0,3,-2,439,188
"H",2,0,3,-3,223,72
"H",2,0,3,-4,108,22
"H",2,0,3,-5,51,8
"H",2,0,3,-6,38,5
"H",2,0,3,-7,10,0
"H",2,0,3,-8,4,1
"H",2,0,3,-9,4,1
"H",2,0,3,0,1969,1286
"H",2,0,3,1,781,593
"H",2,0,3,2,395,324
"H",2,0,3,3,172,155
"H",2,0,3,4,98,93
"H",2,0,3,5,30,28
"H",2,0,3,6,18,17
"H",2,0,3,7,8,8
"H",2,0,3,8,8,8
"H",2,0,3,9,3,3
"H",2,0,4,-1,827,491
"H",2,0,4,-10,1,0
"H",2,0,4,-2,478,217
"H",2,0,4,-3,239,77
"H",2,0,4,-4,126,29
"H",2,0,4,-5,74,15
"H",2,0,4,-6,37,7
"H",2,0,4,-7,21,4
"H",2,0,4,-8,6,0
"H",2,0,4,-9,6,0
"H",2,0,4,0,1781,1208
"H",2,0,4,1,680,540
"H",2,0,4,10,1,1
"H",2,0,4,2,364,309
"H",2,0,4,3,151,129
"H",2,0,4,4,69,64
"H",2,0,4,5,39,37
"H",2,0,4,6,15,14
"H",2,0,4,7,10,10
"H",2,0,4,8,2,2
"H",2,0,4,9,1,1
"H",2,0,5,-1,212,120
"H",2,0,5,-11,1,0
"H",2,0,5,-2,106,51
"H",2,0,5,-3,53,21
"H",2,0,5,-4,27,3
"H",2,0,5,-5,6,1
"H",2,0,5,-6,4,0
"H",2,0,5,-7,2,0
"H",2,0,5,-8,1,1
"H",2,0,5,0,487,317
"H",2,0,5,1,263,215
"H",2,0,5,10,1,1
"H",2,0,5,2,144,123
"H",2,0,5,3,55,50
"H",2,0,5,4,36,34
"H",2,0,5,5,11,11
"H",2,0,5,6,10,10
"H",2,0,5,7,1,1
"H",2,0,5,8,1,1
"H",2,0,5,9,2,2
"H",2,0,6,-1,323,192
"H",2,0,6,-10,1,0
"H",2,0,6,-12,1,0
"H",2,0,6,-13,1,0
"H",2,0,6,-2,138,65
"H",2,0,6,-3,75,29
"H",2,0,6,-4,36,8
"H",2,0,6,-5,13,4
"H",2,0,6,-6,16,2
"H",2,0,6,-7,5,0
"H",2,0,6,-8,4,0
"H",2,0,6,-9,2,0
"H",2,0,6,0,782,546
"H",2,0,6,1,340,268
"H",2,0,6,11,1,1
"H",2,0,6,2,168,142
"H",2,0,6,3,74,71
"H",2,0,6,4,43,40
"H",2,0,6,5,17,16
"H",2,0,6,6,9,9
"H",2,0,6,7,4,4
"H",2,0,6,8,3,3
"H",2,0,6,9,1,1
"H",2,0,7,-1,177,123
"H",2,0,7,-10,1,0
"H",2,0,7,-2,86,31
"H",2,0,7,-3,48,17
"H",2,0,7,-4,21,5
"H",2,0,7,-5,11,5
"H",2,0,7,-6,4,0
"H",2,0,7,-7,5,0
"H",2,0,7,-8,3,0
"H",2,0,7,-9,1,0
"H",2,0,7,0,406,288
"H",2,0,7,1,205,160
"H",2,0,7,2,95,85
"H",2,0,7,3,46,42
"H",2,0,7,4,33,30
"H",2,0,7,5,12,12
"H",2,0,7,6,3,3
"H",2,0,7,7,2,2
"H",2,0,7,8,2,2
"H",2,0,7,9,1,1
"H",2,0,8,-1,197,129
"H",2,0,8,-2,97,51
"H",2,0,8,-3,53,31
"H",2,0,8,-4,33,11
"H",2,0,8,-5,20,7
"H",2,0,8,-6,10,3
"H",2,0,8,-7,6,2
"H",2,0,8,-8,2,0
"H",2,0,8,0,405,300
"H",2,0,8,1,210,173
"H",2,0,8,11,1,1
"H",2,0,8,12,1,1
"H",2,0,8,2,105,98
"H",2,0,8,3,51,44
"H",2,0,8,4,24,21
"H",2,0,8,5,10,9
"H",2,0,8,6,7,7
"H",2,0,8,7,2,2
"H",2,0,8,8,1,1
"H",2,1,1,-1,8853,3756
"H",2,1,1,-10,16,0
"H",2,1,1,-11,6,0
"H",2,1,1,-12,3,0
"H",2,1,1,-2,4545,1458
"H",2,1,1,-3,2275,508
"H",2,1,1,-4,1027,161
"H",2,1,1,-5,532,65
"H",2,1,1,-6,298,16
"H",2,1,1,-7,141,6
"H",2,1,1,-8,68,2
"H",2,1,1,-9,33,0
"H",2,1,1,0,21007,11646
"H",2,1,1,1,6784,4638
"H",2,1,1,10,6,6
"H",2,1,1,11,2,2
"H",2,1,1,14,1,1
"H",2,1,1,2,3433,2646
"H",2,1,1,3,1677,1418
"H",2,1,1,4,736,661
"H",2,1,1,5,294,276
"H",2,1,1,6,106,104
"H",2,1,1,7,70,67
"H",2,1,1,8,26,26
"H",2,1,1,9,11,11
"H",2,1,2,-1,3841,1738
"H",2,1,2,-10,6,0
"H",2,1,2,-11,4,0
"H",2,1,2,-12,5,0
"H",2,1,2,-13,2,0
"H",2,1,2,-2,2086,743
"H",2,1,2,-3,1050,278
"H",2,1,2,-4,493,94
"H",2,1,2,-5,275,41
"H",2,1,2,-6,137,11
"H",2,1,2,-7,70,1
"H",2,1,2,-8,33,2
"H",2,1,2,-9,17,1
"H",2,1,2,0,9091,5283
"H",2,1,2,1,3456,2466
"H",2,1,2,10,4,4
"H",2,1,2,11,5,5
"H",2,1,2,14,1,1
"H",2,1,2,15,1,1
"H",2,1,2,2,1769,1418
"H",2,1,2,3,875,758
"H",2,1,2,4,425,388
"H",2,1,2,5,205,190
"H",2,1,2,6,90,87
"H",2,1,2,7,47,47
"H",2,1,2,8,18,18
"H",2,1,2,9,11,11
"H",2,1,3,-1,1431,691
"H",2,1,3,-10,2,0
"H",2,1,3,-2,619,215
"H",2,1,3,-3,313,93
"H",2,1,3,-4,143,31
"H",2,1,3,-5,78,15
"H",2,1,3,-6,45,4
"H",2,1,3,-7,15,2
"H",2,1,3,-8,5,1
"H",2,1,3,-9,6,1
"H",2,1,3,0,3513,2167
"H",2,1,3,1,1651,1199
"H",2,1,3,10,3,3
"H",2,1,3,2,982,799
"H",2,1,3,3,488,429
"H",2,1,3,4,275,255
"H",2,1,3,5,104,94
"H",2,1,3,6,57,55
"H",2,1,3,7,26,25
"H",2,1,3,8,14,14
"H",2,1,3,9,6,6
"H",2,1,4,-1,1136,579
"H",2,1,4,-10,2,0
"H",2,1,4,-11,1,0
"H",2,1,4,-12,1,0
"H",2,1,4,-2,664,250
"H",2,1,4,-3,348,106
"H",2,1,4,-4,200,45
"H",2,1,4,-5,104,21
"H",2,1,4,-6,47,8
"H",2,1,4,-7,35,1
"H",2,1,4,-8,9,0
"H",2,1,4,-9,10,0
"H",2,1,4,0,2594,1604
"H",2,1,4,1,1360,1007
"H",2,1,4,10,6,6
"H",2,1,4,11,1,1
"H",2,1,4,12,1,1
"H",2,1,4,13,1,1
"H",2,1,4,14,2,2
"H",2,1,4,2,753,614
"H",2,1,4,3,405,348
"H",2,1,4,4,208,191
"H",2,1,4,5,120,112
"H",2,1,4,6,60,56
"H",2,1,4,7,30,28
"H",2,1,4,8,12,12
"H",2,1,4,9,4,4
"H",2,1,5,-1,533,268
"H",2,1,5,-2,224,97
"H",2,1,5,-3,109,38
"H",2,1,5,-4,56,14
"H",2,1,5,-5,19,1
"H",2,1,5,-6,18,1
"H",2,1,5,-7,2,0
"H",2,1,5,-8,2,1
"H",2,1,5,-9,2,0
"H",2,1,5,0,1210,757
"H",2,1,5,1,741,576
"H",2,1,5,10,3,3
"H",2,1,5,2,386,322
"H",2,1,5,3,202,176
"H",2,1,5,4,101,97
"H",2,1,5,5,67,65
"H",2,1,5,6,36,36
"H",2,1,5,7,9,9
"H",2,1,5,8,10,10
"H",2,1,5,9,4,4
"H",2,1,6,-1,487,263
"H",2,1,6,-11,1,0
"H",2,1,6,-12,2,0
"H",2,1,6,-2,246,98
"H",2,1,6,-3,132,45
"H",2,1,6,-4,61,13
"H",2,1,6,-5,20,4
"H",2,1,6,-6,17,2
"H",2,1,6,-7,8,1
"H",2,1,6,-8,5,1
"H",2,1,6,-9,1,0
"H",2,1,6,0,1256,805
"H",2,1,6,1,727,547
"H",2,1,6,10,3,3
"H",2,1,6,14,1,1
"H",2,1,6,15,1,1
"H",2,1,6,2,389,331
"H",2,1,6,3,212,192
"H",2,1,6,4,128,117
"H",2,1,6,5,63,57
"H",2,1,6,6,27,26
"H",2,1,6,7,17,16
"H",2,1,6,8,11,11
"H",2,1,6,9,4,4
"H",2,1,7,-1,435,247
"H",2,1,7,-10,1,0
"H",2,1,7,-12,1,0
"H",2,1,7,-2,256,114
"H",2,1,7,-3,116,38
"H",2,1,7,-4,39,14
"H",2,1,7,-5,19,3
"H",2,1,7,-6,13,0
"H",2,1,7,-7,4,2
"H",2,1,7,-8,1,0
"H",2,1,7,-9,1,0
"H",2,1,7,0,1049,691
"H",2,1,7,1,558,436
"H",2,1,7,10,2,2
"H",2,1,7,15,1,1
"H",2,1,7,2,327,273
"H",2,1,7,3,184,165
"H",2,1,7,4,98,92
"H",2,1,7,5,53,50
"H",2,1,7,6,21,21
"H",2,1,7,7,13,13
"H",2,1,7,8,5,5
"H",2,1,7,9,3,3
"H",2,1,8,-1,379,226
"H",2,1,8,-2,181,77
"H",2,1,8,-3,103,43
"H",2,1,8,-4,49,14
"H",2,1,8,-5,31,7
"H",2,1,8,-6,12,4
"H",2,1,8,-7,6,1
"H",2,1,8,-8,1,0
"H",2,1,8,-9,1,0
"H",2,1,8,0,829,560
"H",2,1,8,1,516,407
"H",2,1,8,10,1,1
"H",2,1,8,12,1,1
"H",2,1,8,14,1,1
"H",2,1,8,2,267,216
"H",2,1,8,3,179,162
"H",2,1,8,4,113,107
"H",2,1,8,5,60,58
"H",2,1,8,6,25,24
"H",2,1,8,7,14,11
"H",2,1,8,8,9,8
"H",2,1,8,9,1,1
"H",2,2,1,-1,6627,2729
"H",2,2,1,-10,13,0
"H",2,2,1,-11,4,0
"H",2,2,1,-2,3365,1022
"H",2,2,1,-3,1705,335
"H",2,2,1,-4,754,105
"H",2,2,1,-5,378,37
"H",2,2,1,-6,219,11
"H",2,2,1,-7,101,6
"H",2,2,1,-8,48,0
"H",2,2,1,-9,25,0
"H",2,2,1,0,15753,8406
"H",2,2,1,1,5738,3826
"H",2,2,1,10,6,6
"H",2,2,1,11,4,4
"H",2,2,1,2,2999,2306
"H",2,2,1,3,1473,1235
"H",2,2,1,4,700,622
"H",2,2,1,5,335,315
"H",2,2,1,6,159,153
"H",2,2,1,7,98,93
"H",2,2,1,8,43,42
"H",2,2,1,9,14,14
"H",2,2,2,-1,3507,1441
"H",2,2,2,-10,9,0
"H",2,2,2,-11,5,0
"H",2,2,2,-12,2,0
"H",2,2,2,-2,1913,630
"H",2,2,2,-3,971,198
"H",2,2,2,-4,447,71
"H",2,2,2,-5,252,33
"H",2,2,2,-6,139,8
"H",2,2,2,-7,55,3
"H",2,2,2,-8,30,1
"H",2,2,2,-9,13,1
"H",2,2,2,0,8182,4524
"H",2,2,2,1,3628,2486
"H",2,2,2,10,4,4
"H",2,2,2,11,5,5
"H",2,2,2,12,1,1
"H",2,2,2,16,2,2
"H",2,2,2,2,1988,1543
"H",2,2,2,3,1092,928
"H",2,2,2,4,572,517
"H",2,2,2,5,314,288
"H",2,2,2,6,148,143
"H",2,2,2,7,80,77
"H",2,2,2,8,49,48
"H",2,2,2,9,22,22
"H",2,2,3,-1,1632,756
"H",2,2,3,-10,3,0
"H",2,2,3,-11,1,0
"H",2,2,3,-13,1,0
"H",2,2,3,-2,744,242
"H",2,2,3,-3,382,99
"H",2,2,3,-4,171,26
"H",2,2,3,-5,99,10
"H",2,2,3,-6,49,4
"H",2,2,3,-7,19,1
"H",2,2,3,-8,9,0
"H",2,2,3,-9,7,1
"H",2,2,3,0,3810,2221
"H",2,2,3,1,2217,1558
"H",2,2,3,10,7,7
"H",2,2,3,11,3,3
"H",2,2,3,2,1382,1099
"H",2,2,3,3,789,681
"H",2,2,3,4,474,430
"H",2,2,3,5,229,214
"H",2,2,3,6,148,141
"H",2,2,3,7,68,68
"H",2,2,3,8,25,25
"H",2,2,3,9,18,18
"H",2,2,4,-1,1302,587
"H",2,2,4,-10,7,0
"H",2,2,4,-11,2,0
"H",2,2,4,-12,2,0
"H",2,2,4,-2,737,254
"H",2,2,4,-3,395,104
"H",2,2,4,-4,194,36
"H",2,2,4,-5,105,15
"H",2,2,4,-6,55,4
"H",2,2,4,-7,26,1
"H",2,2,4,-8,10,0
"H",2,2,4,-9,10,0
"H",2,2,4,0,2915,1691
"H",2,2,4,1,1755,1215
"H",2,2,4,10,8,8
"H",2,2,4,11,3,3
"H",2,2,4,12,2,2
"H",2,2,4,13,1,1
"H",2,2,4,2,1094,858
"H",2,2,4,3,590,491
"H",2,2,4,4,314,285
"H",2,2,4,5,193,179
"H",2,2,4,6,99,95
"H",2,2,4,7,48,45
"H",2,2,4,8,32,31
"H",2,2,4,9,16,16
"H",2,2,5,-1,634,299
"H",2,2,5,-2,296,96
"H",2,2,5,-3,145,30
"H",2,2,5,-4,74,12
"H",2,2,5,-5,27,2
"H",2,2,5,-6,27,2
"H",2,2,5,-7,4,1
"H",2,2,5,-8,2,0
"H",2,2,5,-9,3,0
"H",2,2,5,0,1480,847
"H",2,2,5,1,931,649
"H",2,2,5,10,2,2
"H",2,2,5,11,2,2
"H",2,2,5,2,557,444
"H",2,2,5,3,355,315
"H",2,2,5,4,231,209
"H",2,2,5,5,100,93
"H",2,2,5,6,63,60
"H",2,2,5,7,24,23
"H",2,2,5,8,19,19
"H",2,2,5,9,7,7
"H",2,2,6,-1,592,266
"H",2,2,6,-2,270,90
"H",2,2,6,-3,168,35
"H",2,2,6,-4,70,15
"H",2,2,6,-5,37,7
"H",2,2,6,-6,21,2
"H",2,2,6,-7,11,0
"H",2,2,6,-8,6,0
"H",2,2,6,-9,2,1
"H",2,2,6,0,1345,782
"H",2,2,6,1,962,670
"H",2,2,6,10,3,3
"H",2,2,6,11,1,1
"H",2,2,6,2,563,453
"H",2,2,6,3,341,296
"H",2,2,6,4,210,190
"H",2,2,6,5,117,110
"H",2,2,6,6,65,60
"H",2,2,6,7,27,26
"H",2,2,6,8,14,13
"H",2,2,6,9,9,9
"H",2,2,7,-1,371,187
"H",2,2,7,-2,209,69
"H",2,2,7,-3,124,33
"H",2,2,7,-4,49,8
"H",2,2,7,-5,25,2
"H",2,2,7,-6,17,0
"H",2,2,7,-7,3,0
"H",2,2,7,-8,2,0
"H",2,2,7,-9,1,0
"H",2,2,7,0,870,494
"H",2,2,7,1,607,441
"H",2,2,7,10,3,3
"H",2,2,7,14,1,1
"H",2,2,7,15,1,1
"H",2,2,7,2,440,375
"H",2,2,7,3,198,173
"H",2,2,7,4,136,128
"H",2,2,7,5,70,66
"H",2,2,7,6,40,38
"H",2,2,7,7,18,17
"H",2,2,7,8,9,9
"H",2,2,7,9,2,2
"H",2,2,8,-1,448,231
"H",2,2,8,-10,4,0
"H",2,2,8,-2,222,80
"H",2,2,8,-3,140,39
"H",2,2,8,-4,54,14
"H",2,2,8,-5,30,6
"H",2,2,8,-6,15,2
"H",2,2,8,-7,7,0
"H",2,2,8,-8,3,0
"H",2,2,8,-9,1,0
"H",2,2,8,0,951,593
"H",2,2,8,1,591,418
"H",2,2,8,10,3,3
"H",2,2,8,12,1,1
"H",2,2,8,14,1,1
"H",2,2,8,2,411,347
"H",2,2,8,3,264,233
"H",2,2,8,4,152,142
"H",2,2,8,5,62,59
"H",2,2,8,6,42,40
"H",2,2,8,7,16,14
"H",2,2,8,8,12,11
"H",2,2,8,9,3,3
"H",3,0,1,-1,12210,5494
"H",3,0,1,-10,53,1
"H",3,0,1,-11,27,0
"H",3,0,1,-12,15,0
"H",3,0,1,-13,6,0
"H",3,0,1,-14,3,0
"H",3,0,1,-15,2,0
"H",3,0,1,-18,1,0
"H",3,0,1,-2,7578,2627
"H",3,0,1,-3,4589,1106
"H",3,0,1,-4,2721,448
"H",3,0,1,-5,1559,184
"H",3,0,1,-6,766,52
"H",3,0,1,-7,394,22
"H",3,0,1,-8,176,3
"H",3,0,1,-9,101,3
"H",3,0,1,0,22137,12933
"H",3,0,1,1,10737,7712
"H",3,0,1,10,25,24
"H",3,0,1,11,12,12
"H",3,0,1,13,1,1
"H",3,0,1,14,2,2
"H",3,0,1,15,2,2
"H",3,0,1,16,1,1
"H",3,0,1,17,1,1
"H",3,0,1,2,5929,4821
"H",3,0,1,3,3136,2740
"H",3,0,1,4,1631,1499
"H",3,0,1,5,901,850
"H",3,0,1,6,487,470
"H",3,0,1,7,225,222
"H",3,0,1,8,113,113
"H",3,0,1,9,50,50
"H",3,0,2,-1,3143,1612
"H",3,0,2,-10,13,0
"H",3,0,2,-11,4,0
"H",3,0,2,-12,2,0
"H",3,0,2,-13,1,0
"H",3,0,2,-15,1,0
"H",3,0,2,-2,1983,783
"H",3,0,2,-3,1244,365
"H",3,0,2,-4,717,148
"H",3,0,2,-5,398,66
"H",3,0,2,-6,194,17
"H",3,0,2,-7,107,10
"H",3,0,2,-8,45,2
"H",3,0,2,-9,27,2
"H",3,0,2,0,5455,3440
"H",3,0,2,1,2947,2236
"H",3,0,2,10,10,9
"H",3,0,2,11,2,2
"H",3,0,2,12,1,1
"H",3,0,2,13,1,1
"H",3,0,2,14,1,1
"H",3,0,2,15,2,2
"H",3,0,2,16,1,1
"H",3,0,2,2,1753,1468
"H",3,0,2,3,950,844
"H",3,0,2,4,539,502
"H",3,0,2,5,281,271
"H",3,0,2,6,151,147
"H",3,0,2,7,68,68
"H",3,0,2,8,33,33
"H",3,0,2,9,18,18
"H",3,0,3,-1,654,352
"H",3,0,3,-10,2,0
"H",3,0,3,-11,2,0
"H",3,0,3,-2,365,159
"H",3,0,3,-3,228,77
"H",3,0,3,-4,124,28
"H",3,0,3,-5,76,16
"H",3,0,3,-6,40,4
"H",3,0,3,-7,17,1
"H",3,0,3,-8,8,0
"H",3,0,3,-9,7,0
"H",3,0,3,0,1142,755
"H",3,0,3,1,715,551
"H",3,0,3,10,5,5
"H",3,0,3,11,1,1
"H",3,0,3,2,489,417
"H",3,0,3,3,329,299
"H",3,0,3,4,176,160
"H",3,0,3,5,91,86
"H",3,0,3,6,46,43
"H",3,0,3,7,18,18
"H",3,0,3,8,6,6
"H",3,0,3,9,9,9
"H",3,0,4,-1,663,405
"H",3,0,4,-10,4,0
"H",3,0,4,-2,448,203
"H",3,0,4,-3,323,128
"H",3,0,4,-4,180,48
"H",3,0,4,-5,95,23
"H",3,0,4,-6,50,6
"H",3,0,4,-7,25,2
"H",3,0,4,-8,9,1
"H",3,0,4,-9,5,0
"H",3,0,4,0,1020,711
"H",3,0,4,1,674,538
"H",3,0,4,10,5,4
"H",3,0,4,11,2,2
"H",3,0,4,15,1,1
"H",3,0,4,2,418,360
"H",3,0,4,3,237,213
"H",3,0,4,4,151,141
"H",3,0,4,5,101,100
"H",3,0,4,6,49,49
"H",3,0,4,7,20,19
"H",3,0,4,8,10,10
"H",3,0,4,9,9,9
"H",3,0,5,-1,169,88
"H",3,0,5,-10,1,0
"H",3,0,5,-2,87,42
"H",3,0,5,-3,68,26
"H",3,0,5,-4,37,10
"H",3,0,5,-5,21,4
"H",3,0,5,-6,7,1
"H",3,0,5,-7,4,0
"H",3,0,5,-8,1,0
"H",3,0,5,-9,2,0
"H",3,0,5,0,314,230
"H",3,0,5,1,222,180
"H",3,0,5,12,1,1
"H",3,0,5,14,1,1
"H",3,0,5,2,182,154
"H",3,0,5,3,108,99
"H",3,0,5,4,71,66
"H",3,0,5,5,35,35
"H",3,0,5,6,18,17
"H",3,0,5,7,10,10
"H",3,0,5,8,4,4
"H",3,0,5,9,1,1
"H",3,0,6,-1,228,129
"H",3,0,6,-10,1,0
"H",3,0,6,-11,1,0
"H",3,0,6,-2,173,93
"H",3,0,6,-3,89,32
"H",3,0,6,-4,56,16
"H",3,0,6,-5,27,6
"H",3,0,6,-6,14,3
"H",3,0,6,-7,8,1
"H",3,0,6,-8,2,0
"H",3,0,6,-9,5,2
"H",3,0,6,0,418,320
"H",3,0,6,1,327,279
"H",3,0,6,11,2,1
"H",3,0,6,2,267,233
"H",3,0,6,3,144,130
"H",3,0,6,4,75,71
"H",3,0,6,5,38,37
"H",3,0,6,6,15,14
"H",3,0,6,7,10,10
"H",3,0,6,8,5,5
"H",3,0,6,9,3,3
"H",3,0,7,-1,134,85
"H",3,0,7,-2,97,52
"H",3,0,7,-3,46,17
"H",3,0,7,-4,35,12
"H",3,0,7,-5,13,4
"H",3,0,7,-6,8,2
"H",3,0,7,-7,4,1
"H",3,0,7,-8,4,0
"H",3,0,7,0,188,139
"H",3,0,7,1,178,152
"H",3,0,7,10,3,3
"H",3,0,7,2,143,126
"H",3,0,7,3,90,85
"H",3,0,7,4,51,51
"H",3,0,7,5,23,22
"H",3,0,7,6,12,12
"H",3,0,7,7,5,5
"H",3,0,7,8,1,1
"H",3,0,7,9,2,2
"H",3,0,8,-1,141,91
"H",3,0,8,-10,1,0
"H",3,0,8,-2,97,61
"H",3,0,8,-3,82,37
"H",3,0,8,-4,58,23
"H",3,0,8,-5,21,6
"H",3,0,8,-6,12,2
"H",3,0,8,-7,7,0
"H",3,0,8,-8,3,1
"H",3,0,8,-9,3,1
"H",3,0,8,0,257,202
"H",3,0,8,1,197,168
"H",3,0,8,10,4,4
"H",3,0,8,11,2,2
"H",3,0,8,2,144,131
"H",3,0,8,3,89,80
"H",3,0,8,4,50,49
"H",3,0,8,5,29,29
"H",3,0,8,6,15,15
"H",3,0,8,7,9,9
"H",3,0,8,8,3,3
"H",3,0,8,9,3,3
"H",3,1,1,-1,8607,3624
"H",3,1,1,-10,37,1
"H",3,1,1,-11,22,0
"H",3,1,1,-12,13,0
"H",3,1,1,-13,5,0
"H",3,1,1,-14,3,0
"H",3,1,1,-15,1,0
"H",3,1,1,-18,1,0
"H",3,1,1,-2,5286,1684
"H",3,1,1,-3,3118,648
"H",3,1,1,-4,1887,265
"H",3,1,1,-5,1081,100
"H",3,1,1,-6,537,31
"H",3,1,1,-7,266,11
"H",3,1,1,-8,128,1
"H",3,1,1,-9,65,1
"H",3,1,1,0,15845,8864
"H",3,1,1,1,7677,5350
"H",3,1,1,10,16,16
"H",3,1,1,11,10,10
"H",3,1,1,15,1,1
"H",3,1,1,17,1,1
"H",3,1,1,18,1,1
"H",3,1,1,2,4206,3342
"H",3,1,1,3,2282,1973
"H",3,1,1,4,1252,1145
"H",3,1,1,5,722,671
"H",3,1,1,6,380,363
"H",3,1,1,7,187,183
"H",3,1,1,8,99,99
"H",3,1,1,9,33,33
"H",3,1,2,-1,3491,1603
"H",3,1,2,-10,18,1
"H",3,1,2,-11,8,0
"H",3,1,2,-12,6,0
"H",3,1,2,-13,2,0
"H",3,1,2,-14,2,0
"H",3,1,2,-15,2,0
"H",3,1,2,-18,1,0
"H",3,1,2,-2,2359,860
"H",3,1,2,-3,1426,359
"H",3,1,2,-4,861,147
"H",3,1,2,-5,476,63
"H",3,1,2,-6,229,18
"H",3,1,2,-7,127,9
"H",3,1,2,-8,54,1
"H",3,1,2,-9,35,0
"H",3,1,2,0,6287,3784
"H",3,1,2,1,3495,2514
"H",3,1,2,10,17,17
"H",3,1,2,11,5,5
"H",3,1,2,12,3,3
"H",3,1,2,13,1,1
"H",3,1,2,14,1,1
"H",3,1,2,15,1,1
"H",3,1,2,18,1,1
"H",3,1,2,2,2188,1774
"H",3,1,2,3,1315,1163
"H",3,1,2,4,674,619
"H",3,1,2,5,421,400
"H",3,1,2,6,189,182
"H",3,1,2,7,107,104
"H",3,1,2,8,52,52
"H",3,1,2,9,28,28
"H",3,1,3,-1,1538,751
"H",3,1,3,-10,6,0
"H",3,1,3,-11,3,0
"H",3,1,3,-12,2,0
"H",3,1,3,-2,721,278
"H",3,1,3,-3,374,96
"H",3,1,3,-4,226,42
"H",3,1,3,-5,132,18
"H",3,1,3,-6,72,5
"H",3,1,3,-7,39,3
"H",3,1,3,-8,17,1
"H",3,1,3,-9,8,0
"H",3,1,3,0,2790,1742
"H",3,1,3,1,1815,1313
"H",3,1,3,10,7,7
"H",3,1,3,11,3,3
"H",3,1,3,12,1,1
"H",3,1,3,16,1,1
"H",3,1,3,2,1136,943
"H",3,1,3,3,677,599
"H",3,1,3,4,422,386
"H",3,1,3,5,218,200
"H",3,1,3,6,106,102
"H",3,1,3,7,59,59
"H",3,1,3,8,28,28
"H",3,1,3,9,15,15
"H",3,1,4,-1,1093,569
"H",3,1,4,-10,4,0
"H",3,1,4,-11,3,0
"H",3,1,4,-12,4,0
"H",3,1,4,-13,1,0
"H",3,1,4,-14,1,0
"H",3,1,4,-15,1,0
"H",3,1,4,-2,760,312
"H",3,1,4,-3,505,154
"H",3,1,4,-4,312,70
"H",3,1,4,-5,187,35
"H",3,1,4,-6,70,10
"H",3,1,4,-7,48,5
"H",3,1,4,-8,16,1
"H",3,1,4,-9,13,0
"H",3,1,4,0,1893,1252
"H",3,1,4,1,1301,971
"H",3,1,4,10,4,4
"H",3,1,4,11,3,3
"H",3,1,4,13,1,1
"H",3,1,4,14,1,1
"H",3,1,4,16,1,1
"H",3,1,4,2,774,640
"H",3,1,4,3,523,463
"H",3,1,4,4,331,310
"H",3,1,4,5,174,168
"H",3,1,4,6,83,82
"H",3,1,4,7,43,43
"H",3,1,4,8,23,23
"H",3,1,4,9,11,11
"H",3,1,5,-1,440,225
"H",3,1,5,-10,1,0
"H",3,1,5,-2,234,104
"H",3,1,5,-3,126,36
"H",3,1,5,-4,66,16
"H",3,1,5,-5,42,6
"H",3,1,5,-6,19,2
"H",3,1,5,-7,14,0
"H",3,1,5,-8,8,0
"H",3,1,5,-9,3,0
"H",3,1,5,0,852,572
"H",3,1,5,1,699,532
"H",3,1,5,10,5,5
"H",3,1,5,11,1,1
"H",3,1,5,12,1,1
"H",3,1,5,13,1,1
"H",3,1,5,2,562,483
"H",3,1,5,3,323,288
"H",3,1,5,4,206,186
"H",3,1,5,5,109,102
"H",3,1,5,6,52,45
"H",3,1,5,7,22,22
"H",3,1,5,8,14,14
"H",3,1,5,9,8,8
"H",3,1,6,-1,520,292
"H",3,1,6,-10,4,0
"H",3,1,6,-11,1,0
"H",3,1,6,-2,297,125
"H",3,1,6,-3,194,60
"H",3,1,6,-4,114,25
"H",3,1,6,-5,36,7
"H",3,1,6,-6,28,1
"H",3,1,6,-7,17,0
"H",3,1,6,-8,5,0
"H",3,1,6,-9,7,0
"H",3,1,6,0,954,665
"H",3,1,6,1,762,601
"H",3,1,6,10,6,6
"H",3,1,6,11,3,2
"H",3,1,6,12,4,4
"H",3,1,6,15,1,1
"H",3,1,6,16,1,1
"H",3,1,6,2,539,463
"H",3,1,6,3,331,300
"H",3,1,6,4,188,175
"H",3,1,6,5,116,109
"H",3,1,6,6,48,45
"H",3,1,6,7,27,27
"H",3,1,6,8,11,11
"H",3,1,6,9,12,12
"H",3,1,7,-1,450,276
"H",3,1,7,-12,1,0
"H",3,1,7,-2,268,137
"H",3,1,7,-3,151,50
"H",3,1,7,-4,60,17
"H",3,1,7,-5,38,7
"H",3,1,7,-6,19,0
"H",3,1,7,-7,5,1
"H",3,1,7,-8,7,0
"H",3,1,7,-9,2,0
"H",3,1,7,0,694,473
"H",3,1,7,1,586,455
"H",3,1,7,10,5,5
"H",3,1,7,11,2,2
"H",3,1,7,12,1,1
"H",3,1,7,14,1,1
"H",3,1,7,18,1,1
"H",3,1,7,2,417,361
"H",3,1,7,3,222,203
"H",3,1,7,4,152,139
"H",3,1,7,5,92,87
"H",3,1,7,6,41,41
"H",3,1,7,7,22,22
"H",3,1,7,8,16,16
"H",3,1,7,9,8,8
"H",3,1,8,-1,329,181
"H",3,1,8,-10,1,0
"H",3,1,8,-11,1,0
"H",3,1,8,-12,1,0
"H",3,1,8,-15,1,0
"H",3,1,8,-2,232,118
"H",3,1,8,-3,146,64
"H",3,1,8,-4,91,30
"H",3,1,8,-5,61,13
"H",3,1,8,-6,25,5
"H",3,1,8,-7,10,3
"H",3,1,8,-8,6,1
"H",3,1,8,-9,4,0
"H",3,1,8,0,654,456
"H",3,1,8,1,518,400
"H",3,1,8,10,6,6
"H",3,1,8,11,3,3
"H",3,1,8,12,1,1
"H",3,1,8,14,1,1
"H",3,1,8,2,379,331
"H",3,1,8,3,252,226
"H",3,1,8,4,142,130
"H",3,1,8,5,93,90
"H",3,1,8,6,41,40
"H",3,1,8,7,24,24
"H",3,1,8,8,11,11
"H",3,1,8,9,4,4
"H",3,2,1,-1,6546,2654
"H",3,2,1,-10,25,0
"H",3,2,1,-11,16,0
"H",3,2,1,-12,7,0
"H",3,2,1,-13,4,0
"H",3,2,1,-14,1,0
"H",3,2,1,-2,3921,1145
"H",3,2,1,-3,2365,457
"H",3,2,1,-4,1410,173
"H",3,2,1,-5,799,61
"H",3,2,1,-6,400,19
"H",3,2,1,-7,189,5
"H",3,2,1,-8,96,1
"H",3,2,1,-9,43,1
"H",3,2,1,0,12048,6447
"H",3,2,1,1,6044,4134
"H",3,2,1,10,26,26
"H",3,2,1,11,14,14
"H",3,2,1,12,7,7
"H",3,2,1,17,1,1
"H",3,2,1,2,3510,2761
"H",3,2,1,3,2134,1815
"H",3,2,1,4,1288,1186
"H",3,2,1,5,688,640
"H",3,2,1,6,388,372
"H",3,2,1,7,159,157
"H",3,2,1,8,92,92
"H",3,2,1,9,37,37
"H",3,2,2,-1,3390,1433
"H",3,2,2,-10,13,1
"H",3,2,2,-11,9,0
"H",3,2,2,-12,4,0
"H",3,2,2,-13,3,0
"H",3,2,2,-14,2,0
"H",3,2,2,-15,1,0
"H",3,2,2,-18,1,0
"H",3,2,2,-2,2299,721
"H",3,2,2,-3,1391,300
"H",3,2,2,-4,860,125
"H",3,2,2,-5,456,34
"H",3,2,2,-6,242,13
"H",3,2,2,-7,125,3
"H",3,2,2,-8,61,1
"H",3,2,2,-9,23,0
"H",3,2,2,0,6241,3533
"H",3,2,2,1,3792,2576
"H",3,2,2,10,17,17
"H",3,2,2,11,8,8
"H",3,2,2,12,6,6
"H",3,2,2,13,3,3
"H",3,2,2,14,1,1
"H",3,2,2,15,1,1
"H",3,2,2,2,2402,1898
"H",3,2,2,3,1588,1362
"H",3,2,2,4,927,848
"H",3,2,2,5,530,503
"H",3,2,2,6,291,276
"H",3,2,2,7,148,143
"H",3,2,2,8,74,74
"H",3,2,2,9,39,39
"H",3,2,3,-1,1772,791
"H",3,2,3,-10,5,0
"H",3,2,3,-11,2,0
"H",3,2,3,-12,1,0
"H",3,2,3,-2,898,288
"H",3,2,3,-3,503,108
"H",3,2,3,-4,276,35
"H",3,2,3,-5,154,18
"H",3,2,3,-6,67,6
"H",3,2,3,-7,44,3
"H",3,2,3,-8,19,0
"H",3,2,3,-9,7,0
"H",3,2,3,0,3237,1851
"H",3,2,3,1,2208,1532
"H",3,2,3,10,16,16
"H",3,2,3,11,10,10
"H",3,2,3,12,5,5
"H",3,2,3,13,3,3
"H",3,2,3,2,1523,1237
"H",3,2,3,3,971,855
"H",3,2,3,4,616,568
"H",3,2,3,5,347,324
"H",3,2,3,6,192,185
"H",3,2,3,7,96,95
"H",3,2,3,8,50,49
"H",3,2,3,9,23,22
"H",3,2,4,-1,1266,596
"H",3,2,4,-10,5,0
"H",3,2,4,-11,1,0
"H",3,2,4,-12,1,0
"H",3,2,4,-2,934,315
"H",3,2,4,-3,580,146
"H",3,2,4,-4,344,63
"H",3,2,4,-5,171,24
"H",3,2,4,-6,89,10
"H",3,2,4,-7,51,2
"H",3,2,4,-8,22,1
"H",3,2,4,-9,8,0
"H",3,2,4,0,2314,1359
"H",3,2,4,1,1617,1159
"H",3,2,4,10,14,14
"H",3,2,4,11,9,9
"H",3,2,4,12,3,3
"H",3,2,4,14,1,1
"H",3,2,4,16,1,1
"H",3,2,4,17,1,1
"H",3,2,4,2,1128,911
"H",3,2,4,3,789,685
"H",3,2,4,4,509,471
"H",3,2,4,5,306,292
"H",3,2,4,6,147,144
"H",3,2,4,7,76,74
"H",3,2,4,8,50,50
"H",3,2,4,9,25,25
"H",3,2,5,-1,731,318
"H",3,2,5,-10,1,0
"H",3,2,5,-11,1,0
"H",3,2,5,-2,371,129
"H",3,2,5,-3,189,38
"H",3,2,5,-4,117,21
"H",3,2,5,-5,64,3
"H",3,2,5,-6,36,1
"H",3,2,5,-7,18,0
"H",3,2,5,-8,9,0
"H",3,2,5,-9,6,1
"H",3,2,5,0,1247,746
"H",3,2,5,1,1040,727
"H",3,2,5,10,6,6
"H",3,2,5,11,4,4
"H",3,2,5,12,2,2
"H",3,2,5,13,1,1
"H",3,2,5,14,1,1
"H",3,2,5,2,732,598
"H",3,2,5,3,474,418
"H",3,2,5,4,293,260
"H",3,2,5,5,164,152
"H",3,2,5,6,77,71
"H",3,2,5,7,42,41
"H",3,2,5,8,17,17
"H",3,2,5,9,15,15
"H",3,2,6,-1,645,293
"H",3,2,6,-11,2,0
"H",3,2,6,-12,1,0
"H",3,2,6,-2,356,124
"H",3,2,6,-3,238,63
"H",3,2,6,-4,145,23
"H",3,2,6,-5,73,6
"H",3,2,6,-6,33,6
"H",3,2,6,-7,13,0
"H",3,2,6,-8,12,0
"H",3,2,6,-9,9,0
"H",3,2,6,0,1111,688
"H",3,2,6,1,957,696
"H",3,2,6,10,3,3
"H",3,2,6,11,5,4
"H",3,2,6,12,2,2
"H",3,2,6,13,2,2
"H",3,2,6,16,1,1
"H",3,2,6,2,706,577
"H",3,2,6,3,428,377
"H",3,2,6,4,264,244
"H",3,2,6,5,144,130
"H",3,2,6,6,74,72
"H",3,2,6,7,51,51
"H",3,2,6,8,24,24
"H",3,2,6,9,22,22
"H",3,2,7,-1,411,209
"H",3,2,7,-10,1,0
"H",3,2,7,-11,1,0
"H",3,2,7,-12,1,0
"H",3,2,7,-14,1,0
"H",3,2,7,-2,225,84
"H",3,2,7,-3,164,49
"H",3,2,7,-4,94,17
"H",3,2,7,-5,45,5
"H",3,2,7,-6,24,1
"H",3,2,7,-7,16,1
"H",3,2,7,-8,6,0
"H",3,2,7,-9,2,0
"H",3,2,7,0,632,386
"H",3,2,7,1,548,406
"H",3,2,7,10,5,5
"H",3,2,7,11,2,2
"H",3,2,7,12,2,2
"H",3,2,7,2,415,333
"H",3,2,7,3,248,214
"H",3,2,7,4,153,143
"H",3,2,7,5,98,94
"H",3,2,7,6,46,44
"H",3,2,7,7,32,32
"H",3,2,7,8,22,21
"H",3,2,7,9,9,9
"H",3,2,8,-1,426,206
"H",3,2,8,-10,1,0
"H",3,2,8,-2,260,110
"H",3,2,8,-3,175,51
"H",3,2,8,-4,102,20
"H",3,2,8,-5,43,8
"H",3,2,8,-6,23,4
"H",3,2,8,-7,12,0
"H",3,2,8,-8,5,0
"H",3,2,8,-9,2,0
"H",3,2,8,0,759,491
"H",3,2,8,1,625,431
"H",3,2,8,10,8,8
"H",3,2,8,11,6,6
"H",3,2,8,12,4,4
"H",3,2,8,13,1,1
"H",3,2,8,2,459,387
"H",3,2,8,3,304,273
"H",3,2,8,4,202,185
"H",3,2,8,5,116,110
"H",3,2,8,6,60,59
"H",3,2,8,7,36,35
"H",3,2,8,8,27,26
"H",3,2,8,9,12,12
"H",4,0,1,-1,11818,5155
"H",4,0,1,-10,105,0
"H",4,0,1,-11,50,1
"H",4,0,1,-12,33,0
"H",4,0,1,-13,17,0
"H",4,0,1,-14,3,0
"H",4,0,1,-15,4,0
"H",4,0,1,-16,1,0
"H",4,0,1,-19,1,0
"H",4,0,1,-2,8102,2588
"H",4,0,1,-3,5215,1113
"H",4,0,1,-4,3156,437
"H",4,0,1,-5,1933,175
"H",4,0,1,-6,1140,73
"H",4,0,1,-7,610,25
"H",4,0,1,-8,365,9
"H",4,0,1,-9,188,2
"H",4,0,1,0,16602,9876
"H",4,0,1,1,10321,7477
"H",4,0,1,10,61,61
"H",4,0,1,11,31,30
"H",4,0,1,12,21,21
"H",4,0,1,13,10,10
"H",4,0,1,15,2,2
"H",4,0,1,17,3,3
"H",4,0,1,2,6808,5650
"H",4,0,1,3,4244,3808
"H",4,0,1,4,2592,2427
"H",4,0,1,5,1477,1416
"H",4,0,1,6,791,770
"H",4,0,1,7,386,384
"H",4,0,1,8,198,196
"H",4,0,1,9,105,105
"H",4,0,2,-1,3275,1609
"H",4,0,2,-10,31,0
"H",4,0,2,-11,9,1
"H",4,0,2,-12,7,0
"H",4,0,2,-13,3,0
"H",4,0,2,-15,1,0
"H",4,0,2,-19,1,0
"H",4,0,2,-2,2243,814
"H",4,0,2,-3,1472,371
"H",4,0,2,-4,889,148
"H",4,0,2,-5,532,60
"H",4,0,2,-6,313,31
"H",4,0,2,-7,151,11
"H",4,0,2,-8,109,5
"H",4,0,2,-9,49,1
"H",4,0,2,0,4662,2973
"H",4,0,2,1,2958,2248
"H",4,0,2,10,21,21
"H",4,0,2,11,12,12
"H",4,0,2,12,6,6
"H",4,0,2,13,5,5
"H",4,0,2,2,1913,1606
"H",4,0,2,3,1241,1135
"H",4,0,2,4,710,670
"H",4,0,2,5,432,417
"H",4,0,2,6,238,232
"H",4,0,2,7,113,112
"H",4,0,2,8,70,70
"H",4,0,2,9,26,26
"H",4,0,3,-1,785,416
"H",4,0,3,-10,4,0
"H",4,0,3,-11,1,0
"H",4,0,3,-12,1,0
"H",4,0,3,-16,1,0
"H",4,0,3,-2,487,199
"H",4,0,3,-3,311,87
"H",4,0,3,-4,189,35
"H",4,0,3,-5,99,13
"H",4,0,3,-6,83,6
"H",4,0,3,-7,34,2
"H",4,0,3,-8,24,1
"H",4,0,3,-9,11,0
"H",4,0,3,0,1110,746
"H",4,0,3,1,819,656
"H",4,0,3,10,6,6
"H",4,0,3,11,2,2
"H",4,0,3,12,1,1
"H",4,0,3,13,1,1
"H",4,0,3,2,499,424
"H",4,0,3,3,333,315
"H",4,0,3,4,200,189
"H",4,0,3,5,144,142
"H",4,0,3,6,76,74
"H",4,0,3,7,38,38
"H",4,0,3,8,27,27
"H",4,0,3,9,12,12
"H",4,0,4,-1,696,417
"H",4,0,4,-10,11,0
"H",4,0,4,-11,7,1
"H",4,0,4,-12,1,0
"H",4,0,4,-15,1,0
"H",4,0,4,-2,563,236
"H",4,0,4,-3,358,103
"H",4,0,4,-4,243,56
"H",4,0,4,-5,140,21
"H",4,0,4,-6,86,10
"H",4,0,4,-7,52,8
"H",4,0,4,-8,28,4
"H",4,0,4,-9,9,0
"H",4,0,4,0,953,660
"H",4,0,4,1,649,517
"H",4,0,4,10,9,9
"H",4,0,4,11,1,1
"H",4,0,4,12,2,2
"H",4,0,4,13,1,1
"H",4,0,4,14,2,2
"H",4,0,4,15,1,1
"H",4,0,4,2,457,403
"H",4,0,4,3,271,261
"H",4,0,4,4,176,167
"H",4,0,4,5,101,99
"H",4,0,4,6,69,69
"H",4,0,4,7,33,33
"H",4,0,4,8,21,21
"H",4,0,4,9,11,11
"H",4,0,5,-1,197,112
"H",4,0,5,-10,2,0
"H",4,0,5,-2,152,57
"H",4,0,5,-3,85,25
"H",4,0,5,-4,40,12
"H",4,0,5,-5,28,2
"H",4,0,5,-6,16,0
"H",4,0,5,-7,10,1
"H",4,0,5,-8,7,0
"H",4,0,5,-9,9,0
"H",4,0,5,0,301,213
"H",4,0,5,1,248,204
"H",4,0,5,10,1,1
"H",4,0,5,11,2,2
"H",4,0,5,12,1,1
"H",4,0,5,2,176,150
"H",4,0,5,3,114,105
"H",4,0,5,4,86,82
"H",4,0,5,5,38,38
"H",4,0,5,6,30,29
"H",4,0,5,7,17,17
"H",4,0,5,8,3,3
"H",4,0,5,9,2,2
"H",4,0,6,-1,335,213
"H",4,0,6,-10,4,1
"H",4,0,6,-2,197,101
"H",4,0,6,-3,123,50
"H",4,0,6,-4,73,21
"H",4,0,6,-5,32,8
"H",4,0,6,-6,24,2
"H",4,0,6,-7,12,1
"H",4,0,6,-8,19,1
"H",4,0,6,-9,5,1
"H",4,0,6,0,443,321
"H",4,0,6,1,370,303
"H",4,0,6,10,1,1
"H",4,0,6,11,1,1
"H",4,0,6,13,2,2
"H",4,0,6,2,220,192
"H",4,0,6,3,135,127
"H",4,0,6,4,91,89
"H",4,0,6,5,58,57
"H",4,0,6,6,27,26
"H",4,0,6,7,21,21
"H",4,0,6,8,16,16
"H",4,0,6,9,7,7
"H",4,0,7,-1,179,110
"H",4,0,7,-2,103,50
"H",4,0,7,-3,79,26
"H",4,0,7,-4,49,11
"H",4,0,7,-5,32,5
"H",4,0,7,-6,16,2
"H",4,0,7,-7,9,1
"H",4,0,7,-8,7,0
"H",4,0,7,-9,4,0
"H",4,0,7,0,249,191
"H",4,0,7,1,211,184
"H",4,0,7,10,1,1
"H",4,0,7,16,1,1
"H",4,0,7,2,95,91
"H",4,0,7,3,87,79
"H",4,0,7,4,34,33
"H",4,0,7,5,35,33
"H",4,0,7,6,22,22
"H",4,0,7,7,7,7
"H",4,0,7,8,10,10
"H",4,0,7,9,5,5
"H",4,0,8,-1,179,122
"H",4,0,8,-10,3,1
"H",4,0,8,-2,105,57
"H",4,0,8,-3,78,35
"H",4,0,8,-4,56,17
"H",4,0,8,-5,35,8
"H",4,0,8,-6,23,2
"H",4,0,8,-7,10,1
"H",4,0,8,-8,5,1
"H",4,0,8,-9,4,0
"H",4,0,8,0,212,173
"H",4,0,8,1,171,151
"H",4,0,8,10,6,6
"H",4,0,8,2,140,132
"H",4,0,8,3,85,80
"H",4,0,8,4,57,55
"H",4,0,8,5,32,30
"H",4,0,8,6,22,22
"H",4,0,8,7,12,12
"H",4,0,8,8,8,8
"H",4,0,8,9,6,6
"H",4,1,1,-1,7944,3194
"H",4,1,1,-10,65,0
"H",4,1,1,-11,40,0
"H",4,1,1,-12,25,0
"H",4,1,1,-13,13,0
"H",4,1,1,-14,3,0
"H",4,1,1,-15,3,0
"H",4,1,1,-2,5415,1563
"H",4,1,1,-3,3465,653
"H",4,1,1,-4,2076,241
"H",4,1,1,-5,1305,100
"H",4,1,1,-6,744,37
"H",4,1,1,-7,421,11
"H",4,1,1,-8,232,3
"H",4,1,1,-9,124,1
"H",4,1,1,0,11216,6326
"H",4,1,1,1,7111,4956
"H",4,1,1,10,54,54
"H",4,1,1,11,24,23
"H",4,1,1,12,19,19
"H",4,1,1,13,6,6
"H",4,1,1,14,1,1
"H",4,1,1,15,3,3
"H",4,1,1,17,3,3
"H",4,1,1,2,4943,4043
"H",4,1,1,3,3044,2685
"H",4,1,1,4,1877,1745
"H",4,1,1,5,1057,1007
"H",4,1,1,6,578,564
"H",4,1,1,7,318,314
"H",4,1,1,8,154,151
"H",4,1,1,9,96,95
"H",4,1,2,-1,3472,1512
"H",4,1,2,-10,37,0
"H",4,1,2,-11,13,0
"H",4,1,2,-12,12,0
"H",4,1,2,-13,6,0
"H",4,1,2,-14,1,0
"H",4,1,2,-15,1,0
"H",4,1,2,-19,1,0
"H",4,1,2,-2,2583,816
"H",4,1,2,-3,1659,361
"H",4,1,2,-4,977,128
"H",4,1,2,-5,603,50
"H",4,1,2,-6,366,25
"H",4,1,2,-7,180,7
"H",4,1,2,-8,102,1
"H",4,1,2,-9,60,0
"H",4,1,2,0,4941,2959
"H",4,1,2,1,3312,2371
"H",4,1,2,10,32,32
"H",4,1,2,11,16,16
"H",4,1,2,12,10,10
"H",4,1,2,13,3,3
"H",4,1,2,14,2,2
"H",4,1,2,15,1,1
"H",4,1,2,17,1,1
"H",4,1,2,2,2344,1946
"H",4,1,2,3,1451,1309
"H",4,1,2,4,867,822
"H",4,1,2,5,569,541
"H",4,1,2,6,331,322
"H",4,1,2,7,194,190
"H",4,1,2,8,92,91
"H",4,1,2,9,62,62
"H",4,1,3,-1,1381,675
"H",4,1,3,-10,10,0
"H",4,1,3,-11,1,0
"H",4,1,3,-12,4,0
"H",4,1,3,-13,2,0
"H",4,1,3,-15,1,0
"H",4,1,3,-16,1,0
"H",4,1,3,-2,771,283
"H",4,1,3,-3,456,125
"H",4,1,3,-4,263,31
"H",4,1,3,-5,166,20
"H",4,1,3,-6,106,8
"H",4,1,3,-7,51,2
"H",4,1,3,-8,37,0
"H",4,1,3,-9,10,0
"H",4,1,3,0,2173,1325
"H",4,1,3,1,1639,1224
"H",4,1,3,10,24,24
"H",4,1,3,11,14,14
"H",4,1,3,12,3,3
"H",4,1,3,13,4,4
"H",4,1,3,14,1,1
"H",4,1,3,15,1,1
"H",4,1,3,16,1,1
"H",4,1,3,17,1,1
"H",4,1,3,2,1169,956
"H",4,1,3,3,793,742
"H",4,1,3,4,532,494
"H",4,1,3,5,325,318
"H",4,1,3,6,200,195
"H",4,1,3,7,89,89
"H",4,1,3,8,44,44
"H",4,1,3,9,20,20
"H",4,1,4,-1,1043,538
"H",4,1,4,-10,7,0
"H",4,1,4,-11,7,0
"H",4,1,4,-12,6,0
"H",4,1,4,-13,4,0
"H",4,1,4,-2,841,294
"H",4,1,4,-3,565,155
"H",4,1,4,-4,341,66
"H",4,1,4,-5,213,29
"H",4,1,4,-6,141,18
"H",4,1,4,-7,81,7
"H",4,1,4,-8,38,0
"H",4,1,4,-9,15,0
"H",4,1,4,0,1572,956
"H",4,1,4,1,1124,862
"H",4,1,4,10,17,17
"H",4,1,4,11,12,12
"H",4,1,4,12,2,2
"H",4,1,4,13,2,2
"H",4,1,4,15,1,1
"H",4,1,4,16,1,1
"H",4,1,4,18,1,1
"H",4,1,4,2,850,729
"H",4,1,4,3,575,528
"H",4,1,4,4,357,341
"H",4,1,4,5,257,251
"H",4,1,4,6,153,151
"H",4,1,4,7,77,77
"H",4,1,4,8,46,46
"H",4,1,4,9,34,34
"H",4,1,5,-1,492,247
"H",4,1,5,-12,1,0
"H",4,1,5,-2,282,113
"H",4,1,5,-3,164,35
"H",4,1,5,-4,97,20
"H",4,1,5,-5,51,4
"H",4,1,5,-6,33,0
"H",4,1,5,-7,17,0
"H",4,1,5,-8,17,1
"H",4,1,5,-9,7,0
"H",4,1,5,0,786,523
"H",4,1,5,1,688,547
"H",4,1,5,10,4,4
"H",4,1,5,11,2,2
"H",4,1,5,12,2,2
"H",4,1,5,13,2,2
"H",4,1,5,2,470,399
"H",4,1,5,3,310,283
"H",4,1,5,4,215,204
"H",4,1,5,5,107,106
"H",4,1,5,6,81,80
"H",4,1,5,7,47,47
"H",4,1,5,8,27,27
"H",4,1,5,9,12,12
"H",4,1,6,-1,545,281
"H",4,1,6,-10,4,0
"H",4,1,6,-11,2,0
"H",4,1,6,-13,1,0
"H",4,1,6,-15,1,0
"H",4,1,6,-18,1,0
"H",4,1,6,-2,385,151
"H",4,1,6,-3,216,57
"H",4,1,6,-4,146,33
"H",4,1,6,-5,77,9
"H",4,1,6,-6,59,3
"H",4,1,6,-7,28,2
"H",4,1,6,-8,19,1
"H",4,1,6,-9,3,0
"H",4,1,6,0,793,536
"H",4,1,6,1,703,545
"H",4,1,6,10,12,12
"H",4,1,6,11,3,3
"H",4,1,6,12,3,3
"H",4,1,6,13,1,1
"H",4,1,6,2,459,406
"H",4,1,6,3,303,286
"H",4,1,6,4,224,215
"H",4,1,6,5,144,141
"H",4,1,6,6,87,86
"H",4,1,6,7,49,48
"H",4,1,6,8,25,25
"H",4,1,6,9,12,12
"H",4,1,7,-1,434,243
"H",4,1,7,-10,1,0
"H",4,1,7,-11,1,0
"H",4,1,7,-12,1,0
"H",4,1,7,-15,1,0
"H",4,1,7,-19,1,0
"H",4,1,7,-2,291,126
"H",4,1,7,-3,156,50
"H",4,1,7,-4,91,15
"H",4,1,7,-5,55,4
"H",4,1,7,-6,38,3
"H",4,1,7,-7,15,0
"H",4,1,7,-8,5,0
"H",4,1,7,-9,1,0
"H",4,1,7,0,632,432
"H",4,1,7,1,501,398
"H",4,1,7,10,6,6
"H",4,1,7,11,3,3
"H",4,1,7,12,2,2
"H",4,1,7,13,1,1
"H",4,1,7,14,1,1
"H",4,1,7,15,1,1
"H",4,1,7,17,1,1
"H",4,1,7,2,363,313
"H",4,1,7,3,256,241
"H",4,1,7,4,171,164
"H",4,1,7,5,122,121
"H",4,1,7,6,70,69
"H",4,1,7,7,28,27
"H",4,1,7,8,27,27
"H",4,1,7,9,13,13
"H",4,1,8,-1,351,214
"H",4,1,8,-11,2,0
"H",4,1,8,-2,231,107
"H",4,1,8,-3,141,47
"H",4,1,8,-4,92,21
"H",4,1,8,-5,65,16
"H",4,1,8,-6,48,10
"H",4,1,8,-7,14,2
"H",4,1,8,-8,8,0
"H",4,1,8,-9,5,0
"H",4,1,8,0,529,359
"H",4,1,8,1,460,363
"H",4,1,8,10,12,12
"H",4,1,8,11,3,3
"H",4,1,8,12,2,2
"H",4,1,8,13,1,1
"H",4,1,8,15,1,1
"H",4,1,8,16,1,1
"H",4,1,8,2,358,317
"H",4,1,8,3,242,232
"H",4,1,8,4,154,149
"H",4,1,8,5,105,102
"H",4,1,8,6,72,71
"H",4,1,8,7,33,32
"H",4,1,8,8,20,20
"H",4,1,8,9,13,13
"H",4,2,1,-1,6015,2245
"H",4,2,1,-10,37,0
"H",4,2,1,-11,33,0
"H",4,2,1,-12,13,0
"H",4,2,1,-13,9,0
"H",4,2,1,-14,2,0
"H",4,2,1,-15,1,0
"H",4,2,1,-2,3946,1039
"H",4,2,1,-3,2575,434
"H",4,2,1,-4,1513,156
"H",4,2,1,-5,969,59
"H",4,2,1,-6,532,22
"H",4,2,1,-7,311,6
"H",4,2,1,-8,171,3
"H",4,2,1,-9,90,1
"H",4,2,1,0,8449,4609
"H",4,2,1,1,5733,3948
"H",4,2,1,10,50,50
"H",4,2,1,11,25,24
"H",4,2,1,12,23,23
"H",4,2,1,13,8,8
"H",4,2,1,14,3,3
"H",4,2,1,15,2,2
"H",4,2,1,17,2,2
"H",4,2,1,18,1,1
"H",4,2,1,2,4114,3320
"H",4,2,1,3,2615,2285
"H",4,2,1,4,1606,1493
"H",4,2,1,5,931,893
"H",4,2,1,6,499,486
"H",4,2,1,7,318,315
"H",4,2,1,8,175,173
"H",4,2,1,9,99,98
"H",4,2,2,-1,3321,1295
"H",4,2,2,-10,36,0
"H",4,2,2,-11,11,0
"H",4,2,2,-12,10,0
"H",4,2,2,-13,5,0
"H",4,2,2,-14,3,0
"H",4,2,2,-15,1,0
"H",4,2,2,-2,2361,673
"H",4,2,2,-3,1476,261
"H",4,2,2,-4,932,86
"H",4,2,2,-5,584,50
"H",4,2,2,-6,341,17
"H",4,2,2,-7,180,5
"H",4,2,2,-8,100,2
"H",4,2,2,-9,70,1
"H",4,2,2,0,4623,2609
"H",4,2,2,1,3452,2431
"H",4,2,2,10,37,37
"H",4,2,2,11,22,22
"H",4,2,2,12,19,19
"H",4,2,2,13,6,6
"H",4,2,2,14,7,7
"H",4,2,2,15,2,2
"H",4,2,2,16,1,1
"H",4,2,2,17,2,2
"H",4,2,2,18,1,1
"H",4,2,2,2,2495,2014
"H",4,2,2,3,1651,1457
"H",4,2,2,4,1079,1010
"H",4,2,2,5,703,675
"H",4,2,2,6,416,404
"H",4,2,2,7,259,258
"H",4,2,2,8,135,134
"H",4,2,2,9,92,92
"H",4,2,3,-1,1570,681
"H",4,2,3,-10,14,0
"H",4,2,3,-11,5,0
"H",4,2,3,-12,5,0
"H",4,2,3,-13,1,0
"H",4,2,3,-15,1,0
"H",4,2,3,-16,1,0
"H",4,2,3,-2,942,279
"H",4,2,3,-3,572,127
"H",4,2,3,-4,328,35
"H",4,2,3,-5,213,22
"H",4,2,3,-6,115,5
"H",4,2,3,-7,68,3
"H",4,2,3,-8,43,0
"H",4,2,3,-9,9,0
"H",4,2,3,0,2360,1377
"H",4,2,3,1,2018,1396
"H",4,2,3,10,37,37
"H",4,2,3,11,18,18
"H",4,2,3,12,5,5
"H",4,2,3,13,4,4
"H",4,2,3,14,5,5
"H",4,2,3,15,1,1
"H",4,2,3,16,1,1
"H",4,2,3,17,3,3
"H",4,2,3,18,1,1
"H",4,2,3,2,1612,1301
"H",4,2,3,3,1127,1018
"H",4,2,3,4,702,659
"H",4,2,3,5,457,435
"H",4,2,3,6,295,290
"H",4,2,3,7,152,151
"H",4,2,3,8,77,77
"H",4,2,3,9,57,57
"H",4,2,4,-1,1214,540
"H",4,2,4,-10,17,0
"H",4,2,4,-11,8,0
"H",4,2,4,-12,6,0
"H",4,2,4,-13,4,0
"H",4,2,4,-2,889,262
"H",4,2,4,-3,561,118
"H",4,2,4,-4,398,43
"H",4,2,4,-5,238,20
"H",4,2,4,-6,137,7
"H",4,2,4,-7,68,2
"H",4,2,4,-8,42,1
"H",4,2,4,-9,24,0
"H",4,2,4,0,1833,1119
"H",4,2,4,1,1598,1131
"H",4,2,4,10,33,33
"H",4,2,4,11,20,20
"H",4,2,4,12,10,10
"H",4,2,4,13,5,5
"H",4,2,4,14,5,5
"H",4,2,4,15,2,2
"H",4,2,4,2,1162,963
"H",4,2,4,3,836,749
"H",4,2,4,4,492,464
"H",4,2,4,5,349,339
"H",4,2,4,6,215,207
"H",4,2,4,7,133,131
"H",4,2,4,8,61,60
"H",4,2,4,9,45,45
"H",4,2,5,-1,667,282
"H",4,2,5,-10,3,0
"H",4,2,5,-11,4,0
"H",4,2,5,-12,1,0
"H",4,2,5,-13,1,0
"H",4,2,5,-2,378,120
"H",4,2,5,-3,246,35
"H",4,2,5,-4,152,19
"H",4,2,5,-5,85,5
"H",4,2,5,-6,36,0
"H",4,2,5,-7,26,1
"H",4,2,5,-8,11,0
"H",4,2,5,-9,10,0
"H",4,2,5,0,968,544
"H",4,2,5,1,818,598
"H",4,2,5,10,14,14
"H",4,2,5,11,8,8
"H",4,2,5,12,8,8
"H",4,2,5,13,3,3
"H",4,2,5,2,619,493
"H",4,2,5,3,419,364
"H",4,2,5,4,309,288
"H",4,2,5,5,217,213
"H",4,2,5,6,149,144
"H",4,2,5,7,76,76
"H",4,2,5,8,55,54
"H",4,2,5,9,19,19
"H",4,2,6,-1,606,281
"H",4,2,6,-10,3,0
"H",4,2,6,-11,1,0
"H",4,2,6,-13,1,0
"H",4,2,6,-18,1,0
"H",4,2,6,-2,409,137
"H",4,2,6,-3,251,45
"H",4,2,6,-4,154,22
"H",4,2,6,-5,90,10
"H",4,2,6,-6,49,4
"H",4,2,6,-7,33,1
"H",4,2,6,-8,13,0
"H",4,2,6,-9,8,0
"H",4,2,6,0,929,561
"H",4,2,6,1,796,586
"H",4,2,6,10,13,13
"H",4,2,6,11,10,10
"H",4,2,6,12,3,3
"H",4,2,6,13,1,1
"H",4,2,6,18,1,1
"H",4,2,6,2,622,498
"H",4,2,6,3,404,366
"H",4,2,6,4,267,250
"H",4,2,6,5,200,194
"H",4,2,6,6,137,135
"H",4,2,6,7,99,98
"H",4,2,6,8,44,43
"H",4,2,6,9,26,26
"H",4,2,7,-1,355,163
"H",4,2,7,-10,3,0
"H",4,2,7,-15,1,0
"H",4,2,7,-2,276,101
"H",4,2,7,-3,146,29
"H",4,2,7,-4,101,13
"H",4,2,7,-5,36,4
"H",4,2,7,-6,35,0
"H",4,2,7,-7,20,1
"H",4,2,7,-8,6,0
"H",4,2,7,-9,8,0
"H",4,2,7,0,593,354
"H",4,2,7,1,488,368
"H",4,2,7,10,7,7
"H",4,2,7,11,4,4
"H",4,2,7,12,4,4
"H",4,2,7,13,2,2
"H",4,2,7,14,2,2
"H",4,2,7,15,1,1
"H",4,2,7,19,1,1
"H",4,2,7,2,370,301
"H",4,2,7,3,275,244
"H",4,2,7,4,203,191
"H",4,2,7,5,131,129
"H",4,2,7,6,70,69
"H",4,2,7,7,48,47
"H",4,2,7,8,26,26
"H",4,2,7,9,16,16
"H",4,2,8,-1,414,208
"H",4,2,8,-10,4,0
"H",4,2,8,-11,3,0
"H",4,2,8,-2,260,82
"H",4,2,8,-3,174,40
"H",4,2,8,-4,106,16
"H",4,2,8,-5,63,8
"H",4,2,8,-6,35,4
"H",4,2,8,-7,23,0
"H",4,2,8,-8,9,0
"H",4,2,8,-9,6,0
"H",4,2,8,0,627,374
"H",4,2,8,1,565,402
"H",4,2,8,10,8,8
"H",4,2,8,11,11,11
"H",4,2,8,12,4,4
"H",4,2,8,13,1,1
"H",4,2,8,2,383,322
"H",4,2,8,3,290,264
"H",4,2,8,4,202,188
"H",4,2,8,5,151,147
"H",4,2,8,6,65,62
"H",4,2,8,7,38,38
"H",4,2,8,8,27,27
"H",4,2,8,9,15,15
"H",5,0,1,-1,10381,4368
"H",5,0,1,-10,133,1
"H",5,0,1,-11,100,0
"H",5,0,1,-12,48,0
"H",5,0,1,-13,39,0
"H",5,0,1,-14,14,0
"H",5,0,1,-15,10,0
"H",5,0,1,-16,6,0
"H",5,0,1,-17,2,0
"H",5,0,1,-18,2,0
"H",5,0,1,-19,1,0
"H",5,0,1,-2,7565,2200
"H",5,0,1,-3,5305,1009
"H",5,0,1,-4,3620,411
"H",5,0,1,-5,2522,178
"H",5,0,1,-6,1479,59
"H",5,0,1,-7,869,29
"H",5,0,1,-8,500,7
"H",5,0,1,-9,271,3
"H",5,0,1,0,13155,7750
"H",5,0,1,1,9996,7443
"H",5,0,1,10,117,117
"H",5,0,1,11,69,69
"H",5,0,1,12,39,39
"H",5,0,1,13,16,16
"H",5,0,1,14,14,14
"H",5,0,1,15,4,4
"H",5,0,1,16,3,3
"H",5,0,1,17,5,5
"H",5,0,1,18,3,3
"H",5,0,1,2,7338,6224
"H",5,0,1,3,4871,4419
"H",5,0,1,4,3066,2926
"H",5,0,1,5,1780,1731
"H",5,0,1,6,1139,1113
"H",5,0,1,7,703,696
"H",5,0,1,8,367,366
"H",5,0,1,9,218,217
"H",5,0,2,-1,2743,1283
"H",5,0,2,-10,38,0
"H",5,0,2,-11,17,0
"H",5,0,2,-12,11,0
"H",5,0,2,-13,7,0
"H",5,0,2,-14,3,0
"H",5,0,2,-15,2,0
"H",5,0,2,-16,1,0
"H",5,0,2,-17,1,0
"H",5,0,2,-18,1,0
"H",5,0,2,-19,1,0
"H",5,0,2,-2,2040,719
"H",5,0,2,-3,1373,314
"H",5,0,2,-4,940,131
"H",5,0,2,-5,701,64
"H",5,0,2,-6,415,23
"H",5,0,2,-7,229,14
"H",5,0,2,-8,135,4
"H",5,0,2,-9,77,0
"H",5,0,2,0,3393,2142
"H",5,0,2,1,2729,2099
"H",5,0,2,10,27,27
"H",5,0,2,11,17,17
"H",5,0,2,12,13,13
"H",5,0,2,13,5,5
"H",5,0,2,14,1,1
"H",5,0,2,15,1,1
"H",5,0,2,16,2,2
"H",5,0,2,17,2,2
"H",5,0,2,18,2,2
"H",5,0,2,2,2074,1792
"H",5,0,2,3,1342,1231
"H",5,0,2,4,927,894
"H",5,0,2,5,533,518
"H",5,0,2,6,359,353
"H",5,0,2,7,217,216
"H",5,0,2,8,120,120
"H",5,0,2,9,70,69
"H",5,0,3,-1,619,330
"H",5,0,3,-10,9,0
"H",5,0,3,-11,6,0
"H",5,0,3,-12,2,0
"H",5,0,3,-13,3,0
"H",5,0,3,-14,1,0
"H",5,0,3,-15,1,0
"H",5,0,3,-2,395,156
"H",5,0,3,-3,312,82
"H",5,0,3,-4,188,38
"H",5,0,3,-5,119,12
"H",5,0,3,-6,71,5
"H",5,0,3,-7,55,6
"H",5,0,3,-8,24,1
"H",5,0,3,-9,11,1
"H",5,0,3,0,807,541
"H",5,0,3,1,591,465
"H",5,0,3,10,6,6
"H",5,0,3,11,5,5
"H",5,0,3,12,6,6
"H",5,0,3,13,3,3
"H",5,0,3,14,1,1
"H",5,0,3,2,528,465
"H",5,0,3,3,402,379
"H",5,0,3,4,274,267
"H",5,0,3,5,167,163
"H",5,0,3,6,103,98
"H",5,0,3,7,64,64
"H",5,0,3,8,37,37
"H",5,0,3,9,18,18
"H",5,0,4,-1,481,276
"H",5,0,4,-10,9,0
"H",5,0,4,-11,6,0
"H",5,0,4,-12,1,0
"H",5,0,4,-13,1,0
"H",5,0,4,-14,2,0
"H",5,0,4,-15,1,0
"H",5,0,4,-17,1,0
"H",5,0,4,-18,1,0
"H",5,0,4,-2,512,227
"H",5,0,4,-3,325,95
"H",5,0,4,-4,225,50
"H",5,0,4,-5,170,22
"H",5,0,4,-6,122,10
"H",5,0,4,-7,57,7
"H",5,0,4,-8,37,1
"H",5,0,4,-9,25,0
"H",5,0,4,0,596,412
"H",5,0,4,1,517,414
"H",5,0,4,10,10,10
"H",5,0,4,11,5,5
"H",5,0,4,12,3,3
"H",5,0,4,13,2,2
"H",5,0,4,14,1,1
"H",5,0,4,16,2,2
"H",5,0,4,18,1,1
"H",5,0,4,2,437,392
"H",5,0,4,3,294,275
"H",5,0,4,4,186,182
"H",5,0,4,5,160,154
"H",5,0,4,6,100,98
"H",5,0,4,7,60,60
"H",5,0,4,8,43,43
"H",5,0,4,9,17,17
"H",5,0,5,-1,164,84
"H",5,0,5,-10,2,0
"H",5,0,5,-11,1,0
"H",5,0,5,-2,117,47
"H",5,0,5,-3,72,24
"H",5,0,5,-4,36,12
"H",5,0,5,-5,39,3
"H",5,0,5,-6,17,2
"H",5,0,5,-7,5,0
"H",5,0,5,-8,8,2
"H",5,0,5,-9,5,0
"H",5,0,5,0,225,155
"H",5,0,5,1,210,183
"H",5,0,5,10,4,4
"H",5,0,5,11,4,4
"H",5,0,5,12,2,2
"H",5,0,5,13,2,2
"H",5,0,5,15,1,1
"H",5,0,5,2,165,140
"H",5,0,5,3,121,113
"H",5,0,5,4,99,93
"H",5,0,5,5,60,60
"H",5,0,5,6,46,45
"H",5,0,5,7,14,14
"H",5,0,5,8,12,12
"H",5,0,5,9,7,7
"H",5,0,6,-1,232,145
"H",5,0,6,-10,3,0
"H",5,0,6,-13,1,0
"H",5,0,6,-2,172,93
"H",5,0,6,-3,97,35
"H",5,0,6,-4,64,20
"H",5,0,6,-5,52,9
"H",5,0,6,-6,25,4
"H",5,0,6,-7,14,2
"H",5,0,6,-8,4,0
"H",5,0,6,-9,2,0
"H",5,0,6,0,292,204
"H",5,0,6,1,273,226
"H",5,0,6,10,5,5
"H",5,0,6,11,1,1
"H",5,0,6,13,2,2
"H",5,0,6,14,1,1
"H",5,0,6,2,235,213
"H",5,0,6,3,164,160
"H",5,0,6,4,128,127
"H",5,0,6,5,87,87
"H",5,0,6,6,57,54
"H",5,0,6,7,32,32
"H",5,0,6,8,13,13
"H",5,0,6,9,7,7
"H",5,0,7,-1,135,75
"H",5,0,7,-12,1,0
"H",5,0,7,-13,1,0
"H",5,0,7,-2,93,44
"H",5,0,7,-3,72,25
"H",5,0,7,-4,40,11
"H",5,0,7,-5,26,2
"H",5,0,7,-6,22,4
"H",5,0,7,-7,13,1
"H",5,0,7,-8,7,1
"H",5,0,7,-9,6,0
"H",5,0,7,0,150,119
"H",5,0,7,1,145,122
"H",5,0,7,10,4,4
"H",5,0,7,11,1,1
"H",5,0,7,14,1,1
"H",5,0,7,2,135,121
"H",5,0,7,3,101,94
"H",5,0,7,4,73,72
"H",5,0,7,5,43,43
"H",5,0,7,6,35,35
"H",5,0,7,7,18,18
"H",5,0,7,8,10,10
"H",5,0,7,9,7,7
"H",5,0,8,-1,129,91
"H",5,0,8,-10,3,0
"H",5,0,8,-11,3,0
"H",5,0,8,-13,1,0
"H",5,0,8,-14,1,0
"H",5,0,8,-17,1,0
"H",5,0,8,-18,1,0
"H",5,0,8,-2,119,73
"H",5,0,8,-3,72,33
"H",5,0,8,-4,44,10
"H",5,0,8,-5,36,8
"H",5,0,8,-6,27,6
"H",5,0,8,-7,19,4
"H",5,0,8,-8,12,0
"H",5,0,8,-9,6,0
"H",5,0,8,0,158,128
"H",5,0,8,1,153,129
"H",5,0,8,10,3,3
"H",5,0,8,11,2,2
"H",5,0,8,12,1,1
"H",5,0,8,14,1,1
"H",5,0,8,2,140,123
"H",5,0,8,3,99,94
"H",5,0,8,4,59,59
"H",5,0,8,5,46,46
"H",5,0,8,6,33,33
"H",5,0,8,7,18,18
"H",5,0,8,8,8,8
"H",5,0,8,9,4,4
"H",5,1,1,-1,7205,2797
"H",5,1,1,-10,84,1
"H",5,1,1,-11,76,0
"H",5,1,1,-12,36,0
"H",5,1,1,-13,28,0
"H",5,1,1,-14,11,0
"H",5,1,1,-15,7,0
"H",5,1,1,-16,5,0
"H",5,1,1,-17,1,0
"H",5,1,1,-18,1,0
"H",5,1,1,-2,5184,1342
"H",5,1,1,-3,3663,605
"H",5,1,1,-4,2535,241
"H",5,1,1,-5,1693,100
"H",5,1,1,-6,982,29
"H",5,1,1,-7,592,11
"H",5,1,1,-8,340,1
"H",5,1,1,-9,180,2
"H",5,1,1,0,9181,5179
"H",5,1,1,1,7033,5124
"H",5,1,1,10,100,100
"H",5,1,1,11,52,52
"H",5,1,1,12,28,28
"H",5,1,1,13,9,9
"H",5,1,1,14,17,17
"H",5,1,1,15,5,5
"H",5,1,1,16,1,1
"H",5,1,1,17,4,4
"H",5,1,1,18,1,1
"H",5,1,1,2,5143,4314
"H",5,1,1,3,3504,3138
"H",5,1,1,4,2147,2031
"H",5,1,1,5,1336,1295
"H",5,1,1,6,827,811
"H",5,1,1,7,540,533
"H",5,1,1,8,263,262
"H",5,1,1,9,150,150
"H",5,1,2,-1,2942,1298
"H",5,1,2,-10,46,0
"H",5,1,2,-11,35,0
"H",5,1,2,-12,15,0
"H",5,1,2,-13,14,0
"H",5,1,2,-14,1,0
"H",5,1,2,-15,2,0
"H",5,1,2,-16,3,0
"H",5,1,2,-2,2323,737
"H",5,1,2,-3,1639,312
"H",5,1,2,-4,1151,126
"H",5,1,2,-5,804,63
"H",5,1,2,-6,460,18
"H",5,1,2,-7,269,7
"H",5,1,2,-8,163,1
"H",5,1,2,-9,78,2
"H",5,1,2,0,3847,2263
"H",5,1,2,1,3087,2324
"H",5,1,2,10,58,58
"H",5,1,2,11,28,28
"H",5,1,2,12,23,23
"H",5,1,2,13,8,8
"H",5,1,2,14,5,5
"H",5,1,2,15,2,2
"H",5,1,2,17,5,5
"H",5,1,2,18,1,1
"H",5,1,2,2,2313,1954
"H",5,1,2,3,1638,1476
"H",5,1,2,4,1136,1077
"H",5,1,2,5,722,705
"H",5,1,2,6,436,432
"H",5,1,2,7,280,277
"H",5,1,2,8,164,163
"H",5,1,2,9,90,89
"H",5,1,3,-1,1361,619
"H",5,1,3,-10,13,0
"H",5,1,3,-11,8,0
"H",5,1,3,-12,5,0
"H",5,1,3,-13,2,0
"H",5,1,3,-14,1,0
"H",5,1,3,-15,1,0
"H",5,1,3,-2,744,230
"H",5,1,3,-3,469,83
"H",5,1,3,-4,314,46
"H",5,1,3,-5,196,19
"H",5,1,3,-6,129,6
"H",5,1,3,-7,77,6
"H",5,1,3,-8,31,1
"H",5,1,3,-9,22,0
"H",5,1,3,0,1846,1205
"H",5,1,3,1,1654,1259
"H",5,1,3,10,33,33
"H",5,1,3,11,14,14
"H",5,1,3,12,9,9
"H",5,1,3,13,1,1
"H",5,1,3,14,2,2
"H",5,1,3,15,1,1
"H",5,1,3,17,1,1
"H",5,1,3,2,1294,1120
"H",5,1,3,3,928,849
"H",5,1,3,4,659,633
"H",5,1,3,5,382,370
"H",5,1,3,6,219,213
"H",5,1,3,7,146,145
"H",5,1,3,8,82,82
"H",5,1,3,9,43,43
"H",5,1,4,-1,880,454
"H",5,1,4,-10,15,0
"H",5,1,4,-11,7,0
"H",5,1,4,-12,5,0
"H",5,1,4,-13,2,0
"H",5,1,4,-14,1,0
"H",5,1,4,-15,1,0
"H",5,1,4,-17,1,0
"H",5,1,4,-2,794,289
"H",5,1,4,-3,573,127
"H",5,1,4,-4,396,65
"H",5,1,4,-5,285,26
"H",5,1,4,-6,184,9
"H",5,1,4,-7,83,2
"H",5,1,4,-8,51,1
"H",5,1,4,-9,32,1
"H",5,1,4,0,1125,725
"H",5,1,4,1,1052,831
"H",5,1,4,10,27,27
"H",5,1,4,11,9,9
"H",5,1,4,12,10,10
"H",5,1,4,13,6,6
"H",5,1,4,14,3,3
"H",5,1,4,15,3,3
"H",5,1,4,17,1,1
"H",5,1,4,2,870,757
"H",5,1,4,3,589,546
"H",5,1,4,4,455,440
"H",5,1,4,5,290,280
"H",5,1,4,6,217,213
"H",5,1,4,7,114,114
"H",5,1,4,8,82,81
"H",5,1,4,9,47,45
"H",5,1,5,-1,475,232
"H",5,1,5,-10,9,0
"H",5,1,5,-11,2,0
"H",5,1,5,-13,1,0
"H",5,1,5,-14,1,0
"H",5,1,5,-2,245,82
"H",5,1,5,-3,164,39
"H",5,1,5,-4,87,17
"H",5,1,5,-5,68,9
"H",5,1,5,-6,30,1
"H",5,1,5,-7,25,2
"H",5,1,5,-8,9,0
"H",5,1,5,-9,7,0
"H",5,1,5,0,623,427
"H",5,1,5,1,547,433
"H",5,1,5,10,9,9
"H",5,1,5,11,8,8
"H",5,1,5,12,7,7
"H",5,1,5,16,1,1
"H",5,1,5,2,479,392
"H",5,1,5,3,364,343
"H",5,1,5,4,286,273
"H",5,1,5,5,165,163
"H",5,1,5,6,114,113
"H",5,1,5,7,60,60
"H",5,1,5,8,34,34
"H",5,1,5,9,15,15
"H",5,1,6,-1,443,242
"H",5,1,6,-10,5,0
"H",5,1,6,-11,1,0
"H",5,1,6,-13,3,0
"H",5,1,6,-16,1,0
"H",5,1,6,-2,308,134
"H",5,1,6,-3,211,54
"H",5,1,6,-4,161,32
"H",5,1,6,-5,93,15
"H",5,1,6,-6,60,5
"H",5,1,6,-7,45,5
"H",5,1,6,-8,20,0
"H",5,1,6,-9,8,0
"H",5,1,6,0,551,361
"H",5,1,6,1,512,419
"H",5,1,6,10,19,19
"H",5,1,6,11,11,11
"H",5,1,6,12,5,5
"H",5,1,6,13,1,1
"H",5,1,6,14,1,1
"H",5,1,6,2,479,414
"H",5,1,6,3,374,351
"H",5,1,6,4,250,238
"H",5,1,6,5,172,170
"H",5,1,6,6,101,97
"H",5,1,6,7,65,64
"H",5,1,6,8,51,50
"H",5,1,6,9,25,25
"H",5,1,7,-1,351,185
"H",5,1,7,-10,3,0
"H",5,1,7,-11,1,0
"H",5,1,7,-12,2,0
"H",5,1,7,-13,1,0
"H",5,1,7,-14,1,0
"H",5,1,7,-2,311,136
"H",5,1,7,-3,141,33
"H",5,1,7,-4,112,31
"H",5,1,7,-5,64,9
"H",5,1,7,-6,41,4
"H",5,1,7,-7,15,0
"H",5,1,7,-8,14,0
"H",5,1,7,-9,14,0
"H",5,1,7,0,471,351
"H",5,1,7,1,428,340
"H",5,1,7,10,10,10
"H",5,1,7,11,12,12
"H",5,1,7,12,2,2
"H",5,1,7,13,1,1
"H",5,1,7,14,1,1
"H",5,1,7,15,1,1
"H",5,1,7,17,1,1
"H",5,1,7,2,412,369
"H",5,1,7,3,269,250
"H",5,1,7,4,207,202
"H",5,1,7,5,148,146
"H",5,1,7,6,81,79
"H",5,1,7,7,56,55
"H",5,1,7,8,34,34
"H",5,1,7,9,17,17
"H",5,1,8,-1,292,168
"H",5,1,8,-10,8,0
"H",5,1,8,-11,3,0
"H",5,1,8,-12,1,0
"H",5,1,8,-13,2,0
"H",5,1,8,-2,229,107
"H",5,1,8,-3,147,45
"H",5,1,8,-4,99,28
"H",5,1,8,-5,62,9
"H",5,1,8,-6,38,3
"H",5,1,8,-7,21,1
"H",5,1,8,-8,15,0
"H",5,1,8,-9,12,1
"H",5,1,8,0,444,319
"H",5,1,8,1,424,350
"H",5,1,8,10,8,8
"H",5,1,8,11,5,5
"H",5,1,8,12,3,3
"H",5,1,8,13,2,2
"H",5,1,8,14,1,1
"H",5,1,8,15,1,1
"H",5,1,8,2,401,357
"H",5,1,8,3,274,257
"H",5,1,8,4,197,191
"H",5,1,8,5,125,124
"H",5,1,8,6,78,76
"H",5,1,8,7,48,48
"H",5,1,8,8,32,32
"H",5,1,8,9,18,18
"H",5,2,1,-1,5577,1998
"H",5,2,1,-10,55,1
"H",5,2,1,-11,48,0
"H",5,2,1,-12,30,0
"H",5,2,1,-13,19,0
"H",5,2,1,-14,10,0
"H",5,2,1,-15,5,0
"H",5,2,1,-16,3,0
"H",5,2,1,-17,1,0
"H",5,2,1,-18,1,0
"H",5,2,1,-19,1,0
"H",5,2,1,-2,3916,888
"H",5,2,1,-3,2792,420
"H",5,2,1,-4,1875,152
"H",5,2,1,-5,1253,51
"H",5,2,1,-6,720,21
"H",5,2,1,-7,440,7
"H",5,2,1,-8,248,1
"H",5,2,1,-9,140,0
"H",5,2,1,0,7105,3859
"H",5,2,1,1,5502,3937
"H",5,2,1,10,81,81
"H",5,2,1,11,52,52
"H",5,2,1,12,26,26
"H",5,2,1,13,14,14
"H",5,2,1,14,12,12
"H",5,2,1,15,6,6
"H",5,2,1,16,1,1
"H",5,2,1,17,1,1
"H",5,2,1,18,1,1
"H",5,2,1,2,4154,3448
"H",5,2,1,3,2903,2565
"H",5,2,1,4,1853,1759
"H",5,2,1,5,1177,1136
"H",5,2,1,6,778,764
"H",5,2,1,7,504,497
"H",5,2,1,8,240,240
"H",5,2,1,9,144,144
"H",5,2,2,-1,2917,1140
"H",5,2,2,-10,41,1
"H",5,2,2,-11,26,0
"H",5,2,2,-12,16,0
"H",5,2,2,-13,12,0
"H",5,2,2,-14,4,0
"H",5,2,2,-15,3,0
"H",5,2,2,-16,2,0
"H",5,2,2,-19,1,0
"H",5,2,2,-2,2208,585
"H",5,2,2,-3,1613,266
"H",5,2,2,-4,1117,101
"H",5,2,2,-5,781,42
"H",5,2,2,-6,436,14
"H",5,2,2,-7,275,6
"H",5,2,2,-8,150,1
"H",5,2,2,-9,79,1
"H",5,2,2,0,3780,2076
"H",5,2,2,1,3058,2208
"H",5,2,2,10,69,69
"H",5,2,2,11,48,48
"H",5,2,2,12,26,26
"H",5,2,2,13,14,14
"H",5,2,2,14,11,11
"H",5,2,2,15,3,3
"H",5,2,2,16,1,1
"H",5,2,2,17,3,3
"H",5,2,2,18,2,2
"H",5,2,2,19,2,2
"H",5,2,2,2,2468,2062
"H",5,2,2,3,1909,1706
"H",5,2,2,4,1271,1197
"H",5,2,2,5,812,791
"H",5,2,2,6,528,521
"H",5,2,2,7,360,349
"H",5,2,2,8,202,200
"H",5,2,2,9,123,123
"H",5,2,3,-1,1562,605
"H",5,2,3,-10,15,0
"H",5,2,3,-11,12,0
"H",5,2,3,-12,7,0
"H",5,2,3,-13,1,0
"H",5,2,3,-15,2,0
"H",5,2,3,-2,920,258
"H",5,2,3,-3,585,109
"H",5,2,3,-4,379,37
"H",5,2,3,-5,271,19
"H",5,2,3,-6,145,8
"H",5,2,3,-7,89,1
"H",5,2,3,-8,43,0
"H",5,2,3,-9,24,0
"H",5,2,3,0,2171,1279
"H",5,2,3,1,1899,1406
"H",5,2,3,10,54,54
"H",5,2,3,11,25,25
"H",5,2,3,12,24,24
"H",5,2,3,13,8,8
"H",5,2,3,14,4,4
"H",5,2,3,15,1,1
"H",5,2,3,16,3,3
"H",5,2,3,17,2,2
"H",5,2,3,18,1,1
"H",5,2,3,2,1543,1300
"H",5,2,3,3,1181,1044
"H",5,2,3,4,850,807
"H",5,2,3,5,560,542
"H",5,2,3,6,384,377
"H",5,2,3,7,258,255
"H",5,2,3,8,140,140
"H",5,2,3,9,83,83
"H",5,2,4,-1,1129,491
"H",5,2,4,-10,13,0
"H",5,2,4,-11,8,0
"H",5,2,4,-12,8,0
"H",5,2,4,-13,2,0
"H",5,2,4,-14,3,0
"H",5,2,4,-15,2,0
"H",5,2,4,-16,1,0
"H",5,2,4,-2,868,271
"H",5,2,4,-3,682,122
"H",5,2,4,-4,445,48
"H",5,2,4,-5,318,28
"H",5,2,4,-6,191,11
"H",5,2,4,-7,115,3
"H",5,2,4,-8,54,0
"H",5,2,4,-9,41,1
"H",5,2,4,0,1574,914
"H",5,2,4,1,1330,967
"H",5,2,4,10,50,50
"H",5,2,4,11,23,23
"H",5,2,4,12,14,14
"H",5,2,4,13,9,9
"H",5,2,4,14,5,5
"H",5,2,4,15,2,2
"H",5,2,4,16,1,1
"H",5,2,4,17,1,1
"H",5,2,4,18,1,1
"H",5,2,4,19,1,1
"H",5,2,4,2,1105,922
"H",5,2,4,3,867,777
"H",5,2,4,4,623,595
"H",5,2,4,5,409,398
"H",5,2,4,6,277,273
"H",5,2,4,7,187,185
"H",5,2,4,8,113,113
"H",5,2,4,9,66,66
"H",5,2,5,-1,639,264
"H",5,2,5,-10,11,0
"H",5,2,5,-11,4,0
"H",5,2,5,-12,3,0
"H",5,2,5,-14,3,0
"H",5,2,5,-2,319,93
"H",5,2,5,-3,233,37
"H",5,2,5,-4,153,15
"H",5,2,5,-5,84,5
"H",5,2,5,-6,58,2
"H",5,2,5,-7,39,2
"H",5,2,5,-8,21,0
"H",5,2,5,-9,8,0
"H",5,2,5,0,832,489
"H",5,2,5,1,758,554
"H",5,2,5,10,26,26
"H",5,2,5,11,18,18
"H",5,2,5,12,6,6
"H",5,2,5,13,4,4
"H",5,2,5,14,1,1
"H",5,2,5,15,2,2
"H",5,2,5,16,3,3
"H",5,2,5,18,1,1
"H",5,2,5,2,637,513
"H",5,2,5,3,493,453
"H",5,2,5,4,358,341
"H",5,2,5,5,255,243
"H",5,2,5,6,179,175
"H",5,2,5,7,103,99
"H",5,2,5,8,62,62
"H",5,2,5,9,45,45
"H",5,2,6,-1,588,267
"H",5,2,6,-10,9,0
"H",5,2,6,-11,3,0
"H",5,2,6,-13,2,0
"H",5,2,6,-2,385,112
"H",5,2,6,-3,281,55
"H",5,2,6,-4,196,26
"H",5,2,6,-5,113,6
"H",5,2,6,-6,64,4
"H",5,2,6,-7,49,1
"H",5,2,6,-8,26,0
"H",5,2,6,-9,13,0
"H",5,2,6,0,724,416
"H",5,2,6,1,679,500
"H",5,2,6,10,26,26
"H",5,2,6,11,14,14
"H",5,2,6,12,9,9
"H",5,2,6,13,3,3
"H",5,2,6,14,1,1
"H",5,2,6,17,1,1
"H",5,2,6,18,1,1
"H",5,2,6,2,594,488
"H",5,2,6,3,484,438
"H",5,2,6,4,350,338
"H",5,2,6,5,224,220
"H",5,2,6,6,159,156
"H",5,2,6,7,94,93
"H",5,2,6,8,55,53
"H",5,2,6,9,42,42
"H",5,2,7,-1,368,185
"H",5,2,7,-10,8,0
"H",5,2,7,-11,3,0
"H",5,2,7,-12,3,0
"H",5,2,7,-13,1,0
"H",5,2,7,-14,1,0
"H",5,2,7,-19,1,0
"H",5,2,7,-2,270,94
"H",5,2,7,-3,171,35
"H",5,2,7,-4,113,20
"H",5,2,7,-5,76,5
"H",5,2,7,-6,55,6
"H",5,2,7,-7,16,0
"H",5,2,7,-8,22,1
"H",5,2,7,-9,8,0
"H",5,2,7,0,427,272
"H",5,2,7,1,445,337
"H",5,2,7,10,12,12
"H",5,2,7,11,6,6
"H",5,2,7,12,6,6
"H",5,2,7,13,1,1
"H",5,2,7,14,1,1
"H",5,2,7,15,2,2
"H",5,2,7,2,365,314
"H",5,2,7,3,295,264
"H",5,2,7,4,198,190
"H",5,2,7,5,157,150
"H",5,2,7,6,116,116
"H",5,2,7,7,50,49
"H",5,2,7,8,44,44
"H",5,2,7,9,18,18
"H",5,2,8,-1,330,169
"H",5,2,8,-10,4,0
"H",5,2,8,-11,2,0
"H",5,2,8,-12,1,0
"H",5,2,8,-14,1,0
"H",5,2,8,-2,284,105
"H",5,2,8,-3,207,43
"H",5,2,8,-4,122,23
"H",5,2,8,-5,68,3
"H",5,2,8,-6,54,5
"H",5,2,8,-7,22,0
"H",5,2,8,-8,15,0
"H",5,2,8,-9,8,0
"H",5,2,8,0,527,337
"H",5,2,8,1,489,374
"H",5,2,8,10,13,13
"H",5,2,8,11,8,8
"H",5,2,8,12,6,6
"H",5,2,8,13,1,1
"H",5,2,8,14,1,1
"H",5,2,8,15,2,2
"H",5,2,8,2,472,406
"H",5,2,8,3,342,306
"H",5,2,8,4,252,242
"H",5,2,8,5,150,146
"H",5,2,8,6,107,106
"H",5,2,8,7,65,65
"H",5,2,8,8,49,49
"H",5,2,8,9,24,24
"H",6,0,1,-1,9477,3864
"H",6,0,1,-10,232,0
"H",6,0,1,-11,144,1
"H",6,0,1,-12,102,1
"H",6,0,1,-13,54,0
"H",6,0,1,-14,26,0
"H",6,0,1,-15,14,0
"H",6,0,1,-16,10,0
"H",6,0,1,-17,14,0
"H",6,0,1,-18,4,0
"H",6,0,1,-19,2,0
"H",6,0,1,-2,7529,1970
"H",6,0,1,-21,1,0
"H",6,0,1,-3,5618,910
"H",6,0,1,-4,3943,355
"H",6,0,1,-5,2748,159
"H",6,0,1,-6,1750,47
"H",6,0,1,-7,1071,17
"H",6,0,1,-8,647,7
"H",6,0,1,-9,378,2
"H",6,0,1,0,11135,6697
"H",6,0,1,1,9142,7126
"H",6,0,1,10,185,185
"H",6,0,1,11,116,116
"H",6,0,1,12,77,77
"H",6,0,1,13,28,28
"H",6,0,1,14,23,23
"H",6,0,1,15,15,15
"H",6,0,1,16,7,7
"H",6,0,1,17,6,6
"H",6,0,1,18,2,2
"H",6,0,1,19,2,2
"H",6,0,1,2,7116,6211
"H",6,0,1,3,5148,4781
"H",6,0,1,4,3507,3382
"H",6,0,1,5,2281,2234
"H",6,0,1,6,1478,1469
"H",6,0,1,7,978,969
"H",6,0,1,8,538,537
"H",6,0,1,9,331,331
"H",6,0,2,-1,2594,1250
"H",6,0,2,-10,51,0
"H",6,0,2,-11,32,1
"H",6,0,2,-12,23,0
"H",6,0,2,-13,14,0
"H",6,0,2,-14,5,0
"H",6,0,2,-16,1,0
"H",6,0,2,-17,5,0
"H",6,0,2,-18,1,0
"H",6,0,2,-2,2081,638
"H",6,0,2,-21,1,0
"H",6,0,2,-3,1550,335
"H",6,0,2,-4,1110,150
"H",6,0,2,-5,773,68
"H",6,0,2,-6,475,17
"H",6,0,2,-7,296,8
"H",6,0,2,-8,193,3
"H",6,0,2,-9,83,0
"H",6,0,2,0,3031,1971
"H",6,0,2,1,2472,2005
"H",6,0,2,10,51,51
"H",6,0,2,11,45,45
"H",6,0,2,12,27,27
"H",6,0,2,13,8,8
"H",6,0,2,14,7,7
"H",6,0,2,15,2,2
"H",6,0,2,16,2,2
"H",6,0,2,17,3,3
"H",6,0,2,18,1,1
"H",6,0,2,19,1,1
"H",6,0,2,2,2029,1802
"H",6,0,2,3,1495,1403
"H",6,0,2,4,1002,976
"H",6,0,2,5,656,647
"H",6,0,2,6,476,470
"H",6,0,2,7,275,272
"H",6,0,2,8,178,177
"H",6,0,2,9,115,115
"H",6,0,3,-1,602,301
"H",6,0,3,-10,11,0
"H",6,0,3,-11,10,0
"H",6,0,3,-12,6,0
"H",6,0,3,-13,3,0
"H",6,0,3,-14,2,0
"H",6,0,3,-15,2,0
"H",6,0,3,-16,1,0
"H",6,0,3,-17,1,0
"H",6,0,3,-18,1,0
"H",6,0,3,-2,427,163
"H",6,0,3,-3,329,71
"H",6,0,3,-4,207,22
"H",6,0,3,-5,147,5
"H",6,0,3,-6,115,6
"H",6,0,3,-7,61,0
"H",6,0,3,-8,43,0
"H",6,0,3,-9,22,1
"H",6,0,3,0,696,487
"H",6,0,3,1,652,533
"H",6,0,3,10,18,18
"H",6,0,3,11,17,17
"H",6,0,3,12,11,11
"H",6,0,3,13,4,4
"H",6,0,3,14,2,2
"H",6,0,3,16,1,1
"H",6,0,3,2,566,509
"H",6,0,3,3,422,401
"H",6,0,3,4,239,232
"H",6,0,3,5,166,163
"H",6,0,3,6,118,117
"H",6,0,3,7,68,67
"H",6,0,3,8,54,54
"H",6,0,3,9,31,31
"H",6,0,4,-1,511,304
"H",6,0,4,-10,17,0
"H",6,0,4,-11,13,0
"H",6,0,4,-12,15,0
"H",6,0,4,-13,1,0
"H",6,0,4,-14,1,0
"H",6,0,4,-16,1,0
"H",6,0,4,-2,537,214
"H",6,0,4,-3,420,136
"H",6,0,4,-4,298,58
"H",6,0,4,-5,189,23
"H",6,0,4,-6,125,9
"H",6,0,4,-7,76,0
"H",6,0,4,-8,55,0
"H",6,0,4,-9,24,0
"H",6,0,4,0,555,400
"H",6,0,4,1,483,409
"H",6,0,4,10,14,14
"H",6,0,4,11,11,11
"H",6,0,4,12,10,10
"H",6,0,4,15,1,1
"H",6,0,4,2,432,388
"H",6,0,4,3,298,286
"H",6,0,4,4,250,247
"H",6,0,4,5,147,144
"H",6,0,4,6,101,100
"H",6,0,4,7,70,70
"H",6,0,4,8,56,56
"H",6,0,4,9,33,33
"H",6,0,5,-1,156,96
"H",6,0,5,-10,8,0
"H",6,0,5,-11,2,0
"H",6,0,5,-12,2,1
"H",6,0,5,-17,1,0
"H",6,0,5,-2,115,50
"H",6,0,5,-3,80,21
"H",6,0,5,-4,63,15
"H",6,0,5,-5,38,3
"H",6,0,5,-6,30,2
"H",6,0,5,-7,21,0
"H",6,0,5,-8,6,0
"H",6,0,5,-9,7,0
"H",6,0,5,0,145,110
"H",6,0,5,1,202,174
"H",6,0,5,10,6,6
"H",6,0,5,11,5,5
"H",6,0,5,12,5,5
"H",6,0,5,14,1,1
"H",6,0,5,2,184,172
"H",6,0,5,3,129,123
"H",6,0,5,4,86,86
"H",6,0,5,5,65,61
"H",6,0,5,6,42,42
"H",6,0,5,7,30,30
"H",6,0,5,8,26,26
"H",6,0,5,9,16,16
"H",6,0,6,-1,246,161
"H",6,0,6,-10,10,0
"H",6,0,6,-11,6,0
"H",6,0,6,-13,1,0
"H",6,0,6,-16,1,0
"H",6,0,6,-17,2,0
"H",6,0,6,-2,189,92
"H",6,0,6,-3,133,35
"H",6,0,6,-4,95,16
"H",6,0,6,-5,69,6
"H",6,0,6,-6,40,1
"H",6,0,6,-7,19,0
"H",6,0,6,-8,17,0
"H",6,0,6,-9,9,0
"H",6,0,6,0,269,198
"H",6,0,6,1,232,199
"H",6,0,6,10,13,13
"H",6,0,6,11,11,11
"H",6,0,6,12,4,4
"H",6,0,6,14,1,1
"H",6,0,6,2,212,193
"H",6,0,6,3,127,120
"H",6,0,6,4,101,99
"H",6,0,6,5,66,66
"H",6,0,6,6,65,65
"H",6,0,6,7,31,30
"H",6,0,6,8,28,28
"H",6,0,6,9,13,13
"H",6,0,7,-1,117,70
"H",6,0,7,-10,4,0
"H",6,0,7,-11,2,0
"H",6,0,7,-12,2,0
"H",6,0,7,-2,104,48
"H",6,0,7,-3,91,36
"H",6,0,7,-4,51,15
"H",6,0,7,-5,49,12
"H",6,0,7,-6,23,1
"H",6,0,7,-7,13,0
"H",6,0,7,-8,14,1
"H",6,0,7,-9,4,1
"H",6,0,7,0,127,110
"H",6,0,7,1,128,110
"H",6,0,7,10,3,3
"H",6,0,7,11,4,4
"H",6,0,7,12,5,5
"H",6,0,7,13,2,2
"H",6,0,7,2,105,101
"H",6,0,7,3,82,78
"H",6,0,7,4,50,49
"H",6,0,7,5,41,40
"H",6,0,7,6,37,37
"H",6,0,7,7,20,20
"H",6,0,7,8,15,15
"H",6,0,7,9,16,16
"H",6,0,8,-1,122,90
"H",6,0,8,-10,5,0
"H",6,0,8,-11,2,0
"H",6,0,8,-2,118,58
"H",6,0,8,-3,80,39
"H",6,0,8,-4,61,20
"H",6,0,8,-5,36,10
"H",6,0,8,-6,26,1
"H",6,0,8,-7,12,0
"H",6,0,8,-8,12,0
"H",6,0,8,-9,2,0
"H",6,0,8,0,164,126
"H",6,0,8,1,150,136
"H",6,0,8,10,4,4
"H",6,0,8,11,4,4
"H",6,0,8,12,2,2
"H",6,0,8,2,126,122
"H",6,0,8,3,93,92
"H",6,0,8,4,77,76
"H",6,0,8,5,42,42
"H",6,0,8,6,35,35
"H",6,0,8,7,20,20
"H",6,0,8,8,17,17
"H",6,0,8,9,11,11
"H",6,1,1,-1,6506,2386
"H",6,1,1,-10,168,0
"H",6,1,1,-11,101,0
"H",6,1,1,-12,70,0
"H",6,1,1,-13,37,0
"H",6,1,1,-14,21,0
"H",6,1,1,-15,13,0
"H",6,1,1,-16,8,0
"H",6,1,1,-17,8,0
"H",6,1,1,-18,2,0
"H",6,1,1,-19,2,0
"H",6,1,1,-2,5111,1166
"H",6,1,1,-3,3783,504
"H",6,1,1,-4,2642,176
"H",6,1,1,-5,1828,85
"H",6,1,1,-6,1171,22
"H",6,1,1,-7,714,10
"H",6,1,1,-8,410,4
"H",6,1,1,-9,263,1
"H",6,1,1,0,7711,4362
"H",6,1,1,1,6342,4824
"H",6,1,1,10,148,148
"H",6,1,1,11,71,71
"H",6,1,1,12,59,59
"H",6,1,1,13,22,22
"H",6,1,1,14,18,18
"H",6,1,1,15,11,11
"H",6,1,1,16,6,6
"H",6,1,1,17,5,5
"H",6,1,1,18,1,1
"H",6,1,1,19,1,1
"H",6,1,1,2,4877,4196
"H",6,1,1,3,3567,3288
"H",6,1,1,4,2529,2431
"H",6,1,1,5,1667,1630
"H",6,1,1,6,1038,1032
"H",6,1,1,7,729,724
"H",6,1,1,8,404,404
"H",6,1,1,9,232,232
"H",6,1,2,-1,2857,1230
"H",6,1,2,-10,60,0
"H",6,1,2,-11,40,0
"H",6,1,2,-12,23,0
"H",6,1,2,-13,18,0
"H",6,1,2,-14,8,0
"H",6,1,2,-15,1,0
"H",6,1,2,-16,5,0
"H",6,1,2,-17,6,0
"H",6,1,2,-18,1,0
"H",6,1,2,-2,2383,648
"H",6,1,2,-21,1,0
"H",6,1,2,-3,1826,287
"H",6,1,2,-4,1321,117
"H",6,1,2,-5,883,50
"H",6,1,2,-6,577,18
"H",6,1,2,-7,358,8
"H",6,1,2,-8,208,1
"H",6,1,2,-9,96,0
"H",6,1,2,0,3329,1998
"H",6,1,2,1,2797,2204
"H",6,1,2,10,80,80
"H",6,1,2,11,43,43
"H",6,1,2,12,39,39
"H",6,1,2,13,15,15
"H",6,1,2,14,11,11
"H",6,1,2,15,8,8
"H",6,1,2,16,6,6
"H",6,1,2,17,5,5
"H",6,1,2,18,1,1
"H",6,1,2,19,1,1
"H",6,1,2,2,2243,1949
"H",6,1,2,3,1754,1638
"H",6,1,2,4,1225,1180
"H",6,1,2,5,792,779
"H",6,1,2,6,541,536
"H",6,1,2,7,387,383
"H",6,1,2,8,229,229
"H",6,1,2,9,154,154
"H",6,1,3,-1,1367,609
"H",6,1,3,-10,24,0
"H",6,1,3,-11,13,0
"H",6,1,3,-12,3,0
"H",6,1,3,-13,4,0
"H",6,1,3,-14,4,0
"H",6,1,3,-15,3,0
"H",6,1,3,-16,1,0
"H",6,1,3,-2,727,223
"H",6,1,3,-3,530,83
"H",6,1,3,-4,373,36
"H",6,1,3,-5,270,17
"H",6,1,3,-6,173,9
"H",6,1,3,-7,90,1
"H",6,1,3,-8,60,1
"H",6,1,3,-9,38,0
"H",6,1,3,0,1745,1089
"H",6,1,3,1,1522,1214
"H",6,1,3,10,45,45
"H",6,1,3,11,26,26
"H",6,1,3,12,16,16
"H",6,1,3,13,12,12
"H",6,1,3,14,7,7
"H",6,1,3,15,2,2
"H",6,1,3,17,2,2
"H",6,1,3,19,1,1
"H",6,1,3,2,1264,1125
"H",6,1,3,3,1003,944
"H",6,1,3,4,639,619
"H",6,1,3,5,465,455
"H",6,1,3,6,313,311
"H",6,1,3,7,189,188
"H",6,1,3,8,120,119
"H",6,1,3,9,72,72
"H",6,1,4,-1,968,508
"H",6,1,4,-10,27,0
"H",6,1,4,-11,17,0
"H",6,1,4,-12,14,0
"H",6,1,4,-13,4,0
"H",6,1,4,-14,3,0
"H",6,1,4,-15,4,0
"H",6,1,4,-16,2,0
"H",6,1,4,-17,2,0
"H",6,1,4,-2,780,256
"H",6,1,4,-3,599,118
"H",6,1,4,-4,484,70
"H",6,1,4,-5,314,19
"H",6,1,4,-6,222,11
"H",6,1,4,-7,115,2
"H",6,1,4,-8,74,0
"H",6,1,4,-9,38,0
"H",6,1,4,0,1159,747
"H",6,1,4,1,997,836
"H",6,1,4,10,47,47
"H",6,1,4,11,19,19
"H",6,1,4,12,17,17
"H",6,1,4,13,8,8
"H",6,1,4,14,2,2
"H",6,1,4,15,2,2
"H",6,1,4,16,1,1
"H",6,1,4,17,3,3
"H",6,1,4,2,824,715
"H",6,1,4,3,612,558
"H",6,1,4,4,498,485
"H",6,1,4,5,343,334
"H",6,1,4,6,235,231
"H",6,1,4,7,148,147
"H",6,1,4,8,92,92
"H",6,1,4,9,74,74
"H",6,1,5,-1,460,242
"H",6,1,5,-10,5,0
"H",6,1,5,-11,8,1
"H",6,1,5,-12,1,1
"H",6,1,5,-17,1,0
"H",6,1,5,-18,1,0
"H",6,1,5,-2,270,99
"H",6,1,5,-3,190,33
"H",6,1,5,-4,128,19
"H",6,1,5,-5,74,4
"H",6,1,5,-6,62,2
"H",6,1,5,-7,30,1
"H",6,1,5,-8,16,0
"H",6,1,5,-9,12,0
"H",6,1,5,0,538,383
"H",6,1,5,1,571,458
"H",6,1,5,10,20,20
"H",6,1,5,11,9,9
"H",6,1,5,12,6,6
"H",6,1,5,13,7,7
"H",6,1,5,14,4,4
"H",6,1,5,15,2,2
"H",6,1,5,16,1,1
"H",6,1,5,2,483,432
"H",6,1,5,3,386,368
"H",6,1,5,4,264,259
"H",6,1,5,5,188,184
"H",6,1,5,6,108,106
"H",6,1,5,7,91,91
"H",6,1,5,8,63,63
"H",6,1,5,9,41,41
"H",6,1,6,-1,464,237
"H",6,1,6,-10,7,0
"H",6,1,6,-11,5,0
"H",6,1,6,-12,3,0
"H",6,1,6,-13,4,0
"H",6,1,6,-14,4,0
"H",6,1,6,-15,1,0
"H",6,1,6,-16,1,0
"H",6,1,6,-2,353,146
"H",6,1,6,-3,264,66
"H",6,1,6,-4,192,22
"H",6,1,6,-5,120,16
"H",6,1,6,-6,73,5
"H",6,1,6,-7,47,0
"H",6,1,6,-8,24,0
"H",6,1,6,-9,20,0
"H",6,1,6,0,603,438
"H",6,1,6,1,549,452
"H",6,1,6,10,30,30
"H",6,1,6,11,14,14
"H",6,1,6,12,6,6
"H",6,1,6,13,5,5
"H",6,1,6,14,4,4
"H",6,1,6,16,1,1
"H",6,1,6,2,478,434
"H",6,1,6,3,362,345
"H",6,1,6,4,258,254
"H",6,1,6,5,181,178
"H",6,1,6,6,136,135
"H",6,1,6,7,92,91
"H",6,1,6,8,46,45
"H",6,1,6,9,32,32
"H",6,1,7,-1,373,227
"H",6,1,7,-10,4,0
"H",6,1,7,-11,5,0
"H",6,1,7,-12,4,0
"H",6,1,7,-15,1,0
"H",6,1,7,-16,1,0
"H",6,1,7,-2,316,126
"H",6,1,7,-3,198,57
"H",6,1,7,-4,109,20
"H",6,1,7,-5,71,5
"H",6,1,7,-6,44,2
"H",6,1,7,-7,38,2
"H",6,1,7,-8,18,2
"H",6,1,7,-9,10,0
"H",6,1,7,0,412,323
"H",6,1,7,1,439,371
"H",6,1,7,10,15,15
"H",6,1,7,11,12,12
"H",6,1,7,12,8,8
"H",6,1,7,13,4,4
"H",6,1,7,14,1,1
"H",6,1,7,15,2,2
"H",6,1,7,2,354,332
"H",6,1,7,3,295,281
"H",6,1,7,4,208,203
"H",6,1,7,5,147,146
"H",6,1,7,6,118,118
"H",6,1,7,7,62,62
"H",6,1,7,8,33,33
"H",6,1,7,9,34,34
"H",6,1,8,-1,349,221
"H",6,1,8,-10,4,0
"H",6,1,8,-11,5,0
"H",6,1,8,-12,2,0
"H",6,1,8,-13,1,0
"H",6,1,8,-14,2,0
"H",6,1,8,-15,1,0
"H",6,1,8,-2,225,94
"H",6,1,8,-3,173,58
"H",6,1,8,-4,130,30
"H",6,1,8,-5,68,12
"H",6,1,8,-6,65,3
"H",6,1,8,-7,19,0
"H",6,1,8,-8,19,0
"H",6,1,8,-9,6,0
"H",6,1,8,0,494,366
"H",6,1,8,1,430,369
"H",6,1,8,10,12,12
"H",6,1,8,11,8,8
"H",6,1,8,12,11,11
"H",6,1,8,13,2,2
"H",6,1,8,14,3,3
"H",6,1,8,2,380,349
"H",6,1,8,3,258,248
"H",6,1,8,4,202,200
"H",6,1,8,5,127,126
"H",6,1,8,6,103,102
"H",6,1,8,7,62,62
"H",6,1,8,8,40,39
"H",6,1,8,9,20,20
"H",6,2,1,-1,4870,1582
"H",6,2,1,-10,129,1
"H",6,2,1,-11,68,1
"H",6,2,1,-12,57,0
"H",6,2,1,-13,27,0
"H",6,2,1,-14,13,0
"H",6,2,1,-15,10,0
"H",6,2,1,-16,3,0
"H",6,2,1,-17,6,0
"H",6,2,1,-18,1,0
"H",6,2,1,-19,2,0
"H",6,2,1,-2,3837,740
"H",6,2,1,-3,2773,327
"H",6,2,1,-4,1895,103
"H",6,2,1,-5,1319,48
"H",6,2,1,-6,833,10
"H",6,2,1,-7,521,7
"H",6,2,1,-8,302,4
"H",6,2,1,-9,211,1
"H",6,2,1,0,5936,3242
"H",6,2,1,1,4891,3624
"H",6,2,1,10,147,147
"H",6,2,1,11,86,86
"H",6,2,1,12,48,48
"H",6,2,1,13,23,23
"H",6,2,1,14,20,20
"H",6,2,1,15,10,10
"H",6,2,1,16,4,4
"H",6,2,1,17,5,5
"H",6,2,1,18,1,1
"H",6,2,1,2,3918,3332
"H",6,2,1,3,2840,2597
"H",6,2,1,4,2065,1990
"H",6,2,1,5,1395,1365
"H",6,2,1,6,910,904
"H",6,2,1,7,616,612
"H",6,2,1,8,361,361
"H",6,2,1,9,213,213
"H",6,2,2,-1,2718,958
"H",6,2,2,-10,66,0
"H",6,2,2,-11,38,1
"H",6,2,2,-12,35,0
"H",6,2,2,-13,19,0
"H",6,2,2,-14,8,0
"H",6,2,2,-15,3,0
"H",6,2,2,-16,4,0
"H",6,2,2,-17,4,0
"H",6,2,2,-18,1,0
"H",6,2,2,-2,2343,503
"H",6,2,2,-3,1778,224
"H",6,2,2,-4,1246,99
"H",6,2,2,-5,822,42
"H",6,2,2,-6,524,7
"H",6,2,2,-7,341,4
"H",6,2,2,-8,220,0
"H",6,2,2,-9,101,0
"H",6,2,2,0,3301,1784
"H",6,2,2,1,2808,2135
"H",6,2,2,10,96,96
"H",6,2,2,11,55,55
"H",6,2,2,12,45,45
"H",6,2,2,13,18,18
"H",6,2,2,14,13,13
"H",6,2,2,15,12,12
"H",6,2,2,16,7,7
"H",6,2,2,17,5,5
"H",6,2,2,18,1,1
"H",6,2,2,19,1,1
"H",6,2,2,2,2348,2026
"H",6,2,2,3,1807,1657
"H",6,2,2,4,1315,1264
"H",6,2,2,5,903,884
"H",6,2,2,6,607,603
"H",6,2,2,7,461,457
"H",6,2,2,8,321,320
"H",6,2,2,9,166,166
"H",6,2,3,-1,1508,579
"H",6,2,3,-10,25,0
"H",6,2,3,-11,16,0
"H",6,2,3,-12,4,0
"H",6,2,3,-13,5,0
"H",6,2,3,-14,2,0
"H",6,2,3,-15,3,0
"H",6,2,3,-16,1,0
"H",6,2,3,-2,886,212
"H",6,2,3,-3,655,70
"H",6,2,3,-4,429,34
"H",6,2,3,-5,290,15
"H",6,2,3,-6,208,5
"H",6,2,3,-7,104,0
"H",6,2,3,-8,75,0
"H",6,2,3,-9,49,0
"H",6,2,3,0,1811,1062
"H",6,2,3,1,1713,1294
"H",6,2,3,10,61,61
"H",6,2,3,11,52,52
"H",6,2,3,12,24,24
"H",6,2,3,13,10,10
"H",6,2,3,14,12,12
"H",6,2,3,15,4,4
"H",6,2,3,16,3,3
"H",6,2,3,17,1,1
"H",6,2,3,18,1,1
"H",6,2,3,19,2,2
"H",6,2,3,2,1472,1286
"H",6,2,3,22,1,1
"H",6,2,3,3,1222,1135
"H",6,2,3,4,825,788
"H",6,2,3,5,614,600
"H",6,2,3,6,388,384
"H",6,2,3,7,286,284
"H",6,2,3,8,192,192
"H",6,2,3,9,129,129
"H",6,2,4,-1,1136,458
"H",6,2,4,-10,27,0
"H",6,2,4,-11,22,0
"H",6,2,4,-12,16,0
"H",6,2,4,-13,7,0
"H",6,2,4,-14,2,0
"H",6,2,4,-15,2,0
"H",6,2,4,-16,1,0
"H",6,2,4,-17,1,0
"H",6,2,4,-2,977,266
"H",6,2,4,-3,722,96
"H",6,2,4,-4,540,52
"H",6,2,4,-5,359,17
"H",6,2,4,-6,231,4
"H",6,2,4,-7,135,2
"H",6,2,4,-8,80,0
"H",6,2,4,-9,37,0
"H",6,2,4,0,1472,868
"H",6,2,4,1,1340,1015
"H",6,2,4,10,55,55
"H",6,2,4,11,44,44
"H",6,2,4,12,26,26
"H",6,2,4,13,16,16
"H",6,2,4,14,8,8
"H",6,2,4,15,6,6
"H",6,2,4,16,1,1
"H",6,2,4,17,3,3
"H",6,2,4,18,3,3
"H",6,2,4,19,1,1
"H",6,2,4,2,1125,974
"H",6,2,4,21,1,1
"H",6,2,4,3,898,814
"H",6,2,4,4,645,617
"H",6,2,4,5,423,408
"H",6,2,4,6,289,286
"H",6,2,4,7,202,200
"H",6,2,4,8,159,158
"H",6,2,4,9,85,85
"H",6,2,5,-1,608,228
"H",6,2,5,-10,8,0
"H",6,2,5,-11,5,0
"H",6,2,5,-12,1,0
"H",6,2,5,-17,1,0
"H",6,2,5,-18,1,0
"H",6,2,5,-2,374,90
"H",6,2,5,-3,269,34
"H",6,2,5,-4,195,16
"H",6,2,5,-5,134,6
"H",6,2,5,-6,73,2
"H",6,2,5,-7,40,1
"H",6,2,5,-8,21,0
"H",6,2,5,-9,16,0
"H",6,2,5,0,683,411
"H",6,2,5,1,748,577
"H",6,2,5,10,37,37
"H",6,2,5,11,17,17
"H",6,2,5,12,10,10
"H",6,2,5,13,9,9
"H",6,2,5,14,5,5
"H",6,2,5,15,2,2
"H",6,2,5,16,5,5
"H",6,2,5,2,592,505
"H",6,2,5,3,499,459
"H",6,2,5,4,375,365
"H",6,2,5,5,233,227
"H",6,2,5,6,165,163
"H",6,2,5,7,129,127
"H",6,2,5,8,88,87
"H",6,2,5,9,63,63
"H",6,2,6,-1,592,249
"H",6,2,6,-10,12,0
"H",6,2,6,-11,7,0
"H",6,2,6,-12,8,0
"H",6,2,6,-13,3,0
"H",6,2,6,-14,1,0
"H",6,2,6,-16,1,0
"H",6,2,6,-2,405,107
"H",6,2,6,-3,311,60
"H",6,2,6,-4,251,20
"H",6,2,6,-5,147,4
"H",6,2,6,-6,90,4
"H",6,2,6,-7,50,0
"H",6,2,6,-8,33,0
"H",6,2,6,-9,22,0
"H",6,2,6,0,669,407
"H",6,2,6,1,706,556
"H",6,2,6,10,37,37
"H",6,2,6,11,19,19
"H",6,2,6,12,10,10
"H",6,2,6,13,3,3
"H",6,2,6,14,5,5
"H",6,2,6,15,5,5
"H",6,2,6,16,4,4
"H",6,2,6,17,1,1
"H",6,2,6,2,570,496
"H",6,2,6,20,2,2
"H",6,2,6,3,441,403
"H",6,2,6,4,333,321
"H",6,2,6,5,244,241
"H",6,2,6,6,149,146
"H",6,2,6,7,134,131
"H",6,2,6,8,69,69
"H",6,2,6,9,42,42
"H",6,2,7,-1,350,160
"H",6,2,7,-10,5,0
"H",6,2,7,-11,4,0
"H",6,2,7,-12,2,0
"H",6,2,7,-13,1,0
"H",6,2,7,-2,289,84
"H",6,2,7,-3,179,35
"H",6,2,7,-4,136,15
"H",6,2,7,-5,104,3
"H",6,2,7,-6,58,2
"H",6,2,7,-7,33,0
"H",6,2,7,-8,26,1
"H",6,2,7,-9,13,0
"H",6,2,7,0,371,247
"H",6,2,7,1,447,345
"H",6,2,7,10,27,27
"H",6,2,7,11,14,14
"H",6,2,7,12,9,9
"H",6,2,7,13,6,6
"H",6,2,7,14,2,2
"H",6,2,7,15,1,1
"H",6,2,7,17,1,1
"H",6,2,7,2,381,334
"H",6,2,7,20,1,1
"H",6,2,7,3,286,268
"H",6,2,7,4,218,211
"H",6,2,7,5,163,160
"H",6,2,7,6,115,114
"H",6,2,7,7,68,68
"H",6,2,7,8,46,46
"H",6,2,7,9,34,34
"H",6,2,8,-1,392,183
"H",6,2,8,-10,5,0
"H",6,2,8,-11,7,0
"H",6,2,8,-12,2,0
"H",6,2,8,-13,1,0
"H",6,2,8,-14,1,0
"H",6,2,8,-2,289,83
"H",6,2,8,-3,202,40
"H",6,2,8,-4,130,17
"H",6,2,8,-5,93,6
"H",6,2,8,-6,67,1
"H",6,2,8,-7,30,0
"H",6,2,8,-8,19,0
"H",6,2,8,-9,10,0
"H",6,2,8,0,552,373
"H",6,2,8,1,489,382
"H",6,2,8,10,20,20
"H",6,2,8,11,11,11
"H",6,2,8,12,9,9
"H",6,2,8,13,3,3
"H",6,2,8,14,2,2
"H",6,2,8,15,2,2
"H",6,2,8,16,4,4
"H",6,2,8,17,1,1
"H",6,2,8,18,2,2
"H",6,2,8,2,426,370
"H",6,2,8,3,313,294
"H",6,2,8,4,247,236
"H",6,2,8,5,187,183
"H",6,2,8,6,114,113
"H",6,2,8,7,72,72
"H",6,2,8,8,52,52
"H",6,2,8,9,32,32
"H",7,0,1,-1,8693,3143
"H",7,0,1,-10,303,1
"H",7,0,1,-11,193,0
"H",7,0,1,-12,128,1
"H",7,0,1,-13,78,0
"H",7,0,1,-14,58,0
"H",7,0,1,-15,33,0
"H",7,0,1,-16,14,0
"H",7,0,1,-17,17,0
"H",7,0,1,-18,4,0
"H",7,0,1,-19,7,0
"H",7,0,1,-2,7157,1556
"H",7,0,1,-20,1,0
"H",7,0,1,-21,1,0
"H",7,0,1,-22,1,0
"H",7,0,1,-24,1,0
"H",7,0,1,-3,5429,639
"H",7,0,1,-4,3981,231
"H",7,0,1,-5,2908,119
"H",7,0,1,-6,2002,31
"H",7,0,1,-7,1320,11
"H",7,0,1,-8,808,8
"H",7,0,1,-9,501,0
"H",7,0,1,0,9701,5967
"H",7,0,1,1,8675,7121
"H",7,0,1,10,285,285
"H",7,0,1,11,186,186
"H",7,0,1,12,104,104
"H",7,0,1,13,60,60
"H",7,0,1,14,38,38
"H",7,0,1,15,22,22
"H",7,0,1,16,14,14
"H",7,0,1,17,9,9
"H",7,0,1,18,5,5
"H",7,0,1,19,3,3
"H",7,0,1,2,6873,6238
"H",7,0,1,21,2,2
"H",7,0,1,22,1,1
"H",7,0,1,3,5340,5100
"H",7,0,1,4,3829,3737
"H",7,0,1,5,2564,2543
"H",7,0,1,6,1667,1657
"H",7,0,1,7,1155,1152
"H",7,0,1,8,759,758
"H",7,0,1,9,463,463
"H",7,0,2,-1,2361,1026
"H",7,0,2,-10,73,0
"H",7,0,2,-11,47,0
"H",7,0,2,-12,32,0
"H",7,0,2,-13,18,0
"H",7,0,2,-14,15,0
"H",7,0,2,-15,5,0
"H",7,0,2,-16,5,0
"H",7,0,2,-17,4,0
"H",7,0,2,-19,2,0
"H",7,0,2,-2,1962,597
"H",7,0,2,-22,1,0
"H",7,0,2,-3,1485,254
"H",7,0,2,-4,1102,84
"H",7,0,2,-5,839,42
"H",7,0,2,-6,572,11
"H",7,0,2,-7,370,5
"H",7,0,2,-8,217,2
"H",7,0,2,-9,137,0
"H",7,0,2,0,2691,1779
"H",7,0,2,1,2446,2070
"H",7,0,2,10,86,86
"H",7,0,2,11,64,64
"H",7,0,2,12,28,28
"H",7,0,2,13,16,16
"H",7,0,2,14,12,12
"H",7,0,2,15,6,6
"H",7,0,2,16,4,4
"H",7,0,2,17,4,4
"H",7,0,2,18,1,1
"H",7,0,2,19,1,1
"H",7,0,2,2,1909,1784
"H",7,0,2,22,1,1
"H",7,0,2,3,1536,1482
"H",7,0,2,4,1103,1083
"H",7,0,2,5,766,761
"H",7,0,2,6,546,544
"H",7,0,2,7,377,376
"H",7,0,2,8,201,200
"H",7,0,2,9,138,138
"H",7,0,3,-1,503,266
"H",7,0,3,-10,18,0
"H",7,0,3,-11,12,0
"H",7,0,3,-12,6,1
"H",7,0,3,-13,2,0
"H",7,0,3,-14,8,0
"H",7,0,3,-15,4,0
"H",7,0,3,-16,1,0
"H",7,0,3,-17,2,0
"H",7,0,3,-2,396,115
"H",7,0,3,-3,302,42
"H",7,0,3,-4,249,31
"H",7,0,3,-5,147,13
"H",7,0,3,-6,97,5
"H",7,0,3,-7,59,0
"H",7,0,3,-8,42,0
"H",7,0,3,-9,24,0
"H",7,0,3,0,570,422
"H",7,0,3,1,577,499
"H",7,0,3,10,26,26
"H",7,0,3,11,13,13
"H",7,0,3,12,13,13
"H",7,0,3,13,6,6
"H",7,0,3,14,6,6
"H",7,0,3,15,3,3
"H",7,0,3,17,2,2
"H",7,0,3,18,1,1
"H",7,0,3,2,449,409
"H",7,0,3,21,1,1
"H",7,0,3,22,1,1
"H",7,0,3,3,368,355
"H",7,0,3,4,327,320
"H",7,0,3,5,227,227
"H",7,0,3,6,169,169
"H",7,0,3,7,115,115
"H",7,0,3,8,79,79
"H",7,0,3,9,42,42
"H",7,0,4,-1,407,230
"H",7,0,4,-10,21,0
"H",7,0,4,-11,12,0
"H",7,0,4,-12,6,0
"H",7,0,4,-13,7,0
"H",7,0,4,-14,7,0
"H",7,0,4,-16,1,0
"H",7,0,4,-19,1,0
"H",7,0,4,-2,492,198
"H",7,0,4,-3,410,110
"H",7,0,4,-4,264,23
"H",7,0,4,-5,215,18
"H",7,0,4,-6,135,6
"H",7,0,4,-7,84,3
"H",7,0,4,-8,58,1
"H",7,0,4,-9,37,0
"H",7,0,4,0,462,340
"H",7,0,4,1,421,374
"H",7,0,4,10,20,20
"H",7,0,4,11,15,15
"H",7,0,4,12,9,9
"H",7,0,4,14,3,3
"H",7,0,4,15,1,1
"H",7,0,4,16,2,2
"H",7,0,4,17,2,2
"H",7,0,4,2,360,338
"H",7,0,4,3,315,312
"H",7,0,4,4,260,260
"H",7,0,4,5,183,182
"H",7,0,4,6,145,144
"H",7,0,4,7,96,95
"H",7,0,4,8,66,66
"H",7,0,4,9,46,46
"H",7,0,5,-1,133,72
"H",7,0,5,-10,4,0
"H",7,0,5,-11,5,0
"H",7,0,5,-12,2,0
"H",7,0,5,-13,3,0
"H",7,0,5,-14,1,0
"H",7,0,5,-17,1,0
"H",7,0,5,-2,92,25
"H",7,0,5,-3,82,13
"H",7,0,5,-4,36,4
"H",7,0,5,-5,40,2
"H",7,0,5,-6,28,0
"H",7,0,5,-7,25,0
"H",7,0,5,-8,12,0
"H",7,0,5,-9,8,0
"H",7,0,5,0,157,133
"H",7,0,5,1,160,150
"H",7,0,5,10,6,6
"H",7,0,5,11,6,6
"H",7,0,5,12,3,3
"H",7,0,5,13,1,1
"H",7,0,5,14,1,1
"H",7,0,5,16,1,1
"H",7,0,5,17,2,2
"H",7,0,5,2,139,131
"H",7,0,5,3,121,116
"H",7,0,5,4,91,90
"H",7,0,5,5,70,68
"H",7,0,5,6,45,45
"H",7,0,5,7,44,44
"H",7,0,5,8,24,24
"H",7,0,5,9,14,14
"H",7,0,6,-1,186,116
"H",7,0,6,-10,3,0
"H",7,0,6,-11,3,0
"H",7,0,6,-12,5,0
"H",7,0,6,-13,1,0
"H",7,0,6,-14,4,0
"H",7,0,6,-15,2,0
"H",7,0,6,-16,1,0
"H",7,0,6,-17,2,0
"H",7,0,6,-2,167,77
"H",7,0,6,-3,119,26
"H",7,0,6,-4,97,15
"H",7,0,6,-5,77,7
"H",7,0,6,-6,43,3
"H",7,0,6,-7,31,0
"H",7,0,6,-8,14,1
"H",7,0,6,-9,10,0
"H",7,0,6,0,208,164
"H",7,0,6,1,199,191
"H",7,0,6,10,13,13
"H",7,0,6,11,7,7
"H",7,0,6,13,2,2
"H",7,0,6,15,1,1
"H",7,0,6,2,179,173
"H",7,0,6,22,1,1
"H",7,0,6,3,140,138
"H",7,0,6,4,130,129
"H",7,0,6,5,89,88
"H",7,0,6,6,53,53
"H",7,0,6,7,55,55
"H",7,0,6,8,30,30
"H",7,0,6,9,18,18
"H",7,0,7,-1,85,53
"H",7,0,7,-10,6,0
"H",7,0,7,-11,3,0
"H",7,0,7,-13,2,0
"H",7,0,7,-16,1,0
"H",7,0,7,-2,97,53
"H",7,0,7,-3,80,29
"H",7,0,7,-4,62,12
"H",7,0,7,-5,37,5
"H",7,0,7,-6,29,1
"H",7,0,7,-7,16,0
"H",7,0,7,-8,10,0
"H",7,0,7,-9,4,0
"H",7,0,7,0,93,73
"H",7,0,7,1,104,97
"H",7,0,7,10,5,5
"H",7,0,7,11,1,1
"H",7,0,7,12,2,2
"H",7,0,7,14,1,1
"H",7,0,7,15,1,1
"H",7,0,7,16,1,1
"H",7,0,7,2,103,100
"H",7,0,7,22,1,1
"H",7,0,7,3,95,93
"H",7,0,7,4,71,71
"H",7,0,7,5,61,61
"H",7,0,7,6,47,47
"H",7,0,7,7,24,24
"H",7,0,7,8,19,19
"H",7,0,7,9,9,9
"H",7,0,8,-1,114,86
"H",7,0,8,-10,2,0
"H",7,0,8,-11,3,0
"H",7,0,8,-12,3,0
"H",7,0,8,-13,4,0
"H",7,0,8,-14,1,0
"H",7,0,8,-2,119,72
"H",7,0,8,-3,90,37
"H",7,0,8,-4,54,11
"H",7,0,8,-5,53,12
"H",7,0,8,-6,23,2
"H",7,0,8,-7,23,0
"H",7,0,8,-8,11,1
"H",7,0,8,-9,5,0
"H",7,0,8,0,148,119
"H",7,0,8,1,118,111
"H",7,0,8,10,6,6
"H",7,0,8,11,8,8
"H",7,0,8,12,2,2
"H",7,0,8,14,1,1
"H",7,0,8,2,105,101
"H",7,0,8,22,1,1
"H",7,0,8,3,86,86
"H",7,0,8,4,80,80
"H",7,0,8,5,61,61
"H",7,0,8,6,51,51
"H",7,0,8,7,31,31
"H",7,0,8,8,15,15
"H",7,0,8,9,6,6
"H",7,1,1,-1,5997,1871
"H",7,1,1,-10,208,1
"H",7,1,1,-11,130,0
"H",7,1,1,-12,88,0
"H",7,1,1,-13,57,0
"H",7,1,1,-14,39,0
"H",7,1,1,-15,25,0
"H",7,1,1,-16,7,0
"H",7,1,1,-17,10,0
"H",7,1,1,-18,4,0
"H",7,1,1,-19,5,0
"H",7,1,1,-2,4876,841
"H",7,1,1,-20,1,0
"H",7,1,1,-21,1,0
"H",7,1,1,-24,1,0
"H",7,1,1,-3,3693,335
"H",7,1,1,-4,2681,123
"H",7,1,1,-5,1945,65
"H",7,1,1,-6,1317,16
"H",7,1,1,-7,889,5
"H",7,1,1,-8,544,5
"H",7,1,1,-9,339,0
"H",7,1,1,0,6643,3845
"H",7,1,1,1,5996,4815
"H",7,1,1,10,213,213
"H",7,1,1,11,140,140
"H",7,1,1,12,82,82
"H",7,1,1,13,44,44
"H",7,1,1,14,25,25
"H",7,1,1,15,16,16
"H",7,1,1,16,10,10
"H",7,1,1,17,6,6
"H",7,1,1,18,4,4
"H",7,1,1,19,2,2
"H",7,1,1,2,4800,4297
"H",7,1,1,20,1,1
"H",7,1,1,21,1,1
"H",7,1,1,3,3743,3558
"H",7,1,1,4,2723,2651
"H",7,1,1,5,1830,1814
"H",7,1,1,6,1143,1134
"H",7,1,1,7,817,815
"H",7,1,1,8,555,555
"H",7,1,1,9,339,339
"H",7,1,2,-1,2547,937
"H",7,1,2,-10,95,1
"H",7,1,2,-11,60,0
"H",7,1,2,-12,34,0
"H",7,1,2,-13,28,0
"H",7,1,2,-14,21,0
"H",7,1,2,-15,13,0
"H",7,1,2,-16,5,0
"H",7,1,2,-17,4,0
"H",7,1,2,-19,1,0
"H",7,1,2,-2,2227,508
"H",7,1,2,-21,1,0
"H",7,1,2,-22,1,0
"H",7,1,2,-3,1762,198
"H",7,1,2,-4,1354,75
"H",7,1,2,-5,930,34
"H",7,1,2,-6,652,11
"H",7,1,2,-7,457,7
"H",7,1,2,-8,249,2
"H",7,1,2,-9,156,0
"H",7,1,2,0,2833,1746
"H",7,1,2,1,2610,2146
"H",7,1,2,10,113,113
"H",7,1,2,11,83,83
"H",7,1,2,12,48,48
"H",7,1,2,13,32,32
"H",7,1,2,14,21,21
"H",7,1,2,15,12,12
"H",7,1,2,16,2,2
"H",7,1,2,17,4,4
"H",7,1,2,18,3,3
"H",7,1,2,2,2062,1893
"H",7,1,2,3,1685,1618
"H",7,1,2,4,1329,1297
"H",7,1,2,5,911,903
"H",7,1,2,6,651,646
"H",7,1,2,7,447,446
"H",7,1,2,8,290,290
"H",7,1,2,9,197,196
"H",7,1,3,-1,1341,558
"H",7,1,3,-10,28,0
"H",7,1,3,-11,20,0
"H",7,1,3,-12,12,0
"H",7,1,3,-13,7,0
"H",7,1,3,-14,10,0
"H",7,1,3,-15,3,0
"H",7,1,3,-17,2,0
"H",7,1,3,-18,1,0
"H",7,1,3,-2,617,136
"H",7,1,3,-3,510,53
"H",7,1,3,-4,337,30
"H",7,1,3,-5,238,13
"H",7,1,3,-6,156,1
"H",7,1,3,-7,105,0
"H",7,1,3,-8,74,2
"H",7,1,3,-9,34,0
"H",7,1,3,0,1745,1150
"H",7,1,3,1,1592,1335
"H",7,1,3,10,50,50
"H",7,1,3,11,39,39
"H",7,1,3,12,29,29
"H",7,1,3,13,8,8
"H",7,1,3,14,12,12
"H",7,1,3,15,2,2
"H",7,1,3,16,3,3
"H",7,1,3,17,1,1
"H",7,1,3,19,2,2
"H",7,1,3,2,1258,1166
"H",7,1,3,21,1,1
"H",7,1,3,3,1054,1012
"H",7,1,3,4,760,744
"H",7,1,3,5,474,470
"H",7,1,3,6,347,345
"H",7,1,3,7,222,222
"H",7,1,3,8,161,160
"H",7,1,3,9,101,101
"H",7,1,4,-1,868,389
"H",7,1,4,-10,40,0
"H",7,1,4,-11,19,0
"H",7,1,4,-12,12,0
"H",7,1,4,-13,10,0
"H",7,1,4,-14,11,0
"H",7,1,4,-15,3,0
"H",7,1,4,-16,3,0
"H",7,1,4,-17,1,0
"H",7,1,4,-18,1,0
"H",7,1,4,-19,1,0
"H",7,1,4,-2,755,229
"H",7,1,4,-3,628,106
"H",7,1,4,-4,476,41
"H",7,1,4,-5,335,16
"H",7,1,4,-6,246,11
"H",7,1,4,-7,162,5
"H",7,1,4,-8,98,2
"H",7,1,4,-9,55,0
"H",7,1,4,0,1016,682
"H",7,1,4,1,1013,851
"H",7,1,4,10,52,52
"H",7,1,4,11,31,31
"H",7,1,4,12,20,20
"H",7,1,4,13,13,13
"H",7,1,4,14,7,7
"H",7,1,4,15,4,4
"H",7,1,4,16,4,4
"H",7,1,4,18,1,1
"H",7,1,4,19,1,1
"H",7,1,4,2,782,720
"H",7,1,4,21,1,1
"H",7,1,4,3,720,692
"H",7,1,4,4,515,505
"H",7,1,4,5,383,381
"H",7,1,4,6,256,254
"H",7,1,4,7,182,181
"H",7,1,4,8,125,125
"H",7,1,4,9,85,84
"H",7,1,5,-1,441,224
"H",7,1,5,-10,8,0
"H",7,1,5,-11,7,0
"H",7,1,5,-12,4,1
"H",7,1,5,-13,4,0
"H",7,1,5,-14,1,0
"H",7,1,5,-15,2,0
"H",7,1,5,-17,1,0
"H",7,1,5,-2,224,61
"H",7,1,5,-3,169,26
"H",7,1,5,-4,123,10
"H",7,1,5,-5,92,5
"H",7,1,5,-6,52,2
"H",7,1,5,-7,43,0
"H",7,1,5,-8,19,1
"H",7,1,5,-9,15,0
"H",7,1,5,0,474,342
"H",7,1,5,1,505,444
"H",7,1,5,10,22,22
"H",7,1,5,11,13,13
"H",7,1,5,12,13,13
"H",7,1,5,13,5,5
"H",7,1,5,14,4,4
"H",7,1,5,15,2,2
"H",7,1,5,17,3,3
"H",7,1,5,2,459,420
"H",7,1,5,20,1,1
"H",7,1,5,3,377,358
"H",7,1,5,4,286,274
"H",7,1,5,5,197,197
"H",7,1,5,6,154,154
"H",7,1,5,7,109,109
"H",7,1,5,8,57,57
"H",7,1,5,9,45,45
"H",7,1,6,-1,417,223
"H",7,1,6,-10,8,0
"H",7,1,6,-11,8,0
"H",7,1,6,-12,5,0
"H",7,1,6,-13,6,0
"H",7,1,6,-14,2,0
"H",7,1,6,-15,1,0
"H",7,1,6,-17,3,0
"H",7,1,6,-18,1,0
"H",7,1,6,-2,315,105
"H",7,1,6,-3,236,41
"H",7,1,6,-4,187,23
"H",7,1,6,-5,138,9
"H",7,1,6,-6,74,1
"H",7,1,6,-7,59,0
"H",7,1,6,-8,38,1
"H",7,1,6,-9,26,0
"H",7,1,6,0,537,401
"H",7,1,6,1,478,415
"H",7,1,6,10,25,25
"H",7,1,6,11,18,18
"H",7,1,6,12,17,17
"H",7,1,6,13,7,7
"H",7,1,6,14,5,5
"H",7,1,6,15,1,1
"H",7,1,6,17,2,2
"H",7,1,6,2,454,421
"H",7,1,6,3,382,368
"H",7,1,6,4,276,273
"H",7,1,6,5,203,201
"H",7,1,6,6,164,162
"H",7,1,6,7,116,116
"H",7,1,6,8,73,73
"H",7,1,6,9,47,47
"H",7,1,7,-1,315,163
"H",7,1,7,-10,5,0
"H",7,1,7,-11,5,0
"H",7,1,7,-12,2,0
"H",7,1,7,-13,5,0
"H",7,1,7,-14,4,0
"H",7,1,7,-16,1,0
"H",7,1,7,-17,1,0
"H",7,1,7,-2,305,109
"H",7,1,7,-3,175,30
"H",7,1,7,-4,126,18
"H",7,1,7,-5,75,3
"H",7,1,7,-6,59,1
"H",7,1,7,-7,39,2
"H",7,1,7,-8,14,0
"H",7,1,7,-9,8,0
"H",7,1,7,0,373,301
"H",7,1,7,1,423,366
"H",7,1,7,10,17,17
"H",7,1,7,11,18,18
"H",7,1,7,12,11,11
"H",7,1,7,13,6,6
"H",7,1,7,14,5,5
"H",7,1,7,15,1,1
"H",7,1,7,2,363,345
"H",7,1,7,3,277,269
"H",7,1,7,4,249,249
"H",7,1,7,5,158,158
"H",7,1,7,6,125,125
"H",7,1,7,7,90,90
"H",7,1,7,8,51,51
"H",7,1,7,9,37,37
"H",7,1,8,-1,339,190
"H",7,1,8,-10,8,0
"H",7,1,8,-11,7,0
"H",7,1,8,-12,2,0
"H",7,1,8,-13,3,0
"H",7,1,8,-14,2,0
"H",7,1,8,-2,231,95
"H",7,1,8,-3,172,41
"H",7,1,8,-4,121,18
"H",7,1,8,-5,100,8
"H",7,1,8,-6,57,3
"H",7,1,8,-7,35,2
"H",7,1,8,-8,26,3
"H",7,1,8,-9,12,0
"H",7,1,8,0,461,351
"H",7,1,8,1,459,409
"H",7,1,8,10,12,12
"H",7,1,8,11,12,12
"H",7,1,8,12,7,7
"H",7,1,8,13,2,2
"H",7,1,8,14,3,3
"H",7,1,8,2,339,319
"H",7,1,8,22,1,1
"H",7,1,8,3,297,288
"H",7,1,8,4,212,211
"H",7,1,8,5,135,133
"H",7,1,8,6,114,112
"H",7,1,8,7,75,74
"H",7,1,8,8,45,45
"H",7,1,8,9,35,35
"H",7,2,1,-1,4466,1222
"H",7,2,1,-10,148,0
"H",7,2,1,-11,93,1
"H",7,2,1,-12,67,0
"H",7,2,1,-13,39,0
"H",7,2,1,-14,22,0
"H",7,2,1,-15,14,0
"H",7,2,1,-16,5,0
"H",7,2,1,-17,7,0
"H",7,2,1,-18,3,0
"H",7,2,1,-19,5,0
"H",7,2,1,-2,3809,555
"H",7,2,1,-20,1,0
"H",7,2,1,-24,1,0
"H",7,2,1,-3,2735,211
"H",7,2,1,-4,1965,69
"H",7,2,1,-5,1445,33
"H",7,2,1,-6,979,5
"H",7,2,1,-7,645,3
"H",7,2,1,-8,396,0
"H",7,2,1,-9,260,0
"H",7,2,1,0,4981,2738
"H",7,2,1,1,4649,3660
"H",7,2,1,10,194,194
"H",7,2,1,11,117,117
"H",7,2,1,12,68,68
"H",7,2,1,13,41,41
"H",7,2,1,14,22,22
"H",7,2,1,15,21,21
"H",7,2,1,16,13,13
"H",7,2,1,17,5,5
"H",7,2,1,18,6,6
"H",7,2,1,19,2,2
"H",7,2,1,2,3794,3359
"H",7,2,1,20,1,1
"H",7,2,1,21,1,1
"H",7,2,1,3,2968,2806
"H",7,2,1,4,2190,2126
"H",7,2,1,5,1570,1554
"H",7,2,1,6,953,948
"H",7,2,1,7,700,699
"H",7,2,1,8,472,472
"H",7,2,1,9,288,288
"H",7,2,2,-1,2534,761
"H",7,2,2,-10,97,1
"H",7,2,2,-11,63,1
"H",7,2,2,-12,41,0
"H",7,2,2,-13,23,0
"H",7,2,2,-14,15,0
"H",7,2,2,-15,8,0
"H",7,2,2,-16,1,0
"H",7,2,2,-17,4,0
"H",7,2,2,-19,1,0
"H",7,2,2,-2,2229,376
"H",7,2,2,-20,1,0
"H",7,2,2,-21,1,0
"H",7,2,2,-22,1,0
"H",7,2,2,-24,1,0
"H",7,2,2,-3,1716,168
"H",7,2,2,-4,1298,50
"H",7,2,2,-5,911,28
"H",7,2,2,-6,611,5
"H",7,2,2,-7,432,0
"H",7,2,2,-8,228,1
"H",7,2,2,-9,159,0
"H",7,2,2,0,2843,1616
"H",7,2,2,1,2598,2113
"H",7,2,2,10,141,141
"H",7,2,2,11,91,91
"H",7,2,2,12,56,56
"H",7,2,2,13,28,28
"H",7,2,2,14,22,22
"H",7,2,2,15,14,14
"H",7,2,2,16,13,13
"H",7,2,2,17,4,4
"H",7,2,2,18,1,1
"H",7,2,2,19,2,2
"H",7,2,2,2,2145,1907
"H",7,2,2,3,1797,1723
"H",7,2,2,4,1424,1390
"H",7,2,2,5,1064,1053
"H",7,2,2,6,686,684
"H",7,2,2,7,508,508
"H",7,2,2,8,325,324
"H",7,2,2,9,250,250
"H",7,2,3,-1,1337,434
"H",7,2,3,-10,41,0
"H",7,2,3,-11,25,0
"H",7,2,3,-12,27,0
"H",7,2,3,-13,7,0
"H",7,2,3,-14,8,0
"H",7,2,3,-15,4,0
"H",7,2,3,-17,1,0
"H",7,2,3,-19,1,0
"H",7,2,3,-2,828,132
"H",7,2,3,-20,1,0
"H",7,2,3,-21,1,0
"H",7,2,3,-3,632,53
"H",7,2,3,-4,423,20
"H",7,2,3,-5,311,10
"H",7,2,3,-6,220,1
"H",7,2,3,-7,130,1
"H",7,2,3,-8,89,0
"H",7,2,3,-9,52,1
"H",7,2,3,0,1748,1044
"H",7,2,3,1,1672,1365
"H",7,2,3,10,82,82
"H",7,2,3,11,58,58
"H",7,2,3,12,56,56
"H",7,2,3,13,23,23
"H",7,2,3,14,16,16
"H",7,2,3,15,9,9
"H",7,2,3,16,4,4
"H",7,2,3,17,2,2
"H",7,2,3,18,2,2
"H",7,2,3,2,1368,1249
"H",7,2,3,3,1189,1135
"H",7,2,3,4,925,900
"H",7,2,3,5,693,688
"H",7,2,3,6,462,459
"H",7,2,3,7,300,299
"H",7,2,3,8,223,223
"H",7,2,3,9,147,146
"H",7,2,4,-1,1044,359
"H",7,2,4,-10,48,0
"H",7,2,4,-11,22,0
"H",7,2,4,-12,21,0
"H",7,2,4,-13,11,0
"H",7,2,4,-14,10,0
"H",7,2,4,-15,1,0
"H",7,2,4,-16,4,0
"H",7,2,4,-17,1,0
"H",7,2,4,-18,1,0
"H",7,2,4,-2,888,190
"H",7,2,4,-3,745,86
"H",7,2,4,-4,590,26
"H",7,2,4,-5,371,12
"H",7,2,4,-6,252,6
"H",7,2,4,-7,178,3
"H",7,2,4,-8,102,1
"H",7,2,4,-9,75,0
"H",7,2,4,0,1395,852
"H",7,2,4,1,1344,1100
"H",7,2,4,10,75,75
"H",7,2,4,11,40,40
"H",7,2,4,12,29,29
"H",7,2,4,13,26,26
"H",7,2,4,14,13,13
"H",7,2,4,15,5,5
"H",7,2,4,16,5,5
"H",7,2,4,17,3,3
"H",7,2,4,18,2,2
"H",7,2,4,19,1,1
"H",7,2,4,2,1034,923
"H",7,2,4,21,1,1
"H",7,2,4,23,1,1
"H",7,2,4,3,894,858
"H",7,2,4,4,740,716
"H",7,2,4,5,532,529
"H",7,2,4,6,339,338
"H",7,2,4,7,262,260
"H",7,2,4,8,179,178
"H",7,2,4,9,122,121
"H",7,2,5,-1,613,218
"H",7,2,5,-10,10,0
"H",7,2,5,-11,9,0
"H",7,2,5,-12,5,0
"H",7,2,5,-13,7,0
"H",7,2,5,-14,5,0
"H",7,2,5,-15,4,0
"H",7,2,5,-2,340,60
"H",7,2,5,-3,248,24
"H",7,2,5,-4,184,12
"H",7,2,5,-5,129,3
"H",7,2,5,-6,85,0
"H",7,2,5,-7,45,0
"H",7,2,5,-8,32,0
"H",7,2,5,-9,24,0
"H",7,2,5,0,688,421
"H",7,2,5,1,633,521
"H",7,2,5,10,35,35
"H",7,2,5,11,38,38
"H",7,2,5,12,17,17
"H",7,2,5,13,9,9
"H",7,2,5,14,10,10
"H",7,2,5,15,9,9
"H",7,2,5,16,1,1
"H",7,2,5,17,1,1
"H",7,2,5,18,1,1
"H",7,2,5,2,584,526
"H",7,2,5,20,1,1
"H",7,2,5,3,485,457
"H",7,2,5,4,418,409
"H",7,2,5,5,281,278
"H",7,2,5,6,190,188
"H",7,2,5,7,153,153
"H",7,2,5,8,96,96
"H",7,2,5,9,68,68
"H",7,2,6,-1,531,180
"H",7,2,6,-10,10,0
"H",7,2,6,-11,7,0
"H",7,2,6,-12,3,0
"H",7,2,6,-13,1,0
"H",7,2,6,-14,2,0
"H",7,2,6,-17,1,0
"H",7,2,6,-2,414,86
"H",7,2,6,-3,290,33
"H",7,2,6,-4,221,21
"H",7,2,6,-5,163,6
"H",7,2,6,-6,94,1
"H",7,2,6,-7,68,1
"H",7,2,6,-8,30,0
"H",7,2,6,-9,26,0
"H",7,2,6,0,640,399
"H",7,2,6,1,628,512
"H",7,2,6,10,34,34
"H",7,2,6,11,30,30
"H",7,2,6,12,22,22
"H",7,2,6,13,13,13
"H",7,2,6,14,4,4
"H",7,2,6,15,2,2
"H",7,2,6,16,2,2
"H",7,2,6,18,1,1
"H",7,2,6,2,567,522
"H",7,2,6,3,484,462
"H",7,2,6,4,357,349
"H",7,2,6,5,256,255
"H",7,2,6,6,171,169
"H",7,2,6,7,137,137
"H",7,2,6,8,98,98
"H",7,2,6,9,71,71
"H",7,2,7,-1,300,113
"H",7,2,7,-10,6,0
"H",7,2,7,-11,6,0
"H",7,2,7,-12,6,0
"H",7,2,7,-13,3,0
"H",7,2,7,-17,1,0
"H",7,2,7,-2,259,64
"H",7,2,7,-3,207,30
"H",7,2,7,-4,117,9
"H",7,2,7,-5,89,4
"H",7,2,7,-6,63,1
"H",7,2,7,-7,35,1
"H",7,2,7,-8,18,0
"H",7,2,7,-9,11,0
"H",7,2,7,0,408,259
"H",7,2,7,1,408,336
"H",7,2,7,10,28,28
"H",7,2,7,11,20,20
"H",7,2,7,12,11,11
"H",7,2,7,13,9,9
"H",7,2,7,15,1,1
"H",7,2,7,16,1,1
"H",7,2,7,2,403,374
"H",7,2,7,3,302,286
"H",7,2,7,4,238,233
"H",7,2,7,5,194,192
"H",7,2,7,6,120,119
"H",7,2,7,7,102,102
"H",7,2,7,8,60,60
"H",7,2,7,9,40,40
"H",7,2,8,-1,405,158
"H",7,2,8,-10,9,0
"H",7,2,8,-11,2,0
"H",7,2,8,-12,5,0
"H",7,2,8,-13,3,0
"H",7,2,8,-14,1,0
"H",7,2,8,-2,256,70
"H",7,2,8,-3,190,31
"H",7,2,8,-4,161,12
"H",7,2,8,-5,103,5
"H",7,2,8,-6,74,4
"H",7,2,8,-7,40,2
"H",7,2,8,-8,31,1
"H",7,2,8,-9,18,0
"H",7,2,8,0,528,352
"H",7,2,8,1,506,408
"H",7,2,8,10,21,21
"H",7,2,8,11,13,13
"H",7,2,8,12,9,9
"H",7,2,8,13,5,5
"H",7,2,8,14,6,6
"H",7,2,8,15,1,1
"H",7,2,8,17,1,1
"H",7,2,8,19,1,1
"H",7,2,8,2,408,367
"H",7,2,8,3,342,328
"H",7,2,8,4,261,255
"H",7,2,8,5,185,182
"H",7,2,8,6,139,137
"H",7,2,8,7,76,76
"H",7,2,8,8,54,54
"H",7,2,8,9,50,50
"H",8,0,1,-1,8055,2388
"H",8,0,1,-10,369,0
"H",8,0,1,-11,272,1
"H",8,0,1,-12,168,0
"H",8,0,1,-13,125,0
"H",8,0,1,-14,78,0
"H",8,0,1,-15,46,0
"H",8,0,1,-16,24,0
"H",8,0,1,-17,16,0
"H",8,0,1,-18,3,0
"H",8,0,1,-19,7,0
"H",8,0,1,-2,6787,1103
"H",8,0,1,-20,4,0
"H",8,0,1,-21,3,0
"H",8,0,1,-22,1,0
"H",8,0,1,-23,2,0
"H",8,0,1,-24,1,0
"H",8,0,1,-25,1,0
"H",8,0,1,-3,5512,477
"H",8,0,1,-4,4127,157
"H",8,0,1,-5,3001,69
"H",8,0,1,-6,2157,15
"H",8,0,1,-7,1545,10
"H",8,0,1,-8,939,2
"H",8,0,1,-9,616,0
"H",8,0,1,0,8533,5424
"H",8,0,1,1,8159,7267
"H",8,0,1,10,397,397
"H",8,0,1,11,231,231
"H",8,0,1,12,151,151
"H",8,0,1,13,74,74
"H",8,0,1,14,69,69
"H",8,0,1,15,35,35
"H",8,0,1,16,25,25
"H",8,0,1,17,6,6
"H",8,0,1,18,9,9
"H",8,0,1,19,4,4
"H",8,0,1,2,6591,6306
"H",8,0,1,20,3,3
"H",8,0,1,21,2,2
"H",8,0,1,23,2,2
"H",8,0,1,25,1,1
"H",8,0,1,3,5274,5177
"H",8,0,1,4,4057,4022
"H",8,0,1,5,2891,2881
"H",8,0,1,6,1929,1922
"H",8,0,1,7,1411,1411
"H",8,0,1,8,940,940
"H",8,0,1,9,588,588
"H",8,0,2,-1,2214,883
"H",8,0,2,-10,114,0
"H",8,0,2,-11,76,1
"H",8,0,2,-12,43,0
"H",8,0,2,-13,33,0
"H",8,0,2,-14,20,0
"H",8,0,2,-15,17,0
"H",8,0,2,-16,9,0
"H",8,0,2,-17,3,0
"H",8,0,2,-19,2,0
"H",8,0,2,-2,1892,446
"H",8,0,2,-20,1,0
"H",8,0,2,-21,1,0
"H",8,0,2,-22,1,0
"H",8,0,2,-3,1540,234
"H",8,0,2,-4,1180,78
"H",8,0,2,-5,844,31
"H",8,0,2,-6,595,7
"H",8,0,2,-7,442,6
"H",8,0,2,-8,261,1
"H",8,0,2,-9,172,0
"H",8,0,2,0,2415,1696
"H",8,0,2,1,2299,2092
"H",8,0,2,10,126,126
"H",8,0,2,11,72,72
"H",8,0,2,12,34,34
"H",8,0,2,13,30,30
"H",8,0,2,14,17,17
"H",8,0,2,15,10,10
"H",8,0,2,16,10,10
"H",8,0,2,17,3,3
"H",8,0,2,18,2,2
"H",8,0,2,19,1,1
"H",8,0,2,2,1906,1813
"H",8,0,2,20,2,2
"H",8,0,2,23,2,2
"H",8,0,2,3,1519,1491
"H",8,0,2,4,1113,1106
"H",8,0,2,5,823,819
"H",8,0,2,6,552,548
"H",8,0,2,7,431,431
"H",8,0,2,8,286,286
"H",8,0,2,9,203,203
"H",8,0,3,-1,477,242
"H",8,0,3,-10,28,0
"H",8,0,3,-11,21,0
"H",8,0,3,-12,6,0
"H",8,0,3,-13,8,0
"H",8,0,3,-14,6,0
"H",8,0,3,-15,3,0
"H",8,0,3,-16,1,0
"H",8,0,3,-2,337,92
"H",8,0,3,-24,1,0
"H",8,0,3,-3,299,38
"H",8,0,3,-4,239,12
"H",8,0,3,-5,170,8
"H",8,0,3,-6,121,1
"H",8,0,3,-7,94,2
"H",8,0,3,-8,49,0
"H",8,0,3,-9,34,0
"H",8,0,3,0,500,377
"H",8,0,3,1,515,468
"H",8,0,3,10,43,43
"H",8,0,3,11,23,23
"H",8,0,3,12,21,21
"H",8,0,3,13,13,13
"H",8,0,3,14,11,11
"H",8,0,3,15,2,2
"H",8,0,3,16,4,4
"H",8,0,3,18,2,2
"H",8,0,3,19,1,1
"H",8,0,3,2,424,405
"H",8,0,3,20,1,1
"H",8,0,3,21,1,1
"H",8,0,3,3,400,392
"H",8,0,3,4,297,296
"H",8,0,3,5,251,250
"H",8,0,3,6,173,173
"H",8,0,3,7,122,122
"H",8,0,3,8,88,88
"H",8,0,3,9,45,45
"H",8,0,4,-1,411,243
"H",8,0,4,-10,35,0
"H",8,0,4,-11,21,0
"H",8,0,4,-12,9,0
"H",8,0,4,-13,7,0
"H",8,0,4,-14,9,0
"H",8,0,4,-15,4,0
"H",8,0,4,-16,2,0
"H",8,0,4,-2,487,173
"H",8,0,4,-22,1,0
"H",8,0,4,-24,1,0
"H",8,0,4,-3,394,85
"H",8,0,4,-4,318,25
"H",8,0,4,-5,237,16
"H",8,0,4,-6,151,5
"H",8,0,4,-7,124,2
"H",8,0,4,-8,78,0
"H",8,0,4,-9,56,0
"H",8,0,4,0,435,356
"H",8,0,4,1,422,396
"H",8,0,4,10,29,29
"H",8,0,4,11,15,15
"H",8,0,4,12,13,13
"H",8,0,4,13,7,7
"H",8,0,4,14,5,5
"H",8,0,4,15,2,2
"H",8,0,4,16,2,2
"H",8,0,4,17,1,1
"H",8,0,4,19,1,1
"H",8,0,4,2,362,343
"H",8,0,4,3,292,287
"H",8,0,4,4,269,269
"H",8,0,4,5,161,161
"H",8,0,4,6,146,144
"H",8,0,4,7,95,95
"H",8,0,4,8,89,89
"H",8,0,4,9,66,66
"H",8,0,5,-1,152,83
"H",8,0,5,-10,5,0
"H",8,0,5,-11,7,0
"H",8,0,5,-12,3,0
"H",8,0,5,-13,3,0
"H",8,0,5,-14,2,0
"H",8,0,5,-2,89,24
"H",8,0,5,-20,1,0
"H",8,0,5,-3,61,7
"H",8,0,5,-4,50,3
"H",8,0,5,-5,42,3
"H",8,0,5,-6,29,2
"H",8,0,5,-7,23,0
"H",8,0,5,-8,20,0
"H",8,0,5,-9,5,0
"H",8,0,5,0,141,116
"H",8,0,5,1,171,164
"H",8,0,5,10,13,13
"H",8,0,5,11,10,10
"H",8,0,5,12,8,8
"H",8,0,5,13,6,6
"H",8,0,5,14,2,2
"H",8,0,5,15,3,3
"H",8,0,5,16,2,2
"H",8,0,5,18,1,1
"H",8,0,5,2,160,151
"H",8,0,5,20,1,1
"H",8,0,5,21,1,1
"H",8,0,5,3,125,125
"H",8,0,5,4,96,96
"H",8,0,5,5,70,70
"H",8,0,5,6,36,36
"H",8,0,5,7,39,39
"H",8,0,5,8,32,32
"H",8,0,5,9,18,18
"H",8,0,6,-1,174,116
"H",8,0,6,-10,6,0
"H",8,0,6,-11,8,0
"H",8,0,6,-12,3,0
"H",8,0,6,-15,3,0
"H",8,0,6,-2,175,62
"H",8,0,6,-3,137,33
"H",8,0,6,-4,84,10
"H",8,0,6,-5,62,5
"H",8,0,6,-6,44,0
"H",8,0,6,-7,40,0
"H",8,0,6,-8,20,0
"H",8,0,6,-9,15,0
"H",8,0,6,0,183,155
"H",8,0,6,1,194,187
"H",8,0,6,10,20,20
"H",8,0,6,11,14,14
"H",8,0,6,12,6,6
"H",8,0,6,13,3,3
"H",8,0,6,14,1,1
"H",8,0,6,15,3,3
"H",8,0,6,16,1,1
"H",8,0,6,17,1,1
"H",8,0,6,19,1,1
"H",8,0,6,2,169,167
"H",8,0,6,3,138,135
"H",8,0,6,4,123,122
"H",8,0,6,5,106,106
"H",8,0,6,6,62,61
"H",8,0,6,7,46,46
"H",8,0,6,8,45,45
"H",8,0,6,9,28,28
"H",8,0,7,-1,84,55
"H",8,0,7,-10,5,0
"H",8,0,7,-11,3,0
"H",8,0,7,-12,2,0
"H",8,0,7,-13,4,0
"H",8,0,7,-14,3,0
"H",8,0,7,-2,100,48
"H",8,0,7,-3,84,20
"H",8,0,7,-4,44,12
"H",8,0,7,-5,43,1
"H",8,0,7,-6,33,2
"H",8,0,7,-7,22,1
"H",8,0,7,-8,13,1
"H",8,0,7,-9,12,0
"H",8,0,7,0,84,73
"H",8,0,7,1,98,95
"H",8,0,7,10,17,17
"H",8,0,7,11,12,12
"H",8,0,7,12,1,1
"H",8,0,7,13,3,3
"H",8,0,7,14,3,3
"H",8,0,7,16,2,2
"H",8,0,7,2,96,95
"H",8,0,7,3,70,69
"H",8,0,7,4,83,83
"H",8,0,7,5,50,49
"H",8,0,7,6,34,34
"H",8,0,7,7,31,31
"H",8,0,7,8,23,23
"H",8,0,7,9,25,25
"H",8,0,8,-1,142,96
"H",8,0,8,-10,9,0
"H",8,0,8,-11,2,0
"H",8,0,8,-12,1,0
"H",8,0,8,-13,2,0
"H",8,0,8,-14,1,0
"H",8,0,8,-2,120,59
"H",8,0,8,-22,1,0
"H",8,0,8,-3,72,25
"H",8,0,8,-4,79,15
"H",8,0,8,-5,63,6
"H",8,0,8,-6,30,1
"H",8,0,8,-7,28,0
"H",8,0,8,-8,14,0
"H",8,0,8,-9,12,0
"H",8,0,8,0,141,114
"H",8,0,8,1,134,130
"H",8,0,8,10,9,9
"H",8,0,8,11,7,7
"H",8,0,8,12,4,4
"H",8,0,8,13,4,4
"H",8,0,8,15,1,1
"H",8,0,8,16,3,3
"H",8,0,8,19,1,1
"H",8,0,8,2,109,104
"H",8,0,8,3,82,82
"H",8,0,8,4,73,72
"H",8,0,8,5,63,63
"H",8,0,8,6,32,32
"H",8,0,8,7,24,24
"H",8,0,8,8,23,23
"H",8,0,8,9,21,21
"H",8,1,1,-1,5491,1248
"H",8,1,1,-10,232,0
"H",8,1,1,-11,180,0
"H",8,1,1,-12,117,0
"H",8,1,1,-13,83,0
"H",8,1,1,-14,50,0
"H",8,1,1,-15,25,0
"H",8,1,1,-16,12,0
"H",8,1,1,-17,13,0
"H",8,1,1,-18,4,0
"H",8,1,1,-19,6,0
"H",8,1,1,-2,4640,564
"H",8,1,1,-20,1,0
"H",8,1,1,-21,1,0
"H",8,1,1,-23,2,0
"H",8,1,1,-25,1,0
"H",8,1,1,-3,3732,202
"H",8,1,1,-4,2759,66
"H",8,1,1,-5,2000,29
"H",8,1,1,-6,1468,7
"H",8,1,1,-7,1011,2
"H",8,1,1,-8,615,1
"H",8,1,1,-9,416,0
"H",8,1,1,0,5819,3414
"H",8,1,1,1,5575,4891
"H",8,1,1,10,289,289
"H",8,1,1,11,171,171
"H",8,1,1,12,122,122
"H",8,1,1,13,53,53
"H",8,1,1,14,51,51
"H",8,1,1,15,26,26
"H",8,1,1,16,19,19
"H",8,1,1,17,5,5
"H",8,1,1,18,7,7
"H",8,1,1,19,2,2
"H",8,1,1,2,4535,4345
"H",8,1,1,20,1,1
"H",8,1,1,21,1,1
"H",8,1,1,25,1,1
"H",8,1,1,26,1,1
"H",8,1,1,3,3631,3565
"H",8,1,1,4,2886,2857
"H",8,1,1,5,2038,2032
"H",8,1,1,6,1388,1383
"H",8,1,1,7,982,982
"H",8,1,1,8,675,675
"H",8,1,1,9,423,423
"H",8,1,2,-1,2385,698
"H",8,1,2,-10,113,0
"H",8,1,2,-11,69,1
"H",8,1,2,-12,69,0
"H",8,1,2,-13,32,0
"H",8,1,2,-14,17,0
"H",8,1,2,-15,18,0
"H",8,1,2,-16,13,0
"H",8,1,2,-17,6,0
"H",8,1,2,-18,2,0
"H",8,1,2,-19,3,0
"H",8,1,2,-2,2245,387
"H",8,1,2,-20,2,0
"H",8,1,2,-21,1,0
"H",8,1,2,-23,1,0
"H",8,1,2,-3,1812,156
"H",8,1,2,-4,1366,56
"H",8,1,2,-5,993,22
"H",8,1,2,-6,713,5
"H",8,1,2,-7,498,1
"H",8,1,2,-8,293,2
"H",8,1,2,-9,170,0
"H",8,1,2,0,2449,1539
"H",8,1,2,1,2383,2133
"H",8,1,2,10,161,161
"H",8,1,2,11,94,94
"H",8,1,2,12,65,65
"H",8,1,2,13,33,33
"H",8,1,2,14,28,28
"H",8,1,2,15,14,14
"H",8,1,2,16,10,10
"H",8,1,2,17,5,5
"H",8,1,2,18,2,2
"H",8,1,2,19,2,2
"H",8,1,2,2,2053,1960
"H",8,1,2,20,1,1
"H",8,1,2,23,1,1
"H",8,1,2,3,1736,1695
"H",8,1,2,4,1300,1287
"H",8,1,2,5,1009,1006
"H",8,1,2,6,706,705
"H",8,1,2,7,594,594
"H",8,1,2,8,380,380
"H",8,1,2,9,225,225
"H",8,1,3,-1,1255,462
"H",8,1,3,-10,40,0
"H",8,1,3,-11,26,0
"H",8,1,3,-12,7,0
"H",8,1,3,-13,15,0
"H",8,1,3,-14,7,0
"H",8,1,3,-15,4,0
"H",8,1,3,-16,5,0
"H",8,1,3,-2,571,98
"H",8,1,3,-3,478,44
"H",8,1,3,-4,390,17
"H",8,1,3,-5,298,9
"H",8,1,3,-6,183,0
"H",8,1,3,-7,156,1
"H",8,1,3,-8,84,0
"H",8,1,3,-9,49,0
"H",8,1,3,0,1644,1161
"H",8,1,3,1,1534,1374
"H",8,1,3,10,82,82
"H",8,1,3,11,56,56
"H",8,1,3,12,40,40
"H",8,1,3,13,15,15
"H",8,1,3,14,14,14
"H",8,1,3,15,4,4
"H",8,1,3,16,7,7
"H",8,1,3,17,4,4
"H",8,1,3,18,1,1
"H",8,1,3,19,2,2
"H",8,1,3,2,1279,1231
"H",8,1,3,3,1050,1033
"H",8,1,3,4,740,736
"H",8,1,3,5,520,517
"H",8,1,3,6,356,356
"H",8,1,3,7,239,239
"H",8,1,3,8,141,141
"H",8,1,3,9,117,117
"H",8,1,4,-1,831,339
"H",8,1,4,-10,49,0
"H",8,1,4,-11,25,1
"H",8,1,4,-12,15,0
"H",8,1,4,-13,13,0
"H",8,1,4,-14,8,0
"H",8,1,4,-15,10,0
"H",8,1,4,-16,1,0
"H",8,1,4,-17,5,0
"H",8,1,4,-2,744,196
"H",8,1,4,-20,1,0
"H",8,1,4,-3,635,79
"H",8,1,4,-4,499,31
"H",8,1,4,-5,336,10
"H",8,1,4,-6,261,5
"H",8,1,4,-7,173,0
"H",8,1,4,-8,119,1
"H",8,1,4,-9,74,0
"H",8,1,4,0,1094,772
"H",8,1,4,1,984,875
"H",8,1,4,10,67,67
"H",8,1,4,11,29,29
"H",8,1,4,12,32,32
"H",8,1,4,13,15,15
"H",8,1,4,14,15,15
"H",8,1,4,15,7,7
"H",8,1,4,16,7,7
"H",8,1,4,17,4,4
"H",8,1,4,18,1,1
"H",8,1,4,19,1,1
"H",8,1,4,2,797,764
"H",8,1,4,20,2,2
"H",8,1,4,21,1,1
"H",8,1,4,3,652,639
"H",8,1,4,4,469,468
"H",8,1,4,5,363,363
"H",8,1,4,6,273,272
"H",8,1,4,7,221,221
"H",8,1,4,8,176,176
"H",8,1,4,9,110,110
"H",8,1,5,-1,438,205
"H",8,1,5,-10,10,0
"H",8,1,5,-11,5,0
"H",8,1,5,-12,4,0
"H",8,1,5,-13,5,0
"H",8,1,5,-14,5,0
"H",8,1,5,-16,1,0
"H",8,1,5,-2,201,40
"H",8,1,5,-3,149,15
"H",8,1,5,-4,134,7
"H",8,1,5,-5,90,1
"H",8,1,5,-6,87,0
"H",8,1,5,-7,35,0
"H",8,1,5,-8,30,0
"H",8,1,5,-9,17,1
"H",8,1,5,0,459,358
"H",8,1,5,1,460,423
"H",8,1,5,10,41,41
"H",8,1,5,11,27,27
"H",8,1,5,12,18,18
"H",8,1,5,13,7,7
"H",8,1,5,14,6,6
"H",8,1,5,15,1,1
"H",8,1,5,16,6,6
"H",8,1,5,17,1,1
"H",8,1,5,18,5,5
"H",8,1,5,2,473,449
"H",8,1,5,21,1,1
"H",8,1,5,3,391,385
"H",8,1,5,4,295,295
"H",8,1,5,5,231,230
"H",8,1,5,6,139,139
"H",8,1,5,7,101,101
"H",8,1,5,8,73,73
"H",8,1,5,9,46,46
"H",8,1,6,-1,403,186
"H",8,1,6,-10,18,0
"H",8,1,6,-11,11,0
"H",8,1,6,-12,6,0
"H",8,1,6,-13,2,0
"H",8,1,6,-14,4,0
"H",8,1,6,-15,2,0
"H",8,1,6,-19,1,0
"H",8,1,6,-2,339,103
"H",8,1,6,-24,1,0
"H",8,1,6,-3,275,49
"H",8,1,6,-4,219,17
"H",8,1,6,-5,155,3
"H",8,1,6,-6,96,2
"H",8,1,6,-7,77,2
"H",8,1,6,-8,45,1
"H",8,1,6,-9,31,0
"H",8,1,6,0,492,392
"H",8,1,6,1,475,444
"H",8,1,6,10,38,38
"H",8,1,6,11,30,30
"H",8,1,6,12,8,8
"H",8,1,6,13,10,10
"H",8,1,6,14,5,5
"H",8,1,6,15,1,1
"H",8,1,6,16,1,1
"H",8,1,6,17,3,3
"H",8,1,6,18,1,1
"H",8,1,6,19,1,1
"H",8,1,6,2,411,402
"H",8,1,6,23,1,1
"H",8,1,6,3,370,363
"H",8,1,6,4,266,264
"H",8,1,6,5,242,241
"H",8,1,6,6,160,159
"H",8,1,6,7,110,110
"H",8,1,6,8,78,78
"H",8,1,6,9,49,49
"H",8,1,7,-1,286,169
"H",8,1,7,-10,5,0
"H",8,1,7,-11,5,0
"H",8,1,7,-12,6,0
"H",8,1,7,-13,4,0
"H",8,1,7,-14,6,0
"H",8,1,7,-15,1,0
"H",8,1,7,-16,2,0
"H",8,1,7,-2,300,102
"H",8,1,7,-3,172,31
"H",8,1,7,-4,95,7
"H",8,1,7,-5,86,4
"H",8,1,7,-6,56,0
"H",8,1,7,-7,37,0
"H",8,1,7,-8,20,0
"H",8,1,7,-9,13,0
"H",8,1,7,0,366,296
"H",8,1,7,1,357,330
"H",8,1,7,10,29,29
"H",8,1,7,11,17,17
"H",8,1,7,12,11,11
"H",8,1,7,13,3,3
"H",8,1,7,14,4,4
"H",8,1,7,15,2,2
"H",8,1,7,16,1,1
"H",8,1,7,17,1,1
"H",8,1,7,2,383,365
"H",8,1,7,21,1,1
"H",8,1,7,3,271,266
"H",8,1,7,4,257,255
"H",8,1,7,5,171,170
"H",8,1,7,6,134,133
"H",8,1,7,7,103,103
"H",8,1,7,8,60,60
"H",8,1,7,9,42,42
"H",8,1,8,-1,328,192
"H",8,1,8,-10,10,0
"H",8,1,8,-11,6,0
"H",8,1,8,-12,1,0
"H",8,1,8,-13,5,0
"H",8,1,8,-14,2,0
"H",8,1,8,-15,1,0
"H",8,1,8,-16,1,0
"H",8,1,8,-17,1,0
"H",8,1,8,-2,211,68
"H",8,1,8,-22,1,0
"H",8,1,8,-3,153,27
"H",8,1,8,-4,129,19
"H",8,1,8,-5,83,6
"H",8,1,8,-6,60,3
"H",8,1,8,-7,42,1
"H",8,1,8,-8,29,1
"H",8,1,8,-9,20,0
"H",8,1,8,0,477,370
"H",8,1,8,1,417,389
"H",8,1,8,10,20,20
"H",8,1,8,11,8,8
"H",8,1,8,12,6,6
"H",8,1,8,13,2,2
"H",8,1,8,14,3,3
"H",8,1,8,15,2,2
"H",8,1,8,16,1,1
"H",8,1,8,17,2,2
"H",8,1,8,19,1,1
"H",8,1,8,2,352,340
"H",8,1,8,3,240,236
"H",8,1,8,4,194,194
"H",8,1,8,5,154,154
"H",8,1,8,6,93,93
"H",8,1,8,7,67,67
"H",8,1,8,8,46,46
"H",8,1,8,9,35,35
"H",8,2,1,-1,4087,751
"H",8,2,1,-10,182,0
"H",8,2,1,-11,147,0
"H",8,2,1,-12,85,0
"H",8,2,1,-13,62,0
"H",8,2,1,-14,37,0
"H",8,2,1,-15,18,0
"H",8,2,1,-16,4,0
"H",8,2,1,-17,10,0
"H",8,2,1,-18,2,0
"H",8,2,1,-19,4,0
"H",8,2,1,-2,3473,303
"H",8,2,1,-21,1,0
"H",8,2,1,-23,1,0
"H",8,2,1,-25,1,0
"H",8,2,1,-3,2783,104
"H",8,2,1,-4,2054,35
"H",8,2,1,-5,1464,7
"H",8,2,1,-6,1082,1
"H",8,2,1,-7,734,2
"H",8,2,1,-8,449,0
"H",8,2,1,-9,338,0
"H",8,2,1,0,4390,2425
"H",8,2,1,1,4243,3693
"H",8,2,1,10,260,260
"H",8,2,1,11,157,157
"H",8,2,1,12,100,100
"H",8,2,1,13,72,72
"H",8,2,1,14,40,40
"H",8,2,1,15,25,25
"H",8,2,1,16,19,19
"H",8,2,1,17,8,8
"H",8,2,1,18,8,8
"H",8,2,1,19,2,2
"H",8,2,1,2,3510,3340
"H",8,2,1,20,1,1
"H",8,2,1,21,2,2
"H",8,2,1,26,1,1
"H",8,2,1,3,2909,2848
"H",8,2,1,4,2343,2317
"H",8,2,1,5,1687,1683
"H",8,2,1,6,1126,1121
"H",8,2,1,7,758,758
"H",8,2,1,8,572,572
"H",8,2,1,9,400,400
"H",8,2,2,-1,2377,532
"H",8,2,2,-10,108,0
"H",8,2,2,-11,84,0
"H",8,2,2,-12,60,0
"H",8,2,2,-13,30,0
"H",8,2,2,-14,16,0
"H",8,2,2,-15,9,0
"H",8,2,2,-16,6,0
"H",8,2,2,-17,3,0
"H",8,2,2,-18,4,0
"H",8,2,2,-19,4,0
"H",8,2,2,-2,2236,262
"H",8,2,2,-20,1,0
"H",8,2,2,-23,2,0
"H",8,2,2,-3,1726,85
"H",8,2,2,-4,1319,30
"H",8,2,2,-5,945,13
"H",8,2,2,-6,698,2
"H",8,2,2,-7,516,2
"H",8,2,2,-8,271,0
"H",8,2,2,-9,183,0
"H",8,2,2,0,2492,1441
"H",8,2,2,1,2364,2076
"H",8,2,2,10,212,212
"H",8,2,2,11,124,124
"H",8,2,2,12,92,92
"H",8,2,2,13,54,54
"H",8,2,2,14,29,29
"H",8,2,2,15,15,15
"H",8,2,2,16,11,11
"H",8,2,2,17,5,5
"H",8,2,2,18,5,5
"H",8,2,2,19,3,3
"H",8,2,2,2,2086,1971
"H",8,2,2,20,3,3
"H",8,2,2,21,1,1
"H",8,2,2,26,1,1
"H",8,2,2,3,1762,1730
"H",8,2,2,4,1464,1448
"H",8,2,2,5,1075,1071
"H",8,2,2,6,777,776
"H",8,2,2,7,598,598
"H",8,2,2,8,419,418
"H",8,2,2,9,257,257
"H",8,2,3,-1,1284,333
"H",8,2,3,-10,49,0
"H",8,2,3,-11,32,0
"H",8,2,3,-12,16,0
"H",8,2,3,-13,11,0
"H",8,2,3,-14,7,0
"H",8,2,3,-15,5,0
"H",8,2,3,-16,5,0
"H",8,2,3,-2,754,84
"H",8,2,3,-3,655,31
"H",8,2,3,-4,472,10
"H",8,2,3,-5,338,4
"H",8,2,3,-6,227,1
"H",8,2,3,-7,163,0
"H",8,2,3,-8,102,0
"H",8,2,3,-9,54,0
"H",8,2,3,0,1442,916
"H",8,2,3,1,1535,1347
"H",8,2,3,10,114,114
"H",8,2,3,11,62,62
"H",8,2,3,12,57,57
"H",8,2,3,13,18,18
"H",8,2,3,14,19,19
"H",8,2,3,15,18,18
"H",8,2,3,16,5,5
"H",8,2,3,17,3,3
"H",8,2,3,18,2,2
"H",8,2,3,19,2,2
"H",8,2,3,2,1344,1286
"H",8,2,3,22,1,1
"H",8,2,3,24,1,1
"H",8,2,3,25,1,1
"H",8,2,3,3,1218,1193
"H",8,2,3,4,933,925
"H",8,2,3,5,707,703
"H",8,2,3,6,500,498
"H",8,2,3,7,318,318
"H",8,2,3,8,233,233
"H",8,2,3,9,170,170
"H",8,2,4,-1,1062,303
"H",8,2,4,-10,46,0
"H",8,2,4,-11,36,0
"H",8,2,4,-12,20,0
"H",8,2,4,-13,14,0
"H",8,2,4,-14,6,0
"H",8,2,4,-15,3,0
"H",8,2,4,-16,3,0
"H",8,2,4,-17,1,0
"H",8,2,4,-19,2,0
"H",8,2,4,-2,882,134
"H",8,2,4,-20,1,0
"H",8,2,4,-21,1,0
"H",8,2,4,-3,735,61
"H",8,2,4,-4,562,20
"H",8,2,4,-5,390,7
"H",8,2,4,-6,304,2
"H",8,2,4,-7,215,1
"H",8,2,4,-8,132,0
"H",8,2,4,-9,90,0
"H",8,2,4,0,1404,874
"H",8,2,4,1,1294,1137
"H",8,2,4,10,107,107
"H",8,2,4,11,62,62
"H",8,2,4,12,44,44
"H",8,2,4,13,32,32
"H",8,2,4,14,14,14
"H",8,2,4,15,8,8
"H",8,2,4,16,4,4
"H",8,2,4,17,3,3
"H",8,2,4,18,5,5
"H",8,2,4,19,4,4
"H",8,2,4,2,1124,1063
"H",8,2,4,3,940,926
"H",8,2,4,4,703,701
"H",8,2,4,5,529,526
"H",8,2,4,6,400,400
"H",8,2,4,7,278,278
"H",8,2,4,8,211,210
"H",8,2,4,9,155,155
"H",8,2,5,-1,556,159
"H",8,2,5,-10,8,0
"H",8,2,5,-11,9,0
"H",8,2,5,-12,4,0
"H",8,2,5,-13,6,0
"H",8,2,5,-14,6,0
"H",8,2,5,-15,2,0
"H",8,2,5,-16,2,0
"H",8,2,5,-18,1,0
"H",8,2,5,-19,1,0
"H",8,2,5,-2,294,30
"H",8,2,5,-3,246,17
"H",8,2,5,-4,192,4
"H",8,2,5,-5,129,1
"H",8,2,5,-6,99,1
"H",8,2,5,-7,68,0
"H",8,2,5,-8,46,0
"H",8,2,5,-9,33,0
"H",8,2,5,0,546,356
"H",8,2,5,1,564,505
"H",8,2,5,10,50,50
"H",8,2,5,11,35,35
"H",8,2,5,12,33,33
"H",8,2,5,13,13,13
"H",8,2,5,14,7,7
"H",8,2,5,15,6,6
"H",8,2,5,16,5,5
"H",8,2,5,17,3,3
"H",8,2,5,18,3,3
"H",8,2,5,19,1,1
"H",8,2,5,2,587,558
"H",8,2,5,21,1,1
"H",8,2,5,3,480,471
"H",8,2,5,4,384,384
"H",8,2,5,5,310,309
"H",8,2,5,6,214,213
"H",8,2,5,7,160,160
"H",8,2,5,8,107,107
"H",8,2,5,9,101,101
"H",8,2,6,-1,533,157
"H",8,2,6,-10,21,0
"H",8,2,6,-11,16,0
"H",8,2,6,-12,11,0
"H",8,2,6,-13,7,0
"H",8,2,6,-14,9,0
"H",8,2,6,-15,3,0
"H",8,2,6,-16,1,0
"H",8,2,6,-17,1,0
"H",8,2,6,-2,382,60
"H",8,2,6,-3,287,23
"H",8,2,6,-4,221,10
"H",8,2,6,-5,165,4
"H",8,2,6,-6,110,1
"H",8,2,6,-7,76,0
"H",8,2,6,-8,44,0
"H",8,2,6,-9,21,0
"H",8,2,6,0,586,386
"H",8,2,6,1,617,546
"H",8,2,6,10,42,42
"H",8,2,6,11,30,30
"H",8,2,6,12,24,24
"H",8,2,6,13,7,7
"H",8,2,6,14,6,6
"H",8,2,6,15,3,3
"H",8,2,6,16,4,4
"H",8,2,6,17,2,2
"H",8,2,6,18,2,2
"H",8,2,6,2,559,533
"H",8,2,6,20,1,1
"H",8,2,6,3,437,428
"H",8,2,6,4,357,356
"H",8,2,6,5,261,261
"H",8,2,6,6,193,192
"H",8,2,6,7,142,142
"H",8,2,6,8,92,92
"H",8,2,6,9,63,63
"H",8,2,7,-1,268,83
"H",8,2,7,-10,13,0
"H",8,2,7,-11,8,0
"H",8,2,7,-12,11,0
"H",8,2,7,-13,2,0
"H",8,2,7,-14,1,0
"H",8,2,7,-15,5,0
"H",8,2,7,-16,1,0
"H",8,2,7,-17,2,0
"H",8,2,7,-18,1,0
"H",8,2,7,-2,271,53
"H",8,2,7,-3,198,13
"H",8,2,7,-4,139,3
"H",8,2,7,-5,87,3
"H",8,2,7,-6,78,0
"H",8,2,7,-7,46,0
"H",8,2,7,-8,25,0
"H",8,2,7,-9,18,0
"H",8,2,7,0,349,232
"H",8,2,7,1,373,335
"H",8,2,7,10,38,38
"H",8,2,7,11,21,21
"H",8,2,7,12,13,13
"H",8,2,7,13,9,9
"H",8,2,7,14,9,9
"H",8,2,7,15,5,5
"H",8,2,7,16,3,3
"H",8,2,7,17,2,2
"H",8,2,7,18,1,1
"H",8,2,7,2,365,348
"H",8,2,7,20,1,1
"H",8,2,7,21,1,1
"H",8,2,7,3,325,321
"H",8,2,7,4,269,264
"H",8,2,7,5,176,173
"H",8,2,7,6,126,124
"H",8,2,7,7,91,91
"H",8,2,7,8,69,69
"H",8,2,7,9,47,47
"H",8,2,8,-1,397,146
"H",8,2,8,-10,17,0
"H",8,2,8,-11,11,0
"H",8,2,8,-12,11,0
"H",8,2,8,-13,6,0
"H",8,2,8,-15,2,0
"H",8,2,8,-16,1,0
"H",8,2,8,-2,280,48
"H",8,2,8,-20,1,0
"H",8,2,8,-3,207,22
"H",8,2,8,-4,180,10
"H",8,2,8,-5,109,6
"H",8,2,8,-6,74,1
"H",8,2,8,-7,55,0
"H",8,2,8,-8,29,0
"H",8,2,8,-9,17,0
"H",8,2,8,0,535,365
"H",8,2,8,1,476,426
"H",8,2,8,10,34,34
"H",8,2,8,11,18,18
"H",8,2,8,12,18,18
"H",8,2,8,13,9,9
"H",8,2,8,14,2,2
"H",8,2,8,15,6,6
"H",8,2,8,16,1,1
"H",8,2,8,2,416,397
"H",8,2,8,3,320,311
"H",8,2,8,4,227,224
"H",8,2,8,5,199,198
"H",8,2,8,6,140,139
"H",8,2,8,7,88,88
"H",8,2,8,8,60,60
"H",8,2,8,9,64,64
"H",9,0,1,-1,7524,1397
"H",9,0,1,-10,456,0
"H",9,0,1,-11,327,0
"H",9,0,1,-12,194,0
"H",9,0,1,-13,140,0
"H",9,0,1,-14,104,0
"H",9,0,1,-15,58,0
"H",9,0,1,-16,36,0
"H",9,0,1,-17,19,0
"H",9,0,1,-18,18,0
"H",9,0,1,-19,8,0
"H",9,0,1,-2,6435,569
"H",9,0,1,-20,3,0
"H",9,0,1,-21,2,0
"H",9,0,1,-22,1,0
"H",9,0,1,-23,3,0
"H",9,0,1,-25,1,0
"H",9,0,1,-3,5276,211
"H",9,0,1,-4,4160,61
"H",9,0,1,-5,3093,35
"H",9,0,1,-6,2303,6
"H",9,0,1,-7,1690,1
"H",9,0,1,-8,1148,0
"H",9,0,1,-9,735,0
"H",9,0,1,0,7474,4943
"H",9,0,2,-1,2059,632
"H",9,0,2,-10,135,0
"H",9,0,2,-11,88,0
"H",9,0,2,-12,46,0
"H",9,0,2,-13,48,0
"H",9,0,2,-14,31,0
"H",9,0,2,-15,22,0
"H",9,0,2,-16,11,0
"H",9,0,2,-17,3,0
"H",9,0,2,-18,5,0
"H",9,0,2,-19,3,0
"H",9,0,2,-2,1785,318
"H",9,0,2,-20,1,0
"H",9,0,2,-21,1,0
"H",9,0,2,-22,1,0
"H",9,0,2,-25,1,0
"H",9,0,2,-3,1450,133
"H",9,0,2,-4,1144,37
"H",9,0,2,-5,851,25
"H",9,0,2,-6,645,4
"H",9,0,2,-7,507,0
"H",9,0,2,-8,334,0
"H",9,0,2,-9,186,0
"H",9,0,2,0,2133,1559
"H",9,0,3,-1,410,181
"H",9,0,3,-10,25,0
"H",9,0,3,-11,24,0
"H",9,0,3,-12,13,0
"H",9,0,3,-13,10,0
"H",9,0,3,-14,11,0
"H",9,0,3,-15,4,0
"H",9,0,3,-16,4,0
"H",9,0,3,-17,1,0
"H",9,0,3,-18,2,0
"H",9,0,3,-19,1,0
"H",9,0,3,-2,360,78
"H",9,0,3,-3,311,22
"H",9,0,3,-4,222,8
"H",9,0,3,-5,201,2
"H",9,0,3,-6,139,0
"H",9,0,3,-7,112,0
"H",9,0,3,-8,80,0
"H",9,0,3,-9,48,0
"H",9,0,3,0,426,351
"H",9,0,4,-1,353,192
"H",9,0,4,-10,33,0
"H",9,0,4,-11,20,0
"H",9,0,4,-12,14,0
"H",9,0,4,-13,14,0
"H",9,0,4,-14,7,0
"H",9,0,4,-15,6,0
"H",9,0,4,-16,4,0
"H",9,0,4,-18,2,0
"H",9,0,4,-2,495,143
"H",9,0,4,-20,1,0
"H",9,0,4,-23,1,0
"H",9,0,4,-25,1,0
"H",9,0,4,-3,407,77
"H",9,0,4,-4,328,23
"H",9,0,4,-5,220,11
"H",9,0,4,-6,175,1
"H",9,0,4,-7,123,0
"H",9,0,4,-8,80,0
"H",9,0,4,-9,56,0
"H",9,0,4,0,423,362
"H",9,0,5,-1,102,57
"H",9,0,5,-10,12,0
"H",9,0,5,-11,10,0
"H",9,0,5,-12,4,0
"H",9,0,5,-13,2,0
"H",9,0,5,-14,5,0
"H",9,0,5,-15,3,0
"H",9,0,5,-2,97,18
"H",9,0,5,-3,75,6
"H",9,0,5,-4,74,6
"H",9,0,5,-5,71,0
"H",9,0,5,-6,43,0
"H",9,0,5,-7,27,0
"H",9,0,5,-8,29,0
"H",9,0,5,-9,16,0
"H",9,0,5,0,114,107
"H",9,0,6,-1,156,108
"H",9,0,6,-10,10,0
"H",9,0,6,-11,7,0
"H",9,0,6,-12,4,0
"H",9,0,6,-13,5,0
"H",9,0,6,-14,3,0
"H",9,0,6,-15,2,0
"H",9,0,6,-16,1,0
"H",9,0,6,-18,1,0
"H",9,0,6,-19,1,0
"H",9,0,6,-2,169,56
"H",9,0,6,-3,123,22
"H",9,0,6,-4,84,5
"H",9,0,6,-5,55,1
"H",9,0,6,-6,46,0
"H",9,0,6,-7,38,0
"H",9,0,6,-8,23,0
"H",9,0,6,-9,11,0
"H",9,0,6,0,215,205
"H",9,0,7,-1,90,64
"H",9,0,7,-10,7,0
"H",9,0,7,-11,9,0
"H",9,0,7,-12,4,0
"H",9,0,7,-13,2,0
"H",9,0,7,-14,2,0
"H",9,0,7,-15,2,0
"H",9,0,7,-16,1,0
"H",9,0,7,-17,1,0
"H",9,0,7,-2,81,32
"H",9,0,7,-3,58,11
"H",9,0,7,-4,51,5
"H",9,0,7,-5,52,3
"H",9,0,7,-6,32,1
"H",9,0,7,-7,30,0
"H",9,0,7,-8,15,0
"H",9,0,7,-9,8,0
"H",9,0,7,0,94,88
"H",9,0,8,-1,143,107
"H",9,0,8,-10,13,0
"H",9,0,8,-11,7,0
"H",9,0,8,-12,2,0
"H",9,0,8,-13,3,0
"H",9,0,8,-14,1,0
"H",9,0,8,-15,1,0
"H",9,0,8,-16,1,0
"H",9,0,8,-2,110,51
"H",9,0,8,-25,1,0
"H",9,0,8,-3,104,39
"H",9,0,8,-4,77,12
"H",9,0,8,-5,57,8
"H",9,0,8,-6,49,1
"H",9,0,8,-7,32,0
"H",9,0,8,-8,19,0
"H",9,0,8,-9,17,0
"H",9,0,8,0,288,272
"H",9,1,1,-1,5183,539
"H",9,1,1,-10,296,0
"H",9,1,1,-11,210,0
"H",9,1,1,-12,141,0
"H",9,1,1,-13,90,0
"H",9,1,1,-14,68,0
"H",9,1,1,-15,31,0
"H",9,1,1,-16,22,0
"H",9,1,1,-17,16,0
"H",9,1,1,-18,11,0
"H",9,1,1,-19,3,0
"H",9,1,1,-2,4384,170
"H",9,1,1,-20,2,0
"H",9,1,1,-21,1,0
"H",9,1,1,-23,3,0
"H",9,1,1,-3,3607,62
"H",9,1,1,-4,2833,15
"H",9,1,1,-5,2083,7
"H",9,1,1,-6,1521,1
"H",9,1,1,-7,1093,1
"H",9,1,1,-8,738,0
"H",9,1,1,-9,516,0
"H",9,1,1,0,5044,3052
"H",9,1,2,-1,2215,433
"H",9,1,2,-10,163,0
"H",9,1,2,-11,105,0
"H",9,1,2,-12,66,0
"H",9,1,2,-13,39,0
"H",9,1,2,-14,35,0
"H",9,1,2,-15,19,0
"H",9,1,2,-16,12,0
"H",9,1,2,-17,8,0
"H",9,1,2,-18,6,0
"H",9,1,2,-19,2,0
"H",9,1,2,-2,2088,204
"H",9,1,2,-21,1,0
"H",9,1,2,-22,1,0
"H",9,1,2,-3,1675,70
"H",9,1,2,-4,1362,17
"H",9,1,2,-5,992,11
"H",9,1,2,-6,748,3
"H",9,1,2,-7,552,1
"H",9,1,2,-8,367,0
"H",9,1,2,-9,236,0
"H",9,1,2,0,2190,1431
"H",9,1,3,-1,1176,324
"H",9,1,3,-10,58,0
"H",9,1,3,-11,30,0
"H",9,1,3,-12,23,0
"H",9,1,3,-13,18,0
"H",9,1,3,-14,15,0
"H",9,1,3,-15,8,0
"H",9,1,3,-16,3,0
"H",9,1,3,-17,2,0
"H",9,1,3,-18,5,0
"H",9,1,3,-19,2,0
"H",9,1,3,-2,572,58
"H",9,1,3,-3,461,14
"H",9,1,3,-4,410,7
"H",9,1,3,-5,316,4
"H",9,1,3,-6,252,0
"H",9,1,3,-7,184,0
"H",9,1,3,-8,123,0
"H",9,1,3,-9,94,0
"H",9,1,3,0,1475,1086
"H",9,1,4,-1,702,245
"H",9,1,4,-10,57,0
"H",9,1,4,-11,33,0
"H",9,1,4,-12,22,0
"H",9,1,4,-13,19,0
"H",9,1,4,-14,12,0
"H",9,1,4,-15,6,0
"H",9,1,4,-16,7,0
"H",9,1,4,-17,2,0
"H",9,1,4,-18,1,0
"H",9,1,4,-19,1,0
"H",9,1,4,-2,774,154
"H",9,1,4,-23,1,0
"H",9,1,4,-3,609,71
"H",9,1,4,-4,488,18
"H",9,1,4,-5,361,11
"H",9,1,4,-6,258,3
"H",9,1,4,-7,203,0
"H",9,1,4,-8,125,0
"H",9,1,4,-9,93,0
"H",9,1,4,0,1243,947
"H",9,1,5,-1,314,140
"H",9,1,5,-10,23,0
"H",9,1,5,-11,12,0
"H",9,1,5,-12,8,0
"H",9,1,5,-13,6,0
"H",9,1,5,-14,8,0
"H",9,1,5,-15,3,0
"H",9,1,5,-16,1,0
"H",9,1,5,-18,1,0
"H",9,1,5,-2,210,29
"H",9,1,5,-3,160,5
"H",9,1,5,-4,129,4
"H",9,1,5,-5,120,0
"H",9,1,5,-6,80,0
"H",9,1,5,-7,81,0
"H",9,1,5,-8,52,0
"H",9,1,5,-9,29,0
"H",9,1,5,0,309,257
"H",9,1,6,-1,388,185
"H",9,1,6,-10,25,0
"H",9,1,6,-11,18,0
"H",9,1,6,-12,8,0
"H",9,1,6,-13,8,0
"H",9,1,6,-14,10,0
"H",9,1,6,-15,6,0
"H",9,1,6,-16,1,0
"H",9,1,6,-17,2,0
"H",9,1,6,-18,2,0
"H",9,1,6,-2,306,48
"H",9,1,6,-3,249,21
"H",9,1,6,-4,177,6
"H",9,1,6,-5,142,3
"H",9,1,6,-6,125,0
"H",9,1,6,-7,79,0
"H",9,1,6,-8,65,0
"H",9,1,6,-9,38,0
"H",9,1,6,0,490,422
"H",9,1,7,-1,275,152
"H",9,1,7,-10,11,0
"H",9,1,7,-11,10,0
"H",9,1,7,-12,4,0
"H",9,1,7,-13,5,0
"H",9,1,7,-14,2,0
"H",9,1,7,-15,3,0
"H",9,1,7,-16,1,0
"H",9,1,7,-17,2,0
"H",9,1,7,-2,295,92
"H",9,1,7,-3,142,13
"H",9,1,7,-4,132,6
"H",9,1,7,-5,77,1
"H",9,1,7,-6,71,0
"H",9,1,7,-7,68,0
"H",9,1,7,-8,31,0
"H",9,1,7,-9,30,0
"H",9,1,7,0,310,265
"H",9,1,8,-1,343,186
"H",9,1,8,-10,14,0
"H",9,1,8,-11,10,0
"H",9,1,8,-12,6,0
"H",9,1,8,-13,5,0
"H",9,1,8,-14,3,0
"H",9,1,8,-15,2,0
"H",9,1,8,-16,1,0
"H",9,1,8,-2,236,73
"H",9,1,8,-3,181,45
"H",9,1,8,-4,135,13
"H",9,1,8,-5,98,3
"H",9,1,8,-6,72,1
"H",9,1,8,-7,55,0
"H",9,1,8,-8,26,0
"H",9,1,8,-9,27,0
"H",9,1,8,0,776,678
"H",9,2,1,-1,3875,151
"H",9,2,1,-10,206,0
"H",9,2,1,-11,158,0
"H",9,2,1,-12,105,0
"H",9,2,1,-13,70,0
"H",9,2,1,-14,43,0
"H",9,2,1,-15,21,0
"H",9,2,1,-16,19,0
"H",9,2,1,-17,11,0
"H",9,2,1,-18,8,0
"H",9,2,1,-19,2,0
"H",9,2,1,-2,3253,44
"H",9,2,1,-20,2,0
"H",9,2,1,-21,1,0
"H",9,2,1,-23,3,0
"H",9,2,1,-3,2727,17
"H",9,2,1,-4,2080,3
"H",9,2,1,-5,1534,1
"H",9,2,1,-6,1133,0
"H",9,2,1,-7,816,0
"H",9,2,1,-8,551,0
"H",9,2,1,-9,369,0
"H",9,2,1,0,3722,2074
"H",9,2,2,-1,2364,207
"H",9,2,2,-10,147,0
"H",9,2,2,-11,102,0
"H",9,2,2,-12,64,0
"H",9,2,2,-13,48,0
"H",9,2,2,-14,29,0
"H",9,2,2,-15,21,0
"H",9,2,2,-16,6,0
"H",9,2,2,-17,9,0
"H",9,2,2,-18,5,0
"H",9,2,2,-19,2,0
"H",9,2,2,-2,2159,74
"H",9,2,2,-20,1,0
"H",9,2,2,-21,2,0
"H",9,2,2,-22,1,0
"H",9,2,2,-23,1,0
"H",9,2,2,-3,1764,25
"H",9,2,2,-4,1372,9
"H",9,2,2,-5,979,2
"H",9,2,2,-6,727,0
"H",9,2,2,-7,541,1
"H",9,2,2,-8,373,0
"H",9,2,2,-9,228,0
"H",9,2,2,0,2172,1263
"H",9,2,3,-1,1131,150
"H",9,2,3,-10,76,0
"H",9,2,3,-11,50,0
"H",9,2,3,-12,33,0
"H",9,2,3,-13,21,0
"H",9,2,3,-14,15,0
"H",9,2,3,-15,8,0
"H",9,2,3,-16,4,0
"H",9,2,3,-17,3,0
"H",9,2,3,-18,1,0
"H",9,2,3,-2,737,28
"H",9,2,3,-22,1,0
"H",9,2,3,-23,1,0
"H",9,2,3,-3,668,5
"H",9,2,3,-4,600,4
"H",9,2,3,-5,469,2
"H",9,2,3,-6,336,0
"H",9,2,3,-7,224,0
"H",9,2,3,-8,161,0
"H",9,2,3,-9,127,0
"H",9,2,3,0,1229,773
"H",9,2,4,-1,953,166
"H",9,2,4,-10,54,0
"H",9,2,4,-11,44,0
"H",9,2,4,-12,27,0
"H",9,2,4,-13,22,0
"H",9,2,4,-14,12,0
"H",9,2,4,-15,6,0
"H",9,2,4,-16,7,0
"H",9,2,4,-18,3,0
"H",9,2,4,-19,1,0
"H",9,2,4,-2,922,67
"H",9,2,4,-21,1,0
"H",9,2,4,-23,1,0
"H",9,2,4,-3,744,28
"H",9,2,4,-4,600,5
"H",9,2,4,-5,420,1
"H",9,2,4,-6,313,0
"H",9,2,4,-7,247,1
"H",9,2,4,-8,157,0
"H",9,2,4,-9,87,0
"H",9,2,4,0,1417,895
"H",9,2,5,-1,481,83
"H",9,2,5,-10,29,0
"H",9,2,5,-11,14,0
"H",9,2,5,-12,13,0
"H",9,2,5,-13,7,0
"H",9,2,5,-14,12,0
"H",9,2,5,-15,2,0
"H",9,2,5,-16,2,0
"H",9,2,5,-17,1,0
"H",9,2,5,-18,2,0
"H",9,2,5,-2,322,18
"H",9,2,5,-20,1,0
"H",9,2,5,-3,329,5
"H",9,2,5,-4,254,2
"H",9,2,5,-5,210,1
"H",9,2,5,-6,156,0
"H",9,2,5,-7,104,0
"H",9,2,5,-8,76,0
"H",9,2,5,-9,53,0
"H",9,2,5,0,371,264
"H",9,2,6,-1,492,96
"H",9,2,6,-10,26,0
"H",9,2,6,-11,20,0
"H",9,2,6,-12,10,0
"H",9,2,6,-13,7,0
"H",9,2,6,-14,6,0
"H",9,2,6,-15,5,0
"H",9,2,6,-16,1,0
"H",9,2,6,-17,2,0
"H",9,2,6,-18,1,0
"H",9,2,6,-2,372,35
"H",9,2,6,-3,291,14
"H",9,2,6,-4,237,4
"H",9,2,6,-5,185,2
"H",9,2,6,-6,121,1
"H",9,2,6,-7,84,0
"H",9,2,6,-8,60,0
"H",9,2,6,-9,39,0
"H",9,2,6,0,567,399
"H",9,2,7,-1,261,68
"H",9,2,7,-10,21,0
"H",9,2,7,-11,17,0
"H",9,2,7,-12,7,0
"H",9,2,7,-13,10,0
"H",9,2,7,-14,2,0
"H",9,2,7,-15,4,0
"H",9,2,7,-16,1,0
"H",9,2,7,-17,2,0
"H",9,2,7,-2,286,40
"H",9,2,7,-3,188,11
"H",9,2,7,-4,144,1
"H",9,2,7,-5,122,1
"H",9,2,7,-6,95,0
"H",9,2,7,-7,59,0
"H",9,2,7,-8,33,0
"H",9,2,7,-9,32,0
"H",9,2,7,0,387,263
"H",9,2,8,-1,367,85
"H",9,2,8,-10,13,0
"H",9,2,8,-11,10,0
"H",9,2,8,-12,6,0
"H",9,2,8,-13,5,0
"H",9,2,8,-14,1,0
"H",9,2,8,-15,2,0
"H",9,2,8,-16,2,0
"H",9,2,8,-2,280,48
"H",9,2,8,-21,1,0
"H",9,2,8,-3,207,19
"H",9,2,8,-4,175,6
"H",9,2,8,-5,131,4
"H",9,2,8,-6,85,1
"H",9,2,8,-7,67,0
"H",9,2,8,-8,40,0
"H",9,2,8,-9,30,0
"H",9,2,8,0,713,486
"H",10,0,1,-1,967,190
"H",10,0,1,-11,1,0
"H",10,0,1,-2,459,37
"H",10,0,1,-3,209,6
"H",10,0,1,-4,102,3
"H",10,0,1,-5,43,0
"H",10,0,1,-6,14,0
"H",10,0,1,-7,5,0
"H",10,0,1,-8,7,0
"H",10,0,1,-9,1,0
"H",10,0,1,0,5092,3411
"H",10,0,2,-1,260,74
"H",10,0,2,-11,1,0
"H",10,0,2,-2,124,22
"H",10,0,2,-3,53,2
"H",10,0,2,-4,35,2
"H",10,0,2,-5,14,0
"H",10,0,2,-6,2,0
"H",10,0,2,-7,1,0
"H",10,0,2,-8,3,0
"H",10,0,2,-9,1,0
"H",10,0,2,0,1391,1027
"H",10,0,3,-1,43,26
"H",10,0,3,-2,29,2
"H",10,0,3,-3,4,1
"H",10,0,3,-4,4,0
"H",10,0,3,-5,6,0
"H",10,0,3,-8,2,0
"H",10,0,3,0,292,242
"H",10,0,4,-1,46,23
"H",10,0,4,-11,1,0
"H",10,0,4,-2,26,7
"H",10,0,4,-3,11,1
"H",10,0,4,-4,9,2
"H",10,0,4,-5,4,0
"H",10,0,4,-6,2,0
"H",10,0,4,-8,1,0
"H",10,0,4,0,248,215
"H",10,0,5,-1,14,9
"H",10,0,5,-2,2,2
"H",10,0,5,-3,1,0
"H",10,0,5,-4,2,0
"H",10,0,5,-8,1,0
"H",10,0,5,0,75,68
"H",10,0,6,-1,9,5
"H",10,0,6,-2,12,5
"H",10,0,6,-3,1,0
"H",10,0,6,-4,2,0
"H",10,0,6,-8,1,0
"H",10,0,6,0,95,87
"H",10,0,7,-1,12,7
"H",10,0,7,-2,4,3
"H",10,0,7,-3,2,1
"H",10,0,7,-4,3,0
"H",10,0,7,0,45,43
"H",10,0,8,-1,16,9
"H",10,0,8,-2,9,7
"H",10,0,8,-3,4,3
"H",10,0,8,-4,1,1
"H",10,0,8,-5,1,0
"H",10,0,8,-8,1,0
"H",10,0,8,0,142,131
"H",10,1,1,-1,662,82
"H",10,1,1,-2,304,10
"H",10,1,1,-3,151,3
"H",10,1,1,-4,61,1
"H",10,1,1,-5,24,0
"H",10,1,1,-6,12,0
"H",10,1,1,-7,4,0
"H",10,1,1,-8,3,0
"H",10,1,1,0,3375,2084
"H",10,1,2,-1,251,49
"H",10,1,2,-2,145,10
"H",10,1,2,-3,69,3
"H",10,1,2,-4,33,0
"H",10,1,2,-5,16,0
"H",10,1,2,-6,5,0
"H",10,1,2,-7,4,0
"H",10,1,2,-8,2,0
"H",10,1,2,-9,1,0
"H",10,1,2,0,1357,931
"H",10,1,3,-1,154,46
"H",10,1,3,-2,36,2
"H",10,1,3,-3,18,1
"H",10,1,3,-4,5,0
"H",10,1,3,-5,3,0
"H",10,1,3,-6,1,0
"H",10,1,3,-8,2,0
"H",10,1,3,0,910,669
"H",10,1,4,-1,81,35
"H",10,1,4,-11,1,0
"H",10,1,4,-2,40,3
"H",10,1,4,-3,30,2
"H",10,1,4,-4,13,0
"H",10,1,4,-5,4,0
"H",10,1,4,-6,2,0
"H",10,1,4,-7,2,0
"H",10,1,4,-8,1,0
"H",10,1,4,0,708,519
"H",10,1,5,-1,34,22
"H",10,1,5,-2,8,1
"H",10,1,5,-3,7,1
"H",10,1,5,-4,2,0
"H",10,1,5,-5,2,0
"H",10,1,5,-6,1,0
"H",10,1,5,0,165,136
"H",10,1,6,-1,45,29
"H",10,1,6,-2,17,5
"H",10,1,6,-3,8,2
"H",10,1,6,-4,3,0
"H",10,1,6,-5,2,0
"H",10,1,6,-7,1,0
"H",10,1,6,-8,2,0
"H",10,1,6,0,222,187
"H",10,1,7,-1,33,20
"H",10,1,7,-2,14,5
"H",10,1,7,-3,4,0
"H",10,1,7,-4,2,0
"H",10,1,7,-5,2,0
"H",10,1,7,-6,1,0
"H",10,1,7,0,154,136
"H",10,1,8,-1,34,19
"H",10,1,8,-2,10,2
"H",10,1,8,-3,6,1
"H",10,1,8,-4,3,0
"H",10,1,8,-5,2,0
"H",10,1,8,0,342,300
"H",10,2,1,-1,493,20
"H",10,2,1,-2,224,2
"H",10,2,1,-3,107,1
"H",10,2,1,-4,46,1
"H",10,2,1,-5,18,0
"H",10,2,1,-6,7,0
"H",10,2,1,-7,1,0
"H",10,2,1,-8,1,0
"H",10,2,1,0,2368,1345
"H",10,2,2,-1,278,20
"H",10,2,2,-2,142,3
"H",10,2,2,-3,57,1
"H",10,2,2,-4,24,0
"H",10,2,2,-5,15,0
"H",10,2,2,-6,4,0
"H",10,2,2,-7,3,0
"H",10,2,2,-8,2,0
"H",10,2,2,0,1193,747
"H",10,2,3,-1,135,18
"H",10,2,3,-2,50,0
"H",10,2,3,-3,16,0
"H",10,2,3,-4,7,0
"H",10,2,3,-5,4,0
"H",10,2,3,-6,2,0
"H",10,2,3,0,626,373
"H",10,2,4,-1,106,19
"H",10,2,4,-10,1,0
"H",10,2,4,-11,1,0
"H",10,2,4,-2,52,2
"H",10,2,4,-3,29,1
"H",10,2,4,-4,9,0
"H",10,2,4,-5,5,0
"H",10,2,4,-6,2,0
"H",10,2,4,-7,2,0
"H",10,2,4,-8,2,0
"H",10,2,4,0,696,440
"H",10,2,5,-1,43,4
"H",10,2,5,-2,13,0
"H",10,2,5,-3,9,0
"H",10,2,5,-4,5,0
"H",10,2,5,-5,2,0
"H",10,2,5,-6,2,0
"H",10,2,5,0,188,137
"H",10,2,6,-1,50,9
"H",10,2,6,-2,21,0
"H",10,2,6,-3,5,0
"H",10,2,6,-4,6,0
"H",10,2,6,-5,1,0
"H",10,2,6,-7,1,0
"H",10,2,6,-8,1,0
"H",10,2,6,0,242,162
"H",10,2,7,-1,20,5
"H",10,2,7,-2,18,2
"H",10,2,7,-3,6,0
"H",10,2,7,-4,4,0
"H",10,2,7,-5,2,0
"H",10,2,7,-8,2,0
"H",10,2,7,0,158,106
"H",10,2,8,-1,36,8
"H",10,2,8,-2,10,0
"H",10,2,8,-3,7,0
"H",10,2,8,-4,3,0
"H",10,2,8,-5,2,0
"H",10,2,8,-8,1,0
"H",10,2,8,0,300,211
"H",11,0,1,-1,501,89
"H",11,0,1,-2,249,12
"H",11,0,1,-3,93,5
"H",11,0,1,-4,49,1
"H",11,0,1,-5,22,0
"H",11,0,1,-6,15,0
"H",11,0,1,-7,4,0
"H",11,0,1,-8,2,0
"H",11,0,1,0,2896,1966
"H",11,0,2,-1,129,38
"H",11,0,2,-2,62,5
"H",11,0,2,-3,25,3
"H",11,0,2,-4,15,1
"H",11,0,2,-5,7,0
"H",11,0,2,-6,5,0
"H",11,0,2,-7,1,0
"H",11,0,2,-8,1,0
"H",11,0,2,0,810,616
"H",11,0,3,-1,32,17
"H",11,0,3,-2,10,1
"H",11,0,3,-3,6,1
"H",11,0,3,-4,2,0
"H",11,0,3,-5,1,0
"H",11,0,3,-6,2,0
"H",11,0,3,0,163,138
"H",11,0,4,-1,28,13
"H",11,0,4,-2,20,3
"H",11,0,4,-3,4,2
"H",11,0,4,-4,5,1
"H",11,0,4,-5,2,0
"H",11,0,4,-6,1,0
"H",11,0,4,-7,1,0
"H",11,0,4,0,176,147
"H",11,0,5,-1,7,4
"H",11,0,5,-2,3,1
"H",11,0,5,-3,1,0
"H",11,0,5,-6,1,0
"H",11,0,5,0,51,45
"H",11,0,6,-1,11,7
"H",11,0,6,-2,2,1
"H",11,0,6,-3,2,1
"H",11,0,6,-4,1,0
"H",11,0,6,-5,1,0
"H",11,0,6,0,66,60
"H",11,0,7,-1,4,4
"H",11,0,7,-2,4,1
"H",11,0,7,-3,1,0
"H",11,0,7,-5,2,0
"H",11,0,7,-6,1,0
"H",11,0,7,0,25,23
"H",11,0,8,-1,7,6
"H",11,0,8,-2,2,0
"H",11,0,8,-3,1,0
"H",11,0,8,-5,1,0
"H",11,0,8,0,97,90
"H",11,1,1,-1,338,26
"H",11,1,1,-2,174,5
"H",11,1,1,-3,66,1
"H",11,1,1,-4,34,0
"H",11,1,1,-5,14,0
"H",11,1,1,-6,7,0
"H",11,1,1,-7,3,0
"H",11,1,1,-8,1,0
"H",11,1,1,0,1892,1168
"H",11,1,2,-1,131,20
"H",11,1,2,-2,76,3
"H",11,1,2,-3,33,3
"H",11,1,2,-4,22,0
"H",11,1,2,-5,7,0
"H",11,1,2,-6,6,0
"H",11,1,2,-7,1,0
"H",11,1,2,0,771,521
"H",11,1,3,-1,78,21
"H",11,1,3,-2,23,1
"H",11,1,3,-3,6,0
"H",11,1,3,-4,5,0
"H",11,1,3,-5,1,0
"H",11,1,3,-6,3,0
"H",11,1,3,-8,1,0
"H",11,1,3,0,478,369
"H",11,1,4,-1,34,12
"H",11,1,4,-2,28,1
"H",11,1,4,-3,8,2
"H",11,1,4,-4,9,0
"H",11,1,4,-5,4,0
"H",11,1,4,-6,1,0
"H",11,1,4,-7,1,0
"H",11,1,4,0,388,289
"H",11,1,5,-1,17,9
"H",11,1,5,-2,4,1
"H",11,1,5,-3,4,0
"H",11,1,5,-4,2,0
"H",11,1,5,-5,1,0
"H",11,1,5,-6,1,0
"H",11,1,5,-8,1,0
"H",11,1,5,0,97,79
"H",11,1,6,-1,21,6
"H",11,1,6,-2,7,1
"H",11,1,6,-3,3,1
"H",11,1,6,-4,5,0
"H",11,1,6,-5,2,0
"H",11,1,6,-8,1,0
"H",11,1,6,0,129,112
"H",11,1,7,-1,17,6
"H",11,1,7,-2,8,1
"H",11,1,7,-3,3,0
"H",11,1,7,-4,2,0
"H",11,1,7,-5,1,0
"H",11,1,7,-6,1,0
"H",11,1,7,0,93,79
"H",11,1,8,-1,19,8
"H",11,1,8,-2,6,1
"H",11,1,8,-3,2,1
"H",11,1,8,-4,1,0
"H",11,1,8,-5,1,0
"H",11,1,8,0,207,173
"H",11,2,1,-1,243,6
"H",11,2,1,-2,128,3
"H",11,2,1,-3,47,0
"H",11,2,1,-4,16,0
"H",11,2,1,-5,11,0
"H",11,2,1,-6,3,0
"H",11,2,1,-7,2,0
"H",11,2,1,-8,1,0
"H",11,2,1,0,1307,752
"H",11,2,2,-1,133,6
"H",11,2,2,-2,70,5
"H",11,2,2,-3,38,0
"H",11,2,2,-4,14,0
"H",11,2,2,-5,7,0
"H",11,2,2,-6,4,0
"H",11,2,2,-7,1,0
"H",11,2,2,0,677,407
"H",11,2,3,-1,71,7
"H",11,2,3,-2,22,0
"H",11,2,3,-3,16,0
"H",11,2,3,-4,7,0
"H",11,2,3,-5,3,0
"H",11,2,3,-6,2,0
"H",11,2,3,0,326,206
"H",11,2,4,-1,59,3
"H",11,2,4,-2,29,3
"H",11,2,4,-3,12,1
"H",11,2,4,-4,6,0
"H",11,2,4,-5,3,0
"H",11,2,4,-6,1,0
"H",11,2,4,-7,1,0
"H",11,2,4,0,394,249
"H",11,2,5,-1,35,9
"H",11,2,5,-2,6,0
"H",11,2,5,-3,2,0
"H",11,2,5,-4,4,0
"H",11,2,5,-5,1,0
"H",11,2,5,-6,1,0
"H",11,2,5,0,99,65
"H",11,2,6,-1,26,7
"H",11,2,6,-2,11,1
"H",11,2,6,-3,3,0
"H",11,2,6,-4,2,0
"H",11,2,6,-6,1,0
"H",11,2,6,0,144,104
"H",11,2,7,-1,8,2
"H",11,2,7,-2,7,2
"H",11,2,7,-3,3,0
"H",11,2,7,-4,5,0
"H",11,2,7,0,86,60
"H",11,2,8,-1,20,5
"H",11,2,8,-2,10,1
"H",11,2,8,-3,2,0
"H",11,2,8,-4,1,0
"H",11,2,8,-5,2,0
"H",11,2,8,0,208,146
"H",12,0,1,-1,276,54
"H",12,0,1,-11,1,0
"H",12,0,1,-2,131,10
"H",12,0,1,-3,68,1
"H",12,0,1,-4,24,1
"H",12,0,1,-5,8,0
"H",12,0,1,-6,3,1
"H",12,0,1,-7,3,1
"H",12,0,1,-8,3,0
"H",12,0,1,-9,1,0
"H",12,0,1,0,1608,1084
"H",12,0,2,-1,62,18
"H",12,0,2,-11,1,0
"H",12,0,2,-2,34,5
"H",12,0,2,-3,18,0
"H",12,0,2,-4,11,0
"H",12,0,2,-5,4,0
"H",12,0,2,-8,1,0
"H",12,0,2,0,446,326
"H",12,0,3,-1,13,4
"H",12,0,3,-11,1,0
"H",12,0,3,-2,10,1
"H",12,0,3,-3,4,0
"H",12,0,3,-6,1,0
"H",12,0,3,-8,1,0
"H",12,0,3,0,83,73
"H",12,0,4,-1,17,8
"H",12,0,4,-2,14,3
"H",12,0,4,-3,3,0
"H",12,0,4,-4,1,0
"H",12,0,4,-6,1,0
"H",12,0,4,0,76,64
"H",12,0,5,-1,1,1
"H",12,0,5,-2,2,1
"H",12,0,5,-3,4,0
"H",12,0,5,-4,2,0
"H",12,0,5,0,29,27
"H",12,0,6,-1,1,0
"H",12,0,6,-2,3,0
"H",12,0,6,-3,4,0
"H",12,0,6,-4,1,0
"H",12,0,6,-5,1,0
"H",12,0,6,-6,1,0
"H",12,0,6,0,37,35
"H",12,0,7,-1,3,2
"H",12,0,7,-5,1,0
"H",12,0,7,0,11,11
"H",12,0,8,-1,6,3
"H",12,0,8,-2,2,1
"H",12,0,8,-3,3,0
"H",12,0,8,0,42,40
"H",12,1,1,-1,204,32
"H",12,1,1,-2,88,3
"H",12,1,1,-3,44,1
"H",12,1,1,-4,11,1
"H",12,1,1,-5,4,0
"H",12,1,1,-6,2,1
"H",12,1,1,-7,3,0
"H",12,1,1,-8,1,0
"H",12,1,1,-9,1,0
"H",12,1,1,0,1062,664
"H",12,1,2,-1,71,21
"H",12,1,2,-2,42,4
"H",12,1,2,-3,25,1
"H",12,1,2,-4,7,1
"H",12,1,2,-5,3,0
"H",12,1,2,-6,1,1
"H",12,1,2,-7,2,0
"H",12,1,2,0,411,276
"H",12,1,3,-1,40,11
"H",12,1,3,-11,1,0
"H",12,1,3,-2,10,0
"H",12,1,3,-3,4,0
"H",12,1,3,-4,3,0
"H",12,1,3,0,278,216
"H",12,1,4,-1,22,10
"H",12,1,4,-2,13,1
"H",12,1,4,-3,9,0
"H",12,1,4,-4,2,0
"H",12,1,4,-6,1,1
"H",12,1,4,0,215,173
"H",12,1,5,-1,9,5
"H",12,1,5,-2,1,1
"H",12,1,5,-3,3,0
"H",12,1,5,-4,1,0
"H",12,1,5,-8,1,0
"H",12,1,5,0,60,54
"H",12,1,6,-1,10,4
"H",12,1,6,-2,8,2
"H",12,1,6,-3,2,1
"H",12,1,6,-4,1,0
"H",12,1,6,-7,1,0
"H",12,1,6,0,70,64
"H",12,1,7,-1,10,5
"H",12,1,7,-2,5,3
"H",12,1,7,-3,1,0
"H",12,1,7,-4,2,1
"H",12,1,7,-5,1,0
"H",12,1,7,0,43,35
"H",12,1,8,-1,14,9
"H",12,1,8,-2,4,2
"H",12,1,8,-3,5,1
"H",12,1,8,-4,2,1
"H",12,1,8,-5,1,1
"H",12,1,8,-6,1,1
"H",12,1,8,-7,1,0
"H",12,1,8,0,95,85
"H",12,2,1,-1,149,9
"H",12,2,1,-2,62,0
"H",12,2,1,-3,30,0
"H",12,2,1,-4,11,0
"H",12,2,1,-5,4,0
"H",12,2,1,-6,1,0
"H",12,2,1,-7,2,0
"H",12,2,1,-9,1,0
"H",12,2,1,0,765,433
"H",12,2,2,-1,76,9
"H",12,2,2,-2,35,0
"H",12,2,2,-3,15,1
"H",12,2,2,-4,6,0
"H",12,2,2,-5,2,0
"H",12,2,2,-7,2,0
"H",12,2,2,0,369,221
"H",12,2,3,-1,34,7
"H",12,2,3,-2,13,0
"H",12,2,3,-3,5,0
"H",12,2,3,-4,2,0
"H",12,2,3,-5,2,0
"H",12,2,3,0,204,134
"H",12,2,4,-1,31,6
"H",12,2,4,-2,15,0
"H",12,2,4,-3,7,1
"H",12,2,4,-4,2,0
"H",12,2,4,-5,1,0
"H",12,2,4,-7,1,0
"H",12,2,4,0,206,144
"H",12,2,5,-1,15,4
"H",12,2,5,-11,1,0
"H",12,2,5,-2,3,0
"H",12,2,5,-3,2,0
"H",12,2,5,-4,1,0
"H",12,2,5,0,65,46
"H",12,2,6,-1,11,3
"H",12,2,6,-2,4,0
"H",12,2,6,-3,2,0
"H",12,2,6,-4,1,0
"H",12,2,6,0,67,44
"H",12,2,7,-1,7,2
"H",12,2,7,-2,3,0
"H",12,2,7,-3,5,0
"H",12,2,7,-4,2,0
"H",12,2,7,0,52,40
"H",12,2,8,-1,9,3
"H",12,2,8,-2,5,0
"H",12,2,8,-3,3,1
"H",12,2,8,-7,1,0
"H",12,2,8,0,92,70
"H",13,0,1,-1,164,36
"H",13,0,1,-10,1,0
"H",13,0,1,-2,87,9
"H",13,0,1,-3,36,1
"H",13,0,1,-4,11,0
"H",13,0,1,-5,11,0
"H",13,0,1,-6,3,0
"H",13,0,1,-7,1,0
"H",13,0,1,-9,1,0
"H",13,0,1,0,873,594
"H",13,0,2,-1,45,14
"H",13,0,2,-2,26,6
"H",13,0,2,-3,17,0
"H",13,0,2,-5,4,0
"H",13,0,2,-9,1,0
"H",13,0,2,0,242,180
"H",13,0,3,-1,12,6
"H",13,0,3,-2,4,1
"H",13,0,3,-3,5,1
"H",13,0,3,0,51,49
"H",13,0,4,-1,6,4
"H",13,0,4,-2,8,4
"H",13,0,4,-3,3,1
"H",13,0,4,0,53,46
"H",13,0,5,-1,5,2
"H",13,0,5,-2,1,0
"H",13,0,5,-3,1,0
"H",13,0,5,-4,1,0
"H",13,0,5,0,9,8
"H",13,0,6,-1,5,5
"H",13,0,6,-2,2,1
"H",13,0,6,-3,3,0
"H",13,0,6,-4,1,0
"H",13,0,6,0,23,22
"H",13,0,7,-2,1,0
"H",13,0,7,-5,1,0
"H",13,0,7,0,9,9
"H",13,0,8,-1,1,1
"H",13,0,8,0,25,25
"H",13,1,1,-1,110,13
"H",13,1,1,-10,1,0
"H",13,1,1,-2,55,2
"H",13,1,1,-3,15,0
"H",13,1,1,-4,11,0
"H",13,1,1,-5,7,0
"H",13,1,1,-6,3,0
"H",13,1,1,-7,1,0
"H",13,1,1,0,572,356
"H",13,1,2,-1,41,12
"H",13,1,2,-2,19,2
"H",13,1,2,-3,12,0
"H",13,1,2,-4,3,0
"H",13,1,2,-5,5,0
"H",13,1,2,-6,1,0
"H",13,1,2,-9,1,0
"H",13,1,2,0,224,137
"H",13,1,3,-1,25,6
"H",13,1,3,-2,5,0
"H",13,1,3,-3,3,0
"H",13,1,3,-5,1,0
"H",13,1,3,-6,1,0
"H",13,1,3,0,145,108
"H",13,1,4,-1,14,8
"H",13,1,4,-2,9,2
"H",13,1,4,-3,4,1
"H",13,1,4,-5,1,0
"H",13,1,4,0,123,91
"H",13,1,5,-1,13,6
"H",13,1,5,-2,1,0
"H",13,1,5,-3,1,0
"H",13,1,5,-4,1,0
"H",13,1,5,0,28,27
"H",13,1,6,-1,4,2
"H",13,1,6,-3,3,0
"H",13,1,6,-5,1,0
"H",13,1,6,0,39,34
"H",13,1,7,-1,3,2
"H",13,1,7,-2,5,1
"H",13,1,7,-5,1,0
"H",13,1,7,0,23,21
"H",13,1,8,-1,8,7
"H",13,1,8,-5,1,0
"H",13,1,8,0,61,54
"H",13,2,1,-1,81,1
"H",13,2,1,-10,1,0
"H",13,2,1,-2,45,0
"H",13,2,1,-3,13,0
"H",13,2,1,-4,9,0
"H",13,2,1,-5,3,0
"H",13,2,1,-6,1,0
"H",13,2,1,-7,1,0
"H",13,2,1,0,412,250
"H",13,2,2,-1,50,5
"H",13,2,2,-10,1,0
"H",13,2,2,-2,22,0
"H",13,2,2,-3,11,0
"H",13,2,2,-4,4,0
"H",13,2,2,-5,4,0
"H",13,2,2,-6,2,0
"H",13,2,2,-9,1,0
"H",13,2,2,0,222,135
"H",13,2,3,-1,17,1
"H",13,2,3,-10,1,0
"H",13,2,3,-2,8,0
"H",13,2,3,-3,8,0
"H",13,2,3,-4,2,0
"H",13,2,3,-5,2,0
"H",13,2,3,-6,1,0
"H",13,2,3,0,98,65
"H",13,2,4,-1,16,2
"H",13,2,4,-2,9,0
"H",13,2,4,-3,5,1
"H",13,2,4,-4,2,0
"H",13,2,4,-5,1,0
"H",13,2,4,0,132,92
"H",13,2,5,-1,16,3
"H",13,2,5,-10,1,0
"H",13,2,5,-2,2,0
"H",13,2,5,-3,4,0
"H",13,2,5,-4,1,0
"H",13,2,5,0,27,21
"H",13,2,6,-1,9,1
"H",13,2,6,-2,5,1
"H",13,2,6,-3,4,0
"H",13,2,6,-4,2,0
"H",13,2,6,0,35,18
"H",13,2,7,-1,1,0
"H",13,2,7,-2,3,0
"H",13,2,7,0,35,23
"H",13,2,8,-1,9,4
"H",13,2,8,-2,2,0
"H",13,2,8,-3,1,0
"H",13,2,8,-4,1,0
"H",13,2,8,-5,1,0
"H",13,2,8,0,61,44
"H",14,0,1,-1,80,15
"H",14,0,1,-2,43,4
"H",14,0,1,-3,15,1
"H",14,0,1,-4,6,0
"H",14,0,1,-5,4,0
"H",14,0,1,-6,2,0
"H",14,0,1,-7,1,0
"H",14,0,1,-8,1,0
"H",14,0,1,0,502,350
"H",14,0,2,-1,22,8
"H",14,0,2,-2,13,3
"H",14,0,2,-3,5,0
"H",14,0,2,-4,1,0
"H",14,0,2,-6,1,0
"H",14,0,2,-7,1,0
"H",14,0,2,-8,1,0
"H",14,0,2,0,150,113
"H",14,0,3,-1,3,3
"H",14,0,3,-2,2,1
"H",14,0,3,-6,1,0
"H",14,0,3,0,27,26
"H",14,0,4,-1,3,2
"H",14,0,4,-2,4,0
"H",14,0,4,-3,1,0
"H",14,0,4,-8,1,0
"H",14,0,4,0,26,22
"H",14,0,5,-1,2,0
"H",14,0,5,0,6,5
"H",14,0,6,-1,3,3
"H",14,0,6,-2,1,0
"H",14,0,6,0,12,12
"H",14,0,7,-2,1,0
"H",14,0,7,0,3,3
"H",14,0,8,-1,1,1
"H",14,0,8,-2,2,0
"H",14,0,8,0,15,14
"H",14,1,1,-1,54,5
"H",14,1,1,-2,28,0
"H",14,1,1,-3,10,1
"H",14,1,1,-4,5,0
"H",14,1,1,-5,4,0
"H",14,1,1,0,316,201
"H",14,1,2,-1,26,5
"H",14,1,2,-2,12,3
"H",14,1,2,-3,6,1
"H",14,1,2,-4,2,0
"H",14,1,2,-6,1,0
"H",14,1,2,-7,1,0
"H",14,1,2,0,139,95
"H",14,1,3,-1,13,1
"H",14,1,3,-2,1,0
"H",14,1,3,-3,1,0
"H",14,1,3,-4,1,0
"H",14,1,3,-6,1,0
"H",14,1,3,0,88,66
"H",14,1,4,-1,4,2
"H",14,1,4,-2,4,1
"H",14,1,4,-3,1,1
"H",14,1,4,-4,1,0
"H",14,1,4,0,73,59
"H",14,1,5,-1,7,3
"H",14,1,5,-2,1,0
"H",14,1,5,0,23,20
"H",14,1,6,-1,5,3
"H",14,1,6,0,29,25
"H",14,1,7,-1,1,1
"H",14,1,7,-2,3,2
"H",14,1,7,0,18,16
"H",14,1,8,-1,1,1
"H",14,1,8,-2,1,0
"H",14,1,8,-3,1,0
"H",14,1,8,-4,1,0
"H",14,1,8,0,42,37
"H",14,2,1,-1,33,1
"H",14,2,1,-2,23,0
"H",14,2,1,-3,8,0
"H",14,2,1,-4,3,0
"H",14,2,1,-5,4,0
"H",14,2,1,0,218,130
"H",14,2,2,-1,25,1
"H",14,2,2,-2,10,0
"H",14,2,2,-3,9,0
"H",14,2,2,-4,1,0
"H",14,2,2,-5,3,0
"H",14,2,2,-6,1,0
"H",14,2,2,0,105,57
"H",14,2,3,-1,11,1
"H",14,2,3,-2,3,0
"H",14,2,3,-3,1,0
"H",14,2,3,-4,1,0
"H",14,2,3,-6,1,0
"H",14,2,3,0,52,36
"H",14,2,4,-1,10,2
"H",14,2,4,-2,9,1
"H",14,2,4,-4,1,0
"H",14,2,4,-5,1,0
"H",14,2,4,-6,1,0
"H",14,2,4,0,64,44
"H",14,2,5,-1,3,0
"H",14,2,5,-2,1,0
"H",14,2,5,0,16,9
"H",14,2,6,-1,2,1
"H",14,2,6,-2,1,0
"H",14,2,6,-3,1,1
"H",14,2,6,0,19,12
"H",14,2,7,-2,2,1
"H",14,2,7,0,16,13
"H",14,2,8,-1,2,1
"H",14,2,8,-2,2,1
"H",14,2,8,0,31,23
"H",15,0,1,-1,39,7
"H",15,0,1,-2,28,3
"H",15,0,1,-3,11,1
"H",15,0,1,-4,5,0
"H",15,0,1,-5,2,0
"H",15,0,1,-6,1,0
"H",15,0,1,-7,1,0
"H",15,0,1,0,267,185
"H",15,0,2,-1,9,3
"H",15,0,2,-2,9,2
"H",15,0,2,-3,6,1
"H",15,0,2,0,77,61
"H",15,0,3,-1,2,1
"H",15,0,3,-2,1,0
"H",15,0,3,0,11,9
"H",15,0,4,-1,2,2
"H",15,0,4,-2,2,2
"H",15,0,4,-3,4,1
"H",15,0,4,0,9,7
"H",15,0,5,-2,1,1
"H",15,0,5,0,8,8
"H",15,0,6,-1,1,0
"H",15,0,6,-2,1,1
"H",15,0,6,0,6,6
"H",15,0,7,-2,1,1
"H",15,0,7,0,4,4
"H",15,0,8,-1,1,1
"H",15,0,8,-3,1,0
"H",15,0,8,0,7,7
"H",15,1,1,-1,27,2
"H",15,1,1,-2,18,0
"H",15,1,1,-3,5,0
"H",15,1,1,-4,5,0
"H",15,1,1,-5,2,0
"H",15,1,1,-6,1,0
"H",15,1,1,-7,1,0
"H",15,1,1,0,179,111
"H",15,1,2,-1,10,1
"H",15,1,2,-2,13,1
"H",15,1,2,-3,4,0
"H",15,1,2,-6,1,0
"H",15,1,2,0,73,52
"H",15,1,3,-1,5,2
"H",15,1,3,-2,2,0
"H",15,1,3,0,50,39
"H",15,1,4,-1,2,1
"H",15,1,4,-2,4,1
"H",15,1,4,-3,3,0
"H",15,1,4,0,35,31
"H",15,1,5,0,10,9
"H",15,1,6,-1,2,1
"H",15,1,6,-2,1,0
"H",15,1,6,0,19,14
"H",15,1,7,-1,1,1
"H",15,1,7,-2,1,1
"H",15,1,7,0,5,5
"H",15,1,8,-1,2,2
"H",15,1,8,-3,1,0
"H",15,1,8,0,15,11
"H",15,2,1,-1,19,0
"H",15,2,1,-2,12,0
"H",15,2,1,-3,2,0
"H",15,2,1,-4,5,0
"H",15,2,1,-5,2,0
"H",15,2,1,-7,1,0
"H",15,2,1,0,127,72
"H",15,2,2,-1,11,0
"H",15,2,2,-2,11,1
"H",15,2,2,-3,4,0
"H",15,2,2,-4,1,0
"H",15,2,2,-6,1,0
"H",15,2,2,0,58,34
"H",15,2,3,-1,4,1
"H",15,2,3,-2,2,0
"H",15,2,3,-4,1,0
"H",15,2,3,0,30,21
"H",15,2,4,-1,5,2
"H",15,2,4,-2,2,1
"H",15,2,4,-3,4,0
"H",15,2,4,-4,1,0
"H",15,2,4,0,33,25
"H",15,2,5,-1,1,0
"H",15,2,5,-2,1,0
"H",15,2,5,0,16,10
"H",15,2,6,-1,1,1
"H",15,2,6,-2,2,1
"H",15,2,6,0,16,11
"H",15,2,7,-1,1,0
"H",15,2,7,-2,4,2
"H",15,2,7,0,9,9
"H",15,2,8,-1,1,0
"H",15,2,8,-2,1,1
"H",15,2,8,-3,2,0
"H",15,2,8,0,18,15
"H",16,0,1,-1,35,8
"H",16,0,1,-2,9,0
"H",16,0,1,-3,5,0
"H",16,0,1,-4,1,0
"H",16,0,1,-5,1,0
"H",16,0,1,-8,1,0
"H",16,0,1,0,145,102
"H",16,0,2,-1,11,4
"H",16,0,2,-2,1,0
"H",16,0,2,-3,2,0
"H",16,0,2,-4,1,0
"H",16,0,2,0,45,34
"H",16,0,3,-1,3,2
"H",16,0,3,-2,1,0
"H",16,0,3,-4,1,0
"H",16,0,3,0,11,9
"H",16,0,4,-1,1,0
"H",16,0,4,-2,1,0
"H",16,0,4,0,12,9
"H",16,0,5,-1,1,0
"H",16,0,5,0,5,5
"H",16,0,6,-1,2,1
"H",16,0,6,-2,1,0
"H",16,0,6,0,4,4
"H",16,0,8,-1,1,0
"H",16,0,8,0,5,5
"H",16,1,1,-1,22,1
"H",16,1,1,-2,7,0
"H",16,1,1,-3,3,0
"H",16,1,1,-5,1,0
"H",16,1,1,-8,1,0
"H",16,1,1,0,87,57
"H",16,1,2,-1,10,5
"H",16,1,2,-3,5,0
"H",16,1,2,-5,1,0
"H",16,1,2,-8,1,0
"H",16,1,2,0,25,18
"H",16,1,3,-1,4,1
"H",16,1,3,-4,1,0
"H",16,1,3,0,23,19
"H",16,1,4,-1,2,0
"H",16,1,4,-2,1,0
"H",16,1,4,-3,1,0
"H",16,1,4,-5,1,0
"H",16,1,4,0,19,12
"H",16,1,5,-1,1,1
"H",16,1,5,0,9,7
"H",16,1,6,-1,2,0
"H",16,1,6,0,11,9
"H",16,1,7,0,5,3
"H",16,1,8,-1,1,0
"H",16,1,8,-3,1,0
"H",16,1,8,0,8,6
"H",16,2,1,-1,19,0
"H",16,2,1,-2,6,0
"H",16,2,1,-3,1,0
"H",16,2,1,0,72,45
"H",16,2,2,-1,5,1
"H",16,2,2,-2,1,0
"H",16,2,2,-3,3,0
"H",16,2,2,-8,1,0
"H",16,2,2,0,34,23
"H",16,2,3,-1,4,1
"H",16,2,3,-3,2,0
"H",16,2,3,0,17,12
"H",16,2,4,-1,4,1
"H",16,2,4,-2,2,0
"H",16,2,4,-3,2,0
"H",16,2,4,-5,1,0
"H",16,2,4,0,22,12
"H",16,2,5,-1,2,0
"H",16,2,5,0,6,5
"H",16,2,6,-1,2,0
"H",16,2,6,0,10,7
"H",16,2,7,-1,2,0
"H",16,2,7,-3,1,0
"H",16,2,7,0,5,4
"H",16,2,8,-3,1,0
"H",16,2,8,0,13,9
"H",17,0,1,-1,11,2
"H",17,0,1,-2,6,0
"H",17,0,1,-3,2,1
"H",17,0,1,-5,1,0
"H",17,0,1,-6,1,0
"H",17,0,1,-7,1,0
"H",17,0,1,0,77,50
"H",17,0,2,-1,1,1
"H",17,0,2,-2,2,1
"H",17,0,2,-6,1,0
"H",17,0,2,0,21,14
"H",17,0,3,-3,1,1
"H",17,0,3,0,5,5
"H",17,0,4,-6,1,0
"H",17,0,4,0,6,5
"H",17,0,6,0,1,1
"H",17,0,7,-2,1,1
"H",17,0,7,0,1,1
"H",17,0,8,-6,1,0
"H",17,0,8,0,4,4
"H",17,1,1,-1,9,0
"H",17,1,1,-2,5,0
"H",17,1,1,-3,1,0
"H",17,1,1,-5,1,0
"H",17,1,1,-7,1,0
"H",17,1,1,0,49,29
"H",17,1,2,-1,1,0
"H",17,1,2,-2,1,0
"H",17,1,2,-5,1,0
"H",17,1,2,0,20,15
"H",17,1,3,-1,1,1
"H",17,1,3,-7,1,0
"H",17,1,3,0,16,11
"H",17,1,4,-5,1,0
"H",17,1,4,0,13,10
"H",17,1,5,-1,1,1
"H",17,1,5,0,2,2
"H",17,1,6,-7,1,0
"H",17,1,6,0,4,4
"H",17,1,8,-5,1,0
"H",17,1,8,-6,1,0
"H",17,1,8,0,7,7
"H",17,2,1,-1,8,0
"H",17,2,1,-2,5,0
"H",17,2,1,-3,1,0
"H",17,2,1,0,33,16
"H",17,2,2,-1,3,0
"H",17,2,2,-2,3,0
"H",17,2,2,-3,1,0
"H",17,2,2,0,17,9
"H",17,2,3,-1,2,0
"H",17,2,3,-2,1,0
"H",17,2,3,0,14,9
"H",17,2,4,-1,1,0
"H",17,2,4,-2,1,0
"H",17,2,4,0,9,5
"H",17,2,5,-1,1,1
"H",17,2,5,0,3,2
"H",17,2,6,-4,1,0
"H",17,2,6,0,2,2
"H",17,2,7,0,1,1
"H",17,2,8,-6,1,0
"H",17,2,8,0,3,2
"H",18,0,1,-1,5,0
"H",18,0,1,-2,6,1
"H",18,0,1,-4,1,0
"H",18,0,1,-5,1,0
"H",18,0,1,0,41,25
"H",18,0,2,-1,1,0
"H",18,0,2,-2,2,0
"H",18,0,2,0,5,5
"H",18,0,3,-2,1,1
"H",18,0,4,-2,1,0
"H",18,0,4,0,1,1
"H",18,0,6,-2,1,1
"H",18,0,8,0,1,1
"H",18,1,1,-1,4,0
"H",18,1,1,-2,3,0
"H",18,1,1,-4,1,0
"H",18,1,1,-5,1,0
"H",18,1,1,0,36,20
"H",18,1,2,-1,3,1
"H",18,1,2,-2,4,0
"H",18,1,2,0,13,8
"H",18,1,3,-5,1,0
"H",18,1,3,0,4,4
"H",18,1,4,-2,1,0
"H",18,1,4,0,4,3
"H",18,1,5,0,1,1
"H",18,1,6,-5,1,0
"H",18,1,6,0,2,2
"H",18,1,7,-2,1,0
"H",18,1,7,0,1,1
"H",18,1,8,0,1,1
"H",18,2,1,-1,3,0
"H",18,2,1,-4,1,0
"H",18,2,1,0,24,12
"H",18,2,2,-1,2,0
"H",18,2,2,-2,1,0
"H",18,2,2,0,12,7
"H",18,2,3,-1,1,0
"H",18,2,3,-2,1,0
"H",18,2,3,0,7,4
"H",18,2,4,-2,1,0
"H",18,2,4,0,2,2
"H",18,2,5,0,2,2
"H",18,2,6,-5,1,0
"H",18,2,6,0,2,2
"H",18,2,7,0,1,1
"H",18,2,8,-2,1,0
"H",19,0,1,-1,7,2
"H",19,0,1,-2,2,1
"H",19,0,1,-3,1,0
"H",19,0,1,0,21,11
"H",19,0,2,-1,3,1
"H",19,0,2,-2,1,1
"H",19,0,2,-3,1,0
"H",19,0,2,0,6,4
"H",19,0,3,-2,1,1
"H",19,0,3,0,1,1
"H",19,0,4,0,3,3
"H",19,0,6,-2,1,1
"H",19,0,8,-2,1,1
"H",19,0,8,0,2,2
"H",19,1,1,-1,4,1
"H",19,1,1,-2,1,0
"H",19,1,1,0,13,5
"H",19,1,2,-1,3,1
"H",19,1,2,-3,1,0
"H",19,1,2,0,3,2
"H",19,1,3,-1,2,1
"H",19,1,3,0,4,3
"H",19,1,4,-1,1,0
"H",19,1,4,-3,1,0
"H",19,1,4,0,4,3
"H",19,1,6,0,1,1
"H",19,1,7,0,1,1
"H",19,1,8,-3,1,0
"H",19,1,8,0,1,1
"H",19,2,1,-1,2,0
"H",19,2,1,-2,1,0
"H",19,2,1,0,11,3
"H",19,2,2,-1,2,0
"H",19,2,2,0,7,2
"H",19,2,3,-1,2,1
"H",19,2,3,0,3,3
"H",19,2,4,0,6,4
"H",19,2,6,0,2,2
"H",19,2,7,-1,1,0
"H",19,2,7,0,1,1
"H",20,0,1,-1,1,0
"H",20,0,1,-2,1,0
"H",20,0,1,-3,1,0
"H",20,0,1,-4,1,0
"H",20,0,1,0,12,5
"H",20,0,2,-1,1,0
"H",20,0,2,-2,1,0
"H",20,0,2,-4,1,0
"H",20,0,2,0,2,1
"H",20,0,4,-4,1,0
"H",20,1,1,-3,1,0
"H",20,1,1,0,10,4
"H",20,1,2,-1,1,0
"H",20,1,2,-2,1,0
"H",20,1,2,0,6,4
"H",20,1,3,-1,1,0
"H",20,1,4,-4,1,0
"H",20,1,4,0,1,1
"H",20,1,6,0,1,1
"H",20,1,8,0,1,1
"H",20,2,1,-2,1,0
"H",20,2,1,-3,1,0
"H",20,2,1,0,6,1
"H",20,2,2,-2,2,0
"H",20,2,2,0,3,0
"H",20,2,3,-1,1,0
"H",20,2,4,0,1,0
"H",20,2,6,-4,1,0
"H",20,2,6,0,1,0
"H",21,0,1,-1,2,0
"H",21,0,1,-2,2,0
"H",21,0,1,0,7,4
"H",21,0,2,-1,1,0
"H",21,0,2,-2,1,0
"H",21,0,2,0,2,1
"H",21,0,4,0,1,1
"H",21,0,8,0,1,1
"H",21,1,1,-1,1,0
"H",21,1,1,-2,1,0
"H",21,1,1,0,5,3
"H",21,1,2,0,1,1
"H",21,1,3,-1,1,0
"H",21,1,3,-2,1,0
"H",21,1,3,0,1,0
"H",21,2,1,-1,1,0
"H",21,2,1,-2,1,0
"H",21,2,1,0,4,2
"H",21,2,2,0,5,3
"H",21,2,3,-2,1,0
"H",21,2,3,0,1,0
"H",21,2,5,-1,1,0
"H",22,0,1,-1,1,0
"H",22,0,1,-2,1,0
"H",22,0,1,0,4,3
"H",22,1,1,-1,1,0
"H",22,1,1,-2,1,0
"H",22,1,1,0,4,3
"H",22,1,2,0,3,3
"H",22,1,3,0,1,1
"H",22,1,4,0,1,1
"H",22,1,6,0,1,1
"H",22,1,8,0,1,1
"H",22,2,1,-1,1,0
"H",22,2,1,-2,1,0
"H",22,2,1,0,1,0
"H",22,2,2,-2,1,0
"H",22,2,5,0,1,1
"H",22,2,6,0,1,1
"H",23,0,1,-2,1,0
"H",23,0,1,0,1,1
"H",23,1,1,-2,1,0
"H",23,1,1,0,1,1
"H",23,2,1,-2,1,0
"H",23,2,1,0,1,1
"H",24,0,1,0,1,1
"H",24,0,2,0,1,1
"H",24,0,3,0,1,1
"H",24,0,4,0,1,1
"H",24,1,7,0,1,1
"H",24,1,8,0,1,1
"V",1,0,1,0,74102,33799
"V",1,0,1,1,621,333
"V",1,0,1,2,209,143
"V",1,0,1,3,136,98
"V",1,0,1,4,71,60
"V",1,0,1,5,15,13
"V",1,0,1,6,5,3
"V",1,0,1,7,2,2
"V",1,0,2,0,21184,10586
"V",1,0,2,1,644,380
"V",1,0,2,2,227,163
"V",1,0,2,3,93,67
"V",1,0,2,4,42,39
"V",1,0,2,5,12,12
"V",1,0,2,6,2,1
"V",1,0,2,7,3,3
"V",1,0,2,9,1,0
"V",1,0,3,0,4468,2352
"V",1,0,3,1,545,336
"V",1,0,3,2,207,142
"V",1,0,3,3,65,47
"V",1,0,3,4,33,29
"V",1,0,3,5,8,7
"V",1,0,3,6,4,3
"V",1,0,3,7,1,1
"V",1,0,3,8,1,0
"V",1,0,4,0,4011,2333
"V",1,0,4,1,497,316
"V",1,0,4,2,192,136
"V",1,0,4,3,57,40
"V",1,0,4,4,28,28
"V",1,0,4,5,7,7
"V",1,0,4,6,5,5
"V",1,0,4,7,1,1
"V",1,0,4,8,1,1
"V",1,0,5,0,1069,605
"V",1,0,5,1,322,215
"V",1,0,5,2,104,66
"V",1,0,5,3,36,30
"V",1,0,5,4,13,13
"V",1,0,5,5,5,5
"V",1,0,5,6,1,1
"V",1,0,5,8,1,0
"V",1,0,6,0,1713,984
"V",1,0,6,1,491,321
"V",1,0,6,2,164,128
"V",1,0,6,3,53,44
"V",1,0,6,4,14,13
"V",1,0,6,5,8,8
"V",1,0,6,6,2,2
"V",1,0,6,7,1,1
"V",1,0,7,0,833,514
"V",1,0,7,1,281,198
"V",1,0,7,2,99,76
"V",1,0,7,3,29,24
"V",1,0,7,4,11,7
"V",1,0,7,5,4,4
"V",1,0,7,6,1,1
"V",1,0,8,0,874,565
"V",1,0,8,1,285,208
"V",1,0,8,2,112,90
"V",1,0,8,3,36,31
"V",1,0,8,4,16,15
"V",1,0,8,5,7,6
"V",1,0,8,6,2,2
"V",1,0,8,7,1,1
"V",1,0,8,8,1,1
"V",1,1,1,0,49407,21233
"V",1,1,1,1,1169,632
"V",1,1,1,10,1,1
"V",1,1,1,12,1,1
"V",1,1,1,2,768,494
"V",1,1,1,3,489,350
"V",1,1,1,4,178,145
"V",1,1,1,5,68,58
"V",1,1,1,6,18,15
"V",1,1,1,7,4,4
"V",1,1,1,9,4,4
"V",1,1,2,0,20755,9519
"V",1,1,2,1,2121,1211
"V",1,1,2,12,1,1
"V",1,1,2,2,929,596
"V",1,1,2,3,383,286
"V",1,1,2,4,154,123
"V",1,1,2,5,68,62
"V",1,1,2,6,17,15
"V",1,1,2,7,5,5
"V",1,1,2,9,4,3
"V",1,1,3,0,8400,4006
"V",1,1,3,1,1559,909
"V",1,1,3,2,650,437
"V",1,1,3,3,276,200
"V",1,1,3,4,108,88
"V",1,1,3,5,46,43
"V",1,1,3,6,17,15
"V",1,1,3,7,7,7
"V",1,1,3,8,1,1
"V",1,1,3,9,1,1
"V",1,1,4,0,5851,3002
"V",1,1,4,1,1382,806
"V",1,1,4,2,656,433
"V",1,1,4,3,243,179
"V",1,1,4,4,128,108
"V",1,1,4,5,41,35
"V",1,1,4,6,15,14
"V",1,1,4,7,4,4
"V",1,1,4,8,1,1
"V",1,1,5,0,2761,1411
"V",1,1,5,1,1011,608
"V",1,1,5,2,409,284
"V",1,1,5,3,166,131
"V",1,1,5,4,73,64
"V",1,1,5,5,19,18
"V",1,1,5,6,8,8
"V",1,1,5,7,2,2
"V",1,1,5,8,1,1
"V",1,1,6,0,2951,1552
"V",1,1,6,1,1215,755
"V",1,1,6,2,474,332
"V",1,1,6,3,185,146
"V",1,1,6,4,66,60
"V",1,1,6,5,31,30
"V",1,1,6,6,7,6
"V",1,1,6,7,3,3
"V",1,1,6,9,1,1
"V",1,1,7,0,2196,1229
"V",1,1,7,1,761,496
"V",1,1,7,2,306,222
"V",1,1,7,3,129,113
"V",1,1,7,4,54,48
"V",1,1,7,5,18,17
"V",1,1,7,6,7,7
"V",1,1,7,7,4,4
"V",1,1,7,8,1,1
"V",1,1,8,0,1752,1001
"V",1,1,8,1,760,489
"V",1,1,8,2,341,246
"V",1,1,8,3,132,111
"V",1,1,8,4,62,55
"V",1,1,8,5,16,16
"V",1,1,8,6,7,7
"V",1,1,8,7,3,3
"V",1,1,8,8,2,2
"V",1,2,1,0,36070,14891
"V",1,2,1,1,2555,1327
"V",1,2,1,10,3,3
"V",1,2,1,11,1,1
"V",1,2,1,2,1539,957
"V",1,2,1,3,833,590
"V",1,2,1,4,346,283
"V",1,2,1,5,118,101
"V",1,2,1,6,37,30
"V",1,2,1,7,13,13
"V",1,2,1,8,5,5
"V",1,2,1,9,4,4
"V",1,2,2,0,18111,7730
"V",1,2,2,1,3604,1923
"V",1,2,2,10,5,5
"V",1,2,2,11,1,1
"V",1,2,2,2,1696,1076
"V",1,2,2,3,846,622
"V",1,2,2,4,350,285
"V",1,2,2,5,136,123
"V",1,2,2,6,40,38
"V",1,2,2,7,20,20
"V",1,2,2,8,8,8
"V",1,2,2,9,6,5
"V",1,2,3,0,8459,3782
"V",1,2,3,1,2610,1398
"V",1,2,3,10,2,2
"V",1,2,3,11,1,1
"V",1,2,3,2,1301,869
"V",1,2,3,3,602,453
"V",1,2,3,4,288,229
"V",1,2,3,5,92,84
"V",1,2,3,6,43,41
"V",1,2,3,7,11,11
"V",1,2,3,8,12,12
"V",1,2,3,9,4,3
"V",1,2,4,0,6058,2732
"V",1,2,4,1,2143,1153
"V",1,2,4,10,1,1
"V",1,2,4,2,1078,683
"V",1,2,4,3,508,376
"V",1,2,4,4,251,200
"V",1,2,4,5,84,76
"V",1,2,4,6,43,42
"V",1,2,4,7,13,13
"V",1,2,4,8,8,8
"V",1,2,4,9,1,1
"V",1,2,5,0,3364,1518
"V",1,2,5,1,1394,797
"V",1,2,5,2,703,449
"V",1,2,5,3,315,234
"V",1,2,5,4,130,106
"V",1,2,5,5,42,36
"V",1,2,5,6,13,12
"V",1,2,5,7,11,11
"V",1,2,5,8,1,1
"V",1,2,5,9,2,2
"V",1,2,6,0,2789,1335
"V",1,2,6,1,1428,832
"V",1,2,6,2,631,412
"V",1,2,6,3,290,218
"V",1,2,6,4,129,108
"V",1,2,6,5,51,46
"V",1,2,6,6,15,13
"V",1,2,6,7,11,11
"V",1,2,6,8,4,4
"V",1,2,6,9,1,1
"V",1,2,7,0,1626,804
"V",1,2,7,1,879,504
"V",1,2,7,2,438,296
"V",1,2,7,3,185,143
"V",1,2,7,4,83,69
"V",1,2,7,5,28,24
"V",1,2,7,6,16,16
"V",1,2,7,7,5,5
"V",1,2,7,8,1,1
"V",1,2,7,9,1,1
"V",1,2,8,0,1717,862
"V",1,2,8,1,926,536
"V",1,2,8,2,434,282
"V",1,2,8,3,237,186
"V",1,2,8,4,82,71
"V",1,2,8,5,29,25
"V",1,2,8,6,12,9
"V",1,2,8,7,3,3
"V",1,2,8,8,4,4
"V",2,0,1,-1,9922,3428
"V",2,0,1,-10,4,0
"V",2,0,1,-11,4,0
"V",2,0,1,-14,1,0
"V",2,0,1,-15,1,0
"V",2,0,1,-2,5247,1266
"V",2,0,1,-3,2490,425
"V",2,0,1,-4,1186,148
"V",2,0,1,-5,411,30
"V",2,0,1,-6,149,10
"V",2,0,1,-7,76,4
"V",2,0,1,-8,19,0
"V",2,0,1,-9,10,0
"V",2,0,1,0,38763,17944
"V",2,0,1,1,9477,5501
"V",2,0,1,10,2,2
"V",2,0,1,11,1,1
"V",2,0,1,12,1,1
"V",2,0,1,2,4600,3136
"V",2,0,1,3,2200,1704
"V",2,0,1,4,913,775
"V",2,0,1,5,363,328
"V",2,0,1,6,125,117
"V",2,0,1,7,52,51
"V",2,0,1,8,26,25
"V",2,0,1,9,14,14
"V",2,0,2,-1,2707,1039
"V",2,0,2,-10,1,0
"V",2,0,2,-14,1,0
"V",2,0,2,-2,1451,376
"V",2,0,2,-3,720,146
"V",2,0,2,-4,318,45
"V",2,0,2,-5,104,11
"V",2,0,2,-6,41,3
"V",2,0,2,-7,22,1
"V",2,0,2,-8,3,0
"V",2,0,2,-9,5,0
"V",2,0,2,0,10470,5300
"V",2,0,2,1,2743,1664
"V",2,0,2,10,3,3
"V",2,0,2,12,1,1
"V",2,0,2,2,1292,927
"V",2,0,2,3,590,448
"V",2,0,2,4,234,197
"V",2,0,2,5,89,80
"V",2,0,2,6,47,44
"V",2,0,2,7,15,15
"V",2,0,2,8,14,14
"V",2,0,2,9,9,9
"V",2,0,3,-1,567,247
"V",2,0,3,-11,1,0
"V",2,0,3,-2,308,102
"V",2,0,3,-3,152,33
"V",2,0,3,-4,70,15
"V",2,0,3,-5,16,2
"V",2,0,3,-6,10,1
"V",2,0,3,-7,5,0
"V",2,0,3,-8,2,0
"V",2,0,3,0,2292,1162
"V",2,0,3,1,789,496
"V",2,0,3,2,347,261
"V",2,0,3,3,136,105
"V",2,0,3,4,59,50
"V",2,0,3,5,36,32
"V",2,0,3,6,10,9
"V",2,0,3,7,3,3
"V",2,0,3,8,3,3
"V",2,0,3,9,2,2
"V",2,0,4,-1,576,237
"V",2,0,4,-2,344,102
"V",2,0,4,-3,157,31
"V",2,0,4,-4,85,11
"V",2,0,4,-5,27,2
"V",2,0,4,-6,8,1
"V",2,0,4,-7,8,1
"V",2,0,4,-8,1,0
"V",2,0,4,-9,2,0
"V",2,0,4,0,2104,1143
"V",2,0,4,1,652,435
"V",2,0,4,10,2,2
"V",2,0,4,2,307,246
"V",2,0,4,3,125,97
"V",2,0,4,4,69,62
"V",2,0,4,5,34,34
"V",2,0,4,6,18,15
"V",2,0,4,7,7,7
"V",2,0,4,8,7,7
"V",2,0,4,9,3,3
"V",2,0,5,-1,145,60
"V",2,0,5,-2,82,25
"V",2,0,5,-3,30,6
"V",2,0,5,-4,19,4
"V",2,0,5,-5,6,0
"V",2,0,5,-6,2,0
"V",2,0,5,-7,1,0
"V",2,0,5,0,539,301
"V",2,0,5,1,270,164
"V",2,0,5,2,120,93
"V",2,0,5,3,57,48
"V",2,0,5,4,17,15
"V",2,0,5,5,10,10
"V",2,0,5,6,8,8
"V",2,0,5,7,2,2
"V",2,0,5,8,3,3
"V",2,0,6,-1,245,115
"V",2,0,6,-2,118,39
"V",2,0,6,-3,55,12
"V",2,0,6,-4,28,8
"V",2,0,6,-5,5,1
"V",2,0,6,-6,3,1
"V",2,0,6,-7,2,0
"V",2,0,6,0,813,497
"V",2,0,6,1,365,250
"V",2,0,6,2,155,121
"V",2,0,6,3,70,57
"V",2,0,6,4,29,28
"V",2,0,6,5,15,13
"V",2,0,6,6,8,8
"V",2,0,6,7,4,3
"V",2,0,6,8,1,1
"V",2,0,7,-1,144,65
"V",2,0,7,-2,64,15
"V",2,0,7,-3,38,7
"V",2,0,7,-4,24,6
"V",2,0,7,-5,5,1
"V",2,0,7,-6,4,0
"V",2,0,7,-7,2,0
"V",2,0,7,0,435,279
"V",2,0,7,1,210,153
"V",2,0,7,2,92,67
"V",2,0,7,3,27,23
"V",2,0,7,4,15,13
"V",2,0,7,5,10,8
"V",2,0,7,6,4,4
"V",2,0,7,7,3,3
"V",2,0,7,8,5,5
"V",2,0,8,-1,133,62
"V",2,0,8,-2,69,22
"V",2,0,8,-3,31,4
"V",2,0,8,-4,18,4
"V",2,0,8,-5,6,1
"V",2,0,8,-6,5,0
"V",2,0,8,-7,2,0
"V",2,0,8,0,421,243
"V",2,0,8,1,213,147
"V",2,0,8,2,99,83
"V",2,0,8,3,39,35
"V",2,0,8,4,30,28
"V",2,0,8,5,11,11
"V",2,0,8,6,6,5
"V",2,0,8,7,3,3
"V",2,0,8,8,2,2
"V",2,0,8,9,1,1
"V",2,1,1,-1,6702,2130
"V",2,1,1,-10,3,0
"V",2,1,1,-11,3,0
"V",2,1,1,-15,1,0
"V",2,1,1,-2,3483,778
"V",2,1,1,-3,1604,247
"V",2,1,1,-4,773,81
"V",2,1,1,-5,287,16
"V",2,1,1,-6,94,5
"V",2,1,1,-7,48,3
"V",2,1,1,-8,15,0
"V",2,1,1,-9,5,0
"V",2,1,1,0,25904,11340
"V",2,1,1,1,7057,3983
"V",2,1,1,10,5,5
"V",2,1,1,11,2,2
"V",2,1,1,2,3538,2339
"V",2,1,1,3,1731,1346
"V",2,1,1,4,724,621
"V",2,1,1,5,296,267
"V",2,1,1,6,98,92
"V",2,1,1,7,54,52
"V",2,1,1,8,26,25
"V",2,1,1,9,14,14
"V",2,1,2,-1,2937,1028
"V",2,1,2,-10,1,0
"V",2,1,2,-14,1,0
"V",2,1,2,-2,1571,367
"V",2,1,2,-3,767,146
"V",2,1,2,-4,379,51
"V",2,1,2,-5,126,12
"V",2,1,2,-6,48,3
"V",2,1,2,-7,20,2
"V",2,1,2,-8,1,0
"V",2,1,2,-9,4,0
"V",2,1,2,0,10916,5119
"V",2,1,2,1,3476,2056
"V",2,1,2,10,3,3
"V",2,1,2,11,2,2
"V",2,1,2,12,1,1
"V",2,1,2,2,1787,1197
"V",2,1,2,3,855,657
"V",2,1,2,4,354,301
"V",2,1,2,5,170,151
"V",2,1,2,6,88,81
"V",2,1,2,7,39,39
"V",2,1,2,8,17,14
"V",2,1,2,9,13,13
"V",2,1,3,-1,946,352
"V",2,1,3,-10,1,0
"V",2,1,3,-11,1,0
"V",2,1,3,-2,442,114
"V",2,1,3,-3,199,41
"V",2,1,3,-4,83,12
"V",2,1,3,-5,32,2
"V",2,1,3,-6,11,1
"V",2,1,3,-7,4,0
"V",2,1,3,-8,3,0
"V",2,1,3,0,3896,1932
"V",2,1,3,1,1709,1053
"V",2,1,3,10,2,2
"V",2,1,3,2,892,640
"V",2,1,3,3,440,333
"V",2,1,3,4,207,173
"V",2,1,3,5,100,89
"V",2,1,3,6,45,42
"V",2,1,3,7,22,22
"V",2,1,3,8,8,8
"V",2,1,3,9,4,4
"V",2,1,4,-1,862,314
"V",2,1,4,-14,1,0
"V",2,1,4,-2,499,136
"V",2,1,4,-3,239,50
"V",2,1,4,-4,151,34
"V",2,1,4,-5,42,7
"V",2,1,4,-6,11,1
"V",2,1,4,-7,6,2
"V",2,1,4,-9,3,0
"V",2,1,4,0,3066,1548
"V",2,1,4,1,1368,842
"V",2,1,4,10,4,4
"V",2,1,4,11,1,1
"V",2,1,4,2,669,477
"V",2,1,4,3,352,279
"V",2,1,4,4,185,163
"V",2,1,4,5,87,80
"V",2,1,4,6,42,40
"V",2,1,4,7,21,21
"V",2,1,4,8,9,8
"V",2,1,4,9,8,8
"V",2,1,5,-1,338,138
"V",2,1,5,-2,143,43
"V",2,1,5,-3,65,16
"V",2,1,5,-4,34,4
"V",2,1,5,-5,10,0
"V",2,1,5,-6,1,0
"V",2,1,5,-7,2,0
"V",2,1,5,0,1325,644
"V",2,1,5,1,722,456
"V",2,1,5,10,2,2
"V",2,1,5,11,1,1
"V",2,1,5,2,357,268
"V",2,1,5,3,170,132
"V",2,1,5,4,89,80
"V",2,1,5,5,44,39
"V",2,1,5,6,32,32
"V",2,1,5,7,9,8
"V",2,1,5,8,5,5
"V",2,1,5,9,5,5
"V",2,1,6,-1,434,178
"V",2,1,6,-2,185,49
"V",2,1,6,-3,92,25
"V",2,1,6,-4,35,4
"V",2,1,6,-5,17,4
"V",2,1,6,-6,5,1
"V",2,1,6,-7,1,0
"V",2,1,6,0,1385,748
"V",2,1,6,1,734,477
"V",2,1,6,10,2,2
"V",2,1,6,2,336,240
"V",2,1,6,3,182,142
"V",2,1,6,4,102,88
"V",2,1,6,5,57,53
"V",2,1,6,6,27,24
"V",2,1,6,7,14,13
"V",2,1,6,8,11,11
"V",2,1,6,9,6,6
"V",2,1,7,-1,307,128
"V",2,1,7,-2,169,62
"V",2,1,7,-3,81,20
"V",2,1,7,-4,35,6
"V",2,1,7,-5,10,1
"V",2,1,7,-6,3,0
"V",2,1,7,-7,1,0
"V",2,1,7,0,1172,645
"V",2,1,7,1,578,394
"V",2,1,7,10,1,1
"V",2,1,7,11,1,1
"V",2,1,7,2,308,231
"V",2,1,7,3,150,114
"V",2,1,7,4,84,74
"V",2,1,7,5,48,43
"V",2,1,7,6,24,22
"V",2,1,7,7,7,7
"V",2,1,7,8,6,6
"V",2,1,7,9,3,3
"V",2,1,8,-1,222,107
"V",2,1,8,-2,118,43
"V",2,1,8,-3,61,8
"V",2,1,8,-4,36,9
"V",2,1,8,-5,8,1
"V",2,1,8,-6,5,0
"V",2,1,8,-7,2,2
"V",2,1,8,0,884,503
"V",2,1,8,1,525,352
"V",2,1,8,2,236,179
"V",2,1,8,3,163,139
"V",2,1,8,4,97,88
"V",2,1,8,5,53,50
"V",2,1,8,6,24,22
"V",2,1,8,7,12,12
"V",2,1,8,8,9,9
"V",2,1,8,9,1,1
"V",2,2,1,-1,5059,1526
"V",2,2,1,-10,3,0
"V",2,2,1,-11,3,0
"V",2,2,1,-15,1,0
"V",2,2,1,-2,2667,572
"V",2,2,1,-3,1212,167
"V",2,2,1,-4,531,47
"V",2,2,1,-5,205,8
"V",2,2,1,-6,70,3
"V",2,2,1,-7,36,1
"V",2,2,1,-8,14,0
"V",2,2,1,-9,5,0
"V",2,2,1,0,19635,8249
"V",2,2,1,1,6154,3320
"V",2,2,1,10,5,5
"V",2,2,1,11,2,2
"V",2,2,1,13,1,1
"V",2,2,1,2,3074,2017
"V",2,2,1,3,1538,1184
"V",2,2,1,4,650,550
"V",2,2,1,5,307,272
"V",2,2,1,6,140,128
"V",2,2,1,7,88,84
"V",2,2,1,8,40,39
"V",2,2,1,9,16,16
"V",2,2,2,-1,2667,866
"V",2,2,2,-10,2,0
"V",2,2,2,-15,1,0
"V",2,2,2,-2,1392,306
"V",2,2,2,-3,705,102
"V",2,2,2,-4,309,30
"V",2,2,2,-5,113,8
"V",2,2,2,-6,44,3
"V",2,2,2,-7,23,1
"V",2,2,2,-8,1,0
"V",2,2,2,-9,2,0
"V",2,2,2,0,9871,4344
"V",2,2,2,1,3885,2191
"V",2,2,2,10,6,6
"V",2,2,2,11,5,5
"V",2,2,2,12,1,1
"V",2,2,2,13,1,1
"V",2,2,2,2,2003,1325
"V",2,2,2,3,1103,873
"V",2,2,2,4,537,442
"V",2,2,2,5,279,241
"V",2,2,2,6,144,131
"V",2,2,2,7,75,72
"V",2,2,2,8,38,36
"V",2,2,2,9,19,18
"V",2,2,3,-1,1141,383
"V",2,2,3,-2,520,113
"V",2,2,3,-3,225,40
"V",2,2,3,-4,96,14
"V",2,2,3,-5,37,2
"V",2,2,3,-6,11,1
"V",2,2,3,-7,10,0
"V",2,2,3,-8,3,0
"V",2,2,3,0,4389,1986
"V",2,2,3,1,2306,1312
"V",2,2,3,10,4,4
"V",2,2,3,11,2,2
"V",2,2,3,12,2,2
"V",2,2,3,2,1401,976
"V",2,2,3,3,730,556
"V",2,2,3,4,400,323
"V",2,2,3,5,214,182
"V",2,2,3,6,113,105
"V",2,2,3,7,44,41
"V",2,2,3,8,21,19
"V",2,2,3,9,15,15
"V",2,2,4,-1,936,332
"V",2,2,4,-14,1,0
"V",2,2,4,-2,546,132
"V",2,2,4,-3,282,57
"V",2,2,4,-4,127,16
"V",2,2,4,-5,46,10
"V",2,2,4,-6,18,4
"V",2,2,4,-7,10,0
"V",2,2,4,-9,2,0
"V",2,2,4,0,3400,1617
"V",2,2,4,1,1812,1076
"V",2,2,4,10,4,4
"V",2,2,4,11,3,3
"V",2,2,4,12,1,1
"V",2,2,4,2,1015,679
"V",2,2,4,3,557,433
"V",2,2,4,4,284,236
"V",2,2,4,5,155,133
"V",2,2,4,6,81,76
"V",2,2,4,7,40,38
"V",2,2,4,8,15,12
"V",2,2,4,9,8,7
"V",2,2,5,-1,444,159
"V",2,2,5,-2,208,45
"V",2,2,5,-3,84,12
"V",2,2,5,-4,47,6
"V",2,2,5,-5,9,0
"V",2,2,5,-6,3,0
"V",2,2,5,-7,1,0
"V",2,2,5,0,1576,713
"V",2,2,5,1,966,572
"V",2,2,5,10,3,3
"V",2,2,5,11,2,2
"V",2,2,5,12,1,1
"V",2,2,5,2,535,394
"V",2,2,5,3,316,232
"V",2,2,5,4,187,149
"V",2,2,5,5,94,83
"V",2,2,5,6,48,43
"V",2,2,5,7,24,23
"V",2,2,5,8,14,14
"V",2,2,5,9,3,3
"V",2,2,6,-1,427,141
"V",2,2,6,-2,188,45
"V",2,2,6,-3,84,18
"V",2,2,6,-4,44,5
"V",2,2,6,-5,19,1
"V",2,2,6,-6,2,1
"V",2,2,6,-7,1,0
"V",2,2,6,-9,1,0
"V",2,2,6,0,1422,656
"V",2,2,6,1,913,535
"V",2,2,6,10,1,1
"V",2,2,6,12,2,2
"V",2,2,6,2,521,371
"V",2,2,6,3,331,255
"V",2,2,6,4,186,168
"V",2,2,6,5,94,87
"V",2,2,6,6,43,38
"V",2,2,6,7,30,28
"V",2,2,6,8,7,7
"V",2,2,6,9,7,7
"V",2,2,7,-1,293,92
"V",2,2,7,-2,148,45
"V",2,2,7,-3,83,13
"V",2,2,7,-4,29,2
"V",2,2,7,-5,16,1
"V",2,2,7,-6,5,0
"V",2,2,7,-7,1,0
"V",2,2,7,-9,1,0
"V",2,2,7,0,979,482
"V",2,2,7,1,663,407
"V",2,2,7,10,3,3
"V",2,2,7,11,2,2
"V",2,2,7,12,1,1
"V",2,2,7,13,1,1
"V",2,2,7,2,420,301
"V",2,2,7,3,208,162
"V",2,2,7,4,112,90
"V",2,2,7,5,65,59
"V",2,2,7,6,32,31
"V",2,2,7,7,13,12
"V",2,2,7,8,1,1
"V",2,2,7,9,8,8
"V",2,2,8,-1,260,89
"V",2,2,8,-2,139,44
"V",2,2,8,-3,94,18
"V",2,2,8,-4,39,9
"V",2,2,8,-5,12,2
"V",2,2,8,-6,6,2
"V",2,2,8,-7,1,0
"V",2,2,8,0,986,485
"V",2,2,8,1,601,355
"V",2,2,8,10,2,2
"V",2,2,8,11,1,1
"V",2,2,8,2,355,248
"V",2,2,8,3,239,183
"V",2,2,8,4,118,106
"V",2,2,8,5,76,62
"V",2,2,8,6,31,29
"V",2,2,8,7,11,10
"V",2,2,8,8,8,8
"V",2,2,8,9,7,7
"V",3,0,1,-1,12262,4101
"V",3,0,1,-10,30,0
"V",3,0,1,-11,14,0
"V",3,0,1,-12,1,0
"V",3,0,1,-13,1,0
"V",3,0,1,-14,2,0
"V",3,0,1,-15,1,0
"V",3,0,1,-16,2,0
"V",3,0,1,-2,6720,1548
"V",3,0,1,-3,3454,554
"V",3,0,1,-4,1793,192
"V",3,0,1,-5,921,64
"V",3,0,1,-6,511,26
"V",3,0,1,-7,234,8
"V",3,0,1,-8,144,5
"V",3,0,1,-9,57,0
"V",3,0,1,0,25899,12102
"V",3,0,1,1,11356,6771
"V",3,0,1,10,22,22
"V",3,0,1,11,9,9
"V",3,0,1,12,3,3
"V",3,0,1,13,2,2
"V",3,0,1,2,5916,4120
"V",3,0,1,3,3009,2400
"V",3,0,1,4,1453,1256
"V",3,0,1,5,784,689
"V",3,0,1,6,403,384
"V",3,0,1,7,187,181
"V",3,0,1,8,87,86
"V",3,0,1,9,50,48
"V",3,0,2,-1,3031,1146
"V",3,0,2,-10,3,0
"V",3,0,2,-11,4,0
"V",3,0,2,-12,1,0
"V",3,0,2,-13,1,0
"V",3,0,2,-15,1,0
"V",3,0,2,-2,1635,456
"V",3,0,2,-3,880,158
"V",3,0,2,-4,452,69
"V",3,0,2,-5,253,26
"V",3,0,2,-6,134,9
"V",3,0,2,-7,59,4
"V",3,0,2,-8,55,1
"V",3,0,2,-9,15,0
"V",3,0,2,0,6343,3254
"V",3,0,2,1,3000,1917
"V",3,0,2,10,9,9
"V",3,0,2,11,3,3
"V",3,0,2,12,2,2
"V",3,0,2,13,1,1
"V",3,0,2,2,1678,1229
"V",3,0,2,3,907,750
"V",3,0,2,4,451,394
"V",3,0,2,5,221,199
"V",3,0,2,6,122,116
"V",3,0,2,7,58,57
"V",3,0,2,8,32,31
"V",3,0,2,9,17,17
"V",3,0,3,-1,615,262
"V",3,0,3,-10,4,0
"V",3,0,3,-2,327,93
"V",3,0,3,-3,156,33
"V",3,0,3,-4,73,13
"V",3,0,3,-5,40,3
"V",3,0,3,-6,24,0
"V",3,0,3,-7,8,0
"V",3,0,3,-8,5,1
"V",3,0,3,-9,2,0
"V",3,0,3,0,1267,670
"V",3,0,3,1,754,516
"V",3,0,3,10,1,1
"V",3,0,3,2,472,359
"V",3,0,3,3,284,238
"V",3,0,3,4,159,138
"V",3,0,3,5,78,74
"V",3,0,3,6,45,43
"V",3,0,3,7,17,17
"V",3,0,3,8,8,8
"V",3,0,3,9,5,5
"V",3,0,4,-1,561,262
"V",3,0,4,-10,2,0
"V",3,0,4,-2,352,133
"V",3,0,4,-3,213,51
"V",3,0,4,-4,118,30
"V",3,0,4,-5,59,10
"V",3,0,4,-6,36,3
"V",3,0,4,-7,15,1
"V",3,0,4,-8,11,0
"V",3,0,4,-9,3,0
"V",3,0,4,0,1079,635
"V",3,0,4,1,652,443
"V",3,0,4,10,1,1
"V",3,0,4,11,1,1
"V",3,0,4,12,1,1
"V",3,0,4,2,418,326
"V",3,0,4,3,219,185
"V",3,0,4,4,126,110
"V",3,0,4,5,62,57
"V",3,0,4,6,40,37
"V",3,0,4,7,15,15
"V",3,0,4,8,11,11
"V",3,0,4,9,5,5
"V",3,0,5,-1,135,63
"V",3,0,5,-2,65,22
"V",3,0,5,-3,29,7
"V",3,0,5,-4,19,5
"V",3,0,5,-5,6,1
"V",3,0,5,-6,3,0
"V",3,0,5,-7,4,0
"V",3,0,5,-8,2,0
"V",3,0,5,-9,2,0
"V",3,0,5,0,274,160
"V",3,0,5,1,190,134
"V",3,0,5,10,1,1
"V",3,0,5,11,1,1
"V",3,0,5,2,168,126
"V",3,0,5,3,104,84
"V",3,0,5,4,54,50
"V",3,0,5,5,28,25
"V",3,0,5,6,11,11
"V",3,0,5,7,4,4
"V",3,0,5,8,5,5
"V",3,0,6,-1,205,100
"V",3,0,6,-10,1,0
"V",3,0,6,-2,102,38
"V",3,0,6,-3,52,13
"V",3,0,6,-4,34,8
"V",3,0,6,-5,13,0
"V",3,0,6,-6,10,1
"V",3,0,6,-7,6,1
"V",3,0,6,-8,4,1
"V",3,0,6,-9,1,0
"V",3,0,6,0,458,285
"V",3,0,6,1,306,218
"V",3,0,6,10,3,3
"V",3,0,6,2,216,160
"V",3,0,6,3,140,124
"V",3,0,6,4,69,65
"V",3,0,6,5,34,32
"V",3,0,6,6,16,16
"V",3,0,6,7,9,9
"V",3,0,6,8,1,1
"V",3,0,6,9,2,2
"V",3,0,7,-1,122,61
"V",3,0,7,-10,2,0
"V",3,0,7,-11,1,0
"V",3,0,7,-2,69,31
"V",3,0,7,-3,37,11
"V",3,0,7,-4,19,4
"V",3,0,7,-5,14,1
"V",3,0,7,-6,3,0
"V",3,0,7,-7,3,0
"V",3,0,7,-8,7,0
"V",3,0,7,0,207,140
"V",3,0,7,1,162,126
"V",3,0,7,10,1,1
"V",3,0,7,11,1,1
"V",3,0,7,12,1,1
"V",3,0,7,2,131,108
"V",3,0,7,3,77,70
"V",3,0,7,4,38,36
"V",3,0,7,5,21,19
"V",3,0,7,6,11,11
"V",3,0,7,7,3,3
"V",3,0,7,8,2,2
"V",3,0,7,9,1,1
"V",3,0,8,-1,119,70
"V",3,0,8,-10,1,0
"V",3,0,8,-2,92,42
"V",3,0,8,-3,51,18
"V",3,0,8,-4,24,5
"V",3,0,8,-5,11,2
"V",3,0,8,-6,9,1
"V",3,0,8,-7,7,0
"V",3,0,8,-8,3,1
"V",3,0,8,-9,1,0
"V",3,0,8,0,232,167
"V",3,0,8,1,189,130
"V",3,0,8,10,1,1
"V",3,0,8,2,117,92
"V",3,0,8,3,69,59
"V",3,0,8,4,41,39
"V",3,0,8,5,21,21
"V",3,0,8,6,11,10
"V",3,0,8,7,10,10
"V",3,0,8,8,3,3
"V",3,0,8,9,1,1
"V",3,1,1,-1,8748,2718
"V",3,1,1,-10,23,0
"V",3,1,1,-11,10,0
"V",3,1,1,-14,2,0
"V",3,1,1,-16,2,0
"V",3,1,1,-2,4794,1003
"V",3,1,1,-3,2423,364
"V",3,1,1,-4,1270,112
"V",3,1,1,-5,623,34
"V",3,1,1,-6,354,16
"V",3,1,1,-7,170,6
"V",3,1,1,-8,81,3
"V",3,1,1,-9,38,0
"V",3,1,1,0,18619,8300
"V",3,1,1,1,8176,4651
"V",3,1,1,10,15,15
"V",3,1,1,11,6,6
"V",3,1,1,12,2,2
"V",3,1,1,13,2,2
"V",3,1,1,2,4268,2881
"V",3,1,1,3,2261,1763
"V",3,1,1,4,1189,1013
"V",3,1,1,5,675,588
"V",3,1,1,6,335,317
"V",3,1,1,7,142,136
"V",3,1,1,8,64,64
"V",3,1,1,9,36,34
"V",3,1,2,-1,3477,1195
"V",3,1,2,-10,7,0
"V",3,1,2,-11,6,0
"V",3,1,2,-12,1,0
"V",3,1,2,-13,1,0
"V",3,1,2,-15,1,0
"V",3,1,2,-2,1960,450
"V",3,1,2,-3,1069,191
"V",3,1,2,-4,530,60
"V",3,1,2,-5,308,23
"V",3,1,2,-6,157,9
"V",3,1,2,-7,78,3
"V",3,1,2,-8,44,1
"V",3,1,2,-9,20,0
"V",3,1,2,0,7069,3403
"V",3,1,2,1,3743,2250
"V",3,1,2,10,12,12
"V",3,1,2,11,6,6
"V",3,1,2,12,3,3
"V",3,1,2,13,1,1
"V",3,1,2,14,1,1
"V",3,1,2,15,1,1
"V",3,1,2,2,2232,1587
"V",3,1,2,3,1263,1000
"V",3,1,2,4,660,569
"V",3,1,2,5,362,321
"V",3,1,2,6,193,183
"V",3,1,2,7,89,82
"V",3,1,2,8,35,33
"V",3,1,2,9,19,19
"V",3,1,3,-1,1400,511
"V",3,1,3,-10,4,0
"V",3,1,3,-16,1,0
"V",3,1,3,-2,583,136
"V",3,1,3,-3,285,51
"V",3,1,3,-4,130,20
"V",3,1,3,-5,56,9
"V",3,1,3,-6,41,5
"V",3,1,3,-7,18,0
"V",3,1,3,-8,9,0
"V",3,1,3,-9,4,0
"V",3,1,3,0,3104,1547
"V",3,1,3,1,1716,1119
"V",3,1,3,10,5,5
"V",3,1,3,11,2,2
"V",3,1,3,15,1,1
"V",3,1,3,2,1038,758
"V",3,1,3,3,626,503
"V",3,1,3,4,356,302
"V",3,1,3,5,166,153
"V",3,1,3,6,87,82
"V",3,1,3,7,41,39
"V",3,1,3,8,22,22
"V",3,1,3,9,10,10
"V",3,1,4,-1,1019,404
"V",3,1,4,-10,2,0
"V",3,1,4,-11,2,0
"V",3,1,4,-2,625,185
"V",3,1,4,-3,329,71
"V",3,1,4,-4,174,27
"V",3,1,4,-5,91,8
"V",3,1,4,-6,57,5
"V",3,1,4,-7,27,3
"V",3,1,4,-8,19,0
"V",3,1,4,-9,8,0
"V",3,1,4,0,1944,999
"V",3,1,4,1,1265,820
"V",3,1,4,10,5,5
"V",3,1,4,11,2,2
"V",3,1,4,12,1,1
"V",3,1,4,13,1,1
"V",3,1,4,14,1,1
"V",3,1,4,15,1,1
"V",3,1,4,2,763,554
"V",3,1,4,3,520,422
"V",3,1,4,4,274,233
"V",3,1,4,5,149,137
"V",3,1,4,6,83,79
"V",3,1,4,7,49,44
"V",3,1,4,8,19,19
"V",3,1,4,9,10,10
"V",3,1,5,-1,389,172
"V",3,1,5,-2,182,49
"V",3,1,5,-3,71,14
"V",3,1,5,-4,40,4
"V",3,1,5,-5,17,1
"V",3,1,5,-6,11,0
"V",3,1,5,-7,8,0
"V",3,1,5,-8,3,0
"V",3,1,5,-9,5,0
"V",3,1,5,0,840,451
"V",3,1,5,1,675,459
"V",3,1,5,10,5,5
"V",3,1,5,11,2,2
"V",3,1,5,13,1,1
"V",3,1,5,2,499,370
"V",3,1,5,3,304,242
"V",3,1,5,4,168,147
"V",3,1,5,5,77,71
"V",3,1,5,6,44,40
"V",3,1,5,7,17,17
"V",3,1,5,8,6,6
"V",3,1,5,9,2,2
"V",3,1,6,-1,504,222
"V",3,1,6,-10,1,0
"V",3,1,6,-2,251,79
"V",3,1,6,-3,130,29
"V",3,1,6,-4,69,7
"V",3,1,6,-5,40,4
"V",3,1,6,-6,14,1
"V",3,1,6,-7,5,0
"V",3,1,6,-8,5,0
"V",3,1,6,-9,2,0
"V",3,1,6,0,938,536
"V",3,1,6,1,753,508
"V",3,1,6,10,6,6
"V",3,1,6,11,2,2
"V",3,1,6,12,1,1
"V",3,1,6,13,2,2
"V",3,1,6,2,558,416
"V",3,1,6,3,313,256
"V",3,1,6,4,193,166
"V",3,1,6,5,89,83
"V",3,1,6,6,34,33
"V",3,1,6,7,20,20
"V",3,1,6,8,16,16
"V",3,1,6,9,8,8
"V",3,1,7,-1,376,171
"V",3,1,7,-10,3,0
"V",3,1,7,-2,186,64
"V",3,1,7,-3,104,29
"V",3,1,7,-4,44,9
"V",3,1,7,-5,18,2
"V",3,1,7,-6,10,0
"V",3,1,7,-7,10,0
"V",3,1,7,-8,4,1
"V",3,1,7,0,754,435
"V",3,1,7,1,588,404
"V",3,1,7,10,2,2
"V",3,1,7,12,2,2
"V",3,1,7,13,1,1
"V",3,1,7,2,353,282
"V",3,1,7,3,222,188
"V",3,1,7,4,140,123
"V",3,1,7,5,55,53
"V",3,1,7,6,36,36
"V",3,1,7,7,19,19
"V",3,1,7,8,10,10
"V",3,1,7,9,7,7
"V",3,1,8,-1,299,135
"V",3,1,8,-10,1,0
"V",3,1,8,-2,156,60
"V",3,1,8,-3,79,25
"V",3,1,8,-4,45,9
"V",3,1,8,-5,19,2
"V",3,1,8,-6,13,2
"V",3,1,8,-7,12,1
"V",3,1,8,-8,7,1
"V",3,1,8,-9,2,0
"V",3,1,8,0,591,352
"V",3,1,8,1,507,347
"V",3,1,8,10,2,2
"V",3,1,8,11,1,1
"V",3,1,8,2,341,263
"V",3,1,8,3,184,153
"V",3,1,8,4,138,124
"V",3,1,8,5,59,57
"V",3,1,8,6,24,24
"V",3,1,8,7,15,15
"V",3,1,8,8,8,8
"V",3,1,8,9,2,2
"V",3,2,1,-1,6756,1986
"V",3,2,1,-10,15,0
"V",3,2,1,-11,7,0
"V",3,2,1,-14,2,0
"V",3,2,1,-16,1,0
"V",3,2,1,-2,3708,751
"V",3,2,1,-3,1832,233
"V",3,2,1,-4,961,77
"V",3,2,1,-5,477,23
"V",3,2,1,-6,273,10
"V",3,2,1,-7,120,5
"V",3,2,1,-8,65,1
"V",3,2,1,-9,26,0
"V",3,2,1,0,14474,6203
"V",3,2,1,1,6542,3641
"V",3,2,1,10,19,19
"V",3,2,1,11,9,9
"V",3,2,1,12,6,6
"V",3,2,1,13,5,5
"V",3,2,1,2,3625,2394
"V",3,2,1,3,2046,1583
"V",3,2,1,4,1137,952
"V",3,2,1,5,664,575
"V",3,2,1,6,319,296
"V",3,2,1,7,145,141
"V",3,2,1,8,76,76
"V",3,2,1,9,41,38
"V",3,2,2,-1,3374,1049
"V",3,2,2,-10,4,0
"V",3,2,2,-11,4,0
"V",3,2,2,-12,1,0
"V",3,2,2,-13,1,0
"V",3,2,2,-15,1,0
"V",3,2,2,-2,1860,382
"V",3,2,2,-3,1004,149
"V",3,2,2,-4,534,47
"V",3,2,2,-5,297,22
"V",3,2,2,-6,158,8
"V",3,2,2,-7,88,4
"V",3,2,2,-8,43,1
"V",3,2,2,-9,18,0
"V",3,2,2,0,6923,3079
"V",3,2,2,1,3980,2276
"V",3,2,2,10,12,12
"V",3,2,2,11,11,11
"V",3,2,2,12,7,7
"V",3,2,2,13,2,2
"V",3,2,2,14,2,2
"V",3,2,2,15,1,1
"V",3,2,2,2,2547,1749
"V",3,2,2,3,1505,1168
"V",3,2,2,4,864,745
"V",3,2,2,5,486,427
"V",3,2,2,6,238,225
"V",3,2,2,7,132,129
"V",3,2,2,8,59,58
"V",3,2,2,9,37,36
"V",3,2,3,-1,1705,553
"V",3,2,3,-10,5,0
"V",3,2,3,-16,1,0
"V",3,2,3,-2,760,166
"V",3,2,3,-3,356,54
"V",3,2,3,-4,181,21
"V",3,2,3,-5,90,9
"V",3,2,3,-6,38,2
"V",3,2,3,-7,17,0
"V",3,2,3,-8,7,0
"V",3,2,3,-9,6,0
"V",3,2,3,0,3675,1715
"V",3,2,3,1,2290,1330
"V",3,2,3,10,15,15
"V",3,2,3,11,8,8
"V",3,2,3,12,3,3
"V",3,2,3,13,1,1
"V",3,2,3,14,1,1
"V",3,2,3,15,1,1
"V",3,2,3,18,1,1
"V",3,2,3,2,1474,1035
"V",3,2,3,3,922,743
"V",3,2,3,4,562,473
"V",3,2,3,5,310,279
"V",3,2,3,6,159,148
"V",3,2,3,7,74,66
"V",3,2,3,8,35,34
"V",3,2,3,9,15,15
"V",3,2,4,-1,1223,428
"V",3,2,4,-10,3,0
"V",3,2,4,-11,2,0
"V",3,2,4,-12,1,0
"V",3,2,4,-2,714,153
"V",3,2,4,-3,419,63
"V",3,2,4,-4,227,25
"V",3,2,4,-5,129,15
"V",3,2,4,-6,75,4
"V",3,2,4,-7,37,1
"V",3,2,4,-8,15,1
"V",3,2,4,-9,10,0
"V",3,2,4,0,2372,1132
"V",3,2,4,1,1644,951
"V",3,2,4,10,4,4
"V",3,2,4,11,6,6
"V",3,2,4,12,2,2
"V",3,2,4,14,1,1
"V",3,2,4,16,1,1
"V",3,2,4,2,1153,824
"V",3,2,4,3,721,573
"V",3,2,4,4,442,382
"V",3,2,4,5,238,205
"V",3,2,4,6,129,122
"V",3,2,4,7,75,69
"V",3,2,4,8,43,42
"V",3,2,4,9,18,17
"V",3,2,5,-1,584,202
"V",3,2,5,-2,269,51
"V",3,2,5,-3,141,22
"V",3,2,5,-4,64,9
"V",3,2,5,-5,42,2
"V",3,2,5,-6,26,1
"V",3,2,5,-7,7,0
"V",3,2,5,-8,7,0
"V",3,2,5,-9,2,0
"V",3,2,5,0,1246,586
"V",3,2,5,1,1008,611
"V",3,2,5,10,11,11
"V",3,2,5,11,3,3
"V",3,2,5,12,2,2
"V",3,2,5,15,2,2
"V",3,2,5,2,714,500
"V",3,2,5,3,430,328
"V",3,2,5,4,253,218
"V",3,2,5,5,125,116
"V",3,2,5,6,65,61
"V",3,2,5,7,31,29
"V",3,2,5,8,19,19
"V",3,2,5,9,11,11
"V",3,2,6,-1,562,193
"V",3,2,6,-2,287,80
"V",3,2,6,-3,177,33
"V",3,2,6,-4,78,8
"V",3,2,6,-5,47,8
"V",3,2,6,-6,30,2
"V",3,2,6,-7,9,1
"V",3,2,6,-8,7,0
"V",3,2,6,-9,3,0
"V",3,2,6,0,1208,593
"V",3,2,6,1,929,562
"V",3,2,6,10,5,5
"V",3,2,6,11,5,5
"V",3,2,6,15,1,1
"V",3,2,6,2,681,451
"V",3,2,6,3,403,332
"V",3,2,6,4,258,220
"V",3,2,6,5,141,127
"V",3,2,6,6,66,65
"V",3,2,6,7,33,32
"V",3,2,6,8,15,14
"V",3,2,6,9,9,8
"V",3,2,7,-1,348,137
"V",3,2,7,-10,1,0
"V",3,2,7,-15,1,0
"V",3,2,7,-2,178,53
"V",3,2,7,-3,101,17
"V",3,2,7,-4,38,2
"V",3,2,7,-5,22,2
"V",3,2,7,-6,16,1
"V",3,2,7,-7,17,1
"V",3,2,7,-8,7,0
"V",3,2,7,0,720,365
"V",3,2,7,1,549,331
"V",3,2,7,10,4,3
"V",3,2,7,11,4,4
"V",3,2,7,12,1,1
"V",3,2,7,16,1,1
"V",3,2,7,2,376,268
"V",3,2,7,3,257,215
"V",3,2,7,4,174,146
"V",3,2,7,5,83,76
"V",3,2,7,6,54,52
"V",3,2,7,7,30,27
"V",3,2,7,8,13,13
"V",3,2,7,9,7,7
"V",3,2,8,-1,364,149
"V",3,2,8,-10,1,0
"V",3,2,8,-2,201,48
"V",3,2,8,-3,108,20
"V",3,2,8,-4,66,12
"V",3,2,8,-5,39,6
"V",3,2,8,-6,18,1
"V",3,2,8,-7,13,1
"V",3,2,8,-8,5,1
"V",3,2,8,-9,1,0
"V",3,2,8,0,716,370
"V",3,2,8,1,567,365
"V",3,2,8,10,2,2
"V",3,2,8,11,2,2
"V",3,2,8,12,1,1
"V",3,2,8,2,395,280
"V",3,2,8,3,222,183
"V",3,2,8,4,181,155
"V",3,2,8,5,85,82
"V",3,2,8,6,39,36
"V",3,2,8,7,24,22
"V",3,2,8,8,14,14
"V",3,2,8,9,10,10
"V",4,0,1,-1,11517,3874
"V",4,0,1,-10,64,0
"V",4,0,1,-11,36,1
"V",4,0,1,-12,22,0
"V",4,0,1,-13,7,0
"V",4,0,1,-14,2,0
"V",4,0,1,-15,1,0
"V",4,0,1,-16,1,0
"V",4,0,1,-17,2,0
"V",4,0,1,-18,1,0
"V",4,0,1,-2,7518,1681
"V",4,0,1,-3,4766,705
"V",4,0,1,-4,2982,275
"V",4,0,1,-5,1722,115
"V",4,0,1,-6,923,39
"V",4,0,1,-7,441,8
"V",4,0,1,-8,245,2
"V",4,0,1,-9,118,1
"V",4,0,1,0,19096,8946
"V",4,0,1,1,10822,6600
"V",4,0,1,10,49,49
"V",4,0,1,11,21,21
"V",4,0,1,12,14,14
"V",4,0,1,13,7,7
"V",4,0,1,14,3,3
"V",4,0,1,15,1,1
"V",4,0,1,18,1,1
"V",4,0,1,2,6813,4852
"V",4,0,1,3,4082,3323
"V",4,0,1,4,2364,2098
"V",4,0,1,5,1324,1213
"V",4,0,1,6,686,645
"V",4,0,1,7,336,322
"V",4,0,1,8,160,158
"V",4,0,1,9,91,89
"V",4,0,2,-1,3137,1192
"V",4,0,2,-10,13,0
"V",4,0,2,-11,7,1
"V",4,0,2,-12,7,0
"V",4,0,2,-13,2,0
"V",4,0,2,-16,1,0
"V",4,0,2,-18,1,0
"V",4,0,2,-2,2081,543
"V",4,0,2,-3,1345,256
"V",4,0,2,-4,824,111
"V",4,0,2,-5,490,26
"V",4,0,2,-6,250,13
"V",4,0,2,-7,131,0
"V",4,0,2,-8,71,1
"V",4,0,2,-9,28,0
"V",4,0,2,0,5132,2646
"V",4,0,2,1,3022,1972
"V",4,0,2,10,16,16
"V",4,0,2,11,4,4
"V",4,0,2,12,2,2
"V",4,0,2,15,1,1
"V",4,0,2,2,1920,1436
"V",4,0,2,3,1144,962
"V",4,0,2,4,659,593
"V",4,0,2,5,357,333
"V",4,0,2,6,171,159
"V",4,0,2,7,98,94
"V",4,0,2,8,58,58
"V",4,0,2,9,36,36
"V",4,0,3,-1,732,308
"V",4,0,3,-10,1,0
"V",4,0,3,-11,4,0
"V",4,0,3,-2,449,141
"V",4,0,3,-3,264,62
"V",4,0,3,-4,177,17
"V",4,0,3,-5,114,14
"V",4,0,3,-6,51,2
"V",4,0,3,-7,18,2
"V",4,0,3,-8,12,0
"V",4,0,3,-9,6,0
"V",4,0,3,0,1204,688
"V",4,0,3,1,838,573
"V",4,0,3,10,4,4
"V",4,0,3,11,7,7
"V",4,0,3,12,2,2
"V",4,0,3,13,1,1
"V",4,0,3,2,533,404
"V",4,0,3,3,313,262
"V",4,0,3,4,175,165
"V",4,0,3,5,91,84
"V",4,0,3,6,62,60
"V",4,0,3,7,24,23
"V",4,0,3,8,18,17
"V",4,0,3,9,7,7
"V",4,0,4,-1,622,286
"V",4,0,4,-10,3,0
"V",4,0,4,-11,2,0
"V",4,0,4,-12,1,0
"V",4,0,4,-18,1,0
"V",4,0,4,-2,453,151
"V",4,0,4,-3,312,77
"V",4,0,4,-4,207,36
"V",4,0,4,-5,118,10
"V",4,0,4,-6,64,4
"V",4,0,4,-7,39,1
"V",4,0,4,-8,24,0
"V",4,0,4,-9,10,0
"V",4,0,4,0,984,577
"V",4,0,4,1,670,467
"V",4,0,4,10,4,4
"V",4,0,4,11,5,5
"V",4,0,4,2,419,328
"V",4,0,4,3,212,190
"V",4,0,4,4,147,136
"V",4,0,4,5,89,84
"V",4,0,4,6,34,33
"V",4,0,4,7,21,21
"V",4,0,4,8,15,15
"V",4,0,4,9,7,7
"V",4,0,5,-1,206,86
"V",4,0,5,-10,1,0
"V",4,0,5,-2,114,41
"V",4,0,5,-3,66,16
"V",4,0,5,-4,37,1
"V",4,0,5,-5,27,2
"V",4,0,5,-6,18,0
"V",4,0,5,-7,8,1
"V",4,0,5,-8,4,0
"V",4,0,5,-9,2,0
"V",4,0,5,0,338,189
"V",4,0,5,1,235,157
"V",4,0,5,10,3,3
"V",4,0,5,11,2,2
"V",4,0,5,2,137,100
"V",4,0,5,3,82,67
"V",4,0,5,4,48,43
"V",4,0,5,5,26,25
"V",4,0,5,6,12,12
"V",4,0,5,7,14,13
"V",4,0,5,8,6,6
"V",4,0,5,9,6,6
"V",4,0,6,-1,304,139
"V",4,0,6,-10,3,0
"V",4,0,6,-11,2,0
"V",4,0,6,-2,197,63
"V",4,0,6,-3,120,31
"V",4,0,6,-4,78,6
"V",4,0,6,-5,38,5
"V",4,0,6,-6,26,2
"V",4,0,6,-7,11,0
"V",4,0,6,-8,9,0
"V",4,0,6,0,474,286
"V",4,0,6,1,341,246
"V",4,0,6,10,4,4
"V",4,0,6,11,1,1
"V",4,0,6,2,170,132
"V",4,0,6,3,132,115
"V",4,0,6,4,66,62
"V",4,0,6,5,35,34
"V",4,0,6,6,18,18
"V",4,0,6,7,13,13
"V",4,0,6,8,6,6
"V",4,0,6,9,6,6
"V",4,0,7,-1,177,92
"V",4,0,7,-10,1,0
"V",4,0,7,-11,1,0
"V",4,0,7,-2,108,41
"V",4,0,7,-3,67,18
"V",4,0,7,-4,42,8
"V",4,0,7,-5,22,1
"V",4,0,7,-6,8,1
"V",4,0,7,-7,12,0
"V",4,0,7,-8,2,0
"V",4,0,7,-9,3,0
"V",4,0,7,0,254,161
"V",4,0,7,1,157,127
"V",4,0,7,10,1,1
"V",4,0,7,12,2,2
"V",4,0,7,2,120,100
"V",4,0,7,3,75,68
"V",4,0,7,4,48,45
"V",4,0,7,5,36,33
"V",4,0,7,6,12,11
"V",4,0,7,7,11,11
"V",4,0,7,8,3,3
"V",4,0,7,9,2,2
"V",4,0,8,-1,159,85
"V",4,0,8,-10,2,0
"V",4,0,8,-2,104,40
"V",4,0,8,-3,71,32
"V",4,0,8,-4,48,10
"V",4,0,8,-5,18,1
"V",4,0,8,-6,13,4
"V",4,0,8,-7,11,0
"V",4,0,8,-8,3,0
"V",4,0,8,-9,3,0
"V",4,0,8,0,218,152
"V",4,0,8,1,186,143
"V",4,0,8,10,1,1
"V",4,0,8,2,103,89
"V",4,0,8,3,66,63
"V",4,0,8,4,50,47
"V",4,0,8,5,43,42
"V",4,0,8,6,18,17
"V",4,0,8,7,10,10
"V",4,0,8,8,4,4
"V",4,0,8,9,2,2
"V",4,1,1,-1,7821,2380
"V",4,1,1,-10,48,0
"V",4,1,1,-11,25,0
"V",4,1,1,-12,14,0
"V",4,1,1,-13,5,0
"V",4,1,1,-14,2,0
"V",4,1,1,-15,1,0
"V",4,1,1,-17,2,0
"V",4,1,1,-2,5065,986
"V",4,1,1,-3,3176,381
"V",4,1,1,-4,1988,145
"V",4,1,1,-5,1113,73
"V",4,1,1,-6,606,24
"V",4,1,1,-7,290,5
"V",4,1,1,-8,155,1
"V",4,1,1,-9,81,1
"V",4,1,1,0,13038,5675
"V",4,1,1,1,7620,4437
"V",4,1,1,10,39,39
"V",4,1,1,11,13,13
"V",4,1,1,12,12,12
"V",4,1,1,13,8,8
"V",4,1,1,14,3,3
"V",4,1,1,16,1,1
"V",4,1,1,18,1,1
"V",4,1,1,19,1,1
"V",4,1,1,2,4924,3422
"V",4,1,1,3,2959,2362
"V",4,1,1,4,1758,1530
"V",4,1,1,5,999,917
"V",4,1,1,6,554,520
"V",4,1,1,7,277,268
"V",4,1,1,8,133,131
"V",4,1,1,9,76,74
"V",4,1,2,-1,3497,1169
"V",4,1,2,-10,17,0
"V",4,1,2,-11,11,1
"V",4,1,2,-12,8,0
"V",4,1,2,-13,2,0
"V",4,1,2,-14,2,0
"V",4,1,2,-2,2397,540
"V",4,1,2,-3,1527,231
"V",4,1,2,-4,936,97
"V",4,1,2,-5,538,39
"V",4,1,2,-6,275,14
"V",4,1,2,-7,128,3
"V",4,1,2,-8,72,1
"V",4,1,2,-9,36,0
"V",4,1,2,0,5673,2638
"V",4,1,2,1,3557,2182
"V",4,1,2,10,16,16
"V",4,1,2,11,6,6
"V",4,1,2,12,8,8
"V",4,1,2,13,3,3
"V",4,1,2,14,1,1
"V",4,1,2,15,1,1
"V",4,1,2,2,2316,1685
"V",4,1,2,3,1421,1176
"V",4,1,2,4,875,782
"V",4,1,2,5,487,452
"V",4,1,2,6,276,262
"V",4,1,2,7,161,153
"V",4,1,2,8,83,83
"V",4,1,2,9,44,42
"V",4,1,3,-1,1254,487
"V",4,1,3,-10,5,0
"V",4,1,3,-11,2,0
"V",4,1,3,-15,1,0
"V",4,1,3,-16,1,0
"V",4,1,3,-2,686,161
"V",4,1,3,-3,403,56
"V",4,1,3,-4,224,20
"V",4,1,3,-5,133,14
"V",4,1,3,-6,85,2
"V",4,1,3,-7,31,1
"V",4,1,3,-8,12,0
"V",4,1,3,-9,10,0
"V",4,1,3,0,2259,1162
"V",4,1,3,1,1638,1068
"V",4,1,3,10,16,16
"V",4,1,3,11,9,8
"V",4,1,3,13,3,3
"V",4,1,3,14,1,1
"V",4,1,3,2,1178,886
"V",4,1,3,3,757,620
"V",4,1,3,4,461,411
"V",4,1,3,5,274,250
"V",4,1,3,6,149,136
"V",4,1,3,7,65,62
"V",4,1,3,8,48,47
"V",4,1,3,9,26,26
"V",4,1,4,-1,1026,395
"V",4,1,4,-10,6,0
"V",4,1,4,-11,2,0
"V",4,1,4,-12,3,0
"V",4,1,4,-13,1,0
"V",4,1,4,-14,2,0
"V",4,1,4,-2,697,191
"V",4,1,4,-3,511,103
"V",4,1,4,-4,318,42
"V",4,1,4,-5,168,12
"V",4,1,4,-6,100,7
"V",4,1,4,-7,43,1
"V",4,1,4,-8,23,1
"V",4,1,4,-9,13,0
"V",4,1,4,0,1624,854
"V",4,1,4,1,1212,804
"V",4,1,4,10,8,8
"V",4,1,4,11,5,5
"V",4,1,4,13,1,1
"V",4,1,4,2,792,607
"V",4,1,4,3,504,419
"V",4,1,4,4,301,274
"V",4,1,4,5,212,195
"V",4,1,4,6,108,104
"V",4,1,4,7,61,60
"V",4,1,4,8,39,39
"V",4,1,4,9,24,23
"V",4,1,5,-1,507,230
"V",4,1,5,-10,2,0
"V",4,1,5,-11,1,0
"V",4,1,5,-2,241,68
"V",4,1,5,-3,141,30
"V",4,1,5,-4,86,9
"V",4,1,5,-5,69,7
"V",4,1,5,-6,27,2
"V",4,1,5,-7,9,0
"V",4,1,5,-8,10,0
"V",4,1,5,-9,2,0
"V",4,1,5,0,814,445
"V",4,1,5,1,655,430
"V",4,1,5,10,6,6
"V",4,1,5,11,7,7
"V",4,1,5,12,2,2
"V",4,1,5,14,1,1
"V",4,1,5,2,460,352
"V",4,1,5,3,300,262
"V",4,1,5,4,184,167
"V",4,1,5,5,112,104
"V",4,1,5,6,74,73
"V",4,1,5,7,37,36
"V",4,1,5,8,26,26
"V",4,1,5,9,10,10
"V",4,1,6,-1,510,241
"V",4,1,6,-10,1,0
"V",4,1,6,-11,4,0
"V",4,1,6,-12,1,0
"V",4,1,6,-18,1,0
"V",4,1,6,-2,326,80
"V",4,1,6,-3,184,39
"V",4,1,6,-4,131,16
"V",4,1,6,-5,66,8
"V",4,1,6,-6,36,3
"V",4,1,6,-7,11,0
"V",4,1,6,-8,9,0
"V",4,1,6,-9,2,0
"V",4,1,6,0,823,454
"V",4,1,6,1,631,434
"V",4,1,6,10,5,5
"V",4,1,6,12,1,1
"V",4,1,6,13,1,1
"V",4,1,6,14,1,1
"V",4,1,6,2,433,336
"V",4,1,6,3,295,245
"V",4,1,6,4,187,171
"V",4,1,6,5,149,140
"V",4,1,6,6,75,73
"V",4,1,6,7,41,41
"V",4,1,6,8,24,23
"V",4,1,6,9,12,12
"V",4,1,7,-1,362,144
"V",4,1,7,-10,1,0
"V",4,1,7,-12,1,0
"V",4,1,7,-2,239,74
"V",4,1,7,-3,122,28
"V",4,1,7,-4,74,11
"V",4,1,7,-5,46,3
"V",4,1,7,-6,23,2
"V",4,1,7,-7,16,0
"V",4,1,7,-8,3,0
"V",4,1,7,-9,2,0
"V",4,1,7,0,663,348
"V",4,1,7,1,520,387
"V",4,1,7,10,3,3
"V",4,1,7,11,4,4
"V",4,1,7,12,2,2
"V",4,1,7,14,1,1
"V",4,1,7,2,354,282
"V",4,1,7,3,239,198
"V",4,1,7,4,166,156
"V",4,1,7,5,92,87
"V",4,1,7,6,59,56
"V",4,1,7,7,21,20
"V",4,1,7,8,18,18
"V",4,1,7,9,7,6
"V",4,1,8,-1,303,145
"V",4,1,8,-10,3,0
"V",4,1,8,-11,1,0
"V",4,1,8,-14,1,0
"V",4,1,8,-2,174,65
"V",4,1,8,-3,134,33
"V",4,1,8,-4,83,12
"V",4,1,8,-5,34,6
"V",4,1,8,-6,30,5
"V",4,1,8,-7,12,0
"V",4,1,8,-8,4,0
"V",4,1,8,-9,1,0
"V",4,1,8,0,549,315
"V",4,1,8,1,469,332
"V",4,1,8,10,1,1
"V",4,1,8,2,347,289
"V",4,1,8,3,222,192
"V",4,1,8,4,126,118
"V",4,1,8,5,91,89
"V",4,1,8,6,51,49
"V",4,1,8,7,26,26
"V",4,1,8,8,14,14
"V",4,1,8,9,9,8
"V",4,2,1,-1,5874,1648
"V",4,2,1,-10,33,0
"V",4,2,1,-11,14,0
"V",4,2,1,-12,11,0
"V",4,2,1,-13,5,0
"V",4,2,1,-15,1,0
"V",4,2,1,-17,2,0
"V",4,2,1,-2,3771,674
"V",4,2,1,-3,2374,257
"V",4,2,1,-4,1473,97
"V",4,2,1,-5,831,36
"V",4,2,1,-6,445,12
"V",4,2,1,-7,223,2
"V",4,2,1,-8,110,1
"V",4,2,1,-9,56,1
"V",4,2,1,0,9836,4079
"V",4,2,1,1,6204,3501
"V",4,2,1,10,50,50
"V",4,2,1,11,14,13
"V",4,2,1,12,16,16
"V",4,2,1,13,9,9
"V",4,2,1,14,2,2
"V",4,2,1,15,1,1
"V",4,2,1,16,1,1
"V",4,2,1,19,1,1
"V",4,2,1,2,4141,2825
"V",4,2,1,3,2543,2011
"V",4,2,1,4,1530,1325
"V",4,2,1,5,866,791
"V",4,2,1,6,494,464
"V",4,2,1,7,253,243
"V",4,2,1,8,136,132
"V",4,2,1,9,83,83
"V",4,2,2,-1,3257,989
"V",4,2,2,-10,14,0
"V",4,2,2,-11,9,1
"V",4,2,2,-12,6,0
"V",4,2,2,-13,2,0
"V",4,2,2,-15,1,0
"V",4,2,2,-17,1,0
"V",4,2,2,-2,2238,446
"V",4,2,2,-3,1420,181
"V",4,2,2,-4,885,61
"V",4,2,2,-5,494,28
"V",4,2,2,-6,263,9
"V",4,2,2,-7,131,4
"V",4,2,2,-8,66,1
"V",4,2,2,-9,35,1
"V",4,2,2,0,5181,2268
"V",4,2,2,1,3563,2082
"V",4,2,2,10,39,39
"V",4,2,2,11,16,16
"V",4,2,2,12,13,13
"V",4,2,2,13,3,3
"V",4,2,2,14,1,1
"V",4,2,2,15,1,1
"V",4,2,2,16,1,1
"V",4,2,2,2,2464,1714
"V",4,2,2,3,1589,1278
"V",4,2,2,4,1007,886
"V",4,2,2,5,631,583
"V",4,2,2,6,400,379
"V",4,2,2,7,218,213
"V",4,2,2,8,105,102
"V",4,2,2,9,53,52
"V",4,2,3,-1,1489,467
"V",4,2,3,-10,6,0
"V",4,2,3,-11,3,0
"V",4,2,3,-13,1,0
"V",4,2,3,-2,803,158
"V",4,2,3,-3,478,65
"V",4,2,3,-4,283,19
"V",4,2,3,-5,177,14
"V",4,2,3,-6,99,1
"V",4,2,3,-7,41,1
"V",4,2,3,-8,24,0
"V",4,2,3,-9,7,0
"V",4,2,3,0,2561,1194
"V",4,2,3,1,1967,1208
"V",4,2,3,10,18,18
"V",4,2,3,11,16,16
"V",4,2,3,12,8,8
"V",4,2,3,13,4,4
"V",4,2,3,15,1,1
"V",4,2,3,2,1486,1056
"V",4,2,3,3,1047,864
"V",4,2,3,4,683,601
"V",4,2,3,5,431,390
"V",4,2,3,6,250,239
"V",4,2,3,7,114,111
"V",4,2,3,8,82,81
"V",4,2,3,9,42,42
"V",4,2,4,-1,1197,405
"V",4,2,4,-10,5,0
"V",4,2,4,-11,4,0
"V",4,2,4,-12,3,0
"V",4,2,4,-17,1,0
"V",4,2,4,-2,853,178
"V",4,2,4,-3,567,87
"V",4,2,4,-4,362,32
"V",4,2,4,-5,200,15
"V",4,2,4,-6,101,5
"V",4,2,4,-7,52,2
"V",4,2,4,-8,27,1
"V",4,2,4,-9,25,1
"V",4,2,4,0,1868,903
"V",4,2,4,1,1583,994
"V",4,2,4,10,13,13
"V",4,2,4,11,6,6
"V",4,2,4,12,3,3
"V",4,2,4,13,3,3
"V",4,2,4,2,1159,837
"V",4,2,4,3,703,574
"V",4,2,4,4,477,416
"V",4,2,4,5,295,265
"V",4,2,4,6,177,164
"V",4,2,4,7,106,102
"V",4,2,4,8,63,61
"V",4,2,4,9,29,29
"V",4,2,5,-1,597,198
"V",4,2,5,-10,2,0
"V",4,2,5,-12,1,0
"V",4,2,5,-15,1,0
"V",4,2,5,-2,362,69
"V",4,2,5,-3,200,23
"V",4,2,5,-4,114,17
"V",4,2,5,-5,71,4
"V",4,2,5,-6,47,3
"V",4,2,5,-7,20,0
"V",4,2,5,-8,15,0
"V",4,2,5,-9,6,0
"V",4,2,5,0,1068,480
"V",4,2,5,1,857,517
"V",4,2,5,10,20,20
"V",4,2,5,11,4,4
"V",4,2,5,12,1,1
"V",4,2,5,13,3,3
"V",4,2,5,14,1,1
"V",4,2,5,15,1,1
"V",4,2,5,2,602,406
"V",4,2,5,3,399,335
"V",4,2,5,4,274,249
"V",4,2,5,5,165,150
"V",4,2,5,6,97,92
"V",4,2,5,7,68,65
"V",4,2,5,8,40,40
"V",4,2,5,9,16,16
"V",4,2,6,-1,548,212
"V",4,2,6,-11,4,0
"V",4,2,6,-12,1,0
"V",4,2,6,-15,1,0
"V",4,2,6,-18,1,0
"V",4,2,6,-2,382,85
"V",4,2,6,-3,208,33
"V",4,2,6,-4,130,13
"V",4,2,6,-5,67,3
"V",4,2,6,-6,38,1
"V",4,2,6,-7,16,0
"V",4,2,6,-8,3,0
"V",4,2,6,-9,4,0
"V",4,2,6,0,898,421
"V",4,2,6,1,746,447
"V",4,2,6,10,8,8
"V",4,2,6,11,8,8
"V",4,2,6,12,2,2
"V",4,2,6,13,2,2
"V",4,2,6,15,2,2
"V",4,2,6,2,544,401
"V",4,2,6,3,389,323
"V",4,2,6,4,243,219
"V",4,2,6,5,201,186
"V",4,2,6,6,119,113
"V",4,2,6,7,52,51
"V",4,2,6,8,32,31
"V",4,2,6,9,12,12
"V",4,2,7,-1,377,139
"V",4,2,7,-10,3,0
"V",4,2,7,-11,1,1
"V",4,2,7,-13,1,0
"V",4,2,7,-2,233,52
"V",4,2,7,-3,131,23
"V",4,2,7,-4,97,15
"V",4,2,7,-5,61,7
"V",4,2,7,-6,27,3
"V",4,2,7,-7,14,0
"V",4,2,7,-8,7,1
"V",4,2,7,-9,1,0
"V",4,2,7,0,558,256
"V",4,2,7,1,546,344
"V",4,2,7,10,7,7
"V",4,2,7,11,4,4
"V",4,2,7,12,3,3
"V",4,2,7,2,379,287
"V",4,2,7,3,272,215
"V",4,2,7,4,184,159
"V",4,2,7,5,113,108
"V",4,2,7,6,68,64
"V",4,2,7,7,37,35
"V",4,2,7,8,12,12
"V",4,2,7,9,8,8
"V",4,2,8,-1,352,134
"V",4,2,8,-10,3,0
"V",4,2,8,-11,2,0
"V",4,2,8,-12,1,0
"V",4,2,8,-2,234,48
"V",4,2,8,-3,150,25
"V",4,2,8,-4,103,11
"V",4,2,8,-5,39,5
"V",4,2,8,-6,23,0
"V",4,2,8,-7,17,1
"V",4,2,8,-8,3,0
"V",4,2,8,-9,3,0
"V",4,2,8,0,536,265
"V",4,2,8,1,529,336
"V",4,2,8,10,5,5
"V",4,2,8,11,3,3
"V",4,2,8,12,1,1
"V",4,2,8,13,1,1
"V",4,2,8,2,387,279
"V",4,2,8,3,253,206
"V",4,2,8,4,181,153
"V",4,2,8,5,114,104
"V",4,2,8,6,75,73
"V",4,2,8,7,40,39
"V",4,2,8,8,18,17
"V",4,2,8,9,14,13
"V",5,0,1,-1,10924,3540
"V",5,0,1,-10,129,1
"V",5,0,1,-11,76,1
"V",5,0,1,-12,42,0
"V",5,0,1,-13,18,0
"V",5,0,1,-14,13,0
"V",5,0,1,-15,3,0
"V",5,0,1,-16,1,0
"V",5,0,1,-17,6,0
"V",5,0,1,-18,2,0
"V",5,0,1,-19,1,0
"V",5,0,1,-2,8192,1666
"V",5,0,1,-3,5399,692
"V",5,0,1,-4,3348,238
"V",5,0,1,-5,2007,82
"V",5,0,1,-6,1237,37
"V",5,0,1,-7,753,11
"V",5,0,1,-8,399,5
"V",5,0,1,-9,257,1
"V",5,0,1,0,14498,6777
"V",5,0,1,1,10265,6480
"V",5,0,1,10,79,79
"V",5,0,1,11,48,48
"V",5,0,1,12,27,27
"V",5,0,1,13,16,16
"V",5,0,1,14,4,4
"V",5,0,1,15,3,3
"V",5,0,1,16,1,1
"V",5,0,1,18,1,1
"V",5,0,1,2,7022,5251
"V",5,0,1,3,4514,3797
"V",5,0,1,4,2748,2493
"V",5,0,1,5,1694,1600
"V",5,0,1,6,990,956
"V",5,0,1,7,526,515
"V",5,0,1,8,287,282
"V",5,0,1,9,170,169
"V",5,0,2,-1,2838,1113
"V",5,0,2,-10,35,0
"V",5,0,2,-11,21,0
"V",5,0,2,-12,10,0
"V",5,0,2,-13,2,0
"V",5,0,2,-14,3,0
"V",5,0,2,-15,2,0
"V",5,0,2,-16,1,0
"V",5,0,2,-17,1,0
"V",5,0,2,-19,1,0
"V",5,0,2,-2,2145,550
"V",5,0,2,-3,1415,248
"V",5,0,2,-4,851,72
"V",5,0,2,-5,549,31
"V",5,0,2,-6,342,10
"V",5,0,2,-7,178,4
"V",5,0,2,-8,111,4
"V",5,0,2,-9,73,1
"V",5,0,2,0,3764,1954
"V",5,0,2,1,2523,1675
"V",5,0,2,10,25,25
"V",5,0,2,11,18,18
"V",5,0,2,12,9,9
"V",5,0,2,13,8,8
"V",5,0,2,14,2,2
"V",5,0,2,15,1,1
"V",5,0,2,2,1880,1470
"V",5,0,2,3,1291,1108
"V",5,0,2,4,842,778
"V",5,0,2,5,492,469
"V",5,0,2,6,308,295
"V",5,0,2,7,167,165
"V",5,0,2,8,73,72
"V",5,0,2,9,45,45
"V",5,0,3,-1,586,239
"V",5,0,3,-10,8,0
"V",5,0,3,-11,5,0
"V",5,0,3,-12,3,0
"V",5,0,3,-18,1,0
"V",5,0,3,-2,423,113
"V",5,0,3,-3,276,58
"V",5,0,3,-4,185,20
"V",5,0,3,-5,102,8
"V",5,0,3,-6,58,3
"V",5,0,3,-7,34,0
"V",5,0,3,-8,25,1
"V",5,0,3,-9,21,0
"V",5,0,3,0,880,488
"V",5,0,3,1,604,446
"V",5,0,3,10,6,6
"V",5,0,3,11,7,7
"V",5,0,3,12,1,1
"V",5,0,3,13,1,1
"V",5,0,3,15,1,1
"V",5,0,3,16,1,1
"V",5,0,3,2,484,395
"V",5,0,3,3,318,279
"V",5,0,3,4,232,218
"V",5,0,3,5,138,133
"V",5,0,3,6,85,83
"V",5,0,3,7,52,52
"V",5,0,3,8,30,30
"V",5,0,3,9,15,15
"V",5,0,4,-1,549,278
"V",5,0,4,-10,6,0
"V",5,0,4,-11,3,0
"V",5,0,4,-12,3,0
"V",5,0,4,-14,1,0
"V",5,0,4,-15,1,0
"V",5,0,4,-16,1,0
"V",5,0,4,-19,1,0
"V",5,0,4,-2,541,182
"V",5,0,4,-3,357,83
"V",5,0,4,-4,234,32
"V",5,0,4,-5,135,15
"V",5,0,4,-6,90,2
"V",5,0,4,-7,43,2
"V",5,0,4,-8,30,2
"V",5,0,4,-9,22,0
"V",5,0,4,0,725,424
"V",5,0,4,1,496,363
"V",5,0,4,10,7,7
"V",5,0,4,11,5,5
"V",5,0,4,12,4,4
"V",5,0,4,13,2,2
"V",5,0,4,14,1,1
"V",5,0,4,15,1,1
"V",5,0,4,2,408,335
"V",5,0,4,3,292,255
"V",5,0,4,4,172,162
"V",5,0,4,5,123,117
"V",5,0,4,6,74,72
"V",5,0,4,7,54,52
"V",5,0,4,8,27,27
"V",5,0,4,9,17,17
"V",5,0,5,-1,134,59
"V",5,0,5,-13,2,0
"V",5,0,5,-2,97,30
"V",5,0,5,-3,62,12
"V",5,0,5,-4,37,8
"V",5,0,5,-5,26,3
"V",5,0,5,-6,11,0
"V",5,0,5,-7,8,2
"V",5,0,5,-8,7,0
"V",5,0,5,-9,4,0
"V",5,0,5,0,212,131
"V",5,0,5,1,183,126
"V",5,0,5,10,3,3
"V",5,0,5,11,1,1
"V",5,0,5,12,1,1
"V",5,0,5,15,1,1
"V",5,0,5,2,144,120
"V",5,0,5,3,111,94
"V",5,0,5,4,84,77
"V",5,0,5,5,34,33
"V",5,0,5,6,31,30
"V",5,0,5,7,12,12
"V",5,0,5,8,11,10
"V",5,0,5,9,3,3
"V",5,0,6,-1,213,108
"V",5,0,6,-10,3,0
"V",5,0,6,-11,2,0
"V",5,0,6,-2,172,64
"V",5,0,6,-3,102,22
"V",5,0,6,-4,70,11
"V",5,0,6,-5,40,2
"V",5,0,6,-6,27,3
"V",5,0,6,-7,4,1
"V",5,0,6,-8,9,0
"V",5,0,6,-9,3,0
"V",5,0,6,0,305,199
"V",5,0,6,1,235,192
"V",5,0,6,10,5,5
"V",5,0,6,11,4,4
"V",5,0,6,12,1,1
"V",5,0,6,2,199,173
"V",5,0,6,3,152,136
"V",5,0,6,4,109,99
"V",5,0,6,5,59,58
"V",5,0,6,6,32,31
"V",5,0,6,7,22,22
"V",5,0,6,8,15,14
"V",5,0,6,9,5,5
"V",5,0,7,-1,128,71
"V",5,0,7,-10,1,0
"V",5,0,7,-2,108,40
"V",5,0,7,-3,59,18
"V",5,0,7,-4,37,4
"V",5,0,7,-5,20,5
"V",5,0,7,-6,16,0
"V",5,0,7,-7,7,0
"V",5,0,7,-8,3,0
"V",5,0,7,-9,5,0
"V",5,0,7,0,154,107
"V",5,0,7,1,122,94
"V",5,0,7,10,5,5
"V",5,0,7,2,90,82
"V",5,0,7,3,95,92
"V",5,0,7,4,56,54
"V",5,0,7,5,33,29
"V",5,0,7,6,17,17
"V",5,0,7,7,16,16
"V",5,0,7,8,7,7
"V",5,0,7,9,7,7
"V",5,0,8,-1,127,77
"V",5,0,8,-10,2,0
"V",5,0,8,-15,1,0
"V",5,0,8,-2,115,50
"V",5,0,8,-3,71,23
"V",5,0,8,-4,59,12
"V",5,0,8,-5,27,3
"V",5,0,8,-6,14,1
"V",5,0,8,-7,6,0
"V",5,0,8,-8,8,0
"V",5,0,8,-9,1,0
"V",5,0,8,0,169,114
"V",5,0,8,1,130,116
"V",5,0,8,10,4,4
"V",5,0,8,11,1,1
"V",5,0,8,12,2,2
"V",5,0,8,13,1,1
"V",5,0,8,14,1,1
"V",5,0,8,2,108,93
"V",5,0,8,3,84,79
"V",5,0,8,4,53,48
"V",5,0,8,5,33,32
"V",5,0,8,6,15,15
"V",5,0,8,7,19,19
"V",5,0,8,8,9,9
"V",5,0,8,9,8,8
"V",5,1,1,-1,7670,2220
"V",5,1,1,-10,83,1
"V",5,1,1,-11,52,0
"V",5,1,1,-12,28,0
"V",5,1,1,-13,14,0
"V",5,1,1,-14,10,0
"V",5,1,1,-15,1,0
"V",5,1,1,-17,5,0
"V",5,1,1,-18,1,0
"V",5,1,1,-2,5675,998
"V",5,1,1,-3,3729,386
"V",5,1,1,-4,2312,130
"V",5,1,1,-5,1344,42
"V",5,1,1,-6,837,23
"V",5,1,1,-7,543,6
"V",5,1,1,-8,264,1
"V",5,1,1,-9,163,0
"V",5,1,1,0,10112,4440
"V",5,1,1,1,7475,4553
"V",5,1,1,10,64,64
"V",5,1,1,11,36,36
"V",5,1,1,12,20,20
"V",5,1,1,13,12,12
"V",5,1,1,14,6,6
"V",5,1,1,15,2,2
"V",5,1,1,16,2,2
"V",5,1,1,18,2,2
"V",5,1,1,2,5091,3711
"V",5,1,1,3,3247,2687
"V",5,1,1,4,1979,1775
"V",5,1,1,5,1281,1202
"V",5,1,1,6,745,720
"V",5,1,1,7,384,374
"V",5,1,1,8,222,218
"V",5,1,1,9,133,132
"V",5,1,2,-1,3124,1038
"V",5,1,2,-10,34,1
"V",5,1,2,-11,31,0
"V",5,1,2,-12,9,0
"V",5,1,2,-13,6,0
"V",5,1,2,-14,4,0
"V",5,1,2,-17,3,0
"V",5,1,2,-2,2432,503
"V",5,1,2,-3,1637,204
"V",5,1,2,-4,1022,69
"V",5,1,2,-5,616,27
"V",5,1,2,-6,394,11
"V",5,1,2,-7,209,6
"V",5,1,2,-8,115,1
"V",5,1,2,-9,78,0
"V",5,1,2,0,4108,1966
"V",5,1,2,1,3143,1998
"V",5,1,2,10,34,34
"V",5,1,2,11,26,26
"V",5,1,2,12,14,14
"V",5,1,2,13,11,11
"V",5,1,2,14,5,5
"V",5,1,2,15,3,3
"V",5,1,2,2,2250,1677
"V",5,1,2,3,1602,1350
"V",5,1,2,4,1064,953
"V",5,1,2,5,637,604
"V",5,1,2,6,382,370
"V",5,1,2,7,205,200
"V",5,1,2,8,115,114
"V",5,1,2,9,73,72
"V",5,1,3,-1,1273,446
"V",5,1,3,-10,12,0
"V",5,1,3,-11,4,0
"V",5,1,3,-12,4,0
"V",5,1,3,-13,2,0
"V",5,1,3,-14,1,0
"V",5,1,3,-16,1,0
"V",5,1,3,-17,1,0
"V",5,1,3,-18,1,0
"V",5,1,3,-2,712,169
"V",5,1,3,-3,411,65
"V",5,1,3,-4,248,19
"V",5,1,3,-5,176,5
"V",5,1,3,-6,100,3
"V",5,1,3,-7,54,2
"V",5,1,3,-8,33,1
"V",5,1,3,-9,30,1
"V",5,1,3,0,1849,928
"V",5,1,3,1,1483,998
"V",5,1,3,10,21,21
"V",5,1,3,11,10,10
"V",5,1,3,12,3,3
"V",5,1,3,13,4,4
"V",5,1,3,14,3,3
"V",5,1,3,18,1,1
"V",5,1,3,2,1176,905
"V",5,1,3,3,780,664
"V",5,1,3,4,514,477
"V",5,1,3,5,333,318
"V",5,1,3,6,215,211
"V",5,1,3,7,130,128
"V",5,1,3,8,70,69
"V",5,1,3,9,41,41
"V",5,1,4,-1,946,387
"V",5,1,4,-10,17,1
"V",5,1,4,-11,9,0
"V",5,1,4,-12,6,0
"V",5,1,4,-13,3,0
"V",5,1,4,-14,2,0
"V",5,1,4,-16,1,0
"V",5,1,4,-17,2,0
"V",5,1,4,-2,760,200
"V",5,1,4,-3,556,100
"V",5,1,4,-4,332,28
"V",5,1,4,-5,231,13
"V",5,1,4,-6,144,4
"V",5,1,4,-7,80,5
"V",5,1,4,-8,48,1
"V",5,1,4,-9,27,0
"V",5,1,4,0,1197,632
"V",5,1,4,1,1041,722
"V",5,1,4,10,18,18
"V",5,1,4,11,12,12
"V",5,1,4,12,5,5
"V",5,1,4,13,3,3
"V",5,1,4,14,1,1
"V",5,1,4,15,1,1
"V",5,1,4,2,831,663
"V",5,1,4,3,580,493
"V",5,1,4,4,352,314
"V",5,1,4,5,269,251
"V",5,1,4,6,166,163
"V",5,1,4,7,85,83
"V",5,1,4,8,48,48
"V",5,1,4,9,29,29
"V",5,1,5,-1,415,167
"V",5,1,5,-10,2,0
"V",5,1,5,-11,2,0
"V",5,1,5,-12,1,0
"V",5,1,5,-13,3,0
"V",5,1,5,-17,1,0
"V",5,1,5,-2,230,45
"V",5,1,5,-3,143,23
"V",5,1,5,-4,86,7
"V",5,1,5,-5,56,4
"V",5,1,5,-6,21,1
"V",5,1,5,-7,15,1
"V",5,1,5,-8,9,0
"V",5,1,5,-9,6,0
"V",5,1,5,0,641,365
"V",5,1,5,1,519,343
"V",5,1,5,10,12,12
"V",5,1,5,11,4,4
"V",5,1,5,14,2,2
"V",5,1,5,15,1,1
"V",5,1,5,16,1,1
"V",5,1,5,2,433,348
"V",5,1,5,3,349,295
"V",5,1,5,4,227,210
"V",5,1,5,5,140,138
"V",5,1,5,6,96,88
"V",5,1,5,7,48,48
"V",5,1,5,8,26,26
"V",5,1,5,9,11,11
"V",5,1,6,-1,469,214
"V",5,1,6,-10,3,0
"V",5,1,6,-11,1,0
"V",5,1,6,-12,1,0
"V",5,1,6,-19,1,0
"V",5,1,6,-2,309,98
"V",5,1,6,-3,218,44
"V",5,1,6,-4,138,15
"V",5,1,6,-5,86,4
"V",5,1,6,-6,48,2
"V",5,1,6,-7,25,1
"V",5,1,6,-8,20,2
"V",5,1,6,-9,9,0
"V",5,1,6,0,605,354
"V",5,1,6,1,530,386
"V",5,1,6,10,9,9
"V",5,1,6,11,11,11
"V",5,1,6,12,5,5
"V",5,1,6,13,2,2
"V",5,1,6,18,1,1
"V",5,1,6,2,480,390
"V",5,1,6,3,336,289
"V",5,1,6,4,233,218
"V",5,1,6,5,155,152
"V",5,1,6,6,92,89
"V",5,1,6,7,43,42
"V",5,1,6,8,32,32
"V",5,1,6,9,17,17
"V",5,1,7,-1,342,174
"V",5,1,7,-10,2,0
"V",5,1,7,-11,2,0
"V",5,1,7,-14,1,0
"V",5,1,7,-2,291,91
"V",5,1,7,-3,144,38
"V",5,1,7,-4,85,9
"V",5,1,7,-5,56,9
"V",5,1,7,-6,40,0
"V",5,1,7,-7,23,1
"V",5,1,7,-8,9,0
"V",5,1,7,-9,11,0
"V",5,1,7,0,502,315
"V",5,1,7,1,459,333
"V",5,1,7,10,7,7
"V",5,1,7,11,8,8
"V",5,1,7,12,6,6
"V",5,1,7,13,2,2
"V",5,1,7,2,346,288
"V",5,1,7,3,308,274
"V",5,1,7,4,165,152
"V",5,1,7,5,133,126
"V",5,1,7,6,72,67
"V",5,1,7,7,45,44
"V",5,1,7,8,24,23
"V",5,1,7,9,15,15
"V",5,1,8,-1,292,141
"V",5,1,8,-10,5,1
"V",5,1,8,-11,1,0
"V",5,1,8,-13,2,0
"V",5,1,8,-14,2,0
"V",5,1,8,-2,202,62
"V",5,1,8,-3,152,44
"V",5,1,8,-4,85,8
"V",5,1,8,-5,63,7
"V",5,1,8,-6,30,1
"V",5,1,8,-7,20,0
"V",5,1,8,-8,14,0
"V",5,1,8,-9,8,0
"V",5,1,8,0,408,254
"V",5,1,8,1,387,283
"V",5,1,8,10,9,9
"V",5,1,8,11,5,5
"V",5,1,8,12,3,3
"V",5,1,8,13,2,2
"V",5,1,8,14,2,2
"V",5,1,8,2,330,275
"V",5,1,8,3,248,226
"V",5,1,8,4,152,139
"V",5,1,8,5,101,93
"V",5,1,8,6,63,62
"V",5,1,8,7,32,32
"V",5,1,8,8,20,20
"V",5,1,8,9,14,14
"V",5,2,1,-1,5983,1589
"V",5,2,1,-10,67,0
"V",5,2,1,-11,36,0
"V",5,2,1,-12,24,0
"V",5,2,1,-13,7,0
"V",5,2,1,-14,8,0
"V",5,2,1,-15,2,0
"V",5,2,1,-16,1,0
"V",5,2,1,-17,2,0
"V",5,2,1,-18,1,0
"V",5,2,1,-2,4386,698
"V",5,2,1,-3,2885,288
"V",5,2,1,-4,1747,86
"V",5,2,1,-5,1016,29
"V",5,2,1,-6,617,17
"V",5,2,1,-7,430,1
"V",5,2,1,-8,210,0
"V",5,2,1,-9,117,0
"V",5,2,1,0,7883,3302
"V",5,2,1,1,5938,3515
"V",5,2,1,10,65,64
"V",5,2,1,11,42,42
"V",5,2,1,12,17,17
"V",5,2,1,13,16,16
"V",5,2,1,14,6,6
"V",5,2,1,15,6,6
"V",5,2,1,16,3,3
"V",5,2,1,17,1,1
"V",5,2,1,18,1,1
"V",5,2,1,2,4018,2893
"V",5,2,1,3,2670,2178
"V",5,2,1,4,1708,1520
"V",5,2,1,5,1189,1107
"V",5,2,1,6,672,648
"V",5,2,1,7,373,363
"V",5,2,1,8,216,211
"V",5,2,1,9,117,116
"V",5,2,2,-1,3116,894
"V",5,2,2,-10,33,0
"V",5,2,2,-11,27,0
"V",5,2,2,-12,19,0
"V",5,2,2,-13,3,0
"V",5,2,2,-14,6,0
"V",5,2,2,-2,2384,415
"V",5,2,2,-3,1601,180
"V",5,2,2,-4,1027,48
"V",5,2,2,-5,563,21
"V",5,2,2,-6,373,11
"V",5,2,2,-7,218,0
"V",5,2,2,-8,117,1
"V",5,2,2,-9,70,0
"V",5,2,2,0,3934,1717
"V",5,2,2,1,3273,1968
"V",5,2,2,10,45,44
"V",5,2,2,11,39,39
"V",5,2,2,12,17,17
"V",5,2,2,13,13,13
"V",5,2,2,14,7,7
"V",5,2,2,15,4,4
"V",5,2,2,16,6,6
"V",5,2,2,18,1,1
"V",5,2,2,2,2408,1732
"V",5,2,2,3,1732,1437
"V",5,2,2,4,1206,1066
"V",5,2,2,5,772,724
"V",5,2,2,6,462,441
"V",5,2,2,7,280,271
"V",5,2,2,8,155,154
"V",5,2,2,9,106,105
"V",5,2,3,-1,1498,456
"V",5,2,3,-10,13,0
"V",5,2,3,-11,8,0
"V",5,2,3,-12,4,0
"V",5,2,3,-13,3,0
"V",5,2,3,-14,2,0
"V",5,2,3,-16,2,0
"V",5,2,3,-17,1,0
"V",5,2,3,-18,1,0
"V",5,2,3,-2,924,188
"V",5,2,3,-3,501,54
"V",5,2,3,-4,325,21
"V",5,2,3,-5,181,6
"V",5,2,3,-6,110,3
"V",5,2,3,-7,66,3
"V",5,2,3,-8,32,1
"V",5,2,3,-9,28,0
"V",5,2,3,0,2100,944
"V",5,2,3,1,1873,1170
"V",5,2,3,10,26,26
"V",5,2,3,11,24,24
"V",5,2,3,12,13,13
"V",5,2,3,13,9,9
"V",5,2,3,14,3,3
"V",5,2,3,15,6,6
"V",5,2,3,17,2,2
"V",5,2,3,19,1,1
"V",5,2,3,2,1376,1017
"V",5,2,3,3,1006,831
"V",5,2,3,4,730,654
"V",5,2,3,5,524,487
"V",5,2,3,6,307,302
"V",5,2,3,7,199,193
"V",5,2,3,8,113,112
"V",5,2,3,9,54,52
"V",5,2,4,-1,1226,411
"V",5,2,4,-10,15,0
"V",5,2,4,-11,7,0
"V",5,2,4,-12,8,0
"V",5,2,4,-13,2,0
"V",5,2,4,-17,1,0
"V",5,2,4,-2,927,182
"V",5,2,4,-3,621,67
"V",5,2,4,-4,435,33
"V",5,2,4,-5,231,7
"V",5,2,4,-6,154,7
"V",5,2,4,-7,94,2
"V",5,2,4,-8,38,0
"V",5,2,4,-9,26,0
"V",5,2,4,0,1536,719
"V",5,2,4,1,1353,870
"V",5,2,4,10,23,23
"V",5,2,4,11,15,15
"V",5,2,4,12,10,10
"V",5,2,4,13,8,8
"V",5,2,4,14,2,2
"V",5,2,4,15,1,1
"V",5,2,4,16,3,3
"V",5,2,4,17,1,1
"V",5,2,4,18,1,1
"V",5,2,4,2,1082,787
"V",5,2,4,3,810,675
"V",5,2,4,4,599,533
"V",5,2,4,5,384,362
"V",5,2,4,6,226,216
"V",5,2,4,7,123,119
"V",5,2,4,8,91,91
"V",5,2,4,9,54,54
"V",5,2,5,-1,613,212
"V",5,2,5,-10,6,0
"V",5,2,5,-11,4,0
"V",5,2,5,-12,2,0
"V",5,2,5,-13,3,0
"V",5,2,5,-2,339,54
"V",5,2,5,-3,200,16
"V",5,2,5,-4,138,14
"V",5,2,5,-5,101,3
"V",5,2,5,-6,34,0
"V",5,2,5,-7,27,0
"V",5,2,5,-8,15,0
"V",5,2,5,-9,10,1
"V",5,2,5,0,838,402
"V",5,2,5,1,731,450
"V",5,2,5,10,14,14
"V",5,2,5,11,9,9
"V",5,2,5,12,5,5
"V",5,2,5,13,3,3
"V",5,2,5,14,1,1
"V",5,2,5,16,1,1
"V",5,2,5,2,634,478
"V",5,2,5,3,493,403
"V",5,2,5,4,334,307
"V",5,2,5,5,190,183
"V",5,2,5,6,131,124
"V",5,2,5,7,86,83
"V",5,2,5,8,41,41
"V",5,2,5,9,17,17
"V",5,2,6,-1,539,181
"V",5,2,6,-10,3,0
"V",5,2,6,-11,5,0
"V",5,2,6,-12,2,0
"V",5,2,6,-2,394,98
"V",5,2,6,-3,277,41
"V",5,2,6,-4,166,8
"V",5,2,6,-5,99,5
"V",5,2,6,-6,51,0
"V",5,2,6,-7,32,2
"V",5,2,6,-8,18,0
"V",5,2,6,-9,7,0
"V",5,2,6,0,712,360
"V",5,2,6,1,656,415
"V",5,2,6,10,18,18
"V",5,2,6,11,13,13
"V",5,2,6,12,4,4
"V",5,2,6,13,1,1
"V",5,2,6,14,1,1
"V",5,2,6,15,2,2
"V",5,2,6,2,565,437
"V",5,2,6,3,420,344
"V",5,2,6,4,307,281
"V",5,2,6,5,194,180
"V",5,2,6,6,129,124
"V",5,2,6,7,80,76
"V",5,2,6,8,37,36
"V",5,2,6,9,25,24
"V",5,2,7,-1,333,123
"V",5,2,7,-10,8,0
"V",5,2,7,-11,3,0
"V",5,2,7,-13,1,0
"V",5,2,7,-2,261,67
"V",5,2,7,-3,171,30
"V",5,2,7,-4,88,9
"V",5,2,7,-5,60,0
"V",5,2,7,-6,49,2
"V",5,2,7,-7,23,1
"V",5,2,7,-8,18,1
"V",5,2,7,-9,8,0
"V",5,2,7,0,460,227
"V",5,2,7,1,447,299
"V",5,2,7,10,8,8
"V",5,2,7,11,4,4
"V",5,2,7,12,2,2
"V",5,2,7,13,2,2
"V",5,2,7,15,1,1
"V",5,2,7,2,357,271
"V",5,2,7,3,302,255
"V",5,2,7,4,190,178
"V",5,2,7,5,115,107
"V",5,2,7,6,80,77
"V",5,2,7,7,43,41
"V",5,2,7,8,32,32
"V",5,2,7,9,22,22
"V",5,2,8,-1,332,101
"V",5,2,8,-10,8,0
"V",5,2,8,-11,2,0
"V",5,2,8,-12,1,0
"V",5,2,8,-13,1,0
"V",5,2,8,-2,271,61
"V",5,2,8,-3,163,24
"V",5,2,8,-4,110,11
"V",5,2,8,-5,59,1
"V",5,2,8,-6,40,4
"V",5,2,8,-7,31,0
"V",5,2,8,-8,13,0
"V",5,2,8,-9,5,0
"V",5,2,8,0,474,240
"V",5,2,8,1,446,295
"V",5,2,8,10,14,14
"V",5,2,8,11,5,5
"V",5,2,8,13,2,2
"V",5,2,8,14,1,1
"V",5,2,8,2,372,281
"V",5,2,8,3,276,236
"V",5,2,8,4,193,182
"V",5,2,8,5,125,117
"V",5,2,8,6,71,69
"V",5,2,8,7,37,37
"V",5,2,8,8,31,31
"V",5,2,8,9,15,15
"V",6,0,1,-1,9965,2994
"V",6,0,1,-10,218,0
"V",6,0,1,-11,124,0
"V",6,0,1,-12,88,0
"V",6,0,1,-13,30,0
"V",6,0,1,-14,22,0
"V",6,0,1,-15,15,0
"V",6,0,1,-16,5,0
"V",6,0,1,-17,8,0
"V",6,0,1,-18,2,0
"V",6,0,1,-19,2,0
"V",6,0,1,-2,7731,1423
"V",6,0,1,-3,5722,697
"V",6,0,1,-4,3946,227
"V",6,0,1,-5,2569,97
"V",6,0,1,-6,1726,28
"V",6,0,1,-7,1109,21
"V",6,0,1,-8,613,4
"V",6,0,1,-9,357,2
"V",6,0,1,0,12050,5647
"V",6,0,1,1,9400,6122
"V",6,0,1,10,130,129
"V",6,0,1,11,89,89
"V",6,0,1,12,53,53
"V",6,0,1,13,30,30
"V",6,0,1,14,17,17
"V",6,0,1,15,8,8
"V",6,0,1,16,6,6
"V",6,0,1,17,3,3
"V",6,0,1,18,1,1
"V",6,0,1,19,1,1
"V",6,0,1,2,6828,5272
"V",6,0,1,20,1,1
"V",6,0,1,3,4845,4187
"V",6,0,1,4,3238,3006
"V",6,0,1,5,2226,2126
"V",6,0,1,6,1300,1268
"V",6,0,1,7,747,737
"V",6,0,1,8,434,431
"V",6,0,1,9,222,222
"V",6,0,2,-1,2656,933
"V",6,0,2,-10,60,0
"V",6,0,2,-11,33,0
"V",6,0,2,-12,21,0
"V",6,0,2,-13,8,0
"V",6,0,2,-14,8,0
"V",6,0,2,-15,3,0
"V",6,0,2,-16,2,0
"V",6,0,2,-17,3,0
"V",6,0,2,-19,1,0
"V",6,0,2,-2,2111,496
"V",6,0,2,-3,1573,259
"V",6,0,2,-4,1094,92
"V",6,0,2,-5,714,42
"V",6,0,2,-6,468,12
"V",6,0,2,-7,299,6
"V",6,0,2,-8,156,3
"V",6,0,2,-9,73,0
"V",6,0,2,0,3181,1675
"V",6,0,2,1,2593,1802
"V",6,0,2,10,42,41
"V",6,0,2,11,30,30
"V",6,0,2,12,16,16
"V",6,0,2,13,10,10
"V",6,0,2,14,9,9
"V",6,0,2,15,3,3
"V",6,0,2,16,1,1
"V",6,0,2,17,3,3
"V",6,0,2,18,1,1
"V",6,0,2,19,1,1
"V",6,0,2,2,1923,1526
"V",6,0,2,3,1335,1162
"V",6,0,2,4,890,827
"V",6,0,2,5,640,607
"V",6,0,2,6,380,372
"V",6,0,2,7,217,214
"V",6,0,2,8,127,127
"V",6,0,2,9,73,73
"V",6,0,3,-1,606,261
"V",6,0,3,-10,15,0
"V",6,0,3,-11,6,0
"V",6,0,3,-12,5,0
"V",6,0,3,-13,1,0
"V",6,0,3,-15,1,0
"V",6,0,3,-16,1,0
"V",6,0,3,-2,401,107
"V",6,0,3,-3,305,50
"V",6,0,3,-4,221,20
"V",6,0,3,-5,147,10
"V",6,0,3,-6,94,4
"V",6,0,3,-7,56,3
"V",6,0,3,-8,54,0
"V",6,0,3,-9,19,0
"V",6,0,3,0,707,385
"V",6,0,3,1,623,473
"V",6,0,3,10,12,12
"V",6,0,3,11,11,11
"V",6,0,3,12,3,3
"V",6,0,3,13,5,5
"V",6,0,3,15,2,2
"V",6,0,3,16,1,1
"V",6,0,3,2,502,401
"V",6,0,3,3,353,306
"V",6,0,3,4,232,218
"V",6,0,3,5,178,171
"V",6,0,3,6,96,93
"V",6,0,3,7,54,53
"V",6,0,3,8,33,33
"V",6,0,3,9,25,25
"V",6,0,4,-1,528,238
"V",6,0,4,-10,17,0
"V",6,0,4,-11,11,0
"V",6,0,4,-12,7,0
"V",6,0,4,-14,3,0
"V",6,0,4,-17,2,0
"V",6,0,4,-19,1,0
"V",6,0,4,-2,516,174
"V",6,0,4,-3,390,109
"V",6,0,4,-4,277,36
"V",6,0,4,-5,198,12
"V",6,0,4,-6,113,5
"V",6,0,4,-7,72,4
"V",6,0,4,-8,46,1
"V",6,0,4,-9,25,0
"V",6,0,4,0,575,329
"V",6,0,4,1,497,368
"V",6,0,4,10,10,9
"V",6,0,4,11,11,11
"V",6,0,4,12,6,6
"V",6,0,4,13,3,3
"V",6,0,4,14,2,2
"V",6,0,4,15,3,3
"V",6,0,4,17,2,2
"V",6,0,4,19,1,1
"V",6,0,4,2,392,323
"V",6,0,4,3,259,230
"V",6,0,4,4,168,161
"V",6,0,4,5,136,132
"V",6,0,4,6,88,84
"V",6,0,4,7,60,60
"V",6,0,4,8,33,32
"V",6,0,4,9,26,26
"V",6,0,5,-1,162,77
"V",6,0,5,-10,5,0
"V",6,0,5,-11,1,0
"V",6,0,5,-2,109,34
"V",6,0,5,-3,66,15
"V",6,0,5,-4,49,2
"V",6,0,5,-5,26,2
"V",6,0,5,-6,22,1
"V",6,0,5,-7,9,0
"V",6,0,5,-8,12,1
"V",6,0,5,-9,9,1
"V",6,0,5,0,178,111
"V",6,0,5,1,162,126
"V",6,0,5,10,2,1
"V",6,0,5,11,2,2
"V",6,0,5,13,1,1
"V",6,0,5,16,1,1
"V",6,0,5,2,131,100
"V",6,0,5,3,95,87
"V",6,0,5,4,70,66
"V",6,0,5,5,41,40
"V",6,0,5,6,34,33
"V",6,0,5,7,16,16
"V",6,0,5,8,15,14
"V",6,0,5,9,6,6
"V",6,0,6,-1,252,122
"V",6,0,6,-10,14,0
"V",6,0,6,-11,2,0
"V",6,0,6,-13,1,0
"V",6,0,6,-2,182,69
"V",6,0,6,-3,132,29
"V",6,0,6,-4,84,8
"V",6,0,6,-5,51,7
"V",6,0,6,-6,39,1
"V",6,0,6,-7,17,0
"V",6,0,6,-8,10,1
"V",6,0,6,-9,8,0
"V",6,0,6,0,258,167
"V",6,0,6,1,228,179
"V",6,0,6,10,9,9
"V",6,0,6,11,4,4
"V",6,0,6,12,3,3
"V",6,0,6,13,1,1
"V",6,0,6,15,1,1
"V",6,0,6,2,192,163
"V",6,0,6,3,140,131
"V",6,0,6,4,89,82
"V",6,0,6,5,62,59
"V",6,0,6,6,41,39
"V",6,0,6,7,33,32
"V",6,0,6,8,21,21
"V",6,0,6,9,17,17
"V",6,0,7,-1,140,82
"V",6,0,7,-10,3,0
"V",6,0,7,-14,1,0
"V",6,0,7,-2,92,30
"V",6,0,7,-3,81,18
"V",6,0,7,-4,52,12
"V",6,0,7,-5,33,8
"V",6,0,7,-6,17,2
"V",6,0,7,-7,14,0
"V",6,0,7,-8,11,0
"V",6,0,7,-9,7,0
"V",6,0,7,0,169,118
"V",6,0,7,1,149,121
"V",6,0,7,10,8,7
"V",6,0,7,11,1,1
"V",6,0,7,12,2,2
"V",6,0,7,14,1,1
"V",6,0,7,2,104,90
"V",6,0,7,3,69,66
"V",6,0,7,4,51,48
"V",6,0,7,5,36,36
"V",6,0,7,6,28,28
"V",6,0,7,7,24,24
"V",6,0,7,8,14,14
"V",6,0,7,9,12,12
"V",6,0,8,-1,117,65
"V",6,0,8,-10,3,0
"V",6,0,8,-11,2,0
"V",6,0,8,-2,110,41
"V",6,0,8,-3,91,31
"V",6,0,8,-4,62,11
"V",6,0,8,-5,40,3
"V",6,0,8,-6,24,2
"V",6,0,8,-7,16,0
"V",6,0,8,-8,9,1
"V",6,0,8,-9,2,0
"V",6,0,8,0,167,111
"V",6,0,8,1,157,136
"V",6,0,8,10,3,3
"V",6,0,8,11,1,1
"V",6,0,8,12,2,2
"V",6,0,8,13,2,2
"V",6,0,8,14,1,1
"V",6,0,8,15,3,3
"V",6,0,8,16,1,1
"V",6,0,8,2,109,97
"V",6,0,8,3,57,52
"V",6,0,8,4,50,48
"V",6,0,8,5,33,33
"V",6,0,8,6,26,25
"V",6,0,8,7,17,17
"V",6,0,8,8,14,13
"V",6,0,8,9,7,7
"V",6,1,1,-1,6942,1853
"V",6,1,1,-10,144,0
"V",6,1,1,-11,87,0
"V",6,1,1,-12,60,0
"V",6,1,1,-13,23,0
"V",6,1,1,-14,14,0
"V",6,1,1,-15,12,0
"V",6,1,1,-16,3,0
"V",6,1,1,-17,5,0
"V",6,1,1,-18,2,0
"V",6,1,1,-19,1,0
"V",6,1,1,-2,5298,817
"V",6,1,1,-3,3887,371
"V",6,1,1,-4,2648,119
"V",6,1,1,-5,1736,46
"V",6,1,1,-6,1154,11
"V",6,1,1,-7,770,11
"V",6,1,1,-8,418,1
"V",6,1,1,-9,263,1
"V",6,1,1,0,8460,3701
"V",6,1,1,1,6610,4128
"V",6,1,1,10,91,91
"V",6,1,1,11,63,63
"V",6,1,1,12,46,46
"V",6,1,1,13,18,18
"V",6,1,1,14,11,11
"V",6,1,1,15,7,7
"V",6,1,1,16,7,7
"V",6,1,1,17,1,1
"V",6,1,1,2,4816,3666
"V",6,1,1,20,1,1
"V",6,1,1,21,1,1
"V",6,1,1,3,3496,2993
"V",6,1,1,4,2341,2166
"V",6,1,1,5,1614,1538
"V",6,1,1,6,939,916
"V",6,1,1,7,542,534
"V",6,1,1,8,326,323
"V",6,1,1,9,164,164
"V",6,1,2,-1,2927,901
"V",6,1,2,-10,72,0
"V",6,1,2,-11,32,0
"V",6,1,2,-12,28,0
"V",6,1,2,-13,12,0
"V",6,1,2,-14,6,0
"V",6,1,2,-15,4,0
"V",6,1,2,-16,1,0
"V",6,1,2,-17,3,0
"V",6,1,2,-19,1,0
"V",6,1,2,-2,2456,486
"V",6,1,2,-3,1894,248
"V",6,1,2,-4,1254,77
"V",6,1,2,-5,837,32
"V",6,1,2,-6,561,11
"V",6,1,2,-7,354,6
"V",6,1,2,-8,180,2
"V",6,1,2,-9,103,0
"V",6,1,2,0,3530,1687
"V",6,1,2,1,2932,1929
"V",6,1,2,10,55,55
"V",6,1,2,11,41,40
"V",6,1,2,12,26,26
"V",6,1,2,13,12,12
"V",6,1,2,14,9,9
"V",6,1,2,15,5,5
"V",6,1,2,16,4,4
"V",6,1,2,17,3,3
"V",6,1,2,2,2188,1692
"V",6,1,2,3,1592,1370
"V",6,1,2,4,1070,988
"V",6,1,2,5,800,759
"V",6,1,2,6,480,473
"V",6,1,2,7,288,284
"V",6,1,2,8,186,184
"V",6,1,2,9,97,97
"V",6,1,3,-1,1283,451
"V",6,1,3,-10,16,0
"V",6,1,3,-11,11,0
"V",6,1,3,-12,9,0
"V",6,1,3,-13,3,0
"V",6,1,3,-14,1,0
"V",6,1,3,-15,3,0
"V",6,1,3,-16,1,0
"V",6,1,3,-2,745,149
"V",6,1,3,-3,473,59
"V",6,1,3,-4,318,25
"V",6,1,3,-5,208,6
"V",6,1,3,-6,165,4
"V",6,1,3,-7,104,3
"V",6,1,3,-8,65,0
"V",6,1,3,-9,26,0
"V",6,1,3,0,1749,890
"V",6,1,3,1,1500,1014
"V",6,1,3,10,38,38
"V",6,1,3,11,19,19
"V",6,1,3,12,9,9
"V",6,1,3,13,3,3
"V",6,1,3,14,3,3
"V",6,1,3,15,2,2
"V",6,1,3,16,2,2
"V",6,1,3,2,1194,952
"V",6,1,3,3,867,766
"V",6,1,3,4,606,561
"V",6,1,3,5,446,423
"V",6,1,3,6,252,249
"V",6,1,3,7,142,141
"V",6,1,3,8,90,90
"V",6,1,3,9,53,53
"V",6,1,4,-1,908,354
"V",6,1,4,-10,26,0
"V",6,1,4,-11,10,0
"V",6,1,4,-12,10,0
"V",6,1,4,-13,2,0
"V",6,1,4,-14,4,0
"V",6,1,4,-16,1,0
"V",6,1,4,-17,1,0
"V",6,1,4,-19,1,0
"V",6,1,4,-2,814,199
"V",6,1,4,-3,601,117
"V",6,1,4,-4,433,36
"V",6,1,4,-5,301,14
"V",6,1,4,-6,195,5
"V",6,1,4,-7,125,1
"V",6,1,4,-8,64,2
"V",6,1,4,-9,36,0
"V",6,1,4,0,1078,562
"V",6,1,4,1,1020,705
"V",6,1,4,10,25,25
"V",6,1,4,11,9,8
"V",6,1,4,12,11,11
"V",6,1,4,13,6,6
"V",6,1,4,14,4,4
"V",6,1,4,15,3,3
"V",6,1,4,16,8,8
"V",6,1,4,17,1,1
"V",6,1,4,18,1,1
"V",6,1,4,19,1,1
"V",6,1,4,2,794,622
"V",6,1,4,3,580,512
"V",6,1,4,4,376,347
"V",6,1,4,5,285,277
"V",6,1,4,6,181,179
"V",6,1,4,7,127,126
"V",6,1,4,8,70,69
"V",6,1,4,9,51,51
"V",6,1,5,-1,415,168
"V",6,1,5,-10,5,0
"V",6,1,5,-11,2,0
"V",6,1,5,-12,2,0
"V",6,1,5,-15,2,0
"V",6,1,5,-2,244,58
"V",6,1,5,-3,172,27
"V",6,1,5,-4,99,14
"V",6,1,5,-5,65,5
"V",6,1,5,-6,39,1
"V",6,1,5,-7,27,0
"V",6,1,5,-8,17,0
"V",6,1,5,-9,7,0
"V",6,1,5,0,572,330
"V",6,1,5,1,522,386
"V",6,1,5,10,10,9
"V",6,1,5,11,19,19
"V",6,1,5,12,7,7
"V",6,1,5,13,5,5
"V",6,1,5,16,1,1
"V",6,1,5,2,468,372
"V",6,1,5,3,324,283
"V",6,1,5,4,244,226
"V",6,1,5,5,161,154
"V",6,1,5,6,121,119
"V",6,1,5,7,53,53
"V",6,1,5,8,24,23
"V",6,1,5,9,23,23
"V",6,1,6,-1,469,186
"V",6,1,6,-10,8,0
"V",6,1,6,-11,7,0
"V",6,1,6,-12,2,0
"V",6,1,6,-13,2,0
"V",6,1,6,-15,1,0
"V",6,1,6,-2,347,95
"V",6,1,6,-3,263,38
"V",6,1,6,-4,173,17
"V",6,1,6,-5,124,8
"V",6,1,6,-6,78,3
"V",6,1,6,-7,43,3
"V",6,1,6,-8,23,0
"V",6,1,6,-9,15,0
"V",6,1,6,0,574,333
"V",6,1,6,1,541,399
"V",6,1,6,10,15,15
"V",6,1,6,11,13,13
"V",6,1,6,12,5,5
"V",6,1,6,13,3,3
"V",6,1,6,14,3,3
"V",6,1,6,15,4,4
"V",6,1,6,16,1,1
"V",6,1,6,17,2,2
"V",6,1,6,2,437,356
"V",6,1,6,3,339,308
"V",6,1,6,4,223,209
"V",6,1,6,5,169,166
"V",6,1,6,6,112,111
"V",6,1,6,7,72,72
"V",6,1,6,8,43,43
"V",6,1,6,9,24,24
"V",6,1,7,-1,369,160
"V",6,1,7,-10,7,0
"V",6,1,7,-11,3,0
"V",6,1,7,-12,3,0
"V",6,1,7,-2,258,81
"V",6,1,7,-3,145,31
"V",6,1,7,-4,108,8
"V",6,1,7,-5,63,5
"V",6,1,7,-6,51,0
"V",6,1,7,-7,29,2
"V",6,1,7,-8,12,0
"V",6,1,7,-9,13,0
"V",6,1,7,0,439,263
"V",6,1,7,1,391,283
"V",6,1,7,10,13,12
"V",6,1,7,11,5,5
"V",6,1,7,12,1,1
"V",6,1,7,13,4,4
"V",6,1,7,14,2,2
"V",6,1,7,15,1,1
"V",6,1,7,2,328,279
"V",6,1,7,3,271,252
"V",6,1,7,4,181,172
"V",6,1,7,5,126,124
"V",6,1,7,6,94,92
"V",6,1,7,7,57,57
"V",6,1,7,8,39,39
"V",6,1,7,9,13,13
"V",6,1,8,-1,283,143
"V",6,1,8,-10,6,0
"V",6,1,8,-11,5,0
"V",6,1,8,-12,3,0
"V",6,1,8,-15,1,0
"V",6,1,8,-16,1,0
"V",6,1,8,-2,196,71
"V",6,1,8,-3,156,49
"V",6,1,8,-4,107,14
"V",6,1,8,-5,66,3
"V",6,1,8,-6,49,2
"V",6,1,8,-7,27,1
"V",6,1,8,-8,10,0
"V",6,1,8,-9,7,0
"V",6,1,8,0,403,252
"V",6,1,8,1,434,333
"V",6,1,8,10,9,9
"V",6,1,8,11,8,7
"V",6,1,8,12,2,2
"V",6,1,8,14,2,2
"V",6,1,8,16,3,3
"V",6,1,8,17,1,1
"V",6,1,8,18,1,1
"V",6,1,8,19,1,1
"V",6,1,8,2,279,233
"V",6,1,8,3,242,219
"V",6,1,8,4,161,153
"V",6,1,8,5,123,123
"V",6,1,8,6,62,61
"V",6,1,8,7,47,47
"V",6,1,8,8,24,24
"V",6,1,8,9,16,16
"V",6,2,1,-1,5350,1261
"V",6,2,1,-10,99,0
"V",6,2,1,-11,66,0
"V",6,2,1,-12,39,0
"V",6,2,1,-13,16,0
"V",6,2,1,-14,10,0
"V",6,2,1,-15,8,0
"V",6,2,1,-16,3,0
"V",6,2,1,-17,3,0
"V",6,2,1,-18,2,0
"V",6,2,1,-2,3980,511
"V",6,2,1,-3,2893,219
"V",6,2,1,-4,1971,75
"V",6,2,1,-5,1279,28
"V",6,2,1,-6,845,5
"V",6,2,1,-7,553,7
"V",6,2,1,-8,307,0
"V",6,2,1,-9,192,1
"V",6,2,1,0,6474,2653
"V",6,2,1,1,5166,3105
"V",6,2,1,10,86,86
"V",6,2,1,11,60,60
"V",6,2,1,12,47,47
"V",6,2,1,13,25,25
"V",6,2,1,14,9,9
"V",6,2,1,15,4,4
"V",6,2,1,16,3,3
"V",6,2,1,17,3,3
"V",6,2,1,18,1,1
"V",6,2,1,2,3879,2893
"V",6,2,1,21,1,1
"V",6,2,1,3,2911,2467
"V",6,2,1,4,1988,1826
"V",6,2,1,5,1337,1276
"V",6,2,1,6,824,797
"V",6,2,1,7,494,483
"V",6,2,1,8,293,292
"V",6,2,1,9,161,161
"V",6,2,2,-1,2780,692
"V",6,2,2,-10,49,0
"V",6,2,2,-11,43,0
"V",6,2,2,-12,27,0
"V",6,2,2,-13,12,0
"V",6,2,2,-14,7,0
"V",6,2,2,-15,2,0
"V",6,2,2,-16,1,0
"V",6,2,2,-17,1,0
"V",6,2,2,-19,1,0
"V",6,2,2,-2,2298,343
"V",6,2,2,-3,1808,174
"V",6,2,2,-4,1195,63
"V",6,2,2,-5,771,20
"V",6,2,2,-6,531,7
"V",6,2,2,-7,338,4
"V",6,2,2,-8,199,1
"V",6,2,2,-9,104,1
"V",6,2,2,0,3548,1502
"V",6,2,2,1,2936,1803
"V",6,2,2,10,93,93
"V",6,2,2,11,52,52
"V",6,2,2,12,28,28
"V",6,2,2,13,22,22
"V",6,2,2,14,11,11
"V",6,2,2,15,4,4
"V",6,2,2,16,2,2
"V",6,2,2,17,2,2
"V",6,2,2,2,2265,1710
"V",6,2,2,3,1734,1456
"V",6,2,2,4,1164,1086
"V",6,2,2,5,884,831
"V",6,2,2,6,581,576
"V",6,2,2,7,335,329
"V",6,2,2,8,240,237
"V",6,2,2,9,140,140
"V",6,2,3,-1,1475,403
"V",6,2,3,-10,14,0
"V",6,2,3,-11,10,0
"V",6,2,3,-12,8,0
"V",6,2,3,-13,6,0
"V",6,2,3,-14,3,0
"V",6,2,3,-15,4,0
"V",6,2,3,-16,1,0
"V",6,2,3,-2,949,149
"V",6,2,3,-3,631,50
"V",6,2,3,-4,404,17
"V",6,2,3,-5,284,3
"V",6,2,3,-6,175,3
"V",6,2,3,-7,131,1
"V",6,2,3,-8,67,0
"V",6,2,3,-9,25,0
"V",6,2,3,0,1921,900
"V",6,2,3,1,1691,1069
"V",6,2,3,10,54,54
"V",6,2,3,11,31,31
"V",6,2,3,12,21,21
"V",6,2,3,13,9,9
"V",6,2,3,14,5,5
"V",6,2,3,15,5,5
"V",6,2,3,16,1,1
"V",6,2,3,17,3,3
"V",6,2,3,18,2,2
"V",6,2,3,2,1377,1052
"V",6,2,3,3,1059,906
"V",6,2,3,4,781,700
"V",6,2,3,5,578,536
"V",6,2,3,6,357,350
"V",6,2,3,7,217,215
"V",6,2,3,8,132,131
"V",6,2,3,9,73,72
"V",6,2,4,-1,1120,324
"V",6,2,4,-10,25,0
"V",6,2,4,-11,17,0
"V",6,2,4,-12,10,0
"V",6,2,4,-13,6,0
"V",6,2,4,-14,4,0
"V",6,2,4,-16,1,0
"V",6,2,4,-2,879,170
"V",6,2,4,-3,683,83
"V",6,2,4,-4,494,31
"V",6,2,4,-5,337,11
"V",6,2,4,-6,225,5
"V",6,2,4,-7,140,0
"V",6,2,4,-8,70,0
"V",6,2,4,-9,48,0
"V",6,2,4,0,1428,629
"V",6,2,4,1,1337,835
"V",6,2,4,10,38,38
"V",6,2,4,11,19,19
"V",6,2,4,12,19,18
"V",6,2,4,13,11,11
"V",6,2,4,14,7,7
"V",6,2,4,15,4,4
"V",6,2,4,16,4,4
"V",6,2,4,17,3,3
"V",6,2,4,18,1,1
"V",6,2,4,19,1,1
"V",6,2,4,2,1113,843
"V",6,2,4,3,816,715
"V",6,2,4,4,588,535
"V",6,2,4,5,379,362
"V",6,2,4,6,272,269
"V",6,2,4,7,178,176
"V",6,2,4,8,111,109
"V",6,2,4,9,65,64
"V",6,2,5,-1,559,169
"V",6,2,5,-10,11,0
"V",6,2,5,-11,4,0
"V",6,2,5,-12,5,0
"V",6,2,5,-13,1,0
"V",6,2,5,-14,1,0
"V",6,2,5,-15,2,0
"V",6,2,5,-17,1,0
"V",6,2,5,-2,358,54
"V",6,2,5,-3,240,20
"V",6,2,5,-4,158,16
"V",6,2,5,-5,117,5
"V",6,2,5,-6,73,0
"V",6,2,5,-7,44,0
"V",6,2,5,-8,23,0
"V",6,2,5,-9,15,0
"V",6,2,5,0,683,323
"V",6,2,5,1,652,423
"V",6,2,5,10,22,22
"V",6,2,5,11,18,18
"V",6,2,5,12,16,16
"V",6,2,5,13,5,5
"V",6,2,5,14,2,2
"V",6,2,5,16,2,2
"V",6,2,5,17,1,1
"V",6,2,5,2,550,425
"V",6,2,5,3,443,375
"V",6,2,5,4,338,308
"V",6,2,5,5,237,225
"V",6,2,5,6,167,163
"V",6,2,5,7,93,91
"V",6,2,5,8,59,58
"V",6,2,5,9,47,47
"V",6,2,6,-1,504,163
"V",6,2,6,-10,8,0
"V",6,2,6,-11,1,0
"V",6,2,6,-12,2,0
"V",6,2,6,-13,1,0
"V",6,2,6,-14,2,0
"V",6,2,6,-16,1,0
"V",6,2,6,-2,401,75
"V",6,2,6,-3,315,39
"V",6,2,6,-4,184,9
"V",6,2,6,-5,137,4
"V",6,2,6,-6,80,2
"V",6,2,6,-7,53,0
"V",6,2,6,-8,38,0
"V",6,2,6,-9,13,0
"V",6,2,6,0,646,321
"V",6,2,6,1,588,376
"V",6,2,6,10,25,25
"V",6,2,6,11,12,11
"V",6,2,6,12,6,6
"V",6,2,6,13,6,6
"V",6,2,6,14,3,3
"V",6,2,6,15,2,2
"V",6,2,6,16,2,2
"V",6,2,6,2,507,391
"V",6,2,6,3,409,353
"V",6,2,6,4,289,262
"V",6,2,6,5,232,215
"V",6,2,6,6,148,142
"V",6,2,6,7,111,110
"V",6,2,6,8,72,71
"V",6,2,6,9,37,37
"V",6,2,7,-1,316,98
"V",6,2,7,-10,6,0
"V",6,2,7,-11,2,0
"V",6,2,7,-13,2,0
"V",6,2,7,-2,286,65
"V",6,2,7,-3,166,21
"V",6,2,7,-4,128,10
"V",6,2,7,-5,87,3
"V",6,2,7,-6,53,0
"V",6,2,7,-7,30,0
"V",6,2,7,-8,17,0
"V",6,2,7,-9,12,0
"V",6,2,7,0,414,219
"V",6,2,7,1,385,257
"V",6,2,7,10,20,19
"V",6,2,7,11,11,11
"V",6,2,7,12,3,3
"V",6,2,7,13,5,5
"V",6,2,7,14,1,1
"V",6,2,7,15,1,1
"V",6,2,7,16,2,2
"V",6,2,7,17,1,1
"V",6,2,7,2,319,248
"V",6,2,7,3,304,263
"V",6,2,7,4,197,187
"V",6,2,7,5,147,136
"V",6,2,7,6,116,112
"V",6,2,7,7,49,49
"V",6,2,7,8,44,42
"V",6,2,7,9,24,24
"V",6,2,8,-1,333,109
"V",6,2,8,-10,8,0
"V",6,2,8,-11,3,0
"V",6,2,8,-12,1,0
"V",6,2,8,-2,240,60
"V",6,2,8,-3,189,28
"V",6,2,8,-4,142,17
"V",6,2,8,-5,80,5
"V",6,2,8,-6,48,1
"V",6,2,8,-7,25,0
"V",6,2,8,-8,17,0
"V",6,2,8,-9,12,0
"V",6,2,8,0,471,236
"V",6,2,8,1,448,301
"V",6,2,8,10,11,11
"V",6,2,8,11,7,7
"V",6,2,8,12,4,4
"V",6,2,8,13,2,2
"V",6,2,8,14,2,2
"V",6,2,8,15,1,1
"V",6,2,8,16,1,1
"V",6,2,8,17,2,2
"V",6,2,8,2,361,280
"V",6,2,8,3,279,244
"V",6,2,8,4,199,180
"V",6,2,8,5,131,127
"V",6,2,8,6,90,88
"V",6,2,8,7,59,58
"V",6,2,8,8,26,25
"V",6,2,8,9,17,17
"V",7,0,1,-1,9251,2437
"V",7,0,1,-10,327,0
"V",7,0,1,-11,196,0
"V",7,0,1,-12,130,0
"V",7,0,1,-13,66,0
"V",7,0,1,-14,41,0
"V",7,0,1,-15,23,0
"V",7,0,1,-16,17,0
"V",7,0,1,-17,11,0
"V",7,0,1,-18,4,0
"V",7,0,1,-19,4,0
"V",7,0,1,-2,7546,1168
"V",7,0,1,-21,1,0
"V",7,0,1,-22,1,0
"V",7,0,1,-3,5880,522
"V",7,0,1,-4,4258,177
"V",7,0,1,-5,2881,71
"V",7,0,1,-6,1877,21
"V",7,0,1,-7,1249,12
"V",7,0,1,-8,868,4
"V",7,0,1,-9,540,0
"V",7,0,1,0,10337,4931
"V",7,0,1,1,8611,5942
"V",7,0,1,10,205,204
"V",7,0,1,11,128,127
"V",7,0,1,12,87,87
"V",7,0,1,13,43,43
"V",7,0,1,14,25,25
"V",7,0,1,15,14,14
"V",7,0,1,16,9,9
"V",7,0,1,17,11,11
"V",7,0,1,18,4,4
"V",7,0,1,19,4,4
"V",7,0,1,2,6762,5523
"V",7,0,1,21,1,1
"V",7,0,1,3,4926,4451
"V",7,0,1,4,3436,3264
"V",7,0,1,5,2390,2306
"V",7,0,1,6,1515,1497
"V",7,0,1,7,945,938
"V",7,0,1,8,551,546
"V",7,0,1,9,333,333
"V",7,0,2,-1,2458,796
"V",7,0,2,-10,84,0
"V",7,0,2,-11,53,0
"V",7,0,2,-12,31,0
"V",7,0,2,-13,24,0
"V",7,0,2,-14,12,0
"V",7,0,2,-15,4,0
"V",7,0,2,-16,6,0
"V",7,0,2,-17,3,0
"V",7,0,2,-18,1,0
"V",7,0,2,-19,1,0
"V",7,0,2,-2,2000,395
"V",7,0,2,-22,1,0
"V",7,0,2,-3,1599,215
"V",7,0,2,-4,1129,56
"V",7,0,2,-5,779,30
"V",7,0,2,-6,514,13
"V",7,0,2,-7,371,9
"V",7,0,2,-8,254,0
"V",7,0,2,-9,139,0
"V",7,0,2,0,2777,1494
"V",7,0,2,1,2311,1676
"V",7,0,2,10,65,65
"V",7,0,2,11,53,53
"V",7,0,2,12,27,27
"V",7,0,2,13,11,11
"V",7,0,2,14,7,7
"V",7,0,2,15,6,6
"V",7,0,2,16,3,3
"V",7,0,2,17,3,3
"V",7,0,2,18,1,1
"V",7,0,2,19,2,2
"V",7,0,2,2,1850,1559
"V",7,0,2,21,1,1
"V",7,0,2,3,1370,1266
"V",7,0,2,4,978,931
"V",7,0,2,5,709,692
"V",7,0,2,6,437,428
"V",7,0,2,7,270,269
"V",7,0,2,8,180,177
"V",7,0,2,9,114,114
"V",7,0,3,-1,494,192
"V",7,0,3,-10,23,0
"V",7,0,3,-11,13,0
"V",7,0,3,-12,13,0
"V",7,0,3,-13,7,0
"V",7,0,3,-14,2,0
"V",7,0,3,-15,1,0
"V",7,0,3,-16,1,0
"V",7,0,3,-2,374,96
"V",7,0,3,-3,301,42
"V",7,0,3,-4,212,21
"V",7,0,3,-5,151,9
"V",7,0,3,-6,117,1
"V",7,0,3,-7,79,1
"V",7,0,3,-8,55,1
"V",7,0,3,-9,32,0
"V",7,0,3,0,639,393
"V",7,0,3,1,477,354
"V",7,0,3,10,35,35
"V",7,0,3,11,9,9
"V",7,0,3,12,9,9
"V",7,0,3,13,5,5
"V",7,0,3,14,2,2
"V",7,0,3,15,1,1
"V",7,0,3,16,1,1
"V",7,0,3,19,1,1
"V",7,0,3,2,437,380
"V",7,0,3,3,314,297
"V",7,0,3,4,239,233
"V",7,0,3,5,188,184
"V",7,0,3,6,121,120
"V",7,0,3,7,83,83
"V",7,0,3,8,46,46
"V",7,0,3,9,31,31
"V",7,0,4,-1,486,228
"V",7,0,4,-10,22,0
"V",7,0,4,-11,10,0
"V",7,0,4,-12,11,0
"V",7,0,4,-13,5,0
"V",7,0,4,-14,5,0
"V",7,0,4,-15,1,0
"V",7,0,4,-16,3,0
"V",7,0,4,-17,1,0
"V",7,0,4,-18,1,0
"V",7,0,4,-2,506,165
"V",7,0,4,-22,1,0
"V",7,0,4,-3,366,69
"V",7,0,4,-4,288,23
"V",7,0,4,-5,179,7
"V",7,0,4,-6,155,6
"V",7,0,4,-7,111,4
"V",7,0,4,-8,75,0
"V",7,0,4,-9,34,0
"V",7,0,4,0,517,341
"V",7,0,4,1,445,351
"V",7,0,4,10,17,17
"V",7,0,4,11,13,13
"V",7,0,4,12,10,10
"V",7,0,4,13,2,2
"V",7,0,4,14,2,2
"V",7,0,4,15,5,5
"V",7,0,4,16,3,3
"V",7,0,4,18,1,1
"V",7,0,4,2,377,338
"V",7,0,4,21,1,1
"V",7,0,4,3,304,285
"V",7,0,4,4,199,195
"V",7,0,4,5,165,163
"V",7,0,4,6,125,123
"V",7,0,4,7,74,74
"V",7,0,4,8,41,40
"V",7,0,4,9,30,30
"V",7,0,5,-1,113,50
"V",7,0,5,-10,9,0
"V",7,0,5,-11,5,0
"V",7,0,5,-13,1,0
"V",7,0,5,-2,89,28
"V",7,0,5,-3,72,9
"V",7,0,5,-4,41,1
"V",7,0,5,-5,29,1
"V",7,0,5,-6,24,0
"V",7,0,5,-7,18,0
"V",7,0,5,-8,17,1
"V",7,0,5,-9,10,0
"V",7,0,5,0,149,96
"V",7,0,5,1,157,119
"V",7,0,5,10,8,8
"V",7,0,5,11,2,2
"V",7,0,5,12,1,1
"V",7,0,5,13,1,1
"V",7,0,5,14,1,1
"V",7,0,5,15,1,1
"V",7,0,5,18,1,1
"V",7,0,5,2,106,88
"V",7,0,5,3,75,73
"V",7,0,5,4,76,73
"V",7,0,5,5,73,71
"V",7,0,5,6,36,36
"V",7,0,5,7,24,24
"V",7,0,5,8,13,13
"V",7,0,5,9,12,12
"V",7,0,6,-1,238,129
"V",7,0,6,-10,3,0
"V",7,0,6,-11,6,0
"V",7,0,6,-12,3,0
"V",7,0,6,-13,3,0
"V",7,0,6,-16,1,0
"V",7,0,6,-2,151,50
"V",7,0,6,-3,138,31
"V",7,0,6,-4,85,12
"V",7,0,6,-5,74,8
"V",7,0,6,-6,38,0
"V",7,0,6,-7,26,0
"V",7,0,6,-8,25,0
"V",7,0,6,-9,12,0
"V",7,0,6,0,230,165
"V",7,0,6,1,200,170
"V",7,0,6,10,9,9
"V",7,0,6,11,6,6
"V",7,0,6,12,2,2
"V",7,0,6,13,4,4
"V",7,0,6,14,2,2
"V",7,0,6,16,1,1
"V",7,0,6,2,162,145
"V",7,0,6,21,1,1
"V",7,0,6,3,130,126
"V",7,0,6,4,103,102
"V",7,0,6,5,75,74
"V",7,0,6,6,61,61
"V",7,0,6,7,36,36
"V",7,0,6,8,19,19
"V",7,0,6,9,13,13
"V",7,0,7,-1,106,54
"V",7,0,7,-10,2,0
"V",7,0,7,-11,4,0
"V",7,0,7,-12,2,0
"V",7,0,7,-13,2,0
"V",7,0,7,-15,1,0
"V",7,0,7,-2,112,38
"V",7,0,7,-3,69,17
"V",7,0,7,-4,59,4
"V",7,0,7,-5,38,2
"V",7,0,7,-6,30,1
"V",7,0,7,-7,16,0
"V",7,0,7,-8,12,0
"V",7,0,7,-9,10,0
"V",7,0,7,0,107,73
"V",7,0,7,1,104,82
"V",7,0,7,10,5,5
"V",7,0,7,11,7,7
"V",7,0,7,12,2,2
"V",7,0,7,13,1,1
"V",7,0,7,14,1,1
"V",7,0,7,15,1,1
"V",7,0,7,16,2,2
"V",7,0,7,2,76,68
"V",7,0,7,3,98,96
"V",7,0,7,4,62,61
"V",7,0,7,5,48,48
"V",7,0,7,6,32,32
"V",7,0,7,7,13,13
"V",7,0,7,8,15,15
"V",7,0,7,9,8,8
"V",7,0,8,-1,129,82
"V",7,0,8,-10,7,0
"V",7,0,8,-11,6,0
"V",7,0,8,-12,1,0
"V",7,0,8,-13,2,0
"V",7,0,8,-14,1,0
"V",7,0,8,-18,1,0
"V",7,0,8,-2,107,54
"V",7,0,8,-3,89,19
"V",7,0,8,-4,62,6
"V",7,0,8,-5,33,2
"V",7,0,8,-6,35,4
"V",7,0,8,-7,18,0
"V",7,0,8,-8,14,0
"V",7,0,8,-9,10,0
"V",7,0,8,0,131,100
"V",7,0,8,1,131,117
"V",7,0,8,10,5,5
"V",7,0,8,11,5,5
"V",7,0,8,13,2,2
"V",7,0,8,2,105,98
"V",7,0,8,3,92,90
"V",7,0,8,4,63,63
"V",7,0,8,5,44,44
"V",7,0,8,6,29,29
"V",7,0,8,7,16,16
"V",7,0,8,8,10,10
"V",7,0,8,9,11,11
"V",7,1,1,-1,6442,1448
"V",7,1,1,-10,214,0
"V",7,1,1,-11,134,0
"V",7,1,1,-12,85,0
"V",7,1,1,-13,39,0
"V",7,1,1,-14,29,0
"V",7,1,1,-15,19,0
"V",7,1,1,-16,9,0
"V",7,1,1,-17,8,0
"V",7,1,1,-18,3,0
"V",7,1,1,-19,3,0
"V",7,1,1,-2,5241,664
"V",7,1,1,-21,1,0
"V",7,1,1,-3,3997,246
"V",7,1,1,-4,2912,91
"V",7,1,1,-5,1945,34
"V",7,1,1,-6,1261,9
"V",7,1,1,-7,814,3
"V",7,1,1,-8,567,2
"V",7,1,1,-9,366,0
"V",7,1,1,0,7167,3121
"V",7,1,1,1,6142,4108
"V",7,1,1,10,144,143
"V",7,1,1,11,91,90
"V",7,1,1,12,64,64
"V",7,1,1,13,36,36
"V",7,1,1,14,23,23
"V",7,1,1,15,10,10
"V",7,1,1,16,7,7
"V",7,1,1,17,9,9
"V",7,1,1,18,2,2
"V",7,1,1,19,2,2
"V",7,1,1,2,4820,3853
"V",7,1,1,21,1,1
"V",7,1,1,3,3517,3121
"V",7,1,1,4,2427,2298
"V",7,1,1,5,1674,1608
"V",7,1,1,6,1104,1094
"V",7,1,1,7,701,694
"V",7,1,1,8,393,390
"V",7,1,1,9,225,225
"V",7,1,2,-1,2706,710
"V",7,1,2,-10,110,0
"V",7,1,2,-11,72,0
"V",7,1,2,-12,35,0
"V",7,1,2,-13,24,0
"V",7,1,2,-14,12,0
"V",7,1,2,-15,8,0
"V",7,1,2,-16,3,0
"V",7,1,2,-17,3,0
"V",7,1,2,-19,2,0
"V",7,1,2,-2,2374,368
"V",7,1,2,-21,1,0
"V",7,1,2,-3,1898,200
"V",7,1,2,-4,1349,64
"V",7,1,2,-5,930,23
"V",7,1,2,-6,593,6
"V",7,1,2,-7,379,3
"V",7,1,2,-8,271,1
"V",7,1,2,-9,167,0
"V",7,1,2,0,3035,1484
"V",7,1,2,1,2590,1841
"V",7,1,2,10,94,94
"V",7,1,2,11,56,55
"V",7,1,2,12,39,39
"V",7,1,2,13,22,22
"V",7,1,2,14,13,13
"V",7,1,2,15,7,7
"V",7,1,2,16,5,5
"V",7,1,2,17,6,6
"V",7,1,2,18,2,2
"V",7,1,2,19,3,3
"V",7,1,2,2,2095,1695
"V",7,1,2,22,1,1
"V",7,1,2,3,1554,1398
"V",7,1,2,4,1160,1104
"V",7,1,2,5,831,803
"V",7,1,2,6,577,567
"V",7,1,2,7,368,367
"V",7,1,2,8,224,223
"V",7,1,2,9,124,124
"V",7,1,3,-1,1119,352
"V",7,1,3,-10,31,0
"V",7,1,3,-11,22,0
"V",7,1,3,-12,15,0
"V",7,1,3,-13,4,0
"V",7,1,3,-14,2,0
"V",7,1,3,-15,4,0
"V",7,1,3,-17,1,0
"V",7,1,3,-2,651,119
"V",7,1,3,-3,485,38
"V",7,1,3,-4,330,26
"V",7,1,3,-5,241,10
"V",7,1,3,-6,150,1
"V",7,1,3,-7,110,2
"V",7,1,3,-8,70,0
"V",7,1,3,-9,37,0
"V",7,1,3,0,1562,803
"V",7,1,3,1,1381,996
"V",7,1,3,10,36,36
"V",7,1,3,11,31,31
"V",7,1,3,12,17,17
"V",7,1,3,13,5,5
"V",7,1,3,14,3,3
"V",7,1,3,15,3,3
"V",7,1,3,16,1,1
"V",7,1,3,17,2,2
"V",7,1,3,19,1,1
"V",7,1,3,2,1196,1011
"V",7,1,3,3,868,809
"V",7,1,3,4,661,634
"V",7,1,3,5,453,436
"V",7,1,3,6,303,300
"V",7,1,3,7,183,183
"V",7,1,3,8,122,122
"V",7,1,3,9,62,62
"V",7,1,4,-1,838,316
"V",7,1,4,-10,42,0
"V",7,1,4,-11,22,0
"V",7,1,4,-12,14,0
"V",7,1,4,-13,13,0
"V",7,1,4,-14,9,0
"V",7,1,4,-15,5,0
"V",7,1,4,-16,1,0
"V",7,1,4,-17,1,0
"V",7,1,4,-19,1,0
"V",7,1,4,-2,791,167
"V",7,1,4,-22,1,0
"V",7,1,4,-3,661,91
"V",7,1,4,-4,475,35
"V",7,1,4,-5,327,10
"V",7,1,4,-6,223,2
"V",7,1,4,-7,143,4
"V",7,1,4,-8,118,0
"V",7,1,4,-9,54,0
"V",7,1,4,0,941,522
"V",7,1,4,1,896,681
"V",7,1,4,10,32,32
"V",7,1,4,11,21,21
"V",7,1,4,12,24,24
"V",7,1,4,13,9,9
"V",7,1,4,14,4,4
"V",7,1,4,16,3,3
"V",7,1,4,17,2,2
"V",7,1,4,18,2,2
"V",7,1,4,19,1,1
"V",7,1,4,2,751,633
"V",7,1,4,22,1,1
"V",7,1,4,3,568,521
"V",7,1,4,4,429,413
"V",7,1,4,5,327,316
"V",7,1,4,6,227,224
"V",7,1,4,7,133,133
"V",7,1,4,8,105,104
"V",7,1,4,9,74,74
"V",7,1,5,-1,369,118
"V",7,1,5,-10,14,0
"V",7,1,5,-11,5,0
"V",7,1,5,-12,4,0
"V",7,1,5,-13,2,0
"V",7,1,5,-17,1,0
"V",7,1,5,-2,214,45
"V",7,1,5,-3,160,17
"V",7,1,5,-4,110,3
"V",7,1,5,-5,70,2
"V",7,1,5,-6,58,0
"V",7,1,5,-7,31,0
"V",7,1,5,-8,28,1
"V",7,1,5,-9,14,0
"V",7,1,5,0,459,287
"V",7,1,5,1,438,319
"V",7,1,5,10,23,23
"V",7,1,5,11,12,12
"V",7,1,5,12,5,5
"V",7,1,5,13,4,4
"V",7,1,5,14,6,6
"V",7,1,5,15,2,2
"V",7,1,5,18,1,1
"V",7,1,5,2,419,358
"V",7,1,5,3,323,302
"V",7,1,5,4,248,242
"V",7,1,5,5,195,191
"V",7,1,5,6,108,108
"V",7,1,5,7,69,68
"V",7,1,5,8,50,49
"V",7,1,5,9,32,32
"V",7,1,6,-1,442,181
"V",7,1,6,-10,18,0
"V",7,1,6,-11,11,0
"V",7,1,6,-12,9,0
"V",7,1,6,-13,3,0
"V",7,1,6,-14,2,0
"V",7,1,6,-15,1,0
"V",7,1,6,-2,337,93
"V",7,1,6,-3,287,38
"V",7,1,6,-4,181,13
"V",7,1,6,-5,132,10
"V",7,1,6,-6,76,0
"V",7,1,6,-7,63,1
"V",7,1,6,-8,36,0
"V",7,1,6,-9,18,0
"V",7,1,6,0,543,338
"V",7,1,6,1,467,379
"V",7,1,6,10,21,21
"V",7,1,6,11,11,11
"V",7,1,6,12,7,7
"V",7,1,6,13,10,10
"V",7,1,6,15,1,1
"V",7,1,6,16,1,1
"V",7,1,6,17,1,1
"V",7,1,6,19,1,1
"V",7,1,6,2,408,365
"V",7,1,6,3,369,347
"V",7,1,6,4,219,210
"V",7,1,6,5,165,162
"V",7,1,6,6,134,132
"V",7,1,6,7,89,88
"V",7,1,6,8,64,64
"V",7,1,6,9,25,25
"V",7,1,7,-1,344,158
"V",7,1,7,-10,8,0
"V",7,1,7,-11,7,0
"V",7,1,7,-12,3,0
"V",7,1,7,-13,3,0
"V",7,1,7,-14,2,0
"V",7,1,7,-2,279,81
"V",7,1,7,-3,145,20
"V",7,1,7,-4,125,9
"V",7,1,7,-5,85,2
"V",7,1,7,-6,56,1
"V",7,1,7,-7,30,0
"V",7,1,7,-8,19,0
"V",7,1,7,-9,21,0
"V",7,1,7,0,411,274
"V",7,1,7,1,372,282
"V",7,1,7,10,21,21
"V",7,1,7,11,15,15
"V",7,1,7,12,9,9
"V",7,1,7,13,5,5
"V",7,1,7,14,3,3
"V",7,1,7,15,3,3
"V",7,1,7,16,3,3
"V",7,1,7,17,1,1
"V",7,1,7,2,306,272
"V",7,1,7,21,1,1
"V",7,1,7,3,288,272
"V",7,1,7,4,242,239
"V",7,1,7,5,145,144
"V",7,1,7,6,106,106
"V",7,1,7,7,68,68
"V",7,1,7,8,37,36
"V",7,1,7,9,18,18
"V",7,1,8,-1,307,149
"V",7,1,8,-10,8,0
"V",7,1,8,-11,6,0
"V",7,1,8,-12,3,0
"V",7,1,8,-13,2,0
"V",7,1,8,-14,3,0
"V",7,1,8,-15,1,0
"V",7,1,8,-18,1,0
"V",7,1,8,-2,189,65
"V",7,1,8,-3,166,30
"V",7,1,8,-4,109,10
"V",7,1,8,-5,85,4
"V",7,1,8,-6,62,1
"V",7,1,8,-7,41,1
"V",7,1,8,-8,28,0
"V",7,1,8,-9,15,0
"V",7,1,8,0,377,242
"V",7,1,8,1,338,262
"V",7,1,8,10,20,20
"V",7,1,8,11,12,12
"V",7,1,8,12,7,7
"V",7,1,8,13,4,4
"V",7,1,8,14,2,2
"V",7,1,8,16,1,1
"V",7,1,8,17,1,1
"V",7,1,8,19,1,1
"V",7,1,8,2,324,299
"V",7,1,8,3,236,224
"V",7,1,8,4,190,185
"V",7,1,8,5,127,127
"V",7,1,8,6,87,87
"V",7,1,8,7,41,41
"V",7,1,8,8,25,25
"V",7,1,8,9,29,29
"V",7,2,1,-1,4989,964
"V",7,2,1,-10,150,0
"V",7,2,1,-11,93,0
"V",7,2,1,-12,62,0
"V",7,2,1,-13,28,0
"V",7,2,1,-14,20,0
"V",7,2,1,-15,10,0
"V",7,2,1,-16,8,0
"V",7,2,1,-17,7,0
"V",7,2,1,-18,3,0
"V",7,2,1,-19,2,0
"V",7,2,1,-2,3989,424
"V",7,2,1,-3,3024,138
"V",7,2,1,-4,2207,45
"V",7,2,1,-5,1446,17
"V",7,2,1,-6,938,5
"V",7,2,1,-7,624,3
"V",7,2,1,-8,418,1
"V",7,2,1,-9,269,0
"V",7,2,1,0,5477,2191
"V",7,2,1,1,4813,3103
"V",7,2,1,10,135,134
"V",7,2,1,11,81,81
"V",7,2,1,12,59,59
"V",7,2,1,13,28,28
"V",7,2,1,14,22,22
"V",7,2,1,15,14,14
"V",7,2,1,16,4,4
"V",7,2,1,17,6,6
"V",7,2,1,18,3,3
"V",7,2,1,19,3,3
"V",7,2,1,2,3786,2981
"V",7,2,1,21,1,1
"V",7,2,1,3,2888,2539
"V",7,2,1,4,1962,1845
"V",7,2,1,5,1418,1355
"V",7,2,1,6,912,899
"V",7,2,1,7,586,580
"V",7,2,1,8,366,363
"V",7,2,1,9,207,207
"V",7,2,2,-1,2730,593
"V",7,2,2,-10,91,0
"V",7,2,2,-11,56,0
"V",7,2,2,-12,32,0
"V",7,2,2,-13,18,0
"V",7,2,2,-14,14,0
"V",7,2,2,-15,7,0
"V",7,2,2,-16,3,0
"V",7,2,2,-17,5,0
"V",7,2,2,-18,2,0
"V",7,2,2,-19,1,0
"V",7,2,2,-2,2360,267
"V",7,2,2,-21,1,0
"V",7,2,2,-3,1808,139
"V",7,2,2,-4,1275,36
"V",7,2,2,-5,884,16
"V",7,2,2,-6,630,9
"V",7,2,2,-7,406,2
"V",7,2,2,-8,254,0
"V",7,2,2,-9,166,0
"V",7,2,2,0,2997,1303
"V",7,2,2,1,2573,1685
"V",7,2,2,10,103,103
"V",7,2,2,11,71,70
"V",7,2,2,12,47,47
"V",7,2,2,13,33,33
"V",7,2,2,14,30,30
"V",7,2,2,15,12,12
"V",7,2,2,16,5,5
"V",7,2,2,17,6,6
"V",7,2,2,18,4,4
"V",7,2,2,19,3,3
"V",7,2,2,2,2190,1767
"V",7,2,2,3,1717,1537
"V",7,2,2,4,1271,1200
"V",7,2,2,5,896,858
"V",7,2,2,6,662,653
"V",7,2,2,7,434,430
"V",7,2,2,8,256,253
"V",7,2,2,9,158,158
"V",7,2,3,-1,1295,297
"V",7,2,3,-10,40,0
"V",7,2,3,-11,23,0
"V",7,2,3,-12,12,0
"V",7,2,3,-13,6,0
"V",7,2,3,-14,1,0
"V",7,2,3,-15,2,0
"V",7,2,3,-16,1,0
"V",7,2,3,-17,1,0
"V",7,2,3,-2,790,113
"V",7,2,3,-3,633,37
"V",7,2,3,-4,445,22
"V",7,2,3,-5,302,8
"V",7,2,3,-6,188,3
"V",7,2,3,-7,117,1
"V",7,2,3,-8,87,0
"V",7,2,3,-9,49,0
"V",7,2,3,0,1714,789
"V",7,2,3,1,1624,1113
"V",7,2,3,10,77,77
"V",7,2,3,11,50,50
"V",7,2,3,12,27,26
"V",7,2,3,13,16,16
"V",7,2,3,14,12,12
"V",7,2,3,15,8,8
"V",7,2,3,16,1,1
"V",7,2,3,17,3,3
"V",7,2,3,19,1,1
"V",7,2,3,2,1419,1158
"V",7,2,3,20,1,1
"V",7,2,3,22,1,1
"V",7,2,3,3,1043,942
"V",7,2,3,4,828,790
"V",7,2,3,5,553,542
"V",7,2,3,6,405,403
"V",7,2,3,7,281,279
"V",7,2,3,8,159,159
"V",7,2,3,9,96,96
"V",7,2,4,-1,1030,257
"V",7,2,4,-10,32,0
"V",7,2,4,-11,19,0
"V",7,2,4,-12,15,0
"V",7,2,4,-13,13,0
"V",7,2,4,-14,6,0
"V",7,2,4,-15,3,0
"V",7,2,4,-16,1,0
"V",7,2,4,-17,2,0
"V",7,2,4,-18,2,0
"V",7,2,4,-19,2,0
"V",7,2,4,-2,962,123
"V",7,2,4,-22,1,0
"V",7,2,4,-3,779,62
"V",7,2,4,-4,558,23
"V",7,2,4,-5,373,8
"V",7,2,4,-6,269,6
"V",7,2,4,-7,175,2
"V",7,2,4,-8,122,0
"V",7,2,4,-9,65,0
"V",7,2,4,0,1406,652
"V",7,2,4,1,1187,835
"V",7,2,4,10,48,48
"V",7,2,4,11,35,35
"V",7,2,4,12,23,23
"V",7,2,4,13,14,14
"V",7,2,4,14,9,9
"V",7,2,4,15,6,6
"V",7,2,4,16,5,5
"V",7,2,4,17,2,2
"V",7,2,4,18,1,1
"V",7,2,4,2,1021,833
"V",7,2,4,22,1,1
"V",7,2,4,3,787,722
"V",7,2,4,4,612,575
"V",7,2,4,5,439,423
"V",7,2,4,6,309,304
"V",7,2,4,7,193,192
"V",7,2,4,8,133,132
"V",7,2,4,9,93,93
"V",7,2,5,-1,529,140
"V",7,2,5,-10,15,0
"V",7,2,5,-11,6,0
"V",7,2,5,-12,3,0
"V",7,2,5,-13,2,0
"V",7,2,5,-16,2,0
"V",7,2,5,-17,1,0
"V",7,2,5,-2,323,39
"V",7,2,5,-3,266,13
"V",7,2,5,-4,155,5
"V",7,2,5,-5,105,3
"V",7,2,5,-6,73,0
"V",7,2,5,-7,48,1
"V",7,2,5,-8,42,1
"V",7,2,5,-9,19,0
"V",7,2,5,0,652,282
"V",7,2,5,1,585,402
"V",7,2,5,10,27,27
"V",7,2,5,11,24,24
"V",7,2,5,12,16,16
"V",7,2,5,13,7,7
"V",7,2,5,14,4,4
"V",7,2,5,15,5,5
"V",7,2,5,16,1,1
"V",7,2,5,17,1,1
"V",7,2,5,2,558,468
"V",7,2,5,3,381,343
"V",7,2,5,4,345,323
"V",7,2,5,5,257,251
"V",7,2,5,6,189,184
"V",7,2,5,7,108,108
"V",7,2,5,8,80,79
"V",7,2,5,9,50,50
"V",7,2,6,-1,560,153
"V",7,2,6,-10,21,0
"V",7,2,6,-11,14,0
"V",7,2,6,-12,6,0
"V",7,2,6,-13,5,0
"V",7,2,6,-14,3,0
"V",7,2,6,-15,1,0
"V",7,2,6,-17,1,0
"V",7,2,6,-2,396,62
"V",7,2,6,-3,307,29
"V",7,2,6,-4,221,14
"V",7,2,6,-5,157,7
"V",7,2,6,-6,78,1
"V",7,2,6,-7,60,0
"V",7,2,6,-8,54,0
"V",7,2,6,-9,26,0
"V",7,2,6,0,633,322
"V",7,2,6,1,597,435
"V",7,2,6,10,32,32
"V",7,2,6,11,25,24
"V",7,2,6,12,14,13
"V",7,2,6,13,13,13
"V",7,2,6,14,3,3
"V",7,2,6,16,1,1
"V",7,2,6,17,2,2
"V",7,2,6,18,1,1
"V",7,2,6,19,1,1
"V",7,2,6,2,463,372
"V",7,2,6,23,1,1
"V",7,2,6,24,1,1
"V",7,2,6,3,370,338
"V",7,2,6,4,314,298
"V",7,2,6,5,231,224
"V",7,2,6,6,183,181
"V",7,2,6,7,102,102
"V",7,2,6,8,72,72
"V",7,2,6,9,50,50
"V",7,2,7,-1,308,107
"V",7,2,7,-10,7,0
"V",7,2,7,-11,9,0
"V",7,2,7,-12,4,0
"V",7,2,7,-13,1,0
"V",7,2,7,-17,1,0
"V",7,2,7,-2,267,48
"V",7,2,7,-3,154,14
"V",7,2,7,-4,146,8
"V",7,2,7,-5,95,1
"V",7,2,7,-6,60,2
"V",7,2,7,-7,39,1
"V",7,2,7,-8,25,0
"V",7,2,7,-9,18,0
"V",7,2,7,0,392,186
"V",7,2,7,1,357,255
"V",7,2,7,10,14,14
"V",7,2,7,11,15,15
"V",7,2,7,12,10,10
"V",7,2,7,13,5,5
"V",7,2,7,14,5,5
"V",7,2,7,15,4,4
"V",7,2,7,16,1,1
"V",7,2,7,2,345,281
"V",7,2,7,3,283,255
"V",7,2,7,4,191,179
"V",7,2,7,5,156,153
"V",7,2,7,6,106,105
"V",7,2,7,7,71,71
"V",7,2,7,8,52,52
"V",7,2,7,9,22,22
"V",7,2,8,-1,331,110
"V",7,2,8,-10,7,0
"V",7,2,8,-11,5,0
"V",7,2,8,-12,4,0
"V",7,2,8,-13,3,0
"V",7,2,8,-14,1,0
"V",7,2,8,-15,1,0
"V",7,2,8,-17,1,0
"V",7,2,8,-19,1,0
"V",7,2,8,-2,236,41
"V",7,2,8,-3,210,28
"V",7,2,8,-4,147,13
"V",7,2,8,-5,91,6
"V",7,2,8,-6,56,2
"V",7,2,8,-7,40,0
"V",7,2,8,-8,33,0
"V",7,2,8,-9,21,0
"V",7,2,8,0,475,235
"V",7,2,8,1,417,290
"V",7,2,8,10,16,16
"V",7,2,8,11,17,17
"V",7,2,8,12,9,9
"V",7,2,8,13,2,2
"V",7,2,8,14,5,5
"V",7,2,8,15,2,2
"V",7,2,8,16,1,1
"V",7,2,8,17,3,3
"V",7,2,8,2,341,281
"V",7,2,8,3,306,281
"V",7,2,8,4,207,196
"V",7,2,8,5,172,165
"V",7,2,8,6,109,108
"V",7,2,8,7,56,56
"V",7,2,8,8,34,34
"V",7,2,8,9,30,30
"V",8,0,1,-1,8606,1917
"V",8,0,1,-10,424,0
"V",8,0,1,-11,273,0
"V",8,0,1,-12,162,0
"V",8,0,1,-13,107,0
"V",8,0,1,-14,63,0
"V",8,0,1,-15,50,0
"V",8,0,1,-16,29,0
"V",8,0,1,-17,8,0
"V",8,0,1,-18,8,0
"V",8,0,1,-19,5,0
"V",8,0,1,-2,7140,807
"V",8,0,1,-20,3,0
"V",8,0,1,-21,2,0
"V",8,0,1,-23,1,0
"V",8,0,1,-3,5713,323
"V",8,0,1,-4,4542,137
"V",8,0,1,-5,3215,34
"V",8,0,1,-6,2141,15
"V",8,0,1,-7,1539,4
"V",8,0,1,-8,1071,2
"V",8,0,1,-9,700,2
"V",8,0,1,0,9056,4277
"V",8,0,1,1,7976,5982
"V",8,0,1,10,269,269
"V",8,0,1,11,189,188
"V",8,0,1,12,111,111
"V",8,0,1,13,69,69
"V",8,0,1,14,51,51
"V",8,0,1,15,25,25
"V",8,0,1,16,10,10
"V",8,0,1,17,13,13
"V",8,0,1,18,4,4
"V",8,0,1,19,7,7
"V",8,0,1,2,6510,5646
"V",8,0,1,20,2,2
"V",8,0,1,21,1,1
"V",8,0,1,24,1,1
"V",8,0,1,25,1,1
"V",8,0,1,3,4933,4609
"V",8,0,1,4,3626,3526
"V",8,0,1,5,2527,2475
"V",8,0,1,6,1752,1743
"V",8,0,1,7,1166,1159
"V",8,0,1,8,684,683
"V",8,0,1,9,451,451
"V",8,0,2,-1,2311,722
"V",8,0,2,-10,126,0
"V",8,0,2,-11,93,0
"V",8,0,2,-12,54,0
"V",8,0,2,-13,26,0
"V",8,0,2,-14,13,0
"V",8,0,2,-15,12,0
"V",8,0,2,-16,10,0
"V",8,0,2,-17,5,0
"V",8,0,2,-18,2,0
"V",8,0,2,-19,2,0
"V",8,0,2,-2,1882,337
"V",8,0,2,-20,2,0
"V",8,0,2,-21,1,0
"V",8,0,2,-23,1,0
"V",8,0,2,-3,1555,139
"V",8,0,2,-4,1204,70
"V",8,0,2,-5,896,15
"V",8,0,2,-6,578,9
"V",8,0,2,-7,410,2
"V",8,0,2,-8,326,2
"V",8,0,2,-9,184,1
"V",8,0,2,0,2441,1280
"V",8,0,2,1,2214,1733
"V",8,0,2,10,94,94
"V",8,0,2,11,64,63
"V",8,0,2,12,43,43
"V",8,0,2,13,18,18
"V",8,0,2,14,15,15
"V",8,0,2,15,9,9
"V",8,0,2,16,4,4
"V",8,0,2,17,3,3
"V",8,0,2,18,2,2
"V",8,0,2,19,2,2
"V",8,0,2,2,1920,1692
"V",8,0,2,3,1396,1316
"V",8,0,2,4,1039,1014
"V",8,0,2,5,745,730
"V",8,0,2,6,503,501
"V",8,0,2,7,347,344
"V",8,0,2,8,207,206
"V",8,0,2,9,145,145
"V",8,0,3,-1,459,154
"V",8,0,3,-10,23,0
"V",8,0,3,-11,21,0
"V",8,0,3,-12,4,0
"V",8,0,3,-13,12,0
"V",8,0,3,-14,5,0
"V",8,0,3,-15,2,0
"V",8,0,3,-16,1,0
"V",8,0,3,-18,1,0
"V",8,0,3,-2,408,91
"V",8,0,3,-3,290,26
"V",8,0,3,-4,249,13
"V",8,0,3,-5,194,4
"V",8,0,3,-6,130,0
"V",8,0,3,-7,90,1
"V",8,0,3,-8,62,0
"V",8,0,3,-9,35,0
"V",8,0,3,0,549,343
"V",8,0,3,1,511,415
"V",8,0,3,10,25,25
"V",8,0,3,11,21,21
"V",8,0,3,12,11,11
"V",8,0,3,13,5,5
"V",8,0,3,14,3,3
"V",8,0,3,15,3,3
"V",8,0,3,16,1,1
"V",8,0,3,17,3,3
"V",8,0,3,18,1,1
"V",8,0,3,19,1,1
"V",8,0,3,2,455,414
"V",8,0,3,3,354,332
"V",8,0,3,4,255,247
"V",8,0,3,5,192,190
"V",8,0,3,6,124,124
"V",8,0,3,7,92,92
"V",8,0,3,8,57,57
"V",8,0,3,9,46,46
"V",8,0,4,-1,449,201
"V",8,0,4,-10,28,0
"V",8,0,4,-11,34,0
"V",8,0,4,-12,17,0
"V",8,0,4,-13,10,0
"V",8,0,4,-14,3,0
"V",8,0,4,-15,4,0
"V",8,0,4,-16,1,0
"V",8,0,4,-17,2,0
"V",8,0,4,-19,1,0
"V",8,0,4,-2,456,142
"V",8,0,4,-20,1,0
"V",8,0,4,-3,384,58
"V",8,0,4,-4,339,36
"V",8,0,4,-5,264,9
"V",8,0,4,-6,168,5
"V",8,0,4,-7,113,1
"V",8,0,4,-8,79,1
"V",8,0,4,-9,51,1
"V",8,0,4,0,427,272
"V",8,0,4,1,380,317
"V",8,0,4,10,25,25
"V",8,0,4,11,23,23
"V",8,0,4,12,9,9
"V",8,0,4,13,2,2
"V",8,0,4,14,5,5
"V",8,0,4,15,1,1
"V",8,0,4,16,1,1
"V",8,0,4,17,2,2
"V",8,0,4,18,1,1
"V",8,0,4,2,354,316
"V",8,0,4,3,272,257
"V",8,0,4,4,242,241
"V",8,0,4,5,159,157
"V",8,0,4,6,107,107
"V",8,0,4,7,82,82
"V",8,0,4,8,43,43
"V",8,0,4,9,43,43
"V",8,0,5,-1,109,40
"V",8,0,5,-10,6,0
"V",8,0,5,-11,1,0
"V",8,0,5,-12,4,0
"V",8,0,5,-13,1,0
"V",8,0,5,-15,1,0
"V",8,0,5,-2,108,21
"V",8,0,5,-3,85,11
"V",8,0,5,-4,44,3
"V",8,0,5,-5,34,0
"V",8,0,5,-6,25,0
"V",8,0,5,-7,19,0
"V",8,0,5,-8,15,0
"V",8,0,5,-9,7,0
"V",8,0,5,0,141,103
"V",8,0,5,1,151,129
"V",8,0,5,10,10,10
"V",8,0,5,11,5,5
"V",8,0,5,12,7,7
"V",8,0,5,13,3,3
"V",8,0,5,14,2,2
"V",8,0,5,17,1,1
"V",8,0,5,2,147,139
"V",8,0,5,3,118,112
"V",8,0,5,4,91,90
"V",8,0,5,5,62,61
"V",8,0,5,6,54,53
"V",8,0,5,7,23,23
"V",8,0,5,8,20,20
"V",8,0,5,9,12,12
"V",8,0,6,-1,212,101
"V",8,0,6,-10,7,0
"V",8,0,6,-11,5,0
"V",8,0,6,-12,6,0
"V",8,0,6,-13,3,0
"V",8,0,6,-14,2,0
"V",8,0,6,-2,212,68
"V",8,0,6,-3,155,22
"V",8,0,6,-4,94,5
"V",8,0,6,-5,79,4
"V",8,0,6,-6,41,1
"V",8,0,6,-7,28,1
"V",8,0,6,-8,29,0
"V",8,0,6,-9,13,0
"V",8,0,6,0,206,152
"V",8,0,6,1,188,167
"V",8,0,6,10,14,14
"V",8,0,6,11,7,7
"V",8,0,6,12,9,9
"V",8,0,6,13,4,4
"V",8,0,6,14,3,3
"V",8,0,6,15,1,1
"V",8,0,6,16,1,1
"V",8,0,6,18,3,3
"V",8,0,6,2,160,149
"V",8,0,6,3,156,150
"V",8,0,6,4,97,97
"V",8,0,6,5,66,64
"V",8,0,6,6,47,47
"V",8,0,6,7,44,43
"V",8,0,6,8,15,15
"V",8,0,6,9,15,15
"V",8,0,7,-1,111,65
"V",8,0,7,-10,1,0
"V",8,0,7,-11,5,0
"V",8,0,7,-12,2,0
"V",8,0,7,-13,3,0
"V",8,0,7,-15,1,0
"V",8,0,7,-2,90,33
"V",8,0,7,-3,65,10
"V",8,0,7,-4,59,9
"V",8,0,7,-5,36,2
"V",8,0,7,-6,34,2
"V",8,0,7,-7,18,1
"V",8,0,7,-8,17,0
"V",8,0,7,-9,4,0
"V",8,0,7,0,107,84
"V",8,0,7,1,102,91
"V",8,0,7,10,9,9
"V",8,0,7,11,6,6
"V",8,0,7,12,3,3
"V",8,0,7,13,1,1
"V",8,0,7,14,2,2
"V",8,0,7,15,2,2
"V",8,0,7,16,1,1
"V",8,0,7,2,86,77
"V",8,0,7,3,70,67
"V",8,0,7,4,65,65
"V",8,0,7,5,39,39
"V",8,0,7,6,29,29
"V",8,0,7,7,15,15
"V",8,0,7,8,11,11
"V",8,0,7,9,10,10
"V",8,0,8,-1,130,83
"V",8,0,8,-10,4,0
"V",8,0,8,-11,9,0
"V",8,0,8,-12,5,0
"V",8,0,8,-13,2,0
"V",8,0,8,-15,1,0
"V",8,0,8,-16,1,0
"V",8,0,8,-2,107,43
"V",8,0,8,-3,73,21
"V",8,0,8,-4,60,15
"V",8,0,8,-5,55,4
"V",8,0,8,-6,45,1
"V",8,0,8,-7,20,0
"V",8,0,8,-8,19,0
"V",8,0,8,-9,12,1
"V",8,0,8,0,129,97
"V",8,0,8,1,105,93
"V",8,0,8,10,5,5
"V",8,0,8,11,6,6
"V",8,0,8,12,6,6
"V",8,0,8,13,1,1
"V",8,0,8,14,1,1
"V",8,0,8,2,98,86
"V",8,0,8,3,73,70
"V",8,0,8,4,71,71
"V",8,0,8,5,54,53
"V",8,0,8,6,43,43
"V",8,0,8,7,23,22
"V",8,0,8,8,14,14
"V",8,0,8,9,15,15
"V",8,1,1,-1,6050,1031
"V",8,1,1,-10,272,0
"V",8,1,1,-11,160,0
"V",8,1,1,-12,101,0
"V",8,1,1,-13,69,0
"V",8,1,1,-14,45,0
"V",8,1,1,-15,35,0
"V",8,1,1,-16,17,0
"V",8,1,1,-17,3,0
"V",8,1,1,-18,5,0
"V",8,1,1,-19,3,0
"V",8,1,1,-2,4964,386
"V",8,1,1,-20,1,0
"V",8,1,1,-21,1,0
"V",8,1,1,-3,3930,156
"V",8,1,1,-4,3133,53
"V",8,1,1,-5,2150,16
"V",8,1,1,-6,1447,8
"V",8,1,1,-7,1047,1
"V",8,1,1,-8,696,0
"V",8,1,1,-9,487,1
"V",8,1,1,0,6313,2734
"V",8,1,1,1,5535,4034
"V",8,1,1,10,179,179
"V",8,1,1,11,122,122
"V",8,1,1,12,76,76
"V",8,1,1,13,59,59
"V",8,1,1,14,36,36
"V",8,1,1,15,18,18
"V",8,1,1,16,7,7
"V",8,1,1,17,7,7
"V",8,1,1,18,2,2
"V",8,1,1,19,4,4
"V",8,1,1,2,4447,3800
"V",8,1,1,20,2,2
"V",8,1,1,21,2,2
"V",8,1,1,23,1,1
"V",8,1,1,24,1,1
"V",8,1,1,25,1,1
"V",8,1,1,3,3477,3227
"V",8,1,1,4,2551,2473
"V",8,1,1,5,1765,1726
"V",8,1,1,6,1256,1249
"V",8,1,1,7,835,830
"V",8,1,1,8,485,485
"V",8,1,1,9,309,309
"V",8,1,2,-1,2574,562
"V",8,1,2,-10,155,0
"V",8,1,2,-11,94,0
"V",8,1,2,-12,53,0
"V",8,1,2,-13,30,0
"V",8,1,2,-14,19,0
"V",8,1,2,-15,19,0
"V",8,1,2,-16,14,0
"V",8,1,2,-17,4,0
"V",8,1,2,-18,1,0
"V",8,1,2,-19,3,0
"V",8,1,2,-2,2335,249
"V",8,1,2,-20,1,0
"V",8,1,2,-21,1,0
"V",8,1,2,-3,1817,111
"V",8,1,2,-4,1456,44
"V",8,1,2,-5,1020,11
"V",8,1,2,-6,705,5
"V",8,1,2,-7,491,1
"V",8,1,2,-8,362,1
"V",8,1,2,-9,243,0
"V",8,1,2,0,2623,1240
"V",8,1,2,1,2399,1827
"V",8,1,2,10,113,113
"V",8,1,2,11,69,68
"V",8,1,2,12,40,40
"V",8,1,2,13,33,33
"V",8,1,2,14,27,27
"V",8,1,2,15,10,10
"V",8,1,2,16,5,5
"V",8,1,2,17,6,6
"V",8,1,2,18,1,1
"V",8,1,2,19,5,5
"V",8,1,2,2,2037,1757
"V",8,1,2,20,1,1
"V",8,1,2,21,2,2
"V",8,1,2,3,1608,1509
"V",8,1,2,4,1191,1154
"V",8,1,2,5,876,857
"V",8,1,2,6,635,629
"V",8,1,2,7,443,441
"V",8,1,2,8,264,264
"V",8,1,2,9,168,168
"V",8,1,3,-1,1118,331
"V",8,1,3,-10,27,0
"V",8,1,3,-11,28,0
"V",8,1,3,-12,15,0
"V",8,1,3,-13,13,0
"V",8,1,3,-14,7,0
"V",8,1,3,-15,1,0
"V",8,1,3,-16,3,0
"V",8,1,3,-17,1,0
"V",8,1,3,-18,1,0
"V",8,1,3,-2,616,86
"V",8,1,3,-3,479,27
"V",8,1,3,-4,350,9
"V",8,1,3,-5,277,4
"V",8,1,3,-6,175,1
"V",8,1,3,-7,136,0
"V",8,1,3,-8,93,1
"V",8,1,3,-9,57,1
"V",8,1,3,0,1550,838
"V",8,1,3,1,1403,1086
"V",8,1,3,10,49,49
"V",8,1,3,11,43,42
"V",8,1,3,12,23,23
"V",8,1,3,13,16,16
"V",8,1,3,14,6,6
"V",8,1,3,15,6,6
"V",8,1,3,16,1,1
"V",8,1,3,17,3,3
"V",8,1,3,19,2,2
"V",8,1,3,2,1234,1094
"V",8,1,3,20,1,1
"V",8,1,3,3,887,844
"V",8,1,3,4,693,676
"V",8,1,3,5,484,477
"V",8,1,3,6,312,311
"V",8,1,3,7,215,214
"V",8,1,3,8,140,140
"V",8,1,3,9,83,83
"V",8,1,4,-1,782,250
"V",8,1,4,-10,44,0
"V",8,1,4,-11,45,0
"V",8,1,4,-12,16,0
"V",8,1,4,-13,14,0
"V",8,1,4,-14,4,0
"V",8,1,4,-15,4,0
"V",8,1,4,-16,6,0
"V",8,1,4,-17,3,0
"V",8,1,4,-18,1,0
"V",8,1,4,-19,3,0
"V",8,1,4,-2,755,131
"V",8,1,4,-3,657,66
"V",8,1,4,-4,501,21
"V",8,1,4,-5,368,5
"V",8,1,4,-6,264,4
"V",8,1,4,-7,185,1
"V",8,1,4,-8,128,1
"V",8,1,4,-9,90,0
"V",8,1,4,0,892,501
"V",8,1,4,1,903,698
"V",8,1,4,10,49,49
"V",8,1,4,11,33,33
"V",8,1,4,12,19,19
"V",8,1,4,13,13,13
"V",8,1,4,14,16,16
"V",8,1,4,15,5,5
"V",8,1,4,16,3,3
"V",8,1,4,17,1,1
"V",8,1,4,18,2,2
"V",8,1,4,19,2,2
"V",8,1,4,2,793,700
"V",8,1,4,20,1,1
"V",8,1,4,21,1,1
"V",8,1,4,3,575,541
"V",8,1,4,4,440,430
"V",8,1,4,5,309,307
"V",8,1,4,6,215,215
"V",8,1,4,7,169,168
"V",8,1,4,8,103,103
"V",8,1,4,9,82,82
"V",8,1,5,-1,335,119
"V",8,1,5,-10,11,0
"V",8,1,5,-11,9,0
"V",8,1,5,-12,6,0
"V",8,1,5,-13,4,0
"V",8,1,5,-14,2,0
"V",8,1,5,-15,3,0
"V",8,1,5,-2,215,39
"V",8,1,5,-3,160,7
"V",8,1,5,-4,117,1
"V",8,1,5,-5,97,0
"V",8,1,5,-6,57,1
"V",8,1,5,-7,42,0
"V",8,1,5,-8,23,0
"V",8,1,5,-9,19,0
"V",8,1,5,0,463,299
"V",8,1,5,1,446,351
"V",8,1,5,10,22,22
"V",8,1,5,11,12,12
"V",8,1,5,12,10,10
"V",8,1,5,13,16,16
"V",8,1,5,14,2,2
"V",8,1,5,15,2,2
"V",8,1,5,2,410,368
"V",8,1,5,20,1,1
"V",8,1,5,3,338,319
"V",8,1,5,4,233,227
"V",8,1,5,5,176,172
"V",8,1,5,6,110,108
"V",8,1,5,7,83,83
"V",8,1,5,8,62,62
"V",8,1,5,9,33,33
"V",8,1,6,-1,414,158
"V",8,1,6,-10,22,0
"V",8,1,6,-11,14,0
"V",8,1,6,-12,8,0
"V",8,1,6,-13,2,0
"V",8,1,6,-14,2,0
"V",8,1,6,-16,1,0
"V",8,1,6,-17,1,0
"V",8,1,6,-18,1,0
"V",8,1,6,-2,311,68
"V",8,1,6,-3,238,19
"V",8,1,6,-4,204,10
"V",8,1,6,-5,152,4
"V",8,1,6,-6,79,0
"V",8,1,6,-7,56,0
"V",8,1,6,-8,43,1
"V",8,1,6,-9,27,0
"V",8,1,6,0,493,317
"V",8,1,6,1,456,379
"V",8,1,6,10,23,23
"V",8,1,6,11,17,17
"V",8,1,6,12,15,15
"V",8,1,6,13,4,4
"V",8,1,6,14,4,4
"V",8,1,6,15,1,1
"V",8,1,6,16,1,1
"V",8,1,6,17,3,3
"V",8,1,6,18,3,3
"V",8,1,6,2,369,339
"V",8,1,6,20,2,2
"V",8,1,6,22,2,2
"V",8,1,6,3,311,293
"V",8,1,6,4,219,213
"V",8,1,6,5,173,168
"V",8,1,6,6,144,144
"V",8,1,6,7,92,91
"V",8,1,6,8,55,55
"V",8,1,6,9,33,33
"V",8,1,7,-1,349,161
"V",8,1,7,-10,11,0
"V",8,1,7,-11,12,0
"V",8,1,7,-12,8,0
"V",8,1,7,-13,1,0
"V",8,1,7,-14,5,0
"V",8,1,7,-15,2,0
"V",8,1,7,-2,249,59
"V",8,1,7,-3,153,21
"V",8,1,7,-4,138,11
"V",8,1,7,-5,97,6
"V",8,1,7,-6,62,2
"V",8,1,7,-7,47,0
"V",8,1,7,-8,29,0
"V",8,1,7,-9,24,0
"V",8,1,7,0,324,213
"V",8,1,7,1,337,278
"V",8,1,7,10,17,17
"V",8,1,7,11,15,15
"V",8,1,7,12,11,11
"V",8,1,7,13,6,6
"V",8,1,7,14,1,1
"V",8,1,7,15,4,4
"V",8,1,7,16,1,1
"V",8,1,7,17,1,1
"V",8,1,7,2,335,300
"V",8,1,7,21,1,1
"V",8,1,7,3,243,236
"V",8,1,7,4,193,192
"V",8,1,7,5,137,136
"V",8,1,7,6,109,109
"V",8,1,7,7,74,74
"V",8,1,7,8,38,38
"V",8,1,7,9,21,21
"V",8,1,8,-1,300,138
"V",8,1,8,-10,7,0
"V",8,1,8,-11,11,0
"V",8,1,8,-12,5,0
"V",8,1,8,-13,7,0
"V",8,1,8,-14,1,0
"V",8,1,8,-15,2,0
"V",8,1,8,-16,1,0
"V",8,1,8,-17,2,0
"V",8,1,8,-18,1,0
"V",8,1,8,-2,182,49
"V",8,1,8,-3,152,32
"V",8,1,8,-4,122,15
"V",8,1,8,-5,91,5
"V",8,1,8,-6,76,0
"V",8,1,8,-7,49,0
"V",8,1,8,-8,29,1
"V",8,1,8,-9,18,0
"V",8,1,8,0,413,285
"V",8,1,8,1,349,289
"V",8,1,8,10,17,17
"V",8,1,8,11,10,10
"V",8,1,8,12,6,6
"V",8,1,8,13,3,3
"V",8,1,8,14,4,4
"V",8,1,8,15,4,4
"V",8,1,8,18,1,1
"V",8,1,8,2,317,287
"V",8,1,8,20,1,1
"V",8,1,8,3,236,225
"V",8,1,8,4,186,184
"V",8,1,8,5,119,119
"V",8,1,8,6,87,87
"V",8,1,8,7,57,56
"V",8,1,8,8,31,31
"V",8,1,8,9,26,26
"V",8,2,1,-1,4615,607
"V",8,2,1,-10,198,0
"V",8,2,1,-11,106,0
"V",8,2,1,-12,78,0
"V",8,2,1,-13,47,0
"V",8,2,1,-14,33,0
"V",8,2,1,-15,19,0
"V",8,2,1,-16,11,0
"V",8,2,1,-17,1,0
"V",8,2,1,-18,6,0
"V",8,2,1,-19,2,0
"V",8,2,1,-2,3725,220
"V",8,2,1,-20,1,0
"V",8,2,1,-21,1,0
"V",8,2,1,-23,1,0
"V",8,2,1,-3,2983,79
"V",8,2,1,-4,2341,27
"V",8,2,1,-5,1591,10
"V",8,2,1,-6,1062,4
"V",8,2,1,-7,789,0
"V",8,2,1,-8,517,0
"V",8,2,1,-9,324,0
"V",8,2,1,0,4779,1879
"V",8,2,1,1,4392,3125
"V",8,2,1,10,146,146
"V",8,2,1,11,122,122
"V",8,2,1,12,72,72
"V",8,2,1,13,52,52
"V",8,2,1,14,37,37
"V",8,2,1,15,21,21
"V",8,2,1,16,9,9
"V",8,2,1,17,4,4
"V",8,2,1,18,1,1
"V",8,2,1,19,3,3
"V",8,2,1,2,3467,2928
"V",8,2,1,21,2,2
"V",8,2,1,23,1,1
"V",8,2,1,24,1,1
"V",8,2,1,25,1,1
"V",8,2,1,3,2811,2577
"V",8,2,1,4,2094,2022
"V",8,2,1,5,1442,1411
"V",8,2,1,6,1069,1062
"V",8,2,1,7,695,689
"V",8,2,1,8,406,405
"V",8,2,1,9,264,264
"V",8,2,2,-1,2707,437
"V",8,2,2,-10,151,0
"V",8,2,2,-11,73,0
"V",8,2,2,-12,62,0
"V",8,2,2,-13,29,0
"V",8,2,2,-14,18,0
"V",8,2,2,-15,21,0
"V",8,2,2,-16,9,0
"V",8,2,2,-17,3,0
"V",8,2,2,-19,3,0
"V",8,2,2,-2,2312,170
"V",8,2,2,-20,1,0
"V",8,2,2,-23,1,0
"V",8,2,2,-3,1821,54
"V",8,2,2,-4,1468,25
"V",8,2,2,-5,996,7
"V",8,2,2,-6,655,5
"V",8,2,2,-7,480,0
"V",8,2,2,-8,330,0
"V",8,2,2,-9,219,0
"V",8,2,2,0,2632,1068
"V",8,2,2,1,2414,1770
"V",8,2,2,10,134,134
"V",8,2,2,11,93,93
"V",8,2,2,12,53,53
"V",8,2,2,13,39,39
"V",8,2,2,14,27,27
"V",8,2,2,15,14,14
"V",8,2,2,16,5,5
"V",8,2,2,17,5,5
"V",8,2,2,18,1,1
"V",8,2,2,19,4,4
"V",8,2,2,2,2012,1699
"V",8,2,2,20,1,1
"V",8,2,2,21,2,2
"V",8,2,2,23,1,1
"V",8,2,2,3,1654,1525
"V",8,2,2,4,1323,1272
"V",8,2,2,5,919,895
"V",8,2,2,6,717,711
"V",8,2,2,7,503,501
"V",8,2,2,8,310,310
"V",8,2,2,9,203,203
"V",8,2,3,-1,1260,285
"V",8,2,3,-10,43,0
"V",8,2,3,-11,33,0
"V",8,2,3,-12,22,0
"V",8,2,3,-13,13,0
"V",8,2,3,-14,7,0
"V",8,2,3,-15,1,0
"V",8,2,3,-16,4,0
"V",8,2,3,-18,1,0
"V",8,2,3,-2,815,71
"V",8,2,3,-3,628,30
"V",8,2,3,-4,460,11
"V",8,2,3,-5,379,3
"V",8,2,3,-6,227,1
"V",8,2,3,-7,172,0
"V",8,2,3,-8,107,0
"V",8,2,3,-9,71,0
"V",8,2,3,0,1548,696
"V",8,2,3,1,1481,1109
"V",8,2,3,10,75,75
"V",8,2,3,11,53,52
"V",8,2,3,12,42,42
"V",8,2,3,13,18,18
"V",8,2,3,14,12,12
"V",8,2,3,15,9,9
"V",8,2,3,16,4,4
"V",8,2,3,17,3,3
"V",8,2,3,19,4,4
"V",8,2,3,2,1271,1098
"V",8,2,3,20,1,1
"V",8,2,3,23,1,1
"V",8,2,3,3,1051,983
"V",8,2,3,4,855,834
"V",8,2,3,5,617,606
"V",8,2,3,6,417,413
"V",8,2,3,7,315,314
"V",8,2,3,8,231,231
"V",8,2,3,9,133,133
"V",8,2,4,-1,1017,224
"V",8,2,4,-10,63,0
"V",8,2,4,-11,46,0
"V",8,2,4,-12,22,0
"V",8,2,4,-13,10,0
"V",8,2,4,-14,7,0
"V",8,2,4,-15,7,0
"V",8,2,4,-16,3,0
"V",8,2,4,-17,1,0
"V",8,2,4,-19,2,0
"V",8,2,4,-2,968,105
"V",8,2,4,-23,1,0
"V",8,2,4,-3,795,41
"V",8,2,4,-4,570,17
"V",8,2,4,-5,405,4
"V",8,2,4,-6,293,3
"V",8,2,4,-7,188,0
"V",8,2,4,-8,161,0
"V",8,2,4,-9,105,0
"V",8,2,4,0,1281,579
"V",8,2,4,1,1171,873
"V",8,2,4,10,59,59
"V",8,2,4,11,51,51
"V",8,2,4,12,30,30
"V",8,2,4,13,15,15
"V",8,2,4,14,9,9
"V",8,2,4,15,6,6
"V",8,2,4,16,4,4
"V",8,2,4,17,2,2
"V",8,2,4,2,1038,884
"V",8,2,4,20,1,1
"V",8,2,4,23,1,1
"V",8,2,4,3,802,734
"V",8,2,4,4,643,621
"V",8,2,4,5,460,452
"V",8,2,4,6,299,298
"V",8,2,4,7,256,256
"V",8,2,4,8,166,166
"V",8,2,4,9,88,88
"V",8,2,5,-1,498,93
"V",8,2,5,-10,15,0
"V",8,2,5,-11,17,0
"V",8,2,5,-12,11,0
"V",8,2,5,-13,5,0
"V",8,2,5,-14,5,0
"V",8,2,5,-15,2,0
"V",8,2,5,-16,3,0
"V",8,2,5,-2,303,31
"V",8,2,5,-3,246,6
"V",8,2,5,-4,197,4
"V",8,2,5,-5,139,0
"V",8,2,5,-6,100,0
"V",8,2,5,-7,70,0
"V",8,2,5,-8,44,0
"V",8,2,5,-9,23,0
"V",8,2,5,0,580,284
"V",8,2,5,1,541,407
"V",8,2,5,10,33,33
"V",8,2,5,11,28,28
"V",8,2,5,12,16,16
"V",8,2,5,13,14,14
"V",8,2,5,14,6,6
"V",8,2,5,15,6,6
"V",8,2,5,16,3,3
"V",8,2,5,2,540,463
"V",8,2,5,3,446,412
"V",8,2,5,4,341,330
"V",8,2,5,5,261,259
"V",8,2,5,6,190,190
"V",8,2,5,7,136,136
"V",8,2,5,8,85,84
"V",8,2,5,9,54,54
"V",8,2,6,-1,516,118
"V",8,2,6,-10,30,0
"V",8,2,6,-11,14,0
"V",8,2,6,-12,7,0
"V",8,2,6,-13,1,0
"V",8,2,6,-15,1,0
"V",8,2,6,-16,5,0
"V",8,2,6,-2,372,44
"V",8,2,6,-3,326,13
"V",8,2,6,-4,209,4
"V",8,2,6,-5,164,1
"V",8,2,6,-6,105,0
"V",8,2,6,-7,72,0
"V",8,2,6,-8,46,0
"V",8,2,6,-9,26,0
"V",8,2,6,0,598,294
"V",8,2,6,1,552,414
"V",8,2,6,10,25,25
"V",8,2,6,11,22,22
"V",8,2,6,12,14,14
"V",8,2,6,13,11,11
"V",8,2,6,14,7,7
"V",8,2,6,15,3,3
"V",8,2,6,16,6,6
"V",8,2,6,17,2,2
"V",8,2,6,19,1,1
"V",8,2,6,2,483,424
"V",8,2,6,22,1,1
"V",8,2,6,3,413,383
"V",8,2,6,4,297,290
"V",8,2,6,5,214,205
"V",8,2,6,6,168,167
"V",8,2,6,7,119,119
"V",8,2,6,8,84,84
"V",8,2,6,9,52,52
"V",8,2,7,-1,308,86
"V",8,2,7,-10,14,0
"V",8,2,7,-11,6,0
"V",8,2,7,-12,3,0
"V",8,2,7,-14,6,0
"V",8,2,7,-15,1,0
"V",8,2,7,-16,4,0
"V",8,2,7,-17,1,0
"V",8,2,7,-2,264,29
"V",8,2,7,-3,179,14
"V",8,2,7,-4,135,6
"V",8,2,7,-5,113,0
"V",8,2,7,-6,67,1
"V",8,2,7,-7,53,0
"V",8,2,7,-8,28,0
"V",8,2,7,-9,24,0
"V",8,2,7,0,333,171
"V",8,2,7,1,400,301
"V",8,2,7,10,21,21
"V",8,2,7,11,9,9
"V",8,2,7,12,11,11
"V",8,2,7,13,10,10
"V",8,2,7,14,3,3
"V",8,2,7,15,1,1
"V",8,2,7,17,1,1
"V",8,2,7,18,1,1
"V",8,2,7,19,2,2
"V",8,2,7,2,315,279
"V",8,2,7,3,271,255
"V",8,2,7,4,190,187
"V",8,2,7,5,161,157
"V",8,2,7,6,130,129
"V",8,2,7,7,87,87
"V",8,2,7,8,56,56
"V",8,2,7,9,42,42
"V",8,2,8,-1,372,102
"V",8,2,8,-10,10,0
"V",8,2,8,-11,11,0
"V",8,2,8,-12,6,0
"V",8,2,8,-13,1,0
"V",8,2,8,-14,1,0
"V",8,2,8,-16,1,0
"V",8,2,8,-17,1,0
"V",8,2,8,-18,1,0
"V",8,2,8,-19,2,0
"V",8,2,8,-2,259,46
"V",8,2,8,-3,186,13
"V",8,2,8,-4,132,5
"V",8,2,8,-5,107,1
"V",8,2,8,-6,76,0
"V",8,2,8,-7,54,0
"V",8,2,8,-8,28,0
"V",8,2,8,-9,24,0
"V",8,2,8,0,447,231
"V",8,2,8,1,445,343
"V",8,2,8,10,17,17
"V",8,2,8,11,10,10
"V",8,2,8,12,7,7
"V",8,2,8,13,12,12
"V",8,2,8,14,3,3
"V",8,2,8,15,2,2
"V",8,2,8,16,2,2
"V",8,2,8,17,1,1
"V",8,2,8,2,393,340
"V",8,2,8,3,303,283
"V",8,2,8,4,212,205
"V",8,2,8,5,148,144
"V",8,2,8,6,93,91
"V",8,2,8,7,78,78
"V",8,2,8,8,66,66
"V",8,2,8,9,29,29
"V",9,0,1,-1,7892,1095
"V",9,0,1,-10,586,0
"V",9,0,1,-11,338,0
"V",9,0,1,-12,253,0
"V",9,0,1,-13,151,0
"V",9,0,1,-14,88,0
"V",9,0,1,-15,50,0
"V",9,0,1,-16,41,0
"V",9,0,1,-17,17,0
"V",9,0,1,-18,17,0
"V",9,0,1,-19,9,0
"V",9,0,1,-2,6899,395
"V",9,0,1,-20,5,0
"V",9,0,1,-21,4,0
"V",9,0,1,-22,1,0
"V",9,0,1,-25,1,0
"V",9,0,1,-26,1,0
"V",9,0,1,-3,5754,145
"V",9,0,1,-4,4621,46
"V",9,0,1,-5,3415,14
"V",9,0,1,-6,2386,9
"V",9,0,1,-7,1700,1
"V",9,0,1,-8,1198,1
"V",9,0,1,-9,848,0
"V",9,0,1,0,7943,3754
"V",9,0,1,1,7563,6420
"V",9,0,1,10,333,333
"V",9,0,1,11,229,229
"V",9,0,1,12,156,156
"V",9,0,1,13,99,99
"V",9,0,1,14,67,67
"V",9,0,1,15,36,36
"V",9,0,1,16,22,22
"V",9,0,1,17,14,14
"V",9,0,1,18,5,5
"V",9,0,1,19,6,6
"V",9,0,1,2,6194,5750
"V",9,0,1,20,1,1
"V",9,0,1,21,2,2
"V",9,0,1,23,3,3
"V",9,0,1,25,1,1
"V",9,0,1,3,4898,4743
"V",9,0,1,4,3727,3679
"V",9,0,1,5,2636,2619
"V",9,0,1,6,1951,1947
"V",9,0,1,7,1323,1323
"V",9,0,1,8,820,820
"V",9,0,1,9,554,554
"V",9,0,2,-1,2075,533
"V",9,0,2,-10,164,0
"V",9,0,2,-11,93,0
"V",9,0,2,-12,68,0
"V",9,0,2,-13,48,0
"V",9,0,2,-14,20,0
"V",9,0,2,-15,12,0
"V",9,0,2,-16,12,0
"V",9,0,2,-17,3,0
"V",9,0,2,-18,4,0
"V",9,0,2,-19,2,0
"V",9,0,2,-2,1832,215
"V",9,0,2,-20,3,0
"V",9,0,2,-21,1,0
"V",9,0,2,-26,1,0
"V",9,0,2,-3,1448,80
"V",9,0,2,-4,1208,28
"V",9,0,2,-5,946,11
"V",9,0,2,-6,663,7
"V",9,0,2,-7,456,1
"V",9,0,2,-8,333,1
"V",9,0,2,-9,245,0
"V",9,0,2,0,2177,1241
"V",9,0,2,1,2052,1779
"V",9,0,2,10,108,108
"V",9,0,2,11,70,70
"V",9,0,2,12,48,48
"V",9,0,2,13,29,29
"V",9,0,2,14,15,15
"V",9,0,2,15,13,13
"V",9,0,2,16,9,9
"V",9,0,2,17,3,3
"V",9,0,2,18,1,1
"V",9,0,2,19,4,4
"V",9,0,2,2,1650,1554
"V",9,0,2,21,1,1
"V",9,0,2,3,1346,1305
"V",9,0,2,4,1031,1022
"V",9,0,2,5,789,782
"V",9,0,2,6,563,563
"V",9,0,2,7,374,374
"V",9,0,2,8,235,235
"V",9,0,2,9,161,161
"V",9,0,3,-1,400,127
"V",9,0,3,-10,40,0
"V",9,0,3,-11,26,0
"V",9,0,3,-12,12,0
"V",9,0,3,-13,9,0
"V",9,0,3,-14,11,0
"V",9,0,3,-15,7,0
"V",9,0,3,-16,3,0
"V",9,0,3,-17,1,0
"V",9,0,3,-18,1,0
"V",9,0,3,-19,1,0
"V",9,0,3,-2,352,49
"V",9,0,3,-21,1,0
"V",9,0,3,-3,311,23
"V",9,0,3,-4,241,5
"V",9,0,3,-5,188,1
"V",9,0,3,-6,144,1
"V",9,0,3,-7,106,0
"V",9,0,3,-8,79,0
"V",9,0,3,-9,46,0
"V",9,0,3,0,439,282
"V",9,0,3,1,467,409
"V",9,0,3,10,24,24
"V",9,0,3,11,19,19
"V",9,0,3,12,13,13
"V",9,0,3,13,18,18
"V",9,0,3,14,8,8
"V",9,0,3,15,3,3
"V",9,0,3,16,2,2
"V",9,0,3,17,2,2
"V",9,0,3,18,2,2
"V",9,0,3,19,1,1
"V",9,0,3,2,387,371
"V",9,0,3,3,328,320
"V",9,0,3,4,252,251
"V",9,0,3,5,179,178
"V",9,0,3,6,136,136
"V",9,0,3,7,112,112
"V",9,0,3,8,68,68
"V",9,0,3,9,54,54
"V",9,0,4,-1,414,178
"V",9,0,4,-10,46,0
"V",9,0,4,-11,28,0
"V",9,0,4,-12,19,0
"V",9,0,4,-13,13,0
"V",9,0,4,-14,6,0
"V",9,0,4,-15,5,0
"V",9,0,4,-16,3,0
"V",9,0,4,-17,2,0
"V",9,0,4,-2,459,106
"V",9,0,4,-20,1,0
"V",9,0,4,-3,374,51
"V",9,0,4,-4,321,21
"V",9,0,4,-5,247,12
"V",9,0,4,-6,161,6
"V",9,0,4,-7,117,1
"V",9,0,4,-8,79,1
"V",9,0,4,-9,59,0
"V",9,0,4,0,357,247
"V",9,0,4,1,350,318
"V",9,0,4,10,30,30
"V",9,0,4,11,21,21
"V",9,0,4,12,11,11
"V",9,0,4,13,10,10
"V",9,0,4,14,2,2
"V",9,0,4,15,2,2
"V",9,0,4,16,1,1
"V",9,0,4,17,1,1
"V",9,0,4,2,312,301
"V",9,0,4,3,255,248
"V",9,0,4,4,224,223
"V",9,0,4,5,181,179
"V",9,0,4,6,131,131
"V",9,0,4,7,102,102
"V",9,0,4,8,67,67
"V",9,0,4,9,47,47
"V",9,0,5,-1,96,39
"V",9,0,5,-10,6,0
"V",9,0,5,-11,13,0
"V",9,0,5,-12,1,0
"V",9,0,5,-13,2,0
"V",9,0,5,-14,7,0
"V",9,0,5,-16,3,0
"V",9,0,5,-2,75,7
"V",9,0,5,-22,1,0
"V",9,0,5,-3,78,3
"V",9,0,5,-4,65,0
"V",9,0,5,-5,50,1
"V",9,0,5,-6,42,0
"V",9,0,5,-7,29,0
"V",9,0,5,-8,27,0
"V",9,0,5,-9,11,0
"V",9,0,5,0,131,101
"V",9,0,5,1,131,120
"V",9,0,5,10,8,8
"V",9,0,5,11,7,7
"V",9,0,5,12,2,2
"V",9,0,5,13,2,2
"V",9,0,5,14,4,4
"V",9,0,5,15,3,3
"V",9,0,5,17,1,1
"V",9,0,5,2,111,107
"V",9,0,5,3,78,77
"V",9,0,5,4,81,80
"V",9,0,5,5,60,60
"V",9,0,5,6,54,53
"V",9,0,5,7,37,37
"V",9,0,5,8,16,16
"V",9,0,5,9,15,15
"V",9,0,6,-1,200,99
"V",9,0,6,-10,13,0
"V",9,0,6,-11,10,0
"V",9,0,6,-12,4,0
"V",9,0,6,-13,3,0
"V",9,0,6,-14,4,0
"V",9,0,6,-15,3,0
"V",9,0,6,-16,2,0
"V",9,0,6,-19,1,0
"V",9,0,6,-2,164,32
"V",9,0,6,-3,101,10
"V",9,0,6,-4,86,8
"V",9,0,6,-5,79,2
"V",9,0,6,-6,52,0
"V",9,0,6,-7,42,0
"V",9,0,6,-8,31,0
"V",9,0,6,-9,21,0
"V",9,0,6,0,161,130
"V",9,0,6,1,167,149
"V",9,0,6,10,14,14
"V",9,0,6,11,3,3
"V",9,0,6,12,6,6
"V",9,0,6,13,5,5
"V",9,0,6,15,5,5
"V",9,0,6,16,1,1
"V",9,0,6,2,147,146
"V",9,0,6,3,122,121
"V",9,0,6,4,99,99
"V",9,0,6,5,82,82
"V",9,0,6,6,57,57
"V",9,0,6,7,50,50
"V",9,0,6,8,24,24
"V",9,0,6,9,15,15
"V",9,0,7,-1,98,56
"V",9,0,7,-10,11,0
"V",9,0,7,-11,5,0
"V",9,0,7,-12,3,0
"V",9,0,7,-13,1,0
"V",9,0,7,-15,2,0
"V",9,0,7,-2,94,23
"V",9,0,7,-26,1,0
"V",9,0,7,-3,79,10
"V",9,0,7,-4,51,2
"V",9,0,7,-5,43,1
"V",9,0,7,-6,37,1
"V",9,0,7,-7,27,0
"V",9,0,7,-8,17,0
"V",9,0,7,-9,14,0
"V",9,0,7,0,72,56
"V",9,0,7,1,79,71
"V",9,0,7,10,8,8
"V",9,0,7,11,3,3
"V",9,0,7,12,5,5
"V",9,0,7,14,3,3
"V",9,0,7,15,3,3
"V",9,0,7,16,1,1
"V",9,0,7,17,1,1
"V",9,0,7,2,74,70
"V",9,0,7,3,71,70
"V",9,0,7,4,55,55
"V",9,0,7,5,46,46
"V",9,0,7,6,44,44
"V",9,0,7,7,29,29
"V",9,0,7,8,20,20
"V",9,0,7,9,16,16
"V",9,0,8,-1,106,65
"V",9,0,8,-10,14,0
"V",9,0,8,-11,9,0
"V",9,0,8,-12,7,0
"V",9,0,8,-13,5,0
"V",9,0,8,-14,1,0
"V",9,0,8,-15,1,0
"V",9,0,8,-16,1,0
"V",9,0,8,-2,89,28
"V",9,0,8,-3,80,20
"V",9,0,8,-4,65,8
"V",9,0,8,-5,54,4
"V",9,0,8,-6,28,3
"V",9,0,8,-7,26,2
"V",9,0,8,-8,14,1
"V",9,0,8,-9,17,0
"V",9,0,8,0,128,107
"V",9,0,8,1,98,92
"V",9,0,8,10,8,8
"V",9,0,8,11,5,5
"V",9,0,8,12,3,3
"V",9,0,8,13,5,5
"V",9,0,8,14,1,1
"V",9,0,8,15,3,3
"V",9,0,8,16,1,1
"V",9,0,8,17,1,1
"V",9,0,8,2,78,75
"V",9,0,8,3,77,77
"V",9,0,8,4,72,72
"V",9,0,8,5,35,35
"V",9,0,8,6,34,34
"V",9,0,8,7,26,26
"V",9,0,8,8,15,15
"V",9,0,8,9,11,11
"V",9,1,1,-1,5550,397
"V",9,1,1,-10,399,0
"V",9,1,1,-11,225,0
"V",9,1,1,-12,174,0
"V",9,1,1,-13,96,0
"V",9,1,1,-14,55,0
"V",9,1,1,-15,31,0
"V",9,1,1,-16,27,0
"V",9,1,1,-17,13,0
"V",9,1,1,-18,13,0
"V",9,1,1,-19,5,0
"V",9,1,1,-2,4807,120
"V",9,1,1,-20,2,0
"V",9,1,1,-21,2,0
"V",9,1,1,-25,1,0
"V",9,1,1,-3,4042,33
"V",9,1,1,-4,3234,13
"V",9,1,1,-5,2312,1
"V",9,1,1,-6,1584,2
"V",9,1,1,-7,1157,0
"V",9,1,1,-8,793,0
"V",9,1,1,-9,558,0
"V",9,1,1,0,5470,2260
"V",9,1,1,1,5272,4399
"V",9,1,1,10,236,236
"V",9,1,1,11,159,159
"V",9,1,1,12,116,116
"V",9,1,1,13,66,66
"V",9,1,1,14,51,51
"V",9,1,1,15,30,30
"V",9,1,1,16,16,16
"V",9,1,1,17,12,12
"V",9,1,1,18,6,6
"V",9,1,1,19,3,3
"V",9,1,1,2,4424,4075
"V",9,1,1,20,1,1
"V",9,1,1,21,1,1
"V",9,1,1,23,3,3
"V",9,1,1,25,1,1
"V",9,1,1,3,3496,3381
"V",9,1,1,4,2650,2610
"V",9,1,1,5,1870,1858
"V",9,1,1,6,1370,1366
"V",9,1,1,7,949,948
"V",9,1,1,8,604,604
"V",9,1,1,9,395,395
"V",9,1,2,-1,2393,352
"V",9,1,2,-10,179,0
"V",9,1,2,-11,104,0
"V",9,1,2,-12,89,0
"V",9,1,2,-13,42,0
"V",9,1,2,-14,20,0
"V",9,1,2,-15,14,0
"V",9,1,2,-16,17,0
"V",9,1,2,-17,5,0
"V",9,1,2,-18,5,0
"V",9,1,2,-19,3,0
"V",9,1,2,-2,2235,147
"V",9,1,2,-20,3,0
"V",9,1,2,-21,1,0
"V",9,1,2,-25,1,0
"V",9,1,2,-3,1877,44
"V",9,1,2,-4,1504,18
"V",9,1,2,-5,1115,2
"V",9,1,2,-6,750,0
"V",9,1,2,-7,558,0
"V",9,1,2,-8,395,0
"V",9,1,2,-9,278,0
"V",9,1,2,0,2268,1115
"V",9,1,2,1,2213,1849
"V",9,1,2,10,141,141
"V",9,1,2,11,90,90
"V",9,1,2,12,67,67
"V",9,1,2,13,39,39
"V",9,1,2,14,26,26
"V",9,1,2,15,20,20
"V",9,1,2,16,9,9
"V",9,1,2,17,6,6
"V",9,1,2,18,4,4
"V",9,1,2,19,5,5
"V",9,1,2,2,1843,1720
"V",9,1,2,20,1,1
"V",9,1,2,21,1,1
"V",9,1,2,25,1,1
"V",9,1,2,3,1587,1527
"V",9,1,2,4,1219,1211
"V",9,1,2,5,922,911
"V",9,1,2,6,686,685
"V",9,1,2,7,462,461
"V",9,1,2,8,345,345
"V",9,1,2,9,210,210
"V",9,1,3,-1,872,178
"V",9,1,3,-10,58,0
"V",9,1,3,-11,39,0
"V",9,1,3,-12,24,0
"V",9,1,3,-13,16,0
"V",9,1,3,-14,12,0
"V",9,1,3,-15,7,0
"V",9,1,3,-16,3,0
"V",9,1,3,-17,2,0
"V",9,1,3,-18,5,0
"V",9,1,3,-19,1,0
"V",9,1,3,-2,573,49
"V",9,1,3,-21,1,0
"V",9,1,3,-3,525,12
"V",9,1,3,-4,441,4
"V",9,1,3,-5,338,1
"V",9,1,3,-6,224,1
"V",9,1,3,-7,173,0
"V",9,1,3,-8,133,0
"V",9,1,3,-9,74,0
"V",9,1,3,0,1423,818
"V",9,1,3,1,1366,1201
"V",9,1,3,10,49,49
"V",9,1,3,11,35,35
"V",9,1,3,12,31,31
"V",9,1,3,13,23,23
"V",9,1,3,14,15,15
"V",9,1,3,15,5,5
"V",9,1,3,16,6,6
"V",9,1,3,17,3,3
"V",9,1,3,18,2,2
"V",9,1,3,19,2,2
"V",9,1,3,2,1095,1029
"V",9,1,3,3,904,881
"V",9,1,3,4,662,653
"V",9,1,3,5,480,472
"V",9,1,3,6,345,345
"V",9,1,3,7,236,236
"V",9,1,3,8,140,140
"V",9,1,3,9,91,91
"V",9,1,4,-1,714,196
"V",9,1,4,-10,64,0
"V",9,1,4,-11,43,0
"V",9,1,4,-12,28,0
"V",9,1,4,-13,15,0
"V",9,1,4,-14,12,0
"V",9,1,4,-15,8,0
"V",9,1,4,-16,4,0
"V",9,1,4,-17,5,0
"V",9,1,4,-18,1,0
"V",9,1,4,-19,1,0
"V",9,1,4,-2,756,114
"V",9,1,4,-24,1,0
"V",9,1,4,-25,1,0
"V",9,1,4,-3,654,44
"V",9,1,4,-4,530,21
"V",9,1,4,-5,372,4
"V",9,1,4,-6,280,0
"V",9,1,4,-7,214,0
"V",9,1,4,-8,157,0
"V",9,1,4,-9,102,0
"V",9,1,4,0,922,545
"V",9,1,4,1,855,746
"V",9,1,4,10,62,62
"V",9,1,4,11,38,38
"V",9,1,4,12,32,32
"V",9,1,4,13,16,16
"V",9,1,4,14,10,10
"V",9,1,4,15,7,7
"V",9,1,4,16,5,5
"V",9,1,4,17,3,3
"V",9,1,4,18,2,2
"V",9,1,4,2,667,625
"V",9,1,4,20,1,1
"V",9,1,4,3,544,527
"V",9,1,4,4,437,437
"V",9,1,4,5,344,339
"V",9,1,4,6,239,239
"V",9,1,4,7,191,191
"V",9,1,4,8,147,147
"V",9,1,4,9,85,85
"V",9,1,5,-1,293,73
"V",9,1,5,-10,20,0
"V",9,1,5,-11,17,0
"V",9,1,5,-12,4,0
"V",9,1,5,-13,12,0
"V",9,1,5,-14,3,0
"V",9,1,5,-15,2,0
"V",9,1,5,-16,3,0
"V",9,1,5,-17,1,0
"V",9,1,5,-18,2,0
"V",9,1,5,-2,174,12
"V",9,1,5,-22,1,0
"V",9,1,5,-3,162,7
"V",9,1,5,-4,158,0
"V",9,1,5,-5,100,1
"V",9,1,5,-6,82,0
"V",9,1,5,-7,55,0
"V",9,1,5,-8,53,0
"V",9,1,5,-9,37,0
"V",9,1,5,0,375,238
"V",9,1,5,1,417,376
"V",9,1,5,10,21,21
"V",9,1,5,11,20,20
"V",9,1,5,12,15,15
"V",9,1,5,13,7,7
"V",9,1,5,14,2,2
"V",9,1,5,15,1,1
"V",9,1,5,17,2,2
"V",9,1,5,18,2,2
"V",9,1,5,19,1,1
"V",9,1,5,2,404,383
"V",9,1,5,3,296,291
"V",9,1,5,4,266,263
"V",9,1,5,5,188,188
"V",9,1,5,6,141,139
"V",9,1,5,7,100,100
"V",9,1,5,8,60,60
"V",9,1,5,9,43,43
"V",9,1,6,-1,371,139
"V",9,1,6,-10,18,0
"V",9,1,6,-11,19,0
"V",9,1,6,-12,8,0
"V",9,1,6,-13,3,0
"V",9,1,6,-14,7,0
"V",9,1,6,-15,3,0
"V",9,1,6,-18,1,0
"V",9,1,6,-2,290,42
"V",9,1,6,-22,1,0
"V",9,1,6,-3,240,20
"V",9,1,6,-4,196,5
"V",9,1,6,-5,157,0
"V",9,1,6,-6,99,0
"V",9,1,6,-7,75,0
"V",9,1,6,-8,57,0
"V",9,1,6,-9,35,0
"V",9,1,6,0,421,293
"V",9,1,6,1,438,395
"V",9,1,6,10,29,29
"V",9,1,6,11,18,18
"V",9,1,6,12,20,20
"V",9,1,6,13,8,8
"V",9,1,6,14,7,7
"V",9,1,6,15,5,5
"V",9,1,6,18,1,1
"V",9,1,6,2,342,330
"V",9,1,6,3,320,312
"V",9,1,6,4,247,246
"V",9,1,6,5,189,189
"V",9,1,6,6,150,150
"V",9,1,6,7,103,103
"V",9,1,6,8,52,52
"V",9,1,6,9,47,47
"V",9,1,7,-1,300,142
"V",9,1,7,-10,27,0
"V",9,1,7,-11,13,0
"V",9,1,7,-12,9,0
"V",9,1,7,-13,3,0
"V",9,1,7,-14,1,0
"V",9,1,7,-15,1,0
"V",9,1,7,-2,293,56
"V",9,1,7,-21,1,0
"V",9,1,7,-26,1,0
"V",9,1,7,-3,155,12
"V",9,1,7,-4,112,6
"V",9,1,7,-5,94,0
"V",9,1,7,-6,86,0
"V",9,1,7,-7,63,0
"V",9,1,7,-8,32,0
"V",9,1,7,-9,19,0
"V",9,1,7,0,314,218
"V",9,1,7,1,331,289
"V",9,1,7,10,26,26
"V",9,1,7,11,12,12
"V",9,1,7,12,10,10
"V",9,1,7,13,5,5
"V",9,1,7,14,3,3
"V",9,1,7,15,2,2
"V",9,1,7,17,2,2
"V",9,1,7,2,304,295
"V",9,1,7,21,1,1
"V",9,1,7,3,246,241
"V",9,1,7,4,189,188
"V",9,1,7,5,161,159
"V",9,1,7,6,116,116
"V",9,1,7,7,83,83
"V",9,1,7,8,52,52
"V",9,1,7,9,33,33
"V",9,1,8,-1,286,122
"V",9,1,8,-10,24,0
"V",9,1,8,-11,15,0
"V",9,1,8,-12,7,0
"V",9,1,8,-13,1,0
"V",9,1,8,-14,4,0
"V",9,1,8,-15,4,0
"V",9,1,8,-16,3,0
"V",9,1,8,-17,1,0
"V",9,1,8,-19,1,0
"V",9,1,8,-2,226,52
"V",9,1,8,-3,173,31
"V",9,1,8,-4,142,15
"V",9,1,8,-5,98,2
"V",9,1,8,-6,71,0
"V",9,1,8,-7,59,0
"V",9,1,8,-8,33,0
"V",9,1,8,-9,29,0
"V",9,1,8,0,384,274
"V",9,1,8,1,371,339
"V",9,1,8,10,19,19
"V",9,1,8,11,9,9
"V",9,1,8,12,10,10
"V",9,1,8,13,6,6
"V",9,1,8,14,4,4
"V",9,1,8,15,4,4
"V",9,1,8,16,1,1
"V",9,1,8,17,1,1
"V",9,1,8,2,271,260
"V",9,1,8,3,206,203
"V",9,1,8,4,173,172
"V",9,1,8,5,129,129
"V",9,1,8,6,85,85
"V",9,1,8,7,67,67
"V",9,1,8,8,43,43
"V",9,1,8,9,25,25
"V",9,2,1,-1,4185,107
"V",9,2,1,-10,304,0
"V",9,2,1,-11,153,0
"V",9,2,1,-12,119,0
"V",9,2,1,-13,82,0
"V",9,2,1,-14,44,0
"V",9,2,1,-15,26,0
"V",9,2,1,-16,15,0
"V",9,2,1,-17,9,0
"V",9,2,1,-18,9,0
"V",9,2,1,-19,4,0
"V",9,2,1,-2,3616,20
"V",9,2,1,-20,1,0
"V",9,2,1,-21,2,0
"V",9,2,1,-3,3005,5
"V",9,2,1,-4,2361,0
"V",9,2,1,-5,1685,0
"V",9,2,1,-6,1196,1
"V",9,2,1,-7,855,0
"V",9,2,1,-8,591,0
"V",9,2,1,-9,401,0
"V",9,2,1,0,4152,1504
"V",9,2,1,1,4067,3375
"V",9,2,1,10,206,206
"V",9,2,1,11,135,135
"V",9,2,1,12,90,90
"V",9,2,1,13,64,64
"V",9,2,1,14,48,48
"V",9,2,1,15,22,22
"V",9,2,1,16,13,13
"V",9,2,1,17,9,9
"V",9,2,1,18,4,4
"V",9,2,1,19,3,3
"V",9,2,1,2,3470,3161
"V",9,2,1,20,1,1
"V",9,2,1,21,1,1
"V",9,2,1,23,3,3
"V",9,2,1,3,2737,2645
"V",9,2,1,4,2122,2086
"V",9,2,1,5,1530,1520
"V",9,2,1,6,1111,1107
"V",9,2,1,7,794,794
"V",9,2,1,8,500,500
"V",9,2,1,9,340,340
"V",9,2,2,-1,2514,144
"V",9,2,2,-10,191,0
"V",9,2,2,-11,85,0
"V",9,2,2,-12,95,0
"V",9,2,2,-13,45,0
"V",9,2,2,-14,28,0
"V",9,2,2,-15,8,0
"V",9,2,2,-16,15,0
"V",9,2,2,-17,5,0
"V",9,2,2,-18,6,0
"V",9,2,2,-19,2,0
"V",9,2,2,-2,2215,58
"V",9,2,2,-20,3,0
"V",9,2,2,-3,1927,11
"V",9,2,2,-4,1488,1
"V",9,2,2,-5,1087,0
"V",9,2,2,-6,711,0
"V",9,2,2,-7,552,0
"V",9,2,2,-8,393,0
"V",9,2,2,-9,269,0
"V",9,2,2,0,2284,928
"V",9,2,2,1,2190,1824
"V",9,2,2,10,164,164
"V",9,2,2,11,110,110
"V",9,2,2,12,73,73
"V",9,2,2,13,54,54
"V",9,2,2,14,42,42
"V",9,2,2,15,21,21
"V",9,2,2,16,9,9
"V",9,2,2,17,8,8
"V",9,2,2,18,2,2
"V",9,2,2,19,5,5
"V",9,2,2,2,1913,1761
"V",9,2,2,23,2,2
"V",9,2,2,3,1627,1561
"V",9,2,2,4,1304,1286
"V",9,2,2,5,1017,1010
"V",9,2,2,6,743,742
"V",9,2,2,7,552,551
"V",9,2,2,8,389,389
"V",9,2,2,9,262,262
"V",9,2,3,-1,1028,92
"V",9,2,3,-10,90,0
"V",9,2,3,-11,41,0
"V",9,2,3,-12,24,0
"V",9,2,3,-13,19,0
"V",9,2,3,-14,10,0
"V",9,2,3,-15,6,0
"V",9,2,3,-16,4,0
"V",9,2,3,-17,1,0
"V",9,2,3,-18,3,0
"V",9,2,3,-19,2,0
"V",9,2,3,-2,810,17
"V",9,2,3,-20,2,0
"V",9,2,3,-21,2,0
"V",9,2,3,-25,1,0
"V",9,2,3,-3,740,6
"V",9,2,3,-4,631,0
"V",9,2,3,-5,473,1
"V",9,2,3,-6,331,1
"V",9,2,3,-7,247,0
"V",9,2,3,-8,158,0
"V",9,2,3,-9,119,0
"V",9,2,3,0,1286,593
"V",9,2,3,1,1428,1207
"V",9,2,3,10,69,69
"V",9,2,3,11,57,57
"V",9,2,3,12,41,41
"V",9,2,3,13,28,28
"V",9,2,3,14,21,21
"V",9,2,3,15,13,13
"V",9,2,3,16,11,11
"V",9,2,3,17,3,3
"V",9,2,3,18,3,3
"V",9,2,3,19,1,1
"V",9,2,3,2,1259,1177
"V",9,2,3,20,2,2
"V",9,2,3,3,1053,1011
"V",9,2,3,4,832,818
"V",9,2,3,5,635,625
"V",9,2,3,6,456,456
"V",9,2,3,7,321,321
"V",9,2,3,8,225,225
"V",9,2,3,9,142,142
"V",9,2,4,-1,986,129
"V",9,2,4,-10,87,0
"V",9,2,4,-11,47,0
"V",9,2,4,-12,32,0
"V",9,2,4,-13,21,0
"V",9,2,4,-14,13,0
"V",9,2,4,-15,4,0
"V",9,2,4,-16,6,0
"V",9,2,4,-17,2,0
"V",9,2,4,-19,1,0
"V",9,2,4,-2,909,59
"V",9,2,4,-3,785,14
"V",9,2,4,-4,588,6
"V",9,2,4,-5,413,0
"V",9,2,4,-6,329,1
"V",9,2,4,-7,226,0
"V",9,2,4,-8,164,0
"V",9,2,4,-9,129,0
"V",9,2,4,0,1215,555
"V",9,2,4,1,1150,955
"V",9,2,4,10,87,87
"V",9,2,4,11,63,63
"V",9,2,4,12,35,35
"V",9,2,4,13,22,22
"V",9,2,4,14,15,15
"V",9,2,4,15,11,11
"V",9,2,4,16,6,6
"V",9,2,4,17,5,5
"V",9,2,4,18,7,7
"V",9,2,4,19,1,1
"V",9,2,4,2,926,872
"V",9,2,4,22,1,1
"V",9,2,4,3,766,735
"V",9,2,4,4,692,685
"V",9,2,4,5,457,451
"V",9,2,4,6,334,334
"V",9,2,4,7,255,255
"V",9,2,4,8,207,207
"V",9,2,4,9,141,141
"V",9,2,5,-1,463,54
"V",9,2,5,-10,41,0
"V",9,2,5,-11,17,0
"V",9,2,5,-12,18,0
"V",9,2,5,-13,8,0
"V",9,2,5,-14,6,0
"V",9,2,5,-15,5,0
"V",9,2,5,-16,5,0
"V",9,2,5,-18,4,0
"V",9,2,5,-19,1,0
"V",9,2,5,-2,315,8
"V",9,2,5,-20,3,0
"V",9,2,5,-3,290,4
"V",9,2,5,-4,247,1
"V",9,2,5,-5,198,0
"V",9,2,5,-6,163,0
"V",9,2,5,-7,104,0
"V",9,2,5,-8,64,0
"V",9,2,5,-9,53,0
"V",9,2,5,0,493,226
"V",9,2,5,1,489,418
"V",9,2,5,10,37,37
"V",9,2,5,11,23,23
"V",9,2,5,12,14,14
"V",9,2,5,13,18,18
"V",9,2,5,14,3,3
"V",9,2,5,15,3,3
"V",9,2,5,16,3,3
"V",9,2,5,17,1,1
"V",9,2,5,18,3,3
"V",9,2,5,19,1,1
"V",9,2,5,2,464,416
"V",9,2,5,3,416,403
"V",9,2,5,4,339,335
"V",9,2,5,5,256,254
"V",9,2,5,6,204,203
"V",9,2,5,7,134,134
"V",9,2,5,8,94,94
"V",9,2,5,9,55,55
"V",9,2,6,-1,503,78
"V",9,2,6,-10,36,0
"V",9,2,6,-11,23,0
"V",9,2,6,-12,14,0
"V",9,2,6,-13,5,0
"V",9,2,6,-14,8,0
"V",9,2,6,-15,2,0
"V",9,2,6,-16,5,0
"V",9,2,6,-17,2,0
"V",9,2,6,-18,2,0
"V",9,2,6,-2,374,25
"V",9,2,6,-20,1,0
"V",9,2,6,-22,1,0
"V",9,2,6,-24,1,0
"V",9,2,6,-3,306,13
"V",9,2,6,-4,241,0
"V",9,2,6,-5,179,1
"V",9,2,6,-6,111,0
"V",9,2,6,-7,98,0
"V",9,2,6,-8,71,0
"V",9,2,6,-9,47,0
"V",9,2,6,0,548,249
"V",9,2,6,1,509,440
"V",9,2,6,10,41,41
"V",9,2,6,11,20,20
"V",9,2,6,12,16,16
"V",9,2,6,13,13,13
"V",9,2,6,14,13,13
"V",9,2,6,15,2,2
"V",9,2,6,16,2,2
"V",9,2,6,17,1,1
"V",9,2,6,18,1,1
"V",9,2,6,19,2,2
"V",9,2,6,2,388,365
"V",9,2,6,20,1,1
"V",9,2,6,3,384,368
"V",9,2,6,4,278,272
"V",9,2,6,5,261,259
"V",9,2,6,6,177,177
"V",9,2,6,7,132,132
"V",9,2,6,8,81,81
"V",9,2,6,9,52,52
"V",9,2,7,-1,257,53
"V",9,2,7,-10,19,0
"V",9,2,7,-11,10,0
"V",9,2,7,-12,14,0
"V",9,2,7,-13,9,0
"V",9,2,7,-14,3,0
"V",9,2,7,-15,1,0
"V",9,2,7,-16,2,0
"V",9,2,7,-18,1,0
"V",9,2,7,-2,258,29
"V",9,2,7,-3,213,4
"V",9,2,7,-4,160,0
"V",9,2,7,-5,146,0
"V",9,2,7,-6,100,0
"V",9,2,7,-7,72,0
"V",9,2,7,-8,55,0
"V",9,2,7,-9,32,0
"V",9,2,7,0,312,158
"V",9,2,7,1,351,298
"V",9,2,7,10,34,34
"V",9,2,7,11,20,20
"V",9,2,7,12,12,12
"V",9,2,7,13,12,12
"V",9,2,7,14,6,6
"V",9,2,7,15,1,1
"V",9,2,7,16,3,3
"V",9,2,7,17,1,1
"V",9,2,7,18,1,1
"V",9,2,7,2,324,305
"V",9,2,7,21,1,1
"V",9,2,7,3,233,225
"V",9,2,7,4,204,202
"V",9,2,7,5,152,147
"V",9,2,7,6,114,114
"V",9,2,7,7,97,97
"V",9,2,7,8,63,63
"V",9,2,7,9,41,41
"V",9,2,8,-1,324,79
"V",9,2,8,-10,23,0
"V",9,2,8,-11,14,0
"V",9,2,8,-12,8,0
"V",9,2,8,-13,4,0
"V",9,2,8,-14,6,0
"V",9,2,8,-15,6,0
"V",9,2,8,-16,2,0
"V",9,2,8,-18,1,0
"V",9,2,8,-2,259,29
"V",9,2,8,-24,1,0
"V",9,2,8,-3,226,9
"V",9,2,8,-4,156,4
"V",9,2,8,-5,104,0
"V",9,2,8,-6,90,0
"V",9,2,8,-7,57,0
"V",9,2,8,-8,37,0
"V",9,2,8,-9,37,0
"V",9,2,8,0,443,233
"V",9,2,8,1,462,389
"V",9,2,8,10,22,22
"V",9,2,8,11,17,17
"V",9,2,8,12,14,14
"V",9,2,8,13,14,14
"V",9,2,8,14,8,8
"V",9,2,8,15,4,4
"V",9,2,8,16,4,4
"V",9,2,8,17,1,1
"V",9,2,8,18,2,2
"V",9,2,8,2,333,311
"V",9,2,8,20,1,1
"V",9,2,8,3,258,255
"V",9,2,8,4,207,202
"V",9,2,8,5,147,146
"V",9,2,8,6,107,107
"V",9,2,8,7,94,94
"V",9,2,8,8,68,68
"V",9,2,8,9,40,40
"V",10,0,1,0,6865,3232
"V",10,0,1,1,115,97
"V",10,0,1,2,18,17
"V",10,0,1,3,6,6
"V",10,0,1,4,4,3
"V",10,0,2,0,1810,983
"V",10,0,2,1,55,50
"V",10,0,2,2,12,11
"V",10,0,2,3,5,5
"V",10,0,2,4,4,3
"V",10,0,3,0,332,227
"V",10,0,3,1,32,28
"V",10,0,3,2,10,10
"V",10,0,3,3,7,7
"V",10,0,3,4,3,3
"V",10,0,4,0,256,175
"V",10,0,4,1,32,28
"V",10,0,4,2,9,8
"V",10,0,4,3,6,6
"V",10,0,4,4,4,4
"V",10,0,4,5,2,2
"V",10,0,4,7,1,1
"V",10,0,4,8,1,1
"V",10,0,5,0,77,61
"V",10,0,5,1,17,14
"V",10,0,5,2,6,6
"V",10,0,5,3,3,3
"V",10,0,5,4,1,1
"V",10,0,6,0,119,94
"V",10,0,6,1,15,13
"V",10,0,6,2,12,11
"V",10,0,6,3,4,4
"V",10,0,6,4,2,2
"V",10,0,6,6,1,1
"V",10,0,7,0,44,31
"V",10,0,7,1,15,14
"V",10,0,7,2,9,8
"V",10,0,7,3,1,1
"V",10,0,7,4,1,1
"V",10,0,8,0,69,46
"V",10,0,8,1,19,18
"V",10,0,8,2,6,6
"V",10,0,8,3,3,3
"V",10,0,8,4,3,3
"V",10,0,8,5,1,1
"V",10,1,1,0,4625,1915
"V",10,1,1,1,172,132
"V",10,1,1,2,78,73
"V",10,1,1,3,31,31
"V",10,1,1,4,11,10
"V",10,1,1,5,3,3
"V",10,1,1,6,2,2
"V",10,1,2,0,1811,840
"V",10,1,2,1,171,140
"V",10,1,2,2,63,59
"V",10,1,2,3,32,32
"V",10,1,2,4,15,15
"V",10,1,2,5,3,3
"V",10,1,2,6,3,3
"V",10,1,3,0,1054,580
"V",10,1,3,1,141,125
"V",10,1,3,2,44,40
"V",10,1,3,3,24,24
"V",10,1,3,4,12,12
"V",10,1,3,5,2,2
"V",10,1,3,7,1,1
"V",10,1,4,0,631,365
"V",10,1,4,1,148,130
"V",10,1,4,10,1,1
"V",10,1,4,2,53,49
"V",10,1,4,3,26,26
"V",10,1,4,4,10,10
"V",10,1,4,5,4,4
"V",10,1,4,6,1,1
"V",10,1,4,7,1,1
"V",10,1,4,8,3,3
"V",10,1,4,9,1,1
"V",10,1,5,0,234,160
"V",10,1,5,1,63,58
"V",10,1,5,2,22,19
"V",10,1,5,3,12,11
"V",10,1,5,4,8,7
"V",10,1,5,5,2,2
"V",10,1,5,8,1,1
"V",10,1,6,0,273,195
"V",10,1,6,1,92,79
"V",10,1,6,2,39,38
"V",10,1,6,3,13,13
"V",10,1,6,4,9,9
"V",10,1,6,5,5,5
"V",10,1,6,6,4,4
"V",10,1,6,7,1,1
"V",10,1,7,0,148,105
"V",10,1,7,1,63,59
"V",10,1,7,2,35,32
"V",10,1,7,3,10,10
"V",10,1,7,4,3,3
"V",10,1,7,5,1,1
"V",10,1,7,6,1,1
"V",10,1,8,0,215,147
"V",10,1,8,1,74,68
"V",10,1,8,10,1,1
"V",10,1,8,11,1,1
"V",10,1,8,2,25,24
"V",10,1,8,3,10,10
"V",10,1,8,4,3,3
"V",10,1,8,5,1,1
"V",10,1,8,8,1,1
"V",10,2,1,0,3298,1239
"V",10,2,1,1,237,191
"V",10,2,1,2,123,116
"V",10,2,1,3,47,47
"V",10,2,1,4,25,24
"V",10,2,1,5,7,7
"V",10,2,1,6,6,6
"V",10,2,1,7,3,3
"V",10,2,1,8,1,1
"V",10,2,2,0,1541,584
"V",10,2,2,1,295,245
"V",10,2,2,2,118,112
"V",10,2,2,3,64,64
"V",10,2,2,4,33,32
"V",10,2,2,5,13,13
"V",10,2,2,6,3,3
"V",10,2,2,8,3,3
"V",10,2,3,0,839,393
"V",10,2,3,1,236,202
"V",10,2,3,2,115,104
"V",10,2,3,3,44,44
"V",10,2,3,4,31,30
"V",10,2,3,5,12,12
"V",10,2,3,6,3,3
"V",10,2,3,7,3,3
"V",10,2,4,0,746,346
"V",10,2,4,1,241,200
"V",10,2,4,2,121,110
"V",10,2,4,3,50,48
"V",10,2,4,4,25,24
"V",10,2,4,5,8,8
"V",10,2,4,6,1,1
"V",10,2,4,8,1,1
"V",10,2,4,9,1,1
"V",10,2,5,0,287,128
"V",10,2,5,1,79,65
"V",10,2,5,2,58,53
"V",10,2,5,3,26,24
"V",10,2,5,4,10,10
"V",10,2,5,5,3,3
"V",10,2,5,6,2,2
"V",10,2,5,7,1,1
"V",10,2,5,8,1,1
"V",10,2,6,0,295,126
"V",10,2,6,1,116,99
"V",10,2,6,2,54,47
"V",10,2,6,3,27,26
"V",10,2,6,4,19,19
"V",10,2,6,5,6,6
"V",10,2,6,6,1,1
"V",10,2,6,8,1,1
"V",10,2,7,0,138,66
"V",10,2,7,1,81,68
"V",10,2,7,2,39,36
"V",10,2,7,3,15,14
"V",10,2,7,4,7,7
"V",10,2,7,5,3,3
"V",10,2,7,7,2,2
"V",10,2,8,0,220,102
"V",10,2,8,1,104,89
"V",10,2,8,2,42,39
"V",10,2,8,3,12,10
"V",10,2,8,4,5,4
"V",10,2,8,5,3,3
"V",10,2,8,6,1,1
"V",11,0,1,0,3817,1752
"V",11,0,1,1,60,53
"V",11,0,1,2,14,14
"V",11,0,1,3,6,6
"V",11,0,1,4,3,2
"V",11,0,1,5,1,1
"V",11,0,2,0,1006,555
"V",11,0,2,1,27,25
"V",11,0,2,2,6,6
"V",11,0,2,3,5,5
"V",11,0,3,0,198,132
"V",11,0,3,1,18,16
"V",11,0,3,2,5,3
"V",11,0,3,5,1,1
"V",11,0,4,0,138,93
"V",11,0,4,1,16,14
"V",11,0,4,2,5,4
"V",11,0,4,3,1,1
"V",11,0,5,0,41,30
"V",11,0,5,1,6,6
"V",11,0,5,2,5,5
"V",11,0,5,3,1,1
"V",11,0,6,0,70,53
"V",11,0,6,1,8,8
"V",11,0,6,2,1,1
"V",11,0,6,3,3,3
"V",11,0,7,0,25,20
"V",11,0,7,1,10,9
"V",11,0,7,2,1,1
"V",11,0,7,3,4,3
"V",11,0,7,4,1,1
"V",11,0,8,0,36,27
"V",11,0,8,1,12,12
"V",11,0,8,2,1,1
"V",11,1,1,0,2594,1030
"V",11,1,1,1,93,80
"V",11,1,1,2,32,32
"V",11,1,1,3,16,16
"V",11,1,1,4,10,9
"V",11,1,1,5,1,1
"V",11,1,2,0,1008,482
"V",11,1,2,1,98,86
"V",11,1,2,2,30,29
"V",11,1,2,3,20,20
"V",11,1,2,4,9,9
"V",11,1,2,5,1,1
"V",11,1,3,0,547,304
"V",11,1,3,1,68,56
"V",11,1,3,2,25,23
"V",11,1,3,3,11,11
"V",11,1,3,4,6,6
"V",11,1,4,0,310,167
"V",11,1,4,1,80,72
"V",11,1,4,2,26,25
"V",11,1,4,3,12,12
"V",11,1,4,4,6,6
"V",11,1,4,5,1,1
"V",11,1,4,6,1,1
"V",11,1,5,0,110,75
"V",11,1,5,1,38,35
"V",11,1,5,2,11,11
"V",11,1,5,3,2,2
"V",11,1,5,4,4,4
"V",11,1,5,5,2,2
"V",11,1,5,6,1,1
"V",11,1,6,0,122,88
"V",11,1,6,1,52,47
"V",11,1,6,2,13,13
"V",11,1,6,3,7,6
"V",11,1,6,4,3,3
"V",11,1,6,5,2,2
"V",11,1,6,6,1,1
"V",11,1,6,7,1,1
"V",11,1,7,0,102,79
"V",11,1,7,1,36,34
"V",11,1,7,2,20,20
"V",11,1,7,3,8,7
"V",11,1,7,4,4,4
"V",11,1,7,5,1,1
"V",11,1,7,7,1,1
"V",11,1,8,0,104,76
"V",11,1,8,1,53,48
"V",11,1,8,2,16,16
"V",11,1,8,3,9,8
"V",11,1,8,4,5,5
"V",11,1,8,5,3,3
"V",11,2,1,0,1890,649
"V",11,2,1,1,115,97
"V",11,2,1,2,56,55
"V",11,2,1,3,23,22
"V",11,2,1,4,12,11
"V",11,2,1,5,9,9
"V",11,2,1,6,6,6
"V",11,2,2,0,913,341
"V",11,2,2,1,149,122
"V",11,2,2,2,69,66
"V",11,2,2,3,30,29
"V",11,2,2,4,16,15
"V",11,2,2,5,8,8
"V",11,2,2,6,9,9
"V",11,2,2,7,1,1
"V",11,2,2,8,1,1
"V",11,2,3,0,481,223
"V",11,2,3,1,108,94
"V",11,2,3,2,50,45
"V",11,2,3,3,31,29
"V",11,2,3,4,16,16
"V",11,2,3,5,1,1
"V",11,2,3,6,2,2
"V",11,2,3,7,1,1
"V",11,2,4,0,428,195
"V",11,2,4,1,126,112
"V",11,2,4,2,61,57
"V",11,2,4,3,18,18
"V",11,2,4,4,14,14
"V",11,2,4,5,2,2
"V",11,2,4,6,3,3
"V",11,2,4,7,1,1
"V",11,2,5,0,144,71
"V",11,2,5,1,49,41
"V",11,2,5,2,24,23
"V",11,2,5,3,11,11
"V",11,2,5,4,12,12
"V",11,2,5,5,7,7
"V",11,2,5,7,1,1
"V",11,2,5,8,1,1
"V",11,2,6,0,159,83
"V",11,2,6,1,64,52
"V",11,2,6,2,31,29
"V",11,2,6,3,15,14
"V",11,2,6,4,3,3
"V",11,2,6,5,3,3
"V",11,2,6,6,2,2
"V",11,2,7,0,90,53
"V",11,2,7,1,39,31
"V",11,2,7,2,24,22
"V",11,2,7,3,8,8
"V",11,2,7,4,3,3
"V",11,2,7,5,3,3
"V",11,2,7,7,1,1
"V",11,2,8,0,130,67
"V",11,2,8,1,51,42
"V",11,2,8,2,24,23
"V",11,2,8,3,7,6
"V",11,2,8,4,5,5
"V",11,2,8,5,1,1
"V",11,2,8,7,1,1
"V",12,0,1,0,2117,968
"V",12,0,1,1,36,31
"V",12,0,1,2,6,5
"V",12,0,1,3,1,1
"V",12,0,1,4,1,1
"V",12,0,2,0,570,304
"V",12,0,2,1,13,11
"V",12,0,2,2,3,3
"V",12,0,2,6,1,1
"V",12,0,2,7,1,1
"V",12,0,3,0,125,76
"V",12,0,3,1,8,8
"V",12,0,3,2,5,5
"V",12,0,4,0,79,48
"V",12,0,4,1,12,12
"V",12,0,4,2,7,7
"V",12,0,4,3,1,1
"V",12,0,4,6,1,1
"V",12,0,4,7,1,1
"V",12,0,5,0,23,19
"V",12,0,5,1,9,8
"V",12,0,5,2,1,1
"V",12,0,5,5,1,1
"V",12,0,6,0,42,34
"V",12,0,6,1,8,7
"V",12,0,6,2,1,1
"V",12,0,6,3,1,1
"V",12,0,7,0,15,12
"V",12,0,7,1,3,3
"V",12,0,7,2,1,1
"V",12,0,7,5,1,1
"V",12,0,8,0,22,16
"V",12,0,8,1,4,4
"V",12,0,8,2,4,4
"V",12,0,8,3,1,1
"V",12,1,1,0,1397,557
"V",12,1,1,1,49,45
"V",12,1,1,2,15,11
"V",12,1,1,3,6,6
"V",12,1,1,4,2,2
"V",12,1,1,5,1,1
"V",12,1,2,0,559,239
"V",12,1,2,1,51,42
"V",12,1,2,2,18,17
"V",12,1,2,3,3,3
"V",12,1,2,4,2,2
"V",12,1,2,8,1,1
"V",12,1,3,0,335,174
"V",12,1,3,1,40,34
"V",12,1,3,2,12,10
"V",12,1,3,3,5,4
"V",12,1,3,5,2,2
"V",12,1,3,7,1,1
"V",12,1,3,9,1,1
"V",12,1,4,0,208,118
"V",12,1,4,1,53,48
"V",12,1,4,2,17,15
"V",12,1,4,3,6,6
"V",12,1,4,4,3,3
"V",12,1,4,5,1,1
"V",12,1,5,0,73,48
"V",12,1,5,1,22,20
"V",12,1,5,2,10,9
"V",12,1,5,3,4,4
"V",12,1,5,4,1,1
"V",12,1,5,6,1,1
"V",12,1,6,0,87,58
"V",12,1,6,1,27,24
"V",12,1,6,2,11,10
"V",12,1,6,3,7,6
"V",12,1,6,4,1,1
"V",12,1,7,0,63,40
"V",12,1,7,1,16,15
"V",12,1,7,2,15,15
"V",12,1,7,3,3,3
"V",12,1,7,6,1,1
"V",12,1,8,0,69,48
"V",12,1,8,1,25,24
"V",12,1,8,2,16,15
"V",12,1,8,3,4,4
"V",12,1,8,4,1,1
"V",12,2,1,0,1008,370
"V",12,2,1,1,68,64
"V",12,2,1,2,25,22
"V",12,2,1,3,15,14
"V",12,2,1,4,4,4
"V",12,2,1,5,3,3
"V",12,2,1,6,1,0
"V",12,2,1,8,2,2
"V",12,2,2,0,471,176
"V",12,2,2,1,73,60
"V",12,2,2,10,1,1
"V",12,2,2,2,36,34
"V",12,2,2,3,10,9
"V",12,2,2,4,8,7
"V",12,2,2,5,1,1
"V",12,2,2,6,2,1
"V",12,2,2,7,1,1
"V",12,2,2,8,1,1
"V",12,2,2,9,1,1
"V",12,2,3,0,257,100
"V",12,2,3,1,63,50
"V",12,2,3,11,1,1
"V",12,2,3,2,25,23
"V",12,2,3,3,22,22
"V",12,2,3,4,7,7
"V",12,2,3,5,2,2
"V",12,2,3,6,2,1
"V",12,2,3,7,2,1
"V",12,2,3,9,1,1
"V",12,2,4,0,249,113
"V",12,2,4,1,77,65
"V",12,2,4,2,37,34
"V",12,2,4,3,12,12
"V",12,2,4,4,8,8
"V",12,2,4,5,2,2
"V",12,2,5,0,90,40
"V",12,2,5,1,26,22
"V",12,2,5,2,19,19
"V",12,2,5,3,12,11
"V",12,2,5,4,1,0
"V",12,2,5,5,1,1
"V",12,2,5,6,1,1
"V",12,2,5,7,1,0
"V",12,2,6,0,89,33
"V",12,2,6,1,43,35
"V",12,2,6,2,16,16
"V",12,2,6,3,7,7
"V",12,2,6,4,3,3
"V",12,2,6,5,1,1
"V",12,2,6,6,1,1
"V",12,2,7,0,44,20
"V",12,2,7,1,27,23
"V",12,2,7,2,12,11
"V",12,2,7,3,5,5
"V",12,2,7,5,1,1
"V",12,2,7,7,1,1
"V",12,2,8,0,68,27
"V",12,2,8,1,30,26
"V",12,2,8,2,14,13
"V",12,2,8,3,9,9
"V",12,2,8,4,3,3
"V",12,2,8,5,1,1
"V",13,0,1,0,1181,544
"V",13,0,1,1,18,10
"V",13,0,1,2,4,4
"V",13,0,1,4,1,1
"V",13,0,2,0,320,178
"V",13,0,2,1,11,7
"V",13,0,2,2,2,2
"V",13,0,2,3,1,1
"V",13,0,2,4,1,1
"V",13,0,3,0,53,38
"V",13,0,3,1,4,4
"V",13,0,3,2,1,1
"V",13,0,3,3,1,1
"V",13,0,4,0,40,23
"V",13,0,4,1,7,6
"V",13,0,4,2,2,2
"V",13,0,4,3,1,1
"V",13,0,4,4,1,1
"V",13,0,5,0,9,5
"V",13,0,5,1,5,4
"V",13,0,5,2,2,2
"V",13,0,5,3,1,1
"V",13,0,6,0,24,22
"V",13,0,6,1,5,4
"V",13,0,6,2,3,3
"V",13,0,7,0,11,9
"V",13,0,7,1,5,5
"V",13,0,7,2,1,1
"V",13,0,7,4,1,1
"V",13,0,8,0,10,9
"V",13,0,8,1,6,6
"V",13,1,1,0,797,321
"V",13,1,1,1,29,22
"V",13,1,1,2,15,12
"V",13,1,1,3,3,3
"V",13,1,1,4,2,2
"V",13,1,1,5,2,2
"V",13,1,2,0,321,155
"V",13,1,2,1,28,22
"V",13,1,2,2,7,7
"V",13,1,2,3,4,3
"V",13,1,2,4,1,1
"V",13,1,2,5,2,2
"V",13,1,3,0,187,101
"V",13,1,3,1,17,13
"V",13,1,3,2,7,7
"V",13,1,3,3,2,2
"V",13,1,3,5,1,1
"V",13,1,4,0,121,66
"V",13,1,4,1,26,23
"V",13,1,4,2,7,7
"V",13,1,4,3,1,1
"V",13,1,4,4,1,1
"V",13,1,4,5,1,1
"V",13,1,5,0,33,19
"V",13,1,5,1,11,9
"V",13,1,5,2,3,3
"V",13,1,5,3,4,4
"V",13,1,5,4,1,1
"V",13,1,5,5,2,2
"V",13,1,6,0,53,41
"V",13,1,6,1,9,8
"V",13,1,6,2,8,8
"V",13,1,6,3,2,2
"V",13,1,6,5,3,3
"V",13,1,7,0,28,18
"V",13,1,7,1,19,16
"V",13,1,7,2,5,5
"V",13,1,7,3,1,1
"V",13,1,7,4,2,2
"V",13,1,8,0,35,25
"V",13,1,8,1,14,13
"V",13,1,8,2,7,7
"V",13,1,8,3,1,1
"V",13,2,1,0,560,200
"V",13,2,1,1,39,29
"V",13,2,1,2,24,21
"V",13,2,1,3,8,8
"V",13,2,1,4,7,7
"V",13,2,1,5,5,5
"V",13,2,2,0,292,121
"V",13,2,2,1,51,43
"V",13,2,2,10,1,1
"V",13,2,2,2,21,17
"V",13,2,2,3,12,12
"V",13,2,2,4,3,3
"V",13,2,2,5,1,1
"V",13,2,2,6,4,4
"V",13,2,2,9,2,2
"V",13,2,3,0,134,60
"V",13,2,3,1,34,26
"V",13,2,3,2,19,19
"V",13,2,3,3,9,9
"V",13,2,3,5,1,1
"V",13,2,3,6,1,1
"V",13,2,3,8,2,2
"V",13,2,3,9,1,1
"V",13,2,4,0,137,64
"V",13,2,4,1,39,34
"V",13,2,4,2,17,16
"V",13,2,4,3,8,8
"V",13,2,4,4,3,3
"V",13,2,4,5,1,1
"V",13,2,4,6,2,2
"V",13,2,4,9,1,1
"V",13,2,5,0,45,22
"V",13,2,5,1,8,6
"V",13,2,5,2,9,9
"V",13,2,5,3,4,4
"V",13,2,5,4,3,3
"V",13,2,5,5,3,3
"V",13,2,6,0,56,25
"V",13,2,6,1,22,19
"V",13,2,6,10,1,1
"V",13,2,6,2,14,14
"V",13,2,6,3,4,4
"V",13,2,6,4,2,2
"V",13,2,6,5,2,2
"V",13,2,6,6,1,1
"V",13,2,7,0,43,18
"V",13,2,7,1,25,21
"V",13,2,7,2,7,6
"V",13,2,7,3,5,5
"V",13,2,7,4,2,2
"V",13,2,7,5,1,1
"V",13,2,7,7,1,1
"V",13,2,8,0,54,30
"V",13,2,8,1,24,22
"V",13,2,8,2,9,9
"V",13,2,8,3,3,3
"V",14,0,1,0,652,283
"V",14,0,1,1,11,9
"V",14,0,1,2,2,2
"V",14,0,2,0,162,84
"V",14,0,2,1,4,3
"V",14,0,2,2,2,2
"V",14,0,2,4,1,1
"V",14,0,3,0,19,9
"V",14,0,3,1,2,1
"V",14,0,3,2,1,1
"V",14,0,3,3,1,1
"V",14,0,3,6,2,2
"V",14,0,4,0,27,21
"V",14,0,4,1,2,1
"V",14,0,4,2,1,1
"V",14,0,4,3,1,1
"V",14,0,5,0,6,4
"V",14,0,5,1,1,1
"V",14,0,5,3,2,2
"V",14,0,6,0,9,7
"V",14,0,6,1,1,1
"V",14,0,6,2,2,2
"V",14,0,6,3,2,2
"V",14,0,7,0,4,1
"V",14,0,7,1,3,3
"V",14,0,7,4,2,2
"V",14,0,8,0,10,9
"V",14,0,8,1,1,1
"V",14,0,8,2,1,1
"V",14,0,8,3,1,1
"V",14,1,1,0,463,179
"V",14,1,1,1,15,13
"V",14,1,1,2,3,3
"V",14,1,1,3,3,3
"V",14,1,1,7,1,1
"V",14,1,2,0,182,92
"V",14,1,2,1,12,9
"V",14,1,2,2,1,1
"V",14,1,2,3,3,3
"V",14,1,2,4,1,1
"V",14,1,3,0,75,31
"V",14,1,3,1,13,12
"V",14,1,3,2,6,6
"V",14,1,3,3,1,1
"V",14,1,3,6,2,2
"V",14,1,4,0,56,35
"V",14,1,4,1,11,9
"V",14,1,4,2,3,3
"V",14,1,4,8,1,1
"V",14,1,5,0,18,10
"V",14,1,5,1,4,2
"V",14,1,5,2,3,3
"V",14,1,5,3,2,2
"V",14,1,5,6,1,1
"V",14,1,6,0,25,13
"V",14,1,6,1,5,3
"V",14,1,6,2,1,1
"V",14,1,6,3,1,1
"V",14,1,6,4,1,1
"V",14,1,6,6,1,1
"V",14,1,6,7,1,1
"V",14,1,7,0,12,10
"V",14,1,7,1,8,6
"V",14,1,7,2,2,2
"V",14,1,7,3,1,1
"V",14,1,8,0,19,12
"V",14,1,8,1,6,6
"V",14,1,8,2,2,2
"V",14,1,8,3,2,2
"V",14,2,1,0,333,109
"V",14,2,1,1,20,17
"V",14,2,1,2,7,6
"V",14,2,1,3,6,5
"V",14,2,1,4,1,1
"V",14,2,1,7,1,1
"V",14,2,2,0,168,77
"V",14,2,2,1,13,9
"V",14,2,2,2,13,12
"V",14,2,2,3,6,6
"V",14,2,2,4,4,4
"V",14,2,2,5,2,2
"V",14,2,3,0,75,29
"V",14,2,3,1,28,25
"V",14,2,3,2,10,10
"V",14,2,3,3,2,2
"V",14,2,3,4,1,1
"V",14,2,3,6,2,2
"V",14,2,4,0,64,34
"V",14,2,4,1,19,17
"V",14,2,4,2,9,9
"V",14,2,4,3,1,1
"V",14,2,4,4,2,2
"V",14,2,4,5,1,1
"V",14,2,4,6,1,1
"V",14,2,5,0,21,4
"V",14,2,5,1,8,7
"V",14,2,5,2,5,5
"V",14,2,5,3,2,2
"V",14,2,5,4,1,1
"V",14,2,5,7,1,1
"V",14,2,6,0,36,20
"V",14,2,6,1,9,8
"V",14,2,6,2,3,2
"V",14,2,6,4,1,1
"V",14,2,7,0,20,9
"V",14,2,7,1,9,6
"V",14,2,7,2,5,4
"V",14,2,7,3,2,2
"V",14,2,8,0,20,12
"V",14,2,8,1,13,11
"V",14,2,8,2,7,5
"V",14,2,8,3,1,1
"V",15,0,1,0,353,158
"V",15,0,1,1,5,5
"V",15,0,1,2,1,1
"V",15,0,2,0,88,51
"V",15,0,2,1,2,2
"V",15,0,2,2,1,1
"V",15,0,3,0,22,16
"V",15,0,3,1,3,3
"V",15,0,3,2,1,1
"V",15,0,4,0,10,7
"V",15,0,4,1,3,3
"V",15,0,4,2,1,1
"V",15,0,5,0,4,2
"V",15,0,5,1,1,1
"V",15,0,6,0,10,7
"V",15,0,6,1,1,1
"V",15,0,7,0,1,0
"V",15,0,8,0,4,3
"V",15,0,8,1,1,1
"V",15,1,1,0,241,89
"V",15,1,1,1,7,5
"V",15,1,1,2,7,6
"V",15,1,1,3,2,2
"V",15,1,1,4,1,1
"V",15,1,2,0,87,40
"V",15,1,2,1,11,9
"V",15,1,2,2,2,2
"V",15,1,2,3,1,1
"V",15,1,3,0,48,30
"V",15,1,3,1,2,2
"V",15,1,3,2,3,3
"V",15,1,3,3,1,1
"V",15,1,3,7,1,1
"V",15,1,4,0,26,16
"V",15,1,4,1,7,6
"V",15,1,4,2,6,6
"V",15,1,5,0,15,10
"V",15,1,5,1,6,6
"V",15,1,5,2,1,1
"V",15,1,5,5,1,1
"V",15,1,6,0,15,9
"V",15,1,6,1,3,3
"V",15,1,6,2,1,1
"V",15,1,6,6,1,1
"V",15,1,7,0,8,3
"V",15,1,7,2,2,2
"V",15,1,7,3,2,2
"V",15,1,7,4,1,1
"V",15,1,8,0,14,9
"V",15,1,8,1,3,3
"V",15,1,8,2,2,2
"V",15,1,8,3,1,1
"V",15,1,8,4,1,1
"V",15,2,1,0,183,61
"V",15,2,1,1,10,9
"V",15,2,1,2,7,6
"V",15,2,1,3,2,2
"V",15,2,1,4,2,2
"V",15,2,1,6,1,1
"V",15,2,2,0,83,35
"V",15,2,2,1,15,13
"V",15,2,2,2,9,8
"V",15,2,2,3,4,3
"V",15,2,2,4,4,4
"V",15,2,3,0,42,18
"V",15,2,3,1,11,10
"V",15,2,3,2,4,3
"V",15,2,3,3,1,1
"V",15,2,3,7,1,1
"V",15,2,4,0,34,11
"V",15,2,4,1,9,9
"V",15,2,4,2,2,2
"V",15,2,4,3,2,1
"V",15,2,4,4,1,1
"V",15,2,5,0,11,4
"V",15,2,5,1,5,5
"V",15,2,5,2,5,5
"V",15,2,5,3,4,4
"V",15,2,5,4,2,2
"V",15,2,5,5,1,1
"V",15,2,6,0,10,4
"V",15,2,6,1,5,2
"V",15,2,6,2,7,6
"V",15,2,6,3,2,2
"V",15,2,7,0,11,8
"V",15,2,7,1,4,1
"V",15,2,7,2,3,3
"V",15,2,7,3,1,1
"V",15,2,8,0,14,10
"V",15,2,8,1,8,7
"V",15,2,8,2,1,1
"V",15,2,8,3,1,1
"V",16,0,1,0,196,87
"V",16,0,1,1,1,1
"V",16,0,1,7,1,1
"V",16,0,2,0,50,30
"V",16,0,2,1,1,0
"V",16,0,2,7,1,1
"V",16,0,3,0,15,7
"V",16,0,3,1,1,1
"V",16,0,3,2,1,1
"V",16,0,3,6,1,1
"V",16,0,4,0,13,8
"V",16,0,4,1,1,0
"V",16,0,5,0,3,3
"V",16,0,5,1,1,1
"V",16,0,6,0,2,1
"V",16,0,6,2,1,1
"V",16,0,7,0,1,1
"V",16,0,8,0,4,4
"V",16,0,8,1,2,2
"V",16,0,8,2,1,1
"V",16,0,8,3,1,1
"V",16,1,1,0,133,50
"V",16,1,1,1,4,4
"V",16,1,1,2,1,1
"V",16,1,1,8,1,1
"V",16,1,2,0,46,20
"V",16,1,2,1,5,3
"V",16,1,3,0,31,16
"V",16,1,3,1,3,0
"V",16,1,3,2,1,1
"V",16,1,4,0,16,11
"V",16,1,4,1,3,3
"V",16,1,4,2,3,3
"V",16,1,4,3,1,1
"V",16,1,5,0,7,4
"V",16,1,5,1,2,2
"V",16,1,5,2,1,1
"V",16,1,5,4,1,1
"V",16,1,6,0,8,5
"V",16,1,6,1,2,1
"V",16,1,7,0,7,4
"V",16,1,7,1,1,1
"V",16,1,8,0,8,6
"V",16,1,8,1,4,4
"V",16,1,8,2,1,1
"V",16,2,1,0,95,33
"V",16,2,1,1,4,4
"V",16,2,1,2,1,1
"V",16,2,1,3,1,1
"V",16,2,1,8,1,1
"V",16,2,2,0,48,21
"V",16,2,2,1,11,8
"V",16,2,2,3,3,3
"V",16,2,3,0,30,13
"V",16,2,3,1,9,6
"V",16,2,3,2,4,4
"V",16,2,3,5,1,1
"V",16,2,4,0,21,9
"V",16,2,4,1,9,9
"V",16,2,4,2,5,5
"V",16,2,4,3,1,1
"V",16,2,4,4,1,1
"V",16,2,5,0,9,6
"V",16,2,5,1,2,1
"V",16,2,5,2,1,1
"V",16,2,5,4,1,1
"V",16,2,6,0,7,5
"V",16,2,6,1,5,4
"V",16,2,6,2,1,1
"V",16,2,6,3,1,1
"V",16,2,7,0,5,2
"V",16,2,7,1,4,4
"V",16,2,8,0,8,5
"V",16,2,8,1,3,3
"V",17,0,1,0,98,46
"V",17,0,1,1,4,4
"V",17,0,2,0,25,13
"V",17,0,2,1,2,2
"V",17,0,2,5,1,1
"V",17,0,3,0,3,1
"V",17,0,4,1,1,1
"V",17,0,4,2,2,2
"V",17,0,4,3,1,1
"V",17,0,6,0,1,1
"V",17,0,6,1,2,2
"V",17,0,7,0,1,0
"V",17,0,8,0,1,0
"V",17,0,8,2,1,1
"V",17,1,1,0,66,28
"V",17,1,1,1,3,3
"V",17,1,2,0,31,12
"V",17,1,2,5,1,1
"V",17,1,3,0,15,8
"V",17,1,4,0,9,6
"V",17,1,4,2,1,1
"V",17,1,5,0,4,2
"V",17,1,5,1,1,1
"V",17,1,5,5,1,1
"V",17,1,5,6,1,1
"V",17,1,5,7,1,1
"V",17,1,6,0,7,4
"V",17,1,6,1,2,1
"V",17,1,7,0,1,0
"V",17,1,8,0,5,3
"V",17,1,8,1,2,2
"V",17,1,8,2,1,1
"V",17,2,1,0,44,19
"V",17,2,1,1,4,4
"V",17,2,1,2,1,1
"V",17,2,1,6,1,1
"V",17,2,2,0,21,7
"V",17,2,2,1,7,6
"V",17,2,2,2,1,1
"V",17,2,2,5,1,1
"V",17,2,3,0,9,3
"V",17,2,3,1,1,0
"V",17,2,3,2,2,2
"V",17,2,3,3,1,1
"V",17,2,3,4,1,1
"V",17,2,3,5,1,1
"V",17,2,3,6,1,1
"V",17,2,4,0,12,6
"V",17,2,4,1,5,4
"V",17,2,4,2,1,1
"V",17,2,5,0,5,2
"V",17,2,5,1,1,1
"V",17,2,5,2,1,0
"V",17,2,5,7,1,1
"V",17,2,6,0,3,2
"V",17,2,6,1,1,0
"V",17,2,6,2,2,1
"V",17,2,7,1,2,1
"V",17,2,7,2,2,2
"V",17,2,8,0,3,1
"V",17,2,8,1,2,2
"V",17,2,8,2,1,1
"V",17,2,8,3,1,1
"V",18,0,1,0,54,28
"V",18,0,1,1,1,1
"V",18,0,1,2,1,1
"V",18,0,2,0,13,8
"V",18,0,3,0,3,1
"V",18,1,1,0,40,20
"V",18,1,1,1,1,1
"V",18,1,1,2,2,2
"V",18,1,2,0,14,9
"V",18,1,2,2,1,1
"V",18,1,2,5,1,1
"V",18,1,3,0,8,3
"V",18,1,3,3,1,1
"V",18,1,4,0,4,3
"V",18,1,4,1,1,1
"V",18,1,4,3,1,1
"V",18,1,5,0,1,0
"V",18,1,6,0,2,2
"V",18,1,6,2,2,1
"V",18,1,6,5,1,1
"V",18,1,7,1,2,2
"V",18,1,7,2,1,1
"V",18,1,7,3,1,1
"V",18,1,8,0,3,2
"V",18,1,8,2,1,1
"V",18,1,8,3,1,1
"V",18,2,1,0,31,14
"V",18,2,1,1,2,2
"V",18,2,1,2,1,1
"V",18,2,2,0,15,7
"V",18,2,2,1,1,1
"V",18,2,2,2,1,1
"V",18,2,3,0,9,3
"V",18,2,3,1,1,1
"V",18,2,3,2,2,2
"V",18,2,4,0,2,2
"V",18,2,4,2,2,2
"V",18,2,4,4,1,1
"V",18,2,5,0,3,1
"V",18,2,6,0,1,0
"V",18,2,6,1,1,1
"V",18,2,6,2,1,1
"V",18,2,6,5,1,1
"V",18,2,7,0,2,1
"V",18,2,7,5,1,1
"V",19,0,1,0,31,17
"V",19,0,1,1,1,1
"V",19,0,2,0,9,2
"V",19,0,3,0,2,0
"V",19,0,4,0,1,1
"V",19,1,1,0,20,14
"V",19,1,1,1,2,2
"V",19,1,2,0,8,5
"V",19,1,3,0,9,2
"V",19,1,4,0,7,2
"V",19,1,4,1,1,0
"V",19,1,6,0,1,1
"V",19,1,7,1,1,1
"V",19,1,8,1,2,1
"V",19,1,8,2,1,0
"V",19,2,1,0,13,8
"V",19,2,1,1,2,2
"V",19,2,2,0,5,3
"V",19,2,2,1,1,0
"V",19,2,2,3,1,1
"V",19,2,3,0,5,2
"V",19,2,3,1,3,3
"V",19,2,4,0,4,1
"V",19,2,4,1,1,0
"V",19,2,5,0,1,1
"V",19,2,5,2,1,1
"V",19,2,6,0,2,1
"V",19,2,7,0,2,1
"V",19,2,7,2,1,1
"V",19,2,8,2,1,0
"V",20,0,1,0,16,11
"V",20,0,1,1,1,1
"V",20,0,2,0,5,4
"V",20,0,3,1,1,1
"V",20,0,4,0,1,1
"V",20,0,8,0,1,1
"V",20,0,8,1,1,1
"V",20,0,8,2,1,1
"V",20,1,1,0,11,7
"V",20,1,1,2,1,1
"V",20,1,2,0,7,4
"V",20,1,2,2,1,1
"V",20,1,3,0,1,1
"V",20,1,3,2,1,1
"V",20,1,5,1,1,1
"V",20,1,6,0,1,0
"V",20,1,8,2,1,1
"V",20,2,1,0,6,4
"V",20,2,1,2,1,1
"V",20,2,2,0,3,1
"V",20,2,2,2,1,1
"V",20,2,2,3,1,1
"V",20,2,3,0,3,3
"V",20,2,3,2,1,1
"V",20,2,4,4,1,1
"V",20,2,6,0,1,0
"V",20,2,7,0,1,0
"V",20,2,8,0,1,0
"V",20,2,8,2,1,1
"V",21,0,1,0,11,7
"V",21,0,2,0,4,3
"V",21,0,4,0,1,0
"V",21,0,7,0,1,1
"V",21,1,1,0,7,4
"V",21,1,2,0,3,2
"V",21,1,3,0,1,1
"V",21,1,4,0,1,0
"V",21,1,6,0,1,0
"V",21,1,7,0,2,2
"V",21,1,8,0,1,1
"V",21,1,8,1,1,1
"V",21,2,1,0,5,3
"V",21,2,1,2,1,1
"V",21,2,2,0,3,3
"V",21,2,3,0,2,2
"V",21,2,3,1,1,1
"V",21,2,4,0,2,1
"V",21,2,4,1,1,1
"V",21,2,6,0,1,1
"V",21,2,7,0,1,0
"V",21,2,7,2,1,1
"V",21,2,8,1,1,1
"V",22,0,1,0,6,3
"V",22,0,2,0,2,2
"V",22,1,1,0,4,1
"V",22,1,1,2,1,1
"V",22,1,2,0,3,2
"V",22,1,2,1,1,1
"V",22,1,3,0,1,1
"V",22,2,1,0,2,0
"V",22,2,1,2,1,1
"V",22,2,2,0,2,1
"V",22,2,2,1,1,1
"V",22,2,3,0,1,0
"V",22,2,4,0,1,1
"V",23,0,1,0,2,1
"V",23,1,1,0,2,1
"V",23,2,1,0,2,1
"V",23,2,5,0,1,1
"V",23,2,6,0,1,1
"V",23,2,6,2,1,1
"V",23,2,7,1,1,1
"V",24,0,1,0,1,0
"V",24,1,1,0,1,0
"V",24,1,2,0,1,0
