"H",1,0,1,-1,24699,12022
"H",1,0,1,-10,12,1
"H",1,0,1,-11,5,0
"H",1,0,1,-12,1,0
"H",1,0,1,-2,12044,4616
"H",1,0,1,-3,5732,1714
"H",1,0,1,-4,2512,499
"H",1,0,1,-5,973,145
"H",1,0,1,-6,340,34
"H",1,0,1,-7,109,3
"H",1,0,1,-8,40,1
"H",1,0,1,-9,28,1
"H",1,0,1,0,115722,68805
"H",1,0,1,1,1698,1193
"H",1,0,1,2,629,485
"H",1,0,1,3,397,329
"H",1,0,1,4,208,193
"H",1,0,1,5,46,46
"H",1,0,1,6,12,10
"H",1,0,1,7,3,3
"H",1,0,1,8,2,2
"H",1,0,2,-1,7530,4036
"H",1,0,2,-10,4,0
"H",1,0,2,-2,3614,1582
"H",1,0,2,-3,1819,617
"H",1,0,2,-4,759,188
"H",1,0,2,-5,294,47
"H",1,0,2,-6,98,8
"H",1,0,2,-7,35,1
"H",1,0,2,-8,17,0
"H",1,0,2,-9,6,0
"H",1,0,2,0,34385,21844
"H",1,0,2,1,1388,1017
"H",1,0,2,2,469,379
"H",1,0,2,3,228,196
"H",1,0,2,4,87,78
"H",1,0,2,5,24,23
"H",1,0,2,6,7,6
"H",1,0,2,7,1,1
"H",1,0,2,9,1,1
"H",1,0,3,-1,2157,1210
"H",1,0,3,-10,1,1
"H",1,0,3,-2,959,436
"H",1,0,3,-3,413,156
"H",1,0,3,-4,204,50
"H",1,0,3,-5,83,11
"H",1,0,3,-6,22,7
"H",1,0,3,-7,11,1
"H",1,0,3,-8,10,1
"H",1,0,3,-9,2,0
"H",1,0,3,0,9769,6419
"H",1,0,3,1,1222,928
"H",1,0,3,2,473,384
"H",1,0,3,3,176,156
"H",1,0,3,4,73,64
"H",1,0,3,5,17,16
"H",1,0,3,6,5,5
"H",1,0,3,7,1,1
"H",1,0,4,-1,1615,983
"H",1,0,4,-10,1,0
"H",1,0,4,-2,874,463
"H",1,0,4,-3,469,197
"H",1,0,4,-4,209,67
"H",1,0,4,-5,85,18
"H",1,0,4,-6,31,4
"H",1,0,4,-7,11,0
"H",1,0,4,-8,4,0
"H",1,0,4,-9,1,0
"H",1,0,4,0,7177,5024
"H",1,0,4,1,1133,877
"H",1,0,4,2,425,345
"H",1,0,4,3,138,119
"H",1,0,4,4,54,51
"H",1,0,4,5,23,21
"H",1,0,4,6,9,7
"H",1,0,4,7,1,1
"H",1,0,4,8,1,1
"H",1,0,5,-1,497,273
"H",1,0,5,-11,1,0
"H",1,0,5,-2,203,87
"H",1,0,5,-3,88,31
"H",1,0,5,-4,33,10
"H",1,0,5,-5,9,3
"H",1,0,5,-6,6,1
"H",1,0,5,-7,3,0
"H",1,0,5,-8,1,0
"H",1,0,5,0,2162,1452
"H",1,0,5,1,595,450
"H",1,0,5,2,196,175
"H",1,0,5,3,64,52
"H",1,0,5,4,23,22
"H",1,0,5,5,9,9
"H",1,0,5,6,2,2
"H",1,0,5,7,1,1
"H",1,0,5,8,1,1
"H",1,0,6,-1,802,490
"H",1,0,6,-10,1,0
"H",1,0,6,-2,357,180
"H",1,0,6,-3,137,51
"H",1,0,6,-4,65,17
"H",1,0,6,-5,16,1
"H",1,0,6,-6,5,0
"H",1,0,6,-7,4,0
"H",1,0,6,-8,1,0
"H",1,0,6,-9,1,0
"H",1,0,6,0,3340,2373
"H",1,0,6,1,882,702
"H",1,0,6,2,303,266
"H",1,0,6,3,106,95
"H",1,0,6,4,32,31
"H",1,0,6,5,16,16
"H",1,0,6,6,4,4
"H",1,0,7,-1,360,232
"H",1,0,7,-10,1,0
"H",1,0,7,-2,191,101
"H",1,0,7,-3,88,40
"H",1,0,7,-4,36,15
"H",1,0,7,-5,12,5
"H",1,0,7,-6,4,1
"H",1,0,7,-7,1,0
"H",1,0,7,-8,1,0
"H",1,0,7,0,1547,1135
"H",1,0,7,1,551,455
"H",1,0,7,2,197,165
"H",1,0,7,3,65,62
"H",1,0,7,4,23,19
"H",1,0,7,5,4,4
"H",1,0,7,6,2,2
"H",1,0,8,-1,397,276
"H",1,0,8,-2,218,125
"H",1,0,8,-3,95,46
"H",1,0,8,-4,57,25
"H",1,0,8,-5,12,4
"H",1,0,8,-6,6,1
"H",1,0,8,-7,4,0
"H",1,0,8,-8,1,0
"H",1,0,8,0,1630,1217
"H",1,0,8,1,536,438
"H",1,0,8,2,214,185
"H",1,0,8,3,80,71
"H",1,0,8,4,28,25
"H",1,0,8,5,9,8
"H",1,0,8,6,4,4
"H",1,0,8,7,1,1
"H",1,1,1,-1,16296,7396
"H",1,1,1,-10,8,0
"H",1,1,1,-11,4,0
"H",1,1,1,-12,1,0
"H",1,1,1,-2,7938,2790
"H",1,1,1,-3,3643,987
"H",1,1,1,-4,1618,281
"H",1,1,1,-5,623,88
"H",1,1,1,-6,211,19
"H",1,1,1,-7,65,2
"H",1,1,1,-8,15,1
"H",1,1,1,-9,20,1
"H",1,1,1,0,76148,43259
"H",1,1,1,1,3214,2179
"H",1,1,1,11,2,2
"H",1,1,1,2,2122,1625
"H",1,1,1,3,1240,1038
"H",1,1,1,4,506,460
"H",1,1,1,5,167,156
"H",1,1,1,6,57,52
"H",1,1,1,7,22,21
"H",1,1,1,8,2,2
"H",1,1,1,9,4,4
"H",1,1,2,-1,7167,3504
"H",1,1,2,-10,1,0
"H",1,1,2,-11,1,0
"H",1,1,2,-2,3646,1443
"H",1,1,2,-3,1787,533
"H",1,1,2,-4,792,160
"H",1,1,2,-5,273,39
"H",1,1,2,-6,101,7
"H",1,1,2,-7,35,1
"H",1,1,2,-8,13,1
"H",1,1,2,-9,12,1
"H",1,1,2,0,31919,19147
"H",1,1,2,1,4360,3055
"H",1,1,2,11,1,1
"H",1,1,2,2,1774,1392
"H",1,1,2,3,787,657
"H",1,1,2,4,355,324
"H",1,1,2,5,103,96
"H",1,1,2,6,59,57
"H",1,1,2,7,8,8
"H",1,1,2,8,1,1
"H",1,1,2,9,2,2
"H",1,1,3,-1,3225,1596
"H",1,1,3,-10,3,1
"H",1,1,3,-2,1406,580
"H",1,1,3,-3,633,208
"H",1,1,3,-4,271,60
"H",1,1,3,-5,114,24
"H",1,1,3,-6,32,4
"H",1,1,3,-7,10,2
"H",1,1,3,-8,5,1
"H",1,1,3,-9,2,0
"H",1,1,3,0,15135,9265
"H",1,1,3,1,3281,2337
"H",1,1,3,11,1,1
"H",1,1,3,13,1,1
"H",1,1,3,2,1403,1081
"H",1,1,3,3,585,488
"H",1,1,3,4,270,240
"H",1,1,3,5,88,84
"H",1,1,3,6,32,31
"H",1,1,3,7,13,13
"H",1,1,3,8,2,2
"H",1,1,4,-1,2407,1247
"H",1,1,4,-10,1,0
"H",1,1,4,-11,1,0
"H",1,1,4,-2,1213,562
"H",1,1,4,-3,600,197
"H",1,1,4,-4,260,72
"H",1,1,4,-5,105,13
"H",1,1,4,-6,44,1
"H",1,1,4,-7,9,0
"H",1,1,4,-8,5,0
"H",1,1,4,-9,2,0
"H",1,1,4,0,10123,6457
"H",1,1,4,1,2830,2039
"H",1,1,4,11,1,1
"H",1,1,4,14,1,1
"H",1,1,4,2,1267,1010
"H",1,1,4,3,550,483
"H",1,1,4,4,220,194
"H",1,1,4,5,96,90
"H",1,1,4,6,24,23
"H",1,1,4,7,8,8
"H",1,1,4,8,2,2
"H",1,1,4,9,2,2
"H",1,1,5,-1,1314,717
"H",1,1,5,-2,569,241
"H",1,1,5,-3,244,74
"H",1,1,5,-4,118,23
"H",1,1,5,-5,30,6
"H",1,1,5,-6,16,4
"H",1,1,5,-7,6,0
"H",1,1,5,-8,3,0
"H",1,1,5,-9,1,0
"H",1,1,5,0,5755,3698
"H",1,1,5,1,1769,1306
"H",1,1,5,11,1,1
"H",1,1,5,2,662,545
"H",1,1,5,3,281,244
"H",1,1,5,4,119,107
"H",1,1,5,5,43,41
"H",1,1,5,6,13,13
"H",1,1,5,7,5,5
"H",1,1,5,8,3,3
"H",1,1,6,-1,1290,727
"H",1,1,6,-2,595,285
"H",1,1,6,-3,265,81
"H",1,1,6,-4,115,23
"H",1,1,6,-5,46,10
"H",1,1,6,-6,14,0
"H",1,1,6,-7,12,2
"H",1,1,6,-8,1,0
"H",1,1,6,0,5243,3506
"H",1,1,6,1,2092,1545
"H",1,1,6,10,2,2
"H",1,1,6,11,1,1
"H",1,1,6,13,1,1
"H",1,1,6,2,841,687
"H",1,1,6,3,359,320
"H",1,1,6,4,159,144
"H",1,1,6,5,60,55
"H",1,1,6,6,18,17
"H",1,1,6,7,7,7
"H",1,1,6,8,2,2
"H",1,1,6,9,3,3
"H",1,1,7,-1,821,469
"H",1,1,7,-10,1,0
"H",1,1,7,-2,416,208
"H",1,1,7,-3,201,77
"H",1,1,7,-4,84,24
"H",1,1,7,-5,28,8
"H",1,1,7,-6,9,0
"H",1,1,7,-7,3,0
"H",1,1,7,-8,1,0
"H",1,1,7,0,3510,2436
"H",1,1,7,1,1314,1014
"H",1,1,7,2,619,512
"H",1,1,7,3,263,229
"H",1,1,7,4,89,80
"H",1,1,7,5,36,35
"H",1,1,7,6,9,8
"H",1,1,7,7,3,3
"H",1,1,8,-1,728,446
"H",1,1,8,-2,394,192
"H",1,1,8,-3,168,71
"H",1,1,8,-4,102,30
"H",1,1,8,-5,24,0
"H",1,1,8,-6,8,1
"H",1,1,8,-7,7,0
"H",1,1,8,-8,1,0
"H",1,1,8,-9,1,0
"H",1,1,8,0,3161,2222
"H",1,1,8,1,1472,1132
"H",1,1,8,10,1,1
"H",1,1,8,14,1,1
"H",1,1,8,2,657,554
"H",1,1,8,3,280,243
"H",1,1,8,4,99,96
"H",1,1,8,5,35,32
"H",1,1,8,6,12,11
"H",1,1,8,7,7,7
"H",1,1,8,8,2,2
"H",1,1,8,9,3,3
"H",1,2,1,-1,12109,5259
"H",1,2,1,-10,7,0
"H",1,2,1,-11,3,0
"H",1,2,1,-12,1,0
"H",1,2,1,-2,5769,1879
"H",1,2,1,-3,2657,660
"H",1,2,1,-4,1146,178
"H",1,2,1,-5,467,55
"H",1,2,1,-6,144,10
"H",1,2,1,-7,50,1
"H",1,2,1,-8,14,0
"H",1,2,1,-9,12,0
"H",1,2,1,0,55744,30605
"H",1,2,1,1,6368,4197
"H",1,2,1,10,3,3
"H",1,2,1,11,3,3
"H",1,2,1,13,1,1
"H",1,2,1,14,1,1
"H",1,2,1,2,3682,2774
"H",1,2,1,3,1927,1611
"H",1,2,1,4,825,728
"H",1,2,1,5,322,301
"H",1,2,1,6,116,107
"H",1,2,1,7,45,44
"H",1,2,1,8,18,17
"H",1,2,1,9,10,10
"H",1,2,2,-1,6463,2885
"H",1,2,2,-10,2,0
"H",1,2,2,-2,3242,1057
"H",1,2,2,-3,1514,378
"H",1,2,2,-4,663,107
"H",1,2,2,-5,248,23
"H",1,2,2,-6,89,7
"H",1,2,2,-7,32,0
"H",1,2,2,-8,7,1
"H",1,2,2,-9,7,0
"H",1,2,2,0,28001,15908
"H",1,2,2,1,6941,4617
"H",1,2,2,10,3,3
"H",1,2,2,11,2,2
"H",1,2,2,2,3393,2623
"H",1,2,2,3,1560,1293
"H",1,2,2,4,703,626
"H",1,2,2,5,239,225
"H",1,2,2,6,111,105
"H",1,2,2,7,51,47
"H",1,2,2,8,14,13
"H",1,2,2,9,8,8
"H",1,2,3,-1,3342,1550
"H",1,2,3,-10,2,0
"H",1,2,3,-11,1,0
"H",1,2,3,-2,1507,545
"H",1,2,3,-3,746,193
"H",1,2,3,-4,272,43
"H",1,2,3,-5,107,29
"H",1,2,3,-6,34,3
"H",1,2,3,-7,8,0
"H",1,2,3,-8,6,1
"H",1,2,3,-9,4,1
"H",1,2,3,0,14550,8411
"H",1,2,3,1,5282,3578
"H",1,2,3,10,3,3
"H",1,2,3,11,1,1
"H",1,2,3,2,2685,2047
"H",1,2,3,3,1248,1035
"H",1,2,3,4,607,550
"H",1,2,3,5,215,197
"H",1,2,3,6,103,95
"H",1,2,3,7,31,31
"H",1,2,3,8,13,13
"H",1,2,3,9,5,5
"H",1,2,4,-1,2578,1208
"H",1,2,4,-2,1336,504
"H",1,2,4,-3,631,167
"H",1,2,4,-4,248,50
"H",1,2,4,-5,102,16
"H",1,2,4,-6,33,2
"H",1,2,4,-7,8,0
"H",1,2,4,-8,7,0
"H",1,2,4,-9,3,0
"H",1,2,4,0,10761,6343
"H",1,2,4,1,4348,2962
"H",1,2,4,10,6,6
"H",1,2,4,11,3,3
"H",1,2,4,14,1,1
"H",1,2,4,2,2209,1731
"H",1,2,4,3,1000,854
"H",1,2,4,4,472,424
"H",1,2,4,5,154,145
"H",1,2,4,6,73,70
"H",1,2,4,7,39,39
"H",1,2,4,8,9,8
"H",1,2,4,9,6,6
"H",1,2,5,-1,1489,687
"H",1,2,5,-10,1,0
"H",1,2,5,-2,655,241
"H",1,2,5,-3,280,93
"H",1,2,5,-4,134,28
"H",1,2,5,-5,49,7
"H",1,2,5,-6,13,3
"H",1,2,5,-7,9,1
"H",1,2,5,-8,1,0
"H",1,2,5,-9,1,0
"H",1,2,5,0,6355,3677
"H",1,2,5,1,2652,1854
"H",1,2,5,10,1,1
"H",1,2,5,11,2,2
"H",1,2,5,2,1269,957
"H",1,2,5,3,574,478
"H",1,2,5,4,270,248
"H",1,2,5,5,90,81
"H",1,2,5,6,32,30
"H",1,2,5,7,21,21
"H",1,2,5,8,8,8
"H",1,2,5,9,3,3
"H",1,2,6,-1,1303,628
"H",1,2,6,-11,1,0
"H",1,2,6,-2,595,225
"H",1,2,6,-3,298,71
"H",1,2,6,-4,119,17
"H",1,2,6,-5,37,5
"H",1,2,6,-6,19,1
"H",1,2,6,-7,5,1
"H",1,2,6,-8,1,0
"H",1,2,6,0,5242,3145
"H",1,2,6,1,2714,1898
"H",1,2,6,10,6,6
"H",1,2,6,11,1,1
"H",1,2,6,13,1,1
"H",1,2,6,2,1315,1012
"H",1,2,6,3,634,532
"H",1,2,6,4,267,238
"H",1,2,6,5,93,82
"H",1,2,6,6,46,44
"H",1,2,6,7,21,20
"H",1,2,6,8,9,9
"H",1,2,6,9,4,4
"H",1,2,7,-1,731,347
"H",1,2,7,-10,1,0
"H",1,2,7,-2,337,136
"H",1,2,7,-3,168,39
"H",1,2,7,-4,73,11
"H",1,2,7,-5,29,3
"H",1,2,7,-6,14,1
"H",1,2,7,-7,2,0
"H",1,2,7,0,2714,1645
"H",1,2,7,1,1550,1094
"H",1,2,7,10,2,2
"H",1,2,7,11,1,1
"H",1,2,7,12,1,1
"H",1,2,7,2,832,656
"H",1,2,7,3,390,340
"H",1,2,7,4,149,125
"H",1,2,7,5,89,86
"H",1,2,7,6,24,23
"H",1,2,7,7,15,15
"H",1,2,7,8,4,4
"H",1,2,7,9,2,1
"H",1,2,8,-1,799,398
"H",1,2,8,-10,1,0
"H",1,2,8,-2,457,183
"H",1,2,8,-3,207,61
"H",1,2,8,-4,76,14
"H",1,2,8,-5,33,3
"H",1,2,8,-6,12,2
"H",1,2,8,-7,2,0
"H",1,2,8,-8,3,0
"H",1,2,8,-9,1,0
"H",1,2,8,0,3245,2036
"H",1,2,8,1,1753,1250
"H",1,2,8,10,4,4
"H",1,2,8,11,1,1
"H",1,2,8,12,1,1
"H",1,2,8,14,2,2
"H",1,2,8,15,1,1
"H",1,2,8,2,909,734
"H",1,2,8,3,496,430
"H",1,2,8,4,165,151
"H",1,2,8,5,80,76
"H",1,2,8,6,22,22
"H",1,2,8,7,18,18
"H",1,2,8,8,7,7
"H",1,2,8,9,3,3
"H",2,0,1,-1,29391,13410
"H",2,0,1,-10,50,0
"H",2,0,1,-11,17,0
"H",2,0,1,-12,10,0
"H",2,0,1,-13,3,0
"H",2,0,1,-2,15293,5300
"H",2,0,1,-3,7726,2002
"H",2,0,1,-4,3725,696
"H",2,0,1,-5,1849,301
"H",2,0,1,-6,1028,78
"H",2,0,1,-7,480,30
"H",2,0,1,-8,223,14
"H",2,0,1,-9,116,4
"H",2,0,1,0,68132,39639
"H",2,0,1,1,20548,14305
"H",2,0,1,10,17,17
"H",2,0,1,11,6,6
"H",2,0,1,12,1,1
"H",2,0,1,13,3,3
"H",2,0,1,14,1,1
"H",2,0,1,15,1,1
"H",2,0,1,2,10349,8107
"H",2,0,1,3,4917,4203
"H",2,0,1,4,2197,2013
"H",2,0,1,5,852,797
"H",2,0,1,6,317,308
"H",2,0,1,7,152,147
"H",2,0,1,8,65,65
"H",2,0,1,9,32,31
"H",2,0,2,-1,7720,3837
"H",2,0,2,-10,12,0
"H",2,0,2,-11,5,0
"H",2,0,2,-12,3,0
"H",2,0,2,-13,3,0
"H",2,0,2,-2,4061,1547
"H",2,0,2,-3,2000,587
"H",2,0,2,-4,996,235
"H",2,0,2,-5,505,103
"H",2,0,2,-6,278,27
"H",2,0,2,-7,129,10
"H",2,0,2,-8,52,3
"H",2,0,2,-9,36,2
"H",2,0,2,0,18052,11144
"H",2,0,2,1,5635,4036
"H",2,0,2,10,5,5
"H",2,0,2,11,6,6
"H",2,0,2,13,1,1
"H",2,0,2,15,1,1
"H",2,0,2,2,2922,2369
"H",2,0,2,3,1312,1146
"H",2,0,2,4,616,569
"H",2,0,2,5,259,241
"H",2,0,2,6,115,113
"H",2,0,2,7,59,57
"H",2,0,2,8,23,23
"H",2,0,2,9,10,10
"H",2,0,3,-1,2007,1073
"H",2,0,3,-10,2,0
"H",2,0,3,-12,1,0
"H",2,0,3,-2,1008,433
"H",2,0,3,-3,485,160
"H",2,0,3,-4,244,52
"H",2,0,3,-5,113,16
"H",2,0,3,-6,74,9
"H",2,0,3,-7,23,2
"H",2,0,3,-8,14,1
"H",2,0,3,-9,10,2
"H",2,0,3,0,4645,2994
"H",2,0,3,1,1780,1341
"H",2,0,3,10,5,5
"H",2,0,3,11,1,1
"H",2,0,3,13,1,1
"H",2,0,3,2,942,770
"H",2,0,3,3,443,394
"H",2,0,3,4,227,214
"H",2,0,3,5,90,85
"H",2,0,3,6,46,43
"H",2,0,3,7,19,19
"H",2,0,3,8,17,17
"H",2,0,3,9,5,5
"H",2,0,4,-1,1766,1020
"H",2,0,4,-10,2,0
"H",2,0,4,-11,1,0
"H",2,0,4,-2,1034,444
"H",2,0,4,-3,490,165
"H",2,0,4,-4,261,70
"H",2,0,4,-5,146,36
"H",2,0,4,-6,74,10
"H",2,0,4,-7,37,5
"H",2,0,4,-8,17,1
"H",2,0,4,-9,8,0
"H",2,0,4,0,3884,2607
"H",2,0,4,1,1460,1128
"H",2,0,4,10,3,3
"H",2,0,4,11,2,2
"H",2,0,4,2,749,636
"H",2,0,4,3,325,288
"H",2,0,4,4,156,149
"H",2,0,4,5,71,68
"H",2,0,4,6,32,31
"H",2,0,4,7,26,26
"H",2,0,4,8,5,5
"H",2,0,4,9,4,4
"H",2,0,5,-1,352,186
"H",2,0,5,-10,1,0
"H",2,0,5,-11,1,0
"H",2,0,5,-2,191,83
"H",2,0,5,-3,86,31
"H",2,0,5,-4,40,7
"H",2,0,5,-5,15,5
"H",2,0,5,-6,7,0
"H",2,0,5,-7,3,0
"H",2,0,5,-8,2,1
"H",2,0,5,0,823,540
"H",2,0,5,1,472,383
"H",2,0,5,10,1,1
"H",2,0,5,11,1,1
"H",2,0,5,12,1,1
"H",2,0,5,2,258,222
"H",2,0,5,3,110,100
"H",2,0,5,4,67,64
"H",2,0,5,5,25,25
"H",2,0,5,6,18,18
"H",2,0,5,7,3,3
"H",2,0,5,8,4,4
"H",2,0,5,9,2,2
"H",2,0,6,-1,653,383
"H",2,0,6,-10,2,0
"H",2,0,6,-12,1,0
"H",2,0,6,-13,1,0
"H",2,0,6,-2,301,137
"H",2,0,6,-3,151,61
"H",2,0,6,-4,69,17
"H",2,0,6,-5,34,10
"H",2,0,6,-6,27,3
"H",2,0,6,-7,8,2
"H",2,0,6,-8,5,0
"H",2,0,6,-9,2,0
"H",2,0,6,0,1559,1089
"H",2,0,6,1,718,562
"H",2,0,6,10,1,1
"H",2,0,6,11,2,2
"H",2,0,6,2,353,304
"H",2,0,6,3,173,158
"H",2,0,6,4,95,91
"H",2,0,6,5,43,39
"H",2,0,6,6,21,20
"H",2,0,6,7,11,11
"H",2,0,6,8,9,9
"H",2,0,6,9,2,2
"H",2,0,7,-1,408,278
"H",2,0,7,-10,1,0
"H",2,0,7,-11,1,0
"H",2,0,7,-2,205,96
"H",2,0,7,-3,98,36
"H",2,0,7,-4,51,14
"H",2,0,7,-5,26,5
"H",2,0,7,-6,9,2
"H",2,0,7,-7,10,1
"H",2,0,7,-8,7,1
"H",2,0,7,-9,1,0
"H",2,0,7,0,881,619
"H",2,0,7,1,442,341
"H",2,0,7,10,1,1
"H",2,0,7,2,223,194
"H",2,0,7,3,100,95
"H",2,0,7,4,64,59
"H",2,0,7,5,25,23
"H",2,0,7,6,11,10
"H",2,0,7,7,7,7
"H",2,0,7,8,4,4
"H",2,0,7,9,4,4
"H",2,0,8,-1,427,280
"H",2,0,8,-2,215,116
"H",2,0,8,-3,109,53
"H",2,0,8,-4,62,24
"H",2,0,8,-5,34,17
"H",2,0,8,-6,16,6
"H",2,0,8,-7,13,4
"H",2,0,8,-8,2,0
"H",2,0,8,-9,1,0
"H",2,0,8,0,881,652
"H",2,0,8,1,440,358
"H",2,0,8,11,1,1
"H",2,0,8,12,1,1
"H",2,0,8,2,221,196
"H",2,0,8,3,116,107
"H",2,0,8,4,61,57
"H",2,0,8,5,29,27
"H",2,0,8,6,12,12
"H",2,0,8,7,6,6
"H",2,0,8,8,4,4
"H",2,0,8,9,1,1
"H",2,1,1,-1,19790,8441
"H",2,1,1,-10,34,0
"H",2,1,1,-11,11,0
"H",2,1,1,-12,6,0
"H",2,1,1,-2,10091,3198
"H",2,1,1,-3,5175,1210
"H",2,1,1,-4,2455,389
"H",2,1,1,-5,1221,167
"H",2,1,1,-6,671,42
"H",2,1,1,-7,308,15
"H",2,1,1,-8,150,7
"H",2,1,1,-9,68,0
"H",2,1,1,0,45638,25404
"H",2,1,1,1,15451,10515
"H",2,1,1,10,20,20
"H",2,1,1,11,5,5
"H",2,1,1,12,1,1
"H",2,1,1,13,2,2
"H",2,1,1,14,1,1
"H",2,1,1,2,7834,6015
"H",2,1,1,3,3850,3237
"H",2,1,1,4,1713,1557
"H",2,1,1,5,701,652
"H",2,1,1,6,296,288
"H",2,1,1,7,159,153
"H",2,1,1,8,69,69
"H",2,1,1,9,31,30
"H",2,1,2,-1,8288,3779
"H",2,1,2,-10,15,0
"H",2,1,2,-11,8,0
"H",2,1,2,-12,6,0
"H",2,1,2,-13,2,0
"H",2,1,2,-2,4453,1589
"H",2,1,2,-3,2236,598
"H",2,1,2,-4,1110,217
"H",2,1,2,-5,552,95
"H",2,1,2,-6,313,36
"H",2,1,2,-7,147,6
"H",2,1,2,-8,61,5
"H",2,1,2,-9,40,2
"H",2,1,2,0,19138,11170
"H",2,1,2,1,7274,5118
"H",2,1,2,10,8,8
"H",2,1,2,11,9,9
"H",2,1,2,12,1,1
"H",2,1,2,13,2,2
"H",2,1,2,14,1,1
"H",2,1,2,15,1,1
"H",2,1,2,2,3718,2961
"H",2,1,2,3,1836,1574
"H",2,1,2,4,902,815
"H",2,1,2,5,427,392
"H",2,1,2,6,209,203
"H",2,1,2,7,88,86
"H",2,1,2,8,42,41
"H",2,1,2,9,20,20
"H",2,1,3,-1,3004,1444
"H",2,1,3,-10,4,0
"H",2,1,3,-2,1443,510
"H",2,1,3,-3,684,215
"H",2,1,3,-4,335,80
"H",2,1,3,-5,166,27
"H",2,1,3,-6,95,9
"H",2,1,3,-7,37,6
"H",2,1,3,-8,17,2
"H",2,1,3,-9,9,2
"H",2,1,3,0,7338,4490
"H",2,1,3,1,3562,2566
"H",2,1,3,10,6,6
"H",2,1,3,11,1,1
"H",2,1,3,13,1,1
"H",2,1,3,2,2116,1706
"H",2,1,3,3,1114,985
"H",2,1,3,4,602,554
"H",2,1,3,5,255,228
"H",2,1,3,6,126,123
"H",2,1,3,7,50,49
"H",2,1,3,8,28,28
"H",2,1,3,9,10,10
"H",2,1,4,-1,2503,1265
"H",2,1,4,-10,5,0
"H",2,1,4,-11,2,0
"H",2,1,4,-12,1,0
"H",2,1,4,-2,1467,556
"H",2,1,4,-3,737,240
"H",2,1,4,-4,393,87
"H",2,1,4,-5,215,41
"H",2,1,4,-6,121,16
"H",2,1,4,-7,61,3
"H",2,1,4,-8,22,1
"H",2,1,4,-9,15,0
"H",2,1,4,0,5710,3509
"H",2,1,4,1,2837,2092
"H",2,1,4,10,10,10
"H",2,1,4,11,4,4
"H",2,1,4,12,4,4
"H",2,1,4,13,2,2
"H",2,1,4,14,2,2
"H",2,1,4,2,1502,1230
"H",2,1,4,3,802,688
"H",2,1,4,4,424,389
"H",2,1,4,5,241,226
"H",2,1,4,6,114,108
"H",2,1,4,7,63,61
"H",2,1,4,8,26,26
"H",2,1,4,9,14,13
"H",2,1,5,-1,1077,545
"H",2,1,5,-12,1,0
"H",2,1,5,-2,485,203
"H",2,1,5,-3,233,72
"H",2,1,5,-4,127,32
"H",2,1,5,-5,45,4
"H",2,1,5,-6,32,2
"H",2,1,5,-7,8,1
"H",2,1,5,-8,4,1
"H",2,1,5,-9,4,0
"H",2,1,5,0,2474,1546
"H",2,1,5,1,1516,1150
"H",2,1,5,10,5,5
"H",2,1,5,11,1,1
"H",2,1,5,12,1,1
"H",2,1,5,2,832,685
"H",2,1,5,3,469,411
"H",2,1,5,4,236,223
"H",2,1,5,5,134,131
"H",2,1,5,6,55,55
"H",2,1,5,7,26,25
"H",2,1,5,8,14,14
"H",2,1,5,9,6,6
"H",2,1,6,-1,1105,577
"H",2,1,6,-10,3,0
"H",2,1,6,-11,1,0
"H",2,1,6,-12,2,0
"H",2,1,6,-2,565,229
"H",2,1,6,-3,291,98
"H",2,1,6,-4,157,42
"H",2,1,6,-5,56,10
"H",2,1,6,-6,35,4
"H",2,1,6,-7,19,3
"H",2,1,6,-8,12,2
"H",2,1,6,-9,3,0
"H",2,1,6,0,2603,1664
"H",2,1,6,1,1544,1172
"H",2,1,6,10,4,4
"H",2,1,6,11,2,2
"H",2,1,6,14,1,1
"H",2,1,6,15,1,1
"H",2,1,6,2,879,725
"H",2,1,6,3,465,412
"H",2,1,6,4,303,279
"H",2,1,6,5,140,131
"H",2,1,6,6,51,50
"H",2,1,6,7,36,35
"H",2,1,6,8,20,19
"H",2,1,6,9,5,5
"H",2,1,7,-1,901,519
"H",2,1,7,-10,1,0
"H",2,1,7,-11,1,0
"H",2,1,7,-12,1,0
"H",2,1,7,-2,509,218
"H",2,1,7,-3,223,80
"H",2,1,7,-4,89,30
"H",2,1,7,-5,42,6
"H",2,1,7,-6,25,4
"H",2,1,7,-7,8,2
"H",2,1,7,-8,3,0
"H",2,1,7,-9,3,1
"H",2,1,7,0,2060,1387
"H",2,1,7,1,1221,923
"H",2,1,7,10,3,3
"H",2,1,7,15,1,1
"H",2,1,7,2,769,655
"H",2,1,7,3,417,370
"H",2,1,7,4,195,186
"H",2,1,7,5,100,96
"H",2,1,7,6,46,45
"H",2,1,7,7,24,24
"H",2,1,7,8,10,10
"H",2,1,7,9,5,5
"H",2,1,8,-1,759,434
"H",2,1,8,-10,2,0
"H",2,1,8,-2,388,177
"H",2,1,8,-3,210,86
"H",2,1,8,-4,91,28
"H",2,1,8,-5,56,15
"H",2,1,8,-6,27,6
"H",2,1,8,-7,12,3
"H",2,1,8,-8,4,1
"H",2,1,8,-9,3,0
"H",2,1,8,0,1699,1148
"H",2,1,8,1,1029,819
"H",2,1,8,10,1,1
"H",2,1,8,12,1,1
"H",2,1,8,14,1,1
"H",2,1,8,2,574,473
"H",2,1,8,3,357,324
"H",2,1,8,4,225,217
"H",2,1,8,5,129,125
"H",2,1,8,6,49,47
"H",2,1,8,7,29,25
"H",2,1,8,8,19,17
"H",2,1,8,9,4,4
"H",2,2,1,-1,14962,6074
"H",2,2,1,-10,25,0
"H",2,2,1,-11,7,0
"H",2,2,1,-12,3,0
"H",2,2,1,-2,7537,2230
"H",2,2,1,-3,3911,848
"H",2,2,1,-4,1804,253
"H",2,2,1,-5,897,106
"H",2,2,1,-6,502,23
"H",2,2,1,-7,218,9
"H",2,2,1,-8,111,2
"H",2,2,1,-9,50,0
"H",2,2,1,0,34326,18414
"H",2,2,1,1,13125,8725
"H",2,2,1,10,26,26
"H",2,2,1,11,10,10
"H",2,2,1,12,3,3
"H",2,2,1,13,3,3
"H",2,2,1,15,1,1
"H",2,2,1,2,6866,5208
"H",2,2,1,3,3486,2901
"H",2,2,1,4,1683,1507
"H",2,2,1,5,850,797
"H",2,2,1,6,418,401
"H",2,2,1,7,239,230
"H",2,2,1,8,112,111
"H",2,2,1,9,41,40
"H",2,2,2,-1,7589,3147
"H",2,2,2,-10,16,0
"H",2,2,2,-11,8,0
"H",2,2,2,-12,3,0
"H",2,2,2,-2,4044,1305
"H",2,2,2,-3,2064,449
"H",2,2,2,-4,1007,171
"H",2,2,2,-5,512,69
"H",2,2,2,-6,291,20
"H",2,2,2,-7,119,6
"H",2,2,2,-8,62,3
"H",2,2,2,-9,29,1
"H",2,2,2,0,17069,9463
"H",2,2,2,1,7684,5219
"H",2,2,2,10,13,13
"H",2,2,2,11,9,9
"H",2,2,2,12,5,5
"H",2,2,2,13,3,3
"H",2,2,2,15,1,1
"H",2,2,2,16,2,2
"H",2,2,2,2,4327,3321
"H",2,2,2,3,2343,1973
"H",2,2,2,4,1275,1157
"H",2,2,2,5,668,617
"H",2,2,2,6,340,326
"H",2,2,2,7,169,160
"H",2,2,2,8,99,97
"H",2,2,2,9,39,39
"H",2,2,3,-1,3590,1631
"H",2,2,3,-10,5,0
"H",2,2,3,-11,3,0
"H",2,2,3,-12,1,0
"H",2,2,3,-13,1,0
"H",2,2,3,-2,1740,585
"H",2,2,3,-3,844,220
"H",2,2,3,-4,416,74
"H",2,2,3,-5,214,33
"H",2,2,3,-6,89,9
"H",2,2,3,-7,33,1
"H",2,2,3,-8,21,2
"H",2,2,3,-9,14,1
"H",2,2,3,0,8354,4794
"H",2,2,3,1,5068,3486
"H",2,2,3,10,12,12
"H",2,2,3,11,7,7
"H",2,2,3,13,1,1
"H",2,2,3,16,1,1
"H",2,2,3,2,3132,2441
"H",2,2,3,3,1852,1593
"H",2,2,3,4,1034,936
"H",2,2,3,5,507,467
"H",2,2,3,6,290,277
"H",2,2,3,7,128,127
"H",2,2,3,8,52,51
"H",2,2,3,9,29,29
"H",2,2,4,-1,2933,1339
"H",2,2,4,-10,7,0
"H",2,2,4,-11,4,0
"H",2,2,4,-12,2,0
"H",2,2,4,-2,1632,545
"H",2,2,4,-3,814,222
"H",2,2,4,-4,405,73
"H",2,2,4,-5,216,28
"H",2,2,4,-6,118,7
"H",2,2,4,-7,52,2
"H",2,2,4,-8,28,0
"H",2,2,4,-9,17,0
"H",2,2,4,0,6460,3741
"H",2,2,4,1,3810,2658
"H",2,2,4,10,16,16
"H",2,2,4,11,7,7
"H",2,2,4,12,6,6
"H",2,2,4,13,3,3
"H",2,2,4,2,2256,1785
"H",2,2,4,3,1242,1043
"H",2,2,4,4,696,636
"H",2,2,4,5,408,375
"H",2,2,4,6,202,193
"H",2,2,4,7,105,101
"H",2,2,4,8,52,51
"H",2,2,4,9,35,34
"H",2,2,5,-1,1431,636
"H",2,2,5,-11,1,0
"H",2,2,5,-2,658,212
"H",2,2,5,-3,332,75
"H",2,2,5,-4,171,37
"H",2,2,5,-5,74,9
"H",2,2,5,-6,51,6
"H",2,2,5,-7,13,3
"H",2,2,5,-8,5,0
"H",2,2,5,-9,5,1
"H",2,2,5,0,3306,1902
"H",2,2,5,1,2145,1482
"H",2,2,5,10,5,5
"H",2,2,5,11,2,2
"H",2,2,5,2,1287,1014
"H",2,2,5,3,819,721
"H",2,2,5,4,480,441
"H",2,2,5,5,216,201
"H",2,2,5,6,129,123
"H",2,2,5,7,54,52
"H",2,2,5,8,26,26
"H",2,2,5,9,13,13
"H",2,2,6,-1,1301,579
"H",2,2,6,-10,2,0
"H",2,2,6,-2,646,243
"H",2,2,6,-3,347,86
"H",2,2,6,-4,164,34
"H",2,2,6,-5,88,17
"H",2,2,6,-6,42,4
"H",2,2,6,-7,17,1
"H",2,2,6,-8,13,1
"H",2,2,6,-9,8,1
"H",2,2,6,0,2891,1656
"H",2,2,6,1,2018,1424
"H",2,2,6,10,6,6
"H",2,2,6,11,3,3
"H",2,2,6,14,1,1
"H",2,2,6,2,1217,987
"H",2,2,6,3,758,658
"H",2,2,6,4,462,417
"H",2,2,6,5,246,235
"H",2,2,6,6,114,109
"H",2,2,6,7,58,57
"H",2,2,6,8,36,35
"H",2,2,6,9,14,14
"H",2,2,7,-1,829,407
"H",2,2,7,-11,1,0
"H",2,2,7,-2,476,165
"H",2,2,7,-3,235,69
"H",2,2,7,-4,99,14
"H",2,2,7,-5,53,6
"H",2,2,7,-6,33,5
"H",2,2,7,-7,12,0
"H",2,2,7,-8,7,0
"H",2,2,7,-9,4,0
"H",2,2,7,0,1902,1136
"H",2,2,7,1,1413,993
"H",2,2,7,10,5,5
"H",2,2,7,11,1,1
"H",2,2,7,14,2,2
"H",2,2,7,15,1,1
"H",2,2,7,2,939,775
"H",2,2,7,3,460,396
"H",2,2,7,4,281,267
"H",2,2,7,5,132,126
"H",2,2,7,6,78,74
"H",2,2,7,7,38,37
"H",2,2,7,8,14,14
"H",2,2,7,9,7,7
"H",2,2,8,-1,908,436
"H",2,2,8,-10,4,0
"H",2,2,8,-11,1,0
"H",2,2,8,-2,484,184
"H",2,2,8,-3,270,79
"H",2,2,8,-4,111,26
"H",2,2,8,-5,48,13
"H",2,2,8,-6,31,3
"H",2,2,8,-7,16,1
"H",2,2,8,-8,6,0
"H",2,2,8,-9,5,0
"H",2,2,8,0,1975,1217
"H",2,2,8,1,1282,907
"H",2,2,8,10,5,5
"H",2,2,8,12,3,3
"H",2,2,8,13,1,1
"H",2,2,8,14,1,1
"H",2,2,8,2,871,714
"H",2,2,8,3,548,476
"H",2,2,8,4,305,283
"H",2,2,8,5,162,151
"H",2,2,8,6,94,92
"H",2,2,8,7,45,43
"H",2,2,8,8,19,18
"H",2,2,8,9,10,10
"H",3,0,1,-1,27074,12347
"H",3,0,1,-10,111,3
"H",3,0,1,-11,59,1
"H",3,0,1,-12,30,1
"H",3,0,1,-13,14,0
"H",3,0,1,-14,5,0
"H",3,0,1,-15,3,0
"H",3,0,1,-18,1,0
"H",3,0,1,-2,16785,5761
"H",3,0,1,-3,10239,2538
"H",3,0,1,-4,6095,1041
"H",3,0,1,-5,3397,436
"H",3,0,1,-6,1763,132
"H",3,0,1,-7,883,46
"H",3,0,1,-8,439,9
"H",3,0,1,-9,213,8
"H",3,0,1,0,47200,27483
"H",3,0,1,1,23500,16713
"H",3,0,1,10,56,55
"H",3,0,1,11,29,29
"H",3,0,1,12,4,4
"H",3,0,1,13,8,8
"H",3,0,1,14,3,3
"H",3,0,1,15,3,3
"H",3,0,1,16,2,2
"H",3,0,1,17,1,1
"H",3,0,1,2,12977,10460
"H",3,0,1,3,7052,6121
"H",3,0,1,4,3773,3481
"H",3,0,1,5,2061,1945
"H",3,0,1,6,1102,1065
"H",3,0,1,7,522,515
"H",3,0,1,8,250,247
"H",3,0,1,9,120,120
"H",3,0,2,-1,6795,3440
"H",3,0,2,-10,22,1
"H",3,0,2,-11,9,0
"H",3,0,2,-12,4,0
"H",3,0,2,-13,1,0
"H",3,0,2,-14,1,0
"H",3,0,2,-15,1,0
"H",3,0,2,-2,4295,1699
"H",3,0,2,-3,2652,773
"H",3,0,2,-4,1567,343
"H",3,0,2,-5,865,155
"H",3,0,2,-6,420,42
"H",3,0,2,-7,242,18
"H",3,0,2,-8,100,3
"H",3,0,2,-9,56,6
"H",3,0,2,0,11605,7308
"H",3,0,2,1,6216,4645
"H",3,0,2,10,18,17
"H",3,0,2,11,8,8
"H",3,0,2,12,2,2
"H",3,0,2,13,2,2
"H",3,0,2,14,1,1
"H",3,0,2,15,2,2
"H",3,0,2,16,1,1
"H",3,0,2,2,3715,3089
"H",3,0,2,3,2074,1823
"H",3,0,2,4,1122,1048
"H",3,0,2,5,594,566
"H",3,0,2,6,295,285
"H",3,0,2,7,155,155
"H",3,0,2,8,66,65
"H",3,0,2,9,39,39
"H",3,0,3,-1,1722,948
"H",3,0,3,-10,5,1
"H",3,0,3,-11,2,0
"H",3,0,3,-2,1025,425
"H",3,0,3,-3,573,182
"H",3,0,3,-4,341,80
"H",3,0,3,-5,190,41
"H",3,0,3,-6,107,9
"H",3,0,3,-7,39,1
"H",3,0,3,-8,22,2
"H",3,0,3,-9,15,0
"H",3,0,3,0,2821,1860
"H",3,0,3,1,1822,1410
"H",3,0,3,10,8,8
"H",3,0,3,11,3,3
"H",3,0,3,12,1,1
"H",3,0,3,13,1,1
"H",3,0,3,2,1205,1025
"H",3,0,3,3,758,679
"H",3,0,3,4,399,370
"H",3,0,3,5,216,208
"H",3,0,3,6,96,90
"H",3,0,3,7,48,47
"H",3,0,3,8,17,17
"H",3,0,3,9,17,17
"H",3,0,4,-1,1388,823
"H",3,0,4,-10,4,0
"H",3,0,4,-11,1,0
"H",3,0,4,-2,983,449
"H",3,0,4,-3,650,236
"H",3,0,4,-4,394,110
"H",3,0,4,-5,214,52
"H",3,0,4,-6,99,10
"H",3,0,4,-7,56,7
"H",3,0,4,-8,23,1
"H",3,0,4,-9,15,0
"H",3,0,4,0,2239,1563
"H",3,0,4,1,1456,1149
"H",3,0,4,10,9,8
"H",3,0,4,11,2,2
"H",3,0,4,15,1,1
"H",3,0,4,2,944,814
"H",3,0,4,3,579,517
"H",3,0,4,4,327,308
"H",3,0,4,5,207,205
"H",3,0,4,6,94,93
"H",3,0,4,7,46,44
"H",3,0,4,8,22,22
"H",3,0,4,9,17,17
"H",3,0,5,-1,380,207
"H",3,0,5,-10,2,0
"H",3,0,5,-2,198,80
"H",3,0,5,-3,134,49
"H",3,0,5,-4,75,22
"H",3,0,5,-5,38,9
"H",3,0,5,-6,17,3
"H",3,0,5,-7,15,0
"H",3,0,5,-8,7,1
"H",3,0,5,-9,2,0
"H",3,0,5,0,645,459
"H",3,0,5,1,454,352
"H",3,0,5,10,1,1
"H",3,0,5,11,2,2
"H",3,0,5,12,2,2
"H",3,0,5,14,1,1
"H",3,0,5,2,364,319
"H",3,0,5,3,201,183
"H",3,0,5,4,111,103
"H",3,0,5,5,52,51
"H",3,0,5,6,34,33
"H",3,0,5,7,17,17
"H",3,0,5,8,6,6
"H",3,0,5,9,2,2
"H",3,0,6,-1,559,340
"H",3,0,6,-10,1,0
"H",3,0,6,-11,1,0
"H",3,0,6,-2,380,198
"H",3,0,6,-3,195,71
"H",3,0,6,-4,130,31
"H",3,0,6,-5,65,18
"H",3,0,6,-6,28,4
"H",3,0,6,-7,15,1
"H",3,0,6,-8,5,1
"H",3,0,6,-9,5,2
"H",3,0,6,0,925,701
"H",3,0,6,1,727,600
"H",3,0,6,10,1,1
"H",3,0,6,11,2,1
"H",3,0,6,12,1,1
"H",3,0,6,2,532,461
"H",3,0,6,3,288,268
"H",3,0,6,4,155,147
"H",3,0,6,5,75,73
"H",3,0,6,6,30,28
"H",3,0,6,7,15,15
"H",3,0,6,8,8,8
"H",3,0,6,9,5,5
"H",3,0,7,-1,295,196
"H",3,0,7,-2,220,127
"H",3,0,7,-3,113,45
"H",3,0,7,-4,77,23
"H",3,0,7,-5,34,7
"H",3,0,7,-6,19,5
"H",3,0,7,-7,7,1
"H",3,0,7,-8,7,0
"H",3,0,7,0,459,354
"H",3,0,7,1,421,357
"H",3,0,7,10,3,3
"H",3,0,7,11,2,2
"H",3,0,7,2,323,288
"H",3,0,7,3,215,199
"H",3,0,7,4,114,108
"H",3,0,7,5,54,53
"H",3,0,7,6,29,29
"H",3,0,7,7,14,14
"H",3,0,7,8,3,3
"H",3,0,7,9,5,5
"H",3,0,8,-1,324,211
"H",3,0,8,-10,2,0
"H",3,0,8,-11,1,0
"H",3,0,8,-2,228,139
"H",3,0,8,-3,155,69
"H",3,0,8,-4,103,44
"H",3,0,8,-5,43,12
"H",3,0,8,-6,24,3
"H",3,0,8,-7,9,1
"H",3,0,8,-8,4,1
"H",3,0,8,-9,6,1
"H",3,0,8,0,506,398
"H",3,0,8,1,434,366
"H",3,0,8,10,4,4
"H",3,0,8,11,3,3
"H",3,0,8,2,306,277
"H",3,0,8,3,206,188
"H",3,0,8,4,107,104
"H",3,0,8,5,68,68
"H",3,0,8,6,39,39
"H",3,0,8,7,16,16
"H",3,0,8,8,6,6
"H",3,0,8,9,5,5
"H",3,1,1,-1,19138,8215
"H",3,1,1,-10,84,1
"H",3,1,1,-11,50,1
"H",3,1,1,-12,26,1
"H",3,1,1,-13,13,0
"H",3,1,1,-14,4,0
"H",3,1,1,-15,2,0
"H",3,1,1,-18,1,0
"H",3,1,1,-2,11741,3695
"H",3,1,1,-3,7095,1579
"H",3,1,1,-4,4216,613
"H",3,1,1,-5,2343,233
"H",3,1,1,-6,1238,80
"H",3,1,1,-7,594,27
"H",3,1,1,-8,323,6
"H",3,1,1,-9,142,3
"H",3,1,1,0,33830,18834
"H",3,1,1,1,17018,11716
"H",3,1,1,10,43,43
"H",3,1,1,11,28,28
"H",3,1,1,12,5,5
"H",3,1,1,13,7,7
"H",3,1,1,14,2,2
"H",3,1,1,15,1,1
"H",3,1,1,16,1,1
"H",3,1,1,17,1,1
"H",3,1,1,18,1,1
"H",3,1,1,2,9509,7498
"H",3,1,1,3,5377,4624
"H",3,1,1,4,2991,2742
"H",3,1,1,5,1714,1606
"H",3,1,1,6,935,899
"H",3,1,1,7,434,426
"H",3,1,1,8,230,228
"H",3,1,1,9,87,87
"H",3,1,2,-1,7585,3503
"H",3,1,2,-10,35,2
"H",3,1,2,-11,22,1
"H",3,1,2,-12,12,0
"H",3,1,2,-13,4,0
"H",3,1,2,-14,3,0
"H",3,1,2,-15,2,0
"H",3,1,2,-18,1,0
"H",3,1,2,-2,4865,1715
"H",3,1,2,-3,3009,785
"H",3,1,2,-4,1764,310
"H",3,1,2,-5,1025,132
"H",3,1,2,-6,523,41
"H",3,1,2,-7,270,16
"H",3,1,2,-8,125,2
"H",3,1,2,-9,61,3
"H",3,1,2,0,13084,7780
"H",3,1,2,1,7541,5468
"H",3,1,2,10,27,27
"H",3,1,2,11,18,18
"H",3,1,2,12,8,8
"H",3,1,2,13,5,5
"H",3,1,2,14,3,3
"H",3,1,2,15,1,1
"H",3,1,2,18,1,1
"H",3,1,2,2,4641,3740
"H",3,1,2,3,2794,2432
"H",3,1,2,4,1494,1380
"H",3,1,2,5,876,824
"H",3,1,2,6,425,411
"H",3,1,2,7,227,224
"H",3,1,2,8,117,116
"H",3,1,2,9,64,64
"H",3,1,3,-1,3522,1694
"H",3,1,3,-10,14,1
"H",3,1,3,-11,3,0
"H",3,1,3,-12,4,0
"H",3,1,3,-2,1864,690
"H",3,1,3,-3,1034,280
"H",3,1,3,-4,610,122
"H",3,1,3,-5,315,44
"H",3,1,3,-6,187,20
"H",3,1,3,-7,89,4
"H",3,1,3,-8,32,3
"H",3,1,3,-9,16,0
"H",3,1,3,0,6254,3849
"H",3,1,3,1,3987,2891
"H",3,1,3,10,15,15
"H",3,1,3,11,8,8
"H",3,1,3,12,2,2
"H",3,1,3,13,3,3
"H",3,1,3,15,1,1
"H",3,1,3,16,1,1
"H",3,1,3,2,2471,2013
"H",3,1,3,3,1493,1305
"H",3,1,3,4,875,802
"H",3,1,3,5,470,431
"H",3,1,3,6,231,223
"H",3,1,3,7,128,127
"H",3,1,3,8,57,56
"H",3,1,3,9,27,27
"H",3,1,4,-1,2378,1245
"H",3,1,4,-10,8,0
"H",3,1,4,-11,7,0
"H",3,1,4,-12,6,0
"H",3,1,4,-13,2,0
"H",3,1,4,-14,1,0
"H",3,1,4,-15,1,0
"H",3,1,4,-2,1602,658
"H",3,1,4,-3,1006,308
"H",3,1,4,-4,632,140
"H",3,1,4,-5,364,69
"H",3,1,4,-6,156,18
"H",3,1,4,-7,99,10
"H",3,1,4,-8,45,1
"H",3,1,4,-9,23,0
"H",3,1,4,0,3951,2567
"H",3,1,4,1,2821,2130
"H",3,1,4,10,13,13
"H",3,1,4,11,6,6
"H",3,1,4,12,2,2
"H",3,1,4,13,4,4
"H",3,1,4,14,2,2
"H",3,1,4,16,1,1
"H",3,1,4,2,1810,1508
"H",3,1,4,3,1178,1039
"H",3,1,4,4,714,673
"H",3,1,4,5,393,378
"H",3,1,4,6,200,196
"H",3,1,4,7,77,76
"H",3,1,4,8,50,49
"H",3,1,4,9,33,33
"H",3,1,5,-1,1082,571
"H",3,1,5,-10,2,0
"H",3,1,5,-2,640,267
"H",3,1,5,-3,338,103
"H",3,1,5,-4,173,44
"H",3,1,5,-5,94,18
"H",3,1,5,-6,55,4
"H",3,1,5,-7,28,0
"H",3,1,5,-8,23,1
"H",3,1,5,-9,5,0
"H",3,1,5,0,1980,1312
"H",3,1,5,1,1495,1117
"H",3,1,5,10,9,9
"H",3,1,5,11,4,4
"H",3,1,5,12,2,2
"H",3,1,5,13,1,1
"H",3,1,5,2,1087,921
"H",3,1,5,3,649,575
"H",3,1,5,4,364,334
"H",3,1,5,5,195,188
"H",3,1,5,6,104,95
"H",3,1,5,7,39,39
"H",3,1,5,8,22,22
"H",3,1,5,9,9,9
"H",3,1,6,-1,1158,668
"H",3,1,6,-10,4,0
"H",3,1,6,-11,2,0
"H",3,1,6,-12,1,0
"H",3,1,6,-2,677,289
"H",3,1,6,-3,446,127
"H",3,1,6,-4,252,61
"H",3,1,6,-5,91,20
"H",3,1,6,-6,72,6
"H",3,1,6,-7,35,1
"H",3,1,6,-8,14,1
"H",3,1,6,-9,11,1
"H",3,1,6,0,2038,1412
"H",3,1,6,1,1634,1271
"H",3,1,6,10,9,8
"H",3,1,6,11,7,6
"H",3,1,6,12,4,4
"H",3,1,6,15,1,1
"H",3,1,6,16,1,1
"H",3,1,6,2,1128,964
"H",3,1,6,3,682,611
"H",3,1,6,4,388,362
"H",3,1,6,5,220,209
"H",3,1,6,6,98,93
"H",3,1,6,7,51,51
"H",3,1,6,8,20,20
"H",3,1,6,9,18,18
"H",3,1,7,-1,904,534
"H",3,1,7,-10,2,0
"H",3,1,7,-11,1,0
"H",3,1,7,-12,1,0
"H",3,1,7,-2,559,265
"H",3,1,7,-3,319,116
"H",3,1,7,-4,164,47
"H",3,1,7,-5,72,16
"H",3,1,7,-6,47,8
"H",3,1,7,-7,19,2
"H",3,1,7,-8,12,0
"H",3,1,7,-9,6,0
"H",3,1,7,0,1552,1049
"H",3,1,7,1,1160,923
"H",3,1,7,10,9,9
"H",3,1,7,11,6,6
"H",3,1,7,12,1,1
"H",3,1,7,13,1,1
"H",3,1,7,14,1,1
"H",3,1,7,18,1,1
"H",3,1,7,2,831,723
"H",3,1,7,3,498,456
"H",3,1,7,4,298,272
"H",3,1,7,5,165,156
"H",3,1,7,6,83,83
"H",3,1,7,7,59,58
"H",3,1,7,8,23,23
"H",3,1,7,9,13,13
"H",3,1,8,-1,717,413
"H",3,1,8,-10,3,0
"H",3,1,8,-11,1,0
"H",3,1,8,-12,1,0
"H",3,1,8,-15,1,0
"H",3,1,8,-2,464,226
"H",3,1,8,-3,279,110
"H",3,1,8,-4,189,62
"H",3,1,8,-5,101,20
"H",3,1,8,-6,48,9
"H",3,1,8,-7,20,3
"H",3,1,8,-8,9,1
"H",3,1,8,-9,10,0
"H",3,1,8,0,1327,936
"H",3,1,8,1,1098,867
"H",3,1,8,10,8,8
"H",3,1,8,11,3,3
"H",3,1,8,12,2,2
"H",3,1,8,13,1,1
"H",3,1,8,14,1,1
"H",3,1,8,2,826,715
"H",3,1,8,3,555,498
"H",3,1,8,4,312,293
"H",3,1,8,5,194,189
"H",3,1,8,6,92,90
"H",3,1,8,7,51,50
"H",3,1,8,8,23,22
"H",3,1,8,9,13,13
"H",3,2,1,-1,14683,6052
"H",3,2,1,-10,61,0
"H",3,2,1,-11,33,0
"H",3,2,1,-12,13,1
"H",3,2,1,-13,10,0
"H",3,2,1,-14,2,0
"H",3,2,1,-15,1,0
"H",3,2,1,-2,8929,2632
"H",3,2,1,-3,5381,1115
"H",3,2,1,-4,3197,426
"H",3,2,1,-5,1726,156
"H",3,2,1,-6,900,47
"H",3,2,1,-7,444,16
"H",3,2,1,-8,238,5
"H",3,2,1,-9,107,2
"H",3,2,1,0,25894,13876
"H",3,2,1,1,13647,9161
"H",3,2,1,10,59,59
"H",3,2,1,11,34,34
"H",3,2,1,12,15,15
"H",3,2,1,13,7,7
"H",3,2,1,14,2,2
"H",3,2,1,15,1,1
"H",3,2,1,16,1,1
"H",3,2,1,17,1,1
"H",3,2,1,2,8080,6281
"H",3,2,1,3,4988,4243
"H",3,2,1,4,2982,2723
"H",3,2,1,5,1684,1574
"H",3,2,1,6,919,882
"H",3,2,1,7,419,410
"H",3,2,1,8,221,219
"H",3,2,1,9,104,104
"H",3,2,2,-1,7274,3111
"H",3,2,2,-10,30,1
"H",3,2,2,-11,19,1
"H",3,2,2,-12,10,1
"H",3,2,2,-13,6,0
"H",3,2,2,-14,2,0
"H",3,2,2,-15,1,0
"H",3,2,2,-18,1,0
"H",3,2,2,-2,4693,1466
"H",3,2,2,-3,2931,665
"H",3,2,2,-4,1753,256
"H",3,2,2,-5,989,87
"H",3,2,2,-6,507,28
"H",3,2,2,-7,272,11
"H",3,2,2,-8,115,2
"H",3,2,2,-9,57,1
"H",3,2,2,0,12606,7015
"H",3,2,2,1,8082,5480
"H",3,2,2,10,36,36
"H",3,2,2,11,23,23
"H",3,2,2,12,12,12
"H",3,2,2,13,9,9
"H",3,2,2,14,3,3
"H",3,2,2,15,1,1
"H",3,2,2,16,1,1
"H",3,2,2,2,5178,4080
"H",3,2,2,3,3343,2847
"H",3,2,2,4,2009,1839
"H",3,2,2,5,1108,1045
"H",3,2,2,6,609,581
"H",3,2,2,7,336,329
"H",3,2,2,8,173,172
"H",3,2,2,9,88,87
"H",3,2,3,-1,4162,1813
"H",3,2,3,-10,10,0
"H",3,2,3,-11,4,0
"H",3,2,3,-12,3,0
"H",3,2,3,-2,2244,693
"H",3,2,3,-3,1281,307
"H",3,2,3,-4,710,98
"H",3,2,3,-5,409,54
"H",3,2,3,-6,195,22
"H",3,2,3,-7,108,7
"H",3,2,3,-8,45,2
"H",3,2,3,-9,20,0
"H",3,2,3,0,7190,4118
"H",3,2,3,1,5008,3465
"H",3,2,3,10,27,27
"H",3,2,3,11,22,22
"H",3,2,3,12,11,11
"H",3,2,3,13,7,7
"H",3,2,3,14,1,1
"H",3,2,3,15,1,1
"H",3,2,3,2,3338,2645
"H",3,2,3,3,2125,1827
"H",3,2,3,4,1355,1243
"H",3,2,3,5,772,709
"H",3,2,3,6,428,416
"H",3,2,3,7,224,217
"H",3,2,3,8,110,109
"H",3,2,3,9,53,52
"H",3,2,4,-1,2802,1307
"H",3,2,4,-10,12,0
"H",3,2,4,-11,4,0
"H",3,2,4,-12,3,0
"H",3,2,4,-13,1,0
"H",3,2,4,-2,1862,630
"H",3,2,4,-3,1146,283
"H",3,2,4,-4,702,130
"H",3,2,4,-5,352,46
"H",3,2,4,-6,181,17
"H",3,2,4,-7,113,4
"H",3,2,4,-8,55,2
"H",3,2,4,-9,15,0
"H",3,2,4,0,4782,2800
"H",3,2,4,1,3623,2567
"H",3,2,4,10,31,31
"H",3,2,4,11,19,18
"H",3,2,4,12,4,4
"H",3,2,4,13,3,3
"H",3,2,4,14,3,3
"H",3,2,4,16,1,1
"H",3,2,4,17,1,1
"H",3,2,4,2,2532,2026
"H",3,2,4,3,1742,1504
"H",3,2,4,4,1126,1039
"H",3,2,4,5,640,601
"H",3,2,4,6,313,309
"H",3,2,4,7,193,190
"H",3,2,4,8,115,114
"H",3,2,4,9,57,57
"H",3,2,5,-1,1661,731
"H",3,2,5,-10,4,0
"H",3,2,5,-11,1,0
"H",3,2,5,-2,884,299
"H",3,2,5,-3,482,118
"H",3,2,5,-4,284,47
"H",3,2,5,-5,149,10
"H",3,2,5,-6,81,4
"H",3,2,5,-7,37,1
"H",3,2,5,-8,26,0
"H",3,2,5,-9,10,1
"H",3,2,5,0,2842,1671
"H",3,2,5,1,2237,1510
"H",3,2,5,10,14,14
"H",3,2,5,11,8,8
"H",3,2,5,12,4,4
"H",3,2,5,13,1,1
"H",3,2,5,14,1,1
"H",3,2,5,2,1506,1199
"H",3,2,5,3,984,856
"H",3,2,5,4,557,499
"H",3,2,5,5,355,330
"H",3,2,5,6,173,162
"H",3,2,5,7,100,97
"H",3,2,5,8,35,34
"H",3,2,5,9,22,22
"H",3,2,6,-1,1399,647
"H",3,2,6,-10,2,0
"H",3,2,6,-11,4,0
"H",3,2,6,-12,2,0
"H",3,2,6,-2,852,283
"H",3,2,6,-3,523,134
"H",3,2,6,-4,293,49
"H",3,2,6,-5,154,13
"H",3,2,6,-6,83,8
"H",3,2,6,-7,39,3
"H",3,2,6,-8,29,0
"H",3,2,6,-9,14,0
"H",3,2,6,0,2392,1440
"H",3,2,6,1,2033,1433
"H",3,2,6,10,7,6
"H",3,2,6,11,9,8
"H",3,2,6,12,5,5
"H",3,2,6,13,2,2
"H",3,2,6,14,1,1
"H",3,2,6,16,1,1
"H",3,2,6,2,1483,1199
"H",3,2,6,3,923,813
"H",3,2,6,4,601,559
"H",3,2,6,5,340,323
"H",3,2,6,6,176,174
"H",3,2,6,7,102,100
"H",3,2,6,8,50,50
"H",3,2,6,9,36,36
"H",3,2,7,-1,843,403
"H",3,2,7,-10,5,0
"H",3,2,7,-11,1,0
"H",3,2,7,-12,2,0
"H",3,2,7,-13,1,0
"H",3,2,7,-14,1,0
"H",3,2,7,-2,504,200
"H",3,2,7,-3,322,89
"H",3,2,7,-4,182,34
"H",3,2,7,-5,83,14
"H",3,2,7,-6,49,4
"H",3,2,7,-7,28,2
"H",3,2,7,-8,13,0
"H",3,2,7,-9,6,0
"H",3,2,7,0,1323,804
"H",3,2,7,1,1129,842
"H",3,2,7,10,12,12
"H",3,2,7,11,5,5
"H",3,2,7,12,3,3
"H",3,2,7,13,1,1
"H",3,2,7,2,852,690
"H",3,2,7,3,524,460
"H",3,2,7,4,361,339
"H",3,2,7,5,232,218
"H",3,2,7,6,121,113
"H",3,2,7,7,83,82
"H",3,2,7,8,40,39
"H",3,2,7,9,22,22
"H",3,2,8,-1,907,452
"H",3,2,8,-10,3,0
"H",3,2,8,-12,2,0
"H",3,2,8,-2,551,223
"H",3,2,8,-3,359,110
"H",3,2,8,-4,211,40
"H",3,2,8,-5,86,16
"H",3,2,8,-6,57,9
"H",3,2,8,-7,30,1
"H",3,2,8,-8,11,0
"H",3,2,8,-9,6,0
"H",3,2,8,0,1543,971
"H",3,2,8,1,1321,951
"H",3,2,8,10,17,17
"H",3,2,8,11,9,9
"H",3,2,8,12,6,6
"H",3,2,8,13,3,3
"H",3,2,8,2,972,816
"H",3,2,8,3,668,593
"H",3,2,8,4,428,398
"H",3,2,8,5,258,246
"H",3,2,8,6,144,139
"H",3,2,8,7,91,90
"H",3,2,8,8,51,50
"H",3,2,8,9,33,33
"H",4,0,1,-1,25789,11454
"H",4,0,1,-10,256,2
"H",4,0,1,-11,109,2
"H",4,0,1,-12,72,1
"H",4,0,1,-13,32,0
"H",4,0,1,-14,9,0
"H",4,0,1,-15,6,0
"H",4,0,1,-16,3,0
"H",4,0,1,-17,1,0
"H",4,0,1,-19,1,0
"H",4,0,1,-2,18086,5742
"H",4,0,1,-3,11746,2620
"H",4,0,1,-4,7177,1054
"H",4,0,1,-5,4290,422
"H",4,0,1,-6,2489,173
"H",4,0,1,-7,1400,54
"H",4,0,1,-8,795,20
"H",4,0,1,-9,457,9
"H",4,0,1,0,35231,20823
"H",4,0,1,1,22655,16377
"H",4,0,1,10,131,130
"H",4,0,1,11,78,76
"H",4,0,1,12,42,42
"H",4,0,1,13,25,25
"H",4,0,1,14,4,4
"H",4,0,1,15,5,5
"H",4,0,1,16,1,1
"H",4,0,1,17,3,3
"H",4,0,1,2,14916,12270
"H",4,0,1,3,9496,8458
"H",4,0,1,4,5774,5387
"H",4,0,1,5,3288,3161
"H",4,0,1,6,1789,1738
"H",4,0,1,7,907,898
"H",4,0,1,8,472,467
"H",4,0,1,9,265,264
"H",4,0,2,-1,6890,3471
"H",4,0,2,-10,65,1
"H",4,0,2,-11,23,1
"H",4,0,2,-12,13,1
"H",4,0,2,-13,8,0
"H",4,0,2,-14,1,0
"H",4,0,2,-15,1,0
"H",4,0,2,-19,1,0
"H",4,0,2,-2,4815,1734
"H",4,0,2,-3,3100,836
"H",4,0,2,-4,1942,358
"H",4,0,2,-5,1171,138
"H",4,0,2,-6,633,65
"H",4,0,2,-7,347,18
"H",4,0,2,-8,200,9
"H",4,0,2,-9,119,5
"H",4,0,2,0,9536,6060
"H",4,0,2,1,6189,4702
"H",4,0,2,10,43,43
"H",4,0,2,11,27,27
"H",4,0,2,12,10,10
"H",4,0,2,13,9,9
"H",4,0,2,14,1,1
"H",4,0,2,2,3970,3325
"H",4,0,2,3,2604,2371
"H",4,0,2,4,1589,1504
"H",4,0,2,5,942,918
"H",4,0,2,6,519,506
"H",4,0,2,7,275,272
"H",4,0,2,8,160,160
"H",4,0,2,9,68,68
"H",4,0,3,-1,1894,1017
"H",4,0,3,-10,15,0
"H",4,0,3,-11,6,0
"H",4,0,3,-12,6,0
"H",4,0,3,-13,1,0
"H",4,0,3,-16,1,0
"H",4,0,3,-2,1209,487
"H",4,0,3,-3,730,216
"H",4,0,3,-4,460,98
"H",4,0,3,-5,264,36
"H",4,0,3,-6,179,17
"H",4,0,3,-7,90,7
"H",4,0,3,-8,55,3
"H",4,0,3,-9,30,0
"H",4,0,3,0,2633,1750
"H",4,0,3,1,1879,1488
"H",4,0,3,10,12,12
"H",4,0,3,11,4,4
"H",4,0,3,12,2,2
"H",4,0,3,13,2,2
"H",4,0,3,14,2,2
"H",4,0,3,15,1,1
"H",4,0,3,2,1227,1030
"H",4,0,3,3,780,714
"H",4,0,3,4,497,468
"H",4,0,3,5,348,342
"H",4,0,3,6,176,170
"H",4,0,3,7,90,89
"H",4,0,3,8,46,46
"H",4,0,3,9,27,27
"H",4,0,4,-1,1510,901
"H",4,0,4,-10,17,0
"H",4,0,4,-11,11,1
"H",4,0,4,-12,1,0
"H",4,0,4,-13,2,0
"H",4,0,4,-15,1,0
"H",4,0,4,-2,1162,506
"H",4,0,4,-3,745,231
"H",4,0,4,-4,503,132
"H",4,0,4,-5,296,51
"H",4,0,4,-6,172,20
"H",4,0,4,-7,103,10
"H",4,0,4,-8,50,6
"H",4,0,4,-9,28,2
"H",4,0,4,0,2091,1453
"H",4,0,4,1,1443,1162
"H",4,0,4,10,21,21
"H",4,0,4,11,8,8
"H",4,0,4,12,3,3
"H",4,0,4,13,1,1
"H",4,0,4,14,2,2
"H",4,0,4,15,1,1
"H",4,0,4,2,1004,888
"H",4,0,4,3,590,550
"H",4,0,4,4,393,378
"H",4,0,4,5,236,233
"H",4,0,4,6,159,158
"H",4,0,4,7,100,99
"H",4,0,4,8,49,49
"H",4,0,4,9,27,27
"H",4,0,5,-1,391,225
"H",4,0,5,-10,2,0
"H",4,0,5,-12,1,0
"H",4,0,5,-2,256,104
"H",4,0,5,-3,149,41
"H",4,0,5,-4,84,24
"H",4,0,5,-5,45,4
"H",4,0,5,-6,26,1
"H",4,0,5,-7,16,1
"H",4,0,5,-8,10,0
"H",4,0,5,-9,10,0
"H",4,0,5,0,558,390
"H",4,0,5,1,451,364
"H",4,0,5,10,3,3
"H",4,0,5,11,2,2
"H",4,0,5,12,1,1
"H",4,0,5,2,306,261
"H",4,0,5,3,217,201
"H",4,0,5,4,146,140
"H",4,0,5,5,80,79
"H",4,0,5,6,52,51
"H",4,0,5,7,27,27
"H",4,0,5,8,9,9
"H",4,0,5,9,8,8
"H",4,0,6,-1,689,420
"H",4,0,6,-10,6,1
"H",4,0,6,-11,2,0
"H",4,0,6,-12,1,0
"H",4,0,6,-2,429,209
"H",4,0,6,-3,272,106
"H",4,0,6,-4,156,44
"H",4,0,6,-5,79,17
"H",4,0,6,-6,53,5
"H",4,0,6,-7,24,2
"H",4,0,6,-8,20,1
"H",4,0,6,-9,9,2
"H",4,0,6,0,957,694
"H",4,0,6,1,744,606
"H",4,0,6,10,4,4
"H",4,0,6,11,3,3
"H",4,0,6,13,2,2
"H",4,0,6,2,460,405
"H",4,0,6,3,309,290
"H",4,0,6,4,184,180
"H",4,0,6,5,122,120
"H",4,0,6,6,70,68
"H",4,0,6,7,43,43
"H",4,0,6,8,28,28
"H",4,0,6,9,20,20
"H",4,0,7,-1,381,244
"H",4,0,7,-11,1,0
"H",4,0,7,-2,251,125
"H",4,0,7,-3,172,68
"H",4,0,7,-4,115,31
"H",4,0,7,-5,62,12
"H",4,0,7,-6,40,8
"H",4,0,7,-7,16,2
"H",4,0,7,-8,11,0
"H",4,0,7,-9,5,0
"H",4,0,7,0,516,398
"H",4,0,7,1,444,381
"H",4,0,7,10,3,3
"H",4,0,7,11,1,1
"H",4,0,7,12,2,2
"H",4,0,7,16,1,1
"H",4,0,7,2,240,229
"H",4,0,7,3,169,156
"H",4,0,7,4,104,99
"H",4,0,7,5,71,68
"H",4,0,7,6,57,57
"H",4,0,7,7,16,16
"H",4,0,7,8,23,23
"H",4,0,7,9,13,13
"H",4,0,8,-1,361,239
"H",4,0,8,-10,5,1
"H",4,0,8,-2,241,130
"H",4,0,8,-3,168,73
"H",4,0,8,-4,122,33
"H",4,0,8,-5,65,14
"H",4,0,8,-6,46,2
"H",4,0,8,-7,18,1
"H",4,0,8,-8,9,2
"H",4,0,8,-9,10,1
"H",4,0,8,0,475,377
"H",4,0,8,1,360,310
"H",4,0,8,10,8,8
"H",4,0,8,11,2,2
"H",4,0,8,12,1,1
"H",4,0,8,2,272,258
"H",4,0,8,3,176,167
"H",4,0,8,4,122,119
"H",4,0,8,5,85,83
"H",4,0,8,6,55,55
"H",4,0,8,7,37,37
"H",4,0,8,8,17,17
"H",4,0,8,9,11,11
"H",4,1,1,-1,17530,7135
"H",4,1,1,-10,169,1
"H",4,1,1,-11,80,1
"H",4,1,1,-12,52,0
"H",4,1,1,-13,21,0
"H",4,1,1,-14,8,0
"H",4,1,1,-15,5,0
"H",4,1,1,-16,2,0
"H",4,1,1,-2,12269,3526
"H",4,1,1,-3,7964,1531
"H",4,1,1,-4,4795,576
"H",4,1,1,-5,2862,245
"H",4,1,1,-6,1683,88
"H",4,1,1,-7,960,25
"H",4,1,1,-8,537,10
"H",4,1,1,-9,304,4
"H",4,1,1,0,24030,13456
"H",4,1,1,1,15968,11126
"H",4,1,1,10,126,126
"H",4,1,1,11,67,65
"H",4,1,1,12,39,39
"H",4,1,1,13,17,17
"H",4,1,1,14,3,3
"H",4,1,1,15,6,6
"H",4,1,1,16,1,1
"H",4,1,1,17,3,3
"H",4,1,1,2,10986,8898
"H",4,1,1,3,6937,6083
"H",4,1,1,4,4279,3960
"H",4,1,1,5,2412,2296
"H",4,1,1,6,1344,1309
"H",4,1,1,7,721,711
"H",4,1,1,8,382,376
"H",4,1,1,9,237,234
"H",4,1,2,-1,7376,3269
"H",4,1,2,-10,85,1
"H",4,1,2,-11,30,0
"H",4,1,2,-12,19,0
"H",4,1,2,-13,9,0
"H",4,1,2,-14,4,0
"H",4,1,2,-15,1,0
"H",4,1,2,-16,1,0
"H",4,1,2,-19,1,0
"H",4,1,2,-2,5484,1733
"H",4,1,2,-3,3515,816
"H",4,1,2,-4,2168,319
"H",4,1,2,-5,1296,131
"H",4,1,2,-6,714,50
"H",4,1,2,-7,403,16
"H",4,1,2,-8,232,6
"H",4,1,2,-9,139,1
"H",4,1,2,0,10075,5989
"H",4,1,2,1,7104,5147
"H",4,1,2,10,67,67
"H",4,1,2,11,38,38
"H",4,1,2,12,22,22
"H",4,1,2,13,9,9
"H",4,1,2,14,3,3
"H",4,1,2,15,4,4
"H",4,1,2,17,1,1
"H",4,1,2,2,4944,4085
"H",4,1,2,3,3084,2766
"H",4,1,2,4,1890,1775
"H",4,1,2,5,1207,1159
"H",4,1,2,6,668,654
"H",4,1,2,7,409,400
"H",4,1,2,8,208,206
"H",4,1,2,9,119,119
"H",4,1,3,-1,3122,1498
"H",4,1,3,-10,27,0
"H",4,1,3,-11,6,1
"H",4,1,3,-12,9,0
"H",4,1,3,-13,3,0
"H",4,1,3,-15,1,0
"H",4,1,3,-16,1,0
"H",4,1,3,-2,1859,635
"H",4,1,3,-3,1154,320
"H",4,1,3,-4,661,104
"H",4,1,3,-5,417,49
"H",4,1,3,-6,239,17
"H",4,1,3,-7,133,9
"H",4,1,3,-8,78,0
"H",4,1,3,-9,47,1
"H",4,1,3,0,4509,2753
"H",4,1,3,1,3444,2543
"H",4,1,3,10,37,37
"H",4,1,3,11,19,19
"H",4,1,3,12,7,7
"H",4,1,3,13,5,5
"H",4,1,3,14,3,3
"H",4,1,3,15,4,4
"H",4,1,3,16,1,1
"H",4,1,3,17,1,1
"H",4,1,3,2,2513,2054
"H",4,1,3,3,1748,1595
"H",4,1,3,4,1099,1026
"H",4,1,3,5,713,697
"H",4,1,3,6,400,389
"H",4,1,3,7,191,191
"H",4,1,3,8,99,99
"H",4,1,3,9,54,54
"H",4,1,4,-1,2354,1229
"H",4,1,4,-10,20,0
"H",4,1,4,-11,12,0
"H",4,1,4,-12,9,0
"H",4,1,4,-13,8,0
"H",4,1,4,-14,2,0
"H",4,1,4,-16,1,0
"H",4,1,4,-2,1787,641
"H",4,1,4,-3,1186,339
"H",4,1,4,-4,711,139
"H",4,1,4,-5,468,65
"H",4,1,4,-6,268,32
"H",4,1,4,-7,163,11
"H",4,1,4,-8,92,4
"H",4,1,4,-9,57,1
"H",4,1,4,0,3281,2047
"H",4,1,4,1,2527,1935
"H",4,1,4,10,34,34
"H",4,1,4,11,19,19
"H",4,1,4,12,6,6
"H",4,1,4,13,3,3
"H",4,1,4,14,1,1
"H",4,1,4,15,3,3
"H",4,1,4,16,1,1
"H",4,1,4,18,1,1
"H",4,1,4,2,1837,1576
"H",4,1,4,3,1221,1099
"H",4,1,4,4,774,737
"H",4,1,4,5,552,539
"H",4,1,4,6,317,312
"H",4,1,4,7,195,194
"H",4,1,4,8,109,109
"H",4,1,4,9,67,67
"H",4,1,5,-1,1101,553
"H",4,1,5,-10,3,0
"H",4,1,5,-11,3,0
"H",4,1,5,-12,1,0
"H",4,1,5,-2,635,263
"H",4,1,5,-3,356,96
"H",4,1,5,-4,221,45
"H",4,1,5,-5,125,14
"H",4,1,5,-6,66,4
"H",4,1,5,-7,35,1
"H",4,1,5,-8,27,1
"H",4,1,5,-9,16,0
"H",4,1,5,0,1591,1041
"H",4,1,5,1,1341,1046
"H",4,1,5,10,8,8
"H",4,1,5,11,4,4
"H",4,1,5,12,2,2
"H",4,1,5,13,3,3
"H",4,1,5,2,1004,853
"H",4,1,5,3,649,589
"H",4,1,5,4,484,462
"H",4,1,5,5,250,245
"H",4,1,5,6,160,159
"H",4,1,5,7,82,81
"H",4,1,5,8,49,49
"H",4,1,5,9,23,23
"H",4,1,6,-1,1194,640
"H",4,1,6,-10,6,0
"H",4,1,6,-11,6,0
"H",4,1,6,-12,1,0
"H",4,1,6,-13,1,0
"H",4,1,6,-14,1,0
"H",4,1,6,-15,1,0
"H",4,1,6,-18,1,0
"H",4,1,6,-2,796,308
"H",4,1,6,-3,501,155
"H",4,1,6,-4,316,71
"H",4,1,6,-5,181,24
"H",4,1,6,-6,105,5
"H",4,1,6,-7,57,5
"H",4,1,6,-8,36,1
"H",4,1,6,-9,10,1
"H",4,1,6,0,1642,1114
"H",4,1,6,1,1416,1100
"H",4,1,6,10,18,18
"H",4,1,6,11,8,8
"H",4,1,6,12,5,5
"H",4,1,6,13,2,2
"H",4,1,6,15,1,1
"H",4,1,6,2,1031,887
"H",4,1,6,3,684,632
"H",4,1,6,4,462,443
"H",4,1,6,5,312,305
"H",4,1,6,6,181,180
"H",4,1,6,7,109,108
"H",4,1,6,8,48,48
"H",4,1,6,9,26,26
"H",4,1,7,-1,848,490
"H",4,1,7,-10,2,0
"H",4,1,7,-11,4,0
"H",4,1,7,-12,1,0
"H",4,1,7,-15,1,0
"H",4,1,7,-19,1,0
"H",4,1,7,-2,586,256
"H",4,1,7,-3,310,89
"H",4,1,7,-4,197,43
"H",4,1,7,-5,124,15
"H",4,1,7,-6,82,10
"H",4,1,7,-7,28,0
"H",4,1,7,-8,12,0
"H",4,1,7,-9,11,1
"H",4,1,7,0,1247,882
"H",4,1,7,1,1027,824
"H",4,1,7,10,11,11
"H",4,1,7,11,6,6
"H",4,1,7,12,3,3
"H",4,1,7,13,1,1
"H",4,1,7,14,1,1
"H",4,1,7,15,2,2
"H",4,1,7,17,1,1
"H",4,1,7,2,802,698
"H",4,1,7,3,524,485
"H",4,1,7,4,356,344
"H",4,1,7,5,221,217
"H",4,1,7,6,144,143
"H",4,1,7,7,70,69
"H",4,1,7,8,54,54
"H",4,1,7,9,29,29
"H",4,1,8,-1,744,453
"H",4,1,8,-10,2,0
"H",4,1,8,-11,5,0
"H",4,1,8,-14,1,0
"H",4,1,8,-2,477,218
"H",4,1,8,-3,314,118
"H",4,1,8,-4,209,53
"H",4,1,8,-5,142,35
"H",4,1,8,-6,83,17
"H",4,1,8,-7,39,4
"H",4,1,8,-8,23,1
"H",4,1,8,-9,16,0
"H",4,1,8,0,1104,769
"H",4,1,8,1,951,747
"H",4,1,8,10,15,15
"H",4,1,8,11,5,5
"H",4,1,8,12,4,4
"H",4,1,8,13,2,2
"H",4,1,8,15,1,1
"H",4,1,8,16,1,1
"H",4,1,8,2,759,679
"H",4,1,8,3,517,483
"H",4,1,8,4,334,323
"H",4,1,8,5,243,237
"H",4,1,8,6,152,151
"H",4,1,8,7,84,83
"H",4,1,8,8,46,46
"H",4,1,8,9,26,26
"H",4,2,1,-1,13275,5063
"H",4,2,1,-10,115,0
"H",4,2,1,-11,58,0
"H",4,2,1,-12,35,0
"H",4,2,1,-13,14,0
"H",4,2,1,-14,5,0
"H",4,2,1,-15,3,0
"H",4,2,1,-16,1,0
"H",4,2,1,-2,9106,2399
"H",4,2,1,-3,5927,990
"H",4,2,1,-4,3504,356
"H",4,2,1,-5,2093,136
"H",4,2,1,-6,1236,55
"H",4,2,1,-7,703,15
"H",4,2,1,-8,388,7
"H",4,2,1,-9,212,3
"H",4,2,1,0,18387,9922
"H",4,2,1,1,12921,8829
"H",4,2,1,10,127,127
"H",4,2,1,11,75,73
"H",4,2,1,12,41,41
"H",4,2,1,13,22,22
"H",4,2,1,14,7,7
"H",4,2,1,15,2,2
"H",4,2,1,16,2,2
"H",4,2,1,17,2,2
"H",4,2,1,18,1,1
"H",4,2,1,2,9044,7199
"H",4,2,1,3,5968,5190
"H",4,2,1,4,3728,3439
"H",4,2,1,5,2172,2069
"H",4,2,1,6,1259,1221
"H",4,2,1,7,756,748
"H",4,2,1,8,446,442
"H",4,2,1,9,240,237
"H",4,2,2,-1,6895,2713
"H",4,2,2,-10,79,1
"H",4,2,2,-11,24,0
"H",4,2,2,-12,17,0
"H",4,2,2,-13,8,0
"H",4,2,2,-14,4,0
"H",4,2,2,-15,1,0
"H",4,2,2,-2,5034,1462
"H",4,2,2,-3,3220,580
"H",4,2,2,-4,2009,212
"H",4,2,2,-5,1154,103
"H",4,2,2,-6,679,36
"H",4,2,2,-7,390,13
"H",4,2,2,-8,217,3
"H",4,2,2,-9,124,1
"H",4,2,2,0,9626,5417
"H",4,2,2,1,7301,5130
"H",4,2,2,10,100,100
"H",4,2,2,11,55,55
"H",4,2,2,12,35,35
"H",4,2,2,13,18,18
"H",4,2,2,14,8,8
"H",4,2,2,15,3,3
"H",4,2,2,16,1,1
"H",4,2,2,17,2,2
"H",4,2,2,18,1,1
"H",4,2,2,2,5162,4153
"H",4,2,2,3,3539,3120
"H",4,2,2,4,2330,2159
"H",4,2,2,5,1470,1412
"H",4,2,2,6,911,889
"H",4,2,2,7,540,534
"H",4,2,2,8,307,305
"H",4,2,2,9,171,170
"H",4,2,3,-1,3520,1478
"H",4,2,3,-10,30,0
"H",4,2,3,-11,8,0
"H",4,2,3,-12,10,0
"H",4,2,3,-13,2,0
"H",4,2,3,-15,1,0
"H",4,2,3,-16,1,0
"H",4,2,3,-2,2202,670
"H",4,2,3,-3,1319,287
"H",4,2,3,-4,762,89
"H",4,2,3,-5,447,42
"H",4,2,3,-6,269,12
"H",4,2,3,-7,157,7
"H",4,2,3,-8,87,2
"H",4,2,3,-9,41,0
"H",4,2,3,0,5085,2903
"H",4,2,3,1,4425,3105
"H",4,2,3,10,70,70
"H",4,2,3,11,38,38
"H",4,2,3,12,14,14
"H",4,2,3,13,6,6
"H",4,2,3,14,9,9
"H",4,2,3,15,4,4
"H",4,2,3,16,2,2
"H",4,2,3,17,3,3
"H",4,2,3,18,1,1
"H",4,2,3,2,3464,2794
"H",4,2,3,3,2513,2244
"H",4,2,3,4,1623,1508
"H",4,2,3,5,1008,967
"H",4,2,3,6,623,609
"H",4,2,3,7,344,340
"H",4,2,3,8,159,159
"H",4,2,3,9,122,122
"H",4,2,4,-1,2703,1194
"H",4,2,4,-10,35,0
"H",4,2,4,-11,11,0
"H",4,2,4,-12,9,0
"H",4,2,4,-13,6,0
"H",4,2,4,-16,1,0
"H",4,2,4,-2,1959,574
"H",4,2,4,-3,1232,264
"H",4,2,4,-4,792,92
"H",4,2,4,-5,490,40
"H",4,2,4,-6,273,14
"H",4,2,4,-7,152,5
"H",4,2,4,-8,84,2
"H",4,2,4,-9,51,1
"H",4,2,4,0,3915,2319
"H",4,2,4,1,3396,2421
"H",4,2,4,10,69,69
"H",4,2,4,11,39,39
"H",4,2,4,12,18,18
"H",4,2,4,13,10,10
"H",4,2,4,14,6,6
"H",4,2,4,15,4,4
"H",4,2,4,17,1,1
"H",4,2,4,2,2494,2060
"H",4,2,4,3,1780,1597
"H",4,2,4,4,1120,1045
"H",4,2,4,5,747,720
"H",4,2,4,6,493,478
"H",4,2,4,7,316,311
"H",4,2,4,8,153,151
"H",4,2,4,9,107,107
"H",4,2,5,-1,1463,628
"H",4,2,5,-10,14,0
"H",4,2,5,-11,7,1
"H",4,2,5,-12,1,0
"H",4,2,5,-13,1,0
"H",4,2,5,-2,889,279
"H",4,2,5,-3,548,96
"H",4,2,5,-4,334,51
"H",4,2,5,-5,207,15
"H",4,2,5,-6,88,1
"H",4,2,5,-7,58,4
"H",4,2,5,-8,30,0
"H",4,2,5,-9,21,0
"H",4,2,5,0,2094,1184
"H",4,2,5,1,1828,1322
"H",4,2,5,10,25,25
"H",4,2,5,11,15,15
"H",4,2,5,12,12,12
"H",4,2,5,13,4,4
"H",4,2,5,14,1,1
"H",4,2,5,15,1,1
"H",4,2,5,2,1380,1110
"H",4,2,5,3,985,864
"H",4,2,5,4,694,638
"H",4,2,5,5,458,445
"H",4,2,5,6,297,289
"H",4,2,5,7,140,138
"H",4,2,5,8,104,103
"H",4,2,5,9,46,46
"H",4,2,6,-1,1273,585
"H",4,2,6,-10,7,0
"H",4,2,6,-11,4,0
"H",4,2,6,-12,1,0
"H",4,2,6,-13,2,0
"H",4,2,6,-18,1,0
"H",4,2,6,-2,915,316
"H",4,2,6,-3,589,110
"H",4,2,6,-4,346,56
"H",4,2,6,-5,196,19
"H",4,2,6,-6,112,7
"H",4,2,6,-7,69,3
"H",4,2,6,-8,34,1
"H",4,2,6,-9,19,1
"H",4,2,6,0,1940,1151
"H",4,2,6,1,1703,1231
"H",4,2,6,10,36,36
"H",4,2,6,11,18,18
"H",4,2,6,12,6,6
"H",4,2,6,13,5,5
"H",4,2,6,15,2,2
"H",4,2,6,16,2,2
"H",4,2,6,18,2,2
"H",4,2,6,2,1359,1097
"H",4,2,6,3,938,844
"H",4,2,6,4,638,593
"H",4,2,6,5,429,411
"H",4,2,6,6,276,273
"H",4,2,6,7,199,198
"H",4,2,6,8,109,107
"H",4,2,6,9,59,59
"H",4,2,7,-1,784,354
"H",4,2,7,-10,8,1
"H",4,2,7,-11,1,0
"H",4,2,7,-13,1,0
"H",4,2,7,-14,1,0
"H",4,2,7,-15,1,0
"H",4,2,7,-2,571,202
"H",4,2,7,-3,325,66
"H",4,2,7,-4,191,28
"H",4,2,7,-5,108,11
"H",4,2,7,-6,79,4
"H",4,2,7,-7,42,1
"H",4,2,7,-8,18,0
"H",4,2,7,-9,16,1
"H",4,2,7,0,1214,754
"H",4,2,7,1,1097,847
"H",4,2,7,10,12,12
"H",4,2,7,11,8,8
"H",4,2,7,12,7,7
"H",4,2,7,13,3,3
"H",4,2,7,14,2,2
"H",4,2,7,15,2,2
"H",4,2,7,19,1,1
"H",4,2,7,2,867,713
"H",4,2,7,3,638,568
"H",4,2,7,4,468,436
"H",4,2,7,5,275,266
"H",4,2,7,6,163,160
"H",4,2,7,7,109,108
"H",4,2,7,8,59,59
"H",4,2,7,9,39,39
"H",4,2,8,-1,852,410
"H",4,2,8,-10,6,0
"H",4,2,8,-11,5,0
"H",4,2,8,-14,1,0
"H",4,2,8,-2,560,185
"H",4,2,8,-3,368,81
"H",4,2,8,-4,206,31
"H",4,2,8,-5,126,22
"H",4,2,8,-6,58,6
"H",4,2,8,-7,48,2
"H",4,2,8,-8,24,0
"H",4,2,8,-9,18,1
"H",4,2,8,0,1327,806
"H",4,2,8,1,1214,877
"H",4,2,8,10,20,20
"H",4,2,8,11,13,13
"H",4,2,8,12,7,7
"H",4,2,8,13,2,2
"H",4,2,8,15,1,1
"H",4,2,8,2,862,721
"H",4,2,8,3,639,571
"H",4,2,8,4,470,444
"H",4,2,8,5,321,308
"H",4,2,8,6,179,173
"H",4,2,8,7,111,111
"H",4,2,8,8,68,68
"H",4,2,8,9,41,41
"H",5,0,1,-1,22770,9594
"H",5,0,1,-10,344,2
"H",5,0,1,-11,211,0
"H",5,0,1,-12,119,1
"H",5,0,1,-13,80,0
"H",5,0,1,-14,27,0
"H",5,0,1,-15,19,0
"H",5,0,1,-16,10,0
"H",5,0,1,-17,3,0
"H",5,0,1,-18,4,0
"H",5,0,1,-19,2,0
"H",5,0,1,-2,17007,4945
"H",5,0,1,-3,11805,2307
"H",5,0,1,-4,8122,955
"H",5,0,1,-5,5455,425
"H",5,0,1,-6,3279,151
"H",5,0,1,-7,1977,66
"H",5,0,1,-8,1166,23
"H",5,0,1,-9,621,7
"H",5,0,1,0,28042,16592
"H",5,0,1,1,21863,16260
"H",5,0,1,10,295,295
"H",5,0,1,11,158,158
"H",5,0,1,12,76,76
"H",5,0,1,13,38,38
"H",5,0,1,14,23,23
"H",5,0,1,15,12,12
"H",5,0,1,16,4,4
"H",5,0,1,17,5,5
"H",5,0,1,18,3,3
"H",5,0,1,2,15788,13328
"H",5,0,1,3,10676,9676
"H",5,0,1,4,6816,6467
"H",5,0,1,5,4119,3991
"H",5,0,1,6,2579,2529
"H",5,0,1,7,1584,1572
"H",5,0,1,8,881,877
"H",5,0,1,9,497,494
"H",5,0,2,-1,5799,2769
"H",5,0,2,-10,94,1
"H",5,0,2,-11,45,0
"H",5,0,2,-12,32,0
"H",5,0,2,-13,18,0
"H",5,0,2,-14,5,0
"H",5,0,2,-15,6,0
"H",5,0,2,-16,2,0
"H",5,0,2,-17,1,0
"H",5,0,2,-18,2,0
"H",5,0,2,-19,1,0
"H",5,0,2,-2,4423,1548
"H",5,0,2,-3,2945,706
"H",5,0,2,-4,2042,301
"H",5,0,2,-5,1414,156
"H",5,0,2,-6,877,57
"H",5,0,2,-7,516,31
"H",5,0,2,-8,323,8
"H",5,0,2,-9,164,1
"H",5,0,2,0,7174,4539
"H",5,0,2,1,5724,4414
"H",5,0,2,10,74,74
"H",5,0,2,11,42,42
"H",5,0,2,12,20,20
"H",5,0,2,13,8,8
"H",5,0,2,14,3,3
"H",5,0,2,15,5,5
"H",5,0,2,16,2,2
"H",5,0,2,17,2,2
"H",5,0,2,18,2,2
"H",5,0,2,2,4284,3714
"H",5,0,2,3,2924,2699
"H",5,0,2,4,1959,1885
"H",5,0,2,5,1164,1133
"H",5,0,2,6,766,754
"H",5,0,2,7,469,466
"H",5,0,2,8,245,245
"H",5,0,2,9,147,145
"H",5,0,3,-1,1515,781
"H",5,0,3,-10,22,0
"H",5,0,3,-11,16,0
"H",5,0,3,-12,7,0
"H",5,0,3,-13,4,0
"H",5,0,3,-14,4,0
"H",5,0,3,-15,2,0
"H",5,0,3,-2,1081,389
"H",5,0,3,-3,756,204
"H",5,0,3,-4,480,93
"H",5,0,3,-5,317,33
"H",5,0,3,-6,181,14
"H",5,0,3,-7,114,8
"H",5,0,3,-8,67,3
"H",5,0,3,-9,28,1
"H",5,0,3,0,1930,1301
"H",5,0,3,1,1561,1239
"H",5,0,3,10,19,19
"H",5,0,3,11,14,14
"H",5,0,3,12,13,13
"H",5,0,3,13,4,4
"H",5,0,3,14,2,2
"H",5,0,3,2,1302,1153
"H",5,0,3,3,995,939
"H",5,0,3,4,641,613
"H",5,0,3,5,405,395
"H",5,0,3,6,250,245
"H",5,0,3,7,140,140
"H",5,0,3,8,88,88
"H",5,0,3,9,38,38
"H",5,0,4,-1,1088,631
"H",5,0,4,-10,18,0
"H",5,0,4,-11,21,0
"H",5,0,4,-12,5,0
"H",5,0,4,-13,2,0
"H",5,0,4,-14,2,0
"H",5,0,4,-15,1,0
"H",5,0,4,-17,1,0
"H",5,0,4,-18,1,0
"H",5,0,4,-2,1087,459
"H",5,0,4,-3,734,229
"H",5,0,4,-4,470,111
"H",5,0,4,-5,353,55
"H",5,0,4,-6,245,28
"H",5,0,4,-7,139,12
"H",5,0,4,-8,80,3
"H",5,0,4,-9,51,0
"H",5,0,4,0,1391,974
"H",5,0,4,1,1147,939
"H",5,0,4,10,32,32
"H",5,0,4,11,18,18
"H",5,0,4,12,8,8
"H",5,0,4,13,3,3
"H",5,0,4,14,1,1
"H",5,0,4,16,2,2
"H",5,0,4,18,1,1
"H",5,0,4,2,889,789
"H",5,0,4,3,671,638
"H",5,0,4,4,457,444
"H",5,0,4,5,363,353
"H",5,0,4,6,236,234
"H",5,0,4,7,148,147
"H",5,0,4,8,76,76
"H",5,0,4,9,49,48
"H",5,0,5,-1,321,171
"H",5,0,5,-10,4,0
"H",5,0,5,-11,1,0
"H",5,0,5,-13,1,0
"H",5,0,5,-2,211,86
"H",5,0,5,-3,150,47
"H",5,0,5,-4,69,18
"H",5,0,5,-5,60,7
"H",5,0,5,-6,34,3
"H",5,0,5,-7,16,0
"H",5,0,5,-8,16,2
"H",5,0,5,-9,10,0
"H",5,0,5,0,436,309
"H",5,0,5,1,418,352
"H",5,0,5,10,6,6
"H",5,0,5,11,4,4
"H",5,0,5,12,3,3
"H",5,0,5,13,3,3
"H",5,0,5,15,1,1
"H",5,0,5,2,320,284
"H",5,0,5,3,256,243
"H",5,0,5,4,175,168
"H",5,0,5,5,106,104
"H",5,0,5,6,78,77
"H",5,0,5,7,30,30
"H",5,0,5,8,25,25
"H",5,0,5,9,9,9
"H",5,0,6,-1,530,320
"H",5,0,6,-10,12,0
"H",5,0,6,-11,2,0
"H",5,0,6,-12,1,0
"H",5,0,6,-13,2,0
"H",5,0,6,-2,369,188
"H",5,0,6,-3,230,84
"H",5,0,6,-4,143,35
"H",5,0,6,-5,114,22
"H",5,0,6,-6,56,9
"H",5,0,6,-7,38,3
"H",5,0,6,-8,15,0
"H",5,0,6,-9,7,0
"H",5,0,6,0,636,458
"H",5,0,6,1,602,502
"H",5,0,6,10,10,10
"H",5,0,6,11,2,2
"H",5,0,6,12,2,2
"H",5,0,6,13,3,3
"H",5,0,6,14,2,2
"H",5,0,6,2,486,441
"H",5,0,6,3,374,358
"H",5,0,6,4,254,253
"H",5,0,6,5,178,178
"H",5,0,6,6,113,109
"H",5,0,6,7,52,52
"H",5,0,6,8,31,31
"H",5,0,6,9,12,12
"H",5,0,7,-1,288,166
"H",5,0,7,-10,4,0
"H",5,0,7,-11,1,0
"H",5,0,7,-12,3,0
"H",5,0,7,-13,1,0
"H",5,0,7,-2,198,100
"H",5,0,7,-3,158,62
"H",5,0,7,-4,106,31
"H",5,0,7,-5,72,11
"H",5,0,7,-6,50,6
"H",5,0,7,-7,32,6
"H",5,0,7,-8,18,1
"H",5,0,7,-9,7,0
"H",5,0,7,0,350,280
"H",5,0,7,1,308,266
"H",5,0,7,10,12,12
"H",5,0,7,11,5,5
"H",5,0,7,12,2,2
"H",5,0,7,14,1,1
"H",5,0,7,2,266,244
"H",5,0,7,3,220,208
"H",5,0,7,4,172,171
"H",5,0,7,5,115,113
"H",5,0,7,6,65,65
"H",5,0,7,7,50,50
"H",5,0,7,8,22,22
"H",5,0,7,9,14,14
"H",5,0,8,-1,290,206
"H",5,0,8,-10,8,0
"H",5,0,8,-11,8,0
"H",5,0,8,-12,2,0
"H",5,0,8,-13,2,0
"H",5,0,8,-14,1,0
"H",5,0,8,-17,1,0
"H",5,0,8,-18,1,0
"H",5,0,8,-2,251,144
"H",5,0,8,-3,173,88
"H",5,0,8,-4,92,30
"H",5,0,8,-5,79,18
"H",5,0,8,-6,58,14
"H",5,0,8,-7,39,7
"H",5,0,8,-8,21,2
"H",5,0,8,-9,10,0
"H",5,0,8,0,351,282
"H",5,0,8,1,330,289
"H",5,0,8,10,8,8
"H",5,0,8,11,4,4
"H",5,0,8,12,3,3
"H",5,0,8,14,1,1
"H",5,0,8,2,293,267
"H",5,0,8,3,217,205
"H",5,0,8,4,144,143
"H",5,0,8,5,114,113
"H",5,0,8,6,68,68
"H",5,0,8,7,52,51
"H",5,0,8,8,23,23
"H",5,0,8,9,14,13
"H",5,1,1,-1,15959,6166
"H",5,1,1,-10,221,1
"H",5,1,1,-11,150,0
"H",5,1,1,-12,83,1
"H",5,1,1,-13,54,0
"H",5,1,1,-14,20,0
"H",5,1,1,-15,11,0
"H",5,1,1,-16,8,0
"H",5,1,1,-17,2,0
"H",5,1,1,-18,2,0
"H",5,1,1,-19,1,0
"H",5,1,1,-2,11749,3069
"H",5,1,1,-3,8224,1398
"H",5,1,1,-4,5667,556
"H",5,1,1,-5,3714,233
"H",5,1,1,-6,2223,77
"H",5,1,1,-7,1358,27
"H",5,1,1,-8,783,10
"H",5,1,1,-9,421,4
"H",5,1,1,0,19619,11064
"H",5,1,1,1,15596,11316
"H",5,1,1,10,235,235
"H",5,1,1,11,123,123
"H",5,1,1,12,63,63
"H",5,1,1,13,28,28
"H",5,1,1,14,29,29
"H",5,1,1,15,11,11
"H",5,1,1,16,4,4
"H",5,1,1,17,5,5
"H",5,1,1,18,1,1
"H",5,1,1,2,11254,9349
"H",5,1,1,3,7717,6899
"H",5,1,1,4,4948,4658
"H",5,1,1,5,3171,3063
"H",5,1,1,6,1897,1861
"H",5,1,1,7,1216,1204
"H",5,1,1,8,694,689
"H",5,1,1,9,378,377
"H",5,1,2,-1,6398,2760
"H",5,1,2,-10,107,0
"H",5,1,2,-11,64,0
"H",5,1,2,-12,35,0
"H",5,1,2,-13,31,0
"H",5,1,2,-14,3,0
"H",5,1,2,-15,6,0
"H",5,1,2,-16,4,0
"H",5,1,2,-18,1,0
"H",5,1,2,-19,1,0
"H",5,1,2,-2,5044,1557
"H",5,1,2,-3,3426,666
"H",5,1,2,-4,2428,285
"H",5,1,2,-5,1618,135
"H",5,1,2,-6,986,40
"H",5,1,2,-7,589,18
"H",5,1,2,-8,362,5
"H",5,1,2,-9,180,2
"H",5,1,2,0,7969,4705
"H",5,1,2,1,6545,4914
"H",5,1,2,10,123,123
"H",5,1,2,11,57,57
"H",5,1,2,12,38,38
"H",5,1,2,13,11,11
"H",5,1,2,14,8,8
"H",5,1,2,15,7,7
"H",5,1,2,17,5,5
"H",5,1,2,18,1,1
"H",5,1,2,2,4947,4160
"H",5,1,2,3,3542,3211
"H",5,1,2,4,2406,2278
"H",5,1,2,5,1530,1491
"H",5,1,2,6,948,935
"H",5,1,2,7,588,583
"H",5,1,2,8,362,359
"H",5,1,2,9,213,210
"H",5,1,3,-1,2965,1360
"H",5,1,3,-10,33,0
"H",5,1,3,-11,23,0
"H",5,1,3,-12,14,0
"H",5,1,3,-13,3,0
"H",5,1,3,-14,3,0
"H",5,1,3,-15,1,0
"H",5,1,3,-2,1844,615
"H",5,1,3,-3,1188,224
"H",5,1,3,-4,793,107
"H",5,1,3,-5,494,51
"H",5,1,3,-6,316,20
"H",5,1,3,-7,188,8
"H",5,1,3,-8,105,3
"H",5,1,3,-9,56,1
"H",5,1,3,0,3978,2512
"H",5,1,3,1,3558,2680
"H",5,1,3,10,53,53
"H",5,1,3,11,32,32
"H",5,1,3,12,18,18
"H",5,1,3,13,6,6
"H",5,1,3,14,3,3
"H",5,1,3,15,2,2
"H",5,1,3,17,1,1
"H",5,1,3,2,2747,2388
"H",5,1,3,3,1993,1824
"H",5,1,3,4,1307,1251
"H",5,1,3,5,830,804
"H",5,1,3,6,483,471
"H",5,1,3,7,282,279
"H",5,1,3,8,176,176
"H",5,1,3,9,94,94
"H",5,1,4,-1,1971,1018
"H",5,1,4,-10,36,0
"H",5,1,4,-11,21,0
"H",5,1,4,-12,12,0
"H",5,1,4,-13,5,0
"H",5,1,4,-14,1,0
"H",5,1,4,-15,2,0
"H",5,1,4,-17,1,0
"H",5,1,4,-2,1664,624
"H",5,1,4,-3,1197,282
"H",5,1,4,-4,803,146
"H",5,1,4,-5,576,65
"H",5,1,4,-6,380,23
"H",5,1,4,-7,208,7
"H",5,1,4,-8,119,4
"H",5,1,4,-9,66,1
"H",5,1,4,0,2501,1607
"H",5,1,4,1,2303,1811
"H",5,1,4,10,56,56
"H",5,1,4,11,32,32
"H",5,1,4,12,21,21
"H",5,1,4,13,13,13
"H",5,1,4,14,6,6
"H",5,1,4,15,4,4
"H",5,1,4,17,1,1
"H",5,1,4,2,1897,1658
"H",5,1,4,3,1345,1237
"H",5,1,4,4,1005,968
"H",5,1,4,5,633,615
"H",5,1,4,6,448,441
"H",5,1,4,7,248,247
"H",5,1,4,8,173,172
"H",5,1,4,9,104,102
"H",5,1,5,-1,1015,504
"H",5,1,5,-10,14,0
"H",5,1,5,-11,6,0
"H",5,1,5,-13,2,0
"H",5,1,5,-14,2,0
"H",5,1,5,-2,601,200
"H",5,1,5,-3,402,94
"H",5,1,5,-4,229,43
"H",5,1,5,-5,150,18
"H",5,1,5,-6,76,3
"H",5,1,5,-7,51,3
"H",5,1,5,-8,27,0
"H",5,1,5,-9,18,0
"H",5,1,5,0,1386,931
"H",5,1,5,1,1240,979
"H",5,1,5,10,19,19
"H",5,1,5,11,14,14
"H",5,1,5,12,10,10
"H",5,1,5,13,1,1
"H",5,1,5,16,1,1
"H",5,1,5,2,1011,863
"H",5,1,5,3,808,757
"H",5,1,5,4,543,517
"H",5,1,5,5,331,324
"H",5,1,5,6,209,208
"H",5,1,5,7,117,117
"H",5,1,5,8,80,80
"H",5,1,5,9,33,33
"H",5,1,6,-1,988,513
"H",5,1,6,-10,14,0
"H",5,1,6,-11,8,0
"H",5,1,6,-12,1,0
"H",5,1,6,-13,5,0
"H",5,1,6,-16,1,0
"H",5,1,6,-2,684,264
"H",5,1,6,-3,492,140
"H",5,1,6,-4,350,71
"H",5,1,6,-5,228,36
"H",5,1,6,-6,132,9
"H",5,1,6,-7,98,8
"H",5,1,6,-8,48,1
"H",5,1,6,-9,20,0
"H",5,1,6,0,1288,854
"H",5,1,6,1,1178,957
"H",5,1,6,10,37,37
"H",5,1,6,11,22,22
"H",5,1,6,12,9,9
"H",5,1,6,13,4,4
"H",5,1,6,14,1,1
"H",5,1,6,2,1018,897
"H",5,1,6,3,812,760
"H",5,1,6,4,513,488
"H",5,1,6,5,360,355
"H",5,1,6,6,221,212
"H",5,1,6,7,146,145
"H",5,1,6,8,95,94
"H",5,1,6,9,56,56
"H",5,1,7,-1,731,401
"H",5,1,7,-10,6,0
"H",5,1,7,-11,4,0
"H",5,1,7,-12,5,0
"H",5,1,7,-13,3,0
"H",5,1,7,-14,1,0
"H",5,1,7,-2,664,289
"H",5,1,7,-3,310,91
"H",5,1,7,-4,224,57
"H",5,1,7,-5,151,18
"H",5,1,7,-6,92,7
"H",5,1,7,-7,41,1
"H",5,1,7,-8,26,0
"H",5,1,7,-9,22,0
"H",5,1,7,0,1000,726
"H",5,1,7,1,899,731
"H",5,1,7,10,27,26
"H",5,1,7,11,20,20
"H",5,1,7,12,3,3
"H",5,1,7,13,2,2
"H",5,1,7,14,2,2
"H",5,1,7,15,1,1
"H",5,1,7,17,1,1
"H",5,1,7,2,798,711
"H",5,1,7,3,617,577
"H",5,1,7,4,435,420
"H",5,1,7,5,304,299
"H",5,1,7,6,178,176
"H",5,1,7,7,118,117
"H",5,1,7,8,64,64
"H",5,1,7,9,37,37
"H",5,1,8,-1,628,364
"H",5,1,8,-10,13,0
"H",5,1,8,-11,7,0
"H",5,1,8,-12,3,0
"H",5,1,8,-13,3,0
"H",5,1,8,-2,490,215
"H",5,1,8,-3,323,109
"H",5,1,8,-4,205,51
"H",5,1,8,-5,143,27
"H",5,1,8,-6,90,11
"H",5,1,8,-7,51,3
"H",5,1,8,-8,22,0
"H",5,1,8,-9,18,1
"H",5,1,8,0,942,672
"H",5,1,8,1,941,780
"H",5,1,8,10,25,25
"H",5,1,8,11,14,14
"H",5,1,8,12,8,8
"H",5,1,8,13,3,3
"H",5,1,8,14,3,3
"H",5,1,8,15,2,2
"H",5,1,8,16,1,1
"H",5,1,8,2,865,768
"H",5,1,8,3,640,596
"H",5,1,8,4,450,432
"H",5,1,8,5,283,280
"H",5,1,8,6,182,180
"H",5,1,8,7,111,111
"H",5,1,8,8,67,67
"H",5,1,8,9,36,36
"H",5,2,1,-1,12405,4469
"H",5,2,1,-10,152,1
"H",5,2,1,-11,98,0
"H",5,2,1,-12,64,1
"H",5,2,1,-13,39,0
"H",5,2,1,-14,18,0
"H",5,2,1,-15,9,0
"H",5,2,1,-16,6,0
"H",5,2,1,-17,2,0
"H",5,2,1,-18,2,0
"H",5,2,1,-19,1,0
"H",5,2,1,-2,8885,2080
"H",5,2,1,-3,6316,966
"H",5,2,1,-4,4263,361
"H",5,2,1,-5,2810,136
"H",5,2,1,-6,1650,54
"H",5,2,1,-7,992,18
"H",5,2,1,-8,574,6
"H",5,2,1,-9,315,2
"H",5,2,1,0,15214,8246
"H",5,2,1,1,12384,8797
"H",5,2,1,10,208,208
"H",5,2,1,11,128,128
"H",5,2,1,12,69,69
"H",5,2,1,13,35,35
"H",5,2,1,14,22,22
"H",5,2,1,15,12,12
"H",5,2,1,16,3,3
"H",5,2,1,17,3,3
"H",5,2,1,18,2,2
"H",5,2,1,2,9154,7511
"H",5,2,1,3,6399,5682
"H",5,2,1,4,4246,4004
"H",5,2,1,5,2827,2716
"H",5,2,1,6,1749,1716
"H",5,2,1,7,1135,1124
"H",5,2,1,8,598,595
"H",5,2,1,9,333,333
"H",5,2,2,-1,6246,2440
"H",5,2,2,-10,95,1
"H",5,2,2,-11,56,0
"H",5,2,2,-12,41,0
"H",5,2,2,-13,26,0
"H",5,2,2,-14,6,0
"H",5,2,2,-15,5,0
"H",5,2,2,-16,4,0
"H",5,2,2,-18,1,0
"H",5,2,2,-19,1,0
"H",5,2,2,-2,4761,1249
"H",5,2,2,-3,3454,588
"H",5,2,2,-4,2343,234
"H",5,2,2,-5,1603,86
"H",5,2,2,-6,948,34
"H",5,2,2,-7,588,12
"H",5,2,2,-8,328,3
"H",5,2,2,-9,183,1
"H",5,2,2,0,7625,4265
"H",5,2,2,1,6537,4723
"H",5,2,2,10,160,160
"H",5,2,2,11,104,104
"H",5,2,2,12,50,50
"H",5,2,2,13,25,25
"H",5,2,2,14,15,15
"H",5,2,2,15,8,8
"H",5,2,2,16,2,2
"H",5,2,2,17,6,6
"H",5,2,2,18,3,3
"H",5,2,2,19,2,2
"H",5,2,2,2,5169,4273
"H",5,2,2,20,1,1
"H",5,2,2,3,3852,3476
"H",5,2,2,4,2680,2520
"H",5,2,2,5,1771,1706
"H",5,2,2,6,1129,1110
"H",5,2,2,7,746,732
"H",5,2,2,8,462,459
"H",5,2,2,9,278,277
"H",5,2,3,-1,3568,1431
"H",5,2,3,-10,40,0
"H",5,2,3,-11,32,0
"H",5,2,3,-12,13,0
"H",5,2,3,-13,3,0
"H",5,2,3,-14,1,0
"H",5,2,3,-15,2,0
"H",5,2,3,-18,1,0
"H",5,2,3,-2,2250,643
"H",5,2,3,-3,1445,248
"H",5,2,3,-4,966,91
"H",5,2,3,-5,610,45
"H",5,2,3,-6,352,22
"H",5,2,3,-7,194,1
"H",5,2,3,-8,109,1
"H",5,2,3,-9,60,1
"H",5,2,3,0,4775,2779
"H",5,2,3,1,4153,3062
"H",5,2,3,10,90,90
"H",5,2,3,11,53,53
"H",5,2,3,12,41,41
"H",5,2,3,13,16,16
"H",5,2,3,14,9,9
"H",5,2,3,15,3,3
"H",5,2,3,16,3,3
"H",5,2,3,17,2,2
"H",5,2,3,18,1,1
"H",5,2,3,2,3328,2790
"H",5,2,3,3,2467,2198
"H",5,2,3,4,1796,1705
"H",5,2,3,5,1222,1186
"H",5,2,3,6,767,756
"H",5,2,3,7,480,474
"H",5,2,3,8,273,272
"H",5,2,3,9,157,157
"H",5,2,4,-1,2495,1113
"H",5,2,4,-10,28,0
"H",5,2,4,-11,27,0
"H",5,2,4,-12,23,0
"H",5,2,4,-13,6,0
"H",5,2,4,-14,3,0
"H",5,2,4,-15,3,0
"H",5,2,4,-16,1,0
"H",5,2,4,-18,1,0
"H",5,2,4,-2,1859,575
"H",5,2,4,-3,1404,264
"H",5,2,4,-4,928,112
"H",5,2,4,-5,641,50
"H",5,2,4,-6,384,20
"H",5,2,4,-7,238,8
"H",5,2,4,-8,119,1
"H",5,2,4,-9,75,1
"H",5,2,4,0,3355,1957
"H",5,2,4,1,2994,2229
"H",5,2,4,10,102,102
"H",5,2,4,11,63,63
"H",5,2,4,12,31,31
"H",5,2,4,13,27,27
"H",5,2,4,14,11,11
"H",5,2,4,15,5,5
"H",5,2,4,16,2,2
"H",5,2,4,17,2,2
"H",5,2,4,18,2,2
"H",5,2,4,19,2,2
"H",5,2,4,2,2518,2105
"H",5,2,4,20,2,2
"H",5,2,4,3,1947,1759
"H",5,2,4,4,1448,1390
"H",5,2,4,5,920,887
"H",5,2,4,6,644,633
"H",5,2,4,7,374,370
"H",5,2,4,8,243,242
"H",5,2,4,9,157,157
"H",5,2,5,-1,1414,587
"H",5,2,5,-10,19,0
"H",5,2,5,-11,12,0
"H",5,2,5,-12,6,0
"H",5,2,5,-13,2,0
"H",5,2,5,-14,3,0
"H",5,2,5,-2,846,247
"H",5,2,5,-3,575,84
"H",5,2,5,-4,394,40
"H",5,2,5,-5,227,14
"H",5,2,5,-6,142,6
"H",5,2,5,-7,95,4
"H",5,2,5,-8,50,0
"H",5,2,5,-9,22,0
"H",5,2,5,0,1807,1048
"H",5,2,5,1,1722,1252
"H",5,2,5,10,43,43
"H",5,2,5,11,28,28
"H",5,2,5,12,13,13
"H",5,2,5,13,8,8
"H",5,2,5,14,1,1
"H",5,2,5,15,2,2
"H",5,2,5,16,4,4
"H",5,2,5,18,1,1
"H",5,2,5,2,1395,1148
"H",5,2,5,3,1032,939
"H",5,2,5,4,715,674
"H",5,2,5,5,519,497
"H",5,2,5,6,347,343
"H",5,2,5,7,207,203
"H",5,2,5,8,142,142
"H",5,2,5,9,86,86
"H",5,2,6,-1,1280,558
"H",5,2,6,-10,23,0
"H",5,2,6,-11,7,0
"H",5,2,6,-12,5,0
"H",5,2,6,-13,5,0
"H",5,2,6,-2,863,260
"H",5,2,6,-3,626,132
"H",5,2,6,-4,404,52
"H",5,2,6,-5,268,13
"H",5,2,6,-6,154,8
"H",5,2,6,-7,94,1
"H",5,2,6,-8,62,1
"H",5,2,6,-9,31,0
"H",5,2,6,0,1613,924
"H",5,2,6,1,1542,1117
"H",5,2,6,10,53,53
"H",5,2,6,11,36,36
"H",5,2,6,12,22,22
"H",5,2,6,13,5,5
"H",5,2,6,14,4,4
"H",5,2,6,17,2,2
"H",5,2,6,18,2,2
"H",5,2,6,2,1333,1116
"H",5,2,6,3,1105,1004
"H",5,2,6,4,733,702
"H",5,2,6,5,493,479
"H",5,2,6,6,329,324
"H",5,2,6,7,223,222
"H",5,2,6,8,128,125
"H",5,2,6,9,85,85
"H",5,2,7,-1,734,354
"H",5,2,7,-10,11,0
"H",5,2,7,-11,8,0
"H",5,2,7,-12,5,0
"H",5,2,7,-13,1,0
"H",5,2,7,-14,1,0
"H",5,2,7,-19,1,0
"H",5,2,7,-2,563,186
"H",5,2,7,-3,346,72
"H",5,2,7,-4,240,38
"H",5,2,7,-5,177,14
"H",5,2,7,-6,99,7
"H",5,2,7,-7,47,2
"H",5,2,7,-8,42,1
"H",5,2,7,-9,16,0
"H",5,2,7,0,1007,631
"H",5,2,7,1,911,685
"H",5,2,7,10,34,33
"H",5,2,7,11,19,19
"H",5,2,7,12,7,7
"H",5,2,7,13,5,5
"H",5,2,7,14,1,1
"H",5,2,7,15,3,3
"H",5,2,7,16,1,1
"H",5,2,7,18,1,1
"H",5,2,7,2,784,673
"H",5,2,7,3,647,589
"H",5,2,7,4,442,421
"H",5,2,7,5,345,336
"H",5,2,7,6,223,221
"H",5,2,7,7,128,127
"H",5,2,7,8,84,84
"H",5,2,7,9,43,43
"H",5,2,8,-1,758,382
"H",5,2,8,-10,10,0
"H",5,2,8,-11,6,0
"H",5,2,8,-12,4,0
"H",5,2,8,-13,1,0
"H",5,2,8,-14,1,0
"H",5,2,8,-2,569,206
"H",5,2,8,-3,398,94
"H",5,2,8,-4,238,41
"H",5,2,8,-5,155,11
"H",5,2,8,-6,111,8
"H",5,2,8,-7,52,1
"H",5,2,8,-8,26,0
"H",5,2,8,-9,20,0
"H",5,2,8,0,1143,723
"H",5,2,8,1,1117,855
"H",5,2,8,10,37,36
"H",5,2,8,11,25,25
"H",5,2,8,12,12,12
"H",5,2,8,13,3,3
"H",5,2,8,14,6,6
"H",5,2,8,15,4,4
"H",5,2,8,2,1029,897
"H",5,2,8,20,1,1
"H",5,2,8,3,798,717
"H",5,2,8,4,569,540
"H",5,2,8,5,356,347
"H",5,2,8,6,244,241
"H",5,2,8,7,163,163
"H",5,2,8,8,105,105
"H",5,2,8,9,59,59
"H",6,0,1,-1,20944,8554
"H",6,0,1,-10,548,0
"H",6,0,1,-11,331,1
"H",6,0,1,-12,208,2
"H",6,0,1,-13,122,0
"H",6,0,1,-14,60,0
"H",6,0,1,-15,27,0
"H",6,0,1,-16,23,0
"H",6,0,1,-17,16,0
"H",6,0,1,-18,5,0
"H",6,0,1,-19,4,0
"H",6,0,1,-2,16832,4490
"H",6,0,1,-20,2,0
"H",6,0,1,-21,2,0
"H",6,0,1,-3,12459,2015
"H",6,0,1,-4,8771,817
"H",6,0,1,-5,6134,358
"H",6,0,1,-6,3849,124
"H",6,0,1,-7,2362,44
"H",6,0,1,-8,1502,16
"H",6,0,1,-9,849,4
"H",6,0,1,0,23675,14224
"H",6,0,1,1,20053,15550
"H",6,0,1,10,438,437
"H",6,0,1,11,276,276
"H",6,0,1,12,147,147
"H",6,0,1,13,71,71
"H",6,0,1,14,43,43
"H",6,0,1,15,28,28
"H",6,0,1,16,11,11
"H",6,0,1,17,8,8
"H",6,0,1,18,3,3
"H",6,0,1,19,2,2
"H",6,0,1,2,15451,13486
"H",6,0,1,20,2,2
"H",6,0,1,3,11284,10509
"H",6,0,1,4,7811,7531
"H",6,0,1,5,5156,5034
"H",6,0,1,6,3323,3305
"H",6,0,1,7,2112,2097
"H",6,0,1,8,1246,1244
"H",6,0,1,9,753,752
"H",6,0,2,-1,5603,2674
"H",6,0,2,-10,127,0
"H",6,0,2,-11,77,1
"H",6,0,2,-12,57,0
"H",6,0,2,-13,35,0
"H",6,0,2,-14,12,0
"H",6,0,2,-15,3,0
"H",6,0,2,-16,4,0
"H",6,0,2,-17,6,0
"H",6,0,2,-18,1,0
"H",6,0,2,-19,1,0
"H",6,0,2,-2,4532,1455
"H",6,0,2,-21,1,0
"H",6,0,2,-3,3235,699
"H",6,0,2,-4,2306,304
"H",6,0,2,-5,1658,152
"H",6,0,2,-6,1048,49
"H",6,0,2,-7,602,19
"H",6,0,2,-8,410,5
"H",6,0,2,-9,206,1
"H",6,0,2,0,6279,4068
"H",6,0,2,1,5305,4259
"H",6,0,2,10,125,124
"H",6,0,2,11,92,92
"H",6,0,2,12,43,43
"H",6,0,2,13,21,21
"H",6,0,2,14,11,11
"H",6,0,2,15,6,6
"H",6,0,2,16,3,3
"H",6,0,2,17,3,3
"H",6,0,2,18,1,1
"H",6,0,2,19,1,1
"H",6,0,2,2,4233,3772
"H",6,0,2,3,3119,2909
"H",6,0,2,4,2136,2073
"H",6,0,2,5,1424,1393
"H",6,0,2,6,981,973
"H",6,0,2,7,563,558
"H",6,0,2,8,385,384
"H",6,0,2,9,245,245
"H",6,0,3,-1,1417,738
"H",6,0,3,-10,37,0
"H",6,0,3,-11,22,0
"H",6,0,3,-12,21,0
"H",6,0,3,-13,7,0
"H",6,0,3,-14,3,0
"H",6,0,3,-15,3,0
"H",6,0,3,-16,1,0
"H",6,0,3,-17,1,0
"H",6,0,3,-18,1,0
"H",6,0,3,-2,1079,393
"H",6,0,3,-3,824,190
"H",6,0,3,-4,586,80
"H",6,0,3,-5,358,26
"H",6,0,3,-6,246,15
"H",6,0,3,-7,149,6
"H",6,0,3,-8,102,2
"H",6,0,3,-9,52,1
"H",6,0,3,0,1629,1133
"H",6,0,3,1,1580,1311
"H",6,0,3,10,42,42
"H",6,0,3,11,29,29
"H",6,0,3,12,20,20
"H",6,0,3,13,5,5
"H",6,0,3,14,5,5
"H",6,0,3,15,5,5
"H",6,0,3,16,1,1
"H",6,0,3,2,1231,1106
"H",6,0,3,3,987,936
"H",6,0,3,4,651,637
"H",6,0,3,5,447,441
"H",6,0,3,6,274,272
"H",6,0,3,7,159,158
"H",6,0,3,8,107,107
"H",6,0,3,9,64,64
"H",6,0,4,-1,1186,703
"H",6,0,4,-10,32,0
"H",6,0,4,-11,27,0
"H",6,0,4,-12,24,0
"H",6,0,4,-13,4,0
"H",6,0,4,-14,2,0
"H",6,0,4,-15,1,0
"H",6,0,4,-16,3,0
"H",6,0,4,-17,1,0
"H",6,0,4,-2,1159,479
"H",6,0,4,-3,884,279
"H",6,0,4,-4,634,132
"H",6,0,4,-5,418,55
"H",6,0,4,-6,265,21
"H",6,0,4,-7,155,4
"H",6,0,4,-8,100,0
"H",6,0,4,-9,52,1
"H",6,0,4,0,1216,872
"H",6,0,4,1,1094,921
"H",6,0,4,10,36,36
"H",6,0,4,11,22,22
"H",6,0,4,12,14,14
"H",6,0,4,13,1,1
"H",6,0,4,14,2,2
"H",6,0,4,15,1,1
"H",6,0,4,2,939,848
"H",6,0,4,3,656,633
"H",6,0,4,4,515,507
"H",6,0,4,5,360,355
"H",6,0,4,6,270,269
"H",6,0,4,7,159,159
"H",6,0,4,8,124,124
"H",6,0,4,9,68,68
"H",6,0,5,-1,286,178
"H",6,0,5,-10,9,0
"H",6,0,5,-11,4,0
"H",6,0,5,-12,3,1
"H",6,0,5,-17,1,0
"H",6,0,5,-2,244,95
"H",6,0,5,-3,169,53
"H",6,0,5,-4,129,24
"H",6,0,5,-5,86,10
"H",6,0,5,-6,57,4
"H",6,0,5,-7,35,1
"H",6,0,5,-8,15,1
"H",6,0,5,-9,12,0
"H",6,0,5,0,337,265
"H",6,0,5,1,365,306
"H",6,0,5,10,10,10
"H",6,0,5,11,10,10
"H",6,0,5,12,6,6
"H",6,0,5,14,1,1
"H",6,0,5,2,329,304
"H",6,0,5,3,241,230
"H",6,0,5,4,156,153
"H",6,0,5,5,119,112
"H",6,0,5,6,83,83
"H",6,0,5,7,45,45
"H",6,0,5,8,38,38
"H",6,0,5,9,31,31
"H",6,0,6,-1,532,343
"H",6,0,6,-10,17,0
"H",6,0,6,-11,8,0
"H",6,0,6,-12,2,0
"H",6,0,6,-13,1,0
"H",6,0,6,-15,1,0
"H",6,0,6,-16,1,0
"H",6,0,6,-17,2,0
"H",6,0,6,-2,389,193
"H",6,0,6,-3,275,76
"H",6,0,6,-4,194,36
"H",6,0,6,-5,138,19
"H",6,0,6,-6,79,4
"H",6,0,6,-7,40,2
"H",6,0,6,-8,32,1
"H",6,0,6,-9,22,0
"H",6,0,6,0,574,429
"H",6,0,6,1,490,429
"H",6,0,6,10,16,16
"H",6,0,6,11,16,16
"H",6,0,6,12,6,6
"H",6,0,6,13,2,2
"H",6,0,6,14,1,1
"H",6,0,6,2,442,414
"H",6,0,6,3,320,308
"H",6,0,6,4,240,238
"H",6,0,6,5,147,147
"H",6,0,6,6,132,132
"H",6,0,6,7,70,69
"H",6,0,6,8,49,49
"H",6,0,6,9,28,28
"H",6,0,7,-1,272,180
"H",6,0,7,-10,8,0
"H",6,0,7,-11,4,0
"H",6,0,7,-12,4,0
"H",6,0,7,-13,1,0
"H",6,0,7,-15,1,0
"H",6,0,7,-2,242,100
"H",6,0,7,-3,169,67
"H",6,0,7,-4,111,29
"H",6,0,7,-5,93,16
"H",6,0,7,-6,55,4
"H",6,0,7,-7,40,0
"H",6,0,7,-8,21,1
"H",6,0,7,-9,7,1
"H",6,0,7,0,301,246
"H",6,0,7,1,293,259
"H",6,0,7,10,13,13
"H",6,0,7,11,6,6
"H",6,0,7,12,8,8
"H",6,0,7,13,2,2
"H",6,0,7,2,239,226
"H",6,0,7,3,198,190
"H",6,0,7,4,124,122
"H",6,0,7,5,110,109
"H",6,0,7,6,77,76
"H",6,0,7,7,52,52
"H",6,0,7,8,29,29
"H",6,0,7,9,27,27
"H",6,0,8,-1,298,212
"H",6,0,8,-10,6,0
"H",6,0,8,-11,4,0
"H",6,0,8,-12,2,0
"H",6,0,8,-13,2,0
"H",6,0,8,-2,257,131
"H",6,0,8,-3,179,80
"H",6,0,8,-4,137,46
"H",6,0,8,-5,81,17
"H",6,0,8,-6,60,5
"H",6,0,8,-7,28,2
"H",6,0,8,-8,15,0
"H",6,0,8,-9,5,0
"H",6,0,8,0,344,265
"H",6,0,8,1,326,289
"H",6,0,8,10,9,9
"H",6,0,8,11,8,8
"H",6,0,8,12,3,3
"H",6,0,8,13,1,1
"H",6,0,8,14,1,1
"H",6,0,8,2,276,267
"H",6,0,8,3,198,195
"H",6,0,8,4,164,162
"H",6,0,8,5,99,99
"H",6,0,8,6,87,87
"H",6,0,8,7,51,51
"H",6,0,8,8,36,36
"H",6,0,8,9,27,27
"H",6,1,1,-1,14506,5267
"H",6,1,1,-10,388,0
"H",6,1,1,-11,228,0
"H",6,1,1,-12,129,1
"H",6,1,1,-13,81,0
"H",6,1,1,-14,45,0
"H",6,1,1,-15,24,0
"H",6,1,1,-16,18,0
"H",6,1,1,-17,9,0
"H",6,1,1,-18,3,0
"H",6,1,1,-19,3,0
"H",6,1,1,-2,11431,2631
"H",6,1,1,-20,2,0
"H",6,1,1,-21,1,0
"H",6,1,1,-3,8535,1123
"H",6,1,1,-4,5963,429
"H",6,1,1,-5,4131,178
"H",6,1,1,-6,2569,57
"H",6,1,1,-7,1614,22
"H",6,1,1,-8,984,8
"H",6,1,1,-9,592,2
"H",6,1,1,0,16553,9373
"H",6,1,1,1,14078,10632
"H",6,1,1,10,352,352
"H",6,1,1,11,199,199
"H",6,1,1,12,125,125
"H",6,1,1,13,63,63
"H",6,1,1,14,40,40
"H",6,1,1,15,20,20
"H",6,1,1,16,11,11
"H",6,1,1,17,7,7
"H",6,1,1,18,2,2
"H",6,1,1,19,1,1
"H",6,1,1,2,10887,9377
"H",6,1,1,20,2,2
"H",6,1,1,21,1,1
"H",6,1,1,3,8055,7470
"H",6,1,1,4,5722,5500
"H",6,1,1,5,3758,3663
"H",6,1,1,6,2397,2383
"H",6,1,1,7,1585,1576
"H",6,1,1,8,918,917
"H",6,1,1,9,556,555
"H",6,1,2,-1,6168,2581
"H",6,1,2,-10,150,0
"H",6,1,2,-11,100,0
"H",6,1,2,-12,60,0
"H",6,1,2,-13,47,0
"H",6,1,2,-14,19,0
"H",6,1,2,-15,7,0
"H",6,1,2,-16,10,0
"H",6,1,2,-17,6,0
"H",6,1,2,-18,1,0
"H",6,1,2,-19,1,0
"H",6,1,2,-2,5140,1436
"H",6,1,2,-21,2,0
"H",6,1,2,-3,3872,636
"H",6,1,2,-4,2724,251
"H",6,1,2,-5,1857,116
"H",6,1,2,-6,1205,43
"H",6,1,2,-7,733,16
"H",6,1,2,-8,445,1
"H",6,1,2,-9,247,1
"H",6,1,2,0,6895,4189
"H",6,1,2,1,6011,4696
"H",6,1,2,10,186,185
"H",6,1,2,11,102,102
"H",6,1,2,12,63,63
"H",6,1,2,13,34,34
"H",6,1,2,14,20,20
"H",6,1,2,15,13,13
"H",6,1,2,16,8,8
"H",6,1,2,17,5,5
"H",6,1,2,18,1,1
"H",6,1,2,19,1,1
"H",6,1,2,2,4774,4166
"H",6,1,2,3,3655,3396
"H",6,1,2,4,2643,2547
"H",6,1,2,5,1738,1704
"H",6,1,2,6,1165,1157
"H",6,1,2,7,819,811
"H",6,1,2,8,493,492
"H",6,1,2,9,325,324
"H",6,1,3,-1,2875,1275
"H",6,1,3,-10,52,0
"H",6,1,3,-11,29,0
"H",6,1,3,-12,13,0
"H",6,1,3,-13,9,0
"H",6,1,3,-14,6,0
"H",6,1,3,-15,3,0
"H",6,1,3,-16,1,0
"H",6,1,3,-19,1,0
"H",6,1,3,-2,1699,514
"H",6,1,3,-3,1223,202
"H",6,1,3,-4,877,90
"H",6,1,3,-5,609,34
"H",6,1,3,-6,365,16
"H",6,1,3,-7,234,6
"H",6,1,3,-8,150,1
"H",6,1,3,-9,86,0
"H",6,1,3,0,3616,2273
"H",6,1,3,1,3156,2498
"H",6,1,3,10,87,87
"H",6,1,3,11,51,51
"H",6,1,3,12,32,32
"H",6,1,3,13,18,18
"H",6,1,3,14,11,11
"H",6,1,3,15,9,9
"H",6,1,3,17,2,2
"H",6,1,3,19,1,1
"H",6,1,3,2,2561,2265
"H",6,1,3,20,1,1
"H",6,1,3,3,2054,1932
"H",6,1,3,4,1407,1374
"H",6,1,3,5,1010,991
"H",6,1,3,6,613,608
"H",6,1,3,7,383,381
"H",6,1,3,8,230,229
"H",6,1,3,9,149,149
"H",6,1,4,-1,2135,1079
"H",6,1,4,-10,57,0
"H",6,1,4,-11,33,0
"H",6,1,4,-12,29,0
"H",6,1,4,-13,11,0
"H",6,1,4,-14,5,0
"H",6,1,4,-15,6,0
"H",6,1,4,-16,6,0
"H",6,1,4,-17,2,0
"H",6,1,4,-2,1723,597
"H",6,1,4,-3,1338,277
"H",6,1,4,-4,1005,133
"H",6,1,4,-5,672,60
"H",6,1,4,-6,457,28
"H",6,1,4,-7,259,8
"H",6,1,4,-8,145,0
"H",6,1,4,-9,90,0
"H",6,1,4,0,2477,1619
"H",6,1,4,1,2236,1840
"H",6,1,4,10,96,96
"H",6,1,4,11,52,52
"H",6,1,4,12,41,41
"H",6,1,4,13,11,11
"H",6,1,4,14,5,5
"H",6,1,4,15,4,4
"H",6,1,4,16,4,4
"H",6,1,4,17,3,3
"H",6,1,4,2,1827,1608
"H",6,1,4,3,1395,1298
"H",6,1,4,4,1033,1000
"H",6,1,4,5,797,781
"H",6,1,4,6,540,536
"H",6,1,4,7,363,361
"H",6,1,4,8,227,225
"H",6,1,4,9,149,148
"H",6,1,5,-1,925,484
"H",6,1,5,-10,17,0
"H",6,1,5,-11,18,1
"H",6,1,5,-12,8,1
"H",6,1,5,-13,3,0
"H",6,1,5,-17,1,0
"H",6,1,5,-18,1,0
"H",6,1,5,-2,634,212
"H",6,1,5,-3,437,85
"H",6,1,5,-4,304,34
"H",6,1,5,-5,169,9
"H",6,1,5,-6,116,6
"H",6,1,5,-7,59,1
"H",6,1,5,-8,40,0
"H",6,1,5,-9,20,0
"H",6,1,5,0,1124,787
"H",6,1,5,1,1208,985
"H",6,1,5,10,36,36
"H",6,1,5,11,17,17
"H",6,1,5,12,9,9
"H",6,1,5,13,8,8
"H",6,1,5,14,5,5
"H",6,1,5,15,4,4
"H",6,1,5,16,1,1
"H",6,1,5,2,934,835
"H",6,1,5,3,761,724
"H",6,1,5,4,560,550
"H",6,1,5,5,403,393
"H",6,1,5,6,238,234
"H",6,1,5,7,154,154
"H",6,1,5,8,101,101
"H",6,1,5,9,63,63
"H",6,1,6,-1,984,524
"H",6,1,6,-10,24,0
"H",6,1,6,-11,16,0
"H",6,1,6,-12,7,0
"H",6,1,6,-13,5,0
"H",6,1,6,-14,5,0
"H",6,1,6,-15,2,0
"H",6,1,6,-16,1,0
"H",6,1,6,-19,1,0
"H",6,1,6,-2,744,294
"H",6,1,6,-3,526,140
"H",6,1,6,-4,376,52
"H",6,1,6,-5,234,23
"H",6,1,6,-6,149,6
"H",6,1,6,-7,88,0
"H",6,1,6,-8,56,0
"H",6,1,6,-9,42,0
"H",6,1,6,0,1252,896
"H",6,1,6,1,1160,959
"H",6,1,6,10,54,54
"H",6,1,6,11,27,27
"H",6,1,6,12,13,13
"H",6,1,6,13,8,8
"H",6,1,6,14,6,6
"H",6,1,6,15,2,2
"H",6,1,6,16,2,2
"H",6,1,6,17,1,1
"H",6,1,6,2,950,866
"H",6,1,6,3,756,718
"H",6,1,6,4,540,533
"H",6,1,6,5,376,370
"H",6,1,6,6,302,301
"H",6,1,6,7,180,178
"H",6,1,6,8,101,100
"H",6,1,6,9,60,60
"H",6,1,7,-1,817,480
"H",6,1,7,-10,12,0
"H",6,1,7,-11,10,0
"H",6,1,7,-12,7,0
"H",6,1,7,-13,1,0
"H",6,1,7,-15,3,0
"H",6,1,7,-16,2,0
"H",6,1,7,-2,677,267
"H",6,1,7,-3,406,119
"H",6,1,7,-4,240,45
"H",6,1,7,-5,161,11
"H",6,1,7,-6,99,4
"H",6,1,7,-7,71,4
"H",6,1,7,-8,44,2
"H",6,1,7,-9,24,0
"H",6,1,7,0,879,654
"H",6,1,7,1,910,768
"H",6,1,7,10,37,37
"H",6,1,7,11,23,23
"H",6,1,7,12,14,14
"H",6,1,7,13,8,8
"H",6,1,7,14,2,2
"H",6,1,7,15,5,5
"H",6,1,7,18,1,1
"H",6,1,7,2,757,692
"H",6,1,7,3,633,596
"H",6,1,7,4,452,442
"H",6,1,7,5,320,318
"H",6,1,7,6,236,234
"H",6,1,7,7,128,128
"H",6,1,7,8,76,76
"H",6,1,7,9,69,68
"H",6,1,8,-1,765,461
"H",6,1,8,-10,8,0
"H",6,1,8,-11,8,0
"H",6,1,8,-12,4,0
"H",6,1,8,-13,4,0
"H",6,1,8,-14,2,0
"H",6,1,8,-15,2,0
"H",6,1,8,-16,2,0
"H",6,1,8,-2,512,226
"H",6,1,8,-3,376,119
"H",6,1,8,-4,257,54
"H",6,1,8,-5,155,25
"H",6,1,8,-6,124,10
"H",6,1,8,-7,52,1
"H",6,1,8,-8,43,0
"H",6,1,8,-9,11,0
"H",6,1,8,0,1086,803
"H",6,1,8,1,986,841
"H",6,1,8,10,27,27
"H",6,1,8,11,18,18
"H",6,1,8,12,22,22
"H",6,1,8,13,7,7
"H",6,1,8,14,6,6
"H",6,1,8,18,1,1
"H",6,1,8,2,882,822
"H",6,1,8,3,642,614
"H",6,1,8,4,445,438
"H",6,1,8,5,326,322
"H",6,1,8,6,245,244
"H",6,1,8,7,153,153
"H",6,1,8,8,97,96
"H",6,1,8,9,56,56
"H",6,2,1,-1,10992,3568
"H",6,2,1,-10,288,1
"H",6,2,1,-11,153,1
"H",6,2,1,-12,105,1
"H",6,2,1,-13,56,0
"H",6,2,1,-14,29,0
"H",6,2,1,-15,17,0
"H",6,2,1,-16,8,0
"H",6,2,1,-17,7,0
"H",6,2,1,-18,2,0
"H",6,2,1,-19,2,0
"H",6,2,1,-2,8619,1703
"H",6,2,1,-20,2,0
"H",6,2,1,-3,6375,695
"H",6,2,1,-4,4374,258
"H",6,2,1,-5,3063,106
"H",6,2,1,-6,1900,29
"H",6,2,1,-7,1184,13
"H",6,2,1,-8,748,7
"H",6,2,1,-9,457,1
"H",6,2,1,0,12785,6908
"H",6,2,1,1,11074,8157
"H",6,2,1,10,329,329
"H",6,2,1,11,212,212
"H",6,2,1,12,125,125
"H",6,2,1,13,61,61
"H",6,2,1,14,38,38
"H",6,2,1,15,19,19
"H",6,2,1,16,11,11
"H",6,2,1,17,8,8
"H",6,2,1,18,3,3
"H",6,2,1,2,8822,7507
"H",6,2,1,21,1,1
"H",6,2,1,3,6575,6043
"H",6,2,1,4,4665,4475
"H",6,2,1,5,3162,3075
"H",6,2,1,6,2081,2064
"H",6,2,1,7,1341,1334
"H",6,2,1,8,818,818
"H",6,2,1,9,501,501
"H",6,2,2,-1,5848,2018
"H",6,2,2,-10,160,0
"H",6,2,2,-11,93,1
"H",6,2,2,-12,57,0
"H",6,2,2,-13,42,0
"H",6,2,2,-14,19,0
"H",6,2,2,-15,7,0
"H",6,2,2,-16,6,0
"H",6,2,2,-17,5,0
"H",6,2,2,-18,3,0
"H",6,2,2,-2,4904,1087
"H",6,2,2,-21,1,0
"H",6,2,2,-3,3648,465
"H",6,2,2,-4,2547,196
"H",6,2,2,-5,1723,81
"H",6,2,2,-6,1109,18
"H",6,2,2,-7,675,8
"H",6,2,2,-8,470,1
"H",6,2,2,-9,230,0
"H",6,2,2,0,6734,3741
"H",6,2,2,1,6013,4515
"H",6,2,2,10,234,233
"H",6,2,2,11,128,128
"H",6,2,2,12,87,87
"H",6,2,2,13,44,44
"H",6,2,2,14,24,24
"H",6,2,2,15,20,20
"H",6,2,2,16,9,9
"H",6,2,2,17,7,7
"H",6,2,2,18,1,1
"H",6,2,2,19,1,1
"H",6,2,2,2,4918,4256
"H",6,2,2,3,3731,3419
"H",6,2,2,4,2809,2699
"H",6,2,2,5,1964,1908
"H",6,2,2,6,1325,1315
"H",6,2,2,7,949,942
"H",6,2,2,8,656,655
"H",6,2,2,9,372,372
"H",6,2,3,-1,3185,1195
"H",6,2,3,-10,70,0
"H",6,2,3,-11,42,0
"H",6,2,3,-12,15,0
"H",6,2,3,-13,11,0
"H",6,2,3,-14,4,0
"H",6,2,3,-15,4,0
"H",6,2,3,-16,1,0
"H",6,2,3,-19,1,0
"H",6,2,3,-2,2108,513
"H",6,2,3,-3,1487,181
"H",6,2,3,-4,1011,81
"H",6,2,3,-5,675,33
"H",6,2,3,-6,449,7
"H",6,2,3,-7,248,4
"H",6,2,3,-8,173,2
"H",6,2,3,-9,110,1
"H",6,2,3,0,3782,2211
"H",6,2,3,1,3591,2711
"H",6,2,3,10,137,137
"H",6,2,3,11,97,97
"H",6,2,3,12,46,46
"H",6,2,3,13,21,21
"H",6,2,3,14,18,18
"H",6,2,3,15,7,7
"H",6,2,3,16,5,5
"H",6,2,3,17,1,1
"H",6,2,3,18,1,1
"H",6,2,3,19,2,2
"H",6,2,3,2,3191,2753
"H",6,2,3,20,2,2
"H",6,2,3,22,1,1
"H",6,2,3,3,2588,2412
"H",6,2,3,4,1771,1708
"H",6,2,3,5,1332,1306
"H",6,2,3,6,806,800
"H",6,2,3,7,548,546
"H",6,2,3,8,370,370
"H",6,2,3,9,254,254
"H",6,2,4,-1,2530,1016
"H",6,2,4,-10,62,0
"H",6,2,4,-11,47,0
"H",6,2,4,-12,29,0
"H",6,2,4,-13,14,0
"H",6,2,4,-14,3,0
"H",6,2,4,-15,2,0
"H",6,2,4,-16,4,0
"H",6,2,4,-17,1,0
"H",6,2,4,-2,2055,577
"H",6,2,4,-3,1492,209
"H",6,2,4,-4,1094,104
"H",6,2,4,-5,748,43
"H",6,2,4,-6,470,12
"H",6,2,4,-7,279,6
"H",6,2,4,-8,157,0
"H",6,2,4,-9,80,0
"H",6,2,4,0,3159,1876
"H",6,2,4,1,2979,2271
"H",6,2,4,10,136,136
"H",6,2,4,11,84,84
"H",6,2,4,12,48,48
"H",6,2,4,13,33,33
"H",6,2,4,14,14,14
"H",6,2,4,15,12,12
"H",6,2,4,16,3,3
"H",6,2,4,17,6,6
"H",6,2,4,18,3,3
"H",6,2,4,19,1,1
"H",6,2,4,2,2507,2173
"H",6,2,4,20,1,1
"H",6,2,4,21,1,1
"H",6,2,4,3,1982,1830
"H",6,2,4,4,1441,1387
"H",6,2,4,5,1023,1000
"H",6,2,4,6,716,710
"H",6,2,4,7,488,485
"H",6,2,4,8,330,328
"H",6,2,4,9,193,192
"H",6,2,5,-1,1312,506
"H",6,2,5,-10,18,0
"H",6,2,5,-11,13,0
"H",6,2,5,-12,10,0
"H",6,2,5,-13,1,0
"H",6,2,5,-14,1,0
"H",6,2,5,-17,2,0
"H",6,2,5,-18,1,0
"H",6,2,5,-19,1,0
"H",6,2,5,-2,866,208
"H",6,2,5,-3,627,86
"H",6,2,5,-4,455,33
"H",6,2,5,-5,295,12
"H",6,2,5,-6,163,4
"H",6,2,5,-7,110,1
"H",6,2,5,-8,59,0
"H",6,2,5,-9,36,0
"H",6,2,5,0,1520,883
"H",6,2,5,1,1530,1175
"H",6,2,5,10,68,67
"H",6,2,5,11,34,34
"H",6,2,5,12,21,21
"H",6,2,5,13,14,14
"H",6,2,5,14,6,6
"H",6,2,5,15,4,4
"H",6,2,5,16,5,5
"H",6,2,5,2,1216,1048
"H",6,2,5,3,1030,954
"H",6,2,5,4,789,766
"H",6,2,5,5,527,510
"H",6,2,5,6,353,349
"H",6,2,5,7,231,229
"H",6,2,5,8,182,180
"H",6,2,5,9,107,107
"H",6,2,6,-1,1258,540
"H",6,2,6,-10,33,0
"H",6,2,6,-11,16,0
"H",6,2,6,-12,14,0
"H",6,2,6,-13,5,0
"H",6,2,6,-14,3,0
"H",6,2,6,-15,1,0
"H",6,2,6,-16,1,0
"H",6,2,6,-2,898,254
"H",6,2,6,-3,645,110
"H",6,2,6,-4,528,40
"H",6,2,6,-5,337,15
"H",6,2,6,-6,209,6
"H",6,2,6,-7,104,1
"H",6,2,6,-8,60,0
"H",6,2,6,-9,44,0
"H",6,2,6,0,1493,916
"H",6,2,6,1,1506,1176
"H",6,2,6,10,77,77
"H",6,2,6,11,35,35
"H",6,2,6,12,26,26
"H",6,2,6,13,9,9
"H",6,2,6,14,8,8
"H",6,2,6,15,6,6
"H",6,2,6,16,7,7
"H",6,2,6,17,1,1
"H",6,2,6,19,1,1
"H",6,2,6,2,1313,1155
"H",6,2,6,20,2,2
"H",6,2,6,3,999,929
"H",6,2,6,4,738,716
"H",6,2,6,5,567,554
"H",6,2,6,6,399,391
"H",6,2,6,7,268,262
"H",6,2,6,8,164,164
"H",6,2,6,9,91,91
"H",6,2,7,-1,765,340
"H",6,2,7,-10,15,0
"H",6,2,7,-11,8,0
"H",6,2,7,-12,4,0
"H",6,2,7,-13,5,0
"H",6,2,7,-14,1,0
"H",6,2,7,-15,1,0
"H",6,2,7,-16,1,0
"H",6,2,7,-2,616,174
"H",6,2,7,-3,399,76
"H",6,2,7,-4,270,28
"H",6,2,7,-5,202,10
"H",6,2,7,-6,106,2
"H",6,2,7,-7,74,1
"H",6,2,7,-8,55,1
"H",6,2,7,-9,26,0
"H",6,2,7,0,815,531
"H",6,2,7,1,940,734
"H",6,2,7,10,47,47
"H",6,2,7,11,32,32
"H",6,2,7,12,18,18
"H",6,2,7,13,12,12
"H",6,2,7,14,6,6
"H",6,2,7,15,4,4
"H",6,2,7,17,1,1
"H",6,2,7,2,819,716
"H",6,2,7,20,1,1
"H",6,2,7,3,659,611
"H",6,2,7,4,513,496
"H",6,2,7,5,359,355
"H",6,2,7,6,269,265
"H",6,2,7,7,145,145
"H",6,2,7,8,92,92
"H",6,2,7,9,74,74
"H",6,2,8,-1,905,418
"H",6,2,8,-10,14,0
"H",6,2,8,-11,12,0
"H",6,2,8,-12,3,0
"H",6,2,8,-13,3,0
"H",6,2,8,-14,2,0
"H",6,2,8,-15,1,0
"H",6,2,8,-2,632,198
"H",6,2,8,-3,409,83
"H",6,2,8,-4,266,35
"H",6,2,8,-5,198,13
"H",6,2,8,-6,116,3
"H",6,2,8,-7,65,1
"H",6,2,8,-8,38,0
"H",6,2,8,-9,21,0
"H",6,2,8,0,1254,803
"H",6,2,8,1,1102,864
"H",6,2,8,10,50,50
"H",6,2,8,11,29,29
"H",6,2,8,12,20,20
"H",6,2,8,13,10,10
"H",6,2,8,14,7,7
"H",6,2,8,15,2,2
"H",6,2,8,16,5,5
"H",6,2,8,17,2,2
"H",6,2,8,18,2,2
"H",6,2,8,2,1010,893
"H",6,2,8,3,759,715
"H",6,2,8,4,557,536
"H",6,2,8,5,421,412
"H",6,2,8,6,304,301
"H",6,2,8,7,171,171
"H",6,2,8,8,134,134
"H",6,2,8,9,72,72
"H",7,0,1,-1,19110,6891
"H",7,0,1,-10,704,1
"H",7,0,1,-11,437,1
"H",7,0,1,-12,291,2
"H",7,0,1,-13,150,0
"H",7,0,1,-14,98,0
"H",7,0,1,-15,61,0
"H",7,0,1,-16,30,0
"H",7,0,1,-17,25,0
"H",7,0,1,-18,8,0
"H",7,0,1,-19,9,0
"H",7,0,1,-2,15829,3446
"H",7,0,1,-20,3,0
"H",7,0,1,-21,2,0
"H",7,0,1,-22,2,0
"H",7,0,1,-24,1,0
"H",7,0,1,-3,12143,1438
"H",7,0,1,-4,8898,552
"H",7,0,1,-5,6517,261
"H",7,0,1,-6,4410,71
"H",7,0,1,-7,2890,31
"H",7,0,1,-8,1857,11
"H",7,0,1,-9,1097,1
"H",7,0,1,0,20844,12749
"H",7,0,1,1,18732,15375
"H",7,0,1,10,674,673
"H",7,0,1,11,418,418
"H",7,0,1,12,236,236
"H",7,0,1,13,133,133
"H",7,0,1,14,74,74
"H",7,0,1,15,41,41
"H",7,0,1,16,29,29
"H",7,0,1,17,14,14
"H",7,0,1,18,7,7
"H",7,0,1,19,3,3
"H",7,0,1,2,15231,13872
"H",7,0,1,20,1,1
"H",7,0,1,21,3,3
"H",7,0,1,22,1,1
"H",7,0,1,3,11562,11056
"H",7,0,1,4,8339,8151
"H",7,0,1,5,5783,5730
"H",7,0,1,6,3879,3859
"H",7,0,1,7,2531,2526
"H",7,0,1,8,1688,1686
"H",7,0,1,9,1060,1060
"H",7,0,2,-1,5112,2236
"H",7,0,2,-10,166,0
"H",7,0,2,-11,104,0
"H",7,0,2,-12,78,0
"H",7,0,2,-13,39,0
"H",7,0,2,-14,30,0
"H",7,0,2,-15,15,0
"H",7,0,2,-16,9,0
"H",7,0,2,-17,5,0
"H",7,0,2,-18,3,0
"H",7,0,2,-19,3,0
"H",7,0,2,-2,4200,1241
"H",7,0,2,-21,1,0
"H",7,0,2,-22,1,0
"H",7,0,2,-3,3209,567
"H",7,0,2,-4,2343,202
"H",7,0,2,-5,1714,96
"H",7,0,2,-6,1169,27
"H",7,0,2,-7,787,18
"H",7,0,2,-8,482,3
"H",7,0,2,-9,287,1
"H",7,0,2,0,5643,3768
"H",7,0,2,1,5060,4308
"H",7,0,2,10,177,177
"H",7,0,2,11,135,135
"H",7,0,2,12,65,65
"H",7,0,2,13,37,37
"H",7,0,2,14,23,23
"H",7,0,2,15,12,12
"H",7,0,2,16,7,7
"H",7,0,2,17,7,7
"H",7,0,2,18,2,2
"H",7,0,2,19,1,1
"H",7,0,2,2,4150,3852
"H",7,0,2,22,1,1
"H",7,0,2,3,3194,3081
"H",7,0,2,4,2288,2240
"H",7,0,2,5,1574,1564
"H",7,0,2,6,1140,1135
"H",7,0,2,7,734,732
"H",7,0,2,8,450,449
"H",7,0,2,9,302,302
"H",7,0,3,-1,1172,612
"H",7,0,3,-10,54,0
"H",7,0,3,-11,27,0
"H",7,0,3,-12,14,1
"H",7,0,3,-13,8,0
"H",7,0,3,-14,10,0
"H",7,0,3,-15,7,0
"H",7,0,3,-16,3,0
"H",7,0,3,-17,2,0
"H",7,0,3,-2,954,302
"H",7,0,3,-3,741,128
"H",7,0,3,-4,578,58
"H",7,0,3,-5,381,31
"H",7,0,3,-6,266,10
"H",7,0,3,-7,160,3
"H",7,0,3,-8,109,0
"H",7,0,3,-9,65,0
"H",7,0,3,0,1405,1037
"H",7,0,3,1,1325,1158
"H",7,0,3,10,59,59
"H",7,0,3,11,31,31
"H",7,0,3,12,25,25
"H",7,0,3,13,9,9
"H",7,0,3,14,8,8
"H",7,0,3,15,5,5
"H",7,0,3,17,2,2
"H",7,0,3,18,2,2
"H",7,0,3,2,1132,1057
"H",7,0,3,21,1,1
"H",7,0,3,22,1,1
"H",7,0,3,3,889,862
"H",7,0,3,4,785,774
"H",7,0,3,5,521,521
"H",7,0,3,6,360,358
"H",7,0,3,7,249,249
"H",7,0,3,8,161,161
"H",7,0,3,9,92,92
"H",7,0,4,-1,922,514
"H",7,0,4,-10,47,0
"H",7,0,4,-11,21,0
"H",7,0,4,-12,16,0
"H",7,0,4,-13,11,0
"H",7,0,4,-14,11,0
"H",7,0,4,-15,1,0
"H",7,0,4,-16,2,0
"H",7,0,4,-17,1,0
"H",7,0,4,-19,2,0
"H",7,0,4,-2,1114,419
"H",7,0,4,-3,873,237
"H",7,0,4,-4,596,73
"H",7,0,4,-5,449,40
"H",7,0,4,-6,311,11
"H",7,0,4,-7,204,8
"H",7,0,4,-8,119,2
"H",7,0,4,-9,78,1
"H",7,0,4,0,979,725
"H",7,0,4,1,906,802
"H",7,0,4,10,46,46
"H",7,0,4,11,33,33
"H",7,0,4,12,20,20
"H",7,0,4,13,10,10
"H",7,0,4,14,7,7
"H",7,0,4,15,3,3
"H",7,0,4,16,2,2
"H",7,0,4,17,3,3
"H",7,0,4,18,3,3
"H",7,0,4,2,817,770
"H",7,0,4,3,694,679
"H",7,0,4,4,574,564
"H",7,0,4,5,419,418
"H",7,0,4,6,317,316
"H",7,0,4,7,181,180
"H",7,0,4,8,159,159
"H",7,0,4,9,105,105
"H",7,0,5,-1,248,143
"H",7,0,5,-10,8,0
"H",7,0,5,-11,9,0
"H",7,0,5,-12,2,0
"H",7,0,5,-13,5,0
"H",7,0,5,-14,1,0
"H",7,0,5,-17,1,0
"H",7,0,5,-2,198,66
"H",7,0,5,-3,153,28
"H",7,0,5,-4,79,12
"H",7,0,5,-5,69,3
"H",7,0,5,-6,54,0
"H",7,0,5,-7,42,0
"H",7,0,5,-8,22,0
"H",7,0,5,-9,15,0
"H",7,0,5,0,298,230
"H",7,0,5,1,315,290
"H",7,0,5,10,10,10
"H",7,0,5,11,10,10
"H",7,0,5,12,5,5
"H",7,0,5,13,3,3
"H",7,0,5,14,2,2
"H",7,0,5,16,1,1
"H",7,0,5,17,2,2
"H",7,0,5,2,282,268
"H",7,0,5,3,236,227
"H",7,0,5,4,191,190
"H",7,0,5,5,139,137
"H",7,0,5,6,77,77
"H",7,0,5,7,72,72
"H",7,0,5,8,45,45
"H",7,0,5,9,20,20
"H",7,0,6,-1,414,249
"H",7,0,6,-10,10,0
"H",7,0,6,-11,8,0
"H",7,0,6,-12,8,0
"H",7,0,6,-13,2,0
"H",7,0,6,-14,4,0
"H",7,0,6,-15,2,0
"H",7,0,6,-16,2,0
"H",7,0,6,-17,2,0
"H",7,0,6,-2,346,157
"H",7,0,6,-3,256,60
"H",7,0,6,-4,190,21
"H",7,0,6,-5,148,15
"H",7,0,6,-6,87,7
"H",7,0,6,-7,63,2
"H",7,0,6,-8,30,1
"H",7,0,6,-9,26,0
"H",7,0,6,0,455,370
"H",7,0,6,1,443,421
"H",7,0,6,10,22,22
"H",7,0,6,11,14,14
"H",7,0,6,12,3,3
"H",7,0,6,13,2,2
"H",7,0,6,15,2,2
"H",7,0,6,17,1,1
"H",7,0,6,18,1,1
"H",7,0,6,2,418,405
"H",7,0,6,22,1,1
"H",7,0,6,3,314,310
"H",7,0,6,4,280,278
"H",7,0,6,5,171,170
"H",7,0,6,6,105,105
"H",7,0,6,7,112,112
"H",7,0,6,8,59,59
"H",7,0,6,9,35,35
"H",7,0,7,-1,201,136
"H",7,0,7,-10,7,0
"H",7,0,7,-11,6,0
"H",7,0,7,-12,3,0
"H",7,0,7,-13,2,0
"H",7,0,7,-16,1,0
"H",7,0,7,-2,228,129
"H",7,0,7,-3,166,62
"H",7,0,7,-4,122,21
"H",7,0,7,-5,81,11
"H",7,0,7,-6,57,3
"H",7,0,7,-7,39,1
"H",7,0,7,-8,26,2
"H",7,0,7,-9,11,0
"H",7,0,7,0,227,182
"H",7,0,7,1,241,225
"H",7,0,7,10,8,8
"H",7,0,7,11,6,6
"H",7,0,7,12,5,5
"H",7,0,7,14,3,3
"H",7,0,7,15,2,2
"H",7,0,7,16,3,3
"H",7,0,7,18,1,1
"H",7,0,7,2,237,226
"H",7,0,7,22,1,1
"H",7,0,7,3,177,174
"H",7,0,7,4,148,147
"H",7,0,7,5,118,117
"H",7,0,7,6,85,85
"H",7,0,7,7,52,52
"H",7,0,7,8,34,34
"H",7,0,7,9,29,29
"H",7,0,8,-1,240,181
"H",7,0,8,-10,13,0
"H",7,0,8,-11,5,0
"H",7,0,8,-12,4,0
"H",7,0,8,-13,6,0
"H",7,0,8,-14,2,0
"H",7,0,8,-2,257,148
"H",7,0,8,-3,185,67
"H",7,0,8,-4,129,24
"H",7,0,8,-5,112,25
"H",7,0,8,-6,63,4
"H",7,0,8,-7,40,3
"H",7,0,8,-8,27,1
"H",7,0,8,-9,16,0
"H",7,0,8,0,321,268
"H",7,0,8,1,287,270
"H",7,0,8,10,13,13
"H",7,0,8,11,10,10
"H",7,0,8,12,4,4
"H",7,0,8,13,3,3
"H",7,0,8,14,1,1
"H",7,0,8,2,262,252
"H",7,0,8,22,1,1
"H",7,0,8,3,197,195
"H",7,0,8,4,176,175
"H",7,0,8,5,134,134
"H",7,0,8,6,103,103
"H",7,0,8,7,66,66
"H",7,0,8,8,35,35
"H",7,0,8,9,25,25
"H",7,1,1,-1,13237,4090
"H",7,1,1,-10,475,1
"H",7,1,1,-11,302,1
"H",7,1,1,-12,199,0
"H",7,1,1,-13,98,0
"H",7,1,1,-14,65,0
"H",7,1,1,-15,39,0
"H",7,1,1,-16,18,0
"H",7,1,1,-17,17,0
"H",7,1,1,-18,5,0
"H",7,1,1,-19,6,0
"H",7,1,1,-2,10901,1894
"H",7,1,1,-20,3,0
"H",7,1,1,-21,1,0
"H",7,1,1,-22,1,0
"H",7,1,1,-24,1,0
"H",7,1,1,-3,8321,717
"H",7,1,1,-4,6045,287
"H",7,1,1,-5,4455,133
"H",7,1,1,-6,2959,32
"H",7,1,1,-7,1947,11
"H",7,1,1,-8,1254,6
"H",7,1,1,-9,744,0
"H",7,1,1,0,14375,8237
"H",7,1,1,1,13100,10476
"H",7,1,1,10,509,508
"H",7,1,1,11,305,305
"H",7,1,1,12,178,178
"H",7,1,1,13,104,104
"H",7,1,1,14,60,60
"H",7,1,1,15,32,32
"H",7,1,1,16,22,22
"H",7,1,1,17,9,9
"H",7,1,1,18,6,6
"H",7,1,1,19,2,2
"H",7,1,1,2,10801,9719
"H",7,1,1,20,2,2
"H",7,1,1,21,2,2
"H",7,1,1,3,8290,7897
"H",7,1,1,4,6039,5891
"H",7,1,1,5,4242,4196
"H",7,1,1,6,2806,2791
"H",7,1,1,7,1878,1875
"H",7,1,1,8,1244,1243
"H",7,1,1,9,789,789
"H",7,1,2,-1,5534,2008
"H",7,1,2,-10,222,1
"H",7,1,2,-11,135,0
"H",7,1,2,-12,85,0
"H",7,1,2,-13,43,0
"H",7,1,2,-14,38,0
"H",7,1,2,-15,19,0
"H",7,1,2,-16,10,0
"H",7,1,2,-17,7,0
"H",7,1,2,-18,2,0
"H",7,1,2,-19,1,0
"H",7,1,2,-2,4800,1077
"H",7,1,2,-21,2,0
"H",7,1,2,-22,1,0
"H",7,1,2,-3,3738,428
"H",7,1,2,-4,2769,177
"H",7,1,2,-5,2033,86
"H",7,1,2,-6,1362,21
"H",7,1,2,-7,906,12
"H",7,1,2,-8,556,2
"H",7,1,2,-9,322,0
"H",7,1,2,0,5978,3716
"H",7,1,2,1,5434,4490
"H",7,1,2,10,256,255
"H",7,1,2,11,169,169
"H",7,1,2,12,105,105
"H",7,1,2,13,52,52
"H",7,1,2,14,35,35
"H",7,1,2,15,21,21
"H",7,1,2,16,10,10
"H",7,1,2,17,6,6
"H",7,1,2,18,4,4
"H",7,1,2,2,4503,4112
"H",7,1,2,20,1,1
"H",7,1,2,21,1,1
"H",7,1,2,3,3641,3503
"H",7,1,2,4,2783,2718
"H",7,1,2,5,1986,1965
"H",7,1,2,6,1441,1433
"H",7,1,2,7,922,919
"H",7,1,2,8,624,623
"H",7,1,2,9,436,435
"H",7,1,3,-1,2990,1238
"H",7,1,3,-10,73,0
"H",7,1,3,-11,37,0
"H",7,1,3,-12,29,0
"H",7,1,3,-13,15,0
"H",7,1,3,-14,12,0
"H",7,1,3,-15,6,0
"H",7,1,3,-16,1,0
"H",7,1,3,-17,2,0
"H",7,1,3,-18,2,0
"H",7,1,3,-2,1483,348
"H",7,1,3,-3,1163,128
"H",7,1,3,-4,812,62
"H",7,1,3,-5,606,31
"H",7,1,3,-6,383,13
"H",7,1,3,-7,241,2
"H",7,1,3,-8,169,2
"H",7,1,3,-9,89,0
"H",7,1,3,0,3725,2454
"H",7,1,3,1,3355,2825
"H",7,1,3,10,105,105
"H",7,1,3,11,83,83
"H",7,1,3,12,54,54
"H",7,1,3,13,22,22
"H",7,1,3,14,22,22
"H",7,1,3,15,5,5
"H",7,1,3,16,5,5
"H",7,1,3,17,2,2
"H",7,1,3,18,2,2
"H",7,1,3,19,2,2
"H",7,1,3,2,2814,2620
"H",7,1,3,20,1,1
"H",7,1,3,21,2,2
"H",7,1,3,3,2157,2070
"H",7,1,3,4,1541,1513
"H",7,1,3,5,982,975
"H",7,1,3,6,638,634
"H",7,1,3,7,425,425
"H",7,1,3,8,297,296
"H",7,1,3,9,186,186
"H",7,1,4,-1,1908,869
"H",7,1,4,-10,74,0
"H",7,1,4,-11,40,0
"H",7,1,4,-12,31,0
"H",7,1,4,-13,16,0
"H",7,1,4,-14,14,0
"H",7,1,4,-15,5,0
"H",7,1,4,-16,4,0
"H",7,1,4,-17,4,0
"H",7,1,4,-18,2,0
"H",7,1,4,-19,1,0
"H",7,1,4,-2,1692,503
"H",7,1,4,-3,1368,249
"H",7,1,4,-4,987,95
"H",7,1,4,-5,709,40
"H",7,1,4,-6,509,16
"H",7,1,4,-7,345,9
"H",7,1,4,-8,178,2
"H",7,1,4,-9,116,0
"H",7,1,4,0,2334,1563
"H",7,1,4,1,2212,1869
"H",7,1,4,10,129,129
"H",7,1,4,11,78,78
"H",7,1,4,12,52,52
"H",7,1,4,13,27,27
"H",7,1,4,14,15,15
"H",7,1,4,15,8,8
"H",7,1,4,16,6,6
"H",7,1,4,18,3,3
"H",7,1,4,19,1,1
"H",7,1,4,2,1798,1666
"H",7,1,4,21,1,1
"H",7,1,4,3,1518,1469
"H",7,1,4,4,1144,1121
"H",7,1,4,5,857,852
"H",7,1,4,6,588,585
"H",7,1,4,7,387,386
"H",7,1,4,8,301,301
"H",7,1,4,9,183,182
"H",7,1,5,-1,905,449
"H",7,1,5,-10,21,0
"H",7,1,5,-11,15,0
"H",7,1,5,-12,7,1
"H",7,1,5,-13,7,0
"H",7,1,5,-14,2,0
"H",7,1,5,-15,2,0
"H",7,1,5,-17,1,0
"H",7,1,5,-2,519,144
"H",7,1,5,-3,366,57
"H",7,1,5,-4,275,24
"H",7,1,5,-5,183,9
"H",7,1,5,-6,119,3
"H",7,1,5,-7,85,1
"H",7,1,5,-8,50,1
"H",7,1,5,-9,33,0
"H",7,1,5,0,1065,754
"H",7,1,5,1,1050,920
"H",7,1,5,10,40,40
"H",7,1,5,11,23,23
"H",7,1,5,12,20,20
"H",7,1,5,13,8,8
"H",7,1,5,14,6,6
"H",7,1,5,15,3,3
"H",7,1,5,16,1,1
"H",7,1,5,17,4,4
"H",7,1,5,2,975,903
"H",7,1,5,20,1,1
"H",7,1,5,3,770,741
"H",7,1,5,4,596,583
"H",7,1,5,5,389,389
"H",7,1,5,6,259,258
"H",7,1,5,7,171,171
"H",7,1,5,8,111,111
"H",7,1,5,9,77,77
"H",7,1,6,-1,916,482
"H",7,1,6,-10,28,0
"H",7,1,6,-11,15,0
"H",7,1,6,-12,10,0
"H",7,1,6,-13,10,0
"H",7,1,6,-14,4,0
"H",7,1,6,-15,3,0
"H",7,1,6,-17,3,0
"H",7,1,6,-18,1,0
"H",7,1,6,-2,678,221
"H",7,1,6,-3,524,92
"H",7,1,6,-4,393,50
"H",7,1,6,-5,274,16
"H",7,1,6,-6,160,4
"H",7,1,6,-7,113,1
"H",7,1,6,-8,85,1
"H",7,1,6,-9,51,0
"H",7,1,6,0,1159,869
"H",7,1,6,1,1045,908
"H",7,1,6,10,52,52
"H",7,1,6,11,34,34
"H",7,1,6,12,27,27
"H",7,1,6,13,12,12
"H",7,1,6,14,9,9
"H",7,1,6,15,3,3
"H",7,1,6,16,1,1
"H",7,1,6,17,2,2
"H",7,1,6,18,1,1
"H",7,1,6,2,978,917
"H",7,1,6,20,1,1
"H",7,1,6,3,824,799
"H",7,1,6,4,608,600
"H",7,1,6,5,445,443
"H",7,1,6,6,326,324
"H",7,1,6,7,221,221
"H",7,1,6,8,136,136
"H",7,1,6,9,88,88
"H",7,1,7,-1,726,403
"H",7,1,7,-10,15,0
"H",7,1,7,-11,13,0
"H",7,1,7,-12,12,0
"H",7,1,7,-13,6,0
"H",7,1,7,-14,7,0
"H",7,1,7,-15,1,0
"H",7,1,7,-16,3,0
"H",7,1,7,-17,1,0
"H",7,1,7,-19,1,0
"H",7,1,7,-2,681,256
"H",7,1,7,-3,359,75
"H",7,1,7,-4,257,32
"H",7,1,7,-5,165,13
"H",7,1,7,-6,113,4
"H",7,1,7,-7,76,3
"H",7,1,7,-8,30,0
"H",7,1,7,-9,26,0
"H",7,1,7,0,756,592
"H",7,1,7,1,867,752
"H",7,1,7,10,36,35
"H",7,1,7,11,29,29
"H",7,1,7,12,20,20
"H",7,1,7,13,10,10
"H",7,1,7,14,7,7
"H",7,1,7,15,1,1
"H",7,1,7,18,1,1
"H",7,1,7,2,784,741
"H",7,1,7,3,577,561
"H",7,1,7,4,502,495
"H",7,1,7,5,310,308
"H",7,1,7,6,246,245
"H",7,1,7,7,165,165
"H",7,1,7,8,100,100
"H",7,1,7,9,78,78
"H",7,1,8,-1,733,421
"H",7,1,8,-10,14,0
"H",7,1,8,-11,16,0
"H",7,1,8,-12,10,0
"H",7,1,8,-13,6,0
"H",7,1,8,-14,3,0
"H",7,1,8,-15,1,0
"H",7,1,8,-16,1,0
"H",7,1,8,-2,508,207
"H",7,1,8,-3,384,97
"H",7,1,8,-4,260,49
"H",7,1,8,-5,188,20
"H",7,1,8,-6,122,7
"H",7,1,8,-7,72,3
"H",7,1,8,-8,48,3
"H",7,1,8,-9,33,0
"H",7,1,8,0,998,770
"H",7,1,8,1,972,869
"H",7,1,8,10,39,39
"H",7,1,8,11,23,23
"H",7,1,8,12,17,17
"H",7,1,8,13,11,11
"H",7,1,8,14,8,8
"H",7,1,8,15,1,1
"H",7,1,8,18,1,1
"H",7,1,8,2,840,794
"H",7,1,8,22,1,1
"H",7,1,8,3,691,674
"H",7,1,8,4,498,491
"H",7,1,8,5,347,342
"H",7,1,8,6,259,257
"H",7,1,8,7,171,170
"H",7,1,8,8,102,102
"H",7,1,8,9,72,72
"H",7,2,1,-1,9897,2698
"H",7,2,1,-10,336,0
"H",7,2,1,-11,227,2
"H",7,2,1,-12,146,0
"H",7,2,1,-13,76,0
"H",7,2,1,-14,41,0
"H",7,2,1,-15,30,0
"H",7,2,1,-16,14,0
"H",7,2,1,-17,12,0
"H",7,2,1,-18,4,0
"H",7,2,1,-19,6,0
"H",7,2,1,-2,8440,1225
"H",7,2,1,-20,3,0
"H",7,2,1,-22,1,0
"H",7,2,1,-24,1,0
"H",7,2,1,-3,6284,458
"H",7,2,1,-4,4549,173
"H",7,2,1,-5,3282,64
"H",7,2,1,-6,2216,15
"H",7,2,1,-7,1430,6
"H",7,2,1,-8,956,1
"H",7,2,1,-9,576,0
"H",7,2,1,0,10844,5883
"H",7,2,1,1,10253,8018
"H",7,2,1,10,450,450
"H",7,2,1,11,267,267
"H",7,2,1,12,152,152
"H",7,2,1,13,110,110
"H",7,2,1,14,54,54
"H",7,2,1,15,44,44
"H",7,2,1,16,20,20
"H",7,2,1,17,7,7
"H",7,2,1,18,8,8
"H",7,2,1,19,3,3
"H",7,2,1,2,8474,7560
"H",7,2,1,20,1,1
"H",7,2,1,21,1,1
"H",7,2,1,22,1,1
"H",7,2,1,3,6706,6352
"H",7,2,1,4,4935,4806
"H",7,2,1,5,3555,3515
"H",7,2,1,6,2360,2349
"H",7,2,1,7,1597,1596
"H",7,2,1,8,1056,1056
"H",7,2,1,9,641,641
"H",7,2,2,-1,5493,1646
"H",7,2,2,-10,217,1
"H",7,2,2,-11,135,2
"H",7,2,2,-12,82,0
"H",7,2,2,-13,37,0
"H",7,2,2,-14,31,0
"H",7,2,2,-15,16,0
"H",7,2,2,-16,8,0
"H",7,2,2,-17,6,0
"H",7,2,2,-18,1,0
"H",7,2,2,-19,1,0
"H",7,2,2,-2,4702,808
"H",7,2,2,-20,1,0
"H",7,2,2,-21,1,0
"H",7,2,2,-22,1,0
"H",7,2,2,-24,1,0
"H",7,2,2,-3,3645,329
"H",7,2,2,-4,2760,126
"H",7,2,2,-5,1967,57
"H",7,2,2,-6,1302,12
"H",7,2,2,-7,883,0
"H",7,2,2,-8,553,1
"H",7,2,2,-9,306,0
"H",7,2,2,0,5953,3344
"H",7,2,2,1,5389,4354
"H",7,2,2,10,323,323
"H",7,2,2,11,190,190
"H",7,2,2,12,125,125
"H",7,2,2,13,69,69
"H",7,2,2,14,44,44
"H",7,2,2,15,32,32
"H",7,2,2,16,18,18
"H",7,2,2,17,7,7
"H",7,2,2,18,4,4
"H",7,2,2,19,4,4
"H",7,2,2,2,4625,4142
"H",7,2,2,20,1,1
"H",7,2,2,22,1,1
"H",7,2,2,3,3687,3532
"H",7,2,2,4,2886,2823
"H",7,2,2,5,2174,2152
"H",7,2,2,6,1565,1560
"H",7,2,2,7,1100,1098
"H",7,2,2,8,733,730
"H",7,2,2,9,525,525
"H",7,2,3,-1,3010,980
"H",7,2,3,-10,101,0
"H",7,2,3,-11,53,0
"H",7,2,3,-12,39,0
"H",7,2,3,-13,13,0
"H",7,2,3,-14,10,0
"H",7,2,3,-15,9,0
"H",7,2,3,-17,2,0
"H",7,2,3,-19,1,0
"H",7,2,3,-2,1970,363
"H",7,2,3,-20,2,0
"H",7,2,3,-21,2,0
"H",7,2,3,-3,1426,127
"H",7,2,3,-4,992,54
"H",7,2,3,-5,757,25
"H",7,2,3,-6,480,10
"H",7,2,3,-7,305,2
"H",7,2,3,-8,230,0
"H",7,2,3,-9,113,1
"H",7,2,3,0,3687,2217
"H",7,2,3,1,3552,2874
"H",7,2,3,10,172,172
"H",7,2,3,11,112,112
"H",7,2,3,12,89,89
"H",7,2,3,13,43,43
"H",7,2,3,14,32,32
"H",7,2,3,15,15,15
"H",7,2,3,16,10,10
"H",7,2,3,17,2,2
"H",7,2,3,18,4,4
"H",7,2,3,2,2990,2722
"H",7,2,3,21,1,1
"H",7,2,3,3,2475,2366
"H",7,2,3,4,1964,1920
"H",7,2,3,5,1391,1378
"H",7,2,3,6,889,884
"H",7,2,3,7,584,583
"H",7,2,3,8,399,399
"H",7,2,3,9,294,293
"H",7,2,4,-1,2362,813
"H",7,2,4,-10,89,0
"H",7,2,4,-11,53,1
"H",7,2,4,-12,46,0
"H",7,2,4,-13,13,0
"H",7,2,4,-14,11,0
"H",7,2,4,-15,3,0
"H",7,2,4,-16,5,0
"H",7,2,4,-17,3,0
"H",7,2,4,-18,1,0
"H",7,2,4,-2,1978,426
"H",7,2,4,-20,1,0
"H",7,2,4,-3,1514,160
"H",7,2,4,-4,1198,73
"H",7,2,4,-5,840,28
"H",7,2,4,-6,538,8
"H",7,2,4,-7,371,3
"H",7,2,4,-8,194,1
"H",7,2,4,-9,135,1
"H",7,2,4,0,3109,1922
"H",7,2,4,1,2945,2398
"H",7,2,4,10,173,173
"H",7,2,4,11,112,112
"H",7,2,4,12,59,59
"H",7,2,4,13,42,42
"H",7,2,4,14,30,30
"H",7,2,4,15,14,14
"H",7,2,4,16,11,11
"H",7,2,4,17,5,5
"H",7,2,4,18,2,2
"H",7,2,4,19,3,3
"H",7,2,4,2,2413,2206
"H",7,2,4,21,1,1
"H",7,2,4,23,1,1
"H",7,2,4,3,1982,1901
"H",7,2,4,4,1591,1551
"H",7,2,4,5,1201,1193
"H",7,2,4,6,795,793
"H",7,2,4,7,543,540
"H",7,2,4,8,402,401
"H",7,2,4,9,263,262
"H",7,2,5,-1,1330,450
"H",7,2,5,-10,21,0
"H",7,2,5,-11,20,0
"H",7,2,5,-12,10,0
"H",7,2,5,-13,13,0
"H",7,2,5,-14,9,0
"H",7,2,5,-15,5,0
"H",7,2,5,-2,772,138
"H",7,2,5,-3,567,51
"H",7,2,5,-4,421,27
"H",7,2,5,-5,285,8
"H",7,2,5,-6,185,2
"H",7,2,5,-7,106,0
"H",7,2,5,-8,75,0
"H",7,2,5,-9,60,0
"H",7,2,5,0,1514,916
"H",7,2,5,1,1357,1109
"H",7,2,5,10,65,65
"H",7,2,5,11,62,62
"H",7,2,5,12,29,29
"H",7,2,5,13,20,20
"H",7,2,5,14,14,14
"H",7,2,5,15,10,10
"H",7,2,5,16,2,2
"H",7,2,5,17,1,1
"H",7,2,5,18,1,1
"H",7,2,5,2,1262,1151
"H",7,2,5,20,1,1
"H",7,2,5,3,1024,969
"H",7,2,5,4,851,837
"H",7,2,5,5,567,563
"H",7,2,5,6,371,368
"H",7,2,5,7,287,287
"H",7,2,5,8,195,195
"H",7,2,5,9,138,138
"H",7,2,6,-1,1165,437
"H",7,2,6,-10,26,0
"H",7,2,6,-11,19,0
"H",7,2,6,-12,9,0
"H",7,2,6,-13,6,0
"H",7,2,6,-14,4,0
"H",7,2,6,-15,2,0
"H",7,2,6,-16,2,0
"H",7,2,6,-17,2,0
"H",7,2,6,-2,931,201
"H",7,2,6,-3,655,72
"H",7,2,6,-4,483,35
"H",7,2,6,-5,350,17
"H",7,2,6,-6,194,5
"H",7,2,6,-7,135,3
"H",7,2,6,-8,76,0
"H",7,2,6,-9,51,0
"H",7,2,6,0,1486,922
"H",7,2,6,1,1398,1135
"H",7,2,6,10,87,87
"H",7,2,6,11,49,49
"H",7,2,6,12,34,34
"H",7,2,6,13,22,22
"H",7,2,6,14,8,8
"H",7,2,6,15,4,4
"H",7,2,6,16,3,3
"H",7,2,6,17,1,1
"H",7,2,6,18,2,2
"H",7,2,6,2,1260,1168
"H",7,2,6,20,1,1
"H",7,2,6,3,1054,1014
"H",7,2,6,4,810,793
"H",7,2,6,5,625,622
"H",7,2,6,6,420,417
"H",7,2,6,7,316,316
"H",7,2,6,8,190,190
"H",7,2,6,9,156,156
"H",7,2,7,-1,657,260
"H",7,2,7,-10,17,0
"H",7,2,7,-11,14,0
"H",7,2,7,-12,10,0
"H",7,2,7,-13,5,0
"H",7,2,7,-15,1,0
"H",7,2,7,-16,1,0
"H",7,2,7,-17,1,0
"H",7,2,7,-2,596,141
"H",7,2,7,-3,420,59
"H",7,2,7,-4,266,21
"H",7,2,7,-5,218,8
"H",7,2,7,-6,125,3
"H",7,2,7,-7,78,2
"H",7,2,7,-8,52,0
"H",7,2,7,-9,28,0
"H",7,2,7,0,824,499
"H",7,2,7,1,939,769
"H",7,2,7,10,53,52
"H",7,2,7,11,45,45
"H",7,2,7,12,23,23
"H",7,2,7,13,12,12
"H",7,2,7,14,3,3
"H",7,2,7,15,4,4
"H",7,2,7,16,4,4
"H",7,2,7,19,1,1
"H",7,2,7,2,848,778
"H",7,2,7,3,675,647
"H",7,2,7,4,525,513
"H",7,2,7,5,403,400
"H",7,2,7,6,283,281
"H",7,2,7,7,191,191
"H",7,2,7,8,123,123
"H",7,2,7,9,79,79
"H",7,2,8,-1,860,354
"H",7,2,8,-10,18,0
"H",7,2,8,-11,13,1
"H",7,2,8,-12,11,0
"H",7,2,8,-13,3,0
"H",7,2,8,-14,1,0
"H",7,2,8,-15,2,0
"H",7,2,8,-16,1,0
"H",7,2,8,-2,641,169
"H",7,2,8,-3,420,65
"H",7,2,8,-4,350,37
"H",7,2,8,-5,211,16
"H",7,2,8,-6,145,4
"H",7,2,8,-7,93,2
"H",7,2,8,-8,56,1
"H",7,2,8,-9,31,0
"H",7,2,8,0,1164,763
"H",7,2,8,1,1138,929
"H",7,2,8,10,59,59
"H",7,2,8,11,37,37
"H",7,2,8,12,19,19
"H",7,2,8,13,14,14
"H",7,2,8,14,13,13
"H",7,2,8,15,4,4
"H",7,2,8,16,2,2
"H",7,2,8,17,1,1
"H",7,2,8,19,1,1
"H",7,2,8,2,988,902
"H",7,2,8,3,814,791
"H",7,2,8,4,623,610
"H",7,2,8,5,436,429
"H",7,2,8,6,324,321
"H",7,2,8,7,178,178
"H",7,2,8,8,143,143
"H",7,2,8,9,102,102
"H",8,0,1,-1,17611,5226
"H",8,0,1,-10,885,0
"H",8,0,1,-11,621,1
"H",8,0,1,-12,354,0
"H",8,0,1,-13,232,0
"H",8,0,1,-14,152,0
"H",8,0,1,-15,79,0
"H",8,0,1,-16,44,0
"H",8,0,1,-17,27,0
"H",8,0,1,-18,9,0
"H",8,0,1,-19,13,0
"H",8,0,1,-2,15002,2359
"H",8,0,1,-20,6,0
"H",8,0,1,-21,5,0
"H",8,0,1,-22,4,0
"H",8,0,1,-23,2,0
"H",8,0,1,-24,1,0
"H",8,0,1,-25,1,0
"H",8,0,1,-3,12212,978
"H",8,0,1,-4,9237,377
"H",8,0,1,-5,6733,134
"H",8,0,1,-6,4763,37
"H",8,0,1,-7,3337,18
"H",8,0,1,-8,2106,6
"H",8,0,1,-9,1364,1
"H",8,0,1,0,18386,11677
"H",8,0,1,1,17422,15519
"H",8,0,1,10,885,885
"H",8,0,1,11,528,528
"H",8,0,1,12,338,338
"H",8,0,1,13,179,179
"H",8,0,1,14,132,132
"H",8,0,1,15,75,75
"H",8,0,1,16,45,45
"H",8,0,1,17,14,14
"H",8,0,1,18,11,11
"H",8,0,1,19,8,8
"H",8,0,1,2,14608,13965
"H",8,0,1,20,5,5
"H",8,0,1,21,4,4
"H",8,0,1,22,1,1
"H",8,0,1,23,2,2
"H",8,0,1,25,1,1
"H",8,0,1,3,11637,11447
"H",8,0,1,4,8953,8879
"H",8,0,1,5,6490,6469
"H",8,0,1,6,4466,4456
"H",8,0,1,7,3065,3065
"H",8,0,1,8,2080,2079
"H",8,0,1,9,1329,1329
"H",8,0,2,-1,4771,1898
"H",8,0,2,-10,255,0
"H",8,0,2,-11,158,1
"H",8,0,2,-12,107,0
"H",8,0,2,-13,70,0
"H",8,0,2,-14,40,0
"H",8,0,2,-15,26,0
"H",8,0,2,-16,17,0
"H",8,0,2,-17,6,0
"H",8,0,2,-18,3,0
"H",8,0,2,-19,3,0
"H",8,0,2,-2,4069,962
"H",8,0,2,-20,2,0
"H",8,0,2,-21,2,0
"H",8,0,2,-22,2,0
"H",8,0,2,-3,3303,465
"H",8,0,2,-4,2444,180
"H",8,0,2,-5,1789,60
"H",8,0,2,-6,1266,17
"H",8,0,2,-7,866,11
"H",8,0,2,-8,565,5
"H",8,0,2,-9,371,0
"H",8,0,2,0,5149,3615
"H",8,0,2,1,4655,4228
"H",8,0,2,10,248,248
"H",8,0,2,11,153,153
"H",8,0,2,12,93,93
"H",8,0,2,13,57,57
"H",8,0,2,14,35,35
"H",8,0,2,15,21,21
"H",8,0,2,16,14,14
"H",8,0,2,17,7,7
"H",8,0,2,18,2,2
"H",8,0,2,19,2,2
"H",8,0,2,2,4032,3850
"H",8,0,2,20,4,4
"H",8,0,2,21,1,1
"H",8,0,2,23,2,2
"H",8,0,2,3,3232,3178
"H",8,0,2,4,2361,2344
"H",8,0,2,5,1782,1775
"H",8,0,2,6,1193,1187
"H",8,0,2,7,867,867
"H",8,0,2,8,606,606
"H",8,0,2,9,368,368
"H",8,0,3,-1,1084,529
"H",8,0,3,-10,59,0
"H",8,0,3,-11,41,0
"H",8,0,3,-12,20,0
"H",8,0,3,-13,19,0
"H",8,0,3,-14,9,0
"H",8,0,3,-15,9,0
"H",8,0,3,-16,3,0
"H",8,0,3,-17,1,0
"H",8,0,3,-19,3,0
"H",8,0,3,-2,879,263
"H",8,0,3,-24,1,0
"H",8,0,3,-3,701,92
"H",8,0,3,-4,535,38
"H",8,0,3,-5,417,15
"H",8,0,3,-6,280,4
"H",8,0,3,-7,212,3
"H",8,0,3,-8,121,0
"H",8,0,3,-9,72,0
"H",8,0,3,0,1166,880
"H",8,0,3,1,1240,1121
"H",8,0,3,10,80,80
"H",8,0,3,11,51,51
"H",8,0,3,12,34,34
"H",8,0,3,13,19,19
"H",8,0,3,14,13,13
"H",8,0,3,15,4,4
"H",8,0,3,16,7,7
"H",8,0,3,18,2,2
"H",8,0,3,19,1,1
"H",8,0,3,2,1071,1031
"H",8,0,3,20,1,1
"H",8,0,3,21,1,1
"H",8,0,3,3,976,966
"H",8,0,3,4,764,758
"H",8,0,3,5,560,559
"H",8,0,3,6,374,374
"H",8,0,3,7,255,255
"H",8,0,3,8,163,163
"H",8,0,3,9,92,92
"H",8,0,4,-1,912,534
"H",8,0,4,-10,70,0
"H",8,0,4,-11,45,0
"H",8,0,4,-12,23,0
"H",8,0,4,-13,19,0
"H",8,0,4,-14,13,0
"H",8,0,4,-15,5,0
"H",8,0,4,-16,4,0
"H",8,0,4,-18,1,0
"H",8,0,4,-19,1,0
"H",8,0,4,-2,1057,385
"H",8,0,4,-22,1,0
"H",8,0,4,-24,1,0
"H",8,0,4,-3,856,184
"H",8,0,4,-4,656,78
"H",8,0,4,-5,480,37
"H",8,0,4,-6,341,10
"H",8,0,4,-7,233,5
"H",8,0,4,-8,155,1
"H",8,0,4,-9,108,0
"H",8,0,4,0,937,762
"H",8,0,4,1,922,851
"H",8,0,4,10,64,64
"H",8,0,4,11,38,38
"H",8,0,4,12,26,26
"H",8,0,4,13,22,22
"H",8,0,4,14,14,14
"H",8,0,4,15,7,7
"H",8,0,4,16,6,6
"H",8,0,4,17,2,2
"H",8,0,4,19,2,2
"H",8,0,4,2,798,761
"H",8,0,4,21,1,1
"H",8,0,4,3,681,671
"H",8,0,4,4,583,581
"H",8,0,4,5,427,427
"H",8,0,4,6,334,332
"H",8,0,4,7,216,216
"H",8,0,4,8,195,195
"H",8,0,4,9,129,129
"H",8,0,5,-1,248,137
"H",8,0,5,-10,12,0
"H",8,0,5,-11,12,0
"H",8,0,5,-12,3,0
"H",8,0,5,-13,4,0
"H",8,0,5,-14,4,0
"H",8,0,5,-16,1,0
"H",8,0,5,-2,172,43
"H",8,0,5,-20,1,0
"H",8,0,5,-3,128,19
"H",8,0,5,-4,104,7
"H",8,0,5,-5,72,3
"H",8,0,5,-6,61,2
"H",8,0,5,-7,41,0
"H",8,0,5,-8,33,0
"H",8,0,5,-9,17,0
"H",8,0,5,0,276,227
"H",8,0,5,1,298,280
"H",8,0,5,10,23,23
"H",8,0,5,11,14,14
"H",8,0,5,12,10,10
"H",8,0,5,13,7,7
"H",8,0,5,14,4,4
"H",8,0,5,15,3,3
"H",8,0,5,16,2,2
"H",8,0,5,18,1,1
"H",8,0,5,2,298,288
"H",8,0,5,20,1,1
"H",8,0,5,21,1,1
"H",8,0,5,3,235,234
"H",8,0,5,4,181,180
"H",8,0,5,5,122,122
"H",8,0,5,6,73,73
"H",8,0,5,7,68,68
"H",8,0,5,8,50,50
"H",8,0,5,9,28,28
"H",8,0,6,-1,378,250
"H",8,0,6,-10,17,0
"H",8,0,6,-11,14,0
"H",8,0,6,-12,7,0
"H",8,0,6,-13,5,0
"H",8,0,6,-14,1,0
"H",8,0,6,-15,4,0
"H",8,0,6,-16,1,0
"H",8,0,6,-17,1,0
"H",8,0,6,-18,1,0
"H",8,0,6,-2,352,138
"H",8,0,6,-3,273,64
"H",8,0,6,-4,191,24
"H",8,0,6,-5,132,7
"H",8,0,6,-6,86,2
"H",8,0,6,-7,75,1
"H",8,0,6,-8,36,0
"H",8,0,6,-9,30,0
"H",8,0,6,0,414,346
"H",8,0,6,1,408,384
"H",8,0,6,10,32,32
"H",8,0,6,11,25,25
"H",8,0,6,12,9,9
"H",8,0,6,13,4,4
"H",8,0,6,14,1,1
"H",8,0,6,15,4,4
"H",8,0,6,16,1,1
"H",8,0,6,17,1,1
"H",8,0,6,19,1,1
"H",8,0,6,2,373,365
"H",8,0,6,3,302,297
"H",8,0,6,4,257,256
"H",8,0,6,5,206,206
"H",8,0,6,6,115,114
"H",8,0,6,7,88,88
"H",8,0,6,8,79,79
"H",8,0,6,9,38,38
"H",8,0,7,-1,190,134
"H",8,0,7,-10,17,0
"H",8,0,7,-11,8,0
"H",8,0,7,-12,8,0
"H",8,0,7,-13,5,0
"H",8,0,7,-14,3,0
"H",8,0,7,-17,2,0
"H",8,0,7,-2,222,109
"H",8,0,7,-3,181,48
"H",8,0,7,-4,98,22
"H",8,0,7,-5,85,4
"H",8,0,7,-6,71,5
"H",8,0,7,-7,41,2
"H",8,0,7,-8,25,2
"H",8,0,7,-9,20,0
"H",8,0,7,0,203,177
"H",8,0,7,1,221,214
"H",8,0,7,10,31,31
"H",8,0,7,11,18,18
"H",8,0,7,12,8,8
"H",8,0,7,13,4,4
"H",8,0,7,14,4,4
"H",8,0,7,15,1,1
"H",8,0,7,16,2,2
"H",8,0,7,17,1,1
"H",8,0,7,2,223,216
"H",8,0,7,3,189,188
"H",8,0,7,4,167,167
"H",8,0,7,5,119,118
"H",8,0,7,6,68,68
"H",8,0,7,7,69,69
"H",8,0,7,8,45,45
"H",8,0,7,9,40,40
"H",8,0,8,-1,266,187
"H",8,0,8,-10,16,0
"H",8,0,8,-11,7,0
"H",8,0,8,-12,4,0
"H",8,0,8,-13,8,0
"H",8,0,8,-14,2,0
"H",8,0,8,-2,245,118
"H",8,0,8,-22,1,0
"H",8,0,8,-3,174,63
"H",8,0,8,-4,159,42
"H",8,0,8,-5,114,13
"H",8,0,8,-6,68,2
"H",8,0,8,-7,49,0
"H",8,0,8,-8,30,1
"H",8,0,8,-9,24,0
"H",8,0,8,0,297,253
"H",8,0,8,1,302,292
"H",8,0,8,10,18,18
"H",8,0,8,11,16,16
"H",8,0,8,12,6,6
"H",8,0,8,13,6,6
"H",8,0,8,14,3,3
"H",8,0,8,15,6,6
"H",8,0,8,16,4,4
"H",8,0,8,17,1,1
"H",8,0,8,19,1,1
"H",8,0,8,2,272,263
"H",8,0,8,3,195,192
"H",8,0,8,4,162,160
"H",8,0,8,5,131,131
"H",8,0,8,6,83,83
"H",8,0,8,7,63,63
"H",8,0,8,8,51,51
"H",8,0,8,9,40,40
"H",8,1,1,-1,12187,2825
"H",8,1,1,-10,583,0
"H",8,1,1,-11,416,0
"H",8,1,1,-12,226,0
"H",8,1,1,-13,146,0
"H",8,1,1,-14,98,0
"H",8,1,1,-15,47,0
"H",8,1,1,-16,21,0
"H",8,1,1,-17,20,0
"H",8,1,1,-18,8,0
"H",8,1,1,-19,8,0
"H",8,1,1,-2,10330,1161
"H",8,1,1,-20,2,0
"H",8,1,1,-21,2,0
"H",8,1,1,-22,2,0
"H",8,1,1,-23,2,0
"H",8,1,1,-25,1,0
"H",8,1,1,-3,8361,406
"H",8,1,1,-4,6339,154
"H",8,1,1,-5,4577,57
"H",8,1,1,-6,3258,18
"H",8,1,1,-7,2266,4
"H",8,1,1,-8,1408,1
"H",8,1,1,-9,933,0
"H",8,1,1,0,12591,7398
"H",8,1,1,1,12181,10720
"H",8,1,1,10,661,661
"H",8,1,1,11,400,400
"H",8,1,1,12,258,258
"H",8,1,1,13,129,129
"H",8,1,1,14,102,102
"H",8,1,1,15,54,54
"H",8,1,1,16,33,33
"H",8,1,1,17,11,11
"H",8,1,1,18,10,10
"H",8,1,1,19,5,5
"H",8,1,1,2,10279,9814
"H",8,1,1,20,1,1
"H",8,1,1,21,3,3
"H",8,1,1,22,1,1
"H",8,1,1,25,1,1
"H",8,1,1,26,1,1
"H",8,1,1,3,8204,8070
"H",8,1,1,4,6425,6369
"H",8,1,1,5,4637,4623
"H",8,1,1,6,3253,3247
"H",8,1,1,7,2194,2194
"H",8,1,1,8,1522,1521
"H",8,1,1,9,1001,1001
"H",8,1,2,-1,5179,1577
"H",8,1,2,-10,271,0
"H",8,1,2,-11,173,1
"H",8,1,2,-12,127,0
"H",8,1,2,-13,60,0
"H",8,1,2,-14,39,0
"H",8,1,2,-15,29,0
"H",8,1,2,-16,17,0
"H",8,1,2,-17,9,0
"H",8,1,2,-18,4,0
"H",8,1,2,-19,5,0
"H",8,1,2,-2,4731,759
"H",8,1,2,-20,3,0
"H",8,1,2,-21,2,0
"H",8,1,2,-22,1,0
"H",8,1,2,-23,1,0
"H",8,1,2,-3,3792,317
"H",8,1,2,-4,2889,116
"H",8,1,2,-5,2110,39
"H",8,1,2,-6,1466,11
"H",8,1,2,-7,1039,3
"H",8,1,2,-8,643,2
"H",8,1,2,-9,407,0
"H",8,1,2,0,5313,3360
"H",8,1,2,1,4884,4394
"H",8,1,2,10,339,339
"H",8,1,2,11,207,207
"H",8,1,2,12,144,144
"H",8,1,2,13,68,68
"H",8,1,2,14,49,49
"H",8,1,2,15,29,29
"H",8,1,2,16,14,14
"H",8,1,2,17,10,10
"H",8,1,2,18,4,4
"H",8,1,2,19,3,3
"H",8,1,2,2,4431,4232
"H",8,1,2,20,2,2
"H",8,1,2,21,1,1
"H",8,1,2,23,1,1
"H",8,1,2,3,3673,3608
"H",8,1,2,4,2833,2815
"H",8,1,2,5,2204,2198
"H",8,1,2,6,1555,1553
"H",8,1,2,7,1198,1198
"H",8,1,2,8,822,821
"H",8,1,2,9,485,485
"H",8,1,3,-1,2809,1003
"H",8,1,3,-10,97,0
"H",8,1,3,-11,66,0
"H",8,1,3,-12,27,0
"H",8,1,3,-13,29,0
"H",8,1,3,-14,16,0
"H",8,1,3,-15,10,0
"H",8,1,3,-16,7,0
"H",8,1,3,-17,1,0
"H",8,1,3,-18,1,0
"H",8,1,3,-19,1,0
"H",8,1,3,-2,1337,232
"H",8,1,3,-3,1144,100
"H",8,1,3,-4,911,33
"H",8,1,3,-5,658,19
"H",8,1,3,-6,433,2
"H",8,1,3,-7,322,1
"H",8,1,3,-8,210,0
"H",8,1,3,-9,126,0
"H",8,1,3,0,3572,2492
"H",8,1,3,1,3179,2863
"H",8,1,3,10,143,143
"H",8,1,3,11,107,107
"H",8,1,3,12,64,64
"H",8,1,3,13,28,28
"H",8,1,3,14,21,21
"H",8,1,3,15,8,8
"H",8,1,3,16,11,11
"H",8,1,3,17,5,5
"H",8,1,3,18,1,1
"H",8,1,3,19,2,2
"H",8,1,3,2,2714,2605
"H",8,1,3,20,1,1
"H",8,1,3,3,2158,2126
"H",8,1,3,4,1573,1563
"H",8,1,3,5,1035,1031
"H",8,1,3,6,706,706
"H",8,1,3,7,460,460
"H",8,1,3,8,298,298
"H",8,1,3,9,213,213
"H",8,1,4,-1,1795,728
"H",8,1,4,-10,110,0
"H",8,1,4,-11,61,1
"H",8,1,4,-12,36,0
"H",8,1,4,-13,25,0
"H",8,1,4,-14,14,0
"H",8,1,4,-15,13,0
"H",8,1,4,-16,3,0
"H",8,1,4,-17,6,0
"H",8,1,4,-19,1,0
"H",8,1,4,-2,1574,370
"H",8,1,4,-20,1,0
"H",8,1,4,-3,1334,167
"H",8,1,4,-4,1053,65
"H",8,1,4,-5,732,25
"H",8,1,4,-6,525,9
"H",8,1,4,-7,375,1
"H",8,1,4,-8,235,1
"H",8,1,4,-9,159,0
"H",8,1,4,0,2453,1753
"H",8,1,4,1,2138,1928
"H",8,1,4,10,158,158
"H",8,1,4,11,92,92
"H",8,1,4,12,60,60
"H",8,1,4,13,30,30
"H",8,1,4,14,23,23
"H",8,1,4,15,10,10
"H",8,1,4,16,11,11
"H",8,1,4,17,6,6
"H",8,1,4,18,2,2
"H",8,1,4,19,2,2
"H",8,1,4,2,1791,1713
"H",8,1,4,20,2,2
"H",8,1,4,21,2,2
"H",8,1,4,3,1434,1413
"H",8,1,4,4,1084,1081
"H",8,1,4,5,828,826
"H",8,1,4,6,652,651
"H",8,1,4,7,493,493
"H",8,1,4,8,371,371
"H",8,1,4,9,226,226
"H",8,1,5,-1,829,379
"H",8,1,5,-10,21,0
"H",8,1,5,-11,14,0
"H",8,1,5,-12,7,0
"H",8,1,5,-13,5,0
"H",8,1,5,-14,9,0
"H",8,1,5,-16,1,0
"H",8,1,5,-19,1,0
"H",8,1,5,-2,473,112
"H",8,1,5,-3,326,26
"H",8,1,5,-4,271,16
"H",8,1,5,-5,199,2
"H",8,1,5,-6,159,0
"H",8,1,5,-7,72,0
"H",8,1,5,-8,65,0
"H",8,1,5,-9,35,1
"H",8,1,5,0,942,717
"H",8,1,5,1,987,910
"H",8,1,5,10,52,52
"H",8,1,5,11,44,44
"H",8,1,5,12,27,27
"H",8,1,5,13,11,11
"H",8,1,5,14,8,8
"H",8,1,5,15,3,3
"H",8,1,5,16,6,6
"H",8,1,5,17,1,1
"H",8,1,5,18,6,6
"H",8,1,5,2,953,913
"H",8,1,5,21,1,1
"H",8,1,5,3,796,785
"H",8,1,5,4,594,591
"H",8,1,5,5,409,408
"H",8,1,5,6,260,260
"H",8,1,5,7,184,184
"H",8,1,5,8,126,126
"H",8,1,5,9,73,73
"H",8,1,6,-1,868,415
"H",8,1,6,-10,27,0
"H",8,1,6,-11,24,0
"H",8,1,6,-12,11,0
"H",8,1,6,-13,6,0
"H",8,1,6,-14,6,0
"H",8,1,6,-15,5,0
"H",8,1,6,-19,1,0
"H",8,1,6,-2,672,202
"H",8,1,6,-24,1,0
"H",8,1,6,-3,520,77
"H",8,1,6,-4,421,34
"H",8,1,6,-5,304,7
"H",8,1,6,-6,188,4
"H",8,1,6,-7,150,2
"H",8,1,6,-8,100,1
"H",8,1,6,-9,53,0
"H",8,1,6,0,1103,853
"H",8,1,6,1,1011,949
"H",8,1,6,10,79,79
"H",8,1,6,11,50,50
"H",8,1,6,12,18,18
"H",8,1,6,13,17,17
"H",8,1,6,14,9,9
"H",8,1,6,15,4,4
"H",8,1,6,16,5,5
"H",8,1,6,17,4,4
"H",8,1,6,18,2,2
"H",8,1,6,19,1,1
"H",8,1,6,2,898,873
"H",8,1,6,23,1,1
"H",8,1,6,3,746,733
"H",8,1,6,4,589,582
"H",8,1,6,5,465,464
"H",8,1,6,6,292,290
"H",8,1,6,7,190,190
"H",8,1,6,8,149,149
"H",8,1,6,9,107,107
"H",8,1,7,-1,618,356
"H",8,1,7,-10,27,0
"H",8,1,7,-11,16,0
"H",8,1,7,-12,14,0
"H",8,1,7,-13,4,0
"H",8,1,7,-14,7,0
"H",8,1,7,-15,1,0
"H",8,1,7,-16,2,0
"H",8,1,7,-2,683,237
"H",8,1,7,-20,1,0
"H",8,1,7,-3,351,60
"H",8,1,7,-4,201,21
"H",8,1,7,-5,189,12
"H",8,1,7,-6,116,0
"H",8,1,7,-7,93,1
"H",8,1,7,-8,54,0
"H",8,1,7,-9,28,0
"H",8,1,7,0,768,616
"H",8,1,7,1,753,704
"H",8,1,7,10,43,43
"H",8,1,7,11,32,32
"H",8,1,7,12,25,25
"H",8,1,7,13,11,11
"H",8,1,7,14,7,7
"H",8,1,7,15,5,5
"H",8,1,7,16,1,1
"H",8,1,7,17,2,2
"H",8,1,7,2,769,738
"H",8,1,7,21,2,2
"H",8,1,7,3,617,606
"H",8,1,7,4,503,499
"H",8,1,7,5,357,356
"H",8,1,7,6,250,249
"H",8,1,7,7,206,206
"H",8,1,7,8,123,123
"H",8,1,7,9,89,89
"H",8,1,8,-1,740,427
"H",8,1,8,-10,26,0
"H",8,1,8,-11,19,0
"H",8,1,8,-12,4,0
"H",8,1,8,-13,9,0
"H",8,1,8,-14,5,0
"H",8,1,8,-15,2,0
"H",8,1,8,-16,1,0
"H",8,1,8,-17,1,0
"H",8,1,8,-2,477,166
"H",8,1,8,-22,1,0
"H",8,1,8,-3,327,65
"H",8,1,8,-4,267,34
"H",8,1,8,-5,217,18
"H",8,1,8,-6,139,6
"H",8,1,8,-7,100,2
"H",8,1,8,-8,66,1
"H",8,1,8,-9,38,0
"H",8,1,8,0,1059,842
"H",8,1,8,1,966,909
"H",8,1,8,10,53,53
"H",8,1,8,11,26,26
"H",8,1,8,12,19,19
"H",8,1,8,13,7,7
"H",8,1,8,14,6,6
"H",8,1,8,15,4,4
"H",8,1,8,16,3,3
"H",8,1,8,17,3,3
"H",8,1,8,19,1,1
"H",8,1,8,2,832,807
"H",8,1,8,3,606,598
"H",8,1,8,4,495,493
"H",8,1,8,5,371,371
"H",8,1,8,6,225,225
"H",8,1,8,7,139,139
"H",8,1,8,8,119,119
"H",8,1,8,9,73,73
"H",8,2,1,-1,9126,1682
"H",8,2,1,-10,438,0
"H",8,2,1,-11,300,0
"H",8,2,1,-12,168,0
"H",8,2,1,-13,117,0
"H",8,2,1,-14,71,0
"H",8,2,1,-15,33,0
"H",8,2,1,-16,15,0
"H",8,2,1,-17,15,0
"H",8,2,1,-18,5,0
"H",8,2,1,-19,4,0
"H",8,2,1,-2,7890,658
"H",8,2,1,-20,1,0
"H",8,2,1,-21,2,0
"H",8,2,1,-22,2,0
"H",8,2,1,-23,1,0
"H",8,2,1,-25,1,0
"H",8,2,1,-3,6374,214
"H",8,2,1,-4,4745,80
"H",8,2,1,-5,3443,19
"H",8,2,1,-6,2449,5
"H",8,2,1,-7,1655,4
"H",8,2,1,-8,1048,0
"H",8,2,1,-9,717,0
"H",8,2,1,0,9439,5217
"H",8,2,1,1,9426,8190
"H",8,2,1,10,586,586
"H",8,2,1,11,356,356
"H",8,2,1,12,223,223
"H",8,2,1,13,140,140
"H",8,2,1,14,87,87
"H",8,2,1,15,51,51
"H",8,2,1,16,31,31
"H",8,2,1,17,16,16
"H",8,2,1,18,10,10
"H",8,2,1,19,6,6
"H",8,2,1,2,7985,7596
"H",8,2,1,20,1,1
"H",8,2,1,21,3,3
"H",8,2,1,22,1,1
"H",8,2,1,26,1,1
"H",8,2,1,3,6597,6468
"H",8,2,1,4,5225,5172
"H",8,2,1,5,3803,3792
"H",8,2,1,6,2637,2630
"H",8,2,1,7,1750,1750
"H",8,2,1,8,1284,1284
"H",8,2,1,9,915,915
"H",8,2,2,-1,5117,1157
"H",8,2,2,-10,255,0
"H",8,2,2,-11,172,0
"H",8,2,2,-12,103,0
"H",8,2,2,-13,66,0
"H",8,2,2,-14,38,0
"H",8,2,2,-15,16,0
"H",8,2,2,-16,14,0
"H",8,2,2,-17,6,0
"H",8,2,2,-18,8,0
"H",8,2,2,-19,6,0
"H",8,2,2,-2,4673,506
"H",8,2,2,-20,1,0
"H",8,2,2,-21,1,0
"H",8,2,2,-22,2,0
"H",8,2,2,-23,2,0
"H",8,2,2,-3,3632,173
"H",8,2,2,-4,2778,68
"H",8,2,2,-5,2046,21
"H",8,2,2,-6,1463,6
"H",8,2,2,-7,1012,2
"H",8,2,2,-8,618,0
"H",8,2,2,-9,417,0
"H",8,2,2,0,5335,3094
"H",8,2,2,1,4816,4219
"H",8,2,2,10,425,425
"H",8,2,2,11,263,263
"H",8,2,2,12,175,175
"H",8,2,2,13,103,103
"H",8,2,2,14,58,58
"H",8,2,2,15,37,37
"H",8,2,2,16,17,17
"H",8,2,2,17,9,9
"H",8,2,2,18,6,6
"H",8,2,2,19,5,5
"H",8,2,2,2,4435,4202
"H",8,2,2,20,4,4
"H",8,2,2,21,2,2
"H",8,2,2,22,1,1
"H",8,2,2,26,1,1
"H",8,2,2,3,3745,3678
"H",8,2,2,4,3039,3012
"H",8,2,2,5,2392,2385
"H",8,2,2,6,1732,1730
"H",8,2,2,7,1232,1232
"H",8,2,2,8,900,898
"H",8,2,2,9,572,572
"H",8,2,3,-1,2821,721
"H",8,2,3,-10,110,0
"H",8,2,3,-11,73,0
"H",8,2,3,-12,41,0
"H",8,2,3,-13,24,0
"H",8,2,3,-14,20,0
"H",8,2,3,-15,9,0
"H",8,2,3,-16,6,0
"H",8,2,3,-17,3,0
"H",8,2,3,-18,1,0
"H",8,2,3,-19,1,0
"H",8,2,3,-2,1771,201
"H",8,2,3,-3,1518,79
"H",8,2,3,-4,1096,23
"H",8,2,3,-5,782,8
"H",8,2,3,-6,565,2
"H",8,2,3,-7,381,0
"H",8,2,3,-8,268,0
"H",8,2,3,-9,164,0
"H",8,2,3,0,3127,1927
"H",8,2,3,1,3174,2793
"H",8,2,3,10,208,208
"H",8,2,3,11,121,121
"H",8,2,3,12,108,108
"H",8,2,3,13,46,46
"H",8,2,3,14,38,38
"H",8,2,3,15,30,30
"H",8,2,3,16,12,12
"H",8,2,3,17,5,5
"H",8,2,3,18,2,2
"H",8,2,3,19,3,3
"H",8,2,3,2,2936,2791
"H",8,2,3,20,1,1
"H",8,2,3,22,1,1
"H",8,2,3,24,1,1
"H",8,2,3,25,1,1
"H",8,2,3,3,2531,2480
"H",8,2,3,4,1989,1971
"H",8,2,3,5,1381,1375
"H",8,2,3,6,975,973
"H",8,2,3,7,626,626
"H",8,2,3,8,460,460
"H",8,2,3,9,298,298
"H",8,2,4,-1,2306,661
"H",8,2,4,-10,103,0
"H",8,2,4,-11,66,0
"H",8,2,4,-12,47,0
"H",8,2,4,-13,24,0
"H",8,2,4,-14,16,0
"H",8,2,4,-15,3,0
"H",8,2,4,-16,4,0
"H",8,2,4,-17,3,0
"H",8,2,4,-18,2,0
"H",8,2,4,-19,2,0
"H",8,2,4,-2,1930,282
"H",8,2,4,-20,1,0
"H",8,2,4,-21,2,0
"H",8,2,4,-3,1587,118
"H",8,2,4,-4,1224,52
"H",8,2,4,-5,792,14
"H",8,2,4,-6,616,3
"H",8,2,4,-7,426,1
"H",8,2,4,-8,255,0
"H",8,2,4,-9,181,0
"H",8,2,4,0,3105,1957
"H",8,2,4,1,2835,2516
"H",8,2,4,10,226,226
"H",8,2,4,11,146,146
"H",8,2,4,12,89,89
"H",8,2,4,13,60,60
"H",8,2,4,14,26,26
"H",8,2,4,15,22,22
"H",8,2,4,16,11,11
"H",8,2,4,17,7,7
"H",8,2,4,18,8,8
"H",8,2,4,19,4,4
"H",8,2,4,2,2420,2294
"H",8,2,4,3,2073,2045
"H",8,2,4,4,1574,1568
"H",8,2,4,5,1191,1188
"H",8,2,4,6,926,925
"H",8,2,4,7,661,661
"H",8,2,4,8,448,447
"H",8,2,4,9,315,315
"H",8,2,5,-1,1242,334
"H",8,2,5,-10,41,0
"H",8,2,5,-11,21,0
"H",8,2,5,-12,11,0
"H",8,2,5,-13,10,0
"H",8,2,5,-14,14,0
"H",8,2,5,-15,5,0
"H",8,2,5,-16,3,0
"H",8,2,5,-18,1,0
"H",8,2,5,-19,1,0
"H",8,2,5,-2,660,72
"H",8,2,5,-3,576,33
"H",8,2,5,-4,441,6
"H",8,2,5,-5,307,3
"H",8,2,5,-6,210,2
"H",8,2,5,-7,130,1
"H",8,2,5,-8,97,0
"H",8,2,5,-9,69,0
"H",8,2,5,0,1180,752
"H",8,2,5,1,1201,1070
"H",8,2,5,10,78,78
"H",8,2,5,11,68,68
"H",8,2,5,12,45,45
"H",8,2,5,13,23,23
"H",8,2,5,14,10,10
"H",8,2,5,15,12,12
"H",8,2,5,16,7,7
"H",8,2,5,17,4,4
"H",8,2,5,18,4,4
"H",8,2,5,19,1,1
"H",8,2,5,2,1201,1131
"H",8,2,5,21,1,1
"H",8,2,5,22,1,1
"H",8,2,5,3,1056,1040
"H",8,2,5,4,796,793
"H",8,2,5,5,617,616
"H",8,2,5,6,414,413
"H",8,2,5,7,318,318
"H",8,2,5,8,210,210
"H",8,2,5,9,162,162
"H",8,2,6,-1,1165,338
"H",8,2,6,-10,49,0
"H",8,2,6,-11,27,0
"H",8,2,6,-12,21,0
"H",8,2,6,-13,16,0
"H",8,2,6,-14,13,0
"H",8,2,6,-15,6,0
"H",8,2,6,-16,1,0
"H",8,2,6,-17,1,0
"H",8,2,6,-19,2,0
"H",8,2,6,-2,817,122
"H",8,2,6,-3,658,54
"H",8,2,6,-4,513,21
"H",8,2,6,-5,362,7
"H",8,2,6,-6,253,1
"H",8,2,6,-7,154,0
"H",8,2,6,-8,86,0
"H",8,2,6,-9,55,0
"H",8,2,6,0,1392,897
"H",8,2,6,1,1307,1157
"H",8,2,6,10,98,98
"H",8,2,6,11,62,62
"H",8,2,6,12,53,53
"H",8,2,6,13,20,20
"H",8,2,6,14,10,10
"H",8,2,6,15,9,9
"H",8,2,6,16,6,6
"H",8,2,6,17,3,3
"H",8,2,6,18,3,3
"H",8,2,6,2,1221,1165
"H",8,2,6,20,1,1
"H",8,2,6,22,1,1
"H",8,2,6,3,983,965
"H",8,2,6,4,774,768
"H",8,2,6,5,613,613
"H",8,2,6,6,436,434
"H",8,2,6,7,304,304
"H",8,2,6,8,203,203
"H",8,2,6,9,135,135
"H",8,2,7,-1,550,175
"H",8,2,7,-10,27,0
"H",8,2,7,-11,22,0
"H",8,2,7,-12,23,0
"H",8,2,7,-13,5,0
"H",8,2,7,-14,2,0
"H",8,2,7,-15,5,0
"H",8,2,7,-16,2,0
"H",8,2,7,-17,2,0
"H",8,2,7,-18,1,0
"H",8,2,7,-2,554,117
"H",8,2,7,-20,1,0
"H",8,2,7,-3,410,29
"H",8,2,7,-4,279,13
"H",8,2,7,-5,196,7
"H",8,2,7,-6,156,0
"H",8,2,7,-7,104,0
"H",8,2,7,-8,62,0
"H",8,2,7,-9,39,0
"H",8,2,7,0,724,469
"H",8,2,7,1,806,734
"H",8,2,7,10,71,71
"H",8,2,7,11,52,52
"H",8,2,7,12,27,27
"H",8,2,7,13,18,18
"H",8,2,7,14,12,12
"H",8,2,7,15,9,9
"H",8,2,7,16,4,4
"H",8,2,7,17,2,2
"H",8,2,7,18,1,1
"H",8,2,7,2,795,748
"H",8,2,7,20,1,1
"H",8,2,7,21,1,1
"H",8,2,7,3,667,660
"H",8,2,7,4,543,533
"H",8,2,7,5,383,380
"H",8,2,7,6,268,266
"H",8,2,7,7,203,203
"H",8,2,7,8,145,145
"H",8,2,7,9,101,101
"H",8,2,8,-1,879,329
"H",8,2,8,-10,36,0
"H",8,2,8,-11,19,0
"H",8,2,8,-12,15,0
"H",8,2,8,-13,9,0
"H",8,2,8,-14,5,0
"H",8,2,8,-15,2,0
"H",8,2,8,-16,2,0
"H",8,2,8,-2,600,119
"H",8,2,8,-20,1,0
"H",8,2,8,-21,1,0
"H",8,2,8,-3,436,46
"H",8,2,8,-4,357,26
"H",8,2,8,-5,235,11
"H",8,2,8,-6,163,2
"H",8,2,8,-7,125,1
"H",8,2,8,-8,72,0
"H",8,2,8,-9,44,0
"H",8,2,8,0,1232,842
"H",8,2,8,1,1122,1026
"H",8,2,8,10,79,79
"H",8,2,8,11,50,50
"H",8,2,8,12,29,29
"H",8,2,8,13,21,21
"H",8,2,8,14,7,7
"H",8,2,8,15,12,12
"H",8,2,8,16,5,5
"H",8,2,8,17,2,2
"H",8,2,8,18,2,2
"H",8,2,8,19,1,1
"H",8,2,8,2,1002,955
"H",8,2,8,3,764,750
"H",8,2,8,4,598,592
"H",8,2,8,5,442,440
"H",8,2,8,6,322,320
"H",8,2,8,7,213,213
"H",8,2,8,8,152,152
"H",8,2,8,9,125,125
"H",9,0,1,-1,16264,3012
"H",9,0,1,-10,1069,0
"H",9,0,1,-11,716,0
"H",9,0,1,-12,422,0
"H",9,0,1,-13,275,0
"H",9,0,1,-14,216,0
"H",9,0,1,-15,92,0
"H",9,0,1,-16,66,0
"H",9,0,1,-17,34,0
"H",9,0,1,-18,25,0
"H",9,0,1,-19,14,0
"H",9,0,1,-2,14230,1184
"H",9,0,1,-20,7,0
"H",9,0,1,-21,4,0
"H",9,0,1,-22,6,0
"H",9,0,1,-23,3,0
"H",9,0,1,-25,1,0
"H",9,0,1,-27,1,0
"H",9,0,1,-3,11748,429
"H",9,0,1,-4,9350,134
"H",9,0,1,-5,7017,66
"H",9,0,1,-6,5053,15
"H",9,0,1,-7,3707,5
"H",9,0,1,-8,2503,0
"H",9,0,1,-9,1647,0
"H",9,0,1,0,16242,10698
"H",9,0,2,-1,4394,1372
"H",9,0,2,-10,277,0
"H",9,0,2,-11,184,0
"H",9,0,2,-12,112,0
"H",9,0,2,-13,79,0
"H",9,0,2,-14,55,0
"H",9,0,2,-15,29,0
"H",9,0,2,-16,18,0
"H",9,0,2,-17,7,0
"H",9,0,2,-18,8,0
"H",9,0,2,-19,4,0
"H",9,0,2,-2,3767,627
"H",9,0,2,-20,2,0
"H",9,0,2,-21,1,0
"H",9,0,2,-22,3,0
"H",9,0,2,-25,1,0
"H",9,0,2,-3,3082,266
"H",9,0,2,-4,2418,76
"H",9,0,2,-5,1843,46
"H",9,0,2,-6,1317,10
"H",9,0,2,-7,1009,4
"H",9,0,2,-8,697,0
"H",9,0,2,-9,394,0
"H",9,0,2,0,4557,3315
"H",9,0,3,-1,885,378
"H",9,0,3,-10,63,0
"H",9,0,3,-11,51,0
"H",9,0,3,-12,29,0
"H",9,0,3,-13,15,0
"H",9,0,3,-14,19,0
"H",9,0,3,-15,6,0
"H",9,0,3,-16,6,0
"H",9,0,3,-17,4,0
"H",9,0,3,-18,2,0
"H",9,0,3,-19,2,0
"H",9,0,3,-2,815,154
"H",9,0,3,-20,1,0
"H",9,0,3,-3,697,50
"H",9,0,3,-4,574,24
"H",9,0,3,-5,434,7
"H",9,0,3,-6,320,1
"H",9,0,3,-7,248,0
"H",9,0,3,-8,163,0
"H",9,0,3,-9,102,0
"H",9,0,3,0,997,819
"H",9,0,4,-1,736,393
"H",9,0,4,-10,77,0
"H",9,0,4,-11,38,0
"H",9,0,4,-12,30,0
"H",9,0,4,-13,22,0
"H",9,0,4,-14,12,0
"H",9,0,4,-15,8,0
"H",9,0,4,-16,4,0
"H",9,0,4,-17,3,0
"H",9,0,4,-18,3,0
"H",9,0,4,-2,986,289
"H",9,0,4,-20,2,0
"H",9,0,4,-22,1,0
"H",9,0,4,-23,1,0
"H",9,0,4,-25,1,0
"H",9,0,4,-3,822,150
"H",9,0,4,-4,648,45
"H",9,0,4,-5,474,23
"H",9,0,4,-6,357,3
"H",9,0,4,-7,253,3
"H",9,0,4,-8,167,0
"H",9,0,4,-9,123,0
"H",9,0,4,0,891,743
"H",9,0,5,-1,189,102
"H",9,0,5,-10,16,0
"H",9,0,5,-11,13,0
"H",9,0,5,-12,5,0
"H",9,0,5,-13,5,0
"H",9,0,5,-14,6,0
"H",9,0,5,-15,3,0
"H",9,0,5,-16,2,0
"H",9,0,5,-2,171,30
"H",9,0,5,-3,127,8
"H",9,0,5,-4,138,11
"H",9,0,5,-5,120,2
"H",9,0,5,-6,64,0
"H",9,0,5,-7,44,0
"H",9,0,5,-8,40,0
"H",9,0,5,-9,29,0
"H",9,0,5,0,208,190
"H",9,0,6,-1,314,209
"H",9,0,6,-10,17,0
"H",9,0,6,-11,14,0
"H",9,0,6,-12,8,0
"H",9,0,6,-13,6,0
"H",9,0,6,-14,3,0
"H",9,0,6,-15,2,0
"H",9,0,6,-16,4,0
"H",9,0,6,-17,1,0
"H",9,0,6,-18,1,0
"H",9,0,6,-19,1,0
"H",9,0,6,-2,320,97
"H",9,0,6,-3,229,39
"H",9,0,6,-4,167,12
"H",9,0,6,-5,117,4
"H",9,0,6,-6,76,0
"H",9,0,6,-7,69,0
"H",9,0,6,-8,46,0
"H",9,0,6,-9,24,0
"H",9,0,6,0,431,404
"H",9,0,7,-1,172,121
"H",9,0,7,-10,18,0
"H",9,0,7,-11,17,0
"H",9,0,7,-12,6,0
"H",9,0,7,-13,2,0
"H",9,0,7,-14,3,0
"H",9,0,7,-15,3,0
"H",9,0,7,-16,1,0
"H",9,0,7,-17,1,0
"H",9,0,7,-2,157,68
"H",9,0,7,-22,1,0
"H",9,0,7,-3,145,22
"H",9,0,7,-4,104,9
"H",9,0,7,-5,112,4
"H",9,0,7,-6,61,2
"H",9,0,7,-7,54,0
"H",9,0,7,-8,26,0
"H",9,0,7,-9,19,0
"H",9,0,7,0,180,169
"H",9,0,8,-1,260,185
"H",9,0,8,-10,25,0
"H",9,0,8,-11,10,0
"H",9,0,8,-12,3,0
"H",9,0,8,-13,3,0
"H",9,0,8,-14,2,0
"H",9,0,8,-15,1,0
"H",9,0,8,-16,1,0
"H",9,0,8,-2,205,100
"H",9,0,8,-25,1,0
"H",9,0,8,-3,196,69
"H",9,0,8,-4,146,26
"H",9,0,8,-5,120,17
"H",9,0,8,-6,89,4
"H",9,0,8,-7,56,2
"H",9,0,8,-8,42,0
"H",9,0,8,-9,31,0
"H",9,0,8,0,568,529
"H",9,1,1,-1,11356,1171
"H",9,1,1,-10,737,0
"H",9,1,1,-11,469,0
"H",9,1,1,-12,300,0
"H",9,1,1,-13,189,0
"H",9,1,1,-14,149,0
"H",9,1,1,-15,57,0
"H",9,1,1,-16,41,0
"H",9,1,1,-17,24,0
"H",9,1,1,-18,15,0
"H",9,1,1,-19,8,0
"H",9,1,1,-2,9829,400
"H",9,1,1,-20,4,0
"H",9,1,1,-21,3,0
"H",9,1,1,-22,3,0
"H",9,1,1,-23,3,0
"H",9,1,1,-27,1,0
"H",9,1,1,-3,8191,123
"H",9,1,1,-4,6479,38
"H",9,1,1,-5,4805,11
"H",9,1,1,-6,3424,3
"H",9,1,1,-7,2493,1
"H",9,1,1,-8,1658,0
"H",9,1,1,-9,1152,0
"H",9,1,1,0,11115,6718
"H",9,1,2,-1,4613,919
"H",9,1,2,-10,340,0
"H",9,1,2,-11,206,0
"H",9,1,2,-12,125,0
"H",9,1,2,-13,78,0
"H",9,1,2,-14,61,0
"H",9,1,2,-15,28,0
"H",9,1,2,-16,23,0
"H",9,1,2,-17,8,0
"H",9,1,2,-18,7,0
"H",9,1,2,-19,4,0
"H",9,1,2,-2,4477,430
"H",9,1,2,-20,2,0
"H",9,1,2,-21,2,0
"H",9,1,2,-22,2,0
"H",9,1,2,-3,3712,133
"H",9,1,2,-4,2877,40
"H",9,1,2,-5,2169,16
"H",9,1,2,-6,1541,7
"H",9,1,2,-7,1182,2
"H",9,1,2,-8,786,0
"H",9,1,2,-9,491,0
"H",9,1,2,0,4753,3155
"H",9,1,3,-1,2543,705
"H",9,1,3,-10,112,0
"H",9,1,3,-11,78,0
"H",9,1,3,-12,41,0
"H",9,1,3,-13,28,0
"H",9,1,3,-14,24,0
"H",9,1,3,-15,12,0
"H",9,1,3,-16,5,0
"H",9,1,3,-17,6,0
"H",9,1,3,-18,5,0
"H",9,1,3,-19,2,0
"H",9,1,3,-2,1341,133
"H",9,1,3,-3,1114,41
"H",9,1,3,-4,953,15
"H",9,1,3,-5,713,5
"H",9,1,3,-6,523,0
"H",9,1,3,-7,394,0
"H",9,1,3,-8,279,0
"H",9,1,3,-9,175,0
"H",9,1,3,0,3190,2303
"H",9,1,4,-1,1535,548
"H",9,1,4,-10,117,0
"H",9,1,4,-11,68,0
"H",9,1,4,-12,42,0
"H",9,1,4,-13,33,0
"H",9,1,4,-14,21,0
"H",9,1,4,-15,12,0
"H",9,1,4,-16,8,0
"H",9,1,4,-17,3,0
"H",9,1,4,-18,1,0
"H",9,1,4,-19,3,0
"H",9,1,4,-2,1607,307
"H",9,1,4,-20,1,0
"H",9,1,4,-23,1,0
"H",9,1,4,-3,1305,128
"H",9,1,4,-4,1025,33
"H",9,1,4,-5,787,13
"H",9,1,4,-6,553,5
"H",9,1,4,-7,444,1
"H",9,1,4,-8,268,0
"H",9,1,4,-9,191,0
"H",9,1,4,0,2738,2059
"H",9,1,5,-1,636,267
"H",9,1,5,-10,36,0
"H",9,1,5,-11,19,0
"H",9,1,5,-12,13,0
"H",9,1,5,-13,9,0
"H",9,1,5,-14,12,0
"H",9,1,5,-15,4,0
"H",9,1,5,-16,1,0
"H",9,1,5,-18,1,0
"H",9,1,5,-19,1,0
"H",9,1,5,-2,389,46
"H",9,1,5,-22,1,0
"H",9,1,5,-3,326,9
"H",9,1,5,-4,273,6
"H",9,1,5,-5,219,0
"H",9,1,5,-6,161,1
"H",9,1,5,-7,127,0
"H",9,1,5,-8,85,0
"H",9,1,5,-9,46,0
"H",9,1,5,0,652,547
"H",9,1,6,-1,793,371
"H",9,1,6,-10,50,0
"H",9,1,6,-11,30,0
"H",9,1,6,-12,16,0
"H",9,1,6,-13,14,0
"H",9,1,6,-14,14,0
"H",9,1,6,-15,7,0
"H",9,1,6,-16,3,0
"H",9,1,6,-17,3,0
"H",9,1,6,-18,3,0
"H",9,1,6,-2,603,96
"H",9,1,6,-3,503,49
"H",9,1,6,-4,377,11
"H",9,1,6,-5,291,3
"H",9,1,6,-6,224,1
"H",9,1,6,-7,166,0
"H",9,1,6,-8,111,0
"H",9,1,6,-9,81,0
"H",9,1,6,0,1051,898
"H",9,1,7,-1,557,309
"H",9,1,7,-10,21,0
"H",9,1,7,-11,20,0
"H",9,1,7,-12,12,0
"H",9,1,7,-13,7,0
"H",9,1,7,-14,3,0
"H",9,1,7,-15,4,0
"H",9,1,7,-16,2,0
"H",9,1,7,-17,3,0
"H",9,1,7,-2,571,171
"H",9,1,7,-22,1,0
"H",9,1,7,-3,300,26
"H",9,1,7,-4,290,16
"H",9,1,7,-5,185,4
"H",9,1,7,-6,133,0
"H",9,1,7,-7,112,0
"H",9,1,7,-8,65,0
"H",9,1,7,-9,54,0
"H",9,1,7,0,613,511
"H",9,1,8,-1,737,398
"H",9,1,8,-10,31,0
"H",9,1,8,-11,21,0
"H",9,1,8,-12,9,0
"H",9,1,8,-13,10,0
"H",9,1,8,-14,3,0
"H",9,1,8,-15,3,0
"H",9,1,8,-16,2,0
"H",9,1,8,-17,1,0
"H",9,1,8,-19,2,0
"H",9,1,8,-2,470,150
"H",9,1,8,-3,370,70
"H",9,1,8,-4,285,26
"H",9,1,8,-5,203,6
"H",9,1,8,-6,142,2
"H",9,1,8,-7,115,2
"H",9,1,8,-8,61,0
"H",9,1,8,-9,55,0
"H",9,1,8,0,1597,1377
"H",9,2,1,-1,8619,323
"H",9,2,1,-10,538,0
"H",9,2,1,-11,358,0
"H",9,2,1,-12,236,0
"H",9,2,1,-13,145,0
"H",9,2,1,-14,105,0
"H",9,2,1,-15,40,0
"H",9,2,1,-16,32,0
"H",9,2,1,-17,17,0
"H",9,2,1,-18,14,0
"H",9,2,1,-19,6,0
"H",9,2,1,-2,7427,99
"H",9,2,1,-20,3,0
"H",9,2,1,-21,3,0
"H",9,2,1,-22,2,0
"H",9,2,1,-23,3,0
"H",9,2,1,-27,1,0
"H",9,2,1,-3,6197,37
"H",9,2,1,-4,4865,9
"H",9,2,1,-5,3559,2
"H",9,2,1,-6,2603,1
"H",9,2,1,-7,1848,0
"H",9,2,1,-8,1231,0
"H",9,2,1,-9,843,0
"H",9,2,1,0,8250,4566
"H",9,2,2,-1,4911,425
"H",9,2,2,-10,320,0
"H",9,2,2,-11,220,0
"H",9,2,2,-12,125,0
"H",9,2,2,-13,88,0
"H",9,2,2,-14,54,0
"H",9,2,2,-15,33,0
"H",9,2,2,-16,14,0
"H",9,2,2,-17,11,0
"H",9,2,2,-18,6,0
"H",9,2,2,-19,5,0
"H",9,2,2,-2,4523,170
"H",9,2,2,-20,3,0
"H",9,2,2,-21,3,0
"H",9,2,2,-22,1,0
"H",9,2,2,-23,1,0
"H",9,2,2,-3,3797,50
"H",9,2,2,-4,2891,16
"H",9,2,2,-5,2060,5
"H",9,2,2,-6,1470,1
"H",9,2,2,-7,1107,1
"H",9,2,2,-8,766,0
"H",9,2,2,-9,468,0
"H",9,2,2,0,4642,2679
"H",9,2,3,-1,2460,318
"H",9,2,3,-10,154,0
"H",9,2,3,-11,94,0
"H",9,2,3,-12,55,0
"H",9,2,3,-13,32,0
"H",9,2,3,-14,26,0
"H",9,2,3,-15,15,0
"H",9,2,3,-16,7,0
"H",9,2,3,-17,7,0
"H",9,2,3,-18,2,0
"H",9,2,3,-2,1895,79
"H",9,2,3,-22,2,0
"H",9,2,3,-23,1,0
"H",9,2,3,-3,1627,17
"H",9,2,3,-4,1367,7
"H",9,2,3,-5,999,2
"H",9,2,3,-6,713,1
"H",9,2,3,-7,492,0
"H",9,2,3,-8,334,0
"H",9,2,3,-9,232,0
"H",9,2,3,0,2627,1630
"H",9,2,4,-1,2030,349
"H",9,2,4,-10,120,0
"H",9,2,4,-11,87,0
"H",9,2,4,-12,54,0
"H",9,2,4,-13,37,0
"H",9,2,4,-14,24,0
"H",9,2,4,-15,12,0
"H",9,2,4,-16,8,0
"H",9,2,4,-18,3,0
"H",9,2,4,-19,3,0
"H",9,2,4,-2,1917,155
"H",9,2,4,-20,1,0
"H",9,2,4,-21,1,0
"H",9,2,4,-23,1,0
"H",9,2,4,-3,1580,64
"H",9,2,4,-4,1246,14
"H",9,2,4,-5,865,3
"H",9,2,4,-6,614,1
"H",9,2,4,-7,538,1
"H",9,2,4,-8,325,0
"H",9,2,4,-9,179,0
"H",9,2,4,0,3116,1979
"H",9,2,5,-1,1003,156
"H",9,2,5,-10,56,0
"H",9,2,5,-11,32,0
"H",9,2,5,-12,19,0
"H",9,2,5,-13,11,0
"H",9,2,5,-14,16,0
"H",9,2,5,-15,4,0
"H",9,2,5,-16,3,0
"H",9,2,5,-17,2,0
"H",9,2,5,-18,4,0
"H",9,2,5,-2,650,39
"H",9,2,5,-20,1,0
"H",9,2,5,-3,632,12
"H",9,2,5,-4,504,2
"H",9,2,5,-5,386,1
"H",9,2,5,-6,262,0
"H",9,2,5,-7,193,0
"H",9,2,5,-8,137,0
"H",9,2,5,-9,84,0
"H",9,2,5,0,788,539
"H",9,2,6,-1,1048,199
"H",9,2,6,-10,47,0
"H",9,2,6,-11,43,0
"H",9,2,6,-12,22,0
"H",9,2,6,-13,10,0
"H",9,2,6,-14,8,0
"H",9,2,6,-15,7,0
"H",9,2,6,-16,1,0
"H",9,2,6,-17,2,0
"H",9,2,6,-18,5,0
"H",9,2,6,-2,817,73
"H",9,2,6,-22,1,0
"H",9,2,6,-3,654,34
"H",9,2,6,-4,515,7
"H",9,2,6,-5,394,2
"H",9,2,6,-6,271,2
"H",9,2,6,-7,179,0
"H",9,2,6,-8,114,0
"H",9,2,6,-9,82,0
"H",9,2,6,0,1261,873
"H",9,2,7,-1,502,112
"H",9,2,7,-10,35,0
"H",9,2,7,-11,22,0
"H",9,2,7,-12,17,0
"H",9,2,7,-13,17,0
"H",9,2,7,-14,3,0
"H",9,2,7,-15,5,0
"H",9,2,7,-16,1,0
"H",9,2,7,-17,2,0
"H",9,2,7,-18,1,0
"H",9,2,7,-2,551,78
"H",9,2,7,-3,456,27
"H",9,2,7,-4,341,1
"H",9,2,7,-5,275,3
"H",9,2,7,-6,193,1
"H",9,2,7,-7,126,0
"H",9,2,7,-8,74,0
"H",9,2,7,-9,56,0
"H",9,2,7,0,868,577
"H",9,2,8,-1,796,198
"H",9,2,8,-10,28,0
"H",9,2,8,-11,25,0
"H",9,2,8,-12,13,0
"H",9,2,8,-13,7,0
"H",9,2,8,-14,5,0
"H",9,2,8,-15,4,0
"H",9,2,8,-16,2,0
"H",9,2,8,-18,1,0
"H",9,2,8,-19,1,0
"H",9,2,8,-2,580,110
"H",9,2,8,-21,1,0
"H",9,2,8,-3,451,41
"H",9,2,8,-4,367,13
"H",9,2,8,-5,266,6
"H",9,2,8,-6,175,2
"H",9,2,8,-7,129,0
"H",9,2,8,-8,84,0
"H",9,2,8,-9,50,0
"H",9,2,8,0,1531,1036
"H",10,0,1,-1,2092,410
"H",10,0,1,-11,1,0
"H",10,0,1,-2,930,75
"H",10,0,1,-3,455,16
"H",10,0,1,-4,202,6
"H",10,0,1,-5,88,0
"H",10,0,1,-6,36,0
"H",10,0,1,-7,10,0
"H",10,0,1,-8,9,0
"H",10,0,1,-9,3,0
"H",10,0,1,0,11061,7322
"H",10,0,2,-1,558,180
"H",10,0,2,-11,1,0
"H",10,0,2,-2,237,39
"H",10,0,2,-3,112,9
"H",10,0,2,-4,54,4
"H",10,0,2,-5,21,0
"H",10,0,2,-6,8,0
"H",10,0,2,-7,3,0
"H",10,0,2,-8,3,0
"H",10,0,2,-9,1,0
"H",10,0,2,0,3029,2231
"H",10,0,3,-1,99,48
"H",10,0,3,-2,49,10
"H",10,0,3,-3,31,2
"H",10,0,3,-4,13,0
"H",10,0,3,-5,8,0
"H",10,0,3,-6,2,0
"H",10,0,3,-8,2,0
"H",10,0,3,0,633,519
"H",10,0,4,-1,98,54
"H",10,0,4,-11,1,0
"H",10,0,4,-2,58,17
"H",10,0,4,-3,29,4
"H",10,0,4,-4,16,3
"H",10,0,4,-5,5,0
"H",10,0,4,-6,5,0
"H",10,0,4,-7,1,0
"H",10,0,4,-8,1,0
"H",10,0,4,0,553,476
"H",10,0,5,-1,28,15
"H",10,0,5,-2,4,2
"H",10,0,5,-3,3,0
"H",10,0,5,-4,3,0
"H",10,0,5,-8,1,0
"H",10,0,5,0,124,110
"H",10,0,6,-1,27,14
"H",10,0,6,-2,17,8
"H",10,0,6,-3,5,1
"H",10,0,6,-4,5,0
"H",10,0,6,-5,2,0
"H",10,0,6,-8,1,0
"H",10,0,6,0,212,185
"H",10,0,7,-1,20,11
"H",10,0,7,-2,10,7
"H",10,0,7,-3,3,1
"H",10,0,7,-4,5,0
"H",10,0,7,0,88,82
"H",10,0,8,-1,30,17
"H",10,0,8,-2,16,8
"H",10,0,8,-3,7,3
"H",10,0,8,-4,2,1
"H",10,0,8,-5,2,0
"H",10,0,8,-6,2,0
"H",10,0,8,-8,1,0
"H",10,0,8,0,285,262
"H",10,1,1,-1,1438,164
"H",10,1,1,-2,647,24
"H",10,1,1,-3,316,6
"H",10,1,1,-4,137,2
"H",10,1,1,-5,61,0
"H",10,1,1,-6,25,0
"H",10,1,1,-7,7,0
"H",10,1,1,-8,5,0
"H",10,1,1,-9,2,0
"H",10,1,1,0,7366,4464
"H",10,1,2,-1,544,116
"H",10,1,2,-2,275,16
"H",10,1,2,-3,139,7
"H",10,1,2,-4,58,1
"H",10,1,2,-5,30,0
"H",10,1,2,-6,11,0
"H",10,1,2,-7,5,0
"H",10,1,2,-8,3,0
"H",10,1,2,-9,1,0
"H",10,1,2,0,2930,1964
"H",10,1,3,-1,319,90
"H",10,1,3,-2,72,7
"H",10,1,3,-3,56,4
"H",10,1,3,-4,13,1
"H",10,1,3,-5,8,0
"H",10,1,3,-6,2,0
"H",10,1,3,-7,1,0
"H",10,1,3,-8,2,0
"H",10,1,3,0,1944,1424
"H",10,1,4,-1,197,78
"H",10,1,4,-11,1,0
"H",10,1,4,-2,93,10
"H",10,1,4,-3,56,9
"H",10,1,4,-4,23,0
"H",10,1,4,-5,11,0
"H",10,1,4,-6,4,0
"H",10,1,4,-7,2,0
"H",10,1,4,-8,1,0
"H",10,1,4,0,1502,1102
"H",10,1,5,-1,64,29
"H",10,1,5,-2,19,3
"H",10,1,5,-3,19,1
"H",10,1,5,-4,6,0
"H",10,1,5,-5,2,0
"H",10,1,5,-6,1,0
"H",10,1,5,0,349,285
"H",10,1,6,-1,81,46
"H",10,1,6,-2,33,12
"H",10,1,6,-3,17,4
"H",10,1,6,-4,9,2
"H",10,1,6,-5,3,0
"H",10,1,6,-6,1,0
"H",10,1,6,-7,1,0
"H",10,1,6,-8,2,0
"H",10,1,6,0,533,439
"H",10,1,7,-1,72,46
"H",10,1,7,-2,29,9
"H",10,1,7,-3,9,0
"H",10,1,7,-4,6,0
"H",10,1,7,-5,2,0
"H",10,1,7,-6,2,0
"H",10,1,7,-8,1,0
"H",10,1,7,0,353,302
"H",10,1,8,-1,81,49
"H",10,1,8,-2,24,4
"H",10,1,8,-3,14,2
"H",10,1,8,-4,4,0
"H",10,1,8,-5,5,0
"H",10,1,8,0,814,693
"H",10,2,1,-1,1066,48
"H",10,2,1,-2,491,10
"H",10,2,1,-3,227,1
"H",10,2,1,-4,99,1
"H",10,2,1,-5,41,0
"H",10,2,1,-6,18,0
"H",10,2,1,-7,3,0
"H",10,2,1,-8,3,0
"H",10,2,1,-9,2,0
"H",10,2,1,0,5154,2872
"H",10,2,2,-1,557,47
"H",10,2,2,-2,269,11
"H",10,2,2,-3,115,1
"H",10,2,2,-4,49,0
"H",10,2,2,-5,28,0
"H",10,2,2,-6,11,0
"H",10,2,2,-7,5,0
"H",10,2,2,-8,3,0
"H",10,2,2,0,2544,1540
"H",10,2,3,-1,274,42
"H",10,2,3,-2,114,3
"H",10,2,3,-3,54,0
"H",10,2,3,-4,24,0
"H",10,2,3,-5,10,0
"H",10,2,3,-6,2,0
"H",10,2,3,-7,2,0
"H",10,2,3,-8,1,0
"H",10,2,3,0,1371,832
"H",10,2,4,-1,240,43
"H",10,2,4,-10,1,0
"H",10,2,4,-11,1,0
"H",10,2,4,-2,111,7
"H",10,2,4,-3,55,2
"H",10,2,4,-4,19,0
"H",10,2,4,-5,10,0
"H",10,2,4,-6,4,0
"H",10,2,4,-7,3,0
"H",10,2,4,-8,2,0
"H",10,2,4,0,1578,987
"H",10,2,5,-1,93,12
"H",10,2,5,-2,29,0
"H",10,2,5,-3,29,0
"H",10,2,5,-4,9,0
"H",10,2,5,-5,4,0
"H",10,2,5,-6,2,0
"H",10,2,5,0,417,285
"H",10,2,6,-1,100,20
"H",10,2,6,-2,46,2
"H",10,2,6,-3,17,1
"H",10,2,6,-4,7,0
"H",10,2,6,-5,2,0
"H",10,2,6,-6,2,0
"H",10,2,6,-7,1,0
"H",10,2,6,-8,1,0
"H",10,2,6,0,571,387
"H",10,2,7,-1,45,12
"H",10,2,7,-2,31,2
"H",10,2,7,-3,9,0
"H",10,2,7,-4,7,0
"H",10,2,7,-5,4,0
"H",10,2,7,-6,1,0
"H",10,2,7,-7,1,0
"H",10,2,7,-8,3,0
"H",10,2,7,0,376,248
"H",10,2,8,-1,82,19
"H",10,2,8,-2,36,3
"H",10,2,8,-3,16,1
"H",10,2,8,-4,9,0
"H",10,2,8,-5,6,0
"H",10,2,8,-7,1,0
"H",10,2,8,-8,1,0
"H",10,2,8,0,743,509
"H",11,0,1,-1,1128,201
"H",11,0,1,-2,540,31
"H",11,0,1,-3,223,11
"H",11,0,1,-4,107,1
"H",11,0,1,-5,51,1
"H",11,0,1,-6,28,0
"H",11,0,1,-7,10,0
"H",11,0,1,-8,5,0
"H",11,0,1,-9,1,0
"H",11,0,1,0,6177,4120
"H",11,0,2,-1,313,96
"H",11,0,2,-2,152,19
"H",11,0,2,-3,66,7
"H",11,0,2,-4,38,1
"H",11,0,2,-5,18,1
"H",11,0,2,-6,6,0
"H",11,0,2,-7,3,0
"H",11,0,2,-8,3,0
"H",11,0,2,-9,1,0
"H",11,0,2,0,1758,1288
"H",11,0,3,-1,69,32
"H",11,0,3,-2,27,3
"H",11,0,3,-3,14,3
"H",11,0,3,-4,7,0
"H",11,0,3,-5,2,0
"H",11,0,3,-6,2,0
"H",11,0,3,0,365,307
"H",11,0,4,-1,54,28
"H",11,0,4,-2,48,9
"H",11,0,4,-3,15,4
"H",11,0,4,-4,15,1
"H",11,0,4,-5,4,1
"H",11,0,4,-6,1,0
"H",11,0,4,-7,2,0
"H",11,0,4,0,378,312
"H",11,0,5,-1,9,5
"H",11,0,5,-2,6,1
"H",11,0,5,-3,3,0
"H",11,0,5,-5,1,0
"H",11,0,5,-6,1,0
"H",11,0,5,0,81,72
"H",11,0,6,-1,24,16
"H",11,0,6,-2,10,2
"H",11,0,6,-3,3,1
"H",11,0,6,-4,2,0
"H",11,0,6,-5,1,0
"H",11,0,6,-9,1,0
"H",11,0,6,0,145,130
"H",11,0,7,-1,8,8
"H",11,0,7,-2,12,3
"H",11,0,7,-3,2,1
"H",11,0,7,-5,2,0
"H",11,0,7,-6,1,0
"H",11,0,7,0,56,52
"H",11,0,8,-1,16,13
"H",11,0,8,-2,5,2
"H",11,0,8,-3,1,0
"H",11,0,8,-4,3,0
"H",11,0,8,-5,2,1
"H",11,0,8,-7,1,0
"H",11,0,8,0,195,180
"H",11,1,1,-1,756,61
"H",11,1,1,-2,357,9
"H",11,1,1,-3,146,1
"H",11,1,1,-4,65,0
"H",11,1,1,-5,32,0
"H",11,1,1,-6,19,0
"H",11,1,1,-7,7,0
"H",11,1,1,-8,2,0
"H",11,1,1,0,4038,2473
"H",11,1,2,-1,293,48
"H",11,1,2,-2,148,9
"H",11,1,2,-3,72,5
"H",11,1,2,-4,38,0
"H",11,1,2,-5,15,0
"H",11,1,2,-6,8,0
"H",11,1,2,-7,2,0
"H",11,1,2,-8,3,0
"H",11,1,2,0,1657,1099
"H",11,1,3,-1,182,41
"H",11,1,3,-2,55,3
"H",11,1,3,-3,20,0
"H",11,1,3,-4,9,0
"H",11,1,3,-5,4,0
"H",11,1,3,-6,3,0
"H",11,1,3,-7,1,0
"H",11,1,3,-8,2,0
"H",11,1,3,0,1073,781
"H",11,1,4,-1,79,27
"H",11,1,4,-2,62,6
"H",11,1,4,-3,21,4
"H",11,1,4,-4,19,0
"H",11,1,4,-5,8,0
"H",11,1,4,-6,2,0
"H",11,1,4,-7,3,0
"H",11,1,4,0,857,624
"H",11,1,5,-1,38,18
"H",11,1,5,-2,17,2
"H",11,1,5,-3,11,1
"H",11,1,5,-4,3,0
"H",11,1,5,-5,1,0
"H",11,1,5,-6,1,0
"H",11,1,5,-7,1,0
"H",11,1,5,-8,1,0
"H",11,1,5,0,188,155
"H",11,1,6,-1,47,18
"H",11,1,6,-2,17,2
"H",11,1,6,-3,7,1
"H",11,1,6,-4,6,0
"H",11,1,6,-5,3,0
"H",11,1,6,-8,2,0
"H",11,1,6,0,296,257
"H",11,1,7,-1,37,17
"H",11,1,7,-2,30,5
"H",11,1,7,-3,4,0
"H",11,1,7,-4,2,0
"H",11,1,7,-5,1,0
"H",11,1,7,-6,2,0
"H",11,1,7,-8,1,0
"H",11,1,7,0,204,168
"H",11,1,8,-1,38,20
"H",11,1,8,-2,12,1
"H",11,1,8,-3,4,3
"H",11,1,8,-4,3,0
"H",11,1,8,-5,2,0
"H",11,1,8,-6,1,0
"H",11,1,8,0,449,376
"H",11,2,1,-1,558,14
"H",11,2,1,-2,276,6
"H",11,2,1,-3,112,0
"H",11,2,1,-4,42,0
"H",11,2,1,-5,25,0
"H",11,2,1,-6,14,0
"H",11,2,1,-7,6,0
"H",11,2,1,-8,1,0
"H",11,2,1,0,2760,1558
"H",11,2,2,-1,316,18
"H",11,2,2,-2,148,8
"H",11,2,2,-3,77,0
"H",11,2,2,-4,29,0
"H",11,2,2,-5,15,0
"H",11,2,2,-6,6,0
"H",11,2,2,-7,2,0
"H",11,2,2,0,1449,848
"H",11,2,3,-1,152,13
"H",11,2,3,-2,51,1
"H",11,2,3,-3,34,0
"H",11,2,3,-4,12,0
"H",11,2,3,-5,6,0
"H",11,2,3,-6,2,0
"H",11,2,3,-8,1,0
"H",11,2,3,0,755,484
"H",11,2,4,-1,132,11
"H",11,2,4,-2,61,5
"H",11,2,4,-3,24,1
"H",11,2,4,-4,14,0
"H",11,2,4,-5,7,0
"H",11,2,4,-6,2,0
"H",11,2,4,-7,2,0
"H",11,2,4,0,852,540
"H",11,2,5,-1,66,11
"H",11,2,5,-2,17,0
"H",11,2,5,-3,13,0
"H",11,2,5,-4,7,0
"H",11,2,5,-5,2,0
"H",11,2,5,-6,1,0
"H",11,2,5,-7,2,0
"H",11,2,5,0,220,135
"H",11,2,6,-1,68,14
"H",11,2,6,-2,22,2
"H",11,2,6,-3,11,0
"H",11,2,6,-4,3,0
"H",11,2,6,-5,1,0
"H",11,2,6,-6,1,0
"H",11,2,6,0,343,231
"H",11,2,7,-1,24,6
"H",11,2,7,-2,15,3
"H",11,2,7,-3,7,0
"H",11,2,7,-4,5,0
"H",11,2,7,-5,1,0
"H",11,2,7,-6,1,0
"H",11,2,7,0,223,143
"H",11,2,8,-1,38,10
"H",11,2,8,-2,17,2
"H",11,2,8,-3,5,1
"H",11,2,8,-4,2,0
"H",11,2,8,-5,3,0
"H",11,2,8,-7,1,0
"H",11,2,8,0,452,311
"H",12,0,1,-1,630,127
"H",12,0,1,-11,1,0
"H",12,0,1,-2,296,25
"H",12,0,1,-3,147,3
"H",12,0,1,-4,51,1
"H",12,0,1,-5,22,0
"H",12,0,1,-6,15,1
"H",12,0,1,-7,5,1
"H",12,0,1,-8,4,0
"H",12,0,1,-9,1,0
"H",12,0,1,0,3384,2243
"H",12,0,2,-1,148,54
"H",12,0,2,-11,1,0
"H",12,0,2,-2,76,13
"H",12,0,2,-3,41,2
"H",12,0,2,-4,16,0
"H",12,0,2,-5,9,0
"H",12,0,2,-6,3,0
"H",12,0,2,-7,1,0
"H",12,0,2,-8,1,0
"H",12,0,2,0,981,710
"H",12,0,3,-1,36,13
"H",12,0,3,-11,1,0
"H",12,0,3,-2,20,2
"H",12,0,3,-3,12,0
"H",12,0,3,-4,2,0
"H",12,0,3,-5,3,0
"H",12,0,3,-6,1,0
"H",12,0,3,-8,1,0
"H",12,0,3,0,196,172
"H",12,0,4,-1,29,15
"H",12,0,4,-2,24,7
"H",12,0,4,-3,11,0
"H",12,0,4,-4,3,0
"H",12,0,4,-5,2,0
"H",12,0,4,-6,1,0
"H",12,0,4,-7,1,0
"H",12,0,4,0,190,156
"H",12,0,5,-1,6,2
"H",12,0,5,-2,2,1
"H",12,0,5,-3,4,0
"H",12,0,5,-4,3,0
"H",12,0,5,0,46,44
"H",12,0,6,-1,7,3
"H",12,0,6,-2,8,1
"H",12,0,6,-3,6,0
"H",12,0,6,-4,2,0
"H",12,0,6,-5,1,0
"H",12,0,6,-6,1,0
"H",12,0,6,0,71,63
"H",12,0,7,-1,7,4
"H",12,0,7,-3,1,1
"H",12,0,7,-5,1,0
"H",12,0,7,0,27,24
"H",12,0,8,-1,10,6
"H",12,0,8,-2,3,2
"H",12,0,8,-3,3,0
"H",12,0,8,0,87,80
"H",12,1,1,-1,448,58
"H",12,1,1,-2,203,9
"H",12,1,1,-3,93,1
"H",12,1,1,-4,31,1
"H",12,1,1,-5,12,0
"H",12,1,1,-6,11,1
"H",12,1,1,-7,4,0
"H",12,1,1,-8,2,0
"H",12,1,1,-9,1,0
"H",12,1,1,0,2209,1342
"H",12,1,2,-1,180,50
"H",12,1,2,-2,92,9
"H",12,1,2,-3,43,2
"H",12,1,2,-4,16,1
"H",12,1,2,-5,6,0
"H",12,1,2,-6,6,1
"H",12,1,2,-7,2,0
"H",12,1,2,0,907,579
"H",12,1,3,-1,86,27
"H",12,1,3,-11,1,0
"H",12,1,3,-2,29,4
"H",12,1,3,-3,11,0
"H",12,1,3,-4,7,0
"H",12,1,3,-5,2,0
"H",12,1,3,-6,1,0
"H",12,1,3,0,599,447
"H",12,1,4,-1,64,25
"H",12,1,4,-2,32,7
"H",12,1,4,-3,16,0
"H",12,1,4,-4,7,0
"H",12,1,4,-6,2,1
"H",12,1,4,0,481,365
"H",12,1,5,-1,26,10
"H",12,1,5,-2,6,1
"H",12,1,5,-3,5,0
"H",12,1,5,-4,1,0
"H",12,1,5,-8,1,0
"H",12,1,5,0,127,114
"H",12,1,6,-1,22,14
"H",12,1,6,-2,13,4
"H",12,1,6,-3,4,1
"H",12,1,6,-4,2,0
"H",12,1,6,-5,1,0
"H",12,1,6,-7,1,0
"H",12,1,6,0,169,143
"H",12,1,7,-1,17,11
"H",12,1,7,-2,8,4
"H",12,1,7,-3,3,0
"H",12,1,7,-4,3,1
"H",12,1,7,-5,1,0
"H",12,1,7,0,118,98
"H",12,1,8,-1,27,17
"H",12,1,8,-2,8,3
"H",12,1,8,-3,9,1
"H",12,1,8,-4,3,1
"H",12,1,8,-5,1,1
"H",12,1,8,-6,1,1
"H",12,1,8,-7,1,0
"H",12,1,8,0,239,206
"H",12,2,1,-1,328,16
"H",12,2,1,-2,145,2
"H",12,2,1,-3,72,0
"H",12,2,1,-4,26,0
"H",12,2,1,-5,12,0
"H",12,2,1,-6,7,0
"H",12,2,1,-7,3,0
"H",12,2,1,-8,1,0
"H",12,2,1,-9,1,0
"H",12,2,1,0,1561,871
"H",12,2,2,-1,170,19
"H",12,2,2,-2,84,2
"H",12,2,2,-3,36,2
"H",12,2,2,-4,16,0
"H",12,2,2,-5,6,0
"H",12,2,2,-6,7,0
"H",12,2,2,-7,3,0
"H",12,2,2,0,779,460
"H",12,2,3,-1,70,13
"H",12,2,3,-2,31,0
"H",12,2,3,-3,12,0
"H",12,2,3,-4,4,0
"H",12,2,3,-5,3,0
"H",12,2,3,-8,1,0
"H",12,2,3,0,422,268
"H",12,2,4,-1,75,16
"H",12,2,4,-2,30,2
"H",12,2,4,-3,18,1
"H",12,2,4,-4,8,0
"H",12,2,4,-5,3,0
"H",12,2,4,-6,2,0
"H",12,2,4,-7,1,0
"H",12,2,4,0,469,316
"H",12,2,5,-1,40,12
"H",12,2,5,-11,1,0
"H",12,2,5,-2,6,0
"H",12,2,5,-3,5,0
"H",12,2,5,-4,2,0
"H",12,2,5,-5,1,0
"H",12,2,5,-6,2,0
"H",12,2,5,-7,1,0
"H",12,2,5,0,137,97
"H",12,2,6,-1,23,5
"H",12,2,6,-2,12,0
"H",12,2,6,-3,2,0
"H",12,2,6,-4,3,0
"H",12,2,6,-6,1,0
"H",12,2,6,-7,1,0
"H",12,2,6,-8,1,0
"H",12,2,6,0,170,107
"H",12,2,7,-1,14,2
"H",12,2,7,-2,7,1
"H",12,2,7,-3,8,0
"H",12,2,7,-4,5,0
"H",12,2,7,-6,1,0
"H",12,2,7,0,135,95
"H",12,2,8,-1,18,5
"H",12,2,8,-2,9,0
"H",12,2,8,-3,8,1
"H",12,2,8,-4,2,0
"H",12,2,8,-6,1,0
"H",12,2,8,-7,1,0
"H",12,2,8,0,231,164
"H",13,0,1,-1,358,76
"H",13,0,1,-10,1,0
"H",13,0,1,-2,176,18
"H",13,0,1,-3,75,3
"H",13,0,1,-4,29,0
"H",13,0,1,-5,20,0
"H",13,0,1,-6,9,0
"H",13,0,1,-7,2,0
"H",13,0,1,-8,1,0
"H",13,0,1,-9,2,0
"H",13,0,1,0,1835,1220
"H",13,0,2,-1,100,33
"H",13,0,2,-2,50,11
"H",13,0,2,-3,28,1
"H",13,0,2,-4,2,0
"H",13,0,2,-5,5,0
"H",13,0,2,-6,3,0
"H",13,0,2,-8,1,0
"H",13,0,2,-9,1,0
"H",13,0,2,0,503,383
"H",13,0,3,-1,22,12
"H",13,0,3,-2,7,3
"H",13,0,3,-3,6,1
"H",13,0,3,-6,1,0
"H",13,0,3,0,114,99
"H",13,0,4,-1,17,10
"H",13,0,4,-2,17,4
"H",13,0,4,-3,5,1
"H",13,0,4,-5,1,0
"H",13,0,4,0,100,89
"H",13,0,5,-1,6,3
"H",13,0,5,-2,1,0
"H",13,0,5,-3,1,0
"H",13,0,5,-4,1,0
"H",13,0,5,0,18,16
"H",13,0,6,-1,8,8
"H",13,0,6,-2,4,2
"H",13,0,6,-3,3,0
"H",13,0,6,-4,1,0
"H",13,0,6,0,47,44
"H",13,0,7,-2,3,1
"H",13,0,7,-3,1,0
"H",13,0,7,-5,1,0
"H",13,0,7,0,19,18
"H",13,0,8,-1,4,4
"H",13,0,8,-2,2,0
"H",13,0,8,0,55,54
"H",13,1,1,-1,240,27
"H",13,1,1,-10,1,0
"H",13,1,1,-2,116,4
"H",13,1,1,-3,44,1
"H",13,1,1,-4,27,0
"H",13,1,1,-5,15,0
"H",13,1,1,-6,5,0
"H",13,1,1,-7,2,0
"H",13,1,1,-9,1,0
"H",13,1,1,0,1214,726
"H",13,1,2,-1,91,25
"H",13,1,2,-2,43,6
"H",13,1,2,-3,28,2
"H",13,1,2,-4,9,0
"H",13,1,2,-5,9,0
"H",13,1,2,-6,5,0
"H",13,1,2,-9,1,0
"H",13,1,2,0,474,297
"H",13,1,3,-1,50,15
"H",13,1,3,-2,11,2
"H",13,1,3,-3,7,0
"H",13,1,3,-4,1,0
"H",13,1,3,-5,2,0
"H",13,1,3,-6,2,0
"H",13,1,3,-8,1,0
"H",13,1,3,0,320,243
"H",13,1,4,-1,34,16
"H",13,1,4,-2,16,4
"H",13,1,4,-3,14,3
"H",13,1,4,-4,1,0
"H",13,1,4,-5,2,0
"H",13,1,4,0,246,187
"H",13,1,5,-1,23,10
"H",13,1,5,-2,1,0
"H",13,1,5,-3,1,0
"H",13,1,5,-4,1,0
"H",13,1,5,0,50,45
"H",13,1,6,-1,15,7
"H",13,1,6,-2,2,1
"H",13,1,6,-3,3,0
"H",13,1,6,-4,1,0
"H",13,1,6,-5,1,0
"H",13,1,6,-8,1,0
"H",13,1,6,0,71,61
"H",13,1,7,-1,10,4
"H",13,1,7,-2,9,2
"H",13,1,7,-3,1,0
"H",13,1,7,-4,1,0
"H",13,1,7,-5,2,0
"H",13,1,7,0,49,46
"H",13,1,8,-1,15,11
"H",13,1,8,-2,4,2
"H",13,1,8,-3,3,1
"H",13,1,8,-4,1,0
"H",13,1,8,-5,1,0
"H",13,1,8,-8,1,0
"H",13,1,8,0,128,116
"H",13,2,1,-1,185,6
"H",13,2,1,-10,1,0
"H",13,2,1,-2,90,0
"H",13,2,1,-3,30,0
"H",13,2,1,-4,19,0
"H",13,2,1,-5,7,0
"H",13,2,1,-6,2,0
"H",13,2,1,-7,2,0
"H",13,2,1,-9,1,0
"H",13,2,1,0,859,480
"H",13,2,2,-1,104,11
"H",13,2,2,-10,1,0
"H",13,2,2,-2,46,0
"H",13,2,2,-3,22,0
"H",13,2,2,-4,9,0
"H",13,2,2,-5,6,0
"H",13,2,2,-6,7,0
"H",13,2,2,-9,1,0
"H",13,2,2,0,446,253
"H",13,2,3,-1,38,3
"H",13,2,3,-10,1,0
"H",13,2,3,-2,18,0
"H",13,2,3,-3,11,0
"H",13,2,3,-4,4,0
"H",13,2,3,-5,5,0
"H",13,2,3,-6,1,0
"H",13,2,3,0,228,156
"H",13,2,4,-1,36,6
"H",13,2,4,-2,19,0
"H",13,2,4,-3,11,2
"H",13,2,4,-4,2,0
"H",13,2,4,-5,4,0
"H",13,2,4,-6,2,0
"H",13,2,4,0,274,192
"H",13,2,5,-1,26,4
"H",13,2,5,-10,1,0
"H",13,2,5,-2,6,0
"H",13,2,5,-3,4,0
"H",13,2,5,-4,1,0
"H",13,2,5,0,67,48
"H",13,2,6,-1,21,5
"H",13,2,6,-2,12,3
"H",13,2,6,-3,6,0
"H",13,2,6,-4,3,0
"H",13,2,6,0,84,53
"H",13,2,7,-1,4,0
"H",13,2,7,-2,5,0
"H",13,2,7,-3,1,0
"H",13,2,7,-4,1,0
"H",13,2,7,-5,3,0
"H",13,2,7,0,54,36
"H",13,2,8,-1,16,7
"H",13,2,8,-2,6,1
"H",13,2,8,-3,3,0
"H",13,2,8,-4,1,0
"H",13,2,8,-5,1,0
"H",13,2,8,0,121,90
"H",14,0,1,-1,192,32
"H",14,0,1,-2,87,9
"H",14,0,1,-3,40,4
"H",14,0,1,-4,16,0
"H",14,0,1,-5,11,0
"H",14,0,1,-6,3,0
"H",14,0,1,-7,4,0
"H",14,0,1,-8,1,0
"H",14,0,1,0,1020,692
"H",14,0,2,-1,60,18
"H",14,0,2,-2,20,6
"H",14,0,2,-3,13,3
"H",14,0,2,-4,6,0
"H",14,0,2,-5,3,0
"H",14,0,2,-6,1,0
"H",14,0,2,-7,2,0
"H",14,0,2,-8,1,0
"H",14,0,2,0,301,224
"H",14,0,3,-1,12,5
"H",14,0,3,-2,2,1
"H",14,0,3,-3,2,0
"H",14,0,3,-6,1,0
"H",14,0,3,0,60,55
"H",14,0,4,-1,8,5
"H",14,0,4,-2,8,2
"H",14,0,4,-3,2,0
"H",14,0,4,-7,1,0
"H",14,0,4,-8,1,0
"H",14,0,4,0,50,41
"H",14,0,5,-1,4,0
"H",14,0,5,0,12,11
"H",14,0,6,-1,7,4
"H",14,0,6,-2,1,0
"H",14,0,6,0,22,21
"H",14,0,7,-1,2,2
"H",14,0,7,-2,1,0
"H",14,0,7,-3,1,0
"H",14,0,7,0,9,8
"H",14,0,8,-1,4,4
"H",14,0,8,-2,4,1
"H",14,0,8,-3,1,0
"H",14,0,8,0,27,26
"H",14,1,1,-1,121,10
"H",14,1,1,-2,65,2
"H",14,1,1,-3,24,1
"H",14,1,1,-4,10,0
"H",14,1,1,-5,8,0
"H",14,1,1,-6,1,0
"H",14,1,1,-7,2,0
"H",14,1,1,0,660,404
"H",14,1,2,-1,43,9
"H",14,1,2,-2,31,5
"H",14,1,2,-3,13,4
"H",14,1,2,-4,7,0
"H",14,1,2,-5,4,0
"H",14,1,2,-6,1,0
"H",14,1,2,-7,1,0
"H",14,1,2,0,280,189
"H",14,1,3,-1,37,4
"H",14,1,3,-2,4,1
"H",14,1,3,-3,2,0
"H",14,1,3,-4,1,0
"H",14,1,3,-6,1,0
"H",14,1,3,0,182,134
"H",14,1,4,-1,14,5
"H",14,1,4,-2,8,3
"H",14,1,4,-3,4,3
"H",14,1,4,-4,2,0
"H",14,1,4,0,156,116
"H",14,1,5,-1,13,5
"H",14,1,5,-2,1,0
"H",14,1,5,-3,1,0
"H",14,1,5,0,43,37
"H",14,1,6,-1,9,5
"H",14,1,6,-2,2,1
"H",14,1,6,-3,1,1
"H",14,1,6,0,54,47
"H",14,1,7,-1,6,4
"H",14,1,7,-2,4,3
"H",14,1,7,-3,1,0
"H",14,1,7,0,40,34
"H",14,1,8,-1,5,3
"H",14,1,8,-2,5,4
"H",14,1,8,-3,3,2
"H",14,1,8,-4,1,0
"H",14,1,8,0,83,71
"H",14,2,1,-1,83,2
"H",14,2,1,-2,43,0
"H",14,2,1,-3,21,0
"H",14,2,1,-4,8,0
"H",14,2,1,-5,7,0
"H",14,2,1,-6,1,0
"H",14,2,1,-7,2,0
"H",14,2,1,0,464,264
"H",14,2,2,-1,42,3
"H",14,2,2,-2,25,0
"H",14,2,2,-3,18,0
"H",14,2,2,-4,4,0
"H",14,2,2,-5,7,0
"H",14,2,2,-6,2,0
"H",14,2,2,0,234,137
"H",14,2,3,-1,28,1
"H",14,2,3,-2,8,0
"H",14,2,3,-3,3,0
"H",14,2,3,-4,3,0
"H",14,2,3,-6,1,0
"H",14,2,3,-7,1,0
"H",14,2,3,0,127,88
"H",14,2,4,-1,16,2
"H",14,2,4,-2,11,1
"H",14,2,4,-3,2,0
"H",14,2,4,-4,3,0
"H",14,2,4,-5,1,0
"H",14,2,4,-6,1,0
"H",14,2,4,0,158,101
"H",14,2,5,-1,11,1
"H",14,2,5,-2,4,0
"H",14,2,5,-7,1,0
"H",14,2,5,0,38,23
"H",14,2,6,-1,8,4
"H",14,2,6,-2,4,0
"H",14,2,6,-3,1,1
"H",14,2,6,-5,1,0
"H",14,2,6,0,54,35
"H",14,2,7,-1,3,2
"H",14,2,7,-2,3,1
"H",14,2,7,-3,3,0
"H",14,2,7,0,40,32
"H",14,2,8,-1,5,3
"H",14,2,8,-2,4,2
"H",14,2,8,-3,1,0
"H",14,2,8,0,72,48
"H",15,0,1,-1,88,13
"H",15,0,1,-12,1,0
"H",15,0,1,-2,54,4
"H",15,0,1,-3,24,3
"H",15,0,1,-4,8,0
"H",15,0,1,-5,6,0
"H",15,0,1,-6,2,0
"H",15,0,1,-7,1,0
"H",15,0,1,0,550,367
"H",15,0,2,-1,22,5
"H",15,0,2,-2,16,3
"H",15,0,2,-3,9,2
"H",15,0,2,-4,1,0
"H",15,0,2,-5,1,0
"H",15,0,2,0,162,126
"H",15,0,3,-1,7,5
"H",15,0,3,-2,1,0
"H",15,0,3,-4,1,0
"H",15,0,3,0,27,18
"H",15,0,4,-1,3,3
"H",15,0,4,-2,3,3
"H",15,0,4,-3,4,1
"H",15,0,4,0,19,16
"H",15,0,5,-2,1,1
"H",15,0,5,0,12,11
"H",15,0,6,-1,1,0
"H",15,0,6,-2,1,1
"H",15,0,6,0,11,11
"H",15,0,7,-2,2,2
"H",15,0,7,-3,1,1
"H",15,0,7,-5,1,0
"H",15,0,7,0,8,8
"H",15,0,8,-1,1,1
"H",15,0,8,-3,1,0
"H",15,0,8,-5,1,0
"H",15,0,8,0,15,15
"H",15,1,1,-1,61,4
"H",15,1,1,-12,1,0
"H",15,1,1,-2,36,0
"H",15,1,1,-3,15,1
"H",15,1,1,-4,6,0
"H",15,1,1,-5,5,0
"H",15,1,1,-6,2,0
"H",15,1,1,-7,1,0
"H",15,1,1,0,362,216
"H",15,1,2,-1,23,1
"H",15,1,2,-2,21,1
"H",15,1,2,-3,9,0
"H",15,1,2,-4,2,0
"H",15,1,2,-6,2,0
"H",15,1,2,0,142,100
"H",15,1,3,-1,13,3
"H",15,1,3,-2,6,0
"H",15,1,3,-3,1,0
"H",15,1,3,-4,1,0
"H",15,1,3,-5,1,0
"H",15,1,3,-6,1,0
"H",15,1,3,0,110,77
"H",15,1,4,-1,7,1
"H",15,1,4,-2,9,1
"H",15,1,4,-3,5,0
"H",15,1,4,0,73,57
"H",15,1,5,-1,3,2
"H",15,1,5,-2,1,1
"H",15,1,5,0,19,16
"H",15,1,6,-1,2,1
"H",15,1,6,-2,1,0
"H",15,1,6,0,31,24
"H",15,1,7,-1,2,2
"H",15,1,7,-2,2,1
"H",15,1,7,-4,1,0
"H",15,1,7,0,8,7
"H",15,1,8,-1,3,3
"H",15,1,8,-2,2,0
"H",15,1,8,-3,1,0
"H",15,1,8,-5,1,0
"H",15,1,8,0,31,24
"H",15,2,1,-1,49,3
"H",15,2,1,-12,1,0
"H",15,2,1,-2,26,0
"H",15,2,1,-3,8,1
"H",15,2,1,-4,5,0
"H",15,2,1,-5,4,0
"H",15,2,1,-7,1,0
"H",15,2,1,0,263,148
"H",15,2,2,-1,27,3
"H",15,2,2,-2,17,1
"H",15,2,2,-3,10,1
"H",15,2,2,-4,2,0
"H",15,2,2,-5,1,0
"H",15,2,2,-6,1,0
"H",15,2,2,0,125,72
"H",15,2,3,-1,10,1
"H",15,2,3,-2,6,0
"H",15,2,3,-3,1,0
"H",15,2,3,-4,2,0
"H",15,2,3,-5,1,0
"H",15,2,3,-6,1,0
"H",15,2,3,0,67,47
"H",15,2,4,-1,14,2
"H",15,2,4,-2,5,1
"H",15,2,4,-3,6,1
"H",15,2,4,-4,1,0
"H",15,2,4,-5,1,0
"H",15,2,4,-6,1,0
"H",15,2,4,0,75,55
"H",15,2,5,-1,7,2
"H",15,2,5,-2,1,0
"H",15,2,5,0,29,19
"H",15,2,6,-1,5,3
"H",15,2,6,-2,3,1
"H",15,2,6,0,38,25
"H",15,2,7,-1,2,0
"H",15,2,7,-2,4,2
"H",15,2,7,-3,1,0
"H",15,2,7,-4,1,0
"H",15,2,7,0,22,21
"H",15,2,8,-1,2,1
"H",15,2,8,-2,3,1
"H",15,2,8,-3,2,0
"H",15,2,8,-5,1,0
"H",15,2,8,0,43,32
"H",16,0,1,-1,57,14
"H",16,0,1,-2,22,1
"H",16,0,1,-3,11,0
"H",16,0,1,-4,4,0
"H",16,0,1,-5,5,0
"H",16,0,1,-8,1,0
"H",16,0,1,0,311,206
"H",16,0,2,-1,16,5
"H",16,0,2,-2,5,1
"H",16,0,2,-3,4,0
"H",16,0,2,-4,1,0
"H",16,0,2,0,90,65
"H",16,0,3,-1,4,3
"H",16,0,3,-2,1,0
"H",16,0,3,-3,1,0
"H",16,0,3,-4,2,0
"H",16,0,3,0,21,18
"H",16,0,4,-1,1,0
"H",16,0,4,-2,1,0
"H",16,0,4,0,21,18
"H",16,0,5,-1,1,0
"H",16,0,5,0,7,7
"H",16,0,6,-1,2,1
"H",16,0,6,-2,1,0
"H",16,0,6,0,8,7
"H",16,0,7,0,1,0
"H",16,0,8,-1,1,0
"H",16,0,8,0,9,7
"H",16,1,1,-1,38,5
"H",16,1,1,-2,16,0
"H",16,1,1,-3,7,0
"H",16,1,1,-4,2,0
"H",16,1,1,-5,5,0
"H",16,1,1,-8,1,0
"H",16,1,1,0,200,122
"H",16,1,2,-1,20,7
"H",16,1,2,-2,2,0
"H",16,1,2,-3,9,0
"H",16,1,2,-5,2,0
"H",16,1,2,-8,1,0
"H",16,1,2,0,61,42
"H",16,1,3,-1,7,3
"H",16,1,3,-2,2,0
"H",16,1,3,-3,1,0
"H",16,1,3,-4,2,0
"H",16,1,3,0,47,37
"H",16,1,4,-1,4,2
"H",16,1,4,-2,2,0
"H",16,1,4,-3,2,0
"H",16,1,4,-5,1,0
"H",16,1,4,0,40,29
"H",16,1,5,-1,1,1
"H",16,1,5,-3,1,0
"H",16,1,5,0,16,14
"H",16,1,6,-1,2,0
"H",16,1,6,0,18,16
"H",16,1,7,-2,1,0
"H",16,1,7,-3,1,0
"H",16,1,7,0,10,7
"H",16,1,8,-1,1,0
"H",16,1,8,-3,1,0
"H",16,1,8,0,18,12
"H",16,2,1,-1,28,1
"H",16,2,1,-2,16,0
"H",16,2,1,-3,3,0
"H",16,2,1,-4,2,0
"H",16,2,1,-5,3,0
"H",16,2,1,0,159,90
"H",16,2,2,-1,13,2
"H",16,2,2,-2,5,0
"H",16,2,2,-3,5,0
"H",16,2,2,-8,1,0
"H",16,2,2,0,72,47
"H",16,2,3,-1,9,1
"H",16,2,3,-2,2,0
"H",16,2,3,-3,2,0
"H",16,2,3,0,35,23
"H",16,2,4,-1,7,1
"H",16,2,4,-2,5,0
"H",16,2,4,-3,3,0
"H",16,2,4,-5,1,0
"H",16,2,4,0,45,28
"H",16,2,5,-1,3,0
"H",16,2,5,-3,1,0
"H",16,2,5,0,10,7
"H",16,2,6,-1,3,1
"H",16,2,6,-2,1,0
"H",16,2,6,0,20,14
"H",16,2,7,-1,3,0
"H",16,2,7,-3,1,0
"H",16,2,7,0,10,8
"H",16,2,8,-3,1,0
"H",16,2,8,0,22,13
"H",17,0,1,-1,25,4
"H",17,0,1,-2,15,0
"H",17,0,1,-3,7,1
"H",17,0,1,-4,2,0
"H",17,0,1,-5,2,0
"H",17,0,1,-6,1,0
"H",17,0,1,-7,1,0
"H",17,0,1,0,170,108
"H",17,0,2,-1,5,2
"H",17,0,2,-2,4,1
"H",17,0,2,-3,2,0
"H",17,0,2,-4,1,0
"H",17,0,2,-6,1,0
"H",17,0,2,0,46,32
"H",17,0,3,-3,1,1
"H",17,0,3,0,8,6
"H",17,0,4,-2,1,0
"H",17,0,4,-3,1,0
"H",17,0,4,-6,1,0
"H",17,0,4,0,11,10
"H",17,0,5,-5,1,0
"H",17,0,5,0,2,2
"H",17,0,6,0,3,2
"H",17,0,7,-2,1,1
"H",17,0,7,-3,1,0
"H",17,0,7,0,1,1
"H",17,0,8,-6,1,0
"H",17,0,8,0,7,6
"H",17,1,1,-1,18,0
"H",17,1,1,-2,13,0
"H",17,1,1,-3,5,0
"H",17,1,1,-4,2,0
"H",17,1,1,-5,1,0
"H",17,1,1,-7,1,0
"H",17,1,1,0,112,66
"H",17,1,2,-1,3,0
"H",17,1,2,-2,2,0
"H",17,1,2,-4,1,0
"H",17,1,2,-5,1,0
"H",17,1,2,0,43,29
"H",17,1,3,-1,4,2
"H",17,1,3,-2,2,0
"H",17,1,3,-7,1,0
"H",17,1,3,0,34,26
"H",17,1,4,-1,2,1
"H",17,1,4,-2,1,0
"H",17,1,4,-5,1,0
"H",17,1,4,0,26,21
"H",17,1,5,-1,1,1
"H",17,1,5,0,5,3
"H",17,1,6,-7,1,0
"H",17,1,6,0,8,7
"H",17,1,7,0,1,1
"H",17,1,8,-1,1,0
"H",17,1,8,-2,1,0
"H",17,1,8,-5,1,0
"H",17,1,8,-6,1,0
"H",17,1,8,0,12,11
"H",17,2,1,-1,17,0
"H",17,2,1,-2,12,0
"H",17,2,1,-3,4,0
"H",17,2,1,-4,1,0
"H",17,2,1,0,77,39
"H",17,2,2,-1,5,0
"H",17,2,2,-2,4,0
"H",17,2,2,-3,2,0
"H",17,2,2,-4,1,0
"H",17,2,2,0,31,15
"H",17,2,3,-1,4,0
"H",17,2,3,-2,3,0
"H",17,2,3,0,22,15
"H",17,2,4,-1,4,0
"H",17,2,4,-2,1,0
"H",17,2,4,0,20,13
"H",17,2,5,-1,1,1
"H",17,2,5,0,7,4
"H",17,2,6,-4,1,0
"H",17,2,6,0,5,4
"H",17,2,7,0,5,3
"H",17,2,8,-1,1,0
"H",17,2,8,-6,1,0
"H",17,2,8,0,7,3
"H",18,0,1,-1,18,1
"H",18,0,1,-2,10,1
"H",18,0,1,-3,2,0
"H",18,0,1,-4,1,0
"H",18,0,1,-5,1,0
"H",18,0,1,0,91,57
"H",18,0,2,-1,5,1
"H",18,0,2,-2,2,0
"H",18,0,2,-3,1,0
"H",18,0,2,0,17,15
"H",18,0,3,-1,1,0
"H",18,0,3,-2,1,1
"H",18,0,3,-3,1,0
"H",18,0,3,0,6,3
"H",18,0,4,-1,1,0
"H",18,0,4,-2,1,0
"H",18,0,4,0,5,5
"H",18,0,6,-1,1,0
"H",18,0,6,-2,1,1
"H",18,0,6,0,4,3
"H",18,0,7,0,1,1
"H",18,0,8,0,2,2
"H",18,1,1,-1,12,0
"H",18,1,1,-2,7,0
"H",18,1,1,-3,1,0
"H",18,1,1,-4,1,0
"H",18,1,1,-5,1,0
"H",18,1,1,0,69,39
"H",18,1,2,-1,5,1
"H",18,1,2,-2,4,0
"H",18,1,2,0,22,15
"H",18,1,3,-5,1,0
"H",18,1,3,0,9,8
"H",18,1,4,-1,1,0
"H",18,1,4,-2,1,0
"H",18,1,4,0,6,4
"H",18,1,5,0,4,3
"H",18,1,6,-1,1,0
"H",18,1,6,-5,1,0
"H",18,1,6,0,6,5
"H",18,1,7,-2,1,0
"H",18,1,7,0,4,3
"H",18,1,8,-1,1,0
"H",18,1,8,0,8,6
"H",18,2,1,-1,11,0
"H",18,2,1,-2,4,0
"H",18,2,1,-3,1,0
"H",18,2,1,-4,1,0
"H",18,2,1,0,50,24
"H",18,2,2,-1,6,0
"H",18,2,2,-2,2,0
"H",18,2,2,0,20,12
"H",18,2,3,-1,1,0
"H",18,2,3,-2,1,0
"H",18,2,3,0,9,5
"H",18,2,4,-1,1,0
"H",18,2,4,-2,1,0
"H",18,2,4,0,5,3
"H",18,2,5,0,4,4
"H",18,2,6,-5,1,0
"H",18,2,6,0,4,4
"H",18,2,7,0,3,3
"H",18,2,8,-1,1,0
"H",18,2,8,-2,1,0
"H",18,2,8,0,4,2
"H",19,0,1,-1,9,2
"H",19,0,1,-2,4,1
"H",19,0,1,-3,2,0
"H",19,0,1,-4,2,0
"H",19,0,1,-5,1,0
"H",19,0,1,0,48,26
"H",19,0,2,-1,5,1
"H",19,0,2,-2,1,1
"H",19,0,2,-3,1,0
"H",19,0,2,0,9,6
"H",19,0,3,-2,1,1
"H",19,0,3,0,2,2
"H",19,0,4,0,4,4
"H",19,0,6,-2,1,1
"H",19,0,8,-2,1,1
"H",19,0,8,0,2,2
"H",19,1,1,-1,5,1
"H",19,1,1,-2,3,0
"H",19,1,1,-3,1,0
"H",19,1,1,-4,2,0
"H",19,1,1,-5,1,0
"H",19,1,1,0,35,16
"H",19,1,2,-1,3,1
"H",19,1,2,-3,1,0
"H",19,1,2,0,13,8
"H",19,1,3,-1,4,1
"H",19,1,3,-2,1,0
"H",19,1,3,-5,1,0
"H",19,1,3,0,8,7
"H",19,1,4,-1,1,0
"H",19,1,4,-3,1,0
"H",19,1,4,0,8,6
"H",19,1,6,0,1,1
"H",19,1,7,0,1,1
"H",19,1,8,-3,1,0
"H",19,1,8,0,2,2
"H",19,2,1,-1,2,0
"H",19,2,1,-2,2,0
"H",19,2,1,-3,1,0
"H",19,2,1,-4,2,0
"H",19,2,1,0,24,8
"H",19,2,2,-1,2,0
"H",19,2,2,-4,2,0
"H",19,2,2,0,14,3
"H",19,2,3,-1,2,1
"H",19,2,3,-2,1,0
"H",19,2,3,-5,1,0
"H",19,2,3,0,8,6
"H",19,2,4,-5,1,0
"H",19,2,4,0,11,5
"H",19,2,5,-1,2,0
"H",19,2,6,-3,1,0
"H",19,2,6,0,4,4
"H",19,2,7,-1,1,0
"H",19,2,7,0,2,2
"H",19,2,8,-5,1,0
"H",19,2,8,0,2,2
"H",20,0,1,-1,5,1
"H",20,0,1,-2,2,0
"H",20,0,1,-3,2,0
"H",20,0,1,-4,1,0
"H",20,0,1,0,28,13
"H",20,0,2,-1,2,1
"H",20,0,2,-2,1,0
"H",20,0,2,-4,1,0
"H",20,0,2,0,6,4
"H",20,0,4,-1,1,1
"H",20,0,4,-4,1,0
"H",20,0,5,0,1,1
"H",20,0,6,0,1,1
"H",20,0,8,-1,1,1
"H",20,0,8,0,1,1
"H",20,1,1,-1,3,0
"H",20,1,1,-2,1,0
"H",20,1,1,-3,2,0
"H",20,1,1,0,21,8
"H",20,1,2,-1,1,0
"H",20,1,2,-2,1,0
"H",20,1,2,0,10,5
"H",20,1,3,-1,1,0
"H",20,1,3,0,3,3
"H",20,1,4,-4,1,0
"H",20,1,4,0,5,5
"H",20,1,6,0,1,1
"H",20,1,8,-1,1,1
"H",20,1,8,0,1,1
"H",20,2,1,-1,3,0
"H",20,2,1,-2,2,0
"H",20,2,1,-3,2,0
"H",20,2,1,0,14,4
"H",20,2,2,-1,2,0
"H",20,2,2,-2,2,0
"H",20,2,2,-3,1,0
"H",20,2,2,0,7,1
"H",20,2,3,-1,1,0
"H",20,2,4,-1,2,0
"H",20,2,4,-2,1,0
"H",20,2,4,-3,1,0
"H",20,2,4,0,3,2
"H",20,2,6,-4,1,0
"H",20,2,6,0,1,0
"H",20,2,8,-1,1,0
"H",21,0,1,-1,5,1
"H",21,0,1,-2,3,0
"H",21,0,1,-3,2,1
"H",21,0,1,0,13,6
"H",21,0,2,-1,2,0
"H",21,0,2,-2,2,1
"H",21,0,2,0,3,1
"H",21,0,3,-1,1,1
"H",21,0,3,-3,1,1
"H",21,0,4,-2,1,1
"H",21,0,4,0,1,1
"H",21,0,8,0,1,1
"H",21,1,1,-1,2,0
"H",21,1,1,-2,2,0
"H",21,1,1,-3,1,0
"H",21,1,1,0,10,5
"H",21,1,2,-1,1,0
"H",21,1,2,0,3,2
"H",21,1,3,-1,1,0
"H",21,1,3,-2,1,0
"H",21,1,3,0,3,0
"H",21,1,4,-2,1,1
"H",21,1,4,0,3,2
"H",21,1,5,-1,1,1
"H",21,1,8,-2,1,1
"H",21,2,1,-1,2,0
"H",21,2,1,-2,2,0
"H",21,2,1,-3,1,0
"H",21,2,1,0,7,4
"H",21,2,2,-1,1,0
"H",21,2,2,-3,1,0
"H",21,2,2,0,6,4
"H",21,2,3,-2,1,0
"H",21,2,3,0,3,1
"H",21,2,4,-1,1,0
"H",21,2,4,-3,1,0
"H",21,2,4,0,2,1
"H",21,2,5,-1,1,0
"H",21,2,6,0,1,1
"H",22,0,1,-1,4,0
"H",22,0,1,-2,1,0
"H",22,0,1,0,8,6
"H",22,0,2,-1,2,0
"H",22,0,2,0,2,1
"H",22,0,4,-1,1,0
"H",22,1,1,-1,2,0
"H",22,1,1,-2,1,0
"H",22,1,1,0,5,4
"H",22,1,2,0,4,4
"H",22,1,3,0,3,2
"H",22,1,4,0,3,2
"H",22,1,6,0,1,1
"H",22,1,7,-1,1,0
"H",22,1,8,0,1,1
"H",22,2,1,-1,3,0
"H",22,2,1,-2,1,0
"H",22,2,1,0,1,0
"H",22,2,2,-1,2,0
"H",22,2,2,-2,1,0
"H",22,2,2,0,1,1
"H",22,2,4,0,2,1
"H",22,2,5,0,1,1
"H",22,2,6,0,1,1
"H",22,2,7,-1,1,0
"H",22,2,8,-1,1,0
"H",23,0,1,-2,1,0
"H",23,0,1,0,3,2
"H",23,0,2,0,1,1
"H",23,1,1,-2,1,0
"H",23,1,1,0,2,1
"H",23,1,2,0,2,1
"H",23,1,4,0,1,0
"H",23,2,1,-2,1,0
"H",23,2,1,0,1,1
"H",23,2,2,0,1,1
"H",23,2,4,0,2,1
"H",23,2,8,0,1,0
"H",24,0,1,0,3,2
"H",24,0,2,0,1,1
"H",24,0,3,0,1,1
"H",24,0,4,0,1,1
"H",24,1,1,0,2,1
"H",24,1,7,0,1,1
"H",24,1,8,0,1,1
"H",24,2,1,0,2,1
"H",24,2,3,0,2,1
"H",24,2,4,0,1,0
"H",24,2,8,0,1,0
"H",25,0,1,-1,1,0
"H",25,0,1,0,1,1
"H",25,1,1,-1,1,0
"H",25,1,1,0,1,1
"H",25,2,1,-1,1,0
"H",25,2,2,-1,1,0
"V",1,0,1,0,161451,73989
"V",1,0,1,1,2023,1120
"V",1,0,1,2,589,397
"V",1,0,1,3,400,297
"V",1,0,1,4,177,147
"V",1,0,1,5,36,31
"V",1,0,1,6,13,11
"V",1,0,1,7,2,2
"V",1,0,1,8,1,1
"V",1,0,2,0,43965,22074
"V",1,0,2,1,1614,960
"V",1,0,2,2,478,329
"V",1,0,2,3,200,147
"V",1,0,2,4,87,77
"V",1,0,2,5,21,20
"V",1,0,2,6,5,3
"V",1,0,2,7,4,4
"V",1,0,2,9,1,0
"V",1,0,3,0,11879,6269
"V",1,0,3,1,1339,817
"V",1,0,3,2,463,325
"V",1,0,3,3,154,112
"V",1,0,3,4,57,51
"V",1,0,3,5,18,17
"V",1,0,3,6,11,10
"V",1,0,3,7,2,2
"V",1,0,3,8,1,0
"V",1,0,4,0,8242,4707
"V",1,0,4,1,1222,797
"V",1,0,4,2,432,324
"V",1,0,4,3,139,102
"V",1,0,4,4,55,52
"V",1,0,4,5,12,12
"V",1,0,4,6,7,7
"V",1,0,4,7,1,1
"V",1,0,4,8,1,1
"V",1,0,5,0,2441,1370
"V",1,0,5,1,585,387
"V",1,0,5,2,172,116
"V",1,0,5,3,58,48
"V",1,0,5,4,21,19
"V",1,0,5,5,8,7
"V",1,0,5,6,2,2
"V",1,0,5,7,1,1
"V",1,0,5,8,1,0
"V",1,0,6,0,3858,2246
"V",1,0,6,1,1001,656
"V",1,0,6,2,310,239
"V",1,0,6,3,98,79
"V",1,0,6,4,25,24
"V",1,0,6,5,13,13
"V",1,0,6,6,3,3
"V",1,0,6,7,2,2
"V",1,0,7,0,1768,1071
"V",1,0,7,1,581,416
"V",1,0,7,2,197,152
"V",1,0,7,3,73,59
"V",1,0,7,4,19,13
"V",1,0,7,5,6,6
"V",1,0,7,6,1,1
"V",1,0,8,0,1728,1112
"V",1,0,8,1,574,413
"V",1,0,8,2,215,176
"V",1,0,8,3,70,63
"V",1,0,8,4,26,25
"V",1,0,8,5,13,12
"V",1,0,8,6,3,3
"V",1,0,8,7,2,2
"V",1,0,8,8,1,1
"V",1,1,1,0,109673,47454
"V",1,1,1,1,3654,1976
"V",1,1,1,10,2,2
"V",1,1,1,12,1,1
"V",1,1,1,2,2121,1371
"V",1,1,1,3,1263,903
"V",1,1,1,4,500,400
"V",1,1,1,5,177,151
"V",1,1,1,6,53,47
"V",1,1,1,7,9,9
"V",1,1,1,8,2,2
"V",1,1,1,9,6,5
"V",1,1,2,0,42725,19762
"V",1,1,2,1,4825,2728
"V",1,1,2,12,1,1
"V",1,1,2,2,1890,1193
"V",1,1,2,3,801,592
"V",1,1,2,4,319,264
"V",1,1,2,5,135,120
"V",1,1,2,6,40,35
"V",1,1,2,7,8,8
"V",1,1,2,8,1,1
"V",1,1,2,9,4,3
"V",1,1,3,0,18739,9001
"V",1,1,3,1,3690,2095
"V",1,1,3,2,1391,944
"V",1,1,3,3,579,437
"V",1,1,3,4,211,178
"V",1,1,3,5,79,71
"V",1,1,3,6,28,26
"V",1,1,3,7,8,8
"V",1,1,3,8,4,4
"V",1,1,3,9,1,1
"V",1,1,4,0,12278,6231
"V",1,1,4,1,3232,1913
"V",1,1,4,2,1391,925
"V",1,1,4,3,519,390
"V",1,1,4,4,244,204
"V",1,1,4,5,81,72
"V",1,1,4,6,28,24
"V",1,1,4,7,4,4
"V",1,1,4,8,2,2
"V",1,1,5,0,6735,3487
"V",1,1,5,1,1894,1129
"V",1,1,5,2,722,500
"V",1,1,5,3,284,215
"V",1,1,5,4,117,101
"V",1,1,5,5,38,35
"V",1,1,5,6,12,12
"V",1,1,5,7,6,6
"V",1,1,5,8,3,3
"V",1,1,6,0,6074,3194
"V",1,1,6,1,2379,1479
"V",1,1,6,2,906,652
"V",1,1,6,3,367,287
"V",1,1,6,4,141,123
"V",1,1,6,5,51,47
"V",1,1,6,6,17,15
"V",1,1,6,7,7,7
"V",1,1,6,9,1,1
"V",1,1,7,0,3960,2186
"V",1,1,7,1,1474,943
"V",1,1,7,2,620,447
"V",1,1,7,3,271,223
"V",1,1,7,4,104,88
"V",1,1,7,5,35,29
"V",1,1,7,6,17,16
"V",1,1,7,7,7,7
"V",1,1,7,8,3,3
"V",1,1,7,9,1,1
"V",1,1,8,0,3388,1941
"V",1,1,8,1,1559,1005
"V",1,1,8,2,704,508
"V",1,1,8,3,268,222
"V",1,1,8,4,114,98
"V",1,1,8,5,30,30
"V",1,1,8,6,13,13
"V",1,1,8,7,6,6
"V",1,1,8,8,3,3
"V",1,2,1,0,80452,33462
"V",1,2,1,1,7101,3719
"V",1,2,1,10,6,6
"V",1,2,1,11,3,3
"V",1,2,1,2,3940,2477
"V",1,2,1,3,2006,1391
"V",1,2,1,4,873,698
"V",1,2,1,5,308,262
"V",1,2,1,6,98,85
"V",1,2,1,7,23,23
"V",1,2,1,8,8,8
"V",1,2,1,9,10,9
"V",1,2,2,0,37417,16050
"V",1,2,2,1,7849,4256
"V",1,2,2,10,7,7
"V",1,2,2,11,2,2
"V",1,2,2,2,3562,2267
"V",1,2,2,3,1638,1194
"V",1,2,2,4,702,579
"V",1,2,2,5,269,237
"V",1,2,2,6,79,72
"V",1,2,2,7,40,37
"V",1,2,2,8,15,15
"V",1,2,2,9,14,12
"V",1,2,3,0,18242,8099
"V",1,2,3,1,5781,3094
"V",1,2,3,10,2,2
"V",1,2,3,11,1,1
"V",1,2,3,2,2690,1736
"V",1,2,3,3,1287,935
"V",1,2,3,4,576,465
"V",1,2,3,5,212,186
"V",1,2,3,6,85,78
"V",1,2,3,7,24,24
"V",1,2,3,8,18,18
"V",1,2,3,9,7,6
"V",1,2,4,0,13178,5899
"V",1,2,4,1,4867,2632
"V",1,2,4,10,1,1
"V",1,2,4,2,2300,1474
"V",1,2,4,3,1046,773
"V",1,2,4,4,514,423
"V",1,2,4,5,173,153
"V",1,2,4,6,78,76
"V",1,2,4,7,22,22
"V",1,2,4,8,13,13
"V",1,2,4,9,4,3
"V",1,2,5,0,7643,3531
"V",1,2,5,1,2866,1586
"V",1,2,5,10,1,1
"V",1,2,5,11,1,1
"V",1,2,5,2,1308,844
"V",1,2,5,3,580,414
"V",1,2,5,4,234,195
"V",1,2,5,5,90,70
"V",1,2,5,6,27,25
"V",1,2,5,7,16,16
"V",1,2,5,8,4,3
"V",1,2,5,9,2,2
"V",1,2,6,0,5939,2796
"V",1,2,6,1,2988,1721
"V",1,2,6,10,1,0
"V",1,2,6,2,1356,894
"V",1,2,6,3,609,445
"V",1,2,6,4,265,226
"V",1,2,6,5,101,88
"V",1,2,6,6,41,36
"V",1,2,6,7,17,17
"V",1,2,6,8,9,9
"V",1,2,6,9,2,2
"V",1,2,7,0,3158,1521
"V",1,2,7,1,1733,1023
"V",1,2,7,2,877,607
"V",1,2,7,3,395,299
"V",1,2,7,4,157,131
"V",1,2,7,5,63,53
"V",1,2,7,6,29,28
"V",1,2,7,7,8,8
"V",1,2,7,8,1,1
"V",1,2,7,9,2,2
"V",1,2,8,0,3562,1788
"V",1,2,8,1,1890,1084
"V",1,2,8,10,3,2
"V",1,2,8,2,900,592
"V",1,2,8,3,478,358
"V",1,2,8,4,152,130
"V",1,2,8,5,63,56
"V",1,2,8,6,23,20
"V",1,2,8,7,11,11
"V",1,2,8,8,6,6
"V",1,2,8,9,2,2
"V",2,0,1,-1,21914,7723
"V",2,0,1,-10,14,0
"V",2,0,1,-11,9,0
"V",2,0,1,-13,3,0
"V",2,0,1,-14,2,0
"V",2,0,1,-15,1,0
"V",2,0,1,-2,11383,2893
"V",2,0,1,-3,5498,977
"V",2,0,1,-4,2564,297
"V",2,0,1,-5,952,77
"V",2,0,1,-6,352,22
"V",2,0,1,-7,159,6
"V",2,0,1,-8,48,0
"V",2,0,1,-9,26,1
"V",2,0,1,0,84307,39154
"V",2,0,1,1,21686,12618
"V",2,0,1,10,10,10
"V",2,0,1,11,4,4
"V",2,0,1,12,1,1
"V",2,0,1,2,10302,7055
"V",2,0,1,3,4794,3680
"V",2,0,1,4,2022,1712
"V",2,0,1,5,785,690
"V",2,0,1,6,277,261
"V",2,0,1,7,101,96
"V",2,0,1,8,41,38
"V",2,0,1,9,26,26
"V",2,0,2,-1,5661,2229
"V",2,0,2,-10,5,0
"V",2,0,2,-11,1,0
"V",2,0,2,-13,1,0
"V",2,0,2,-14,1,0
"V",2,0,2,-2,2992,825
"V",2,0,2,-3,1482,308
"V",2,0,2,-4,674,86
"V",2,0,2,-5,234,25
"V",2,0,2,-6,91,6
"V",2,0,2,-7,44,3
"V",2,0,2,-8,12,0
"V",2,0,2,-9,10,0
"V",2,0,2,0,21690,10804
"V",2,0,2,1,5897,3600
"V",2,0,2,10,4,4
"V",2,0,2,11,2,2
"V",2,0,2,12,1,1
"V",2,0,2,2,2770,2012
"V",2,0,2,3,1259,962
"V",2,0,2,4,552,474
"V",2,0,2,5,202,174
"V",2,0,2,6,93,89
"V",2,0,2,7,32,32
"V",2,0,2,8,22,21
"V",2,0,2,9,12,12
"V",2,0,3,-1,1392,604
"V",2,0,3,-11,2,0
"V",2,0,3,-2,723,245
"V",2,0,3,-3,326,71
"V",2,0,3,-4,175,33
"V",2,0,3,-5,46,5
"V",2,0,3,-6,24,1
"V",2,0,3,-7,11,0
"V",2,0,3,-8,3,0
"V",2,0,3,0,5237,2705
"V",2,0,3,1,1885,1204
"V",2,0,3,10,2,2
"V",2,0,3,2,884,642
"V",2,0,3,3,377,287
"V",2,0,3,4,160,137
"V",2,0,3,5,83,74
"V",2,0,3,6,31,30
"V",2,0,3,7,11,11
"V",2,0,3,8,5,5
"V",2,0,3,9,3,3
"V",2,0,4,-1,1285,577
"V",2,0,4,-10,1,0
"V",2,0,4,-2,713,238
"V",2,0,4,-3,339,85
"V",2,0,4,-4,170,29
"V",2,0,4,-5,52,6
"V",2,0,4,-6,18,1
"V",2,0,4,-7,15,3
"V",2,0,4,-8,4,0
"V",2,0,4,-9,3,0
"V",2,0,4,0,4587,2517
"V",2,0,4,1,1534,1024
"V",2,0,4,10,3,3
"V",2,0,4,2,682,515
"V",2,0,4,3,276,217
"V",2,0,4,4,159,140
"V",2,0,4,5,66,66
"V",2,0,4,6,34,31
"V",2,0,4,7,16,16
"V",2,0,4,8,10,10
"V",2,0,4,9,4,4
"V",2,0,5,-1,241,104
"V",2,0,5,-2,138,44
"V",2,0,5,-3,53,11
"V",2,0,5,-4,30,5
"V",2,0,5,-5,9,0
"V",2,0,5,-6,4,0
"V",2,0,5,-7,1,0
"V",2,0,5,0,848,485
"V",2,0,5,1,454,287
"V",2,0,5,2,211,153
"V",2,0,5,3,116,96
"V",2,0,5,4,52,48
"V",2,0,5,5,18,18
"V",2,0,5,6,15,15
"V",2,0,5,7,5,5
"V",2,0,5,8,5,5
"V",2,0,6,-1,475,233
"V",2,0,6,-2,247,92
"V",2,0,6,-3,108,31
"V",2,0,6,-4,64,16
"V",2,0,6,-5,9,1
"V",2,0,6,-6,4,2
"V",2,0,6,-7,2,0
"V",2,0,6,0,1609,972
"V",2,0,6,1,777,518
"V",2,0,6,2,371,270
"V",2,0,6,3,171,136
"V",2,0,6,4,59,56
"V",2,0,6,5,48,45
"V",2,0,6,6,25,24
"V",2,0,6,7,7,6
"V",2,0,6,8,3,3
"V",2,0,7,-1,286,144
"V",2,0,7,-2,137,45
"V",2,0,7,-3,60,14
"V",2,0,7,-4,35,9
"V",2,0,7,-5,10,1
"V",2,0,7,-6,6,1
"V",2,0,7,-7,3,0
"V",2,0,7,0,918,590
"V",2,0,7,1,476,328
"V",2,0,7,2,235,179
"V",2,0,7,3,89,76
"V",2,0,7,4,51,43
"V",2,0,7,5,19,17
"V",2,0,7,6,11,11
"V",2,0,7,7,6,6
"V",2,0,7,8,6,6
"V",2,0,8,-1,287,155
"V",2,0,8,-2,143,52
"V",2,0,8,-3,65,21
"V",2,0,8,-4,31,7
"V",2,0,8,-5,12,4
"V",2,0,8,-6,7,0
"V",2,0,8,-7,4,0
"V",2,0,8,-8,1,0
"V",2,0,8,0,905,557
"V",2,0,8,1,426,308
"V",2,0,8,2,202,173
"V",2,0,8,3,93,84
"V",2,0,8,4,63,58
"V",2,0,8,5,24,23
"V",2,0,8,6,11,10
"V",2,0,8,7,7,7
"V",2,0,8,8,3,3
"V",2,0,8,9,2,2
"V",2,1,1,-1,14895,4857
"V",2,1,1,-10,9,0
"V",2,1,1,-11,7,0
"V",2,1,1,-13,2,0
"V",2,1,1,-15,1,0
"V",2,1,1,-2,7609,1778
"V",2,1,1,-3,3640,596
"V",2,1,1,-4,1675,160
"V",2,1,1,-5,661,45
"V",2,1,1,-6,228,14
"V",2,1,1,-7,99,3
"V",2,1,1,-8,34,0
"V",2,1,1,-9,15,1
"V",2,1,1,0,56923,25127
"V",2,1,1,1,16518,9285
"V",2,1,1,10,12,12
"V",2,1,1,11,3,3
"V",2,1,1,2,8048,5322
"V",2,1,1,3,3824,2928
"V",2,1,1,4,1615,1369
"V",2,1,1,5,669,589
"V",2,1,1,6,249,232
"V",2,1,1,7,119,110
"V",2,1,1,8,55,52
"V",2,1,1,9,39,37
"V",2,1,2,-1,6251,2194
"V",2,1,2,-10,5,0
"V",2,1,2,-13,1,0
"V",2,1,2,-14,1,0
"V",2,1,2,-2,3298,821
"V",2,1,2,-3,1614,294
"V",2,1,2,-4,771,87
"V",2,1,2,-5,274,32
"V",2,1,2,-6,116,9
"V",2,1,2,-7,41,2
"V",2,1,2,-8,8,0
"V",2,1,2,-9,7,0
"V",2,1,2,0,23158,10793
"V",2,1,2,1,7469,4420
"V",2,1,2,10,4,4
"V",2,1,2,11,3,3
"V",2,1,2,12,1,1
"V",2,1,2,2,3699,2521
"V",2,1,2,3,1766,1352
"V",2,1,2,4,824,697
"V",2,1,2,5,375,326
"V",2,1,2,6,182,172
"V",2,1,2,7,71,70
"V",2,1,2,8,35,31
"V",2,1,2,9,27,25
"V",2,1,3,-1,2082,766
"V",2,1,3,-10,1,0
"V",2,1,3,-11,1,0
"V",2,1,3,-2,1029,279
"V",2,1,3,-3,486,101
"V",2,1,3,-4,215,26
"V",2,1,3,-5,79,8
"V",2,1,3,-6,31,3
"V",2,1,3,-7,13,0
"V",2,1,3,-8,4,0
"V",2,1,3,-9,1,0
"V",2,1,3,0,8156,3963
"V",2,1,3,1,3633,2193
"V",2,1,3,10,4,4
"V",2,1,3,11,1,1
"V",2,1,3,2,1999,1419
"V",2,1,3,3,1010,761
"V",2,1,3,4,488,408
"V",2,1,3,5,229,203
"V",2,1,3,6,101,95
"V",2,1,3,7,53,52
"V",2,1,3,8,19,18
"V",2,1,3,9,7,7
"V",2,1,4,-1,1898,726
"V",2,1,4,-14,1,0
"V",2,1,4,-2,1029,283
"V",2,1,4,-3,493,99
"V",2,1,4,-4,272,52
"V",2,1,4,-5,80,14
"V",2,1,4,-6,29,3
"V",2,1,4,-7,14,3
"V",2,1,4,-8,4,0
"V",2,1,4,-9,6,0
"V",2,1,4,0,6724,3379
"V",2,1,4,1,2942,1870
"V",2,1,4,10,6,6
"V",2,1,4,11,2,2
"V",2,1,4,12,1,1
"V",2,1,4,2,1429,1020
"V",2,1,4,3,762,595
"V",2,1,4,4,415,351
"V",2,1,4,5,208,190
"V",2,1,4,6,98,92
"V",2,1,4,7,49,47
"V",2,1,4,8,19,18
"V",2,1,4,9,15,15
"V",2,1,5,-1,686,275
"V",2,1,5,-11,1,0
"V",2,1,5,-2,301,88
"V",2,1,5,-3,139,25
"V",2,1,5,-4,69,5
"V",2,1,5,-5,21,1
"V",2,1,5,-6,6,0
"V",2,1,5,-7,3,0
"V",2,1,5,0,2588,1293
"V",2,1,5,1,1437,915
"V",2,1,5,10,3,3
"V",2,1,5,11,1,1
"V",2,1,5,2,786,564
"V",2,1,5,3,400,304
"V",2,1,5,4,220,193
"V",2,1,5,5,104,95
"V",2,1,5,6,49,49
"V",2,1,5,7,12,11
"V",2,1,5,8,7,7
"V",2,1,5,9,7,7
"V",2,1,6,-1,856,370
"V",2,1,6,-10,1,0
"V",2,1,6,-2,398,124
"V",2,1,6,-3,184,46
"V",2,1,6,-4,91,16
"V",2,1,6,-5,37,6
"V",2,1,6,-6,13,2
"V",2,1,6,-7,5,0
"V",2,1,6,-8,1,0
"V",2,1,6,0,2942,1580
"V",2,1,6,1,1600,1039
"V",2,1,6,10,4,4
"V",2,1,6,2,811,599
"V",2,1,6,3,437,351
"V",2,1,6,4,236,195
"V",2,1,6,5,124,114
"V",2,1,6,6,57,53
"V",2,1,6,7,29,28
"V",2,1,6,8,17,16
"V",2,1,6,9,11,11
"V",2,1,7,-1,631,262
"V",2,1,7,-10,1,0
"V",2,1,7,-2,332,128
"V",2,1,7,-3,151,45
"V",2,1,7,-4,67,7
"V",2,1,7,-5,15,2
"V",2,1,7,-6,5,0
"V",2,1,7,-7,1,0
"V",2,1,7,-8,1,0
"V",2,1,7,-9,1,0
"V",2,1,7,0,2206,1229
"V",2,1,7,1,1281,844
"V",2,1,7,10,1,1
"V",2,1,7,11,1,1
"V",2,1,7,2,730,538
"V",2,1,7,3,357,277
"V",2,1,7,4,188,162
"V",2,1,7,5,99,85
"V",2,1,7,6,45,40
"V",2,1,7,7,18,18
"V",2,1,7,8,11,10
"V",2,1,7,9,3,3
"V",2,1,8,-1,466,223
"V",2,1,8,-2,254,96
"V",2,1,8,-3,129,31
"V",2,1,8,-4,63,12
"V",2,1,8,-5,19,5
"V",2,1,8,-6,10,1
"V",2,1,8,-7,6,2
"V",2,1,8,-8,3,0
"V",2,1,8,-9,1,0
"V",2,1,8,0,1816,1041
"V",2,1,8,1,1054,709
"V",2,1,8,10,1,1
"V",2,1,8,11,1,1
"V",2,1,8,2,516,393
"V",2,1,8,3,344,286
"V",2,1,8,4,201,175
"V",2,1,8,5,118,106
"V",2,1,8,6,53,47
"V",2,1,8,7,24,24
"V",2,1,8,8,14,13
"V",2,1,8,9,2,2
"V",2,2,1,-1,11340,3532
"V",2,2,1,-10,10,0
"V",2,2,1,-11,6,0
"V",2,2,1,-13,2,0
"V",2,2,1,-15,1,0
"V",2,2,1,-2,5791,1277
"V",2,2,1,-3,2736,406
"V",2,2,1,-4,1212,103
"V",2,2,1,-5,497,25
"V",2,2,1,-6,161,6
"V",2,2,1,-7,74,1
"V",2,2,1,-8,32,0
"V",2,2,1,-9,15,1
"V",2,2,1,0,43084,18250
"V",2,2,1,1,14397,7861
"V",2,2,1,10,19,19
"V",2,2,1,11,8,8
"V",2,2,1,12,1,1
"V",2,2,1,13,1,1
"V",2,2,1,2,7118,4680
"V",2,2,1,3,3483,2629
"V",2,2,1,4,1539,1285
"V",2,2,1,5,744,632
"V",2,2,1,6,374,337
"V",2,2,1,7,204,191
"V",2,2,1,8,91,86
"V",2,2,1,9,41,41
"V",2,2,2,-1,5699,1862
"V",2,2,2,-10,8,0
"V",2,2,2,-13,2,0
"V",2,2,2,-15,1,0
"V",2,2,2,-2,3009,709
"V",2,2,2,-3,1542,249
"V",2,2,2,-4,647,60
"V",2,2,2,-5,256,22
"V",2,2,2,-6,98,6
"V",2,2,2,-7,38,1
"V",2,2,2,-8,7,0
"V",2,2,2,-9,4,0
"V",2,2,2,0,20710,9158
"V",2,2,2,1,8327,4736
"V",2,2,2,10,15,15
"V",2,2,2,11,9,9
"V",2,2,2,12,2,2
"V",2,2,2,13,1,1
"V",2,2,2,2,4324,2845
"V",2,2,2,3,2345,1811
"V",2,2,2,4,1215,994
"V",2,2,2,5,625,531
"V",2,2,2,6,310,284
"V",2,2,2,7,161,153
"V",2,2,2,8,74,71
"V",2,2,2,9,40,37
"V",2,2,3,-1,2527,833
"V",2,2,3,-10,3,0
"V",2,2,3,-2,1236,304
"V",2,2,3,-3,566,96
"V",2,2,3,-4,265,30
"V",2,2,3,-5,96,7
"V",2,2,3,-6,30,1
"V",2,2,3,-7,17,0
"V",2,2,3,-8,5,0
"V",2,2,3,0,9454,4243
"V",2,2,3,1,5209,2966
"V",2,2,3,10,9,9
"V",2,2,3,11,4,4
"V",2,2,3,12,3,3
"V",2,2,3,2,3168,2158
"V",2,2,3,3,1713,1300
"V",2,2,3,4,925,766
"V",2,2,3,5,445,378
"V",2,2,3,6,240,224
"V",2,2,3,7,96,90
"V",2,2,3,8,39,36
"V",2,2,3,9,21,21
"V",2,2,4,-1,2044,713
"V",2,2,4,-10,1,0
"V",2,2,4,-13,1,0
"V",2,2,4,-14,1,0
"V",2,2,4,-2,1152,283
"V",2,2,4,-3,590,108
"V",2,2,4,-4,276,30
"V",2,2,4,-5,102,15
"V",2,2,4,-6,33,5
"V",2,2,4,-7,20,0
"V",2,2,4,-8,4,0
"V",2,2,4,-9,2,0
"V",2,2,4,0,7446,3533
"V",2,2,4,1,3855,2290
"V",2,2,4,10,8,8
"V",2,2,4,11,6,6
"V",2,2,4,12,1,1
"V",2,2,4,2,2119,1443
"V",2,2,4,3,1210,926
"V",2,2,4,4,673,558
"V",2,2,4,5,337,295
"V",2,2,4,6,197,184
"V",2,2,4,7,93,88
"V",2,2,4,8,38,34
"V",2,2,4,9,18,17
"V",2,2,5,-1,992,352
"V",2,2,5,-2,489,117
"V",2,2,5,-3,214,34
"V",2,2,5,-4,109,12
"V",2,2,5,-5,30,2
"V",2,2,5,-6,9,1
"V",2,2,5,-7,4,0
"V",2,2,5,-8,2,0
"V",2,2,5,-9,1,0
"V",2,2,5,0,3453,1569
"V",2,2,5,1,2191,1255
"V",2,2,5,10,6,6
"V",2,2,5,11,2,2
"V",2,2,5,12,1,1
"V",2,2,5,2,1299,918
"V",2,2,5,3,729,536
"V",2,2,5,4,402,331
"V",2,2,5,5,203,178
"V",2,2,5,6,94,87
"V",2,2,5,7,43,41
"V",2,2,5,8,23,23
"V",2,2,5,9,6,6
"V",2,2,6,-1,921,349
"V",2,2,6,-2,457,123
"V",2,2,6,-3,215,43
"V",2,2,6,-4,95,9
"V",2,2,6,-5,44,3
"V",2,2,6,-6,8,1
"V",2,2,6,-7,3,0
"V",2,2,6,-8,1,0
"V",2,2,6,-9,3,0
"V",2,2,6,0,3129,1462
"V",2,2,6,1,2065,1233
"V",2,2,6,10,3,3
"V",2,2,6,12,2,2
"V",2,2,6,2,1195,849
"V",2,2,6,3,741,569
"V",2,2,6,4,398,337
"V",2,2,6,5,224,189
"V",2,2,6,6,85,78
"V",2,2,6,7,60,56
"V",2,2,6,8,22,22
"V",2,2,6,9,17,17
"V",2,2,7,-1,671,246
"V",2,2,7,-10,3,0
"V",2,2,7,-2,339,105
"V",2,2,7,-3,149,26
"V",2,2,7,-4,68,5
"V",2,2,7,-5,28,3
"V",2,2,7,-6,13,0
"V",2,2,7,-7,2,0
"V",2,2,7,-8,1,0
"V",2,2,7,-9,1,0
"V",2,2,7,0,2088,1006
"V",2,2,7,1,1569,956
"V",2,2,7,10,5,5
"V",2,2,7,11,2,2
"V",2,2,7,12,3,3
"V",2,2,7,13,1,1
"V",2,2,7,2,983,711
"V",2,2,7,3,473,359
"V",2,2,7,4,234,193
"V",2,2,7,5,133,112
"V",2,2,7,6,62,58
"V",2,2,7,7,28,26
"V",2,2,7,8,12,12
"V",2,2,7,9,10,10
"V",2,2,8,-1,595,214
"V",2,2,8,-2,320,109
"V",2,2,8,-3,171,35
"V",2,2,8,-4,68,11
"V",2,2,8,-5,26,5
"V",2,2,8,-6,8,2
"V",2,2,8,-7,3,0
"V",2,2,8,-8,2,0
"V",2,2,8,0,2143,1078
"V",2,2,8,1,1296,806
"V",2,2,8,10,3,3
"V",2,2,8,11,1,1
"V",2,2,8,2,758,551
"V",2,2,8,3,461,343
"V",2,2,8,4,253,222
"V",2,2,8,5,147,123
"V",2,2,8,6,76,71
"V",2,2,8,7,27,24
"V",2,2,8,8,17,16
"V",2,2,8,9,12,12
"V",3,0,1,-1,26874,9144
"V",3,0,1,-10,66,0
"V",3,0,1,-11,31,0
"V",3,0,1,-12,9,0
"V",3,0,1,-13,8,0
"V",3,0,1,-14,3,0
"V",3,0,1,-15,2,0
"V",3,0,1,-16,3,0
"V",3,0,1,-2,14642,3510
"V",3,0,1,-3,7731,1298
"V",3,0,1,-4,3997,433
"V",3,0,1,-5,2115,155
"V",3,0,1,-6,1123,54
"V",3,0,1,-7,545,17
"V",3,0,1,-8,294,8
"V",3,0,1,-9,124,2
"V",3,0,1,0,55747,26062
"V",3,0,1,1,25209,15091
"V",3,0,1,10,48,48
"V",3,0,1,11,17,17
"V",3,0,1,12,10,10
"V",3,0,1,13,2,2
"V",3,0,1,2,13138,9212
"V",3,0,1,3,6751,5309
"V",3,0,1,4,3421,2950
"V",3,0,1,5,1758,1534
"V",3,0,1,6,938,886
"V",3,0,1,7,415,401
"V",3,0,1,8,194,188
"V",3,0,1,9,104,101
"V",3,0,2,-1,6395,2460
"V",3,0,2,-10,8,0
"V",3,0,2,-11,8,0
"V",3,0,2,-12,1,0
"V",3,0,2,-13,3,0
"V",3,0,2,-15,1,0
"V",3,0,2,-16,1,0
"V",3,0,2,-2,3478,1003
"V",3,0,2,-3,1919,349
"V",3,0,2,-4,945,135
"V",3,0,2,-5,545,53
"V",3,0,2,-6,266,17
"V",3,0,2,-7,135,5
"V",3,0,2,-8,96,2
"V",3,0,2,-9,30,0
"V",3,0,2,0,13375,6828
"V",3,0,2,1,6433,4081
"V",3,0,2,10,18,18
"V",3,0,2,11,9,9
"V",3,0,2,12,3,3
"V",3,0,2,13,1,1
"V",3,0,2,2,3561,2613
"V",3,0,2,3,1876,1545
"V",3,0,2,4,993,858
"V",3,0,2,5,476,423
"V",3,0,2,6,274,259
"V",3,0,2,7,122,118
"V",3,0,2,8,57,55
"V",3,0,2,9,39,39
"V",3,0,3,-1,1537,660
"V",3,0,3,-10,7,0
"V",3,0,3,-11,1,0
"V",3,0,3,-13,1,0
"V",3,0,3,-2,813,244
"V",3,0,3,-3,434,90
"V",3,0,3,-4,197,35
"V",3,0,3,-5,118,14
"V",3,0,3,-6,67,2
"V",3,0,3,-7,19,1
"V",3,0,3,-8,11,1
"V",3,0,3,-9,5,0
"V",3,0,3,0,3181,1707
"V",3,0,3,1,1878,1267
"V",3,0,3,10,2,2
"V",3,0,3,2,1196,903
"V",3,0,3,3,689,557
"V",3,0,3,4,351,303
"V",3,0,3,5,191,172
"V",3,0,3,6,101,96
"V",3,0,3,7,37,36
"V",3,0,3,8,21,20
"V",3,0,3,9,9,8
"V",3,0,4,-1,1216,548
"V",3,0,4,-10,4,0
"V",3,0,4,-2,754,281
"V",3,0,4,-3,424,103
"V",3,0,4,-4,229,51
"V",3,0,4,-5,139,21
"V",3,0,4,-6,70,7
"V",3,0,4,-7,38,3
"V",3,0,4,-8,22,1
"V",3,0,4,-9,3,0
"V",3,0,4,0,2344,1358
"V",3,0,4,1,1472,985
"V",3,0,4,10,3,3
"V",3,0,4,11,2,2
"V",3,0,4,12,1,1
"V",3,0,4,2,927,722
"V",3,0,4,3,513,435
"V",3,0,4,4,290,247
"V",3,0,4,5,152,139
"V",3,0,4,6,83,80
"V",3,0,4,7,37,36
"V",3,0,4,8,21,20
"V",3,0,4,9,11,11
"V",3,0,5,-1,283,132
"V",3,0,5,-2,138,42
"V",3,0,5,-3,67,16
"V",3,0,5,-4,33,10
"V",3,0,5,-5,14,1
"V",3,0,5,-6,5,1
"V",3,0,5,-7,7,0
"V",3,0,5,-8,4,0
"V",3,0,5,-9,3,0
"V",3,0,5,0,568,322
"V",3,0,5,1,421,292
"V",3,0,5,10,2,2
"V",3,0,5,11,1,1
"V",3,0,5,2,306,240
"V",3,0,5,3,182,152
"V",3,0,5,4,96,91
"V",3,0,5,5,49,45
"V",3,0,5,6,20,20
"V",3,0,5,7,11,11
"V",3,0,5,8,8,8
"V",3,0,5,9,1,1
"V",3,0,6,-1,457,226
"V",3,0,6,-10,1,0
"V",3,0,6,-13,1,0
"V",3,0,6,-2,226,82
"V",3,0,6,-3,114,24
"V",3,0,6,-4,76,16
"V",3,0,6,-5,30,3
"V",3,0,6,-6,19,2
"V",3,0,6,-7,9,1
"V",3,0,6,-8,6,1
"V",3,0,6,-9,3,0
"V",3,0,6,0,1001,618
"V",3,0,6,1,683,487
"V",3,0,6,10,3,3
"V",3,0,6,2,478,366
"V",3,0,6,3,303,261
"V",3,0,6,4,128,120
"V",3,0,6,5,66,63
"V",3,0,6,6,31,31
"V",3,0,6,7,18,18
"V",3,0,6,8,7,7
"V",3,0,6,9,4,4
"V",3,0,7,-1,286,147
"V",3,0,7,-10,2,0
"V",3,0,7,-11,1,0
"V",3,0,7,-16,1,0
"V",3,0,7,-2,151,63
"V",3,0,7,-3,71,19
"V",3,0,7,-4,36,9
"V",3,0,7,-5,28,4
"V",3,0,7,-6,7,2
"V",3,0,7,-7,9,0
"V",3,0,7,-8,10,0
"V",3,0,7,-9,1,0
"V",3,0,7,0,510,314
"V",3,0,7,1,368,282
"V",3,0,7,10,2,2
"V",3,0,7,11,1,1
"V",3,0,7,12,2,2
"V",3,0,7,2,285,237
"V",3,0,7,3,168,147
"V",3,0,7,4,92,86
"V",3,0,7,5,40,37
"V",3,0,7,6,31,30
"V",3,0,7,7,8,8
"V",3,0,7,8,4,4
"V",3,0,7,9,3,3
"V",3,0,8,-1,253,150
"V",3,0,8,-10,2,0
"V",3,0,8,-2,170,81
"V",3,0,8,-3,93,30
"V",3,0,8,-4,43,9
"V",3,0,8,-5,26,3
"V",3,0,8,-6,17,2
"V",3,0,8,-7,16,0
"V",3,0,8,-8,7,1
"V",3,0,8,-9,2,0
"V",3,0,8,0,518,357
"V",3,0,8,1,415,301
"V",3,0,8,10,2,2
"V",3,0,8,11,1,1
"V",3,0,8,2,260,210
"V",3,0,8,3,156,132
"V",3,0,8,4,93,86
"V",3,0,8,5,51,48
"V",3,0,8,6,19,18
"V",3,0,8,7,15,14
"V",3,0,8,8,6,5
"V",3,0,8,9,1,1
"V",3,1,1,-1,19343,6122
"V",3,1,1,-10,52,0
"V",3,1,1,-11,22,0
"V",3,1,1,-12,7,0
"V",3,1,1,-13,5,0
"V",3,1,1,-14,3,0
"V",3,1,1,-15,1,0
"V",3,1,1,-16,2,0
"V",3,1,1,-2,10491,2270
"V",3,1,1,-3,5429,855
"V",3,1,1,-4,2865,266
"V",3,1,1,-5,1452,88
"V",3,1,1,-6,788,33
"V",3,1,1,-7,391,13
"V",3,1,1,-8,187,6
"V",3,1,1,-9,86,2
"V",3,1,1,0,40105,17892
"V",3,1,1,1,18460,10600
"V",3,1,1,10,37,37
"V",3,1,1,11,13,13
"V",3,1,1,12,9,9
"V",3,1,1,13,2,2
"V",3,1,1,2,9773,6648
"V",3,1,1,3,5304,4074
"V",3,1,1,4,2867,2432
"V",3,1,1,5,1545,1344
"V",3,1,1,6,786,740
"V",3,1,1,7,335,324
"V",3,1,1,8,171,166
"V",3,1,1,9,74,71
"V",3,1,2,-1,7371,2592
"V",3,1,2,-10,15,0
"V",3,1,2,-11,15,0
"V",3,1,2,-12,3,0
"V",3,1,2,-13,2,0
"V",3,1,2,-14,1,0
"V",3,1,2,-15,1,0
"V",3,1,2,-2,4109,966
"V",3,1,2,-3,2308,438
"V",3,1,2,-4,1145,135
"V",3,1,2,-5,648,47
"V",3,1,2,-6,337,18
"V",3,1,2,-7,171,5
"V",3,1,2,-8,88,1
"V",3,1,2,-9,39,1
"V",3,1,2,0,14853,7067
"V",3,1,2,1,8081,4856
"V",3,1,2,10,22,22
"V",3,1,2,11,11,11
"V",3,1,2,12,5,5
"V",3,1,2,13,1,1
"V",3,1,2,14,1,1
"V",3,1,2,15,1,1
"V",3,1,2,2,4804,3364
"V",3,1,2,3,2584,2052
"V",3,1,2,4,1464,1253
"V",3,1,2,5,755,663
"V",3,1,2,6,419,389
"V",3,1,2,7,199,185
"V",3,1,2,8,80,78
"V",3,1,2,9,44,42
"V",3,1,3,-1,3214,1167
"V",3,1,3,-10,8,0
"V",3,1,3,-11,1,0
"V",3,1,3,-16,1,0
"V",3,1,3,-2,1435,371
"V",3,1,3,-3,744,146
"V",3,1,3,-4,349,43
"V",3,1,3,-5,173,12
"V",3,1,3,-6,98,7
"V",3,1,3,-7,44,0
"V",3,1,3,-8,26,1
"V",3,1,3,-9,11,0
"V",3,1,3,0,6980,3510
"V",3,1,3,1,3947,2506
"V",3,1,3,10,9,9
"V",3,1,3,11,6,6
"V",3,1,3,12,1,1
"V",3,1,3,15,1,1
"V",3,1,3,2,2341,1686
"V",3,1,3,3,1326,1056
"V",3,1,3,4,764,660
"V",3,1,3,5,379,336
"V",3,1,3,6,206,193
"V",3,1,3,7,81,76
"V",3,1,3,8,47,45
"V",3,1,3,9,18,17
"V",3,1,4,-1,2175,861
"V",3,1,4,-10,5,0
"V",3,1,4,-11,5,0
"V",3,1,4,-12,2,0
"V",3,1,4,-14,1,0
"V",3,1,4,-2,1316,398
"V",3,1,4,-3,701,154
"V",3,1,4,-4,374,65
"V",3,1,4,-5,218,16
"V",3,1,4,-6,116,7
"V",3,1,4,-7,56,5
"V",3,1,4,-8,28,0
"V",3,1,4,-9,14,0
"V",3,1,4,0,4150,2120
"V",3,1,4,1,2828,1811
"V",3,1,4,10,10,10
"V",3,1,4,11,6,5
"V",3,1,4,12,4,3
"V",3,1,4,13,2,2
"V",3,1,4,14,1,1
"V",3,1,4,15,1,1
"V",3,1,4,2,1821,1331
"V",3,1,4,3,1062,860
"V",3,1,4,4,637,533
"V",3,1,4,5,329,300
"V",3,1,4,6,184,174
"V",3,1,4,7,104,98
"V",3,1,4,8,44,43
"V",3,1,4,9,20,19
"V",3,1,5,-1,947,391
"V",3,1,5,-10,1,0
"V",3,1,5,-15,1,0
"V",3,1,5,-2,456,129
"V",3,1,5,-3,216,51
"V",3,1,5,-4,112,20
"V",3,1,5,-5,40,4
"V",3,1,5,-6,37,1
"V",3,1,5,-7,15,0
"V",3,1,5,-8,8,0
"V",3,1,5,-9,7,0
"V",3,1,5,0,2038,1076
"V",3,1,5,1,1558,1023
"V",3,1,5,10,5,5
"V",3,1,5,11,3,3
"V",3,1,5,13,1,1
"V",3,1,5,2,966,728
"V",3,1,5,3,612,492
"V",3,1,5,4,322,281
"V",3,1,5,5,164,150
"V",3,1,5,6,85,74
"V",3,1,5,7,41,40
"V",3,1,5,8,17,16
"V",3,1,5,9,4,4
"V",3,1,6,-1,1053,436
"V",3,1,6,-10,2,0
"V",3,1,6,-11,1,0
"V",3,1,6,-13,1,0
"V",3,1,6,-2,556,175
"V",3,1,6,-3,301,77
"V",3,1,6,-4,152,25
"V",3,1,6,-5,84,12
"V",3,1,6,-6,42,2
"V",3,1,6,-7,11,0
"V",3,1,6,-8,10,0
"V",3,1,6,-9,4,0
"V",3,1,6,0,2000,1137
"V",3,1,6,1,1620,1098
"V",3,1,6,10,8,8
"V",3,1,6,11,5,5
"V",3,1,6,12,1,1
"V",3,1,6,13,2,2
"V",3,1,6,15,1,1
"V",3,1,6,2,1119,835
"V",3,1,6,3,657,535
"V",3,1,6,4,369,319
"V",3,1,6,5,170,155
"V",3,1,6,6,76,72
"V",3,1,6,7,43,42
"V",3,1,6,8,30,30
"V",3,1,6,9,18,17
"V",3,1,7,-1,796,355
"V",3,1,7,-10,3,0
"V",3,1,7,-11,1,0
"V",3,1,7,-2,391,130
"V",3,1,7,-3,213,69
"V",3,1,7,-4,99,18
"V",3,1,7,-5,52,7
"V",3,1,7,-6,24,0
"V",3,1,7,-7,20,1
"V",3,1,7,-8,8,1
"V",3,1,7,-9,1,0
"V",3,1,7,0,1596,901
"V",3,1,7,1,1175,781
"V",3,1,7,10,3,3
"V",3,1,7,11,3,3
"V",3,1,7,12,3,3
"V",3,1,7,13,1,1
"V",3,1,7,2,748,587
"V",3,1,7,3,464,392
"V",3,1,7,4,298,259
"V",3,1,7,5,141,128
"V",3,1,7,6,81,79
"V",3,1,7,7,32,31
"V",3,1,7,8,18,18
"V",3,1,7,9,14,13
"V",3,1,8,-1,617,283
"V",3,1,8,-10,2,0
"V",3,1,8,-2,327,117
"V",3,1,8,-3,171,51
"V",3,1,8,-4,90,14
"V",3,1,8,-5,55,7
"V",3,1,8,-6,28,2
"V",3,1,8,-7,17,1
"V",3,1,8,-8,15,1
"V",3,1,8,-9,3,0
"V",3,1,8,0,1236,728
"V",3,1,8,1,1055,711
"V",3,1,8,10,6,6
"V",3,1,8,11,6,6
"V",3,1,8,12,1,1
"V",3,1,8,13,1,1
"V",3,1,8,2,773,596
"V",3,1,8,3,445,371
"V",3,1,8,4,310,273
"V",3,1,8,5,143,131
"V",3,1,8,6,60,59
"V",3,1,8,7,32,31
"V",3,1,8,8,14,14
"V",3,1,8,9,9,8
"V",3,2,1,-1,14877,4447
"V",3,2,1,-10,37,0
"V",3,2,1,-11,11,0
"V",3,2,1,-12,5,0
"V",3,2,1,-13,5,0
"V",3,2,1,-14,3,0
"V",3,2,1,-15,1,0
"V",3,2,1,-16,1,0
"V",3,2,1,-2,8113,1690
"V",3,2,1,-3,4133,559
"V",3,2,1,-4,2158,174
"V",3,2,1,-5,1113,62
"V",3,2,1,-6,590,19
"V",3,2,1,-7,279,10
"V",3,2,1,-8,143,3
"V",3,2,1,-9,61,0
"V",3,2,1,0,31151,13410
"V",3,2,1,1,14944,8314
"V",3,2,1,10,45,45
"V",3,2,1,11,22,22
"V",3,2,1,12,13,13
"V",3,2,1,13,7,7
"V",3,2,1,2,8362,5571
"V",3,2,1,3,4922,3733
"V",3,2,1,4,2826,2354
"V",3,2,1,5,1518,1322
"V",3,2,1,6,776,725
"V",3,2,1,7,347,335
"V",3,2,1,8,188,184
"V",3,2,1,9,93,88
"V",3,2,2,-1,6980,2213
"V",3,2,2,-10,13,0
"V",3,2,2,-11,7,0
"V",3,2,2,-12,3,0
"V",3,2,2,-13,2,0
"V",3,2,2,-15,2,0
"V",3,2,2,-2,3914,848
"V",3,2,2,-3,2127,319
"V",3,2,2,-4,1106,108
"V",3,2,2,-5,598,42
"V",3,2,2,-6,327,15
"V",3,2,2,-7,180,7
"V",3,2,2,-8,82,2
"V",3,2,2,-9,42,0
"V",3,2,2,0,14321,6341
"V",3,2,2,1,8703,4959
"V",3,2,2,10,31,30
"V",3,2,2,11,19,18
"V",3,2,2,12,8,8
"V",3,2,2,13,3,3
"V",3,2,2,14,3,3
"V",3,2,2,15,1,1
"V",3,2,2,2,5453,3710
"V",3,2,2,3,3141,2404
"V",3,2,2,4,1860,1571
"V",3,2,2,5,1042,906
"V",3,2,2,6,514,475
"V",3,2,2,7,292,280
"V",3,2,2,8,138,135
"V",3,2,2,9,78,76
"V",3,2,3,-1,3938,1331
"V",3,2,3,-10,12,0
"V",3,2,3,-11,3,0
"V",3,2,3,-12,2,0
"V",3,2,3,-13,1,0
"V",3,2,3,-16,1,0
"V",3,2,3,-2,1839,437
"V",3,2,3,-3,977,165
"V",3,2,3,-4,432,40
"V",3,2,3,-5,234,13
"V",3,2,3,-6,106,6
"V",3,2,3,-7,53,0
"V",3,2,3,-8,21,1
"V",3,2,3,-9,17,0
"V",3,2,3,0,8150,3766
"V",3,2,3,1,5108,2953
"V",3,2,3,10,27,27
"V",3,2,3,11,13,13
"V",3,2,3,12,10,10
"V",3,2,3,13,5,5
"V",3,2,3,14,2,2
"V",3,2,3,15,1,1
"V",3,2,3,18,1,1
"V",3,2,3,2,3293,2286
"V",3,2,3,3,1978,1544
"V",3,2,3,4,1217,1041
"V",3,2,3,5,651,572
"V",3,2,3,6,371,347
"V",3,2,3,7,168,155
"V",3,2,3,8,71,69
"V",3,2,3,9,35,33
"V",3,2,4,-1,2577,905
"V",3,2,4,-10,9,0
"V",3,2,4,-11,5,0
"V",3,2,4,-12,4,0
"V",3,2,4,-15,1,0
"V",3,2,4,-2,1473,350
"V",3,2,4,-3,876,147
"V",3,2,4,-4,444,47
"V",3,2,4,-5,250,22
"V",3,2,4,-6,145,7
"V",3,2,4,-7,76,2
"V",3,2,4,-8,25,1
"V",3,2,4,-9,19,0
"V",3,2,4,0,5084,2382
"V",3,2,4,1,3733,2151
"V",3,2,4,10,14,14
"V",3,2,4,11,8,8
"V",3,2,4,12,6,5
"V",3,2,4,14,2,2
"V",3,2,4,16,1,1
"V",3,2,4,2,2552,1794
"V",3,2,4,3,1583,1259
"V",3,2,4,4,1006,861
"V",3,2,4,5,537,466
"V",3,2,4,6,298,278
"V",3,2,4,7,166,158
"V",3,2,4,8,95,92
"V",3,2,4,9,41,39
"V",3,2,5,-1,1423,472
"V",3,2,5,-10,3,0
"V",3,2,5,-11,1,0
"V",3,2,5,-2,677,164
"V",3,2,5,-3,354,57
"V",3,2,5,-4,159,21
"V",3,2,5,-5,90,6
"V",3,2,5,-6,51,2
"V",3,2,5,-7,19,0
"V",3,2,5,-8,14,1
"V",3,2,5,-9,3,0
"V",3,2,5,0,3026,1393
"V",3,2,5,1,2286,1369
"V",3,2,5,10,16,15
"V",3,2,5,11,4,4
"V",3,2,5,12,2,2
"V",3,2,5,15,2,2
"V",3,2,5,2,1471,1024
"V",3,2,5,3,884,677
"V",3,2,5,4,506,438
"V",3,2,5,5,277,248
"V",3,2,5,6,144,130
"V",3,2,5,7,84,80
"V",3,2,5,8,45,44
"V",3,2,5,9,19,19
"V",3,2,6,-1,1217,422
"V",3,2,6,-10,1,0
"V",3,2,6,-12,1,0
"V",3,2,6,-13,1,0
"V",3,2,6,-2,655,177
"V",3,2,6,-3,354,66
"V",3,2,6,-4,194,26
"V",3,2,6,-5,106,13
"V",3,2,6,-6,69,5
"V",3,2,6,-7,28,2
"V",3,2,6,-8,10,0
"V",3,2,6,-9,6,0
"V",3,2,6,0,2532,1221
"V",3,2,6,1,2029,1232
"V",3,2,6,10,11,11
"V",3,2,6,11,9,9
"V",3,2,6,13,2,2
"V",3,2,6,15,2,2
"V",3,2,6,2,1492,1041
"V",3,2,6,3,887,700
"V",3,2,6,4,536,456
"V",3,2,6,5,330,300
"V",3,2,6,6,142,136
"V",3,2,6,7,96,91
"V",3,2,6,8,41,40
"V",3,2,6,9,21,20
"V",3,2,7,-1,734,285
"V",3,2,7,-10,2,0
"V",3,2,7,-11,2,0
"V",3,2,7,-14,1,0
"V",3,2,7,-15,1,0
"V",3,2,7,-2,385,113
"V",3,2,7,-3,216,44
"V",3,2,7,-4,102,12
"V",3,2,7,-5,53,4
"V",3,2,7,-6,36,3
"V",3,2,7,-7,29,1
"V",3,2,7,-8,9,0
"V",3,2,7,-9,2,0
"V",3,2,7,0,1483,718
"V",3,2,7,1,1158,695
"V",3,2,7,10,9,8
"V",3,2,7,11,9,9
"V",3,2,7,12,4,4
"V",3,2,7,16,1,1
"V",3,2,7,2,856,604
"V",3,2,7,3,547,442
"V",3,2,7,4,369,299
"V",3,2,7,5,190,170
"V",3,2,7,6,141,136
"V",3,2,7,7,57,53
"V",3,2,7,8,25,25
"V",3,2,7,9,18,17
"V",3,2,8,-1,776,317
"V",3,2,8,-10,3,0
"V",3,2,8,-11,1,0
"V",3,2,8,-2,407,112
"V",3,2,8,-3,222,40
"V",3,2,8,-4,125,21
"V",3,2,8,-5,63,11
"V",3,2,8,-6,27,1
"V",3,2,8,-7,24,1
"V",3,2,8,-8,10,1
"V",3,2,8,-9,3,0
"V",3,2,8,0,1514,769
"V",3,2,8,1,1250,754
"V",3,2,8,10,6,6
"V",3,2,8,11,6,6
"V",3,2,8,12,2,2
"V",3,2,8,13,1,1
"V",3,2,8,2,950,680
"V",3,2,8,3,546,452
"V",3,2,8,4,410,344
"V",3,2,8,5,202,180
"V",3,2,8,6,100,95
"V",3,2,8,7,62,59
"V",3,2,8,8,32,32
"V",3,2,8,9,17,17
"V",4,0,1,-1,25316,8658
"V",4,0,1,-10,128,0
"V",4,0,1,-11,88,2
"V",4,0,1,-12,44,0
"V",4,0,1,-13,24,0
"V",4,0,1,-14,8,0
"V",4,0,1,-15,3,0
"V",4,0,1,-16,2,0
"V",4,0,1,-17,2,0
"V",4,0,1,-18,1,0
"V",4,0,1,-2,16476,3807
"V",4,0,1,-3,10564,1637
"V",4,0,1,-4,6572,619
"V",4,0,1,-5,3817,255
"V",4,0,1,-6,2045,86
"V",4,0,1,-7,1041,23
"V",4,0,1,-8,537,6
"V",4,0,1,-9,276,2
"V",4,0,1,0,40617,19185
"V",4,0,1,1,24109,14620
"V",4,0,1,10,118,118
"V",4,0,1,11,54,53
"V",4,0,1,12,28,27
"V",4,0,1,13,16,16
"V",4,0,1,14,5,5
"V",4,0,1,15,2,2
"V",4,0,1,18,1,1
"V",4,0,1,2,15156,10883
"V",4,0,1,3,9215,7404
"V",4,0,1,4,5323,4672
"V",4,0,1,5,2921,2657
"V",4,0,1,6,1555,1469
"V",4,0,1,7,781,752
"V",4,0,1,8,402,396
"V",4,0,1,9,203,199
"V",4,0,2,-1,6666,2589
"V",4,0,2,-10,27,0
"V",4,0,2,-11,18,2
"V",4,0,2,-12,15,0
"V",4,0,2,-13,5,0
"V",4,0,2,-14,2,0
"V",4,0,2,-16,1,0
"V",4,0,2,-18,1,0
"V",4,0,2,-2,4363,1172
"V",4,0,2,-3,2768,533
"V",4,0,2,-4,1744,216
"V",4,0,2,-5,1022,72
"V",4,0,2,-6,515,34
"V",4,0,2,-7,274,3
"V",4,0,2,-8,140,2
"V",4,0,2,-9,61,0
"V",4,0,2,0,10686,5530
"V",4,0,2,1,6388,4121
"V",4,0,2,10,35,35
"V",4,0,2,11,11,11
"V",4,0,2,12,6,6
"V",4,0,2,13,3,3
"V",4,0,2,14,1,1
"V",4,0,2,15,1,1
"V",4,0,2,2,4090,3053
"V",4,0,2,3,2459,2033
"V",4,0,2,4,1412,1271
"V",4,0,2,5,767,695
"V",4,0,2,6,419,396
"V",4,0,2,7,210,203
"V",4,0,2,8,146,144
"V",4,0,2,9,63,62
"V",4,0,3,-1,1766,752
"V",4,0,3,-10,4,0
"V",4,0,3,-11,7,0
"V",4,0,3,-12,1,0
"V",4,0,3,-13,3,0
"V",4,0,3,-2,1088,338
"V",4,0,3,-3,676,157
"V",4,0,3,-4,435,58
"V",4,0,3,-5,266,27
"V",4,0,3,-6,132,5
"V",4,0,3,-7,54,2
"V",4,0,3,-8,32,0
"V",4,0,3,-9,20,0
"V",4,0,3,0,2839,1621
"V",4,0,3,1,1986,1356
"V",4,0,3,10,11,11
"V",4,0,3,11,11,10
"V",4,0,3,12,3,3
"V",4,0,3,13,1,1
"V",4,0,3,2,1253,954
"V",4,0,3,3,763,628
"V",4,0,3,4,450,400
"V",4,0,3,5,231,216
"V",4,0,3,6,144,139
"V",4,0,3,7,65,63
"V",4,0,3,8,43,42
"V",4,0,3,9,22,21
"V",4,0,4,-1,1396,641
"V",4,0,4,-10,12,0
"V",4,0,4,-11,5,0
"V",4,0,4,-12,2,0
"V",4,0,4,-13,2,0
"V",4,0,4,-18,1,0
"V",4,0,4,-2,996,347
"V",4,0,4,-3,658,168
"V",4,0,4,-4,438,67
"V",4,0,4,-5,248,22
"V",4,0,4,-6,124,9
"V",4,0,4,-7,71,1
"V",4,0,4,-8,41,0
"V",4,0,4,-9,19,0
"V",4,0,4,0,2170,1277
"V",4,0,4,1,1522,1068
"V",4,0,4,10,8,8
"V",4,0,4,11,8,8
"V",4,0,4,12,1,1
"V",4,0,4,2,947,747
"V",4,0,4,3,538,464
"V",4,0,4,4,351,322
"V",4,0,4,5,204,192
"V",4,0,4,6,103,102
"V",4,0,4,7,49,46
"V",4,0,4,8,37,37
"V",4,0,4,9,20,20
"V",4,0,5,-1,357,149
"V",4,0,5,-10,1,0
"V",4,0,5,-2,197,74
"V",4,0,5,-3,114,24
"V",4,0,5,-4,76,3
"V",4,0,5,-5,43,5
"V",4,0,5,-6,36,0
"V",4,0,5,-7,12,1
"V",4,0,5,-8,5,0
"V",4,0,5,-9,4,0
"V",4,0,5,0,565,311
"V",4,0,5,1,428,293
"V",4,0,5,10,3,3
"V",4,0,5,11,2,2
"V",4,0,5,12,1,1
"V",4,0,5,2,255,198
"V",4,0,5,3,167,143
"V",4,0,5,4,100,90
"V",4,0,5,5,48,46
"V",4,0,5,6,28,27
"V",4,0,5,7,23,22
"V",4,0,5,8,10,10
"V",4,0,5,9,8,8
"V",4,0,6,-1,616,294
"V",4,0,6,-10,3,0
"V",4,0,6,-11,5,0
"V",4,0,6,-2,384,138
"V",4,0,6,-3,231,65
"V",4,0,6,-4,158,20
"V",4,0,6,-5,82,15
"V",4,0,6,-6,50,3
"V",4,0,6,-7,24,1
"V",4,0,6,-8,15,1
"V",4,0,6,-9,2,0
"V",4,0,6,0,967,605
"V",4,0,6,1,738,535
"V",4,0,6,10,5,5
"V",4,0,6,11,3,3
"V",4,0,6,14,1,1
"V",4,0,6,2,402,313
"V",4,0,6,3,292,249
"V",4,0,6,4,143,132
"V",4,0,6,5,88,84
"V",4,0,6,6,44,44
"V",4,0,6,7,32,32
"V",4,0,6,8,17,16
"V",4,0,6,9,13,13
"V",4,0,7,-1,364,181
"V",4,0,7,-10,2,0
"V",4,0,7,-11,1,0
"V",4,0,7,-2,226,77
"V",4,0,7,-3,143,39
"V",4,0,7,-4,92,17
"V",4,0,7,-5,48,4
"V",4,0,7,-6,26,3
"V",4,0,7,-7,15,0
"V",4,0,7,-8,6,0
"V",4,0,7,-9,5,0
"V",4,0,7,0,540,357
"V",4,0,7,1,416,315
"V",4,0,7,10,3,3
"V",4,0,7,12,3,3
"V",4,0,7,13,1,1
"V",4,0,7,2,269,224
"V",4,0,7,3,162,147
"V",4,0,7,4,102,98
"V",4,0,7,5,66,61
"V",4,0,7,6,39,37
"V",4,0,7,7,24,24
"V",4,0,7,8,8,8
"V",4,0,7,9,3,3
"V",4,0,8,-1,324,181
"V",4,0,8,-10,3,0
"V",4,0,8,-11,2,0
"V",4,0,8,-12,1,0
"V",4,0,8,-2,219,91
"V",4,0,8,-3,150,58
"V",4,0,8,-4,97,23
"V",4,0,8,-5,40,6
"V",4,0,8,-6,24,4
"V",4,0,8,-7,18,0
"V",4,0,8,-8,6,0
"V",4,0,8,-9,5,0
"V",4,0,8,0,474,331
"V",4,0,8,1,392,314
"V",4,0,8,10,3,3
"V",4,0,8,11,1,1
"V",4,0,8,14,1,1
"V",4,0,8,2,256,220
"V",4,0,8,3,173,163
"V",4,0,8,4,110,104
"V",4,0,8,5,75,74
"V",4,0,8,6,36,35
"V",4,0,8,7,24,24
"V",4,0,8,8,12,12
"V",4,0,8,9,4,4
"V",4,1,1,-1,17344,5373
"V",4,1,1,-10,96,0
"V",4,1,1,-11,65,0
"V",4,1,1,-12,28,0
"V",4,1,1,-13,17,0
"V",4,1,1,-14,4,0
"V",4,1,1,-15,3,0
"V",4,1,1,-16,1,0
"V",4,1,1,-17,2,0
"V",4,1,1,-2,11220,2275
"V",4,1,1,-3,7209,948
"V",4,1,1,-4,4398,345
"V",4,1,1,-5,2527,144
"V",4,1,1,-6,1366,44
"V",4,1,1,-7,710,17
"V",4,1,1,-8,363,3
"V",4,1,1,-9,195,2
"V",4,1,1,0,27962,12329
"V",4,1,1,1,17288,10027
"V",4,1,1,10,102,102
"V",4,1,1,11,42,42
"V",4,1,1,12,25,24
"V",4,1,1,13,15,15
"V",4,1,1,14,4,4
"V",4,1,1,15,2,2
"V",4,1,1,16,1,1
"V",4,1,1,18,1,1
"V",4,1,1,19,1,1
"V",4,1,1,2,11250,7888
"V",4,1,1,3,6898,5438
"V",4,1,1,4,4071,3521
"V",4,1,1,5,2245,2041
"V",4,1,1,6,1217,1140
"V",4,1,1,7,653,630
"V",4,1,1,8,320,315
"V",4,1,1,9,168,166
"V",4,1,2,-1,7409,2557
"V",4,1,2,-10,30,0
"V",4,1,2,-11,29,2
"V",4,1,2,-12,18,0
"V",4,1,2,-13,9,0
"V",4,1,2,-14,2,0
"V",4,1,2,-2,4975,1158
"V",4,1,2,-3,3158,496
"V",4,1,2,-4,1955,191
"V",4,1,2,-5,1121,69
"V",4,1,2,-6,579,26
"V",4,1,2,-7,327,10
"V",4,1,2,-8,147,1
"V",4,1,2,-9,78,0
"V",4,1,2,0,11670,5523
"V",4,1,2,1,7588,4592
"V",4,1,2,10,47,47
"V",4,1,2,11,15,15
"V",4,1,2,12,13,13
"V",4,1,2,13,4,4
"V",4,1,2,14,1,1
"V",4,1,2,15,3,3
"V",4,1,2,2,4877,3555
"V",4,1,2,3,3030,2455
"V",4,1,2,4,1871,1639
"V",4,1,2,5,1022,926
"V",4,1,2,6,601,572
"V",4,1,2,7,322,312
"V",4,1,2,8,184,180
"V",4,1,2,9,91,89
"V",4,1,3,-1,2802,1077
"V",4,1,3,-10,14,0
"V",4,1,3,-11,11,0
"V",4,1,3,-12,3,0
"V",4,1,3,-13,2,0
"V",4,1,3,-14,1,0
"V",4,1,3,-15,1,0
"V",4,1,3,-16,1,0
"V",4,1,3,-2,1631,395
"V",4,1,3,-3,1013,158
"V",4,1,3,-4,544,58
"V",4,1,3,-5,345,29
"V",4,1,3,-6,200,5
"V",4,1,3,-7,90,3
"V",4,1,3,-8,44,0
"V",4,1,3,-9,23,0
"V",4,1,3,0,4807,2446
"V",4,1,3,1,3469,2201
"V",4,1,3,10,29,29
"V",4,1,3,11,16,14
"V",4,1,3,12,4,4
"V",4,1,3,13,3,3
"V",4,1,3,14,1,1
"V",4,1,3,2,2551,1870
"V",4,1,3,3,1658,1352
"V",4,1,3,4,989,860
"V",4,1,3,5,612,556
"V",4,1,3,6,302,279
"V",4,1,3,7,152,146
"V",4,1,3,8,97,95
"V",4,1,3,9,50,47
"V",4,1,4,-1,2252,882
"V",4,1,4,-10,17,0
"V",4,1,4,-11,9,0
"V",4,1,4,-12,6,0
"V",4,1,4,-13,4,0
"V",4,1,4,-14,2,0
"V",4,1,4,-2,1532,441
"V",4,1,4,-3,1064,220
"V",4,1,4,-4,662,67
"V",4,1,4,-5,378,29
"V",4,1,4,-6,213,17
"V",4,1,4,-7,98,1
"V",4,1,4,-8,54,1
"V",4,1,4,-9,23,0
"V",4,1,4,0,3478,1805
"V",4,1,4,1,2632,1708
"V",4,1,4,10,21,21
"V",4,1,4,11,8,8
"V",4,1,4,12,6,6
"V",4,1,4,13,1,1
"V",4,1,4,15,1,1
"V",4,1,4,16,1,1
"V",4,1,4,2,1747,1323
"V",4,1,4,3,1081,894
"V",4,1,4,4,658,591
"V",4,1,4,5,452,411
"V",4,1,4,6,266,257
"V",4,1,4,7,129,123
"V",4,1,4,8,96,95
"V",4,1,4,9,49,48
"V",4,1,5,-1,1013,427
"V",4,1,5,-10,2,0
"V",4,1,5,-11,3,0
"V",4,1,5,-12,1,0
"V",4,1,5,-13,2,0
"V",4,1,5,-2,556,143
"V",4,1,5,-3,343,68
"V",4,1,5,-4,197,16
"V",4,1,5,-5,121,9
"V",4,1,5,-6,57,4
"V",4,1,5,-7,25,0
"V",4,1,5,-8,13,0
"V",4,1,5,-9,6,0
"V",4,1,5,0,1653,896
"V",4,1,5,1,1319,876
"V",4,1,5,10,10,10
"V",4,1,5,11,11,11
"V",4,1,5,12,3,3
"V",4,1,5,14,1,1
"V",4,1,5,2,988,769
"V",4,1,5,3,643,538
"V",4,1,5,4,389,345
"V",4,1,5,5,208,193
"V",4,1,5,6,126,122
"V",4,1,5,7,69,68
"V",4,1,5,8,41,41
"V",4,1,5,9,14,14
"V",4,1,6,-1,1123,509
"V",4,1,6,-10,1,0
"V",4,1,6,-11,5,0
"V",4,1,6,-12,2,0
"V",4,1,6,-18,1,0
"V",4,1,6,-2,700,198
"V",4,1,6,-3,404,83
"V",4,1,6,-4,264,36
"V",4,1,6,-5,137,17
"V",4,1,6,-6,71,3
"V",4,1,6,-7,43,2
"V",4,1,6,-8,17,0
"V",4,1,6,-9,6,0
"V",4,1,6,0,1736,982
"V",4,1,6,1,1339,921
"V",4,1,6,10,12,12
"V",4,1,6,11,4,4
"V",4,1,6,12,2,2
"V",4,1,6,13,1,1
"V",4,1,6,14,1,1
"V",4,1,6,2,974,747
"V",4,1,6,3,618,510
"V",4,1,6,4,417,376
"V",4,1,6,5,268,250
"V",4,1,6,6,152,148
"V",4,1,6,7,93,93
"V",4,1,6,8,46,42
"V",4,1,6,9,25,25
"V",4,1,7,-1,753,341
"V",4,1,7,-10,6,0
"V",4,1,7,-11,3,0
"V",4,1,7,-12,2,0
"V",4,1,7,-2,508,153
"V",4,1,7,-3,267,60
"V",4,1,7,-4,173,24
"V",4,1,7,-5,78,5
"V",4,1,7,-6,41,2
"V",4,1,7,-7,34,1
"V",4,1,7,-8,10,0
"V",4,1,7,-9,3,0
"V",4,1,7,0,1262,689
"V",4,1,7,1,1089,778
"V",4,1,7,10,8,8
"V",4,1,7,11,4,4
"V",4,1,7,12,3,3
"V",4,1,7,14,1,1
"V",4,1,7,2,754,602
"V",4,1,7,3,519,433
"V",4,1,7,4,358,331
"V",4,1,7,5,200,188
"V",4,1,7,6,102,96
"V",4,1,7,7,47,46
"V",4,1,7,8,43,43
"V",4,1,7,9,20,18
"V",4,1,8,-1,678,322
"V",4,1,8,-10,9,0
"V",4,1,8,-11,3,0
"V",4,1,8,-14,1,0
"V",4,1,8,-2,392,133
"V",4,1,8,-3,282,67
"V",4,1,8,-4,174,28
"V",4,1,8,-5,81,15
"V",4,1,8,-6,67,11
"V",4,1,8,-7,27,1
"V",4,1,8,-8,9,0
"V",4,1,8,-9,3,0
"V",4,1,8,0,1082,625
"V",4,1,8,1,990,710
"V",4,1,8,10,6,5
"V",4,1,8,14,1,1
"V",4,1,8,2,733,605
"V",4,1,8,3,508,438
"V",4,1,8,4,279,254
"V",4,1,8,5,212,203
"V",4,1,8,6,112,107
"V",4,1,8,7,65,63
"V",4,1,8,8,34,34
"V",4,1,8,9,22,20
"V",4,2,1,-1,13126,3718
"V",4,2,1,-10,69,0
"V",4,2,1,-11,38,0
"V",4,2,1,-12,20,0
"V",4,2,1,-13,10,0
"V",4,2,1,-14,2,0
"V",4,2,1,-15,3,0
"V",4,2,1,-16,1,0
"V",4,2,1,-17,2,0
"V",4,2,1,-2,8428,1564
"V",4,2,1,-3,5394,633
"V",4,2,1,-4,3300,226
"V",4,2,1,-5,1900,85
"V",4,2,1,-6,1015,30
"V",4,2,1,-7,506,8
"V",4,2,1,-8,264,3
"V",4,2,1,-9,140,2
"V",4,2,1,0,21159,8768
"V",4,2,1,1,13993,7868
"V",4,2,1,10,120,120
"V",4,2,1,11,45,44
"V",4,2,1,12,31,30
"V",4,2,1,13,22,22
"V",4,2,1,14,5,5
"V",4,2,1,15,1,1
"V",4,2,1,16,1,1
"V",4,2,1,19,1,1
"V",4,2,1,2,9558,6566
"V",4,2,1,3,5958,4660
"V",4,2,1,4,3571,3069
"V",4,2,1,5,1984,1800
"V",4,2,1,6,1109,1036
"V",4,2,1,7,639,612
"V",4,2,1,8,347,340
"V",4,2,1,9,196,195
"V",4,2,2,-1,6847,2110
"V",4,2,2,-10,31,0
"V",4,2,2,-11,21,2
"V",4,2,2,-12,11,0
"V",4,2,2,-13,7,0
"V",4,2,2,-15,1,0
"V",4,2,2,-17,1,0
"V",4,2,2,-2,4526,917
"V",4,2,2,-3,2908,358
"V",4,2,2,-4,1806,130
"V",4,2,2,-5,1021,49
"V",4,2,2,-6,557,22
"V",4,2,2,-7,281,7
"V",4,2,2,-8,146,2
"V",4,2,2,-9,79,1
"V",4,2,2,0,10654,4712
"V",4,2,2,1,7623,4426
"V",4,2,2,10,75,75
"V",4,2,2,11,35,35
"V",4,2,2,12,25,25
"V",4,2,2,13,6,6
"V",4,2,2,14,2,2
"V",4,2,2,15,4,4
"V",4,2,2,16,1,1
"V",4,2,2,2,5225,3655
"V",4,2,2,3,3482,2781
"V",4,2,2,4,2191,1916
"V",4,2,2,5,1308,1191
"V",4,2,2,6,842,790
"V",4,2,2,7,446,432
"V",4,2,2,8,251,245
"V",4,2,2,9,124,120
"V",4,2,3,-1,3266,1045
"V",4,2,3,-10,17,0
"V",4,2,3,-11,10,0
"V",4,2,3,-12,4,0
"V",4,2,3,-13,3,0
"V",4,2,3,-14,1,0
"V",4,2,3,-2,1884,385
"V",4,2,3,-3,1176,156
"V",4,2,3,-4,676,57
"V",4,2,3,-5,413,29
"V",4,2,3,-6,231,4
"V",4,2,3,-7,105,1
"V",4,2,3,-8,52,0
"V",4,2,3,-9,25,0
"V",4,2,3,0,5506,2559
"V",4,2,3,1,4405,2585
"V",4,2,3,10,38,38
"V",4,2,3,11,24,23
"V",4,2,3,12,13,13
"V",4,2,3,13,6,6
"V",4,2,3,14,2,2
"V",4,2,3,15,1,1
"V",4,2,3,2,3370,2416
"V",4,2,3,3,2362,1909
"V",4,2,3,4,1564,1359
"V",4,2,3,5,969,887
"V",4,2,3,6,520,486
"V",4,2,3,7,232,225
"V",4,2,3,8,156,152
"V",4,2,3,9,97,95
"V",4,2,4,-1,2579,885
"V",4,2,4,-10,8,1
"V",4,2,4,-11,10,1
"V",4,2,4,-12,7,0
"V",4,2,4,-13,5,0
"V",4,2,4,-17,1,0
"V",4,2,4,-2,1743,395
"V",4,2,4,-3,1180,175
"V",4,2,4,-4,725,58
"V",4,2,4,-5,416,27
"V",4,2,4,-6,206,9
"V",4,2,4,-7,112,3
"V",4,2,4,-8,48,1
"V",4,2,4,-9,40,1
"V",4,2,4,0,4093,1922
"V",4,2,4,1,3386,2077
"V",4,2,4,10,33,33
"V",4,2,4,11,17,17
"V",4,2,4,12,13,13
"V",4,2,4,13,4,4
"V",4,2,4,15,1,1
"V",4,2,4,16,2,2
"V",4,2,4,2,2530,1832
"V",4,2,4,3,1627,1316
"V",4,2,4,4,1075,946
"V",4,2,4,5,687,626
"V",4,2,4,6,404,375
"V",4,2,4,7,244,238
"V",4,2,4,8,142,139
"V",4,2,4,9,63,63
"V",4,2,5,-1,1315,427
"V",4,2,5,-10,7,0
"V",4,2,5,-11,4,0
"V",4,2,5,-12,2,0
"V",4,2,5,-15,1,0
"V",4,2,5,-2,789,155
"V",4,2,5,-3,468,65
"V",4,2,5,-4,270,27
"V",4,2,5,-5,162,9
"V",4,2,5,-6,95,5
"V",4,2,5,-7,38,1
"V",4,2,5,-8,24,0
"V",4,2,5,-9,13,0
"V",4,2,5,0,2278,1052
"V",4,2,5,1,1878,1130
"V",4,2,5,10,25,25
"V",4,2,5,11,13,13
"V",4,2,5,12,3,3
"V",4,2,5,13,3,3
"V",4,2,5,14,1,1
"V",4,2,5,15,1,1
"V",4,2,5,2,1374,947
"V",4,2,5,3,939,760
"V",4,2,5,4,631,553
"V",4,2,5,5,354,317
"V",4,2,5,6,211,198
"V",4,2,5,7,124,118
"V",4,2,5,8,74,74
"V",4,2,5,9,38,37
"V",4,2,6,-1,1204,439
"V",4,2,6,-10,1,0
"V",4,2,6,-11,7,0
"V",4,2,6,-12,3,0
"V",4,2,6,-15,1,0
"V",4,2,6,-18,1,0
"V",4,2,6,-2,844,206
"V",4,2,6,-3,464,71
"V",4,2,6,-4,293,29
"V",4,2,6,-5,151,11
"V",4,2,6,-6,82,3
"V",4,2,6,-7,46,0
"V",4,2,6,-8,14,0
"V",4,2,6,-9,10,0
"V",4,2,6,0,1957,940
"V",4,2,6,1,1637,991
"V",4,2,6,10,20,20
"V",4,2,6,11,9,9
"V",4,2,6,12,3,3
"V",4,2,6,13,2,2
"V",4,2,6,15,3,3
"V",4,2,6,2,1279,939
"V",4,2,6,3,903,737
"V",4,2,6,4,602,527
"V",4,2,6,5,407,370
"V",4,2,6,6,248,235
"V",4,2,6,7,122,120
"V",4,2,6,8,69,66
"V",4,2,6,9,33,31
"V",4,2,7,-1,785,294
"V",4,2,7,-10,7,0
"V",4,2,7,-11,4,1
"V",4,2,7,-12,1,0
"V",4,2,7,-13,2,0
"V",4,2,7,-2,495,124
"V",4,2,7,-3,288,44
"V",4,2,7,-4,204,24
"V",4,2,7,-5,96,11
"V",4,2,7,-6,65,3
"V",4,2,7,-7,28,0
"V",4,2,7,-8,21,1
"V",4,2,7,-9,6,0
"V",4,2,7,0,1224,600
"V",4,2,7,1,1133,709
"V",4,2,7,10,15,15
"V",4,2,7,11,6,6
"V",4,2,7,12,6,6
"V",4,2,7,13,2,2
"V",4,2,7,2,846,640
"V",4,2,7,3,651,518
"V",4,2,7,4,407,348
"V",4,2,7,5,241,224
"V",4,2,7,6,147,135
"V",4,2,7,7,76,73
"V",4,2,7,8,42,41
"V",4,2,7,9,24,24
"V",4,2,8,-1,776,297
"V",4,2,8,-10,5,0
"V",4,2,8,-11,2,0
"V",4,2,8,-12,2,0
"V",4,2,8,-13,1,0
"V",4,2,8,-2,505,126
"V",4,2,8,-3,341,61
"V",4,2,8,-4,203,23
"V",4,2,8,-5,94,10
"V",4,2,8,-6,53,0
"V",4,2,8,-7,28,1
"V",4,2,8,-8,9,0
"V",4,2,8,-9,6,0
"V",4,2,8,0,1223,618
"V",4,2,8,1,1114,712
"V",4,2,8,10,16,15
"V",4,2,8,11,6,6
"V",4,2,8,12,5,5
"V",4,2,8,13,2,2
"V",4,2,8,14,1,1
"V",4,2,8,16,1,1
"V",4,2,8,17,1,1
"V",4,2,8,2,846,629
"V",4,2,8,3,610,505
"V",4,2,8,4,436,373
"V",4,2,8,5,251,230
"V",4,2,8,6,157,151
"V",4,2,8,7,87,83
"V",4,2,8,8,49,47
"V",4,2,8,9,35,33
"V",5,0,1,-1,23932,7727
"V",5,0,1,-10,309,1
"V",5,0,1,-11,184,2
"V",5,0,1,-12,88,0
"V",5,0,1,-13,46,0
"V",5,0,1,-14,22,0
"V",5,0,1,-15,12,0
"V",5,0,1,-16,3,0
"V",5,0,1,-17,6,0
"V",5,0,1,-18,3,0
"V",5,0,1,-19,1,0
"V",5,0,1,-2,17518,3688
"V",5,0,1,-3,11889,1568
"V",5,0,1,-4,7434,586
"V",5,0,1,-5,4491,215
"V",5,0,1,-6,2789,85
"V",5,0,1,-7,1683,24
"V",5,0,1,-8,946,9
"V",5,0,1,-9,570,3
"V",5,0,1,0,30885,14575
"V",5,0,1,1,22483,14176
"V",5,0,1,10,214,213
"V",5,0,1,11,93,93
"V",5,0,1,12,55,55
"V",5,0,1,13,27,27
"V",5,0,1,14,12,12
"V",5,0,1,15,5,5
"V",5,0,1,16,3,3
"V",5,0,1,17,1,1
"V",5,0,1,18,1,1
"V",5,0,1,2,15700,11718
"V",5,0,1,3,10194,8525
"V",5,0,1,4,6198,5590
"V",5,0,1,5,3757,3524
"V",5,0,1,6,2209,2119
"V",5,0,1,7,1242,1208
"V",5,0,1,8,711,698
"V",5,0,1,9,391,387
"V",5,0,2,-1,6021,2306
"V",5,0,2,-10,85,0
"V",5,0,2,-11,51,1
"V",5,0,2,-12,16,0
"V",5,0,2,-13,10,0
"V",5,0,2,-14,4,0
"V",5,0,2,-15,4,0
"V",5,0,2,-16,1,0
"V",5,0,2,-17,1,0
"V",5,0,2,-19,1,0
"V",5,0,2,-2,4366,1124
"V",5,0,2,-3,3009,513
"V",5,0,2,-4,1809,187
"V",5,0,2,-5,1197,68
"V",5,0,2,-6,740,29
"V",5,0,2,-7,405,11
"V",5,0,2,-8,237,6
"V",5,0,2,-9,142,1
"V",5,0,2,0,7719,4046
"V",5,0,2,1,5495,3695
"V",5,0,2,10,63,63
"V",5,0,2,11,29,29
"V",5,0,2,12,19,19
"V",5,0,2,13,10,10
"V",5,0,2,14,3,3
"V",5,0,2,15,3,3
"V",5,0,2,2,4102,3195
"V",5,0,2,3,2856,2436
"V",5,0,2,4,1758,1598
"V",5,0,2,5,1049,1001
"V",5,0,2,6,654,627
"V",5,0,2,7,329,322
"V",5,0,2,8,186,185
"V",5,0,2,9,103,102
"V",5,0,3,-1,1542,633
"V",5,0,3,-10,21,0
"V",5,0,3,-11,15,0
"V",5,0,3,-12,4,0
"V",5,0,3,-13,1,0
"V",5,0,3,-15,1,0
"V",5,0,3,-16,1,0
"V",5,0,3,-18,1,0
"V",5,0,3,-2,1012,301
"V",5,0,3,-3,688,138
"V",5,0,3,-4,444,61
"V",5,0,3,-5,248,23
"V",5,0,3,-6,145,6
"V",5,0,3,-7,86,0
"V",5,0,3,-8,58,1
"V",5,0,3,-9,46,0
"V",5,0,3,0,2044,1147
"V",5,0,3,1,1551,1114
"V",5,0,3,10,16,16
"V",5,0,3,11,18,18
"V",5,0,3,12,2,2
"V",5,0,3,13,2,2
"V",5,0,3,15,1,1
"V",5,0,3,16,1,1
"V",5,0,3,2,1198,968
"V",5,0,3,3,860,762
"V",5,0,3,4,580,530
"V",5,0,3,5,332,315
"V",5,0,3,6,215,204
"V",5,0,3,7,101,101
"V",5,0,3,8,58,57
"V",5,0,3,9,38,38
"V",5,0,4,-1,1196,564
"V",5,0,4,-10,18,0
"V",5,0,4,-11,14,1
"V",5,0,4,-12,6,0
"V",5,0,4,-13,1,0
"V",5,0,4,-14,3,0
"V",5,0,4,-15,1,0
"V",5,0,4,-16,1,0
"V",5,0,4,-19,1,0
"V",5,0,4,-2,1055,352
"V",5,0,4,-3,756,172
"V",5,0,4,-4,470,70
"V",5,0,4,-5,293,25
"V",5,0,4,-6,184,8
"V",5,0,4,-7,97,6
"V",5,0,4,-8,59,3
"V",5,0,4,-9,38,0
"V",5,0,4,0,1478,855
"V",5,0,4,1,1116,826
"V",5,0,4,10,22,22
"V",5,0,4,11,13,13
"V",5,0,4,12,7,7
"V",5,0,4,13,4,4
"V",5,0,4,14,1,1
"V",5,0,4,15,1,1
"V",5,0,4,2,901,728
"V",5,0,4,3,677,598
"V",5,0,4,4,434,403
"V",5,0,4,5,276,266
"V",5,0,4,6,180,175
"V",5,0,4,7,110,107
"V",5,0,4,8,60,60
"V",5,0,4,9,38,38
"V",5,0,5,-1,252,118
"V",5,0,5,-10,1,0
"V",5,0,5,-11,1,0
"V",5,0,5,-13,2,0
"V",5,0,5,-2,180,58
"V",5,0,5,-3,130,26
"V",5,0,5,-4,70,13
"V",5,0,5,-5,54,7
"V",5,0,5,-6,24,0
"V",5,0,5,-7,15,2
"V",5,0,5,-8,11,0
"V",5,0,5,-9,7,0
"V",5,0,5,0,395,243
"V",5,0,5,1,339,248
"V",5,0,5,10,8,8
"V",5,0,5,11,1,1
"V",5,0,5,12,4,4
"V",5,0,5,14,1,1
"V",5,0,5,15,1,1
"V",5,0,5,2,283,235
"V",5,0,5,3,209,176
"V",5,0,5,4,160,151
"V",5,0,5,5,78,77
"V",5,0,5,6,53,50
"V",5,0,5,7,32,32
"V",5,0,5,8,19,18
"V",5,0,5,9,6,6
"V",5,0,6,-1,490,251
"V",5,0,6,-10,6,0
"V",5,0,6,-11,4,0
"V",5,0,6,-12,2,0
"V",5,0,6,-13,2,0
"V",5,0,6,-15,1,0
"V",5,0,6,-2,350,137
"V",5,0,6,-3,226,57
"V",5,0,6,-4,149,23
"V",5,0,6,-5,79,9
"V",5,0,6,-6,64,4
"V",5,0,6,-7,18,1
"V",5,0,6,-8,18,1
"V",5,0,6,-9,9,0
"V",5,0,6,0,696,456
"V",5,0,6,1,553,422
"V",5,0,6,10,9,9
"V",5,0,6,11,6,6
"V",5,0,6,12,5,5
"V",5,0,6,13,1,1
"V",5,0,6,14,1,1
"V",5,0,6,2,428,364
"V",5,0,6,3,351,319
"V",5,0,6,4,240,223
"V",5,0,6,5,120,117
"V",5,0,6,6,81,78
"V",5,0,6,7,43,43
"V",5,0,6,8,31,30
"V",5,0,6,9,10,10
"V",5,0,7,-1,303,171
"V",5,0,7,-10,6,0
"V",5,0,7,-11,4,0
"V",5,0,7,-13,1,0
"V",5,0,7,-2,221,82
"V",5,0,7,-3,134,42
"V",5,0,7,-4,81,11
"V",5,0,7,-5,52,8
"V",5,0,7,-6,29,1
"V",5,0,7,-7,20,0
"V",5,0,7,-8,10,0
"V",5,0,7,-9,7,0
"V",5,0,7,0,349,247
"V",5,0,7,1,290,227
"V",5,0,7,10,6,6
"V",5,0,7,11,2,2
"V",5,0,7,2,251,221
"V",5,0,7,3,189,181
"V",5,0,7,4,131,123
"V",5,0,7,5,84,77
"V",5,0,7,6,52,52
"V",5,0,7,7,30,30
"V",5,0,7,8,19,19
"V",5,0,7,9,13,13
"V",5,0,8,-1,270,169
"V",5,0,8,-10,4,0
"V",5,0,8,-11,3,0
"V",5,0,8,-15,1,0
"V",5,0,8,-2,222,100
"V",5,0,8,-3,150,46
"V",5,0,8,-4,106,22
"V",5,0,8,-5,70,11
"V",5,0,8,-6,37,3
"V",5,0,8,-7,18,3
"V",5,0,8,-8,15,0
"V",5,0,8,-9,4,0
"V",5,0,8,0,345,237
"V",5,0,8,1,259,222
"V",5,0,8,10,8,8
"V",5,0,8,11,2,2
"V",5,0,8,12,4,4
"V",5,0,8,13,2,2
"V",5,0,8,14,1,1
"V",5,0,8,2,235,198
"V",5,0,8,3,167,155
"V",5,0,8,4,123,113
"V",5,0,8,5,78,74
"V",5,0,8,6,41,40
"V",5,0,8,7,30,29
"V",5,0,8,8,15,15
"V",5,0,8,9,16,16
"V",5,1,1,-1,16897,4907
"V",5,1,1,-10,197,1
"V",5,1,1,-11,116,0
"V",5,1,1,-12,65,0
"V",5,1,1,-13,34,0
"V",5,1,1,-14,17,0
"V",5,1,1,-15,8,0
"V",5,1,1,-17,5,0
"V",5,1,1,-18,2,0
"V",5,1,1,-2,12331,2259
"V",5,1,1,-3,8253,905
"V",5,1,1,-4,5203,319
"V",5,1,1,-5,3034,117
"V",5,1,1,-6,1911,47
"V",5,1,1,-7,1197,11
"V",5,1,1,-8,647,3
"V",5,1,1,-9,382,2
"V",5,1,1,0,21844,9646
"V",5,1,1,1,16448,9949
"V",5,1,1,10,168,167
"V",5,1,1,11,79,79
"V",5,1,1,12,42,42
"V",5,1,1,13,27,27
"V",5,1,1,14,13,13
"V",5,1,1,15,4,4
"V",5,1,1,16,5,5
"V",5,1,1,17,2,2
"V",5,1,1,18,2,2
"V",5,1,1,2,11488,8368
"V",5,1,1,3,7377,6065
"V",5,1,1,4,4630,4147
"V",5,1,1,5,2880,2679
"V",5,1,1,6,1682,1616
"V",5,1,1,7,973,944
"V",5,1,1,8,583,571
"V",5,1,1,9,306,303
"V",5,1,2,-1,6693,2209
"V",5,1,2,-10,76,1
"V",5,1,2,-11,65,0
"V",5,1,2,-12,24,0
"V",5,1,2,-13,11,0
"V",5,1,2,-14,4,0
"V",5,1,2,-15,2,0
"V",5,1,2,-17,3,0
"V",5,1,2,-2,5065,1080
"V",5,1,2,-3,3433,431
"V",5,1,2,-4,2158,163
"V",5,1,2,-5,1345,62
"V",5,1,2,-6,861,25
"V",5,1,2,-7,485,8
"V",5,1,2,-8,259,1
"V",5,1,2,-9,178,2
"V",5,1,2,0,8563,4130
"V",5,1,2,1,6602,4201
"V",5,1,2,10,83,82
"V",5,1,2,11,45,45
"V",5,1,2,12,23,23
"V",5,1,2,13,18,18
"V",5,1,2,14,8,8
"V",5,1,2,15,6,6
"V",5,1,2,16,1,1
"V",5,1,2,17,1,1
"V",5,1,2,2,4916,3720
"V",5,1,2,3,3426,2839
"V",5,1,2,4,2287,2041
"V",5,1,2,5,1398,1321
"V",5,1,2,6,827,795
"V",5,1,2,7,446,433
"V",5,1,2,8,281,276
"V",5,1,2,9,155,153
"V",5,1,3,-1,2783,970
"V",5,1,3,-10,31,0
"V",5,1,3,-11,15,0
"V",5,1,3,-12,7,0
"V",5,1,3,-13,3,0
"V",5,1,3,-14,1,0
"V",5,1,3,-15,1,0
"V",5,1,3,-16,1,0
"V",5,1,3,-17,1,0
"V",5,1,3,-18,2,0
"V",5,1,3,-2,1687,394
"V",5,1,3,-3,1013,153
"V",5,1,3,-4,642,55
"V",5,1,3,-5,402,17
"V",5,1,3,-6,232,8
"V",5,1,3,-7,125,4
"V",5,1,3,-8,85,1
"V",5,1,3,-9,54,1
"V",5,1,3,0,4011,2047
"V",5,1,3,1,3310,2205
"V",5,1,3,10,41,41
"V",5,1,3,11,20,20
"V",5,1,3,12,9,9
"V",5,1,3,13,9,9
"V",5,1,3,14,5,5
"V",5,1,3,15,1,1
"V",5,1,3,18,1,1
"V",5,1,3,2,2638,2014
"V",5,1,3,3,1794,1521
"V",5,1,3,4,1138,1029
"V",5,1,3,5,699,666
"V",5,1,3,6,416,402
"V",5,1,3,7,249,245
"V",5,1,3,8,138,135
"V",5,1,3,9,80,80
"V",5,1,4,-1,1999,771
"V",5,1,4,-10,32,1
"V",5,1,4,-11,21,0
"V",5,1,4,-12,14,0
"V",5,1,4,-13,6,0
"V",5,1,4,-14,3,0
"V",5,1,4,-16,1,0
"V",5,1,4,-17,2,0
"V",5,1,4,-2,1549,420
"V",5,1,4,-3,1137,202
"V",5,1,4,-4,731,75
"V",5,1,4,-5,474,28
"V",5,1,4,-6,304,11
"V",5,1,4,-7,183,7
"V",5,1,4,-8,95,3
"V",5,1,4,-9,55,1
"V",5,1,4,0,2586,1329
"V",5,1,4,1,2259,1549
"V",5,1,4,10,50,49
"V",5,1,4,11,19,19
"V",5,1,4,12,10,10
"V",5,1,4,13,5,5
"V",5,1,4,14,2,2
"V",5,1,4,15,2,2
"V",5,1,4,17,1,1
"V",5,1,4,2,1818,1418
"V",5,1,4,3,1312,1112
"V",5,1,4,4,880,779
"V",5,1,4,5,606,576
"V",5,1,4,6,374,357
"V",5,1,4,7,208,203
"V",5,1,4,8,112,109
"V",5,1,4,9,79,79
"V",5,1,5,-1,923,367
"V",5,1,5,-10,11,0
"V",5,1,5,-11,4,0
"V",5,1,5,-12,1,0
"V",5,1,5,-13,3,0
"V",5,1,5,-16,1,0
"V",5,1,5,-17,1,0
"V",5,1,5,-2,538,131
"V",5,1,5,-3,348,59
"V",5,1,5,-4,197,24
"V",5,1,5,-5,123,9
"V",5,1,5,-6,67,3
"V",5,1,5,-7,43,1
"V",5,1,5,-8,23,0
"V",5,1,5,-9,18,0
"V",5,1,5,0,1343,752
"V",5,1,5,1,1152,788
"V",5,1,5,10,19,19
"V",5,1,5,11,7,7
"V",5,1,5,12,2,2
"V",5,1,5,14,2,2
"V",5,1,5,15,1,1
"V",5,1,5,16,1,1
"V",5,1,5,2,915,719
"V",5,1,5,3,716,603
"V",5,1,5,4,480,444
"V",5,1,5,5,278,261
"V",5,1,5,6,163,153
"V",5,1,5,7,93,93
"V",5,1,5,8,56,56
"V",5,1,5,9,26,26
"V",5,1,6,-1,980,443
"V",5,1,6,-10,8,0
"V",5,1,6,-11,4,0
"V",5,1,6,-12,3,0
"V",5,1,6,-19,1,0
"V",5,1,6,-2,680,208
"V",5,1,6,-3,466,88
"V",5,1,6,-4,279,29
"V",5,1,6,-5,183,9
"V",5,1,6,-6,105,6
"V",5,1,6,-7,54,3
"V",5,1,6,-8,35,3
"V",5,1,6,-9,23,0
"V",5,1,6,0,1356,795
"V",5,1,6,1,1149,830
"V",5,1,6,10,17,17
"V",5,1,6,11,18,17
"V",5,1,6,12,7,7
"V",5,1,6,13,5,5
"V",5,1,6,18,1,1
"V",5,1,6,2,957,770
"V",5,1,6,3,743,645
"V",5,1,6,4,504,461
"V",5,1,6,5,314,303
"V",5,1,6,6,216,213
"V",5,1,6,7,98,97
"V",5,1,6,8,72,72
"V",5,1,6,9,33,32
"V",5,1,7,-1,759,345
"V",5,1,7,-10,5,0
"V",5,1,7,-11,4,0
"V",5,1,7,-12,3,0
"V",5,1,7,-13,3,0
"V",5,1,7,-14,1,0
"V",5,1,7,-2,589,174
"V",5,1,7,-3,303,78
"V",5,1,7,-4,169,22
"V",5,1,7,-5,119,17
"V",5,1,7,-6,81,0
"V",5,1,7,-7,47,1
"V",5,1,7,-8,22,0
"V",5,1,7,-9,18,0
"V",5,1,7,0,1007,639
"V",5,1,7,1,914,676
"V",5,1,7,10,17,17
"V",5,1,7,11,14,14
"V",5,1,7,12,8,8
"V",5,1,7,13,2,2
"V",5,1,7,14,1,1
"V",5,1,7,2,726,599
"V",5,1,7,3,596,542
"V",5,1,7,4,391,359
"V",5,1,7,5,281,267
"V",5,1,7,6,155,148
"V",5,1,7,7,84,83
"V",5,1,7,8,52,51
"V",5,1,7,9,28,28
"V",5,1,8,-1,580,280
"V",5,1,8,-10,7,1
"V",5,1,8,-11,6,0
"V",5,1,8,-12,5,0
"V",5,1,8,-13,3,0
"V",5,1,8,-14,2,0
"V",5,1,8,-2,401,132
"V",5,1,8,-3,293,77
"V",5,1,8,-4,177,24
"V",5,1,8,-5,130,10
"V",5,1,8,-6,67,3
"V",5,1,8,-7,45,1
"V",5,1,8,-8,34,0
"V",5,1,8,-9,14,0
"V",5,1,8,0,848,512
"V",5,1,8,1,794,592
"V",5,1,8,10,19,19
"V",5,1,8,11,9,9
"V",5,1,8,12,5,5
"V",5,1,8,13,3,3
"V",5,1,8,14,2,2
"V",5,1,8,2,745,614
"V",5,1,8,3,566,514
"V",5,1,8,4,360,332
"V",5,1,8,5,232,217
"V",5,1,8,6,156,151
"V",5,1,8,7,84,83
"V",5,1,8,8,39,39
"V",5,1,8,9,28,28
"V",5,2,1,-1,13192,3545
"V",5,2,1,-10,164,0
"V",5,2,1,-11,79,0
"V",5,2,1,-12,46,0
"V",5,2,1,-13,24,0
"V",5,2,1,-14,14,0
"V",5,2,1,-15,8,0
"V",5,2,1,-16,1,0
"V",5,2,1,-17,2,0
"V",5,2,1,-18,1,0
"V",5,2,1,-2,9567,1576
"V",5,2,1,-3,6424,667
"V",5,2,1,-4,3955,229
"V",5,2,1,-5,2317,81
"V",5,2,1,-6,1419,30
"V",5,2,1,-7,915,5
"V",5,2,1,-8,518,2
"V",5,2,1,-9,279,1
"V",5,2,1,0,17055,7157
"V",5,2,1,1,13200,7735
"V",5,2,1,10,175,174
"V",5,2,1,11,90,90
"V",5,2,1,12,53,53
"V",5,2,1,13,42,42
"V",5,2,1,14,15,15
"V",5,2,1,15,6,6
"V",5,2,1,16,4,4
"V",5,2,1,17,3,3
"V",5,2,1,18,2,2
"V",5,2,1,19,1,1
"V",5,2,1,2,9310,6665
"V",5,2,1,3,6130,4981
"V",5,2,1,4,3987,3533
"V",5,2,1,5,2646,2444
"V",5,2,1,6,1527,1464
"V",5,2,1,7,893,866
"V",5,2,1,8,530,521
"V",5,2,1,9,277,273
"V",5,2,2,-1,6506,1875
"V",5,2,2,-10,73,0
"V",5,2,2,-11,56,0
"V",5,2,2,-12,32,0
"V",5,2,2,-13,4,0
"V",5,2,2,-14,8,0
"V",5,2,2,-15,3,0
"V",5,2,2,-17,1,0
"V",5,2,2,-2,4945,892
"V",5,2,2,-3,3342,389
"V",5,2,2,-4,2171,129
"V",5,2,2,-5,1247,53
"V",5,2,2,-6,785,17
"V",5,2,2,-7,488,1
"V",5,2,2,-8,270,1
"V",5,2,2,-9,160,1
"V",5,2,2,0,8217,3663
"V",5,2,2,1,6801,4139
"V",5,2,2,10,121,119
"V",5,2,2,11,73,73
"V",5,2,2,12,30,30
"V",5,2,2,13,22,22
"V",5,2,2,14,14,14
"V",5,2,2,15,5,5
"V",5,2,2,16,8,8
"V",5,2,2,17,2,2
"V",5,2,2,18,1,1
"V",5,2,2,19,1,1
"V",5,2,2,2,5200,3758
"V",5,2,2,3,3629,2976
"V",5,2,2,4,2544,2271
"V",5,2,2,5,1618,1512
"V",5,2,2,6,995,948
"V",5,2,2,7,603,584
"V",5,2,2,8,363,357
"V",5,2,2,9,214,211
"V",5,2,3,-1,3505,1095
"V",5,2,3,-10,33,0
"V",5,2,3,-11,20,0
"V",5,2,3,-12,6,0
"V",5,2,3,-13,4,0
"V",5,2,3,-14,3,0
"V",5,2,3,-15,1,0
"V",5,2,3,-16,2,0
"V",5,2,3,-17,1,0
"V",5,2,3,-18,2,0
"V",5,2,3,-2,2183,429
"V",5,2,3,-3,1303,158
"V",5,2,3,-4,821,57
"V",5,2,3,-5,469,15
"V",5,2,3,-6,294,10
"V",5,2,3,-7,160,6
"V",5,2,3,-8,104,1
"V",5,2,3,-9,54,0
"V",5,2,3,0,4790,2199
"V",5,2,3,1,4201,2617
"V",5,2,3,10,60,60
"V",5,2,3,11,43,43
"V",5,2,3,12,28,27
"V",5,2,3,13,14,14
"V",5,2,3,14,5,5
"V",5,2,3,15,10,10
"V",5,2,3,16,1,1
"V",5,2,3,17,2,2
"V",5,2,3,19,1,1
"V",5,2,3,2,3185,2337
"V",5,2,3,3,2316,1911
"V",5,2,3,4,1577,1396
"V",5,2,3,5,1102,1030
"V",5,2,3,6,619,602
"V",5,2,3,7,393,382
"V",5,2,3,8,227,219
"V",5,2,3,9,123,121
"V",5,2,4,-1,2552,834
"V",5,2,4,-10,23,0
"V",5,2,4,-11,19,0
"V",5,2,4,-12,8,0
"V",5,2,4,-13,3,0
"V",5,2,4,-17,2,0
"V",5,2,4,-2,1840,389
"V",5,2,4,-3,1301,159
"V",5,2,4,-4,875,77
"V",5,2,4,-5,494,22
"V",5,2,4,-6,315,16
"V",5,2,4,-7,196,3
"V",5,2,4,-8,85,1
"V",5,2,4,-9,54,0
"V",5,2,4,0,3369,1591
"V",5,2,4,1,2927,1862
"V",5,2,4,10,77,77
"V",5,2,4,11,36,36
"V",5,2,4,12,28,28
"V",5,2,4,13,15,15
"V",5,2,4,14,4,4
"V",5,2,4,15,2,2
"V",5,2,4,16,4,4
"V",5,2,4,17,3,3
"V",5,2,4,18,1,1
"V",5,2,4,2,2399,1760
"V",5,2,4,3,1836,1528
"V",5,2,4,4,1307,1150
"V",5,2,4,5,875,820
"V",5,2,4,6,538,512
"V",5,2,4,7,288,277
"V",5,2,4,8,204,202
"V",5,2,4,9,126,126
"V",5,2,5,-1,1404,449
"V",5,2,5,-10,14,0
"V",5,2,5,-11,7,1
"V",5,2,5,-12,3,0
"V",5,2,5,-13,4,0
"V",5,2,5,-14,1,0
"V",5,2,5,-15,1,0
"V",5,2,5,-2,833,159
"V",5,2,5,-3,481,52
"V",5,2,5,-4,305,31
"V",5,2,5,-5,199,5
"V",5,2,5,-6,100,5
"V",5,2,5,-7,69,0
"V",5,2,5,-8,36,0
"V",5,2,5,-9,22,1
"V",5,2,5,0,1835,866
"V",5,2,5,1,1620,999
"V",5,2,5,10,35,35
"V",5,2,5,11,22,22
"V",5,2,5,12,7,7
"V",5,2,5,13,8,8
"V",5,2,5,14,2,2
"V",5,2,5,15,1,1
"V",5,2,5,16,2,2
"V",5,2,5,2,1405,1051
"V",5,2,5,3,1026,836
"V",5,2,5,4,669,610
"V",5,2,5,5,431,399
"V",5,2,5,6,262,250
"V",5,2,5,7,162,157
"V",5,2,5,8,92,92
"V",5,2,5,9,36,36
"V",5,2,6,-1,1174,389
"V",5,2,6,-10,15,0
"V",5,2,6,-11,7,0
"V",5,2,6,-12,3,0
"V",5,2,6,-13,1,0
"V",5,2,6,-15,1,0
"V",5,2,6,-2,819,196
"V",5,2,6,-3,545,90
"V",5,2,6,-4,364,24
"V",5,2,6,-5,220,11
"V",5,2,6,-6,123,2
"V",5,2,6,-7,76,2
"V",5,2,6,-8,38,1
"V",5,2,6,-9,16,1
"V",5,2,6,0,1614,776
"V",5,2,6,1,1444,917
"V",5,2,6,10,40,39
"V",5,2,6,11,28,28
"V",5,2,6,12,5,5
"V",5,2,6,13,1,1
"V",5,2,6,14,3,3
"V",5,2,6,15,4,4
"V",5,2,6,18,1,1
"V",5,2,6,2,1199,909
"V",5,2,6,3,951,791
"V",5,2,6,4,709,640
"V",5,2,6,5,432,405
"V",5,2,6,6,271,261
"V",5,2,6,7,197,190
"V",5,2,6,8,91,90
"V",5,2,6,9,63,62
"V",5,2,7,-1,739,266
"V",5,2,7,-10,13,0
"V",5,2,7,-11,9,0
"V",5,2,7,-12,1,0
"V",5,2,7,-13,3,0
"V",5,2,7,-2,572,143
"V",5,2,7,-3,373,63
"V",5,2,7,-4,211,22
"V",5,2,7,-5,132,2
"V",5,2,7,-6,98,2
"V",5,2,7,-7,46,1
"V",5,2,7,-8,25,1
"V",5,2,7,-9,12,0
"V",5,2,7,0,992,488
"V",5,2,7,1,934,618
"V",5,2,7,10,17,17
"V",5,2,7,11,8,8
"V",5,2,7,12,6,6
"V",5,2,7,13,3,3
"V",5,2,7,14,2,2
"V",5,2,7,15,1,1
"V",5,2,7,2,787,604
"V",5,2,7,3,611,522
"V",5,2,7,4,436,391
"V",5,2,7,5,271,254
"V",5,2,7,6,178,172
"V",5,2,7,7,101,99
"V",5,2,7,8,67,66
"V",5,2,7,9,45,45
"V",5,2,8,-1,722,232
"V",5,2,8,-10,15,0
"V",5,2,8,-11,4,0
"V",5,2,8,-12,1,0
"V",5,2,8,-13,2,0
"V",5,2,8,-15,1,0
"V",5,2,8,-2,544,129
"V",5,2,8,-3,351,56
"V",5,2,8,-4,223,19
"V",5,2,8,-5,135,5
"V",5,2,8,-6,77,7
"V",5,2,8,-7,52,0
"V",5,2,8,-8,24,0
"V",5,2,8,-9,10,0
"V",5,2,8,0,1029,529
"V",5,2,8,1,934,626
"V",5,2,8,10,29,29
"V",5,2,8,11,17,17
"V",5,2,8,12,6,6
"V",5,2,8,13,4,4
"V",5,2,8,14,1,1
"V",5,2,8,2,803,608
"V",5,2,8,3,624,532
"V",5,2,8,4,474,439
"V",5,2,8,5,303,284
"V",5,2,8,6,194,187
"V",5,2,8,7,107,107
"V",5,2,8,8,63,61
"V",5,2,8,9,42,42
"V",6,0,1,-1,21862,6669
"V",6,0,1,-10,490,1
"V",6,0,1,-11,299,0
"V",6,0,1,-12,174,0
"V",6,0,1,-13,76,0
"V",6,0,1,-14,43,0
"V",6,0,1,-15,30,0
"V",6,0,1,-16,9,0
"V",6,0,1,-17,11,0
"V",6,0,1,-18,3,0
"V",6,0,1,-19,2,0
"V",6,0,1,-2,16851,3197
"V",6,0,1,-20,2,0
"V",6,0,1,-3,12406,1425
"V",6,0,1,-4,8679,536
"V",6,0,1,-5,5868,231
"V",6,0,1,-6,3797,73
"V",6,0,1,-7,2421,31
"V",6,0,1,-8,1418,9
"V",6,0,1,-9,805,4
"V",6,0,1,0,25554,12112
"V",6,0,1,1,20804,13582
"V",6,0,1,10,299,298
"V",6,0,1,11,188,188
"V",6,0,1,12,110,109
"V",6,0,1,13,70,70
"V",6,0,1,14,30,30
"V",6,0,1,15,17,17
"V",6,0,1,16,10,10
"V",6,0,1,17,4,4
"V",6,0,1,18,4,4
"V",6,0,1,19,3,3
"V",6,0,1,2,15409,11883
"V",6,0,1,20,1,1
"V",6,0,1,3,10810,9310
"V",6,0,1,4,7243,6684
"V",6,0,1,5,4887,4645
"V",6,0,1,6,2879,2802
"V",6,0,1,7,1687,1657
"V",6,0,1,8,1011,1003
"V",6,0,1,9,541,539
"V",6,0,2,-1,5687,2050
"V",6,0,2,-10,139,0
"V",6,0,2,-11,77,0
"V",6,0,2,-12,49,0
"V",6,0,2,-13,25,0
"V",6,0,2,-14,12,0
"V",6,0,2,-15,8,0
"V",6,0,2,-16,3,0
"V",6,0,2,-17,4,0
"V",6,0,2,-18,1,0
"V",6,0,2,-19,1,0
"V",6,0,2,-2,4461,1083
"V",6,0,2,-3,3265,508
"V",6,0,2,-4,2283,179
"V",6,0,2,-5,1547,78
"V",6,0,2,-6,945,27
"V",6,0,2,-7,624,10
"V",6,0,2,-8,351,5
"V",6,0,2,-9,178,0
"V",6,0,2,0,6525,3405
"V",6,0,2,1,5486,3834
"V",6,0,2,10,81,80
"V",6,0,2,11,57,57
"V",6,0,2,12,32,32
"V",6,0,2,13,17,17
"V",6,0,2,14,10,10
"V",6,0,2,15,8,8
"V",6,0,2,16,3,3
"V",6,0,2,17,3,3
"V",6,0,2,18,3,3
"V",6,0,2,19,2,2
"V",6,0,2,2,4089,3239
"V",6,0,2,3,2884,2528
"V",6,0,2,4,1915,1781
"V",6,0,2,5,1308,1243
"V",6,0,2,6,816,795
"V",6,0,2,7,471,462
"V",6,0,2,8,282,282
"V",6,0,2,9,153,153
"V",6,0,3,-1,1430,592
"V",6,0,3,-10,39,0
"V",6,0,3,-11,16,0
"V",6,0,3,-12,12,0
"V",6,0,3,-13,1,0
"V",6,0,3,-14,1,0
"V",6,0,3,-15,1,0
"V",6,0,3,-16,1,0
"V",6,0,3,-2,1009,291
"V",6,0,3,-3,768,130
"V",6,0,3,-4,552,60
"V",6,0,3,-5,364,23
"V",6,0,3,-6,224,8
"V",6,0,3,-7,150,3
"V",6,0,3,-8,103,0
"V",6,0,3,-9,42,1
"V",6,0,3,0,1702,963
"V",6,0,3,1,1572,1150
"V",6,0,3,10,25,25
"V",6,0,3,11,24,24
"V",6,0,3,12,9,9
"V",6,0,3,13,7,7
"V",6,0,3,14,2,2
"V",6,0,3,15,2,2
"V",6,0,3,16,1,1
"V",6,0,3,18,1,1
"V",6,0,3,19,1,1
"V",6,0,3,2,1216,979
"V",6,0,3,3,863,760
"V",6,0,3,4,555,513
"V",6,0,3,5,409,385
"V",6,0,3,6,236,229
"V",6,0,3,7,117,116
"V",6,0,3,8,80,80
"V",6,0,3,9,52,52
"V",6,0,4,-1,1199,538
"V",6,0,4,-10,39,0
"V",6,0,4,-11,21,0
"V",6,0,4,-12,15,0
"V",6,0,4,-13,2,0
"V",6,0,4,-14,4,0
"V",6,0,4,-15,1,0
"V",6,0,4,-17,2,0
"V",6,0,4,-19,1,0
"V",6,0,4,-2,1150,374
"V",6,0,4,-3,825,210
"V",6,0,4,-4,567,71
"V",6,0,4,-5,408,21
"V",6,0,4,-6,232,10
"V",6,0,4,-7,149,5
"V",6,0,4,-8,91,2
"V",6,0,4,-9,46,0
"V",6,0,4,0,1257,747
"V",6,0,4,1,1149,861
"V",6,0,4,10,31,30
"V",6,0,4,11,17,17
"V",6,0,4,12,11,11
"V",6,0,4,13,4,4
"V",6,0,4,14,3,3
"V",6,0,4,15,5,5
"V",6,0,4,17,2,2
"V",6,0,4,19,1,1
"V",6,0,4,2,888,727
"V",6,0,4,3,588,528
"V",6,0,4,4,394,376
"V",6,0,4,5,288,279
"V",6,0,4,6,197,190
"V",6,0,4,7,133,133
"V",6,0,4,8,99,98
"V",6,0,4,9,53,53
"V",6,0,5,-1,284,138
"V",6,0,5,-10,8,0
"V",6,0,5,-11,2,0
"V",6,0,5,-13,2,0
"V",6,0,5,-2,207,61
"V",6,0,5,-3,135,26
"V",6,0,5,-4,105,9
"V",6,0,5,-5,55,7
"V",6,0,5,-6,43,1
"V",6,0,5,-7,23,0
"V",6,0,5,-8,21,1
"V",6,0,5,-9,12,1
"V",6,0,5,0,343,218
"V",6,0,5,1,313,244
"V",6,0,5,10,7,6
"V",6,0,5,11,3,3
"V",6,0,5,13,1,1
"V",6,0,5,16,1,1
"V",6,0,5,2,265,210
"V",6,0,5,3,194,177
"V",6,0,5,4,138,131
"V",6,0,5,5,78,77
"V",6,0,5,6,54,53
"V",6,0,5,7,29,29
"V",6,0,5,8,24,23
"V",6,0,5,9,9,9
"V",6,0,6,-1,538,264
"V",6,0,6,-10,19,0
"V",6,0,6,-11,2,0
"V",6,0,6,-12,1,0
"V",6,0,6,-13,1,0
"V",6,0,6,-2,383,139
"V",6,0,6,-3,265,59
"V",6,0,6,-4,191,23
"V",6,0,6,-5,107,12
"V",6,0,6,-6,85,5
"V",6,0,6,-7,46,0
"V",6,0,6,-8,24,1
"V",6,0,6,-9,13,0
"V",6,0,6,0,578,394
"V",6,0,6,1,495,391
"V",6,0,6,10,15,15
"V",6,0,6,11,10,10
"V",6,0,6,12,5,5
"V",6,0,6,13,3,3
"V",6,0,6,14,2,2
"V",6,0,6,15,1,1
"V",6,0,6,2,431,367
"V",6,0,6,3,301,278
"V",6,0,6,4,195,183
"V",6,0,6,5,138,131
"V",6,0,6,6,84,81
"V",6,0,6,7,63,62
"V",6,0,6,8,39,39
"V",6,0,6,9,33,33
"V",6,0,7,-1,305,170
"V",6,0,7,-10,7,0
"V",6,0,7,-11,2,0
"V",6,0,7,-12,3,0
"V",6,0,7,-13,1,0
"V",6,0,7,-14,1,0
"V",6,0,7,-16,1,0
"V",6,0,7,-2,229,89
"V",6,0,7,-3,185,39
"V",6,0,7,-4,115,20
"V",6,0,7,-5,81,12
"V",6,0,7,-6,41,2
"V",6,0,7,-7,32,0
"V",6,0,7,-8,21,0
"V",6,0,7,-9,14,0
"V",6,0,7,0,350,245
"V",6,0,7,1,305,243
"V",6,0,7,10,10,9
"V",6,0,7,11,3,3
"V",6,0,7,12,4,4
"V",6,0,7,14,1,1
"V",6,0,7,16,1,1
"V",6,0,7,2,253,225
"V",6,0,7,3,161,150
"V",6,0,7,4,115,111
"V",6,0,7,5,83,81
"V",6,0,7,6,58,58
"V",6,0,7,7,42,42
"V",6,0,7,8,26,26
"V",6,0,7,9,20,20
"V",6,0,8,-1,279,159
"V",6,0,8,-10,10,0
"V",6,0,8,-11,3,0
"V",6,0,8,-13,1,0
"V",6,0,8,-2,247,96
"V",6,0,8,-3,187,59
"V",6,0,8,-4,139,24
"V",6,0,8,-5,87,8
"V",6,0,8,-6,47,5
"V",6,0,8,-7,36,1
"V",6,0,8,-8,16,2
"V",6,0,8,-9,6,0
"V",6,0,8,0,331,225
"V",6,0,8,1,333,279
"V",6,0,8,10,10,10
"V",6,0,8,11,4,4
"V",6,0,8,12,4,4
"V",6,0,8,13,2,2
"V",6,0,8,14,1,1
"V",6,0,8,15,3,3
"V",6,0,8,16,1,1
"V",6,0,8,2,250,224
"V",6,0,8,3,146,136
"V",6,0,8,4,124,120
"V",6,0,8,5,75,75
"V",6,0,8,6,58,57
"V",6,0,8,7,34,34
"V",6,0,8,8,41,40
"V",6,0,8,9,15,15
"V",6,1,1,-1,15340,4139
"V",6,1,1,-10,315,1
"V",6,1,1,-11,202,0
"V",6,1,1,-12,112,0
"V",6,1,1,-13,51,0
"V",6,1,1,-14,31,0
"V",6,1,1,-15,22,0
"V",6,1,1,-16,6,0
"V",6,1,1,-17,6,0
"V",6,1,1,-18,2,0
"V",6,1,1,-19,1,0
"V",6,1,1,-2,11674,1827
"V",6,1,1,-20,2,0
"V",6,1,1,-3,8526,782
"V",6,1,1,-4,5960,308
"V",6,1,1,-5,4000,120
"V",6,1,1,-6,2628,32
"V",6,1,1,-7,1659,16
"V",6,1,1,-8,974,4
"V",6,1,1,-9,572,2
"V",6,1,1,0,18079,8024
"V",6,1,1,1,14802,9254
"V",6,1,1,10,232,232
"V",6,1,1,11,151,151
"V",6,1,1,12,94,93
"V",6,1,1,13,53,53
"V",6,1,1,14,26,26
"V",6,1,1,15,12,12
"V",6,1,1,16,10,10
"V",6,1,1,17,1,1
"V",6,1,1,18,1,1
"V",6,1,1,2,11139,8448
"V",6,1,1,20,1,1
"V",6,1,1,21,1,1
"V",6,1,1,3,7926,6753
"V",6,1,1,4,5377,4939
"V",6,1,1,5,3636,3442
"V",6,1,1,6,2123,2065
"V",6,1,1,7,1253,1230
"V",6,1,1,8,784,776
"V",6,1,1,9,431,429
"V",6,1,2,-1,6246,1926
"V",6,1,2,-10,155,0
"V",6,1,2,-11,79,0
"V",6,1,2,-12,50,0
"V",6,1,2,-13,30,0
"V",6,1,2,-14,15,0
"V",6,1,2,-15,7,0
"V",6,1,2,-16,2,0
"V",6,1,2,-17,3,0
"V",6,1,2,-19,1,0
"V",6,1,2,-2,5161,1008
"V",6,1,2,-3,3798,464
"V",6,1,2,-4,2645,161
"V",6,1,2,-5,1813,73
"V",6,1,2,-6,1195,22
"V",6,1,2,-7,704,11
"V",6,1,2,-8,410,3
"V",6,1,2,-9,225,0
"V",6,1,2,0,7265,3452
"V",6,1,2,1,6353,4183
"V",6,1,2,10,110,110
"V",6,1,2,11,79,78
"V",6,1,2,12,47,47
"V",6,1,2,13,25,25
"V",6,1,2,14,12,12
"V",6,1,2,15,9,9
"V",6,1,2,16,8,8
"V",6,1,2,17,3,3
"V",6,1,2,18,1,1
"V",6,1,2,19,2,2
"V",6,1,2,2,4742,3662
"V",6,1,2,20,1,1
"V",6,1,2,3,3430,2983
"V",6,1,2,4,2347,2174
"V",6,1,2,5,1691,1600
"V",6,1,2,6,1053,1024
"V",6,1,2,7,627,614
"V",6,1,2,8,361,358
"V",6,1,2,9,228,228
"V",6,1,3,-1,2721,941
"V",6,1,3,-10,48,0
"V",6,1,3,-11,30,0
"V",6,1,3,-12,22,0
"V",6,1,3,-13,5,0
"V",6,1,3,-14,4,0
"V",6,1,3,-15,8,0
"V",6,1,3,-16,1,0
"V",6,1,3,-2,1715,368
"V",6,1,3,-3,1146,143
"V",6,1,3,-4,809,61
"V",6,1,3,-5,493,11
"V",6,1,3,-6,357,13
"V",6,1,3,-7,240,3
"V",6,1,3,-8,147,1
"V",6,1,3,-9,69,0
"V",6,1,3,0,3612,1820
"V",6,1,3,1,3086,2113
"V",6,1,3,10,71,71
"V",6,1,3,11,39,39
"V",6,1,3,12,17,17
"V",6,1,3,13,10,10
"V",6,1,3,14,6,6
"V",6,1,3,15,3,3
"V",6,1,3,16,3,3
"V",6,1,3,19,1,1
"V",6,1,3,2,2486,1980
"V",6,1,3,3,1837,1598
"V",6,1,3,4,1291,1185
"V",6,1,3,5,879,831
"V",6,1,3,6,513,504
"V",6,1,3,7,289,286
"V",6,1,3,8,190,190
"V",6,1,3,9,110,110
"V",6,1,4,-1,1990,749
"V",6,1,4,-10,49,0
"V",6,1,4,-11,26,0
"V",6,1,4,-12,18,0
"V",6,1,4,-13,7,0
"V",6,1,4,-14,5,0
"V",6,1,4,-15,1,0
"V",6,1,4,-16,1,0
"V",6,1,4,-17,1,0
"V",6,1,4,-19,1,0
"V",6,1,4,-2,1738,433
"V",6,1,4,-3,1303,218
"V",6,1,4,-4,869,80
"V",6,1,4,-5,606,32
"V",6,1,4,-6,395,12
"V",6,1,4,-7,249,4
"V",6,1,4,-8,137,3
"V",6,1,4,-9,67,0
"V",6,1,4,0,2373,1203
"V",6,1,4,1,2232,1537
"V",6,1,4,10,68,68
"V",6,1,4,11,29,28
"V",6,1,4,12,21,21
"V",6,1,4,13,11,11
"V",6,1,4,14,5,5
"V",6,1,4,15,5,5
"V",6,1,4,16,9,9
"V",6,1,4,17,1,1
"V",6,1,4,18,1,1
"V",6,1,4,19,1,1
"V",6,1,4,2,1736,1365
"V",6,1,4,20,1,1
"V",6,1,4,3,1271,1127
"V",6,1,4,4,847,793
"V",6,1,4,5,613,590
"V",6,1,4,6,436,425
"V",6,1,4,7,298,294
"V",6,1,4,8,178,177
"V",6,1,4,9,106,106
"V",6,1,5,-1,895,366
"V",6,1,5,-10,12,0
"V",6,1,5,-11,7,0
"V",6,1,5,-12,4,0
"V",6,1,5,-13,2,0
"V",6,1,5,-14,1,0
"V",6,1,5,-15,2,0
"V",6,1,5,-2,548,130
"V",6,1,5,-3,388,58
"V",6,1,5,-4,242,23
"V",6,1,5,-5,157,8
"V",6,1,5,-6,72,1
"V",6,1,5,-7,61,0
"V",6,1,5,-8,33,0
"V",6,1,5,-9,20,0
"V",6,1,5,0,1171,671
"V",6,1,5,1,1107,795
"V",6,1,5,10,21,20
"V",6,1,5,11,24,24
"V",6,1,5,12,10,10
"V",6,1,5,13,10,10
"V",6,1,5,14,1,1
"V",6,1,5,16,1,1
"V",6,1,5,18,1,1
"V",6,1,5,19,1,1
"V",6,1,5,2,910,749
"V",6,1,5,3,653,582
"V",6,1,5,4,499,453
"V",6,1,5,5,302,284
"V",6,1,5,6,216,212
"V",6,1,5,7,105,105
"V",6,1,5,8,43,41
"V",6,1,5,9,39,39
"V",6,1,6,-1,970,387
"V",6,1,6,-10,26,0
"V",6,1,6,-11,13,0
"V",6,1,6,-12,5,0
"V",6,1,6,-13,2,0
"V",6,1,6,-14,1,0
"V",6,1,6,-15,1,0
"V",6,1,6,-2,730,201
"V",6,1,6,-3,530,89
"V",6,1,6,-4,395,42
"V",6,1,6,-5,250,14
"V",6,1,6,-6,158,6
"V",6,1,6,-7,98,5
"V",6,1,6,-8,44,0
"V",6,1,6,-9,30,0
"V",6,1,6,0,1204,706
"V",6,1,6,1,1152,836
"V",6,1,6,10,31,31
"V",6,1,6,11,22,22
"V",6,1,6,12,14,14
"V",6,1,6,13,7,7
"V",6,1,6,14,4,4
"V",6,1,6,15,5,5
"V",6,1,6,16,1,1
"V",6,1,6,17,2,2
"V",6,1,6,2,949,773
"V",6,1,6,3,697,629
"V",6,1,6,4,491,456
"V",6,1,6,5,331,321
"V",6,1,6,6,238,233
"V",6,1,6,7,137,137
"V",6,1,6,8,85,85
"V",6,1,6,9,65,65
"V",6,1,7,-1,769,333
"V",6,1,7,-10,15,0
"V",6,1,7,-11,8,0
"V",6,1,7,-12,5,0
"V",6,1,7,-13,1,0
"V",6,1,7,-14,1,0
"V",6,1,7,-15,1,0
"V",6,1,7,-2,540,179
"V",6,1,7,-3,329,65
"V",6,1,7,-4,220,21
"V",6,1,7,-5,137,9
"V",6,1,7,-6,105,2
"V",6,1,7,-7,59,2
"V",6,1,7,-8,26,0
"V",6,1,7,-9,23,0
"V",6,1,7,0,905,540
"V",6,1,7,1,827,607
"V",6,1,7,10,26,25
"V",6,1,7,11,13,13
"V",6,1,7,12,3,3
"V",6,1,7,13,5,5
"V",6,1,7,14,3,3
"V",6,1,7,15,1,1
"V",6,1,7,2,704,586
"V",6,1,7,3,600,541
"V",6,1,7,4,401,382
"V",6,1,7,5,277,272
"V",6,1,7,6,182,179
"V",6,1,7,7,108,108
"V",6,1,7,8,63,63
"V",6,1,7,9,37,37
"V",6,1,8,-1,689,317
"V",6,1,8,-10,12,0
"V",6,1,8,-11,7,0
"V",6,1,8,-12,5,0
"V",6,1,8,-14,1,0
"V",6,1,8,-15,1,0
"V",6,1,8,-16,1,0
"V",6,1,8,-2,471,155
"V",6,1,8,-3,349,95
"V",6,1,8,-4,228,31
"V",6,1,8,-5,152,9
"V",6,1,8,-6,105,6
"V",6,1,8,-7,62,2
"V",6,1,8,-8,23,0
"V",6,1,8,-9,14,0
"V",6,1,8,0,897,547
"V",6,1,8,1,929,709
"V",6,1,8,10,25,25
"V",6,1,8,11,16,15
"V",6,1,8,12,6,6
"V",6,1,8,13,2,2
"V",6,1,8,14,3,3
"V",6,1,8,15,1,1
"V",6,1,8,16,4,4
"V",6,1,8,17,1,1
"V",6,1,8,18,1,1
"V",6,1,8,19,1,1
"V",6,1,8,2,709,603
"V",6,1,8,3,579,528
"V",6,1,8,4,379,360
"V",6,1,8,5,265,263
"V",6,1,8,6,168,166
"V",6,1,8,7,110,110
"V",6,1,8,8,76,76
"V",6,1,8,9,47,47
"V",6,2,1,-1,11897,2879
"V",6,2,1,-10,226,1
"V",6,2,1,-11,159,0
"V",6,2,1,-12,76,0
"V",6,2,1,-13,39,0
"V",6,2,1,-14,18,0
"V",6,2,1,-15,15,0
"V",6,2,1,-16,5,0
"V",6,2,1,-17,5,0
"V",6,2,1,-18,3,0
"V",6,2,1,-2,8816,1168
"V",6,2,1,-20,2,0
"V",6,2,1,-3,6464,491
"V",6,2,1,-4,4470,187
"V",6,2,1,-5,2955,74
"V",6,2,1,-6,1899,13
"V",6,2,1,-7,1236,10
"V",6,2,1,-8,726,1
"V",6,2,1,-9,431,2
"V",6,2,1,0,13936,5811
"V",6,2,1,1,11667,7069
"V",6,2,1,10,231,231
"V",6,2,1,11,156,156
"V",6,2,1,12,101,100
"V",6,2,1,13,58,58
"V",6,2,1,14,28,28
"V",6,2,1,15,14,14
"V",6,2,1,16,8,8
"V",6,2,1,17,3,3
"V",6,2,1,18,2,2
"V",6,2,1,2,9025,6692
"V",6,2,1,21,2,2
"V",6,2,1,3,6653,5621
"V",6,2,1,4,4539,4140
"V",6,2,1,5,3068,2917
"V",6,2,1,6,1855,1792
"V",6,2,1,7,1122,1098
"V",6,2,1,8,717,713
"V",6,2,1,9,401,399
"V",6,2,2,-1,6089,1606
"V",6,2,2,-10,134,0
"V",6,2,2,-11,94,0
"V",6,2,2,-12,52,0
"V",6,2,2,-13,28,0
"V",6,2,2,-14,13,0
"V",6,2,2,-15,3,0
"V",6,2,2,-16,2,0
"V",6,2,2,-17,2,0
"V",6,2,2,-18,1,0
"V",6,2,2,-19,1,0
"V",6,2,2,-2,4746,726
"V",6,2,2,-3,3670,336
"V",6,2,2,-4,2510,125
"V",6,2,2,-5,1687,47
"V",6,2,2,-6,1108,14
"V",6,2,2,-7,692,6
"V",6,2,2,-8,407,1
"V",6,2,2,-9,221,1
"V",6,2,2,0,7249,3147
"V",6,2,2,1,6247,3892
"V",6,2,2,10,176,176
"V",6,2,2,11,112,112
"V",6,2,2,12,59,59
"V",6,2,2,13,39,39
"V",6,2,2,14,20,20
"V",6,2,2,15,6,6
"V",6,2,2,16,7,7
"V",6,2,2,17,2,2
"V",6,2,2,18,2,2
"V",6,2,2,19,1,1
"V",6,2,2,2,4865,3645
"V",6,2,2,3,3692,3131
"V",6,2,2,4,2545,2352
"V",6,2,2,5,1887,1777
"V",6,2,2,6,1192,1163
"V",6,2,2,7,745,724
"V",6,2,2,8,491,485
"V",6,2,2,9,287,287
"V",6,2,3,-1,3156,870
"V",6,2,3,-10,40,0
"V",6,2,3,-11,33,0
"V",6,2,3,-12,15,0
"V",6,2,3,-13,11,0
"V",6,2,3,-14,6,0
"V",6,2,3,-15,5,0
"V",6,2,3,-16,1,0
"V",6,2,3,-2,2135,331
"V",6,2,3,-3,1441,118
"V",6,2,3,-4,964,38
"V",6,2,3,-5,659,14
"V",6,2,3,-6,407,8
"V",6,2,3,-7,244,1
"V",6,2,3,-8,149,0
"V",6,2,3,-9,76,0
"V",6,2,3,0,4025,1838
"V",6,2,3,1,3637,2318
"V",6,2,3,10,105,105
"V",6,2,3,11,63,63
"V",6,2,3,12,36,36
"V",6,2,3,13,26,26
"V",6,2,3,14,10,10
"V",6,2,3,15,6,6
"V",6,2,3,16,5,5
"V",6,2,3,17,3,3
"V",6,2,3,18,2,2
"V",6,2,3,2,3064,2332
"V",6,2,3,3,2358,2026
"V",6,2,3,4,1736,1581
"V",6,2,3,5,1238,1165
"V",6,2,3,6,719,701
"V",6,2,3,7,415,410
"V",6,2,3,8,262,260
"V",6,2,3,9,162,160
"V",6,2,4,-1,2486,728
"V",6,2,4,-10,60,0
"V",6,2,4,-11,31,0
"V",6,2,4,-12,21,0
"V",6,2,4,-13,12,0
"V",6,2,4,-14,7,0
"V",6,2,4,-16,1,0
"V",6,2,4,-2,1939,368
"V",6,2,4,-3,1440,151
"V",6,2,4,-4,1017,73
"V",6,2,4,-5,708,28
"V",6,2,4,-6,423,9
"V",6,2,4,-7,261,2
"V",6,2,4,-8,146,0
"V",6,2,4,-9,86,0
"V",6,2,4,0,3158,1442
"V",6,2,4,1,2908,1836
"V",6,2,4,10,98,98
"V",6,2,4,11,59,59
"V",6,2,4,12,34,33
"V",6,2,4,13,19,19
"V",6,2,4,14,11,11
"V",6,2,4,15,4,4
"V",6,2,4,16,8,8
"V",6,2,4,17,5,5
"V",6,2,4,18,2,2
"V",6,2,4,19,1,1
"V",6,2,4,2,2413,1861
"V",6,2,4,20,2,2
"V",6,2,4,3,1794,1553
"V",6,2,4,4,1335,1233
"V",6,2,4,5,891,850
"V",6,2,4,6,621,610
"V",6,2,4,7,416,410
"V",6,2,4,8,256,253
"V",6,2,4,9,159,158
"V",6,2,5,-1,1236,371
"V",6,2,5,-10,19,0
"V",6,2,5,-11,10,0
"V",6,2,5,-12,12,0
"V",6,2,5,-13,1,0
"V",6,2,5,-14,2,0
"V",6,2,5,-15,5,0
"V",6,2,5,-17,1,0
"V",6,2,5,-2,831,142
"V",6,2,5,-3,562,51
"V",6,2,5,-4,387,25
"V",6,2,5,-5,263,10
"V",6,2,5,-6,158,0
"V",6,2,5,-7,97,0
"V",6,2,5,-8,56,0
"V",6,2,5,-9,37,0
"V",6,2,5,0,1566,718
"V",6,2,5,1,1445,918
"V",6,2,5,10,41,41
"V",6,2,5,11,31,31
"V",6,2,5,12,25,25
"V",6,2,5,13,10,10
"V",6,2,5,14,5,5
"V",6,2,5,15,1,1
"V",6,2,5,16,2,2
"V",6,2,5,17,1,1
"V",6,2,5,2,1183,916
"V",6,2,5,3,946,809
"V",6,2,5,4,755,686
"V",6,2,5,5,512,480
"V",6,2,5,6,316,307
"V",6,2,5,7,170,167
"V",6,2,5,8,125,123
"V",6,2,5,9,73,73
"V",6,2,6,-1,1127,348
"V",6,2,6,-10,19,0
"V",6,2,6,-11,7,0
"V",6,2,6,-12,6,0
"V",6,2,6,-13,3,0
"V",6,2,6,-14,3,0
"V",6,2,6,-15,1,0
"V",6,2,6,-16,1,0
"V",6,2,6,-2,875,170
"V",6,2,6,-3,650,73
"V",6,2,6,-4,416,21
"V",6,2,6,-5,300,11
"V",6,2,6,-6,165,4
"V",6,2,6,-7,110,2
"V",6,2,6,-8,65,1
"V",6,2,6,-9,34,0
"V",6,2,6,0,1463,702
"V",6,2,6,1,1393,899
"V",6,2,6,10,52,52
"V",6,2,6,11,31,30
"V",6,2,6,12,19,19
"V",6,2,6,13,13,13
"V",6,2,6,14,7,7
"V",6,2,6,15,5,5
"V",6,2,6,16,3,3
"V",6,2,6,19,1,1
"V",6,2,6,2,1182,906
"V",6,2,6,3,916,798
"V",6,2,6,4,669,607
"V",6,2,6,5,508,474
"V",6,2,6,6,350,339
"V",6,2,6,7,231,228
"V",6,2,6,8,142,140
"V",6,2,6,9,84,84
"V",6,2,7,-1,704,216
"V",6,2,7,-10,12,0
"V",6,2,7,-11,11,0
"V",6,2,7,-12,1,0
"V",6,2,7,-13,2,0
"V",6,2,7,-2,546,119
"V",6,2,7,-3,376,52
"V",6,2,7,-4,276,19
"V",6,2,7,-5,173,5
"V",6,2,7,-6,111,2
"V",6,2,7,-7,61,0
"V",6,2,7,-8,35,0
"V",6,2,7,-9,21,0
"V",6,2,7,0,862,450
"V",6,2,7,1,853,577
"V",6,2,7,10,40,39
"V",6,2,7,11,20,20
"V",6,2,7,12,8,8
"V",6,2,7,13,11,11
"V",6,2,7,14,4,4
"V",6,2,7,15,1,1
"V",6,2,7,16,2,2
"V",6,2,7,17,1,1
"V",6,2,7,18,1,1
"V",6,2,7,2,745,579
"V",6,2,7,3,652,566
"V",6,2,7,4,450,420
"V",6,2,7,5,338,317
"V",6,2,7,6,228,220
"V",6,2,7,7,122,119
"V",6,2,7,8,87,84
"V",6,2,7,9,49,49
"V",6,2,8,-1,793,269
"V",6,2,8,-10,13,0
"V",6,2,8,-11,3,0
"V",6,2,8,-12,4,0
"V",6,2,8,-13,2,0
"V",6,2,8,-2,577,142
"V",6,2,8,-3,436,64
"V",6,2,8,-4,282,27
"V",6,2,8,-5,176,7
"V",6,2,8,-6,101,3
"V",6,2,8,-7,59,1
"V",6,2,8,-8,29,0
"V",6,2,8,-9,16,0
"V",6,2,8,0,1076,554
"V",6,2,8,1,1027,716
"V",6,2,8,10,37,37
"V",6,2,8,11,25,25
"V",6,2,8,12,13,13
"V",6,2,8,13,5,5
"V",6,2,8,14,3,3
"V",6,2,8,15,1,1
"V",6,2,8,16,2,2
"V",6,2,8,17,2,2
"V",6,2,8,2,856,677
"V",6,2,8,3,645,553
"V",6,2,8,4,469,435
"V",6,2,8,5,323,309
"V",6,2,8,6,226,220
"V",6,2,8,7,147,144
"V",6,2,8,8,81,79
"V",6,2,8,9,49,49
"V",7,0,1,-1,20060,5418
"V",7,0,1,-10,753,2
"V",7,0,1,-11,457,0
"V",7,0,1,-12,273,0
"V",7,0,1,-13,148,0
"V",7,0,1,-14,82,0
"V",7,0,1,-15,44,0
"V",7,0,1,-16,30,0
"V",7,0,1,-17,17,0
"V",7,0,1,-18,7,0
"V",7,0,1,-19,4,0
"V",7,0,1,-2,16554,2541
"V",7,0,1,-20,2,0
"V",7,0,1,-21,2,0
"V",7,0,1,-22,1,0
"V",7,0,1,-3,12888,1099
"V",7,0,1,-4,9244,394
"V",7,0,1,-5,6469,175
"V",7,0,1,-6,4305,45
"V",7,0,1,-7,2806,21
"V",7,0,1,-8,1894,6
"V",7,0,1,-9,1172,1
"V",7,0,1,0,22018,10521
"V",7,0,1,1,19059,13198
"V",7,0,1,10,467,466
"V",7,0,1,11,293,292
"V",7,0,1,12,178,177
"V",7,0,1,13,96,96
"V",7,0,1,14,50,50
"V",7,0,1,15,31,31
"V",7,0,1,16,18,18
"V",7,0,1,17,14,14
"V",7,0,1,18,5,5
"V",7,0,1,19,5,5
"V",7,0,1,2,14973,12218
"V",7,0,1,20,2,2
"V",7,0,1,21,2,2
"V",7,0,1,3,11013,9945
"V",7,0,1,4,7704,7305
"V",7,0,1,5,5342,5171
"V",7,0,1,6,3382,3336
"V",7,0,1,7,2079,2060
"V",7,0,1,8,1311,1304
"V",7,0,1,9,751,751
"V",7,0,2,-1,5269,1717
"V",7,0,2,-10,169,1
"V",7,0,2,-11,131,0
"V",7,0,2,-12,58,0
"V",7,0,2,-13,42,0
"V",7,0,2,-14,25,0
"V",7,0,2,-15,10,0
"V",7,0,2,-16,10,0
"V",7,0,2,-17,4,0
"V",7,0,2,-18,2,0
"V",7,0,2,-19,1,0
"V",7,0,2,-2,4250,862
"V",7,0,2,-20,1,0
"V",7,0,2,-22,1,0
"V",7,0,2,-3,3376,451
"V",7,0,2,-4,2378,137
"V",7,0,2,-5,1691,79
"V",7,0,2,-6,1133,23
"V",7,0,2,-7,724,12
"V",7,0,2,-8,493,1
"V",7,0,2,-9,280,1
"V",7,0,2,0,5695,3042
"V",7,0,2,1,4879,3543
"V",7,0,2,10,140,140
"V",7,0,2,11,98,98
"V",7,0,2,12,43,43
"V",7,0,2,13,19,19
"V",7,0,2,14,11,11
"V",7,0,2,15,8,8
"V",7,0,2,16,6,6
"V",7,0,2,17,4,4
"V",7,0,2,18,1,1
"V",7,0,2,19,3,3
"V",7,0,2,2,3936,3312
"V",7,0,2,20,1,1
"V",7,0,2,21,1,1
"V",7,0,2,3,2968,2737
"V",7,0,2,4,2112,2025
"V",7,0,2,5,1483,1450
"V",7,0,2,6,952,934
"V",7,0,2,7,579,573
"V",7,0,2,8,373,370
"V",7,0,2,9,213,213
"V",7,0,3,-1,1224,492
"V",7,0,3,-10,60,0
"V",7,0,3,-11,31,0
"V",7,0,3,-12,20,0
"V",7,0,3,-13,9,0
"V",7,0,3,-14,5,0
"V",7,0,3,-15,2,0
"V",7,0,3,-16,3,0
"V",7,0,3,-17,1,0
"V",7,0,3,-2,929,228
"V",7,0,3,-3,734,110
"V",7,0,3,-4,516,44
"V",7,0,3,-5,370,29
"V",7,0,3,-6,266,5
"V",7,0,3,-7,172,1
"V",7,0,3,-8,104,1
"V",7,0,3,-9,78,0
"V",7,0,3,0,1429,872
"V",7,0,3,1,1247,934
"V",7,0,3,10,56,56
"V",7,0,3,11,24,24
"V",7,0,3,12,13,13
"V",7,0,3,13,8,8
"V",7,0,3,14,3,3
"V",7,0,3,15,2,2
"V",7,0,3,16,2,2
"V",7,0,3,19,1,1
"V",7,0,3,2,1107,951
"V",7,0,3,3,840,782
"V",7,0,3,4,632,615
"V",7,0,3,5,448,436
"V",7,0,3,6,270,268
"V",7,0,3,7,181,179
"V",7,0,3,8,113,113
"V",7,0,3,9,61,61
"V",7,0,4,-1,1086,495
"V",7,0,4,-10,42,1
"V",7,0,4,-11,27,0
"V",7,0,4,-12,17,0
"V",7,0,4,-13,11,0
"V",7,0,4,-14,9,0
"V",7,0,4,-15,2,0
"V",7,0,4,-16,3,0
"V",7,0,4,-17,1,0
"V",7,0,4,-18,1,0
"V",7,0,4,-2,1050,336
"V",7,0,4,-22,1,0
"V",7,0,4,-3,838,161
"V",7,0,4,-4,619,51
"V",7,0,4,-5,439,34
"V",7,0,4,-6,282,8
"V",7,0,4,-7,197,5
"V",7,0,4,-8,117,0
"V",7,0,4,-9,72,0
"V",7,0,4,0,1059,683
"V",7,0,4,1,961,746
"V",7,0,4,10,39,39
"V",7,0,4,11,31,31
"V",7,0,4,12,14,14
"V",7,0,4,13,7,7
"V",7,0,4,14,4,4
"V",7,0,4,15,6,6
"V",7,0,4,16,3,3
"V",7,0,4,18,1,1
"V",7,0,4,2,818,724
"V",7,0,4,21,1,1
"V",7,0,4,3,682,637
"V",7,0,4,4,500,485
"V",7,0,4,5,372,367
"V",7,0,4,6,286,283
"V",7,0,4,7,162,161
"V",7,0,4,8,102,101
"V",7,0,4,9,60,60
"V",7,0,5,-1,212,86
"V",7,0,5,-10,13,0
"V",7,0,5,-11,7,0
"V",7,0,5,-12,1,0
"V",7,0,5,-13,1,0
"V",7,0,5,-2,164,48
"V",7,0,5,-3,125,17
"V",7,0,5,-4,87,7
"V",7,0,5,-5,59,3
"V",7,0,5,-6,43,0
"V",7,0,5,-7,28,0
"V",7,0,5,-8,26,2
"V",7,0,5,-9,17,0
"V",7,0,5,0,260,169
"V",7,0,5,1,299,238
"V",7,0,5,10,13,13
"V",7,0,5,11,3,3
"V",7,0,5,12,2,2
"V",7,0,5,13,2,2
"V",7,0,5,14,1,1
"V",7,0,5,15,1,1
"V",7,0,5,18,1,1
"V",7,0,5,2,229,191
"V",7,0,5,3,182,173
"V",7,0,5,4,149,142
"V",7,0,5,5,137,134
"V",7,0,5,6,63,61
"V",7,0,5,7,41,41
"V",7,0,5,8,22,22
"V",7,0,5,9,16,16
"V",7,0,6,-1,497,255
"V",7,0,6,-10,12,0
"V",7,0,6,-11,13,0
"V",7,0,6,-12,6,0
"V",7,0,6,-13,3,0
"V",7,0,6,-14,2,0
"V",7,0,6,-16,1,0
"V",7,0,6,-2,342,111
"V",7,0,6,-3,278,56
"V",7,0,6,-4,171,23
"V",7,0,6,-5,139,12
"V",7,0,6,-6,72,2
"V",7,0,6,-7,53,1
"V",7,0,6,-8,36,0
"V",7,0,6,-9,20,0
"V",7,0,6,0,448,314
"V",7,0,6,1,434,371
"V",7,0,6,10,14,14
"V",7,0,6,11,11,11
"V",7,0,6,12,7,7
"V",7,0,6,13,5,5
"V",7,0,6,14,2,2
"V",7,0,6,16,1,1
"V",7,0,6,2,390,355
"V",7,0,6,21,1,1
"V",7,0,6,3,302,285
"V",7,0,6,4,219,217
"V",7,0,6,5,156,153
"V",7,0,6,6,111,110
"V",7,0,6,7,71,71
"V",7,0,6,8,36,36
"V",7,0,6,9,26,26
"V",7,0,7,-1,241,124
"V",7,0,7,-10,7,0
"V",7,0,7,-11,7,0
"V",7,0,7,-12,2,0
"V",7,0,7,-13,2,0
"V",7,0,7,-14,1,0
"V",7,0,7,-15,1,0
"V",7,0,7,-2,223,84
"V",7,0,7,-3,168,33
"V",7,0,7,-4,122,15
"V",7,0,7,-5,91,5
"V",7,0,7,-6,52,2
"V",7,0,7,-7,33,1
"V",7,0,7,-8,23,1
"V",7,0,7,-9,15,0
"V",7,0,7,0,249,173
"V",7,0,7,1,240,195
"V",7,0,7,10,11,11
"V",7,0,7,11,10,10
"V",7,0,7,12,3,3
"V",7,0,7,13,3,3
"V",7,0,7,14,1,1
"V",7,0,7,15,2,2
"V",7,0,7,16,3,3
"V",7,0,7,2,181,162
"V",7,0,7,3,193,187
"V",7,0,7,4,129,125
"V",7,0,7,5,105,103
"V",7,0,7,6,75,75
"V",7,0,7,7,40,40
"V",7,0,7,8,35,35
"V",7,0,7,9,17,17
"V",7,0,8,-1,264,158
"V",7,0,8,-10,16,1
"V",7,0,8,-11,12,0
"V",7,0,8,-12,1,0
"V",7,0,8,-13,2,0
"V",7,0,8,-14,3,0
"V",7,0,8,-18,1,0
"V",7,0,8,-2,245,110
"V",7,0,8,-3,196,53
"V",7,0,8,-4,126,15
"V",7,0,8,-5,86,8
"V",7,0,8,-6,70,5
"V",7,0,8,-7,40,0
"V",7,0,8,-8,24,1
"V",7,0,8,-9,17,0
"V",7,0,8,0,264,196
"V",7,0,8,1,287,244
"V",7,0,8,10,15,15
"V",7,0,8,11,9,9
"V",7,0,8,12,2,2
"V",7,0,8,13,4,4
"V",7,0,8,15,1,1
"V",7,0,8,16,1,1
"V",7,0,8,2,230,214
"V",7,0,8,3,183,174
"V",7,0,8,4,150,150
"V",7,0,8,5,94,93
"V",7,0,8,6,79,78
"V",7,0,8,7,42,42
"V",7,0,8,8,27,27
"V",7,0,8,9,20,20
"V",7,1,1,-1,14024,3244
"V",7,1,1,-10,508,1
"V",7,1,1,-11,297,0
"V",7,1,1,-12,189,0
"V",7,1,1,-13,99,0
"V",7,1,1,-14,56,0
"V",7,1,1,-15,31,0
"V",7,1,1,-16,16,0
"V",7,1,1,-17,12,0
"V",7,1,1,-18,5,0
"V",7,1,1,-19,3,0
"V",7,1,1,-2,11565,1443
"V",7,1,1,-20,1,0
"V",7,1,1,-21,2,0
"V",7,1,1,-3,8829,517
"V",7,1,1,-4,6350,199
"V",7,1,1,-5,4423,69
"V",7,1,1,-6,2905,16
"V",7,1,1,-7,1935,10
"V",7,1,1,-8,1297,2
"V",7,1,1,-9,813,0
"V",7,1,1,0,15479,6787
"V",7,1,1,1,13717,9184
"V",7,1,1,10,337,336
"V",7,1,1,11,222,221
"V",7,1,1,12,149,148
"V",7,1,1,13,85,85
"V",7,1,1,14,43,43
"V",7,1,1,15,28,28
"V",7,1,1,16,15,15
"V",7,1,1,17,12,12
"V",7,1,1,18,4,4
"V",7,1,1,19,2,2
"V",7,1,1,2,10833,8684
"V",7,1,1,20,2,2
"V",7,1,1,21,2,2
"V",7,1,1,3,7950,7081
"V",7,1,1,4,5568,5245
"V",7,1,1,5,3866,3722
"V",7,1,1,6,2476,2446
"V",7,1,1,7,1569,1555
"V",7,1,1,8,975,969
"V",7,1,1,9,551,551
"V",7,1,2,-1,5805,1578
"V",7,1,2,-10,231,0
"V",7,1,2,-11,149,0
"V",7,1,2,-12,68,0
"V",7,1,2,-13,50,0
"V",7,1,2,-14,20,0
"V",7,1,2,-15,13,0
"V",7,1,2,-16,8,0
"V",7,1,2,-17,6,0
"V",7,1,2,-18,1,0
"V",7,1,2,-19,2,0
"V",7,1,2,-2,5069,795
"V",7,1,2,-20,1,0
"V",7,1,2,-21,2,0
"V",7,1,2,-3,3906,380
"V",7,1,2,-4,2824,126
"V",7,1,2,-5,1966,50
"V",7,1,2,-6,1288,13
"V",7,1,2,-7,853,4
"V",7,1,2,-8,596,1
"V",7,1,2,-9,363,0
"V",7,1,2,0,6371,3132
"V",7,1,2,1,5530,3864
"V",7,1,2,10,188,188
"V",7,1,2,11,111,110
"V",7,1,2,12,89,88
"V",7,1,2,13,46,46
"V",7,1,2,14,22,22
"V",7,1,2,15,15,15
"V",7,1,2,16,6,6
"V",7,1,2,17,9,9
"V",7,1,2,18,2,2
"V",7,1,2,19,4,4
"V",7,1,2,2,4442,3608
"V",7,1,2,20,1,1
"V",7,1,2,22,1,1
"V",7,1,2,3,3463,3121
"V",7,1,2,4,2485,2362
"V",7,1,2,5,1782,1729
"V",7,1,2,6,1233,1212
"V",7,1,2,7,788,783
"V",7,1,2,8,489,488
"V",7,1,2,9,278,278
"V",7,1,3,-1,2548,809
"V",7,1,3,-10,70,0
"V",7,1,3,-11,44,0
"V",7,1,3,-12,29,0
"V",7,1,3,-13,12,0
"V",7,1,3,-14,6,0
"V",7,1,3,-15,7,0
"V",7,1,3,-16,1,0
"V",7,1,3,-17,3,0
"V",7,1,3,-18,1,0
"V",7,1,3,-2,1552,271
"V",7,1,3,-3,1155,105
"V",7,1,3,-4,818,61
"V",7,1,3,-5,603,20
"V",7,1,3,-6,394,2
"V",7,1,3,-7,244,2
"V",7,1,3,-8,168,0
"V",7,1,3,-9,95,0
"V",7,1,3,0,3321,1716
"V",7,1,3,1,3067,2212
"V",7,1,3,10,77,77
"V",7,1,3,11,54,54
"V",7,1,3,12,30,30
"V",7,1,3,13,12,12
"V",7,1,3,14,7,7
"V",7,1,3,15,5,5
"V",7,1,3,16,4,4
"V",7,1,3,17,5,5
"V",7,1,3,19,1,1
"V",7,1,3,2,2545,2115
"V",7,1,3,3,1912,1763
"V",7,1,3,4,1426,1365
"V",7,1,3,5,889,860
"V",7,1,3,6,584,580
"V",7,1,3,7,341,339
"V",7,1,3,8,244,244
"V",7,1,3,9,132,132
"V",7,1,4,-1,1886,693
"V",7,1,4,-10,71,0
"V",7,1,4,-11,48,0
"V",7,1,4,-12,24,0
"V",7,1,4,-13,23,0
"V",7,1,4,-14,10,0
"V",7,1,4,-15,6,0
"V",7,1,4,-16,3,0
"V",7,1,4,-17,3,0
"V",7,1,4,-18,1,0
"V",7,1,4,-19,1,0
"V",7,1,4,-2,1682,362
"V",7,1,4,-22,1,0
"V",7,1,4,-3,1362,187
"V",7,1,4,-4,975,67
"V",7,1,4,-5,695,27
"V",7,1,4,-6,475,5
"V",7,1,4,-7,311,5
"V",7,1,4,-8,221,0
"V",7,1,4,-9,114,0
"V",7,1,4,0,2123,1131
"V",7,1,4,1,1967,1465
"V",7,1,4,10,84,84
"V",7,1,4,11,57,57
"V",7,1,4,12,42,42
"V",7,1,4,13,22,22
"V",7,1,4,14,10,10
"V",7,1,4,15,5,5
"V",7,1,4,16,5,5
"V",7,1,4,17,2,2
"V",7,1,4,18,2,2
"V",7,1,4,19,1,1
"V",7,1,4,2,1653,1385
"V",7,1,4,22,1,1
"V",7,1,4,3,1373,1258
"V",7,1,4,4,995,957
"V",7,1,4,5,723,701
"V",7,1,4,6,521,516
"V",7,1,4,7,331,330
"V",7,1,4,8,249,248
"V",7,1,4,9,143,143
"V",7,1,5,-1,821,278
"V",7,1,5,-10,27,0
"V",7,1,5,-11,12,0
"V",7,1,5,-12,9,0
"V",7,1,5,-13,3,0
"V",7,1,5,-16,1,0
"V",7,1,5,-17,1,0
"V",7,1,5,-2,505,97
"V",7,1,5,-3,354,45
"V",7,1,5,-4,255,10
"V",7,1,5,-5,170,9
"V",7,1,5,-6,104,0
"V",7,1,5,-7,63,0
"V",7,1,5,-8,53,1
"V",7,1,5,-9,38,0
"V",7,1,5,0,981,596
"V",7,1,5,1,932,693
"V",7,1,5,10,37,37
"V",7,1,5,11,17,17
"V",7,1,5,12,9,9
"V",7,1,5,13,8,8
"V",7,1,5,14,7,7
"V",7,1,5,15,2,2
"V",7,1,5,18,1,1
"V",7,1,5,2,868,735
"V",7,1,5,3,688,637
"V",7,1,5,4,518,501
"V",7,1,5,5,387,379
"V",7,1,5,6,200,200
"V",7,1,5,7,128,127
"V",7,1,5,8,88,86
"V",7,1,5,9,52,52
"V",7,1,6,-1,920,369
"V",7,1,6,-10,38,0
"V",7,1,6,-11,24,0
"V",7,1,6,-12,15,0
"V",7,1,6,-13,7,0
"V",7,1,6,-14,4,0
"V",7,1,6,-15,1,0
"V",7,1,6,-17,1,0
"V",7,1,6,-2,730,193
"V",7,1,6,-3,584,81
"V",7,1,6,-4,381,34
"V",7,1,6,-5,289,21
"V",7,1,6,-6,163,1
"V",7,1,6,-7,109,1
"V",7,1,6,-8,68,0
"V",7,1,6,-9,42,0
"V",7,1,6,0,1138,695
"V",7,1,6,1,1000,790
"V",7,1,6,10,35,35
"V",7,1,6,11,19,19
"V",7,1,6,12,10,10
"V",7,1,6,13,14,14
"V",7,1,6,15,1,1
"V",7,1,6,16,1,1
"V",7,1,6,17,2,2
"V",7,1,6,19,1,1
"V",7,1,6,2,869,755
"V",7,1,6,3,729,679
"V",7,1,6,4,523,499
"V",7,1,6,5,382,374
"V",7,1,6,6,251,249
"V",7,1,6,7,172,171
"V",7,1,6,8,116,116
"V",7,1,6,9,60,60
"V",7,1,7,-1,773,346
"V",7,1,7,-10,15,0
"V",7,1,7,-11,14,0
"V",7,1,7,-12,7,0
"V",7,1,7,-13,4,0
"V",7,1,7,-14,4,0
"V",7,1,7,-2,572,177
"V",7,1,7,-3,344,44
"V",7,1,7,-4,259,18
"V",7,1,7,-5,182,3
"V",7,1,7,-6,110,3
"V",7,1,7,-7,68,0
"V",7,1,7,-8,41,0
"V",7,1,7,-9,32,0
"V",7,1,7,0,857,577
"V",7,1,7,1,830,643
"V",7,1,7,10,37,37
"V",7,1,7,11,26,26
"V",7,1,7,12,12,12
"V",7,1,7,13,10,10
"V",7,1,7,14,5,5
"V",7,1,7,15,4,4
"V",7,1,7,16,3,3
"V",7,1,7,17,1,1
"V",7,1,7,2,644,559
"V",7,1,7,21,1,1
"V",7,1,7,3,586,551
"V",7,1,7,4,430,417
"V",7,1,7,5,302,295
"V",7,1,7,6,212,211
"V",7,1,7,7,124,124
"V",7,1,7,8,67,66
"V",7,1,7,9,42,42
"V",7,1,8,-1,732,338
"V",7,1,8,-10,13,0
"V",7,1,8,-11,9,0
"V",7,1,8,-12,4,0
"V",7,1,8,-13,3,0
"V",7,1,8,-14,4,0
"V",7,1,8,-15,1,0
"V",7,1,8,-18,1,0
"V",7,1,8,-2,458,149
"V",7,1,8,-3,371,80
"V",7,1,8,-4,244,29
"V",7,1,8,-5,174,8
"V",7,1,8,-6,129,2
"V",7,1,8,-7,88,1
"V",7,1,8,-8,56,0
"V",7,1,8,-9,33,0
"V",7,1,8,0,904,562
"V",7,1,8,1,814,637
"V",7,1,8,10,32,32
"V",7,1,8,11,28,28
"V",7,1,8,12,14,14
"V",7,1,8,13,10,10
"V",7,1,8,14,3,3
"V",7,1,8,16,2,2
"V",7,1,8,17,1,1
"V",7,1,8,19,1,1
"V",7,1,8,2,699,630
"V",7,1,8,3,566,520
"V",7,1,8,4,437,425
"V",7,1,8,5,291,289
"V",7,1,8,6,218,215
"V",7,1,8,7,114,114
"V",7,1,8,8,70,70
"V",7,1,8,9,56,56
"V",7,2,1,-1,10810,2129
"V",7,2,1,-10,372,1
"V",7,2,1,-11,219,0
"V",7,2,1,-12,138,0
"V",7,2,1,-13,71,0
"V",7,2,1,-14,43,0
"V",7,2,1,-15,20,0
"V",7,2,1,-16,14,0
"V",7,2,1,-17,9,0
"V",7,2,1,-18,4,0
"V",7,2,1,-19,2,0
"V",7,2,1,-2,8879,920
"V",7,2,1,-3,6760,307
"V",7,2,1,-4,4807,113
"V",7,2,1,-5,3274,38
"V",7,2,1,-6,2198,12
"V",7,2,1,-7,1450,9
"V",7,2,1,-8,950,1
"V",7,2,1,-9,596,0
"V",7,2,1,0,11920,4825
"V",7,2,1,1,10773,6994
"V",7,2,1,10,313,312
"V",7,2,1,11,207,207
"V",7,2,1,12,125,125
"V",7,2,1,13,64,64
"V",7,2,1,14,38,38
"V",7,2,1,15,34,34
"V",7,2,1,16,11,11
"V",7,2,1,17,7,7
"V",7,2,1,18,6,6
"V",7,2,1,19,3,3
"V",7,2,1,2,8614,6822
"V",7,2,1,20,2,2
"V",7,2,1,21,2,2
"V",7,2,1,3,6493,5752
"V",7,2,1,4,4572,4292
"V",7,2,1,5,3285,3150
"V",7,2,1,6,2081,2049
"V",7,2,1,7,1332,1319
"V",7,2,1,8,885,879
"V",7,2,1,9,504,504
"V",7,2,2,-1,5810,1319
"V",7,2,2,-10,188,0
"V",7,2,2,-11,116,0
"V",7,2,2,-12,77,0
"V",7,2,2,-13,42,0
"V",7,2,2,-14,28,0
"V",7,2,2,-15,12,0
"V",7,2,2,-16,12,0
"V",7,2,2,-17,6,0
"V",7,2,2,-18,2,0
"V",7,2,2,-19,1,0
"V",7,2,2,-2,4959,583
"V",7,2,2,-21,2,0
"V",7,2,2,-3,3719,260
"V",7,2,2,-4,2726,76
"V",7,2,2,-5,1842,32
"V",7,2,2,-6,1306,15
"V",7,2,2,-7,850,2
"V",7,2,2,-8,548,0
"V",7,2,2,-9,365,0
"V",7,2,2,0,6238,2725
"V",7,2,2,1,5544,3662
"V",7,2,2,10,221,221
"V",7,2,2,11,150,149
"V",7,2,2,12,95,94
"V",7,2,2,13,52,52
"V",7,2,2,14,47,47
"V",7,2,2,15,23,23
"V",7,2,2,16,10,10
"V",7,2,2,17,8,8
"V",7,2,2,18,4,4
"V",7,2,2,19,4,4
"V",7,2,2,2,4617,3715
"V",7,2,2,20,1,1
"V",7,2,2,3,3642,3241
"V",7,2,2,4,2701,2546
"V",7,2,2,5,1943,1871
"V",7,2,2,6,1394,1375
"V",7,2,2,7,933,922
"V",7,2,2,8,562,559
"V",7,2,2,9,352,351
"V",7,2,3,-1,2930,696
"V",7,2,3,-10,89,0
"V",7,2,3,-11,57,0
"V",7,2,3,-12,31,0
"V",7,2,3,-13,14,0
"V",7,2,3,-14,6,0
"V",7,2,3,-15,6,0
"V",7,2,3,-16,3,0
"V",7,2,3,-17,2,0
"V",7,2,3,-2,1907,264
"V",7,2,3,-3,1468,90
"V",7,2,3,-4,1050,48
"V",7,2,3,-5,742,19
"V",7,2,3,-6,459,4
"V",7,2,3,-7,301,3
"V",7,2,3,-8,185,1
"V",7,2,3,-9,112,0
"V",7,2,3,0,3647,1672
"V",7,2,3,1,3537,2409
"V",7,2,3,10,146,146
"V",7,2,3,11,81,81
"V",7,2,3,12,47,46
"V",7,2,3,13,25,25
"V",7,2,3,14,20,20
"V",7,2,3,15,11,11
"V",7,2,3,16,5,5
"V",7,2,3,17,4,4
"V",7,2,3,19,1,1
"V",7,2,3,2,3086,2478
"V",7,2,3,20,2,2
"V",7,2,3,22,1,1
"V",7,2,3,3,2292,2050
"V",7,2,3,4,1749,1652
"V",7,2,3,5,1178,1145
"V",7,2,3,6,823,815
"V",7,2,3,7,507,505
"V",7,2,3,8,323,323
"V",7,2,3,9,202,202
"V",7,2,4,-1,2343,576
"V",7,2,4,-10,69,0
"V",7,2,4,-11,39,0
"V",7,2,4,-12,31,0
"V",7,2,4,-13,23,0
"V",7,2,4,-14,12,0
"V",7,2,4,-15,5,0
"V",7,2,4,-16,5,0
"V",7,2,4,-17,5,0
"V",7,2,4,-18,3,0
"V",7,2,4,-19,2,0
"V",7,2,4,-2,2025,274
"V",7,2,4,-22,1,0
"V",7,2,4,-3,1550,117
"V",7,2,4,-4,1145,43
"V",7,2,4,-5,771,18
"V",7,2,4,-6,540,7
"V",7,2,4,-7,346,3
"V",7,2,4,-8,253,0
"V",7,2,4,-9,140,0
"V",7,2,4,0,2939,1385
"V",7,2,4,1,2731,1879
"V",7,2,4,10,121,121
"V",7,2,4,11,78,78
"V",7,2,4,12,51,51
"V",7,2,4,13,29,29
"V",7,2,4,14,23,23
"V",7,2,4,15,10,10
"V",7,2,4,16,8,8
"V",7,2,4,17,2,2
"V",7,2,4,18,1,1
"V",7,2,4,19,1,1
"V",7,2,4,2,2268,1841
"V",7,2,4,20,1,1
"V",7,2,4,21,1,1
"V",7,2,4,22,2,2
"V",7,2,4,3,1872,1686
"V",7,2,4,4,1387,1305
"V",7,2,4,5,1007,977
"V",7,2,4,6,685,672
"V",7,2,4,7,449,445
"V",7,2,4,8,277,276
"V",7,2,4,9,210,210
"V",7,2,5,-1,1196,300
"V",7,2,5,-10,41,0
"V",7,2,5,-11,15,0
"V",7,2,5,-12,8,0
"V",7,2,5,-13,8,0
"V",7,2,5,-14,1,0
"V",7,2,5,-16,4,0
"V",7,2,5,-17,1,0
"V",7,2,5,-2,776,93
"V",7,2,5,-3,576,34
"V",7,2,5,-4,400,12
"V",7,2,5,-5,270,5
"V",7,2,5,-6,182,1
"V",7,2,5,-7,94,1
"V",7,2,5,-8,80,1
"V",7,2,5,-9,43,1
"V",7,2,5,0,1399,633
"V",7,2,5,1,1361,930
"V",7,2,5,10,57,57
"V",7,2,5,11,38,38
"V",7,2,5,12,33,33
"V",7,2,5,13,13,13
"V",7,2,5,14,8,8
"V",7,2,5,15,6,6
"V",7,2,5,16,1,1
"V",7,2,5,17,4,4
"V",7,2,5,2,1216,996
"V",7,2,5,3,856,768
"V",7,2,5,4,768,726
"V",7,2,5,5,524,512
"V",7,2,5,6,368,360
"V",7,2,5,7,214,212
"V",7,2,5,8,169,167
"V",7,2,5,9,91,91
"V",7,2,6,-1,1219,341
"V",7,2,6,-10,37,0
"V",7,2,6,-11,25,0
"V",7,2,6,-12,10,0
"V",7,2,6,-13,8,0
"V",7,2,6,-14,3,0
"V",7,2,6,-15,1,0
"V",7,2,6,-16,2,0
"V",7,2,6,-17,2,0
"V",7,2,6,-2,867,140
"V",7,2,6,-3,636,53
"V",7,2,6,-4,451,22
"V",7,2,6,-5,336,13
"V",7,2,6,-6,199,2
"V",7,2,6,-7,117,0
"V",7,2,6,-8,101,0
"V",7,2,6,-9,60,0
"V",7,2,6,0,1366,671
"V",7,2,6,1,1326,975
"V",7,2,6,10,61,61
"V",7,2,6,11,43,42
"V",7,2,6,12,23,22
"V",7,2,6,13,19,19
"V",7,2,6,14,8,8
"V",7,2,6,15,1,1
"V",7,2,6,16,2,2
"V",7,2,6,17,2,2
"V",7,2,6,18,1,1
"V",7,2,6,19,1,1
"V",7,2,6,2,1133,909
"V",7,2,6,23,1,1
"V",7,2,6,24,1,1
"V",7,2,6,3,911,820
"V",7,2,6,4,713,669
"V",7,2,6,5,533,516
"V",7,2,6,6,403,401
"V",7,2,6,7,228,226
"V",7,2,6,8,161,161
"V",7,2,6,9,95,95
"V",7,2,7,-1,681,200
"V",7,2,7,-10,16,0
"V",7,2,7,-11,17,0
"V",7,2,7,-12,5,0
"V",7,2,7,-13,4,0
"V",7,2,7,-16,1,0
"V",7,2,7,-17,1,0
"V",7,2,7,-2,551,104
"V",7,2,7,-3,382,33
"V",7,2,7,-4,295,17
"V",7,2,7,-5,214,7
"V",7,2,7,-6,141,3
"V",7,2,7,-7,92,1
"V",7,2,7,-8,54,0
"V",7,2,7,-9,34,0
"V",7,2,7,0,828,408
"V",7,2,7,1,798,567
"V",7,2,7,10,38,38
"V",7,2,7,11,24,24
"V",7,2,7,12,19,19
"V",7,2,7,13,10,10
"V",7,2,7,14,7,7
"V",7,2,7,15,7,7
"V",7,2,7,16,3,3
"V",7,2,7,17,1,1
"V",7,2,7,18,1,1
"V",7,2,7,2,730,589
"V",7,2,7,3,567,514
"V",7,2,7,4,472,447
"V",7,2,7,5,330,318
"V",7,2,7,6,219,215
"V",7,2,7,7,149,148
"V",7,2,7,8,105,105
"V",7,2,7,9,48,48
"V",7,2,8,-1,790,252
"V",7,2,8,-10,14,0
"V",7,2,8,-11,9,0
"V",7,2,8,-12,8,0
"V",7,2,8,-13,3,0
"V",7,2,8,-14,2,0
"V",7,2,8,-15,2,0
"V",7,2,8,-16,2,0
"V",7,2,8,-17,2,0
"V",7,2,8,-19,1,0
"V",7,2,8,-2,575,120
"V",7,2,8,-3,452,57
"V",7,2,8,-4,329,26
"V",7,2,8,-5,194,14
"V",7,2,8,-6,132,2
"V",7,2,8,-7,90,0
"V",7,2,8,-8,54,0
"V",7,2,8,-9,37,0
"V",7,2,8,0,1070,539
"V",7,2,8,1,1004,733
"V",7,2,8,10,31,31
"V",7,2,8,11,37,37
"V",7,2,8,12,17,17
"V",7,2,8,13,6,6
"V",7,2,8,14,11,11
"V",7,2,8,15,3,3
"V",7,2,8,16,4,4
"V",7,2,8,17,4,4
"V",7,2,8,2,828,683
"V",7,2,8,3,708,647
"V",7,2,8,4,517,494
"V",7,2,8,5,420,407
"V",7,2,8,6,260,254
"V",7,2,8,7,147,146
"V",7,2,8,8,90,90
"V",7,2,8,9,65,65
"V",8,0,1,-1,18473,4166
"V",8,0,1,-10,970,1
"V",8,0,1,-11,598,0
"V",8,0,1,-12,346,0
"V",8,0,1,-13,234,0
"V",8,0,1,-14,127,0
"V",8,0,1,-15,96,0
"V",8,0,1,-16,54,0
"V",8,0,1,-17,15,0
"V",8,0,1,-18,12,0
"V",8,0,1,-19,8,0
"V",8,0,1,-2,15686,1704
"V",8,0,1,-20,5,0
"V",8,0,1,-21,4,0
"V",8,0,1,-22,1,0
"V",8,0,1,-23,1,0
"V",8,0,1,-3,12580,676
"V",8,0,1,-4,9794,270
"V",8,0,1,-5,7136,82
"V",8,0,1,-6,4933,28
"V",8,0,1,-7,3363,6
"V",8,0,1,-8,2324,4
"V",8,0,1,-9,1508,2
"V",8,0,1,0,19577,9309
"V",8,0,1,1,17560,13210
"V",8,0,1,10,619,619
"V",8,0,1,11,414,413
"V",8,0,1,12,249,249
"V",8,0,1,13,131,131
"V",8,0,1,14,92,92
"V",8,0,1,15,50,50
"V",8,0,1,16,23,23
"V",8,0,1,17,20,20
"V",8,0,1,18,6,6
"V",8,0,1,19,8,8
"V",8,0,1,2,14465,12572
"V",8,0,1,20,5,5
"V",8,0,1,21,1,1
"V",8,0,1,22,1,1
"V",8,0,1,24,1,1
"V",8,0,1,25,1,1
"V",8,0,1,3,11035,10347
"V",8,0,1,4,8056,7797
"V",8,0,1,5,5705,5602
"V",8,0,1,6,3860,3835
"V",8,0,1,7,2570,2560
"V",8,0,1,8,1638,1636
"V",8,0,1,9,984,983
"V",8,0,2,-1,4911,1532
"V",8,0,2,-10,237,1
"V",8,0,2,-11,187,0
"V",8,0,2,-12,96,0
"V",8,0,2,-13,53,0
"V",8,0,2,-14,31,0
"V",8,0,2,-15,20,0
"V",8,0,2,-16,18,0
"V",8,0,2,-17,7,0
"V",8,0,2,-18,4,0
"V",8,0,2,-19,2,0
"V",8,0,2,-2,4014,686
"V",8,0,2,-20,2,0
"V",8,0,2,-21,1,0
"V",8,0,2,-22,1,0
"V",8,0,2,-23,1,0
"V",8,0,2,-3,3209,293
"V",8,0,2,-4,2524,132
"V",8,0,2,-5,1905,37
"V",8,0,2,-6,1255,14
"V",8,0,2,-7,868,4
"V",8,0,2,-8,624,3
"V",8,0,2,-9,391,1
"V",8,0,2,0,5249,2825
"V",8,0,2,1,4602,3638
"V",8,0,2,10,198,198
"V",8,0,2,11,113,112
"V",8,0,2,12,90,90
"V",8,0,2,13,33,33
"V",8,0,2,14,26,26
"V",8,0,2,15,16,16
"V",8,0,2,16,7,7
"V",8,0,2,17,6,6
"V",8,0,2,18,2,2
"V",8,0,2,19,2,2
"V",8,0,2,2,3989,3520
"V",8,0,2,3,3009,2838
"V",8,0,2,4,2202,2141
"V",8,0,2,5,1556,1534
"V",8,0,2,6,1061,1057
"V",8,0,2,7,704,700
"V",8,0,2,8,485,484
"V",8,0,2,9,313,313
"V",8,0,3,-1,1058,381
"V",8,0,3,-10,56,0
"V",8,0,3,-11,34,0
"V",8,0,3,-12,11,0
"V",8,0,3,-13,21,0
"V",8,0,3,-14,10,0
"V",8,0,3,-15,6,0
"V",8,0,3,-16,3,0
"V",8,0,3,-18,1,0
"V",8,0,3,-2,894,183
"V",8,0,3,-20,1,0
"V",8,0,3,-3,679,77
"V",8,0,3,-4,532,28
"V",8,0,3,-5,441,13
"V",8,0,3,-6,305,1
"V",8,0,3,-7,195,1
"V",8,0,3,-8,148,0
"V",8,0,3,-9,80,0
"V",8,0,3,0,1244,759
"V",8,0,3,1,1216,1016
"V",8,0,3,10,60,60
"V",8,0,3,11,37,37
"V",8,0,3,12,23,23
"V",8,0,3,13,9,9
"V",8,0,3,14,4,4
"V",8,0,3,15,6,6
"V",8,0,3,16,1,1
"V",8,0,3,17,5,5
"V",8,0,3,18,1,1
"V",8,0,3,19,1,1
"V",8,0,3,2,1077,968
"V",8,0,3,3,855,815
"V",8,0,3,4,643,625
"V",8,0,3,5,444,438
"V",8,0,3,6,291,290
"V",8,0,3,7,183,182
"V",8,0,3,8,130,130
"V",8,0,3,9,101,101
"V",8,0,4,-1,986,421
"V",8,0,4,-10,48,0
"V",8,0,4,-11,56,0
"V",8,0,4,-12,28,0
"V",8,0,4,-13,15,0
"V",8,0,4,-14,9,0
"V",8,0,4,-15,6,0
"V",8,0,4,-16,2,0
"V",8,0,4,-17,2,0
"V",8,0,4,-19,1,0
"V",8,0,4,-2,960,290
"V",8,0,4,-20,1,0
"V",8,0,4,-3,812,137
"V",8,0,4,-4,708,68
"V",8,0,4,-5,524,20
"V",8,0,4,-6,341,7
"V",8,0,4,-7,229,1
"V",8,0,4,-8,164,2
"V",8,0,4,-9,103,1
"V",8,0,4,0,911,611
"V",8,0,4,1,867,728
"V",8,0,4,10,65,65
"V",8,0,4,11,35,35
"V",8,0,4,12,23,23
"V",8,0,4,13,7,7
"V",8,0,4,14,7,7
"V",8,0,4,15,3,3
"V",8,0,4,16,1,1
"V",8,0,4,17,2,2
"V",8,0,4,18,1,1
"V",8,0,4,2,797,722
"V",8,0,4,3,615,581
"V",8,0,4,4,541,536
"V",8,0,4,5,386,383
"V",8,0,4,6,251,249
"V",8,0,4,7,180,180
"V",8,0,4,8,125,125
"V",8,0,4,9,94,94
"V",8,0,5,-1,211,83
"V",8,0,5,-10,11,0
"V",8,0,5,-11,2,0
"V",8,0,5,-12,5,0
"V",8,0,5,-13,1,0
"V",8,0,5,-15,1,0
"V",8,0,5,-2,182,29
"V",8,0,5,-3,142,16
"V",8,0,5,-4,84,5
"V",8,0,5,-5,72,1
"V",8,0,5,-6,51,0
"V",8,0,5,-7,40,0
"V",8,0,5,-8,27,0
"V",8,0,5,-9,12,0
"V",8,0,5,0,252,174
"V",8,0,5,1,285,244
"V",8,0,5,10,13,13
"V",8,0,5,11,9,9
"V",8,0,5,12,7,7
"V",8,0,5,13,4,4
"V",8,0,5,14,2,2
"V",8,0,5,17,1,1
"V",8,0,5,18,1,1
"V",8,0,5,2,264,243
"V",8,0,5,3,222,214
"V",8,0,5,4,147,146
"V",8,0,5,5,114,113
"V",8,0,5,6,84,83
"V",8,0,5,7,47,47
"V",8,0,5,8,30,30
"V",8,0,5,9,24,24
"V",8,0,6,-1,453,239
"V",8,0,6,-10,16,1
"V",8,0,6,-11,9,0
"V",8,0,6,-12,9,0
"V",8,0,6,-13,9,0
"V",8,0,6,-14,3,0
"V",8,0,6,-15,1,0
"V",8,0,6,-2,378,116
"V",8,0,6,-3,277,42
"V",8,0,6,-4,197,15
"V",8,0,6,-5,148,5
"V",8,0,6,-6,84,3
"V",8,0,6,-7,67,2
"V",8,0,6,-8,52,0
"V",8,0,6,-9,28,0
"V",8,0,6,0,454,333
"V",8,0,6,1,393,348
"V",8,0,6,10,21,21
"V",8,0,6,11,9,9
"V",8,0,6,12,12,12
"V",8,0,6,13,4,4
"V",8,0,6,14,3,3
"V",8,0,6,15,1,1
"V",8,0,6,16,1,1
"V",8,0,6,18,4,4
"V",8,0,6,2,376,358
"V",8,0,6,3,327,320
"V",8,0,6,4,212,210
"V",8,0,6,5,157,153
"V",8,0,6,6,98,97
"V",8,0,6,7,83,82
"V",8,0,6,8,41,41
"V",8,0,6,9,41,41
"V",8,0,7,-1,225,144
"V",8,0,7,-10,7,0
"V",8,0,7,-11,8,0
"V",8,0,7,-12,3,0
"V",8,0,7,-13,4,0
"V",8,0,7,-15,2,0
"V",8,0,7,-2,207,75
"V",8,0,7,-3,147,26
"V",8,0,7,-4,128,11
"V",8,0,7,-5,89,7
"V",8,0,7,-6,75,2
"V",8,0,7,-7,44,1
"V",8,0,7,-8,28,0
"V",8,0,7,-9,12,0
"V",8,0,7,0,237,178
"V",8,0,7,1,222,196
"V",8,0,7,10,16,16
"V",8,0,7,11,7,7
"V",8,0,7,12,7,7
"V",8,0,7,13,3,3
"V",8,0,7,14,2,2
"V",8,0,7,15,2,2
"V",8,0,7,16,2,2
"V",8,0,7,2,194,180
"V",8,0,7,3,176,171
"V",8,0,7,4,139,138
"V",8,0,7,5,100,99
"V",8,0,7,6,76,76
"V",8,0,7,7,35,35
"V",8,0,7,8,32,32
"V",8,0,7,9,23,23
"V",8,0,8,-1,259,154
"V",8,0,8,-10,9,0
"V",8,0,8,-11,11,0
"V",8,0,8,-12,7,0
"V",8,0,8,-13,4,0
"V",8,0,8,-14,1,0
"V",8,0,8,-15,2,0
"V",8,0,8,-16,1,0
"V",8,0,8,-2,204,93
"V",8,0,8,-3,187,54
"V",8,0,8,-4,149,28
"V",8,0,8,-5,116,9
"V",8,0,8,-6,86,3
"V",8,0,8,-7,45,0
"V",8,0,8,-8,38,1
"V",8,0,8,-9,18,1
"V",8,0,8,0,284,221
"V",8,0,8,1,237,219
"V",8,0,8,10,13,13
"V",8,0,8,11,8,8
"V",8,0,8,12,10,10
"V",8,0,8,13,3,3
"V",8,0,8,14,2,2
"V",8,0,8,15,1,1
"V",8,0,8,16,1,1
"V",8,0,8,2,219,200
"V",8,0,8,3,194,190
"V",8,0,8,4,158,158
"V",8,0,8,5,126,125
"V",8,0,8,6,87,87
"V",8,0,8,7,53,52
"V",8,0,8,8,29,29
"V",8,0,8,9,30,30
"V",8,1,1,-1,12960,2212
"V",8,1,1,-10,670,0
"V",8,1,1,-11,382,0
"V",8,1,1,-12,244,0
"V",8,1,1,-13,156,0
"V",8,1,1,-14,87,0
"V",8,1,1,-15,69,0
"V",8,1,1,-16,32,0
"V",8,1,1,-17,8,0
"V",8,1,1,-18,7,0
"V",8,1,1,-19,6,0
"V",8,1,1,-2,11039,847
"V",8,1,1,-20,2,0
"V",8,1,1,-21,3,0
"V",8,1,1,-3,8821,309
"V",8,1,1,-4,6855,116
"V",8,1,1,-5,4874,35
"V",8,1,1,-6,3396,14
"V",8,1,1,-7,2317,1
"V",8,1,1,-8,1584,1
"V",8,1,1,-9,1051,1
"V",8,1,1,0,13685,5910
"V",8,1,1,1,12493,9092
"V",8,1,1,10,434,434
"V",8,1,1,11,310,310
"V",8,1,1,12,181,181
"V",8,1,1,13,111,111
"V",8,1,1,14,70,70
"V",8,1,1,15,36,36
"V",8,1,1,16,18,18
"V",8,1,1,17,13,13
"V",8,1,1,18,4,4
"V",8,1,1,19,5,5
"V",8,1,1,2,10192,8753
"V",8,1,1,20,6,6
"V",8,1,1,21,3,3
"V",8,1,1,22,2,2
"V",8,1,1,23,1,1
"V",8,1,1,24,1,1
"V",8,1,1,25,1,1
"V",8,1,1,3,7913,7372
"V",8,1,1,4,5780,5581
"V",8,1,1,5,4104,4021
"V",8,1,1,6,2796,2777
"V",8,1,1,7,1885,1877
"V",8,1,1,8,1149,1148
"V",8,1,1,9,703,702
"V",8,1,2,-1,5458,1229
"V",8,1,2,-10,314,0
"V",8,1,2,-11,203,0
"V",8,1,2,-12,101,0
"V",8,1,2,-13,68,0
"V",8,1,2,-14,46,0
"V",8,1,2,-15,28,0
"V",8,1,2,-16,22,0
"V",8,1,2,-17,8,0
"V",8,1,2,-18,4,0
"V",8,1,2,-19,4,0
"V",8,1,2,-2,4966,544
"V",8,1,2,-20,1,0
"V",8,1,2,-21,2,0
"V",8,1,2,-22,1,0
"V",8,1,2,-3,3847,223
"V",8,1,2,-4,3045,88
"V",8,1,2,-5,2198,23
"V",8,1,2,-6,1496,8
"V",8,1,2,-7,1008,2
"V",8,1,2,-8,729,2
"V",8,1,2,-9,456,0
"V",8,1,2,0,5660,2731
"V",8,1,2,1,5067,3838
"V",8,1,2,10,255,255
"V",8,1,2,11,153,152
"V",8,1,2,12,89,89
"V",8,1,2,13,54,54
"V",8,1,2,14,56,56
"V",8,1,2,15,18,18
"V",8,1,2,16,14,14
"V",8,1,2,17,9,9
"V",8,1,2,18,4,4
"V",8,1,2,19,7,7
"V",8,1,2,2,4309,3704
"V",8,1,2,20,2,2
"V",8,1,2,21,2,2
"V",8,1,2,3,3477,3269
"V",8,1,2,4,2601,2512
"V",8,1,2,5,1873,1840
"V",8,1,2,6,1336,1326
"V",8,1,2,7,956,953
"V",8,1,2,8,583,582
"V",8,1,2,9,360,359
"V",8,1,3,-1,2446,685
"V",8,1,3,-10,90,0
"V",8,1,3,-11,62,0
"V",8,1,3,-12,22,0
"V",8,1,3,-13,28,0
"V",8,1,3,-14,11,0
"V",8,1,3,-15,8,0
"V",8,1,3,-16,5,0
"V",8,1,3,-17,1,0
"V",8,1,3,-18,1,0
"V",8,1,3,-19,1,0
"V",8,1,3,-2,1440,204
"V",8,1,3,-20,1,0
"V",8,1,3,-3,1115,77
"V",8,1,3,-4,853,20
"V",8,1,3,-5,639,5
"V",8,1,3,-6,458,3
"V",8,1,3,-7,297,0
"V",8,1,3,-8,199,2
"V",8,1,3,-9,133,1
"V",8,1,3,0,3339,1778
"V",8,1,3,1,2950,2309
"V",8,1,3,10,102,102
"V",8,1,3,11,75,74
"V",8,1,3,12,56,56
"V",8,1,3,13,30,30
"V",8,1,3,14,14,14
"V",8,1,3,15,11,11
"V",8,1,3,16,1,1
"V",8,1,3,17,5,5
"V",8,1,3,19,2,2
"V",8,1,3,2,2560,2260
"V",8,1,3,20,2,2
"V",8,1,3,21,1,1
"V",8,1,3,22,1,1
"V",8,1,3,3,1928,1816
"V",8,1,3,4,1426,1392
"V",8,1,3,5,970,958
"V",8,1,3,6,592,588
"V",8,1,3,7,400,399
"V",8,1,3,8,256,255
"V",8,1,3,9,167,167
"V",8,1,4,-1,1736,545
"V",8,1,4,-10,91,0
"V",8,1,4,-11,84,0
"V",8,1,4,-12,30,0
"V",8,1,4,-13,25,0
"V",8,1,4,-14,9,0
"V",8,1,4,-15,6,0
"V",8,1,4,-16,7,0
"V",8,1,4,-17,5,0
"V",8,1,4,-18,3,0
"V",8,1,4,-19,3,0
"V",8,1,4,-2,1668,303
"V",8,1,4,-3,1413,144
"V",8,1,4,-4,1088,53
"V",8,1,4,-5,769,15
"V",8,1,4,-6,560,7
"V",8,1,4,-7,353,1
"V",8,1,4,-8,255,1
"V",8,1,4,-9,160,0
"V",8,1,4,0,2107,1190
"V",8,1,4,1,1962,1521
"V",8,1,4,10,125,125
"V",8,1,4,11,76,76
"V",8,1,4,12,50,50
"V",8,1,4,13,30,30
"V",8,1,4,14,22,22
"V",8,1,4,15,7,7
"V",8,1,4,16,5,5
"V",8,1,4,17,4,4
"V",8,1,4,18,2,2
"V",8,1,4,19,2,2
"V",8,1,4,2,1765,1564
"V",8,1,4,20,1,1
"V",8,1,4,21,1,1
"V",8,1,4,3,1323,1237
"V",8,1,4,4,1011,982
"V",8,1,4,5,753,747
"V",8,1,4,6,526,525
"V",8,1,4,7,404,402
"V",8,1,4,8,222,220
"V",8,1,4,9,157,157
"V",8,1,5,-1,704,242
"V",8,1,5,-10,21,0
"V",8,1,5,-11,12,0
"V",8,1,5,-12,10,0
"V",8,1,5,-13,8,0
"V",8,1,5,-14,3,0
"V",8,1,5,-15,3,0
"V",8,1,5,-2,441,72
"V",8,1,5,-3,328,17
"V",8,1,5,-4,238,2
"V",8,1,5,-5,210,1
"V",8,1,5,-6,127,1
"V",8,1,5,-7,89,0
"V",8,1,5,-8,57,0
"V",8,1,5,-9,38,0
"V",8,1,5,0,932,586
"V",8,1,5,1,947,750
"V",8,1,5,10,40,40
"V",8,1,5,11,27,27
"V",8,1,5,12,16,16
"V",8,1,5,13,20,20
"V",8,1,5,14,3,3
"V",8,1,5,15,3,3
"V",8,1,5,17,1,1
"V",8,1,5,18,1,1
"V",8,1,5,2,837,752
"V",8,1,5,20,1,1
"V",8,1,5,3,715,682
"V",8,1,5,4,501,486
"V",8,1,5,5,328,324
"V",8,1,5,6,225,222
"V",8,1,5,7,149,148
"V",8,1,5,8,105,105
"V",8,1,5,9,67,67
"V",8,1,6,-1,901,349
"V",8,1,6,-10,38,1
"V",8,1,6,-11,28,0
"V",8,1,6,-12,11,0
"V",8,1,6,-13,10,0
"V",8,1,6,-14,6,0
"V",8,1,6,-15,2,0
"V",8,1,6,-16,2,0
"V",8,1,6,-17,2,0
"V",8,1,6,-18,1,0
"V",8,1,6,-2,620,126
"V",8,1,6,-3,484,54
"V",8,1,6,-4,405,17
"V",8,1,6,-5,308,7
"V",8,1,6,-6,185,0
"V",8,1,6,-7,126,1
"V",8,1,6,-8,78,1
"V",8,1,6,-9,53,0
"V",8,1,6,0,1029,642
"V",8,1,6,1,983,810
"V",8,1,6,10,51,51
"V",8,1,6,11,28,28
"V",8,1,6,12,28,28
"V",8,1,6,13,9,9
"V",8,1,6,14,5,5
"V",8,1,6,15,2,2
"V",8,1,6,16,1,1
"V",8,1,6,17,3,3
"V",8,1,6,18,4,4
"V",8,1,6,2,850,782
"V",8,1,6,20,2,2
"V",8,1,6,22,2,2
"V",8,1,6,3,688,651
"V",8,1,6,4,501,489
"V",8,1,6,5,355,350
"V",8,1,6,6,297,296
"V",8,1,6,7,164,163
"V",8,1,6,8,121,121
"V",8,1,6,9,69,69
"V",8,1,7,-1,689,321
"V",8,1,7,-10,24,0
"V",8,1,7,-11,18,0
"V",8,1,7,-12,11,0
"V",8,1,7,-13,3,0
"V",8,1,7,-14,6,0
"V",8,1,7,-15,4,0
"V",8,1,7,-16,2,0
"V",8,1,7,-2,529,136
"V",8,1,7,-3,310,41
"V",8,1,7,-4,268,24
"V",8,1,7,-5,189,7
"V",8,1,7,-6,132,3
"V",8,1,7,-7,100,0
"V",8,1,7,-8,60,1
"V",8,1,7,-9,47,0
"V",8,1,7,0,730,496
"V",8,1,7,1,745,614
"V",8,1,7,10,33,33
"V",8,1,7,11,25,25
"V",8,1,7,12,18,18
"V",8,1,7,13,11,11
"V",8,1,7,14,1,1
"V",8,1,7,15,6,6
"V",8,1,7,16,2,2
"V",8,1,7,17,2,2
"V",8,1,7,2,674,622
"V",8,1,7,21,1,1
"V",8,1,7,3,546,527
"V",8,1,7,4,433,425
"V",8,1,7,5,292,291
"V",8,1,7,6,202,201
"V",8,1,7,7,143,143
"V",8,1,7,8,88,88
"V",8,1,7,9,39,39
"V",8,1,8,-1,670,308
"V",8,1,8,-10,20,0
"V",8,1,8,-11,19,0
"V",8,1,8,-12,6,0
"V",8,1,8,-13,8,0
"V",8,1,8,-14,5,0
"V",8,1,8,-15,2,0
"V",8,1,8,-16,2,0
"V",8,1,8,-17,3,0
"V",8,1,8,-18,2,0
"V",8,1,8,-2,409,118
"V",8,1,8,-3,367,75
"V",8,1,8,-4,268,31
"V",8,1,8,-5,200,10
"V",8,1,8,-6,160,4
"V",8,1,8,-7,98,0
"V",8,1,8,-8,69,1
"V",8,1,8,-9,36,0
"V",8,1,8,0,892,623
"V",8,1,8,1,803,666
"V",8,1,8,10,47,47
"V",8,1,8,11,25,25
"V",8,1,8,12,21,21
"V",8,1,8,13,9,9
"V",8,1,8,14,7,7
"V",8,1,8,15,5,5
"V",8,1,8,18,1,1
"V",8,1,8,2,720,658
"V",8,1,8,20,1,1
"V",8,1,8,3,541,518
"V",8,1,8,4,454,442
"V",8,1,8,5,318,316
"V",8,1,8,6,199,199
"V",8,1,8,7,134,133
"V",8,1,8,8,68,68
"V",8,1,8,9,50,50
"V",8,2,1,-1,9989,1334
"V",8,2,1,-10,471,0
"V",8,2,1,-11,261,0
"V",8,2,1,-12,194,0
"V",8,2,1,-13,102,0
"V",8,2,1,-14,62,0
"V",8,2,1,-15,46,0
"V",8,2,1,-16,24,0
"V",8,2,1,-17,4,0
"V",8,2,1,-18,6,0
"V",8,2,1,-19,4,0
"V",8,2,1,-2,8394,472
"V",8,2,1,-20,2,0
"V",8,2,1,-21,2,0
"V",8,2,1,-23,1,0
"V",8,2,1,-3,6763,147
"V",8,2,1,-4,5163,58
"V",8,2,1,-5,3633,20
"V",8,2,1,-6,2544,7
"V",8,2,1,-7,1765,0
"V",8,2,1,-8,1190,0
"V",8,2,1,-9,769,0
"V",8,2,1,0,10411,4085
"V",8,2,1,1,9886,7035
"V",8,2,1,10,371,371
"V",8,2,1,11,304,304
"V",8,2,1,12,160,160
"V",8,2,1,13,98,98
"V",8,2,1,14,64,64
"V",8,2,1,15,36,36
"V",8,2,1,16,13,13
"V",8,2,1,17,10,10
"V",8,2,1,18,2,2
"V",8,2,1,19,6,6
"V",8,2,1,2,8102,6898
"V",8,2,1,20,3,3
"V",8,2,1,21,3,3
"V",8,2,1,22,1,1
"V",8,2,1,23,1,1
"V",8,2,1,24,1,1
"V",8,2,1,25,1,1
"V",8,2,1,3,6408,5915
"V",8,2,1,4,4718,4544
"V",8,2,1,5,3358,3287
"V",8,2,1,6,2361,2346
"V",8,2,1,7,1553,1542
"V",8,2,1,8,985,983
"V",8,2,1,9,632,632
"V",8,2,2,-1,5609,942
"V",8,2,2,-10,307,0
"V",8,2,2,-11,160,0
"V",8,2,2,-12,118,0
"V",8,2,2,-13,68,0
"V",8,2,2,-14,41,0
"V",8,2,2,-15,32,0
"V",8,2,2,-16,17,0
"V",8,2,2,-17,5,0
"V",8,2,2,-18,1,0
"V",8,2,2,-19,3,0
"V",8,2,2,-2,4829,361
"V",8,2,2,-20,1,0
"V",8,2,2,-22,1,0
"V",8,2,2,-23,1,0
"V",8,2,2,-3,3866,109
"V",8,2,2,-4,3057,49
"V",8,2,2,-5,2113,12
"V",8,2,2,-6,1444,7
"V",8,2,2,-7,994,0
"V",8,2,2,-8,703,1
"V",8,2,2,-9,468,0
"V",8,2,2,0,5579,2302
"V",8,2,2,1,5100,3741
"V",8,2,2,10,275,275
"V",8,2,2,11,193,193
"V",8,2,2,12,116,116
"V",8,2,2,13,62,62
"V",8,2,2,14,57,57
"V",8,2,2,15,28,28
"V",8,2,2,16,13,13
"V",8,2,2,17,7,7
"V",8,2,2,18,7,7
"V",8,2,2,19,6,6
"V",8,2,2,2,4342,3689
"V",8,2,2,20,2,2
"V",8,2,2,21,2,2
"V",8,2,2,23,1,1
"V",8,2,2,3,3508,3246
"V",8,2,2,4,2766,2659
"V",8,2,2,5,2002,1965
"V",8,2,2,6,1525,1513
"V",8,2,2,7,1037,1034
"V",8,2,2,8,702,702
"V",8,2,2,9,466,465
"V",8,2,3,-1,2746,553
"V",8,2,3,-10,108,0
"V",8,2,3,-11,72,0
"V",8,2,3,-12,38,0
"V",8,2,3,-13,27,0
"V",8,2,3,-14,9,0
"V",8,2,3,-15,8,0
"V",8,2,3,-16,5,0
"V",8,2,3,-17,1,0
"V",8,2,3,-18,1,0
"V",8,2,3,-2,1829,156
"V",8,2,3,-20,1,0
"V",8,2,3,-21,1,0
"V",8,2,3,-3,1422,59
"V",8,2,3,-4,1069,18
"V",8,2,3,-5,789,7
"V",8,2,3,-6,556,2
"V",8,2,3,-7,392,0
"V",8,2,3,-8,252,0
"V",8,2,3,-9,161,0
"V",8,2,3,0,3330,1507
"V",8,2,3,1,3232,2416
"V",8,2,3,10,153,153
"V",8,2,3,11,96,95
"V",8,2,3,12,75,75
"V",8,2,3,13,36,36
"V",8,2,3,14,22,22
"V",8,2,3,15,14,14
"V",8,2,3,16,7,7
"V",8,2,3,17,5,5
"V",8,2,3,19,4,4
"V",8,2,3,2,2807,2408
"V",8,2,3,20,2,2
"V",8,2,3,21,1,1
"V",8,2,3,23,1,1
"V",8,2,3,3,2266,2118
"V",8,2,3,4,1850,1793
"V",8,2,3,5,1287,1267
"V",8,2,3,6,811,802
"V",8,2,3,7,630,629
"V",8,2,3,8,411,411
"V",8,2,3,9,266,266
"V",8,2,4,-1,2232,476
"V",8,2,4,-10,127,0
"V",8,2,4,-11,96,0
"V",8,2,4,-12,42,0
"V",8,2,4,-13,26,0
"V",8,2,4,-14,12,0
"V",8,2,4,-15,11,0
"V",8,2,4,-16,3,0
"V",8,2,4,-17,3,0
"V",8,2,4,-19,2,0
"V",8,2,4,-2,1967,213
"V",8,2,4,-23,1,0
"V",8,2,4,-3,1603,76
"V",8,2,4,-4,1179,33
"V",8,2,4,-5,855,10
"V",8,2,4,-6,624,4
"V",8,2,4,-7,388,0
"V",8,2,4,-8,300,0
"V",8,2,4,-9,199,0
"V",8,2,4,0,2844,1296
"V",8,2,4,1,2611,1943
"V",8,2,4,10,144,144
"V",8,2,4,11,102,102
"V",8,2,4,12,58,58
"V",8,2,4,13,32,32
"V",8,2,4,14,22,22
"V",8,2,4,15,26,26
"V",8,2,4,16,12,12
"V",8,2,4,17,3,3
"V",8,2,4,18,1,1
"V",8,2,4,2,2403,2068
"V",8,2,4,20,2,2
"V",8,2,4,21,1,1
"V",8,2,4,22,1,1
"V",8,2,4,23,1,1
"V",8,2,4,3,1843,1708
"V",8,2,4,4,1419,1362
"V",8,2,4,5,1029,1013
"V",8,2,4,6,745,742
"V",8,2,4,7,553,553
"V",8,2,4,8,368,367
"V",8,2,4,9,218,218
"V",8,2,5,-1,1067,208
"V",8,2,5,-10,36,0
"V",8,2,5,-11,30,0
"V",8,2,5,-12,18,0
"V",8,2,5,-13,15,0
"V",8,2,5,-14,10,0
"V",8,2,5,-15,6,0
"V",8,2,5,-16,3,0
"V",8,2,5,-19,1,0
"V",8,2,5,-2,703,63
"V",8,2,5,-3,539,17
"V",8,2,5,-4,439,8
"V",8,2,5,-5,321,0
"V",8,2,5,-6,223,1
"V",8,2,5,-7,154,0
"V",8,2,5,-8,98,0
"V",8,2,5,-9,55,0
"V",8,2,5,0,1264,608
"V",8,2,5,1,1165,891
"V",8,2,5,10,66,66
"V",8,2,5,11,50,50
"V",8,2,5,12,27,27
"V",8,2,5,13,22,22
"V",8,2,5,14,10,10
"V",8,2,5,15,9,9
"V",8,2,5,16,3,3
"V",8,2,5,17,1,1
"V",8,2,5,2,1084,930
"V",8,2,5,22,2,2
"V",8,2,5,3,973,906
"V",8,2,5,4,748,724
"V",8,2,5,5,521,515
"V",8,2,5,6,375,373
"V",8,2,5,7,258,257
"V",8,2,5,8,160,159
"V",8,2,5,9,102,102
"V",8,2,6,-1,1101,259
"V",8,2,6,-10,53,0
"V",8,2,6,-11,27,0
"V",8,2,6,-12,16,0
"V",8,2,6,-13,8,0
"V",8,2,6,-14,4,0
"V",8,2,6,-15,2,0
"V",8,2,6,-16,5,0
"V",8,2,6,-17,1,0
"V",8,2,6,-19,1,0
"V",8,2,6,-2,837,99
"V",8,2,6,-22,1,0
"V",8,2,6,-3,689,31
"V",8,2,6,-4,491,11
"V",8,2,6,-5,360,3
"V",8,2,6,-6,238,0
"V",8,2,6,-7,150,0
"V",8,2,6,-8,91,0
"V",8,2,6,-9,63,0
"V",8,2,6,0,1381,670
"V",8,2,6,1,1259,955
"V",8,2,6,10,72,72
"V",8,2,6,11,45,45
"V",8,2,6,12,33,33
"V",8,2,6,13,24,24
"V",8,2,6,14,12,12
"V",8,2,6,15,4,4
"V",8,2,6,16,7,7
"V",8,2,6,17,6,6
"V",8,2,6,19,2,2
"V",8,2,6,2,1088,964
"V",8,2,6,22,1,1
"V",8,2,6,3,951,881
"V",8,2,6,4,699,678
"V",8,2,6,5,526,510
"V",8,2,6,6,384,382
"V",8,2,6,7,277,277
"V",8,2,6,8,188,188
"V",8,2,6,9,119,119
"V",8,2,7,-1,615,167
"V",8,2,7,-10,27,0
"V",8,2,7,-11,11,0
"V",8,2,7,-12,8,0
"V",8,2,7,-13,3,0
"V",8,2,7,-14,9,0
"V",8,2,7,-15,2,0
"V",8,2,7,-16,4,0
"V",8,2,7,-17,1,0
"V",8,2,7,-18,2,0
"V",8,2,7,-2,563,73
"V",8,2,7,-3,381,28
"V",8,2,7,-4,284,12
"V",8,2,7,-5,237,1
"V",8,2,7,-6,158,1
"V",8,2,7,-7,113,0
"V",8,2,7,-8,57,0
"V",8,2,7,-9,50,0
"V",8,2,7,0,697,372
"V",8,2,7,1,820,619
"V",8,2,7,10,37,37
"V",8,2,7,11,25,25
"V",8,2,7,12,24,24
"V",8,2,7,13,18,18
"V",8,2,7,14,6,6
"V",8,2,7,15,2,2
"V",8,2,7,16,1,1
"V",8,2,7,17,1,1
"V",8,2,7,18,2,2
"V",8,2,7,19,2,2
"V",8,2,7,2,700,623
"V",8,2,7,3,596,564
"V",8,2,7,4,458,446
"V",8,2,7,5,354,350
"V",8,2,7,6,276,275
"V",8,2,7,7,179,177
"V",8,2,7,8,130,130
"V",8,2,7,9,75,75
"V",8,2,8,-1,784,213
"V",8,2,8,-10,22,0
"V",8,2,8,-11,17,0
"V",8,2,8,-12,7,0
"V",8,2,8,-13,3,0
"V",8,2,8,-14,1,0
"V",8,2,8,-16,1,0
"V",8,2,8,-17,2,0
"V",8,2,8,-18,1,0
"V",8,2,8,-19,2,0
"V",8,2,8,-2,544,89
"V",8,2,8,-3,410,36
"V",8,2,8,-4,294,11
"V",8,2,8,-5,218,4
"V",8,2,8,-6,157,1
"V",8,2,8,-7,107,0
"V",8,2,8,-8,60,0
"V",8,2,8,-9,46,0
"V",8,2,8,0,1009,547
"V",8,2,8,1,983,757
"V",8,2,8,10,52,52
"V",8,2,8,11,23,23
"V",8,2,8,12,24,24
"V",8,2,8,13,24,24
"V",8,2,8,14,8,8
"V",8,2,8,15,8,8
"V",8,2,8,16,6,6
"V",8,2,8,17,1,1
"V",8,2,8,2,877,779
"V",8,2,8,3,686,646
"V",8,2,8,4,522,504
"V",8,2,8,5,366,357
"V",8,2,8,6,236,234
"V",8,2,8,7,192,192
"V",8,2,8,8,127,127
"V",8,2,8,9,80,80
"V",9,0,1,-1,17040,2312
"V",9,0,1,-10,1228,0
"V",9,0,1,-11,777,0
"V",9,0,1,-12,534,0
"V",9,0,1,-13,307,0
"V",9,0,1,-14,175,0
"V",9,0,1,-15,106,0
"V",9,0,1,-16,72,0
"V",9,0,1,-17,34,0
"V",9,0,1,-18,24,0
"V",9,0,1,-19,17,0
"V",9,0,1,-2,15116,853
"V",9,0,1,-20,7,0
"V",9,0,1,-21,6,0
"V",9,0,1,-22,3,0
"V",9,0,1,-25,1,0
"V",9,0,1,-26,1,0
"V",9,0,1,-3,12678,283
"V",9,0,1,-4,10110,106
"V",9,0,1,-5,7598,28
"V",9,0,1,-6,5419,13
"V",9,0,1,-7,3725,1
"V",9,0,1,-8,2662,2
"V",9,0,1,-9,1870,0
"V",9,0,1,0,17159,8163
"V",9,0,1,1,16480,13996
"V",9,0,1,10,799,799
"V",9,0,1,11,506,506
"V",9,0,1,12,315,315
"V",9,0,1,13,193,193
"V",9,0,1,14,131,131
"V",9,0,1,15,57,57
"V",9,0,1,16,41,41
"V",9,0,1,17,23,23
"V",9,0,1,18,11,11
"V",9,0,1,19,11,11
"V",9,0,1,2,13760,12818
"V",9,0,1,20,2,2
"V",9,0,1,21,4,4
"V",9,0,1,22,3,3
"V",9,0,1,23,3,3
"V",9,0,1,25,1,1
"V",9,0,1,3,11037,10714
"V",9,0,1,4,8369,8262
"V",9,0,1,5,5985,5948
"V",9,0,1,6,4295,4286
"V",9,0,1,7,2944,2942
"V",9,0,1,8,1884,1884
"V",9,0,1,9,1243,1243
"V",9,0,2,-1,4370,1073
"V",9,0,2,-10,331,0
"V",9,0,2,-11,180,0
"V",9,0,2,-12,138,0
"V",9,0,2,-13,79,0
"V",9,0,2,-14,38,0
"V",9,0,2,-15,26,0
"V",9,0,2,-16,19,0
"V",9,0,2,-17,3,0
"V",9,0,2,-18,5,0
"V",9,0,2,-19,5,0
"V",9,0,2,-2,3853,462
"V",9,0,2,-20,5,0
"V",9,0,2,-21,2,0
"V",9,0,2,-22,1,0
"V",9,0,2,-26,1,0
"V",9,0,2,-3,3107,159
"V",9,0,2,-4,2554,70
"V",9,0,2,-5,1985,17
"V",9,0,2,-6,1421,10
"V",9,0,2,-7,939,1
"V",9,0,2,-8,669,2
"V",9,0,2,-9,488,0
"V",9,0,2,0,4645,2619
"V",9,0,2,1,4247,3683
"V",9,0,2,10,252,252
"V",9,0,2,11,156,156
"V",9,0,2,12,96,96
"V",9,0,2,13,54,54
"V",9,0,2,14,29,29
"V",9,0,2,15,15,15
"V",9,0,2,16,15,15
"V",9,0,2,17,6,6
"V",9,0,2,18,1,1
"V",9,0,2,19,6,6
"V",9,0,2,2,3458,3259
"V",9,0,2,21,2,2
"V",9,0,2,22,1,1
"V",9,0,2,3,2923,2844
"V",9,0,2,4,2234,2215
"V",9,0,2,5,1681,1670
"V",9,0,2,6,1168,1166
"V",9,0,2,7,805,805
"V",9,0,2,8,506,506
"V",9,0,2,9,312,312
"V",9,0,3,-1,905,288
"V",9,0,3,-10,69,0
"V",9,0,3,-11,56,0
"V",9,0,3,-12,27,0
"V",9,0,3,-13,21,0
"V",9,0,3,-14,14,0
"V",9,0,3,-15,11,0
"V",9,0,3,-16,4,0
"V",9,0,3,-17,2,0
"V",9,0,3,-18,1,0
"V",9,0,3,-19,1,0
"V",9,0,3,-2,842,121
"V",9,0,3,-21,1,0
"V",9,0,3,-3,729,49
"V",9,0,3,-4,611,13
"V",9,0,3,-5,443,4
"V",9,0,3,-6,316,1
"V",9,0,3,-7,230,0
"V",9,0,3,-8,173,0
"V",9,0,3,-9,124,0
"V",9,0,3,0,1026,669
"V",9,0,3,1,1073,956
"V",9,0,3,10,47,47
"V",9,0,3,11,51,51
"V",9,0,3,12,26,26
"V",9,0,3,13,25,25
"V",9,0,3,14,12,12
"V",9,0,3,15,9,9
"V",9,0,3,16,2,2
"V",9,0,3,17,2,2
"V",9,0,3,18,2,2
"V",9,0,3,19,1,1
"V",9,0,3,2,983,945
"V",9,0,3,3,811,796
"V",9,0,3,4,659,655
"V",9,0,3,5,440,438
"V",9,0,3,6,309,308
"V",9,0,3,7,235,235
"V",9,0,3,8,145,145
"V",9,0,3,9,102,102
"V",9,0,4,-1,844,366
"V",9,0,4,-10,84,0
"V",9,0,4,-11,45,0
"V",9,0,4,-12,39,0
"V",9,0,4,-13,20,0
"V",9,0,4,-14,10,0
"V",9,0,4,-15,6,0
"V",9,0,4,-16,3,0
"V",9,0,4,-17,2,0
"V",9,0,4,-19,1,0
"V",9,0,4,-2,950,216
"V",9,0,4,-20,2,0
"V",9,0,4,-22,1,0
"V",9,0,4,-3,775,93
"V",9,0,4,-4,618,40
"V",9,0,4,-5,489,16
"V",9,0,4,-6,353,9
"V",9,0,4,-7,239,1
"V",9,0,4,-8,165,1
"V",9,0,4,-9,115,0
"V",9,0,4,0,732,498
"V",9,0,4,1,750,679
"V",9,0,4,10,77,77
"V",9,0,4,11,48,48
"V",9,0,4,12,24,24
"V",9,0,4,13,19,19
"V",9,0,4,14,9,9
"V",9,0,4,15,5,5
"V",9,0,4,16,3,3
"V",9,0,4,17,2,2
"V",9,0,4,19,1,1
"V",9,0,4,2,662,639
"V",9,0,4,21,1,1
"V",9,0,4,3,612,600
"V",9,0,4,4,505,502
"V",9,0,4,5,425,422
"V",9,0,4,6,289,288
"V",9,0,4,7,208,208
"V",9,0,4,8,145,145
"V",9,0,4,9,89,89
"V",9,0,5,-1,177,67
"V",9,0,5,-10,10,0
"V",9,0,5,-11,19,0
"V",9,0,5,-12,2,0
"V",9,0,5,-13,4,0
"V",9,0,5,-14,10,0
"V",9,0,5,-15,1,0
"V",9,0,5,-16,3,0
"V",9,0,5,-2,142,17
"V",9,0,5,-22,1,0
"V",9,0,5,-3,125,7
"V",9,0,5,-4,103,1
"V",9,0,5,-5,77,1
"V",9,0,5,-6,65,0
"V",9,0,5,-7,44,0
"V",9,0,5,-8,39,0
"V",9,0,5,-9,19,0
"V",9,0,5,0,238,181
"V",9,0,5,1,230,213
"V",9,0,5,10,14,14
"V",9,0,5,11,8,8
"V",9,0,5,12,6,6
"V",9,0,5,13,5,5
"V",9,0,5,14,5,5
"V",9,0,5,15,4,4
"V",9,0,5,17,1,1
"V",9,0,5,2,242,235
"V",9,0,5,3,167,164
"V",9,0,5,4,152,149
"V",9,0,5,5,107,107
"V",9,0,5,6,91,90
"V",9,0,5,7,57,57
"V",9,0,5,8,29,29
"V",9,0,5,9,24,24
"V",9,0,6,-1,389,202
"V",9,0,6,-10,19,0
"V",9,0,6,-11,20,0
"V",9,0,6,-12,8,0
"V",9,0,6,-13,6,0
"V",9,0,6,-14,4,0
"V",9,0,6,-15,4,0
"V",9,0,6,-16,2,0
"V",9,0,6,-19,1,0
"V",9,0,6,-2,312,68
"V",9,0,6,-3,206,15
"V",9,0,6,-4,161,16
"V",9,0,6,-5,146,2
"V",9,0,6,-6,90,0
"V",9,0,6,-7,69,1
"V",9,0,6,-8,51,1
"V",9,0,6,-9,38,0
"V",9,0,6,0,349,278
"V",9,0,6,1,383,345
"V",9,0,6,10,21,21
"V",9,0,6,11,10,10
"V",9,0,6,12,10,10
"V",9,0,6,13,10,10
"V",9,0,6,15,5,5
"V",9,0,6,16,1,1
"V",9,0,6,2,301,292
"V",9,0,6,3,270,265
"V",9,0,6,4,216,215
"V",9,0,6,5,156,156
"V",9,0,6,6,122,122
"V",9,0,6,7,95,95
"V",9,0,6,8,44,44
"V",9,0,6,9,25,25
"V",9,0,7,-1,180,101
"V",9,0,7,-10,25,0
"V",9,0,7,-11,10,0
"V",9,0,7,-12,3,0
"V",9,0,7,-13,2,0
"V",9,0,7,-14,1,0
"V",9,0,7,-15,2,0
"V",9,0,7,-2,173,44
"V",9,0,7,-21,1,0
"V",9,0,7,-26,1,0
"V",9,0,7,-3,162,18
"V",9,0,7,-4,119,5
"V",9,0,7,-5,95,1
"V",9,0,7,-6,66,1
"V",9,0,7,-7,53,0
"V",9,0,7,-8,34,0
"V",9,0,7,-9,26,0
"V",9,0,7,0,168,130
"V",9,0,7,1,185,170
"V",9,0,7,10,18,18
"V",9,0,7,11,9,9
"V",9,0,7,12,9,9
"V",9,0,7,14,3,3
"V",9,0,7,15,3,3
"V",9,0,7,16,2,2
"V",9,0,7,17,3,3
"V",9,0,7,2,182,174
"V",9,0,7,23,1,1
"V",9,0,7,3,153,151
"V",9,0,7,4,118,118
"V",9,0,7,5,101,100
"V",9,0,7,6,93,93
"V",9,0,7,7,54,54
"V",9,0,7,8,44,44
"V",9,0,7,9,27,27
"V",9,0,8,-1,210,130
"V",9,0,8,-10,24,0
"V",9,0,8,-11,11,0
"V",9,0,8,-12,11,0
"V",9,0,8,-13,6,0
"V",9,0,8,-14,2,0
"V",9,0,8,-15,1,0
"V",9,0,8,-16,1,0
"V",9,0,8,-2,190,67
"V",9,0,8,-3,176,43
"V",9,0,8,-4,121,19
"V",9,0,8,-5,104,4
"V",9,0,8,-6,71,4
"V",9,0,8,-7,58,2
"V",9,0,8,-8,26,1
"V",9,0,8,-9,24,0
"V",9,0,8,0,247,205
"V",9,0,8,1,230,217
"V",9,0,8,10,15,15
"V",9,0,8,11,13,13
"V",9,0,8,12,6,6
"V",9,0,8,13,8,8
"V",9,0,8,14,4,4
"V",9,0,8,15,5,5
"V",9,0,8,16,2,2
"V",9,0,8,17,1,1
"V",9,0,8,2,187,182
"V",9,0,8,21,1,1
"V",9,0,8,3,182,180
"V",9,0,8,4,150,149
"V",9,0,8,5,96,96
"V",9,0,8,6,76,76
"V",9,0,8,7,52,52
"V",9,0,8,8,38,38
"V",9,0,8,9,23,23
"V",9,1,1,-1,12157,895
"V",9,1,1,-10,844,0
"V",9,1,1,-11,543,0
"V",9,1,1,-12,364,0
"V",9,1,1,-13,212,0
"V",9,1,1,-14,118,0
"V",9,1,1,-15,67,0
"V",9,1,1,-16,52,0
"V",9,1,1,-17,30,0
"V",9,1,1,-18,19,0
"V",9,1,1,-19,10,0
"V",9,1,1,-2,10692,261
"V",9,1,1,-20,2,0
"V",9,1,1,-21,3,0
"V",9,1,1,-22,1,0
"V",9,1,1,-25,1,0
"V",9,1,1,-3,9035,70
"V",9,1,1,-4,7111,21
"V",9,1,1,-5,5260,4
"V",9,1,1,-6,3701,2
"V",9,1,1,-7,2591,0
"V",9,1,1,-8,1844,0
"V",9,1,1,-9,1267,0
"V",9,1,1,0,11946,4987
"V",9,1,1,1,11786,9848
"V",9,1,1,10,583,583
"V",9,1,1,11,366,366
"V",9,1,1,12,240,240
"V",9,1,1,13,137,137
"V",9,1,1,14,105,105
"V",9,1,1,15,46,46
"V",9,1,1,16,32,32
"V",9,1,1,17,19,19
"V",9,1,1,18,13,13
"V",9,1,1,19,7,7
"V",9,1,1,2,10044,9291
"V",9,1,1,20,2,2
"V",9,1,1,21,2,2
"V",9,1,1,22,2,2
"V",9,1,1,23,3,3
"V",9,1,1,25,1,1
"V",9,1,1,3,7982,7736
"V",9,1,1,4,6063,5972
"V",9,1,1,5,4297,4268
"V",9,1,1,6,3065,3058
"V",9,1,1,7,2130,2126
"V",9,1,1,8,1406,1406
"V",9,1,1,9,941,941
"V",9,1,2,-1,5060,750
"V",9,1,2,-10,376,0
"V",9,1,2,-11,233,0
"V",9,1,2,-12,184,0
"V",9,1,2,-13,87,0
"V",9,1,2,-14,39,0
"V",9,1,2,-15,30,0
"V",9,1,2,-16,28,0
"V",9,1,2,-17,7,0
"V",9,1,2,-18,8,0
"V",9,1,2,-19,5,0
"V",9,1,2,-2,4683,305
"V",9,1,2,-20,4,0
"V",9,1,2,-21,1,0
"V",9,1,2,-25,1,0
"V",9,1,2,-3,3928,99
"V",9,1,2,-4,3144,36
"V",9,1,2,-5,2362,5
"V",9,1,2,-6,1672,1
"V",9,1,2,-7,1108,0
"V",9,1,2,-8,802,0
"V",9,1,2,-9,561,0
"V",9,1,2,0,4884,2386
"V",9,1,2,1,4614,3883
"V",9,1,2,10,312,312
"V",9,1,2,11,187,187
"V",9,1,2,12,131,131
"V",9,1,2,13,77,77
"V",9,1,2,14,40,40
"V",9,1,2,15,26,26
"V",9,1,2,16,17,17
"V",9,1,2,17,7,7
"V",9,1,2,18,5,5
"V",9,1,2,19,7,7
"V",9,1,2,2,4019,3762
"V",9,1,2,20,2,2
"V",9,1,2,21,1,1
"V",9,1,2,22,1,1
"V",9,1,2,25,1,1
"V",9,1,2,3,3494,3371
"V",9,1,2,4,2624,2601
"V",9,1,2,5,2024,2002
"V",9,1,2,6,1481,1479
"V",9,1,2,7,1021,1020
"V",9,1,2,8,707,707
"V",9,1,2,9,436,436
"V",9,1,3,-1,1918,376
"V",9,1,3,-10,119,0
"V",9,1,3,-11,85,0
"V",9,1,3,-12,43,0
"V",9,1,3,-13,27,0
"V",9,1,3,-14,16,0
"V",9,1,3,-15,11,0
"V",9,1,3,-16,7,0
"V",9,1,3,-17,4,0
"V",9,1,3,-18,5,0
"V",9,1,3,-19,1,0
"V",9,1,3,-2,1354,104
"V",9,1,3,-21,1,0
"V",9,1,3,-3,1244,29
"V",9,1,3,-4,1004,8
"V",9,1,3,-5,755,1
"V",9,1,3,-6,503,1
"V",9,1,3,-7,389,0
"V",9,1,3,-8,285,0
"V",9,1,3,-9,181,0
"V",9,1,3,0,3149,1784
"V",9,1,3,1,2878,2488
"V",9,1,3,10,114,114
"V",9,1,3,11,71,71
"V",9,1,3,12,53,53
"V",9,1,3,13,40,40
"V",9,1,3,14,21,21
"V",9,1,3,15,10,10
"V",9,1,3,16,8,8
"V",9,1,3,17,6,6
"V",9,1,3,18,5,5
"V",9,1,3,19,3,3
"V",9,1,3,2,2432,2280
"V",9,1,3,3,1993,1947
"V",9,1,3,4,1426,1405
"V",9,1,3,5,944,934
"V",9,1,3,6,657,655
"V",9,1,3,7,456,456
"V",9,1,3,8,283,283
"V",9,1,3,9,205,205
"V",9,1,4,-1,1568,437
"V",9,1,4,-10,145,0
"V",9,1,4,-11,100,0
"V",9,1,4,-12,56,0
"V",9,1,4,-13,31,0
"V",9,1,4,-14,16,0
"V",9,1,4,-15,16,0
"V",9,1,4,-16,6,0
"V",9,1,4,-17,6,0
"V",9,1,4,-18,1,0
"V",9,1,4,-19,2,0
"V",9,1,4,-2,1602,228
"V",9,1,4,-20,2,0
"V",9,1,4,-24,1,0
"V",9,1,4,-25,1,0
"V",9,1,4,-3,1339,86
"V",9,1,4,-4,1066,35
"V",9,1,4,-5,805,8
"V",9,1,4,-6,609,1
"V",9,1,4,-7,415,0
"V",9,1,4,-8,316,0
"V",9,1,4,-9,202,0
"V",9,1,4,0,2082,1229
"V",9,1,4,1,1884,1649
"V",9,1,4,10,148,148
"V",9,1,4,11,85,85
"V",9,1,4,12,53,53
"V",9,1,4,13,37,37
"V",9,1,4,14,22,22
"V",9,1,4,15,13,13
"V",9,1,4,16,11,11
"V",9,1,4,17,3,3
"V",9,1,4,18,3,3
"V",9,1,4,19,2,2
"V",9,1,4,2,1564,1476
"V",9,1,4,20,1,1
"V",9,1,4,21,1,1
"V",9,1,4,22,1,1
"V",9,1,4,3,1317,1279
"V",9,1,4,4,1001,994
"V",9,1,4,5,825,814
"V",9,1,4,6,574,573
"V",9,1,4,7,428,428
"V",9,1,4,8,305,305
"V",9,1,4,9,188,188
"V",9,1,5,-1,572,156
"V",9,1,5,-10,34,0
"V",9,1,5,-11,31,0
"V",9,1,5,-12,12,0
"V",9,1,5,-13,19,0
"V",9,1,5,-14,7,0
"V",9,1,5,-15,3,0
"V",9,1,5,-16,3,0
"V",9,1,5,-17,1,0
"V",9,1,5,-18,2,0
"V",9,1,5,-2,363,30
"V",9,1,5,-22,1,0
"V",9,1,5,-3,319,13
"V",9,1,5,-4,311,0
"V",9,1,5,-5,198,1
"V",9,1,5,-6,149,0
"V",9,1,5,-7,118,0
"V",9,1,5,-8,81,0
"V",9,1,5,-9,60,0
"V",9,1,5,0,786,501
"V",9,1,5,1,843,755
"V",9,1,5,10,38,38
"V",9,1,5,11,32,32
"V",9,1,5,12,29,29
"V",9,1,5,13,9,9
"V",9,1,5,14,3,3
"V",9,1,5,15,2,2
"V",9,1,5,17,2,2
"V",9,1,5,18,2,2
"V",9,1,5,19,1,1
"V",9,1,5,2,810,773
"V",9,1,5,3,590,579
"V",9,1,5,4,528,522
"V",9,1,5,5,344,344
"V",9,1,5,6,245,242
"V",9,1,5,7,158,158
"V",9,1,5,8,112,112
"V",9,1,5,9,86,86
"V",9,1,6,-1,752,264
"V",9,1,6,-10,36,0
"V",9,1,6,-11,33,0
"V",9,1,6,-12,17,0
"V",9,1,6,-13,6,0
"V",9,1,6,-14,9,0
"V",9,1,6,-15,3,0
"V",9,1,6,-16,1,0
"V",9,1,6,-18,1,0
"V",9,1,6,-2,620,92
"V",9,1,6,-21,1,0
"V",9,1,6,-22,1,0
"V",9,1,6,-3,494,29
"V",9,1,6,-4,397,8
"V",9,1,6,-5,302,1
"V",9,1,6,-6,198,0
"V",9,1,6,-7,137,0
"V",9,1,6,-8,95,0
"V",9,1,6,-9,71,0
"V",9,1,6,0,916,627
"V",9,1,6,1,891,807
"V",9,1,6,10,73,73
"V",9,1,6,11,33,33
"V",9,1,6,12,28,28
"V",9,1,6,13,15,15
"V",9,1,6,14,9,9
"V",9,1,6,15,6,6
"V",9,1,6,16,1,1
"V",9,1,6,17,1,1
"V",9,1,6,18,2,2
"V",9,1,6,2,762,731
"V",9,1,6,24,1,1
"V",9,1,6,3,698,685
"V",9,1,6,4,531,528
"V",9,1,6,5,377,376
"V",9,1,6,6,319,319
"V",9,1,6,7,193,193
"V",9,1,6,8,119,119
"V",9,1,6,9,84,84
"V",9,1,7,-1,586,270
"V",9,1,7,-10,40,0
"V",9,1,7,-11,21,0
"V",9,1,7,-12,14,0
"V",9,1,7,-13,4,0
"V",9,1,7,-14,1,0
"V",9,1,7,-15,1,0
"V",9,1,7,-17,1,0
"V",9,1,7,-2,537,93
"V",9,1,7,-21,2,0
"V",9,1,7,-22,1,0
"V",9,1,7,-26,1,0
"V",9,1,7,-3,331,25
"V",9,1,7,-4,252,6
"V",9,1,7,-5,201,1
"V",9,1,7,-6,176,0
"V",9,1,7,-7,112,0
"V",9,1,7,-8,68,0
"V",9,1,7,-9,45,0
"V",9,1,7,0,629,437
"V",9,1,7,1,674,597
"V",9,1,7,10,43,43
"V",9,1,7,11,27,27
"V",9,1,7,12,22,22
"V",9,1,7,13,9,9
"V",9,1,7,14,6,6
"V",9,1,7,15,4,4
"V",9,1,7,17,2,2
"V",9,1,7,2,619,596
"V",9,1,7,21,1,1
"V",9,1,7,23,1,1
"V",9,1,7,3,520,513
"V",9,1,7,4,402,399
"V",9,1,7,5,303,300
"V",9,1,7,6,219,219
"V",9,1,7,7,159,159
"V",9,1,7,8,96,96
"V",9,1,7,9,61,61
"V",9,1,8,-1,634,290
"V",9,1,8,-10,45,0
"V",9,1,8,-11,25,0
"V",9,1,8,-12,13,0
"V",9,1,8,-13,8,0
"V",9,1,8,-14,7,0
"V",9,1,8,-15,6,0
"V",9,1,8,-16,3,0
"V",9,1,8,-17,1,0
"V",9,1,8,-19,2,0
"V",9,1,8,-2,446,120
"V",9,1,8,-3,354,55
"V",9,1,8,-4,295,27
"V",9,1,8,-5,208,6
"V",9,1,8,-6,162,2
"V",9,1,8,-7,116,0
"V",9,1,8,-8,66,0
"V",9,1,8,-9,60,0
"V",9,1,8,0,853,613
"V",9,1,8,1,834,753
"V",9,1,8,10,48,48
"V",9,1,8,11,25,25
"V",9,1,8,12,18,18
"V",9,1,8,13,11,11
"V",9,1,8,14,8,8
"V",9,1,8,15,5,5
"V",9,1,8,16,3,3
"V",9,1,8,17,1,1
"V",9,1,8,18,1,1
"V",9,1,8,19,1,1
"V",9,1,8,2,660,627
"V",9,1,8,3,566,557
"V",9,1,8,4,417,413
"V",9,1,8,5,316,315
"V",9,1,8,6,222,222
"V",9,1,8,7,143,143
"V",9,1,8,8,90,90
"V",9,1,8,9,50,50
"V",9,2,1,-1,9364,252
"V",9,2,1,-10,631,0
"V",9,2,1,-11,372,0
"V",9,2,1,-12,254,0
"V",9,2,1,-13,169,0
"V",9,2,1,-14,91,0
"V",9,2,1,-15,56,0
"V",9,2,1,-16,34,0
"V",9,2,1,-17,22,0
"V",9,2,1,-18,13,0
"V",9,2,1,-19,9,0
"V",9,2,1,-2,8219,59
"V",9,2,1,-20,1,0
"V",9,2,1,-21,3,0
"V",9,2,1,-22,1,0
"V",9,2,1,-3,6811,12
"V",9,2,1,-4,5345,0
"V",9,2,1,-5,3924,0
"V",9,2,1,-6,2798,1
"V",9,2,1,-7,1970,0
"V",9,2,1,-8,1400,0
"V",9,2,1,-9,940,0
"V",9,2,1,0,9104,3363
"V",9,2,1,1,9137,7583
"V",9,2,1,10,498,498
"V",9,2,1,11,334,334
"V",9,2,1,12,200,200
"V",9,2,1,13,136,136
"V",9,2,1,14,111,111
"V",9,2,1,15,34,34
"V",9,2,1,16,29,29
"V",9,2,1,17,16,16
"V",9,2,1,18,10,10
"V",9,2,1,19,7,7
"V",9,2,1,2,7825,7175
"V",9,2,1,20,1,1
"V",9,2,1,21,3,3
"V",9,2,1,22,3,3
"V",9,2,1,23,3,3
"V",9,2,1,27,1,1
"V",9,2,1,3,6215,6025
"V",9,2,1,4,4902,4822
"V",9,2,1,5,3533,3510
"V",9,2,1,6,2496,2490
"V",9,2,1,7,1814,1811
"V",9,2,1,8,1195,1195
"V",9,2,1,9,803,803
"V",9,2,2,-1,5291,322
"V",9,2,2,-10,380,0
"V",9,2,2,-11,191,0
"V",9,2,2,-12,175,0
"V",9,2,2,-13,82,0
"V",9,2,2,-14,46,0
"V",9,2,2,-15,22,0
"V",9,2,2,-16,27,0
"V",9,2,2,-17,8,0
"V",9,2,2,-18,10,0
"V",9,2,2,-19,5,0
"V",9,2,2,-2,4728,131
"V",9,2,2,-20,3,0
"V",9,2,2,-3,3964,29
"V",9,2,2,-4,3133,3
"V",9,2,2,-5,2284,1
"V",9,2,2,-6,1560,0
"V",9,2,2,-7,1138,0
"V",9,2,2,-8,816,0
"V",9,2,2,-9,571,0
"V",9,2,2,0,4778,1913
"V",9,2,2,1,4592,3816
"V",9,2,2,10,359,359
"V",9,2,2,11,243,243
"V",9,2,2,12,140,140
"V",9,2,2,13,106,106
"V",9,2,2,14,71,71
"V",9,2,2,15,27,27
"V",9,2,2,16,19,19
"V",9,2,2,17,11,11
"V",9,2,2,18,4,4
"V",9,2,2,19,8,8
"V",9,2,2,2,4026,3719
"V",9,2,2,20,1,1
"V",9,2,2,21,1,1
"V",9,2,2,22,1,1
"V",9,2,2,23,2,2
"V",9,2,2,27,1,1
"V",9,2,2,3,3414,3291
"V",9,2,2,4,2846,2809
"V",9,2,2,5,2172,2155
"V",9,2,2,6,1599,1597
"V",9,2,2,7,1188,1187
"V",9,2,2,8,784,784
"V",9,2,2,9,526,526
"V",9,2,3,-1,2236,203
"V",9,2,3,-10,169,0
"V",9,2,3,-11,87,0
"V",9,2,3,-12,46,0
"V",9,2,3,-13,36,0
"V",9,2,3,-14,15,0
"V",9,2,3,-15,13,0
"V",9,2,3,-16,9,0
"V",9,2,3,-17,2,0
"V",9,2,3,-18,5,0
"V",9,2,3,-19,2,0
"V",9,2,3,-2,2043,45
"V",9,2,3,-20,2,0
"V",9,2,3,-21,2,0
"V",9,2,3,-25,1,0
"V",9,2,3,-3,1861,18
"V",9,2,3,-4,1420,1
"V",9,2,3,-5,1052,2
"V",9,2,3,-6,705,1
"V",9,2,3,-7,487,0
"V",9,2,3,-8,346,0
"V",9,2,3,-9,220,0
"V",9,2,3,0,2861,1308
"V",9,2,3,1,2956,2459
"V",9,2,3,10,171,171
"V",9,2,3,11,104,104
"V",9,2,3,12,81,81
"V",9,2,3,13,49,49
"V",9,2,3,14,39,39
"V",9,2,3,15,24,24
"V",9,2,3,16,14,14
"V",9,2,3,17,6,6
"V",9,2,3,18,4,4
"V",9,2,3,19,3,3
"V",9,2,3,2,2668,2498
"V",9,2,3,20,2,2
"V",9,2,3,3,2336,2251
"V",9,2,3,4,1781,1759
"V",9,2,3,5,1245,1234
"V",9,2,3,6,866,865
"V",9,2,3,7,610,609
"V",9,2,3,8,433,433
"V",9,2,3,9,296,296
"V",9,2,4,-1,2029,267
"V",9,2,4,-10,173,0
"V",9,2,4,-11,105,0
"V",9,2,4,-12,58,0
"V",9,2,4,-13,33,0
"V",9,2,4,-14,20,0
"V",9,2,4,-15,10,0
"V",9,2,4,-16,10,0
"V",9,2,4,-17,3,0
"V",9,2,4,-18,2,0
"V",9,2,4,-19,1,0
"V",9,2,4,-2,1915,112
"V",9,2,4,-20,1,0
"V",9,2,4,-3,1588,37
"V",9,2,4,-4,1220,11
"V",9,2,4,-5,882,1
"V",9,2,4,-6,687,1
"V",9,2,4,-7,441,0
"V",9,2,4,-8,336,0
"V",9,2,4,-9,250,0
"V",9,2,4,0,2629,1234
"V",9,2,4,1,2479,2083
"V",9,2,4,10,193,193
"V",9,2,4,11,134,134
"V",9,2,4,12,70,70
"V",9,2,4,13,46,46
"V",9,2,4,14,33,33
"V",9,2,4,15,21,21
"V",9,2,4,16,13,13
"V",9,2,4,17,9,9
"V",9,2,4,18,8,8
"V",9,2,4,19,1,1
"V",9,2,4,2,2065,1952
"V",9,2,4,20,1,1
"V",9,2,4,21,1,1
"V",9,2,4,22,2,2
"V",9,2,4,3,1673,1610
"V",9,2,4,4,1469,1456
"V",9,2,4,5,1088,1077
"V",9,2,4,6,774,773
"V",9,2,4,7,598,598
"V",9,2,4,8,437,437
"V",9,2,4,9,296,296
"V",9,2,5,-1,942,99
"V",9,2,5,-10,65,0
"V",9,2,5,-11,33,0
"V",9,2,5,-12,34,0
"V",9,2,5,-13,16,0
"V",9,2,5,-14,11,0
"V",9,2,5,-15,6,0
"V",9,2,5,-16,5,0
"V",9,2,5,-18,4,0
"V",9,2,5,-19,2,0
"V",9,2,5,-2,665,16
"V",9,2,5,-20,3,0
"V",9,2,5,-3,610,7
"V",9,2,5,-4,528,1
"V",9,2,5,-5,361,0
"V",9,2,5,-6,290,0
"V",9,2,5,-7,194,0
"V",9,2,5,-8,126,0
"V",9,2,5,-9,102,0
"V",9,2,5,0,1050,466
"V",9,2,5,1,1072,909
"V",9,2,5,10,65,65
"V",9,2,5,11,51,51
"V",9,2,5,12,34,34
"V",9,2,5,13,29,29
"V",9,2,5,14,10,10
"V",9,2,5,15,5,5
"V",9,2,5,16,5,5
"V",9,2,5,17,3,3
"V",9,2,5,18,3,3
"V",9,2,5,19,1,1
"V",9,2,5,2,1029,945
"V",9,2,5,3,902,876
"V",9,2,5,4,716,704
"V",9,2,5,5,515,513
"V",9,2,5,6,384,380
"V",9,2,5,7,255,255
"V",9,2,5,8,190,190
"V",9,2,5,9,111,111
"V",9,2,6,-1,1090,161
"V",9,2,6,-10,62,0
"V",9,2,6,-11,43,0
"V",9,2,6,-12,29,0
"V",9,2,6,-13,9,0
"V",9,2,6,-14,11,0
"V",9,2,6,-15,4,0
"V",9,2,6,-16,6,0
"V",9,2,6,-17,3,0
"V",9,2,6,-18,3,0
"V",9,2,6,-2,831,50
"V",9,2,6,-20,1,0
"V",9,2,6,-21,1,0
"V",9,2,6,-22,1,0
"V",9,2,6,-24,1,0
"V",9,2,6,-3,677,20
"V",9,2,6,-4,518,0
"V",9,2,6,-5,375,2
"V",9,2,6,-6,253,0
"V",9,2,6,-7,184,0
"V",9,2,6,-8,138,0
"V",9,2,6,-9,85,0
"V",9,2,6,0,1217,596
"V",9,2,6,1,1139,961
"V",9,2,6,10,80,80
"V",9,2,6,11,52,52
"V",9,2,6,12,34,34
"V",9,2,6,13,22,22
"V",9,2,6,14,21,21
"V",9,2,6,15,6,6
"V",9,2,6,16,5,5
"V",9,2,6,17,1,1
"V",9,2,6,18,2,2
"V",9,2,6,19,5,5
"V",9,2,6,2,987,920
"V",9,2,6,20,1,1
"V",9,2,6,22,1,1
"V",9,2,6,24,1,1
"V",9,2,6,3,892,863
"V",9,2,6,4,686,675
"V",9,2,6,5,536,531
"V",9,2,6,6,389,387
"V",9,2,6,7,285,285
"V",9,2,6,8,181,181
"V",9,2,6,9,107,107
"V",9,2,7,-1,532,109
"V",9,2,7,-10,38,0
"V",9,2,7,-11,25,0
"V",9,2,7,-12,16,0
"V",9,2,7,-13,11,0
"V",9,2,7,-14,3,0
"V",9,2,7,-15,1,0
"V",9,2,7,-16,2,0
"V",9,2,7,-17,1,0
"V",9,2,7,-18,1,0
"V",9,2,7,-2,537,50
"V",9,2,7,-21,1,0
"V",9,2,7,-3,458,11
"V",9,2,7,-4,368,0
"V",9,2,7,-5,286,0
"V",9,2,7,-6,198,0
"V",9,2,7,-7,128,0
"V",9,2,7,-8,89,0
"V",9,2,7,-9,57,0
"V",9,2,7,0,651,313
"V",9,2,7,1,746,634
"V",9,2,7,10,50,50
"V",9,2,7,11,40,40
"V",9,2,7,12,27,27
"V",9,2,7,13,17,17
"V",9,2,7,14,12,12
"V",9,2,7,15,4,4
"V",9,2,7,16,4,4
"V",9,2,7,17,3,3
"V",9,2,7,18,1,1
"V",9,2,7,19,1,1
"V",9,2,7,2,708,669
"V",9,2,7,21,2,2
"V",9,2,7,3,513,499
"V",9,2,7,4,465,459
"V",9,2,7,5,340,333
"V",9,2,7,6,254,254
"V",9,2,7,7,201,201
"V",9,2,7,8,132,132
"V",9,2,7,9,83,83
"V",9,2,8,-1,674,161
"V",9,2,8,-10,46,0
"V",9,2,8,-11,35,0
"V",9,2,8,-12,12,0
"V",9,2,8,-13,6,0
"V",9,2,8,-14,6,0
"V",9,2,8,-15,7,0
"V",9,2,8,-16,4,0
"V",9,2,8,-18,1,0
"V",9,2,8,-2,534,65
"V",9,2,8,-24,1,0
"V",9,2,8,-3,446,19
"V",9,2,8,-4,337,8
"V",9,2,8,-5,227,1
"V",9,2,8,-6,203,0
"V",9,2,8,-7,105,0
"V",9,2,8,-8,80,0
"V",9,2,8,-9,68,0
"V",9,2,8,0,966,525
"V",9,2,8,1,965,806
"V",9,2,8,10,56,56
"V",9,2,8,11,36,36
"V",9,2,8,12,27,27
"V",9,2,8,13,23,23
"V",9,2,8,14,16,16
"V",9,2,8,15,6,6
"V",9,2,8,16,6,6
"V",9,2,8,17,2,2
"V",9,2,8,18,4,4
"V",9,2,8,19,2,2
"V",9,2,8,2,783,733
"V",9,2,8,20,3,3
"V",9,2,8,3,601,586
"V",9,2,8,4,480,473
"V",9,2,8,5,351,349
"V",9,2,8,6,271,270
"V",9,2,8,7,196,196
"V",9,2,8,8,138,138
"V",9,2,8,9,81,81
"V",10,0,1,0,14811,7018
"V",10,0,1,1,299,242
"V",10,0,1,2,50,46
"V",10,0,1,3,16,16
"V",10,0,1,4,10,9
"V",10,0,1,5,2,2
"V",10,0,1,6,1,1
"V",10,0,2,0,3845,2146
"V",10,0,2,1,123,104
"V",10,0,2,2,23,21
"V",10,0,2,3,9,9
"V",10,0,2,4,6,5
"V",10,0,3,0,796,527
"V",10,0,3,1,87,79
"V",10,0,3,2,18,18
"V",10,0,3,3,10,10
"V",10,0,3,4,5,5
"V",10,0,3,5,1,1
"V",10,0,3,6,1,1
"V",10,0,4,0,576,410
"V",10,0,4,1,69,65
"V",10,0,4,2,15,14
"V",10,0,4,3,12,12
"V",10,0,4,4,5,5
"V",10,0,4,5,2,2
"V",10,0,4,7,1,1
"V",10,0,4,8,1,1
"V",10,0,5,0,142,107
"V",10,0,5,1,30,27
"V",10,0,5,2,8,8
"V",10,0,5,3,3,3
"V",10,0,5,4,1,1
"V",10,0,6,0,252,196
"V",10,0,6,1,51,47
"V",10,0,6,2,19,18
"V",10,0,6,3,6,6
"V",10,0,6,4,3,3
"V",10,0,6,6,1,1
"V",10,0,7,0,88,67
"V",10,0,7,1,37,35
"V",10,0,7,2,19,18
"V",10,0,7,3,3,3
"V",10,0,7,4,1,1
"V",10,0,7,5,2,2
"V",10,0,8,0,148,114
"V",10,0,8,1,54,52
"V",10,0,8,2,18,18
"V",10,0,8,3,6,6
"V",10,0,8,4,3,3
"V",10,0,8,5,1,1
"V",10,1,1,0,10034,4188
"V",10,1,1,1,451,359
"V",10,1,1,2,180,168
"V",10,1,1,3,76,76
"V",10,1,1,4,32,31
"V",10,1,1,5,8,8
"V",10,1,1,6,9,9
"V",10,1,1,7,1,1
"V",10,1,1,8,1,1
"V",10,1,2,0,3867,1811
"V",10,1,2,1,345,282
"V",10,1,2,2,121,112
"V",10,1,2,3,59,59
"V",10,1,2,4,26,26
"V",10,1,2,5,5,5
"V",10,1,2,6,5,5
"V",10,1,2,7,1,1
"V",10,1,2,8,1,1
"V",10,1,3,0,2271,1243
"V",10,1,3,1,324,286
"V",10,1,3,2,101,92
"V",10,1,3,3,43,43
"V",10,1,3,4,22,22
"V",10,1,3,5,5,5
"V",10,1,3,6,3,3
"V",10,1,3,7,2,2
"V",10,1,4,0,1417,804
"V",10,1,4,1,328,293
"V",10,1,4,10,1,1
"V",10,1,4,2,111,103
"V",10,1,4,3,48,46
"V",10,1,4,4,18,18
"V",10,1,4,5,5,5
"V",10,1,4,6,1,1
"V",10,1,4,7,2,2
"V",10,1,4,8,3,3
"V",10,1,4,9,1,1
"V",10,1,5,0,469,306
"V",10,1,5,1,120,109
"V",10,1,5,2,47,43
"V",10,1,5,3,24,23
"V",10,1,5,4,16,15
"V",10,1,5,5,4,4
"V",10,1,5,8,1,1
"V",10,1,6,0,602,409
"V",10,1,6,1,178,153
"V",10,1,6,2,87,82
"V",10,1,6,3,33,33
"V",10,1,6,4,18,18
"V",10,1,6,5,9,9
"V",10,1,6,6,4,4
"V",10,1,6,7,1,1
"V",10,1,7,0,315,215
"V",10,1,7,1,147,135
"V",10,1,7,2,72,68
"V",10,1,7,3,23,23
"V",10,1,7,4,7,7
"V",10,1,7,5,6,6
"V",10,1,7,6,2,2
"V",10,1,7,7,1,1
"V",10,1,8,0,477,325
"V",10,1,8,1,188,169
"V",10,1,8,10,1,1
"V",10,1,8,11,1,1
"V",10,1,8,2,73,70
"V",10,1,8,3,33,32
"V",10,1,8,4,7,7
"V",10,1,8,5,2,2
"V",10,1,8,8,1,1
"V",10,2,1,0,7137,2675
"V",10,2,1,1,561,448
"V",10,2,1,2,252,233
"V",10,2,1,3,124,123
"V",10,2,1,4,56,52
"V",10,2,1,5,23,23
"V",10,2,1,6,19,19
"V",10,2,1,7,4,4
"V",10,2,1,8,3,3
"V",10,2,2,0,3397,1341
"V",10,2,2,1,568,465
"V",10,2,2,2,215,199
"V",10,2,2,3,125,123
"V",10,2,2,4,58,55
"V",10,2,2,5,27,27
"V",10,2,2,6,10,10
"V",10,2,2,7,2,2
"V",10,2,2,8,4,4
"V",10,2,2,9,1,1
"V",10,2,3,0,1868,891
"V",10,2,3,1,512,429
"V",10,2,3,2,230,209
"V",10,2,3,3,93,90
"V",10,2,3,4,59,57
"V",10,2,3,5,19,19
"V",10,2,3,6,13,13
"V",10,2,3,7,3,3
"V",10,2,3,8,1,1
"V",10,2,4,0,1659,756
"V",10,2,4,1,511,421
"V",10,2,4,2,222,204
"V",10,2,4,3,100,96
"V",10,2,4,4,47,46
"V",10,2,4,5,17,17
"V",10,2,4,6,5,5
"V",10,2,4,7,2,2
"V",10,2,4,8,1,1
"V",10,2,4,9,2,2
"V",10,2,5,0,630,278
"V",10,2,5,1,160,135
"V",10,2,5,2,97,90
"V",10,2,5,3,42,39
"V",10,2,5,4,27,27
"V",10,2,5,5,5,5
"V",10,2,5,6,2,2
"V",10,2,5,7,1,1
"V",10,2,5,8,1,1
"V",10,2,6,0,674,301
"V",10,2,6,1,278,241
"V",10,2,6,2,126,112
"V",10,2,6,3,56,55
"V",10,2,6,4,34,34
"V",10,2,6,5,8,8
"V",10,2,6,6,1,1
"V",10,2,6,8,2,2
"V",10,2,7,0,332,159
"V",10,2,7,1,194,165
"V",10,2,7,2,94,88
"V",10,2,7,3,37,35
"V",10,2,7,4,13,13
"V",10,2,7,5,10,10
"V",10,2,7,6,1,1
"V",10,2,7,7,3,3
"V",10,2,8,0,522,259
"V",10,2,8,1,257,218
"V",10,2,8,2,98,91
"V",10,2,8,3,43,40
"V",10,2,8,4,9,8
"V",10,2,8,5,6,6
"V",10,2,8,6,2,2
"V",10,2,8,7,1,1
"V",11,0,1,0,8230,3885
"V",11,0,1,1,160,139
"V",11,0,1,2,30,30
"V",11,0,1,3,12,12
"V",11,0,1,4,5,4
"V",11,0,1,5,1,1
"V",11,0,2,0,2188,1188
"V",11,0,2,1,63,56
"V",11,0,2,2,12,11
"V",11,0,2,3,6,6
"V",11,0,2,4,3,3
"V",11,0,3,0,438,312
"V",11,0,3,1,44,40
"V",11,0,3,2,9,7
"V",11,0,3,3,1,1
"V",11,0,3,5,1,1
"V",11,0,4,0,332,224
"V",11,0,4,1,37,31
"V",11,0,4,2,8,7
"V",11,0,4,3,1,1
"V",11,0,5,0,73,54
"V",11,0,5,1,14,14
"V",11,0,5,2,5,5
"V",11,0,5,3,2,2
"V",11,0,5,4,1,1
"V",11,0,6,0,141,108
"V",11,0,6,1,23,21
"V",11,0,6,2,5,5
"V",11,0,6,3,3,3
"V",11,0,6,4,1,1
"V",11,0,7,0,52,41
"V",11,0,7,1,24,22
"V",11,0,7,2,5,5
"V",11,0,7,3,5,4
"V",11,0,7,4,1,1
"V",11,0,8,0,83,65
"V",11,0,8,1,32,31
"V",11,0,8,2,3,3
"V",11,0,8,3,1,1
"V",11,0,8,4,1,1
"V",11,0,8,5,1,1
"V",11,1,1,0,5576,2323
"V",11,1,1,1,222,193
"V",11,1,1,2,85,81
"V",11,1,1,3,37,37
"V",11,1,1,4,18,17
"V",11,1,1,5,7,7
"V",11,1,1,7,1,1
"V",11,1,2,0,2146,1016
"V",11,1,2,1,197,166
"V",11,1,2,2,55,51
"V",11,1,2,3,32,32
"V",11,1,2,4,14,14
"V",11,1,2,5,4,4
"V",11,1,2,6,3,3
"V",11,1,2,7,1,1
"V",11,1,3,0,1255,687
"V",11,1,3,1,179,147
"V",11,1,3,2,58,54
"V",11,1,3,3,25,24
"V",11,1,3,4,9,9
"V",11,1,3,5,1,1
"V",11,1,3,7,1,1
"V",11,1,4,0,773,440
"V",11,1,4,1,191,170
"V",11,1,4,2,54,51
"V",11,1,4,3,19,19
"V",11,1,4,4,13,13
"V",11,1,4,5,3,3
"V",11,1,4,6,2,2
"V",11,1,5,0,260,181
"V",11,1,5,1,64,59
"V",11,1,5,2,27,25
"V",11,1,5,3,8,8
"V",11,1,5,4,5,5
"V",11,1,5,5,6,6
"V",11,1,5,6,1,1
"V",11,1,6,0,308,216
"V",11,1,6,1,93,82
"V",11,1,6,2,38,38
"V",11,1,6,3,18,17
"V",11,1,6,4,4,4
"V",11,1,6,5,4,4
"V",11,1,6,6,2,2
"V",11,1,6,7,1,1
"V",11,1,7,0,226,164
"V",11,1,7,1,93,86
"V",11,1,7,2,42,42
"V",11,1,7,3,14,13
"V",11,1,7,4,8,8
"V",11,1,7,5,1,1
"V",11,1,7,7,1,1
"V",11,1,8,0,278,200
"V",11,1,8,1,134,125
"V",11,1,8,2,43,43
"V",11,1,8,3,15,14
"V",11,1,8,4,10,10
"V",11,1,8,5,7,7
"V",11,2,1,0,4020,1478
"V",11,2,1,1,276,237
"V",11,2,1,2,132,128
"V",11,2,1,3,65,61
"V",11,2,1,4,36,35
"V",11,2,1,5,18,17
"V",11,2,1,6,7,7
"V",11,2,1,7,2,2
"V",11,2,1,8,2,2
"V",11,2,2,0,1927,755
"V",11,2,2,1,299,240
"V",11,2,2,2,126,119
"V",11,2,2,3,61,58
"V",11,2,2,4,34,33
"V",11,2,2,5,16,16
"V",11,2,2,6,13,13
"V",11,2,2,7,3,3
"V",11,2,2,8,1,1
"V",11,2,2,9,1,1
"V",11,2,3,0,1008,449
"V",11,2,3,1,241,203
"V",11,2,3,2,133,120
"V",11,2,3,3,66,63
"V",11,2,3,4,27,27
"V",11,2,3,5,8,8
"V",11,2,3,6,3,3
"V",11,2,3,7,3,3
"V",11,2,3,8,2,2
"V",11,2,4,0,954,437
"V",11,2,4,1,287,243
"V",11,2,4,2,128,118
"V",11,2,4,3,49,47
"V",11,2,4,4,28,28
"V",11,2,4,5,9,9
"V",11,2,4,6,6,6
"V",11,2,4,7,3,3
"V",11,2,4,8,1,1
"V",11,2,5,0,347,169
"V",11,2,5,1,111,94
"V",11,2,5,2,55,51
"V",11,2,5,3,25,25
"V",11,2,5,4,16,16
"V",11,2,5,5,11,11
"V",11,2,5,6,2,2
"V",11,2,5,7,2,2
"V",11,2,5,8,1,1
"V",11,2,6,0,387,196
"V",11,2,6,1,157,136
"V",11,2,6,2,82,79
"V",11,2,6,3,40,39
"V",11,2,6,4,12,12
"V",11,2,6,5,12,12
"V",11,2,6,6,5,5
"V",11,2,6,7,2,2
"V",11,2,7,0,182,99
"V",11,2,7,1,106,87
"V",11,2,7,2,54,50
"V",11,2,7,3,22,21
"V",11,2,7,4,10,10
"V",11,2,7,5,4,4
"V",11,2,7,6,1,1
"V",11,2,7,7,2,2
"V",11,2,8,0,320,160
"V",11,2,8,1,129,106
"V",11,2,8,2,72,69
"V",11,2,8,3,15,14
"V",11,2,8,4,11,11
"V",11,2,8,5,4,4
"V",11,2,8,7,1,1
"V",12,0,1,0,4533,2142
"V",12,0,1,1,80,70
"V",12,0,1,2,13,11
"V",12,0,1,3,4,4
"V",12,0,1,4,1,1
"V",12,0,1,5,1,1
"V",12,0,2,0,1273,699
"V",12,0,2,1,34,31
"V",12,0,2,2,11,11
"V",12,0,2,6,1,1
"V",12,0,2,7,1,1
"V",12,0,3,0,295,196
"V",12,0,3,1,23,20
"V",12,0,3,2,10,10
"V",12,0,3,3,1,1
"V",12,0,4,0,188,124
"V",12,0,4,1,21,20
"V",12,0,4,2,8,8
"V",12,0,4,3,2,2
"V",12,0,4,4,1,1
"V",12,0,4,6,1,1
"V",12,0,4,7,1,1
"V",12,0,5,0,45,36
"V",12,0,5,1,16,15
"V",12,0,5,2,3,3
"V",12,0,5,3,1,1
"V",12,0,5,4,2,2
"V",12,0,5,5,1,1
"V",12,0,6,0,74,61
"V",12,0,6,1,15,14
"V",12,0,6,2,8,8
"V",12,0,6,3,2,2
"V",12,0,7,0,37,29
"V",12,0,7,1,10,10
"V",12,0,7,2,4,4
"V",12,0,7,5,1,1
"V",12,0,8,0,48,35
"V",12,0,8,1,13,13
"V",12,0,8,2,7,7
"V",12,0,8,3,1,1
"V",12,1,1,0,2962,1216
"V",12,1,1,1,128,112
"V",12,1,1,2,40,31
"V",12,1,1,3,22,22
"V",12,1,1,4,6,6
"V",12,1,1,5,5,5
"V",12,1,2,0,1197,543
"V",12,1,2,1,106,92
"V",12,1,2,2,32,31
"V",12,1,2,3,8,8
"V",12,1,2,4,5,5
"V",12,1,2,5,2,2
"V",12,1,2,7,1,1
"V",12,1,2,8,1,1
"V",12,1,3,0,718,401
"V",12,1,3,1,90,77
"V",12,1,3,2,32,28
"V",12,1,3,3,7,6
"V",12,1,3,4,4,4
"V",12,1,3,5,3,3
"V",12,1,3,7,1,1
"V",12,1,3,9,1,1
"V",12,1,4,0,453,266
"V",12,1,4,1,97,84
"V",12,1,4,2,36,32
"V",12,1,4,3,10,10
"V",12,1,4,4,7,7
"V",12,1,4,5,1,1
"V",12,1,4,6,1,1
"V",12,1,5,0,157,103
"V",12,1,5,1,45,39
"V",12,1,5,2,16,15
"V",12,1,5,3,7,7
"V",12,1,5,4,4,4
"V",12,1,5,5,1,1
"V",12,1,5,6,1,1
"V",12,1,6,0,190,124
"V",12,1,6,1,53,46
"V",12,1,6,2,23,22
"V",12,1,6,3,10,9
"V",12,1,6,4,1,1
"V",12,1,6,5,1,1
"V",12,1,7,0,138,97
"V",12,1,7,1,39,37
"V",12,1,7,2,28,28
"V",12,1,7,3,5,5
"V",12,1,7,4,1,1
"V",12,1,7,5,2,2
"V",12,1,7,6,1,1
"V",12,1,8,0,165,118
"V",12,1,8,1,69,65
"V",12,1,8,2,36,34
"V",12,1,8,3,7,7
"V",12,1,8,4,1,1
"V",12,2,1,0,2139,792
"V",12,2,1,1,156,138
"V",12,2,1,2,70,62
"V",12,2,1,3,42,41
"V",12,2,1,4,14,14
"V",12,2,1,5,7,7
"V",12,2,1,6,4,3
"V",12,2,1,7,1,1
"V",12,2,1,8,3,3
"V",12,2,2,0,1016,403
"V",12,2,2,1,172,139
"V",12,2,2,10,1,1
"V",12,2,2,2,67,63
"V",12,2,2,3,25,24
"V",12,2,2,4,16,15
"V",12,2,2,5,6,6
"V",12,2,2,6,5,4
"V",12,2,2,7,2,2
"V",12,2,2,8,1,1
"V",12,2,2,9,1,1
"V",12,2,3,0,556,236
"V",12,2,3,1,147,117
"V",12,2,3,11,1,1
"V",12,2,3,2,77,72
"V",12,2,3,3,31,31
"V",12,2,3,4,14,14
"V",12,2,3,5,6,6
"V",12,2,3,6,4,3
"V",12,2,3,7,3,2
"V",12,2,3,9,1,1
"V",12,2,4,0,540,252
"V",12,2,4,1,160,128
"V",12,2,4,2,71,64
"V",12,2,4,3,31,31
"V",12,2,4,4,18,18
"V",12,2,4,5,4,4
"V",12,2,5,0,199,100
"V",12,2,5,1,59,48
"V",12,2,5,2,28,26
"V",12,2,5,3,21,19
"V",12,2,5,4,9,8
"V",12,2,5,5,3,3
"V",12,2,5,6,4,4
"V",12,2,5,7,1,0
"V",12,2,6,0,216,95
"V",12,2,6,1,102,84
"V",12,2,6,2,41,41
"V",12,2,6,3,20,20
"V",12,2,6,4,5,5
"V",12,2,6,5,3,3
"V",12,2,6,6,3,3
"V",12,2,7,0,108,59
"V",12,2,7,1,56,48
"V",12,2,7,2,28,27
"V",12,2,7,3,14,13
"V",12,2,7,4,2,2
"V",12,2,7,5,1,1
"V",12,2,7,6,1,1
"V",12,2,7,7,1,1
"V",12,2,8,0,162,75
"V",12,2,8,1,86,71
"V",12,2,8,2,34,30
"V",12,2,8,3,17,17
"V",12,2,8,4,7,7
"V",12,2,8,5,2,2
"V",12,2,8,6,1,1
"V",13,0,1,0,2493,1182
"V",13,0,1,1,47,35
"V",13,0,1,2,13,12
"V",13,0,1,3,1,1
"V",13,0,1,4,2,2
"V",13,0,1,6,1,1
"V",13,0,2,0,682,398
"V",13,0,2,1,15,11
"V",13,0,2,2,5,4
"V",13,0,2,3,1,1
"V",13,0,2,4,2,2
"V",13,0,3,0,128,88
"V",13,0,3,1,12,12
"V",13,0,3,2,3,3
"V",13,0,3,3,1,1
"V",13,0,4,0,87,54
"V",13,0,4,1,13,12
"V",13,0,4,2,5,5
"V",13,0,4,3,2,2
"V",13,0,4,4,2,2
"V",13,0,5,0,25,17
"V",13,0,5,1,8,7
"V",13,0,5,2,3,3
"V",13,0,5,3,1,1
"V",13,0,6,0,44,38
"V",13,0,6,1,7,6
"V",13,0,6,2,4,4
"V",13,0,6,3,1,1
"V",13,0,7,0,22,18
"V",13,0,7,1,8,8
"V",13,0,7,2,1,1
"V",13,0,7,4,2,2
"V",13,0,8,0,22,20
"V",13,0,8,1,12,12
"V",13,0,8,2,2,2
"V",13,1,1,0,1663,671
"V",13,1,1,1,75,58
"V",13,1,1,2,33,30
"V",13,1,1,3,11,11
"V",13,1,1,4,4,4
"V",13,1,1,5,3,3
"V",13,1,1,6,2,2
"V",13,1,2,0,656,315
"V",13,1,2,1,59,46
"V",13,1,2,2,16,15
"V",13,1,2,3,6,5
"V",13,1,2,4,1,1
"V",13,1,2,5,3,3
"V",13,1,2,6,1,1
"V",13,1,3,0,406,234
"V",13,1,3,1,45,34
"V",13,1,3,2,16,16
"V",13,1,3,3,11,11
"V",13,1,3,4,1,1
"V",13,1,3,5,1,1
"V",13,1,3,6,1,1
"V",13,1,4,0,267,150
"V",13,1,4,1,52,44
"V",13,1,4,2,19,18
"V",13,1,4,3,5,5
"V",13,1,4,4,2,2
"V",13,1,4,5,2,2
"V",13,1,5,0,77,48
"V",13,1,5,1,18,16
"V",13,1,5,2,5,5
"V",13,1,5,3,7,7
"V",13,1,5,4,1,1
"V",13,1,5,5,2,2
"V",13,1,6,0,101,73
"V",13,1,6,1,24,22
"V",13,1,6,2,16,16
"V",13,1,6,3,7,7
"V",13,1,6,5,3,3
"V",13,1,7,0,59,41
"V",13,1,7,1,37,32
"V",13,1,7,2,9,8
"V",13,1,7,3,5,5
"V",13,1,7,4,6,6
"V",13,1,8,0,76,60
"V",13,1,8,1,31,26
"V",13,1,8,2,16,14
"V",13,1,8,3,2,2
"V",13,1,8,4,1,1
"V",13,2,1,0,1193,433
"V",13,2,1,1,100,82
"V",13,2,1,2,53,48
"V",13,2,1,3,19,19
"V",13,2,1,4,13,13
"V",13,2,1,5,10,10
"V",13,2,1,6,2,2
"V",13,2,1,8,1,1
"V",13,2,1,9,1,1
"V",13,2,2,0,576,233
"V",13,2,2,1,113,93
"V",13,2,2,10,1,1
"V",13,2,2,2,36,30
"V",13,2,2,3,25,25
"V",13,2,2,4,5,5
"V",13,2,2,5,3,3
"V",13,2,2,6,7,7
"V",13,2,2,8,1,1
"V",13,2,2,9,2,2
"V",13,2,3,0,283,134
"V",13,2,3,1,69,53
"V",13,2,3,2,41,36
"V",13,2,3,3,21,21
"V",13,2,3,4,7,7
"V",13,2,3,5,6,6
"V",13,2,3,6,2,2
"V",13,2,3,8,3,3
"V",13,2,3,9,1,1
"V",13,2,4,0,294,150
"V",13,2,4,1,90,80
"V",13,2,4,2,35,33
"V",13,2,4,3,18,17
"V",13,2,4,4,5,5
"V",13,2,4,5,4,4
"V",13,2,4,6,5,5
"V",13,2,4,8,1,1
"V",13,2,4,9,1,1
"V",13,2,5,0,115,55
"V",13,2,5,1,23,15
"V",13,2,5,2,22,22
"V",13,2,5,3,10,10
"V",13,2,5,4,6,6
"V",13,2,5,5,5,5
"V",13,2,6,0,119,59
"V",13,2,6,1,47,37
"V",13,2,6,10,1,1
"V",13,2,6,2,25,23
"V",13,2,6,3,7,7
"V",13,2,6,4,3,3
"V",13,2,6,5,3,3
"V",13,2,6,6,2,2
"V",13,2,6,7,1,1
"V",13,2,7,0,79,31
"V",13,2,7,1,50,42
"V",13,2,7,2,14,13
"V",13,2,7,3,10,9
"V",13,2,7,4,5,5
"V",13,2,7,5,1,1
"V",13,2,7,7,1,1
"V",13,2,8,0,104,56
"V",13,2,8,1,52,46
"V",13,2,8,2,23,21
"V",13,2,8,3,5,5
"V",13,2,8,5,1,1
"V",14,0,1,0,1368,633
"V",14,0,1,1,28,26
"V",14,0,1,2,5,5
"V",14,0,1,5,1,1
"V",14,0,2,0,351,189
"V",14,0,2,1,8,7
"V",14,0,2,2,5,5
"V",14,0,2,4,1,1
"V",14,0,2,5,1,1
"V",14,0,3,0,73,42
"V",14,0,3,1,8,7
"V",14,0,3,2,1,1
"V",14,0,3,3,1,1
"V",14,0,3,6,2,2
"V",14,0,4,0,60,45
"V",14,0,4,1,11,8
"V",14,0,4,2,6,4
"V",14,0,4,3,1,1
"V",14,0,4,4,1,1
"V",14,0,5,0,11,6
"V",14,0,5,1,2,2
"V",14,0,5,3,2,2
"V",14,0,6,0,24,17
"V",14,0,6,1,2,2
"V",14,0,6,2,2,2
"V",14,0,6,3,2,2
"V",14,0,7,0,9,3
"V",14,0,7,1,5,5
"V",14,0,7,3,1,1
"V",14,0,7,4,2,2
"V",14,0,8,0,15,13
"V",14,0,8,1,4,4
"V",14,0,8,2,3,3
"V",14,0,8,3,1,1
"V",14,1,1,0,938,384
"V",14,1,1,1,33,31
"V",14,1,1,2,11,10
"V",14,1,1,3,5,5
"V",14,1,1,4,2,2
"V",14,1,1,7,2,2
"V",14,1,2,0,350,176
"V",14,1,2,1,24,20
"V",14,1,2,2,4,4
"V",14,1,2,3,7,7
"V",14,1,2,4,1,1
"V",14,1,2,5,1,1
"V",14,1,3,0,210,107
"V",14,1,3,1,27,24
"V",14,1,3,2,11,11
"V",14,1,3,3,3,3
"V",14,1,3,4,1,1
"V",14,1,3,5,2,2
"V",14,1,3,6,2,2
"V",14,1,4,0,137,84
"V",14,1,4,1,31,24
"V",14,1,4,2,10,8
"V",14,1,4,3,5,5
"V",14,1,4,4,1,1
"V",14,1,4,8,1,1
"V",14,1,5,0,48,25
"V",14,1,5,1,7,5
"V",14,1,5,2,5,4
"V",14,1,5,3,2,2
"V",14,1,5,5,1,1
"V",14,1,5,6,1,1
"V",14,1,6,0,67,40
"V",14,1,6,1,20,16
"V",14,1,6,2,6,5
"V",14,1,6,3,3,3
"V",14,1,6,4,2,2
"V",14,1,6,5,1,1
"V",14,1,6,6,2,2
"V",14,1,6,7,1,1
"V",14,1,7,0,35,23
"V",14,1,7,1,16,14
"V",14,1,7,2,7,7
"V",14,1,7,3,3,3
"V",14,1,7,4,1,1
"V",14,1,8,0,50,34
"V",14,1,8,1,22,21
"V",14,1,8,2,8,8
"V",14,1,8,3,3,3
"V",14,1,8,4,2,2
"V",14,2,1,0,667,235
"V",14,2,1,1,42,39
"V",14,2,1,2,20,18
"V",14,2,1,3,12,10
"V",14,2,1,4,5,5
"V",14,2,1,5,1,1
"V",14,2,1,7,3,3
"V",14,2,2,0,319,149
"V",14,2,2,1,41,35
"V",14,2,2,2,20,19
"V",14,2,2,3,11,11
"V",14,2,2,4,6,6
"V",14,2,2,5,2,2
"V",14,2,2,7,1,1
"V",14,2,3,0,181,72
"V",14,2,3,1,53,47
"V",14,2,3,2,20,20
"V",14,2,3,3,10,9
"V",14,2,3,4,3,3
"V",14,2,3,5,3,3
"V",14,2,3,6,2,2
"V",14,2,4,0,148,63
"V",14,2,4,1,46,38
"V",14,2,4,2,16,15
"V",14,2,4,3,8,6
"V",14,2,4,4,5,5
"V",14,2,4,5,2,2
"V",14,2,4,6,2,2
"V",14,2,5,0,53,20
"V",14,2,5,1,15,13
"V",14,2,5,2,9,8
"V",14,2,5,3,8,8
"V",14,2,5,4,1,1
"V",14,2,5,5,1,1
"V",14,2,5,7,1,1
"V",14,2,6,0,82,47
"V",14,2,6,1,24,19
"V",14,2,6,2,8,7
"V",14,2,6,3,4,4
"V",14,2,6,4,2,2
"V",14,2,6,5,2,2
"V",14,2,7,0,40,18
"V",14,2,7,1,21,17
"V",14,2,7,2,11,9
"V",14,2,7,3,4,4
"V",14,2,7,4,1,1
"V",14,2,8,0,48,23
"V",14,2,8,1,32,28
"V",14,2,8,2,11,9
"V",14,2,8,3,4,4
"V",14,2,8,4,1,1
"V",14,2,8,5,1,1
"V",14,2,8,6,1,1
"V",15,0,1,0,732,346
"V",15,0,1,1,9,8
"V",15,0,1,2,2,2
"V",15,0,2,0,195,114
"V",15,0,2,1,3,3
"V",15,0,2,2,1,1
"V",15,0,3,0,45,34
"V",15,0,3,1,5,5
"V",15,0,3,2,1,1
"V",15,0,4,0,34,23
"V",15,0,4,1,4,4
"V",15,0,4,2,1,1
"V",15,0,5,0,8,6
"V",15,0,5,1,3,3
"V",15,0,6,0,16,11
"V",15,0,6,1,1,1
"V",15,0,7,0,5,4
"V",15,0,8,0,8,6
"V",15,0,8,1,1,1
"V",15,1,1,0,492,198
"V",15,1,1,1,15,12
"V",15,1,1,2,11,10
"V",15,1,1,3,3,3
"V",15,1,1,4,2,2
"V",15,1,2,0,192,92
"V",15,1,2,1,14,12
"V",15,1,2,2,6,6
"V",15,1,2,3,1,1
"V",15,1,3,0,97,58
"V",15,1,3,1,10,10
"V",15,1,3,10,1,1
"V",15,1,3,2,6,6
"V",15,1,3,3,2,2
"V",15,1,3,4,1,1
"V",15,1,3,7,1,1
"V",15,1,4,0,64,39
"V",15,1,4,1,17,15
"V",15,1,4,2,9,9
"V",15,1,4,4,1,1
"V",15,1,4,8,1,1
"V",15,1,5,0,24,18
"V",15,1,5,1,10,10
"V",15,1,5,2,1,1
"V",15,1,5,3,1,1
"V",15,1,5,5,1,1
"V",15,1,6,0,34,24
"V",15,1,6,1,13,12
"V",15,1,6,2,5,5
"V",15,1,6,3,3,3
"V",15,1,6,6,2,2
"V",15,1,6,7,1,1
"V",15,1,7,0,22,14
"V",15,1,7,1,4,4
"V",15,1,7,2,5,5
"V",15,1,7,3,2,2
"V",15,1,7,4,1,1
"V",15,1,8,0,30,23
"V",15,1,8,1,9,9
"V",15,1,8,2,3,3
"V",15,1,8,3,1,1
"V",15,1,8,4,2,2
"V",15,2,1,0,366,130
"V",15,2,1,1,21,19
"V",15,2,1,2,10,9
"V",15,2,1,3,4,4
"V",15,2,1,4,3,3
"V",15,2,1,6,2,2
"V",15,2,2,0,178,73
"V",15,2,2,1,22,18
"V",15,2,2,12,1,1
"V",15,2,2,2,16,15
"V",15,2,2,3,6,4
"V",15,2,2,4,5,5
"V",15,2,2,5,2,2
"V",15,2,3,0,88,38
"V",15,2,3,1,23,21
"V",15,2,3,10,1,1
"V",15,2,3,11,1,1
"V",15,2,3,2,11,8
"V",15,2,3,3,6,4
"V",15,2,3,4,2,2
"V",15,2,3,7,1,1
"V",15,2,4,0,81,29
"V",15,2,4,1,27,26
"V",15,2,4,2,7,7
"V",15,2,4,3,5,3
"V",15,2,4,4,1,1
"V",15,2,5,0,27,13
"V",15,2,5,1,8,7
"V",15,2,5,2,5,5
"V",15,2,5,3,5,5
"V",15,2,5,4,3,3
"V",15,2,5,5,2,2
"V",15,2,6,0,34,17
"V",15,2,6,1,17,11
"V",15,2,6,2,11,10
"V",15,2,6,3,5,4
"V",15,2,6,4,1,1
"V",15,2,6,5,1,1
"V",15,2,7,0,24,15
"V",15,2,7,1,13,9
"V",15,2,7,2,8,8
"V",15,2,7,3,2,2
"V",15,2,8,0,25,16
"V",15,2,8,1,18,15
"V",15,2,8,2,7,7
"V",15,2,8,3,1,1
"V",16,0,1,0,409,190
"V",16,0,1,1,5,5
"V",16,0,1,2,1,1
"V",16,0,1,3,1,1
"V",16,0,1,7,1,1
"V",16,0,2,0,97,53
"V",16,0,2,1,2,1
"V",16,0,2,2,1,1
"V",16,0,2,7,1,1
"V",16,0,3,0,22,13
"V",16,0,3,1,2,2
"V",16,0,3,2,2,2
"V",16,0,3,6,1,1
"V",16,0,4,0,19,12
"V",16,0,4,1,2,0
"V",16,0,4,2,1,1
"V",16,0,4,3,1,1
"V",16,0,5,0,5,5
"V",16,0,5,1,2,2
"V",16,0,6,0,6,4
"V",16,0,6,1,1,1
"V",16,0,6,2,1,1
"V",16,0,7,0,3,2
"V",16,0,7,1,1,1
"V",16,0,8,0,4,4
"V",16,0,8,1,2,2
"V",16,0,8,2,1,1
"V",16,0,8,3,2,2
"V",16,0,8,4,1,1
"V",16,1,1,0,290,119
"V",16,1,1,1,12,11
"V",16,1,1,2,2,2
"V",16,1,1,3,2,2
"V",16,1,1,8,1,1
"V",16,1,2,0,96,43
"V",16,1,2,1,10,7
"V",16,1,2,2,1,1
"V",16,1,2,3,1,1
"V",16,1,3,0,61,31
"V",16,1,3,1,6,2
"V",16,1,3,2,1,1
"V",16,1,3,3,1,1
"V",16,1,3,4,1,1
"V",16,1,4,0,35,21
"V",16,1,4,1,11,10
"V",16,1,4,2,5,5
"V",16,1,4,3,1,1
"V",16,1,4,4,1,1
"V",16,1,5,0,11,8
"V",16,1,5,1,2,2
"V",16,1,5,2,4,4
"V",16,1,5,3,1,1
"V",16,1,5,4,1,1
"V",16,1,5,5,1,1
"V",16,1,6,0,22,12
"V",16,1,6,1,5,4
"V",16,1,6,2,1,1
"V",16,1,6,3,1,1
"V",16,1,6,5,1,1
"V",16,1,7,0,14,10
"V",16,1,7,1,2,1
"V",16,1,7,2,1,1
"V",16,1,8,0,14,12
"V",16,1,8,1,7,6
"V",16,1,8,2,1,1
"V",16,2,1,0,209,80
"V",16,2,1,1,9,9
"V",16,2,1,2,3,3
"V",16,2,1,3,2,2
"V",16,2,1,8,1,1
"V",16,2,2,0,108,42
"V",16,2,2,1,20,16
"V",16,2,2,2,2,2
"V",16,2,2,3,4,4
"V",16,2,2,4,1,1
"V",16,2,3,0,51,25
"V",16,2,3,1,14,8
"V",16,2,3,2,4,4
"V",16,2,3,3,2,2
"V",16,2,3,4,1,1
"V",16,2,3,5,1,1
"V",16,2,4,0,41,18
"V",16,2,4,1,17,15
"V",16,2,4,2,10,10
"V",16,2,4,3,2,2
"V",16,2,4,4,2,2
"V",16,2,4,5,1,1
"V",16,2,5,0,13,8
"V",16,2,5,1,3,2
"V",16,2,5,2,3,3
"V",16,2,5,3,2,2
"V",16,2,5,4,1,1
"V",16,2,5,5,1,1
"V",16,2,6,0,17,9
"V",16,2,6,1,9,8
"V",16,2,6,2,7,7
"V",16,2,6,3,3,3
"V",16,2,6,4,1,1
"V",16,2,6,5,1,1
"V",16,2,7,0,6,2
"V",16,2,7,1,5,5
"V",16,2,7,2,5,4
"V",16,2,7,4,1,1
"V",16,2,8,0,17,10
"V",16,2,8,1,3,3
"V",16,2,8,2,2,2
"V",17,0,1,0,220,109
"V",17,0,1,1,5,5
"V",17,0,2,0,55,30
"V",17,0,2,1,2,2
"V",17,0,2,5,1,1
"V",17,0,3,0,10,8
"V",17,0,3,2,1,1
"V",17,0,4,0,5,4
"V",17,0,4,1,1,1
"V",17,0,4,2,2,2
"V",17,0,4,3,1,1
"V",17,0,5,0,1,1
"V",17,0,6,0,3,3
"V",17,0,6,1,3,3
"V",17,0,7,0,2,1
"V",17,0,8,0,1,0
"V",17,0,8,1,1,1
"V",17,0,8,2,2,2
"V",17,1,1,0,149,65
"V",17,1,1,1,4,4
"V",17,1,1,2,1,1
"V",17,1,1,3,2,2
"V",17,1,1,4,1,1
"V",17,1,2,0,66,33
"V",17,1,2,2,1,1
"V",17,1,2,3,1,1
"V",17,1,2,5,1,1
"V",17,1,3,0,38,22
"V",17,1,3,1,1,1
"V",17,1,3,2,1,1
"V",17,1,3,3,1,1
"V",17,1,4,0,20,15
"V",17,1,4,1,3,3
"V",17,1,4,2,2,2
"V",17,1,5,0,6,4
"V",17,1,5,1,2,2
"V",17,1,5,2,2,2
"V",17,1,5,5,1,1
"V",17,1,5,6,1,1
"V",17,1,5,7,1,1
"V",17,1,6,0,14,11
"V",17,1,6,1,6,5
"V",17,1,6,2,1,1
"V",17,1,6,3,1,1
"V",17,1,7,0,2,1
"V",17,1,8,0,5,3
"V",17,1,8,1,3,3
"V",17,1,8,2,1,1
"V",17,2,1,0,106,43
"V",17,2,1,1,6,6
"V",17,2,1,2,3,3
"V",17,2,1,3,1,1
"V",17,2,1,4,1,1
"V",17,2,1,6,1,1
"V",17,2,2,0,54,23
"V",17,2,2,1,12,9
"V",17,2,2,2,4,4
"V",17,2,2,3,2,2
"V",17,2,2,5,2,2
"V",17,2,3,0,27,12
"V",17,2,3,1,5,4
"V",17,2,3,2,4,4
"V",17,2,3,3,2,2
"V",17,2,3,4,3,3
"V",17,2,3,5,2,2
"V",17,2,3,6,1,1
"V",17,2,4,0,29,17
"V",17,2,4,1,11,9
"V",17,2,4,2,4,4
"V",17,2,4,3,1,1
"V",17,2,5,0,12,4
"V",17,2,5,1,3,2
"V",17,2,5,2,2,1
"V",17,2,5,7,1,1
"V",17,2,6,0,10,6
"V",17,2,6,1,3,1
"V",17,2,6,2,5,4
"V",17,2,7,0,4,3
"V",17,2,7,1,3,1
"V",17,2,7,2,2,2
"V",17,2,8,0,7,4
"V",17,2,8,1,3,3
"V",17,2,8,2,1,1
"V",17,2,8,3,1,1
"V",18,0,1,0,122,63
"V",18,0,1,1,2,2
"V",18,0,1,2,1,1
"V",18,0,2,0,34,19
"V",18,0,3,0,8,4
"V",18,0,4,0,4,4
"V",18,0,6,0,2,2
"V",18,0,6,1,1,1
"V",18,0,7,0,1,1
"V",18,0,8,1,1,1
"V",18,1,1,0,85,41
"V",18,1,1,1,3,3
"V",18,1,1,2,2,2
"V",18,1,2,0,35,16
"V",18,1,2,1,3,3
"V",18,1,2,2,1,1
"V",18,1,2,5,1,1
"V",18,1,3,0,17,9
"V",18,1,3,1,3,2
"V",18,1,3,3,1,1
"V",18,1,4,0,11,6
"V",18,1,4,1,5,5
"V",18,1,4,2,1,1
"V",18,1,4,3,1,1
"V",18,1,5,0,4,1
"V",18,1,5,1,2,2
"V",18,1,6,0,8,6
"V",18,1,6,1,3,3
"V",18,1,6,2,2,1
"V",18,1,6,5,1,1
"V",18,1,7,0,2,2
"V",18,1,7,1,2,2
"V",18,1,7,2,2,2
"V",18,1,7,3,1,1
"V",18,1,8,0,5,4
"V",18,1,8,1,1,1
"V",18,1,8,2,2,2
"V",18,1,8,3,1,1
"V",18,2,1,0,60,27
"V",18,2,1,1,3,3
"V",18,2,1,2,1,1
"V",18,2,1,3,1,1
"V",18,2,2,0,34,15
"V",18,2,2,1,3,3
"V",18,2,2,2,1,1
"V",18,2,3,0,14,5
"V",18,2,3,1,3,2
"V",18,2,3,2,3,3
"V",18,2,3,3,1,1
"V",18,2,4,0,13,6
"V",18,2,4,1,4,4
"V",18,2,4,2,3,3
"V",18,2,4,3,1,1
"V",18,2,4,4,1,1
"V",18,2,5,0,6,3
"V",18,2,6,0,4,3
"V",18,2,6,1,3,3
"V",18,2,6,2,3,3
"V",18,2,6,5,1,1
"V",18,2,7,0,3,2
"V",18,2,7,1,1,1
"V",18,2,7,5,1,1
"V",18,2,8,0,2,2
"V",18,2,8,1,1,1
"V",18,2,8,2,1,1
"V",19,0,1,0,66,37
"V",19,0,1,1,1,1
"V",19,0,2,0,24,14
"V",19,0,2,2,1,1
"V",19,0,3,0,3,0
"V",19,0,4,0,3,3
"V",19,0,5,1,1,1
"V",19,0,8,0,1,1
"V",19,0,8,1,1,1
"V",19,1,1,0,39,22
"V",19,1,1,1,2,2
"V",19,1,1,2,1,1
"V",19,1,2,0,14,7
"V",19,1,3,0,17,10
"V",19,1,3,2,1,1
"V",19,1,3,4,1,1
"V",19,1,4,0,12,7
"V",19,1,4,1,1,0
"V",19,1,4,2,1,1
"V",19,1,5,0,1,1
"V",19,1,6,0,1,1
"V",19,1,7,0,1,0
"V",19,1,7,1,2,2
"V",19,1,8,0,2,1
"V",19,1,8,1,4,3
"V",19,1,8,2,1,0
"V",19,2,1,0,30,14
"V",19,2,1,1,2,2
"V",19,2,1,2,1,1
"V",19,2,2,0,14,5
"V",19,2,2,1,1,0
"V",19,2,2,3,1,1
"V",19,2,2,5,1,1
"V",19,2,3,0,10,6
"V",19,2,3,1,3,3
"V",19,2,3,2,1,1
"V",19,2,3,4,2,2
"V",19,2,4,0,10,4
"V",19,2,4,1,3,2
"V",19,2,4,2,1,1
"V",19,2,5,0,3,3
"V",19,2,5,2,1,1
"V",19,2,5,4,1,1
"V",19,2,6,0,4,3
"V",19,2,6,1,1,1
"V",19,2,6,3,1,1
"V",19,2,7,0,2,1
"V",19,2,7,2,2,2
"V",19,2,8,0,2,1
"V",19,2,8,1,3,3
"V",19,2,8,2,1,0
"V",20,0,1,0,38,24
"V",20,0,1,1,1,1
"V",20,0,2,0,12,10
"V",20,0,3,1,1,1
"V",20,0,4,0,4,4
"V",20,0,4,2,1,1
"V",20,0,6,0,1,1
"V",20,0,6,1,1,1
"V",20,0,8,0,1,1
"V",20,0,8,1,1,1
"V",20,0,8,2,1,1
"V",20,1,1,0,28,15
"V",20,1,1,2,1,1
"V",20,1,2,0,11,6
"V",20,1,2,1,1,1
"V",20,1,2,2,1,1
"V",20,1,3,0,2,2
"V",20,1,3,2,1,1
"V",20,1,4,0,1,1
"V",20,1,5,1,1,1
"V",20,1,6,0,2,0
"V",20,1,7,1,1,0
"V",20,1,7,2,1,1
"V",20,1,8,2,2,2
"V",20,1,8,3,1,1
"V",20,2,1,0,20,11
"V",20,2,1,2,1,1
"V",20,2,2,0,10,7
"V",20,2,2,1,1,1
"V",20,2,2,2,1,1
"V",20,2,2,3,1,1
"V",20,2,3,0,5,4
"V",20,2,3,1,1,0
"V",20,2,3,2,1,1
"V",20,2,4,4,1,1
"V",20,2,5,1,1,1
"V",20,2,5,2,1,1
"V",20,2,6,0,5,4
"V",20,2,6,1,2,2
"V",20,2,7,0,1,0
"V",20,2,8,0,1,0
"V",20,2,8,2,1,1
"V",21,0,1,0,23,15
"V",21,0,2,0,9,7
"V",21,0,4,0,2,0
"V",21,0,7,0,2,1
"V",21,1,1,0,14,8
"V",21,1,1,3,1,1
"V",21,1,2,0,5,4
"V",21,1,3,0,5,5
"V",21,1,4,0,2,1
"V",21,1,5,0,1,1
"V",21,1,6,0,2,1
"V",21,1,7,0,3,2
"V",21,1,8,0,1,1
"V",21,1,8,1,1,1
"V",21,2,1,0,10,5
"V",21,2,1,1,1,1
"V",21,2,1,2,1,1
"V",21,2,1,3,2,1
"V",21,2,2,0,7,5
"V",21,2,2,3,1,1
"V",21,2,3,0,3,3
"V",21,2,3,1,2,2
"V",21,2,4,0,6,2
"V",21,2,4,1,2,2
"V",21,2,5,0,1,1
"V",21,2,6,0,1,1
"V",21,2,6,1,1,0
"V",21,2,7,0,2,1
"V",21,2,7,2,2,2
"V",21,2,8,0,1,1
"V",21,2,8,1,2,2
"V",22,0,1,0,13,7
"V",22,0,1,1,1,1
"V",22,0,2,0,3,3
"V",22,1,1,0,9,3
"V",22,1,1,1,1,1
"V",22,1,1,2,1,1
"V",22,1,2,0,3,2
"V",22,1,2,1,1,1
"V",22,1,3,0,2,2
"V",22,2,1,0,7,2
"V",22,2,1,1,1,1
"V",22,2,1,2,1,1
"V",22,2,2,0,4,2
"V",22,2,2,1,1,1
"V",22,2,3,0,2,1
"V",22,2,3,1,1,1
"V",22,2,4,0,2,2
"V",22,2,5,0,1,1
"V",22,2,6,1,1,1
"V",23,0,1,0,4,2
"V",23,1,1,0,4,2
"V",23,2,1,0,4,2
"V",23,2,2,0,2,1
"V",23,2,4,0,1,0
"V",23,2,5,0,1,1
"V",23,2,6,0,1,1
"V",23,2,6,2,1,1
"V",23,2,7,1,1,1
"V",24,0,1,0,3,1
"V",24,0,2,0,1,1
"V",24,1,1,0,2,0
"V",24,1,2,0,2,1
"V",24,2,1,0,1,0
"V",24,2,2,0,1,0
"V",24,2,3,0,1,1
"V",24,2,4,0,1,1
"V",24,2,8,0,1,1
"V",25,0,1,0,2,1
"V",25,0,1,1,1,1
"V",25,0,2,0,2,1
"V",25,1,1,1,1,1
"V",25,2,1,0,1,0
"V",25,2,1,1,1,1
