"H",1,0,1,-1,10456,5090
"H",1,0,1,-10,5,0
"H",1,0,1,-11,2,0
"H",1,0,1,-12,1,0
"H",1,0,1,-2,5229,2035
"H",1,0,1,-3,2542,722
"H",1,0,1,-4,1137,238
"H",1,0,1,-5,433,55
"H",1,0,1,-6,154,17
"H",1,0,1,-7,57,0
"H",1,0,1,-8,20,0
"H",1,0,1,-9,17,1
"H",1,0,1,0,50351,30121
"H",1,0,1,1,506,367
"H",1,0,1,2,204,162
"H",1,0,1,3,121,102
"H",1,0,1,4,71,64
"H",1,0,1,5,18,18
"H",1,0,1,6,4,3
"H",1,0,1,7,1,1
"H",1,0,2,-1,3326,1772
"H",1,0,2,-10,4,0
"H",1,0,2,-2,1632,725
"H",1,0,2,-3,794,270
"H",1,0,2,-4,360,91
"H",1,0,2,-5,142,25
"H",1,0,2,-6,50,5
"H",1,0,2,-7,19,0
"H",1,0,2,-8,10,0
"H",1,0,2,-9,5,0
"H",1,0,2,0,15511,9945
"H",1,0,2,1,524,389
"H",1,0,2,2,194,151
"H",1,0,2,3,96,82
"H",1,0,2,4,34,29
"H",1,0,2,5,12,11
"H",1,0,2,6,3,2
"H",1,0,3,-1,727,390
"H",1,0,3,-2,322,156
"H",1,0,3,-3,150,44
"H",1,0,3,-4,63,14
"H",1,0,3,-5,24,2
"H",1,0,3,-6,11,4
"H",1,0,3,-7,2,0
"H",1,0,3,-8,4,0
"H",1,0,3,-9,1,0
"H",1,0,3,0,3365,2214
"H",1,0,3,1,430,327
"H",1,0,3,2,178,148
"H",1,0,3,3,69,63
"H",1,0,3,4,25,19
"H",1,0,3,5,6,5
"H",1,0,3,6,2,2
"H",1,0,4,-1,751,464
"H",1,0,4,-10,1,0
"H",1,0,4,-2,433,229
"H",1,0,4,-3,226,100
"H",1,0,4,-4,109,39
"H",1,0,4,-5,43,11
"H",1,0,4,-6,14,3
"H",1,0,4,-7,6,0
"H",1,0,4,-8,2,0
"H",1,0,4,-9,1,0
"H",1,0,4,0,3269,2295
"H",1,0,4,1,421,323
"H",1,0,4,2,170,138
"H",1,0,4,3,57,49
"H",1,0,4,4,20,19
"H",1,0,4,5,4,4
"H",1,0,4,6,2,1
"H",1,0,4,8,1,1
"H",1,0,5,-1,209,116
"H",1,0,5,-11,1,0
"H",1,0,5,-2,82,31
"H",1,0,5,-3,36,14
"H",1,0,5,-4,17,6
"H",1,0,5,-5,8,2
"H",1,0,5,-6,3,1
"H",1,0,5,-7,1,0
"H",1,0,5,0,911,608
"H",1,0,5,1,279,213
"H",1,0,5,2,95,86
"H",1,0,5,3,35,28
"H",1,0,5,4,14,14
"H",1,0,5,5,3,3
"H",1,0,5,6,1,1
"H",1,0,6,-1,331,207
"H",1,0,6,-10,1,0
"H",1,0,6,-2,140,65
"H",1,0,6,-3,56,21
"H",1,0,6,-4,29,7
"H",1,0,6,-5,7,1
"H",1,0,6,-6,3,0
"H",1,0,6,-7,2,0
"H",1,0,6,0,1381,996
"H",1,0,6,1,389,319
"H",1,0,6,2,146,128
"H",1,0,6,3,45,40
"H",1,0,6,4,16,16
"H",1,0,6,5,5,5
"H",1,0,6,6,2,2
"H",1,0,7,-1,174,117
"H",1,0,7,-10,1,0
"H",1,0,7,-2,88,48
"H",1,0,7,-3,29,11
"H",1,0,7,-4,16,7
"H",1,0,7,-5,6,3
"H",1,0,7,-6,3,1
"H",1,0,7,-7,1,0
"H",1,0,7,0,628,451
"H",1,0,7,1,210,176
"H",1,0,7,2,89,73
"H",1,0,7,3,31,29
"H",1,0,7,4,7,6
"H",1,0,7,5,1,1
"H",1,0,8,-1,192,135
"H",1,0,8,-2,113,62
"H",1,0,8,-3,51,27
"H",1,0,8,-4,33,17
"H",1,0,8,-5,7,3
"H",1,0,8,-6,4,1
"H",1,0,8,-7,2,0
"H",1,0,8,0,764,578
"H",1,0,8,1,261,213
"H",1,0,8,2,104,91
"H",1,0,8,3,40,36
"H",1,0,8,4,12,10
"H",1,0,8,5,2,2
"H",1,0,8,6,1,1
"H",1,1,1,-1,6742,3068
"H",1,1,1,-10,2,0
"H",1,1,1,-11,1,0
"H",1,1,1,-12,1,0
"H",1,1,1,-2,3372,1197
"H",1,1,1,-3,1627,421
"H",1,1,1,-4,723,136
"H",1,1,1,-5,268,28
"H",1,1,1,-6,88,8
"H",1,1,1,-7,34,0
"H",1,1,1,-8,6,0
"H",1,1,1,-9,11,1
"H",1,1,1,0,32532,18550
"H",1,1,1,1,1090,762
"H",1,1,1,2,710,559
"H",1,1,1,3,456,386
"H",1,1,1,4,168,151
"H",1,1,1,5,52,49
"H",1,1,1,6,15,14
"H",1,1,1,7,8,8
"H",1,1,1,9,1,1
"H",1,1,2,-1,3108,1517
"H",1,1,2,-10,1,0
"H",1,1,2,-11,1,0
"H",1,1,2,-2,1710,701
"H",1,1,2,-3,820,251
"H",1,1,2,-4,393,82
"H",1,1,2,-5,129,15
"H",1,1,2,-6,42,2
"H",1,1,2,-7,22,0
"H",1,1,2,-8,4,0
"H",1,1,2,-9,9,1
"H",1,1,2,0,14493,8770
"H",1,1,2,1,1881,1362
"H",1,1,2,2,799,630
"H",1,1,2,3,378,323
"H",1,1,2,4,168,151
"H",1,1,2,5,45,43
"H",1,1,2,6,31,30
"H",1,1,2,7,5,5
"H",1,1,3,-1,1343,641
"H",1,1,3,-10,2,0
"H",1,1,3,-2,532,227
"H",1,1,3,-3,252,77
"H",1,1,3,-4,92,23
"H",1,1,3,-5,43,5
"H",1,1,3,-6,11,1
"H",1,1,3,-7,1,0
"H",1,1,3,-8,3,0
"H",1,1,3,-9,1,0
"H",1,1,3,0,6500,4007
"H",1,1,3,1,1339,966
"H",1,1,3,2,616,473
"H",1,1,3,3,240,206
"H",1,1,3,4,121,106
"H",1,1,3,5,37,37
"H",1,1,3,6,13,12
"H",1,1,3,7,5,5
"H",1,1,3,8,1,1
"H",1,1,4,-1,1028,532
"H",1,1,4,-10,1,0
"H",1,1,4,-11,1,0
"H",1,1,4,-2,557,268
"H",1,1,4,-3,277,88
"H",1,1,4,-4,126,33
"H",1,1,4,-5,46,5
"H",1,1,4,-6,17,1
"H",1,1,4,-7,8,0
"H",1,1,4,-8,3,0
"H",1,1,4,-9,1,0
"H",1,1,4,0,4465,2871
"H",1,1,4,1,1168,845
"H",1,1,4,11,1,1
"H",1,1,4,2,542,439
"H",1,1,4,3,235,205
"H",1,1,4,4,109,97
"H",1,1,4,5,40,40
"H",1,1,4,6,12,12
"H",1,1,4,7,4,4
"H",1,1,4,8,1,1
"H",1,1,4,9,1,1
"H",1,1,5,-1,533,293
"H",1,1,5,-2,217,88
"H",1,1,5,-3,95,23
"H",1,1,5,-4,44,10
"H",1,1,5,-5,12,4
"H",1,1,5,-6,10,3
"H",1,1,5,-8,2,0
"H",1,1,5,0,2252,1483
"H",1,1,5,1,856,648
"H",1,1,5,11,1,1
"H",1,1,5,2,326,276
"H",1,1,5,3,139,121
"H",1,1,5,4,62,56
"H",1,1,5,5,24,23
"H",1,1,5,6,6,6
"H",1,1,5,7,1,1
"H",1,1,5,8,3,3
"H",1,1,6,-1,577,318
"H",1,1,6,-2,281,139
"H",1,1,6,-3,124,34
"H",1,1,6,-4,55,9
"H",1,1,6,-5,15,2
"H",1,1,6,-6,6,0
"H",1,1,6,-7,5,0
"H",1,1,6,-8,1,0
"H",1,1,6,0,2295,1549
"H",1,1,6,1,974,741
"H",1,1,6,10,1,1
"H",1,1,6,11,1,1
"H",1,1,6,2,409,329
"H",1,1,6,3,170,154
"H",1,1,6,4,74,66
"H",1,1,6,5,34,32
"H",1,1,6,6,12,12
"H",1,1,6,7,2,2
"H",1,1,6,8,1,1
"H",1,1,6,9,1,1
"H",1,1,7,-1,443,252
"H",1,1,7,-10,1,0
"H",1,1,7,-2,209,105
"H",1,1,7,-3,108,42
"H",1,1,7,-4,49,18
"H",1,1,7,-5,15,3
"H",1,1,7,-6,4,0
"H",1,1,7,-7,2,0
"H",1,1,7,0,1864,1304
"H",1,1,7,1,605,474
"H",1,1,7,2,311,252
"H",1,1,7,3,100,90
"H",1,1,7,4,43,41
"H",1,1,7,5,20,19
"H",1,1,7,6,6,5
"H",1,1,7,7,1,1
"H",1,1,8,-1,335,204
"H",1,1,8,-2,208,103
"H",1,1,8,-3,77,33
"H",1,1,8,-4,47,17
"H",1,1,8,-5,12,0
"H",1,1,8,-6,3,1
"H",1,1,8,-7,6,0
"H",1,1,8,-8,1,0
"H",1,1,8,0,1537,1065
"H",1,1,8,1,681,533
"H",1,1,8,2,325,270
"H",1,1,8,3,151,125
"H",1,1,8,4,61,59
"H",1,1,8,5,16,15
"H",1,1,8,6,5,5
"H",1,1,8,7,3,3
"H",1,1,8,8,1,1
"H",1,1,8,9,1,1
"H",1,2,1,-1,4950,2150
"H",1,2,1,-10,1,0
"H",1,2,1,-12,1,0
"H",1,2,1,-2,2401,767
"H",1,2,1,-3,1172,264
"H",1,2,1,-4,499,78
"H",1,2,1,-5,209,19
"H",1,2,1,-6,63,5
"H",1,2,1,-7,26,0
"H",1,2,1,-8,9,0
"H",1,2,1,-9,6,0
"H",1,2,1,0,23747,13065
"H",1,2,1,1,2280,1534
"H",1,2,1,11,1,1
"H",1,2,1,14,1,1
"H",1,2,1,2,1370,1063
"H",1,2,1,3,704,593
"H",1,2,1,4,288,249
"H",1,2,1,5,104,94
"H",1,2,1,6,31,30
"H",1,2,1,7,15,15
"H",1,2,1,8,5,5
"H",1,2,1,9,3,3
"H",1,2,2,-1,2763,1252
"H",1,2,2,-2,1533,515
"H",1,2,2,-3,734,180
"H",1,2,2,-4,338,65
"H",1,2,2,-5,117,8
"H",1,2,2,-6,48,4
"H",1,2,2,-7,21,0
"H",1,2,2,-8,5,1
"H",1,2,2,-9,6,0
"H",1,2,2,0,12794,7312
"H",1,2,2,1,3054,2060
"H",1,2,2,10,1,1
"H",1,2,2,2,1542,1224
"H",1,2,2,3,738,621
"H",1,2,2,4,327,286
"H",1,2,2,5,100,95
"H",1,2,2,6,46,44
"H",1,2,2,7,21,20
"H",1,2,2,8,9,9
"H",1,2,2,9,5,5
"H",1,2,3,-1,1482,695
"H",1,2,3,-10,1,0
"H",1,2,3,-2,652,240
"H",1,2,3,-3,309,73
"H",1,2,3,-4,109,18
"H",1,2,3,-5,43,7
"H",1,2,3,-6,16,0
"H",1,2,3,-7,6,0
"H",1,2,3,-8,2,0
"H",1,2,3,-9,4,1
"H",1,2,3,0,6435,3777
"H",1,2,3,1,2416,1660
"H",1,2,3,10,1,1
"H",1,2,3,2,1228,934
"H",1,2,3,3,533,449
"H",1,2,3,4,259,234
"H",1,2,3,5,96,90
"H",1,2,3,6,46,42
"H",1,2,3,7,9,9
"H",1,2,3,8,4,4
"H",1,2,3,9,2,2
"H",1,2,4,-1,1080,487
"H",1,2,4,-2,596,245
"H",1,2,4,-3,299,79
"H",1,2,4,-4,118,24
"H",1,2,4,-5,41,7
"H",1,2,4,-6,18,1
"H",1,2,4,-7,6,0
"H",1,2,4,-8,4,0
"H",1,2,4,-9,2,0
"H",1,2,4,0,4598,2713
"H",1,2,4,1,1842,1260
"H",1,2,4,10,3,3
"H",1,2,4,11,1,1
"H",1,2,4,14,1,1
"H",1,2,4,2,931,745
"H",1,2,4,3,445,385
"H",1,2,4,4,211,187
"H",1,2,4,5,73,69
"H",1,2,4,6,42,40
"H",1,2,4,7,16,16
"H",1,2,4,8,3,3
"H",1,2,4,9,3,3
"H",1,2,5,-1,641,300
"H",1,2,5,-10,1,0
"H",1,2,5,-2,279,100
"H",1,2,5,-3,120,48
"H",1,2,5,-4,44,12
"H",1,2,5,-5,24,4
"H",1,2,5,-6,6,2
"H",1,2,5,-8,1,0
"H",1,2,5,-9,1,0
"H",1,2,5,0,2749,1606
"H",1,2,5,1,1292,924
"H",1,2,5,10,1,1
"H",1,2,5,11,1,1
"H",1,2,5,2,594,451
"H",1,2,5,3,248,207
"H",1,2,5,4,139,129
"H",1,2,5,5,37,33
"H",1,2,5,6,18,16
"H",1,2,5,7,11,11
"H",1,2,5,8,3,3
"H",1,2,5,9,1,1
"H",1,2,6,-1,546,250
"H",1,2,6,-11,1,0
"H",1,2,6,-2,258,104
"H",1,2,6,-3,132,34
"H",1,2,6,-4,54,7
"H",1,2,6,-5,14,1
"H",1,2,6,-6,7,1
"H",1,2,6,-8,1,0
"H",1,2,6,0,2296,1386
"H",1,2,6,1,1199,847
"H",1,2,6,10,2,2
"H",1,2,6,11,1,1
"H",1,2,6,13,1,1
"H",1,2,6,2,550,424
"H",1,2,6,3,252,216
"H",1,2,6,4,114,104
"H",1,2,6,5,39,37
"H",1,2,6,6,22,22
"H",1,2,6,7,9,8
"H",1,2,6,8,4,4
"H",1,2,6,9,1,1
"H",1,2,7,-1,370,184
"H",1,2,7,-10,1,0
"H",1,2,7,-2,157,60
"H",1,2,7,-3,91,18
"H",1,2,7,-4,36,7
"H",1,2,7,-5,15,2
"H",1,2,7,-6,11,1
"H",1,2,7,-7,2,0
"H",1,2,7,0,1289,787
"H",1,2,7,1,732,522
"H",1,2,7,10,1,1
"H",1,2,7,11,1,1
"H",1,2,7,2,403,324
"H",1,2,7,3,167,147
"H",1,2,7,4,68,57
"H",1,2,7,5,40,39
"H",1,2,7,6,17,16
"H",1,2,7,7,2,2
"H",1,2,7,8,2,2
"H",1,2,7,9,1,1
"H",1,2,8,-1,347,162
"H",1,2,8,-10,1,0
"H",1,2,8,-2,206,84
"H",1,2,8,-3,103,27
"H",1,2,8,-4,37,6
"H",1,2,8,-5,14,2
"H",1,2,8,-6,6,2
"H",1,2,8,-7,2,0
"H",1,2,8,-8,2,0
"H",1,2,8,0,1426,886
"H",1,2,8,1,776,562
"H",1,2,8,10,2,2
"H",1,2,8,11,1,1
"H",1,2,8,14,1,1
"H",1,2,8,15,1,1
"H",1,2,8,2,419,340
"H",1,2,8,3,243,211
"H",1,2,8,4,92,84
"H",1,2,8,5,30,30
"H",1,2,8,6,9,9
"H",1,2,8,7,13,13
"H",1,2,8,8,4,4
"H",1,2,8,9,1,1
"H",2,0,1,-1,12531,5735
"H",2,0,1,-10,20,0
"H",2,0,1,-11,9,0
"H",2,0,1,-12,5,0
"H",2,0,1,-13,3,0
"H",2,0,1,-2,6554,2261
"H",2,0,1,-3,3309,820
"H",2,0,1,-4,1555,286
"H",2,0,1,-5,787,114
"H",2,0,1,-6,444,34
"H",2,0,1,-7,215,12
"H",2,0,1,-8,100,5
"H",2,0,1,-9,55,2
"H",2,0,1,0,29858,17368
"H",2,0,1,1,8705,6131
"H",2,0,1,10,6,6
"H",2,0,1,11,3,3
"H",2,0,1,14,1,1
"H",2,0,1,15,1,1
"H",2,0,1,2,4451,3539
"H",2,0,1,3,2061,1777
"H",2,0,1,4,934,845
"H",2,0,1,5,336,320
"H",2,0,1,6,129,126
"H",2,0,1,7,62,60
"H",2,0,1,8,22,22
"H",2,0,1,9,11,11
"H",2,0,2,-1,3492,1800
"H",2,0,2,-10,5,0
"H",2,0,2,-11,2,0
"H",2,0,2,-12,2,0
"H",2,0,2,-13,3,0
"H",2,0,2,-2,1768,665
"H",2,0,2,-3,915,248
"H",2,0,2,-4,437,98
"H",2,0,2,-5,239,44
"H",2,0,2,-6,125,15
"H",2,0,2,-7,62,5
"H",2,0,2,-8,26,0
"H",2,0,2,-9,17,1
"H",2,0,2,0,8228,5110
"H",2,0,2,1,2546,1867
"H",2,0,2,10,1,1
"H",2,0,2,11,3,3
"H",2,0,2,15,1,1
"H",2,0,2,2,1366,1124
"H",2,0,2,3,582,518
"H",2,0,2,4,273,252
"H",2,0,2,5,108,102
"H",2,0,2,6,55,54
"H",2,0,2,7,26,25
"H",2,0,2,8,8,8
"H",2,0,2,9,3,3
"H",2,0,3,-1,826,438
"H",2,0,3,-2,420,182
"H",2,0,3,-3,212,67
"H",2,0,3,-4,105,22
"H",2,0,3,-5,48,8
"H",2,0,3,-6,35,5
"H",2,0,3,-7,10,0
"H",2,0,3,-8,4,1
"H",2,0,3,-9,4,1
"H",2,0,3,0,1879,1230
"H",2,0,3,1,738,562
"H",2,0,3,2,375,310
"H",2,0,3,3,165,149
"H",2,0,3,4,89,84
"H",2,0,3,5,29,27
"H",2,0,3,6,17,16
"H",2,0,3,7,7,7
"H",2,0,3,8,7,7
"H",2,0,3,9,3,3
"H",2,0,4,-1,779,468
"H",2,0,4,-10,1,0
"H",2,0,4,-2,458,208
"H",2,0,4,-3,223,72
"H",2,0,4,-4,118,29
"H",2,0,4,-5,72,15
"H",2,0,4,-6,36,7
"H",2,0,4,-7,20,4
"H",2,0,4,-8,6,0
"H",2,0,4,-9,6,0
"H",2,0,4,0,1700,1160
"H",2,0,4,1,640,509
"H",2,0,4,2,346,295
"H",2,0,4,3,142,122
"H",2,0,4,4,68,63
"H",2,0,4,5,38,36
"H",2,0,4,6,15,14
"H",2,0,4,7,9,9
"H",2,0,4,8,2,2
"H",2,0,5,-1,208,118
"H",2,0,5,-11,1,0
"H",2,0,5,-2,101,49
"H",2,0,5,-3,52,20
"H",2,0,5,-4,25,3
"H",2,0,5,-5,6,1
"H",2,0,5,-6,4,0
"H",2,0,5,-7,2,0
"H",2,0,5,-8,1,1
"H",2,0,5,0,471,311
"H",2,0,5,1,255,208
"H",2,0,5,10,1,1
"H",2,0,5,2,137,116
"H",2,0,5,3,53,48
"H",2,0,5,4,32,30
"H",2,0,5,5,11,11
"H",2,0,5,6,9,9
"H",2,0,5,7,1,1
"H",2,0,5,9,1,1
"H",2,0,6,-1,313,186
"H",2,0,6,-10,1,0
"H",2,0,6,-12,1,0
"H",2,0,6,-13,1,0
"H",2,0,6,-2,131,61
"H",2,0,6,-3,71,27
"H",2,0,6,-4,35,7
"H",2,0,6,-5,12,4
"H",2,0,6,-6,15,2
"H",2,0,6,-7,5,0
"H",2,0,6,-8,4,0
"H",2,0,6,-9,2,0
"H",2,0,6,0,747,528
"H",2,0,6,1,327,258
"H",2,0,6,11,1,1
"H",2,0,6,2,157,133
"H",2,0,6,3,72,69
"H",2,0,6,4,42,39
"H",2,0,6,5,16,15
"H",2,0,6,6,7,7
"H",2,0,6,7,4,4
"H",2,0,6,8,2,2
"H",2,0,6,9,1,1
"H",2,0,7,-1,168,116
"H",2,0,7,-10,1,0
"H",2,0,7,-2,79,28
"H",2,0,7,-3,43,16
"H",2,0,7,-4,21,5
"H",2,0,7,-5,11,5
"H",2,0,7,-6,4,0
"H",2,0,7,-7,5,0
"H",2,0,7,-8,3,0
"H",2,0,7,-9,1,0
"H",2,0,7,0,389,276
"H",2,0,7,1,198,156
"H",2,0,7,2,86,77
"H",2,0,7,3,44,40
"H",2,0,7,4,33,30
"H",2,0,7,5,11,11
"H",2,0,7,6,3,3
"H",2,0,7,7,2,2
"H",2,0,7,8,2,2
"H",2,0,7,9,1,1
"H",2,0,8,-1,183,120
"H",2,0,8,-2,92,47
"H",2,0,8,-3,48,28
"H",2,0,8,-4,32,11
"H",2,0,8,-5,18,7
"H",2,0,8,-6,9,3
"H",2,0,8,-7,6,2
"H",2,0,8,-8,2,0
"H",2,0,8,0,387,287
"H",2,0,8,1,200,166
"H",2,0,8,11,1,1
"H",2,0,8,12,1,1
"H",2,0,8,2,97,91
"H",2,0,8,3,47,41
"H",2,0,8,4,24,21
"H",2,0,8,5,10,9
"H",2,0,8,6,7,7
"H",2,0,8,7,2,2
"H",2,0,8,8,1,1
"H",2,1,1,-1,8342,3531
"H",2,1,1,-10,16,0
"H",2,1,1,-11,6,0
"H",2,1,1,-12,3,0
"H",2,1,1,-2,4310,1370
"H",2,1,1,-3,2149,477
"H",2,1,1,-4,994,156
"H",2,1,1,-5,504,64
"H",2,1,1,-6,285,15
"H",2,1,1,-7,138,6
"H",2,1,1,-8,66,2
"H",2,1,1,-9,32,0
"H",2,1,1,0,19821,10966
"H",2,1,1,1,6408,4392
"H",2,1,1,10,6,6
"H",2,1,1,11,2,2
"H",2,1,1,14,1,1
"H",2,1,1,2,3238,2508
"H",2,1,1,3,1577,1334
"H",2,1,1,4,702,630
"H",2,1,1,5,273,259
"H",2,1,1,6,102,100
"H",2,1,1,7,66,64
"H",2,1,1,8,26,26
"H",2,1,1,9,11,11
"H",2,1,2,-1,3638,1644
"H",2,1,2,-10,6,0
"H",2,1,2,-11,4,0
"H",2,1,2,-12,5,0
"H",2,1,2,-13,2,0
"H",2,1,2,-2,1979,698
"H",2,1,2,-3,992,260
"H",2,1,2,-4,478,93
"H",2,1,2,-5,267,40
"H",2,1,2,-6,133,11
"H",2,1,2,-7,69,1
"H",2,1,2,-8,33,2
"H",2,1,2,-9,15,1
"H",2,1,2,0,8623,5010
"H",2,1,2,1,3276,2352
"H",2,1,2,10,4,4
"H",2,1,2,11,5,5
"H",2,1,2,14,1,1
"H",2,1,2,15,1,1
"H",2,1,2,2,1686,1354
"H",2,1,2,3,826,718
"H",2,1,2,4,408,373
"H",2,1,2,5,193,178
"H",2,1,2,6,87,84
"H",2,1,2,7,43,43
"H",2,1,2,8,18,18
"H",2,1,2,9,10,10
"H",2,1,3,-1,1365,655
"H",2,1,3,-10,1,0
"H",2,1,3,-2,592,206
"H",2,1,3,-3,296,83
"H",2,1,3,-4,136,31
"H",2,1,3,-5,73,15
"H",2,1,3,-6,44,4
"H",2,1,3,-7,15,2
"H",2,1,3,-8,5,1
"H",2,1,3,-9,6,1
"H",2,1,3,0,3346,2066
"H",2,1,3,1,1558,1135
"H",2,1,3,10,3,3
"H",2,1,3,2,934,763
"H",2,1,3,3,464,409
"H",2,1,3,4,257,238
"H",2,1,3,5,100,91
"H",2,1,3,6,57,55
"H",2,1,3,7,24,23
"H",2,1,3,8,13,13
"H",2,1,3,9,6,6
"H",2,1,4,-1,1082,556
"H",2,1,4,-10,2,0
"H",2,1,4,-11,1,0
"H",2,1,4,-12,1,0
"H",2,1,4,-2,629,238
"H",2,1,4,-3,324,94
"H",2,1,4,-4,188,44
"H",2,1,4,-5,102,21
"H",2,1,4,-6,47,8
"H",2,1,4,-7,34,1
"H",2,1,4,-8,9,0
"H",2,1,4,-9,10,0
"H",2,1,4,0,2447,1514
"H",2,1,4,1,1284,954
"H",2,1,4,10,6,6
"H",2,1,4,11,1,1
"H",2,1,4,12,1,1
"H",2,1,4,13,1,1
"H",2,1,4,14,2,2
"H",2,1,4,2,720,591
"H",2,1,4,3,383,331
"H",2,1,4,4,197,180
"H",2,1,4,5,115,107
"H",2,1,4,6,57,53
"H",2,1,4,7,27,26
"H",2,1,4,8,12,12
"H",2,1,4,9,4,4
"H",2,1,5,-1,505,257
"H",2,1,5,-2,212,92
"H",2,1,5,-3,105,37
"H",2,1,5,-4,54,14
"H",2,1,5,-5,18,1
"H",2,1,5,-6,16,1
"H",2,1,5,-7,2,0
"H",2,1,5,-8,2,1
"H",2,1,5,-9,2,0
"H",2,1,5,0,1155,722
"H",2,1,5,1,708,552
"H",2,1,5,10,3,3
"H",2,1,5,2,365,305
"H",2,1,5,3,195,170
"H",2,1,5,4,96,92
"H",2,1,5,5,65,63
"H",2,1,5,6,35,35
"H",2,1,5,7,9,9
"H",2,1,5,8,9,9
"H",2,1,5,9,3,3
"H",2,1,6,-1,458,245
"H",2,1,6,-11,1,0
"H",2,1,6,-12,2,0
"H",2,1,6,-2,237,93
"H",2,1,6,-3,128,44
"H",2,1,6,-4,56,13
"H",2,1,6,-5,19,4
"H",2,1,6,-6,17,2
"H",2,1,6,-7,8,1
"H",2,1,6,-8,5,1
"H",2,1,6,-9,1,0
"H",2,1,6,0,1188,754
"H",2,1,6,1,696,523
"H",2,1,6,10,3,3
"H",2,1,6,14,1,1
"H",2,1,6,15,1,1
"H",2,1,6,2,365,312
"H",2,1,6,3,205,185
"H",2,1,6,4,123,112
"H",2,1,6,5,61,55
"H",2,1,6,6,26,26
"H",2,1,6,7,17,16
"H",2,1,6,8,10,10
"H",2,1,6,9,4,4
"H",2,1,7,-1,417,237
"H",2,1,7,-10,1,0
"H",2,1,7,-12,1,0
"H",2,1,7,-2,237,104
"H",2,1,7,-3,109,36
"H",2,1,7,-4,39,14
"H",2,1,7,-5,18,3
"H",2,1,7,-6,12,0
"H",2,1,7,-7,4,2
"H",2,1,7,-8,1,0
"H",2,1,7,-9,1,0
"H",2,1,7,0,1008,670
"H",2,1,7,1,533,419
"H",2,1,7,10,1,1
"H",2,1,7,15,1,1
"H",2,1,7,2,308,257
"H",2,1,7,3,179,160
"H",2,1,7,4,91,86
"H",2,1,7,5,51,48
"H",2,1,7,6,20,20
"H",2,1,7,7,13,13
"H",2,1,7,8,5,5
"H",2,1,7,9,3,3
"H",2,1,8,-1,359,214
"H",2,1,8,-2,169,72
"H",2,1,8,-3,98,41
"H",2,1,8,-4,45,14
"H",2,1,8,-5,31,7
"H",2,1,8,-6,12,4
"H",2,1,8,-7,6,1
"H",2,1,8,-8,1,0
"H",2,1,8,-9,1,0
"H",2,1,8,0,788,532
"H",2,1,8,1,498,395
"H",2,1,8,10,1,1
"H",2,1,8,12,1,1
"H",2,1,8,14,1,1
"H",2,1,8,2,254,204
"H",2,1,8,3,171,156
"H",2,1,8,4,108,103
"H",2,1,8,5,57,55
"H",2,1,8,6,24,23
"H",2,1,8,7,13,11
"H",2,1,8,8,8,8
"H",2,1,8,9,1,1
"H",2,2,1,-1,6248,2576
"H",2,2,1,-10,13,0
"H",2,2,1,-11,4,0
"H",2,2,1,-2,3187,956
"H",2,2,1,-3,1617,315
"H",2,2,1,-4,727,101
"H",2,2,1,-5,354,37
"H",2,2,1,-6,209,9
"H",2,2,1,-7,98,6
"H",2,2,1,-8,46,0
"H",2,2,1,-9,24,0
"H",2,2,1,0,14854,7914
"H",2,2,1,1,5439,3623
"H",2,2,1,10,5,5
"H",2,2,1,11,3,3
"H",2,2,1,2,2839,2192
"H",2,2,1,3,1379,1158
"H",2,2,1,4,673,597
"H",2,2,1,5,313,298
"H",2,2,1,6,151,145
"H",2,2,1,7,93,89
"H",2,2,1,8,42,42
"H",2,2,1,9,13,13
"H",2,2,2,-1,3320,1367
"H",2,2,2,-10,9,0
"H",2,2,2,-11,5,0
"H",2,2,2,-12,2,0
"H",2,2,2,-2,1823,594
"H",2,2,2,-3,925,188
"H",2,2,2,-4,440,71
"H",2,2,2,-5,243,32
"H",2,2,2,-6,133,8
"H",2,2,2,-7,53,3
"H",2,2,2,-8,30,1
"H",2,2,2,-9,11,1
"H",2,2,2,0,7771,4304
"H",2,2,2,1,3459,2376
"H",2,2,2,10,4,4
"H",2,2,2,11,5,5
"H",2,2,2,12,1,1
"H",2,2,2,16,2,2
"H",2,2,2,2,1890,1467
"H",2,2,2,3,1039,880
"H",2,2,2,4,550,497
"H",2,2,2,5,293,274
"H",2,2,2,6,141,136
"H",2,2,2,7,77,75
"H",2,2,2,8,49,48
"H",2,2,2,9,20,20
"H",2,2,3,-1,1560,719
"H",2,2,3,-10,2,0
"H",2,2,3,-11,1,0
"H",2,2,3,-13,1,0
"H",2,2,3,-2,709,224
"H",2,2,3,-3,361,92
"H",2,2,3,-4,161,25
"H",2,2,3,-5,95,10
"H",2,2,3,-6,46,3
"H",2,2,3,-7,19,1
"H",2,2,3,-8,9,0
"H",2,2,3,-9,7,1
"H",2,2,3,0,3613,2100
"H",2,2,3,1,2094,1477
"H",2,2,3,10,7,7
"H",2,2,3,11,3,3
"H",2,2,3,2,1322,1053
"H",2,2,3,3,747,647
"H",2,2,3,4,454,413
"H",2,2,3,5,219,204
"H",2,2,3,6,142,135
"H",2,2,3,7,66,66
"H",2,2,3,8,24,24
"H",2,2,3,9,17,17
"H",2,2,4,-1,1223,556
"H",2,2,4,-10,7,0
"H",2,2,4,-11,2,0
"H",2,2,4,-12,2,0
"H",2,2,4,-2,702,238
"H",2,2,4,-3,373,98
"H",2,2,4,-4,186,36
"H",2,2,4,-5,102,15
"H",2,2,4,-6,52,4
"H",2,2,4,-7,26,1
"H",2,2,4,-8,10,0
"H",2,2,4,-9,10,0
"H",2,2,4,0,2757,1600
"H",2,2,4,1,1666,1157
"H",2,2,4,10,8,8
"H",2,2,4,11,3,3
"H",2,2,4,12,2,2
"H",2,2,4,13,1,1
"H",2,2,4,2,1038,816
"H",2,2,4,3,557,463
"H",2,2,4,4,298,270
"H",2,2,4,5,183,171
"H",2,2,4,6,94,90
"H",2,2,4,7,47,44
"H",2,2,4,8,31,30
"H",2,2,4,9,15,15
"H",2,2,5,-1,597,282
"H",2,2,5,-2,284,91
"H",2,2,5,-3,139,28
"H",2,2,5,-4,71,12
"H",2,2,5,-5,25,2
"H",2,2,5,-6,25,2
"H",2,2,5,-7,4,1
"H",2,2,5,-8,2,0
"H",2,2,5,-9,3,0
"H",2,2,5,0,1418,815
"H",2,2,5,1,880,617
"H",2,2,5,10,2,2
"H",2,2,5,11,1,1
"H",2,2,5,2,536,425
"H",2,2,5,3,339,300
"H",2,2,5,4,222,200
"H",2,2,5,5,94,88
"H",2,2,5,6,63,60
"H",2,2,5,7,23,22
"H",2,2,5,8,19,19
"H",2,2,5,9,7,7
"H",2,2,6,-1,554,249
"H",2,2,6,-2,253,84
"H",2,2,6,-3,160,32
"H",2,2,6,-4,69,15
"H",2,2,6,-5,34,7
"H",2,2,6,-6,20,2
"H",2,2,6,-7,10,0
"H",2,2,6,-8,6,0
"H",2,2,6,-9,2,1
"H",2,2,6,0,1273,737
"H",2,2,6,1,904,630
"H",2,2,6,10,3,3
"H",2,2,6,11,1,1
"H",2,2,6,2,529,425
"H",2,2,6,3,324,280
"H",2,2,6,4,194,175
"H",2,2,6,5,112,106
"H",2,2,6,6,63,58
"H",2,2,6,7,25,24
"H",2,2,6,8,13,12
"H",2,2,6,9,9,9
"H",2,2,7,-1,356,181
"H",2,2,7,-2,197,65
"H",2,2,7,-3,116,30
"H",2,2,7,-4,48,8
"H",2,2,7,-5,23,2
"H",2,2,7,-6,17,0
"H",2,2,7,-7,2,0
"H",2,2,7,-8,2,0
"H",2,2,7,-9,1,0
"H",2,2,7,0,833,470
"H",2,2,7,1,571,419
"H",2,2,7,10,3,3
"H",2,2,7,14,1,1
"H",2,2,7,15,1,1
"H",2,2,7,2,419,357
"H",2,2,7,3,194,169
"H",2,2,7,4,131,123
"H",2,2,7,5,69,65
"H",2,2,7,6,37,35
"H",2,2,7,7,18,17
"H",2,2,7,8,9,9
"H",2,2,7,9,2,2
"H",2,2,8,-1,423,220
"H",2,2,8,-10,4,0
"H",2,2,8,-2,210,75
"H",2,2,8,-3,133,38
"H",2,2,8,-4,51,14
"H",2,2,8,-5,29,6
"H",2,2,8,-6,15,2
"H",2,2,8,-7,7,0
"H",2,2,8,-8,3,0
"H",2,2,8,-9,1,0
"H",2,2,8,0,900,553
"H",2,2,8,1,560,397
"H",2,2,8,10,3,3
"H",2,2,8,12,1,1
"H",2,2,8,14,1,1
"H",2,2,8,2,390,330
"H",2,2,8,3,249,221
"H",2,2,8,4,143,134
"H",2,2,8,5,59,56
"H",2,2,8,6,41,39
"H",2,2,8,7,15,13
"H",2,2,8,8,11,11
"H",2,2,8,9,3,3
"H",3,0,1,-1,11539,5193
"H",3,0,1,-10,50,1
"H",3,0,1,-11,26,0
"H",3,0,1,-12,15,0
"H",3,0,1,-13,6,0
"H",3,0,1,-14,3,0
"H",3,0,1,-15,2,0
"H",3,0,1,-18,1,0
"H",3,0,1,-2,7165,2476
"H",3,0,1,-3,4357,1039
"H",3,0,1,-4,2586,431
"H",3,0,1,-5,1489,179
"H",3,0,1,-6,730,50
"H",3,0,1,-7,386,22
"H",3,0,1,-8,169,3
"H",3,0,1,-9,97,3
"H",3,0,1,0,20955,12237
"H",3,0,1,1,10154,7289
"H",3,0,1,10,25,24
"H",3,0,1,11,10,10
"H",3,0,1,13,1,1
"H",3,0,1,14,2,2
"H",3,0,1,15,2,2
"H",3,0,1,16,1,1
"H",3,0,1,17,1,1
"H",3,0,1,2,5597,4573
"H",3,0,1,3,2963,2596
"H",3,0,1,4,1566,1438
"H",3,0,1,5,845,800
"H",3,0,1,6,459,442
"H",3,0,1,7,212,210
"H",3,0,1,8,109,109
"H",3,0,1,9,48,48
"H",3,0,2,-1,2970,1528
"H",3,0,2,-10,12,0
"H",3,0,2,-11,4,0
"H",3,0,2,-12,2,0
"H",3,0,2,-13,1,0
"H",3,0,2,-15,1,0
"H",3,0,2,-2,1883,744
"H",3,0,2,-3,1190,344
"H",3,0,2,-4,684,145
"H",3,0,2,-5,381,63
"H",3,0,2,-6,187,17
"H",3,0,2,-7,101,10
"H",3,0,2,-8,43,2
"H",3,0,2,-9,26,2
"H",3,0,2,0,5162,3244
"H",3,0,2,1,2800,2130
"H",3,0,2,10,10,9
"H",3,0,2,11,2,2
"H",3,0,2,12,1,1
"H",3,0,2,13,1,1
"H",3,0,2,14,1,1
"H",3,0,2,15,2,2
"H",3,0,2,16,1,1
"H",3,0,2,2,1670,1400
"H",3,0,2,3,895,798
"H",3,0,2,4,515,479
"H",3,0,2,5,270,262
"H",3,0,2,6,140,136
"H",3,0,2,7,65,65
"H",3,0,2,8,32,32
"H",3,0,2,9,18,18
"H",3,0,3,-1,610,321
"H",3,0,3,-10,2,0
"H",3,0,3,-11,2,0
"H",3,0,3,-2,346,152
"H",3,0,3,-3,219,72
"H",3,0,3,-4,116,28
"H",3,0,3,-5,73,16
"H",3,0,3,-6,39,4
"H",3,0,3,-7,17,1
"H",3,0,3,-8,7,0
"H",3,0,3,-9,7,0
"H",3,0,3,0,1072,712
"H",3,0,3,1,675,523
"H",3,0,3,10,5,5
"H",3,0,3,11,1,1
"H",3,0,3,2,455,388
"H",3,0,3,3,305,277
"H",3,0,3,4,171,155
"H",3,0,3,5,86,82
"H",3,0,3,6,44,41
"H",3,0,3,7,15,15
"H",3,0,3,8,6,6
"H",3,0,3,9,8,8
"H",3,0,4,-1,634,391
"H",3,0,4,-10,4,0
"H",3,0,4,-2,424,194
"H",3,0,4,-3,309,120
"H",3,0,4,-4,172,46
"H",3,0,4,-5,89,20
"H",3,0,4,-6,49,6
"H",3,0,4,-7,25,2
"H",3,0,4,-8,9,1
"H",3,0,4,-9,5,0
"H",3,0,4,0,972,678
"H",3,0,4,1,640,511
"H",3,0,4,10,5,4
"H",3,0,4,11,2,2
"H",3,0,4,15,1,1
"H",3,0,4,2,395,337
"H",3,0,4,3,222,200
"H",3,0,4,4,146,136
"H",3,0,4,5,98,97
"H",3,0,4,6,45,45
"H",3,0,4,7,17,16
"H",3,0,4,8,10,10
"H",3,0,4,9,9,9
"H",3,0,5,-1,159,82
"H",3,0,5,-10,1,0
"H",3,0,5,-2,83,40
"H",3,0,5,-3,67,26
"H",3,0,5,-4,36,10
"H",3,0,5,-5,21,4
"H",3,0,5,-6,6,0
"H",3,0,5,-7,4,0
"H",3,0,5,-8,1,0
"H",3,0,5,-9,2,0
"H",3,0,5,0,297,218
"H",3,0,5,1,203,166
"H",3,0,5,12,1,1
"H",3,0,5,14,1,1
"H",3,0,5,2,178,151
"H",3,0,5,3,100,92
"H",3,0,5,4,67,63
"H",3,0,5,5,35,35
"H",3,0,5,6,17,16
"H",3,0,5,7,10,10
"H",3,0,5,8,4,4
"H",3,0,5,9,1,1
"H",3,0,6,-1,209,118
"H",3,0,6,-10,1,0
"H",3,0,6,-11,1,0
"H",3,0,6,-2,166,88
"H",3,0,6,-3,86,32
"H",3,0,6,-4,51,15
"H",3,0,6,-5,27,6
"H",3,0,6,-6,13,2
"H",3,0,6,-7,7,1
"H",3,0,6,-8,2,0
"H",3,0,6,-9,5,2
"H",3,0,6,0,403,308
"H",3,0,6,1,315,270
"H",3,0,6,11,2,1
"H",3,0,6,2,252,220
"H",3,0,6,3,131,117
"H",3,0,6,4,73,69
"H",3,0,6,5,37,36
"H",3,0,6,6,15,14
"H",3,0,6,7,9,9
"H",3,0,6,8,4,4
"H",3,0,6,9,3,3
"H",3,0,7,-1,128,80
"H",3,0,7,-2,95,52
"H",3,0,7,-3,42,16
"H",3,0,7,-4,32,12
"H",3,0,7,-5,13,4
"H",3,0,7,-6,8,2
"H",3,0,7,-7,4,1
"H",3,0,7,-8,4,0
"H",3,0,7,0,176,129
"H",3,0,7,1,161,140
"H",3,0,7,10,3,3
"H",3,0,7,2,138,121
"H",3,0,7,3,85,80
"H",3,0,7,4,49,49
"H",3,0,7,5,23,22
"H",3,0,7,6,12,12
"H",3,0,7,7,5,5
"H",3,0,7,8,1,1
"H",3,0,7,9,1,1
"H",3,0,8,-1,132,87
"H",3,0,8,-10,1,0
"H",3,0,8,-2,96,60
"H",3,0,8,-3,77,33
"H",3,0,8,-4,53,22
"H",3,0,8,-5,20,6
"H",3,0,8,-6,12,2
"H",3,0,8,-7,7,0
"H",3,0,8,-8,3,1
"H",3,0,8,-9,3,1
"H",3,0,8,0,248,196
"H",3,0,8,1,189,161
"H",3,0,8,10,4,4
"H",3,0,8,11,2,2
"H",3,0,8,2,134,121
"H",3,0,8,3,83,75
"H",3,0,8,4,49,48
"H",3,0,8,5,28,28
"H",3,0,8,6,14,14
"H",3,0,8,7,7,7
"H",3,0,8,8,3,3
"H",3,0,8,9,3,3
"H",3,1,1,-1,8119,3417
"H",3,1,1,-10,35,1
"H",3,1,1,-11,21,0
"H",3,1,1,-12,13,0
"H",3,1,1,-13,5,0
"H",3,1,1,-14,3,0
"H",3,1,1,-15,1,0
"H",3,1,1,-18,1,0
"H",3,1,1,-2,4988,1580
"H",3,1,1,-3,2947,605
"H",3,1,1,-4,1793,251
"H",3,1,1,-5,1031,98
"H",3,1,1,-6,510,30
"H",3,1,1,-7,263,11
"H",3,1,1,-8,124,1
"H",3,1,1,-9,62,1
"H",3,1,1,0,14996,8396
"H",3,1,1,1,7242,5039
"H",3,1,1,10,16,16
"H",3,1,1,11,8,8
"H",3,1,1,15,1,1
"H",3,1,1,17,1,1
"H",3,1,1,18,1,1
"H",3,1,1,2,3941,3150
"H",3,1,1,3,2153,1867
"H",3,1,1,4,1202,1099
"H",3,1,1,5,676,629
"H",3,1,1,6,356,341
"H",3,1,1,7,176,173
"H",3,1,1,8,95,95
"H",3,1,1,9,32,32
"H",3,1,2,-1,3329,1534
"H",3,1,2,-10,16,1
"H",3,1,2,-11,8,0
"H",3,1,2,-12,6,0
"H",3,1,2,-13,2,0
"H",3,1,2,-14,2,0
"H",3,1,2,-15,2,0
"H",3,1,2,-18,1,0
"H",3,1,2,-2,2249,816
"H",3,1,2,-3,1357,340
"H",3,1,2,-4,815,139
"H",3,1,2,-5,452,61
"H",3,1,2,-6,217,18
"H",3,1,2,-7,122,9
"H",3,1,2,-8,52,1
"H",3,1,2,-9,33,0
"H",3,1,2,0,5956,3585
"H",3,1,2,1,3312,2379
"H",3,1,2,10,16,16
"H",3,1,2,11,5,5
"H",3,1,2,12,3,3
"H",3,1,2,13,1,1
"H",3,1,2,14,1,1
"H",3,1,2,15,1,1
"H",3,1,2,18,1,1
"H",3,1,2,2,2059,1680
"H",3,1,2,3,1244,1104
"H",3,1,2,4,645,593
"H",3,1,2,5,392,373
"H",3,1,2,6,179,172
"H",3,1,2,7,105,102
"H",3,1,2,8,49,49
"H",3,1,2,9,28,28
"H",3,1,3,-1,1444,700
"H",3,1,3,-10,6,0
"H",3,1,3,-11,3,0
"H",3,1,3,-12,2,0
"H",3,1,3,-2,685,257
"H",3,1,3,-3,353,89
"H",3,1,3,-4,214,41
"H",3,1,3,-5,126,17
"H",3,1,3,-6,69,5
"H",3,1,3,-7,38,3
"H",3,1,3,-8,17,1
"H",3,1,3,-9,8,0
"H",3,1,3,0,2624,1638
"H",3,1,3,1,1731,1250
"H",3,1,3,10,7,7
"H",3,1,3,11,1,1
"H",3,1,3,12,1,1
"H",3,1,3,16,1,1
"H",3,1,3,2,1083,903
"H",3,1,3,3,646,575
"H",3,1,3,4,405,372
"H",3,1,3,5,209,192
"H",3,1,3,6,99,95
"H",3,1,3,7,57,57
"H",3,1,3,8,25,25
"H",3,1,3,9,14,14
"H",3,1,4,-1,1036,539
"H",3,1,4,-10,4,0
"H",3,1,4,-11,3,0
"H",3,1,4,-12,4,0
"H",3,1,4,-13,1,0
"H",3,1,4,-14,1,0
"H",3,1,4,-15,1,0
"H",3,1,4,-2,723,294
"H",3,1,4,-3,483,148
"H",3,1,4,-4,291,67
"H",3,1,4,-5,176,34
"H",3,1,4,-6,70,10
"H",3,1,4,-7,47,5
"H",3,1,4,-8,16,1
"H",3,1,4,-9,12,0
"H",3,1,4,0,1806,1194
"H",3,1,4,1,1235,926
"H",3,1,4,10,4,4
"H",3,1,4,11,3,3
"H",3,1,4,13,1,1
"H",3,1,4,14,1,1
"H",3,1,4,16,1,1
"H",3,1,4,2,727,600
"H",3,1,4,3,492,438
"H",3,1,4,4,317,298
"H",3,1,4,5,165,160
"H",3,1,4,6,78,77
"H",3,1,4,7,41,41
"H",3,1,4,8,22,22
"H",3,1,4,9,10,10
"H",3,1,5,-1,422,213
"H",3,1,5,-10,1,0
"H",3,1,5,-2,218,98
"H",3,1,5,-3,122,36
"H",3,1,5,-4,64,16
"H",3,1,5,-5,39,6
"H",3,1,5,-6,18,2
"H",3,1,5,-7,14,0
"H",3,1,5,-8,6,0
"H",3,1,5,-9,3,0
"H",3,1,5,0,810,542
"H",3,1,5,1,658,502
"H",3,1,5,10,5,5
"H",3,1,5,11,1,1
"H",3,1,5,12,1,1
"H",3,1,5,13,1,1
"H",3,1,5,2,534,459
"H",3,1,5,3,307,277
"H",3,1,5,4,195,176
"H",3,1,5,5,106,100
"H",3,1,5,6,51,44
"H",3,1,5,7,21,21
"H",3,1,5,8,14,14
"H",3,1,5,9,8,8
"H",3,1,6,-1,495,280
"H",3,1,6,-10,3,0
"H",3,1,6,-11,1,0
"H",3,1,6,-2,280,116
"H",3,1,6,-3,189,58
"H",3,1,6,-4,111,25
"H",3,1,6,-5,36,7
"H",3,1,6,-6,28,1
"H",3,1,6,-7,16,0
"H",3,1,6,-8,4,0
"H",3,1,6,-9,6,0
"H",3,1,6,0,899,630
"H",3,1,6,1,717,564
"H",3,1,6,10,6,6
"H",3,1,6,11,3,2
"H",3,1,6,12,4,4
"H",3,1,6,15,1,1
"H",3,1,6,16,1,1
"H",3,1,6,2,518,445
"H",3,1,6,3,306,278
"H",3,1,6,4,178,165
"H",3,1,6,5,108,102
"H",3,1,6,6,48,45
"H",3,1,6,7,27,27
"H",3,1,6,8,9,9
"H",3,1,6,9,10,10
"H",3,1,7,-1,434,266
"H",3,1,7,-12,1,0
"H",3,1,7,-2,254,132
"H",3,1,7,-3,144,49
"H",3,1,7,-4,57,16
"H",3,1,7,-5,38,7
"H",3,1,7,-6,17,0
"H",3,1,7,-7,5,1
"H",3,1,7,-8,7,0
"H",3,1,7,-9,2,0
"H",3,1,7,0,663,452
"H",3,1,7,1,565,440
"H",3,1,7,10,5,5
"H",3,1,7,11,2,2
"H",3,1,7,12,1,1
"H",3,1,7,14,1,1
"H",3,1,7,18,1,1
"H",3,1,7,2,404,350
"H",3,1,7,3,212,193
"H",3,1,7,4,143,131
"H",3,1,7,5,89,84
"H",3,1,7,6,39,39
"H",3,1,7,7,21,21
"H",3,1,7,8,15,15
"H",3,1,7,9,7,7
"H",3,1,8,-1,309,170
"H",3,1,8,-10,1,0
"H",3,1,8,-11,1,0
"H",3,1,8,-12,1,0
"H",3,1,8,-15,1,0
"H",3,1,8,-2,226,115
"H",3,1,8,-3,139,61
"H",3,1,8,-4,81,28
"H",3,1,8,-5,60,13
"H",3,1,8,-6,25,5
"H",3,1,8,-7,10,3
"H",3,1,8,-8,6,1
"H",3,1,8,-9,4,0
"H",3,1,8,0,623,436
"H",3,1,8,1,491,380
"H",3,1,8,10,6,6
"H",3,1,8,11,3,3
"H",3,1,8,12,1,1
"H",3,1,8,14,1,1
"H",3,1,8,2,357,311
"H",3,1,8,3,237,213
"H",3,1,8,4,137,125
"H",3,1,8,5,89,87
"H",3,1,8,6,41,40
"H",3,1,8,7,21,21
"H",3,1,8,8,10,10
"H",3,1,8,9,4,4
"H",3,2,1,-1,6154,2493
"H",3,2,1,-10,25,0
"H",3,2,1,-11,15,0
"H",3,2,1,-12,7,0
"H",3,2,1,-13,4,0
"H",3,2,1,-14,1,0
"H",3,2,1,-2,3680,1072
"H",3,2,1,-3,2242,426
"H",3,2,1,-4,1346,168
"H",3,2,1,-5,765,60
"H",3,2,1,-6,379,18
"H",3,2,1,-7,186,5
"H",3,2,1,-8,94,1
"H",3,2,1,-9,41,1
"H",3,2,1,0,11414,6107
"H",3,2,1,1,5703,3897
"H",3,2,1,10,26,26
"H",3,2,1,11,13,13
"H",3,2,1,12,7,7
"H",3,2,1,17,1,1
"H",3,2,1,2,3293,2593
"H",3,2,1,3,2014,1714
"H",3,2,1,4,1223,1125
"H",3,2,1,5,651,606
"H",3,2,1,6,368,354
"H",3,2,1,7,148,147
"H",3,2,1,8,89,89
"H",3,2,1,9,36,36
"H",3,2,2,-1,3195,1353
"H",3,2,2,-10,12,1
"H",3,2,2,-11,9,0
"H",3,2,2,-12,4,0
"H",3,2,2,-13,3,0
"H",3,2,2,-14,2,0
"H",3,2,2,-15,1,0
"H",3,2,2,-18,1,0
"H",3,2,2,-2,2208,694
"H",3,2,2,-3,1323,282
"H",3,2,2,-4,831,120
"H",3,2,2,-5,440,33
"H",3,2,2,-6,228,13
"H",3,2,2,-7,121,3
"H",3,2,2,-8,59,1
"H",3,2,2,-9,23,0
"H",3,2,2,0,5936,3350
"H",3,2,2,1,3593,2431
"H",3,2,2,10,17,17
"H",3,2,2,11,7,7
"H",3,2,2,12,6,6
"H",3,2,2,13,3,3
"H",3,2,2,14,1,1
"H",3,2,2,15,1,1
"H",3,2,2,2,2281,1808
"H",3,2,2,3,1512,1296
"H",3,2,2,4,886,811
"H",3,2,2,5,490,466
"H",3,2,2,6,276,262
"H",3,2,2,7,142,138
"H",3,2,2,8,72,72
"H",3,2,2,9,37,37
"H",3,2,3,-1,1662,735
"H",3,2,3,-10,5,0
"H",3,2,3,-11,2,0
"H",3,2,3,-12,1,0
"H",3,2,3,-2,836,268
"H",3,2,3,-3,483,106
"H",3,2,3,-4,264,35
"H",3,2,3,-5,147,16
"H",3,2,3,-6,65,6
"H",3,2,3,-7,42,3
"H",3,2,3,-8,19,0
"H",3,2,3,-9,7,0
"H",3,2,3,0,3043,1741
"H",3,2,3,1,2106,1460
"H",3,2,3,10,15,15
"H",3,2,3,11,9,9
"H",3,2,3,12,5,5
"H",3,2,3,13,3,3
"H",3,2,3,2,1456,1187
"H",3,2,3,3,939,829
"H",3,2,3,4,593,547
"H",3,2,3,5,337,314
"H",3,2,3,6,182,175
"H",3,2,3,7,95,94
"H",3,2,3,8,48,47
"H",3,2,3,9,23,22
"H",3,2,4,-1,1188,564
"H",3,2,4,-10,5,0
"H",3,2,4,-11,1,0
"H",3,2,4,-12,1,0
"H",3,2,4,-2,898,302
"H",3,2,4,-3,553,143
"H",3,2,4,-4,336,63
"H",3,2,4,-5,164,23
"H",3,2,4,-6,86,10
"H",3,2,4,-7,50,2
"H",3,2,4,-8,22,1
"H",3,2,4,-9,7,0
"H",3,2,4,0,2188,1287
"H",3,2,4,1,1508,1085
"H",3,2,4,10,14,14
"H",3,2,4,11,8,8
"H",3,2,4,12,3,3
"H",3,2,4,14,1,1
"H",3,2,4,16,1,1
"H",3,2,4,17,1,1
"H",3,2,4,2,1073,866
"H",3,2,4,3,751,654
"H",3,2,4,4,491,454
"H",3,2,4,5,291,280
"H",3,2,4,6,139,136
"H",3,2,4,7,69,68
"H",3,2,4,8,50,50
"H",3,2,4,9,23,23
"H",3,2,5,-1,700,302
"H",3,2,5,-10,1,0
"H",3,2,5,-11,1,0
"H",3,2,5,-2,348,118
"H",3,2,5,-3,181,37
"H",3,2,5,-4,114,20
"H",3,2,5,-5,62,3
"H",3,2,5,-6,35,1
"H",3,2,5,-7,18,0
"H",3,2,5,-8,8,0
"H",3,2,5,-9,6,1
"H",3,2,5,0,1185,712
"H",3,2,5,1,984,694
"H",3,2,5,10,6,6
"H",3,2,5,11,3,3
"H",3,2,5,12,2,2
"H",3,2,5,13,1,1
"H",3,2,5,14,1,1
"H",3,2,5,2,708,579
"H",3,2,5,3,457,404
"H",3,2,5,4,277,246
"H",3,2,5,5,156,146
"H",3,2,5,6,75,69
"H",3,2,5,7,39,38
"H",3,2,5,8,16,16
"H",3,2,5,9,15,15
"H",3,2,6,-1,604,275
"H",3,2,6,-11,2,0
"H",3,2,6,-12,1,0
"H",3,2,6,-2,341,119
"H",3,2,6,-3,231,60
"H",3,2,6,-4,136,22
"H",3,2,6,-5,69,4
"H",3,2,6,-6,32,6
"H",3,2,6,-7,12,0
"H",3,2,6,-8,11,0
"H",3,2,6,-9,9,0
"H",3,2,6,0,1050,647
"H",3,2,6,1,910,662
"H",3,2,6,10,2,2
"H",3,2,6,11,5,4
"H",3,2,6,12,2,2
"H",3,2,6,13,2,2
"H",3,2,6,16,1,1
"H",3,2,6,2,670,547
"H",3,2,6,3,406,359
"H",3,2,6,4,253,233
"H",3,2,6,5,142,128
"H",3,2,6,6,72,70
"H",3,2,6,7,50,50
"H",3,2,6,8,23,23
"H",3,2,6,9,20,20
"H",3,2,7,-1,398,202
"H",3,2,7,-10,1,0
"H",3,2,7,-11,1,0
"H",3,2,7,-12,1,0
"H",3,2,7,-14,1,0
"H",3,2,7,-2,214,78
"H",3,2,7,-3,157,48
"H",3,2,7,-4,92,16
"H",3,2,7,-5,43,5
"H",3,2,7,-6,22,1
"H",3,2,7,-7,16,1
"H",3,2,7,-8,6,0
"H",3,2,7,-9,2,0
"H",3,2,7,0,611,373
"H",3,2,7,1,527,391
"H",3,2,7,10,5,5
"H",3,2,7,11,2,2
"H",3,2,7,12,2,2
"H",3,2,7,2,401,323
"H",3,2,7,3,237,205
"H",3,2,7,4,146,137
"H",3,2,7,5,92,88
"H",3,2,7,6,45,43
"H",3,2,7,7,30,30
"H",3,2,7,8,20,19
"H",3,2,7,9,8,8
"H",3,2,8,-1,403,197
"H",3,2,8,-10,1,0
"H",3,2,8,-2,247,107
"H",3,2,8,-3,167,51
"H",3,2,8,-4,97,20
"H",3,2,8,-5,43,8
"H",3,2,8,-6,22,4
"H",3,2,8,-7,12,0
"H",3,2,8,-8,5,0
"H",3,2,8,-9,2,0
"H",3,2,8,0,715,466
"H",3,2,8,1,577,404
"H",3,2,8,10,8,8
"H",3,2,8,11,5,5
"H",3,2,8,12,4,4
"H",3,2,8,13,1,1
"H",3,2,8,2,434,364
"H",3,2,8,3,290,263
"H",3,2,8,4,191,176
"H",3,2,8,5,107,104
"H",3,2,8,6,58,57
"H",3,2,8,7,33,32
"H",3,2,8,8,25,24
"H",3,2,8,9,11,11
"H",4,0,1,-1,11136,4857
"H",4,0,1,-10,100,0
"H",4,0,1,-11,49,1
"H",4,0,1,-12,32,0
"H",4,0,1,-13,16,0
"H",4,0,1,-14,3,0
"H",4,0,1,-15,4,0
"H",4,0,1,-16,1,0
"H",4,0,1,-19,1,0
"H",4,0,1,-2,7606,2417
"H",4,0,1,-3,4963,1050
"H",4,0,1,-4,3011,425
"H",4,0,1,-5,1851,170
"H",4,0,1,-6,1078,68
"H",4,0,1,-7,584,25
"H",4,0,1,-8,349,8
"H",4,0,1,-9,176,2
"H",4,0,1,0,15714,9347
"H",4,0,1,1,9747,7061
"H",4,0,1,10,58,58
"H",4,0,1,11,29,28
"H",4,0,1,12,21,21
"H",4,0,1,13,10,10
"H",4,0,1,15,2,2
"H",4,0,1,17,3,3
"H",4,0,1,2,6435,5344
"H",4,0,1,3,4033,3626
"H",4,0,1,4,2476,2316
"H",4,0,1,5,1405,1347
"H",4,0,1,6,753,734
"H",4,0,1,7,364,362
"H",4,0,1,8,186,184
"H",4,0,1,9,101,101
"H",4,0,2,-1,3082,1518
"H",4,0,2,-10,29,0
"H",4,0,2,-11,9,1
"H",4,0,2,-12,6,0
"H",4,0,2,-13,3,0
"H",4,0,2,-15,1,0
"H",4,0,2,-19,1,0
"H",4,0,2,-2,2098,756
"H",4,0,2,-3,1413,355
"H",4,0,2,-4,849,143
"H",4,0,2,-5,512,57
"H",4,0,2,-6,290,29
"H",4,0,2,-7,146,11
"H",4,0,2,-8,104,5
"H",4,0,2,-9,48,1
"H",4,0,2,0,4434,2830
"H",4,0,2,1,2791,2121
"H",4,0,2,10,19,19
"H",4,0,2,11,10,10
"H",4,0,2,12,6,6
"H",4,0,2,13,5,5
"H",4,0,2,2,1806,1512
"H",4,0,2,3,1189,1093
"H",4,0,2,4,687,648
"H",4,0,2,5,414,399
"H",4,0,2,6,229,224
"H",4,0,2,7,108,107
"H",4,0,2,8,65,65
"H",4,0,2,9,26,26
"H",4,0,3,-1,736,395
"H",4,0,3,-10,4,0
"H",4,0,3,-11,1,0
"H",4,0,3,-12,1,0
"H",4,0,3,-16,1,0
"H",4,0,3,-2,459,185
"H",4,0,3,-3,297,80
"H",4,0,3,-4,179,34
"H",4,0,3,-5,98,12
"H",4,0,3,-6,78,6
"H",4,0,3,-7,33,2
"H",4,0,3,-8,24,1
"H",4,0,3,-9,10,0
"H",4,0,3,0,1047,707
"H",4,0,3,1,775,623
"H",4,0,3,10,5,5
"H",4,0,3,11,2,2
"H",4,0,3,12,1,1
"H",4,0,3,13,1,1
"H",4,0,3,2,476,403
"H",4,0,3,3,315,299
"H",4,0,3,4,192,182
"H",4,0,3,5,132,130
"H",4,0,3,6,72,70
"H",4,0,3,7,37,37
"H",4,0,3,8,27,27
"H",4,0,3,9,12,12
"H",4,0,4,-1,659,395
"H",4,0,4,-10,11,0
"H",4,0,4,-11,7,1
"H",4,0,4,-12,1,0
"H",4,0,4,-15,1,0
"H",4,0,4,-2,528,220
"H",4,0,4,-3,346,98
"H",4,0,4,-4,230,52
"H",4,0,4,-5,137,19
"H",4,0,4,-6,82,9
"H",4,0,4,-7,49,8
"H",4,0,4,-8,28,4
"H",4,0,4,-9,9,0
"H",4,0,4,0,915,632
"H",4,0,4,1,605,479
"H",4,0,4,10,9,9
"H",4,0,4,11,1,1
"H",4,0,4,12,2,2
"H",4,0,4,13,1,1
"H",4,0,4,14,2,2
"H",4,0,4,15,1,1
"H",4,0,4,2,431,381
"H",4,0,4,3,266,256
"H",4,0,4,4,170,161
"H",4,0,4,5,92,90
"H",4,0,4,6,64,64
"H",4,0,4,7,30,30
"H",4,0,4,8,20,20
"H",4,0,4,9,11,11
"H",4,0,5,-1,187,107
"H",4,0,5,-10,2,0
"H",4,0,5,-2,145,55
"H",4,0,5,-3,79,24
"H",4,0,5,-4,37,11
"H",4,0,5,-5,27,2
"H",4,0,5,-6,16,0
"H",4,0,5,-7,10,1
"H",4,0,5,-8,7,0
"H",4,0,5,-9,8,0
"H",4,0,5,0,291,204
"H",4,0,5,1,243,200
"H",4,0,5,10,1,1
"H",4,0,5,11,1,1
"H",4,0,5,12,1,1
"H",4,0,5,2,167,142
"H",4,0,5,3,106,98
"H",4,0,5,4,83,79
"H",4,0,5,5,37,37
"H",4,0,5,6,29,28
"H",4,0,5,7,17,17
"H",4,0,5,8,3,3
"H",4,0,5,9,2,2
"H",4,0,6,-1,315,203
"H",4,0,6,-10,4,1
"H",4,0,6,-2,186,96
"H",4,0,6,-3,113,46
"H",4,0,6,-4,71,20
"H",4,0,6,-5,31,7
"H",4,0,6,-6,23,1
"H",4,0,6,-7,12,1
"H",4,0,6,-8,19,1
"H",4,0,6,-9,4,1
"H",4,0,6,0,422,307
"H",4,0,6,1,349,287
"H",4,0,6,10,1,1
"H",4,0,6,11,1,1
"H",4,0,6,13,2,2
"H",4,0,6,2,206,178
"H",4,0,6,3,131,123
"H",4,0,6,4,89,87
"H",4,0,6,5,55,54
"H",4,0,6,6,26,25
"H",4,0,6,7,20,20
"H",4,0,6,8,16,16
"H",4,0,6,9,6,6
"H",4,0,7,-1,165,103
"H",4,0,7,-2,98,47
"H",4,0,7,-3,72,22
"H",4,0,7,-4,47,11
"H",4,0,7,-5,31,5
"H",4,0,7,-6,15,2
"H",4,0,7,-7,9,1
"H",4,0,7,-8,6,0
"H",4,0,7,-9,4,0
"H",4,0,7,0,240,183
"H",4,0,7,1,199,173
"H",4,0,7,10,1,1
"H",4,0,7,16,1,1
"H",4,0,7,2,86,82
"H",4,0,7,3,82,74
"H",4,0,7,4,33,32
"H",4,0,7,5,33,31
"H",4,0,7,6,22,22
"H",4,0,7,7,7,7
"H",4,0,7,8,9,9
"H",4,0,7,9,5,5
"H",4,0,8,-1,165,114
"H",4,0,8,-10,3,1
"H",4,0,8,-2,97,53
"H",4,0,8,-3,75,33
"H",4,0,8,-4,55,16
"H",4,0,8,-5,34,8
"H",4,0,8,-6,23,2
"H",4,0,8,-7,10,1
"H",4,0,8,-8,5,1
"H",4,0,8,-9,4,0
"H",4,0,8,0,204,166
"H",4,0,8,1,161,141
"H",4,0,8,10,6,6
"H",4,0,8,2,134,126
"H",4,0,8,3,81,76
"H",4,0,8,4,55,53
"H",4,0,8,5,30,28
"H",4,0,8,6,20,20
"H",4,0,8,7,11,11
"H",4,0,8,8,8,8
"H",4,0,8,9,6,6
"H",4,1,1,-1,7497,3010
"H",4,1,1,-10,64,0
"H",4,1,1,-11,39,0
"H",4,1,1,-12,25,0
"H",4,1,1,-13,12,0
"H",4,1,1,-14,3,0
"H",4,1,1,-15,3,0
"H",4,1,1,-2,5102,1469
"H",4,1,1,-3,3290,615
"H",4,1,1,-4,1981,235
"H",4,1,1,-5,1244,98
"H",4,1,1,-6,709,34
"H",4,1,1,-7,402,11
"H",4,1,1,-8,221,2
"H",4,1,1,-9,115,1
"H",4,1,1,0,10593,5971
"H",4,1,1,1,6707,4674
"H",4,1,1,10,52,52
"H",4,1,1,11,23,22
"H",4,1,1,12,18,18
"H",4,1,1,13,6,6
"H",4,1,1,14,1,1
"H",4,1,1,15,3,3
"H",4,1,1,17,3,3
"H",4,1,1,2,4657,3818
"H",4,1,1,3,2879,2542
"H",4,1,1,4,1785,1659
"H",4,1,1,5,1006,959
"H",4,1,1,6,550,537
"H",4,1,1,7,299,296
"H",4,1,1,8,146,143
"H",4,1,1,9,90,89
"H",4,1,2,-1,3277,1417
"H",4,1,2,-10,35,0
"H",4,1,2,-11,13,0
"H",4,1,2,-12,12,0
"H",4,1,2,-13,6,0
"H",4,1,2,-14,1,0
"H",4,1,2,-15,1,0
"H",4,1,2,-19,1,0
"H",4,1,2,-2,2427,761
"H",4,1,2,-3,1596,344
"H",4,1,2,-4,936,124
"H",4,1,2,-5,580,50
"H",4,1,2,-6,343,24
"H",4,1,2,-7,173,7
"H",4,1,2,-8,99,1
"H",4,1,2,-9,57,0
"H",4,1,2,0,4684,2816
"H",4,1,2,1,3124,2238
"H",4,1,2,10,29,29
"H",4,1,2,11,13,13
"H",4,1,2,12,10,10
"H",4,1,2,13,3,3
"H",4,1,2,14,2,2
"H",4,1,2,15,1,1
"H",4,1,2,17,1,1
"H",4,1,2,2,2215,1842
"H",4,1,2,3,1379,1245
"H",4,1,2,4,834,793
"H",4,1,2,5,553,526
"H",4,1,2,6,320,312
"H",4,1,2,7,186,183
"H",4,1,2,8,88,87
"H",4,1,2,9,60,60
"H",4,1,3,-1,1312,639
"H",4,1,3,-10,10,0
"H",4,1,3,-11,1,0
"H",4,1,3,-12,4,0
"H",4,1,3,-13,2,0
"H",4,1,3,-15,1,0
"H",4,1,3,-16,1,0
"H",4,1,3,-2,724,266
"H",4,1,3,-3,438,118
"H",4,1,3,-4,255,31
"H",4,1,3,-5,164,19
"H",4,1,3,-6,99,8
"H",4,1,3,-7,48,2
"H",4,1,3,-8,33,0
"H",4,1,3,-9,10,0
"H",4,1,3,0,2052,1250
"H",4,1,3,1,1572,1176
"H",4,1,3,10,24,24
"H",4,1,3,11,12,12
"H",4,1,3,12,3,3
"H",4,1,3,13,4,4
"H",4,1,3,14,1,1
"H",4,1,3,15,1,1
"H",4,1,3,16,1,1
"H",4,1,3,17,1,1
"H",4,1,3,2,1108,909
"H",4,1,3,3,748,700
"H",4,1,3,4,508,472
"H",4,1,3,5,307,301
"H",4,1,3,6,195,190
"H",4,1,3,7,84,84
"H",4,1,3,8,43,43
"H",4,1,3,9,19,19
"H",4,1,4,-1,990,510
"H",4,1,4,-10,7,0
"H",4,1,4,-11,7,0
"H",4,1,4,-12,6,0
"H",4,1,4,-13,4,0
"H",4,1,4,-2,793,278
"H",4,1,4,-3,546,147
"H",4,1,4,-4,323,61
"H",4,1,4,-5,211,28
"H",4,1,4,-6,133,18
"H",4,1,4,-7,78,7
"H",4,1,4,-8,37,0
"H",4,1,4,-9,15,0
"H",4,1,4,0,1494,907
"H",4,1,4,1,1060,812
"H",4,1,4,10,17,17
"H",4,1,4,11,11,11
"H",4,1,4,12,2,2
"H",4,1,4,13,2,2
"H",4,1,4,15,1,1
"H",4,1,4,16,1,1
"H",4,1,4,18,1,1
"H",4,1,4,2,802,689
"H",4,1,4,3,553,509
"H",4,1,4,4,350,334
"H",4,1,4,5,248,243
"H",4,1,4,6,147,145
"H",4,1,4,7,73,73
"H",4,1,4,8,45,45
"H",4,1,4,9,34,34
"H",4,1,5,-1,458,231
"H",4,1,5,-12,1,0
"H",4,1,5,-2,264,102
"H",4,1,5,-3,156,33
"H",4,1,5,-4,94,19
"H",4,1,5,-5,49,4
"H",4,1,5,-6,32,0
"H",4,1,5,-7,17,0
"H",4,1,5,-8,17,1
"H",4,1,5,-9,5,0
"H",4,1,5,0,757,501
"H",4,1,5,1,670,534
"H",4,1,5,10,4,4
"H",4,1,5,11,2,2
"H",4,1,5,12,2,2
"H",4,1,5,13,2,2
"H",4,1,5,2,448,379
"H",4,1,5,3,289,263
"H",4,1,5,4,209,198
"H",4,1,5,5,103,102
"H",4,1,5,6,77,76
"H",4,1,5,7,47,47
"H",4,1,5,8,26,26
"H",4,1,5,9,12,12
"H",4,1,6,-1,511,265
"H",4,1,6,-10,4,0
"H",4,1,6,-11,2,0
"H",4,1,6,-13,1,0
"H",4,1,6,-15,1,0
"H",4,1,6,-18,1,0
"H",4,1,6,-2,371,143
"H",4,1,6,-3,208,54
"H",4,1,6,-4,143,33
"H",4,1,6,-5,75,9
"H",4,1,6,-6,57,3
"H",4,1,6,-7,25,2
"H",4,1,6,-8,19,1
"H",4,1,6,-9,2,0
"H",4,1,6,0,753,510
"H",4,1,6,1,671,525
"H",4,1,6,10,11,11
"H",4,1,6,11,3,3
"H",4,1,6,12,3,3
"H",4,1,6,13,1,1
"H",4,1,6,2,428,380
"H",4,1,6,3,292,275
"H",4,1,6,4,213,205
"H",4,1,6,5,138,135
"H",4,1,6,6,84,83
"H",4,1,6,7,47,46
"H",4,1,6,8,25,25
"H",4,1,6,9,11,11
"H",4,1,7,-1,421,237
"H",4,1,7,-10,1,0
"H",4,1,7,-11,1,0
"H",4,1,7,-12,1,0
"H",4,1,7,-15,1,0
"H",4,1,7,-19,1,0
"H",4,1,7,-2,274,117
"H",4,1,7,-3,147,47
"H",4,1,7,-4,85,15
"H",4,1,7,-5,53,3
"H",4,1,7,-6,35,3
"H",4,1,7,-7,15,0
"H",4,1,7,-8,5,0
"H",4,1,7,-9,1,0
"H",4,1,7,0,610,416
"H",4,1,7,1,479,378
"H",4,1,7,10,6,6
"H",4,1,7,11,2,2
"H",4,1,7,12,2,2
"H",4,1,7,13,1,1
"H",4,1,7,14,1,1
"H",4,1,7,15,1,1
"H",4,1,7,17,1,1
"H",4,1,7,2,348,299
"H",4,1,7,3,246,231
"H",4,1,7,4,166,160
"H",4,1,7,5,118,117
"H",4,1,7,6,69,68
"H",4,1,7,7,27,27
"H",4,1,7,8,26,26
"H",4,1,7,9,13,13
"H",4,1,8,-1,330,205
"H",4,1,8,-11,2,0
"H",4,1,8,-2,222,104
"H",4,1,8,-3,137,46
"H",4,1,8,-4,87,20
"H",4,1,8,-5,63,15
"H",4,1,8,-6,46,10
"H",4,1,8,-7,14,2
"H",4,1,8,-8,7,0
"H",4,1,8,-9,4,0
"H",4,1,8,0,500,338
"H",4,1,8,1,436,344
"H",4,1,8,10,12,12
"H",4,1,8,11,3,3
"H",4,1,8,12,2,2
"H",4,1,8,13,1,1
"H",4,1,8,15,1,1
"H",4,1,8,16,1,1
"H",4,1,8,2,341,302
"H",4,1,8,3,230,220
"H",4,1,8,4,148,143
"H",4,1,8,5,99,96
"H",4,1,8,6,71,70
"H",4,1,8,7,31,31
"H",4,1,8,8,20,20
"H",4,1,8,9,13,13
"H",4,2,1,-1,5669,2123
"H",4,2,1,-10,37,0
"H",4,2,1,-11,32,0
"H",4,2,1,-12,12,0
"H",4,2,1,-13,8,0
"H",4,2,1,-14,2,0
"H",4,2,1,-15,1,0
"H",4,2,1,-2,3726,979
"H",4,2,1,-3,2437,410
"H",4,2,1,-4,1441,153
"H",4,2,1,-5,915,56
"H",4,2,1,-6,505,21
"H",4,2,1,-7,297,6
"H",4,2,1,-8,162,2
"H",4,2,1,-9,84,1
"H",4,2,1,0,7975,4346
"H",4,2,1,1,5404,3714
"H",4,2,1,10,50,50
"H",4,2,1,11,25,24
"H",4,2,1,12,20,20
"H",4,2,1,13,6,6
"H",4,2,1,14,3,3
"H",4,2,1,15,2,2
"H",4,2,1,17,2,2
"H",4,2,1,18,1,1
"H",4,2,1,2,3887,3139
"H",4,2,1,3,2477,2166
"H",4,2,1,4,1522,1413
"H",4,2,1,5,878,841
"H",4,2,1,6,471,459
"H",4,2,1,7,299,296
"H",4,2,1,8,168,166
"H",4,2,1,9,92,91
"H",4,2,2,-1,3141,1215
"H",4,2,2,-10,35,0
"H",4,2,2,-11,11,0
"H",4,2,2,-12,10,0
"H",4,2,2,-13,5,0
"H",4,2,2,-14,3,0
"H",4,2,2,-15,1,0
"H",4,2,2,-2,2229,631
"H",4,2,2,-3,1413,250
"H",4,2,2,-4,896,86
"H",4,2,2,-5,550,49
"H",4,2,2,-6,320,17
"H",4,2,2,-7,175,5
"H",4,2,2,-8,95,1
"H",4,2,2,-9,66,1
"H",4,2,2,0,4379,2477
"H",4,2,2,1,3291,2319
"H",4,2,2,10,36,36
"H",4,2,2,11,21,21
"H",4,2,2,12,19,19
"H",4,2,2,13,6,6
"H",4,2,2,14,7,7
"H",4,2,2,15,2,2
"H",4,2,2,16,1,1
"H",4,2,2,17,2,2
"H",4,2,2,18,1,1
"H",4,2,2,2,2387,1932
"H",4,2,2,3,1570,1385
"H",4,2,2,4,1040,973
"H",4,2,2,5,663,637
"H",4,2,2,6,396,385
"H",4,2,2,7,244,243
"H",4,2,2,8,130,129
"H",4,2,2,9,85,85
"H",4,2,3,-1,1483,642
"H",4,2,3,-10,13,0
"H",4,2,3,-11,5,0
"H",4,2,3,-12,4,0
"H",4,2,3,-13,1,0
"H",4,2,3,-15,1,0
"H",4,2,3,-16,1,0
"H",4,2,3,-2,884,264
"H",4,2,3,-3,549,121
"H",4,2,3,-4,316,34
"H",4,2,3,-5,207,21
"H",4,2,3,-6,108,5
"H",4,2,3,-7,64,3
"H",4,2,3,-8,39,0
"H",4,2,3,-9,9,0
"H",4,2,3,0,2243,1308
"H",4,2,3,1,1913,1325
"H",4,2,3,10,34,34
"H",4,2,3,11,16,16
"H",4,2,3,12,4,4
"H",4,2,3,13,4,4
"H",4,2,3,14,5,5
"H",4,2,3,15,1,1
"H",4,2,3,16,1,1
"H",4,2,3,17,3,3
"H",4,2,3,18,1,1
"H",4,2,3,2,1533,1236
"H",4,2,3,3,1054,956
"H",4,2,3,4,668,629
"H",4,2,3,5,433,411
"H",4,2,3,6,284,279
"H",4,2,3,7,140,139
"H",4,2,3,8,73,73
"H",4,2,3,9,56,56
"H",4,2,4,-1,1135,499
"H",4,2,4,-10,17,0
"H",4,2,4,-11,8,0
"H",4,2,4,-12,6,0
"H",4,2,4,-13,4,0
"H",4,2,4,-2,827,245
"H",4,2,4,-3,539,109
"H",4,2,4,-4,370,42
"H",4,2,4,-5,226,19
"H",4,2,4,-6,129,7
"H",4,2,4,-7,63,2
"H",4,2,4,-8,40,0
"H",4,2,4,-9,22,0
"H",4,2,4,0,1734,1063
"H",4,2,4,1,1518,1071
"H",4,2,4,10,32,32
"H",4,2,4,11,20,20
"H",4,2,4,12,10,10
"H",4,2,4,13,5,5
"H",4,2,4,14,5,5
"H",4,2,4,15,2,2
"H",4,2,4,2,1105,917
"H",4,2,4,3,788,706
"H",4,2,4,4,464,438
"H",4,2,4,5,338,329
"H",4,2,4,6,206,198
"H",4,2,4,7,127,125
"H",4,2,4,8,57,56
"H",4,2,4,9,43,43
"H",4,2,5,-1,633,266
"H",4,2,5,-10,3,0
"H",4,2,5,-11,4,0
"H",4,2,5,-12,1,0
"H",4,2,5,-13,1,0
"H",4,2,5,-2,355,109
"H",4,2,5,-3,241,35
"H",4,2,5,-4,143,19
"H",4,2,5,-5,83,5
"H",4,2,5,-6,35,0
"H",4,2,5,-7,22,1
"H",4,2,5,-8,11,0
"H",4,2,5,-9,9,0
"H",4,2,5,0,919,514
"H",4,2,5,1,790,579
"H",4,2,5,10,14,14
"H",4,2,5,11,7,7
"H",4,2,5,12,7,7
"H",4,2,5,13,3,3
"H",4,2,5,2,580,464
"H",4,2,5,3,397,345
"H",4,2,5,4,294,274
"H",4,2,5,5,210,206
"H",4,2,5,6,142,137
"H",4,2,5,7,73,73
"H",4,2,5,8,51,50
"H",4,2,5,9,18,18
"H",4,2,6,-1,570,263
"H",4,2,6,-10,3,0
"H",4,2,6,-11,1,0
"H",4,2,6,-13,1,0
"H",4,2,6,-18,1,0
"H",4,2,6,-2,387,126
"H",4,2,6,-3,233,42
"H",4,2,6,-4,145,22
"H",4,2,6,-5,86,10
"H",4,2,6,-6,41,4
"H",4,2,6,-7,32,1
"H",4,2,6,-8,13,0
"H",4,2,6,-9,8,0
"H",4,2,6,0,876,527
"H",4,2,6,1,751,553
"H",4,2,6,10,12,12
"H",4,2,6,11,10,10
"H",4,2,6,12,3,3
"H",4,2,6,13,1,1
"H",4,2,6,18,1,1
"H",4,2,6,2,577,463
"H",4,2,6,3,382,345
"H",4,2,6,4,254,238
"H",4,2,6,5,189,184
"H",4,2,6,6,128,126
"H",4,2,6,7,96,95
"H",4,2,6,8,42,41
"H",4,2,6,9,25,25
"H",4,2,7,-1,347,159
"H",4,2,7,-10,3,0
"H",4,2,7,-15,1,0
"H",4,2,7,-2,267,96
"H",4,2,7,-3,141,28
"H",4,2,7,-4,97,13
"H",4,2,7,-5,35,4
"H",4,2,7,-6,33,0
"H",4,2,7,-7,19,1
"H",4,2,7,-8,5,0
"H",4,2,7,-9,8,0
"H",4,2,7,0,572,345
"H",4,2,7,1,466,353
"H",4,2,7,10,7,7
"H",4,2,7,11,3,3
"H",4,2,7,12,4,4
"H",4,2,7,13,2,2
"H",4,2,7,14,2,2
"H",4,2,7,15,1,1
"H",4,2,7,19,1,1
"H",4,2,7,2,357,290
"H",4,2,7,3,267,238
"H",4,2,7,4,194,183
"H",4,2,7,5,129,127
"H",4,2,7,6,65,64
"H",4,2,7,7,46,45
"H",4,2,7,8,24,24
"H",4,2,7,9,15,15
"H",4,2,8,-1,386,193
"H",4,2,8,-10,4,0
"H",4,2,8,-11,3,0
"H",4,2,8,-2,250,80
"H",4,2,8,-3,166,39
"H",4,2,8,-4,102,16
"H",4,2,8,-5,61,7
"H",4,2,8,-6,34,4
"H",4,2,8,-7,22,0
"H",4,2,8,-8,9,0
"H",4,2,8,-9,6,0
"H",4,2,8,0,594,355
"H",4,2,8,1,535,380
"H",4,2,8,10,8,8
"H",4,2,8,11,11,11
"H",4,2,8,12,4,4
"H",4,2,8,13,1,1
"H",4,2,8,2,365,307
"H",4,2,8,3,282,257
"H",4,2,8,4,195,181
"H",4,2,8,5,143,139
"H",4,2,8,6,60,57
"H",4,2,8,7,36,36
"H",4,2,8,8,26,26
"H",4,2,8,9,14,14
"H",5,0,1,-1,9832,4126
"H",5,0,1,-10,130,1
"H",5,0,1,-11,99,0
"H",5,0,1,-12,47,0
"H",5,0,1,-13,36,0
"H",5,0,1,-14,14,0
"H",5,0,1,-15,10,0
"H",5,0,1,-16,4,0
"H",5,0,1,-17,2,0
"H",5,0,1,-18,2,0
"H",5,0,1,-19,1,0
"H",5,0,1,-2,7122,2064
"H",5,0,1,-3,5012,945
"H",5,0,1,-4,3446,400
"H",5,0,1,-5,2411,171
"H",5,0,1,-6,1403,57
"H",5,0,1,-7,835,27
"H",5,0,1,-8,475,6
"H",5,0,1,-9,256,3
"H",5,0,1,0,12404,7316
"H",5,0,1,1,9454,7045
"H",5,0,1,10,112,112
"H",5,0,1,11,65,65
"H",5,0,1,12,37,37
"H",5,0,1,13,14,14
"H",5,0,1,14,14,14
"H",5,0,1,15,4,4
"H",5,0,1,16,3,3
"H",5,0,1,17,5,5
"H",5,0,1,18,3,3
"H",5,0,1,2,6937,5890
"H",5,0,1,3,4639,4207
"H",5,0,1,4,2925,2793
"H",5,0,1,5,1690,1645
"H",5,0,1,6,1075,1051
"H",5,0,1,7,670,664
"H",5,0,1,8,347,346
"H",5,0,1,9,207,206
"H",5,0,2,-1,2595,1208
"H",5,0,2,-10,38,0
"H",5,0,2,-11,17,0
"H",5,0,2,-12,11,0
"H",5,0,2,-13,7,0
"H",5,0,2,-14,3,0
"H",5,0,2,-15,2,0
"H",5,0,2,-16,1,0
"H",5,0,2,-17,1,0
"H",5,0,2,-18,1,0
"H",5,0,2,-19,1,0
"H",5,0,2,-2,1926,680
"H",5,0,2,-3,1295,291
"H",5,0,2,-4,902,128
"H",5,0,2,-5,664,62
"H",5,0,2,-6,391,23
"H",5,0,2,-7,221,13
"H",5,0,2,-8,131,4
"H",5,0,2,-9,74,0
"H",5,0,2,0,3216,2019
"H",5,0,2,1,2577,1982
"H",5,0,2,10,26,26
"H",5,0,2,11,17,17
"H",5,0,2,12,12,12
"H",5,0,2,13,5,5
"H",5,0,2,14,1,1
"H",5,0,2,15,1,1
"H",5,0,2,16,2,2
"H",5,0,2,17,2,2
"H",5,0,2,18,2,2
"H",5,0,2,2,1971,1705
"H",5,0,2,3,1276,1169
"H",5,0,2,4,874,843
"H",5,0,2,5,505,492
"H",5,0,2,6,338,332
"H",5,0,2,7,205,204
"H",5,0,2,8,110,110
"H",5,0,2,9,67,66
"H",5,0,3,-1,590,314
"H",5,0,3,-10,8,0
"H",5,0,3,-11,6,0
"H",5,0,3,-12,2,0
"H",5,0,3,-13,3,0
"H",5,0,3,-14,1,0
"H",5,0,3,-15,1,0
"H",5,0,3,-2,375,150
"H",5,0,3,-3,298,81
"H",5,0,3,-4,180,37
"H",5,0,3,-5,112,11
"H",5,0,3,-6,69,5
"H",5,0,3,-7,51,4
"H",5,0,3,-8,22,1
"H",5,0,3,-9,11,1
"H",5,0,3,0,756,507
"H",5,0,3,1,564,444
"H",5,0,3,10,6,6
"H",5,0,3,11,5,5
"H",5,0,3,12,6,6
"H",5,0,3,13,3,3
"H",5,0,3,14,1,1
"H",5,0,3,2,504,450
"H",5,0,3,3,379,356
"H",5,0,3,4,261,256
"H",5,0,3,5,161,157
"H",5,0,3,6,97,92
"H",5,0,3,7,62,62
"H",5,0,3,8,32,32
"H",5,0,3,9,18,18
"H",5,0,4,-1,457,260
"H",5,0,4,-10,9,0
"H",5,0,4,-11,6,0
"H",5,0,4,-12,1,0
"H",5,0,4,-13,1,0
"H",5,0,4,-14,2,0
"H",5,0,4,-15,1,0
"H",5,0,4,-17,1,0
"H",5,0,4,-18,1,0
"H",5,0,4,-2,477,215
"H",5,0,4,-3,308,88
"H",5,0,4,-4,215,50
"H",5,0,4,-5,163,21
"H",5,0,4,-6,118,10
"H",5,0,4,-7,54,7
"H",5,0,4,-8,35,1
"H",5,0,4,-9,25,0
"H",5,0,4,0,565,396
"H",5,0,4,1,479,381
"H",5,0,4,10,9,9
"H",5,0,4,11,5,5
"H",5,0,4,12,2,2
"H",5,0,4,13,2,2
"H",5,0,4,14,1,1
"H",5,0,4,16,2,2
"H",5,0,4,18,1,1
"H",5,0,4,2,416,373
"H",5,0,4,3,282,264
"H",5,0,4,4,176,172
"H",5,0,4,5,156,150
"H",5,0,4,6,91,89
"H",5,0,4,7,58,58
"H",5,0,4,8,40,40
"H",5,0,4,9,17,17
"H",5,0,5,-1,162,83
"H",5,0,5,-10,2,0
"H",5,0,5,-11,1,0
"H",5,0,5,-2,112,45
"H",5,0,5,-3,70,22
"H",5,0,5,-4,36,12
"H",5,0,5,-5,38,3
"H",5,0,5,-6,16,2
"H",5,0,5,-7,5,0
"H",5,0,5,-8,8,2
"H",5,0,5,-9,5,0
"H",5,0,5,0,212,147
"H",5,0,5,1,198,175
"H",5,0,5,10,3,3
"H",5,0,5,11,4,4
"H",5,0,5,12,2,2
"H",5,0,5,13,1,1
"H",5,0,5,15,1,1
"H",5,0,5,2,158,135
"H",5,0,5,3,110,103
"H",5,0,5,4,96,90
"H",5,0,5,5,56,56
"H",5,0,5,6,44,44
"H",5,0,5,7,12,12
"H",5,0,5,8,10,10
"H",5,0,5,9,7,7
"H",5,0,6,-1,221,140
"H",5,0,6,-10,3,0
"H",5,0,6,-13,1,0
"H",5,0,6,-2,162,90
"H",5,0,6,-3,94,34
"H",5,0,6,-4,61,20
"H",5,0,6,-5,50,9
"H",5,0,6,-6,25,4
"H",5,0,6,-7,14,2
"H",5,0,6,-8,4,0
"H",5,0,6,-9,2,0
"H",5,0,6,0,279,197
"H",5,0,6,1,252,210
"H",5,0,6,10,5,5
"H",5,0,6,11,1,1
"H",5,0,6,13,2,2
"H",5,0,6,14,1,1
"H",5,0,6,2,222,202
"H",5,0,6,3,150,147
"H",5,0,6,4,123,122
"H",5,0,6,5,79,79
"H",5,0,6,6,54,51
"H",5,0,6,7,31,31
"H",5,0,6,8,13,13
"H",5,0,6,9,6,6
"H",5,0,7,-1,127,72
"H",5,0,7,-12,1,0
"H",5,0,7,-13,1,0
"H",5,0,7,-2,89,40
"H",5,0,7,-3,68,23
"H",5,0,7,-4,40,11
"H",5,0,7,-5,24,2
"H",5,0,7,-6,22,4
"H",5,0,7,-7,13,1
"H",5,0,7,-8,7,1
"H",5,0,7,-9,6,0
"H",5,0,7,0,139,110
"H",5,0,7,1,138,118
"H",5,0,7,10,4,4
"H",5,0,7,11,1,1
"H",5,0,7,14,1,1
"H",5,0,7,2,130,117
"H",5,0,7,3,96,89
"H",5,0,7,4,68,67
"H",5,0,7,5,43,43
"H",5,0,7,6,34,34
"H",5,0,7,7,17,17
"H",5,0,7,8,10,10
"H",5,0,7,9,7,7
"H",5,0,8,-1,122,87
"H",5,0,8,-10,3,0
"H",5,0,8,-11,3,0
"H",5,0,8,-13,1,0
"H",5,0,8,-14,1,0
"H",5,0,8,-17,1,0
"H",5,0,8,-18,1,0
"H",5,0,8,-2,110,66
"H",5,0,8,-3,66,29
"H",5,0,8,-4,42,10
"H",5,0,8,-5,35,8
"H",5,0,8,-6,27,6
"H",5,0,8,-7,18,4
"H",5,0,8,-8,11,0
"H",5,0,8,-9,6,0
"H",5,0,8,0,145,118
"H",5,0,8,1,147,124
"H",5,0,8,10,3,3
"H",5,0,8,11,2,2
"H",5,0,8,12,1,1
"H",5,0,8,14,1,1
"H",5,0,8,2,134,117
"H",5,0,8,3,96,92
"H",5,0,8,4,58,58
"H",5,0,8,5,46,46
"H",5,0,8,6,32,32
"H",5,0,8,7,17,17
"H",5,0,8,8,8,8
"H",5,0,8,9,4,4
"H",5,1,1,-1,6824,2644
"H",5,1,1,-10,82,1
"H",5,1,1,-11,75,0
"H",5,1,1,-12,35,0
"H",5,1,1,-13,25,0
"H",5,1,1,-14,11,0
"H",5,1,1,-15,7,0
"H",5,1,1,-16,3,0
"H",5,1,1,-17,1,0
"H",5,1,1,-18,1,0
"H",5,1,1,-2,4874,1252
"H",5,1,1,-3,3457,567
"H",5,1,1,-4,2407,235
"H",5,1,1,-5,1626,96
"H",5,1,1,-6,934,27
"H",5,1,1,-7,570,11
"H",5,1,1,-8,321,0
"H",5,1,1,-9,168,2
"H",5,1,1,0,8646,4892
"H",5,1,1,1,6640,4834
"H",5,1,1,10,96,96
"H",5,1,1,11,48,48
"H",5,1,1,12,27,27
"H",5,1,1,13,8,8
"H",5,1,1,14,16,16
"H",5,1,1,15,5,5
"H",5,1,1,16,1,1
"H",5,1,1,17,4,4
"H",5,1,1,18,1,1
"H",5,1,1,2,4837,4056
"H",5,1,1,3,3336,2987
"H",5,1,1,4,2046,1937
"H",5,1,1,5,1267,1228
"H",5,1,1,6,781,767
"H",5,1,1,7,517,511
"H",5,1,1,8,255,254
"H",5,1,1,9,141,141
"H",5,1,2,-1,2776,1222
"H",5,1,2,-10,46,0
"H",5,1,2,-11,35,0
"H",5,1,2,-12,15,0
"H",5,1,2,-13,12,0
"H",5,1,2,-14,1,0
"H",5,1,2,-15,2,0
"H",5,1,2,-16,2,0
"H",5,1,2,-2,2215,699
"H",5,1,2,-3,1537,291
"H",5,1,2,-4,1100,122
"H",5,1,2,-5,775,61
"H",5,1,2,-6,424,17
"H",5,1,2,-7,257,7
"H",5,1,2,-8,154,1
"H",5,1,2,-9,71,2
"H",5,1,2,0,3643,2136
"H",5,1,2,1,2935,2211
"H",5,1,2,10,57,57
"H",5,1,2,11,28,28
"H",5,1,2,12,23,23
"H",5,1,2,13,8,8
"H",5,1,2,14,5,5
"H",5,1,2,15,2,2
"H",5,1,2,17,5,5
"H",5,1,2,18,1,1
"H",5,1,2,2,2202,1868
"H",5,1,2,3,1575,1421
"H",5,1,2,4,1088,1030
"H",5,1,2,5,692,677
"H",5,1,2,6,414,410
"H",5,1,2,7,270,268
"H",5,1,2,8,158,157
"H",5,1,2,9,83,82
"H",5,1,3,-1,1286,591
"H",5,1,3,-10,12,0
"H",5,1,3,-11,8,0
"H",5,1,3,-12,5,0
"H",5,1,3,-13,2,0
"H",5,1,3,-14,1,0
"H",5,1,3,-15,1,0
"H",5,1,3,-2,696,216
"H",5,1,3,-3,445,81
"H",5,1,3,-4,299,45
"H",5,1,3,-5,187,18
"H",5,1,3,-6,125,6
"H",5,1,3,-7,73,4
"H",5,1,3,-8,30,1
"H",5,1,3,-9,21,0
"H",5,1,3,0,1755,1145
"H",5,1,3,1,1573,1202
"H",5,1,3,10,32,32
"H",5,1,3,11,14,14
"H",5,1,3,12,9,9
"H",5,1,3,13,1,1
"H",5,1,3,14,1,1
"H",5,1,3,15,1,1
"H",5,1,3,17,1,1
"H",5,1,3,2,1242,1080
"H",5,1,3,3,895,819
"H",5,1,3,4,627,602
"H",5,1,3,5,368,357
"H",5,1,3,6,207,202
"H",5,1,3,7,138,137
"H",5,1,3,8,74,74
"H",5,1,3,9,42,42
"H",5,1,4,-1,834,430
"H",5,1,4,-10,15,0
"H",5,1,4,-11,7,0
"H",5,1,4,-12,5,0
"H",5,1,4,-13,2,0
"H",5,1,4,-14,1,0
"H",5,1,4,-15,1,0
"H",5,1,4,-17,1,0
"H",5,1,4,-2,748,275
"H",5,1,4,-3,545,124
"H",5,1,4,-4,377,63
"H",5,1,4,-5,273,23
"H",5,1,4,-6,174,9
"H",5,1,4,-7,78,1
"H",5,1,4,-8,48,1
"H",5,1,4,-9,31,1
"H",5,1,4,0,1069,683
"H",5,1,4,1,992,782
"H",5,1,4,10,27,27
"H",5,1,4,11,8,8
"H",5,1,4,12,10,10
"H",5,1,4,13,6,6
"H",5,1,4,14,3,3
"H",5,1,4,15,3,3
"H",5,1,4,17,1,1
"H",5,1,4,2,821,714
"H",5,1,4,3,566,526
"H",5,1,4,4,432,418
"H",5,1,4,5,282,272
"H",5,1,4,6,212,208
"H",5,1,4,7,113,113
"H",5,1,4,8,79,78
"H",5,1,4,9,46,44
"H",5,1,5,-1,457,219
"H",5,1,5,-10,9,0
"H",5,1,5,-11,2,0
"H",5,1,5,-13,1,0
"H",5,1,5,-14,1,0
"H",5,1,5,-2,234,80
"H",5,1,5,-3,157,37
"H",5,1,5,-4,84,16
"H",5,1,5,-5,67,9
"H",5,1,5,-6,28,1
"H",5,1,5,-7,24,2
"H",5,1,5,-8,8,0
"H",5,1,5,-9,7,0
"H",5,1,5,0,594,407
"H",5,1,5,1,521,413
"H",5,1,5,10,8,8
"H",5,1,5,11,8,8
"H",5,1,5,12,7,7
"H",5,1,5,16,1,1
"H",5,1,5,2,455,375
"H",5,1,5,3,343,323
"H",5,1,5,4,278,265
"H",5,1,5,5,160,158
"H",5,1,5,6,109,109
"H",5,1,5,7,58,58
"H",5,1,5,8,30,30
"H",5,1,5,9,15,15
"H",5,1,6,-1,419,232
"H",5,1,6,-10,5,0
"H",5,1,6,-11,1,0
"H",5,1,6,-13,3,0
"H",5,1,6,-16,1,0
"H",5,1,6,-2,291,128
"H",5,1,6,-3,202,51
"H",5,1,6,-4,153,31
"H",5,1,6,-5,92,15
"H",5,1,6,-6,56,5
"H",5,1,6,-7,43,5
"H",5,1,6,-8,18,0
"H",5,1,6,-9,8,0
"H",5,1,6,0,525,347
"H",5,1,6,1,487,397
"H",5,1,6,10,18,18
"H",5,1,6,11,11,11
"H",5,1,6,12,4,4
"H",5,1,6,13,1,1
"H",5,1,6,14,1,1
"H",5,1,6,2,453,393
"H",5,1,6,3,354,332
"H",5,1,6,4,238,227
"H",5,1,6,5,166,164
"H",5,1,6,6,95,92
"H",5,1,6,7,63,62
"H",5,1,6,8,49,48
"H",5,1,6,9,25,25
"H",5,1,7,-1,332,177
"H",5,1,7,-10,3,0
"H",5,1,7,-11,1,0
"H",5,1,7,-12,2,0
"H",5,1,7,-13,1,0
"H",5,1,7,-14,1,0
"H",5,1,7,-2,294,129
"H",5,1,7,-3,139,32
"H",5,1,7,-4,109,31
"H",5,1,7,-5,63,9
"H",5,1,7,-6,40,4
"H",5,1,7,-7,14,0
"H",5,1,7,-8,13,0
"H",5,1,7,-9,13,0
"H",5,1,7,0,454,336
"H",5,1,7,1,402,319
"H",5,1,7,10,10,10
"H",5,1,7,11,12,12
"H",5,1,7,12,2,2
"H",5,1,7,13,1,1
"H",5,1,7,14,1,1
"H",5,1,7,15,1,1
"H",5,1,7,17,1,1
"H",5,1,7,2,398,356
"H",5,1,7,3,257,238
"H",5,1,7,4,200,195
"H",5,1,7,5,142,140
"H",5,1,7,6,77,75
"H",5,1,7,7,56,55
"H",5,1,7,8,34,34
"H",5,1,7,9,17,17
"H",5,1,8,-1,278,161
"H",5,1,8,-10,8,0
"H",5,1,8,-11,3,0
"H",5,1,8,-12,1,0
"H",5,1,8,-13,2,0
"H",5,1,8,-2,221,104
"H",5,1,8,-3,143,44
"H",5,1,8,-4,94,27
"H",5,1,8,-5,62,9
"H",5,1,8,-6,35,3
"H",5,1,8,-7,20,1
"H",5,1,8,-8,15,0
"H",5,1,8,-9,12,1
"H",5,1,8,0,419,302
"H",5,1,8,1,400,329
"H",5,1,8,10,8,8
"H",5,1,8,11,5,5
"H",5,1,8,12,3,3
"H",5,1,8,13,2,2
"H",5,1,8,14,1,1
"H",5,1,8,15,1,1
"H",5,1,8,2,377,335
"H",5,1,8,3,261,244
"H",5,1,8,4,183,177
"H",5,1,8,5,120,119
"H",5,1,8,6,77,75
"H",5,1,8,7,48,48
"H",5,1,8,8,31,31
"H",5,1,8,9,17,17
"H",5,2,1,-1,5280,1882
"H",5,2,1,-10,53,1
"H",5,2,1,-11,47,0
"H",5,2,1,-12,29,0
"H",5,2,1,-13,18,0
"H",5,2,1,-14,10,0
"H",5,2,1,-15,5,0
"H",5,2,1,-16,2,0
"H",5,2,1,-17,1,0
"H",5,2,1,-18,1,0
"H",5,2,1,-19,1,0
"H",5,2,1,-2,3666,817
"H",5,2,1,-3,2643,393
"H",5,2,1,-4,1778,148
"H",5,2,1,-5,1194,48
"H",5,2,1,-6,689,19
"H",5,2,1,-7,424,7
"H",5,2,1,-8,236,0
"H",5,2,1,-9,133,0
"H",5,2,1,0,6673,3636
"H",5,2,1,1,5167,3685
"H",5,2,1,10,77,77
"H",5,2,1,11,48,48
"H",5,2,1,12,24,24
"H",5,2,1,13,13,13
"H",5,2,1,14,12,12
"H",5,2,1,15,6,6
"H",5,2,1,16,1,1
"H",5,2,1,17,1,1
"H",5,2,1,18,1,1
"H",5,2,1,2,3902,3234
"H",5,2,1,3,2748,2427
"H",5,2,1,4,1752,1665
"H",5,2,1,5,1106,1068
"H",5,2,1,6,735,722
"H",5,2,1,7,484,477
"H",5,2,1,8,228,228
"H",5,2,1,9,137,137
"H",5,2,2,-1,2752,1071
"H",5,2,2,-10,41,1
"H",5,2,2,-11,25,0
"H",5,2,2,-12,16,0
"H",5,2,2,-13,10,0
"H",5,2,2,-14,4,0
"H",5,2,2,-15,3,0
"H",5,2,2,-16,2,0
"H",5,2,2,-19,1,0
"H",5,2,2,-2,2100,557
"H",5,2,2,-3,1537,252
"H",5,2,2,-4,1078,101
"H",5,2,2,-5,751,39
"H",5,2,2,-6,411,12
"H",5,2,2,-7,269,6
"H",5,2,2,-8,143,0
"H",5,2,2,-9,74,1
"H",5,2,2,0,3558,1957
"H",5,2,2,1,2888,2090
"H",5,2,2,10,66,66
"H",5,2,2,11,47,47
"H",5,2,2,12,24,24
"H",5,2,2,13,14,14
"H",5,2,2,14,11,11
"H",5,2,2,15,3,3
"H",5,2,2,16,1,1
"H",5,2,2,17,2,2
"H",5,2,2,18,2,2
"H",5,2,2,19,2,2
"H",5,2,2,2,2333,1956
"H",5,2,2,3,1822,1625
"H",5,2,2,4,1212,1142
"H",5,2,2,5,774,753
"H",5,2,2,6,507,501
"H",5,2,2,7,338,330
"H",5,2,2,8,194,192
"H",5,2,2,9,114,114
"H",5,2,3,-1,1477,573
"H",5,2,3,-10,14,0
"H",5,2,3,-11,12,0
"H",5,2,3,-12,7,0
"H",5,2,3,-13,1,0
"H",5,2,3,-15,2,0
"H",5,2,3,-2,870,244
"H",5,2,3,-3,548,104
"H",5,2,3,-4,368,36
"H",5,2,3,-5,262,19
"H",5,2,3,-6,141,8
"H",5,2,3,-7,86,0
"H",5,2,3,-8,41,0
"H",5,2,3,-9,21,0
"H",5,2,3,0,2047,1211
"H",5,2,3,1,1806,1344
"H",5,2,3,10,53,53
"H",5,2,3,11,25,25
"H",5,2,3,12,24,24
"H",5,2,3,13,8,8
"H",5,2,3,14,3,3
"H",5,2,3,15,1,1
"H",5,2,3,16,2,2
"H",5,2,3,17,2,2
"H",5,2,3,18,1,1
"H",5,2,3,2,1460,1231
"H",5,2,3,3,1132,1001
"H",5,2,3,4,817,776
"H",5,2,3,5,537,521
"H",5,2,3,6,363,356
"H",5,2,3,7,245,243
"H",5,2,3,8,131,131
"H",5,2,3,9,80,80
"H",5,2,4,-1,1066,464
"H",5,2,4,-10,13,0
"H",5,2,4,-11,8,0
"H",5,2,4,-12,8,0
"H",5,2,4,-13,2,0
"H",5,2,4,-14,3,0
"H",5,2,4,-15,2,0
"H",5,2,4,-16,1,0
"H",5,2,4,-2,823,260
"H",5,2,4,-3,646,117
"H",5,2,4,-4,429,47
"H",5,2,4,-5,306,26
"H",5,2,4,-6,183,10
"H",5,2,4,-7,112,3
"H",5,2,4,-8,49,0
"H",5,2,4,-9,39,1
"H",5,2,4,0,1483,861
"H",5,2,4,1,1256,917
"H",5,2,4,10,48,48
"H",5,2,4,11,22,22
"H",5,2,4,12,13,13
"H",5,2,4,13,9,9
"H",5,2,4,14,4,4
"H",5,2,4,15,2,2
"H",5,2,4,16,1,1
"H",5,2,4,17,1,1
"H",5,2,4,18,1,1
"H",5,2,4,19,1,1
"H",5,2,4,2,1036,867
"H",5,2,4,3,826,745
"H",5,2,4,4,590,564
"H",5,2,4,5,387,376
"H",5,2,4,6,263,259
"H",5,2,4,7,178,176
"H",5,2,4,8,108,108
"H",5,2,4,9,63,63
"H",5,2,5,-1,609,246
"H",5,2,5,-10,8,0
"H",5,2,5,-11,4,0
"H",5,2,5,-12,3,0
"H",5,2,5,-14,3,0
"H",5,2,5,-2,305,87
"H",5,2,5,-3,223,35
"H",5,2,5,-4,142,14
"H",5,2,5,-5,82,5
"H",5,2,5,-6,56,2
"H",5,2,5,-7,38,2
"H",5,2,5,-8,19,0
"H",5,2,5,-9,8,0
"H",5,2,5,0,785,458
"H",5,2,5,1,728,534
"H",5,2,5,10,24,24
"H",5,2,5,11,18,18
"H",5,2,5,12,6,6
"H",5,2,5,13,4,4
"H",5,2,5,14,1,1
"H",5,2,5,15,2,2
"H",5,2,5,16,3,3
"H",5,2,5,18,1,1
"H",5,2,5,2,606,493
"H",5,2,5,3,476,438
"H",5,2,5,4,345,329
"H",5,2,5,5,243,232
"H",5,2,5,6,163,161
"H",5,2,5,7,101,97
"H",5,2,5,8,54,54
"H",5,2,5,9,44,44
"H",5,2,6,-1,562,255
"H",5,2,6,-10,9,0
"H",5,2,6,-11,3,0
"H",5,2,6,-13,2,0
"H",5,2,6,-2,368,106
"H",5,2,6,-3,273,55
"H",5,2,6,-4,186,26
"H",5,2,6,-5,110,6
"H",5,2,6,-6,55,4
"H",5,2,6,-7,47,1
"H",5,2,6,-8,24,0
"H",5,2,6,-9,13,0
"H",5,2,6,0,685,394
"H",5,2,6,1,642,472
"H",5,2,6,10,26,26
"H",5,2,6,11,14,14
"H",5,2,6,12,8,8
"H",5,2,6,13,3,3
"H",5,2,6,14,1,1
"H",5,2,6,17,1,1
"H",5,2,6,18,1,1
"H",5,2,6,2,562,466
"H",5,2,6,3,457,412
"H",5,2,6,4,331,319
"H",5,2,6,5,212,209
"H",5,2,6,6,149,147
"H",5,2,6,7,93,92
"H",5,2,6,8,53,51
"H",5,2,6,9,40,40
"H",5,2,7,-1,353,178
"H",5,2,7,-10,8,0
"H",5,2,7,-11,3,0
"H",5,2,7,-12,3,0
"H",5,2,7,-13,1,0
"H",5,2,7,-14,1,0
"H",5,2,7,-19,1,0
"H",5,2,7,-2,258,89
"H",5,2,7,-3,167,32
"H",5,2,7,-4,109,20
"H",5,2,7,-5,72,4
"H",5,2,7,-6,54,6
"H",5,2,7,-7,16,0
"H",5,2,7,-8,22,1
"H",5,2,7,-9,8,0
"H",5,2,7,0,405,259
"H",5,2,7,1,420,315
"H",5,2,7,10,12,12
"H",5,2,7,11,6,6
"H",5,2,7,12,6,6
"H",5,2,7,13,1,1
"H",5,2,7,14,1,1
"H",5,2,7,15,2,2
"H",5,2,7,2,353,303
"H",5,2,7,3,282,253
"H",5,2,7,4,187,179
"H",5,2,7,5,150,143
"H",5,2,7,6,110,110
"H",5,2,7,7,50,49
"H",5,2,7,8,44,44
"H",5,2,7,9,18,18
"H",5,2,8,-1,310,155
"H",5,2,8,-10,4,0
"H",5,2,8,-11,2,0
"H",5,2,8,-12,1,0
"H",5,2,8,-14,1,0
"H",5,2,8,-2,274,103
"H",5,2,8,-3,195,41
"H",5,2,8,-4,117,23
"H",5,2,8,-5,65,3
"H",5,2,8,-6,51,5
"H",5,2,8,-7,22,0
"H",5,2,8,-8,14,0
"H",5,2,8,-9,8,0
"H",5,2,8,0,499,321
"H",5,2,8,1,458,349
"H",5,2,8,10,13,13
"H",5,2,8,11,8,8
"H",5,2,8,12,6,6
"H",5,2,8,13,1,1
"H",5,2,8,14,1,1
"H",5,2,8,15,2,2
"H",5,2,8,2,454,389
"H",5,2,8,3,331,296
"H",5,2,8,4,238,228
"H",5,2,8,5,142,138
"H",5,2,8,6,104,103
"H",5,2,8,7,63,63
"H",5,2,8,8,45,45
"H",5,2,8,9,22,22
"H",6,0,1,-1,8953,3648
"H",6,0,1,-10,224,0
"H",6,0,1,-11,141,1
"H",6,0,1,-12,101,1
"H",6,0,1,-13,50,0
"H",6,0,1,-14,25,0
"H",6,0,1,-15,13,0
"H",6,0,1,-16,9,0
"H",6,0,1,-17,14,0
"H",6,0,1,-18,3,0
"H",6,0,1,-19,2,0
"H",6,0,1,-2,7086,1845
"H",6,0,1,-21,1,0
"H",6,0,1,-3,5299,852
"H",6,0,1,-4,3734,345
"H",6,0,1,-5,2635,152
"H",6,0,1,-6,1659,43
"H",6,0,1,-7,1027,16
"H",6,0,1,-8,626,6
"H",6,0,1,-9,354,1
"H",6,0,1,0,10507,6327
"H",6,0,1,1,8653,6752
"H",6,0,1,10,174,174
"H",6,0,1,11,112,112
"H",6,0,1,12,74,74
"H",6,0,1,13,27,27
"H",6,0,1,14,23,23
"H",6,0,1,15,15,15
"H",6,0,1,16,7,7
"H",6,0,1,17,5,5
"H",6,0,1,18,2,2
"H",6,0,1,19,2,2
"H",6,0,1,2,6724,5876
"H",6,0,1,3,4875,4527
"H",6,0,1,4,3330,3211
"H",6,0,1,5,2158,2115
"H",6,0,1,6,1397,1389
"H",6,0,1,7,935,927
"H",6,0,1,8,515,514
"H",6,0,1,9,309,309
"H",6,0,2,-1,2462,1178
"H",6,0,2,-10,50,0
"H",6,0,2,-11,31,1
"H",6,0,2,-12,23,0
"H",6,0,2,-13,14,0
"H",6,0,2,-14,5,0
"H",6,0,2,-16,1,0
"H",6,0,2,-17,5,0
"H",6,0,2,-2,1963,593
"H",6,0,2,-21,1,0
"H",6,0,2,-3,1465,315
"H",6,0,2,-4,1057,146
"H",6,0,2,-5,735,63
"H",6,0,2,-6,453,15
"H",6,0,2,-7,287,8
"H",6,0,2,-8,188,2
"H",6,0,2,-9,78,0
"H",6,0,2,0,2873,1862
"H",6,0,2,1,2345,1900
"H",6,0,2,10,45,45
"H",6,0,2,11,42,42
"H",6,0,2,12,26,26
"H",6,0,2,13,8,8
"H",6,0,2,14,7,7
"H",6,0,2,15,2,2
"H",6,0,2,16,2,2
"H",6,0,2,17,3,3
"H",6,0,2,18,1,1
"H",6,0,2,19,1,1
"H",6,0,2,2,1922,1710
"H",6,0,2,3,1428,1340
"H",6,0,2,4,953,927
"H",6,0,2,5,621,613
"H",6,0,2,6,456,451
"H",6,0,2,7,266,263
"H",6,0,2,8,171,170
"H",6,0,2,9,106,106
"H",6,0,3,-1,564,283
"H",6,0,3,-10,11,0
"H",6,0,3,-11,10,0
"H",6,0,3,-12,6,0
"H",6,0,3,-13,3,0
"H",6,0,3,-14,2,0
"H",6,0,3,-15,2,0
"H",6,0,3,-16,1,0
"H",6,0,3,-17,1,0
"H",6,0,3,-18,1,0
"H",6,0,3,-2,405,151
"H",6,0,3,-3,312,67
"H",6,0,3,-4,198,22
"H",6,0,3,-5,143,4
"H",6,0,3,-6,107,5
"H",6,0,3,-7,58,0
"H",6,0,3,-8,39,0
"H",6,0,3,-9,22,1
"H",6,0,3,0,649,450
"H",6,0,3,1,616,506
"H",6,0,3,10,17,17
"H",6,0,3,11,17,17
"H",6,0,3,12,11,11
"H",6,0,3,13,4,4
"H",6,0,3,14,2,2
"H",6,0,3,16,1,1
"H",6,0,3,2,537,485
"H",6,0,3,3,397,377
"H",6,0,3,4,227,220
"H",6,0,3,5,160,157
"H",6,0,3,6,113,112
"H",6,0,3,7,63,63
"H",6,0,3,8,51,51
"H",6,0,3,9,27,27
"H",6,0,4,-1,476,280
"H",6,0,4,-10,16,0
"H",6,0,4,-11,13,0
"H",6,0,4,-12,15,0
"H",6,0,4,-13,1,0
"H",6,0,4,-14,1,0
"H",6,0,4,-16,1,0
"H",6,0,4,-2,508,204
"H",6,0,4,-3,401,130
"H",6,0,4,-4,283,56
"H",6,0,4,-5,172,19
"H",6,0,4,-6,121,8
"H",6,0,4,-7,73,0
"H",6,0,4,-8,55,0
"H",6,0,4,-9,22,0
"H",6,0,4,0,519,374
"H",6,0,4,1,459,387
"H",6,0,4,10,11,11
"H",6,0,4,11,10,10
"H",6,0,4,12,10,10
"H",6,0,4,15,1,1
"H",6,0,4,2,410,368
"H",6,0,4,3,284,272
"H",6,0,4,4,235,232
"H",6,0,4,5,140,137
"H",6,0,4,6,98,97
"H",6,0,4,7,67,67
"H",6,0,4,8,54,54
"H",6,0,4,9,32,32
"H",6,0,5,-1,145,88
"H",6,0,5,-10,8,0
"H",6,0,5,-11,2,0
"H",6,0,5,-12,2,1
"H",6,0,5,-17,1,0
"H",6,0,5,-2,111,48
"H",6,0,5,-3,76,20
"H",6,0,5,-4,61,15
"H",6,0,5,-5,35,3
"H",6,0,5,-6,30,2
"H",6,0,5,-7,19,0
"H",6,0,5,-8,5,0
"H",6,0,5,-9,6,0
"H",6,0,5,0,141,107
"H",6,0,5,1,189,163
"H",6,0,5,10,6,6
"H",6,0,5,11,5,5
"H",6,0,5,12,5,5
"H",6,0,5,14,1,1
"H",6,0,5,2,180,168
"H",6,0,5,3,126,121
"H",6,0,5,4,83,83
"H",6,0,5,5,62,58
"H",6,0,5,6,41,41
"H",6,0,5,7,30,30
"H",6,0,5,8,26,26
"H",6,0,5,9,14,14
"H",6,0,6,-1,235,153
"H",6,0,6,-10,10,0
"H",6,0,6,-11,6,0
"H",6,0,6,-13,1,0
"H",6,0,6,-16,1,0
"H",6,0,6,-17,2,0
"H",6,0,6,-2,183,89
"H",6,0,6,-3,128,32
"H",6,0,6,-4,89,15
"H",6,0,6,-5,67,6
"H",6,0,6,-6,40,1
"H",6,0,6,-7,19,0
"H",6,0,6,-8,16,0
"H",6,0,6,-9,9,0
"H",6,0,6,0,248,179
"H",6,0,6,1,221,189
"H",6,0,6,10,13,13
"H",6,0,6,11,10,10
"H",6,0,6,12,4,4
"H",6,0,6,14,1,1
"H",6,0,6,2,203,185
"H",6,0,6,3,118,111
"H",6,0,6,4,96,94
"H",6,0,6,5,63,63
"H",6,0,6,6,61,61
"H",6,0,6,7,31,30
"H",6,0,6,8,28,28
"H",6,0,6,9,12,12
"H",6,0,7,-1,112,66
"H",6,0,7,-10,4,0
"H",6,0,7,-11,2,0
"H",6,0,7,-12,2,0
"H",6,0,7,-2,100,45
"H",6,0,7,-3,87,35
"H",6,0,7,-4,51,15
"H",6,0,7,-5,49,12
"H",6,0,7,-6,23,1
"H",6,0,7,-7,13,0
"H",6,0,7,-8,12,1
"H",6,0,7,-9,4,1
"H",6,0,7,0,123,106
"H",6,0,7,1,124,107
"H",6,0,7,10,3,3
"H",6,0,7,11,4,4
"H",6,0,7,12,5,5
"H",6,0,7,13,2,2
"H",6,0,7,2,103,99
"H",6,0,7,3,79,75
"H",6,0,7,4,49,48
"H",6,0,7,5,40,39
"H",6,0,7,6,36,36
"H",6,0,7,7,19,19
"H",6,0,7,8,15,15
"H",6,0,7,9,14,14
"H",6,0,8,-1,117,86
"H",6,0,8,-10,5,0
"H",6,0,8,-11,2,0
"H",6,0,8,-2,112,55
"H",6,0,8,-3,80,39
"H",6,0,8,-4,59,20
"H",6,0,8,-5,34,9
"H",6,0,8,-6,25,1
"H",6,0,8,-7,12,0
"H",6,0,8,-8,12,0
"H",6,0,8,-9,2,0
"H",6,0,8,0,150,113
"H",6,0,8,1,139,126
"H",6,0,8,10,3,3
"H",6,0,8,11,3,3
"H",6,0,8,12,2,2
"H",6,0,8,2,122,118
"H",6,0,8,3,90,89
"H",6,0,8,4,73,72
"H",6,0,8,5,42,42
"H",6,0,8,6,32,32
"H",6,0,8,7,20,20
"H",6,0,8,8,16,16
"H",6,0,8,9,10,10
"H",6,1,1,-1,6139,2248
"H",6,1,1,-10,161,0
"H",6,1,1,-11,99,0
"H",6,1,1,-12,69,0
"H",6,1,1,-13,33,0
"H",6,1,1,-14,20,0
"H",6,1,1,-15,12,0
"H",6,1,1,-16,7,0
"H",6,1,1,-17,8,0
"H",6,1,1,-18,2,0
"H",6,1,1,-19,2,0
"H",6,1,1,-2,4806,1098
"H",6,1,1,-3,3577,473
"H",6,1,1,-4,2496,171
"H",6,1,1,-5,1758,84
"H",6,1,1,-6,1110,21
"H",6,1,1,-7,679,9
"H",6,1,1,-8,400,4
"H",6,1,1,-9,245,0
"H",6,1,1,0,7263,4128
"H",6,1,1,1,5994,4568
"H",6,1,1,10,142,142
"H",6,1,1,11,69,69
"H",6,1,1,12,57,57
"H",6,1,1,13,21,21
"H",6,1,1,14,18,18
"H",6,1,1,15,11,11
"H",6,1,1,16,6,6
"H",6,1,1,17,4,4
"H",6,1,1,18,1,1
"H",6,1,1,19,1,1
"H",6,1,1,2,4604,3964
"H",6,1,1,3,3367,3104
"H",6,1,1,4,2401,2309
"H",6,1,1,5,1580,1546
"H",6,1,1,6,976,970
"H",6,1,1,7,699,694
"H",6,1,1,8,387,387
"H",6,1,1,9,223,223
"H",6,1,2,-1,2697,1160
"H",6,1,2,-10,59,0
"H",6,1,2,-11,39,0
"H",6,1,2,-12,22,0
"H",6,1,2,-13,18,0
"H",6,1,2,-14,8,0
"H",6,1,2,-15,1,0
"H",6,1,2,-16,5,0
"H",6,1,2,-17,6,0
"H",6,1,2,-2,2244,604
"H",6,1,2,-21,1,0
"H",6,1,2,-3,1727,275
"H",6,1,2,-4,1257,114
"H",6,1,2,-5,848,47
"H",6,1,2,-6,549,17
"H",6,1,2,-7,345,8
"H",6,1,2,-8,203,1
"H",6,1,2,-9,92,0
"H",6,1,2,0,3157,1911
"H",6,1,2,1,2642,2080
"H",6,1,2,10,76,76
"H",6,1,2,11,40,40
"H",6,1,2,12,38,38
"H",6,1,2,13,15,15
"H",6,1,2,14,11,11
"H",6,1,2,15,8,8
"H",6,1,2,16,6,6
"H",6,1,2,17,4,4
"H",6,1,2,18,1,1
"H",6,1,2,19,1,1
"H",6,1,2,2,2148,1872
"H",6,1,2,3,1673,1559
"H",6,1,2,4,1166,1123
"H",6,1,2,5,759,746
"H",6,1,2,6,505,501
"H",6,1,2,7,375,371
"H",6,1,2,8,225,225
"H",6,1,2,9,143,143
"H",6,1,3,-1,1300,583
"H",6,1,3,-10,24,0
"H",6,1,3,-11,13,0
"H",6,1,3,-12,3,0
"H",6,1,3,-13,4,0
"H",6,1,3,-14,4,0
"H",6,1,3,-15,3,0
"H",6,1,3,-16,1,0
"H",6,1,3,-2,677,204
"H",6,1,3,-3,493,75
"H",6,1,3,-4,363,35
"H",6,1,3,-5,263,17
"H",6,1,3,-6,164,9
"H",6,1,3,-7,87,1
"H",6,1,3,-8,59,1
"H",6,1,3,-9,36,0
"H",6,1,3,0,1663,1034
"H",6,1,3,1,1448,1154
"H",6,1,3,10,41,41
"H",6,1,3,11,26,26
"H",6,1,3,12,14,14
"H",6,1,3,13,12,12
"H",6,1,3,14,7,7
"H",6,1,3,15,2,2
"H",6,1,3,17,2,2
"H",6,1,3,19,1,1
"H",6,1,3,2,1194,1065
"H",6,1,3,3,969,912
"H",6,1,3,4,615,595
"H",6,1,3,5,440,431
"H",6,1,3,6,302,300
"H",6,1,3,7,180,180
"H",6,1,3,8,113,112
"H",6,1,3,9,69,69
"H",6,1,4,-1,907,474
"H",6,1,4,-10,27,0
"H",6,1,4,-11,17,0
"H",6,1,4,-12,13,0
"H",6,1,4,-13,4,0
"H",6,1,4,-14,3,0
"H",6,1,4,-15,4,0
"H",6,1,4,-16,2,0
"H",6,1,4,-17,2,0
"H",6,1,4,-2,739,243
"H",6,1,4,-3,564,114
"H",6,1,4,-4,459,66
"H",6,1,4,-5,292,18
"H",6,1,4,-6,212,10
"H",6,1,4,-7,110,2
"H",6,1,4,-8,71,0
"H",6,1,4,-9,35,0
"H",6,1,4,0,1096,711
"H",6,1,4,1,953,796
"H",6,1,4,10,44,44
"H",6,1,4,11,19,19
"H",6,1,4,12,17,17
"H",6,1,4,13,8,8
"H",6,1,4,14,2,2
"H",6,1,4,15,2,2
"H",6,1,4,16,1,1
"H",6,1,4,17,3,3
"H",6,1,4,2,781,676
"H",6,1,4,3,577,523
"H",6,1,4,4,478,465
"H",6,1,4,5,326,317
"H",6,1,4,6,217,214
"H",6,1,4,7,142,141
"H",6,1,4,8,92,92
"H",6,1,4,9,69,69
"H",6,1,5,-1,425,226
"H",6,1,5,-10,5,0
"H",6,1,5,-11,8,1
"H",6,1,5,-12,1,1
"H",6,1,5,-17,1,0
"H",6,1,5,-18,1,0
"H",6,1,5,-2,259,96
"H",6,1,5,-3,186,33
"H",6,1,5,-4,125,19
"H",6,1,5,-5,72,3
"H",6,1,5,-6,60,2
"H",6,1,5,-7,27,1
"H",6,1,5,-8,15,0
"H",6,1,5,-9,10,0
"H",6,1,5,0,514,366
"H",6,1,5,1,539,431
"H",6,1,5,10,19,19
"H",6,1,5,11,9,9
"H",6,1,5,12,6,6
"H",6,1,5,13,7,7
"H",6,1,5,14,4,4
"H",6,1,5,15,2,2
"H",6,1,5,16,1,1
"H",6,1,5,2,466,418
"H",6,1,5,3,370,354
"H",6,1,5,4,254,249
"H",6,1,5,5,177,173
"H",6,1,5,6,102,100
"H",6,1,5,7,88,88
"H",6,1,5,8,62,62
"H",6,1,5,9,39,39
"H",6,1,6,-1,433,223
"H",6,1,6,-10,7,0
"H",6,1,6,-11,5,0
"H",6,1,6,-12,3,0
"H",6,1,6,-13,4,0
"H",6,1,6,-14,4,0
"H",6,1,6,-15,1,0
"H",6,1,6,-16,1,0
"H",6,1,6,-2,337,137
"H",6,1,6,-3,251,62
"H",6,1,6,-4,182,19
"H",6,1,6,-5,117,15
"H",6,1,6,-6,71,5
"H",6,1,6,-7,46,0
"H",6,1,6,-8,23,0
"H",6,1,6,-9,19,0
"H",6,1,6,0,573,418
"H",6,1,6,1,516,423
"H",6,1,6,10,28,28
"H",6,1,6,11,12,12
"H",6,1,6,12,6,6
"H",6,1,6,13,5,5
"H",6,1,6,14,4,4
"H",6,1,6,16,1,1
"H",6,1,6,2,461,421
"H",6,1,6,3,337,320
"H",6,1,6,4,242,238
"H",6,1,6,5,171,168
"H",6,1,6,6,132,131
"H",6,1,6,7,89,89
"H",6,1,6,8,45,44
"H",6,1,6,9,32,32
"H",6,1,7,-1,360,218
"H",6,1,7,-10,4,0
"H",6,1,7,-11,4,0
"H",6,1,7,-12,4,0
"H",6,1,7,-15,1,0
"H",6,1,7,-16,1,0
"H",6,1,7,-2,305,121
"H",6,1,7,-3,187,51
"H",6,1,7,-4,106,20
"H",6,1,7,-5,67,4
"H",6,1,7,-6,41,1
"H",6,1,7,-7,37,2
"H",6,1,7,-8,17,2
"H",6,1,7,-9,10,0
"H",6,1,7,0,391,309
"H",6,1,7,1,416,350
"H",6,1,7,10,15,15
"H",6,1,7,11,12,12
"H",6,1,7,12,8,8
"H",6,1,7,13,4,4
"H",6,1,7,14,1,1
"H",6,1,7,15,2,2
"H",6,1,7,2,345,324
"H",6,1,7,3,283,269
"H",6,1,7,4,196,191
"H",6,1,7,5,145,144
"H",6,1,7,6,113,113
"H",6,1,7,7,59,59
"H",6,1,7,8,32,32
"H",6,1,7,9,31,31
"H",6,1,8,-1,339,215
"H",6,1,8,-10,4,0
"H",6,1,8,-11,5,0
"H",6,1,8,-12,2,0
"H",6,1,8,-13,1,0
"H",6,1,8,-14,2,0
"H",6,1,8,-15,1,0
"H",6,1,8,-2,217,90
"H",6,1,8,-3,162,53
"H",6,1,8,-4,121,28
"H",6,1,8,-5,63,11
"H",6,1,8,-6,60,2
"H",6,1,8,-7,19,0
"H",6,1,8,-8,17,0
"H",6,1,8,-9,6,0
"H",6,1,8,0,461,344
"H",6,1,8,1,395,337
"H",6,1,8,10,12,12
"H",6,1,8,11,7,7
"H",6,1,8,12,11,11
"H",6,1,8,13,2,2
"H",6,1,8,14,3,3
"H",6,1,8,2,359,331
"H",6,1,8,3,239,229
"H",6,1,8,4,192,190
"H",6,1,8,5,122,121
"H",6,1,8,6,97,96
"H",6,1,8,7,61,61
"H",6,1,8,8,39,38
"H",6,1,8,9,18,18
"H",6,2,1,-1,4609,1492
"H",6,2,1,-10,123,1
"H",6,2,1,-11,66,1
"H",6,2,1,-12,57,0
"H",6,2,1,-13,23,0
"H",6,2,1,-14,12,0
"H",6,2,1,-15,9,0
"H",6,2,1,-16,2,0
"H",6,2,1,-17,6,0
"H",6,2,1,-18,1,0
"H",6,2,1,-19,2,0
"H",6,2,1,-2,3615,693
"H",6,2,1,-3,2621,303
"H",6,2,1,-4,1787,99
"H",6,2,1,-5,1264,48
"H",6,2,1,-6,786,9
"H",6,2,1,-7,494,6
"H",6,2,1,-8,289,3
"H",6,2,1,-9,195,0
"H",6,2,1,0,5577,3048
"H",6,2,1,1,4629,3439
"H",6,2,1,10,141,141
"H",6,2,1,11,84,84
"H",6,2,1,12,47,47
"H",6,2,1,13,21,21
"H",6,2,1,14,19,19
"H",6,2,1,15,10,10
"H",6,2,1,16,4,4
"H",6,2,1,17,5,5
"H",6,2,1,18,1,1
"H",6,2,1,2,3680,3127
"H",6,2,1,3,2668,2443
"H",6,2,1,4,1958,1888
"H",6,2,1,5,1317,1290
"H",6,2,1,6,863,857
"H",6,2,1,7,587,583
"H",6,2,1,8,343,343
"H",6,2,1,9,203,203
"H",6,2,2,-1,2596,912
"H",6,2,2,-10,62,0
"H",6,2,2,-11,37,1
"H",6,2,2,-12,35,0
"H",6,2,2,-13,18,0
"H",6,2,2,-14,8,0
"H",6,2,2,-15,2,0
"H",6,2,2,-16,4,0
"H",6,2,2,-17,4,0
"H",6,2,2,-2,2203,467
"H",6,2,2,-3,1688,207
"H",6,2,2,-4,1186,99
"H",6,2,2,-5,790,40
"H",6,2,2,-6,500,6
"H",6,2,2,-7,324,3
"H",6,2,2,-8,217,0
"H",6,2,2,-9,94,0
"H",6,2,2,0,3118,1689
"H",6,2,2,1,2668,2032
"H",6,2,2,10,93,93
"H",6,2,2,11,53,53
"H",6,2,2,12,45,45
"H",6,2,2,13,17,17
"H",6,2,2,14,13,13
"H",6,2,2,15,12,12
"H",6,2,2,16,7,7
"H",6,2,2,17,4,4
"H",6,2,2,18,1,1
"H",6,2,2,19,1,1
"H",6,2,2,2,2247,1941
"H",6,2,2,3,1733,1587
"H",6,2,2,4,1268,1218
"H",6,2,2,5,859,840
"H",6,2,2,6,573,569
"H",6,2,2,7,446,442
"H",6,2,2,8,307,307
"H",6,2,2,9,158,158
"H",6,2,3,-1,1428,551
"H",6,2,3,-10,24,0
"H",6,2,3,-11,16,0
"H",6,2,3,-12,4,0
"H",6,2,3,-13,5,0
"H",6,2,3,-14,2,0
"H",6,2,3,-15,3,0
"H",6,2,3,-16,1,0
"H",6,2,3,-2,838,194
"H",6,2,3,-3,618,63
"H",6,2,3,-4,403,33
"H",6,2,3,-5,280,14
"H",6,2,3,-6,193,5
"H",6,2,3,-7,99,0
"H",6,2,3,-8,73,0
"H",6,2,3,-9,46,0
"H",6,2,3,0,1715,1010
"H",6,2,3,1,1628,1231
"H",6,2,3,10,59,59
"H",6,2,3,11,50,50
"H",6,2,3,12,21,21
"H",6,2,3,13,10,10
"H",6,2,3,14,12,12
"H",6,2,3,15,4,4
"H",6,2,3,16,3,3
"H",6,2,3,17,1,1
"H",6,2,3,18,1,1
"H",6,2,3,19,2,2
"H",6,2,3,2,1391,1215
"H",6,2,3,22,1,1
"H",6,2,3,3,1169,1090
"H",6,2,3,4,783,747
"H",6,2,3,5,593,580
"H",6,2,3,6,376,372
"H",6,2,3,7,273,271
"H",6,2,3,8,181,181
"H",6,2,3,9,125,125
"H",6,2,4,-1,1065,428
"H",6,2,4,-10,26,0
"H",6,2,4,-11,22,0
"H",6,2,4,-12,16,0
"H",6,2,4,-13,7,0
"H",6,2,4,-14,2,0
"H",6,2,4,-15,1,0
"H",6,2,4,-16,1,0
"H",6,2,4,-17,1,0
"H",6,2,4,-2,909,247
"H",6,2,4,-3,691,92
"H",6,2,4,-4,517,52
"H",6,2,4,-5,338,17
"H",6,2,4,-6,221,3
"H",6,2,4,-7,124,1
"H",6,2,4,-8,78,0
"H",6,2,4,-9,33,0
"H",6,2,4,0,1382,816
"H",6,2,4,1,1260,953
"H",6,2,4,10,51,51
"H",6,2,4,11,44,44
"H",6,2,4,12,26,26
"H",6,2,4,13,16,16
"H",6,2,4,14,8,8
"H",6,2,4,15,6,6
"H",6,2,4,16,1,1
"H",6,2,4,17,3,3
"H",6,2,4,18,3,3
"H",6,2,4,19,1,1
"H",6,2,4,2,1059,917
"H",6,2,4,21,1,1
"H",6,2,4,3,857,775
"H",6,2,4,4,609,581
"H",6,2,4,5,412,397
"H",6,2,4,6,283,280
"H",6,2,4,7,191,189
"H",6,2,4,8,148,148
"H",6,2,4,9,82,82
"H",6,2,5,-1,578,218
"H",6,2,5,-10,8,0
"H",6,2,5,-11,5,0
"H",6,2,5,-12,1,0
"H",6,2,5,-17,1,0
"H",6,2,5,-18,1,0
"H",6,2,5,-2,349,83
"H",6,2,5,-3,258,34
"H",6,2,5,-4,190,16
"H",6,2,5,-5,129,6
"H",6,2,5,-6,73,2
"H",6,2,5,-7,40,1
"H",6,2,5,-8,20,0
"H",6,2,5,-9,15,0
"H",6,2,5,0,650,388
"H",6,2,5,1,717,551
"H",6,2,5,10,35,35
"H",6,2,5,11,16,16
"H",6,2,5,12,9,9
"H",6,2,5,13,9,9
"H",6,2,5,14,4,4
"H",6,2,5,15,2,2
"H",6,2,5,16,5,5
"H",6,2,5,2,569,486
"H",6,2,5,3,483,446
"H",6,2,5,4,360,351
"H",6,2,5,5,219,213
"H",6,2,5,6,157,155
"H",6,2,5,7,125,123
"H",6,2,5,8,86,85
"H",6,2,5,9,63,63
"H",6,2,6,-1,557,238
"H",6,2,6,-10,12,0
"H",6,2,6,-11,7,0
"H",6,2,6,-12,7,0
"H",6,2,6,-13,3,0
"H",6,2,6,-14,1,0
"H",6,2,6,-16,1,0
"H",6,2,6,-2,387,100
"H",6,2,6,-3,298,60
"H",6,2,6,-4,238,20
"H",6,2,6,-5,139,4
"H",6,2,6,-6,85,3
"H",6,2,6,-7,46,0
"H",6,2,6,-8,31,0
"H",6,2,6,-9,20,0
"H",6,2,6,0,633,384
"H",6,2,6,1,675,532
"H",6,2,6,10,35,35
"H",6,2,6,11,18,18
"H",6,2,6,12,10,10
"H",6,2,6,13,3,3
"H",6,2,6,14,4,4
"H",6,2,6,15,5,5
"H",6,2,6,16,4,4
"H",6,2,6,17,1,1
"H",6,2,6,2,547,474
"H",6,2,6,20,2,2
"H",6,2,6,3,417,379
"H",6,2,6,4,321,309
"H",6,2,6,5,231,228
"H",6,2,6,6,138,135
"H",6,2,6,7,126,123
"H",6,2,6,8,67,67
"H",6,2,6,9,40,40
"H",6,2,7,-1,340,154
"H",6,2,7,-10,4,0
"H",6,2,7,-11,4,0
"H",6,2,7,-12,2,0
"H",6,2,7,-13,1,0
"H",6,2,7,-2,279,80
"H",6,2,7,-3,166,32
"H",6,2,7,-4,128,15
"H",6,2,7,-5,101,3
"H",6,2,7,-6,54,2
"H",6,2,7,-7,32,0
"H",6,2,7,-8,25,1
"H",6,2,7,-9,12,0
"H",6,2,7,0,356,233
"H",6,2,7,1,431,332
"H",6,2,7,10,27,27
"H",6,2,7,11,13,13
"H",6,2,7,12,9,9
"H",6,2,7,13,6,6
"H",6,2,7,14,2,2
"H",6,2,7,15,1,1
"H",6,2,7,17,1,1
"H",6,2,7,2,362,317
"H",6,2,7,20,1,1
"H",6,2,7,3,276,258
"H",6,2,7,4,204,197
"H",6,2,7,5,158,155
"H",6,2,7,6,106,105
"H",6,2,7,7,64,64
"H",6,2,7,8,45,45
"H",6,2,7,9,31,31
"H",6,2,8,-1,368,170
"H",6,2,8,-10,5,0
"H",6,2,8,-11,7,0
"H",6,2,8,-12,2,0
"H",6,2,8,-13,1,0
"H",6,2,8,-14,1,0
"H",6,2,8,-2,272,78
"H",6,2,8,-3,193,39
"H",6,2,8,-4,124,17
"H",6,2,8,-5,89,5
"H",6,2,8,-6,65,0
"H",6,2,8,-7,27,0
"H",6,2,8,-8,19,0
"H",6,2,8,-9,9,0
"H",6,2,8,0,512,346
"H",6,2,8,1,457,356
"H",6,2,8,10,20,20
"H",6,2,8,11,9,9
"H",6,2,8,12,9,9
"H",6,2,8,13,3,3
"H",6,2,8,14,2,2
"H",6,2,8,15,2,2
"H",6,2,8,16,4,4
"H",6,2,8,17,1,1
"H",6,2,8,18,2,2
"H",6,2,8,2,393,341
"H",6,2,8,3,297,278
"H",6,2,8,4,229,218
"H",6,2,8,5,178,174
"H",6,2,8,6,108,107
"H",6,2,8,7,66,66
"H",6,2,8,8,51,51
"H",6,2,8,9,30,30
"H",7,0,1,-1,8216,2964
"H",7,0,1,-10,290,1
"H",7,0,1,-11,185,0
"H",7,0,1,-12,124,1
"H",7,0,1,-13,74,0
"H",7,0,1,-14,54,0
"H",7,0,1,-15,31,0
"H",7,0,1,-16,13,0
"H",7,0,1,-17,17,0
"H",7,0,1,-18,4,0
"H",7,0,1,-19,6,0
"H",7,0,1,-2,6738,1465
"H",7,0,1,-20,1,0
"H",7,0,1,-21,1,0
"H",7,0,1,-22,1,0
"H",7,0,1,-24,1,0
"H",7,0,1,-3,5118,601
"H",7,0,1,-4,3785,219
"H",7,0,1,-5,2763,115
"H",7,0,1,-6,1902,30
"H",7,0,1,-7,1258,10
"H",7,0,1,-8,780,7
"H",7,0,1,-9,478,0
"H",7,0,1,0,9138,5623
"H",7,0,1,1,8218,6742
"H",7,0,1,10,273,273
"H",7,0,1,11,176,176
"H",7,0,1,12,102,102
"H",7,0,1,13,58,58
"H",7,0,1,14,37,37
"H",7,0,1,15,22,22
"H",7,0,1,16,14,14
"H",7,0,1,17,8,8
"H",7,0,1,18,5,5
"H",7,0,1,19,3,3
"H",7,0,1,2,6491,5899
"H",7,0,1,21,2,2
"H",7,0,1,22,1,1
"H",7,0,1,3,5075,4851
"H",7,0,1,4,3619,3533
"H",7,0,1,5,2438,2417
"H",7,0,1,6,1577,1567
"H",7,0,1,7,1104,1101
"H",7,0,1,8,724,723
"H",7,0,1,9,436,436
"H",7,0,2,-1,2218,966
"H",7,0,2,-10,70,0
"H",7,0,2,-11,46,0
"H",7,0,2,-12,31,0
"H",7,0,2,-13,18,0
"H",7,0,2,-14,14,0
"H",7,0,2,-15,4,0
"H",7,0,2,-16,4,0
"H",7,0,2,-17,4,0
"H",7,0,2,-19,2,0
"H",7,0,2,-2,1861,569
"H",7,0,2,-22,1,0
"H",7,0,2,-3,1410,240
"H",7,0,2,-4,1044,77
"H",7,0,2,-5,789,41
"H",7,0,2,-6,548,11
"H",7,0,2,-7,354,5
"H",7,0,2,-8,215,2
"H",7,0,2,-9,135,0
"H",7,0,2,0,2528,1665
"H",7,0,2,1,2326,1961
"H",7,0,2,10,83,83
"H",7,0,2,11,60,60
"H",7,0,2,12,27,27
"H",7,0,2,13,16,16
"H",7,0,2,14,11,11
"H",7,0,2,15,6,6
"H",7,0,2,16,4,4
"H",7,0,2,17,4,4
"H",7,0,2,18,1,1
"H",7,0,2,19,1,1
"H",7,0,2,2,1824,1705
"H",7,0,2,22,1,1
"H",7,0,2,3,1468,1417
"H",7,0,2,4,1031,1013
"H",7,0,2,5,730,725
"H",7,0,2,6,520,518
"H",7,0,2,7,362,361
"H",7,0,2,8,197,196
"H",7,0,2,9,132,132
"H",7,0,3,-1,484,255
"H",7,0,3,-10,18,0
"H",7,0,3,-11,11,0
"H",7,0,3,-12,6,1
"H",7,0,3,-13,2,0
"H",7,0,3,-14,7,0
"H",7,0,3,-15,3,0
"H",7,0,3,-16,1,0
"H",7,0,3,-17,2,0
"H",7,0,3,-2,376,105
"H",7,0,3,-3,275,42
"H",7,0,3,-4,235,29
"H",7,0,3,-5,138,13
"H",7,0,3,-6,94,5
"H",7,0,3,-7,57,0
"H",7,0,3,-8,41,0
"H",7,0,3,-9,21,0
"H",7,0,3,0,547,404
"H",7,0,3,1,549,477
"H",7,0,3,10,25,25
"H",7,0,3,11,13,13
"H",7,0,3,12,13,13
"H",7,0,3,13,6,6
"H",7,0,3,14,6,6
"H",7,0,3,15,3,3
"H",7,0,3,17,2,2
"H",7,0,3,18,1,1
"H",7,0,3,2,427,389
"H",7,0,3,21,1,1
"H",7,0,3,22,1,1
"H",7,0,3,3,346,333
"H",7,0,3,4,306,300
"H",7,0,3,5,217,217
"H",7,0,3,6,161,161
"H",7,0,3,7,112,112
"H",7,0,3,8,75,75
"H",7,0,3,9,40,40
"H",7,0,4,-1,383,219
"H",7,0,4,-10,21,0
"H",7,0,4,-11,12,0
"H",7,0,4,-12,6,0
"H",7,0,4,-13,7,0
"H",7,0,4,-14,6,0
"H",7,0,4,-16,1,0
"H",7,0,4,-19,1,0
"H",7,0,4,-2,468,187
"H",7,0,4,-3,393,106
"H",7,0,4,-4,254,22
"H",7,0,4,-5,206,18
"H",7,0,4,-6,133,6
"H",7,0,4,-7,82,3
"H",7,0,4,-8,56,1
"H",7,0,4,-9,37,0
"H",7,0,4,0,437,323
"H",7,0,4,1,396,352
"H",7,0,4,10,19,19
"H",7,0,4,11,13,13
"H",7,0,4,12,8,8
"H",7,0,4,14,3,3
"H",7,0,4,15,1,1
"H",7,0,4,16,2,2
"H",7,0,4,17,2,2
"H",7,0,4,2,349,327
"H",7,0,4,3,297,295
"H",7,0,4,4,248,248
"H",7,0,4,5,175,174
"H",7,0,4,6,138,137
"H",7,0,4,7,93,92
"H",7,0,4,8,63,63
"H",7,0,4,9,44,44
"H",7,0,5,-1,128,68
"H",7,0,5,-10,4,0
"H",7,0,5,-11,5,0
"H",7,0,5,-12,2,0
"H",7,0,5,-13,3,0
"H",7,0,5,-14,1,0
"H",7,0,5,-17,1,0
"H",7,0,5,-2,87,25
"H",7,0,5,-3,78,11
"H",7,0,5,-4,34,3
"H",7,0,5,-5,40,2
"H",7,0,5,-6,27,0
"H",7,0,5,-7,23,0
"H",7,0,5,-8,12,0
"H",7,0,5,-9,8,0
"H",7,0,5,0,154,132
"H",7,0,5,1,151,143
"H",7,0,5,10,6,6
"H",7,0,5,11,6,6
"H",7,0,5,12,3,3
"H",7,0,5,13,1,1
"H",7,0,5,14,1,1
"H",7,0,5,16,1,1
"H",7,0,5,17,2,2
"H",7,0,5,2,134,126
"H",7,0,5,3,113,109
"H",7,0,5,4,84,83
"H",7,0,5,5,64,62
"H",7,0,5,6,45,45
"H",7,0,5,7,43,43
"H",7,0,5,8,24,24
"H",7,0,5,9,14,14
"H",7,0,6,-1,179,111
"H",7,0,6,-10,3,0
"H",7,0,6,-11,3,0
"H",7,0,6,-12,5,0
"H",7,0,6,-13,1,0
"H",7,0,6,-14,3,0
"H",7,0,6,-15,1,0
"H",7,0,6,-16,1,0
"H",7,0,6,-17,2,0
"H",7,0,6,-2,157,72
"H",7,0,6,-3,113,24
"H",7,0,6,-4,89,14
"H",7,0,6,-5,74,7
"H",7,0,6,-6,43,3
"H",7,0,6,-7,30,0
"H",7,0,6,-8,14,1
"H",7,0,6,-9,10,0
"H",7,0,6,0,201,158
"H",7,0,6,1,190,182
"H",7,0,6,10,13,13
"H",7,0,6,11,7,7
"H",7,0,6,13,2,2
"H",7,0,6,15,1,1
"H",7,0,6,2,167,161
"H",7,0,6,22,1,1
"H",7,0,6,3,134,132
"H",7,0,6,4,123,122
"H",7,0,6,5,84,83
"H",7,0,6,6,52,52
"H",7,0,6,7,53,53
"H",7,0,6,8,29,29
"H",7,0,6,9,18,18
"H",7,0,7,-1,77,47
"H",7,0,7,-10,6,0
"H",7,0,7,-11,3,0
"H",7,0,7,-13,2,0
"H",7,0,7,-16,1,0
"H",7,0,7,-2,88,47
"H",7,0,7,-3,75,27
"H",7,0,7,-4,58,11
"H",7,0,7,-5,36,5
"H",7,0,7,-6,28,1
"H",7,0,7,-7,16,0
"H",7,0,7,-8,10,0
"H",7,0,7,-9,4,0
"H",7,0,7,0,88,70
"H",7,0,7,1,103,96
"H",7,0,7,10,5,5
"H",7,0,7,11,1,1
"H",7,0,7,12,2,2
"H",7,0,7,14,1,1
"H",7,0,7,15,1,1
"H",7,0,7,16,1,1
"H",7,0,7,2,96,93
"H",7,0,7,22,1,1
"H",7,0,7,3,93,91
"H",7,0,7,4,67,67
"H",7,0,7,5,61,61
"H",7,0,7,6,45,45
"H",7,0,7,7,23,23
"H",7,0,7,8,18,18
"H",7,0,7,9,9,9
"H",7,0,8,-1,106,82
"H",7,0,8,-10,2,0
"H",7,0,8,-11,3,0
"H",7,0,8,-12,3,0
"H",7,0,8,-13,4,0
"H",7,0,8,-14,1,0
"H",7,0,8,-2,115,70
"H",7,0,8,-3,86,35
"H",7,0,8,-4,53,11
"H",7,0,8,-5,51,12
"H",7,0,8,-6,23,2
"H",7,0,8,-7,23,0
"H",7,0,8,-8,11,1
"H",7,0,8,-9,5,0
"H",7,0,8,0,139,112
"H",7,0,8,1,112,105
"H",7,0,8,10,5,5
"H",7,0,8,11,7,7
"H",7,0,8,12,1,1
"H",7,0,8,14,1,1
"H",7,0,8,2,102,98
"H",7,0,8,22,1,1
"H",7,0,8,3,82,82
"H",7,0,8,4,79,79
"H",7,0,8,5,59,59
"H",7,0,8,6,51,51
"H",7,0,8,7,31,31
"H",7,0,8,8,14,14
"H",7,0,8,9,6,6
"H",7,1,1,-1,5671,1764
"H",7,1,1,-10,198,1
"H",7,1,1,-11,124,0
"H",7,1,1,-12,85,0
"H",7,1,1,-13,54,0
"H",7,1,1,-14,35,0
"H",7,1,1,-15,25,0
"H",7,1,1,-16,7,0
"H",7,1,1,-17,10,0
"H",7,1,1,-18,4,0
"H",7,1,1,-19,4,0
"H",7,1,1,-2,4575,788
"H",7,1,1,-20,1,0
"H",7,1,1,-21,1,0
"H",7,1,1,-24,1,0
"H",7,1,1,-3,3481,312
"H",7,1,1,-4,2557,120
"H",7,1,1,-5,1852,62
"H",7,1,1,-6,1249,15
"H",7,1,1,-7,845,4
"H",7,1,1,-8,520,4
"H",7,1,1,-9,320,0
"H",7,1,1,0,6250,3619
"H",7,1,1,1,5670,4555
"H",7,1,1,10,203,203
"H",7,1,1,11,134,134
"H",7,1,1,12,80,80
"H",7,1,1,13,42,42
"H",7,1,1,14,25,25
"H",7,1,1,15,16,16
"H",7,1,1,16,10,10
"H",7,1,1,17,5,5
"H",7,1,1,18,4,4
"H",7,1,1,19,2,2
"H",7,1,1,2,4503,4037
"H",7,1,1,20,1,1
"H",7,1,1,21,1,1
"H",7,1,1,3,3543,3372
"H",7,1,1,4,2572,2505
"H",7,1,1,5,1730,1714
"H",7,1,1,6,1078,1069
"H",7,1,1,7,778,776
"H",7,1,1,8,524,524
"H",7,1,1,9,321,321
"H",7,1,2,-1,2403,889
"H",7,1,2,-10,91,1
"H",7,1,2,-11,56,0
"H",7,1,2,-12,33,0
"H",7,1,2,-13,27,0
"H",7,1,2,-14,20,0
"H",7,1,2,-15,13,0
"H",7,1,2,-16,4,0
"H",7,1,2,-17,4,0
"H",7,1,2,-2,2100,482
"H",7,1,2,-21,1,0
"H",7,1,2,-22,1,0
"H",7,1,2,-3,1657,183
"H",7,1,2,-4,1283,71
"H",7,1,2,-5,876,32
"H",7,1,2,-6,617,10
"H",7,1,2,-7,431,6
"H",7,1,2,-8,243,2
"H",7,1,2,-9,152,0
"H",7,1,2,0,2673,1641
"H",7,1,2,1,2482,2040
"H",7,1,2,10,109,109
"H",7,1,2,11,80,80
"H",7,1,2,12,45,45
"H",7,1,2,13,32,32
"H",7,1,2,14,20,20
"H",7,1,2,15,12,12
"H",7,1,2,16,2,2
"H",7,1,2,17,4,4
"H",7,1,2,18,3,3
"H",7,1,2,2,1950,1791
"H",7,1,2,3,1598,1535
"H",7,1,2,4,1251,1221
"H",7,1,2,5,864,856
"H",7,1,2,6,609,604
"H",7,1,2,7,433,432
"H",7,1,2,8,278,278
"H",7,1,2,9,188,187
"H",7,1,3,-1,1266,523
"H",7,1,3,-10,28,0
"H",7,1,3,-11,20,0
"H",7,1,3,-12,11,0
"H",7,1,3,-13,7,0
"H",7,1,3,-14,8,0
"H",7,1,3,-15,3,0
"H",7,1,3,-17,2,0
"H",7,1,3,-18,1,0
"H",7,1,3,-2,586,130
"H",7,1,3,-3,473,50
"H",7,1,3,-4,322,29
"H",7,1,3,-5,227,13
"H",7,1,3,-6,148,1
"H",7,1,3,-7,100,0
"H",7,1,3,-8,71,1
"H",7,1,3,-9,31,0
"H",7,1,3,0,1654,1082
"H",7,1,3,1,1513,1266
"H",7,1,3,10,47,47
"H",7,1,3,11,37,37
"H",7,1,3,12,29,29
"H",7,1,3,13,8,8
"H",7,1,3,14,12,12
"H",7,1,3,15,2,2
"H",7,1,3,16,3,3
"H",7,1,3,17,1,1
"H",7,1,3,19,2,2
"H",7,1,3,2,1201,1114
"H",7,1,3,21,1,1
"H",7,1,3,3,1009,969
"H",7,1,3,4,718,704
"H",7,1,3,5,455,451
"H",7,1,3,6,333,331
"H",7,1,3,7,212,212
"H",7,1,3,8,153,152
"H",7,1,3,9,99,99
"H",7,1,4,-1,819,367
"H",7,1,4,-10,39,0
"H",7,1,4,-11,18,0
"H",7,1,4,-12,12,0
"H",7,1,4,-13,9,0
"H",7,1,4,-14,11,0
"H",7,1,4,-15,3,0
"H",7,1,4,-16,3,0
"H",7,1,4,-17,1,0
"H",7,1,4,-18,1,0
"H",7,1,4,-19,1,0
"H",7,1,4,-2,714,217
"H",7,1,4,-3,590,100
"H",7,1,4,-4,457,39
"H",7,1,4,-5,314,15
"H",7,1,4,-6,238,10
"H",7,1,4,-7,156,5
"H",7,1,4,-8,95,2
"H",7,1,4,-9,54,0
"H",7,1,4,0,955,635
"H",7,1,4,1,943,795
"H",7,1,4,10,51,51
"H",7,1,4,11,29,29
"H",7,1,4,12,19,19
"H",7,1,4,13,13,13
"H",7,1,4,14,6,6
"H",7,1,4,15,4,4
"H",7,1,4,16,4,4
"H",7,1,4,18,1,1
"H",7,1,4,19,1,1
"H",7,1,4,2,744,688
"H",7,1,4,21,1,1
"H",7,1,4,3,683,658
"H",7,1,4,4,487,478
"H",7,1,4,5,366,364
"H",7,1,4,6,238,236
"H",7,1,4,7,176,175
"H",7,1,4,8,122,122
"H",7,1,4,9,79,78
"H",7,1,5,-1,421,209
"H",7,1,5,-10,8,0
"H",7,1,5,-11,7,0
"H",7,1,5,-12,4,1
"H",7,1,5,-13,4,0
"H",7,1,5,-14,1,0
"H",7,1,5,-15,2,0
"H",7,1,5,-17,1,0
"H",7,1,5,-2,209,56
"H",7,1,5,-3,161,26
"H",7,1,5,-4,118,9
"H",7,1,5,-5,89,5
"H",7,1,5,-6,50,2
"H",7,1,5,-7,39,0
"H",7,1,5,-8,19,1
"H",7,1,5,-9,14,0
"H",7,1,5,0,445,321
"H",7,1,5,1,485,430
"H",7,1,5,10,22,22
"H",7,1,5,11,13,13
"H",7,1,5,12,13,13
"H",7,1,5,13,5,5
"H",7,1,5,14,4,4
"H",7,1,5,15,2,2
"H",7,1,5,17,3,3
"H",7,1,5,2,443,405
"H",7,1,5,20,1,1
"H",7,1,5,3,357,339
"H",7,1,5,4,271,260
"H",7,1,5,5,183,183
"H",7,1,5,6,146,146
"H",7,1,5,7,108,108
"H",7,1,5,8,55,55
"H",7,1,5,9,44,44
"H",7,1,6,-1,402,214
"H",7,1,6,-10,8,0
"H",7,1,6,-11,8,0
"H",7,1,6,-12,5,0
"H",7,1,6,-13,6,0
"H",7,1,6,-14,2,0
"H",7,1,6,-15,1,0
"H",7,1,6,-17,3,0
"H",7,1,6,-18,1,0
"H",7,1,6,-2,304,101
"H",7,1,6,-3,227,38
"H",7,1,6,-4,171,23
"H",7,1,6,-5,136,9
"H",7,1,6,-6,71,1
"H",7,1,6,-7,56,0
"H",7,1,6,-8,35,0
"H",7,1,6,-9,25,0
"H",7,1,6,0,502,373
"H",7,1,6,1,453,397
"H",7,1,6,10,25,25
"H",7,1,6,11,18,18
"H",7,1,6,12,17,17
"H",7,1,6,13,7,7
"H",7,1,6,14,5,5
"H",7,1,6,15,1,1
"H",7,1,6,17,2,2
"H",7,1,6,2,435,403
"H",7,1,6,3,360,346
"H",7,1,6,4,261,258
"H",7,1,6,5,195,193
"H",7,1,6,6,148,146
"H",7,1,6,7,113,113
"H",7,1,6,8,68,68
"H",7,1,6,9,43,43
"H",7,1,7,-1,302,156
"H",7,1,7,-10,5,0
"H",7,1,7,-11,4,0
"H",7,1,7,-12,2,0
"H",7,1,7,-13,5,0
"H",7,1,7,-14,3,0
"H",7,1,7,-16,1,0
"H",7,1,7,-17,1,0
"H",7,1,7,-2,286,103
"H",7,1,7,-3,167,29
"H",7,1,7,-4,120,16
"H",7,1,7,-5,73,3
"H",7,1,7,-6,55,1
"H",7,1,7,-7,38,1
"H",7,1,7,-8,12,0
"H",7,1,7,-9,8,0
"H",7,1,7,0,361,293
"H",7,1,7,1,401,348
"H",7,1,7,10,17,17
"H",7,1,7,11,18,18
"H",7,1,7,12,11,11
"H",7,1,7,13,5,5
"H",7,1,7,14,5,5
"H",7,1,7,15,1,1
"H",7,1,7,2,348,332
"H",7,1,7,3,269,261
"H",7,1,7,4,237,237
"H",7,1,7,5,154,154
"H",7,1,7,6,120,120
"H",7,1,7,7,84,84
"H",7,1,7,8,50,50
"H",7,1,7,9,36,36
"H",7,1,8,-1,315,179
"H",7,1,8,-10,8,0
"H",7,1,8,-11,7,0
"H",7,1,8,-12,2,0
"H",7,1,8,-13,3,0
"H",7,1,8,-14,2,0
"H",7,1,8,-2,218,90
"H",7,1,8,-3,164,37
"H",7,1,8,-4,116,18
"H",7,1,8,-5,94,8
"H",7,1,8,-6,55,3
"H",7,1,8,-7,34,2
"H",7,1,8,-8,24,2
"H",7,1,8,-9,11,0
"H",7,1,8,0,436,331
"H",7,1,8,1,434,386
"H",7,1,8,10,12,12
"H",7,1,8,11,11,11
"H",7,1,8,12,7,7
"H",7,1,8,13,2,2
"H",7,1,8,14,3,3
"H",7,1,8,2,323,303
"H",7,1,8,22,1,1
"H",7,1,8,3,283,274
"H",7,1,8,4,199,198
"H",7,1,8,5,133,131
"H",7,1,8,6,109,107
"H",7,1,8,7,70,69
"H",7,1,8,8,42,42
"H",7,1,8,9,33,33
"H",7,2,1,-1,4215,1151
"H",7,2,1,-10,140,0
"H",7,2,1,-11,90,1
"H",7,2,1,-12,65,0
"H",7,2,1,-13,36,0
"H",7,2,1,-14,20,0
"H",7,2,1,-15,14,0
"H",7,2,1,-16,5,0
"H",7,2,1,-17,7,0
"H",7,2,1,-18,3,0
"H",7,2,1,-19,5,0
"H",7,2,1,-2,3584,519
"H",7,2,1,-20,1,0
"H",7,2,1,-24,1,0
"H",7,2,1,-3,2592,199
"H",7,2,1,-4,1872,67
"H",7,2,1,-5,1381,32
"H",7,2,1,-6,931,5
"H",7,2,1,-7,616,3
"H",7,2,1,-8,379,0
"H",7,2,1,-9,244,0
"H",7,2,1,0,4673,2568
"H",7,2,1,1,4391,3453
"H",7,2,1,10,185,185
"H",7,2,1,11,113,113
"H",7,2,1,12,67,67
"H",7,2,1,13,39,39
"H",7,2,1,14,22,22
"H",7,2,1,15,21,21
"H",7,2,1,16,13,13
"H",7,2,1,17,4,4
"H",7,2,1,18,6,6
"H",7,2,1,19,1,1
"H",7,2,1,2,3562,3161
"H",7,2,1,20,1,1
"H",7,2,1,21,1,1
"H",7,2,1,3,2817,2664
"H",7,2,1,4,2082,2021
"H",7,2,1,5,1485,1469
"H",7,2,1,6,899,894
"H",7,2,1,7,664,663
"H",7,2,1,8,449,449
"H",7,2,1,9,273,273
"H",7,2,2,-1,2374,714
"H",7,2,2,-10,91,1
"H",7,2,2,-11,60,1
"H",7,2,2,-12,38,0
"H",7,2,2,-13,23,0
"H",7,2,2,-14,13,0
"H",7,2,2,-15,8,0
"H",7,2,2,-16,1,0
"H",7,2,2,-17,4,0
"H",7,2,2,-19,1,0
"H",7,2,2,-2,2094,352
"H",7,2,2,-20,1,0
"H",7,2,2,-21,1,0
"H",7,2,2,-22,1,0
"H",7,2,2,-24,1,0
"H",7,2,2,-3,1626,156
"H",7,2,2,-4,1229,46
"H",7,2,2,-5,870,27
"H",7,2,2,-6,577,5
"H",7,2,2,-7,405,0
"H",7,2,2,-8,219,1
"H",7,2,2,-9,153,0
"H",7,2,2,0,2677,1521
"H",7,2,2,1,2461,1997
"H",7,2,2,10,137,137
"H",7,2,2,11,89,89
"H",7,2,2,12,54,54
"H",7,2,2,13,27,27
"H",7,2,2,14,22,22
"H",7,2,2,15,14,14
"H",7,2,2,16,13,13
"H",7,2,2,17,3,3
"H",7,2,2,18,1,1
"H",7,2,2,19,1,1
"H",7,2,2,2,2033,1806
"H",7,2,2,3,1715,1645
"H",7,2,2,4,1364,1331
"H",7,2,2,5,1006,996
"H",7,2,2,6,648,646
"H",7,2,2,7,476,476
"H",7,2,2,8,310,309
"H",7,2,2,9,239,239
"H",7,2,3,-1,1267,411
"H",7,2,3,-10,41,0
"H",7,2,3,-11,24,0
"H",7,2,3,-12,26,0
"H",7,2,3,-13,7,0
"H",7,2,3,-14,8,0
"H",7,2,3,-15,4,0
"H",7,2,3,-17,1,0
"H",7,2,3,-2,783,127
"H",7,2,3,-20,1,0
"H",7,2,3,-21,1,0
"H",7,2,3,-3,592,51
"H",7,2,3,-4,406,19
"H",7,2,3,-5,297,10
"H",7,2,3,-6,206,0
"H",7,2,3,-7,128,1
"H",7,2,3,-8,88,0
"H",7,2,3,-9,47,1
"H",7,2,3,0,1650,988
"H",7,2,3,1,1594,1299
"H",7,2,3,10,76,76
"H",7,2,3,11,55,55
"H",7,2,3,12,56,56
"H",7,2,3,13,23,23
"H",7,2,3,14,15,15
"H",7,2,3,15,9,9
"H",7,2,3,16,4,4
"H",7,2,3,17,2,2
"H",7,2,3,18,2,2
"H",7,2,3,2,1303,1188
"H",7,2,3,3,1130,1079
"H",7,2,3,4,885,862
"H",7,2,3,5,657,652
"H",7,2,3,6,442,439
"H",7,2,3,7,285,284
"H",7,2,3,8,213,213
"H",7,2,3,9,144,143
"H",7,2,4,-1,993,345
"H",7,2,4,-10,46,0
"H",7,2,4,-11,20,0
"H",7,2,4,-12,20,0
"H",7,2,4,-13,11,0
"H",7,2,4,-14,8,0
"H",7,2,4,-15,1,0
"H",7,2,4,-16,4,0
"H",7,2,4,-17,1,0
"H",7,2,4,-18,1,0
"H",7,2,4,-2,832,178
"H",7,2,4,-3,702,79
"H",7,2,4,-4,565,24
"H",7,2,4,-5,351,12
"H",7,2,4,-6,239,5
"H",7,2,4,-7,172,3
"H",7,2,4,-8,101,1
"H",7,2,4,-9,73,0
"H",7,2,4,0,1302,795
"H",7,2,4,1,1265,1029
"H",7,2,4,10,74,74
"H",7,2,4,11,38,38
"H",7,2,4,12,26,26
"H",7,2,4,13,26,26
"H",7,2,4,14,12,12
"H",7,2,4,15,5,5
"H",7,2,4,16,5,5
"H",7,2,4,17,3,3
"H",7,2,4,18,2,2
"H",7,2,4,19,1,1
"H",7,2,4,2,973,867
"H",7,2,4,21,1,1
"H",7,2,4,23,1,1
"H",7,2,4,3,846,811
"H",7,2,4,4,701,677
"H",7,2,4,5,498,495
"H",7,2,4,6,321,320
"H",7,2,4,7,248,246
"H",7,2,4,8,171,170
"H",7,2,4,9,114,113
"H",7,2,5,-1,581,201
"H",7,2,5,-10,9,0
"H",7,2,5,-11,9,0
"H",7,2,5,-12,5,0
"H",7,2,5,-13,7,0
"H",7,2,5,-14,3,0
"H",7,2,5,-15,4,0
"H",7,2,5,-2,321,56
"H",7,2,5,-3,230,23
"H",7,2,5,-4,174,11
"H",7,2,5,-5,128,3
"H",7,2,5,-6,81,0
"H",7,2,5,-7,44,0
"H",7,2,5,-8,31,0
"H",7,2,5,-9,24,0
"H",7,2,5,0,659,401
"H",7,2,5,1,603,497
"H",7,2,5,10,32,32
"H",7,2,5,11,38,38
"H",7,2,5,12,17,17
"H",7,2,5,13,9,9
"H",7,2,5,14,9,9
"H",7,2,5,15,9,9
"H",7,2,5,16,1,1
"H",7,2,5,17,1,1
"H",7,2,5,18,1,1
"H",7,2,5,2,556,501
"H",7,2,5,20,1,1
"H",7,2,5,3,463,436
"H",7,2,5,4,396,389
"H",7,2,5,5,268,265
"H",7,2,5,6,185,183
"H",7,2,5,7,149,149
"H",7,2,5,8,94,94
"H",7,2,5,9,68,68
"H",7,2,6,-1,494,164
"H",7,2,6,-10,10,0
"H",7,2,6,-11,7,0
"H",7,2,6,-12,3,0
"H",7,2,6,-13,1,0
"H",7,2,6,-14,2,0
"H",7,2,6,-17,1,0
"H",7,2,6,-2,389,78
"H",7,2,6,-3,275,32
"H",7,2,6,-4,209,20
"H",7,2,6,-5,156,6
"H",7,2,6,-6,89,0
"H",7,2,6,-7,66,1
"H",7,2,6,-8,27,0
"H",7,2,6,-9,23,0
"H",7,2,6,0,597,371
"H",7,2,6,1,595,486
"H",7,2,6,10,33,33
"H",7,2,6,11,28,28
"H",7,2,6,12,21,21
"H",7,2,6,13,13,13
"H",7,2,6,14,4,4
"H",7,2,6,15,2,2
"H",7,2,6,16,2,2
"H",7,2,6,18,1,1
"H",7,2,6,2,541,500
"H",7,2,6,3,460,439
"H",7,2,6,4,339,332
"H",7,2,6,5,241,240
"H",7,2,6,6,164,162
"H",7,2,6,7,133,133
"H",7,2,6,8,94,94
"H",7,2,6,9,68,68
"H",7,2,7,-1,290,110
"H",7,2,7,-10,6,0
"H",7,2,7,-11,6,0
"H",7,2,7,-12,6,0
"H",7,2,7,-13,2,0
"H",7,2,7,-17,1,0
"H",7,2,7,-2,248,62
"H",7,2,7,-3,198,28
"H",7,2,7,-4,113,8
"H",7,2,7,-5,85,4
"H",7,2,7,-6,61,1
"H",7,2,7,-7,33,1
"H",7,2,7,-8,18,0
"H",7,2,7,-9,11,0
"H",7,2,7,0,390,250
"H",7,2,7,1,382,316
"H",7,2,7,10,27,27
"H",7,2,7,11,20,20
"H",7,2,7,12,10,10
"H",7,2,7,13,6,6
"H",7,2,7,15,1,1
"H",7,2,7,2,386,361
"H",7,2,7,3,290,275
"H",7,2,7,4,229,225
"H",7,2,7,5,181,179
"H",7,2,7,6,113,112
"H",7,2,7,7,96,96
"H",7,2,7,8,57,57
"H",7,2,7,9,38,38
"H",7,2,8,-1,384,151
"H",7,2,8,-10,9,0
"H",7,2,8,-11,2,0
"H",7,2,8,-12,5,0
"H",7,2,8,-13,3,0
"H",7,2,8,-14,1,0
"H",7,2,8,-2,248,69
"H",7,2,8,-3,181,29
"H",7,2,8,-4,156,12
"H",7,2,8,-5,101,5
"H",7,2,8,-6,69,3
"H",7,2,8,-7,39,2
"H",7,2,8,-8,30,0
"H",7,2,8,-9,18,0
"H",7,2,8,0,497,335
"H",7,2,8,1,478,386
"H",7,2,8,10,21,21
"H",7,2,8,11,13,13
"H",7,2,8,12,9,9
"H",7,2,8,13,5,5
"H",7,2,8,14,5,5
"H",7,2,8,17,1,1
"H",7,2,8,19,1,1
"H",7,2,8,2,380,341
"H",7,2,8,3,321,307
"H",7,2,8,4,249,243
"H",7,2,8,5,177,174
"H",7,2,8,6,131,129
"H",7,2,8,7,70,70
"H",7,2,8,8,49,49
"H",7,2,8,9,47,47
"H",8,0,1,-1,7587,2242
"H",8,0,1,-10,352,0
"H",8,0,1,-11,263,1
"H",8,0,1,-12,160,0
"H",8,0,1,-13,117,0
"H",8,0,1,-14,73,0
"H",8,0,1,-15,45,0
"H",8,0,1,-16,24,0
"H",8,0,1,-17,15,0
"H",8,0,1,-18,3,0
"H",8,0,1,-19,6,0
"H",8,0,1,-2,6408,1040
"H",8,0,1,-20,4,0
"H",8,0,1,-21,3,0
"H",8,0,1,-22,1,0
"H",8,0,1,-23,2,0
"H",8,0,1,-24,1,0
"H",8,0,1,-25,1,0
"H",8,0,1,-3,5218,458
"H",8,0,1,-4,3889,148
"H",8,0,1,-5,2860,66
"H",8,0,1,-6,2040,14
"H",8,0,1,-7,1473,9
"H",8,0,1,-8,901,2
"H",8,0,1,-9,594,0
"H",8,0,1,0,8052,5121
"H",8,0,1,1,7702,6861
"H",8,0,1,10,378,378
"H",8,0,1,11,220,220
"H",8,0,1,12,147,147
"H",8,0,1,13,72,72
"H",8,0,1,14,68,68
"H",8,0,1,15,35,35
"H",8,0,1,16,25,25
"H",8,0,1,17,5,5
"H",8,0,1,18,9,9
"H",8,0,1,19,3,3
"H",8,0,1,2,6222,5956
"H",8,0,1,20,3,3
"H",8,0,1,21,2,2
"H",8,0,1,23,2,2
"H",8,0,1,25,1,1
"H",8,0,1,3,5017,4925
"H",8,0,1,4,3830,3798
"H",8,0,1,5,2734,2724
"H",8,0,1,6,1826,1819
"H",8,0,1,7,1348,1348
"H",8,0,1,8,900,900
"H",8,0,1,9,559,559
"H",8,0,2,-1,2086,825
"H",8,0,2,-10,110,0
"H",8,0,2,-11,74,1
"H",8,0,2,-12,42,0
"H",8,0,2,-13,30,0
"H",8,0,2,-14,20,0
"H",8,0,2,-15,17,0
"H",8,0,2,-16,9,0
"H",8,0,2,-17,3,0
"H",8,0,2,-19,2,0
"H",8,0,2,-2,1785,418
"H",8,0,2,-20,1,0
"H",8,0,2,-21,1,0
"H",8,0,2,-22,1,0
"H",8,0,2,-3,1469,227
"H",8,0,2,-4,1124,75
"H",8,0,2,-5,810,30
"H",8,0,2,-6,561,7
"H",8,0,2,-7,424,5
"H",8,0,2,-8,251,1
"H",8,0,2,-9,164,0
"H",8,0,2,0,2274,1602
"H",8,0,2,1,2185,1987
"H",8,0,2,10,125,125
"H",8,0,2,11,69,69
"H",8,0,2,12,32,32
"H",8,0,2,13,29,29
"H",8,0,2,14,17,17
"H",8,0,2,15,10,10
"H",8,0,2,16,10,10
"H",8,0,2,17,3,3
"H",8,0,2,18,2,2
"H",8,0,2,19,1,1
"H",8,0,2,2,1805,1721
"H",8,0,2,20,2,2
"H",8,0,2,23,2,2
"H",8,0,2,3,1461,1433
"H",8,0,2,4,1057,1051
"H",8,0,2,5,785,781
"H",8,0,2,6,525,521
"H",8,0,2,7,414,414
"H",8,0,2,8,276,276
"H",8,0,2,9,198,198
"H",8,0,3,-1,447,226
"H",8,0,3,-10,27,0
"H",8,0,3,-11,21,0
"H",8,0,3,-12,6,0
"H",8,0,3,-13,8,0
"H",8,0,3,-14,6,0
"H",8,0,3,-15,3,0
"H",8,0,3,-16,1,0
"H",8,0,3,-2,320,91
"H",8,0,3,-24,1,0
"H",8,0,3,-3,285,35
"H",8,0,3,-4,222,12
"H",8,0,3,-5,166,8
"H",8,0,3,-6,116,1
"H",8,0,3,-7,90,2
"H",8,0,3,-8,44,0
"H",8,0,3,-9,34,0
"H",8,0,3,0,479,359
"H",8,0,3,1,484,440
"H",8,0,3,10,42,42
"H",8,0,3,11,23,23
"H",8,0,3,12,21,21
"H",8,0,3,13,13,13
"H",8,0,3,14,11,11
"H",8,0,3,15,2,2
"H",8,0,3,16,4,4
"H",8,0,3,18,2,2
"H",8,0,3,19,1,1
"H",8,0,3,2,399,383
"H",8,0,3,20,1,1
"H",8,0,3,21,1,1
"H",8,0,3,3,381,374
"H",8,0,3,4,284,283
"H",8,0,3,5,236,235
"H",8,0,3,6,161,161
"H",8,0,3,7,115,115
"H",8,0,3,8,85,85
"H",8,0,3,9,42,42
"H",8,0,4,-1,394,233
"H",8,0,4,-10,35,0
"H",8,0,4,-11,20,0
"H",8,0,4,-12,9,0
"H",8,0,4,-13,7,0
"H",8,0,4,-14,9,0
"H",8,0,4,-15,4,0
"H",8,0,4,-16,2,0
"H",8,0,4,-2,453,163
"H",8,0,4,-22,1,0
"H",8,0,4,-24,1,0
"H",8,0,4,-3,373,81
"H",8,0,4,-4,307,25
"H",8,0,4,-5,228,15
"H",8,0,4,-6,142,5
"H",8,0,4,-7,118,2
"H",8,0,4,-8,72,0
"H",8,0,4,-9,54,0
"H",8,0,4,0,411,339
"H",8,0,4,1,405,382
"H",8,0,4,10,28,28
"H",8,0,4,11,15,15
"H",8,0,4,12,13,13
"H",8,0,4,13,7,7
"H",8,0,4,14,5,5
"H",8,0,4,15,2,2
"H",8,0,4,16,2,2
"H",8,0,4,17,1,1
"H",8,0,4,19,1,1
"H",8,0,4,2,346,328
"H",8,0,4,3,274,270
"H",8,0,4,4,255,255
"H",8,0,4,5,153,153
"H",8,0,4,6,135,133
"H",8,0,4,7,89,89
"H",8,0,4,8,86,86
"H",8,0,4,9,63,63
"H",8,0,5,-1,144,81
"H",8,0,5,-10,5,0
"H",8,0,5,-11,7,0
"H",8,0,5,-12,2,0
"H",8,0,5,-13,3,0
"H",8,0,5,-14,2,0
"H",8,0,5,-2,84,24
"H",8,0,5,-20,1,0
"H",8,0,5,-3,58,5
"H",8,0,5,-4,50,3
"H",8,0,5,-5,41,3
"H",8,0,5,-6,28,2
"H",8,0,5,-7,23,0
"H",8,0,5,-8,19,0
"H",8,0,5,-9,5,0
"H",8,0,5,0,141,116
"H",8,0,5,1,164,158
"H",8,0,5,10,13,13
"H",8,0,5,11,10,10
"H",8,0,5,12,8,8
"H",8,0,5,13,6,6
"H",8,0,5,14,2,2
"H",8,0,5,15,3,3
"H",8,0,5,16,2,2
"H",8,0,5,18,1,1
"H",8,0,5,2,154,146
"H",8,0,5,20,1,1
"H",8,0,5,21,1,1
"H",8,0,5,3,123,123
"H",8,0,5,4,92,92
"H",8,0,5,5,69,69
"H",8,0,5,6,34,34
"H",8,0,5,7,37,37
"H",8,0,5,8,31,31
"H",8,0,5,9,18,18
"H",8,0,6,-1,164,111
"H",8,0,6,-10,6,0
"H",8,0,6,-11,8,0
"H",8,0,6,-12,3,0
"H",8,0,6,-15,3,0
"H",8,0,6,-2,169,60
"H",8,0,6,-3,129,32
"H",8,0,6,-4,80,9
"H",8,0,6,-5,60,5
"H",8,0,6,-6,42,0
"H",8,0,6,-7,40,0
"H",8,0,6,-8,20,0
"H",8,0,6,-9,15,0
"H",8,0,6,0,172,147
"H",8,0,6,1,176,170
"H",8,0,6,10,20,20
"H",8,0,6,11,13,13
"H",8,0,6,12,6,6
"H",8,0,6,13,3,3
"H",8,0,6,14,1,1
"H",8,0,6,15,3,3
"H",8,0,6,16,1,1
"H",8,0,6,17,1,1
"H",8,0,6,19,1,1
"H",8,0,6,2,164,163
"H",8,0,6,3,136,133
"H",8,0,6,4,118,117
"H",8,0,6,5,100,100
"H",8,0,6,6,61,60
"H",8,0,6,7,46,46
"H",8,0,6,8,42,42
"H",8,0,6,9,28,28
"H",8,0,7,-1,79,52
"H",8,0,7,-10,5,0
"H",8,0,7,-11,3,0
"H",8,0,7,-12,2,0
"H",8,0,7,-13,3,0
"H",8,0,7,-14,3,0
"H",8,0,7,-2,96,46
"H",8,0,7,-3,80,20
"H",8,0,7,-4,42,12
"H",8,0,7,-5,42,1
"H",8,0,7,-6,33,2
"H",8,0,7,-7,22,1
"H",8,0,7,-8,13,1
"H",8,0,7,-9,12,0
"H",8,0,7,0,76,65
"H",8,0,7,1,92,89
"H",8,0,7,10,17,17
"H",8,0,7,11,12,12
"H",8,0,7,12,1,1
"H",8,0,7,13,3,3
"H",8,0,7,14,3,3
"H",8,0,7,16,2,2
"H",8,0,7,2,93,92
"H",8,0,7,3,68,67
"H",8,0,7,4,82,82
"H",8,0,7,5,49,48
"H",8,0,7,6,33,33
"H",8,0,7,7,29,29
"H",8,0,7,8,21,21
"H",8,0,7,9,24,24
"H",8,0,8,-1,135,92
"H",8,0,8,-10,9,0
"H",8,0,8,-11,1,0
"H",8,0,8,-12,1,0
"H",8,0,8,-13,2,0
"H",8,0,8,-14,1,0
"H",8,0,8,-2,110,54
"H",8,0,8,-22,1,0
"H",8,0,8,-3,69,24
"H",8,0,8,-4,76,15
"H",8,0,8,-5,62,5
"H",8,0,8,-6,28,1
"H",8,0,8,-7,27,0
"H",8,0,8,-8,13,0
"H",8,0,8,-9,12,0
"H",8,0,8,0,133,109
"H",8,0,8,1,126,122
"H",8,0,8,10,9,9
"H",8,0,8,11,7,7
"H",8,0,8,12,4,4
"H",8,0,8,13,4,4
"H",8,0,8,15,1,1
"H",8,0,8,16,3,3
"H",8,0,8,19,1,1
"H",8,0,8,2,106,101
"H",8,0,8,3,77,77
"H",8,0,8,4,68,67
"H",8,0,8,5,59,59
"H",8,0,8,6,30,30
"H",8,0,8,7,23,23
"H",8,0,8,8,21,21
"H",8,0,8,9,20,20
"H",8,1,1,-1,5177,1180
"H",8,1,1,-10,220,0
"H",8,1,1,-11,172,0
"H",8,1,1,-12,111,0
"H",8,1,1,-13,78,0
"H",8,1,1,-14,45,0
"H",8,1,1,-15,24,0
"H",8,1,1,-16,12,0
"H",8,1,1,-17,12,0
"H",8,1,1,-18,4,0
"H",8,1,1,-19,5,0
"H",8,1,1,-2,4388,531
"H",8,1,1,-20,1,0
"H",8,1,1,-21,1,0
"H",8,1,1,-23,2,0
"H",8,1,1,-25,1,0
"H",8,1,1,-3,3520,193
"H",8,1,1,-4,2590,61
"H",8,1,1,-5,1901,27
"H",8,1,1,-6,1384,6
"H",8,1,1,-7,961,2
"H",8,1,1,-8,593,1
"H",8,1,1,-9,403,0
"H",8,1,1,0,5486,3216
"H",8,1,1,1,5239,4598
"H",8,1,1,10,271,271
"H",8,1,1,11,163,163
"H",8,1,1,12,120,120
"H",8,1,1,13,52,52
"H",8,1,1,14,50,50
"H",8,1,1,15,26,26
"H",8,1,1,16,19,19
"H",8,1,1,17,4,4
"H",8,1,1,18,7,7
"H",8,1,1,19,1,1
"H",8,1,1,2,4260,4082
"H",8,1,1,20,1,1
"H",8,1,1,21,1,1
"H",8,1,1,25,1,1
"H",8,1,1,26,1,1
"H",8,1,1,3,3430,3368
"H",8,1,1,4,2713,2686
"H",8,1,1,5,1917,1911
"H",8,1,1,6,1315,1310
"H",8,1,1,7,934,934
"H",8,1,1,8,644,644
"H",8,1,1,9,401,401
"H",8,1,2,-1,2263,661
"H",8,1,2,-10,109,0
"H",8,1,2,-11,66,1
"H",8,1,2,-12,66,0
"H",8,1,2,-13,29,0
"H",8,1,2,-14,16,0
"H",8,1,2,-15,17,0
"H",8,1,2,-16,13,0
"H",8,1,2,-17,6,0
"H",8,1,2,-18,2,0
"H",8,1,2,-19,3,0
"H",8,1,2,-2,2130,362
"H",8,1,2,-20,2,0
"H",8,1,2,-21,1,0
"H",8,1,2,-23,1,0
"H",8,1,2,-3,1716,150
"H",8,1,2,-4,1294,54
"H",8,1,2,-5,949,21
"H",8,1,2,-6,672,5
"H",8,1,2,-7,479,1
"H",8,1,2,-8,286,2
"H",8,1,2,-9,162,0
"H",8,1,2,0,2317,1464
"H",8,1,2,1,2255,2018
"H",8,1,2,10,154,154
"H",8,1,2,11,91,91
"H",8,1,2,12,62,62
"H",8,1,2,13,32,32
"H",8,1,2,14,26,26
"H",8,1,2,15,14,14
"H",8,1,2,16,10,10
"H",8,1,2,17,5,5
"H",8,1,2,18,2,2
"H",8,1,2,19,1,1
"H",8,1,2,2,1938,1853
"H",8,1,2,20,1,1
"H",8,1,2,23,1,1
"H",8,1,2,3,1666,1625
"H",8,1,2,4,1225,1212
"H",8,1,2,5,962,959
"H",8,1,2,6,672,671
"H",8,1,2,7,573,573
"H",8,1,2,8,362,362
"H",8,1,2,9,219,219
"H",8,1,3,-1,1182,426
"H",8,1,3,-10,37,0
"H",8,1,3,-11,25,0
"H",8,1,3,-12,7,0
"H",8,1,3,-13,14,0
"H",8,1,3,-14,7,0
"H",8,1,3,-15,4,0
"H",8,1,3,-16,5,0
"H",8,1,3,-2,539,96
"H",8,1,3,-3,459,43
"H",8,1,3,-4,363,17
"H",8,1,3,-5,284,8
"H",8,1,3,-6,180,0
"H",8,1,3,-7,149,1
"H",8,1,3,-8,80,0
"H",8,1,3,-9,48,0
"H",8,1,3,0,1561,1105
"H",8,1,3,1,1458,1303
"H",8,1,3,10,80,80
"H",8,1,3,11,54,54
"H",8,1,3,12,40,40
"H",8,1,3,13,15,15
"H",8,1,3,14,13,13
"H",8,1,3,15,4,4
"H",8,1,3,16,7,7
"H",8,1,3,17,3,3
"H",8,1,3,18,1,1
"H",8,1,3,19,2,2
"H",8,1,3,2,1210,1165
"H",8,1,3,3,1016,1000
"H",8,1,3,4,711,707
"H",8,1,3,5,502,499
"H",8,1,3,6,341,341
"H",8,1,3,7,231,231
"H",8,1,3,8,133,133
"H",8,1,3,9,108,108
"H",8,1,4,-1,791,323
"H",8,1,4,-10,49,0
"H",8,1,4,-11,25,1
"H",8,1,4,-12,14,0
"H",8,1,4,-13,13,0
"H",8,1,4,-14,8,0
"H",8,1,4,-15,9,0
"H",8,1,4,-16,1,0
"H",8,1,4,-17,5,0
"H",8,1,4,-2,702,182
"H",8,1,4,-20,1,0
"H",8,1,4,-3,597,74
"H",8,1,4,-4,468,29
"H",8,1,4,-5,324,10
"H",8,1,4,-6,245,5
"H",8,1,4,-7,168,0
"H",8,1,4,-8,115,1
"H",8,1,4,-9,69,0
"H",8,1,4,0,1025,732
"H",8,1,4,1,934,833
"H",8,1,4,10,65,65
"H",8,1,4,11,27,27
"H",8,1,4,12,29,29
"H",8,1,4,13,15,15
"H",8,1,4,14,15,15
"H",8,1,4,15,7,7
"H",8,1,4,16,7,7
"H",8,1,4,17,4,4
"H",8,1,4,18,1,1
"H",8,1,4,19,1,1
"H",8,1,4,2,749,719
"H",8,1,4,20,2,2
"H",8,1,4,21,1,1
"H",8,1,4,3,622,611
"H",8,1,4,4,443,442
"H",8,1,4,5,345,345
"H",8,1,4,6,262,261
"H",8,1,4,7,213,213
"H",8,1,4,8,174,174
"H",8,1,4,9,108,108
"H",8,1,5,-1,419,197
"H",8,1,5,-10,10,0
"H",8,1,5,-11,5,0
"H",8,1,5,-12,3,0
"H",8,1,5,-13,5,0
"H",8,1,5,-14,5,0
"H",8,1,5,-16,1,0
"H",8,1,5,-2,191,40
"H",8,1,5,-3,146,13
"H",8,1,5,-4,128,7
"H",8,1,5,-5,90,1
"H",8,1,5,-6,83,0
"H",8,1,5,-7,35,0
"H",8,1,5,-8,28,0
"H",8,1,5,-9,16,1
"H",8,1,5,0,438,340
"H",8,1,5,1,445,410
"H",8,1,5,10,41,41
"H",8,1,5,11,27,27
"H",8,1,5,12,18,18
"H",8,1,5,13,7,7
"H",8,1,5,14,5,5
"H",8,1,5,15,1,1
"H",8,1,5,16,6,6
"H",8,1,5,17,1,1
"H",8,1,5,18,5,5
"H",8,1,5,2,447,424
"H",8,1,5,21,1,1
"H",8,1,5,3,376,370
"H",8,1,5,4,282,282
"H",8,1,5,5,217,216
"H",8,1,5,6,134,134
"H",8,1,5,7,98,98
"H",8,1,5,8,72,72
"H",8,1,5,9,45,45
"H",8,1,6,-1,381,178
"H",8,1,6,-10,18,0
"H",8,1,6,-11,11,0
"H",8,1,6,-12,6,0
"H",8,1,6,-13,2,0
"H",8,1,6,-14,4,0
"H",8,1,6,-15,2,0
"H",8,1,6,-19,1,0
"H",8,1,6,-2,322,98
"H",8,1,6,-24,1,0
"H",8,1,6,-3,268,49
"H",8,1,6,-4,209,16
"H",8,1,6,-5,150,3
"H",8,1,6,-6,93,2
"H",8,1,6,-7,74,2
"H",8,1,6,-8,45,1
"H",8,1,6,-9,30,0
"H",8,1,6,0,472,376
"H",8,1,6,1,443,413
"H",8,1,6,10,37,37
"H",8,1,6,11,29,29
"H",8,1,6,12,8,8
"H",8,1,6,13,10,10
"H",8,1,6,14,5,5
"H",8,1,6,15,1,1
"H",8,1,6,16,1,1
"H",8,1,6,17,3,3
"H",8,1,6,18,1,1
"H",8,1,6,19,1,1
"H",8,1,6,2,388,379
"H",8,1,6,23,1,1
"H",8,1,6,3,351,344
"H",8,1,6,4,259,257
"H",8,1,6,5,237,236
"H",8,1,6,6,154,153
"H",8,1,6,7,110,110
"H",8,1,6,8,72,72
"H",8,1,6,9,47,47
"H",8,1,7,-1,272,158
"H",8,1,7,-10,5,0
"H",8,1,7,-11,5,0
"H",8,1,7,-12,6,0
"H",8,1,7,-13,4,0
"H",8,1,7,-14,6,0
"H",8,1,7,-15,1,0
"H",8,1,7,-16,2,0
"H",8,1,7,-2,283,99
"H",8,1,7,-3,164,30
"H",8,1,7,-4,91,7
"H",8,1,7,-5,83,4
"H",8,1,7,-6,54,0
"H",8,1,7,-7,36,0
"H",8,1,7,-8,19,0
"H",8,1,7,-9,13,0
"H",8,1,7,0,346,282
"H",8,1,7,1,346,320
"H",8,1,7,10,28,28
"H",8,1,7,11,17,17
"H",8,1,7,12,11,11
"H",8,1,7,13,3,3
"H",8,1,7,14,4,4
"H",8,1,7,15,2,2
"H",8,1,7,16,1,1
"H",8,1,7,17,1,1
"H",8,1,7,2,371,353
"H",8,1,7,21,1,1
"H",8,1,7,3,265,260
"H",8,1,7,4,247,245
"H",8,1,7,5,164,163
"H",8,1,7,6,131,130
"H",8,1,7,7,100,100
"H",8,1,7,8,56,56
"H",8,1,7,9,40,40
"H",8,1,8,-1,309,179
"H",8,1,8,-10,10,0
"H",8,1,8,-11,5,0
"H",8,1,8,-12,1,0
"H",8,1,8,-13,5,0
"H",8,1,8,-14,2,0
"H",8,1,8,-15,1,0
"H",8,1,8,-16,1,0
"H",8,1,8,-17,1,0
"H",8,1,8,-2,198,64
"H",8,1,8,-22,1,0
"H",8,1,8,-3,144,26
"H",8,1,8,-4,121,18
"H",8,1,8,-5,79,6
"H",8,1,8,-6,58,3
"H",8,1,8,-7,41,1
"H",8,1,8,-8,29,1
"H",8,1,8,-9,19,0
"H",8,1,8,0,443,349
"H",8,1,8,1,398,372
"H",8,1,8,10,20,20
"H",8,1,8,11,8,8
"H",8,1,8,12,6,6
"H",8,1,8,13,2,2
"H",8,1,8,14,3,3
"H",8,1,8,15,2,2
"H",8,1,8,16,1,1
"H",8,1,8,17,2,2
"H",8,1,8,19,1,1
"H",8,1,8,2,331,320
"H",8,1,8,3,232,229
"H",8,1,8,4,182,182
"H",8,1,8,5,146,146
"H",8,1,8,6,89,89
"H",8,1,8,7,66,66
"H",8,1,8,8,43,43
"H",8,1,8,9,34,34
"H",8,2,1,-1,3846,712
"H",8,2,1,-10,173,0
"H",8,2,1,-11,141,0
"H",8,2,1,-12,81,0
"H",8,2,1,-13,60,0
"H",8,2,1,-14,33,0
"H",8,2,1,-15,18,0
"H",8,2,1,-16,4,0
"H",8,2,1,-17,9,0
"H",8,2,1,-18,2,0
"H",8,2,1,-19,3,0
"H",8,2,1,-2,3279,283
"H",8,2,1,-21,1,0
"H",8,2,1,-23,1,0
"H",8,2,1,-25,1,0
"H",8,2,1,-3,2628,101
"H",8,2,1,-4,1931,31
"H",8,2,1,-5,1386,7
"H",8,2,1,-6,1020,1
"H",8,2,1,-7,698,2
"H",8,2,1,-8,430,0
"H",8,2,1,-9,329,0
"H",8,2,1,0,4128,2273
"H",8,2,1,1,3974,3460
"H",8,2,1,10,242,242
"H",8,2,1,11,147,147
"H",8,2,1,12,99,99
"H",8,2,1,13,71,71
"H",8,2,1,14,39,39
"H",8,2,1,15,25,25
"H",8,2,1,16,18,18
"H",8,2,1,17,8,8
"H",8,2,1,18,8,8
"H",8,2,1,19,2,2
"H",8,2,1,2,3294,3136
"H",8,2,1,20,1,1
"H",8,2,1,21,2,2
"H",8,2,1,26,1,1
"H",8,2,1,3,2733,2677
"H",8,2,1,4,2219,2197
"H",8,2,1,5,1590,1586
"H",8,2,1,6,1061,1056
"H",8,2,1,7,715,715
"H",8,2,1,8,544,544
"H",8,2,1,9,379,379
"H",8,2,2,-1,2242,496
"H",8,2,2,-10,104,0
"H",8,2,2,-11,81,0
"H",8,2,2,-12,58,0
"H",8,2,2,-13,29,0
"H",8,2,2,-14,14,0
"H",8,2,2,-15,9,0
"H",8,2,2,-16,6,0
"H",8,2,2,-17,3,0
"H",8,2,2,-18,4,0
"H",8,2,2,-19,4,0
"H",8,2,2,-2,2136,248
"H",8,2,2,-20,1,0
"H",8,2,2,-23,2,0
"H",8,2,2,-3,1642,83
"H",8,2,2,-4,1243,27
"H",8,2,2,-5,904,12
"H",8,2,2,-6,671,2
"H",8,2,2,-7,496,2
"H",8,2,2,-8,260,0
"H",8,2,2,-9,177,0
"H",8,2,2,0,2358,1362
"H",8,2,2,1,2227,1958
"H",8,2,2,10,204,204
"H",8,2,2,11,119,119
"H",8,2,2,12,90,90
"H",8,2,2,13,54,54
"H",8,2,2,14,27,27
"H",8,2,2,15,15,15
"H",8,2,2,16,10,10
"H",8,2,2,17,5,5
"H",8,2,2,18,5,5
"H",8,2,2,19,3,3
"H",8,2,2,2,1955,1848
"H",8,2,2,20,3,3
"H",8,2,2,21,1,1
"H",8,2,2,26,1,1
"H",8,2,2,3,1668,1637
"H",8,2,2,4,1389,1374
"H",8,2,2,5,1028,1024
"H",8,2,2,6,735,734
"H",8,2,2,7,575,575
"H",8,2,2,8,398,397
"H",8,2,2,9,248,248
"H",8,2,3,-1,1222,312
"H",8,2,3,-10,45,0
"H",8,2,3,-11,30,0
"H",8,2,3,-12,15,0
"H",8,2,3,-13,10,0
"H",8,2,3,-14,7,0
"H",8,2,3,-15,5,0
"H",8,2,3,-16,5,0
"H",8,2,3,-2,715,76
"H",8,2,3,-3,622,28
"H",8,2,3,-4,450,10
"H",8,2,3,-5,329,4
"H",8,2,3,-6,214,1
"H",8,2,3,-7,153,0
"H",8,2,3,-8,99,0
"H",8,2,3,-9,53,0
"H",8,2,3,0,1370,868
"H",8,2,3,1,1464,1282
"H",8,2,3,10,109,109
"H",8,2,3,11,57,57
"H",8,2,3,12,56,56
"H",8,2,3,13,18,18
"H",8,2,3,14,19,19
"H",8,2,3,15,18,18
"H",8,2,3,16,5,5
"H",8,2,3,17,3,3
"H",8,2,3,18,2,2
"H",8,2,3,19,2,2
"H",8,2,3,2,1264,1210
"H",8,2,3,22,1,1
"H",8,2,3,24,1,1
"H",8,2,3,25,1,1
"H",8,2,3,3,1170,1145
"H",8,2,3,4,889,881
"H",8,2,3,5,677,673
"H",8,2,3,6,481,479
"H",8,2,3,7,304,304
"H",8,2,3,8,227,227
"H",8,2,3,9,161,161
"H",8,2,4,-1,998,284
"H",8,2,4,-10,44,0
"H",8,2,4,-11,36,0
"H",8,2,4,-12,20,0
"H",8,2,4,-13,13,0
"H",8,2,4,-14,6,0
"H",8,2,4,-15,3,0
"H",8,2,4,-16,3,0
"H",8,2,4,-17,1,0
"H",8,2,4,-19,2,0
"H",8,2,4,-2,839,129
"H",8,2,4,-20,1,0
"H",8,2,4,-21,1,0
"H",8,2,4,-3,696,58
"H",8,2,4,-4,531,17
"H",8,2,4,-5,375,7
"H",8,2,4,-6,287,2
"H",8,2,4,-7,204,1
"H",8,2,4,-8,127,0
"H",8,2,4,-9,86,0
"H",8,2,4,0,1329,833
"H",8,2,4,1,1215,1067
"H",8,2,4,10,99,99
"H",8,2,4,11,58,58
"H",8,2,4,12,43,43
"H",8,2,4,13,32,32
"H",8,2,4,14,14,14
"H",8,2,4,15,8,8
"H",8,2,4,16,4,4
"H",8,2,4,17,3,3
"H",8,2,4,18,5,5
"H",8,2,4,19,4,4
"H",8,2,4,2,1050,990
"H",8,2,4,3,889,875
"H",8,2,4,4,664,662
"H",8,2,4,5,502,499
"H",8,2,4,6,379,379
"H",8,2,4,7,270,270
"H",8,2,4,8,202,201
"H",8,2,4,9,146,146
"H",8,2,5,-1,522,146
"H",8,2,5,-10,8,0
"H",8,2,5,-11,9,0
"H",8,2,5,-12,4,0
"H",8,2,5,-13,6,0
"H",8,2,5,-14,6,0
"H",8,2,5,-15,2,0
"H",8,2,5,-16,2,0
"H",8,2,5,-18,1,0
"H",8,2,5,-19,1,0
"H",8,2,5,-2,276,29
"H",8,2,5,-3,235,17
"H",8,2,5,-4,182,3
"H",8,2,5,-5,125,1
"H",8,2,5,-6,97,1
"H",8,2,5,-7,66,0
"H",8,2,5,-8,40,0
"H",8,2,5,-9,33,0
"H",8,2,5,0,522,340
"H",8,2,5,1,540,483
"H",8,2,5,10,50,50
"H",8,2,5,11,35,35
"H",8,2,5,12,32,32
"H",8,2,5,13,13,13
"H",8,2,5,14,6,6
"H",8,2,5,15,6,6
"H",8,2,5,16,5,5
"H",8,2,5,17,2,2
"H",8,2,5,18,3,3
"H",8,2,5,19,1,1
"H",8,2,5,2,560,532
"H",8,2,5,21,1,1
"H",8,2,5,3,466,457
"H",8,2,5,4,370,370
"H",8,2,5,5,299,298
"H",8,2,5,6,208,207
"H",8,2,5,7,154,154
"H",8,2,5,8,105,105
"H",8,2,5,9,98,98
"H",8,2,6,-1,497,147
"H",8,2,6,-10,21,0
"H",8,2,6,-11,16,0
"H",8,2,6,-12,11,0
"H",8,2,6,-13,7,0
"H",8,2,6,-14,9,0
"H",8,2,6,-15,3,0
"H",8,2,6,-16,1,0
"H",8,2,6,-17,1,0
"H",8,2,6,-2,362,58
"H",8,2,6,-3,267,21
"H",8,2,6,-4,213,7
"H",8,2,6,-5,159,4
"H",8,2,6,-6,107,1
"H",8,2,6,-7,73,0
"H",8,2,6,-8,43,0
"H",8,2,6,-9,21,0
"H",8,2,6,0,552,363
"H",8,2,6,1,578,512
"H",8,2,6,10,41,41
"H",8,2,6,11,28,28
"H",8,2,6,12,24,24
"H",8,2,6,13,7,7
"H",8,2,6,14,6,6
"H",8,2,6,15,3,3
"H",8,2,6,16,4,4
"H",8,2,6,17,2,2
"H",8,2,6,18,2,2
"H",8,2,6,2,528,506
"H",8,2,6,20,1,1
"H",8,2,6,3,414,405
"H",8,2,6,4,343,342
"H",8,2,6,5,252,252
"H",8,2,6,6,182,181
"H",8,2,6,7,135,135
"H",8,2,6,8,87,87
"H",8,2,6,9,60,60
"H",8,2,7,-1,257,78
"H",8,2,7,-10,13,0
"H",8,2,7,-11,7,0
"H",8,2,7,-12,11,0
"H",8,2,7,-13,2,0
"H",8,2,7,-14,1,0
"H",8,2,7,-15,5,0
"H",8,2,7,-16,1,0
"H",8,2,7,-17,2,0
"H",8,2,7,-18,1,0
"H",8,2,7,-2,256,52
"H",8,2,7,-3,187,11
"H",8,2,7,-4,132,3
"H",8,2,7,-5,82,2
"H",8,2,7,-6,74,0
"H",8,2,7,-7,46,0
"H",8,2,7,-8,24,0
"H",8,2,7,-9,17,0
"H",8,2,7,0,333,221
"H",8,2,7,1,356,320
"H",8,2,7,10,38,38
"H",8,2,7,11,21,21
"H",8,2,7,12,13,13
"H",8,2,7,13,9,9
"H",8,2,7,14,9,9
"H",8,2,7,15,5,5
"H",8,2,7,16,3,3
"H",8,2,7,17,2,2
"H",8,2,7,18,1,1
"H",8,2,7,2,344,327
"H",8,2,7,20,1,1
"H",8,2,7,21,1,1
"H",8,2,7,3,309,305
"H",8,2,7,4,259,254
"H",8,2,7,5,171,168
"H",8,2,7,6,118,116
"H",8,2,7,7,87,87
"H",8,2,7,8,67,67
"H",8,2,7,9,44,44
"H",8,2,8,-1,375,140
"H",8,2,8,-10,17,0
"H",8,2,8,-11,10,0
"H",8,2,8,-12,11,0
"H",8,2,8,-13,6,0
"H",8,2,8,-15,2,0
"H",8,2,8,-16,1,0
"H",8,2,8,-2,262,47
"H",8,2,8,-20,1,0
"H",8,2,8,-3,192,18
"H",8,2,8,-4,166,9
"H",8,2,8,-5,101,6
"H",8,2,8,-6,70,1
"H",8,2,8,-7,52,0
"H",8,2,8,-8,29,0
"H",8,2,8,-9,16,0
"H",8,2,8,0,495,338
"H",8,2,8,1,438,391
"H",8,2,8,10,32,32
"H",8,2,8,11,16,16
"H",8,2,8,12,18,18
"H",8,2,8,13,9,9
"H",8,2,8,14,2,2
"H",8,2,8,15,6,6
"H",8,2,8,16,1,1
"H",8,2,8,2,389,371
"H",8,2,8,3,298,290
"H",8,2,8,4,214,211
"H",8,2,8,5,178,177
"H",8,2,8,6,127,126
"H",8,2,8,7,83,83
"H",8,2,8,8,57,57
"H",8,2,8,9,59,59
"H",9,0,1,-1,7104,1322
"H",9,0,1,-10,429,0
"H",9,0,1,-11,316,0
"H",9,0,1,-12,183,0
"H",9,0,1,-13,134,0
"H",9,0,1,-14,99,0
"H",9,0,1,-15,56,0
"H",9,0,1,-16,35,0
"H",9,0,1,-17,18,0
"H",9,0,1,-18,18,0
"H",9,0,1,-19,7,0
"H",9,0,1,-2,6062,532
"H",9,0,1,-20,3,0
"H",9,0,1,-21,2,0
"H",9,0,1,-22,1,0
"H",9,0,1,-23,3,0
"H",9,0,1,-25,1,0
"H",9,0,1,-3,4986,204
"H",9,0,1,-4,3935,59
"H",9,0,1,-5,2940,35
"H",9,0,1,-6,2177,6
"H",9,0,1,-7,1611,1
"H",9,0,1,-8,1094,0
"H",9,0,1,-9,707,0
"H",9,0,1,0,7052,4661
"H",9,0,2,-1,1946,601
"H",9,0,2,-10,125,0
"H",9,0,2,-11,84,0
"H",9,0,2,-12,44,0
"H",9,0,2,-13,47,0
"H",9,0,2,-14,31,0
"H",9,0,2,-15,20,0
"H",9,0,2,-16,10,0
"H",9,0,2,-17,2,0
"H",9,0,2,-18,5,0
"H",9,0,2,-19,3,0
"H",9,0,2,-2,1683,298
"H",9,0,2,-20,1,0
"H",9,0,2,-21,1,0
"H",9,0,2,-22,1,0
"H",9,0,2,-25,1,0
"H",9,0,2,-3,1374,129
"H",9,0,2,-4,1089,35
"H",9,0,2,-5,810,25
"H",9,0,2,-6,618,4
"H",9,0,2,-7,480,0
"H",9,0,2,-8,316,0
"H",9,0,2,-9,181,0
"H",9,0,2,0,2000,1460
"H",9,0,3,-1,391,174
"H",9,0,3,-10,24,0
"H",9,0,3,-11,23,0
"H",9,0,3,-12,13,0
"H",9,0,3,-13,10,0
"H",9,0,3,-14,11,0
"H",9,0,3,-15,4,0
"H",9,0,3,-16,4,0
"H",9,0,3,-18,2,0
"H",9,0,3,-19,1,0
"H",9,0,3,-2,335,71
"H",9,0,3,-3,297,21
"H",9,0,3,-4,213,8
"H",9,0,3,-5,191,2
"H",9,0,3,-6,136,0
"H",9,0,3,-7,106,0
"H",9,0,3,-8,78,0
"H",9,0,3,-9,47,0
"H",9,0,3,0,406,335
"H",9,0,4,-1,336,184
"H",9,0,4,-10,30,0
"H",9,0,4,-11,20,0
"H",9,0,4,-12,14,0
"H",9,0,4,-13,14,0
"H",9,0,4,-14,7,0
"H",9,0,4,-15,6,0
"H",9,0,4,-16,3,0
"H",9,0,4,-18,2,0
"H",9,0,4,-2,464,133
"H",9,0,4,-20,1,0
"H",9,0,4,-23,1,0
"H",9,0,4,-25,1,0
"H",9,0,4,-3,388,75
"H",9,0,4,-4,315,22
"H",9,0,4,-5,203,11
"H",9,0,4,-6,169,1
"H",9,0,4,-7,118,0
"H",9,0,4,-8,78,0
"H",9,0,4,-9,55,0
"H",9,0,4,0,394,337
"H",9,0,5,-1,100,56
"H",9,0,5,-10,12,0
"H",9,0,5,-11,10,0
"H",9,0,5,-12,4,0
"H",9,0,5,-13,2,0
"H",9,0,5,-14,5,0
"H",9,0,5,-15,3,0
"H",9,0,5,-2,94,17
"H",9,0,5,-3,74,6
"H",9,0,5,-4,69,6
"H",9,0,5,-5,65,0
"H",9,0,5,-6,41,0
"H",9,0,5,-7,26,0
"H",9,0,5,-8,27,0
"H",9,0,5,-9,16,0
"H",9,0,5,0,109,102
"H",9,0,6,-1,146,101
"H",9,0,6,-10,10,0
"H",9,0,6,-11,7,0
"H",9,0,6,-12,4,0
"H",9,0,6,-13,5,0
"H",9,0,6,-14,3,0
"H",9,0,6,-15,2,0
"H",9,0,6,-16,1,0
"H",9,0,6,-18,1,0
"H",9,0,6,-19,1,0
"H",9,0,6,-2,164,54
"H",9,0,6,-3,116,21
"H",9,0,6,-4,80,5
"H",9,0,6,-5,51,1
"H",9,0,6,-6,44,0
"H",9,0,6,-7,36,0
"H",9,0,6,-8,22,0
"H",9,0,6,-9,10,0
"H",9,0,6,0,209,199
"H",9,0,7,-1,85,60
"H",9,0,7,-10,6,0
"H",9,0,7,-11,9,0
"H",9,0,7,-12,4,0
"H",9,0,7,-13,2,0
"H",9,0,7,-14,2,0
"H",9,0,7,-15,2,0
"H",9,0,7,-16,1,0
"H",9,0,7,-17,1,0
"H",9,0,7,-2,76,30
"H",9,0,7,-3,57,10
"H",9,0,7,-4,50,5
"H",9,0,7,-5,51,3
"H",9,0,7,-6,32,1
"H",9,0,7,-7,27,0
"H",9,0,7,-8,14,0
"H",9,0,7,-9,8,0
"H",9,0,7,0,89,84
"H",9,0,8,-1,138,102
"H",9,0,8,-10,12,0
"H",9,0,8,-11,7,0
"H",9,0,8,-12,2,0
"H",9,0,8,-13,3,0
"H",9,0,8,-14,1,0
"H",9,0,8,-15,1,0
"H",9,0,8,-16,1,0
"H",9,0,8,-2,107,49
"H",9,0,8,-25,1,0
"H",9,0,8,-3,97,37
"H",9,0,8,-4,74,11
"H",9,0,8,-5,53,8
"H",9,0,8,-6,48,1
"H",9,0,8,-7,32,0
"H",9,0,8,-8,18,0
"H",9,0,8,-9,15,0
"H",9,0,8,0,272,257
"H",9,1,1,-1,4892,509
"H",9,1,1,-10,279,0
"H",9,1,1,-11,205,0
"H",9,1,1,-12,132,0
"H",9,1,1,-13,86,0
"H",9,1,1,-14,63,0
"H",9,1,1,-15,31,0
"H",9,1,1,-16,22,0
"H",9,1,1,-17,16,0
"H",9,1,1,-18,11,0
"H",9,1,1,-19,2,0
"H",9,1,1,-2,4132,161
"H",9,1,1,-20,2,0
"H",9,1,1,-21,1,0
"H",9,1,1,-23,3,0
"H",9,1,1,-3,3401,60
"H",9,1,1,-4,2679,15
"H",9,1,1,-5,1979,7
"H",9,1,1,-6,1431,1
"H",9,1,1,-7,1044,1
"H",9,1,1,-8,708,0
"H",9,1,1,-9,494,0
"H",9,1,1,0,4767,2882
"H",9,1,2,-1,2084,403
"H",9,1,2,-10,151,0
"H",9,1,2,-11,100,0
"H",9,1,2,-12,63,0
"H",9,1,2,-13,37,0
"H",9,1,2,-14,33,0
"H",9,1,2,-15,17,0
"H",9,1,2,-16,12,0
"H",9,1,2,-17,8,0
"H",9,1,2,-18,6,0
"H",9,1,2,-19,1,0
"H",9,1,2,-2,1978,193
"H",9,1,2,-21,1,0
"H",9,1,2,-22,1,0
"H",9,1,2,-3,1586,67
"H",9,1,2,-4,1291,16
"H",9,1,2,-5,950,11
"H",9,1,2,-6,701,3
"H",9,1,2,-7,523,1
"H",9,1,2,-8,352,0
"H",9,1,2,-9,226,0
"H",9,1,2,0,2065,1346
"H",9,1,3,-1,1117,309
"H",9,1,3,-10,55,0
"H",9,1,3,-11,29,0
"H",9,1,3,-12,21,0
"H",9,1,3,-13,17,0
"H",9,1,3,-14,15,0
"H",9,1,3,-15,8,0
"H",9,1,3,-16,3,0
"H",9,1,3,-17,1,0
"H",9,1,3,-18,5,0
"H",9,1,3,-19,2,0
"H",9,1,3,-2,536,53
"H",9,1,3,-3,439,14
"H",9,1,3,-4,388,7
"H",9,1,3,-5,299,4
"H",9,1,3,-6,245,0
"H",9,1,3,-7,174,0
"H",9,1,3,-8,118,0
"H",9,1,3,-9,91,0
"H",9,1,3,0,1379,1008
"H",9,1,4,-1,652,223
"H",9,1,4,-10,55,0
"H",9,1,4,-11,33,0
"H",9,1,4,-12,22,0
"H",9,1,4,-13,19,0
"H",9,1,4,-14,12,0
"H",9,1,4,-15,6,0
"H",9,1,4,-16,5,0
"H",9,1,4,-17,2,0
"H",9,1,4,-18,1,0
"H",9,1,4,-2,728,147
"H",9,1,4,-23,1,0
"H",9,1,4,-3,577,67
"H",9,1,4,-4,462,17
"H",9,1,4,-5,341,11
"H",9,1,4,-6,243,3
"H",9,1,4,-7,189,0
"H",9,1,4,-8,122,0
"H",9,1,4,-9,88,0
"H",9,1,4,0,1152,880
"H",9,1,5,-1,300,136
"H",9,1,5,-10,22,0
"H",9,1,5,-11,12,0
"H",9,1,5,-12,8,0
"H",9,1,5,-13,6,0
"H",9,1,5,-14,8,0
"H",9,1,5,-15,3,0
"H",9,1,5,-16,1,0
"H",9,1,5,-18,1,0
"H",9,1,5,-2,198,25
"H",9,1,5,-3,154,5
"H",9,1,5,-4,123,4
"H",9,1,5,-5,117,0
"H",9,1,5,-6,79,0
"H",9,1,5,-7,78,0
"H",9,1,5,-8,51,0
"H",9,1,5,-9,29,0
"H",9,1,5,0,294,245
"H",9,1,6,-1,360,175
"H",9,1,6,-10,23,0
"H",9,1,6,-11,18,0
"H",9,1,6,-12,8,0
"H",9,1,6,-13,8,0
"H",9,1,6,-14,10,0
"H",9,1,6,-15,6,0
"H",9,1,6,-16,1,0
"H",9,1,6,-17,1,0
"H",9,1,6,-18,2,0
"H",9,1,6,-2,291,45
"H",9,1,6,-3,241,21
"H",9,1,6,-4,166,6
"H",9,1,6,-5,136,3
"H",9,1,6,-6,120,0
"H",9,1,6,-7,77,0
"H",9,1,6,-8,63,0
"H",9,1,6,-9,37,0
"H",9,1,6,0,458,395
"H",9,1,7,-1,263,146
"H",9,1,7,-10,10,0
"H",9,1,7,-11,9,0
"H",9,1,7,-12,4,0
"H",9,1,7,-13,5,0
"H",9,1,7,-14,2,0
"H",9,1,7,-15,3,0
"H",9,1,7,-16,1,0
"H",9,1,7,-17,2,0
"H",9,1,7,-2,275,88
"H",9,1,7,-3,133,13
"H",9,1,7,-4,125,6
"H",9,1,7,-5,73,1
"H",9,1,7,-6,69,0
"H",9,1,7,-7,64,0
"H",9,1,7,-8,30,0
"H",9,1,7,-9,30,0
"H",9,1,7,0,286,244
"H",9,1,8,-1,328,176
"H",9,1,8,-10,14,0
"H",9,1,8,-11,9,0
"H",9,1,8,-12,6,0
"H",9,1,8,-13,5,0
"H",9,1,8,-14,3,0
"H",9,1,8,-15,2,0
"H",9,1,8,-16,1,0
"H",9,1,8,-2,223,68
"H",9,1,8,-3,172,43
"H",9,1,8,-4,128,12
"H",9,1,8,-5,93,3
"H",9,1,8,-6,70,1
"H",9,1,8,-7,53,0
"H",9,1,8,-8,26,0
"H",9,1,8,-9,26,0
"H",9,1,8,0,720,629
"H",9,2,1,-1,3659,146
"H",9,2,1,-10,197,0
"H",9,2,1,-11,155,0
"H",9,2,1,-12,98,0
"H",9,2,1,-13,68,0
"H",9,2,1,-14,40,0
"H",9,2,1,-15,21,0
"H",9,2,1,-16,19,0
"H",9,2,1,-17,11,0
"H",9,2,1,-18,8,0
"H",9,2,1,-19,2,0
"H",9,2,1,-2,3061,43
"H",9,2,1,-20,2,0
"H",9,2,1,-21,1,0
"H",9,2,1,-23,3,0
"H",9,2,1,-3,2572,17
"H",9,2,1,-4,1969,3
"H",9,2,1,-5,1454,1
"H",9,2,1,-6,1070,0
"H",9,2,1,-7,780,0
"H",9,2,1,-8,526,0
"H",9,2,1,-9,355,0
"H",9,2,1,0,3520,1965
"H",9,2,2,-1,2223,199
"H",9,2,2,-10,140,0
"H",9,2,2,-11,99,0
"H",9,2,2,-12,59,0
"H",9,2,2,-13,47,0
"H",9,2,2,-14,25,0
"H",9,2,2,-15,19,0
"H",9,2,2,-16,6,0
"H",9,2,2,-17,9,0
"H",9,2,2,-18,5,0
"H",9,2,2,-19,2,0
"H",9,2,2,-2,2034,69
"H",9,2,2,-20,1,0
"H",9,2,2,-21,2,0
"H",9,2,2,-22,1,0
"H",9,2,2,-23,1,0
"H",9,2,2,-3,1673,25
"H",9,2,2,-4,1299,9
"H",9,2,2,-5,934,2
"H",9,2,2,-6,687,0
"H",9,2,2,-7,518,1
"H",9,2,2,-8,360,0
"H",9,2,2,-9,218,0
"H",9,2,2,0,2053,1191
"H",9,2,3,-1,1075,144
"H",9,2,3,-10,76,0
"H",9,2,3,-11,47,0
"H",9,2,3,-12,31,0
"H",9,2,3,-13,20,0
"H",9,2,3,-14,15,0
"H",9,2,3,-15,8,0
"H",9,2,3,-16,4,0
"H",9,2,3,-17,3,0
"H",9,2,3,-18,1,0
"H",9,2,3,-2,695,26
"H",9,2,3,-22,1,0
"H",9,2,3,-23,1,0
"H",9,2,3,-3,637,5
"H",9,2,3,-4,572,4
"H",9,2,3,-5,451,2
"H",9,2,3,-6,326,0
"H",9,2,3,-7,215,0
"H",9,2,3,-8,158,0
"H",9,2,3,-9,123,0
"H",9,2,3,0,1177,738
"H",9,2,4,-1,882,157
"H",9,2,4,-10,51,0
"H",9,2,4,-11,42,0
"H",9,2,4,-12,27,0
"H",9,2,4,-13,21,0
"H",9,2,4,-14,11,0
"H",9,2,4,-15,5,0
"H",9,2,4,-16,6,0
"H",9,2,4,-18,3,0
"H",9,2,4,-2,872,62
"H",9,2,4,-21,1,0
"H",9,2,4,-23,1,0
"H",9,2,4,-3,705,28
"H",9,2,4,-4,571,5
"H",9,2,4,-5,391,1
"H",9,2,4,-6,294,0
"H",9,2,4,-7,230,1
"H",9,2,4,-8,150,0
"H",9,2,4,-9,84,0
"H",9,2,4,0,1323,832
"H",9,2,5,-1,461,81
"H",9,2,5,-10,28,0
"H",9,2,5,-11,14,0
"H",9,2,5,-12,13,0
"H",9,2,5,-13,7,0
"H",9,2,5,-14,12,0
"H",9,2,5,-15,2,0
"H",9,2,5,-16,2,0
"H",9,2,5,-17,1,0
"H",9,2,5,-18,2,0
"H",9,2,5,-2,304,18
"H",9,2,5,-20,1,0
"H",9,2,5,-3,311,5
"H",9,2,5,-4,246,2
"H",9,2,5,-5,206,1
"H",9,2,5,-6,153,0
"H",9,2,5,-7,101,0
"H",9,2,5,-8,74,0
"H",9,2,5,-9,53,0
"H",9,2,5,0,354,251
"H",9,2,6,-1,457,94
"H",9,2,6,-10,25,0
"H",9,2,6,-11,20,0
"H",9,2,6,-12,10,0
"H",9,2,6,-13,7,0
"H",9,2,6,-14,6,0
"H",9,2,6,-15,5,0
"H",9,2,6,-16,1,0
"H",9,2,6,-17,2,0
"H",9,2,6,-18,1,0
"H",9,2,6,-2,359,35
"H",9,2,6,-3,277,13
"H",9,2,6,-4,222,4
"H",9,2,6,-5,177,2
"H",9,2,6,-6,112,1
"H",9,2,6,-7,82,0
"H",9,2,6,-8,58,0
"H",9,2,6,-9,37,0
"H",9,2,6,0,523,372
"H",9,2,7,-1,253,65
"H",9,2,7,-10,21,0
"H",9,2,7,-11,16,0
"H",9,2,7,-12,7,0
"H",9,2,7,-13,10,0
"H",9,2,7,-14,2,0
"H",9,2,7,-15,4,0
"H",9,2,7,-17,2,0
"H",9,2,7,-2,275,40
"H",9,2,7,-3,181,10
"H",9,2,7,-4,136,1
"H",9,2,7,-5,117,1
"H",9,2,7,-6,93,0
"H",9,2,7,-7,58,0
"H",9,2,7,-8,32,0
"H",9,2,7,-9,30,0
"H",9,2,7,0,366,248
"H",9,2,8,-1,341,80
"H",9,2,8,-10,13,0
"H",9,2,8,-11,10,0
"H",9,2,8,-12,6,0
"H",9,2,8,-13,5,0
"H",9,2,8,-14,1,0
"H",9,2,8,-15,2,0
"H",9,2,8,-16,2,0
"H",9,2,8,-2,264,47
"H",9,2,8,-21,1,0
"H",9,2,8,-3,189,18
"H",9,2,8,-4,167,6
"H",9,2,8,-5,123,4
"H",9,2,8,-6,81,1
"H",9,2,8,-7,60,0
"H",9,2,8,-8,40,0
"H",9,2,8,-9,29,0
"H",9,2,8,0,659,448
"H",10,0,1,-1,909,172
"H",10,0,1,-2,434,35
"H",10,0,1,-3,199,5
"H",10,0,1,-4,95,3
"H",10,0,1,-5,39,0
"H",10,0,1,-6,13,0
"H",10,0,1,-7,4,0
"H",10,0,1,-8,6,0
"H",10,0,1,-9,1,0
"H",10,0,1,0,4813,3225
"H",10,0,2,-1,241,65
"H",10,0,2,-2,118,20
"H",10,0,2,-3,50,1
"H",10,0,2,-4,31,2
"H",10,0,2,-5,14,0
"H",10,0,2,-6,2,0
"H",10,0,2,-7,1,0
"H",10,0,2,-8,2,0
"H",10,0,2,-9,1,0
"H",10,0,2,0,1316,971
"H",10,0,3,-1,39,22
"H",10,0,3,-2,28,2
"H",10,0,3,-3,4,1
"H",10,0,3,-4,4,0
"H",10,0,3,-5,6,0
"H",10,0,3,-8,2,0
"H",10,0,3,0,275,229
"H",10,0,4,-1,41,20
"H",10,0,4,-2,23,5
"H",10,0,4,-3,11,1
"H",10,0,4,-4,8,2
"H",10,0,4,-5,4,0
"H",10,0,4,-6,2,0
"H",10,0,4,0,229,200
"H",10,0,5,-1,14,9
"H",10,0,5,-2,2,2
"H",10,0,5,-4,2,0
"H",10,0,5,-8,1,0
"H",10,0,5,0,72,66
"H",10,0,6,-1,8,5
"H",10,0,6,-2,11,5
"H",10,0,6,-3,1,0
"H",10,0,6,-4,2,0
"H",10,0,6,-8,1,0
"H",10,0,6,0,92,84
"H",10,0,7,-1,9,6
"H",10,0,7,-2,4,3
"H",10,0,7,-3,2,1
"H",10,0,7,-4,3,0
"H",10,0,7,0,41,39
"H",10,0,8,-1,12,7
"H",10,0,8,-2,7,5
"H",10,0,8,-3,4,3
"H",10,0,8,-4,1,1
"H",10,0,8,-5,1,0
"H",10,0,8,-8,1,0
"H",10,0,8,0,130,120
"H",10,1,1,-1,626,76
"H",10,1,1,-2,286,10
"H",10,1,1,-3,146,3
"H",10,1,1,-4,58,1
"H",10,1,1,-5,20,0
"H",10,1,1,-6,11,0
"H",10,1,1,-7,3,0
"H",10,1,1,-8,3,0
"H",10,1,1,0,3193,1975
"H",10,1,2,-1,239,46
"H",10,1,2,-2,139,10
"H",10,1,2,-3,67,3
"H",10,1,2,-4,30,0
"H",10,1,2,-5,15,0
"H",10,1,2,-6,4,0
"H",10,1,2,-7,4,0
"H",10,1,2,-8,2,0
"H",10,1,2,-9,1,0
"H",10,1,2,0,1285,878
"H",10,1,3,-1,144,41
"H",10,1,3,-2,34,2
"H",10,1,3,-3,18,1
"H",10,1,3,-4,5,0
"H",10,1,3,-5,3,0
"H",10,1,3,-6,1,0
"H",10,1,3,-8,2,0
"H",10,1,3,0,863,633
"H",10,1,4,-1,77,32
"H",10,1,4,-2,40,3
"H",10,1,4,-3,29,2
"H",10,1,4,-4,12,0
"H",10,1,4,-5,3,0
"H",10,1,4,-6,2,0
"H",10,1,4,-7,2,0
"H",10,1,4,0,669,493
"H",10,1,5,-1,31,20
"H",10,1,5,-2,8,1
"H",10,1,5,-3,6,1
"H",10,1,5,-4,2,0
"H",10,1,5,-5,2,0
"H",10,1,5,-6,1,0
"H",10,1,5,0,152,125
"H",10,1,6,-1,42,27
"H",10,1,6,-2,16,5
"H",10,1,6,-3,8,2
"H",10,1,6,-4,3,0
"H",10,1,6,-5,2,0
"H",10,1,6,-7,1,0
"H",10,1,6,-8,2,0
"H",10,1,6,0,209,176
"H",10,1,7,-1,30,18
"H",10,1,7,-2,14,5
"H",10,1,7,-3,4,0
"H",10,1,7,-4,2,0
"H",10,1,7,-5,1,0
"H",10,1,7,-6,1,0
"H",10,1,7,0,148,130
"H",10,1,8,-1,27,16
"H",10,1,8,-2,10,2
"H",10,1,8,-3,6,1
"H",10,1,8,-4,2,0
"H",10,1,8,-5,2,0
"H",10,1,8,0,319,281
"H",10,2,1,-1,462,17
"H",10,2,1,-2,211,2
"H",10,2,1,-3,103,1
"H",10,2,1,-4,43,1
"H",10,2,1,-5,15,0
"H",10,2,1,-6,7,0
"H",10,2,1,-8,1,0
"H",10,2,1,0,2233,1271
"H",10,2,2,-1,259,17
"H",10,2,2,-2,136,3
"H",10,2,2,-3,56,1
"H",10,2,2,-4,20,0
"H",10,2,2,-5,14,0
"H",10,2,2,-6,3,0
"H",10,2,2,-7,2,0
"H",10,2,2,-8,2,0
"H",10,2,2,0,1127,702
"H",10,2,3,-1,124,16
"H",10,2,3,-2,45,0
"H",10,2,3,-3,16,0
"H",10,2,3,-4,7,0
"H",10,2,3,-5,4,0
"H",10,2,3,-6,2,0
"H",10,2,3,0,598,361
"H",10,2,4,-1,97,16
"H",10,2,4,-2,51,2
"H",10,2,4,-3,28,1
"H",10,2,4,-4,8,0
"H",10,2,4,-5,4,0
"H",10,2,4,-6,2,0
"H",10,2,4,-7,2,0
"H",10,2,4,-8,1,0
"H",10,2,4,0,657,418
"H",10,2,5,-1,41,3
"H",10,2,5,-2,12,0
"H",10,2,5,-3,8,0
"H",10,2,5,-4,5,0
"H",10,2,5,-5,2,0
"H",10,2,5,-6,2,0
"H",10,2,5,0,178,127
"H",10,2,6,-1,48,8
"H",10,2,6,-2,19,0
"H",10,2,6,-3,5,0
"H",10,2,6,-4,6,0
"H",10,2,6,-5,1,0
"H",10,2,6,-7,1,0
"H",10,2,6,-8,1,0
"H",10,2,6,0,225,147
"H",10,2,7,-1,18,5
"H",10,2,7,-2,17,2
"H",10,2,7,-3,5,0
"H",10,2,7,-4,4,0
"H",10,2,7,-5,1,0
"H",10,2,7,-8,2,0
"H",10,2,7,0,149,99
"H",10,2,8,-1,30,8
"H",10,2,8,-2,10,0
"H",10,2,8,-3,7,0
"H",10,2,8,-4,3,0
"H",10,2,8,-5,2,0
"H",10,2,8,0,279,195
"H",11,0,1,-1,484,87
"H",11,0,1,-2,232,12
"H",11,0,1,-3,87,4
"H",11,0,1,-4,48,1
"H",11,0,1,-5,20,0
"H",11,0,1,-6,11,0
"H",11,0,1,-7,4,0
"H",11,0,1,-8,2,0
"H",11,0,1,0,2727,1849
"H",11,0,2,-1,124,37
"H",11,0,2,-2,58,5
"H",11,0,2,-3,24,3
"H",11,0,2,-4,15,1
"H",11,0,2,-5,6,0
"H",11,0,2,-6,2,0
"H",11,0,2,-7,1,0
"H",11,0,2,-8,1,0
"H",11,0,2,0,767,583
"H",11,0,3,-1,32,17
"H",11,0,3,-2,8,1
"H",11,0,3,-3,6,1
"H",11,0,3,-4,2,0
"H",11,0,3,-5,1,0
"H",11,0,3,-6,1,0
"H",11,0,3,0,158,134
"H",11,0,4,-1,28,13
"H",11,0,4,-2,17,3
"H",11,0,4,-3,4,2
"H",11,0,4,-4,5,1
"H",11,0,4,-5,1,0
"H",11,0,4,-7,1,0
"H",11,0,4,0,168,141
"H",11,0,5,-1,7,4
"H",11,0,5,-2,3,1
"H",11,0,5,-3,1,0
"H",11,0,5,-6,1,0
"H",11,0,5,0,48,42
"H",11,0,6,-1,11,7
"H",11,0,6,-2,1,1
"H",11,0,6,-3,2,1
"H",11,0,6,-4,1,0
"H",11,0,6,-5,1,0
"H",11,0,6,0,63,57
"H",11,0,7,-1,4,4
"H",11,0,7,-2,3,1
"H",11,0,7,-3,1,0
"H",11,0,7,-5,2,0
"H",11,0,7,-6,1,0
"H",11,0,7,0,24,22
"H",11,0,8,-1,7,6
"H",11,0,8,-2,1,0
"H",11,0,8,-3,1,0
"H",11,0,8,0,93,86
"H",11,1,1,-1,325,25
"H",11,1,1,-2,163,5
"H",11,1,1,-3,61,0
"H",11,1,1,-4,32,0
"H",11,1,1,-5,13,0
"H",11,1,1,-6,7,0
"H",11,1,1,-7,3,0
"H",11,1,1,-8,1,0
"H",11,1,1,0,1777,1094
"H",11,1,2,-1,125,19
"H",11,1,2,-2,72,3
"H",11,1,2,-3,29,2
"H",11,1,2,-4,21,0
"H",11,1,2,-5,7,0
"H",11,1,2,-6,5,0
"H",11,1,2,-7,1,0
"H",11,1,2,0,716,482
"H",11,1,3,-1,73,20
"H",11,1,3,-2,21,1
"H",11,1,3,-3,6,0
"H",11,1,3,-4,5,0
"H",11,1,3,-5,1,0
"H",11,1,3,-6,1,0
"H",11,1,3,-8,1,0
"H",11,1,3,0,452,350
"H",11,1,4,-1,32,11
"H",11,1,4,-2,27,1
"H",11,1,4,-3,8,2
"H",11,1,4,-4,8,0
"H",11,1,4,-5,4,0
"H",11,1,4,-6,1,0
"H",11,1,4,-7,1,0
"H",11,1,4,0,360,267
"H",11,1,5,-1,17,9
"H",11,1,5,-2,3,1
"H",11,1,5,-3,4,0
"H",11,1,5,-4,2,0
"H",11,1,5,-5,1,0
"H",11,1,5,-6,1,0
"H",11,1,5,-8,1,0
"H",11,1,5,0,94,76
"H",11,1,6,-1,21,6
"H",11,1,6,-2,7,1
"H",11,1,6,-3,2,0
"H",11,1,6,-4,4,0
"H",11,1,6,-5,2,0
"H",11,1,6,-8,1,0
"H",11,1,6,0,125,108
"H",11,1,7,-1,16,5
"H",11,1,7,-2,5,1
"H",11,1,7,-3,3,0
"H",11,1,7,-4,2,0
"H",11,1,7,-5,1,0
"H",11,1,7,0,89,76
"H",11,1,8,-1,18,7
"H",11,1,8,-2,6,1
"H",11,1,8,-3,1,0
"H",11,1,8,-4,1,0
"H",11,1,8,-5,1,0
"H",11,1,8,0,201,168
"H",11,2,1,-1,234,6
"H",11,2,1,-2,121,3
"H",11,2,1,-3,45,0
"H",11,2,1,-4,15,0
"H",11,2,1,-5,9,0
"H",11,2,1,-6,3,0
"H",11,2,1,-7,2,0
"H",11,2,1,-8,1,0
"H",11,2,1,0,1230,705
"H",11,2,2,-1,128,6
"H",11,2,2,-2,66,5
"H",11,2,2,-3,36,0
"H",11,2,2,-4,14,0
"H",11,2,2,-5,7,0
"H",11,2,2,-6,4,0
"H",11,2,2,-7,1,0
"H",11,2,2,0,629,376
"H",11,2,3,-1,64,7
"H",11,2,3,-2,19,0
"H",11,2,3,-3,14,0
"H",11,2,3,-4,7,0
"H",11,2,3,-5,2,0
"H",11,2,3,-6,1,0
"H",11,2,3,0,311,198
"H",11,2,4,-1,53,2
"H",11,2,4,-2,29,3
"H",11,2,4,-3,10,1
"H",11,2,4,-4,6,0
"H",11,2,4,-5,3,0
"H",11,2,4,-6,1,0
"H",11,2,4,-7,1,0
"H",11,2,4,0,370,233
"H",11,2,5,-1,34,9
"H",11,2,5,-2,6,0
"H",11,2,5,-3,2,0
"H",11,2,5,-4,4,0
"H",11,2,5,-6,1,0
"H",11,2,5,0,95,62
"H",11,2,6,-1,24,7
"H",11,2,6,-2,11,1
"H",11,2,6,-3,3,0
"H",11,2,6,-4,2,0
"H",11,2,6,-6,1,0
"H",11,2,6,0,130,94
"H",11,2,7,-1,7,2
"H",11,2,7,-2,6,2
"H",11,2,7,-3,3,0
"H",11,2,7,-4,5,0
"H",11,2,7,0,80,55
"H",11,2,8,-1,19,5
"H",11,2,8,-2,10,1
"H",11,2,8,-3,2,0
"H",11,2,8,-4,1,0
"H",11,2,8,-5,2,0
"H",11,2,8,0,198,139
"H",12,0,1,-1,262,52
"H",12,0,1,-11,1,0
"H",12,0,1,-2,126,9
"H",12,0,1,-3,64,1
"H",12,0,1,-4,20,0
"H",12,0,1,-5,7,0
"H",12,0,1,-6,3,1
"H",12,0,1,-7,3,1
"H",12,0,1,-8,3,0
"H",12,0,1,-9,1,0
"H",12,0,1,0,1508,1017
"H",12,0,2,-1,56,17
"H",12,0,2,-11,1,0
"H",12,0,2,-2,32,4
"H",12,0,2,-3,18,0
"H",12,0,2,-4,9,0
"H",12,0,2,-5,3,0
"H",12,0,2,-8,1,0
"H",12,0,2,0,416,303
"H",12,0,3,-1,13,4
"H",12,0,3,-11,1,0
"H",12,0,3,-2,10,1
"H",12,0,3,-3,3,0
"H",12,0,3,-6,1,0
"H",12,0,3,-8,1,0
"H",12,0,3,0,79,69
"H",12,0,4,-1,17,8
"H",12,0,4,-2,14,3
"H",12,0,4,-3,3,0
"H",12,0,4,-4,1,0
"H",12,0,4,-6,1,0
"H",12,0,4,0,71,59
"H",12,0,5,-1,1,1
"H",12,0,5,-2,2,1
"H",12,0,5,-3,4,0
"H",12,0,5,-4,2,0
"H",12,0,5,0,27,25
"H",12,0,6,-1,1,0
"H",12,0,6,-2,3,0
"H",12,0,6,-3,3,0
"H",12,0,6,-4,1,0
"H",12,0,6,-5,1,0
"H",12,0,6,-6,1,0
"H",12,0,6,0,34,32
"H",12,0,7,-1,3,2
"H",12,0,7,-5,1,0
"H",12,0,7,0,11,11
"H",12,0,8,-1,6,3
"H",12,0,8,-2,2,1
"H",12,0,8,-3,2,0
"H",12,0,8,0,36,34
"H",12,1,1,-1,196,31
"H",12,1,1,-2,85,3
"H",12,1,1,-3,41,1
"H",12,1,1,-4,9,0
"H",12,1,1,-5,4,0
"H",12,1,1,-6,2,1
"H",12,1,1,-7,3,0
"H",12,1,1,-8,1,0
"H",12,1,1,-9,1,0
"H",12,1,1,0,994,622
"H",12,1,2,-1,67,20
"H",12,1,2,-2,40,3
"H",12,1,2,-3,25,1
"H",12,1,2,-4,6,0
"H",12,1,2,-5,2,0
"H",12,1,2,-6,1,1
"H",12,1,2,-7,2,0
"H",12,1,2,0,385,258
"H",12,1,3,-1,36,10
"H",12,1,3,-11,1,0
"H",12,1,3,-2,10,0
"H",12,1,3,-3,3,0
"H",12,1,3,-4,2,0
"H",12,1,3,0,262,204
"H",12,1,4,-1,22,10
"H",12,1,4,-2,13,1
"H",12,1,4,-3,9,0
"H",12,1,4,-4,2,0
"H",12,1,4,-6,1,1
"H",12,1,4,0,205,163
"H",12,1,5,-1,9,5
"H",12,1,5,-2,1,1
"H",12,1,5,-3,3,0
"H",12,1,5,-4,1,0
"H",12,1,5,-8,1,0
"H",12,1,5,0,59,54
"H",12,1,6,-1,9,3
"H",12,1,6,-2,7,1
"H",12,1,6,-3,1,0
"H",12,1,6,-7,1,0
"H",12,1,6,0,69,63
"H",12,1,7,-1,10,5
"H",12,1,7,-2,4,2
"H",12,1,7,-3,1,0
"H",12,1,7,-4,1,0
"H",12,1,7,-5,1,0
"H",12,1,7,0,42,34
"H",12,1,8,-1,14,9
"H",12,1,8,-2,4,2
"H",12,1,8,-3,5,1
"H",12,1,8,-4,1,1
"H",12,1,8,-5,1,1
"H",12,1,8,-6,1,1
"H",12,1,8,-7,1,0
"H",12,1,8,0,91,81
"H",12,2,1,-1,141,8
"H",12,2,1,-2,59,0
"H",12,2,1,-3,28,0
"H",12,2,1,-4,9,0
"H",12,2,1,-5,4,0
"H",12,2,1,-6,1,0
"H",12,2,1,-7,2,0
"H",12,2,1,-9,1,0
"H",12,2,1,0,713,402
"H",12,2,2,-1,71,8
"H",12,2,2,-2,34,0
"H",12,2,2,-3,15,1
"H",12,2,2,-4,6,0
"H",12,2,2,-5,2,0
"H",12,2,2,-7,2,0
"H",12,2,2,0,343,205
"H",12,2,3,-1,32,7
"H",12,2,3,-2,13,0
"H",12,2,3,-3,4,0
"H",12,2,3,-4,2,0
"H",12,2,3,-5,1,0
"H",12,2,3,0,184,121
"H",12,2,4,-1,30,6
"H",12,2,4,-2,15,0
"H",12,2,4,-3,6,1
"H",12,2,4,-4,2,0
"H",12,2,4,-5,1,0
"H",12,2,4,-7,1,0
"H",12,2,4,0,180,125
"H",12,2,5,-1,14,4
"H",12,2,5,-11,1,0
"H",12,2,5,-2,2,0
"H",12,2,5,-3,2,0
"H",12,2,5,-4,1,0
"H",12,2,5,0,59,42
"H",12,2,6,-1,11,3
"H",12,2,6,-2,3,0
"H",12,2,6,-3,2,0
"H",12,2,6,-4,1,0
"H",12,2,6,0,60,39
"H",12,2,7,-1,7,2
"H",12,2,7,-2,3,0
"H",12,2,7,-3,4,0
"H",12,2,7,-4,2,0
"H",12,2,7,0,50,38
"H",12,2,8,-1,9,3
"H",12,2,8,-2,5,0
"H",12,2,8,-3,3,1
"H",12,2,8,-7,1,0
"H",12,2,8,0,87,66
"H",13,0,1,-1,155,34
"H",13,0,1,-10,1,0
"H",13,0,1,-2,81,8
"H",13,0,1,-3,33,1
"H",13,0,1,-4,10,0
"H",13,0,1,-5,11,0
"H",13,0,1,-6,3,0
"H",13,0,1,-7,1,0
"H",13,0,1,-9,1,0
"H",13,0,1,0,814,553
"H",13,0,2,-1,45,14
"H",13,0,2,-2,23,5
"H",13,0,2,-3,15,0
"H",13,0,2,-5,4,0
"H",13,0,2,-9,1,0
"H",13,0,2,0,219,164
"H",13,0,3,-1,10,4
"H",13,0,3,-2,4,1
"H",13,0,3,-3,5,1
"H",13,0,3,0,45,43
"H",13,0,4,-1,5,3
"H",13,0,4,-2,8,4
"H",13,0,4,-3,3,1
"H",13,0,4,0,46,40
"H",13,0,5,-1,5,2
"H",13,0,5,-2,1,0
"H",13,0,5,-3,1,0
"H",13,0,5,-4,1,0
"H",13,0,5,0,8,7
"H",13,0,6,-1,4,4
"H",13,0,6,-2,2,1
"H",13,0,6,-3,2,0
"H",13,0,6,-4,1,0
"H",13,0,6,0,19,18
"H",13,0,7,-2,1,0
"H",13,0,7,-5,1,0
"H",13,0,7,0,8,8
"H",13,0,8,-1,1,1
"H",13,0,8,0,21,21
"H",13,1,1,-1,102,12
"H",13,1,1,-10,1,0
"H",13,1,1,-2,53,2
"H",13,1,1,-3,14,0
"H",13,1,1,-4,10,0
"H",13,1,1,-5,7,0
"H",13,1,1,-6,3,0
"H",13,1,1,-7,1,0
"H",13,1,1,0,540,335
"H",13,1,2,-1,37,11
"H",13,1,2,-2,18,2
"H",13,1,2,-3,12,0
"H",13,1,2,-4,3,0
"H",13,1,2,-5,5,0
"H",13,1,2,-6,1,0
"H",13,1,2,-9,1,0
"H",13,1,2,0,213,133
"H",13,1,3,-1,25,6
"H",13,1,3,-2,5,0
"H",13,1,3,-3,2,0
"H",13,1,3,-5,1,0
"H",13,1,3,-6,1,0
"H",13,1,3,0,132,99
"H",13,1,4,-1,14,8
"H",13,1,4,-2,9,2
"H",13,1,4,-3,4,1
"H",13,1,4,-5,1,0
"H",13,1,4,0,107,82
"H",13,1,5,-1,13,6
"H",13,1,5,-2,1,0
"H",13,1,5,-3,1,0
"H",13,1,5,-4,1,0
"H",13,1,5,0,28,27
"H",13,1,6,-1,4,2
"H",13,1,6,-3,2,0
"H",13,1,6,-5,1,0
"H",13,1,6,0,38,33
"H",13,1,7,-1,3,2
"H",13,1,7,-2,5,1
"H",13,1,7,-5,1,0
"H",13,1,7,0,21,19
"H",13,1,8,-1,8,7
"H",13,1,8,-5,1,0
"H",13,1,8,0,54,48
"H",13,2,1,-1,77,1
"H",13,2,1,-10,1,0
"H",13,2,1,-2,42,0
"H",13,2,1,-3,12,0
"H",13,2,1,-4,8,0
"H",13,2,1,-5,3,0
"H",13,2,1,-6,1,0
"H",13,2,1,-7,1,0
"H",13,2,1,0,386,231
"H",13,2,2,-1,46,5
"H",13,2,2,-10,1,0
"H",13,2,2,-2,20,0
"H",13,2,2,-3,10,0
"H",13,2,2,-4,4,0
"H",13,2,2,-5,4,0
"H",13,2,2,-6,2,0
"H",13,2,2,-9,1,0
"H",13,2,2,0,204,123
"H",13,2,3,-1,17,1
"H",13,2,3,-10,1,0
"H",13,2,3,-2,8,0
"H",13,2,3,-3,7,0
"H",13,2,3,-4,2,0
"H",13,2,3,-5,2,0
"H",13,2,3,-6,1,0
"H",13,2,3,0,97,65
"H",13,2,4,-1,16,2
"H",13,2,4,-2,9,0
"H",13,2,4,-3,4,1
"H",13,2,4,-4,2,0
"H",13,2,4,-5,1,0
"H",13,2,4,0,119,83
"H",13,2,5,-1,16,3
"H",13,2,5,-10,1,0
"H",13,2,5,-2,2,0
"H",13,2,5,-3,4,0
"H",13,2,5,-4,1,0
"H",13,2,5,0,26,20
"H",13,2,6,-1,9,1
"H",13,2,6,-2,4,1
"H",13,2,6,-3,4,0
"H",13,2,6,-4,2,0
"H",13,2,6,0,33,17
"H",13,2,7,-1,1,0
"H",13,2,7,-2,3,0
"H",13,2,7,0,34,22
"H",13,2,8,-1,9,4
"H",13,2,8,-2,2,0
"H",13,2,8,-3,1,0
"H",13,2,8,-4,1,0
"H",13,2,8,-5,1,0
"H",13,2,8,0,50,37
"H",14,0,1,-1,75,13
"H",14,0,1,-2,40,4
"H",14,0,1,-3,14,1
"H",14,0,1,-4,5,0
"H",14,0,1,-5,2,0
"H",14,0,1,-6,1,0
"H",14,0,1,-7,1,0
"H",14,0,1,-8,1,0
"H",14,0,1,0,470,326
"H",14,0,2,-1,21,7
"H",14,0,2,-2,12,3
"H",14,0,2,-3,5,0
"H",14,0,2,-4,1,0
"H",14,0,2,-6,1,0
"H",14,0,2,-7,1,0
"H",14,0,2,-8,1,0
"H",14,0,2,0,135,103
"H",14,0,3,-1,2,2
"H",14,0,3,-2,2,1
"H",14,0,3,-6,1,0
"H",14,0,3,0,25,24
"H",14,0,4,-1,3,2
"H",14,0,4,-2,3,0
"H",14,0,4,-3,1,0
"H",14,0,4,-8,1,0
"H",14,0,4,0,24,21
"H",14,0,5,-1,2,0
"H",14,0,5,0,6,5
"H",14,0,6,-1,3,3
"H",14,0,6,-2,1,0
"H",14,0,6,0,11,11
"H",14,0,7,-2,1,0
"H",14,0,7,0,3,3
"H",14,0,8,-1,1,1
"H",14,0,8,-2,1,0
"H",14,0,8,0,14,13
"H",14,1,1,-1,50,4
"H",14,1,1,-2,26,0
"H",14,1,1,-3,9,1
"H",14,1,1,-4,4,0
"H",14,1,1,-5,2,0
"H",14,1,1,0,301,189
"H",14,1,2,-1,23,4
"H",14,1,2,-2,12,3
"H",14,1,2,-3,6,1
"H",14,1,2,-4,2,0
"H",14,1,2,-6,1,0
"H",14,1,2,-7,1,0
"H",14,1,2,0,131,90
"H",14,1,3,-1,12,1
"H",14,1,3,-2,1,0
"H",14,1,3,-3,1,0
"H",14,1,3,-4,1,0
"H",14,1,3,-6,1,0
"H",14,1,3,0,80,60
"H",14,1,4,-1,4,2
"H",14,1,4,-2,4,1
"H",14,1,4,-3,1,1
"H",14,1,4,-4,1,0
"H",14,1,4,0,67,54
"H",14,1,5,-1,6,2
"H",14,1,5,-2,1,0
"H",14,1,5,0,20,18
"H",14,1,6,-1,5,3
"H",14,1,6,0,26,23
"H",14,1,7,-1,1,1
"H",14,1,7,-2,3,2
"H",14,1,7,0,17,15
"H",14,1,8,-1,1,1
"H",14,1,8,-2,1,0
"H",14,1,8,-3,1,0
"H",14,1,8,-4,1,0
"H",14,1,8,0,41,36
"H",14,2,1,-1,32,1
"H",14,2,1,-2,21,0
"H",14,2,1,-3,7,0
"H",14,2,1,-4,2,0
"H",14,2,1,-5,2,0
"H",14,2,1,0,206,121
"H",14,2,2,-1,22,0
"H",14,2,2,-2,10,0
"H",14,2,2,-3,9,0
"H",14,2,2,-4,1,0
"H",14,2,2,-5,2,0
"H",14,2,2,-6,1,0
"H",14,2,2,0,99,52
"H",14,2,3,-1,11,1
"H",14,2,3,-2,2,0
"H",14,2,3,-3,1,0
"H",14,2,3,-4,1,0
"H",14,2,3,-6,1,0
"H",14,2,3,0,48,34
"H",14,2,4,-1,9,2
"H",14,2,4,-2,9,1
"H",14,2,4,-4,1,0
"H",14,2,4,-5,1,0
"H",14,2,4,-6,1,0
"H",14,2,4,0,60,42
"H",14,2,5,-1,2,0
"H",14,2,5,-2,1,0
"H",14,2,5,0,13,7
"H",14,2,6,-1,2,1
"H",14,2,6,-2,1,0
"H",14,2,6,-3,1,1
"H",14,2,6,0,18,11
"H",14,2,7,-2,2,1
"H",14,2,7,0,16,13
"H",14,2,8,-1,2,1
"H",14,2,8,-2,2,1
"H",14,2,8,0,30,23
"H",15,0,1,-1,37,7
"H",15,0,1,-2,27,3
"H",15,0,1,-3,11,1
"H",15,0,1,-4,5,0
"H",15,0,1,-5,2,0
"H",15,0,1,-6,1,0
"H",15,0,1,-7,1,0
"H",15,0,1,0,249,173
"H",15,0,2,-1,9,3
"H",15,0,2,-2,8,2
"H",15,0,2,-3,6,1
"H",15,0,2,0,69,56
"H",15,0,3,-1,2,1
"H",15,0,3,-2,1,0
"H",15,0,3,0,8,7
"H",15,0,4,-1,2,2
"H",15,0,4,-2,2,2
"H",15,0,4,-3,4,1
"H",15,0,4,0,7,6
"H",15,0,5,-2,1,1
"H",15,0,5,0,6,6
"H",15,0,6,-1,1,0
"H",15,0,6,-2,1,1
"H",15,0,6,0,5,5
"H",15,0,7,-2,1,1
"H",15,0,7,0,4,4
"H",15,0,8,-1,1,1
"H",15,0,8,-3,1,0
"H",15,0,8,0,6,6
"H",15,1,1,-1,25,2
"H",15,1,1,-2,18,0
"H",15,1,1,-3,5,0
"H",15,1,1,-4,5,0
"H",15,1,1,-5,2,0
"H",15,1,1,-6,1,0
"H",15,1,1,-7,1,0
"H",15,1,1,0,172,108
"H",15,1,2,-1,10,1
"H",15,1,2,-2,12,1
"H",15,1,2,-3,4,0
"H",15,1,2,-6,1,0
"H",15,1,2,0,70,51
"H",15,1,3,-1,5,2
"H",15,1,3,-2,2,0
"H",15,1,3,0,44,34
"H",15,1,4,-1,2,1
"H",15,1,4,-2,4,1
"H",15,1,4,-3,3,0
"H",15,1,4,0,30,27
"H",15,1,5,0,9,8
"H",15,1,6,-1,2,1
"H",15,1,6,0,18,14
"H",15,1,7,-1,1,1
"H",15,1,7,-2,1,1
"H",15,1,7,0,5,5
"H",15,1,8,-1,2,2
"H",15,1,8,-3,1,0
"H",15,1,8,0,14,11
"H",15,2,1,-1,18,0
"H",15,2,1,-2,12,0
"H",15,2,1,-3,2,0
"H",15,2,1,-4,5,0
"H",15,2,1,-5,2,0
"H",15,2,1,-7,1,0
"H",15,2,1,0,121,70
"H",15,2,2,-1,11,0
"H",15,2,2,-2,11,1
"H",15,2,2,-3,4,0
"H",15,2,2,-4,1,0
"H",15,2,2,-6,1,0
"H",15,2,2,0,54,33
"H",15,2,3,-1,4,1
"H",15,2,3,-2,2,0
"H",15,2,3,-4,1,0
"H",15,2,3,0,29,20
"H",15,2,4,-1,5,2
"H",15,2,4,-2,1,1
"H",15,2,4,-3,4,0
"H",15,2,4,-4,1,0
"H",15,2,4,0,31,24
"H",15,2,5,-1,1,0
"H",15,2,5,-2,1,0
"H",15,2,5,0,15,9
"H",15,2,6,-1,1,1
"H",15,2,6,-2,2,1
"H",15,2,6,0,15,11
"H",15,2,7,-2,4,2
"H",15,2,7,0,8,8
"H",15,2,8,-2,1,1
"H",15,2,8,-3,2,0
"H",15,2,8,0,17,15
"H",16,0,1,-1,32,8
"H",16,0,1,-2,8,0
"H",16,0,1,-3,5,0
"H",16,0,1,-4,1,0
"H",16,0,1,-5,1,0
"H",16,0,1,-8,1,0
"H",16,0,1,0,137,97
"H",16,0,2,-1,10,4
"H",16,0,2,-2,1,0
"H",16,0,2,-3,2,0
"H",16,0,2,-4,1,0
"H",16,0,2,0,44,34
"H",16,0,3,-1,2,2
"H",16,0,3,-2,1,0
"H",16,0,3,-4,1,0
"H",16,0,3,0,10,8
"H",16,0,4,-1,1,0
"H",16,0,4,-2,1,0
"H",16,0,4,0,12,9
"H",16,0,5,0,5,5
"H",16,0,6,-1,1,1
"H",16,0,6,-2,1,0
"H",16,0,6,0,4,4
"H",16,0,8,-1,1,0
"H",16,0,8,0,5,5
"H",16,1,1,-1,20,1
"H",16,1,1,-2,6,0
"H",16,1,1,-3,3,0
"H",16,1,1,-5,1,0
"H",16,1,1,-8,1,0
"H",16,1,1,0,81,53
"H",16,1,2,-1,10,5
"H",16,1,2,-3,5,0
"H",16,1,2,-5,1,0
"H",16,1,2,-8,1,0
"H",16,1,2,0,22,17
"H",16,1,3,-1,4,1
"H",16,1,3,-4,1,0
"H",16,1,3,0,23,19
"H",16,1,4,-1,2,0
"H",16,1,4,-2,1,0
"H",16,1,4,-3,1,0
"H",16,1,4,-5,1,0
"H",16,1,4,0,18,12
"H",16,1,5,-1,1,1
"H",16,1,5,0,8,6
"H",16,1,6,-1,1,0
"H",16,1,6,0,11,9
"H",16,1,7,0,4,3
"H",16,1,8,-3,1,0
"H",16,1,8,0,7,6
"H",16,2,1,-1,17,0
"H",16,2,1,-2,5,0
"H",16,2,1,-3,1,0
"H",16,2,1,0,68,42
"H",16,2,2,-1,5,1
"H",16,2,2,-2,1,0
"H",16,2,2,-3,3,0
"H",16,2,2,-8,1,0
"H",16,2,2,0,30,19
"H",16,2,3,-1,3,1
"H",16,2,3,-3,2,0
"H",16,2,3,0,15,11
"H",16,2,4,-1,4,1
"H",16,2,4,-2,2,0
"H",16,2,4,-3,2,0
"H",16,2,4,-5,1,0
"H",16,2,4,0,20,12
"H",16,2,5,-1,2,0
"H",16,2,5,0,6,5
"H",16,2,6,-1,2,0
"H",16,2,6,0,9,6
"H",16,2,7,-1,2,0
"H",16,2,7,-3,1,0
"H",16,2,7,0,5,4
"H",16,2,8,-3,1,0
"H",16,2,8,0,11,9
"H",17,0,1,-1,11,2
"H",17,0,1,-2,5,0
"H",17,0,1,-3,2,1
"H",17,0,1,-5,1,0
"H",17,0,1,-6,1,0
"H",17,0,1,-7,1,0
"H",17,0,1,0,70,46
"H",17,0,2,-1,1,1
"H",17,0,2,-2,2,1
"H",17,0,2,-6,1,0
"H",17,0,2,0,20,13
"H",17,0,3,-3,1,1
"H",17,0,3,0,5,5
"H",17,0,4,-6,1,0
"H",17,0,4,0,6,5
"H",17,0,6,0,1,1
"H",17,0,7,-2,1,1
"H",17,0,7,0,1,1
"H",17,0,8,-6,1,0
"H",17,0,8,0,4,4
"H",17,1,1,-1,9,0
"H",17,1,1,-2,4,0
"H",17,1,1,-3,1,0
"H",17,1,1,-5,1,0
"H",17,1,1,-7,1,0
"H",17,1,1,0,43,26
"H",17,1,2,-1,1,0
"H",17,1,2,-2,1,0
"H",17,1,2,-5,1,0
"H",17,1,2,0,17,12
"H",17,1,3,-1,1,1
"H",17,1,3,-7,1,0
"H",17,1,3,0,16,11
"H",17,1,4,-5,1,0
"H",17,1,4,0,13,10
"H",17,1,5,-1,1,1
"H",17,1,5,0,2,2
"H",17,1,6,-7,1,0
"H",17,1,6,0,4,4
"H",17,1,8,-5,1,0
"H",17,1,8,-6,1,0
"H",17,1,8,0,7,7
"H",17,2,1,-1,8,0
"H",17,2,1,-2,4,0
"H",17,2,1,-3,1,0
"H",17,2,1,0,29,15
"H",17,2,2,-1,3,0
"H",17,2,2,-2,3,0
"H",17,2,2,-3,1,0
"H",17,2,2,0,14,8
"H",17,2,3,-1,2,0
"H",17,2,3,-2,1,0
"H",17,2,3,0,12,7
"H",17,2,4,-1,1,0
"H",17,2,4,-2,1,0
"H",17,2,4,0,9,5
"H",17,2,5,-1,1,1
"H",17,2,5,0,3,2
"H",17,2,6,-4,1,0
"H",17,2,6,0,2,2
"H",17,2,7,0,1,1
"H",17,2,8,-6,1,0
"H",17,2,8,0,3,2
"H",18,0,1,-1,5,0
"H",18,0,1,-2,5,1
"H",18,0,1,-5,1,0
"H",18,0,1,0,38,23
"H",18,0,2,-1,1,0
"H",18,0,2,-2,2,0
"H",18,0,2,0,3,3
"H",18,0,3,-2,1,1
"H",18,0,4,-2,1,0
"H",18,0,4,0,1,1
"H",18,0,6,-2,1,1
"H",18,0,8,0,1,1
"H",18,1,1,-1,4,0
"H",18,1,1,-2,2,0
"H",18,1,1,-5,1,0
"H",18,1,1,0,35,20
"H",18,1,2,-1,3,1
"H",18,1,2,-2,3,0
"H",18,1,2,0,11,6
"H",18,1,3,-5,1,0
"H",18,1,3,0,4,4
"H",18,1,4,-2,1,0
"H",18,1,4,0,3,2
"H",18,1,5,0,1,1
"H",18,1,6,-5,1,0
"H",18,1,6,0,1,1
"H",18,1,7,-2,1,0
"H",18,1,7,0,1,1
"H",18,1,8,0,1,1
"H",18,2,1,-1,3,0
"H",18,2,1,0,23,12
"H",18,2,2,-1,2,0
"H",18,2,2,0,12,7
"H",18,2,3,-1,1,0
"H",18,2,3,-2,1,0
"H",18,2,3,0,7,4
"H",18,2,4,-2,1,0
"H",18,2,4,0,1,1
"H",18,2,5,0,2,2
"H",18,2,6,-5,1,0
"H",18,2,6,0,2,2
"H",18,2,7,0,1,1
"H",18,2,8,-2,1,0
"H",19,0,1,-1,6,2
"H",19,0,1,-2,2,1
"H",19,0,1,-3,1,0
"H",19,0,1,0,21,11
"H",19,0,2,-1,2,1
"H",19,0,2,-2,1,1
"H",19,0,2,-3,1,0
"H",19,0,2,0,6,4
"H",19,0,3,-2,1,1
"H",19,0,3,0,1,1
"H",19,0,4,0,3,3
"H",19,0,6,-2,1,1
"H",19,0,8,-2,1,1
"H",19,0,8,0,2,2
"H",19,1,1,-1,4,1
"H",19,1,1,-2,1,0
"H",19,1,1,0,13,5
"H",19,1,2,-1,3,1
"H",19,1,2,-3,1,0
"H",19,1,2,0,3,2
"H",19,1,3,-1,1,1
"H",19,1,3,0,4,3
"H",19,1,4,-1,1,0
"H",19,1,4,-3,1,0
"H",19,1,4,0,4,3
"H",19,1,6,0,1,1
"H",19,1,7,0,1,1
"H",19,1,8,-3,1,0
"H",19,1,8,0,1,1
"H",19,2,1,-1,2,0
"H",19,2,1,-2,1,0
"H",19,2,1,0,11,3
"H",19,2,2,-1,2,0
"H",19,2,2,0,6,2
"H",19,2,3,-1,1,1
"H",19,2,3,0,3,3
"H",19,2,4,0,6,4
"H",19,2,6,0,2,2
"H",19,2,7,-1,1,0
"H",19,2,7,0,1,1
"H",20,0,1,-1,1,0
"H",20,0,1,-2,1,0
"H",20,0,1,-4,1,0
"H",20,0,1,0,12,5
"H",20,0,2,-1,1,0
"H",20,0,2,-2,1,0
"H",20,0,2,-4,1,0
"H",20,0,2,0,2,1
"H",20,0,4,-4,1,0
"H",20,1,1,0,10,4
"H",20,1,2,-1,1,0
"H",20,1,2,-2,1,0
"H",20,1,2,0,6,4
"H",20,1,3,-1,1,0
"H",20,1,4,-4,1,0
"H",20,1,4,0,1,1
"H",20,1,6,0,1,1
"H",20,1,8,0,1,1
"H",20,2,1,0,6,1
"H",20,2,2,-2,1,0
"H",20,2,2,0,3,0
"H",20,2,3,-1,1,0
"H",20,2,4,0,1,0
"H",20,2,6,-4,1,0
"H",20,2,6,0,1,0
"H",21,0,1,-1,2,0
"H",21,0,1,-2,2,0
"H",21,0,1,0,7,4
"H",21,0,2,-1,1,0
"H",21,0,2,-2,1,0
"H",21,0,2,0,2,1
"H",21,0,4,0,1,1
"H",21,0,8,0,1,1
"H",21,1,1,-1,1,0
"H",21,1,1,-2,1,0
"H",21,1,1,0,5,3
"H",21,1,2,0,1,1
"H",21,1,3,-1,1,0
"H",21,1,3,-2,1,0
"H",21,1,3,0,1,0
"H",21,2,1,-1,1,0
"H",21,2,1,-2,1,0
"H",21,2,1,0,4,2
"H",21,2,2,0,5,3
"H",21,2,3,-2,1,0
"H",21,2,3,0,1,0
"H",21,2,5,-1,1,0
"H",22,0,1,-1,1,0
"H",22,0,1,-2,1,0
"H",22,0,1,0,4,3
"H",22,1,1,-1,1,0
"H",22,1,1,-2,1,0
"H",22,1,1,0,4,3
"H",22,1,2,0,3,3
"H",22,1,3,0,1,1
"H",22,1,4,0,1,1
"H",22,1,6,0,1,1
"H",22,1,8,0,1,1
"H",22,2,1,-1,1,0
"H",22,2,1,-2,1,0
"H",22,2,1,0,1,0
"H",22,2,2,-2,1,0
"H",22,2,5,0,1,1
"H",22,2,6,0,1,1
"H",23,0,1,-2,1,0
"H",23,0,1,0,1,1
"H",23,1,1,-2,1,0
"H",23,1,1,0,1,1
"H",23,2,1,-2,1,0
"H",23,2,1,0,1,1
"H",24,0,1,0,1,1
"H",24,0,2,0,1,1
"H",24,0,3,0,1,1
"H",24,0,4,0,1,1
"H",24,1,7,0,1,1
"H",24,1,8,0,1,1
"V",1,0,1,0,70194,32018
"V",1,0,1,1,571,303
"V",1,0,1,2,194,131
"V",1,0,1,3,124,91
"V",1,0,1,4,66,55
"V",1,0,1,5,14,12
"V",1,0,1,6,5,3
"V",1,0,1,7,2,2
"V",1,0,2,0,20166,10082
"V",1,0,2,1,601,354
"V",1,0,2,2,215,152
"V",1,0,2,3,89,64
"V",1,0,2,4,38,36
"V",1,0,2,5,12,12
"V",1,0,2,6,2,1
"V",1,0,2,7,3,3
"V",1,0,2,9,1,0
"V",1,0,3,0,4140,2169
"V",1,0,3,1,516,316
"V",1,0,3,2,195,133
"V",1,0,3,3,64,47
"V",1,0,3,4,33,29
"V",1,0,3,5,8,7
"V",1,0,3,6,4,3
"V",1,0,3,7,1,1
"V",1,0,3,8,1,0
"V",1,0,4,0,3826,2228
"V",1,0,4,1,474,301
"V",1,0,4,2,179,126
"V",1,0,4,3,55,39
"V",1,0,4,4,27,27
"V",1,0,4,5,6,6
"V",1,0,4,6,4,4
"V",1,0,4,7,1,1
"V",1,0,4,8,1,1
"V",1,0,5,0,1005,570
"V",1,0,5,1,298,202
"V",1,0,5,2,97,61
"V",1,0,5,3,36,30
"V",1,0,5,4,13,13
"V",1,0,5,5,5,5
"V",1,0,5,6,1,1
"V",1,0,5,8,1,0
"V",1,0,6,0,1611,924
"V",1,0,6,1,462,306
"V",1,0,6,2,150,116
"V",1,0,6,3,53,44
"V",1,0,6,4,13,12
"V",1,0,6,5,8,8
"V",1,0,6,6,2,2
"V",1,0,6,7,1,1
"V",1,0,7,0,792,491
"V",1,0,7,1,260,182
"V",1,0,7,2,96,75
"V",1,0,7,3,29,24
"V",1,0,7,4,11,7
"V",1,0,7,5,4,4
"V",1,0,7,6,1,1
"V",1,0,8,0,837,540
"V",1,0,8,1,277,204
"V",1,0,8,2,110,89
"V",1,0,8,3,36,31
"V",1,0,8,4,16,15
"V",1,0,8,5,7,6
"V",1,0,8,6,2,2
"V",1,0,8,7,1,1
"V",1,0,8,8,1,1
"V",1,1,1,0,46695,20068
"V",1,1,1,1,1099,592
"V",1,1,1,10,1,1
"V",1,1,1,12,1,1
"V",1,1,1,2,708,456
"V",1,1,1,3,450,323
"V",1,1,1,4,168,136
"V",1,1,1,5,64,54
"V",1,1,1,6,17,14
"V",1,1,1,7,4,4
"V",1,1,1,9,4,4
"V",1,1,2,0,19714,9058
"V",1,1,2,1,2009,1146
"V",1,1,2,12,1,1
"V",1,1,2,2,890,572
"V",1,1,2,3,361,268
"V",1,1,2,4,147,117
"V",1,1,2,5,64,58
"V",1,1,2,6,17,15
"V",1,1,2,7,5,5
"V",1,1,2,9,3,2
"V",1,1,3,0,7987,3812
"V",1,1,3,1,1484,859
"V",1,1,3,2,621,417
"V",1,1,3,3,268,196
"V",1,1,3,4,107,87
"V",1,1,3,5,45,42
"V",1,1,3,6,17,15
"V",1,1,3,7,7,7
"V",1,1,3,8,1,1
"V",1,1,3,9,1,1
"V",1,1,4,0,5538,2849
"V",1,1,4,1,1311,772
"V",1,1,4,2,628,416
"V",1,1,4,3,229,168
"V",1,1,4,4,120,100
"V",1,1,4,5,40,34
"V",1,1,4,6,14,13
"V",1,1,4,7,4,4
"V",1,1,4,8,1,1
"V",1,1,5,0,2593,1323
"V",1,1,5,1,976,588
"V",1,1,5,2,388,270
"V",1,1,5,3,165,130
"V",1,1,5,4,72,63
"V",1,1,5,5,17,16
"V",1,1,5,6,8,8
"V",1,1,5,7,2,2
"V",1,1,5,8,1,1
"V",1,1,6,0,2796,1477
"V",1,1,6,1,1155,719
"V",1,1,6,2,445,309
"V",1,1,6,3,182,143
"V",1,1,6,4,64,58
"V",1,1,6,5,31,30
"V",1,1,6,6,7,6
"V",1,1,6,7,3,3
"V",1,1,6,9,1,1
"V",1,1,7,0,2113,1185
"V",1,1,7,1,725,480
"V",1,1,7,2,284,209
"V",1,1,7,3,122,108
"V",1,1,7,4,51,45
"V",1,1,7,5,18,17
"V",1,1,7,6,7,7
"V",1,1,7,7,3,3
"V",1,1,7,8,1,1
"V",1,1,8,0,1675,958
"V",1,1,8,1,721,469
"V",1,1,8,2,319,231
"V",1,1,8,3,124,106
"V",1,1,8,4,60,53
"V",1,1,8,5,16,16
"V",1,1,8,6,7,7
"V",1,1,8,7,3,3
"V",1,1,8,8,2,2
"V",1,2,1,0,34093,14057
"V",1,2,1,1,2372,1219
"V",1,2,1,10,3,3
"V",1,2,1,11,1,1
"V",1,2,1,2,1443,899
"V",1,2,1,3,775,549
"V",1,2,1,4,328,268
"V",1,2,1,5,113,96
"V",1,2,1,6,35,28
"V",1,2,1,7,13,13
"V",1,2,1,8,4,4
"V",1,2,1,9,4,4
"V",1,2,2,0,17174,7325
"V",1,2,2,1,3437,1836
"V",1,2,2,10,5,5
"V",1,2,2,11,1,1
"V",1,2,2,2,1607,1024
"V",1,2,2,3,809,592
"V",1,2,2,4,331,272
"V",1,2,2,5,130,117
"V",1,2,2,6,39,37
"V",1,2,2,7,20,20
"V",1,2,2,8,7,7
"V",1,2,2,9,5,4
"V",1,2,3,0,8043,3608
"V",1,2,3,1,2483,1325
"V",1,2,3,10,2,2
"V",1,2,3,11,1,1
"V",1,2,3,2,1253,837
"V",1,2,3,3,574,432
"V",1,2,3,4,283,224
"V",1,2,3,5,89,81
"V",1,2,3,6,42,40
"V",1,2,3,7,11,11
"V",1,2,3,8,10,10
"V",1,2,3,9,4,3
"V",1,2,4,0,5682,2557
"V",1,2,4,1,2042,1102
"V",1,2,4,10,1,1
"V",1,2,4,2,1031,655
"V",1,2,4,3,487,364
"V",1,2,4,4,237,188
"V",1,2,4,5,82,74
"V",1,2,4,6,42,41
"V",1,2,4,7,13,13
"V",1,2,4,8,8,8
"V",1,2,4,9,1,1
"V",1,2,5,0,3206,1442
"V",1,2,5,1,1339,760
"V",1,2,5,2,677,432
"V",1,2,5,3,304,225
"V",1,2,5,4,127,103
"V",1,2,5,5,40,34
"V",1,2,5,6,12,11
"V",1,2,5,7,11,11
"V",1,2,5,8,1,1
"V",1,2,5,9,2,2
"V",1,2,6,0,2636,1259
"V",1,2,6,1,1347,781
"V",1,2,6,2,598,390
"V",1,2,6,3,280,209
"V",1,2,6,4,123,102
"V",1,2,6,5,49,44
"V",1,2,6,6,15,13
"V",1,2,6,7,11,11
"V",1,2,6,8,4,4
"V",1,2,6,9,1,1
"V",1,2,7,0,1561,777
"V",1,2,7,1,837,482
"V",1,2,7,2,409,278
"V",1,2,7,3,177,137
"V",1,2,7,4,80,66
"V",1,2,7,5,27,23
"V",1,2,7,6,15,15
"V",1,2,7,7,5,5
"V",1,2,7,8,1,1
"V",1,2,7,9,1,1
"V",1,2,8,0,1624,813
"V",1,2,8,1,883,516
"V",1,2,8,2,403,261
"V",1,2,8,3,225,178
"V",1,2,8,4,78,67
"V",1,2,8,5,29,25
"V",1,2,8,6,12,9
"V",1,2,8,7,3,3
"V",1,2,8,8,4,4
"V",2,0,1,-1,9396,3220
"V",2,0,1,-10,4,0
"V",2,0,1,-11,4,0
"V",2,0,1,-14,1,0
"V",2,0,1,-15,1,0
"V",2,0,1,-2,4957,1189
"V",2,0,1,-3,2352,401
"V",2,0,1,-4,1130,143
"V",2,0,1,-5,386,26
"V",2,0,1,-6,142,8
"V",2,0,1,-7,72,3
"V",2,0,1,-8,19,0
"V",2,0,1,-9,10,0
"V",2,0,1,0,36699,17004
"V",2,0,1,1,8960,5205
"V",2,0,1,10,2,2
"V",2,0,1,11,1,1
"V",2,0,1,12,1,1
"V",2,0,1,2,4357,2978
"V",2,0,1,3,2091,1625
"V",2,0,1,4,874,738
"V",2,0,1,5,349,314
"V",2,0,1,6,122,114
"V",2,0,1,7,51,50
"V",2,0,1,8,23,22
"V",2,0,1,9,14,14
"V",2,0,2,-1,2571,980
"V",2,0,2,-10,1,0
"V",2,0,2,-14,1,0
"V",2,0,2,-2,1368,349
"V",2,0,2,-3,686,141
"V",2,0,2,-4,305,43
"V",2,0,2,-5,94,8
"V",2,0,2,-6,38,2
"V",2,0,2,-7,20,0
"V",2,0,2,-8,3,0
"V",2,0,2,-9,5,0
"V",2,0,2,0,9930,5021
"V",2,0,2,1,2615,1584
"V",2,0,2,10,3,3
"V",2,0,2,12,1,1
"V",2,0,2,2,1222,882
"V",2,0,2,3,562,428
"V",2,0,2,4,228,191
"V",2,0,2,5,87,78
"V",2,0,2,6,46,43
"V",2,0,2,7,15,15
"V",2,0,2,8,13,13
"V",2,0,2,9,9,9
"V",2,0,3,-1,529,230
"V",2,0,3,-11,1,0
"V",2,0,3,-2,292,97
"V",2,0,3,-3,135,28
"V",2,0,3,-4,65,15
"V",2,0,3,-5,16,2
"V",2,0,3,-6,9,1
"V",2,0,3,-7,5,0
"V",2,0,3,-8,2,0
"V",2,0,3,0,2169,1097
"V",2,0,3,1,743,468
"V",2,0,3,2,326,246
"V",2,0,3,3,130,99
"V",2,0,3,4,55,46
"V",2,0,3,5,35,31
"V",2,0,3,6,10,9
"V",2,0,3,7,3,3
"V",2,0,3,8,3,3
"V",2,0,3,9,2,2
"V",2,0,4,-1,542,219
"V",2,0,4,-2,325,98
"V",2,0,4,-3,150,30
"V",2,0,4,-4,79,10
"V",2,0,4,-5,26,2
"V",2,0,4,-6,8,1
"V",2,0,4,-7,7,0
"V",2,0,4,-8,1,0
"V",2,0,4,-9,2,0
"V",2,0,4,0,2003,1090
"V",2,0,4,1,626,418
"V",2,0,4,10,2,2
"V",2,0,4,2,285,229
"V",2,0,4,3,119,92
"V",2,0,4,4,68,61
"V",2,0,4,5,31,31
"V",2,0,4,6,18,15
"V",2,0,4,7,7,7
"V",2,0,4,8,6,6
"V",2,0,4,9,3,3
"V",2,0,5,-1,139,56
"V",2,0,5,-2,80,24
"V",2,0,5,-3,28,6
"V",2,0,5,-4,17,4
"V",2,0,5,-5,6,0
"V",2,0,5,-6,2,0
"V",2,0,5,-7,1,0
"V",2,0,5,0,515,288
"V",2,0,5,1,259,160
"V",2,0,5,2,115,89
"V",2,0,5,3,56,47
"V",2,0,5,4,14,12
"V",2,0,5,5,10,10
"V",2,0,5,6,8,8
"V",2,0,5,7,2,2
"V",2,0,5,8,3,3
"V",2,0,6,-1,233,110
"V",2,0,6,-2,110,34
"V",2,0,6,-3,52,10
"V",2,0,6,-4,26,8
"V",2,0,6,-5,5,1
"V",2,0,6,-6,2,0
"V",2,0,6,-7,2,0
"V",2,0,6,0,777,473
"V",2,0,6,1,343,236
"V",2,0,6,2,147,114
"V",2,0,6,3,66,54
"V",2,0,6,4,28,27
"V",2,0,6,5,15,13
"V",2,0,6,6,8,8
"V",2,0,6,7,4,3
"V",2,0,6,8,1,1
"V",2,0,7,-1,139,63
"V",2,0,7,-2,61,15
"V",2,0,7,-3,35,7
"V",2,0,7,-4,24,6
"V",2,0,7,-5,5,1
"V",2,0,7,-6,4,0
"V",2,0,7,-7,2,0
"V",2,0,7,0,413,263
"V",2,0,7,1,200,144
"V",2,0,7,2,88,66
"V",2,0,7,3,26,22
"V",2,0,7,4,15,13
"V",2,0,7,5,10,8
"V",2,0,7,6,4,4
"V",2,0,7,7,3,3
"V",2,0,7,8,4,4
"V",2,0,8,-1,128,59
"V",2,0,8,-2,64,21
"V",2,0,8,-3,29,4
"V",2,0,8,-4,15,3
"V",2,0,8,-5,6,1
"V",2,0,8,-6,5,0
"V",2,0,8,-7,2,0
"V",2,0,8,0,403,229
"V",2,0,8,1,203,139
"V",2,0,8,2,93,78
"V",2,0,8,3,36,32
"V",2,0,8,4,30,28
"V",2,0,8,5,10,10
"V",2,0,8,6,6,5
"V",2,0,8,7,3,3
"V",2,0,8,8,2,2
"V",2,0,8,9,1,1
"V",2,1,1,-1,6337,2000
"V",2,1,1,-10,3,0
"V",2,1,1,-11,3,0
"V",2,1,1,-15,1,0
"V",2,1,1,-2,3291,734
"V",2,1,1,-3,1514,232
"V",2,1,1,-4,737,79
"V",2,1,1,-5,273,15
"V",2,1,1,-6,90,4
"V",2,1,1,-7,46,3
"V",2,1,1,-8,15,0
"V",2,1,1,-9,5,0
"V",2,1,1,0,24508,10742
"V",2,1,1,1,6644,3761
"V",2,1,1,10,5,5
"V",2,1,1,11,2,2
"V",2,1,1,2,3355,2223
"V",2,1,1,3,1637,1277
"V",2,1,1,4,692,592
"V",2,1,1,5,283,254
"V",2,1,1,6,94,88
"V",2,1,1,7,53,51
"V",2,1,1,8,24,23
"V",2,1,1,9,13,13
"V",2,1,2,-1,2789,965
"V",2,1,2,-10,1,0
"V",2,1,2,-14,1,0
"V",2,1,2,-2,1480,343
"V",2,1,2,-3,728,138
"V",2,1,2,-4,367,50
"V",2,1,2,-5,116,11
"V",2,1,2,-6,44,2
"V",2,1,2,-7,19,2
"V",2,1,2,-8,1,0
"V",2,1,2,-9,4,0
"V",2,1,2,0,10318,4825
"V",2,1,2,1,3305,1949
"V",2,1,2,10,3,3
"V",2,1,2,11,2,2
"V",2,1,2,12,1,1
"V",2,1,2,2,1706,1151
"V",2,1,2,3,809,621
"V",2,1,2,4,345,292
"V",2,1,2,5,165,146
"V",2,1,2,6,86,79
"V",2,1,2,7,38,38
"V",2,1,2,8,17,14
"V",2,1,2,9,13,13
"V",2,1,3,-1,906,342
"V",2,1,3,-10,1,0
"V",2,1,3,-11,1,0
"V",2,1,3,-2,423,109
"V",2,1,3,-3,184,36
"V",2,1,3,-4,80,12
"V",2,1,3,-5,31,1
"V",2,1,3,-6,10,1
"V",2,1,3,-7,4,0
"V",2,1,3,-8,3,0
"V",2,1,3,0,3702,1828
"V",2,1,3,1,1631,1001
"V",2,1,3,10,2,2
"V",2,1,3,2,846,610
"V",2,1,3,3,418,314
"V",2,1,3,4,200,166
"V",2,1,3,5,95,84
"V",2,1,3,6,45,42
"V",2,1,3,7,20,20
"V",2,1,3,8,8,8
"V",2,1,3,9,4,4
"V",2,1,4,-1,810,290
"V",2,1,4,-14,1,0
"V",2,1,4,-2,470,124
"V",2,1,4,-3,224,48
"V",2,1,4,-4,147,34
"V",2,1,4,-5,39,6
"V",2,1,4,-6,11,1
"V",2,1,4,-7,5,1
"V",2,1,4,-9,3,0
"V",2,1,4,0,2906,1463
"V",2,1,4,1,1298,800
"V",2,1,4,10,4,4
"V",2,1,4,11,1,1
"V",2,1,4,2,648,463
"V",2,1,4,3,327,260
"V",2,1,4,4,180,158
"V",2,1,4,5,84,77
"V",2,1,4,6,40,38
"V",2,1,4,7,21,21
"V",2,1,4,8,9,8
"V",2,1,4,9,8,8
"V",2,1,5,-1,326,133
"V",2,1,5,-2,139,42
"V",2,1,5,-3,60,16
"V",2,1,5,-4,31,4
"V",2,1,5,-5,9,0
"V",2,1,5,-6,1,0
"V",2,1,5,-7,2,0
"V",2,1,5,0,1268,618
"V",2,1,5,1,690,440
"V",2,1,5,10,2,2
"V",2,1,5,11,1,1
"V",2,1,5,2,341,257
"V",2,1,5,3,166,128
"V",2,1,5,4,87,78
"V",2,1,5,5,43,38
"V",2,1,5,6,31,31
"V",2,1,5,7,9,8
"V",2,1,5,8,5,5
"V",2,1,5,9,5,5
"V",2,1,6,-1,407,169
"V",2,1,6,-2,174,42
"V",2,1,6,-3,83,23
"V",2,1,6,-4,33,3
"V",2,1,6,-5,15,3
"V",2,1,6,-6,4,0
"V",2,1,6,-7,1,0
"V",2,1,6,0,1299,702
"V",2,1,6,1,690,454
"V",2,1,6,10,2,2
"V",2,1,6,2,319,231
"V",2,1,6,3,172,133
"V",2,1,6,4,101,87
"V",2,1,6,5,54,50
"V",2,1,6,6,25,22
"V",2,1,6,7,14,13
"V",2,1,6,8,11,11
"V",2,1,6,9,6,6
"V",2,1,7,-1,291,119
"V",2,1,7,-2,162,59
"V",2,1,7,-3,76,19
"V",2,1,7,-4,34,6
"V",2,1,7,-5,9,1
"V",2,1,7,-6,3,0
"V",2,1,7,-7,1,0
"V",2,1,7,0,1111,613
"V",2,1,7,1,560,380
"V",2,1,7,10,1,1
"V",2,1,7,11,1,1
"V",2,1,7,2,292,219
"V",2,1,7,3,141,106
"V",2,1,7,4,81,71
"V",2,1,7,5,45,40
"V",2,1,7,6,23,21
"V",2,1,7,7,7,7
"V",2,1,7,8,5,5
"V",2,1,7,9,3,3
"V",2,1,8,-1,216,104
"V",2,1,8,-2,114,42
"V",2,1,8,-3,56,8
"V",2,1,8,-4,33,8
"V",2,1,8,-5,7,1
"V",2,1,8,-6,5,0
"V",2,1,8,-7,1,1
"V",2,1,8,0,840,475
"V",2,1,8,1,495,332
"V",2,1,8,2,221,170
"V",2,1,8,3,150,128
"V",2,1,8,4,93,85
"V",2,1,8,5,51,48
"V",2,1,8,6,22,20
"V",2,1,8,7,11,11
"V",2,1,8,8,9,9
"V",2,1,8,9,1,1
"V",2,2,1,-1,4787,1430
"V",2,2,1,-10,3,0
"V",2,2,1,-11,3,0
"V",2,2,1,-15,1,0
"V",2,2,1,-2,2522,538
"V",2,2,1,-3,1149,157
"V",2,2,1,-4,502,45
"V",2,2,1,-5,195,7
"V",2,2,1,-6,70,3
"V",2,2,1,-7,34,1
"V",2,2,1,-8,14,0
"V",2,2,1,-9,5,0
"V",2,2,1,0,18588,7826
"V",2,2,1,1,5790,3141
"V",2,2,1,10,5,5
"V",2,2,1,11,2,2
"V",2,2,1,13,1,1
"V",2,2,1,2,2909,1913
"V",2,2,1,3,1455,1127
"V",2,2,1,4,619,522
"V",2,2,1,5,290,256
"V",2,2,1,6,130,118
"V",2,2,1,7,87,83
"V",2,2,1,8,38,37
"V",2,2,1,9,15,15
"V",2,2,2,-1,2518,805
"V",2,2,2,-10,2,0
"V",2,2,2,-15,1,0
"V",2,2,2,-2,1318,288
"V",2,2,2,-3,670,95
"V",2,2,2,-4,293,29
"V",2,2,2,-5,107,7
"V",2,2,2,-6,40,2
"V",2,2,2,-7,21,1
"V",2,2,2,-8,1,0
"V",2,2,2,-9,2,0
"V",2,2,2,0,9375,4101
"V",2,2,2,1,3687,2081
"V",2,2,2,10,5,5
"V",2,2,2,11,5,5
"V",2,2,2,12,1,1
"V",2,2,2,13,1,1
"V",2,2,2,2,1888,1254
"V",2,2,2,3,1045,832
"V",2,2,2,4,518,425
"V",2,2,2,5,274,236
"V",2,2,2,6,141,128
"V",2,2,2,7,73,70
"V",2,2,2,8,37,35
"V",2,2,2,9,19,18
"V",2,2,3,-1,1089,365
"V",2,2,3,-2,490,109
"V",2,2,3,-3,213,35
"V",2,2,3,-4,91,14
"V",2,2,3,-5,36,2
"V",2,2,3,-6,11,1
"V",2,2,3,-7,10,0
"V",2,2,3,-8,3,0
"V",2,2,3,0,4148,1873
"V",2,2,3,1,2182,1231
"V",2,2,3,10,4,4
"V",2,2,3,11,2,2
"V",2,2,3,12,2,2
"V",2,2,3,2,1325,924
"V",2,2,3,3,705,538
"V",2,2,3,4,385,311
"V",2,2,3,5,204,172
"V",2,2,3,6,104,97
"V",2,2,3,7,42,39
"V",2,2,3,8,21,19
"V",2,2,3,9,14,14
"V",2,2,4,-1,881,305
"V",2,2,4,-14,1,0
"V",2,2,4,-2,513,121
"V",2,2,4,-3,260,53
"V",2,2,4,-4,122,15
"V",2,2,4,-5,43,8
"V",2,2,4,-6,17,3
"V",2,2,4,-7,9,0
"V",2,2,4,-9,2,0
"V",2,2,4,0,3196,1518
"V",2,2,4,1,1706,1017
"V",2,2,4,10,4,4
"V",2,2,4,11,3,3
"V",2,2,4,12,1,1
"V",2,2,4,2,961,646
"V",2,2,4,3,527,411
"V",2,2,4,4,273,226
"V",2,2,4,5,149,127
"V",2,2,4,6,77,73
"V",2,2,4,7,40,38
"V",2,2,4,8,15,12
"V",2,2,4,9,8,7
"V",2,2,5,-1,418,153
"V",2,2,5,-2,203,45
"V",2,2,5,-3,79,12
"V",2,2,5,-4,43,6
"V",2,2,5,-5,9,0
"V",2,2,5,-6,3,0
"V",2,2,5,-7,1,0
"V",2,2,5,0,1503,681
"V",2,2,5,1,929,551
"V",2,2,5,10,3,3
"V",2,2,5,11,2,2
"V",2,2,5,12,1,1
"V",2,2,5,2,502,372
"V",2,2,5,3,300,223
"V",2,2,5,4,185,147
"V",2,2,5,5,93,82
"V",2,2,5,6,48,43
"V",2,2,5,7,23,22
"V",2,2,5,8,14,14
"V",2,2,5,9,1,1
"V",2,2,6,-1,395,132
"V",2,2,6,-2,174,43
"V",2,2,6,-3,78,18
"V",2,2,6,-4,43,5
"V",2,2,6,-5,17,1
"V",2,2,6,-6,1,0
"V",2,2,6,-7,1,0
"V",2,2,6,-9,1,0
"V",2,2,6,0,1337,609
"V",2,2,6,1,862,504
"V",2,2,6,10,1,1
"V",2,2,6,12,2,2
"V",2,2,6,2,490,346
"V",2,2,6,3,311,237
"V",2,2,6,4,176,158
"V",2,2,6,5,88,82
"V",2,2,6,6,42,37
"V",2,2,6,7,30,28
"V",2,2,6,8,7,7
"V",2,2,6,9,7,7
"V",2,2,7,-1,273,83
"V",2,2,7,-2,138,40
"V",2,2,7,-3,77,12
"V",2,2,7,-4,29,2
"V",2,2,7,-5,16,1
"V",2,2,7,-6,5,0
"V",2,2,7,-7,1,0
"V",2,2,7,-9,1,0
"V",2,2,7,0,934,456
"V",2,2,7,1,638,392
"V",2,2,7,10,2,2
"V",2,2,7,11,2,2
"V",2,2,7,12,1,1
"V",2,2,7,13,1,1
"V",2,2,7,2,401,290
"V",2,2,7,3,196,151
"V",2,2,7,4,106,85
"V",2,2,7,5,64,58
"V",2,2,7,6,32,31
"V",2,2,7,7,13,12
"V",2,2,7,8,1,1
"V",2,2,7,9,8,8
"V",2,2,8,-1,244,80
"V",2,2,8,-2,129,41
"V",2,2,8,-3,85,16
"V",2,2,8,-4,37,8
"V",2,2,8,-5,10,1
"V",2,2,8,-6,5,1
"V",2,2,8,-7,1,0
"V",2,2,8,0,926,448
"V",2,2,8,1,569,337
"V",2,2,8,10,2,2
"V",2,2,8,11,1,1
"V",2,2,8,2,328,230
"V",2,2,8,3,227,173
"V",2,2,8,4,112,100
"V",2,2,8,5,73,59
"V",2,2,8,6,27,25
"V",2,2,8,7,11,10
"V",2,2,8,8,8,8
"V",2,2,8,9,7,7
"V",3,0,1,-1,11603,3879
"V",3,0,1,-10,30,0
"V",3,0,1,-11,12,0
"V",3,0,1,-12,1,0
"V",3,0,1,-13,1,0
"V",3,0,1,-14,2,0
"V",3,0,1,-15,1,0
"V",3,0,1,-16,2,0
"V",3,0,1,-2,6368,1451
"V",3,0,1,-3,3263,519
"V",3,0,1,-4,1717,186
"V",3,0,1,-5,874,56
"V",3,0,1,-6,487,26
"V",3,0,1,-7,224,7
"V",3,0,1,-8,140,3
"V",3,0,1,-9,53,0
"V",3,0,1,0,24493,11453
"V",3,0,1,1,10727,6396
"V",3,0,1,10,20,20
"V",3,0,1,11,9,9
"V",3,0,1,12,3,3
"V",3,0,1,13,2,2
"V",3,0,1,2,5602,3914
"V",3,0,1,3,2841,2273
"V",3,0,1,4,1395,1201
"V",3,0,1,5,748,653
"V",3,0,1,6,387,370
"V",3,0,1,7,184,178
"V",3,0,1,8,84,83
"V",3,0,1,9,47,45
"V",3,0,2,-1,2892,1102
"V",3,0,2,-10,3,0
"V",3,0,2,-11,4,0
"V",3,0,2,-12,1,0
"V",3,0,2,-13,1,0
"V",3,0,2,-15,1,0
"V",3,0,2,-2,1562,433
"V",3,0,2,-3,833,151
"V",3,0,2,-4,431,65
"V",3,0,2,-5,241,23
"V",3,0,2,-6,130,9
"V",3,0,2,-7,57,4
"V",3,0,2,-8,54,0
"V",3,0,2,-9,15,0
"V",3,0,2,0,6004,3079
"V",3,0,2,1,2829,1819
"V",3,0,2,10,9,9
"V",3,0,2,11,3,3
"V",3,0,2,12,2,2
"V",3,0,2,13,1,1
"V",3,0,2,2,1600,1174
"V",3,0,2,3,858,710
"V",3,0,2,4,430,375
"V",3,0,2,5,210,188
"V",3,0,2,6,115,110
"V",3,0,2,7,56,55
"V",3,0,2,8,31,30
"V",3,0,2,9,16,16
"V",3,0,3,-1,589,251
"V",3,0,3,-10,4,0
"V",3,0,3,-2,313,91
"V",3,0,3,-3,152,32
"V",3,0,3,-4,68,12
"V",3,0,3,-5,39,3
"V",3,0,3,-6,24,0
"V",3,0,3,-7,8,0
"V",3,0,3,-8,5,1
"V",3,0,3,-9,2,0
"V",3,0,3,0,1191,629
"V",3,0,3,1,717,492
"V",3,0,3,10,1,1
"V",3,0,3,2,450,343
"V",3,0,3,3,260,217
"V",3,0,3,4,155,134
"V",3,0,3,5,76,72
"V",3,0,3,6,43,41
"V",3,0,3,7,17,17
"V",3,0,3,8,8,8
"V",3,0,3,9,5,5
"V",3,0,4,-1,530,247
"V",3,0,4,-10,2,0
"V",3,0,4,-2,340,126
"V",3,0,4,-3,201,47
"V",3,0,4,-4,113,29
"V",3,0,4,-5,57,9
"V",3,0,4,-6,35,3
"V",3,0,4,-7,15,1
"V",3,0,4,-8,11,0
"V",3,0,4,-9,3,0
"V",3,0,4,0,1025,603
"V",3,0,4,1,615,419
"V",3,0,4,10,1,1
"V",3,0,4,11,1,1
"V",3,0,4,12,1,1
"V",3,0,4,2,393,306
"V",3,0,4,3,210,178
"V",3,0,4,4,119,104
"V",3,0,4,5,57,52
"V",3,0,4,6,37,35
"V",3,0,4,7,14,14
"V",3,0,4,8,11,11
"V",3,0,4,9,5,5
"V",3,0,5,-1,131,59
"V",3,0,5,-2,64,22
"V",3,0,5,-3,27,6
"V",3,0,5,-4,18,5
"V",3,0,5,-5,6,1
"V",3,0,5,-6,3,0
"V",3,0,5,-7,4,0
"V",3,0,5,-8,2,0
"V",3,0,5,-9,1,0
"V",3,0,5,0,266,157
"V",3,0,5,1,182,128
"V",3,0,5,10,1,1
"V",3,0,5,11,1,1
"V",3,0,5,2,164,122
"V",3,0,5,3,100,80
"V",3,0,5,4,52,48
"V",3,0,5,5,27,24
"V",3,0,5,6,11,11
"V",3,0,5,7,4,4
"V",3,0,5,8,5,5
"V",3,0,6,-1,198,98
"V",3,0,6,-10,1,0
"V",3,0,6,-2,100,37
"V",3,0,6,-3,50,13
"V",3,0,6,-4,32,6
"V",3,0,6,-5,13,0
"V",3,0,6,-6,10,1
"V",3,0,6,-7,6,1
"V",3,0,6,-8,3,0
"V",3,0,6,-9,1,0
"V",3,0,6,0,436,271
"V",3,0,6,1,294,208
"V",3,0,6,10,3,3
"V",3,0,6,2,209,154
"V",3,0,6,3,131,115
"V",3,0,6,4,64,60
"V",3,0,6,5,32,30
"V",3,0,6,6,14,14
"V",3,0,6,7,8,8
"V",3,0,6,8,1,1
"V",3,0,6,9,2,2
"V",3,0,7,-1,117,59
"V",3,0,7,-10,2,0
"V",3,0,7,-11,1,0
"V",3,0,7,-2,64,29
"V",3,0,7,-3,36,11
"V",3,0,7,-4,18,4
"V",3,0,7,-5,14,1
"V",3,0,7,-6,3,0
"V",3,0,7,-7,3,0
"V",3,0,7,-8,7,0
"V",3,0,7,0,191,127
"V",3,0,7,1,150,115
"V",3,0,7,10,1,1
"V",3,0,7,11,1,1
"V",3,0,7,12,1,1
"V",3,0,7,2,124,104
"V",3,0,7,3,75,68
"V",3,0,7,4,37,36
"V",3,0,7,5,20,18
"V",3,0,7,6,11,11
"V",3,0,7,7,3,3
"V",3,0,7,8,2,2
"V",3,0,7,9,1,1
"V",3,0,8,-1,111,65
"V",3,0,8,-10,1,0
"V",3,0,8,-2,89,40
"V",3,0,8,-3,51,18
"V",3,0,8,-4,22,5
"V",3,0,8,-5,11,2
"V",3,0,8,-6,9,1
"V",3,0,8,-7,7,0
"V",3,0,8,-8,2,0
"V",3,0,8,-9,1,0
"V",3,0,8,0,223,160
"V",3,0,8,1,180,125
"V",3,0,8,10,1,1
"V",3,0,8,2,111,86
"V",3,0,8,3,66,56
"V",3,0,8,4,37,36
"V",3,0,8,5,20,20
"V",3,0,8,6,11,10
"V",3,0,8,7,10,10
"V",3,0,8,8,3,3
"V",3,0,8,9,1,1
"V",3,1,1,-1,8251,2553
"V",3,1,1,-10,23,0
"V",3,1,1,-11,8,0
"V",3,1,1,-14,2,0
"V",3,1,1,-16,2,0
"V",3,1,1,-2,4531,930
"V",3,1,1,-3,2289,338
"V",3,1,1,-4,1218,111
"V",3,1,1,-5,589,29
"V",3,1,1,-6,334,16
"V",3,1,1,-7,161,4
"V",3,1,1,-8,78,2
"V",3,1,1,-9,35,0
"V",3,1,1,0,17602,7850
"V",3,1,1,1,7716,4383
"V",3,1,1,10,13,13
"V",3,1,1,11,6,6
"V",3,1,1,12,2,2
"V",3,1,1,13,2,2
"V",3,1,1,2,4029,2730
"V",3,1,1,3,2136,1674
"V",3,1,1,4,1128,957
"V",3,1,1,5,643,556
"V",3,1,1,6,325,308
"V",3,1,1,7,139,133
"V",3,1,1,8,62,62
"V",3,1,1,9,34,32
"V",3,1,2,-1,3300,1136
"V",3,1,2,-10,7,0
"V",3,1,2,-11,6,0
"V",3,1,2,-12,1,0
"V",3,1,2,-13,1,0
"V",3,1,2,-15,1,0
"V",3,1,2,-2,1865,428
"V",3,1,2,-3,1018,176
"V",3,1,2,-4,512,58
"V",3,1,2,-5,290,19
"V",3,1,2,-6,150,9
"V",3,1,2,-7,74,2
"V",3,1,2,-8,44,1
"V",3,1,2,-9,20,0
"V",3,1,2,0,6713,3234
"V",3,1,2,1,3540,2135
"V",3,1,2,10,12,12
"V",3,1,2,11,6,6
"V",3,1,2,12,3,3
"V",3,1,2,13,1,1
"V",3,1,2,14,1,1
"V",3,1,2,15,1,1
"V",3,1,2,2,2128,1518
"V",3,1,2,3,1200,955
"V",3,1,2,4,625,538
"V",3,1,2,5,348,307
"V",3,1,2,6,185,175
"V",3,1,2,7,88,81
"V",3,1,2,8,33,31
"V",3,1,2,9,18,18
"V",3,1,3,-1,1325,479
"V",3,1,3,-10,4,0
"V",3,1,3,-16,1,0
"V",3,1,3,-2,563,128
"V",3,1,3,-3,265,49
"V",3,1,3,-4,123,19
"V",3,1,3,-5,53,8
"V",3,1,3,-6,40,5
"V",3,1,3,-7,18,0
"V",3,1,3,-8,9,0
"V",3,1,3,-9,4,0
"V",3,1,3,0,2927,1463
"V",3,1,3,1,1628,1062
"V",3,1,3,10,5,5
"V",3,1,3,11,2,2
"V",3,1,3,15,1,1
"V",3,1,3,2,993,728
"V",3,1,3,3,605,487
"V",3,1,3,4,342,290
"V",3,1,3,5,157,144
"V",3,1,3,6,85,80
"V",3,1,3,7,41,39
"V",3,1,3,8,22,22
"V",3,1,3,9,10,10
"V",3,1,4,-1,969,379
"V",3,1,4,-10,2,0
"V",3,1,4,-11,2,0
"V",3,1,4,-2,602,180
"V",3,1,4,-3,310,67
"V",3,1,4,-4,169,27
"V",3,1,4,-5,90,8
"V",3,1,4,-6,57,5
"V",3,1,4,-7,26,2
"V",3,1,4,-8,19,0
"V",3,1,4,-9,8,0
"V",3,1,4,0,1850,950
"V",3,1,4,1,1202,782
"V",3,1,4,10,5,5
"V",3,1,4,11,2,2
"V",3,1,4,12,1,1
"V",3,1,4,13,1,1
"V",3,1,4,14,1,1
"V",3,1,4,15,1,1
"V",3,1,4,2,724,527
"V",3,1,4,3,493,401
"V",3,1,4,4,262,223
"V",3,1,4,5,143,131
"V",3,1,4,6,77,74
"V",3,1,4,7,48,43
"V",3,1,4,8,19,19
"V",3,1,4,9,10,10
"V",3,1,5,-1,372,164
"V",3,1,5,-2,172,46
"V",3,1,5,-3,66,12
"V",3,1,5,-4,40,4
"V",3,1,5,-5,17,1
"V",3,1,5,-6,11,0
"V",3,1,5,-7,8,0
"V",3,1,5,-8,2,0
"V",3,1,5,-9,4,0
"V",3,1,5,0,798,428
"V",3,1,5,1,648,442
"V",3,1,5,10,5,5
"V",3,1,5,11,2,2
"V",3,1,5,13,1,1
"V",3,1,5,2,483,359
"V",3,1,5,3,284,227
"V",3,1,5,4,163,142
"V",3,1,5,5,75,69
"V",3,1,5,6,44,40
"V",3,1,5,7,17,17
"V",3,1,5,8,6,6
"V",3,1,5,9,2,2
"V",3,1,6,-1,484,212
"V",3,1,6,-10,1,0
"V",3,1,6,-2,240,72
"V",3,1,6,-3,128,28
"V",3,1,6,-4,67,6
"V",3,1,6,-5,39,4
"V",3,1,6,-6,14,1
"V",3,1,6,-7,5,0
"V",3,1,6,-8,5,0
"V",3,1,6,-9,2,0
"V",3,1,6,0,907,516
"V",3,1,6,1,715,483
"V",3,1,6,10,6,6
"V",3,1,6,11,2,2
"V",3,1,6,12,1,1
"V",3,1,6,13,2,2
"V",3,1,6,2,535,400
"V",3,1,6,3,304,249
"V",3,1,6,4,184,158
"V",3,1,6,5,86,81
"V",3,1,6,6,33,32
"V",3,1,6,7,20,20
"V",3,1,6,8,15,15
"V",3,1,6,9,8,8
"V",3,1,7,-1,356,165
"V",3,1,7,-10,3,0
"V",3,1,7,-2,183,64
"V",3,1,7,-3,94,27
"V",3,1,7,-4,43,8
"V",3,1,7,-5,18,2
"V",3,1,7,-6,8,0
"V",3,1,7,-7,10,0
"V",3,1,7,-8,4,1
"V",3,1,7,0,719,412
"V",3,1,7,1,565,387
"V",3,1,7,10,2,2
"V",3,1,7,12,2,2
"V",3,1,7,13,1,1
"V",3,1,7,2,336,270
"V",3,1,7,3,217,184
"V",3,1,7,4,136,119
"V",3,1,7,5,54,52
"V",3,1,7,6,31,31
"V",3,1,7,7,19,19
"V",3,1,7,8,10,10
"V",3,1,7,9,7,7
"V",3,1,8,-1,282,128
"V",3,1,8,-10,1,0
"V",3,1,8,-2,148,57
"V",3,1,8,-3,75,25
"V",3,1,8,-4,41,9
"V",3,1,8,-5,19,2
"V",3,1,8,-6,13,2
"V",3,1,8,-7,12,1
"V",3,1,8,-8,6,0
"V",3,1,8,-9,2,0
"V",3,1,8,0,559,330
"V",3,1,8,1,480,332
"V",3,1,8,10,2,2
"V",3,1,8,11,1,1
"V",3,1,8,2,315,241
"V",3,1,8,3,178,148
"V",3,1,8,4,131,118
"V",3,1,8,5,57,55
"V",3,1,8,6,22,22
"V",3,1,8,7,15,15
"V",3,1,8,8,8,8
"V",3,1,8,9,2,2
"V",3,2,1,-1,6375,1874
"V",3,2,1,-10,15,0
"V",3,2,1,-11,5,0
"V",3,2,1,-14,2,0
"V",3,2,1,-16,1,0
"V",3,2,1,-2,3490,692
"V",3,2,1,-3,1727,219
"V",3,2,1,-4,917,76
"V",3,2,1,-5,453,21
"V",3,2,1,-6,258,10
"V",3,2,1,-7,113,4
"V",3,2,1,-8,63,1
"V",3,2,1,-9,23,0
"V",3,2,1,0,13655,5852
"V",3,2,1,1,6154,3422
"V",3,2,1,10,16,16
"V",3,2,1,11,9,9
"V",3,2,1,12,6,6
"V",3,2,1,13,5,5
"V",3,2,1,2,3396,2243
"V",3,2,1,3,1927,1498
"V",3,2,1,4,1076,900
"V",3,2,1,5,634,547
"V",3,2,1,6,307,285
"V",3,2,1,7,140,136
"V",3,2,1,8,74,74
"V",3,2,1,9,39,36
"V",3,2,2,-1,3192,1002
"V",3,2,2,-10,4,0
"V",3,2,2,-11,4,0
"V",3,2,2,-12,1,0
"V",3,2,2,-13,1,0
"V",3,2,2,-15,1,0
"V",3,2,2,-2,1764,358
"V",3,2,2,-3,964,140
"V",3,2,2,-4,506,46
"V",3,2,2,-5,279,18
"V",3,2,2,-6,152,8
"V",3,2,2,-7,84,4
"V",3,2,2,-8,43,1
"V",3,2,2,-9,17,0
"V",3,2,2,0,6562,2914
"V",3,2,2,1,3765,2150
"V",3,2,2,10,11,11
"V",3,2,2,11,11,11
"V",3,2,2,12,7,7
"V",3,2,2,13,2,2
"V",3,2,2,14,2,2
"V",3,2,2,15,1,1
"V",3,2,2,2,2429,1672
"V",3,2,2,3,1418,1102
"V",3,2,2,4,822,707
"V",3,2,2,5,468,409
"V",3,2,2,6,229,217
"V",3,2,2,7,126,123
"V",3,2,2,8,56,55
"V",3,2,2,9,36,35
"V",3,2,3,-1,1617,520
"V",3,2,3,-10,5,0
"V",3,2,3,-16,1,0
"V",3,2,3,-2,727,157
"V",3,2,3,-3,332,50
"V",3,2,3,-4,174,20
"V",3,2,3,-5,82,8
"V",3,2,3,-6,36,2
"V",3,2,3,-7,17,0
"V",3,2,3,-8,7,0
"V",3,2,3,-9,5,0
"V",3,2,3,0,3470,1616
"V",3,2,3,1,2159,1255
"V",3,2,3,10,15,15
"V",3,2,3,11,8,8
"V",3,2,3,12,3,3
"V",3,2,3,13,1,1
"V",3,2,3,14,1,1
"V",3,2,3,15,1,1
"V",3,2,3,18,1,1
"V",3,2,3,2,1400,978
"V",3,2,3,3,889,717
"V",3,2,3,4,538,452
"V",3,2,3,5,300,270
"V",3,2,3,6,158,147
"V",3,2,3,7,72,64
"V",3,2,3,8,34,33
"V",3,2,3,9,15,15
"V",3,2,4,-1,1172,407
"V",3,2,4,-10,3,0
"V",3,2,4,-11,2,0
"V",3,2,4,-12,1,0
"V",3,2,4,-2,678,143
"V",3,2,4,-3,394,60
"V",3,2,4,-4,221,25
"V",3,2,4,-5,123,13
"V",3,2,4,-6,74,3
"V",3,2,4,-7,35,0
"V",3,2,4,-8,15,1
"V",3,2,4,-9,10,0
"V",3,2,4,0,2259,1073
"V",3,2,4,1,1551,895
"V",3,2,4,10,4,4
"V",3,2,4,11,6,6
"V",3,2,4,12,2,2
"V",3,2,4,14,1,1
"V",3,2,4,16,1,1
"V",3,2,4,2,1098,784
"V",3,2,4,3,671,537
"V",3,2,4,4,414,355
"V",3,2,4,5,224,192
"V",3,2,4,6,119,113
"V",3,2,4,7,73,67
"V",3,2,4,8,41,40
"V",3,2,4,9,18,17
"V",3,2,5,-1,552,189
"V",3,2,5,-2,249,42
"V",3,2,5,-3,130,19
"V",3,2,5,-4,62,9
"V",3,2,5,-5,41,2
"V",3,2,5,-6,25,1
"V",3,2,5,-7,7,0
"V",3,2,5,-8,7,0
"V",3,2,5,-9,2,0
"V",3,2,5,0,1190,559
"V",3,2,5,1,961,585
"V",3,2,5,10,11,11
"V",3,2,5,11,3,3
"V",3,2,5,12,2,2
"V",3,2,5,15,2,2
"V",3,2,5,2,686,480
"V",3,2,5,3,411,314
"V",3,2,5,4,248,213
"V",3,2,5,5,117,108
"V",3,2,5,6,64,60
"V",3,2,5,7,31,29
"V",3,2,5,8,19,19
"V",3,2,5,9,11,11
"V",3,2,6,-1,531,180
"V",3,2,6,-2,279,78
"V",3,2,6,-3,171,32
"V",3,2,6,-4,75,8
"V",3,2,6,-5,45,8
"V",3,2,6,-6,29,2
"V",3,2,6,-7,9,1
"V",3,2,6,-8,7,0
"V",3,2,6,-9,3,0
"V",3,2,6,0,1156,567
"V",3,2,6,1,878,529
"V",3,2,6,10,5,5
"V",3,2,6,11,5,5
"V",3,2,6,15,1,1
"V",3,2,6,2,639,423
"V",3,2,6,3,388,318
"V",3,2,6,4,249,212
"V",3,2,6,5,136,122
"V",3,2,6,6,64,63
"V",3,2,6,7,33,32
"V",3,2,6,8,14,13
"V",3,2,6,9,7,6
"V",3,2,7,-1,334,131
"V",3,2,7,-10,1,0
"V",3,2,7,-15,1,0
"V",3,2,7,-2,174,52
"V",3,2,7,-3,96,17
"V",3,2,7,-4,37,1
"V",3,2,7,-5,21,2
"V",3,2,7,-6,15,1
"V",3,2,7,-7,17,1
"V",3,2,7,-8,7,0
"V",3,2,7,0,691,349
"V",3,2,7,1,533,324
"V",3,2,7,10,3,2
"V",3,2,7,11,3,3
"V",3,2,7,12,1,1
"V",3,2,7,16,1,1
"V",3,2,7,2,355,256
"V",3,2,7,3,246,204
"V",3,2,7,4,169,142
"V",3,2,7,5,81,74
"V",3,2,7,6,50,48
"V",3,2,7,7,30,27
"V",3,2,7,8,12,12
"V",3,2,7,9,6,6
"V",3,2,8,-1,339,141
"V",3,2,8,-10,1,0
"V",3,2,8,-2,190,45
"V",3,2,8,-3,101,19
"V",3,2,8,-4,63,12
"V",3,2,8,-5,37,6
"V",3,2,8,-6,18,1
"V",3,2,8,-7,12,1
"V",3,2,8,-8,4,0
"V",3,2,8,-9,1,0
"V",3,2,8,0,685,354
"V",3,2,8,1,536,345
"V",3,2,8,10,2,2
"V",3,2,8,11,2,2
"V",3,2,8,12,1,1
"V",3,2,8,2,363,256
"V",3,2,8,3,207,170
"V",3,2,8,4,168,143
"V",3,2,8,5,81,78
"V",3,2,8,6,37,34
"V",3,2,8,7,24,22
"V",3,2,8,8,14,14
"V",3,2,8,9,9,9
"V",4,0,1,-1,10888,3665
"V",4,0,1,-10,61,0
"V",4,0,1,-11,33,1
"V",4,0,1,-12,22,0
"V",4,0,1,-13,7,0
"V",4,0,1,-14,2,0
"V",4,0,1,-15,1,0
"V",4,0,1,-16,1,0
"V",4,0,1,-17,2,0
"V",4,0,1,-18,1,0
"V",4,0,1,-2,7092,1578
"V",4,0,1,-3,4524,660
"V",4,0,1,-4,2845,263
"V",4,0,1,-5,1631,106
"V",4,0,1,-6,884,37
"V",4,0,1,-7,416,7
"V",4,0,1,-8,233,2
"V",4,0,1,-9,113,1
"V",4,0,1,0,18068,8459
"V",4,0,1,1,10197,6226
"V",4,0,1,10,46,46
"V",4,0,1,11,20,20
"V",4,0,1,12,14,14
"V",4,0,1,13,7,7
"V",4,0,1,14,3,3
"V",4,0,1,15,1,1
"V",4,0,1,18,1,1
"V",4,0,1,2,6420,4583
"V",4,0,1,3,3879,3164
"V",4,0,1,4,2252,1995
"V",4,0,1,5,1267,1158
"V",4,0,1,6,649,609
"V",4,0,1,7,330,316
"V",4,0,1,8,154,152
"V",4,0,1,9,88,86
"V",4,0,2,-1,2969,1118
"V",4,0,2,-10,13,0
"V",4,0,2,-11,7,1
"V",4,0,2,-12,7,0
"V",4,0,2,-13,2,0
"V",4,0,2,-16,1,0
"V",4,0,2,-18,1,0
"V",4,0,2,-2,1972,517
"V",4,0,2,-3,1281,242
"V",4,0,2,-4,781,105
"V",4,0,2,-5,462,23
"V",4,0,2,-6,243,12
"V",4,0,2,-7,125,0
"V",4,0,2,-8,66,1
"V",4,0,2,-9,28,0
"V",4,0,2,0,4855,2492
"V",4,0,2,1,2868,1873
"V",4,0,2,10,16,16
"V",4,0,2,11,3,3
"V",4,0,2,12,2,2
"V",4,0,2,15,1,1
"V",4,0,2,2,1819,1368
"V",4,0,2,3,1094,925
"V",4,0,2,4,629,565
"V",4,0,2,5,339,315
"V",4,0,2,6,163,151
"V",4,0,2,7,96,92
"V",4,0,2,8,53,53
"V",4,0,2,9,36,36
"V",4,0,3,-1,693,290
"V",4,0,3,-10,1,0
"V",4,0,3,-11,3,0
"V",4,0,3,-2,424,131
"V",4,0,3,-3,250,59
"V",4,0,3,-4,168,17
"V",4,0,3,-5,104,12
"V",4,0,3,-6,50,2
"V",4,0,3,-7,17,2
"V",4,0,3,-8,11,0
"V",4,0,3,-9,6,0
"V",4,0,3,0,1134,645
"V",4,0,3,1,782,532
"V",4,0,3,10,4,4
"V",4,0,3,11,6,6
"V",4,0,3,12,2,2
"V",4,0,3,13,1,1
"V",4,0,3,2,500,383
"V",4,0,3,3,298,248
"V",4,0,3,4,167,157
"V",4,0,3,5,86,79
"V",4,0,3,6,59,57
"V",4,0,3,7,24,23
"V",4,0,3,8,17,16
"V",4,0,3,9,7,7
"V",4,0,4,-1,596,272
"V",4,0,4,-10,3,0
"V",4,0,4,-11,2,0
"V",4,0,4,-12,1,0
"V",4,0,4,-18,1,0
"V",4,0,4,-2,428,145
"V",4,0,4,-3,300,75
"V",4,0,4,-4,194,33
"V",4,0,4,-5,109,10
"V",4,0,4,-6,62,4
"V",4,0,4,-7,39,1
"V",4,0,4,-8,24,0
"V",4,0,4,-9,10,0
"V",4,0,4,0,925,540
"V",4,0,4,1,643,449
"V",4,0,4,10,4,4
"V",4,0,4,11,5,5
"V",4,0,4,2,400,313
"V",4,0,4,3,207,185
"V",4,0,4,4,137,127
"V",4,0,4,5,86,81
"V",4,0,4,6,33,32
"V",4,0,4,7,20,20
"V",4,0,4,8,12,12
"V",4,0,4,9,7,7
"V",4,0,5,-1,196,84
"V",4,0,5,-10,1,0
"V",4,0,5,-2,106,36
"V",4,0,5,-3,65,15
"V",4,0,5,-4,35,1
"V",4,0,5,-5,27,2
"V",4,0,5,-6,18,0
"V",4,0,5,-7,8,1
"V",4,0,5,-8,4,0
"V",4,0,5,-9,2,0
"V",4,0,5,0,321,180
"V",4,0,5,1,226,149
"V",4,0,5,10,3,3
"V",4,0,5,11,2,2
"V",4,0,5,2,130,95
"V",4,0,5,3,78,63
"V",4,0,5,4,46,41
"V",4,0,5,5,24,23
"V",4,0,5,6,11,11
"V",4,0,5,7,13,12
"V",4,0,5,8,6,6
"V",4,0,5,9,5,5
"V",4,0,6,-1,286,132
"V",4,0,6,-10,3,0
"V",4,0,6,-11,2,0
"V",4,0,6,-2,182,58
"V",4,0,6,-3,111,29
"V",4,0,6,-4,73,6
"V",4,0,6,-5,35,4
"V",4,0,6,-6,25,2
"V",4,0,6,-7,11,0
"V",4,0,6,-8,9,0
"V",4,0,6,0,454,274
"V",4,0,6,1,327,234
"V",4,0,6,10,4,4
"V",4,0,6,11,1,1
"V",4,0,6,2,160,123
"V",4,0,6,3,121,106
"V",4,0,6,4,63,59
"V",4,0,6,5,34,33
"V",4,0,6,6,16,16
"V",4,0,6,7,13,13
"V",4,0,6,8,6,6
"V",4,0,6,9,6,6
"V",4,0,7,-1,172,90
"V",4,0,7,-10,1,0
"V",4,0,7,-11,1,0
"V",4,0,7,-2,99,40
"V",4,0,7,-3,64,16
"V",4,0,7,-4,40,8
"V",4,0,7,-5,20,1
"V",4,0,7,-6,8,1
"V",4,0,7,-7,12,0
"V",4,0,7,-8,2,0
"V",4,0,7,-9,3,0
"V",4,0,7,0,239,151
"V",4,0,7,1,148,119
"V",4,0,7,12,2,2
"V",4,0,7,2,110,90
"V",4,0,7,3,71,65
"V",4,0,7,4,44,41
"V",4,0,7,5,34,32
"V",4,0,7,6,11,10
"V",4,0,7,7,11,11
"V",4,0,7,8,3,3
"V",4,0,7,9,1,1
"V",4,0,8,-1,156,83
"V",4,0,8,-10,2,0
"V",4,0,8,-2,96,37
"V",4,0,8,-3,68,30
"V",4,0,8,-4,46,10
"V",4,0,8,-5,16,1
"V",4,0,8,-6,12,4
"V",4,0,8,-7,11,0
"V",4,0,8,-8,3,0
"V",4,0,8,-9,3,0
"V",4,0,8,0,203,142
"V",4,0,8,1,179,138
"V",4,0,8,10,1,1
"V",4,0,8,2,99,86
"V",4,0,8,3,64,61
"V",4,0,8,4,45,43
"V",4,0,8,5,40,39
"V",4,0,8,6,16,15
"V",4,0,8,7,10,10
"V",4,0,8,8,4,4
"V",4,0,8,9,2,2
"V",4,1,1,-1,7394,2259
"V",4,1,1,-10,46,0
"V",4,1,1,-11,23,0
"V",4,1,1,-12,14,0
"V",4,1,1,-13,5,0
"V",4,1,1,-14,2,0
"V",4,1,1,-15,1,0
"V",4,1,1,-17,2,0
"V",4,1,1,-2,4778,925
"V",4,1,1,-3,3010,356
"V",4,1,1,-4,1902,138
"V",4,1,1,-5,1061,68
"V",4,1,1,-6,575,23
"V",4,1,1,-7,271,4
"V",4,1,1,-8,149,1
"V",4,1,1,-9,76,1
"V",4,1,1,0,12330,5376
"V",4,1,1,1,7161,4177
"V",4,1,1,10,35,35
"V",4,1,1,11,13,13
"V",4,1,1,12,12,12
"V",4,1,1,13,7,7
"V",4,1,1,14,3,3
"V",4,1,1,16,1,1
"V",4,1,1,18,1,1
"V",4,1,1,19,1,1
"V",4,1,1,2,4616,3210
"V",4,1,1,3,2800,2238
"V",4,1,1,4,1666,1446
"V",4,1,1,5,957,877
"V",4,1,1,6,517,484
"V",4,1,1,7,268,259
"V",4,1,1,8,128,126
"V",4,1,1,9,72,70
"V",4,1,2,-1,3322,1111
"V",4,1,2,-10,17,0
"V",4,1,2,-11,11,1
"V",4,1,2,-12,8,0
"V",4,1,2,-13,2,0
"V",4,1,2,-14,2,0
"V",4,1,2,-2,2281,507
"V",4,1,2,-3,1443,208
"V",4,1,2,-4,897,91
"V",4,1,2,-5,514,36
"V",4,1,2,-6,262,12
"V",4,1,2,-7,122,3
"V",4,1,2,-8,67,1
"V",4,1,2,-9,34,0
"V",4,1,2,0,5369,2492
"V",4,1,2,1,3364,2065
"V",4,1,2,10,16,16
"V",4,1,2,11,6,6
"V",4,1,2,12,8,8
"V",4,1,2,13,2,2
"V",4,1,2,14,1,1
"V",4,1,2,15,1,1
"V",4,1,2,2,2179,1586
"V",4,1,2,3,1347,1120
"V",4,1,2,4,837,748
"V",4,1,2,5,459,425
"V",4,1,2,6,261,247
"V",4,1,2,7,156,148
"V",4,1,2,8,81,81
"V",4,1,2,9,44,42
"V",4,1,3,-1,1196,464
"V",4,1,3,-10,4,0
"V",4,1,3,-11,1,0
"V",4,1,3,-15,1,0
"V",4,1,3,-16,1,0
"V",4,1,3,-2,642,153
"V",4,1,3,-3,385,54
"V",4,1,3,-4,210,18
"V",4,1,3,-5,127,12
"V",4,1,3,-6,83,2
"V",4,1,3,-7,29,1
"V",4,1,3,-8,12,0
"V",4,1,3,-9,10,0
"V",4,1,3,0,2145,1104
"V",4,1,3,1,1551,1011
"V",4,1,3,10,15,15
"V",4,1,3,11,8,7
"V",4,1,3,13,3,3
"V",4,1,3,14,1,1
"V",4,1,3,2,1124,852
"V",4,1,3,3,720,588
"V",4,1,3,4,444,395
"V",4,1,3,5,261,238
"V",4,1,3,6,142,130
"V",4,1,3,7,64,61
"V",4,1,3,8,47,46
"V",4,1,3,9,25,25
"V",4,1,4,-1,967,369
"V",4,1,4,-10,6,0
"V",4,1,4,-11,2,0
"V",4,1,4,-12,3,0
"V",4,1,4,-13,1,0
"V",4,1,4,-14,2,0
"V",4,1,4,-2,666,184
"V",4,1,4,-3,487,96
"V",4,1,4,-4,299,39
"V",4,1,4,-5,160,10
"V",4,1,4,-6,93,6
"V",4,1,4,-7,42,1
"V",4,1,4,-8,22,1
"V",4,1,4,-9,13,0
"V",4,1,4,0,1532,808
"V",4,1,4,1,1146,762
"V",4,1,4,10,7,7
"V",4,1,4,11,5,5
"V",4,1,4,2,745,569
"V",4,1,4,3,476,399
"V",4,1,4,4,290,264
"V",4,1,4,5,205,188
"V",4,1,4,6,103,99
"V",4,1,4,7,58,57
"V",4,1,4,8,38,38
"V",4,1,4,9,23,22
"V",4,1,5,-1,485,221
"V",4,1,5,-10,2,0
"V",4,1,5,-11,1,0
"V",4,1,5,-2,224,63
"V",4,1,5,-3,136,29
"V",4,1,5,-4,81,9
"V",4,1,5,-5,67,7
"V",4,1,5,-6,27,2
"V",4,1,5,-7,9,0
"V",4,1,5,-8,9,0
"V",4,1,5,-9,2,0
"V",4,1,5,0,780,429
"V",4,1,5,1,622,407
"V",4,1,5,10,6,6
"V",4,1,5,11,5,5
"V",4,1,5,12,2,2
"V",4,1,5,14,1,1
"V",4,1,5,2,438,337
"V",4,1,5,3,290,253
"V",4,1,5,4,175,158
"V",4,1,5,5,108,100
"V",4,1,5,6,71,70
"V",4,1,5,7,36,35
"V",4,1,5,8,23,23
"V",4,1,5,9,9,9
"V",4,1,6,-1,486,232
"V",4,1,6,-10,1,0
"V",4,1,6,-11,3,0
"V",4,1,6,-12,1,0
"V",4,1,6,-18,1,0
"V",4,1,6,-2,307,75
"V",4,1,6,-3,174,33
"V",4,1,6,-4,123,14
"V",4,1,6,-5,66,8
"V",4,1,6,-6,34,3
"V",4,1,6,-7,11,0
"V",4,1,6,-8,9,0
"V",4,1,6,-9,2,0
"V",4,1,6,0,776,428
"V",4,1,6,1,588,404
"V",4,1,6,10,5,5
"V",4,1,6,12,1,1
"V",4,1,6,13,1,1
"V",4,1,6,14,1,1
"V",4,1,6,2,404,317
"V",4,1,6,3,282,235
"V",4,1,6,4,179,164
"V",4,1,6,5,142,134
"V",4,1,6,6,69,67
"V",4,1,6,7,38,38
"V",4,1,6,8,22,21
"V",4,1,6,9,10,10
"V",4,1,7,-1,349,140
"V",4,1,7,-10,1,0
"V",4,1,7,-12,1,0
"V",4,1,7,-2,223,68
"V",4,1,7,-3,118,26
"V",4,1,7,-4,70,11
"V",4,1,7,-5,45,3
"V",4,1,7,-6,23,2
"V",4,1,7,-7,16,0
"V",4,1,7,-8,3,0
"V",4,1,7,-9,2,0
"V",4,1,7,0,632,330
"V",4,1,7,1,495,368
"V",4,1,7,10,3,3
"V",4,1,7,11,4,4
"V",4,1,7,12,2,2
"V",4,1,7,14,1,1
"V",4,1,7,2,342,273
"V",4,1,7,3,225,188
"V",4,1,7,4,158,148
"V",4,1,7,5,88,84
"V",4,1,7,6,54,52
"V",4,1,7,7,20,19
"V",4,1,7,8,15,15
"V",4,1,7,9,7,6
"V",4,1,8,-1,289,136
"V",4,1,8,-10,3,0
"V",4,1,8,-11,1,0
"V",4,1,8,-14,1,0
"V",4,1,8,-2,165,59
"V",4,1,8,-3,123,28
"V",4,1,8,-4,76,11
"V",4,1,8,-5,31,5
"V",4,1,8,-6,28,5
"V",4,1,8,-7,12,0
"V",4,1,8,-8,4,0
"V",4,1,8,-9,1,0
"V",4,1,8,0,520,299
"V",4,1,8,1,437,310
"V",4,1,8,10,1,1
"V",4,1,8,2,329,274
"V",4,1,8,3,206,180
"V",4,1,8,4,115,107
"V",4,1,8,5,86,84
"V",4,1,8,6,45,43
"V",4,1,8,7,25,25
"V",4,1,8,8,13,13
"V",4,1,8,9,9,8
"V",4,2,1,-1,5526,1554
"V",4,2,1,-10,32,0
"V",4,2,1,-11,12,0
"V",4,2,1,-12,11,0
"V",4,2,1,-13,5,0
"V",4,2,1,-15,1,0
"V",4,2,1,-17,2,0
"V",4,2,1,-2,3556,637
"V",4,2,1,-3,2252,242
"V",4,2,1,-4,1411,94
"V",4,2,1,-5,791,35
"V",4,2,1,-6,422,12
"V",4,2,1,-7,207,1
"V",4,2,1,-8,104,1
"V",4,2,1,-9,53,1
"V",4,2,1,0,9295,3858
"V",4,2,1,1,5822,3294
"V",4,2,1,10,46,46
"V",4,2,1,11,14,13
"V",4,2,1,12,15,15
"V",4,2,1,13,9,9
"V",4,2,1,14,2,2
"V",4,2,1,15,1,1
"V",4,2,1,16,1,1
"V",4,2,1,19,1,1
"V",4,2,1,2,3889,2663
"V",4,2,1,3,2411,1908
"V",4,2,1,4,1449,1249
"V",4,2,1,5,836,763
"V",4,2,1,6,466,436
"V",4,2,1,7,241,231
"V",4,2,1,8,131,127
"V",4,2,1,9,77,77
"V",4,2,2,-1,3074,939
"V",4,2,2,-10,14,0
"V",4,2,2,-11,9,1
"V",4,2,2,-12,6,0
"V",4,2,2,-13,2,0
"V",4,2,2,-15,1,0
"V",4,2,2,-17,1,0
"V",4,2,2,-2,2130,422
"V",4,2,2,-3,1344,167
"V",4,2,2,-4,849,58
"V",4,2,2,-5,467,26
"V",4,2,2,-6,254,8
"V",4,2,2,-7,125,3
"V",4,2,2,-8,61,1
"V",4,2,2,-9,34,1
"V",4,2,2,0,4910,2142
"V",4,2,2,1,3392,1981
"V",4,2,2,10,37,37
"V",4,2,2,11,16,16
"V",4,2,2,12,13,13
"V",4,2,2,13,3,3
"V",4,2,2,14,1,1
"V",4,2,2,15,1,1
"V",4,2,2,16,1,1
"V",4,2,2,2,2342,1638
"V",4,2,2,3,1524,1231
"V",4,2,2,4,961,842
"V",4,2,2,5,604,558
"V",4,2,2,6,380,360
"V",4,2,2,7,208,203
"V",4,2,2,8,103,100
"V",4,2,2,9,52,51
"V",4,2,3,-1,1422,448
"V",4,2,3,-10,5,0
"V",4,2,3,-11,3,0
"V",4,2,3,-13,1,0
"V",4,2,3,-2,754,148
"V",4,2,3,-3,452,60
"V",4,2,3,-4,276,19
"V",4,2,3,-5,171,13
"V",4,2,3,-6,97,1
"V",4,2,3,-7,39,1
"V",4,2,3,-8,24,0
"V",4,2,3,-9,7,0
"V",4,2,3,0,2427,1131
"V",4,2,3,1,1863,1150
"V",4,2,3,10,18,18
"V",4,2,3,11,15,15
"V",4,2,3,12,8,8
"V",4,2,3,13,4,4
"V",4,2,3,15,1,1
"V",4,2,3,2,1413,1012
"V",4,2,3,3,1000,824
"V",4,2,3,4,662,580
"V",4,2,3,5,410,370
"V",4,2,3,6,237,227
"V",4,2,3,7,111,108
"V",4,2,3,8,80,79
"V",4,2,3,9,40,40
"V",4,2,4,-1,1138,386
"V",4,2,4,-10,5,0
"V",4,2,4,-11,4,0
"V",4,2,4,-12,3,0
"V",4,2,4,-17,1,0
"V",4,2,4,-2,818,176
"V",4,2,4,-3,536,80
"V",4,2,4,-4,341,31
"V",4,2,4,-5,192,14
"V",4,2,4,-6,97,3
"V",4,2,4,-7,49,1
"V",4,2,4,-8,24,1
"V",4,2,4,-9,25,1
"V",4,2,4,0,1754,842
"V",4,2,4,1,1492,945
"V",4,2,4,10,13,13
"V",4,2,4,11,6,6
"V",4,2,4,12,3,3
"V",4,2,4,13,3,3
"V",4,2,4,2,1096,793
"V",4,2,4,3,663,544
"V",4,2,4,4,450,393
"V",4,2,4,5,283,254
"V",4,2,4,6,172,159
"V",4,2,4,7,101,97
"V",4,2,4,8,58,57
"V",4,2,4,9,27,27
"V",4,2,5,-1,572,187
"V",4,2,5,-10,2,0
"V",4,2,5,-12,1,0
"V",4,2,5,-15,1,0
"V",4,2,5,-2,333,62
"V",4,2,5,-3,195,23
"V",4,2,5,-4,110,17
"V",4,2,5,-5,70,4
"V",4,2,5,-6,46,3
"V",4,2,5,-7,20,0
"V",4,2,5,-8,14,0
"V",4,2,5,-9,6,0
"V",4,2,5,0,1018,459
"V",4,2,5,1,822,495
"V",4,2,5,10,20,20
"V",4,2,5,11,4,4
"V",4,2,5,12,1,1
"V",4,2,5,13,3,3
"V",4,2,5,14,1,1
"V",4,2,5,15,1,1
"V",4,2,5,2,569,387
"V",4,2,5,3,382,318
"V",4,2,5,4,253,229
"V",4,2,5,5,157,142
"V",4,2,5,6,92,87
"V",4,2,5,7,66,63
"V",4,2,5,8,39,39
"V",4,2,5,9,15,15
"V",4,2,6,-1,518,200
"V",4,2,6,-11,3,0
"V",4,2,6,-12,1,0
"V",4,2,6,-15,1,0
"V",4,2,6,-18,1,0
"V",4,2,6,-2,356,76
"V",4,2,6,-3,199,30
"V",4,2,6,-4,125,13
"V",4,2,6,-5,65,3
"V",4,2,6,-6,37,1
"V",4,2,6,-7,15,0
"V",4,2,6,-8,3,0
"V",4,2,6,-9,3,0
"V",4,2,6,0,847,403
"V",4,2,6,1,698,414
"V",4,2,6,10,7,7
"V",4,2,6,11,8,8
"V",4,2,6,12,2,2
"V",4,2,6,13,1,1
"V",4,2,6,15,2,2
"V",4,2,6,2,502,373
"V",4,2,6,3,369,307
"V",4,2,6,4,227,204
"V",4,2,6,5,196,181
"V",4,2,6,6,110,107
"V",4,2,6,7,51,50
"V",4,2,6,8,31,30
"V",4,2,6,9,11,11
"V",4,2,7,-1,361,131
"V",4,2,7,-10,3,0
"V",4,2,7,-11,1,1
"V",4,2,7,-13,1,0
"V",4,2,7,-2,223,50
"V",4,2,7,-3,125,22
"V",4,2,7,-4,90,13
"V",4,2,7,-5,60,7
"V",4,2,7,-6,27,3
"V",4,2,7,-7,13,0
"V",4,2,7,-8,7,1
"V",4,2,7,-9,1,0
"V",4,2,7,0,540,244
"V",4,2,7,1,526,329
"V",4,2,7,10,7,7
"V",4,2,7,11,4,4
"V",4,2,7,12,3,3
"V",4,2,7,2,358,270
"V",4,2,7,3,258,204
"V",4,2,7,4,176,152
"V",4,2,7,5,105,101
"V",4,2,7,6,65,62
"V",4,2,7,7,36,34
"V",4,2,7,8,12,12
"V",4,2,7,9,7,7
"V",4,2,8,-1,338,127
"V",4,2,8,-10,3,0
"V",4,2,8,-11,1,0
"V",4,2,8,-12,1,0
"V",4,2,8,-2,227,48
"V",4,2,8,-3,140,23
"V",4,2,8,-4,99,11
"V",4,2,8,-5,38,4
"V",4,2,8,-6,23,0
"V",4,2,8,-7,16,0
"V",4,2,8,-8,3,0
"V",4,2,8,-9,2,0
"V",4,2,8,0,508,250
"V",4,2,8,1,495,315
"V",4,2,8,10,5,5
"V",4,2,8,11,3,3
"V",4,2,8,12,1,1
"V",4,2,8,13,1,1
"V",4,2,8,2,361,260
"V",4,2,8,3,238,194
"V",4,2,8,4,168,145
"V",4,2,8,5,107,99
"V",4,2,8,6,70,69
"V",4,2,8,7,38,37
"V",4,2,8,8,18,17
"V",4,2,8,9,14,13
"V",5,0,1,-1,10334,3353
"V",5,0,1,-10,126,1
"V",5,0,1,-11,73,1
"V",5,0,1,-12,39,0
"V",5,0,1,-13,16,0
"V",5,0,1,-14,13,0
"V",5,0,1,-15,3,0
"V",5,0,1,-16,1,0
"V",5,0,1,-17,6,0
"V",5,0,1,-18,2,0
"V",5,0,1,-19,1,0
"V",5,0,1,-2,7748,1569
"V",5,0,1,-3,5131,660
"V",5,0,1,-4,3194,227
"V",5,0,1,-5,1917,77
"V",5,0,1,-6,1174,35
"V",5,0,1,-7,714,10
"V",5,0,1,-8,381,5
"V",5,0,1,-9,244,1
"V",5,0,1,0,13694,6396
"V",5,0,1,1,9692,6130
"V",5,0,1,10,77,77
"V",5,0,1,11,47,47
"V",5,0,1,12,26,26
"V",5,0,1,13,15,15
"V",5,0,1,14,4,4
"V",5,0,1,15,3,3
"V",5,0,1,16,1,1
"V",5,0,1,18,1,1
"V",5,0,1,2,6615,4957
"V",5,0,1,3,4291,3614
"V",5,0,1,4,2623,2374
"V",5,0,1,5,1610,1521
"V",5,0,1,6,935,902
"V",5,0,1,7,508,497
"V",5,0,1,8,274,270
"V",5,0,1,9,159,158
"V",5,0,2,-1,2693,1050
"V",5,0,2,-10,35,0
"V",5,0,2,-11,20,0
"V",5,0,2,-12,9,0
"V",5,0,2,-13,2,0
"V",5,0,2,-14,3,0
"V",5,0,2,-15,2,0
"V",5,0,2,-16,1,0
"V",5,0,2,-17,1,0
"V",5,0,2,-19,1,0
"V",5,0,2,-2,2038,525
"V",5,0,2,-3,1345,237
"V",5,0,2,-4,807,68
"V",5,0,2,-5,531,29
"V",5,0,2,-6,327,10
"V",5,0,2,-7,165,3
"V",5,0,2,-8,107,4
"V",5,0,2,-9,67,1
"V",5,0,2,0,3565,1858
"V",5,0,2,1,2380,1577
"V",5,0,2,10,25,25
"V",5,0,2,11,17,17
"V",5,0,2,12,8,8
"V",5,0,2,13,7,7
"V",5,0,2,14,2,2
"V",5,0,2,15,1,1
"V",5,0,2,2,1772,1386
"V",5,0,2,3,1228,1058
"V",5,0,2,4,806,746
"V",5,0,2,5,468,446
"V",5,0,2,6,286,273
"V",5,0,2,7,161,159
"V",5,0,2,8,71,70
"V",5,0,2,9,40,40
"V",5,0,3,-1,553,225
"V",5,0,3,-10,8,0
"V",5,0,3,-11,5,0
"V",5,0,3,-12,3,0
"V",5,0,3,-18,1,0
"V",5,0,3,-2,403,109
"V",5,0,3,-3,265,56
"V",5,0,3,-4,177,20
"V",5,0,3,-5,94,6
"V",5,0,3,-6,54,3
"V",5,0,3,-7,33,0
"V",5,0,3,-8,25,1
"V",5,0,3,-9,20,0
"V",5,0,3,0,831,459
"V",5,0,3,1,564,419
"V",5,0,3,10,6,6
"V",5,0,3,11,7,7
"V",5,0,3,12,1,1
"V",5,0,3,13,1,1
"V",5,0,3,16,1,1
"V",5,0,3,2,457,371
"V",5,0,3,3,305,267
"V",5,0,3,4,218,207
"V",5,0,3,5,135,130
"V",5,0,3,6,77,75
"V",5,0,3,7,52,52
"V",5,0,3,8,29,29
"V",5,0,3,9,15,15
"V",5,0,4,-1,522,266
"V",5,0,4,-10,6,0
"V",5,0,4,-11,3,0
"V",5,0,4,-12,3,0
"V",5,0,4,-14,1,0
"V",5,0,4,-15,1,0
"V",5,0,4,-16,1,0
"V",5,0,4,-19,1,0
"V",5,0,4,-2,523,177
"V",5,0,4,-3,345,79
"V",5,0,4,-4,225,30
"V",5,0,4,-5,130,15
"V",5,0,4,-6,85,2
"V",5,0,4,-7,39,2
"V",5,0,4,-8,30,2
"V",5,0,4,-9,20,0
"V",5,0,4,0,690,406
"V",5,0,4,1,466,339
"V",5,0,4,10,7,7
"V",5,0,4,11,5,5
"V",5,0,4,12,3,3
"V",5,0,4,13,1,1
"V",5,0,4,2,385,314
"V",5,0,4,3,283,248
"V",5,0,4,4,169,159
"V",5,0,4,5,118,113
"V",5,0,4,6,71,69
"V",5,0,4,7,50,48
"V",5,0,4,8,25,25
"V",5,0,4,9,15,15
"V",5,0,5,-1,124,55
"V",5,0,5,-13,2,0
"V",5,0,5,-2,92,28
"V",5,0,5,-3,61,12
"V",5,0,5,-4,35,8
"V",5,0,5,-5,25,3
"V",5,0,5,-6,11,0
"V",5,0,5,-7,8,2
"V",5,0,5,-8,7,0
"V",5,0,5,-9,4,0
"V",5,0,5,0,201,124
"V",5,0,5,1,168,115
"V",5,0,5,10,3,3
"V",5,0,5,11,1,1
"V",5,0,5,12,1,1
"V",5,0,5,15,1,1
"V",5,0,5,2,133,111
"V",5,0,5,3,104,88
"V",5,0,5,4,82,76
"V",5,0,5,5,33,32
"V",5,0,5,6,27,26
"V",5,0,5,7,11,11
"V",5,0,5,8,11,10
"V",5,0,5,9,3,3
"V",5,0,6,-1,205,104
"V",5,0,6,-10,3,0
"V",5,0,6,-11,2,0
"V",5,0,6,-2,165,60
"V",5,0,6,-3,100,22
"V",5,0,6,-4,66,10
"V",5,0,6,-5,37,1
"V",5,0,6,-6,26,3
"V",5,0,6,-7,4,1
"V",5,0,6,-8,9,0
"V",5,0,6,-9,3,0
"V",5,0,6,0,293,189
"V",5,0,6,1,224,185
"V",5,0,6,10,5,5
"V",5,0,6,11,4,4
"V",5,0,6,12,1,1
"V",5,0,6,2,194,168
"V",5,0,6,3,146,131
"V",5,0,6,4,102,94
"V",5,0,6,5,59,58
"V",5,0,6,6,28,27
"V",5,0,6,7,21,21
"V",5,0,6,8,15,14
"V",5,0,6,9,5,5
"V",5,0,7,-1,121,67
"V",5,0,7,-10,1,0
"V",5,0,7,-2,105,38
"V",5,0,7,-3,57,17
"V",5,0,7,-4,37,4
"V",5,0,7,-5,19,4
"V",5,0,7,-6,16,0
"V",5,0,7,-7,7,0
"V",5,0,7,-8,2,0
"V",5,0,7,-9,5,0
"V",5,0,7,0,147,102
"V",5,0,7,1,113,88
"V",5,0,7,10,5,5
"V",5,0,7,2,84,77
"V",5,0,7,3,90,88
"V",5,0,7,4,55,53
"V",5,0,7,5,32,28
"V",5,0,7,6,15,15
"V",5,0,7,7,15,15
"V",5,0,7,8,6,6
"V",5,0,7,9,7,7
"V",5,0,8,-1,121,75
"V",5,0,8,-10,2,0
"V",5,0,8,-15,1,0
"V",5,0,8,-2,111,48
"V",5,0,8,-3,69,21
"V",5,0,8,-4,57,10
"V",5,0,8,-5,27,3
"V",5,0,8,-6,13,1
"V",5,0,8,-7,5,0
"V",5,0,8,-8,8,0
"V",5,0,8,-9,1,0
"V",5,0,8,0,166,112
"V",5,0,8,1,121,108
"V",5,0,8,10,4,4
"V",5,0,8,11,1,1
"V",5,0,8,12,2,2
"V",5,0,8,13,1,1
"V",5,0,8,14,1,1
"V",5,0,8,2,104,90
"V",5,0,8,3,79,75
"V",5,0,8,4,51,46
"V",5,0,8,5,33,32
"V",5,0,8,6,14,14
"V",5,0,8,7,18,18
"V",5,0,8,8,9,9
"V",5,0,8,9,7,7
"V",5,1,1,-1,7251,2111
"V",5,1,1,-10,80,1
"V",5,1,1,-11,50,0
"V",5,1,1,-12,26,0
"V",5,1,1,-13,12,0
"V",5,1,1,-14,10,0
"V",5,1,1,-15,1,0
"V",5,1,1,-17,5,0
"V",5,1,1,-18,1,0
"V",5,1,1,-2,5356,934
"V",5,1,1,-3,3541,366
"V",5,1,1,-4,2210,123
"V",5,1,1,-5,1279,40
"V",5,1,1,-6,792,21
"V",5,1,1,-7,518,6
"V",5,1,1,-8,250,1
"V",5,1,1,-9,157,0
"V",5,1,1,0,9530,4174
"V",5,1,1,1,7064,4314
"V",5,1,1,10,61,61
"V",5,1,1,11,36,36
"V",5,1,1,12,18,18
"V",5,1,1,13,12,12
"V",5,1,1,14,6,6
"V",5,1,1,15,2,2
"V",5,1,1,16,1,1
"V",5,1,1,18,2,2
"V",5,1,1,2,4785,3497
"V",5,1,1,3,3067,2540
"V",5,1,1,4,1877,1678
"V",5,1,1,5,1218,1144
"V",5,1,1,6,709,686
"V",5,1,1,7,371,361
"V",5,1,1,8,209,206
"V",5,1,1,9,127,126
"V",5,1,2,-1,2992,988
"V",5,1,2,-10,33,1
"V",5,1,2,-11,30,0
"V",5,1,2,-12,7,0
"V",5,1,2,-13,5,0
"V",5,1,2,-14,4,0
"V",5,1,2,-17,3,0
"V",5,1,2,-2,2316,486
"V",5,1,2,-3,1544,194
"V",5,1,2,-4,974,66
"V",5,1,2,-5,597,27
"V",5,1,2,-6,375,11
"V",5,1,2,-7,198,5
"V",5,1,2,-8,112,1
"V",5,1,2,-9,72,0
"V",5,1,2,0,3874,1853
"V",5,1,2,1,2980,1902
"V",5,1,2,10,33,33
"V",5,1,2,11,26,26
"V",5,1,2,12,13,13
"V",5,1,2,13,10,10
"V",5,1,2,14,5,5
"V",5,1,2,15,3,3
"V",5,1,2,2,2114,1580
"V",5,1,2,3,1530,1292
"V",5,1,2,4,1009,900
"V",5,1,2,5,602,572
"V",5,1,2,6,368,356
"V",5,1,2,7,199,194
"V",5,1,2,8,109,108
"V",5,1,2,9,69,68
"V",5,1,3,-1,1214,429
"V",5,1,3,-10,12,0
"V",5,1,3,-11,4,0
"V",5,1,3,-12,4,0
"V",5,1,3,-13,2,0
"V",5,1,3,-14,1,0
"V",5,1,3,-16,1,0
"V",5,1,3,-17,1,0
"V",5,1,3,-18,1,0
"V",5,1,3,-2,683,159
"V",5,1,3,-3,391,64
"V",5,1,3,-4,236,18
"V",5,1,3,-5,170,5
"V",5,1,3,-6,96,3
"V",5,1,3,-7,52,2
"V",5,1,3,-8,29,1
"V",5,1,3,-9,29,1
"V",5,1,3,0,1764,881
"V",5,1,3,1,1414,952
"V",5,1,3,10,21,21
"V",5,1,3,11,10,10
"V",5,1,3,12,3,3
"V",5,1,3,13,4,4
"V",5,1,3,14,3,3
"V",5,1,3,18,1,1
"V",5,1,3,2,1114,859
"V",5,1,3,3,735,623
"V",5,1,3,4,491,455
"V",5,1,3,5,320,306
"V",5,1,3,6,201,197
"V",5,1,3,7,124,122
"V",5,1,3,8,70,69
"V",5,1,3,9,40,40
"V",5,1,4,-1,903,373
"V",5,1,4,-10,17,1
"V",5,1,4,-11,9,0
"V",5,1,4,-12,6,0
"V",5,1,4,-13,3,0
"V",5,1,4,-14,2,0
"V",5,1,4,-16,1,0
"V",5,1,4,-17,2,0
"V",5,1,4,-2,731,190
"V",5,1,4,-3,528,94
"V",5,1,4,-4,321,26
"V",5,1,4,-5,223,13
"V",5,1,4,-6,137,4
"V",5,1,4,-7,78,4
"V",5,1,4,-8,47,1
"V",5,1,4,-9,25,0
"V",5,1,4,0,1132,594
"V",5,1,4,1,976,673
"V",5,1,4,10,18,18
"V",5,1,4,11,12,12
"V",5,1,4,12,4,4
"V",5,1,4,13,2,2
"V",5,1,4,14,1,1
"V",5,1,4,15,1,1
"V",5,1,4,2,782,624
"V",5,1,4,3,551,472
"V",5,1,4,4,337,300
"V",5,1,4,5,252,235
"V",5,1,4,6,162,159
"V",5,1,4,7,83,81
"V",5,1,4,8,46,46
"V",5,1,4,9,27,27
"V",5,1,5,-1,392,157
"V",5,1,5,-10,2,0
"V",5,1,5,-11,2,0
"V",5,1,5,-12,1,0
"V",5,1,5,-13,3,0
"V",5,1,5,-17,1,0
"V",5,1,5,-2,216,42
"V",5,1,5,-3,139,22
"V",5,1,5,-4,83,7
"V",5,1,5,-5,52,3
"V",5,1,5,-6,20,1
"V",5,1,5,-7,14,1
"V",5,1,5,-8,8,0
"V",5,1,5,-9,6,0
"V",5,1,5,0,615,349
"V",5,1,5,1,484,321
"V",5,1,5,10,12,12
"V",5,1,5,11,4,4
"V",5,1,5,14,2,2
"V",5,1,5,15,1,1
"V",5,1,5,16,1,1
"V",5,1,5,2,416,338
"V",5,1,5,3,334,282
"V",5,1,5,4,217,202
"V",5,1,5,5,139,137
"V",5,1,5,6,91,83
"V",5,1,5,7,47,47
"V",5,1,5,8,26,26
"V",5,1,5,9,11,11
"V",5,1,6,-1,442,201
"V",5,1,6,-10,3,0
"V",5,1,6,-11,1,0
"V",5,1,6,-12,1,0
"V",5,1,6,-19,1,0
"V",5,1,6,-2,297,93
"V",5,1,6,-3,210,43
"V",5,1,6,-4,134,15
"V",5,1,6,-5,81,3
"V",5,1,6,-6,47,2
"V",5,1,6,-7,25,1
"V",5,1,6,-8,20,2
"V",5,1,6,-9,8,0
"V",5,1,6,0,581,340
"V",5,1,6,1,507,370
"V",5,1,6,10,9,9
"V",5,1,6,11,11,11
"V",5,1,6,12,5,5
"V",5,1,6,13,2,2
"V",5,1,6,18,1,1
"V",5,1,6,2,458,373
"V",5,1,6,3,322,277
"V",5,1,6,4,224,209
"V",5,1,6,5,152,150
"V",5,1,6,6,85,82
"V",5,1,6,7,41,40
"V",5,1,6,8,31,31
"V",5,1,6,9,17,17
"V",5,1,7,-1,328,168
"V",5,1,7,-10,2,0
"V",5,1,7,-11,2,0
"V",5,1,7,-14,1,0
"V",5,1,7,-2,279,91
"V",5,1,7,-3,136,36
"V",5,1,7,-4,79,8
"V",5,1,7,-5,54,9
"V",5,1,7,-6,39,0
"V",5,1,7,-7,21,1
"V",5,1,7,-8,8,0
"V",5,1,7,-9,11,0
"V",5,1,7,0,479,303
"V",5,1,7,1,438,320
"V",5,1,7,10,7,7
"V",5,1,7,11,8,8
"V",5,1,7,12,6,6
"V",5,1,7,13,1,1
"V",5,1,7,2,330,275
"V",5,1,7,3,303,269
"V",5,1,7,4,158,145
"V",5,1,7,5,130,123
"V",5,1,7,6,69,65
"V",5,1,7,7,44,43
"V",5,1,7,8,24,23
"V",5,1,7,9,15,15
"V",5,1,8,-1,283,139
"V",5,1,8,-10,5,1
"V",5,1,8,-11,1,0
"V",5,1,8,-13,2,0
"V",5,1,8,-14,2,0
"V",5,1,8,-2,196,59
"V",5,1,8,-3,148,43
"V",5,1,8,-4,84,8
"V",5,1,8,-5,61,7
"V",5,1,8,-6,28,1
"V",5,1,8,-7,19,0
"V",5,1,8,-8,14,0
"V",5,1,8,-9,8,0
"V",5,1,8,0,389,244
"V",5,1,8,1,362,263
"V",5,1,8,10,8,8
"V",5,1,8,11,5,5
"V",5,1,8,12,3,3
"V",5,1,8,13,2,2
"V",5,1,8,14,2,2
"V",5,1,8,2,308,256
"V",5,1,8,3,238,217
"V",5,1,8,4,145,133
"V",5,1,8,5,93,87
"V",5,1,8,6,61,60
"V",5,1,8,7,30,30
"V",5,1,8,8,19,19
"V",5,1,8,9,13,13
"V",5,2,1,-1,5615,1498
"V",5,2,1,-10,64,0
"V",5,2,1,-11,34,0
"V",5,2,1,-12,23,0
"V",5,2,1,-13,6,0
"V",5,2,1,-14,8,0
"V",5,2,1,-15,2,0
"V",5,2,1,-16,1,0
"V",5,2,1,-17,2,0
"V",5,2,1,-18,1,0
"V",5,2,1,-2,4128,645
"V",5,2,1,-3,2738,270
"V",5,2,1,-4,1664,80
"V",5,2,1,-5,958,26
"V",5,2,1,-6,583,15
"V",5,2,1,-7,408,1
"V",5,2,1,-8,200,0
"V",5,2,1,-9,113,0
"V",5,2,1,0,7420,3107
"V",5,2,1,1,5602,3326
"V",5,2,1,10,63,62
"V",5,2,1,11,40,40
"V",5,2,1,12,16,16
"V",5,2,1,13,16,16
"V",5,2,1,14,6,6
"V",5,2,1,15,6,6
"V",5,2,1,16,2,2
"V",5,2,1,17,1,1
"V",5,2,1,18,1,1
"V",5,2,1,2,3770,2716
"V",5,2,1,3,2516,2058
"V",5,2,1,4,1622,1441
"V",5,2,1,5,1126,1047
"V",5,2,1,6,639,617
"V",5,2,1,7,360,350
"V",5,2,1,8,203,199
"V",5,2,1,9,110,109
"V",5,2,2,-1,2951,838
"V",5,2,2,-10,32,0
"V",5,2,2,-11,26,0
"V",5,2,2,-12,17,0
"V",5,2,2,-13,2,0
"V",5,2,2,-14,6,0
"V",5,2,2,-2,2254,392
"V",5,2,2,-3,1508,170
"V",5,2,2,-4,978,47
"V",5,2,2,-5,542,21
"V",5,2,2,-6,350,11
"V",5,2,2,-7,204,0
"V",5,2,2,-8,112,1
"V",5,2,2,-9,65,0
"V",5,2,2,0,3719,1630
"V",5,2,2,1,3118,1879
"V",5,2,2,10,45,44
"V",5,2,2,11,38,38
"V",5,2,2,12,17,17
"V",5,2,2,13,13,13
"V",5,2,2,14,7,7
"V",5,2,2,15,4,4
"V",5,2,2,16,4,4
"V",5,2,2,18,1,1
"V",5,2,2,2,2271,1639
"V",5,2,2,3,1634,1357
"V",5,2,2,4,1159,1022
"V",5,2,2,5,730,684
"V",5,2,2,6,450,429
"V",5,2,2,7,273,264
"V",5,2,2,8,147,146
"V",5,2,2,9,100,99
"V",5,2,3,-1,1420,433
"V",5,2,3,-10,13,0
"V",5,2,3,-11,8,0
"V",5,2,3,-12,3,0
"V",5,2,3,-13,3,0
"V",5,2,3,-14,2,0
"V",5,2,3,-16,2,0
"V",5,2,3,-17,1,0
"V",5,2,3,-18,1,0
"V",5,2,3,-2,874,178
"V",5,2,3,-3,468,52
"V",5,2,3,-4,304,20
"V",5,2,3,-5,175,6
"V",5,2,3,-6,108,3
"V",5,2,3,-7,62,3
"V",5,2,3,-8,29,1
"V",5,2,3,-9,27,0
"V",5,2,3,0,2001,907
"V",5,2,3,1,1780,1106
"V",5,2,3,10,25,25
"V",5,2,3,11,24,24
"V",5,2,3,12,12,12
"V",5,2,3,13,8,8
"V",5,2,3,14,3,3
"V",5,2,3,15,5,5
"V",5,2,3,17,2,2
"V",5,2,3,19,1,1
"V",5,2,3,2,1300,967
"V",5,2,3,3,961,793
"V",5,2,3,4,711,635
"V",5,2,3,5,503,469
"V",5,2,3,6,297,292
"V",5,2,3,7,186,181
"V",5,2,3,8,111,110
"V",5,2,3,9,52,50
"V",5,2,4,-1,1172,390
"V",5,2,4,-10,15,0
"V",5,2,4,-11,7,0
"V",5,2,4,-12,7,0
"V",5,2,4,-13,2,0
"V",5,2,4,-17,1,0
"V",5,2,4,-2,879,174
"V",5,2,4,-3,586,65
"V",5,2,4,-4,415,30
"V",5,2,4,-5,220,7
"V",5,2,4,-6,148,7
"V",5,2,4,-7,89,1
"V",5,2,4,-8,38,0
"V",5,2,4,-9,24,0
"V",5,2,4,0,1447,679
"V",5,2,4,1,1286,825
"V",5,2,4,10,22,22
"V",5,2,4,11,15,15
"V",5,2,4,12,10,10
"V",5,2,4,13,8,8
"V",5,2,4,14,2,2
"V",5,2,4,15,1,1
"V",5,2,4,16,3,3
"V",5,2,4,17,1,1
"V",5,2,4,18,1,1
"V",5,2,4,2,1021,746
"V",5,2,4,3,769,638
"V",5,2,4,4,566,501
"V",5,2,4,5,358,336
"V",5,2,4,6,216,206
"V",5,2,4,7,115,111
"V",5,2,4,8,88,88
"V",5,2,4,9,51,51
"V",5,2,5,-1,583,200
"V",5,2,5,-10,6,0
"V",5,2,5,-11,4,0
"V",5,2,5,-12,2,0
"V",5,2,5,-13,3,0
"V",5,2,5,-2,319,52
"V",5,2,5,-3,195,16
"V",5,2,5,-4,136,14
"V",5,2,5,-5,95,3
"V",5,2,5,-6,32,0
"V",5,2,5,-7,24,0
"V",5,2,5,-8,15,0
"V",5,2,5,-9,10,1
"V",5,2,5,0,789,374
"V",5,2,5,1,699,433
"V",5,2,5,10,14,14
"V",5,2,5,11,9,9
"V",5,2,5,12,5,5
"V",5,2,5,13,2,2
"V",5,2,5,14,1,1
"V",5,2,5,16,1,1
"V",5,2,5,2,599,453
"V",5,2,5,3,472,384
"V",5,2,5,4,318,293
"V",5,2,5,5,183,176
"V",5,2,5,6,123,116
"V",5,2,5,7,84,81
"V",5,2,5,8,40,40
"V",5,2,5,9,17,17
"V",5,2,6,-1,514,168
"V",5,2,6,-10,3,0
"V",5,2,6,-11,3,0
"V",5,2,6,-12,2,0
"V",5,2,6,-2,373,94
"V",5,2,6,-3,268,39
"V",5,2,6,-4,163,8
"V",5,2,6,-5,93,4
"V",5,2,6,-6,48,0
"V",5,2,6,-7,32,2
"V",5,2,6,-8,16,0
"V",5,2,6,-9,6,0
"V",5,2,6,0,679,348
"V",5,2,6,1,627,394
"V",5,2,6,10,17,17
"V",5,2,6,11,13,13
"V",5,2,6,12,4,4
"V",5,2,6,13,1,1
"V",5,2,6,14,1,1
"V",5,2,6,15,2,2
"V",5,2,6,2,540,420
"V",5,2,6,3,396,327
"V",5,2,6,4,293,267
"V",5,2,6,5,186,172
"V",5,2,6,6,121,117
"V",5,2,6,7,73,70
"V",5,2,6,8,35,34
"V",5,2,6,9,23,22
"V",5,2,7,-1,322,120
"V",5,2,7,-10,6,0
"V",5,2,7,-11,2,0
"V",5,2,7,-13,1,0
"V",5,2,7,-2,248,64
"V",5,2,7,-3,165,29
"V",5,2,7,-4,83,9
"V",5,2,7,-5,57,0
"V",5,2,7,-6,47,2
"V",5,2,7,-7,23,1
"V",5,2,7,-8,18,1
"V",5,2,7,-9,8,0
"V",5,2,7,0,440,221
"V",5,2,7,1,422,285
"V",5,2,7,10,8,8
"V",5,2,7,11,4,4
"V",5,2,7,12,2,2
"V",5,2,7,13,2,2
"V",5,2,7,15,1,1
"V",5,2,7,2,342,258
"V",5,2,7,3,292,247
"V",5,2,7,4,183,171
"V",5,2,7,5,112,105
"V",5,2,7,6,78,75
"V",5,2,7,7,42,40
"V",5,2,7,8,32,32
"V",5,2,7,9,22,22
"V",5,2,8,-1,320,97
"V",5,2,8,-10,7,0
"V",5,2,8,-11,2,0
"V",5,2,8,-12,1,0
"V",5,2,8,-13,1,0
"V",5,2,8,-2,260,60
"V",5,2,8,-3,159,23
"V",5,2,8,-4,106,10
"V",5,2,8,-5,56,1
"V",5,2,8,-6,40,4
"V",5,2,8,-7,31,0
"V",5,2,8,-8,13,0
"V",5,2,8,-9,5,0
"V",5,2,8,0,454,230
"V",5,2,8,1,417,277
"V",5,2,8,10,12,12
"V",5,2,8,11,5,5
"V",5,2,8,13,2,2
"V",5,2,8,14,1,1
"V",5,2,8,2,344,260
"V",5,2,8,3,261,222
"V",5,2,8,4,182,171
"V",5,2,8,5,116,109
"V",5,2,8,6,70,68
"V",5,2,8,7,34,34
"V",5,2,8,8,31,31
"V",5,2,8,9,15,15
"V",6,0,1,-1,9413,2835
"V",6,0,1,-10,207,0
"V",6,0,1,-11,118,0
"V",6,0,1,-12,85,0
"V",6,0,1,-13,29,0
"V",6,0,1,-14,22,0
"V",6,0,1,-15,15,0
"V",6,0,1,-16,5,0
"V",6,0,1,-17,7,0
"V",6,0,1,-18,2,0
"V",6,0,1,-19,2,0
"V",6,0,1,-2,7289,1337
"V",6,0,1,-3,5451,662
"V",6,0,1,-4,3759,217
"V",6,0,1,-5,2435,91
"V",6,0,1,-6,1635,25
"V",6,0,1,-7,1061,18
"V",6,0,1,-8,584,4
"V",6,0,1,-9,338,2
"V",6,0,1,0,11346,5311
"V",6,0,1,1,8906,5799
"V",6,0,1,10,126,125
"V",6,0,1,11,89,89
"V",6,0,1,12,52,52
"V",6,0,1,13,27,27
"V",6,0,1,14,17,17
"V",6,0,1,15,8,8
"V",6,0,1,16,4,4
"V",6,0,1,17,3,3
"V",6,0,1,18,1,1
"V",6,0,1,19,1,1
"V",6,0,1,2,6437,4978
"V",6,0,1,20,1,1
"V",6,0,1,3,4577,3963
"V",6,0,1,4,3076,2850
"V",6,0,1,5,2129,2034
"V",6,0,1,6,1228,1198
"V",6,0,1,7,715,706
"V",6,0,1,8,417,415
"V",6,0,1,9,208,208
"V",6,0,2,-1,2506,891
"V",6,0,2,-10,57,0
"V",6,0,2,-11,29,0
"V",6,0,2,-12,20,0
"V",6,0,2,-13,8,0
"V",6,0,2,-14,8,0
"V",6,0,2,-15,3,0
"V",6,0,2,-16,2,0
"V",6,0,2,-17,3,0
"V",6,0,2,-19,1,0
"V",6,0,2,-2,1988,465
"V",6,0,2,-3,1513,247
"V",6,0,2,-4,1039,87
"V",6,0,2,-5,679,38
"V",6,0,2,-6,445,11
"V",6,0,2,-7,289,5
"V",6,0,2,-8,147,3
"V",6,0,2,-9,70,0
"V",6,0,2,0,3003,1581
"V",6,0,2,1,2453,1695
"V",6,0,2,10,41,40
"V",6,0,2,11,30,30
"V",6,0,2,12,16,16
"V",6,0,2,13,9,9
"V",6,0,2,14,9,9
"V",6,0,2,15,3,3
"V",6,0,2,17,3,3
"V",6,0,2,18,1,1
"V",6,0,2,19,1,1
"V",6,0,2,2,1832,1456
"V",6,0,2,3,1269,1106
"V",6,0,2,4,845,784
"V",6,0,2,5,617,586
"V",6,0,2,6,365,357
"V",6,0,2,7,210,208
"V",6,0,2,8,123,123
"V",6,0,2,9,70,70
"V",6,0,3,-1,578,253
"V",6,0,3,-10,15,0
"V",6,0,3,-11,6,0
"V",6,0,3,-12,5,0
"V",6,0,3,-13,1,0
"V",6,0,3,-15,1,0
"V",6,0,3,-16,1,0
"V",6,0,3,-2,378,102
"V",6,0,3,-3,292,49
"V",6,0,3,-4,211,17
"V",6,0,3,-5,136,10
"V",6,0,3,-6,91,4
"V",6,0,3,-7,53,3
"V",6,0,3,-8,51,0
"V",6,0,3,-9,19,0
"V",6,0,3,0,666,358
"V",6,0,3,1,584,439
"V",6,0,3,10,12,12
"V",6,0,3,11,11,11
"V",6,0,3,12,3,3
"V",6,0,3,13,5,5
"V",6,0,3,15,2,2
"V",6,0,3,16,1,1
"V",6,0,3,2,477,380
"V",6,0,3,3,328,283
"V",6,0,3,4,224,210
"V",6,0,3,5,172,165
"V",6,0,3,6,90,87
"V",6,0,3,7,53,52
"V",6,0,3,8,32,32
"V",6,0,3,9,23,23
"V",6,0,4,-1,503,231
"V",6,0,4,-10,17,0
"V",6,0,4,-11,9,0
"V",6,0,4,-12,7,0
"V",6,0,4,-14,3,0
"V",6,0,4,-17,2,0
"V",6,0,4,-19,1,0
"V",6,0,4,-2,489,163
"V",6,0,4,-3,374,104
"V",6,0,4,-4,266,36
"V",6,0,4,-5,185,10
"V",6,0,4,-6,107,3
"V",6,0,4,-7,69,3
"V",6,0,4,-8,40,1
"V",6,0,4,-9,25,0
"V",6,0,4,0,551,315
"V",6,0,4,1,470,352
"V",6,0,4,10,10,9
"V",6,0,4,11,11,11
"V",6,0,4,12,6,6
"V",6,0,4,13,3,3
"V",6,0,4,14,2,2
"V",6,0,4,15,3,3
"V",6,0,4,17,2,2
"V",6,0,4,19,1,1
"V",6,0,4,2,374,308
"V",6,0,4,3,241,215
"V",6,0,4,4,158,151
"V",6,0,4,5,130,126
"V",6,0,4,6,83,79
"V",6,0,4,7,59,59
"V",6,0,4,8,32,31
"V",6,0,4,9,24,24
"V",6,0,5,-1,158,76
"V",6,0,5,-10,5,0
"V",6,0,5,-11,1,0
"V",6,0,5,-2,106,33
"V",6,0,5,-3,63,14
"V",6,0,5,-4,48,2
"V",6,0,5,-5,24,2
"V",6,0,5,-6,21,1
"V",6,0,5,-7,9,0
"V",6,0,5,-8,12,1
"V",6,0,5,-9,9,1
"V",6,0,5,0,164,102
"V",6,0,5,1,158,122
"V",6,0,5,10,2,1
"V",6,0,5,11,2,2
"V",6,0,5,13,1,1
"V",6,0,5,16,1,1
"V",6,0,5,2,122,94
"V",6,0,5,3,91,83
"V",6,0,5,4,69,65
"V",6,0,5,5,38,37
"V",6,0,5,6,33,32
"V",6,0,5,7,16,16
"V",6,0,5,8,15,14
"V",6,0,5,9,6,6
"V",6,0,6,-1,236,112
"V",6,0,6,-10,11,0
"V",6,0,6,-11,2,0
"V",6,0,6,-13,1,0
"V",6,0,6,-2,175,67
"V",6,0,6,-3,125,27
"V",6,0,6,-4,81,8
"V",6,0,6,-5,47,7
"V",6,0,6,-6,37,1
"V",6,0,6,-7,16,0
"V",6,0,6,-8,10,1
"V",6,0,6,-9,8,0
"V",6,0,6,0,238,158
"V",6,0,6,1,214,167
"V",6,0,6,10,9,9
"V",6,0,6,11,4,4
"V",6,0,6,12,3,3
"V",6,0,6,13,1,1
"V",6,0,6,15,1,1
"V",6,0,6,2,186,157
"V",6,0,6,3,132,123
"V",6,0,6,4,83,77
"V",6,0,6,5,59,56
"V",6,0,6,6,39,37
"V",6,0,6,7,32,31
"V",6,0,6,8,20,20
"V",6,0,6,9,17,17
"V",6,0,7,-1,133,78
"V",6,0,7,-10,3,0
"V",6,0,7,-14,1,0
"V",6,0,7,-2,92,30
"V",6,0,7,-3,76,17
"V",6,0,7,-4,49,12
"V",6,0,7,-5,31,8
"V",6,0,7,-6,16,2
"V",6,0,7,-7,13,0
"V",6,0,7,-8,11,0
"V",6,0,7,-9,7,0
"V",6,0,7,0,160,112
"V",6,0,7,1,142,116
"V",6,0,7,10,8,7
"V",6,0,7,11,1,1
"V",6,0,7,12,2,2
"V",6,0,7,14,1,1
"V",6,0,7,2,98,86
"V",6,0,7,3,65,62
"V",6,0,7,4,49,46
"V",6,0,7,5,31,31
"V",6,0,7,6,27,27
"V",6,0,7,7,23,23
"V",6,0,7,8,14,14
"V",6,0,7,9,11,11
"V",6,0,8,-1,111,62
"V",6,0,8,-10,3,0
"V",6,0,8,-11,2,0
"V",6,0,8,-2,104,37
"V",6,0,8,-3,87,29
"V",6,0,8,-4,60,10
"V",6,0,8,-5,37,2
"V",6,0,8,-6,23,2
"V",6,0,8,-7,16,0
"V",6,0,8,-8,9,1
"V",6,0,8,-9,2,0
"V",6,0,8,0,161,107
"V",6,0,8,1,148,127
"V",6,0,8,10,3,3
"V",6,0,8,11,1,1
"V",6,0,8,12,2,2
"V",6,0,8,13,2,2
"V",6,0,8,14,1,1
"V",6,0,8,15,3,3
"V",6,0,8,16,1,1
"V",6,0,8,2,101,92
"V",6,0,8,3,54,50
"V",6,0,8,4,46,44
"V",6,0,8,5,32,32
"V",6,0,8,6,23,22
"V",6,0,8,7,17,17
"V",6,0,8,8,14,13
"V",6,0,8,9,7,7
"V",6,1,1,-1,6561,1742
"V",6,1,1,-10,136,0
"V",6,1,1,-11,85,0
"V",6,1,1,-12,58,0
"V",6,1,1,-13,22,0
"V",6,1,1,-14,14,0
"V",6,1,1,-15,12,0
"V",6,1,1,-16,3,0
"V",6,1,1,-17,4,0
"V",6,1,1,-18,2,0
"V",6,1,1,-19,1,0
"V",6,1,1,-2,4999,764
"V",6,1,1,-3,3687,350
"V",6,1,1,-4,2525,116
"V",6,1,1,-5,1649,44
"V",6,1,1,-6,1089,9
"V",6,1,1,-7,736,10
"V",6,1,1,-8,400,1
"V",6,1,1,-9,246,1
"V",6,1,1,0,7957,3479
"V",6,1,1,1,6256,3914
"V",6,1,1,10,87,87
"V",6,1,1,11,63,63
"V",6,1,1,12,45,45
"V",6,1,1,13,16,16
"V",6,1,1,14,10,10
"V",6,1,1,15,7,7
"V",6,1,1,16,6,6
"V",6,1,1,17,1,1
"V",6,1,1,2,4523,3453
"V",6,1,1,20,1,1
"V",6,1,1,21,1,1
"V",6,1,1,3,3292,2822
"V",6,1,1,4,2214,2043
"V",6,1,1,5,1539,1468
"V",6,1,1,6,881,860
"V",6,1,1,7,516,508
"V",6,1,1,8,315,313
"V",6,1,1,9,151,151
"V",6,1,2,-1,2774,854
"V",6,1,2,-10,67,0
"V",6,1,2,-11,29,0
"V",6,1,2,-12,28,0
"V",6,1,2,-13,12,0
"V",6,1,2,-14,6,0
"V",6,1,2,-15,4,0
"V",6,1,2,-16,1,0
"V",6,1,2,-17,3,0
"V",6,1,2,-19,1,0
"V",6,1,2,-2,2310,449
"V",6,1,2,-3,1811,236
"V",6,1,2,-4,1188,71
"V",6,1,2,-5,795,28
"V",6,1,2,-6,522,9
"V",6,1,2,-7,348,6
"V",6,1,2,-8,174,2
"V",6,1,2,-9,96,0
"V",6,1,2,0,3327,1583
"V",6,1,2,1,2776,1824
"V",6,1,2,10,53,53
"V",6,1,2,11,40,39
"V",6,1,2,12,26,26
"V",6,1,2,13,12,12
"V",6,1,2,14,9,9
"V",6,1,2,15,5,5
"V",6,1,2,16,2,2
"V",6,1,2,17,3,3
"V",6,1,2,2,2069,1603
"V",6,1,2,3,1518,1309
"V",6,1,2,4,1020,940
"V",6,1,2,5,766,727
"V",6,1,2,6,457,450
"V",6,1,2,7,276,273
"V",6,1,2,8,177,176
"V",6,1,2,9,90,90
"V",6,1,3,-1,1220,436
"V",6,1,3,-10,16,0
"V",6,1,3,-11,11,0
"V",6,1,3,-12,9,0
"V",6,1,3,-13,3,0
"V",6,1,3,-14,1,0
"V",6,1,3,-15,3,0
"V",6,1,3,-16,1,0
"V",6,1,3,-2,703,143
"V",6,1,3,-3,452,57
"V",6,1,3,-4,306,20
"V",6,1,3,-5,196,6
"V",6,1,3,-6,155,4
"V",6,1,3,-7,95,3
"V",6,1,3,-8,62,0
"V",6,1,3,-9,26,0
"V",6,1,3,0,1651,829
"V",6,1,3,1,1425,962
"V",6,1,3,10,37,37
"V",6,1,3,11,19,19
"V",6,1,3,12,9,9
"V",6,1,3,13,3,3
"V",6,1,3,14,3,3
"V",6,1,3,15,2,2
"V",6,1,3,16,2,2
"V",6,1,3,2,1144,911
"V",6,1,3,3,830,733
"V",6,1,3,4,579,535
"V",6,1,3,5,431,408
"V",6,1,3,6,242,239
"V",6,1,3,7,137,136
"V",6,1,3,8,88,88
"V",6,1,3,9,51,51
"V",6,1,4,-1,858,334
"V",6,1,4,-10,25,0
"V",6,1,4,-11,8,0
"V",6,1,4,-12,10,0
"V",6,1,4,-13,2,0
"V",6,1,4,-14,4,0
"V",6,1,4,-16,1,0
"V",6,1,4,-17,1,0
"V",6,1,4,-19,1,0
"V",6,1,4,-2,759,183
"V",6,1,4,-3,573,108
"V",6,1,4,-4,408,36
"V",6,1,4,-5,288,14
"V",6,1,4,-6,186,5
"V",6,1,4,-7,121,1
"V",6,1,4,-8,62,2
"V",6,1,4,-9,33,0
"V",6,1,4,0,1010,529
"V",6,1,4,1,964,668
"V",6,1,4,10,23,23
"V",6,1,4,11,9,8
"V",6,1,4,12,11,11
"V",6,1,4,13,6,6
"V",6,1,4,14,4,4
"V",6,1,4,15,3,3
"V",6,1,4,16,6,6
"V",6,1,4,17,1,1
"V",6,1,4,18,1,1
"V",6,1,4,19,1,1
"V",6,1,4,2,748,584
"V",6,1,4,3,554,491
"V",6,1,4,4,360,331
"V",6,1,4,5,267,259
"V",6,1,4,6,172,170
"V",6,1,4,7,121,120
"V",6,1,4,8,68,67
"V",6,1,4,9,48,48
"V",6,1,5,-1,403,165
"V",6,1,5,-10,5,0
"V",6,1,5,-11,2,0
"V",6,1,5,-12,2,0
"V",6,1,5,-15,2,0
"V",6,1,5,-2,234,57
"V",6,1,5,-3,166,27
"V",6,1,5,-4,96,13
"V",6,1,5,-5,62,5
"V",6,1,5,-6,33,1
"V",6,1,5,-7,25,0
"V",6,1,5,-8,16,0
"V",6,1,5,-9,7,0
"V",6,1,5,0,540,312
"V",6,1,5,1,496,364
"V",6,1,5,10,9,8
"V",6,1,5,11,19,19
"V",6,1,5,12,7,7
"V",6,1,5,13,5,5
"V",6,1,5,16,1,1
"V",6,1,5,2,444,353
"V",6,1,5,3,307,267
"V",6,1,5,4,236,218
"V",6,1,5,5,155,148
"V",6,1,5,6,120,118
"V",6,1,5,7,51,51
"V",6,1,5,8,24,23
"V",6,1,5,9,23,23
"V",6,1,6,-1,445,178
"V",6,1,6,-10,5,0
"V",6,1,6,-11,7,0
"V",6,1,6,-12,2,0
"V",6,1,6,-13,2,0
"V",6,1,6,-15,1,0
"V",6,1,6,-2,328,89
"V",6,1,6,-3,247,35
"V",6,1,6,-4,169,17
"V",6,1,6,-5,108,7
"V",6,1,6,-6,75,3
"V",6,1,6,-7,42,3
"V",6,1,6,-8,20,0
"V",6,1,6,-9,15,0
"V",6,1,6,0,542,316
"V",6,1,6,1,504,372
"V",6,1,6,10,15,15
"V",6,1,6,11,12,12
"V",6,1,6,12,5,5
"V",6,1,6,13,3,3
"V",6,1,6,14,3,3
"V",6,1,6,15,4,4
"V",6,1,6,16,1,1
"V",6,1,6,17,2,2
"V",6,1,6,2,419,344
"V",6,1,6,3,320,291
"V",6,1,6,4,212,198
"V",6,1,6,5,160,157
"V",6,1,6,6,105,104
"V",6,1,6,7,68,68
"V",6,1,6,8,41,41
"V",6,1,6,9,23,23
"V",6,1,7,-1,357,156
"V",6,1,7,-10,6,0
"V",6,1,7,-11,2,0
"V",6,1,7,-12,3,0
"V",6,1,7,-2,247,77
"V",6,1,7,-3,141,31
"V",6,1,7,-4,105,8
"V",6,1,7,-5,59,4
"V",6,1,7,-6,49,0
"V",6,1,7,-7,29,2
"V",6,1,7,-8,12,0
"V",6,1,7,-9,12,0
"V",6,1,7,0,413,248
"V",6,1,7,1,371,272
"V",6,1,7,10,13,12
"V",6,1,7,11,5,5
"V",6,1,7,12,1,1
"V",6,1,7,13,4,4
"V",6,1,7,14,2,2
"V",6,1,7,15,1,1
"V",6,1,7,2,310,263
"V",6,1,7,3,260,243
"V",6,1,7,4,169,160
"V",6,1,7,5,120,118
"V",6,1,7,6,90,88
"V",6,1,7,7,55,55
"V",6,1,7,8,36,36
"V",6,1,7,9,11,11
"V",6,1,8,-1,265,136
"V",6,1,8,-10,5,0
"V",6,1,8,-11,5,0
"V",6,1,8,-12,3,0
"V",6,1,8,-15,1,0
"V",6,1,8,-16,1,0
"V",6,1,8,-2,186,69
"V",6,1,8,-3,152,48
"V",6,1,8,-4,104,14
"V",6,1,8,-5,64,3
"V",6,1,8,-6,49,2
"V",6,1,8,-7,25,1
"V",6,1,8,-8,10,0
"V",6,1,8,-9,6,0
"V",6,1,8,0,376,236
"V",6,1,8,1,401,310
"V",6,1,8,10,9,9
"V",6,1,8,11,8,7
"V",6,1,8,12,2,2
"V",6,1,8,14,2,2
"V",6,1,8,16,2,2
"V",6,1,8,17,1,1
"V",6,1,8,18,1,1
"V",6,1,8,19,1,1
"V",6,1,8,2,259,216
"V",6,1,8,3,227,208
"V",6,1,8,4,150,142
"V",6,1,8,5,115,115
"V",6,1,8,6,56,55
"V",6,1,8,7,45,45
"V",6,1,8,8,21,21
"V",6,1,8,9,15,15
"V",6,2,1,-1,5046,1180
"V",6,2,1,-10,96,0
"V",6,2,1,-11,65,0
"V",6,2,1,-12,36,0
"V",6,2,1,-13,15,0
"V",6,2,1,-14,10,0
"V",6,2,1,-15,8,0
"V",6,2,1,-16,3,0
"V",6,2,1,-17,2,0
"V",6,2,1,-18,2,0
"V",6,2,1,-2,3761,480
"V",6,2,1,-3,2745,206
"V",6,2,1,-4,1884,74
"V",6,2,1,-5,1217,27
"V",6,2,1,-6,810,5
"V",6,2,1,-7,524,6
"V",6,2,1,-8,294,0
"V",6,2,1,-9,178,1
"V",6,2,1,0,6089,2504
"V",6,2,1,1,4888,2947
"V",6,2,1,10,81,81
"V",6,2,1,11,59,59
"V",6,2,1,12,46,46
"V",6,2,1,13,21,21
"V",6,2,1,14,8,8
"V",6,2,1,15,4,4
"V",6,2,1,16,3,3
"V",6,2,1,17,3,3
"V",6,2,1,18,1,1
"V",6,2,1,2,3647,2727
"V",6,2,1,21,1,1
"V",6,2,1,3,2731,2315
"V",6,2,1,4,1880,1722
"V",6,2,1,5,1278,1222
"V",6,2,1,6,777,752
"V",6,2,1,7,470,460
"V",6,2,1,8,285,284
"V",6,2,1,9,151,151
"V",6,2,2,-1,2628,658
"V",6,2,2,-10,44,0
"V",6,2,2,-11,41,0
"V",6,2,2,-12,26,0
"V",6,2,2,-13,11,0
"V",6,2,2,-14,7,0
"V",6,2,2,-15,2,0
"V",6,2,2,-16,1,0
"V",6,2,2,-17,1,0
"V",6,2,2,-19,1,0
"V",6,2,2,-2,2189,320
"V",6,2,2,-3,1735,168
"V",6,2,2,-4,1132,60
"V",6,2,2,-5,735,19
"V",6,2,2,-6,500,6
"V",6,2,2,-7,324,4
"V",6,2,2,-8,194,1
"V",6,2,2,-9,95,1
"V",6,2,2,0,3371,1434
"V",6,2,2,1,2782,1709
"V",6,2,2,10,92,92
"V",6,2,2,11,52,52
"V",6,2,2,12,26,26
"V",6,2,2,13,19,19
"V",6,2,2,14,11,11
"V",6,2,2,15,4,4
"V",6,2,2,16,2,2
"V",6,2,2,17,2,2
"V",6,2,2,2,2154,1637
"V",6,2,2,3,1634,1373
"V",6,2,2,4,1113,1036
"V",6,2,2,5,856,806
"V",6,2,2,6,554,549
"V",6,2,2,7,323,318
"V",6,2,2,8,232,230
"V",6,2,2,9,128,128
"V",6,2,3,-1,1401,388
"V",6,2,3,-10,13,0
"V",6,2,3,-11,10,0
"V",6,2,3,-12,8,0
"V",6,2,3,-13,6,0
"V",6,2,3,-14,3,0
"V",6,2,3,-15,4,0
"V",6,2,3,-16,1,0
"V",6,2,3,-2,905,142
"V",6,2,3,-3,602,47
"V",6,2,3,-4,384,16
"V",6,2,3,-5,275,3
"V",6,2,3,-6,168,3
"V",6,2,3,-7,124,1
"V",6,2,3,-8,63,0
"V",6,2,3,-9,24,0
"V",6,2,3,0,1814,839
"V",6,2,3,1,1607,1016
"V",6,2,3,10,53,53
"V",6,2,3,11,30,30
"V",6,2,3,12,21,21
"V",6,2,3,13,9,9
"V",6,2,3,14,4,4
"V",6,2,3,15,4,4
"V",6,2,3,16,1,1
"V",6,2,3,17,3,3
"V",6,2,3,18,1,1
"V",6,2,3,2,1305,997
"V",6,2,3,3,1006,864
"V",6,2,3,4,742,665
"V",6,2,3,5,562,521
"V",6,2,3,6,345,338
"V",6,2,3,7,207,206
"V",6,2,3,8,130,129
"V",6,2,3,9,72,71
"V",6,2,4,-1,1049,303
"V",6,2,4,-10,24,0
"V",6,2,4,-11,17,0
"V",6,2,4,-12,10,0
"V",6,2,4,-13,6,0
"V",6,2,4,-14,4,0
"V",6,2,4,-16,1,0
"V",6,2,4,-2,827,157
"V",6,2,4,-3,650,80
"V",6,2,4,-4,469,31
"V",6,2,4,-5,319,11
"V",6,2,4,-6,210,4
"V",6,2,4,-7,135,0
"V",6,2,4,-8,66,0
"V",6,2,4,-9,48,0
"V",6,2,4,0,1338,590
"V",6,2,4,1,1262,785
"V",6,2,4,10,37,37
"V",6,2,4,11,18,18
"V",6,2,4,12,19,18
"V",6,2,4,13,11,11
"V",6,2,4,14,7,7
"V",6,2,4,15,4,4
"V",6,2,4,16,3,3
"V",6,2,4,17,3,3
"V",6,2,4,18,1,1
"V",6,2,4,19,1,1
"V",6,2,4,2,1062,810
"V",6,2,4,3,771,676
"V",6,2,4,4,566,514
"V",6,2,4,5,365,349
"V",6,2,4,6,261,258
"V",6,2,4,7,171,170
"V",6,2,4,8,109,107
"V",6,2,4,9,57,57
"V",6,2,5,-1,541,165
"V",6,2,5,-10,11,0
"V",6,2,5,-11,4,0
"V",6,2,5,-12,5,0
"V",6,2,5,-13,1,0
"V",6,2,5,-14,1,0
"V",6,2,5,-15,2,0
"V",6,2,5,-17,1,0
"V",6,2,5,-2,343,54
"V",6,2,5,-3,234,20
"V",6,2,5,-4,153,15
"V",6,2,5,-5,106,5
"V",6,2,5,-6,67,0
"V",6,2,5,-7,40,0
"V",6,2,5,-8,22,0
"V",6,2,5,-9,15,0
"V",6,2,5,0,645,304
"V",6,2,5,1,624,403
"V",6,2,5,10,20,20
"V",6,2,5,11,18,18
"V",6,2,5,12,16,16
"V",6,2,5,13,5,5
"V",6,2,5,14,2,2
"V",6,2,5,16,2,2
"V",6,2,5,17,1,1
"V",6,2,5,2,527,405
"V",6,2,5,3,423,357
"V",6,2,5,4,326,297
"V",6,2,5,5,227,215
"V",6,2,5,6,163,159
"V",6,2,5,7,91,89
"V",6,2,5,8,57,56
"V",6,2,5,9,46,46
"V",6,2,6,-1,479,151
"V",6,2,6,-10,7,0
"V",6,2,6,-11,1,0
"V",6,2,6,-12,2,0
"V",6,2,6,-13,1,0
"V",6,2,6,-14,2,0
"V",6,2,6,-16,1,0
"V",6,2,6,-2,383,70
"V",6,2,6,-3,301,36
"V",6,2,6,-4,169,9
"V",6,2,6,-5,132,4
"V",6,2,6,-6,73,2
"V",6,2,6,-7,49,0
"V",6,2,6,-8,34,0
"V",6,2,6,-9,13,0
"V",6,2,6,0,604,300
"V",6,2,6,1,548,348
"V",6,2,6,10,23,23
"V",6,2,6,11,12,11
"V",6,2,6,12,5,5
"V",6,2,6,13,6,6
"V",6,2,6,14,3,3
"V",6,2,6,15,2,2
"V",6,2,6,16,2,2
"V",6,2,6,2,477,370
"V",6,2,6,3,387,336
"V",6,2,6,4,277,250
"V",6,2,6,5,225,208
"V",6,2,6,6,137,131
"V",6,2,6,7,109,108
"V",6,2,6,8,68,68
"V",6,2,6,9,35,35
"V",6,2,7,-1,301,93
"V",6,2,7,-10,6,0
"V",6,2,7,-11,1,0
"V",6,2,7,-13,2,0
"V",6,2,7,-2,274,58
"V",6,2,7,-3,160,21
"V",6,2,7,-4,122,9
"V",6,2,7,-5,84,3
"V",6,2,7,-6,51,0
"V",6,2,7,-7,30,0
"V",6,2,7,-8,17,0
"V",6,2,7,-9,11,0
"V",6,2,7,0,395,213
"V",6,2,7,1,364,245
"V",6,2,7,10,20,19
"V",6,2,7,11,11,11
"V",6,2,7,12,3,3
"V",6,2,7,13,5,5
"V",6,2,7,14,1,1
"V",6,2,7,15,1,1
"V",6,2,7,16,2,2
"V",6,2,7,17,1,1
"V",6,2,7,2,296,232
"V",6,2,7,3,297,258
"V",6,2,7,4,187,177
"V",6,2,7,5,139,129
"V",6,2,7,6,113,109
"V",6,2,7,7,49,49
"V",6,2,7,8,42,41
"V",6,2,7,9,22,22
"V",6,2,8,-1,312,102
"V",6,2,8,-10,7,0
"V",6,2,8,-11,3,0
"V",6,2,8,-12,1,0
"V",6,2,8,-2,226,56
"V",6,2,8,-3,182,26
"V",6,2,8,-4,137,17
"V",6,2,8,-5,75,5
"V",6,2,8,-6,42,1
"V",6,2,8,-7,24,0
"V",6,2,8,-8,17,0
"V",6,2,8,-9,11,0
"V",6,2,8,0,446,224
"V",6,2,8,1,413,281
"V",6,2,8,10,11,11
"V",6,2,8,11,7,7
"V",6,2,8,12,4,4
"V",6,2,8,13,2,2
"V",6,2,8,14,2,2
"V",6,2,8,15,1,1
"V",6,2,8,17,2,2
"V",6,2,8,2,338,261
"V",6,2,8,3,264,232
"V",6,2,8,4,190,171
"V",6,2,8,5,126,123
"V",6,2,8,6,83,82
"V",6,2,8,7,57,56
"V",6,2,8,8,24,23
"V",6,2,8,9,14,14
"V",7,0,1,-1,8751,2304
"V",7,0,1,-10,313,0
"V",7,0,1,-11,186,0
"V",7,0,1,-12,127,0
"V",7,0,1,-13,63,0
"V",7,0,1,-14,40,0
"V",7,0,1,-15,23,0
"V",7,0,1,-16,17,0
"V",7,0,1,-17,10,0
"V",7,0,1,-18,4,0
"V",7,0,1,-19,4,0
"V",7,0,1,-2,7128,1097
"V",7,0,1,-21,1,0
"V",7,0,1,-22,1,0
"V",7,0,1,-3,5590,496
"V",7,0,1,-4,4022,168
"V",7,0,1,-5,2739,66
"V",7,0,1,-6,1777,20
"V",7,0,1,-7,1197,12
"V",7,0,1,-8,830,3
"V",7,0,1,-9,512,0
"V",7,0,1,0,9732,4643
"V",7,0,1,1,8142,5627
"V",7,0,1,10,200,199
"V",7,0,1,11,126,125
"V",7,0,1,12,86,86
"V",7,0,1,13,39,39
"V",7,0,1,14,24,24
"V",7,0,1,15,13,13
"V",7,0,1,16,8,8
"V",7,0,1,17,11,11
"V",7,0,1,18,3,3
"V",7,0,1,19,4,4
"V",7,0,1,2,6378,5215
"V",7,0,1,21,1,1
"V",7,0,1,3,4649,4205
"V",7,0,1,4,3248,3082
"V",7,0,1,5,2287,2206
"V",7,0,1,6,1438,1422
"V",7,0,1,7,899,892
"V",7,0,1,8,535,531
"V",7,0,1,9,314,314
"V",7,0,2,-1,2318,757
"V",7,0,2,-10,81,0
"V",7,0,2,-11,49,0
"V",7,0,2,-12,31,0
"V",7,0,2,-13,23,0
"V",7,0,2,-14,12,0
"V",7,0,2,-15,4,0
"V",7,0,2,-16,6,0
"V",7,0,2,-17,3,0
"V",7,0,2,-18,1,0
"V",7,0,2,-19,1,0
"V",7,0,2,-2,1881,366
"V",7,0,2,-22,1,0
"V",7,0,2,-3,1519,202
"V",7,0,2,-4,1057,50
"V",7,0,2,-5,740,28
"V",7,0,2,-6,494,13
"V",7,0,2,-7,356,9
"V",7,0,2,-8,241,0
"V",7,0,2,-9,134,0
"V",7,0,2,0,2606,1399
"V",7,0,2,1,2185,1582
"V",7,0,2,10,62,62
"V",7,0,2,11,53,53
"V",7,0,2,12,27,27
"V",7,0,2,13,11,11
"V",7,0,2,14,7,7
"V",7,0,2,15,5,5
"V",7,0,2,16,3,3
"V",7,0,2,17,3,3
"V",7,0,2,18,1,1
"V",7,0,2,19,2,2
"V",7,0,2,2,1754,1479
"V",7,0,2,21,1,1
"V",7,0,2,3,1292,1196
"V",7,0,2,4,923,878
"V",7,0,2,5,680,664
"V",7,0,2,6,416,408
"V",7,0,2,7,252,251
"V",7,0,2,8,173,170
"V",7,0,2,9,107,107
"V",7,0,3,-1,459,178
"V",7,0,3,-10,22,0
"V",7,0,3,-11,13,0
"V",7,0,3,-12,13,0
"V",7,0,3,-13,7,0
"V",7,0,3,-14,2,0
"V",7,0,3,-15,1,0
"V",7,0,3,-16,1,0
"V",7,0,3,-2,355,91
"V",7,0,3,-3,286,41
"V",7,0,3,-4,200,20
"V",7,0,3,-5,146,8
"V",7,0,3,-6,113,1
"V",7,0,3,-7,77,1
"V",7,0,3,-8,54,1
"V",7,0,3,-9,29,0
"V",7,0,3,0,592,364
"V",7,0,3,1,444,335
"V",7,0,3,10,33,33
"V",7,0,3,11,9,9
"V",7,0,3,12,8,8
"V",7,0,3,13,5,5
"V",7,0,3,14,2,2
"V",7,0,3,15,1,1
"V",7,0,3,16,1,1
"V",7,0,3,2,401,346
"V",7,0,3,3,294,277
"V",7,0,3,4,219,213
"V",7,0,3,5,181,177
"V",7,0,3,6,111,110
"V",7,0,3,7,77,77
"V",7,0,3,8,45,45
"V",7,0,3,9,31,31
"V",7,0,4,-1,465,224
"V",7,0,4,-10,21,0
"V",7,0,4,-11,8,0
"V",7,0,4,-12,11,0
"V",7,0,4,-13,5,0
"V",7,0,4,-14,5,0
"V",7,0,4,-15,1,0
"V",7,0,4,-16,3,0
"V",7,0,4,-17,1,0
"V",7,0,4,-18,1,0
"V",7,0,4,-2,478,155
"V",7,0,4,-22,1,0
"V",7,0,4,-3,349,68
"V",7,0,4,-4,271,23
"V",7,0,4,-5,172,7
"V",7,0,4,-6,150,6
"V",7,0,4,-7,107,4
"V",7,0,4,-8,69,0
"V",7,0,4,-9,31,0
"V",7,0,4,0,483,320
"V",7,0,4,1,423,336
"V",7,0,4,10,17,17
"V",7,0,4,11,13,13
"V",7,0,4,12,10,10
"V",7,0,4,13,2,2
"V",7,0,4,14,2,2
"V",7,0,4,15,5,5
"V",7,0,4,16,3,3
"V",7,0,4,18,1,1
"V",7,0,4,2,349,315
"V",7,0,4,21,1,1
"V",7,0,4,3,287,270
"V",7,0,4,4,185,182
"V",7,0,4,5,159,157
"V",7,0,4,6,117,115
"V",7,0,4,7,70,70
"V",7,0,4,8,39,38
"V",7,0,4,9,27,27
"V",7,0,5,-1,106,47
"V",7,0,5,-10,9,0
"V",7,0,5,-11,5,0
"V",7,0,5,-13,1,0
"V",7,0,5,-2,85,27
"V",7,0,5,-3,69,9
"V",7,0,5,-4,38,1
"V",7,0,5,-5,27,1
"V",7,0,5,-6,24,0
"V",7,0,5,-7,17,0
"V",7,0,5,-8,17,1
"V",7,0,5,-9,10,0
"V",7,0,5,0,145,94
"V",7,0,5,1,153,115
"V",7,0,5,10,8,8
"V",7,0,5,11,2,2
"V",7,0,5,12,1,1
"V",7,0,5,13,1,1
"V",7,0,5,14,1,1
"V",7,0,5,15,1,1
"V",7,0,5,2,101,83
"V",7,0,5,3,70,68
"V",7,0,5,4,68,66
"V",7,0,5,5,71,69
"V",7,0,5,6,36,36
"V",7,0,5,7,23,23
"V",7,0,5,8,13,13
"V",7,0,5,9,11,11
"V",7,0,6,-1,226,123
"V",7,0,6,-10,3,0
"V",7,0,6,-11,5,0
"V",7,0,6,-12,3,0
"V",7,0,6,-13,3,0
"V",7,0,6,-16,1,0
"V",7,0,6,-2,143,49
"V",7,0,6,-3,131,31
"V",7,0,6,-4,81,11
"V",7,0,6,-5,71,7
"V",7,0,6,-6,37,0
"V",7,0,6,-7,26,0
"V",7,0,6,-8,25,0
"V",7,0,6,-9,12,0
"V",7,0,6,0,221,158
"V",7,0,6,1,183,153
"V",7,0,6,10,8,8
"V",7,0,6,11,6,6
"V",7,0,6,12,1,1
"V",7,0,6,13,4,4
"V",7,0,6,14,2,2
"V",7,0,6,16,1,1
"V",7,0,6,2,152,138
"V",7,0,6,21,1,1
"V",7,0,6,3,124,121
"V",7,0,6,4,98,98
"V",7,0,6,5,72,71
"V",7,0,6,6,58,58
"V",7,0,6,7,34,34
"V",7,0,6,8,19,19
"V",7,0,6,9,13,13
"V",7,0,7,-1,102,52
"V",7,0,7,-10,2,0
"V",7,0,7,-11,4,0
"V",7,0,7,-12,2,0
"V",7,0,7,-13,2,0
"V",7,0,7,-15,1,0
"V",7,0,7,-2,111,38
"V",7,0,7,-3,65,17
"V",7,0,7,-4,54,3
"V",7,0,7,-5,35,2
"V",7,0,7,-6,28,1
"V",7,0,7,-7,16,0
"V",7,0,7,-8,11,0
"V",7,0,7,-9,10,0
"V",7,0,7,0,103,71
"V",7,0,7,1,99,77
"V",7,0,7,10,5,5
"V",7,0,7,11,7,7
"V",7,0,7,12,2,2
"V",7,0,7,13,1,1
"V",7,0,7,14,1,1
"V",7,0,7,15,1,1
"V",7,0,7,16,2,2
"V",7,0,7,2,71,63
"V",7,0,7,3,87,86
"V",7,0,7,4,59,58
"V",7,0,7,5,45,45
"V",7,0,7,6,29,29
"V",7,0,7,7,13,13
"V",7,0,7,8,15,15
"V",7,0,7,9,8,8
"V",7,0,8,-1,123,79
"V",7,0,8,-10,5,0
"V",7,0,8,-11,5,0
"V",7,0,8,-12,1,0
"V",7,0,8,-13,2,0
"V",7,0,8,-14,1,0
"V",7,0,8,-18,1,0
"V",7,0,8,-2,102,50
"V",7,0,8,-3,85,19
"V",7,0,8,-4,59,6
"V",7,0,8,-5,32,2
"V",7,0,8,-6,35,4
"V",7,0,8,-7,18,0
"V",7,0,8,-8,14,0
"V",7,0,8,-9,9,0
"V",7,0,8,0,126,97
"V",7,0,8,1,124,110
"V",7,0,8,10,5,5
"V",7,0,8,11,5,5
"V",7,0,8,13,2,2
"V",7,0,8,2,96,90
"V",7,0,8,3,82,81
"V",7,0,8,4,60,60
"V",7,0,8,5,43,43
"V",7,0,8,6,28,28
"V",7,0,8,7,15,15
"V",7,0,8,8,9,9
"V",7,0,8,9,10,10
"V",7,1,1,-1,6107,1367
"V",7,1,1,-10,205,0
"V",7,1,1,-11,128,0
"V",7,1,1,-12,82,0
"V",7,1,1,-13,37,0
"V",7,1,1,-14,28,0
"V",7,1,1,-15,19,0
"V",7,1,1,-16,9,0
"V",7,1,1,-17,7,0
"V",7,1,1,-18,3,0
"V",7,1,1,-19,3,0
"V",7,1,1,-2,4955,628
"V",7,1,1,-21,1,0
"V",7,1,1,-3,3797,235
"V",7,1,1,-4,2763,89
"V",7,1,1,-5,1847,32
"V",7,1,1,-6,1182,8
"V",7,1,1,-7,778,3
"V",7,1,1,-8,543,1
"V",7,1,1,-9,347,0
"V",7,1,1,0,6755,2942
"V",7,1,1,1,5794,3885
"V",7,1,1,10,139,138
"V",7,1,1,11,88,87
"V",7,1,1,12,64,64
"V",7,1,1,13,32,32
"V",7,1,1,14,22,22
"V",7,1,1,15,10,10
"V",7,1,1,16,6,6
"V",7,1,1,17,9,9
"V",7,1,1,18,2,2
"V",7,1,1,19,2,2
"V",7,1,1,2,4542,3640
"V",7,1,1,21,1,1
"V",7,1,1,3,3316,2945
"V",7,1,1,4,2301,2176
"V",7,1,1,5,1600,1536
"V",7,1,1,6,1043,1034
"V",7,1,1,7,675,668
"V",7,1,1,8,379,377
"V",7,1,1,9,211,211
"V",7,1,2,-1,2559,667
"V",7,1,2,-10,105,0
"V",7,1,2,-11,71,0
"V",7,1,2,-12,34,0
"V",7,1,2,-13,23,0
"V",7,1,2,-14,12,0
"V",7,1,2,-15,8,0
"V",7,1,2,-16,3,0
"V",7,1,2,-17,3,0
"V",7,1,2,-19,2,0
"V",7,1,2,-2,2256,350
"V",7,1,2,-21,1,0
"V",7,1,2,-3,1795,183
"V",7,1,2,-4,1269,59
"V",7,1,2,-5,881,20
"V",7,1,2,-6,562,5
"V",7,1,2,-7,364,3
"V",7,1,2,-8,261,0
"V",7,1,2,-9,162,0
"V",7,1,2,0,2864,1402
"V",7,1,2,1,2468,1759
"V",7,1,2,10,92,92
"V",7,1,2,11,56,55
"V",7,1,2,12,38,38
"V",7,1,2,13,19,19
"V",7,1,2,14,13,13
"V",7,1,2,15,6,6
"V",7,1,2,16,5,5
"V",7,1,2,17,6,6
"V",7,1,2,18,2,2
"V",7,1,2,19,3,3
"V",7,1,2,2,1984,1605
"V",7,1,2,22,1,1
"V",7,1,2,3,1466,1319
"V",7,1,2,4,1099,1044
"V",7,1,2,5,802,777
"V",7,1,2,6,554,545
"V",7,1,2,7,348,347
"V",7,1,2,8,215,214
"V",7,1,2,9,119,119
"V",7,1,3,-1,1058,336
"V",7,1,3,-10,31,0
"V",7,1,3,-11,22,0
"V",7,1,3,-12,15,0
"V",7,1,3,-13,4,0
"V",7,1,3,-14,2,0
"V",7,1,3,-15,4,0
"V",7,1,3,-17,1,0
"V",7,1,3,-2,611,109
"V",7,1,3,-3,467,37
"V",7,1,3,-4,311,25
"V",7,1,3,-5,231,10
"V",7,1,3,-6,144,1
"V",7,1,3,-7,109,2
"V",7,1,3,-8,68,0
"V",7,1,3,-9,35,0
"V",7,1,3,0,1478,765
"V",7,1,3,1,1309,945
"V",7,1,3,10,33,33
"V",7,1,3,11,28,28
"V",7,1,3,12,16,16
"V",7,1,3,13,5,5
"V",7,1,3,14,3,3
"V",7,1,3,15,3,3
"V",7,1,3,16,1,1
"V",7,1,3,17,2,2
"V",7,1,3,2,1133,957
"V",7,1,3,3,832,775
"V",7,1,3,4,627,600
"V",7,1,3,5,438,421
"V",7,1,3,6,290,287
"V",7,1,3,7,178,178
"V",7,1,3,8,121,121
"V",7,1,3,9,60,60
"V",7,1,4,-1,791,296
"V",7,1,4,-10,41,0
"V",7,1,4,-11,22,0
"V",7,1,4,-12,14,0
"V",7,1,4,-13,13,0
"V",7,1,4,-14,9,0
"V",7,1,4,-15,5,0
"V",7,1,4,-16,1,0
"V",7,1,4,-17,1,0
"V",7,1,4,-19,1,0
"V",7,1,4,-2,749,157
"V",7,1,4,-22,1,0
"V",7,1,4,-3,626,86
"V",7,1,4,-4,449,34
"V",7,1,4,-5,314,8
"V",7,1,4,-6,213,2
"V",7,1,4,-7,139,4
"V",7,1,4,-8,112,0
"V",7,1,4,-9,52,0
"V",7,1,4,0,886,490
"V",7,1,4,1,855,651
"V",7,1,4,10,30,30
"V",7,1,4,11,20,20
"V",7,1,4,12,24,24
"V",7,1,4,13,8,8
"V",7,1,4,14,4,4
"V",7,1,4,16,3,3
"V",7,1,4,17,2,2
"V",7,1,4,18,2,2
"V",7,1,4,19,1,1
"V",7,1,4,2,712,603
"V",7,1,4,22,1,1
"V",7,1,4,3,537,492
"V",7,1,4,4,413,398
"V",7,1,4,5,318,308
"V",7,1,4,6,213,210
"V",7,1,4,7,122,122
"V",7,1,4,8,102,101
"V",7,1,4,9,68,68
"V",7,1,5,-1,351,112
"V",7,1,5,-10,13,0
"V",7,1,5,-11,5,0
"V",7,1,5,-12,4,0
"V",7,1,5,-13,2,0
"V",7,1,5,-17,1,0
"V",7,1,5,-2,212,44
"V",7,1,5,-3,150,17
"V",7,1,5,-4,102,3
"V",7,1,5,-5,66,2
"V",7,1,5,-6,57,0
"V",7,1,5,-7,31,0
"V",7,1,5,-8,28,1
"V",7,1,5,-9,13,0
"V",7,1,5,0,437,271
"V",7,1,5,1,410,301
"V",7,1,5,10,22,22
"V",7,1,5,11,10,10
"V",7,1,5,12,5,5
"V",7,1,5,13,4,4
"V",7,1,5,14,5,5
"V",7,1,5,15,2,2
"V",7,1,5,18,1,1
"V",7,1,5,2,395,336
"V",7,1,5,3,310,289
"V",7,1,5,4,238,233
"V",7,1,5,5,191,187
"V",7,1,5,6,104,104
"V",7,1,5,7,69,68
"V",7,1,5,8,49,48
"V",7,1,5,9,32,32
"V",7,1,6,-1,412,168
"V",7,1,6,-10,16,0
"V",7,1,6,-11,9,0
"V",7,1,6,-12,7,0
"V",7,1,6,-13,3,0
"V",7,1,6,-14,2,0
"V",7,1,6,-15,1,0
"V",7,1,6,-2,320,88
"V",7,1,6,-3,271,36
"V",7,1,6,-4,168,12
"V",7,1,6,-5,130,10
"V",7,1,6,-6,73,0
"V",7,1,6,-7,61,1
"V",7,1,6,-8,35,0
"V",7,1,6,-9,17,0
"V",7,1,6,0,513,316
"V",7,1,6,1,446,363
"V",7,1,6,10,21,21
"V",7,1,6,11,10,10
"V",7,1,6,12,7,7
"V",7,1,6,13,10,10
"V",7,1,6,15,1,1
"V",7,1,6,16,1,1
"V",7,1,6,17,1,1
"V",7,1,6,2,379,338
"V",7,1,6,3,348,327
"V",7,1,6,4,203,194
"V",7,1,6,5,158,155
"V",7,1,6,6,129,127
"V",7,1,6,7,84,83
"V",7,1,6,8,62,62
"V",7,1,6,9,23,23
"V",7,1,7,-1,332,155
"V",7,1,7,-10,8,0
"V",7,1,7,-11,7,0
"V",7,1,7,-12,3,0
"V",7,1,7,-13,2,0
"V",7,1,7,-14,2,0
"V",7,1,7,-2,271,80
"V",7,1,7,-3,136,18
"V",7,1,7,-4,119,8
"V",7,1,7,-5,83,2
"V",7,1,7,-6,53,1
"V",7,1,7,-7,30,0
"V",7,1,7,-8,17,0
"V",7,1,7,-9,21,0
"V",7,1,7,0,385,259
"V",7,1,7,1,358,271
"V",7,1,7,10,20,20
"V",7,1,7,11,15,15
"V",7,1,7,12,9,9
"V",7,1,7,13,5,5
"V",7,1,7,14,3,3
"V",7,1,7,15,3,3
"V",7,1,7,16,3,3
"V",7,1,7,17,1,1
"V",7,1,7,2,291,260
"V",7,1,7,21,1,1
"V",7,1,7,3,272,258
"V",7,1,7,4,224,221
"V",7,1,7,5,139,139
"V",7,1,7,6,97,97
"V",7,1,7,7,62,62
"V",7,1,7,8,34,33
"V",7,1,7,9,16,16
"V",7,1,8,-1,293,143
"V",7,1,8,-10,6,0
"V",7,1,8,-11,6,0
"V",7,1,8,-12,2,0
"V",7,1,8,-13,2,0
"V",7,1,8,-14,3,0
"V",7,1,8,-15,1,0
"V",7,1,8,-18,1,0
"V",7,1,8,-2,178,62
"V",7,1,8,-3,157,30
"V",7,1,8,-4,103,9
"V",7,1,8,-5,84,4
"V",7,1,8,-6,58,1
"V",7,1,8,-7,41,1
"V",7,1,8,-8,28,0
"V",7,1,8,-9,15,0
"V",7,1,8,0,346,224
"V",7,1,8,1,320,249
"V",7,1,8,10,20,20
"V",7,1,8,11,12,12
"V",7,1,8,12,7,7
"V",7,1,8,13,3,3
"V",7,1,8,14,2,2
"V",7,1,8,16,1,1
"V",7,1,8,17,1,1
"V",7,1,8,19,1,1
"V",7,1,8,2,308,288
"V",7,1,8,3,215,205
"V",7,1,8,4,171,166
"V",7,1,8,5,115,115
"V",7,1,8,6,80,80
"V",7,1,8,7,38,38
"V",7,1,8,8,24,24
"V",7,1,8,9,26,26
"V",7,2,1,-1,4730,912
"V",7,2,1,-10,144,0
"V",7,2,1,-11,87,0
"V",7,2,1,-12,60,0
"V",7,2,1,-13,26,0
"V",7,2,1,-14,19,0
"V",7,2,1,-15,10,0
"V",7,2,1,-16,8,0
"V",7,2,1,-17,6,0
"V",7,2,1,-18,3,0
"V",7,2,1,-19,2,0
"V",7,2,1,-2,3764,397
"V",7,2,1,-3,2882,132
"V",7,2,1,-4,2097,44
"V",7,2,1,-5,1378,17
"V",7,2,1,-6,882,5
"V",7,2,1,-7,593,3
"V",7,2,1,-8,398,1
"V",7,2,1,-9,252,0
"V",7,2,1,0,5150,2059
"V",7,2,1,1,4532,2923
"V",7,2,1,10,132,131
"V",7,2,1,11,79,79
"V",7,2,1,12,59,59
"V",7,2,1,13,26,26
"V",7,2,1,14,20,20
"V",7,2,1,15,13,13
"V",7,2,1,16,3,3
"V",7,2,1,17,6,6
"V",7,2,1,18,3,3
"V",7,2,1,19,3,3
"V",7,2,1,2,3558,2806
"V",7,2,1,21,1,1
"V",7,2,1,3,2716,2390
"V",7,2,1,4,1866,1752
"V",7,2,1,5,1339,1277
"V",7,2,1,6,864,852
"V",7,2,1,7,566,560
"V",7,2,1,8,355,353
"V",7,2,1,9,194,194
"V",7,2,2,-1,2582,556
"V",7,2,2,-10,87,0
"V",7,2,2,-11,54,0
"V",7,2,2,-12,32,0
"V",7,2,2,-13,16,0
"V",7,2,2,-14,13,0
"V",7,2,2,-15,7,0
"V",7,2,2,-16,3,0
"V",7,2,2,-17,5,0
"V",7,2,2,-18,2,0
"V",7,2,2,-19,1,0
"V",7,2,2,-2,2231,254
"V",7,2,2,-21,1,0
"V",7,2,2,-3,1719,127
"V",7,2,2,-4,1197,35
"V",7,2,2,-5,837,15
"V",7,2,2,-6,590,8
"V",7,2,2,-7,389,2
"V",7,2,2,-8,243,0
"V",7,2,2,-9,156,0
"V",7,2,2,0,2813,1224
"V",7,2,2,1,2450,1608
"V",7,2,2,10,98,98
"V",7,2,2,11,70,69
"V",7,2,2,12,44,44
"V",7,2,2,13,29,29
"V",7,2,2,14,29,29
"V",7,2,2,15,11,11
"V",7,2,2,16,5,5
"V",7,2,2,17,6,6
"V",7,2,2,18,4,4
"V",7,2,2,19,3,3
"V",7,2,2,2,2077,1673
"V",7,2,2,3,1624,1457
"V",7,2,2,4,1215,1146
"V",7,2,2,5,857,820
"V",7,2,2,6,632,623
"V",7,2,2,7,414,411
"V",7,2,2,8,246,243
"V",7,2,2,9,152,152
"V",7,2,3,-1,1233,282
"V",7,2,3,-10,40,0
"V",7,2,3,-11,21,0
"V",7,2,3,-12,12,0
"V",7,2,3,-13,6,0
"V",7,2,3,-14,1,0
"V",7,2,3,-15,2,0
"V",7,2,3,-16,1,0
"V",7,2,3,-17,1,0
"V",7,2,3,-2,742,104
"V",7,2,3,-3,601,35
"V",7,2,3,-4,433,22
"V",7,2,3,-5,289,8
"V",7,2,3,-6,181,3
"V",7,2,3,-7,113,1
"V",7,2,3,-8,85,0
"V",7,2,3,-9,48,0
"V",7,2,3,0,1620,750
"V",7,2,3,1,1534,1056
"V",7,2,3,10,74,74
"V",7,2,3,11,47,47
"V",7,2,3,12,27,26
"V",7,2,3,13,16,16
"V",7,2,3,14,12,12
"V",7,2,3,15,8,8
"V",7,2,3,16,1,1
"V",7,2,3,17,3,3
"V",7,2,3,19,1,1
"V",7,2,3,2,1344,1097
"V",7,2,3,20,1,1
"V",7,2,3,22,1,1
"V",7,2,3,3,997,904
"V",7,2,3,4,786,749
"V",7,2,3,5,535,524
"V",7,2,3,6,393,391
"V",7,2,3,7,271,269
"V",7,2,3,8,157,157
"V",7,2,3,9,91,91
"V",7,2,4,-1,971,238
"V",7,2,4,-10,30,0
"V",7,2,4,-11,17,0
"V",7,2,4,-12,15,0
"V",7,2,4,-13,12,0
"V",7,2,4,-14,6,0
"V",7,2,4,-15,3,0
"V",7,2,4,-16,1,0
"V",7,2,4,-17,2,0
"V",7,2,4,-18,2,0
"V",7,2,4,-19,2,0
"V",7,2,4,-2,907,115
"V",7,2,4,-22,1,0
"V",7,2,4,-3,741,58
"V",7,2,4,-4,534,23
"V",7,2,4,-5,355,7
"V",7,2,4,-6,258,5
"V",7,2,4,-7,169,2
"V",7,2,4,-8,117,0
"V",7,2,4,-9,62,0
"V",7,2,4,0,1312,600
"V",7,2,4,1,1116,788
"V",7,2,4,10,43,43
"V",7,2,4,11,32,32
"V",7,2,4,12,23,23
"V",7,2,4,13,14,14
"V",7,2,4,14,7,7
"V",7,2,4,15,5,5
"V",7,2,4,16,5,5
"V",7,2,4,17,2,2
"V",7,2,4,18,1,1
"V",7,2,4,2,963,791
"V",7,2,4,22,1,1
"V",7,2,4,3,744,683
"V",7,2,4,4,577,543
"V",7,2,4,5,424,408
"V",7,2,4,6,293,288
"V",7,2,4,7,183,182
"V",7,2,4,8,131,130
"V",7,2,4,9,84,84
"V",7,2,5,-1,508,135
"V",7,2,5,-10,14,0
"V",7,2,5,-11,6,0
"V",7,2,5,-12,3,0
"V",7,2,5,-13,2,0
"V",7,2,5,-16,2,0
"V",7,2,5,-17,1,0
"V",7,2,5,-2,311,36
"V",7,2,5,-3,254,13
"V",7,2,5,-4,144,5
"V",7,2,5,-5,99,3
"V",7,2,5,-6,67,0
"V",7,2,5,-7,48,1
"V",7,2,5,-8,42,1
"V",7,2,5,-9,17,0
"V",7,2,5,0,622,271
"V",7,2,5,1,558,384
"V",7,2,5,10,26,26
"V",7,2,5,11,22,22
"V",7,2,5,12,15,15
"V",7,2,5,13,6,6
"V",7,2,5,14,4,4
"V",7,2,5,15,5,5
"V",7,2,5,16,1,1
"V",7,2,5,17,1,1
"V",7,2,5,2,530,444
"V",7,2,5,3,364,326
"V",7,2,5,4,330,311
"V",7,2,5,5,247,241
"V",7,2,5,6,182,178
"V",7,2,5,7,106,106
"V",7,2,5,8,77,76
"V",7,2,5,9,49,49
"V",7,2,6,-1,531,141
"V",7,2,6,-10,21,0
"V",7,2,6,-11,12,0
"V",7,2,6,-12,6,0
"V",7,2,6,-13,5,0
"V",7,2,6,-14,3,0
"V",7,2,6,-15,1,0
"V",7,2,6,-17,1,0
"V",7,2,6,-2,383,57
"V",7,2,6,-3,288,27
"V",7,2,6,-4,207,12
"V",7,2,6,-5,151,5
"V",7,2,6,-6,73,1
"V",7,2,6,-7,60,0
"V",7,2,6,-8,51,0
"V",7,2,6,-9,25,0
"V",7,2,6,0,606,306
"V",7,2,6,1,566,412
"V",7,2,6,10,30,30
"V",7,2,6,11,24,23
"V",7,2,6,12,14,13
"V",7,2,6,13,12,12
"V",7,2,6,14,3,3
"V",7,2,6,16,1,1
"V",7,2,6,17,2,2
"V",7,2,6,18,1,1
"V",7,2,6,2,433,345
"V",7,2,6,23,1,1
"V",7,2,6,24,1,1
"V",7,2,6,3,348,319
"V",7,2,6,4,296,281
"V",7,2,6,5,216,209
"V",7,2,6,6,170,168
"V",7,2,6,7,95,95
"V",7,2,6,8,68,68
"V",7,2,6,9,44,44
"V",7,2,7,-1,293,103
"V",7,2,7,-10,7,0
"V",7,2,7,-11,8,0
"V",7,2,7,-12,4,0
"V",7,2,7,-13,1,0
"V",7,2,7,-17,1,0
"V",7,2,7,-2,259,46
"V",7,2,7,-3,148,13
"V",7,2,7,-4,141,8
"V",7,2,7,-5,94,1
"V",7,2,7,-6,59,2
"V",7,2,7,-7,39,1
"V",7,2,7,-8,25,0
"V",7,2,7,-9,18,0
"V",7,2,7,0,365,172
"V",7,2,7,1,346,245
"V",7,2,7,10,13,13
"V",7,2,7,11,15,15
"V",7,2,7,12,10,10
"V",7,2,7,13,5,5
"V",7,2,7,14,5,5
"V",7,2,7,15,4,4
"V",7,2,7,16,1,1
"V",7,2,7,2,330,268
"V",7,2,7,3,274,249
"V",7,2,7,4,178,168
"V",7,2,7,5,148,147
"V",7,2,7,6,98,97
"V",7,2,7,7,66,66
"V",7,2,7,8,49,49
"V",7,2,7,9,21,21
"V",7,2,8,-1,322,106
"V",7,2,8,-10,7,0
"V",7,2,8,-11,5,0
"V",7,2,8,-12,4,0
"V",7,2,8,-13,3,0
"V",7,2,8,-14,1,0
"V",7,2,8,-15,1,0
"V",7,2,8,-17,1,0
"V",7,2,8,-19,1,0
"V",7,2,8,-2,222,39
"V",7,2,8,-3,195,26
"V",7,2,8,-4,140,11
"V",7,2,8,-5,88,5
"V",7,2,8,-6,54,2
"V",7,2,8,-7,40,0
"V",7,2,8,-8,32,0
"V",7,2,8,-9,21,0
"V",7,2,8,0,445,222
"V",7,2,8,1,399,276
"V",7,2,8,10,15,15
"V",7,2,8,11,17,17
"V",7,2,8,12,9,9
"V",7,2,8,13,2,2
"V",7,2,8,14,4,4
"V",7,2,8,15,2,2
"V",7,2,8,16,1,1
"V",7,2,8,17,3,3
"V",7,2,8,2,324,270
"V",7,2,8,3,290,267
"V",7,2,8,4,195,184
"V",7,2,8,5,162,156
"V",7,2,8,6,98,97
"V",7,2,8,7,53,53
"V",7,2,8,8,33,33
"V",7,2,8,9,27,27
"V",8,0,1,-1,8128,1819
"V",8,0,1,-10,404,0
"V",8,0,1,-11,261,0
"V",8,0,1,-12,158,0
"V",8,0,1,-13,104,0
"V",8,0,1,-14,60,0
"V",8,0,1,-15,50,0
"V",8,0,1,-16,29,0
"V",8,0,1,-17,7,0
"V",8,0,1,-18,8,0
"V",8,0,1,-19,4,0
"V",8,0,1,-2,6735,754
"V",8,0,1,-20,3,0
"V",8,0,1,-21,2,0
"V",8,0,1,-23,1,0
"V",8,0,1,-3,5428,307
"V",8,0,1,-4,4312,128
"V",8,0,1,-5,3041,33
"V",8,0,1,-6,2020,15
"V",8,0,1,-7,1467,4
"V",8,0,1,-8,1023,2
"V",8,0,1,-9,667,2
"V",8,0,1,0,8533,4026
"V",8,0,1,1,7528,5649
"V",8,0,1,10,255,255
"V",8,0,1,11,183,182
"V",8,0,1,12,106,106
"V",8,0,1,13,65,65
"V",8,0,1,14,45,45
"V",8,0,1,15,25,25
"V",8,0,1,16,10,10
"V",8,0,1,17,13,13
"V",8,0,1,18,4,4
"V",8,0,1,19,6,6
"V",8,0,1,2,6145,5326
"V",8,0,1,20,2,2
"V",8,0,1,21,1,1
"V",8,0,1,24,1,1
"V",8,0,1,25,1,1
"V",8,0,1,3,4652,4347
"V",8,0,1,4,3439,3344
"V",8,0,1,5,2397,2348
"V",8,0,1,6,1666,1658
"V",8,0,1,7,1108,1101
"V",8,0,1,8,660,659
"V",8,0,1,9,429,429
"V",8,0,2,-1,2191,685
"V",8,0,2,-10,122,0
"V",8,0,2,-11,90,0
"V",8,0,2,-12,53,0
"V",8,0,2,-13,25,0
"V",8,0,2,-14,12,0
"V",8,0,2,-15,12,0
"V",8,0,2,-16,10,0
"V",8,0,2,-17,5,0
"V",8,0,2,-18,2,0
"V",8,0,2,-19,2,0
"V",8,0,2,-2,1779,317
"V",8,0,2,-20,2,0
"V",8,0,2,-21,1,0
"V",8,0,2,-23,1,0
"V",8,0,2,-3,1477,132
"V",8,0,2,-4,1147,65
"V",8,0,2,-5,853,15
"V",8,0,2,-6,534,9
"V",8,0,2,-7,389,2
"V",8,0,2,-8,308,2
"V",8,0,2,-9,174,1
"V",8,0,2,0,2316,1215
"V",8,0,2,1,2080,1626
"V",8,0,2,10,89,89
"V",8,0,2,11,63,62
"V",8,0,2,12,42,42
"V",8,0,2,13,18,18
"V",8,0,2,14,12,12
"V",8,0,2,15,9,9
"V",8,0,2,16,4,4
"V",8,0,2,17,3,3
"V",8,0,2,18,2,2
"V",8,0,2,19,2,2
"V",8,0,2,2,1823,1604
"V",8,0,2,3,1322,1248
"V",8,0,2,4,991,967
"V",8,0,2,5,709,695
"V",8,0,2,6,477,475
"V",8,0,2,7,339,336
"V",8,0,2,8,200,199
"V",8,0,2,9,141,141
"V",8,0,3,-1,435,146
"V",8,0,3,-10,22,0
"V",8,0,3,-11,21,0
"V",8,0,3,-12,4,0
"V",8,0,3,-13,12,0
"V",8,0,3,-14,5,0
"V",8,0,3,-15,2,0
"V",8,0,3,-16,1,0
"V",8,0,3,-18,1,0
"V",8,0,3,-2,383,87
"V",8,0,3,-3,273,26
"V",8,0,3,-4,239,12
"V",8,0,3,-5,184,3
"V",8,0,3,-6,124,0
"V",8,0,3,-7,85,1
"V",8,0,3,-8,58,0
"V",8,0,3,-9,34,0
"V",8,0,3,0,520,324
"V",8,0,3,1,487,399
"V",8,0,3,10,25,25
"V",8,0,3,11,21,21
"V",8,0,3,12,11,11
"V",8,0,3,13,5,5
"V",8,0,3,14,3,3
"V",8,0,3,15,3,3
"V",8,0,3,16,1,1
"V",8,0,3,17,3,3
"V",8,0,3,18,1,1
"V",8,0,3,19,1,1
"V",8,0,3,2,426,386
"V",8,0,3,3,333,312
"V",8,0,3,4,244,236
"V",8,0,3,5,180,178
"V",8,0,3,6,118,118
"V",8,0,3,7,86,86
"V",8,0,3,8,55,55
"V",8,0,3,9,43,43
"V",8,0,4,-1,421,188
"V",8,0,4,-10,28,0
"V",8,0,4,-11,32,0
"V",8,0,4,-12,17,0
"V",8,0,4,-13,9,0
"V",8,0,4,-14,3,0
"V",8,0,4,-15,4,0
"V",8,0,4,-16,1,0
"V",8,0,4,-17,2,0
"V",8,0,4,-19,1,0
"V",8,0,4,-2,436,134
"V",8,0,4,-20,1,0
"V",8,0,4,-3,372,56
"V",8,0,4,-4,323,35
"V",8,0,4,-5,250,9
"V",8,0,4,-6,156,5
"V",8,0,4,-7,103,1
"V",8,0,4,-8,72,1
"V",8,0,4,-9,51,1
"V",8,0,4,0,406,258
"V",8,0,4,1,359,299
"V",8,0,4,10,21,21
"V",8,0,4,11,23,23
"V",8,0,4,12,9,9
"V",8,0,4,13,2,2
"V",8,0,4,14,3,3
"V",8,0,4,15,1,1
"V",8,0,4,16,1,1
"V",8,0,4,17,2,2
"V",8,0,4,18,1,1
"V",8,0,4,2,332,296
"V",8,0,4,3,260,246
"V",8,0,4,4,234,233
"V",8,0,4,5,155,154
"V",8,0,4,6,105,105
"V",8,0,4,7,80,80
"V",8,0,4,8,42,42
"V",8,0,4,9,40,40
"V",8,0,5,-1,103,37
"V",8,0,5,-10,5,0
"V",8,0,5,-12,4,0
"V",8,0,5,-13,1,0
"V",8,0,5,-15,1,0
"V",8,0,5,-2,102,21
"V",8,0,5,-3,81,11
"V",8,0,5,-4,40,2
"V",8,0,5,-5,32,0
"V",8,0,5,-6,23,0
"V",8,0,5,-7,19,0
"V",8,0,5,-8,15,0
"V",8,0,5,-9,7,0
"V",8,0,5,0,134,97
"V",8,0,5,1,146,126
"V",8,0,5,10,10,10
"V",8,0,5,11,4,4
"V",8,0,5,12,6,6
"V",8,0,5,13,3,3
"V",8,0,5,14,2,2
"V",8,0,5,17,1,1
"V",8,0,5,2,138,131
"V",8,0,5,3,111,105
"V",8,0,5,4,89,88
"V",8,0,5,5,58,57
"V",8,0,5,6,52,51
"V",8,0,5,7,21,21
"V",8,0,5,8,20,20
"V",8,0,5,9,12,12
"V",8,0,6,-1,202,96
"V",8,0,6,-10,7,0
"V",8,0,6,-11,5,0
"V",8,0,6,-12,6,0
"V",8,0,6,-13,3,0
"V",8,0,6,-14,2,0
"V",8,0,6,-2,199,65
"V",8,0,6,-3,152,21
"V",8,0,6,-4,92,5
"V",8,0,6,-5,73,3
"V",8,0,6,-6,38,1
"V",8,0,6,-7,26,1
"V",8,0,6,-8,29,0
"V",8,0,6,-9,13,0
"V",8,0,6,0,191,140
"V",8,0,6,1,171,152
"V",8,0,6,10,13,13
"V",8,0,6,11,6,6
"V",8,0,6,12,8,8
"V",8,0,6,13,4,4
"V",8,0,6,14,3,3
"V",8,0,6,15,1,1
"V",8,0,6,16,1,1
"V",8,0,6,18,3,3
"V",8,0,6,2,150,139
"V",8,0,6,3,145,139
"V",8,0,6,4,93,93
"V",8,0,6,5,63,61
"V",8,0,6,6,47,47
"V",8,0,6,7,40,40
"V",8,0,6,8,13,13
"V",8,0,6,9,15,15
"V",8,0,7,-1,106,60
"V",8,0,7,-10,1,0
"V",8,0,7,-11,5,0
"V",8,0,7,-12,2,0
"V",8,0,7,-13,3,0
"V",8,0,7,-15,1,0
"V",8,0,7,-2,85,32
"V",8,0,7,-3,63,10
"V",8,0,7,-4,55,8
"V",8,0,7,-5,34,2
"V",8,0,7,-6,31,2
"V",8,0,7,-7,17,1
"V",8,0,7,-8,17,0
"V",8,0,7,-9,4,0
"V",8,0,7,0,101,79
"V",8,0,7,1,97,86
"V",8,0,7,10,7,7
"V",8,0,7,11,5,5
"V",8,0,7,12,3,3
"V",8,0,7,13,1,1
"V",8,0,7,14,2,2
"V",8,0,7,15,1,1
"V",8,0,7,16,1,1
"V",8,0,7,2,79,70
"V",8,0,7,3,64,61
"V",8,0,7,4,63,63
"V",8,0,7,5,38,38
"V",8,0,7,6,28,28
"V",8,0,7,7,14,14
"V",8,0,7,8,11,11
"V",8,0,7,9,10,10
"V",8,0,8,-1,124,79
"V",8,0,8,-10,3,0
"V",8,0,8,-11,8,0
"V",8,0,8,-12,5,0
"V",8,0,8,-13,2,0
"V",8,0,8,-15,1,0
"V",8,0,8,-16,1,0
"V",8,0,8,-2,105,43
"V",8,0,8,-3,70,21
"V",8,0,8,-4,59,14
"V",8,0,8,-5,52,4
"V",8,0,8,-6,44,1
"V",8,0,8,-7,19,0
"V",8,0,8,-8,17,0
"V",8,0,8,-9,12,1
"V",8,0,8,0,122,90
"V",8,0,8,1,98,86
"V",8,0,8,10,5,5
"V",8,0,8,11,6,6
"V",8,0,8,12,6,6
"V",8,0,8,13,1,1
"V",8,0,8,14,1,1
"V",8,0,8,2,94,82
"V",8,0,8,3,70,67
"V",8,0,8,4,66,66
"V",8,0,8,5,49,49
"V",8,0,8,6,41,41
"V",8,0,8,7,21,21
"V",8,0,8,8,13,13
"V",8,0,8,9,15,15
"V",8,1,1,-1,5703,980
"V",8,1,1,-10,259,0
"V",8,1,1,-11,152,0
"V",8,1,1,-12,98,0
"V",8,1,1,-13,67,0
"V",8,1,1,-14,43,0
"V",8,1,1,-15,35,0
"V",8,1,1,-16,17,0
"V",8,1,1,-17,2,0
"V",8,1,1,-18,5,0
"V",8,1,1,-19,2,0
"V",8,1,1,-2,4683,360
"V",8,1,1,-20,1,0
"V",8,1,1,-21,1,0
"V",8,1,1,-3,3731,146
"V",8,1,1,-4,2966,50
"V",8,1,1,-5,2027,16
"V",8,1,1,-6,1376,8
"V",8,1,1,-7,1003,1
"V",8,1,1,-8,668,0
"V",8,1,1,-9,465,1
"V",8,1,1,0,5933,2562
"V",8,1,1,1,5227,3816
"V",8,1,1,10,170,170
"V",8,1,1,11,119,119
"V",8,1,1,12,72,72
"V",8,1,1,13,54,54
"V",8,1,1,14,33,33
"V",8,1,1,15,18,18
"V",8,1,1,16,7,7
"V",8,1,1,17,7,7
"V",8,1,1,18,2,2
"V",8,1,1,19,3,3
"V",8,1,1,2,4181,3575
"V",8,1,1,20,2,2
"V",8,1,1,21,2,2
"V",8,1,1,23,1,1
"V",8,1,1,24,1,1
"V",8,1,1,25,1,1
"V",8,1,1,3,3290,3052
"V",8,1,1,4,2406,2332
"V",8,1,1,5,1678,1641
"V",8,1,1,6,1194,1188
"V",8,1,1,7,790,785
"V",8,1,1,8,467,467
"V",8,1,1,9,293,293
"V",8,1,2,-1,2427,536
"V",8,1,2,-10,148,0
"V",8,1,2,-11,91,0
"V",8,1,2,-12,51,0
"V",8,1,2,-13,30,0
"V",8,1,2,-14,18,0
"V",8,1,2,-15,19,0
"V",8,1,2,-16,14,0
"V",8,1,2,-17,4,0
"V",8,1,2,-18,1,0
"V",8,1,2,-19,2,0
"V",8,1,2,-2,2212,235
"V",8,1,2,-20,1,0
"V",8,1,2,-21,1,0
"V",8,1,2,-3,1731,109
"V",8,1,2,-4,1386,39
"V",8,1,2,-5,975,11
"V",8,1,2,-6,664,5
"V",8,1,2,-7,474,1
"V",8,1,2,-8,351,1
"V",8,1,2,-9,231,0
"V",8,1,2,0,2497,1182
"V",8,1,2,1,2264,1735
"V",8,1,2,10,108,108
"V",8,1,2,11,69,68
"V",8,1,2,12,39,39
"V",8,1,2,13,31,31
"V",8,1,2,14,25,25
"V",8,1,2,15,10,10
"V",8,1,2,16,5,5
"V",8,1,2,17,5,5
"V",8,1,2,18,1,1
"V",8,1,2,19,5,5
"V",8,1,2,2,1927,1665
"V",8,1,2,20,1,1
"V",8,1,2,21,2,2
"V",8,1,2,3,1515,1421
"V",8,1,2,4,1137,1103
"V",8,1,2,5,834,815
"V",8,1,2,6,603,598
"V",8,1,2,7,418,416
"V",8,1,2,8,259,259
"V",8,1,2,9,162,162
"V",8,1,3,-1,1068,317
"V",8,1,3,-10,26,0
"V",8,1,3,-11,28,0
"V",8,1,3,-12,14,0
"V",8,1,3,-13,12,0
"V",8,1,3,-14,6,0
"V",8,1,3,-15,1,0
"V",8,1,3,-16,3,0
"V",8,1,3,-17,1,0
"V",8,1,3,-18,1,0
"V",8,1,3,-2,585,83
"V",8,1,3,-3,452,25
"V",8,1,3,-4,331,8
"V",8,1,3,-5,259,4
"V",8,1,3,-6,162,1
"V",8,1,3,-7,133,0
"V",8,1,3,-8,89,1
"V",8,1,3,-9,57,1
"V",8,1,3,0,1463,790
"V",8,1,3,1,1334,1034
"V",8,1,3,10,47,47
"V",8,1,3,11,43,42
"V",8,1,3,12,23,23
"V",8,1,3,13,15,15
"V",8,1,3,14,6,6
"V",8,1,3,15,6,6
"V",8,1,3,16,1,1
"V",8,1,3,17,3,3
"V",8,1,3,19,2,2
"V",8,1,3,2,1182,1045
"V",8,1,3,20,1,1
"V",8,1,3,3,830,788
"V",8,1,3,4,663,646
"V",8,1,3,5,462,456
"V",8,1,3,6,298,297
"V",8,1,3,7,210,209
"V",8,1,3,8,139,139
"V",8,1,3,9,79,79
"V",8,1,4,-1,729,238
"V",8,1,4,-10,43,0
"V",8,1,4,-11,44,0
"V",8,1,4,-12,15,0
"V",8,1,4,-13,13,0
"V",8,1,4,-14,3,0
"V",8,1,4,-15,4,0
"V",8,1,4,-16,6,0
"V",8,1,4,-17,3,0
"V",8,1,4,-18,1,0
"V",8,1,4,-19,3,0
"V",8,1,4,-2,712,120
"V",8,1,4,-3,616,64
"V",8,1,4,-4,478,19
"V",8,1,4,-5,349,5
"V",8,1,4,-6,246,4
"V",8,1,4,-7,176,1
"V",8,1,4,-8,119,1
"V",8,1,4,-9,86,0
"V",8,1,4,0,854,480
"V",8,1,4,1,844,653
"V",8,1,4,10,44,44
"V",8,1,4,11,32,32
"V",8,1,4,12,17,17
"V",8,1,4,13,12,12
"V",8,1,4,14,13,13
"V",8,1,4,15,5,5
"V",8,1,4,16,3,3
"V",8,1,4,17,1,1
"V",8,1,4,18,2,2
"V",8,1,4,19,2,2
"V",8,1,4,2,752,661
"V",8,1,4,20,1,1
"V",8,1,4,21,1,1
"V",8,1,4,3,544,511
"V",8,1,4,4,424,414
"V",8,1,4,5,292,290
"V",8,1,4,6,207,207
"V",8,1,4,7,159,158
"V",8,1,4,8,101,101
"V",8,1,4,9,82,82
"V",8,1,5,-1,326,116
"V",8,1,5,-10,9,0
"V",8,1,5,-11,9,0
"V",8,1,5,-12,6,0
"V",8,1,5,-13,4,0
"V",8,1,5,-14,2,0
"V",8,1,5,-15,3,0
"V",8,1,5,-2,208,38
"V",8,1,5,-3,151,7
"V",8,1,5,-4,109,1
"V",8,1,5,-5,90,0
"V",8,1,5,-6,55,1
"V",8,1,5,-7,40,0
"V",8,1,5,-8,21,0
"V",8,1,5,-9,19,0
"V",8,1,5,0,445,289
"V",8,1,5,1,431,339
"V",8,1,5,10,22,22
"V",8,1,5,11,11,11
"V",8,1,5,12,10,10
"V",8,1,5,13,15,15
"V",8,1,5,14,2,2
"V",8,1,5,15,2,2
"V",8,1,5,2,390,350
"V",8,1,5,20,1,1
"V",8,1,5,3,321,303
"V",8,1,5,4,231,225
"V",8,1,5,5,169,166
"V",8,1,5,6,105,103
"V",8,1,5,7,82,82
"V",8,1,5,8,59,59
"V",8,1,5,9,33,33
"V",8,1,6,-1,397,152
"V",8,1,6,-10,21,0
"V",8,1,6,-11,14,0
"V",8,1,6,-12,8,0
"V",8,1,6,-13,2,0
"V",8,1,6,-14,2,0
"V",8,1,6,-16,1,0
"V",8,1,6,-17,1,0
"V",8,1,6,-18,1,0
"V",8,1,6,-2,302,68
"V",8,1,6,-3,229,18
"V",8,1,6,-4,197,10
"V",8,1,6,-5,143,4
"V",8,1,6,-6,74,0
"V",8,1,6,-7,53,0
"V",8,1,6,-8,41,1
"V",8,1,6,-9,26,0
"V",8,1,6,0,463,298
"V",8,1,6,1,431,357
"V",8,1,6,10,23,23
"V",8,1,6,11,16,16
"V",8,1,6,12,13,13
"V",8,1,6,13,4,4
"V",8,1,6,14,4,4
"V",8,1,6,15,1,1
"V",8,1,6,16,1,1
"V",8,1,6,17,3,3
"V",8,1,6,18,3,3
"V",8,1,6,2,357,327
"V",8,1,6,20,2,2
"V",8,1,6,22,2,2
"V",8,1,6,3,298,281
"V",8,1,6,4,213,207
"V",8,1,6,5,167,162
"V",8,1,6,6,141,141
"V",8,1,6,7,87,86
"V",8,1,6,8,55,55
"V",8,1,6,9,32,32
"V",8,1,7,-1,336,156
"V",8,1,7,-10,10,0
"V",8,1,7,-11,11,0
"V",8,1,7,-12,8,0
"V",8,1,7,-13,1,0
"V",8,1,7,-14,5,0
"V",8,1,7,-15,2,0
"V",8,1,7,-2,239,59
"V",8,1,7,-3,148,21
"V",8,1,7,-4,129,10
"V",8,1,7,-5,95,6
"V",8,1,7,-6,53,2
"V",8,1,7,-7,45,0
"V",8,1,7,-8,28,0
"V",8,1,7,-9,22,0
"V",8,1,7,0,303,197
"V",8,1,7,1,321,266
"V",8,1,7,10,15,15
"V",8,1,7,11,14,14
"V",8,1,7,12,11,11
"V",8,1,7,13,6,6
"V",8,1,7,14,1,1
"V",8,1,7,15,2,2
"V",8,1,7,16,1,1
"V",8,1,7,17,1,1
"V",8,1,7,2,311,279
"V",8,1,7,21,1,1
"V",8,1,7,3,232,226
"V",8,1,7,4,185,184
"V",8,1,7,5,132,131
"V",8,1,7,6,105,105
"V",8,1,7,7,72,72
"V",8,1,7,8,37,37
"V",8,1,7,9,21,21
"V",8,1,8,-1,283,131
"V",8,1,8,-10,7,0
"V",8,1,8,-11,11,0
"V",8,1,8,-12,4,0
"V",8,1,8,-13,7,0
"V",8,1,8,-14,1,0
"V",8,1,8,-15,2,0
"V",8,1,8,-16,1,0
"V",8,1,8,-17,2,0
"V",8,1,8,-18,1,0
"V",8,1,8,-2,176,49
"V",8,1,8,-3,143,31
"V",8,1,8,-4,117,14
"V",8,1,8,-5,86,5
"V",8,1,8,-6,71,0
"V",8,1,8,-7,44,0
"V",8,1,8,-8,26,1
"V",8,1,8,-9,18,0
"V",8,1,8,0,390,265
"V",8,1,8,1,331,274
"V",8,1,8,10,14,14
"V",8,1,8,11,9,9
"V",8,1,8,12,6,6
"V",8,1,8,13,3,3
"V",8,1,8,14,4,4
"V",8,1,8,15,3,3
"V",8,1,8,18,1,1
"V",8,1,8,2,302,273
"V",8,1,8,20,1,1
"V",8,1,8,3,219,209
"V",8,1,8,4,176,174
"V",8,1,8,5,112,112
"V",8,1,8,6,82,82
"V",8,1,8,7,55,55
"V",8,1,8,8,30,30
"V",8,1,8,9,26,26
"V",8,2,1,-1,4352,575
"V",8,2,1,-10,188,0
"V",8,2,1,-11,100,0
"V",8,2,1,-12,76,0
"V",8,2,1,-13,46,0
"V",8,2,1,-14,32,0
"V",8,2,1,-15,19,0
"V",8,2,1,-16,11,0
"V",8,2,1,-18,6,0
"V",8,2,1,-19,2,0
"V",8,2,1,-2,3509,200
"V",8,2,1,-20,1,0
"V",8,2,1,-21,1,0
"V",8,2,1,-23,1,0
"V",8,2,1,-3,2833,71
"V",8,2,1,-4,2206,26
"V",8,2,1,-5,1504,10
"V",8,2,1,-6,1005,4
"V",8,2,1,-7,753,0
"V",8,2,1,-8,492,0
"V",8,2,1,-9,304,0
"V",8,2,1,0,4476,1749
"V",8,2,1,1,4130,2939
"V",8,2,1,10,141,141
"V",8,2,1,11,118,118
"V",8,2,1,12,67,67
"V",8,2,1,13,49,49
"V",8,2,1,14,35,35
"V",8,2,1,15,21,21
"V",8,2,1,16,9,9
"V",8,2,1,17,4,4
"V",8,2,1,18,1,1
"V",8,2,1,19,2,2
"V",8,2,1,2,3255,2749
"V",8,2,1,21,2,2
"V",8,2,1,23,1,1
"V",8,2,1,24,1,1
"V",8,2,1,25,1,1
"V",8,2,1,3,2663,2440
"V",8,2,1,4,1956,1888
"V",8,2,1,5,1373,1343
"V",8,2,1,6,1008,1002
"V",8,2,1,7,665,659
"V",8,2,1,8,387,386
"V",8,2,1,9,251,251
"V",8,2,2,-1,2551,417
"V",8,2,2,-10,144,0
"V",8,2,2,-11,70,0
"V",8,2,2,-12,60,0
"V",8,2,2,-13,28,0
"V",8,2,2,-14,18,0
"V",8,2,2,-15,21,0
"V",8,2,2,-16,9,0
"V",8,2,2,-17,3,0
"V",8,2,2,-19,2,0
"V",8,2,2,-2,2176,153
"V",8,2,2,-20,1,0
"V",8,2,2,-23,1,0
"V",8,2,2,-3,1734,50
"V",8,2,2,-4,1398,23
"V",8,2,2,-5,950,7
"V",8,2,2,-6,621,5
"V",8,2,2,-7,463,0
"V",8,2,2,-8,319,0
"V",8,2,2,-9,207,0
"V",8,2,2,0,2500,1028
"V",8,2,2,1,2291,1683
"V",8,2,2,10,127,127
"V",8,2,2,11,92,92
"V",8,2,2,12,51,51
"V",8,2,2,13,37,37
"V",8,2,2,14,26,26
"V",8,2,2,15,14,14
"V",8,2,2,16,5,5
"V",8,2,2,17,4,4
"V",8,2,2,18,1,1
"V",8,2,2,19,4,4
"V",8,2,2,2,1909,1619
"V",8,2,2,20,1,1
"V",8,2,2,21,2,2
"V",8,2,2,23,1,1
"V",8,2,2,3,1574,1451
"V",8,2,2,4,1251,1205
"V",8,2,2,5,876,854
"V",8,2,2,6,682,676
"V",8,2,2,7,482,480
"V",8,2,2,8,298,298
"V",8,2,2,9,196,196
"V",8,2,3,-1,1194,270
"V",8,2,3,-10,41,0
"V",8,2,3,-11,31,0
"V",8,2,3,-12,20,0
"V",8,2,3,-13,13,0
"V",8,2,3,-14,7,0
"V",8,2,3,-15,1,0
"V",8,2,3,-16,4,0
"V",8,2,3,-18,1,0
"V",8,2,3,-2,767,66
"V",8,2,3,-3,602,29
"V",8,2,3,-4,430,11
"V",8,2,3,-5,360,3
"V",8,2,3,-6,215,1
"V",8,2,3,-7,163,0
"V",8,2,3,-8,105,0
"V",8,2,3,-9,69,0
"V",8,2,3,0,1464,658
"V",8,2,3,1,1414,1061
"V",8,2,3,10,71,71
"V",8,2,3,11,53,52
"V",8,2,3,12,41,41
"V",8,2,3,13,18,18
"V",8,2,3,14,11,11
"V",8,2,3,15,9,9
"V",8,2,3,16,4,4
"V",8,2,3,17,3,3
"V",8,2,3,19,4,4
"V",8,2,3,2,1207,1042
"V",8,2,3,20,1,1
"V",8,2,3,23,1,1
"V",8,2,3,3,991,924
"V",8,2,3,4,795,774
"V",8,2,3,5,583,572
"V",8,2,3,6,397,393
"V",8,2,3,7,304,303
"V",8,2,3,8,223,223
"V",8,2,3,9,128,128
"V",8,2,4,-1,958,216
"V",8,2,4,-10,60,0
"V",8,2,4,-11,45,0
"V",8,2,4,-12,21,0
"V",8,2,4,-13,9,0
"V",8,2,4,-14,7,0
"V",8,2,4,-15,7,0
"V",8,2,4,-16,3,0
"V",8,2,4,-17,1,0
"V",8,2,4,-19,2,0
"V",8,2,4,-2,896,90
"V",8,2,4,-23,1,0
"V",8,2,4,-3,757,38
"V",8,2,4,-4,539,16
"V",8,2,4,-5,381,4
"V",8,2,4,-6,278,3
"V",8,2,4,-7,181,0
"V",8,2,4,-8,158,0
"V",8,2,4,-9,98,0
"V",8,2,4,0,1207,541
"V",8,2,4,1,1097,822
"V",8,2,4,10,56,56
"V",8,2,4,11,50,50
"V",8,2,4,12,28,28
"V",8,2,4,13,14,14
"V",8,2,4,14,7,7
"V",8,2,4,15,6,6
"V",8,2,4,16,4,4
"V",8,2,4,17,2,2
"V",8,2,4,2,984,837
"V",8,2,4,20,1,1
"V",8,2,4,23,1,1
"V",8,2,4,3,760,694
"V",8,2,4,4,616,595
"V",8,2,4,5,440,432
"V",8,2,4,6,276,275
"V",8,2,4,7,236,236
"V",8,2,4,8,160,160
"V",8,2,4,9,85,85
"V",8,2,5,-1,478,91
"V",8,2,5,-10,14,0
"V",8,2,5,-11,17,0
"V",8,2,5,-12,10,0
"V",8,2,5,-13,4,0
"V",8,2,5,-14,4,0
"V",8,2,5,-15,2,0
"V",8,2,5,-16,3,0
"V",8,2,5,-2,288,29
"V",8,2,5,-3,236,5
"V",8,2,5,-4,179,4
"V",8,2,5,-5,132,0
"V",8,2,5,-6,96,0
"V",8,2,5,-7,65,0
"V",8,2,5,-8,42,0
"V",8,2,5,-9,23,0
"V",8,2,5,0,537,265
"V",8,2,5,1,523,392
"V",8,2,5,10,33,33
"V",8,2,5,11,27,27
"V",8,2,5,12,16,16
"V",8,2,5,13,13,13
"V",8,2,5,14,6,6
"V",8,2,5,15,6,6
"V",8,2,5,16,3,3
"V",8,2,5,2,525,448
"V",8,2,5,3,419,386
"V",8,2,5,4,329,318
"V",8,2,5,5,254,252
"V",8,2,5,6,181,181
"V",8,2,5,7,132,132
"V",8,2,5,8,82,81
"V",8,2,5,9,51,51
"V",8,2,6,-1,480,111
"V",8,2,6,-10,30,0
"V",8,2,6,-11,13,0
"V",8,2,6,-12,7,0
"V",8,2,6,-13,1,0
"V",8,2,6,-15,1,0
"V",8,2,6,-16,5,0
"V",8,2,6,-2,354,41
"V",8,2,6,-3,311,11
"V",8,2,6,-4,199,3
"V",8,2,6,-5,156,1
"V",8,2,6,-6,100,0
"V",8,2,6,-7,67,0
"V",8,2,6,-8,44,0
"V",8,2,6,-9,26,0
"V",8,2,6,0,565,281
"V",8,2,6,1,520,389
"V",8,2,6,10,24,24
"V",8,2,6,11,22,22
"V",8,2,6,12,13,13
"V",8,2,6,13,11,11
"V",8,2,6,14,6,6
"V",8,2,6,15,3,3
"V",8,2,6,16,6,6
"V",8,2,6,17,2,2
"V",8,2,6,19,1,1
"V",8,2,6,2,457,399
"V",8,2,6,22,1,1
"V",8,2,6,3,387,360
"V",8,2,6,4,284,277
"V",8,2,6,5,203,194
"V",8,2,6,6,158,157
"V",8,2,6,7,115,115
"V",8,2,6,8,82,82
"V",8,2,6,9,51,51
"V",8,2,7,-1,299,86
"V",8,2,7,-10,14,0
"V",8,2,7,-11,6,0
"V",8,2,7,-12,3,0
"V",8,2,7,-14,6,0
"V",8,2,7,-15,1,0
"V",8,2,7,-16,4,0
"V",8,2,7,-17,1,0
"V",8,2,7,-2,251,28
"V",8,2,7,-3,169,14
"V",8,2,7,-4,131,6
"V",8,2,7,-5,112,0
"V",8,2,7,-6,64,1
"V",8,2,7,-7,51,0
"V",8,2,7,-8,28,0
"V",8,2,7,-9,23,0
"V",8,2,7,0,318,167
"V",8,2,7,1,381,287
"V",8,2,7,10,20,20
"V",8,2,7,11,9,9
"V",8,2,7,12,10,10
"V",8,2,7,13,9,9
"V",8,2,7,14,3,3
"V",8,2,7,15,1,1
"V",8,2,7,17,1,1
"V",8,2,7,18,1,1
"V",8,2,7,19,2,2
"V",8,2,7,2,296,262
"V",8,2,7,3,255,241
"V",8,2,7,4,186,184
"V",8,2,7,5,154,150
"V",8,2,7,6,127,126
"V",8,2,7,7,87,87
"V",8,2,7,8,54,54
"V",8,2,7,9,42,42
"V",8,2,8,-1,348,99
"V",8,2,8,-10,9,0
"V",8,2,8,-11,9,0
"V",8,2,8,-12,5,0
"V",8,2,8,-13,1,0
"V",8,2,8,-14,1,0
"V",8,2,8,-16,1,0
"V",8,2,8,-17,1,0
"V",8,2,8,-18,1,0
"V",8,2,8,-19,2,0
"V",8,2,8,-2,240,42
"V",8,2,8,-3,173,11
"V",8,2,8,-4,122,5
"V",8,2,8,-5,104,1
"V",8,2,8,-6,72,0
"V",8,2,8,-7,50,0
"V",8,2,8,-8,27,0
"V",8,2,8,-9,23,0
"V",8,2,8,0,424,219
"V",8,2,8,1,423,323
"V",8,2,8,10,16,16
"V",8,2,8,11,10,10
"V",8,2,8,12,7,7
"V",8,2,8,13,11,11
"V",8,2,8,14,2,2
"V",8,2,8,15,2,2
"V",8,2,8,16,2,2
"V",8,2,8,17,1,1
"V",8,2,8,2,369,319
"V",8,2,8,3,271,253
"V",8,2,8,4,199,193
"V",8,2,8,5,141,137
"V",8,2,8,6,90,88
"V",8,2,8,7,71,71
"V",8,2,8,8,61,61
"V",8,2,8,9,28,28
"V",9,0,1,-1,7434,1026
"V",9,0,1,-10,559,0
"V",9,0,1,-11,320,0
"V",9,0,1,-12,246,0
"V",9,0,1,-13,150,0
"V",9,0,1,-14,85,0
"V",9,0,1,-15,49,0
"V",9,0,1,-16,40,0
"V",9,0,1,-17,16,0
"V",9,0,1,-18,17,0
"V",9,0,1,-19,8,0
"V",9,0,1,-2,6495,368
"V",9,0,1,-20,5,0
"V",9,0,1,-21,4,0
"V",9,0,1,-22,1,0
"V",9,0,1,-25,1,0
"V",9,0,1,-26,1,0
"V",9,0,1,-3,5448,138
"V",9,0,1,-4,4376,42
"V",9,0,1,-5,3251,14
"V",9,0,1,-6,2266,9
"V",9,0,1,-7,1623,1
"V",9,0,1,-8,1146,1
"V",9,0,1,-9,807,0
"V",9,0,1,0,7488,3545
"V",9,0,1,1,7143,6065
"V",9,0,1,10,317,317
"V",9,0,1,11,218,218
"V",9,0,1,12,148,148
"V",9,0,1,13,94,94
"V",9,0,1,14,62,62
"V",9,0,1,15,34,34
"V",9,0,1,16,22,22
"V",9,0,1,17,13,13
"V",9,0,1,18,5,5
"V",9,0,1,19,5,5
"V",9,0,1,2,5857,5441
"V",9,0,1,20,1,1
"V",9,0,1,21,2,2
"V",9,0,1,23,3,3
"V",9,0,1,25,1,1
"V",9,0,1,3,4634,4483
"V",9,0,1,4,3525,3478
"V",9,0,1,5,2509,2492
"V",9,0,1,6,1842,1838
"V",9,0,1,7,1261,1261
"V",9,0,1,8,785,785
"V",9,0,1,9,534,534
"V",9,0,2,-1,1956,493
"V",9,0,2,-10,157,0
"V",9,0,2,-11,88,0
"V",9,0,2,-12,66,0
"V",9,0,2,-13,48,0
"V",9,0,2,-14,19,0
"V",9,0,2,-15,12,0
"V",9,0,2,-16,12,0
"V",9,0,2,-17,3,0
"V",9,0,2,-18,4,0
"V",9,0,2,-19,2,0
"V",9,0,2,-2,1731,200
"V",9,0,2,-20,3,0
"V",9,0,2,-21,1,0
"V",9,0,2,-26,1,0
"V",9,0,2,-3,1378,77
"V",9,0,2,-4,1152,25
"V",9,0,2,-5,910,11
"V",9,0,2,-6,632,7
"V",9,0,2,-7,441,1
"V",9,0,2,-8,316,1
"V",9,0,2,-9,234,0
"V",9,0,2,0,2042,1167
"V",9,0,2,1,1943,1687
"V",9,0,2,10,106,106
"V",9,0,2,11,70,70
"V",9,0,2,12,45,45
"V",9,0,2,13,26,26
"V",9,0,2,14,14,14
"V",9,0,2,15,12,12
"V",9,0,2,16,9,9
"V",9,0,2,17,3,3
"V",9,0,2,18,1,1
"V",9,0,2,19,3,3
"V",9,0,2,2,1566,1473
"V",9,0,2,21,1,1
"V",9,0,2,3,1282,1242
"V",9,0,2,4,975,966
"V",9,0,2,5,756,749
"V",9,0,2,6,536,536
"V",9,0,2,7,355,355
"V",9,0,2,8,221,221
"V",9,0,2,9,156,156
"V",9,0,3,-1,377,117
"V",9,0,3,-10,38,0
"V",9,0,3,-11,25,0
"V",9,0,3,-12,12,0
"V",9,0,3,-13,8,0
"V",9,0,3,-14,11,0
"V",9,0,3,-15,7,0
"V",9,0,3,-16,3,0
"V",9,0,3,-17,1,0
"V",9,0,3,-18,1,0
"V",9,0,3,-19,1,0
"V",9,0,3,-2,333,47
"V",9,0,3,-21,1,0
"V",9,0,3,-3,301,23
"V",9,0,3,-4,235,4
"V",9,0,3,-5,178,1
"V",9,0,3,-6,137,1
"V",9,0,3,-7,100,0
"V",9,0,3,-8,77,0
"V",9,0,3,-9,46,0
"V",9,0,3,0,412,267
"V",9,0,3,1,437,384
"V",9,0,3,10,23,23
"V",9,0,3,11,17,17
"V",9,0,3,12,13,13
"V",9,0,3,13,17,17
"V",9,0,3,14,7,7
"V",9,0,3,15,3,3
"V",9,0,3,16,2,2
"V",9,0,3,17,2,2
"V",9,0,3,18,2,2
"V",9,0,3,19,1,1
"V",9,0,3,2,360,345
"V",9,0,3,3,307,299
"V",9,0,3,4,234,233
"V",9,0,3,5,170,169
"V",9,0,3,6,128,128
"V",9,0,3,7,109,109
"V",9,0,3,8,66,66
"V",9,0,3,9,50,50
"V",9,0,4,-1,395,168
"V",9,0,4,-10,45,0
"V",9,0,4,-11,28,0
"V",9,0,4,-12,19,0
"V",9,0,4,-13,13,0
"V",9,0,4,-14,6,0
"V",9,0,4,-15,5,0
"V",9,0,4,-16,3,0
"V",9,0,4,-17,2,0
"V",9,0,4,-2,436,101
"V",9,0,4,-20,1,0
"V",9,0,4,-3,358,49
"V",9,0,4,-4,300,18
"V",9,0,4,-5,241,12
"V",9,0,4,-6,156,6
"V",9,0,4,-7,113,1
"V",9,0,4,-8,74,1
"V",9,0,4,-9,55,0
"V",9,0,4,0,342,236
"V",9,0,4,1,333,302
"V",9,0,4,10,29,29
"V",9,0,4,11,20,20
"V",9,0,4,12,11,11
"V",9,0,4,13,10,10
"V",9,0,4,14,2,2
"V",9,0,4,15,1,1
"V",9,0,4,16,1,1
"V",9,0,4,17,1,1
"V",9,0,4,2,297,287
"V",9,0,4,3,245,238
"V",9,0,4,4,212,211
"V",9,0,4,5,173,171
"V",9,0,4,6,125,125
"V",9,0,4,7,96,96
"V",9,0,4,8,63,63
"V",9,0,4,9,44,44
"V",9,0,5,-1,92,39
"V",9,0,5,-10,6,0
"V",9,0,5,-11,13,0
"V",9,0,5,-12,1,0
"V",9,0,5,-13,2,0
"V",9,0,5,-14,7,0
"V",9,0,5,-16,3,0
"V",9,0,5,-2,73,7
"V",9,0,5,-22,1,0
"V",9,0,5,-3,77,3
"V",9,0,5,-4,64,0
"V",9,0,5,-5,49,1
"V",9,0,5,-6,39,0
"V",9,0,5,-7,26,0
"V",9,0,5,-8,27,0
"V",9,0,5,-9,11,0
"V",9,0,5,0,126,97
"V",9,0,5,1,123,113
"V",9,0,5,10,7,7
"V",9,0,5,11,7,7
"V",9,0,5,12,2,2
"V",9,0,5,13,2,2
"V",9,0,5,14,4,4
"V",9,0,5,15,3,3
"V",9,0,5,17,1,1
"V",9,0,5,2,106,102
"V",9,0,5,3,72,71
"V",9,0,5,4,80,79
"V",9,0,5,5,59,59
"V",9,0,5,6,54,53
"V",9,0,5,7,36,36
"V",9,0,5,8,14,14
"V",9,0,5,9,14,14
"V",9,0,6,-1,189,92
"V",9,0,6,-10,13,0
"V",9,0,6,-11,9,0
"V",9,0,6,-12,4,0
"V",9,0,6,-13,3,0
"V",9,0,6,-14,3,0
"V",9,0,6,-15,3,0
"V",9,0,6,-16,2,0
"V",9,0,6,-19,1,0
"V",9,0,6,-2,155,29
"V",9,0,6,-3,94,9
"V",9,0,6,-4,85,7
"V",9,0,6,-5,79,2
"V",9,0,6,-6,50,0
"V",9,0,6,-7,39,0
"V",9,0,6,-8,30,0
"V",9,0,6,-9,20,0
"V",9,0,6,0,155,125
"V",9,0,6,1,154,139
"V",9,0,6,10,14,14
"V",9,0,6,11,3,3
"V",9,0,6,12,6,6
"V",9,0,6,13,5,5
"V",9,0,6,15,5,5
"V",9,0,6,16,1,1
"V",9,0,6,2,135,134
"V",9,0,6,3,114,113
"V",9,0,6,4,90,90
"V",9,0,6,5,75,75
"V",9,0,6,6,55,55
"V",9,0,6,7,47,47
"V",9,0,6,8,21,21
"V",9,0,6,9,12,12
"V",9,0,7,-1,93,54
"V",9,0,7,-10,10,0
"V",9,0,7,-11,5,0
"V",9,0,7,-12,3,0
"V",9,0,7,-13,1,0
"V",9,0,7,-15,2,0
"V",9,0,7,-2,89,21
"V",9,0,7,-26,1,0
"V",9,0,7,-3,76,10
"V",9,0,7,-4,47,2
"V",9,0,7,-5,43,1
"V",9,0,7,-6,37,1
"V",9,0,7,-7,25,0
"V",9,0,7,-8,17,0
"V",9,0,7,-9,13,0
"V",9,0,7,0,67,54
"V",9,0,7,1,76,69
"V",9,0,7,10,8,8
"V",9,0,7,11,3,3
"V",9,0,7,12,5,5
"V",9,0,7,14,3,3
"V",9,0,7,15,3,3
"V",9,0,7,16,1,1
"V",9,0,7,17,1,1
"V",9,0,7,2,67,63
"V",9,0,7,3,69,68
"V",9,0,7,4,50,50
"V",9,0,7,5,45,45
"V",9,0,7,6,42,42
"V",9,0,7,7,28,28
"V",9,0,7,8,19,19
"V",9,0,7,9,15,15
"V",9,0,8,-1,99,60
"V",9,0,8,-10,13,0
"V",9,0,8,-11,9,0
"V",9,0,8,-12,7,0
"V",9,0,8,-13,5,0
"V",9,0,8,-14,1,0
"V",9,0,8,-15,1,0
"V",9,0,8,-16,1,0
"V",9,0,8,-2,82,25
"V",9,0,8,-3,77,20
"V",9,0,8,-4,63,8
"V",9,0,8,-5,52,4
"V",9,0,8,-6,26,3
"V",9,0,8,-7,25,2
"V",9,0,8,-8,13,1
"V",9,0,8,-9,15,0
"V",9,0,8,0,121,102
"V",9,0,8,1,95,90
"V",9,0,8,10,8,8
"V",9,0,8,11,4,4
"V",9,0,8,12,3,3
"V",9,0,8,13,5,5
"V",9,0,8,14,1,1
"V",9,0,8,15,3,3
"V",9,0,8,16,1,1
"V",9,0,8,17,1,1
"V",9,0,8,2,76,73
"V",9,0,8,3,75,75
"V",9,0,8,4,70,70
"V",9,0,8,5,34,34
"V",9,0,8,6,32,32
"V",9,0,8,7,26,26
"V",9,0,8,8,15,15
"V",9,0,8,9,11,11
"V",9,1,1,-1,5220,373
"V",9,1,1,-10,379,0
"V",9,1,1,-11,213,0
"V",9,1,1,-12,169,0
"V",9,1,1,-13,96,0
"V",9,1,1,-14,53,0
"V",9,1,1,-15,30,0
"V",9,1,1,-16,27,0
"V",9,1,1,-17,12,0
"V",9,1,1,-18,13,0
"V",9,1,1,-19,4,0
"V",9,1,1,-2,4520,112
"V",9,1,1,-20,2,0
"V",9,1,1,-21,2,0
"V",9,1,1,-25,1,0
"V",9,1,1,-3,3817,31
"V",9,1,1,-4,3051,13
"V",9,1,1,-5,2187,1
"V",9,1,1,-6,1500,2
"V",9,1,1,-7,1099,0
"V",9,1,1,-8,760,0
"V",9,1,1,-9,530,0
"V",9,1,1,0,5157,2130
"V",9,1,1,1,4977,4149
"V",9,1,1,10,221,221
"V",9,1,1,11,151,151
"V",9,1,1,12,110,110
"V",9,1,1,13,65,65
"V",9,1,1,14,48,48
"V",9,1,1,15,29,29
"V",9,1,1,16,16,16
"V",9,1,1,17,11,11
"V",9,1,1,18,6,6
"V",9,1,1,19,3,3
"V",9,1,1,2,4175,3852
"V",9,1,1,20,1,1
"V",9,1,1,21,1,1
"V",9,1,1,23,3,3
"V",9,1,1,25,1,1
"V",9,1,1,3,3306,3194
"V",9,1,1,4,2506,2467
"V",9,1,1,5,1771,1759
"V",9,1,1,6,1289,1285
"V",9,1,1,7,902,901
"V",9,1,1,8,581,581
"V",9,1,1,9,380,380
"V",9,1,2,-1,2257,333
"V",9,1,2,-10,174,0
"V",9,1,2,-11,99,0
"V",9,1,2,-12,83,0
"V",9,1,2,-13,42,0
"V",9,1,2,-14,20,0
"V",9,1,2,-15,13,0
"V",9,1,2,-16,17,0
"V",9,1,2,-17,5,0
"V",9,1,2,-18,5,0
"V",9,1,2,-19,3,0
"V",9,1,2,-2,2102,134
"V",9,1,2,-20,3,0
"V",9,1,2,-21,1,0
"V",9,1,2,-25,1,0
"V",9,1,2,-3,1784,44
"V",9,1,2,-4,1431,18
"V",9,1,2,-5,1063,2
"V",9,1,2,-6,718,0
"V",9,1,2,-7,535,0
"V",9,1,2,-8,378,0
"V",9,1,2,-9,269,0
"V",9,1,2,0,2137,1045
"V",9,1,2,1,2098,1754
"V",9,1,2,10,137,137
"V",9,1,2,11,88,88
"V",9,1,2,12,62,62
"V",9,1,2,13,37,37
"V",9,1,2,14,24,24
"V",9,1,2,15,19,19
"V",9,1,2,16,9,9
"V",9,1,2,17,5,5
"V",9,1,2,18,4,4
"V",9,1,2,19,5,5
"V",9,1,2,2,1739,1625
"V",9,1,2,20,1,1
"V",9,1,2,21,1,1
"V",9,1,2,25,1,1
"V",9,1,2,3,1504,1445
"V",9,1,2,4,1128,1120
"V",9,1,2,5,876,865
"V",9,1,2,6,650,649
"V",9,1,2,7,440,439
"V",9,1,2,8,332,332
"V",9,1,2,9,200,200
"V",9,1,3,-1,826,163
"V",9,1,3,-10,54,0
"V",9,1,3,-11,38,0
"V",9,1,3,-12,23,0
"V",9,1,3,-13,16,0
"V",9,1,3,-14,12,0
"V",9,1,3,-15,7,0
"V",9,1,3,-16,3,0
"V",9,1,3,-17,2,0
"V",9,1,3,-18,5,0
"V",9,1,3,-19,1,0
"V",9,1,3,-2,535,45
"V",9,1,3,-21,1,0
"V",9,1,3,-3,498,11
"V",9,1,3,-4,427,4
"V",9,1,3,-5,324,1
"V",9,1,3,-6,216,1
"V",9,1,3,-7,169,0
"V",9,1,3,-8,129,0
"V",9,1,3,-9,73,0
"V",9,1,3,0,1339,778
"V",9,1,3,1,1294,1138
"V",9,1,3,10,48,48
"V",9,1,3,11,34,34
"V",9,1,3,12,31,31
"V",9,1,3,13,21,21
"V",9,1,3,14,14,14
"V",9,1,3,15,5,5
"V",9,1,3,16,6,6
"V",9,1,3,17,3,3
"V",9,1,3,18,2,2
"V",9,1,3,19,2,2
"V",9,1,3,2,1036,974
"V",9,1,3,3,861,838
"V",9,1,3,4,627,618
"V",9,1,3,5,460,452
"V",9,1,3,6,334,334
"V",9,1,3,7,223,223
"V",9,1,3,8,136,136
"V",9,1,3,9,86,86
"V",9,1,4,-1,678,189
"V",9,1,4,-10,64,0
"V",9,1,4,-11,40,0
"V",9,1,4,-12,27,0
"V",9,1,4,-13,15,0
"V",9,1,4,-14,12,0
"V",9,1,4,-15,7,0
"V",9,1,4,-16,4,0
"V",9,1,4,-17,5,0
"V",9,1,4,-18,1,0
"V",9,1,4,-19,1,0
"V",9,1,4,-2,710,106
"V",9,1,4,-24,1,0
"V",9,1,4,-25,1,0
"V",9,1,4,-3,624,44
"V",9,1,4,-4,508,20
"V",9,1,4,-5,357,4
"V",9,1,4,-6,269,0
"V",9,1,4,-7,205,0
"V",9,1,4,-8,152,0
"V",9,1,4,-9,97,0
"V",9,1,4,0,863,507
"V",9,1,4,1,809,706
"V",9,1,4,10,60,60
"V",9,1,4,11,37,37
"V",9,1,4,12,32,32
"V",9,1,4,13,16,16
"V",9,1,4,14,8,8
"V",9,1,4,15,6,6
"V",9,1,4,16,5,5
"V",9,1,4,17,3,3
"V",9,1,4,18,2,2
"V",9,1,4,2,616,581
"V",9,1,4,20,1,1
"V",9,1,4,3,522,505
"V",9,1,4,4,418,418
"V",9,1,4,5,328,323
"V",9,1,4,6,229,229
"V",9,1,4,7,181,181
"V",9,1,4,8,144,144
"V",9,1,4,9,82,82
"V",9,1,5,-1,280,71
"V",9,1,5,-10,20,0
"V",9,1,5,-11,17,0
"V",9,1,5,-12,4,0
"V",9,1,5,-13,11,0
"V",9,1,5,-14,3,0
"V",9,1,5,-15,2,0
"V",9,1,5,-16,3,0
"V",9,1,5,-17,1,0
"V",9,1,5,-18,2,0
"V",9,1,5,-2,165,12
"V",9,1,5,-22,1,0
"V",9,1,5,-3,160,6
"V",9,1,5,-4,152,0
"V",9,1,5,-5,99,1
"V",9,1,5,-6,78,0
"V",9,1,5,-7,53,0
"V",9,1,5,-8,52,0
"V",9,1,5,-9,37,0
"V",9,1,5,0,349,221
"V",9,1,5,1,399,360
"V",9,1,5,10,19,19
"V",9,1,5,11,20,20
"V",9,1,5,12,15,15
"V",9,1,5,13,7,7
"V",9,1,5,14,2,2
"V",9,1,5,15,1,1
"V",9,1,5,17,2,2
"V",9,1,5,18,2,2
"V",9,1,5,19,1,1
"V",9,1,5,2,386,365
"V",9,1,5,3,281,276
"V",9,1,5,4,256,253
"V",9,1,5,5,182,182
"V",9,1,5,6,133,131
"V",9,1,5,7,100,100
"V",9,1,5,8,57,57
"V",9,1,5,9,41,41
"V",9,1,6,-1,347,128
"V",9,1,6,-10,17,0
"V",9,1,6,-11,19,0
"V",9,1,6,-12,7,0
"V",9,1,6,-13,3,0
"V",9,1,6,-14,7,0
"V",9,1,6,-15,3,0
"V",9,1,6,-18,1,0
"V",9,1,6,-2,273,39
"V",9,1,6,-22,1,0
"V",9,1,6,-3,234,20
"V",9,1,6,-4,187,5
"V",9,1,6,-5,152,0
"V",9,1,6,-6,96,0
"V",9,1,6,-7,73,0
"V",9,1,6,-8,53,0
"V",9,1,6,-9,32,0
"V",9,1,6,0,400,277
"V",9,1,6,1,407,366
"V",9,1,6,10,28,28
"V",9,1,6,11,18,18
"V",9,1,6,12,20,20
"V",9,1,6,13,8,8
"V",9,1,6,14,7,7
"V",9,1,6,15,5,5
"V",9,1,6,18,1,1
"V",9,1,6,2,324,313
"V",9,1,6,3,307,299
"V",9,1,6,4,235,234
"V",9,1,6,5,173,173
"V",9,1,6,6,145,145
"V",9,1,6,7,99,99
"V",9,1,6,8,51,51
"V",9,1,6,9,45,45
"V",9,1,7,-1,288,133
"V",9,1,7,-10,27,0
"V",9,1,7,-11,13,0
"V",9,1,7,-12,9,0
"V",9,1,7,-13,3,0
"V",9,1,7,-14,1,0
"V",9,1,7,-15,1,0
"V",9,1,7,-2,272,52
"V",9,1,7,-21,1,0
"V",9,1,7,-26,1,0
"V",9,1,7,-3,148,12
"V",9,1,7,-4,100,4
"V",9,1,7,-5,91,0
"V",9,1,7,-6,85,0
"V",9,1,7,-7,62,0
"V",9,1,7,-8,32,0
"V",9,1,7,-9,19,0
"V",9,1,7,0,301,208
"V",9,1,7,1,314,275
"V",9,1,7,10,25,25
"V",9,1,7,11,12,12
"V",9,1,7,12,10,10
"V",9,1,7,13,5,5
"V",9,1,7,14,3,3
"V",9,1,7,15,2,2
"V",9,1,7,17,2,2
"V",9,1,7,2,285,276
"V",9,1,7,21,1,1
"V",9,1,7,3,235,230
"V",9,1,7,4,179,178
"V",9,1,7,5,149,147
"V",9,1,7,6,110,110
"V",9,1,7,7,80,80
"V",9,1,7,8,50,50
"V",9,1,7,9,33,33
"V",9,1,8,-1,267,113
"V",9,1,8,-10,24,0
"V",9,1,8,-11,15,0
"V",9,1,8,-12,7,0
"V",9,1,8,-13,1,0
"V",9,1,8,-14,4,0
"V",9,1,8,-15,4,0
"V",9,1,8,-16,3,0
"V",9,1,8,-17,1,0
"V",9,1,8,-19,1,0
"V",9,1,8,-2,212,50
"V",9,1,8,-3,168,31
"V",9,1,8,-4,136,14
"V",9,1,8,-5,94,2
"V",9,1,8,-6,68,0
"V",9,1,8,-7,56,0
"V",9,1,8,-8,30,0
"V",9,1,8,-9,26,0
"V",9,1,8,0,362,259
"V",9,1,8,1,350,321
"V",9,1,8,10,19,19
"V",9,1,8,11,8,8
"V",9,1,8,12,10,10
"V",9,1,8,13,6,6
"V",9,1,8,14,3,3
"V",9,1,8,15,4,4
"V",9,1,8,16,1,1
"V",9,1,8,17,1,1
"V",9,1,8,2,255,245
"V",9,1,8,3,196,193
"V",9,1,8,4,169,168
"V",9,1,8,5,121,121
"V",9,1,8,6,83,83
"V",9,1,8,7,67,67
"V",9,1,8,8,42,42
"V",9,1,8,9,25,25
"V",9,2,1,-1,3936,101
"V",9,2,1,-10,286,0
"V",9,2,1,-11,143,0
"V",9,2,1,-12,118,0
"V",9,2,1,-13,81,0
"V",9,2,1,-14,42,0
"V",9,2,1,-15,26,0
"V",9,2,1,-16,15,0
"V",9,2,1,-17,8,0
"V",9,2,1,-18,9,0
"V",9,2,1,-19,3,0
"V",9,2,1,-2,3402,20
"V",9,2,1,-20,1,0
"V",9,2,1,-21,2,0
"V",9,2,1,-3,2839,5
"V",9,2,1,-4,2226,0
"V",9,2,1,-5,1588,0
"V",9,2,1,-6,1122,1
"V",9,2,1,-7,810,0
"V",9,2,1,-8,566,0
"V",9,2,1,-9,378,0
"V",9,2,1,0,3909,1412
"V",9,2,1,1,3823,3170
"V",9,2,1,10,190,190
"V",9,2,1,11,130,130
"V",9,2,1,12,85,85
"V",9,2,1,13,61,61
"V",9,2,1,14,46,46
"V",9,2,1,15,22,22
"V",9,2,1,16,13,13
"V",9,2,1,17,9,9
"V",9,2,1,18,4,4
"V",9,2,1,19,2,2
"V",9,2,1,2,3270,2982
"V",9,2,1,20,1,1
"V",9,2,1,21,1,1
"V",9,2,1,23,3,3
"V",9,2,1,3,2583,2494
"V",9,2,1,4,2034,1999
"V",9,2,1,5,1460,1450
"V",9,2,1,6,1041,1037
"V",9,2,1,7,758,758
"V",9,2,1,8,476,476
"V",9,2,1,9,332,332
"V",9,2,2,-1,2377,135
"V",9,2,2,-10,181,0
"V",9,2,2,-11,78,0
"V",9,2,2,-12,92,0
"V",9,2,2,-13,45,0
"V",9,2,2,-14,26,0
"V",9,2,2,-15,8,0
"V",9,2,2,-16,15,0
"V",9,2,2,-17,5,0
"V",9,2,2,-18,6,0
"V",9,2,2,-19,2,0
"V",9,2,2,-2,2108,56
"V",9,2,2,-20,3,0
"V",9,2,2,-3,1822,11
"V",9,2,2,-4,1401,1
"V",9,2,2,-5,1039,0
"V",9,2,2,-6,679,0
"V",9,2,2,-7,530,0
"V",9,2,2,-8,381,0
"V",9,2,2,-9,256,0
"V",9,2,2,0,2161,874
"V",9,2,2,1,2079,1731
"V",9,2,2,10,157,157
"V",9,2,2,11,106,106
"V",9,2,2,12,66,66
"V",9,2,2,13,51,51
"V",9,2,2,14,41,41
"V",9,2,2,15,20,20
"V",9,2,2,16,9,9
"V",9,2,2,17,7,7
"V",9,2,2,18,2,2
"V",9,2,2,19,4,4
"V",9,2,2,2,1817,1672
"V",9,2,2,23,2,2
"V",9,2,2,3,1541,1477
"V",9,2,2,4,1226,1208
"V",9,2,2,5,960,953
"V",9,2,2,6,698,697
"V",9,2,2,7,535,534
"V",9,2,2,8,367,367
"V",9,2,2,9,251,251
"V",9,2,3,-1,985,88
"V",9,2,3,-10,87,0
"V",9,2,3,-11,40,0
"V",9,2,3,-12,24,0
"V",9,2,3,-13,19,0
"V",9,2,3,-14,10,0
"V",9,2,3,-15,6,0
"V",9,2,3,-16,4,0
"V",9,2,3,-17,1,0
"V",9,2,3,-18,3,0
"V",9,2,3,-19,2,0
"V",9,2,3,-2,770,16
"V",9,2,3,-20,2,0
"V",9,2,3,-21,2,0
"V",9,2,3,-25,1,0
"V",9,2,3,-3,712,6
"V",9,2,3,-4,607,0
"V",9,2,3,-5,457,1
"V",9,2,3,-6,312,1
"V",9,2,3,-7,241,0
"V",9,2,3,-8,153,0
"V",9,2,3,-9,115,0
"V",9,2,3,0,1221,563
"V",9,2,3,1,1349,1142
"V",9,2,3,10,66,66
"V",9,2,3,11,55,55
"V",9,2,3,12,40,40
"V",9,2,3,13,28,28
"V",9,2,3,14,21,21
"V",9,2,3,15,13,13
"V",9,2,3,16,11,11
"V",9,2,3,17,3,3
"V",9,2,3,18,3,3
"V",9,2,3,19,1,1
"V",9,2,3,2,1190,1112
"V",9,2,3,20,2,2
"V",9,2,3,3,989,949
"V",9,2,3,4,782,769
"V",9,2,3,5,613,603
"V",9,2,3,6,439,439
"V",9,2,3,7,303,303
"V",9,2,3,8,215,215
"V",9,2,3,9,136,136
"V",9,2,4,-1,938,124
"V",9,2,4,-10,82,0
"V",9,2,4,-11,43,0
"V",9,2,4,-12,31,0
"V",9,2,4,-13,21,0
"V",9,2,4,-14,13,0
"V",9,2,4,-15,3,0
"V",9,2,4,-16,6,0
"V",9,2,4,-17,2,0
"V",9,2,4,-19,1,0
"V",9,2,4,-2,866,55
"V",9,2,4,-3,756,14
"V",9,2,4,-4,557,6
"V",9,2,4,-5,404,0
"V",9,2,4,-6,318,1
"V",9,2,4,-7,219,0
"V",9,2,4,-8,158,0
"V",9,2,4,-9,122,0
"V",9,2,4,0,1139,524
"V",9,2,4,1,1079,901
"V",9,2,4,10,86,86
"V",9,2,4,11,62,62
"V",9,2,4,12,33,33
"V",9,2,4,13,22,22
"V",9,2,4,14,15,15
"V",9,2,4,15,10,10
"V",9,2,4,16,6,6
"V",9,2,4,17,5,5
"V",9,2,4,18,7,7
"V",9,2,4,19,1,1
"V",9,2,4,2,857,810
"V",9,2,4,22,1,1
"V",9,2,4,3,723,692
"V",9,2,4,4,662,656
"V",9,2,4,5,432,426
"V",9,2,4,6,319,319
"V",9,2,4,7,240,240
"V",9,2,4,8,200,200
"V",9,2,4,9,137,137
"V",9,2,5,-1,431,49
"V",9,2,5,-10,40,0
"V",9,2,5,-11,17,0
"V",9,2,5,-12,18,0
"V",9,2,5,-13,8,0
"V",9,2,5,-14,6,0
"V",9,2,5,-15,5,0
"V",9,2,5,-16,5,0
"V",9,2,5,-18,4,0
"V",9,2,5,-19,1,0
"V",9,2,5,-2,298,8
"V",9,2,5,-20,3,0
"V",9,2,5,-3,278,4
"V",9,2,5,-4,243,1
"V",9,2,5,-5,195,0
"V",9,2,5,-6,160,0
"V",9,2,5,-7,102,0
"V",9,2,5,-8,63,0
"V",9,2,5,-9,53,0
"V",9,2,5,0,462,212
"V",9,2,5,1,473,403
"V",9,2,5,10,35,35
"V",9,2,5,11,23,23
"V",9,2,5,12,14,14
"V",9,2,5,13,17,17
"V",9,2,5,14,3,3
"V",9,2,5,15,3,3
"V",9,2,5,16,2,2
"V",9,2,5,17,1,1
"V",9,2,5,18,3,3
"V",9,2,5,19,1,1
"V",9,2,5,2,442,397
"V",9,2,5,3,394,381
"V",9,2,5,4,318,314
"V",9,2,5,5,244,242
"V",9,2,5,6,193,192
"V",9,2,5,7,128,128
"V",9,2,5,8,91,91
"V",9,2,5,9,51,51
"V",9,2,6,-1,474,72
"V",9,2,6,-10,35,0
"V",9,2,6,-11,22,0
"V",9,2,6,-12,14,0
"V",9,2,6,-13,5,0
"V",9,2,6,-14,8,0
"V",9,2,6,-15,2,0
"V",9,2,6,-16,5,0
"V",9,2,6,-17,2,0
"V",9,2,6,-18,2,0
"V",9,2,6,-2,357,24
"V",9,2,6,-20,1,0
"V",9,2,6,-22,1,0
"V",9,2,6,-24,1,0
"V",9,2,6,-3,289,12
"V",9,2,6,-4,234,0
"V",9,2,6,-5,174,1
"V",9,2,6,-6,109,0
"V",9,2,6,-7,95,0
"V",9,2,6,-8,68,0
"V",9,2,6,-9,45,0
"V",9,2,6,0,515,234
"V",9,2,6,1,485,419
"V",9,2,6,10,38,38
"V",9,2,6,11,20,20
"V",9,2,6,12,16,16
"V",9,2,6,13,13,13
"V",9,2,6,14,11,11
"V",9,2,6,15,2,2
"V",9,2,6,16,2,2
"V",9,2,6,17,1,1
"V",9,2,6,18,1,1
"V",9,2,6,19,2,2
"V",9,2,6,2,360,340
"V",9,2,6,20,1,1
"V",9,2,6,3,358,342
"V",9,2,6,4,260,255
"V",9,2,6,5,249,247
"V",9,2,6,6,167,167
"V",9,2,6,7,126,126
"V",9,2,6,8,78,78
"V",9,2,6,9,48,48
"V",9,2,7,-1,249,50
"V",9,2,7,-10,18,0
"V",9,2,7,-11,10,0
"V",9,2,7,-12,14,0
"V",9,2,7,-13,9,0
"V",9,2,7,-14,3,0
"V",9,2,7,-15,1,0
"V",9,2,7,-16,2,0
"V",9,2,7,-18,1,0
"V",9,2,7,-2,240,27
"V",9,2,7,-3,201,4
"V",9,2,7,-4,155,0
"V",9,2,7,-5,141,0
"V",9,2,7,-6,98,0
"V",9,2,7,-7,70,0
"V",9,2,7,-8,55,0
"V",9,2,7,-9,32,0
"V",9,2,7,0,300,152
"V",9,2,7,1,336,286
"V",9,2,7,10,32,32
"V",9,2,7,11,20,20
"V",9,2,7,12,11,11
"V",9,2,7,13,11,11
"V",9,2,7,14,6,6
"V",9,2,7,15,1,1
"V",9,2,7,16,3,3
"V",9,2,7,17,1,1
"V",9,2,7,18,1,1
"V",9,2,7,2,306,289
"V",9,2,7,21,1,1
"V",9,2,7,3,223,215
"V",9,2,7,4,193,191
"V",9,2,7,5,143,138
"V",9,2,7,6,110,110
"V",9,2,7,7,94,94
"V",9,2,7,8,61,61
"V",9,2,7,9,40,40
"V",9,2,8,-1,308,77
"V",9,2,8,-10,22,0
"V",9,2,8,-11,14,0
"V",9,2,8,-12,8,0
"V",9,2,8,-13,4,0
"V",9,2,8,-14,6,0
"V",9,2,8,-15,6,0
"V",9,2,8,-16,2,0
"V",9,2,8,-18,1,0
"V",9,2,8,-2,247,29
"V",9,2,8,-24,1,0
"V",9,2,8,-3,215,9
"V",9,2,8,-4,153,4
"V",9,2,8,-5,100,0
"V",9,2,8,-6,86,0
"V",9,2,8,-7,54,0
"V",9,2,8,-8,32,0
"V",9,2,8,-9,34,0
"V",9,2,8,0,428,224
"V",9,2,8,1,435,366
"V",9,2,8,10,20,20
"V",9,2,8,11,15,15
"V",9,2,8,12,12,12
"V",9,2,8,13,14,14
"V",9,2,8,14,7,7
"V",9,2,8,15,4,4
"V",9,2,8,16,4,4
"V",9,2,8,17,1,1
"V",9,2,8,18,2,2
"V",9,2,8,2,311,293
"V",9,2,8,20,1,1
"V",9,2,8,3,249,246
"V",9,2,8,4,199,195
"V",9,2,8,5,143,142
"V",9,2,8,6,102,102
"V",9,2,8,7,90,90
"V",9,2,8,8,66,66
"V",9,2,8,9,39,39
"V",10,0,1,0,6482,3054
"V",10,0,1,1,101,89
"V",10,0,1,2,15,15
"V",10,0,1,3,4,4
"V",10,0,1,4,3,2
"V",10,0,2,0,1720,933
"V",10,0,2,1,50,47
"V",10,0,2,2,12,11
"V",10,0,2,3,3,3
"V",10,0,2,4,3,2
"V",10,0,3,0,312,213
"V",10,0,3,1,32,28
"V",10,0,3,2,10,10
"V",10,0,3,3,7,7
"V",10,0,3,4,2,2
"V",10,0,4,0,242,165
"V",10,0,4,1,31,28
"V",10,0,4,2,9,8
"V",10,0,4,3,5,5
"V",10,0,4,4,2,2
"V",10,0,4,5,1,1
"V",10,0,4,7,1,1
"V",10,0,4,8,1,1
"V",10,0,5,0,75,59
"V",10,0,5,1,17,14
"V",10,0,5,2,6,6
"V",10,0,5,3,3,3
"V",10,0,5,4,1,1
"V",10,0,6,0,112,88
"V",10,0,6,1,14,12
"V",10,0,6,2,11,10
"V",10,0,6,3,4,4
"V",10,0,6,4,2,2
"V",10,0,7,0,41,28
"V",10,0,7,1,14,13
"V",10,0,7,2,9,8
"V",10,0,7,3,1,1
"V",10,0,7,4,1,1
"V",10,0,8,0,66,44
"V",10,0,8,1,18,17
"V",10,0,8,2,6,6
"V",10,0,8,3,3,3
"V",10,0,8,4,2,2
"V",10,0,8,5,1,1
"V",10,1,1,0,4360,1807
"V",10,1,1,1,157,123
"V",10,1,1,2,73,69
"V",10,1,1,3,31,31
"V",10,1,1,4,9,8
"V",10,1,1,5,3,3
"V",10,1,1,6,2,2
"V",10,1,2,0,1695,792
"V",10,1,2,1,165,136
"V",10,1,2,2,60,57
"V",10,1,2,3,31,31
"V",10,1,2,4,13,13
"V",10,1,2,5,3,3
"V",10,1,2,6,3,3
"V",10,1,3,0,999,549
"V",10,1,3,1,133,120
"V",10,1,3,2,42,39
"V",10,1,3,3,23,23
"V",10,1,3,4,11,11
"V",10,1,3,5,2,2
"V",10,1,3,7,1,1
"V",10,1,4,0,585,339
"V",10,1,4,1,135,121
"V",10,1,4,2,53,49
"V",10,1,4,3,25,25
"V",10,1,4,4,9,9
"V",10,1,4,5,4,4
"V",10,1,4,6,1,1
"V",10,1,4,8,2,2
"V",10,1,4,9,1,1
"V",10,1,5,0,222,152
"V",10,1,5,1,61,56
"V",10,1,5,2,20,17
"V",10,1,5,3,10,9
"V",10,1,5,4,8,7
"V",10,1,5,5,2,2
"V",10,1,5,8,1,1
"V",10,1,6,0,254,180
"V",10,1,6,1,86,74
"V",10,1,6,2,38,37
"V",10,1,6,3,13,13
"V",10,1,6,4,9,9
"V",10,1,6,5,5,5
"V",10,1,6,6,3,3
"V",10,1,6,7,1,1
"V",10,1,7,0,139,98
"V",10,1,7,1,56,53
"V",10,1,7,2,33,30
"V",10,1,7,3,10,10
"V",10,1,7,4,3,3
"V",10,1,7,6,1,1
"V",10,1,8,0,201,138
"V",10,1,8,1,68,63
"V",10,1,8,2,23,22
"V",10,1,8,3,10,10
"V",10,1,8,4,3,3
"V",10,1,8,5,1,1
"V",10,2,1,0,3122,1167
"V",10,2,1,1,216,178
"V",10,2,1,2,117,110
"V",10,2,1,3,46,46
"V",10,2,1,4,22,21
"V",10,2,1,5,6,6
"V",10,2,1,6,5,5
"V",10,2,1,7,2,2
"V",10,2,1,8,1,1
"V",10,2,2,0,1446,551
"V",10,2,2,1,284,236
"V",10,2,2,2,110,104
"V",10,2,2,3,61,61
"V",10,2,2,4,32,31
"V",10,2,2,5,11,11
"V",10,2,2,6,3,3
"V",10,2,2,8,3,3
"V",10,2,3,0,797,373
"V",10,2,3,1,222,188
"V",10,2,3,2,109,99
"V",10,2,3,3,42,42
"V",10,2,3,4,31,30
"V",10,2,3,5,10,10
"V",10,2,3,6,3,3
"V",10,2,3,7,3,3
"V",10,2,4,0,708,329
"V",10,2,4,1,229,190
"V",10,2,4,2,116,106
"V",10,2,4,3,43,42
"V",10,2,4,4,23,22
"V",10,2,4,5,8,8
"V",10,2,4,6,1,1
"V",10,2,4,8,1,1
"V",10,2,4,9,1,1
"V",10,2,5,0,269,119
"V",10,2,5,1,77,65
"V",10,2,5,2,54,50
"V",10,2,5,3,24,22
"V",10,2,5,4,10,10
"V",10,2,5,5,2,2
"V",10,2,5,6,2,2
"V",10,2,5,7,1,1
"V",10,2,5,8,1,1
"V",10,2,6,0,274,117
"V",10,2,6,1,109,94
"V",10,2,6,2,49,43
"V",10,2,6,3,23,22
"V",10,2,6,4,18,18
"V",10,2,6,5,5,5
"V",10,2,6,6,1,1
"V",10,2,7,0,128,61
"V",10,2,7,1,74,62
"V",10,2,7,2,37,35
"V",10,2,7,3,13,12
"V",10,2,7,4,5,5
"V",10,2,7,5,3,3
"V",10,2,7,7,1,1
"V",10,2,8,0,207,96
"V",10,2,8,1,92,79
"V",10,2,8,2,39,37
"V",10,2,8,3,11,9
"V",10,2,8,4,4,3
"V",10,2,8,5,2,2
"V",10,2,8,6,1,1
"V",11,0,1,0,3601,1656
"V",11,0,1,1,55,48
"V",11,0,1,2,10,10
"V",11,0,1,3,6,6
"V",11,0,1,4,3,2
"V",11,0,1,5,1,1
"V",11,0,2,0,952,528
"V",11,0,2,1,25,23
"V",11,0,2,2,6,6
"V",11,0,2,3,5,5
"V",11,0,3,0,183,125
"V",11,0,3,1,15,13
"V",11,0,3,2,5,3
"V",11,0,3,5,1,1
"V",11,0,4,0,132,89
"V",11,0,4,1,14,12
"V",11,0,4,2,5,4
"V",11,0,4,3,1,1
"V",11,0,5,0,37,28
"V",11,0,5,1,5,5
"V",11,0,5,2,5,5
"V",11,0,5,3,1,1
"V",11,0,6,0,67,51
"V",11,0,6,1,6,6
"V",11,0,6,2,1,1
"V",11,0,6,3,3,3
"V",11,0,7,0,24,19
"V",11,0,7,1,10,9
"V",11,0,7,2,1,1
"V",11,0,7,3,3,2
"V",11,0,7,4,1,1
"V",11,0,8,0,35,26
"V",11,0,8,1,10,10
"V",11,0,8,2,1,1
"V",11,1,1,0,2445,972
"V",11,1,1,1,90,77
"V",11,1,1,2,24,24
"V",11,1,1,3,13,13
"V",11,1,1,4,9,8
"V",11,1,1,5,1,1
"V",11,1,2,0,955,454
"V",11,1,2,1,95,83
"V",11,1,2,2,27,26
"V",11,1,2,3,18,18
"V",11,1,2,4,8,8
"V",11,1,2,5,1,1
"V",11,1,3,0,519,290
"V",11,1,3,1,63,52
"V",11,1,3,2,23,21
"V",11,1,3,3,11,11
"V",11,1,3,4,6,6
"V",11,1,4,0,297,159
"V",11,1,4,1,76,68
"V",11,1,4,2,24,23
"V",11,1,4,3,9,9
"V",11,1,4,4,5,5
"V",11,1,4,5,1,1
"V",11,1,4,6,1,1
"V",11,1,5,0,102,69
"V",11,1,5,1,33,30
"V",11,1,5,2,11,11
"V",11,1,5,3,2,2
"V",11,1,5,4,3,3
"V",11,1,5,5,2,2
"V",11,1,5,6,1,1
"V",11,1,6,0,116,84
"V",11,1,6,1,51,46
"V",11,1,6,2,12,12
"V",11,1,6,3,7,6
"V",11,1,6,4,2,2
"V",11,1,6,5,2,2
"V",11,1,6,6,1,1
"V",11,1,6,7,1,1
"V",11,1,7,0,99,77
"V",11,1,7,1,34,32
"V",11,1,7,2,19,19
"V",11,1,7,3,8,7
"V",11,1,7,4,3,3
"V",11,1,7,7,1,1
"V",11,1,8,0,99,72
"V",11,1,8,1,50,45
"V",11,1,8,2,16,16
"V",11,1,8,3,9,8
"V",11,1,8,4,4,4
"V",11,1,8,5,1,1
"V",11,2,1,0,1775,613
"V",11,2,1,1,110,92
"V",11,2,1,2,48,47
"V",11,2,1,3,21,20
"V",11,2,1,4,11,10
"V",11,2,1,5,8,8
"V",11,2,1,6,3,3
"V",11,2,2,0,861,314
"V",11,2,2,1,146,121
"V",11,2,2,2,64,61
"V",11,2,2,3,29,28
"V",11,2,2,4,16,15
"V",11,2,2,5,8,8
"V",11,2,2,6,8,8
"V",11,2,2,7,1,1
"V",11,2,2,8,1,1
"V",11,2,3,0,456,210
"V",11,2,3,1,101,87
"V",11,2,3,2,48,43
"V",11,2,3,3,30,29
"V",11,2,3,4,15,15
"V",11,2,3,5,1,1
"V",11,2,3,6,2,2
"V",11,2,3,7,1,1
"V",11,2,4,0,406,184
"V",11,2,4,1,121,107
"V",11,2,4,2,59,55
"V",11,2,4,3,18,18
"V",11,2,4,4,14,14
"V",11,2,4,5,2,2
"V",11,2,4,6,3,3
"V",11,2,4,7,1,1
"V",11,2,5,0,139,71
"V",11,2,5,1,47,39
"V",11,2,5,2,23,22
"V",11,2,5,3,9,9
"V",11,2,5,4,12,12
"V",11,2,5,5,6,6
"V",11,2,5,7,1,1
"V",11,2,5,8,1,1
"V",11,2,6,0,154,82
"V",11,2,6,1,64,52
"V",11,2,6,2,27,26
"V",11,2,6,3,13,12
"V",11,2,6,4,3,3
"V",11,2,6,5,3,3
"V",11,2,6,6,1,1
"V",11,2,7,0,87,51
"V",11,2,7,1,36,28
"V",11,2,7,2,23,21
"V",11,2,7,3,7,7
"V",11,2,7,4,3,3
"V",11,2,7,5,3,3
"V",11,2,7,7,1,1
"V",11,2,8,0,122,63
"V",11,2,8,1,50,41
"V",11,2,8,2,24,23
"V",11,2,8,3,6,5
"V",11,2,8,4,5,5
"V",11,2,8,7,1,1
"V",12,0,1,0,1989,911
"V",12,0,1,1,35,30
"V",12,0,1,2,6,5
"V",12,0,1,3,1,1
"V",12,0,1,4,1,1
"V",12,0,2,0,537,286
"V",12,0,2,1,13,11
"V",12,0,2,2,3,3
"V",12,0,2,6,1,1
"V",12,0,2,7,1,1
"V",12,0,3,0,116,72
"V",12,0,3,1,7,7
"V",12,0,3,2,5,5
"V",12,0,4,0,76,46
"V",12,0,4,1,12,12
"V",12,0,4,2,6,6
"V",12,0,4,3,1,1
"V",12,0,4,6,1,1
"V",12,0,4,7,1,1
"V",12,0,5,0,20,16
"V",12,0,5,1,9,8
"V",12,0,5,2,1,1
"V",12,0,5,5,1,1
"V",12,0,6,0,39,33
"V",12,0,6,1,8,7
"V",12,0,6,2,1,1
"V",12,0,6,3,1,1
"V",12,0,7,0,14,12
"V",12,0,7,1,3,3
"V",12,0,7,2,1,1
"V",12,0,7,5,1,1
"V",12,0,8,0,20,14
"V",12,0,8,1,4,4
"V",12,0,8,2,4,4
"V",12,0,8,3,1,1
"V",12,1,1,0,1309,522
"V",12,1,1,1,43,39
"V",12,1,1,2,13,10
"V",12,1,1,3,6,6
"V",12,1,1,4,2,2
"V",12,1,1,5,1,1
"V",12,1,2,0,528,228
"V",12,1,2,1,47,39
"V",12,1,2,2,17,16
"V",12,1,2,3,3,3
"V",12,1,2,4,2,2
"V",12,1,2,8,1,1
"V",12,1,3,0,314,167
"V",12,1,3,1,38,32
"V",12,1,3,2,11,10
"V",12,1,3,3,5,4
"V",12,1,3,5,2,2
"V",12,1,3,7,1,1
"V",12,1,3,9,1,1
"V",12,1,4,0,197,115
"V",12,1,4,1,52,47
"V",12,1,4,2,17,15
"V",12,1,4,3,5,5
"V",12,1,4,4,3,3
"V",12,1,4,5,1,1
"V",12,1,5,0,69,45
"V",12,1,5,1,20,18
"V",12,1,5,2,9,9
"V",12,1,5,3,3,3
"V",12,1,5,4,1,1
"V",12,1,5,6,1,1
"V",12,1,6,0,82,57
"V",12,1,6,1,27,24
"V",12,1,6,2,10,9
"V",12,1,6,3,6,5
"V",12,1,6,4,1,1
"V",12,1,7,0,56,35
"V",12,1,7,1,16,15
"V",12,1,7,2,14,14
"V",12,1,7,3,3,3
"V",12,1,7,6,1,1
"V",12,1,8,0,62,43
"V",12,1,8,1,23,22
"V",12,1,8,2,14,13
"V",12,1,8,3,4,4
"V",12,1,8,4,1,1
"V",12,2,1,0,941,341
"V",12,2,1,1,63,59
"V",12,2,1,2,22,20
"V",12,2,1,3,13,13
"V",12,2,1,4,3,3
"V",12,2,1,5,3,3
"V",12,2,1,6,1,0
"V",12,2,1,8,2,2
"V",12,2,2,0,441,166
"V",12,2,2,1,69,57
"V",12,2,2,10,1,1
"V",12,2,2,2,34,32
"V",12,2,2,3,9,9
"V",12,2,2,4,7,6
"V",12,2,2,5,1,1
"V",12,2,2,6,2,1
"V",12,2,2,7,1,1
"V",12,2,2,8,1,1
"V",12,2,2,9,1,1
"V",12,2,3,0,245,94
"V",12,2,3,1,59,46
"V",12,2,3,11,1,1
"V",12,2,3,2,24,22
"V",12,2,3,3,22,22
"V",12,2,3,4,5,5
"V",12,2,3,5,2,2
"V",12,2,3,6,2,1
"V",12,2,3,7,2,1
"V",12,2,3,9,1,1
"V",12,2,4,0,236,108
"V",12,2,4,1,73,61
"V",12,2,4,2,37,34
"V",12,2,4,3,11,11
"V",12,2,4,4,7,7
"V",12,2,4,5,2,2
"V",12,2,5,0,87,39
"V",12,2,5,1,24,20
"V",12,2,5,2,19,19
"V",12,2,5,3,9,8
"V",12,2,5,6,1,1
"V",12,2,5,7,1,0
"V",12,2,6,0,84,31
"V",12,2,6,1,40,33
"V",12,2,6,2,15,15
"V",12,2,6,3,6,6
"V",12,2,6,4,3,3
"V",12,2,6,6,1,1
"V",12,2,7,0,41,19
"V",12,2,7,1,24,21
"V",12,2,7,2,12,11
"V",12,2,7,3,5,5
"V",12,2,7,5,1,1
"V",12,2,7,7,1,1
"V",12,2,8,0,64,27
"V",12,2,8,1,30,26
"V",12,2,8,2,12,11
"V",12,2,8,3,8,8
"V",12,2,8,4,3,3
"V",12,2,8,5,1,1
"V",13,0,1,0,1104,511
"V",13,0,1,1,14,7
"V",13,0,1,2,3,3
"V",13,0,1,4,1,1
"V",13,0,2,0,301,166
"V",13,0,2,1,9,5
"V",13,0,2,2,2,2
"V",13,0,2,3,1,1
"V",13,0,2,4,1,1
"V",13,0,3,0,50,36
"V",13,0,3,1,3,3
"V",13,0,3,2,1,1
"V",13,0,3,3,1,1
"V",13,0,4,0,39,22
"V",13,0,4,1,7,6
"V",13,0,4,2,2,2
"V",13,0,4,3,1,1
"V",13,0,4,4,1,1
"V",13,0,5,0,9,5
"V",13,0,5,1,5,4
"V",13,0,5,2,2,2
"V",13,0,5,3,1,1
"V",13,0,6,0,23,21
"V",13,0,6,1,4,3
"V",13,0,6,2,3,3
"V",13,0,7,0,11,9
"V",13,0,7,1,4,4
"V",13,0,7,2,1,1
"V",13,0,7,4,1,1
"V",13,0,8,0,9,8
"V",13,0,8,1,4,4
"V",13,1,1,0,746,305
"V",13,1,1,1,26,21
"V",13,1,1,2,14,11
"V",13,1,1,3,3,3
"V",13,1,1,4,2,2
"V",13,1,1,5,2,2
"V",13,1,2,0,293,144
"V",13,1,2,1,27,22
"V",13,1,2,2,6,6
"V",13,1,2,3,4,3
"V",13,1,2,4,1,1
"V",13,1,2,5,2,2
"V",13,1,3,0,177,95
"V",13,1,3,1,16,12
"V",13,1,3,2,6,6
"V",13,1,3,3,2,2
"V",13,1,3,5,1,1
"V",13,1,4,0,111,62
"V",13,1,4,1,25,22
"V",13,1,4,2,7,7
"V",13,1,4,3,1,1
"V",13,1,4,4,1,1
"V",13,1,4,5,1,1
"V",13,1,5,0,29,15
"V",13,1,5,1,10,8
"V",13,1,5,2,3,3
"V",13,1,5,3,4,4
"V",13,1,5,4,1,1
"V",13,1,5,5,2,2
"V",13,1,6,0,48,37
"V",13,1,6,1,8,7
"V",13,1,6,2,8,8
"V",13,1,6,3,2,2
"V",13,1,6,5,3,3
"V",13,1,7,0,28,18
"V",13,1,7,1,19,16
"V",13,1,7,2,5,5
"V",13,1,7,3,1,1
"V",13,1,7,4,2,2
"V",13,1,8,0,33,24
"V",13,1,8,1,13,12
"V",13,1,8,2,7,7
"V",13,1,8,3,1,1
"V",13,2,1,0,528,190
"V",13,2,1,1,37,28
"V",13,2,1,2,24,21
"V",13,2,1,3,8,8
"V",13,2,1,4,6,6
"V",13,2,1,5,5,5
"V",13,2,2,0,273,115
"V",13,2,2,1,50,42
"V",13,2,2,10,1,1
"V",13,2,2,2,18,14
"V",13,2,2,3,9,9
"V",13,2,2,4,3,3
"V",13,2,2,5,1,1
"V",13,2,2,6,4,4
"V",13,2,2,9,2,2
"V",13,2,3,0,124,55
"V",13,2,3,1,32,24
"V",13,2,3,2,16,16
"V",13,2,3,3,9,9
"V",13,2,3,5,1,1
"V",13,2,3,6,1,1
"V",13,2,3,8,2,2
"V",13,2,3,9,1,1
"V",13,2,4,0,128,58
"V",13,2,4,1,38,33
"V",13,2,4,2,13,13
"V",13,2,4,3,7,7
"V",13,2,4,4,3,3
"V",13,2,4,5,1,1
"V",13,2,4,6,2,2
"V",13,2,4,9,1,1
"V",13,2,5,0,43,20
"V",13,2,5,1,8,6
"V",13,2,5,2,8,8
"V",13,2,5,3,4,4
"V",13,2,5,4,3,3
"V",13,2,5,5,3,3
"V",13,2,6,0,52,23
"V",13,2,6,1,20,17
"V",13,2,6,10,1,1
"V",13,2,6,2,14,14
"V",13,2,6,3,4,4
"V",13,2,6,4,2,2
"V",13,2,6,5,2,2
"V",13,2,6,6,1,1
"V",13,2,7,0,41,18
"V",13,2,7,1,23,19
"V",13,2,7,2,7,6
"V",13,2,7,3,4,4
"V",13,2,7,4,2,2
"V",13,2,7,5,1,1
"V",13,2,7,7,1,1
"V",13,2,8,0,50,28
"V",13,2,8,1,23,21
"V",13,2,8,2,9,9
"V",13,2,8,3,3,3
"V",14,0,1,0,608,265
"V",14,0,1,1,11,9
"V",14,0,1,2,2,2
"V",14,0,2,0,150,77
"V",14,0,2,1,4,3
"V",14,0,2,2,2,2
"V",14,0,2,4,1,1
"V",14,0,3,0,17,9
"V",14,0,3,1,2,1
"V",14,0,3,2,1,1
"V",14,0,3,3,1,1
"V",14,0,3,6,1,1
"V",14,0,4,0,24,18
"V",14,0,4,1,2,1
"V",14,0,4,2,1,1
"V",14,0,4,3,1,1
"V",14,0,5,0,6,4
"V",14,0,5,1,1,1
"V",14,0,5,3,2,2
"V",14,0,6,0,8,7
"V",14,0,6,1,1,1
"V",14,0,6,2,2,2
"V",14,0,6,3,2,2
"V",14,0,7,0,4,1
"V",14,0,7,1,2,2
"V",14,0,7,4,1,1
"V",14,0,8,0,10,9
"V",14,0,8,3,1,1
"V",14,1,1,0,432,168
"V",14,1,1,1,15,13
"V",14,1,1,2,3,3
"V",14,1,1,3,3,3
"V",14,1,1,7,1,1
"V",14,1,2,0,173,87
"V",14,1,2,1,12,9
"V",14,1,2,2,1,1
"V",14,1,2,3,3,3
"V",14,1,2,4,1,1
"V",14,1,3,0,67,29
"V",14,1,3,1,13,12
"V",14,1,3,2,6,6
"V",14,1,3,3,1,1
"V",14,1,3,6,1,1
"V",14,1,4,0,51,31
"V",14,1,4,1,10,9
"V",14,1,4,2,3,3
"V",14,1,4,8,1,1
"V",14,1,5,0,18,10
"V",14,1,5,1,4,2
"V",14,1,5,2,3,3
"V",14,1,5,3,2,2
"V",14,1,5,6,1,1
"V",14,1,6,0,22,12
"V",14,1,6,1,5,3
"V",14,1,6,2,1,1
"V",14,1,6,3,1,1
"V",14,1,6,4,1,1
"V",14,1,6,6,1,1
"V",14,1,6,7,1,1
"V",14,1,7,0,9,8
"V",14,1,7,1,7,5
"V",14,1,7,2,2,2
"V",14,1,7,3,1,1
"V",14,1,8,0,17,11
"V",14,1,8,1,5,5
"V",14,1,8,2,2,2
"V",14,1,8,3,2,2
"V",14,2,1,0,309,101
"V",14,2,1,1,20,17
"V",14,2,1,2,7,6
"V",14,2,1,3,5,4
"V",14,2,1,4,1,1
"V",14,2,1,7,1,1
"V",14,2,2,0,154,71
"V",14,2,2,1,11,8
"V",14,2,2,2,12,11
"V",14,2,2,3,4,4
"V",14,2,2,4,3,3
"V",14,2,2,5,1,1
"V",14,2,3,0,67,25
"V",14,2,3,1,28,25
"V",14,2,3,2,10,10
"V",14,2,3,3,2,2
"V",14,2,3,4,1,1
"V",14,2,3,6,1,1
"V",14,2,4,0,59,30
"V",14,2,4,1,18,16
"V",14,2,4,2,8,8
"V",14,2,4,3,1,1
"V",14,2,4,4,2,2
"V",14,2,4,5,1,1
"V",14,2,5,0,17,3
"V",14,2,5,1,8,7
"V",14,2,5,2,4,4
"V",14,2,5,3,2,2
"V",14,2,5,7,1,1
"V",14,2,6,0,32,17
"V",14,2,6,1,7,6
"V",14,2,6,2,3,2
"V",14,2,6,4,1,1
"V",14,2,7,0,16,6
"V",14,2,7,1,9,6
"V",14,2,7,2,4,3
"V",14,2,7,3,2,2
"V",14,2,8,0,16,9
"V",14,2,8,1,12,10
"V",14,2,8,2,6,4
"V",14,2,8,3,1,1
"V",15,0,1,0,332,149
"V",15,0,1,1,4,4
"V",15,0,1,2,1,1
"V",15,0,2,0,85,49
"V",15,0,2,1,1,1
"V",15,0,2,2,1,1
"V",15,0,3,0,19,14
"V",15,0,3,1,3,3
"V",15,0,3,2,1,1
"V",15,0,4,0,9,7
"V",15,0,4,1,3,3
"V",15,0,4,2,1,1
"V",15,0,5,0,4,2
"V",15,0,5,1,1,1
"V",15,0,6,0,10,7
"V",15,0,6,1,1,1
"V",15,0,7,0,1,0
"V",15,0,8,0,4,3
"V",15,0,8,1,1,1
"V",15,1,1,0,226,84
"V",15,1,1,1,7,5
"V",15,1,1,2,7,6
"V",15,1,1,3,2,2
"V",15,1,1,4,1,1
"V",15,1,2,0,81,37
"V",15,1,2,1,10,8
"V",15,1,2,2,2,2
"V",15,1,2,3,1,1
"V",15,1,3,0,44,27
"V",15,1,3,1,1,1
"V",15,1,3,2,3,3
"V",15,1,3,3,1,1
"V",15,1,3,7,1,1
"V",15,1,4,0,25,16
"V",15,1,4,1,6,5
"V",15,1,4,2,6,6
"V",15,1,5,0,15,10
"V",15,1,5,1,6,6
"V",15,1,5,2,1,1
"V",15,1,5,5,1,1
"V",15,1,6,0,13,8
"V",15,1,6,1,3,3
"V",15,1,6,2,1,1
"V",15,1,6,6,1,1
"V",15,1,7,0,8,3
"V",15,1,7,2,2,2
"V",15,1,7,3,2,2
"V",15,1,7,4,1,1
"V",15,1,8,0,14,9
"V",15,1,8,1,3,3
"V",15,1,8,2,2,2
"V",15,1,8,3,1,1
"V",15,1,8,4,1,1
"V",15,2,1,0,172,57
"V",15,2,1,1,10,9
"V",15,2,1,2,7,6
"V",15,2,1,3,2,2
"V",15,2,1,4,2,2
"V",15,2,1,6,1,1
"V",15,2,2,0,78,35
"V",15,2,2,1,14,12
"V",15,2,2,2,8,7
"V",15,2,2,3,4,3
"V",15,2,2,4,4,4
"V",15,2,3,0,39,16
"V",15,2,3,1,10,9
"V",15,2,3,2,4,3
"V",15,2,3,3,1,1
"V",15,2,3,7,1,1
"V",15,2,4,0,31,10
"V",15,2,4,1,8,8
"V",15,2,4,2,2,2
"V",15,2,4,3,2,1
"V",15,2,4,4,1,1
"V",15,2,5,0,10,4
"V",15,2,5,1,5,5
"V",15,2,5,2,5,5
"V",15,2,5,3,4,4
"V",15,2,5,4,2,2
"V",15,2,5,5,1,1
"V",15,2,6,0,10,4
"V",15,2,6,1,5,2
"V",15,2,6,2,7,6
"V",15,2,6,3,2,2
"V",15,2,7,0,10,8
"V",15,2,7,1,4,1
"V",15,2,7,2,3,3
"V",15,2,7,3,1,1
"V",15,2,8,0,14,10
"V",15,2,8,1,8,7
"V",15,2,8,2,1,1
"V",15,2,8,3,1,1
"V",16,0,1,0,184,80
"V",16,0,1,1,1,1
"V",16,0,1,7,1,1
"V",16,0,2,0,47,27
"V",16,0,2,1,1,0
"V",16,0,2,7,1,1
"V",16,0,3,0,14,6
"V",16,0,3,1,1,1
"V",16,0,3,2,1,1
"V",16,0,3,6,1,1
"V",16,0,4,0,13,8
"V",16,0,4,1,1,0
"V",16,0,5,0,3,3
"V",16,0,5,1,1,1
"V",16,0,6,0,2,1
"V",16,0,6,2,1,1
"V",16,0,7,0,1,1
"V",16,0,8,0,4,4
"V",16,0,8,1,2,2
"V",16,0,8,2,1,1
"V",16,0,8,3,1,1
"V",16,1,1,0,124,46
"V",16,1,1,1,3,3
"V",16,1,1,2,1,1
"V",16,1,1,8,1,1
"V",16,1,2,0,42,17
"V",16,1,2,1,5,3
"V",16,1,3,0,28,13
"V",16,1,3,1,3,0
"V",16,1,3,2,1,1
"V",16,1,4,0,15,10
"V",16,1,4,1,3,3
"V",16,1,4,2,3,3
"V",16,1,4,3,1,1
"V",16,1,5,0,7,4
"V",16,1,5,1,2,2
"V",16,1,5,2,1,1
"V",16,1,5,4,1,1
"V",16,1,6,0,7,4
"V",16,1,6,1,2,1
"V",16,1,7,0,6,3
"V",16,1,7,1,1,1
"V",16,1,8,0,8,6
"V",16,1,8,1,4,4
"V",16,1,8,2,1,1
"V",16,2,1,0,90,32
"V",16,2,1,1,3,3
"V",16,2,1,2,1,1
"V",16,2,1,3,1,1
"V",16,2,1,8,1,1
"V",16,2,2,0,45,20
"V",16,2,2,1,10,7
"V",16,2,2,3,3,3
"V",16,2,3,0,27,11
"V",16,2,3,1,8,5
"V",16,2,3,2,3,3
"V",16,2,3,5,1,1
"V",16,2,4,0,18,7
"V",16,2,4,1,8,8
"V",16,2,4,2,4,4
"V",16,2,4,3,1,1
"V",16,2,4,4,1,1
"V",16,2,5,0,9,6
"V",16,2,5,1,2,1
"V",16,2,5,2,1,1
"V",16,2,5,4,1,1
"V",16,2,6,0,7,5
"V",16,2,6,1,5,4
"V",16,2,6,2,1,1
"V",16,2,6,3,1,1
"V",16,2,7,0,4,1
"V",16,2,7,1,4,4
"V",16,2,8,0,6,3
"V",16,2,8,1,3,3
"V",17,0,1,0,90,42
"V",17,0,1,1,4,4
"V",17,0,2,0,21,10
"V",17,0,2,1,2,2
"V",17,0,2,5,1,1
"V",17,0,3,0,3,1
"V",17,0,4,1,1,1
"V",17,0,4,2,2,2
"V",17,0,4,3,1,1
"V",17,0,6,0,1,1
"V",17,0,6,1,2,2
"V",17,0,7,0,1,0
"V",17,0,8,0,1,0
"V",17,0,8,2,1,1
"V",17,1,1,0,62,27
"V",17,1,1,1,3,3
"V",17,1,2,0,28,11
"V",17,1,2,5,1,1
"V",17,1,3,0,13,6
"V",17,1,4,0,8,5
"V",17,1,4,2,1,1
"V",17,1,5,0,4,2
"V",17,1,5,1,1,1
"V",17,1,5,5,1,1
"V",17,1,5,6,1,1
"V",17,1,5,7,1,1
"V",17,1,6,0,7,4
"V",17,1,6,1,2,1
"V",17,1,7,0,1,0
"V",17,1,8,0,5,3
"V",17,1,8,1,2,2
"V",17,1,8,2,1,1
"V",17,2,1,0,41,18
"V",17,2,1,1,4,4
"V",17,2,1,2,1,1
"V",17,2,1,6,1,1
"V",17,2,2,0,19,7
"V",17,2,2,1,7,6
"V",17,2,2,2,1,1
"V",17,2,2,5,1,1
"V",17,2,3,0,8,2
"V",17,2,3,1,1,0
"V",17,2,3,2,2,2
"V",17,2,3,3,1,1
"V",17,2,3,4,1,1
"V",17,2,3,5,1,1
"V",17,2,3,6,1,1
"V",17,2,4,0,9,5
"V",17,2,4,1,5,4
"V",17,2,4,2,1,1
"V",17,2,5,0,5,2
"V",17,2,5,1,1,1
"V",17,2,5,2,1,0
"V",17,2,5,7,1,1
"V",17,2,6,0,3,2
"V",17,2,6,1,1,0
"V",17,2,6,2,1,0
"V",17,2,7,1,2,1
"V",17,2,7,2,2,2
"V",17,2,8,0,2,0
"V",17,2,8,1,2,2
"V",17,2,8,2,1,1
"V",17,2,8,3,1,1
"V",18,0,1,0,49,25
"V",18,0,1,1,1,1
"V",18,0,1,2,1,1
"V",18,0,2,0,11,6
"V",18,0,3,0,3,1
"V",18,1,1,0,37,19
"V",18,1,1,1,1,1
"V",18,1,1,2,1,1
"V",18,1,2,0,12,7
"V",18,1,2,2,1,1
"V",18,1,2,5,1,1
"V",18,1,3,0,7,2
"V",18,1,4,0,4,3
"V",18,1,4,1,1,1
"V",18,1,5,0,1,0
"V",18,1,6,0,1,1
"V",18,1,6,2,2,1
"V",18,1,6,5,1,1
"V",18,1,7,1,1,1
"V",18,1,7,2,1,1
"V",18,1,7,3,1,1
"V",18,1,8,0,2,1
"V",18,1,8,2,1,1
"V",18,2,1,0,29,14
"V",18,2,1,1,2,2
"V",18,2,2,0,14,7
"V",18,2,2,1,1,1
"V",18,2,3,0,7,2
"V",18,2,3,1,1,1
"V",18,2,3,2,2,2
"V",18,2,4,0,1,1
"V",18,2,4,2,1,1
"V",18,2,5,0,3,1
"V",18,2,6,0,1,0
"V",18,2,6,1,1,1
"V",18,2,6,2,1,1
"V",18,2,6,5,1,1
"V",18,2,7,0,2,1
"V",18,2,7,5,1,1
"V",19,0,1,0,30,16
"V",19,0,1,1,1,1
"V",19,0,2,0,9,2
"V",19,0,3,0,2,0
"V",19,0,4,0,1,1
"V",19,1,1,0,19,13
"V",19,1,1,1,2,2
"V",19,1,2,0,7,4
"V",19,1,3,0,9,2
"V",19,1,4,0,7,2
"V",19,1,4,1,1,0
"V",19,1,6,0,1,1
"V",19,1,7,1,1,1
"V",19,1,8,1,2,1
"V",19,1,8,2,1,0
"V",19,2,1,0,13,8
"V",19,2,1,1,2,2
"V",19,2,2,0,4,2
"V",19,2,2,1,1,0
"V",19,2,2,3,1,1
"V",19,2,3,0,5,2
"V",19,2,3,1,3,3
"V",19,2,4,0,4,1
"V",19,2,4,1,1,0
"V",19,2,5,0,1,1
"V",19,2,5,2,1,1
"V",19,2,6,0,2,1
"V",19,2,7,0,2,1
"V",19,2,7,2,1,1
"V",19,2,8,2,1,0
"V",20,0,1,0,15,10
"V",20,0,1,1,1,1
"V",20,0,2,0,4,3
"V",20,0,3,1,1,1
"V",20,0,4,0,1,1
"V",20,0,8,0,1,1
"V",20,0,8,1,1,1
"V",20,0,8,2,1,1
"V",20,1,1,0,11,7
"V",20,1,2,0,6,3
"V",20,1,3,0,1,1
"V",20,1,5,1,1,1
"V",20,1,6,0,1,0
"V",20,1,8,2,1,1
"V",20,2,1,0,6,4
"V",20,2,1,2,1,1
"V",20,2,2,0,3,1
"V",20,2,2,2,1,1
"V",20,2,3,0,3,3
"V",20,2,4,4,1,1
"V",20,2,6,0,1,0
"V",20,2,7,0,1,0
"V",20,2,8,0,1,0
"V",20,2,8,2,1,1
"V",21,0,1,0,11,7
"V",21,0,2,0,4,3
"V",21,0,4,0,1,0
"V",21,0,7,0,1,1
"V",21,1,1,0,7,4
"V",21,1,2,0,3,2
"V",21,1,3,0,1,1
"V",21,1,4,0,1,0
"V",21,1,6,0,1,0
"V",21,1,7,0,2,2
"V",21,1,8,0,1,1
"V",21,1,8,1,1,1
"V",21,2,1,0,5,3
"V",21,2,1,2,1,1
"V",21,2,2,0,3,3
"V",21,2,3,0,2,2
"V",21,2,3,1,1,1
"V",21,2,4,0,2,1
"V",21,2,4,1,1,1
"V",21,2,6,0,1,1
"V",21,2,7,0,1,0
"V",21,2,7,2,1,1
"V",21,2,8,1,1,1
"V",22,0,1,0,6,3
"V",22,0,2,0,2,2
"V",22,1,1,0,4,1
"V",22,1,1,2,1,1
"V",22,1,2,0,3,2
"V",22,1,2,1,1,1
"V",22,1,3,0,1,1
"V",22,2,1,0,2,0
"V",22,2,1,2,1,1
"V",22,2,2,0,2,1
"V",22,2,2,1,1,1
"V",22,2,3,0,1,0
"V",22,2,4,0,1,1
"V",23,0,1,0,2,1
"V",23,1,1,0,2,1
"V",23,2,1,0,2,1
"V",23,2,5,0,1,1
"V",23,2,6,0,1,1
"V",23,2,6,2,1,1
"V",23,2,7,1,1,1
"V",24,0,1,0,1,0
"V",24,1,1,0,1,0
"V",24,1,2,0,1,0
