(1, 0, 0, (0, 0, 0), 0, (0, 0)): (514, 1110)
(1, 0, 0, (0, 0, 0), 0, (0, 1)): (1, 2)
(1, 0, 0, (0, 0, 0), 0, (1, 0)): (1, 3)
(1, 0, 0, (0, 0, 0), 0, (1, 1)): (1, 1)
(1, 0, 0, (0, 0, 0), 0, (2, 0)): (0, 2)
(1, 0, 0, (0, 0, 0), 0, (2, 1)): (1, 2)
(1, 0, 0, (0, 0, 0), 0, (2, 2)): (0, 1)
(1, 0, 0, (0, 0, 0), 0, (3, 0)): (0, 1)
(1, 0, 0, (0, 0, 0), 0, (3, 1)): (1, 2)
(1, 0, 0, (0, 0, 0), 0, (3, 2)): (1, 3)
(1, 0, 0, (0, 0, 0), 1, (0, 0)): (5, 11)
(1, 0, 0, (0, 0, 0), 2, (0, 0)): (2, 3)
(1, 0, 0, (0, 0, 0), 3, (0, 0)): (3, 4)
(1, 0, 0, (0, 0, 1), 0, (0, 0)): (9, 14)
(1, 0, 0, (0, 0, 1), 1, (0, 0)): (6, 8)
(1, 0, 0, (0, 0, 1), 2, (0, 0)): (1, 2)
(1, 0, 0, (0, 1, 0), 0, (0, 0)): (27, 54)
(1, 0, 0, (0, 1, 0), 1, (0, 0)): (8, 10)
(1, 0, 0, (0, 1, 0), 2, (0, 0)): (3, 3)
(1, 0, 0, (0, 1, 0), 3, (0, 0)): (2, 2)
(1, 0, 0, (0, 1, 0), 4, (0, 0)): (1, 1)
(1, 0, 0, (0, 1, 1), 0, (0, 0)): (8, 15)
(1, 0, 0, (0, 1, 1), 1, (0, 0)): (0, 2)
(1, 0, 0, (0, 1, 1), 2, (0, 0)): (2, 3)
(1, 0, 0, (1, 0, 0), 0, (0, 0)): (162, 328)
(1, 0, 0, (1, 0, 0), 0, (1, 0)): (0, 2)
(1, 0, 0, (1, 0, 0), 0, (1, 1)): (0, 1)
(1, 0, 0, (1, 0, 0), 0, (2, 0)): (0, 1)
(1, 0, 0, (1, 0, 0), 0, (2, 1)): (0, 2)
(1, 0, 0, (1, 0, 0), 0, (3, 1)): (0, 1)
(1, 0, 0, (1, 0, 0), 1, (0, 0)): (2, 6)
(1, 0, 0, (1, 0, 0), 2, (0, 0)): (4, 8)
(1, 0, 0, (1, 0, 0), 3, (0, 0)): (2, 4)
(1, 0, 0, (1, 0, 1), 0, (0, 0)): (17, 25)
(1, 0, 0, (1, 0, 1), 1, (0, 0)): (4, 9)
(1, 0, 0, (1, 0, 1), 2, (0, 0)): (2, 3)
(1, 0, 0, (1, 0, 1), 3, (0, 0)): (2, 2)
(1, 0, 0, (1, 1, 0), 0, (0, 0)): (39, 66)
(1, 0, 0, (1, 1, 0), 0, (0, 1)): (0, 1)
(1, 0, 0, (1, 1, 0), 0, (1, 1)): (0, 1)
(1, 0, 0, (1, 1, 0), 0, (1, 2)): (0, 1)
(1, 0, 0, (1, 1, 0), 1, (0, 0)): (5, 7)
(1, 0, 0, (1, 1, 0), 2, (0, 0)): (1, 4)
(1, 0, 0, (1, 1, 0), 3, (0, 0)): (2, 3)
(1, 0, 0, (1, 1, 1), 0, (0, 0)): (11, 13)
(1, 0, 0, (1, 1, 1), 1, (0, 0)): (3, 3)
(1, 0, 0, (1, 1, 1), 2, (0, 0)): (2, 2)
(1, 0, 0, (1, 1, 1), 3, (0, 0)): (2, 2)
(1, 0, 0, (1, 1, 1), 4, (0, 0)): (1, 1)
(1, 0, 0, (1, 1, 1), 5, (0, 0)): (1, 1)
(1, 0, 1, (0, 0, 0), 0, (0, 0)): (322, 728)
(1, 0, 1, (0, 0, 0), 0, (1, 0)): (1, 1)
(1, 0, 1, (0, 0, 0), 0, (1, 1)): (1, 1)
(1, 0, 1, (0, 0, 0), 0, (2, 1)): (1, 1)
(1, 0, 1, (0, 0, 0), 1, (0, 0)): (10, 17)
(1, 0, 1, (0, 0, 0), 2, (0, 0)): (6, 8)
(1, 0, 1, (0, 0, 0), 3, (0, 0)): (2, 3)
(1, 0, 1, (0, 0, 0), 4, (0, 0)): (1, 1)
(1, 0, 1, (0, 0, 0), 5, (0, 0)): (1, 2)
(1, 0, 1, (0, 0, 0), 6, (0, 0)): (2, 2)
(1, 0, 1, (0, 0, 1), 0, (0, 0)): (14, 28)
(1, 0, 1, (0, 0, 1), 1, (0, 0)): (9, 12)
(1, 0, 1, (0, 0, 1), 2, (0, 0)): (5, 6)
(1, 0, 1, (0, 0, 1), 3, (0, 0)): (4, 4)
(1, 0, 1, (0, 0, 1), 4, (0, 0)): (3, 4)
(1, 0, 1, (0, 0, 1), 5, (0, 0)): (2, 2)
(1, 0, 1, (0, 0, 1), 6, (0, 0)): (1, 1)
(1, 0, 1, (0, 1, 0), 0, (0, 0)): (48, 109)
(1, 0, 1, (0, 1, 0), 1, (0, 0)): (6, 14)
(1, 0, 1, (0, 1, 0), 2, (0, 0)): (7, 11)
(1, 0, 1, (0, 1, 0), 3, (0, 0)): (5, 6)
(1, 0, 1, (0, 1, 0), 4, (0, 0)): (1, 1)
(1, 0, 1, (0, 1, 0), 5, (0, 0)): (1, 1)
(1, 0, 1, (0, 1, 1), 0, (0, 0)): (27, 41)
(1, 0, 1, (0, 1, 1), 1, (0, 0)): (7, 12)
(1, 0, 1, (0, 1, 1), 2, (0, 0)): (4, 7)
(1, 0, 1, (0, 1, 1), 3, (0, 0)): (3, 3)
(1, 0, 1, (0, 1, 1), 4, (0, 0)): (3, 3)
(1, 0, 1, (1, 0, 0), 0, (0, 0)): (131, 320)
(1, 0, 1, (1, 0, 0), 0, (1, 0)): (0, 1)
(1, 0, 1, (1, 0, 0), 0, (2, 0)): (0, 1)
(1, 0, 1, (1, 0, 0), 0, (2, 1)): (0, 1)
(1, 0, 1, (1, 0, 0), 0, (2, 2)): (0, 1)
(1, 0, 1, (1, 0, 0), 1, (0, 0)): (16, 28)
(1, 0, 1, (1, 0, 0), 2, (0, 0)): (9, 14)
(1, 0, 1, (1, 0, 0), 3, (0, 0)): (7, 10)
(1, 0, 1, (1, 0, 0), 4, (0, 0)): (2, 2)
(1, 0, 1, (1, 0, 0), 5, (0, 0)): (0, 1)
(1, 0, 1, (1, 0, 1), 0, (0, 0)): (18, 36)
(1, 0, 1, (1, 0, 1), 1, (0, 0)): (12, 17)
(1, 0, 1, (1, 0, 1), 2, (0, 0)): (5, 7)
(1, 0, 1, (1, 0, 1), 3, (0, 0)): (2, 3)
(1, 0, 1, (1, 0, 1), 4, (0, 0)): (2, 2)
(1, 0, 1, (1, 1, 0), 0, (0, 0)): (41, 79)
(1, 0, 1, (1, 1, 0), 0, (1, 0)): (0, 1)
(1, 0, 1, (1, 1, 0), 0, (1, 1)): (0, 1)
(1, 0, 1, (1, 1, 0), 1, (0, 0)): (14, 20)
(1, 0, 1, (1, 1, 0), 2, (0, 0)): (6, 10)
(1, 0, 1, (1, 1, 0), 3, (0, 0)): (4, 5)
(1, 0, 1, (1, 1, 0), 4, (0, 0)): (3, 3)
(1, 0, 1, (1, 1, 0), 5, (0, 0)): (2, 2)
(1, 0, 1, (1, 1, 0), 6, (0, 0)): (1, 1)
(1, 0, 1, (1, 1, 1), 0, (0, 0)): (21, 36)
(1, 0, 1, (1, 1, 1), 0, (0, 1)): (0, 1)
(1, 0, 1, (1, 1, 1), 0, (1, 1)): (0, 1)
(1, 0, 1, (1, 1, 1), 0, (2, 1)): (0, 1)
(1, 0, 1, (1, 1, 1), 0, (2, 2)): (0, 1)
(1, 0, 1, (1, 1, 1), 1, (0, 0)): (10, 15)
(1, 0, 1, (1, 1, 1), 2, (0, 0)): (6, 7)
(1, 0, 1, (1, 1, 1), 4, (0, 0)): (2, 2)
(1, 0, 1, (1, 1, 1), 5, (0, 0)): (2, 2)
(1, 0, 1, (1, 1, 1), 6, (0, 0)): (1, 1)
(1, 0, 2, (0, 0, 0), 0, (0, 0)): (243, 539)
(1, 0, 2, (0, 0, 0), 0, (0, 1)): (1, 1)
(1, 0, 2, (0, 0, 0), 0, (0, 2)): (1, 1)
(1, 0, 2, (0, 0, 0), 0, (1, 0)): (1, 1)
(1, 0, 2, (0, 0, 0), 0, (1, 1)): (1, 1)
(1, 0, 2, (0, 0, 0), 0, (1, 2)): (1, 1)
(1, 0, 2, (0, 0, 0), 0, (2, 1)): (1, 1)
(1, 0, 2, (0, 0, 0), 0, (2, 2)): (1, 1)
(1, 0, 2, (0, 0, 0), 1, (0, 0)): (25, 39)
(1, 0, 2, (0, 0, 0), 2, (0, 0)): (7, 12)
(1, 0, 2, (0, 0, 0), 3, (0, 0)): (8, 11)
(1, 0, 2, (0, 0, 0), 4, (0, 0)): (6, 8)
(1, 0, 2, (0, 0, 0), 5, (0, 0)): (2, 2)
(1, 0, 2, (0, 0, 0), 6, (0, 0)): (4, 4)
(1, 0, 2, (0, 0, 0), 8, (0, 0)): (1, 1)
(1, 0, 2, (0, 0, 0), 9, (0, 0)): (1, 1)
(1, 0, 2, (0, 0, 1), 0, (0, 0)): (23, 49)
(1, 0, 2, (0, 0, 1), 1, (0, 0)): (13, 20)
(1, 0, 2, (0, 0, 1), 2, (0, 0)): (7, 11)
(1, 0, 2, (0, 0, 1), 3, (0, 0)): (5, 6)
(1, 0, 2, (0, 0, 1), 4, (0, 0)): (2, 3)
(1, 0, 2, (0, 0, 1), 5, (0, 0)): (2, 2)
(1, 0, 2, (0, 0, 1), 6, (0, 0)): (1, 1)
(1, 0, 2, (0, 0, 1), 7, (0, 0)): (1, 1)
(1, 0, 2, (0, 1, 0), 0, (0, 0)): (59, 132)
(1, 0, 2, (0, 1, 0), 1, (0, 0)): (20, 37)
(1, 0, 2, (0, 1, 0), 2, (0, 0)): (8, 11)
(1, 0, 2, (0, 1, 0), 3, (0, 0)): (3, 7)
(1, 0, 2, (0, 1, 0), 4, (0, 0)): (3, 5)
(1, 0, 2, (0, 1, 0), 7, (0, 0)): (1, 1)
(1, 0, 2, (0, 1, 1), 0, (0, 0)): (8, 16)
(1, 0, 2, (0, 1, 1), 1, (0, 0)): (2, 5)
(1, 0, 2, (0, 1, 1), 2, (0, 0)): (3, 6)
(1, 0, 2, (0, 1, 1), 3, (0, 0)): (2, 2)
(1, 0, 2, (0, 1, 1), 4, (0, 0)): (1, 2)
(1, 0, 2, (0, 1, 1), 5, (0, 0)): (1, 1)
(1, 0, 2, (0, 1, 1), 6, (0, 0)): (1, 1)
(1, 0, 2, (1, 0, 0), 0, (0, 0)): (109, 277)
(1, 0, 2, (1, 0, 0), 0, (0, 1)): (0, 1)
(1, 0, 2, (1, 0, 0), 0, (0, 2)): (0, 1)
(1, 0, 2, (1, 0, 0), 1, (0, 0)): (31, 51)
(1, 0, 2, (1, 0, 0), 2, (0, 0)): (14, 21)
(1, 0, 2, (1, 0, 0), 3, (0, 0)): (8, 12)
(1, 0, 2, (1, 0, 0), 4, (0, 0)): (4, 5)
(1, 0, 2, (1, 0, 0), 5, (0, 0)): (3, 4)
(1, 0, 2, (1, 0, 0), 6, (0, 0)): (2, 2)
(1, 0, 2, (1, 0, 0), 7, (0, 0)): (1, 1)
(1, 0, 2, (1, 0, 1), 0, (0, 0)): (20, 51)
(1, 0, 2, (1, 0, 1), 1, (0, 0)): (12, 26)
(1, 0, 2, (1, 0, 1), 2, (0, 0)): (6, 9)
(1, 0, 2, (1, 0, 1), 3, (0, 0)): (4, 5)
(1, 0, 2, (1, 0, 1), 4, (0, 0)): (3, 4)
(1, 0, 2, (1, 0, 1), 5, (0, 0)): (1, 1)
(1, 0, 2, (1, 1, 0), 0, (0, 0)): (35, 75)
(1, 0, 2, (1, 1, 0), 1, (0, 0)): (17, 34)
(1, 0, 2, (1, 1, 0), 2, (0, 0)): (9, 13)
(1, 0, 2, (1, 1, 0), 3, (0, 0)): (5, 8)
(1, 0, 2, (1, 1, 0), 4, (0, 0)): (3, 3)
(1, 0, 2, (1, 1, 0), 5, (0, 0)): (2, 2)
(1, 0, 2, (1, 1, 0), 6, (0, 0)): (1, 1)
(1, 0, 2, (1, 1, 1), 0, (0, 0)): (13, 27)
(1, 0, 2, (1, 1, 1), 0, (0, 1)): (0, 1)
(1, 0, 2, (1, 1, 1), 0, (1, 1)): (0, 1)
(1, 0, 2, (1, 1, 1), 0, (2, 1)): (0, 1)
(1, 0, 2, (1, 1, 1), 0, (2, 2)): (0, 1)
(1, 0, 2, (1, 1, 1), 1, (0, 0)): (10, 15)
(1, 0, 2, (1, 1, 1), 2, (0, 0)): (4, 7)
(1, 0, 2, (1, 1, 1), 3, (0, 0)): (3, 3)
(1, 0, 2, (1, 1, 1), 4, (0, 0)): (1, 1)
(1, 1, 0, (0, 0, 0), -9, (0, 0)): (0, 1)
(1, 1, 0, (0, 0, 0), -8, (0, 0)): (0, 1)
(1, 1, 0, (0, 0, 0), -7, (0, 0)): (0, 1)
(1, 1, 0, (0, 0, 0), -6, (0, 0)): (0, 5)
(1, 1, 0, (0, 0, 0), -5, (0, 0)): (1, 10)
(1, 1, 0, (0, 0, 0), -4, (0, 0)): (5, 17)
(1, 1, 0, (0, 0, 0), -3, (0, 0)): (12, 40)
(1, 1, 0, (0, 0, 0), -2, (0, 0)): (26, 65)
(1, 1, 0, (0, 0, 0), -1, (0, 0)): (71, 163)
(1, 1, 0, (0, 0, 0), 0, (0, 0)): (483, 811)
(1, 1, 0, (0, 0, 0), 0, (0, 1)): (2, 3)
(1, 1, 0, (0, 0, 0), 0, (0, 2)): (2, 2)
(1, 1, 0, (0, 0, 0), 0, (1, 0)): (0, 1)
(1, 1, 0, (0, 0, 0), 0, (1, 1)): (0, 2)
(1, 1, 0, (0, 0, 0), 0, (1, 2)): (2, 3)
(1, 1, 0, (0, 0, 0), 0, (2, 1)): (0, 1)
(1, 1, 0, (0, 0, 0), 0, (2, 2)): (1, 2)
(1, 1, 0, (0, 0, 0), 1, (0, 0)): (4, 6)
(1, 1, 0, (0, 0, 0), 2, (0, 0)): (5, 6)
(1, 1, 0, (0, 0, 0), 3, (0, 0)): (2, 3)
(1, 1, 0, (0, 0, 0), 4, (0, 0)): (2, 2)
(1, 1, 0, (0, 0, 0), 5, (0, 0)): (1, 1)
(1, 1, 0, (0, 0, 1), -6, (0, 0)): (0, 1)
(1, 1, 0, (0, 0, 1), -1, (0, 0)): (1, 3)
(1, 1, 0, (0, 0, 1), 0, (0, 0)): (8, 13)
(1, 1, 0, (0, 0, 1), 1, (0, 0)): (1, 3)
(1, 1, 0, (0, 0, 1), 2, (0, 0)): (1, 1)
(1, 1, 0, (0, 0, 1), 3, (0, 0)): (2, 2)
(1, 1, 0, (0, 1, 0), -4, (0, 0)): (0, 1)
(1, 1, 0, (0, 1, 0), -3, (0, 0)): (3, 6)
(1, 1, 0, (0, 1, 0), -2, (0, 0)): (1, 4)
(1, 1, 0, (0, 1, 0), -1, (0, 0)): (5, 12)
(1, 1, 0, (0, 1, 0), 0, (0, 0)): (26, 47)
(1, 1, 0, (0, 1, 0), 1, (0, 0)): (7, 8)
(1, 1, 0, (0, 1, 0), 2, (0, 0)): (3, 3)
(1, 1, 0, (0, 1, 1), -2, (0, 0)): (1, 1)
(1, 1, 0, (0, 1, 1), -1, (0, 0)): (0, 1)
(1, 1, 0, (0, 1, 1), 0, (0, 0)): (4, 6)
(1, 1, 0, (0, 1, 1), 1, (0, 0)): (2, 3)
(1, 1, 0, (0, 1, 1), 3, (0, 0)): (2, 2)
(1, 1, 0, (1, 0, 0), -8, (0, 0)): (0, 1)
(1, 1, 0, (1, 0, 0), -6, (0, 0)): (0, 1)
(1, 1, 0, (1, 0, 0), -5, (0, 0)): (0, 4)
(1, 1, 0, (1, 0, 0), -4, (0, 0)): (2, 7)
(1, 1, 0, (1, 0, 0), -3, (0, 0)): (2, 9)
(1, 1, 0, (1, 0, 0), -2, (0, 0)): (13, 24)
(1, 1, 0, (1, 0, 0), -1, (0, 0)): (20, 46)
(1, 1, 0, (1, 0, 0), 0, (0, 0)): (149, 230)
(1, 1, 0, (1, 0, 0), 0, (0, 1)): (0, 2)
(1, 1, 0, (1, 0, 0), 0, (1, 1)): (0, 2)
(1, 1, 0, (1, 0, 0), 0, (2, 1)): (0, 2)
(1, 1, 0, (1, 0, 0), 0, (2, 2)): (0, 2)
(1, 1, 0, (1, 0, 0), 1, (0, 0)): (8, 12)
(1, 1, 0, (1, 0, 0), 2, (0, 0)): (5, 5)
(1, 1, 0, (1, 0, 0), 3, (0, 0)): (4, 4)
(1, 1, 0, (1, 0, 0), 4, (0, 0)): (1, 1)
(1, 1, 0, (1, 0, 1), -1, (0, 0)): (4, 6)
(1, 1, 0, (1, 0, 1), 0, (0, 0)): (12, 21)
(1, 1, 0, (1, 0, 1), 1, (0, 0)): (6, 8)
(1, 1, 0, (1, 0, 1), 2, (0, 0)): (3, 5)
(1, 1, 0, (1, 0, 1), 3, (0, 0)): (2, 2)
(1, 1, 0, (1, 0, 1), 4, (0, 0)): (1, 1)
(1, 1, 0, (1, 1, 0), -6, (0, 0)): (0, 1)
(1, 1, 0, (1, 1, 0), -5, (0, 0)): (0, 1)
(1, 1, 0, (1, 1, 0), -4, (0, 0)): (0, 2)
(1, 1, 0, (1, 1, 0), -3, (0, 0)): (1, 3)
(1, 1, 0, (1, 1, 0), -2, (0, 0)): (7, 11)
(1, 1, 0, (1, 1, 0), -1, (0, 0)): (8, 11)
(1, 1, 0, (1, 1, 0), 0, (0, 0)): (42, 64)
(1, 1, 0, (1, 1, 0), 1, (0, 0)): (8, 9)
(1, 1, 0, (1, 1, 0), 2, (0, 0)): (3, 3)
(1, 1, 0, (1, 1, 0), 3, (0, 0)): (0, 1)
(1, 1, 0, (1, 1, 1), -4, (0, 0)): (0, 1)
(1, 1, 0, (1, 1, 1), -3, (0, 0)): (0, 1)
(1, 1, 0, (1, 1, 1), -2, (0, 0)): (4, 5)
(1, 1, 0, (1, 1, 1), -1, (0, 0)): (1, 1)
(1, 1, 0, (1, 1, 1), 0, (0, 0)): (12, 16)
(1, 1, 0, (1, 1, 1), 1, (0, 0)): (2, 3)
(1, 1, 0, (1, 1, 1), 3, (0, 0)): (2, 2)
(1, 1, 1, (0, 0, 0), -9, (0, 0)): (0, 1)
(1, 1, 1, (0, 0, 0), -7, (0, 0)): (0, 1)
(1, 1, 1, (0, 0, 0), -6, (0, 0)): (0, 3)
(1, 1, 1, (0, 0, 0), -5, (0, 0)): (1, 7)
(1, 1, 1, (0, 0, 0), -4, (0, 0)): (3, 8)
(1, 1, 1, (0, 0, 0), -3, (0, 0)): (9, 28)
(1, 1, 1, (0, 0, 0), -2, (0, 0)): (14, 40)
(1, 1, 1, (0, 0, 0), -1, (0, 0)): (47, 109)
(1, 1, 1, (0, 0, 0), 0, (0, 0)): (313, 543)
(1, 1, 1, (0, 0, 0), 0, (0, 1)): (2, 3)
(1, 1, 1, (0, 0, 0), 0, (0, 2)): (1, 1)
(1, 1, 1, (0, 0, 0), 0, (1, 1)): (0, 1)
(1, 1, 1, (0, 0, 0), 0, (2, 1)): (0, 1)
(1, 1, 1, (0, 0, 0), 0, (2, 2)): (0, 1)
(1, 1, 1, (0, 0, 0), 1, (0, 0)): (6, 11)
(1, 1, 1, (0, 0, 0), 2, (0, 0)): (6, 9)
(1, 1, 1, (0, 0, 0), 3, (0, 0)): (9, 11)
(1, 1, 1, (0, 0, 0), 4, (0, 0)): (5, 5)
(1, 1, 1, (0, 0, 0), 5, (0, 0)): (2, 2)
(1, 1, 1, (0, 0, 1), -4, (0, 0)): (0, 1)
(1, 1, 1, (0, 0, 1), -3, (0, 0)): (1, 2)
(1, 1, 1, (0, 0, 1), -2, (0, 0)): (1, 1)
(1, 1, 1, (0, 0, 1), -1, (0, 0)): (3, 7)
(1, 1, 1, (0, 0, 1), 0, (0, 0)): (16, 29)
(1, 1, 1, (0, 0, 1), 1, (0, 0)): (6, 9)
(1, 1, 1, (0, 0, 1), 2, (0, 0)): (2, 2)
(1, 1, 1, (0, 0, 1), 3, (0, 0)): (2, 2)
(1, 1, 1, (0, 1, 0), -4, (0, 0)): (1, 1)
(1, 1, 1, (0, 1, 0), -3, (0, 0)): (2, 10)
(1, 1, 1, (0, 1, 0), -2, (0, 0)): (3, 8)
(1, 1, 1, (0, 1, 0), -1, (0, 0)): (4, 10)
(1, 1, 1, (0, 1, 0), 0, (0, 0)): (59, 92)
(1, 1, 1, (0, 1, 0), 0, (1, 0)): (1, 1)
(1, 1, 1, (0, 1, 0), 0, (1, 1)): (1, 1)
(1, 1, 1, (0, 1, 0), 0, (1, 2)): (1, 1)
(1, 1, 1, (0, 1, 0), 0, (2, 2)): (1, 1)
(1, 1, 1, (0, 1, 0), 1, (0, 0)): (15, 21)
(1, 1, 1, (0, 1, 0), 2, (0, 0)): (3, 7)
(1, 1, 1, (0, 1, 0), 3, (0, 0)): (4, 4)
(1, 1, 1, (0, 1, 0), 4, (0, 0)): (2, 2)
(1, 1, 1, (0, 1, 0), 5, (0, 0)): (1, 1)
(1, 1, 1, (0, 1, 1), -4, (0, 0)): (0, 1)
(1, 1, 1, (0, 1, 1), -3, (0, 0)): (1, 3)
(1, 1, 1, (0, 1, 1), -2, (0, 0)): (1, 2)
(1, 1, 1, (0, 1, 1), -1, (0, 0)): (1, 5)
(1, 1, 1, (0, 1, 1), 0, (0, 0)): (28, 42)
(1, 1, 1, (0, 1, 1), 0, (0, 1)): (0, 1)
(1, 1, 1, (0, 1, 1), 0, (0, 2)): (0, 1)
(1, 1, 1, (0, 1, 1), 0, (1, 2)): (0, 1)
(1, 1, 1, (0, 1, 1), 0, (2, 2)): (0, 1)
(1, 1, 1, (0, 1, 1), 0, (3, 2)): (0, 1)
(1, 1, 1, (0, 1, 1), 1, (0, 0)): (12, 12)
(1, 1, 1, (0, 1, 1), 2, (0, 0)): (4, 5)
(1, 1, 1, (0, 1, 1), 3, (0, 0)): (3, 3)
(1, 1, 1, (0, 1, 1), 4, (0, 0)): (1, 1)
(1, 1, 1, (1, 0, 0), -8, (0, 0)): (0, 1)
(1, 1, 1, (1, 0, 0), -5, (0, 0)): (1, 5)
(1, 1, 1, (1, 0, 0), -4, (0, 0)): (2, 5)
(1, 1, 1, (1, 0, 0), -3, (0, 0)): (3, 6)
(1, 1, 1, (1, 0, 0), -2, (0, 0)): (7, 24)
(1, 1, 1, (1, 0, 0), -1, (0, 0)): (15, 47)
(1, 1, 1, (1, 0, 0), 0, (0, 0)): (145, 235)
(1, 1, 1, (1, 0, 0), 0, (1, 0)): (1, 1)
(1, 1, 1, (1, 0, 0), 0, (1, 1)): (1, 1)
(1, 1, 1, (1, 0, 0), 0, (1, 2)): (1, 1)
(1, 1, 1, (1, 0, 0), 0, (2, 2)): (1, 1)
(1, 1, 1, (1, 0, 0), 1, (0, 0)): (15, 26)
(1, 1, 1, (1, 0, 0), 2, (0, 0)): (12, 16)
(1, 1, 1, (1, 0, 0), 3, (0, 0)): (7, 7)
(1, 1, 1, (1, 0, 0), 4, (0, 0)): (3, 3)
(1, 1, 1, (1, 0, 1), -3, (0, 0)): (1, 2)
(1, 1, 1, (1, 0, 1), -1, (0, 0)): (5, 8)
(1, 1, 1, (1, 0, 1), 0, (0, 0)): (36, 51)
(1, 1, 1, (1, 0, 1), 1, (0, 0)): (15, 21)
(1, 1, 1, (1, 0, 1), 2, (0, 0)): (5, 8)
(1, 1, 1, (1, 0, 1), 3, (0, 0)): (3, 3)
(1, 1, 1, (1, 0, 1), 4, (0, 0)): (3, 3)
(1, 1, 1, (1, 1, 0), -5, (0, 0)): (1, 3)
(1, 1, 1, (1, 1, 0), -4, (0, 0)): (1, 3)
(1, 1, 1, (1, 1, 0), -3, (0, 0)): (0, 2)
(1, 1, 1, (1, 1, 0), -2, (0, 0)): (2, 6)
(1, 1, 1, (1, 1, 0), -1, (0, 0)): (9, 22)
(1, 1, 1, (1, 1, 0), 0, (0, 0)): (49, 72)
(1, 1, 1, (1, 1, 0), 1, (0, 0)): (21, 27)
(1, 1, 1, (1, 1, 0), 2, (0, 0)): (12, 16)
(1, 1, 1, (1, 1, 0), 3, (0, 0)): (3, 6)
(1, 1, 1, (1, 1, 0), 4, (0, 0)): (0, 1)
(1, 1, 1, (1, 1, 0), 5, (0, 0)): (1, 1)
(1, 1, 1, (1, 1, 1), -4, (0, 0)): (0, 1)
(1, 1, 1, (1, 1, 1), -3, (0, 0)): (1, 2)
(1, 1, 1, (1, 1, 1), -2, (0, 0)): (2, 3)
(1, 1, 1, (1, 1, 1), -1, (0, 0)): (3, 9)
(1, 1, 1, (1, 1, 1), 0, (0, 0)): (24, 34)
(1, 1, 1, (1, 1, 1), 1, (0, 0)): (11, 11)
(1, 1, 1, (1, 1, 1), 2, (0, 0)): (1, 1)
(1, 1, 1, (1, 1, 1), 3, (0, 0)): (2, 2)
(1, 1, 1, (1, 1, 1), 4, (0, 0)): (1, 1)
(1, 1, 1, (1, 1, 1), 5, (0, 0)): (2, 2)
(1, 1, 2, (0, 0, 0), -9, (0, 0)): (0, 1)
(1, 1, 2, (0, 0, 0), -7, (0, 0)): (0, 1)
(1, 1, 2, (0, 0, 0), -6, (0, 0)): (0, 3)
(1, 1, 2, (0, 0, 0), -5, (0, 0)): (0, 5)
(1, 1, 2, (0, 0, 0), -4, (0, 0)): (1, 6)
(1, 1, 2, (0, 0, 0), -3, (0, 0)): (5, 22)
(1, 1, 2, (0, 0, 0), -2, (0, 0)): (9, 24)
(1, 1, 2, (0, 0, 0), -1, (0, 0)): (38, 81)
(1, 1, 2, (0, 0, 0), 0, (0, 0)): (215, 391)
(1, 1, 2, (0, 0, 0), 0, (1, 0)): (1, 2)
(1, 1, 2, (0, 0, 0), 0, (1, 1)): (1, 2)
(1, 1, 2, (0, 0, 0), 0, (2, 1)): (0, 1)
(1, 1, 2, (0, 0, 0), 0, (2, 2)): (0, 1)
(1, 1, 2, (0, 0, 0), 1, (0, 0)): (12, 21)
(1, 1, 2, (0, 0, 0), 2, (0, 0)): (16, 17)
(1, 1, 2, (0, 0, 0), 3, (0, 0)): (11, 18)
(1, 1, 2, (0, 0, 0), 4, (0, 0)): (8, 8)
(1, 1, 2, (0, 0, 0), 5, (0, 0)): (4, 4)
(1, 1, 2, (0, 0, 0), 6, (0, 0)): (2, 2)
(1, 1, 2, (0, 0, 1), -4, (0, 0)): (0, 1)
(1, 1, 2, (0, 0, 1), -3, (0, 0)): (2, 2)
(1, 1, 2, (0, 0, 1), -2, (0, 0)): (1, 2)
(1, 1, 2, (0, 0, 1), -1, (0, 0)): (3, 7)
(1, 1, 2, (0, 0, 1), 0, (0, 0)): (22, 37)
(1, 1, 2, (0, 0, 1), 0, (0, 1)): (1, 1)
(1, 1, 2, (0, 0, 1), 0, (0, 2)): (1, 1)
(1, 1, 2, (0, 0, 1), 0, (1, 2)): (1, 1)
(1, 1, 2, (0, 0, 1), 1, (0, 0)): (15, 23)
(1, 1, 2, (0, 0, 1), 1, (1, 0)): (0, 1)
(1, 1, 2, (0, 0, 1), 1, (1, 1)): (0, 1)
(1, 1, 2, (0, 0, 1), 1, (1, 2)): (0, 1)
(1, 1, 2, (0, 0, 1), 2, (0, 0)): (2, 3)
(1, 1, 2, (0, 0, 1), 3, (0, 0)): (4, 4)
(1, 1, 2, (0, 0, 1), 4, (0, 0)): (3, 3)
(1, 1, 2, (0, 0, 1), 8, (0, 0)): (1, 1)
(1, 1, 2, (0, 1, 0), -7, (0, 0)): (0, 1)
(1, 1, 2, (0, 1, 0), -6, (0, 0)): (0, 1)
(1, 1, 2, (0, 1, 0), -3, (0, 0)): (1, 9)
(1, 1, 2, (0, 1, 0), -2, (0, 0)): (2, 9)
(1, 1, 2, (0, 1, 0), -1, (0, 0)): (7, 12)
(1, 1, 2, (0, 1, 0), 0, (0, 0)): (58, 101)
(1, 1, 2, (0, 1, 0), 1, (0, 0)): (27, 35)
(1, 1, 2, (0, 1, 0), 2, (0, 0)): (17, 21)
(1, 1, 2, (0, 1, 0), 3, (0, 0)): (8, 8)
(1, 1, 2, (0, 1, 0), 4, (0, 0)): (4, 4)
(1, 1, 2, (0, 1, 1), -6, (0, 0)): (0, 1)
(1, 1, 2, (0, 1, 1), -5, (0, 0)): (0, 1)
(1, 1, 2, (0, 1, 1), -2, (0, 0)): (0, 1)
(1, 1, 2, (0, 1, 1), -1, (0, 0)): (2, 4)
(1, 1, 2, (0, 1, 1), 0, (0, 0)): (13, 18)
(1, 1, 2, (0, 1, 1), 1, (0, 0)): (6, 10)
(1, 1, 2, (0, 1, 1), 2, (0, 0)): (5, 6)
(1, 1, 2, (0, 1, 1), 3, (0, 0)): (4, 4)
(1, 1, 2, (0, 1, 1), 4, (0, 0)): (1, 1)
(1, 1, 2, (1, 0, 0), -8, (0, 0)): (0, 1)
(1, 1, 2, (1, 0, 0), -7, (0, 0)): (0, 1)
(1, 1, 2, (1, 0, 0), -6, (0, 0)): (0, 2)
(1, 1, 2, (1, 0, 0), -5, (0, 0)): (0, 5)
(1, 1, 2, (1, 0, 0), -4, (0, 0)): (2, 4)
(1, 1, 2, (1, 0, 0), -3, (0, 0)): (2, 6)
(1, 1, 2, (1, 0, 0), -2, (0, 0)): (10, 28)
(1, 1, 2, (1, 0, 0), -1, (0, 0)): (18, 45)
(1, 1, 2, (1, 0, 0), 0, (0, 0)): (100, 176)
(1, 1, 2, (1, 0, 0), 1, (0, 0)): (18, 35)
(1, 1, 2, (1, 0, 0), 2, (0, 0)): (15, 21)
(1, 1, 2, (1, 0, 0), 3, (0, 0)): (14, 17)
(1, 1, 2, (1, 0, 0), 4, (0, 0)): (5, 5)
(1, 1, 2, (1, 0, 0), 5, (0, 0)): (2, 2)
(1, 1, 2, (1, 0, 0), 6, (0, 0)): (1, 1)
(1, 1, 2, (1, 0, 0), 7, (0, 0)): (1, 1)
(1, 1, 2, (1, 0, 1), -4, (0, 0)): (0, 1)
(1, 1, 2, (1, 0, 1), -2, (0, 0)): (1, 3)
(1, 1, 2, (1, 0, 1), -1, (0, 0)): (5, 12)
(1, 1, 2, (1, 0, 1), 0, (0, 0)): (21, 32)
(1, 1, 2, (1, 0, 1), 1, (0, 0)): (21, 29)
(1, 1, 2, (1, 0, 1), 2, (0, 0)): (8, 11)
(1, 1, 2, (1, 0, 1), 3, (0, 0)): (3, 4)
(1, 1, 2, (1, 0, 1), 4, (0, 0)): (1, 1)
(1, 1, 2, (1, 1, 0), -5, (0, 0)): (1, 2)
(1, 1, 2, (1, 1, 0), -4, (0, 0)): (0, 2)
(1, 1, 2, (1, 1, 0), -3, (0, 0)): (1, 3)
(1, 1, 2, (1, 1, 0), -2, (0, 0)): (6, 11)
(1, 1, 2, (1, 1, 0), -1, (0, 0)): (7, 18)
(1, 1, 2, (1, 1, 0), 0, (0, 0)): (53, 77)
(1, 1, 2, (1, 1, 0), 1, (0, 0)): (25, 38)
(1, 1, 2, (1, 1, 0), 2, (0, 0)): (18, 24)
(1, 1, 2, (1, 1, 0), 3, (0, 0)): (7, 8)
(1, 1, 2, (1, 1, 0), 4, (0, 0)): (1, 2)
(1, 1, 2, (1, 1, 0), 6, (0, 0)): (1, 1)
(1, 1, 2, (1, 1, 0), 7, (0, 0)): (1, 1)
(1, 1, 2, (1, 1, 1), -3, (0, 0)): (0, 1)
(1, 1, 2, (1, 1, 1), -2, (0, 0)): (1, 3)
(1, 1, 2, (1, 1, 1), -1, (0, 0)): (2, 9)
(1, 1, 2, (1, 1, 1), 0, (0, 0)): (15, 29)
(1, 1, 2, (1, 1, 1), 1, (0, 0)): (9, 14)
(1, 1, 2, (1, 1, 1), 2, (0, 0)): (7, 8)
(1, 1, 2, (1, 1, 1), 3, (0, 0)): (4, 4)
(1, 1, 2, (1, 1, 1), 4, (0, 0)): (1, 1)
(1, 1, 2, (1, 1, 1), 5, (0, 0)): (1, 1)
(1, 1, 2, (1, 1, 1), 7, (0, 0)): (1, 1)
(2, 0, 0, (0, 0, 0), -8, (0, 0)): (0, 1)
(2, 0, 0, (0, 0, 0), -7, (0, 0)): (0, 1)
(2, 0, 0, (0, 0, 0), -6, (0, 0)): (0, 1)
(2, 0, 0, (0, 0, 0), -5, (0, 0)): (0, 5)
(2, 0, 0, (0, 0, 0), -4, (0, 0)): (2, 22)
(2, 0, 0, (0, 0, 0), -3, (0, 0)): (13, 55)
(2, 0, 0, (0, 0, 0), -2, (0, 0)): (20, 80)
(2, 0, 0, (0, 0, 0), -1, (0, 0)): (52, 145)
(2, 0, 0, (0, 0, 0), -1, (1, 0)): (1, 1)
(2, 0, 0, (0, 0, 0), -1, (1, 1)): (1, 1)
(2, 0, 0, (0, 0, 0), -1, (1, 2)): (1, 1)
(2, 0, 0, (0, 0, 0), 0, (0, 0)): (278, 577)
(2, 0, 0, (0, 0, 0), 0, (0, 1)): (1, 3)
(2, 0, 0, (0, 0, 0), 0, (0, 2)): (0, 1)
(2, 0, 0, (0, 0, 0), 1, (0, 0)): (81, 132)
(2, 0, 0, (0, 0, 0), 2, (0, 0)): (39, 57)
(2, 0, 0, (0, 0, 0), 3, (0, 0)): (26, 35)
(2, 0, 0, (0, 0, 0), 4, (0, 0)): (11, 13)
(2, 0, 0, (0, 0, 0), 5, (0, 0)): (6, 7)
(2, 0, 0, (0, 0, 0), 6, (0, 0)): (3, 3)
(2, 0, 0, (0, 0, 0), 7, (0, 0)): (2, 2)
(2, 0, 0, (0, 0, 0), 9, (0, 0)): (1, 1)
(2, 0, 0, (0, 0, 1), -3, (0, 0)): (0, 1)
(2, 0, 0, (0, 0, 1), 0, (0, 0)): (2, 5)
(2, 0, 0, (0, 0, 1), 1, (0, 0)): (2, 4)
(2, 0, 0, (0, 0, 1), 2, (0, 0)): (1, 1)
(2, 0, 0, (0, 0, 1), 3, (0, 0)): (1, 1)
(2, 0, 0, (0, 1, 0), -8, (0, 0)): (0, 1)
(2, 0, 0, (0, 1, 0), -3, (0, 0)): (0, 5)
(2, 0, 0, (0, 1, 0), -2, (0, 0)): (2, 4)
(2, 0, 0, (0, 1, 0), -1, (0, 0)): (3, 4)
(2, 0, 0, (0, 1, 0), 0, (0, 0)): (19, 35)
(2, 0, 0, (0, 1, 0), 1, (0, 0)): (9, 11)
(2, 0, 0, (0, 1, 0), 2, (0, 0)): (4, 4)
(2, 0, 0, (0, 1, 0), 3, (0, 0)): (2, 2)
(2, 0, 0, (0, 1, 0), 4, (0, 0)): (2, 3)
(2, 0, 0, (0, 1, 0), 5, (0, 0)): (1, 1)
(2, 0, 0, (0, 1, 1), -3, (0, 0)): (0, 1)
(2, 0, 0, (0, 1, 1), -2, (0, 0)): (0, 2)
(2, 0, 0, (0, 1, 1), -1, (0, 0)): (1, 3)
(2, 0, 0, (0, 1, 1), 0, (0, 0)): (7, 12)
(2, 0, 0, (0, 1, 1), 1, (0, 0)): (2, 5)
(2, 0, 0, (0, 1, 1), 2, (0, 0)): (0, 1)
(2, 0, 0, (0, 1, 1), 6, (0, 0)): (1, 1)
(2, 0, 0, (0, 1, 1), 8, (0, 0)): (1, 1)
(2, 0, 0, (1, 0, 0), -6, (0, 0)): (0, 1)
(2, 0, 0, (1, 0, 0), -5, (0, 0)): (0, 1)
(2, 0, 0, (1, 0, 0), -4, (0, 0)): (2, 9)
(2, 0, 0, (1, 0, 0), -3, (0, 0)): (8, 19)
(2, 0, 0, (1, 0, 0), -3, (0, 1)): (0, 1)
(2, 0, 0, (1, 0, 0), -3, (0, 2)): (0, 1)
(2, 0, 0, (1, 0, 0), -2, (0, 0)): (5, 24)
(2, 0, 0, (1, 0, 0), -1, (0, 0)): (8, 40)
(2, 0, 0, (1, 0, 0), -1, (1, 0)): (1, 1)
(2, 0, 0, (1, 0, 0), -1, (2, 0)): (1, 1)
(2, 0, 0, (1, 0, 0), -1, (2, 1)): (1, 1)
(2, 0, 0, (1, 0, 0), -1, (3, 1)): (1, 1)
(2, 0, 0, (1, 0, 0), 0, (0, 0)): (88, 175)
(2, 0, 0, (1, 0, 0), 1, (0, 0)): (24, 41)
(2, 0, 0, (1, 0, 0), 2, (0, 0)): (13, 17)
(2, 0, 0, (1, 0, 0), 3, (0, 0)): (4, 6)
(2, 0, 0, (1, 0, 0), 4, (0, 0)): (2, 2)
(2, 0, 0, (1, 0, 0), 5, (0, 0)): (0, 1)
(2, 0, 0, (1, 0, 0), 6, (0, 0)): (2, 2)
(2, 0, 0, (1, 0, 0), 7, (0, 0)): (1, 1)
(2, 0, 0, (1, 0, 0), 8, (0, 0)): (1, 1)
(2, 0, 0, (1, 0, 0), 9, (0, 0)): (1, 1)
(2, 0, 0, (1, 0, 1), -3, (0, 0)): (0, 3)
(2, 0, 0, (1, 0, 1), -2, (0, 0)): (0, 2)
(2, 0, 0, (1, 0, 1), -1, (0, 0)): (1, 2)
(2, 0, 0, (1, 0, 1), 0, (0, 0)): (16, 21)
(2, 0, 0, (1, 0, 1), 1, (0, 0)): (9, 13)
(2, 0, 0, (1, 0, 1), 2, (0, 0)): (5, 5)
(2, 0, 0, (1, 0, 1), 3, (0, 0)): (5, 5)
(2, 0, 0, (1, 0, 1), 4, (0, 0)): (4, 4)
(2, 0, 0, (1, 0, 1), 5, (0, 0)): (0, 1)
(2, 0, 0, (1, 1, 0), -6, (0, 0)): (0, 1)
(2, 0, 0, (1, 1, 0), -4, (0, 0)): (1, 2)
(2, 0, 0, (1, 1, 0), -3, (0, 0)): (2, 7)
(2, 0, 0, (1, 1, 0), -2, (0, 0)): (0, 4)
(2, 0, 0, (1, 1, 0), -1, (0, 0)): (4, 8)
(2, 0, 0, (1, 1, 0), 0, (0, 0)): (19, 33)
(2, 0, 0, (1, 1, 0), 1, (0, 0)): (3, 6)
(2, 0, 0, (1, 1, 0), 2, (0, 0)): (3, 4)
(2, 0, 0, (1, 1, 0), 3, (0, 0)): (1, 2)
(2, 0, 0, (1, 1, 0), 4, (0, 0)): (1, 1)
(2, 0, 0, (1, 1, 0), 5, (0, 0)): (1, 1)
(2, 0, 0, (1, 1, 0), 6, (0, 0)): (1, 1)
(2, 0, 0, (1, 1, 0), 8, (0, 0)): (1, 1)
(2, 0, 0, (1, 1, 0), 9, (0, 0)): (1, 1)
(2, 0, 0, (1, 1, 1), -4, (0, 0)): (0, 1)
(2, 0, 0, (1, 1, 1), -3, (0, 0)): (0, 2)
(2, 0, 0, (1, 1, 1), -1, (0, 0)): (1, 4)
(2, 0, 0, (1, 1, 1), 0, (0, 0)): (5, 8)
(2, 0, 0, (1, 1, 1), 1, (0, 0)): (1, 2)
(2, 0, 0, (1, 1, 1), 2, (0, 0)): (1, 1)
(2, 0, 0, (1, 1, 1), 3, (0, 0)): (1, 1)
(2, 0, 0, (1, 1, 1), 4, (0, 0)): (1, 1)
(2, 0, 0, (1, 1, 1), 8, (0, 0)): (1, 1)
(2, 0, 0, (1, 1, 1), 9, (0, 0)): (1, 1)
(2, 0, 1, (0, 0, 0), -7, (0, 0)): (0, 1)
(2, 0, 1, (0, 0, 0), -5, (0, 0)): (0, 4)
(2, 0, 1, (0, 0, 0), -4, (0, 0)): (0, 13)
(2, 0, 1, (0, 0, 0), -3, (0, 0)): (5, 33)
(2, 0, 1, (0, 0, 0), -2, (0, 0)): (14, 55)
(2, 0, 1, (0, 0, 0), -1, (0, 0)): (39, 99)
(2, 0, 1, (0, 0, 0), 0, (0, 0)): (163, 365)
(2, 0, 1, (0, 0, 0), 0, (1, 0)): (1, 3)
(2, 0, 1, (0, 0, 0), 0, (1, 1)): (0, 2)
(2, 0, 1, (0, 0, 0), 0, (1, 2)): (0, 2)
(2, 0, 1, (0, 0, 0), 0, (2, 0)): (1, 1)
(2, 0, 1, (0, 0, 0), 0, (2, 2)): (0, 2)
(2, 0, 1, (0, 0, 0), 0, (3, 0)): (1, 1)
(2, 0, 1, (0, 0, 0), 1, (0, 0)): (58, 99)
(2, 0, 1, (0, 0, 0), 2, (0, 0)): (32, 46)
(2, 0, 1, (0, 0, 0), 3, (0, 0)): (24, 33)
(2, 0, 1, (0, 0, 0), 4, (0, 0)): (8, 9)
(2, 0, 1, (0, 0, 0), 5, (0, 0)): (7, 7)
(2, 0, 1, (0, 0, 0), 6, (0, 0)): (1, 1)
(2, 0, 1, (0, 0, 0), 7, (0, 0)): (1, 1)
(2, 0, 1, (0, 0, 1), -3, (0, 0)): (0, 1)
(2, 0, 1, (0, 0, 1), -2, (0, 0)): (2, 3)
(2, 0, 1, (0, 0, 1), -1, (0, 0)): (0, 1)
(2, 0, 1, (0, 0, 1), 0, (0, 0)): (11, 17)
(2, 0, 1, (0, 0, 1), 1, (0, 0)): (9, 17)
(2, 0, 1, (0, 0, 1), 2, (0, 0)): (6, 8)
(2, 0, 1, (0, 0, 1), 3, (0, 0)): (2, 3)
(2, 0, 1, (0, 1, 0), -8, (0, 0)): (0, 1)
(2, 0, 1, (0, 1, 0), -4, (0, 0)): (0, 1)
(2, 0, 1, (0, 1, 0), -3, (0, 0)): (1, 7)
(2, 0, 1, (0, 1, 0), -2, (0, 0)): (5, 7)
(2, 0, 1, (0, 1, 0), -1, (0, 0)): (11, 13)
(2, 0, 1, (0, 1, 0), 0, (0, 0)): (33, 69)
(2, 0, 1, (0, 1, 0), 1, (0, 0)): (20, 25)
(2, 0, 1, (0, 1, 0), 2, (0, 0)): (7, 9)
(2, 0, 1, (0, 1, 0), 3, (0, 0)): (2, 3)
(2, 0, 1, (0, 1, 0), 4, (0, 0)): (1, 2)
(2, 0, 1, (0, 1, 0), 5, (0, 0)): (2, 2)
(2, 0, 1, (0, 1, 1), -3, (0, 0)): (2, 4)
(2, 0, 1, (0, 1, 1), -2, (0, 0)): (1, 4)
(2, 0, 1, (0, 1, 1), -1, (0, 0)): (5, 8)
(2, 0, 1, (0, 1, 1), 0, (0, 0)): (7, 15)
(2, 0, 1, (0, 1, 1), 0, (0, 1)): (1, 1)
(2, 0, 1, (0, 1, 1), 0, (1, 1)): (1, 1)
(2, 0, 1, (0, 1, 1), 1, (0, 0)): (3, 6)
(2, 0, 1, (0, 1, 1), 2, (0, 0)): (2, 2)
(2, 0, 1, (0, 1, 1), 3, (0, 0)): (0, 3)
(2, 0, 1, (0, 1, 1), 4, (0, 0)): (2, 2)
(2, 0, 1, (0, 1, 1), 6, (0, 0)): (3, 3)
(2, 0, 1, (1, 0, 0), -5, (0, 0)): (0, 1)
(2, 0, 1, (1, 0, 0), -4, (0, 0)): (1, 9)
(2, 0, 1, (1, 0, 0), -3, (0, 0)): (7, 9)
(2, 0, 1, (1, 0, 0), -2, (0, 0)): (7, 26)
(2, 0, 1, (1, 0, 0), -1, (0, 0)): (16, 54)
(2, 0, 1, (1, 0, 0), 0, (0, 0)): (75, 156)
(2, 0, 1, (1, 0, 0), 0, (0, 1)): (1, 1)
(2, 0, 1, (1, 0, 0), 0, (0, 2)): (1, 1)
(2, 0, 1, (1, 0, 0), 1, (0, 0)): (32, 53)
(2, 0, 1, (1, 0, 0), 2, (0, 0)): (12, 17)
(2, 0, 1, (1, 0, 0), 3, (0, 0)): (6, 10)
(2, 0, 1, (1, 0, 0), 4, (0, 0)): (2, 2)
(2, 0, 1, (1, 0, 0), 5, (0, 0)): (4, 4)
(2, 0, 1, (1, 0, 0), 6, (0, 0)): (1, 1)
(2, 0, 1, (1, 0, 1), -4, (0, 0)): (0, 1)
(2, 0, 1, (1, 0, 1), -3, (0, 0)): (0, 2)
(2, 0, 1, (1, 0, 1), -2, (0, 0)): (0, 3)
(2, 0, 1, (1, 0, 1), -1, (0, 0)): (3, 7)
(2, 0, 1, (1, 0, 1), 0, (0, 0)): (12, 17)
(2, 0, 1, (1, 0, 1), 1, (0, 0)): (10, 14)
(2, 0, 1, (1, 0, 1), 1, (0, 1)): (1, 1)
(2, 0, 1, (1, 0, 1), 1, (0, 2)): (1, 1)
(2, 0, 1, (1, 0, 1), 1, (1, 2)): (1, 1)
(2, 0, 1, (1, 0, 1), 2, (0, 0)): (7, 8)
(2, 0, 1, (1, 0, 1), 3, (0, 0)): (2, 3)
(2, 0, 1, (1, 0, 1), 4, (0, 0)): (2, 2)
(2, 0, 1, (1, 0, 1), 5, (0, 0)): (1, 2)
(2, 0, 1, (1, 0, 1), 6, (0, 0)): (0, 1)
(2, 0, 1, (1, 0, 1), 7, (0, 0)): (1, 1)
(2, 0, 1, (1, 0, 1), 10, (0, 0)): (1, 1)
(2, 0, 1, (1, 1, 0), -4, (0, 0)): (1, 3)
(2, 0, 1, (1, 1, 0), -3, (0, 0)): (0, 1)
(2, 0, 1, (1, 1, 0), -2, (0, 0)): (3, 7)
(2, 0, 1, (1, 1, 0), -1, (0, 0)): (5, 14)
(2, 0, 1, (1, 1, 0), -1, (0, 1)): (1, 1)
(2, 0, 1, (1, 1, 0), -1, (1, 1)): (1, 1)
(2, 0, 1, (1, 1, 0), 0, (0, 0)): (25, 45)
(2, 0, 1, (1, 1, 0), 1, (0, 0)): (10, 19)
(2, 0, 1, (1, 1, 0), 2, (0, 0)): (3, 5)
(2, 0, 1, (1, 1, 0), 2, (0, 1)): (1, 1)
(2, 0, 1, (1, 1, 0), 2, (0, 2)): (1, 1)
(2, 0, 1, (1, 1, 0), 3, (0, 0)): (5, 8)
(2, 0, 1, (1, 1, 0), 4, (0, 0)): (2, 3)
(2, 0, 1, (1, 1, 0), 5, (0, 0)): (5, 5)
(2, 0, 1, (1, 1, 0), 9, (0, 0)): (1, 1)
(2, 0, 1, (1, 1, 1), -3, (0, 0)): (0, 1)
(2, 0, 1, (1, 1, 1), -2, (0, 0)): (0, 1)
(2, 0, 1, (1, 1, 1), -1, (0, 0)): (3, 6)
(2, 0, 1, (1, 1, 1), 0, (0, 0)): (6, 13)
(2, 0, 1, (1, 1, 1), 1, (0, 0)): (5, 7)
(2, 0, 1, (1, 1, 1), 2, (0, 0)): (3, 3)
(2, 0, 1, (1, 1, 1), 3, (0, 0)): (3, 3)
(2, 0, 1, (1, 1, 1), 5, (0, 0)): (1, 1)
(2, 0, 1, (1, 1, 1), 6, (0, 0)): (1, 1)
(2, 0, 2, (0, 0, 0), -7, (0, 0)): (0, 1)
(2, 0, 2, (0, 0, 0), -5, (0, 0)): (0, 4)
(2, 0, 2, (0, 0, 0), -4, (0, 0)): (0, 9)
(2, 0, 2, (0, 0, 0), -3, (0, 0)): (2, 26)
(2, 0, 2, (0, 0, 0), -2, (0, 0)): (7, 44)
(2, 0, 2, (0, 0, 0), -1, (0, 0)): (23, 67)
(2, 0, 2, (0, 0, 0), 0, (0, 0)): (102, 259)
(2, 0, 2, (0, 0, 0), 0, (0, 1)): (0, 1)
(2, 0, 2, (0, 0, 0), 0, (0, 2)): (0, 1)
(2, 0, 2, (0, 0, 0), 1, (0, 0)): (51, 94)
(2, 0, 2, (0, 0, 0), 2, (0, 0)): (33, 45)
(2, 0, 2, (0, 0, 0), 3, (0, 0)): (20, 27)
(2, 0, 2, (0, 0, 0), 4, (0, 0)): (7, 8)
(2, 0, 2, (0, 0, 0), 5, (0, 0)): (6, 7)
(2, 0, 2, (0, 0, 0), 6, (0, 0)): (3, 3)
(2, 0, 2, (0, 0, 0), 7, (0, 0)): (2, 2)
(2, 0, 2, (0, 0, 0), 8, (0, 0)): (1, 1)
(2, 0, 2, (0, 0, 1), -6, (0, 0)): (0, 1)
(2, 0, 2, (0, 0, 1), -3, (0, 0)): (1, 4)
(2, 0, 2, (0, 0, 1), -2, (0, 0)): (1, 4)
(2, 0, 2, (0, 0, 1), -1, (0, 0)): (4, 6)
(2, 0, 2, (0, 0, 1), 0, (0, 0)): (15, 27)
(2, 0, 2, (0, 0, 1), 1, (0, 0)): (10, 21)
(2, 0, 2, (0, 0, 1), 2, (0, 0)): (10, 13)
(2, 0, 2, (0, 0, 1), 3, (0, 0)): (3, 6)
(2, 0, 2, (0, 0, 1), 4, (0, 0)): (2, 3)
(2, 0, 2, (0, 0, 1), 5, (0, 0)): (0, 1)
(2, 0, 2, (0, 0, 1), 6, (0, 0)): (1, 1)
(2, 0, 2, (0, 1, 0), -8, (0, 0)): (0, 1)
(2, 0, 2, (0, 1, 0), -5, (0, 0)): (0, 1)
(2, 0, 2, (0, 1, 0), -4, (0, 0)): (1, 2)
(2, 0, 2, (0, 1, 0), -3, (0, 0)): (2, 3)
(2, 0, 2, (0, 1, 0), -2, (0, 0)): (4, 7)
(2, 0, 2, (0, 1, 0), -1, (0, 0)): (8, 17)
(2, 0, 2, (0, 1, 0), 0, (0, 0)): (30, 76)
(2, 0, 2, (0, 1, 0), 1, (0, 0)): (27, 37)
(2, 0, 2, (0, 1, 0), 1, (1, 0)): (1, 1)
(2, 0, 2, (0, 1, 0), 1, (1, 1)): (1, 1)
(2, 0, 2, (0, 1, 0), 2, (0, 0)): (13, 20)
(2, 0, 2, (0, 1, 0), 3, (0, 0)): (14, 17)
(2, 0, 2, (0, 1, 0), 4, (0, 0)): (3, 4)
(2, 0, 2, (0, 1, 0), 5, (0, 0)): (4, 5)
(2, 0, 2, (0, 1, 0), 6, (0, 0)): (1, 1)
(2, 0, 2, (0, 1, 0), 7, (0, 0)): (0, 1)
(2, 0, 2, (0, 1, 0), 8, (0, 0)): (1, 1)
(2, 0, 2, (0, 1, 1), -3, (0, 0)): (0, 2)
(2, 0, 2, (0, 1, 1), -2, (0, 0)): (1, 2)
(2, 0, 2, (0, 1, 1), -1, (0, 0)): (1, 6)
(2, 0, 2, (0, 1, 1), 0, (0, 0)): (7, 20)
(2, 0, 2, (0, 1, 1), 1, (0, 0)): (10, 13)
(2, 0, 2, (0, 1, 1), 2, (0, 0)): (3, 4)
(2, 0, 2, (0, 1, 1), 3, (0, 0)): (4, 7)
(2, 0, 2, (0, 1, 1), 4, (0, 0)): (2, 3)
(2, 0, 2, (0, 1, 1), 9, (0, 0)): (1, 1)
(2, 0, 2, (1, 0, 0), -5, (0, 0)): (0, 1)
(2, 0, 2, (1, 0, 0), -4, (0, 0)): (0, 4)
(2, 0, 2, (1, 0, 0), -3, (0, 0)): (3, 15)
(2, 0, 2, (1, 0, 0), -2, (0, 0)): (5, 25)
(2, 0, 2, (1, 0, 0), -1, (0, 0)): (14, 41)
(2, 0, 2, (1, 0, 0), 0, (0, 0)): (67, 134)
(2, 0, 2, (1, 0, 0), 1, (0, 0)): (34, 59)
(2, 0, 2, (1, 0, 0), 2, (0, 0)): (16, 26)
(2, 0, 2, (1, 0, 0), 3, (0, 0)): (22, 23)
(2, 0, 2, (1, 0, 0), 4, (0, 0)): (2, 3)
(2, 0, 2, (1, 0, 0), 5, (0, 0)): (1, 1)
(2, 0, 2, (1, 0, 0), 6, (0, 0)): (1, 2)
(2, 0, 2, (1, 0, 0), 7, (0, 0)): (1, 1)
(2, 0, 2, (1, 0, 0), 8, (0, 0)): (1, 1)
(2, 0, 2, (1, 0, 0), 9, (0, 0)): (1, 1)
(2, 0, 2, (1, 0, 1), -5, (0, 0)): (0, 1)
(2, 0, 2, (1, 0, 1), -4, (0, 0)): (0, 2)
(2, 0, 2, (1, 0, 1), -3, (0, 0)): (2, 3)
(2, 0, 2, (1, 0, 1), -2, (0, 0)): (2, 4)
(2, 0, 2, (1, 0, 1), -1, (0, 0)): (3, 5)
(2, 0, 2, (1, 0, 1), 0, (0, 0)): (10, 22)
(2, 0, 2, (1, 0, 1), 1, (0, 0)): (13, 24)
(2, 0, 2, (1, 0, 1), 2, (0, 0)): (3, 7)
(2, 0, 2, (1, 0, 1), 3, (0, 0)): (7, 9)
(2, 0, 2, (1, 0, 1), 4, (0, 0)): (1, 1)
(2, 0, 2, (1, 0, 1), 5, (0, 0)): (1, 1)
(2, 0, 2, (1, 0, 1), 6, (0, 0)): (1, 1)
(2, 0, 2, (1, 0, 1), 10, (0, 0)): (1, 1)
(2, 0, 2, (1, 1, 0), -4, (0, 0)): (1, 1)
(2, 0, 2, (1, 1, 0), -3, (0, 0)): (1, 6)
(2, 0, 2, (1, 1, 0), -2, (0, 0)): (5, 14)
(2, 0, 2, (1, 1, 0), -1, (0, 0)): (4, 17)
(2, 0, 2, (1, 1, 0), -1, (1, 0)): (1, 1)
(2, 0, 2, (1, 1, 0), -1, (2, 0)): (1, 1)
(2, 0, 2, (1, 1, 0), -1, (2, 1)): (1, 1)
(2, 0, 2, (1, 1, 0), -1, (2, 2)): (1, 1)
(2, 0, 2, (1, 1, 0), -1, (3, 2)): (1, 1)
(2, 0, 2, (1, 1, 0), 0, (0, 0)): (33, 49)
(2, 0, 2, (1, 1, 0), 1, (0, 0)): (17, 24)
(2, 0, 2, (1, 1, 0), 2, (0, 0)): (10, 16)
(2, 0, 2, (1, 1, 0), 3, (0, 0)): (9, 11)
(2, 0, 2, (1, 1, 0), 4, (0, 0)): (4, 5)
(2, 0, 2, (1, 1, 0), 5, (0, 0)): (3, 3)
(2, 0, 2, (1, 1, 0), 6, (0, 0)): (1, 1)
(2, 0, 2, (1, 1, 0), 7, (0, 0)): (2, 2)
(2, 0, 2, (1, 1, 0), 8, (0, 0)): (1, 1)
(2, 0, 2, (1, 1, 0), 9, (0, 0)): (1, 1)
(2, 0, 2, (1, 1, 1), -4, (0, 0)): (0, 1)
(2, 0, 2, (1, 1, 1), -3, (0, 0)): (0, 1)
(2, 0, 2, (1, 1, 1), -2, (0, 0)): (2, 5)
(2, 0, 2, (1, 1, 1), -1, (0, 0)): (1, 5)
(2, 0, 2, (1, 1, 1), 0, (0, 0)): (10, 15)
(2, 0, 2, (1, 1, 1), 1, (0, 0)): (7, 11)
(2, 0, 2, (1, 1, 1), 2, (0, 0)): (2, 5)
(2, 0, 2, (1, 1, 1), 3, (0, 0)): (1, 2)
(2, 0, 2, (1, 1, 1), 4, (0, 0)): (0, 1)
(2, 0, 2, (1, 1, 1), 5, (0, 0)): (1, 1)
(2, 0, 2, (1, 1, 1), 9, (0, 0)): (1, 1)
(2, 1, 0, (0, 0, 0), -10, (0, 0)): (0, 1)
(2, 1, 0, (0, 0, 0), -9, (0, 0)): (0, 3)
(2, 1, 0, (0, 0, 0), -8, (0, 0)): (0, 2)
(2, 1, 0, (0, 0, 0), -7, (0, 0)): (1, 4)
(2, 1, 0, (0, 0, 0), -6, (0, 0)): (1, 8)
(2, 1, 0, (0, 0, 0), -5, (0, 0)): (3, 15)
(2, 1, 0, (0, 0, 0), -4, (0, 0)): (4, 21)
(2, 1, 0, (0, 0, 0), -3, (0, 0)): (15, 60)
(2, 1, 0, (0, 0, 0), -2, (0, 0)): (34, 105)
(2, 1, 0, (0, 0, 0), -2, (1, 0)): (0, 1)
(2, 1, 0, (0, 0, 0), -2, (1, 1)): (0, 1)
(2, 1, 0, (0, 0, 0), -2, (2, 1)): (0, 1)
(2, 1, 0, (0, 0, 0), -1, (0, 0)): (89, 205)
(2, 1, 0, (0, 0, 0), -1, (1, 0)): (0, 1)
(2, 1, 0, (0, 0, 0), 0, (0, 0)): (251, 433)
(2, 1, 0, (0, 0, 0), 0, (1, 0)): (2, 2)
(2, 1, 0, (0, 0, 0), 0, (2, 0)): (1, 1)
(2, 1, 0, (0, 0, 0), 0, (3, 0)): (1, 1)
(2, 1, 0, (0, 0, 0), 0, (3, 1)): (1, 1)
(2, 1, 0, (0, 0, 0), 1, (0, 0)): (101, 145)
(2, 1, 0, (0, 0, 0), 2, (0, 0)): (61, 81)
(2, 1, 0, (0, 0, 0), 3, (0, 0)): (38, 44)
(2, 1, 0, (0, 0, 0), 4, (0, 0)): (17, 18)
(2, 1, 0, (0, 0, 0), 5, (0, 0)): (5, 5)
(2, 1, 0, (0, 0, 0), 6, (0, 0)): (1, 1)
(2, 1, 0, (0, 0, 0), 7, (0, 0)): (1, 1)
(2, 1, 0, (0, 0, 0), 8, (0, 0)): (1, 1)
(2, 1, 0, (0, 0, 1), -3, (0, 0)): (0, 2)
(2, 1, 0, (0, 0, 1), -2, (0, 0)): (1, 1)
(2, 1, 0, (0, 0, 1), -1, (0, 0)): (1, 4)
(2, 1, 0, (0, 0, 1), 0, (0, 0)): (10, 12)
(2, 1, 0, (0, 0, 1), 1, (0, 0)): (3, 4)
(2, 1, 0, (0, 0, 1), 2, (0, 0)): (3, 3)
(2, 1, 0, (0, 0, 1), 4, (0, 0)): (1, 1)
(2, 1, 0, (0, 1, 0), -9, (0, 0)): (0, 1)
(2, 1, 0, (0, 1, 0), -5, (0, 0)): (0, 3)
(2, 1, 0, (0, 1, 0), -3, (0, 0)): (2, 4)
(2, 1, 0, (0, 1, 0), -2, (0, 0)): (2, 7)
(2, 1, 0, (0, 1, 0), -1, (0, 0)): (7, 15)
(2, 1, 0, (0, 1, 0), 0, (0, 0)): (15, 26)
(2, 1, 0, (0, 1, 0), 1, (0, 0)): (10, 16)
(2, 1, 0, (0, 1, 0), 2, (0, 0)): (6, 10)
(2, 1, 0, (0, 1, 0), 3, (0, 0)): (4, 4)
(2, 1, 0, (0, 1, 0), 4, (0, 0)): (1, 1)
(2, 1, 0, (0, 1, 1), -5, (0, 0)): (1, 1)
(2, 1, 0, (0, 1, 1), -3, (0, 0)): (2, 2)
(2, 1, 0, (0, 1, 1), -2, (0, 0)): (1, 2)
(2, 1, 0, (0, 1, 1), -1, (0, 0)): (3, 3)
(2, 1, 0, (0, 1, 1), 0, (0, 0)): (5, 8)
(2, 1, 0, (0, 1, 1), 1, (0, 0)): (1, 3)
(2, 1, 0, (0, 1, 1), 2, (0, 0)): (1, 1)
(2, 1, 0, (0, 1, 1), 4, (0, 0)): (1, 2)
(2, 1, 0, (1, 0, 0), -7, (0, 0)): (1, 3)
(2, 1, 0, (1, 0, 0), -6, (0, 0)): (0, 3)
(2, 1, 0, (1, 0, 0), -5, (0, 0)): (2, 6)
(2, 1, 0, (1, 0, 0), -4, (0, 0)): (1, 7)
(2, 1, 0, (1, 0, 0), -3, (0, 0)): (5, 20)
(2, 1, 0, (1, 0, 0), -2, (0, 0)): (14, 32)
(2, 1, 0, (1, 0, 0), -1, (0, 0)): (29, 55)
(2, 1, 0, (1, 0, 0), 0, (0, 0)): (90, 138)
(2, 1, 0, (1, 0, 0), 1, (0, 0)): (26, 38)
(2, 1, 0, (1, 0, 0), 2, (0, 0)): (15, 21)
(2, 1, 0, (1, 0, 0), 3, (0, 0)): (7, 7)
(2, 1, 0, (1, 0, 0), 4, (0, 0)): (6, 7)
(2, 1, 0, (1, 0, 1), -6, (0, 0)): (0, 1)
(2, 1, 0, (1, 0, 1), -3, (0, 0)): (0, 3)
(2, 1, 0, (1, 0, 1), -2, (0, 0)): (1, 3)
(2, 1, 0, (1, 0, 1), -1, (0, 0)): (5, 5)
(2, 1, 0, (1, 0, 1), 0, (0, 0)): (6, 9)
(2, 1, 0, (1, 0, 1), 1, (0, 0)): (6, 8)
(2, 1, 0, (1, 0, 1), 2, (0, 0)): (1, 2)
(2, 1, 0, (1, 0, 1), 4, (0, 0)): (1, 1)
(2, 1, 0, (1, 0, 1), 5, (0, 0)): (1, 1)
(2, 1, 0, (1, 1, 0), -9, (0, 0)): (0, 1)
(2, 1, 0, (1, 1, 0), -7, (0, 0)): (1, 3)
(2, 1, 0, (1, 1, 0), -5, (0, 0)): (2, 5)
(2, 1, 0, (1, 1, 0), -4, (0, 0)): (1, 2)
(2, 1, 0, (1, 1, 0), -3, (0, 0)): (1, 6)
(2, 1, 0, (1, 1, 0), -2, (0, 0)): (3, 5)
(2, 1, 0, (1, 1, 0), -1, (0, 0)): (4, 10)
(2, 1, 0, (1, 1, 0), 0, (0, 0)): (20, 31)
(2, 1, 0, (1, 1, 0), 1, (0, 0)): (7, 11)
(2, 1, 0, (1, 1, 0), 2, (0, 0)): (1, 5)
(2, 1, 0, (1, 1, 0), 3, (0, 0)): (1, 2)
(2, 1, 0, (1, 1, 0), 4, (0, 0)): (1, 1)
(2, 1, 0, (1, 1, 1), -7, (0, 0)): (1, 1)
(2, 1, 0, (1, 1, 1), -5, (0, 0)): (1, 3)
(2, 1, 0, (1, 1, 1), -3, (0, 0)): (1, 1)
(2, 1, 0, (1, 1, 1), -2, (0, 0)): (1, 3)
(2, 1, 0, (1, 1, 1), -1, (0, 0)): (2, 4)
(2, 1, 0, (1, 1, 1), 0, (0, 0)): (8, 11)
(2, 1, 0, (1, 1, 1), 1, (0, 0)): (3, 4)
(2, 1, 0, (1, 1, 1), 2, (0, 0)): (1, 2)
(2, 1, 1, (0, 0, 0), -10, (0, 0)): (0, 1)
(2, 1, 1, (0, 0, 0), -9, (0, 0)): (0, 2)
(2, 1, 1, (0, 0, 0), -8, (0, 0)): (0, 2)
(2, 1, 1, (0, 0, 0), -7, (0, 0)): (0, 1)
(2, 1, 1, (0, 0, 0), -6, (0, 0)): (1, 4)
(2, 1, 1, (0, 0, 0), -5, (0, 0)): (1, 7)
(2, 1, 1, (0, 0, 0), -4, (0, 0)): (3, 14)
(2, 1, 1, (0, 0, 0), -3, (0, 0)): (8, 35)
(2, 1, 1, (0, 0, 0), -2, (0, 0)): (18, 67)
(2, 1, 1, (0, 0, 0), -1, (0, 0)): (52, 133)
(2, 1, 1, (0, 0, 0), -1, (0, 1)): (0, 1)
(2, 1, 1, (0, 0, 0), -1, (0, 2)): (0, 1)
(2, 1, 1, (0, 0, 0), 0, (0, 0)): (131, 253)
(2, 1, 1, (0, 0, 0), 1, (0, 0)): (78, 114)
(2, 1, 1, (0, 0, 0), 2, (0, 0)): (42, 58)
(2, 1, 1, (0, 0, 0), 3, (0, 0)): (29, 36)
(2, 1, 1, (0, 0, 0), 4, (0, 0)): (12, 12)
(2, 1, 1, (0, 0, 0), 5, (0, 0)): (5, 5)
(2, 1, 1, (0, 0, 0), 6, (0, 0)): (1, 1)
(2, 1, 1, (0, 0, 0), 7, (0, 0)): (1, 1)
(2, 1, 1, (0, 0, 0), 8, (0, 0)): (3, 3)
(2, 1, 1, (0, 0, 1), -5, (0, 0)): (0, 1)
(2, 1, 1, (0, 0, 1), -3, (0, 0)): (1, 2)
(2, 1, 1, (0, 0, 1), -2, (0, 0)): (1, 2)
(2, 1, 1, (0, 0, 1), -1, (0, 0)): (5, 11)
(2, 1, 1, (0, 0, 1), 0, (0, 0)): (10, 14)
(2, 1, 1, (0, 0, 1), 1, (0, 0)): (9, 11)
(2, 1, 1, (0, 0, 1), 2, (0, 0)): (6, 6)
(2, 1, 1, (0, 0, 1), 3, (0, 0)): (2, 2)
(2, 1, 1, (0, 0, 1), 4, (0, 0)): (3, 3)
(2, 1, 1, (0, 0, 1), 5, (0, 0)): (0, 1)
(2, 1, 1, (0, 0, 1), 8, (0, 0)): (1, 1)
(2, 1, 1, (0, 0, 1), 9, (0, 0)): (1, 1)
(2, 1, 1, (0, 1, 0), -5, (0, 0)): (0, 2)
(2, 1, 1, (0, 1, 0), -3, (0, 0)): (1, 4)
(2, 1, 1, (0, 1, 0), -2, (0, 0)): (5, 11)
(2, 1, 1, (0, 1, 0), -1, (0, 0)): (9, 22)
(2, 1, 1, (0, 1, 0), 0, (0, 0)): (19, 35)
(2, 1, 1, (0, 1, 0), 1, (0, 0)): (18, 23)
(2, 1, 1, (0, 1, 0), 2, (0, 0)): (15, 20)
(2, 1, 1, (0, 1, 0), 3, (0, 0)): (7, 9)
(2, 1, 1, (0, 1, 0), 4, (0, 0)): (3, 5)
(2, 1, 1, (0, 1, 0), 8, (0, 0)): (1, 1)
(2, 1, 1, (0, 1, 1), -4, (0, 0)): (1, 1)
(2, 1, 1, (0, 1, 1), -3, (0, 0)): (1, 3)
(2, 1, 1, (0, 1, 1), -2, (0, 0)): (2, 5)
(2, 1, 1, (0, 1, 1), -1, (0, 0)): (6, 9)
(2, 1, 1, (0, 1, 1), 0, (0, 0)): (9, 14)
(2, 1, 1, (0, 1, 1), 1, (0, 0)): (8, 10)
(2, 1, 1, (0, 1, 1), 2, (0, 0)): (3, 7)
(2, 1, 1, (0, 1, 1), 3, (0, 0)): (1, 1)
(2, 1, 1, (0, 1, 1), 4, (0, 0)): (2, 3)
(2, 1, 1, (0, 1, 1), 5, (0, 0)): (1, 1)
(2, 1, 1, (1, 0, 0), -9, (0, 0)): (0, 1)
(2, 1, 1, (1, 0, 0), -8, (0, 0)): (0, 1)
(2, 1, 1, (1, 0, 0), -6, (0, 0)): (1, 2)
(2, 1, 1, (1, 0, 0), -5, (0, 0)): (0, 2)
(2, 1, 1, (1, 0, 0), -4, (0, 0)): (2, 6)
(2, 1, 1, (1, 0, 0), -3, (0, 0)): (4, 18)
(2, 1, 1, (1, 0, 0), -2, (0, 0)): (11, 34)
(2, 1, 1, (1, 0, 0), -1, (0, 0)): (28, 59)
(2, 1, 1, (1, 0, 0), -1, (0, 1)): (0, 1)
(2, 1, 1, (1, 0, 0), -1, (1, 1)): (0, 1)
(2, 1, 1, (1, 0, 0), 0, (0, 0)): (73, 126)
(2, 1, 1, (1, 0, 0), 0, (1, 0)): (1, 1)
(2, 1, 1, (1, 0, 0), 0, (2, 0)): (1, 1)
(2, 1, 1, (1, 0, 0), 0, (3, 0)): (1, 1)
(2, 1, 1, (1, 0, 0), 1, (0, 0)): (43, 58)
(2, 1, 1, (1, 0, 0), 2, (0, 0)): (30, 40)
(2, 1, 1, (1, 0, 0), 3, (0, 0)): (9, 10)
(2, 1, 1, (1, 0, 0), 4, (0, 0)): (7, 9)
(2, 1, 1, (1, 0, 0), 5, (0, 0)): (2, 2)
(2, 1, 1, (1, 0, 0), 6, (0, 0)): (2, 2)
(2, 1, 1, (1, 0, 1), -7, (0, 0)): (0, 1)
(2, 1, 1, (1, 0, 1), -6, (0, 0)): (0, 1)
(2, 1, 1, (1, 0, 1), -5, (0, 0)): (1, 1)
(2, 1, 1, (1, 0, 1), -3, (0, 0)): (1, 4)
(2, 1, 1, (1, 0, 1), -2, (0, 0)): (0, 2)
(2, 1, 1, (1, 0, 1), -1, (0, 0)): (3, 4)
(2, 1, 1, (1, 0, 1), 0, (0, 0)): (7, 18)
(2, 1, 1, (1, 0, 1), 1, (0, 0)): (12, 14)
(2, 1, 1, (1, 0, 1), 2, (0, 0)): (7, 9)
(2, 1, 1, (1, 0, 1), 3, (0, 0)): (2, 3)
(2, 1, 1, (1, 0, 1), 4, (0, 0)): (2, 2)
(2, 1, 1, (1, 0, 1), 5, (0, 0)): (1, 1)
(2, 1, 1, (1, 1, 0), -9, (0, 0)): (0, 1)
(2, 1, 1, (1, 1, 0), -8, (0, 0)): (0, 1)
(2, 1, 1, (1, 1, 0), -6, (0, 0)): (1, 2)
(2, 1, 1, (1, 1, 0), -5, (0, 0)): (0, 3)
(2, 1, 1, (1, 1, 0), -4, (0, 0)): (3, 5)
(2, 1, 1, (1, 1, 0), -3, (0, 0)): (1, 6)
(2, 1, 1, (1, 1, 0), -2, (0, 0)): (3, 14)
(2, 1, 1, (1, 1, 0), -1, (0, 0)): (8, 19)
(2, 1, 1, (1, 1, 0), 0, (0, 0)): (27, 39)
(2, 1, 1, (1, 1, 0), 0, (1, 0)): (1, 1)
(2, 1, 1, (1, 1, 0), 0, (1, 1)): (1, 1)
(2, 1, 1, (1, 1, 0), 0, (2, 1)): (1, 1)
(2, 1, 1, (1, 1, 0), 0, (2, 2)): (1, 1)
(2, 1, 1, (1, 1, 0), 1, (0, 0)): (17, 22)
(2, 1, 1, (1, 1, 0), 2, (0, 0)): (10, 13)
(2, 1, 1, (1, 1, 0), 3, (0, 0)): (9, 10)
(2, 1, 1, (1, 1, 0), 4, (0, 0)): (7, 8)
(2, 1, 1, (1, 1, 0), 5, (0, 0)): (1, 1)
(2, 1, 1, (1, 1, 0), 6, (0, 0)): (1, 1)
(2, 1, 1, (1, 1, 0), 7, (0, 0)): (1, 1)
(2, 1, 1, (1, 1, 1), -6, (0, 0)): (1, 1)
(2, 1, 1, (1, 1, 1), -5, (0, 0)): (0, 2)
(2, 1, 1, (1, 1, 1), -3, (0, 0)): (1, 2)
(2, 1, 1, (1, 1, 1), -2, (0, 0)): (1, 2)
(2, 1, 1, (1, 1, 1), -1, (0, 0)): (4, 6)
(2, 1, 1, (1, 1, 1), 0, (0, 0)): (10, 21)
(2, 1, 1, (1, 1, 1), 1, (0, 0)): (14, 16)
(2, 1, 1, (1, 1, 1), 2, (0, 0)): (2, 3)
(2, 1, 1, (1, 1, 1), 3, (0, 0)): (1, 2)
(2, 1, 1, (1, 1, 1), 4, (0, 0)): (2, 2)
(2, 1, 1, (1, 1, 1), 5, (0, 0)): (2, 2)
(2, 1, 1, (1, 1, 1), 6, (0, 0)): (1, 1)
(2, 1, 2, (0, 0, 0), -10, (0, 0)): (0, 1)
(2, 1, 2, (0, 0, 0), -9, (0, 0)): (0, 1)
(2, 1, 2, (0, 0, 0), -8, (0, 0)): (0, 1)
(2, 1, 2, (0, 0, 0), -7, (0, 0)): (0, 1)
(2, 1, 2, (0, 0, 0), -6, (0, 0)): (0, 3)
(2, 1, 2, (0, 0, 0), -5, (0, 0)): (1, 6)
(2, 1, 2, (0, 0, 0), -4, (0, 0)): (1, 10)
(2, 1, 2, (0, 0, 0), -3, (0, 0)): (7, 25)
(2, 1, 2, (0, 0, 0), -2, (0, 0)): (14, 53)
(2, 1, 2, (0, 0, 0), -2, (0, 1)): (0, 1)
(2, 1, 2, (0, 0, 0), -2, (0, 2)): (0, 1)
(2, 1, 2, (0, 0, 0), -1, (0, 0)): (43, 104)
(2, 1, 2, (0, 0, 0), 0, (0, 0)): (109, 202)
(2, 1, 2, (0, 0, 0), 0, (0, 1)): (1, 1)
(2, 1, 2, (0, 0, 0), 0, (0, 2)): (1, 1)
(2, 1, 2, (0, 0, 0), 1, (0, 0)): (59, 90)
(2, 1, 2, (0, 0, 0), 2, (0, 0)): (33, 44)
(2, 1, 2, (0, 0, 0), 3, (0, 0)): (31, 35)
(2, 1, 2, (0, 0, 0), 4, (0, 0)): (11, 11)
(2, 1, 2, (0, 0, 0), 5, (0, 0)): (6, 6)
(2, 1, 2, (0, 0, 0), 6, (0, 0)): (1, 2)
(2, 1, 2, (0, 0, 0), 7, (0, 0)): (2, 2)
(2, 1, 2, (0, 0, 0), 8, (0, 0)): (2, 2)
(2, 1, 2, (0, 0, 1), -5, (0, 0)): (0, 1)
(2, 1, 2, (0, 0, 1), -4, (0, 0)): (0, 1)
(2, 1, 2, (0, 0, 1), -3, (0, 0)): (2, 3)
(2, 1, 2, (0, 0, 1), -2, (0, 0)): (0, 2)
(2, 1, 2, (0, 0, 1), -1, (0, 0)): (4, 14)
(2, 1, 2, (0, 0, 1), 0, (0, 0)): (11, 17)
(2, 1, 2, (0, 0, 1), 1, (0, 0)): (11, 14)
(2, 1, 2, (0, 0, 1), 2, (0, 0)): (4, 7)
(2, 1, 2, (0, 0, 1), 3, (0, 0)): (5, 6)
(2, 1, 2, (0, 0, 1), 3, (1, 0)): (1, 1)
(2, 1, 2, (0, 0, 1), 3, (2, 0)): (1, 1)
(2, 1, 2, (0, 0, 1), 4, (0, 0)): (4, 4)
(2, 1, 2, (0, 0, 1), 6, (0, 0)): (1, 1)
(2, 1, 2, (0, 0, 1), 9, (0, 0)): (1, 1)
(2, 1, 2, (0, 1, 0), -5, (0, 0)): (0, 2)
(2, 1, 2, (0, 1, 0), -4, (0, 0)): (0, 1)
(2, 1, 2, (0, 1, 0), -3, (0, 0)): (0, 6)
(2, 1, 2, (0, 1, 0), -2, (0, 0)): (4, 10)
(2, 1, 2, (0, 1, 0), -1, (0, 0)): (13, 29)
(2, 1, 2, (0, 1, 0), 0, (0, 0)): (20, 44)
(2, 1, 2, (0, 1, 0), 1, (0, 0)): (25, 37)
(2, 1, 2, (0, 1, 0), 2, (0, 0)): (20, 27)
(2, 1, 2, (0, 1, 0), 3, (0, 0)): (13, 14)
(2, 1, 2, (0, 1, 0), 4, (0, 0)): (6, 7)
(2, 1, 2, (0, 1, 0), 5, (0, 0)): (2, 2)
(2, 1, 2, (0, 1, 0), 6, (0, 0)): (2, 2)
(2, 1, 2, (0, 1, 1), -4, (0, 0)): (2, 2)
(2, 1, 2, (0, 1, 1), -3, (0, 0)): (1, 2)
(2, 1, 2, (0, 1, 1), -2, (0, 0)): (3, 3)
(2, 1, 2, (0, 1, 1), -1, (0, 0)): (5, 8)
(2, 1, 2, (0, 1, 1), 0, (0, 0)): (7, 7)
(2, 1, 2, (0, 1, 1), 1, (0, 0)): (6, 9)
(2, 1, 2, (0, 1, 1), 2, (0, 0)): (8, 10)
(2, 1, 2, (0, 1, 1), 3, (0, 0)): (3, 4)
(2, 1, 2, (0, 1, 1), 4, (0, 0)): (3, 4)
(2, 1, 2, (0, 1, 1), 5, (0, 0)): (3, 4)
(2, 1, 2, (1, 0, 0), -10, (0, 0)): (0, 1)
(2, 1, 2, (1, 0, 0), -9, (0, 0)): (0, 1)
(2, 1, 2, (1, 0, 0), -7, (0, 0)): (0, 2)
(2, 1, 2, (1, 0, 0), -6, (0, 0)): (0, 2)
(2, 1, 2, (1, 0, 0), -5, (0, 0)): (0, 2)
(2, 1, 2, (1, 0, 0), -4, (0, 0)): (0, 4)
(2, 1, 2, (1, 0, 0), -3, (0, 0)): (3, 12)
(2, 1, 2, (1, 0, 0), -2, (0, 0)): (11, 36)
(2, 1, 2, (1, 0, 0), -1, (0, 0)): (19, 50)
(2, 1, 2, (1, 0, 0), -1, (1, 0)): (0, 1)
(2, 1, 2, (1, 0, 0), -1, (1, 1)): (0, 1)
(2, 1, 2, (1, 0, 0), -1, (1, 2)): (0, 1)
(2, 1, 2, (1, 0, 0), 0, (0, 0)): (57, 106)
(2, 1, 2, (1, 0, 0), 0, (0, 1)): (1, 1)
(2, 1, 2, (1, 0, 0), 0, (1, 1)): (1, 1)
(2, 1, 2, (1, 0, 0), 0, (1, 2)): (1, 1)
(2, 1, 2, (1, 0, 0), 1, (0, 0)): (42, 63)
(2, 1, 2, (1, 0, 0), 2, (0, 0)): (32, 43)
(2, 1, 2, (1, 0, 0), 3, (0, 0)): (19, 23)
(2, 1, 2, (1, 0, 0), 4, (0, 0)): (10, 12)
(2, 1, 2, (1, 0, 0), 5, (0, 0)): (6, 6)
(2, 1, 2, (1, 0, 0), 6, (0, 0)): (2, 2)
(2, 1, 2, (1, 0, 0), 7, (0, 0)): (1, 1)
(2, 1, 2, (1, 0, 1), -5, (0, 0)): (0, 1)
(2, 1, 2, (1, 0, 1), -3, (0, 0)): (0, 2)
(2, 1, 2, (1, 0, 1), -2, (0, 0)): (0, 4)
(2, 1, 2, (1, 0, 1), -1, (0, 0)): (3, 11)
(2, 1, 2, (1, 0, 1), 0, (0, 0)): (14, 24)
(2, 1, 2, (1, 0, 1), 0, (0, 1)): (1, 1)
(2, 1, 2, (1, 0, 1), 1, (0, 0)): (13, 15)
(2, 1, 2, (1, 0, 1), 1, (0, 1)): (1, 1)
(2, 1, 2, (1, 0, 1), 1, (1, 1)): (1, 1)
(2, 1, 2, (1, 0, 1), 1, (1, 2)): (1, 1)
(2, 1, 2, (1, 0, 1), 2, (0, 0)): (11, 13)
(2, 1, 2, (1, 0, 1), 3, (0, 0)): (11, 13)
(2, 1, 2, (1, 0, 1), 4, (0, 0)): (4, 4)
(2, 1, 2, (1, 0, 1), 5, (0, 0)): (2, 2)
(2, 1, 2, (1, 0, 1), 7, (0, 0)): (1, 1)
(2, 1, 2, (1, 0, 1), 9, (0, 0)): (1, 1)
(2, 1, 2, (1, 1, 0), -10, (0, 0)): (0, 1)
(2, 1, 2, (1, 1, 0), -9, (0, 0)): (0, 1)
(2, 1, 2, (1, 1, 0), -8, (0, 0)): (0, 1)
(2, 1, 2, (1, 1, 0), -5, (0, 0)): (1, 2)
(2, 1, 2, (1, 1, 0), -4, (0, 0)): (1, 6)
(2, 1, 2, (1, 1, 0), -3, (0, 0)): (2, 4)
(2, 1, 2, (1, 1, 0), -2, (0, 0)): (3, 15)
(2, 1, 2, (1, 1, 0), -1, (0, 0)): (9, 19)
(2, 1, 2, (1, 1, 0), 0, (0, 0)): (20, 37)
(2, 1, 2, (1, 1, 0), 0, (0, 1)): (1, 1)
(2, 1, 2, (1, 1, 0), 0, (1, 1)): (1, 1)
(2, 1, 2, (1, 1, 0), 0, (2, 1)): (1, 1)
(2, 1, 2, (1, 1, 0), 0, (2, 2)): (1, 1)
(2, 1, 2, (1, 1, 0), 1, (0, 0)): (17, 29)
(2, 1, 2, (1, 1, 0), 2, (0, 0)): (17, 22)
(2, 1, 2, (1, 1, 0), 3, (0, 0)): (11, 13)
(2, 1, 2, (1, 1, 0), 4, (0, 0)): (13, 14)
(2, 1, 2, (1, 1, 0), 5, (0, 0)): (3, 4)
(2, 1, 2, (1, 1, 0), 6, (0, 0)): (1, 1)
(2, 1, 2, (1, 1, 0), 8, (0, 0)): (1, 1)
(2, 1, 2, (1, 1, 1), -10, (0, 0)): (0, 1)
(2, 1, 2, (1, 1, 1), -3, (0, 0)): (0, 2)
(2, 1, 2, (1, 1, 1), -2, (0, 0)): (0, 2)
(2, 1, 2, (1, 1, 1), -1, (0, 0)): (4, 7)
(2, 1, 2, (1, 1, 1), 0, (0, 0)): (7, 14)
(2, 1, 2, (1, 1, 1), 1, (0, 0)): (9, 12)
(2, 1, 2, (1, 1, 1), 2, (0, 0)): (8, 9)
(2, 1, 2, (1, 1, 1), 3, (0, 0)): (6, 7)
(2, 1, 2, (1, 1, 1), 4, (0, 0)): (3, 3)
(2, 1, 2, (1, 1, 1), 5, (0, 0)): (2, 2)
(3, 0, 0, (0, 0, 0), -9, (0, 0)): (0, 1)
(3, 0, 0, (0, 0, 0), -8, (0, 0)): (0, 4)
(3, 0, 0, (0, 0, 0), -7, (0, 0)): (0, 3)
(3, 0, 0, (0, 0, 0), -6, (0, 0)): (1, 6)
(3, 0, 0, (0, 0, 0), -5, (0, 0)): (2, 19)
(3, 0, 0, (0, 0, 0), -4, (0, 0)): (3, 32)
(3, 0, 0, (0, 0, 0), -3, (0, 0)): (12, 68)
(3, 0, 0, (0, 0, 0), -3, (0, 1)): (0, 1)
(3, 0, 0, (0, 0, 0), -3, (1, 1)): (0, 1)
(3, 0, 0, (0, 0, 0), -3, (1, 2)): (0, 1)
(3, 0, 0, (0, 0, 0), -2, (0, 0)): (32, 117)
(3, 0, 0, (0, 0, 0), -1, (0, 0)): (66, 190)
(3, 0, 0, (0, 0, 0), 0, (0, 0)): (157, 322)
(3, 0, 0, (0, 0, 0), 0, (0, 1)): (0, 1)
(3, 0, 0, (0, 0, 0), 0, (1, 1)): (0, 1)
(3, 0, 0, (0, 0, 0), 0, (1, 2)): (0, 1)
(3, 0, 0, (0, 0, 0), 0, (2, 2)): (0, 1)
(3, 0, 0, (0, 0, 0), 1, (0, 0)): (106, 178)
(3, 0, 0, (0, 0, 0), 1, (1, 0)): (1, 1)
(3, 0, 0, (0, 0, 0), 1, (1, 1)): (1, 1)
(3, 0, 0, (0, 0, 0), 2, (0, 0)): (68, 96)
(3, 0, 0, (0, 0, 0), 2, (0, 1)): (1, 1)
(3, 0, 0, (0, 0, 0), 3, (0, 0)): (38, 49)
(3, 0, 0, (0, 0, 0), 4, (0, 0)): (19, 21)
(3, 0, 0, (0, 0, 0), 5, (0, 0)): (8, 10)
(3, 0, 0, (0, 0, 0), 6, (0, 0)): (6, 6)
(3, 0, 0, (0, 0, 0), 7, (0, 0)): (2, 2)
(3, 0, 0, (0, 0, 0), 8, (0, 0)): (2, 2)
(3, 0, 0, (0, 0, 0), 9, (0, 0)): (3, 3)
(3, 0, 0, (0, 0, 0), 10, (0, 0)): (1, 1)
(3, 0, 0, (0, 0, 1), -2, (0, 0)): (0, 1)
(3, 0, 0, (0, 0, 1), -1, (0, 0)): (0, 2)
(3, 0, 0, (0, 0, 1), 0, (0, 0)): (2, 4)
(3, 0, 0, (0, 0, 1), 1, (0, 0)): (1, 1)
(3, 0, 0, (0, 0, 1), 2, (0, 0)): (2, 2)
(3, 0, 0, (0, 0, 1), 3, (0, 0)): (1, 1)
(3, 0, 0, (0, 0, 1), 4, (0, 0)): (2, 3)
(3, 0, 0, (0, 0, 1), 5, (0, 0)): (1, 1)
(3, 0, 0, (0, 1, 0), -5, (0, 0)): (0, 1)
(3, 0, 0, (0, 1, 0), -3, (0, 0)): (0, 2)
(3, 0, 0, (0, 1, 0), -2, (0, 0)): (2, 9)
(3, 0, 0, (0, 1, 0), -1, (0, 0)): (6, 14)
(3, 0, 0, (0, 1, 0), 0, (0, 0)): (7, 11)
(3, 0, 0, (0, 1, 0), 1, (0, 0)): (9, 14)
(3, 0, 0, (0, 1, 0), 2, (0, 0)): (4, 4)
(3, 0, 0, (0, 1, 0), 3, (0, 0)): (3, 4)
(3, 0, 0, (0, 1, 0), 4, (0, 0)): (2, 2)
(3, 0, 0, (0, 1, 0), 5, (0, 0)): (1, 1)
(3, 0, 0, (0, 1, 0), 6, (0, 0)): (1, 1)
(3, 0, 0, (0, 1, 1), -5, (0, 0)): (0, 1)
(3, 0, 0, (0, 1, 1), -4, (0, 0)): (0, 1)
(3, 0, 0, (0, 1, 1), -1, (0, 0)): (1, 2)
(3, 0, 0, (0, 1, 1), 0, (0, 0)): (2, 4)
(3, 0, 0, (0, 1, 1), 1, (0, 0)): (3, 3)
(3, 0, 0, (0, 1, 1), 2, (0, 0)): (3, 3)
(3, 0, 0, (0, 1, 1), 4, (0, 0)): (1, 1)
(3, 0, 0, (1, 0, 0), -8, (0, 0)): (0, 1)
(3, 0, 0, (1, 0, 0), -7, (0, 0)): (0, 1)
(3, 0, 0, (1, 0, 0), -6, (0, 0)): (0, 1)
(3, 0, 0, (1, 0, 0), -5, (0, 0)): (0, 6)
(3, 0, 0, (1, 0, 0), -4, (0, 0)): (1, 9)
(3, 0, 0, (1, 0, 0), -3, (0, 0)): (3, 12)
(3, 0, 0, (1, 0, 0), -2, (0, 0)): (3, 26)
(3, 0, 0, (1, 0, 0), -1, (0, 0)): (22, 38)
(3, 0, 0, (1, 0, 0), 0, (0, 0)): (40, 89)
(3, 0, 0, (1, 0, 0), 1, (0, 0)): (30, 50)
(3, 0, 0, (1, 0, 0), 2, (0, 0)): (19, 30)
(3, 0, 0, (1, 0, 0), 3, (0, 0)): (9, 10)
(3, 0, 0, (1, 0, 0), 4, (0, 0)): (7, 8)
(3, 0, 0, (1, 0, 0), 5, (0, 0)): (7, 7)
(3, 0, 0, (1, 0, 0), 6, (0, 0)): (1, 1)
(3, 0, 0, (1, 0, 0), 8, (0, 0)): (1, 1)
(3, 0, 0, (1, 0, 0), 9, (0, 0)): (2, 2)
(3, 0, 0, (1, 0, 1), -5, (0, 0)): (0, 1)
(3, 0, 0, (1, 0, 1), -3, (0, 0)): (0, 1)
(3, 0, 0, (1, 0, 1), -2, (0, 0)): (1, 1)
(3, 0, 0, (1, 0, 1), -1, (0, 0)): (2, 3)
(3, 0, 0, (1, 0, 1), 0, (0, 0)): (4, 5)
(3, 0, 0, (1, 0, 1), 1, (0, 0)): (5, 7)
(3, 0, 0, (1, 0, 1), 2, (0, 0)): (7, 8)
(3, 0, 0, (1, 0, 1), 3, (0, 0)): (3, 3)
(3, 0, 0, (1, 0, 1), 5, (0, 0)): (2, 2)
(3, 0, 0, (1, 0, 1), 8, (0, 0)): (1, 1)
(3, 0, 0, (1, 1, 0), -5, (0, 0)): (0, 1)
(3, 0, 0, (1, 1, 0), -4, (0, 0)): (0, 2)
(3, 0, 0, (1, 1, 0), -3, (0, 0)): (1, 3)
(3, 0, 0, (1, 1, 0), -2, (0, 0)): (1, 9)
(3, 0, 0, (1, 1, 0), -1, (0, 0)): (7, 9)
(3, 0, 0, (1, 1, 0), 0, (0, 0)): (12, 17)
(3, 0, 0, (1, 1, 0), 1, (0, 0)): (6, 12)
(3, 0, 0, (1, 1, 0), 2, (0, 0)): (2, 4)
(3, 0, 0, (1, 1, 0), 5, (0, 0)): (1, 1)
(3, 0, 0, (1, 1, 1), -4, (0, 0)): (0, 1)
(3, 0, 0, (1, 1, 1), -2, (0, 0)): (1, 4)
(3, 0, 0, (1, 1, 1), -1, (0, 0)): (2, 3)
(3, 0, 0, (1, 1, 1), 0, (0, 0)): (4, 5)
(3, 0, 0, (1, 1, 1), 1, (0, 0)): (2, 3)
(3, 0, 0, (1, 1, 1), 2, (0, 0)): (3, 3)
(3, 0, 0, (1, 1, 1), 4, (0, 0)): (1, 1)
(3, 0, 1, (0, 0, 0), -9, (0, 0)): (0, 1)
(3, 0, 1, (0, 0, 0), -8, (0, 0)): (0, 3)
(3, 0, 1, (0, 0, 0), -7, (0, 0)): (0, 2)
(3, 0, 1, (0, 0, 0), -6, (0, 0)): (1, 5)
(3, 0, 1, (0, 0, 0), -5, (0, 0)): (2, 12)
(3, 0, 1, (0, 0, 0), -4, (0, 0)): (2, 22)
(3, 0, 1, (0, 0, 0), -3, (0, 0)): (9, 53)
(3, 0, 1, (0, 0, 0), -3, (0, 1)): (0, 1)
(3, 0, 1, (0, 0, 0), -3, (0, 2)): (0, 1)
(3, 0, 1, (0, 0, 0), -3, (1, 2)): (0, 1)
(3, 0, 1, (0, 0, 0), -2, (0, 0)): (27, 83)
(3, 0, 1, (0, 0, 0), -1, (0, 0)): (38, 138)
(3, 0, 1, (0, 0, 0), 0, (0, 0)): (110, 223)
(3, 0, 1, (0, 0, 0), 1, (0, 0)): (70, 119)
(3, 0, 1, (0, 0, 0), 1, (0, 1)): (1, 1)
(3, 0, 1, (0, 0, 0), 1, (1, 1)): (1, 1)
(3, 0, 1, (0, 0, 0), 1, (1, 2)): (1, 1)
(3, 0, 1, (0, 0, 0), 2, (0, 0)): (47, 66)
(3, 0, 1, (0, 0, 0), 3, (0, 0)): (29, 40)
(3, 0, 1, (0, 0, 0), 4, (0, 0)): (13, 15)
(3, 0, 1, (0, 0, 0), 5, (0, 0)): (4, 8)
(3, 0, 1, (0, 0, 0), 6, (0, 0)): (4, 4)
(3, 0, 1, (0, 0, 0), 7, (0, 0)): (2, 2)
(3, 0, 1, (0, 0, 0), 8, (0, 0)): (2, 2)
(3, 0, 1, (0, 0, 0), 9, (0, 0)): (1, 1)
(3, 0, 1, (0, 0, 0), 10, (0, 0)): (1, 1)
(3, 0, 1, (0, 0, 1), -5, (0, 0)): (0, 1)
(3, 0, 1, (0, 0, 1), -4, (0, 0)): (1, 2)
(3, 0, 1, (0, 0, 1), -3, (0, 0)): (0, 1)
(3, 0, 1, (0, 0, 1), -2, (0, 0)): (0, 1)
(3, 0, 1, (0, 0, 1), -1, (0, 0)): (6, 9)
(3, 0, 1, (0, 0, 1), 0, (0, 0)): (8, 17)
(3, 0, 1, (0, 0, 1), 1, (0, 0)): (4, 8)
(3, 0, 1, (0, 0, 1), 2, (0, 0)): (5, 6)
(3, 0, 1, (0, 0, 1), 3, (0, 0)): (1, 2)
(3, 0, 1, (0, 0, 1), 4, (0, 0)): (0, 1)
(3, 0, 1, (0, 0, 1), 5, (0, 0)): (1, 1)
(3, 0, 1, (0, 0, 1), 6, (0, 0)): (1, 1)
(3, 0, 1, (0, 1, 0), -4, (0, 0)): (0, 3)
(3, 0, 1, (0, 1, 0), -3, (0, 0)): (0, 3)
(3, 0, 1, (0, 1, 0), -2, (0, 0)): (1, 7)
(3, 0, 1, (0, 1, 0), -1, (0, 0)): (3, 15)
(3, 0, 1, (0, 1, 0), 0, (0, 0)): (10, 27)
(3, 0, 1, (0, 1, 0), 1, (0, 0)): (17, 22)
(3, 0, 1, (0, 1, 0), 2, (0, 0)): (11, 15)
(3, 0, 1, (0, 1, 0), 3, (0, 0)): (7, 9)
(3, 0, 1, (0, 1, 0), 4, (0, 0)): (4, 5)
(3, 0, 1, (0, 1, 0), 6, (0, 0)): (1, 1)
(3, 0, 1, (0, 1, 0), 9, (0, 0)): (1, 1)
(3, 0, 1, (0, 1, 1), -5, (0, 0)): (0, 1)
(3, 0, 1, (0, 1, 1), -4, (0, 0)): (0, 1)
(3, 0, 1, (0, 1, 1), -3, (0, 0)): (1, 3)
(3, 0, 1, (0, 1, 1), -2, (0, 0)): (0, 3)
(3, 0, 1, (0, 1, 1), -1, (0, 0)): (6, 7)
(3, 0, 1, (0, 1, 1), 0, (0, 0)): (8, 13)
(3, 0, 1, (0, 1, 1), 1, (0, 0)): (7, 12)
(3, 0, 1, (0, 1, 1), 2, (0, 0)): (3, 6)
(3, 0, 1, (0, 1, 1), 3, (0, 0)): (1, 2)
(3, 0, 1, (0, 1, 1), 5, (0, 0)): (1, 1)
(3, 0, 1, (1, 0, 0), -9, (0, 0)): (0, 1)
(3, 0, 1, (1, 0, 0), -8, (0, 0)): (0, 2)
(3, 0, 1, (1, 0, 0), -7, (0, 0)): (0, 1)
(3, 0, 1, (1, 0, 0), -6, (0, 0)): (0, 1)
(3, 0, 1, (1, 0, 0), -5, (0, 0)): (1, 5)
(3, 0, 1, (1, 0, 0), -4, (0, 0)): (1, 11)
(3, 0, 1, (1, 0, 0), -3, (0, 0)): (3, 18)
(3, 0, 1, (1, 0, 0), -2, (0, 0)): (9, 39)
(3, 0, 1, (1, 0, 0), -1, (0, 0)): (16, 56)
(3, 0, 1, (1, 0, 0), 0, (0, 0)): (56, 103)
(3, 0, 1, (1, 0, 0), 0, (0, 1)): (0, 1)
(3, 0, 1, (1, 0, 0), 0, (0, 2)): (0, 1)
(3, 0, 1, (1, 0, 0), 0, (1, 2)): (0, 1)
(3, 0, 1, (1, 0, 0), 0, (2, 2)): (0, 1)
(3, 0, 1, (1, 0, 0), 1, (0, 0)): (38, 67)
(3, 0, 1, (1, 0, 0), 2, (0, 0)): (28, 39)
(3, 0, 1, (1, 0, 0), 3, (0, 0)): (19, 25)
(3, 0, 1, (1, 0, 0), 4, (0, 0)): (9, 10)
(3, 0, 1, (1, 0, 0), 5, (0, 0)): (3, 4)
(3, 0, 1, (1, 0, 0), 6, (0, 0)): (3, 3)
(3, 0, 1, (1, 0, 0), 8, (0, 0)): (1, 1)
(3, 0, 1, (1, 0, 1), -5, (0, 0)): (1, 1)
(3, 0, 1, (1, 0, 1), -4, (0, 0)): (0, 1)
(3, 0, 1, (1, 0, 1), -3, (0, 0)): (0, 1)
(3, 0, 1, (1, 0, 1), -2, (0, 0)): (2, 6)
(3, 0, 1, (1, 0, 1), -1, (0, 0)): (4, 10)
(3, 0, 1, (1, 0, 1), 0, (0, 0)): (11, 15)
(3, 0, 1, (1, 0, 1), 0, (1, 0)): (0, 1)
(3, 0, 1, (1, 0, 1), 0, (1, 1)): (0, 1)
(3, 0, 1, (1, 0, 1), 0, (2, 1)): (0, 1)
(3, 0, 1, (1, 0, 1), 0, (2, 2)): (0, 1)
(3, 0, 1, (1, 0, 1), 1, (0, 0)): (4, 6)
(3, 0, 1, (1, 0, 1), 2, (0, 0)): (9, 13)
(3, 0, 1, (1, 0, 1), 3, (0, 0)): (7, 8)
(3, 0, 1, (1, 0, 1), 4, (0, 0)): (1, 1)
(3, 0, 1, (1, 1, 0), -5, (0, 0)): (0, 3)
(3, 0, 1, (1, 1, 0), -4, (0, 0)): (0, 3)
(3, 0, 1, (1, 1, 0), -3, (0, 0)): (0, 5)
(3, 0, 1, (1, 1, 0), -2, (0, 0)): (4, 14)
(3, 0, 1, (1, 1, 0), -1, (0, 0)): (6, 16)
(3, 0, 1, (1, 1, 0), 0, (0, 0)): (17, 30)
(3, 0, 1, (1, 1, 0), 1, (0, 0)): (11, 19)
(3, 0, 1, (1, 1, 0), 2, (0, 0)): (10, 15)
(3, 0, 1, (1, 1, 0), 3, (0, 0)): (3, 5)
(3, 0, 1, (1, 1, 0), 4, (0, 0)): (6, 8)
(3, 0, 1, (1, 1, 0), 5, (0, 0)): (4, 4)
(3, 0, 1, (1, 1, 0), 6, (0, 0)): (3, 3)
(3, 0, 1, (1, 1, 0), 7, (0, 0)): (1, 1)
(3, 0, 1, (1, 1, 1), -2, (0, 0)): (3, 4)
(3, 0, 1, (1, 1, 1), -1, (0, 0)): (1, 4)
(3, 0, 1, (1, 1, 1), 0, (0, 0)): (5, 6)
(3, 0, 1, (1, 1, 1), 1, (0, 0)): (6, 8)
(3, 0, 1, (1, 1, 1), 2, (0, 0)): (5, 8)
(3, 0, 1, (1, 1, 1), 3, (0, 0)): (1, 1)
(3, 0, 1, (1, 1, 1), 4, (0, 0)): (2, 2)
(3, 0, 2, (0, 0, 0), -8, (0, 0)): (0, 2)
(3, 0, 2, (0, 0, 0), -7, (0, 0)): (0, 2)
(3, 0, 2, (0, 0, 0), -6, (0, 0)): (1, 5)
(3, 0, 2, (0, 0, 0), -5, (0, 0)): (1, 10)
(3, 0, 2, (0, 0, 0), -4, (0, 0)): (1, 15)
(3, 0, 2, (0, 0, 0), -3, (0, 0)): (8, 43)
(3, 0, 2, (0, 0, 0), -3, (0, 1)): (0, 1)
(3, 0, 2, (0, 0, 0), -2, (0, 0)): (20, 65)
(3, 0, 2, (0, 0, 0), -1, (0, 0)): (31, 104)
(3, 0, 2, (0, 0, 0), 0, (0, 0)): (82, 177)
(3, 0, 2, (0, 0, 0), 1, (0, 0)): (53, 91)
(3, 0, 2, (0, 0, 0), 1, (0, 1)): (1, 1)
(3, 0, 2, (0, 0, 0), 1, (1, 1)): (1, 1)
(3, 0, 2, (0, 0, 0), 1, (2, 1)): (1, 1)
(3, 0, 2, (0, 0, 0), 2, (0, 0)): (34, 53)
(3, 0, 2, (0, 0, 0), 2, (1, 0)): (1, 1)
(3, 0, 2, (0, 0, 0), 2, (1, 1)): (1, 1)
(3, 0, 2, (0, 0, 0), 3, (0, 0)): (25, 32)
(3, 0, 2, (0, 0, 0), 4, (0, 0)): (15, 17)
(3, 0, 2, (0, 0, 0), 5, (0, 0)): (9, 13)
(3, 0, 2, (0, 0, 0), 6, (0, 0)): (4, 4)
(3, 0, 2, (0, 0, 0), 7, (0, 0)): (5, 5)
(3, 0, 2, (0, 0, 0), 8, (0, 0)): (1, 1)
(3, 0, 2, (0, 0, 0), 9, (0, 0)): (3, 3)
(3, 0, 2, (0, 0, 0), 10, (0, 0)): (1, 1)
(3, 0, 2, (0, 0, 0), 12, (0, 0)): (1, 1)
(3, 0, 2, (0, 0, 1), -6, (0, 0)): (1, 1)
(3, 0, 2, (0, 0, 1), -4, (0, 0)): (1, 2)
(3, 0, 2, (0, 0, 1), -3, (0, 0)): (0, 1)
(3, 0, 2, (0, 0, 1), -1, (0, 0)): (0, 6)
(3, 0, 2, (0, 0, 1), 0, (0, 0)): (8, 18)
(3, 0, 2, (0, 0, 1), 1, (0, 0)): (9, 14)
(3, 0, 2, (0, 0, 1), 2, (0, 0)): (11, 16)
(3, 0, 2, (0, 0, 1), 3, (0, 0)): (2, 2)
(3, 0, 2, (0, 0, 1), 4, (0, 0)): (1, 2)
(3, 0, 2, (0, 0, 1), 5, (0, 0)): (1, 1)
(3, 0, 2, (0, 0, 1), 6, (0, 0)): (1, 1)
(3, 0, 2, (0, 1, 0), -8, (0, 0)): (0, 1)
(3, 0, 2, (0, 1, 0), -6, (0, 0)): (0, 1)
(3, 0, 2, (0, 1, 0), -4, (0, 0)): (0, 1)
(3, 0, 2, (0, 1, 0), -3, (0, 0)): (1, 6)
(3, 0, 2, (0, 1, 0), -2, (0, 0)): (5, 10)
(3, 0, 2, (0, 1, 0), -1, (0, 0)): (4, 25)
(3, 0, 2, (0, 1, 0), 0, (0, 0)): (26, 51)
(3, 0, 2, (0, 1, 0), 1, (0, 0)): (19, 30)
(3, 0, 2, (0, 1, 0), 2, (0, 0)): (17, 25)
(3, 0, 2, (0, 1, 0), 3, (0, 0)): (19, 25)
(3, 0, 2, (0, 1, 0), 4, (0, 0)): (8, 11)
(3, 0, 2, (0, 1, 0), 5, (0, 0)): (5, 5)
(3, 0, 2, (0, 1, 0), 7, (0, 0)): (2, 2)
(3, 0, 2, (0, 1, 0), 9, (0, 0)): (2, 2)
(3, 0, 2, (0, 1, 1), -5, (0, 0)): (0, 2)
(3, 0, 2, (0, 1, 1), -4, (0, 0)): (0, 1)
(3, 0, 2, (0, 1, 1), -3, (0, 0)): (0, 4)
(3, 0, 2, (0, 1, 1), -2, (0, 0)): (3, 5)
(3, 0, 2, (0, 1, 1), -1, (0, 0)): (1, 4)
(3, 0, 2, (0, 1, 1), 0, (0, 0)): (9, 12)
(3, 0, 2, (0, 1, 1), 1, (0, 0)): (4, 7)
(3, 0, 2, (0, 1, 1), 2, (0, 0)): (7, 9)
(3, 0, 2, (0, 1, 1), 3, (0, 0)): (2, 3)
(3, 0, 2, (0, 1, 1), 5, (0, 0)): (3, 3)
(3, 0, 2, (0, 1, 1), 6, (0, 0)): (1, 1)
(3, 0, 2, (1, 0, 0), -9, (0, 0)): (0, 1)
(3, 0, 2, (1, 0, 0), -8, (0, 0)): (0, 3)
(3, 0, 2, (1, 0, 0), -7, (0, 0)): (0, 2)
(3, 0, 2, (1, 0, 0), -6, (0, 0)): (0, 1)
(3, 0, 2, (1, 0, 0), -5, (0, 0)): (1, 5)
(3, 0, 2, (1, 0, 0), -4, (0, 0)): (1, 9)
(3, 0, 2, (1, 0, 0), -3, (0, 0)): (3, 14)
(3, 0, 2, (1, 0, 0), -3, (0, 1)): (0, 1)
(3, 0, 2, (1, 0, 0), -3, (0, 2)): (0, 1)
(3, 0, 2, (1, 0, 0), -3, (1, 2)): (0, 1)
(3, 0, 2, (1, 0, 0), -2, (0, 0)): (10, 35)
(3, 0, 2, (1, 0, 0), -1, (0, 0)): (11, 51)
(3, 0, 2, (1, 0, 0), 0, (0, 0)): (41, 88)
(3, 0, 2, (1, 0, 0), 1, (0, 0)): (33, 56)
(3, 0, 2, (1, 0, 0), 2, (0, 0)): (25, 36)
(3, 0, 2, (1, 0, 0), 2, (1, 0)): (1, 1)
(3, 0, 2, (1, 0, 0), 2, (1, 1)): (1, 1)
(3, 0, 2, (1, 0, 0), 2, (2, 1)): (1, 1)
(3, 0, 2, (1, 0, 0), 2, (3, 1)): (1, 1)
(3, 0, 2, (1, 0, 0), 3, (0, 0)): (23, 32)
(3, 0, 2, (1, 0, 0), 4, (0, 0)): (9, 9)
(3, 0, 2, (1, 0, 0), 5, (0, 0)): (4, 5)
(3, 0, 2, (1, 0, 0), 6, (0, 0)): (5, 5)
(3, 0, 2, (1, 0, 0), 7, (0, 0)): (3, 3)
(3, 0, 2, (1, 0, 0), 8, (0, 0)): (3, 3)
(3, 0, 2, (1, 0, 0), 9, (0, 0)): (1, 1)
(3, 0, 2, (1, 0, 0), 10, (0, 0)): (1, 1)
(3, 0, 2, (1, 0, 0), 12, (0, 0)): (1, 1)
(3, 0, 2, (1, 0, 1), -6, (0, 0)): (0, 1)
(3, 0, 2, (1, 0, 1), -5, (0, 0)): (1, 1)
(3, 0, 2, (1, 0, 1), -4, (0, 0)): (1, 3)
(3, 0, 2, (1, 0, 1), -3, (0, 0)): (1, 4)
(3, 0, 2, (1, 0, 1), -2, (0, 0)): (0, 4)
(3, 0, 2, (1, 0, 1), -1, (0, 0)): (4, 11)
(3, 0, 2, (1, 0, 1), 0, (0, 0)): (9, 21)
(3, 0, 2, (1, 0, 1), 0, (1, 0)): (0, 1)
(3, 0, 2, (1, 0, 1), 0, (1, 1)): (0, 1)
(3, 0, 2, (1, 0, 1), 1, (0, 0)): (4, 6)
(3, 0, 2, (1, 0, 1), 2, (0, 0)): (6, 9)
(3, 0, 2, (1, 0, 1), 3, (0, 0)): (3, 4)
(3, 0, 2, (1, 0, 1), 4, (0, 0)): (6, 6)
(3, 0, 2, (1, 0, 1), 5, (0, 0)): (3, 3)
(3, 0, 2, (1, 0, 1), 6, (0, 0)): (1, 1)
(3, 0, 2, (1, 0, 1), 7, (0, 0)): (1, 1)
(3, 0, 2, (1, 0, 1), 9, (0, 0)): (1, 1)
(3, 0, 2, (1, 1, 0), -7, (0, 0)): (0, 2)
(3, 0, 2, (1, 1, 0), -6, (0, 0)): (0, 1)
(3, 0, 2, (1, 1, 0), -5, (0, 0)): (1, 4)
(3, 0, 2, (1, 1, 0), -4, (0, 0)): (0, 5)
(3, 0, 2, (1, 1, 0), -3, (0, 0)): (0, 11)
(3, 0, 2, (1, 1, 0), -3, (0, 1)): (0, 1)
(3, 0, 2, (1, 1, 0), -2, (0, 0)): (0, 13)
(3, 0, 2, (1, 1, 0), -1, (0, 0)): (6, 19)
(3, 0, 2, (1, 1, 0), 0, (0, 0)): (18, 43)
(3, 0, 2, (1, 1, 0), 1, (0, 0)): (11, 24)
(3, 0, 2, (1, 1, 0), 2, (0, 0)): (13, 19)
(3, 0, 2, (1, 1, 0), 3, (0, 0)): (11, 21)
(3, 0, 2, (1, 1, 0), 4, (0, 0)): (11, 14)
(3, 0, 2, (1, 1, 0), 5, (0, 0)): (4, 4)
(3, 0, 2, (1, 1, 0), 6, (0, 0)): (5, 6)
(3, 0, 2, (1, 1, 0), 8, (0, 0)): (1, 1)
(3, 0, 2, (1, 1, 1), -5, (0, 0)): (1, 3)
(3, 0, 2, (1, 1, 1), -4, (0, 0)): (0, 1)
(3, 0, 2, (1, 1, 1), -3, (0, 0)): (0, 4)
(3, 0, 2, (1, 1, 1), -2, (0, 0)): (0, 5)
(3, 0, 2, (1, 1, 1), -1, (0, 0)): (3, 7)
(3, 0, 2, (1, 1, 1), 0, (0, 0)): (8, 14)
(3, 0, 2, (1, 1, 1), 1, (0, 0)): (7, 8)
(3, 0, 2, (1, 1, 1), 2, (0, 0)): (5, 7)
(3, 0, 2, (1, 1, 1), 3, (0, 0)): (3, 5)
(3, 0, 2, (1, 1, 1), 4, (0, 0)): (2, 4)
(3, 0, 2, (1, 1, 1), 5, (0, 0)): (3, 3)
(3, 0, 2, (1, 1, 1), 6, (0, 0)): (1, 1)
(3, 1, 0, (0, 0, 0), -12, (0, 0)): (0, 1)
(3, 1, 0, (0, 0, 0), -10, (0, 0)): (0, 1)
(3, 1, 0, (0, 0, 0), -9, (0, 0)): (0, 4)
(3, 1, 0, (0, 0, 0), -8, (0, 0)): (0, 4)
(3, 1, 0, (0, 0, 0), -7, (0, 0)): (1, 6)
(3, 1, 0, (0, 0, 0), -6, (0, 0)): (0, 12)
(3, 1, 0, (0, 0, 0), -5, (0, 0)): (5, 24)
(3, 1, 0, (0, 0, 0), -4, (0, 0)): (9, 43)
(3, 1, 0, (0, 0, 0), -3, (0, 0)): (22, 79)
(3, 1, 0, (0, 0, 0), -2, (0, 0)): (38, 119)
(3, 1, 0, (0, 0, 0), -2, (1, 0)): (0, 1)
(3, 1, 0, (0, 0, 0), -2, (2, 0)): (0, 1)
(3, 1, 0, (0, 0, 0), -1, (0, 0)): (75, 179)
(3, 1, 0, (0, 0, 0), -1, (0, 1)): (0, 1)
(3, 1, 0, (0, 0, 0), -1, (1, 1)): (0, 1)
(3, 1, 0, (0, 0, 0), 0, (0, 0)): (160, 291)
(3, 1, 0, (0, 0, 0), 0, (0, 1)): (1, 1)
(3, 1, 0, (0, 0, 0), 0, (1, 1)): (1, 1)
(3, 1, 0, (0, 0, 0), 0, (2, 1)): (1, 1)
(3, 1, 0, (0, 0, 0), 0, (2, 2)): (1, 1)
(3, 1, 0, (0, 0, 0), 1, (0, 0)): (124, 160)
(3, 1, 0, (0, 0, 0), 2, (0, 0)): (75, 95)
(3, 1, 0, (0, 0, 0), 3, (0, 0)): (50, 59)
(3, 1, 0, (0, 0, 0), 4, (0, 0)): (23, 27)
(3, 1, 0, (0, 0, 0), 5, (0, 0)): (14, 15)
(3, 1, 0, (0, 0, 0), 6, (0, 0)): (5, 6)
(3, 1, 0, (0, 0, 0), 7, (0, 0)): (2, 2)
(3, 1, 0, (0, 0, 0), 8, (0, 0)): (5, 5)
(3, 1, 0, (0, 0, 0), 9, (0, 0)): (1, 1)
(3, 1, 0, (0, 0, 1), -9, (0, 0)): (0, 1)
(3, 1, 0, (0, 0, 1), -5, (0, 0)): (1, 1)
(3, 1, 0, (0, 0, 1), -3, (0, 0)): (1, 2)
(3, 1, 0, (0, 0, 1), -2, (0, 0)): (0, 1)
(3, 1, 0, (0, 0, 1), -1, (0, 0)): (1, 4)
(3, 1, 0, (0, 0, 1), 0, (0, 0)): (4, 6)
(3, 1, 0, (0, 0, 1), 1, (0, 0)): (2, 2)
(3, 1, 0, (0, 0, 1), 2, (0, 0)): (3, 3)
(3, 1, 0, (0, 0, 1), 3, (0, 0)): (1, 2)
(3, 1, 0, (0, 0, 1), 8, (0, 0)): (1, 1)
(3, 1, 0, (0, 1, 0), -9, (0, 0)): (0, 1)
(3, 1, 0, (0, 1, 0), -6, (0, 0)): (0, 1)
(3, 1, 0, (0, 1, 0), -4, (0, 0)): (2, 3)
(3, 1, 0, (0, 1, 0), -3, (0, 0)): (2, 7)
(3, 1, 0, (0, 1, 0), -2, (0, 0)): (0, 4)
(3, 1, 0, (0, 1, 0), -1, (0, 0)): (7, 14)
(3, 1, 0, (0, 1, 0), 0, (0, 0)): (13, 18)
(3, 1, 0, (0, 1, 0), 1, (0, 0)): (6, 10)
(3, 1, 0, (0, 1, 0), 2, (0, 0)): (6, 6)
(3, 1, 0, (0, 1, 0), 3, (0, 0)): (4, 6)
(3, 1, 0, (0, 1, 0), 4, (0, 0)): (3, 3)
(3, 1, 0, (0, 1, 0), 5, (0, 0)): (2, 2)
(3, 1, 0, (0, 1, 0), 6, (0, 0)): (1, 1)
(3, 1, 0, (0, 1, 0), 9, (0, 0)): (1, 1)
(3, 1, 0, (0, 1, 1), -2, (0, 0)): (1, 2)
(3, 1, 0, (0, 1, 1), -1, (0, 0)): (1, 1)
(3, 1, 0, (0, 1, 1), 0, (0, 0)): (1, 3)
(3, 1, 0, (0, 1, 1), 1, (0, 0)): (3, 3)
(3, 1, 0, (0, 1, 1), 2, (0, 0)): (0, 1)
(3, 1, 0, (0, 1, 1), 3, (0, 0)): (3, 3)
(3, 1, 0, (0, 1, 1), 4, (0, 0)): (1, 1)
(3, 1, 0, (0, 1, 1), 10, (0, 0)): (1, 1)
(3, 1, 0, (1, 0, 0), -9, (0, 0)): (0, 1)
(3, 1, 0, (1, 0, 0), -8, (0, 0)): (0, 2)
(3, 1, 0, (1, 0, 0), -7, (0, 0)): (0, 3)
(3, 1, 0, (1, 0, 0), -6, (0, 0)): (0, 4)
(3, 1, 0, (1, 0, 0), -5, (0, 0)): (1, 4)
(3, 1, 0, (1, 0, 0), -4, (0, 0)): (0, 10)
(3, 1, 0, (1, 0, 0), -3, (0, 0)): (4, 15)
(3, 1, 0, (1, 0, 0), -2, (0, 0)): (13, 30)
(3, 1, 0, (1, 0, 0), -2, (1, 0)): (0, 1)
(3, 1, 0, (1, 0, 0), -2, (1, 1)): (0, 1)
(3, 1, 0, (1, 0, 0), -2, (1, 2)): (0, 1)
(3, 1, 0, (1, 0, 0), -1, (0, 0)): (23, 45)
(3, 1, 0, (1, 0, 0), -1, (0, 1)): (0, 1)
(3, 1, 0, (1, 0, 0), -1, (1, 1)): (0, 1)
(3, 1, 0, (1, 0, 0), -1, (2, 1)): (0, 1)
(3, 1, 0, (1, 0, 0), 0, (0, 0)): (35, 71)
(3, 1, 0, (1, 0, 0), 1, (0, 0)): (43, 51)
(3, 1, 0, (1, 0, 0), 2, (0, 0)): (20, 24)
(3, 1, 0, (1, 0, 0), 3, (0, 0)): (13, 13)
(3, 1, 0, (1, 0, 0), 4, (0, 0)): (12, 12)
(3, 1, 0, (1, 0, 0), 5, (0, 0)): (3, 3)
(3, 1, 0, (1, 0, 0), 6, (0, 0)): (2, 2)
(3, 1, 0, (1, 0, 0), 8, (0, 0)): (1, 1)
(3, 1, 0, (1, 0, 1), -2, (0, 0)): (1, 2)
(3, 1, 0, (1, 0, 1), -1, (0, 0)): (2, 2)
(3, 1, 0, (1, 0, 1), 0, (0, 0)): (3, 4)
(3, 1, 0, (1, 0, 1), 1, (0, 0)): (2, 3)
(3, 1, 0, (1, 0, 1), 2, (0, 0)): (5, 5)
(3, 1, 0, (1, 0, 1), 4, (0, 0)): (2, 2)
(3, 1, 0, (1, 0, 1), 8, (0, 0)): (1, 1)
(3, 1, 0, (1, 0, 1), 9, (0, 0)): (1, 1)
(3, 1, 0, (1, 1, 0), -7, (0, 0)): (0, 1)
(3, 1, 0, (1, 1, 0), -6, (0, 0)): (0, 1)
(3, 1, 0, (1, 1, 0), -5, (0, 0)): (0, 1)
(3, 1, 0, (1, 1, 0), -4, (0, 0)): (0, 3)
(3, 1, 0, (1, 1, 0), -3, (0, 0)): (0, 6)
(3, 1, 0, (1, 1, 0), -2, (0, 0)): (2, 5)
(3, 1, 0, (1, 1, 0), -1, (0, 0)): (4, 7)
(3, 1, 0, (1, 1, 0), 0, (0, 0)): (9, 16)
(3, 1, 0, (1, 1, 0), 1, (0, 0)): (16, 19)
(3, 1, 0, (1, 1, 0), 2, (0, 0)): (5, 6)
(3, 1, 0, (1, 1, 0), 3, (0, 0)): (1, 2)
(3, 1, 0, (1, 1, 0), 4, (0, 0)): (6, 6)
(3, 1, 0, (1, 1, 0), 5, (0, 0)): (2, 2)
(3, 1, 0, (1, 1, 0), 6, (0, 0)): (1, 1)
(3, 1, 0, (1, 1, 0), 9, (0, 0)): (1, 1)
(3, 1, 0, (1, 1, 1), -4, (0, 0)): (0, 1)
(3, 1, 0, (1, 1, 1), -3, (0, 0)): (0, 2)
(3, 1, 0, (1, 1, 1), -2, (0, 0)): (0, 2)
(3, 1, 0, (1, 1, 1), -1, (0, 0)): (1, 2)
(3, 1, 0, (1, 1, 1), 0, (0, 0)): (3, 5)
(3, 1, 0, (1, 1, 1), 1, (0, 0)): (3, 4)
(3, 1, 0, (1, 1, 1), 2, (0, 0)): (1, 1)
(3, 1, 0, (1, 1, 1), 3, (0, 0)): (1, 1)
(3, 1, 0, (1, 1, 1), 4, (0, 0)): (1, 1)
(3, 1, 0, (1, 1, 1), 10, (0, 0)): (1, 1)
(3, 1, 0, (1, 1, 1), 11, (0, 0)): (1, 1)
(3, 1, 1, (0, 0, 0), -12, (0, 0)): (0, 1)
(3, 1, 1, (0, 0, 0), -10, (0, 0)): (0, 1)
(3, 1, 1, (0, 0, 0), -9, (0, 0)): (0, 1)
(3, 1, 1, (0, 0, 0), -8, (0, 0)): (0, 3)
(3, 1, 1, (0, 0, 0), -7, (0, 0)): (1, 3)
(3, 1, 1, (0, 0, 0), -6, (0, 0)): (0, 7)
(3, 1, 1, (0, 0, 0), -5, (0, 0)): (3, 19)
(3, 1, 1, (0, 0, 0), -4, (0, 0)): (9, 32)
(3, 1, 1, (0, 0, 0), -3, (0, 0)): (16, 55)
(3, 1, 1, (0, 0, 0), -2, (0, 0)): (24, 86)
(3, 1, 1, (0, 0, 0), -1, (0, 0)): (48, 120)
(3, 1, 1, (0, 0, 0), 0, (0, 0)): (113, 203)
(3, 1, 1, (0, 0, 0), 0, (1, 0)): (1, 1)
(3, 1, 1, (0, 0, 0), 0, (2, 0)): (1, 1)
(3, 1, 1, (0, 0, 0), 0, (2, 1)): (1, 1)
(3, 1, 1, (0, 0, 0), 0, (3, 1)): (1, 1)
(3, 1, 1, (0, 0, 0), 1, (0, 0)): (81, 108)
(3, 1, 1, (0, 0, 0), 2, (0, 0)): (51, 68)
(3, 1, 1, (0, 0, 0), 3, (0, 0)): (37, 45)
(3, 1, 1, (0, 0, 0), 3, (0, 1)): (1, 1)
(3, 1, 1, (0, 0, 0), 3, (0, 2)): (1, 1)
(3, 1, 1, (0, 0, 0), 3, (1, 2)): (1, 1)
(3, 1, 1, (0, 0, 0), 4, (0, 0)): (13, 18)
(3, 1, 1, (0, 0, 0), 5, (0, 0)): (12, 13)
(3, 1, 1, (0, 0, 0), 6, (0, 0)): (3, 4)
(3, 1, 1, (0, 0, 0), 7, (0, 0)): (1, 1)
(3, 1, 1, (0, 0, 0), 8, (0, 0)): (4, 4)
(3, 1, 1, (0, 0, 0), 9, (0, 0)): (1, 1)
(3, 1, 1, (0, 0, 1), -4, (0, 0)): (0, 1)
(3, 1, 1, (0, 0, 1), -3, (0, 0)): (2, 5)
(3, 1, 1, (0, 0, 1), -2, (0, 0)): (1, 4)
(3, 1, 1, (0, 0, 1), -1, (0, 0)): (3, 9)
(3, 1, 1, (0, 0, 1), 0, (0, 0)): (7, 15)
(3, 1, 1, (0, 0, 1), 1, (0, 0)): (7, 8)
(3, 1, 1, (0, 0, 1), 2, (0, 0)): (10, 10)
(3, 1, 1, (0, 0, 1), 3, (0, 0)): (7, 8)
(3, 1, 1, (0, 0, 1), 4, (0, 0)): (4, 4)
(3, 1, 1, (0, 0, 1), 5, (0, 0)): (3, 3)
(3, 1, 1, (0, 1, 0), -9, (0, 0)): (0, 1)
(3, 1, 1, (0, 1, 0), -7, (0, 0)): (1, 1)
(3, 1, 1, (0, 1, 0), -6, (0, 0)): (0, 1)
(3, 1, 1, (0, 1, 0), -5, (0, 0)): (0, 4)
(3, 1, 1, (0, 1, 0), -4, (0, 0)): (2, 8)
(3, 1, 1, (0, 1, 0), -3, (0, 0)): (3, 5)
(3, 1, 1, (0, 1, 0), -2, (0, 0)): (3, 12)
(3, 1, 1, (0, 1, 0), -1, (0, 0)): (15, 26)
(3, 1, 1, (0, 1, 0), 0, (0, 0)): (19, 33)
(3, 1, 1, (0, 1, 0), 1, (0, 0)): (21, 31)
(3, 1, 1, (0, 1, 0), 1, (1, 0)): (0, 1)
(3, 1, 1, (0, 1, 0), 1, (2, 0)): (0, 1)
(3, 1, 1, (0, 1, 0), 1, (3, 0)): (0, 1)
(3, 1, 1, (0, 1, 0), 1, (3, 1)): (0, 1)
(3, 1, 1, (0, 1, 0), 2, (0, 0)): (8, 10)
(3, 1, 1, (0, 1, 0), 3, (0, 0)): (5, 8)
(3, 1, 1, (0, 1, 0), 4, (0, 0)): (3, 4)
(3, 1, 1, (0, 1, 0), 5, (0, 0)): (2, 2)
(3, 1, 1, (0, 1, 0), 6, (0, 0)): (2, 2)
(3, 1, 1, (0, 1, 1), -4, (0, 0)): (1, 2)
(3, 1, 1, (0, 1, 1), -3, (0, 0)): (0, 3)
(3, 1, 1, (0, 1, 1), -2, (0, 0)): (1, 5)
(3, 1, 1, (0, 1, 1), -1, (0, 0)): (3, 6)
(3, 1, 1, (0, 1, 1), -1, (0, 1)): (0, 1)
(3, 1, 1, (0, 1, 1), -1, (1, 1)): (0, 1)
(3, 1, 1, (0, 1, 1), 0, (0, 0)): (6, 12)
(3, 1, 1, (0, 1, 1), 1, (0, 0)): (7, 8)
(3, 1, 1, (0, 1, 1), 2, (0, 0)): (4, 5)
(3, 1, 1, (0, 1, 1), 3, (0, 0)): (3, 3)
(3, 1, 1, (0, 1, 1), 4, (0, 0)): (3, 3)
(3, 1, 1, (0, 1, 1), 5, (0, 0)): (3, 3)
(3, 1, 1, (1, 0, 0), -9, (0, 0)): (0, 1)
(3, 1, 1, (1, 0, 0), -8, (0, 0)): (0, 1)
(3, 1, 1, (1, 0, 0), -7, (0, 0)): (0, 1)
(3, 1, 1, (1, 0, 0), -6, (0, 0)): (0, 2)
(3, 1, 1, (1, 0, 0), -5, (0, 0)): (1, 11)
(3, 1, 1, (1, 0, 0), -4, (0, 0)): (4, 16)
(3, 1, 1, (1, 0, 0), -3, (0, 0)): (8, 21)
(3, 1, 1, (1, 0, 0), -2, (0, 0)): (17, 44)
(3, 1, 1, (1, 0, 0), -2, (0, 1)): (0, 1)
(3, 1, 1, (1, 0, 0), -1, (0, 0)): (26, 67)
(3, 1, 1, (1, 0, 0), 0, (0, 0)): (58, 88)
(3, 1, 1, (1, 0, 0), 0, (0, 1)): (1, 1)
(3, 1, 1, (1, 0, 0), 0, (1, 1)): (1, 1)
(3, 1, 1, (1, 0, 0), 0, (2, 1)): (1, 1)
(3, 1, 1, (1, 0, 0), 1, (0, 0)): (42, 54)
(3, 1, 1, (1, 0, 0), 2, (0, 0)): (27, 31)
(3, 1, 1, (1, 0, 0), 3, (0, 0)): (22, 23)
(3, 1, 1, (1, 0, 0), 4, (0, 0)): (7, 7)
(3, 1, 1, (1, 0, 0), 5, (0, 0)): (8, 8)
(3, 1, 1, (1, 0, 0), 6, (0, 0)): (1, 1)
(3, 1, 1, (1, 0, 0), 7, (0, 0)): (1, 1)
(3, 1, 1, (1, 0, 0), 8, (0, 0)): (2, 2)
(3, 1, 1, (1, 0, 0), 9, (0, 0)): (1, 1)
(3, 1, 1, (1, 0, 1), -5, (0, 0)): (0, 1)
(3, 1, 1, (1, 0, 1), -4, (0, 0)): (0, 5)
(3, 1, 1, (1, 0, 1), -3, (0, 0)): (0, 2)
(3, 1, 1, (1, 0, 1), -2, (0, 0)): (1, 4)
(3, 1, 1, (1, 0, 1), -1, (0, 0)): (4, 7)
(3, 1, 1, (1, 0, 1), 0, (0, 0)): (9, 12)
(3, 1, 1, (1, 0, 1), 1, (0, 0)): (15, 16)
(3, 1, 1, (1, 0, 1), 2, (0, 0)): (10, 10)
(3, 1, 1, (1, 0, 1), 3, (0, 0)): (6, 6)
(3, 1, 1, (1, 0, 1), 4, (0, 0)): (4, 4)
(3, 1, 1, (1, 0, 1), 5, (0, 0)): (2, 2)
(3, 1, 1, (1, 1, 0), -8, (0, 0)): (0, 1)
(3, 1, 1, (1, 1, 0), -7, (0, 0)): (0, 1)
(3, 1, 1, (1, 1, 0), -6, (0, 0)): (0, 3)
(3, 1, 1, (1, 1, 0), -5, (0, 0)): (0, 5)
(3, 1, 1, (1, 1, 0), -4, (0, 0)): (0, 2)
(3, 1, 1, (1, 1, 0), -3, (0, 0)): (2, 6)
(3, 1, 1, (1, 1, 0), -2, (0, 0)): (1, 9)
(3, 1, 1, (1, 1, 0), -1, (0, 0)): (9, 19)
(3, 1, 1, (1, 1, 0), 0, (0, 0)): (18, 27)
(3, 1, 1, (1, 1, 0), 1, (0, 0)): (24, 29)
(3, 1, 1, (1, 1, 0), 1, (1, 0)): (0, 1)
(3, 1, 1, (1, 1, 0), 1, (2, 0)): (0, 1)
(3, 1, 1, (1, 1, 0), 2, (0, 0)): (14, 17)
(3, 1, 1, (1, 1, 0), 3, (0, 0)): (8, 9)
(3, 1, 1, (1, 1, 0), 4, (0, 0)): (8, 8)
(3, 1, 1, (1, 1, 0), 5, (0, 0)): (5, 5)
(3, 1, 1, (1, 1, 0), 6, (0, 0)): (2, 2)
(3, 1, 1, (1, 1, 0), 9, (0, 0)): (1, 1)
(3, 1, 1, (1, 1, 1), -7, (0, 0)): (0, 1)
(3, 1, 1, (1, 1, 1), -5, (0, 0)): (0, 1)
(3, 1, 1, (1, 1, 1), -4, (0, 0)): (0, 2)
(3, 1, 1, (1, 1, 1), -2, (0, 0)): (1, 7)
(3, 1, 1, (1, 1, 1), -1, (0, 0)): (4, 7)
(3, 1, 1, (1, 1, 1), 0, (0, 0)): (12, 16)
(3, 1, 1, (1, 1, 1), 1, (0, 0)): (11, 12)
(3, 1, 1, (1, 1, 1), 2, (0, 0)): (8, 11)
(3, 1, 1, (1, 1, 1), 3, (0, 0)): (2, 2)
(3, 1, 1, (1, 1, 1), 4, (0, 0)): (2, 2)
(3, 1, 1, (1, 1, 1), 6, (0, 0)): (1, 1)
(3, 1, 2, (0, 0, 0), -12, (0, 0)): (0, 1)
(3, 1, 2, (0, 0, 0), -10, (0, 0)): (0, 1)
(3, 1, 2, (0, 0, 0), -9, (0, 0)): (0, 1)
(3, 1, 2, (0, 0, 0), -8, (0, 0)): (0, 4)
(3, 1, 2, (0, 0, 0), -7, (0, 0)): (0, 3)
(3, 1, 2, (0, 0, 0), -6, (0, 0)): (0, 7)
(3, 1, 2, (0, 0, 0), -5, (0, 0)): (2, 7)
(3, 1, 2, (0, 0, 0), -4, (0, 0)): (5, 22)
(3, 1, 2, (0, 0, 0), -3, (0, 0)): (13, 44)
(3, 1, 2, (0, 0, 0), -2, (0, 0)): (14, 61)
(3, 1, 2, (0, 0, 0), -1, (0, 0)): (26, 76)
(3, 1, 2, (0, 0, 0), 0, (0, 0)): (73, 154)
(3, 1, 2, (0, 0, 0), 1, (0, 0)): (57, 78)
(3, 1, 2, (0, 0, 0), 2, (0, 0)): (44, 58)
(3, 1, 2, (0, 0, 0), 3, (0, 0)): (37, 45)
(3, 1, 2, (0, 0, 0), 3, (0, 1)): (1, 1)
(3, 1, 2, (0, 0, 0), 4, (0, 0)): (19, 24)
(3, 1, 2, (0, 0, 0), 5, (0, 0)): (9, 10)
(3, 1, 2, (0, 0, 0), 6, (0, 0)): (4, 5)
(3, 1, 2, (0, 0, 0), 7, (0, 0)): (1, 1)
(3, 1, 2, (0, 0, 0), 8, (0, 0)): (2, 2)
(3, 1, 2, (0, 0, 1), -9, (0, 0)): (0, 1)
(3, 1, 2, (0, 0, 1), -7, (0, 0)): (0, 1)
(3, 1, 2, (0, 0, 1), -5, (0, 0)): (0, 1)
(3, 1, 2, (0, 0, 1), -4, (0, 0)): (1, 3)
(3, 1, 2, (0, 0, 1), -3, (0, 0)): (1, 4)
(3, 1, 2, (0, 0, 1), -2, (0, 0)): (1, 5)
(3, 1, 2, (0, 0, 1), -1, (0, 0)): (3, 8)
(3, 1, 2, (0, 0, 1), 0, (0, 0)): (10, 20)
(3, 1, 2, (0, 0, 1), 1, (0, 0)): (7, 10)
(3, 1, 2, (0, 0, 1), 2, (0, 0)): (7, 9)
(3, 1, 2, (0, 0, 1), 3, (0, 0)): (8, 8)
(3, 1, 2, (0, 0, 1), 4, (0, 0)): (4, 4)
(3, 1, 2, (0, 0, 1), 5, (0, 0)): (3, 3)
(3, 1, 2, (0, 0, 1), 6, (0, 0)): (3, 3)
(3, 1, 2, (0, 0, 1), 7, (0, 0)): (1, 1)
(3, 1, 2, (0, 0, 1), 9, (0, 0)): (1, 1)
(3, 1, 2, (0, 0, 1), 12, (0, 0)): (1, 1)
(3, 1, 2, (0, 1, 0), -7, (0, 0)): (1, 2)
(3, 1, 2, (0, 1, 0), -5, (0, 0)): (0, 1)
(3, 1, 2, (0, 1, 0), -4, (0, 0)): (1, 5)
(3, 1, 2, (0, 1, 0), -3, (0, 0)): (4, 11)
(3, 1, 2, (0, 1, 0), -2, (0, 0)): (1, 8)
(3, 1, 2, (0, 1, 0), -2, (1, 0)): (0, 1)
(3, 1, 2, (0, 1, 0), -2, (1, 1)): (0, 1)
(3, 1, 2, (0, 1, 0), -2, (2, 1)): (0, 1)
(3, 1, 2, (0, 1, 0), -2, (2, 2)): (0, 1)
(3, 1, 2, (0, 1, 0), -2, (3, 2)): (0, 1)
(3, 1, 2, (0, 1, 0), -1, (0, 0)): (11, 30)
(3, 1, 2, (0, 1, 0), -1, (0, 1)): (0, 1)
(3, 1, 2, (0, 1, 0), 0, (0, 0)): (18, 39)
(3, 1, 2, (0, 1, 0), 1, (0, 0)): (20, 32)
(3, 1, 2, (0, 1, 0), 2, (0, 0)): (14, 19)
(3, 1, 2, (0, 1, 0), 3, (0, 0)): (9, 11)
(3, 1, 2, (0, 1, 0), 4, (0, 0)): (7, 8)
(3, 1, 2, (0, 1, 0), 5, (0, 0)): (7, 7)
(3, 1, 2, (0, 1, 0), 6, (0, 0)): (1, 1)
(3, 1, 2, (0, 1, 0), 7, (0, 0)): (1, 1)
(3, 1, 2, (0, 1, 0), 8, (0, 0)): (1, 1)
(3, 1, 2, (0, 1, 0), 10, (0, 0)): (1, 1)
(3, 1, 2, (0, 1, 0), 11, (0, 0)): (1, 1)
(3, 1, 2, (0, 1, 1), -3, (0, 0)): (1, 1)
(3, 1, 2, (0, 1, 1), -2, (0, 0)): (1, 3)
(3, 1, 2, (0, 1, 1), -1, (0, 0)): (3, 7)
(3, 1, 2, (0, 1, 1), 0, (0, 0)): (2, 5)
(3, 1, 2, (0, 1, 1), 1, (0, 0)): (5, 8)
(3, 1, 2, (0, 1, 1), 2, (0, 0)): (3, 3)
(3, 1, 2, (0, 1, 1), 3, (0, 0)): (5, 5)
(3, 1, 2, (0, 1, 1), 4, (0, 0)): (1, 1)
(3, 1, 2, (0, 1, 1), 5, (0, 0)): (4, 4)
(3, 1, 2, (0, 1, 1), 11, (0, 0)): (1, 1)
(3, 1, 2, (1, 0, 0), -8, (0, 0)): (0, 2)
(3, 1, 2, (1, 0, 0), -7, (0, 0)): (0, 1)
(3, 1, 2, (1, 0, 0), -6, (0, 0)): (0, 3)
(3, 1, 2, (1, 0, 0), -5, (0, 0)): (2, 9)
(3, 1, 2, (1, 0, 0), -4, (0, 0)): (1, 10)
(3, 1, 2, (1, 0, 0), -3, (0, 0)): (9, 25)
(3, 1, 2, (1, 0, 0), -2, (0, 0)): (15, 42)
(3, 1, 2, (1, 0, 0), -1, (0, 0)): (19, 51)
(3, 1, 2, (1, 0, 0), 0, (0, 0)): (47, 81)
(3, 1, 2, (1, 0, 0), 0, (1, 0)): (1, 1)
(3, 1, 2, (1, 0, 0), 1, (0, 0)): (40, 60)
(3, 1, 2, (1, 0, 0), 2, (0, 0)): (28, 36)
(3, 1, 2, (1, 0, 0), 3, (0, 0)): (23, 26)
(3, 1, 2, (1, 0, 0), 4, (0, 0)): (18, 23)
(3, 1, 2, (1, 0, 0), 5, (0, 0)): (9, 9)
(3, 1, 2, (1, 0, 0), 6, (0, 0)): (4, 4)
(3, 1, 2, (1, 0, 0), 7, (0, 0)): (2, 2)
(3, 1, 2, (1, 0, 0), 8, (0, 0)): (1, 1)
(3, 1, 2, (1, 0, 0), 13, (0, 0)): (1, 1)
(3, 1, 2, (1, 0, 1), -6, (0, 0)): (0, 1)
(3, 1, 2, (1, 0, 1), -5, (0, 0)): (0, 3)
(3, 1, 2, (1, 0, 1), -4, (0, 0)): (0, 2)
(3, 1, 2, (1, 0, 1), -3, (0, 0)): (0, 2)
(3, 1, 2, (1, 0, 1), -2, (0, 0)): (1, 8)
(3, 1, 2, (1, 0, 1), -1, (0, 0)): (7, 12)
(3, 1, 2, (1, 0, 1), 0, (0, 0)): (11, 18)
(3, 1, 2, (1, 0, 1), 1, (0, 0)): (12, 14)
(3, 1, 2, (1, 0, 1), 2, (0, 0)): (8, 9)
(3, 1, 2, (1, 0, 1), 3, (0, 0)): (8, 10)
(3, 1, 2, (1, 0, 1), 4, (0, 0)): (6, 6)
(3, 1, 2, (1, 0, 1), 5, (0, 0)): (1, 1)
(3, 1, 2, (1, 0, 1), 7, (0, 0)): (1, 1)
(3, 1, 2, (1, 0, 1), 9, (0, 0)): (1, 1)
(3, 1, 2, (1, 1, 0), -8, (0, 0)): (0, 2)
(3, 1, 2, (1, 1, 0), -7, (0, 0)): (0, 1)
(3, 1, 2, (1, 1, 0), -6, (0, 0)): (0, 3)
(3, 1, 2, (1, 1, 0), -5, (0, 0)): (0, 3)
(3, 1, 2, (1, 1, 0), -4, (0, 0)): (1, 5)
(3, 1, 2, (1, 1, 0), -3, (0, 0)): (3, 11)
(3, 1, 2, (1, 1, 0), -2, (0, 0)): (5, 11)
(3, 1, 2, (1, 1, 0), -1, (0, 0)): (9, 27)
(3, 1, 2, (1, 1, 0), 0, (0, 0)): (17, 32)
(3, 1, 2, (1, 1, 0), 1, (0, 0)): (21, 28)
(3, 1, 2, (1, 1, 0), 1, (0, 1)): (0, 1)
(3, 1, 2, (1, 1, 0), 1, (0, 2)): (0, 1)
(3, 1, 2, (1, 1, 0), 2, (0, 0)): (22, 24)
(3, 1, 2, (1, 1, 0), 3, (0, 0)): (7, 9)
(3, 1, 2, (1, 1, 0), 4, (0, 0)): (12, 14)
(3, 1, 2, (1, 1, 0), 5, (0, 0)): (5, 5)
(3, 1, 2, (1, 1, 0), 6, (0, 0)): (3, 3)
(3, 1, 2, (1, 1, 0), 7, (0, 0)): (2, 2)
(3, 1, 2, (1, 1, 0), 8, (0, 0)): (1, 1)
(3, 1, 2, (1, 1, 0), 9, (0, 0)): (1, 1)
(3, 1, 2, (1, 1, 0), 11, (0, 0)): (1, 1)
(3, 1, 2, (1, 1, 1), -6, (0, 0)): (0, 1)
(3, 1, 2, (1, 1, 1), -4, (0, 0)): (0, 1)
(3, 1, 2, (1, 1, 1), -3, (0, 0)): (2, 3)
(3, 1, 2, (1, 1, 1), -2, (0, 0)): (3, 8)
(3, 1, 2, (1, 1, 1), -1, (0, 0)): (2, 8)
(3, 1, 2, (1, 1, 1), 0, (0, 0)): (7, 13)
(3, 1, 2, (1, 1, 1), 1, (0, 0)): (6, 8)
(3, 1, 2, (1, 1, 1), 2, (0, 0)): (7, 8)
(3, 1, 2, (1, 1, 1), 3, (0, 0)): (5, 5)
(3, 1, 2, (1, 1, 1), 4, (0, 0)): (4, 4)
(3, 1, 2, (1, 1, 1), 6, (0, 0)): (1, 1)
(3, 1, 2, (1, 1, 1), 7, (0, 0)): (3, 3)
(3, 1, 2, (1, 1, 1), 9, (0, 0)): (1, 1)
(4, 0, 0, (0, 0, 0), -13, (0, 0)): (0, 1)
(4, 0, 0, (0, 0, 0), -11, (0, 0)): (0, 2)
(4, 0, 0, (0, 0, 0), -9, (0, 0)): (0, 2)
(4, 0, 0, (0, 0, 0), -8, (0, 0)): (0, 3)
(4, 0, 0, (0, 0, 0), -7, (0, 0)): (0, 8)
(4, 0, 0, (0, 0, 0), -6, (0, 0)): (1, 8)
(4, 0, 0, (0, 0, 0), -5, (0, 0)): (1, 33)
(4, 0, 0, (0, 0, 0), -4, (0, 0)): (10, 56)
(4, 0, 0, (0, 0, 0), -3, (0, 0)): (10, 81)
(4, 0, 0, (0, 0, 0), -2, (0, 0)): (26, 116)
(4, 0, 0, (0, 0, 0), -1, (0, 0)): (53, 169)
(4, 0, 0, (0, 0, 0), -1, (0, 1)): (1, 1)
(4, 0, 0, (0, 0, 0), -1, (0, 2)): (1, 1)
(4, 0, 0, (0, 0, 0), 0, (0, 0)): (128, 248)
(4, 0, 0, (0, 0, 0), 0, (1, 0)): (0, 1)
(4, 0, 0, (0, 0, 0), 0, (1, 1)): (0, 1)
(4, 0, 0, (0, 0, 0), 0, (1, 2)): (0, 1)
(4, 0, 0, (0, 0, 0), 1, (0, 0)): (102, 162)
(4, 0, 0, (0, 0, 0), 1, (0, 1)): (1, 1)
(4, 0, 0, (0, 0, 0), 2, (0, 0)): (80, 103)
(4, 0, 0, (0, 0, 0), 3, (0, 0)): (48, 71)
(4, 0, 0, (0, 0, 0), 4, (0, 0)): (34, 40)
(4, 0, 0, (0, 0, 0), 5, (0, 0)): (15, 18)
(4, 0, 0, (0, 0, 0), 6, (0, 0)): (10, 10)
(4, 0, 0, (0, 0, 0), 7, (0, 0)): (5, 6)
(4, 0, 0, (0, 0, 0), 8, (0, 0)): (4, 4)
(4, 0, 0, (0, 0, 0), 9, (0, 0)): (3, 3)
(4, 0, 0, (0, 0, 0), 10, (0, 0)): (1, 1)
(4, 0, 0, (0, 0, 0), 12, (0, 0)): (1, 1)
(4, 0, 0, (0, 0, 1), -5, (0, 0)): (0, 1)
(4, 0, 0, (0, 0, 1), -4, (0, 0)): (0, 1)
(4, 0, 0, (0, 0, 1), -2, (0, 0)): (1, 3)
(4, 0, 0, (0, 0, 1), -1, (0, 0)): (0, 1)
(4, 0, 0, (0, 0, 1), 0, (0, 0)): (1, 2)
(4, 0, 0, (0, 0, 1), 1, (0, 0)): (4, 4)
(4, 0, 0, (0, 0, 1), 2, (0, 0)): (1, 1)
(4, 0, 0, (0, 0, 1), 3, (0, 0)): (2, 4)
(4, 0, 0, (0, 0, 1), 4, (0, 0)): (1, 1)
(4, 0, 0, (0, 0, 1), 6, (0, 0)): (1, 1)
(4, 0, 0, (0, 1, 0), -8, (0, 0)): (0, 1)
(4, 0, 0, (0, 1, 0), -5, (0, 0)): (0, 3)
(4, 0, 0, (0, 1, 0), -4, (0, 0)): (3, 8)
(4, 0, 0, (0, 1, 0), -3, (0, 0)): (2, 4)
(4, 0, 0, (0, 1, 0), -2, (0, 0)): (2, 9)
(4, 0, 0, (0, 1, 0), -1, (0, 0)): (10, 17)
(4, 0, 0, (0, 1, 0), -1, (0, 1)): (0, 1)
(4, 0, 0, (0, 1, 0), -1, (0, 2)): (0, 1)
(4, 0, 0, (0, 1, 0), 0, (0, 0)): (13, 20)
(4, 0, 0, (0, 1, 0), 1, (0, 0)): (15, 21)
(4, 0, 0, (0, 1, 0), 2, (0, 0)): (8, 9)
(4, 0, 0, (0, 1, 0), 3, (0, 0)): (5, 5)
(4, 0, 0, (0, 1, 0), 4, (0, 0)): (3, 3)
(4, 0, 0, (0, 1, 0), 5, (0, 0)): (2, 2)
(4, 0, 0, (0, 1, 0), 6, (0, 0)): (1, 1)
(4, 0, 0, (0, 1, 0), 7, (0, 0)): (1, 1)
(4, 0, 0, (0, 1, 1), -5, (0, 0)): (0, 1)
(4, 0, 0, (0, 1, 1), -4, (0, 0)): (1, 1)
(4, 0, 0, (0, 1, 1), -3, (0, 0)): (0, 1)
(4, 0, 0, (0, 1, 1), -1, (0, 0)): (2, 3)
(4, 0, 0, (0, 1, 1), 0, (0, 0)): (2, 5)
(4, 0, 0, (0, 1, 1), 1, (0, 0)): (1, 2)
(4, 0, 0, (0, 1, 1), 2, (0, 0)): (5, 5)
(4, 0, 0, (0, 1, 1), 5, (0, 0)): (1, 1)
(4, 0, 0, (1, 0, 0), -13, (0, 0)): (0, 1)
(4, 0, 0, (1, 0, 0), -8, (0, 0)): (0, 1)
(4, 0, 0, (1, 0, 0), -7, (0, 0)): (0, 2)
(4, 0, 0, (1, 0, 0), -6, (0, 0)): (0, 2)
(4, 0, 0, (1, 0, 0), -5, (0, 0)): (0, 9)
(4, 0, 0, (1, 0, 0), -4, (0, 0)): (4, 18)
(4, 0, 0, (1, 0, 0), -3, (0, 0)): (2, 19)
(4, 0, 0, (1, 0, 0), -2, (0, 0)): (5, 37)
(4, 0, 0, (1, 0, 0), -1, (0, 0)): (23, 61)
(4, 0, 0, (1, 0, 0), 0, (0, 0)): (47, 80)
(4, 0, 0, (1, 0, 0), 1, (0, 0)): (21, 36)
(4, 0, 0, (1, 0, 0), 2, (0, 0)): (30, 36)
(4, 0, 0, (1, 0, 0), 3, (0, 0)): (13, 15)
(4, 0, 0, (1, 0, 0), 4, (0, 0)): (12, 12)
(4, 0, 0, (1, 0, 0), 5, (0, 0)): (6, 7)
(4, 0, 0, (1, 0, 0), 6, (0, 0)): (2, 2)
(4, 0, 0, (1, 0, 0), 7, (0, 0)): (0, 1)
(4, 0, 0, (1, 0, 0), 10, (0, 0)): (1, 1)
(4, 0, 0, (1, 0, 1), -5, (0, 0)): (0, 1)
(4, 0, 0, (1, 0, 1), -4, (0, 0)): (0, 2)
(4, 0, 0, (1, 0, 1), -3, (0, 0)): (1, 1)
(4, 0, 0, (1, 0, 1), -2, (0, 0)): (0, 2)
(4, 0, 0, (1, 0, 1), -1, (0, 0)): (0, 2)
(4, 0, 0, (1, 0, 1), 0, (0, 0)): (5, 8)
(4, 0, 0, (1, 0, 1), 1, (0, 0)): (6, 8)
(4, 0, 0, (1, 0, 1), 2, (0, 0)): (4, 5)
(4, 0, 0, (1, 0, 1), 3, (0, 0)): (4, 5)
(4, 0, 0, (1, 0, 1), 10, (0, 0)): (1, 1)
(4, 0, 0, (1, 1, 0), -8, (0, 0)): (0, 1)
(4, 0, 0, (1, 1, 0), -7, (0, 0)): (0, 1)
(4, 0, 0, (1, 1, 0), -5, (0, 0)): (0, 1)
(4, 0, 0, (1, 1, 0), -4, (0, 0)): (1, 6)
(4, 0, 0, (1, 1, 0), -3, (0, 0)): (0, 3)
(4, 0, 0, (1, 1, 0), -2, (0, 0)): (2, 9)
(4, 0, 0, (1, 1, 0), -1, (0, 0)): (9, 14)
(4, 0, 0, (1, 1, 0), 0, (0, 0)): (10, 14)
(4, 0, 0, (1, 1, 0), 1, (0, 0)): (8, 10)
(4, 0, 0, (1, 1, 0), 2, (0, 0)): (11, 12)
(4, 0, 0, (1, 1, 0), 3, (0, 0)): (3, 3)
(4, 0, 0, (1, 1, 0), 5, (0, 0)): (2, 2)
(4, 0, 0, (1, 1, 1), -2, (0, 0)): (0, 2)
(4, 0, 0, (1, 1, 1), -1, (0, 0)): (3, 5)
(4, 0, 0, (1, 1, 1), 0, (0, 0)): (1, 2)
(4, 0, 0, (1, 1, 1), 1, (0, 0)): (1, 1)
(4, 0, 0, (1, 1, 1), 2, (0, 0)): (3, 3)
(4, 0, 0, (1, 1, 1), 3, (0, 0)): (1, 1)
(4, 0, 0, (1, 1, 1), 5, (0, 0)): (1, 1)
(4, 0, 0, (1, 1, 1), 6, (0, 0)): (1, 1)
(4, 0, 1, (0, 0, 0), -11, (0, 0)): (0, 2)
(4, 0, 1, (0, 0, 0), -9, (0, 0)): (0, 2)
(4, 0, 1, (0, 0, 0), -7, (0, 0)): (0, 6)
(4, 0, 1, (0, 0, 0), -6, (0, 0)): (1, 5)
(4, 0, 1, (0, 0, 0), -5, (0, 0)): (1, 19)
(4, 0, 1, (0, 0, 0), -4, (0, 0)): (3, 32)
(4, 0, 1, (0, 0, 0), -3, (0, 0)): (7, 60)
(4, 0, 1, (0, 0, 0), -3, (1, 0)): (0, 1)
(4, 0, 1, (0, 0, 0), -3, (2, 0)): (0, 1)
(4, 0, 1, (0, 0, 0), -3, (3, 0)): (0, 1)
(4, 0, 1, (0, 0, 0), -3, (3, 1)): (0, 1)
(4, 0, 1, (0, 0, 0), -2, (0, 0)): (18, 70)
(4, 0, 1, (0, 0, 0), -1, (0, 0)): (25, 96)
(4, 0, 1, (0, 0, 0), -1, (0, 1)): (1, 1)
(4, 0, 1, (0, 0, 0), -1, (1, 1)): (1, 1)
(4, 0, 1, (0, 0, 0), -1, (2, 1)): (1, 1)
(4, 0, 1, (0, 0, 0), -1, (3, 1)): (1, 1)
(4, 0, 1, (0, 0, 0), 0, (0, 0)): (74, 156)
(4, 0, 1, (0, 0, 0), 0, (0, 1)): (0, 1)
(4, 0, 1, (0, 0, 0), 0, (0, 2)): (0, 1)
(4, 0, 1, (0, 0, 0), 0, (1, 2)): (0, 1)
(4, 0, 1, (0, 0, 0), 0, (2, 2)): (0, 1)
(4, 0, 1, (0, 0, 0), 0, (3, 2)): (0, 1)
(4, 0, 1, (0, 0, 0), 1, (0, 0)): (69, 112)
(4, 0, 1, (0, 0, 0), 1, (0, 1)): (1, 1)
(4, 0, 1, (0, 0, 0), 1, (1, 1)): (1, 1)
(4, 0, 1, (0, 0, 0), 2, (0, 0)): (55, 74)
(4, 0, 1, (0, 0, 0), 3, (0, 0)): (37, 56)
(4, 0, 1, (0, 0, 0), 4, (0, 0)): (25, 32)
(4, 0, 1, (0, 0, 0), 5, (0, 0)): (10, 12)
(4, 0, 1, (0, 0, 0), 6, (0, 0)): (7, 7)
(4, 0, 1, (0, 0, 0), 7, (0, 0)): (7, 7)
(4, 0, 1, (0, 0, 0), 8, (0, 0)): (4, 4)
(4, 0, 1, (0, 0, 0), 9, (0, 0)): (3, 3)
(4, 0, 1, (0, 0, 0), 12, (0, 0)): (1, 1)
(4, 0, 1, (0, 0, 1), -5, (0, 0)): (1, 2)
(4, 0, 1, (0, 0, 1), -4, (0, 0)): (0, 1)
(4, 0, 1, (0, 0, 1), -3, (0, 0)): (1, 2)
(4, 0, 1, (0, 0, 1), -2, (0, 0)): (1, 2)
(4, 0, 1, (0, 0, 1), -1, (0, 0)): (4, 7)
(4, 0, 1, (0, 0, 1), 0, (0, 0)): (4, 8)
(4, 0, 1, (0, 0, 1), 1, (0, 0)): (11, 17)
(4, 0, 1, (0, 0, 1), 2, (0, 0)): (5, 6)
(4, 0, 1, (0, 0, 1), 3, (0, 0)): (5, 5)
(4, 0, 1, (0, 0, 1), 4, (0, 0)): (3, 3)
(4, 0, 1, (0, 0, 1), 5, (0, 0)): (1, 1)
(4, 0, 1, (0, 0, 1), 6, (0, 0)): (3, 3)
(4, 0, 1, (0, 1, 0), -11, (0, 0)): (0, 1)
(4, 0, 1, (0, 1, 0), -8, (0, 0)): (0, 1)
(4, 0, 1, (0, 1, 0), -5, (0, 0)): (0, 2)
(4, 0, 1, (0, 1, 0), -4, (0, 0)): (3, 6)
(4, 0, 1, (0, 1, 0), -3, (0, 0)): (2, 10)
(4, 0, 1, (0, 1, 0), -2, (0, 0)): (1, 6)
(4, 0, 1, (0, 1, 0), -1, (0, 0)): (7, 19)
(4, 0, 1, (0, 1, 0), 0, (0, 0)): (15, 29)
(4, 0, 1, (0, 1, 0), 1, (0, 0)): (13, 22)
(4, 0, 1, (0, 1, 0), 2, (0, 0)): (10, 15)
(4, 0, 1, (0, 1, 0), 3, (0, 0)): (9, 11)
(4, 0, 1, (0, 1, 0), 4, (0, 0)): (6, 6)
(4, 0, 1, (0, 1, 0), 5, (0, 0)): (1, 2)
(4, 0, 1, (0, 1, 0), 6, (0, 0)): (1, 1)
(4, 0, 1, (0, 1, 0), 7, (0, 0)): (3, 3)
(4, 0, 1, (0, 1, 0), 8, (0, 0)): (1, 1)
(4, 0, 1, (0, 1, 1), -7, (0, 0)): (0, 1)
(4, 0, 1, (0, 1, 1), -5, (0, 0)): (0, 1)
(4, 0, 1, (0, 1, 1), -4, (0, 0)): (1, 3)
(4, 0, 1, (0, 1, 1), -3, (0, 0)): (0, 3)
(4, 0, 1, (0, 1, 1), -2, (0, 0)): (0, 2)
(4, 0, 1, (0, 1, 1), -1, (0, 0)): (3, 7)
(4, 0, 1, (0, 1, 1), 0, (0, 0)): (6, 11)
(4, 0, 1, (0, 1, 1), 1, (0, 0)): (3, 5)
(4, 0, 1, (0, 1, 1), 2, (0, 0)): (7, 7)
(4, 0, 1, (0, 1, 1), 3, (0, 0)): (2, 2)
(4, 0, 1, (0, 1, 1), 4, (0, 0)): (4, 5)
(4, 0, 1, (0, 1, 1), 5, (0, 0)): (1, 1)
(4, 0, 1, (1, 0, 0), -13, (0, 0)): (0, 1)
(4, 0, 1, (1, 0, 0), -9, (0, 0)): (0, 1)
(4, 0, 1, (1, 0, 0), -7, (0, 0)): (0, 3)
(4, 0, 1, (1, 0, 0), -6, (0, 0)): (1, 5)
(4, 0, 1, (1, 0, 0), -5, (0, 0)): (0, 13)
(4, 0, 1, (1, 0, 0), -4, (0, 0)): (4, 22)
(4, 0, 1, (1, 0, 0), -3, (0, 0)): (4, 30)
(4, 0, 1, (1, 0, 0), -3, (1, 0)): (0, 1)
(4, 0, 1, (1, 0, 0), -3, (2, 0)): (0, 1)
(4, 0, 1, (1, 0, 0), -3, (2, 1)): (0, 1)
(4, 0, 1, (1, 0, 0), -3, (3, 1)): (0, 1)
(4, 0, 1, (1, 0, 0), -2, (0, 0)): (10, 44)
(4, 0, 1, (1, 0, 0), -1, (0, 0)): (12, 48)
(4, 0, 1, (1, 0, 0), -1, (1, 0)): (1, 1)
(4, 0, 1, (1, 0, 0), -1, (2, 0)): (1, 1)
(4, 0, 1, (1, 0, 0), 0, (0, 0)): (42, 85)
(4, 0, 1, (1, 0, 0), 1, (0, 0)): (32, 48)
(4, 0, 1, (1, 0, 0), 2, (0, 0)): (31, 37)
(4, 0, 1, (1, 0, 0), 3, (0, 0)): (17, 24)
(4, 0, 1, (1, 0, 0), 4, (0, 0)): (19, 20)
(4, 0, 1, (1, 0, 0), 5, (0, 0)): (4, 5)
(4, 0, 1, (1, 0, 0), 6, (0, 0)): (4, 4)
(4, 0, 1, (1, 0, 0), 7, (0, 0)): (4, 5)
(4, 0, 1, (1, 0, 0), 8, (0, 0)): (3, 3)
(4, 0, 1, (1, 0, 0), 11, (0, 0)): (1, 1)
(4, 0, 1, (1, 0, 1), -4, (0, 0)): (0, 3)
(4, 0, 1, (1, 0, 1), -3, (0, 0)): (1, 5)
(4, 0, 1, (1, 0, 1), -2, (0, 0)): (1, 10)
(4, 0, 1, (1, 0, 1), -1, (0, 0)): (2, 4)
(4, 0, 1, (1, 0, 1), 0, (0, 0)): (5, 11)
(4, 0, 1, (1, 0, 1), 1, (0, 0)): (9, 12)
(4, 0, 1, (1, 0, 1), 2, (0, 0)): (5, 8)
(4, 0, 1, (1, 0, 1), 3, (0, 0)): (6, 8)
(4, 0, 1, (1, 0, 1), 4, (0, 0)): (2, 2)
(4, 0, 1, (1, 0, 1), 5, (0, 0)): (2, 2)
(4, 0, 1, (1, 0, 1), 6, (0, 0)): (1, 1)
(4, 0, 1, (1, 1, 0), -13, (0, 0)): (0, 1)
(4, 0, 1, (1, 1, 0), -8, (0, 0)): (0, 1)
(4, 0, 1, (1, 1, 0), -7, (0, 0)): (0, 1)
(4, 0, 1, (1, 1, 0), -6, (0, 0)): (0, 3)
(4, 0, 1, (1, 1, 0), -5, (0, 0)): (0, 2)
(4, 0, 1, (1, 1, 0), -4, (0, 0)): (1, 4)
(4, 0, 1, (1, 1, 0), -3, (0, 0)): (3, 11)
(4, 0, 1, (1, 1, 0), -3, (0, 1)): (0, 1)
(4, 0, 1, (1, 1, 0), -3, (1, 1)): (0, 1)
(4, 0, 1, (1, 1, 0), -3, (1, 2)): (0, 1)
(4, 0, 1, (1, 1, 0), -2, (0, 0)): (2, 13)
(4, 0, 1, (1, 1, 0), -1, (0, 0)): (5, 21)
(4, 0, 1, (1, 1, 0), 0, (0, 0)): (17, 25)
(4, 0, 1, (1, 1, 0), 1, (0, 0)): (15, 23)
(4, 0, 1, (1, 1, 0), 2, (0, 0)): (14, 15)
(4, 0, 1, (1, 1, 0), 3, (0, 0)): (6, 7)
(4, 0, 1, (1, 1, 0), 4, (0, 0)): (2, 2)
(4, 0, 1, (1, 1, 0), 5, (0, 0)): (2, 2)
(4, 0, 1, (1, 1, 0), 6, (0, 0)): (3, 3)
(4, 0, 1, (1, 1, 0), 7, (0, 0)): (3, 3)
(4, 0, 1, (1, 1, 0), 8, (0, 0)): (3, 3)
(4, 0, 1, (1, 1, 1), -6, (0, 0)): (0, 1)
(4, 0, 1, (1, 1, 1), -4, (0, 0)): (2, 3)
(4, 0, 1, (1, 1, 1), -3, (0, 0)): (0, 2)
(4, 0, 1, (1, 1, 1), -2, (0, 0)): (0, 2)
(4, 0, 1, (1, 1, 1), -1, (0, 0)): (3, 8)
(4, 0, 1, (1, 1, 1), 0, (0, 0)): (6, 10)
(4, 0, 1, (1, 1, 1), 1, (0, 0)): (5, 7)
(4, 0, 1, (1, 1, 1), 2, (0, 0)): (7, 8)
(4, 0, 1, (1, 1, 1), 3, (0, 0)): (4, 5)
(4, 0, 1, (1, 1, 1), 4, (0, 0)): (3, 4)
(4, 0, 1, (1, 1, 1), 8, (0, 0)): (1, 1)
(4, 0, 2, (0, 0, 0), -11, (0, 0)): (0, 1)
(4, 0, 2, (0, 0, 0), -9, (0, 0)): (0, 1)
(4, 0, 2, (0, 0, 0), -7, (0, 0)): (0, 4)
(4, 0, 2, (0, 0, 0), -6, (0, 0)): (0, 2)
(4, 0, 2, (0, 0, 0), -5, (0, 0)): (1, 11)
(4, 0, 2, (0, 0, 0), -4, (0, 0)): (2, 20)
(4, 0, 2, (0, 0, 0), -3, (0, 0)): (4, 39)
(4, 0, 2, (0, 0, 0), -2, (0, 0)): (11, 53)
(4, 0, 2, (0, 0, 0), -1, (0, 0)): (20, 79)
(4, 0, 2, (0, 0, 0), 0, (0, 0)): (55, 120)
(4, 0, 2, (0, 0, 0), 0, (0, 1)): (0, 1)
(4, 0, 2, (0, 0, 0), 0, (0, 2)): (0, 1)
(4, 0, 2, (0, 0, 0), 0, (1, 2)): (0, 1)
(4, 0, 2, (0, 0, 0), 1, (0, 0)): (53, 89)
(4, 0, 2, (0, 0, 0), 1, (0, 1)): (1, 1)
(4, 0, 2, (0, 0, 0), 2, (0, 0)): (40, 56)
(4, 0, 2, (0, 0, 0), 3, (0, 0)): (34, 46)
(4, 0, 2, (0, 0, 0), 4, (0, 0)): (19, 26)
(4, 0, 2, (0, 0, 0), 5, (0, 0)): (12, 14)
(4, 0, 2, (0, 0, 0), 6, (0, 0)): (3, 3)
(4, 0, 2, (0, 0, 0), 7, (0, 0)): (4, 4)
(4, 0, 2, (0, 0, 0), 8, (0, 0)): (2, 2)
(4, 0, 2, (0, 0, 0), 9, (0, 0)): (3, 3)
(4, 0, 2, (0, 0, 0), 10, (0, 0)): (2, 2)
(4, 0, 2, (0, 0, 0), 12, (0, 0)): (1, 1)
(4, 0, 2, (0, 0, 1), -12, (0, 0)): (0, 1)
(4, 0, 2, (0, 0, 1), -8, (0, 0)): (0, 1)
(4, 0, 2, (0, 0, 1), -6, (0, 0)): (0, 1)
(4, 0, 2, (0, 0, 1), -5, (0, 0)): (0, 3)
(4, 0, 2, (0, 0, 1), -4, (0, 0)): (1, 1)
(4, 0, 2, (0, 0, 1), -3, (0, 0)): (1, 4)
(4, 0, 2, (0, 0, 1), -2, (0, 0)): (2, 4)
(4, 0, 2, (0, 0, 1), -1, (0, 0)): (5, 11)
(4, 0, 2, (0, 0, 1), 0, (0, 0)): (4, 10)
(4, 0, 2, (0, 0, 1), 1, (0, 0)): (5, 13)
(4, 0, 2, (0, 0, 1), 2, (0, 0)): (8, 10)
(4, 0, 2, (0, 0, 1), 3, (0, 0)): (3, 3)
(4, 0, 2, (0, 0, 1), 4, (0, 0)): (3, 3)
(4, 0, 2, (0, 0, 1), 5, (0, 0)): (3, 4)
(4, 0, 2, (0, 0, 1), 6, (0, 0)): (2, 2)
(4, 0, 2, (0, 0, 1), 7, (0, 0)): (1, 1)
(4, 0, 2, (0, 0, 1), 9, (0, 0)): (1, 1)
(4, 0, 2, (0, 1, 0), -11, (0, 0)): (0, 1)
(4, 0, 2, (0, 1, 0), -4, (0, 0)): (3, 13)
(4, 0, 2, (0, 1, 0), -3, (0, 0)): (1, 9)
(4, 0, 2, (0, 1, 0), -2, (0, 0)): (0, 7)
(4, 0, 2, (0, 1, 0), -1, (0, 0)): (5, 20)
(4, 0, 2, (0, 1, 0), 0, (0, 0)): (20, 32)
(4, 0, 2, (0, 1, 0), 1, (0, 0)): (16, 29)
(4, 0, 2, (0, 1, 0), 2, (0, 0)): (17, 26)
(4, 0, 2, (0, 1, 0), 3, (0, 0)): (15, 18)
(4, 0, 2, (0, 1, 0), 4, (0, 0)): (16, 18)
(4, 0, 2, (0, 1, 0), 5, (0, 0)): (5, 5)
(4, 0, 2, (0, 1, 0), 6, (0, 0)): (3, 3)
(4, 0, 2, (0, 1, 0), 7, (0, 0)): (4, 4)
(4, 0, 2, (0, 1, 0), 8, (0, 0)): (1, 1)
(4, 0, 2, (0, 1, 0), 9, (0, 0)): (1, 1)
(4, 0, 2, (0, 1, 0), 11, (0, 0)): (1, 1)
(4, 0, 2, (0, 1, 1), -7, (0, 0)): (0, 1)
(4, 0, 2, (0, 1, 1), -6, (0, 0)): (0, 1)
(4, 0, 2, (0, 1, 1), -4, (0, 0)): (0, 1)
(4, 0, 2, (0, 1, 1), -3, (0, 0)): (0, 2)
(4, 0, 2, (0, 1, 1), -2, (0, 0)): (1, 4)
(4, 0, 2, (0, 1, 1), -1, (0, 0)): (2, 5)
(4, 0, 2, (0, 1, 1), 0, (0, 0)): (4, 8)
(4, 0, 2, (0, 1, 1), 1, (0, 0)): (5, 8)
(4, 0, 2, (0, 1, 1), 2, (0, 0)): (4, 5)
(4, 0, 2, (0, 1, 1), 3, (0, 0)): (5, 5)
(4, 0, 2, (0, 1, 1), 4, (0, 0)): (5, 5)
(4, 0, 2, (0, 1, 1), 6, (0, 0)): (2, 2)
(4, 0, 2, (0, 1, 1), 7, (0, 0)): (1, 1)
(4, 0, 2, (1, 0, 0), -9, (0, 0)): (0, 1)
(4, 0, 2, (1, 0, 0), -7, (0, 0)): (0, 3)
(4, 0, 2, (1, 0, 0), -6, (0, 0)): (0, 2)
(4, 0, 2, (1, 0, 0), -5, (0, 0)): (0, 10)
(4, 0, 2, (1, 0, 0), -4, (0, 0)): (1, 22)
(4, 0, 2, (1, 0, 0), -3, (0, 0)): (2, 23)
(4, 0, 2, (1, 0, 0), -2, (0, 0)): (13, 47)
(4, 0, 2, (1, 0, 0), -1, (0, 0)): (10, 38)
(4, 0, 2, (1, 0, 0), 0, (0, 0)): (28, 66)
(4, 0, 2, (1, 0, 0), 1, (0, 0)): (34, 55)
(4, 0, 2, (1, 0, 0), 1, (1, 0)): (1, 1)
(4, 0, 2, (1, 0, 0), 2, (0, 0)): (27, 34)
(4, 0, 2, (1, 0, 0), 3, (0, 0)): (16, 20)
(4, 0, 2, (1, 0, 0), 4, (0, 0)): (17, 19)
(4, 0, 2, (1, 0, 0), 5, (0, 0)): (6, 6)
(4, 0, 2, (1, 0, 0), 6, (0, 0)): (5, 5)
(4, 0, 2, (1, 0, 0), 7, (0, 0)): (5, 5)
(4, 0, 2, (1, 0, 0), 8, (0, 0)): (2, 2)
(4, 0, 2, (1, 0, 0), 9, (0, 0)): (2, 2)
(4, 0, 2, (1, 0, 0), 10, (0, 0)): (1, 1)
(4, 0, 2, (1, 0, 1), -12, (0, 0)): (0, 1)
(4, 0, 2, (1, 0, 1), -4, (0, 0)): (0, 1)
(4, 0, 2, (1, 0, 1), -3, (0, 0)): (1, 3)
(4, 0, 2, (1, 0, 1), -2, (0, 0)): (1, 9)
(4, 0, 2, (1, 0, 1), -2, (0, 1)): (0, 1)
(4, 0, 2, (1, 0, 1), -2, (1, 1)): (0, 1)
(4, 0, 2, (1, 0, 1), -2, (1, 2)): (0, 1)
(4, 0, 2, (1, 0, 1), -1, (0, 0)): (4, 11)
(4, 0, 2, (1, 0, 1), 0, (0, 0)): (5, 10)
(4, 0, 2, (1, 0, 1), 1, (0, 0)): (7, 11)
(4, 0, 2, (1, 0, 1), 2, (0, 0)): (7, 10)
(4, 0, 2, (1, 0, 1), 3, (0, 0)): (4, 5)
(4, 0, 2, (1, 0, 1), 4, (0, 0)): (2, 3)
(4, 0, 2, (1, 0, 1), 5, (0, 0)): (4, 4)
(4, 0, 2, (1, 0, 1), 6, (0, 0)): (3, 3)
(4, 0, 2, (1, 0, 1), 7, (0, 0)): (2, 2)
(4, 0, 2, (1, 0, 1), 8, (0, 0)): (1, 1)
(4, 0, 2, (1, 1, 0), -6, (0, 0)): (0, 2)
(4, 0, 2, (1, 1, 0), -5, (0, 0)): (0, 2)
(4, 0, 2, (1, 1, 0), -4, (0, 0)): (1, 6)
(4, 0, 2, (1, 1, 0), -3, (0, 0)): (1, 8)
(4, 0, 2, (1, 1, 0), -3, (1, 0)): (0, 1)
(4, 0, 2, (1, 1, 0), -2, (0, 0)): (4, 16)
(4, 0, 2, (1, 1, 0), -1, (0, 0)): (4, 15)
(4, 0, 2, (1, 1, 0), 0, (0, 0)): (12, 26)
(4, 0, 2, (1, 1, 0), 1, (0, 0)): (17, 30)
(4, 0, 2, (1, 1, 0), 2, (0, 0)): (17, 20)
(4, 0, 2, (1, 1, 0), 3, (0, 0)): (11, 12)
(4, 0, 2, (1, 1, 0), 4, (0, 0)): (10, 10)
(4, 0, 2, (1, 1, 0), 5, (0, 0)): (7, 7)
(4, 0, 2, (1, 1, 0), 6, (0, 0)): (4, 4)
(4, 0, 2, (1, 1, 0), 7, (0, 0)): (4, 4)
(4, 0, 2, (1, 1, 0), 8, (0, 0)): (1, 1)
(4, 0, 2, (1, 1, 1), -4, (0, 0)): (1, 1)
(4, 0, 2, (1, 1, 1), -3, (0, 0)): (1, 2)
(4, 0, 2, (1, 1, 1), -2, (0, 0)): (1, 6)
(4, 0, 2, (1, 1, 1), -1, (0, 0)): (2, 6)
(4, 0, 2, (1, 1, 1), 0, (0, 0)): (5, 9)
(4, 0, 2, (1, 1, 1), 1, (0, 0)): (6, 11)
(4, 0, 2, (1, 1, 1), 2, (0, 0)): (10, 11)
(4, 0, 2, (1, 1, 1), 3, (0, 0)): (6, 7)
(4, 0, 2, (1, 1, 1), 4, (0, 0)): (5, 6)
(4, 0, 2, (1, 1, 1), 5, (0, 0)): (1, 2)
(4, 0, 2, (1, 1, 1), 6, (0, 0)): (1, 1)
(4, 0, 2, (1, 1, 1), 7, (0, 0)): (1, 1)
(4, 0, 2, (1, 1, 1), 8, (0, 0)): (3, 3)
(4, 1, 0, (0, 0, 0), -12, (0, 0)): (0, 1)
(4, 1, 0, (0, 0, 0), -11, (0, 0)): (0, 1)
(4, 1, 0, (0, 0, 0), -10, (0, 0)): (0, 2)
(4, 1, 0, (0, 0, 0), -9, (0, 0)): (0, 5)
(4, 1, 0, (0, 0, 0), -8, (0, 0)): (0, 8)
(4, 1, 0, (0, 0, 0), -7, (0, 0)): (1, 14)
(4, 1, 0, (0, 0, 0), -6, (0, 0)): (0, 14)
(4, 1, 0, (0, 0, 0), -5, (0, 0)): (5, 32)
(4, 1, 0, (0, 0, 0), -4, (0, 0)): (10, 57)
(4, 1, 0, (0, 0, 0), -3, (0, 0)): (21, 85)
(4, 1, 0, (0, 0, 0), -2, (0, 0)): (36, 126)
(4, 1, 0, (0, 0, 0), -1, (0, 0)): (74, 165)
(4, 1, 0, (0, 0, 0), -1, (1, 0)): (0, 1)
(4, 1, 0, (0, 0, 0), 0, (0, 0)): (124, 217)
(4, 1, 0, (0, 0, 0), 1, (0, 0)): (107, 143)
(4, 1, 0, (0, 0, 0), 1, (1, 0)): (0, 1)
(4, 1, 0, (0, 0, 0), 1, (2, 0)): (0, 1)
(4, 1, 0, (0, 0, 0), 1, (2, 1)): (0, 1)
(4, 1, 0, (0, 0, 0), 1, (2, 2)): (0, 1)
(4, 1, 0, (0, 0, 0), 1, (3, 2)): (0, 1)
(4, 1, 0, (0, 0, 0), 2, (0, 0)): (88, 108)
(4, 1, 0, (0, 0, 0), 2, (1, 0)): (1, 1)
(4, 1, 0, (0, 0, 0), 2, (2, 0)): (1, 1)
(4, 1, 0, (0, 0, 0), 2, (2, 1)): (1, 1)
(4, 1, 0, (0, 0, 0), 3, (0, 0)): (70, 77)
(4, 1, 0, (0, 0, 0), 4, (0, 0)): (41, 46)
(4, 1, 0, (0, 0, 0), 5, (0, 0)): (25, 26)
(4, 1, 0, (0, 0, 0), 6, (0, 0)): (5, 6)
(4, 1, 0, (0, 0, 0), 7, (0, 0)): (8, 8)
(4, 1, 0, (0, 0, 0), 8, (0, 0)): (1, 1)
(4, 1, 0, (0, 0, 0), 9, (0, 0)): (2, 2)
(4, 1, 0, (0, 0, 0), 11, (0, 0)): (2, 2)
(4, 1, 0, (0, 0, 0), 12, (0, 0)): (1, 1)
(4, 1, 0, (0, 0, 1), -4, (0, 0)): (0, 1)
(4, 1, 0, (0, 0, 1), -2, (0, 0)): (3, 6)
(4, 1, 0, (0, 0, 1), -1, (0, 0)): (2, 2)
(4, 1, 0, (0, 0, 1), 0, (0, 0)): (4, 4)
(4, 1, 0, (0, 0, 1), 1, (0, 0)): (6, 7)
(4, 1, 0, (0, 0, 1), 2, (0, 0)): (2, 2)
(4, 1, 0, (0, 0, 1), 3, (0, 0)): (4, 4)
(4, 1, 0, (0, 1, 0), -6, (0, 0)): (1, 1)
(4, 1, 0, (0, 1, 0), -5, (0, 0)): (0, 1)
(4, 1, 0, (0, 1, 0), -3, (0, 0)): (0, 3)
(4, 1, 0, (0, 1, 0), -2, (0, 0)): (4, 6)
(4, 1, 0, (0, 1, 0), -1, (0, 0)): (5, 13)
(4, 1, 0, (0, 1, 0), 0, (0, 0)): (13, 14)
(4, 1, 0, (0, 1, 0), 1, (0, 0)): (3, 5)
(4, 1, 0, (0, 1, 0), 2, (0, 0)): (4, 4)
(4, 1, 0, (0, 1, 0), 3, (0, 0)): (6, 6)
(4, 1, 0, (0, 1, 0), 4, (0, 0)): (5, 5)
(4, 1, 0, (0, 1, 0), 5, (0, 0)): (3, 3)
(4, 1, 0, (0, 1, 0), 6, (0, 0)): (1, 1)
(4, 1, 0, (0, 1, 0), 9, (0, 0)): (1, 1)
(4, 1, 0, (0, 1, 0), 10, (0, 0)): (1, 1)
(4, 1, 0, (0, 1, 0), 11, (0, 0)): (1, 1)
(4, 1, 0, (0, 1, 1), -9, (0, 0)): (0, 1)
(4, 1, 0, (0, 1, 1), -5, (0, 0)): (0, 3)
(4, 1, 0, (0, 1, 1), -4, (0, 0)): (0, 1)
(4, 1, 0, (0, 1, 1), -3, (0, 0)): (0, 2)
(4, 1, 0, (0, 1, 1), -1, (0, 0)): (4, 7)
(4, 1, 0, (0, 1, 1), 0, (0, 0)): (1, 3)
(4, 1, 0, (0, 1, 1), 1, (0, 0)): (5, 6)
(4, 1, 0, (0, 1, 1), 2, (0, 0)): (1, 1)
(4, 1, 0, (0, 1, 1), 5, (0, 0)): (1, 1)
(4, 1, 0, (0, 1, 1), 6, (0, 0)): (2, 2)
(4, 1, 0, (1, 0, 0), -11, (0, 0)): (0, 1)
(4, 1, 0, (1, 0, 0), -9, (0, 0)): (0, 4)
(4, 1, 0, (1, 0, 0), -8, (0, 0)): (0, 3)
(4, 1, 0, (1, 0, 0), -7, (0, 0)): (1, 6)
(4, 1, 0, (1, 0, 0), -6, (0, 0)): (0, 3)
(4, 1, 0, (1, 0, 0), -5, (0, 0)): (2, 13)
(4, 1, 0, (1, 0, 0), -4, (0, 0)): (2, 18)
(4, 1, 0, (1, 0, 0), -3, (0, 0)): (8, 31)
(4, 1, 0, (1, 0, 0), -2, (0, 0)): (10, 35)
(4, 1, 0, (1, 0, 0), -1, (0, 0)): (24, 53)
(4, 1, 0, (1, 0, 0), 0, (0, 0)): (36, 64)
(4, 1, 0, (1, 0, 0), 1, (0, 0)): (37, 43)
(4, 1, 0, (1, 0, 0), 2, (0, 0)): (37, 42)
(4, 1, 0, (1, 0, 0), 3, (0, 0)): (16, 18)
(4, 1, 0, (1, 0, 0), 4, (0, 0)): (15, 16)
(4, 1, 0, (1, 0, 0), 5, (0, 0)): (7, 7)
(4, 1, 0, (1, 0, 0), 6, (0, 0)): (2, 3)
(4, 1, 0, (1, 0, 0), 7, (0, 0)): (2, 2)
(4, 1, 0, (1, 0, 0), 12, (0, 0)): (1, 1)
(4, 1, 0, (1, 0, 1), -3, (0, 0)): (3, 5)
(4, 1, 0, (1, 0, 1), -2, (0, 0)): (1, 3)
(4, 1, 0, (1, 0, 1), -1, (0, 0)): (2, 2)
(4, 1, 0, (1, 0, 1), 0, (0, 0)): (6, 6)
(4, 1, 0, (1, 0, 1), 1, (0, 0)): (8, 8)
(4, 1, 0, (1, 0, 1), 2, (0, 0)): (8, 8)
(4, 1, 0, (1, 0, 1), 3, (0, 0)): (3, 3)
(4, 1, 0, (1, 0, 1), 5, (0, 0)): (2, 2)
(4, 1, 0, (1, 1, 0), -11, (0, 0)): (0, 1)
(4, 1, 0, (1, 1, 0), -9, (0, 0)): (0, 1)
(4, 1, 0, (1, 1, 0), -8, (0, 0)): (0, 1)
(4, 1, 0, (1, 1, 0), -7, (0, 0)): (0, 2)
(4, 1, 0, (1, 1, 0), -6, (0, 0)): (0, 1)
(4, 1, 0, (1, 1, 0), -5, (0, 0)): (0, 2)
(4, 1, 0, (1, 1, 0), -4, (0, 0)): (1, 9)
(4, 1, 0, (1, 1, 0), -3, (0, 0)): (4, 7)
(4, 1, 0, (1, 1, 0), -2, (0, 0)): (3, 7)
(4, 1, 0, (1, 1, 0), -1, (0, 0)): (5, 13)
(4, 1, 0, (1, 1, 0), 0, (0, 0)): (7, 11)
(4, 1, 0, (1, 1, 0), 1, (0, 0)): (9, 9)
(4, 1, 0, (1, 1, 0), 2, (0, 0)): (6, 6)
(4, 1, 0, (1, 1, 0), 3, (0, 0)): (6, 6)
(4, 1, 0, (1, 1, 0), 4, (0, 0)): (3, 4)
(4, 1, 0, (1, 1, 0), 5, (0, 0)): (1, 1)
(4, 1, 0, (1, 1, 0), 6, (0, 0)): (1, 1)
(4, 1, 0, (1, 1, 1), -6, (0, 0)): (0, 1)
(4, 1, 0, (1, 1, 1), -5, (0, 0)): (0, 1)
(4, 1, 0, (1, 1, 1), -4, (0, 0)): (0, 2)
(4, 1, 0, (1, 1, 1), -3, (0, 0)): (3, 3)
(4, 1, 0, (1, 1, 1), -2, (0, 0)): (1, 1)
(4, 1, 0, (1, 1, 1), -1, (0, 0)): (4, 6)
(4, 1, 0, (1, 1, 1), 0, (0, 0)): (2, 3)
(4, 1, 0, (1, 1, 1), 1, (0, 0)): (5, 5)
(4, 1, 0, (1, 1, 1), 2, (0, 0)): (4, 4)
(4, 1, 0, (1, 1, 1), 3, (0, 0)): (4, 4)
(4, 1, 0, (1, 1, 1), 6, (0, 0)): (1, 1)
(4, 1, 1, (0, 0, 0), -12, (0, 0)): (0, 1)
(4, 1, 1, (0, 0, 0), -10, (0, 0)): (0, 2)
(4, 1, 1, (0, 0, 0), -9, (0, 0)): (0, 1)
(4, 1, 1, (0, 0, 0), -8, (0, 0)): (0, 5)
(4, 1, 1, (0, 0, 0), -7, (0, 0)): (0, 8)
(4, 1, 1, (0, 0, 0), -6, (0, 0)): (0, 15)
(4, 1, 1, (0, 0, 0), -5, (0, 0)): (4, 21)
(4, 1, 1, (0, 0, 0), -4, (0, 0)): (9, 39)
(4, 1, 1, (0, 0, 0), -3, (0, 0)): (12, 49)
(4, 1, 1, (0, 0, 0), -2, (0, 0)): (20, 82)
(4, 1, 1, (0, 0, 0), -1, (0, 0)): (41, 96)
(4, 1, 1, (0, 0, 0), -1, (0, 1)): (0, 1)
(4, 1, 1, (0, 0, 0), -1, (0, 2)): (0, 1)
(4, 1, 1, (0, 0, 0), 0, (0, 0)): (80, 149)
(4, 1, 1, (0, 0, 0), 0, (0, 1)): (1, 1)
(4, 1, 1, (0, 0, 0), 0, (0, 2)): (1, 1)
(4, 1, 1, (0, 0, 0), 1, (0, 0)): (71, 102)
(4, 1, 1, (0, 0, 0), 2, (0, 0)): (51, 69)
(4, 1, 1, (0, 0, 0), 2, (1, 0)): (1, 1)
(4, 1, 1, (0, 0, 0), 3, (0, 0)): (53, 58)
(4, 1, 1, (0, 0, 0), 4, (0, 0)): (29, 33)
(4, 1, 1, (0, 0, 0), 5, (0, 0)): (17, 17)
(4, 1, 1, (0, 0, 0), 6, (0, 0)): (4, 4)
(4, 1, 1, (0, 0, 0), 7, (0, 0)): (8, 8)
(4, 1, 1, (0, 0, 0), 8, (0, 0)): (1, 1)
(4, 1, 1, (0, 0, 0), 9, (0, 0)): (1, 1)
(4, 1, 1, (0, 0, 0), 11, (0, 0)): (1, 1)
(4, 1, 1, (0, 0, 1), -4, (0, 0)): (0, 3)
(4, 1, 1, (0, 0, 1), -2, (0, 0)): (4, 5)
(4, 1, 1, (0, 0, 1), -1, (0, 0)): (2, 7)
(4, 1, 1, (0, 0, 1), 0, (0, 0)): (6, 7)
(4, 1, 1, (0, 0, 1), 1, (0, 0)): (4, 6)
(4, 1, 1, (0, 0, 1), 2, (0, 0)): (6, 6)
(4, 1, 1, (0, 0, 1), 3, (0, 0)): (3, 4)
(4, 1, 1, (0, 0, 1), 4, (0, 0)): (2, 2)
(4, 1, 1, (0, 0, 1), 5, (0, 0)): (2, 2)
(4, 1, 1, (0, 1, 0), -12, (0, 0)): (0, 1)
(4, 1, 1, (0, 1, 0), -11, (0, 0)): (0, 1)
(4, 1, 1, (0, 1, 0), -8, (0, 0)): (0, 1)
(4, 1, 1, (0, 1, 0), -5, (0, 0)): (0, 4)
(4, 1, 1, (0, 1, 0), -4, (0, 0)): (2, 9)
(4, 1, 1, (0, 1, 0), -3, (0, 0)): (2, 15)
(4, 1, 1, (0, 1, 0), -2, (0, 0)): (3, 12)
(4, 1, 1, (0, 1, 0), -1, (0, 0)): (9, 22)
(4, 1, 1, (0, 1, 0), 0, (0, 0)): (21, 35)
(4, 1, 1, (0, 1, 0), 1, (0, 0)): (13, 23)
(4, 1, 1, (0, 1, 0), 2, (0, 0)): (19, 23)
(4, 1, 1, (0, 1, 0), 3, (0, 0)): (18, 19)
(4, 1, 1, (0, 1, 0), 4, (0, 0)): (12, 12)
(4, 1, 1, (0, 1, 0), 5, (0, 0)): (6, 6)
(4, 1, 1, (0, 1, 0), 6, (0, 0)): (2, 3)
(4, 1, 1, (0, 1, 0), 7, (0, 0)): (1, 1)
(4, 1, 1, (0, 1, 0), 10, (0, 0)): (1, 1)
(4, 1, 1, (0, 1, 0), 11, (0, 0)): (1, 1)
(4, 1, 1, (0, 1, 1), -6, (0, 0)): (0, 1)
(4, 1, 1, (0, 1, 1), -5, (0, 0)): (1, 3)
(4, 1, 1, (0, 1, 1), -3, (0, 0)): (1, 3)
(4, 1, 1, (0, 1, 1), -2, (0, 0)): (2, 5)
(4, 1, 1, (0, 1, 1), -1, (0, 0)): (4, 10)
(4, 1, 1, (0, 1, 1), 0, (0, 0)): (5, 8)
(4, 1, 1, (0, 1, 1), 1, (0, 0)): (6, 7)
(4, 1, 1, (0, 1, 1), 2, (0, 0)): (4, 6)
(4, 1, 1, (0, 1, 1), 3, (0, 0)): (3, 3)
(4, 1, 1, (0, 1, 1), 4, (0, 0)): (6, 7)
(4, 1, 1, (0, 1, 1), 5, (0, 0)): (4, 4)
(4, 1, 1, (0, 1, 1), 6, (0, 0)): (1, 1)
(4, 1, 1, (0, 1, 1), 7, (0, 0)): (1, 1)
(4, 1, 1, (1, 0, 0), -9, (0, 0)): (0, 2)
(4, 1, 1, (1, 0, 0), -8, (0, 0)): (0, 5)
(4, 1, 1, (1, 0, 0), -7, (0, 0)): (0, 6)
(4, 1, 1, (1, 0, 0), -6, (0, 0)): (0, 6)
(4, 1, 1, (1, 0, 0), -5, (0, 0)): (5, 13)
(4, 1, 1, (1, 0, 0), -4, (0, 0)): (3, 14)
(4, 1, 1, (1, 0, 0), -3, (0, 0)): (4, 27)
(4, 1, 1, (1, 0, 0), -2, (0, 0)): (12, 50)
(4, 1, 1, (1, 0, 0), -1, (0, 0)): (23, 43)
(4, 1, 1, (1, 0, 0), 0, (0, 0)): (35, 55)
(4, 1, 1, (1, 0, 0), 1, (0, 0)): (47, 59)
(4, 1, 1, (1, 0, 0), 1, (1, 0)): (0, 1)
(4, 1, 1, (1, 0, 0), 1, (1, 1)): (0, 1)
(4, 1, 1, (1, 0, 0), 1, (1, 2)): (0, 1)
(4, 1, 1, (1, 0, 0), 1, (2, 2)): (0, 1)
(4, 1, 1, (1, 0, 0), 1, (3, 2)): (0, 1)
(4, 1, 1, (1, 0, 0), 2, (0, 0)): (28, 38)
(4, 1, 1, (1, 0, 0), 3, (0, 0)): (22, 24)
(4, 1, 1, (1, 0, 0), 4, (0, 0)): (18, 18)
(4, 1, 1, (1, 0, 0), 5, (0, 0)): (11, 11)
(4, 1, 1, (1, 0, 0), 6, (0, 0)): (8, 8)
(4, 1, 1, (1, 0, 0), 7, (0, 0)): (4, 4)
(4, 1, 1, (1, 0, 0), 8, (0, 0)): (1, 1)
(4, 1, 1, (1, 0, 0), 11, (0, 0)): (1, 1)
(4, 1, 1, (1, 0, 1), -11, (0, 0)): (0, 1)
(4, 1, 1, (1, 0, 1), -7, (0, 0)): (0, 1)
(4, 1, 1, (1, 0, 1), -4, (0, 0)): (0, 3)
(4, 1, 1, (1, 0, 1), -3, (0, 0)): (1, 2)
(4, 1, 1, (1, 0, 1), -2, (0, 0)): (4, 12)
(4, 1, 1, (1, 0, 1), -1, (0, 0)): (1, 6)
(4, 1, 1, (1, 0, 1), 0, (0, 0)): (9, 11)
(4, 1, 1, (1, 0, 1), 1, (0, 0)): (11, 15)
(4, 1, 1, (1, 0, 1), 2, (0, 0)): (8, 9)
(4, 1, 1, (1, 0, 1), 3, (0, 0)): (3, 4)
(4, 1, 1, (1, 0, 1), 4, (0, 0)): (3, 3)
(4, 1, 1, (1, 0, 1), 5, (0, 0)): (2, 2)
(4, 1, 1, (1, 0, 1), 6, (0, 0)): (1, 1)
(4, 1, 1, (1, 0, 1), 7, (0, 0)): (1, 1)
(4, 1, 1, (1, 0, 1), 8, (0, 0)): (1, 1)
(4, 1, 1, (1, 1, 0), -9, (0, 0)): (0, 1)
(4, 1, 1, (1, 1, 0), -8, (0, 0)): (0, 2)
(4, 1, 1, (1, 1, 0), -7, (0, 0)): (0, 4)
(4, 1, 1, (1, 1, 0), -6, (0, 0)): (0, 4)
(4, 1, 1, (1, 1, 0), -5, (0, 0)): (1, 4)
(4, 1, 1, (1, 1, 0), -4, (0, 0)): (1, 7)
(4, 1, 1, (1, 1, 0), -3, (0, 0)): (1, 10)
(4, 1, 1, (1, 1, 0), -2, (0, 0)): (3, 14)
(4, 1, 1, (1, 1, 0), -1, (0, 0)): (6, 14)
(4, 1, 1, (1, 1, 0), 0, (0, 0)): (16, 28)
(4, 1, 1, (1, 1, 0), 1, (0, 0)): (15, 16)
(4, 1, 1, (1, 1, 0), 2, (0, 0)): (15, 19)
(4, 1, 1, (1, 1, 0), 3, (0, 0)): (14, 15)
(4, 1, 1, (1, 1, 0), 4, (0, 0)): (10, 10)
(4, 1, 1, (1, 1, 0), 5, (0, 0)): (7, 7)
(4, 1, 1, (1, 1, 0), 6, (0, 0)): (4, 4)
(4, 1, 1, (1, 1, 0), 7, (0, 0)): (1, 1)
(4, 1, 1, (1, 1, 1), -11, (0, 0)): (0, 1)
(4, 1, 1, (1, 1, 1), -7, (0, 0)): (0, 1)
(4, 1, 1, (1, 1, 1), -5, (0, 0)): (1, 1)
(4, 1, 1, (1, 1, 1), -4, (0, 0)): (0, 2)
(4, 1, 1, (1, 1, 1), -3, (0, 0)): (2, 5)
(4, 1, 1, (1, 1, 1), -2, (0, 0)): (1, 7)
(4, 1, 1, (1, 1, 1), -1, (0, 0)): (2, 4)
(4, 1, 1, (1, 1, 1), 0, (0, 0)): (4, 7)
(4, 1, 1, (1, 1, 1), 1, (0, 0)): (8, 10)
(4, 1, 1, (1, 1, 1), 2, (0, 0)): (5, 6)
(4, 1, 1, (1, 1, 1), 3, (0, 0)): (7, 7)
(4, 1, 1, (1, 1, 1), 4, (0, 0)): (5, 5)
(4, 1, 1, (1, 1, 1), 5, (0, 0)): (4, 4)
(4, 1, 1, (1, 1, 1), 6, (0, 0)): (2, 2)
(4, 1, 1, (1, 1, 1), 7, (0, 0)): (2, 2)
(4, 1, 2, (0, 0, 0), -10, (0, 0)): (0, 2)
(4, 1, 2, (0, 0, 0), -9, (0, 0)): (0, 1)
(4, 1, 2, (0, 0, 0), -8, (0, 0)): (0, 2)
(4, 1, 2, (0, 0, 0), -7, (0, 0)): (0, 3)
(4, 1, 2, (0, 0, 0), -6, (0, 0)): (0, 10)
(4, 1, 2, (0, 0, 0), -5, (0, 0)): (0, 12)
(4, 1, 2, (0, 0, 0), -4, (0, 0)): (5, 26)
(4, 1, 2, (0, 0, 0), -3, (0, 0)): (7, 35)
(4, 1, 2, (0, 0, 0), -2, (0, 0)): (14, 53)
(4, 1, 2, (0, 0, 0), -1, (0, 0)): (26, 74)
(4, 1, 2, (0, 0, 0), -1, (1, 0)): (0, 1)
(4, 1, 2, (0, 0, 0), -1, (2, 0)): (0, 1)
(4, 1, 2, (0, 0, 0), 0, (0, 0)): (60, 116)
(4, 1, 2, (0, 0, 0), 0, (0, 1)): (1, 1)
(4, 1, 2, (0, 0, 0), 0, (0, 2)): (1, 1)
(4, 1, 2, (0, 0, 0), 0, (1, 2)): (1, 1)
(4, 1, 2, (0, 0, 0), 0, (2, 2)): (1, 1)
(4, 1, 2, (0, 0, 0), 0, (3, 2)): (1, 1)
(4, 1, 2, (0, 0, 0), 1, (0, 0)): (50, 73)
(4, 1, 2, (0, 0, 0), 2, (0, 0)): (40, 54)
(4, 1, 2, (0, 0, 0), 3, (0, 0)): (45, 51)
(4, 1, 2, (0, 0, 0), 4, (0, 0)): (25, 29)
(4, 1, 2, (0, 0, 0), 5, (0, 0)): (14, 14)
(4, 1, 2, (0, 0, 0), 6, (0, 0)): (5, 5)
(4, 1, 2, (0, 0, 0), 7, (0, 0)): (8, 8)
(4, 1, 2, (0, 0, 0), 8, (0, 0)): (1, 1)
(4, 1, 2, (0, 0, 0), 9, (0, 0)): (1, 1)
(4, 1, 2, (0, 0, 0), 10, (0, 0)): (1, 1)
(4, 1, 2, (0, 0, 0), 11, (0, 0)): (1, 1)
(4, 1, 2, (0, 0, 0), 12, (0, 0)): (1, 1)
(4, 1, 2, (0, 0, 1), -5, (0, 0)): (0, 2)
(4, 1, 2, (0, 0, 1), -4, (0, 0)): (0, 3)
(4, 1, 2, (0, 0, 1), -3, (0, 0)): (1, 6)
(4, 1, 2, (0, 0, 1), -2, (0, 0)): (1, 5)
(4, 1, 2, (0, 0, 1), -1, (0, 0)): (1, 11)
(4, 1, 2, (0, 0, 1), 0, (0, 0)): (6, 10)
(4, 1, 2, (0, 0, 1), 1, (0, 0)): (6, 9)
(4, 1, 2, (0, 0, 1), 2, (0, 0)): (3, 6)
(4, 1, 2, (0, 0, 1), 3, (0, 0)): (7, 7)
(4, 1, 2, (0, 0, 1), 4, (0, 0)): (9, 9)
(4, 1, 2, (0, 0, 1), 5, (0, 0)): (1, 1)
(4, 1, 2, (0, 0, 1), 6, (0, 0)): (3, 3)
(4, 1, 2, (0, 0, 1), 10, (0, 0)): (1, 1)
(4, 1, 2, (0, 0, 1), 11, (0, 0)): (2, 2)
(4, 1, 2, (0, 1, 0), -11, (0, 0)): (0, 1)
(4, 1, 2, (0, 1, 0), -9, (0, 0)): (0, 1)
(4, 1, 2, (0, 1, 0), -8, (0, 0)): (0, 2)
(4, 1, 2, (0, 1, 0), -5, (0, 0)): (0, 4)
(4, 1, 2, (0, 1, 0), -4, (0, 0)): (0, 10)
(4, 1, 2, (0, 1, 0), -3, (0, 0)): (4, 20)
(4, 1, 2, (0, 1, 0), -2, (0, 0)): (3, 12)
(4, 1, 2, (0, 1, 0), -1, (0, 0)): (15, 29)
(4, 1, 2, (0, 1, 0), 0, (0, 0)): (16, 29)
(4, 1, 2, (0, 1, 0), 1, (0, 0)): (17, 26)
(4, 1, 2, (0, 1, 0), 2, (0, 0)): (15, 17)
(4, 1, 2, (0, 1, 0), 3, (0, 0)): (18, 20)
(4, 1, 2, (0, 1, 0), 4, (0, 0)): (9, 9)
(4, 1, 2, (0, 1, 0), 5, (0, 0)): (10, 10)
(4, 1, 2, (0, 1, 0), 6, (0, 0)): (2, 3)
(4, 1, 2, (0, 1, 0), 7, (0, 0)): (2, 2)
(4, 1, 2, (0, 1, 0), 8, (0, 0)): (1, 1)
(4, 1, 2, (0, 1, 0), 9, (0, 0)): (2, 2)
(4, 1, 2, (0, 1, 0), 11, (0, 0)): (3, 3)
(4, 1, 2, (0, 1, 1), -9, (0, 0)): (0, 1)
(4, 1, 2, (0, 1, 1), -6, (0, 0)): (0, 1)
(4, 1, 2, (0, 1, 1), -5, (0, 0)): (1, 1)
(4, 1, 2, (0, 1, 1), -4, (0, 0)): (0, 1)
(4, 1, 2, (0, 1, 1), -3, (0, 0)): (0, 4)
(4, 1, 2, (0, 1, 1), -2, (0, 0)): (2, 3)
(4, 1, 2, (0, 1, 1), -1, (0, 0)): (2, 7)
(4, 1, 2, (0, 1, 1), 0, (0, 0)): (5, 13)
(4, 1, 2, (0, 1, 1), 1, (0, 0)): (9, 10)
(4, 1, 2, (0, 1, 1), 2, (0, 0)): (4, 8)
(4, 1, 2, (0, 1, 1), 3, (0, 0)): (4, 4)
(4, 1, 2, (0, 1, 1), 4, (0, 0)): (6, 7)
(4, 1, 2, (0, 1, 1), 5, (0, 0)): (5, 5)
(4, 1, 2, (1, 0, 0), -8, (0, 0)): (0, 2)
(4, 1, 2, (1, 0, 0), -7, (0, 0)): (0, 3)
(4, 1, 2, (1, 0, 0), -6, (0, 0)): (0, 4)
(4, 1, 2, (1, 0, 0), -5, (0, 0)): (2, 8)
(4, 1, 2, (1, 0, 0), -4, (0, 0)): (4, 18)
(4, 1, 2, (1, 0, 0), -3, (0, 0)): (3, 24)
(4, 1, 2, (1, 0, 0), -2, (0, 0)): (17, 46)
(4, 1, 2, (1, 0, 0), -1, (0, 0)): (17, 43)
(4, 1, 2, (1, 0, 0), 0, (0, 0)): (27, 54)
(4, 1, 2, (1, 0, 0), 1, (0, 0)): (39, 50)
(4, 1, 2, (1, 0, 0), 2, (0, 0)): (28, 41)
(4, 1, 2, (1, 0, 0), 3, (0, 0)): (27, 29)
(4, 1, 2, (1, 0, 0), 4, (0, 0)): (18, 19)
(4, 1, 2, (1, 0, 0), 5, (0, 0)): (8, 8)
(4, 1, 2, (1, 0, 0), 6, (0, 0)): (5, 5)
(4, 1, 2, (1, 0, 0), 7, (0, 0)): (7, 7)
(4, 1, 2, (1, 0, 0), 8, (0, 0)): (2, 2)
(4, 1, 2, (1, 0, 0), 9, (0, 0)): (1, 1)
(4, 1, 2, (1, 0, 0), 11, (0, 0)): (1, 1)
(4, 1, 2, (1, 0, 0), 12, (0, 0)): (1, 1)
(4, 1, 2, (1, 0, 1), -7, (0, 0)): (0, 1)
(4, 1, 2, (1, 0, 1), -4, (0, 0)): (0, 3)
(4, 1, 2, (1, 0, 1), -3, (0, 0)): (1, 4)
(4, 1, 2, (1, 0, 1), -2, (0, 0)): (2, 10)
(4, 1, 2, (1, 0, 1), -1, (0, 0)): (5, 14)
(4, 1, 2, (1, 0, 1), 0, (0, 0)): (9, 15)
(4, 1, 2, (1, 0, 1), 1, (0, 0)): (6, 11)
(4, 1, 2, (1, 0, 1), 2, (0, 0)): (7, 9)
(4, 1, 2, (1, 0, 1), 3, (0, 0)): (7, 7)
(4, 1, 2, (1, 0, 1), 4, (0, 0)): (6, 7)
(4, 1, 2, (1, 0, 1), 5, (0, 0)): (3, 3)
(4, 1, 2, (1, 0, 1), 6, (0, 0)): (3, 3)
(4, 1, 2, (1, 0, 1), 7, (0, 0)): (3, 3)
(4, 1, 2, (1, 0, 1), 8, (0, 0)): (3, 3)
(4, 1, 2, (1, 0, 1), 9, (0, 0)): (1, 1)
(4, 1, 2, (1, 1, 0), -9, (0, 0)): (0, 1)
(4, 1, 2, (1, 1, 0), -8, (0, 0)): (0, 3)
(4, 1, 2, (1, 1, 0), -7, (0, 0)): (0, 2)
(4, 1, 2, (1, 1, 0), -6, (0, 0)): (0, 1)
(4, 1, 2, (1, 1, 0), -5, (0, 0)): (1, 2)
(4, 1, 2, (1, 1, 0), -4, (0, 0)): (0, 5)
(4, 1, 2, (1, 1, 0), -3, (0, 0)): (2, 10)
(4, 1, 2, (1, 1, 0), -2, (0, 0)): (9, 28)
(4, 1, 2, (1, 1, 0), -1, (0, 0)): (13, 31)
(4, 1, 2, (1, 1, 0), 0, (0, 0)): (27, 38)
(4, 1, 2, (1, 1, 0), 1, (0, 0)): (16, 17)
(4, 1, 2, (1, 1, 0), 2, (0, 0)): (16, 22)
(4, 1, 2, (1, 1, 0), 3, (0, 0)): (17, 21)
(4, 1, 2, (1, 1, 0), 4, (0, 0)): (12, 12)
(4, 1, 2, (1, 1, 0), 5, (0, 0)): (10, 10)
(4, 1, 2, (1, 1, 0), 6, (0, 0)): (5, 5)
(4, 1, 2, (1, 1, 0), 7, (0, 0)): (2, 2)
(4, 1, 2, (1, 1, 0), 8, (0, 0)): (1, 1)
(4, 1, 2, (1, 1, 0), 9, (0, 0)): (2, 2)
(4, 1, 2, (1, 1, 1), -11, (0, 0)): (0, 1)
(4, 1, 2, (1, 1, 1), -7, (0, 0)): (0, 2)
(4, 1, 2, (1, 1, 1), -5, (0, 0)): (1, 1)
(4, 1, 2, (1, 1, 1), -4, (0, 0)): (0, 1)
(4, 1, 2, (1, 1, 1), -3, (0, 0)): (0, 4)
(4, 1, 2, (1, 1, 1), -2, (0, 0)): (3, 8)
(4, 1, 2, (1, 1, 1), -1, (0, 0)): (3, 10)
(4, 1, 2, (1, 1, 1), 0, (0, 0)): (10, 14)
(4, 1, 2, (1, 1, 1), 1, (0, 0)): (11, 15)
(4, 1, 2, (1, 1, 1), 2, (0, 0)): (5, 7)
(4, 1, 2, (1, 1, 1), 3, (0, 0)): (5, 6)
(4, 1, 2, (1, 1, 1), 4, (0, 0)): (4, 4)
(4, 1, 2, (1, 1, 1), 5, (0, 0)): (5, 5)
(4, 1, 2, (1, 1, 1), 6, (0, 0)): (3, 3)
(4, 1, 2, (1, 1, 1), 7, (0, 0)): (3, 3)
(4, 1, 2, (1, 1, 1), 8, (0, 0)): (1, 1)
(5, 0, 0, (0, 0, 0), -12, (0, 0)): (0, 2)
(5, 0, 0, (0, 0, 0), -11, (0, 0)): (0, 3)
(5, 0, 0, (0, 0, 0), -10, (0, 0)): (0, 2)
(5, 0, 0, (0, 0, 0), -9, (0, 0)): (0, 3)
(5, 0, 0, (0, 0, 0), -8, (0, 0)): (0, 3)
(5, 0, 0, (0, 0, 0), -7, (0, 0)): (0, 18)
(5, 0, 0, (0, 0, 0), -6, (0, 0)): (1, 20)
(5, 0, 0, (0, 0, 0), -5, (0, 0)): (0, 35)
(5, 0, 0, (0, 0, 0), -4, (0, 0)): (5, 62)
(5, 0, 0, (0, 0, 0), -3, (0, 0)): (11, 99)
(5, 0, 0, (0, 0, 0), -2, (0, 0)): (36, 117)
(5, 0, 0, (0, 0, 0), -1, (0, 0)): (44, 148)
(5, 0, 0, (0, 0, 0), 0, (0, 0)): (95, 190)
(5, 0, 0, (0, 0, 0), 0, (1, 0)): (0, 1)
(5, 0, 0, (0, 0, 0), 0, (1, 1)): (0, 1)
(5, 0, 0, (0, 0, 0), 0, (1, 2)): (0, 1)
(5, 0, 0, (0, 0, 0), 1, (0, 0)): (95, 138)
(5, 0, 0, (0, 0, 0), 2, (0, 0)): (75, 102)
(5, 0, 0, (0, 0, 0), 3, (0, 0)): (63, 70)
(5, 0, 0, (0, 0, 0), 4, (0, 0)): (40, 48)
(5, 0, 0, (0, 0, 0), 5, (0, 0)): (20, 23)
(5, 0, 0, (0, 0, 0), 6, (0, 0)): (16, 16)
(5, 0, 0, (0, 0, 0), 7, (0, 0)): (11, 11)
(5, 0, 0, (0, 0, 0), 8, (0, 0)): (5, 5)
(5, 0, 0, (0, 0, 0), 9, (0, 0)): (4, 4)
(5, 0, 0, (0, 0, 0), 10, (0, 0)): (2, 2)
(5, 0, 0, (0, 0, 0), 11, (0, 0)): (1, 1)
(5, 0, 0, (0, 0, 1), -7, (0, 0)): (0, 1)
(5, 0, 0, (0, 0, 1), -4, (0, 0)): (0, 1)
(5, 0, 0, (0, 0, 1), -3, (0, 0)): (1, 4)
(5, 0, 0, (0, 0, 1), -2, (0, 0)): (1, 2)
(5, 0, 0, (0, 0, 1), -1, (0, 0)): (2, 3)
(5, 0, 0, (0, 0, 1), 0, (0, 0)): (0, 1)
(5, 0, 0, (0, 0, 1), 1, (0, 0)): (2, 3)
(5, 0, 0, (0, 0, 1), 2, (0, 0)): (4, 5)
(5, 0, 0, (0, 0, 1), 3, (0, 0)): (4, 5)
(5, 0, 0, (0, 0, 1), 4, (0, 0)): (3, 3)
(5, 0, 0, (0, 0, 1), 5, (0, 0)): (2, 2)
(5, 0, 0, (0, 1, 0), -6, (0, 0)): (0, 2)
(5, 0, 0, (0, 1, 0), -5, (0, 0)): (0, 2)
(5, 0, 0, (0, 1, 0), -4, (0, 0)): (2, 5)
(5, 0, 0, (0, 1, 0), -3, (0, 0)): (1, 4)
(5, 0, 0, (0, 1, 0), -2, (0, 0)): (3, 8)
(5, 0, 0, (0, 1, 0), -1, (0, 0)): (5, 12)
(5, 0, 0, (0, 1, 0), 0, (0, 0)): (8, 12)
(5, 0, 0, (0, 1, 0), 0, (0, 1)): (0, 1)
(5, 0, 0, (0, 1, 0), 0, (0, 2)): (0, 1)
(5, 0, 0, (0, 1, 0), 1, (0, 0)): (11, 15)
(5, 0, 0, (0, 1, 0), 2, (0, 0)): (3, 4)
(5, 0, 0, (0, 1, 0), 3, (0, 0)): (1, 1)
(5, 0, 0, (0, 1, 0), 4, (0, 0)): (2, 2)
(5, 0, 0, (0, 1, 0), 5, (0, 0)): (3, 3)
(5, 0, 0, (0, 1, 0), 6, (0, 0)): (1, 1)
(5, 0, 0, (0, 1, 0), 7, (0, 0)): (1, 1)
(5, 0, 0, (0, 1, 0), 11, (0, 0)): (1, 1)
(5, 0, 0, (0, 1, 1), -4, (0, 0)): (1, 2)
(5, 0, 0, (0, 1, 1), -3, (0, 0)): (2, 4)
(5, 0, 0, (0, 1, 1), -2, (0, 0)): (0, 3)
(5, 0, 0, (0, 1, 1), -1, (0, 0)): (0, 2)
(5, 0, 0, (0, 1, 1), 0, (0, 0)): (2, 2)
(5, 0, 0, (0, 1, 1), 1, (0, 0)): (3, 4)
(5, 0, 0, (0, 1, 1), 2, (0, 0)): (1, 1)
(5, 0, 0, (0, 1, 1), 3, (0, 0)): (5, 5)
(5, 0, 0, (0, 1, 1), 4, (0, 0)): (1, 1)
(5, 0, 0, (1, 0, 0), -11, (0, 0)): (0, 2)
(5, 0, 0, (1, 0, 0), -10, (0, 0)): (0, 1)
(5, 0, 0, (1, 0, 0), -8, (0, 0)): (0, 2)
(5, 0, 0, (1, 0, 0), -7, (0, 0)): (0, 3)
(5, 0, 0, (1, 0, 0), -6, (0, 0)): (1, 8)
(5, 0, 0, (1, 0, 0), -5, (0, 0)): (0, 7)
(5, 0, 0, (1, 0, 0), -4, (0, 0)): (2, 22)
(5, 0, 0, (1, 0, 0), -3, (0, 0)): (7, 33)
(5, 0, 0, (1, 0, 0), -2, (0, 0)): (10, 42)
(5, 0, 0, (1, 0, 0), -1, (0, 0)): (17, 41)
(5, 0, 0, (1, 0, 0), 0, (0, 0)): (43, 62)
(5, 0, 0, (1, 0, 0), 1, (0, 0)): (27, 36)
(5, 0, 0, (1, 0, 0), 2, (0, 0)): (20, 26)
(5, 0, 0, (1, 0, 0), 3, (0, 0)): (21, 23)
(5, 0, 0, (1, 0, 0), 4, (0, 0)): (22, 23)
(5, 0, 0, (1, 0, 0), 5, (0, 0)): (6, 7)
(5, 0, 0, (1, 0, 0), 6, (0, 0)): (6, 6)
(5, 0, 0, (1, 0, 0), 7, (0, 0)): (3, 3)
(5, 0, 0, (1, 0, 0), 8, (0, 0)): (2, 2)
(5, 0, 0, (1, 0, 0), 10, (0, 0)): (1, 1)
(5, 0, 0, (1, 0, 1), -11, (0, 0)): (0, 1)
(5, 0, 0, (1, 0, 1), -4, (0, 0)): (0, 1)
(5, 0, 0, (1, 0, 1), -2, (0, 0)): (2, 3)
(5, 0, 0, (1, 0, 1), -1, (0, 0)): (2, 5)
(5, 0, 0, (1, 0, 1), 0, (0, 0)): (4, 5)
(5, 0, 0, (1, 0, 1), 1, (0, 0)): (3, 4)
(5, 0, 0, (1, 0, 1), 2, (0, 0)): (5, 5)
(5, 0, 0, (1, 0, 1), 3, (0, 0)): (2, 2)
(5, 0, 0, (1, 0, 1), 4, (0, 0)): (4, 4)
(5, 0, 0, (1, 1, 0), -6, (0, 0)): (0, 2)
(5, 0, 0, (1, 1, 0), -5, (0, 0)): (0, 2)
(5, 0, 0, (1, 1, 0), -4, (0, 0)): (0, 10)
(5, 0, 0, (1, 1, 0), -3, (0, 0)): (2, 10)
(5, 0, 0, (1, 1, 0), -2, (0, 0)): (5, 16)
(5, 0, 0, (1, 1, 0), -1, (0, 0)): (5, 6)
(5, 0, 0, (1, 1, 0), 0, (0, 0)): (10, 11)
(5, 0, 0, (1, 1, 0), 1, (0, 0)): (6, 7)
(5, 0, 0, (1, 1, 0), 2, (0, 0)): (2, 5)
(5, 0, 0, (1, 1, 0), 3, (0, 0)): (5, 5)
(5, 0, 0, (1, 1, 0), 4, (0, 0)): (1, 1)
(5, 0, 0, (1, 1, 0), 5, (0, 0)): (6, 7)
(5, 0, 0, (1, 1, 0), 6, (0, 0)): (1, 1)
(5, 0, 0, (1, 1, 0), 7, (0, 0)): (3, 3)
(5, 0, 0, (1, 1, 0), 8, (0, 0)): (2, 2)
(5, 0, 0, (1, 1, 1), -4, (0, 0)): (0, 4)
(5, 0, 0, (1, 1, 1), -3, (0, 0)): (2, 2)
(5, 0, 0, (1, 1, 1), -2, (0, 0)): (4, 8)
(5, 0, 0, (1, 1, 1), -1, (0, 0)): (2, 2)
(5, 0, 0, (1, 1, 1), 0, (0, 0)): (4, 4)
(5, 0, 0, (1, 1, 1), 1, (0, 0)): (3, 3)
(5, 0, 0, (1, 1, 1), 2, (0, 0)): (2, 2)
(5, 0, 0, (1, 1, 1), 3, (0, 0)): (3, 3)
(5, 0, 0, (1, 1, 1), 4, (0, 0)): (1, 1)
(5, 0, 0, (1, 1, 1), 5, (0, 0)): (1, 1)
(5, 0, 0, (1, 1, 1), 7, (0, 0)): (2, 2)
(5, 0, 0, (1, 1, 1), 8, (0, 0)): (1, 1)
(5, 0, 1, (0, 0, 0), -12, (0, 0)): (0, 2)
(5, 0, 1, (0, 0, 0), -11, (0, 0)): (0, 1)
(5, 0, 1, (0, 0, 0), -10, (0, 0)): (0, 1)
(5, 0, 1, (0, 0, 0), -9, (0, 0)): (0, 3)
(5, 0, 1, (0, 0, 0), -8, (0, 0)): (0, 1)
(5, 0, 1, (0, 0, 0), -7, (0, 0)): (0, 14)
(5, 0, 1, (0, 0, 0), -6, (0, 0)): (0, 10)
(5, 0, 1, (0, 0, 0), -5, (0, 0)): (0, 26)
(5, 0, 1, (0, 0, 0), -4, (0, 0)): (1, 35)
(5, 0, 1, (0, 0, 0), -3, (0, 0)): (4, 62)
(5, 0, 1, (0, 0, 0), -2, (0, 0)): (23, 71)
(5, 0, 1, (0, 0, 0), -2, (0, 1)): (0, 1)
(5, 0, 1, (0, 0, 0), -1, (0, 0)): (25, 102)
(5, 0, 1, (0, 0, 0), -1, (0, 1)): (1, 1)
(5, 0, 1, (0, 0, 0), -1, (1, 1)): (1, 1)
(5, 0, 1, (0, 0, 0), -1, (1, 2)): (1, 1)
(5, 0, 1, (0, 0, 0), 0, (0, 0)): (48, 125)
(5, 0, 1, (0, 0, 0), 1, (0, 0)): (60, 91)
(5, 0, 1, (0, 0, 0), 2, (0, 0)): (53, 76)
(5, 0, 1, (0, 0, 0), 3, (0, 0)): (44, 48)
(5, 0, 1, (0, 0, 0), 4, (0, 0)): (18, 27)
(5, 0, 1, (0, 0, 0), 5, (0, 0)): (18, 20)
(5, 0, 1, (0, 0, 0), 6, (0, 0)): (12, 12)
(5, 0, 1, (0, 0, 0), 7, (0, 0)): (8, 8)
(5, 0, 1, (0, 0, 0), 8, (0, 0)): (5, 5)
(5, 0, 1, (0, 0, 0), 9, (0, 0)): (4, 4)
(5, 0, 1, (0, 0, 0), 10, (0, 0)): (1, 1)
(5, 0, 1, (0, 0, 1), -7, (0, 0)): (0, 1)
(5, 0, 1, (0, 0, 1), -5, (0, 0)): (0, 2)
(5, 0, 1, (0, 0, 1), -4, (0, 0)): (0, 2)
(5, 0, 1, (0, 0, 1), -3, (0, 0)): (0, 2)
(5, 0, 1, (0, 0, 1), -2, (0, 0)): (0, 4)
(5, 0, 1, (0, 0, 1), -1, (0, 0)): (5, 7)
(5, 0, 1, (0, 0, 1), 0, (0, 0)): (4, 6)
(5, 0, 1, (0, 0, 1), 1, (0, 0)): (2, 5)
(5, 0, 1, (0, 0, 1), 1, (0, 1)): (1, 1)
(5, 0, 1, (0, 0, 1), 1, (1, 1)): (1, 1)
(5, 0, 1, (0, 0, 1), 1, (1, 2)): (1, 1)
(5, 0, 1, (0, 0, 1), 1, (2, 2)): (1, 1)
(5, 0, 1, (0, 0, 1), 1, (3, 2)): (1, 1)
(5, 0, 1, (0, 0, 1), 2, (0, 0)): (6, 9)
(5, 0, 1, (0, 0, 1), 3, (0, 0)): (6, 6)
(5, 0, 1, (0, 0, 1), 4, (0, 0)): (2, 2)
(5, 0, 1, (0, 0, 1), 5, (0, 0)): (2, 2)
(5, 0, 1, (0, 0, 1), 7, (0, 0)): (1, 1)
(5, 0, 1, (0, 0, 1), 11, (0, 0)): (1, 1)
(5, 0, 1, (0, 1, 0), -10, (0, 0)): (0, 1)
(5, 0, 1, (0, 1, 0), -7, (0, 0)): (0, 2)
(5, 0, 1, (0, 1, 0), -6, (0, 0)): (0, 3)
(5, 0, 1, (0, 1, 0), -5, (0, 0)): (0, 5)
(5, 0, 1, (0, 1, 0), -4, (0, 0)): (0, 3)
(5, 0, 1, (0, 1, 0), -3, (0, 0)): (1, 6)
(5, 0, 1, (0, 1, 0), -2, (0, 0)): (3, 8)
(5, 0, 1, (0, 1, 0), -1, (0, 0)): (6, 14)
(5, 0, 1, (0, 1, 0), 0, (0, 0)): (14, 21)
(5, 0, 1, (0, 1, 0), 0, (1, 0)): (0, 1)
(5, 0, 1, (0, 1, 0), 1, (0, 0)): (14, 19)
(5, 0, 1, (0, 1, 0), 2, (0, 0)): (9, 12)
(5, 0, 1, (0, 1, 0), 3, (0, 0)): (5, 6)
(5, 0, 1, (0, 1, 0), 4, (0, 0)): (11, 11)
(5, 0, 1, (0, 1, 0), 5, (0, 0)): (2, 3)
(5, 0, 1, (0, 1, 0), 6, (0, 0)): (6, 6)
(5, 0, 1, (0, 1, 0), 7, (0, 0)): (3, 3)
(5, 0, 1, (0, 1, 1), -9, (0, 0)): (0, 1)
(5, 0, 1, (0, 1, 1), -5, (0, 0)): (0, 1)
(5, 0, 1, (0, 1, 1), -4, (0, 0)): (0, 1)
(5, 0, 1, (0, 1, 1), -3, (0, 0)): (1, 4)
(5, 0, 1, (0, 1, 1), -2, (0, 0)): (2, 6)
(5, 0, 1, (0, 1, 1), -1, (0, 0)): (2, 5)
(5, 0, 1, (0, 1, 1), 0, (0, 0)): (8, 11)
(5, 0, 1, (0, 1, 1), 1, (0, 0)): (5, 5)
(5, 0, 1, (0, 1, 1), 2, (0, 0)): (2, 2)
(5, 0, 1, (0, 1, 1), 3, (0, 0)): (6, 6)
(5, 0, 1, (0, 1, 1), 4, (0, 0)): (2, 2)
(5, 0, 1, (0, 1, 1), 5, (0, 0)): (5, 5)
(5, 0, 1, (0, 1, 1), 6, (0, 0)): (1, 1)
(5, 0, 1, (0, 1, 1), 7, (0, 0)): (1, 1)
(5, 0, 1, (1, 0, 0), -11, (0, 0)): (0, 1)
(5, 0, 1, (1, 0, 0), -9, (0, 0)): (0, 1)
(5, 0, 1, (1, 0, 0), -8, (0, 0)): (0, 2)
(5, 0, 1, (1, 0, 0), -7, (0, 0)): (0, 7)
(5, 0, 1, (1, 0, 0), -6, (0, 0)): (1, 10)
(5, 0, 1, (1, 0, 0), -5, (0, 0)): (0, 9)
(5, 0, 1, (1, 0, 0), -4, (0, 0)): (2, 14)
(5, 0, 1, (1, 0, 0), -3, (0, 0)): (2, 31)
(5, 0, 1, (1, 0, 0), -2, (0, 0)): (15, 33)
(5, 0, 1, (1, 0, 0), -1, (0, 0)): (15, 44)
(5, 0, 1, (1, 0, 0), 0, (0, 0)): (38, 77)
(5, 0, 1, (1, 0, 0), 1, (0, 0)): (29, 42)
(5, 0, 1, (1, 0, 0), 2, (0, 0)): (25, 30)
(5, 0, 1, (1, 0, 0), 3, (0, 0)): (19, 24)
(5, 0, 1, (1, 0, 0), 4, (0, 0)): (17, 20)
(5, 0, 1, (1, 0, 0), 5, (0, 0)): (9, 9)
(5, 0, 1, (1, 0, 0), 6, (0, 0)): (7, 7)
(5, 0, 1, (1, 0, 0), 7, (0, 0)): (4, 4)
(5, 0, 1, (1, 0, 0), 8, (0, 0)): (2, 2)
(5, 0, 1, (1, 0, 0), 9, (0, 0)): (3, 3)
(5, 0, 1, (1, 0, 1), -11, (0, 0)): (0, 1)
(5, 0, 1, (1, 0, 1), -7, (0, 0)): (0, 1)
(5, 0, 1, (1, 0, 1), -5, (0, 0)): (0, 2)
(5, 0, 1, (1, 0, 1), -4, (0, 0)): (1, 3)
(5, 0, 1, (1, 0, 1), -3, (0, 0)): (0, 2)
(5, 0, 1, (1, 0, 1), -2, (0, 0)): (3, 6)
(5, 0, 1, (1, 0, 1), -1, (0, 0)): (6, 9)
(5, 0, 1, (1, 0, 1), 0, (0, 0)): (6, 11)
(5, 0, 1, (1, 0, 1), 1, (0, 0)): (6, 7)
(5, 0, 1, (1, 0, 1), 2, (0, 0)): (4, 6)
(5, 0, 1, (1, 0, 1), 3, (0, 0)): (4, 4)
(5, 0, 1, (1, 0, 1), 4, (0, 0)): (5, 5)
(5, 0, 1, (1, 0, 1), 5, (0, 0)): (2, 2)
(5, 0, 1, (1, 0, 1), 7, (0, 0)): (1, 1)
(5, 0, 1, (1, 0, 1), 8, (0, 0)): (1, 1)
(5, 0, 1, (1, 0, 1), 11, (0, 0)): (1, 1)
(5, 0, 1, (1, 1, 0), -11, (0, 0)): (0, 1)
(5, 0, 1, (1, 1, 0), -10, (0, 0)): (0, 1)
(5, 0, 1, (1, 1, 0), -9, (0, 0)): (0, 1)
(5, 0, 1, (1, 1, 0), -8, (0, 0)): (0, 1)
(5, 0, 1, (1, 1, 0), -6, (0, 0)): (0, 3)
(5, 0, 1, (1, 1, 0), -5, (0, 0)): (0, 2)
(5, 0, 1, (1, 1, 0), -4, (0, 0)): (1, 9)
(5, 0, 1, (1, 1, 0), -3, (0, 0)): (2, 10)
(5, 0, 1, (1, 1, 0), -2, (0, 0)): (6, 17)
(5, 0, 1, (1, 1, 0), -1, (0, 0)): (10, 16)
(5, 0, 1, (1, 1, 0), 0, (0, 0)): (14, 22)
(5, 0, 1, (1, 1, 0), 1, (0, 0)): (12, 16)
(5, 0, 1, (1, 1, 0), 2, (0, 0)): (7, 10)
(5, 0, 1, (1, 1, 0), 3, (0, 0)): (7, 8)
(5, 0, 1, (1, 1, 0), 4, (0, 0)): (3, 3)
(5, 0, 1, (1, 1, 0), 5, (0, 0)): (9, 10)
(5, 0, 1, (1, 1, 0), 6, (0, 0)): (2, 2)
(5, 0, 1, (1, 1, 0), 7, (0, 0)): (1, 1)
(5, 0, 1, (1, 1, 0), 8, (0, 0)): (1, 1)
(5, 0, 1, (1, 1, 1), -11, (0, 0)): (0, 1)
(5, 0, 1, (1, 1, 1), -7, (0, 0)): (0, 1)
(5, 0, 1, (1, 1, 1), -4, (0, 0)): (0, 4)
(5, 0, 1, (1, 1, 1), -3, (0, 0)): (2, 5)
(5, 0, 1, (1, 1, 1), -2, (0, 0)): (1, 8)
(5, 0, 1, (1, 1, 1), -1, (0, 0)): (4, 7)
(5, 0, 1, (1, 1, 1), 0, (0, 0)): (7, 12)
(5, 0, 1, (1, 1, 1), 1, (0, 0)): (5, 5)
(5, 0, 1, (1, 1, 1), 2, (0, 0)): (3, 3)
(5, 0, 1, (1, 1, 1), 3, (0, 0)): (8, 8)
(5, 0, 1, (1, 1, 1), 4, (0, 0)): (3, 3)
(5, 0, 1, (1, 1, 1), 5, (0, 0)): (4, 4)
(5, 0, 1, (1, 1, 1), 7, (0, 0)): (1, 1)
(5, 0, 1, (1, 1, 1), 8, (0, 0)): (1, 1)
(5, 0, 1, (1, 1, 1), 9, (0, 0)): (1, 1)
(5, 0, 2, (0, 0, 0), -12, (0, 0)): (0, 2)
(5, 0, 2, (0, 0, 0), -11, (0, 0)): (0, 1)
(5, 0, 2, (0, 0, 0), -10, (0, 0)): (0, 1)
(5, 0, 2, (0, 0, 0), -9, (0, 0)): (0, 2)
(5, 0, 2, (0, 0, 0), -8, (0, 0)): (0, 1)
(5, 0, 2, (0, 0, 0), -7, (0, 0)): (0, 9)
(5, 0, 2, (0, 0, 0), -6, (0, 0)): (0, 4)
(5, 0, 2, (0, 0, 0), -5, (0, 0)): (0, 19)
(5, 0, 2, (0, 0, 0), -4, (0, 0)): (0, 30)
(5, 0, 2, (0, 0, 0), -3, (0, 0)): (5, 48)
(5, 0, 2, (0, 0, 0), -2, (0, 0)): (11, 63)
(5, 0, 2, (0, 0, 0), -2, (1, 0)): (0, 1)
(5, 0, 2, (0, 0, 0), -2, (1, 1)): (0, 1)
(5, 0, 2, (0, 0, 0), -1, (0, 0)): (16, 80)
(5, 0, 2, (0, 0, 0), -1, (0, 1)): (1, 1)
(5, 0, 2, (0, 0, 0), -1, (0, 2)): (1, 1)
(5, 0, 2, (0, 0, 0), 0, (0, 0)): (35, 91)
(5, 0, 2, (0, 0, 0), 1, (0, 0)): (51, 78)
(5, 0, 2, (0, 0, 0), 2, (0, 0)): (43, 70)
(5, 0, 2, (0, 0, 0), 3, (0, 0)): (48, 51)
(5, 0, 2, (0, 0, 0), 4, (0, 0)): (17, 25)
(5, 0, 2, (0, 0, 0), 5, (0, 0)): (15, 16)
(5, 0, 2, (0, 0, 0), 6, (0, 0)): (7, 7)
(5, 0, 2, (0, 0, 0), 7, (0, 0)): (3, 3)
(5, 0, 2, (0, 0, 0), 8, (0, 0)): (6, 6)
(5, 0, 2, (0, 0, 0), 9, (0, 0)): (1, 1)
(5, 0, 2, (0, 0, 0), 10, (0, 0)): (2, 2)
(5, 0, 2, (0, 0, 1), -7, (0, 0)): (0, 2)
(5, 0, 2, (0, 0, 1), -6, (0, 0)): (0, 1)
(5, 0, 2, (0, 0, 1), -5, (0, 0)): (0, 2)
(5, 0, 2, (0, 0, 1), -4, (0, 0)): (0, 6)
(5, 0, 2, (0, 0, 1), -3, (0, 0)): (0, 6)
(5, 0, 2, (0, 0, 1), -1, (0, 0)): (2, 6)
(5, 0, 2, (0, 0, 1), 0, (0, 0)): (4, 8)
(5, 0, 2, (0, 0, 1), 1, (0, 0)): (12, 12)
(5, 0, 2, (0, 0, 1), 1, (0, 1)): (1, 1)
(5, 0, 2, (0, 0, 1), 2, (0, 0)): (10, 13)
(5, 0, 2, (0, 0, 1), 3, (0, 0)): (2, 2)
(5, 0, 2, (0, 0, 1), 4, (0, 0)): (6, 6)
(5, 0, 2, (0, 0, 1), 5, (0, 0)): (2, 3)
(5, 0, 2, (0, 0, 1), 6, (0, 0)): (1, 1)
(5, 0, 2, (0, 0, 1), 7, (0, 0)): (1, 2)
(5, 0, 2, (0, 0, 1), 8, (0, 0)): (1, 1)
(5, 0, 2, (0, 1, 0), -7, (0, 0)): (0, 5)
(5, 0, 2, (0, 1, 0), -6, (0, 0)): (1, 4)
(5, 0, 2, (0, 1, 0), -5, (0, 0)): (0, 5)
(5, 0, 2, (0, 1, 0), -4, (0, 0)): (0, 4)
(5, 0, 2, (0, 1, 0), -3, (0, 0)): (0, 5)
(5, 0, 2, (0, 1, 0), -2, (0, 0)): (3, 13)
(5, 0, 2, (0, 1, 0), -1, (0, 0)): (7, 21)
(5, 0, 2, (0, 1, 0), 0, (0, 0)): (21, 35)
(5, 0, 2, (0, 1, 0), 1, (0, 0)): (12, 23)
(5, 0, 2, (0, 1, 0), 2, (0, 0)): (8, 13)
(5, 0, 2, (0, 1, 0), 3, (0, 0)): (15, 17)
(5, 0, 2, (0, 1, 0), 4, (0, 0)): (9, 11)
(5, 0, 2, (0, 1, 0), 5, (0, 0)): (9, 10)
(5, 0, 2, (0, 1, 0), 6, (0, 0)): (7, 7)
(5, 0, 2, (0, 1, 0), 7, (0, 0)): (4, 4)
(5, 0, 2, (0, 1, 0), 8, (0, 0)): (2, 2)
(5, 0, 2, (0, 1, 1), -9, (0, 0)): (0, 1)
(5, 0, 2, (0, 1, 1), -7, (0, 0)): (0, 1)
(5, 0, 2, (0, 1, 1), -4, (0, 0)): (0, 1)
(5, 0, 2, (0, 1, 1), -3, (0, 0)): (0, 1)
(5, 0, 2, (0, 1, 1), -2, (0, 0)): (2, 4)
(5, 0, 2, (0, 1, 1), -1, (0, 0)): (1, 4)
(5, 0, 2, (0, 1, 1), 0, (0, 0)): (6, 9)
(5, 0, 2, (0, 1, 1), 1, (0, 0)): (3, 4)
(5, 0, 2, (0, 1, 1), 2, (0, 0)): (2, 5)
(5, 0, 2, (0, 1, 1), 3, (0, 0)): (3, 3)
(5, 0, 2, (0, 1, 1), 4, (0, 0)): (2, 2)
(5, 0, 2, (0, 1, 1), 5, (0, 0)): (2, 2)
(5, 0, 2, (0, 1, 1), 6, (0, 0)): (1, 2)
(5, 0, 2, (0, 1, 1), 8, (0, 0)): (1, 1)
(5, 0, 2, (0, 1, 1), 9, (0, 0)): (1, 1)
(5, 0, 2, (0, 1, 1), 10, (0, 0)): (1, 1)
(5, 0, 2, (0, 1, 1), 12, (0, 0)): (1, 1)
(5, 0, 2, (1, 0, 0), -12, (0, 0)): (0, 1)
(5, 0, 2, (1, 0, 0), -10, (0, 0)): (0, 1)
(5, 0, 2, (1, 0, 0), -7, (0, 0)): (0, 7)
(5, 0, 2, (1, 0, 0), -6, (0, 0)): (0, 7)
(5, 0, 2, (1, 0, 0), -5, (0, 0)): (0, 5)
(5, 0, 2, (1, 0, 0), -4, (0, 0)): (0, 13)
(5, 0, 2, (1, 0, 0), -3, (0, 0)): (2, 29)
(5, 0, 2, (1, 0, 0), -2, (0, 0)): (8, 33)
(5, 0, 2, (1, 0, 0), -1, (0, 0)): (11, 40)
(5, 0, 2, (1, 0, 0), 0, (0, 0)): (28, 63)
(5, 0, 2, (1, 0, 0), 1, (0, 0)): (25, 40)
(5, 0, 2, (1, 0, 0), 1, (0, 1)): (0, 1)
(5, 0, 2, (1, 0, 0), 1, (0, 2)): (0, 1)
(5, 0, 2, (1, 0, 0), 1, (1, 2)): (0, 1)
(5, 0, 2, (1, 0, 0), 1, (2, 2)): (0, 1)
(5, 0, 2, (1, 0, 0), 2, (0, 0)): (33, 42)
(5, 0, 2, (1, 0, 0), 3, (0, 0)): (33, 39)
(5, 0, 2, (1, 0, 0), 4, (0, 0)): (15, 19)
(5, 0, 2, (1, 0, 0), 5, (0, 0)): (7, 7)
(5, 0, 2, (1, 0, 0), 6, (0, 0)): (10, 12)
(5, 0, 2, (1, 0, 0), 7, (0, 0)): (3, 3)
(5, 0, 2, (1, 0, 0), 8, (0, 0)): (2, 2)
(5, 0, 2, (1, 0, 0), 9, (0, 0)): (2, 2)
(5, 0, 2, (1, 0, 0), 10, (0, 0)): (2, 2)
(5, 0, 2, (1, 0, 0), 12, (0, 0)): (1, 1)
(5, 0, 2, (1, 0, 1), -6, (0, 0)): (0, 2)
(5, 0, 2, (1, 0, 1), -5, (0, 0)): (0, 2)
(5, 0, 2, (1, 0, 1), -4, (0, 0)): (1, 5)
(5, 0, 2, (1, 0, 1), -3, (0, 0)): (1, 5)
(5, 0, 2, (1, 0, 1), -2, (0, 0)): (2, 3)
(5, 0, 2, (1, 0, 1), -1, (0, 0)): (1, 2)
(5, 0, 2, (1, 0, 1), 0, (0, 0)): (8, 11)
(5, 0, 2, (1, 0, 1), 1, (0, 0)): (6, 12)
(5, 0, 2, (1, 0, 1), 2, (0, 0)): (6, 8)
(5, 0, 2, (1, 0, 1), 3, (0, 0)): (3, 4)
(5, 0, 2, (1, 0, 1), 4, (0, 0)): (10, 11)
(5, 0, 2, (1, 0, 1), 5, (0, 0)): (6, 6)
(5, 0, 2, (1, 0, 1), 6, (0, 0)): (2, 2)
(5, 0, 2, (1, 0, 1), 7, (0, 0)): (2, 2)
(5, 0, 2, (1, 0, 1), 9, (0, 0)): (1, 1)
(5, 0, 2, (1, 1, 0), -10, (0, 0)): (0, 1)
(5, 0, 2, (1, 1, 0), -9, (0, 0)): (0, 1)
(5, 0, 2, (1, 1, 0), -8, (0, 0)): (0, 1)
(5, 0, 2, (1, 1, 0), -7, (0, 0)): (0, 2)
(5, 0, 2, (1, 1, 0), -6, (0, 0)): (0, 3)
(5, 0, 2, (1, 1, 0), -5, (0, 0)): (0, 3)
(5, 0, 2, (1, 1, 0), -4, (0, 0)): (0, 6)
(5, 0, 2, (1, 1, 0), -3, (0, 0)): (1, 12)
(5, 0, 2, (1, 1, 0), -2, (0, 0)): (6, 13)
(5, 0, 2, (1, 1, 0), -1, (0, 0)): (6, 14)
(5, 0, 2, (1, 1, 0), 0, (0, 0)): (21, 30)
(5, 0, 2, (1, 1, 0), 1, (0, 0)): (12, 17)
(5, 0, 2, (1, 1, 0), 2, (0, 0)): (14, 17)
(5, 0, 2, (1, 1, 0), 3, (0, 0)): (24, 25)
(5, 0, 2, (1, 1, 0), 4, (0, 0)): (8, 9)
(5, 0, 2, (1, 1, 0), 5, (0, 0)): (10, 11)
(5, 0, 2, (1, 1, 0), 6, (0, 0)): (3, 3)
(5, 0, 2, (1, 1, 0), 7, (0, 0)): (4, 4)
(5, 0, 2, (1, 1, 0), 8, (0, 0)): (3, 3)
(5, 0, 2, (1, 1, 0), 9, (0, 0)): (1, 1)
(5, 0, 2, (1, 1, 1), -7, (0, 0)): (0, 1)
(5, 0, 2, (1, 1, 1), -5, (0, 0)): (0, 1)
(5, 0, 2, (1, 1, 1), -4, (0, 0)): (0, 2)
(5, 0, 2, (1, 1, 1), -3, (0, 0)): (1, 3)
(5, 0, 2, (1, 1, 1), -2, (0, 0)): (3, 8)
(5, 0, 2, (1, 1, 1), -1, (0, 0)): (0, 6)
(5, 0, 2, (1, 1, 1), 0, (0, 0)): (7, 15)
(5, 0, 2, (1, 1, 1), 1, (0, 0)): (9, 10)
(5, 0, 2, (1, 1, 1), 2, (0, 0)): (3, 6)
(5, 0, 2, (1, 1, 1), 3, (0, 0)): (6, 6)
(5, 0, 2, (1, 1, 1), 4, (0, 0)): (2, 2)
(5, 0, 2, (1, 1, 1), 5, (0, 0)): (4, 4)
(5, 0, 2, (1, 1, 1), 6, (0, 0)): (1, 1)
(5, 0, 2, (1, 1, 1), 7, (0, 0)): (1, 1)
(5, 0, 2, (1, 1, 1), 8, (0, 0)): (1, 1)
(5, 1, 0, (0, 0, 0), -12, (0, 0)): (0, 1)
(5, 1, 0, (0, 0, 0), -10, (0, 0)): (0, 3)
(5, 1, 0, (0, 0, 0), -9, (0, 0)): (0, 5)
(5, 1, 0, (0, 0, 0), -8, (0, 0)): (0, 13)
(5, 1, 0, (0, 0, 0), -7, (0, 0)): (1, 15)
(5, 1, 0, (0, 0, 0), -6, (0, 0)): (2, 24)
(5, 1, 0, (0, 0, 0), -5, (0, 0)): (2, 44)
(5, 1, 0, (0, 0, 0), -4, (0, 0)): (11, 59)
(5, 1, 0, (0, 0, 0), -3, (0, 0)): (12, 96)
(5, 1, 0, (0, 0, 0), -2, (0, 0)): (37, 106)
(5, 1, 0, (0, 0, 0), -1, (0, 0)): (54, 144)
(5, 1, 0, (0, 0, 0), -1, (0, 1)): (0, 1)
(5, 1, 0, (0, 0, 0), -1, (1, 1)): (0, 1)
(5, 1, 0, (0, 0, 0), -1, (1, 2)): (0, 1)
(5, 1, 0, (0, 0, 0), -1, (2, 2)): (0, 1)
(5, 1, 0, (0, 0, 0), 0, (0, 0)): (94, 170)
(5, 1, 0, (0, 0, 0), 1, (0, 0)): (103, 131)
(5, 1, 0, (0, 0, 0), 1, (1, 0)): (0, 1)
(5, 1, 0, (0, 0, 0), 1, (1, 1)): (0, 1)
(5, 1, 0, (0, 0, 0), 1, (1, 2)): (0, 1)
(5, 1, 0, (0, 0, 0), 1, (2, 2)): (0, 1)
(5, 1, 0, (0, 0, 0), 2, (0, 0)): (85, 107)
(5, 1, 0, (0, 0, 0), 2, (0, 1)): (1, 1)
(5, 1, 0, (0, 0, 0), 2, (0, 2)): (1, 1)
(5, 1, 0, (0, 0, 0), 3, (0, 0)): (86, 94)
(5, 1, 0, (0, 0, 0), 4, (0, 0)): (53, 54)
(5, 1, 0, (0, 0, 0), 5, (0, 0)): (35, 35)
(5, 1, 0, (0, 0, 0), 6, (0, 0)): (17, 18)
(5, 1, 0, (0, 0, 0), 7, (0, 0)): (18, 18)
(5, 1, 0, (0, 0, 0), 8, (0, 0)): (3, 3)
(5, 1, 0, (0, 0, 0), 9, (0, 0)): (3, 3)
(5, 1, 0, (0, 0, 0), 10, (0, 0)): (3, 3)
(5, 1, 0, (0, 0, 0), 11, (0, 0)): (1, 1)
(5, 1, 0, (0, 0, 0), 12, (0, 0)): (2, 2)
(5, 1, 0, (0, 0, 1), -4, (0, 0)): (0, 2)
(5, 1, 0, (0, 0, 1), -3, (0, 0)): (1, 2)
(5, 1, 0, (0, 0, 1), -2, (0, 0)): (0, 2)
(5, 1, 0, (0, 0, 1), -1, (0, 0)): (1, 3)
(5, 1, 0, (0, 0, 1), 0, (0, 0)): (3, 4)
(5, 1, 0, (0, 0, 1), 1, (0, 0)): (3, 4)
(5, 1, 0, (0, 0, 1), 2, (0, 0)): (1, 1)
(5, 1, 0, (0, 0, 1), 3, (0, 0)): (1, 1)
(5, 1, 0, (0, 0, 1), 4, (0, 0)): (1, 1)
(5, 1, 0, (0, 0, 1), 5, (0, 0)): (2, 2)
(5, 1, 0, (0, 1, 0), -10, (0, 0)): (0, 1)
(5, 1, 0, (0, 1, 0), -9, (0, 0)): (0, 1)
(5, 1, 0, (0, 1, 0), -7, (0, 0)): (0, 3)
(5, 1, 0, (0, 1, 0), -6, (0, 0)): (0, 3)
(5, 1, 0, (0, 1, 0), -5, (0, 0)): (0, 3)
(5, 1, 0, (0, 1, 0), -4, (0, 0)): (2, 4)
(5, 1, 0, (0, 1, 0), -3, (0, 0)): (0, 5)
(5, 1, 0, (0, 1, 0), -2, (0, 0)): (2, 3)
(5, 1, 0, (0, 1, 0), -1, (0, 0)): (6, 11)
(5, 1, 0, (0, 1, 0), 0, (0, 0)): (4, 9)
(5, 1, 0, (0, 1, 0), 1, (0, 0)): (5, 7)
(5, 1, 0, (0, 1, 0), 2, (0, 0)): (7, 9)
(5, 1, 0, (0, 1, 0), 3, (0, 0)): (6, 7)
(5, 1, 0, (0, 1, 0), 4, (0, 0)): (5, 6)
(5, 1, 0, (0, 1, 0), 5, (0, 0)): (3, 3)
(5, 1, 0, (0, 1, 0), 6, (0, 0)): (4, 4)
(5, 1, 0, (0, 1, 1), -6, (0, 0)): (1, 1)
(5, 1, 0, (0, 1, 1), -2, (0, 0)): (2, 3)
(5, 1, 0, (0, 1, 1), -1, (0, 0)): (2, 3)
(5, 1, 0, (0, 1, 1), 0, (0, 0)): (1, 2)
(5, 1, 0, (0, 1, 1), 1, (0, 0)): (2, 2)
(5, 1, 0, (0, 1, 1), 2, (0, 0)): (1, 3)
(5, 1, 0, (0, 1, 1), 3, (0, 0)): (2, 2)
(5, 1, 0, (0, 1, 1), 4, (0, 0)): (2, 2)
(5, 1, 0, (0, 1, 1), 5, (0, 0)): (1, 1)
(5, 1, 0, (0, 1, 1), 6, (0, 0)): (1, 1)
(5, 1, 0, (1, 0, 0), -12, (0, 0)): (0, 1)
(5, 1, 0, (1, 0, 0), -10, (0, 0)): (0, 1)
(5, 1, 0, (1, 0, 0), -8, (0, 0)): (0, 3)
(5, 1, 0, (1, 0, 0), -7, (0, 0)): (0, 4)
(5, 1, 0, (1, 0, 0), -6, (0, 0)): (2, 6)
(5, 1, 0, (1, 0, 0), -5, (0, 0)): (1, 13)
(5, 1, 0, (1, 0, 0), -4, (0, 0)): (3, 19)
(5, 1, 0, (1, 0, 0), -3, (0, 0)): (2, 22)
(5, 1, 0, (1, 0, 0), -2, (0, 0)): (14, 36)
(5, 1, 0, (1, 0, 0), -1, (0, 0)): (14, 39)
(5, 1, 0, (1, 0, 0), 0, (0, 0)): (33, 57)
(5, 1, 0, (1, 0, 0), 1, (0, 0)): (38, 45)
(5, 1, 0, (1, 0, 0), 2, (0, 0)): (23, 29)
(5, 1, 0, (1, 0, 0), 3, (0, 0)): (20, 23)
(5, 1, 0, (1, 0, 0), 4, (0, 0)): (17, 17)
(5, 1, 0, (1, 0, 0), 5, (0, 0)): (12, 12)
(5, 1, 0, (1, 0, 0), 6, (0, 0)): (8, 8)
(5, 1, 0, (1, 0, 0), 7, (0, 0)): (7, 7)
(5, 1, 0, (1, 0, 0), 8, (0, 0)): (3, 3)
(5, 1, 0, (1, 0, 0), 9, (0, 0)): (2, 2)
(5, 1, 0, (1, 0, 1), -6, (0, 0)): (1, 1)
(5, 1, 0, (1, 0, 1), -5, (0, 0)): (1, 2)
(5, 1, 0, (1, 0, 1), -3, (0, 0)): (0, 2)
(5, 1, 0, (1, 0, 1), -1, (0, 0)): (3, 5)
(5, 1, 0, (1, 0, 1), 0, (0, 0)): (1, 2)
(5, 1, 0, (1, 0, 1), 1, (0, 0)): (2, 2)
(5, 1, 0, (1, 0, 1), 2, (0, 0)): (5, 6)
(5, 1, 0, (1, 0, 1), 3, (0, 0)): (2, 2)
(5, 1, 0, (1, 0, 1), 4, (0, 0)): (4, 4)
(5, 1, 0, (1, 0, 1), 5, (0, 0)): (1, 1)
(5, 1, 0, (1, 0, 1), 6, (0, 0)): (1, 1)
(5, 1, 0, (1, 1, 0), -8, (0, 0)): (0, 1)
(5, 1, 0, (1, 1, 0), -6, (0, 0)): (0, 3)
(5, 1, 0, (1, 1, 0), -5, (0, 0)): (0, 2)
(5, 1, 0, (1, 1, 0), -4, (0, 0)): (2, 7)
(5, 1, 0, (1, 1, 0), -3, (0, 0)): (2, 6)
(5, 1, 0, (1, 1, 0), -2, (0, 0)): (8, 12)
(5, 1, 0, (1, 1, 0), -1, (0, 0)): (4, 10)
(5, 1, 0, (1, 1, 0), 0, (0, 0)): (8, 12)
(5, 1, 0, (1, 1, 0), 1, (0, 0)): (8, 8)
(5, 1, 0, (1, 1, 0), 2, (0, 0)): (7, 7)
(5, 1, 0, (1, 1, 0), 3, (0, 0)): (9, 9)
(5, 1, 0, (1, 1, 0), 4, (0, 0)): (2, 2)
(5, 1, 0, (1, 1, 0), 5, (0, 0)): (4, 4)
(5, 1, 0, (1, 1, 0), 6, (0, 0)): (3, 3)
(5, 1, 0, (1, 1, 0), 7, (0, 0)): (3, 3)
(5, 1, 0, (1, 1, 0), 8, (0, 0)): (2, 2)
(5, 1, 0, (1, 1, 1), -6, (0, 0)): (0, 1)
(5, 1, 0, (1, 1, 1), -3, (0, 0)): (0, 1)
(5, 1, 0, (1, 1, 1), -2, (0, 0)): (0, 1)
(5, 1, 0, (1, 1, 1), -1, (0, 0)): (0, 2)
(5, 1, 0, (1, 1, 1), 0, (0, 0)): (2, 2)
(5, 1, 0, (1, 1, 1), 1, (0, 0)): (2, 2)
(5, 1, 0, (1, 1, 1), 3, (0, 0)): (1, 1)
(5, 1, 0, (1, 1, 1), 4, (0, 0)): (2, 2)
(5, 1, 0, (1, 1, 1), 5, (0, 0)): (2, 2)
(5, 1, 0, (1, 1, 1), 6, (0, 0)): (2, 2)
(5, 1, 0, (1, 1, 1), 7, (0, 0)): (1, 1)
(5, 1, 0, (1, 1, 1), 8, (0, 0)): (1, 1)
(5, 1, 1, (0, 0, 0), -10, (0, 0)): (0, 1)
(5, 1, 1, (0, 0, 0), -9, (0, 0)): (0, 4)
(5, 1, 1, (0, 0, 0), -8, (0, 0)): (0, 10)
(5, 1, 1, (0, 0, 0), -7, (0, 0)): (1, 11)
(5, 1, 1, (0, 0, 0), -6, (0, 0)): (0, 16)
(5, 1, 1, (0, 0, 0), -5, (0, 0)): (1, 31)
(5, 1, 1, (0, 0, 0), -4, (0, 0)): (4, 31)
(5, 1, 1, (0, 0, 0), -3, (0, 0)): (10, 73)
(5, 1, 1, (0, 0, 0), -2, (0, 0)): (22, 67)
(5, 1, 1, (0, 0, 0), -1, (0, 0)): (36, 96)
(5, 1, 1, (0, 0, 0), -1, (0, 1)): (0, 1)
(5, 1, 1, (0, 0, 0), -1, (1, 0)): (1, 1)
(5, 1, 1, (0, 0, 0), -1, (1, 1)): (1, 1)
(5, 1, 1, (0, 0, 0), 0, (0, 0)): (54, 106)
(5, 1, 1, (0, 0, 0), 1, (0, 0)): (61, 81)
(5, 1, 1, (0, 0, 0), 1, (0, 1)): (0, 1)
(5, 1, 1, (0, 0, 0), 1, (1, 1)): (0, 1)
(5, 1, 1, (0, 0, 0), 1, (1, 2)): (0, 1)
(5, 1, 1, (0, 0, 0), 2, (0, 0)): (61, 76)
(5, 1, 1, (0, 0, 0), 2, (0, 1)): (1, 1)
(5, 1, 1, (0, 0, 0), 3, (0, 0)): (59, 64)
(5, 1, 1, (0, 0, 0), 4, (0, 0)): (33, 33)
(5, 1, 1, (0, 0, 0), 5, (0, 0)): (25, 25)
(5, 1, 1, (0, 0, 0), 6, (0, 0)): (10, 11)
(5, 1, 1, (0, 0, 0), 7, (0, 0)): (11, 11)
(5, 1, 1, (0, 0, 0), 8, (0, 0)): (4, 4)
(5, 1, 1, (0, 0, 0), 9, (0, 0)): (1, 1)
(5, 1, 1, (0, 0, 0), 10, (0, 0)): (4, 4)
(5, 1, 1, (0, 0, 0), 11, (0, 0)): (1, 1)
(5, 1, 1, (0, 0, 0), 12, (0, 0)): (2, 2)
(5, 1, 1, (0, 0, 1), -9, (0, 0)): (0, 1)
(5, 1, 1, (0, 0, 1), -8, (0, 0)): (0, 1)
(5, 1, 1, (0, 0, 1), -7, (0, 0)): (0, 1)
(5, 1, 1, (0, 0, 1), -6, (0, 0)): (0, 2)
(5, 1, 1, (0, 0, 1), -5, (0, 0)): (0, 1)
(5, 1, 1, (0, 0, 1), -3, (0, 0)): (0, 5)
(5, 1, 1, (0, 0, 1), -2, (0, 0)): (1, 2)
(5, 1, 1, (0, 0, 1), -1, (0, 0)): (4, 8)
(5, 1, 1, (0, 0, 1), 0, (0, 0)): (2, 3)
(5, 1, 1, (0, 0, 1), 1, (0, 0)): (4, 6)
(5, 1, 1, (0, 0, 1), 2, (0, 0)): (5, 7)
(5, 1, 1, (0, 0, 1), 3, (0, 0)): (4, 4)
(5, 1, 1, (0, 0, 1), 4, (0, 0)): (8, 8)
(5, 1, 1, (0, 0, 1), 5, (0, 0)): (4, 4)
(5, 1, 1, (0, 0, 1), 6, (0, 0)): (2, 2)
(5, 1, 1, (0, 0, 1), 7, (0, 0)): (1, 1)
(5, 1, 1, (0, 1, 0), -10, (0, 0)): (0, 1)
(5, 1, 1, (0, 1, 0), -9, (0, 0)): (0, 1)
(5, 1, 1, (0, 1, 0), -8, (0, 0)): (0, 1)
(5, 1, 1, (0, 1, 0), -7, (0, 0)): (0, 2)
(5, 1, 1, (0, 1, 0), -6, (0, 0)): (0, 1)
(5, 1, 1, (0, 1, 0), -5, (0, 0)): (1, 5)
(5, 1, 1, (0, 1, 0), -4, (0, 0)): (2, 5)
(5, 1, 1, (0, 1, 0), -3, (0, 0)): (2, 16)
(5, 1, 1, (0, 1, 0), -2, (0, 0)): (3, 7)
(5, 1, 1, (0, 1, 0), -1, (0, 0)): (8, 20)
(5, 1, 1, (0, 1, 0), 0, (0, 0)): (15, 26)
(5, 1, 1, (0, 1, 0), 1, (0, 0)): (23, 29)
(5, 1, 1, (0, 1, 0), 2, (0, 0)): (10, 12)
(5, 1, 1, (0, 1, 0), 3, (0, 0)): (14, 18)
(5, 1, 1, (0, 1, 0), 4, (0, 0)): (12, 13)
(5, 1, 1, (0, 1, 0), 5, (0, 0)): (6, 6)
(5, 1, 1, (0, 1, 0), 6, (0, 0)): (5, 5)
(5, 1, 1, (0, 1, 0), 7, (0, 0)): (3, 3)
(5, 1, 1, (0, 1, 0), 8, (0, 0)): (3, 3)
(5, 1, 1, (0, 1, 0), 10, (0, 0)): (1, 1)
(5, 1, 1, (0, 1, 1), -10, (0, 0)): (0, 1)
(5, 1, 1, (0, 1, 1), -6, (0, 0)): (1, 1)
(5, 1, 1, (0, 1, 1), -5, (0, 0)): (0, 2)
(5, 1, 1, (0, 1, 1), -4, (0, 0)): (1, 1)
(5, 1, 1, (0, 1, 1), -3, (0, 0)): (0, 1)
(5, 1, 1, (0, 1, 1), -2, (0, 0)): (5, 9)
(5, 1, 1, (0, 1, 1), -1, (0, 0)): (3, 6)
(5, 1, 1, (0, 1, 1), 0, (0, 0)): (4, 8)
(5, 1, 1, (0, 1, 1), 1, (0, 0)): (2, 2)
(5, 1, 1, (0, 1, 1), 2, (0, 0)): (6, 9)
(5, 1, 1, (0, 1, 1), 3, (0, 0)): (3, 3)
(5, 1, 1, (0, 1, 1), 4, (0, 0)): (1, 1)
(5, 1, 1, (0, 1, 1), 5, (0, 0)): (7, 7)
(5, 1, 1, (0, 1, 1), 6, (0, 0)): (1, 1)
(5, 1, 1, (0, 1, 1), 7, (0, 0)): (4, 4)
(5, 1, 1, (0, 1, 1), 8, (0, 0)): (1, 1)
(5, 1, 1, (0, 1, 1), 9, (0, 0)): (1, 1)
(5, 1, 1, (1, 0, 0), -12, (0, 0)): (0, 1)
(5, 1, 1, (1, 0, 0), -10, (0, 0)): (0, 1)
(5, 1, 1, (1, 0, 0), -9, (0, 0)): (0, 1)
(5, 1, 1, (1, 0, 0), -8, (0, 0)): (0, 5)
(5, 1, 1, (1, 0, 0), -7, (0, 0)): (0, 6)
(5, 1, 1, (1, 0, 0), -6, (0, 0)): (0, 5)
(5, 1, 1, (1, 0, 0), -5, (0, 0)): (0, 16)
(5, 1, 1, (1, 0, 0), -4, (0, 0)): (4, 15)
(5, 1, 1, (1, 0, 0), -3, (0, 0)): (5, 28)
(5, 1, 1, (1, 0, 0), -2, (0, 0)): (7, 29)
(5, 1, 1, (1, 0, 0), -1, (0, 0)): (9, 32)
(5, 1, 1, (1, 0, 0), 0, (0, 0)): (38, 63)
(5, 1, 1, (1, 0, 0), 1, (0, 0)): (39, 47)
(5, 1, 1, (1, 0, 0), 2, (0, 0)): (31, 40)
(5, 1, 1, (1, 0, 0), 3, (0, 0)): (29, 34)
(5, 1, 1, (1, 0, 0), 4, (0, 0)): (16, 16)
(5, 1, 1, (1, 0, 0), 5, (0, 0)): (23, 23)
(5, 1, 1, (1, 0, 0), 6, (0, 0)): (8, 8)
(5, 1, 1, (1, 0, 0), 7, (0, 0)): (11, 11)
(5, 1, 1, (1, 0, 0), 8, (0, 0)): (2, 2)
(5, 1, 1, (1, 0, 0), 9, (0, 0)): (3, 3)
(5, 1, 1, (1, 0, 0), 11, (0, 0)): (1, 1)
(5, 1, 1, (1, 0, 1), -8, (0, 0)): (0, 2)
(5, 1, 1, (1, 0, 1), -7, (0, 0)): (0, 1)
(5, 1, 1, (1, 0, 1), -5, (0, 0)): (1, 4)
(5, 1, 1, (1, 0, 1), -4, (0, 0)): (0, 1)
(5, 1, 1, (1, 0, 1), -3, (0, 0)): (1, 3)
(5, 1, 1, (1, 0, 1), -2, (0, 0)): (3, 4)
(5, 1, 1, (1, 0, 1), -1, (0, 0)): (0, 4)
(5, 1, 1, (1, 0, 1), 0, (0, 0)): (8, 8)
(5, 1, 1, (1, 0, 1), 1, (0, 0)): (3, 3)
(5, 1, 1, (1, 0, 1), 2, (0, 0)): (7, 9)
(5, 1, 1, (1, 0, 1), 3, (0, 0)): (9, 9)
(5, 1, 1, (1, 0, 1), 4, (0, 0)): (7, 7)
(5, 1, 1, (1, 0, 1), 5, (0, 0)): (5, 5)
(5, 1, 1, (1, 0, 1), 6, (0, 0)): (2, 2)
(5, 1, 1, (1, 0, 1), 7, (0, 0)): (3, 3)
(5, 1, 1, (1, 0, 1), 8, (0, 0)): (3, 3)
(5, 1, 1, (1, 0, 1), 10, (0, 0)): (1, 1)
(5, 1, 1, (1, 1, 0), -7, (0, 0)): (0, 3)
(5, 1, 1, (1, 1, 0), -6, (0, 0)): (0, 1)
(5, 1, 1, (1, 1, 0), -5, (0, 0)): (0, 7)
(5, 1, 1, (1, 1, 0), -4, (0, 0)): (1, 5)
(5, 1, 1, (1, 1, 0), -3, (0, 0)): (2, 12)
(5, 1, 1, (1, 1, 0), -2, (0, 0)): (7, 13)
(5, 1, 1, (1, 1, 0), -1, (0, 0)): (4, 8)
(5, 1, 1, (1, 1, 0), 0, (0, 0)): (4, 12)
(5, 1, 1, (1, 1, 0), 1, (0, 0)): (13, 14)
(5, 1, 1, (1, 1, 0), 2, (0, 0)): (7, 8)
(5, 1, 1, (1, 1, 0), 3, (0, 0)): (8, 9)
(5, 1, 1, (1, 1, 0), 4, (0, 0)): (7, 7)
(5, 1, 1, (1, 1, 0), 5, (0, 0)): (9, 9)
(5, 1, 1, (1, 1, 0), 6, (0, 0)): (7, 7)
(5, 1, 1, (1, 1, 0), 7, (0, 0)): (2, 2)
(5, 1, 1, (1, 1, 0), 8, (0, 0)): (3, 3)
(5, 1, 1, (1, 1, 0), 9, (0, 0)): (2, 2)
(5, 1, 1, (1, 1, 0), 10, (0, 0)): (2, 2)
(5, 1, 1, (1, 1, 1), -5, (0, 0)): (0, 2)
(5, 1, 1, (1, 1, 1), -4, (0, 0)): (0, 1)
(5, 1, 1, (1, 1, 1), -3, (0, 0)): (0, 4)
(5, 1, 1, (1, 1, 1), -2, (0, 0)): (1, 6)
(5, 1, 1, (1, 1, 1), -1, (0, 0)): (2, 5)
(5, 1, 1, (1, 1, 1), 0, (0, 0)): (4, 7)
(5, 1, 1, (1, 1, 1), 1, (0, 0)): (6, 6)
(5, 1, 1, (1, 1, 1), 2, (0, 0)): (7, 7)
(5, 1, 1, (1, 1, 1), 3, (0, 0)): (3, 3)
(5, 1, 1, (1, 1, 1), 5, (0, 0)): (3, 3)
(5, 1, 1, (1, 1, 1), 6, (0, 0)): (5, 5)
(5, 1, 1, (1, 1, 1), 7, (0, 0)): (3, 3)
(5, 1, 1, (1, 1, 1), 8, (0, 0)): (1, 1)
(5, 1, 2, (0, 0, 0), -10, (0, 0)): (0, 1)
(5, 1, 2, (0, 0, 0), -9, (0, 0)): (0, 3)
(5, 1, 2, (0, 0, 0), -8, (0, 0)): (0, 6)
(5, 1, 2, (0, 0, 0), -7, (0, 0)): (1, 6)
(5, 1, 2, (0, 0, 0), -6, (0, 0)): (0, 10)
(5, 1, 2, (0, 0, 0), -5, (0, 0)): (0, 23)
(5, 1, 2, (0, 0, 0), -4, (0, 0)): (1, 25)
(5, 1, 2, (0, 0, 0), -3, (0, 0)): (6, 50)
(5, 1, 2, (0, 0, 0), -2, (0, 0)): (15, 54)
(5, 1, 2, (0, 0, 0), -1, (0, 0)): (29, 73)
(5, 1, 2, (0, 0, 0), -1, (0, 1)): (1, 1)
(5, 1, 2, (0, 0, 0), -1, (1, 0)): (0, 1)
(5, 1, 2, (0, 0, 0), -1, (1, 1)): (1, 2)
(5, 1, 2, (0, 0, 0), -1, (1, 2)): (0, 1)
(5, 1, 2, (0, 0, 0), 0, (0, 0)): (40, 86)
(5, 1, 2, (0, 0, 0), 0, (0, 1)): (1, 1)
(5, 1, 2, (0, 0, 0), 1, (0, 0)): (41, 57)
(5, 1, 2, (0, 0, 0), 1, (0, 1)): (0, 1)
(5, 1, 2, (0, 0, 0), 1, (0, 2)): (0, 1)
(5, 1, 2, (0, 0, 0), 1, (1, 2)): (0, 1)
(5, 1, 2, (0, 0, 0), 1, (2, 2)): (0, 1)
(5, 1, 2, (0, 0, 0), 2, (0, 0)): (44, 56)
(5, 1, 2, (0, 0, 0), 2, (0, 1)): (1, 1)
(5, 1, 2, (0, 0, 0), 2, (0, 2)): (1, 1)
(5, 1, 2, (0, 0, 0), 2, (1, 2)): (1, 1)
(5, 1, 2, (0, 0, 0), 3, (0, 0)): (41, 44)
(5, 1, 2, (0, 0, 0), 4, (0, 0)): (24, 24)
(5, 1, 2, (0, 0, 0), 5, (0, 0)): (16, 17)
(5, 1, 2, (0, 0, 0), 6, (0, 0)): (11, 12)
(5, 1, 2, (0, 0, 0), 7, (0, 0)): (9, 9)
(5, 1, 2, (0, 0, 0), 8, (0, 0)): (3, 3)
(5, 1, 2, (0, 0, 0), 9, (0, 0)): (1, 1)
(5, 1, 2, (0, 0, 0), 10, (0, 0)): (4, 4)
(5, 1, 2, (0, 0, 0), 11, (0, 0)): (2, 2)
(5, 1, 2, (0, 0, 0), 12, (0, 0)): (2, 2)
(5, 1, 2, (0, 0, 1), -9, (0, 0)): (0, 1)
(5, 1, 2, (0, 0, 1), -7, (0, 0)): (0, 1)
(5, 1, 2, (0, 0, 1), -5, (0, 0)): (0, 2)
(5, 1, 2, (0, 0, 1), -4, (0, 0)): (0, 4)
(5, 1, 2, (0, 0, 1), -3, (0, 0)): (1, 5)
(5, 1, 2, (0, 0, 1), -2, (0, 0)): (1, 4)
(5, 1, 2, (0, 0, 1), -1, (0, 0)): (6, 10)
(5, 1, 2, (0, 0, 1), 0, (0, 0)): (2, 6)
(5, 1, 2, (0, 0, 1), 1, (0, 0)): (5, 8)
(5, 1, 2, (0, 0, 1), 2, (0, 0)): (3, 4)
(5, 1, 2, (0, 0, 1), 3, (0, 0)): (7, 8)
(5, 1, 2, (0, 0, 1), 4, (0, 0)): (6, 6)
(5, 1, 2, (0, 0, 1), 5, (0, 0)): (5, 5)
(5, 1, 2, (0, 0, 1), 6, (0, 0)): (3, 3)
(5, 1, 2, (0, 0, 1), 8, (0, 0)): (2, 2)
(5, 1, 2, (0, 1, 0), -10, (0, 0)): (0, 1)
(5, 1, 2, (0, 1, 0), -9, (0, 0)): (0, 1)
(5, 1, 2, (0, 1, 0), -8, (0, 0)): (0, 1)
(5, 1, 2, (0, 1, 0), -7, (0, 0)): (0, 2)
(5, 1, 2, (0, 1, 0), -6, (0, 0)): (0, 2)
(5, 1, 2, (0, 1, 0), -5, (0, 0)): (1, 4)
(5, 1, 2, (0, 1, 0), -4, (0, 0)): (2, 4)
(5, 1, 2, (0, 1, 0), -3, (0, 0)): (4, 13)
(5, 1, 2, (0, 1, 0), -2, (0, 0)): (3, 8)
(5, 1, 2, (0, 1, 0), -1, (0, 0)): (9, 18)
(5, 1, 2, (0, 1, 0), 0, (0, 0)): (15, 36)
(5, 1, 2, (0, 1, 0), 1, (0, 0)): (31, 37)
(5, 1, 2, (0, 1, 0), 2, (0, 0)): (17, 20)
(5, 1, 2, (0, 1, 0), 3, (0, 0)): (19, 26)
(5, 1, 2, (0, 1, 0), 4, (0, 0)): (12, 13)
(5, 1, 2, (0, 1, 0), 5, (0, 0)): (7, 7)
(5, 1, 2, (0, 1, 0), 6, (0, 0)): (9, 9)
(5, 1, 2, (0, 1, 0), 7, (0, 0)): (3, 3)
(5, 1, 2, (0, 1, 0), 8, (0, 0)): (3, 3)
(5, 1, 2, (0, 1, 0), 9, (0, 0)): (2, 2)
(5, 1, 2, (0, 1, 0), 10, (0, 0)): (1, 1)
(5, 1, 2, (0, 1, 1), -6, (0, 0)): (1, 2)
(5, 1, 2, (0, 1, 1), -5, (0, 0)): (0, 1)
(5, 1, 2, (0, 1, 1), -4, (0, 0)): (0, 1)
(5, 1, 2, (0, 1, 1), -3, (0, 0)): (1, 3)
(5, 1, 2, (0, 1, 1), -1, (0, 0)): (4, 6)
(5, 1, 2, (0, 1, 1), 0, (0, 0)): (4, 6)
(5, 1, 2, (0, 1, 1), 1, (0, 0)): (6, 7)
(5, 1, 2, (0, 1, 1), 2, (0, 0)): (4, 5)
(5, 1, 2, (0, 1, 1), 3, (0, 0)): (1, 2)
(5, 1, 2, (0, 1, 1), 4, (0, 0)): (4, 4)
(5, 1, 2, (0, 1, 1), 5, (0, 0)): (1, 1)
(5, 1, 2, (0, 1, 1), 6, (0, 0)): (2, 2)
(5, 1, 2, (0, 1, 1), 7, (0, 0)): (1, 1)
(5, 1, 2, (0, 1, 1), 8, (0, 0)): (1, 1)
(5, 1, 2, (0, 1, 1), 12, (0, 0)): (1, 1)
(5, 1, 2, (1, 0, 0), -12, (0, 0)): (0, 1)
(5, 1, 2, (1, 0, 0), -10, (0, 0)): (0, 1)
(5, 1, 2, (1, 0, 0), -9, (0, 0)): (0, 2)
(5, 1, 2, (1, 0, 0), -8, (0, 0)): (0, 5)
(5, 1, 2, (1, 0, 0), -7, (0, 0)): (1, 5)
(5, 1, 2, (1, 0, 0), -6, (0, 0)): (0, 8)
(5, 1, 2, (1, 0, 0), -5, (0, 0)): (0, 16)
(5, 1, 2, (1, 0, 0), -4, (0, 0)): (2, 17)
(5, 1, 2, (1, 0, 0), -3, (0, 0)): (5, 30)
(5, 1, 2, (1, 0, 0), -2, (0, 0)): (9, 39)
(5, 1, 2, (1, 0, 0), -1, (0, 0)): (11, 37)
(5, 1, 2, (1, 0, 0), 0, (0, 0)): (36, 58)
(5, 1, 2, (1, 0, 0), 0, (0, 1)): (1, 1)
(5, 1, 2, (1, 0, 0), 0, (1, 1)): (1, 1)
(5, 1, 2, (1, 0, 0), 0, (1, 2)): (1, 1)
(5, 1, 2, (1, 0, 0), 0, (2, 2)): (1, 1)
(5, 1, 2, (1, 0, 0), 0, (3, 2)): (1, 1)
(5, 1, 2, (1, 0, 0), 1, (0, 0)): (29, 37)
(5, 1, 2, (1, 0, 0), 1, (0, 1)): (0, 1)
(5, 1, 2, (1, 0, 0), 1, (1, 1)): (0, 1)
(5, 1, 2, (1, 0, 0), 1, (1, 2)): (0, 1)
(5, 1, 2, (1, 0, 0), 1, (2, 2)): (0, 1)
(5, 1, 2, (1, 0, 0), 2, (0, 0)): (29, 41)
(5, 1, 2, (1, 0, 0), 3, (0, 0)): (28, 31)
(5, 1, 2, (1, 0, 0), 4, (0, 0)): (14, 15)
(5, 1, 2, (1, 0, 0), 5, (0, 0)): (16, 16)
(5, 1, 2, (1, 0, 0), 6, (0, 0)): (8, 8)
(5, 1, 2, (1, 0, 0), 7, (0, 0)): (8, 8)
(5, 1, 2, (1, 0, 0), 9, (0, 0)): (2, 2)
(5, 1, 2, (1, 0, 0), 10, (0, 0)): (1, 1)
(5, 1, 2, (1, 0, 0), 11, (0, 0)): (1, 1)
(5, 1, 2, (1, 0, 0), 12, (0, 0)): (1, 1)
(5, 1, 2, (1, 0, 1), -6, (0, 0)): (0, 1)
(5, 1, 2, (1, 0, 1), -5, (0, 0)): (0, 2)
(5, 1, 2, (1, 0, 1), -4, (0, 0)): (1, 8)
(5, 1, 2, (1, 0, 1), -3, (0, 0)): (0, 2)
(5, 1, 2, (1, 0, 1), -2, (0, 0)): (2, 9)
(5, 1, 2, (1, 0, 1), -1, (0, 0)): (3, 8)
(5, 1, 2, (1, 0, 1), 0, (0, 0)): (7, 9)
(5, 1, 2, (1, 0, 1), 1, (0, 0)): (8, 9)
(5, 1, 2, (1, 0, 1), 2, (0, 0)): (5, 6)
(5, 1, 2, (1, 0, 1), 3, (0, 0)): (10, 11)
(5, 1, 2, (1, 0, 1), 4, (0, 0)): (4, 4)
(5, 1, 2, (1, 0, 1), 5, (0, 0)): (6, 6)
(5, 1, 2, (1, 0, 1), 6, (0, 0)): (2, 2)
(5, 1, 2, (1, 0, 1), 7, (0, 0)): (4, 4)
(5, 1, 2, (1, 0, 1), 8, (0, 0)): (1, 1)
(5, 1, 2, (1, 0, 1), 9, (0, 0)): (2, 2)
(5, 1, 2, (1, 0, 1), 10, (0, 0)): (3, 3)
(5, 1, 2, (1, 1, 0), -8, (0, 0)): (0, 4)
(5, 1, 2, (1, 1, 0), -7, (0, 0)): (0, 4)
(5, 1, 2, (1, 1, 0), -6, (0, 0)): (0, 2)
(5, 1, 2, (1, 1, 0), -5, (0, 0)): (1, 11)
(5, 1, 2, (1, 1, 0), -4, (0, 0)): (1, 8)
(5, 1, 2, (1, 1, 0), -3, (0, 0)): (3, 16)
(5, 1, 2, (1, 1, 0), -2, (0, 0)): (5, 16)
(5, 1, 2, (1, 1, 0), -1, (0, 0)): (9, 20)
(5, 1, 2, (1, 1, 0), 0, (0, 0)): (15, 36)
(5, 1, 2, (1, 1, 0), 0, (1, 0)): (1, 1)
(5, 1, 2, (1, 1, 0), 1, (0, 0)): (22, 24)
(5, 1, 2, (1, 1, 0), 2, (0, 0)): (19, 21)
(5, 1, 2, (1, 1, 0), 3, (0, 0)): (15, 16)
(5, 1, 2, (1, 1, 0), 4, (0, 0)): (11, 12)
(5, 1, 2, (1, 1, 0), 5, (0, 0)): (5, 5)
(5, 1, 2, (1, 1, 0), 6, (0, 0)): (7, 7)
(5, 1, 2, (1, 1, 0), 7, (0, 0)): (1, 1)
(5, 1, 2, (1, 1, 0), 8, (0, 0)): (4, 4)
(5, 1, 2, (1, 1, 0), 11, (0, 0)): (1, 1)
(5, 1, 2, (1, 1, 1), -8, (0, 0)): (0, 1)
(5, 1, 2, (1, 1, 1), -5, (0, 0)): (0, 2)
(5, 1, 2, (1, 1, 1), -4, (0, 0)): (0, 2)
(5, 1, 2, (1, 1, 1), -3, (0, 0)): (0, 4)
(5, 1, 2, (1, 1, 1), -2, (0, 0)): (2, 4)
(5, 1, 2, (1, 1, 1), -1, (0, 0)): (3, 6)
(5, 1, 2, (1, 1, 1), 0, (0, 0)): (4, 11)
(5, 1, 2, (1, 1, 1), 1, (0, 0)): (8, 9)
(5, 1, 2, (1, 1, 1), 2, (0, 0)): (7, 7)
(5, 1, 2, (1, 1, 1), 3, (0, 0)): (4, 4)
(5, 1, 2, (1, 1, 1), 4, (0, 0)): (1, 1)
(5, 1, 2, (1, 1, 1), 5, (0, 0)): (4, 4)
(5, 1, 2, (1, 1, 1), 6, (0, 0)): (6, 6)
(5, 1, 2, (1, 1, 1), 7, (0, 0)): (3, 3)
(5, 1, 2, (1, 1, 1), 8, (0, 0)): (1, 1)
(6, 0, 0, (0, 0, 0), -12, (0, 0)): (0, 2)
(6, 0, 0, (0, 0, 0), -11, (0, 0)): (0, 4)
(6, 0, 0, (0, 0, 0), -10, (0, 0)): (0, 7)
(6, 0, 0, (0, 0, 0), -9, (0, 0)): (0, 4)
(6, 0, 0, (0, 0, 0), -8, (0, 0)): (0, 13)
(6, 0, 0, (0, 0, 0), -7, (0, 0)): (0, 23)
(6, 0, 0, (0, 0, 0), -6, (0, 0)): (1, 33)
(6, 0, 0, (0, 0, 0), -5, (0, 0)): (1, 42)
(6, 0, 0, (0, 0, 0), -4, (0, 0)): (3, 61)
(6, 0, 0, (0, 0, 0), -3, (0, 0)): (12, 93)
(6, 0, 0, (0, 0, 0), -2, (0, 0)): (27, 118)
(6, 0, 0, (0, 0, 0), -2, (1, 0)): (0, 1)
(6, 0, 0, (0, 0, 0), -1, (0, 0)): (35, 132)
(6, 0, 0, (0, 0, 0), -1, (0, 1)): (1, 1)
(6, 0, 0, (0, 0, 0), -1, (0, 2)): (1, 1)
(6, 0, 0, (0, 0, 0), -1, (1, 0)): (0, 1)
(6, 0, 0, (0, 0, 0), -1, (1, 1)): (0, 1)
(6, 0, 0, (0, 0, 0), -1, (2, 1)): (0, 1)
(6, 0, 0, (0, 0, 0), -1, (2, 2)): (0, 1)
(6, 0, 0, (0, 0, 0), 0, (0, 0)): (85, 157)
(6, 0, 0, (0, 0, 0), 1, (0, 0)): (85, 123)
(6, 0, 0, (0, 0, 0), 1, (0, 1)): (1, 1)
(6, 0, 0, (0, 0, 0), 1, (1, 1)): (1, 1)
(6, 0, 0, (0, 0, 0), 2, (0, 0)): (73, 100)
(6, 0, 0, (0, 0, 0), 3, (0, 0)): (75, 86)
(6, 0, 0, (0, 0, 0), 4, (0, 0)): (49, 51)
(6, 0, 0, (0, 0, 0), 5, (0, 0)): (43, 43)
(6, 0, 0, (0, 0, 0), 6, (0, 0)): (14, 14)
(6, 0, 0, (0, 0, 0), 7, (0, 0)): (13, 14)
(6, 0, 0, (0, 0, 0), 8, (0, 0)): (10, 10)
(6, 0, 0, (0, 0, 0), 9, (0, 0)): (5, 5)
(6, 0, 0, (0, 0, 0), 10, (0, 0)): (2, 2)
(6, 0, 0, (0, 0, 0), 12, (0, 0)): (1, 1)
(6, 0, 0, (0, 0, 1), -6, (0, 0)): (0, 1)
(6, 0, 0, (0, 0, 1), -3, (0, 0)): (1, 2)
(6, 0, 0, (0, 0, 1), -2, (0, 0)): (1, 2)
(6, 0, 0, (0, 0, 1), -1, (0, 0)): (2, 3)
(6, 0, 0, (0, 0, 1), 0, (0, 0)): (2, 2)
(6, 0, 0, (0, 0, 1), 1, (0, 0)): (1, 1)
(6, 0, 0, (0, 0, 1), 2, (0, 0)): (0, 1)
(6, 0, 0, (0, 0, 1), 3, (0, 0)): (2, 2)
(6, 0, 0, (0, 0, 1), 4, (0, 0)): (2, 2)
(6, 0, 0, (0, 0, 1), 5, (0, 0)): (2, 2)
(6, 0, 0, (0, 0, 1), 7, (0, 0)): (1, 1)
(6, 0, 0, (0, 0, 1), 10, (0, 0)): (1, 1)
(6, 0, 0, (0, 1, 0), -12, (0, 0)): (0, 1)
(6, 0, 0, (0, 1, 0), -9, (0, 0)): (0, 2)
(6, 0, 0, (0, 1, 0), -8, (0, 0)): (0, 4)
(6, 0, 0, (0, 1, 0), -7, (0, 0)): (0, 2)
(6, 0, 0, (0, 1, 0), -6, (0, 0)): (0, 1)
(6, 0, 0, (0, 1, 0), -5, (0, 0)): (0, 3)
(6, 0, 0, (0, 1, 0), -4, (0, 0)): (0, 1)
(6, 0, 0, (0, 1, 0), -3, (0, 0)): (1, 3)
(6, 0, 0, (0, 1, 0), -2, (0, 0)): (2, 4)
(6, 0, 0, (0, 1, 0), -1, (0, 0)): (5, 10)
(6, 0, 0, (0, 1, 0), 0, (0, 0)): (6, 9)
(6, 0, 0, (0, 1, 0), 1, (0, 0)): (6, 10)
(6, 0, 0, (0, 1, 0), 2, (0, 0)): (8, 9)
(6, 0, 0, (0, 1, 0), 3, (0, 0)): (6, 7)
(6, 0, 0, (0, 1, 0), 4, (0, 0)): (4, 4)
(6, 0, 0, (0, 1, 0), 5, (0, 0)): (3, 3)
(6, 0, 0, (0, 1, 0), 6, (0, 0)): (5, 5)
(6, 0, 0, (0, 1, 0), 7, (0, 0)): (1, 1)
(6, 0, 0, (0, 1, 1), -9, (0, 0)): (0, 1)
(6, 0, 0, (0, 1, 1), -5, (0, 0)): (0, 1)
(6, 0, 0, (0, 1, 1), -3, (0, 0)): (0, 1)
(6, 0, 0, (0, 1, 1), 0, (0, 0)): (3, 3)
(6, 0, 0, (0, 1, 1), 1, (0, 0)): (4, 4)
(6, 0, 0, (0, 1, 1), 2, (0, 0)): (1, 2)
(6, 0, 0, (1, 0, 0), -11, (0, 0)): (0, 1)
(6, 0, 0, (1, 0, 0), -10, (0, 0)): (0, 2)
(6, 0, 0, (1, 0, 0), -9, (0, 0)): (0, 2)
(6, 0, 0, (1, 0, 0), -8, (0, 0)): (0, 5)
(6, 0, 0, (1, 0, 0), -7, (0, 0)): (0, 11)
(6, 0, 0, (1, 0, 0), -6, (0, 0)): (1, 9)
(6, 0, 0, (1, 0, 0), -5, (0, 0)): (1, 19)
(6, 0, 0, (1, 0, 0), -4, (0, 0)): (2, 19)
(6, 0, 0, (1, 0, 0), -3, (0, 0)): (3, 21)
(6, 0, 0, (1, 0, 0), -2, (0, 0)): (8, 27)
(6, 0, 0, (1, 0, 0), -1, (0, 0)): (8, 36)
(6, 0, 0, (1, 0, 0), 0, (0, 0)): (20, 36)
(6, 0, 0, (1, 0, 0), 1, (0, 0)): (16, 30)
(6, 0, 0, (1, 0, 0), 2, (0, 0)): (20, 23)
(6, 0, 0, (1, 0, 0), 3, (0, 0)): (24, 25)
(6, 0, 0, (1, 0, 0), 4, (0, 0)): (12, 12)
(6, 0, 0, (1, 0, 0), 5, (0, 0)): (10, 10)
(6, 0, 0, (1, 0, 0), 6, (0, 0)): (6, 6)
(6, 0, 0, (1, 0, 0), 7, (0, 0)): (1, 1)
(6, 0, 0, (1, 0, 0), 8, (0, 0)): (4, 4)
(6, 0, 0, (1, 0, 0), 9, (0, 0)): (2, 2)
(6, 0, 0, (1, 0, 0), 10, (0, 0)): (1, 1)
(6, 0, 0, (1, 0, 0), 11, (0, 0)): (1, 1)
(6, 0, 0, (1, 0, 1), -10, (0, 0)): (0, 1)
(6, 0, 0, (1, 0, 1), -5, (0, 0)): (0, 1)
(6, 0, 0, (1, 0, 1), -4, (0, 0)): (1, 4)
(6, 0, 0, (1, 0, 1), -3, (0, 0)): (1, 2)
(6, 0, 0, (1, 0, 1), -2, (0, 0)): (2, 3)
(6, 0, 0, (1, 0, 1), -1, (0, 0)): (2, 6)
(6, 0, 0, (1, 0, 1), 0, (0, 0)): (4, 6)
(6, 0, 0, (1, 0, 1), 1, (0, 0)): (2, 3)
(6, 0, 0, (1, 0, 1), 2, (0, 0)): (2, 3)
(6, 0, 0, (1, 0, 1), 3, (0, 0)): (4, 4)
(6, 0, 0, (1, 0, 1), 4, (0, 0)): (1, 1)
(6, 0, 0, (1, 0, 1), 5, (0, 0)): (2, 2)
(6, 0, 0, (1, 0, 1), 6, (0, 0)): (1, 1)
(6, 0, 0, (1, 0, 1), 9, (0, 0)): (1, 1)
(6, 0, 0, (1, 0, 1), 10, (0, 0)): (1, 1)
(6, 0, 0, (1, 0, 1), 11, (0, 0)): (1, 1)
(6, 0, 0, (1, 1, 0), -11, (0, 0)): (0, 1)
(6, 0, 0, (1, 1, 0), -9, (0, 0)): (0, 1)
(6, 0, 0, (1, 1, 0), -7, (0, 0)): (0, 2)
(6, 0, 0, (1, 1, 0), -6, (0, 0)): (0, 1)
(6, 0, 0, (1, 1, 0), -5, (0, 0)): (0, 3)
(6, 0, 0, (1, 1, 0), -4, (0, 0)): (0, 4)
(6, 0, 0, (1, 1, 0), -3, (0, 0)): (1, 5)
(6, 0, 0, (1, 1, 0), -2, (0, 0)): (2, 7)
(6, 0, 0, (1, 1, 0), -1, (0, 0)): (4, 11)
(6, 0, 0, (1, 1, 0), 0, (0, 0)): (5, 6)
(6, 0, 0, (1, 1, 0), 1, (0, 0)): (3, 8)
(6, 0, 0, (1, 1, 0), 2, (0, 0)): (8, 8)
(6, 0, 0, (1, 1, 0), 3, (0, 0)): (6, 6)
(6, 0, 0, (1, 1, 0), 4, (0, 0)): (1, 1)
(6, 0, 0, (1, 1, 0), 5, (0, 0)): (3, 3)
(6, 0, 0, (1, 1, 0), 6, (0, 0)): (2, 2)
(6, 0, 0, (1, 1, 0), 7, (0, 0)): (2, 2)
(6, 0, 0, (1, 1, 0), 8, (0, 0)): (1, 1)
(6, 0, 0, (1, 1, 1), -11, (0, 0)): (0, 1)
(6, 0, 0, (1, 1, 1), -4, (0, 0)): (0, 2)
(6, 0, 0, (1, 1, 1), -2, (0, 0)): (0, 1)
(6, 0, 0, (1, 1, 1), -1, (0, 0)): (1, 2)
(6, 0, 0, (1, 1, 1), 0, (0, 0)): (1, 2)
(6, 0, 0, (1, 1, 1), 1, (0, 0)): (3, 3)
(6, 0, 0, (1, 1, 1), 2, (0, 0)): (1, 1)
(6, 0, 0, (1, 1, 1), 3, (0, 0)): (1, 1)
(6, 0, 0, (1, 1, 1), 4, (0, 0)): (1, 1)
(6, 0, 0, (1, 1, 1), 7, (0, 0)): (1, 1)
(6, 0, 1, (0, 0, 0), -12, (0, 0)): (0, 1)
(6, 0, 1, (0, 0, 0), -11, (0, 0)): (0, 3)
(6, 0, 1, (0, 0, 0), -10, (0, 0)): (0, 5)
(6, 0, 1, (0, 0, 0), -9, (0, 0)): (0, 1)
(6, 0, 1, (0, 0, 0), -8, (0, 0)): (0, 7)
(6, 0, 1, (0, 0, 0), -7, (0, 0)): (0, 12)
(6, 0, 1, (0, 0, 0), -6, (0, 0)): (0, 24)
(6, 0, 1, (0, 0, 0), -5, (0, 0)): (0, 23)
(6, 0, 1, (0, 0, 0), -4, (0, 0)): (1, 42)
(6, 0, 1, (0, 0, 0), -3, (0, 0)): (7, 68)
(6, 0, 1, (0, 0, 0), -2, (0, 0)): (13, 80)
(6, 0, 1, (0, 0, 0), -1, (0, 0)): (21, 93)
(6, 0, 1, (0, 0, 0), -1, (0, 1)): (1, 1)
(6, 0, 1, (0, 0, 0), -1, (1, 1)): (1, 1)
(6, 0, 1, (0, 0, 0), -1, (2, 1)): (1, 1)
(6, 0, 1, (0, 0, 0), -1, (3, 1)): (1, 1)
(6, 0, 1, (0, 0, 0), -1, (3, 2)): (1, 1)
(6, 0, 1, (0, 0, 0), 0, (0, 0)): (60, 116)
(6, 0, 1, (0, 0, 0), 1, (0, 0)): (65, 87)
(6, 0, 1, (0, 0, 0), 2, (0, 0)): (49, 72)
(6, 0, 1, (0, 0, 0), 3, (0, 0)): (44, 54)
(6, 0, 1, (0, 0, 0), 4, (0, 0)): (34, 36)
(6, 0, 1, (0, 0, 0), 5, (0, 0)): (33, 33)
(6, 0, 1, (0, 0, 0), 6, (0, 0)): (8, 8)
(6, 0, 1, (0, 0, 0), 7, (0, 0)): (10, 11)
(6, 0, 1, (0, 0, 0), 8, (0, 0)): (7, 7)
(6, 0, 1, (0, 0, 0), 9, (0, 0)): (3, 3)
(6, 0, 1, (0, 0, 0), 10, (0, 0)): (1, 1)
(6, 0, 1, (0, 0, 0), 12, (0, 0)): (1, 1)
(6, 0, 1, (0, 0, 1), -11, (0, 0)): (0, 1)
(6, 0, 1, (0, 0, 1), -8, (0, 0)): (0, 1)
(6, 0, 1, (0, 0, 1), -5, (0, 0)): (0, 1)
(6, 0, 1, (0, 0, 1), -3, (0, 0)): (1, 3)
(6, 0, 1, (0, 0, 1), -2, (0, 0)): (2, 3)
(6, 0, 1, (0, 0, 1), -1, (0, 0)): (1, 4)
(6, 0, 1, (0, 0, 1), 0, (0, 0)): (3, 3)
(6, 0, 1, (0, 0, 1), 1, (0, 0)): (5, 5)
(6, 0, 1, (0, 0, 1), 2, (0, 0)): (3, 5)
(6, 0, 1, (0, 0, 1), 3, (0, 0)): (7, 7)
(6, 0, 1, (0, 0, 1), 4, (0, 0)): (3, 3)
(6, 0, 1, (0, 0, 1), 5, (0, 0)): (5, 5)
(6, 0, 1, (0, 0, 1), 6, (0, 0)): (3, 3)
(6, 0, 1, (0, 0, 1), 7, (0, 0)): (2, 2)
(6, 0, 1, (0, 1, 0), -12, (0, 0)): (0, 1)
(6, 0, 1, (0, 1, 0), -9, (0, 0)): (0, 2)
(6, 0, 1, (0, 1, 0), -8, (0, 0)): (0, 2)
(6, 0, 1, (0, 1, 0), -7, (0, 0)): (0, 2)
(6, 0, 1, (0, 1, 0), -6, (0, 0)): (1, 4)
(6, 0, 1, (0, 1, 0), -5, (0, 0)): (0, 7)
(6, 0, 1, (0, 1, 0), -4, (0, 0)): (0, 1)
(6, 0, 1, (0, 1, 0), -3, (0, 0)): (1, 7)
(6, 0, 1, (0, 1, 0), -2, (0, 0)): (4, 11)
(6, 0, 1, (0, 1, 0), -1, (0, 0)): (4, 15)
(6, 0, 1, (0, 1, 0), 0, (0, 0)): (12, 21)
(6, 0, 1, (0, 1, 0), 1, (0, 0)): (11, 14)
(6, 0, 1, (0, 1, 0), 1, (1, 0)): (1, 1)
(6, 0, 1, (0, 1, 0), 1, (2, 0)): (1, 1)
(6, 0, 1, (0, 1, 0), 1, (3, 0)): (1, 1)
(6, 0, 1, (0, 1, 0), 1, (3, 1)): (1, 1)
(6, 0, 1, (0, 1, 0), 1, (3, 2)): (1, 1)
(6, 0, 1, (0, 1, 0), 2, (0, 0)): (19, 20)
(6, 0, 1, (0, 1, 0), 3, (0, 0)): (12, 13)
(6, 0, 1, (0, 1, 0), 4, (0, 0)): (10, 11)
(6, 0, 1, (0, 1, 0), 5, (0, 0)): (11, 11)
(6, 0, 1, (0, 1, 0), 6, (0, 0)): (4, 4)
(6, 0, 1, (0, 1, 0), 7, (0, 0)): (5, 5)
(6, 0, 1, (0, 1, 0), 8, (0, 0)): (1, 1)
(6, 0, 1, (0, 1, 0), 9, (0, 0)): (2, 2)
(6, 0, 1, (0, 1, 1), -7, (0, 0)): (0, 1)
(6, 0, 1, (0, 1, 1), -6, (0, 0)): (0, 3)
(6, 0, 1, (0, 1, 1), -5, (0, 0)): (1, 3)
(6, 0, 1, (0, 1, 1), -4, (0, 0)): (0, 6)
(6, 0, 1, (0, 1, 1), -3, (0, 0)): (0, 3)
(6, 0, 1, (0, 1, 1), -2, (0, 0)): (1, 3)
(6, 0, 1, (0, 1, 1), -1, (0, 0)): (1, 2)
(6, 0, 1, (0, 1, 1), 0, (0, 0)): (3, 4)
(6, 0, 1, (0, 1, 1), 1, (0, 0)): (2, 6)
(6, 0, 1, (0, 1, 1), 2, (0, 0)): (6, 8)
(6, 0, 1, (0, 1, 1), 3, (0, 0)): (3, 3)
(6, 0, 1, (0, 1, 1), 4, (0, 0)): (3, 4)
(6, 0, 1, (0, 1, 1), 5, (0, 0)): (3, 3)
(6, 0, 1, (0, 1, 1), 6, (0, 0)): (3, 3)
(6, 0, 1, (0, 1, 1), 7, (0, 0)): (1, 1)
(6, 0, 1, (1, 0, 0), -9, (0, 0)): (0, 1)
(6, 0, 1, (1, 0, 0), -8, (0, 0)): (0, 7)
(6, 0, 1, (1, 0, 0), -7, (0, 0)): (0, 12)
(6, 0, 1, (1, 0, 0), -6, (0, 0)): (0, 17)
(6, 0, 1, (1, 0, 0), -5, (0, 0)): (1, 14)
(6, 0, 1, (1, 0, 0), -4, (0, 0)): (2, 30)
(6, 0, 1, (1, 0, 0), -3, (0, 0)): (6, 31)
(6, 0, 1, (1, 0, 0), -2, (0, 0)): (8, 35)
(6, 0, 1, (1, 0, 0), -1, (0, 0)): (7, 34)
(6, 0, 1, (1, 0, 0), 0, (0, 0)): (23, 41)
(6, 0, 1, (1, 0, 0), 1, (0, 0)): (32, 45)
(6, 0, 1, (1, 0, 0), 2, (0, 0)): (21, 29)
(6, 0, 1, (1, 0, 0), 3, (0, 0)): (18, 23)
(6, 0, 1, (1, 0, 0), 4, (0, 0)): (19, 19)
(6, 0, 1, (1, 0, 0), 5, (0, 0)): (16, 16)
(6, 0, 1, (1, 0, 0), 6, (0, 0)): (11, 11)
(6, 0, 1, (1, 0, 0), 7, (0, 0)): (2, 2)
(6, 0, 1, (1, 0, 0), 8, (0, 0)): (4, 4)
(6, 0, 1, (1, 0, 0), 9, (0, 0)): (4, 4)
(6, 0, 1, (1, 0, 0), 10, (0, 0)): (2, 2)
(6, 0, 1, (1, 0, 0), 12, (0, 0)): (1, 1)
(6, 0, 1, (1, 0, 1), -11, (0, 0)): (0, 1)
(6, 0, 1, (1, 0, 1), -9, (0, 0)): (0, 1)
(6, 0, 1, (1, 0, 1), -6, (0, 0)): (0, 2)
(6, 0, 1, (1, 0, 1), -4, (0, 0)): (0, 2)
(6, 0, 1, (1, 0, 1), -3, (0, 0)): (0, 4)
(6, 0, 1, (1, 0, 1), -2, (0, 0)): (2, 4)
(6, 0, 1, (1, 0, 1), -1, (0, 0)): (1, 10)
(6, 0, 1, (1, 0, 1), 0, (0, 0)): (7, 12)
(6, 0, 1, (1, 0, 1), 1, (0, 0)): (5, 7)
(6, 0, 1, (1, 0, 1), 2, (0, 0)): (4, 9)
(6, 0, 1, (1, 0, 1), 3, (0, 0)): (9, 9)
(6, 0, 1, (1, 0, 1), 4, (0, 0)): (2, 2)
(6, 0, 1, (1, 0, 1), 5, (0, 0)): (4, 4)
(6, 0, 1, (1, 0, 1), 6, (0, 0)): (2, 2)
(6, 0, 1, (1, 0, 1), 8, (0, 0)): (1, 1)
(6, 0, 1, (1, 0, 1), 10, (0, 0)): (1, 1)
(6, 0, 1, (1, 0, 1), 11, (0, 0)): (1, 1)
(6, 0, 1, (1, 1, 0), -12, (0, 0)): (0, 1)
(6, 0, 1, (1, 1, 0), -9, (0, 0)): (0, 2)
(6, 0, 1, (1, 1, 0), -8, (0, 0)): (0, 3)
(6, 0, 1, (1, 1, 0), -7, (0, 0)): (0, 5)
(6, 0, 1, (1, 1, 0), -6, (0, 0)): (0, 8)
(6, 0, 1, (1, 1, 0), -5, (0, 0)): (0, 8)
(6, 0, 1, (1, 1, 0), -4, (0, 0)): (1, 9)
(6, 0, 1, (1, 1, 0), -3, (0, 0)): (3, 7)
(6, 0, 1, (1, 1, 0), -2, (0, 0)): (2, 11)
(6, 0, 1, (1, 1, 0), -1, (0, 0)): (3, 11)
(6, 0, 1, (1, 1, 0), 0, (0, 0)): (7, 15)
(6, 0, 1, (1, 1, 0), 1, (0, 0)): (9, 17)
(6, 0, 1, (1, 1, 0), 2, (0, 0)): (13, 15)
(6, 0, 1, (1, 1, 0), 3, (0, 0)): (6, 8)
(6, 0, 1, (1, 1, 0), 4, (0, 0)): (5, 5)
(6, 0, 1, (1, 1, 0), 5, (0, 0)): (3, 3)
(6, 0, 1, (1, 1, 0), 6, (0, 0)): (1, 1)
(6, 0, 1, (1, 1, 0), 7, (0, 0)): (4, 4)
(6, 0, 1, (1, 1, 0), 8, (0, 0)): (3, 3)
(6, 0, 1, (1, 1, 0), 9, (0, 0)): (2, 2)
(6, 0, 1, (1, 1, 0), 10, (0, 0)): (1, 1)
(6, 0, 1, (1, 1, 1), -9, (0, 0)): (0, 1)
(6, 0, 1, (1, 1, 1), -8, (0, 0)): (0, 1)
(6, 0, 1, (1, 1, 1), -7, (0, 0)): (0, 1)
(6, 0, 1, (1, 1, 1), -6, (0, 0)): (0, 3)
(6, 0, 1, (1, 1, 1), -5, (0, 0)): (0, 1)
(6, 0, 1, (1, 1, 1), -4, (0, 0)): (0, 1)
(6, 0, 1, (1, 1, 1), -3, (0, 0)): (0, 2)
(6, 0, 1, (1, 1, 1), -2, (0, 0)): (2, 4)
(6, 0, 1, (1, 1, 1), -1, (0, 0)): (2, 3)
(6, 0, 1, (1, 1, 1), 0, (0, 0)): (2, 2)
(6, 0, 1, (1, 1, 1), 1, (0, 0)): (4, 7)
(6, 0, 1, (1, 1, 1), 2, (0, 0)): (5, 8)
(6, 0, 1, (1, 1, 1), 3, (0, 0)): (2, 3)
(6, 0, 1, (1, 1, 1), 4, (0, 0)): (2, 2)
(6, 0, 1, (1, 1, 1), 5, (0, 0)): (3, 3)
(6, 0, 1, (1, 1, 1), 6, (0, 0)): (1, 1)
(6, 0, 1, (1, 1, 1), 7, (0, 0)): (1, 1)
(6, 0, 1, (1, 1, 1), 8, (0, 0)): (1, 1)
(6, 0, 1, (1, 1, 1), 9, (0, 0)): (1, 1)
(6, 0, 1, (1, 1, 1), 10, (0, 0)): (1, 1)
(6, 0, 1, (1, 1, 1), 11, (0, 0)): (1, 1)
(6, 0, 2, (0, 0, 0), -12, (0, 0)): (0, 1)
(6, 0, 2, (0, 0, 0), -11, (0, 0)): (0, 2)
(6, 0, 2, (0, 0, 0), -10, (0, 0)): (0, 6)
(6, 0, 2, (0, 0, 0), -8, (0, 0)): (0, 3)
(6, 0, 2, (0, 0, 0), -7, (0, 0)): (0, 9)
(6, 0, 2, (0, 0, 0), -6, (0, 0)): (0, 10)
(6, 0, 2, (0, 0, 0), -5, (0, 0)): (0, 19)
(6, 0, 2, (0, 0, 0), -4, (0, 0)): (0, 26)
(6, 0, 2, (0, 0, 0), -3, (0, 0)): (4, 50)
(6, 0, 2, (0, 0, 0), -2, (0, 0)): (9, 59)
(6, 0, 2, (0, 0, 0), -2, (0, 1)): (0, 1)
(6, 0, 2, (0, 0, 0), -2, (1, 1)): (0, 1)
(6, 0, 2, (0, 0, 0), -2, (1, 2)): (0, 1)
(6, 0, 2, (0, 0, 0), -1, (0, 0)): (20, 80)
(6, 0, 2, (0, 0, 0), -1, (0, 1)): (1, 1)
(6, 0, 2, (0, 0, 0), -1, (0, 2)): (1, 1)
(6, 0, 2, (0, 0, 0), -1, (1, 0)): (0, 1)
(6, 0, 2, (0, 0, 0), -1, (1, 1)): (0, 1)
(6, 0, 2, (0, 0, 0), -1, (2, 1)): (0, 1)
(6, 0, 2, (0, 0, 0), -1, (3, 1)): (0, 1)
(6, 0, 2, (0, 0, 0), -1, (3, 2)): (0, 1)
(6, 0, 2, (0, 0, 0), 0, (0, 0)): (47, 95)
(6, 0, 2, (0, 0, 0), 1, (0, 0)): (45, 66)
(6, 0, 2, (0, 0, 0), 2, (0, 0)): (33, 51)
(6, 0, 2, (0, 0, 0), 3, (0, 0)): (39, 48)
(6, 0, 2, (0, 0, 0), 4, (0, 0)): (29, 32)
(6, 0, 2, (0, 0, 0), 5, (0, 0)): (24, 24)
(6, 0, 2, (0, 0, 0), 6, (0, 0)): (6, 6)
(6, 0, 2, (0, 0, 0), 7, (0, 0)): (8, 9)
(6, 0, 2, (0, 0, 0), 8, (0, 0)): (8, 8)
(6, 0, 2, (0, 0, 0), 9, (0, 0)): (2, 2)
(6, 0, 2, (0, 0, 0), 10, (0, 0)): (1, 1)
(6, 0, 2, (0, 0, 0), 12, (0, 0)): (1, 1)
(6, 0, 2, (0, 0, 0), 13, (0, 0)): (1, 1)
(6, 0, 2, (0, 0, 1), -9, (0, 0)): (0, 1)
(6, 0, 2, (0, 0, 1), -7, (0, 0)): (0, 1)
(6, 0, 2, (0, 0, 1), -5, (0, 0)): (0, 6)
(6, 0, 2, (0, 0, 1), -4, (0, 0)): (0, 1)
(6, 0, 2, (0, 0, 1), -3, (0, 0)): (1, 7)
(6, 0, 2, (0, 0, 1), -2, (0, 0)): (2, 3)
(6, 0, 2, (0, 0, 1), -1, (0, 0)): (1, 6)
(6, 0, 2, (0, 0, 1), 0, (0, 0)): (3, 3)
(6, 0, 2, (0, 0, 1), 1, (0, 0)): (2, 4)
(6, 0, 2, (0, 0, 1), 2, (0, 0)): (5, 7)
(6, 0, 2, (0, 0, 1), 3, (0, 0)): (4, 4)
(6, 0, 2, (0, 0, 1), 4, (0, 0)): (4, 5)
(6, 0, 2, (0, 0, 1), 5, (0, 0)): (8, 8)
(6, 0, 2, (0, 0, 1), 6, (0, 0)): (3, 3)
(6, 0, 2, (0, 0, 1), 7, (0, 0)): (2, 2)
(6, 0, 2, (0, 0, 1), 8, (0, 0)): (1, 1)
(6, 0, 2, (0, 0, 1), 9, (0, 0)): (1, 1)
(6, 0, 2, (0, 0, 1), 13, (0, 0)): (1, 1)
(6, 0, 2, (0, 1, 0), -8, (0, 0)): (0, 2)
(6, 0, 2, (0, 1, 0), -7, (0, 0)): (0, 4)
(6, 0, 2, (0, 1, 0), -6, (0, 0)): (1, 3)
(6, 0, 2, (0, 1, 0), -5, (0, 0)): (0, 7)
(6, 0, 2, (0, 1, 0), -4, (0, 0)): (0, 7)
(6, 0, 2, (0, 1, 0), -3, (0, 0)): (1, 7)
(6, 0, 2, (0, 1, 0), -2, (0, 0)): (4, 16)
(6, 0, 2, (0, 1, 0), -1, (0, 0)): (5, 20)
(6, 0, 2, (0, 1, 0), 0, (0, 0)): (9, 19)
(6, 0, 2, (0, 1, 0), 1, (0, 0)): (15, 21)
(6, 0, 2, (0, 1, 0), 1, (0, 1)): (1, 1)
(6, 0, 2, (0, 1, 0), 2, (0, 0)): (19, 22)
(6, 0, 2, (0, 1, 0), 3, (0, 0)): (17, 18)
(6, 0, 2, (0, 1, 0), 4, (0, 0)): (15, 17)
(6, 0, 2, (0, 1, 0), 5, (0, 0)): (8, 9)
(6, 0, 2, (0, 1, 0), 6, (0, 0)): (7, 7)
(6, 0, 2, (0, 1, 0), 7, (0, 0)): (6, 6)
(6, 0, 2, (0, 1, 0), 8, (0, 0)): (2, 2)
(6, 0, 2, (0, 1, 0), 9, (0, 0)): (1, 1)
(6, 0, 2, (0, 1, 0), 10, (0, 0)): (1, 1)
(6, 0, 2, (0, 1, 0), 11, (0, 0)): (1, 1)
(6, 0, 2, (0, 1, 1), -7, (0, 0)): (0, 1)
(6, 0, 2, (0, 1, 1), -6, (0, 0)): (0, 1)
(6, 0, 2, (0, 1, 1), -5, (0, 0)): (1, 2)
(6, 0, 2, (0, 1, 1), -4, (0, 0)): (0, 3)
(6, 0, 2, (0, 1, 1), -3, (0, 0)): (0, 5)
(6, 0, 2, (0, 1, 1), -2, (0, 0)): (0, 6)
(6, 0, 2, (0, 1, 1), -1, (0, 0)): (1, 2)
(6, 0, 2, (0, 1, 1), 0, (0, 0)): (3, 5)
(6, 0, 2, (0, 1, 1), 1, (0, 0)): (2, 3)
(6, 0, 2, (0, 1, 1), 2, (0, 0)): (3, 4)
(6, 0, 2, (0, 1, 1), 3, (0, 0)): (3, 3)
(6, 0, 2, (0, 1, 1), 4, (0, 0)): (3, 4)
(6, 0, 2, (0, 1, 1), 5, (0, 0)): (3, 4)
(6, 0, 2, (0, 1, 1), 6, (0, 0)): (4, 4)
(6, 0, 2, (0, 1, 1), 7, (0, 0)): (1, 1)
(6, 0, 2, (0, 1, 1), 10, (0, 0)): (2, 2)
(6, 0, 2, (1, 0, 0), -12, (0, 0)): (0, 1)
(6, 0, 2, (1, 0, 0), -10, (0, 0)): (0, 3)
(6, 0, 2, (1, 0, 0), -9, (0, 0)): (0, 1)
(6, 0, 2, (1, 0, 0), -8, (0, 0)): (0, 5)
(6, 0, 2, (1, 0, 0), -7, (0, 0)): (0, 10)
(6, 0, 2, (1, 0, 0), -6, (0, 0)): (0, 7)
(6, 0, 2, (1, 0, 0), -5, (0, 0)): (1, 10)
(6, 0, 2, (1, 0, 0), -4, (0, 0)): (0, 22)
(6, 0, 2, (1, 0, 0), -3, (0, 0)): (4, 32)
(6, 0, 2, (1, 0, 0), -2, (0, 0)): (3, 31)
(6, 0, 2, (1, 0, 0), -1, (0, 0)): (10, 42)
(6, 0, 2, (1, 0, 0), 0, (0, 0)): (20, 44)
(6, 0, 2, (1, 0, 0), 1, (0, 0)): (28, 45)
(6, 0, 2, (1, 0, 0), 2, (0, 0)): (25, 38)
(6, 0, 2, (1, 0, 0), 3, (0, 0)): (24, 30)
(6, 0, 2, (1, 0, 0), 4, (0, 0)): (20, 22)
(6, 0, 2, (1, 0, 0), 5, (0, 0)): (17, 17)
(6, 0, 2, (1, 0, 0), 6, (0, 0)): (8, 8)
(6, 0, 2, (1, 0, 0), 7, (0, 0)): (4, 5)
(6, 0, 2, (1, 0, 0), 8, (0, 0)): (7, 7)
(6, 0, 2, (1, 0, 0), 9, (0, 0)): (2, 2)
(6, 0, 2, (1, 0, 0), 10, (0, 0)): (4, 4)
(6, 0, 2, (1, 0, 0), 12, (0, 0)): (2, 2)
(6, 0, 2, (1, 0, 0), 13, (0, 0)): (1, 1)
(6, 0, 2, (1, 0, 0), 14, (0, 0)): (1, 1)
(6, 0, 2, (1, 0, 1), -8, (0, 0)): (0, 1)
(6, 0, 2, (1, 0, 1), -7, (0, 0)): (0, 2)
(6, 0, 2, (1, 0, 1), -6, (0, 0)): (0, 2)
(6, 0, 2, (1, 0, 1), -5, (0, 0)): (0, 3)
(6, 0, 2, (1, 0, 1), -3, (0, 0)): (0, 3)
(6, 0, 2, (1, 0, 1), -2, (0, 0)): (1, 4)
(6, 0, 2, (1, 0, 1), -1, (0, 0)): (1, 6)
(6, 0, 2, (1, 0, 1), 0, (0, 0)): (4, 8)
(6, 0, 2, (1, 0, 1), 1, (0, 0)): (2, 6)
(6, 0, 2, (1, 0, 1), 2, (0, 0)): (8, 9)
(6, 0, 2, (1, 0, 1), 3, (0, 0)): (8, 9)
(6, 0, 2, (1, 0, 1), 5, (0, 0)): (4, 5)
(6, 0, 2, (1, 0, 1), 6, (0, 0)): (5, 5)
(6, 0, 2, (1, 0, 1), 7, (0, 0)): (3, 4)
(6, 0, 2, (1, 0, 1), 8, (0, 0)): (1, 1)
(6, 0, 2, (1, 0, 1), 10, (0, 0)): (2, 2)
(6, 0, 2, (1, 1, 0), -12, (0, 0)): (0, 1)
(6, 0, 2, (1, 1, 0), -9, (0, 0)): (0, 1)
(6, 0, 2, (1, 1, 0), -8, (0, 0)): (0, 5)
(6, 0, 2, (1, 1, 0), -7, (0, 0)): (0, 4)
(6, 0, 2, (1, 1, 0), -6, (0, 0)): (0, 5)
(6, 0, 2, (1, 1, 0), -5, (0, 0)): (0, 6)
(6, 0, 2, (1, 1, 0), -4, (0, 0)): (1, 18)
(6, 0, 2, (1, 1, 0), -3, (0, 0)): (0, 11)
(6, 0, 2, (1, 1, 0), -2, (0, 0)): (1, 13)
(6, 0, 2, (1, 1, 0), -1, (0, 0)): (6, 21)
(6, 0, 2, (1, 1, 0), 0, (0, 0)): (14, 25)
(6, 0, 2, (1, 1, 0), 1, (0, 0)): (16, 22)
(6, 0, 2, (1, 1, 0), 2, (0, 0)): (17, 21)
(6, 0, 2, (1, 1, 0), 2, (0, 1)): (1, 1)
(6, 0, 2, (1, 1, 0), 2, (1, 1)): (1, 1)
(6, 0, 2, (1, 1, 0), 2, (1, 2)): (1, 1)
(6, 0, 2, (1, 1, 0), 3, (0, 0)): (9, 12)
(6, 0, 2, (1, 1, 0), 4, (0, 0)): (13, 14)
(6, 0, 2, (1, 1, 0), 5, (0, 0)): (10, 10)
(6, 0, 2, (1, 1, 0), 6, (0, 0)): (6, 6)
(6, 0, 2, (1, 1, 0), 7, (0, 0)): (1, 1)
(6, 0, 2, (1, 1, 0), 8, (0, 0)): (3, 3)
(6, 0, 2, (1, 1, 0), 9, (0, 0)): (2, 2)
(6, 0, 2, (1, 1, 0), 12, (0, 0)): (1, 1)
(6, 0, 2, (1, 1, 1), -5, (0, 0)): (0, 4)
(6, 0, 2, (1, 1, 1), -4, (0, 0)): (1, 1)
(6, 0, 2, (1, 1, 1), -3, (0, 0)): (0, 2)
(6, 0, 2, (1, 1, 1), -2, (0, 0)): (0, 7)
(6, 0, 2, (1, 1, 1), -1, (0, 0)): (1, 3)
(6, 0, 2, (1, 1, 1), 0, (0, 0)): (5, 10)
(6, 0, 2, (1, 1, 1), 1, (0, 0)): (3, 7)
(6, 0, 2, (1, 1, 1), 2, (0, 0)): (8, 10)
(6, 0, 2, (1, 1, 1), 3, (0, 0)): (4, 4)
(6, 0, 2, (1, 1, 1), 4, (0, 0)): (5, 5)
(6, 0, 2, (1, 1, 1), 5, (0, 0)): (5, 5)
(6, 0, 2, (1, 1, 1), 6, (0, 0)): (3, 3)
(6, 0, 2, (1, 1, 1), 7, (0, 0)): (2, 3)
(6, 0, 2, (1, 1, 1), 8, (0, 0)): (0, 1)
(6, 0, 2, (1, 1, 1), 10, (0, 0)): (1, 1)
(6, 1, 0, (0, 0, 0), -14, (0, 0)): (0, 1)
(6, 1, 0, (0, 0, 0), -13, (0, 0)): (0, 1)
(6, 1, 0, (0, 0, 0), -12, (0, 0)): (0, 3)
(6, 1, 0, (0, 0, 0), -11, (0, 0)): (0, 2)
(6, 1, 0, (0, 0, 0), -10, (0, 0)): (0, 7)
(6, 1, 0, (0, 0, 0), -9, (0, 0)): (0, 1)
(6, 1, 0, (0, 0, 0), -8, (0, 0)): (1, 19)
(6, 1, 0, (0, 0, 0), -7, (0, 0)): (1, 20)
(6, 1, 0, (0, 0, 0), -6, (0, 0)): (0, 24)
(6, 1, 0, (0, 0, 0), -5, (0, 0)): (0, 45)
(6, 1, 0, (0, 0, 0), -4, (0, 0)): (6, 69)
(6, 1, 0, (0, 0, 0), -3, (0, 0)): (14, 83)
(6, 1, 0, (0, 0, 0), -2, (0, 0)): (36, 112)
(6, 1, 0, (0, 0, 0), -2, (1, 0)): (0, 1)
(6, 1, 0, (0, 0, 0), -1, (0, 0)): (44, 120)
(6, 1, 0, (0, 0, 0), 0, (0, 0)): (78, 140)
(6, 1, 0, (0, 0, 0), 1, (0, 0)): (100, 128)
(6, 1, 0, (0, 0, 0), 1, (1, 0)): (1, 2)
(6, 1, 0, (0, 0, 0), 1, (1, 1)): (1, 1)
(6, 1, 0, (0, 0, 0), 1, (2, 0)): (0, 1)
(6, 1, 0, (0, 0, 0), 1, (2, 1)): (0, 1)
(6, 1, 0, (0, 0, 0), 1, (2, 2)): (0, 1)
(6, 1, 0, (0, 0, 0), 2, (0, 0)): (88, 106)
(6, 1, 0, (0, 0, 0), 2, (0, 1)): (1, 1)
(6, 1, 0, (0, 0, 0), 3, (0, 0)): (78, 85)
(6, 1, 0, (0, 0, 0), 3, (1, 0)): (1, 1)
(6, 1, 0, (0, 0, 0), 3, (2, 0)): (1, 1)
(6, 1, 0, (0, 0, 0), 3, (2, 1)): (1, 1)
(6, 1, 0, (0, 0, 0), 3, (3, 1)): (1, 1)
(6, 1, 0, (0, 0, 0), 4, (0, 0)): (55, 56)
(6, 1, 0, (0, 0, 0), 5, (0, 0)): (39, 39)
(6, 1, 0, (0, 0, 0), 6, (0, 0)): (24, 24)
(6, 1, 0, (0, 0, 0), 7, (0, 0)): (23, 23)
(6, 1, 0, (0, 0, 0), 8, (0, 0)): (8, 8)
(6, 1, 0, (0, 0, 0), 9, (0, 0)): (4, 4)
(6, 1, 0, (0, 0, 0), 10, (0, 0)): (6, 6)
(6, 1, 0, (0, 0, 0), 11, (0, 0)): (2, 2)
(6, 1, 0, (0, 0, 0), 12, (0, 0)): (2, 2)
(6, 1, 0, (0, 0, 1), -7, (0, 0)): (0, 1)
(6, 1, 0, (0, 0, 1), -3, (0, 0)): (0, 1)
(6, 1, 0, (0, 0, 1), -2, (0, 0)): (1, 1)
(6, 1, 0, (0, 0, 1), -1, (0, 0)): (1, 3)
(6, 1, 0, (0, 0, 1), 0, (0, 0)): (1, 1)
(6, 1, 0, (0, 0, 1), 1, (0, 0)): (1, 2)
(6, 1, 0, (0, 0, 1), 2, (0, 0)): (1, 1)
(6, 1, 0, (0, 0, 1), 3, (0, 0)): (3, 3)
(6, 1, 0, (0, 0, 1), 4, (0, 0)): (2, 2)
(6, 1, 0, (0, 0, 1), 5, (0, 0)): (1, 1)
(6, 1, 0, (0, 0, 1), 6, (0, 0)): (1, 1)
(6, 1, 0, (0, 0, 1), 10, (0, 0)): (1, 1)
(6, 1, 0, (0, 0, 1), 12, (0, 0)): (1, 1)
(6, 1, 0, (0, 1, 0), -6, (0, 0)): (0, 3)
(6, 1, 0, (0, 1, 0), -5, (0, 0)): (0, 2)
(6, 1, 0, (0, 1, 0), -4, (0, 0)): (0, 9)
(6, 1, 0, (0, 1, 0), -3, (0, 0)): (0, 4)
(6, 1, 0, (0, 1, 0), -2, (0, 0)): (2, 8)
(6, 1, 0, (0, 1, 0), -1, (0, 0)): (5, 10)
(6, 1, 0, (0, 1, 0), 0, (0, 0)): (6, 8)
(6, 1, 0, (0, 1, 0), 1, (0, 0)): (6, 7)
(6, 1, 0, (0, 1, 0), 2, (0, 0)): (6, 7)
(6, 1, 0, (0, 1, 0), 3, (0, 0)): (4, 4)
(6, 1, 0, (0, 1, 0), 4, (0, 0)): (5, 5)
(6, 1, 0, (0, 1, 0), 5, (0, 0)): (3, 3)
(6, 1, 0, (0, 1, 0), 6, (0, 0)): (1, 1)
(6, 1, 0, (0, 1, 0), 7, (0, 0)): (1, 1)
(6, 1, 0, (0, 1, 0), 8, (0, 0)): (1, 1)
(6, 1, 0, (0, 1, 0), 11, (0, 0)): (1, 1)
(6, 1, 0, (0, 1, 0), 12, (0, 0)): (1, 1)
(6, 1, 0, (0, 1, 1), -4, (0, 0)): (0, 1)
(6, 1, 0, (0, 1, 1), -1, (0, 0)): (1, 2)
(6, 1, 0, (0, 1, 1), 0, (0, 0)): (3, 4)
(6, 1, 0, (0, 1, 1), 1, (0, 0)): (1, 1)
(6, 1, 0, (0, 1, 1), 2, (0, 0)): (1, 1)
(6, 1, 0, (0, 1, 1), 3, (0, 0)): (2, 3)
(6, 1, 0, (0, 1, 1), 5, (0, 0)): (1, 1)
(6, 1, 0, (0, 1, 1), 11, (0, 0)): (1, 1)
(6, 1, 0, (1, 0, 0), -14, (0, 0)): (0, 1)
(6, 1, 0, (1, 0, 0), -10, (0, 0)): (0, 1)
(6, 1, 0, (1, 0, 0), -8, (0, 0)): (1, 5)
(6, 1, 0, (1, 0, 0), -7, (0, 0)): (1, 6)
(6, 1, 0, (1, 0, 0), -6, (0, 0)): (0, 6)
(6, 1, 0, (1, 0, 0), -5, (0, 0)): (0, 13)
(6, 1, 0, (1, 0, 0), -4, (0, 0)): (2, 17)
(6, 1, 0, (1, 0, 0), -3, (0, 0)): (3, 30)
(6, 1, 0, (1, 0, 0), -2, (0, 0)): (13, 32)
(6, 1, 0, (1, 0, 0), -1, (0, 0)): (19, 40)
(6, 1, 0, (1, 0, 0), 0, (0, 0)): (22, 34)
(6, 1, 0, (1, 0, 0), 1, (0, 0)): (25, 30)
(6, 1, 0, (1, 0, 0), 1, (1, 0)): (1, 1)
(6, 1, 0, (1, 0, 0), 2, (0, 0)): (18, 23)
(6, 1, 0, (1, 0, 0), 3, (0, 0)): (19, 20)
(6, 1, 0, (1, 0, 0), 4, (0, 0)): (19, 19)
(6, 1, 0, (1, 0, 0), 5, (0, 0)): (12, 12)
(6, 1, 0, (1, 0, 0), 6, (0, 0)): (13, 13)
(6, 1, 0, (1, 0, 0), 7, (0, 0)): (6, 6)
(6, 1, 0, (1, 0, 0), 8, (0, 0)): (1, 1)
(6, 1, 0, (1, 0, 0), 10, (0, 0)): (1, 1)
(6, 1, 0, (1, 0, 0), 11, (0, 0)): (1, 1)
(6, 1, 0, (1, 0, 0), 12, (0, 0)): (1, 1)
(6, 1, 0, (1, 0, 1), -4, (0, 0)): (1, 1)
(6, 1, 0, (1, 0, 1), -3, (0, 0)): (0, 1)
(6, 1, 0, (1, 0, 1), -2, (0, 0)): (2, 3)
(6, 1, 0, (1, 0, 1), -1, (0, 0)): (3, 6)
(6, 1, 0, (1, 0, 1), 0, (0, 0)): (1, 3)
(6, 1, 0, (1, 0, 1), 1, (0, 0)): (5, 5)
(6, 1, 0, (1, 0, 1), 2, (0, 0)): (1, 1)
(6, 1, 0, (1, 0, 1), 3, (0, 0)): (3, 3)
(6, 1, 0, (1, 0, 1), 4, (0, 0)): (1, 1)
(6, 1, 0, (1, 0, 1), 5, (0, 0)): (1, 1)
(6, 1, 0, (1, 0, 1), 6, (0, 0)): (2, 2)
(6, 1, 0, (1, 1, 0), -8, (0, 0)): (0, 1)
(6, 1, 0, (1, 1, 0), -6, (0, 0)): (0, 2)
(6, 1, 0, (1, 1, 0), -5, (0, 0)): (0, 2)
(6, 1, 0, (1, 1, 0), -4, (0, 0)): (0, 2)
(6, 1, 0, (1, 1, 0), -3, (0, 0)): (2, 7)
(6, 1, 0, (1, 1, 0), -2, (0, 0)): (4, 9)
(6, 1, 0, (1, 1, 0), -1, (0, 0)): (6, 10)
(6, 1, 0, (1, 1, 0), 0, (0, 0)): (8, 10)
(6, 1, 0, (1, 1, 0), 1, (0, 0)): (5, 6)
(6, 1, 0, (1, 1, 0), 2, (0, 0)): (2, 3)
(6, 1, 0, (1, 1, 0), 3, (0, 0)): (4, 4)
(6, 1, 0, (1, 1, 0), 4, (0, 0)): (4, 4)
(6, 1, 0, (1, 1, 0), 5, (0, 0)): (2, 2)
(6, 1, 0, (1, 1, 0), 6, (0, 0)): (2, 2)
(6, 1, 0, (1, 1, 0), 7, (0, 0)): (1, 1)
(6, 1, 0, (1, 1, 0), 8, (0, 0)): (2, 2)
(6, 1, 0, (1, 1, 1), -3, (0, 0)): (1, 1)
(6, 1, 0, (1, 1, 1), -2, (0, 0)): (1, 3)
(6, 1, 0, (1, 1, 1), -1, (0, 0)): (2, 3)
(6, 1, 0, (1, 1, 1), 0, (0, 0)): (1, 2)
(6, 1, 0, (1, 1, 1), 1, (0, 0)): (0, 1)
(6, 1, 0, (1, 1, 1), 2, (0, 0)): (1, 1)
(6, 1, 0, (1, 1, 1), 3, (0, 0)): (3, 4)
(6, 1, 0, (1, 1, 1), 6, (0, 0)): (1, 1)
(6, 1, 0, (1, 1, 1), 7, (0, 0)): (2, 2)
(6, 1, 1, (0, 0, 0), -13, (0, 0)): (0, 1)
(6, 1, 1, (0, 0, 0), -12, (0, 0)): (0, 3)
(6, 1, 1, (0, 0, 0), -11, (0, 0)): (0, 2)
(6, 1, 1, (0, 0, 0), -10, (0, 0)): (0, 6)
(6, 1, 1, (0, 0, 0), -9, (0, 0)): (0, 1)
(6, 1, 1, (0, 0, 0), -8, (0, 0)): (0, 14)
(6, 1, 1, (0, 0, 0), -7, (0, 0)): (0, 13)
(6, 1, 1, (0, 0, 0), -6, (0, 0)): (0, 16)
(6, 1, 1, (0, 0, 0), -5, (0, 0)): (0, 29)
(6, 1, 1, (0, 0, 0), -4, (0, 0)): (4, 44)
(6, 1, 1, (0, 0, 0), -3, (0, 0)): (10, 49)
(6, 1, 1, (0, 0, 0), -2, (0, 0)): (21, 74)
(6, 1, 1, (0, 0, 0), -2, (0, 1)): (0, 1)
(6, 1, 1, (0, 0, 0), -2, (0, 2)): (0, 1)
(6, 1, 1, (0, 0, 0), -2, (1, 2)): (0, 1)
(6, 1, 1, (0, 0, 0), -1, (0, 0)): (26, 81)
(6, 1, 1, (0, 0, 0), 0, (0, 0)): (50, 99)
(6, 1, 1, (0, 0, 0), 1, (0, 0)): (68, 91)
(6, 1, 1, (0, 0, 0), 1, (1, 0)): (0, 1)
(6, 1, 1, (0, 0, 0), 2, (0, 0)): (67, 79)
(6, 1, 1, (0, 0, 0), 3, (0, 0)): (57, 63)
(6, 1, 1, (0, 0, 0), 4, (0, 0)): (38, 39)
(6, 1, 1, (0, 0, 0), 5, (0, 0)): (27, 27)
(6, 1, 1, (0, 0, 0), 6, (0, 0)): (16, 16)
(6, 1, 1, (0, 0, 0), 7, (0, 0)): (17, 17)
(6, 1, 1, (0, 0, 0), 8, (0, 0)): (10, 10)
(6, 1, 1, (0, 0, 0), 9, (0, 0)): (5, 5)
(6, 1, 1, (0, 0, 0), 10, (0, 0)): (4, 4)
(6, 1, 1, (0, 0, 0), 11, (0, 0)): (1, 1)
(6, 1, 1, (0, 0, 0), 12, (0, 0)): (4, 4)
(6, 1, 1, (0, 0, 1), -6, (0, 0)): (0, 1)
(6, 1, 1, (0, 0, 1), -5, (0, 0)): (0, 3)
(6, 1, 1, (0, 0, 1), -4, (0, 0)): (0, 2)
(6, 1, 1, (0, 0, 1), -3, (0, 0)): (0, 2)
(6, 1, 1, (0, 0, 1), -2, (0, 0)): (0, 3)
(6, 1, 1, (0, 0, 1), -1, (0, 0)): (3, 6)
(6, 1, 1, (0, 0, 1), 0, (0, 0)): (5, 7)
(6, 1, 1, (0, 0, 1), 1, (0, 0)): (6, 8)
(6, 1, 1, (0, 0, 1), 2, (0, 0)): (5, 6)
(6, 1, 1, (0, 0, 1), 3, (0, 0)): (3, 3)
(6, 1, 1, (0, 0, 1), 4, (0, 0)): (5, 5)
(6, 1, 1, (0, 0, 1), 5, (0, 0)): (4, 4)
(6, 1, 1, (0, 0, 1), 7, (0, 0)): (1, 1)
(6, 1, 1, (0, 0, 1), 8, (0, 0)): (3, 3)
(6, 1, 1, (0, 0, 1), 9, (0, 0)): (1, 1)
(6, 1, 1, (0, 0, 1), 12, (0, 0)): (1, 1)
(6, 1, 1, (0, 1, 0), -10, (0, 0)): (0, 1)
(6, 1, 1, (0, 1, 0), -8, (0, 0)): (1, 1)
(6, 1, 1, (0, 1, 0), -7, (0, 0)): (0, 2)
(6, 1, 1, (0, 1, 0), -6, (0, 0)): (0, 5)
(6, 1, 1, (0, 1, 0), -5, (0, 0)): (0, 4)
(6, 1, 1, (0, 1, 0), -4, (0, 0)): (0, 7)
(6, 1, 1, (0, 1, 0), -3, (0, 0)): (1, 7)
(6, 1, 1, (0, 1, 0), -2, (0, 0)): (4, 17)
(6, 1, 1, (0, 1, 0), -1, (0, 0)): (8, 20)
(6, 1, 1, (0, 1, 0), 0, (0, 0)): (10, 16)
(6, 1, 1, (0, 1, 0), 1, (0, 0)): (14, 21)
(6, 1, 1, (0, 1, 0), 2, (0, 0)): (15, 18)
(6, 1, 1, (0, 1, 0), 3, (0, 0)): (11, 12)
(6, 1, 1, (0, 1, 0), 4, (0, 0)): (19, 19)
(6, 1, 1, (0, 1, 0), 5, (0, 0)): (4, 4)
(6, 1, 1, (0, 1, 0), 6, (0, 0)): (7, 7)
(6, 1, 1, (0, 1, 0), 7, (0, 0)): (1, 1)
(6, 1, 1, (0, 1, 0), 8, (0, 0)): (1, 1)
(6, 1, 1, (0, 1, 0), 10, (0, 0)): (2, 2)
(6, 1, 1, (0, 1, 0), 12, (0, 0)): (1, 1)
(6, 1, 1, (0, 1, 1), -7, (0, 0)): (0, 1)
(6, 1, 1, (0, 1, 1), -6, (0, 0)): (0, 2)
(6, 1, 1, (0, 1, 1), -5, (0, 0)): (0, 2)
(6, 1, 1, (0, 1, 1), -4, (0, 0)): (0, 1)
(6, 1, 1, (0, 1, 1), -3, (0, 0)): (0, 3)
(6, 1, 1, (0, 1, 1), -2, (0, 0)): (3, 4)
(6, 1, 1, (0, 1, 1), -1, (0, 0)): (2, 4)
(6, 1, 1, (0, 1, 1), 0, (0, 0)): (5, 5)
(6, 1, 1, (0, 1, 1), 1, (0, 0)): (7, 9)
(6, 1, 1, (0, 1, 1), 3, (0, 0)): (1, 1)
(6, 1, 1, (0, 1, 1), 4, (0, 0)): (2, 2)
(6, 1, 1, (0, 1, 1), 5, (0, 0)): (3, 3)
(6, 1, 1, (0, 1, 1), 6, (0, 0)): (1, 1)
(6, 1, 1, (0, 1, 1), 7, (0, 0)): (1, 1)
(6, 1, 1, (0, 1, 1), 8, (0, 0)): (2, 2)
(6, 1, 1, (1, 0, 0), -14, (0, 0)): (0, 1)
(6, 1, 1, (1, 0, 0), -13, (0, 0)): (0, 1)
(6, 1, 1, (1, 0, 0), -10, (0, 0)): (0, 3)
(6, 1, 1, (1, 0, 0), -8, (0, 0)): (0, 7)
(6, 1, 1, (1, 0, 0), -7, (0, 0)): (2, 8)
(6, 1, 1, (1, 0, 0), -6, (0, 0)): (0, 9)
(6, 1, 1, (1, 0, 0), -5, (0, 0)): (0, 17)
(6, 1, 1, (1, 0, 0), -4, (0, 0)): (4, 28)
(6, 1, 1, (1, 0, 0), -3, (0, 0)): (4, 33)
(6, 1, 1, (1, 0, 0), -2, (0, 0)): (7, 34)
(6, 1, 1, (1, 0, 0), -2, (0, 1)): (0, 1)
(6, 1, 1, (1, 0, 0), -1, (0, 0)): (12, 33)
(6, 1, 1, (1, 0, 0), 0, (0, 0)): (26, 50)
(6, 1, 1, (1, 0, 0), 1, (0, 0)): (31, 40)
(6, 1, 1, (1, 0, 0), 2, (0, 0)): (29, 32)
(6, 1, 1, (1, 0, 0), 3, (0, 0)): (26, 28)
(6, 1, 1, (1, 0, 0), 4, (0, 0)): (15, 15)
(6, 1, 1, (1, 0, 0), 5, (0, 0)): (16, 16)
(6, 1, 1, (1, 0, 0), 6, (0, 0)): (8, 8)
(6, 1, 1, (1, 0, 0), 7, (0, 0)): (13, 13)
(6, 1, 1, (1, 0, 0), 8, (0, 0)): (5, 5)
(6, 1, 1, (1, 0, 0), 9, (0, 0)): (2, 2)
(6, 1, 1, (1, 0, 0), 10, (0, 0)): (2, 2)
(6, 1, 1, (1, 0, 0), 12, (0, 0)): (2, 2)
(6, 1, 1, (1, 0, 1), -13, (0, 0)): (0, 1)
(6, 1, 1, (1, 0, 1), -5, (0, 0)): (0, 1)
(6, 1, 1, (1, 0, 1), -4, (0, 0)): (0, 2)
(6, 1, 1, (1, 0, 1), -3, (0, 0)): (1, 5)
(6, 1, 1, (1, 0, 1), -2, (0, 0)): (0, 1)
(6, 1, 1, (1, 0, 1), -1, (0, 0)): (4, 13)
(6, 1, 1, (1, 0, 1), 0, (0, 0)): (3, 5)
(6, 1, 1, (1, 0, 1), 1, (0, 0)): (7, 9)
(6, 1, 1, (1, 0, 1), 1, (1, 0)): (1, 1)
(6, 1, 1, (1, 0, 1), 1, (2, 0)): (1, 1)
(6, 1, 1, (1, 0, 1), 1, (3, 0)): (1, 1)
(6, 1, 1, (1, 0, 1), 2, (0, 0)): (7, 7)
(6, 1, 1, (1, 0, 1), 3, (0, 0)): (6, 6)
(6, 1, 1, (1, 0, 1), 4, (0, 0)): (8, 8)
(6, 1, 1, (1, 0, 1), 5, (0, 0)): (5, 5)
(6, 1, 1, (1, 0, 1), 6, (0, 0)): (4, 4)
(6, 1, 1, (1, 0, 1), 7, (0, 0)): (2, 2)
(6, 1, 1, (1, 0, 1), 8, (0, 0)): (1, 1)
(6, 1, 1, (1, 0, 1), 9, (0, 0)): (1, 1)
(6, 1, 1, (1, 0, 1), 10, (0, 0)): (1, 1)
(6, 1, 1, (1, 1, 0), -12, (0, 0)): (0, 1)
(6, 1, 1, (1, 1, 0), -8, (0, 0)): (0, 3)
(6, 1, 1, (1, 1, 0), -7, (0, 0)): (1, 3)
(6, 1, 1, (1, 1, 0), -6, (0, 0)): (0, 3)
(6, 1, 1, (1, 1, 0), -5, (0, 0)): (0, 6)
(6, 1, 1, (1, 1, 0), -4, (0, 0)): (2, 15)
(6, 1, 1, (1, 1, 0), -3, (0, 0)): (0, 8)
(6, 1, 1, (1, 1, 0), -2, (0, 0)): (3, 12)
(6, 1, 1, (1, 1, 0), -1, (0, 0)): (7, 11)
(6, 1, 1, (1, 1, 0), 0, (0, 0)): (12, 20)
(6, 1, 1, (1, 1, 0), 1, (0, 0)): (10, 10)
(6, 1, 1, (1, 1, 0), 2, (0, 0)): (21, 22)
(6, 1, 1, (1, 1, 0), 3, (0, 0)): (11, 11)
(6, 1, 1, (1, 1, 0), 3, (1, 0)): (1, 1)
(6, 1, 1, (1, 1, 0), 3, (2, 0)): (1, 1)
(6, 1, 1, (1, 1, 0), 3, (2, 1)): (1, 1)
(6, 1, 1, (1, 1, 0), 3, (3, 1)): (1, 1)
(6, 1, 1, (1, 1, 0), 4, (0, 0)): (11, 11)
(6, 1, 1, (1, 1, 0), 5, (0, 0)): (10, 10)
(6, 1, 1, (1, 1, 0), 6, (0, 0)): (4, 4)
(6, 1, 1, (1, 1, 0), 7, (0, 0)): (3, 3)
(6, 1, 1, (1, 1, 0), 8, (0, 0)): (2, 2)
(6, 1, 1, (1, 1, 0), 10, (0, 0)): (2, 2)
(6, 1, 1, (1, 1, 0), 12, (0, 0)): (1, 1)
(6, 1, 1, (1, 1, 1), -8, (0, 0)): (0, 3)
(6, 1, 1, (1, 1, 1), -7, (0, 0)): (0, 1)
(6, 1, 1, (1, 1, 1), -6, (0, 0)): (0, 1)
(6, 1, 1, (1, 1, 1), -3, (0, 0)): (1, 4)
(6, 1, 1, (1, 1, 1), -2, (0, 0)): (0, 4)
(6, 1, 1, (1, 1, 1), -1, (0, 0)): (2, 5)
(6, 1, 1, (1, 1, 1), 0, (0, 0)): (5, 8)
(6, 1, 1, (1, 1, 1), 1, (0, 0)): (5, 7)
(6, 1, 1, (1, 1, 1), 1, (0, 1)): (1, 1)
(6, 1, 1, (1, 1, 1), 1, (1, 1)): (1, 1)
(6, 1, 1, (1, 1, 1), 2, (0, 0)): (2, 2)
(6, 1, 1, (1, 1, 1), 3, (0, 0)): (6, 6)
(6, 1, 1, (1, 1, 1), 3, (0, 1)): (1, 1)
(6, 1, 1, (1, 1, 1), 3, (0, 2)): (1, 1)
(6, 1, 1, (1, 1, 1), 4, (0, 0)): (2, 2)
(6, 1, 1, (1, 1, 1), 5, (0, 0)): (5, 5)
(6, 1, 1, (1, 1, 1), 6, (0, 0)): (2, 2)
(6, 1, 1, (1, 1, 1), 7, (0, 0)): (2, 2)
(6, 1, 1, (1, 1, 1), 8, (0, 0)): (1, 1)
(6, 1, 1, (1, 1, 1), 10, (0, 0)): (1, 1)
(6, 1, 2, (0, 0, 0), -12, (0, 0)): (0, 3)
(6, 1, 2, (0, 0, 0), -11, (0, 0)): (0, 2)
(6, 1, 2, (0, 0, 0), -10, (0, 0)): (0, 3)
(6, 1, 2, (0, 0, 0), -9, (0, 0)): (0, 1)
(6, 1, 2, (0, 0, 0), -8, (0, 0)): (0, 10)
(6, 1, 2, (0, 0, 0), -7, (0, 0)): (0, 10)
(6, 1, 2, (0, 0, 0), -6, (0, 0)): (0, 9)
(6, 1, 2, (0, 0, 0), -5, (0, 0)): (0, 21)
(6, 1, 2, (0, 0, 0), -4, (0, 0)): (1, 32)
(6, 1, 2, (0, 0, 0), -3, (0, 0)): (6, 36)
(6, 1, 2, (0, 0, 0), -2, (0, 0)): (17, 49)
(6, 1, 2, (0, 0, 0), -1, (0, 0)): (22, 66)
(6, 1, 2, (0, 0, 0), 0, (0, 0)): (39, 75)
(6, 1, 2, (0, 0, 0), 1, (0, 0)): (50, 68)
(6, 1, 2, (0, 0, 0), 1, (0, 1)): (0, 1)
(6, 1, 2, (0, 0, 0), 2, (0, 0)): (45, 56)
(6, 1, 2, (0, 0, 0), 3, (0, 0)): (39, 44)
(6, 1, 2, (0, 0, 0), 4, (0, 0)): (25, 26)
(6, 1, 2, (0, 0, 0), 5, (0, 0)): (21, 21)
(6, 1, 2, (0, 0, 0), 6, (0, 0)): (16, 16)
(6, 1, 2, (0, 0, 0), 7, (0, 0)): (8, 8)
(6, 1, 2, (0, 0, 0), 8, (0, 0)): (6, 6)
(6, 1, 2, (0, 0, 0), 9, (0, 0)): (5, 5)
(6, 1, 2, (0, 0, 0), 10, (0, 0)): (6, 6)
(6, 1, 2, (0, 0, 0), 11, (0, 0)): (2, 2)
(6, 1, 2, (0, 0, 0), 12, (0, 0)): (2, 2)
(6, 1, 2, (0, 0, 1), -10, (0, 0)): (0, 1)
(6, 1, 2, (0, 0, 1), -6, (0, 0)): (0, 2)
(6, 1, 2, (0, 0, 1), -5, (0, 0)): (0, 1)
(6, 1, 2, (0, 0, 1), -4, (0, 0)): (0, 4)
(6, 1, 2, (0, 0, 1), -3, (0, 0)): (1, 2)
(6, 1, 2, (0, 0, 1), -2, (0, 0)): (2, 6)
(6, 1, 2, (0, 0, 1), -1, (0, 0)): (2, 6)
(6, 1, 2, (0, 0, 1), 0, (0, 0)): (3, 5)
(6, 1, 2, (0, 0, 1), 1, (0, 0)): (5, 9)
(6, 1, 2, (0, 0, 1), 2, (0, 0)): (2, 4)
(6, 1, 2, (0, 0, 1), 3, (0, 0)): (7, 8)
(6, 1, 2, (0, 0, 1), 4, (0, 0)): (7, 8)
(6, 1, 2, (0, 0, 1), 5, (0, 0)): (1, 1)
(6, 1, 2, (0, 0, 1), 6, (0, 0)): (1, 1)
(6, 1, 2, (0, 0, 1), 8, (0, 0)): (2, 2)
(6, 1, 2, (0, 0, 1), 9, (0, 0)): (1, 1)
(6, 1, 2, (0, 0, 1), 10, (0, 0)): (1, 1)
(6, 1, 2, (0, 0, 1), 12, (0, 0)): (1, 1)
(6, 1, 2, (0, 1, 0), -12, (0, 0)): (0, 1)
(6, 1, 2, (0, 1, 0), -8, (0, 0)): (0, 2)
(6, 1, 2, (0, 1, 0), -7, (0, 0)): (0, 4)
(6, 1, 2, (0, 1, 0), -6, (0, 0)): (0, 4)
(6, 1, 2, (0, 1, 0), -5, (0, 0)): (0, 6)
(6, 1, 2, (0, 1, 0), -4, (0, 0)): (2, 9)
(6, 1, 2, (0, 1, 0), -3, (0, 0)): (2, 12)
(6, 1, 2, (0, 1, 0), -2, (0, 0)): (5, 18)
(6, 1, 2, (0, 1, 0), -1, (0, 0)): (6, 23)
(6, 1, 2, (0, 1, 0), 0, (0, 0)): (14, 26)
(6, 1, 2, (0, 1, 0), 1, (0, 0)): (17, 21)
(6, 1, 2, (0, 1, 0), 2, (0, 0)): (19, 24)
(6, 1, 2, (0, 1, 0), 3, (0, 0)): (16, 18)
(6, 1, 2, (0, 1, 0), 4, (0, 0)): (10, 10)
(6, 1, 2, (0, 1, 0), 5, (0, 0)): (6, 7)
(6, 1, 2, (0, 1, 0), 6, (0, 0)): (8, 8)
(6, 1, 2, (0, 1, 0), 7, (0, 0)): (2, 2)
(6, 1, 2, (0, 1, 0), 8, (0, 0)): (4, 4)
(6, 1, 2, (0, 1, 0), 9, (0, 0)): (3, 3)
(6, 1, 2, (0, 1, 0), 10, (0, 0)): (1, 1)
(6, 1, 2, (0, 1, 0), 12, (0, 0)): (2, 2)
(6, 1, 2, (0, 1, 1), -6, (0, 0)): (0, 1)
(6, 1, 2, (0, 1, 1), -5, (0, 0)): (0, 1)
(6, 1, 2, (0, 1, 1), -4, (0, 0)): (0, 3)
(6, 1, 2, (0, 1, 1), -3, (0, 0)): (0, 3)
(6, 1, 2, (0, 1, 1), -2, (0, 0)): (0, 3)
(6, 1, 2, (0, 1, 1), -1, (0, 0)): (0, 1)
(6, 1, 2, (0, 1, 1), 0, (0, 0)): (0, 1)
(6, 1, 2, (0, 1, 1), 1, (0, 0)): (6, 9)
(6, 1, 2, (0, 1, 1), 2, (0, 0)): (4, 4)
(6, 1, 2, (0, 1, 1), 4, (0, 0)): (5, 5)
(6, 1, 2, (0, 1, 1), 5, (0, 0)): (3, 3)
(6, 1, 2, (0, 1, 1), 6, (0, 0)): (4, 4)
(6, 1, 2, (0, 1, 1), 7, (0, 0)): (3, 3)
(6, 1, 2, (0, 1, 1), 8, (0, 0)): (1, 1)
(6, 1, 2, (0, 1, 1), 10, (0, 0)): (2, 2)
(6, 1, 2, (1, 0, 0), -14, (0, 0)): (0, 1)
(6, 1, 2, (1, 0, 0), -11, (0, 0)): (0, 2)
(6, 1, 2, (1, 0, 0), -10, (0, 0)): (0, 3)
(6, 1, 2, (1, 0, 0), -8, (0, 0)): (0, 8)
(6, 1, 2, (1, 0, 0), -7, (0, 0)): (1, 8)
(6, 1, 2, (1, 0, 0), -6, (0, 0)): (0, 7)
(6, 1, 2, (1, 0, 0), -5, (0, 0)): (0, 17)
(6, 1, 2, (1, 0, 0), -4, (0, 0)): (1, 18)
(6, 1, 2, (1, 0, 0), -3, (0, 0)): (3, 29)
(6, 1, 2, (1, 0, 0), -2, (0, 0)): (12, 45)
(6, 1, 2, (1, 0, 0), -1, (0, 0)): (13, 40)
(6, 1, 2, (1, 0, 0), 0, (0, 0)): (17, 40)
(6, 1, 2, (1, 0, 0), 1, (0, 0)): (31, 42)
(6, 1, 2, (1, 0, 0), 1, (1, 0)): (0, 1)
(6, 1, 2, (1, 0, 0), 1, (1, 1)): (0, 1)
(6, 1, 2, (1, 0, 0), 1, (1, 2)): (0, 1)
(6, 1, 2, (1, 0, 0), 1, (2, 2)): (0, 1)
(6, 1, 2, (1, 0, 0), 2, (0, 0)): (30, 37)
(6, 1, 2, (1, 0, 0), 3, (0, 0)): (26, 30)
(6, 1, 2, (1, 0, 0), 3, (0, 1)): (1, 1)
(6, 1, 2, (1, 0, 0), 3, (1, 1)): (1, 1)
(6, 1, 2, (1, 0, 0), 3, (2, 1)): (1, 1)
(6, 1, 2, (1, 0, 0), 3, (2, 2)): (1, 1)
(6, 1, 2, (1, 0, 0), 4, (0, 0)): (14, 14)
(6, 1, 2, (1, 0, 0), 5, (0, 0)): (16, 16)
(6, 1, 2, (1, 0, 0), 6, (0, 0)): (13, 13)
(6, 1, 2, (1, 0, 0), 7, (0, 0)): (10, 10)
(6, 1, 2, (1, 0, 0), 8, (0, 0)): (7, 7)
(6, 1, 2, (1, 0, 0), 9, (0, 0)): (3, 3)
(6, 1, 2, (1, 0, 0), 10, (0, 0)): (4, 4)
(6, 1, 2, (1, 0, 0), 11, (0, 0)): (2, 2)
(6, 1, 2, (1, 0, 0), 12, (0, 0)): (2, 2)
(6, 1, 2, (1, 0, 1), -10, (0, 0)): (0, 2)
(6, 1, 2, (1, 0, 1), -7, (0, 0)): (0, 1)
(6, 1, 2, (1, 0, 1), -6, (0, 0)): (1, 1)
(6, 1, 2, (1, 0, 1), -5, (0, 0)): (0, 1)
(6, 1, 2, (1, 0, 1), -4, (0, 0)): (1, 7)
(6, 1, 2, (1, 0, 1), -3, (0, 0)): (0, 6)
(6, 1, 2, (1, 0, 1), -2, (0, 0)): (0, 1)
(6, 1, 2, (1, 0, 1), -1, (0, 0)): (4, 8)
(6, 1, 2, (1, 0, 1), 0, (0, 0)): (4, 7)
(6, 1, 2, (1, 0, 1), 1, (0, 0)): (9, 11)
(6, 1, 2, (1, 0, 1), 2, (0, 0)): (9, 10)
(6, 1, 2, (1, 0, 1), 3, (0, 0)): (4, 4)
(6, 1, 2, (1, 0, 1), 4, (0, 0)): (6, 6)
(6, 1, 2, (1, 0, 1), 5, (0, 0)): (6, 6)
(6, 1, 2, (1, 0, 1), 6, (0, 0)): (3, 3)
(6, 1, 2, (1, 0, 1), 8, (0, 0)): (1, 1)
(6, 1, 2, (1, 0, 1), 9, (0, 0)): (1, 1)
(6, 1, 2, (1, 1, 0), -14, (0, 0)): (0, 1)
(6, 1, 2, (1, 1, 0), -11, (0, 0)): (0, 1)
(6, 1, 2, (1, 1, 0), -8, (0, 0)): (0, 2)
(6, 1, 2, (1, 1, 0), -7, (0, 0)): (1, 6)
(6, 1, 2, (1, 1, 0), -6, (0, 0)): (0, 4)
(6, 1, 2, (1, 1, 0), -5, (0, 0)): (0, 6)
(6, 1, 2, (1, 1, 0), -4, (0, 0)): (0, 12)
(6, 1, 2, (1, 1, 0), -3, (0, 0)): (2, 12)
(6, 1, 2, (1, 1, 0), -2, (0, 0)): (4, 23)
(6, 1, 2, (1, 1, 0), -1, (0, 0)): (8, 21)
(6, 1, 2, (1, 1, 0), 0, (0, 0)): (16, 24)
(6, 1, 2, (1, 1, 0), 1, (0, 0)): (12, 17)
(6, 1, 2, (1, 1, 0), 2, (0, 0)): (18, 21)
(6, 1, 2, (1, 1, 0), 3, (0, 0)): (10, 12)
(6, 1, 2, (1, 1, 0), 3, (1, 0)): (1, 1)
(6, 1, 2, (1, 1, 0), 3, (1, 1)): (1, 1)
(6, 1, 2, (1, 1, 0), 3, (1, 2)): (1, 1)
(6, 1, 2, (1, 1, 0), 4, (0, 0)): (15, 15)
(6, 1, 2, (1, 1, 0), 5, (0, 0)): (8, 8)
(6, 1, 2, (1, 1, 0), 6, (0, 0)): (7, 7)
(6, 1, 2, (1, 1, 0), 7, (0, 0)): (2, 2)
(6, 1, 2, (1, 1, 0), 8, (0, 0)): (5, 5)
(6, 1, 2, (1, 1, 0), 9, (0, 0)): (2, 2)
(6, 1, 2, (1, 1, 0), 10, (0, 0)): (1, 1)
(6, 1, 2, (1, 1, 0), 11, (0, 0)): (2, 2)
(6, 1, 2, (1, 1, 0), 12, (0, 0)): (2, 2)
(6, 1, 2, (1, 1, 1), -8, (0, 0)): (0, 1)
(6, 1, 2, (1, 1, 1), -6, (0, 0)): (0, 1)
(6, 1, 2, (1, 1, 1), -4, (0, 0)): (0, 2)
(6, 1, 2, (1, 1, 1), -3, (0, 0)): (1, 5)
(6, 1, 2, (1, 1, 1), -2, (0, 0)): (0, 4)
(6, 1, 2, (1, 1, 1), -1, (0, 0)): (2, 7)
(6, 1, 2, (1, 1, 1), 0, (0, 0)): (3, 5)
(6, 1, 2, (1, 1, 1), 1, (0, 0)): (4, 9)
(6, 1, 2, (1, 1, 1), 2, (0, 0)): (6, 7)
(6, 1, 2, (1, 1, 1), 3, (0, 0)): (4, 4)
(6, 1, 2, (1, 1, 1), 3, (1, 0)): (1, 1)
(6, 1, 2, (1, 1, 1), 3, (2, 0)): (1, 1)
(6, 1, 2, (1, 1, 1), 3, (2, 1)): (1, 1)
(6, 1, 2, (1, 1, 1), 4, (0, 0)): (6, 6)
(6, 1, 2, (1, 1, 1), 5, (0, 0)): (11, 11)
(6, 1, 2, (1, 1, 1), 6, (0, 0)): (5, 5)
(6, 1, 2, (1, 1, 1), 7, (0, 0)): (1, 1)
(6, 1, 2, (1, 1, 1), 10, (0, 0)): (1, 1)
(6, 1, 2, (1, 1, 1), 11, (0, 0)): (1, 1)
(7, 0, 0, (0, 0, 0), -12, (0, 0)): (0, 8)
(7, 0, 0, (0, 0, 0), -11, (0, 0)): (0, 3)
(7, 0, 0, (0, 0, 0), -10, (0, 0)): (0, 10)
(7, 0, 0, (0, 0, 0), -9, (0, 0)): (0, 7)
(7, 0, 0, (0, 0, 0), -8, (0, 0)): (0, 17)
(7, 0, 0, (0, 0, 0), -7, (0, 0)): (0, 19)
(7, 0, 0, (0, 0, 0), -6, (0, 0)): (0, 36)
(7, 0, 0, (0, 0, 0), -5, (0, 0)): (1, 47)
(7, 0, 0, (0, 0, 0), -4, (0, 0)): (1, 68)
(7, 0, 0, (0, 0, 0), -3, (0, 0)): (10, 92)
(7, 0, 0, (0, 0, 0), -3, (0, 1)): (0, 2)
(7, 0, 0, (0, 0, 0), -3, (0, 2)): (0, 1)
(7, 0, 0, (0, 0, 0), -3, (1, 1)): (0, 1)
(7, 0, 0, (0, 0, 0), -3, (2, 1)): (0, 1)
(7, 0, 0, (0, 0, 0), -3, (2, 2)): (0, 1)
(7, 0, 0, (0, 0, 0), -2, (0, 0)): (19, 105)
(7, 0, 0, (0, 0, 0), -1, (0, 0)): (38, 125)
(7, 0, 0, (0, 0, 0), -1, (1, 0)): (1, 1)
(7, 0, 0, (0, 0, 0), -1, (2, 0)): (1, 1)
(7, 0, 0, (0, 0, 0), -1, (3, 0)): (1, 1)
(7, 0, 0, (0, 0, 0), -1, (3, 1)): (1, 1)
(7, 0, 0, (0, 0, 0), -1, (3, 2)): (1, 1)
(7, 0, 0, (0, 0, 0), 0, (0, 0)): (73, 138)
(7, 0, 0, (0, 0, 0), 1, (0, 0)): (84, 117)
(7, 0, 0, (0, 0, 0), 2, (0, 0)): (75, 100)
(7, 0, 0, (0, 0, 0), 2, (0, 1)): (1, 1)
(7, 0, 0, (0, 0, 0), 3, (0, 0)): (61, 67)
(7, 0, 0, (0, 0, 0), 4, (0, 0)): (60, 63)
(7, 0, 0, (0, 0, 0), 5, (0, 0)): (36, 36)
(7, 0, 0, (0, 0, 0), 6, (0, 0)): (17, 17)
(7, 0, 0, (0, 0, 0), 7, (0, 0)): (19, 20)
(7, 0, 0, (0, 0, 0), 8, (0, 0)): (13, 13)
(7, 0, 0, (0, 0, 0), 9, (0, 0)): (3, 3)
(7, 0, 0, (0, 0, 0), 10, (0, 0)): (6, 6)
(7, 0, 0, (0, 0, 0), 11, (0, 0)): (3, 3)
(7, 0, 0, (0, 0, 0), 12, (0, 0)): (4, 4)
(7, 0, 0, (0, 0, 0), 14, (0, 0)): (1, 1)
(7, 0, 0, (0, 0, 1), -7, (0, 0)): (0, 2)
(7, 0, 0, (0, 0, 1), -4, (0, 0)): (0, 2)
(7, 0, 0, (0, 0, 1), -2, (0, 0)): (0, 1)
(7, 0, 0, (0, 0, 1), 0, (0, 0)): (1, 1)
(7, 0, 0, (0, 0, 1), 1, (0, 0)): (2, 2)
(7, 0, 0, (0, 0, 1), 3, (0, 0)): (2, 2)
(7, 0, 0, (0, 0, 1), 4, (0, 0)): (2, 2)
(7, 0, 0, (0, 0, 1), 5, (0, 0)): (1, 1)
(7, 0, 0, (0, 0, 1), 6, (0, 0)): (1, 1)
(7, 0, 0, (0, 0, 1), 7, (0, 0)): (2, 2)
(7, 0, 0, (0, 0, 1), 9, (0, 0)): (1, 1)
(7, 0, 0, (0, 1, 0), -8, (0, 0)): (0, 1)
(7, 0, 0, (0, 1, 0), -7, (0, 0)): (0, 1)
(7, 0, 0, (0, 1, 0), -6, (0, 0)): (0, 6)
(7, 0, 0, (0, 1, 0), -5, (0, 0)): (0, 5)
(7, 0, 0, (0, 1, 0), -4, (0, 0)): (0, 2)
(7, 0, 0, (0, 1, 0), -3, (0, 0)): (2, 10)
(7, 0, 0, (0, 1, 0), -3, (0, 1)): (0, 1)
(7, 0, 0, (0, 1, 0), -3, (0, 2)): (0, 1)
(7, 0, 0, (0, 1, 0), -2, (0, 0)): (2, 5)
(7, 0, 0, (0, 1, 0), -1, (0, 0)): (2, 4)
(7, 0, 0, (0, 1, 0), 0, (0, 0)): (6, 10)
(7, 0, 0, (0, 1, 0), 1, (0, 0)): (9, 10)
(7, 0, 0, (0, 1, 0), 2, (0, 0)): (2, 2)
(7, 0, 0, (0, 1, 0), 3, (0, 0)): (7, 7)
(7, 0, 0, (0, 1, 0), 4, (0, 0)): (1, 1)
(7, 0, 0, (0, 1, 0), 5, (0, 0)): (3, 3)
(7, 0, 0, (0, 1, 0), 6, (0, 0)): (2, 2)
(7, 0, 0, (0, 1, 0), 7, (0, 0)): (4, 4)
(7, 0, 0, (0, 1, 0), 8, (0, 0)): (1, 1)
(7, 0, 0, (0, 1, 0), 9, (0, 0)): (1, 1)
(7, 0, 0, (0, 1, 0), 10, (0, 0)): (1, 1)
(7, 0, 0, (0, 1, 0), 12, (0, 0)): (1, 1)
(7, 0, 0, (0, 1, 0), 13, (0, 0)): (1, 1)
(7, 0, 0, (0, 1, 1), -6, (0, 0)): (0, 1)
(7, 0, 0, (0, 1, 1), -6, (0, 1)): (0, 1)
(7, 0, 0, (0, 1, 1), -6, (0, 2)): (0, 1)
(7, 0, 0, (0, 1, 1), -4, (0, 0)): (0, 1)
(7, 0, 0, (0, 1, 1), -3, (0, 0)): (0, 2)
(7, 0, 0, (0, 1, 1), -1, (0, 0)): (1, 2)
(7, 0, 0, (0, 1, 1), 0, (0, 0)): (1, 2)
(7, 0, 0, (0, 1, 1), 1, (0, 0)): (3, 3)
(7, 0, 0, (0, 1, 1), 2, (0, 0)): (1, 1)
(7, 0, 0, (0, 1, 1), 3, (0, 0)): (1, 1)
(7, 0, 0, (0, 1, 1), 4, (0, 0)): (1, 1)
(7, 0, 0, (0, 1, 1), 6, (0, 0)): (1, 1)
(7, 0, 0, (1, 0, 0), -10, (0, 0)): (0, 4)
(7, 0, 0, (1, 0, 0), -9, (0, 0)): (0, 2)
(7, 0, 0, (1, 0, 0), -8, (0, 0)): (0, 4)
(7, 0, 0, (1, 0, 0), -7, (0, 0)): (0, 6)
(7, 0, 0, (1, 0, 0), -6, (0, 0)): (0, 9)
(7, 0, 0, (1, 0, 0), -5, (0, 0)): (1, 11)
(7, 0, 0, (1, 0, 0), -4, (0, 0)): (1, 18)
(7, 0, 0, (1, 0, 0), -3, (0, 0)): (6, 26)
(7, 0, 0, (1, 0, 0), -2, (0, 0)): (1, 15)
(7, 0, 0, (1, 0, 0), -1, (0, 0)): (12, 33)
(7, 0, 0, (1, 0, 0), 0, (0, 0)): (19, 32)
(7, 0, 0, (1, 0, 0), 1, (0, 0)): (30, 39)
(7, 0, 0, (1, 0, 0), 2, (0, 0)): (23, 28)
(7, 0, 0, (1, 0, 0), 3, (0, 0)): (18, 20)
(7, 0, 0, (1, 0, 0), 4, (0, 0)): (17, 18)
(7, 0, 0, (1, 0, 0), 5, (0, 0)): (11, 11)
(7, 0, 0, (1, 0, 0), 6, (0, 0)): (7, 7)
(7, 0, 0, (1, 0, 0), 7, (0, 0)): (3, 3)
(7, 0, 0, (1, 0, 0), 8, (0, 0)): (4, 4)
(7, 0, 0, (1, 0, 0), 10, (0, 0)): (2, 2)
(7, 0, 0, (1, 0, 0), 11, (0, 0)): (1, 1)
(7, 0, 0, (1, 0, 0), 12, (0, 0)): (2, 2)
(7, 0, 0, (1, 0, 1), -6, (0, 0)): (0, 1)
(7, 0, 0, (1, 0, 1), -5, (0, 0)): (0, 2)
(7, 0, 0, (1, 0, 1), -4, (0, 0)): (0, 1)
(7, 0, 0, (1, 0, 1), -3, (0, 0)): (0, 2)
(7, 0, 0, (1, 0, 1), -2, (0, 0)): (0, 2)
(7, 0, 0, (1, 0, 1), -1, (0, 0)): (0, 2)
(7, 0, 0, (1, 0, 1), 0, (0, 0)): (3, 4)
(7, 0, 0, (1, 0, 1), 1, (0, 0)): (2, 3)
(7, 0, 0, (1, 0, 1), 2, (0, 0)): (3, 3)
(7, 0, 0, (1, 0, 1), 3, (0, 0)): (1, 1)
(7, 0, 0, (1, 0, 1), 4, (0, 0)): (3, 3)
(7, 0, 0, (1, 0, 1), 5, (0, 0)): (1, 1)
(7, 0, 0, (1, 0, 1), 6, (0, 0)): (1, 1)
(7, 0, 0, (1, 0, 1), 7, (0, 0)): (2, 2)
(7, 0, 0, (1, 0, 1), 8, (0, 0)): (1, 1)
(7, 0, 0, (1, 0, 1), 10, (0, 0)): (1, 1)
(7, 0, 0, (1, 1, 0), -10, (0, 0)): (0, 1)
(7, 0, 0, (1, 1, 0), -9, (0, 0)): (0, 2)
(7, 0, 0, (1, 1, 0), -8, (0, 0)): (0, 2)
(7, 0, 0, (1, 1, 0), -7, (0, 0)): (0, 2)
(7, 0, 0, (1, 1, 0), -6, (0, 0)): (0, 1)
(7, 0, 0, (1, 1, 0), -5, (0, 0)): (0, 3)
(7, 0, 0, (1, 1, 0), -4, (0, 0)): (0, 7)
(7, 0, 0, (1, 1, 0), -3, (0, 0)): (2, 5)
(7, 0, 0, (1, 1, 0), -2, (0, 0)): (0, 1)
(7, 0, 0, (1, 1, 0), -1, (0, 0)): (3, 5)
(7, 0, 0, (1, 1, 0), 0, (0, 0)): (3, 4)
(7, 0, 0, (1, 1, 0), 1, (0, 0)): (10, 12)
(7, 0, 0, (1, 1, 0), 2, (0, 0)): (6, 7)
(7, 0, 0, (1, 1, 0), 3, (0, 0)): (8, 8)
(7, 0, 0, (1, 1, 0), 4, (0, 0)): (5, 5)
(7, 0, 0, (1, 1, 0), 5, (0, 0)): (1, 1)
(7, 0, 0, (1, 1, 0), 6, (0, 0)): (1, 1)
(7, 0, 0, (1, 1, 0), 7, (0, 0)): (1, 1)
(7, 0, 0, (1, 1, 0), 9, (0, 0)): (1, 1)
(7, 0, 0, (1, 1, 0), 10, (0, 0)): (1, 1)
(7, 0, 0, (1, 1, 0), 12, (0, 0)): (1, 1)
(7, 0, 0, (1, 1, 1), -9, (0, 0)): (0, 1)
(7, 0, 0, (1, 1, 1), -3, (0, 0)): (0, 1)
(7, 0, 0, (1, 1, 1), -1, (0, 0)): (0, 1)
(7, 0, 0, (1, 1, 1), 0, (0, 0)): (3, 4)
(7, 0, 0, (1, 1, 1), 1, (0, 0)): (4, 4)
(7, 0, 0, (1, 1, 1), 2, (0, 0)): (3, 3)
(7, 0, 0, (1, 1, 1), 3, (0, 0)): (1, 1)
(7, 0, 0, (1, 1, 1), 4, (0, 0)): (2, 2)
(7, 0, 0, (1, 1, 1), 5, (0, 0)): (1, 1)
(7, 0, 0, (1, 1, 1), 7, (0, 0)): (1, 1)
(7, 0, 1, (0, 0, 0), -12, (0, 0)): (0, 8)
(7, 0, 1, (0, 0, 0), -11, (0, 0)): (0, 3)
(7, 0, 1, (0, 0, 0), -10, (0, 0)): (0, 6)
(7, 0, 1, (0, 0, 0), -9, (0, 0)): (0, 6)
(7, 0, 1, (0, 0, 0), -8, (0, 0)): (0, 11)
(7, 0, 1, (0, 0, 0), -7, (0, 0)): (0, 12)
(7, 0, 1, (0, 0, 0), -6, (0, 0)): (0, 21)
(7, 0, 1, (0, 0, 0), -5, (0, 0)): (0, 28)
(7, 0, 1, (0, 0, 0), -4, (0, 0)): (0, 44)
(7, 0, 1, (0, 0, 0), -3, (0, 0)): (3, 59)
(7, 0, 1, (0, 0, 0), -3, (1, 0)): (0, 1)
(7, 0, 1, (0, 0, 0), -3, (1, 1)): (0, 1)
(7, 0, 1, (0, 0, 0), -3, (1, 2)): (0, 1)
(7, 0, 1, (0, 0, 0), -2, (0, 0)): (17, 87)
(7, 0, 1, (0, 0, 0), -1, (0, 0)): (24, 90)
(7, 0, 1, (0, 0, 0), 0, (0, 0)): (46, 96)
(7, 0, 1, (0, 0, 0), 1, (0, 0)): (47, 71)
(7, 0, 1, (0, 0, 0), 2, (0, 0)): (56, 76)
(7, 0, 1, (0, 0, 0), 2, (0, 1)): (1, 1)
(7, 0, 1, (0, 0, 0), 2, (0, 2)): (1, 1)
(7, 0, 1, (0, 0, 0), 2, (1, 2)): (1, 1)
(7, 0, 1, (0, 0, 0), 3, (0, 0)): (41, 46)
(7, 0, 1, (0, 0, 0), 4, (0, 0)): (43, 45)
(7, 0, 1, (0, 0, 0), 5, (0, 0)): (26, 26)
(7, 0, 1, (0, 0, 0), 6, (0, 0)): (11, 11)
(7, 0, 1, (0, 0, 0), 7, (0, 0)): (12, 13)
(7, 0, 1, (0, 0, 0), 8, (0, 0)): (10, 10)
(7, 0, 1, (0, 0, 0), 9, (0, 0)): (3, 3)
(7, 0, 1, (0, 0, 0), 10, (0, 0)): (4, 4)
(7, 0, 1, (0, 0, 0), 11, (0, 0)): (1, 1)
(7, 0, 1, (0, 0, 0), 12, (0, 0)): (1, 1)
(7, 0, 1, (0, 0, 0), 14, (0, 0)): (1, 1)
(7, 0, 1, (0, 0, 0), 15, (0, 0)): (1, 1)
(7, 0, 1, (0, 0, 1), -7, (0, 0)): (0, 1)
(7, 0, 1, (0, 0, 1), -6, (0, 0)): (0, 2)
(7, 0, 1, (0, 0, 1), -5, (0, 0)): (0, 1)
(7, 0, 1, (0, 0, 1), -4, (0, 0)): (0, 2)
(7, 0, 1, (0, 0, 1), -3, (0, 0)): (0, 2)
(7, 0, 1, (0, 0, 1), -2, (0, 0)): (1, 6)
(7, 0, 1, (0, 0, 1), -1, (0, 0)): (0, 2)
(7, 0, 1, (0, 0, 1), 0, (0, 0)): (3, 5)
(7, 0, 1, (0, 0, 1), 1, (0, 0)): (5, 7)
(7, 0, 1, (0, 0, 1), 2, (0, 0)): (7, 8)
(7, 0, 1, (0, 0, 1), 3, (0, 0)): (6, 7)
(7, 0, 1, (0, 0, 1), 4, (0, 0)): (2, 2)
(7, 0, 1, (0, 0, 1), 5, (0, 0)): (6, 6)
(7, 0, 1, (0, 0, 1), 6, (0, 0)): (4, 4)
(7, 0, 1, (0, 0, 1), 7, (0, 0)): (1, 1)
(7, 0, 1, (0, 1, 0), -12, (0, 0)): (0, 1)
(7, 0, 1, (0, 1, 0), -11, (0, 0)): (0, 1)
(7, 0, 1, (0, 1, 0), -10, (0, 0)): (0, 2)
(7, 0, 1, (0, 1, 0), -9, (0, 0)): (0, 1)
(7, 0, 1, (0, 1, 0), -7, (0, 0)): (0, 1)
(7, 0, 1, (0, 1, 0), -6, (0, 0)): (0, 4)
(7, 0, 1, (0, 1, 0), -5, (0, 0)): (0, 6)
(7, 0, 1, (0, 1, 0), -4, (0, 0)): (0, 4)
(7, 0, 1, (0, 1, 0), -3, (0, 0)): (2, 10)
(7, 0, 1, (0, 1, 0), -3, (0, 1)): (0, 1)
(7, 0, 1, (0, 1, 0), -2, (0, 0)): (2, 6)
(7, 0, 1, (0, 1, 0), -1, (0, 0)): (6, 21)
(7, 0, 1, (0, 1, 0), 0, (0, 0)): (15, 28)
(7, 0, 1, (0, 1, 0), 1, (0, 0)): (18, 21)
(7, 0, 1, (0, 1, 0), 2, (0, 0)): (6, 9)
(7, 0, 1, (0, 1, 0), 3, (0, 0)): (14, 14)
(7, 0, 1, (0, 1, 0), 4, (0, 0)): (15, 15)
(7, 0, 1, (0, 1, 0), 5, (0, 0)): (11, 11)
(7, 0, 1, (0, 1, 0), 6, (0, 0)): (5, 5)
(7, 0, 1, (0, 1, 0), 7, (0, 0)): (2, 2)
(7, 0, 1, (0, 1, 0), 8, (0, 0)): (1, 1)
(7, 0, 1, (0, 1, 0), 10, (0, 0)): (1, 1)
(7, 0, 1, (0, 1, 0), 13, (0, 0)): (1, 1)
(7, 0, 1, (0, 1, 1), -8, (0, 0)): (0, 1)
(7, 0, 1, (0, 1, 1), -6, (0, 0)): (0, 1)
(7, 0, 1, (0, 1, 1), -4, (0, 0)): (0, 1)
(7, 0, 1, (0, 1, 1), -3, (0, 0)): (0, 5)
(7, 0, 1, (0, 1, 1), -2, (0, 0)): (2, 5)
(7, 0, 1, (0, 1, 1), -1, (0, 0)): (2, 4)
(7, 0, 1, (0, 1, 1), 0, (0, 0)): (1, 2)
(7, 0, 1, (0, 1, 1), 1, (0, 0)): (7, 9)
(7, 0, 1, (0, 1, 1), 2, (0, 0)): (5, 6)
(7, 0, 1, (0, 1, 1), 3, (0, 0)): (5, 5)
(7, 0, 1, (0, 1, 1), 4, (0, 0)): (5, 5)
(7, 0, 1, (0, 1, 1), 5, (0, 0)): (1, 1)
(7, 0, 1, (0, 1, 1), 6, (0, 0)): (1, 1)
(7, 0, 1, (0, 1, 1), 10, (0, 0)): (1, 1)
(7, 0, 1, (1, 0, 0), -12, (0, 0)): (0, 2)
(7, 0, 1, (1, 0, 0), -11, (0, 0)): (0, 2)
(7, 0, 1, (1, 0, 0), -10, (0, 0)): (0, 3)
(7, 0, 1, (1, 0, 0), -9, (0, 0)): (0, 1)
(7, 0, 1, (1, 0, 0), -8, (0, 0)): (0, 5)
(7, 0, 1, (1, 0, 0), -7, (0, 0)): (0, 5)
(7, 0, 1, (1, 0, 0), -6, (0, 0)): (0, 12)
(7, 0, 1, (1, 0, 0), -5, (0, 0)): (1, 13)
(7, 0, 1, (1, 0, 0), -4, (0, 0)): (0, 18)
(7, 0, 1, (1, 0, 0), -3, (0, 0)): (2, 27)
(7, 0, 1, (1, 0, 0), -2, (0, 0)): (2, 32)
(7, 0, 1, (1, 0, 0), -1, (0, 0)): (17, 40)
(7, 0, 1, (1, 0, 0), 0, (0, 0)): (24, 41)
(7, 0, 1, (1, 0, 0), 1, (0, 0)): (30, 41)
(7, 0, 1, (1, 0, 0), 2, (0, 0)): (25, 32)
(7, 0, 1, (1, 0, 0), 3, (0, 0)): (8, 10)
(7, 0, 1, (1, 0, 0), 4, (0, 0)): (24, 28)
(7, 0, 1, (1, 0, 0), 5, (0, 0)): (14, 15)
(7, 0, 1, (1, 0, 0), 6, (0, 0)): (8, 8)
(7, 0, 1, (1, 0, 0), 7, (0, 0)): (4, 4)
(7, 0, 1, (1, 0, 0), 8, (0, 0)): (7, 7)
(7, 0, 1, (1, 0, 0), 9, (0, 0)): (1, 1)
(7, 0, 1, (1, 0, 0), 10, (0, 0)): (3, 3)
(7, 0, 1, (1, 0, 0), 12, (0, 0)): (1, 1)
(7, 0, 1, (1, 0, 0), 14, (0, 0)): (1, 1)
(7, 0, 1, (1, 0, 1), -12, (0, 0)): (0, 2)
(7, 0, 1, (1, 0, 1), -6, (0, 0)): (0, 1)
(7, 0, 1, (1, 0, 1), -5, (0, 0)): (1, 6)
(7, 0, 1, (1, 0, 1), -4, (0, 0)): (0, 1)
(7, 0, 1, (1, 0, 1), -3, (0, 0)): (0, 3)
(7, 0, 1, (1, 0, 1), -2, (0, 0)): (1, 1)
(7, 0, 1, (1, 0, 1), -1, (0, 0)): (1, 3)
(7, 0, 1, (1, 0, 1), 0, (0, 0)): (4, 7)
(7, 0, 1, (1, 0, 1), 1, (0, 0)): (8, 10)
(7, 0, 1, (1, 0, 1), 2, (0, 0)): (5, 6)
(7, 0, 1, (1, 0, 1), 2, (1, 0)): (1, 1)
(7, 0, 1, (1, 0, 1), 3, (0, 0)): (6, 6)
(7, 0, 1, (1, 0, 1), 4, (0, 0)): (1, 2)
(7, 0, 1, (1, 0, 1), 5, (0, 0)): (1, 1)
(7, 0, 1, (1, 0, 1), 6, (0, 0)): (1, 1)
(7, 0, 1, (1, 0, 1), 7, (0, 0)): (4, 4)
(7, 0, 1, (1, 0, 1), 8, (0, 0)): (1, 1)
(7, 0, 1, (1, 1, 0), -11, (0, 0)): (0, 2)
(7, 0, 1, (1, 1, 0), -10, (0, 0)): (0, 1)
(7, 0, 1, (1, 1, 0), -9, (0, 0)): (0, 1)
(7, 0, 1, (1, 1, 0), -8, (0, 0)): (0, 5)
(7, 0, 1, (1, 1, 0), -7, (0, 0)): (0, 5)
(7, 0, 1, (1, 1, 0), -6, (0, 0)): (0, 3)
(7, 0, 1, (1, 1, 0), -5, (0, 0)): (0, 6)
(7, 0, 1, (1, 1, 0), -4, (0, 0)): (1, 11)
(7, 0, 1, (1, 1, 0), -3, (0, 0)): (2, 10)
(7, 0, 1, (1, 1, 0), -2, (0, 0)): (1, 10)
(7, 0, 1, (1, 1, 0), -1, (0, 0)): (7, 11)
(7, 0, 1, (1, 1, 0), 0, (0, 0)): (8, 15)
(7, 0, 1, (1, 1, 0), 1, (0, 0)): (10, 13)
(7, 0, 1, (1, 1, 0), 2, (0, 0)): (14, 16)
(7, 0, 1, (1, 1, 0), 3, (0, 0)): (10, 12)
(7, 0, 1, (1, 1, 0), 4, (0, 0)): (9, 10)
(7, 0, 1, (1, 1, 0), 5, (0, 0)): (6, 6)
(7, 0, 1, (1, 1, 0), 6, (0, 0)): (4, 4)
(7, 0, 1, (1, 1, 0), 7, (0, 0)): (2, 2)
(7, 0, 1, (1, 1, 0), 8, (0, 0)): (2, 2)
(7, 0, 1, (1, 1, 0), 9, (0, 0)): (1, 1)
(7, 0, 1, (1, 1, 0), 10, (0, 0)): (1, 1)
(7, 0, 1, (1, 1, 0), 12, (0, 0)): (1, 1)
(7, 0, 1, (1, 1, 1), -10, (0, 0)): (0, 1)
(7, 0, 1, (1, 1, 1), -8, (0, 0)): (0, 1)
(7, 0, 1, (1, 1, 1), -3, (0, 0)): (2, 4)
(7, 0, 1, (1, 1, 1), -2, (0, 0)): (1, 5)
(7, 0, 1, (1, 1, 1), -1, (0, 0)): (1, 4)
(7, 0, 1, (1, 1, 1), 0, (0, 0)): (5, 6)
(7, 0, 1, (1, 1, 1), 1, (0, 0)): (7, 7)
(7, 0, 1, (1, 1, 1), 2, (0, 0)): (7, 7)
(7, 0, 1, (1, 1, 1), 3, (0, 0)): (5, 5)
(7, 0, 1, (1, 1, 1), 4, (0, 0)): (5, 5)
(7, 0, 1, (1, 1, 1), 5, (0, 0)): (2, 2)
(7, 0, 1, (1, 1, 1), 7, (0, 0)): (1, 1)
(7, 0, 2, (0, 0, 0), -12, (0, 0)): (0, 5)
(7, 0, 2, (0, 0, 0), -10, (0, 0)): (0, 5)
(7, 0, 2, (0, 0, 0), -9, (0, 0)): (0, 5)
(7, 0, 2, (0, 0, 0), -8, (0, 0)): (0, 9)
(7, 0, 2, (0, 0, 0), -7, (0, 0)): (0, 10)
(7, 0, 2, (0, 0, 0), -6, (0, 0)): (0, 18)
(7, 0, 2, (0, 0, 0), -5, (0, 0)): (0, 22)
(7, 0, 2, (0, 0, 0), -4, (0, 0)): (0, 32)
(7, 0, 2, (0, 0, 0), -3, (0, 0)): (3, 48)
(7, 0, 2, (0, 0, 0), -3, (0, 1)): (0, 1)
(7, 0, 2, (0, 0, 0), -3, (1, 1)): (0, 1)
(7, 0, 2, (0, 0, 0), -2, (0, 0)): (15, 63)
(7, 0, 2, (0, 0, 0), -1, (0, 0)): (12, 62)
(7, 0, 2, (0, 0, 0), -1, (0, 1)): (1, 1)
(7, 0, 2, (0, 0, 0), 0, (0, 0)): (27, 68)
(7, 0, 2, (0, 0, 0), 1, (0, 0)): (31, 50)
(7, 0, 2, (0, 0, 0), 2, (0, 0)): (44, 62)
(7, 0, 2, (0, 0, 0), 3, (0, 0)): (36, 41)
(7, 0, 2, (0, 0, 0), 4, (0, 0)): (28, 28)
(7, 0, 2, (0, 0, 0), 5, (0, 0)): (23, 24)
(7, 0, 2, (0, 0, 0), 6, (0, 0)): (12, 12)
(7, 0, 2, (0, 0, 0), 7, (0, 0)): (15, 16)
(7, 0, 2, (0, 0, 0), 8, (0, 0)): (7, 7)
(7, 0, 2, (0, 0, 0), 9, (0, 0)): (2, 2)
(7, 0, 2, (0, 0, 0), 10, (0, 0)): (3, 3)
(7, 0, 2, (0, 0, 0), 11, (0, 0)): (2, 2)
(7, 0, 2, (0, 0, 0), 12, (0, 0)): (1, 1)
(7, 0, 2, (0, 0, 0), 15, (0, 0)): (1, 1)
(7, 0, 2, (0, 0, 1), -11, (0, 0)): (0, 1)
(7, 0, 2, (0, 0, 1), -9, (0, 0)): (0, 1)
(7, 0, 2, (0, 0, 1), -7, (0, 0)): (0, 1)
(7, 0, 2, (0, 0, 1), -6, (0, 0)): (0, 6)
(7, 0, 2, (0, 0, 1), -5, (0, 0)): (0, 5)
(7, 0, 2, (0, 0, 1), -4, (0, 0)): (0, 1)
(7, 0, 2, (0, 0, 1), -3, (0, 0)): (1, 4)
(7, 0, 2, (0, 0, 1), -2, (0, 0)): (0, 4)
(7, 0, 2, (0, 0, 1), -1, (0, 0)): (1, 5)
(7, 0, 2, (0, 0, 1), 0, (0, 0)): (3, 7)
(7, 0, 2, (0, 0, 1), 1, (0, 0)): (3, 6)
(7, 0, 2, (0, 0, 1), 2, (0, 0)): (3, 4)
(7, 0, 2, (0, 0, 1), 3, (0, 0)): (5, 5)
(7, 0, 2, (0, 0, 1), 4, (0, 0)): (4, 4)
(7, 0, 2, (0, 0, 1), 5, (0, 0)): (4, 4)
(7, 0, 2, (0, 0, 1), 6, (0, 0)): (3, 3)
(7, 0, 2, (0, 0, 1), 7, (0, 0)): (1, 1)
(7, 0, 2, (0, 0, 1), 9, (0, 0)): (1, 1)
(7, 0, 2, (0, 0, 1), 10, (0, 0)): (1, 1)
(7, 0, 2, (0, 0, 1), 11, (0, 0)): (1, 1)
(7, 0, 2, (0, 1, 0), -12, (0, 0)): (0, 1)
(7, 0, 2, (0, 1, 0), -11, (0, 0)): (0, 2)
(7, 0, 2, (0, 1, 0), -10, (0, 0)): (0, 1)
(7, 0, 2, (0, 1, 0), -9, (0, 0)): (0, 1)
(7, 0, 2, (0, 1, 0), -8, (0, 0)): (0, 2)
(7, 0, 2, (0, 1, 0), -6, (0, 0)): (0, 2)
(7, 0, 2, (0, 1, 0), -5, (0, 0)): (0, 4)
(7, 0, 2, (0, 1, 0), -4, (0, 0)): (0, 8)
(7, 0, 2, (0, 1, 0), -3, (0, 0)): (3, 18)
(7, 0, 2, (0, 1, 0), -2, (0, 0)): (2, 9)
(7, 0, 2, (0, 1, 0), -1, (0, 0)): (8, 32)
(7, 0, 2, (0, 1, 0), 0, (0, 0)): (19, 29)
(7, 0, 2, (0, 1, 0), 1, (0, 0)): (12, 17)
(7, 0, 2, (0, 1, 0), 2, (0, 0)): (6, 7)
(7, 0, 2, (0, 1, 0), 3, (0, 0)): (9, 9)
(7, 0, 2, (0, 1, 0), 4, (0, 0)): (18, 20)
(7, 0, 2, (0, 1, 0), 5, (0, 0)): (11, 11)
(7, 0, 2, (0, 1, 0), 6, (0, 0)): (6, 6)
(7, 0, 2, (0, 1, 0), 7, (0, 0)): (1, 1)
(7, 0, 2, (0, 1, 0), 8, (0, 0)): (4, 4)
(7, 0, 2, (0, 1, 0), 9, (0, 0)): (1, 1)
(7, 0, 2, (0, 1, 0), 13, (0, 0)): (1, 1)
(7, 0, 2, (0, 1, 0), 14, (0, 0)): (1, 1)
(7, 0, 2, (0, 1, 1), -4, (0, 0)): (1, 4)
(7, 0, 2, (0, 1, 1), -3, (0, 0)): (0, 2)
(7, 0, 2, (0, 1, 1), -2, (0, 0)): (1, 4)
(7, 0, 2, (0, 1, 1), -1, (0, 0)): (2, 4)
(7, 0, 2, (0, 1, 1), 0, (0, 0)): (2, 5)
(7, 0, 2, (0, 1, 1), 1, (0, 0)): (4, 7)
(7, 0, 2, (0, 1, 1), 2, (0, 0)): (4, 6)
(7, 0, 2, (0, 1, 1), 3, (0, 0)): (3, 3)
(7, 0, 2, (0, 1, 1), 4, (0, 0)): (6, 7)
(7, 0, 2, (0, 1, 1), 5, (0, 0)): (1, 1)
(7, 0, 2, (0, 1, 1), 6, (0, 0)): (3, 3)
(7, 0, 2, (0, 1, 1), 7, (0, 0)): (1, 1)
(7, 0, 2, (0, 1, 1), 10, (0, 0)): (1, 1)
(7, 0, 2, (1, 0, 0), -12, (0, 0)): (0, 2)
(7, 0, 2, (1, 0, 0), -10, (0, 0)): (0, 3)
(7, 0, 2, (1, 0, 0), -9, (0, 0)): (0, 2)
(7, 0, 2, (1, 0, 0), -8, (0, 0)): (0, 4)
(7, 0, 2, (1, 0, 0), -7, (0, 0)): (0, 5)
(7, 0, 2, (1, 0, 0), -6, (0, 0)): (0, 11)
(7, 0, 2, (1, 0, 0), -5, (0, 0)): (0, 5)
(7, 0, 2, (1, 0, 0), -4, (0, 0)): (0, 21)
(7, 0, 2, (1, 0, 0), -3, (0, 0)): (4, 25)
(7, 0, 2, (1, 0, 0), -2, (0, 0)): (4, 32)
(7, 0, 2, (1, 0, 0), -1, (0, 0)): (8, 36)
(7, 0, 2, (1, 0, 0), 0, (0, 0)): (20, 34)
(7, 0, 2, (1, 0, 0), 1, (0, 0)): (31, 39)
(7, 0, 2, (1, 0, 0), 2, (0, 0)): (32, 38)
(7, 0, 2, (1, 0, 0), 3, (0, 0)): (21, 23)
(7, 0, 2, (1, 0, 0), 4, (0, 0)): (22, 22)
(7, 0, 2, (1, 0, 0), 5, (0, 0)): (20, 20)
(7, 0, 2, (1, 0, 0), 6, (0, 0)): (11, 11)
(7, 0, 2, (1, 0, 0), 7, (0, 0)): (10, 10)
(7, 0, 2, (1, 0, 0), 8, (0, 0)): (7, 7)
(7, 0, 2, (1, 0, 0), 9, (0, 0)): (2, 2)
(7, 0, 2, (1, 0, 0), 10, (0, 0)): (3, 3)
(7, 0, 2, (1, 0, 0), 11, (0, 0)): (1, 1)
(7, 0, 2, (1, 0, 0), 12, (0, 0)): (2, 2)
(7, 0, 2, (1, 0, 0), 15, (0, 0)): (2, 2)
(7, 0, 2, (1, 0, 1), -7, (0, 0)): (0, 1)
(7, 0, 2, (1, 0, 1), -6, (0, 0)): (0, 1)
(7, 0, 2, (1, 0, 1), -5, (0, 0)): (0, 4)
(7, 0, 2, (1, 0, 1), -4, (0, 0)): (0, 3)
(7, 0, 2, (1, 0, 1), -3, (0, 0)): (1, 3)
(7, 0, 2, (1, 0, 1), -2, (0, 0)): (1, 6)
(7, 0, 2, (1, 0, 1), -1, (0, 0)): (2, 9)
(7, 0, 2, (1, 0, 1), 0, (0, 0)): (3, 6)
(7, 0, 2, (1, 0, 1), 1, (0, 0)): (7, 8)
(7, 0, 2, (1, 0, 1), 2, (0, 0)): (6, 6)
(7, 0, 2, (1, 0, 1), 3, (0, 0)): (7, 7)
(7, 0, 2, (1, 0, 1), 4, (0, 0)): (8, 8)
(7, 0, 2, (1, 0, 1), 5, (0, 0)): (1, 1)
(7, 0, 2, (1, 0, 1), 6, (0, 0)): (1, 1)
(7, 0, 2, (1, 0, 1), 7, (0, 0)): (4, 4)
(7, 0, 2, (1, 0, 1), 8, (0, 0)): (2, 2)
(7, 0, 2, (1, 0, 1), 10, (0, 0)): (1, 1)
(7, 0, 2, (1, 0, 1), 12, (0, 0)): (1, 1)
(7, 0, 2, (1, 1, 0), -11, (0, 0)): (0, 2)
(7, 0, 2, (1, 1, 0), -10, (0, 0)): (0, 1)
(7, 0, 2, (1, 1, 0), -9, (0, 0)): (0, 3)
(7, 0, 2, (1, 1, 0), -8, (0, 0)): (0, 2)
(7, 0, 2, (1, 1, 0), -7, (0, 0)): (0, 4)
(7, 0, 2, (1, 1, 0), -6, (0, 0)): (0, 5)
(7, 0, 2, (1, 1, 0), -5, (0, 0)): (0, 6)
(7, 0, 2, (1, 1, 0), -4, (0, 0)): (0, 13)
(7, 0, 2, (1, 1, 0), -3, (0, 0)): (1, 14)
(7, 0, 2, (1, 1, 0), -2, (0, 0)): (1, 10)
(7, 0, 2, (1, 1, 0), -1, (0, 0)): (3, 10)
(7, 0, 2, (1, 1, 0), 0, (0, 0)): (17, 26)
(7, 0, 2, (1, 1, 0), 1, (0, 0)): (14, 19)
(7, 0, 2, (1, 1, 0), 2, (0, 0)): (15, 17)
(7, 0, 2, (1, 1, 0), 3, (0, 0)): (11, 14)
(7, 0, 2, (1, 1, 0), 4, (0, 0)): (18, 18)
(7, 0, 2, (1, 1, 0), 5, (0, 0)): (13, 13)
(7, 0, 2, (1, 1, 0), 6, (0, 0)): (8, 8)
(7, 0, 2, (1, 1, 0), 7, (0, 0)): (3, 3)
(7, 0, 2, (1, 1, 0), 8, (0, 0)): (5, 5)
(7, 0, 2, (1, 1, 0), 9, (0, 0)): (2, 2)
(7, 0, 2, (1, 1, 0), 11, (0, 0)): (1, 1)
(7, 0, 2, (1, 1, 0), 12, (0, 0)): (1, 1)
(7, 0, 2, (1, 1, 0), 13, (0, 0)): (1, 1)
(7, 0, 2, (1, 1, 1), -9, (0, 0)): (0, 1)
(7, 0, 2, (1, 1, 1), -8, (0, 0)): (0, 2)
(7, 0, 2, (1, 1, 1), -7, (0, 0)): (0, 1)
(7, 0, 2, (1, 1, 1), -5, (0, 0)): (0, 1)
(7, 0, 2, (1, 1, 1), -4, (0, 0)): (0, 5)
(7, 0, 2, (1, 1, 1), -3, (0, 0)): (1, 5)
(7, 0, 2, (1, 1, 1), -2, (0, 0)): (0, 2)
(7, 0, 2, (1, 1, 1), -1, (0, 0)): (2, 9)
(7, 0, 2, (1, 1, 1), 0, (0, 0)): (2, 6)
(7, 0, 2, (1, 1, 1), 1, (0, 0)): (2, 4)
(7, 0, 2, (1, 1, 1), 2, (0, 0)): (6, 7)
(7, 0, 2, (1, 1, 1), 3, (0, 0)): (6, 6)
(7, 0, 2, (1, 1, 1), 4, (0, 0)): (6, 6)
(7, 0, 2, (1, 1, 1), 5, (0, 0)): (5, 5)
(7, 0, 2, (1, 1, 1), 6, (0, 0)): (1, 1)
(7, 0, 2, (1, 1, 1), 7, (0, 0)): (2, 2)
(7, 0, 2, (1, 1, 1), 8, (0, 0)): (1, 1)
(7, 0, 2, (1, 1, 1), 9, (0, 0)): (1, 1)
(7, 0, 2, (1, 1, 1), 10, (0, 0)): (1, 1)
(7, 0, 2, (1, 1, 1), 11, (0, 0)): (1, 1)
(7, 1, 0, (0, 0, 0), -15, (0, 0)): (0, 2)
(7, 1, 0, (0, 0, 0), -13, (0, 0)): (0, 3)
(7, 1, 0, (0, 0, 0), -11, (0, 0)): (0, 4)
(7, 1, 0, (0, 0, 0), -10, (0, 0)): (0, 8)
(7, 1, 0, (0, 0, 0), -9, (0, 0)): (0, 6)
(7, 1, 0, (0, 0, 0), -8, (0, 0)): (0, 17)
(7, 1, 0, (0, 0, 0), -7, (0, 0)): (1, 26)
(7, 1, 0, (0, 0, 0), -6, (0, 0)): (1, 32)
(7, 1, 0, (0, 0, 0), -5, (0, 0)): (1, 52)
(7, 1, 0, (0, 0, 0), -4, (0, 0)): (4, 69)
(7, 1, 0, (0, 0, 0), -3, (0, 0)): (8, 72)
(7, 1, 0, (0, 0, 0), -2, (0, 0)): (27, 105)
(7, 1, 0, (0, 0, 0), -2, (1, 0)): (0, 1)
(7, 1, 0, (0, 0, 0), -2, (1, 1)): (0, 1)
(7, 1, 0, (0, 0, 0), -1, (0, 0)): (41, 103)
(7, 1, 0, (0, 0, 0), 0, (0, 0)): (80, 137)
(7, 1, 0, (0, 0, 0), 1, (0, 0)): (89, 110)
(7, 1, 0, (0, 0, 0), 1, (1, 0)): (0, 1)
(7, 1, 0, (0, 0, 0), 1, (1, 1)): (0, 1)
(7, 1, 0, (0, 0, 0), 1, (2, 1)): (0, 1)
(7, 1, 0, (0, 0, 0), 2, (0, 0)): (88, 103)
(7, 1, 0, (0, 0, 0), 3, (0, 0)): (83, 89)
(7, 1, 0, (0, 0, 0), 3, (0, 1)): (1, 1)
(7, 1, 0, (0, 0, 0), 3, (1, 0)): (1, 1)
(7, 1, 0, (0, 0, 0), 3, (1, 1)): (2, 2)
(7, 1, 0, (0, 0, 0), 3, (1, 2)): (1, 1)
(7, 1, 0, (0, 0, 0), 3, (2, 1)): (1, 1)
(7, 1, 0, (0, 0, 0), 4, (0, 0)): (59, 60)
(7, 1, 0, (0, 0, 0), 5, (0, 0)): (42, 42)
(7, 1, 0, (0, 0, 0), 6, (0, 0)): (33, 33)
(7, 1, 0, (0, 0, 0), 7, (0, 0)): (22, 22)
(7, 1, 0, (0, 0, 0), 8, (0, 0)): (15, 15)
(7, 1, 0, (0, 0, 0), 9, (0, 0)): (9, 9)
(7, 1, 0, (0, 0, 0), 10, (0, 0)): (9, 9)
(7, 1, 0, (0, 0, 0), 11, (0, 0)): (3, 3)
(7, 1, 0, (0, 0, 0), 12, (0, 0)): (6, 6)
(7, 1, 0, (0, 0, 1), -6, (0, 0)): (0, 1)
(7, 1, 0, (0, 0, 1), -3, (0, 0)): (0, 1)
(7, 1, 0, (0, 0, 1), -1, (0, 0)): (3, 4)
(7, 1, 0, (0, 0, 1), 0, (0, 0)): (1, 1)
(7, 1, 0, (0, 0, 1), 1, (0, 0)): (3, 3)
(7, 1, 0, (0, 0, 1), 2, (0, 0)): (2, 2)
(7, 1, 0, (0, 0, 1), 4, (0, 0)): (3, 3)
(7, 1, 0, (0, 0, 1), 5, (0, 0)): (2, 2)
(7, 1, 0, (0, 0, 1), 6, (0, 0)): (1, 1)
(7, 1, 0, (0, 0, 1), 7, (0, 0)): (2, 2)
(7, 1, 0, (0, 0, 1), 11, (0, 0)): (1, 1)
(7, 1, 0, (0, 1, 0), -13, (0, 0)): (0, 1)
(7, 1, 0, (0, 1, 0), -10, (0, 0)): (0, 1)
(7, 1, 0, (0, 1, 0), -8, (0, 0)): (0, 2)
(7, 1, 0, (0, 1, 0), -7, (0, 0)): (0, 2)
(7, 1, 0, (0, 1, 0), -6, (0, 0)): (0, 1)
(7, 1, 0, (0, 1, 0), -5, (0, 0)): (0, 1)
(7, 1, 0, (0, 1, 0), -4, (0, 0)): (1, 4)
(7, 1, 0, (0, 1, 0), -3, (0, 0)): (0, 3)
(7, 1, 0, (0, 1, 0), -2, (0, 0)): (1, 3)
(7, 1, 0, (0, 1, 0), -1, (0, 0)): (6, 10)
(7, 1, 0, (0, 1, 0), 0, (0, 0)): (6, 8)
(7, 1, 0, (0, 1, 0), 1, (0, 0)): (6, 7)
(7, 1, 0, (0, 1, 0), 2, (0, 0)): (5, 7)
(7, 1, 0, (0, 1, 0), 3, (0, 0)): (7, 7)
(7, 1, 0, (0, 1, 0), 4, (0, 0)): (5, 5)
(7, 1, 0, (0, 1, 0), 5, (0, 0)): (3, 3)
(7, 1, 0, (0, 1, 0), 6, (0, 0)): (1, 1)
(7, 1, 0, (0, 1, 0), 7, (0, 0)): (2, 2)
(7, 1, 0, (0, 1, 0), 10, (0, 0)): (2, 2)
(7, 1, 0, (0, 1, 0), 11, (0, 0)): (1, 1)
(7, 1, 0, (0, 1, 0), 12, (0, 0)): (1, 1)
(7, 1, 0, (0, 1, 1), -7, (0, 0)): (0, 2)
(7, 1, 0, (0, 1, 1), -5, (0, 0)): (0, 1)
(7, 1, 0, (0, 1, 1), -4, (0, 0)): (1, 2)
(7, 1, 0, (0, 1, 1), -2, (0, 0)): (1, 3)
(7, 1, 0, (0, 1, 1), 0, (0, 0)): (2, 4)
(7, 1, 0, (0, 1, 1), 1, (0, 0)): (1, 2)
(7, 1, 0, (0, 1, 1), 2, (0, 0)): (1, 1)
(7, 1, 0, (0, 1, 1), 3, (0, 0)): (2, 2)
(7, 1, 0, (0, 1, 1), 4, (0, 0)): (1, 1)
(7, 1, 0, (0, 1, 1), 7, (0, 0)): (2, 2)
(7, 1, 0, (0, 1, 1), 9, (0, 0)): (1, 1)
(7, 1, 0, (1, 0, 0), -13, (0, 0)): (0, 1)
(7, 1, 0, (1, 0, 0), -11, (0, 0)): (0, 2)
(7, 1, 0, (1, 0, 0), -10, (0, 0)): (0, 3)
(7, 1, 0, (1, 0, 0), -9, (0, 0)): (0, 3)
(7, 1, 0, (1, 0, 0), -8, (0, 0)): (0, 2)
(7, 1, 0, (1, 0, 0), -7, (0, 0)): (0, 9)
(7, 1, 0, (1, 0, 0), -6, (0, 0)): (1, 8)
(7, 1, 0, (1, 0, 0), -5, (0, 0)): (1, 16)
(7, 1, 0, (1, 0, 0), -4, (0, 0)): (2, 24)
(7, 1, 0, (1, 0, 0), -3, (0, 0)): (5, 20)
(7, 1, 0, (1, 0, 0), -2, (0, 0)): (10, 33)
(7, 1, 0, (1, 0, 0), -2, (0, 1)): (0, 1)
(7, 1, 0, (1, 0, 0), -2, (1, 1)): (0, 1)
(7, 1, 0, (1, 0, 0), -1, (0, 0)): (10, 23)
(7, 1, 0, (1, 0, 0), 0, (0, 0)): (23, 40)
(7, 1, 0, (1, 0, 0), 1, (0, 0)): (22, 27)
(7, 1, 0, (1, 0, 0), 1, (1, 0)): (0, 1)
(7, 1, 0, (1, 0, 0), 1, (1, 1)): (0, 1)
(7, 1, 0, (1, 0, 0), 1, (1, 2)): (0, 1)
(7, 1, 0, (1, 0, 0), 2, (0, 0)): (35, 39)
(7, 1, 0, (1, 0, 0), 3, (0, 0)): (18, 19)
(7, 1, 0, (1, 0, 0), 4, (0, 0)): (14, 14)
(7, 1, 0, (1, 0, 0), 5, (0, 0)): (14, 14)
(7, 1, 0, (1, 0, 0), 6, (0, 0)): (8, 8)
(7, 1, 0, (1, 0, 0), 7, (0, 0)): (7, 7)
(7, 1, 0, (1, 0, 0), 8, (0, 0)): (5, 5)
(7, 1, 0, (1, 0, 0), 9, (0, 0)): (5, 5)
(7, 1, 0, (1, 0, 0), 10, (0, 0)): (2, 2)
(7, 1, 0, (1, 0, 0), 11, (0, 0)): (3, 3)
(7, 1, 0, (1, 0, 0), 12, (0, 0)): (1, 1)
(7, 1, 0, (1, 0, 1), -8, (0, 0)): (0, 1)
(7, 1, 0, (1, 0, 1), -6, (0, 0)): (0, 2)
(7, 1, 0, (1, 0, 1), -5, (0, 0)): (0, 1)
(7, 1, 0, (1, 0, 1), -4, (0, 0)): (1, 4)
(7, 1, 0, (1, 0, 1), -3, (0, 0)): (1, 2)
(7, 1, 0, (1, 0, 1), -2, (0, 0)): (2, 5)
(7, 1, 0, (1, 0, 1), 0, (0, 0)): (2, 2)
(7, 1, 0, (1, 0, 1), 1, (0, 0)): (3, 3)
(7, 1, 0, (1, 0, 1), 2, (0, 0)): (6, 7)
(7, 1, 0, (1, 0, 1), 3, (0, 0)): (5, 5)
(7, 1, 0, (1, 0, 1), 4, (0, 0)): (2, 2)
(7, 1, 0, (1, 0, 1), 6, (0, 0)): (2, 2)
(7, 1, 0, (1, 0, 1), 7, (0, 0)): (4, 4)
(7, 1, 0, (1, 0, 1), 8, (0, 0)): (1, 1)
(7, 1, 0, (1, 0, 1), 10, (0, 0)): (1, 1)
(7, 1, 0, (1, 1, 0), -10, (0, 0)): (0, 1)
(7, 1, 0, (1, 1, 0), -8, (0, 0)): (0, 1)
(7, 1, 0, (1, 1, 0), -7, (0, 0)): (0, 1)
(7, 1, 0, (1, 1, 0), -6, (0, 0)): (1, 3)
(7, 1, 0, (1, 1, 0), -5, (0, 0)): (1, 6)
(7, 1, 0, (1, 1, 0), -4, (0, 0)): (0, 13)
(7, 1, 0, (1, 1, 0), -3, (0, 0)): (2, 8)
(7, 1, 0, (1, 1, 0), -2, (0, 0)): (5, 7)
(7, 1, 0, (1, 1, 0), -1, (0, 0)): (3, 4)
(7, 1, 0, (1, 1, 0), 0, (0, 0)): (3, 4)
(7, 1, 0, (1, 1, 0), 1, (0, 0)): (4, 4)
(7, 1, 0, (1, 1, 0), 2, (0, 0)): (11, 12)
(7, 1, 0, (1, 1, 0), 3, (0, 0)): (8, 8)
(7, 1, 0, (1, 1, 0), 4, (0, 0)): (3, 3)
(7, 1, 0, (1, 1, 0), 5, (0, 0)): (5, 5)
(7, 1, 0, (1, 1, 0), 6, (0, 0)): (4, 4)
(7, 1, 0, (1, 1, 0), 7, (0, 0)): (1, 1)
(7, 1, 0, (1, 1, 0), 8, (0, 0)): (1, 1)
(7, 1, 0, (1, 1, 0), 9, (0, 0)): (2, 2)
(7, 1, 0, (1, 1, 0), 10, (0, 0)): (1, 1)
(7, 1, 0, (1, 1, 0), 11, (0, 0)): (1, 1)
(7, 1, 0, (1, 1, 1), -5, (0, 0)): (0, 1)
(7, 1, 0, (1, 1, 1), -4, (0, 0)): (1, 2)
(7, 1, 0, (1, 1, 1), -2, (0, 0)): (2, 2)
(7, 1, 0, (1, 1, 1), -1, (0, 0)): (1, 1)
(7, 1, 0, (1, 1, 1), 0, (0, 0)): (1, 2)
(7, 1, 0, (1, 1, 1), 1, (0, 0)): (2, 3)
(7, 1, 0, (1, 1, 1), 2, (0, 0)): (2, 2)
(7, 1, 0, (1, 1, 1), 4, (0, 0)): (1, 1)
(7, 1, 0, (1, 1, 1), 5, (0, 0)): (1, 1)
(7, 1, 0, (1, 1, 1), 6, (0, 0)): (1, 1)
(7, 1, 0, (1, 1, 1), 7, (0, 0)): (2, 2)
(7, 1, 0, (1, 1, 1), 8, (0, 0)): (1, 1)
(7, 1, 1, (0, 0, 0), -15, (0, 0)): (0, 2)
(7, 1, 1, (0, 0, 0), -13, (0, 0)): (0, 1)
(7, 1, 1, (0, 0, 0), -11, (0, 0)): (0, 2)
(7, 1, 1, (0, 0, 0), -10, (0, 0)): (0, 5)
(7, 1, 1, (0, 0, 0), -9, (0, 0)): (0, 3)
(7, 1, 1, (0, 0, 0), -8, (0, 0)): (0, 13)
(7, 1, 1, (0, 0, 0), -7, (0, 0)): (0, 16)
(7, 1, 1, (0, 0, 0), -6, (0, 0)): (0, 21)
(7, 1, 1, (0, 0, 0), -5, (0, 0)): (0, 36)
(7, 1, 1, (0, 0, 0), -4, (0, 0)): (2, 42)
(7, 1, 1, (0, 0, 0), -3, (0, 0)): (4, 49)
(7, 1, 1, (0, 0, 0), -2, (0, 0)): (15, 70)
(7, 1, 1, (0, 0, 0), -1, (0, 0)): (24, 72)
(7, 1, 1, (0, 0, 0), 0, (0, 0)): (59, 100)
(7, 1, 1, (0, 0, 0), 1, (0, 0)): (58, 75)
(7, 1, 1, (0, 0, 0), 2, (0, 0)): (48, 57)
(7, 1, 1, (0, 0, 0), 3, (0, 0)): (62, 67)
(7, 1, 1, (0, 0, 0), 3, (0, 1)): (1, 1)
(7, 1, 1, (0, 0, 0), 3, (0, 2)): (1, 1)
(7, 1, 1, (0, 0, 0), 4, (0, 0)): (40, 41)
(7, 1, 1, (0, 0, 0), 5, (0, 0)): (29, 29)
(7, 1, 1, (0, 0, 0), 6, (0, 0)): (24, 24)
(7, 1, 1, (0, 0, 0), 7, (0, 0)): (12, 12)
(7, 1, 1, (0, 0, 0), 8, (0, 0)): (11, 11)
(7, 1, 1, (0, 0, 0), 9, (0, 0)): (5, 5)
(7, 1, 1, (0, 0, 0), 10, (0, 0)): (5, 5)
(7, 1, 1, (0, 0, 0), 11, (0, 0)): (1, 1)
(7, 1, 1, (0, 0, 0), 12, (0, 0)): (4, 4)
(7, 1, 1, (0, 0, 1), -13, (0, 0)): (0, 1)
(7, 1, 1, (0, 0, 1), -7, (0, 0)): (0, 1)
(7, 1, 1, (0, 0, 1), -6, (0, 0)): (0, 1)
(7, 1, 1, (0, 0, 1), -4, (0, 0)): (1, 4)
(7, 1, 1, (0, 0, 1), -3, (0, 0)): (1, 5)
(7, 1, 1, (0, 0, 1), -2, (0, 0)): (1, 1)
(7, 1, 1, (0, 0, 1), -1, (0, 0)): (4, 7)
(7, 1, 1, (0, 0, 1), 0, (0, 0)): (6, 7)
(7, 1, 1, (0, 0, 1), 1, (0, 0)): (4, 6)
(7, 1, 1, (0, 0, 1), 2, (0, 0)): (8, 9)
(7, 1, 1, (0, 0, 1), 3, (0, 0)): (2, 2)
(7, 1, 1, (0, 0, 1), 4, (0, 0)): (3, 3)
(7, 1, 1, (0, 0, 1), 5, (0, 0)): (6, 6)
(7, 1, 1, (0, 0, 1), 7, (0, 0)): (2, 2)
(7, 1, 1, (0, 0, 1), 8, (0, 0)): (1, 1)
(7, 1, 1, (0, 0, 1), 9, (0, 0)): (2, 2)
(7, 1, 1, (0, 0, 1), 11, (0, 0)): (1, 1)
(7, 1, 1, (0, 1, 0), -10, (0, 0)): (0, 1)
(7, 1, 1, (0, 1, 0), -7, (0, 0)): (0, 2)
(7, 1, 1, (0, 1, 0), -5, (0, 0)): (0, 5)
(7, 1, 1, (0, 1, 0), -4, (0, 0)): (0, 4)
(7, 1, 1, (0, 1, 0), -3, (0, 0)): (0, 5)
(7, 1, 1, (0, 1, 0), -2, (0, 0)): (3, 10)
(7, 1, 1, (0, 1, 0), -1, (0, 0)): (7, 21)
(7, 1, 1, (0, 1, 0), 0, (0, 0)): (18, 32)
(7, 1, 1, (0, 1, 0), 1, (0, 0)): (18, 24)
(7, 1, 1, (0, 1, 0), 2, (0, 0)): (15, 17)
(7, 1, 1, (0, 1, 0), 3, (0, 0)): (22, 23)
(7, 1, 1, (0, 1, 0), 4, (0, 0)): (15, 15)
(7, 1, 1, (0, 1, 0), 5, (0, 0)): (10, 10)
(7, 1, 1, (0, 1, 0), 6, (0, 0)): (2, 2)
(7, 1, 1, (0, 1, 0), 7, (0, 0)): (2, 2)
(7, 1, 1, (0, 1, 0), 8, (0, 0)): (1, 1)
(7, 1, 1, (0, 1, 0), 9, (0, 0)): (2, 2)
(7, 1, 1, (0, 1, 0), 10, (0, 0)): (1, 1)
(7, 1, 1, (0, 1, 0), 11, (0, 0)): (1, 1)
(7, 1, 1, (0, 1, 0), 12, (0, 0)): (2, 2)
(7, 1, 1, (0, 1, 1), -10, (0, 0)): (0, 1)
(7, 1, 1, (0, 1, 1), -7, (0, 0)): (0, 4)
(7, 1, 1, (0, 1, 1), -6, (0, 0)): (0, 1)
(7, 1, 1, (0, 1, 1), -5, (0, 0)): (0, 1)
(7, 1, 1, (0, 1, 1), -4, (0, 0)): (0, 2)
(7, 1, 1, (0, 1, 1), -2, (0, 0)): (1, 3)
(7, 1, 1, (0, 1, 1), -1, (0, 0)): (1, 4)
(7, 1, 1, (0, 1, 1), 0, (0, 0)): (3, 6)
(7, 1, 1, (0, 1, 1), 1, (0, 0)): (3, 3)
(7, 1, 1, (0, 1, 1), 2, (0, 0)): (9, 10)
(7, 1, 1, (0, 1, 1), 3, (0, 0)): (5, 5)
(7, 1, 1, (0, 1, 1), 4, (0, 0)): (3, 3)
(7, 1, 1, (0, 1, 1), 5, (0, 0)): (3, 3)
(7, 1, 1, (0, 1, 1), 6, (0, 0)): (1, 1)
(7, 1, 1, (0, 1, 1), 7, (0, 0)): (4, 4)
(7, 1, 1, (1, 0, 0), -11, (0, 0)): (0, 3)
(7, 1, 1, (1, 0, 0), -10, (0, 0)): (0, 2)
(7, 1, 1, (1, 0, 0), -9, (0, 0)): (0, 4)
(7, 1, 1, (1, 0, 0), -8, (0, 0)): (0, 6)
(7, 1, 1, (1, 0, 0), -7, (0, 0)): (0, 11)
(7, 1, 1, (1, 0, 0), -6, (0, 0)): (0, 12)
(7, 1, 1, (1, 0, 0), -5, (0, 0)): (0, 17)
(7, 1, 1, (1, 0, 0), -4, (0, 0)): (1, 22)
(7, 1, 1, (1, 0, 0), -3, (0, 0)): (1, 25)
(7, 1, 1, (1, 0, 0), -2, (0, 0)): (7, 27)
(7, 1, 1, (1, 0, 0), -1, (0, 0)): (7, 24)
(7, 1, 1, (1, 0, 0), 0, (0, 0)): (24, 37)
(7, 1, 1, (1, 0, 0), 1, (0, 0)): (31, 38)
(7, 1, 1, (1, 0, 0), 1, (0, 1)): (0, 1)
(7, 1, 1, (1, 0, 0), 1, (0, 2)): (0, 1)
(7, 1, 1, (1, 0, 0), 1, (1, 2)): (0, 1)
(7, 1, 1, (1, 0, 0), 1, (2, 2)): (0, 1)
(7, 1, 1, (1, 0, 0), 2, (0, 0)): (22, 29)
(7, 1, 1, (1, 0, 0), 3, (0, 0)): (30, 30)
(7, 1, 1, (1, 0, 0), 4, (0, 0)): (17, 17)
(7, 1, 1, (1, 0, 0), 5, (0, 0)): (12, 12)
(7, 1, 1, (1, 0, 0), 6, (0, 0)): (7, 7)
(7, 1, 1, (1, 0, 0), 7, (0, 0)): (7, 7)
(7, 1, 1, (1, 0, 0), 8, (0, 0)): (7, 7)
(7, 1, 1, (1, 0, 0), 9, (0, 0)): (6, 6)
(7, 1, 1, (1, 0, 0), 10, (0, 0)): (2, 2)
(7, 1, 1, (1, 0, 0), 11, (0, 0)): (2, 2)
(7, 1, 1, (1, 0, 1), -11, (0, 0)): (0, 1)
(7, 1, 1, (1, 0, 1), -7, (0, 0)): (0, 1)
(7, 1, 1, (1, 0, 1), -6, (0, 0)): (0, 1)
(7, 1, 1, (1, 0, 1), -5, (0, 0)): (0, 1)
(7, 1, 1, (1, 0, 1), -4, (0, 0)): (0, 2)
(7, 1, 1, (1, 0, 1), -3, (0, 0)): (0, 3)
(7, 1, 1, (1, 0, 1), -2, (0, 0)): (1, 5)
(7, 1, 1, (1, 0, 1), -1, (0, 0)): (2, 5)
(7, 1, 1, (1, 0, 1), 0, (0, 0)): (8, 10)
(7, 1, 1, (1, 0, 1), 1, (0, 0)): (5, 6)
(7, 1, 1, (1, 0, 1), 2, (0, 0)): (5, 7)
(7, 1, 1, (1, 0, 1), 3, (0, 0)): (8, 8)
(7, 1, 1, (1, 0, 1), 4, (0, 0)): (4, 4)
(7, 1, 1, (1, 0, 1), 5, (0, 0)): (4, 4)
(7, 1, 1, (1, 0, 1), 6, (0, 0)): (1, 1)
(7, 1, 1, (1, 0, 1), 7, (0, 0)): (2, 2)
(7, 1, 1, (1, 0, 1), 9, (0, 0)): (2, 2)
(7, 1, 1, (1, 0, 1), 11, (0, 0)): (1, 1)
(7, 1, 1, (1, 1, 0), -10, (0, 0)): (0, 1)
(7, 1, 1, (1, 1, 0), -9, (0, 0)): (0, 1)
(7, 1, 1, (1, 1, 0), -8, (0, 0)): (0, 3)
(7, 1, 1, (1, 1, 0), -7, (0, 0)): (0, 1)
(7, 1, 1, (1, 1, 0), -6, (0, 0)): (1, 4)
(7, 1, 1, (1, 1, 0), -5, (0, 0)): (0, 7)
(7, 1, 1, (1, 1, 0), -4, (0, 0)): (0, 19)
(7, 1, 1, (1, 1, 0), -3, (0, 0)): (1, 10)
(7, 1, 1, (1, 1, 0), -2, (0, 0)): (7, 15)
(7, 1, 1, (1, 1, 0), -1, (0, 0)): (4, 6)
(7, 1, 1, (1, 1, 0), 0, (0, 0)): (10, 15)
(7, 1, 1, (1, 1, 0), 1, (0, 0)): (10, 10)
(7, 1, 1, (1, 1, 0), 2, (0, 0)): (8, 9)
(7, 1, 1, (1, 1, 0), 3, (0, 0)): (16, 17)
(7, 1, 1, (1, 1, 0), 4, (0, 0)): (8, 8)
(7, 1, 1, (1, 1, 0), 5, (0, 0)): (9, 9)
(7, 1, 1, (1, 1, 0), 6, (0, 0)): (4, 4)
(7, 1, 1, (1, 1, 0), 7, (0, 0)): (1, 1)
(7, 1, 1, (1, 1, 0), 8, (0, 0)): (1, 1)
(7, 1, 1, (1, 1, 0), 9, (0, 0)): (2, 2)
(7, 1, 1, (1, 1, 0), 11, (0, 0)): (1, 1)
(7, 1, 1, (1, 1, 1), -7, (0, 0)): (0, 1)
(7, 1, 1, (1, 1, 1), -6, (0, 0)): (1, 2)
(7, 1, 1, (1, 1, 1), -5, (0, 0)): (0, 2)
(7, 1, 1, (1, 1, 1), -4, (0, 0)): (0, 3)
(7, 1, 1, (1, 1, 1), -2, (0, 0)): (3, 4)
(7, 1, 1, (1, 1, 1), -1, (0, 0)): (1, 3)
(7, 1, 1, (1, 1, 1), 0, (0, 0)): (4, 8)
(7, 1, 1, (1, 1, 1), 1, (0, 0)): (6, 6)
(7, 1, 1, (1, 1, 1), 2, (0, 0)): (6, 7)
(7, 1, 1, (1, 1, 1), 3, (0, 0)): (6, 7)
(7, 1, 1, (1, 1, 1), 4, (0, 0)): (1, 1)
(7, 1, 1, (1, 1, 1), 5, (0, 0)): (3, 3)
(7, 1, 1, (1, 1, 1), 6, (0, 0)): (1, 1)
(7, 1, 1, (1, 1, 1), 9, (0, 0)): (2, 2)
(7, 1, 2, (0, 0, 0), -15, (0, 0)): (0, 2)
(7, 1, 2, (0, 0, 0), -13, (0, 0)): (0, 2)
(7, 1, 2, (0, 0, 0), -10, (0, 0)): (0, 5)
(7, 1, 2, (0, 0, 0), -9, (0, 0)): (0, 2)
(7, 1, 2, (0, 0, 0), -8, (0, 0)): (0, 9)
(7, 1, 2, (0, 0, 0), -7, (0, 0)): (0, 11)
(7, 1, 2, (0, 0, 0), -6, (0, 0)): (0, 16)
(7, 1, 2, (0, 0, 0), -5, (0, 0)): (0, 25)
(7, 1, 2, (0, 0, 0), -4, (0, 0)): (0, 27)
(7, 1, 2, (0, 0, 0), -3, (0, 0)): (5, 37)
(7, 1, 2, (0, 0, 0), -2, (0, 0)): (9, 62)
(7, 1, 2, (0, 0, 0), -2, (1, 0)): (0, 1)
(7, 1, 2, (0, 0, 0), -1, (0, 0)): (19, 55)
(7, 1, 2, (0, 0, 0), 0, (0, 0)): (40, 75)
(7, 1, 2, (0, 0, 0), 1, (0, 0)): (43, 56)
(7, 1, 2, (0, 0, 0), 2, (0, 0)): (40, 44)
(7, 1, 2, (0, 0, 0), 3, (0, 0)): (43, 48)
(7, 1, 2, (0, 0, 0), 3, (1, 0)): (2, 2)
(7, 1, 2, (0, 0, 0), 3, (2, 0)): (1, 1)
(7, 1, 2, (0, 0, 0), 4, (0, 0)): (34, 35)
(7, 1, 2, (0, 0, 0), 5, (0, 0)): (23, 23)
(7, 1, 2, (0, 0, 0), 6, (0, 0)): (22, 22)
(7, 1, 2, (0, 0, 0), 7, (0, 0)): (12, 12)
(7, 1, 2, (0, 0, 0), 8, (0, 0)): (11, 11)
(7, 1, 2, (0, 0, 0), 9, (0, 0)): (3, 3)
(7, 1, 2, (0, 0, 0), 10, (0, 0)): (5, 5)
(7, 1, 2, (0, 0, 0), 11, (0, 0)): (3, 3)
(7, 1, 2, (0, 0, 0), 12, (0, 0)): (5, 5)
(7, 1, 2, (0, 0, 0), 13, (0, 0)): (1, 1)
(7, 1, 2, (0, 0, 0), 14, (0, 0)): (2, 2)
(7, 1, 2, (0, 0, 0), 15, (0, 0)): (1, 1)
(7, 1, 2, (0, 0, 0), 16, (0, 0)): (1, 1)
(7, 1, 2, (0, 0, 1), -13, (0, 0)): (0, 1)
(7, 1, 2, (0, 0, 1), -9, (0, 0)): (0, 1)
(7, 1, 2, (0, 0, 1), -6, (0, 0)): (0, 2)
(7, 1, 2, (0, 0, 1), -4, (0, 0)): (0, 4)
(7, 1, 2, (0, 0, 1), -3, (0, 0)): (0, 2)
(7, 1, 2, (0, 0, 1), -2, (0, 0)): (1, 6)
(7, 1, 2, (0, 0, 1), -2, (0, 1)): (0, 1)
(7, 1, 2, (0, 0, 1), -2, (1, 1)): (0, 1)
(7, 1, 2, (0, 0, 1), -2, (1, 2)): (0, 1)
(7, 1, 2, (0, 0, 1), -2, (2, 2)): (0, 1)
(7, 1, 2, (0, 0, 1), -1, (0, 0)): (2, 8)
(7, 1, 2, (0, 0, 1), 0, (0, 0)): (6, 10)
(7, 1, 2, (0, 0, 1), 1, (0, 0)): (7, 12)
(7, 1, 2, (0, 0, 1), 2, (0, 0)): (5, 6)
(7, 1, 2, (0, 0, 1), 3, (0, 0)): (7, 7)
(7, 1, 2, (0, 0, 1), 4, (0, 0)): (5, 5)
(7, 1, 2, (0, 0, 1), 5, (0, 0)): (5, 5)
(7, 1, 2, (0, 0, 1), 6, (0, 0)): (2, 2)
(7, 1, 2, (0, 0, 1), 7, (0, 0)): (4, 4)
(7, 1, 2, (0, 0, 1), 8, (0, 0)): (1, 1)
(7, 1, 2, (0, 0, 1), 9, (0, 0)): (1, 1)
(7, 1, 2, (0, 0, 1), 10, (0, 0)): (1, 1)
(7, 1, 2, (0, 0, 1), 11, (0, 0)): (2, 2)
(7, 1, 2, (0, 0, 1), 12, (0, 0)): (1, 1)
(7, 1, 2, (0, 0, 1), 15, (0, 0)): (1, 1)
(7, 1, 2, (0, 1, 0), -12, (0, 0)): (0, 1)
(7, 1, 2, (0, 1, 0), -11, (0, 0)): (0, 1)
(7, 1, 2, (0, 1, 0), -10, (0, 0)): (0, 1)
(7, 1, 2, (0, 1, 0), -9, (0, 0)): (0, 3)
(7, 1, 2, (0, 1, 0), -7, (0, 0)): (0, 5)
(7, 1, 2, (0, 1, 0), -6, (0, 0)): (0, 1)
(7, 1, 2, (0, 1, 0), -5, (0, 0)): (0, 6)
(7, 1, 2, (0, 1, 0), -4, (0, 0)): (0, 6)
(7, 1, 2, (0, 1, 0), -3, (0, 0)): (0, 9)
(7, 1, 2, (0, 1, 0), -2, (0, 0)): (1, 11)
(7, 1, 2, (0, 1, 0), -1, (0, 0)): (7, 21)
(7, 1, 2, (0, 1, 0), 0, (0, 0)): (17, 24)
(7, 1, 2, (0, 1, 0), 1, (0, 0)): (20, 27)
(7, 1, 2, (0, 1, 0), 2, (0, 0)): (15, 16)
(7, 1, 2, (0, 1, 0), 3, (0, 0)): (24, 25)
(7, 1, 2, (0, 1, 0), 4, (0, 0)): (14, 14)
(7, 1, 2, (0, 1, 0), 5, (0, 0)): (11, 12)
(7, 1, 2, (0, 1, 0), 6, (0, 0)): (5, 5)
(7, 1, 2, (0, 1, 0), 7, (0, 0)): (1, 1)
(7, 1, 2, (0, 1, 0), 8, (0, 0)): (2, 2)
(7, 1, 2, (0, 1, 0), 9, (0, 0)): (3, 3)
(7, 1, 2, (0, 1, 0), 10, (0, 0)): (2, 2)
(7, 1, 2, (0, 1, 0), 12, (0, 0)): (2, 2)
(7, 1, 2, (0, 1, 1), -11, (0, 0)): (0, 1)
(7, 1, 2, (0, 1, 1), -6, (0, 0)): (0, 1)
(7, 1, 2, (0, 1, 1), -5, (0, 0)): (0, 2)
(7, 1, 2, (0, 1, 1), -4, (0, 0)): (0, 2)
(7, 1, 2, (0, 1, 1), -3, (0, 0)): (1, 2)
(7, 1, 2, (0, 1, 1), -2, (0, 0)): (1, 3)
(7, 1, 2, (0, 1, 1), -1, (0, 0)): (2, 3)
(7, 1, 2, (0, 1, 1), 0, (0, 0)): (3, 5)
(7, 1, 2, (0, 1, 1), 1, (0, 0)): (3, 3)
(7, 1, 2, (0, 1, 1), 2, (0, 0)): (5, 6)
(7, 1, 2, (0, 1, 1), 3, (0, 0)): (4, 4)
(7, 1, 2, (0, 1, 1), 4, (0, 0)): (4, 4)
(7, 1, 2, (0, 1, 1), 5, (0, 0)): (4, 4)
(7, 1, 2, (0, 1, 1), 6, (0, 0)): (2, 2)
(7, 1, 2, (0, 1, 1), 7, (0, 0)): (2, 2)
(7, 1, 2, (0, 1, 1), 10, (0, 0)): (1, 1)
(7, 1, 2, (0, 1, 1), 12, (0, 0)): (1, 1)
(7, 1, 2, (0, 1, 1), 13, (0, 0)): (1, 1)
(7, 1, 2, (1, 0, 0), -13, (0, 0)): (0, 1)
(7, 1, 2, (1, 0, 0), -11, (0, 0)): (0, 3)
(7, 1, 2, (1, 0, 0), -10, (0, 0)): (0, 2)
(7, 1, 2, (1, 0, 0), -8, (0, 0)): (0, 6)
(7, 1, 2, (1, 0, 0), -7, (0, 0)): (0, 11)
(7, 1, 2, (1, 0, 0), -6, (0, 0)): (0, 16)
(7, 1, 2, (1, 0, 0), -5, (0, 0)): (0, 21)
(7, 1, 2, (1, 0, 0), -4, (0, 0)): (0, 10)
(7, 1, 2, (1, 0, 0), -3, (0, 0)): (1, 27)
(7, 1, 2, (1, 0, 0), -2, (0, 0)): (5, 32)
(7, 1, 2, (1, 0, 0), -1, (0, 0)): (12, 36)
(7, 1, 2, (1, 0, 0), 0, (0, 0)): (21, 36)
(7, 1, 2, (1, 0, 0), 1, (0, 0)): (31, 42)
(7, 1, 2, (1, 0, 0), 2, (0, 0)): (26, 32)
(7, 1, 2, (1, 0, 0), 3, (0, 0)): (23, 26)
(7, 1, 2, (1, 0, 0), 4, (0, 0)): (20, 20)
(7, 1, 2, (1, 0, 0), 5, (0, 0)): (13, 13)
(7, 1, 2, (1, 0, 0), 6, (0, 0)): (10, 10)
(7, 1, 2, (1, 0, 0), 7, (0, 0)): (4, 4)
(7, 1, 2, (1, 0, 0), 8, (0, 0)): (11, 11)
(7, 1, 2, (1, 0, 0), 9, (0, 0)): (4, 4)
(7, 1, 2, (1, 0, 0), 10, (0, 0)): (4, 4)
(7, 1, 2, (1, 0, 0), 11, (0, 0)): (5, 5)
(7, 1, 2, (1, 0, 0), 12, (0, 0)): (1, 1)
(7, 1, 2, (1, 0, 0), 14, (0, 0)): (2, 2)
(7, 1, 2, (1, 0, 0), 15, (0, 0)): (1, 1)
(7, 1, 2, (1, 0, 1), -7, (0, 0)): (0, 1)
(7, 1, 2, (1, 0, 1), -6, (0, 0)): (0, 2)
(7, 1, 2, (1, 0, 1), -5, (0, 0)): (0, 2)
(7, 1, 2, (1, 0, 1), -4, (0, 0)): (0, 4)
(7, 1, 2, (1, 0, 1), -3, (0, 0)): (1, 7)
(7, 1, 2, (1, 0, 1), -2, (0, 0)): (1, 7)
(7, 1, 2, (1, 0, 1), -1, (0, 0)): (4, 13)
(7, 1, 2, (1, 0, 1), 0, (0, 0)): (4, 7)
(7, 1, 2, (1, 0, 1), 1, (0, 0)): (5, 6)
(7, 1, 2, (1, 0, 1), 2, (0, 0)): (8, 9)
(7, 1, 2, (1, 0, 1), 3, (0, 0)): (6, 7)
(7, 1, 2, (1, 0, 1), 4, (0, 0)): (8, 8)
(7, 1, 2, (1, 0, 1), 5, (0, 0)): (5, 5)
(7, 1, 2, (1, 0, 1), 6, (0, 0)): (2, 2)
(7, 1, 2, (1, 0, 1), 7, (0, 0)): (1, 1)
(7, 1, 2, (1, 0, 1), 9, (0, 0)): (1, 1)
(7, 1, 2, (1, 0, 1), 11, (0, 0)): (3, 3)
(7, 1, 2, (1, 0, 1), 12, (0, 0)): (1, 1)
(7, 1, 2, (1, 1, 0), -10, (0, 0)): (0, 2)
(7, 1, 2, (1, 1, 0), -9, (0, 0)): (0, 2)
(7, 1, 2, (1, 1, 0), -8, (0, 0)): (0, 2)
(7, 1, 2, (1, 1, 0), -7, (0, 0)): (0, 3)
(7, 1, 2, (1, 1, 0), -6, (0, 0)): (0, 2)
(7, 1, 2, (1, 1, 0), -5, (0, 0)): (0, 5)
(7, 1, 2, (1, 1, 0), -4, (0, 0)): (1, 12)
(7, 1, 2, (1, 1, 0), -3, (0, 0)): (0, 11)
(7, 1, 2, (1, 1, 0), -2, (0, 0)): (6, 15)
(7, 1, 2, (1, 1, 0), -1, (0, 0)): (9, 15)
(7, 1, 2, (1, 1, 0), 0, (0, 0)): (8, 14)
(7, 1, 2, (1, 1, 0), 1, (0, 0)): (15, 21)
(7, 1, 2, (1, 1, 0), 2, (0, 0)): (8, 12)
(7, 1, 2, (1, 1, 0), 3, (0, 0)): (9, 10)
(7, 1, 2, (1, 1, 0), 4, (0, 0)): (12, 12)
(7, 1, 2, (1, 1, 0), 5, (0, 0)): (5, 6)
(7, 1, 2, (1, 1, 0), 6, (0, 0)): (5, 5)
(7, 1, 2, (1, 1, 0), 7, (0, 0)): (2, 2)
(7, 1, 2, (1, 1, 0), 8, (0, 0)): (4, 4)
(7, 1, 2, (1, 1, 0), 9, (0, 0)): (1, 1)
(7, 1, 2, (1, 1, 0), 10, (0, 0)): (3, 3)
(7, 1, 2, (1, 1, 0), 11, (0, 0)): (3, 3)
(7, 1, 2, (1, 1, 0), 12, (0, 0)): (1, 1)
(7, 1, 2, (1, 1, 1), -10, (0, 0)): (0, 1)
(7, 1, 2, (1, 1, 1), -9, (0, 0)): (0, 2)
(7, 1, 2, (1, 1, 1), -8, (0, 0)): (0, 1)
(7, 1, 2, (1, 1, 1), -6, (0, 0)): (1, 1)
(7, 1, 2, (1, 1, 1), -5, (0, 0)): (0, 2)
(7, 1, 2, (1, 1, 1), -4, (0, 0)): (0, 4)
(7, 1, 2, (1, 1, 1), -3, (0, 0)): (1, 7)
(7, 1, 2, (1, 1, 1), -2, (0, 0)): (2, 6)
(7, 1, 2, (1, 1, 1), -1, (0, 0)): (3, 6)
(7, 1, 2, (1, 1, 1), 0, (0, 0)): (6, 11)
(7, 1, 2, (1, 1, 1), 1, (0, 0)): (5, 8)
(7, 1, 2, (1, 1, 1), 2, (0, 0)): (3, 4)
(7, 1, 2, (1, 1, 1), 3, (0, 0)): (4, 4)
(7, 1, 2, (1, 1, 1), 4, (0, 0)): (4, 4)
(7, 1, 2, (1, 1, 1), 5, (0, 0)): (6, 6)
(7, 1, 2, (1, 1, 1), 6, (0, 0)): (2, 2)
(7, 1, 2, (1, 1, 1), 7, (0, 0)): (1, 1)
(7, 1, 2, (1, 1, 1), 8, (0, 0)): (1, 1)
(7, 1, 2, (1, 1, 1), 9, (0, 0)): (2, 2)
(7, 1, 2, (1, 1, 1), 10, (0, 0)): (2, 2)
(7, 1, 2, (1, 1, 1), 11, (0, 0)): (2, 2)
(7, 1, 2, (1, 1, 1), 12, (0, 0)): (3, 3)
(8, 0, 0, (0, 0, 0), -16, (0, 0)): (0, 1)
(8, 0, 0, (0, 0, 0), -15, (0, 0)): (0, 2)
(8, 0, 0, (0, 0, 0), -14, (0, 0)): (0, 2)
(8, 0, 0, (0, 0, 0), -13, (0, 0)): (0, 2)
(8, 0, 0, (0, 0, 0), -12, (0, 0)): (0, 6)
(8, 0, 0, (0, 0, 0), -11, (0, 0)): (0, 6)
(8, 0, 0, (0, 0, 0), -10, (0, 0)): (0, 7)
(8, 0, 0, (0, 0, 0), -9, (0, 0)): (0, 8)
(8, 0, 0, (0, 0, 0), -8, (0, 0)): (0, 25)
(8, 0, 0, (0, 0, 0), -7, (0, 0)): (0, 21)
(8, 0, 0, (0, 0, 0), -6, (0, 0)): (0, 38)
(8, 0, 0, (0, 0, 0), -5, (0, 0)): (1, 51)
(8, 0, 0, (0, 0, 0), -4, (0, 0)): (1, 73)
(8, 0, 0, (0, 0, 0), -3, (0, 0)): (8, 108)
(8, 0, 0, (0, 0, 0), -3, (0, 1)): (0, 1)
(8, 0, 0, (0, 0, 0), -3, (1, 1)): (0, 1)
(8, 0, 0, (0, 0, 0), -3, (2, 1)): (0, 1)
(8, 0, 0, (0, 0, 0), -3, (2, 2)): (0, 1)
(8, 0, 0, (0, 0, 0), -2, (0, 0)): (18, 93)
(8, 0, 0, (0, 0, 0), -1, (0, 0)): (31, 109)
(8, 0, 0, (0, 0, 0), 0, (0, 0)): (61, 124)
(8, 0, 0, (0, 0, 0), 1, (0, 0)): (71, 99)
(8, 0, 0, (0, 0, 0), 2, (0, 0)): (76, 87)
(8, 0, 0, (0, 0, 0), 2, (1, 0)): (1, 1)
(8, 0, 0, (0, 0, 0), 3, (0, 0)): (60, 64)
(8, 0, 0, (0, 0, 0), 4, (0, 0)): (59, 60)
(8, 0, 0, (0, 0, 0), 5, (0, 0)): (38, 38)
(8, 0, 0, (0, 0, 0), 6, (0, 0)): (36, 36)
(8, 0, 0, (0, 0, 0), 7, (0, 0)): (19, 19)
(8, 0, 0, (0, 0, 0), 8, (0, 0)): (14, 14)
(8, 0, 0, (0, 0, 0), 9, (0, 0)): (8, 8)
(8, 0, 0, (0, 0, 0), 10, (0, 0)): (6, 6)
(8, 0, 0, (0, 0, 0), 11, (0, 0)): (3, 3)
(8, 0, 0, (0, 0, 0), 13, (0, 0)): (2, 2)
(8, 0, 0, (0, 0, 0), 15, (0, 0)): (2, 2)
(8, 0, 0, (0, 0, 1), -6, (0, 0)): (0, 1)
(8, 0, 0, (0, 0, 1), -3, (0, 0)): (0, 2)
(8, 0, 0, (0, 0, 1), -2, (0, 0)): (1, 4)
(8, 0, 0, (0, 0, 1), -1, (0, 0)): (0, 3)
(8, 0, 0, (0, 0, 1), 0, (0, 0)): (3, 3)
(8, 0, 0, (0, 0, 1), 1, (0, 0)): (3, 3)
(8, 0, 0, (0, 0, 1), 3, (0, 0)): (2, 2)
(8, 0, 0, (0, 0, 1), 5, (0, 0)): (2, 2)
(8, 0, 0, (0, 0, 1), 6, (0, 0)): (2, 2)
(8, 0, 0, (0, 0, 1), 9, (0, 0)): (1, 1)
(8, 0, 0, (0, 1, 0), -9, (0, 0)): (0, 1)
(8, 0, 0, (0, 1, 0), -8, (0, 0)): (0, 1)
(8, 0, 0, (0, 1, 0), -6, (0, 0)): (0, 4)
(8, 0, 0, (0, 1, 0), -4, (0, 0)): (0, 5)
(8, 0, 0, (0, 1, 0), -3, (0, 0)): (0, 7)
(8, 0, 0, (0, 1, 0), -3, (1, 0)): (0, 1)
(8, 0, 0, (0, 1, 0), -3, (1, 1)): (0, 1)
(8, 0, 0, (0, 1, 0), -3, (1, 2)): (0, 1)
(8, 0, 0, (0, 1, 0), -2, (0, 0)): (0, 9)
(8, 0, 0, (0, 1, 0), -1, (0, 0)): (3, 5)
(8, 0, 0, (0, 1, 0), 0, (0, 0)): (5, 10)
(8, 0, 0, (0, 1, 0), 1, (0, 0)): (6, 7)
(8, 0, 0, (0, 1, 0), 2, (0, 0)): (5, 6)
(8, 0, 0, (0, 1, 0), 3, (0, 0)): (3, 3)
(8, 0, 0, (0, 1, 0), 4, (0, 0)): (5, 6)
(8, 0, 0, (0, 1, 0), 5, (0, 0)): (3, 3)
(8, 0, 0, (0, 1, 0), 6, (0, 0)): (5, 5)
(8, 0, 0, (0, 1, 0), 7, (0, 0)): (1, 1)
(8, 0, 0, (0, 1, 0), 8, (0, 0)): (2, 2)
(8, 0, 0, (0, 1, 0), 9, (0, 0)): (3, 3)
(8, 0, 0, (0, 1, 0), 10, (0, 0)): (3, 3)
(8, 0, 0, (0, 1, 0), 11, (0, 0)): (1, 1)
(8, 0, 0, (0, 1, 0), 13, (0, 0)): (1, 1)
(8, 0, 0, (0, 1, 1), -12, (0, 0)): (0, 1)
(8, 0, 0, (0, 1, 1), -8, (0, 0)): (0, 1)
(8, 0, 0, (0, 1, 1), -6, (0, 0)): (0, 1)
(8, 0, 0, (0, 1, 1), -5, (0, 0)): (0, 1)
(8, 0, 0, (0, 1, 1), -4, (0, 0)): (0, 1)
(8, 0, 0, (0, 1, 1), -3, (0, 0)): (0, 1)
(8, 0, 0, (0, 1, 1), -2, (0, 0)): (1, 4)
(8, 0, 0, (0, 1, 1), 0, (0, 0)): (1, 2)
(8, 0, 0, (0, 1, 1), 1, (0, 0)): (2, 2)
(8, 0, 0, (0, 1, 1), 2, (0, 0)): (1, 1)
(8, 0, 0, (0, 1, 1), 3, (0, 0)): (2, 2)
(8, 0, 0, (0, 1, 1), 7, (0, 0)): (1, 1)
(8, 0, 0, (1, 0, 0), -15, (0, 0)): (0, 1)
(8, 0, 0, (1, 0, 0), -14, (0, 0)): (0, 1)
(8, 0, 0, (1, 0, 0), -12, (0, 0)): (0, 3)
(8, 0, 0, (1, 0, 0), -11, (0, 0)): (0, 2)
(8, 0, 0, (1, 0, 0), -10, (0, 0)): (0, 3)
(8, 0, 0, (1, 0, 0), -9, (0, 0)): (0, 2)
(8, 0, 0, (1, 0, 0), -8, (0, 0)): (0, 7)
(8, 0, 0, (1, 0, 0), -7, (0, 0)): (0, 4)
(8, 0, 0, (1, 0, 0), -6, (0, 0)): (0, 15)
(8, 0, 0, (1, 0, 0), -5, (0, 0)): (0, 18)
(8, 0, 0, (1, 0, 0), -4, (0, 0)): (1, 19)
(8, 0, 0, (1, 0, 0), -3, (0, 0)): (1, 26)
(8, 0, 0, (1, 0, 0), -2, (0, 0)): (11, 25)
(8, 0, 0, (1, 0, 0), -1, (0, 0)): (16, 33)
(8, 0, 0, (1, 0, 0), -1, (1, 0)): (1, 1)
(8, 0, 0, (1, 0, 0), 0, (0, 0)): (23, 44)
(8, 0, 0, (1, 0, 0), 1, (0, 0)): (22, 28)
(8, 0, 0, (1, 0, 0), 2, (0, 0)): (28, 31)
(8, 0, 0, (1, 0, 0), 3, (0, 0)): (23, 25)
(8, 0, 0, (1, 0, 0), 4, (0, 0)): (16, 16)
(8, 0, 0, (1, 0, 0), 5, (0, 0)): (11, 11)
(8, 0, 0, (1, 0, 0), 6, (0, 0)): (12, 12)
(8, 0, 0, (1, 0, 0), 7, (0, 0)): (8, 8)
(8, 0, 0, (1, 0, 0), 8, (0, 0)): (4, 4)
(8, 0, 0, (1, 0, 0), 9, (0, 0)): (2, 2)
(8, 0, 0, (1, 0, 0), 10, (0, 0)): (2, 2)
(8, 0, 0, (1, 0, 0), 13, (0, 0)): (1, 1)
(8, 0, 0, (1, 0, 0), 15, (0, 0)): (2, 2)
(8, 0, 0, (1, 0, 1), -10, (0, 0)): (0, 1)
(8, 0, 0, (1, 0, 1), -5, (0, 0)): (0, 4)
(8, 0, 0, (1, 0, 1), -4, (0, 0)): (0, 3)
(8, 0, 0, (1, 0, 1), -3, (0, 0)): (0, 2)
(8, 0, 0, (1, 0, 1), -2, (0, 0)): (1, 5)
(8, 0, 0, (1, 0, 1), -1, (0, 0)): (2, 4)
(8, 0, 0, (1, 0, 1), 0, (0, 0)): (2, 4)
(8, 0, 0, (1, 0, 1), 1, (0, 0)): (3, 3)
(8, 0, 0, (1, 0, 1), 2, (0, 0)): (2, 4)
(8, 0, 0, (1, 0, 1), 3, (0, 0)): (0, 1)
(8, 0, 0, (1, 0, 1), 4, (0, 0)): (1, 1)
(8, 0, 0, (1, 0, 1), 7, (0, 0)): (1, 1)
(8, 0, 0, (1, 1, 0), -12, (0, 0)): (0, 1)
(8, 0, 0, (1, 1, 0), -11, (0, 0)): (0, 1)
(8, 0, 0, (1, 1, 0), -10, (0, 0)): (0, 2)
(8, 0, 0, (1, 1, 0), -8, (0, 0)): (0, 1)
(8, 0, 0, (1, 1, 0), -7, (0, 0)): (0, 2)
(8, 0, 0, (1, 1, 0), -6, (0, 0)): (0, 7)
(8, 0, 0, (1, 1, 0), -5, (0, 0)): (0, 7)
(8, 0, 0, (1, 1, 0), -4, (0, 0)): (0, 8)
(8, 0, 0, (1, 1, 0), -3, (0, 0)): (0, 6)
(8, 0, 0, (1, 1, 0), -2, (0, 0)): (4, 8)
(8, 0, 0, (1, 1, 0), -1, (0, 0)): (2, 5)
(8, 0, 0, (1, 1, 0), 0, (0, 0)): (3, 8)
(8, 0, 0, (1, 1, 0), 1, (0, 0)): (3, 5)
(8, 0, 0, (1, 1, 0), 2, (0, 0)): (9, 9)
(8, 0, 0, (1, 1, 0), 3, (0, 0)): (7, 7)
(8, 0, 0, (1, 1, 0), 4, (0, 0)): (4, 4)
(8, 0, 0, (1, 1, 0), 5, (0, 0)): (2, 2)
(8, 0, 0, (1, 1, 0), 7, (0, 0)): (2, 2)
(8, 0, 0, (1, 1, 0), 8, (0, 0)): (2, 2)
(8, 0, 0, (1, 1, 1), -8, (0, 0)): (0, 1)
(8, 0, 0, (1, 1, 1), -6, (0, 0)): (0, 2)
(8, 0, 0, (1, 1, 1), -5, (0, 0)): (0, 1)
(8, 0, 0, (1, 1, 1), -4, (0, 0)): (0, 2)
(8, 0, 0, (1, 1, 1), -3, (0, 0)): (0, 2)
(8, 0, 0, (1, 1, 1), -2, (0, 0)): (2, 4)
(8, 0, 0, (1, 1, 1), 0, (0, 0)): (1, 3)
(8, 0, 0, (1, 1, 1), 1, (0, 0)): (1, 1)
(8, 0, 0, (1, 1, 1), 2, (0, 0)): (2, 2)
(8, 0, 0, (1, 1, 1), 3, (0, 0)): (1, 1)
(8, 0, 0, (1, 1, 1), 5, (0, 0)): (1, 1)
(8, 0, 0, (1, 1, 1), 6, (0, 0)): (1, 1)
(8, 0, 0, (1, 1, 1), 7, (0, 0)): (2, 2)
(8, 0, 1, (0, 0, 0), -16, (0, 0)): (0, 1)
(8, 0, 1, (0, 0, 0), -15, (0, 0)): (0, 1)
(8, 0, 1, (0, 0, 0), -14, (0, 0)): (0, 1)
(8, 0, 1, (0, 0, 0), -13, (0, 0)): (0, 2)
(8, 0, 1, (0, 0, 0), -12, (0, 0)): (0, 4)
(8, 0, 1, (0, 0, 0), -11, (0, 0)): (0, 4)
(8, 0, 1, (0, 0, 0), -10, (0, 0)): (0, 4)
(8, 0, 1, (0, 0, 0), -9, (0, 0)): (0, 6)
(8, 0, 1, (0, 0, 0), -8, (0, 0)): (0, 18)
(8, 0, 1, (0, 0, 0), -7, (0, 0)): (0, 18)
(8, 0, 1, (0, 0, 0), -6, (0, 0)): (0, 17)
(8, 0, 1, (0, 0, 0), -5, (0, 0)): (1, 36)
(8, 0, 1, (0, 0, 0), -4, (0, 0)): (0, 51)
(8, 0, 1, (0, 0, 0), -3, (0, 0)): (6, 73)
(8, 0, 1, (0, 0, 0), -3, (1, 0)): (0, 1)
(8, 0, 1, (0, 0, 0), -2, (0, 0)): (6, 63)
(8, 0, 1, (0, 0, 0), -2, (0, 1)): (0, 1)
(8, 0, 1, (0, 0, 0), -2, (0, 2)): (0, 1)
(8, 0, 1, (0, 0, 0), -1, (0, 0)): (15, 76)
(8, 0, 1, (0, 0, 0), 0, (0, 0)): (38, 79)
(8, 0, 1, (0, 0, 0), 1, (0, 0)): (49, 69)
(8, 0, 1, (0, 0, 0), 2, (0, 0)): (49, 57)
(8, 0, 1, (0, 0, 0), 2, (1, 0)): (1, 1)
(8, 0, 1, (0, 0, 0), 2, (2, 0)): (1, 1)
(8, 0, 1, (0, 0, 0), 2, (2, 1)): (1, 1)
(8, 0, 1, (0, 0, 0), 2, (2, 2)): (1, 1)
(8, 0, 1, (0, 0, 0), 2, (3, 2)): (1, 1)
(8, 0, 1, (0, 0, 0), 3, (0, 0)): (35, 37)
(8, 0, 1, (0, 0, 0), 4, (0, 0)): (45, 47)
(8, 0, 1, (0, 0, 0), 5, (0, 0)): (25, 25)
(8, 0, 1, (0, 0, 0), 6, (0, 0)): (19, 19)
(8, 0, 1, (0, 0, 0), 7, (0, 0)): (14, 14)
(8, 0, 1, (0, 0, 0), 8, (0, 0)): (8, 8)
(8, 0, 1, (0, 0, 0), 9, (0, 0)): (6, 6)
(8, 0, 1, (0, 0, 0), 10, (0, 0)): (2, 2)
(8, 0, 1, (0, 0, 0), 11, (0, 0)): (2, 2)
(8, 0, 1, (0, 0, 0), 12, (0, 0)): (1, 1)
(8, 0, 1, (0, 0, 1), -9, (0, 0)): (0, 1)
(8, 0, 1, (0, 0, 1), -7, (0, 0)): (0, 1)
(8, 0, 1, (0, 0, 1), -6, (0, 0)): (0, 1)
(8, 0, 1, (0, 0, 1), -4, (0, 0)): (1, 3)
(8, 0, 1, (0, 0, 1), -3, (0, 0)): (0, 1)
(8, 0, 1, (0, 0, 1), -2, (0, 0)): (2, 6)
(8, 0, 1, (0, 0, 1), -1, (0, 0)): (2, 6)
(8, 0, 1, (0, 0, 1), 0, (0, 0)): (9, 12)
(8, 0, 1, (0, 0, 1), 1, (0, 0)): (3, 4)
(8, 0, 1, (0, 0, 1), 2, (0, 0)): (4, 4)
(8, 0, 1, (0, 0, 1), 3, (0, 0)): (4, 4)
(8, 0, 1, (0, 0, 1), 4, (0, 0)): (4, 4)
(8, 0, 1, (0, 0, 1), 5, (0, 0)): (4, 4)
(8, 0, 1, (0, 0, 1), 6, (0, 0)): (4, 4)
(8, 0, 1, (0, 0, 1), 8, (0, 0)): (1, 1)
(8, 0, 1, (0, 0, 1), 9, (0, 0)): (2, 2)
(8, 0, 1, (0, 0, 1), 10, (0, 0)): (3, 3)
(8, 0, 1, (0, 0, 1), 11, (0, 0)): (1, 1)
(8, 0, 1, (0, 0, 1), 13, (0, 0)): (1, 1)
(8, 0, 1, (0, 1, 0), -12, (0, 0)): (0, 1)
(8, 0, 1, (0, 1, 0), -9, (0, 0)): (0, 1)
(8, 0, 1, (0, 1, 0), -8, (0, 0)): (0, 2)
(8, 0, 1, (0, 1, 0), -6, (0, 0)): (0, 3)
(8, 0, 1, (0, 1, 0), -5, (0, 0)): (0, 1)
(8, 0, 1, (0, 1, 0), -4, (0, 0)): (0, 5)
(8, 0, 1, (0, 1, 0), -3, (0, 0)): (1, 10)
(8, 0, 1, (0, 1, 0), -3, (0, 1)): (0, 1)
(8, 0, 1, (0, 1, 0), -3, (0, 2)): (0, 1)
(8, 0, 1, (0, 1, 0), -2, (0, 0)): (1, 15)
(8, 0, 1, (0, 1, 0), -1, (0, 0)): (5, 12)
(8, 0, 1, (0, 1, 0), 0, (0, 0)): (16, 23)
(8, 0, 1, (0, 1, 0), 1, (0, 0)): (12, 16)
(8, 0, 1, (0, 1, 0), 2, (0, 0)): (18, 19)
(8, 0, 1, (0, 1, 0), 3, (0, 0)): (11, 12)
(8, 0, 1, (0, 1, 0), 4, (0, 0)): (6, 6)
(8, 0, 1, (0, 1, 0), 5, (0, 0)): (4, 4)
(8, 0, 1, (0, 1, 0), 6, (0, 0)): (5, 5)
(8, 0, 1, (0, 1, 0), 7, (0, 0)): (4, 4)
(8, 0, 1, (0, 1, 0), 8, (0, 0)): (2, 2)
(8, 0, 1, (0, 1, 0), 9, (0, 0)): (2, 2)
(8, 0, 1, (0, 1, 0), 10, (0, 0)): (1, 1)
(8, 0, 1, (0, 1, 1), -12, (0, 0)): (0, 1)
(8, 0, 1, (0, 1, 1), -8, (0, 0)): (0, 1)
(8, 0, 1, (0, 1, 1), -4, (0, 0)): (0, 2)
(8, 0, 1, (0, 1, 1), -3, (0, 0)): (0, 1)
(8, 0, 1, (0, 1, 1), -2, (0, 0)): (0, 5)
(8, 0, 1, (0, 1, 1), -1, (0, 0)): (2, 3)
(8, 0, 1, (0, 1, 1), 0, (0, 0)): (2, 4)
(8, 0, 1, (0, 1, 1), 1, (0, 0)): (4, 6)
(8, 0, 1, (0, 1, 1), 2, (0, 0)): (7, 8)
(8, 0, 1, (0, 1, 1), 3, (0, 0)): (4, 4)
(8, 0, 1, (0, 1, 1), 4, (0, 0)): (4, 4)
(8, 0, 1, (0, 1, 1), 5, (0, 0)): (1, 1)
(8, 0, 1, (0, 1, 1), 6, (0, 0)): (1, 1)
(8, 0, 1, (0, 1, 1), 7, (0, 0)): (2, 2)
(8, 0, 1, (0, 1, 1), 8, (0, 0)): (2, 2)
(8, 0, 1, (1, 0, 0), -15, (0, 0)): (0, 2)
(8, 0, 1, (1, 0, 0), -14, (0, 0)): (0, 1)
(8, 0, 1, (1, 0, 0), -13, (0, 0)): (0, 1)
(8, 0, 1, (1, 0, 0), -12, (0, 0)): (0, 1)
(8, 0, 1, (1, 0, 0), -11, (0, 0)): (0, 3)
(8, 0, 1, (1, 0, 0), -10, (0, 0)): (0, 2)
(8, 0, 1, (1, 0, 0), -9, (0, 0)): (0, 5)
(8, 0, 1, (1, 0, 0), -8, (0, 0)): (0, 12)
(8, 0, 1, (1, 0, 0), -7, (0, 0)): (0, 9)
(8, 0, 1, (1, 0, 0), -6, (0, 0)): (0, 8)
(8, 0, 1, (1, 0, 0), -5, (0, 0)): (0, 17)
(8, 0, 1, (1, 0, 0), -4, (0, 0)): (0, 27)
(8, 0, 1, (1, 0, 0), -3, (0, 0)): (2, 35)
(8, 0, 1, (1, 0, 0), -2, (0, 0)): (7, 27)
(8, 0, 1, (1, 0, 0), -1, (0, 0)): (10, 34)
(8, 0, 1, (1, 0, 0), -1, (1, 0)): (1, 1)
(8, 0, 1, (1, 0, 0), -1, (1, 1)): (1, 1)
(8, 0, 1, (1, 0, 0), 0, (0, 0)): (24, 42)
(8, 0, 1, (1, 0, 0), 1, (0, 0)): (30, 37)
(8, 0, 1, (1, 0, 0), 2, (0, 0)): (23, 29)
(8, 0, 1, (1, 0, 0), 3, (0, 0)): (20, 22)
(8, 0, 1, (1, 0, 0), 4, (0, 0)): (21, 22)
(8, 0, 1, (1, 0, 0), 5, (0, 0)): (13, 13)
(8, 0, 1, (1, 0, 0), 6, (0, 0)): (13, 13)
(8, 0, 1, (1, 0, 0), 7, (0, 0)): (10, 10)
(8, 0, 1, (1, 0, 0), 8, (0, 0)): (3, 3)
(8, 0, 1, (1, 0, 0), 10, (0, 0)): (3, 3)
(8, 0, 1, (1, 0, 0), 11, (0, 0)): (1, 1)
(8, 0, 1, (1, 0, 0), 13, (0, 0)): (1, 1)
(8, 0, 1, (1, 0, 0), 15, (0, 0)): (1, 1)
(8, 0, 1, (1, 0, 1), -8, (0, 0)): (0, 1)
(8, 0, 1, (1, 0, 1), -7, (0, 0)): (0, 1)
(8, 0, 1, (1, 0, 1), -6, (0, 0)): (0, 2)
(8, 0, 1, (1, 0, 1), -5, (0, 0)): (0, 2)
(8, 0, 1, (1, 0, 1), -4, (0, 0)): (0, 4)
(8, 0, 1, (1, 0, 1), -3, (0, 0)): (0, 4)
(8, 0, 1, (1, 0, 1), -2, (0, 0)): (1, 7)
(8, 0, 1, (1, 0, 1), -1, (0, 0)): (3, 7)
(8, 0, 1, (1, 0, 1), 0, (0, 0)): (7, 11)
(8, 0, 1, (1, 0, 1), 1, (0, 0)): (6, 8)
(8, 0, 1, (1, 0, 1), 2, (0, 0)): (7, 8)
(8, 0, 1, (1, 0, 1), 3, (0, 0)): (4, 4)
(8, 0, 1, (1, 0, 1), 4, (0, 0)): (6, 6)
(8, 0, 1, (1, 0, 1), 5, (0, 0)): (4, 4)
(8, 0, 1, (1, 0, 1), 6, (0, 0)): (4, 4)
(8, 0, 1, (1, 0, 1), 7, (0, 0)): (2, 2)
(8, 0, 1, (1, 0, 1), 9, (0, 0)): (1, 1)
(8, 0, 1, (1, 1, 0), -15, (0, 0)): (0, 1)
(8, 0, 1, (1, 1, 0), -14, (0, 0)): (0, 1)
(8, 0, 1, (1, 1, 0), -12, (0, 0)): (0, 1)
(8, 0, 1, (1, 1, 0), -11, (0, 0)): (0, 3)
(8, 0, 1, (1, 1, 0), -10, (0, 0)): (0, 1)
(8, 0, 1, (1, 1, 0), -9, (0, 0)): (0, 1)
(8, 0, 1, (1, 1, 0), -8, (0, 0)): (0, 2)
(8, 0, 1, (1, 1, 0), -7, (0, 0)): (0, 3)
(8, 0, 1, (1, 1, 0), -6, (0, 0)): (0, 4)
(8, 0, 1, (1, 1, 0), -5, (0, 0)): (0, 8)
(8, 0, 1, (1, 1, 0), -4, (0, 0)): (0, 9)
(8, 0, 1, (1, 1, 0), -3, (0, 0)): (1, 11)
(8, 0, 1, (1, 1, 0), -2, (0, 0)): (4, 9)
(8, 0, 1, (1, 1, 0), -1, (0, 0)): (2, 10)
(8, 0, 1, (1, 1, 0), 0, (0, 0)): (8, 13)
(8, 0, 1, (1, 1, 0), 1, (0, 0)): (17, 22)
(8, 0, 1, (1, 1, 0), 2, (0, 0)): (9, 11)
(8, 0, 1, (1, 1, 0), 3, (0, 0)): (12, 12)
(8, 0, 1, (1, 1, 0), 4, (0, 0)): (14, 14)
(8, 0, 1, (1, 1, 0), 5, (0, 0)): (6, 6)
(8, 0, 1, (1, 1, 0), 6, (0, 0)): (2, 2)
(8, 0, 1, (1, 1, 0), 7, (0, 0)): (7, 7)
(8, 0, 1, (1, 1, 0), 8, (0, 0)): (2, 2)
(8, 0, 1, (1, 1, 0), 9, (0, 0)): (1, 1)
(8, 0, 1, (1, 1, 0), 13, (0, 0)): (1, 1)
(8, 0, 1, (1, 1, 1), -11, (0, 0)): (0, 1)
(8, 0, 1, (1, 1, 1), -10, (0, 0)): (0, 1)
(8, 0, 1, (1, 1, 1), -5, (0, 0)): (0, 2)
(8, 0, 1, (1, 1, 1), -4, (0, 0)): (0, 4)
(8, 0, 1, (1, 1, 1), -3, (0, 0)): (0, 2)
(8, 0, 1, (1, 1, 1), -2, (0, 0)): (2, 3)
(8, 0, 1, (1, 1, 1), 0, (0, 0)): (2, 6)
(8, 0, 1, (1, 1, 1), 1, (0, 0)): (5, 7)
(8, 0, 1, (1, 1, 1), 2, (0, 0)): (6, 6)
(8, 0, 1, (1, 1, 1), 3, (0, 0)): (3, 3)
(8, 0, 1, (1, 1, 1), 4, (0, 0)): (3, 3)
(8, 0, 1, (1, 1, 1), 5, (0, 0)): (2, 2)
(8, 0, 1, (1, 1, 1), 6, (0, 0)): (1, 1)
(8, 0, 1, (1, 1, 1), 7, (0, 0)): (4, 4)
(8, 0, 1, (1, 1, 1), 8, (0, 0)): (1, 1)
(8, 0, 2, (0, 0, 0), -16, (0, 0)): (0, 1)
(8, 0, 2, (0, 0, 0), -14, (0, 0)): (0, 1)
(8, 0, 2, (0, 0, 0), -13, (0, 0)): (0, 1)
(8, 0, 2, (0, 0, 0), -12, (0, 0)): (0, 3)
(8, 0, 2, (0, 0, 0), -11, (0, 0)): (0, 2)
(8, 0, 2, (0, 0, 0), -10, (0, 0)): (0, 2)
(8, 0, 2, (0, 0, 0), -9, (0, 0)): (0, 4)
(8, 0, 2, (0, 0, 0), -8, (0, 0)): (0, 10)
(8, 0, 2, (0, 0, 0), -7, (0, 0)): (0, 11)
(8, 0, 2, (0, 0, 0), -6, (0, 0)): (0, 14)
(8, 0, 2, (0, 0, 0), -5, (0, 0)): (1, 27)
(8, 0, 2, (0, 0, 0), -4, (0, 0)): (0, 36)
(8, 0, 2, (0, 0, 0), -3, (0, 0)): (4, 53)
(8, 0, 2, (0, 0, 0), -2, (0, 0)): (2, 45)
(8, 0, 2, (0, 0, 0), -1, (0, 0)): (11, 63)
(8, 0, 2, (0, 0, 0), 0, (0, 0)): (19, 56)
(8, 0, 2, (0, 0, 0), 1, (0, 0)): (39, 55)
(8, 0, 2, (0, 0, 0), 1, (0, 1)): (1, 1)
(8, 0, 2, (0, 0, 0), 1, (1, 1)): (1, 1)
(8, 0, 2, (0, 0, 0), 1, (2, 1)): (1, 1)
(8, 0, 2, (0, 0, 0), 1, (2, 2)): (1, 1)
(8, 0, 2, (0, 0, 0), 2, (0, 0)): (30, 35)
(8, 0, 2, (0, 0, 0), 2, (1, 0)): (1, 1)
(8, 0, 2, (0, 0, 0), 3, (0, 0)): (31, 33)
(8, 0, 2, (0, 0, 0), 4, (0, 0)): (36, 37)
(8, 0, 2, (0, 0, 0), 5, (0, 0)): (19, 19)
(8, 0, 2, (0, 0, 0), 6, (0, 0)): (18, 18)
(8, 0, 2, (0, 0, 0), 7, (0, 0)): (12, 12)
(8, 0, 2, (0, 0, 0), 8, (0, 0)): (8, 8)
(8, 0, 2, (0, 0, 0), 9, (0, 0)): (10, 10)
(8, 0, 2, (0, 0, 0), 10, (0, 0)): (1, 1)
(8, 0, 2, (0, 0, 0), 11, (0, 0)): (4, 4)
(8, 0, 2, (0, 0, 0), 12, (0, 0)): (2, 2)
(8, 0, 2, (0, 0, 0), 15, (0, 0)): (1, 1)
(8, 0, 2, (0, 0, 1), -12, (0, 0)): (0, 1)
(8, 0, 2, (0, 0, 1), -11, (0, 0)): (0, 1)
(8, 0, 2, (0, 0, 1), -7, (0, 0)): (0, 4)
(8, 0, 2, (0, 0, 1), -6, (0, 0)): (0, 1)
(8, 0, 2, (0, 0, 1), -5, (0, 0)): (0, 1)
(8, 0, 2, (0, 0, 1), -4, (0, 0)): (0, 3)
(8, 0, 2, (0, 0, 1), -3, (0, 0)): (0, 4)
(8, 0, 2, (0, 0, 1), -3, (1, 0)): (0, 1)
(8, 0, 2, (0, 0, 1), -3, (1, 1)): (0, 1)
(8, 0, 2, (0, 0, 1), -3, (1, 2)): (0, 1)
(8, 0, 2, (0, 0, 1), -3, (2, 2)): (0, 1)
(8, 0, 2, (0, 0, 1), -2, (0, 0)): (0, 6)
(8, 0, 2, (0, 0, 1), -1, (0, 0)): (4, 10)
(8, 0, 2, (0, 0, 1), 0, (0, 0)): (5, 5)
(8, 0, 2, (0, 0, 1), 1, (0, 0)): (3, 5)
(8, 0, 2, (0, 0, 1), 2, (0, 0)): (4, 4)
(8, 0, 2, (0, 0, 1), 3, (0, 0)): (5, 7)
(8, 0, 2, (0, 0, 1), 4, (0, 0)): (3, 3)
(8, 0, 2, (0, 0, 1), 5, (0, 0)): (3, 3)
(8, 0, 2, (0, 0, 1), 6, (0, 0)): (4, 4)
(8, 0, 2, (0, 0, 1), 7, (0, 0)): (4, 4)
(8, 0, 2, (0, 0, 1), 9, (0, 0)): (2, 2)
(8, 0, 2, (0, 0, 1), 13, (0, 0)): (1, 1)
(8, 0, 2, (0, 1, 0), -13, (0, 0)): (0, 1)
(8, 0, 2, (0, 1, 0), -12, (0, 0)): (0, 3)
(8, 0, 2, (0, 1, 0), -9, (0, 0)): (0, 1)
(8, 0, 2, (0, 1, 0), -8, (0, 0)): (0, 3)
(8, 0, 2, (0, 1, 0), -6, (0, 0)): (0, 1)
(8, 0, 2, (0, 1, 0), -5, (0, 0)): (0, 6)
(8, 0, 2, (0, 1, 0), -4, (0, 0)): (0, 6)
(8, 0, 2, (0, 1, 0), -3, (0, 0)): (0, 13)
(8, 0, 2, (0, 1, 0), -2, (0, 0)): (2, 15)
(8, 0, 2, (0, 1, 0), -1, (0, 0)): (4, 12)
(8, 0, 2, (0, 1, 0), 0, (0, 0)): (15, 22)
(8, 0, 2, (0, 1, 0), 1, (0, 0)): (12, 15)
(8, 0, 2, (0, 1, 0), 2, (0, 0)): (22, 27)
(8, 0, 2, (0, 1, 0), 2, (0, 1)): (1, 1)
(8, 0, 2, (0, 1, 0), 2, (1, 1)): (1, 1)
(8, 0, 2, (0, 1, 0), 2, (2, 1)): (1, 1)
(8, 0, 2, (0, 1, 0), 2, (2, 2)): (1, 1)
(8, 0, 2, (0, 1, 0), 3, (0, 0)): (17, 19)
(8, 0, 2, (0, 1, 0), 4, (0, 0)): (12, 13)
(8, 0, 2, (0, 1, 0), 5, (0, 0)): (17, 17)
(8, 0, 2, (0, 1, 0), 6, (0, 0)): (7, 7)
(8, 0, 2, (0, 1, 0), 7, (0, 0)): (7, 7)
(8, 0, 2, (0, 1, 0), 8, (0, 0)): (2, 2)
(8, 0, 2, (0, 1, 0), 9, (0, 0)): (3, 3)
(8, 0, 2, (0, 1, 0), 10, (0, 0)): (1, 1)
(8, 0, 2, (0, 1, 0), 11, (0, 0)): (1, 1)
(8, 0, 2, (0, 1, 1), -8, (0, 0)): (0, 1)
(8, 0, 2, (0, 1, 1), -7, (0, 0)): (0, 1)
(8, 0, 2, (0, 1, 1), -4, (0, 0)): (0, 1)
(8, 0, 2, (0, 1, 1), -3, (0, 0)): (0, 4)
(8, 0, 2, (0, 1, 1), -2, (0, 0)): (0, 4)
(8, 0, 2, (0, 1, 1), -1, (0, 0)): (0, 5)
(8, 0, 2, (0, 1, 1), 0, (0, 0)): (1, 3)
(8, 0, 2, (0, 1, 1), 1, (0, 0)): (1, 1)
(8, 0, 2, (0, 1, 1), 2, (0, 0)): (4, 4)
(8, 0, 2, (0, 1, 1), 3, (0, 0)): (8, 8)
(8, 0, 2, (0, 1, 1), 4, (0, 0)): (5, 5)
(8, 0, 2, (0, 1, 1), 5, (0, 0)): (2, 2)
(8, 0, 2, (0, 1, 1), 6, (0, 0)): (2, 2)
(8, 0, 2, (0, 1, 1), 7, (0, 0)): (4, 4)
(8, 0, 2, (0, 1, 1), 9, (0, 0)): (3, 3)
(8, 0, 2, (1, 0, 0), -15, (0, 0)): (0, 1)
(8, 0, 2, (1, 0, 0), -14, (0, 0)): (0, 1)
(8, 0, 2, (1, 0, 0), -13, (0, 0)): (0, 1)
(8, 0, 2, (1, 0, 0), -11, (0, 0)): (0, 1)
(8, 0, 2, (1, 0, 0), -10, (0, 0)): (0, 2)
(8, 0, 2, (1, 0, 0), -9, (0, 0)): (0, 3)
(8, 0, 2, (1, 0, 0), -8, (0, 0)): (0, 11)
(8, 0, 2, (1, 0, 0), -7, (0, 0)): (0, 9)
(8, 0, 2, (1, 0, 0), -6, (0, 0)): (0, 8)
(8, 0, 2, (1, 0, 0), -5, (0, 0)): (1, 16)
(8, 0, 2, (1, 0, 0), -4, (0, 0)): (0, 24)
(8, 0, 2, (1, 0, 0), -3, (0, 0)): (2, 31)
(8, 0, 2, (1, 0, 0), -2, (0, 0)): (2, 24)
(8, 0, 2, (1, 0, 0), -1, (0, 0)): (9, 43)
(8, 0, 2, (1, 0, 0), -1, (0, 1)): (1, 1)
(8, 0, 2, (1, 0, 0), -1, (1, 1)): (1, 1)
(8, 0, 2, (1, 0, 0), -1, (1, 2)): (1, 1)
(8, 0, 2, (1, 0, 0), -1, (2, 2)): (1, 1)
(8, 0, 2, (1, 0, 0), -1, (3, 2)): (1, 1)
(8, 0, 2, (1, 0, 0), 0, (0, 0)): (18, 38)
(8, 0, 2, (1, 0, 0), 1, (0, 0)): (37, 45)
(8, 0, 2, (1, 0, 0), 2, (0, 0)): (25, 28)
(8, 0, 2, (1, 0, 0), 2, (0, 1)): (1, 1)
(8, 0, 2, (1, 0, 0), 2, (1, 1)): (1, 1)
(8, 0, 2, (1, 0, 0), 2, (2, 1)): (1, 1)
(8, 0, 2, (1, 0, 0), 2, (2, 2)): (1, 1)
(8, 0, 2, (1, 0, 0), 3, (0, 0)): (13, 15)
(8, 0, 2, (1, 0, 0), 4, (0, 0)): (17, 20)
(8, 0, 2, (1, 0, 0), 5, (0, 0)): (16, 16)
(8, 0, 2, (1, 0, 0), 6, (0, 0)): (12, 12)
(8, 0, 2, (1, 0, 0), 7, (0, 0)): (7, 7)
(8, 0, 2, (1, 0, 0), 8, (0, 0)): (4, 4)
(8, 0, 2, (1, 0, 0), 10, (0, 0)): (3, 3)
(8, 0, 2, (1, 0, 0), 11, (0, 0)): (1, 1)
(8, 0, 2, (1, 0, 1), -10, (0, 0)): (0, 1)
(8, 0, 2, (1, 0, 1), -8, (0, 0)): (0, 1)
(8, 0, 2, (1, 0, 1), -7, (0, 0)): (0, 3)
(8, 0, 2, (1, 0, 1), -6, (0, 0)): (0, 1)
(8, 0, 2, (1, 0, 1), -5, (0, 0)): (0, 2)
(8, 0, 2, (1, 0, 1), -4, (0, 0)): (0, 2)
(8, 0, 2, (1, 0, 1), -3, (0, 0)): (1, 5)
(8, 0, 2, (1, 0, 1), -2, (0, 0)): (1, 6)
(8, 0, 2, (1, 0, 1), -1, (0, 0)): (5, 12)
(8, 0, 2, (1, 0, 1), 0, (0, 0)): (4, 10)
(8, 0, 2, (1, 0, 1), 1, (0, 0)): (4, 7)
(8, 0, 2, (1, 0, 1), 2, (0, 0)): (2, 2)
(8, 0, 2, (1, 0, 1), 3, (0, 0)): (5, 5)
(8, 0, 2, (1, 0, 1), 4, (0, 0)): (7, 7)
(8, 0, 2, (1, 0, 1), 5, (0, 0)): (6, 6)
(8, 0, 2, (1, 0, 1), 6, (0, 0)): (2, 2)
(8, 0, 2, (1, 0, 1), 7, (0, 0)): (1, 1)
(8, 0, 2, (1, 0, 1), 8, (0, 0)): (4, 4)
(8, 0, 2, (1, 0, 1), 9, (0, 0)): (1, 1)
(8, 0, 2, (1, 1, 0), -11, (0, 0)): (0, 2)
(8, 0, 2, (1, 1, 0), -9, (0, 0)): (0, 5)
(8, 0, 2, (1, 1, 0), -8, (0, 0)): (0, 5)
(8, 0, 2, (1, 1, 0), -7, (0, 0)): (0, 3)
(8, 0, 2, (1, 1, 0), -6, (0, 0)): (0, 6)
(8, 0, 2, (1, 1, 0), -5, (0, 0)): (0, 6)
(8, 0, 2, (1, 1, 0), -4, (0, 0)): (0, 9)
(8, 0, 2, (1, 1, 0), -3, (0, 0)): (1, 14)
(8, 0, 2, (1, 1, 0), -2, (0, 0)): (0, 15)
(8, 0, 2, (1, 1, 0), -1, (0, 0)): (4, 19)
(8, 0, 2, (1, 1, 0), 0, (0, 0)): (14, 26)
(8, 0, 2, (1, 1, 0), 1, (0, 0)): (18, 25)
(8, 0, 2, (1, 1, 0), 2, (0, 0)): (20, 21)
(8, 0, 2, (1, 1, 0), 3, (0, 0)): (11, 11)
(8, 0, 2, (1, 1, 0), 4, (0, 0)): (12, 12)
(8, 0, 2, (1, 1, 0), 5, (0, 0)): (11, 11)
(8, 0, 2, (1, 1, 0), 6, (0, 0)): (9, 9)
(8, 0, 2, (1, 1, 0), 7, (0, 0)): (8, 8)
(8, 0, 2, (1, 1, 0), 8, (0, 0)): (4, 4)
(8, 0, 2, (1, 1, 0), 9, (0, 0)): (4, 4)
(8, 0, 2, (1, 1, 1), -11, (0, 0)): (0, 1)
(8, 0, 2, (1, 1, 1), -9, (0, 0)): (0, 1)
(8, 0, 2, (1, 1, 1), -8, (0, 0)): (0, 2)
(8, 0, 2, (1, 1, 1), -7, (0, 0)): (0, 1)
(8, 0, 2, (1, 1, 1), -6, (0, 0)): (0, 1)
(8, 0, 2, (1, 1, 1), -5, (0, 0)): (0, 3)
(8, 0, 2, (1, 1, 1), -4, (0, 0)): (0, 3)
(8, 0, 2, (1, 1, 1), -3, (0, 0)): (1, 2)
(8, 0, 2, (1, 1, 1), -2, (0, 0)): (0, 3)
(8, 0, 2, (1, 1, 1), -1, (0, 0)): (1, 6)
(8, 0, 2, (1, 1, 1), 0, (0, 0)): (4, 10)
(8, 0, 2, (1, 1, 1), 1, (0, 0)): (5, 6)
(8, 0, 2, (1, 1, 1), 2, (0, 0)): (7, 7)
(8, 0, 2, (1, 1, 1), 3, (0, 0)): (8, 8)
(8, 0, 2, (1, 1, 1), 4, (0, 0)): (6, 6)
(8, 0, 2, (1, 1, 1), 5, (0, 0)): (2, 2)
(8, 0, 2, (1, 1, 1), 7, (0, 0)): (5, 5)
(8, 0, 2, (1, 1, 1), 8, (0, 0)): (3, 3)
(8, 1, 0, (0, 0, 0), -15, (0, 0)): (0, 2)
(8, 1, 0, (0, 0, 0), -13, (0, 0)): (0, 2)
(8, 1, 0, (0, 0, 0), -12, (0, 0)): (0, 2)
(8, 1, 0, (0, 0, 0), -11, (0, 0)): (0, 7)
(8, 1, 0, (0, 0, 0), -10, (0, 0)): (0, 4)
(8, 1, 0, (0, 0, 0), -9, (0, 0)): (0, 19)
(8, 1, 0, (0, 0, 0), -8, (0, 0)): (0, 15)
(8, 1, 0, (0, 0, 0), -7, (0, 0)): (0, 32)
(8, 1, 0, (0, 0, 0), -6, (0, 0)): (0, 38)
(8, 1, 0, (0, 0, 0), -5, (0, 0)): (0, 50)
(8, 1, 0, (0, 0, 0), -4, (0, 0)): (5, 68)
(8, 1, 0, (0, 0, 0), -3, (0, 0)): (5, 72)
(8, 1, 0, (0, 0, 0), -2, (0, 0)): (12, 81)
(8, 1, 0, (0, 0, 0), -2, (1, 0)): (0, 1)
(8, 1, 0, (0, 0, 0), -2, (1, 1)): (0, 1)
(8, 1, 0, (0, 0, 0), -2, (1, 2)): (0, 1)
(8, 1, 0, (0, 0, 0), -2, (2, 2)): (0, 1)
(8, 1, 0, (0, 0, 0), -1, (0, 0)): (32, 112)
(8, 1, 0, (0, 0, 0), -1, (1, 0)): (0, 1)
(8, 1, 0, (0, 0, 0), -1, (1, 1)): (0, 1)
(8, 1, 0, (0, 0, 0), -1, (1, 2)): (0, 1)
(8, 1, 0, (0, 0, 0), -1, (2, 2)): (0, 1)
(8, 1, 0, (0, 0, 0), 0, (0, 0)): (70, 114)
(8, 1, 0, (0, 0, 0), 1, (0, 0)): (99, 110)
(8, 1, 0, (0, 0, 0), 1, (1, 0)): (1, 1)
(8, 1, 0, (0, 0, 0), 1, (2, 0)): (1, 1)
(8, 1, 0, (0, 0, 0), 1, (3, 0)): (1, 1)
(8, 1, 0, (0, 0, 0), 1, (3, 1)): (1, 1)
(8, 1, 0, (0, 0, 0), 1, (3, 2)): (1, 1)
(8, 1, 0, (0, 0, 0), 2, (0, 0)): (86, 89)
(8, 1, 0, (0, 0, 0), 3, (0, 0)): (93, 97)
(8, 1, 0, (0, 0, 0), 4, (0, 0)): (60, 60)
(8, 1, 0, (0, 0, 0), 5, (0, 0)): (42, 43)
(8, 1, 0, (0, 0, 0), 6, (0, 0)): (29, 29)
(8, 1, 0, (0, 0, 0), 7, (0, 0)): (23, 23)
(8, 1, 0, (0, 0, 0), 8, (0, 0)): (23, 23)
(8, 1, 0, (0, 0, 0), 9, (0, 0)): (10, 10)
(8, 1, 0, (0, 0, 0), 10, (0, 0)): (3, 3)
(8, 1, 0, (0, 0, 0), 11, (0, 0)): (7, 7)
(8, 1, 0, (0, 0, 0), 12, (0, 0)): (6, 6)
(8, 1, 0, (0, 0, 0), 13, (0, 0)): (3, 3)
(8, 1, 0, (0, 0, 0), 14, (0, 0)): (1, 1)
(8, 1, 0, (0, 0, 0), 15, (0, 0)): (1, 1)
(8, 1, 0, (0, 0, 0), 16, (0, 0)): (1, 1)
(8, 1, 0, (0, 0, 0), 18, (0, 0)): (1, 1)
(8, 1, 0, (0, 0, 1), -7, (0, 0)): (0, 1)
(8, 1, 0, (0, 0, 1), -5, (0, 0)): (0, 1)
(8, 1, 0, (0, 0, 1), -4, (0, 0)): (1, 1)
(8, 1, 0, (0, 0, 1), -3, (0, 0)): (0, 1)
(8, 1, 0, (0, 0, 1), -2, (0, 0)): (0, 3)
(8, 1, 0, (0, 0, 1), 1, (0, 0)): (4, 5)
(8, 1, 0, (0, 0, 1), 2, (0, 0)): (1, 1)
(8, 1, 0, (0, 0, 1), 3, (0, 0)): (1, 1)
(8, 1, 0, (0, 0, 1), 4, (0, 0)): (3, 3)
(8, 1, 0, (0, 0, 1), 5, (0, 0)): (1, 1)
(8, 1, 0, (0, 0, 1), 6, (0, 0)): (2, 2)
(8, 1, 0, (0, 0, 1), 7, (0, 0)): (1, 1)
(8, 1, 0, (0, 0, 1), 8, (0, 0)): (1, 1)
(8, 1, 0, (0, 1, 0), -9, (0, 0)): (0, 3)
(8, 1, 0, (0, 1, 0), -8, (0, 0)): (0, 1)
(8, 1, 0, (0, 1, 0), -7, (0, 0)): (0, 1)
(8, 1, 0, (0, 1, 0), -6, (0, 0)): (0, 2)
(8, 1, 0, (0, 1, 0), -5, (0, 0)): (0, 2)
(8, 1, 0, (0, 1, 0), -4, (0, 0)): (1, 4)
(8, 1, 0, (0, 1, 0), -3, (0, 0)): (0, 5)
(8, 1, 0, (0, 1, 0), -2, (0, 0)): (0, 3)
(8, 1, 0, (0, 1, 0), -1, (0, 0)): (7, 9)
(8, 1, 0, (0, 1, 0), 0, (0, 0)): (6, 7)
(8, 1, 0, (0, 1, 0), 1, (0, 0)): (5, 5)
(8, 1, 0, (0, 1, 0), 2, (0, 0)): (2, 2)
(8, 1, 0, (0, 1, 0), 3, (0, 0)): (8, 8)
(8, 1, 0, (0, 1, 0), 4, (0, 0)): (3, 3)
(8, 1, 0, (0, 1, 0), 5, (0, 0)): (4, 4)
(8, 1, 0, (0, 1, 0), 6, (0, 0)): (2, 2)
(8, 1, 0, (0, 1, 0), 7, (0, 0)): (2, 2)
(8, 1, 0, (0, 1, 0), 8, (0, 0)): (2, 2)
(8, 1, 0, (0, 1, 0), 9, (0, 0)): (1, 1)
(8, 1, 0, (0, 1, 0), 14, (0, 0)): (1, 1)
(8, 1, 0, (0, 1, 1), -9, (0, 0)): (0, 1)
(8, 1, 0, (0, 1, 1), -6, (0, 0)): (0, 1)
(8, 1, 0, (0, 1, 1), -4, (0, 0)): (1, 1)
(8, 1, 0, (0, 1, 1), -2, (0, 0)): (0, 2)
(8, 1, 0, (0, 1, 1), -1, (0, 0)): (1, 2)
(8, 1, 0, (0, 1, 1), 0, (0, 0)): (1, 1)
(8, 1, 0, (0, 1, 1), 2, (0, 0)): (3, 3)
(8, 1, 0, (0, 1, 1), 3, (0, 0)): (1, 1)
(8, 1, 0, (0, 1, 1), 4, (0, 0)): (1, 1)
(8, 1, 0, (0, 1, 1), 5, (0, 0)): (1, 1)
(8, 1, 0, (0, 1, 1), 6, (0, 0)): (1, 1)
(8, 1, 0, (1, 0, 0), -13, (0, 0)): (0, 1)
(8, 1, 0, (1, 0, 0), -11, (0, 0)): (0, 2)
(8, 1, 0, (1, 0, 0), -10, (0, 0)): (0, 2)
(8, 1, 0, (1, 0, 0), -9, (0, 0)): (0, 5)
(8, 1, 0, (1, 0, 0), -8, (0, 0)): (0, 4)
(8, 1, 0, (1, 0, 0), -7, (0, 0)): (0, 9)
(8, 1, 0, (1, 0, 0), -6, (0, 0)): (0, 18)
(8, 1, 0, (1, 0, 0), -5, (0, 0)): (0, 17)
(8, 1, 0, (1, 0, 0), -4, (0, 0)): (2, 20)
(8, 1, 0, (1, 0, 0), -3, (0, 0)): (3, 19)
(8, 1, 0, (1, 0, 0), -2, (0, 0)): (6, 28)
(8, 1, 0, (1, 0, 0), -2, (1, 0)): (0, 1)
(8, 1, 0, (1, 0, 0), -1, (0, 0)): (13, 35)
(8, 1, 0, (1, 0, 0), 0, (0, 0)): (24, 34)
(8, 1, 0, (1, 0, 0), 1, (0, 0)): (27, 31)
(8, 1, 0, (1, 0, 0), 2, (0, 0)): (21, 22)
(8, 1, 0, (1, 0, 0), 3, (0, 0)): (21, 22)
(8, 1, 0, (1, 0, 0), 4, (0, 0)): (18, 18)
(8, 1, 0, (1, 0, 0), 5, (0, 0)): (14, 14)
(8, 1, 0, (1, 0, 0), 6, (0, 0)): (9, 9)
(8, 1, 0, (1, 0, 0), 7, (0, 0)): (9, 9)
(8, 1, 0, (1, 0, 0), 8, (0, 0)): (9, 9)
(8, 1, 0, (1, 0, 0), 9, (0, 0)): (3, 3)
(8, 1, 0, (1, 0, 0), 11, (0, 0)): (3, 3)
(8, 1, 0, (1, 0, 0), 12, (0, 0)): (1, 1)
(8, 1, 0, (1, 0, 0), 15, (0, 0)): (1, 1)
(8, 1, 0, (1, 0, 1), -5, (0, 0)): (0, 2)
(8, 1, 0, (1, 0, 1), -3, (0, 0)): (2, 2)
(8, 1, 0, (1, 0, 1), -2, (0, 0)): (2, 5)
(8, 1, 0, (1, 0, 1), -1, (0, 0)): (2, 3)
(8, 1, 0, (1, 0, 1), 1, (0, 0)): (3, 3)
(8, 1, 0, (1, 0, 1), 3, (0, 0)): (1, 1)
(8, 1, 0, (1, 0, 1), 4, (0, 0)): (2, 2)
(8, 1, 0, (1, 0, 1), 5, (0, 0)): (4, 4)
(8, 1, 0, (1, 0, 1), 7, (0, 0)): (1, 1)
(8, 1, 0, (1, 0, 1), 8, (0, 0)): (3, 3)
(8, 1, 0, (1, 0, 1), 9, (0, 0)): (1, 1)
(8, 1, 0, (1, 0, 1), 11, (0, 0)): (1, 1)
(8, 1, 0, (1, 1, 0), -11, (0, 0)): (0, 2)
(8, 1, 0, (1, 1, 0), -9, (0, 0)): (0, 1)
(8, 1, 0, (1, 1, 0), -8, (0, 0)): (0, 1)
(8, 1, 0, (1, 1, 0), -7, (0, 0)): (0, 2)
(8, 1, 0, (1, 1, 0), -6, (0, 0)): (0, 4)
(8, 1, 0, (1, 1, 0), -5, (0, 0)): (0, 2)
(8, 1, 0, (1, 1, 0), -4, (0, 0)): (1, 5)
(8, 1, 0, (1, 1, 0), -3, (0, 0)): (2, 6)
(8, 1, 0, (1, 1, 0), -2, (0, 0)): (4, 7)
(8, 1, 0, (1, 1, 0), -1, (0, 0)): (0, 4)
(8, 1, 0, (1, 1, 0), 0, (0, 0)): (4, 6)
(8, 1, 0, (1, 1, 0), 1, (0, 0)): (8, 8)
(8, 1, 0, (1, 1, 0), 2, (0, 0)): (1, 1)
(8, 1, 0, (1, 1, 0), 3, (0, 0)): (2, 2)
(8, 1, 0, (1, 1, 0), 4, (0, 0)): (7, 7)
(8, 1, 0, (1, 1, 0), 5, (0, 0)): (4, 4)
(8, 1, 0, (1, 1, 0), 6, (0, 0)): (3, 3)
(8, 1, 0, (1, 1, 0), 7, (0, 0)): (1, 1)
(8, 1, 0, (1, 1, 0), 8, (0, 0)): (3, 3)
(8, 1, 0, (1, 1, 0), 11, (0, 0)): (1, 1)
(8, 1, 0, (1, 1, 0), 15, (0, 0)): (1, 1)
(8, 1, 0, (1, 1, 1), -9, (0, 0)): (0, 1)
(8, 1, 0, (1, 1, 1), -8, (0, 0)): (0, 1)
(8, 1, 0, (1, 1, 1), -7, (0, 0)): (0, 1)
(8, 1, 0, (1, 1, 1), -5, (0, 0)): (0, 1)
(8, 1, 0, (1, 1, 1), -4, (0, 0)): (0, 2)
(8, 1, 0, (1, 1, 1), -3, (0, 0)): (0, 2)
(8, 1, 0, (1, 1, 1), -2, (0, 0)): (0, 1)
(8, 1, 0, (1, 1, 1), -1, (0, 0)): (1, 4)
(8, 1, 0, (1, 1, 1), 0, (0, 0)): (1, 1)
(8, 1, 0, (1, 1, 1), 1, (0, 0)): (1, 1)
(8, 1, 0, (1, 1, 1), 4, (0, 0)): (2, 2)
(8, 1, 0, (1, 1, 1), 5, (0, 0)): (3, 3)
(8, 1, 0, (1, 1, 1), 6, (0, 0)): (1, 1)
(8, 1, 0, (1, 1, 1), 7, (0, 0)): (1, 1)
(8, 1, 0, (1, 1, 1), 8, (0, 0)): (1, 1)
(8, 1, 0, (1, 1, 1), 9, (0, 0)): (1, 1)
(8, 1, 0, (1, 1, 1), 11, (0, 0)): (1, 1)
(8, 1, 1, (0, 0, 0), -15, (0, 0)): (0, 2)
(8, 1, 1, (0, 0, 0), -13, (0, 0)): (0, 1)
(8, 1, 1, (0, 0, 0), -12, (0, 0)): (0, 2)
(8, 1, 1, (0, 0, 0), -11, (0, 0)): (0, 6)
(8, 1, 1, (0, 0, 0), -10, (0, 0)): (0, 2)
(8, 1, 1, (0, 0, 0), -9, (0, 0)): (0, 11)
(8, 1, 1, (0, 0, 0), -8, (0, 0)): (0, 9)
(8, 1, 1, (0, 0, 0), -7, (0, 0)): (0, 21)
(8, 1, 1, (0, 0, 0), -6, (0, 0)): (0, 21)
(8, 1, 1, (0, 0, 0), -5, (0, 0)): (0, 32)
(8, 1, 1, (0, 0, 0), -4, (0, 0)): (1, 44)
(8, 1, 1, (0, 0, 0), -3, (0, 0)): (2, 51)
(8, 1, 1, (0, 0, 0), -2, (0, 0)): (5, 49)
(8, 1, 1, (0, 0, 0), -1, (0, 0)): (13, 72)
(8, 1, 1, (0, 0, 0), -1, (1, 0)): (0, 1)
(8, 1, 1, (0, 0, 0), -1, (2, 0)): (0, 1)
(8, 1, 1, (0, 0, 0), -1, (2, 1)): (0, 1)
(8, 1, 1, (0, 0, 0), -1, (3, 1)): (0, 1)
(8, 1, 1, (0, 0, 0), -1, (3, 2)): (0, 1)
(8, 1, 1, (0, 0, 0), 0, (0, 0)): (41, 75)
(8, 1, 1, (0, 0, 0), 1, (0, 0)): (63, 69)
(8, 1, 1, (0, 0, 0), 1, (1, 0)): (1, 1)
(8, 1, 1, (0, 0, 0), 1, (1, 1)): (1, 1)
(8, 1, 1, (0, 0, 0), 1, (2, 1)): (1, 1)
(8, 1, 1, (0, 0, 0), 1, (2, 2)): (1, 1)
(8, 1, 1, (0, 0, 0), 2, (0, 0)): (69, 71)
(8, 1, 1, (0, 0, 0), 3, (0, 0)): (68, 71)
(8, 1, 1, (0, 0, 0), 3, (1, 0)): (1, 1)
(8, 1, 1, (0, 0, 0), 3, (1, 1)): (1, 1)
(8, 1, 1, (0, 0, 0), 4, (0, 0)): (40, 40)
(8, 1, 1, (0, 0, 0), 5, (0, 0)): (26, 27)
(8, 1, 1, (0, 0, 0), 6, (0, 0)): (25, 25)
(8, 1, 1, (0, 0, 0), 7, (0, 0)): (11, 11)
(8, 1, 1, (0, 0, 0), 8, (0, 0)): (12, 12)
(8, 1, 1, (0, 0, 0), 9, (0, 0)): (10, 10)
(8, 1, 1, (0, 0, 0), 10, (0, 0)): (5, 5)
(8, 1, 1, (0, 0, 0), 11, (0, 0)): (4, 4)
(8, 1, 1, (0, 0, 0), 12, (0, 0)): (6, 6)
(8, 1, 1, (0, 0, 0), 13, (0, 0)): (3, 3)
(8, 1, 1, (0, 0, 0), 14, (0, 0)): (1, 1)
(8, 1, 1, (0, 0, 0), 15, (0, 0)): (1, 1)
(8, 1, 1, (0, 0, 0), 16, (0, 0)): (1, 1)
(8, 1, 1, (0, 0, 0), 18, (0, 0)): (1, 1)
(8, 1, 1, (0, 0, 1), -9, (0, 0)): (0, 2)
(8, 1, 1, (0, 0, 1), -8, (0, 0)): (0, 1)
(8, 1, 1, (0, 0, 1), -6, (0, 0)): (0, 1)
(8, 1, 1, (0, 0, 1), -5, (0, 0)): (0, 2)
(8, 1, 1, (0, 0, 1), -4, (0, 0)): (1, 2)
(8, 1, 1, (0, 0, 1), -2, (0, 0)): (1, 4)
(8, 1, 1, (0, 0, 1), -1, (0, 0)): (4, 6)
(8, 1, 1, (0, 0, 1), 0, (0, 0)): (2, 2)
(8, 1, 1, (0, 0, 1), 1, (0, 0)): (7, 8)
(8, 1, 1, (0, 0, 1), 2, (0, 0)): (3, 3)
(8, 1, 1, (0, 0, 1), 3, (0, 0)): (6, 6)
(8, 1, 1, (0, 0, 1), 4, (0, 0)): (6, 6)
(8, 1, 1, (0, 0, 1), 5, (0, 0)): (4, 4)
(8, 1, 1, (0, 0, 1), 6, (0, 0)): (5, 5)
(8, 1, 1, (0, 0, 1), 7, (0, 0)): (3, 3)
(8, 1, 1, (0, 0, 1), 8, (0, 0)): (3, 3)
(8, 1, 1, (0, 0, 1), 9, (0, 0)): (1, 1)
(8, 1, 1, (0, 0, 1), 14, (0, 0)): (1, 1)
(8, 1, 1, (0, 1, 0), -10, (0, 0)): (0, 1)
(8, 1, 1, (0, 1, 0), -8, (0, 0)): (0, 2)
(8, 1, 1, (0, 1, 0), -7, (0, 0)): (0, 3)
(8, 1, 1, (0, 1, 0), -6, (0, 0)): (0, 4)
(8, 1, 1, (0, 1, 0), -5, (0, 0)): (0, 3)
(8, 1, 1, (0, 1, 0), -4, (0, 0)): (1, 3)
(8, 1, 1, (0, 1, 0), -3, (0, 0)): (1, 5)
(8, 1, 1, (0, 1, 0), -2, (0, 0)): (2, 9)
(8, 1, 1, (0, 1, 0), -1, (0, 0)): (9, 26)
(8, 1, 1, (0, 1, 0), 0, (0, 0)): (14, 26)
(8, 1, 1, (0, 1, 0), 1, (0, 0)): (14, 18)
(8, 1, 1, (0, 1, 0), 2, (0, 0)): (16, 16)
(8, 1, 1, (0, 1, 0), 3, (0, 0)): (21, 22)
(8, 1, 1, (0, 1, 0), 4, (0, 0)): (8, 8)
(8, 1, 1, (0, 1, 0), 5, (0, 0)): (5, 5)
(8, 1, 1, (0, 1, 0), 6, (0, 0)): (4, 4)
(8, 1, 1, (0, 1, 0), 7, (0, 0)): (5, 5)
(8, 1, 1, (0, 1, 0), 8, (0, 0)): (1, 1)
(8, 1, 1, (0, 1, 0), 9, (0, 0)): (5, 5)
(8, 1, 1, (0, 1, 0), 10, (0, 0)): (1, 1)
(8, 1, 1, (0, 1, 0), 11, (0, 0)): (1, 1)
(8, 1, 1, (0, 1, 0), 12, (0, 0)): (1, 1)
(8, 1, 1, (0, 1, 0), 13, (0, 0)): (1, 1)
(8, 1, 1, (0, 1, 0), 14, (0, 0)): (1, 1)
(8, 1, 1, (0, 1, 1), -10, (0, 0)): (0, 1)
(8, 1, 1, (0, 1, 1), -7, (0, 0)): (0, 3)
(8, 1, 1, (0, 1, 1), -6, (0, 0)): (0, 1)
(8, 1, 1, (0, 1, 1), -5, (0, 0)): (0, 1)
(8, 1, 1, (0, 1, 1), -3, (0, 0)): (1, 2)
(8, 1, 1, (0, 1, 1), -2, (0, 0)): (3, 8)
(8, 1, 1, (0, 1, 1), -2, (0, 1)): (1, 1)
(8, 1, 1, (0, 1, 1), -2, (0, 2)): (1, 1)
(8, 1, 1, (0, 1, 1), -2, (1, 2)): (1, 1)
(8, 1, 1, (0, 1, 1), -1, (0, 0)): (1, 2)
(8, 1, 1, (0, 1, 1), 0, (0, 0)): (4, 5)
(8, 1, 1, (0, 1, 1), 1, (0, 0)): (6, 6)
(8, 1, 1, (0, 1, 1), 2, (0, 0)): (5, 5)
(8, 1, 1, (0, 1, 1), 3, (0, 0)): (3, 3)
(8, 1, 1, (0, 1, 1), 4, (0, 0)): (4, 4)
(8, 1, 1, (0, 1, 1), 5, (0, 0)): (4, 4)
(8, 1, 1, (0, 1, 1), 6, (0, 0)): (3, 3)
(8, 1, 1, (0, 1, 1), 7, (0, 0)): (1, 1)
(8, 1, 1, (0, 1, 1), 10, (0, 0)): (1, 1)
(8, 1, 1, (0, 1, 1), 12, (0, 0)): (1, 1)
(8, 1, 1, (1, 0, 0), -15, (0, 0)): (0, 1)
(8, 1, 1, (1, 0, 0), -13, (0, 0)): (0, 1)
(8, 1, 1, (1, 0, 0), -12, (0, 0)): (0, 1)
(8, 1, 1, (1, 0, 0), -10, (0, 0)): (0, 1)
(8, 1, 1, (1, 0, 0), -9, (0, 0)): (0, 6)
(8, 1, 1, (1, 0, 0), -8, (0, 0)): (0, 7)
(8, 1, 1, (1, 0, 0), -7, (0, 0)): (0, 11)
(8, 1, 1, (1, 0, 0), -6, (0, 0)): (0, 18)
(8, 1, 1, (1, 0, 0), -5, (0, 0)): (0, 16)
(8, 1, 1, (1, 0, 0), -4, (0, 0)): (2, 25)
(8, 1, 1, (1, 0, 0), -3, (0, 0)): (1, 27)
(8, 1, 1, (1, 0, 0), -2, (0, 0)): (3, 27)
(8, 1, 1, (1, 0, 0), -2, (0, 1)): (0, 1)
(8, 1, 1, (1, 0, 0), -2, (1, 1)): (0, 1)
(8, 1, 1, (1, 0, 0), -2, (2, 1)): (0, 1)
(8, 1, 1, (1, 0, 0), -2, (2, 2)): (0, 1)
(8, 1, 1, (1, 0, 0), -1, (0, 0)): (11, 36)
(8, 1, 1, (1, 0, 0), -1, (0, 1)): (0, 1)
(8, 1, 1, (1, 0, 0), 0, (0, 0)): (34, 45)
(8, 1, 1, (1, 0, 0), 1, (0, 0)): (30, 34)
(8, 1, 1, (1, 0, 0), 1, (1, 0)): (1, 1)
(8, 1, 1, (1, 0, 0), 2, (0, 0)): (26, 26)
(8, 1, 1, (1, 0, 0), 3, (0, 0)): (35, 36)
(8, 1, 1, (1, 0, 0), 4, (0, 0)): (18, 18)
(8, 1, 1, (1, 0, 0), 5, (0, 0)): (12, 13)
(8, 1, 1, (1, 0, 0), 6, (0, 0)): (10, 10)
(8, 1, 1, (1, 0, 0), 7, (0, 0)): (14, 14)
(8, 1, 1, (1, 0, 0), 8, (0, 0)): (5, 5)
(8, 1, 1, (1, 0, 0), 9, (0, 0)): (4, 4)
(8, 1, 1, (1, 0, 0), 10, (0, 0)): (2, 2)
(8, 1, 1, (1, 0, 0), 11, (0, 0)): (2, 2)
(8, 1, 1, (1, 0, 0), 12, (0, 0)): (1, 1)
(8, 1, 1, (1, 0, 0), 15, (0, 0)): (1, 1)
(8, 1, 1, (1, 0, 1), -11, (0, 0)): (0, 1)
(8, 1, 1, (1, 0, 1), -10, (0, 0)): (0, 1)
(8, 1, 1, (1, 0, 1), -9, (0, 0)): (0, 1)
(8, 1, 1, (1, 0, 1), -8, (0, 0)): (0, 1)
(8, 1, 1, (1, 0, 1), -7, (0, 0)): (0, 1)
(8, 1, 1, (1, 0, 1), -6, (0, 0)): (0, 4)
(8, 1, 1, (1, 0, 1), -5, (0, 0)): (0, 1)
(8, 1, 1, (1, 0, 1), -4, (0, 0)): (1, 4)
(8, 1, 1, (1, 0, 1), -3, (0, 0)): (3, 5)
(8, 1, 1, (1, 0, 1), -2, (0, 0)): (3, 4)
(8, 1, 1, (1, 0, 1), -1, (0, 0)): (2, 8)
(8, 1, 1, (1, 0, 1), 0, (0, 0)): (3, 5)
(8, 1, 1, (1, 0, 1), 1, (0, 0)): (9, 9)
(8, 1, 1, (1, 0, 1), 1, (1, 0)): (1, 1)
(8, 1, 1, (1, 0, 1), 1, (2, 0)): (1, 1)
(8, 1, 1, (1, 0, 1), 1, (3, 0)): (1, 1)
(8, 1, 1, (1, 0, 1), 1, (3, 1)): (1, 1)
(8, 1, 1, (1, 0, 1), 1, (3, 2)): (1, 1)
(8, 1, 1, (1, 0, 1), 2, (0, 0)): (3, 3)
(8, 1, 1, (1, 0, 1), 3, (0, 0)): (7, 7)
(8, 1, 1, (1, 0, 1), 4, (0, 0)): (3, 3)
(8, 1, 1, (1, 0, 1), 5, (0, 0)): (3, 3)
(8, 1, 1, (1, 0, 1), 6, (0, 0)): (3, 3)
(8, 1, 1, (1, 0, 1), 7, (0, 0)): (2, 2)
(8, 1, 1, (1, 0, 1), 8, (0, 0)): (1, 1)
(8, 1, 1, (1, 0, 1), 9, (0, 0)): (1, 1)
(8, 1, 1, (1, 0, 1), 10, (0, 0)): (2, 2)
(8, 1, 1, (1, 0, 1), 16, (0, 0)): (1, 1)
(8, 1, 1, (1, 1, 0), -15, (0, 0)): (0, 1)
(8, 1, 1, (1, 1, 0), -13, (0, 0)): (0, 1)
(8, 1, 1, (1, 1, 0), -11, (0, 0)): (0, 1)
(8, 1, 1, (1, 1, 0), -9, (0, 0)): (0, 2)
(8, 1, 1, (1, 1, 0), -8, (0, 0)): (0, 1)
(8, 1, 1, (1, 1, 0), -7, (0, 0)): (0, 4)
(8, 1, 1, (1, 1, 0), -6, (0, 0)): (0, 12)
(8, 1, 1, (1, 1, 0), -5, (0, 0)): (0, 3)
(8, 1, 1, (1, 1, 0), -4, (0, 0)): (0, 8)
(8, 1, 1, (1, 1, 0), -3, (0, 0)): (0, 9)
(8, 1, 1, (1, 1, 0), -2, (0, 0)): (3, 13)
(8, 1, 1, (1, 1, 0), -1, (0, 0)): (3, 9)
(8, 1, 1, (1, 1, 0), 0, (0, 0)): (11, 21)
(8, 1, 1, (1, 1, 0), 1, (0, 0)): (15, 17)
(8, 1, 1, (1, 1, 0), 2, (0, 0)): (8, 9)
(8, 1, 1, (1, 1, 0), 3, (0, 0)): (12, 12)
(8, 1, 1, (1, 1, 0), 4, (0, 0)): (9, 9)
(8, 1, 1, (1, 1, 0), 5, (0, 0)): (8, 8)
(8, 1, 1, (1, 1, 0), 6, (0, 0)): (5, 5)
(8, 1, 1, (1, 1, 0), 7, (0, 0)): (6, 6)
(8, 1, 1, (1, 1, 0), 8, (0, 0)): (4, 4)
(8, 1, 1, (1, 1, 0), 9, (0, 0)): (5, 5)
(8, 1, 1, (1, 1, 0), 10, (0, 0)): (1, 1)
(8, 1, 1, (1, 1, 0), 11, (0, 0)): (1, 1)
(8, 1, 1, (1, 1, 0), 13, (0, 0)): (1, 1)
(8, 1, 1, (1, 1, 0), 14, (0, 0)): (1, 1)
(8, 1, 1, (1, 1, 0), 15, (0, 0)): (2, 2)
(8, 1, 1, (1, 1, 1), -9, (0, 0)): (0, 1)
(8, 1, 1, (1, 1, 1), -8, (0, 0)): (0, 1)
(8, 1, 1, (1, 1, 1), -7, (0, 0)): (0, 2)
(8, 1, 1, (1, 1, 1), -6, (0, 0)): (0, 2)
(8, 1, 1, (1, 1, 1), -4, (0, 0)): (1, 1)
(8, 1, 1, (1, 1, 1), -3, (0, 0)): (0, 1)
(8, 1, 1, (1, 1, 1), -2, (0, 0)): (3, 6)
(8, 1, 1, (1, 1, 1), -1, (0, 0)): (5, 9)
(8, 1, 1, (1, 1, 1), 0, (0, 0)): (3, 6)
(8, 1, 1, (1, 1, 1), 1, (0, 0)): (5, 5)
(8, 1, 1, (1, 1, 1), 2, (0, 0)): (6, 6)
(8, 1, 1, (1, 1, 1), 3, (0, 0)): (2, 2)
(8, 1, 1, (1, 1, 1), 4, (0, 0)): (2, 2)
(8, 1, 1, (1, 1, 1), 5, (0, 0)): (2, 2)
(8, 1, 1, (1, 1, 1), 8, (0, 0)): (1, 1)
(8, 1, 1, (1, 1, 1), 10, (0, 0)): (1, 1)
(8, 1, 1, (1, 1, 1), 11, (0, 0)): (1, 1)
(8, 1, 2, (0, 0, 0), -15, (0, 0)): (0, 1)
(8, 1, 2, (0, 0, 0), -13, (0, 0)): (0, 1)
(8, 1, 2, (0, 0, 0), -11, (0, 0)): (0, 6)
(8, 1, 2, (0, 0, 0), -10, (0, 0)): (0, 1)
(8, 1, 2, (0, 0, 0), -9, (0, 0)): (0, 9)
(8, 1, 2, (0, 0, 0), -8, (0, 0)): (0, 7)
(8, 1, 2, (0, 0, 0), -7, (0, 0)): (0, 15)
(8, 1, 2, (0, 0, 0), -6, (0, 0)): (0, 12)
(8, 1, 2, (0, 0, 0), -5, (0, 0)): (0, 27)
(8, 1, 2, (0, 0, 0), -4, (0, 0)): (0, 37)
(8, 1, 2, (0, 0, 0), -3, (0, 0)): (1, 37)
(8, 1, 2, (0, 0, 0), -2, (0, 0)): (2, 34)
(8, 1, 2, (0, 0, 0), -1, (0, 0)): (5, 48)
(8, 1, 2, (0, 0, 0), 0, (0, 0)): (25, 51)
(8, 1, 2, (0, 0, 0), 1, (0, 0)): (41, 44)
(8, 1, 2, (0, 0, 0), 2, (0, 0)): (55, 60)
(8, 1, 2, (0, 0, 0), 3, (0, 0)): (45, 48)
(8, 1, 2, (0, 0, 0), 3, (1, 0)): (1, 1)
(8, 1, 2, (0, 0, 0), 3, (1, 1)): (1, 1)
(8, 1, 2, (0, 0, 0), 3, (2, 1)): (1, 1)
(8, 1, 2, (0, 0, 0), 4, (0, 0)): (31, 31)
(8, 1, 2, (0, 0, 0), 5, (0, 0)): (18, 18)
(8, 1, 2, (0, 0, 0), 6, (0, 0)): (20, 20)
(8, 1, 2, (0, 0, 0), 7, (0, 0)): (4, 4)
(8, 1, 2, (0, 0, 0), 8, (0, 0)): (13, 13)
(8, 1, 2, (0, 0, 0), 9, (0, 0)): (8, 8)
(8, 1, 2, (0, 0, 0), 10, (0, 0)): (5, 5)
(8, 1, 2, (0, 0, 0), 11, (0, 0)): (2, 2)
(8, 1, 2, (0, 0, 0), 12, (0, 0)): (7, 7)
(8, 1, 2, (0, 0, 0), 13, (0, 0)): (3, 3)
(8, 1, 2, (0, 0, 0), 15, (0, 0)): (1, 1)
(8, 1, 2, (0, 0, 0), 16, (0, 0)): (1, 1)
(8, 1, 2, (0, 0, 0), 18, (0, 0)): (1, 1)
(8, 1, 2, (0, 0, 1), -7, (0, 0)): (0, 1)
(8, 1, 2, (0, 0, 1), -6, (0, 0)): (0, 2)
(8, 1, 2, (0, 0, 1), -5, (0, 0)): (0, 2)
(8, 1, 2, (0, 0, 1), -4, (0, 0)): (0, 3)
(8, 1, 2, (0, 0, 1), -3, (0, 0)): (0, 1)
(8, 1, 2, (0, 0, 1), -2, (0, 0)): (1, 6)
(8, 1, 2, (0, 0, 1), -1, (0, 0)): (1, 6)
(8, 1, 2, (0, 0, 1), 0, (0, 0)): (6, 9)
(8, 1, 2, (0, 0, 1), 1, (0, 0)): (3, 4)
(8, 1, 2, (0, 0, 1), 2, (0, 0)): (7, 7)
(8, 1, 2, (0, 0, 1), 3, (0, 0)): (5, 5)
(8, 1, 2, (0, 0, 1), 4, (0, 0)): (7, 7)
(8, 1, 2, (0, 0, 1), 5, (0, 0)): (2, 2)
(8, 1, 2, (0, 0, 1), 6, (0, 0)): (5, 5)
(8, 1, 2, (0, 0, 1), 7, (0, 0)): (3, 3)
(8, 1, 2, (0, 0, 1), 8, (0, 0)): (2, 2)
(8, 1, 2, (0, 0, 1), 9, (0, 0)): (1, 1)
(8, 1, 2, (0, 0, 1), 14, (0, 0)): (1, 1)
(8, 1, 2, (0, 0, 1), 19, (0, 0)): (1, 1)
(8, 1, 2, (0, 1, 0), -10, (0, 0)): (0, 1)
(8, 1, 2, (0, 1, 0), -8, (0, 0)): (0, 1)
(8, 1, 2, (0, 1, 0), -7, (0, 0)): (0, 4)
(8, 1, 2, (0, 1, 0), -6, (0, 0)): (0, 2)
(8, 1, 2, (0, 1, 0), -5, (0, 0)): (0, 5)
(8, 1, 2, (0, 1, 0), -4, (0, 0)): (1, 5)
(8, 1, 2, (0, 1, 0), -3, (0, 0)): (0, 6)
(8, 1, 2, (0, 1, 0), -2, (0, 0)): (1, 12)
(8, 1, 2, (0, 1, 0), -1, (0, 0)): (10, 26)
(8, 1, 2, (0, 1, 0), 0, (0, 0)): (16, 22)
(8, 1, 2, (0, 1, 0), 1, (0, 0)): (19, 24)
(8, 1, 2, (0, 1, 0), 2, (0, 0)): (24, 24)
(8, 1, 2, (0, 1, 0), 2, (1, 0)): (1, 1)
(8, 1, 2, (0, 1, 0), 2, (2, 0)): (1, 1)
(8, 1, 2, (0, 1, 0), 3, (0, 0)): (19, 20)
(8, 1, 2, (0, 1, 0), 3, (1, 0)): (1, 1)
(8, 1, 2, (0, 1, 0), 3, (2, 0)): (1, 1)
(8, 1, 2, (0, 1, 0), 3, (3, 0)): (1, 1)
(8, 1, 2, (0, 1, 0), 4, (0, 0)): (10, 10)
(8, 1, 2, (0, 1, 0), 5, (0, 0)): (5, 5)
(8, 1, 2, (0, 1, 0), 6, (0, 0)): (6, 6)
(8, 1, 2, (0, 1, 0), 7, (0, 0)): (2, 2)
(8, 1, 2, (0, 1, 0), 8, (0, 0)): (2, 2)
(8, 1, 2, (0, 1, 0), 9, (0, 0)): (3, 3)
(8, 1, 2, (0, 1, 0), 10, (0, 0)): (4, 4)
(8, 1, 2, (0, 1, 0), 11, (0, 0)): (2, 2)
(8, 1, 2, (0, 1, 0), 12, (0, 0)): (1, 1)
(8, 1, 2, (0, 1, 1), -15, (0, 0)): (0, 1)
(8, 1, 2, (0, 1, 1), -13, (0, 0)): (0, 1)
(8, 1, 2, (0, 1, 1), -10, (0, 0)): (0, 1)
(8, 1, 2, (0, 1, 1), -7, (0, 0)): (0, 3)
(8, 1, 2, (0, 1, 1), -6, (0, 0)): (0, 1)
(8, 1, 2, (0, 1, 1), -5, (0, 0)): (0, 1)
(8, 1, 2, (0, 1, 1), -3, (0, 0)): (1, 4)
(8, 1, 2, (0, 1, 1), -2, (0, 0)): (0, 1)
(8, 1, 2, (0, 1, 1), -1, (0, 0)): (1, 2)
(8, 1, 2, (0, 1, 1), 0, (0, 0)): (3, 4)
(8, 1, 2, (0, 1, 1), 1, (0, 0)): (5, 6)
(8, 1, 2, (0, 1, 1), 2, (0, 0)): (1, 1)
(8, 1, 2, (0, 1, 1), 3, (0, 0)): (4, 4)
(8, 1, 2, (0, 1, 1), 3, (0, 1)): (1, 1)
(8, 1, 2, (0, 1, 1), 3, (0, 2)): (1, 1)
(8, 1, 2, (0, 1, 1), 3, (1, 2)): (1, 1)
(8, 1, 2, (0, 1, 1), 3, (2, 2)): (1, 1)
(8, 1, 2, (0, 1, 1), 3, (3, 2)): (1, 1)
(8, 1, 2, (0, 1, 1), 4, (0, 0)): (5, 5)
(8, 1, 2, (0, 1, 1), 5, (0, 0)): (4, 4)
(8, 1, 2, (0, 1, 1), 5, (1, 0)): (1, 1)
(8, 1, 2, (0, 1, 1), 5, (1, 1)): (1, 1)
(8, 1, 2, (0, 1, 1), 5, (2, 1)): (1, 1)
(8, 1, 2, (0, 1, 1), 5, (2, 2)): (1, 1)
(8, 1, 2, (0, 1, 1), 6, (0, 0)): (2, 2)
(8, 1, 2, (0, 1, 1), 7, (0, 0)): (1, 1)
(8, 1, 2, (0, 1, 1), 8, (0, 0)): (1, 1)
(8, 1, 2, (0, 1, 1), 9, (0, 0)): (1, 1)
(8, 1, 2, (0, 1, 1), 10, (0, 0)): (2, 2)
(8, 1, 2, (0, 1, 1), 15, (0, 0)): (1, 1)
(8, 1, 2, (1, 0, 0), -13, (0, 0)): (0, 1)
(8, 1, 2, (1, 0, 0), -12, (0, 0)): (0, 1)
(8, 1, 2, (1, 0, 0), -11, (0, 0)): (0, 2)
(8, 1, 2, (1, 0, 0), -10, (0, 0)): (0, 1)
(8, 1, 2, (1, 0, 0), -9, (0, 0)): (0, 5)
(8, 1, 2, (1, 0, 0), -8, (0, 0)): (0, 7)
(8, 1, 2, (1, 0, 0), -7, (0, 0)): (0, 9)
(8, 1, 2, (1, 0, 0), -6, (0, 0)): (0, 10)
(8, 1, 2, (1, 0, 0), -5, (0, 0)): (0, 22)
(8, 1, 2, (1, 0, 0), -4, (0, 0)): (1, 21)
(8, 1, 2, (1, 0, 0), -3, (0, 0)): (0, 24)
(8, 1, 2, (1, 0, 0), -2, (0, 0)): (2, 25)
(8, 1, 2, (1, 0, 0), -1, (0, 0)): (8, 25)
(8, 1, 2, (1, 0, 0), 0, (0, 0)): (21, 33)
(8, 1, 2, (1, 0, 0), 1, (0, 0)): (30, 33)
(8, 1, 2, (1, 0, 0), 2, (0, 0)): (36, 38)
(8, 1, 2, (1, 0, 0), 3, (0, 0)): (34, 34)
(8, 1, 2, (1, 0, 0), 3, (1, 0)): (1, 1)
(8, 1, 2, (1, 0, 0), 4, (0, 0)): (23, 23)
(8, 1, 2, (1, 0, 0), 5, (0, 0)): (13, 14)
(8, 1, 2, (1, 0, 0), 6, (0, 0)): (17, 17)
(8, 1, 2, (1, 0, 0), 7, (0, 0)): (11, 11)
(8, 1, 2, (1, 0, 0), 8, (0, 0)): (2, 2)
(8, 1, 2, (1, 0, 0), 9, (0, 0)): (5, 5)
(8, 1, 2, (1, 0, 0), 10, (0, 0)): (2, 2)
(8, 1, 2, (1, 0, 0), 11, (0, 0)): (3, 3)
(8, 1, 2, (1, 0, 0), 12, (0, 0)): (5, 5)
(8, 1, 2, (1, 0, 0), 13, (0, 0)): (2, 2)
(8, 1, 2, (1, 0, 0), 15, (0, 0)): (1, 1)
(8, 1, 2, (1, 0, 0), 20, (0, 0)): (1, 1)
(8, 1, 2, (1, 0, 1), -10, (0, 0)): (0, 1)
(8, 1, 2, (1, 0, 1), -7, (0, 0)): (0, 2)
(8, 1, 2, (1, 0, 1), -6, (0, 0)): (0, 5)
(8, 1, 2, (1, 0, 1), -4, (0, 0)): (2, 4)
(8, 1, 2, (1, 0, 1), -3, (0, 0)): (2, 5)
(8, 1, 2, (1, 0, 1), -2, (0, 0)): (1, 3)
(8, 1, 2, (1, 0, 1), -1, (0, 0)): (2, 7)
(8, 1, 2, (1, 0, 1), 0, (0, 0)): (6, 9)
(8, 1, 2, (1, 0, 1), 1, (0, 0)): (3, 3)
(8, 1, 2, (1, 0, 1), 1, (1, 0)): (1, 1)
(8, 1, 2, (1, 0, 1), 1, (2, 0)): (1, 1)
(8, 1, 2, (1, 0, 1), 2, (0, 0)): (6, 7)
(8, 1, 2, (1, 0, 1), 3, (0, 0)): (9, 9)
(8, 1, 2, (1, 0, 1), 3, (0, 1)): (1, 1)
(8, 1, 2, (1, 0, 1), 3, (0, 2)): (1, 1)
(8, 1, 2, (1, 0, 1), 3, (1, 2)): (1, 1)
(8, 1, 2, (1, 0, 1), 3, (2, 2)): (1, 1)
(8, 1, 2, (1, 0, 1), 3, (3, 2)): (1, 1)
(8, 1, 2, (1, 0, 1), 4, (0, 0)): (7, 7)
(8, 1, 2, (1, 0, 1), 5, (0, 0)): (3, 3)
(8, 1, 2, (1, 0, 1), 6, (0, 0)): (5, 5)
(8, 1, 2, (1, 0, 1), 7, (0, 0)): (2, 2)
(8, 1, 2, (1, 0, 1), 8, (0, 0)): (2, 2)
(8, 1, 2, (1, 0, 1), 9, (0, 0)): (1, 1)
(8, 1, 2, (1, 0, 1), 11, (0, 0)): (1, 1)
(8, 1, 2, (1, 0, 1), 16, (0, 0)): (1, 1)
(8, 1, 2, (1, 0, 1), 17, (0, 0)): (1, 1)
(8, 1, 2, (1, 1, 0), -10, (0, 0)): (0, 1)
(8, 1, 2, (1, 1, 0), -9, (0, 0)): (0, 3)
(8, 1, 2, (1, 1, 0), -8, (0, 0)): (0, 1)
(8, 1, 2, (1, 1, 0), -7, (0, 0)): (0, 1)
(8, 1, 2, (1, 1, 0), -6, (0, 0)): (0, 7)
(8, 1, 2, (1, 1, 0), -5, (0, 0)): (0, 10)
(8, 1, 2, (1, 1, 0), -4, (0, 0)): (0, 14)
(8, 1, 2, (1, 1, 0), -3, (0, 0)): (0, 12)
(8, 1, 2, (1, 1, 0), -2, (0, 0)): (1, 15)
(8, 1, 2, (1, 1, 0), -1, (0, 0)): (2, 13)
(8, 1, 2, (1, 1, 0), 0, (0, 0)): (16, 26)
(8, 1, 2, (1, 1, 0), 1, (0, 0)): (18, 22)
(8, 1, 2, (1, 1, 0), 2, (0, 0)): (18, 19)
(8, 1, 2, (1, 1, 0), 3, (0, 0)): (16, 16)
(8, 1, 2, (1, 1, 0), 3, (0, 1)): (1, 1)
(8, 1, 2, (1, 1, 0), 3, (0, 2)): (1, 1)
(8, 1, 2, (1, 1, 0), 3, (1, 2)): (1, 1)
(8, 1, 2, (1, 1, 0), 3, (2, 2)): (1, 1)
(8, 1, 2, (1, 1, 0), 4, (0, 0)): (8, 8)
(8, 1, 2, (1, 1, 0), 5, (0, 0)): (9, 10)
(8, 1, 2, (1, 1, 0), 6, (0, 0)): (1, 1)
(8, 1, 2, (1, 1, 0), 7, (0, 0)): (7, 7)
(8, 1, 2, (1, 1, 0), 8, (0, 0)): (3, 3)
(8, 1, 2, (1, 1, 0), 9, (0, 0)): (5, 5)
(8, 1, 2, (1, 1, 0), 10, (0, 0)): (2, 2)
(8, 1, 2, (1, 1, 0), 11, (0, 0)): (1, 1)
(8, 1, 2, (1, 1, 0), 12, (0, 0)): (2, 2)
(8, 1, 2, (1, 1, 0), 13, (0, 0)): (2, 2)
(8, 1, 2, (1, 1, 1), -9, (0, 0)): (0, 1)
(8, 1, 2, (1, 1, 1), -6, (0, 0)): (0, 3)
(8, 1, 2, (1, 1, 1), -5, (0, 0)): (0, 2)
(8, 1, 2, (1, 1, 1), -4, (0, 0)): (0, 2)
(8, 1, 2, (1, 1, 1), -3, (0, 0)): (0, 3)
(8, 1, 2, (1, 1, 1), -2, (0, 0)): (1, 5)
(8, 1, 2, (1, 1, 1), -1, (0, 0)): (3, 8)
(8, 1, 2, (1, 1, 1), 0, (0, 0)): (5, 8)
(8, 1, 2, (1, 1, 1), 1, (0, 0)): (6, 7)
(8, 1, 2, (1, 1, 1), 2, (0, 0)): (3, 3)
(8, 1, 2, (1, 1, 1), 3, (0, 0)): (7, 7)
(8, 1, 2, (1, 1, 1), 3, (1, 0)): (1, 1)
(8, 1, 2, (1, 1, 1), 4, (0, 0)): (5, 5)
(8, 1, 2, (1, 1, 1), 5, (0, 0)): (3, 3)
(8, 1, 2, (1, 1, 1), 6, (0, 0)): (1, 1)
(8, 1, 2, (1, 1, 1), 7, (0, 0)): (1, 1)
(8, 1, 2, (1, 1, 1), 8, (0, 0)): (1, 1)
(8, 1, 2, (1, 1, 1), 13, (0, 0)): (1, 1)
(9, 0, 0, (0, 0, 0), -20, (0, 0)): (0, 1)
(9, 0, 0, (0, 0, 0), -18, (0, 0)): (0, 1)
(9, 0, 0, (0, 0, 0), -16, (0, 0)): (0, 1)
(9, 0, 0, (0, 0, 0), -15, (0, 0)): (0, 2)
(9, 0, 0, (0, 0, 0), -14, (0, 0)): (0, 1)
(9, 0, 0, (0, 0, 0), -13, (0, 0)): (0, 5)
(9, 0, 0, (0, 0, 0), -12, (0, 0)): (0, 11)
(9, 0, 0, (0, 0, 0), -11, (0, 0)): (0, 7)
(9, 0, 0, (0, 0, 0), -10, (0, 0)): (0, 11)
(9, 0, 0, (0, 0, 0), -9, (0, 0)): (0, 13)
(9, 0, 0, (0, 0, 0), -8, (0, 0)): (0, 19)
(9, 0, 0, (0, 0, 0), -7, (0, 0)): (0, 23)
(9, 0, 0, (0, 0, 0), -6, (0, 0)): (0, 41)
(9, 0, 0, (0, 0, 0), -5, (0, 0)): (1, 44)
(9, 0, 0, (0, 0, 0), -5, (1, 0)): (0, 1)
(9, 0, 0, (0, 0, 0), -5, (1, 1)): (0, 1)
(9, 0, 0, (0, 0, 0), -5, (1, 2)): (0, 1)
(9, 0, 0, (0, 0, 0), -5, (2, 2)): (0, 1)
(9, 0, 0, (0, 0, 0), -4, (0, 0)): (0, 67)
(9, 0, 0, (0, 0, 0), -3, (0, 0)): (4, 100)
(9, 0, 0, (0, 0, 0), -2, (0, 0)): (7, 110)
(9, 0, 0, (0, 0, 0), -1, (0, 0)): (13, 99)
(9, 0, 0, (0, 0, 0), 0, (0, 0)): (56, 105)
(9, 0, 0, (0, 0, 0), 1, (0, 0)): (93, 105)
(9, 0, 0, (0, 0, 0), 2, (0, 0)): (62, 66)
(9, 0, 0, (0, 0, 0), 2, (1, 0)): (1, 1)
(9, 0, 0, (0, 0, 0), 3, (0, 0)): (59, 60)
(9, 0, 0, (0, 0, 0), 3, (1, 0)): (1, 1)
(9, 0, 0, (0, 0, 0), 3, (1, 1)): (1, 1)
(9, 0, 0, (0, 0, 0), 3, (2, 1)): (1, 1)
(9, 0, 0, (0, 0, 0), 3, (2, 2)): (1, 1)
(9, 0, 0, (0, 0, 0), 3, (3, 2)): (1, 1)
(9, 0, 0, (0, 0, 0), 4, (0, 0)): (63, 63)
(9, 0, 0, (0, 0, 0), 5, (0, 0)): (53, 53)
(9, 0, 0, (0, 0, 0), 6, (0, 0)): (31, 31)
(9, 0, 0, (0, 0, 0), 7, (0, 0)): (28, 28)
(9, 0, 0, (0, 0, 0), 8, (0, 0)): (14, 14)
(9, 0, 0, (0, 0, 0), 9, (0, 0)): (13, 13)
(9, 0, 0, (0, 0, 0), 10, (0, 0)): (5, 5)
(9, 0, 0, (0, 0, 0), 11, (0, 0)): (6, 6)
(9, 0, 0, (0, 0, 0), 12, (0, 0)): (2, 2)
(9, 0, 0, (0, 0, 0), 13, (0, 0)): (2, 2)
(9, 0, 0, (0, 0, 0), 15, (0, 0)): (2, 2)
(9, 0, 0, (0, 0, 1), -3, (0, 0)): (0, 2)
(9, 0, 0, (0, 0, 1), -2, (0, 0)): (0, 1)
(9, 0, 0, (0, 0, 1), -1, (0, 0)): (1, 1)
(9, 0, 0, (0, 0, 1), 0, (0, 0)): (2, 2)
(9, 0, 0, (0, 0, 1), 1, (0, 0)): (0, 1)
(9, 0, 0, (0, 0, 1), 3, (0, 0)): (1, 1)
(9, 0, 0, (0, 0, 1), 4, (0, 0)): (3, 3)
(9, 0, 0, (0, 0, 1), 5, (0, 0)): (1, 1)
(9, 0, 0, (0, 0, 1), 6, (0, 0)): (2, 2)
(9, 0, 0, (0, 0, 1), 10, (0, 0)): (1, 1)
(9, 0, 0, (0, 1, 0), -15, (0, 0)): (0, 2)
(9, 0, 0, (0, 1, 0), -13, (0, 0)): (0, 1)
(9, 0, 0, (0, 1, 0), -12, (0, 0)): (0, 1)
(9, 0, 0, (0, 1, 0), -11, (0, 0)): (0, 2)
(9, 0, 0, (0, 1, 0), -9, (0, 0)): (0, 1)
(9, 0, 0, (0, 1, 0), -7, (0, 0)): (0, 2)
(9, 0, 0, (0, 1, 0), -6, (0, 0)): (0, 4)
(9, 0, 0, (0, 1, 0), -5, (0, 0)): (0, 2)
(9, 0, 0, (0, 1, 0), -4, (0, 0)): (0, 3)
(9, 0, 0, (0, 1, 0), -3, (0, 0)): (0, 5)
(9, 0, 0, (0, 1, 0), -2, (0, 0)): (1, 7)
(9, 0, 0, (0, 1, 0), -1, (0, 0)): (2, 5)
(9, 0, 0, (0, 1, 0), 0, (0, 0)): (5, 6)
(9, 0, 0, (0, 1, 0), 1, (0, 0)): (2, 2)
(9, 0, 0, (0, 1, 0), 2, (0, 0)): (3, 3)
(9, 0, 0, (0, 1, 0), 3, (0, 0)): (3, 3)
(9, 0, 0, (0, 1, 0), 4, (0, 0)): (1, 1)
(9, 0, 0, (0, 1, 0), 5, (0, 0)): (6, 6)
(9, 0, 0, (0, 1, 0), 6, (0, 0)): (1, 1)
(9, 0, 0, (0, 1, 0), 7, (0, 0)): (2, 2)
(9, 0, 0, (0, 1, 0), 8, (0, 0)): (1, 1)
(9, 0, 0, (0, 1, 0), 9, (0, 0)): (1, 1)
(9, 0, 0, (0, 1, 0), 11, (0, 0)): (1, 1)
(9, 0, 0, (0, 1, 1), -10, (0, 0)): (0, 1)
(9, 0, 0, (0, 1, 1), -4, (0, 0)): (0, 1)
(9, 0, 0, (0, 1, 1), -3, (0, 0)): (0, 1)
(9, 0, 0, (0, 1, 1), -1, (0, 0)): (1, 2)
(9, 0, 0, (0, 1, 1), 0, (0, 0)): (1, 1)
(9, 0, 0, (0, 1, 1), 1, (0, 0)): (3, 3)
(9, 0, 0, (0, 1, 1), 4, (0, 0)): (1, 1)
(9, 0, 0, (0, 1, 1), 5, (0, 0)): (2, 2)
(9, 0, 0, (0, 1, 1), 6, (0, 0)): (1, 1)
(9, 0, 0, (1, 0, 0), -13, (0, 0)): (0, 1)
(9, 0, 0, (1, 0, 0), -12, (0, 0)): (0, 1)
(9, 0, 0, (1, 0, 0), -11, (0, 0)): (0, 2)
(9, 0, 0, (1, 0, 0), -10, (0, 0)): (0, 3)
(9, 0, 0, (1, 0, 0), -9, (0, 0)): (0, 4)
(9, 0, 0, (1, 0, 0), -8, (0, 0)): (0, 9)
(9, 0, 0, (1, 0, 0), -7, (0, 0)): (0, 7)
(9, 0, 0, (1, 0, 0), -6, (0, 0)): (0, 12)
(9, 0, 0, (1, 0, 0), -5, (0, 0)): (1, 15)
(9, 0, 0, (1, 0, 0), -4, (0, 0)): (0, 21)
(9, 0, 0, (1, 0, 0), -3, (0, 0)): (4, 31)
(9, 0, 0, (1, 0, 0), -2, (0, 0)): (4, 28)
(9, 0, 0, (1, 0, 0), -1, (0, 0)): (8, 32)
(9, 0, 0, (1, 0, 0), 0, (0, 0)): (13, 20)
(9, 0, 0, (1, 0, 0), 1, (0, 0)): (29, 33)
(9, 0, 0, (1, 0, 0), 2, (0, 0)): (16, 18)
(9, 0, 0, (1, 0, 0), 3, (0, 0)): (15, 15)
(9, 0, 0, (1, 0, 0), 4, (0, 0)): (13, 13)
(9, 0, 0, (1, 0, 0), 5, (0, 0)): (17, 17)
(9, 0, 0, (1, 0, 0), 6, (0, 0)): (6, 6)
(9, 0, 0, (1, 0, 0), 7, (0, 0)): (9, 9)
(9, 0, 0, (1, 0, 0), 8, (0, 0)): (4, 4)
(9, 0, 0, (1, 0, 0), 9, (0, 0)): (3, 3)
(9, 0, 0, (1, 0, 0), 10, (0, 0)): (3, 3)
(9, 0, 0, (1, 0, 0), 13, (0, 0)): (2, 2)
(9, 0, 0, (1, 0, 0), 15, (0, 0)): (1, 1)
(9, 0, 0, (1, 0, 1), -11, (0, 0)): (0, 1)
(9, 0, 0, (1, 0, 1), -9, (0, 0)): (0, 2)
(9, 0, 0, (1, 0, 1), -8, (0, 0)): (0, 2)
(9, 0, 0, (1, 0, 1), -6, (0, 0)): (0, 1)
(9, 0, 0, (1, 0, 1), -4, (0, 0)): (0, 2)
(9, 0, 0, (1, 0, 1), -3, (0, 0)): (0, 3)
(9, 0, 0, (1, 0, 1), -2, (0, 0)): (1, 4)
(9, 0, 0, (1, 0, 1), -1, (0, 0)): (0, 1)
(9, 0, 0, (1, 0, 1), 0, (0, 0)): (1, 1)
(9, 0, 0, (1, 0, 1), 1, (0, 0)): (3, 3)
(9, 0, 0, (1, 0, 1), 2, (0, 0)): (1, 1)
(9, 0, 0, (1, 0, 1), 3, (0, 0)): (2, 2)
(9, 0, 0, (1, 0, 1), 4, (0, 0)): (2, 2)
(9, 0, 0, (1, 0, 1), 5, (0, 0)): (4, 4)
(9, 0, 0, (1, 0, 1), 6, (0, 0)): (3, 3)
(9, 0, 0, (1, 0, 1), 7, (0, 0)): (1, 1)
(9, 0, 0, (1, 0, 1), 15, (0, 0)): (1, 1)
(9, 0, 0, (1, 1, 0), -15, (0, 0)): (0, 1)
(9, 0, 0, (1, 1, 0), -11, (0, 0)): (0, 1)
(9, 0, 0, (1, 1, 0), -10, (0, 0)): (0, 2)
(9, 0, 0, (1, 1, 0), -8, (0, 0)): (0, 2)
(9, 0, 0, (1, 1, 0), -7, (0, 0)): (0, 5)
(9, 0, 0, (1, 1, 0), -6, (0, 0)): (0, 4)
(9, 0, 0, (1, 1, 0), -5, (0, 0)): (1, 5)
(9, 0, 0, (1, 1, 0), -4, (0, 0)): (0, 4)
(9, 0, 0, (1, 1, 0), -3, (0, 0)): (2, 9)
(9, 0, 0, (1, 1, 0), -2, (0, 0)): (2, 12)
(9, 0, 0, (1, 1, 0), -1, (0, 0)): (3, 5)
(9, 0, 0, (1, 1, 0), 0, (0, 0)): (3, 4)
(9, 0, 0, (1, 1, 0), 1, (0, 0)): (1, 1)
(9, 0, 0, (1, 1, 0), 2, (0, 0)): (4, 4)
(9, 0, 0, (1, 1, 0), 3, (0, 0)): (1, 1)
(9, 0, 0, (1, 1, 0), 4, (0, 0)): (3, 3)
(9, 0, 0, (1, 1, 0), 5, (0, 0)): (5, 5)
(9, 0, 0, (1, 1, 0), 7, (0, 0)): (3, 3)
(9, 0, 0, (1, 1, 0), 8, (0, 0)): (1, 1)
(9, 0, 0, (1, 1, 0), 13, (0, 0)): (1, 1)
(9, 0, 0, (1, 1, 1), -6, (0, 0)): (0, 2)
(9, 0, 0, (1, 1, 1), -5, (0, 0)): (1, 1)
(9, 0, 0, (1, 1, 1), -2, (0, 0)): (0, 3)
(9, 0, 0, (1, 1, 1), 0, (0, 0)): (2, 2)
(9, 0, 0, (1, 1, 1), 1, (0, 0)): (1, 1)
(9, 0, 0, (1, 1, 1), 4, (0, 0)): (1, 1)
(9, 0, 0, (1, 1, 1), 5, (0, 0)): (1, 1)
(9, 0, 0, (1, 1, 1), 13, (0, 0)): (1, 1)
(9, 0, 1, (0, 0, 0), -20, (0, 0)): (0, 1)
(9, 0, 1, (0, 0, 0), -18, (0, 0)): (0, 1)
(9, 0, 1, (0, 0, 0), -16, (0, 0)): (0, 1)
(9, 0, 1, (0, 0, 0), -14, (0, 0)): (0, 1)
(9, 0, 1, (0, 0, 0), -13, (0, 0)): (0, 3)
(9, 0, 1, (0, 0, 0), -12, (0, 0)): (0, 9)
(9, 0, 1, (0, 0, 0), -11, (0, 0)): (0, 4)
(9, 0, 1, (0, 0, 0), -10, (0, 0)): (0, 7)
(9, 0, 1, (0, 0, 0), -9, (0, 0)): (0, 8)
(9, 0, 1, (0, 0, 0), -8, (0, 0)): (0, 10)
(9, 0, 1, (0, 0, 0), -7, (0, 0)): (0, 15)
(9, 0, 1, (0, 0, 0), -6, (0, 0)): (0, 26)
(9, 0, 1, (0, 0, 0), -5, (0, 0)): (0, 27)
(9, 0, 1, (0, 0, 0), -4, (0, 0)): (0, 45)
(9, 0, 1, (0, 0, 0), -3, (0, 0)): (0, 64)
(9, 0, 1, (0, 0, 0), -3, (1, 0)): (0, 1)
(9, 0, 1, (0, 0, 0), -3, (2, 0)): (0, 1)
(9, 0, 1, (0, 0, 0), -3, (3, 0)): (0, 1)
(9, 0, 1, (0, 0, 0), -3, (3, 1)): (0, 1)
(9, 0, 1, (0, 0, 0), -3, (3, 2)): (0, 1)
(9, 0, 1, (0, 0, 0), -2, (0, 0)): (2, 78)
(9, 0, 1, (0, 0, 0), -1, (0, 0)): (3, 70)
(9, 0, 1, (0, 0, 0), 0, (0, 0)): (37, 78)
(9, 0, 1, (0, 0, 0), 1, (0, 0)): (72, 80)
(9, 0, 1, (0, 0, 0), 2, (0, 0)): (46, 49)
(9, 0, 1, (0, 0, 0), 3, (0, 0)): (45, 46)
(9, 0, 1, (0, 0, 0), 3, (1, 0)): (1, 1)
(9, 0, 1, (0, 0, 0), 3, (1, 1)): (1, 1)
(9, 0, 1, (0, 0, 0), 3, (2, 1)): (1, 1)
(9, 0, 1, (0, 0, 0), 4, (0, 0)): (46, 46)
(9, 0, 1, (0, 0, 0), 5, (0, 0)): (32, 32)
(9, 0, 1, (0, 0, 0), 6, (0, 0)): (22, 22)
(9, 0, 1, (0, 0, 0), 7, (0, 0)): (20, 20)
(9, 0, 1, (0, 0, 0), 8, (0, 0)): (10, 10)
(9, 0, 1, (0, 0, 0), 9, (0, 0)): (8, 8)
(9, 0, 1, (0, 0, 0), 10, (0, 0)): (2, 2)
(9, 0, 1, (0, 0, 0), 11, (0, 0)): (5, 5)
(9, 0, 1, (0, 0, 0), 12, (0, 0)): (2, 2)
(9, 0, 1, (0, 0, 0), 15, (0, 0)): (1, 1)
(9, 0, 1, (0, 0, 1), -13, (0, 0)): (0, 1)
(9, 0, 1, (0, 0, 1), -10, (0, 0)): (0, 1)
(9, 0, 1, (0, 0, 1), -9, (0, 0)): (0, 1)
(9, 0, 1, (0, 0, 1), -8, (0, 0)): (0, 1)
(9, 0, 1, (0, 0, 1), -7, (0, 0)): (0, 1)
(9, 0, 1, (0, 0, 1), -5, (0, 0)): (0, 1)
(9, 0, 1, (0, 0, 1), -4, (0, 0)): (0, 1)
(9, 0, 1, (0, 0, 1), -3, (0, 0)): (0, 1)
(9, 0, 1, (0, 0, 1), -2, (0, 0)): (0, 2)
(9, 0, 1, (0, 0, 1), -1, (0, 0)): (2, 2)
(9, 0, 1, (0, 0, 1), 0, (0, 0)): (3, 4)
(9, 0, 1, (0, 0, 1), 1, (0, 0)): (5, 5)
(9, 0, 1, (0, 0, 1), 2, (0, 0)): (3, 4)
(9, 0, 1, (0, 0, 1), 3, (0, 0)): (2, 2)
(9, 0, 1, (0, 0, 1), 4, (0, 0)): (1, 1)
(9, 0, 1, (0, 0, 1), 5, (0, 0)): (4, 4)
(9, 0, 1, (0, 0, 1), 6, (0, 0)): (3, 3)
(9, 0, 1, (0, 0, 1), 7, (0, 0)): (2, 2)
(9, 0, 1, (0, 0, 1), 9, (0, 0)): (1, 1)
(9, 0, 1, (0, 1, 0), -11, (0, 0)): (0, 3)
(9, 0, 1, (0, 1, 0), -9, (0, 0)): (0, 2)
(9, 0, 1, (0, 1, 0), -8, (0, 0)): (0, 1)
(9, 0, 1, (0, 1, 0), -7, (0, 0)): (0, 2)
(9, 0, 1, (0, 1, 0), -6, (0, 0)): (0, 5)
(9, 0, 1, (0, 1, 0), -5, (0, 0)): (0, 2)
(9, 0, 1, (0, 1, 0), -4, (0, 0)): (0, 5)
(9, 0, 1, (0, 1, 0), -3, (0, 0)): (1, 8)
(9, 0, 1, (0, 1, 0), -2, (0, 0)): (0, 12)
(9, 0, 1, (0, 1, 0), -1, (0, 0)): (4, 16)
(9, 0, 1, (0, 1, 0), 0, (0, 0)): (10, 19)
(9, 0, 1, (0, 1, 0), 1, (0, 0)): (20, 23)
(9, 0, 1, (0, 1, 0), 2, (0, 0)): (9, 11)
(9, 0, 1, (0, 1, 0), 3, (0, 0)): (5, 5)
(9, 0, 1, (0, 1, 0), 4, (0, 0)): (5, 5)
(9, 0, 1, (0, 1, 0), 5, (0, 0)): (7, 7)
(9, 0, 1, (0, 1, 0), 6, (0, 0)): (10, 10)
(9, 0, 1, (0, 1, 0), 7, (0, 0)): (4, 4)
(9, 0, 1, (0, 1, 0), 8, (0, 0)): (2, 2)
(9, 0, 1, (0, 1, 0), 9, (0, 0)): (1, 1)
(9, 0, 1, (0, 1, 0), 11, (0, 0)): (1, 1)
(9, 0, 1, (0, 1, 0), 16, (0, 0)): (1, 1)
(9, 0, 1, (0, 1, 1), -10, (0, 0)): (0, 2)
(9, 0, 1, (0, 1, 1), -8, (0, 0)): (0, 2)
(9, 0, 1, (0, 1, 1), -7, (0, 0)): (0, 2)
(9, 0, 1, (0, 1, 1), -6, (0, 0)): (0, 1)
(9, 0, 1, (0, 1, 1), -5, (0, 0)): (0, 2)
(9, 0, 1, (0, 1, 1), -4, (0, 0)): (0, 4)
(9, 0, 1, (0, 1, 1), -3, (0, 0)): (0, 4)
(9, 0, 1, (0, 1, 1), -2, (0, 0)): (1, 5)
(9, 0, 1, (0, 1, 1), -1, (0, 0)): (3, 4)
(9, 0, 1, (0, 1, 1), 0, (0, 0)): (2, 4)
(9, 0, 1, (0, 1, 1), 1, (0, 0)): (2, 2)
(9, 0, 1, (0, 1, 1), 2, (0, 0)): (6, 6)
(9, 0, 1, (0, 1, 1), 3, (0, 0)): (1, 1)
(9, 0, 1, (0, 1, 1), 4, (0, 0)): (2, 2)
(9, 0, 1, (0, 1, 1), 5, (0, 0)): (3, 3)
(9, 0, 1, (0, 1, 1), 7, (0, 0)): (3, 3)
(9, 0, 1, (0, 1, 1), 8, (0, 0)): (1, 1)
(9, 0, 1, (0, 1, 1), 9, (0, 0)): (1, 1)
(9, 0, 1, (0, 1, 1), 10, (0, 0)): (1, 1)
(9, 0, 1, (1, 0, 0), -13, (0, 0)): (0, 1)
(9, 0, 1, (1, 0, 0), -12, (0, 0)): (0, 4)
(9, 0, 1, (1, 0, 0), -10, (0, 0)): (0, 5)
(9, 0, 1, (1, 0, 0), -9, (0, 0)): (0, 3)
(9, 0, 1, (1, 0, 0), -8, (0, 0)): (0, 10)
(9, 0, 1, (1, 0, 0), -7, (0, 0)): (0, 6)
(9, 0, 1, (1, 0, 0), -6, (0, 0)): (0, 15)
(9, 0, 1, (1, 0, 0), -5, (0, 0)): (0, 17)
(9, 0, 1, (1, 0, 0), -5, (1, 0)): (0, 1)
(9, 0, 1, (1, 0, 0), -5, (1, 1)): (0, 1)
(9, 0, 1, (1, 0, 0), -4, (0, 0)): (0, 27)
(9, 0, 1, (1, 0, 0), -3, (0, 0)): (1, 32)
(9, 0, 1, (1, 0, 0), -2, (0, 0)): (1, 35)
(9, 0, 1, (1, 0, 0), -1, (0, 0)): (5, 33)
(9, 0, 1, (1, 0, 0), 0, (0, 0)): (13, 23)
(9, 0, 1, (1, 0, 0), 1, (0, 0)): (30, 34)
(9, 0, 1, (1, 0, 0), 2, (0, 0)): (31, 31)
(9, 0, 1, (1, 0, 0), 3, (0, 0)): (16, 16)
(9, 0, 1, (1, 0, 0), 4, (0, 0)): (21, 21)
(9, 0, 1, (1, 0, 0), 5, (0, 0)): (18, 18)
(9, 0, 1, (1, 0, 0), 6, (0, 0)): (9, 9)
(9, 0, 1, (1, 0, 0), 7, (0, 0)): (13, 13)
(9, 0, 1, (1, 0, 0), 8, (0, 0)): (4, 4)
(9, 0, 1, (1, 0, 0), 9, (0, 0)): (6, 6)
(9, 0, 1, (1, 0, 0), 10, (0, 0)): (4, 4)
(9, 0, 1, (1, 0, 0), 11, (0, 0)): (2, 2)
(9, 0, 1, (1, 0, 0), 12, (0, 0)): (1, 1)
(9, 0, 1, (1, 0, 0), 13, (0, 0)): (1, 1)
(9, 0, 1, (1, 0, 1), -11, (0, 0)): (0, 1)
(9, 0, 1, (1, 0, 1), -9, (0, 0)): (0, 1)
(9, 0, 1, (1, 0, 1), -8, (0, 0)): (0, 1)
(9, 0, 1, (1, 0, 1), -7, (0, 0)): (0, 1)
(9, 0, 1, (1, 0, 1), -6, (0, 0)): (0, 2)
(9, 0, 1, (1, 0, 1), -5, (0, 0)): (0, 5)
(9, 0, 1, (1, 0, 1), -4, (0, 0)): (0, 5)
(9, 0, 1, (1, 0, 1), -3, (0, 0)): (1, 4)
(9, 0, 1, (1, 0, 1), -2, (0, 0)): (1, 5)
(9, 0, 1, (1, 0, 1), -1, (0, 0)): (2, 5)
(9, 0, 1, (1, 0, 1), 0, (0, 0)): (2, 4)
(9, 0, 1, (1, 0, 1), 1, (0, 0)): (3, 3)
(9, 0, 1, (1, 0, 1), 2, (0, 0)): (4, 4)
(9, 0, 1, (1, 0, 1), 3, (0, 0)): (6, 6)
(9, 0, 1, (1, 0, 1), 4, (0, 0)): (4, 4)
(9, 0, 1, (1, 0, 1), 5, (0, 0)): (3, 3)
(9, 0, 1, (1, 0, 1), 6, (0, 0)): (1, 1)
(9, 0, 1, (1, 0, 1), 7, (0, 0)): (1, 1)
(9, 0, 1, (1, 0, 1), 9, (0, 0)): (1, 1)
(9, 0, 1, (1, 0, 1), 10, (0, 0)): (1, 1)
(9, 0, 1, (1, 1, 0), -15, (0, 0)): (0, 1)
(9, 0, 1, (1, 1, 0), -12, (0, 0)): (0, 2)
(9, 0, 1, (1, 1, 0), -11, (0, 0)): (0, 1)
(9, 0, 1, (1, 1, 0), -10, (0, 0)): (0, 3)
(9, 0, 1, (1, 1, 0), -9, (0, 0)): (0, 3)
(9, 0, 1, (1, 1, 0), -8, (0, 0)): (0, 4)
(9, 0, 1, (1, 1, 0), -7, (0, 0)): (0, 7)
(9, 0, 1, (1, 1, 0), -6, (0, 0)): (0, 7)
(9, 0, 1, (1, 1, 0), -5, (0, 0)): (0, 3)
(9, 0, 1, (1, 1, 0), -4, (0, 0)): (1, 11)
(9, 0, 1, (1, 1, 0), -3, (0, 0)): (2, 11)
(9, 0, 1, (1, 1, 0), -2, (0, 0)): (2, 12)
(9, 0, 1, (1, 1, 0), -1, (0, 0)): (6, 13)
(9, 0, 1, (1, 1, 0), 0, (0, 0)): (10, 14)
(9, 0, 1, (1, 1, 0), 1, (0, 0)): (9, 12)
(9, 0, 1, (1, 1, 0), 2, (0, 0)): (12, 12)
(9, 0, 1, (1, 1, 0), 3, (0, 0)): (7, 7)
(9, 0, 1, (1, 1, 0), 4, (0, 0)): (9, 9)
(9, 0, 1, (1, 1, 0), 5, (0, 0)): (7, 7)
(9, 0, 1, (1, 1, 0), 6, (0, 0)): (7, 7)
(9, 0, 1, (1, 1, 0), 7, (0, 0)): (5, 5)
(9, 0, 1, (1, 1, 0), 8, (0, 0)): (2, 2)
(9, 0, 1, (1, 1, 0), 9, (0, 0)): (1, 1)
(9, 0, 1, (1, 1, 0), 10, (0, 0)): (1, 1)
(9, 0, 1, (1, 1, 0), 12, (0, 0)): (1, 1)
(9, 0, 1, (1, 1, 0), 13, (0, 0)): (1, 1)
(9, 0, 1, (1, 1, 0), 14, (0, 0)): (1, 1)
(9, 0, 1, (1, 1, 1), -10, (0, 0)): (0, 1)
(9, 0, 1, (1, 1, 1), -8, (0, 0)): (0, 1)
(9, 0, 1, (1, 1, 1), -7, (0, 0)): (0, 2)
(9, 0, 1, (1, 1, 1), -6, (0, 0)): (0, 1)
(9, 0, 1, (1, 1, 1), -5, (0, 0)): (0, 1)
(9, 0, 1, (1, 1, 1), -4, (0, 0)): (1, 3)
(9, 0, 1, (1, 1, 1), -3, (0, 0)): (1, 2)
(9, 0, 1, (1, 1, 1), -3, (0, 1)): (1, 1)
(9, 0, 1, (1, 1, 1), -2, (0, 0)): (0, 3)
(9, 0, 1, (1, 1, 1), -1, (0, 0)): (4, 5)
(9, 0, 1, (1, 1, 1), 0, (0, 0)): (6, 8)
(9, 0, 1, (1, 1, 1), 1, (0, 0)): (7, 7)
(9, 0, 1, (1, 1, 1), 2, (0, 0)): (6, 6)
(9, 0, 1, (1, 1, 1), 3, (0, 0)): (3, 3)
(9, 0, 1, (1, 1, 1), 4, (0, 0)): (2, 2)
(9, 0, 1, (1, 1, 1), 5, (0, 0)): (3, 3)
(9, 0, 1, (1, 1, 1), 6, (0, 0)): (1, 1)
(9, 0, 1, (1, 1, 1), 7, (0, 0)): (3, 3)
(9, 0, 1, (1, 1, 1), 8, (0, 0)): (1, 1)
(9, 0, 1, (1, 1, 1), 9, (0, 0)): (1, 1)
(9, 0, 1, (1, 1, 1), 10, (0, 0)): (2, 2)
(9, 0, 1, (1, 1, 1), 12, (0, 0)): (1, 1)
(9, 0, 1, (1, 1, 1), 14, (0, 0)): (1, 1)
(9, 0, 2, (0, 0, 0), -20, (0, 0)): (0, 1)
(9, 0, 2, (0, 0, 0), -18, (0, 0)): (0, 1)
(9, 0, 2, (0, 0, 0), -16, (0, 0)): (0, 1)
(9, 0, 2, (0, 0, 0), -14, (0, 0)): (0, 1)
(9, 0, 2, (0, 0, 0), -13, (0, 0)): (0, 4)
(9, 0, 2, (0, 0, 0), -12, (0, 0)): (0, 6)
(9, 0, 2, (0, 0, 0), -11, (0, 0)): (0, 2)
(9, 0, 2, (0, 0, 0), -10, (0, 0)): (0, 3)
(9, 0, 2, (0, 0, 0), -9, (0, 0)): (0, 7)
(9, 0, 2, (0, 0, 0), -8, (0, 0)): (0, 6)
(9, 0, 2, (0, 0, 0), -7, (0, 0)): (0, 10)
(9, 0, 2, (0, 0, 0), -6, (0, 0)): (0, 18)
(9, 0, 2, (0, 0, 0), -5, (0, 0)): (0, 20)
(9, 0, 2, (0, 0, 0), -4, (0, 0)): (0, 33)
(9, 0, 2, (0, 0, 0), -3, (0, 0)): (0, 51)
(9, 0, 2, (0, 0, 0), -3, (1, 0)): (0, 1)
(9, 0, 2, (0, 0, 0), -3, (1, 1)): (0, 1)
(9, 0, 2, (0, 0, 0), -3, (1, 2)): (0, 1)
(9, 0, 2, (0, 0, 0), -3, (2, 2)): (0, 1)
(9, 0, 2, (0, 0, 0), -3, (3, 2)): (0, 1)
(9, 0, 2, (0, 0, 0), -2, (0, 0)): (1, 50)
(9, 0, 2, (0, 0, 0), -1, (0, 0)): (0, 60)
(9, 0, 2, (0, 0, 0), 0, (0, 0)): (23, 58)
(9, 0, 2, (0, 0, 0), 1, (0, 0)): (48, 54)
(9, 0, 2, (0, 0, 0), 2, (0, 0)): (33, 38)
(9, 0, 2, (0, 0, 0), 2, (0, 1)): (1, 1)
(9, 0, 2, (0, 0, 0), 2, (1, 1)): (1, 1)
(9, 0, 2, (0, 0, 0), 3, (0, 0)): (43, 44)
(9, 0, 2, (0, 0, 0), 3, (1, 0)): (1, 1)
(9, 0, 2, (0, 0, 0), 3, (2, 0)): (1, 1)
(9, 0, 2, (0, 0, 0), 3, (2, 1)): (1, 1)
(9, 0, 2, (0, 0, 0), 3, (3, 1)): (1, 1)
(9, 0, 2, (0, 0, 0), 4, (0, 0)): (35, 35)
(9, 0, 2, (0, 0, 0), 5, (0, 0)): (24, 24)
(9, 0, 2, (0, 0, 0), 6, (0, 0)): (20, 20)
(9, 0, 2, (0, 0, 0), 7, (0, 0)): (18, 18)
(9, 0, 2, (0, 0, 0), 8, (0, 0)): (10, 10)
(9, 0, 2, (0, 0, 0), 9, (0, 0)): (4, 4)
(9, 0, 2, (0, 0, 0), 10, (0, 0)): (2, 2)
(9, 0, 2, (0, 0, 0), 11, (0, 0)): (3, 3)
(9, 0, 2, (0, 0, 0), 12, (0, 0)): (1, 1)
(9, 0, 2, (0, 0, 0), 13, (0, 0)): (1, 1)
(9, 0, 2, (0, 0, 0), 15, (0, 0)): (1, 1)
(9, 0, 2, (0, 0, 1), -20, (0, 0)): (0, 1)
(9, 0, 2, (0, 0, 1), -10, (0, 0)): (0, 1)
(9, 0, 2, (0, 0, 1), -7, (0, 0)): (0, 1)
(9, 0, 2, (0, 0, 1), -6, (0, 0)): (0, 2)
(9, 0, 2, (0, 0, 1), -5, (0, 0)): (0, 5)
(9, 0, 2, (0, 0, 1), -4, (0, 0)): (0, 4)
(9, 0, 2, (0, 0, 1), -3, (0, 0)): (0, 3)
(9, 0, 2, (0, 0, 1), -2, (0, 0)): (0, 3)
(9, 0, 2, (0, 0, 1), -1, (0, 0)): (0, 8)
(9, 0, 2, (0, 0, 1), 0, (0, 0)): (3, 5)
(9, 0, 2, (0, 0, 1), 1, (0, 0)): (5, 5)
(9, 0, 2, (0, 0, 1), 2, (0, 0)): (7, 9)
(9, 0, 2, (0, 0, 1), 3, (0, 0)): (4, 4)
(9, 0, 2, (0, 0, 1), 5, (0, 0)): (2, 2)
(9, 0, 2, (0, 0, 1), 6, (0, 0)): (3, 3)
(9, 0, 2, (0, 0, 1), 7, (0, 0)): (4, 4)
(9, 0, 2, (0, 0, 1), 10, (0, 0)): (2, 2)
(9, 0, 2, (0, 0, 1), 12, (0, 0)): (1, 1)
(9, 0, 2, (0, 0, 1), 13, (0, 0)): (1, 1)
(9, 0, 2, (0, 0, 1), 16, (0, 0)): (1, 1)
(9, 0, 2, (0, 1, 0), -20, (0, 0)): (0, 1)
(9, 0, 2, (0, 1, 0), -11, (0, 0)): (0, 1)
(9, 0, 2, (0, 1, 0), -9, (0, 0)): (0, 4)
(9, 0, 2, (0, 1, 0), -8, (0, 0)): (0, 2)
(9, 0, 2, (0, 1, 0), -7, (0, 0)): (0, 6)
(9, 0, 2, (0, 1, 0), -6, (0, 0)): (0, 1)
(9, 0, 2, (0, 1, 0), -5, (0, 0)): (0, 6)
(9, 0, 2, (0, 1, 0), -4, (0, 0)): (0, 6)
(9, 0, 2, (0, 1, 0), -3, (0, 0)): (0, 10)
(9, 0, 2, (0, 1, 0), -2, (0, 0)): (0, 16)
(9, 0, 2, (0, 1, 0), -1, (0, 0)): (1, 19)
(9, 0, 2, (0, 1, 0), 0, (0, 0)): (9, 19)
(9, 0, 2, (0, 1, 0), 1, (0, 0)): (17, 18)
(9, 0, 2, (0, 1, 0), 2, (0, 0)): (8, 10)
(9, 0, 2, (0, 1, 0), 3, (0, 0)): (7, 7)
(9, 0, 2, (0, 1, 0), 4, (0, 0)): (9, 9)
(9, 0, 2, (0, 1, 0), 5, (0, 0)): (12, 12)
(9, 0, 2, (0, 1, 0), 6, (0, 0)): (10, 10)
(9, 0, 2, (0, 1, 0), 7, (0, 0)): (6, 6)
(9, 0, 2, (0, 1, 0), 8, (0, 0)): (4, 4)
(9, 0, 2, (0, 1, 0), 9, (0, 0)): (5, 5)
(9, 0, 2, (0, 1, 0), 10, (0, 0)): (2, 2)
(9, 0, 2, (0, 1, 0), 11, (0, 0)): (2, 2)
(9, 0, 2, (0, 1, 0), 12, (0, 0)): (1, 1)
(9, 0, 2, (0, 1, 0), 13, (0, 0)): (1, 1)
(9, 0, 2, (0, 1, 0), 14, (0, 0)): (1, 1)
(9, 0, 2, (0, 1, 1), -10, (0, 0)): (0, 1)
(9, 0, 2, (0, 1, 1), -9, (0, 0)): (0, 1)
(9, 0, 2, (0, 1, 1), -8, (0, 0)): (0, 1)
(9, 0, 2, (0, 1, 1), -7, (0, 0)): (0, 2)
(9, 0, 2, (0, 1, 1), -6, (0, 0)): (0, 3)
(9, 0, 2, (0, 1, 1), -4, (0, 0)): (0, 6)
(9, 0, 2, (0, 1, 1), -3, (0, 0)): (0, 2)
(9, 0, 2, (0, 1, 1), -2, (0, 0)): (1, 7)
(9, 0, 2, (0, 1, 1), -1, (0, 0)): (0, 3)
(9, 0, 2, (0, 1, 1), 0, (0, 0)): (2, 5)
(9, 0, 2, (0, 1, 1), 1, (0, 0)): (1, 1)
(9, 0, 2, (0, 1, 1), 2, (0, 0)): (3, 3)
(9, 0, 2, (0, 1, 1), 3, (0, 0)): (5, 5)
(9, 0, 2, (0, 1, 1), 4, (0, 0)): (6, 6)
(9, 0, 2, (0, 1, 1), 5, (0, 0)): (3, 3)
(9, 0, 2, (0, 1, 1), 7, (0, 0)): (1, 1)
(9, 0, 2, (0, 1, 1), 8, (0, 0)): (5, 5)
(9, 0, 2, (0, 1, 1), 9, (0, 0)): (1, 1)
(9, 0, 2, (0, 1, 1), 10, (0, 0)): (1, 1)
(9, 0, 2, (0, 1, 1), 13, (0, 0)): (1, 1)
(9, 0, 2, (1, 0, 0), -20, (0, 0)): (0, 1)
(9, 0, 2, (1, 0, 0), -19, (0, 0)): (0, 1)
(9, 0, 2, (1, 0, 0), -18, (0, 0)): (0, 1)
(9, 0, 2, (1, 0, 0), -16, (0, 0)): (0, 1)
(9, 0, 2, (1, 0, 0), -13, (0, 0)): (0, 1)
(9, 0, 2, (1, 0, 0), -12, (0, 0)): (0, 5)
(9, 0, 2, (1, 0, 0), -11, (0, 0)): (0, 1)
(9, 0, 2, (1, 0, 0), -10, (0, 0)): (0, 2)
(9, 0, 2, (1, 0, 0), -9, (0, 0)): (0, 3)
(9, 0, 2, (1, 0, 0), -8, (0, 0)): (0, 8)
(9, 0, 2, (1, 0, 0), -7, (0, 0)): (0, 3)
(9, 0, 2, (1, 0, 0), -6, (0, 0)): (0, 16)
(9, 0, 2, (1, 0, 0), -5, (0, 0)): (0, 17)
(9, 0, 2, (1, 0, 0), -5, (0, 1)): (0, 1)
(9, 0, 2, (1, 0, 0), -5, (0, 2)): (0, 1)
(9, 0, 2, (1, 0, 0), -5, (1, 2)): (0, 1)
(9, 0, 2, (1, 0, 0), -5, (2, 2)): (0, 1)
(9, 0, 2, (1, 0, 0), -4, (0, 0)): (0, 23)
(9, 0, 2, (1, 0, 0), -3, (0, 0)): (1, 31)
(9, 0, 2, (1, 0, 0), -2, (0, 0)): (1, 35)
(9, 0, 2, (1, 0, 0), -1, (0, 0)): (1, 32)
(9, 0, 2, (1, 0, 0), 0, (0, 0)): (12, 22)
(9, 0, 2, (1, 0, 0), 1, (0, 0)): (31, 31)
(9, 0, 2, (1, 0, 0), 2, (0, 0)): (27, 29)
(9, 0, 2, (1, 0, 0), 3, (0, 0)): (16, 19)
(9, 0, 2, (1, 0, 0), 3, (0, 1)): (1, 1)
(9, 0, 2, (1, 0, 0), 3, (0, 2)): (1, 1)
(9, 0, 2, (1, 0, 0), 4, (0, 0)): (27, 27)
(9, 0, 2, (1, 0, 0), 5, (0, 0)): (15, 15)
(9, 0, 2, (1, 0, 0), 6, (0, 0)): (8, 8)
(9, 0, 2, (1, 0, 0), 7, (0, 0)): (9, 9)
(9, 0, 2, (1, 0, 0), 8, (0, 0)): (3, 3)
(9, 0, 2, (1, 0, 0), 9, (0, 0)): (4, 4)
(9, 0, 2, (1, 0, 0), 10, (0, 0)): (4, 4)
(9, 0, 2, (1, 0, 0), 11, (0, 0)): (2, 2)
(9, 0, 2, (1, 0, 0), 12, (0, 0)): (1, 1)
(9, 0, 2, (1, 0, 0), 13, (0, 0)): (1, 1)
(9, 0, 2, (1, 0, 0), 15, (0, 0)): (1, 1)
(9, 0, 2, (1, 0, 1), -9, (0, 0)): (0, 3)
(9, 0, 2, (1, 0, 1), -8, (0, 0)): (0, 1)
(9, 0, 2, (1, 0, 1), -7, (0, 0)): (0, 3)
(9, 0, 2, (1, 0, 1), -6, (0, 0)): (0, 1)
(9, 0, 2, (1, 0, 1), -5, (0, 0)): (0, 3)
(9, 0, 2, (1, 0, 1), -4, (0, 0)): (0, 5)
(9, 0, 2, (1, 0, 1), -3, (0, 0)): (0, 4)
(9, 0, 2, (1, 0, 1), -2, (0, 0)): (0, 7)
(9, 0, 2, (1, 0, 1), -1, (0, 0)): (2, 9)
(9, 0, 2, (1, 0, 1), 0, (0, 0)): (5, 7)
(9, 0, 2, (1, 0, 1), 1, (0, 0)): (2, 3)
(9, 0, 2, (1, 0, 1), 2, (0, 0)): (5, 5)
(9, 0, 2, (1, 0, 1), 3, (0, 0)): (7, 7)
(9, 0, 2, (1, 0, 1), 4, (0, 0)): (5, 5)
(9, 0, 2, (1, 0, 1), 5, (0, 0)): (4, 4)
(9, 0, 2, (1, 0, 1), 6, (0, 0)): (3, 3)
(9, 0, 2, (1, 0, 1), 7, (0, 0)): (3, 3)
(9, 0, 2, (1, 0, 1), 8, (0, 0)): (2, 2)
(9, 0, 2, (1, 0, 1), 11, (0, 0)): (1, 1)
(9, 0, 2, (1, 0, 1), 12, (0, 0)): (2, 2)
(9, 0, 2, (1, 1, 0), -16, (0, 0)): (0, 1)
(9, 0, 2, (1, 1, 0), -15, (0, 0)): (0, 1)
(9, 0, 2, (1, 1, 0), -12, (0, 0)): (0, 3)
(9, 0, 2, (1, 1, 0), -11, (0, 0)): (0, 1)
(9, 0, 2, (1, 1, 0), -10, (0, 0)): (0, 2)
(9, 0, 2, (1, 1, 0), -9, (0, 0)): (0, 1)
(9, 0, 2, (1, 1, 0), -8, (0, 0)): (0, 5)
(9, 0, 2, (1, 1, 0), -7, (0, 0)): (0, 7)
(9, 0, 2, (1, 1, 0), -6, (0, 0)): (0, 6)
(9, 0, 2, (1, 1, 0), -5, (0, 0)): (0, 8)
(9, 0, 2, (1, 1, 0), -4, (0, 0)): (0, 11)
(9, 0, 2, (1, 1, 0), -3, (0, 0)): (1, 23)
(9, 0, 2, (1, 1, 0), -2, (0, 0)): (1, 14)
(9, 0, 2, (1, 1, 0), -1, (0, 0)): (3, 14)
(9, 0, 2, (1, 1, 0), 0, (0, 0)): (10, 21)
(9, 0, 2, (1, 1, 0), 1, (0, 0)): (18, 20)
(9, 0, 2, (1, 1, 0), 2, (0, 0)): (11, 12)
(9, 0, 2, (1, 1, 0), 3, (0, 0)): (8, 9)
(9, 0, 2, (1, 1, 0), 4, (0, 0)): (9, 9)
(9, 0, 2, (1, 1, 0), 5, (0, 0)): (8, 8)
(9, 0, 2, (1, 1, 0), 6, (0, 0)): (11, 11)
(9, 0, 2, (1, 1, 0), 7, (0, 0)): (7, 7)
(9, 0, 2, (1, 1, 0), 8, (0, 0)): (1, 1)
(9, 0, 2, (1, 1, 0), 10, (0, 0)): (1, 1)
(9, 0, 2, (1, 1, 0), 13, (0, 0)): (2, 2)
(9, 0, 2, (1, 1, 1), -15, (0, 0)): (0, 1)
(9, 0, 2, (1, 1, 1), -10, (0, 0)): (0, 2)
(9, 0, 2, (1, 1, 1), -7, (0, 0)): (0, 4)
(9, 0, 2, (1, 1, 1), -6, (0, 0)): (0, 1)
(9, 0, 2, (1, 1, 1), -5, (0, 0)): (0, 3)
(9, 0, 2, (1, 1, 1), -4, (0, 0)): (0, 2)
(9, 0, 2, (1, 1, 1), -3, (0, 0)): (0, 5)
(9, 0, 2, (1, 1, 1), -2, (0, 0)): (0, 2)
(9, 0, 2, (1, 1, 1), -1, (0, 0)): (4, 5)
(9, 0, 2, (1, 1, 1), 0, (0, 0)): (4, 7)
(9, 0, 2, (1, 1, 1), 1, (0, 0)): (5, 5)
(9, 0, 2, (1, 1, 1), 2, (0, 0)): (5, 5)
(9, 0, 2, (1, 1, 1), 3, (0, 0)): (9, 9)
(9, 0, 2, (1, 1, 1), 4, (0, 0)): (5, 5)
(9, 0, 2, (1, 1, 1), 5, (0, 0)): (5, 5)
(9, 0, 2, (1, 1, 1), 6, (0, 0)): (1, 1)
(9, 0, 2, (1, 1, 1), 8, (0, 0)): (1, 1)
(9, 0, 2, (1, 1, 1), 9, (0, 0)): (1, 1)
(9, 0, 2, (1, 1, 1), 10, (0, 0)): (2, 2)
(9, 0, 2, (1, 1, 1), 11, (0, 0)): (1, 1)
(9, 0, 2, (1, 1, 1), 14, (0, 0)): (1, 1)
(9, 1, 0, (0, 0, 0), -16, (0, 0)): (0, 1)
(9, 1, 0, (0, 0, 0), -15, (0, 0)): (0, 1)
(9, 1, 0, (0, 0, 0), -14, (0, 0)): (0, 2)
(9, 1, 0, (0, 0, 0), -13, (0, 0)): (0, 4)
(9, 1, 0, (0, 0, 0), -12, (0, 0)): (0, 4)
(9, 1, 0, (0, 0, 0), -11, (0, 0)): (0, 5)
(9, 1, 0, (0, 0, 0), -10, (0, 0)): (0, 9)
(9, 1, 0, (0, 0, 0), -9, (0, 0)): (0, 12)
(9, 1, 0, (0, 0, 0), -8, (0, 0)): (0, 20)
(9, 1, 0, (0, 0, 0), -7, (0, 0)): (0, 38)
(9, 1, 0, (0, 0, 0), -6, (0, 0)): (0, 46)
(9, 1, 0, (0, 0, 0), -5, (0, 0)): (0, 50)
(9, 1, 0, (0, 0, 0), -4, (0, 0)): (0, 60)
(9, 1, 0, (0, 0, 0), -3, (0, 0)): (3, 70)
(9, 1, 0, (0, 0, 0), -3, (0, 1)): (0, 1)
(9, 1, 0, (0, 0, 0), -3, (0, 2)): (0, 1)
(9, 1, 0, (0, 0, 0), -3, (1, 2)): (0, 1)
(9, 1, 0, (0, 0, 0), -2, (0, 0)): (7, 78)
(9, 1, 0, (0, 0, 0), -1, (0, 0)): (11, 106)
(9, 1, 0, (0, 0, 0), 0, (0, 0)): (65, 96)
(9, 1, 0, (0, 0, 1), -6, (0, 0)): (0, 1)
(9, 1, 0, (0, 0, 1), -4, (0, 0)): (0, 1)
(9, 1, 0, (0, 0, 1), -3, (0, 0)): (0, 1)
(9, 1, 0, (0, 0, 1), 0, (0, 0)): (3, 3)
(9, 1, 0, (0, 1, 0), -14, (0, 0)): (0, 1)
(9, 1, 0, (0, 1, 0), -9, (0, 0)): (0, 1)
(9, 1, 0, (0, 1, 0), -8, (0, 0)): (0, 1)
(9, 1, 0, (0, 1, 0), -7, (0, 0)): (0, 2)
(9, 1, 0, (0, 1, 0), -6, (0, 0)): (0, 4)
(9, 1, 0, (0, 1, 0), -5, (0, 0)): (0, 1)
(9, 1, 0, (0, 1, 0), -4, (0, 0)): (0, 5)
(9, 1, 0, (0, 1, 0), -3, (0, 0)): (1, 7)
(9, 1, 0, (0, 1, 0), -2, (0, 0)): (0, 5)
(9, 1, 0, (0, 1, 0), -1, (0, 0)): (3, 9)
(9, 1, 0, (0, 1, 0), 0, (0, 0)): (3, 3)
(9, 1, 0, (0, 1, 1), -8, (0, 0)): (0, 1)
(9, 1, 0, (0, 1, 1), -6, (0, 0)): (0, 1)
(9, 1, 0, (0, 1, 1), -4, (0, 0)): (0, 3)
(9, 1, 0, (0, 1, 1), -3, (0, 0)): (0, 1)
(9, 1, 0, (0, 1, 1), -2, (0, 0)): (0, 1)
(9, 1, 0, (0, 1, 1), 0, (0, 0)): (1, 1)
(9, 1, 0, (1, 0, 0), -13, (0, 0)): (0, 2)
(9, 1, 0, (1, 0, 0), -12, (0, 0)): (0, 1)
(9, 1, 0, (1, 0, 0), -11, (0, 0)): (0, 2)
(9, 1, 0, (1, 0, 0), -10, (0, 0)): (0, 3)
(9, 1, 0, (1, 0, 0), -9, (0, 0)): (0, 3)
(9, 1, 0, (1, 0, 0), -8, (0, 0)): (0, 8)
(9, 1, 0, (1, 0, 0), -7, (0, 0)): (0, 12)
(9, 1, 0, (1, 0, 0), -6, (0, 0)): (0, 10)
(9, 1, 0, (1, 0, 0), -5, (0, 0)): (0, 16)
(9, 1, 0, (1, 0, 0), -4, (0, 0)): (0, 12)
(9, 1, 0, (1, 0, 0), -3, (0, 0)): (1, 19)
(9, 1, 0, (1, 0, 0), -2, (0, 0)): (4, 19)
(9, 1, 0, (1, 0, 0), -1, (0, 0)): (5, 25)
(9, 1, 0, (1, 0, 0), 0, (0, 0)): (18, 20)
(9, 1, 0, (1, 0, 1), -8, (0, 0)): (0, 1)
(9, 1, 0, (1, 0, 1), -7, (0, 0)): (0, 3)
(9, 1, 0, (1, 0, 1), -3, (0, 0)): (0, 2)
(9, 1, 0, (1, 0, 1), -2, (0, 0)): (1, 2)
(9, 1, 0, (1, 0, 1), -1, (0, 0)): (2, 5)
(9, 1, 0, (1, 0, 1), 0, (0, 0)): (5, 5)
(9, 1, 0, (1, 1, 0), -13, (0, 0)): (0, 1)
(9, 1, 0, (1, 1, 0), -9, (0, 0)): (0, 2)
(9, 1, 0, (1, 1, 0), -7, (0, 0)): (0, 2)
(9, 1, 0, (1, 1, 0), -6, (0, 0)): (0, 4)
(9, 1, 0, (1, 1, 0), -5, (0, 0)): (0, 6)
(9, 1, 0, (1, 1, 0), -4, (0, 0)): (0, 2)
(9, 1, 0, (1, 1, 0), -3, (0, 0)): (1, 4)
(9, 1, 0, (1, 1, 0), -2, (0, 0)): (0, 2)
(9, 1, 0, (1, 1, 0), -1, (0, 0)): (1, 2)
(9, 1, 0, (1, 1, 0), 0, (0, 0)): (5, 5)
(9, 1, 0, (1, 1, 1), -9, (0, 0)): (0, 1)
(9, 1, 0, (1, 1, 1), -8, (0, 0)): (0, 1)
(9, 1, 0, (1, 1, 1), -6, (0, 0)): (0, 1)
(9, 1, 0, (1, 1, 1), -2, (0, 0)): (1, 1)
(9, 1, 0, (1, 1, 1), -1, (0, 0)): (1, 2)
(9, 1, 0, (1, 1, 1), 0, (0, 0)): (6, 6)
(9, 1, 1, (0, 0, 0), -16, (0, 0)): (0, 1)
(9, 1, 1, (0, 0, 0), -15, (0, 0)): (0, 1)
(9, 1, 1, (0, 0, 0), -14, (0, 0)): (0, 1)
(9, 1, 1, (0, 0, 0), -13, (0, 0)): (0, 2)
(9, 1, 1, (0, 0, 0), -12, (0, 0)): (0, 3)
(9, 1, 1, (0, 0, 0), -11, (0, 0)): (0, 2)
(9, 1, 1, (0, 0, 0), -10, (0, 0)): (0, 5)
(9, 1, 1, (0, 0, 0), -9, (0, 0)): (0, 8)
(9, 1, 1, (0, 0, 0), -8, (0, 0)): (0, 12)
(9, 1, 1, (0, 0, 0), -7, (0, 0)): (0, 24)
(9, 1, 1, (0, 0, 0), -6, (0, 0)): (0, 29)
(9, 1, 1, (0, 0, 0), -5, (0, 0)): (0, 33)
(9, 1, 1, (0, 0, 0), -4, (0, 0)): (0, 42)
(9, 1, 1, (0, 0, 0), -3, (0, 0)): (1, 47)
(9, 1, 1, (0, 0, 0), -2, (0, 0)): (3, 54)
(9, 1, 1, (0, 0, 0), -2, (0, 1)): (0, 1)
(9, 1, 1, (0, 0, 0), -2, (1, 1)): (0, 1)
(9, 1, 1, (0, 0, 0), -1, (0, 0)): (2, 73)
(9, 1, 1, (0, 0, 0), 0, (0, 0)): (41, 72)
(9, 1, 1, (0, 0, 1), -14, (0, 0)): (0, 1)
(9, 1, 1, (0, 0, 1), -9, (0, 0)): (0, 1)
(9, 1, 1, (0, 0, 1), -8, (0, 0)): (0, 1)
(9, 1, 1, (0, 0, 1), -7, (0, 0)): (0, 1)
(9, 1, 1, (0, 0, 1), -6, (0, 0)): (0, 3)
(9, 1, 1, (0, 0, 1), -4, (0, 0)): (0, 3)
(9, 1, 1, (0, 0, 1), -3, (0, 0)): (0, 4)
(9, 1, 1, (0, 0, 1), -2, (0, 0)): (1, 3)
(9, 1, 1, (0, 0, 1), -1, (0, 0)): (1, 4)
(9, 1, 1, (0, 0, 1), 0, (0, 0)): (0, 1)
(9, 1, 1, (0, 1, 0), -9, (0, 0)): (0, 1)
(9, 1, 1, (0, 1, 0), -8, (0, 0)): (0, 1)
(9, 1, 1, (0, 1, 0), -7, (0, 0)): (0, 4)
(9, 1, 1, (0, 1, 0), -6, (0, 0)): (0, 2)
(9, 1, 1, (0, 1, 0), -5, (0, 0)): (0, 4)
(9, 1, 1, (0, 1, 0), -4, (0, 0)): (0, 6)
(9, 1, 1, (0, 1, 0), -3, (0, 0)): (2, 8)
(9, 1, 1, (0, 1, 0), -2, (0, 0)): (1, 6)
(9, 1, 1, (0, 1, 0), -1, (0, 0)): (3, 15)
(9, 1, 1, (0, 1, 0), 0, (0, 0)): (14, 16)
(9, 1, 1, (0, 1, 1), -13, (0, 0)): (0, 1)
(9, 1, 1, (0, 1, 1), -6, (0, 0)): (0, 1)
(9, 1, 1, (0, 1, 1), -5, (0, 0)): (0, 2)
(9, 1, 1, (0, 1, 1), -4, (0, 0)): (0, 2)
(9, 1, 1, (0, 1, 1), -2, (0, 0)): (3, 3)
(9, 1, 1, (0, 1, 1), -1, (0, 0)): (0, 1)
(9, 1, 1, (1, 0, 0), -15, (0, 0)): (0, 1)
(9, 1, 1, (1, 0, 0), -14, (0, 0)): (0, 1)
(9, 1, 1, (1, 0, 0), -13, (0, 0)): (0, 2)
(9, 1, 1, (1, 0, 0), -12, (0, 0)): (0, 3)
(9, 1, 1, (1, 0, 0), -11, (0, 0)): (0, 3)
(9, 1, 1, (1, 0, 0), -10, (0, 0)): (0, 4)
(9, 1, 1, (1, 0, 0), -9, (0, 0)): (0, 6)
(9, 1, 1, (1, 0, 0), -8, (0, 0)): (0, 5)
(9, 1, 1, (1, 0, 0), -7, (0, 0)): (0, 14)
(9, 1, 1, (1, 0, 0), -6, (0, 0)): (0, 16)
(9, 1, 1, (1, 0, 0), -5, (0, 0)): (0, 25)
(9, 1, 1, (1, 0, 0), -4, (0, 0)): (0, 16)
(9, 1, 1, (1, 0, 0), -3, (0, 0)): (0, 25)
(9, 1, 1, (1, 0, 0), -2, (0, 0)): (6, 34)
(9, 1, 1, (1, 0, 0), -1, (0, 0)): (2, 28)
(9, 1, 1, (1, 0, 0), 0, (0, 0)): (21, 26)
(9, 1, 1, (1, 0, 1), -11, (0, 0)): (0, 1)
(9, 1, 1, (1, 0, 1), -9, (0, 0)): (0, 1)
(9, 1, 1, (1, 0, 1), -8, (0, 0)): (0, 1)
(9, 1, 1, (1, 0, 1), -7, (0, 0)): (0, 3)
(9, 1, 1, (1, 0, 1), -6, (0, 0)): (0, 2)
(9, 1, 1, (1, 0, 1), -5, (0, 0)): (0, 3)
(9, 1, 1, (1, 0, 1), -4, (0, 0)): (0, 7)
(9, 1, 1, (1, 0, 1), -3, (0, 0)): (1, 6)
(9, 1, 1, (1, 0, 1), -2, (0, 0)): (0, 2)
(9, 1, 1, (1, 0, 1), -1, (0, 0)): (1, 4)
(9, 1, 1, (1, 0, 1), 0, (0, 0)): (3, 4)
(9, 1, 1, (1, 1, 0), -15, (0, 0)): (0, 1)
(9, 1, 1, (1, 1, 0), -13, (0, 0)): (0, 2)
(9, 1, 1, (1, 1, 0), -12, (0, 0)): (0, 2)
(9, 1, 1, (1, 1, 0), -11, (0, 0)): (0, 1)
(9, 1, 1, (1, 1, 0), -10, (0, 0)): (0, 2)
(9, 1, 1, (1, 1, 0), -9, (0, 0)): (0, 1)
(9, 1, 1, (1, 1, 0), -8, (0, 0)): (0, 4)
(9, 1, 1, (1, 1, 0), -7, (0, 0)): (0, 4)
(9, 1, 1, (1, 1, 0), -6, (0, 0)): (0, 6)
(9, 1, 1, (1, 1, 0), -5, (0, 0)): (0, 7)
(9, 1, 1, (1, 1, 0), -4, (0, 0)): (0, 5)
(9, 1, 1, (1, 1, 0), -3, (0, 0)): (0, 6)
(9, 1, 1, (1, 1, 0), -2, (0, 0)): (1, 8)
(9, 1, 1, (1, 1, 0), -1, (0, 0)): (0, 3)
(9, 1, 1, (1, 1, 0), 0, (0, 0)): (16, 20)
(9, 1, 1, (1, 1, 1), -15, (0, 0)): (0, 1)
(9, 1, 1, (1, 1, 1), -14, (0, 0)): (0, 1)
(9, 1, 1, (1, 1, 1), -8, (0, 0)): (0, 2)
(9, 1, 1, (1, 1, 1), -6, (0, 0)): (0, 2)
(9, 1, 1, (1, 1, 1), -5, (0, 0)): (0, 1)
(9, 1, 1, (1, 1, 1), -4, (0, 0)): (0, 1)
(9, 1, 1, (1, 1, 1), -3, (0, 0)): (0, 1)
(9, 1, 1, (1, 1, 1), -2, (0, 0)): (1, 2)
(9, 1, 1, (1, 1, 1), -1, (0, 0)): (1, 2)
(9, 1, 1, (1, 1, 1), 0, (0, 0)): (7, 8)
(9, 1, 2, (0, 0, 0), -16, (0, 0)): (0, 1)
(9, 1, 2, (0, 0, 0), -13, (0, 0)): (0, 1)
(9, 1, 2, (0, 0, 0), -12, (0, 0)): (0, 1)
(9, 1, 2, (0, 0, 0), -11, (0, 0)): (0, 1)
(9, 1, 2, (0, 0, 0), -10, (0, 0)): (0, 4)
(9, 1, 2, (0, 0, 0), -9, (0, 0)): (0, 2)
(9, 1, 2, (0, 0, 0), -8, (0, 0)): (0, 11)
(9, 1, 2, (0, 0, 0), -7, (0, 0)): (0, 17)
(9, 1, 2, (0, 0, 0), -6, (0, 0)): (0, 21)
(9, 1, 2, (0, 0, 0), -5, (0, 0)): (0, 19)
(9, 1, 2, (0, 0, 0), -4, (0, 0)): (0, 32)
(9, 1, 2, (0, 0, 0), -3, (0, 0)): (0, 35)
(9, 1, 2, (0, 0, 0), -3, (1, 0)): (0, 1)
(9, 1, 2, (0, 0, 0), -3, (1, 1)): (0, 1)
(9, 1, 2, (0, 0, 0), -3, (2, 1)): (0, 1)
(9, 1, 2, (0, 0, 0), -3, (3, 1)): (0, 1)
(9, 1, 2, (0, 0, 0), -2, (0, 0)): (0, 41)
(9, 1, 2, (0, 0, 0), -1, (0, 0)): (2, 61)
(9, 1, 2, (0, 0, 0), 0, (0, 0)): (25, 53)
(9, 1, 2, (0, 0, 1), -14, (0, 0)): (0, 1)
(9, 1, 2, (0, 0, 1), -11, (0, 0)): (0, 1)
(9, 1, 2, (0, 0, 1), -7, (0, 0)): (0, 1)
(9, 1, 2, (0, 0, 1), -5, (0, 0)): (0, 2)
(9, 1, 2, (0, 0, 1), -4, (0, 0)): (0, 2)
(9, 1, 2, (0, 0, 1), -3, (0, 0)): (0, 3)
(9, 1, 2, (0, 0, 1), -2, (0, 0)): (0, 2)
(9, 1, 2, (0, 0, 1), -1, (0, 0)): (1, 4)
(9, 1, 2, (0, 0, 1), 0, (0, 0)): (2, 2)
(9, 1, 2, (0, 1, 0), -16, (0, 0)): (0, 1)
(9, 1, 2, (0, 1, 0), -11, (0, 0)): (0, 1)
(9, 1, 2, (0, 1, 0), -10, (0, 0)): (0, 2)
(9, 1, 2, (0, 1, 0), -9, (0, 0)): (0, 1)
(9, 1, 2, (0, 1, 0), -8, (0, 0)): (0, 3)
(9, 1, 2, (0, 1, 0), -7, (0, 0)): (0, 4)
(9, 1, 2, (0, 1, 0), -6, (0, 0)): (0, 4)
(9, 1, 2, (0, 1, 0), -5, (0, 0)): (0, 6)
(9, 1, 2, (0, 1, 0), -4, (0, 0)): (0, 5)
(9, 1, 2, (0, 1, 0), -3, (0, 0)): (0, 11)
(9, 1, 2, (0, 1, 0), -2, (0, 0)): (1, 6)
(9, 1, 2, (0, 1, 0), -1, (0, 0)): (4, 24)
(9, 1, 2, (0, 1, 0), 0, (0, 0)): (4, 8)
(9, 1, 2, (0, 1, 1), -13, (0, 0)): (0, 2)
(9, 1, 2, (0, 1, 1), -10, (0, 0)): (0, 1)
(9, 1, 2, (0, 1, 1), -8, (0, 0)): (0, 1)
(9, 1, 2, (0, 1, 1), -6, (0, 0)): (0, 2)
(9, 1, 2, (0, 1, 1), -5, (0, 0)): (0, 2)
(9, 1, 2, (0, 1, 1), -4, (0, 0)): (0, 6)
(9, 1, 2, (0, 1, 1), -3, (0, 0)): (0, 2)
(9, 1, 2, (0, 1, 1), -2, (0, 0)): (1, 4)
(9, 1, 2, (0, 1, 1), -1, (0, 0)): (0, 5)
(9, 1, 2, (0, 1, 1), 0, (0, 0)): (6, 8)
(9, 1, 2, (1, 0, 0), -15, (0, 0)): (0, 1)
(9, 1, 2, (1, 0, 0), -14, (0, 0)): (0, 1)
(9, 1, 2, (1, 0, 0), -12, (0, 0)): (0, 2)
(9, 1, 2, (1, 0, 0), -11, (0, 0)): (0, 3)
(9, 1, 2, (1, 0, 0), -10, (0, 0)): (0, 2)
(9, 1, 2, (1, 0, 0), -9, (0, 0)): (0, 5)
(9, 1, 2, (1, 0, 0), -8, (0, 0)): (0, 6)
(9, 1, 2, (1, 0, 0), -7, (0, 0)): (0, 14)
(9, 1, 2, (1, 0, 0), -6, (0, 0)): (0, 14)
(9, 1, 2, (1, 0, 0), -5, (0, 0)): (0, 20)
(9, 1, 2, (1, 0, 0), -4, (0, 0)): (0, 19)
(9, 1, 2, (1, 0, 0), -3, (0, 0)): (0, 26)
(9, 1, 2, (1, 0, 0), -3, (1, 0)): (0, 1)
(9, 1, 2, (1, 0, 0), -3, (1, 1)): (0, 1)
(9, 1, 2, (1, 0, 0), -3, (2, 1)): (0, 1)
(9, 1, 2, (1, 0, 0), -2, (0, 0)): (2, 23)
(9, 1, 2, (1, 0, 0), -1, (0, 0)): (1, 33)
(9, 1, 2, (1, 0, 0), 0, (0, 0)): (23, 34)
(9, 1, 2, (1, 0, 1), -7, (0, 0)): (0, 2)
(9, 1, 2, (1, 0, 1), -6, (0, 0)): (0, 1)
(9, 1, 2, (1, 0, 1), -5, (0, 0)): (0, 3)
(9, 1, 2, (1, 0, 1), -4, (0, 0)): (0, 1)
(9, 1, 2, (1, 0, 1), -3, (0, 0)): (0, 6)
(9, 1, 2, (1, 0, 1), -2, (0, 0)): (0, 2)
(9, 1, 2, (1, 0, 1), -1, (0, 0)): (2, 4)
(9, 1, 2, (1, 0, 1), 0, (0, 0)): (5, 5)
(9, 1, 2, (1, 1, 0), -13, (0, 0)): (0, 1)
(9, 1, 2, (1, 1, 0), -12, (0, 0)): (0, 2)
(9, 1, 2, (1, 1, 0), -11, (0, 0)): (0, 1)
(9, 1, 2, (1, 1, 0), -9, (0, 0)): (0, 1)
(9, 1, 2, (1, 1, 0), -8, (0, 0)): (0, 4)
(9, 1, 2, (1, 1, 0), -7, (0, 0)): (0, 6)
(9, 1, 2, (1, 1, 0), -6, (0, 0)): (0, 6)
(9, 1, 2, (1, 1, 0), -5, (0, 0)): (0, 9)
(9, 1, 2, (1, 1, 0), -4, (0, 0)): (0, 6)
(9, 1, 2, (1, 1, 0), -3, (0, 0)): (0, 10)
(9, 1, 2, (1, 1, 0), -3, (1, 0)): (0, 1)
(9, 1, 2, (1, 1, 0), -3, (1, 1)): (0, 1)
(9, 1, 2, (1, 1, 0), -2, (0, 0)): (2, 12)
(9, 1, 2, (1, 1, 0), -1, (0, 0)): (2, 14)
(9, 1, 2, (1, 1, 0), 0, (0, 0)): (13, 20)
(9, 1, 2, (1, 1, 1), -7, (0, 0)): (0, 1)
(9, 1, 2, (1, 1, 1), -6, (0, 0)): (0, 2)
(9, 1, 2, (1, 1, 1), -5, (0, 0)): (0, 2)
(9, 1, 2, (1, 1, 1), -3, (0, 0)): (0, 2)
(9, 1, 2, (1, 1, 1), -3, (0, 1)): (0, 1)
(9, 1, 2, (1, 1, 1), -3, (0, 2)): (0, 1)
(9, 1, 2, (1, 1, 1), -3, (1, 2)): (0, 1)
(9, 1, 2, (1, 1, 1), -2, (0, 0)): (1, 2)
(9, 1, 2, (1, 1, 1), -1, (0, 0)): (0, 4)
(9, 1, 2, (1, 1, 1), 0, (0, 0)): (8, 8)
(10, 0, 0, (0, 0, 0), 0, (0, 0)): (40, 90)
(10, 0, 0, (0, 0, 1), 0, (0, 0)): (2, 2)
(10, 0, 0, (0, 0, 1), 1, (0, 0)): (1, 1)
(10, 0, 0, (0, 0, 1), 2, (0, 0)): (1, 1)
(10, 0, 0, (0, 1, 0), 0, (0, 0)): (3, 4)
(10, 0, 0, (1, 0, 0), 0, (0, 0)): (9, 24)
(10, 0, 0, (1, 0, 0), 1, (0, 0)): (1, 1)
(10, 0, 0, (1, 0, 1), 0, (0, 0)): (1, 1)
(10, 0, 1, (0, 0, 0), 0, (0, 0)): (27, 61)
(10, 0, 1, (0, 0, 0), 1, (0, 0)): (1, 2)
(10, 0, 1, (0, 0, 0), 3, (0, 0)): (1, 1)
(10, 0, 1, (0, 0, 1), 0, (0, 0)): (2, 3)
(10, 0, 1, (0, 0, 1), 1, (0, 0)): (1, 1)
(10, 0, 1, (0, 0, 1), 2, (0, 0)): (2, 2)
(10, 0, 1, (0, 0, 1), 3, (0, 0)): (1, 1)
(10, 0, 1, (0, 1, 0), 0, (0, 0)): (9, 18)
(10, 0, 1, (0, 1, 0), 1, (0, 0)): (5, 5)
(10, 0, 1, (0, 1, 0), 2, (0, 0)): (0, 1)
(10, 0, 1, (0, 1, 0), 3, (0, 0)): (2, 2)
(10, 0, 1, (0, 1, 1), 0, (0, 0)): (0, 1)
(10, 0, 1, (1, 0, 0), 0, (0, 0)): (12, 26)
(10, 0, 1, (1, 0, 0), 1, (0, 0)): (3, 3)
(10, 0, 1, (1, 0, 0), 2, (0, 0)): (1, 1)
(10, 0, 1, (1, 0, 1), 0, (0, 0)): (0, 1)
(10, 0, 1, (1, 0, 1), 1, (0, 0)): (1, 2)
(10, 0, 1, (1, 0, 1), 3, (0, 0)): (1, 1)
(10, 0, 1, (1, 1, 0), 0, (0, 0)): (7, 12)
(10, 0, 1, (1, 1, 0), 1, (0, 0)): (5, 5)
(10, 0, 1, (1, 1, 0), 2, (0, 0)): (1, 1)
(10, 0, 1, (1, 1, 0), 3, (0, 0)): (1, 1)
(10, 0, 1, (1, 1, 1), 0, (0, 0)): (1, 3)
(10, 0, 2, (0, 0, 0), 0, (0, 0)): (14, 40)
(10, 0, 2, (0, 0, 0), 1, (0, 0)): (3, 4)
(10, 0, 2, (0, 0, 0), 2, (0, 0)): (2, 2)
(10, 0, 2, (0, 0, 0), 3, (0, 0)): (2, 2)
(10, 0, 2, (0, 0, 1), 0, (0, 0)): (1, 2)
(10, 0, 2, (0, 0, 1), 1, (0, 0)): (1, 1)
(10, 0, 2, (0, 0, 1), 2, (0, 0)): (1, 1)
(10, 0, 2, (0, 0, 1), 3, (0, 0)): (1, 1)
(10, 0, 2, (0, 1, 0), 0, (0, 0)): (4, 9)
(10, 0, 2, (0, 1, 0), 1, (0, 0)): (3, 4)
(10, 0, 2, (0, 1, 0), 2, (0, 0)): (2, 3)
(10, 0, 2, (0, 1, 0), 3, (0, 0)): (1, 1)
(10, 0, 2, (0, 1, 1), 1, (0, 0)): (1, 1)
(10, 0, 2, (1, 0, 0), 0, (0, 0)): (8, 20)
(10, 0, 2, (1, 0, 0), 1, (0, 0)): (2, 2)
(10, 0, 2, (1, 0, 0), 2, (0, 0)): (1, 1)
(10, 0, 2, (1, 0, 0), 3, (0, 0)): (1, 1)
(10, 0, 2, (1, 0, 1), 0, (0, 0)): (0, 2)
(10, 0, 2, (1, 0, 1), 1, (0, 0)): (3, 3)
(10, 0, 2, (1, 0, 1), 2, (0, 0)): (1, 1)
(10, 0, 2, (1, 0, 1), 3, (0, 0)): (1, 2)
(10, 0, 2, (1, 1, 0), 0, (0, 0)): (3, 7)
(10, 0, 2, (1, 1, 0), 1, (0, 0)): (3, 4)
(10, 0, 2, (1, 1, 0), 2, (0, 0)): (1, 2)
(10, 0, 2, (1, 1, 0), 3, (0, 0)): (3, 3)
(10, 0, 2, (1, 1, 0), 4, (0, 0)): (2, 2)
(10, 0, 2, (1, 1, 0), 5, (0, 0)): (1, 1)
(10, 0, 2, (1, 1, 1), 0, (0, 0)): (1, 5)
(10, 0, 2, (1, 1, 1), 1, (0, 0)): (0, 1)
(10, 1, 0, (0, 0, 0), -5, (0, 0)): (0, 1)
(10, 1, 0, (0, 0, 0), -4, (0, 0)): (0, 1)
(10, 1, 0, (0, 0, 0), -3, (0, 0)): (1, 7)
(10, 1, 0, (0, 0, 0), -2, (0, 0)): (0, 4)
(10, 1, 0, (0, 0, 0), -1, (0, 0)): (3, 12)
(10, 1, 0, (0, 0, 0), 0, (0, 0)): (46, 65)
(10, 1, 0, (0, 0, 1), 0, (0, 0)): (1, 1)
(10, 1, 0, (0, 1, 0), -5, (0, 0)): (0, 1)
(10, 1, 0, (0, 1, 0), -2, (0, 0)): (0, 1)
(10, 1, 0, (0, 1, 0), 0, (0, 0)): (3, 3)
(10, 1, 0, (1, 0, 0), -3, (0, 0)): (0, 2)
(10, 1, 0, (1, 0, 0), -2, (0, 0)): (0, 2)
(10, 1, 0, (1, 0, 0), -1, (0, 0)): (1, 1)
(10, 1, 0, (1, 0, 0), 0, (0, 0)): (15, 21)
(10, 1, 0, (1, 0, 1), 0, (0, 0)): (1, 1)
(10, 1, 0, (1, 1, 0), 0, (0, 0)): (2, 2)
(10, 1, 1, (0, 0, 0), -4, (0, 0)): (0, 1)
(10, 1, 1, (0, 0, 0), -3, (0, 0)): (1, 5)
(10, 1, 1, (0, 0, 0), -2, (0, 0)): (0, 1)
(10, 1, 1, (0, 0, 0), -1, (0, 0)): (2, 11)
(10, 1, 1, (0, 0, 0), 0, (0, 0)): (29, 42)
(10, 1, 1, (0, 0, 1), -5, (0, 0)): (0, 1)
(10, 1, 1, (0, 0, 1), -1, (0, 0)): (2, 2)
(10, 1, 1, (0, 0, 1), 0, (0, 0)): (1, 1)
(10, 1, 1, (0, 1, 0), -2, (0, 0)): (0, 1)
(10, 1, 1, (0, 1, 0), -1, (0, 0)): (1, 1)
(10, 1, 1, (0, 1, 0), 0, (0, 0)): (13, 17)
(10, 1, 1, (1, 0, 0), -3, (0, 0)): (1, 5)
(10, 1, 1, (1, 0, 0), -2, (0, 0)): (0, 2)
(10, 1, 1, (1, 0, 0), -1, (0, 0)): (1, 2)
(10, 1, 1, (1, 0, 0), 0, (0, 0)): (13, 19)
(10, 1, 1, (1, 0, 1), -1, (0, 0)): (1, 1)
(10, 1, 1, (1, 0, 1), 0, (0, 0)): (2, 2)
(10, 1, 1, (1, 1, 0), -3, (0, 0)): (1, 1)
(10, 1, 1, (1, 1, 0), -1, (0, 0)): (1, 1)
(10, 1, 1, (1, 1, 0), 0, (0, 0)): (12, 15)
(10, 1, 1, (1, 1, 1), -1, (0, 0)): (1, 1)
(10, 1, 1, (1, 1, 1), 0, (0, 0)): (5, 5)
(10, 1, 2, (0, 0, 0), -4, (0, 0)): (0, 1)
(10, 1, 2, (0, 0, 0), -3, (0, 0)): (0, 2)
(10, 1, 2, (0, 0, 0), -2, (0, 0)): (0, 1)
(10, 1, 2, (0, 0, 0), -1, (0, 0)): (0, 8)
(10, 1, 2, (0, 0, 0), 0, (0, 0)): (16, 26)
(10, 1, 2, (0, 0, 1), -5, (0, 0)): (0, 1)
(10, 1, 2, (0, 0, 1), 0, (0, 0)): (1, 2)
(10, 1, 2, (0, 1, 0), -2, (0, 0)): (0, 1)
(10, 1, 2, (0, 1, 0), 0, (0, 0)): (8, 11)
(10, 1, 2, (0, 1, 1), 0, (0, 0)): (2, 2)
(10, 1, 2, (1, 0, 0), -3, (0, 0)): (0, 1)
(10, 1, 2, (1, 0, 0), -2, (0, 0)): (0, 2)
(10, 1, 2, (1, 0, 0), -1, (0, 0)): (0, 3)
(10, 1, 2, (1, 0, 0), 0, (0, 0)): (13, 18)
(10, 1, 2, (1, 0, 1), 0, (0, 0)): (0, 3)
(10, 1, 2, (1, 1, 0), -3, (0, 0)): (0, 1)
(10, 1, 2, (1, 1, 0), -2, (0, 0)): (0, 1)
(10, 1, 2, (1, 1, 0), -1, (0, 0)): (0, 1)
(10, 1, 2, (1, 1, 0), 0, (0, 0)): (9, 13)
(10, 1, 2, (1, 1, 1), -2, (0, 0)): (0, 1)
(10, 1, 2, (1, 1, 1), 0, (0, 0)): (4, 5)
(11, 0, 0, (0, 0, 0), 0, (0, 0)): (19, 48)
(11, 0, 0, (0, 0, 0), 1, (0, 0)): (1, 1)
(11, 0, 0, (0, 1, 0), 0, (0, 0)): (0, 1)
(11, 0, 0, (1, 0, 0), 0, (0, 0)): (4, 8)
(11, 0, 0, (1, 0, 1), 0, (0, 0)): (1, 1)
(11, 0, 0, (1, 1, 0), 0, (0, 0)): (1, 3)
(11, 0, 1, (0, 0, 0), 0, (0, 0)): (14, 38)
(11, 0, 1, (0, 0, 0), 1, (0, 0)): (2, 2)
(11, 0, 1, (0, 0, 1), 0, (0, 0)): (1, 1)
(11, 0, 1, (0, 1, 0), 0, (0, 0)): (1, 4)
(11, 0, 1, (0, 1, 0), 1, (0, 0)): (1, 1)
(11, 0, 1, (0, 1, 1), 0, (0, 0)): (1, 1)
(11, 0, 1, (1, 0, 0), 0, (0, 0)): (7, 13)
(11, 0, 1, (1, 0, 0), 1, (0, 0)): (1, 1)
(11, 0, 1, (1, 1, 0), 0, (0, 0)): (1, 4)
(11, 0, 1, (1, 1, 0), 1, (0, 0)): (1, 1)
(11, 0, 1, (1, 1, 1), 0, (0, 0)): (1, 1)
(11, 0, 2, (0, 0, 0), 0, (0, 0)): (6, 25)
(11, 0, 2, (0, 0, 0), 1, (0, 0)): (4, 4)
(11, 0, 2, (0, 0, 0), 3, (0, 0)): (1, 1)
(11, 0, 2, (0, 0, 1), 0, (0, 0)): (0, 1)
(11, 0, 2, (0, 1, 0), 0, (0, 0)): (2, 7)
(11, 0, 2, (1, 0, 0), 0, (0, 0)): (7, 12)
(11, 0, 2, (1, 0, 0), 1, (0, 0)): (3, 3)
(11, 0, 2, (1, 0, 1), 0, (0, 0)): (0, 1)
(11, 0, 2, (1, 1, 0), 0, (0, 0)): (3, 6)
(11, 0, 2, (1, 1, 0), 1, (0, 0)): (2, 2)
(11, 1, 0, (0, 0, 0), -3, (0, 0)): (0, 1)
(11, 1, 0, (0, 0, 0), -1, (0, 0)): (0, 7)
(11, 1, 0, (0, 0, 0), 0, (0, 0)): (29, 40)
(11, 1, 0, (0, 0, 1), 0, (0, 0)): (1, 1)
(11, 1, 0, (0, 1, 0), 0, (0, 0)): (2, 3)
(11, 1, 0, (1, 0, 0), -1, (0, 0)): (0, 1)
(11, 1, 0, (1, 0, 0), 0, (0, 0)): (9, 11)
(11, 1, 0, (1, 0, 1), 0, (0, 0)): (1, 1)
(11, 1, 0, (1, 1, 0), 0, (0, 0)): (1, 1)
(11, 1, 0, (1, 1, 1), 0, (0, 0)): (1, 1)
(11, 1, 1, (0, 0, 0), -3, (0, 0)): (0, 1)
(11, 1, 1, (0, 0, 0), -1, (0, 0)): (0, 6)
(11, 1, 1, (0, 0, 0), 0, (0, 0)): (18, 26)
(11, 1, 1, (0, 0, 1), 0, (0, 0)): (2, 3)
(11, 1, 1, (0, 1, 0), 0, (0, 0)): (4, 4)
(11, 1, 1, (0, 1, 1), 0, (0, 0)): (3, 3)
(11, 1, 1, (1, 0, 0), -1, (0, 0)): (0, 3)
(11, 1, 1, (1, 0, 0), 0, (0, 0)): (9, 13)
(11, 1, 1, (1, 0, 1), 0, (0, 0)): (2, 2)
(11, 1, 1, (1, 1, 0), -1, (0, 0)): (0, 1)
(11, 1, 1, (1, 1, 0), 0, (0, 0)): (8, 8)
(11, 1, 1, (1, 1, 1), 0, (0, 0)): (5, 5)
(11, 1, 2, (0, 0, 0), -3, (0, 0)): (0, 1)
(11, 1, 2, (0, 0, 0), -1, (0, 0)): (0, 4)
(11, 1, 2, (0, 0, 0), 0, (0, 0)): (13, 19)
(11, 1, 2, (0, 0, 1), 0, (0, 0)): (0, 1)
(11, 1, 2, (0, 1, 0), 0, (0, 0)): (2, 3)
(11, 1, 2, (0, 1, 1), 0, (0, 0)): (1, 1)
(11, 1, 2, (1, 0, 0), -1, (0, 0)): (0, 3)
(11, 1, 2, (1, 0, 0), 0, (0, 0)): (5, 9)
(11, 1, 2, (1, 1, 0), 0, (0, 0)): (5, 6)
(11, 1, 2, (1, 1, 1), 0, (0, 0)): (4, 4)
(12, 0, 0, (0, 0, 0), 0, (0, 0)): (11, 27)
(12, 0, 0, (0, 1, 0), 0, (0, 0)): (2, 4)
(12, 0, 0, (1, 0, 0), 0, (0, 0)): (2, 6)
(12, 0, 0, (1, 0, 1), 0, (0, 0)): (1, 1)
(12, 0, 0, (1, 1, 0), 0, (0, 0)): (1, 3)
(12, 0, 0, (1, 1, 1), 0, (0, 0)): (0, 1)
(12, 0, 1, (0, 0, 0), 0, (0, 0)): (7, 17)
(12, 0, 1, (0, 0, 1), 0, (0, 0)): (1, 3)
(12, 0, 1, (0, 1, 0), 0, (0, 0)): (1, 2)
(12, 0, 1, (0, 1, 1), 0, (0, 0)): (2, 2)
(12, 0, 1, (1, 0, 0), 0, (0, 0)): (2, 8)
(12, 0, 1, (1, 0, 1), 0, (0, 0)): (0, 1)
(12, 0, 1, (1, 0, 1), 0, (0, 1)): (0, 1)
(12, 0, 1, (1, 0, 1), 0, (0, 2)): (0, 1)
(12, 0, 1, (1, 1, 0), 0, (0, 0)): (1, 4)
(12, 0, 1, (1, 1, 1), 0, (0, 0)): (0, 1)
(12, 0, 2, (0, 0, 0), 0, (0, 0)): (5, 11)
(12, 0, 2, (0, 0, 0), 1, (0, 0)): (1, 1)
(12, 0, 2, (0, 0, 1), 0, (0, 0)): (0, 2)
(12, 0, 2, (0, 1, 0), 0, (0, 0)): (1, 2)
(12, 0, 2, (0, 1, 0), 1, (0, 0)): (3, 3)
(12, 0, 2, (0, 1, 1), 1, (0, 0)): (1, 1)
(12, 0, 2, (1, 0, 0), 0, (0, 0)): (4, 7)
(12, 0, 2, (1, 0, 0), 1, (0, 0)): (1, 1)
(12, 0, 2, (1, 0, 0), 2, (0, 0)): (1, 1)
(12, 0, 2, (1, 0, 1), 0, (0, 0)): (0, 4)
(12, 0, 2, (1, 0, 1), 1, (0, 0)): (1, 1)
(12, 0, 2, (1, 1, 0), 0, (0, 0)): (2, 5)
(12, 0, 2, (1, 1, 1), 0, (0, 0)): (0, 1)
(12, 1, 0, (0, 0, 0), -2, (0, 0)): (0, 1)
(12, 1, 0, (0, 0, 0), -1, (0, 0)): (0, 4)
(12, 1, 0, (0, 0, 0), 0, (0, 0)): (16, 22)
(12, 1, 0, (0, 1, 0), 0, (0, 0)): (1, 2)
(12, 1, 0, (1, 0, 0), -1, (0, 0)): (0, 1)
(12, 1, 0, (1, 0, 0), 0, (0, 0)): (3, 3)
(12, 1, 0, (1, 1, 0), 0, (0, 0)): (2, 2)
(12, 1, 0, (1, 1, 1), 0, (0, 0)): (1, 1)
(12, 1, 1, (0, 0, 0), -2, (0, 0)): (0, 1)
(12, 1, 1, (0, 0, 0), -1, (0, 0)): (0, 3)
(12, 1, 1, (0, 0, 0), 0, (0, 0)): (11, 16)
(12, 1, 1, (0, 0, 1), 0, (0, 0)): (1, 2)
(12, 1, 1, (0, 1, 0), 0, (0, 0)): (2, 3)
(12, 1, 1, (1, 0, 0), -1, (0, 0)): (0, 1)
(12, 1, 1, (1, 0, 0), 0, (0, 0)): (1, 1)
(12, 1, 1, (1, 0, 1), 0, (0, 0)): (1, 1)
(12, 1, 1, (1, 1, 0), -1, (0, 0)): (0, 1)
(12, 1, 1, (1, 1, 0), 0, (0, 0)): (4, 4)
(12, 1, 1, (1, 1, 1), 0, (0, 0)): (1, 1)
(12, 1, 2, (0, 0, 0), -2, (0, 0)): (0, 1)
(12, 1, 2, (0, 0, 0), -1, (0, 0)): (0, 3)
(12, 1, 2, (0, 0, 0), 0, (0, 0)): (8, 12)
(12, 1, 2, (0, 0, 1), 0, (0, 0)): (0, 1)
(12, 1, 2, (0, 1, 0), 0, (0, 0)): (0, 1)
(12, 1, 2, (0, 1, 1), 0, (0, 0)): (2, 2)
(12, 1, 2, (1, 0, 0), 0, (0, 0)): (3, 6)
(12, 1, 2, (1, 1, 0), -1, (0, 0)): (0, 1)
(12, 1, 2, (1, 1, 0), 0, (0, 0)): (2, 2)
(12, 1, 2, (1, 1, 1), 0, (0, 0)): (2, 2)
(13, 0, 0, (0, 0, 0), 0, (0, 0)): (6, 14)
(13, 0, 0, (0, 1, 0), 0, (0, 0)): (2, 2)
(13, 0, 0, (1, 0, 0), 0, (0, 0)): (2, 3)
(13, 0, 1, (0, 0, 0), 0, (0, 0)): (2, 9)
(13, 0, 1, (0, 0, 1), 1, (0, 0)): (1, 1)
(13, 0, 1, (0, 1, 0), 0, (0, 0)): (3, 3)
(13, 0, 1, (1, 0, 0), 0, (0, 0)): (2, 3)
(13, 0, 1, (1, 0, 1), 0, (0, 0)): (0, 1)
(13, 0, 1, (1, 1, 0), 0, (0, 0)): (1, 1)
(13, 0, 2, (0, 0, 0), 0, (0, 0)): (1, 8)
(13, 0, 2, (0, 0, 0), 2, (0, 0)): (1, 1)
(13, 0, 2, (0, 0, 1), 0, (0, 0)): (3, 3)
(13, 0, 2, (0, 1, 0), 0, (0, 0)): (0, 1)
(13, 0, 2, (0, 1, 0), 1, (0, 0)): (1, 1)
(13, 0, 2, (0, 1, 0), 2, (0, 0)): (1, 1)
(13, 0, 2, (0, 1, 1), 0, (0, 0)): (1, 1)
(13, 0, 2, (1, 0, 0), 0, (0, 0)): (1, 2)
(13, 0, 2, (1, 0, 0), 1, (0, 0)): (2, 2)
(13, 0, 2, (1, 0, 1), 0, (0, 0)): (1, 1)
(13, 0, 2, (1, 0, 1), 3, (0, 0)): (1, 1)
(13, 0, 2, (1, 1, 0), 1, (0, 0)): (1, 1)
(13, 0, 2, (1, 1, 0), 2, (0, 0)): (1, 1)
(13, 1, 0, (0, 0, 0), -3, (0, 0)): (0, 1)
(13, 1, 0, (0, 0, 0), -2, (0, 0)): (0, 1)
(13, 1, 0, (0, 0, 0), -1, (0, 0)): (0, 3)
(13, 1, 0, (0, 0, 0), 0, (0, 0)): (8, 9)
(13, 1, 0, (0, 1, 0), 0, (0, 0)): (1, 1)
(13, 1, 0, (1, 0, 0), 0, (0, 0)): (3, 3)
(13, 1, 0, (1, 1, 0), 0, (0, 0)): (2, 2)
(13, 1, 0, (1, 1, 1), 0, (0, 0)): (1, 1)
(13, 1, 1, (0, 0, 0), -3, (0, 0)): (0, 1)
(13, 1, 1, (0, 0, 0), -2, (0, 0)): (0, 1)
(13, 1, 1, (0, 0, 0), -1, (0, 0)): (0, 3)
(13, 1, 1, (0, 0, 0), 0, (0, 0)): (4, 5)
(13, 1, 1, (0, 1, 0), 0, (0, 0)): (2, 2)
(13, 1, 1, (1, 0, 0), -2, (0, 0)): (0, 1)
(13, 1, 1, (1, 1, 0), 0, (0, 0)): (1, 1)
(13, 1, 1, (1, 1, 1), 0, (0, 0)): (1, 1)
(13, 1, 2, (0, 0, 0), -3, (0, 0)): (0, 1)
(13, 1, 2, (0, 0, 0), -1, (0, 0)): (0, 3)
(13, 1, 2, (0, 0, 0), 0, (0, 0)): (4, 5)
(13, 1, 2, (0, 1, 0), 0, (0, 0)): (1, 1)
(13, 1, 2, (0, 1, 1), 0, (0, 0)): (1, 1)
(13, 1, 2, (1, 0, 0), -2, (0, 0)): (0, 1)
(13, 1, 2, (1, 0, 0), 0, (0, 0)): (2, 3)
(13, 1, 2, (1, 1, 0), -2, (0, 0)): (0, 1)
(13, 1, 2, (1, 1, 0), 0, (0, 0)): (1, 1)
(14, 0, 0, (0, 0, 0), 0, (0, 0)): (1, 7)
(14, 0, 0, (1, 0, 0), 0, (0, 0)): (1, 3)
(14, 0, 1, (0, 0, 0), 0, (0, 0)): (0, 4)
(14, 0, 1, (0, 1, 0), 0, (0, 0)): (1, 2)
(14, 0, 1, (1, 0, 0), 0, (0, 0)): (0, 1)
(14, 0, 1, (1, 1, 0), 0, (0, 0)): (1, 2)
(14, 0, 2, (0, 0, 0), 0, (0, 0)): (0, 4)
(14, 0, 2, (0, 1, 0), 0, (0, 0)): (0, 1)
(14, 0, 2, (1, 0, 0), 0, (0, 0)): (0, 1)
(14, 0, 2, (1, 1, 0), 0, (0, 0)): (1, 3)
(14, 1, 0, (0, 0, 0), 0, (0, 0)): (6, 7)
(14, 1, 0, (1, 0, 0), 0, (0, 0)): (1, 1)
(14, 1, 1, (0, 0, 0), 0, (0, 0)): (4, 5)
(14, 1, 1, (1, 0, 0), 0, (0, 0)): (3, 3)
(14, 1, 1, (1, 0, 1), 0, (0, 0)): (1, 1)
(14, 1, 1, (1, 1, 1), 0, (0, 0)): (1, 1)
(14, 1, 2, (0, 0, 0), 0, (0, 0)): (2, 3)
(14, 1, 2, (0, 1, 0), 0, (0, 0)): (2, 2)
(14, 1, 2, (1, 0, 0), 0, (0, 0)): (2, 2)
(14, 1, 2, (1, 1, 0), 0, (0, 0)): (2, 2)
(15, 0, 0, (0, 0, 0), 0, (0, 0)): (1, 5)
(15, 0, 0, (0, 0, 1), 0, (0, 0)): (0, 1)
(15, 0, 1, (0, 0, 0), 0, (0, 0)): (1, 4)
(15, 0, 1, (0, 0, 1), 0, (0, 0)): (0, 1)
(15, 0, 1, (0, 0, 1), 1, (0, 0)): (1, 1)
(15, 0, 1, (0, 1, 1), 2, (0, 0)): (1, 1)
(15, 0, 1, (1, 0, 0), 0, (0, 0)): (1, 3)
(15, 0, 1, (1, 0, 1), 1, (0, 0)): (1, 1)
(15, 0, 2, (0, 0, 0), 0, (0, 0)): (0, 1)
(15, 0, 2, (0, 0, 1), 0, (0, 0)): (0, 1)
(15, 0, 2, (0, 0, 1), 3, (0, 0)): (1, 1)
(15, 0, 2, (0, 1, 0), 0, (0, 0)): (0, 1)
(15, 0, 2, (1, 0, 0), 0, (0, 0)): (0, 1)
(15, 0, 2, (1, 0, 0), 4, (0, 0)): (1, 1)
(15, 1, 0, (0, 0, 0), -4, (0, 0)): (0, 1)
(15, 1, 0, (0, 0, 0), 0, (0, 0)): (4, 4)
(15, 1, 1, (0, 0, 0), -4, (0, 0)): (0, 1)
(15, 1, 1, (0, 0, 0), 0, (0, 0)): (4, 4)
(15, 1, 1, (0, 1, 0), 0, (0, 0)): (1, 1)
(15, 1, 1, (1, 0, 0), 0, (0, 0)): (3, 3)
(15, 1, 2, (0, 0, 0), -4, (0, 0)): (0, 1)
(15, 1, 2, (0, 1, 0), 0, (0, 0)): (1, 1)
(15, 1, 2, (1, 0, 0), 0, (0, 0)): (2, 2)
(15, 1, 2, (1, 1, 0), 0, (0, 0)): (1, 1)
(16, 0, 0, (0, 0, 0), 0, (0, 0)): (0, 2)
(16, 0, 0, (0, 1, 0), 0, (0, 0)): (0, 1)
(16, 0, 0, (1, 0, 0), 0, (0, 0)): (0, 1)
(16, 0, 0, (1, 1, 0), 0, (0, 0)): (0, 1)
(16, 0, 1, (0, 0, 0), 0, (0, 0)): (0, 1)
(16, 0, 2, (0, 0, 0), 0, (0, 0)): (0, 1)
(16, 0, 2, (0, 0, 1), 0, (0, 0)): (0, 1)
(16, 1, 0, (0, 0, 0), 0, (0, 0)): (2, 2)
(16, 1, 0, (0, 0, 1), 0, (0, 0)): (1, 1)
(16, 1, 0, (1, 0, 1), 0, (0, 0)): (1, 1)
(16, 1, 0, (1, 1, 1), 0, (0, 0)): (1, 1)
(16, 1, 1, (0, 0, 0), 0, (0, 0)): (1, 1)
(16, 1, 1, (0, 1, 0), 0, (0, 0)): (1, 1)
(16, 1, 2, (0, 1, 0), 0, (0, 0)): (1, 1)
(16, 1, 2, (1, 1, 0), 0, (0, 0)): (1, 1)
(17, 0, 0, (0, 0, 0), 0, (0, 0)): (0, 1)
(17, 0, 1, (0, 0, 0), 0, (0, 0)): (0, 1)
(17, 0, 2, (0, 0, 0), 0, (0, 0)): (0, 1)
(17, 0, 2, (1, 0, 0), 0, (0, 0)): (0, 1)
(17, 0, 2, (1, 1, 0), 0, (0, 0)): (0, 1)
(17, 1, 0, (0, 0, 0), 0, (0, 0)): (1, 1)
(17, 1, 0, (1, 0, 0), 0, (0, 0)): (1, 1)
(17, 1, 1, (0, 1, 0), 0, (0, 0)): (1, 1)
(17, 1, 1, (1, 1, 0), 0, (0, 0)): (1, 1)
