(1, 0, 0, (0, 0, 0), 0): (462, 1038)
(1, 0, 0, (0, 0, 0), 1): (1, 3)
(1, 0, 0, (0, 0, 0), 2): (0, 2)
(1, 0, 0, (0, 0, 0), 4): (1, 1)
(1, 0, 0, (0, 0, 1), 0): (6, 10)
(1, 0, 0, (0, 0, 1), 1): (5, 7)
(1, 0, 0, (0, 0, 1), 2): (3, 3)
(1, 0, 0, (0, 0, 1), 3): (0, 1)
(1, 0, 0, (0, 1, 0), 0): (39, 74)
(1, 0, 0, (0, 1, 0), 1): (5, 6)
(1, 0, 0, (0, 1, 0), 2): (4, 5)
(1, 0, 0, (0, 1, 0), 3): (2, 2)
(1, 0, 0, (0, 1, 1), 0): (7, 12)
(1, 0, 0, (0, 1, 1), 1): (5, 7)
(1, 0, 0, (0, 1, 1), 4): (0, 1)
(1, 0, 0, (1, 0, 0), 0): (150, 289)
(1, 0, 0, (1, 0, 0), 1): (7, 10)
(1, 0, 0, (1, 0, 0), 2): (1, 2)
(1, 0, 0, (1, 0, 0), 3): (2, 2)
(1, 0, 0, (1, 0, 0), 4): (1, 1)
(1, 0, 0, (1, 0, 1), 0): (10, 21)
(1, 0, 0, (1, 0, 1), 1): (5, 5)
(1, 0, 0, (1, 0, 1), 2): (2, 2)
(1, 0, 0, (1, 0, 1), 4): (0, 1)
(1, 0, 0, (1, 1, 0), 0): (44, 68)
(1, 0, 0, (1, 1, 0), 1): (7, 8)
(1, 0, 0, (1, 1, 0), 2): (3, 3)
(1, 0, 0, (1, 1, 0), 3): (1, 1)
(1, 0, 0, (1, 1, 1), 0): (6, 11)
(1, 0, 0, (1, 1, 1), 1): (3, 6)
(1, 0, 0, (1, 1, 1), 2): (2, 3)
(1, 0, 1, (0, 0, 0), 0): (287, 704)
(1, 0, 1, (0, 0, 0), 1): (3, 5)
(1, 0, 1, (0, 0, 0), 2): (1, 3)
(1, 0, 1, (0, 0, 0), 3): (1, 1)
(1, 0, 1, (0, 0, 0), 4): (2, 2)
(1, 0, 1, (0, 0, 0), 5): (1, 1)
(1, 0, 1, (0, 0, 1), 0): (16, 37)
(1, 0, 1, (0, 0, 1), 1): (9, 11)
(1, 0, 1, (0, 0, 1), 2): (7, 8)
(1, 0, 1, (0, 0, 1), 3): (2, 3)
(1, 0, 1, (0, 1, 0), 0): (55, 119)
(1, 0, 1, (0, 1, 0), 1): (10, 15)
(1, 0, 1, (0, 1, 0), 2): (6, 8)
(1, 0, 1, (0, 1, 0), 3): (1, 1)
(1, 0, 1, (0, 1, 1), 0): (12, 27)
(1, 0, 1, (0, 1, 1), 1): (7, 9)
(1, 0, 1, (0, 1, 1), 2): (2, 2)
(1, 0, 1, (0, 1, 1), 3): (2, 2)
(1, 0, 1, (0, 1, 1), 4): (1, 2)
(1, 0, 1, (1, 0, 0), 0): (119, 275)
(1, 0, 1, (1, 0, 0), 1): (12, 23)
(1, 0, 1, (1, 0, 0), 2): (3, 4)
(1, 0, 1, (1, 0, 0), 3): (3, 4)
(1, 0, 1, (1, 0, 0), 4): (2, 2)
(1, 0, 1, (1, 0, 1), 0): (15, 33)
(1, 0, 1, (1, 0, 1), 1): (14, 16)
(1, 0, 1, (1, 0, 1), 2): (7, 9)
(1, 0, 1, (1, 0, 1), 3): (4, 4)
(1, 0, 1, (1, 1, 0), 0): (50, 90)
(1, 0, 1, (1, 1, 0), 1): (16, 31)
(1, 0, 1, (1, 1, 0), 2): (9, 12)
(1, 0, 1, (1, 1, 0), 3): (0, 1)
(1, 0, 1, (1, 1, 0), 4): (1, 1)
(1, 0, 1, (1, 1, 1), 0): (14, 31)
(1, 0, 1, (1, 1, 1), 1): (7, 13)
(1, 0, 1, (1, 1, 1), 2): (5, 6)
(1, 0, 1, (1, 1, 1), 3): (2, 2)
(1, 0, 1, (1, 1, 1), 4): (1, 1)
(1, 0, 2, (0, 0, 0), 0): (210, 519)
(1, 0, 2, (0, 0, 0), 1): (16, 25)
(1, 0, 2, (0, 0, 0), 2): (12, 18)
(1, 0, 2, (0, 0, 0), 3): (4, 6)
(1, 0, 2, (0, 0, 0), 4): (4, 4)
(1, 0, 2, (0, 0, 0), 5): (1, 1)
(1, 0, 2, (0, 0, 1), 0): (18, 46)
(1, 0, 2, (0, 0, 1), 1): (5, 14)
(1, 0, 2, (0, 0, 1), 2): (6, 7)
(1, 0, 2, (0, 0, 1), 3): (1, 2)
(1, 0, 2, (0, 0, 1), 4): (1, 1)
(1, 0, 2, (0, 1, 0), 0): (42, 110)
(1, 0, 2, (0, 1, 0), 1): (13, 25)
(1, 0, 2, (0, 1, 0), 2): (8, 11)
(1, 0, 2, (0, 1, 0), 3): (6, 9)
(1, 0, 2, (0, 1, 0), 4): (4, 4)
(1, 0, 2, (0, 1, 1), 0): (11, 23)
(1, 0, 2, (0, 1, 1), 1): (5, 10)
(1, 0, 2, (0, 1, 1), 2): (2, 3)
(1, 0, 2, (0, 1, 1), 3): (2, 2)
(1, 0, 2, (0, 1, 1), 4): (1, 2)
(1, 0, 2, (1, 0, 0), 0): (111, 271)
(1, 0, 2, (1, 0, 0), 1): (21, 36)
(1, 0, 2, (1, 0, 0), 2): (19, 24)
(1, 0, 2, (1, 0, 0), 3): (7, 12)
(1, 0, 2, (1, 0, 0), 4): (3, 4)
(1, 0, 2, (1, 0, 1), 0): (10, 28)
(1, 0, 2, (1, 0, 1), 1): (14, 24)
(1, 0, 2, (1, 0, 1), 2): (5, 7)
(1, 0, 2, (1, 0, 1), 3): (3, 3)
(1, 0, 2, (1, 0, 1), 7): (2, 2)
(1, 0, 2, (1, 1, 0), 0): (45, 99)
(1, 0, 2, (1, 1, 0), 1): (17, 34)
(1, 0, 2, (1, 1, 0), 2): (13, 20)
(1, 0, 2, (1, 1, 0), 3): (6, 8)
(1, 0, 2, (1, 1, 0), 4): (5, 5)
(1, 0, 2, (1, 1, 0), 5): (2, 2)
(1, 0, 2, (1, 1, 0), 6): (2, 2)
(1, 0, 2, (1, 1, 1), 0): (16, 28)
(1, 0, 2, (1, 1, 1), 1): (10, 20)
(1, 0, 2, (1, 1, 1), 2): (3, 5)
(1, 0, 2, (1, 1, 1), 3): (3, 4)
(1, 0, 2, (1, 1, 1), 4): (1, 2)
(1, 1, 0, (0, 0, 0), -7): (0, 2)
(1, 1, 0, (0, 0, 0), -5): (0, 2)
(1, 1, 0, (0, 0, 0), -4): (3, 20)
(1, 1, 0, (0, 0, 0), -3): (9, 34)
(1, 1, 0, (0, 0, 0), -2): (23, 70)
(1, 1, 0, (0, 0, 0), -1): (67, 133)
(1, 1, 0, (0, 0, 0), 0): (475, 778)
(1, 1, 0, (0, 0, 0), 1): (3, 6)
(1, 1, 0, (0, 0, 0), 2): (1, 2)
(1, 1, 0, (0, 0, 0), 3): (1, 1)
(1, 1, 0, (0, 0, 1), -6): (0, 1)
(1, 1, 0, (0, 0, 1), -2): (0, 2)
(1, 1, 0, (0, 0, 1), -1): (2, 4)
(1, 1, 0, (0, 0, 1), 0): (7, 10)
(1, 1, 0, (0, 0, 1), 1): (5, 5)
(1, 1, 0, (0, 0, 1), 2): (1, 1)
(1, 1, 0, (0, 1, 0), -3): (1, 5)
(1, 1, 0, (0, 1, 0), -2): (2, 5)
(1, 1, 0, (0, 1, 0), -1): (4, 6)
(1, 1, 0, (0, 1, 0), 0): (29, 50)
(1, 1, 0, (0, 1, 0), 1): (0, 1)
(1, 1, 0, (0, 1, 0), 3): (1, 1)
(1, 1, 0, (0, 1, 1), -1): (1, 1)
(1, 1, 0, (0, 1, 1), 0): (5, 7)
(1, 1, 0, (0, 1, 1), 1): (2, 2)
(1, 1, 0, (0, 1, 1), 2): (1, 1)
(1, 1, 0, (1, 0, 0), -7): (0, 2)
(1, 1, 0, (1, 0, 0), -4): (1, 5)
(1, 1, 0, (1, 0, 0), -3): (3, 10)
(1, 1, 0, (1, 0, 0), -2): (10, 21)
(1, 1, 0, (1, 0, 0), -1): (22, 44)
(1, 1, 0, (1, 0, 0), 0): (139, 227)
(1, 1, 0, (1, 0, 0), 1): (4, 5)
(1, 1, 0, (1, 0, 0), 2): (2, 3)
(1, 1, 0, (1, 0, 1), -3): (1, 3)
(1, 1, 0, (1, 0, 1), -1): (2, 3)
(1, 1, 0, (1, 0, 1), 0): (7, 13)
(1, 1, 0, (1, 0, 1), 1): (2, 3)
(1, 1, 0, (1, 0, 1), 2): (3, 3)
(1, 1, 0, (1, 0, 1), 3): (1, 1)
(1, 1, 0, (1, 0, 1), 4): (1, 1)
(1, 1, 0, (1, 1, 0), -7): (0, 1)
(1, 1, 0, (1, 1, 0), -4): (0, 2)
(1, 1, 0, (1, 1, 0), -3): (1, 3)
(1, 1, 0, (1, 1, 0), -2): (5, 9)
(1, 1, 0, (1, 1, 0), -1): (9, 17)
(1, 1, 0, (1, 1, 0), 0): (33, 51)
(1, 1, 0, (1, 1, 0), 1): (3, 4)
(1, 1, 0, (1, 1, 0), 2): (2, 3)
(1, 1, 0, (1, 1, 1), -7): (0, 1)
(1, 1, 0, (1, 1, 1), -6): (0, 1)
(1, 1, 0, (1, 1, 1), -2): (1, 1)
(1, 1, 0, (1, 1, 1), -1): (1, 2)
(1, 1, 0, (1, 1, 1), 0): (8, 9)
(1, 1, 0, (1, 1, 1), 1): (3, 3)
(1, 1, 0, (1, 1, 1), 2): (1, 1)
(1, 1, 1, (0, 0, 0), -5): (0, 2)
(1, 1, 1, (0, 0, 0), -4): (2, 15)
(1, 1, 1, (0, 0, 0), -3): (5, 21)
(1, 1, 1, (0, 0, 0), -2): (11, 46)
(1, 1, 1, (0, 0, 0), -1): (43, 87)
(1, 1, 1, (0, 0, 0), 0): (319, 526)
(1, 1, 1, (0, 0, 0), 1): (11, 17)
(1, 1, 1, (0, 0, 0), 2): (8, 9)
(1, 1, 1, (0, 0, 0), 3): (6, 6)
(1, 1, 1, (0, 0, 1), -6): (0, 1)
(1, 1, 1, (0, 0, 1), -3): (0, 3)
(1, 1, 1, (0, 0, 1), -2): (1, 4)
(1, 1, 1, (0, 0, 1), -1): (2, 5)
(1, 1, 1, (0, 0, 1), 0): (22, 33)
(1, 1, 1, (0, 0, 1), 1): (7, 9)
(1, 1, 1, (0, 0, 1), 2): (5, 5)
(1, 1, 1, (0, 0, 1), 3): (1, 1)
(1, 1, 1, (0, 0, 1), 4): (2, 2)
(1, 1, 1, (0, 1, 0), -5): (0, 2)
(1, 1, 1, (0, 1, 0), -3): (0, 2)
(1, 1, 1, (0, 1, 0), -2): (0, 8)
(1, 1, 1, (0, 1, 0), -1): (8, 12)
(1, 1, 1, (0, 1, 0), 0): (67, 110)
(1, 1, 1, (0, 1, 0), 1): (9, 13)
(1, 1, 1, (0, 1, 0), 2): (5, 7)
(1, 1, 1, (0, 1, 0), 3): (2, 3)
(1, 1, 1, (0, 1, 0), 4): (1, 1)
(1, 1, 1, (0, 1, 0), 5): (1, 1)
(1, 1, 1, (0, 1, 1), -3): (1, 2)
(1, 1, 1, (0, 1, 1), -2): (2, 4)
(1, 1, 1, (0, 1, 1), -1): (4, 8)
(1, 1, 1, (0, 1, 1), 0): (17, 24)
(1, 1, 1, (0, 1, 1), 1): (3, 3)
(1, 1, 1, (0, 1, 1), 2): (5, 5)
(1, 1, 1, (0, 1, 1), 3): (0, 1)
(1, 1, 1, (0, 1, 1), 5): (1, 1)
(1, 1, 1, (1, 0, 0), -5): (0, 1)
(1, 1, 1, (1, 0, 0), -4): (2, 7)
(1, 1, 1, (1, 0, 0), -3): (4, 10)
(1, 1, 1, (1, 0, 0), -2): (8, 21)
(1, 1, 1, (1, 0, 0), -1): (16, 31)
(1, 1, 1, (1, 0, 0), 0): (155, 244)
(1, 1, 1, (1, 0, 0), 1): (23, 29)
(1, 1, 1, (1, 0, 0), 2): (10, 13)
(1, 1, 1, (1, 0, 0), 3): (3, 3)
(1, 1, 1, (1, 0, 0), 4): (1, 1)
(1, 1, 1, (1, 0, 1), -4): (0, 1)
(1, 1, 1, (1, 0, 1), -3): (1, 1)
(1, 1, 1, (1, 0, 1), -2): (1, 4)
(1, 1, 1, (1, 0, 1), -1): (3, 5)
(1, 1, 1, (1, 0, 1), 0): (18, 29)
(1, 1, 1, (1, 0, 1), 1): (7, 8)
(1, 1, 1, (1, 0, 1), 2): (6, 9)
(1, 1, 1, (1, 0, 1), 4): (1, 1)
(1, 1, 1, (1, 0, 1), 5): (1, 1)
(1, 1, 1, (1, 1, 0), -4): (1, 3)
(1, 1, 1, (1, 1, 0), -3): (2, 6)
(1, 1, 1, (1, 1, 0), -2): (2, 6)
(1, 1, 1, (1, 1, 0), -1): (5, 10)
(1, 1, 1, (1, 1, 0), 0): (40, 70)
(1, 1, 1, (1, 1, 0), 1): (10, 19)
(1, 1, 1, (1, 1, 0), 2): (4, 4)
(1, 1, 1, (1, 1, 0), 3): (3, 4)
(1, 1, 1, (1, 1, 1), -4): (0, 2)
(1, 1, 1, (1, 1, 1), -3): (1, 3)
(1, 1, 1, (1, 1, 1), -2): (1, 3)
(1, 1, 1, (1, 1, 1), -1): (4, 7)
(1, 1, 1, (1, 1, 1), 0): (20, 31)
(1, 1, 1, (1, 1, 1), 1): (5, 6)
(1, 1, 1, (1, 1, 1), 2): (4, 4)
(1, 1, 1, (1, 1, 1), 3): (3, 4)
(1, 1, 1, (1, 1, 1), 4): (1, 1)
(1, 1, 2, (0, 0, 0), -4): (1, 11)
(1, 1, 2, (0, 0, 0), -3): (3, 13)
(1, 1, 2, (0, 0, 0), -2): (10, 34)
(1, 1, 2, (0, 0, 0), -1): (32, 72)
(1, 1, 2, (0, 0, 0), 0): (209, 361)
(1, 1, 2, (0, 0, 0), 1): (20, 27)
(1, 1, 2, (0, 0, 0), 2): (14, 19)
(1, 1, 2, (0, 0, 0), 3): (10, 11)
(1, 1, 2, (0, 0, 0), 5): (1, 1)
(1, 1, 2, (0, 0, 0), 7): (1, 1)
(1, 1, 2, (0, 0, 1), -5): (0, 2)
(1, 1, 2, (0, 0, 1), -3): (0, 2)
(1, 1, 2, (0, 0, 1), -2): (0, 4)
(1, 1, 2, (0, 0, 1), -1): (5, 9)
(1, 1, 2, (0, 0, 1), 0): (23, 38)
(1, 1, 2, (0, 0, 1), 1): (7, 9)
(1, 1, 2, (0, 0, 1), 2): (2, 2)
(1, 1, 2, (0, 0, 1), 4): (2, 2)
(1, 1, 2, (0, 0, 1), 10): (1, 1)
(1, 1, 2, (0, 1, 0), -3): (0, 1)
(1, 1, 2, (0, 1, 0), -2): (2, 6)
(1, 1, 2, (0, 1, 0), -1): (13, 22)
(1, 1, 2, (0, 1, 0), 0): (66, 112)
(1, 1, 2, (0, 1, 0), 1): (21, 34)
(1, 1, 2, (0, 1, 0), 2): (12, 17)
(1, 1, 2, (0, 1, 0), 3): (7, 9)
(1, 1, 2, (0, 1, 0), 4): (1, 1)
(1, 1, 2, (0, 1, 0), 5): (2, 2)
(1, 1, 2, (0, 1, 1), -6): (0, 1)
(1, 1, 2, (0, 1, 1), -4): (1, 1)
(1, 1, 2, (0, 1, 1), -3): (0, 1)
(1, 1, 2, (0, 1, 1), -1): (2, 2)
(1, 1, 2, (0, 1, 1), 0): (5, 9)
(1, 1, 2, (0, 1, 1), 1): (3, 5)
(1, 1, 2, (0, 1, 1), 2): (4, 5)
(1, 1, 2, (0, 1, 1), 3): (2, 2)
(1, 1, 2, (0, 1, 1), 5): (1, 1)
(1, 1, 2, (1, 0, 0), -5): (0, 1)
(1, 1, 2, (1, 0, 0), -4): (1, 6)
(1, 1, 2, (1, 0, 0), -3): (1, 9)
(1, 1, 2, (1, 0, 0), -2): (7, 17)
(1, 1, 2, (1, 0, 0), -1): (14, 34)
(1, 1, 2, (1, 0, 0), 0): (132, 212)
(1, 1, 2, (1, 0, 0), 1): (34, 45)
(1, 1, 2, (1, 0, 0), 2): (13, 19)
(1, 1, 2, (1, 0, 0), 3): (8, 9)
(1, 1, 2, (1, 0, 0), 4): (2, 2)
(1, 1, 2, (1, 0, 0), 5): (2, 2)
(1, 1, 2, (1, 0, 1), -2): (1, 4)
(1, 1, 2, (1, 0, 1), -1): (1, 4)
(1, 1, 2, (1, 0, 1), 0): (21, 33)
(1, 1, 2, (1, 0, 1), 1): (10, 13)
(1, 1, 2, (1, 0, 1), 2): (4, 5)
(1, 1, 2, (1, 0, 1), 3): (3, 3)
(1, 1, 2, (1, 0, 1), 5): (1, 1)
(1, 1, 2, (1, 0, 1), 10): (1, 1)
(1, 1, 2, (1, 1, 0), -4): (0, 1)
(1, 1, 2, (1, 1, 0), -3): (0, 7)
(1, 1, 2, (1, 1, 0), -2): (1, 6)
(1, 1, 2, (1, 1, 0), -1): (7, 12)
(1, 1, 2, (1, 1, 0), 0): (43, 71)
(1, 1, 2, (1, 1, 0), 1): (29, 38)
(1, 1, 2, (1, 1, 0), 2): (21, 25)
(1, 1, 2, (1, 1, 0), 3): (9, 11)
(1, 1, 2, (1, 1, 0), 4): (4, 4)
(1, 1, 2, (1, 1, 0), 5): (2, 2)
(1, 1, 2, (1, 1, 0), 7): (1, 1)
(1, 1, 2, (1, 1, 1), -2): (0, 4)
(1, 1, 2, (1, 1, 1), -1): (2, 4)
(1, 1, 2, (1, 1, 1), 0): (15, 22)
(1, 1, 2, (1, 1, 1), 1): (8, 11)
(1, 1, 2, (1, 1, 1), 2): (5, 6)
(1, 1, 2, (1, 1, 1), 3): (5, 6)
(1, 1, 2, (1, 1, 1), 5): (1, 1)
(1, 1, 2, (1, 1, 1), 7): (1, 1)
(2, 0, 0, (0, 0, 0), -10): (0, 1)
(2, 0, 0, (0, 0, 0), -7): (0, 1)
(2, 0, 0, (0, 0, 0), -5): (0, 8)
(2, 0, 0, (0, 0, 0), -4): (0, 6)
(2, 0, 0, (0, 0, 0), -3): (7, 35)
(2, 0, 0, (0, 0, 0), -2): (16, 68)
(2, 0, 0, (0, 0, 0), -1): (40, 123)
(2, 0, 0, (0, 0, 0), 0): (264, 597)
(2, 0, 0, (0, 0, 0), 1): (64, 114)
(2, 0, 0, (0, 0, 0), 2): (46, 59)
(2, 0, 0, (0, 0, 0), 3): (24, 27)
(2, 0, 0, (0, 0, 0), 4): (12, 14)
(2, 0, 0, (0, 0, 0), 5): (3, 3)
(2, 0, 0, (0, 0, 0), 6): (1, 1)
(2, 0, 0, (0, 0, 1), -2): (0, 2)
(2, 0, 0, (0, 0, 1), -1): (2, 4)
(2, 0, 0, (0, 0, 1), 0): (7, 10)
(2, 0, 0, (0, 0, 1), 1): (2, 3)
(2, 0, 0, (0, 0, 1), 2): (1, 1)
(2, 0, 0, (0, 0, 1), 3): (2, 2)
(2, 0, 0, (0, 1, 0), -3): (0, 1)
(2, 0, 0, (0, 1, 0), -2): (2, 5)
(2, 0, 0, (0, 1, 0), -1): (4, 6)
(2, 0, 0, (0, 1, 0), 0): (14, 36)
(2, 0, 0, (0, 1, 0), 1): (6, 9)
(2, 0, 0, (0, 1, 0), 2): (3, 5)
(2, 0, 0, (0, 1, 0), 3): (1, 2)
(2, 0, 0, (0, 1, 0), 4): (2, 2)
(2, 0, 0, (0, 1, 1), -1): (2, 4)
(2, 0, 0, (0, 1, 1), 0): (6, 8)
(2, 0, 0, (0, 1, 1), 1): (0, 1)
(2, 0, 0, (0, 1, 1), 2): (1, 1)
(2, 0, 0, (0, 1, 1), 4): (1, 1)
(2, 0, 0, (1, 0, 0), -5): (0, 1)
(2, 0, 0, (1, 0, 0), -3): (1, 5)
(2, 0, 0, (1, 0, 0), -2): (7, 24)
(2, 0, 0, (1, 0, 0), -1): (14, 30)
(2, 0, 0, (1, 0, 0), 0): (76, 163)
(2, 0, 0, (1, 0, 0), 1): (22, 32)
(2, 0, 0, (1, 0, 0), 2): (22, 24)
(2, 0, 0, (1, 0, 0), 3): (3, 3)
(2, 0, 0, (1, 0, 0), 4): (3, 4)
(2, 0, 0, (1, 0, 0), 6): (1, 1)
(2, 0, 0, (1, 0, 1), -3): (1, 1)
(2, 0, 0, (1, 0, 1), -2): (0, 1)
(2, 0, 0, (1, 0, 1), -1): (1, 5)
(2, 0, 0, (1, 0, 1), 0): (5, 5)
(2, 0, 0, (1, 0, 1), 1): (3, 4)
(2, 0, 0, (1, 0, 1), 2): (5, 5)
(2, 0, 0, (1, 0, 1), 3): (1, 1)
(2, 0, 0, (1, 0, 1), 4): (1, 1)
(2, 0, 0, (1, 1, 0), -3): (0, 2)
(2, 0, 0, (1, 1, 0), -2): (2, 8)
(2, 0, 0, (1, 1, 0), -1): (1, 2)
(2, 0, 0, (1, 1, 0), 0): (20, 42)
(2, 0, 0, (1, 1, 0), 1): (5, 6)
(2, 0, 0, (1, 1, 0), 2): (4, 6)
(2, 0, 0, (1, 1, 0), 3): (2, 2)
(2, 0, 0, (1, 1, 0), 4): (0, 1)
(2, 0, 0, (1, 1, 1), -2): (0, 1)
(2, 0, 0, (1, 1, 1), -1): (2, 3)
(2, 0, 0, (1, 1, 1), 0): (5, 7)
(2, 0, 0, (1, 1, 1), 1): (2, 2)
(2, 0, 0, (1, 1, 1), 2): (1, 1)
(2, 0, 1, (0, 0, 0), -10): (0, 1)
(2, 0, 1, (0, 0, 0), -7): (0, 1)
(2, 0, 1, (0, 0, 0), -5): (0, 7)
(2, 0, 1, (0, 0, 0), -4): (0, 6)
(2, 0, 1, (0, 0, 0), -3): (6, 29)
(2, 0, 1, (0, 0, 0), -2): (6, 38)
(2, 0, 1, (0, 0, 0), -1): (19, 86)
(2, 0, 1, (0, 0, 0), 0): (173, 399)
(2, 0, 1, (0, 0, 0), 1): (46, 90)
(2, 0, 1, (0, 0, 0), 2): (29, 41)
(2, 0, 1, (0, 0, 0), 3): (19, 21)
(2, 0, 1, (0, 0, 0), 4): (9, 10)
(2, 0, 1, (0, 0, 0), 5): (4, 4)
(2, 0, 1, (0, 0, 1), -2): (2, 2)
(2, 0, 1, (0, 0, 1), -1): (3, 3)
(2, 0, 1, (0, 0, 1), 0): (6, 14)
(2, 0, 1, (0, 0, 1), 1): (7, 9)
(2, 0, 1, (0, 0, 1), 2): (2, 3)
(2, 0, 1, (0, 0, 1), 3): (0, 1)
(2, 0, 1, (0, 0, 1), 4): (4, 4)
(2, 0, 1, (0, 0, 1), 5): (1, 1)
(2, 0, 1, (0, 1, 0), -4): (0, 1)
(2, 0, 1, (0, 1, 0), -3): (0, 1)
(2, 0, 1, (0, 1, 0), -2): (2, 8)
(2, 0, 1, (0, 1, 0), -1): (3, 10)
(2, 0, 1, (0, 1, 0), 0): (36, 77)
(2, 0, 1, (0, 1, 0), 1): (12, 26)
(2, 0, 1, (0, 1, 0), 2): (11, 19)
(2, 0, 1, (0, 1, 0), 3): (3, 4)
(2, 0, 1, (0, 1, 0), 4): (5, 5)
(2, 0, 1, (0, 1, 0), 5): (1, 1)
(2, 0, 1, (0, 1, 1), -2): (0, 2)
(2, 0, 1, (0, 1, 1), -1): (0, 1)
(2, 0, 1, (0, 1, 1), 0): (12, 21)
(2, 0, 1, (0, 1, 1), 1): (4, 7)
(2, 0, 1, (0, 1, 1), 2): (6, 7)
(2, 0, 1, (0, 1, 1), 3): (1, 2)
(2, 0, 1, (0, 1, 1), 4): (1, 2)
(2, 0, 1, (1, 0, 0), -5): (0, 3)
(2, 0, 1, (1, 0, 0), -4): (0, 1)
(2, 0, 1, (1, 0, 0), -3): (2, 7)
(2, 0, 1, (1, 0, 0), -2): (4, 17)
(2, 0, 1, (1, 0, 0), -1): (14, 41)
(2, 0, 1, (1, 0, 0), 0): (70, 162)
(2, 0, 1, (1, 0, 0), 1): (30, 54)
(2, 0, 1, (1, 0, 0), 2): (15, 20)
(2, 0, 1, (1, 0, 0), 3): (4, 4)
(2, 0, 1, (1, 0, 0), 4): (6, 8)
(2, 0, 1, (1, 0, 0), 5): (1, 1)
(2, 0, 1, (1, 0, 0), 8): (1, 1)
(2, 0, 1, (1, 0, 1), -5): (0, 1)
(2, 0, 1, (1, 0, 1), -3): (1, 1)
(2, 0, 1, (1, 0, 1), -2): (3, 4)
(2, 0, 1, (1, 0, 1), -1): (3, 7)
(2, 0, 1, (1, 0, 1), 0): (12, 20)
(2, 0, 1, (1, 0, 1), 1): (6, 9)
(2, 0, 1, (1, 0, 1), 2): (4, 4)
(2, 0, 1, (1, 0, 1), 3): (4, 5)
(2, 0, 1, (1, 0, 1), 4): (1, 1)
(2, 0, 1, (1, 0, 1), 5): (1, 2)
(2, 0, 1, (1, 1, 0), -5): (0, 1)
(2, 0, 1, (1, 1, 0), -3): (1, 4)
(2, 0, 1, (1, 1, 0), -2): (2, 7)
(2, 0, 1, (1, 1, 0), -1): (4, 11)
(2, 0, 1, (1, 1, 0), 0): (23, 47)
(2, 0, 1, (1, 1, 0), 1): (12, 15)
(2, 0, 1, (1, 1, 0), 2): (12, 17)
(2, 0, 1, (1, 1, 0), 3): (3, 4)
(2, 0, 1, (1, 1, 0), 4): (3, 4)
(2, 0, 1, (1, 1, 1), -5): (0, 1)
(2, 0, 1, (1, 1, 1), -3): (0, 2)
(2, 0, 1, (1, 1, 1), -2): (1, 1)
(2, 0, 1, (1, 1, 1), -1): (2, 4)
(2, 0, 1, (1, 1, 1), 0): (9, 16)
(2, 0, 1, (1, 1, 1), 1): (3, 6)
(2, 0, 1, (1, 1, 1), 2): (3, 3)
(2, 0, 1, (1, 1, 1), 3): (1, 1)
(2, 0, 1, (1, 1, 1), 4): (2, 2)
(2, 0, 1, (1, 1, 1), 5): (3, 3)
(2, 0, 2, (0, 0, 0), -10): (0, 1)
(2, 0, 2, (0, 0, 0), -7): (0, 1)
(2, 0, 2, (0, 0, 0), -5): (0, 5)
(2, 0, 2, (0, 0, 0), -4): (0, 4)
(2, 0, 2, (0, 0, 0), -3): (4, 25)
(2, 0, 2, (0, 0, 0), -2): (6, 30)
(2, 0, 2, (0, 0, 0), -1): (16, 63)
(2, 0, 2, (0, 0, 0), 0): (118, 291)
(2, 0, 2, (0, 0, 0), 1): (35, 69)
(2, 0, 2, (0, 0, 0), 2): (28, 35)
(2, 0, 2, (0, 0, 0), 3): (17, 19)
(2, 0, 2, (0, 0, 0), 4): (8, 8)
(2, 0, 2, (0, 0, 0), 5): (3, 3)
(2, 0, 2, (0, 0, 0), 6): (1, 2)
(2, 0, 2, (0, 0, 1), -2): (0, 1)
(2, 0, 2, (0, 0, 1), -1): (2, 3)
(2, 0, 2, (0, 0, 1), 0): (12, 28)
(2, 0, 2, (0, 0, 1), 1): (5, 10)
(2, 0, 2, (0, 0, 1), 2): (6, 13)
(2, 0, 2, (0, 0, 1), 3): (2, 3)
(2, 0, 2, (0, 0, 1), 4): (3, 4)
(2, 0, 2, (0, 0, 1), 5): (1, 1)
(2, 0, 2, (0, 1, 0), -4): (0, 2)
(2, 0, 2, (0, 1, 0), -3): (0, 3)
(2, 0, 2, (0, 1, 0), -2): (2, 10)
(2, 0, 2, (0, 1, 0), -1): (2, 17)
(2, 0, 2, (0, 1, 0), 0): (25, 68)
(2, 0, 2, (0, 1, 0), 1): (17, 36)
(2, 0, 2, (0, 1, 0), 2): (8, 15)
(2, 0, 2, (0, 1, 0), 3): (7, 9)
(2, 0, 2, (0, 1, 0), 4): (2, 5)
(2, 0, 2, (0, 1, 0), 5): (3, 3)
(2, 0, 2, (0, 1, 0), 6): (1, 1)
(2, 0, 2, (0, 1, 0), 8): (1, 1)
(2, 0, 2, (0, 1, 1), -2): (1, 3)
(2, 0, 2, (0, 1, 1), -1): (1, 3)
(2, 0, 2, (0, 1, 1), 0): (11, 17)
(2, 0, 2, (0, 1, 1), 1): (3, 6)
(2, 0, 2, (0, 1, 1), 2): (3, 4)
(2, 0, 2, (0, 1, 1), 3): (1, 1)
(2, 0, 2, (0, 1, 1), 4): (1, 1)
(2, 0, 2, (1, 0, 0), -7): (0, 1)
(2, 0, 2, (1, 0, 0), -5): (0, 2)
(2, 0, 2, (1, 0, 0), -4): (0, 2)
(2, 0, 2, (1, 0, 0), -3): (1, 10)
(2, 0, 2, (1, 0, 0), -2): (4, 18)
(2, 0, 2, (1, 0, 0), -1): (11, 34)
(2, 0, 2, (1, 0, 0), 0): (54, 141)
(2, 0, 2, (1, 0, 0), 1): (32, 61)
(2, 0, 2, (1, 0, 0), 2): (13, 21)
(2, 0, 2, (1, 0, 0), 3): (9, 13)
(2, 0, 2, (1, 0, 0), 4): (8, 9)
(2, 0, 2, (1, 0, 0), 5): (4, 4)
(2, 0, 2, (1, 0, 0), 6): (1, 1)
(2, 0, 2, (1, 0, 0), 8): (1, 1)
(2, 0, 2, (1, 0, 1), -3): (1, 1)
(2, 0, 2, (1, 0, 1), -2): (0, 1)
(2, 0, 2, (1, 0, 1), -1): (0, 4)
(2, 0, 2, (1, 0, 1), 0): (12, 18)
(2, 0, 2, (1, 0, 1), 1): (3, 5)
(2, 0, 2, (1, 0, 1), 2): (6, 8)
(2, 0, 2, (1, 0, 1), 3): (3, 5)
(2, 0, 2, (1, 0, 1), 4): (2, 2)
(2, 0, 2, (1, 0, 1), 7): (1, 1)
(2, 0, 2, (1, 1, 0), -3): (0, 3)
(2, 0, 2, (1, 1, 0), -2): (4, 12)
(2, 0, 2, (1, 1, 0), -1): (6, 11)
(2, 0, 2, (1, 1, 0), 0): (27, 65)
(2, 0, 2, (1, 1, 0), 1): (22, 39)
(2, 0, 2, (1, 1, 0), 2): (7, 10)
(2, 0, 2, (1, 1, 0), 3): (9, 11)
(2, 0, 2, (1, 1, 0), 4): (7, 8)
(2, 0, 2, (1, 1, 0), 5): (3, 3)
(2, 0, 2, (1, 1, 0), 6): (4, 4)
(2, 0, 2, (1, 1, 1), -3): (0, 1)
(2, 0, 2, (1, 1, 1), -2): (1, 1)
(2, 0, 2, (1, 1, 1), -1): (0, 3)
(2, 0, 2, (1, 1, 1), 0): (8, 20)
(2, 0, 2, (1, 1, 1), 1): (4, 10)
(2, 0, 2, (1, 1, 1), 2): (5, 6)
(2, 0, 2, (1, 1, 1), 3): (1, 1)
(2, 0, 2, (1, 1, 1), 4): (1, 1)
(2, 0, 2, (1, 1, 1), 5): (1, 1)
(2, 1, 0, (0, 0, 0), -8): (0, 2)
(2, 1, 0, (0, 0, 0), -7): (0, 1)
(2, 1, 0, (0, 0, 0), -6): (1, 6)
(2, 1, 0, (0, 0, 0), -5): (1, 9)
(2, 1, 0, (0, 0, 0), -4): (7, 31)
(2, 1, 0, (0, 0, 0), -3): (7, 37)
(2, 1, 0, (0, 0, 0), -2): (25, 85)
(2, 1, 0, (0, 0, 0), -1): (87, 182)
(2, 1, 0, (0, 0, 0), 0): (289, 488)
(2, 1, 0, (0, 0, 0), 1): (83, 113)
(2, 1, 0, (0, 0, 0), 2): (49, 59)
(2, 1, 0, (0, 0, 0), 3): (27, 31)
(2, 1, 0, (0, 0, 0), 4): (7, 7)
(2, 1, 0, (0, 0, 0), 5): (7, 7)
(2, 1, 0, (0, 0, 0), 7): (1, 1)
(2, 1, 0, (0, 0, 0), 10): (1, 1)
(2, 1, 0, (0, 0, 1), -3): (1, 1)
(2, 1, 0, (0, 0, 1), -1): (4, 5)
(2, 1, 0, (0, 0, 1), 0): (3, 5)
(2, 1, 0, (0, 0, 1), 1): (2, 3)
(2, 1, 0, (0, 0, 1), 2): (1, 1)
(2, 1, 0, (0, 0, 1), 4): (1, 1)
(2, 1, 0, (0, 1, 0), -4): (0, 2)
(2, 1, 0, (0, 1, 0), -3): (1, 3)
(2, 1, 0, (0, 1, 0), -2): (3, 4)
(2, 1, 0, (0, 1, 0), -1): (10, 11)
(2, 1, 0, (0, 1, 0), 0): (17, 24)
(2, 1, 0, (0, 1, 0), 1): (5, 7)
(2, 1, 0, (0, 1, 0), 2): (6, 6)
(2, 1, 0, (0, 1, 0), 3): (2, 2)
(2, 1, 0, (0, 1, 0), 4): (1, 1)
(2, 1, 0, (0, 1, 0), 6): (1, 1)
(2, 1, 0, (0, 1, 1), -2): (0, 1)
(2, 1, 0, (0, 1, 1), -1): (1, 1)
(2, 1, 0, (0, 1, 1), 0): (3, 4)
(2, 1, 0, (0, 1, 1), 2): (1, 1)
(2, 1, 0, (0, 1, 1), 4): (1, 1)
(2, 1, 0, (0, 1, 1), 5): (1, 1)
(2, 1, 0, (1, 0, 0), -8): (0, 1)
(2, 1, 0, (1, 0, 0), -6): (0, 1)
(2, 1, 0, (1, 0, 0), -5): (1, 5)
(2, 1, 0, (1, 0, 0), -4): (2, 5)
(2, 1, 0, (1, 0, 0), -3): (0, 3)
(2, 1, 0, (1, 0, 0), -2): (2, 14)
(2, 1, 0, (1, 0, 0), -1): (27, 52)
(2, 1, 0, (1, 0, 0), 0): (72, 119)
(2, 1, 0, (1, 0, 0), 1): (16, 19)
(2, 1, 0, (1, 0, 0), 2): (19, 22)
(2, 1, 0, (1, 0, 0), 3): (6, 9)
(2, 1, 0, (1, 0, 0), 4): (3, 3)
(2, 1, 0, (1, 0, 0), 5): (1, 1)
(2, 1, 0, (1, 0, 0), 6): (1, 1)
(2, 1, 0, (1, 0, 0), 7): (1, 1)
(2, 1, 0, (1, 0, 1), -3): (0, 1)
(2, 1, 0, (1, 0, 1), -1): (5, 6)
(2, 1, 0, (1, 0, 1), 0): (3, 8)
(2, 1, 0, (1, 0, 1), 1): (3, 3)
(2, 1, 0, (1, 0, 1), 2): (1, 1)
(2, 1, 0, (1, 1, 0), -5): (0, 2)
(2, 1, 0, (1, 1, 0), -4): (1, 2)
(2, 1, 0, (1, 1, 0), -2): (2, 5)
(2, 1, 0, (1, 1, 0), -1): (6, 13)
(2, 1, 0, (1, 1, 0), 0): (13, 22)
(2, 1, 0, (1, 1, 0), 1): (3, 4)
(2, 1, 0, (1, 1, 0), 2): (4, 4)
(2, 1, 0, (1, 1, 0), 3): (1, 1)
(2, 1, 0, (1, 1, 0), 4): (1, 1)
(2, 1, 0, (1, 1, 1), -4): (1, 2)
(2, 1, 0, (1, 1, 1), -2): (1, 1)
(2, 1, 0, (1, 1, 1), -1): (2, 2)
(2, 1, 0, (1, 1, 1), 0): (5, 7)
(2, 1, 0, (1, 1, 1), 1): (0, 1)
(2, 1, 0, (1, 1, 1), 2): (1, 1)
(2, 1, 0, (1, 1, 1), 3): (1, 1)
(2, 1, 0, (1, 1, 1), 4): (1, 1)
(2, 1, 0, (1, 1, 1), 5): (1, 1)
(2, 1, 1, (0, 0, 0), -8): (0, 1)
(2, 1, 1, (0, 0, 0), -7): (0, 1)
(2, 1, 1, (0, 0, 0), -6): (1, 5)
(2, 1, 1, (0, 0, 0), -5): (0, 4)
(2, 1, 1, (0, 0, 0), -4): (5, 24)
(2, 1, 1, (0, 0, 0), -3): (5, 30)
(2, 1, 1, (0, 0, 0), -2): (20, 66)
(2, 1, 1, (0, 0, 0), -1): (50, 119)
(2, 1, 1, (0, 0, 0), 0): (200, 347)
(2, 1, 1, (0, 0, 0), 1): (66, 91)
(2, 1, 1, (0, 0, 0), 2): (30, 39)
(2, 1, 1, (0, 0, 0), 3): (21, 22)
(2, 1, 1, (0, 0, 0), 4): (4, 4)
(2, 1, 1, (0, 0, 0), 5): (7, 7)
(2, 1, 1, (0, 0, 0), 7): (1, 1)
(2, 1, 1, (0, 0, 0), 10): (1, 1)
(2, 1, 1, (0, 0, 1), -6): (0, 1)
(2, 1, 1, (0, 0, 1), -4): (1, 1)
(2, 1, 1, (0, 0, 1), -3): (2, 2)
(2, 1, 1, (0, 0, 1), -2): (2, 3)
(2, 1, 1, (0, 0, 1), -1): (5, 7)
(2, 1, 1, (0, 0, 1), 0): (11, 19)
(2, 1, 1, (0, 0, 1), 1): (6, 9)
(2, 1, 1, (0, 0, 1), 2): (4, 5)
(2, 1, 1, (0, 0, 1), 3): (3, 3)
(2, 1, 1, (0, 0, 1), 4): (1, 1)
(2, 1, 1, (0, 1, 0), -6): (0, 1)
(2, 1, 1, (0, 1, 0), -4): (0, 1)
(2, 1, 1, (0, 1, 0), -3): (0, 3)
(2, 1, 1, (0, 1, 0), -2): (1, 7)
(2, 1, 1, (0, 1, 0), -1): (8, 15)
(2, 1, 1, (0, 1, 0), 0): (32, 49)
(2, 1, 1, (0, 1, 0), 1): (5, 10)
(2, 1, 1, (0, 1, 0), 2): (16, 20)
(2, 1, 1, (0, 1, 0), 3): (3, 4)
(2, 1, 1, (0, 1, 0), 4): (3, 3)
(2, 1, 1, (0, 1, 0), 5): (1, 1)
(2, 1, 1, (0, 1, 0), 6): (1, 1)
(2, 1, 1, (0, 1, 1), -2): (0, 1)
(2, 1, 1, (0, 1, 1), -1): (4, 7)
(2, 1, 1, (0, 1, 1), 0): (4, 9)
(2, 1, 1, (0, 1, 1), 1): (2, 6)
(2, 1, 1, (0, 1, 1), 2): (3, 3)
(2, 1, 1, (0, 1, 1), 4): (3, 3)
(2, 1, 1, (1, 0, 0), -8): (0, 1)
(2, 1, 1, (1, 0, 0), -7): (0, 1)
(2, 1, 1, (1, 0, 0), -6): (0, 1)
(2, 1, 1, (1, 0, 0), -5): (1, 3)
(2, 1, 1, (1, 0, 0), -4): (3, 10)
(2, 1, 1, (1, 0, 0), -3): (3, 9)
(2, 1, 1, (1, 0, 0), -2): (11, 22)
(2, 1, 1, (1, 0, 0), -1): (19, 45)
(2, 1, 1, (1, 0, 0), 0): (99, 160)
(2, 1, 1, (1, 0, 0), 1): (27, 38)
(2, 1, 1, (1, 0, 0), 2): (23, 28)
(2, 1, 1, (1, 0, 0), 3): (15, 17)
(2, 1, 1, (1, 0, 0), 4): (6, 6)
(2, 1, 1, (1, 0, 0), 5): (2, 2)
(2, 1, 1, (1, 0, 0), 7): (1, 1)
(2, 1, 1, (1, 0, 0), 10): (1, 1)
(2, 1, 1, (1, 0, 1), -4): (1, 1)
(2, 1, 1, (1, 0, 1), -3): (1, 1)
(2, 1, 1, (1, 0, 1), -2): (2, 2)
(2, 1, 1, (1, 0, 1), -1): (2, 3)
(2, 1, 1, (1, 0, 1), 0): (7, 13)
(2, 1, 1, (1, 0, 1), 1): (5, 6)
(2, 1, 1, (1, 0, 1), 2): (1, 2)
(2, 1, 1, (1, 0, 1), 3): (1, 1)
(2, 1, 1, (1, 0, 1), 6): (1, 1)
(2, 1, 1, (1, 1, 0), -5): (0, 1)
(2, 1, 1, (1, 1, 0), -4): (0, 1)
(2, 1, 1, (1, 1, 0), -3): (1, 5)
(2, 1, 1, (1, 1, 0), -2): (1, 5)
(2, 1, 1, (1, 1, 0), -1): (9, 18)
(2, 1, 1, (1, 1, 0), 0): (30, 49)
(2, 1, 1, (1, 1, 0), 1): (9, 14)
(2, 1, 1, (1, 1, 0), 2): (9, 13)
(2, 1, 1, (1, 1, 0), 3): (4, 5)
(2, 1, 1, (1, 1, 0), 4): (5, 5)
(2, 1, 1, (1, 1, 0), 5): (3, 3)
(2, 1, 1, (1, 1, 0), 6): (2, 2)
(2, 1, 1, (1, 1, 0), 7): (1, 1)
(2, 1, 1, (1, 1, 0), 10): (1, 1)
(2, 1, 1, (1, 1, 1), -3): (2, 4)
(2, 1, 1, (1, 1, 1), -2): (1, 1)
(2, 1, 1, (1, 1, 1), -1): (5, 7)
(2, 1, 1, (1, 1, 1), 0): (8, 14)
(2, 1, 1, (1, 1, 1), 1): (3, 7)
(2, 1, 1, (1, 1, 1), 2): (4, 6)
(2, 1, 1, (1, 1, 1), 3): (1, 2)
(2, 1, 1, (1, 1, 1), 4): (3, 3)
(2, 1, 1, (1, 1, 1), 5): (1, 1)
(2, 1, 1, (1, 1, 1), 6): (2, 2)
(2, 1, 2, (0, 0, 0), -8): (0, 1)
(2, 1, 2, (0, 0, 0), -6): (1, 4)
(2, 1, 2, (0, 0, 0), -5): (0, 3)
(2, 1, 2, (0, 0, 0), -4): (3, 18)
(2, 1, 2, (0, 0, 0), -3): (3, 23)
(2, 1, 2, (0, 0, 0), -2): (12, 50)
(2, 1, 2, (0, 0, 0), -1): (44, 100)
(2, 1, 2, (0, 0, 0), 0): (143, 255)
(2, 1, 2, (0, 0, 0), 1): (52, 79)
(2, 1, 2, (0, 0, 0), 2): (19, 25)
(2, 1, 2, (0, 0, 0), 3): (12, 14)
(2, 1, 2, (0, 0, 0), 4): (5, 6)
(2, 1, 2, (0, 0, 0), 5): (6, 6)
(2, 1, 2, (0, 0, 0), 6): (1, 1)
(2, 1, 2, (0, 0, 1), -6): (0, 1)
(2, 1, 2, (0, 0, 1), -5): (0, 1)
(2, 1, 2, (0, 0, 1), -4): (0, 1)
(2, 1, 2, (0, 0, 1), -2): (1, 4)
(2, 1, 2, (0, 0, 1), -1): (4, 7)
(2, 1, 2, (0, 0, 1), 0): (13, 19)
(2, 1, 2, (0, 0, 1), 1): (5, 8)
(2, 1, 2, (0, 0, 1), 2): (3, 5)
(2, 1, 2, (0, 0, 1), 3): (4, 5)
(2, 1, 2, (0, 0, 1), 4): (3, 4)
(2, 1, 2, (0, 0, 1), 8): (1, 1)
(2, 1, 2, (0, 1, 0), -6): (0, 1)
(2, 1, 2, (0, 1, 0), -5): (0, 2)
(2, 1, 2, (0, 1, 0), -3): (0, 3)
(2, 1, 2, (0, 1, 0), -2): (2, 7)
(2, 1, 2, (0, 1, 0), -1): (9, 18)
(2, 1, 2, (0, 1, 0), 0): (35, 55)
(2, 1, 2, (0, 1, 0), 1): (17, 24)
(2, 1, 2, (0, 1, 0), 2): (17, 20)
(2, 1, 2, (0, 1, 0), 3): (5, 8)
(2, 1, 2, (0, 1, 0), 4): (2, 2)
(2, 1, 2, (0, 1, 0), 5): (5, 5)
(2, 1, 2, (0, 1, 0), 6): (2, 2)
(2, 1, 2, (0, 1, 0), 7): (1, 1)
(2, 1, 2, (0, 1, 1), -4): (0, 1)
(2, 1, 2, (0, 1, 1), -2): (1, 2)
(2, 1, 2, (0, 1, 1), -1): (2, 6)
(2, 1, 2, (0, 1, 1), 0): (8, 13)
(2, 1, 2, (0, 1, 1), 1): (5, 6)
(2, 1, 2, (0, 1, 1), 2): (3, 4)
(2, 1, 2, (0, 1, 1), 3): (1, 1)
(2, 1, 2, (0, 1, 1), 4): (3, 3)
(2, 1, 2, (0, 1, 1), 5): (1, 1)
(2, 1, 2, (0, 1, 1), 6): (1, 1)
(2, 1, 2, (1, 0, 0), -8): (0, 2)
(2, 1, 2, (1, 0, 0), -7): (0, 1)
(2, 1, 2, (1, 0, 0), -6): (0, 3)
(2, 1, 2, (1, 0, 0), -5): (1, 2)
(2, 1, 2, (1, 0, 0), -4): (2, 15)
(2, 1, 2, (1, 0, 0), -3): (1, 11)
(2, 1, 2, (1, 0, 0), -2): (9, 31)
(2, 1, 2, (1, 0, 0), -1): (23, 57)
(2, 1, 2, (1, 0, 0), 0): (76, 136)
(2, 1, 2, (1, 0, 0), 1): (29, 43)
(2, 1, 2, (1, 0, 0), 2): (25, 28)
(2, 1, 2, (1, 0, 0), 3): (16, 16)
(2, 1, 2, (1, 0, 0), 4): (6, 8)
(2, 1, 2, (1, 0, 0), 5): (4, 4)
(2, 1, 2, (1, 0, 0), 6): (1, 1)
(2, 1, 2, (1, 0, 0), 7): (3, 3)
(2, 1, 2, (1, 0, 0), 9): (1, 1)
(2, 1, 2, (1, 0, 1), -4): (0, 1)
(2, 1, 2, (1, 0, 1), -3): (0, 2)
(2, 1, 2, (1, 0, 1), -2): (0, 3)
(2, 1, 2, (1, 0, 1), -1): (2, 3)
(2, 1, 2, (1, 0, 1), 0): (7, 18)
(2, 1, 2, (1, 0, 1), 1): (5, 8)
(2, 1, 2, (1, 0, 1), 2): (8, 11)
(2, 1, 2, (1, 0, 1), 3): (2, 2)
(2, 1, 2, (1, 0, 1), 4): (0, 1)
(2, 1, 2, (1, 0, 1), 5): (1, 1)
(2, 1, 2, (1, 0, 1), 6): (1, 1)
(2, 1, 2, (1, 1, 0), -6): (0, 2)
(2, 1, 2, (1, 1, 0), -5): (0, 1)
(2, 1, 2, (1, 1, 0), -4): (0, 2)
(2, 1, 2, (1, 1, 0), -3): (0, 4)
(2, 1, 2, (1, 1, 0), -2): (2, 11)
(2, 1, 2, (1, 1, 0), -1): (8, 23)
(2, 1, 2, (1, 1, 0), 0): (36, 57)
(2, 1, 2, (1, 1, 0), 1): (13, 23)
(2, 1, 2, (1, 1, 0), 2): (10, 14)
(2, 1, 2, (1, 1, 0), 3): (5, 8)
(2, 1, 2, (1, 1, 0), 4): (6, 6)
(2, 1, 2, (1, 1, 0), 5): (4, 4)
(2, 1, 2, (1, 1, 0), 7): (2, 2)
(2, 1, 2, (1, 1, 0), 8): (1, 1)
(2, 1, 2, (1, 1, 0), 9): (1, 1)
(2, 1, 2, (1, 1, 1), -3): (1, 2)
(2, 1, 2, (1, 1, 1), -2): (1, 4)
(2, 1, 2, (1, 1, 1), -1): (6, 7)
(2, 1, 2, (1, 1, 1), 0): (11, 17)
(2, 1, 2, (1, 1, 1), 1): (3, 5)
(2, 1, 2, (1, 1, 1), 2): (4, 5)
(2, 1, 2, (1, 1, 1), 3): (2, 3)
(2, 1, 2, (1, 1, 1), 4): (3, 4)
(2, 1, 2, (1, 1, 1), 5): (2, 2)
(2, 1, 2, (1, 1, 1), 6): (2, 2)
(3, 0, 0, (0, 0, 0), -10): (0, 1)
(3, 0, 0, (0, 0, 0), -9): (0, 1)
(3, 0, 0, (0, 0, 0), -8): (0, 1)
(3, 0, 0, (0, 0, 0), -7): (0, 4)
(3, 0, 0, (0, 0, 0), -6): (0, 5)
(3, 0, 0, (0, 0, 0), -5): (0, 13)
(3, 0, 0, (0, 0, 0), -4): (4, 20)
(3, 0, 0, (0, 0, 0), -3): (7, 40)
(3, 0, 0, (0, 0, 0), -2): (19, 81)
(3, 0, 0, (0, 0, 0), -1): (52, 149)
(3, 0, 0, (0, 0, 0), 0): (179, 424)
(3, 0, 0, (0, 0, 0), 1): (90, 159)
(3, 0, 0, (0, 0, 0), 2): (54, 77)
(3, 0, 0, (0, 0, 0), 3): (29, 34)
(3, 0, 0, (0, 0, 0), 4): (21, 25)
(3, 0, 0, (0, 0, 0), 5): (8, 9)
(3, 0, 0, (0, 0, 0), 6): (5, 6)
(3, 0, 0, (0, 0, 0), 7): (2, 2)
(3, 0, 0, (0, 0, 0), 8): (2, 2)
(3, 0, 0, (0, 0, 1), -1): (3, 3)
(3, 0, 0, (0, 0, 1), 0): (4, 5)
(3, 0, 0, (0, 0, 1), 1): (2, 2)
(3, 0, 0, (0, 0, 1), 2): (1, 3)
(3, 0, 0, (0, 0, 1), 3): (2, 2)
(3, 0, 0, (0, 0, 1), 4): (3, 3)
(3, 0, 0, (0, 1, 0), -4): (0, 1)
(3, 0, 0, (0, 1, 0), -1): (5, 8)
(3, 0, 0, (0, 1, 0), 0): (11, 22)
(3, 0, 0, (0, 1, 0), 1): (5, 10)
(3, 0, 0, (0, 1, 0), 2): (2, 7)
(3, 0, 0, (0, 1, 0), 3): (1, 2)
(3, 0, 0, (0, 1, 0), 4): (1, 1)
(3, 0, 0, (0, 1, 0), 7): (1, 1)
(3, 0, 0, (0, 1, 1), -3): (1, 1)
(3, 0, 0, (0, 1, 1), -2): (0, 1)
(3, 0, 0, (0, 1, 1), 0): (3, 4)
(3, 0, 0, (0, 1, 1), 1): (1, 2)
(3, 0, 0, (0, 1, 1), 2): (1, 1)
(3, 0, 0, (0, 1, 1), 3): (1, 1)
(3, 0, 0, (0, 1, 1), 4): (1, 1)
(3, 0, 0, (0, 1, 1), 5): (1, 1)
(3, 0, 0, (0, 1, 1), 7): (1, 1)
(3, 0, 0, (1, 0, 0), -10): (0, 1)
(3, 0, 0, (1, 0, 0), -7): (0, 3)
(3, 0, 0, (1, 0, 0), -5): (0, 4)
(3, 0, 0, (1, 0, 0), -4): (1, 7)
(3, 0, 0, (1, 0, 0), -3): (3, 12)
(3, 0, 0, (1, 0, 0), -2): (5, 15)
(3, 0, 0, (1, 0, 0), -1): (21, 44)
(3, 0, 0, (1, 0, 0), 0): (49, 98)
(3, 0, 0, (1, 0, 0), 1): (28, 49)
(3, 0, 0, (1, 0, 0), 2): (12, 14)
(3, 0, 0, (1, 0, 0), 3): (10, 12)
(3, 0, 0, (1, 0, 0), 4): (6, 7)
(3, 0, 0, (1, 0, 0), 5): (2, 2)
(3, 0, 0, (1, 0, 0), 6): (3, 3)
(3, 0, 0, (1, 0, 0), 7): (1, 1)
(3, 0, 0, (1, 0, 1), -2): (1, 2)
(3, 0, 0, (1, 0, 1), -1): (2, 4)
(3, 0, 0, (1, 0, 1), 0): (4, 7)
(3, 0, 0, (1, 0, 1), 1): (2, 4)
(3, 0, 0, (1, 0, 1), 2): (1, 2)
(3, 0, 0, (1, 0, 1), 4): (3, 3)
(3, 0, 0, (1, 0, 1), 5): (2, 2)
(3, 0, 0, (1, 0, 1), 6): (1, 1)
(3, 0, 0, (1, 1, 0), -5): (0, 1)
(3, 0, 0, (1, 1, 0), -4): (1, 1)
(3, 0, 0, (1, 1, 0), -3): (0, 1)
(3, 0, 0, (1, 1, 0), -2): (0, 2)
(3, 0, 0, (1, 1, 0), -1): (7, 8)
(3, 0, 0, (1, 1, 0), 0): (8, 15)
(3, 0, 0, (1, 1, 0), 1): (5, 7)
(3, 0, 0, (1, 1, 0), 2): (0, 1)
(3, 0, 0, (1, 1, 0), 3): (2, 2)
(3, 0, 0, (1, 1, 0), 4): (1, 1)
(3, 0, 0, (1, 1, 0), 6): (1, 1)
(3, 0, 0, (1, 1, 1), -1): (1, 2)
(3, 0, 0, (1, 1, 1), 0): (3, 3)
(3, 0, 0, (1, 1, 1), 1): (1, 1)
(3, 0, 0, (1, 1, 1), 4): (1, 1)
(3, 0, 1, (0, 0, 0), -9): (0, 1)
(3, 0, 1, (0, 0, 0), -8): (0, 1)
(3, 0, 1, (0, 0, 0), -7): (0, 1)
(3, 0, 1, (0, 0, 0), -6): (0, 5)
(3, 0, 1, (0, 0, 0), -5): (0, 8)
(3, 0, 1, (0, 0, 0), -4): (3, 12)
(3, 0, 1, (0, 0, 0), -3): (4, 28)
(3, 0, 1, (0, 0, 0), -2): (13, 64)
(3, 0, 1, (0, 0, 0), -1): (27, 98)
(3, 0, 1, (0, 0, 0), 0): (120, 308)
(3, 0, 1, (0, 0, 0), 1): (66, 111)
(3, 0, 1, (0, 0, 0), 2): (44, 59)
(3, 0, 1, (0, 0, 0), 3): (25, 27)
(3, 0, 1, (0, 0, 0), 4): (18, 21)
(3, 0, 1, (0, 0, 0), 5): (9, 11)
(3, 0, 1, (0, 0, 0), 6): (1, 2)
(3, 0, 1, (0, 0, 0), 7): (1, 1)
(3, 0, 1, (0, 0, 0), 8): (2, 2)
(3, 0, 1, (0, 0, 1), -9): (0, 1)
(3, 0, 1, (0, 0, 1), -4): (0, 1)
(3, 0, 1, (0, 0, 1), -3): (1, 1)
(3, 0, 1, (0, 0, 1), -1): (6, 6)
(3, 0, 1, (0, 0, 1), 0): (10, 17)
(3, 0, 1, (0, 0, 1), 1): (2, 3)
(3, 0, 1, (0, 0, 1), 2): (4, 10)
(3, 0, 1, (0, 0, 1), 3): (2, 3)
(3, 0, 1, (0, 0, 1), 4): (2, 2)
(3, 0, 1, (0, 0, 1), 7): (1, 1)
(3, 0, 1, (0, 1, 0), -10): (0, 1)
(3, 0, 1, (0, 1, 0), -9): (0, 1)
(3, 0, 1, (0, 1, 0), -7): (0, 1)
(3, 0, 1, (0, 1, 0), -4): (1, 2)
(3, 0, 1, (0, 1, 0), -3): (0, 4)
(3, 0, 1, (0, 1, 0), -2): (1, 6)
(3, 0, 1, (0, 1, 0), -1): (7, 17)
(3, 0, 1, (0, 1, 0), 0): (22, 47)
(3, 0, 1, (0, 1, 0), 1): (7, 19)
(3, 0, 1, (0, 1, 0), 2): (10, 14)
(3, 0, 1, (0, 1, 0), 3): (4, 4)
(3, 0, 1, (0, 1, 0), 4): (3, 3)
(3, 0, 1, (0, 1, 0), 5): (2, 2)
(3, 0, 1, (0, 1, 0), 6): (1, 1)
(3, 0, 1, (0, 1, 1), -2): (0, 2)
(3, 0, 1, (0, 1, 1), -1): (3, 6)
(3, 0, 1, (0, 1, 1), 0): (5, 7)
(3, 0, 1, (0, 1, 1), 1): (7, 11)
(3, 0, 1, (0, 1, 1), 2): (1, 1)
(3, 0, 1, (0, 1, 1), 3): (3, 3)
(3, 0, 1, (0, 1, 1), 4): (1, 1)
(3, 0, 1, (0, 1, 1), 5): (3, 3)
(3, 0, 1, (0, 1, 1), 6): (1, 1)
(3, 0, 1, (0, 1, 1), 7): (1, 1)
(3, 0, 1, (1, 0, 0), -9): (0, 1)
(3, 0, 1, (1, 0, 0), -7): (0, 2)
(3, 0, 1, (1, 0, 0), -6): (0, 2)
(3, 0, 1, (1, 0, 0), -5): (0, 3)
(3, 0, 1, (1, 0, 0), -4): (1, 7)
(3, 0, 1, (1, 0, 0), -3): (4, 14)
(3, 0, 1, (1, 0, 0), -2): (8, 24)
(3, 0, 1, (1, 0, 0), -1): (16, 50)
(3, 0, 1, (1, 0, 0), 0): (48, 113)
(3, 0, 1, (1, 0, 0), 1): (41, 66)
(3, 0, 1, (1, 0, 0), 2): (21, 27)
(3, 0, 1, (1, 0, 0), 3): (11, 15)
(3, 0, 1, (1, 0, 0), 4): (5, 6)
(3, 0, 1, (1, 0, 0), 5): (4, 4)
(3, 0, 1, (1, 0, 0), 6): (1, 1)
(3, 0, 1, (1, 0, 0), 7): (1, 1)
(3, 0, 1, (1, 0, 1), -3): (0, 2)
(3, 0, 1, (1, 0, 1), -2): (0, 1)
(3, 0, 1, (1, 0, 1), -1): (5, 6)
(3, 0, 1, (1, 0, 1), 0): (8, 11)
(3, 0, 1, (1, 0, 1), 1): (4, 6)
(3, 0, 1, (1, 0, 1), 2): (3, 5)
(3, 0, 1, (1, 0, 1), 3): (4, 4)
(3, 0, 1, (1, 0, 1), 4): (1, 1)
(3, 0, 1, (1, 0, 1), 5): (2, 2)
(3, 0, 1, (1, 0, 1), 6): (1, 1)
(3, 0, 1, (1, 0, 1), 8): (1, 1)
(3, 0, 1, (1, 1, 0), -7): (0, 1)
(3, 0, 1, (1, 1, 0), -6): (0, 2)
(3, 0, 1, (1, 1, 0), -5): (0, 1)
(3, 0, 1, (1, 1, 0), -4): (1, 4)
(3, 0, 1, (1, 1, 0), -3): (0, 3)
(3, 0, 1, (1, 1, 0), -2): (2, 6)
(3, 0, 1, (1, 1, 0), -1): (9, 15)
(3, 0, 1, (1, 1, 0), 0): (16, 34)
(3, 0, 1, (1, 1, 0), 1): (8, 13)
(3, 0, 1, (1, 1, 0), 2): (6, 7)
(3, 0, 1, (1, 1, 0), 3): (1, 1)
(3, 0, 1, (1, 1, 0), 4): (4, 4)
(3, 0, 1, (1, 1, 0), 5): (3, 3)
(3, 0, 1, (1, 1, 1), -7): (0, 1)
(3, 0, 1, (1, 1, 1), -2): (0, 2)
(3, 0, 1, (1, 1, 1), -1): (1, 3)
(3, 0, 1, (1, 1, 1), 0): (7, 10)
(3, 0, 1, (1, 1, 1), 1): (6, 9)
(3, 0, 1, (1, 1, 1), 2): (2, 3)
(3, 0, 1, (1, 1, 1), 3): (3, 3)
(3, 0, 1, (1, 1, 1), 4): (3, 3)
(3, 0, 1, (1, 1, 1), 5): (4, 4)
(3, 0, 1, (1, 1, 1), 8): (1, 1)
(3, 0, 2, (0, 0, 0), -8): (0, 2)
(3, 0, 2, (0, 0, 0), -7): (0, 1)
(3, 0, 2, (0, 0, 0), -6): (0, 3)
(3, 0, 2, (0, 0, 0), -5): (0, 8)
(3, 0, 2, (0, 0, 0), -4): (1, 9)
(3, 0, 2, (0, 0, 0), -3): (3, 22)
(3, 0, 2, (0, 0, 0), -2): (7, 43)
(3, 0, 2, (0, 0, 0), -1): (16, 69)
(3, 0, 2, (0, 0, 0), 0): (87, 234)
(3, 0, 2, (0, 0, 0), 1): (51, 92)
(3, 0, 2, (0, 0, 0), 2): (30, 43)
(3, 0, 2, (0, 0, 0), 3): (22, 26)
(3, 0, 2, (0, 0, 0), 4): (15, 17)
(3, 0, 2, (0, 0, 0), 5): (6, 8)
(3, 0, 2, (0, 0, 0), 6): (2, 3)
(3, 0, 2, (0, 0, 0), 7): (1, 1)
(3, 0, 2, (0, 0, 0), 8): (3, 3)
(3, 0, 2, (0, 0, 1), -5): (0, 1)
(3, 0, 2, (0, 0, 1), -4): (1, 1)
(3, 0, 2, (0, 0, 1), -3): (0, 1)
(3, 0, 2, (0, 0, 1), -2): (0, 1)
(3, 0, 2, (0, 0, 1), -1): (4, 6)
(3, 0, 2, (0, 0, 1), 0): (9, 18)
(3, 0, 2, (0, 0, 1), 1): (3, 8)
(3, 0, 2, (0, 0, 1), 2): (3, 6)
(3, 0, 2, (0, 0, 1), 3): (3, 5)
(3, 0, 2, (0, 0, 1), 4): (2, 2)
(3, 0, 2, (0, 0, 1), 5): (1, 1)
(3, 0, 2, (0, 0, 1), 6): (1, 1)
(3, 0, 2, (0, 1, 0), -10): (0, 1)
(3, 0, 2, (0, 1, 0), -5): (0, 2)
(3, 0, 2, (0, 1, 0), -4): (0, 2)
(3, 0, 2, (0, 1, 0), -3): (2, 4)
(3, 0, 2, (0, 1, 0), -2): (2, 8)
(3, 0, 2, (0, 1, 0), -1): (5, 18)
(3, 0, 2, (0, 1, 0), 0): (22, 52)
(3, 0, 2, (0, 1, 0), 1): (15, 37)
(3, 0, 2, (0, 1, 0), 2): (17, 26)
(3, 0, 2, (0, 1, 0), 3): (14, 18)
(3, 0, 2, (0, 1, 0), 4): (5, 5)
(3, 0, 2, (0, 1, 0), 5): (3, 3)
(3, 0, 2, (0, 1, 0), 6): (2, 2)
(3, 0, 2, (0, 1, 0), 7): (1, 1)
(3, 0, 2, (0, 1, 0), 11): (1, 1)
(3, 0, 2, (0, 1, 0), 12): (1, 1)
(3, 0, 2, (0, 1, 1), -4): (0, 1)
(3, 0, 2, (0, 1, 1), -3): (0, 1)
(3, 0, 2, (0, 1, 1), -2): (1, 1)
(3, 0, 2, (0, 1, 1), -1): (2, 5)
(3, 0, 2, (0, 1, 1), 0): (4, 10)
(3, 0, 2, (0, 1, 1), 1): (9, 13)
(3, 0, 2, (0, 1, 1), 2): (3, 4)
(3, 0, 2, (0, 1, 1), 4): (1, 1)
(3, 0, 2, (0, 1, 1), 5): (2, 2)
(3, 0, 2, (0, 1, 1), 6): (1, 1)
(3, 0, 2, (1, 0, 0), -7): (0, 2)
(3, 0, 2, (1, 0, 0), -6): (0, 2)
(3, 0, 2, (1, 0, 0), -5): (0, 6)
(3, 0, 2, (1, 0, 0), -4): (0, 5)
(3, 0, 2, (1, 0, 0), -3): (4, 12)
(3, 0, 2, (1, 0, 0), -2): (9, 27)
(3, 0, 2, (1, 0, 0), -1): (13, 43)
(3, 0, 2, (1, 0, 0), 0): (46, 116)
(3, 0, 2, (1, 0, 0), 1): (38, 58)
(3, 0, 2, (1, 0, 0), 2): (26, 36)
(3, 0, 2, (1, 0, 0), 3): (16, 21)
(3, 0, 2, (1, 0, 0), 4): (12, 15)
(3, 0, 2, (1, 0, 0), 5): (5, 5)
(3, 0, 2, (1, 0, 0), 6): (1, 1)
(3, 0, 2, (1, 0, 0), 7): (1, 1)
(3, 0, 2, (1, 0, 0), 8): (2, 2)
(3, 0, 2, (1, 0, 0), 10): (1, 1)
(3, 0, 2, (1, 0, 1), -5): (0, 1)
(3, 0, 2, (1, 0, 1), -3): (1, 3)
(3, 0, 2, (1, 0, 1), -2): (1, 1)
(3, 0, 2, (1, 0, 1), -1): (2, 6)
(3, 0, 2, (1, 0, 1), 0): (9, 18)
(3, 0, 2, (1, 0, 1), 1): (7, 13)
(3, 0, 2, (1, 0, 1), 2): (5, 8)
(3, 0, 2, (1, 0, 1), 3): (3, 3)
(3, 0, 2, (1, 0, 1), 4): (2, 3)
(3, 0, 2, (1, 0, 1), 5): (2, 2)
(3, 0, 2, (1, 0, 1), 6): (3, 3)
(3, 0, 2, (1, 1, 0), -6): (0, 3)
(3, 0, 2, (1, 1, 0), -5): (0, 5)
(3, 0, 2, (1, 1, 0), -4): (1, 7)
(3, 0, 2, (1, 1, 0), -3): (1, 5)
(3, 0, 2, (1, 1, 0), -2): (3, 13)
(3, 0, 2, (1, 1, 0), -1): (8, 23)
(3, 0, 2, (1, 1, 0), 0): (17, 36)
(3, 0, 2, (1, 1, 0), 1): (14, 28)
(3, 0, 2, (1, 1, 0), 2): (15, 21)
(3, 0, 2, (1, 1, 0), 3): (10, 12)
(3, 0, 2, (1, 1, 0), 4): (8, 8)
(3, 0, 2, (1, 1, 0), 5): (3, 3)
(3, 0, 2, (1, 1, 0), 6): (1, 1)
(3, 0, 2, (1, 1, 0), 8): (1, 1)
(3, 0, 2, (1, 1, 1), -4): (0, 2)
(3, 0, 2, (1, 1, 1), -3): (1, 2)
(3, 0, 2, (1, 1, 1), -2): (1, 4)
(3, 0, 2, (1, 1, 1), -1): (2, 3)
(3, 0, 2, (1, 1, 1), 0): (5, 13)
(3, 0, 2, (1, 1, 1), 1): (7, 11)
(3, 0, 2, (1, 1, 1), 2): (4, 5)
(3, 0, 2, (1, 1, 1), 3): (1, 1)
(3, 0, 2, (1, 1, 1), 4): (1, 1)
(3, 0, 2, (1, 1, 1), 5): (2, 2)
(3, 1, 0, (0, 0, 0), -12): (0, 1)
(3, 1, 0, (0, 0, 0), -8): (0, 3)
(3, 1, 0, (0, 0, 0), -7): (0, 2)
(3, 1, 0, (0, 0, 0), -6): (1, 11)
(3, 1, 0, (0, 0, 0), -5): (2, 24)
(3, 1, 0, (0, 0, 0), -4): (4, 36)
(3, 1, 0, (0, 0, 0), -3): (17, 68)
(3, 1, 0, (0, 0, 0), -2): (35, 92)
(3, 1, 0, (0, 0, 0), -1): (80, 169)
(3, 1, 0, (0, 0, 0), 0): (225, 366)
(3, 1, 0, (0, 0, 0), 1): (92, 131)
(3, 1, 0, (0, 0, 0), 2): (55, 66)
(3, 1, 0, (0, 0, 0), 3): (34, 40)
(3, 1, 0, (0, 0, 0), 4): (17, 18)
(3, 1, 0, (0, 0, 0), 5): (13, 13)
(3, 1, 0, (0, 0, 0), 6): (3, 3)
(3, 1, 0, (0, 0, 0), 7): (3, 3)
(3, 1, 0, (0, 0, 0), 8): (2, 2)
(3, 1, 0, (0, 0, 0), 10): (1, 1)
(3, 1, 0, (0, 0, 1), -1): (1, 1)
(3, 1, 0, (0, 0, 1), 0): (1, 1)
(3, 1, 0, (0, 0, 1), 2): (1, 1)
(3, 1, 0, (0, 0, 1), 3): (2, 2)
(3, 1, 0, (0, 0, 1), 5): (1, 1)
(3, 1, 0, (0, 1, 0), -3): (1, 4)
(3, 1, 0, (0, 1, 0), -2): (2, 4)
(3, 1, 0, (0, 1, 0), -1): (5, 14)
(3, 1, 0, (0, 1, 0), 0): (10, 15)
(3, 1, 0, (0, 1, 0), 1): (6, 8)
(3, 1, 0, (0, 1, 0), 2): (6, 8)
(3, 1, 0, (0, 1, 0), 3): (3, 4)
(3, 1, 0, (0, 1, 1), -4): (0, 1)
(3, 1, 0, (0, 1, 1), -3): (0, 2)
(3, 1, 0, (0, 1, 1), -2): (2, 2)
(3, 1, 0, (0, 1, 1), -1): (1, 2)
(3, 1, 0, (0, 1, 1), 0): (2, 2)
(3, 1, 0, (0, 1, 1), 1): (1, 1)
(3, 1, 0, (0, 1, 1), 2): (2, 4)
(3, 1, 0, (0, 1, 1), 3): (1, 1)
(3, 1, 0, (0, 1, 1), 4): (1, 1)
(3, 1, 0, (1, 0, 0), -8): (0, 2)
(3, 1, 0, (1, 0, 0), -7): (0, 1)
(3, 1, 0, (1, 0, 0), -6): (1, 6)
(3, 1, 0, (1, 0, 0), -5): (2, 10)
(3, 1, 0, (1, 0, 0), -4): (1, 12)
(3, 1, 0, (1, 0, 0), -3): (8, 24)
(3, 1, 0, (1, 0, 0), -2): (8, 17)
(3, 1, 0, (1, 0, 0), -1): (16, 40)
(3, 1, 0, (1, 0, 0), 0): (68, 102)
(3, 1, 0, (1, 0, 0), 1): (30, 43)
(3, 1, 0, (1, 0, 0), 2): (19, 21)
(3, 1, 0, (1, 0, 0), 3): (10, 14)
(3, 1, 0, (1, 0, 0), 4): (6, 6)
(3, 1, 0, (1, 0, 0), 5): (3, 3)
(3, 1, 0, (1, 0, 0), 7): (1, 1)
(3, 1, 0, (1, 0, 0), 10): (1, 1)
(3, 1, 0, (1, 0, 1), -4): (0, 1)
(3, 1, 0, (1, 0, 1), -3): (0, 1)
(3, 1, 0, (1, 0, 1), -2): (1, 1)
(3, 1, 0, (1, 0, 1), -1): (1, 3)
(3, 1, 0, (1, 0, 1), 0): (4, 6)
(3, 1, 0, (1, 0, 1), 1): (3, 4)
(3, 1, 0, (1, 0, 1), 2): (2, 2)
(3, 1, 0, (1, 0, 1), 3): (1, 1)
(3, 1, 0, (1, 1, 0), -6): (1, 2)
(3, 1, 0, (1, 1, 0), -5): (1, 4)
(3, 1, 0, (1, 1, 0), -4): (0, 6)
(3, 1, 0, (1, 1, 0), -3): (2, 5)
(3, 1, 0, (1, 1, 0), -2): (3, 7)
(3, 1, 0, (1, 1, 0), -1): (8, 12)
(3, 1, 0, (1, 1, 0), 0): (12, 19)
(3, 1, 0, (1, 1, 0), 1): (7, 10)
(3, 1, 0, (1, 1, 0), 2): (3, 3)
(3, 1, 0, (1, 1, 0), 3): (4, 5)
(3, 1, 0, (1, 1, 0), 4): (1, 1)
(3, 1, 0, (1, 1, 0), 5): (1, 1)
(3, 1, 0, (1, 1, 0), 6): (1, 1)
(3, 1, 0, (1, 1, 1), -5): (1, 2)
(3, 1, 0, (1, 1, 1), -4): (0, 1)
(3, 1, 0, (1, 1, 1), -3): (0, 1)
(3, 1, 0, (1, 1, 1), -2): (1, 1)
(3, 1, 0, (1, 1, 1), -1): (2, 2)
(3, 1, 0, (1, 1, 1), 0): (1, 3)
(3, 1, 0, (1, 1, 1), 1): (5, 5)
(3, 1, 0, (1, 1, 1), 2): (2, 3)
(3, 1, 0, (1, 1, 1), 3): (2, 2)
(3, 1, 0, (1, 1, 1), 4): (2, 2)
(3, 1, 1, (0, 0, 0), -12): (0, 1)
(3, 1, 1, (0, 0, 0), -8): (0, 1)
(3, 1, 1, (0, 0, 0), -7): (0, 1)
(3, 1, 1, (0, 0, 0), -6): (0, 5)
(3, 1, 1, (0, 0, 0), -5): (0, 13)
(3, 1, 1, (0, 0, 0), -4): (3, 25)
(3, 1, 1, (0, 0, 0), -3): (9, 42)
(3, 1, 1, (0, 0, 0), -2): (26, 72)
(3, 1, 1, (0, 0, 0), -1): (59, 119)
(3, 1, 1, (0, 0, 0), 0): (148, 253)
(3, 1, 1, (0, 0, 0), 1): (62, 87)
(3, 1, 1, (0, 0, 0), 2): (34, 44)
(3, 1, 1, (0, 0, 0), 3): (24, 26)
(3, 1, 1, (0, 0, 0), 4): (16, 17)
(3, 1, 1, (0, 0, 0), 5): (9, 9)
(3, 1, 1, (0, 0, 0), 6): (3, 3)
(3, 1, 1, (0, 0, 0), 7): (2, 2)
(3, 1, 1, (0, 0, 0), 8): (2, 2)
(3, 1, 1, (0, 0, 1), -3): (0, 2)
(3, 1, 1, (0, 0, 1), -2): (1, 2)
(3, 1, 1, (0, 0, 1), -1): (2, 5)
(3, 1, 1, (0, 0, 1), 0): (5, 8)
(3, 1, 1, (0, 0, 1), 1): (8, 9)
(3, 1, 1, (0, 0, 1), 2): (3, 5)
(3, 1, 1, (0, 0, 1), 3): (1, 1)
(3, 1, 1, (0, 0, 1), 4): (1, 1)
(3, 1, 1, (0, 0, 1), 5): (1, 1)
(3, 1, 1, (0, 0, 1), 10): (1, 1)
(3, 1, 1, (0, 1, 0), -7): (0, 1)
(3, 1, 1, (0, 1, 0), -6): (0, 1)
(3, 1, 1, (0, 1, 0), -5): (0, 3)
(3, 1, 1, (0, 1, 0), -4): (0, 2)
(3, 1, 1, (0, 1, 0), -3): (2, 4)
(3, 1, 1, (0, 1, 0), -2): (1, 8)
(3, 1, 1, (0, 1, 0), -1): (7, 17)
(3, 1, 1, (0, 1, 0), 0): (37, 49)
(3, 1, 1, (0, 1, 0), 1): (16, 25)
(3, 1, 1, (0, 1, 0), 2): (11, 11)
(3, 1, 1, (0, 1, 0), 3): (9, 10)
(3, 1, 1, (0, 1, 0), 4): (7, 7)
(3, 1, 1, (0, 1, 0), 5): (2, 2)
(3, 1, 1, (0, 1, 0), 6): (1, 1)
(3, 1, 1, (0, 1, 0), 7): (1, 1)
(3, 1, 1, (0, 1, 1), -6): (0, 2)
(3, 1, 1, (0, 1, 1), -5): (0, 2)
(3, 1, 1, (0, 1, 1), -3): (2, 3)
(3, 1, 1, (0, 1, 1), -2): (2, 3)
(3, 1, 1, (0, 1, 1), -1): (5, 6)
(3, 1, 1, (0, 1, 1), 0): (8, 9)
(3, 1, 1, (0, 1, 1), 1): (4, 6)
(3, 1, 1, (0, 1, 1), 2): (4, 7)
(3, 1, 1, (0, 1, 1), 5): (2, 2)
(3, 1, 1, (0, 1, 1), 10): (1, 1)
(3, 1, 1, (1, 0, 0), -8): (0, 2)
(3, 1, 1, (1, 0, 0), -6): (0, 6)
(3, 1, 1, (1, 0, 0), -5): (0, 3)
(3, 1, 1, (1, 0, 0), -4): (1, 9)
(3, 1, 1, (1, 0, 0), -3): (8, 32)
(3, 1, 1, (1, 0, 0), -2): (12, 26)
(3, 1, 1, (1, 0, 0), -1): (22, 51)
(3, 1, 1, (1, 0, 0), 0): (65, 108)
(3, 1, 1, (1, 0, 0), 1): (32, 49)
(3, 1, 1, (1, 0, 0), 2): (23, 32)
(3, 1, 1, (1, 0, 0), 3): (14, 17)
(3, 1, 1, (1, 0, 0), 4): (8, 9)
(3, 1, 1, (1, 0, 0), 5): (5, 5)
(3, 1, 1, (1, 0, 0), 6): (1, 1)
(3, 1, 1, (1, 0, 0), 7): (1, 1)
(3, 1, 1, (1, 0, 0), 8): (1, 1)
(3, 1, 1, (1, 0, 0), 10): (1, 1)
(3, 1, 1, (1, 0, 0), 12): (1, 1)
(3, 1, 1, (1, 0, 1), -4): (0, 1)
(3, 1, 1, (1, 0, 1), -3): (1, 3)
(3, 1, 1, (1, 0, 1), -2): (0, 5)
(3, 1, 1, (1, 0, 1), -1): (3, 10)
(3, 1, 1, (1, 0, 1), 0): (11, 16)
(3, 1, 1, (1, 0, 1), 1): (7, 14)
(3, 1, 1, (1, 0, 1), 2): (4, 5)
(3, 1, 1, (1, 0, 1), 3): (2, 2)
(3, 1, 1, (1, 0, 1), 4): (1, 1)
(3, 1, 1, (1, 0, 1), 5): (1, 1)
(3, 1, 1, (1, 0, 1), 8): (1, 1)
(3, 1, 1, (1, 1, 0), -6): (1, 4)
(3, 1, 1, (1, 1, 0), -4): (1, 5)
(3, 1, 1, (1, 1, 0), -3): (5, 12)
(3, 1, 1, (1, 1, 0), -2): (6, 9)
(3, 1, 1, (1, 1, 0), -1): (6, 17)
(3, 1, 1, (1, 1, 0), 0): (16, 29)
(3, 1, 1, (1, 1, 0), 1): (4, 5)
(3, 1, 1, (1, 1, 0), 2): (4, 7)
(3, 1, 1, (1, 1, 0), 3): (3, 4)
(3, 1, 1, (1, 1, 0), 4): (1, 1)
(3, 1, 1, (1, 1, 0), 6): (1, 1)
(3, 1, 1, (1, 1, 0), 7): (1, 1)
(3, 1, 1, (1, 1, 1), -6): (1, 2)
(3, 1, 1, (1, 1, 1), -5): (1, 2)
(3, 1, 1, (1, 1, 1), -4): (0, 1)
(3, 1, 1, (1, 1, 1), -3): (0, 2)
(3, 1, 1, (1, 1, 1), -2): (3, 3)
(3, 1, 1, (1, 1, 1), -1): (5, 6)
(3, 1, 1, (1, 1, 1), 0): (5, 9)
(3, 1, 1, (1, 1, 1), 1): (6, 8)
(3, 1, 1, (1, 1, 1), 2): (2, 5)
(3, 1, 1, (1, 1, 1), 3): (1, 3)
(3, 1, 1, (1, 1, 1), 4): (1, 1)
(3, 1, 1, (1, 1, 1), 5): (1, 1)
(3, 1, 2, (0, 0, 0), -12): (0, 1)
(3, 1, 2, (0, 0, 0), -8): (0, 1)
(3, 1, 2, (0, 0, 0), -7): (0, 1)
(3, 1, 2, (0, 0, 0), -6): (0, 3)
(3, 1, 2, (0, 0, 0), -5): (0, 13)
(3, 1, 2, (0, 0, 0), -4): (3, 18)
(3, 1, 2, (0, 0, 0), -3): (5, 27)
(3, 1, 2, (0, 0, 0), -2): (16, 53)
(3, 1, 2, (0, 0, 0), -1): (45, 89)
(3, 1, 2, (0, 0, 0), 0): (110, 190)
(3, 1, 2, (0, 0, 0), 1): (46, 64)
(3, 1, 2, (0, 0, 0), 2): (35, 38)
(3, 1, 2, (0, 0, 0), 3): (20, 24)
(3, 1, 2, (0, 0, 0), 4): (17, 18)
(3, 1, 2, (0, 0, 0), 5): (6, 6)
(3, 1, 2, (0, 0, 0), 6): (4, 4)
(3, 1, 2, (0, 0, 0), 7): (2, 2)
(3, 1, 2, (0, 0, 0), 8): (1, 1)
(3, 1, 2, (0, 0, 0), 11): (2, 2)
(3, 1, 2, (0, 0, 1), -4): (1, 2)
(3, 1, 2, (0, 0, 1), -3): (0, 1)
(3, 1, 2, (0, 0, 1), -2): (2, 5)
(3, 1, 2, (0, 0, 1), -1): (3, 10)
(3, 1, 2, (0, 0, 1), 0): (7, 12)
(3, 1, 2, (0, 0, 1), 1): (8, 11)
(3, 1, 2, (0, 0, 1), 2): (2, 4)
(3, 1, 2, (0, 0, 1), 3): (3, 4)
(3, 1, 2, (0, 0, 1), 4): (3, 4)
(3, 1, 2, (0, 0, 1), 5): (1, 1)
(3, 1, 2, (0, 1, 0), -7): (0, 2)
(3, 1, 2, (0, 1, 0), -5): (0, 4)
(3, 1, 2, (0, 1, 0), -4): (1, 4)
(3, 1, 2, (0, 1, 0), -3): (2, 7)
(3, 1, 2, (0, 1, 0), -2): (1, 10)
(3, 1, 2, (0, 1, 0), -1): (7, 21)
(3, 1, 2, (0, 1, 0), 0): (35, 55)
(3, 1, 2, (0, 1, 0), 1): (20, 28)
(3, 1, 2, (0, 1, 0), 2): (15, 17)
(3, 1, 2, (0, 1, 0), 3): (11, 13)
(3, 1, 2, (0, 1, 0), 4): (10, 10)
(3, 1, 2, (0, 1, 0), 5): (4, 4)
(3, 1, 2, (0, 1, 0), 7): (1, 1)
(3, 1, 2, (0, 1, 0), 8): (1, 1)
(3, 1, 2, (0, 1, 0), 11): (1, 1)
(3, 1, 2, (0, 1, 1), -4): (0, 2)
(3, 1, 2, (0, 1, 1), -3): (1, 2)
(3, 1, 2, (0, 1, 1), -2): (1, 4)
(3, 1, 2, (0, 1, 1), -1): (0, 5)
(3, 1, 2, (0, 1, 1), 0): (5, 5)
(3, 1, 2, (0, 1, 1), 1): (11, 13)
(3, 1, 2, (0, 1, 1), 2): (4, 6)
(3, 1, 2, (0, 1, 1), 3): (2, 4)
(3, 1, 2, (0, 1, 1), 5): (1, 1)
(3, 1, 2, (0, 1, 1), 6): (1, 1)
(3, 1, 2, (0, 1, 1), 12): (1, 1)
(3, 1, 2, (1, 0, 0), -8): (0, 2)
(3, 1, 2, (1, 0, 0), -6): (0, 2)
(3, 1, 2, (1, 0, 0), -5): (0, 6)
(3, 1, 2, (1, 0, 0), -4): (0, 7)
(3, 1, 2, (1, 0, 0), -3): (4, 29)
(3, 1, 2, (1, 0, 0), -2): (10, 28)
(3, 1, 2, (1, 0, 0), -1): (23, 48)
(3, 1, 2, (1, 0, 0), 0): (60, 98)
(3, 1, 2, (1, 0, 0), 1): (34, 53)
(3, 1, 2, (1, 0, 0), 2): (19, 27)
(3, 1, 2, (1, 0, 0), 3): (17, 19)
(3, 1, 2, (1, 0, 0), 4): (11, 11)
(3, 1, 2, (1, 0, 0), 5): (7, 7)
(3, 1, 2, (1, 0, 0), 6): (2, 2)
(3, 1, 2, (1, 0, 0), 7): (1, 1)
(3, 1, 2, (1, 0, 0), 12): (2, 2)
(3, 1, 2, (1, 0, 1), -4): (0, 2)
(3, 1, 2, (1, 0, 1), -3): (0, 2)
(3, 1, 2, (1, 0, 1), -2): (0, 3)
(3, 1, 2, (1, 0, 1), -1): (0, 6)
(3, 1, 2, (1, 0, 1), 0): (5, 9)
(3, 1, 2, (1, 0, 1), 1): (11, 14)
(3, 1, 2, (1, 0, 1), 2): (10, 13)
(3, 1, 2, (1, 0, 1), 3): (5, 6)
(3, 1, 2, (1, 0, 1), 4): (2, 3)
(3, 1, 2, (1, 0, 1), 5): (1, 1)
(3, 1, 2, (1, 0, 1), 7): (1, 1)
(3, 1, 2, (1, 1, 0), -6): (0, 1)
(3, 1, 2, (1, 1, 0), -5): (0, 2)
(3, 1, 2, (1, 1, 0), -4): (0, 3)
(3, 1, 2, (1, 1, 0), -3): (4, 12)
(3, 1, 2, (1, 1, 0), -2): (7, 13)
(3, 1, 2, (1, 1, 0), -1): (9, 20)
(3, 1, 2, (1, 1, 0), 0): (30, 46)
(3, 1, 2, (1, 1, 0), 1): (18, 22)
(3, 1, 2, (1, 1, 0), 2): (13, 18)
(3, 1, 2, (1, 1, 0), 3): (13, 16)
(3, 1, 2, (1, 1, 0), 4): (7, 8)
(3, 1, 2, (1, 1, 0), 5): (4, 4)
(3, 1, 2, (1, 1, 0), 6): (3, 3)
(3, 1, 2, (1, 1, 0), 8): (1, 1)
(3, 1, 2, (1, 1, 1), -5): (0, 1)
(3, 1, 2, (1, 1, 1), -3): (2, 2)
(3, 1, 2, (1, 1, 1), -2): (3, 4)
(3, 1, 2, (1, 1, 1), -1): (2, 6)
(3, 1, 2, (1, 1, 1), 0): (7, 8)
(3, 1, 2, (1, 1, 1), 1): (7, 8)
(3, 1, 2, (1, 1, 1), 2): (6, 6)
(3, 1, 2, (1, 1, 1), 3): (5, 7)
(3, 1, 2, (1, 1, 1), 4): (3, 4)
(3, 1, 2, (1, 1, 1), 5): (1, 1)
(3, 1, 2, (1, 1, 1), 6): (1, 1)
(3, 1, 2, (1, 1, 1), 12): (1, 1)
(3, 1, 2, (1, 1, 1), 13): (1, 1)
(4, 0, 0, (0, 0, 0), -13): (0, 1)
(4, 0, 0, (0, 0, 0), -12): (0, 1)
(4, 0, 0, (0, 0, 0), -11): (0, 1)
(4, 0, 0, (0, 0, 0), -8): (0, 2)
(4, 0, 0, (0, 0, 0), -7): (0, 3)
(4, 0, 0, (0, 0, 0), -6): (0, 10)
(4, 0, 0, (0, 0, 0), -5): (0, 15)
(4, 0, 0, (0, 0, 0), -4): (5, 42)
(4, 0, 0, (0, 0, 0), -3): (12, 59)
(4, 0, 0, (0, 0, 0), -2): (17, 93)
(4, 0, 0, (0, 0, 0), -1): (49, 142)
(4, 0, 0, (0, 0, 0), 0): (133, 317)
(4, 0, 0, (0, 0, 0), 1): (90, 157)
(4, 0, 0, (0, 0, 0), 2): (58, 87)
(4, 0, 0, (0, 0, 0), 3): (51, 63)
(4, 0, 0, (0, 0, 0), 4): (29, 33)
(4, 0, 0, (0, 0, 0), 5): (19, 19)
(4, 0, 0, (0, 0, 0), 6): (7, 7)
(4, 0, 0, (0, 0, 0), 7): (2, 2)
(4, 0, 0, (0, 0, 0), 8): (3, 3)
(4, 0, 0, (0, 0, 0), 12): (1, 1)
(4, 0, 0, (0, 0, 1), -6): (0, 1)
(4, 0, 0, (0, 0, 1), -3): (0, 1)
(4, 0, 0, (0, 0, 1), -2): (2, 3)
(4, 0, 0, (0, 0, 1), -1): (1, 2)
(4, 0, 0, (0, 0, 1), 0): (1, 2)
(4, 0, 0, (0, 0, 1), 1): (1, 1)
(4, 0, 0, (0, 0, 1), 2): (1, 1)
(4, 0, 0, (0, 0, 1), 7): (2, 2)
(4, 0, 0, (0, 1, 0), -8): (0, 1)
(4, 0, 0, (0, 1, 0), -6): (0, 3)
(4, 0, 0, (0, 1, 0), -4): (1, 2)
(4, 0, 0, (0, 1, 0), -3): (1, 1)
(4, 0, 0, (0, 1, 0), -2): (2, 9)
(4, 0, 0, (0, 1, 0), -1): (1, 6)
(4, 0, 0, (0, 1, 0), 0): (5, 12)
(4, 0, 0, (0, 1, 0), 1): (7, 10)
(4, 0, 0, (0, 1, 0), 2): (1, 3)
(4, 0, 0, (0, 1, 0), 3): (3, 3)
(4, 0, 0, (0, 1, 0), 4): (3, 3)
(4, 0, 0, (0, 1, 0), 6): (1, 1)
(4, 0, 0, (0, 1, 1), -11): (0, 1)
(4, 0, 0, (0, 1, 1), -5): (0, 1)
(4, 0, 0, (0, 1, 1), -3): (0, 1)
(4, 0, 0, (0, 1, 1), -2): (1, 2)
(4, 0, 0, (0, 1, 1), 0): (2, 4)
(4, 0, 0, (0, 1, 1), 1): (2, 2)
(4, 0, 0, (0, 1, 1), 2): (2, 3)
(4, 0, 0, (0, 1, 1), 3): (2, 2)
(4, 0, 0, (0, 1, 1), 4): (2, 2)
(4, 0, 0, (0, 1, 1), 5): (1, 1)
(4, 0, 0, (1, 0, 0), -13): (0, 1)
(4, 0, 0, (1, 0, 0), -11): (0, 1)
(4, 0, 0, (1, 0, 0), -9): (0, 1)
(4, 0, 0, (1, 0, 0), -8): (0, 1)
(4, 0, 0, (1, 0, 0), -7): (0, 1)
(4, 0, 0, (1, 0, 0), -6): (0, 1)
(4, 0, 0, (1, 0, 0), -5): (0, 5)
(4, 0, 0, (1, 0, 0), -4): (2, 10)
(4, 0, 0, (1, 0, 0), -3): (9, 17)
(4, 0, 0, (1, 0, 0), -2): (5, 24)
(4, 0, 0, (1, 0, 0), -1): (16, 38)
(4, 0, 0, (1, 0, 0), 0): (41, 86)
(4, 0, 0, (1, 0, 0), 1): (22, 35)
(4, 0, 0, (1, 0, 0), 2): (14, 24)
(4, 0, 0, (1, 0, 0), 3): (13, 18)
(4, 0, 0, (1, 0, 0), 4): (3, 5)
(4, 0, 0, (1, 0, 0), 5): (7, 7)
(4, 0, 0, (1, 0, 0), 6): (2, 2)
(4, 0, 0, (1, 0, 0), 7): (1, 1)
(4, 0, 0, (1, 0, 0), 8): (1, 1)
(4, 0, 0, (1, 0, 1), -6): (0, 1)
(4, 0, 0, (1, 0, 1), -4): (0, 1)
(4, 0, 0, (1, 0, 1), -3): (1, 1)
(4, 0, 0, (1, 0, 1), -2): (1, 5)
(4, 0, 0, (1, 0, 1), -1): (1, 3)
(4, 0, 0, (1, 0, 1), 0): (5, 7)
(4, 0, 0, (1, 0, 1), 1): (3, 3)
(4, 0, 0, (1, 0, 1), 2): (4, 4)
(4, 0, 0, (1, 0, 1), 3): (3, 4)
(4, 0, 0, (1, 0, 1), 4): (1, 1)
(4, 0, 0, (1, 0, 1), 7): (1, 1)
(4, 0, 0, (1, 0, 1), 8): (1, 1)
(4, 0, 0, (1, 1, 0), -4): (1, 3)
(4, 0, 0, (1, 1, 0), -3): (4, 5)
(4, 0, 0, (1, 1, 0), -2): (3, 4)
(4, 0, 0, (1, 1, 0), -1): (8, 10)
(4, 0, 0, (1, 1, 0), 0): (7, 12)
(4, 0, 0, (1, 1, 0), 1): (7, 10)
(4, 0, 0, (1, 1, 0), 2): (1, 2)
(4, 0, 0, (1, 1, 0), 3): (7, 7)
(4, 0, 0, (1, 1, 0), 4): (1, 2)
(4, 0, 0, (1, 1, 0), 5): (2, 2)
(4, 0, 0, (1, 1, 0), 6): (1, 1)
(4, 0, 0, (1, 1, 0), 8): (1, 1)
(4, 0, 0, (1, 1, 1), -4): (0, 1)
(4, 0, 0, (1, 1, 1), -3): (1, 2)
(4, 0, 0, (1, 1, 1), -1): (2, 4)
(4, 0, 0, (1, 1, 1), 0): (4, 7)
(4, 0, 0, (1, 1, 1), 1): (0, 1)
(4, 0, 0, (1, 1, 1), 2): (1, 1)
(4, 0, 0, (1, 1, 1), 3): (1, 1)
(4, 0, 0, (1, 1, 1), 4): (2, 2)
(4, 0, 0, (1, 1, 1), 6): (1, 1)
(4, 0, 0, (1, 1, 1), 8): (1, 1)
(4, 0, 1, (0, 0, 0), -12): (0, 1)
(4, 0, 1, (0, 0, 0), -8): (0, 1)
(4, 0, 1, (0, 0, 0), -7): (0, 2)
(4, 0, 1, (0, 0, 0), -6): (0, 6)
(4, 0, 1, (0, 0, 0), -5): (0, 9)
(4, 0, 1, (0, 0, 0), -4): (2, 31)
(4, 0, 1, (0, 0, 0), -3): (3, 40)
(4, 0, 1, (0, 0, 0), -2): (9, 61)
(4, 0, 1, (0, 0, 0), -1): (32, 102)
(4, 0, 1, (0, 0, 0), 0): (85, 223)
(4, 0, 1, (0, 0, 0), 1): (58, 113)
(4, 0, 1, (0, 0, 0), 2): (48, 65)
(4, 0, 1, (0, 0, 0), 3): (36, 44)
(4, 0, 1, (0, 0, 0), 4): (29, 32)
(4, 0, 1, (0, 0, 0), 5): (13, 13)
(4, 0, 1, (0, 0, 0), 6): (4, 4)
(4, 0, 1, (0, 0, 0), 7): (2, 2)
(4, 0, 1, (0, 0, 0), 8): (2, 2)
(4, 0, 1, (0, 0, 0), 12): (1, 1)
(4, 0, 1, (0, 0, 1), -6): (0, 1)
(4, 0, 1, (0, 0, 1), -2): (0, 2)
(4, 0, 1, (0, 0, 1), -1): (1, 6)
(4, 0, 1, (0, 0, 1), 0): (7, 13)
(4, 0, 1, (0, 0, 1), 1): (5, 5)
(4, 0, 1, (0, 0, 1), 2): (6, 10)
(4, 0, 1, (0, 0, 1), 3): (1, 1)
(4, 0, 1, (0, 0, 1), 4): (2, 2)
(4, 0, 1, (0, 0, 1), 6): (1, 1)
(4, 0, 1, (0, 0, 1), 7): (1, 1)
(4, 0, 1, (0, 1, 0), -8): (0, 1)
(4, 0, 1, (0, 1, 0), -6): (0, 2)
(4, 0, 1, (0, 1, 0), -5): (0, 1)
(4, 0, 1, (0, 1, 0), -4): (0, 1)
(4, 0, 1, (0, 1, 0), -3): (1, 4)
(4, 0, 1, (0, 1, 0), -2): (4, 11)
(4, 0, 1, (0, 1, 0), -1): (5, 14)
(4, 0, 1, (0, 1, 0), 0): (16, 35)
(4, 0, 1, (0, 1, 0), 1): (17, 24)
(4, 0, 1, (0, 1, 0), 2): (9, 15)
(4, 0, 1, (0, 1, 0), 3): (10, 13)
(4, 0, 1, (0, 1, 0), 4): (2, 2)
(4, 0, 1, (0, 1, 0), 5): (3, 3)
(4, 0, 1, (0, 1, 0), 6): (1, 1)
(4, 0, 1, (0, 1, 0), 8): (1, 1)
(4, 0, 1, (0, 1, 0), 9): (1, 1)
(4, 0, 1, (0, 1, 1), -3): (3, 3)
(4, 0, 1, (0, 1, 1), -2): (2, 2)
(4, 0, 1, (0, 1, 1), -1): (2, 5)
(4, 0, 1, (0, 1, 1), 0): (5, 12)
(4, 0, 1, (0, 1, 1), 1): (3, 4)
(4, 0, 1, (0, 1, 1), 2): (3, 4)
(4, 0, 1, (0, 1, 1), 3): (2, 4)
(4, 0, 1, (0, 1, 1), 4): (1, 1)
(4, 0, 1, (0, 1, 1), 5): (1, 1)
(4, 0, 1, (0, 1, 1), 7): (2, 2)
(4, 0, 1, (0, 1, 1), 9): (1, 1)
(4, 0, 1, (1, 0, 0), -13): (0, 1)
(4, 0, 1, (1, 0, 0), -7): (0, 3)
(4, 0, 1, (1, 0, 0), -6): (0, 1)
(4, 0, 1, (1, 0, 0), -5): (0, 5)
(4, 0, 1, (1, 0, 0), -4): (1, 10)
(4, 0, 1, (1, 0, 0), -3): (2, 17)
(4, 0, 1, (1, 0, 0), -2): (5, 21)
(4, 0, 1, (1, 0, 0), -1): (17, 44)
(4, 0, 1, (1, 0, 0), 0): (31, 85)
(4, 0, 1, (1, 0, 0), 1): (25, 47)
(4, 0, 1, (1, 0, 0), 2): (17, 26)
(4, 0, 1, (1, 0, 0), 3): (13, 17)
(4, 0, 1, (1, 0, 0), 4): (10, 13)
(4, 0, 1, (1, 0, 0), 5): (4, 4)
(4, 0, 1, (1, 0, 0), 7): (2, 2)
(4, 0, 1, (1, 0, 0), 8): (1, 1)
(4, 0, 1, (1, 0, 0), 12): (1, 1)
(4, 0, 1, (1, 0, 1), -6): (0, 1)
(4, 0, 1, (1, 0, 1), -2): (1, 4)
(4, 0, 1, (1, 0, 1), -1): (1, 4)
(4, 0, 1, (1, 0, 1), 0): (7, 13)
(4, 0, 1, (1, 0, 1), 1): (4, 8)
(4, 0, 1, (1, 0, 1), 2): (2, 4)
(4, 0, 1, (1, 0, 1), 3): (4, 4)
(4, 0, 1, (1, 0, 1), 4): (2, 2)
(4, 0, 1, (1, 0, 1), 5): (3, 3)
(4, 0, 1, (1, 0, 1), 9): (1, 1)
(4, 0, 1, (1, 1, 0), -5): (0, 3)
(4, 0, 1, (1, 1, 0), -4): (1, 8)
(4, 0, 1, (1, 1, 0), -3): (3, 12)
(4, 0, 1, (1, 1, 0), -2): (5, 9)
(4, 0, 1, (1, 1, 0), -1): (9, 14)
(4, 0, 1, (1, 1, 0), 0): (10, 20)
(4, 0, 1, (1, 1, 0), 1): (15, 24)
(4, 0, 1, (1, 1, 0), 2): (7, 10)
(4, 0, 1, (1, 1, 0), 3): (7, 8)
(4, 0, 1, (1, 1, 0), 4): (3, 4)
(4, 0, 1, (1, 1, 0), 5): (1, 1)
(4, 0, 1, (1, 1, 0), 7): (1, 1)
(4, 0, 1, (1, 1, 0), 8): (1, 1)
(4, 0, 1, (1, 1, 1), -4): (0, 1)
(4, 0, 1, (1, 1, 1), -3): (2, 3)
(4, 0, 1, (1, 1, 1), -2): (3, 4)
(4, 0, 1, (1, 1, 1), -1): (3, 5)
(4, 0, 1, (1, 1, 1), 0): (5, 8)
(4, 0, 1, (1, 1, 1), 1): (3, 6)
(4, 0, 1, (1, 1, 1), 2): (5, 6)
(4, 0, 1, (1, 1, 1), 3): (3, 4)
(4, 0, 1, (1, 1, 1), 4): (1, 1)
(4, 0, 1, (1, 1, 1), 5): (2, 2)
(4, 0, 1, (1, 1, 1), 6): (1, 1)
(4, 0, 2, (0, 0, 0), -12): (0, 1)
(4, 0, 2, (0, 0, 0), -9): (0, 1)
(4, 0, 2, (0, 0, 0), -8): (0, 1)
(4, 0, 2, (0, 0, 0), -6): (0, 5)
(4, 0, 2, (0, 0, 0), -5): (0, 7)
(4, 0, 2, (0, 0, 0), -4): (2, 29)
(4, 0, 2, (0, 0, 0), -3): (4, 29)
(4, 0, 2, (0, 0, 0), -2): (5, 52)
(4, 0, 2, (0, 0, 0), -1): (22, 80)
(4, 0, 2, (0, 0, 0), 0): (68, 174)
(4, 0, 2, (0, 0, 0), 1): (46, 90)
(4, 0, 2, (0, 0, 0), 2): (45, 60)
(4, 0, 2, (0, 0, 0), 3): (28, 34)
(4, 0, 2, (0, 0, 0), 4): (22, 24)
(4, 0, 2, (0, 0, 0), 5): (12, 12)
(4, 0, 2, (0, 0, 0), 6): (7, 7)
(4, 0, 2, (0, 0, 0), 7): (2, 2)
(4, 0, 2, (0, 0, 0), 8): (1, 1)
(4, 0, 2, (0, 0, 0), 13): (1, 1)
(4, 0, 2, (0, 0, 1), -8): (0, 1)
(4, 0, 2, (0, 0, 1), -2): (0, 3)
(4, 0, 2, (0, 0, 1), -1): (1, 5)
(4, 0, 2, (0, 0, 1), 0): (2, 13)
(4, 0, 2, (0, 0, 1), 1): (2, 4)
(4, 0, 2, (0, 0, 1), 2): (4, 10)
(4, 0, 2, (0, 0, 1), 3): (4, 4)
(4, 0, 2, (0, 0, 1), 4): (5, 5)
(4, 0, 2, (0, 0, 1), 6): (2, 2)
(4, 0, 2, (0, 0, 1), 9): (2, 2)
(4, 0, 2, (0, 1, 0), -11): (0, 1)
(4, 0, 2, (0, 1, 0), -8): (0, 1)
(4, 0, 2, (0, 1, 0), -7): (0, 1)
(4, 0, 2, (0, 1, 0), -6): (0, 4)
(4, 0, 2, (0, 1, 0), -5): (0, 1)
(4, 0, 2, (0, 1, 0), -4): (0, 1)
(4, 0, 2, (0, 1, 0), -3): (1, 4)
(4, 0, 2, (0, 1, 0), -2): (4, 13)
(4, 0, 2, (0, 1, 0), -1): (5, 13)
(4, 0, 2, (0, 1, 0), 0): (11, 29)
(4, 0, 2, (0, 1, 0), 1): (15, 28)
(4, 0, 2, (0, 1, 0), 2): (7, 14)
(4, 0, 2, (0, 1, 0), 3): (11, 14)
(4, 0, 2, (0, 1, 0), 4): (9, 9)
(4, 0, 2, (0, 1, 0), 5): (5, 5)
(4, 0, 2, (0, 1, 0), 6): (1, 1)
(4, 0, 2, (0, 1, 0), 8): (2, 2)
(4, 0, 2, (0, 1, 0), 10): (1, 1)
(4, 0, 2, (0, 1, 0), 12): (1, 1)
(4, 0, 2, (0, 1, 1), -10): (0, 1)
(4, 0, 2, (0, 1, 1), -3): (1, 2)
(4, 0, 2, (0, 1, 1), -2): (0, 1)
(4, 0, 2, (0, 1, 1), -1): (4, 7)
(4, 0, 2, (0, 1, 1), 0): (2, 8)
(4, 0, 2, (0, 1, 1), 1): (1, 5)
(4, 0, 2, (0, 1, 1), 2): (2, 4)
(4, 0, 2, (0, 1, 1), 3): (3, 4)
(4, 0, 2, (0, 1, 1), 4): (2, 2)
(4, 0, 2, (0, 1, 1), 5): (2, 2)
(4, 0, 2, (0, 1, 1), 8): (1, 1)
(4, 0, 2, (1, 0, 0), -13): (0, 1)
(4, 0, 2, (1, 0, 0), -12): (0, 1)
(4, 0, 2, (1, 0, 0), -7): (0, 2)
(4, 0, 2, (1, 0, 0), -6): (0, 1)
(4, 0, 2, (1, 0, 0), -5): (0, 4)
(4, 0, 2, (1, 0, 0), -4): (1, 12)
(4, 0, 2, (1, 0, 0), -3): (0, 18)
(4, 0, 2, (1, 0, 0), -2): (2, 26)
(4, 0, 2, (1, 0, 0), -1): (16, 44)
(4, 0, 2, (1, 0, 0), 0): (36, 91)
(4, 0, 2, (1, 0, 0), 1): (30, 53)
(4, 0, 2, (1, 0, 0), 2): (22, 33)
(4, 0, 2, (1, 0, 0), 3): (12, 18)
(4, 0, 2, (1, 0, 0), 4): (12, 12)
(4, 0, 2, (1, 0, 0), 5): (10, 10)
(4, 0, 2, (1, 0, 0), 6): (6, 6)
(4, 0, 2, (1, 0, 0), 7): (4, 4)
(4, 0, 2, (1, 0, 0), 8): (1, 1)
(4, 0, 2, (1, 0, 0), 9): (1, 1)
(4, 0, 2, (1, 0, 0), 10): (1, 1)
(4, 0, 2, (1, 0, 0), 11): (1, 1)
(4, 0, 2, (1, 0, 1), -5): (0, 1)
(4, 0, 2, (1, 0, 1), -3): (0, 1)
(4, 0, 2, (1, 0, 1), -2): (3, 5)
(4, 0, 2, (1, 0, 1), -1): (2, 4)
(4, 0, 2, (1, 0, 1), 0): (7, 18)
(4, 0, 2, (1, 0, 1), 1): (3, 10)
(4, 0, 2, (1, 0, 1), 2): (2, 5)
(4, 0, 2, (1, 0, 1), 3): (5, 5)
(4, 0, 2, (1, 0, 1), 4): (2, 2)
(4, 0, 2, (1, 0, 1), 8): (1, 1)
(4, 0, 2, (1, 1, 0), -11): (0, 1)
(4, 0, 2, (1, 1, 0), -7): (0, 2)
(4, 0, 2, (1, 1, 0), -6): (0, 2)
(4, 0, 2, (1, 1, 0), -5): (0, 4)
(4, 0, 2, (1, 1, 0), -4): (1, 7)
(4, 0, 2, (1, 1, 0), -3): (0, 11)
(4, 0, 2, (1, 1, 0), -2): (4, 15)
(4, 0, 2, (1, 1, 0), -1): (8, 18)
(4, 0, 2, (1, 1, 0), 0): (17, 34)
(4, 0, 2, (1, 1, 0), 1): (17, 24)
(4, 0, 2, (1, 1, 0), 2): (13, 18)
(4, 0, 2, (1, 1, 0), 3): (8, 11)
(4, 0, 2, (1, 1, 0), 4): (9, 10)
(4, 0, 2, (1, 1, 0), 5): (3, 3)
(4, 0, 2, (1, 1, 0), 6): (1, 1)
(4, 0, 2, (1, 1, 0), 7): (1, 1)
(4, 0, 2, (1, 1, 0), 8): (2, 2)
(4, 0, 2, (1, 1, 1), -7): (0, 1)
(4, 0, 2, (1, 1, 1), -6): (0, 1)
(4, 0, 2, (1, 1, 1), -5): (0, 2)
(4, 0, 2, (1, 1, 1), -3): (0, 2)
(4, 0, 2, (1, 1, 1), -2): (1, 6)
(4, 0, 2, (1, 1, 1), -1): (3, 5)
(4, 0, 2, (1, 1, 1), 0): (2, 5)
(4, 0, 2, (1, 1, 1), 1): (2, 8)
(4, 0, 2, (1, 1, 1), 2): (5, 8)
(4, 0, 2, (1, 1, 1), 3): (2, 3)
(4, 0, 2, (1, 1, 1), 4): (3, 3)
(4, 0, 2, (1, 1, 1), 5): (1, 1)
(4, 0, 2, (1, 1, 1), 6): (1, 1)
(4, 1, 0, (0, 0, 0), -13): (0, 1)
(4, 1, 0, (0, 0, 0), -12): (0, 1)
(4, 1, 0, (0, 0, 0), -10): (0, 1)
(4, 1, 0, (0, 0, 0), -9): (0, 2)
(4, 1, 0, (0, 0, 0), -8): (0, 5)
(4, 1, 0, (0, 0, 0), -7): (0, 5)
(4, 1, 0, (0, 0, 0), -6): (0, 11)
(4, 1, 0, (0, 0, 0), -5): (0, 26)
(4, 1, 0, (0, 0, 0), -4): (6, 49)
(4, 1, 0, (0, 0, 0), -3): (18, 63)
(4, 1, 0, (0, 0, 0), -2): (39, 114)
(4, 1, 0, (0, 0, 0), -1): (84, 167)
(4, 1, 0, (0, 0, 0), 0): (166, 270)
(4, 1, 0, (0, 0, 0), 1): (92, 135)
(4, 1, 0, (0, 0, 0), 2): (76, 90)
(4, 1, 0, (0, 0, 0), 3): (43, 48)
(4, 1, 0, (0, 0, 0), 4): (36, 39)
(4, 1, 0, (0, 0, 0), 5): (12, 12)
(4, 1, 0, (0, 0, 0), 6): (10, 10)
(4, 1, 0, (0, 0, 0), 7): (3, 3)
(4, 1, 0, (0, 0, 0), 8): (2, 2)
(4, 1, 0, (0, 0, 0), 9): (1, 1)
(4, 1, 0, (0, 0, 0), 13): (1, 1)
(4, 1, 0, (0, 0, 1), -5): (0, 1)
(4, 1, 0, (0, 0, 1), -3): (0, 2)
(4, 1, 0, (0, 0, 1), -2): (0, 2)
(4, 1, 0, (0, 0, 1), -1): (2, 2)
(4, 1, 0, (0, 0, 1), 0): (5, 5)
(4, 1, 0, (0, 0, 1), 1): (4, 4)
(4, 1, 0, (0, 0, 1), 2): (1, 2)
(4, 1, 0, (0, 0, 1), 3): (1, 1)
(4, 1, 0, (0, 0, 1), 4): (2, 3)
(4, 1, 0, (0, 0, 1), 5): (2, 2)
(4, 1, 0, (0, 1, 0), -4): (2, 5)
(4, 1, 0, (0, 1, 0), -3): (3, 3)
(4, 1, 0, (0, 1, 0), -2): (2, 12)
(4, 1, 0, (0, 1, 0), -1): (5, 10)
(4, 1, 0, (0, 1, 0), 0): (7, 10)
(4, 1, 0, (0, 1, 0), 1): (8, 8)
(4, 1, 0, (0, 1, 0), 2): (6, 8)
(4, 1, 0, (0, 1, 0), 3): (4, 4)
(4, 1, 0, (0, 1, 0), 4): (1, 1)
(4, 1, 0, (0, 1, 0), 5): (1, 1)
(4, 1, 0, (0, 1, 0), 6): (1, 1)
(4, 1, 0, (0, 1, 1), -9): (0, 1)
(4, 1, 0, (0, 1, 1), -7): (0, 1)
(4, 1, 0, (0, 1, 1), -2): (1, 2)
(4, 1, 0, (0, 1, 1), -1): (1, 1)
(4, 1, 0, (0, 1, 1), 0): (2, 3)
(4, 1, 0, (0, 1, 1), 1): (3, 3)
(4, 1, 0, (0, 1, 1), 2): (1, 2)
(4, 1, 0, (0, 1, 1), 3): (2, 2)
(4, 1, 0, (1, 0, 0), -9): (0, 2)
(4, 1, 0, (1, 0, 0), -8): (0, 3)
(4, 1, 0, (1, 0, 0), -7): (0, 1)
(4, 1, 0, (1, 0, 0), -6): (0, 2)
(4, 1, 0, (1, 0, 0), -5): (0, 7)
(4, 1, 0, (1, 0, 0), -4): (2, 17)
(4, 1, 0, (1, 0, 0), -3): (7, 20)
(4, 1, 0, (1, 0, 0), -2): (15, 31)
(4, 1, 0, (1, 0, 0), -1): (25, 42)
(4, 1, 0, (1, 0, 0), 0): (57, 90)
(4, 1, 0, (1, 0, 0), 1): (23, 36)
(4, 1, 0, (1, 0, 0), 2): (19, 23)
(4, 1, 0, (1, 0, 0), 3): (12, 13)
(4, 1, 0, (1, 0, 0), 4): (11, 12)
(4, 1, 0, (1, 0, 0), 5): (5, 5)
(4, 1, 0, (1, 0, 0), 6): (6, 6)
(4, 1, 0, (1, 0, 0), 7): (1, 1)
(4, 1, 0, (1, 0, 0), 8): (1, 1)
(4, 1, 0, (1, 0, 1), -4): (2, 4)
(4, 1, 0, (1, 0, 1), -2): (0, 2)
(4, 1, 0, (1, 0, 1), -1): (4, 6)
(4, 1, 0, (1, 0, 1), 0): (7, 8)
(4, 1, 0, (1, 0, 1), 1): (3, 5)
(4, 1, 0, (1, 0, 1), 2): (3, 3)
(4, 1, 0, (1, 0, 1), 4): (2, 2)
(4, 1, 0, (1, 0, 1), 6): (1, 1)
(4, 1, 0, (1, 1, 0), -8): (0, 2)
(4, 1, 0, (1, 1, 0), -6): (0, 1)
(4, 1, 0, (1, 1, 0), -5): (0, 1)
(4, 1, 0, (1, 1, 0), -4): (0, 3)
(4, 1, 0, (1, 1, 0), -3): (1, 3)
(4, 1, 0, (1, 1, 0), -2): (6, 11)
(4, 1, 0, (1, 1, 0), -1): (6, 8)
(4, 1, 0, (1, 1, 0), 0): (13, 18)
(4, 1, 0, (1, 1, 0), 1): (6, 7)
(4, 1, 0, (1, 1, 0), 2): (1, 1)
(4, 1, 0, (1, 1, 0), 3): (3, 3)
(4, 1, 0, (1, 1, 0), 4): (1, 1)
(4, 1, 0, (1, 1, 0), 5): (2, 2)
(4, 1, 0, (1, 1, 0), 6): (1, 1)
(4, 1, 0, (1, 1, 1), -4): (0, 2)
(4, 1, 0, (1, 1, 1), -3): (1, 1)
(4, 1, 0, (1, 1, 1), -2): (1, 4)
(4, 1, 0, (1, 1, 1), -1): (0, 1)
(4, 1, 0, (1, 1, 1), 0): (2, 3)
(4, 1, 0, (1, 1, 1), 1): (3, 3)
(4, 1, 0, (1, 1, 1), 2): (1, 1)
(4, 1, 1, (0, 0, 0), -13): (0, 1)
(4, 1, 1, (0, 0, 0), -12): (0, 1)
(4, 1, 1, (0, 0, 0), -10): (0, 1)
(4, 1, 1, (0, 0, 0), -8): (0, 2)
(4, 1, 1, (0, 0, 0), -7): (0, 4)
(4, 1, 1, (0, 0, 0), -6): (0, 9)
(4, 1, 1, (0, 0, 0), -5): (0, 19)
(4, 1, 1, (0, 0, 0), -4): (2, 28)
(4, 1, 1, (0, 0, 0), -3): (8, 39)
(4, 1, 1, (0, 0, 0), -2): (24, 76)
(4, 1, 1, (0, 0, 0), -1): (55, 116)
(4, 1, 1, (0, 0, 0), 0): (103, 173)
(4, 1, 1, (0, 0, 0), 1): (67, 99)
(4, 1, 1, (0, 0, 0), 2): (56, 64)
(4, 1, 1, (0, 0, 0), 3): (29, 34)
(4, 1, 1, (0, 0, 0), 4): (28, 30)
(4, 1, 1, (0, 0, 0), 5): (7, 7)
(4, 1, 1, (0, 0, 0), 6): (4, 4)
(4, 1, 1, (0, 0, 0), 7): (4, 4)
(4, 1, 1, (0, 0, 0), 8): (1, 1)
(4, 1, 1, (0, 0, 0), 9): (1, 1)
(4, 1, 1, (0, 0, 0), 10): (2, 2)
(4, 1, 1, (0, 0, 0), 11): (1, 1)
(4, 1, 1, (0, 0, 0), 13): (1, 1)
(4, 1, 1, (0, 0, 1), -4): (0, 1)
(4, 1, 1, (0, 0, 1), -3): (1, 2)
(4, 1, 1, (0, 0, 1), -2): (0, 2)
(4, 1, 1, (0, 0, 1), -1): (3, 7)
(4, 1, 1, (0, 0, 1), 0): (8, 10)
(4, 1, 1, (0, 0, 1), 1): (5, 7)
(4, 1, 1, (0, 0, 1), 2): (7, 8)
(4, 1, 1, (0, 0, 1), 3): (3, 3)
(4, 1, 1, (0, 0, 1), 4): (2, 3)
(4, 1, 1, (0, 0, 1), 5): (2, 2)
(4, 1, 1, (0, 1, 0), -10): (0, 1)
(4, 1, 1, (0, 1, 0), -8): (0, 1)
(4, 1, 1, (0, 1, 0), -5): (0, 1)
(4, 1, 1, (0, 1, 0), -4): (1, 4)
(4, 1, 1, (0, 1, 0), -3): (2, 5)
(4, 1, 1, (0, 1, 0), -2): (5, 14)
(4, 1, 1, (0, 1, 0), -1): (8, 16)
(4, 1, 1, (0, 1, 0), 0): (22, 41)
(4, 1, 1, (0, 1, 0), 1): (15, 20)
(4, 1, 1, (0, 1, 0), 2): (10, 14)
(4, 1, 1, (0, 1, 0), 3): (9, 9)
(4, 1, 1, (0, 1, 0), 4): (6, 6)
(4, 1, 1, (0, 1, 0), 5): (2, 2)
(4, 1, 1, (0, 1, 0), 6): (2, 2)
(4, 1, 1, (0, 1, 0), 7): (1, 1)
(4, 1, 1, (0, 1, 0), 8): (1, 1)
(4, 1, 1, (0, 1, 0), 9): (1, 1)
(4, 1, 1, (0, 1, 1), -7): (0, 1)
(4, 1, 1, (0, 1, 1), -4): (0, 1)
(4, 1, 1, (0, 1, 1), -3): (1, 1)
(4, 1, 1, (0, 1, 1), -2): (4, 5)
(4, 1, 1, (0, 1, 1), -1): (3, 6)
(4, 1, 1, (0, 1, 1), 0): (5, 9)
(4, 1, 1, (0, 1, 1), 1): (10, 12)
(4, 1, 1, (0, 1, 1), 2): (1, 2)
(4, 1, 1, (0, 1, 1), 3): (2, 2)
(4, 1, 1, (0, 1, 1), 4): (3, 3)
(4, 1, 1, (0, 1, 1), 5): (1, 1)
(4, 1, 1, (0, 1, 1), 7): (1, 1)
(4, 1, 1, (0, 1, 1), 10): (1, 1)
(4, 1, 1, (0, 1, 1), 15): (1, 1)
(4, 1, 1, (1, 0, 0), -12): (0, 1)
(4, 1, 1, (1, 0, 0), -9): (0, 1)
(4, 1, 1, (1, 0, 0), -8): (0, 1)
(4, 1, 1, (1, 0, 0), -7): (0, 1)
(4, 1, 1, (1, 0, 0), -6): (0, 2)
(4, 1, 1, (1, 0, 0), -5): (0, 10)
(4, 1, 1, (1, 0, 0), -4): (0, 15)
(4, 1, 1, (1, 0, 0), -3): (7, 19)
(4, 1, 1, (1, 0, 0), -2): (14, 34)
(4, 1, 1, (1, 0, 0), -1): (24, 56)
(4, 1, 1, (1, 0, 0), 0): (48, 78)
(4, 1, 1, (1, 0, 0), 1): (30, 42)
(4, 1, 1, (1, 0, 0), 2): (22, 28)
(4, 1, 1, (1, 0, 0), 3): (15, 16)
(4, 1, 1, (1, 0, 0), 4): (12, 13)
(4, 1, 1, (1, 0, 0), 5): (8, 8)
(4, 1, 1, (1, 0, 0), 6): (4, 4)
(4, 1, 1, (1, 0, 0), 7): (4, 4)
(4, 1, 1, (1, 0, 0), 8): (1, 1)
(4, 1, 1, (1, 0, 0), 10): (2, 2)
(4, 1, 1, (1, 0, 1), -4): (0, 2)
(4, 1, 1, (1, 0, 1), -2): (3, 5)
(4, 1, 1, (1, 0, 1), -1): (4, 5)
(4, 1, 1, (1, 0, 1), 0): (8, 13)
(4, 1, 1, (1, 0, 1), 1): (5, 7)
(4, 1, 1, (1, 0, 1), 2): (3, 3)
(4, 1, 1, (1, 0, 1), 3): (4, 4)
(4, 1, 1, (1, 0, 1), 4): (3, 3)
(4, 1, 1, (1, 0, 1), 5): (1, 1)
(4, 1, 1, (1, 0, 1), 6): (1, 1)
(4, 1, 1, (1, 1, 0), -12): (0, 1)
(4, 1, 1, (1, 1, 0), -8): (0, 1)
(4, 1, 1, (1, 1, 0), -6): (0, 1)
(4, 1, 1, (1, 1, 0), -5): (0, 2)
(4, 1, 1, (1, 1, 0), -4): (0, 6)
(4, 1, 1, (1, 1, 0), -3): (1, 5)
(4, 1, 1, (1, 1, 0), -2): (5, 13)
(4, 1, 1, (1, 1, 0), -1): (12, 21)
(4, 1, 1, (1, 1, 0), 0): (19, 30)
(4, 1, 1, (1, 1, 0), 1): (8, 9)
(4, 1, 1, (1, 1, 0), 2): (10, 11)
(4, 1, 1, (1, 1, 0), 3): (10, 10)
(4, 1, 1, (1, 1, 0), 4): (5, 5)
(4, 1, 1, (1, 1, 0), 5): (5, 5)
(4, 1, 1, (1, 1, 0), 6): (3, 3)
(4, 1, 1, (1, 1, 0), 7): (2, 2)
(4, 1, 1, (1, 1, 0), 8): (3, 3)
(4, 1, 1, (1, 1, 0), 9): (1, 1)
(4, 1, 1, (1, 1, 0), 12): (1, 1)
(4, 1, 1, (1, 1, 0), 13): (1, 1)
(4, 1, 1, (1, 1, 1), -4): (0, 2)
(4, 1, 1, (1, 1, 1), -3): (0, 1)
(4, 1, 1, (1, 1, 1), -2): (2, 5)
(4, 1, 1, (1, 1, 1), -1): (3, 6)
(4, 1, 1, (1, 1, 1), 0): (6, 11)
(4, 1, 1, (1, 1, 1), 1): (12, 12)
(4, 1, 1, (1, 1, 1), 2): (5, 5)
(4, 1, 1, (1, 1, 1), 3): (3, 3)
(4, 1, 1, (1, 1, 1), 4): (3, 3)
(4, 1, 1, (1, 1, 1), 5): (1, 1)
(4, 1, 1, (1, 1, 1), 6): (3, 3)
(4, 1, 1, (1, 1, 1), 8): (2, 2)
(4, 1, 1, (1, 1, 1), 9): (2, 2)
(4, 1, 1, (1, 1, 1), 10): (3, 3)
(4, 1, 1, (1, 1, 1), 13): (1, 1)
(4, 1, 2, (0, 0, 0), -13): (0, 1)
(4, 1, 2, (0, 0, 0), -10): (0, 1)
(4, 1, 2, (0, 0, 0), -8): (0, 2)
(4, 1, 2, (0, 0, 0), -7): (0, 3)
(4, 1, 2, (0, 0, 0), -6): (0, 7)
(4, 1, 2, (0, 0, 0), -5): (0, 14)
(4, 1, 2, (0, 0, 0), -4): (3, 24)
(4, 1, 2, (0, 0, 0), -3): (6, 35)
(4, 1, 2, (0, 0, 0), -2): (16, 57)
(4, 1, 2, (0, 0, 0), -1): (39, 79)
(4, 1, 2, (0, 0, 0), 0): (77, 131)
(4, 1, 2, (0, 0, 0), 1): (57, 84)
(4, 1, 2, (0, 0, 0), 2): (45, 52)
(4, 1, 2, (0, 0, 0), 3): (21, 26)
(4, 1, 2, (0, 0, 0), 4): (26, 28)
(4, 1, 2, (0, 0, 0), 5): (6, 6)
(4, 1, 2, (0, 0, 0), 6): (5, 5)
(4, 1, 2, (0, 0, 0), 7): (3, 3)
(4, 1, 2, (0, 0, 0), 8): (1, 1)
(4, 1, 2, (0, 0, 0), 9): (1, 1)
(4, 1, 2, (0, 0, 0), 10): (2, 2)
(4, 1, 2, (0, 0, 0), 11): (1, 1)
(4, 1, 2, (0, 0, 0), 13): (1, 1)
(4, 1, 2, (0, 0, 0), 18): (1, 1)
(4, 1, 2, (0, 0, 1), -8): (0, 1)
(4, 1, 2, (0, 0, 1), -4): (2, 3)
(4, 1, 2, (0, 0, 1), -3): (0, 1)
(4, 1, 2, (0, 0, 1), -2): (1, 3)
(4, 1, 2, (0, 0, 1), -1): (3, 6)
(4, 1, 2, (0, 0, 1), 0): (9, 17)
(4, 1, 2, (0, 0, 1), 1): (6, 9)
(4, 1, 2, (0, 0, 1), 2): (2, 5)
(4, 1, 2, (0, 0, 1), 3): (1, 2)
(4, 1, 2, (0, 0, 1), 4): (4, 5)
(4, 1, 2, (0, 0, 1), 7): (1, 1)
(4, 1, 2, (0, 0, 1), 10): (1, 1)
(4, 1, 2, (0, 1, 0), -10): (0, 1)
(4, 1, 2, (0, 1, 0), -8): (0, 1)
(4, 1, 2, (0, 1, 0), -6): (0, 1)
(4, 1, 2, (0, 1, 0), -5): (0, 1)
(4, 1, 2, (0, 1, 0), -4): (0, 2)
(4, 1, 2, (0, 1, 0), -3): (5, 12)
(4, 1, 2, (0, 1, 0), -2): (6, 13)
(4, 1, 2, (0, 1, 0), -1): (8, 20)
(4, 1, 2, (0, 1, 0), 0): (24, 40)
(4, 1, 2, (0, 1, 0), 1): (22, 30)
(4, 1, 2, (0, 1, 0), 2): (17, 22)
(4, 1, 2, (0, 1, 0), 3): (13, 13)
(4, 1, 2, (0, 1, 0), 4): (12, 12)
(4, 1, 2, (0, 1, 0), 5): (1, 2)
(4, 1, 2, (0, 1, 0), 6): (1, 1)
(4, 1, 2, (0, 1, 0), 7): (1, 1)
(4, 1, 2, (0, 1, 0), 8): (1, 1)
(4, 1, 2, (0, 1, 0), 11): (2, 2)
(4, 1, 2, (0, 1, 0), 12): (1, 1)
(4, 1, 2, (0, 1, 0), 16): (1, 1)
(4, 1, 2, (0, 1, 1), -8): (0, 1)
(4, 1, 2, (0, 1, 1), -7): (0, 1)
(4, 1, 2, (0, 1, 1), -4): (0, 1)
(4, 1, 2, (0, 1, 1), -3): (0, 1)
(4, 1, 2, (0, 1, 1), -2): (2, 4)
(4, 1, 2, (0, 1, 1), -1): (4, 6)
(4, 1, 2, (0, 1, 1), 0): (2, 5)
(4, 1, 2, (0, 1, 1), 1): (4, 5)
(4, 1, 2, (0, 1, 1), 2): (4, 5)
(4, 1, 2, (0, 1, 1), 3): (5, 5)
(4, 1, 2, (0, 1, 1), 4): (2, 2)
(4, 1, 2, (0, 1, 1), 5): (1, 1)
(4, 1, 2, (0, 1, 1), 7): (1, 1)
(4, 1, 2, (0, 1, 1), 9): (1, 1)
(4, 1, 2, (1, 0, 0), -9): (0, 1)
(4, 1, 2, (1, 0, 0), -8): (0, 2)
(4, 1, 2, (1, 0, 0), -7): (0, 4)
(4, 1, 2, (1, 0, 0), -6): (0, 2)
(4, 1, 2, (1, 0, 0), -5): (0, 10)
(4, 1, 2, (1, 0, 0), -4): (3, 15)
(4, 1, 2, (1, 0, 0), -3): (5, 21)
(4, 1, 2, (1, 0, 0), -2): (11, 29)
(4, 1, 2, (1, 0, 0), -1): (21, 50)
(4, 1, 2, (1, 0, 0), 0): (40, 71)
(4, 1, 2, (1, 0, 0), 1): (39, 60)
(4, 1, 2, (1, 0, 0), 2): (20, 28)
(4, 1, 2, (1, 0, 0), 3): (16, 16)
(4, 1, 2, (1, 0, 0), 4): (11, 12)
(4, 1, 2, (1, 0, 0), 5): (8, 8)
(4, 1, 2, (1, 0, 0), 6): (4, 4)
(4, 1, 2, (1, 0, 0), 7): (1, 1)
(4, 1, 2, (1, 0, 0), 8): (1, 1)
(4, 1, 2, (1, 0, 0), 9): (2, 2)
(4, 1, 2, (1, 0, 0), 10): (3, 3)
(4, 1, 2, (1, 0, 0), 18): (1, 1)
(4, 1, 2, (1, 0, 1), -7): (0, 1)
(4, 1, 2, (1, 0, 1), -4): (0, 1)
(4, 1, 2, (1, 0, 1), -3): (1, 2)
(4, 1, 2, (1, 0, 1), -2): (1, 5)
(4, 1, 2, (1, 0, 1), -1): (3, 9)
(4, 1, 2, (1, 0, 1), 0): (5, 13)
(4, 1, 2, (1, 0, 1), 1): (7, 12)
(4, 1, 2, (1, 0, 1), 2): (3, 3)
(4, 1, 2, (1, 0, 1), 3): (1, 2)
(4, 1, 2, (1, 0, 1), 4): (2, 2)
(4, 1, 2, (1, 0, 1), 5): (2, 2)
(4, 1, 2, (1, 0, 1), 6): (1, 1)
(4, 1, 2, (1, 0, 1), 7): (1, 1)
(4, 1, 2, (1, 1, 0), -8): (0, 3)
(4, 1, 2, (1, 1, 0), -7): (0, 1)
(4, 1, 2, (1, 1, 0), -6): (0, 3)
(4, 1, 2, (1, 1, 0), -5): (0, 3)
(4, 1, 2, (1, 1, 0), -4): (1, 7)
(4, 1, 2, (1, 1, 0), -3): (2, 5)
(4, 1, 2, (1, 1, 0), -2): (5, 13)
(4, 1, 2, (1, 1, 0), -1): (11, 23)
(4, 1, 2, (1, 1, 0), 0): (23, 30)
(4, 1, 2, (1, 1, 0), 1): (17, 21)
(4, 1, 2, (1, 1, 0), 2): (13, 18)
(4, 1, 2, (1, 1, 0), 3): (3, 4)
(4, 1, 2, (1, 1, 0), 4): (6, 6)
(4, 1, 2, (1, 1, 0), 5): (6, 6)
(4, 1, 2, (1, 1, 0), 6): (1, 1)
(4, 1, 2, (1, 1, 0), 7): (1, 1)
(4, 1, 2, (1, 1, 0), 9): (1, 1)
(4, 1, 2, (1, 1, 1), -8): (0, 2)
(4, 1, 2, (1, 1, 1), -5): (0, 1)
(4, 1, 2, (1, 1, 1), -4): (0, 1)
(4, 1, 2, (1, 1, 1), -3): (0, 2)
(4, 1, 2, (1, 1, 1), -2): (1, 1)
(4, 1, 2, (1, 1, 1), -1): (7, 11)
(4, 1, 2, (1, 1, 1), 0): (10, 14)
(4, 1, 2, (1, 1, 1), 1): (9, 9)
(4, 1, 2, (1, 1, 1), 2): (4, 5)
(4, 1, 2, (1, 1, 1), 3): (1, 2)
(4, 1, 2, (1, 1, 1), 4): (1, 1)
(4, 1, 2, (1, 1, 1), 5): (1, 1)
(4, 1, 2, (1, 1, 1), 6): (1, 1)
(4, 1, 2, (1, 1, 1), 10): (1, 1)
(5, 0, 0, (0, 0, 0), -18): (0, 1)
(5, 0, 0, (0, 0, 0), -13): (0, 1)
(5, 0, 0, (0, 0, 0), -12): (0, 1)
(5, 0, 0, (0, 0, 0), -11): (0, 3)
(5, 0, 0, (0, 0, 0), -10): (0, 3)
(5, 0, 0, (0, 0, 0), -9): (0, 1)
(5, 0, 0, (0, 0, 0), -8): (0, 2)
(5, 0, 0, (0, 0, 0), -7): (0, 6)
(5, 0, 0, (0, 0, 0), -6): (0, 12)
(5, 0, 0, (0, 0, 0), -5): (1, 24)
(5, 0, 0, (0, 0, 0), -4): (3, 47)
(5, 0, 0, (0, 0, 0), -3): (8, 53)
(5, 0, 0, (0, 0, 0), -2): (22, 111)
(5, 0, 0, (0, 0, 0), -1): (52, 168)
(5, 0, 0, (0, 0, 0), 0): (101, 227)
(5, 0, 0, (0, 0, 0), 1): (79, 142)
(5, 0, 0, (0, 0, 0), 2): (65, 94)
(5, 0, 0, (0, 0, 0), 3): (47, 60)
(5, 0, 0, (0, 0, 0), 4): (39, 42)
(5, 0, 0, (0, 0, 0), 5): (25, 25)
(5, 0, 0, (0, 0, 0), 6): (11, 11)
(5, 0, 0, (0, 0, 0), 7): (6, 6)
(5, 0, 0, (0, 0, 0), 8): (4, 4)
(5, 0, 0, (0, 0, 0), 9): (1, 1)
(5, 0, 0, (0, 0, 0), 10): (2, 2)
(5, 0, 0, (0, 0, 0), 13): (1, 1)
(5, 0, 0, (0, 0, 1), -6): (0, 1)
(5, 0, 0, (0, 0, 1), -2): (0, 1)
(5, 0, 0, (0, 0, 1), -1): (1, 1)
(5, 0, 0, (0, 0, 1), 0): (4, 4)
(5, 0, 0, (0, 0, 1), 1): (2, 2)
(5, 0, 0, (0, 0, 1), 3): (1, 1)
(5, 0, 0, (0, 0, 1), 4): (2, 2)
(5, 0, 0, (0, 1, 0), -18): (0, 1)
(5, 0, 0, (0, 1, 0), -11): (0, 1)
(5, 0, 0, (0, 1, 0), -10): (0, 1)
(5, 0, 0, (0, 1, 0), -9): (0, 1)
(5, 0, 0, (0, 1, 0), -7): (0, 1)
(5, 0, 0, (0, 1, 0), -6): (0, 2)
(5, 0, 0, (0, 1, 0), -5): (0, 1)
(5, 0, 0, (0, 1, 0), -4): (1, 3)
(5, 0, 0, (0, 1, 0), -3): (0, 3)
(5, 0, 0, (0, 1, 0), -2): (2, 7)
(5, 0, 0, (0, 1, 0), -1): (5, 11)
(5, 0, 0, (0, 1, 0), 0): (8, 12)
(5, 0, 0, (0, 1, 0), 1): (5, 6)
(5, 0, 0, (0, 1, 0), 2): (7, 8)
(5, 0, 0, (0, 1, 0), 3): (1, 2)
(5, 0, 0, (0, 1, 0), 4): (1, 1)
(5, 0, 0, (0, 1, 0), 5): (3, 3)
(5, 0, 0, (0, 1, 0), 6): (1, 1)
(5, 0, 0, (0, 1, 0), 7): (1, 1)
(5, 0, 0, (0, 1, 0), 8): (1, 1)
(5, 0, 0, (0, 1, 1), -4): (0, 1)
(5, 0, 0, (0, 1, 1), -3): (1, 1)
(5, 0, 0, (0, 1, 1), -1): (2, 3)
(5, 0, 0, (0, 1, 1), 0): (2, 2)
(5, 0, 0, (0, 1, 1), 1): (1, 1)
(5, 0, 0, (0, 1, 1), 3): (3, 3)
(5, 0, 0, (0, 1, 1), 4): (2, 2)
(5, 0, 0, (0, 1, 1), 5): (0, 1)
(5, 0, 0, (1, 0, 0), -11): (0, 1)
(5, 0, 0, (1, 0, 0), -8): (0, 3)
(5, 0, 0, (1, 0, 0), -6): (0, 5)
(5, 0, 0, (1, 0, 0), -5): (1, 10)
(5, 0, 0, (1, 0, 0), -4): (3, 14)
(5, 0, 0, (1, 0, 0), -3): (2, 12)
(5, 0, 0, (1, 0, 0), -2): (3, 24)
(5, 0, 0, (1, 0, 0), -1): (17, 42)
(5, 0, 0, (1, 0, 0), 0): (30, 58)
(5, 0, 0, (1, 0, 0), 1): (21, 33)
(5, 0, 0, (1, 0, 0), 2): (25, 28)
(5, 0, 0, (1, 0, 0), 3): (12, 18)
(5, 0, 0, (1, 0, 0), 4): (15, 16)
(5, 0, 0, (1, 0, 0), 5): (5, 5)
(5, 0, 0, (1, 0, 0), 6): (1, 1)
(5, 0, 0, (1, 0, 0), 7): (1, 1)
(5, 0, 0, (1, 0, 0), 8): (2, 2)
(5, 0, 0, (1, 0, 0), 9): (1, 1)
(5, 0, 0, (1, 0, 1), -4): (0, 1)
(5, 0, 0, (1, 0, 1), -3): (0, 2)
(5, 0, 0, (1, 0, 1), -2): (1, 1)
(5, 0, 0, (1, 0, 1), -1): (3, 5)
(5, 0, 0, (1, 0, 1), 0): (3, 6)
(5, 0, 0, (1, 0, 1), 1): (2, 2)
(5, 0, 0, (1, 0, 1), 2): (1, 2)
(5, 0, 0, (1, 0, 1), 3): (0, 1)
(5, 0, 0, (1, 0, 1), 4): (1, 2)
(5, 0, 0, (1, 0, 1), 5): (1, 1)
(5, 0, 0, (1, 0, 1), 6): (1, 1)
(5, 0, 0, (1, 1, 0), -8): (0, 3)
(5, 0, 0, (1, 1, 0), -6): (0, 2)
(5, 0, 0, (1, 1, 0), -5): (1, 4)
(5, 0, 0, (1, 1, 0), -4): (3, 5)
(5, 0, 0, (1, 1, 0), -3): (4, 8)
(5, 0, 0, (1, 1, 0), -2): (4, 9)
(5, 0, 0, (1, 1, 0), -1): (3, 7)
(5, 0, 0, (1, 1, 0), 0): (4, 7)
(5, 0, 0, (1, 1, 0), 1): (6, 6)
(5, 0, 0, (1, 1, 0), 2): (4, 5)
(5, 0, 0, (1, 1, 0), 3): (4, 5)
(5, 0, 0, (1, 1, 0), 4): (4, 4)
(5, 0, 0, (1, 1, 0), 5): (1, 1)
(5, 0, 0, (1, 1, 0), 7): (2, 2)
(5, 0, 0, (1, 1, 1), -6): (0, 1)
(5, 0, 0, (1, 1, 1), -5): (0, 1)
(5, 0, 0, (1, 1, 1), -4): (0, 2)
(5, 0, 0, (1, 1, 1), -1): (3, 4)
(5, 0, 0, (1, 1, 1), 0): (3, 3)
(5, 0, 0, (1, 1, 1), 2): (1, 1)
(5, 0, 0, (1, 1, 1), 3): (0, 1)
(5, 0, 0, (1, 1, 1), 7): (1, 1)
(5, 0, 1, (0, 0, 0), -13): (0, 1)
(5, 0, 1, (0, 0, 0), -12): (0, 1)
(5, 0, 1, (0, 0, 0), -11): (0, 1)
(5, 0, 1, (0, 0, 0), -10): (0, 2)
(5, 0, 1, (0, 0, 0), -7): (0, 5)
(5, 0, 1, (0, 0, 0), -6): (0, 5)
(5, 0, 1, (0, 0, 0), -5): (0, 14)
(5, 0, 1, (0, 0, 0), -4): (0, 31)
(5, 0, 1, (0, 0, 0), -3): (6, 40)
(5, 0, 1, (0, 0, 0), -2): (17, 80)
(5, 0, 1, (0, 0, 0), -1): (31, 117)
(5, 0, 1, (0, 0, 0), 0): (65, 166)
(5, 0, 1, (0, 0, 0), 1): (59, 110)
(5, 0, 1, (0, 0, 0), 2): (39, 64)
(5, 0, 1, (0, 0, 0), 3): (36, 44)
(5, 0, 1, (0, 0, 0), 4): (20, 22)
(5, 0, 1, (0, 0, 0), 5): (18, 18)
(5, 0, 1, (0, 0, 0), 6): (14, 14)
(5, 0, 1, (0, 0, 0), 7): (6, 6)
(5, 0, 1, (0, 0, 0), 8): (2, 2)
(5, 0, 1, (0, 0, 0), 10): (2, 2)
(5, 0, 1, (0, 0, 0), 13): (1, 1)
(5, 0, 1, (0, 0, 1), -11): (0, 1)
(5, 0, 1, (0, 0, 1), -3): (0, 1)
(5, 0, 1, (0, 0, 1), -2): (1, 3)
(5, 0, 1, (0, 0, 1), -1): (5, 8)
(5, 0, 1, (0, 0, 1), 0): (4, 6)
(5, 0, 1, (0, 0, 1), 1): (8, 11)
(5, 0, 1, (0, 0, 1), 2): (2, 3)
(5, 0, 1, (0, 0, 1), 3): (3, 4)
(5, 0, 1, (0, 0, 1), 4): (3, 3)
(5, 0, 1, (0, 0, 1), 6): (0, 1)
(5, 0, 1, (0, 1, 0), -18): (0, 1)
(5, 0, 1, (0, 1, 0), -10): (0, 1)
(5, 0, 1, (0, 1, 0), -6): (0, 3)
(5, 0, 1, (0, 1, 0), -5): (0, 6)
(5, 0, 1, (0, 1, 0), -4): (0, 3)
(5, 0, 1, (0, 1, 0), -2): (3, 8)
(5, 0, 1, (0, 1, 0), -1): (6, 15)
(5, 0, 1, (0, 1, 0), 0): (12, 27)
(5, 0, 1, (0, 1, 0), 1): (10, 18)
(5, 0, 1, (0, 1, 0), 2): (18, 23)
(5, 0, 1, (0, 1, 0), 3): (3, 3)
(5, 0, 1, (0, 1, 0), 4): (7, 7)
(5, 0, 1, (0, 1, 0), 5): (7, 7)
(5, 0, 1, (0, 1, 0), 6): (2, 2)
(5, 0, 1, (0, 1, 0), 7): (1, 1)
(5, 0, 1, (0, 1, 0), 8): (2, 2)
(5, 0, 1, (0, 1, 1), -5): (0, 1)
(5, 0, 1, (0, 1, 1), -4): (1, 1)
(5, 0, 1, (0, 1, 1), -3): (0, 2)
(5, 0, 1, (0, 1, 1), -2): (1, 3)
(5, 0, 1, (0, 1, 1), -1): (2, 3)
(5, 0, 1, (0, 1, 1), 0): (1, 1)
(5, 0, 1, (0, 1, 1), 1): (5, 5)
(5, 0, 1, (0, 1, 1), 2): (4, 6)
(5, 0, 1, (0, 1, 1), 3): (7, 7)
(5, 0, 1, (0, 1, 1), 4): (4, 4)
(5, 0, 1, (0, 1, 1), 5): (1, 1)
(5, 0, 1, (0, 1, 1), 7): (1, 1)
(5, 0, 1, (1, 0, 0), -13): (0, 1)
(5, 0, 1, (1, 0, 0), -6): (0, 4)
(5, 0, 1, (1, 0, 0), -5): (0, 7)
(5, 0, 1, (1, 0, 0), -4): (0, 13)
(5, 0, 1, (1, 0, 0), -3): (2, 15)
(5, 0, 1, (1, 0, 0), -2): (4, 25)
(5, 0, 1, (1, 0, 0), -1): (17, 52)
(5, 0, 1, (1, 0, 0), 0): (34, 64)
(5, 0, 1, (1, 0, 0), 1): (20, 41)
(5, 0, 1, (1, 0, 0), 2): (23, 30)
(5, 0, 1, (1, 0, 0), 3): (16, 23)
(5, 0, 1, (1, 0, 0), 4): (7, 8)
(5, 0, 1, (1, 0, 0), 5): (4, 4)
(5, 0, 1, (1, 0, 0), 6): (10, 10)
(5, 0, 1, (1, 0, 0), 7): (3, 3)
(5, 0, 1, (1, 0, 0), 8): (2, 2)
(5, 0, 1, (1, 0, 0), 9): (1, 1)
(5, 0, 1, (1, 0, 1), -8): (0, 1)
(5, 0, 1, (1, 0, 1), -4): (0, 3)
(5, 0, 1, (1, 0, 1), -3): (0, 3)
(5, 0, 1, (1, 0, 1), -2): (2, 4)
(5, 0, 1, (1, 0, 1), -1): (0, 4)
(5, 0, 1, (1, 0, 1), 0): (6, 10)
(5, 0, 1, (1, 0, 1), 1): (7, 9)
(5, 0, 1, (1, 0, 1), 2): (2, 2)
(5, 0, 1, (1, 0, 1), 3): (3, 4)
(5, 0, 1, (1, 0, 1), 5): (3, 3)
(5, 0, 1, (1, 0, 1), 6): (4, 4)
(5, 0, 1, (1, 1, 0), -10): (0, 1)
(5, 0, 1, (1, 1, 0), -7): (0, 1)
(5, 0, 1, (1, 1, 0), -6): (0, 1)
(5, 0, 1, (1, 1, 0), -5): (0, 3)
(5, 0, 1, (1, 1, 0), -4): (0, 2)
(5, 0, 1, (1, 1, 0), -3): (1, 5)
(5, 0, 1, (1, 1, 0), -2): (0, 5)
(5, 0, 1, (1, 1, 0), -1): (4, 14)
(5, 0, 1, (1, 1, 0), 0): (11, 20)
(5, 0, 1, (1, 1, 0), 1): (6, 10)
(5, 0, 1, (1, 1, 0), 2): (6, 7)
(5, 0, 1, (1, 1, 0), 3): (7, 10)
(5, 0, 1, (1, 1, 0), 4): (5, 6)
(5, 0, 1, (1, 1, 0), 5): (2, 2)
(5, 0, 1, (1, 1, 0), 6): (2, 2)
(5, 0, 1, (1, 1, 0), 7): (2, 2)
(5, 0, 1, (1, 1, 0), 8): (1, 1)
(5, 0, 1, (1, 1, 1), -6): (0, 2)
(5, 0, 1, (1, 1, 1), -5): (0, 1)
(5, 0, 1, (1, 1, 1), -4): (0, 1)
(5, 0, 1, (1, 1, 1), -3): (0, 2)
(5, 0, 1, (1, 1, 1), -1): (0, 2)
(5, 0, 1, (1, 1, 1), 0): (4, 5)
(5, 0, 1, (1, 1, 1), 1): (3, 6)
(5, 0, 1, (1, 1, 1), 2): (3, 5)
(5, 0, 1, (1, 1, 1), 3): (1, 2)
(5, 0, 1, (1, 1, 1), 4): (1, 2)
(5, 0, 1, (1, 1, 1), 8): (1, 1)
(5, 0, 2, (0, 0, 0), -12): (0, 1)
(5, 0, 2, (0, 0, 0), -11): (0, 2)
(5, 0, 2, (0, 0, 0), -10): (0, 3)
(5, 0, 2, (0, 0, 0), -7): (0, 5)
(5, 0, 2, (0, 0, 0), -6): (0, 3)
(5, 0, 2, (0, 0, 0), -5): (0, 11)
(5, 0, 2, (0, 0, 0), -4): (0, 25)
(5, 0, 2, (0, 0, 0), -3): (4, 28)
(5, 0, 2, (0, 0, 0), -2): (13, 70)
(5, 0, 2, (0, 0, 0), -1): (24, 91)
(5, 0, 2, (0, 0, 0), 0): (52, 136)
(5, 0, 2, (0, 0, 0), 1): (47, 90)
(5, 0, 2, (0, 0, 0), 2): (30, 48)
(5, 0, 2, (0, 0, 0), 3): (29, 36)
(5, 0, 2, (0, 0, 0), 4): (17, 19)
(5, 0, 2, (0, 0, 0), 5): (16, 16)
(5, 0, 2, (0, 0, 0), 6): (7, 7)
(5, 0, 2, (0, 0, 0), 7): (4, 4)
(5, 0, 2, (0, 0, 0), 8): (2, 2)
(5, 0, 2, (0, 0, 0), 10): (2, 2)
(5, 0, 2, (0, 0, 0), 13): (1, 1)
(5, 0, 2, (0, 0, 1), -8): (0, 2)
(5, 0, 2, (0, 0, 1), -5): (1, 4)
(5, 0, 2, (0, 0, 1), -4): (0, 1)
(5, 0, 2, (0, 0, 1), -3): (1, 2)
(5, 0, 2, (0, 0, 1), -2): (1, 2)
(5, 0, 2, (0, 0, 1), -1): (3, 8)
(5, 0, 2, (0, 0, 1), 0): (6, 11)
(5, 0, 2, (0, 0, 1), 1): (7, 13)
(5, 0, 2, (0, 0, 1), 2): (6, 9)
(5, 0, 2, (0, 0, 1), 3): (4, 6)
(5, 0, 2, (0, 0, 1), 4): (3, 3)
(5, 0, 2, (0, 0, 1), 5): (3, 3)
(5, 0, 2, (0, 0, 1), 6): (0, 1)
(5, 0, 2, (0, 0, 1), 8): (1, 1)
(5, 0, 2, (0, 0, 1), 11): (1, 1)
(5, 0, 2, (0, 1, 0), -18): (0, 1)
(5, 0, 2, (0, 1, 0), -13): (0, 1)
(5, 0, 2, (0, 1, 0), -6): (0, 2)
(5, 0, 2, (0, 1, 0), -5): (0, 4)
(5, 0, 2, (0, 1, 0), -4): (0, 3)
(5, 0, 2, (0, 1, 0), -3): (0, 4)
(5, 0, 2, (0, 1, 0), -2): (2, 10)
(5, 0, 2, (0, 1, 0), -1): (11, 24)
(5, 0, 2, (0, 1, 0), 0): (15, 32)
(5, 0, 2, (0, 1, 0), 1): (13, 25)
(5, 0, 2, (0, 1, 0), 2): (19, 29)
(5, 0, 2, (0, 1, 0), 3): (13, 14)
(5, 0, 2, (0, 1, 0), 4): (8, 8)
(5, 0, 2, (0, 1, 0), 5): (7, 7)
(5, 0, 2, (0, 1, 0), 6): (2, 2)
(5, 0, 2, (0, 1, 0), 7): (3, 3)
(5, 0, 2, (0, 1, 0), 8): (3, 3)
(5, 0, 2, (0, 1, 0), 10): (1, 1)
(5, 0, 2, (0, 1, 1), -10): (0, 1)
(5, 0, 2, (0, 1, 1), -5): (0, 1)
(5, 0, 2, (0, 1, 1), -3): (1, 2)
(5, 0, 2, (0, 1, 1), -2): (0, 3)
(5, 0, 2, (0, 1, 1), -1): (3, 3)
(5, 0, 2, (0, 1, 1), 0): (3, 6)
(5, 0, 2, (0, 1, 1), 1): (2, 2)
(5, 0, 2, (0, 1, 1), 2): (2, 2)
(5, 0, 2, (0, 1, 1), 3): (6, 7)
(5, 0, 2, (0, 1, 1), 4): (1, 1)
(5, 0, 2, (0, 1, 1), 5): (1, 1)
(5, 0, 2, (0, 1, 1), 6): (1, 1)
(5, 0, 2, (0, 1, 1), 7): (1, 1)
(5, 0, 2, (0, 1, 1), 9): (1, 1)
(5, 0, 2, (1, 0, 0), -12): (0, 1)
(5, 0, 2, (1, 0, 0), -11): (0, 1)
(5, 0, 2, (1, 0, 0), -10): (0, 2)
(5, 0, 2, (1, 0, 0), -7): (0, 1)
(5, 0, 2, (1, 0, 0), -6): (0, 5)
(5, 0, 2, (1, 0, 0), -5): (0, 6)
(5, 0, 2, (1, 0, 0), -4): (0, 14)
(5, 0, 2, (1, 0, 0), -3): (2, 18)
(5, 0, 2, (1, 0, 0), -2): (4, 24)
(5, 0, 2, (1, 0, 0), -1): (11, 45)
(5, 0, 2, (1, 0, 0), 0): (29, 58)
(5, 0, 2, (1, 0, 0), 1): (24, 44)
(5, 0, 2, (1, 0, 0), 2): (26, 31)
(5, 0, 2, (1, 0, 0), 3): (19, 21)
(5, 0, 2, (1, 0, 0), 4): (10, 13)
(5, 0, 2, (1, 0, 0), 5): (7, 7)
(5, 0, 2, (1, 0, 0), 6): (11, 11)
(5, 0, 2, (1, 0, 0), 7): (5, 5)
(5, 0, 2, (1, 0, 0), 8): (2, 2)
(5, 0, 2, (1, 0, 0), 9): (1, 1)
(5, 0, 2, (1, 0, 0), 11): (1, 1)
(5, 0, 2, (1, 0, 1), -10): (0, 1)
(5, 0, 2, (1, 0, 1), -8): (0, 1)
(5, 0, 2, (1, 0, 1), -6): (0, 1)
(5, 0, 2, (1, 0, 1), -4): (0, 1)
(5, 0, 2, (1, 0, 1), -3): (0, 1)
(5, 0, 2, (1, 0, 1), -2): (0, 4)
(5, 0, 2, (1, 0, 1), -1): (1, 8)
(5, 0, 2, (1, 0, 1), 0): (2, 8)
(5, 0, 2, (1, 0, 1), 1): (2, 3)
(5, 0, 2, (1, 0, 1), 2): (1, 3)
(5, 0, 2, (1, 0, 1), 3): (4, 4)
(5, 0, 2, (1, 0, 1), 4): (5, 5)
(5, 0, 2, (1, 0, 1), 5): (2, 2)
(5, 0, 2, (1, 0, 1), 6): (1, 1)
(5, 0, 2, (1, 0, 1), 7): (1, 1)
(5, 0, 2, (1, 1, 0), -7): (0, 1)
(5, 0, 2, (1, 1, 0), -5): (0, 1)
(5, 0, 2, (1, 1, 0), -4): (0, 7)
(5, 0, 2, (1, 1, 0), -3): (0, 9)
(5, 0, 2, (1, 1, 0), -2): (1, 9)
(5, 0, 2, (1, 1, 0), -1): (6, 20)
(5, 0, 2, (1, 1, 0), 0): (11, 24)
(5, 0, 2, (1, 1, 0), 1): (9, 19)
(5, 0, 2, (1, 1, 0), 2): (10, 15)
(5, 0, 2, (1, 1, 0), 3): (9, 10)
(5, 0, 2, (1, 1, 0), 4): (4, 6)
(5, 0, 2, (1, 1, 0), 5): (7, 7)
(5, 0, 2, (1, 1, 0), 6): (3, 3)
(5, 0, 2, (1, 1, 0), 7): (1, 1)
(5, 0, 2, (1, 1, 0), 8): (3, 3)
(5, 0, 2, (1, 1, 1), -6): (0, 1)
(5, 0, 2, (1, 1, 1), -5): (0, 1)
(5, 0, 2, (1, 1, 1), -3): (0, 2)
(5, 0, 2, (1, 1, 1), -2): (0, 2)
(5, 0, 2, (1, 1, 1), -1): (2, 5)
(5, 0, 2, (1, 1, 1), 0): (3, 5)
(5, 0, 2, (1, 1, 1), 1): (1, 2)
(5, 0, 2, (1, 1, 1), 2): (2, 4)
(5, 0, 2, (1, 1, 1), 3): (6, 7)
(5, 0, 2, (1, 1, 1), 4): (2, 2)
(5, 0, 2, (1, 1, 1), 6): (1, 1)
(5, 0, 2, (1, 1, 1), 8): (1, 1)
(5, 1, 0, (0, 0, 0), -13): (0, 1)
(5, 1, 0, (0, 0, 0), -11): (0, 2)
(5, 1, 0, (0, 0, 0), -10): (0, 2)
(5, 1, 0, (0, 0, 0), -9): (0, 1)
(5, 1, 0, (0, 0, 0), -8): (0, 8)
(5, 1, 0, (0, 0, 0), -7): (0, 11)
(5, 1, 0, (0, 0, 0), -6): (1, 18)
(5, 1, 0, (0, 0, 0), -5): (0, 32)
(5, 1, 0, (0, 0, 0), -4): (7, 41)
(5, 1, 0, (0, 0, 0), -3): (14, 71)
(5, 1, 0, (0, 0, 0), -2): (37, 104)
(5, 1, 0, (0, 0, 0), -1): (67, 147)
(5, 1, 0, (0, 0, 0), 0): (130, 222)
(5, 1, 0, (0, 0, 0), 1): (110, 151)
(5, 1, 0, (0, 0, 0), 2): (84, 96)
(5, 1, 0, (0, 0, 0), 3): (44, 49)
(5, 1, 0, (0, 0, 0), 4): (41, 41)
(5, 1, 0, (0, 0, 0), 5): (22, 23)
(5, 1, 0, (0, 0, 0), 6): (9, 9)
(5, 1, 0, (0, 0, 0), 7): (5, 5)
(5, 1, 0, (0, 0, 0), 8): (2, 2)
(5, 1, 0, (0, 0, 0), 10): (4, 4)
(5, 1, 0, (0, 0, 0), 11): (2, 2)
(5, 1, 0, (0, 0, 0), 12): (1, 1)
(5, 1, 0, (0, 0, 0), 13): (1, 1)
(5, 1, 0, (0, 0, 0), 18): (1, 1)
(5, 1, 0, (0, 0, 1), -7): (0, 1)
(5, 1, 0, (0, 0, 1), -5): (0, 1)
(5, 1, 0, (0, 0, 1), -3): (1, 1)
(5, 1, 0, (0, 0, 1), -1): (2, 4)
(5, 1, 0, (0, 0, 1), 0): (3, 4)
(5, 1, 0, (0, 0, 1), 1): (3, 3)
(5, 1, 0, (0, 0, 1), 2): (1, 1)
(5, 1, 0, (0, 0, 1), 3): (1, 1)
(5, 1, 0, (0, 0, 1), 4): (1, 1)
(5, 1, 0, (0, 0, 1), 5): (2, 2)
(5, 1, 0, (0, 1, 0), -10): (0, 1)
(5, 1, 0, (0, 1, 0), -5): (0, 1)
(5, 1, 0, (0, 1, 0), -4): (0, 2)
(5, 1, 0, (0, 1, 0), -3): (1, 4)
(5, 1, 0, (0, 1, 0), -2): (1, 10)
(5, 1, 0, (0, 1, 0), -1): (3, 9)
(5, 1, 0, (0, 1, 0), 0): (8, 13)
(5, 1, 0, (0, 1, 0), 1): (12, 12)
(5, 1, 0, (0, 1, 0), 2): (7, 7)
(5, 1, 0, (0, 1, 0), 3): (1, 1)
(5, 1, 0, (0, 1, 0), 4): (2, 2)
(5, 1, 0, (0, 1, 0), 5): (2, 2)
(5, 1, 0, (0, 1, 0), 6): (1, 1)
(5, 1, 0, (0, 1, 0), 7): (1, 1)
(5, 1, 0, (0, 1, 0), 8): (1, 1)
(5, 1, 0, (0, 1, 1), -7): (0, 1)
(5, 1, 0, (0, 1, 1), -6): (0, 2)
(5, 1, 0, (0, 1, 1), -3): (0, 3)
(5, 1, 0, (0, 1, 1), -2): (0, 1)
(5, 1, 0, (0, 1, 1), -1): (3, 4)
(5, 1, 0, (0, 1, 1), 0): (2, 3)
(5, 1, 0, (0, 1, 1), 1): (2, 3)
(5, 1, 0, (0, 1, 1), 2): (1, 1)
(5, 1, 0, (0, 1, 1), 3): (1, 1)
(5, 1, 0, (0, 1, 1), 4): (2, 2)
(5, 1, 0, (1, 0, 0), -10): (0, 1)
(5, 1, 0, (1, 0, 0), -8): (0, 3)
(5, 1, 0, (1, 0, 0), -7): (0, 2)
(5, 1, 0, (1, 0, 0), -6): (0, 5)
(5, 1, 0, (1, 0, 0), -5): (0, 9)
(5, 1, 0, (1, 0, 0), -4): (5, 15)
(5, 1, 0, (1, 0, 0), -3): (6, 21)
(5, 1, 0, (1, 0, 0), -2): (10, 29)
(5, 1, 0, (1, 0, 0), -1): (18, 38)
(5, 1, 0, (1, 0, 0), 0): (41, 59)
(5, 1, 0, (1, 0, 0), 1): (37, 49)
(5, 1, 0, (1, 0, 0), 2): (28, 30)
(5, 1, 0, (1, 0, 0), 3): (13, 13)
(5, 1, 0, (1, 0, 0), 4): (12, 12)
(5, 1, 0, (1, 0, 0), 5): (6, 6)
(5, 1, 0, (1, 0, 0), 6): (3, 3)
(5, 1, 0, (1, 0, 0), 11): (1, 1)
(5, 1, 0, (1, 0, 0), 13): (1, 1)
(5, 1, 0, (1, 0, 1), -6): (0, 1)
(5, 1, 0, (1, 0, 1), -4): (1, 1)
(5, 1, 0, (1, 0, 1), -1): (1, 2)
(5, 1, 0, (1, 0, 1), 0): (2, 4)
(5, 1, 0, (1, 0, 1), 1): (1, 2)
(5, 1, 0, (1, 0, 1), 2): (3, 3)
(5, 1, 0, (1, 0, 1), 3): (2, 2)
(5, 1, 0, (1, 0, 1), 4): (1, 1)
(5, 1, 0, (1, 0, 1), 5): (2, 2)
(5, 1, 0, (1, 0, 1), 6): (1, 1)
(5, 1, 0, (1, 1, 0), -8): (0, 1)
(5, 1, 0, (1, 1, 0), -7): (0, 2)
(5, 1, 0, (1, 1, 0), -6): (0, 3)
(5, 1, 0, (1, 1, 0), -5): (0, 1)
(5, 1, 0, (1, 1, 0), -4): (2, 4)
(5, 1, 0, (1, 1, 0), -3): (3, 6)
(5, 1, 0, (1, 1, 0), -2): (5, 10)
(5, 1, 0, (1, 1, 0), -1): (4, 5)
(5, 1, 0, (1, 1, 0), 0): (12, 13)
(5, 1, 0, (1, 1, 0), 1): (4, 6)
(5, 1, 0, (1, 1, 0), 2): (9, 9)
(5, 1, 0, (1, 1, 0), 3): (1, 1)
(5, 1, 0, (1, 1, 0), 4): (5, 5)
(5, 1, 0, (1, 1, 0), 5): (4, 4)
(5, 1, 0, (1, 1, 0), 6): (3, 3)
(5, 1, 0, (1, 1, 1), -7): (0, 1)
(5, 1, 0, (1, 1, 1), -5): (0, 1)
(5, 1, 0, (1, 1, 1), -2): (3, 3)
(5, 1, 0, (1, 1, 1), -1): (2, 2)
(5, 1, 0, (1, 1, 1), 0): (2, 3)
(5, 1, 0, (1, 1, 1), 1): (3, 3)
(5, 1, 0, (1, 1, 1), 2): (3, 3)
(5, 1, 0, (1, 1, 1), 3): (1, 1)
(5, 1, 0, (1, 1, 1), 5): (1, 1)
(5, 1, 1, (0, 0, 0), -13): (0, 1)
(5, 1, 1, (0, 0, 0), -11): (0, 2)
(5, 1, 1, (0, 0, 0), -9): (0, 1)
(5, 1, 1, (0, 0, 0), -8): (0, 5)
(5, 1, 1, (0, 0, 0), -7): (0, 9)
(5, 1, 1, (0, 0, 0), -6): (1, 14)
(5, 1, 1, (0, 0, 0), -5): (0, 21)
(5, 1, 1, (0, 0, 0), -4): (2, 27)
(5, 1, 1, (0, 0, 0), -3): (6, 45)
(5, 1, 1, (0, 0, 0), -2): (27, 69)
(5, 1, 1, (0, 0, 0), -1): (46, 102)
(5, 1, 1, (0, 0, 0), 0): (83, 155)
(5, 1, 1, (0, 0, 0), 1): (73, 103)
(5, 1, 1, (0, 0, 0), 2): (55, 66)
(5, 1, 1, (0, 0, 0), 3): (34, 39)
(5, 1, 1, (0, 0, 0), 4): (28, 28)
(5, 1, 1, (0, 0, 0), 5): (15, 16)
(5, 1, 1, (0, 0, 0), 6): (8, 8)
(5, 1, 1, (0, 0, 0), 7): (4, 4)
(5, 1, 1, (0, 0, 0), 8): (1, 1)
(5, 1, 1, (0, 0, 0), 10): (4, 4)
(5, 1, 1, (0, 0, 0), 11): (1, 1)
(5, 1, 1, (0, 0, 0), 12): (1, 1)
(5, 1, 1, (0, 0, 0), 18): (1, 1)
(5, 1, 1, (0, 0, 1), -10): (0, 1)
(5, 1, 1, (0, 0, 1), -5): (0, 1)
(5, 1, 1, (0, 0, 1), -4): (0, 2)
(5, 1, 1, (0, 0, 1), -3): (0, 2)
(5, 1, 1, (0, 0, 1), -2): (2, 6)
(5, 1, 1, (0, 0, 1), -1): (2, 8)
(5, 1, 1, (0, 0, 1), 0): (3, 4)
(5, 1, 1, (0, 0, 1), 1): (9, 9)
(5, 1, 1, (0, 0, 1), 2): (4, 5)
(5, 1, 1, (0, 0, 1), 3): (2, 2)
(5, 1, 1, (0, 0, 1), 4): (2, 2)
(5, 1, 1, (0, 0, 1), 5): (1, 1)
(5, 1, 1, (0, 0, 1), 6): (2, 2)
(5, 1, 1, (0, 0, 1), 7): (1, 1)
(5, 1, 1, (0, 1, 0), -6): (0, 1)
(5, 1, 1, (0, 1, 0), -5): (0, 3)
(5, 1, 1, (0, 1, 0), -4): (0, 5)
(5, 1, 1, (0, 1, 0), -3): (1, 9)
(5, 1, 1, (0, 1, 0), -2): (2, 11)
(5, 1, 1, (0, 1, 0), -1): (8, 20)
(5, 1, 1, (0, 1, 0), 0): (16, 24)
(5, 1, 1, (0, 1, 0), 1): (26, 35)
(5, 1, 1, (0, 1, 0), 2): (16, 16)
(5, 1, 1, (0, 1, 0), 3): (7, 9)
(5, 1, 1, (0, 1, 0), 4): (9, 9)
(5, 1, 1, (0, 1, 0), 5): (1, 1)
(5, 1, 1, (0, 1, 0), 6): (2, 3)
(5, 1, 1, (0, 1, 0), 8): (1, 1)
(5, 1, 1, (0, 1, 0), 10): (1, 1)
(5, 1, 1, (0, 1, 0), 13): (1, 1)
(5, 1, 1, (0, 1, 1), -7): (0, 1)
(5, 1, 1, (0, 1, 1), -6): (0, 2)
(5, 1, 1, (0, 1, 1), -4): (1, 1)
(5, 1, 1, (0, 1, 1), -3): (0, 3)
(5, 1, 1, (0, 1, 1), -2): (1, 6)
(5, 1, 1, (0, 1, 1), -1): (0, 2)
(5, 1, 1, (0, 1, 1), 0): (10, 12)
(5, 1, 1, (0, 1, 1), 1): (5, 8)
(5, 1, 1, (0, 1, 1), 2): (6, 6)
(5, 1, 1, (0, 1, 1), 3): (2, 2)
(5, 1, 1, (0, 1, 1), 4): (5, 5)
(5, 1, 1, (0, 1, 1), 5): (3, 4)
(5, 1, 1, (1, 0, 0), -13): (0, 1)
(5, 1, 1, (1, 0, 0), -11): (0, 1)
(5, 1, 1, (1, 0, 0), -8): (0, 1)
(5, 1, 1, (1, 0, 0), -6): (1, 7)
(5, 1, 1, (1, 0, 0), -5): (0, 11)
(5, 1, 1, (1, 0, 0), -4): (3, 19)
(5, 1, 1, (1, 0, 0), -3): (3, 23)
(5, 1, 1, (1, 0, 0), -2): (13, 35)
(5, 1, 1, (1, 0, 0), -1): (19, 42)
(5, 1, 1, (1, 0, 0), 0): (37, 71)
(5, 1, 1, (1, 0, 0), 1): (30, 44)
(5, 1, 1, (1, 0, 0), 2): (26, 29)
(5, 1, 1, (1, 0, 0), 3): (21, 23)
(5, 1, 1, (1, 0, 0), 4): (6, 6)
(5, 1, 1, (1, 0, 0), 5): (8, 9)
(5, 1, 1, (1, 0, 0), 6): (3, 3)
(5, 1, 1, (1, 0, 0), 7): (2, 2)
(5, 1, 1, (1, 0, 0), 8): (1, 1)
(5, 1, 1, (1, 0, 0), 9): (1, 1)
(5, 1, 1, (1, 0, 0), 10): (4, 4)
(5, 1, 1, (1, 0, 0), 11): (1, 1)
(5, 1, 1, (1, 0, 0), 12): (1, 1)
(5, 1, 1, (1, 0, 1), -6): (0, 1)
(5, 1, 1, (1, 0, 1), -4): (2, 4)
(5, 1, 1, (1, 0, 1), -3): (1, 1)
(5, 1, 1, (1, 0, 1), -2): (1, 2)
(5, 1, 1, (1, 0, 1), -1): (6, 8)
(5, 1, 1, (1, 0, 1), 0): (5, 6)
(5, 1, 1, (1, 0, 1), 1): (8, 9)
(5, 1, 1, (1, 0, 1), 2): (5, 5)
(5, 1, 1, (1, 0, 1), 3): (3, 3)
(5, 1, 1, (1, 0, 1), 4): (1, 1)
(5, 1, 1, (1, 0, 1), 5): (2, 2)
(5, 1, 1, (1, 1, 0), -13): (0, 1)
(5, 1, 1, (1, 1, 0), -6): (1, 3)
(5, 1, 1, (1, 1, 0), -5): (0, 2)
(5, 1, 1, (1, 1, 0), -4): (2, 4)
(5, 1, 1, (1, 1, 0), -3): (3, 13)
(5, 1, 1, (1, 1, 0), -2): (3, 10)
(5, 1, 1, (1, 1, 0), -1): (8, 17)
(5, 1, 1, (1, 1, 0), 0): (10, 23)
(5, 1, 1, (1, 1, 0), 1): (11, 15)
(5, 1, 1, (1, 1, 0), 2): (12, 14)
(5, 1, 1, (1, 1, 0), 3): (9, 9)
(5, 1, 1, (1, 1, 0), 4): (9, 9)
(5, 1, 1, (1, 1, 0), 5): (3, 4)
(5, 1, 1, (1, 1, 0), 6): (5, 6)
(5, 1, 1, (1, 1, 0), 7): (3, 3)
(5, 1, 1, (1, 1, 0), 8): (2, 2)
(5, 1, 1, (1, 1, 0), 10): (2, 2)
(5, 1, 1, (1, 1, 0), 11): (1, 1)
(5, 1, 1, (1, 1, 1), -13): (0, 1)
(5, 1, 1, (1, 1, 1), -6): (1, 1)
(5, 1, 1, (1, 1, 1), -3): (0, 1)
(5, 1, 1, (1, 1, 1), -2): (1, 3)
(5, 1, 1, (1, 1, 1), -1): (2, 4)
(5, 1, 1, (1, 1, 1), 0): (8, 11)
(5, 1, 1, (1, 1, 1), 1): (5, 5)
(5, 1, 1, (1, 1, 1), 2): (6, 6)
(5, 1, 1, (1, 1, 1), 3): (4, 4)
(5, 1, 1, (1, 1, 1), 4): (3, 3)
(5, 1, 1, (1, 1, 1), 5): (3, 3)
(5, 1, 1, (1, 1, 1), 11): (1, 1)
(5, 1, 2, (0, 0, 0), -11): (0, 1)
(5, 1, 2, (0, 0, 0), -10): (0, 1)
(5, 1, 2, (0, 0, 0), -9): (0, 2)
(5, 1, 2, (0, 0, 0), -8): (0, 5)
(5, 1, 2, (0, 0, 0), -7): (0, 9)
(5, 1, 2, (0, 0, 0), -6): (0, 8)
(5, 1, 2, (0, 0, 0), -5): (0, 17)
(5, 1, 2, (0, 0, 0), -4): (1, 14)
(5, 1, 2, (0, 0, 0), -3): (6, 34)
(5, 1, 2, (0, 0, 0), -2): (18, 49)
(5, 1, 2, (0, 0, 0), -1): (29, 69)
(5, 1, 2, (0, 0, 0), 0): (61, 118)
(5, 1, 2, (0, 0, 0), 1): (57, 77)
(5, 1, 2, (0, 0, 0), 2): (46, 56)
(5, 1, 2, (0, 0, 0), 3): (26, 28)
(5, 1, 2, (0, 0, 0), 4): (26, 26)
(5, 1, 2, (0, 0, 0), 5): (15, 15)
(5, 1, 2, (0, 0, 0), 6): (10, 10)
(5, 1, 2, (0, 0, 0), 7): (9, 9)
(5, 1, 2, (0, 0, 0), 8): (1, 1)
(5, 1, 2, (0, 0, 0), 11): (2, 2)
(5, 1, 2, (0, 0, 0), 18): (1, 1)
(5, 1, 2, (0, 0, 1), -6): (0, 1)
(5, 1, 2, (0, 0, 1), -5): (0, 1)
(5, 1, 2, (0, 0, 1), -4): (0, 4)
(5, 1, 2, (0, 0, 1), -3): (2, 3)
(5, 1, 2, (0, 0, 1), -2): (3, 7)
(5, 1, 2, (0, 0, 1), -1): (3, 8)
(5, 1, 2, (0, 0, 1), 0): (9, 13)
(5, 1, 2, (0, 0, 1), 1): (6, 9)
(5, 1, 2, (0, 0, 1), 2): (5, 7)
(5, 1, 2, (0, 0, 1), 3): (4, 6)
(5, 1, 2, (0, 0, 1), 4): (3, 3)
(5, 1, 2, (0, 0, 1), 5): (2, 2)
(5, 1, 2, (0, 0, 1), 6): (1, 1)
(5, 1, 2, (0, 0, 1), 7): (1, 1)
(5, 1, 2, (0, 0, 1), 11): (1, 1)
(5, 1, 2, (0, 1, 0), -6): (0, 1)
(5, 1, 2, (0, 1, 0), -5): (0, 4)
(5, 1, 2, (0, 1, 0), -4): (0, 4)
(5, 1, 2, (0, 1, 0), -3): (0, 4)
(5, 1, 2, (0, 1, 0), -2): (4, 13)
(5, 1, 2, (0, 1, 0), -1): (9, 19)
(5, 1, 2, (0, 1, 0), 0): (17, 37)
(5, 1, 2, (0, 1, 0), 1): (34, 43)
(5, 1, 2, (0, 1, 0), 2): (21, 25)
(5, 1, 2, (0, 1, 0), 3): (7, 8)
(5, 1, 2, (0, 1, 0), 4): (8, 8)
(5, 1, 2, (0, 1, 0), 5): (6, 6)
(5, 1, 2, (0, 1, 0), 6): (2, 2)
(5, 1, 2, (0, 1, 0), 7): (4, 4)
(5, 1, 2, (0, 1, 0), 8): (2, 2)
(5, 1, 2, (0, 1, 0), 10): (1, 1)
(5, 1, 2, (0, 1, 0), 11): (1, 1)
(5, 1, 2, (0, 1, 1), -6): (0, 3)
(5, 1, 2, (0, 1, 1), -4): (0, 1)
(5, 1, 2, (0, 1, 1), -3): (1, 3)
(5, 1, 2, (0, 1, 1), -2): (1, 5)
(5, 1, 2, (0, 1, 1), -1): (3, 3)
(5, 1, 2, (0, 1, 1), 0): (6, 10)
(5, 1, 2, (0, 1, 1), 1): (4, 9)
(5, 1, 2, (0, 1, 1), 2): (1, 1)
(5, 1, 2, (0, 1, 1), 3): (2, 2)
(5, 1, 2, (0, 1, 1), 4): (2, 2)
(5, 1, 2, (0, 1, 1), 6): (1, 1)
(5, 1, 2, (0, 1, 1), 7): (2, 3)
(5, 1, 2, (1, 0, 0), -11): (0, 1)
(5, 1, 2, (1, 0, 0), -8): (0, 1)
(5, 1, 2, (1, 0, 0), -7): (0, 1)
(5, 1, 2, (1, 0, 0), -6): (0, 4)
(5, 1, 2, (1, 0, 0), -5): (0, 12)
(5, 1, 2, (1, 0, 0), -4): (0, 11)
(5, 1, 2, (1, 0, 0), -3): (5, 17)
(5, 1, 2, (1, 0, 0), -2): (14, 41)
(5, 1, 2, (1, 0, 0), -1): (15, 38)
(5, 1, 2, (1, 0, 0), 0): (32, 63)
(5, 1, 2, (1, 0, 0), 1): (28, 41)
(5, 1, 2, (1, 0, 0), 2): (34, 39)
(5, 1, 2, (1, 0, 0), 3): (30, 32)
(5, 1, 2, (1, 0, 0), 4): (11, 11)
(5, 1, 2, (1, 0, 0), 5): (12, 12)
(5, 1, 2, (1, 0, 0), 6): (8, 8)
(5, 1, 2, (1, 0, 0), 7): (3, 3)
(5, 1, 2, (1, 0, 0), 8): (1, 1)
(5, 1, 2, (1, 0, 0), 9): (2, 2)
(5, 1, 2, (1, 0, 0), 10): (1, 1)
(5, 1, 2, (1, 0, 0), 11): (1, 1)
(5, 1, 2, (1, 0, 0), 13): (1, 1)
(5, 1, 2, (1, 0, 0), 18): (1, 1)
(5, 1, 2, (1, 0, 0), 19): (1, 1)
(5, 1, 2, (1, 0, 1), -6): (0, 2)
(5, 1, 2, (1, 0, 1), -5): (0, 1)
(5, 1, 2, (1, 0, 1), -3): (0, 4)
(5, 1, 2, (1, 0, 1), -2): (3, 5)
(5, 1, 2, (1, 0, 1), -1): (6, 7)
(5, 1, 2, (1, 0, 1), 0): (9, 11)
(5, 1, 2, (1, 0, 1), 1): (7, 9)
(5, 1, 2, (1, 0, 1), 2): (5, 6)
(5, 1, 2, (1, 0, 1), 3): (5, 6)
(5, 1, 2, (1, 0, 1), 4): (4, 4)
(5, 1, 2, (1, 0, 1), 5): (2, 2)
(5, 1, 2, (1, 0, 1), 6): (2, 2)
(5, 1, 2, (1, 0, 1), 7): (1, 1)
(5, 1, 2, (1, 0, 1), 8): (0, 1)
(5, 1, 2, (1, 0, 1), 11): (1, 1)
(5, 1, 2, (1, 0, 1), 12): (1, 1)
(5, 1, 2, (1, 0, 1), 18): (1, 1)
(5, 1, 2, (1, 1, 0), -6): (0, 1)
(5, 1, 2, (1, 1, 0), -5): (1, 3)
(5, 1, 2, (1, 1, 0), -4): (0, 5)
(5, 1, 2, (1, 1, 0), -3): (4, 11)
(5, 1, 2, (1, 1, 0), -2): (11, 15)
(5, 1, 2, (1, 1, 0), -1): (13, 28)
(5, 1, 2, (1, 1, 0), 0): (12, 26)
(5, 1, 2, (1, 1, 0), 1): (24, 30)
(5, 1, 2, (1, 1, 0), 2): (20, 22)
(5, 1, 2, (1, 1, 0), 3): (14, 15)
(5, 1, 2, (1, 1, 0), 4): (9, 9)
(5, 1, 2, (1, 1, 0), 5): (9, 9)
(5, 1, 2, (1, 1, 0), 6): (5, 6)
(5, 1, 2, (1, 1, 0), 7): (2, 2)
(5, 1, 2, (1, 1, 0), 8): (3, 3)
(5, 1, 2, (1, 1, 0), 10): (1, 1)
(5, 1, 2, (1, 1, 1), -6): (0, 3)
(5, 1, 2, (1, 1, 1), -3): (0, 1)
(5, 1, 2, (1, 1, 1), -2): (3, 3)
(5, 1, 2, (1, 1, 1), -1): (3, 8)
(5, 1, 2, (1, 1, 1), 0): (8, 17)
(5, 1, 2, (1, 1, 1), 1): (8, 11)
(5, 1, 2, (1, 1, 1), 2): (9, 9)
(5, 1, 2, (1, 1, 1), 3): (4, 4)
(5, 1, 2, (1, 1, 1), 4): (3, 3)
(5, 1, 2, (1, 1, 1), 5): (2, 2)
(5, 1, 2, (1, 1, 1), 6): (2, 2)
(5, 1, 2, (1, 1, 1), 7): (1, 1)
(5, 1, 2, (1, 1, 1), 8): (1, 1)
(6, 0, 0, (0, 0, 0), -19): (0, 1)
(6, 0, 0, (0, 0, 0), -13): (0, 1)
(6, 0, 0, (0, 0, 0), -12): (0, 2)
(6, 0, 0, (0, 0, 0), -11): (0, 3)
(6, 0, 0, (0, 0, 0), -10): (0, 3)
(6, 0, 0, (0, 0, 0), -9): (0, 2)
(6, 0, 0, (0, 0, 0), -8): (1, 7)
(6, 0, 0, (0, 0, 0), -7): (0, 13)
(6, 0, 0, (0, 0, 0), -6): (0, 18)
(6, 0, 0, (0, 0, 0), -5): (0, 30)
(6, 0, 0, (0, 0, 0), -4): (0, 50)
(6, 0, 0, (0, 0, 0), -3): (7, 63)
(6, 0, 0, (0, 0, 0), -2): (20, 109)
(6, 0, 0, (0, 0, 0), -1): (49, 159)
(6, 0, 0, (0, 0, 0), 0): (97, 202)
(6, 0, 0, (0, 0, 0), 1): (76, 124)
(6, 0, 0, (0, 0, 0), 2): (62, 91)
(6, 0, 0, (0, 0, 0), 3): (57, 68)
(6, 0, 0, (0, 0, 0), 4): (33, 35)
(6, 0, 0, (0, 0, 0), 5): (30, 31)
(6, 0, 0, (0, 0, 0), 6): (15, 15)
(6, 0, 0, (0, 0, 0), 7): (9, 9)
(6, 0, 0, (0, 0, 0), 8): (6, 6)
(6, 0, 0, (0, 0, 0), 9): (2, 2)
(6, 0, 0, (0, 0, 0), 10): (1, 1)
(6, 0, 0, (0, 0, 0), 11): (2, 2)
(6, 0, 0, (0, 0, 0), 13): (1, 1)
(6, 0, 0, (0, 0, 1), -8): (1, 1)
(6, 0, 0, (0, 0, 1), -3): (0, 2)
(6, 0, 0, (0, 0, 1), -2): (2, 3)
(6, 0, 0, (0, 0, 1), -1): (1, 3)
(6, 0, 0, (0, 0, 1), 0): (3, 3)
(6, 0, 0, (0, 0, 1), 1): (2, 2)
(6, 0, 0, (0, 0, 1), 2): (2, 2)
(6, 0, 0, (0, 0, 1), 4): (1, 1)
(6, 0, 0, (0, 0, 1), 9): (1, 1)
(6, 0, 0, (0, 0, 1), 11): (1, 1)
(6, 0, 0, (0, 1, 0), -4): (0, 2)
(6, 0, 0, (0, 1, 0), -3): (0, 2)
(6, 0, 0, (0, 1, 0), -2): (2, 6)
(6, 0, 0, (0, 1, 0), -1): (9, 14)
(6, 0, 0, (0, 1, 0), 0): (5, 10)
(6, 0, 0, (0, 1, 0), 1): (5, 6)
(6, 0, 0, (0, 1, 0), 2): (4, 5)
(6, 0, 0, (0, 1, 0), 3): (4, 4)
(6, 0, 0, (0, 1, 0), 4): (2, 3)
(6, 0, 0, (0, 1, 0), 5): (3, 3)
(6, 0, 0, (0, 1, 0), 6): (1, 1)
(6, 0, 0, (0, 1, 0), 8): (3, 3)
(6, 0, 0, (0, 1, 0), 10): (1, 1)
(6, 0, 0, (0, 1, 0), 15): (1, 1)
(6, 0, 0, (0, 1, 1), -5): (0, 1)
(6, 0, 0, (0, 1, 1), -2): (1, 2)
(6, 0, 0, (0, 1, 1), -1): (1, 1)
(6, 0, 0, (0, 1, 1), 1): (2, 2)
(6, 0, 0, (0, 1, 1), 3): (1, 1)
(6, 0, 0, (0, 1, 1), 8): (1, 1)
(6, 0, 0, (1, 0, 0), -12): (0, 2)
(6, 0, 0, (1, 0, 0), -8): (0, 2)
(6, 0, 0, (1, 0, 0), -7): (0, 2)
(6, 0, 0, (1, 0, 0), -6): (0, 1)
(6, 0, 0, (1, 0, 0), -5): (0, 9)
(6, 0, 0, (1, 0, 0), -4): (0, 12)
(6, 0, 0, (1, 0, 0), -3): (3, 13)
(6, 0, 0, (1, 0, 0), -2): (8, 25)
(6, 0, 0, (1, 0, 0), -1): (10, 39)
(6, 0, 0, (1, 0, 0), 0): (34, 54)
(6, 0, 0, (1, 0, 0), 1): (20, 33)
(6, 0, 0, (1, 0, 0), 2): (22, 27)
(6, 0, 0, (1, 0, 0), 3): (15, 18)
(6, 0, 0, (1, 0, 0), 4): (4, 4)
(6, 0, 0, (1, 0, 0), 5): (8, 8)
(6, 0, 0, (1, 0, 0), 6): (5, 5)
(6, 0, 0, (1, 0, 0), 7): (4, 4)
(6, 0, 0, (1, 0, 0), 8): (1, 1)
(6, 0, 0, (1, 0, 0), 13): (1, 1)
(6, 0, 0, (1, 0, 1), -7): (0, 1)
(6, 0, 0, (1, 0, 1), -3): (1, 4)
(6, 0, 0, (1, 0, 1), -2): (0, 1)
(6, 0, 0, (1, 0, 1), -1): (2, 3)
(6, 0, 0, (1, 0, 1), 0): (2, 5)
(6, 0, 0, (1, 0, 1), 1): (2, 2)
(6, 0, 0, (1, 0, 1), 2): (5, 5)
(6, 0, 0, (1, 0, 1), 3): (1, 1)
(6, 0, 0, (1, 0, 1), 4): (1, 1)
(6, 0, 0, (1, 0, 1), 5): (3, 3)
(6, 0, 0, (1, 0, 1), 8): (1, 1)
(6, 0, 0, (1, 0, 1), 9): (2, 2)
(6, 0, 0, (1, 1, 0), -12): (0, 1)
(6, 0, 0, (1, 1, 0), -11): (0, 1)
(6, 0, 0, (1, 1, 0), -10): (0, 1)
(6, 0, 0, (1, 1, 0), -8): (0, 2)
(6, 0, 0, (1, 1, 0), -5): (0, 2)
(6, 0, 0, (1, 1, 0), -4): (0, 4)
(6, 0, 0, (1, 1, 0), -3): (1, 2)
(6, 0, 0, (1, 1, 0), -2): (2, 4)
(6, 0, 0, (1, 1, 0), -1): (4, 6)
(6, 0, 0, (1, 1, 0), 0): (6, 8)
(6, 0, 0, (1, 1, 0), 1): (6, 7)
(6, 0, 0, (1, 1, 0), 2): (3, 4)
(6, 0, 0, (1, 1, 0), 4): (2, 2)
(6, 0, 0, (1, 1, 0), 5): (2, 2)
(6, 0, 0, (1, 1, 0), 6): (2, 2)
(6, 0, 0, (1, 1, 0), 8): (1, 1)
(6, 0, 0, (1, 1, 0), 9): (1, 1)
(6, 0, 0, (1, 1, 0), 10): (2, 2)
(6, 0, 0, (1, 1, 0), 13): (1, 1)
(6, 0, 0, (1, 1, 1), -10): (0, 1)
(6, 0, 0, (1, 1, 1), -5): (0, 1)
(6, 0, 0, (1, 1, 1), -4): (0, 1)
(6, 0, 0, (1, 1, 1), -3): (0, 2)
(6, 0, 0, (1, 1, 1), -1): (1, 1)
(6, 0, 0, (1, 1, 1), 0): (1, 1)
(6, 0, 0, (1, 1, 1), 1): (2, 2)
(6, 0, 0, (1, 1, 1), 2): (1, 1)
(6, 0, 1, (0, 0, 0), -19): (0, 1)
(6, 0, 1, (0, 0, 0), -13): (0, 1)
(6, 0, 1, (0, 0, 0), -11): (0, 3)
(6, 0, 1, (0, 0, 0), -10): (0, 3)
(6, 0, 1, (0, 0, 0), -9): (0, 2)
(6, 0, 1, (0, 0, 0), -8): (0, 4)
(6, 0, 1, (0, 0, 0), -7): (1, 12)
(6, 0, 1, (0, 0, 0), -6): (0, 17)
(6, 0, 1, (0, 0, 0), -5): (0, 20)
(6, 0, 1, (0, 0, 0), -4): (0, 36)
(6, 0, 1, (0, 0, 0), -3): (4, 48)
(6, 0, 1, (0, 0, 0), -2): (10, 79)
(6, 0, 1, (0, 0, 0), -1): (33, 110)
(6, 0, 1, (0, 0, 0), 0): (60, 147)
(6, 0, 1, (0, 0, 0), 1): (57, 94)
(6, 0, 1, (0, 0, 0), 2): (44, 69)
(6, 0, 1, (0, 0, 0), 3): (44, 52)
(6, 0, 1, (0, 0, 0), 4): (28, 29)
(6, 0, 1, (0, 0, 0), 5): (24, 25)
(6, 0, 1, (0, 0, 0), 6): (10, 10)
(6, 0, 1, (0, 0, 0), 7): (5, 5)
(6, 0, 1, (0, 0, 0), 8): (2, 2)
(6, 0, 1, (0, 0, 0), 9): (3, 3)
(6, 0, 1, (0, 0, 0), 10): (1, 1)
(6, 0, 1, (0, 0, 0), 11): (2, 2)
(6, 0, 1, (0, 0, 0), 12): (1, 1)
(6, 0, 1, (0, 0, 1), -7): (0, 1)
(6, 0, 1, (0, 0, 1), -5): (0, 1)
(6, 0, 1, (0, 0, 1), -4): (0, 1)
(6, 0, 1, (0, 0, 1), -3): (0, 1)
(6, 0, 1, (0, 0, 1), -2): (3, 7)
(6, 0, 1, (0, 0, 1), -1): (3, 6)
(6, 0, 1, (0, 0, 1), 0): (4, 4)
(6, 0, 1, (0, 0, 1), 1): (3, 3)
(6, 0, 1, (0, 0, 1), 2): (3, 5)
(6, 0, 1, (0, 0, 1), 3): (2, 2)
(6, 0, 1, (0, 0, 1), 4): (2, 3)
(6, 0, 1, (0, 0, 1), 5): (3, 3)
(6, 0, 1, (0, 0, 1), 6): (1, 1)
(6, 0, 1, (0, 1, 0), -12): (0, 1)
(6, 0, 1, (0, 1, 0), -11): (0, 1)
(6, 0, 1, (0, 1, 0), -6): (0, 2)
(6, 0, 1, (0, 1, 0), -5): (0, 2)
(6, 0, 1, (0, 1, 0), -4): (0, 5)
(6, 0, 1, (0, 1, 0), -3): (0, 3)
(6, 0, 1, (0, 1, 0), -2): (0, 10)
(6, 0, 1, (0, 1, 0), -1): (5, 16)
(6, 0, 1, (0, 1, 0), 0): (8, 23)
(6, 0, 1, (0, 1, 0), 1): (10, 14)
(6, 0, 1, (0, 1, 0), 2): (10, 16)
(6, 0, 1, (0, 1, 0), 3): (15, 17)
(6, 0, 1, (0, 1, 0), 4): (4, 4)
(6, 0, 1, (0, 1, 0), 5): (7, 8)
(6, 0, 1, (0, 1, 0), 6): (9, 9)
(6, 0, 1, (0, 1, 0), 7): (2, 2)
(6, 0, 1, (0, 1, 0), 8): (1, 1)
(6, 0, 1, (0, 1, 0), 15): (1, 1)
(6, 0, 1, (0, 1, 1), -5): (0, 1)
(6, 0, 1, (0, 1, 1), -4): (0, 1)
(6, 0, 1, (0, 1, 1), -3): (1, 2)
(6, 0, 1, (0, 1, 1), -2): (2, 4)
(6, 0, 1, (0, 1, 1), -1): (6, 8)
(6, 0, 1, (0, 1, 1), 0): (2, 3)
(6, 0, 1, (0, 1, 1), 1): (4, 5)
(6, 0, 1, (0, 1, 1), 2): (3, 4)
(6, 0, 1, (0, 1, 1), 3): (2, 2)
(6, 0, 1, (0, 1, 1), 4): (2, 2)
(6, 0, 1, (0, 1, 1), 5): (1, 1)
(6, 0, 1, (0, 1, 1), 6): (1, 1)
(6, 0, 1, (0, 1, 1), 7): (1, 1)
(6, 0, 1, (0, 1, 1), 8): (1, 1)
(6, 0, 1, (1, 0, 0), -19): (0, 1)
(6, 0, 1, (1, 0, 0), -11): (0, 1)
(6, 0, 1, (1, 0, 0), -10): (0, 2)
(6, 0, 1, (1, 0, 0), -9): (0, 2)
(6, 0, 1, (1, 0, 0), -8): (0, 3)
(6, 0, 1, (1, 0, 0), -7): (1, 5)
(6, 0, 1, (1, 0, 0), -6): (0, 8)
(6, 0, 1, (1, 0, 0), -5): (0, 8)
(6, 0, 1, (1, 0, 0), -4): (0, 16)
(6, 0, 1, (1, 0, 0), -3): (3, 19)
(6, 0, 1, (1, 0, 0), -2): (6, 32)
(6, 0, 1, (1, 0, 0), -1): (17, 54)
(6, 0, 1, (1, 0, 0), 0): (34, 57)
(6, 0, 1, (1, 0, 0), 1): (24, 41)
(6, 0, 1, (1, 0, 0), 2): (13, 20)
(6, 0, 1, (1, 0, 0), 3): (21, 27)
(6, 0, 1, (1, 0, 0), 4): (14, 14)
(6, 0, 1, (1, 0, 0), 5): (9, 10)
(6, 0, 1, (1, 0, 0), 6): (8, 8)
(6, 0, 1, (1, 0, 0), 7): (3, 3)
(6, 0, 1, (1, 0, 0), 12): (1, 1)
(6, 0, 1, (1, 0, 1), -9): (0, 1)
(6, 0, 1, (1, 0, 1), -8): (0, 1)
(6, 0, 1, (1, 0, 1), -7): (0, 1)
(6, 0, 1, (1, 0, 1), -5): (0, 2)
(6, 0, 1, (1, 0, 1), -4): (0, 2)
(6, 0, 1, (1, 0, 1), -2): (2, 3)
(6, 0, 1, (1, 0, 1), -1): (5, 11)
(6, 0, 1, (1, 0, 1), 0): (5, 10)
(6, 0, 1, (1, 0, 1), 1): (4, 4)
(6, 0, 1, (1, 0, 1), 2): (3, 7)
(6, 0, 1, (1, 0, 1), 3): (3, 3)
(6, 0, 1, (1, 0, 1), 4): (3, 3)
(6, 0, 1, (1, 0, 1), 5): (3, 3)
(6, 0, 1, (1, 0, 1), 6): (3, 3)
(6, 0, 1, (1, 0, 1), 7): (1, 1)
(6, 0, 1, (1, 0, 1), 10): (1, 1)
(6, 0, 1, (1, 0, 1), 15): (1, 1)
(6, 0, 1, (1, 1, 0), -10): (0, 1)
(6, 0, 1, (1, 1, 0), -9): (0, 2)
(6, 0, 1, (1, 1, 0), -7): (1, 2)
(6, 0, 1, (1, 1, 0), -6): (0, 3)
(6, 0, 1, (1, 1, 0), -4): (0, 6)
(6, 0, 1, (1, 1, 0), -3): (1, 6)
(6, 0, 1, (1, 1, 0), -2): (4, 13)
(6, 0, 1, (1, 1, 0), -1): (4, 10)
(6, 0, 1, (1, 1, 0), 0): (8, 15)
(6, 0, 1, (1, 1, 0), 1): (12, 16)
(6, 0, 1, (1, 1, 0), 2): (10, 13)
(6, 0, 1, (1, 1, 0), 3): (12, 14)
(6, 0, 1, (1, 1, 0), 4): (4, 4)
(6, 0, 1, (1, 1, 0), 5): (3, 3)
(6, 0, 1, (1, 1, 0), 6): (6, 6)
(6, 0, 1, (1, 1, 0), 7): (3, 3)
(6, 0, 1, (1, 1, 1), -7): (1, 1)
(6, 0, 1, (1, 1, 1), -3): (0, 3)
(6, 0, 1, (1, 1, 1), -2): (1, 3)
(6, 0, 1, (1, 1, 1), -1): (4, 5)
(6, 0, 1, (1, 1, 1), 0): (5, 7)
(6, 0, 1, (1, 1, 1), 1): (7, 9)
(6, 0, 1, (1, 1, 1), 2): (5, 6)
(6, 0, 1, (1, 1, 1), 3): (4, 4)
(6, 0, 1, (1, 1, 1), 4): (3, 3)
(6, 0, 1, (1, 1, 1), 5): (3, 3)
(6, 0, 1, (1, 1, 1), 6): (1, 1)
(6, 0, 2, (0, 0, 0), -13): (0, 1)
(6, 0, 2, (0, 0, 0), -11): (0, 1)
(6, 0, 2, (0, 0, 0), -10): (0, 2)
(6, 0, 2, (0, 0, 0), -8): (0, 2)
(6, 0, 2, (0, 0, 0), -7): (0, 8)
(6, 0, 2, (0, 0, 0), -6): (0, 9)
(6, 0, 2, (0, 0, 0), -5): (0, 15)
(6, 0, 2, (0, 0, 0), -4): (0, 24)
(6, 0, 2, (0, 0, 0), -3): (2, 40)
(6, 0, 2, (0, 0, 0), -2): (9, 62)
(6, 0, 2, (0, 0, 0), -1): (22, 84)
(6, 0, 2, (0, 0, 0), 0): (50, 119)
(6, 0, 2, (0, 0, 0), 1): (41, 72)
(6, 0, 2, (0, 0, 0), 2): (38, 54)
(6, 0, 2, (0, 0, 0), 3): (31, 37)
(6, 0, 2, (0, 0, 0), 4): (19, 20)
(6, 0, 2, (0, 0, 0), 5): (17, 18)
(6, 0, 2, (0, 0, 0), 6): (10, 10)
(6, 0, 2, (0, 0, 0), 7): (7, 7)
(6, 0, 2, (0, 0, 0), 8): (2, 2)
(6, 0, 2, (0, 0, 0), 9): (3, 3)
(6, 0, 2, (0, 0, 0), 10): (1, 1)
(6, 0, 2, (0, 0, 0), 11): (3, 3)
(6, 0, 2, (0, 0, 1), -6): (0, 1)
(6, 0, 2, (0, 0, 1), -5): (0, 1)
(6, 0, 2, (0, 0, 1), -4): (0, 1)
(6, 0, 2, (0, 0, 1), -3): (0, 2)
(6, 0, 2, (0, 0, 1), -2): (0, 4)
(6, 0, 2, (0, 0, 1), -1): (0, 4)
(6, 0, 2, (0, 0, 1), 0): (4, 7)
(6, 0, 2, (0, 0, 1), 1): (2, 6)
(6, 0, 2, (0, 0, 1), 2): (6, 8)
(6, 0, 2, (0, 0, 1), 3): (4, 5)
(6, 0, 2, (0, 0, 1), 4): (1, 1)
(6, 0, 2, (0, 0, 1), 7): (2, 2)
(6, 0, 2, (0, 1, 0), -13): (0, 1)
(6, 0, 2, (0, 1, 0), -12): (0, 1)
(6, 0, 2, (0, 1, 0), -11): (0, 1)
(6, 0, 2, (0, 1, 0), -8): (0, 1)
(6, 0, 2, (0, 1, 0), -5): (0, 2)
(6, 0, 2, (0, 1, 0), -4): (0, 10)
(6, 0, 2, (0, 1, 0), -3): (0, 5)
(6, 0, 2, (0, 1, 0), -2): (1, 11)
(6, 0, 2, (0, 1, 0), -1): (6, 24)
(6, 0, 2, (0, 1, 0), 0): (11, 28)
(6, 0, 2, (0, 1, 0), 1): (11, 19)
(6, 0, 2, (0, 1, 0), 2): (4, 13)
(6, 0, 2, (0, 1, 0), 3): (14, 17)
(6, 0, 2, (0, 1, 0), 4): (9, 11)
(6, 0, 2, (0, 1, 0), 5): (4, 5)
(6, 0, 2, (0, 1, 0), 6): (3, 3)
(6, 0, 2, (0, 1, 0), 7): (3, 3)
(6, 0, 2, (0, 1, 0), 8): (2, 2)
(6, 0, 2, (0, 1, 0), 9): (2, 2)
(6, 0, 2, (0, 1, 0), 10): (1, 1)
(6, 0, 2, (0, 1, 0), 11): (1, 1)
(6, 0, 2, (0, 1, 1), -6): (0, 1)
(6, 0, 2, (0, 1, 1), -4): (0, 1)
(6, 0, 2, (0, 1, 1), -3): (0, 2)
(6, 0, 2, (0, 1, 1), -2): (1, 3)
(6, 0, 2, (0, 1, 1), -1): (2, 7)
(6, 0, 2, (0, 1, 1), 0): (3, 5)
(6, 0, 2, (0, 1, 1), 1): (4, 4)
(6, 0, 2, (0, 1, 1), 3): (2, 3)
(6, 0, 2, (0, 1, 1), 4): (1, 1)
(6, 0, 2, (0, 1, 1), 6): (2, 2)
(6, 0, 2, (0, 1, 1), 7): (1, 1)
(6, 0, 2, (0, 1, 1), 8): (1, 1)
(6, 0, 2, (1, 0, 0), -19): (0, 1)
(6, 0, 2, (1, 0, 0), -10): (0, 1)
(6, 0, 2, (1, 0, 0), -8): (0, 3)
(6, 0, 2, (1, 0, 0), -7): (0, 7)
(6, 0, 2, (1, 0, 0), -6): (0, 6)
(6, 0, 2, (1, 0, 0), -5): (0, 5)
(6, 0, 2, (1, 0, 0), -4): (0, 12)
(6, 0, 2, (1, 0, 0), -3): (0, 32)
(6, 0, 2, (1, 0, 0), -2): (3, 30)
(6, 0, 2, (1, 0, 0), -1): (9, 47)
(6, 0, 2, (1, 0, 0), 0): (28, 57)
(6, 0, 2, (1, 0, 0), 1): (24, 41)
(6, 0, 2, (1, 0, 0), 2): (24, 30)
(6, 0, 2, (1, 0, 0), 3): (14, 19)
(6, 0, 2, (1, 0, 0), 4): (16, 17)
(6, 0, 2, (1, 0, 0), 5): (11, 12)
(6, 0, 2, (1, 0, 0), 6): (7, 7)
(6, 0, 2, (1, 0, 0), 7): (2, 2)
(6, 0, 2, (1, 0, 0), 8): (3, 3)
(6, 0, 2, (1, 0, 0), 9): (1, 1)
(6, 0, 2, (1, 0, 0), 10): (1, 1)
(6, 0, 2, (1, 0, 0), 11): (2, 2)
(6, 0, 2, (1, 0, 0), 12): (1, 1)
(6, 0, 2, (1, 0, 1), -5): (0, 2)
(6, 0, 2, (1, 0, 1), -4): (0, 3)
(6, 0, 2, (1, 0, 1), -3): (0, 2)
(6, 0, 2, (1, 0, 1), -2): (2, 5)
(6, 0, 2, (1, 0, 1), -1): (1, 10)
(6, 0, 2, (1, 0, 1), 0): (7, 9)
(6, 0, 2, (1, 0, 1), 1): (4, 8)
(6, 0, 2, (1, 0, 1), 2): (3, 5)
(6, 0, 2, (1, 0, 1), 3): (6, 6)
(6, 0, 2, (1, 0, 1), 4): (4, 4)
(6, 0, 2, (1, 0, 1), 5): (2, 2)
(6, 0, 2, (1, 0, 1), 6): (2, 2)
(6, 0, 2, (1, 0, 1), 7): (2, 2)
(6, 0, 2, (1, 0, 1), 8): (1, 1)
(6, 0, 2, (1, 1, 0), -10): (0, 1)
(6, 0, 2, (1, 1, 0), -9): (0, 1)
(6, 0, 2, (1, 1, 0), -7): (0, 1)
(6, 0, 2, (1, 1, 0), -6): (1, 3)
(6, 0, 2, (1, 1, 0), -5): (1, 4)
(6, 0, 2, (1, 1, 0), -4): (0, 4)
(6, 0, 2, (1, 1, 0), -3): (0, 9)
(6, 0, 2, (1, 1, 0), -2): (2, 15)
(6, 0, 2, (1, 1, 0), -1): (3, 21)
(6, 0, 2, (1, 1, 0), 0): (9, 25)
(6, 0, 2, (1, 1, 0), 1): (15, 23)
(6, 0, 2, (1, 1, 0), 2): (13, 21)
(6, 0, 2, (1, 1, 0), 3): (11, 13)
(6, 0, 2, (1, 1, 0), 4): (11, 11)
(6, 0, 2, (1, 1, 0), 5): (7, 7)
(6, 0, 2, (1, 1, 0), 6): (6, 6)
(6, 0, 2, (1, 1, 0), 7): (3, 3)
(6, 0, 2, (1, 1, 0), 8): (1, 1)
(6, 0, 2, (1, 1, 0), 9): (1, 1)
(6, 0, 2, (1, 1, 1), -5): (1, 2)
(6, 0, 2, (1, 1, 1), -4): (1, 2)
(6, 0, 2, (1, 1, 1), -3): (0, 3)
(6, 0, 2, (1, 1, 1), -2): (1, 5)
(6, 0, 2, (1, 1, 1), -1): (5, 6)
(6, 0, 2, (1, 1, 1), 0): (1, 1)
(6, 0, 2, (1, 1, 1), 1): (4, 6)
(6, 0, 2, (1, 1, 1), 2): (2, 2)
(6, 0, 2, (1, 1, 1), 3): (5, 6)
(6, 0, 2, (1, 1, 1), 4): (7, 7)
(6, 0, 2, (1, 1, 1), 5): (1, 1)
(6, 0, 2, (1, 1, 1), 6): (1, 1)
(6, 0, 2, (1, 1, 1), 9): (1, 1)
(6, 1, 0, (0, 0, 0), -15): (0, 1)
(6, 1, 0, (0, 0, 0), -12): (0, 1)
(6, 1, 0, (0, 0, 0), -11): (0, 4)
(6, 1, 0, (0, 0, 0), -10): (0, 2)
(6, 1, 0, (0, 0, 0), -9): (0, 4)
(6, 1, 0, (0, 0, 0), -8): (0, 10)
(6, 1, 0, (0, 0, 0), -7): (0, 13)
(6, 1, 0, (0, 0, 0), -6): (0, 23)
(6, 1, 0, (0, 0, 0), -5): (2, 30)
(6, 1, 0, (0, 0, 0), -4): (3, 49)
(6, 1, 0, (0, 0, 0), -3): (18, 82)
(6, 1, 0, (0, 0, 0), -2): (33, 103)
(6, 1, 0, (0, 0, 0), -1): (53, 121)
(6, 1, 0, (0, 0, 0), 0): (108, 195)
(6, 1, 0, (0, 0, 0), 1): (112, 147)
(6, 1, 0, (0, 0, 0), 2): (88, 97)
(6, 1, 0, (0, 0, 0), 3): (60, 63)
(6, 1, 0, (0, 0, 0), 4): (42, 42)
(6, 1, 0, (0, 0, 0), 5): (19, 19)
(6, 1, 0, (0, 0, 0), 6): (18, 18)
(6, 1, 0, (0, 0, 0), 7): (13, 13)
(6, 1, 0, (0, 0, 0), 8): (9, 9)
(6, 1, 0, (0, 0, 0), 9): (3, 3)
(6, 1, 0, (0, 0, 0), 10): (2, 2)
(6, 1, 0, (0, 0, 0), 11): (2, 2)
(6, 1, 0, (0, 0, 0), 12): (1, 1)
(6, 1, 0, (0, 0, 0), 13): (1, 1)
(6, 1, 0, (0, 0, 0), 19): (1, 1)
(6, 1, 0, (0, 0, 1), -11): (0, 1)
(6, 1, 0, (0, 0, 1), -5): (0, 1)
(6, 1, 0, (0, 0, 1), -4): (0, 2)
(6, 1, 0, (0, 0, 1), -3): (1, 1)
(6, 1, 0, (0, 0, 1), -2): (0, 1)
(6, 1, 0, (0, 0, 1), -1): (2, 2)
(6, 1, 0, (0, 0, 1), 2): (3, 4)
(6, 1, 0, (0, 0, 1), 3): (1, 1)
(6, 1, 0, (0, 0, 1), 5): (1, 1)
(6, 1, 0, (0, 0, 1), 6): (1, 1)
(6, 1, 0, (0, 0, 1), 8): (2, 2)
(6, 1, 0, (0, 0, 1), 11): (1, 1)
(6, 1, 0, (0, 1, 0), -15): (0, 1)
(6, 1, 0, (0, 1, 0), -10): (0, 1)
(6, 1, 0, (0, 1, 0), -7): (0, 1)
(6, 1, 0, (0, 1, 0), -6): (0, 1)
(6, 1, 0, (0, 1, 0), -5): (0, 1)
(6, 1, 0, (0, 1, 0), -4): (0, 6)
(6, 1, 0, (0, 1, 0), -3): (2, 7)
(6, 1, 0, (0, 1, 0), -2): (3, 5)
(6, 1, 0, (0, 1, 0), -1): (4, 4)
(6, 1, 0, (0, 1, 0), 0): (5, 8)
(6, 1, 0, (0, 1, 0), 1): (11, 15)
(6, 1, 0, (0, 1, 0), 2): (10, 10)
(6, 1, 0, (0, 1, 0), 3): (8, 8)
(6, 1, 0, (0, 1, 0), 4): (2, 2)
(6, 1, 0, (0, 1, 0), 5): (1, 1)
(6, 1, 0, (0, 1, 0), 6): (2, 2)
(6, 1, 0, (0, 1, 0), 8): (1, 1)
(6, 1, 0, (0, 1, 1), -6): (0, 1)
(6, 1, 0, (0, 1, 1), -3): (0, 1)
(6, 1, 0, (0, 1, 1), -2): (1, 1)
(6, 1, 0, (0, 1, 1), 0): (1, 1)
(6, 1, 0, (0, 1, 1), 1): (3, 3)
(6, 1, 0, (0, 1, 1), 2): (2, 2)
(6, 1, 0, (0, 1, 1), 4): (2, 2)
(6, 1, 0, (0, 1, 1), 7): (1, 1)
(6, 1, 0, (1, 0, 0), -11): (0, 2)
(6, 1, 0, (1, 0, 0), -10): (0, 1)
(6, 1, 0, (1, 0, 0), -9): (0, 1)
(6, 1, 0, (1, 0, 0), -8): (0, 5)
(6, 1, 0, (1, 0, 0), -7): (0, 4)
(6, 1, 0, (1, 0, 0), -6): (0, 10)
(6, 1, 0, (1, 0, 0), -5): (1, 10)
(6, 1, 0, (1, 0, 0), -4): (2, 13)
(6, 1, 0, (1, 0, 0), -3): (4, 22)
(6, 1, 0, (1, 0, 0), -2): (13, 38)
(6, 1, 0, (1, 0, 0), -1): (17, 33)
(6, 1, 0, (1, 0, 0), 0): (33, 58)
(6, 1, 0, (1, 0, 0), 1): (35, 44)
(6, 1, 0, (1, 0, 0), 2): (27, 29)
(6, 1, 0, (1, 0, 0), 3): (20, 21)
(6, 1, 0, (1, 0, 0), 4): (7, 7)
(6, 1, 0, (1, 0, 0), 5): (7, 7)
(6, 1, 0, (1, 0, 0), 6): (5, 5)
(6, 1, 0, (1, 0, 0), 7): (6, 6)
(6, 1, 0, (1, 0, 0), 8): (2, 2)
(6, 1, 0, (1, 0, 0), 9): (1, 1)
(6, 1, 0, (1, 0, 0), 12): (1, 1)
(6, 1, 0, (1, 0, 1), -11): (0, 1)
(6, 1, 0, (1, 0, 1), -6): (0, 1)
(6, 1, 0, (1, 0, 1), -2): (1, 4)
(6, 1, 0, (1, 0, 1), -1): (3, 3)
(6, 1, 0, (1, 0, 1), 0): (3, 4)
(6, 1, 0, (1, 0, 1), 1): (2, 2)
(6, 1, 0, (1, 0, 1), 2): (3, 3)
(6, 1, 0, (1, 0, 1), 3): (1, 1)
(6, 1, 0, (1, 0, 1), 4): (5, 5)
(6, 1, 0, (1, 0, 1), 5): (1, 1)
(6, 1, 0, (1, 0, 1), 8): (2, 2)
(6, 1, 0, (1, 1, 0), -10): (0, 2)
(6, 1, 0, (1, 1, 0), -7): (0, 1)
(6, 1, 0, (1, 1, 0), -6): (0, 2)
(6, 1, 0, (1, 1, 0), -5): (0, 1)
(6, 1, 0, (1, 1, 0), -4): (1, 3)
(6, 1, 0, (1, 1, 0), -3): (3, 8)
(6, 1, 0, (1, 1, 0), -2): (2, 9)
(6, 1, 0, (1, 1, 0), -1): (4, 6)
(6, 1, 0, (1, 1, 0), 0): (6, 11)
(6, 1, 0, (1, 1, 0), 1): (4, 7)
(6, 1, 0, (1, 1, 0), 2): (4, 5)
(6, 1, 0, (1, 1, 0), 3): (3, 3)
(6, 1, 0, (1, 1, 0), 5): (2, 2)
(6, 1, 0, (1, 1, 0), 6): (1, 1)
(6, 1, 0, (1, 1, 0), 7): (1, 1)
(6, 1, 0, (1, 1, 0), 9): (1, 1)
(6, 1, 0, (1, 1, 1), -6): (0, 1)
(6, 1, 0, (1, 1, 1), -4): (0, 1)
(6, 1, 0, (1, 1, 1), -3): (2, 3)
(6, 1, 0, (1, 1, 1), -2): (0, 1)
(6, 1, 0, (1, 1, 1), 0): (4, 6)
(6, 1, 0, (1, 1, 1), 2): (1, 1)
(6, 1, 1, (0, 0, 0), -12): (0, 1)
(6, 1, 1, (0, 0, 0), -11): (0, 1)
(6, 1, 1, (0, 0, 0), -9): (0, 2)
(6, 1, 1, (0, 0, 0), -8): (0, 5)
(6, 1, 1, (0, 0, 0), -7): (0, 8)
(6, 1, 1, (0, 0, 0), -6): (0, 13)
(6, 1, 1, (0, 0, 0), -5): (1, 16)
(6, 1, 1, (0, 0, 0), -4): (1, 28)
(6, 1, 1, (0, 0, 0), -3): (11, 54)
(6, 1, 1, (0, 0, 0), -2): (20, 65)
(6, 1, 1, (0, 0, 0), -1): (33, 85)
(6, 1, 1, (0, 0, 0), 0): (75, 134)
(6, 1, 1, (0, 0, 0), 1): (69, 93)
(6, 1, 1, (0, 0, 0), 2): (58, 65)
(6, 1, 1, (0, 0, 0), 3): (36, 39)
(6, 1, 1, (0, 0, 0), 4): (35, 35)
(6, 1, 1, (0, 0, 0), 5): (12, 12)
(6, 1, 1, (0, 0, 0), 6): (11, 11)
(6, 1, 1, (0, 0, 0), 7): (7, 7)
(6, 1, 1, (0, 0, 0), 8): (5, 5)
(6, 1, 1, (0, 0, 0), 9): (3, 3)
(6, 1, 1, (0, 0, 0), 10): (2, 2)
(6, 1, 1, (0, 0, 0), 11): (1, 1)
(6, 1, 1, (0, 0, 0), 12): (1, 1)
(6, 1, 1, (0, 0, 0), 13): (1, 1)
(6, 1, 1, (0, 0, 0), 19): (1, 1)
(6, 1, 1, (0, 0, 1), -11): (0, 1)
(6, 1, 1, (0, 0, 1), -5): (0, 1)
(6, 1, 1, (0, 0, 1), -4): (0, 3)
(6, 1, 1, (0, 0, 1), -3): (0, 2)
(6, 1, 1, (0, 0, 1), -2): (1, 1)
(6, 1, 1, (0, 0, 1), -1): (4, 4)
(6, 1, 1, (0, 0, 1), 0): (4, 4)
(6, 1, 1, (0, 0, 1), 1): (4, 4)
(6, 1, 1, (0, 0, 1), 2): (5, 7)
(6, 1, 1, (0, 0, 1), 3): (4, 4)
(6, 1, 1, (0, 0, 1), 6): (3, 3)
(6, 1, 1, (0, 0, 1), 8): (2, 2)
(6, 1, 1, (0, 1, 0), -15): (0, 1)
(6, 1, 1, (0, 1, 0), -8): (0, 2)
(6, 1, 1, (0, 1, 0), -6): (0, 2)
(6, 1, 1, (0, 1, 0), -5): (0, 4)
(6, 1, 1, (0, 1, 0), -4): (0, 5)
(6, 1, 1, (0, 1, 0), -3): (3, 11)
(6, 1, 1, (0, 1, 0), -2): (6, 14)
(6, 1, 1, (0, 1, 0), -1): (11, 19)
(6, 1, 1, (0, 1, 0), 0): (21, 35)
(6, 1, 1, (0, 1, 0), 1): (15, 22)
(6, 1, 1, (0, 1, 0), 2): (20, 22)
(6, 1, 1, (0, 1, 0), 3): (17, 17)
(6, 1, 1, (0, 1, 0), 4): (6, 6)
(6, 1, 1, (0, 1, 0), 5): (7, 7)
(6, 1, 1, (0, 1, 0), 6): (4, 4)
(6, 1, 1, (0, 1, 0), 7): (2, 2)
(6, 1, 1, (0, 1, 0), 8): (1, 1)
(6, 1, 1, (0, 1, 0), 9): (1, 1)
(6, 1, 1, (0, 1, 0), 19): (1, 1)
(6, 1, 1, (0, 1, 1), -7): (0, 1)
(6, 1, 1, (0, 1, 1), -6): (0, 1)
(6, 1, 1, (0, 1, 1), -5): (0, 1)
(6, 1, 1, (0, 1, 1), -3): (1, 2)
(6, 1, 1, (0, 1, 1), -2): (2, 7)
(6, 1, 1, (0, 1, 1), -1): (4, 6)
(6, 1, 1, (0, 1, 1), 0): (3, 4)
(6, 1, 1, (0, 1, 1), 1): (3, 3)
(6, 1, 1, (0, 1, 1), 2): (6, 6)
(6, 1, 1, (0, 1, 1), 3): (6, 6)
(6, 1, 1, (0, 1, 1), 4): (2, 2)
(6, 1, 1, (0, 1, 1), 5): (3, 3)
(6, 1, 1, (0, 1, 1), 6): (2, 2)
(6, 1, 1, (0, 1, 1), 8): (1, 1)
(6, 1, 1, (0, 1, 1), 9): (1, 1)
(6, 1, 1, (0, 1, 1), 10): (1, 1)
(6, 1, 1, (1, 0, 0), -12): (0, 1)
(6, 1, 1, (1, 0, 0), -11): (0, 2)
(6, 1, 1, (1, 0, 0), -9): (0, 2)
(6, 1, 1, (1, 0, 0), -8): (0, 5)
(6, 1, 1, (1, 0, 0), -7): (0, 6)
(6, 1, 1, (1, 0, 0), -6): (0, 7)
(6, 1, 1, (1, 0, 0), -5): (0, 8)
(6, 1, 1, (1, 0, 0), -4): (1, 18)
(6, 1, 1, (1, 0, 0), -3): (7, 30)
(6, 1, 1, (1, 0, 0), -2): (12, 35)
(6, 1, 1, (1, 0, 0), -1): (17, 35)
(6, 1, 1, (1, 0, 0), 0): (29, 53)
(6, 1, 1, (1, 0, 0), 1): (39, 57)
(6, 1, 1, (1, 0, 0), 2): (21, 22)
(6, 1, 1, (1, 0, 0), 3): (20, 20)
(6, 1, 1, (1, 0, 0), 4): (13, 13)
(6, 1, 1, (1, 0, 0), 5): (9, 9)
(6, 1, 1, (1, 0, 0), 6): (4, 4)
(6, 1, 1, (1, 0, 0), 7): (5, 5)
(6, 1, 1, (1, 0, 0), 8): (2, 2)
(6, 1, 1, (1, 0, 0), 9): (1, 1)
(6, 1, 1, (1, 0, 0), 12): (1, 1)
(6, 1, 1, (1, 0, 1), -15): (0, 1)
(6, 1, 1, (1, 0, 1), -14): (0, 1)
(6, 1, 1, (1, 0, 1), -7): (0, 1)
(6, 1, 1, (1, 0, 1), -6): (0, 1)
(6, 1, 1, (1, 0, 1), -5): (0, 3)
(6, 1, 1, (1, 0, 1), -4): (0, 4)
(6, 1, 1, (1, 0, 1), -3): (0, 1)
(6, 1, 1, (1, 0, 1), -2): (1, 4)
(6, 1, 1, (1, 0, 1), -1): (1, 2)
(6, 1, 1, (1, 0, 1), 0): (11, 13)
(6, 1, 1, (1, 0, 1), 1): (5, 8)
(6, 1, 1, (1, 0, 1), 2): (2, 3)
(6, 1, 1, (1, 0, 1), 3): (4, 5)
(6, 1, 1, (1, 0, 1), 4): (4, 4)
(6, 1, 1, (1, 0, 1), 5): (1, 1)
(6, 1, 1, (1, 0, 1), 6): (1, 1)
(6, 1, 1, (1, 0, 1), 8): (1, 1)
(6, 1, 1, (1, 0, 1), 9): (1, 1)
(6, 1, 1, (1, 1, 0), -11): (0, 1)
(6, 1, 1, (1, 1, 0), -10): (0, 2)
(6, 1, 1, (1, 1, 0), -8): (0, 1)
(6, 1, 1, (1, 1, 0), -6): (0, 4)
(6, 1, 1, (1, 1, 0), -5): (0, 2)
(6, 1, 1, (1, 1, 0), -4): (1, 5)
(6, 1, 1, (1, 1, 0), -3): (5, 17)
(6, 1, 1, (1, 1, 0), -2): (4, 18)
(6, 1, 1, (1, 1, 0), -1): (15, 21)
(6, 1, 1, (1, 1, 0), 0): (12, 19)
(6, 1, 1, (1, 1, 0), 1): (16, 20)
(6, 1, 1, (1, 1, 0), 2): (16, 17)
(6, 1, 1, (1, 1, 0), 3): (6, 6)
(6, 1, 1, (1, 1, 0), 4): (6, 7)
(6, 1, 1, (1, 1, 0), 5): (4, 4)
(6, 1, 1, (1, 1, 0), 6): (5, 5)
(6, 1, 1, (1, 1, 0), 7): (2, 2)
(6, 1, 1, (1, 1, 0), 8): (2, 2)
(6, 1, 1, (1, 1, 0), 9): (1, 1)
(6, 1, 1, (1, 1, 1), -10): (0, 1)
(6, 1, 1, (1, 1, 1), -6): (0, 2)
(6, 1, 1, (1, 1, 1), -4): (1, 3)
(6, 1, 1, (1, 1, 1), -3): (2, 6)
(6, 1, 1, (1, 1, 1), -2): (1, 4)
(6, 1, 1, (1, 1, 1), -1): (6, 7)
(6, 1, 1, (1, 1, 1), 0): (7, 12)
(6, 1, 1, (1, 1, 1), 1): (8, 9)
(6, 1, 1, (1, 1, 1), 2): (5, 6)
(6, 1, 1, (1, 1, 1), 3): (7, 7)
(6, 1, 1, (1, 1, 1), 4): (2, 2)
(6, 1, 1, (1, 1, 1), 5): (2, 2)
(6, 1, 1, (1, 1, 1), 6): (1, 1)
(6, 1, 1, (1, 1, 1), 8): (1, 1)
(6, 1, 1, (1, 1, 1), 10): (1, 1)
(6, 1, 2, (0, 0, 0), -10): (0, 1)
(6, 1, 2, (0, 0, 0), -9): (0, 1)
(6, 1, 2, (0, 0, 0), -8): (0, 4)
(6, 1, 2, (0, 0, 0), -7): (0, 5)
(6, 1, 2, (0, 0, 0), -6): (0, 13)
(6, 1, 2, (0, 0, 0), -5): (1, 17)
(6, 1, 2, (0, 0, 0), -4): (1, 17)
(6, 1, 2, (0, 0, 0), -3): (3, 32)
(6, 1, 2, (0, 0, 0), -2): (14, 50)
(6, 1, 2, (0, 0, 0), -1): (18, 63)
(6, 1, 2, (0, 0, 0), 0): (57, 105)
(6, 1, 2, (0, 0, 0), 1): (54, 71)
(6, 1, 2, (0, 0, 0), 2): (52, 59)
(6, 1, 2, (0, 0, 0), 3): (29, 33)
(6, 1, 2, (0, 0, 0), 4): (30, 30)
(6, 1, 2, (0, 0, 0), 5): (11, 11)
(6, 1, 2, (0, 0, 0), 6): (8, 8)
(6, 1, 2, (0, 0, 0), 7): (10, 10)
(6, 1, 2, (0, 0, 0), 8): (4, 4)
(6, 1, 2, (0, 0, 0), 9): (4, 4)
(6, 1, 2, (0, 0, 0), 10): (2, 2)
(6, 1, 2, (0, 0, 0), 11): (1, 1)
(6, 1, 2, (0, 0, 0), 12): (1, 1)
(6, 1, 2, (0, 0, 0), 13): (1, 1)
(6, 1, 2, (0, 0, 1), -11): (0, 1)
(6, 1, 2, (0, 0, 1), -5): (0, 4)
(6, 1, 2, (0, 0, 1), -4): (0, 2)
(6, 1, 2, (0, 0, 1), -3): (0, 2)
(6, 1, 2, (0, 0, 1), -2): (2, 4)
(6, 1, 2, (0, 0, 1), -1): (6, 7)
(6, 1, 2, (0, 0, 1), 0): (8, 11)
(6, 1, 2, (0, 0, 1), 1): (7, 10)
(6, 1, 2, (0, 0, 1), 2): (7, 9)
(6, 1, 2, (0, 0, 1), 3): (3, 3)
(6, 1, 2, (0, 0, 1), 4): (2, 2)
(6, 1, 2, (0, 0, 1), 6): (2, 2)
(6, 1, 2, (0, 0, 1), 7): (1, 1)
(6, 1, 2, (0, 0, 1), 8): (1, 1)
(6, 1, 2, (0, 1, 0), -8): (0, 2)
(6, 1, 2, (0, 1, 0), -7): (0, 1)
(6, 1, 2, (0, 1, 0), -6): (0, 2)
(6, 1, 2, (0, 1, 0), -5): (0, 6)
(6, 1, 2, (0, 1, 0), -4): (0, 6)
(6, 1, 2, (0, 1, 0), -3): (2, 11)
(6, 1, 2, (0, 1, 0), -2): (5, 12)
(6, 1, 2, (0, 1, 0), -1): (1, 7)
(6, 1, 2, (0, 1, 0), 0): (22, 37)
(6, 1, 2, (0, 1, 0), 1): (28, 36)
(6, 1, 2, (0, 1, 0), 2): (14, 16)
(6, 1, 2, (0, 1, 0), 3): (18, 18)
(6, 1, 2, (0, 1, 0), 4): (12, 12)
(6, 1, 2, (0, 1, 0), 5): (13, 13)
(6, 1, 2, (0, 1, 0), 6): (3, 3)
(6, 1, 2, (0, 1, 0), 7): (2, 2)
(6, 1, 2, (0, 1, 0), 8): (1, 1)
(6, 1, 2, (0, 1, 0), 9): (2, 2)
(6, 1, 2, (0, 1, 0), 19): (1, 1)
(6, 1, 2, (0, 1, 1), -8): (0, 1)
(6, 1, 2, (0, 1, 1), -7): (0, 1)
(6, 1, 2, (0, 1, 1), -5): (0, 1)
(6, 1, 2, (0, 1, 1), -4): (0, 1)
(6, 1, 2, (0, 1, 1), -3): (1, 2)
(6, 1, 2, (0, 1, 1), -2): (2, 4)
(6, 1, 2, (0, 1, 1), -1): (2, 5)
(6, 1, 2, (0, 1, 1), 0): (2, 2)
(6, 1, 2, (0, 1, 1), 1): (1, 1)
(6, 1, 2, (0, 1, 1), 2): (10, 11)
(6, 1, 2, (0, 1, 1), 3): (1, 2)
(6, 1, 2, (0, 1, 1), 4): (2, 2)
(6, 1, 2, (0, 1, 1), 5): (1, 1)
(6, 1, 2, (0, 1, 1), 6): (1, 1)
(6, 1, 2, (0, 1, 1), 8): (1, 1)
(6, 1, 2, (0, 1, 1), 9): (1, 1)
(6, 1, 2, (1, 0, 0), -12): (0, 1)
(6, 1, 2, (1, 0, 0), -11): (0, 1)
(6, 1, 2, (1, 0, 0), -10): (0, 2)
(6, 1, 2, (1, 0, 0), -9): (0, 1)
(6, 1, 2, (1, 0, 0), -8): (0, 4)
(6, 1, 2, (1, 0, 0), -7): (0, 4)
(6, 1, 2, (1, 0, 0), -6): (0, 6)
(6, 1, 2, (1, 0, 0), -5): (0, 10)
(6, 1, 2, (1, 0, 0), -4): (2, 13)
(6, 1, 2, (1, 0, 0), -3): (1, 23)
(6, 1, 2, (1, 0, 0), -2): (8, 30)
(6, 1, 2, (1, 0, 0), -1): (10, 36)
(6, 1, 2, (1, 0, 0), 0): (29, 52)
(6, 1, 2, (1, 0, 0), 1): (35, 47)
(6, 1, 2, (1, 0, 0), 2): (25, 29)
(6, 1, 2, (1, 0, 0), 3): (22, 24)
(6, 1, 2, (1, 0, 0), 4): (14, 14)
(6, 1, 2, (1, 0, 0), 5): (5, 5)
(6, 1, 2, (1, 0, 0), 6): (7, 7)
(6, 1, 2, (1, 0, 0), 7): (5, 5)
(6, 1, 2, (1, 0, 0), 8): (4, 4)
(6, 1, 2, (1, 0, 0), 9): (3, 3)
(6, 1, 2, (1, 0, 0), 10): (1, 1)
(6, 1, 2, (1, 0, 0), 12): (2, 2)
(6, 1, 2, (1, 0, 1), -7): (0, 1)
(6, 1, 2, (1, 0, 1), -5): (0, 4)
(6, 1, 2, (1, 0, 1), -4): (0, 2)
(6, 1, 2, (1, 0, 1), -3): (0, 1)
(6, 1, 2, (1, 0, 1), -2): (0, 3)
(6, 1, 2, (1, 0, 1), -1): (6, 9)
(6, 1, 2, (1, 0, 1), 0): (8, 13)
(6, 1, 2, (1, 0, 1), 1): (10, 13)
(6, 1, 2, (1, 0, 1), 2): (11, 12)
(6, 1, 2, (1, 0, 1), 3): (8, 8)
(6, 1, 2, (1, 0, 1), 4): (3, 3)
(6, 1, 2, (1, 0, 1), 6): (2, 2)
(6, 1, 2, (1, 0, 1), 8): (1, 1)
(6, 1, 2, (1, 1, 0), -12): (0, 1)
(6, 1, 2, (1, 1, 0), -11): (0, 2)
(6, 1, 2, (1, 1, 0), -10): (0, 2)
(6, 1, 2, (1, 1, 0), -9): (0, 1)
(6, 1, 2, (1, 1, 0), -8): (0, 2)
(6, 1, 2, (1, 1, 0), -7): (0, 1)
(6, 1, 2, (1, 1, 0), -6): (0, 3)
(6, 1, 2, (1, 1, 0), -5): (0, 8)
(6, 1, 2, (1, 1, 0), -4): (1, 9)
(6, 1, 2, (1, 1, 0), -3): (2, 15)
(6, 1, 2, (1, 1, 0), -2): (7, 20)
(6, 1, 2, (1, 1, 0), -1): (8, 19)
(6, 1, 2, (1, 1, 0), 0): (25, 37)
(6, 1, 2, (1, 1, 0), 1): (19, 26)
(6, 1, 2, (1, 1, 0), 2): (16, 20)
(6, 1, 2, (1, 1, 0), 3): (7, 8)
(6, 1, 2, (1, 1, 0), 4): (10, 11)
(6, 1, 2, (1, 1, 0), 5): (2, 2)
(6, 1, 2, (1, 1, 0), 6): (4, 4)
(6, 1, 2, (1, 1, 0), 7): (1, 1)
(6, 1, 2, (1, 1, 0), 9): (2, 2)
(6, 1, 2, (1, 1, 0), 12): (1, 1)
(6, 1, 2, (1, 1, 0), 13): (1, 1)
(6, 1, 2, (1, 1, 1), -12): (0, 1)
(6, 1, 2, (1, 1, 1), -10): (0, 1)
(6, 1, 2, (1, 1, 1), -5): (0, 2)
(6, 1, 2, (1, 1, 1), -4): (0, 2)
(6, 1, 2, (1, 1, 1), -3): (1, 6)
(6, 1, 2, (1, 1, 1), -2): (0, 4)
(6, 1, 2, (1, 1, 1), -1): (4, 6)
(6, 1, 2, (1, 1, 1), 0): (8, 11)
(6, 1, 2, (1, 1, 1), 1): (2, 2)
(6, 1, 2, (1, 1, 1), 2): (6, 7)
(6, 1, 2, (1, 1, 1), 3): (4, 5)
(6, 1, 2, (1, 1, 1), 4): (2, 2)
(6, 1, 2, (1, 1, 1), 5): (2, 2)
(6, 1, 2, (1, 1, 1), 8): (2, 2)
(6, 1, 2, (1, 1, 1), 9): (1, 1)
(6, 1, 2, (1, 1, 1), 10): (1, 1)
(7, 0, 0, (0, 0, 0), -19): (0, 1)
(7, 0, 0, (0, 0, 0), -13): (0, 2)
(7, 0, 0, (0, 0, 0), -12): (0, 2)
(7, 0, 0, (0, 0, 0), -11): (0, 1)
(7, 0, 0, (0, 0, 0), -10): (0, 2)
(7, 0, 0, (0, 0, 0), -9): (0, 9)
(7, 0, 0, (0, 0, 0), -8): (0, 9)
(7, 0, 0, (0, 0, 0), -7): (0, 18)
(7, 0, 0, (0, 0, 0), -6): (0, 19)
(7, 0, 0, (0, 0, 0), -5): (0, 27)
(7, 0, 0, (0, 0, 0), -4): (1, 60)
(7, 0, 0, (0, 0, 0), -3): (6, 75)
(7, 0, 0, (0, 0, 0), -2): (14, 107)
(7, 0, 0, (0, 0, 0), -1): (43, 147)
(7, 0, 0, (0, 0, 0), 0): (84, 183)
(7, 0, 0, (0, 0, 0), 1): (75, 102)
(7, 0, 0, (0, 0, 0), 2): (68, 93)
(7, 0, 0, (0, 0, 0), 3): (65, 74)
(7, 0, 0, (0, 0, 0), 4): (42, 44)
(7, 0, 0, (0, 0, 0), 5): (30, 32)
(7, 0, 0, (0, 0, 0), 6): (16, 16)
(7, 0, 0, (0, 0, 0), 7): (11, 11)
(7, 0, 0, (0, 0, 0), 8): (8, 8)
(7, 0, 0, (0, 0, 0), 9): (4, 4)
(7, 0, 0, (0, 0, 0), 10): (2, 2)
(7, 0, 0, (0, 0, 0), 11): (2, 2)
(7, 0, 0, (0, 0, 0), 12): (1, 1)
(7, 0, 0, (0, 0, 0), 14): (1, 1)
(7, 0, 0, (0, 0, 1), -8): (0, 1)
(7, 0, 0, (0, 0, 1), -4): (0, 1)
(7, 0, 0, (0, 0, 1), -3): (0, 1)
(7, 0, 0, (0, 0, 1), -2): (0, 1)
(7, 0, 0, (0, 0, 1), -1): (1, 1)
(7, 0, 0, (0, 0, 1), 0): (1, 1)
(7, 0, 0, (0, 0, 1), 1): (2, 2)
(7, 0, 0, (0, 0, 1), 2): (1, 1)
(7, 0, 0, (0, 0, 1), 5): (0, 1)
(7, 0, 0, (0, 0, 1), 14): (1, 1)
(7, 0, 0, (0, 1, 0), -13): (0, 1)
(7, 0, 0, (0, 1, 0), -8): (0, 1)
(7, 0, 0, (0, 1, 0), -7): (0, 1)
(7, 0, 0, (0, 1, 0), -6): (0, 2)
(7, 0, 0, (0, 1, 0), -5): (0, 4)
(7, 0, 0, (0, 1, 0), -4): (1, 1)
(7, 0, 0, (0, 1, 0), -3): (0, 7)
(7, 0, 0, (0, 1, 0), -2): (1, 6)
(7, 0, 0, (0, 1, 0), -1): (4, 7)
(7, 0, 0, (0, 1, 0), 0): (7, 11)
(7, 0, 0, (0, 1, 0), 1): (1, 3)
(7, 0, 0, (0, 1, 0), 2): (3, 3)
(7, 0, 0, (0, 1, 0), 3): (2, 3)
(7, 0, 0, (0, 1, 0), 4): (3, 4)
(7, 0, 0, (0, 1, 0), 5): (3, 3)
(7, 0, 0, (0, 1, 0), 6): (1, 1)
(7, 0, 0, (0, 1, 0), 8): (1, 1)
(7, 0, 0, (0, 1, 0), 9): (1, 1)
(7, 0, 0, (0, 1, 1), -8): (0, 1)
(7, 0, 0, (0, 1, 1), -4): (0, 1)
(7, 0, 0, (0, 1, 1), -2): (1, 4)
(7, 0, 0, (0, 1, 1), -1): (0, 1)
(7, 0, 0, (0, 1, 1), 0): (2, 3)
(7, 0, 0, (0, 1, 1), 1): (2, 3)
(7, 0, 0, (0, 1, 1), 3): (3, 3)
(7, 0, 0, (0, 1, 1), 4): (1, 1)
(7, 0, 0, (0, 1, 1), 6): (1, 1)
(7, 0, 0, (0, 1, 1), 7): (1, 1)
(7, 0, 0, (0, 1, 1), 8): (1, 1)
(7, 0, 0, (0, 1, 1), 12): (1, 1)
(7, 0, 0, (1, 0, 0), -11): (0, 1)
(7, 0, 0, (1, 0, 0), -9): (0, 1)
(7, 0, 0, (1, 0, 0), -8): (0, 3)
(7, 0, 0, (1, 0, 0), -7): (0, 7)
(7, 0, 0, (1, 0, 0), -6): (0, 4)
(7, 0, 0, (1, 0, 0), -5): (0, 4)
(7, 0, 0, (1, 0, 0), -4): (0, 18)
(7, 0, 0, (1, 0, 0), -3): (4, 18)
(7, 0, 0, (1, 0, 0), -2): (4, 37)
(7, 0, 0, (1, 0, 0), -1): (13, 41)
(7, 0, 0, (1, 0, 0), 0): (27, 53)
(7, 0, 0, (1, 0, 0), 1): (22, 26)
(7, 0, 0, (1, 0, 0), 2): (21, 24)
(7, 0, 0, (1, 0, 0), 3): (26, 30)
(7, 0, 0, (1, 0, 0), 4): (9, 10)
(7, 0, 0, (1, 0, 0), 5): (9, 9)
(7, 0, 0, (1, 0, 0), 6): (4, 4)
(7, 0, 0, (1, 0, 0), 7): (4, 4)
(7, 0, 0, (1, 0, 0), 8): (4, 4)
(7, 0, 0, (1, 0, 0), 9): (2, 2)
(7, 0, 0, (1, 0, 0), 11): (1, 1)
(7, 0, 0, (1, 0, 0), 12): (1, 1)
(7, 0, 0, (1, 0, 0), 14): (1, 1)
(7, 0, 0, (1, 0, 1), -13): (0, 1)
(7, 0, 0, (1, 0, 1), -8): (0, 1)
(7, 0, 0, (1, 0, 1), -7): (0, 2)
(7, 0, 0, (1, 0, 1), -5): (0, 1)
(7, 0, 0, (1, 0, 1), -4): (0, 3)
(7, 0, 0, (1, 0, 1), -3): (0, 1)
(7, 0, 0, (1, 0, 1), -2): (2, 3)
(7, 0, 0, (1, 0, 1), -1): (1, 2)
(7, 0, 0, (1, 0, 1), 0): (4, 6)
(7, 0, 0, (1, 0, 1), 1): (0, 1)
(7, 0, 0, (1, 0, 1), 2): (2, 3)
(7, 0, 0, (1, 0, 1), 3): (2, 2)
(7, 0, 0, (1, 0, 1), 9): (2, 2)
(7, 0, 0, (1, 1, 0), -12): (0, 1)
(7, 0, 0, (1, 1, 0), -8): (0, 1)
(7, 0, 0, (1, 1, 0), -6): (0, 3)
(7, 0, 0, (1, 1, 0), -5): (0, 2)
(7, 0, 0, (1, 1, 0), -4): (1, 5)
(7, 0, 0, (1, 1, 0), -3): (2, 6)
(7, 0, 0, (1, 1, 0), -2): (3, 9)
(7, 0, 0, (1, 1, 0), -1): (3, 9)
(7, 0, 0, (1, 1, 0), 0): (8, 9)
(7, 0, 0, (1, 1, 0), 1): (5, 6)
(7, 0, 0, (1, 1, 0), 2): (7, 7)
(7, 0, 0, (1, 1, 0), 3): (3, 3)
(7, 0, 0, (1, 1, 0), 4): (1, 1)
(7, 0, 0, (1, 1, 0), 5): (3, 3)
(7, 0, 0, (1, 1, 0), 7): (1, 1)
(7, 0, 0, (1, 1, 0), 11): (1, 1)
(7, 0, 0, (1, 1, 1), -6): (0, 1)
(7, 0, 0, (1, 1, 1), -3): (0, 1)
(7, 0, 0, (1, 1, 1), -2): (2, 3)
(7, 0, 0, (1, 1, 1), -1): (1, 2)
(7, 0, 0, (1, 1, 1), 0): (2, 3)
(7, 0, 0, (1, 1, 1), 1): (1, 1)
(7, 0, 0, (1, 1, 1), 2): (2, 2)
(7, 0, 0, (1, 1, 1), 3): (2, 2)
(7, 0, 0, (1, 1, 1), 4): (2, 2)
(7, 0, 0, (1, 1, 1), 5): (2, 2)
(7, 0, 0, (1, 1, 1), 11): (1, 1)
(7, 0, 1, (0, 0, 0), -19): (0, 1)
(7, 0, 1, (0, 0, 0), -13): (0, 1)
(7, 0, 1, (0, 0, 0), -12): (0, 2)
(7, 0, 1, (0, 0, 0), -10): (0, 2)
(7, 0, 1, (0, 0, 0), -9): (0, 8)
(7, 0, 1, (0, 0, 0), -8): (0, 4)
(7, 0, 1, (0, 0, 0), -7): (0, 9)
(7, 0, 1, (0, 0, 0), -6): (0, 13)
(7, 0, 1, (0, 0, 0), -5): (0, 19)
(7, 0, 1, (0, 0, 0), -4): (0, 41)
(7, 0, 1, (0, 0, 0), -3): (1, 50)
(7, 0, 1, (0, 0, 0), -2): (8, 66)
(7, 0, 1, (0, 0, 0), -1): (26, 102)
(7, 0, 1, (0, 0, 0), 0): (48, 121)
(7, 0, 1, (0, 0, 0), 1): (53, 75)
(7, 0, 1, (0, 0, 0), 2): (44, 67)
(7, 0, 1, (0, 0, 0), 3): (37, 43)
(7, 0, 1, (0, 0, 0), 4): (31, 33)
(7, 0, 1, (0, 0, 0), 5): (19, 20)
(7, 0, 1, (0, 0, 0), 6): (14, 14)
(7, 0, 1, (0, 0, 0), 7): (8, 8)
(7, 0, 1, (0, 0, 0), 8): (4, 4)
(7, 0, 1, (0, 0, 0), 9): (1, 1)
(7, 0, 1, (0, 0, 0), 10): (2, 2)
(7, 0, 1, (0, 0, 0), 11): (1, 1)
(7, 0, 1, (0, 0, 0), 14): (1, 1)
(7, 0, 1, (0, 0, 0), 15): (1, 1)
(7, 0, 1, (0, 0, 1), -8): (0, 2)
(7, 0, 1, (0, 0, 1), -7): (0, 1)
(7, 0, 1, (0, 0, 1), -3): (0, 1)
(7, 0, 1, (0, 0, 1), -2): (1, 4)
(7, 0, 1, (0, 0, 1), -1): (2, 5)
(7, 0, 1, (0, 0, 1), 0): (2, 5)
(7, 0, 1, (0, 0, 1), 1): (1, 1)
(7, 0, 1, (0, 0, 1), 2): (4, 4)
(7, 0, 1, (0, 0, 1), 3): (1, 1)
(7, 0, 1, (0, 0, 1), 4): (2, 3)
(7, 0, 1, (0, 0, 1), 5): (2, 3)
(7, 0, 1, (0, 0, 1), 6): (1, 1)
(7, 0, 1, (0, 0, 1), 8): (2, 2)
(7, 0, 1, (0, 0, 1), 9): (1, 1)
(7, 0, 1, (0, 0, 1), 15): (1, 1)
(7, 0, 1, (0, 1, 0), -8): (0, 1)
(7, 0, 1, (0, 1, 0), -7): (0, 2)
(7, 0, 1, (0, 1, 0), -6): (0, 2)
(7, 0, 1, (0, 1, 0), -5): (0, 3)
(7, 0, 1, (0, 1, 0), -4): (0, 2)
(7, 0, 1, (0, 1, 0), -3): (0, 9)
(7, 0, 1, (0, 1, 0), -2): (2, 10)
(7, 0, 1, (0, 1, 0), -1): (10, 13)
(7, 0, 1, (0, 1, 0), 0): (20, 36)
(7, 0, 1, (0, 1, 0), 1): (11, 12)
(7, 0, 1, (0, 1, 0), 2): (12, 12)
(7, 0, 1, (0, 1, 0), 3): (9, 10)
(7, 0, 1, (0, 1, 0), 4): (9, 9)
(7, 0, 1, (0, 1, 0), 5): (7, 7)
(7, 0, 1, (0, 1, 0), 6): (3, 3)
(7, 0, 1, (0, 1, 0), 7): (2, 2)
(7, 0, 1, (0, 1, 0), 8): (1, 1)
(7, 0, 1, (0, 1, 1), -11): (0, 1)
(7, 0, 1, (0, 1, 1), -7): (0, 1)
(7, 0, 1, (0, 1, 1), -5): (0, 1)
(7, 0, 1, (0, 1, 1), -4): (0, 1)
(7, 0, 1, (0, 1, 1), -3): (0, 3)
(7, 0, 1, (0, 1, 1), -2): (1, 5)
(7, 0, 1, (0, 1, 1), -1): (2, 6)
(7, 0, 1, (0, 1, 1), 0): (3, 5)
(7, 0, 1, (0, 1, 1), 1): (3, 6)
(7, 0, 1, (0, 1, 1), 2): (3, 3)
(7, 0, 1, (0, 1, 1), 3): (5, 5)
(7, 0, 1, (0, 1, 1), 4): (1, 1)
(7, 0, 1, (0, 1, 1), 5): (2, 2)
(7, 0, 1, (0, 1, 1), 6): (4, 4)
(7, 0, 1, (0, 1, 1), 7): (2, 2)
(7, 0, 1, (1, 0, 0), -13): (0, 1)
(7, 0, 1, (1, 0, 0), -12): (0, 1)
(7, 0, 1, (1, 0, 0), -11): (0, 1)
(7, 0, 1, (1, 0, 0), -9): (0, 1)
(7, 0, 1, (1, 0, 0), -8): (0, 1)
(7, 0, 1, (1, 0, 0), -7): (0, 7)
(7, 0, 1, (1, 0, 0), -6): (0, 6)
(7, 0, 1, (1, 0, 0), -5): (0, 9)
(7, 0, 1, (1, 0, 0), -4): (0, 21)
(7, 0, 1, (1, 0, 0), -3): (2, 23)
(7, 0, 1, (1, 0, 0), -2): (0, 35)
(7, 0, 1, (1, 0, 0), -1): (14, 54)
(7, 0, 1, (1, 0, 0), 0): (29, 49)
(7, 0, 1, (1, 0, 0), 1): (23, 30)
(7, 0, 1, (1, 0, 0), 2): (18, 26)
(7, 0, 1, (1, 0, 0), 3): (18, 20)
(7, 0, 1, (1, 0, 0), 4): (13, 14)
(7, 0, 1, (1, 0, 0), 5): (8, 8)
(7, 0, 1, (1, 0, 0), 6): (7, 7)
(7, 0, 1, (1, 0, 0), 7): (6, 6)
(7, 0, 1, (1, 0, 0), 8): (3, 3)
(7, 0, 1, (1, 0, 0), 9): (1, 1)
(7, 0, 1, (1, 0, 0), 10): (1, 1)
(7, 0, 1, (1, 0, 1), -13): (0, 1)
(7, 0, 1, (1, 0, 1), -12): (0, 1)
(7, 0, 1, (1, 0, 1), -8): (0, 1)
(7, 0, 1, (1, 0, 1), -5): (0, 1)
(7, 0, 1, (1, 0, 1), -4): (0, 2)
(7, 0, 1, (1, 0, 1), -3): (0, 3)
(7, 0, 1, (1, 0, 1), -2): (0, 3)
(7, 0, 1, (1, 0, 1), -1): (2, 4)
(7, 0, 1, (1, 0, 1), 0): (7, 9)
(7, 0, 1, (1, 0, 1), 1): (4, 5)
(7, 0, 1, (1, 0, 1), 2): (1, 1)
(7, 0, 1, (1, 0, 1), 3): (2, 2)
(7, 0, 1, (1, 0, 1), 4): (1, 1)
(7, 0, 1, (1, 0, 1), 5): (4, 4)
(7, 0, 1, (1, 0, 1), 6): (1, 1)
(7, 0, 1, (1, 0, 1), 9): (1, 1)
(7, 0, 1, (1, 0, 1), 15): (1, 1)
(7, 0, 1, (1, 1, 0), -8): (0, 2)
(7, 0, 1, (1, 1, 0), -6): (0, 2)
(7, 0, 1, (1, 1, 0), -5): (0, 2)
(7, 0, 1, (1, 1, 0), -4): (1, 11)
(7, 0, 1, (1, 1, 0), -3): (0, 12)
(7, 0, 1, (1, 1, 0), -2): (0, 7)
(7, 0, 1, (1, 1, 0), -1): (3, 13)
(7, 0, 1, (1, 1, 0), 0): (11, 15)
(7, 0, 1, (1, 1, 0), 1): (7, 8)
(7, 0, 1, (1, 1, 0), 2): (12, 13)
(7, 0, 1, (1, 1, 0), 3): (3, 4)
(7, 0, 1, (1, 1, 0), 4): (4, 5)
(7, 0, 1, (1, 1, 0), 5): (1, 2)
(7, 0, 1, (1, 1, 0), 6): (1, 1)
(7, 0, 1, (1, 1, 0), 7): (1, 1)
(7, 0, 1, (1, 1, 0), 8): (2, 2)
(7, 0, 1, (1, 1, 1), -6): (0, 1)
(7, 0, 1, (1, 1, 1), -5): (0, 3)
(7, 0, 1, (1, 1, 1), -4): (1, 2)
(7, 0, 1, (1, 1, 1), -3): (0, 2)
(7, 0, 1, (1, 1, 1), -2): (0, 2)
(7, 0, 1, (1, 1, 1), -1): (2, 4)
(7, 0, 1, (1, 1, 1), 0): (5, 7)
(7, 0, 1, (1, 1, 1), 1): (2, 3)
(7, 0, 1, (1, 1, 1), 2): (4, 4)
(7, 0, 1, (1, 1, 1), 3): (4, 4)
(7, 0, 1, (1, 1, 1), 5): (1, 1)
(7, 0, 1, (1, 1, 1), 6): (2, 2)
(7, 0, 1, (1, 1, 1), 7): (1, 1)
(7, 0, 2, (0, 0, 0), -19): (0, 1)
(7, 0, 2, (0, 0, 0), -12): (0, 1)
(7, 0, 2, (0, 0, 0), -10): (0, 2)
(7, 0, 2, (0, 0, 0), -9): (0, 8)
(7, 0, 2, (0, 0, 0), -8): (0, 2)
(7, 0, 2, (0, 0, 0), -7): (0, 7)
(7, 0, 2, (0, 0, 0), -6): (0, 11)
(7, 0, 2, (0, 0, 0), -5): (0, 13)
(7, 0, 2, (0, 0, 0), -4): (0, 30)
(7, 0, 2, (0, 0, 0), -3): (1, 36)
(7, 0, 2, (0, 0, 0), -2): (6, 50)
(7, 0, 2, (0, 0, 0), -1): (18, 77)
(7, 0, 2, (0, 0, 0), 0): (30, 100)
(7, 0, 2, (0, 0, 0), 1): (46, 65)
(7, 0, 2, (0, 0, 0), 2): (32, 49)
(7, 0, 2, (0, 0, 0), 3): (36, 42)
(7, 0, 2, (0, 0, 0), 4): (22, 23)
(7, 0, 2, (0, 0, 0), 5): (18, 19)
(7, 0, 2, (0, 0, 0), 6): (12, 13)
(7, 0, 2, (0, 0, 0), 7): (4, 4)
(7, 0, 2, (0, 0, 0), 8): (4, 4)
(7, 0, 2, (0, 0, 0), 9): (3, 3)
(7, 0, 2, (0, 0, 0), 10): (2, 2)
(7, 0, 2, (0, 0, 0), 11): (1, 1)
(7, 0, 2, (0, 0, 0), 14): (2, 2)
(7, 0, 2, (0, 0, 1), -10): (0, 1)
(7, 0, 2, (0, 0, 1), -8): (0, 1)
(7, 0, 2, (0, 0, 1), -7): (0, 1)
(7, 0, 2, (0, 0, 1), -6): (0, 1)
(7, 0, 2, (0, 0, 1), -5): (0, 1)
(7, 0, 2, (0, 0, 1), -3): (0, 3)
(7, 0, 2, (0, 0, 1), -2): (2, 5)
(7, 0, 2, (0, 0, 1), -1): (1, 7)
(7, 0, 2, (0, 0, 1), 0): (5, 11)
(7, 0, 2, (0, 0, 1), 1): (3, 5)
(7, 0, 2, (0, 0, 1), 2): (6, 6)
(7, 0, 2, (0, 0, 1), 3): (2, 3)
(7, 0, 2, (0, 0, 1), 4): (3, 4)
(7, 0, 2, (0, 0, 1), 5): (4, 4)
(7, 0, 2, (0, 0, 1), 6): (2, 2)
(7, 0, 2, (0, 1, 0), -9): (0, 2)
(7, 0, 2, (0, 1, 0), -8): (0, 2)
(7, 0, 2, (0, 1, 0), -7): (0, 2)
(7, 0, 2, (0, 1, 0), -6): (0, 4)
(7, 0, 2, (0, 1, 0), -5): (0, 5)
(7, 0, 2, (0, 1, 0), -4): (0, 6)
(7, 0, 2, (0, 1, 0), -3): (1, 10)
(7, 0, 2, (0, 1, 0), -2): (2, 11)
(7, 0, 2, (0, 1, 0), -1): (8, 20)
(7, 0, 2, (0, 1, 0), 0): (19, 32)
(7, 0, 2, (0, 1, 0), 1): (19, 22)
(7, 0, 2, (0, 1, 0), 2): (15, 16)
(7, 0, 2, (0, 1, 0), 3): (14, 14)
(7, 0, 2, (0, 1, 0), 4): (13, 13)
(7, 0, 2, (0, 1, 0), 5): (7, 7)
(7, 0, 2, (0, 1, 0), 6): (6, 6)
(7, 0, 2, (0, 1, 0), 7): (3, 3)
(7, 0, 2, (0, 1, 0), 8): (1, 1)
(7, 0, 2, (0, 1, 0), 10): (1, 1)
(7, 0, 2, (0, 1, 1), -6): (0, 1)
(7, 0, 2, (0, 1, 1), -5): (0, 2)
(7, 0, 2, (0, 1, 1), -4): (0, 5)
(7, 0, 2, (0, 1, 1), -3): (0, 2)
(7, 0, 2, (0, 1, 1), -2): (0, 3)
(7, 0, 2, (0, 1, 1), -1): (1, 6)
(7, 0, 2, (0, 1, 1), 0): (2, 4)
(7, 0, 2, (0, 1, 1), 1): (1, 3)
(7, 0, 2, (0, 1, 1), 2): (4, 4)
(7, 0, 2, (0, 1, 1), 3): (4, 4)
(7, 0, 2, (0, 1, 1), 4): (4, 4)
(7, 0, 2, (0, 1, 1), 5): (1, 1)
(7, 0, 2, (0, 1, 1), 6): (2, 2)
(7, 0, 2, (0, 1, 1), 7): (1, 1)
(7, 0, 2, (1, 0, 0), -12): (0, 1)
(7, 0, 2, (1, 0, 0), -10): (0, 1)
(7, 0, 2, (1, 0, 0), -9): (0, 2)
(7, 0, 2, (1, 0, 0), -7): (0, 5)
(7, 0, 2, (1, 0, 0), -6): (0, 6)
(7, 0, 2, (1, 0, 0), -5): (0, 9)
(7, 0, 2, (1, 0, 0), -4): (0, 17)
(7, 0, 2, (1, 0, 0), -3): (2, 22)
(7, 0, 2, (1, 0, 0), -2): (4, 35)
(7, 0, 2, (1, 0, 0), -1): (12, 50)
(7, 0, 2, (1, 0, 0), 0): (12, 44)
(7, 0, 2, (1, 0, 0), 1): (20, 29)
(7, 0, 2, (1, 0, 0), 2): (18, 25)
(7, 0, 2, (1, 0, 0), 3): (23, 26)
(7, 0, 2, (1, 0, 0), 4): (17, 17)
(7, 0, 2, (1, 0, 0), 5): (15, 16)
(7, 0, 2, (1, 0, 0), 6): (7, 7)
(7, 0, 2, (1, 0, 0), 7): (8, 8)
(7, 0, 2, (1, 0, 0), 8): (1, 1)
(7, 0, 2, (1, 0, 0), 9): (2, 2)
(7, 0, 2, (1, 0, 0), 16): (1, 1)
(7, 0, 2, (1, 0, 1), -6): (0, 1)
(7, 0, 2, (1, 0, 1), -5): (0, 1)
(7, 0, 2, (1, 0, 1), -4): (0, 1)
(7, 0, 2, (1, 0, 1), -3): (0, 3)
(7, 0, 2, (1, 0, 1), -2): (0, 2)
(7, 0, 2, (1, 0, 1), -1): (0, 7)
(7, 0, 2, (1, 0, 1), 0): (3, 8)
(7, 0, 2, (1, 0, 1), 1): (7, 7)
(7, 0, 2, (1, 0, 1), 2): (3, 3)
(7, 0, 2, (1, 0, 1), 4): (4, 4)
(7, 0, 2, (1, 0, 1), 5): (1, 1)
(7, 0, 2, (1, 0, 1), 6): (2, 2)
(7, 0, 2, (1, 0, 1), 8): (1, 1)
(7, 0, 2, (1, 1, 0), -9): (0, 1)
(7, 0, 2, (1, 1, 0), -8): (0, 3)
(7, 0, 2, (1, 1, 0), -7): (0, 2)
(7, 0, 2, (1, 1, 0), -6): (0, 2)
(7, 0, 2, (1, 1, 0), -4): (0, 9)
(7, 0, 2, (1, 1, 0), -3): (1, 20)
(7, 0, 2, (1, 1, 0), -2): (0, 8)
(7, 0, 2, (1, 1, 0), -1): (5, 18)
(7, 0, 2, (1, 1, 0), 0): (12, 27)
(7, 0, 2, (1, 1, 0), 1): (16, 18)
(7, 0, 2, (1, 1, 0), 2): (10, 11)
(7, 0, 2, (1, 1, 0), 3): (9, 10)
(7, 0, 2, (1, 1, 0), 4): (6, 6)
(7, 0, 2, (1, 1, 0), 5): (8, 10)
(7, 0, 2, (1, 1, 0), 6): (2, 2)
(7, 0, 2, (1, 1, 0), 7): (4, 4)
(7, 0, 2, (1, 1, 0), 8): (2, 2)
(7, 0, 2, (1, 1, 0), 9): (1, 1)
(7, 0, 2, (1, 1, 0), 16): (1, 1)
(7, 0, 2, (1, 1, 1), -8): (0, 1)
(7, 0, 2, (1, 1, 1), -6): (0, 1)
(7, 0, 2, (1, 1, 1), -5): (0, 1)
(7, 0, 2, (1, 1, 1), -4): (0, 1)
(7, 0, 2, (1, 1, 1), -3): (0, 4)
(7, 0, 2, (1, 1, 1), -2): (0, 2)
(7, 0, 2, (1, 1, 1), -1): (3, 5)
(7, 0, 2, (1, 1, 1), 0): (5, 10)
(7, 0, 2, (1, 1, 1), 1): (2, 3)
(7, 0, 2, (1, 1, 1), 2): (4, 4)
(7, 0, 2, (1, 1, 1), 3): (5, 5)
(7, 0, 2, (1, 1, 1), 4): (3, 3)
(7, 0, 2, (1, 1, 1), 5): (2, 2)
(7, 0, 2, (1, 1, 1), 6): (3, 3)
(7, 0, 2, (1, 1, 1), 7): (1, 1)
(7, 0, 2, (1, 1, 1), 8): (1, 1)
(7, 1, 0, (0, 0, 0), -16): (0, 1)
(7, 1, 0, (0, 0, 0), -14): (0, 2)
(7, 1, 0, (0, 0, 0), -11): (0, 2)
(7, 1, 0, (0, 0, 0), -10): (0, 3)
(7, 1, 0, (0, 0, 0), -9): (0, 7)
(7, 1, 0, (0, 0, 0), -8): (0, 9)
(7, 1, 0, (0, 0, 0), -7): (0, 15)
(7, 1, 0, (0, 0, 0), -6): (1, 30)
(7, 1, 0, (0, 0, 0), -5): (2, 35)
(7, 1, 0, (0, 0, 0), -4): (3, 51)
(7, 1, 0, (0, 0, 0), -3): (9, 70)
(7, 1, 0, (0, 0, 0), -2): (27, 97)
(7, 1, 0, (0, 0, 0), -1): (32, 115)
(7, 1, 0, (0, 0, 0), 0): (115, 182)
(7, 1, 0, (0, 0, 0), 1): (109, 139)
(7, 1, 0, (0, 0, 0), 2): (88, 94)
(7, 1, 0, (0, 0, 0), 3): (62, 64)
(7, 1, 0, (0, 0, 0), 4): (52, 52)
(7, 1, 0, (0, 0, 0), 5): (20, 20)
(7, 1, 0, (0, 0, 0), 6): (22, 22)
(7, 1, 0, (0, 0, 0), 7): (14, 14)
(7, 1, 0, (0, 0, 0), 8): (7, 7)
(7, 1, 0, (0, 0, 0), 9): (11, 11)
(7, 1, 0, (0, 0, 0), 10): (2, 2)
(7, 1, 0, (0, 0, 0), 11): (1, 1)
(7, 1, 0, (0, 0, 0), 12): (3, 3)
(7, 1, 0, (0, 0, 0), 19): (1, 1)
(7, 1, 0, (0, 0, 1), -1): (0, 1)
(7, 1, 0, (0, 0, 1), 0): (2, 2)
(7, 1, 0, (0, 0, 1), 1): (4, 4)
(7, 1, 0, (0, 0, 1), 2): (4, 4)
(7, 1, 0, (0, 0, 1), 3): (1, 1)
(7, 1, 0, (0, 0, 1), 4): (2, 2)
(7, 1, 0, (0, 0, 1), 7): (1, 1)
(7, 1, 0, (0, 1, 0), -14): (0, 1)
(7, 1, 0, (0, 1, 0), -9): (0, 1)
(7, 1, 0, (0, 1, 0), -6): (0, 1)
(7, 1, 0, (0, 1, 0), -4): (1, 7)
(7, 1, 0, (0, 1, 0), -3): (2, 3)
(7, 1, 0, (0, 1, 0), -2): (1, 4)
(7, 1, 0, (0, 1, 0), -1): (2, 5)
(7, 1, 0, (0, 1, 0), 0): (10, 14)
(7, 1, 0, (0, 1, 0), 1): (5, 6)
(7, 1, 0, (0, 1, 0), 2): (7, 7)
(7, 1, 0, (0, 1, 0), 3): (1, 1)
(7, 1, 0, (0, 1, 0), 5): (2, 2)
(7, 1, 0, (0, 1, 0), 6): (1, 1)
(7, 1, 0, (0, 1, 0), 9): (1, 1)
(7, 1, 0, (0, 1, 0), 10): (1, 1)
(7, 1, 0, (0, 1, 1), -4): (0, 1)
(7, 1, 0, (0, 1, 1), -2): (1, 2)
(7, 1, 0, (0, 1, 1), -1): (1, 1)
(7, 1, 0, (0, 1, 1), 0): (1, 2)
(7, 1, 0, (0, 1, 1), 1): (1, 1)
(7, 1, 0, (0, 1, 1), 3): (2, 2)
(7, 1, 0, (0, 1, 1), 5): (2, 2)
(7, 1, 0, (0, 1, 1), 6): (1, 1)
(7, 1, 0, (0, 1, 1), 9): (1, 1)
(7, 1, 0, (1, 0, 0), -16): (0, 1)
(7, 1, 0, (1, 0, 0), -11): (0, 1)
(7, 1, 0, (1, 0, 0), -9): (0, 2)
(7, 1, 0, (1, 0, 0), -8): (0, 4)
(7, 1, 0, (1, 0, 0), -7): (0, 2)
(7, 1, 0, (1, 0, 0), -6): (0, 7)
(7, 1, 0, (1, 0, 0), -5): (1, 11)
(7, 1, 0, (1, 0, 0), -4): (0, 9)
(7, 1, 0, (1, 0, 0), -3): (4, 23)
(7, 1, 0, (1, 0, 0), -2): (11, 28)
(7, 1, 0, (1, 0, 0), -1): (10, 36)
(7, 1, 0, (1, 0, 0), 0): (36, 53)
(7, 1, 0, (1, 0, 0), 1): (27, 39)
(7, 1, 0, (1, 0, 0), 2): (19, 20)
(7, 1, 0, (1, 0, 0), 3): (18, 19)
(7, 1, 0, (1, 0, 0), 4): (15, 15)
(7, 1, 0, (1, 0, 0), 5): (5, 5)
(7, 1, 0, (1, 0, 0), 6): (7, 7)
(7, 1, 0, (1, 0, 0), 7): (5, 5)
(7, 1, 0, (1, 0, 0), 8): (1, 1)
(7, 1, 0, (1, 0, 0), 9): (2, 2)
(7, 1, 0, (1, 0, 1), -6): (0, 1)
(7, 1, 0, (1, 0, 1), -4): (0, 2)
(7, 1, 0, (1, 0, 1), -3): (0, 3)
(7, 1, 0, (1, 0, 1), -2): (0, 2)
(7, 1, 0, (1, 0, 1), -1): (1, 2)
(7, 1, 0, (1, 0, 1), 0): (3, 4)
(7, 1, 0, (1, 0, 1), 1): (1, 1)
(7, 1, 0, (1, 0, 1), 2): (1, 1)
(7, 1, 0, (1, 0, 1), 3): (2, 2)
(7, 1, 0, (1, 0, 1), 4): (1, 1)
(7, 1, 0, (1, 0, 1), 5): (1, 1)
(7, 1, 0, (1, 0, 1), 7): (1, 1)
(7, 1, 0, (1, 1, 0), -6): (0, 1)
(7, 1, 0, (1, 1, 0), -5): (0, 1)
(7, 1, 0, (1, 1, 0), -4): (1, 4)
(7, 1, 0, (1, 1, 0), -3): (2, 8)
(7, 1, 0, (1, 1, 0), -2): (7, 8)
(7, 1, 0, (1, 1, 0), -1): (1, 4)
(7, 1, 0, (1, 1, 0), 0): (8, 10)
(7, 1, 0, (1, 1, 0), 1): (4, 4)
(7, 1, 0, (1, 1, 0), 2): (4, 4)
(7, 1, 0, (1, 1, 0), 3): (3, 3)
(7, 1, 0, (1, 1, 0), 4): (2, 2)
(7, 1, 0, (1, 1, 0), 6): (1, 1)
(7, 1, 0, (1, 1, 0), 7): (1, 1)
(7, 1, 0, (1, 1, 1), -5): (0, 1)
(7, 1, 0, (1, 1, 1), -4): (0, 1)
(7, 1, 0, (1, 1, 1), -3): (1, 4)
(7, 1, 0, (1, 1, 1), -2): (2, 2)
(7, 1, 0, (1, 1, 1), -1): (1, 1)
(7, 1, 0, (1, 1, 1), 0): (1, 2)
(7, 1, 0, (1, 1, 1), 3): (1, 1)
(7, 1, 0, (1, 1, 1), 5): (1, 1)
(7, 1, 0, (1, 1, 1), 7): (1, 1)
(7, 1, 1, (0, 0, 0), -14): (0, 1)
(7, 1, 1, (0, 0, 0), -11): (0, 1)
(7, 1, 1, (0, 0, 0), -10): (0, 2)
(7, 1, 1, (0, 0, 0), -9): (0, 4)
(7, 1, 1, (0, 0, 0), -8): (0, 5)
(7, 1, 1, (0, 0, 0), -7): (0, 13)
(7, 1, 1, (0, 0, 0), -6): (1, 22)
(7, 1, 1, (0, 0, 0), -5): (0, 24)
(7, 1, 1, (0, 0, 0), -4): (2, 37)
(7, 1, 1, (0, 0, 0), -3): (3, 42)
(7, 1, 1, (0, 0, 0), -2): (16, 66)
(7, 1, 1, (0, 0, 0), -1): (20, 75)
(7, 1, 1, (0, 0, 0), 0): (73, 122)
(7, 1, 1, (0, 0, 0), 1): (77, 95)
(7, 1, 1, (0, 0, 0), 2): (65, 70)
(7, 1, 1, (0, 0, 0), 3): (45, 46)
(7, 1, 1, (0, 0, 0), 4): (40, 40)
(7, 1, 1, (0, 0, 0), 5): (16, 16)
(7, 1, 1, (0, 0, 0), 6): (16, 16)
(7, 1, 1, (0, 0, 0), 7): (8, 8)
(7, 1, 1, (0, 0, 0), 8): (6, 6)
(7, 1, 1, (0, 0, 0), 9): (9, 9)
(7, 1, 1, (0, 0, 0), 10): (2, 2)
(7, 1, 1, (0, 0, 0), 11): (1, 1)
(7, 1, 1, (0, 0, 0), 12): (3, 3)
(7, 1, 1, (0, 0, 0), 19): (1, 1)
(7, 1, 1, (0, 0, 1), -14): (0, 1)
(7, 1, 1, (0, 0, 1), -7): (0, 1)
(7, 1, 1, (0, 0, 1), -4): (0, 1)
(7, 1, 1, (0, 0, 1), -3): (1, 1)
(7, 1, 1, (0, 0, 1), -2): (0, 1)
(7, 1, 1, (0, 0, 1), -1): (1, 3)
(7, 1, 1, (0, 0, 1), 0): (6, 8)
(7, 1, 1, (0, 0, 1), 1): (4, 5)
(7, 1, 1, (0, 0, 1), 2): (11, 11)
(7, 1, 1, (0, 0, 1), 3): (5, 5)
(7, 1, 1, (0, 0, 1), 4): (1, 1)
(7, 1, 1, (0, 0, 1), 5): (5, 5)
(7, 1, 1, (0, 0, 1), 6): (1, 1)
(7, 1, 1, (0, 0, 1), 7): (1, 1)
(7, 1, 1, (0, 1, 0), -10): (0, 1)
(7, 1, 1, (0, 1, 0), -9): (0, 1)
(7, 1, 1, (0, 1, 0), -8): (0, 1)
(7, 1, 1, (0, 1, 0), -6): (0, 3)
(7, 1, 1, (0, 1, 0), -5): (0, 2)
(7, 1, 1, (0, 1, 0), -4): (0, 5)
(7, 1, 1, (0, 1, 0), -3): (1, 7)
(7, 1, 1, (0, 1, 0), -2): (3, 9)
(7, 1, 1, (0, 1, 0), -1): (7, 15)
(7, 1, 1, (0, 1, 0), 0): (24, 28)
(7, 1, 1, (0, 1, 0), 1): (26, 33)
(7, 1, 1, (0, 1, 0), 2): (16, 16)
(7, 1, 1, (0, 1, 0), 3): (10, 11)
(7, 1, 1, (0, 1, 0), 4): (7, 7)
(7, 1, 1, (0, 1, 0), 5): (3, 3)
(7, 1, 1, (0, 1, 0), 6): (5, 5)
(7, 1, 1, (0, 1, 0), 7): (1, 1)
(7, 1, 1, (0, 1, 0), 8): (2, 2)
(7, 1, 1, (0, 1, 0), 10): (1, 1)
(7, 1, 1, (0, 1, 1), -16): (0, 1)
(7, 1, 1, (0, 1, 1), -7): (0, 1)
(7, 1, 1, (0, 1, 1), -5): (0, 3)
(7, 1, 1, (0, 1, 1), -3): (0, 2)
(7, 1, 1, (0, 1, 1), -2): (4, 7)
(7, 1, 1, (0, 1, 1), -1): (1, 2)
(7, 1, 1, (0, 1, 1), 0): (6, 6)
(7, 1, 1, (0, 1, 1), 1): (6, 6)
(7, 1, 1, (0, 1, 1), 2): (5, 5)
(7, 1, 1, (0, 1, 1), 3): (5, 5)
(7, 1, 1, (0, 1, 1), 4): (3, 3)
(7, 1, 1, (0, 1, 1), 5): (1, 1)
(7, 1, 1, (0, 1, 1), 6): (1, 1)
(7, 1, 1, (0, 1, 1), 7): (1, 1)
(7, 1, 1, (0, 1, 1), 9): (1, 1)
(7, 1, 1, (1, 0, 0), -16): (0, 1)
(7, 1, 1, (1, 0, 0), -11): (0, 1)
(7, 1, 1, (1, 0, 0), -9): (0, 1)
(7, 1, 1, (1, 0, 0), -8): (0, 4)
(7, 1, 1, (1, 0, 0), -7): (0, 9)
(7, 1, 1, (1, 0, 0), -6): (0, 6)
(7, 1, 1, (1, 0, 0), -5): (1, 10)
(7, 1, 1, (1, 0, 0), -4): (1, 15)
(7, 1, 1, (1, 0, 0), -3): (3, 22)
(7, 1, 1, (1, 0, 0), -2): (10, 38)
(7, 1, 1, (1, 0, 0), -1): (10, 40)
(7, 1, 1, (1, 0, 0), 0): (41, 55)
(7, 1, 1, (1, 0, 0), 1): (38, 51)
(7, 1, 1, (1, 0, 0), 2): (24, 26)
(7, 1, 1, (1, 0, 0), 3): (24, 25)
(7, 1, 1, (1, 0, 0), 4): (15, 15)
(7, 1, 1, (1, 0, 0), 5): (11, 11)
(7, 1, 1, (1, 0, 0), 6): (12, 12)
(7, 1, 1, (1, 0, 0), 7): (3, 3)
(7, 1, 1, (1, 0, 0), 9): (3, 3)
(7, 1, 1, (1, 0, 0), 10): (1, 1)
(7, 1, 1, (1, 0, 1), -8): (0, 1)
(7, 1, 1, (1, 0, 1), -4): (1, 3)
(7, 1, 1, (1, 0, 1), -3): (0, 3)
(7, 1, 1, (1, 0, 1), -2): (1, 3)
(7, 1, 1, (1, 0, 1), -1): (0, 7)
(7, 1, 1, (1, 0, 1), 0): (13, 17)
(7, 1, 1, (1, 0, 1), 1): (9, 12)
(7, 1, 1, (1, 0, 1), 2): (4, 4)
(7, 1, 1, (1, 0, 1), 3): (4, 4)
(7, 1, 1, (1, 0, 1), 4): (2, 2)
(7, 1, 1, (1, 0, 1), 5): (2, 2)
(7, 1, 1, (1, 0, 1), 6): (2, 2)
(7, 1, 1, (1, 1, 0), -10): (0, 1)
(7, 1, 1, (1, 1, 0), -9): (0, 1)
(7, 1, 1, (1, 1, 0), -8): (0, 1)
(7, 1, 1, (1, 1, 0), -7): (0, 2)
(7, 1, 1, (1, 1, 0), -6): (0, 3)
(7, 1, 1, (1, 1, 0), -4): (1, 5)
(7, 1, 1, (1, 1, 0), -3): (1, 8)
(7, 1, 1, (1, 1, 0), -2): (4, 12)
(7, 1, 1, (1, 1, 0), -1): (5, 15)
(7, 1, 1, (1, 1, 0), 0): (14, 17)
(7, 1, 1, (1, 1, 0), 1): (22, 25)
(7, 1, 1, (1, 1, 0), 2): (18, 19)
(7, 1, 1, (1, 1, 0), 3): (10, 10)
(7, 1, 1, (1, 1, 0), 4): (4, 4)
(7, 1, 1, (1, 1, 0), 5): (2, 2)
(7, 1, 1, (1, 1, 0), 6): (5, 5)
(7, 1, 1, (1, 1, 0), 7): (4, 4)
(7, 1, 1, (1, 1, 0), 9): (1, 1)
(7, 1, 1, (1, 1, 1), -7): (0, 1)
(7, 1, 1, (1, 1, 1), -6): (0, 2)
(7, 1, 1, (1, 1, 1), -5): (0, 3)
(7, 1, 1, (1, 1, 1), -4): (0, 1)
(7, 1, 1, (1, 1, 1), -2): (1, 2)
(7, 1, 1, (1, 1, 1), -1): (1, 3)
(7, 1, 1, (1, 1, 1), 0): (10, 10)
(7, 1, 1, (1, 1, 1), 1): (9, 10)
(7, 1, 1, (1, 1, 1), 2): (3, 3)
(7, 1, 1, (1, 1, 1), 3): (4, 4)
(7, 1, 1, (1, 1, 1), 4): (3, 3)
(7, 1, 1, (1, 1, 1), 5): (1, 1)
(7, 1, 1, (1, 1, 1), 6): (2, 2)
(7, 1, 1, (1, 1, 1), 7): (1, 1)
(7, 1, 2, (0, 0, 0), -14): (0, 1)
(7, 1, 2, (0, 0, 0), -13): (0, 1)
(7, 1, 2, (0, 0, 0), -11): (0, 1)
(7, 1, 2, (0, 0, 0), -10): (0, 1)
(7, 1, 2, (0, 0, 0), -9): (0, 5)
(7, 1, 2, (0, 0, 0), -8): (0, 5)
(7, 1, 2, (0, 0, 0), -7): (0, 6)
(7, 1, 2, (0, 0, 0), -6): (1, 20)
(7, 1, 2, (0, 0, 0), -5): (0, 21)
(7, 1, 2, (0, 0, 0), -4): (1, 25)
(7, 1, 2, (0, 0, 0), -3): (1, 33)
(7, 1, 2, (0, 0, 0), -2): (10, 46)
(7, 1, 2, (0, 0, 0), -1): (12, 59)
(7, 1, 2, (0, 0, 0), 0): (43, 86)
(7, 1, 2, (0, 0, 0), 1): (45, 58)
(7, 1, 2, (0, 0, 0), 2): (46, 50)
(7, 1, 2, (0, 0, 0), 3): (32, 32)
(7, 1, 2, (0, 0, 0), 4): (39, 39)
(7, 1, 2, (0, 0, 0), 5): (13, 13)
(7, 1, 2, (0, 0, 0), 6): (11, 11)
(7, 1, 2, (0, 0, 0), 7): (8, 8)
(7, 1, 2, (0, 0, 0), 8): (6, 6)
(7, 1, 2, (0, 0, 0), 9): (7, 7)
(7, 1, 2, (0, 0, 0), 10): (1, 1)
(7, 1, 2, (0, 0, 0), 11): (1, 1)
(7, 1, 2, (0, 0, 0), 12): (3, 3)
(7, 1, 2, (0, 0, 0), 19): (1, 1)
(7, 1, 2, (0, 0, 1), -15): (0, 1)
(7, 1, 2, (0, 0, 1), -7): (0, 1)
(7, 1, 2, (0, 0, 1), -5): (0, 1)
(7, 1, 2, (0, 0, 1), -4): (0, 2)
(7, 1, 2, (0, 0, 1), -3): (1, 4)
(7, 1, 2, (0, 0, 1), -2): (1, 2)
(7, 1, 2, (0, 0, 1), -1): (2, 5)
(7, 1, 2, (0, 0, 1), 0): (4, 6)
(7, 1, 2, (0, 0, 1), 1): (4, 7)
(7, 1, 2, (0, 0, 1), 2): (8, 9)
(7, 1, 2, (0, 0, 1), 3): (11, 11)
(7, 1, 2, (0, 0, 1), 4): (4, 4)
(7, 1, 2, (0, 0, 1), 5): (4, 4)
(7, 1, 2, (0, 0, 1), 6): (2, 2)
(7, 1, 2, (0, 0, 1), 7): (1, 1)
(7, 1, 2, (0, 0, 1), 8): (1, 1)
(7, 1, 2, (0, 1, 0), -10): (0, 1)
(7, 1, 2, (0, 1, 0), -9): (0, 1)
(7, 1, 2, (0, 1, 0), -8): (0, 2)
(7, 1, 2, (0, 1, 0), -7): (0, 1)
(7, 1, 2, (0, 1, 0), -6): (0, 4)
(7, 1, 2, (0, 1, 0), -5): (0, 3)
(7, 1, 2, (0, 1, 0), -4): (0, 3)
(7, 1, 2, (0, 1, 0), -3): (0, 10)
(7, 1, 2, (0, 1, 0), -2): (2, 14)
(7, 1, 2, (0, 1, 0), -1): (7, 21)
(7, 1, 2, (0, 1, 0), 0): (18, 31)
(7, 1, 2, (0, 1, 0), 1): (27, 32)
(7, 1, 2, (0, 1, 0), 2): (17, 17)
(7, 1, 2, (0, 1, 0), 3): (15, 16)
(7, 1, 2, (0, 1, 0), 4): (14, 14)
(7, 1, 2, (0, 1, 0), 5): (7, 7)
(7, 1, 2, (0, 1, 0), 6): (3, 3)
(7, 1, 2, (0, 1, 0), 7): (2, 2)
(7, 1, 2, (0, 1, 0), 8): (3, 3)
(7, 1, 2, (0, 1, 0), 10): (2, 2)
(7, 1, 2, (0, 1, 0), 11): (1, 1)
(7, 1, 2, (0, 1, 1), -5): (0, 1)
(7, 1, 2, (0, 1, 1), -4): (2, 3)
(7, 1, 2, (0, 1, 1), -3): (0, 2)
(7, 1, 2, (0, 1, 1), -2): (1, 3)
(7, 1, 2, (0, 1, 1), -1): (0, 4)
(7, 1, 2, (0, 1, 1), 0): (4, 6)
(7, 1, 2, (0, 1, 1), 1): (5, 7)
(7, 1, 2, (0, 1, 1), 2): (8, 8)
(7, 1, 2, (0, 1, 1), 3): (1, 1)
(7, 1, 2, (0, 1, 1), 5): (1, 1)
(7, 1, 2, (0, 1, 1), 7): (2, 2)
(7, 1, 2, (0, 1, 1), 9): (2, 2)
(7, 1, 2, (1, 0, 0), -14): (0, 1)
(7, 1, 2, (1, 0, 0), -9): (0, 2)
(7, 1, 2, (1, 0, 0), -8): (0, 3)
(7, 1, 2, (1, 0, 0), -7): (0, 6)
(7, 1, 2, (1, 0, 0), -6): (0, 7)
(7, 1, 2, (1, 0, 0), -5): (1, 12)
(7, 1, 2, (1, 0, 0), -4): (0, 15)
(7, 1, 2, (1, 0, 0), -3): (2, 18)
(7, 1, 2, (1, 0, 0), -2): (7, 31)
(7, 1, 2, (1, 0, 0), -1): (6, 35)
(7, 1, 2, (1, 0, 0), 0): (36, 49)
(7, 1, 2, (1, 0, 0), 1): (28, 38)
(7, 1, 2, (1, 0, 0), 2): (22, 25)
(7, 1, 2, (1, 0, 0), 3): (21, 22)
(7, 1, 2, (1, 0, 0), 4): (18, 18)
(7, 1, 2, (1, 0, 0), 5): (5, 5)
(7, 1, 2, (1, 0, 0), 6): (11, 11)
(7, 1, 2, (1, 0, 0), 7): (4, 4)
(7, 1, 2, (1, 0, 0), 8): (1, 1)
(7, 1, 2, (1, 0, 0), 9): (4, 4)
(7, 1, 2, (1, 0, 0), 11): (1, 1)
(7, 1, 2, (1, 0, 0), 12): (1, 1)
(7, 1, 2, (1, 0, 1), -6): (0, 2)
(7, 1, 2, (1, 0, 1), -4): (0, 1)
(7, 1, 2, (1, 0, 1), -3): (0, 4)
(7, 1, 2, (1, 0, 1), -2): (1, 5)
(7, 1, 2, (1, 0, 1), -1): (1, 5)
(7, 1, 2, (1, 0, 1), 0): (4, 8)
(7, 1, 2, (1, 0, 1), 1): (7, 11)
(7, 1, 2, (1, 0, 1), 2): (5, 5)
(7, 1, 2, (1, 0, 1), 3): (7, 8)
(7, 1, 2, (1, 0, 1), 4): (5, 5)
(7, 1, 2, (1, 0, 1), 7): (2, 2)
(7, 1, 2, (1, 1, 0), -9): (0, 1)
(7, 1, 2, (1, 1, 0), -7): (0, 4)
(7, 1, 2, (1, 1, 0), -5): (0, 3)
(7, 1, 2, (1, 1, 0), -4): (0, 6)
(7, 1, 2, (1, 1, 0), -3): (3, 12)
(7, 1, 2, (1, 1, 0), -2): (4, 13)
(7, 1, 2, (1, 1, 0), -1): (2, 14)
(7, 1, 2, (1, 1, 0), 0): (24, 31)
(7, 1, 2, (1, 1, 0), 1): (22, 28)
(7, 1, 2, (1, 1, 0), 2): (17, 19)
(7, 1, 2, (1, 1, 0), 3): (17, 17)
(7, 1, 2, (1, 1, 0), 4): (12, 12)
(7, 1, 2, (1, 1, 0), 5): (3, 3)
(7, 1, 2, (1, 1, 0), 6): (6, 6)
(7, 1, 2, (1, 1, 0), 7): (5, 5)
(7, 1, 2, (1, 1, 0), 8): (3, 3)
(7, 1, 2, (1, 1, 0), 9): (2, 2)
(7, 1, 2, (1, 1, 1), -7): (0, 1)
(7, 1, 2, (1, 1, 1), -3): (0, 1)
(7, 1, 2, (1, 1, 1), -2): (0, 3)
(7, 1, 2, (1, 1, 1), -1): (0, 6)
(7, 1, 2, (1, 1, 1), 0): (8, 12)
(7, 1, 2, (1, 1, 1), 1): (9, 9)
(7, 1, 2, (1, 1, 1), 2): (8, 8)
(7, 1, 2, (1, 1, 1), 3): (3, 3)
(7, 1, 2, (1, 1, 1), 4): (6, 6)
(7, 1, 2, (1, 1, 1), 5): (4, 4)
(7, 1, 2, (1, 1, 1), 6): (2, 2)
(7, 1, 2, (1, 1, 1), 7): (2, 2)
(8, 0, 0, (0, 0, 0), -19): (0, 1)
(8, 0, 0, (0, 0, 0), -12): (0, 3)
(8, 0, 0, (0, 0, 0), -11): (0, 2)
(8, 0, 0, (0, 0, 0), -10): (0, 3)
(8, 0, 0, (0, 0, 0), -9): (0, 13)
(8, 0, 0, (0, 0, 0), -8): (0, 10)
(8, 0, 0, (0, 0, 0), -7): (0, 15)
(8, 0, 0, (0, 0, 0), -6): (0, 28)
(8, 0, 0, (0, 0, 0), -5): (0, 30)
(8, 0, 0, (0, 0, 0), -4): (0, 67)
(8, 0, 0, (0, 0, 0), -3): (2, 73)
(8, 0, 0, (0, 0, 0), -2): (7, 102)
(8, 0, 0, (0, 0, 0), -1): (35, 142)
(8, 0, 0, (0, 0, 0), 0): (74, 164)
(8, 0, 0, (0, 0, 0), 1): (92, 111)
(8, 0, 0, (0, 0, 0), 2): (73, 91)
(8, 0, 0, (0, 0, 0), 3): (51, 55)
(8, 0, 0, (0, 0, 0), 4): (42, 43)
(8, 0, 0, (0, 0, 0), 5): (26, 27)
(8, 0, 0, (0, 0, 0), 6): (26, 27)
(8, 0, 0, (0, 0, 0), 7): (16, 16)
(8, 0, 0, (0, 0, 0), 8): (10, 10)
(8, 0, 0, (0, 0, 0), 9): (7, 7)
(8, 0, 0, (0, 0, 0), 11): (2, 2)
(8, 0, 0, (0, 0, 0), 13): (1, 1)
(8, 0, 0, (0, 0, 0), 14): (2, 2)
(8, 0, 0, (0, 0, 1), -4): (0, 2)
(8, 0, 0, (0, 0, 1), -3): (0, 3)
(8, 0, 0, (0, 0, 1), -2): (1, 3)
(8, 0, 0, (0, 0, 1), -1): (2, 2)
(8, 0, 0, (0, 0, 1), 0): (3, 3)
(8, 0, 0, (0, 0, 1), 1): (2, 2)
(8, 0, 0, (0, 0, 1), 2): (2, 2)
(8, 0, 0, (0, 0, 1), 3): (1, 1)
(8, 0, 0, (0, 0, 1), 4): (1, 1)
(8, 0, 0, (0, 1, 0), -9): (0, 2)
(8, 0, 0, (0, 1, 0), -7): (0, 1)
(8, 0, 0, (0, 1, 0), -5): (0, 5)
(8, 0, 0, (0, 1, 0), -4): (0, 4)
(8, 0, 0, (0, 1, 0), -3): (0, 3)
(8, 0, 0, (0, 1, 0), -2): (2, 8)
(8, 0, 0, (0, 1, 0), -1): (5, 7)
(8, 0, 0, (0, 1, 0), 0): (8, 10)
(8, 0, 0, (0, 1, 0), 1): (7, 7)
(8, 0, 0, (0, 1, 0), 2): (5, 5)
(8, 0, 0, (0, 1, 0), 3): (4, 4)
(8, 0, 0, (0, 1, 0), 4): (1, 1)
(8, 0, 0, (0, 1, 0), 5): (2, 2)
(8, 0, 0, (0, 1, 0), 7): (2, 2)
(8, 0, 0, (0, 1, 0), 9): (1, 1)
(8, 0, 0, (0, 1, 1), -7): (0, 1)
(8, 0, 0, (0, 1, 1), -2): (1, 1)
(8, 0, 0, (0, 1, 1), 0): (0, 1)
(8, 0, 0, (0, 1, 1), 4): (1, 1)
(8, 0, 0, (0, 1, 1), 5): (1, 1)
(8, 0, 0, (0, 1, 1), 6): (1, 1)
(8, 0, 0, (0, 1, 1), 7): (1, 1)
(8, 0, 0, (1, 0, 0), -19): (0, 1)
(8, 0, 0, (1, 0, 0), -12): (0, 2)
(8, 0, 0, (1, 0, 0), -11): (0, 2)
(8, 0, 0, (1, 0, 0), -10): (0, 1)
(8, 0, 0, (1, 0, 0), -9): (0, 3)
(8, 0, 0, (1, 0, 0), -8): (0, 3)
(8, 0, 0, (1, 0, 0), -7): (0, 1)
(8, 0, 0, (1, 0, 0), -6): (0, 6)
(8, 0, 0, (1, 0, 0), -5): (0, 6)
(8, 0, 0, (1, 0, 0), -4): (0, 11)
(8, 0, 0, (1, 0, 0), -3): (0, 17)
(8, 0, 0, (1, 0, 0), -2): (4, 23)
(8, 0, 0, (1, 0, 0), -1): (18, 40)
(8, 0, 0, (1, 0, 0), 0): (19, 37)
(8, 0, 0, (1, 0, 0), 1): (37, 38)
(8, 0, 0, (1, 0, 0), 2): (28, 30)
(8, 0, 0, (1, 0, 0), 3): (11, 14)
(8, 0, 0, (1, 0, 0), 4): (12, 12)
(8, 0, 0, (1, 0, 0), 5): (10, 10)
(8, 0, 0, (1, 0, 0), 6): (5, 6)
(8, 0, 0, (1, 0, 0), 7): (4, 4)
(8, 0, 0, (1, 0, 0), 8): (3, 3)
(8, 0, 0, (1, 0, 0), 9): (3, 3)
(8, 0, 0, (1, 0, 0), 11): (1, 1)
(8, 0, 0, (1, 0, 1), -12): (0, 1)
(8, 0, 0, (1, 0, 1), -6): (0, 1)
(8, 0, 0, (1, 0, 1), -5): (0, 1)
(8, 0, 0, (1, 0, 1), -4): (0, 1)
(8, 0, 0, (1, 0, 1), -3): (0, 1)
(8, 0, 0, (1, 0, 1), -1): (2, 3)
(8, 0, 0, (1, 0, 1), 0): (6, 6)
(8, 0, 0, (1, 0, 1), 1): (1, 1)
(8, 0, 0, (1, 0, 1), 2): (3, 3)
(8, 0, 0, (1, 0, 1), 3): (4, 4)
(8, 0, 0, (1, 0, 1), 9): (1, 1)
(8, 0, 0, (1, 1, 0), -12): (0, 1)
(8, 0, 0, (1, 1, 0), -8): (0, 1)
(8, 0, 0, (1, 1, 0), -7): (0, 1)
(8, 0, 0, (1, 1, 0), -5): (0, 2)
(8, 0, 0, (1, 1, 0), -4): (0, 1)
(8, 0, 0, (1, 1, 0), -3): (0, 3)
(8, 0, 0, (1, 1, 0), -2): (2, 5)
(8, 0, 0, (1, 1, 0), -1): (5, 7)
(8, 0, 0, (1, 1, 0), 0): (4, 4)
(8, 0, 0, (1, 1, 0), 1): (10, 10)
(8, 0, 0, (1, 1, 0), 2): (9, 9)
(8, 0, 0, (1, 1, 0), 3): (2, 2)
(8, 0, 0, (1, 1, 0), 4): (2, 2)
(8, 0, 0, (1, 1, 0), 5): (1, 1)
(8, 0, 0, (1, 1, 0), 7): (2, 2)
(8, 0, 0, (1, 1, 0), 11): (1, 1)
(8, 0, 0, (1, 1, 1), -6): (0, 1)
(8, 0, 0, (1, 1, 1), -5): (0, 1)
(8, 0, 0, (1, 1, 1), -4): (0, 1)
(8, 0, 0, (1, 1, 1), -1): (2, 2)
(8, 0, 0, (1, 1, 1), 0): (2, 3)
(8, 0, 0, (1, 1, 1), 1): (1, 1)
(8, 0, 0, (1, 1, 1), 2): (2, 2)
(8, 0, 0, (1, 1, 1), 3): (1, 1)
(8, 0, 0, (1, 1, 1), 4): (2, 2)
(8, 0, 1, (0, 0, 0), -12): (0, 1)
(8, 0, 1, (0, 0, 0), -10): (0, 2)
(8, 0, 1, (0, 0, 0), -9): (0, 7)
(8, 0, 1, (0, 0, 0), -8): (0, 7)
(8, 0, 1, (0, 0, 0), -7): (0, 13)
(8, 0, 1, (0, 0, 0), -6): (0, 22)
(8, 0, 1, (0, 0, 0), -5): (0, 18)
(8, 0, 1, (0, 0, 0), -4): (0, 50)
(8, 0, 1, (0, 0, 0), -3): (2, 54)
(8, 0, 1, (0, 0, 0), -2): (1, 69)
(8, 0, 1, (0, 0, 0), -1): (14, 100)
(8, 0, 1, (0, 0, 0), 0): (46, 118)
(8, 0, 1, (0, 0, 0), 1): (59, 77)
(8, 0, 1, (0, 0, 0), 2): (46, 63)
(8, 0, 1, (0, 0, 0), 3): (40, 41)
(8, 0, 1, (0, 0, 0), 4): (30, 31)
(8, 0, 1, (0, 0, 0), 5): (16, 17)
(8, 0, 1, (0, 0, 0), 6): (22, 22)
(8, 0, 1, (0, 0, 0), 7): (11, 11)
(8, 0, 1, (0, 0, 0), 8): (7, 7)
(8, 0, 1, (0, 0, 0), 9): (7, 7)
(8, 0, 1, (0, 0, 0), 11): (1, 1)
(8, 0, 1, (0, 0, 0), 13): (1, 1)
(8, 0, 1, (0, 0, 0), 14): (2, 2)
(8, 0, 1, (0, 0, 1), -9): (0, 1)
(8, 0, 1, (0, 0, 1), -5): (0, 2)
(8, 0, 1, (0, 0, 1), -4): (0, 1)
(8, 0, 1, (0, 0, 1), -3): (0, 4)
(8, 0, 1, (0, 0, 1), -2): (0, 5)
(8, 0, 1, (0, 0, 1), -1): (3, 6)
(8, 0, 1, (0, 0, 1), 0): (8, 9)
(8, 0, 1, (0, 0, 1), 1): (7, 7)
(8, 0, 1, (0, 0, 1), 2): (4, 5)
(8, 0, 1, (0, 0, 1), 3): (1, 1)
(8, 0, 1, (0, 0, 1), 4): (2, 2)
(8, 0, 1, (0, 0, 1), 5): (3, 3)
(8, 0, 1, (0, 0, 1), 6): (1, 1)
(8, 0, 1, (0, 0, 1), 9): (1, 1)
(8, 0, 1, (0, 0, 1), 14): (1, 1)
(8, 0, 1, (0, 1, 0), -10): (0, 1)
(8, 0, 1, (0, 1, 0), -9): (0, 3)
(8, 0, 1, (0, 1, 0), -7): (0, 3)
(8, 0, 1, (0, 1, 0), -6): (0, 1)
(8, 0, 1, (0, 1, 0), -5): (0, 4)
(8, 0, 1, (0, 1, 0), -4): (0, 5)
(8, 0, 1, (0, 1, 0), -3): (0, 8)
(8, 0, 1, (0, 1, 0), -2): (0, 14)
(8, 0, 1, (0, 1, 0), -1): (6, 23)
(8, 0, 1, (0, 1, 0), 0): (14, 28)
(8, 0, 1, (0, 1, 0), 1): (19, 19)
(8, 0, 1, (0, 1, 0), 2): (13, 18)
(8, 0, 1, (0, 1, 0), 3): (9, 10)
(8, 0, 1, (0, 1, 0), 4): (6, 6)
(8, 0, 1, (0, 1, 0), 5): (5, 5)
(8, 0, 1, (0, 1, 0), 6): (2, 2)
(8, 0, 1, (0, 1, 0), 7): (1, 1)
(8, 0, 1, (0, 1, 0), 8): (1, 1)
(8, 0, 1, (0, 1, 0), 9): (3, 3)
(8, 0, 1, (0, 1, 0), 10): (1, 1)
(8, 0, 1, (0, 1, 0), 11): (2, 2)
(8, 0, 1, (0, 1, 1), -8): (0, 1)
(8, 0, 1, (0, 1, 1), -6): (0, 1)
(8, 0, 1, (0, 1, 1), -2): (1, 2)
(8, 0, 1, (0, 1, 1), -1): (3, 4)
(8, 0, 1, (0, 1, 1), 0): (6, 6)
(8, 0, 1, (0, 1, 1), 1): (4, 4)
(8, 0, 1, (0, 1, 1), 2): (8, 10)
(8, 0, 1, (0, 1, 1), 3): (6, 6)
(8, 0, 1, (0, 1, 1), 4): (4, 4)
(8, 0, 1, (0, 1, 1), 5): (1, 1)
(8, 0, 1, (1, 0, 0), -19): (0, 1)
(8, 0, 1, (1, 0, 0), -11): (0, 2)
(8, 0, 1, (1, 0, 0), -10): (0, 2)
(8, 0, 1, (1, 0, 0), -9): (0, 6)
(8, 0, 1, (1, 0, 0), -8): (0, 3)
(8, 0, 1, (1, 0, 0), -7): (0, 3)
(8, 0, 1, (1, 0, 0), -6): (0, 10)
(8, 0, 1, (1, 0, 0), -5): (0, 6)
(8, 0, 1, (1, 0, 0), -4): (0, 28)
(8, 0, 1, (1, 0, 0), -3): (1, 21)
(8, 0, 1, (1, 0, 0), -2): (1, 34)
(8, 0, 1, (1, 0, 0), -1): (10, 38)
(8, 0, 1, (1, 0, 0), 0): (11, 40)
(8, 0, 1, (1, 0, 0), 1): (28, 34)
(8, 0, 1, (1, 0, 0), 2): (20, 26)
(8, 0, 1, (1, 0, 0), 3): (21, 21)
(8, 0, 1, (1, 0, 0), 4): (14, 15)
(8, 0, 1, (1, 0, 0), 5): (6, 7)
(8, 0, 1, (1, 0, 0), 6): (5, 6)
(8, 0, 1, (1, 0, 0), 7): (8, 8)
(8, 0, 1, (1, 0, 0), 8): (2, 2)
(8, 0, 1, (1, 0, 0), 9): (3, 3)
(8, 0, 1, (1, 0, 0), 13): (1, 1)
(8, 0, 1, (1, 0, 0), 14): (1, 1)
(8, 0, 1, (1, 0, 1), -18): (0, 1)
(8, 0, 1, (1, 0, 1), -12): (0, 1)
(8, 0, 1, (1, 0, 1), -5): (0, 4)
(8, 0, 1, (1, 0, 1), -4): (0, 2)
(8, 0, 1, (1, 0, 1), -3): (0, 4)
(8, 0, 1, (1, 0, 1), -2): (0, 2)
(8, 0, 1, (1, 0, 1), -1): (5, 9)
(8, 0, 1, (1, 0, 1), 0): (3, 5)
(8, 0, 1, (1, 0, 1), 1): (7, 8)
(8, 0, 1, (1, 0, 1), 2): (1, 1)
(8, 0, 1, (1, 0, 1), 3): (8, 8)
(8, 0, 1, (1, 0, 1), 4): (2, 2)
(8, 0, 1, (1, 0, 1), 5): (1, 1)
(8, 0, 1, (1, 0, 1), 6): (3, 3)
(8, 0, 1, (1, 0, 1), 9): (1, 1)
(8, 0, 1, (1, 1, 0), -19): (0, 1)
(8, 0, 1, (1, 1, 0), -12): (0, 1)
(8, 0, 1, (1, 1, 0), -10): (0, 1)
(8, 0, 1, (1, 1, 0), -9): (0, 4)
(8, 0, 1, (1, 1, 0), -7): (0, 1)
(8, 0, 1, (1, 1, 0), -6): (0, 3)
(8, 0, 1, (1, 1, 0), -5): (0, 2)
(8, 0, 1, (1, 1, 0), -4): (0, 4)
(8, 0, 1, (1, 1, 0), -3): (0, 6)
(8, 0, 1, (1, 1, 0), -2): (1, 9)
(8, 0, 1, (1, 1, 0), -1): (4, 12)
(8, 0, 1, (1, 1, 0), 0): (11, 18)
(8, 0, 1, (1, 1, 0), 1): (12, 15)
(8, 0, 1, (1, 1, 0), 2): (12, 16)
(8, 0, 1, (1, 1, 0), 3): (2, 2)
(8, 0, 1, (1, 1, 0), 4): (4, 4)
(8, 0, 1, (1, 1, 0), 5): (3, 3)
(8, 0, 1, (1, 1, 0), 6): (2, 2)
(8, 0, 1, (1, 1, 0), 7): (5, 5)
(8, 0, 1, (1, 1, 0), 8): (2, 2)
(8, 0, 1, (1, 1, 0), 11): (1, 1)
(8, 0, 1, (1, 1, 0), 13): (1, 1)
(8, 0, 1, (1, 1, 1), -12): (0, 1)
(8, 0, 1, (1, 1, 1), -5): (0, 1)
(8, 0, 1, (1, 1, 1), -4): (0, 1)
(8, 0, 1, (1, 1, 1), -1): (5, 7)
(8, 0, 1, (1, 1, 1), 0): (9, 13)
(8, 0, 1, (1, 1, 1), 1): (8, 9)
(8, 0, 1, (1, 1, 1), 2): (10, 10)
(8, 0, 1, (1, 1, 1), 3): (7, 7)
(8, 0, 1, (1, 1, 1), 4): (5, 5)
(8, 0, 1, (1, 1, 1), 5): (3, 3)
(8, 0, 1, (1, 1, 1), 6): (1, 1)
(8, 0, 1, (1, 1, 1), 11): (1, 1)
(8, 0, 2, (0, 0, 0), -12): (0, 1)
(8, 0, 2, (0, 0, 0), -10): (0, 1)
(8, 0, 2, (0, 0, 0), -9): (0, 2)
(8, 0, 2, (0, 0, 0), -8): (0, 7)
(8, 0, 2, (0, 0, 0), -7): (0, 9)
(8, 0, 2, (0, 0, 0), -6): (0, 18)
(8, 0, 2, (0, 0, 0), -5): (0, 13)
(8, 0, 2, (0, 0, 0), -4): (0, 34)
(8, 0, 2, (0, 0, 0), -3): (1, 38)
(8, 0, 2, (0, 0, 0), -2): (1, 49)
(8, 0, 2, (0, 0, 0), -1): (8, 75)
(8, 0, 2, (0, 0, 0), 0): (31, 84)
(8, 0, 2, (0, 0, 0), 1): (46, 60)
(8, 0, 2, (0, 0, 0), 2): (39, 48)
(8, 0, 2, (0, 0, 0), 3): (26, 29)
(8, 0, 2, (0, 0, 0), 4): (27, 27)
(8, 0, 2, (0, 0, 0), 5): (15, 16)
(8, 0, 2, (0, 0, 0), 6): (22, 22)
(8, 0, 2, (0, 0, 0), 7): (6, 6)
(8, 0, 2, (0, 0, 0), 8): (8, 8)
(8, 0, 2, (0, 0, 0), 9): (4, 4)
(8, 0, 2, (0, 0, 0), 11): (1, 1)
(8, 0, 2, (0, 0, 0), 12): (1, 1)
(8, 0, 2, (0, 0, 0), 14): (1, 1)
(8, 0, 2, (0, 0, 0), 15): (1, 1)
(8, 0, 2, (0, 0, 1), -7): (0, 1)
(8, 0, 2, (0, 0, 1), -5): (0, 1)
(8, 0, 2, (0, 0, 1), -4): (0, 2)
(8, 0, 2, (0, 0, 1), -3): (0, 4)
(8, 0, 2, (0, 0, 1), -2): (0, 5)
(8, 0, 2, (0, 0, 1), -1): (4, 7)
(8, 0, 2, (0, 0, 1), 0): (7, 12)
(8, 0, 2, (0, 0, 1), 1): (6, 7)
(8, 0, 2, (0, 0, 1), 2): (3, 5)
(8, 0, 2, (0, 0, 1), 3): (5, 5)
(8, 0, 2, (0, 0, 1), 4): (3, 3)
(8, 0, 2, (0, 0, 1), 5): (4, 4)
(8, 0, 2, (0, 0, 1), 6): (2, 2)
(8, 0, 2, (0, 0, 1), 8): (1, 1)
(8, 0, 2, (0, 0, 1), 9): (1, 1)
(8, 0, 2, (0, 0, 1), 10): (1, 1)
(8, 0, 2, (0, 1, 0), -10): (0, 1)
(8, 0, 2, (0, 1, 0), -9): (0, 1)
(8, 0, 2, (0, 1, 0), -7): (0, 3)
(8, 0, 2, (0, 1, 0), -5): (0, 5)
(8, 0, 2, (0, 1, 0), -4): (0, 8)
(8, 0, 2, (0, 1, 0), -3): (0, 5)
(8, 0, 2, (0, 1, 0), -2): (0, 17)
(8, 0, 2, (0, 1, 0), -1): (3, 23)
(8, 0, 2, (0, 1, 0), 0): (7, 21)
(8, 0, 2, (0, 1, 0), 1): (15, 16)
(8, 0, 2, (0, 1, 0), 2): (14, 18)
(8, 0, 2, (0, 1, 0), 3): (8, 9)
(8, 0, 2, (0, 1, 0), 4): (6, 7)
(8, 0, 2, (0, 1, 0), 5): (6, 6)
(8, 0, 2, (0, 1, 0), 6): (9, 9)
(8, 0, 2, (0, 1, 0), 7): (5, 5)
(8, 0, 2, (0, 1, 0), 8): (2, 2)
(8, 0, 2, (0, 1, 0), 9): (3, 3)
(8, 0, 2, (0, 1, 0), 11): (2, 2)
(8, 0, 2, (0, 1, 0), 12): (1, 1)
(8, 0, 2, (0, 1, 1), -4): (0, 2)
(8, 0, 2, (0, 1, 1), -3): (0, 1)
(8, 0, 2, (0, 1, 1), -2): (0, 2)
(8, 0, 2, (0, 1, 1), -1): (1, 2)
(8, 0, 2, (0, 1, 1), 0): (4, 5)
(8, 0, 2, (0, 1, 1), 1): (6, 7)
(8, 0, 2, (0, 1, 1), 2): (5, 8)
(8, 0, 2, (0, 1, 1), 3): (6, 6)
(8, 0, 2, (0, 1, 1), 4): (4, 4)
(8, 0, 2, (0, 1, 1), 5): (0, 1)
(8, 0, 2, (0, 1, 1), 6): (3, 3)
(8, 0, 2, (0, 1, 1), 7): (1, 1)
(8, 0, 2, (1, 0, 0), -17): (0, 1)
(8, 0, 2, (1, 0, 0), -11): (0, 3)
(8, 0, 2, (1, 0, 0), -10): (0, 1)
(8, 0, 2, (1, 0, 0), -9): (0, 3)
(8, 0, 2, (1, 0, 0), -8): (0, 4)
(8, 0, 2, (1, 0, 0), -7): (0, 3)
(8, 0, 2, (1, 0, 0), -6): (0, 13)
(8, 0, 2, (1, 0, 0), -5): (0, 5)
(8, 0, 2, (1, 0, 0), -4): (0, 33)
(8, 0, 2, (1, 0, 0), -3): (2, 24)
(8, 0, 2, (1, 0, 0), -2): (0, 31)
(8, 0, 2, (1, 0, 0), -1): (6, 34)
(8, 0, 2, (1, 0, 0), 0): (15, 46)
(8, 0, 2, (1, 0, 0), 1): (26, 34)
(8, 0, 2, (1, 0, 0), 2): (22, 27)
(8, 0, 2, (1, 0, 0), 3): (23, 25)
(8, 0, 2, (1, 0, 0), 4): (16, 17)
(8, 0, 2, (1, 0, 0), 5): (10, 11)
(8, 0, 2, (1, 0, 0), 6): (6, 7)
(8, 0, 2, (1, 0, 0), 7): (7, 7)
(8, 0, 2, (1, 0, 0), 8): (5, 5)
(8, 0, 2, (1, 0, 0), 9): (5, 5)
(8, 0, 2, (1, 0, 0), 11): (1, 1)
(8, 0, 2, (1, 0, 0), 12): (1, 1)
(8, 0, 2, (1, 0, 0), 14): (1, 1)
(8, 0, 2, (1, 0, 0), 15): (1, 1)
(8, 0, 2, (1, 0, 1), -8): (0, 1)
(8, 0, 2, (1, 0, 1), -5): (0, 1)
(8, 0, 2, (1, 0, 1), -4): (0, 1)
(8, 0, 2, (1, 0, 1), -3): (0, 6)
(8, 0, 2, (1, 0, 1), -2): (0, 6)
(8, 0, 2, (1, 0, 1), -1): (1, 5)
(8, 0, 2, (1, 0, 1), 0): (3, 5)
(8, 0, 2, (1, 0, 1), 1): (6, 6)
(8, 0, 2, (1, 0, 1), 2): (4, 5)
(8, 0, 2, (1, 0, 1), 3): (6, 6)
(8, 0, 2, (1, 0, 1), 4): (2, 2)
(8, 0, 2, (1, 0, 1), 5): (1, 2)
(8, 0, 2, (1, 0, 1), 6): (6, 6)
(8, 0, 2, (1, 0, 1), 7): (2, 2)
(8, 0, 2, (1, 0, 1), 8): (1, 1)
(8, 0, 2, (1, 1, 0), -11): (0, 1)
(8, 0, 2, (1, 1, 0), -9): (0, 2)
(8, 0, 2, (1, 1, 0), -8): (0, 2)
(8, 0, 2, (1, 1, 0), -7): (0, 4)
(8, 0, 2, (1, 1, 0), -6): (0, 6)
(8, 0, 2, (1, 1, 0), -5): (0, 3)
(8, 0, 2, (1, 1, 0), -4): (0, 11)
(8, 0, 2, (1, 1, 0), -3): (2, 14)
(8, 0, 2, (1, 1, 0), -2): (2, 26)
(8, 0, 2, (1, 1, 0), -1): (5, 18)
(8, 0, 2, (1, 1, 0), 0): (10, 24)
(8, 0, 2, (1, 1, 0), 1): (18, 20)
(8, 0, 2, (1, 1, 0), 2): (13, 18)
(8, 0, 2, (1, 1, 0), 3): (8, 9)
(8, 0, 2, (1, 1, 0), 4): (9, 9)
(8, 0, 2, (1, 1, 0), 5): (5, 5)
(8, 0, 2, (1, 1, 0), 6): (4, 4)
(8, 0, 2, (1, 1, 0), 7): (4, 4)
(8, 0, 2, (1, 1, 0), 8): (4, 4)
(8, 0, 2, (1, 1, 0), 9): (2, 2)
(8, 0, 2, (1, 1, 0), 10): (2, 2)
(8, 0, 2, (1, 1, 0), 13): (1, 1)
(8, 0, 2, (1, 1, 1), -11): (0, 1)
(8, 0, 2, (1, 1, 1), -5): (0, 1)
(8, 0, 2, (1, 1, 1), -3): (0, 3)
(8, 0, 2, (1, 1, 1), -2): (0, 3)
(8, 0, 2, (1, 1, 1), -1): (1, 3)
(8, 0, 2, (1, 1, 1), 0): (1, 5)
(8, 0, 2, (1, 1, 1), 1): (2, 4)
(8, 0, 2, (1, 1, 1), 2): (5, 7)
(8, 0, 2, (1, 1, 1), 3): (5, 5)
(8, 0, 2, (1, 1, 1), 4): (7, 7)
(8, 0, 2, (1, 1, 1), 5): (1, 1)
(8, 0, 2, (1, 1, 1), 6): (2, 2)
(8, 0, 2, (1, 1, 1), 7): (1, 1)
(8, 0, 2, (1, 1, 1), 8): (1, 1)
(8, 1, 0, (0, 0, 0), -15): (0, 1)
(8, 1, 0, (0, 0, 0), -14): (0, 2)
(8, 1, 0, (0, 0, 0), -13): (0, 1)
(8, 1, 0, (0, 0, 0), -12): (0, 2)
(8, 1, 0, (0, 0, 0), -11): (0, 2)
(8, 1, 0, (0, 0, 0), -10): (0, 3)
(8, 1, 0, (0, 0, 0), -9): (0, 9)
(8, 1, 0, (0, 0, 0), -8): (0, 12)
(8, 1, 0, (0, 0, 0), -7): (0, 19)
(8, 1, 0, (0, 0, 0), -6): (1, 37)
(8, 1, 0, (0, 0, 0), -5): (1, 29)
(8, 1, 0, (0, 0, 0), -4): (1, 53)
(8, 1, 0, (0, 0, 0), -3): (5, 59)
(8, 1, 0, (0, 0, 0), -2): (22, 106)
(8, 1, 0, (0, 0, 0), -1): (24, 111)
(8, 1, 0, (0, 0, 0), 0): (97, 152)
(8, 1, 0, (0, 0, 0), 1): (117, 132)
(8, 1, 0, (0, 0, 0), 2): (93, 94)
(8, 1, 0, (0, 0, 0), 3): (67, 67)
(8, 1, 0, (0, 0, 0), 4): (61, 61)
(8, 1, 0, (0, 0, 0), 5): (20, 20)
(8, 1, 0, (0, 0, 0), 6): (26, 26)
(8, 1, 0, (0, 0, 0), 7): (14, 14)
(8, 1, 0, (0, 0, 0), 8): (11, 11)
(8, 1, 0, (0, 0, 0), 9): (9, 9)
(8, 1, 0, (0, 0, 0), 10): (2, 2)
(8, 1, 0, (0, 0, 0), 11): (4, 4)
(8, 1, 0, (0, 0, 0), 12): (1, 1)
(8, 1, 0, (0, 0, 0), 17): (1, 1)
(8, 1, 0, (0, 0, 1), -11): (0, 1)
(8, 1, 0, (0, 0, 1), -7): (0, 1)
(8, 1, 0, (0, 0, 1), -3): (0, 2)
(8, 1, 0, (0, 0, 1), -2): (0, 1)
(8, 1, 0, (0, 0, 1), -1): (2, 2)
(8, 1, 0, (0, 0, 1), 3): (2, 2)
(8, 1, 0, (0, 0, 1), 5): (3, 3)
(8, 1, 0, (0, 0, 1), 12): (1, 1)
(8, 1, 0, (0, 1, 0), -12): (0, 1)
(8, 1, 0, (0, 1, 0), -9): (0, 1)
(8, 1, 0, (0, 1, 0), -8): (0, 1)
(8, 1, 0, (0, 1, 0), -5): (0, 2)
(8, 1, 0, (0, 1, 0), -4): (0, 2)
(8, 1, 0, (0, 1, 0), -3): (0, 5)
(8, 1, 0, (0, 1, 0), -2): (1, 4)
(8, 1, 0, (0, 1, 0), -1): (5, 8)
(8, 1, 0, (0, 1, 0), 0): (5, 7)
(8, 1, 0, (0, 1, 0), 1): (5, 6)
(8, 1, 0, (0, 1, 0), 2): (3, 3)
(8, 1, 0, (0, 1, 0), 3): (6, 6)
(8, 1, 0, (0, 1, 0), 4): (7, 7)
(8, 1, 0, (0, 1, 0), 5): (8, 8)
(8, 1, 0, (0, 1, 0), 6): (1, 1)
(8, 1, 0, (0, 1, 0), 8): (1, 1)
(8, 1, 0, (0, 1, 0), 9): (2, 2)
(8, 1, 0, (0, 1, 0), 11): (1, 1)
(8, 1, 0, (0, 1, 0), 12): (1, 1)
(8, 1, 0, (0, 1, 0), 13): (1, 1)
(8, 1, 0, (0, 1, 1), -2): (1, 2)
(8, 1, 0, (0, 1, 1), -1): (1, 1)
(8, 1, 0, (0, 1, 1), 0): (1, 1)
(8, 1, 0, (0, 1, 1), 1): (1, 1)
(8, 1, 0, (0, 1, 1), 2): (1, 1)
(8, 1, 0, (0, 1, 1), 3): (1, 1)
(8, 1, 0, (0, 1, 1), 4): (1, 1)
(8, 1, 0, (0, 1, 1), 7): (1, 1)
(8, 1, 0, (1, 0, 0), -15): (0, 1)
(8, 1, 0, (1, 0, 0), -13): (0, 1)
(8, 1, 0, (1, 0, 0), -12): (0, 1)
(8, 1, 0, (1, 0, 0), -11): (0, 1)
(8, 1, 0, (1, 0, 0), -10): (0, 1)
(8, 1, 0, (1, 0, 0), -9): (0, 3)
(8, 1, 0, (1, 0, 0), -8): (0, 1)
(8, 1, 0, (1, 0, 0), -7): (0, 4)
(8, 1, 0, (1, 0, 0), -6): (1, 9)
(8, 1, 0, (1, 0, 0), -5): (0, 3)
(8, 1, 0, (1, 0, 0), -4): (0, 16)
(8, 1, 0, (1, 0, 0), -3): (2, 15)
(8, 1, 0, (1, 0, 0), -2): (11, 37)
(8, 1, 0, (1, 0, 0), -1): (4, 25)
(8, 1, 0, (1, 0, 0), 0): (25, 40)
(8, 1, 0, (1, 0, 0), 1): (38, 41)
(8, 1, 0, (1, 0, 0), 2): (24, 24)
(8, 1, 0, (1, 0, 0), 3): (16, 16)
(8, 1, 0, (1, 0, 0), 4): (17, 17)
(8, 1, 0, (1, 0, 0), 5): (6, 6)
(8, 1, 0, (1, 0, 0), 6): (7, 7)
(8, 1, 0, (1, 0, 0), 7): (1, 1)
(8, 1, 0, (1, 0, 0), 8): (2, 2)
(8, 1, 0, (1, 0, 0), 9): (3, 3)
(8, 1, 0, (1, 0, 0), 10): (3, 3)
(8, 1, 0, (1, 0, 0), 11): (1, 1)
(8, 1, 0, (1, 0, 0), 17): (1, 1)
(8, 1, 0, (1, 0, 1), -7): (0, 2)
(8, 1, 0, (1, 0, 1), -5): (0, 2)
(8, 1, 0, (1, 0, 1), -4): (0, 1)
(8, 1, 0, (1, 0, 1), -2): (1, 3)
(8, 1, 0, (1, 0, 1), -1): (2, 2)
(8, 1, 0, (1, 0, 1), 0): (2, 3)
(8, 1, 0, (1, 0, 1), 1): (3, 3)
(8, 1, 0, (1, 0, 1), 2): (2, 2)
(8, 1, 0, (1, 0, 1), 3): (1, 1)
(8, 1, 0, (1, 0, 1), 5): (2, 2)
(8, 1, 0, (1, 0, 1), 9): (1, 1)
(8, 1, 0, (1, 0, 1), 11): (1, 1)
(8, 1, 0, (1, 1, 0), -15): (0, 1)
(8, 1, 0, (1, 1, 0), -12): (0, 1)
(8, 1, 0, (1, 1, 0), -8): (0, 1)
(8, 1, 0, (1, 1, 0), -7): (0, 1)
(8, 1, 0, (1, 1, 0), -6): (1, 2)
(8, 1, 0, (1, 1, 0), -4): (0, 6)
(8, 1, 0, (1, 1, 0), -3): (1, 3)
(8, 1, 0, (1, 1, 0), -2): (5, 11)
(8, 1, 0, (1, 1, 0), -1): (0, 4)
(8, 1, 0, (1, 1, 0), 0): (4, 6)
(8, 1, 0, (1, 1, 0), 1): (5, 7)
(8, 1, 0, (1, 1, 0), 2): (3, 3)
(8, 1, 0, (1, 1, 0), 3): (5, 5)
(8, 1, 0, (1, 1, 0), 4): (6, 6)
(8, 1, 0, (1, 1, 0), 5): (2, 2)
(8, 1, 0, (1, 1, 0), 6): (1, 1)
(8, 1, 0, (1, 1, 0), 8): (1, 1)
(8, 1, 0, (1, 1, 0), 9): (1, 1)
(8, 1, 0, (1, 1, 0), 10): (1, 1)
(8, 1, 0, (1, 1, 0), 12): (1, 1)
(8, 1, 0, (1, 1, 1), -4): (0, 1)
(8, 1, 0, (1, 1, 1), -3): (1, 1)
(8, 1, 0, (1, 1, 1), -2): (1, 3)
(8, 1, 0, (1, 1, 1), -1): (2, 2)
(8, 1, 0, (1, 1, 1), 0): (3, 3)
(8, 1, 0, (1, 1, 1), 1): (2, 2)
(8, 1, 0, (1, 1, 1), 3): (1, 1)
(8, 1, 0, (1, 1, 1), 9): (1, 1)
(8, 1, 0, (1, 1, 1), 10): (1, 1)
(8, 1, 1, (0, 0, 0), -14): (0, 2)
(8, 1, 1, (0, 0, 0), -12): (0, 1)
(8, 1, 1, (0, 0, 0), -10): (0, 3)
(8, 1, 1, (0, 0, 0), -9): (0, 5)
(8, 1, 1, (0, 0, 0), -8): (0, 10)
(8, 1, 1, (0, 0, 0), -7): (0, 15)
(8, 1, 1, (0, 0, 0), -6): (0, 29)
(8, 1, 1, (0, 0, 0), -5): (1, 24)
(8, 1, 1, (0, 0, 0), -4): (1, 36)
(8, 1, 1, (0, 0, 0), -3): (4, 38)
(8, 1, 1, (0, 0, 0), -2): (10, 68)
(8, 1, 1, (0, 0, 0), -1): (15, 80)
(8, 1, 1, (0, 0, 0), 0): (68, 105)
(8, 1, 1, (0, 0, 0), 1): (80, 91)
(8, 1, 1, (0, 0, 0), 2): (75, 76)
(8, 1, 1, (0, 0, 0), 3): (50, 50)
(8, 1, 1, (0, 0, 0), 4): (41, 41)
(8, 1, 1, (0, 0, 0), 5): (11, 11)
(8, 1, 1, (0, 0, 0), 6): (22, 22)
(8, 1, 1, (0, 0, 0), 7): (13, 13)
(8, 1, 1, (0, 0, 0), 8): (9, 9)
(8, 1, 1, (0, 0, 0), 9): (4, 4)
(8, 1, 1, (0, 0, 0), 10): (1, 1)
(8, 1, 1, (0, 0, 0), 11): (2, 2)
(8, 1, 1, (0, 0, 0), 12): (1, 1)
(8, 1, 1, (0, 0, 0), 17): (1, 1)
(8, 1, 1, (0, 0, 1), -4): (0, 2)
(8, 1, 1, (0, 0, 1), -3): (0, 2)
(8, 1, 1, (0, 0, 1), -2): (0, 4)
(8, 1, 1, (0, 0, 1), -1): (4, 7)
(8, 1, 1, (0, 0, 1), 0): (4, 5)
(8, 1, 1, (0, 0, 1), 1): (3, 3)
(8, 1, 1, (0, 0, 1), 2): (3, 4)
(8, 1, 1, (0, 0, 1), 3): (5, 6)
(8, 1, 1, (0, 0, 1), 4): (1, 1)
(8, 1, 1, (0, 0, 1), 5): (3, 3)
(8, 1, 1, (0, 0, 1), 6): (1, 1)
(8, 1, 1, (0, 0, 1), 7): (2, 2)
(8, 1, 1, (0, 0, 1), 8): (1, 1)
(8, 1, 1, (0, 1, 0), -10): (0, 2)
(8, 1, 1, (0, 1, 0), -9): (0, 2)
(8, 1, 1, (0, 1, 0), -6): (0, 4)
(8, 1, 1, (0, 1, 0), -5): (0, 3)
(8, 1, 1, (0, 1, 0), -4): (0, 2)
(8, 1, 1, (0, 1, 0), -3): (1, 9)
(8, 1, 1, (0, 1, 0), -2): (0, 6)
(8, 1, 1, (0, 1, 0), -1): (2, 12)
(8, 1, 1, (0, 1, 0), 0): (16, 26)
(8, 1, 1, (0, 1, 0), 1): (23, 27)
(8, 1, 1, (0, 1, 0), 2): (19, 19)
(8, 1, 1, (0, 1, 0), 3): (7, 7)
(8, 1, 1, (0, 1, 0), 4): (9, 9)
(8, 1, 1, (0, 1, 0), 5): (8, 8)
(8, 1, 1, (0, 1, 0), 6): (7, 7)
(8, 1, 1, (0, 1, 0), 8): (5, 5)
(8, 1, 1, (0, 1, 0), 10): (2, 2)
(8, 1, 1, (0, 1, 0), 11): (2, 2)
(8, 1, 1, (0, 1, 0), 13): (1, 1)
(8, 1, 1, (0, 1, 1), -7): (0, 1)
(8, 1, 1, (0, 1, 1), -5): (0, 1)
(8, 1, 1, (0, 1, 1), -4): (1, 1)
(8, 1, 1, (0, 1, 1), -3): (0, 1)
(8, 1, 1, (0, 1, 1), -2): (4, 5)
(8, 1, 1, (0, 1, 1), -1): (2, 3)
(8, 1, 1, (0, 1, 1), 0): (3, 5)
(8, 1, 1, (0, 1, 1), 1): (5, 5)
(8, 1, 1, (0, 1, 1), 2): (5, 5)
(8, 1, 1, (0, 1, 1), 3): (4, 4)
(8, 1, 1, (0, 1, 1), 4): (4, 4)
(8, 1, 1, (0, 1, 1), 5): (2, 2)
(8, 1, 1, (0, 1, 1), 6): (1, 1)
(8, 1, 1, (0, 1, 1), 7): (1, 1)
(8, 1, 1, (0, 1, 1), 11): (2, 2)
(8, 1, 1, (0, 1, 1), 12): (1, 1)
(8, 1, 1, (1, 0, 0), -12): (0, 1)
(8, 1, 1, (1, 0, 0), -11): (0, 1)
(8, 1, 1, (1, 0, 0), -10): (0, 1)
(8, 1, 1, (1, 0, 0), -9): (0, 2)
(8, 1, 1, (1, 0, 0), -8): (0, 5)
(8, 1, 1, (1, 0, 0), -7): (0, 6)
(8, 1, 1, (1, 0, 0), -6): (0, 9)
(8, 1, 1, (1, 0, 0), -5): (0, 9)
(8, 1, 1, (1, 0, 0), -4): (1, 16)
(8, 1, 1, (1, 0, 0), -3): (3, 17)
(8, 1, 1, (1, 0, 0), -2): (11, 39)
(8, 1, 1, (1, 0, 0), -1): (5, 34)
(8, 1, 1, (1, 0, 0), 0): (28, 42)
(8, 1, 1, (1, 0, 0), 1): (42, 46)
(8, 1, 1, (1, 0, 0), 2): (26, 26)
(8, 1, 1, (1, 0, 0), 3): (19, 20)
(8, 1, 1, (1, 0, 0), 4): (14, 15)
(8, 1, 1, (1, 0, 0), 5): (6, 6)
(8, 1, 1, (1, 0, 0), 6): (12, 12)
(8, 1, 1, (1, 0, 0), 7): (4, 4)
(8, 1, 1, (1, 0, 0), 8): (2, 2)
(8, 1, 1, (1, 0, 0), 9): (7, 7)
(8, 1, 1, (1, 0, 0), 11): (1, 1)
(8, 1, 1, (1, 0, 0), 17): (1, 1)
(8, 1, 1, (1, 0, 1), -9): (0, 1)
(8, 1, 1, (1, 0, 1), -7): (0, 1)
(8, 1, 1, (1, 0, 1), -5): (0, 1)
(8, 1, 1, (1, 0, 1), -4): (0, 2)
(8, 1, 1, (1, 0, 1), -3): (1, 1)
(8, 1, 1, (1, 0, 1), -2): (2, 5)
(8, 1, 1, (1, 0, 1), -1): (3, 5)
(8, 1, 1, (1, 0, 1), 0): (2, 2)
(8, 1, 1, (1, 0, 1), 1): (7, 8)
(8, 1, 1, (1, 0, 1), 2): (7, 7)
(8, 1, 1, (1, 0, 1), 3): (4, 4)
(8, 1, 1, (1, 0, 1), 5): (5, 5)
(8, 1, 1, (1, 0, 1), 6): (2, 2)
(8, 1, 1, (1, 1, 0), -12): (0, 1)
(8, 1, 1, (1, 1, 0), -7): (0, 1)
(8, 1, 1, (1, 1, 0), -6): (1, 2)
(8, 1, 1, (1, 1, 0), -5): (0, 2)
(8, 1, 1, (1, 1, 0), -4): (0, 5)
(8, 1, 1, (1, 1, 0), -3): (1, 8)
(8, 1, 1, (1, 1, 0), -2): (6, 14)
(8, 1, 1, (1, 1, 0), -1): (3, 10)
(8, 1, 1, (1, 1, 0), 0): (12, 16)
(8, 1, 1, (1, 1, 0), 1): (15, 18)
(8, 1, 1, (1, 1, 0), 2): (13, 13)
(8, 1, 1, (1, 1, 0), 3): (7, 7)
(8, 1, 1, (1, 1, 0), 4): (5, 5)
(8, 1, 1, (1, 1, 0), 5): (3, 3)
(8, 1, 1, (1, 1, 0), 6): (7, 7)
(8, 1, 1, (1, 1, 0), 7): (1, 1)
(8, 1, 1, (1, 1, 0), 8): (2, 2)
(8, 1, 1, (1, 1, 0), 9): (3, 3)
(8, 1, 1, (1, 1, 0), 10): (1, 1)
(8, 1, 1, (1, 1, 0), 11): (1, 1)
(8, 1, 1, (1, 1, 0), 13): (1, 1)
(8, 1, 1, (1, 1, 1), -4): (0, 2)
(8, 1, 1, (1, 1, 1), -3): (1, 2)
(8, 1, 1, (1, 1, 1), -2): (2, 6)
(8, 1, 1, (1, 1, 1), -1): (4, 6)
(8, 1, 1, (1, 1, 1), 0): (3, 6)
(8, 1, 1, (1, 1, 1), 1): (7, 7)
(8, 1, 1, (1, 1, 1), 2): (5, 5)
(8, 1, 1, (1, 1, 1), 3): (2, 2)
(8, 1, 1, (1, 1, 1), 4): (2, 2)
(8, 1, 1, (1, 1, 1), 5): (1, 1)
(8, 1, 1, (1, 1, 1), 6): (3, 3)
(8, 1, 1, (1, 1, 1), 9): (1, 1)
(8, 1, 1, (1, 1, 1), 10): (1, 1)
(8, 1, 1, (1, 1, 1), 13): (1, 1)
(8, 1, 2, (0, 0, 0), -14): (0, 2)
(8, 1, 2, (0, 0, 0), -12): (0, 2)
(8, 1, 2, (0, 0, 0), -10): (0, 1)
(8, 1, 2, (0, 0, 0), -9): (0, 5)
(8, 1, 2, (0, 0, 0), -8): (0, 5)
(8, 1, 2, (0, 0, 0), -7): (0, 11)
(8, 1, 2, (0, 0, 0), -6): (0, 25)
(8, 1, 2, (0, 0, 0), -5): (1, 15)
(8, 1, 2, (0, 0, 0), -4): (1, 27)
(8, 1, 2, (0, 0, 0), -3): (2, 33)
(8, 1, 2, (0, 0, 0), -2): (6, 52)
(8, 1, 2, (0, 0, 0), -1): (9, 59)
(8, 1, 2, (0, 0, 0), 0): (47, 81)
(8, 1, 2, (0, 0, 0), 1): (53, 60)
(8, 1, 2, (0, 0, 0), 2): (53, 54)
(8, 1, 2, (0, 0, 0), 3): (43, 43)
(8, 1, 2, (0, 0, 0), 4): (34, 34)
(8, 1, 2, (0, 0, 0), 5): (12, 12)
(8, 1, 2, (0, 0, 0), 6): (14, 14)
(8, 1, 2, (0, 0, 0), 7): (10, 10)
(8, 1, 2, (0, 0, 0), 8): (6, 6)
(8, 1, 2, (0, 0, 0), 9): (3, 3)
(8, 1, 2, (0, 0, 0), 10): (3, 3)
(8, 1, 2, (0, 0, 0), 12): (1, 1)
(8, 1, 2, (0, 0, 0), 13): (1, 1)
(8, 1, 2, (0, 0, 0), 17): (1, 1)
(8, 1, 2, (0, 0, 1), -15): (0, 1)
(8, 1, 2, (0, 0, 1), -9): (0, 1)
(8, 1, 2, (0, 0, 1), -8): (0, 1)
(8, 1, 2, (0, 0, 1), -7): (0, 1)
(8, 1, 2, (0, 0, 1), -6): (0, 1)
(8, 1, 2, (0, 0, 1), -5): (0, 1)
(8, 1, 2, (0, 0, 1), -4): (0, 2)
(8, 1, 2, (0, 0, 1), -3): (0, 2)
(8, 1, 2, (0, 0, 1), -2): (1, 5)
(8, 1, 2, (0, 0, 1), -1): (5, 10)
(8, 1, 2, (0, 0, 1), 0): (4, 5)
(8, 1, 2, (0, 0, 1), 1): (4, 4)
(8, 1, 2, (0, 0, 1), 2): (7, 7)
(8, 1, 2, (0, 0, 1), 3): (4, 4)
(8, 1, 2, (0, 0, 1), 4): (5, 5)
(8, 1, 2, (0, 0, 1), 5): (4, 4)
(8, 1, 2, (0, 0, 1), 6): (1, 1)
(8, 1, 2, (0, 0, 1), 8): (1, 1)
(8, 1, 2, (0, 0, 1), 9): (1, 1)
(8, 1, 2, (0, 0, 1), 12): (1, 1)
(8, 1, 2, (0, 1, 0), -14): (0, 1)
(8, 1, 2, (0, 1, 0), -10): (0, 1)
(8, 1, 2, (0, 1, 0), -9): (0, 1)
(8, 1, 2, (0, 1, 0), -8): (0, 3)
(8, 1, 2, (0, 1, 0), -7): (0, 2)
(8, 1, 2, (0, 1, 0), -6): (0, 7)
(8, 1, 2, (0, 1, 0), -5): (0, 5)
(8, 1, 2, (0, 1, 0), -4): (0, 3)
(8, 1, 2, (0, 1, 0), -3): (0, 8)
(8, 1, 2, (0, 1, 0), -2): (0, 10)
(8, 1, 2, (0, 1, 0), -1): (5, 14)
(8, 1, 2, (0, 1, 0), 0): (14, 23)
(8, 1, 2, (0, 1, 0), 1): (26, 29)
(8, 1, 2, (0, 1, 0), 2): (20, 20)
(8, 1, 2, (0, 1, 0), 3): (16, 17)
(8, 1, 2, (0, 1, 0), 4): (7, 7)
(8, 1, 2, (0, 1, 0), 5): (6, 6)
(8, 1, 2, (0, 1, 0), 6): (9, 9)
(8, 1, 2, (0, 1, 0), 7): (3, 3)
(8, 1, 2, (0, 1, 0), 8): (2, 2)
(8, 1, 2, (0, 1, 0), 9): (1, 1)
(8, 1, 2, (0, 1, 0), 10): (3, 3)
(8, 1, 2, (0, 1, 0), 11): (1, 1)
(8, 1, 2, (0, 1, 0), 13): (1, 1)
(8, 1, 2, (0, 1, 1), -6): (0, 1)
(8, 1, 2, (0, 1, 1), -5): (0, 1)
(8, 1, 2, (0, 1, 1), -4): (0, 1)
(8, 1, 2, (0, 1, 1), -3): (0, 3)
(8, 1, 2, (0, 1, 1), -2): (1, 1)
(8, 1, 2, (0, 1, 1), -1): (1, 4)
(8, 1, 2, (0, 1, 1), 0): (3, 3)
(8, 1, 2, (0, 1, 1), 1): (3, 3)
(8, 1, 2, (0, 1, 1), 2): (6, 6)
(8, 1, 2, (0, 1, 1), 3): (6, 6)
(8, 1, 2, (0, 1, 1), 4): (1, 1)
(8, 1, 2, (0, 1, 1), 5): (1, 1)
(8, 1, 2, (0, 1, 1), 6): (1, 1)
(8, 1, 2, (0, 1, 1), 7): (1, 1)
(8, 1, 2, (0, 1, 1), 8): (1, 1)
(8, 1, 2, (0, 1, 1), 9): (1, 1)
(8, 1, 2, (0, 1, 1), 11): (1, 1)
(8, 1, 2, (0, 1, 1), 12): (1, 1)
(8, 1, 2, (1, 0, 0), -12): (0, 1)
(8, 1, 2, (1, 0, 0), -11): (0, 1)
(8, 1, 2, (1, 0, 0), -9): (0, 1)
(8, 1, 2, (1, 0, 0), -8): (0, 5)
(8, 1, 2, (1, 0, 0), -7): (0, 6)
(8, 1, 2, (1, 0, 0), -6): (0, 12)
(8, 1, 2, (1, 0, 0), -5): (0, 10)
(8, 1, 2, (1, 0, 0), -4): (1, 14)
(8, 1, 2, (1, 0, 0), -3): (0, 18)
(8, 1, 2, (1, 0, 0), -2): (4, 32)
(8, 1, 2, (1, 0, 0), -1): (3, 31)
(8, 1, 2, (1, 0, 0), 0): (34, 54)
(8, 1, 2, (1, 0, 0), 1): (33, 38)
(8, 1, 2, (1, 0, 0), 2): (37, 37)
(8, 1, 2, (1, 0, 0), 3): (28, 28)
(8, 1, 2, (1, 0, 0), 4): (20, 21)
(8, 1, 2, (1, 0, 0), 5): (11, 11)
(8, 1, 2, (1, 0, 0), 6): (8, 8)
(8, 1, 2, (1, 0, 0), 7): (5, 5)
(8, 1, 2, (1, 0, 0), 8): (3, 3)
(8, 1, 2, (1, 0, 0), 9): (4, 4)
(8, 1, 2, (1, 0, 0), 10): (1, 1)
(8, 1, 2, (1, 0, 0), 11): (1, 1)
(8, 1, 2, (1, 0, 0), 12): (1, 1)
(8, 1, 2, (1, 0, 0), 17): (2, 2)
(8, 1, 2, (1, 0, 1), -8): (0, 1)
(8, 1, 2, (1, 0, 1), -5): (0, 3)
(8, 1, 2, (1, 0, 1), -4): (0, 2)
(8, 1, 2, (1, 0, 1), -3): (0, 3)
(8, 1, 2, (1, 0, 1), -2): (1, 4)
(8, 1, 2, (1, 0, 1), -1): (2, 6)
(8, 1, 2, (1, 0, 1), 0): (4, 8)
(8, 1, 2, (1, 0, 1), 1): (6, 7)
(8, 1, 2, (1, 0, 1), 2): (8, 8)
(8, 1, 2, (1, 0, 1), 3): (7, 7)
(8, 1, 2, (1, 0, 1), 4): (5, 5)
(8, 1, 2, (1, 0, 1), 6): (3, 3)
(8, 1, 2, (1, 0, 1), 10): (1, 1)
(8, 1, 2, (1, 0, 1), 11): (1, 1)
(8, 1, 2, (1, 0, 1), 12): (1, 1)
(8, 1, 2, (1, 1, 0), -12): (0, 1)
(8, 1, 2, (1, 1, 0), -8): (0, 4)
(8, 1, 2, (1, 1, 0), -7): (0, 5)
(8, 1, 2, (1, 1, 0), -6): (0, 6)
(8, 1, 2, (1, 1, 0), -5): (0, 4)
(8, 1, 2, (1, 1, 0), -4): (1, 9)
(8, 1, 2, (1, 1, 0), -3): (0, 5)
(8, 1, 2, (1, 1, 0), -2): (1, 14)
(8, 1, 2, (1, 1, 0), -1): (5, 17)
(8, 1, 2, (1, 1, 0), 0): (10, 20)
(8, 1, 2, (1, 1, 0), 1): (21, 21)
(8, 1, 2, (1, 1, 0), 2): (22, 22)
(8, 1, 2, (1, 1, 0), 3): (18, 18)
(8, 1, 2, (1, 1, 0), 4): (14, 14)
(8, 1, 2, (1, 1, 0), 5): (9, 9)
(8, 1, 2, (1, 1, 0), 6): (5, 5)
(8, 1, 2, (1, 1, 0), 7): (7, 7)
(8, 1, 2, (1, 1, 0), 8): (3, 3)
(8, 1, 2, (1, 1, 0), 9): (2, 2)
(8, 1, 2, (1, 1, 0), 10): (1, 1)
(8, 1, 2, (1, 1, 0), 11): (3, 3)
(8, 1, 2, (1, 1, 0), 12): (1, 1)
(8, 1, 2, (1, 1, 1), -6): (0, 2)
(8, 1, 2, (1, 1, 1), -5): (0, 4)
(8, 1, 2, (1, 1, 1), -4): (1, 3)
(8, 1, 2, (1, 1, 1), -3): (1, 4)
(8, 1, 2, (1, 1, 1), -2): (0, 1)
(8, 1, 2, (1, 1, 1), -1): (5, 12)
(8, 1, 2, (1, 1, 1), 0): (6, 10)
(8, 1, 2, (1, 1, 1), 1): (7, 8)
(8, 1, 2, (1, 1, 1), 2): (8, 8)
(8, 1, 2, (1, 1, 1), 3): (3, 3)
(8, 1, 2, (1, 1, 1), 4): (4, 4)
(8, 1, 2, (1, 1, 1), 5): (2, 2)
(8, 1, 2, (1, 1, 1), 6): (3, 3)
(8, 1, 2, (1, 1, 1), 11): (1, 1)
(8, 1, 2, (1, 1, 1), 12): (1, 1)
(9, 0, 0, (0, 0, 0), -17): (0, 2)
(9, 0, 0, (0, 0, 0), -13): (0, 3)
(9, 0, 0, (0, 0, 0), -12): (0, 7)
(9, 0, 0, (0, 0, 0), -10): (0, 6)
(9, 0, 0, (0, 0, 0), -9): (0, 7)
(9, 0, 0, (0, 0, 0), -8): (0, 12)
(9, 0, 0, (0, 0, 0), -7): (0, 23)
(9, 0, 0, (0, 0, 0), -6): (0, 27)
(9, 0, 0, (0, 0, 0), -5): (0, 36)
(9, 0, 0, (0, 0, 0), -4): (1, 62)
(9, 0, 0, (0, 0, 0), -3): (1, 89)
(9, 0, 0, (0, 0, 0), -2): (1, 95)
(9, 0, 0, (0, 0, 0), -1): (17, 123)
(9, 0, 0, (0, 0, 0), 0): (60, 138)
(9, 0, 0, (0, 0, 0), 1): (100, 111)
(9, 0, 0, (0, 0, 0), 2): (79, 89)
(9, 0, 0, (0, 0, 0), 3): (56, 60)
(9, 0, 0, (0, 0, 0), 4): (43, 43)
(9, 0, 0, (0, 0, 0), 5): (27, 27)
(9, 0, 0, (0, 0, 0), 6): (34, 34)
(9, 0, 0, (0, 0, 0), 7): (19, 19)
(9, 0, 0, (0, 0, 0), 8): (9, 9)
(9, 0, 0, (0, 0, 0), 9): (7, 7)
(9, 0, 0, (0, 0, 0), 10): (3, 3)
(9, 0, 0, (0, 0, 0), 11): (1, 1)
(9, 0, 0, (0, 0, 0), 12): (2, 2)
(9, 0, 0, (0, 0, 0), 14): (2, 2)
(9, 0, 0, (0, 0, 0), 15): (1, 1)
(9, 0, 0, (0, 0, 1), -6): (0, 1)
(9, 0, 0, (0, 0, 1), -3): (0, 2)
(9, 0, 0, (0, 0, 1), -2): (0, 2)
(9, 0, 0, (0, 0, 1), 0): (1, 1)
(9, 0, 0, (0, 0, 1), 1): (3, 3)
(9, 0, 0, (0, 0, 1), 2): (2, 2)
(9, 0, 0, (0, 0, 1), 6): (1, 1)
(9, 0, 0, (0, 1, 0), -9): (0, 2)
(9, 0, 0, (0, 1, 0), -5): (0, 2)
(9, 0, 0, (0, 1, 0), -4): (0, 6)
(9, 0, 0, (0, 1, 0), -3): (0, 4)
(9, 0, 0, (0, 1, 0), -2): (0, 5)
(9, 0, 0, (0, 1, 0), -1): (1, 6)
(9, 0, 0, (0, 1, 0), 0): (1, 6)
(9, 0, 0, (0, 1, 0), 1): (3, 5)
(9, 0, 0, (0, 1, 0), 2): (4, 4)
(9, 0, 0, (0, 1, 0), 3): (3, 4)
(9, 0, 0, (0, 1, 0), 4): (2, 2)
(9, 0, 0, (0, 1, 0), 5): (3, 3)
(9, 0, 0, (0, 1, 0), 6): (2, 2)
(9, 0, 0, (0, 1, 0), 7): (1, 1)
(9, 0, 0, (0, 1, 0), 8): (1, 1)
(9, 0, 0, (0, 1, 0), 9): (1, 1)
(9, 0, 0, (0, 1, 1), -11): (0, 1)
(9, 0, 0, (0, 1, 1), -9): (0, 2)
(9, 0, 0, (0, 1, 1), -3): (0, 1)
(9, 0, 0, (0, 1, 1), 1): (0, 2)
(9, 0, 0, (0, 1, 1), 2): (2, 2)
(9, 0, 0, (0, 1, 1), 3): (1, 1)
(9, 0, 0, (0, 1, 1), 5): (2, 2)
(9, 0, 0, (0, 1, 1), 7): (3, 3)
(9, 0, 0, (1, 0, 0), -13): (0, 1)
(9, 0, 0, (1, 0, 0), -12): (0, 3)
(9, 0, 0, (1, 0, 0), -10): (0, 2)
(9, 0, 0, (1, 0, 0), -9): (0, 3)
(9, 0, 0, (1, 0, 0), -8): (0, 4)
(9, 0, 0, (1, 0, 0), -7): (0, 4)
(9, 0, 0, (1, 0, 0), -6): (0, 10)
(9, 0, 0, (1, 0, 0), -5): (0, 11)
(9, 0, 0, (1, 0, 0), -4): (1, 14)
(9, 0, 0, (1, 0, 0), -3): (0, 21)
(9, 0, 0, (1, 0, 0), -2): (1, 34)
(9, 0, 0, (1, 0, 0), -1): (8, 27)
(9, 0, 0, (1, 0, 0), 0): (15, 33)
(9, 0, 0, (1, 0, 0), 1): (24, 28)
(9, 0, 0, (1, 0, 0), 2): (24, 27)
(9, 0, 0, (1, 0, 0), 3): (18, 19)
(9, 0, 0, (1, 0, 0), 4): (17, 17)
(9, 0, 0, (1, 0, 0), 5): (11, 11)
(9, 0, 0, (1, 0, 0), 6): (8, 8)
(9, 0, 0, (1, 0, 0), 7): (9, 9)
(9, 0, 0, (1, 0, 0), 8): (5, 5)
(9, 0, 0, (1, 0, 0), 9): (2, 2)
(9, 0, 0, (1, 0, 0), 10): (1, 1)
(9, 0, 0, (1, 0, 0), 12): (2, 2)
(9, 0, 0, (1, 0, 1), -5): (0, 2)
(9, 0, 0, (1, 0, 1), -3): (0, 1)
(9, 0, 0, (1, 0, 1), -2): (1, 4)
(9, 0, 0, (1, 0, 1), 0): (1, 1)
(9, 0, 0, (1, 0, 1), 2): (1, 1)
(9, 0, 0, (1, 0, 1), 3): (1, 1)
(9, 0, 0, (1, 0, 1), 4): (1, 1)
(9, 0, 0, (1, 0, 1), 5): (1, 1)
(9, 0, 0, (1, 0, 1), 6): (2, 2)
(9, 0, 0, (1, 0, 1), 8): (1, 1)
(9, 0, 0, (1, 0, 1), 9): (1, 1)
(9, 0, 0, (1, 1, 0), -12): (0, 2)
(9, 0, 0, (1, 1, 0), -11): (0, 1)
(9, 0, 0, (1, 1, 0), -9): (0, 2)
(9, 0, 0, (1, 1, 0), -8): (0, 1)
(9, 0, 0, (1, 1, 0), -7): (0, 1)
(9, 0, 0, (1, 1, 0), -5): (0, 2)
(9, 0, 0, (1, 1, 0), -4): (0, 5)
(9, 0, 0, (1, 1, 0), -3): (0, 5)
(9, 0, 0, (1, 1, 0), -2): (0, 2)
(9, 0, 0, (1, 1, 0), -1): (3, 6)
(9, 0, 0, (1, 1, 0), 0): (3, 7)
(9, 0, 0, (1, 1, 0), 1): (4, 4)
(9, 0, 0, (1, 1, 0), 2): (2, 2)
(9, 0, 0, (1, 1, 0), 3): (6, 7)
(9, 0, 0, (1, 1, 0), 4): (3, 3)
(9, 0, 0, (1, 1, 0), 5): (2, 2)
(9, 0, 0, (1, 1, 0), 7): (1, 1)
(9, 0, 0, (1, 1, 0), 8): (1, 1)
(9, 0, 0, (1, 1, 1), -11): (0, 2)
(9, 0, 0, (1, 1, 1), -10): (0, 1)
(9, 0, 0, (1, 1, 1), -9): (0, 1)
(9, 0, 0, (1, 1, 1), -8): (0, 1)
(9, 0, 0, (1, 1, 1), -4): (0, 1)
(9, 0, 0, (1, 1, 1), -1): (1, 2)
(9, 0, 0, (1, 1, 1), 0): (2, 2)
(9, 0, 0, (1, 1, 1), 1): (1, 1)
(9, 0, 0, (1, 1, 1), 3): (3, 3)
(9, 0, 0, (1, 1, 1), 4): (1, 1)
(9, 0, 0, (1, 1, 1), 5): (1, 1)
(9, 0, 1, (0, 0, 0), -17): (0, 2)
(9, 0, 1, (0, 0, 0), -13): (0, 2)
(9, 0, 1, (0, 0, 0), -12): (0, 4)
(9, 0, 1, (0, 0, 0), -10): (0, 4)
(9, 0, 1, (0, 0, 0), -9): (0, 3)
(9, 0, 1, (0, 0, 0), -8): (0, 7)
(9, 0, 1, (0, 0, 0), -7): (0, 19)
(9, 0, 1, (0, 0, 0), -6): (0, 15)
(9, 0, 1, (0, 0, 0), -5): (0, 25)
(9, 0, 1, (0, 0, 0), -4): (0, 44)
(9, 0, 1, (0, 0, 0), -3): (1, 66)
(9, 0, 1, (0, 0, 0), -2): (0, 57)
(9, 0, 1, (0, 0, 0), -1): (7, 92)
(9, 0, 1, (0, 0, 0), 0): (42, 97)
(9, 0, 1, (0, 0, 0), 1): (76, 81)
(9, 0, 1, (0, 0, 0), 2): (54, 61)
(9, 0, 1, (0, 0, 0), 3): (39, 42)
(9, 0, 1, (0, 0, 0), 4): (27, 27)
(9, 0, 1, (0, 0, 0), 5): (16, 16)
(9, 0, 1, (0, 0, 0), 6): (24, 24)
(9, 0, 1, (0, 0, 0), 7): (14, 14)
(9, 0, 1, (0, 0, 0), 8): (4, 4)
(9, 0, 1, (0, 0, 0), 9): (5, 5)
(9, 0, 1, (0, 0, 0), 10): (2, 2)
(9, 0, 1, (0, 0, 0), 11): (1, 1)
(9, 0, 1, (0, 0, 0), 14): (2, 2)
(9, 0, 1, (0, 0, 0), 15): (1, 1)
(9, 0, 1, (0, 0, 1), -6): (0, 1)
(9, 0, 1, (0, 0, 1), -5): (0, 1)
(9, 0, 1, (0, 0, 1), -4): (0, 1)
(9, 0, 1, (0, 0, 1), -3): (0, 1)
(9, 0, 1, (0, 0, 1), -2): (0, 5)
(9, 0, 1, (0, 0, 1), -1): (1, 6)
(9, 0, 1, (0, 0, 1), 0): (3, 6)
(9, 0, 1, (0, 0, 1), 1): (3, 4)
(9, 0, 1, (0, 0, 1), 2): (3, 4)
(9, 0, 1, (0, 0, 1), 3): (2, 3)
(9, 0, 1, (0, 0, 1), 4): (1, 1)
(9, 0, 1, (0, 0, 1), 5): (4, 4)
(9, 0, 1, (0, 0, 1), 6): (5, 5)
(9, 0, 1, (0, 0, 1), 7): (2, 2)
(9, 0, 1, (0, 0, 1), 8): (2, 2)
(9, 0, 1, (0, 1, 0), -9): (0, 1)
(9, 0, 1, (0, 1, 0), -8): (0, 2)
(9, 0, 1, (0, 1, 0), -7): (0, 3)
(9, 0, 1, (0, 1, 0), -5): (0, 5)
(9, 0, 1, (0, 1, 0), -4): (0, 9)
(9, 0, 1, (0, 1, 0), -3): (0, 7)
(9, 0, 1, (0, 1, 0), -2): (0, 5)
(9, 0, 1, (0, 1, 0), -1): (6, 18)
(9, 0, 1, (0, 1, 0), 0): (11, 27)
(9, 0, 1, (0, 1, 0), 1): (16, 18)
(9, 0, 1, (0, 1, 0), 2): (13, 14)
(9, 0, 1, (0, 1, 0), 3): (11, 12)
(9, 0, 1, (0, 1, 0), 4): (9, 9)
(9, 0, 1, (0, 1, 0), 5): (6, 6)
(9, 0, 1, (0, 1, 0), 6): (5, 5)
(9, 0, 1, (0, 1, 0), 7): (4, 4)
(9, 0, 1, (0, 1, 0), 8): (3, 3)
(9, 0, 1, (0, 1, 0), 9): (3, 3)
(9, 0, 1, (0, 1, 0), 10): (1, 1)
(9, 0, 1, (0, 1, 0), 12): (1, 1)
(9, 0, 1, (0, 1, 1), -6): (0, 1)
(9, 0, 1, (0, 1, 1), -4): (0, 2)
(9, 0, 1, (0, 1, 1), -3): (1, 4)
(9, 0, 1, (0, 1, 1), -2): (0, 3)
(9, 0, 1, (0, 1, 1), -1): (2, 2)
(9, 0, 1, (0, 1, 1), 0): (2, 6)
(9, 0, 1, (0, 1, 1), 1): (4, 5)
(9, 0, 1, (0, 1, 1), 2): (6, 6)
(9, 0, 1, (0, 1, 1), 3): (4, 4)
(9, 0, 1, (0, 1, 1), 4): (2, 2)
(9, 0, 1, (0, 1, 1), 5): (2, 2)
(9, 0, 1, (0, 1, 1), 7): (3, 3)
(9, 0, 1, (0, 1, 1), 8): (3, 3)
(9, 0, 1, (1, 0, 0), -12): (0, 1)
(9, 0, 1, (1, 0, 0), -10): (0, 3)
(9, 0, 1, (1, 0, 0), -9): (0, 2)
(9, 0, 1, (1, 0, 0), -8): (0, 2)
(9, 0, 1, (1, 0, 0), -7): (0, 10)
(9, 0, 1, (1, 0, 0), -6): (0, 14)
(9, 0, 1, (1, 0, 0), -5): (0, 8)
(9, 0, 1, (1, 0, 0), -4): (1, 19)
(9, 0, 1, (1, 0, 0), -3): (1, 26)
(9, 0, 1, (1, 0, 0), -2): (0, 39)
(9, 0, 1, (1, 0, 0), -1): (7, 35)
(9, 0, 1, (1, 0, 0), 0): (14, 32)
(9, 0, 1, (1, 0, 0), 1): (32, 35)
(9, 0, 1, (1, 0, 0), 2): (33, 37)
(9, 0, 1, (1, 0, 0), 3): (17, 19)
(9, 0, 1, (1, 0, 0), 4): (13, 13)
(9, 0, 1, (1, 0, 0), 5): (9, 9)
(9, 0, 1, (1, 0, 0), 6): (14, 14)
(9, 0, 1, (1, 0, 0), 7): (12, 12)
(9, 0, 1, (1, 0, 0), 8): (4, 4)
(9, 0, 1, (1, 0, 0), 9): (4, 4)
(9, 0, 1, (1, 0, 0), 10): (2, 2)
(9, 0, 1, (1, 0, 0), 11): (1, 1)
(9, 0, 1, (1, 0, 0), 12): (1, 1)
(9, 0, 1, (1, 0, 0), 15): (1, 1)
(9, 0, 1, (1, 0, 1), -7): (0, 2)
(9, 0, 1, (1, 0, 1), -6): (0, 1)
(9, 0, 1, (1, 0, 1), -5): (0, 5)
(9, 0, 1, (1, 0, 1), -3): (0, 3)
(9, 0, 1, (1, 0, 1), -2): (0, 3)
(9, 0, 1, (1, 0, 1), -1): (3, 4)
(9, 0, 1, (1, 0, 1), 0): (0, 6)
(9, 0, 1, (1, 0, 1), 1): (3, 3)
(9, 0, 1, (1, 0, 1), 2): (6, 7)
(9, 0, 1, (1, 0, 1), 4): (2, 2)
(9, 0, 1, (1, 0, 1), 5): (2, 2)
(9, 0, 1, (1, 0, 1), 6): (4, 4)
(9, 0, 1, (1, 0, 1), 7): (1, 1)
(9, 0, 1, (1, 0, 1), 9): (1, 1)
(9, 0, 1, (1, 1, 0), -9): (0, 4)
(9, 0, 1, (1, 1, 0), -8): (0, 2)
(9, 0, 1, (1, 1, 0), -7): (0, 7)
(9, 0, 1, (1, 1, 0), -6): (0, 5)
(9, 0, 1, (1, 1, 0), -5): (0, 5)
(9, 0, 1, (1, 1, 0), -4): (1, 10)
(9, 0, 1, (1, 1, 0), -3): (0, 9)
(9, 0, 1, (1, 1, 0), -2): (0, 9)
(9, 0, 1, (1, 1, 0), -1): (2, 11)
(9, 0, 1, (1, 1, 0), 0): (7, 20)
(9, 0, 1, (1, 1, 0), 1): (16, 18)
(9, 0, 1, (1, 1, 0), 2): (14, 15)
(9, 0, 1, (1, 1, 0), 3): (7, 9)
(9, 0, 1, (1, 1, 0), 4): (5, 5)
(9, 0, 1, (1, 1, 0), 5): (1, 1)
(9, 0, 1, (1, 1, 0), 6): (5, 5)
(9, 0, 1, (1, 1, 0), 7): (4, 4)
(9, 0, 1, (1, 1, 0), 8): (2, 2)
(9, 0, 1, (1, 1, 0), 9): (1, 1)
(9, 0, 1, (1, 1, 1), -8): (0, 1)
(9, 0, 1, (1, 1, 1), -7): (0, 1)
(9, 0, 1, (1, 1, 1), -6): (0, 1)
(9, 0, 1, (1, 1, 1), -5): (0, 2)
(9, 0, 1, (1, 1, 1), -4): (1, 4)
(9, 0, 1, (1, 1, 1), -3): (1, 1)
(9, 0, 1, (1, 1, 1), -2): (1, 3)
(9, 0, 1, (1, 1, 1), -1): (2, 3)
(9, 0, 1, (1, 1, 1), 0): (2, 8)
(9, 0, 1, (1, 1, 1), 1): (7, 7)
(9, 0, 1, (1, 1, 1), 2): (3, 4)
(9, 0, 1, (1, 1, 1), 3): (4, 4)
(9, 0, 1, (1, 1, 1), 4): (2, 2)
(9, 0, 1, (1, 1, 1), 5): (1, 1)
(9, 0, 1, (1, 1, 1), 6): (1, 1)
(9, 0, 1, (1, 1, 1), 7): (2, 2)
(9, 0, 1, (1, 1, 1), 8): (2, 2)
(9, 0, 2, (0, 0, 0), -17): (0, 2)
(9, 0, 2, (0, 0, 0), -13): (0, 3)
(9, 0, 2, (0, 0, 0), -12): (0, 4)
(9, 0, 2, (0, 0, 0), -10): (0, 2)
(9, 0, 2, (0, 0, 0), -9): (0, 2)
(9, 0, 2, (0, 0, 0), -8): (0, 9)
(9, 0, 2, (0, 0, 0), -7): (0, 9)
(9, 0, 2, (0, 0, 0), -6): (0, 11)
(9, 0, 2, (0, 0, 0), -5): (0, 19)
(9, 0, 2, (0, 0, 0), -4): (0, 28)
(9, 0, 2, (0, 0, 0), -3): (0, 54)
(9, 0, 2, (0, 0, 0), -2): (0, 42)
(9, 0, 2, (0, 0, 0), -1): (1, 73)
(9, 0, 2, (0, 0, 0), 0): (31, 76)
(9, 0, 2, (0, 0, 0), 1): (53, 58)
(9, 0, 2, (0, 0, 0), 2): (38, 44)
(9, 0, 2, (0, 0, 0), 3): (28, 30)
(9, 0, 2, (0, 0, 0), 4): (24, 24)
(9, 0, 2, (0, 0, 0), 5): (19, 19)
(9, 0, 2, (0, 0, 0), 6): (16, 16)
(9, 0, 2, (0, 0, 0), 7): (10, 10)
(9, 0, 2, (0, 0, 0), 8): (5, 5)
(9, 0, 2, (0, 0, 0), 9): (4, 4)
(9, 0, 2, (0, 0, 0), 10): (1, 1)
(9, 0, 2, (0, 0, 0), 11): (1, 1)
(9, 0, 2, (0, 0, 0), 12): (1, 1)
(9, 0, 2, (0, 0, 0), 14): (2, 2)
(9, 0, 2, (0, 0, 1), -8): (0, 1)
(9, 0, 2, (0, 0, 1), -7): (0, 1)
(9, 0, 2, (0, 0, 1), -6): (0, 1)
(9, 0, 2, (0, 0, 1), -5): (0, 1)
(9, 0, 2, (0, 0, 1), -4): (0, 2)
(9, 0, 2, (0, 0, 1), -3): (0, 3)
(9, 0, 2, (0, 0, 1), -2): (0, 2)
(9, 0, 2, (0, 0, 1), -1): (1, 6)
(9, 0, 2, (0, 0, 1), 0): (2, 9)
(9, 0, 2, (0, 0, 1), 1): (1, 2)
(9, 0, 2, (0, 0, 1), 2): (4, 5)
(9, 0, 2, (0, 0, 1), 3): (3, 4)
(9, 0, 2, (0, 0, 1), 4): (3, 3)
(9, 0, 2, (0, 0, 1), 5): (7, 7)
(9, 0, 2, (0, 0, 1), 6): (2, 2)
(9, 0, 2, (0, 0, 1), 7): (1, 1)
(9, 0, 2, (0, 0, 1), 8): (1, 1)
(9, 0, 2, (0, 1, 0), -12): (0, 1)
(9, 0, 2, (0, 1, 0), -8): (0, 1)
(9, 0, 2, (0, 1, 0), -7): (0, 2)
(9, 0, 2, (0, 1, 0), -6): (0, 1)
(9, 0, 2, (0, 1, 0), -5): (0, 3)
(9, 0, 2, (0, 1, 0), -4): (0, 7)
(9, 0, 2, (0, 1, 0), -3): (0, 6)
(9, 0, 2, (0, 1, 0), -2): (0, 11)
(9, 0, 2, (0, 1, 0), -1): (2, 19)
(9, 0, 2, (0, 1, 0), 0): (9, 22)
(9, 0, 2, (0, 1, 0), 1): (23, 27)
(9, 0, 2, (0, 1, 0), 2): (15, 16)
(9, 0, 2, (0, 1, 0), 3): (18, 18)
(9, 0, 2, (0, 1, 0), 4): (14, 14)
(9, 0, 2, (0, 1, 0), 5): (4, 4)
(9, 0, 2, (0, 1, 0), 6): (6, 6)
(9, 0, 2, (0, 1, 0), 7): (5, 5)
(9, 0, 2, (0, 1, 0), 8): (3, 3)
(9, 0, 2, (0, 1, 0), 9): (3, 3)
(9, 0, 2, (0, 1, 0), 10): (2, 2)
(9, 0, 2, (0, 1, 0), 12): (2, 2)
(9, 0, 2, (0, 1, 1), -9): (0, 1)
(9, 0, 2, (0, 1, 1), -8): (0, 1)
(9, 0, 2, (0, 1, 1), -5): (0, 1)
(9, 0, 2, (0, 1, 1), -4): (0, 1)
(9, 0, 2, (0, 1, 1), -3): (0, 7)
(9, 0, 2, (0, 1, 1), -2): (0, 2)
(9, 0, 2, (0, 1, 1), -1): (0, 4)
(9, 0, 2, (0, 1, 1), 0): (1, 3)
(9, 0, 2, (0, 1, 1), 1): (1, 2)
(9, 0, 2, (0, 1, 1), 2): (4, 4)
(9, 0, 2, (0, 1, 1), 3): (2, 3)
(9, 0, 2, (0, 1, 1), 5): (1, 1)
(9, 0, 2, (0, 1, 1), 6): (2, 2)
(9, 0, 2, (0, 1, 1), 7): (1, 1)
(9, 0, 2, (0, 1, 1), 8): (2, 2)
(9, 0, 2, (1, 0, 0), -17): (0, 1)
(9, 0, 2, (1, 0, 0), -13): (0, 1)
(9, 0, 2, (1, 0, 0), -12): (0, 2)
(9, 0, 2, (1, 0, 0), -10): (0, 3)
(9, 0, 2, (1, 0, 0), -9): (0, 1)
(9, 0, 2, (1, 0, 0), -8): (0, 3)
(9, 0, 2, (1, 0, 0), -7): (0, 6)
(9, 0, 2, (1, 0, 0), -6): (0, 12)
(9, 0, 2, (1, 0, 0), -5): (0, 11)
(9, 0, 2, (1, 0, 0), -4): (0, 19)
(9, 0, 2, (1, 0, 0), -3): (0, 31)
(9, 0, 2, (1, 0, 0), -2): (0, 32)
(9, 0, 2, (1, 0, 0), -1): (3, 38)
(9, 0, 2, (1, 0, 0), 0): (19, 37)
(9, 0, 2, (1, 0, 0), 1): (30, 35)
(9, 0, 2, (1, 0, 0), 2): (23, 28)
(9, 0, 2, (1, 0, 0), 3): (20, 22)
(9, 0, 2, (1, 0, 0), 4): (12, 13)
(9, 0, 2, (1, 0, 0), 5): (9, 9)
(9, 0, 2, (1, 0, 0), 6): (15, 15)
(9, 0, 2, (1, 0, 0), 7): (7, 7)
(9, 0, 2, (1, 0, 0), 8): (4, 4)
(9, 0, 2, (1, 0, 0), 9): (3, 3)
(9, 0, 2, (1, 0, 0), 10): (2, 2)
(9, 0, 2, (1, 0, 0), 11): (1, 1)
(9, 0, 2, (1, 0, 0), 12): (1, 1)
(9, 0, 2, (1, 0, 0), 15): (1, 1)
(9, 0, 2, (1, 0, 1), -9): (0, 1)
(9, 0, 2, (1, 0, 1), -6): (0, 2)
(9, 0, 2, (1, 0, 1), -5): (0, 4)
(9, 0, 2, (1, 0, 1), -4): (0, 1)
(9, 0, 2, (1, 0, 1), -3): (0, 3)
(9, 0, 2, (1, 0, 1), -2): (0, 5)
(9, 0, 2, (1, 0, 1), -1): (0, 6)
(9, 0, 2, (1, 0, 1), 0): (4, 9)
(9, 0, 2, (1, 0, 1), 1): (4, 8)
(9, 0, 2, (1, 0, 1), 2): (8, 8)
(9, 0, 2, (1, 0, 1), 3): (2, 2)
(9, 0, 2, (1, 0, 1), 4): (1, 1)
(9, 0, 2, (1, 0, 1), 5): (5, 5)
(9, 0, 2, (1, 0, 1), 6): (3, 3)
(9, 0, 2, (1, 0, 1), 7): (3, 3)
(9, 0, 2, (1, 0, 1), 8): (1, 1)
(9, 0, 2, (1, 0, 1), 10): (1, 1)
(9, 0, 2, (1, 1, 0), -17): (0, 1)
(9, 0, 2, (1, 1, 0), -10): (0, 2)
(9, 0, 2, (1, 1, 0), -9): (0, 1)
(9, 0, 2, (1, 1, 0), -7): (0, 6)
(9, 0, 2, (1, 1, 0), -6): (0, 4)
(9, 0, 2, (1, 1, 0), -5): (0, 2)
(9, 0, 2, (1, 1, 0), -4): (0, 11)
(9, 0, 2, (1, 1, 0), -3): (0, 15)
(9, 0, 2, (1, 1, 0), -2): (0, 11)
(9, 0, 2, (1, 1, 0), -1): (4, 19)
(9, 0, 2, (1, 1, 0), 0): (9, 23)
(9, 0, 2, (1, 1, 0), 1): (19, 22)
(9, 0, 2, (1, 1, 0), 2): (23, 24)
(9, 0, 2, (1, 1, 0), 3): (11, 13)
(9, 0, 2, (1, 1, 0), 4): (10, 11)
(9, 0, 2, (1, 1, 0), 5): (4, 4)
(9, 0, 2, (1, 1, 0), 6): (5, 5)
(9, 0, 2, (1, 1, 0), 7): (7, 7)
(9, 0, 2, (1, 1, 0), 8): (6, 6)
(9, 0, 2, (1, 1, 0), 9): (2, 2)
(9, 0, 2, (1, 1, 0), 10): (1, 1)
(9, 0, 2, (1, 1, 1), -6): (0, 2)
(9, 0, 2, (1, 1, 1), -5): (0, 2)
(9, 0, 2, (1, 1, 1), -4): (0, 1)
(9, 0, 2, (1, 1, 1), -3): (0, 1)
(9, 0, 2, (1, 1, 1), -1): (0, 3)
(9, 0, 2, (1, 1, 1), 0): (3, 10)
(9, 0, 2, (1, 1, 1), 1): (10, 11)
(9, 0, 2, (1, 1, 1), 2): (7, 7)
(9, 0, 2, (1, 1, 1), 3): (2, 2)
(9, 0, 2, (1, 1, 1), 4): (2, 2)
(9, 0, 2, (1, 1, 1), 5): (2, 2)
(9, 0, 2, (1, 1, 1), 7): (2, 2)
(9, 0, 2, (1, 1, 1), 8): (4, 4)
(9, 0, 2, (1, 1, 1), 9): (1, 1)
(9, 0, 2, (1, 1, 1), 10): (1, 1)
(9, 1, 0, (0, 0, 0), -15): (0, 1)
(9, 1, 0, (0, 0, 0), -14): (0, 2)
(9, 1, 0, (0, 0, 0), -12): (0, 3)
(9, 1, 0, (0, 0, 0), -11): (0, 1)
(9, 1, 0, (0, 0, 0), -10): (0, 9)
(9, 1, 0, (0, 0, 0), -9): (0, 11)
(9, 1, 0, (0, 0, 0), -8): (0, 16)
(9, 1, 0, (0, 0, 0), -7): (0, 21)
(9, 1, 0, (0, 0, 0), -6): (0, 36)
(9, 1, 0, (0, 0, 0), -5): (0, 32)
(9, 1, 0, (0, 0, 0), -4): (1, 48)
(9, 1, 0, (0, 0, 0), -3): (6, 63)
(9, 1, 0, (0, 0, 0), -2): (12, 98)
(9, 1, 0, (0, 0, 0), -1): (16, 106)
(9, 1, 0, (0, 0, 0), 0): (90, 137)
(9, 1, 0, (0, 0, 1), -10): (0, 1)
(9, 1, 0, (0, 0, 1), -5): (0, 2)
(9, 1, 0, (0, 0, 1), -2): (0, 2)
(9, 1, 0, (0, 0, 1), 0): (2, 2)
(9, 1, 0, (0, 1, 0), -10): (0, 1)
(9, 1, 0, (0, 1, 0), -9): (0, 1)
(9, 1, 0, (0, 1, 0), -8): (0, 1)
(9, 1, 0, (0, 1, 0), -6): (0, 3)
(9, 1, 0, (0, 1, 0), -5): (0, 2)
(9, 1, 0, (0, 1, 0), -4): (0, 2)
(9, 1, 0, (0, 1, 0), -3): (0, 2)
(9, 1, 0, (0, 1, 0), -2): (0, 4)
(9, 1, 0, (0, 1, 0), -1): (1, 4)
(9, 1, 0, (0, 1, 0), 0): (8, 9)
(9, 1, 0, (0, 1, 1), -15): (0, 1)
(9, 1, 0, (0, 1, 1), -10): (0, 1)
(9, 1, 0, (0, 1, 1), -3): (1, 3)
(9, 1, 0, (0, 1, 1), -2): (2, 2)
(9, 1, 0, (0, 1, 1), -1): (2, 2)
(9, 1, 0, (1, 0, 0), -15): (0, 1)
(9, 1, 0, (1, 0, 0), -10): (0, 3)
(9, 1, 0, (1, 0, 0), -9): (0, 3)
(9, 1, 0, (1, 0, 0), -8): (0, 4)
(9, 1, 0, (1, 0, 0), -7): (0, 6)
(9, 1, 0, (1, 0, 0), -6): (0, 10)
(9, 1, 0, (1, 0, 0), -5): (0, 6)
(9, 1, 0, (1, 0, 0), -4): (0, 15)
(9, 1, 0, (1, 0, 0), -3): (4, 24)
(9, 1, 0, (1, 0, 0), -2): (8, 27)
(9, 1, 0, (1, 0, 0), -1): (5, 23)
(9, 1, 0, (1, 0, 0), 0): (32, 40)
(9, 1, 0, (1, 0, 1), -6): (0, 2)
(9, 1, 0, (1, 0, 1), -4): (0, 1)
(9, 1, 0, (1, 0, 1), -3): (0, 1)
(9, 1, 0, (1, 0, 1), -2): (0, 1)
(9, 1, 0, (1, 0, 1), -1): (2, 3)
(9, 1, 0, (1, 0, 1), 0): (2, 2)
(9, 1, 0, (1, 1, 0), -8): (0, 2)
(9, 1, 0, (1, 1, 0), -7): (0, 4)
(9, 1, 0, (1, 1, 0), -6): (0, 2)
(9, 1, 0, (1, 1, 0), -5): (0, 2)
(9, 1, 0, (1, 1, 0), -4): (0, 3)
(9, 1, 0, (1, 1, 0), -3): (1, 4)
(9, 1, 0, (1, 1, 0), -2): (0, 7)
(9, 1, 0, (1, 1, 0), -1): (1, 4)
(9, 1, 0, (1, 1, 0), 0): (9, 12)
(9, 1, 0, (1, 1, 1), -7): (0, 1)
(9, 1, 0, (1, 1, 1), -3): (2, 3)
(9, 1, 0, (1, 1, 1), -2): (1, 4)
(9, 1, 0, (1, 1, 1), -1): (0, 1)
(9, 1, 0, (1, 1, 1), 0): (5, 6)
(9, 1, 1, (0, 0, 0), -14): (0, 2)
(9, 1, 1, (0, 0, 0), -12): (0, 3)
(9, 1, 1, (0, 0, 0), -11): (0, 1)
(9, 1, 1, (0, 0, 0), -10): (0, 5)
(9, 1, 1, (0, 0, 0), -9): (0, 8)
(9, 1, 1, (0, 0, 0), -8): (0, 11)
(9, 1, 1, (0, 0, 0), -7): (0, 16)
(9, 1, 1, (0, 0, 0), -6): (0, 24)
(9, 1, 1, (0, 0, 0), -5): (0, 24)
(9, 1, 1, (0, 0, 0), -4): (1, 34)
(9, 1, 1, (0, 0, 0), -3): (2, 38)
(9, 1, 1, (0, 0, 0), -2): (4, 68)
(9, 1, 1, (0, 0, 0), -1): (8, 77)
(9, 1, 1, (0, 0, 0), 0): (48, 88)
(9, 1, 1, (0, 0, 1), -14): (0, 1)
(9, 1, 1, (0, 0, 1), -10): (0, 1)
(9, 1, 1, (0, 0, 1), -7): (0, 1)
(9, 1, 1, (0, 0, 1), -5): (0, 1)
(9, 1, 1, (0, 0, 1), -4): (0, 1)
(9, 1, 1, (0, 0, 1), -2): (0, 5)
(9, 1, 1, (0, 0, 1), -1): (3, 5)
(9, 1, 1, (0, 0, 1), 0): (5, 7)
(9, 1, 1, (0, 1, 0), -10): (0, 1)
(9, 1, 1, (0, 1, 0), -9): (0, 2)
(9, 1, 1, (0, 1, 0), -8): (0, 2)
(9, 1, 1, (0, 1, 0), -7): (0, 1)
(9, 1, 1, (0, 1, 0), -6): (0, 3)
(9, 1, 1, (0, 1, 0), -5): (0, 3)
(9, 1, 1, (0, 1, 0), -4): (0, 10)
(9, 1, 1, (0, 1, 0), -3): (0, 5)
(9, 1, 1, (0, 1, 0), -2): (0, 14)
(9, 1, 1, (0, 1, 0), -1): (1, 14)
(9, 1, 1, (0, 1, 0), 0): (20, 23)
(9, 1, 1, (0, 1, 1), -9): (0, 1)
(9, 1, 1, (0, 1, 1), -8): (0, 1)
(9, 1, 1, (0, 1, 1), -6): (0, 2)
(9, 1, 1, (0, 1, 1), -4): (0, 2)
(9, 1, 1, (0, 1, 1), -3): (1, 4)
(9, 1, 1, (0, 1, 1), -2): (3, 4)
(9, 1, 1, (0, 1, 1), -1): (2, 5)
(9, 1, 1, (0, 1, 1), 0): (5, 7)
(9, 1, 1, (1, 0, 0), -12): (0, 1)
(9, 1, 1, (1, 0, 0), -10): (0, 4)
(9, 1, 1, (1, 0, 0), -9): (0, 3)
(9, 1, 1, (1, 0, 0), -8): (0, 3)
(9, 1, 1, (1, 0, 0), -7): (0, 4)
(9, 1, 1, (1, 0, 0), -6): (0, 14)
(9, 1, 1, (1, 0, 0), -5): (0, 9)
(9, 1, 1, (1, 0, 0), -4): (1, 12)
(9, 1, 1, (1, 0, 0), -3): (4, 28)
(9, 1, 1, (1, 0, 0), -2): (5, 30)
(9, 1, 1, (1, 0, 0), -1): (10, 41)
(9, 1, 1, (1, 0, 0), 0): (28, 38)
(9, 1, 1, (1, 0, 1), -10): (0, 2)
(9, 1, 1, (1, 0, 1), -9): (0, 1)
(9, 1, 1, (1, 0, 1), -8): (0, 1)
(9, 1, 1, (1, 0, 1), -6): (0, 5)
(9, 1, 1, (1, 0, 1), -5): (0, 2)
(9, 1, 1, (1, 0, 1), -4): (0, 1)
(9, 1, 1, (1, 0, 1), -3): (1, 2)
(9, 1, 1, (1, 0, 1), -2): (1, 2)
(9, 1, 1, (1, 0, 1), -1): (1, 2)
(9, 1, 1, (1, 0, 1), 0): (7, 9)
(9, 1, 1, (1, 1, 0), -9): (0, 1)
(9, 1, 1, (1, 1, 0), -8): (0, 2)
(9, 1, 1, (1, 1, 0), -7): (0, 4)
(9, 1, 1, (1, 1, 0), -6): (0, 5)
(9, 1, 1, (1, 1, 0), -5): (0, 4)
(9, 1, 1, (1, 1, 0), -4): (0, 6)
(9, 1, 1, (1, 1, 0), -3): (1, 8)
(9, 1, 1, (1, 1, 0), -2): (1, 10)
(9, 1, 1, (1, 1, 0), -1): (8, 15)
(9, 1, 1, (1, 1, 0), 0): (19, 24)
(9, 1, 1, (1, 1, 1), -7): (0, 2)
(9, 1, 1, (1, 1, 1), -5): (0, 1)
(9, 1, 1, (1, 1, 1), -4): (0, 2)
(9, 1, 1, (1, 1, 1), -3): (0, 1)
(9, 1, 1, (1, 1, 1), -2): (0, 3)
(9, 1, 1, (1, 1, 1), -1): (3, 6)
(9, 1, 1, (1, 1, 1), 0): (9, 13)
(9, 1, 2, (0, 0, 0), -14): (0, 2)
(9, 1, 2, (0, 0, 0), -13): (0, 1)
(9, 1, 2, (0, 0, 0), -12): (0, 2)
(9, 1, 2, (0, 0, 0), -11): (0, 1)
(9, 1, 2, (0, 0, 0), -10): (0, 2)
(9, 1, 2, (0, 0, 0), -9): (0, 7)
(9, 1, 2, (0, 0, 0), -8): (0, 8)
(9, 1, 2, (0, 0, 0), -7): (0, 12)
(9, 1, 2, (0, 0, 0), -6): (0, 14)
(9, 1, 2, (0, 0, 0), -5): (0, 19)
(9, 1, 2, (0, 0, 0), -4): (0, 27)
(9, 1, 2, (0, 0, 0), -3): (0, 27)
(9, 1, 2, (0, 0, 0), -2): (3, 43)
(9, 1, 2, (0, 0, 0), -1): (0, 53)
(9, 1, 2, (0, 0, 0), 0): (40, 76)
(9, 1, 2, (0, 0, 1), -10): (0, 1)
(9, 1, 2, (0, 0, 1), -9): (0, 1)
(9, 1, 2, (0, 0, 1), -7): (0, 1)
(9, 1, 2, (0, 0, 1), -5): (0, 2)
(9, 1, 2, (0, 0, 1), -4): (0, 4)
(9, 1, 2, (0, 0, 1), -3): (0, 2)
(9, 1, 2, (0, 0, 1), -2): (0, 4)
(9, 1, 2, (0, 0, 1), -1): (3, 5)
(9, 1, 2, (0, 0, 1), 0): (2, 5)
(9, 1, 2, (0, 1, 0), -9): (0, 2)
(9, 1, 2, (0, 1, 0), -8): (0, 2)
(9, 1, 2, (0, 1, 0), -7): (0, 1)
(9, 1, 2, (0, 1, 0), -6): (0, 1)
(9, 1, 2, (0, 1, 0), -5): (0, 5)
(9, 1, 2, (0, 1, 0), -4): (0, 6)
(9, 1, 2, (0, 1, 0), -3): (0, 4)
(9, 1, 2, (0, 1, 0), -2): (1, 15)
(9, 1, 2, (0, 1, 0), -1): (1, 15)
(9, 1, 2, (0, 1, 0), 0): (17, 23)
(9, 1, 2, (0, 1, 1), -10): (0, 1)
(9, 1, 2, (0, 1, 1), -9): (0, 1)
(9, 1, 2, (0, 1, 1), -8): (0, 1)
(9, 1, 2, (0, 1, 1), -7): (0, 1)
(9, 1, 2, (0, 1, 1), -6): (0, 2)
(9, 1, 2, (0, 1, 1), -5): (0, 1)
(9, 1, 2, (0, 1, 1), -4): (0, 1)
(9, 1, 2, (0, 1, 1), -3): (1, 4)
(9, 1, 2, (0, 1, 1), -2): (0, 4)
(9, 1, 2, (0, 1, 1), -1): (0, 3)
(9, 1, 2, (0, 1, 1), 0): (6, 7)
(9, 1, 2, (1, 0, 0), -12): (0, 1)
(9, 1, 2, (1, 0, 0), -11): (0, 1)
(9, 1, 2, (1, 0, 0), -10): (0, 3)
(9, 1, 2, (1, 0, 0), -9): (0, 5)
(9, 1, 2, (1, 0, 0), -8): (0, 7)
(9, 1, 2, (1, 0, 0), -7): (0, 5)
(9, 1, 2, (1, 0, 0), -6): (0, 7)
(9, 1, 2, (1, 0, 0), -5): (0, 17)
(9, 1, 2, (1, 0, 0), -4): (1, 15)
(9, 1, 2, (1, 0, 0), -3): (1, 27)
(9, 1, 2, (1, 0, 0), -2): (4, 33)
(9, 1, 2, (1, 0, 0), -1): (1, 27)
(9, 1, 2, (1, 0, 0), 0): (18, 33)
(9, 1, 2, (1, 0, 1), -9): (0, 2)
(9, 1, 2, (1, 0, 1), -6): (0, 4)
(9, 1, 2, (1, 0, 1), -5): (0, 3)
(9, 1, 2, (1, 0, 1), -4): (1, 1)
(9, 1, 2, (1, 0, 1), -3): (0, 3)
(9, 1, 2, (1, 0, 1), -2): (0, 6)
(9, 1, 2, (1, 0, 1), -1): (1, 4)
(9, 1, 2, (1, 0, 1), 0): (9, 11)
(9, 1, 2, (1, 1, 0), -12): (0, 1)
(9, 1, 2, (1, 1, 0), -9): (0, 3)
(9, 1, 2, (1, 1, 0), -8): (0, 2)
(9, 1, 2, (1, 1, 0), -7): (0, 5)
(9, 1, 2, (1, 1, 0), -6): (0, 3)
(9, 1, 2, (1, 1, 0), -5): (0, 10)
(9, 1, 2, (1, 1, 0), -4): (0, 10)
(9, 1, 2, (1, 1, 0), -3): (1, 14)
(9, 1, 2, (1, 1, 0), -2): (1, 15)
(9, 1, 2, (1, 1, 0), -1): (2, 22)
(9, 1, 2, (1, 1, 0), 0): (21, 31)
(9, 1, 2, (1, 1, 1), -9): (0, 1)
(9, 1, 2, (1, 1, 1), -7): (0, 2)
(9, 1, 2, (1, 1, 1), -6): (0, 1)
(9, 1, 2, (1, 1, 1), -5): (0, 2)
(9, 1, 2, (1, 1, 1), -4): (0, 4)
(9, 1, 2, (1, 1, 1), -3): (1, 2)
(9, 1, 2, (1, 1, 1), -2): (1, 2)
(9, 1, 2, (1, 1, 1), -1): (1, 4)
(9, 1, 2, (1, 1, 1), 0): (13, 17)
(10, 0, 0, (0, 0, 0), 0): (60, 130)
(10, 0, 0, (0, 0, 0), 1): (0, 1)
(10, 0, 0, (0, 0, 1), 0): (1, 1)
(10, 0, 0, (0, 1, 0), 0): (7, 10)
(10, 0, 0, (0, 1, 0), 1): (1, 1)
(10, 0, 0, (0, 1, 1), 1): (2, 2)
(10, 0, 0, (1, 0, 0), 0): (15, 30)
(10, 0, 0, (1, 0, 0), 1): (1, 1)
(10, 0, 0, (1, 0, 1), 0): (2, 3)
(10, 0, 0, (1, 0, 1), 3): (1, 1)
(10, 0, 0, (1, 0, 1), 4): (1, 1)
(10, 0, 0, (1, 1, 0), 0): (4, 4)
(10, 0, 0, (1, 1, 0), 2): (1, 1)
(10, 0, 0, (1, 1, 1), 0): (1, 2)
(10, 0, 0, (1, 1, 1), 1): (2, 2)
(10, 0, 0, (1, 1, 1), 2): (1, 1)
(10, 0, 0, (1, 1, 1), 3): (1, 1)
(10, 0, 1, (0, 0, 0), 0): (37, 89)
(10, 0, 1, (0, 0, 0), 1): (1, 2)
(10, 0, 1, (0, 0, 0), 2): (1, 1)
(10, 0, 1, (0, 0, 0), 3): (2, 2)
(10, 0, 1, (0, 0, 1), 0): (0, 1)
(10, 0, 1, (0, 0, 1), 1): (2, 2)
(10, 0, 1, (0, 0, 1), 4): (1, 1)
(10, 0, 1, (0, 0, 1), 8): (1, 1)
(10, 0, 1, (0, 1, 0), 0): (13, 20)
(10, 0, 1, (0, 1, 0), 1): (2, 2)
(10, 0, 1, (0, 1, 1), 0): (1, 1)
(10, 0, 1, (1, 0, 0), 0): (14, 32)
(10, 0, 1, (1, 0, 0), 1): (6, 6)
(10, 0, 1, (1, 0, 0), 3): (1, 1)
(10, 0, 1, (1, 0, 1), 0): (1, 1)
(10, 0, 1, (1, 0, 1), 1): (0, 1)
(10, 0, 1, (1, 0, 1), 3): (1, 1)
(10, 0, 1, (1, 0, 1), 4): (1, 1)
(10, 0, 1, (1, 0, 1), 5): (1, 1)
(10, 0, 1, (1, 0, 1), 6): (1, 1)
(10, 0, 1, (1, 1, 0), 0): (8, 10)
(10, 0, 1, (1, 1, 0), 1): (8, 8)
(10, 0, 1, (1, 1, 0), 2): (2, 2)
(10, 0, 1, (1, 1, 1), 0): (2, 2)
(10, 0, 1, (1, 1, 1), 1): (1, 1)
(10, 0, 1, (1, 1, 1), 3): (2, 2)
(10, 0, 2, (0, 0, 0), 0): (27, 69)
(10, 0, 2, (0, 0, 0), 1): (1, 2)
(10, 0, 2, (0, 0, 0), 2): (1, 1)
(10, 0, 2, (0, 0, 0), 3): (3, 3)
(10, 0, 2, (0, 0, 0), 4): (1, 1)
(10, 0, 2, (0, 0, 1), 0): (1, 5)
(10, 0, 2, (0, 0, 1), 1): (2, 2)
(10, 0, 2, (0, 0, 1), 2): (3, 3)
(10, 0, 2, (0, 0, 1), 4): (1, 1)
(10, 0, 2, (0, 0, 1), 8): (1, 1)
(10, 0, 2, (0, 1, 0), 0): (8, 13)
(10, 0, 2, (0, 1, 0), 1): (3, 4)
(10, 0, 2, (0, 1, 0), 2): (1, 1)
(10, 0, 2, (0, 1, 0), 4): (1, 1)
(10, 0, 2, (0, 1, 0), 5): (1, 1)
(10, 0, 2, (0, 1, 1), 0): (0, 1)
(10, 0, 2, (0, 1, 1), 1): (4, 5)
(10, 0, 2, (1, 0, 0), 0): (12, 35)
(10, 0, 2, (1, 0, 0), 1): (2, 3)
(10, 0, 2, (1, 0, 0), 2): (1, 1)
(10, 0, 2, (1, 0, 0), 3): (1, 1)
(10, 0, 2, (1, 0, 0), 4): (1, 1)
(10, 0, 2, (1, 0, 0), 5): (1, 1)
(10, 0, 2, (1, 0, 1), 0): (0, 1)
(10, 0, 2, (1, 0, 1), 1): (2, 2)
(10, 0, 2, (1, 1, 0), 0): (10, 21)
(10, 0, 2, (1, 1, 0), 1): (3, 4)
(10, 0, 2, (1, 1, 0), 2): (1, 2)
(10, 0, 2, (1, 1, 0), 3): (0, 1)
(10, 0, 2, (1, 1, 1), 0): (1, 2)
(10, 0, 2, (1, 1, 1), 1): (2, 2)
(10, 1, 0, (0, 0, 0), -8): (0, 1)
(10, 1, 0, (0, 0, 0), -5): (0, 2)
(10, 1, 0, (0, 0, 0), -4): (0, 3)
(10, 1, 0, (0, 0, 0), -3): (1, 5)
(10, 1, 0, (0, 0, 0), -2): (0, 4)
(10, 1, 0, (0, 0, 0), -1): (4, 18)
(10, 1, 0, (0, 0, 0), 0): (65, 97)
(10, 1, 0, (0, 0, 1), 0): (2, 2)
(10, 1, 0, (0, 1, 0), -2): (0, 1)
(10, 1, 0, (0, 1, 0), -1): (2, 2)
(10, 1, 0, (0, 1, 0), 0): (4, 5)
(10, 1, 0, (1, 0, 0), -5): (0, 2)
(10, 1, 0, (1, 0, 0), -4): (0, 1)
(10, 1, 0, (1, 0, 0), -3): (1, 2)
(10, 1, 0, (1, 0, 0), -2): (0, 1)
(10, 1, 0, (1, 0, 0), -1): (1, 3)
(10, 1, 0, (1, 0, 0), 0): (15, 23)
(10, 1, 0, (1, 0, 1), -4): (0, 1)
(10, 1, 0, (1, 0, 1), -1): (1, 1)
(10, 1, 0, (1, 0, 1), 0): (1, 1)
(10, 1, 0, (1, 1, 0), -5): (0, 2)
(10, 1, 0, (1, 1, 0), -3): (1, 1)
(10, 1, 0, (1, 1, 0), 0): (5, 5)
(10, 1, 0, (1, 1, 1), -3): (1, 1)
(10, 1, 0, (1, 1, 1), -2): (1, 1)
(10, 1, 0, (1, 1, 1), -1): (1, 1)
(10, 1, 0, (1, 1, 1), 0): (2, 2)
(10, 1, 1, (0, 0, 0), -8): (0, 1)
(10, 1, 1, (0, 0, 0), -4): (0, 2)
(10, 1, 1, (0, 0, 0), -3): (0, 3)
(10, 1, 1, (0, 0, 0), -2): (0, 2)
(10, 1, 1, (0, 0, 0), -1): (1, 13)
(10, 1, 1, (0, 0, 0), 0): (46, 71)
(10, 1, 1, (0, 0, 1), 0): (1, 1)
(10, 1, 1, (0, 1, 0), -2): (0, 1)
(10, 1, 1, (0, 1, 0), -1): (2, 3)
(10, 1, 1, (0, 1, 0), 0): (10, 16)
(10, 1, 1, (0, 1, 1), -3): (0, 1)
(10, 1, 1, (0, 1, 1), -2): (0, 1)
(10, 1, 1, (0, 1, 1), 0): (1, 1)
(10, 1, 1, (1, 0, 0), -8): (0, 1)
(10, 1, 1, (1, 0, 0), -3): (0, 1)
(10, 1, 1, (1, 0, 0), -2): (0, 1)
(10, 1, 1, (1, 0, 0), -1): (1, 5)
(10, 1, 1, (1, 0, 0), 0): (21, 28)
(10, 1, 1, (1, 0, 1), -4): (0, 1)
(10, 1, 1, (1, 0, 1), 0): (2, 3)
(10, 1, 1, (1, 1, 0), -5): (0, 2)
(10, 1, 1, (1, 1, 0), -3): (0, 1)
(10, 1, 1, (1, 1, 0), -1): (0, 1)
(10, 1, 1, (1, 1, 0), 0): (15, 17)
(10, 1, 1, (1, 1, 1), -1): (1, 1)
(10, 1, 1, (1, 1, 1), 0): (5, 5)
(10, 1, 2, (0, 0, 0), -4): (0, 2)
(10, 1, 2, (0, 0, 0), -3): (0, 3)
(10, 1, 2, (0, 0, 0), -2): (0, 2)
(10, 1, 2, (0, 0, 0), -1): (0, 9)
(10, 1, 2, (0, 0, 0), 0): (27, 46)
(10, 1, 2, (0, 0, 1), -1): (0, 2)
(10, 1, 2, (0, 0, 1), 0): (1, 1)
(10, 1, 2, (0, 1, 0), -6): (0, 1)
(10, 1, 2, (0, 1, 0), -2): (0, 1)
(10, 1, 2, (0, 1, 0), -1): (1, 3)
(10, 1, 2, (0, 1, 0), 0): (4, 9)
(10, 1, 2, (0, 1, 1), -8): (0, 1)
(10, 1, 2, (0, 1, 1), 0): (2, 2)
(10, 1, 2, (1, 0, 0), -8): (0, 1)
(10, 1, 2, (1, 0, 0), -3): (0, 1)
(10, 1, 2, (1, 0, 0), -2): (0, 2)
(10, 1, 2, (1, 0, 0), -1): (0, 4)
(10, 1, 2, (1, 0, 0), 0): (14, 24)
(10, 1, 2, (1, 0, 1), 0): (2, 2)
(10, 1, 2, (1, 1, 0), -6): (0, 1)
(10, 1, 2, (1, 1, 0), -5): (0, 2)
(10, 1, 2, (1, 1, 0), -3): (0, 1)
(10, 1, 2, (1, 1, 0), -1): (0, 2)
(10, 1, 2, (1, 1, 0), 0): (10, 16)
(10, 1, 2, (1, 1, 1), -1): (1, 1)
(10, 1, 2, (1, 1, 1), 0): (7, 7)
(11, 0, 0, (0, 0, 0), 0): (33, 73)
(11, 0, 0, (0, 0, 0), 1): (1, 1)
(11, 0, 0, (0, 0, 1), 0): (1, 1)
(11, 0, 0, (0, 0, 1), 1): (1, 1)
(11, 0, 0, (0, 1, 0), 0): (2, 5)
(11, 0, 0, (0, 1, 1), 0): (1, 1)
(11, 0, 0, (0, 1, 1), 2): (1, 1)
(11, 0, 0, (1, 0, 0), 0): (12, 26)
(11, 0, 0, (1, 0, 0), 1): (1, 1)
(11, 0, 0, (1, 0, 1), 0): (1, 1)
(11, 0, 0, (1, 1, 0), 0): (1, 3)
(11, 0, 0, (1, 1, 1), 0): (1, 1)
(11, 0, 1, (0, 0, 0), 0): (19, 43)
(11, 0, 1, (0, 0, 0), 1): (2, 2)
(11, 0, 1, (0, 0, 0), 2): (1, 1)
(11, 0, 1, (0, 0, 1), 0): (0, 3)
(11, 0, 1, (0, 0, 1), 1): (1, 1)
(11, 0, 1, (0, 1, 0), 0): (4, 9)
(11, 0, 1, (0, 1, 0), 1): (2, 2)
(11, 0, 1, (0, 1, 0), 2): (2, 2)
(11, 0, 1, (0, 1, 0), 3): (2, 2)
(11, 0, 1, (0, 1, 1), 0): (1, 1)
(11, 0, 1, (0, 1, 1), 2): (1, 1)
(11, 0, 1, (1, 0, 0), 0): (10, 17)
(11, 0, 1, (1, 0, 0), 1): (2, 2)
(11, 0, 1, (1, 0, 1), 0): (1, 2)
(11, 0, 1, (1, 1, 0), 0): (2, 7)
(11, 0, 1, (1, 1, 0), 1): (0, 1)
(11, 0, 1, (1, 1, 1), 1): (0, 1)
(11, 0, 2, (0, 0, 0), 0): (14, 38)
(11, 0, 2, (0, 0, 0), 1): (1, 1)
(11, 0, 2, (0, 0, 0), 2): (1, 1)
(11, 0, 2, (0, 0, 1), 0): (4, 7)
(11, 0, 2, (0, 0, 1), 1): (1, 1)
(11, 0, 2, (0, 0, 1), 2): (1, 1)
(11, 0, 2, (0, 0, 1), 3): (1, 1)
(11, 0, 2, (0, 1, 0), 0): (5, 10)
(11, 0, 2, (0, 1, 0), 1): (2, 2)
(11, 0, 2, (0, 1, 0), 2): (3, 3)
(11, 0, 2, (0, 1, 0), 3): (2, 2)
(11, 0, 2, (0, 1, 1), 0): (1, 2)
(11, 0, 2, (1, 0, 0), 0): (4, 16)
(11, 0, 2, (1, 0, 0), 1): (4, 4)
(11, 0, 2, (1, 0, 0), 2): (1, 1)
(11, 0, 2, (1, 0, 0), 3): (1, 1)
(11, 0, 2, (1, 0, 1), 0): (3, 4)
(11, 0, 2, (1, 0, 1), 1): (1, 1)
(11, 0, 2, (1, 0, 1), 2): (1, 1)
(11, 0, 2, (1, 0, 1), 3): (1, 1)
(11, 0, 2, (1, 1, 0), 0): (5, 8)
(11, 0, 2, (1, 1, 0), 1): (6, 6)
(11, 0, 2, (1, 1, 0), 2): (1, 1)
(11, 0, 2, (1, 1, 0), 3): (1, 1)
(11, 0, 2, (1, 1, 1), 1): (0, 1)
(11, 1, 0, (0, 0, 0), -4): (0, 1)
(11, 1, 0, (0, 0, 0), -3): (0, 4)
(11, 1, 0, (0, 0, 0), -2): (0, 3)
(11, 1, 0, (0, 0, 0), -1): (1, 12)
(11, 1, 0, (0, 0, 0), 0): (39, 53)
(11, 1, 0, (0, 1, 0), 0): (2, 2)
(11, 1, 0, (1, 0, 0), -2): (0, 2)
(11, 1, 0, (1, 0, 0), -1): (1, 4)
(11, 1, 0, (1, 0, 0), 0): (12, 14)
(11, 1, 0, (1, 0, 1), -1): (1, 2)
(11, 1, 0, (1, 1, 0), -2): (0, 1)
(11, 1, 0, (1, 1, 0), -1): (0, 1)
(11, 1, 0, (1, 1, 0), 0): (6, 6)
(11, 1, 0, (1, 1, 1), 0): (1, 1)
(11, 1, 1, (0, 0, 0), -4): (0, 1)
(11, 1, 1, (0, 0, 0), -3): (0, 4)
(11, 1, 1, (0, 0, 0), -2): (0, 1)
(11, 1, 1, (0, 0, 0), -1): (0, 8)
(11, 1, 1, (0, 0, 0), 0): (24, 36)
(11, 1, 1, (0, 0, 1), 0): (1, 1)
(11, 1, 1, (0, 1, 0), -3): (0, 1)
(11, 1, 1, (0, 1, 0), -1): (0, 1)
(11, 1, 1, (0, 1, 0), 0): (9, 9)
(11, 1, 1, (0, 1, 1), -1): (0, 1)
(11, 1, 1, (0, 1, 1), 0): (2, 2)
(11, 1, 1, (1, 0, 0), -4): (0, 1)
(11, 1, 1, (1, 0, 0), -3): (0, 1)
(11, 1, 1, (1, 0, 0), -2): (0, 1)
(11, 1, 1, (1, 0, 0), -1): (0, 2)
(11, 1, 1, (1, 0, 0), 0): (10, 14)
(11, 1, 1, (1, 0, 1), 0): (3, 3)
(11, 1, 1, (1, 1, 0), -1): (0, 1)
(11, 1, 1, (1, 1, 0), 0): (10, 11)
(11, 1, 1, (1, 1, 1), 0): (4, 4)
(11, 1, 2, (0, 0, 0), -3): (0, 2)
(11, 1, 2, (0, 0, 0), -2): (0, 2)
(11, 1, 2, (0, 0, 0), -1): (0, 6)
(11, 1, 2, (0, 0, 0), 0): (14, 24)
(11, 1, 2, (0, 1, 0), -3): (0, 1)
(11, 1, 2, (0, 1, 0), -1): (0, 2)
(11, 1, 2, (0, 1, 0), 0): (3, 3)
(11, 1, 2, (0, 1, 1), 0): (1, 1)
(11, 1, 2, (1, 0, 0), -4): (0, 1)
(11, 1, 2, (1, 0, 0), -3): (0, 2)
(11, 1, 2, (1, 0, 0), -2): (0, 1)
(11, 1, 2, (1, 0, 0), -1): (0, 3)
(11, 1, 2, (1, 0, 0), 0): (5, 13)
(11, 1, 2, (1, 0, 1), 0): (0, 1)
(11, 1, 2, (1, 1, 0), -4): (0, 1)
(11, 1, 2, (1, 1, 0), -3): (0, 1)
(11, 1, 2, (1, 1, 0), 0): (9, 11)
(11, 1, 2, (1, 1, 1), -3): (0, 1)
(11, 1, 2, (1, 1, 1), 0): (4, 4)
(12, 0, 0, (0, 0, 0), 0): (15, 42)
(12, 0, 0, (0, 0, 1), 1): (1, 1)
(12, 0, 0, (0, 1, 0), 0): (1, 2)
(12, 0, 0, (1, 0, 0), 0): (5, 8)
(12, 0, 0, (1, 0, 1), 0): (1, 1)
(12, 0, 0, (1, 1, 0), 0): (1, 1)
(12, 0, 0, (1, 1, 0), 1): (1, 1)
(12, 0, 1, (0, 0, 0), 0): (10, 33)
(12, 0, 1, (0, 0, 0), 2): (1, 1)
(12, 0, 1, (0, 0, 1), 0): (1, 2)
(12, 0, 1, (0, 0, 1), 1): (1, 1)
(12, 0, 1, (0, 1, 0), 0): (1, 3)
(12, 0, 1, (0, 1, 1), 0): (2, 3)
(12, 0, 1, (0, 1, 1), 2): (2, 2)
(12, 0, 1, (1, 0, 0), 0): (5, 15)
(12, 0, 1, (1, 0, 0), 1): (2, 2)
(12, 0, 1, (1, 0, 1), 0): (1, 3)
(12, 0, 1, (1, 0, 1), 1): (2, 2)
(12, 0, 1, (1, 0, 1), 2): (1, 1)
(12, 0, 1, (1, 0, 1), 3): (1, 1)
(12, 0, 1, (1, 1, 0), 0): (2, 5)
(12, 0, 1, (1, 1, 0), 1): (2, 2)
(12, 0, 1, (1, 1, 1), 0): (1, 2)
(12, 0, 2, (0, 0, 0), 0): (6, 21)
(12, 0, 2, (0, 0, 0), 2): (1, 1)
(12, 0, 2, (0, 0, 1), 1): (1, 1)
(12, 0, 2, (0, 1, 0), 0): (0, 2)
(12, 0, 2, (0, 1, 0), 2): (2, 2)
(12, 0, 2, (0, 1, 1), 1): (1, 1)
(12, 0, 2, (0, 1, 1), 2): (1, 1)
(12, 0, 2, (1, 0, 0), 0): (2, 7)
(12, 0, 2, (1, 0, 0), 2): (1, 1)
(12, 0, 2, (1, 0, 1), 0): (1, 2)
(12, 0, 2, (1, 0, 1), 2): (1, 1)
(12, 0, 2, (1, 0, 1), 3): (1, 1)
(12, 0, 2, (1, 1, 0), 0): (1, 6)
(12, 0, 2, (1, 1, 0), 1): (0, 1)
(12, 0, 2, (1, 1, 0), 2): (1, 1)
(12, 0, 2, (1, 1, 0), 4): (1, 1)
(12, 0, 2, (1, 1, 1), 0): (0, 1)
(12, 0, 2, (1, 1, 1), 2): (1, 1)
(12, 1, 0, (0, 0, 0), -4): (0, 1)
(12, 1, 0, (0, 0, 0), -3): (0, 1)
(12, 1, 0, (0, 0, 0), -2): (0, 4)
(12, 1, 0, (0, 0, 0), -1): (1, 3)
(12, 1, 0, (0, 0, 0), 0): (26, 33)
(12, 1, 0, (0, 1, 0), 0): (5, 6)
(12, 1, 0, (0, 1, 1), -1): (1, 1)
(12, 1, 0, (1, 0, 0), -2): (0, 4)
(12, 1, 0, (1, 0, 0), -1): (1, 1)
(12, 1, 0, (1, 0, 0), 0): (5, 6)
(12, 1, 0, (1, 1, 0), -2): (0, 2)
(12, 1, 0, (1, 1, 0), 0): (3, 4)
(12, 1, 0, (1, 1, 1), -2): (0, 1)
(12, 1, 0, (1, 1, 1), -1): (1, 2)
(12, 1, 1, (0, 0, 0), -4): (0, 1)
(12, 1, 1, (0, 0, 0), -3): (0, 1)
(12, 1, 1, (0, 0, 0), -1): (0, 2)
(12, 1, 1, (0, 0, 0), 0): (16, 21)
(12, 1, 1, (0, 0, 1), 0): (4, 4)
(12, 1, 1, (0, 1, 0), 0): (2, 3)
(12, 1, 1, (0, 1, 1), -2): (0, 1)
(12, 1, 1, (0, 1, 1), 0): (1, 1)
(12, 1, 1, (1, 0, 0), -2): (0, 2)
(12, 1, 1, (1, 0, 0), -1): (0, 1)
(12, 1, 1, (1, 0, 0), 0): (9, 13)
(12, 1, 1, (1, 0, 1), 0): (3, 3)
(12, 1, 1, (1, 1, 0), 0): (3, 4)
(12, 1, 1, (1, 1, 1), -1): (0, 1)
(12, 1, 1, (1, 1, 1), 0): (5, 5)
(12, 1, 2, (0, 0, 0), -4): (0, 1)
(12, 1, 2, (0, 0, 0), -3): (0, 1)
(12, 1, 2, (0, 0, 0), -1): (0, 1)
(12, 1, 2, (0, 0, 0), 0): (10, 13)
(12, 1, 2, (0, 0, 1), -1): (0, 1)
(12, 1, 2, (0, 0, 1), 0): (1, 1)
(12, 1, 2, (0, 1, 0), 0): (3, 4)
(12, 1, 2, (1, 0, 0), -4): (0, 1)
(12, 1, 2, (1, 0, 0), -2): (0, 1)
(12, 1, 2, (1, 0, 0), -1): (0, 1)
(12, 1, 2, (1, 0, 0), 0): (6, 8)
(12, 1, 2, (1, 0, 1), 0): (2, 2)
(12, 1, 2, (1, 1, 0), 0): (2, 3)
(12, 1, 2, (1, 1, 1), -1): (0, 1)
(12, 1, 2, (1, 1, 1), 0): (2, 2)
(13, 0, 0, (0, 0, 0), 0): (7, 22)
(13, 0, 0, (0, 1, 0), 0): (1, 1)
(13, 0, 0, (1, 0, 0), 0): (1, 2)
(13, 0, 1, (0, 0, 0), 0): (5, 19)
(13, 0, 1, (0, 0, 0), 1): (1, 1)
(13, 0, 1, (0, 0, 1), 0): (1, 1)
(13, 0, 1, (0, 1, 0), 0): (0, 1)
(13, 0, 1, (1, 0, 0), 0): (2, 3)
(13, 0, 1, (1, 1, 0), 0): (1, 1)
(13, 0, 1, (1, 1, 1), 0): (1, 1)
(13, 0, 2, (0, 0, 0), 0): (3, 16)
(13, 0, 2, (0, 0, 0), 1): (2, 3)
(13, 0, 2, (0, 1, 0), 0): (2, 2)
(13, 0, 2, (1, 0, 0), 0): (1, 4)
(13, 0, 2, (1, 0, 0), 1): (0, 1)
(13, 0, 2, (1, 1, 0), 0): (1, 1)
(13, 0, 2, (1, 1, 0), 1): (1, 1)
(13, 0, 2, (1, 1, 0), 2): (1, 1)
(13, 0, 2, (1, 1, 1), 0): (1, 1)
(13, 1, 0, (0, 0, 0), -2): (0, 1)
(13, 1, 0, (0, 0, 0), -1): (1, 4)
(13, 1, 0, (0, 0, 0), 0): (14, 17)
(13, 1, 0, (0, 1, 0), -1): (1, 2)
(13, 1, 0, (1, 0, 0), -2): (0, 1)
(13, 1, 0, (1, 0, 0), -1): (0, 2)
(13, 1, 0, (1, 0, 0), 0): (4, 5)
(13, 1, 0, (1, 1, 0), 0): (3, 3)
(13, 1, 1, (0, 0, 0), -1): (0, 1)
(13, 1, 1, (0, 0, 0), 0): (8, 10)
(13, 1, 1, (0, 0, 1), -1): (1, 2)
(13, 1, 1, (0, 1, 0), -2): (0, 1)
(13, 1, 1, (0, 1, 0), -1): (0, 1)
(13, 1, 1, (0, 1, 1), 0): (2, 2)
(13, 1, 1, (1, 0, 0), -2): (0, 1)
(13, 1, 1, (1, 0, 0), -1): (0, 1)
(13, 1, 1, (1, 0, 0), 0): (4, 5)
(13, 1, 1, (1, 0, 1), 0): (1, 1)
(13, 1, 1, (1, 1, 0), 0): (1, 1)
(13, 1, 1, (1, 1, 1), 0): (3, 3)
(13, 1, 2, (0, 0, 0), -1): (0, 1)
(13, 1, 2, (0, 0, 0), 0): (7, 9)
(13, 1, 2, (0, 0, 1), -1): (0, 1)
(13, 1, 2, (0, 1, 0), -2): (0, 1)
(13, 1, 2, (0, 1, 0), 0): (1, 1)
(13, 1, 2, (1, 0, 0), -1): (0, 3)
(13, 1, 2, (1, 0, 0), 0): (2, 2)
(13, 1, 2, (1, 1, 0), 0): (2, 2)
(13, 1, 2, (1, 1, 1), 0): (1, 1)
(14, 0, 0, (0, 0, 0), 0): (3, 13)
(14, 0, 0, (0, 1, 0), 0): (0, 1)
(14, 0, 0, (1, 0, 0), 0): (1, 3)
(14, 0, 0, (1, 1, 0), 0): (0, 1)
(14, 0, 1, (0, 0, 0), 0): (2, 10)
(14, 0, 1, (0, 0, 1), 0): (1, 2)
(14, 0, 1, (0, 1, 1), 1): (0, 1)
(14, 0, 1, (1, 0, 0), 0): (2, 3)
(14, 0, 1, (1, 0, 1), 0): (1, 1)
(14, 0, 1, (1, 0, 1), 1): (0, 1)
(14, 0, 1, (1, 1, 0), 0): (1, 2)
(14, 0, 1, (1, 1, 0), 1): (1, 1)
(14, 0, 2, (0, 0, 0), 0): (0, 7)
(14, 0, 2, (0, 0, 1), 0): (0, 1)
(14, 0, 2, (0, 1, 0), 0): (1, 1)
(14, 0, 2, (0, 1, 1), 0): (0, 1)
(14, 0, 2, (0, 1, 1), 1): (0, 1)
(14, 0, 2, (1, 0, 0), 0): (0, 1)
(14, 0, 2, (1, 0, 1), 0): (1, 2)
(14, 0, 2, (1, 0, 1), 1): (1, 1)
(14, 0, 2, (1, 1, 0), 1): (1, 1)
(14, 0, 2, (1, 1, 0), 2): (1, 1)
(14, 0, 2, (1, 1, 1), 1): (1, 2)
(14, 1, 0, (0, 0, 0), -2): (0, 1)
(14, 1, 0, (0, 0, 0), -1): (1, 2)
(14, 1, 0, (0, 0, 0), 0): (9, 10)
(14, 1, 0, (0, 0, 1), 0): (1, 1)
(14, 1, 0, (0, 1, 0), 0): (2, 2)
(14, 1, 0, (1, 0, 0), -1): (1, 1)
(14, 1, 0, (1, 0, 0), 0): (2, 2)
(14, 1, 0, (1, 0, 1), -1): (1, 1)
(14, 1, 0, (1, 0, 1), 0): (1, 1)
(14, 1, 0, (1, 1, 0), 0): (1, 1)
(14, 1, 0, (1, 1, 1), 0): (1, 1)
(14, 1, 1, (0, 0, 0), -2): (0, 1)
(14, 1, 1, (0, 0, 0), -1): (0, 1)
(14, 1, 1, (0, 0, 0), 0): (4, 5)
(14, 1, 1, (0, 0, 1), 0): (1, 1)
(14, 1, 1, (0, 1, 0), 0): (3, 3)
(14, 1, 1, (1, 0, 0), -1): (0, 1)
(14, 1, 1, (1, 0, 0), 0): (4, 4)
(14, 1, 1, (1, 0, 1), 0): (2, 2)
(14, 1, 1, (1, 1, 0), 0): (1, 1)
(14, 1, 1, (1, 1, 1), 0): (2, 2)
(14, 1, 2, (0, 0, 0), -2): (0, 1)
(14, 1, 2, (0, 0, 0), 0): (0, 1)
(14, 1, 2, (0, 1, 0), -1): (0, 1)
(14, 1, 2, (0, 1, 0), 0): (1, 1)
(14, 1, 2, (1, 0, 0), -2): (0, 1)
(14, 1, 2, (1, 0, 0), 0): (2, 2)
(14, 1, 2, (1, 0, 1), 0): (2, 2)
(14, 1, 2, (1, 1, 0), 0): (2, 2)
(14, 1, 2, (1, 1, 1), 0): (2, 2)
(15, 0, 0, (0, 0, 0), 0): (1, 3)
(15, 0, 1, (0, 0, 0), 0): (1, 3)
(15, 0, 1, (0, 1, 0), 0): (0, 1)
(15, 0, 1, (1, 0, 0), 0): (1, 2)
(15, 0, 2, (0, 0, 0), 0): (0, 1)
(15, 0, 2, (0, 1, 0), 0): (1, 2)
(15, 0, 2, (1, 1, 0), 0): (1, 1)
(15, 1, 0, (0, 0, 0), 0): (2, 3)
(15, 1, 1, (0, 0, 0), 0): (2, 3)
(15, 1, 1, (1, 0, 0), 0): (1, 1)
(15, 1, 2, (0, 0, 0), 0): (1, 2)
(16, 0, 0, (0, 0, 0), 0): (1, 3)
(16, 0, 0, (1, 0, 0), 0): (1, 1)
(16, 0, 1, (0, 0, 0), 0): (0, 2)
(16, 0, 1, (0, 0, 1), 0): (0, 1)
(16, 0, 1, (1, 0, 0), 0): (1, 1)
(16, 0, 1, (1, 0, 0), 1): (0, 1)
(16, 0, 1, (1, 1, 0), 0): (1, 1)
(16, 0, 2, (0, 0, 0), 0): (0, 1)
(16, 0, 2, (1, 0, 0), 1): (0, 1)
(16, 0, 2, (1, 1, 0), 0): (1, 1)
(16, 0, 2, (1, 1, 0), 1): (1, 1)
(16, 0, 2, (1, 1, 0), 2): (1, 1)
(16, 1, 0, (0, 0, 0), -2): (0, 1)
(16, 1, 0, (0, 0, 0), -1): (1, 1)
(16, 1, 0, (0, 0, 0), 0): (1, 1)
(16, 1, 0, (0, 1, 0), -1): (1, 1)
(16, 1, 0, (1, 0, 0), 0): (1, 1)
(16, 1, 0, (1, 0, 1), -1): (1, 1)
(16, 1, 1, (0, 0, 0), -2): (0, 1)
(16, 1, 1, (0, 1, 0), 0): (1, 1)
(16, 1, 1, (1, 0, 0), -1): (1, 1)
(16, 1, 2, (0, 0, 0), -2): (0, 1)
(16, 1, 2, (0, 1, 0), 0): (1, 1)
(16, 1, 2, (0, 1, 1), -1): (0, 1)
(16, 1, 2, (1, 0, 0), -2): (0, 1)
(16, 1, 2, (1, 0, 0), -1): (1, 1)
(16, 1, 2, (1, 1, 0), -2): (0, 1)
(16, 1, 2, (1, 1, 0), -1): (1, 1)
(16, 1, 2, (1, 1, 0), 0): (2, 2)
(16, 1, 2, (1, 1, 1), 0): (1, 1)
(17, 0, 0, (0, 0, 0), 0): (0, 1)
(17, 0, 1, (0, 0, 0), 0): (0, 1)
(17, 0, 1, (1, 0, 0), 0): (0, 1)
(17, 0, 2, (0, 1, 0), 0): (0, 1)
(17, 1, 0, (0, 0, 0), 0): (1, 1)
(17, 1, 0, (1, 0, 0), 0): (1, 1)
(17, 1, 0, (1, 1, 0), 0): (1, 1)
(17, 1, 1, (1, 1, 0), 0): (1, 1)
