"H",1,0,1,-1,4535,2226
"H",1,0,1,-10,2,0
"H",1,0,1,-2,2232,870
"H",1,0,1,-3,1126,324
"H",1,0,1,-4,494,114
"H",1,0,1,-5,169,26
"H",1,0,1,-6,71,12
"H",1,0,1,-7,21,0
"H",1,0,1,-8,11,0
"H",1,0,1,-9,9,1
"H",1,0,1,0,20255,12226
"H",1,0,1,1,144,108
"H",1,0,1,2,46,37
"H",1,0,1,3,39,32
"H",1,0,1,4,21,20
"H",1,0,1,5,5,5
"H",1,0,1,6,1,0
"H",1,0,2,-1,1523,812
"H",1,0,2,-10,2,0
"H",1,0,2,-2,765,340
"H",1,0,2,-3,367,125
"H",1,0,2,-4,160,45
"H",1,0,2,-5,60,15
"H",1,0,2,-6,30,4
"H",1,0,2,-7,4,0
"H",1,0,2,-8,6,0
"H",1,0,2,-9,1,0
"H",1,0,2,0,6513,4193
"H",1,0,2,1,202,152
"H",1,0,2,2,60,46
"H",1,0,2,3,48,44
"H",1,0,2,4,12,9
"H",1,0,2,5,3,3
"H",1,0,3,-1,305,168
"H",1,0,3,-2,118,60
"H",1,0,3,-3,64,20
"H",1,0,3,-4,37,9
"H",1,0,3,-5,13,2
"H",1,0,3,-6,5,2
"H",1,0,3,-8,1,0
"H",1,0,3,-9,1,0
"H",1,0,3,0,1242,829
"H",1,0,3,1,169,131
"H",1,0,3,2,76,62
"H",1,0,3,3,25,21
"H",1,0,3,4,8,5
"H",1,0,3,5,3,3
"H",1,0,4,-1,330,207
"H",1,0,4,-10,1,0
"H",1,0,4,-2,189,99
"H",1,0,4,-3,100,50
"H",1,0,4,-4,49,17
"H",1,0,4,-5,19,9
"H",1,0,4,-6,7,2
"H",1,0,4,-7,1,0
"H",1,0,4,-8,1,0
"H",1,0,4,0,1331,936
"H",1,0,4,1,173,131
"H",1,0,4,2,67,53
"H",1,0,4,3,29,27
"H",1,0,4,4,5,4
"H",1,0,4,5,2,2
"H",1,0,5,-1,106,60
"H",1,0,5,-2,45,17
"H",1,0,5,-3,15,7
"H",1,0,5,-4,13,5
"H",1,0,5,-5,3,1
"H",1,0,5,-6,1,1
"H",1,0,5,0,401,263
"H",1,0,5,1,122,89
"H",1,0,5,2,53,48
"H",1,0,5,3,18,16
"H",1,0,5,4,5,5
"H",1,0,5,6,1,1
"H",1,0,6,-1,151,96
"H",1,0,6,-2,63,24
"H",1,0,6,-3,22,10
"H",1,0,6,-4,16,5
"H",1,0,6,-5,3,0
"H",1,0,6,-6,1,0
"H",1,0,6,0,545,394
"H",1,0,6,1,138,109
"H",1,0,6,2,51,50
"H",1,0,6,3,19,16
"H",1,0,6,4,7,7
"H",1,0,6,5,2,2
"H",1,0,6,6,1,1
"H",1,0,7,-1,85,64
"H",1,0,7,-10,1,0
"H",1,0,7,-2,39,21
"H",1,0,7,-3,13,6
"H",1,0,7,-4,10,2
"H",1,0,7,-5,3,1
"H",1,0,7,-6,1,0
"H",1,0,7,-7,1,0
"H",1,0,7,0,273,193
"H",1,0,7,1,86,77
"H",1,0,7,2,40,33
"H",1,0,7,3,11,11
"H",1,0,7,4,3,2
"H",1,0,7,5,1,1
"H",1,0,8,-1,83,62
"H",1,0,8,-2,49,25
"H",1,0,8,-3,24,16
"H",1,0,8,-4,15,7
"H",1,0,8,-5,5,3
"H",1,0,8,-6,2,1
"H",1,0,8,0,301,218
"H",1,0,8,1,96,79
"H",1,0,8,2,35,30
"H",1,0,8,3,18,16
"H",1,0,8,4,3,2
"H",1,0,8,5,1,1
"H",1,1,1,-1,2827,1285
"H",1,1,1,-2,1384,489
"H",1,1,1,-3,710,187
"H",1,1,1,-4,302,61
"H",1,1,1,-5,98,11
"H",1,1,1,-6,35,6
"H",1,1,1,-7,16,0
"H",1,1,1,-8,4,0
"H",1,1,1,-9,7,1
"H",1,1,1,0,12838,7390
"H",1,1,1,1,354,245
"H",1,1,1,2,204,156
"H",1,1,1,3,139,115
"H",1,1,1,4,48,45
"H",1,1,1,5,18,17
"H",1,1,1,6,6,5
"H",1,1,1,7,4,4
"H",1,1,2,-1,1347,643
"H",1,1,2,-2,757,318
"H",1,1,2,-3,379,115
"H",1,1,2,-4,152,38
"H",1,1,2,-5,45,5
"H",1,1,2,-6,24,1
"H",1,1,2,-7,9,0
"H",1,1,2,-8,1,0
"H",1,1,2,-9,5,1
"H",1,1,2,0,5812,3540
"H",1,1,2,1,838,618
"H",1,1,2,2,359,285
"H",1,1,2,3,169,145
"H",1,1,2,4,64,55
"H",1,1,2,5,20,19
"H",1,1,2,6,15,14
"H",1,1,2,7,2,2
"H",1,1,3,-1,657,316
"H",1,1,3,-2,261,111
"H",1,1,3,-3,118,39
"H",1,1,3,-4,49,14
"H",1,1,3,-5,17,4
"H",1,1,3,-6,7,1
"H",1,1,3,-8,2,0
"H",1,1,3,-9,1,0
"H",1,1,3,0,3018,1864
"H",1,1,3,1,596,442
"H",1,1,3,2,302,227
"H",1,1,3,3,128,110
"H",1,1,3,4,61,54
"H",1,1,3,5,20,20
"H",1,1,3,6,5,5
"H",1,1,3,7,3,3
"H",1,1,3,8,1,1
"H",1,1,4,-1,430,230
"H",1,1,4,-10,1,0
"H",1,1,4,-2,242,120
"H",1,1,4,-3,125,37
"H",1,1,4,-4,54,13
"H",1,1,4,-5,13,3
"H",1,1,4,-6,8,0
"H",1,1,4,-7,4,0
"H",1,1,4,-8,3,0
"H",1,1,4,0,1761,1138
"H",1,1,4,1,452,329
"H",1,1,4,2,197,163
"H",1,1,4,3,89,80
"H",1,1,4,4,56,49
"H",1,1,4,5,13,13
"H",1,1,4,6,5,5
"H",1,1,4,7,3,3
"H",1,1,5,-1,266,158
"H",1,1,5,-2,99,40
"H",1,1,5,-3,52,14
"H",1,1,5,-4,25,5
"H",1,1,5,-5,6,2
"H",1,1,5,-6,5,2
"H",1,1,5,0,1025,677
"H",1,1,5,1,437,343
"H",1,1,5,11,1,1
"H",1,1,5,2,175,150
"H",1,1,5,3,75,68
"H",1,1,5,4,28,22
"H",1,1,5,5,11,11
"H",1,1,5,6,3,3
"H",1,1,5,7,1,1
"H",1,1,5,8,2,2
"H",1,1,6,-1,265,151
"H",1,1,6,-2,123,63
"H",1,1,6,-3,63,13
"H",1,1,6,-4,29,6
"H",1,1,6,-5,9,2
"H",1,1,6,-6,6,0
"H",1,1,6,-7,2,0
"H",1,1,6,0,993,681
"H",1,1,6,1,434,342
"H",1,1,6,11,1,1
"H",1,1,6,2,177,150
"H",1,1,6,3,78,72
"H",1,1,6,4,33,28
"H",1,1,6,5,18,18
"H",1,1,6,6,9,9
"H",1,1,6,7,1,1
"H",1,1,6,8,1,1
"H",1,1,7,-1,239,133
"H",1,1,7,-10,1,0
"H",1,1,7,-2,100,45
"H",1,1,7,-3,56,29
"H",1,1,7,-4,26,13
"H",1,1,7,-5,9,2
"H",1,1,7,-6,3,0
"H",1,1,7,-7,1,0
"H",1,1,7,0,907,643
"H",1,1,7,1,303,236
"H",1,1,7,2,140,114
"H",1,1,7,3,45,41
"H",1,1,7,4,15,13
"H",1,1,7,5,7,6
"H",1,1,7,6,3,3
"H",1,1,7,7,1,1
"H",1,1,8,-1,142,90
"H",1,1,8,-2,84,40
"H",1,1,8,-3,37,17
"H",1,1,8,-4,16,6
"H",1,1,8,-5,4,0
"H",1,1,8,-6,3,1
"H",1,1,8,-7,1,0
"H",1,1,8,-8,1,0
"H",1,1,8,0,532,363
"H",1,1,8,1,244,184
"H",1,1,8,2,104,90
"H",1,1,8,3,40,34
"H",1,1,8,4,18,17
"H",1,1,8,5,6,6
"H",1,1,8,6,2,2
"H",1,1,8,7,1,1
"H",1,1,8,8,1,1
"H",1,2,1,-1,2092,919
"H",1,2,1,-2,984,313
"H",1,2,1,-3,508,114
"H",1,2,1,-4,218,38
"H",1,2,1,-5,83,9
"H",1,2,1,-6,23,4
"H",1,2,1,-7,11,0
"H",1,2,1,-8,6,0
"H",1,2,1,-9,3,0
"H",1,2,1,0,9344,5198
"H",1,2,1,1,801,522
"H",1,2,1,2,463,354
"H",1,2,1,3,208,180
"H",1,2,1,4,86,76
"H",1,2,1,5,35,30
"H",1,2,1,6,12,12
"H",1,2,1,7,7,7
"H",1,2,1,8,3,3
"H",1,2,1,9,1,1
"H",1,2,2,-1,1239,560
"H",1,2,2,-2,672,227
"H",1,2,2,-3,335,84
"H",1,2,2,-4,137,33
"H",1,2,2,-5,41,4
"H",1,2,2,-6,22,3
"H",1,2,2,-7,10,0
"H",1,2,2,-8,2,1
"H",1,2,2,-9,3,0
"H",1,2,2,0,5147,2923
"H",1,2,2,1,1300,875
"H",1,2,2,10,1,1
"H",1,2,2,2,684,553
"H",1,2,2,3,319,279
"H",1,2,2,4,134,118
"H",1,2,2,5,50,48
"H",1,2,2,6,20,18
"H",1,2,2,7,10,9
"H",1,2,2,8,3,3
"H",1,2,2,9,3,3
"H",1,2,3,-1,745,340
"H",1,2,3,-2,335,133
"H",1,2,3,-3,150,41
"H",1,2,3,-4,47,8
"H",1,2,3,-5,20,4
"H",1,2,3,-6,7,0
"H",1,2,3,-8,1,0
"H",1,2,3,-9,4,1
"H",1,2,3,0,2937,1734
"H",1,2,3,1,1107,762
"H",1,2,3,10,1,1
"H",1,2,3,2,581,447
"H",1,2,3,3,252,218
"H",1,2,3,4,129,115
"H",1,2,3,5,42,38
"H",1,2,3,6,22,20
"H",1,2,3,7,4,4
"H",1,2,3,8,3,3
"H",1,2,3,9,2,2
"H",1,2,4,-1,435,205
"H",1,2,4,-2,242,105
"H",1,2,4,-3,113,27
"H",1,2,4,-4,39,9
"H",1,2,4,-5,12,3
"H",1,2,4,-6,8,1
"H",1,2,4,-7,3,0
"H",1,2,4,-8,3,0
"H",1,2,4,0,1603,950
"H",1,2,4,1,636,429
"H",1,2,4,10,2,2
"H",1,2,4,2,306,238
"H",1,2,4,3,157,136
"H",1,2,4,4,75,66
"H",1,2,4,5,18,18
"H",1,2,4,6,15,14
"H",1,2,4,7,7,7
"H",1,2,5,-1,334,152
"H",1,2,5,-2,149,53
"H",1,2,5,-3,63,30
"H",1,2,5,-4,23,9
"H",1,2,5,-5,12,2
"H",1,2,5,-6,3,1
"H",1,2,5,0,1335,775
"H",1,2,5,1,644,470
"H",1,2,5,11,1,1
"H",1,2,5,2,309,227
"H",1,2,5,3,129,103
"H",1,2,5,4,68,61
"H",1,2,5,5,20,18
"H",1,2,5,6,10,9
"H",1,2,5,7,8,8
"H",1,2,5,8,2,2
"H",1,2,5,9,1,1
"H",1,2,6,-1,274,125
"H",1,2,6,-2,131,55
"H",1,2,6,-3,71,21
"H",1,2,6,-4,25,3
"H",1,2,6,-5,7,0
"H",1,2,6,-6,4,1
"H",1,2,6,-8,1,0
"H",1,2,6,0,1069,632
"H",1,2,6,1,530,386
"H",1,2,6,2,258,198
"H",1,2,6,3,115,97
"H",1,2,6,4,52,45
"H",1,2,6,5,22,20
"H",1,2,6,6,11,11
"H",1,2,6,7,1,1
"H",1,2,6,8,2,2
"H",1,2,6,9,1,1
"H",1,2,7,-1,214,105
"H",1,2,7,-10,1,0
"H",1,2,7,-2,77,32
"H",1,2,7,-3,48,10
"H",1,2,7,-4,17,3
"H",1,2,7,-5,7,1
"H",1,2,7,-6,8,1
"H",1,2,7,-7,2,0
"H",1,2,7,0,679,417
"H",1,2,7,1,357,260
"H",1,2,7,2,206,168
"H",1,2,7,3,68,64
"H",1,2,7,4,28,22
"H",1,2,7,5,17,17
"H",1,2,7,6,9,9
"H",1,2,7,7,1,1
"H",1,2,7,8,1,1
"H",1,2,8,-1,136,66
"H",1,2,8,-10,1,0
"H",1,2,8,-2,88,33
"H",1,2,8,-3,44,12
"H",1,2,8,-4,16,2
"H",1,2,8,-5,5,2
"H",1,2,8,-6,3,2
"H",1,2,8,-7,1,0
"H",1,2,8,-8,2,0
"H",1,2,8,0,504,312
"H",1,2,8,1,276,203
"H",1,2,8,2,143,120
"H",1,2,8,3,72,65
"H",1,2,8,4,30,25
"H",1,2,8,5,11,11
"H",1,2,8,6,6,6
"H",1,2,8,7,6,6
"H",1,2,8,8,1,1
"H",2,0,1,-1,5196,2426
"H",2,0,1,-10,9,0
"H",2,0,1,-11,6,0
"H",2,0,1,-12,3,0
"H",2,0,1,-13,1,0
"H",2,0,1,-2,2759,943
"H",2,0,1,-3,1387,345
"H",2,0,1,-4,672,135
"H",2,0,1,-5,351,57
"H",2,0,1,-6,196,13
"H",2,0,1,-7,90,7
"H",2,0,1,-8,42,4
"H",2,0,1,-9,29,2
"H",2,0,1,0,11961,7043
"H",2,0,1,1,3438,2431
"H",2,0,1,10,2,2
"H",2,0,1,11,1,1
"H",2,0,1,2,1795,1431
"H",2,0,1,3,774,679
"H",2,0,1,4,373,334
"H",2,0,1,5,129,121
"H",2,0,1,6,49,48
"H",2,0,1,7,29,28
"H",2,0,1,8,12,12
"H",2,0,1,9,6,6
"H",2,0,2,-1,1523,784
"H",2,0,2,-10,3,0
"H",2,0,2,-11,1,0
"H",2,0,2,-12,2,0
"H",2,0,2,-13,1,0
"H",2,0,2,-2,792,300
"H",2,0,2,-3,403,112
"H",2,0,2,-4,210,52
"H",2,0,2,-5,123,25
"H",2,0,2,-6,58,5
"H",2,0,2,-7,24,2
"H",2,0,2,-8,9,0
"H",2,0,2,-9,10,1
"H",2,0,2,0,3469,2175
"H",2,0,2,1,1094,820
"H",2,0,2,10,1,1
"H",2,0,2,11,1,1
"H",2,0,2,2,579,477
"H",2,0,2,3,240,217
"H",2,0,2,4,123,114
"H",2,0,2,5,48,46
"H",2,0,2,6,26,25
"H",2,0,2,7,12,12
"H",2,0,2,8,6,6
"H",2,0,2,9,1,1
"H",2,0,3,-1,346,171
"H",2,0,3,-2,197,84
"H",2,0,3,-3,96,28
"H",2,0,3,-4,56,14
"H",2,0,3,-5,25,7
"H",2,0,3,-6,20,4
"H",2,0,3,-7,6,0
"H",2,0,3,-8,3,1
"H",2,0,3,-9,2,1
"H",2,0,3,0,801,512
"H",2,0,3,1,314,244
"H",2,0,3,2,148,122
"H",2,0,3,3,60,55
"H",2,0,3,4,38,36
"H",2,0,3,5,10,8
"H",2,0,3,6,4,4
"H",2,0,3,7,3,3
"H",2,0,3,8,3,3
"H",2,0,3,9,1,1
"H",2,0,4,-1,327,203
"H",2,0,4,-2,232,104
"H",2,0,4,-3,98,37
"H",2,0,4,-4,58,14
"H",2,0,4,-5,39,9
"H",2,0,4,-6,19,2
"H",2,0,4,-7,5,2
"H",2,0,4,-9,2,0
"H",2,0,4,0,674,465
"H",2,0,4,1,259,212
"H",2,0,4,2,155,133
"H",2,0,4,3,60,53
"H",2,0,4,4,34,31
"H",2,0,4,5,21,21
"H",2,0,4,6,7,6
"H",2,0,4,7,5,5
"H",2,0,4,8,1,1
"H",2,0,5,-1,94,51
"H",2,0,5,-11,1,0
"H",2,0,5,-2,48,22
"H",2,0,5,-3,30,15
"H",2,0,5,-4,14,3
"H",2,0,5,-5,2,1
"H",2,0,5,-6,2,0
"H",2,0,5,-7,1,0
"H",2,0,5,-8,1,1
"H",2,0,5,0,250,167
"H",2,0,5,1,112,91
"H",2,0,5,10,1,1
"H",2,0,5,2,63,54
"H",2,0,5,3,28,25
"H",2,0,5,4,15,14
"H",2,0,5,5,5,5
"H",2,0,5,6,5,5
"H",2,0,5,9,1,1
"H",2,0,6,-1,141,71
"H",2,0,6,-10,1,0
"H",2,0,6,-12,1,0
"H",2,0,6,-13,1,0
"H",2,0,6,-2,61,25
"H",2,0,6,-3,33,14
"H",2,0,6,-4,15,2
"H",2,0,6,-5,9,3
"H",2,0,6,-6,11,1
"H",2,0,6,-7,4,0
"H",2,0,6,-8,2,0
"H",2,0,6,-9,1,0
"H",2,0,6,0,341,244
"H",2,0,6,1,138,109
"H",2,0,6,11,1,1
"H",2,0,6,2,64,55
"H",2,0,6,3,32,30
"H",2,0,6,4,19,18
"H",2,0,6,5,5,4
"H",2,0,6,6,4,4
"H",2,0,6,7,2,2
"H",2,0,6,8,1,1
"H",2,0,6,9,1,1
"H",2,0,7,-1,87,60
"H",2,0,7,-2,31,13
"H",2,0,7,-3,20,8
"H",2,0,7,-4,9,1
"H",2,0,7,-5,8,3
"H",2,0,7,-6,2,0
"H",2,0,7,-7,2,0
"H",2,0,7,-8,1,0
"H",2,0,7,-9,1,0
"H",2,0,7,0,158,111
"H",2,0,7,1,75,62
"H",2,0,7,2,36,33
"H",2,0,7,3,22,20
"H",2,0,7,4,10,10
"H",2,0,7,5,6,6
"H",2,0,7,6,1,1
"H",2,0,7,7,1,1
"H",2,0,8,-1,75,45
"H",2,0,8,-2,50,21
"H",2,0,8,-3,26,17
"H",2,0,8,-4,19,4
"H",2,0,8,-5,11,4
"H",2,0,8,-6,2,0
"H",2,0,8,-7,1,0
"H",2,0,8,0,152,113
"H",2,0,8,1,83,70
"H",2,0,8,11,1,1
"H",2,0,8,12,1,1
"H",2,0,8,2,44,42
"H",2,0,8,3,23,22
"H",2,0,8,4,11,10
"H",2,0,8,5,6,6
"H",2,0,8,6,4,4
"H",2,0,8,7,2,2
"H",2,0,8,8,1,1
"H",2,1,1,-1,3435,1509
"H",2,1,1,-10,7,0
"H",2,1,1,-11,4,0
"H",2,1,1,-12,1,0
"H",2,1,1,-2,1773,563
"H",2,1,1,-3,882,200
"H",2,1,1,-4,397,65
"H",2,1,1,-5,208,27
"H",2,1,1,-6,120,4
"H",2,1,1,-7,59,5
"H",2,1,1,-8,28,2
"H",2,1,1,-9,16,0
"H",2,1,1,0,7810,4376
"H",2,1,1,1,2433,1662
"H",2,1,1,10,2,2
"H",2,1,1,2,1264,983
"H",2,1,1,3,564,484
"H",2,1,1,4,259,229
"H",2,1,1,5,99,94
"H",2,1,1,6,30,29
"H",2,1,1,7,32,31
"H",2,1,1,8,11,11
"H",2,1,1,9,4,4
"H",2,1,2,-1,1538,724
"H",2,1,2,-10,4,0
"H",2,1,2,-11,3,0
"H",2,1,2,-12,3,0
"H",2,1,2,-2,836,292
"H",2,1,2,-3,421,106
"H",2,1,2,-4,214,45
"H",2,1,2,-5,122,19
"H",2,1,2,-6,51,3
"H",2,1,2,-7,28,1
"H",2,1,2,-8,18,2
"H",2,1,2,-9,10,1
"H",2,1,2,0,3508,2088
"H",2,1,2,1,1392,995
"H",2,1,2,10,3,3
"H",2,1,2,11,2,2
"H",2,1,2,2,711,580
"H",2,1,2,3,343,303
"H",2,1,2,4,154,143
"H",2,1,2,5,76,70
"H",2,1,2,6,37,35
"H",2,1,2,7,20,20
"H",2,1,2,8,10,10
"H",2,1,2,9,4,4
"H",2,1,3,-1,664,326
"H",2,1,3,-10,1,0
"H",2,1,3,-2,273,93
"H",2,1,3,-3,137,34
"H",2,1,3,-4,70,20
"H",2,1,3,-5,37,11
"H",2,1,3,-6,19,1
"H",2,1,3,-7,9,2
"H",2,1,3,-8,5,1
"H",2,1,3,-9,3,1
"H",2,1,3,0,1571,968
"H",2,1,3,1,727,541
"H",2,1,3,10,1,1
"H",2,1,3,2,421,347
"H",2,1,3,3,195,180
"H",2,1,3,4,119,110
"H",2,1,3,5,42,39
"H",2,1,3,6,24,23
"H",2,1,3,7,12,12
"H",2,1,3,8,10,10
"H",2,1,3,9,3,3
"H",2,1,4,-1,428,233
"H",2,1,4,-10,2,0
"H",2,1,4,-11,1,0
"H",2,1,4,-2,262,107
"H",2,1,4,-3,124,31
"H",2,1,4,-4,86,19
"H",2,1,4,-5,41,7
"H",2,1,4,-6,19,1
"H",2,1,4,-7,15,1
"H",2,1,4,-8,4,0
"H",2,1,4,-9,4,0
"H",2,1,4,0,940,579
"H",2,1,4,1,510,384
"H",2,1,4,10,2,2
"H",2,1,4,11,1,1
"H",2,1,4,12,1,1
"H",2,1,4,13,1,1
"H",2,1,4,14,2,2
"H",2,1,4,2,290,245
"H",2,1,4,3,160,139
"H",2,1,4,4,74,70
"H",2,1,4,5,41,38
"H",2,1,4,6,15,14
"H",2,1,4,7,11,10
"H",2,1,4,8,7,7
"H",2,1,4,9,2,2
"H",2,1,5,-1,249,124
"H",2,1,5,-2,126,52
"H",2,1,5,-3,50,12
"H",2,1,5,-4,33,9
"H",2,1,5,-5,10,1
"H",2,1,5,-6,7,0
"H",2,1,5,-7,1,0
"H",2,1,5,-8,1,1
"H",2,1,5,-9,2,0
"H",2,1,5,0,618,387
"H",2,1,5,1,348,273
"H",2,1,5,10,2,2
"H",2,1,5,2,189,157
"H",2,1,5,3,97,83
"H",2,1,5,4,48,46
"H",2,1,5,5,30,30
"H",2,1,5,6,25,25
"H",2,1,5,7,5,5
"H",2,1,5,8,6,6
"H",2,1,5,9,2,2
"H",2,1,6,-1,191,99
"H",2,1,6,-11,1,0
"H",2,1,6,-12,2,0
"H",2,1,6,-2,108,41
"H",2,1,6,-3,57,18
"H",2,1,6,-4,29,9
"H",2,1,6,-5,10,3
"H",2,1,6,-6,5,0
"H",2,1,6,-7,3,1
"H",2,1,6,-8,4,1
"H",2,1,6,-9,1,0
"H",2,1,6,0,505,332
"H",2,1,6,1,306,216
"H",2,1,6,10,3,3
"H",2,1,6,15,1,1
"H",2,1,6,2,163,140
"H",2,1,6,3,94,85
"H",2,1,6,4,52,47
"H",2,1,6,5,35,32
"H",2,1,6,6,15,15
"H",2,1,6,7,5,5
"H",2,1,6,8,6,6
"H",2,1,6,9,2,2
"H",2,1,7,-1,216,121
"H",2,1,7,-12,1,0
"H",2,1,7,-2,127,63
"H",2,1,7,-3,57,18
"H",2,1,7,-4,26,10
"H",2,1,7,-5,5,1
"H",2,1,7,-6,6,0
"H",2,1,7,-7,3,2
"H",2,1,7,0,478,331
"H",2,1,7,1,245,198
"H",2,1,7,10,1,1
"H",2,1,7,2,128,106
"H",2,1,7,3,78,71
"H",2,1,7,4,35,33
"H",2,1,7,5,30,29
"H",2,1,7,6,8,8
"H",2,1,7,7,7,7
"H",2,1,7,8,2,2
"H",2,1,7,9,1,1
"H",2,1,8,-1,129,74
"H",2,1,8,-2,73,30
"H",2,1,8,-3,44,17
"H",2,1,8,-4,27,6
"H",2,1,8,-5,18,3
"H",2,1,8,-6,4,1
"H",2,1,8,-7,2,1
"H",2,1,8,0,289,208
"H",2,1,8,1,182,142
"H",2,1,8,10,1,1
"H",2,1,8,12,1,1
"H",2,1,8,14,1,1
"H",2,1,8,2,99,81
"H",2,1,8,3,78,71
"H",2,1,8,4,34,33
"H",2,1,8,5,18,17
"H",2,1,8,6,11,11
"H",2,1,8,7,5,5
"H",2,1,8,8,5,5
"H",2,2,1,-1,2571,1082
"H",2,2,1,-10,5,0
"H",2,2,1,-11,2,0
"H",2,2,1,-2,1300,401
"H",2,2,1,-3,673,141
"H",2,2,1,-4,293,46
"H",2,2,1,-5,152,16
"H",2,2,1,-6,95,4
"H",2,2,1,-7,42,4
"H",2,2,1,-8,16,0
"H",2,2,1,-9,11,0
"H",2,2,1,0,5826,3120
"H",2,2,1,1,2072,1381
"H",2,2,1,10,2,2
"H",2,2,1,2,1106,867
"H",2,2,1,3,494,417
"H",2,2,1,4,264,234
"H",2,2,1,5,115,108
"H",2,2,1,6,51,50
"H",2,2,1,7,42,41
"H",2,2,1,8,18,18
"H",2,2,1,9,5,5
"H",2,2,2,-1,1398,580
"H",2,2,2,-10,3,0
"H",2,2,2,-11,3,0
"H",2,2,2,-12,1,0
"H",2,2,2,-2,766,250
"H",2,2,2,-3,403,87
"H",2,2,2,-4,177,33
"H",2,2,2,-5,122,14
"H",2,2,2,-6,56,7
"H",2,2,2,-7,16,2
"H",2,2,2,-8,16,1
"H",2,2,2,-9,7,1
"H",2,2,2,0,3123,1770
"H",2,2,2,1,1470,1028
"H",2,2,2,10,1,1
"H",2,2,2,11,1,1
"H",2,2,2,12,1,1
"H",2,2,2,16,2,2
"H",2,2,2,2,801,617
"H",2,2,2,3,420,351
"H",2,2,2,4,215,196
"H",2,2,2,5,140,132
"H",2,2,2,6,66,63
"H",2,2,2,7,32,32
"H",2,2,2,8,22,22
"H",2,2,2,9,13,13
"H",2,2,3,-1,730,346
"H",2,2,3,-10,2,0
"H",2,2,3,-11,1,0
"H",2,2,3,-2,324,103
"H",2,2,3,-3,173,47
"H",2,2,3,-4,77,11
"H",2,2,3,-5,46,6
"H",2,2,3,-6,20,0
"H",2,2,3,-7,11,1
"H",2,2,3,-8,5,0
"H",2,2,3,-9,3,1
"H",2,2,3,0,1651,957
"H",2,2,3,1,911,655
"H",2,2,3,10,1,1
"H",2,2,3,11,2,2
"H",2,2,3,2,577,464
"H",2,2,3,3,326,286
"H",2,2,3,4,203,186
"H",2,2,3,5,107,100
"H",2,2,3,6,74,71
"H",2,2,3,7,37,37
"H",2,2,3,8,18,18
"H",2,2,3,9,11,11
"H",2,2,4,-1,473,224
"H",2,2,4,-10,4,0
"H",2,2,4,-11,2,0
"H",2,2,4,-2,297,113
"H",2,2,4,-3,151,32
"H",2,2,4,-4,73,14
"H",2,2,4,-5,39,2
"H",2,2,4,-6,17,1
"H",2,2,4,-7,12,0
"H",2,2,4,-8,3,0
"H",2,2,4,-9,6,0
"H",2,2,4,0,996,594
"H",2,2,4,1,622,437
"H",2,2,4,10,5,5
"H",2,2,4,12,1,1
"H",2,2,4,2,392,301
"H",2,2,4,3,195,158
"H",2,2,4,4,98,89
"H",2,2,4,5,72,69
"H",2,2,4,6,39,39
"H",2,2,4,7,19,19
"H",2,2,4,8,13,13
"H",2,2,4,9,6,6
"H",2,2,5,-1,292,142
"H",2,2,5,-2,162,49
"H",2,2,5,-3,78,14
"H",2,2,5,-4,33,6
"H",2,2,5,-5,11,2
"H",2,2,5,-6,14,2
"H",2,2,5,-7,2,1
"H",2,2,5,-8,1,0
"H",2,2,5,-9,2,0
"H",2,2,5,0,717,407
"H",2,2,5,1,421,291
"H",2,2,5,10,1,1
"H",2,2,5,11,1,1
"H",2,2,5,2,272,223
"H",2,2,5,3,170,152
"H",2,2,5,4,115,103
"H",2,2,5,5,50,48
"H",2,2,5,6,37,34
"H",2,2,5,7,13,13
"H",2,2,5,8,13,13
"H",2,2,5,9,1,1
"H",2,2,6,-1,271,123
"H",2,2,6,-2,117,41
"H",2,2,6,-3,73,11
"H",2,2,6,-4,32,6
"H",2,2,6,-5,15,4
"H",2,2,6,-6,10,2
"H",2,2,6,-7,4,0
"H",2,2,6,-8,6,0
"H",2,2,6,-9,1,1
"H",2,2,6,0,569,342
"H",2,2,6,1,409,278
"H",2,2,6,10,2,2
"H",2,2,6,11,1,1
"H",2,2,6,2,242,197
"H",2,2,6,3,152,132
"H",2,2,6,4,69,61
"H",2,2,6,5,49,48
"H",2,2,6,6,22,21
"H",2,2,6,7,8,8
"H",2,2,6,8,7,7
"H",2,2,6,9,8,8
"H",2,2,7,-1,197,101
"H",2,2,7,-2,100,35
"H",2,2,7,-3,45,13
"H",2,2,7,-4,24,3
"H",2,2,7,-5,12,1
"H",2,2,7,-6,11,0
"H",2,2,7,-7,1,0
"H",2,2,7,-8,1,0
"H",2,2,7,0,398,221
"H",2,2,7,1,244,173
"H",2,2,7,10,2,2
"H",2,2,7,14,1,1
"H",2,2,7,2,185,163
"H",2,2,7,3,101,85
"H",2,2,7,4,60,56
"H",2,2,7,5,29,27
"H",2,2,7,6,15,14
"H",2,2,7,7,11,10
"H",2,2,7,8,7,7
"H",2,2,7,9,1,1
"H",2,2,8,-1,178,91
"H",2,2,8,-10,3,0
"H",2,2,8,-2,91,34
"H",2,2,8,-3,66,19
"H",2,2,8,-4,26,6
"H",2,2,8,-5,15,2
"H",2,2,8,-6,4,1
"H",2,2,8,-7,5,0
"H",2,2,8,-8,1,0
"H",2,2,8,0,345,215
"H",2,2,8,1,215,144
"H",2,2,8,10,3,3
"H",2,2,8,12,1,1
"H",2,2,8,14,1,1
"H",2,2,8,2,153,134
"H",2,2,8,3,96,84
"H",2,2,8,4,48,45
"H",2,2,8,5,21,20
"H",2,2,8,6,10,10
"H",2,2,8,7,7,7
"H",2,2,8,8,7,7
"H",2,2,8,9,2,2
"H",3,0,1,-1,4836,2217
"H",3,0,1,-10,22,0
"H",3,0,1,-11,14,0
"H",3,0,1,-12,5,0
"H",3,0,1,-13,1,0
"H",3,0,1,-14,3,0
"H",3,0,1,-15,2,0
"H",3,0,1,-2,2984,1029
"H",3,0,1,-3,1894,472
"H",3,0,1,-4,1078,185
"H",3,0,1,-5,621,70
"H",3,0,1,-6,314,22
"H",3,0,1,-7,160,13
"H",3,0,1,-8,79,3
"H",3,0,1,-9,35,3
"H",3,0,1,0,8370,4923
"H",3,0,1,1,4056,2952
"H",3,0,1,10,12,12
"H",3,0,1,11,3,3
"H",3,0,1,14,1,1
"H",3,0,1,15,1,1
"H",3,0,1,16,1,1
"H",3,0,1,2,2294,1893
"H",3,0,1,3,1161,1016
"H",3,0,1,4,632,584
"H",3,0,1,5,329,318
"H",3,0,1,6,180,171
"H",3,0,1,7,94,93
"H",3,0,1,8,46,46
"H",3,0,1,9,24,24
"H",3,0,2,-1,1297,679
"H",3,0,2,-10,6,0
"H",3,0,2,-11,2,0
"H",3,0,2,-15,1,0
"H",3,0,2,-2,842,328
"H",3,0,2,-3,541,159
"H",3,0,2,-4,298,61
"H",3,0,2,-5,157,26
"H",3,0,2,-6,71,6
"H",3,0,2,-7,46,7
"H",3,0,2,-8,24,2
"H",3,0,2,-9,11,2
"H",3,0,2,0,2139,1363
"H",3,0,2,1,1181,903
"H",3,0,2,10,3,3
"H",3,0,2,15,1,1
"H",3,0,2,16,1,1
"H",3,0,2,2,707,601
"H",3,0,2,3,358,318
"H",3,0,2,4,231,215
"H",3,0,2,5,104,103
"H",3,0,2,6,57,54
"H",3,0,2,7,28,28
"H",3,0,2,8,13,13
"H",3,0,2,9,8,8
"H",3,0,3,-1,251,135
"H",3,0,3,-10,1,0
"H",3,0,3,-2,144,67
"H",3,0,3,-3,106,35
"H",3,0,3,-4,44,9
"H",3,0,3,-5,36,5
"H",3,0,3,-6,23,1
"H",3,0,3,-7,8,1
"H",3,0,3,-8,3,0
"H",3,0,3,-9,3,0
"H",3,0,3,0,405,273
"H",3,0,3,1,280,218
"H",3,0,3,10,3,3
"H",3,0,3,11,1,1
"H",3,0,3,2,179,154
"H",3,0,3,3,109,100
"H",3,0,3,4,65,57
"H",3,0,3,5,36,33
"H",3,0,3,6,22,21
"H",3,0,3,7,7,7
"H",3,0,3,8,2,2
"H",3,0,3,9,3,3
"H",3,0,4,-1,275,177
"H",3,0,4,-10,1,0
"H",3,0,4,-2,204,91
"H",3,0,4,-3,147,63
"H",3,0,4,-4,65,19
"H",3,0,4,-5,41,10
"H",3,0,4,-6,18,1
"H",3,0,4,-7,10,2
"H",3,0,4,-8,5,1
"H",3,0,4,-9,2,0
"H",3,0,4,0,398,291
"H",3,0,4,1,265,218
"H",3,0,4,15,1,1
"H",3,0,4,2,159,142
"H",3,0,4,3,80,74
"H",3,0,4,4,59,56
"H",3,0,4,5,37,36
"H",3,0,4,6,15,15
"H",3,0,4,7,8,8
"H",3,0,4,8,5,5
"H",3,0,4,9,5,5
"H",3,0,5,-1,76,35
"H",3,0,5,-10,1,0
"H",3,0,5,-2,37,17
"H",3,0,5,-3,37,13
"H",3,0,5,-4,18,6
"H",3,0,5,-5,8,1
"H",3,0,5,-6,3,0
"H",3,0,5,-7,1,0
"H",3,0,5,-8,1,0
"H",3,0,5,-9,1,0
"H",3,0,5,0,154,116
"H",3,0,5,1,100,81
"H",3,0,5,12,1,1
"H",3,0,5,14,1,1
"H",3,0,5,2,83,70
"H",3,0,5,3,46,44
"H",3,0,5,4,37,36
"H",3,0,5,5,16,16
"H",3,0,5,6,8,8
"H",3,0,5,7,6,6
"H",3,0,5,8,1,1
"H",3,0,6,-1,108,61
"H",3,0,6,-2,78,42
"H",3,0,6,-3,45,19
"H",3,0,6,-4,20,6
"H",3,0,6,-5,13,2
"H",3,0,6,-6,8,1
"H",3,0,6,-7,5,1
"H",3,0,6,-8,2,0
"H",3,0,6,-9,4,2
"H",3,0,6,0,176,133
"H",3,0,6,1,124,109
"H",3,0,6,11,1,1
"H",3,0,6,2,103,91
"H",3,0,6,3,56,51
"H",3,0,6,4,38,35
"H",3,0,6,5,19,19
"H",3,0,6,6,5,5
"H",3,0,6,7,5,5
"H",3,0,6,8,1,1
"H",3,0,6,9,1,1
"H",3,0,7,-1,62,41
"H",3,0,7,-2,44,27
"H",3,0,7,-3,24,11
"H",3,0,7,-4,17,5
"H",3,0,7,-5,7,1
"H",3,0,7,-6,5,2
"H",3,0,7,-7,4,1
"H",3,0,7,-8,4,0
"H",3,0,7,0,73,52
"H",3,0,7,1,68,54
"H",3,0,7,10,1,1
"H",3,0,7,2,63,57
"H",3,0,7,3,32,30
"H",3,0,7,4,23,23
"H",3,0,7,5,8,8
"H",3,0,7,6,3,3
"H",3,0,7,7,1,1
"H",3,0,7,8,1,1
"H",3,0,8,-1,65,43
"H",3,0,8,-2,52,28
"H",3,0,8,-3,41,18
"H",3,0,8,-4,23,8
"H",3,0,8,-5,11,4
"H",3,0,8,-6,7,1
"H",3,0,8,-7,4,0
"H",3,0,8,-8,1,1
"H",3,0,8,-9,1,1
"H",3,0,8,0,101,82
"H",3,0,8,1,73,68
"H",3,0,8,10,1,1
"H",3,0,8,11,1,1
"H",3,0,8,2,55,54
"H",3,0,8,3,32,28
"H",3,0,8,4,16,16
"H",3,0,8,5,12,12
"H",3,0,8,6,3,3
"H",3,0,8,7,4,4
"H",3,0,8,8,1,1
"H",3,0,8,9,2,2
"H",3,1,1,-1,3341,1430
"H",3,1,1,-10,15,0
"H",3,1,1,-11,13,0
"H",3,1,1,-12,5,0
"H",3,1,1,-13,1,0
"H",3,1,1,-14,3,0
"H",3,1,1,-15,1,0
"H",3,1,1,-2,2027,640
"H",3,1,1,-3,1244,273
"H",3,1,1,-4,738,111
"H",3,1,1,-5,429,38
"H",3,1,1,-6,218,15
"H",3,1,1,-7,102,5
"H",3,1,1,-8,53,1
"H",3,1,1,-9,20,1
"H",3,1,1,0,5913,3317
"H",3,1,1,1,2814,1992
"H",3,1,1,10,8,8
"H",3,1,1,11,3,3
"H",3,1,1,15,1,1
"H",3,1,1,2,1572,1273
"H",3,1,1,3,850,739
"H",3,1,1,4,453,417
"H",3,1,1,5,256,244
"H",3,1,1,6,132,125
"H",3,1,1,7,74,72
"H",3,1,1,8,40,40
"H",3,1,1,9,17,17
"H",3,1,2,-1,1392,644
"H",3,1,2,-10,10,0
"H",3,1,2,-11,4,0
"H",3,1,2,-12,3,0
"H",3,1,2,-14,2,0
"H",3,1,2,-15,2,0
"H",3,1,2,-2,960,332
"H",3,1,2,-3,603,156
"H",3,1,2,-4,365,58
"H",3,1,2,-5,186,26
"H",3,1,2,-6,97,6
"H",3,1,2,-7,59,5
"H",3,1,2,-8,27,1
"H",3,1,2,-9,14,0
"H",3,1,2,0,2490,1494
"H",3,1,2,1,1353,991
"H",3,1,2,10,8,8
"H",3,1,2,11,2,2
"H",3,1,2,12,1,1
"H",3,1,2,15,1,1
"H",3,1,2,2,854,699
"H",3,1,2,3,544,484
"H",3,1,2,4,272,252
"H",3,1,2,5,175,167
"H",3,1,2,6,80,76
"H",3,1,2,7,54,52
"H",3,1,2,8,22,22
"H",3,1,2,9,12,12
"H",3,1,3,-1,641,315
"H",3,1,3,-10,3,0
"H",3,1,3,-11,1,0
"H",3,1,3,-12,1,0
"H",3,1,3,-2,293,119
"H",3,1,3,-3,149,28
"H",3,1,3,-4,90,16
"H",3,1,3,-5,61,9
"H",3,1,3,-6,27,3
"H",3,1,3,-7,18,1
"H",3,1,3,-8,10,1
"H",3,1,3,-9,4,0
"H",3,1,3,0,1097,692
"H",3,1,3,1,825,592
"H",3,1,3,10,4,4
"H",3,1,3,16,1,1
"H",3,1,3,2,537,453
"H",3,1,3,3,285,260
"H",3,1,3,4,200,184
"H",3,1,3,5,98,91
"H",3,1,3,6,44,42
"H",3,1,3,7,27,27
"H",3,1,3,8,14,14
"H",3,1,3,9,7,7
"H",3,1,4,-1,428,226
"H",3,1,4,-10,2,0
"H",3,1,4,-11,1,0
"H",3,1,4,-12,1,0
"H",3,1,4,-14,1,0
"H",3,1,4,-15,1,0
"H",3,1,4,-2,323,139
"H",3,1,4,-3,219,66
"H",3,1,4,-4,124,28
"H",3,1,4,-5,78,16
"H",3,1,4,-6,24,1
"H",3,1,4,-7,21,3
"H",3,1,4,-8,8,1
"H",3,1,4,-9,7,0
"H",3,1,4,0,763,513
"H",3,1,4,1,506,379
"H",3,1,4,10,2,2
"H",3,1,4,11,1,1
"H",3,1,4,16,1,1
"H",3,1,4,2,294,241
"H",3,1,4,3,181,169
"H",3,1,4,4,123,114
"H",3,1,4,5,72,69
"H",3,1,4,6,28,28
"H",3,1,4,7,19,19
"H",3,1,4,8,9,9
"H",3,1,4,9,5,5
"H",3,1,5,-1,220,114
"H",3,1,5,-10,1,0
"H",3,1,5,-2,100,48
"H",3,1,5,-3,66,20
"H",3,1,5,-4,31,10
"H",3,1,5,-5,19,1
"H",3,1,5,-6,9,1
"H",3,1,5,-7,8,0
"H",3,1,5,-8,2,0
"H",3,1,5,-9,1,0
"H",3,1,5,0,390,265
"H",3,1,5,1,342,264
"H",3,1,5,10,3,3
"H",3,1,5,12,1,1
"H",3,1,5,13,1,1
"H",3,1,5,2,263,225
"H",3,1,5,3,148,131
"H",3,1,5,4,99,93
"H",3,1,5,5,61,58
"H",3,1,5,6,30,27
"H",3,1,5,7,9,9
"H",3,1,5,8,6,6
"H",3,1,5,9,6,6
"H",3,1,6,-1,222,121
"H",3,1,6,-10,2,0
"H",3,1,6,-2,120,50
"H",3,1,6,-3,80,29
"H",3,1,6,-4,44,10
"H",3,1,6,-5,17,2
"H",3,1,6,-6,13,1
"H",3,1,6,-7,7,0
"H",3,1,6,-8,3,0
"H",3,1,6,-9,4,0
"H",3,1,6,0,380,266
"H",3,1,6,1,315,251
"H",3,1,6,10,2,2
"H",3,1,6,12,2,2
"H",3,1,6,15,1,1
"H",3,1,6,16,1,1
"H",3,1,6,2,230,199
"H",3,1,6,3,146,130
"H",3,1,6,4,89,85
"H",3,1,6,5,52,50
"H",3,1,6,6,24,24
"H",3,1,6,7,14,14
"H",3,1,6,8,3,3
"H",3,1,6,9,7,7
"H",3,1,7,-1,218,139
"H",3,1,7,-2,130,67
"H",3,1,7,-3,69,30
"H",3,1,7,-4,26,7
"H",3,1,7,-5,17,2
"H",3,1,7,-6,8,0
"H",3,1,7,-7,1,1
"H",3,1,7,-8,5,0
"H",3,1,7,0,307,222
"H",3,1,7,1,278,215
"H",3,1,7,10,2,2
"H",3,1,7,11,1,1
"H",3,1,7,2,195,172
"H",3,1,7,3,98,86
"H",3,1,7,4,64,59
"H",3,1,7,5,36,33
"H",3,1,7,6,19,19
"H",3,1,7,7,10,10
"H",3,1,7,8,9,9
"H",3,1,7,9,4,4
"H",3,1,8,-1,124,69
"H",3,1,8,-11,1,0
"H",3,1,8,-15,1,0
"H",3,1,8,-2,113,58
"H",3,1,8,-3,72,33
"H",3,1,8,-4,36,14
"H",3,1,8,-5,26,5
"H",3,1,8,-6,12,2
"H",3,1,8,-7,5,2
"H",3,1,8,-8,4,1
"H",3,1,8,-9,2,0
"H",3,1,8,0,236,174
"H",3,1,8,1,186,150
"H",3,1,8,10,2,2
"H",3,1,8,11,1,1
"H",3,1,8,12,1,1
"H",3,1,8,2,138,128
"H",3,1,8,3,87,79
"H",3,1,8,4,44,41
"H",3,1,8,5,33,31
"H",3,1,8,6,17,17
"H",3,1,8,7,8,8
"H",3,1,8,8,3,3
"H",3,1,8,9,1,1
"H",3,2,1,-1,2505,1022
"H",3,2,1,-10,11,0
"H",3,2,1,-11,10,0
"H",3,2,1,-12,2,0
"H",3,2,1,-13,1,0
"H",3,2,1,-14,1,0
"H",3,2,1,-2,1488,431
"H",3,2,1,-3,923,185
"H",3,2,1,-4,542,74
"H",3,2,1,-5,313,22
"H",3,2,1,-6,165,10
"H",3,2,1,-7,64,3
"H",3,2,1,-8,38,1
"H",3,2,1,-9,12,1
"H",3,2,1,0,4413,2369
"H",3,2,1,1,2173,1501
"H",3,2,1,10,13,13
"H",3,2,1,11,4,4
"H",3,2,1,12,2,2
"H",3,2,1,2,1293,1030
"H",3,2,1,3,777,664
"H",3,2,1,4,471,441
"H",3,2,1,5,249,237
"H",3,2,1,6,136,131
"H",3,2,1,7,55,54
"H",3,2,1,8,36,36
"H",3,2,1,9,17,17
"H",3,2,2,-1,1389,584
"H",3,2,2,-10,4,0
"H",3,2,2,-11,4,0
"H",3,2,2,-12,1,0
"H",3,2,2,-13,1,0
"H",3,2,2,-14,2,0
"H",3,2,2,-15,1,0
"H",3,2,2,-2,954,292
"H",3,2,2,-3,577,124
"H",3,2,2,-4,366,55
"H",3,2,2,-5,184,17
"H",3,2,2,-6,104,7
"H",3,2,2,-7,51,3
"H",3,2,2,-8,26,1
"H",3,2,2,-9,12,0
"H",3,2,2,0,2488,1374
"H",3,2,2,1,1410,948
"H",3,2,2,10,6,6
"H",3,2,2,11,6,6
"H",3,2,2,12,3,3
"H",3,2,2,13,1,1
"H",3,2,2,15,1,1
"H",3,2,2,2,941,754
"H",3,2,2,3,619,532
"H",3,2,2,4,382,349
"H",3,2,2,5,209,200
"H",3,2,2,6,129,121
"H",3,2,2,7,57,56
"H",3,2,2,8,42,42
"H",3,2,2,9,20,20
"H",3,2,3,-1,710,312
"H",3,2,3,-10,1,0
"H",3,2,3,-11,1,0
"H",3,2,3,-12,1,0
"H",3,2,3,-2,370,119
"H",3,2,3,-3,218,43
"H",3,2,3,-4,126,16
"H",3,2,3,-5,64,8
"H",3,2,3,-6,31,2
"H",3,2,3,-7,19,1
"H",3,2,3,-8,12,0
"H",3,2,3,-9,3,0
"H",3,2,3,0,1288,746
"H",3,2,3,1,978,677
"H",3,2,3,10,9,9
"H",3,2,3,11,3,3
"H",3,2,3,12,4,4
"H",3,2,3,2,683,567
"H",3,2,3,3,423,376
"H",3,2,3,4,274,249
"H",3,2,3,5,158,145
"H",3,2,3,6,72,68
"H",3,2,3,7,41,41
"H",3,2,3,8,18,18
"H",3,2,3,9,9,9
"H",3,2,4,-1,472,236
"H",3,2,4,-10,2,0
"H",3,2,4,-2,359,118
"H",3,2,4,-3,245,66
"H",3,2,4,-4,144,33
"H",3,2,4,-5,75,13
"H",3,2,4,-6,33,4
"H",3,2,4,-7,26,1
"H",3,2,4,-8,10,1
"H",3,2,4,-9,3,0
"H",3,2,4,0,821,512
"H",3,2,4,1,524,370
"H",3,2,4,10,5,5
"H",3,2,4,11,2,2
"H",3,2,4,16,1,1
"H",3,2,4,17,1,1
"H",3,2,4,2,371,293
"H",3,2,4,3,272,233
"H",3,2,4,4,166,150
"H",3,2,4,5,102,99
"H",3,2,4,6,57,56
"H",3,2,4,7,20,20
"H",3,2,4,8,27,27
"H",3,2,4,9,11,11
"H",3,2,5,-1,354,155
"H",3,2,5,-11,1,0
"H",3,2,5,-2,182,64
"H",3,2,5,-3,88,20
"H",3,2,5,-4,55,10
"H",3,2,5,-5,31,1
"H",3,2,5,-6,12,0
"H",3,2,5,-7,8,0
"H",3,2,5,-8,5,0
"H",3,2,5,-9,3,0
"H",3,2,5,0,585,353
"H",3,2,5,1,490,338
"H",3,2,5,10,6,6
"H",3,2,5,11,2,2
"H",3,2,5,13,1,1
"H",3,2,5,14,1,1
"H",3,2,5,2,378,310
"H",3,2,5,3,247,218
"H",3,2,5,4,150,136
"H",3,2,5,5,87,84
"H",3,2,5,6,32,30
"H",3,2,5,7,23,23
"H",3,2,5,8,10,10
"H",3,2,5,9,9,9
"H",3,2,6,-1,283,127
"H",3,2,6,-12,1,0
"H",3,2,6,-2,160,59
"H",3,2,6,-3,104,31
"H",3,2,6,-4,71,12
"H",3,2,6,-5,38,3
"H",3,2,6,-6,14,3
"H",3,2,6,-7,3,0
"H",3,2,6,-8,6,0
"H",3,2,6,-9,5,0
"H",3,2,6,0,459,294
"H",3,2,6,1,389,290
"H",3,2,6,11,1,1
"H",3,2,6,12,1,1
"H",3,2,6,13,1,1
"H",3,2,6,16,1,1
"H",3,2,6,2,293,240
"H",3,2,6,3,182,163
"H",3,2,6,4,115,104
"H",3,2,6,5,65,59
"H",3,2,6,6,33,33
"H",3,2,6,7,22,22
"H",3,2,6,8,7,7
"H",3,2,6,9,11,11
"H",3,2,7,-1,207,109
"H",3,2,7,-10,1,0
"H",3,2,7,-11,1,0
"H",3,2,7,-14,1,0
"H",3,2,7,-2,107,43
"H",3,2,7,-3,81,27
"H",3,2,7,-4,46,9
"H",3,2,7,-5,22,3
"H",3,2,7,-6,14,1
"H",3,2,7,-7,5,1
"H",3,2,7,-8,3,0
"H",3,2,7,-9,1,0
"H",3,2,7,0,307,185
"H",3,2,7,1,243,179
"H",3,2,7,10,1,1
"H",3,2,7,12,1,1
"H",3,2,7,2,195,159
"H",3,2,7,3,111,92
"H",3,2,7,4,70,64
"H",3,2,7,5,37,36
"H",3,2,7,6,20,20
"H",3,2,7,7,18,18
"H",3,2,7,8,8,8
"H",3,2,7,9,4,4
"H",3,2,8,-1,160,84
"H",3,2,8,-2,108,47
"H",3,2,8,-3,67,22
"H",3,2,8,-4,46,7
"H",3,2,8,-5,22,5
"H",3,2,8,-6,8,0
"H",3,2,8,-7,5,0
"H",3,2,8,-8,3,0
"H",3,2,8,0,279,188
"H",3,2,8,1,203,151
"H",3,2,8,10,2,2
"H",3,2,8,11,2,2
"H",3,2,8,12,1,1
"H",3,2,8,2,155,135
"H",3,2,8,3,104,97
"H",3,2,8,4,59,56
"H",3,2,8,5,31,30
"H",3,2,8,6,24,24
"H",3,2,8,7,11,11
"H",3,2,8,8,10,10
"H",3,2,8,9,5,5
"H",4,0,1,-1,4568,2003
"H",4,0,1,-10,45,0
"H",4,0,1,-11,20,0
"H",4,0,1,-12,11,0
"H",4,0,1,-13,5,0
"H",4,0,1,-14,1,0
"H",4,0,1,-15,2,0
"H",4,0,1,-16,1,0
"H",4,0,1,-2,3050,950
"H",4,0,1,-3,2086,463
"H",4,0,1,-4,1265,182
"H",4,0,1,-5,794,81
"H",4,0,1,-6,466,28
"H",4,0,1,-7,237,17
"H",4,0,1,-8,140,3
"H",4,0,1,-9,73,2
"H",4,0,1,0,6240,3750
"H",4,0,1,1,3947,2885
"H",4,0,1,10,26,26
"H",4,0,1,11,10,10
"H",4,0,1,12,8,8
"H",4,0,1,13,4,4
"H",4,0,1,15,2,2
"H",4,0,1,17,1,1
"H",4,0,1,2,2611,2189
"H",4,0,1,3,1590,1438
"H",4,0,1,4,1011,947
"H",4,0,1,5,585,560
"H",4,0,1,6,318,308
"H",4,0,1,7,141,141
"H",4,0,1,8,81,81
"H",4,0,1,9,49,49
"H",4,0,2,-1,1310,634
"H",4,0,2,-10,15,0
"H",4,0,2,-11,5,0
"H",4,0,2,-12,5,0
"H",4,0,2,-13,1,0
"H",4,0,2,-2,888,324
"H",4,0,2,-3,612,162
"H",4,0,2,-4,368,69
"H",4,0,2,-5,216,24
"H",4,0,2,-6,125,15
"H",4,0,2,-7,68,6
"H",4,0,2,-8,44,2
"H",4,0,2,-9,16,1
"H",4,0,2,0,1826,1164
"H",4,0,2,1,1193,927
"H",4,0,2,10,12,12
"H",4,0,2,11,5,5
"H",4,0,2,12,4,4
"H",4,0,2,13,3,3
"H",4,0,2,2,742,622
"H",4,0,2,3,508,467
"H",4,0,2,4,297,279
"H",4,0,2,5,192,185
"H",4,0,2,6,107,105
"H",4,0,2,7,36,36
"H",4,0,2,8,26,26
"H",4,0,2,9,11,11
"H",4,0,3,-1,298,163
"H",4,0,3,-10,2,0
"H",4,0,3,-16,1,0
"H",4,0,3,-2,188,76
"H",4,0,3,-3,130,39
"H",4,0,3,-4,83,17
"H",4,0,3,-5,42,7
"H",4,0,3,-6,34,3
"H",4,0,3,-7,14,2
"H",4,0,3,-8,14,1
"H",4,0,3,-9,3,0
"H",4,0,3,0,461,311
"H",4,0,3,1,332,272
"H",4,0,3,10,1,1
"H",4,0,3,12,1,1
"H",4,0,3,2,206,179
"H",4,0,3,3,126,120
"H",4,0,3,4,88,83
"H",4,0,3,5,49,48
"H",4,0,3,6,31,30
"H",4,0,3,7,14,14
"H",4,0,3,8,10,10
"H",4,0,3,9,6,6
"H",4,0,4,-1,251,154
"H",4,0,4,-10,4,0
"H",4,0,4,-11,3,0
"H",4,0,4,-12,1,0
"H",4,0,4,-2,239,102
"H",4,0,4,-3,155,45
"H",4,0,4,-4,101,27
"H",4,0,4,-5,63,10
"H",4,0,4,-6,38,5
"H",4,0,4,-7,20,4
"H",4,0,4,-8,12,3
"H",4,0,4,-9,5,0
"H",4,0,4,0,339,232
"H",4,0,4,1,247,202
"H",4,0,4,10,6,6
"H",4,0,4,12,1,1
"H",4,0,4,14,1,1
"H",4,0,4,15,1,1
"H",4,0,4,2,183,167
"H",4,0,4,3,116,114
"H",4,0,4,4,67,64
"H",4,0,4,5,40,39
"H",4,0,4,6,22,22
"H",4,0,4,7,10,10
"H",4,0,4,8,6,6
"H",4,0,4,9,3,3
"H",4,0,5,-1,91,47
"H",4,0,5,-10,1,0
"H",4,0,5,-2,68,27
"H",4,0,5,-3,35,13
"H",4,0,5,-4,17,3
"H",4,0,5,-5,12,1
"H",4,0,5,-6,8,0
"H",4,0,5,-7,6,1
"H",4,0,5,-8,6,0
"H",4,0,5,-9,5,0
"H",4,0,5,0,143,103
"H",4,0,5,1,126,97
"H",4,0,5,11,1,1
"H",4,0,5,12,1,1
"H",4,0,5,2,86,73
"H",4,0,5,3,40,39
"H",4,0,5,4,39,36
"H",4,0,5,5,19,19
"H",4,0,5,6,14,13
"H",4,0,5,7,6,6
"H",4,0,5,8,1,1
"H",4,0,5,9,1,1
"H",4,0,6,-1,133,90
"H",4,0,6,-10,2,0
"H",4,0,6,-2,78,39
"H",4,0,6,-3,59,29
"H",4,0,6,-4,25,7
"H",4,0,6,-5,20,4
"H",4,0,6,-6,10,1
"H",4,0,6,-7,8,1
"H",4,0,6,-8,10,0
"H",4,0,6,-9,1,1
"H",4,0,6,0,164,123
"H",4,0,6,1,133,109
"H",4,0,6,10,1,1
"H",4,0,6,11,1,1
"H",4,0,6,13,1,1
"H",4,0,6,2,82,71
"H",4,0,6,3,45,42
"H",4,0,6,4,34,33
"H",4,0,6,5,26,26
"H",4,0,6,6,14,14
"H",4,0,6,7,6,6
"H",4,0,6,8,9,9
"H",4,0,6,9,2,2
"H",4,0,7,-1,71,42
"H",4,0,7,-2,54,30
"H",4,0,7,-3,34,12
"H",4,0,7,-4,20,5
"H",4,0,7,-5,7,1
"H",4,0,7,-6,6,2
"H",4,0,7,-7,5,1
"H",4,0,7,-8,3,0
"H",4,0,7,-9,2,0
"H",4,0,7,0,101,82
"H",4,0,7,1,92,80
"H",4,0,7,10,1,1
"H",4,0,7,16,1,1
"H",4,0,7,2,31,29
"H",4,0,7,3,34,30
"H",4,0,7,4,14,13
"H",4,0,7,5,14,14
"H",4,0,7,6,7,7
"H",4,0,7,7,2,2
"H",4,0,7,8,5,5
"H",4,0,7,9,3,3
"H",4,0,8,-1,66,48
"H",4,0,8,-10,1,0
"H",4,0,8,-2,43,24
"H",4,0,8,-3,33,16
"H",4,0,8,-4,23,8
"H",4,0,8,-5,16,5
"H",4,0,8,-6,14,2
"H",4,0,8,-7,3,1
"H",4,0,8,-8,2,1
"H",4,0,8,-9,3,0
"H",4,0,8,0,80,73
"H",4,0,8,1,72,62
"H",4,0,8,10,3,3
"H",4,0,8,2,48,45
"H",4,0,8,3,29,28
"H",4,0,8,4,26,25
"H",4,0,8,5,14,13
"H",4,0,8,6,10,10
"H",4,0,8,7,3,3
"H",4,0,8,8,2,2
"H",4,0,8,9,2,2
"H",4,1,1,-1,3061,1246
"H",4,1,1,-10,27,0
"H",4,1,1,-11,14,0
"H",4,1,1,-12,6,0
"H",4,1,1,-13,4,0
"H",4,1,1,-14,1,0
"H",4,1,1,-15,2,0
"H",4,1,1,-2,2025,566
"H",4,1,1,-3,1372,267
"H",4,1,1,-4,819,95
"H",4,1,1,-5,539,50
"H",4,1,1,-6,307,14
"H",4,1,1,-7,153,7
"H",4,1,1,-8,83,0
"H",4,1,1,-9,52,1
"H",4,1,1,0,4113,2344
"H",4,1,1,1,2634,1834
"H",4,1,1,10,23,23
"H",4,1,1,11,6,6
"H",4,1,1,12,5,5
"H",4,1,1,13,2,2
"H",4,1,1,15,3,3
"H",4,1,1,17,1,1
"H",4,1,1,2,1856,1540
"H",4,1,1,3,1097,974
"H",4,1,1,4,693,649
"H",4,1,1,5,411,390
"H",4,1,1,6,216,209
"H",4,1,1,7,120,120
"H",4,1,1,8,60,60
"H",4,1,1,9,40,40
"H",4,1,2,-1,1371,609
"H",4,1,2,-10,18,0
"H",4,1,2,-11,5,0
"H",4,1,2,-12,5,0
"H",4,1,2,-13,3,0
"H",4,1,2,-14,1,0
"H",4,1,2,-2,1007,320
"H",4,1,2,-3,689,158
"H",4,1,2,-4,428,54
"H",4,1,2,-5,265,19
"H",4,1,2,-6,171,12
"H",4,1,2,-7,68,4
"H",4,1,2,-8,35,0
"H",4,1,2,-9,22,0
"H",4,1,2,0,1900,1167
"H",4,1,2,1,1290,922
"H",4,1,2,10,13,13
"H",4,1,2,11,5,5
"H",4,1,2,12,5,5
"H",4,1,2,13,2,2
"H",4,1,2,14,1,1
"H",4,1,2,15,1,1
"H",4,1,2,2,903,765
"H",4,1,2,3,591,536
"H",4,1,2,4,362,346
"H",4,1,2,5,237,227
"H",4,1,2,6,130,127
"H",4,1,2,7,80,80
"H",4,1,2,8,38,38
"H",4,1,2,9,32,32
"H",4,1,3,-1,630,307
"H",4,1,3,-10,5,0
"H",4,1,3,-12,1,0
"H",4,1,3,-15,1,0
"H",4,1,3,-16,1,0
"H",4,1,3,-2,330,116
"H",4,1,3,-3,181,51
"H",4,1,3,-4,114,13
"H",4,1,3,-5,73,11
"H",4,1,3,-6,39,3
"H",4,1,3,-7,26,2
"H",4,1,3,-8,12,0
"H",4,1,3,-9,5,0
"H",4,1,3,0,984,601
"H",4,1,3,1,745,572
"H",4,1,3,10,14,14
"H",4,1,3,11,6,6
"H",4,1,3,12,3,3
"H",4,1,3,13,4,4
"H",4,1,3,15,1,1
"H",4,1,3,17,1,1
"H",4,1,3,2,506,421
"H",4,1,3,3,320,298
"H",4,1,3,4,238,221
"H",4,1,3,5,135,131
"H",4,1,3,6,103,100
"H",4,1,3,7,33,33
"H",4,1,3,8,20,20
"H",4,1,3,9,12,12
"H",4,1,4,-1,395,208
"H",4,1,4,-10,3,0
"H",4,1,4,-11,4,0
"H",4,1,4,-12,2,0
"H",4,1,4,-13,3,0
"H",4,1,4,-2,334,112
"H",4,1,4,-3,224,64
"H",4,1,4,-4,140,24
"H",4,1,4,-5,89,10
"H",4,1,4,-6,56,8
"H",4,1,4,-7,25,2
"H",4,1,4,-8,14,0
"H",4,1,4,-9,7,0
"H",4,1,4,0,558,351
"H",4,1,4,1,407,307
"H",4,1,4,10,9,9
"H",4,1,4,11,7,7
"H",4,1,4,12,1,1
"H",4,1,4,13,1,1
"H",4,1,4,15,1,1
"H",4,1,4,2,290,253
"H",4,1,4,3,238,220
"H",4,1,4,4,156,148
"H",4,1,4,5,99,95
"H",4,1,4,6,65,65
"H",4,1,4,7,29,29
"H",4,1,4,8,15,15
"H",4,1,4,9,18,18
"H",4,1,5,-1,221,113
"H",4,1,5,-2,131,51
"H",4,1,5,-3,67,15
"H",4,1,5,-4,47,9
"H",4,1,5,-5,31,4
"H",4,1,5,-6,13,0
"H",4,1,5,-7,10,0
"H",4,1,5,-8,13,1
"H",4,1,5,-9,2,0
"H",4,1,5,0,390,262
"H",4,1,5,1,346,278
"H",4,1,5,12,1,1
"H",4,1,5,13,1,1
"H",4,1,5,2,227,193
"H",4,1,5,3,137,126
"H",4,1,5,4,97,94
"H",4,1,5,5,51,51
"H",4,1,5,6,41,40
"H",4,1,5,7,25,25
"H",4,1,5,8,14,14
"H",4,1,5,9,7,7
"H",4,1,6,-1,222,120
"H",4,1,6,-10,2,0
"H",4,1,6,-11,1,0
"H",4,1,6,-2,159,67
"H",4,1,6,-3,97,21
"H",4,1,6,-4,70,13
"H",4,1,6,-5,42,3
"H",4,1,6,-6,23,2
"H",4,1,6,-7,12,0
"H",4,1,6,-8,10,1
"H",4,1,6,-9,2,0
"H",4,1,6,0,322,223
"H",4,1,6,1,280,226
"H",4,1,6,10,5,5
"H",4,1,6,11,3,3
"H",4,1,6,12,3,3
"H",4,1,6,2,197,174
"H",4,1,6,3,150,144
"H",4,1,6,4,87,84
"H",4,1,6,5,68,66
"H",4,1,6,6,41,40
"H",4,1,6,7,21,21
"H",4,1,6,8,13,13
"H",4,1,6,9,4,4
"H",4,1,7,-1,201,107
"H",4,1,7,-10,1,0
"H",4,1,7,-11,1,0
"H",4,1,7,-12,1,0
"H",4,1,7,-2,135,59
"H",4,1,7,-3,70,21
"H",4,1,7,-4,42,8
"H",4,1,7,-5,23,1
"H",4,1,7,-6,12,1
"H",4,1,7,-7,9,0
"H",4,1,7,-8,2,0
"H",4,1,7,0,292,196
"H",4,1,7,1,228,179
"H",4,1,7,10,2,2
"H",4,1,7,12,1,1
"H",4,1,7,13,1,1
"H",4,1,7,17,1,1
"H",4,1,7,2,164,147
"H",4,1,7,3,105,97
"H",4,1,7,4,71,70
"H",4,1,7,5,56,55
"H",4,1,7,6,39,38
"H",4,1,7,7,13,13
"H",4,1,7,8,17,17
"H",4,1,7,9,6,6
"H",4,1,8,-1,119,70
"H",4,1,8,-11,1,0
"H",4,1,8,-2,102,45
"H",4,1,8,-3,61,23
"H",4,1,8,-4,43,11
"H",4,1,8,-5,28,5
"H",4,1,8,-6,24,3
"H",4,1,8,-7,4,1
"H",4,1,8,-8,2,0
"H",4,1,8,-9,2,0
"H",4,1,8,0,177,121
"H",4,1,8,1,155,119
"H",4,1,8,10,4,4
"H",4,1,8,11,3,3
"H",4,1,8,12,2,2
"H",4,1,8,15,1,1
"H",4,1,8,2,129,116
"H",4,1,8,3,94,88
"H",4,1,8,4,68,65
"H",4,1,8,5,39,37
"H",4,1,8,6,31,31
"H",4,1,8,7,13,13
"H",4,1,8,8,8,8
"H",4,1,8,9,5,5
"H",4,2,1,-1,2300,856
"H",4,2,1,-10,15,0
"H",4,2,1,-11,13,0
"H",4,2,1,-12,4,0
"H",4,2,1,-13,2,0
"H",4,2,1,-15,1,0
"H",4,2,1,-2,1451,364
"H",4,2,1,-3,1006,169
"H",4,2,1,-4,583,66
"H",4,2,1,-5,372,29
"H",4,2,1,-6,214,11
"H",4,2,1,-7,122,3
"H",4,2,1,-8,65,0
"H",4,2,1,-9,34,1
"H",4,2,1,0,3047,1674
"H",4,2,1,1,2106,1453
"H",4,2,1,10,23,23
"H",4,2,1,11,5,5
"H",4,2,1,12,4,4
"H",4,2,1,13,1,1
"H",4,2,1,14,1,1
"H",4,2,1,15,2,2
"H",4,2,1,17,1,1
"H",4,2,1,2,1573,1280
"H",4,2,1,3,945,825
"H",4,2,1,4,569,533
"H",4,2,1,5,342,324
"H",4,2,1,6,183,178
"H",4,2,1,7,123,122
"H",4,2,1,8,70,70
"H",4,2,1,9,40,40
"H",4,2,2,-1,1283,505
"H",4,2,2,-10,15,0
"H",4,2,2,-11,5,0
"H",4,2,2,-12,3,0
"H",4,2,2,-13,1,0
"H",4,2,2,-14,1,0
"H",4,2,2,-15,1,0
"H",4,2,2,-2,894,262
"H",4,2,2,-3,622,113
"H",4,2,2,-4,401,46
"H",4,2,2,-5,238,29
"H",4,2,2,-6,155,10
"H",4,2,2,-7,78,5
"H",4,2,2,-8,35,0
"H",4,2,2,-9,28,1
"H",4,2,2,0,1744,1004
"H",4,2,2,1,1352,962
"H",4,2,2,10,11,11
"H",4,2,2,11,8,8
"H",4,2,2,12,6,6
"H",4,2,2,13,2,2
"H",4,2,2,14,4,4
"H",4,2,2,15,2,2
"H",4,2,2,16,1,1
"H",4,2,2,2,1014,826
"H",4,2,2,3,643,562
"H",4,2,2,4,445,418
"H",4,2,2,5,270,263
"H",4,2,2,6,168,162
"H",4,2,2,7,103,103
"H",4,2,2,8,49,49
"H",4,2,2,9,43,43
"H",4,2,3,-1,689,296
"H",4,2,3,-10,7,0
"H",4,2,3,-11,2,0
"H",4,2,3,-12,2,0
"H",4,2,3,-15,1,0
"H",4,2,3,-16,1,0
"H",4,2,3,-2,402,122
"H",4,2,3,-3,235,54
"H",4,2,3,-4,152,13
"H",4,2,3,-5,93,9
"H",4,2,3,-6,47,2
"H",4,2,3,-7,33,3
"H",4,2,3,-8,12,0
"H",4,2,3,-9,4,0
"H",4,2,3,0,1026,591
"H",4,2,3,1,886,605
"H",4,2,3,10,20,20
"H",4,2,3,11,5,5
"H",4,2,3,12,1,1
"H",4,2,3,13,3,3
"H",4,2,3,14,1,1
"H",4,2,3,15,1,1
"H",4,2,3,17,1,1
"H",4,2,3,18,1,1
"H",4,2,3,2,675,543
"H",4,2,3,3,438,400
"H",4,2,3,4,291,279
"H",4,2,3,5,204,192
"H",4,2,3,6,145,142
"H",4,2,3,7,59,59
"H",4,2,3,8,41,41
"H",4,2,3,9,30,30
"H",4,2,4,-1,399,165
"H",4,2,4,-10,6,0
"H",4,2,4,-11,4,0
"H",4,2,4,-12,1,0
"H",4,2,4,-13,2,0
"H",4,2,4,-2,296,89
"H",4,2,4,-3,202,38
"H",4,2,4,-4,149,19
"H",4,2,4,-5,97,12
"H",4,2,4,-6,49,5
"H",4,2,4,-7,21,2
"H",4,2,4,-8,14,0
"H",4,2,4,-9,10,0
"H",4,2,4,0,601,373
"H",4,2,4,1,506,359
"H",4,2,4,10,13,13
"H",4,2,4,11,7,7
"H",4,2,4,12,4,4
"H",4,2,4,13,3,3
"H",4,2,4,15,1,1
"H",4,2,4,2,386,318
"H",4,2,4,3,272,244
"H",4,2,4,4,186,174
"H",4,2,4,5,133,128
"H",4,2,4,6,79,75
"H",4,2,4,7,48,47
"H",4,2,4,8,18,18
"H",4,2,4,9,23,23
"H",4,2,5,-1,334,147
"H",4,2,5,-11,1,0
"H",4,2,5,-2,193,57
"H",4,2,5,-3,107,13
"H",4,2,5,-4,74,9
"H",4,2,5,-5,45,4
"H",4,2,5,-6,17,0
"H",4,2,5,-7,12,1
"H",4,2,5,-8,6,0
"H",4,2,5,-9,2,0
"H",4,2,5,0,457,251
"H",4,2,5,1,419,313
"H",4,2,5,10,4,4
"H",4,2,5,11,4,4
"H",4,2,5,12,5,5
"H",4,2,5,13,1,1
"H",4,2,5,2,280,232
"H",4,2,5,3,206,178
"H",4,2,5,4,142,133
"H",4,2,5,5,103,101
"H",4,2,5,6,75,72
"H",4,2,5,7,42,42
"H",4,2,5,8,25,24
"H",4,2,5,9,8,8
"H",4,2,6,-1,246,114
"H",4,2,6,-10,2,0
"H",4,2,6,-13,1,0
"H",4,2,6,-2,176,59
"H",4,2,6,-3,104,16
"H",4,2,6,-4,66,9
"H",4,2,6,-5,39,6
"H",4,2,6,-6,17,3
"H",4,2,6,-7,12,1
"H",4,2,6,-8,7,0
"H",4,2,6,-9,4,0
"H",4,2,6,0,369,225
"H",4,2,6,1,361,268
"H",4,2,6,10,5,5
"H",4,2,6,11,5,5
"H",4,2,6,12,1,1
"H",4,2,6,13,1,1
"H",4,2,6,18,1,1
"H",4,2,6,2,252,198
"H",4,2,6,3,183,169
"H",4,2,6,4,99,95
"H",4,2,6,5,80,79
"H",4,2,6,6,64,63
"H",4,2,6,7,41,41
"H",4,2,6,8,18,18
"H",4,2,6,9,15,15
"H",4,2,7,-1,191,86
"H",4,2,7,-10,3,0
"H",4,2,7,-2,142,46
"H",4,2,7,-3,71,9
"H",4,2,7,-4,43,6
"H",4,2,7,-5,22,2
"H",4,2,7,-6,17,0
"H",4,2,7,-7,11,0
"H",4,2,7,-8,2,0
"H",4,2,7,-9,2,0
"H",4,2,7,0,283,169
"H",4,2,7,1,217,161
"H",4,2,7,10,2,2
"H",4,2,7,12,2,2
"H",4,2,7,13,2,2
"H",4,2,7,14,1,1
"H",4,2,7,19,1,1
"H",4,2,7,2,158,133
"H",4,2,7,3,117,107
"H",4,2,7,4,86,84
"H",4,2,7,5,58,56
"H",4,2,7,6,33,32
"H",4,2,7,7,25,24
"H",4,2,7,8,12,12
"H",4,2,7,9,7,7
"H",4,2,8,-1,159,75
"H",4,2,8,-10,2,0
"H",4,2,8,-11,1,0
"H",4,2,8,-2,105,30
"H",4,2,8,-3,65,15
"H",4,2,8,-4,55,6
"H",4,2,8,-5,32,4
"H",4,2,8,-6,13,1
"H",4,2,8,-7,7,0
"H",4,2,8,-8,4,0
"H",4,2,8,-9,2,0
"H",4,2,8,0,213,135
"H",4,2,8,1,187,133
"H",4,2,8,10,4,4
"H",4,2,8,11,4,4
"H",4,2,8,12,1,1
"H",4,2,8,2,135,113
"H",4,2,8,3,105,98
"H",4,2,8,4,79,74
"H",4,2,8,5,59,56
"H",4,2,8,6,25,23
"H",4,2,8,7,16,16
"H",4,2,8,8,12,12
"H",4,2,8,9,7,7
"H",5,0,1,-1,4027,1675
"H",5,0,1,-10,53,1
"H",5,0,1,-11,41,0
"H",5,0,1,-12,19,0
"H",5,0,1,-13,11,0
"H",5,0,1,-14,6,0
"H",5,0,1,-15,5,0
"H",5,0,1,-16,2,0
"H",5,0,1,-17,1,0
"H",5,0,1,-19,1,0
"H",5,0,1,-2,2881,822
"H",5,0,1,-3,2050,386
"H",5,0,1,-4,1425,188
"H",5,0,1,-5,1043,82
"H",5,0,1,-6,597,30
"H",5,0,1,-7,335,17
"H",5,0,1,-8,192,1
"H",5,0,1,-9,107,2
"H",5,0,1,0,4988,2988
"H",5,0,1,1,3848,2896
"H",5,0,1,10,48,48
"H",5,0,1,11,25,25
"H",5,0,1,12,14,14
"H",5,0,1,13,8,8
"H",5,0,1,14,3,3
"H",5,0,1,15,2,2
"H",5,0,1,16,2,2
"H",5,0,1,17,3,3
"H",5,0,1,2,2812,2385
"H",5,0,1,3,1871,1708
"H",5,0,1,4,1207,1159
"H",5,0,1,5,674,655
"H",5,0,1,6,449,437
"H",5,0,1,7,276,275
"H",5,0,1,8,149,148
"H",5,0,1,9,94,94
"H",5,0,2,-1,1088,487
"H",5,0,2,-10,19,0
"H",5,0,2,-11,9,0
"H",5,0,2,-12,3,0
"H",5,0,2,-13,1,0
"H",5,0,2,-14,1,0
"H",5,0,2,-16,1,0
"H",5,0,2,-17,1,0
"H",5,0,2,-19,1,0
"H",5,0,2,-2,794,281
"H",5,0,2,-3,546,117
"H",5,0,2,-4,388,58
"H",5,0,2,-5,292,30
"H",5,0,2,-6,173,10
"H",5,0,2,-7,97,9
"H",5,0,2,-8,55,1
"H",5,0,2,-9,26,0
"H",5,0,2,0,1348,866
"H",5,0,2,1,1098,866
"H",5,0,2,10,11,11
"H",5,0,2,11,7,7
"H",5,0,2,12,6,6
"H",5,0,2,13,3,3
"H",5,0,2,15,1,1
"H",5,0,2,16,1,1
"H",5,0,2,17,2,2
"H",5,0,2,2,871,747
"H",5,0,2,3,549,508
"H",5,0,2,4,382,370
"H",5,0,2,5,202,198
"H",5,0,2,6,142,140
"H",5,0,2,7,85,85
"H",5,0,2,8,54,54
"H",5,0,2,9,34,34
"H",5,0,3,-1,233,127
"H",5,0,3,-10,1,0
"H",5,0,3,-11,5,0
"H",5,0,3,-12,1,0
"H",5,0,3,-13,1,0
"H",5,0,3,-15,1,0
"H",5,0,3,-2,171,67
"H",5,0,3,-3,132,37
"H",5,0,3,-4,76,14
"H",5,0,3,-5,46,6
"H",5,0,3,-6,27,2
"H",5,0,3,-7,26,2
"H",5,0,3,-8,11,0
"H",5,0,3,-9,6,1
"H",5,0,3,0,312,208
"H",5,0,3,1,245,192
"H",5,0,3,10,2,2
"H",5,0,3,11,4,4
"H",5,0,3,12,4,4
"H",5,0,3,13,1,1
"H",5,0,3,14,1,1
"H",5,0,3,2,201,181
"H",5,0,3,3,173,161
"H",5,0,3,4,107,104
"H",5,0,3,5,62,62
"H",5,0,3,6,40,38
"H",5,0,3,7,34,34
"H",5,0,3,8,18,18
"H",5,0,3,9,6,6
"H",5,0,4,-1,180,94
"H",5,0,4,-10,6,0
"H",5,0,4,-11,5,0
"H",5,0,4,-14,1,0
"H",5,0,4,-17,1,0
"H",5,0,4,-2,191,81
"H",5,0,4,-3,123,32
"H",5,0,4,-4,90,23
"H",5,0,4,-5,72,12
"H",5,0,4,-6,56,6
"H",5,0,4,-7,29,6
"H",5,0,4,-8,16,0
"H",5,0,4,-9,12,0
"H",5,0,4,0,252,173
"H",5,0,4,1,195,155
"H",5,0,4,10,5,5
"H",5,0,4,11,3,3
"H",5,0,4,12,1,1
"H",5,0,4,13,1,1
"H",5,0,4,16,1,1
"H",5,0,4,2,174,155
"H",5,0,4,3,121,111
"H",5,0,4,4,67,65
"H",5,0,4,5,61,58
"H",5,0,4,6,38,37
"H",5,0,4,7,27,27
"H",5,0,4,8,19,19
"H",5,0,4,9,8,8
"H",5,0,5,-1,78,43
"H",5,0,5,-10,2,0
"H",5,0,5,-11,1,0
"H",5,0,5,-2,54,24
"H",5,0,5,-3,42,13
"H",5,0,5,-4,25,11
"H",5,0,5,-5,19,1
"H",5,0,5,-6,7,1
"H",5,0,5,-7,1,0
"H",5,0,5,-8,3,1
"H",5,0,5,-9,2,0
"H",5,0,5,0,95,71
"H",5,0,5,1,98,85
"H",5,0,5,10,1,1
"H",5,0,5,11,2,2
"H",5,0,5,12,2,2
"H",5,0,5,13,1,1
"H",5,0,5,15,1,1
"H",5,0,5,2,66,60
"H",5,0,5,3,46,42
"H",5,0,5,4,53,50
"H",5,0,5,5,30,30
"H",5,0,5,6,28,28
"H",5,0,5,7,7,7
"H",5,0,5,8,4,4
"H",5,0,5,9,7,7
"H",5,0,6,-1,87,51
"H",5,0,6,-10,2,0
"H",5,0,6,-2,79,46
"H",5,0,6,-3,38,14
"H",5,0,6,-4,25,7
"H",5,0,6,-5,24,4
"H",5,0,6,-6,7,0
"H",5,0,6,-7,5,1
"H",5,0,6,-8,2,0
"H",5,0,6,0,125,93
"H",5,0,6,1,111,95
"H",5,0,6,10,3,3
"H",5,0,6,13,1,1
"H",5,0,6,2,95,88
"H",5,0,6,3,61,61
"H",5,0,6,4,54,54
"H",5,0,6,5,32,32
"H",5,0,6,6,26,24
"H",5,0,6,7,16,16
"H",5,0,6,8,6,6
"H",5,0,6,9,6,6
"H",5,0,7,-1,49,26
"H",5,0,7,-2,39,18
"H",5,0,7,-3,25,7
"H",5,0,7,-4,20,5
"H",5,0,7,-5,18,1
"H",5,0,7,-6,11,2
"H",5,0,7,-7,3,0
"H",5,0,7,-8,3,1
"H",5,0,7,-9,1,0
"H",5,0,7,0,52,41
"H",5,0,7,1,57,49
"H",5,0,7,10,1,1
"H",5,0,7,11,1,1
"H",5,0,7,14,1,1
"H",5,0,7,2,46,43
"H",5,0,7,3,44,42
"H",5,0,7,4,29,28
"H",5,0,7,5,20,20
"H",5,0,7,6,14,14
"H",5,0,7,7,9,9
"H",5,0,7,8,3,3
"H",5,0,7,9,4,4
"H",5,0,8,-1,39,29
"H",5,0,8,-10,1,0
"H",5,0,8,-11,2,0
"H",5,0,8,-17,1,0
"H",5,0,8,-2,42,26
"H",5,0,8,-3,27,9
"H",5,0,8,-4,15,2
"H",5,0,8,-5,15,4
"H",5,0,8,-6,12,3
"H",5,0,8,-7,8,3
"H",5,0,8,-8,6,0
"H",5,0,8,-9,2,0
"H",5,0,8,0,66,52
"H",5,0,8,1,63,54
"H",5,0,8,10,1,1
"H",5,0,8,11,1,1
"H",5,0,8,12,1,1
"H",5,0,8,2,48,43
"H",5,0,8,3,38,37
"H",5,0,8,4,25,25
"H",5,0,8,5,18,18
"H",5,0,8,6,12,12
"H",5,0,8,7,7,7
"H",5,0,8,9,1,1
"H",5,1,1,-1,2779,1076
"H",5,1,1,-10,33,1
"H",5,1,1,-11,26,0
"H",5,1,1,-12,15,0
"H",5,1,1,-13,9,0
"H",5,1,1,-14,5,0
"H",5,1,1,-15,4,0
"H",5,1,1,-16,1,0
"H",5,1,1,-2,1953,481
"H",5,1,1,-3,1399,235
"H",5,1,1,-4,967,110
"H",5,1,1,-5,698,46
"H",5,1,1,-6,400,18
"H",5,1,1,-7,218,5
"H",5,1,1,-8,128,0
"H",5,1,1,-9,73,1
"H",5,1,1,0,3416,1958
"H",5,1,1,1,2608,1911
"H",5,1,1,10,38,38
"H",5,1,1,11,18,18
"H",5,1,1,12,9,9
"H",5,1,1,13,4,4
"H",5,1,1,14,5,5
"H",5,1,1,15,2,2
"H",5,1,1,16,1,1
"H",5,1,1,17,2,2
"H",5,1,1,2,1897,1590
"H",5,1,1,3,1281,1158
"H",5,1,1,4,808,771
"H",5,1,1,5,495,477
"H",5,1,1,6,316,308
"H",5,1,1,7,199,198
"H",5,1,1,8,103,102
"H",5,1,1,9,60,60
"H",5,1,2,-1,1169,517
"H",5,1,2,-10,22,0
"H",5,1,2,-11,13,0
"H",5,1,2,-12,5,0
"H",5,1,2,-13,2,0
"H",5,1,2,-15,1,0
"H",5,1,2,-16,2,0
"H",5,1,2,-2,923,286
"H",5,1,2,-3,659,118
"H",5,1,2,-4,466,46
"H",5,1,2,-5,342,30
"H",5,1,2,-6,202,9
"H",5,1,2,-7,112,4
"H",5,1,2,-8,68,0
"H",5,1,2,-9,34,1
"H",5,1,2,0,1479,850
"H",5,1,2,1,1228,923
"H",5,1,2,10,24,24
"H",5,1,2,11,12,12
"H",5,1,2,12,12,12
"H",5,1,2,13,3,3
"H",5,1,2,14,3,3
"H",5,1,2,17,4,4
"H",5,1,2,2,938,802
"H",5,1,2,3,658,597
"H",5,1,2,4,481,457
"H",5,1,2,5,299,287
"H",5,1,2,6,195,195
"H",5,1,2,7,95,95
"H",5,1,2,8,68,67
"H",5,1,2,9,43,43
"H",5,1,3,-1,554,246
"H",5,1,3,-10,4,0
"H",5,1,3,-11,5,0
"H",5,1,3,-12,3,0
"H",5,1,3,-15,1,0
"H",5,1,3,-2,313,96
"H",5,1,3,-3,191,33
"H",5,1,3,-4,128,23
"H",5,1,3,-5,76,7
"H",5,1,3,-6,54,3
"H",5,1,3,-7,30,2
"H",5,1,3,-8,11,0
"H",5,1,3,-9,11,0
"H",5,1,3,0,761,511
"H",5,1,3,1,708,556
"H",5,1,3,10,20,20
"H",5,1,3,11,9,9
"H",5,1,3,12,4,4
"H",5,1,3,15,1,1
"H",5,1,3,17,1,1
"H",5,1,3,2,567,492
"H",5,1,3,3,406,371
"H",5,1,3,4,300,287
"H",5,1,3,5,174,170
"H",5,1,3,6,91,90
"H",5,1,3,7,69,69
"H",5,1,3,8,31,31
"H",5,1,3,9,25,25
"H",5,1,4,-1,352,155
"H",5,1,4,-10,8,0
"H",5,1,4,-11,2,0
"H",5,1,4,-12,1,0
"H",5,1,4,-2,309,119
"H",5,1,4,-3,228,48
"H",5,1,4,-4,145,20
"H",5,1,4,-5,114,9
"H",5,1,4,-6,79,6
"H",5,1,4,-7,30,1
"H",5,1,4,-8,20,0
"H",5,1,4,-9,12,0
"H",5,1,4,0,439,268
"H",5,1,4,1,381,304
"H",5,1,4,10,14,14
"H",5,1,4,11,2,2
"H",5,1,4,12,4,4
"H",5,1,4,13,2,2
"H",5,1,4,14,1,1
"H",5,1,4,17,1,1
"H",5,1,4,2,342,293
"H",5,1,4,3,205,188
"H",5,1,4,4,168,163
"H",5,1,4,5,113,107
"H",5,1,4,6,81,80
"H",5,1,4,7,45,45
"H",5,1,4,8,32,32
"H",5,1,4,9,23,23
"H",5,1,5,-1,214,102
"H",5,1,5,-10,4,0
"H",5,1,5,-11,1,0
"H",5,1,5,-13,1,0
"H",5,1,5,-14,1,0
"H",5,1,5,-2,127,43
"H",5,1,5,-3,79,22
"H",5,1,5,-4,47,11
"H",5,1,5,-5,42,9
"H",5,1,5,-6,17,1
"H",5,1,5,-7,13,1
"H",5,1,5,-8,3,0
"H",5,1,5,-9,4,0
"H",5,1,5,0,305,210
"H",5,1,5,1,262,208
"H",5,1,5,10,4,4
"H",5,1,5,11,4,4
"H",5,1,5,12,3,3
"H",5,1,5,16,1,1
"H",5,1,5,2,215,182
"H",5,1,5,3,178,167
"H",5,1,5,4,140,132
"H",5,1,5,5,91,90
"H",5,1,5,6,53,53
"H",5,1,5,7,34,34
"H",5,1,5,8,20,20
"H",5,1,5,9,7,7
"H",5,1,6,-1,182,104
"H",5,1,6,-10,5,0
"H",5,1,6,-11,1,0
"H",5,1,6,-16,1,0
"H",5,1,6,-2,148,64
"H",5,1,6,-3,87,22
"H",5,1,6,-4,71,18
"H",5,1,6,-5,48,9
"H",5,1,6,-6,32,4
"H",5,1,6,-7,21,2
"H",5,1,6,-8,7,0
"H",5,1,6,-9,6,0
"H",5,1,6,0,219,139
"H",5,1,6,1,211,178
"H",5,1,6,10,6,6
"H",5,1,6,11,6,6
"H",5,1,6,12,2,2
"H",5,1,6,13,1,1
"H",5,1,6,2,172,145
"H",5,1,6,3,156,146
"H",5,1,6,4,108,102
"H",5,1,6,5,74,72
"H",5,1,6,6,49,47
"H",5,1,6,7,23,23
"H",5,1,6,8,24,23
"H",5,1,6,9,13,13
"H",5,1,7,-1,155,80
"H",5,1,7,-10,1,0
"H",5,1,7,-14,1,0
"H",5,1,7,-2,139,51
"H",5,1,7,-3,72,18
"H",5,1,7,-4,58,15
"H",5,1,7,-5,32,5
"H",5,1,7,-6,20,2
"H",5,1,7,-7,11,0
"H",5,1,7,-8,7,0
"H",5,1,7,-9,6,0
"H",5,1,7,0,200,153
"H",5,1,7,1,177,138
"H",5,1,7,10,7,7
"H",5,1,7,11,5,5
"H",5,1,7,12,1,1
"H",5,1,7,14,1,1
"H",5,1,7,15,1,1
"H",5,1,7,2,196,180
"H",5,1,7,3,111,102
"H",5,1,7,4,83,81
"H",5,1,7,5,62,61
"H",5,1,7,6,40,39
"H",5,1,7,7,28,27
"H",5,1,7,8,16,16
"H",5,1,7,9,7,7
"H",5,1,8,-1,99,57
"H",5,1,8,-10,2,0
"H",5,1,8,-11,1,0
"H",5,1,8,-2,94,48
"H",5,1,8,-3,71,27
"H",5,1,8,-4,42,16
"H",5,1,8,-5,30,6
"H",5,1,8,-6,19,2
"H",5,1,8,-7,10,0
"H",5,1,8,-8,10,0
"H",5,1,8,-9,5,0
"H",5,1,8,0,169,112
"H",5,1,8,1,157,138
"H",5,1,8,10,4,4
"H",5,1,8,11,3,3
"H",5,1,8,12,1,1
"H",5,1,8,13,1,1
"H",5,1,8,2,141,130
"H",5,1,8,3,79,73
"H",5,1,8,4,57,56
"H",5,1,8,5,31,30
"H",5,1,8,6,30,29
"H",5,1,8,7,18,18
"H",5,1,8,8,13,13
"H",5,1,8,9,7,7
"H",5,2,1,-1,2136,757
"H",5,2,1,-10,18,1
"H",5,2,1,-11,15,0
"H",5,2,1,-12,12,0
"H",5,2,1,-13,10,0
"H",5,2,1,-14,4,0
"H",5,2,1,-15,3,0
"H",5,2,1,-19,1,0
"H",5,2,1,-2,1452,305
"H",5,2,1,-3,1070,176
"H",5,2,1,-4,720,74
"H",5,2,1,-5,509,23
"H",5,2,1,-6,279,14
"H",5,2,1,-7,152,2
"H",5,2,1,-8,91,0
"H",5,2,1,-9,49,0
"H",5,2,1,0,2614,1462
"H",5,2,1,1,1990,1435
"H",5,2,1,10,33,33
"H",5,2,1,11,14,14
"H",5,2,1,12,11,11
"H",5,2,1,13,7,7
"H",5,2,1,14,4,4
"H",5,2,1,15,3,3
"H",5,2,1,16,1,1
"H",5,2,1,2,1544,1271
"H",5,2,1,3,1036,928
"H",5,2,1,4,680,653
"H",5,2,1,5,431,418
"H",5,2,1,6,308,300
"H",5,2,1,7,197,195
"H",5,2,1,8,93,93
"H",5,2,1,9,57,57
"H",5,2,2,-1,1167,455
"H",5,2,2,-10,20,1
"H",5,2,2,-11,11,0
"H",5,2,2,-12,5,0
"H",5,2,2,-13,4,0
"H",5,2,2,-14,1,0
"H",5,2,2,-15,1,0
"H",5,2,2,-16,1,0
"H",5,2,2,-19,1,0
"H",5,2,2,-2,862,223
"H",5,2,2,-3,651,114
"H",5,2,2,-4,467,53
"H",5,2,2,-5,321,21
"H",5,2,2,-6,176,6
"H",5,2,2,-7,109,2
"H",5,2,2,-8,61,0
"H",5,2,2,-9,32,1
"H",5,2,2,0,1477,803
"H",5,2,2,1,1209,863
"H",5,2,2,10,38,38
"H",5,2,2,11,17,17
"H",5,2,2,12,13,13
"H",5,2,2,13,7,7
"H",5,2,2,14,6,6
"H",5,2,2,15,2,2
"H",5,2,2,17,2,2
"H",5,2,2,2,994,827
"H",5,2,2,3,758,678
"H",5,2,2,4,524,493
"H",5,2,2,5,318,306
"H",5,2,2,6,242,240
"H",5,2,2,7,151,147
"H",5,2,2,8,83,82
"H",5,2,2,9,58,58
"H",5,2,3,-1,643,239
"H",5,2,3,-10,4,0
"H",5,2,3,-11,7,0
"H",5,2,3,-12,2,0
"H",5,2,3,-15,2,0
"H",5,2,3,-2,379,109
"H",5,2,3,-3,227,44
"H",5,2,3,-4,169,15
"H",5,2,3,-5,110,12
"H",5,2,3,-6,69,4
"H",5,2,3,-7,41,0
"H",5,2,3,-8,20,0
"H",5,2,3,-9,14,0
"H",5,2,3,0,848,503
"H",5,2,3,1,757,551
"H",5,2,3,10,25,25
"H",5,2,3,11,16,16
"H",5,2,3,12,9,9
"H",5,2,3,13,4,4
"H",5,2,3,14,1,1
"H",5,2,3,15,1,1
"H",5,2,3,16,2,2
"H",5,2,3,17,1,1
"H",5,2,3,2,665,558
"H",5,2,3,3,509,446
"H",5,2,3,4,390,371
"H",5,2,3,5,262,252
"H",5,2,3,6,162,158
"H",5,2,3,7,109,109
"H",5,2,3,8,66,66
"H",5,2,3,9,45,45
"H",5,2,4,-1,407,167
"H",5,2,4,-10,4,0
"H",5,2,4,-11,6,0
"H",5,2,4,-12,2,0
"H",5,2,4,-13,1,0
"H",5,2,4,-2,317,105
"H",5,2,4,-3,266,53
"H",5,2,4,-4,188,21
"H",5,2,4,-5,137,10
"H",5,2,4,-6,73,4
"H",5,2,4,-7,41,1
"H",5,2,4,-8,16,0
"H",5,2,4,-9,19,1
"H",5,2,4,0,531,301
"H",5,2,4,1,390,272
"H",5,2,4,10,21,21
"H",5,2,4,11,9,9
"H",5,2,4,12,5,5
"H",5,2,4,13,3,3
"H",5,2,4,14,2,2
"H",5,2,4,15,1,1
"H",5,2,4,17,1,1
"H",5,2,4,2,379,313
"H",5,2,4,3,256,230
"H",5,2,4,4,183,175
"H",5,2,4,5,133,131
"H",5,2,4,6,99,98
"H",5,2,4,7,66,66
"H",5,2,4,8,44,44
"H",5,2,4,9,27,27
"H",5,2,5,-1,286,119
"H",5,2,5,-10,4,0
"H",5,2,5,-11,3,0
"H",5,2,5,-12,1,0
"H",5,2,5,-14,2,0
"H",5,2,5,-2,159,47
"H",5,2,5,-3,101,15
"H",5,2,5,-4,63,9
"H",5,2,5,-5,46,4
"H",5,2,5,-6,27,1
"H",5,2,5,-7,15,0
"H",5,2,5,-8,11,0
"H",5,2,5,-9,3,0
"H",5,2,5,0,394,235
"H",5,2,5,1,372,275
"H",5,2,5,10,15,15
"H",5,2,5,11,12,12
"H",5,2,5,12,3,3
"H",5,2,5,13,3,3
"H",5,2,5,14,1,1
"H",5,2,5,15,1,1
"H",5,2,5,16,2,2
"H",5,2,5,2,318,266
"H",5,2,5,3,251,231
"H",5,2,5,4,181,172
"H",5,2,5,5,131,125
"H",5,2,5,6,98,96
"H",5,2,5,7,50,49
"H",5,2,5,8,33,33
"H",5,2,5,9,28,28
"H",5,2,6,-1,279,120
"H",5,2,6,-10,5,0
"H",5,2,6,-11,1,0
"H",5,2,6,-13,1,0
"H",5,2,6,-2,172,46
"H",5,2,6,-3,123,23
"H",5,2,6,-4,79,10
"H",5,2,6,-5,45,3
"H",5,2,6,-6,30,1
"H",5,2,6,-7,22,1
"H",5,2,6,-8,12,0
"H",5,2,6,-9,6,0
"H",5,2,6,0,301,166
"H",5,2,6,1,281,201
"H",5,2,6,10,14,14
"H",5,2,6,11,4,4
"H",5,2,6,12,5,5
"H",5,2,6,13,1,1
"H",5,2,6,14,1,1
"H",5,2,6,17,1,1
"H",5,2,6,2,233,193
"H",5,2,6,3,216,195
"H",5,2,6,4,147,144
"H",5,2,6,5,88,86
"H",5,2,6,6,75,74
"H",5,2,6,7,46,45
"H",5,2,6,8,20,20
"H",5,2,6,9,22,22
"H",5,2,7,-1,190,90
"H",5,2,7,-10,7,0
"H",5,2,7,-11,1,0
"H",5,2,7,-14,1,0
"H",5,2,7,-19,1,0
"H",5,2,7,-2,140,43
"H",5,2,7,-3,88,17
"H",5,2,7,-4,52,10
"H",5,2,7,-5,44,3
"H",5,2,7,-6,23,2
"H",5,2,7,-7,9,0
"H",5,2,7,-8,12,0
"H",5,2,7,-9,1,0
"H",5,2,7,0,193,122
"H",5,2,7,1,193,137
"H",5,2,7,10,7,7
"H",5,2,7,11,4,4
"H",5,2,7,12,1,1
"H",5,2,7,13,1,1
"H",5,2,7,14,1,1
"H",5,2,7,2,189,161
"H",5,2,7,3,144,129
"H",5,2,7,4,80,76
"H",5,2,7,5,84,78
"H",5,2,7,6,53,53
"H",5,2,7,7,26,26
"H",5,2,7,8,18,18
"H",5,2,7,9,8,8
"H",5,2,8,-1,123,62
"H",5,2,8,-10,2,0
"H",5,2,8,-11,2,0
"H",5,2,8,-2,127,48
"H",5,2,8,-3,95,23
"H",5,2,8,-4,51,13
"H",5,2,8,-5,32,3
"H",5,2,8,-6,28,1
"H",5,2,8,-7,13,0
"H",5,2,8,-8,4,0
"H",5,2,8,-9,5,0
"H",5,2,8,0,197,115
"H",5,2,8,1,159,123
"H",5,2,8,10,5,5
"H",5,2,8,11,2,2
"H",5,2,8,12,2,2
"H",5,2,8,13,1,1
"H",5,2,8,2,170,150
"H",5,2,8,3,106,96
"H",5,2,8,4,77,75
"H",5,2,8,5,43,41
"H",5,2,8,6,29,29
"H",5,2,8,7,23,23
"H",5,2,8,8,18,18
"H",5,2,8,9,10,10
"H",6,0,1,-1,3666,1520
"H",6,0,1,-10,88,0
"H",6,0,1,-11,59,0
"H",6,0,1,-12,46,1
"H",6,0,1,-13,19,0
"H",6,0,1,-14,11,0
"H",6,0,1,-15,4,0
"H",6,0,1,-16,6,0
"H",6,0,1,-17,7,0
"H",6,0,1,-18,2,0
"H",6,0,1,-19,1,0
"H",6,0,1,-2,2885,734
"H",6,0,1,-3,2198,348
"H",6,0,1,-4,1514,167
"H",6,0,1,-5,1108,70
"H",6,0,1,-6,700,30
"H",6,0,1,-7,423,8
"H",6,0,1,-8,260,2
"H",6,0,1,-9,152,1
"H",6,0,1,0,4203,2552
"H",6,0,1,1,3479,2743
"H",6,0,1,10,72,72
"H",6,0,1,11,45,45
"H",6,0,1,12,31,31
"H",6,0,1,13,12,12
"H",6,0,1,14,8,8
"H",6,0,1,15,8,8
"H",6,0,1,16,4,4
"H",6,0,1,17,4,4
"H",6,0,1,2,2737,2385
"H",6,0,1,3,1949,1813
"H",6,0,1,4,1295,1252
"H",6,0,1,5,905,888
"H",6,0,1,6,595,593
"H",6,0,1,7,369,367
"H",6,0,1,8,211,210
"H",6,0,1,9,140,140
"H",6,0,2,-1,1018,496
"H",6,0,2,-10,19,0
"H",6,0,2,-11,12,0
"H",6,0,2,-12,8,0
"H",6,0,2,-13,5,0
"H",6,0,2,-14,4,0
"H",6,0,2,-16,1,0
"H",6,0,2,-17,4,0
"H",6,0,2,-2,820,240
"H",6,0,2,-3,630,146
"H",6,0,2,-4,489,75
"H",6,0,2,-5,314,27
"H",6,0,2,-6,196,10
"H",6,0,2,-7,123,5
"H",6,0,2,-8,76,0
"H",6,0,2,-9,32,0
"H",6,0,2,0,1161,758
"H",6,0,2,1,968,787
"H",6,0,2,10,23,23
"H",6,0,2,11,18,18
"H",6,0,2,12,10,10
"H",6,0,2,13,4,4
"H",6,0,2,14,3,3
"H",6,0,2,15,2,2
"H",6,0,2,17,2,2
"H",6,0,2,2,794,709
"H",6,0,2,3,576,545
"H",6,0,2,4,396,390
"H",6,0,2,5,277,275
"H",6,0,2,6,189,186
"H",6,0,2,7,114,113
"H",6,0,2,8,80,79
"H",6,0,2,9,57,57
"H",6,0,3,-1,233,105
"H",6,0,3,-10,3,0
"H",6,0,3,-11,3,0
"H",6,0,3,-12,3,0
"H",6,0,3,-13,1,0
"H",6,0,3,-14,2,0
"H",6,0,3,-15,1,0
"H",6,0,3,-16,1,0
"H",6,0,3,-18,1,0
"H",6,0,3,-2,192,70
"H",6,0,3,-3,143,34
"H",6,0,3,-4,83,11
"H",6,0,3,-5,68,3
"H",6,0,3,-6,46,5
"H",6,0,3,-7,26,0
"H",6,0,3,-8,19,0
"H",6,0,3,-9,9,1
"H",6,0,3,0,271,188
"H",6,0,3,1,273,221
"H",6,0,3,10,9,9
"H",6,0,3,11,4,4
"H",6,0,3,12,1,1
"H",6,0,3,13,1,1
"H",6,0,3,16,1,1
"H",6,0,3,2,223,207
"H",6,0,3,3,174,164
"H",6,0,3,4,89,88
"H",6,0,3,5,68,66
"H",6,0,3,6,58,57
"H",6,0,3,7,33,33
"H",6,0,3,8,26,26
"H",6,0,3,9,13,13
"H",6,0,4,-1,199,117
"H",6,0,4,-10,7,0
"H",6,0,4,-11,5,0
"H",6,0,4,-12,6,0
"H",6,0,4,-14,1,0
"H",6,0,4,-16,1,0
"H",6,0,4,-2,223,87
"H",6,0,4,-3,169,54
"H",6,0,4,-4,142,29
"H",6,0,4,-5,74,9
"H",6,0,4,-6,57,6
"H",6,0,4,-7,32,0
"H",6,0,4,-8,23,0
"H",6,0,4,-9,9,0
"H",6,0,4,0,191,137
"H",6,0,4,1,208,180
"H",6,0,4,10,6,6
"H",6,0,4,11,3,3
"H",6,0,4,12,4,4
"H",6,0,4,2,171,154
"H",6,0,4,3,130,125
"H",6,0,4,4,102,100
"H",6,0,4,5,61,61
"H",6,0,4,6,42,41
"H",6,0,4,7,35,35
"H",6,0,4,8,26,26
"H",6,0,4,9,13,13
"H",6,0,5,-1,71,44
"H",6,0,5,-10,4,0
"H",6,0,5,-11,1,0
"H",6,0,5,-12,2,1
"H",6,0,5,-2,57,26
"H",6,0,5,-3,36,7
"H",6,0,5,-4,36,13
"H",6,0,5,-5,16,2
"H",6,0,5,-6,21,2
"H",6,0,5,-7,8,0
"H",6,0,5,-8,1,0
"H",6,0,5,-9,3,0
"H",6,0,5,0,81,66
"H",6,0,5,1,92,84
"H",6,0,5,10,3,3
"H",6,0,5,11,1,1
"H",6,0,5,12,3,3
"H",6,0,5,2,103,96
"H",6,0,5,3,64,63
"H",6,0,5,4,38,38
"H",6,0,5,5,38,36
"H",6,0,5,6,19,19
"H",6,0,5,7,16,16
"H",6,0,5,8,13,13
"H",6,0,5,9,6,6
"H",6,0,6,-1,93,61
"H",6,0,6,-10,2,0
"H",6,0,6,-11,1,0
"H",6,0,6,-17,1,0
"H",6,0,6,-2,86,40
"H",6,0,6,-3,55,18
"H",6,0,6,-4,37,7
"H",6,0,6,-5,33,3
"H",6,0,6,-6,23,1
"H",6,0,6,-7,11,0
"H",6,0,6,-8,6,0
"H",6,0,6,-9,1,0
"H",6,0,6,0,115,89
"H",6,0,6,1,100,85
"H",6,0,6,10,11,11
"H",6,0,6,11,5,5
"H",6,0,6,12,3,3
"H",6,0,6,2,87,81
"H",6,0,6,3,41,40
"H",6,0,6,4,33,33
"H",6,0,6,5,31,31
"H",6,0,6,6,27,27
"H",6,0,6,7,16,16
"H",6,0,6,8,10,10
"H",6,0,6,9,5,5
"H",6,0,7,-1,44,25
"H",6,0,7,-10,1,0
"H",6,0,7,-11,1,0
"H",6,0,7,-2,36,19
"H",6,0,7,-3,38,19
"H",6,0,7,-4,25,8
"H",6,0,7,-5,21,6
"H",6,0,7,-6,10,1
"H",6,0,7,-7,4,0
"H",6,0,7,-8,7,0
"H",6,0,7,-9,2,1
"H",6,0,7,0,53,44
"H",6,0,7,1,53,45
"H",6,0,7,10,2,2
"H",6,0,7,11,2,2
"H",6,0,7,12,2,2
"H",6,0,7,13,1,1
"H",6,0,7,2,52,51
"H",6,0,7,3,28,27
"H",6,0,7,4,15,15
"H",6,0,7,5,23,22
"H",6,0,7,6,18,18
"H",6,0,7,7,11,11
"H",6,0,7,8,8,8
"H",6,0,7,9,7,7
"H",6,0,8,-1,47,34
"H",6,0,8,-10,2,0
"H",6,0,8,-11,2,0
"H",6,0,8,-2,49,24
"H",6,0,8,-3,33,15
"H",6,0,8,-4,32,10
"H",6,0,8,-5,13,4
"H",6,0,8,-6,14,1
"H",6,0,8,-7,7,0
"H",6,0,8,-8,5,0
"H",6,0,8,-9,1,0
"H",6,0,8,0,58,46
"H",6,0,8,1,65,63
"H",6,0,8,10,2,2
"H",6,0,8,11,2,2
"H",6,0,8,12,1,1
"H",6,0,8,2,49,46
"H",6,0,8,3,31,31
"H",6,0,8,4,30,30
"H",6,0,8,5,17,17
"H",6,0,8,6,12,12
"H",6,0,8,7,10,10
"H",6,0,8,8,9,9
"H",6,0,8,9,6,6
"H",6,1,1,-1,2491,940
"H",6,1,1,-10,65,0
"H",6,1,1,-11,44,0
"H",6,1,1,-12,32,0
"H",6,1,1,-13,12,0
"H",6,1,1,-14,7,0
"H",6,1,1,-15,3,0
"H",6,1,1,-16,5,0
"H",6,1,1,-17,4,0
"H",6,1,1,-18,1,0
"H",6,1,1,-19,1,0
"H",6,1,1,-2,1922,426
"H",6,1,1,-3,1450,179
"H",6,1,1,-4,940,77
"H",6,1,1,-5,741,40
"H",6,1,1,-6,459,13
"H",6,1,1,-7,275,4
"H",6,1,1,-8,166,2
"H",6,1,1,-9,108,0
"H",6,1,1,0,2859,1643
"H",6,1,1,1,2352,1826
"H",6,1,1,10,58,58
"H",6,1,1,11,25,25
"H",6,1,1,12,22,22
"H",6,1,1,13,12,12
"H",6,1,1,14,6,6
"H",6,1,1,15,6,6
"H",6,1,1,16,4,4
"H",6,1,1,17,4,4
"H",6,1,1,2,1843,1580
"H",6,1,1,3,1329,1221
"H",6,1,1,4,908,872
"H",6,1,1,5,609,595
"H",6,1,1,6,412,411
"H",6,1,1,7,272,271
"H",6,1,1,8,148,148
"H",6,1,1,9,97,97
"H",6,1,2,-1,1104,514
"H",6,1,2,-10,25,0
"H",6,1,2,-11,17,0
"H",6,1,2,-12,10,0
"H",6,1,2,-13,9,0
"H",6,1,2,-14,2,0
"H",6,1,2,-16,4,0
"H",6,1,2,-17,2,0
"H",6,1,2,-2,926,242
"H",6,1,2,-3,744,116
"H",6,1,2,-4,543,52
"H",6,1,2,-5,371,21
"H",6,1,2,-6,245,10
"H",6,1,2,-7,146,4
"H",6,1,2,-8,88,0
"H",6,1,2,-9,40,0
"H",6,1,2,0,1254,758
"H",6,1,2,1,1093,873
"H",6,1,2,10,36,36
"H",6,1,2,11,21,21
"H",6,1,2,12,16,16
"H",6,1,2,13,6,6
"H",6,1,2,14,4,4
"H",6,1,2,15,7,7
"H",6,1,2,16,4,4
"H",6,1,2,17,3,3
"H",6,1,2,2,868,761
"H",6,1,2,3,690,642
"H",6,1,2,4,511,491
"H",6,1,2,5,309,306
"H",6,1,2,6,234,234
"H",6,1,2,7,161,159
"H",6,1,2,8,89,89
"H",6,1,2,9,73,73
"H",6,1,3,-1,574,260
"H",6,1,3,-10,11,0
"H",6,1,3,-11,6,0
"H",6,1,3,-12,1,0
"H",6,1,3,-13,2,0
"H",6,1,3,-14,3,0
"H",6,1,3,-15,1,0
"H",6,1,3,-2,298,91
"H",6,1,3,-3,219,38
"H",6,1,3,-4,154,17
"H",6,1,3,-5,126,10
"H",6,1,3,-6,73,9
"H",6,1,3,-7,39,1
"H",6,1,3,-8,21,0
"H",6,1,3,-9,16,0
"H",6,1,3,0,739,462
"H",6,1,3,1,651,516
"H",6,1,3,10,23,23
"H",6,1,3,11,13,13
"H",6,1,3,12,2,2
"H",6,1,3,13,6,6
"H",6,1,3,14,4,4
"H",6,1,3,15,1,1
"H",6,1,3,2,535,476
"H",6,1,3,3,446,418
"H",6,1,3,4,266,260
"H",6,1,3,5,201,199
"H",6,1,3,6,143,141
"H",6,1,3,7,81,81
"H",6,1,3,8,56,55
"H",6,1,3,9,43,43
"H",6,1,4,-1,352,202
"H",6,1,4,-10,14,0
"H",6,1,4,-11,7,0
"H",6,1,4,-12,5,0
"H",6,1,4,-13,3,0
"H",6,1,4,-14,2,0
"H",6,1,4,-15,1,0
"H",6,1,4,-16,2,0
"H",6,1,4,-17,2,0
"H",6,1,4,-2,286,94
"H",6,1,4,-3,234,49
"H",6,1,4,-4,187,32
"H",6,1,4,-5,122,4
"H",6,1,4,-6,91,5
"H",6,1,4,-7,41,0
"H",6,1,4,-8,30,0
"H",6,1,4,-9,15,0
"H",6,1,4,0,379,240
"H",6,1,4,1,371,304
"H",6,1,4,10,18,18
"H",6,1,4,11,9,9
"H",6,1,4,12,8,8
"H",6,1,4,13,3,3
"H",6,1,4,14,1,1
"H",6,1,4,15,1,1
"H",6,1,4,2,293,248
"H",6,1,4,3,249,225
"H",6,1,4,4,189,185
"H",6,1,4,5,126,125
"H",6,1,4,6,80,78
"H",6,1,4,7,61,61
"H",6,1,4,8,37,37
"H",6,1,4,9,24,24
"H",6,1,5,-1,197,92
"H",6,1,5,-10,4,0
"H",6,1,5,-11,3,0
"H",6,1,5,-12,1,1
"H",6,1,5,-2,132,51
"H",6,1,5,-3,95,17
"H",6,1,5,-4,64,13
"H",6,1,5,-5,41,2
"H",6,1,5,-6,29,2
"H",6,1,5,-7,16,0
"H",6,1,5,-8,8,0
"H",6,1,5,-9,6,0
"H",6,1,5,0,260,184
"H",6,1,5,1,266,214
"H",6,1,5,10,11,11
"H",6,1,5,11,5,5
"H",6,1,5,12,3,3
"H",6,1,5,13,5,5
"H",6,1,5,14,2,2
"H",6,1,5,15,2,2
"H",6,1,5,16,1,1
"H",6,1,5,2,247,222
"H",6,1,5,3,192,187
"H",6,1,5,4,130,127
"H",6,1,5,5,107,105
"H",6,1,5,6,57,56
"H",6,1,5,7,49,49
"H",6,1,5,8,30,30
"H",6,1,5,9,22,22
"H",6,1,6,-1,188,97
"H",6,1,6,-11,2,0
"H",6,1,6,-12,1,0
"H",6,1,6,-13,2,0
"H",6,1,6,-14,2,0
"H",6,1,6,-2,151,53
"H",6,1,6,-3,123,31
"H",6,1,6,-4,83,10
"H",6,1,6,-5,63,10
"H",6,1,6,-6,31,3
"H",6,1,6,-7,27,0
"H",6,1,6,-8,12,0
"H",6,1,6,-9,14,0
"H",6,1,6,0,240,184
"H",6,1,6,1,231,183
"H",6,1,6,10,14,14
"H",6,1,6,11,8,8
"H",6,1,6,12,2,2
"H",6,1,6,13,4,4
"H",6,1,6,14,2,2
"H",6,1,6,2,198,181
"H",6,1,6,3,150,144
"H",6,1,6,4,109,108
"H",6,1,6,5,75,74
"H",6,1,6,6,60,60
"H",6,1,6,7,45,45
"H",6,1,6,8,19,19
"H",6,1,6,9,16,16
"H",6,1,7,-1,171,101
"H",6,1,7,-10,2,0
"H",6,1,7,-11,2,0
"H",6,1,7,-12,2,0
"H",6,1,7,-2,145,53
"H",6,1,7,-3,94,23
"H",6,1,7,-4,57,10
"H",6,1,7,-5,29,3
"H",6,1,7,-6,18,1
"H",6,1,7,-7,17,2
"H",6,1,7,-8,6,0
"H",6,1,7,-9,3,0
"H",6,1,7,0,181,144
"H",6,1,7,1,187,158
"H",6,1,7,10,9,9
"H",6,1,7,11,4,4
"H",6,1,7,12,3,3
"H",6,1,7,13,3,3
"H",6,1,7,15,1,1
"H",6,1,7,2,163,155
"H",6,1,7,3,133,128
"H",6,1,7,4,85,84
"H",6,1,7,5,66,66
"H",6,1,7,6,55,55
"H",6,1,7,7,33,33
"H",6,1,7,8,13,13
"H",6,1,7,9,17,17
"H",6,1,8,-1,135,81
"H",6,1,8,-10,1,0
"H",6,1,8,-11,4,0
"H",6,1,8,-13,1,0
"H",6,1,8,-14,2,0
"H",6,1,8,-2,84,34
"H",6,1,8,-3,77,24
"H",6,1,8,-4,60,14
"H",6,1,8,-5,29,4
"H",6,1,8,-6,24,1
"H",6,1,8,-7,8,0
"H",6,1,8,-8,11,0
"H",6,1,8,-9,2,0
"H",6,1,8,0,161,122
"H",6,1,8,1,141,123
"H",6,1,8,10,4,4
"H",6,1,8,11,3,3
"H",6,1,8,12,4,4
"H",6,1,8,13,1,1
"H",6,1,8,2,127,116
"H",6,1,8,3,84,81
"H",6,1,8,4,65,64
"H",6,1,8,5,49,49
"H",6,1,8,6,33,33
"H",6,1,8,7,21,21
"H",6,1,8,8,16,16
"H",6,1,8,9,6,6
"H",6,2,1,-1,1905,637
"H",6,2,1,-10,48,0
"H",6,2,1,-11,28,1
"H",6,2,1,-12,26,0
"H",6,2,1,-13,6,0
"H",6,2,1,-14,5,0
"H",6,2,1,-15,3,0
"H",6,2,1,-16,2,0
"H",6,2,1,-17,5,0
"H",6,2,1,-18,1,0
"H",6,2,1,-19,1,0
"H",6,2,1,-2,1452,265
"H",6,2,1,-3,1050,119
"H",6,2,1,-4,647,49
"H",6,2,1,-5,522,24
"H",6,2,1,-6,302,3
"H",6,2,1,-7,187,3
"H",6,2,1,-8,112,2
"H",6,2,1,-9,87,0
"H",6,2,1,0,2203,1219
"H",6,2,1,1,1778,1343
"H",6,2,1,10,62,62
"H",6,2,1,11,32,32
"H",6,2,1,12,22,22
"H",6,2,1,13,8,8
"H",6,2,1,14,8,8
"H",6,2,1,15,4,4
"H",6,2,1,16,2,2
"H",6,2,1,17,5,5
"H",6,2,1,2,1496,1261
"H",6,2,1,3,1036,948
"H",6,2,1,4,730,707
"H",6,2,1,5,531,517
"H",6,2,1,6,354,353
"H",6,2,1,7,219,219
"H",6,2,1,8,153,153
"H",6,2,1,9,88,88
"H",6,2,2,-1,1080,389
"H",6,2,2,-10,23,0
"H",6,2,2,-11,12,1
"H",6,2,2,-12,21,0
"H",6,2,2,-13,5,0
"H",6,2,2,-14,2,0
"H",6,2,2,-15,1,0
"H",6,2,2,-16,4,0
"H",6,2,2,-2,922,184
"H",6,2,2,-3,722,89
"H",6,2,2,-4,508,44
"H",6,2,2,-5,348,21
"H",6,2,2,-6,213,2
"H",6,2,2,-7,137,1
"H",6,2,2,-8,98,0
"H",6,2,2,-9,39,0
"H",6,2,2,0,1252,688
"H",6,2,2,1,1102,841
"H",6,2,2,10,44,44
"H",6,2,2,11,22,22
"H",6,2,2,12,21,21
"H",6,2,2,13,10,10
"H",6,2,2,14,4,4
"H",6,2,2,15,7,7
"H",6,2,2,16,5,5
"H",6,2,2,17,3,3
"H",6,2,2,2,938,813
"H",6,2,2,3,711,649
"H",6,2,2,4,534,508
"H",6,2,2,5,365,357
"H",6,2,2,6,252,250
"H",6,2,2,7,187,186
"H",6,2,2,8,120,120
"H",6,2,2,9,76,76
"H",6,2,3,-1,680,265
"H",6,2,3,-10,11,0
"H",6,2,3,-11,9,0
"H",6,2,3,-12,1,0
"H",6,2,3,-13,2,0
"H",6,2,3,-14,1,0
"H",6,2,3,-15,2,0
"H",6,2,3,-2,374,92
"H",6,2,3,-3,269,26
"H",6,2,3,-4,171,13
"H",6,2,3,-5,122,9
"H",6,2,3,-6,93,4
"H",6,2,3,-7,41,0
"H",6,2,3,-8,27,0
"H",6,2,3,-9,23,0
"H",6,2,3,0,775,462
"H",6,2,3,1,745,567
"H",6,2,3,10,34,34
"H",6,2,3,11,25,25
"H",6,2,3,12,13,13
"H",6,2,3,13,6,6
"H",6,2,3,14,8,8
"H",6,2,3,15,3,3
"H",6,2,3,16,2,2
"H",6,2,3,17,1,1
"H",6,2,3,18,1,1
"H",6,2,3,2,631,553
"H",6,2,3,22,1,1
"H",6,2,3,3,519,483
"H",6,2,3,4,316,308
"H",6,2,3,5,269,265
"H",6,2,3,6,171,169
"H",6,2,3,7,128,126
"H",6,2,3,8,85,85
"H",6,2,3,9,67,67
"H",6,2,4,-1,403,182
"H",6,2,4,-10,11,0
"H",6,2,4,-11,7,0
"H",6,2,4,-12,7,0
"H",6,2,4,-13,3,0
"H",6,2,4,-15,1,0
"H",6,2,4,-16,1,0
"H",6,2,4,-17,1,0
"H",6,2,4,-2,340,84
"H",6,2,4,-3,283,38
"H",6,2,4,-4,197,21
"H",6,2,4,-5,148,7
"H",6,2,4,-6,94,2
"H",6,2,4,-7,50,0
"H",6,2,4,-8,36,0
"H",6,2,4,-9,13,0
"H",6,2,4,0,456,271
"H",6,2,4,1,436,322
"H",6,2,4,10,24,24
"H",6,2,4,11,20,20
"H",6,2,4,12,7,7
"H",6,2,4,13,7,7
"H",6,2,4,14,4,4
"H",6,2,4,15,5,5
"H",6,2,4,16,1,1
"H",6,2,4,17,2,2
"H",6,2,4,18,3,3
"H",6,2,4,19,1,1
"H",6,2,4,2,371,330
"H",6,2,4,21,1,1
"H",6,2,4,3,300,269
"H",6,2,4,4,222,214
"H",6,2,4,5,159,155
"H",6,2,4,6,116,115
"H",6,2,4,7,79,79
"H",6,2,4,8,52,52
"H",6,2,4,9,34,34
"H",6,2,5,-1,274,97
"H",6,2,5,-10,4,0
"H",6,2,5,-11,1,0
"H",6,2,5,-2,183,45
"H",6,2,5,-3,150,22
"H",6,2,5,-4,101,11
"H",6,2,5,-5,74,5
"H",6,2,5,-6,34,2
"H",6,2,5,-7,22,0
"H",6,2,5,-8,7,0
"H",6,2,5,-9,8,0
"H",6,2,5,0,322,192
"H",6,2,5,1,362,285
"H",6,2,5,10,20,20
"H",6,2,5,11,11,11
"H",6,2,5,12,1,1
"H",6,2,5,13,7,7
"H",6,2,5,14,2,2
"H",6,2,5,15,2,2
"H",6,2,5,16,3,3
"H",6,2,5,2,305,263
"H",6,2,5,3,232,217
"H",6,2,5,4,175,170
"H",6,2,5,5,120,117
"H",6,2,5,6,84,82
"H",6,2,5,7,70,69
"H",6,2,5,8,56,55
"H",6,2,5,9,37,37
"H",6,2,6,-1,282,127
"H",6,2,6,-10,2,0
"H",6,2,6,-11,3,0
"H",6,2,6,-12,5,0
"H",6,2,6,-13,2,0
"H",6,2,6,-16,1,0
"H",6,2,6,-2,177,48
"H",6,2,6,-3,149,36
"H",6,2,6,-4,122,15
"H",6,2,6,-5,61,4
"H",6,2,6,-6,39,0
"H",6,2,6,-7,22,0
"H",6,2,6,-8,22,0
"H",6,2,6,-9,15,0
"H",6,2,6,0,281,178
"H",6,2,6,1,309,229
"H",6,2,6,10,21,21
"H",6,2,6,11,11,11
"H",6,2,6,12,5,5
"H",6,2,6,13,2,2
"H",6,2,6,14,3,3
"H",6,2,6,15,1,1
"H",6,2,6,16,3,3
"H",6,2,6,17,1,1
"H",6,2,6,2,239,204
"H",6,2,6,20,2,2
"H",6,2,6,3,181,165
"H",6,2,6,4,144,139
"H",6,2,6,5,93,93
"H",6,2,6,6,68,66
"H",6,2,6,7,70,68
"H",6,2,6,8,34,34
"H",6,2,6,9,18,18
"H",6,2,7,-1,182,78
"H",6,2,7,-10,2,0
"H",6,2,7,-11,3,0
"H",6,2,7,-12,1,0
"H",6,2,7,-13,1,0
"H",6,2,7,-2,144,37
"H",6,2,7,-3,83,19
"H",6,2,7,-4,62,8
"H",6,2,7,-5,49,2
"H",6,2,7,-6,27,2
"H",6,2,7,-7,13,0
"H",6,2,7,-8,11,0
"H",6,2,7,-9,5,0
"H",6,2,7,0,178,119
"H",6,2,7,1,231,178
"H",6,2,7,10,15,15
"H",6,2,7,11,10,10
"H",6,2,7,12,6,6
"H",6,2,7,13,5,5
"H",6,2,7,14,1,1
"H",6,2,7,15,1,1
"H",6,2,7,2,173,151
"H",6,2,7,20,1,1
"H",6,2,7,3,134,125
"H",6,2,7,4,94,92
"H",6,2,7,5,59,58
"H",6,2,7,6,46,46
"H",6,2,7,7,35,35
"H",6,2,7,8,17,17
"H",6,2,7,9,12,12
"H",6,2,8,-1,155,59
"H",6,2,8,-10,3,0
"H",6,2,8,-11,4,0
"H",6,2,8,-12,1,0
"H",6,2,8,-14,1,0
"H",6,2,8,-2,114,29
"H",6,2,8,-3,96,25
"H",6,2,8,-4,57,8
"H",6,2,8,-5,41,3
"H",6,2,8,-6,28,0
"H",6,2,8,-7,9,0
"H",6,2,8,-8,12,0
"H",6,2,8,-9,4,0
"H",6,2,8,0,179,121
"H",6,2,8,1,170,131
"H",6,2,8,10,7,7
"H",6,2,8,11,3,3
"H",6,2,8,12,5,5
"H",6,2,8,13,2,2
"H",6,2,8,14,2,2
"H",6,2,8,15,1,1
"H",6,2,8,16,2,2
"H",6,2,8,17,1,1
"H",6,2,8,18,2,2
"H",6,2,8,2,140,122
"H",6,2,8,3,108,104
"H",6,2,8,4,82,79
"H",6,2,8,5,68,68
"H",6,2,8,6,45,44
"H",6,2,8,7,27,27
"H",6,2,8,8,13,13
"H",6,2,8,9,12,12
"H",7,0,1,-1,3334,1237
"H",7,0,1,-10,119,0
"H",7,0,1,-11,81,0
"H",7,0,1,-12,50,1
"H",7,0,1,-13,38,0
"H",7,0,1,-14,23,0
"H",7,0,1,-15,10,0
"H",7,0,1,-16,6,0
"H",7,0,1,-17,8,0
"H",7,0,1,-18,3,0
"H",7,0,1,-19,2,0
"H",7,0,1,-2,2742,582
"H",7,0,1,-20,1,0
"H",7,0,1,-3,2135,249
"H",7,0,1,-4,1506,105
"H",7,0,1,-5,1119,55
"H",7,0,1,-6,797,16
"H",7,0,1,-7,506,5
"H",7,0,1,-8,333,5
"H",7,0,1,-9,208,0
"H",7,0,1,0,3652,2276
"H",7,0,1,1,3337,2749
"H",7,0,1,10,122,122
"H",7,0,1,11,77,77
"H",7,0,1,12,43,43
"H",7,0,1,13,24,24
"H",7,0,1,14,15,15
"H",7,0,1,15,12,12
"H",7,0,1,16,7,7
"H",7,0,1,17,6,6
"H",7,0,1,18,3,3
"H",7,0,1,2,2650,2406
"H",7,0,1,21,1,1
"H",7,0,1,22,1,1
"H",7,0,1,3,2048,1947
"H",7,0,1,4,1433,1401
"H",7,0,1,5,1017,1008
"H",7,0,1,6,656,652
"H",7,0,1,7,464,463
"H",7,0,1,8,296,295
"H",7,0,1,9,194,194
"H",7,0,2,-1,913,404
"H",7,0,2,-10,32,0
"H",7,0,2,-11,22,0
"H",7,0,2,-12,13,0
"H",7,0,2,-13,10,0
"H",7,0,2,-14,7,0
"H",7,0,2,-15,2,0
"H",7,0,2,-16,1,0
"H",7,0,2,-17,2,0
"H",7,0,2,-2,779,238
"H",7,0,2,-3,619,99
"H",7,0,2,-4,440,43
"H",7,0,2,-5,324,20
"H",7,0,2,-6,244,5
"H",7,0,2,-7,150,3
"H",7,0,2,-8,94,1
"H",7,0,2,-9,59,0
"H",7,0,2,0,1056,698
"H",7,0,2,1,972,831
"H",7,0,2,10,37,37
"H",7,0,2,11,25,25
"H",7,0,2,12,13,13
"H",7,0,2,13,8,8
"H",7,0,2,14,6,6
"H",7,0,2,15,4,4
"H",7,0,2,16,1,1
"H",7,0,2,17,2,2
"H",7,0,2,2,778,729
"H",7,0,2,22,1,1
"H",7,0,2,3,603,583
"H",7,0,2,4,444,438
"H",7,0,2,5,320,319
"H",7,0,2,6,214,213
"H",7,0,2,7,154,154
"H",7,0,2,8,85,84
"H",7,0,2,9,60,60
"H",7,0,3,-1,195,105
"H",7,0,3,-10,12,0
"H",7,0,3,-11,5,0
"H",7,0,3,-12,4,1
"H",7,0,3,-13,1,0
"H",7,0,3,-14,4,0
"H",7,0,3,-15,2,0
"H",7,0,3,-16,1,0
"H",7,0,3,-17,1,0
"H",7,0,3,-2,157,39
"H",7,0,3,-3,126,16
"H",7,0,3,-4,99,6
"H",7,0,3,-5,63,11
"H",7,0,3,-6,32,2
"H",7,0,3,-7,21,0
"H",7,0,3,-8,17,0
"H",7,0,3,-9,10,0
"H",7,0,3,0,233,173
"H",7,0,3,1,250,217
"H",7,0,3,10,11,11
"H",7,0,3,11,6,6
"H",7,0,3,12,7,7
"H",7,0,3,13,4,4
"H",7,0,3,14,5,5
"H",7,0,3,15,1,1
"H",7,0,3,17,2,2
"H",7,0,3,18,1,1
"H",7,0,3,2,189,172
"H",7,0,3,21,1,1
"H",7,0,3,22,1,1
"H",7,0,3,3,147,143
"H",7,0,3,4,138,134
"H",7,0,3,5,93,93
"H",7,0,3,6,73,73
"H",7,0,3,7,51,51
"H",7,0,3,8,32,32
"H",7,0,3,9,16,16
"H",7,0,4,-1,156,84
"H",7,0,4,-10,8,0
"H",7,0,4,-11,7,0
"H",7,0,4,-12,2,0
"H",7,0,4,-13,3,0
"H",7,0,4,-14,3,0
"H",7,0,4,-16,1,0
"H",7,0,4,-2,203,71
"H",7,0,4,-3,156,41
"H",7,0,4,-4,102,8
"H",7,0,4,-5,90,9
"H",7,0,4,-6,60,1
"H",7,0,4,-7,35,1
"H",7,0,4,-8,28,0
"H",7,0,4,-9,15,0
"H",7,0,4,0,187,134
"H",7,0,4,1,178,158
"H",7,0,4,10,12,12
"H",7,0,4,11,5,5
"H",7,0,4,12,4,4
"H",7,0,4,14,2,2
"H",7,0,4,15,1,1
"H",7,0,4,16,1,1
"H",7,0,4,17,1,1
"H",7,0,4,2,129,120
"H",7,0,4,3,127,127
"H",7,0,4,4,105,105
"H",7,0,4,5,72,72
"H",7,0,4,6,48,48
"H",7,0,4,7,35,35
"H",7,0,4,8,26,26
"H",7,0,4,9,17,17
"H",7,0,5,-1,65,38
"H",7,0,5,-10,2,0
"H",7,0,5,-11,5,0
"H",7,0,5,-12,2,0
"H",7,0,5,-13,2,0
"H",7,0,5,-14,1,0
"H",7,0,5,-2,45,10
"H",7,0,5,-3,36,5
"H",7,0,5,-4,20,2
"H",7,0,5,-5,22,1
"H",7,0,5,-6,15,0
"H",7,0,5,-7,16,0
"H",7,0,5,-8,4,0
"H",7,0,5,-9,6,0
"H",7,0,5,0,75,65
"H",7,0,5,1,82,75
"H",7,0,5,10,3,3
"H",7,0,5,11,1,1
"H",7,0,5,12,1,1
"H",7,0,5,13,1,1
"H",7,0,5,14,1,1
"H",7,0,5,16,1,1
"H",7,0,5,17,1,1
"H",7,0,5,2,67,63
"H",7,0,5,3,56,54
"H",7,0,5,4,32,32
"H",7,0,5,5,32,31
"H",7,0,5,6,19,19
"H",7,0,5,7,19,19
"H",7,0,5,8,15,15
"H",7,0,5,9,8,8
"H",7,0,6,-1,90,56
"H",7,0,6,-10,3,0
"H",7,0,6,-12,2,0
"H",7,0,6,-13,1,0
"H",7,0,6,-14,2,0
"H",7,0,6,-15,1,0
"H",7,0,6,-16,1,0
"H",7,0,6,-17,1,0
"H",7,0,6,-2,84,38
"H",7,0,6,-3,67,15
"H",7,0,6,-4,41,7
"H",7,0,6,-5,38,3
"H",7,0,6,-6,20,1
"H",7,0,6,-7,22,0
"H",7,0,6,-8,7,1
"H",7,0,6,-9,7,0
"H",7,0,6,0,92,76
"H",7,0,6,1,79,77
"H",7,0,6,10,5,5
"H",7,0,6,11,3,3
"H",7,0,6,2,77,74
"H",7,0,6,22,1,1
"H",7,0,6,3,62,60
"H",7,0,6,4,47,46
"H",7,0,6,5,52,51
"H",7,0,6,6,24,24
"H",7,0,6,7,20,20
"H",7,0,6,8,12,12
"H",7,0,6,9,9,9
"H",7,0,7,-1,40,25
"H",7,0,7,-10,4,0
"H",7,0,7,-11,2,0
"H",7,0,7,-13,1,0
"H",7,0,7,-2,38,22
"H",7,0,7,-3,40,10
"H",7,0,7,-4,32,6
"H",7,0,7,-5,22,3
"H",7,0,7,-6,19,0
"H",7,0,7,-7,6,0
"H",7,0,7,-8,4,0
"H",7,0,7,-9,1,0
"H",7,0,7,0,34,28
"H",7,0,7,1,37,35
"H",7,0,7,10,3,3
"H",7,0,7,11,1,1
"H",7,0,7,12,2,2
"H",7,0,7,15,1,1
"H",7,0,7,16,1,1
"H",7,0,7,2,45,43
"H",7,0,7,22,1,1
"H",7,0,7,3,37,35
"H",7,0,7,4,31,31
"H",7,0,7,5,31,31
"H",7,0,7,6,23,23
"H",7,0,7,7,11,11
"H",7,0,7,8,11,11
"H",7,0,7,9,5,5
"H",7,0,8,-1,44,33
"H",7,0,8,-10,2,0
"H",7,0,8,-11,1,0
"H",7,0,8,-12,1,0
"H",7,0,8,-13,3,0
"H",7,0,8,-14,1,0
"H",7,0,8,-2,41,26
"H",7,0,8,-3,30,12
"H",7,0,8,-4,24,4
"H",7,0,8,-5,26,6
"H",7,0,8,-6,10,0
"H",7,0,8,-7,14,0
"H",7,0,8,-8,7,1
"H",7,0,8,-9,3,0
"H",7,0,8,0,45,38
"H",7,0,8,1,51,49
"H",7,0,8,10,2,2
"H",7,0,8,11,3,3
"H",7,0,8,2,35,33
"H",7,0,8,22,1,1
"H",7,0,8,3,28,28
"H",7,0,8,4,22,22
"H",7,0,8,5,22,22
"H",7,0,8,6,19,19
"H",7,0,8,7,10,10
"H",7,0,8,8,5,5
"H",7,0,8,9,2,2
"H",7,1,1,-1,2300,740
"H",7,1,1,-10,72,0
"H",7,1,1,-11,53,0
"H",7,1,1,-12,32,0
"H",7,1,1,-13,25,0
"H",7,1,1,-14,14,0
"H",7,1,1,-15,6,0
"H",7,1,1,-16,4,0
"H",7,1,1,-17,4,0
"H",7,1,1,-18,3,0
"H",7,1,1,-19,2,0
"H",7,1,1,-2,1839,301
"H",7,1,1,-20,1,0
"H",7,1,1,-3,1413,130
"H",7,1,1,-4,996,56
"H",7,1,1,-5,740,28
"H",7,1,1,-6,521,9
"H",7,1,1,-7,329,2
"H",7,1,1,-8,220,3
"H",7,1,1,-9,139,0
"H",7,1,1,0,2418,1423
"H",7,1,1,1,2238,1806
"H",7,1,1,10,93,93
"H",7,1,1,11,60,60
"H",7,1,1,12,34,34
"H",7,1,1,13,16,16
"H",7,1,1,14,10,10
"H",7,1,1,15,8,8
"H",7,1,1,16,6,6
"H",7,1,1,17,4,4
"H",7,1,1,18,3,3
"H",7,1,1,2,1787,1598
"H",7,1,1,3,1401,1320
"H",7,1,1,4,994,968
"H",7,1,1,5,686,678
"H",7,1,1,6,446,443
"H",7,1,1,7,314,313
"H",7,1,1,8,210,210
"H",7,1,1,9,144,144
"H",7,1,2,-1,985,367
"H",7,1,2,-10,37,0
"H",7,1,2,-11,19,0
"H",7,1,2,-12,16,0
"H",7,1,2,-13,10,0
"H",7,1,2,-14,9,0
"H",7,1,2,-15,5,0
"H",7,1,2,-16,1,0
"H",7,1,2,-17,2,0
"H",7,1,2,-2,877,204
"H",7,1,2,-3,676,75
"H",7,1,2,-4,520,39
"H",7,1,2,-5,357,16
"H",7,1,2,-6,281,8
"H",7,1,2,-7,164,5
"H",7,1,2,-8,106,1
"H",7,1,2,-9,65,0
"H",7,1,2,0,1094,672
"H",7,1,2,1,1029,850
"H",7,1,2,10,50,50
"H",7,1,2,11,28,28
"H",7,1,2,12,21,21
"H",7,1,2,13,16,16
"H",7,1,2,14,6,6
"H",7,1,2,15,8,8
"H",7,1,2,17,2,2
"H",7,1,2,18,2,2
"H",7,1,2,2,795,728
"H",7,1,2,3,667,634
"H",7,1,2,4,511,500
"H",7,1,2,5,364,361
"H",7,1,2,6,284,283
"H",7,1,2,7,192,192
"H",7,1,2,8,121,121
"H",7,1,2,9,90,89
"H",7,1,3,-1,553,233
"H",7,1,3,-10,15,0
"H",7,1,3,-11,10,0
"H",7,1,3,-12,6,0
"H",7,1,3,-13,3,0
"H",7,1,3,-14,6,0
"H",7,1,3,-18,1,0
"H",7,1,3,-2,248,52
"H",7,1,3,-3,201,26
"H",7,1,3,-4,139,15
"H",7,1,3,-5,106,9
"H",7,1,3,-6,69,1
"H",7,1,3,-7,43,0
"H",7,1,3,-8,23,1
"H",7,1,3,-9,16,0
"H",7,1,3,0,701,466
"H",7,1,3,1,680,571
"H",7,1,3,10,25,25
"H",7,1,3,11,19,19
"H",7,1,3,12,14,14
"H",7,1,3,13,6,6
"H",7,1,3,14,7,7
"H",7,1,3,15,1,1
"H",7,1,3,17,1,1
"H",7,1,3,19,1,1
"H",7,1,3,2,561,514
"H",7,1,3,21,1,1
"H",7,1,3,3,430,411
"H",7,1,3,4,352,348
"H",7,1,3,5,214,212
"H",7,1,3,6,161,159
"H",7,1,3,7,110,110
"H",7,1,3,8,68,67
"H",7,1,3,9,51,51
"H",7,1,4,-1,333,152
"H",7,1,4,-10,14,0
"H",7,1,4,-11,5,0
"H",7,1,4,-12,4,0
"H",7,1,4,-13,3,0
"H",7,1,4,-14,6,0
"H",7,1,4,-15,1,0
"H",7,1,4,-16,1,0
"H",7,1,4,-17,1,0
"H",7,1,4,-2,283,79
"H",7,1,4,-3,225,42
"H",7,1,4,-4,191,22
"H",7,1,4,-5,147,11
"H",7,1,4,-6,111,7
"H",7,1,4,-7,60,3
"H",7,1,4,-8,42,1
"H",7,1,4,-9,20,0
"H",7,1,4,0,352,236
"H",7,1,4,1,386,325
"H",7,1,4,10,21,21
"H",7,1,4,11,8,8
"H",7,1,4,12,7,7
"H",7,1,4,13,2,2
"H",7,1,4,14,1,1
"H",7,1,4,15,1,1
"H",7,1,4,18,1,1
"H",7,1,4,2,288,264
"H",7,1,4,21,1,1
"H",7,1,4,3,243,235
"H",7,1,4,4,188,186
"H",7,1,4,5,151,151
"H",7,1,4,6,93,93
"H",7,1,4,7,61,61
"H",7,1,4,8,50,50
"H",7,1,4,9,25,25
"H",7,1,5,-1,194,107
"H",7,1,5,-10,4,0
"H",7,1,5,-11,5,0
"H",7,1,5,-12,2,1
"H",7,1,5,-13,2,0
"H",7,1,5,-2,113,27
"H",7,1,5,-3,84,10
"H",7,1,5,-4,53,4
"H",7,1,5,-5,49,4
"H",7,1,5,-6,25,1
"H",7,1,5,-7,21,0
"H",7,1,5,-8,9,1
"H",7,1,5,-9,9,0
"H",7,1,5,0,212,149
"H",7,1,5,1,252,221
"H",7,1,5,10,14,14
"H",7,1,5,11,6,6
"H",7,1,5,12,7,7
"H",7,1,5,13,1,1
"H",7,1,5,14,4,4
"H",7,1,5,15,1,1
"H",7,1,5,17,2,2
"H",7,1,5,2,202,182
"H",7,1,5,20,1,1
"H",7,1,5,3,187,176
"H",7,1,5,4,137,132
"H",7,1,5,5,104,104
"H",7,1,5,6,72,72
"H",7,1,5,7,61,61
"H",7,1,5,8,27,27
"H",7,1,5,9,29,29
"H",7,1,6,-1,169,100
"H",7,1,6,-10,3,0
"H",7,1,6,-11,6,0
"H",7,1,6,-12,3,0
"H",7,1,6,-13,1,0
"H",7,1,6,-14,1,0
"H",7,1,6,-17,1,0
"H",7,1,6,-18,1,0
"H",7,1,6,-2,132,46
"H",7,1,6,-3,107,20
"H",7,1,6,-4,87,13
"H",7,1,6,-5,71,6
"H",7,1,6,-6,31,0
"H",7,1,6,-7,25,0
"H",7,1,6,-8,15,0
"H",7,1,6,-9,12,0
"H",7,1,6,0,216,165
"H",7,1,6,1,188,164
"H",7,1,6,10,15,15
"H",7,1,6,11,8,8
"H",7,1,6,12,4,4
"H",7,1,6,13,3,3
"H",7,1,6,15,1,1
"H",7,1,6,17,1,1
"H",7,1,6,2,185,170
"H",7,1,6,3,154,144
"H",7,1,6,4,126,125
"H",7,1,6,5,85,84
"H",7,1,6,6,65,65
"H",7,1,6,7,50,50
"H",7,1,6,8,35,35
"H",7,1,6,9,17,17
"H",7,1,7,-1,153,67
"H",7,1,7,-10,3,0
"H",7,1,7,-11,4,0
"H",7,1,7,-12,1,0
"H",7,1,7,-13,3,0
"H",7,1,7,-14,2,0
"H",7,1,7,-2,130,40
"H",7,1,7,-3,87,16
"H",7,1,7,-4,55,11
"H",7,1,7,-5,33,2
"H",7,1,7,-6,31,1
"H",7,1,7,-7,17,1
"H",7,1,7,-8,5,0
"H",7,1,7,-9,3,0
"H",7,1,7,0,181,144
"H",7,1,7,1,179,153
"H",7,1,7,10,11,11
"H",7,1,7,11,7,7
"H",7,1,7,12,8,8
"H",7,1,7,13,2,2
"H",7,1,7,14,1,1
"H",7,1,7,15,1,1
"H",7,1,7,2,170,162
"H",7,1,7,3,115,111
"H",7,1,7,4,99,99
"H",7,1,7,5,84,84
"H",7,1,7,6,57,57
"H",7,1,7,7,39,39
"H",7,1,7,8,27,27
"H",7,1,7,9,15,15
"H",7,1,8,-1,117,66
"H",7,1,8,-10,3,0
"H",7,1,8,-11,1,0
"H",7,1,8,-13,2,0
"H",7,1,8,-14,2,0
"H",7,1,8,-2,86,34
"H",7,1,8,-3,75,21
"H",7,1,8,-4,53,11
"H",7,1,8,-5,43,5
"H",7,1,8,-6,22,2
"H",7,1,8,-7,22,2
"H",7,1,8,-8,13,2
"H",7,1,8,-9,6,0
"H",7,1,8,0,177,136
"H",7,1,8,1,145,130
"H",7,1,8,10,7,7
"H",7,1,8,11,3,3
"H",7,1,8,12,2,2
"H",7,1,8,2,130,123
"H",7,1,8,22,1,1
"H",7,1,8,3,85,82
"H",7,1,8,4,73,73
"H",7,1,8,5,52,52
"H",7,1,8,6,36,36
"H",7,1,8,7,22,22
"H",7,1,8,8,22,22
"H",7,1,8,9,13,13
"H",7,2,1,-1,1703,488
"H",7,2,1,-10,48,0
"H",7,2,1,-11,43,1
"H",7,2,1,-12,21,0
"H",7,2,1,-13,19,0
"H",7,2,1,-14,6,0
"H",7,2,1,-15,3,0
"H",7,2,1,-16,4,0
"H",7,2,1,-17,4,0
"H",7,2,1,-18,2,0
"H",7,2,1,-19,2,0
"H",7,2,1,-2,1417,192
"H",7,2,1,-20,1,0
"H",7,2,1,-3,1063,85
"H",7,2,1,-4,737,34
"H",7,2,1,-5,542,15
"H",7,2,1,-6,364,1
"H",7,2,1,-7,244,1
"H",7,2,1,-8,165,0
"H",7,2,1,-9,109,0
"H",7,2,1,0,1808,1011
"H",7,2,1,1,1705,1337
"H",7,2,1,10,84,84
"H",7,2,1,11,52,52
"H",7,2,1,12,24,24
"H",7,2,1,13,16,16
"H",7,2,1,14,9,9
"H",7,2,1,15,9,9
"H",7,2,1,16,6,6
"H",7,2,1,17,3,3
"H",7,2,1,18,4,4
"H",7,2,1,2,1428,1267
"H",7,2,1,3,1099,1034
"H",7,2,1,4,804,774
"H",7,2,1,5,587,578
"H",7,2,1,6,360,358
"H",7,2,1,7,267,266
"H",7,2,1,8,186,186
"H",7,2,1,9,115,115
"H",7,2,2,-1,994,312
"H",7,2,2,-10,33,0
"H",7,2,2,-11,28,1
"H",7,2,2,-12,16,0
"H",7,2,2,-13,12,0
"H",7,2,2,-14,8,0
"H",7,2,2,-15,2,0
"H",7,2,2,-16,1,0
"H",7,2,2,-17,3,0
"H",7,2,2,-19,1,0
"H",7,2,2,-2,862,146
"H",7,2,2,-20,1,0
"H",7,2,2,-3,675,61
"H",7,2,2,-4,489,27
"H",7,2,2,-5,352,13
"H",7,2,2,-6,255,2
"H",7,2,2,-7,154,0
"H",7,2,2,-8,106,0
"H",7,2,2,-9,71,0
"H",7,2,2,0,1104,647
"H",7,2,2,1,1012,825
"H",7,2,2,10,53,53
"H",7,2,2,11,48,48
"H",7,2,2,12,22,22
"H",7,2,2,13,15,15
"H",7,2,2,14,9,9
"H",7,2,2,15,8,8
"H",7,2,2,16,8,8
"H",7,2,2,17,1,1
"H",7,2,2,18,1,1
"H",7,2,2,2,892,784
"H",7,2,2,3,701,671
"H",7,2,2,4,551,531
"H",7,2,2,5,444,439
"H",7,2,2,6,272,271
"H",7,2,2,7,222,222
"H",7,2,2,8,142,142
"H",7,2,2,9,96,96
"H",7,2,3,-1,547,184
"H",7,2,3,-10,17,0
"H",7,2,3,-11,6,0
"H",7,2,3,-12,12,0
"H",7,2,3,-13,4,0
"H",7,2,3,-14,6,0
"H",7,2,3,-15,2,0
"H",7,2,3,-2,337,49
"H",7,2,3,-3,249,25
"H",7,2,3,-4,182,7
"H",7,2,3,-5,129,6
"H",7,2,3,-6,82,0
"H",7,2,3,-7,50,0
"H",7,2,3,-8,29,0
"H",7,2,3,-9,22,0
"H",7,2,3,0,695,415
"H",7,2,3,1,721,598
"H",7,2,3,10,38,38
"H",7,2,3,11,34,34
"H",7,2,3,12,30,30
"H",7,2,3,13,9,9
"H",7,2,3,14,11,11
"H",7,2,3,15,5,5
"H",7,2,3,16,1,1
"H",7,2,3,17,2,2
"H",7,2,3,2,628,565
"H",7,2,3,3,547,521
"H",7,2,3,4,421,411
"H",7,2,3,5,279,276
"H",7,2,3,6,215,213
"H",7,2,3,7,144,144
"H",7,2,3,8,92,92
"H",7,2,3,9,75,74
"H",7,2,4,-1,369,140
"H",7,2,4,-10,14,0
"H",7,2,4,-11,7,0
"H",7,2,4,-12,8,0
"H",7,2,4,-13,4,0
"H",7,2,4,-14,2,0
"H",7,2,4,-15,1,0
"H",7,2,4,-16,2,0
"H",7,2,4,-17,1,0
"H",7,2,4,-2,311,61
"H",7,2,4,-3,265,32
"H",7,2,4,-4,234,16
"H",7,2,4,-5,148,7
"H",7,2,4,-6,109,4
"H",7,2,4,-7,54,1
"H",7,2,4,-8,44,0
"H",7,2,4,-9,25,0
"H",7,2,4,0,463,284
"H",7,2,4,1,457,376
"H",7,2,4,10,30,30
"H",7,2,4,11,16,16
"H",7,2,4,12,6,6
"H",7,2,4,13,11,11
"H",7,2,4,14,4,4
"H",7,2,4,16,3,3
"H",7,2,4,17,1,1
"H",7,2,4,18,2,2
"H",7,2,4,2,341,295
"H",7,2,4,21,1,1
"H",7,2,4,23,1,1
"H",7,2,4,3,276,264
"H",7,2,4,4,241,232
"H",7,2,4,5,173,173
"H",7,2,4,6,108,108
"H",7,2,4,7,84,84
"H",7,2,4,8,60,60
"H",7,2,4,9,43,43
"H",7,2,5,-1,278,94
"H",7,2,5,-10,5,0
"H",7,2,5,-11,5,0
"H",7,2,5,-12,4,0
"H",7,2,5,-13,4,0
"H",7,2,5,-14,1,0
"H",7,2,5,-2,163,21
"H",7,2,5,-3,119,13
"H",7,2,5,-4,92,8
"H",7,2,5,-5,69,1
"H",7,2,5,-6,42,0
"H",7,2,5,-7,16,0
"H",7,2,5,-8,13,0
"H",7,2,5,-9,13,0
"H",7,2,5,0,325,199
"H",7,2,5,1,305,255
"H",7,2,5,10,19,19
"H",7,2,5,11,20,20
"H",7,2,5,12,9,9
"H",7,2,5,13,4,4
"H",7,2,5,14,5,5
"H",7,2,5,15,5,5
"H",7,2,5,17,1,1
"H",7,2,5,2,290,255
"H",7,2,5,20,1,1
"H",7,2,5,3,241,226
"H",7,2,5,4,208,206
"H",7,2,5,5,149,146
"H",7,2,5,6,94,94
"H",7,2,5,7,82,82
"H",7,2,5,8,46,46
"H",7,2,5,9,38,38
"H",7,2,6,-1,217,81
"H",7,2,6,-10,4,0
"H",7,2,6,-11,6,0
"H",7,2,6,-12,1,0
"H",7,2,6,-17,1,0
"H",7,2,6,-2,176,35
"H",7,2,6,-3,137,21
"H",7,2,6,-4,100,11
"H",7,2,6,-5,81,4
"H",7,2,6,-6,53,0
"H",7,2,6,-7,29,1
"H",7,2,6,-8,12,0
"H",7,2,6,-9,18,0
"H",7,2,6,0,258,166
"H",7,2,6,1,247,203
"H",7,2,6,10,14,14
"H",7,2,6,11,14,14
"H",7,2,6,12,12,12
"H",7,2,6,13,8,8
"H",7,2,6,14,2,2
"H",7,2,6,15,1,1
"H",7,2,6,2,226,216
"H",7,2,6,3,196,185
"H",7,2,6,4,155,152
"H",7,2,6,5,97,96
"H",7,2,6,6,72,72
"H",7,2,6,7,59,59
"H",7,2,6,8,42,42
"H",7,2,6,9,30,30
"H",7,2,7,-1,162,53
"H",7,2,7,-10,4,0
"H",7,2,7,-11,4,0
"H",7,2,7,-12,2,0
"H",7,2,7,-13,1,0
"H",7,2,7,-17,1,0
"H",7,2,7,-2,121,28
"H",7,2,7,-3,100,19
"H",7,2,7,-4,57,5
"H",7,2,7,-5,35,2
"H",7,2,7,-6,37,1
"H",7,2,7,-7,23,1
"H",7,2,7,-8,11,0
"H",7,2,7,-9,4,0
"H",7,2,7,0,205,135
"H",7,2,7,1,182,157
"H",7,2,7,10,15,15
"H",7,2,7,11,10,10
"H",7,2,7,12,4,4
"H",7,2,7,13,3,3
"H",7,2,7,2,188,177
"H",7,2,7,3,140,133
"H",7,2,7,4,95,93
"H",7,2,7,5,81,79
"H",7,2,7,6,43,43
"H",7,2,7,7,37,37
"H",7,2,7,8,21,21
"H",7,2,7,9,14,14
"H",7,2,8,-1,152,58
"H",7,2,8,-10,2,0
"H",7,2,8,-12,2,0
"H",7,2,8,-13,2,0
"H",7,2,8,-2,91,24
"H",7,2,8,-3,69,13
"H",7,2,8,-4,64,8
"H",7,2,8,-5,41,3
"H",7,2,8,-6,31,2
"H",7,2,8,-7,14,2
"H",7,2,8,-8,14,0
"H",7,2,8,-9,7,0
"H",7,2,8,0,197,141
"H",7,2,8,1,165,136
"H",7,2,8,10,11,11
"H",7,2,8,11,3,3
"H",7,2,8,12,1,1
"H",7,2,8,13,2,2
"H",7,2,8,14,1,1
"H",7,2,8,2,132,120
"H",7,2,8,3,95,89
"H",7,2,8,4,82,79
"H",7,2,8,5,57,56
"H",7,2,8,6,35,35
"H",7,2,8,7,21,21
"H",7,2,8,8,12,12
"H",7,2,8,9,18,18
"H",8,0,1,-1,3098,917
"H",8,0,1,-10,141,0
"H",8,0,1,-11,109,1
"H",8,0,1,-12,68,0
"H",8,0,1,-13,54,0
"H",8,0,1,-14,35,0
"H",8,0,1,-15,19,0
"H",8,0,1,-16,10,0
"H",8,0,1,-17,7,0
"H",8,0,1,-18,2,0
"H",8,0,1,-19,3,0
"H",8,0,1,-2,2580,412
"H",8,0,1,-20,3,0
"H",8,0,1,-21,1,0
"H",8,0,1,-24,1,0
"H",8,0,1,-3,2145,209
"H",8,0,1,-4,1585,67
"H",8,0,1,-5,1197,31
"H",8,0,1,-6,826,7
"H",8,0,1,-7,595,4
"H",8,0,1,-8,365,1
"H",8,0,1,-9,245,0
"H",8,0,1,0,3160,2049
"H",8,0,1,1,3109,2773
"H",8,0,1,10,180,180
"H",8,0,1,11,95,95
"H",8,0,1,12,54,54
"H",8,0,1,13,30,30
"H",8,0,1,14,35,35
"H",8,0,1,15,15,15
"H",8,0,1,16,10,10
"H",8,0,1,17,2,2
"H",8,0,1,18,4,4
"H",8,0,1,19,1,1
"H",8,0,1,2,2583,2471
"H",8,0,1,20,2,2
"H",8,0,1,21,1,1
"H",8,0,1,23,1,1
"H",8,0,1,3,2008,1964
"H",8,0,1,4,1562,1543
"H",8,0,1,5,1117,1115
"H",8,0,1,6,758,753
"H",8,0,1,7,572,572
"H",8,0,1,8,369,369
"H",8,0,1,9,236,236
"H",8,0,2,-1,890,363
"H",8,0,2,-10,41,0
"H",8,0,2,-11,34,1
"H",8,0,2,-12,18,0
"H",8,0,2,-13,11,0
"H",8,0,2,-14,9,0
"H",8,0,2,-15,6,0
"H",8,0,2,-16,5,0
"H",8,0,2,-17,2,0
"H",8,0,2,-19,1,0
"H",8,0,2,-2,725,167
"H",8,0,2,-20,1,0
"H",8,0,2,-3,621,101
"H",8,0,2,-4,474,35
"H",8,0,2,-5,343,13
"H",8,0,2,-6,224,5
"H",8,0,2,-7,174,2
"H",8,0,2,-8,112,0
"H",8,0,2,-9,66,0
"H",8,0,2,0,945,673
"H",8,0,2,1,915,841
"H",8,0,2,10,67,67
"H",8,0,2,11,40,40
"H",8,0,2,12,16,16
"H",8,0,2,13,13,13
"H",8,0,2,14,11,11
"H",8,0,2,15,3,3
"H",8,0,2,16,4,4
"H",8,0,2,17,1,1
"H",8,0,2,18,2,2
"H",8,0,2,2,810,782
"H",8,0,2,20,1,1
"H",8,0,2,23,1,1
"H",8,0,2,3,635,618
"H",8,0,2,4,456,450
"H",8,0,2,5,336,336
"H",8,0,2,6,242,238
"H",8,0,2,7,184,184
"H",8,0,2,8,127,127
"H",8,0,2,9,91,91
"H",8,0,3,-1,184,92
"H",8,0,3,-10,19,0
"H",8,0,3,-11,9,0
"H",8,0,3,-12,2,0
"H",8,0,3,-13,4,0
"H",8,0,3,-14,3,0
"H",8,0,3,-15,1,0
"H",8,0,3,-16,1,0
"H",8,0,3,-2,147,44
"H",8,0,3,-24,1,0
"H",8,0,3,-3,117,17
"H",8,0,3,-4,95,5
"H",8,0,3,-5,80,3
"H",8,0,3,-6,59,0
"H",8,0,3,-7,40,1
"H",8,0,3,-8,16,0
"H",8,0,3,-9,20,0
"H",8,0,3,0,201,163
"H",8,0,3,1,202,185
"H",8,0,3,10,26,26
"H",8,0,3,11,12,12
"H",8,0,3,12,10,10
"H",8,0,3,13,8,8
"H",8,0,3,14,6,6
"H",8,0,3,18,1,1
"H",8,0,3,19,1,1
"H",8,0,3,2,164,157
"H",8,0,3,20,1,1
"H",8,0,3,3,157,154
"H",8,0,3,4,125,124
"H",8,0,3,5,95,94
"H",8,0,3,6,82,82
"H",8,0,3,7,54,54
"H",8,0,3,8,43,43
"H",8,0,3,9,24,24
"H",8,0,4,-1,171,95
"H",8,0,4,-10,12,0
"H",8,0,4,-11,9,0
"H",8,0,4,-12,4,0
"H",8,0,4,-13,3,0
"H",8,0,4,-14,5,0
"H",8,0,4,-15,1,0
"H",8,0,4,-16,1,0
"H",8,0,4,-2,196,66
"H",8,0,4,-24,1,0
"H",8,0,4,-3,153,31
"H",8,0,4,-4,131,10
"H",8,0,4,-5,97,6
"H",8,0,4,-6,61,2
"H",8,0,4,-7,39,0
"H",8,0,4,-8,32,0
"H",8,0,4,-9,26,0
"H",8,0,4,0,153,127
"H",8,0,4,1,173,170
"H",8,0,4,10,15,15
"H",8,0,4,11,5,5
"H",8,0,4,12,4,4
"H",8,0,4,13,4,4
"H",8,0,4,14,4,4
"H",8,0,4,17,1,1
"H",8,0,4,2,152,145
"H",8,0,4,3,103,101
"H",8,0,4,4,112,112
"H",8,0,4,5,65,65
"H",8,0,4,6,64,62
"H",8,0,4,7,40,40
"H",8,0,4,8,34,34
"H",8,0,4,9,27,27
"H",8,0,5,-1,84,46
"H",8,0,5,-10,1,0
"H",8,0,5,-11,3,0
"H",8,0,5,-12,1,0
"H",8,0,5,-13,2,0
"H",8,0,5,-14,2,0
"H",8,0,5,-2,41,14
"H",8,0,5,-20,1,0
"H",8,0,5,-3,30,3
"H",8,0,5,-4,28,2
"H",8,0,5,-5,19,3
"H",8,0,5,-6,17,1
"H",8,0,5,-7,15,0
"H",8,0,5,-8,15,0
"H",8,0,5,-9,4,0
"H",8,0,5,0,71,59
"H",8,0,5,1,86,83
"H",8,0,5,10,11,11
"H",8,0,5,11,3,3
"H",8,0,5,12,5,5
"H",8,0,5,13,4,4
"H",8,0,5,15,1,1
"H",8,0,5,2,76,73
"H",8,0,5,20,1,1
"H",8,0,5,21,1,1
"H",8,0,5,3,68,68
"H",8,0,5,4,41,41
"H",8,0,5,5,32,32
"H",8,0,5,6,14,14
"H",8,0,5,7,19,19
"H",8,0,5,8,18,18
"H",8,0,5,9,7,7
"H",8,0,6,-1,79,55
"H",8,0,6,-10,4,0
"H",8,0,6,-11,5,0
"H",8,0,6,-12,1,0
"H",8,0,6,-15,3,0
"H",8,0,6,-2,59,20
"H",8,0,6,-3,52,15
"H",8,0,6,-4,37,3
"H",8,0,6,-5,29,4
"H",8,0,6,-6,20,0
"H",8,0,6,-7,18,0
"H",8,0,6,-8,8,0
"H",8,0,6,-9,10,0
"H",8,0,6,0,88,82
"H",8,0,6,1,81,79
"H",8,0,6,10,10,10
"H",8,0,6,11,5,5
"H",8,0,6,12,3,3
"H",8,0,6,13,1,1
"H",8,0,6,15,1,1
"H",8,0,6,16,1,1
"H",8,0,6,19,1,1
"H",8,0,6,2,83,83
"H",8,0,6,3,64,64
"H",8,0,6,4,47,47
"H",8,0,6,5,48,48
"H",8,0,6,6,29,29
"H",8,0,6,7,25,25
"H",8,0,6,8,26,26
"H",8,0,6,9,11,11
"H",8,0,7,-1,33,20
"H",8,0,7,-10,1,0
"H",8,0,7,-11,1,0
"H",8,0,7,-13,1,0
"H",8,0,7,-14,2,0
"H",8,0,7,-2,42,23
"H",8,0,7,-3,35,11
"H",8,0,7,-4,18,5
"H",8,0,7,-5,21,0
"H",8,0,7,-6,8,1
"H",8,0,7,-7,10,1
"H",8,0,7,-8,6,0
"H",8,0,7,-9,6,0
"H",8,0,7,0,38,34
"H",8,0,7,1,37,37
"H",8,0,7,10,11,11
"H",8,0,7,11,9,9
"H",8,0,7,12,1,1
"H",8,0,7,13,2,2
"H",8,0,7,14,2,2
"H",8,0,7,2,39,39
"H",8,0,7,3,25,24
"H",8,0,7,4,30,30
"H",8,0,7,5,22,22
"H",8,0,7,6,16,16
"H",8,0,7,7,16,16
"H",8,0,7,8,12,12
"H",8,0,7,9,11,11
"H",8,0,8,-1,48,36
"H",8,0,8,-10,5,0
"H",8,0,8,-11,1,0
"H",8,0,8,-12,1,0
"H",8,0,8,-13,1,0
"H",8,0,8,-14,1,0
"H",8,0,8,-2,53,27
"H",8,0,8,-3,29,13
"H",8,0,8,-4,35,9
"H",8,0,8,-5,28,3
"H",8,0,8,-6,10,0
"H",8,0,8,-7,9,0
"H",8,0,8,-8,2,0
"H",8,0,8,-9,6,0
"H",8,0,8,0,52,42
"H",8,0,8,1,52,51
"H",8,0,8,10,6,6
"H",8,0,8,11,3,3
"H",8,0,8,12,2,2
"H",8,0,8,13,2,2
"H",8,0,8,15,1,1
"H",8,0,8,16,1,1
"H",8,0,8,2,47,45
"H",8,0,8,3,31,31
"H",8,0,8,4,27,27
"H",8,0,8,5,29,29
"H",8,0,8,6,11,11
"H",8,0,8,7,4,4
"H",8,0,8,8,11,11
"H",8,0,8,9,11,11
"H",8,1,1,-1,2075,458
"H",8,1,1,-10,89,0
"H",8,1,1,-11,67,0
"H",8,1,1,-12,50,0
"H",8,1,1,-13,40,0
"H",8,1,1,-14,21,0
"H",8,1,1,-15,12,0
"H",8,1,1,-16,4,0
"H",8,1,1,-17,5,0
"H",8,1,1,-18,3,0
"H",8,1,1,-19,3,0
"H",8,1,1,-2,1751,206
"H",8,1,1,-3,1446,93
"H",8,1,1,-4,1039,30
"H",8,1,1,-5,776,11
"H",8,1,1,-6,555,2
"H",8,1,1,-7,383,1
"H",8,1,1,-8,233,1
"H",8,1,1,-9,164,0
"H",8,1,1,0,2112,1265
"H",8,1,1,1,2075,1813
"H",8,1,1,10,113,113
"H",8,1,1,11,69,69
"H",8,1,1,12,42,42
"H",8,1,1,13,24,24
"H",8,1,1,14,24,24
"H",8,1,1,15,11,11
"H",8,1,1,16,8,8
"H",8,1,1,17,1,1
"H",8,1,1,18,2,2
"H",8,1,1,2,1679,1600
"H",8,1,1,20,1,1
"H",8,1,1,21,1,1
"H",8,1,1,3,1317,1291
"H",8,1,1,4,1079,1066
"H",8,1,1,5,761,759
"H",8,1,1,6,519,516
"H",8,1,1,7,392,392
"H",8,1,1,8,247,247
"H",8,1,1,9,160,160
"H",8,1,2,-1,932,280
"H",8,1,2,-10,46,0
"H",8,1,2,-11,27,1
"H",8,1,2,-12,30,0
"H",8,1,2,-13,15,0
"H",8,1,2,-14,9,0
"H",8,1,2,-15,6,0
"H",8,1,2,-16,5,0
"H",8,1,2,-17,3,0
"H",8,1,2,-18,2,0
"H",8,1,2,-19,2,0
"H",8,1,2,-2,880,146
"H",8,1,2,-20,1,0
"H",8,1,2,-3,713,62
"H",8,1,2,-4,547,30
"H",8,1,2,-5,414,9
"H",8,1,2,-6,263,2
"H",8,1,2,-7,180,0
"H",8,1,2,-8,126,2
"H",8,1,2,-9,74,0
"H",8,1,2,0,912,570
"H",8,1,2,1,917,816
"H",8,1,2,10,79,79
"H",8,1,2,11,44,44
"H",8,1,2,12,32,32
"H",8,1,2,13,17,17
"H",8,1,2,14,15,15
"H",8,1,2,15,5,5
"H",8,1,2,16,4,4
"H",8,1,2,17,1,1
"H",8,1,2,19,1,1
"H",8,1,2,2,833,793
"H",8,1,2,23,1,1
"H",8,1,2,3,710,691
"H",8,1,2,4,544,537
"H",8,1,2,5,387,386
"H",8,1,2,6,285,285
"H",8,1,2,7,255,255
"H",8,1,2,8,157,157
"H",8,1,2,9,108,108
"H",8,1,3,-1,489,182
"H",8,1,3,-10,16,0
"H",8,1,3,-11,10,0
"H",8,1,3,-12,4,0
"H",8,1,3,-13,9,0
"H",8,1,3,-14,2,0
"H",8,1,3,-15,2,0
"H",8,1,3,-16,4,0
"H",8,1,3,-2,246,40
"H",8,1,3,-3,200,23
"H",8,1,3,-4,158,9
"H",8,1,3,-5,122,2
"H",8,1,3,-6,89,0
"H",8,1,3,-7,64,1
"H",8,1,3,-8,23,0
"H",8,1,3,-9,22,0
"H",8,1,3,0,656,471
"H",8,1,3,1,604,541
"H",8,1,3,10,49,49
"H",8,1,3,11,24,24
"H",8,1,3,12,19,19
"H",8,1,3,13,8,8
"H",8,1,3,14,7,7
"H",8,1,3,15,2,2
"H",8,1,3,16,3,3
"H",8,1,3,17,2,2
"H",8,1,3,18,1,1
"H",8,1,3,19,2,2
"H",8,1,3,2,569,549
"H",8,1,3,3,454,445
"H",8,1,3,4,321,317
"H",8,1,3,5,219,218
"H",8,1,3,6,145,145
"H",8,1,3,7,115,115
"H",8,1,3,8,68,68
"H",8,1,3,9,60,60
"H",8,1,4,-1,330,142
"H",8,1,4,-10,19,0
"H",8,1,4,-11,13,1
"H",8,1,4,-12,6,0
"H",8,1,4,-13,7,0
"H",8,1,4,-14,3,0
"H",8,1,4,-15,4,0
"H",8,1,4,-17,3,0
"H",8,1,4,-2,286,70
"H",8,1,4,-3,237,27
"H",8,1,4,-4,212,20
"H",8,1,4,-5,142,4
"H",8,1,4,-6,104,2
"H",8,1,4,-7,57,0
"H",8,1,4,-8,44,1
"H",8,1,4,-9,32,0
"H",8,1,4,0,345,248
"H",8,1,4,1,325,290
"H",8,1,4,10,24,24
"H",8,1,4,11,13,13
"H",8,1,4,12,16,16
"H",8,1,4,13,7,7
"H",8,1,4,14,10,10
"H",8,1,4,16,1,1
"H",8,1,4,17,2,2
"H",8,1,4,19,1,1
"H",8,1,4,2,287,277
"H",8,1,4,20,2,2
"H",8,1,4,21,1,1
"H",8,1,4,3,240,234
"H",8,1,4,4,178,178
"H",8,1,4,5,124,124
"H",8,1,4,6,110,109
"H",8,1,4,7,85,85
"H",8,1,4,8,72,72
"H",8,1,4,9,43,43
"H",8,1,5,-1,201,88
"H",8,1,5,-10,5,0
"H",8,1,5,-11,4,0
"H",8,1,5,-12,2,0
"H",8,1,5,-13,3,0
"H",8,1,5,-14,5,0
"H",8,1,5,-16,1,0
"H",8,1,5,-2,93,23
"H",8,1,5,-3,74,8
"H",8,1,5,-4,64,3
"H",8,1,5,-5,49,0
"H",8,1,5,-6,45,0
"H",8,1,5,-7,23,0
"H",8,1,5,-8,16,0
"H",8,1,5,-9,12,1
"H",8,1,5,0,216,174
"H",8,1,5,1,230,214
"H",8,1,5,10,28,28
"H",8,1,5,11,17,17
"H",8,1,5,12,11,11
"H",8,1,5,13,3,3
"H",8,1,5,14,3,3
"H",8,1,5,15,1,1
"H",8,1,5,16,2,2
"H",8,1,5,18,2,2
"H",8,1,5,2,235,223
"H",8,1,5,21,1,1
"H",8,1,5,3,195,192
"H",8,1,5,4,136,136
"H",8,1,5,5,101,101
"H",8,1,5,6,70,70
"H",8,1,5,7,43,43
"H",8,1,5,8,39,39
"H",8,1,5,9,25,25
"H",8,1,6,-1,144,71
"H",8,1,6,-10,5,0
"H",8,1,6,-11,2,0
"H",8,1,6,-12,5,0
"H",8,1,6,-14,4,0
"H",8,1,6,-15,2,0
"H",8,1,6,-19,1,0
"H",8,1,6,-2,129,39
"H",8,1,6,-24,1,0
"H",8,1,6,-3,124,22
"H",8,1,6,-4,86,7
"H",8,1,6,-5,65,2
"H",8,1,6,-6,43,2
"H",8,1,6,-7,28,2
"H",8,1,6,-8,26,1
"H",8,1,6,-9,14,0
"H",8,1,6,0,216,173
"H",8,1,6,1,193,179
"H",8,1,6,10,18,18
"H",8,1,6,11,17,17
"H",8,1,6,12,4,4
"H",8,1,6,13,5,5
"H",8,1,6,14,2,2
"H",8,1,6,18,1,1
"H",8,1,6,19,1,1
"H",8,1,6,2,177,171
"H",8,1,6,23,1,1
"H",8,1,6,3,174,170
"H",8,1,6,4,127,125
"H",8,1,6,5,98,97
"H",8,1,6,6,74,74
"H",8,1,6,7,61,61
"H",8,1,6,8,34,34
"H",8,1,6,9,32,32
"H",8,1,7,-1,135,76
"H",8,1,7,-10,1,0
"H",8,1,7,-11,4,0
"H",8,1,7,-12,4,0
"H",8,1,7,-13,3,0
"H",8,1,7,-14,1,0
"H",8,1,7,-15,1,0
"H",8,1,7,-16,1,0
"H",8,1,7,-2,134,45
"H",8,1,7,-3,73,18
"H",8,1,7,-4,37,4
"H",8,1,7,-5,38,1
"H",8,1,7,-6,21,0
"H",8,1,7,-7,14,0
"H",8,1,7,-8,11,0
"H",8,1,7,-9,9,0
"H",8,1,7,0,151,124
"H",8,1,7,1,154,147
"H",8,1,7,10,17,17
"H",8,1,7,11,7,7
"H",8,1,7,12,4,4
"H",8,1,7,13,3,3
"H",8,1,7,15,2,2
"H",8,1,7,17,1,1
"H",8,1,7,2,180,172
"H",8,1,7,21,1,1
"H",8,1,7,3,109,104
"H",8,1,7,4,110,108
"H",8,1,7,5,78,78
"H",8,1,7,6,64,63
"H",8,1,7,7,51,51
"H",8,1,7,8,26,26
"H",8,1,7,9,14,14
"H",8,1,8,-1,125,74
"H",8,1,8,-10,4,0
"H",8,1,8,-11,3,0
"H",8,1,8,-12,1,0
"H",8,1,8,-13,3,0
"H",8,1,8,-14,1,0
"H",8,1,8,-15,1,0
"H",8,1,8,-16,1,0
"H",8,1,8,-2,94,29
"H",8,1,8,-3,71,12
"H",8,1,8,-4,66,9
"H",8,1,8,-5,35,3
"H",8,1,8,-6,23,2
"H",8,1,8,-7,17,1
"H",8,1,8,-8,14,1
"H",8,1,8,-9,13,0
"H",8,1,8,0,168,134
"H",8,1,8,1,123,118
"H",8,1,8,10,9,9
"H",8,1,8,11,3,3
"H",8,1,8,12,3,3
"H",8,1,8,14,2,2
"H",8,1,8,17,1,1
"H",8,1,8,2,130,127
"H",8,1,8,3,84,81
"H",8,1,8,4,62,62
"H",8,1,8,5,66,66
"H",8,1,8,6,34,34
"H",8,1,8,7,25,25
"H",8,1,8,8,21,21
"H",8,1,8,9,16,16
"H",8,2,1,-1,1551,283
"H",8,2,1,-10,74,0
"H",8,2,1,-11,57,0
"H",8,2,1,-12,38,0
"H",8,2,1,-13,28,0
"H",8,2,1,-14,14,0
"H",8,2,1,-15,9,0
"H",8,2,1,-16,2,0
"H",8,2,1,-17,4,0
"H",8,2,1,-18,1,0
"H",8,2,1,-19,1,0
"H",8,2,1,-2,1277,114
"H",8,2,1,-3,1067,51
"H",8,2,1,-4,760,14
"H",8,2,1,-5,555,2
"H",8,2,1,-6,409,1
"H",8,2,1,-7,296,1
"H",8,2,1,-8,173,0
"H",8,2,1,-9,116,0
"H",8,2,1,0,1580,892
"H",8,2,1,1,1593,1396
"H",8,2,1,10,89,89
"H",8,2,1,11,70,70
"H",8,2,1,12,37,37
"H",8,2,1,13,35,35
"H",8,2,1,14,15,15
"H",8,2,1,15,12,12
"H",8,2,1,16,9,9
"H",8,2,1,17,4,4
"H",8,2,1,18,2,2
"H",8,2,1,2,1293,1230
"H",8,2,1,20,1,1
"H",8,2,1,21,1,1
"H",8,2,1,3,1061,1037
"H",8,2,1,4,870,859
"H",8,2,1,5,652,651
"H",8,2,1,6,425,422
"H",8,2,1,7,309,309
"H",8,2,1,8,198,198
"H",8,2,1,9,145,145
"H",8,2,2,-1,943,206
"H",8,2,2,-10,42,0
"H",8,2,2,-11,32,0
"H",8,2,2,-12,26,0
"H",8,2,2,-13,15,0
"H",8,2,2,-14,7,0
"H",8,2,2,-15,3,0
"H",8,2,2,-16,1,0
"H",8,2,2,-17,1,0
"H",8,2,2,-18,3,0
"H",8,2,2,-19,2,0
"H",8,2,2,-2,885,109
"H",8,2,2,-20,1,0
"H",8,2,2,-23,1,0
"H",8,2,2,-3,706,46
"H",8,2,2,-4,524,11
"H",8,2,2,-5,399,4
"H",8,2,2,-6,271,1
"H",8,2,2,-7,217,1
"H",8,2,2,-8,111,0
"H",8,2,2,-9,77,0
"H",8,2,2,0,953,565
"H",8,2,2,1,916,804
"H",8,2,2,10,98,98
"H",8,2,2,11,57,57
"H",8,2,2,12,37,37
"H",8,2,2,13,31,31
"H",8,2,2,14,16,16
"H",8,2,2,15,6,6
"H",8,2,2,16,3,3
"H",8,2,2,17,2,2
"H",8,2,2,18,1,1
"H",8,2,2,2,805,768
"H",8,2,2,3,718,702
"H",8,2,2,4,590,585
"H",8,2,2,5,457,454
"H",8,2,2,6,304,304
"H",8,2,2,7,271,271
"H",8,2,2,8,158,157
"H",8,2,2,9,113,113
"H",8,2,3,-1,522,138
"H",8,2,3,-10,19,0
"H",8,2,3,-11,13,0
"H",8,2,3,-12,9,0
"H",8,2,3,-13,4,0
"H",8,2,3,-14,3,0
"H",8,2,3,-15,2,0
"H",8,2,3,-16,3,0
"H",8,2,3,-2,311,34
"H",8,2,3,-3,281,15
"H",8,2,3,-4,199,5
"H",8,2,3,-5,136,2
"H",8,2,3,-6,102,1
"H",8,2,3,-7,66,0
"H",8,2,3,-8,41,0
"H",8,2,3,-9,29,0
"H",8,2,3,0,614,384
"H",8,2,3,1,627,553
"H",8,2,3,10,58,58
"H",8,2,3,11,27,27
"H",8,2,3,12,29,29
"H",8,2,3,13,12,12
"H",8,2,3,14,13,13
"H",8,2,3,15,9,9
"H",8,2,3,17,1,1
"H",8,2,3,18,1,1
"H",8,2,3,19,1,1
"H",8,2,3,2,565,541
"H",8,2,3,22,1,1
"H",8,2,3,24,1,1
"H",8,2,3,25,1,1
"H",8,2,3,3,519,509
"H",8,2,3,4,418,413
"H",8,2,3,5,312,309
"H",8,2,3,6,211,210
"H",8,2,3,7,147,147
"H",8,2,3,8,118,118
"H",8,2,3,9,77,77
"H",8,2,4,-1,394,111
"H",8,2,4,-10,19,0
"H",8,2,4,-11,17,0
"H",8,2,4,-12,8,0
"H",8,2,4,-13,5,0
"H",8,2,4,-14,1,0
"H",8,2,4,-15,1,0
"H",8,2,4,-16,1,0
"H",8,2,4,-17,1,0
"H",8,2,4,-19,1,0
"H",8,2,4,-2,333,62
"H",8,2,4,-3,266,30
"H",8,2,4,-4,218,7
"H",8,2,4,-5,180,2
"H",8,2,4,-6,97,2
"H",8,2,4,-7,72,0
"H",8,2,4,-8,49,0
"H",8,2,4,-9,39,0
"H",8,2,4,0,474,299
"H",8,2,4,1,427,379
"H",8,2,4,10,40,40
"H",8,2,4,11,35,35
"H",8,2,4,12,20,20
"H",8,2,4,13,16,16
"H",8,2,4,14,9,9
"H",8,2,4,15,3,3
"H",8,2,4,16,2,2
"H",8,2,4,17,1,1
"H",8,2,4,2,365,351
"H",8,2,4,3,303,297
"H",8,2,4,4,222,221
"H",8,2,4,5,174,172
"H",8,2,4,6,130,130
"H",8,2,4,7,97,97
"H",8,2,4,8,79,78
"H",8,2,4,9,59,59
"H",8,2,5,-1,269,73
"H",8,2,5,-10,6,0
"H",8,2,5,-11,9,0
"H",8,2,5,-12,3,0
"H",8,2,5,-13,5,0
"H",8,2,5,-14,4,0
"H",8,2,5,-19,1,0
"H",8,2,5,-2,151,11
"H",8,2,5,-3,119,11
"H",8,2,5,-4,96,2
"H",8,2,5,-5,54,0
"H",8,2,5,-6,46,1
"H",8,2,5,-7,38,0
"H",8,2,5,-8,25,0
"H",8,2,5,-9,21,0
"H",8,2,5,0,238,160
"H",8,2,5,1,280,244
"H",8,2,5,10,30,30
"H",8,2,5,11,21,21
"H",8,2,5,12,12,12
"H",8,2,5,13,8,8
"H",8,2,5,14,4,4
"H",8,2,5,15,3,3
"H",8,2,5,16,2,2
"H",8,2,5,17,1,1
"H",8,2,5,18,1,1
"H",8,2,5,2,303,291
"H",8,2,5,21,1,1
"H",8,2,5,3,250,244
"H",8,2,5,4,185,185
"H",8,2,5,5,144,144
"H",8,2,5,6,86,85
"H",8,2,5,7,85,85
"H",8,2,5,8,59,59
"H",8,2,5,9,50,50
"H",8,2,6,-1,206,65
"H",8,2,6,-10,9,0
"H",8,2,6,-11,12,0
"H",8,2,6,-12,5,0
"H",8,2,6,-13,4,0
"H",8,2,6,-14,9,0
"H",8,2,6,-15,1,0
"H",8,2,6,-16,1,0
"H",8,2,6,-17,1,0
"H",8,2,6,-2,161,18
"H",8,2,6,-3,126,11
"H",8,2,6,-4,111,5
"H",8,2,6,-5,67,2
"H",8,2,6,-6,54,0
"H",8,2,6,-7,32,0
"H",8,2,6,-8,26,0
"H",8,2,6,-9,10,0
"H",8,2,6,0,246,164
"H",8,2,6,1,247,216
"H",8,2,6,10,16,16
"H",8,2,6,11,11,11
"H",8,2,6,12,13,13
"H",8,2,6,13,5,5
"H",8,2,6,14,5,5
"H",8,2,6,15,1,1
"H",8,2,6,18,1,1
"H",8,2,6,2,230,224
"H",8,2,6,3,192,186
"H",8,2,6,4,166,166
"H",8,2,6,5,118,118
"H",8,2,6,6,84,84
"H",8,2,6,7,71,71
"H",8,2,6,8,39,39
"H",8,2,6,9,32,32
"H",8,2,7,-1,135,38
"H",8,2,7,-10,7,0
"H",8,2,7,-11,5,0
"H",8,2,7,-12,3,0
"H",8,2,7,-13,1,0
"H",8,2,7,-15,2,0
"H",8,2,7,-18,1,0
"H",8,2,7,-2,110,24
"H",8,2,7,-3,81,4
"H",8,2,7,-4,52,1
"H",8,2,7,-5,32,1
"H",8,2,7,-6,34,0
"H",8,2,7,-7,13,0
"H",8,2,7,-8,15,0
"H",8,2,7,-9,8,0
"H",8,2,7,0,165,113
"H",8,2,7,1,158,143
"H",8,2,7,10,16,16
"H",8,2,7,11,13,13
"H",8,2,7,12,5,5
"H",8,2,7,13,6,6
"H",8,2,7,14,2,2
"H",8,2,7,15,1,1
"H",8,2,7,16,1,1
"H",8,2,7,17,1,1
"H",8,2,7,2,168,161
"H",8,2,7,21,1,1
"H",8,2,7,3,150,147
"H",8,2,7,4,116,114
"H",8,2,7,5,74,72
"H",8,2,7,6,71,69
"H",8,2,7,7,38,38
"H",8,2,7,8,40,40
"H",8,2,7,9,24,24
"H",8,2,8,-1,141,48
"H",8,2,8,-10,8,0
"H",8,2,8,-11,5,0
"H",8,2,8,-12,7,0
"H",8,2,8,-13,2,0
"H",8,2,8,-15,2,0
"H",8,2,8,-16,1,0
"H",8,2,8,-2,111,18
"H",8,2,8,-3,78,11
"H",8,2,8,-4,89,4
"H",8,2,8,-5,40,2
"H",8,2,8,-6,29,1
"H",8,2,8,-7,23,0
"H",8,2,8,-8,17,0
"H",8,2,8,-9,7,0
"H",8,2,8,0,199,137
"H",8,2,8,1,152,136
"H",8,2,8,10,13,13
"H",8,2,8,11,8,8
"H",8,2,8,12,8,8
"H",8,2,8,13,3,3
"H",8,2,8,15,2,2
"H",8,2,8,2,137,131
"H",8,2,8,3,96,93
"H",8,2,8,4,64,62
"H",8,2,8,5,66,66
"H",8,2,8,6,48,47
"H",8,2,8,7,31,31
"H",8,2,8,8,26,26
"H",8,2,8,9,30,30
"H",9,0,1,-1,2869,546
"H",9,0,1,-10,166,0
"H",9,0,1,-11,140,0
"H",9,0,1,-12,73,0
"H",9,0,1,-13,60,0
"H",9,0,1,-14,46,0
"H",9,0,1,-15,24,0
"H",9,0,1,-16,12,0
"H",9,0,1,-17,12,0
"H",9,0,1,-18,10,0
"H",9,0,1,-19,4,0
"H",9,0,1,-2,2441,217
"H",9,0,1,-20,2,0
"H",9,0,1,-23,1,0
"H",9,0,1,-3,1988,87
"H",9,0,1,-4,1626,29
"H",9,0,1,-5,1240,17
"H",9,0,1,-6,872,2
"H",9,0,1,-7,632,0
"H",9,0,1,-8,464,0
"H",9,0,1,-9,285,0
"H",9,0,1,0,2823,1870
"H",9,0,2,-1,817,259
"H",9,0,2,-10,43,0
"H",9,0,2,-11,46,0
"H",9,0,2,-12,24,0
"H",9,0,2,-13,21,0
"H",9,0,2,-14,14,0
"H",9,0,2,-15,10,0
"H",9,0,2,-16,3,0
"H",9,0,2,-17,2,0
"H",9,0,2,-18,2,0
"H",9,0,2,-19,3,0
"H",9,0,2,-2,702,118
"H",9,0,2,-3,555,56
"H",9,0,2,-4,485,18
"H",9,0,2,-5,363,12
"H",9,0,2,-6,266,2
"H",9,0,2,-7,197,0
"H",9,0,2,-8,133,0
"H",9,0,2,-9,77,0
"H",9,0,2,0,802,595
"H",9,0,3,-1,170,92
"H",9,0,3,-10,8,0
"H",9,0,3,-11,13,0
"H",9,0,3,-12,7,0
"H",9,0,3,-13,6,0
"H",9,0,3,-14,7,0
"H",9,0,3,-15,2,0
"H",9,0,3,-16,2,0
"H",9,0,3,-18,1,0
"H",9,0,3,-2,144,31
"H",9,0,3,-3,140,10
"H",9,0,3,-4,98,4
"H",9,0,3,-5,86,1
"H",9,0,3,-6,65,0
"H",9,0,3,-7,53,0
"H",9,0,3,-8,41,0
"H",9,0,3,-9,22,0
"H",9,0,3,0,173,140
"H",9,0,4,-1,166,97
"H",9,0,4,-10,12,0
"H",9,0,4,-11,14,0
"H",9,0,4,-12,6,0
"H",9,0,4,-13,3,0
"H",9,0,4,-14,3,0
"H",9,0,4,-15,2,0
"H",9,0,4,-16,1,0
"H",9,0,4,-18,1,0
"H",9,0,4,-2,184,46
"H",9,0,4,-3,150,34
"H",9,0,4,-4,136,12
"H",9,0,4,-5,84,5
"H",9,0,4,-6,80,1
"H",9,0,4,-7,57,0
"H",9,0,4,-8,32,0
"H",9,0,4,-9,23,0
"H",9,0,4,0,141,124
"H",9,0,5,-1,54,32
"H",9,0,5,-10,3,0
"H",9,0,5,-11,6,0
"H",9,0,5,-12,3,0
"H",9,0,5,-13,1,0
"H",9,0,5,-14,3,0
"H",9,0,5,-15,2,0
"H",9,0,5,-2,52,11
"H",9,0,5,-3,42,3
"H",9,0,5,-4,45,3
"H",9,0,5,-5,41,0
"H",9,0,5,-6,20,0
"H",9,0,5,-7,22,0
"H",9,0,5,-8,21,0
"H",9,0,5,-9,13,0
"H",9,0,5,0,48,45
"H",9,0,6,-1,57,44
"H",9,0,6,-10,6,0
"H",9,0,6,-11,5,0
"H",9,0,6,-12,2,0
"H",9,0,6,-13,1,0
"H",9,0,6,-14,1,0
"H",9,0,6,-15,2,0
"H",9,0,6,-16,1,0
"H",9,0,6,-18,1,0
"H",9,0,6,-19,1,0
"H",9,0,6,-2,76,27
"H",9,0,6,-3,51,9
"H",9,0,6,-4,41,2
"H",9,0,6,-5,28,1
"H",9,0,6,-6,26,0
"H",9,0,6,-7,18,0
"H",9,0,6,-8,11,0
"H",9,0,6,-9,4,0
"H",9,0,6,0,92,89
"H",9,0,7,-1,42,28
"H",9,0,7,-10,2,0
"H",9,0,7,-11,3,0
"H",9,0,7,-12,4,0
"H",9,0,7,-13,1,0
"H",9,0,7,-14,1,0
"H",9,0,7,-15,1,0
"H",9,0,7,-16,1,0
"H",9,0,7,-17,1,0
"H",9,0,7,-2,37,14
"H",9,0,7,-3,27,5
"H",9,0,7,-4,15,0
"H",9,0,7,-5,21,2
"H",9,0,7,-6,14,0
"H",9,0,7,-7,10,0
"H",9,0,7,-8,7,0
"H",9,0,7,-9,4,0
"H",9,0,7,0,42,40
"H",9,0,8,-1,65,48
"H",9,0,8,-10,3,0
"H",9,0,8,-11,3,0
"H",9,0,8,-12,1,0
"H",9,0,8,-13,1,0
"H",9,0,8,-2,46,21
"H",9,0,8,-3,38,18
"H",9,0,8,-4,29,6
"H",9,0,8,-5,23,5
"H",9,0,8,-6,23,0
"H",9,0,8,-7,14,0
"H",9,0,8,-8,6,0
"H",9,0,8,-9,4,0
"H",9,0,8,0,107,104
"H",9,1,1,-1,1948,195
"H",9,1,1,-10,121,0
"H",9,1,1,-11,86,0
"H",9,1,1,-12,49,0
"H",9,1,1,-13,42,0
"H",9,1,1,-14,28,0
"H",9,1,1,-15,12,0
"H",9,1,1,-16,7,0
"H",9,1,1,-17,10,0
"H",9,1,1,-18,7,0
"H",9,1,1,-2,1651,69
"H",9,1,1,-20,2,0
"H",9,1,1,-23,1,0
"H",9,1,1,-3,1328,25
"H",9,1,1,-4,1076,8
"H",9,1,1,-5,817,4
"H",9,1,1,-6,564,0
"H",9,1,1,-7,396,0
"H",9,1,1,-8,302,0
"H",9,1,1,-9,194,0
"H",9,1,1,0,1909,1160
"H",9,1,2,-1,885,164
"H",9,1,2,-10,62,0
"H",9,1,2,-11,44,0
"H",9,1,2,-12,25,0
"H",9,1,2,-13,19,0
"H",9,1,2,-14,17,0
"H",9,1,2,-15,7,0
"H",9,1,2,-16,6,0
"H",9,1,2,-17,5,0
"H",9,1,2,-18,4,0
"H",9,1,2,-19,1,0
"H",9,1,2,-2,837,90
"H",9,1,2,-3,672,31
"H",9,1,2,-4,567,10
"H",9,1,2,-5,416,6
"H",9,1,2,-6,310,1
"H",9,1,2,-7,218,0
"H",9,1,2,-8,151,0
"H",9,1,2,-9,95,0
"H",9,1,2,0,893,586
"H",9,1,3,-1,434,123
"H",9,1,3,-10,29,0
"H",9,1,3,-11,18,0
"H",9,1,3,-12,11,0
"H",9,1,3,-13,11,0
"H",9,1,3,-14,7,0
"H",9,1,3,-15,5,0
"H",9,1,3,-16,3,0
"H",9,1,3,-17,1,0
"H",9,1,3,-18,3,0
"H",9,1,3,-19,1,0
"H",9,1,3,-2,256,21
"H",9,1,3,-3,195,7
"H",9,1,3,-4,167,3
"H",9,1,3,-5,146,1
"H",9,1,3,-6,125,0
"H",9,1,3,-7,73,0
"H",9,1,3,-8,74,0
"H",9,1,3,-9,41,0
"H",9,1,3,0,581,419
"H",9,1,4,-1,284,99
"H",9,1,4,-10,18,0
"H",9,1,4,-11,9,0
"H",9,1,4,-12,8,0
"H",9,1,4,-13,6,0
"H",9,1,4,-14,4,0
"H",9,1,4,-15,3,0
"H",9,1,4,-16,3,0
"H",9,1,4,-17,1,0
"H",9,1,4,-2,302,64
"H",9,1,4,-3,248,25
"H",9,1,4,-4,198,9
"H",9,1,4,-5,146,5
"H",9,1,4,-6,97,1
"H",9,1,4,-7,79,0
"H",9,1,4,-8,48,0
"H",9,1,4,-9,33,0
"H",9,1,4,0,400,304
"H",9,1,5,-1,162,89
"H",9,1,5,-10,11,0
"H",9,1,5,-11,8,0
"H",9,1,5,-12,6,0
"H",9,1,5,-13,4,0
"H",9,1,5,-14,5,0
"H",9,1,5,-15,2,0
"H",9,1,5,-18,1,0
"H",9,1,5,-2,104,14
"H",9,1,5,-3,90,3
"H",9,1,5,-4,75,4
"H",9,1,5,-5,71,0
"H",9,1,5,-6,50,0
"H",9,1,5,-7,52,0
"H",9,1,5,-8,37,0
"H",9,1,5,-9,19,0
"H",9,1,5,0,145,125
"H",9,1,6,-1,154,78
"H",9,1,6,-10,13,0
"H",9,1,6,-11,11,0
"H",9,1,6,-12,3,0
"H",9,1,6,-13,3,0
"H",9,1,6,-14,3,0
"H",9,1,6,-15,2,0
"H",9,1,6,-17,1,0
"H",9,1,6,-18,1,0
"H",9,1,6,-2,138,22
"H",9,1,6,-3,109,9
"H",9,1,6,-4,77,1
"H",9,1,6,-5,66,0
"H",9,1,6,-6,53,0
"H",9,1,6,-7,32,0
"H",9,1,6,-8,32,0
"H",9,1,6,-9,22,0
"H",9,1,6,0,205,182
"H",9,1,7,-1,139,79
"H",9,1,7,-10,5,0
"H",9,1,7,-11,7,0
"H",9,1,7,-12,2,0
"H",9,1,7,-13,4,0
"H",9,1,7,-14,1,0
"H",9,1,7,-15,1,0
"H",9,1,7,-16,1,0
"H",9,1,7,-17,1,0
"H",9,1,7,-2,128,38
"H",9,1,7,-3,65,8
"H",9,1,7,-4,59,3
"H",9,1,7,-5,39,0
"H",9,1,7,-6,31,0
"H",9,1,7,-7,37,0
"H",9,1,7,-8,16,0
"H",9,1,7,-9,16,0
"H",9,1,7,0,129,115
"H",9,1,8,-1,140,74
"H",9,1,8,-10,5,0
"H",9,1,8,-11,4,0
"H",9,1,8,-12,3,0
"H",9,1,8,-13,1,0
"H",9,1,8,-15,1,0
"H",9,1,8,-16,1,0
"H",9,1,8,-2,97,30
"H",9,1,8,-3,66,18
"H",9,1,8,-4,47,5
"H",9,1,8,-5,36,2
"H",9,1,8,-6,34,1
"H",9,1,8,-7,31,0
"H",9,1,8,-8,13,0
"H",9,1,8,-9,11,0
"H",9,1,8,0,292,258
"H",9,2,1,-1,1437,46
"H",9,2,1,-10,80,0
"H",9,2,1,-11,66,0
"H",9,2,1,-12,35,0
"H",9,2,1,-13,34,0
"H",9,2,1,-14,17,0
"H",9,2,1,-15,10,0
"H",9,2,1,-16,5,0
"H",9,2,1,-17,9,0
"H",9,2,1,-18,4,0
"H",9,2,1,-2,1185,14
"H",9,2,1,-20,2,0
"H",9,2,1,-23,1,0
"H",9,2,1,-3,959,5
"H",9,2,1,-4,796,1
"H",9,2,1,-5,606,0
"H",9,2,1,-6,400,0
"H",9,2,1,-7,294,0
"H",9,2,1,-8,206,0
"H",9,2,1,-9,142,0
"H",9,2,1,0,1370,773
"H",9,2,2,-1,910,64
"H",9,2,2,-10,64,0
"H",9,2,2,-11,44,0
"H",9,2,2,-12,25,0
"H",9,2,2,-13,24,0
"H",9,2,2,-14,13,0
"H",9,2,2,-15,10,0
"H",9,2,2,-16,2,0
"H",9,2,2,-17,6,0
"H",9,2,2,-18,3,0
"H",9,2,2,-19,1,0
"H",9,2,2,-2,841,22
"H",9,2,2,-20,1,0
"H",9,2,2,-23,1,0
"H",9,2,2,-3,704,11
"H",9,2,2,-4,560,3
"H",9,2,2,-5,399,2
"H",9,2,2,-6,290,0
"H",9,2,2,-7,220,0
"H",9,2,2,-8,146,0
"H",9,2,2,-9,85,0
"H",9,2,2,0,869,520
"H",9,2,3,-1,456,54
"H",9,2,3,-10,42,0
"H",9,2,3,-11,29,0
"H",9,2,3,-12,22,0
"H",9,2,3,-13,15,0
"H",9,2,3,-14,6,0
"H",9,2,3,-15,6,0
"H",9,2,3,-16,3,0
"H",9,2,3,-17,3,0
"H",9,2,3,-2,330,10
"H",9,2,3,-22,1,0
"H",9,2,3,-23,1,0
"H",9,2,3,-3,322,2
"H",9,2,3,-4,300,2
"H",9,2,3,-5,249,1
"H",9,2,3,-6,177,0
"H",9,2,3,-7,113,0
"H",9,2,3,-8,94,0
"H",9,2,3,-9,64,0
"H",9,2,3,0,553,366
"H",9,2,4,-1,351,64
"H",9,2,4,-10,19,0
"H",9,2,4,-11,15,0
"H",9,2,4,-12,7,0
"H",9,2,4,-13,12,0
"H",9,2,4,-14,6,0
"H",9,2,4,-15,4,0
"H",9,2,4,-16,4,0
"H",9,2,4,-18,1,0
"H",9,2,4,-2,344,28
"H",9,2,4,-3,281,11
"H",9,2,4,-4,227,2
"H",9,2,4,-5,152,0
"H",9,2,4,-6,116,0
"H",9,2,4,-7,87,0
"H",9,2,4,-8,48,0
"H",9,2,4,-9,25,0
"H",9,2,4,0,470,295
"H",9,2,5,-1,214,37
"H",9,2,5,-10,18,0
"H",9,2,5,-11,10,0
"H",9,2,5,-12,8,0
"H",9,2,5,-13,5,0
"H",9,2,5,-14,7,0
"H",9,2,5,-15,2,0
"H",9,2,5,-16,1,0
"H",9,2,5,-17,1,0
"H",9,2,5,-18,2,0
"H",9,2,5,-2,173,10
"H",9,2,5,-3,172,2
"H",9,2,5,-4,163,0
"H",9,2,5,-5,125,0
"H",9,2,5,-6,98,0
"H",9,2,5,-7,59,0
"H",9,2,5,-8,55,0
"H",9,2,5,-9,31,0
"H",9,2,5,0,185,131
"H",9,2,6,-1,207,42
"H",9,2,6,-10,13,0
"H",9,2,6,-11,14,0
"H",9,2,6,-12,6,0
"H",9,2,6,-13,4,0
"H",9,2,6,-14,3,0
"H",9,2,6,-15,4,0
"H",9,2,6,-17,2,0
"H",9,2,6,-18,1,0
"H",9,2,6,-2,168,18
"H",9,2,6,-3,127,7
"H",9,2,6,-4,124,2
"H",9,2,6,-5,84,1
"H",9,2,6,-6,55,0
"H",9,2,6,-7,38,0
"H",9,2,6,-8,34,0
"H",9,2,6,-9,22,0
"H",9,2,6,0,216,152
"H",9,2,7,-1,147,37
"H",9,2,7,-10,12,0
"H",9,2,7,-11,7,0
"H",9,2,7,-12,3,0
"H",9,2,7,-13,5,0
"H",9,2,7,-14,2,0
"H",9,2,7,-15,2,0
"H",9,2,7,-2,133,18
"H",9,2,7,-3,88,6
"H",9,2,7,-4,67,0
"H",9,2,7,-5,54,1
"H",9,2,7,-6,54,0
"H",9,2,7,-7,25,0
"H",9,2,7,-8,20,0
"H",9,2,7,-9,19,0
"H",9,2,7,0,176,118
"H",9,2,8,-1,170,42
"H",9,2,8,-10,8,0
"H",9,2,8,-11,4,0
"H",9,2,8,-12,2,0
"H",9,2,8,-13,3,0
"H",9,2,8,-16,1,0
"H",9,2,8,-2,104,19
"H",9,2,8,-3,74,7
"H",9,2,8,-4,69,2
"H",9,2,8,-5,43,1
"H",9,2,8,-6,36,0
"H",9,2,8,-7,24,0
"H",9,2,8,-8,20,0
"H",9,2,8,-9,9,0
"H",9,2,8,0,255,163
"H",10,0,1,-1,372,67
"H",10,0,1,-2,177,21
"H",10,0,1,-3,76,2
"H",10,0,1,-4,36,2
"H",10,0,1,-5,16,0
"H",10,0,1,-6,7,0
"H",10,0,1,-7,1,0
"H",10,0,1,-8,2,0
"H",10,0,1,0,1954,1317
"H",10,0,2,-1,92,27
"H",10,0,2,-2,49,10
"H",10,0,2,-3,17,0
"H",10,0,2,-4,12,1
"H",10,0,2,-5,5,0
"H",10,0,2,-8,2,0
"H",10,0,2,0,566,419
"H",10,0,3,-1,19,9
"H",10,0,3,-2,14,2
"H",10,0,3,-3,1,0
"H",10,0,3,-5,3,0
"H",10,0,3,-8,1,0
"H",10,0,3,0,127,107
"H",10,0,4,-1,21,6
"H",10,0,4,-2,8,3
"H",10,0,4,-3,2,0
"H",10,0,4,-4,2,1
"H",10,0,4,-5,2,0
"H",10,0,4,0,90,78
"H",10,0,5,-1,7,5
"H",10,0,5,-2,1,1
"H",10,0,5,-4,2,0
"H",10,0,5,-8,1,0
"H",10,0,5,0,31,29
"H",10,0,6,-1,4,2
"H",10,0,6,-2,8,3
"H",10,0,6,-3,1,0
"H",10,0,6,-4,1,0
"H",10,0,6,-8,1,0
"H",10,0,6,0,51,47
"H",10,0,7,-1,6,5
"H",10,0,7,-2,4,3
"H",10,0,7,-3,1,0
"H",10,0,7,-4,2,0
"H",10,0,7,0,18,17
"H",10,0,8,-1,5,2
"H",10,0,8,-2,3,1
"H",10,0,8,-3,1,1
"H",10,0,8,-4,1,1
"H",10,0,8,-5,1,0
"H",10,0,8,-8,1,0
"H",10,0,8,0,59,54
"H",10,1,1,-1,257,26
"H",10,1,1,-2,113,7
"H",10,1,1,-3,62,2
"H",10,1,1,-4,24,1
"H",10,1,1,-5,8,0
"H",10,1,1,-6,7,0
"H",10,1,1,-7,1,0
"H",10,1,1,0,1252,773
"H",10,1,2,-1,105,23
"H",10,1,2,-2,54,5
"H",10,1,2,-3,27,2
"H",10,1,2,-4,14,0
"H",10,1,2,-5,6,0
"H",10,1,2,-6,3,0
"H",10,1,2,-7,1,0
"H",10,1,2,0,511,344
"H",10,1,3,-1,51,17
"H",10,1,3,-2,18,2
"H",10,1,3,-3,7,0
"H",10,1,3,-4,2,0
"H",10,1,3,-5,1,0
"H",10,1,3,-6,1,0
"H",10,1,3,-8,1,0
"H",10,1,3,0,391,292
"H",10,1,4,-1,34,16
"H",10,1,4,-2,13,1
"H",10,1,4,-3,12,1
"H",10,1,4,-4,6,0
"H",10,1,4,-6,1,0
"H",10,1,4,0,222,165
"H",10,1,5,-1,13,7
"H",10,1,5,-2,6,1
"H",10,1,5,-3,3,0
"H",10,1,5,-4,1,0
"H",10,1,5,-5,1,0
"H",10,1,5,-6,1,0
"H",10,1,5,0,84,70
"H",10,1,6,-1,23,13
"H",10,1,6,-2,9,4
"H",10,1,6,-3,2,1
"H",10,1,6,-4,1,0
"H",10,1,6,-5,2,0
"H",10,1,6,-7,1,0
"H",10,1,6,-8,1,0
"H",10,1,6,0,108,91
"H",10,1,7,-1,16,9
"H",10,1,7,-2,11,4
"H",10,1,7,-3,3,0
"H",10,1,7,-5,1,0
"H",10,1,7,0,74,65
"H",10,1,8,-1,10,6
"H",10,1,8,-2,4,0
"H",10,1,8,-3,3,1
"H",10,1,8,-4,1,0
"H",10,1,8,-5,1,0
"H",10,1,8,0,124,107
"H",10,2,1,-1,190,6
"H",10,2,1,-2,81,2
"H",10,2,1,-3,42,1
"H",10,2,1,-4,15,1
"H",10,2,1,-5,6,0
"H",10,2,1,-6,4,0
"H",10,2,1,0,867,494
"H",10,2,2,-1,102,7
"H",10,2,2,-2,52,2
"H",10,2,2,-3,19,1
"H",10,2,2,-4,11,0
"H",10,2,2,-5,3,0
"H",10,2,2,-6,1,0
"H",10,2,2,-7,1,0
"H",10,2,2,0,446,272
"H",10,2,3,-1,45,3
"H",10,2,3,-2,22,0
"H",10,2,3,-3,7,0
"H",10,2,3,-4,2,0
"H",10,2,3,-5,1,0
"H",10,2,3,-6,1,0
"H",10,2,3,0,276,177
"H",10,2,4,-1,38,5
"H",10,2,4,-2,16,1
"H",10,2,4,-3,9,1
"H",10,2,4,-4,2,0
"H",10,2,4,-5,1,0
"H",10,2,4,-6,1,0
"H",10,2,4,0,220,140
"H",10,2,5,-1,20,3
"H",10,2,5,-2,8,0
"H",10,2,5,-3,4,0
"H",10,2,5,-4,4,0
"H",10,2,5,-5,1,0
"H",10,2,5,-6,2,0
"H",10,2,5,0,106,72
"H",10,2,6,-1,21,6
"H",10,2,6,-2,8,0
"H",10,2,6,-3,2,0
"H",10,2,6,-4,4,0
"H",10,2,6,-5,1,0
"H",10,2,6,-8,1,0
"H",10,2,6,0,106,73
"H",10,2,7,-1,10,1
"H",10,2,7,-2,10,2
"H",10,2,7,-3,1,0
"H",10,2,7,-8,1,0
"H",10,2,7,0,78,53
"H",10,2,8,-1,11,2
"H",10,2,8,-2,4,0
"H",10,2,8,-3,2,0
"H",10,2,8,-4,2,0
"H",10,2,8,-5,2,0
"H",10,2,8,0,103,68
"H",11,0,1,-1,187,33
"H",11,0,1,-2,97,4
"H",11,0,1,-3,39,2
"H",11,0,1,-4,18,0
"H",11,0,1,-5,7,0
"H",11,0,1,-6,3,0
"H",11,0,1,-7,1,0
"H",11,0,1,0,1109,747
"H",11,0,2,-1,43,14
"H",11,0,2,-2,22,2
"H",11,0,2,-3,9,1
"H",11,0,2,-4,6,0
"H",11,0,2,-5,2,0
"H",11,0,2,-6,1,0
"H",11,0,2,-7,1,0
"H",11,0,2,0,329,245
"H",11,0,3,-1,16,9
"H",11,0,3,-2,4,0
"H",11,0,3,-3,5,1
"H",11,0,3,-4,2,0
"H",11,0,3,-5,1,0
"H",11,0,3,0,63,53
"H",11,0,4,-1,9,5
"H",11,0,4,-2,7,0
"H",11,0,4,-3,3,1
"H",11,0,4,-4,2,0
"H",11,0,4,-7,1,0
"H",11,0,4,0,60,50
"H",11,0,5,-1,2,2
"H",11,0,5,-2,2,1
"H",11,0,5,-3,1,0
"H",11,0,5,-6,1,0
"H",11,0,5,0,19,15
"H",11,0,6,-1,4,4
"H",11,0,6,-2,1,1
"H",11,0,6,-3,2,1
"H",11,0,6,-4,1,0
"H",11,0,6,-5,1,0
"H",11,0,6,0,32,28
"H",11,0,7,-1,1,1
"H",11,0,7,-2,2,1
"H",11,0,7,-5,2,0
"H",11,0,7,-6,1,0
"H",11,0,7,0,10,9
"H",11,0,8,-1,3,2
"H",11,0,8,0,33,30
"H",11,1,1,-1,129,9
"H",11,1,1,-2,70,1
"H",11,1,1,-3,26,0
"H",11,1,1,-4,11,0
"H",11,1,1,-5,4,0
"H",11,1,1,-6,1,0
"H",11,1,1,0,705,432
"H",11,1,2,-1,55,7
"H",11,1,2,-2,28,0
"H",11,1,2,-3,10,0
"H",11,1,2,-4,9,0
"H",11,1,2,-5,1,0
"H",11,1,2,-6,1,0
"H",11,1,2,0,279,187
"H",11,1,3,-1,29,11
"H",11,1,3,-2,11,0
"H",11,1,3,-3,3,0
"H",11,1,3,-4,3,0
"H",11,1,3,0,196,153
"H",11,1,4,-1,9,2
"H",11,1,4,-2,13,0
"H",11,1,4,-3,3,0
"H",11,1,4,-4,4,0
"H",11,1,4,-6,1,0
"H",11,1,4,-7,1,0
"H",11,1,4,0,99,73
"H",11,1,5,-1,9,5
"H",11,1,5,-2,3,1
"H",11,1,5,-3,4,0
"H",11,1,5,-4,2,0
"H",11,1,5,-6,1,0
"H",11,1,5,0,49,39
"H",11,1,6,-1,12,3
"H",11,1,6,-2,2,0
"H",11,1,6,-3,1,0
"H",11,1,6,-4,2,0
"H",11,1,6,-5,1,0
"H",11,1,6,0,63,53
"H",11,1,7,-1,7,3
"H",11,1,7,-2,2,0
"H",11,1,7,-3,1,0
"H",11,1,7,-5,1,0
"H",11,1,7,0,36,29
"H",11,1,8,-1,6,2
"H",11,1,8,-2,2,0
"H",11,1,8,0,71,57
"H",11,2,1,-1,89,3
"H",11,2,1,-2,52,1
"H",11,2,1,-3,19,0
"H",11,2,1,-4,5,0
"H",11,2,1,-5,4,0
"H",11,2,1,0,501,282
"H",11,2,2,-1,54,3
"H",11,2,2,-2,28,1
"H",11,2,2,-3,16,0
"H",11,2,2,-4,5,0
"H",11,2,2,-5,3,0
"H",11,2,2,0,254,159
"H",11,2,3,-1,22,3
"H",11,2,3,-2,11,0
"H",11,2,3,-3,10,0
"H",11,2,3,-4,6,0
"H",11,2,3,0,149,88
"H",11,2,4,-1,19,1
"H",11,2,4,-2,8,0
"H",11,2,4,-3,3,0
"H",11,2,4,-4,2,0
"H",11,2,4,-7,1,0
"H",11,2,4,0,121,77
"H",11,2,5,-1,17,5
"H",11,2,5,-2,3,0
"H",11,2,5,-3,2,0
"H",11,2,5,-4,3,0
"H",11,2,5,-6,1,0
"H",11,2,5,0,54,40
"H",11,2,6,-1,10,5
"H",11,2,6,-2,5,0
"H",11,2,6,-3,2,0
"H",11,2,6,-4,1,0
"H",11,2,6,0,52,42
"H",11,2,7,-1,5,1
"H",11,2,7,-2,2,0
"H",11,2,7,-3,2,0
"H",11,2,7,-4,3,0
"H",11,2,7,0,50,35
"H",11,2,8,-1,6,2
"H",11,2,8,-2,3,0
"H",11,2,8,-4,1,0
"H",11,2,8,0,64,42
"H",12,0,1,-1,95,23
"H",12,0,1,-11,1,0
"H",12,0,1,-2,55,4
"H",12,0,1,-3,29,1
"H",12,0,1,-4,10,0
"H",12,0,1,-5,6,0
"H",12,0,1,-6,3,1
"H",12,0,1,-7,1,1
"H",12,0,1,-8,1,0
"H",12,0,1,-9,1,0
"H",12,0,1,0,617,412
"H",12,0,2,-1,19,5
"H",12,0,2,-11,1,0
"H",12,0,2,-2,12,2
"H",12,0,2,-3,6,0
"H",12,0,2,-4,5,0
"H",12,0,2,-5,2,0
"H",12,0,2,-8,1,0
"H",12,0,2,0,171,127
"H",12,0,3,-1,8,3
"H",12,0,3,-11,1,0
"H",12,0,3,-2,4,0
"H",12,0,3,-3,1,0
"H",12,0,3,-6,1,0
"H",12,0,3,-8,1,0
"H",12,0,3,0,36,32
"H",12,0,4,-1,12,4
"H",12,0,4,-2,5,1
"H",12,0,4,-3,1,0
"H",12,0,4,-4,1,0
"H",12,0,4,-6,1,0
"H",12,0,4,0,29,23
"H",12,0,5,-2,1,1
"H",12,0,5,-3,3,0
"H",12,0,5,-4,2,0
"H",12,0,5,0,11,10
"H",12,0,6,-1,1,0
"H",12,0,6,-2,1,0
"H",12,0,6,-3,2,0
"H",12,0,6,-5,1,0
"H",12,0,6,-6,1,0
"H",12,0,6,0,15,14
"H",12,0,7,-1,1,1
"H",12,0,7,-5,1,0
"H",12,0,7,0,7,7
"H",12,0,8,-1,3,2
"H",12,0,8,-3,1,0
"H",12,0,8,0,14,13
"H",12,1,1,-1,70,16
"H",12,1,1,-2,41,1
"H",12,1,1,-3,20,1
"H",12,1,1,-4,3,0
"H",12,1,1,-5,4,0
"H",12,1,1,-6,2,1
"H",12,1,1,-9,1,0
"H",12,1,1,0,403,245
"H",12,1,2,-1,24,9
"H",12,1,2,-2,20,2
"H",12,1,2,-3,10,1
"H",12,1,2,-4,4,0
"H",12,1,2,-5,1,0
"H",12,1,2,-6,1,1
"H",12,1,2,-7,1,0
"H",12,1,2,0,155,100
"H",12,1,3,-1,10,4
"H",12,1,3,-11,1,0
"H",12,1,3,-2,5,0
"H",12,1,3,-4,1,0
"H",12,1,3,0,105,80
"H",12,1,4,-1,15,7
"H",12,1,4,-2,7,1
"H",12,1,4,-3,4,0
"H",12,1,4,-4,2,0
"H",12,1,4,-6,1,1
"H",12,1,4,0,59,43
"H",12,1,5,-1,6,3
"H",12,1,5,-3,2,0
"H",12,1,5,-4,1,0
"H",12,1,5,-8,1,0
"H",12,1,5,0,33,31
"H",12,1,6,-1,3,1
"H",12,1,6,-2,3,0
"H",12,1,6,-3,1,0
"H",12,1,6,-7,1,0
"H",12,1,6,0,35,32
"H",12,1,7,-1,5,1
"H",12,1,7,-2,2,2
"H",12,1,7,-5,1,0
"H",12,1,7,0,17,15
"H",12,1,8,-1,5,3
"H",12,1,8,-2,2,1
"H",12,1,8,-3,3,1
"H",12,1,8,-4,1,1
"H",12,1,8,-5,1,1
"H",12,1,8,-6,1,1
"H",12,1,8,-7,1,0
"H",12,1,8,0,33,29
"H",12,2,1,-1,45,2
"H",12,2,1,-2,25,0
"H",12,2,1,-3,14,0
"H",12,2,1,-4,4,0
"H",12,2,1,-5,4,0
"H",12,2,1,-6,1,0
"H",12,2,1,-9,1,0
"H",12,2,1,0,292,166
"H",12,2,2,-1,26,4
"H",12,2,2,-2,16,0
"H",12,2,2,-3,7,1
"H",12,2,2,-4,3,0
"H",12,2,2,-5,1,0
"H",12,2,2,0,140,89
"H",12,2,3,-1,6,2
"H",12,2,3,-2,7,0
"H",12,2,3,-3,2,0
"H",12,2,3,-4,1,0
"H",12,2,3,-5,1,0
"H",12,2,3,0,77,51
"H",12,2,4,-1,13,3
"H",12,2,4,-2,8,0
"H",12,2,4,-3,2,1
"H",12,2,4,-4,2,0
"H",12,2,4,-5,1,0
"H",12,2,4,0,61,42
"H",12,2,5,-1,7,2
"H",12,2,5,-11,1,0
"H",12,2,5,-3,2,0
"H",12,2,5,-4,1,0
"H",12,2,5,0,30,24
"H",12,2,6,-1,7,2
"H",12,2,6,-3,2,0
"H",12,2,6,0,28,15
"H",12,2,7,-1,5,2
"H",12,2,7,-2,1,0
"H",12,2,7,-3,3,0
"H",12,2,7,0,25,19
"H",12,2,8,-1,4,1
"H",12,2,8,-2,3,0
"H",12,2,8,-3,2,1
"H",12,2,8,-7,1,0
"H",12,2,8,0,31,19
"H",13,0,1,-1,58,13
"H",13,0,1,-10,1,0
"H",13,0,1,-2,41,5
"H",13,0,1,-3,22,1
"H",13,0,1,-4,3,0
"H",13,0,1,-5,3,0
"H",13,0,1,-6,2,0
"H",13,0,1,-7,1,0
"H",13,0,1,-9,1,0
"H",13,0,1,0,318,217
"H",13,0,2,-1,14,5
"H",13,0,2,-2,10,3
"H",13,0,2,-3,9,0
"H",13,0,2,-5,2,0
"H",13,0,2,-9,1,0
"H",13,0,2,0,97,71
"H",13,0,3,-1,3,1
"H",13,0,3,-2,1,0
"H",13,0,3,-3,3,1
"H",13,0,3,0,19,18
"H",13,0,4,-1,1,0
"H",13,0,4,-2,6,2
"H",13,0,4,-3,3,1
"H",13,0,4,0,13,11
"H",13,0,5,-1,2,1
"H",13,0,5,0,4,4
"H",13,0,6,-1,1,1
"H",13,0,6,-2,1,0
"H",13,0,6,-3,1,0
"H",13,0,6,-4,1,0
"H",13,0,6,0,9,9
"H",13,0,7,-2,1,0
"H",13,0,7,-5,1,0
"H",13,0,7,0,3,3
"H",13,0,8,0,9,9
"H",13,1,1,-1,42,6
"H",13,1,1,-10,1,0
"H",13,1,1,-2,31,2
"H",13,1,1,-3,11,0
"H",13,1,1,-4,3,0
"H",13,1,1,-5,1,0
"H",13,1,1,-6,2,0
"H",13,1,1,-7,1,0
"H",13,1,1,0,199,125
"H",13,1,2,-1,11,4
"H",13,1,2,-2,8,2
"H",13,1,2,-3,7,0
"H",13,1,2,-4,2,0
"H",13,1,2,-5,1,0
"H",13,1,2,-6,1,0
"H",13,1,2,-9,1,0
"H",13,1,2,0,90,57
"H",13,1,3,-1,9,4
"H",13,1,3,-3,2,0
"H",13,1,3,-5,1,0
"H",13,1,3,0,64,49
"H",13,1,4,-1,5,3
"H",13,1,4,-2,4,1
"H",13,1,4,-3,3,1
"H",13,1,4,-5,1,0
"H",13,1,4,0,41,33
"H",13,1,5,-1,7,4
"H",13,1,5,-2,1,0
"H",13,1,5,0,17,16
"H",13,1,6,-1,4,2
"H",13,1,6,-3,1,0
"H",13,1,6,-5,1,0
"H",13,1,6,0,23,21
"H",13,1,7,-2,5,1
"H",13,1,7,-5,1,0
"H",13,1,7,0,5,5
"H",13,1,8,-1,3,3
"H",13,1,8,-5,1,0
"H",13,1,8,0,21,20
"H",13,2,1,-1,33,0
"H",13,2,1,-10,1,0
"H",13,2,1,-2,23,0
"H",13,2,1,-3,10,0
"H",13,2,1,-4,2,0
"H",13,2,1,-6,1,0
"H",13,2,1,-7,1,0
"H",13,2,1,0,139,81
"H",13,2,2,-1,15,1
"H",13,2,2,-10,1,0
"H",13,2,2,-2,11,0
"H",13,2,2,-3,8,0
"H",13,2,2,-6,2,0
"H",13,2,2,-9,1,0
"H",13,2,2,0,88,52
"H",13,2,3,-1,5,0
"H",13,2,3,-10,1,0
"H",13,2,3,-2,1,0
"H",13,2,3,-3,6,0
"H",13,2,3,-4,1,0
"H",13,2,3,0,48,31
"H",13,2,4,-1,4,1
"H",13,2,4,-2,2,0
"H",13,2,4,-3,3,1
"H",13,2,4,0,46,33
"H",13,2,5,-1,10,2
"H",13,2,5,-10,1,0
"H",13,2,5,-2,1,0
"H",13,2,5,-3,3,0
"H",13,2,5,0,11,7
"H",13,2,6,-1,3,0
"H",13,2,6,-2,3,1
"H",13,2,6,-3,2,0
"H",13,2,6,-4,1,0
"H",13,2,6,0,16,6
"H",13,2,7,-1,1,0
"H",13,2,7,-2,2,0
"H",13,2,7,0,16,9
"H",13,2,8,-1,3,2
"H",13,2,8,-2,1,0
"H",13,2,8,-3,1,0
"H",13,2,8,-5,1,0
"H",13,2,8,0,22,15
"H",14,0,1,-1,27,6
"H",14,0,1,-2,16,1
"H",14,0,1,-3,7,1
"H",14,0,1,-4,1,0
"H",14,0,1,-5,1,0
"H",14,0,1,-7,1,0
"H",14,0,1,-8,1,0
"H",14,0,1,0,180,125
"H",14,0,2,-1,5,1
"H",14,0,2,-2,6,0
"H",14,0,2,-3,1,0
"H",14,0,2,-7,1,0
"H",14,0,2,-8,1,0
"H",14,0,2,0,45,33
"H",14,0,3,-1,2,2
"H",14,0,3,-2,1,1
"H",14,0,3,-6,1,0
"H",14,0,3,0,11,11
"H",14,0,4,-2,2,0
"H",14,0,4,-8,1,0
"H",14,0,4,0,7,5
"H",14,0,5,-1,1,0
"H",14,0,5,0,3,3
"H",14,0,6,-1,1,1
"H",14,0,6,-2,1,0
"H",14,0,6,0,8,8
"H",14,0,7,0,1,1
"H",14,0,8,-2,1,0
"H",14,0,8,0,4,3
"H",14,1,1,-1,19,3
"H",14,1,1,-2,9,0
"H",14,1,1,-3,6,1
"H",14,1,1,-4,1,0
"H",14,1,1,-5,1,0
"H",14,1,1,0,117,74
"H",14,1,2,-1,9,3
"H",14,1,2,-2,5,0
"H",14,1,2,-3,2,1
"H",14,1,2,-4,1,0
"H",14,1,2,-7,1,0
"H",14,1,2,0,47,33
"H",14,1,3,-1,4,0
"H",14,1,3,-3,1,0
"H",14,1,3,-6,1,0
"H",14,1,3,0,28,22
"H",14,1,4,-1,1,1
"H",14,1,4,-2,2,0
"H",14,1,4,-3,1,1
"H",14,1,4,0,20,18
"H",14,1,5,-1,5,2
"H",14,1,5,0,10,10
"H",14,1,6,-1,3,2
"H",14,1,6,0,7,7
"H",14,1,7,-1,1,1
"H",14,1,7,0,8,7
"H",14,1,8,-2,1,0
"H",14,1,8,0,10,8
"H",14,2,1,-1,11,0
"H",14,2,1,-2,7,0
"H",14,2,1,-3,4,0
"H",14,2,1,-5,1,0
"H",14,2,1,0,81,47
"H",14,2,2,-1,8,0
"H",14,2,2,-2,5,0
"H",14,2,2,-3,3,0
"H",14,2,2,-5,1,0
"H",14,2,2,0,34,16
"H",14,2,3,-1,3,0
"H",14,2,3,-3,1,0
"H",14,2,3,-4,1,0
"H",14,2,3,-6,1,0
"H",14,2,3,0,22,14
"H",14,2,4,-1,3,1
"H",14,2,4,-2,4,0
"H",14,2,4,0,20,16
"H",14,2,5,-1,2,0
"H",14,2,5,0,8,5
"H",14,2,6,-1,2,1
"H",14,2,6,-3,1,1
"H",14,2,6,0,6,5
"H",14,2,7,-2,2,1
"H",14,2,7,0,7,5
"H",14,2,8,0,6,5
"H",15,0,1,-1,14,2
"H",15,0,1,-2,9,1
"H",15,0,1,-3,2,0
"H",15,0,1,-4,3,0
"H",15,0,1,-5,1,0
"H",15,0,1,-7,1,0
"H",15,0,1,0,97,68
"H",15,0,2,-1,3,1
"H",15,0,2,-2,4,0
"H",15,0,2,-3,2,0
"H",15,0,2,0,28,24
"H",15,0,3,-2,1,0
"H",15,0,3,0,3,3
"H",15,0,4,-1,1,1
"H",15,0,4,-3,1,0
"H",15,0,4,0,3,2
"H",15,0,5,-2,1,1
"H",15,0,5,0,4,4
"H",15,0,6,-2,1,1
"H",15,0,6,0,2,2
"H",15,0,7,-2,1,1
"H",15,0,7,0,3,3
"H",15,0,8,0,3,3
"H",15,1,1,-1,11,1
"H",15,1,1,-2,3,0
"H",15,1,1,-4,3,0
"H",15,1,1,-5,1,0
"H",15,1,1,-7,1,0
"H",15,1,1,0,65,40
"H",15,1,2,-1,4,1
"H",15,1,2,-2,3,0
"H",15,1,2,-3,1,0
"H",15,1,2,0,30,23
"H",15,1,3,-1,1,0
"H",15,1,3,-2,1,0
"H",15,1,3,0,19,17
"H",15,1,4,-1,2,1
"H",15,1,4,-2,1,0
"H",15,1,4,-3,1,0
"H",15,1,4,0,10,10
"H",15,1,5,0,5,4
"H",15,1,6,0,8,6
"H",15,1,7,-1,1,1
"H",15,1,7,0,4,4
"H",15,1,8,-1,1,1
"H",15,1,8,0,7,6
"H",15,2,1,-1,9,0
"H",15,2,1,-2,4,0
"H",15,2,1,-4,3,0
"H",15,2,1,-5,1,0
"H",15,2,1,-7,1,0
"H",15,2,1,0,40,19
"H",15,2,2,-1,4,0
"H",15,2,2,-2,3,0
"H",15,2,2,-3,1,0
"H",15,2,2,-4,1,0
"H",15,2,2,0,17,10
"H",15,2,3,-1,1,0
"H",15,2,3,-2,1,0
"H",15,2,3,-4,1,0
"H",15,2,3,0,17,13
"H",15,2,4,-1,2,1
"H",15,2,4,-3,2,0
"H",15,2,4,-4,1,0
"H",15,2,4,0,8,6
"H",15,2,5,-2,1,0
"H",15,2,5,0,10,7
"H",15,2,6,-2,1,0
"H",15,2,6,0,8,6
"H",15,2,7,0,5,5
"H",15,2,8,-3,1,0
"H",15,2,8,0,8,8
"H",16,0,1,-1,9,2
"H",16,0,1,-2,2,0
"H",16,0,1,-3,1,0
"H",16,0,1,-4,1,0
"H",16,0,1,-8,1,0
"H",16,0,1,0,57,37
"H",16,0,2,-1,5,2
"H",16,0,2,-3,1,0
"H",16,0,2,-4,1,0
"H",16,0,2,0,18,11
"H",16,0,3,-2,1,0
"H",16,0,3,-4,1,0
"H",16,0,3,0,5,5
"H",16,0,4,-1,1,0
"H",16,0,4,0,6,4
"H",16,0,5,0,1,1
"H",16,0,6,-2,1,0
"H",16,0,6,0,1,1
"H",16,0,8,-1,1,0
"H",16,0,8,0,1,1
"H",16,1,1,-1,4,0
"H",16,1,1,-2,1,0
"H",16,1,1,-8,1,0
"H",16,1,1,0,34,21
"H",16,1,2,-1,3,2
"H",16,1,2,-3,2,0
"H",16,1,2,-8,1,0
"H",16,1,2,0,7,5
"H",16,1,3,-1,2,0
"H",16,1,3,-4,1,0
"H",16,1,3,0,10,7
"H",16,1,4,0,9,5
"H",16,1,5,0,3,2
"H",16,1,6,-1,1,0
"H",16,1,6,0,4,3
"H",16,1,7,0,3,2
"H",16,1,8,0,1,0
"H",16,2,1,-1,4,0
"H",16,2,1,-2,1,0
"H",16,2,1,0,29,17
"H",16,2,2,-3,1,0
"H",16,2,2,-8,1,0
"H",16,2,2,0,11,8
"H",16,2,3,-1,2,1
"H",16,2,3,-3,2,0
"H",16,2,3,0,6,4
"H",16,2,4,-3,1,0
"H",16,2,4,0,7,3
"H",16,2,5,-1,2,0
"H",16,2,5,0,4,3
"H",16,2,6,-1,1,0
"H",16,2,6,0,2,1
"H",16,2,7,-1,1,0
"H",16,2,7,0,4,3
"H",16,2,8,0,3,1
"H",17,0,1,-1,4,1
"H",17,0,1,-2,3,0
"H",17,0,1,-3,1,1
"H",17,0,1,-7,1,0
"H",17,0,1,0,31,16
"H",17,0,2,-1,1,1
"H",17,0,2,-2,1,1
"H",17,0,2,0,7,3
"H",17,0,3,-3,1,1
"H",17,0,3,0,3,3
"H",17,0,4,0,2,1
"H",17,0,7,-2,1,1
"H",17,0,8,0,1,1
"H",17,1,1,-1,3,0
"H",17,1,1,-2,3,0
"H",17,1,1,-7,1,0
"H",17,1,1,0,20,9
"H",17,1,2,-1,1,0
"H",17,1,2,0,10,5
"H",17,1,3,-1,1,1
"H",17,1,3,-7,1,0
"H",17,1,3,0,8,5
"H",17,1,4,0,4,3
"H",17,1,5,-1,1,1
"H",17,1,5,0,1,1
"H",17,1,6,-7,1,0
"H",17,1,6,0,2,2
"H",17,1,8,0,2,2
"H",17,2,1,-1,2,0
"H",17,2,1,-2,3,0
"H",17,2,1,0,11,4
"H",17,2,2,-1,1,0
"H",17,2,2,-2,1,0
"H",17,2,2,0,6,3
"H",17,2,3,-1,1,0
"H",17,2,3,-2,1,0
"H",17,2,3,0,6,1
"H",17,2,4,-1,1,0
"H",17,2,4,-2,1,0
"H",17,2,4,0,5,2
"H",17,2,5,-1,1,1
"H",17,2,5,0,3,2
"H",17,2,6,0,2,2
"H",17,2,7,0,1,1
"H",17,2,8,0,1,1
"H",18,0,1,-1,3,0
"H",18,0,1,-2,3,0
"H",18,0,1,-5,1,0
"H",18,0,1,0,19,10
"H",18,0,2,-1,1,0
"H",18,0,2,-2,2,0
"H",18,0,2,0,2,2
"H",18,0,4,-2,1,0
"H",18,1,1,-1,2,0
"H",18,1,1,-2,1,0
"H",18,1,1,-5,1,0
"H",18,1,1,0,17,8
"H",18,1,2,-1,1,0
"H",18,1,2,-2,2,0
"H",18,1,2,0,5,3
"H",18,1,3,-5,1,0
"H",18,1,3,0,4,4
"H",18,1,4,-2,1,0
"H",18,1,4,0,2,2
"H",18,1,6,-5,1,0
"H",18,1,6,0,1,1
"H",18,1,7,-2,1,0
"H",18,2,1,-1,2,0
"H",18,2,1,0,11,3
"H",18,2,2,-1,1,0
"H",18,2,2,0,7,3
"H",18,2,3,-1,1,0
"H",18,2,3,-2,1,0
"H",18,2,3,0,2,1
"H",18,2,4,-2,1,0
"H",18,2,4,0,1,1
"H",18,2,6,-5,1,0
"H",18,2,6,0,2,2
"H",18,2,7,0,1,1
"H",18,2,8,-2,1,0
"H",19,0,1,-1,3,0
"H",19,0,1,-2,1,0
"H",19,0,1,-3,1,0
"H",19,0,1,0,10,5
"H",19,0,2,-3,1,0
"H",19,0,2,0,3,2
"H",19,0,3,0,1,1
"H",19,0,4,0,1,1
"H",19,1,1,-1,3,0
"H",19,1,1,-2,1,0
"H",19,1,1,0,6,2
"H",19,1,2,-1,1,0
"H",19,1,2,-3,1,0
"H",19,1,2,0,2,1
"H",19,1,3,0,2,2
"H",19,1,4,-1,1,0
"H",19,1,4,-3,1,0
"H",19,1,4,0,1,1
"H",19,1,6,0,1,1
"H",19,1,7,0,1,1
"H",19,1,8,-3,1,0
"H",19,1,8,0,1,1
"H",19,2,1,-1,2,0
"H",19,2,1,-2,1,0
"H",19,2,1,0,5,1
"H",19,2,2,-1,1,0
"H",19,2,2,0,3,1
"H",19,2,3,0,2,2
"H",19,2,4,0,2,2
"H",19,2,6,0,1,1
"H",19,2,7,-1,1,0
"H",19,2,7,0,1,1
"H",20,0,1,-1,1,0
"H",20,0,1,0,6,2
"H",20,0,2,-1,1,0
"H",20,0,2,0,1,0
"H",20,1,1,0,5,2
"H",20,1,2,-1,1,0
"H",20,1,2,0,2,1
"H",20,1,3,-1,1,0
"H",20,2,1,0,4,1
"H",20,2,2,0,1,0
"H",20,2,3,-1,1,0
"H",20,2,4,0,1,0
"H",21,0,1,-1,1,0
"H",21,0,1,-2,2,0
"H",21,0,1,0,3,2
"H",21,0,2,-1,1,0
"H",21,0,2,-2,1,0
"H",21,0,2,0,1,1
"H",21,0,4,0,1,1
"H",21,0,8,0,1,1
"H",21,1,1,-2,1,0
"H",21,1,1,0,2,1
"H",21,1,2,0,1,1
"H",21,1,3,-1,1,0
"H",21,1,3,-2,1,0
"H",21,2,1,-2,1,0
"H",21,2,1,0,1,0
"H",21,2,2,0,2,1
"H",21,2,3,-2,1,0
"H",21,2,5,-1,1,0
"H",22,0,1,-1,1,0
"H",22,0,1,0,1,1
"H",22,1,1,-1,1,0
"H",22,1,1,0,1,1
"H",22,1,2,0,1,1
"H",22,1,4,0,1,1
"H",22,2,1,-1,1,0
"V",1,0,1,0,28864,13090
"V",1,0,1,1,146,83
"V",1,0,1,2,54,36
"V",1,0,1,3,37,28
"V",1,0,1,4,19,17
"V",1,0,1,5,4,3
"V",1,0,1,6,3,1
"V",1,0,1,7,1,1
"V",1,0,2,0,8799,4407
"V",1,0,2,1,240,156
"V",1,0,2,2,86,58
"V",1,0,2,3,40,30
"V",1,0,2,4,23,22
"V",1,0,2,5,1,1
"V",1,0,2,6,2,1
"V",1,0,2,7,2,2
"V",1,0,2,9,1,0
"V",1,0,3,0,1630,856
"V",1,0,3,1,208,117
"V",1,0,3,2,89,61
"V",1,0,3,3,23,13
"V",1,0,3,4,16,13
"V",1,0,3,5,4,3
"V",1,0,3,6,2,1
"V",1,0,3,7,1,1
"V",1,0,3,8,1,0
"V",1,0,4,0,1615,948
"V",1,0,4,1,185,122
"V",1,0,4,2,63,41
"V",1,0,4,3,24,16
"V",1,0,4,4,17,17
"V",1,0,4,5,2,2
"V",1,0,4,6,1,1
"V",1,0,4,7,1,1
"V",1,0,4,8,1,1
"V",1,0,5,0,492,294
"V",1,0,5,1,140,96
"V",1,0,5,2,44,28
"V",1,0,5,3,22,21
"V",1,0,5,4,6,6
"V",1,0,5,5,2,2
"V",1,0,5,8,1,0
"V",1,0,6,0,640,386
"V",1,0,6,1,186,118
"V",1,0,6,2,67,53
"V",1,0,6,3,27,22
"V",1,0,6,4,5,5
"V",1,0,6,5,4,4
"V",1,0,6,6,1,1
"V",1,0,6,7,1,1
"V",1,0,7,0,353,225
"V",1,0,7,1,131,93
"V",1,0,7,2,45,34
"V",1,0,7,3,11,9
"V",1,0,7,4,6,4
"V",1,0,7,5,3,3
"V",1,0,7,6,1,1
"V",1,0,8,0,371,252
"V",1,0,8,1,110,83
"V",1,0,8,2,42,33
"V",1,0,8,3,20,15
"V",1,0,8,4,8,7
"V",1,0,8,5,5,4
"V",1,0,8,6,1,1
"V",1,0,8,7,1,1
"V",1,0,8,8,1,1
"V",1,1,1,0,18623,7850
"V",1,1,1,1,358,200
"V",1,1,1,2,226,158
"V",1,1,1,3,134,97
"V",1,1,1,4,53,41
"V",1,1,1,5,18,13
"V",1,1,1,6,6,4
"V",1,1,1,7,1,1
"V",1,1,1,9,1,1
"V",1,1,2,0,8239,3772
"V",1,1,2,1,909,518
"V",1,1,2,2,428,266
"V",1,1,2,3,182,132
"V",1,1,2,4,65,45
"V",1,1,2,5,39,35
"V",1,1,2,6,9,7
"V",1,1,2,7,1,1
"V",1,1,2,9,2,1
"V",1,1,3,0,3850,1831
"V",1,1,3,1,699,400
"V",1,1,3,2,306,207
"V",1,1,3,3,134,88
"V",1,1,3,4,63,50
"V",1,1,3,5,22,19
"V",1,1,3,6,8,6
"V",1,1,3,7,3,3
"V",1,1,4,0,2298,1175
"V",1,1,4,1,536,317
"V",1,1,4,2,270,177
"V",1,1,4,3,86,59
"V",1,1,4,4,54,43
"V",1,1,4,5,19,15
"V",1,1,4,6,8,8
"V",1,1,4,7,3,3
"V",1,1,5,0,1274,653
"V",1,1,5,1,491,281
"V",1,1,5,2,215,141
"V",1,1,5,3,86,64
"V",1,1,5,4,35,32
"V",1,1,5,5,6,5
"V",1,1,5,6,2,2
"V",1,1,5,7,1,1
"V",1,1,6,0,1224,627
"V",1,1,6,1,528,328
"V",1,1,6,2,208,140
"V",1,1,6,3,78,59
"V",1,1,6,4,24,22
"V",1,1,6,5,14,13
"V",1,1,6,6,1,0
"V",1,1,6,7,3,3
"V",1,1,7,0,1036,584
"V",1,1,7,1,388,262
"V",1,1,7,2,148,106
"V",1,1,7,3,72,64
"V",1,1,7,4,24,22
"V",1,1,7,5,7,6
"V",1,1,7,6,3,3
"V",1,1,7,8,1,1
"V",1,1,8,0,650,370
"V",1,1,8,1,266,181
"V",1,1,8,2,113,83
"V",1,1,8,3,46,35
"V",1,1,8,4,19,14
"V",1,1,8,5,5,5
"V",1,1,8,6,1,1
"V",1,1,8,7,1,1
"V",1,1,8,8,1,1
"V",1,2,1,0,13389,5371
"V",1,2,1,1,895,455
"V",1,2,1,10,1,1
"V",1,2,1,2,500,315
"V",1,2,1,3,254,181
"V",1,2,1,4,113,92
"V",1,2,1,5,31,27
"V",1,2,1,6,16,11
"V",1,2,1,7,3,3
"V",1,2,1,8,2,2
"V",1,2,1,9,1,1
"V",1,2,2,0,6933,2921
"V",1,2,2,1,1536,803
"V",1,2,2,10,1,1
"V",1,2,2,2,727,450
"V",1,2,2,3,374,276
"V",1,2,2,4,150,119
"V",1,2,2,5,70,65
"V",1,2,2,6,20,18
"V",1,2,2,7,8,8
"V",1,2,2,8,5,5
"V",1,2,2,9,3,2
"V",1,2,3,0,3678,1643
"V",1,2,3,1,1214,638
"V",1,2,3,10,1,1
"V",1,2,3,2,610,409
"V",1,2,3,3,309,232
"V",1,2,3,4,139,107
"V",1,2,3,5,38,32
"V",1,2,3,6,19,17
"V",1,2,3,7,7,7
"V",1,2,3,8,5,5
"V",1,2,3,9,2,1
"V",1,2,4,0,2013,869
"V",1,2,4,1,753,399
"V",1,2,4,2,390,250
"V",1,2,4,3,193,142
"V",1,2,4,4,83,62
"V",1,2,4,5,37,33
"V",1,2,4,6,14,14
"V",1,2,4,7,3,3
"V",1,2,4,8,5,5
"V",1,2,4,9,1,1
"V",1,2,5,0,1607,737
"V",1,2,5,1,695,391
"V",1,2,5,2,350,219
"V",1,2,5,3,171,121
"V",1,2,5,4,67,57
"V",1,2,5,5,13,8
"V",1,2,5,6,6,6
"V",1,2,5,7,4,4
"V",1,2,5,8,1,1
"V",1,2,5,9,1,1
"V",1,2,6,0,1215,589
"V",1,2,6,1,611,364
"V",1,2,6,2,275,177
"V",1,2,6,3,120,86
"V",1,2,6,4,58,47
"V",1,2,6,5,19,18
"V",1,2,6,6,6,6
"V",1,2,6,7,6,6
"V",1,2,6,8,3,3
"V",1,2,6,9,1,1
"V",1,2,7,0,805,406
"V",1,2,7,1,445,252
"V",1,2,7,2,205,134
"V",1,2,7,3,101,74
"V",1,2,7,4,35,29
"V",1,2,7,5,7,5
"V",1,2,7,6,10,10
"V",1,2,7,7,2,2
"V",1,2,7,8,1,1
"V",1,2,7,9,1,1
"V",1,2,8,0,580,287
"V",1,2,8,1,301,183
"V",1,2,8,2,130,76
"V",1,2,8,3,73,58
"V",1,2,8,4,31,25
"V",1,2,8,5,13,9
"V",1,2,8,6,6,4
"V",1,2,8,7,1,1
"V",1,2,8,8,2,2
"V",2,0,1,-1,3881,1332
"V",2,0,1,-10,1,0
"V",2,0,1,-11,2,0
"V",2,0,1,-2,2062,501
"V",2,0,1,-3,916,144
"V",2,0,1,-4,467,64
"V",2,0,1,-5,150,11
"V",2,0,1,-6,57,3
"V",2,0,1,-7,36,1
"V",2,0,1,-8,11,0
"V",2,0,1,-9,5,0
"V",2,0,1,0,14716,6744
"V",2,0,1,1,3743,2144
"V",2,0,1,2,1747,1182
"V",2,0,1,3,906,699
"V",2,0,1,4,357,293
"V",2,0,1,5,140,125
"V",2,0,1,6,54,48
"V",2,0,1,7,18,17
"V",2,0,1,8,11,10
"V",2,0,1,9,8,8
"V",2,0,2,-1,1142,436
"V",2,0,2,-2,604,156
"V",2,0,2,-3,292,47
"V",2,0,2,-4,136,19
"V",2,0,2,-5,38,3
"V",2,0,2,-6,14,1
"V",2,0,2,-7,9,0
"V",2,0,2,-9,2,0
"V",2,0,2,0,4159,2121
"V",2,0,2,1,1148,692
"V",2,0,2,10,1,1
"V",2,0,2,2,529,369
"V",2,0,2,3,261,204
"V",2,0,2,4,97,81
"V",2,0,2,5,31,28
"V",2,0,2,6,20,19
"V",2,0,2,7,6,6
"V",2,0,2,8,7,7
"V",2,0,2,9,6,6
"V",2,0,3,-1,221,102
"V",2,0,3,-11,1,0
"V",2,0,3,-2,124,43
"V",2,0,3,-3,55,14
"V",2,0,3,-4,37,12
"V",2,0,3,-5,5,1
"V",2,0,3,-6,6,1
"V",2,0,3,-7,1,0
"V",2,0,3,0,887,441
"V",2,0,3,1,320,205
"V",2,0,3,2,140,112
"V",2,0,3,3,60,47
"V",2,0,3,4,20,19
"V",2,0,3,5,12,11
"V",2,0,3,6,5,4
"V",2,0,3,8,1,1
"V",2,0,3,9,2,2
"V",2,0,4,-1,230,95
"V",2,0,4,-2,152,47
"V",2,0,4,-3,52,9
"V",2,0,4,-4,36,4
"V",2,0,4,-5,9,1
"V",2,0,4,-6,4,1
"V",2,0,4,-7,4,0
"V",2,0,4,-9,1,0
"V",2,0,4,0,797,471
"V",2,0,4,1,255,169
"V",2,0,4,2,118,97
"V",2,0,4,3,53,38
"V",2,0,4,4,35,33
"V",2,0,4,5,14,14
"V",2,0,4,6,9,7
"V",2,0,4,7,3,3
"V",2,0,4,8,1,1
"V",2,0,4,9,2,2
"V",2,0,5,-1,81,33
"V",2,0,5,-2,39,13
"V",2,0,5,-3,15,4
"V",2,0,5,-4,8,0
"V",2,0,5,-5,3,0
"V",2,0,5,-6,1,0
"V",2,0,5,-7,1,0
"V",2,0,5,0,283,142
"V",2,0,5,1,124,78
"V",2,0,5,2,49,40
"V",2,0,5,3,30,24
"V",2,0,5,4,9,7
"V",2,0,5,5,5,5
"V",2,0,5,6,3,3
"V",2,0,5,8,2,2
"V",2,0,6,-1,108,50
"V",2,0,6,-2,50,19
"V",2,0,6,-3,26,3
"V",2,0,6,-4,15,4
"V",2,0,6,-5,3,1
"V",2,0,6,0,335,197
"V",2,0,6,1,145,103
"V",2,0,6,2,63,50
"V",2,0,6,3,28,24
"V",2,0,6,4,9,9
"V",2,0,6,5,8,7
"V",2,0,6,6,2,2
"V",2,0,6,7,3,2
"V",2,0,7,-1,72,34
"V",2,0,7,-2,28,5
"V",2,0,7,-3,22,7
"V",2,0,7,-4,10,4
"V",2,0,7,-5,4,0
"V",2,0,7,-6,1,0
"V",2,0,7,-7,1,0
"V",2,0,7,0,170,108
"V",2,0,7,1,91,68
"V",2,0,7,2,30,23
"V",2,0,7,3,12,10
"V",2,0,7,4,3,3
"V",2,0,7,5,4,4
"V",2,0,7,6,1,1
"V",2,0,7,7,1,1
"V",2,0,7,8,1,1
"V",2,0,8,-1,52,24
"V",2,0,8,-2,36,14
"V",2,0,8,-3,15,2
"V",2,0,8,-4,4,2
"V",2,0,8,-5,3,1
"V",2,0,8,-6,2,0
"V",2,0,8,-7,2,0
"V",2,0,8,0,181,113
"V",2,0,8,1,97,65
"V",2,0,8,2,43,36
"V",2,0,8,3,18,17
"V",2,0,8,4,14,13
"V",2,0,8,5,6,6
"V",2,0,8,6,3,2
"V",2,0,8,7,2,2
"V",2,1,1,-1,2541,797
"V",2,1,1,-10,1,0
"V",2,1,1,-11,1,0
"V",2,1,1,-2,1364,308
"V",2,1,1,-3,575,87
"V",2,1,1,-4,288,34
"V",2,1,1,-5,104,7
"V",2,1,1,-6,37,1
"V",2,1,1,-7,25,1
"V",2,1,1,-8,11,0
"V",2,1,1,-9,3,0
"V",2,1,1,0,9735,4218
"V",2,1,1,1,2676,1477
"V",2,1,1,10,2,2
"V",2,1,1,2,1280,838
"V",2,1,1,3,667,505
"V",2,1,1,4,272,223
"V",2,1,1,5,119,104
"V",2,1,1,6,38,35
"V",2,1,1,7,20,18
"V",2,1,1,8,10,9
"V",2,1,1,9,6,6
"V",2,1,2,-1,1177,402
"V",2,1,2,-2,630,153
"V",2,1,2,-3,294,43
"V",2,1,2,-4,155,22
"V",2,1,2,-5,47,5
"V",2,1,2,-6,21,0
"V",2,1,2,-7,8,0
"V",2,1,2,-9,3,0
"V",2,1,2,0,4168,1923
"V",2,1,2,1,1424,813
"V",2,1,2,10,2,2
"V",2,1,2,11,1,1
"V",2,1,2,2,736,494
"V",2,1,2,3,372,284
"V",2,1,2,4,145,119
"V",2,1,2,5,79,69
"V",2,1,2,6,45,42
"V",2,1,2,7,21,21
"V",2,1,2,8,11,8
"V",2,1,2,9,8,8
"V",2,1,3,-1,445,180
"V",2,1,3,-10,1,0
"V",2,1,3,-11,1,0
"V",2,1,3,-2,188,44
"V",2,1,3,-3,77,17
"V",2,1,3,-4,37,6
"V",2,1,3,-5,9,0
"V",2,1,3,-6,5,1
"V",2,1,3,-8,1,0
"V",2,1,3,0,1783,871
"V",2,1,3,1,752,463
"V",2,1,3,10,1,1
"V",2,1,3,2,387,266
"V",2,1,3,3,193,149
"V",2,1,3,4,89,73
"V",2,1,3,5,39,36
"V",2,1,3,6,15,13
"V",2,1,3,7,8,8
"V",2,1,3,8,6,6
"V",2,1,3,9,2,2
"V",2,1,4,-1,321,114
"V",2,1,4,-2,183,51
"V",2,1,4,-3,91,15
"V",2,1,4,-4,65,9
"V",2,1,4,-5,16,2
"V",2,1,4,-6,7,0
"V",2,1,4,-7,1,0
"V",2,1,4,-9,2,0
"V",2,1,4,0,1120,556
"V",2,1,4,1,524,328
"V",2,1,4,10,1,1
"V",2,1,4,11,1,1
"V",2,1,4,2,279,196
"V",2,1,4,3,154,129
"V",2,1,4,4,73,62
"V",2,1,4,5,35,31
"V",2,1,4,6,21,20
"V",2,1,4,7,11,11
"V",2,1,4,8,6,5
"V",2,1,4,9,4,4
"V",2,1,5,-1,171,72
"V",2,1,5,-2,66,21
"V",2,1,5,-3,30,8
"V",2,1,5,-4,16,1
"V",2,1,5,-5,4,0
"V",2,1,5,-7,1,0
"V",2,1,5,0,667,314
"V",2,1,5,1,359,231
"V",2,1,5,10,1,1
"V",2,1,5,11,1,1
"V",2,1,5,2,174,135
"V",2,1,5,3,91,76
"V",2,1,5,4,40,35
"V",2,1,5,5,20,18
"V",2,1,5,6,14,14
"V",2,1,5,7,5,4
"V",2,1,5,8,3,3
"V",2,1,5,9,3,3
"V",2,1,6,-1,180,74
"V",2,1,6,-2,84,17
"V",2,1,6,-3,35,11
"V",2,1,6,-4,20,3
"V",2,1,6,-5,5,1
"V",2,1,6,-6,2,0
"V",2,1,6,-7,1,0
"V",2,1,6,0,612,329
"V",2,1,6,1,325,218
"V",2,1,6,10,1,1
"V",2,1,6,2,149,106
"V",2,1,6,3,83,64
"V",2,1,6,4,52,43
"V",2,1,6,5,19,18
"V",2,1,6,6,11,9
"V",2,1,6,7,7,6
"V",2,1,6,8,7,7
"V",2,1,6,9,4,4
"V",2,1,7,-1,160,63
"V",2,1,7,-2,72,22
"V",2,1,7,-3,41,10
"V",2,1,7,-4,18,3
"V",2,1,7,-5,3,0
"V",2,1,7,-6,1,0
"V",2,1,7,0,518,293
"V",2,1,7,1,260,180
"V",2,1,7,10,1,1
"V",2,1,7,2,128,94
"V",2,1,7,3,70,53
"V",2,1,7,4,42,39
"V",2,1,7,5,25,22
"V",2,1,7,6,11,11
"V",2,1,7,7,3,3
"V",2,1,7,8,2,2
"V",2,1,7,9,2,2
"V",2,1,8,-1,92,49
"V",2,1,8,-2,49,19
"V",2,1,8,-3,23,3
"V",2,1,8,-4,18,3
"V",2,1,8,-5,2,0
"V",2,1,8,-6,2,0
"V",2,1,8,0,332,200
"V",2,1,8,1,201,142
"V",2,1,8,2,80,60
"V",2,1,8,3,57,51
"V",2,1,8,4,33,30
"V",2,1,8,5,12,12
"V",2,1,8,6,8,7
"V",2,1,8,7,8,8
"V",2,1,8,8,7,7
"V",2,1,8,9,1,1
"V",2,2,1,-1,1904,563
"V",2,2,1,-10,1,0
"V",2,2,1,-11,1,0
"V",2,2,1,-2,1044,222
"V",2,2,1,-3,438,61
"V",2,2,1,-4,196,20
"V",2,2,1,-5,76,5
"V",2,2,1,-6,26,1
"V",2,2,1,-7,19,1
"V",2,2,1,-8,10,0
"V",2,2,1,-9,2,0
"V",2,2,1,0,7363,3044
"V",2,2,1,1,2357,1251
"V",2,2,1,10,2,2
"V",2,2,1,2,1128,745
"V",2,2,1,3,572,443
"V",2,2,1,4,251,206
"V",2,2,1,5,120,101
"V",2,2,1,6,50,45
"V",2,2,1,7,37,33
"V",2,2,1,8,10,9
"V",2,2,1,9,8,8
"V",2,2,2,-1,1089,350
"V",2,2,2,-10,1,0
"V",2,2,2,-2,558,130
"V",2,2,2,-3,267,34
"V",2,2,2,-4,105,15
"V",2,2,2,-5,54,5
"V",2,2,2,-6,21,1
"V",2,2,2,-7,13,0
"V",2,2,2,-9,1,0
"V",2,2,2,0,3774,1638
"V",2,2,2,1,1595,870
"V",2,2,2,10,3,3
"V",2,2,2,11,3,3
"V",2,2,2,13,1,1
"V",2,2,2,2,821,552
"V",2,2,2,3,447,353
"V",2,2,2,4,236,192
"V",2,2,2,5,134,117
"V",2,2,2,6,72,66
"V",2,2,2,7,34,31
"V",2,2,2,8,16,14
"V",2,2,2,9,12,11
"V",2,2,3,-1,522,172
"V",2,2,3,-2,223,46
"V",2,2,3,-3,90,10
"V",2,2,3,-4,44,10
"V",2,2,3,-5,12,1
"V",2,2,3,-6,3,0
"V",2,2,3,-7,5,0
"V",2,2,3,-8,1,0
"V",2,2,3,0,1875,834
"V",2,2,3,1,976,542
"V",2,2,3,10,2,2
"V",2,2,3,11,1,1
"V",2,2,3,12,1,1
"V",2,2,3,2,586,398
"V",2,2,3,3,303,238
"V",2,2,3,4,194,159
"V",2,2,3,5,110,94
"V",2,2,3,6,46,43
"V",2,2,3,7,21,21
"V",2,2,3,8,12,10
"V",2,2,3,9,8,8
"V",2,2,4,-1,310,103
"V",2,2,4,-2,187,44
"V",2,2,4,-3,105,16
"V",2,2,4,-4,49,5
"V",2,2,4,-5,27,5
"V",2,2,4,-6,10,0
"V",2,2,4,-7,2,0
"V",2,2,4,-9,1,0
"V",2,2,4,0,1138,548
"V",2,2,4,1,603,361
"V",2,2,4,11,2,2
"V",2,2,4,12,1,1
"V",2,2,4,2,408,266
"V",2,2,4,3,207,159
"V",2,2,4,4,102,84
"V",2,2,4,5,54,44
"V",2,2,4,6,22,21
"V",2,2,4,7,14,13
"V",2,2,4,8,10,7
"V",2,2,4,9,4,3
"V",2,2,5,-1,207,79
"V",2,2,5,-2,98,18
"V",2,2,5,-3,30,2
"V",2,2,5,-4,25,3
"V",2,2,5,-5,3,0
"V",2,2,5,-6,1,0
"V",2,2,5,-7,1,0
"V",2,2,5,0,756,345
"V",2,2,5,1,473,289
"V",2,2,5,10,1,1
"V",2,2,5,11,2,2
"V",2,2,5,2,245,177
"V",2,2,5,3,152,117
"V",2,2,5,4,92,73
"V",2,2,5,5,49,43
"V",2,2,5,6,23,18
"V",2,2,5,7,10,9
"V",2,2,5,8,6,6
"V",2,2,6,-1,173,58
"V",2,2,6,-2,83,16
"V",2,2,6,-3,34,7
"V",2,2,6,-4,16,2
"V",2,2,6,-5,9,1
"V",2,2,6,-6,1,0
"V",2,2,6,-7,1,0
"V",2,2,6,-9,1,0
"V",2,2,6,0,629,287
"V",2,2,6,1,398,235
"V",2,2,6,12,2,2
"V",2,2,6,2,215,150
"V",2,2,6,3,140,112
"V",2,2,6,4,84,76
"V",2,2,6,5,43,41
"V",2,2,6,6,17,14
"V",2,2,6,7,11,10
"V",2,2,6,8,1,1
"V",2,2,6,9,5,5
"V",2,2,7,-1,143,48
"V",2,2,7,-2,62,15
"V",2,2,7,-3,39,4
"V",2,2,7,-4,18,1
"V",2,2,7,-5,7,0
"V",2,2,7,-6,2,0
"V",2,2,7,-7,1,0
"V",2,2,7,0,443,216
"V",2,2,7,1,293,172
"V",2,2,7,10,2,2
"V",2,2,7,11,2,2
"V",2,2,7,12,1,1
"V",2,2,7,2,205,146
"V",2,2,7,3,90,72
"V",2,2,7,4,57,46
"V",2,2,7,5,37,33
"V",2,2,7,6,16,15
"V",2,2,7,7,5,4
"V",2,2,7,9,6,6
"V",2,2,8,-1,88,34
"V",2,2,8,-2,53,16
"V",2,2,8,-3,35,8
"V",2,2,8,-4,19,4
"V",2,2,8,-5,4,0
"V",2,2,8,-6,3,0
"V",2,2,8,0,352,168
"V",2,2,8,1,229,139
"V",2,2,8,10,1,1
"V",2,2,8,2,144,99
"V",2,2,8,3,94,69
"V",2,2,8,4,47,42
"V",2,2,8,5,24,18
"V",2,2,8,6,10,9
"V",2,2,8,7,3,2
"V",2,2,8,8,4,4
"V",2,2,8,9,3,3
"V",3,0,1,-1,4687,1553
"V",3,0,1,-10,16,0
"V",3,0,1,-11,4,0
"V",3,0,1,-12,1,0
"V",3,0,1,-14,1,0
"V",3,0,1,-16,2,0
"V",3,0,1,-2,2632,587
"V",3,0,1,-3,1308,202
"V",3,0,1,-4,697,77
"V",3,0,1,-5,360,20
"V",3,0,1,-6,192,12
"V",3,0,1,-7,102,2
"V",3,0,1,-8,67,0
"V",3,0,1,-9,26,0
"V",3,0,1,0,9843,4562
"V",3,0,1,1,4484,2629
"V",3,0,1,10,12,12
"V",3,0,1,11,6,6
"V",3,0,1,12,1,1
"V",3,0,1,2,2318,1616
"V",3,0,1,3,1197,948
"V",3,0,1,4,570,481
"V",3,0,1,5,323,282
"V",3,0,1,6,162,156
"V",3,0,1,7,72,67
"V",3,0,1,8,37,36
"V",3,0,1,9,20,18
"V",3,0,2,-1,1233,454
"V",3,0,2,-10,1,0
"V",3,0,2,-11,1,0
"V",3,0,2,-12,1,0
"V",3,0,2,-2,674,199
"V",3,0,2,-3,351,58
"V",3,0,2,-4,182,27
"V",3,0,2,-5,98,9
"V",3,0,2,-6,53,6
"V",3,0,2,-7,29,1
"V",3,0,2,-8,27,0
"V",3,0,2,-9,5,0
"V",3,0,2,0,2495,1237
"V",3,0,2,1,1208,762
"V",3,0,2,10,6,6
"V",3,0,2,11,2,2
"V",3,0,2,12,1,1
"V",3,0,2,2,704,506
"V",3,0,2,3,372,301
"V",3,0,2,4,185,159
"V",3,0,2,5,94,85
"V",3,0,2,6,48,45
"V",3,0,2,7,24,23
"V",3,0,2,8,13,12
"V",3,0,2,9,8,8
"V",3,0,3,-1,242,99
"V",3,0,3,-10,2,0
"V",3,0,3,-2,122,35
"V",3,0,3,-3,62,16
"V",3,0,3,-4,24,8
"V",3,0,3,-5,18,1
"V",3,0,3,-6,10,0
"V",3,0,3,-7,5,0
"V",3,0,3,-8,2,0
"V",3,0,3,0,488,248
"V",3,0,3,1,300,207
"V",3,0,3,2,177,135
"V",3,0,3,3,102,84
"V",3,0,3,4,62,51
"V",3,0,3,5,40,38
"V",3,0,3,6,18,17
"V",3,0,3,7,5,5
"V",3,0,3,8,6,6
"V",3,0,3,9,4,4
"V",3,0,4,-1,219,98
"V",3,0,4,-10,1,0
"V",3,0,4,-2,158,67
"V",3,0,4,-3,79,19
"V",3,0,4,-4,50,14
"V",3,0,4,-5,28,6
"V",3,0,4,-6,10,1
"V",3,0,4,-7,7,0
"V",3,0,4,-8,6,0
"V",3,0,4,-9,2,0
"V",3,0,4,0,435,252
"V",3,0,4,1,256,183
"V",3,0,4,11,1,1
"V",3,0,4,12,1,1
"V",3,0,4,2,163,131
"V",3,0,4,3,85,72
"V",3,0,4,4,55,45
"V",3,0,4,5,29,25
"V",3,0,4,6,13,12
"V",3,0,4,7,4,4
"V",3,0,4,8,6,6
"V",3,0,4,9,4,4
"V",3,0,5,-1,59,26
"V",3,0,5,-2,26,10
"V",3,0,5,-3,13,2
"V",3,0,5,-4,8,3
"V",3,0,5,-5,5,1
"V",3,0,5,-6,1,0
"V",3,0,5,-7,1,0
"V",3,0,5,-8,2,0
"V",3,0,5,-9,1,0
"V",3,0,5,0,117,61
"V",3,0,5,1,93,64
"V",3,0,5,10,1,1
"V",3,0,5,11,1,1
"V",3,0,5,2,84,60
"V",3,0,5,3,45,37
"V",3,0,5,4,23,22
"V",3,0,5,5,10,9
"V",3,0,5,6,7,7
"V",3,0,5,7,3,3
"V",3,0,5,8,2,2
"V",3,0,6,-1,84,42
"V",3,0,6,-10,1,0
"V",3,0,6,-2,38,14
"V",3,0,6,-3,22,4
"V",3,0,6,-4,7,2
"V",3,0,6,-5,6,0
"V",3,0,6,-6,3,0
"V",3,0,6,-7,4,0
"V",3,0,6,-9,1,0
"V",3,0,6,0,192,125
"V",3,0,6,1,128,96
"V",3,0,6,10,3,3
"V",3,0,6,2,85,57
"V",3,0,6,3,57,51
"V",3,0,6,4,26,24
"V",3,0,6,5,11,10
"V",3,0,6,6,5,5
"V",3,0,6,7,4,4
"V",3,0,6,9,2,2
"V",3,0,7,-1,54,35
"V",3,0,7,-10,1,0
"V",3,0,7,-2,26,10
"V",3,0,7,-3,15,3
"V",3,0,7,-4,8,2
"V",3,0,7,-5,4,0
"V",3,0,7,-6,1,0
"V",3,0,7,-7,3,0
"V",3,0,7,-8,6,0
"V",3,0,7,0,78,51
"V",3,0,7,1,70,54
"V",3,0,7,11,1,1
"V",3,0,7,12,1,1
"V",3,0,7,2,57,46
"V",3,0,7,3,31,29
"V",3,0,7,4,13,13
"V",3,0,7,5,9,7
"V",3,0,7,6,8,8
"V",3,0,7,7,2,2
"V",3,0,7,8,1,1
"V",3,0,7,9,1,1
"V",3,0,8,-1,50,33
"V",3,0,8,-10,1,0
"V",3,0,8,-2,45,23
"V",3,0,8,-3,21,7
"V",3,0,8,-4,12,4
"V",3,0,8,-5,7,2
"V",3,0,8,-6,3,0
"V",3,0,8,-7,5,0
"V",3,0,8,-8,1,0
"V",3,0,8,-9,1,0
"V",3,0,8,0,94,64
"V",3,0,8,1,73,53
"V",3,0,8,2,41,30
"V",3,0,8,3,27,24
"V",3,0,8,4,14,14
"V",3,0,8,5,8,8
"V",3,0,8,6,5,4
"V",3,0,8,7,4,4
"V",3,0,8,8,1,1
"V",3,0,8,9,1,1
"V",3,1,1,-1,3264,1009
"V",3,1,1,-10,13,0
"V",3,1,1,-11,3,0
"V",3,1,1,-14,1,0
"V",3,1,1,-16,2,0
"V",3,1,1,-2,1870,362
"V",3,1,1,-3,897,127
"V",3,1,1,-4,497,42
"V",3,1,1,-5,244,10
"V",3,1,1,-6,129,6
"V",3,1,1,-7,71,1
"V",3,1,1,-8,36,0
"V",3,1,1,-9,20,0
"V",3,1,1,0,6976,3111
"V",3,1,1,1,3166,1755
"V",3,1,1,10,7,7
"V",3,1,1,11,3,3
"V",3,1,1,12,1,1
"V",3,1,1,2,1601,1090
"V",3,1,1,3,874,675
"V",3,1,1,4,430,363
"V",3,1,1,5,248,217
"V",3,1,1,6,130,126
"V",3,1,1,7,55,51
"V",3,1,1,8,26,26
"V",3,1,1,9,12,10
"V",3,1,2,-1,1370,479
"V",3,1,2,-10,4,0
"V",3,1,2,-11,2,0
"V",3,1,2,-12,1,0
"V",3,1,2,-2,796,191
"V",3,1,2,-3,437,72
"V",3,1,2,-4,225,26
"V",3,1,2,-5,125,4
"V",3,1,2,-6,66,6
"V",3,1,2,-7,39,1
"V",3,1,2,-8,22,0
"V",3,1,2,-9,6,0
"V",3,1,2,0,2762,1321
"V",3,1,2,1,1493,882
"V",3,1,2,10,9,9
"V",3,1,2,11,3,3
"V",3,1,2,12,1,1
"V",3,1,2,14,1,1
"V",3,1,2,15,1,1
"V",3,1,2,2,904,648
"V",3,1,2,3,531,421
"V",3,1,2,4,269,233
"V",3,1,2,5,155,134
"V",3,1,2,6,76,71
"V",3,1,2,7,44,39
"V",3,1,2,8,14,12
"V",3,1,2,9,8,8
"V",3,1,3,-1,538,188
"V",3,1,3,-10,2,0
"V",3,1,3,-16,1,0
"V",3,1,3,-2,238,53
"V",3,1,3,-3,130,28
"V",3,1,3,-4,53,12
"V",3,1,3,-5,24,3
"V",3,1,3,-6,16,0
"V",3,1,3,-7,8,0
"V",3,1,3,-8,7,0
"V",3,1,3,-9,1,0
"V",3,1,3,0,1272,627
"V",3,1,3,1,743,484
"V",3,1,3,10,3,3
"V",3,1,3,11,1,1
"V",3,1,3,15,1,1
"V",3,1,3,2,473,345
"V",3,1,3,3,287,222
"V",3,1,3,4,155,131
"V",3,1,3,5,84,79
"V",3,1,3,6,44,41
"V",3,1,3,7,20,18
"V",3,1,3,8,10,10
"V",3,1,3,9,5,5
"V",3,1,4,-1,413,167
"V",3,1,4,-10,1,0
"V",3,1,4,-11,1,0
"V",3,1,4,-2,271,92
"V",3,1,4,-3,129,22
"V",3,1,4,-4,72,9
"V",3,1,4,-5,38,1
"V",3,1,4,-6,25,2
"V",3,1,4,-7,11,1
"V",3,1,4,-8,10,0
"V",3,1,4,-9,2,0
"V",3,1,4,0,752,393
"V",3,1,4,1,464,307
"V",3,1,4,10,4,4
"V",3,1,4,11,1,1
"V",3,1,4,13,1,1
"V",3,1,4,14,1,1
"V",3,1,4,15,1,1
"V",3,1,4,2,289,218
"V",3,1,4,3,196,163
"V",3,1,4,4,107,92
"V",3,1,4,5,61,55
"V",3,1,4,6,36,35
"V",3,1,4,7,19,15
"V",3,1,4,8,5,5
"V",3,1,4,9,4,4
"V",3,1,5,-1,187,81
"V",3,1,5,-2,72,20
"V",3,1,5,-3,30,1
"V",3,1,5,-4,15,2
"V",3,1,5,-5,12,1
"V",3,1,5,-6,5,0
"V",3,1,5,-7,6,0
"V",3,1,5,-8,2,0
"V",3,1,5,0,360,189
"V",3,1,5,1,319,215
"V",3,1,5,10,4,4
"V",3,1,5,11,1,1
"V",3,1,5,13,1,1
"V",3,1,5,2,248,185
"V",3,1,5,3,145,116
"V",3,1,5,4,82,72
"V",3,1,5,5,42,40
"V",3,1,5,6,23,20
"V",3,1,5,7,12,12
"V",3,1,5,8,3,3
"V",3,1,6,-1,205,87
"V",3,1,6,-10,1,0
"V",3,1,6,-2,104,32
"V",3,1,6,-3,56,10
"V",3,1,6,-4,30,4
"V",3,1,6,-5,22,2
"V",3,1,6,-6,5,0
"V",3,1,6,-7,2,0
"V",3,1,6,-8,4,0
"V",3,1,6,-9,1,0
"V",3,1,6,0,400,221
"V",3,1,6,1,332,225
"V",3,1,6,10,5,5
"V",3,1,6,11,2,2
"V",3,1,6,12,1,1
"V",3,1,6,13,1,1
"V",3,1,6,2,249,185
"V",3,1,6,3,137,111
"V",3,1,6,4,74,63
"V",3,1,6,5,34,29
"V",3,1,6,6,14,13
"V",3,1,6,7,11,11
"V",3,1,6,8,7,7
"V",3,1,6,9,4,4
"V",3,1,7,-1,167,76
"V",3,1,7,-10,2,0
"V",3,1,7,-2,82,26
"V",3,1,7,-3,44,15
"V",3,1,7,-4,28,6
"V",3,1,7,-5,8,1
"V",3,1,7,-6,3,0
"V",3,1,7,-7,5,0
"V",3,1,7,-8,2,0
"V",3,1,7,0,363,213
"V",3,1,7,1,267,184
"V",3,1,7,12,2,2
"V",3,1,7,13,1,1
"V",3,1,7,2,178,145
"V",3,1,7,3,110,90
"V",3,1,7,4,71,61
"V",3,1,7,5,31,29
"V",3,1,7,6,20,20
"V",3,1,7,7,11,11
"V",3,1,7,8,7,7
"V",3,1,7,9,4,4
"V",3,1,8,-1,132,69
"V",3,1,8,-10,1,0
"V",3,1,8,-2,68,23
"V",3,1,8,-3,29,8
"V",3,1,8,-4,21,3
"V",3,1,8,-5,9,0
"V",3,1,8,-6,5,0
"V",3,1,8,-7,8,1
"V",3,1,8,-8,5,0
"V",3,1,8,-9,1,0
"V",3,1,8,0,238,148
"V",3,1,8,1,178,123
"V",3,1,8,2,108,88
"V",3,1,8,3,57,48
"V",3,1,8,4,33,30
"V",3,1,8,5,24,22
"V",3,1,8,6,8,8
"V",3,1,8,7,5,5
"V",3,1,8,8,3,3
"V",3,1,8,9,1,1
"V",3,2,1,-1,2508,726
"V",3,2,1,-10,7,0
"V",3,2,1,-11,2,0
"V",3,2,1,-14,1,0
"V",3,2,1,-16,1,0
"V",3,2,1,-2,1434,253
"V",3,2,1,-3,633,78
"V",3,2,1,-4,366,25
"V",3,2,1,-5,174,7
"V",3,2,1,-6,102,4
"V",3,2,1,-7,46,1
"V",3,2,1,-8,25,0
"V",3,2,1,-9,16,0
"V",3,2,1,0,5339,2266
"V",3,2,1,1,2522,1366
"V",3,2,1,10,4,4
"V",3,2,1,11,4,4
"V",3,2,1,12,2,2
"V",3,2,1,13,1,1
"V",3,2,1,2,1343,883
"V",3,2,1,3,782,589
"V",3,2,1,4,410,335
"V",3,2,1,5,242,214
"V",3,2,1,6,117,110
"V",3,2,1,7,47,45
"V",3,2,1,8,33,33
"V",3,2,1,9,15,12
"V",3,2,2,-1,1348,415
"V",3,2,2,-10,2,0
"V",3,2,2,-11,2,0
"V",3,2,2,-12,1,0
"V",3,2,2,-15,1,0
"V",3,2,2,-2,735,152
"V",3,2,2,-3,384,57
"V",3,2,2,-4,233,22
"V",3,2,2,-5,118,5
"V",3,2,2,-6,59,5
"V",3,2,2,-7,40,0
"V",3,2,2,-8,16,0
"V",3,2,2,-9,7,0
"V",3,2,2,0,2689,1173
"V",3,2,2,1,1600,891
"V",3,2,2,10,5,5
"V",3,2,2,11,7,7
"V",3,2,2,12,4,4
"V",3,2,2,14,2,2
"V",3,2,2,2,1020,704
"V",3,2,2,3,612,474
"V",3,2,2,4,351,304
"V",3,2,2,5,203,179
"V",3,2,2,6,88,84
"V",3,2,2,7,54,51
"V",3,2,2,8,27,26
"V",3,2,2,9,15,14
"V",3,2,3,-1,667,211
"V",3,2,3,-10,4,0
"V",3,2,3,-16,1,0
"V",3,2,3,-2,339,63
"V",3,2,3,-3,141,23
"V",3,2,3,-4,68,13
"V",3,2,3,-5,33,2
"V",3,2,3,-6,16,0
"V",3,2,3,-7,8,0
"V",3,2,3,-8,4,0
"V",3,2,3,-9,2,0
"V",3,2,3,0,1485,680
"V",3,2,3,1,979,568
"V",3,2,3,10,6,6
"V",3,2,3,11,3,3
"V",3,2,3,12,1,1
"V",3,2,3,13,1,1
"V",3,2,3,2,668,465
"V",3,2,3,3,452,358
"V",3,2,3,4,254,207
"V",3,2,3,5,140,128
"V",3,2,3,6,69,63
"V",3,2,3,7,29,24
"V",3,2,3,8,16,15
"V",3,2,3,9,6,6
"V",3,2,4,-1,470,161
"V",3,2,4,-10,2,0
"V",3,2,4,-11,1,0
"V",3,2,4,-12,1,0
"V",3,2,4,-2,280,69
"V",3,2,4,-3,159,22
"V",3,2,4,-4,90,12
"V",3,2,4,-5,43,2
"V",3,2,4,-6,30,1
"V",3,2,4,-7,13,0
"V",3,2,4,-8,7,0
"V",3,2,4,-9,3,0
"V",3,2,4,0,850,380
"V",3,2,4,1,527,297
"V",3,2,4,10,2,2
"V",3,2,4,11,2,2
"V",3,2,4,14,1,1
"V",3,2,4,2,392,290
"V",3,2,4,3,242,192
"V",3,2,4,4,169,149
"V",3,2,4,5,82,67
"V",3,2,4,6,42,41
"V",3,2,4,7,27,23
"V",3,2,4,8,14,14
"V",3,2,4,9,4,4
"V",3,2,5,-1,263,83
"V",3,2,5,-2,121,22
"V",3,2,5,-3,70,12
"V",3,2,5,-4,32,5
"V",3,2,5,-5,23,0
"V",3,2,5,-6,11,0
"V",3,2,5,-7,2,0
"V",3,2,5,-8,4,0
"V",3,2,5,-9,1,0
"V",3,2,5,0,530,245
"V",3,2,5,1,472,286
"V",3,2,5,10,8,8
"V",3,2,5,11,3,3
"V",3,2,5,15,1,1
"V",3,2,5,2,353,244
"V",3,2,5,3,215,162
"V",3,2,5,4,120,105
"V",3,2,5,5,67,62
"V",3,2,5,6,38,34
"V",3,2,5,7,20,19
"V",3,2,5,8,11,11
"V",3,2,5,9,5,5
"V",3,2,6,-1,230,82
"V",3,2,6,-2,141,40
"V",3,2,6,-3,81,16
"V",3,2,6,-4,36,2
"V",3,2,6,-5,23,4
"V",3,2,6,-6,16,2
"V",3,2,6,-7,3,0
"V",3,2,6,-8,4,0
"V",3,2,6,0,489,247
"V",3,2,6,1,401,249
"V",3,2,6,10,2,2
"V",3,2,6,2,302,205
"V",3,2,6,3,177,142
"V",3,2,6,4,99,80
"V",3,2,6,5,56,47
"V",3,2,6,6,31,30
"V",3,2,6,7,17,17
"V",3,2,6,8,7,6
"V",3,2,6,9,4,3
"V",3,2,7,-1,155,68
"V",3,2,7,-10,1,0
"V",3,2,7,-15,1,0
"V",3,2,7,-2,80,26
"V",3,2,7,-3,49,9
"V",3,2,7,-4,24,0
"V",3,2,7,-5,10,1
"V",3,2,7,-6,7,0
"V",3,2,7,-7,10,0
"V",3,2,7,-8,4,0
"V",3,2,7,0,332,174
"V",3,2,7,1,261,155
"V",3,2,7,10,2,2
"V",3,2,7,11,2,2
"V",3,2,7,12,1,1
"V",3,2,7,2,174,126
"V",3,2,7,3,128,109
"V",3,2,7,4,90,76
"V",3,2,7,5,25,22
"V",3,2,7,6,26,24
"V",3,2,7,7,9,7
"V",3,2,7,8,6,6
"V",3,2,7,9,4,4
"V",3,2,8,-1,149,67
"V",3,2,8,-10,1,0
"V",3,2,8,-2,87,25
"V",3,2,8,-3,41,10
"V",3,2,8,-4,30,7
"V",3,2,8,-5,12,2
"V",3,2,8,-6,9,0
"V",3,2,8,-7,5,0
"V",3,2,8,-8,3,0
"V",3,2,8,0,269,139
"V",3,2,8,1,193,115
"V",3,2,8,10,2,2
"V",3,2,8,2,144,108
"V",3,2,8,3,77,67
"V",3,2,8,4,54,46
"V",3,2,8,5,23,22
"V",3,2,8,6,17,15
"V",3,2,8,7,6,5
"V",3,2,8,8,3,3
"V",3,2,8,9,3,3
"V",4,0,1,-1,4384,1456
"V",4,0,1,-10,32,0
"V",4,0,1,-11,11,0
"V",4,0,1,-12,10,0
"V",4,0,1,-13,2,0
"V",4,0,1,-14,1,0
"V",4,0,1,-15,1,0
"V",4,0,1,-16,1,0
"V",4,0,1,-17,1,0
"V",4,0,1,-2,2922,626
"V",4,0,1,-3,1829,254
"V",4,0,1,-4,1177,104
"V",4,0,1,-5,693,43
"V",4,0,1,-6,358,16
"V",4,0,1,-7,165,4
"V",4,0,1,-8,102,0
"V",4,0,1,-9,54,0
"V",4,0,1,0,7167,3315
"V",4,0,1,1,4215,2558
"V",4,0,1,10,18,18
"V",4,0,1,11,10,10
"V",4,0,1,12,5,5
"V",4,0,1,13,2,2
"V",4,0,1,14,3,3
"V",4,0,1,15,1,1
"V",4,0,1,2,2601,1858
"V",4,0,1,3,1614,1306
"V",4,0,1,4,923,811
"V",4,0,1,5,533,491
"V",4,0,1,6,277,258
"V",4,0,1,7,131,122
"V",4,0,1,8,71,69
"V",4,0,1,9,29,28
"V",4,0,2,-1,1191,447
"V",4,0,2,-10,10,0
"V",4,0,2,-11,1,0
"V",4,0,2,-12,3,0
"V",4,0,2,-16,1,0
"V",4,0,2,-2,872,218
"V",4,0,2,-3,529,103
"V",4,0,2,-4,356,45
"V",4,0,2,-5,204,7
"V",4,0,2,-6,87,2
"V",4,0,2,-7,57,0
"V",4,0,2,-8,23,0
"V",4,0,2,-9,12,0
"V",4,0,2,0,1984,1019
"V",4,0,2,1,1229,804
"V",4,0,2,10,6,6
"V",4,0,2,11,1,1
"V",4,0,2,12,1,1
"V",4,0,2,15,1,1
"V",4,0,2,2,753,577
"V",4,0,2,3,487,413
"V",4,0,2,4,265,231
"V",4,0,2,5,144,132
"V",4,0,2,6,69,65
"V",4,0,2,7,33,31
"V",4,0,2,8,27,27
"V",4,0,2,9,10,10
"V",4,0,3,-1,290,114
"V",4,0,3,-11,2,0
"V",4,0,3,-2,175,56
"V",4,0,3,-3,126,26
"V",4,0,3,-4,74,4
"V",4,0,3,-5,51,5
"V",4,0,3,-6,24,1
"V",4,0,3,-7,5,1
"V",4,0,3,-8,8,0
"V",4,0,3,-9,2,0
"V",4,0,3,0,465,261
"V",4,0,3,1,331,219
"V",4,0,3,10,1,1
"V",4,0,3,11,3,3
"V",4,0,3,12,1,1
"V",4,0,3,13,1,1
"V",4,0,3,2,212,158
"V",4,0,3,3,133,113
"V",4,0,3,4,67,61
"V",4,0,3,5,37,32
"V",4,0,3,6,24,23
"V",4,0,3,7,12,12
"V",4,0,3,8,9,8
"V",4,0,3,9,2,2
"V",4,0,4,-1,223,95
"V",4,0,4,-11,1,0
"V",4,0,4,-12,1,0
"V",4,0,4,-2,201,69
"V",4,0,4,-3,132,34
"V",4,0,4,-4,77,16
"V",4,0,4,-5,55,1
"V",4,0,4,-6,21,1
"V",4,0,4,-7,16,1
"V",4,0,4,-8,11,0
"V",4,0,4,-9,2,0
"V",4,0,4,0,361,213
"V",4,0,4,1,264,191
"V",4,0,4,11,2,2
"V",4,0,4,2,163,131
"V",4,0,4,3,84,74
"V",4,0,4,4,63,55
"V",4,0,4,5,34,30
"V",4,0,4,6,13,12
"V",4,0,4,7,5,5
"V",4,0,4,8,3,3
"V",4,0,4,9,3,3
"V",4,0,5,-1,96,38
"V",4,0,5,-10,1,0
"V",4,0,5,-2,53,16
"V",4,0,5,-3,30,8
"V",4,0,5,-4,19,0
"V",4,0,5,-5,12,0
"V",4,0,5,-6,5,0
"V",4,0,5,-7,5,1
"V",4,0,5,-8,3,0
"V",4,0,5,-9,1,0
"V",4,0,5,0,141,82
"V",4,0,5,1,114,72
"V",4,0,5,11,1,1
"V",4,0,5,2,65,49
"V",4,0,5,3,35,31
"V",4,0,5,4,22,19
"V",4,0,5,5,13,13
"V",4,0,5,6,6,6
"V",4,0,5,7,4,4
"V",4,0,5,8,3,3
"V",4,0,5,9,2,2
"V",4,0,6,-1,123,60
"V",4,0,6,-10,3,0
"V",4,0,6,-2,89,24
"V",4,0,6,-3,54,11
"V",4,0,6,-4,39,3
"V",4,0,6,-5,19,4
"V",4,0,6,-6,12,0
"V",4,0,6,-7,6,0
"V",4,0,6,-8,4,0
"V",4,0,6,0,190,116
"V",4,0,6,1,131,92
"V",4,0,6,10,1,1
"V",4,0,6,2,64,51
"V",4,0,6,3,51,43
"V",4,0,6,4,25,22
"V",4,0,6,5,10,10
"V",4,0,6,6,9,9
"V",4,0,6,7,6,6
"V",4,0,6,8,2,2
"V",4,0,6,9,2,2
"V",4,0,7,-1,67,38
"V",4,0,7,-2,33,10
"V",4,0,7,-3,28,6
"V",4,0,7,-4,15,1
"V",4,0,7,-5,6,0
"V",4,0,7,-6,4,1
"V",4,0,7,-7,8,0
"V",4,0,7,-9,2,0
"V",4,0,7,0,107,66
"V",4,0,7,1,64,49
"V",4,0,7,12,1,1
"V",4,0,7,2,43,35
"V",4,0,7,3,26,25
"V",4,0,7,4,11,11
"V",4,0,7,5,16,15
"V",4,0,7,6,4,4
"V",4,0,7,7,3,3
"V",4,0,7,8,1,1
"V",4,0,8,-1,62,33
"V",4,0,8,-2,48,22
"V",4,0,8,-3,32,13
"V",4,0,8,-4,20,5
"V",4,0,8,-5,9,0
"V",4,0,8,-6,3,1
"V",4,0,8,-7,5,0
"V",4,0,8,-9,1,0
"V",4,0,8,0,83,58
"V",4,0,8,1,67,52
"V",4,0,8,2,42,33
"V",4,0,8,3,31,29
"V",4,0,8,4,16,14
"V",4,0,8,5,13,13
"V",4,0,8,6,7,6
"V",4,0,8,7,3,3
"V",4,0,8,8,1,1
"V",4,0,8,9,1,1
"V",4,1,1,-1,2965,902
"V",4,1,1,-10,22,0
"V",4,1,1,-11,8,0
"V",4,1,1,-12,7,0
"V",4,1,1,-13,2,0
"V",4,1,1,-14,1,0
"V",4,1,1,-15,1,0
"V",4,1,1,-17,1,0
"V",4,1,1,-2,1923,361
"V",4,1,1,-3,1186,125
"V",4,1,1,-4,757,54
"V",4,1,1,-5,445,30
"V",4,1,1,-6,246,13
"V",4,1,1,-7,104,2
"V",4,1,1,-8,68,0
"V",4,1,1,-9,40,0
"V",4,1,1,0,4825,2068
"V",4,1,1,1,2878,1657
"V",4,1,1,10,17,17
"V",4,1,1,11,5,5
"V",4,1,1,12,3,3
"V",4,1,1,13,2,2
"V",4,1,1,14,3,3
"V",4,1,1,16,1,1
"V",4,1,1,2,1820,1263
"V",4,1,1,3,1135,900
"V",4,1,1,4,657,569
"V",4,1,1,5,387,362
"V",4,1,1,6,215,199
"V",4,1,1,7,101,94
"V",4,1,1,8,53,51
"V",4,1,1,9,28,27
"V",4,1,2,-1,1336,454
"V",4,1,2,-10,10,0
"V",4,1,2,-11,5,0
"V",4,1,2,-12,1,0
"V",4,1,2,-14,1,0
"V",4,1,2,-2,986,219
"V",4,1,2,-3,579,78
"V",4,1,2,-4,421,41
"V",4,1,2,-5,209,17
"V",4,1,2,-6,101,3
"V",4,1,2,-7,53,2
"V",4,1,2,-8,26,0
"V",4,1,2,-9,17,0
"V",4,1,2,0,2152,1002
"V",4,1,2,1,1430,869
"V",4,1,2,10,7,7
"V",4,1,2,11,1,1
"V",4,1,2,12,5,5
"V",4,1,2,14,1,1
"V",4,1,2,15,1,1
"V",4,1,2,2,921,679
"V",4,1,2,3,593,486
"V",4,1,2,4,358,318
"V",4,1,2,5,195,181
"V",4,1,2,6,121,113
"V",4,1,2,7,69,64
"V",4,1,2,8,34,34
"V",4,1,2,9,16,15
"V",4,1,3,-1,586,230
"V",4,1,3,-10,4,0
"V",4,1,3,-15,1,0
"V",4,1,3,-16,1,0
"V",4,1,3,-2,291,62
"V",4,1,3,-3,184,25
"V",4,1,3,-4,108,9
"V",4,1,3,-5,55,5
"V",4,1,3,-6,37,2
"V",4,1,3,-7,15,0
"V",4,1,3,-8,5,0
"V",4,1,3,-9,4,0
"V",4,1,3,0,1007,525
"V",4,1,3,1,774,503
"V",4,1,3,10,5,5
"V",4,1,3,11,4,4
"V",4,1,3,13,1,1
"V",4,1,3,14,1,1
"V",4,1,3,2,523,393
"V",4,1,3,3,332,276
"V",4,1,3,4,196,169
"V",4,1,3,5,136,121
"V",4,1,3,6,71,67
"V",4,1,3,7,26,25
"V",4,1,3,8,24,23
"V",4,1,3,9,7,7
"V",4,1,4,-1,357,144
"V",4,1,4,-10,5,0
"V",4,1,4,-14,1,0
"V",4,1,4,-2,297,74
"V",4,1,4,-3,198,36
"V",4,1,4,-4,135,19
"V",4,1,4,-5,66,5
"V",4,1,4,-6,34,4
"V",4,1,4,-7,15,1
"V",4,1,4,-8,9,0
"V",4,1,4,-9,6,0
"V",4,1,4,0,569,301
"V",4,1,4,1,441,291
"V",4,1,4,10,4,4
"V",4,1,4,11,1,1
"V",4,1,4,2,294,223
"V",4,1,4,3,195,160
"V",4,1,4,4,129,116
"V",4,1,4,5,76,67
"V",4,1,4,6,51,48
"V",4,1,4,7,22,21
"V",4,1,4,8,11,11
"V",4,1,4,9,12,11
"V",4,1,5,-1,239,100
"V",4,1,5,-11,1,0
"V",4,1,5,-2,110,37
"V",4,1,5,-3,66,13
"V",4,1,5,-4,39,4
"V",4,1,5,-5,37,3
"V",4,1,5,-6,11,1
"V",4,1,5,-7,3,0
"V",4,1,5,-8,7,0
"V",4,1,5,-9,1,0
"V",4,1,5,0,374,207
"V",4,1,5,1,318,209
"V",4,1,5,10,4,4
"V",4,1,5,11,3,3
"V",4,1,5,12,1,1
"V",4,1,5,2,230,177
"V",4,1,5,3,144,126
"V",4,1,5,4,85,74
"V",4,1,5,5,59,52
"V",4,1,5,6,37,36
"V",4,1,5,7,23,23
"V",4,1,5,8,11,11
"V",4,1,5,9,5,5
"V",4,1,6,-1,226,107
"V",4,1,6,-10,1,0
"V",4,1,6,-11,1,0
"V",4,1,6,-12,1,0
"V",4,1,6,-2,149,36
"V",4,1,6,-3,78,14
"V",4,1,6,-4,59,8
"V",4,1,6,-5,35,5
"V",4,1,6,-6,15,0
"V",4,1,6,-7,4,0
"V",4,1,6,-8,3,0
"V",4,1,6,-9,1,0
"V",4,1,6,0,320,180
"V",4,1,6,1,249,172
"V",4,1,6,10,1,1
"V",4,1,6,14,1,1
"V",4,1,6,2,186,145
"V",4,1,6,3,145,116
"V",4,1,6,4,81,71
"V",4,1,6,5,69,65
"V",4,1,6,6,31,30
"V",4,1,6,7,26,26
"V",4,1,6,8,12,11
"V",4,1,6,9,3,3
"V",4,1,7,-1,164,57
"V",4,1,7,-2,132,40
"V",4,1,7,-3,45,11
"V",4,1,7,-4,31,6
"V",4,1,7,-5,14,0
"V",4,1,7,-6,12,1
"V",4,1,7,-7,6,0
"V",4,1,7,-8,1,0
"V",4,1,7,-9,2,0
"V",4,1,7,0,286,154
"V",4,1,7,1,230,173
"V",4,1,7,10,3,3
"V",4,1,7,11,1,1
"V",4,1,7,12,1,1
"V",4,1,7,2,139,114
"V",4,1,7,3,103,88
"V",4,1,7,4,81,74
"V",4,1,7,5,44,40
"V",4,1,7,6,21,20
"V",4,1,7,7,6,6
"V",4,1,7,8,9,9
"V",4,1,7,9,3,3
"V",4,1,8,-1,118,58
"V",4,1,8,-10,2,0
"V",4,1,8,-14,1,0
"V",4,1,8,-2,78,27
"V",4,1,8,-3,56,12
"V",4,1,8,-4,40,7
"V",4,1,8,-5,20,3
"V",4,1,8,-6,9,1
"V",4,1,8,-7,6,0
"V",4,1,8,-8,1,0
"V",4,1,8,0,179,101
"V",4,1,8,1,158,114
"V",4,1,8,2,121,100
"V",4,1,8,3,65,59
"V",4,1,8,4,42,39
"V",4,1,8,5,35,35
"V",4,1,8,6,15,14
"V",4,1,8,7,13,13
"V",4,1,8,8,4,4
"V",4,1,8,9,3,2
"V",4,2,1,-1,2227,601
"V",4,2,1,-10,15,0
"V",4,2,1,-11,3,0
"V",4,2,1,-12,7,0
"V",4,2,1,-13,2,0
"V",4,2,1,-15,1,0
"V",4,2,1,-17,1,0
"V",4,2,1,-2,1423,242
"V",4,2,1,-3,888,82
"V",4,2,1,-4,535,33
"V",4,2,1,-5,336,14
"V",4,2,1,-6,182,9
"V",4,2,1,-7,75,0
"V",4,2,1,-8,47,0
"V",4,2,1,-9,29,0
"V",4,2,1,0,3636,1484
"V",4,2,1,1,2276,1269
"V",4,2,1,10,21,21
"V",4,2,1,11,6,6
"V",4,2,1,12,6,6
"V",4,2,1,13,2,2
"V",4,2,1,14,1,1
"V",4,2,1,16,1,1
"V",4,2,1,2,1512,1035
"V",4,2,1,3,969,765
"V",4,2,1,4,588,503
"V",4,2,1,5,339,313
"V",4,2,1,6,191,179
"V",4,2,1,7,91,84
"V",4,2,1,8,50,48
"V",4,2,1,9,32,32
"V",4,2,2,-1,1248,384
"V",4,2,2,-10,6,0
"V",4,2,2,-11,5,0
"V",4,2,2,-12,3,0
"V",4,2,2,-15,1,0
"V",4,2,2,-17,1,0
"V",4,2,2,-2,854,170
"V",4,2,2,-3,542,59
"V",4,2,2,-4,362,23
"V",4,2,2,-5,201,13
"V",4,2,2,-6,96,3
"V",4,2,2,-7,53,1
"V",4,2,2,-8,24,0
"V",4,2,2,-9,19,0
"V",4,2,2,0,1927,837
"V",4,2,2,1,1424,808
"V",4,2,2,10,15,15
"V",4,2,2,11,4,4
"V",4,2,2,12,5,5
"V",4,2,2,13,1,1
"V",4,2,2,15,1,1
"V",4,2,2,16,1,1
"V",4,2,2,2,960,680
"V",4,2,2,3,671,536
"V",4,2,2,4,415,362
"V",4,2,2,5,258,231
"V",4,2,2,6,160,153
"V",4,2,2,7,88,84
"V",4,2,2,8,46,45
"V",4,2,2,9,21,20
"V",4,2,3,-1,678,212
"V",4,2,3,-10,4,0
"V",4,2,3,-11,1,0
"V",4,2,3,-2,359,66
"V",4,2,3,-3,201,26
"V",4,2,3,-4,126,6
"V",4,2,3,-5,75,6
"V",4,2,3,-6,50,0
"V",4,2,3,-7,19,0
"V",4,2,3,-8,13,0
"V",4,2,3,-9,3,0
"V",4,2,3,0,1106,495
"V",4,2,3,1,872,531
"V",4,2,3,10,7,7
"V",4,2,3,11,6,6
"V",4,2,3,12,2,2
"V",4,2,3,13,3,3
"V",4,2,3,15,1,1
"V",4,2,3,2,627,449
"V",4,2,3,3,439,353
"V",4,2,3,4,317,278
"V",4,2,3,5,196,176
"V",4,2,3,6,109,105
"V",4,2,3,7,51,50
"V",4,2,3,8,41,41
"V",4,2,3,9,20,20
"V",4,2,4,-1,433,161
"V",4,2,4,-10,4,0
"V",4,2,4,-11,3,0
"V",4,2,4,-12,1,0
"V",4,2,4,-2,301,73
"V",4,2,4,-3,219,34
"V",4,2,4,-4,145,11
"V",4,2,4,-5,84,7
"V",4,2,4,-6,41,0
"V",4,2,4,-7,25,1
"V",4,2,4,-8,9,0
"V",4,2,4,-9,10,0
"V",4,2,4,0,608,310
"V",4,2,4,1,564,345
"V",4,2,4,10,5,5
"V",4,2,4,11,1,1
"V",4,2,4,13,1,1
"V",4,2,4,2,374,271
"V",4,2,4,3,244,190
"V",4,2,4,4,176,149
"V",4,2,4,5,93,80
"V",4,2,4,6,59,56
"V",4,2,4,7,32,29
"V",4,2,4,8,19,19
"V",4,2,4,9,7,7
"V",4,2,5,-1,286,86
"V",4,2,5,-10,1,0
"V",4,2,5,-15,1,0
"V",4,2,5,-2,163,30
"V",4,2,5,-3,101,10
"V",4,2,5,-4,52,9
"V",4,2,5,-5,36,0
"V",4,2,5,-6,19,3
"V",4,2,5,-7,12,0
"V",4,2,5,-8,7,0
"V",4,2,5,-9,2,0
"V",4,2,5,0,517,231
"V",4,2,5,1,415,258
"V",4,2,5,10,11,11
"V",4,2,5,11,2,2
"V",4,2,5,12,1,1
"V",4,2,5,2,306,210
"V",4,2,5,3,186,157
"V",4,2,5,4,119,106
"V",4,2,5,5,88,76
"V",4,2,5,6,46,43
"V",4,2,5,7,32,31
"V",4,2,5,8,16,16
"V",4,2,5,9,5,5
"V",4,2,6,-1,233,98
"V",4,2,6,-15,1,0
"V",4,2,6,-2,155,27
"V",4,2,6,-3,97,13
"V",4,2,6,-4,68,8
"V",4,2,6,-5,26,2
"V",4,2,6,-6,17,1
"V",4,2,6,-7,4,0
"V",4,2,6,-8,1,0
"V",4,2,6,0,369,177
"V",4,2,6,1,306,187
"V",4,2,6,10,3,3
"V",4,2,6,11,3,3
"V",4,2,6,12,1,1
"V",4,2,6,15,1,1
"V",4,2,6,2,218,165
"V",4,2,6,3,166,131
"V",4,2,6,4,95,87
"V",4,2,6,5,99,91
"V",4,2,6,6,53,50
"V",4,2,6,7,26,25
"V",4,2,6,8,9,9
"V",4,2,6,9,7,7
"V",4,2,7,-1,182,64
"V",4,2,7,-13,1,0
"V",4,2,7,-2,113,25
"V",4,2,7,-3,46,6
"V",4,2,7,-4,47,8
"V",4,2,7,-5,28,3
"V",4,2,7,-6,13,1
"V",4,2,7,-7,4,0
"V",4,2,7,-8,2,0
"V",4,2,7,-9,1,0
"V",4,2,7,0,254,117
"V",4,2,7,1,260,167
"V",4,2,7,10,2,2
"V",4,2,7,11,1,1
"V",4,2,7,12,2,2
"V",4,2,7,2,160,128
"V",4,2,7,3,122,92
"V",4,2,7,4,85,72
"V",4,2,7,5,50,48
"V",4,2,7,6,29,28
"V",4,2,7,7,17,16
"V",4,2,7,8,5,5
"V",4,2,7,9,4,4
"V",4,2,8,-1,142,50
"V",4,2,8,-10,2,0
"V",4,2,8,-12,1,0
"V",4,2,8,-2,88,21
"V",4,2,8,-3,62,12
"V",4,2,8,-4,41,7
"V",4,2,8,-5,17,2
"V",4,2,8,-6,9,0
"V",4,2,8,-7,9,0
"V",4,2,8,-8,1,0
"V",4,2,8,-9,1,0
"V",4,2,8,0,201,97
"V",4,2,8,1,189,112
"V",4,2,8,2,128,90
"V",4,2,8,3,78,63
"V",4,2,8,4,63,53
"V",4,2,8,5,47,43
"V",4,2,8,6,24,23
"V",4,2,8,7,14,13
"V",4,2,8,8,8,7
"V",4,2,8,9,3,2
"V",5,0,1,-1,4233,1353
"V",5,0,1,-10,57,0
"V",5,0,1,-11,29,0
"V",5,0,1,-12,16,0
"V",5,0,1,-13,8,0
"V",5,0,1,-14,5,0
"V",5,0,1,-15,3,0
"V",5,0,1,-16,1,0
"V",5,0,1,-17,2,0
"V",5,0,1,-19,1,0
"V",5,0,1,-2,3136,620
"V",5,0,1,-3,2103,264
"V",5,0,1,-4,1304,82
"V",5,0,1,-5,787,36
"V",5,0,1,-6,493,17
"V",5,0,1,-7,305,3
"V",5,0,1,-8,155,1
"V",5,0,1,-9,123,0
"V",5,0,1,0,5445,2509
"V",5,0,1,1,3975,2507
"V",5,0,1,10,35,35
"V",5,0,1,11,14,14
"V",5,0,1,12,9,9
"V",5,0,1,13,5,5
"V",5,0,1,14,1,1
"V",5,0,1,15,3,3
"V",5,0,1,2,2655,1997
"V",5,0,1,3,1776,1490
"V",5,0,1,4,1090,965
"V",5,0,1,5,683,639
"V",5,0,1,6,405,386
"V",5,0,1,7,202,195
"V",5,0,1,8,111,111
"V",5,0,1,9,59,58
"V",5,0,2,-1,1155,455
"V",5,0,2,-10,19,0
"V",5,0,2,-11,10,0
"V",5,0,2,-12,6,0
"V",5,0,2,-13,2,0
"V",5,0,2,-14,1,0
"V",5,0,2,-15,2,0
"V",5,0,2,-16,1,0
"V",5,0,2,-19,1,0
"V",5,0,2,-2,858,226
"V",5,0,2,-3,544,97
"V",5,0,2,-4,327,22
"V",5,0,2,-5,255,15
"V",5,0,2,-6,141,5
"V",5,0,2,-7,70,0
"V",5,0,2,-8,43,1
"V",5,0,2,-9,37,0
"V",5,0,2,0,1427,724
"V",5,0,2,1,1050,692
"V",5,0,2,10,14,14
"V",5,0,2,11,4,4
"V",5,0,2,12,4,4
"V",5,0,2,13,1,1
"V",5,0,2,14,1,1
"V",5,0,2,15,1,1
"V",5,0,2,2,735,576
"V",5,0,2,3,497,424
"V",5,0,2,4,356,320
"V",5,0,2,5,185,174
"V",5,0,2,6,136,130
"V",5,0,2,7,69,68
"V",5,0,2,8,28,28
"V",5,0,2,9,15,15
"V",5,0,3,-1,223,98
"V",5,0,3,-10,5,0
"V",5,0,3,-11,1,0
"V",5,0,3,-12,2,0
"V",5,0,3,-2,160,40
"V",5,0,3,-3,111,23
"V",5,0,3,-4,74,6
"V",5,0,3,-5,44,4
"V",5,0,3,-6,21,2
"V",5,0,3,-7,14,0
"V",5,0,3,-8,14,0
"V",5,0,3,-9,12,0
"V",5,0,3,0,352,195
"V",5,0,3,1,233,178
"V",5,0,3,10,4,4
"V",5,0,3,11,1,1
"V",5,0,3,12,1,1
"V",5,0,3,2,182,144
"V",5,0,3,3,130,107
"V",5,0,3,4,92,85
"V",5,0,3,5,57,55
"V",5,0,3,6,30,28
"V",5,0,3,7,20,20
"V",5,0,3,8,12,12
"V",5,0,3,9,7,7
"V",5,0,4,-1,219,111
"V",5,0,4,-10,3,0
"V",5,0,4,-11,2,0
"V",5,0,4,-12,2,0
"V",5,0,4,-14,1,0
"V",5,0,4,-15,1,0
"V",5,0,4,-16,1,0
"V",5,0,4,-19,1,0
"V",5,0,4,-2,218,82
"V",5,0,4,-3,139,34
"V",5,0,4,-4,77,11
"V",5,0,4,-5,65,9
"V",5,0,4,-6,37,0
"V",5,0,4,-7,17,0
"V",5,0,4,-8,11,1
"V",5,0,4,-9,11,0
"V",5,0,4,0,287,172
"V",5,0,4,1,186,142
"V",5,0,4,10,3,3
"V",5,0,4,11,2,2
"V",5,0,4,12,1,1
"V",5,0,4,2,168,137
"V",5,0,4,3,116,102
"V",5,0,4,4,73,66
"V",5,0,4,5,53,50
"V",5,0,4,6,22,20
"V",5,0,4,7,19,18
"V",5,0,4,8,5,5
"V",5,0,4,9,4,4
"V",5,0,5,-1,61,21
"V",5,0,5,-13,1,0
"V",5,0,5,-2,42,11
"V",5,0,5,-3,32,8
"V",5,0,5,-4,17,2
"V",5,0,5,-5,13,2
"V",5,0,5,-6,5,0
"V",5,0,5,-7,3,1
"V",5,0,5,-8,5,0
"V",5,0,5,-9,3,0
"V",5,0,5,0,83,51
"V",5,0,5,1,83,58
"V",5,0,5,15,1,1
"V",5,0,5,2,59,49
"V",5,0,5,3,49,42
"V",5,0,5,4,33,32
"V",5,0,5,5,17,16
"V",5,0,5,6,13,13
"V",5,0,5,7,7,7
"V",5,0,5,8,5,5
"V",5,0,5,9,2,2
"V",5,0,6,-1,80,41
"V",5,0,6,-10,2,0
"V",5,0,6,-2,80,27
"V",5,0,6,-3,41,11
"V",5,0,6,-4,24,3
"V",5,0,6,-5,15,0
"V",5,0,6,-6,15,1
"V",5,0,6,-7,3,1
"V",5,0,6,-8,3,0
"V",5,0,6,-9,2,0
"V",5,0,6,0,116,77
"V",5,0,6,1,104,88
"V",5,0,6,10,3,3
"V",5,0,6,11,1,1
"V",5,0,6,2,83,69
"V",5,0,6,3,59,50
"V",5,0,6,4,45,41
"V",5,0,6,5,29,29
"V",5,0,6,6,12,12
"V",5,0,6,7,7,7
"V",5,0,6,8,5,5
"V",5,0,6,9,3,3
"V",5,0,7,-1,50,26
"V",5,0,7,-10,1,0
"V",5,0,7,-2,44,16
"V",5,0,7,-3,24,7
"V",5,0,7,-4,17,1
"V",5,0,7,-5,6,1
"V",5,0,7,-6,11,0
"V",5,0,7,-7,3,0
"V",5,0,7,-8,2,0
"V",5,0,7,-9,2,0
"V",5,0,7,0,62,42
"V",5,0,7,1,49,40
"V",5,0,7,10,4,4
"V",5,0,7,2,36,34
"V",5,0,7,3,37,36
"V",5,0,7,4,26,26
"V",5,0,7,5,13,12
"V",5,0,7,6,4,4
"V",5,0,7,7,6,6
"V",5,0,7,8,2,2
"V",5,0,7,9,4,4
"V",5,0,8,-1,53,33
"V",5,0,8,-10,2,0
"V",5,0,8,-15,1,0
"V",5,0,8,-2,43,21
"V",5,0,8,-3,35,12
"V",5,0,8,-4,24,5
"V",5,0,8,-5,20,2
"V",5,0,8,-6,7,0
"V",5,0,8,-7,2,0
"V",5,0,8,-8,5,0
"V",5,0,8,0,68,44
"V",5,0,8,1,49,44
"V",5,0,8,10,2,2
"V",5,0,8,2,53,46
"V",5,0,8,3,34,32
"V",5,0,8,4,17,15
"V",5,0,8,5,16,15
"V",5,0,8,6,4,4
"V",5,0,8,7,5,5
"V",5,0,8,8,4,4
"V",5,0,8,9,2,2
"V",5,1,1,-1,2927,819
"V",5,1,1,-10,31,0
"V",5,1,1,-11,19,0
"V",5,1,1,-12,7,0
"V",5,1,1,-13,5,0
"V",5,1,1,-14,4,0
"V",5,1,1,-15,1,0
"V",5,1,1,-17,2,0
"V",5,1,1,-2,2142,361
"V",5,1,1,-3,1455,141
"V",5,1,1,-4,910,49
"V",5,1,1,-5,490,16
"V",5,1,1,-6,332,10
"V",5,1,1,-7,228,2
"V",5,1,1,-8,98,0
"V",5,1,1,-9,73,0
"V",5,1,1,0,3774,1643
"V",5,1,1,1,2803,1708
"V",5,1,1,10,23,23
"V",5,1,1,11,14,14
"V",5,1,1,12,6,6
"V",5,1,1,13,4,4
"V",5,1,1,14,2,2
"V",5,1,1,15,1,1
"V",5,1,1,16,1,1
"V",5,1,1,18,1,1
"V",5,1,1,2,1874,1378
"V",5,1,1,3,1258,1041
"V",5,1,1,4,740,651
"V",5,1,1,5,515,482
"V",5,1,1,6,296,282
"V",5,1,1,7,138,131
"V",5,1,1,8,82,82
"V",5,1,1,9,46,45
"V",5,1,2,-1,1264,410
"V",5,1,2,-10,14,0
"V",5,1,2,-11,14,0
"V",5,1,2,-12,3,0
"V",5,1,2,-13,3,0
"V",5,1,2,-17,2,0
"V",5,1,2,-2,984,187
"V",5,1,2,-3,647,82
"V",5,1,2,-4,413,30
"V",5,1,2,-5,262,13
"V",5,1,2,-6,158,5
"V",5,1,2,-7,86,1
"V",5,1,2,-8,47,0
"V",5,1,2,-9,39,0
"V",5,1,2,0,1575,735
"V",5,1,2,1,1260,818
"V",5,1,2,10,14,14
"V",5,1,2,11,12,12
"V",5,1,2,12,7,7
"V",5,1,2,13,5,5
"V",5,1,2,14,3,3
"V",5,1,2,15,1,1
"V",5,1,2,2,880,664
"V",5,1,2,3,643,549
"V",5,1,2,4,420,370
"V",5,1,2,5,273,254
"V",5,1,2,6,182,171
"V",5,1,2,7,92,87
"V",5,1,2,8,47,46
"V",5,1,2,9,19,19
"V",5,1,3,-1,551,191
"V",5,1,3,-10,4,0
"V",5,1,3,-11,2,0
"V",5,1,3,-12,2,0
"V",5,1,3,-14,1,0
"V",5,1,3,-16,1,0
"V",5,1,3,-2,292,65
"V",5,1,3,-3,154,23
"V",5,1,3,-4,106,5
"V",5,1,3,-5,77,2
"V",5,1,3,-6,33,3
"V",5,1,3,-7,21,1
"V",5,1,3,-8,12,0
"V",5,1,3,-9,17,0
"V",5,1,3,0,759,380
"V",5,1,3,1,619,414
"V",5,1,3,10,17,17
"V",5,1,3,11,3,3
"V",5,1,3,12,1,1
"V",5,1,3,18,1,1
"V",5,1,3,2,465,365
"V",5,1,3,3,337,286
"V",5,1,3,4,223,204
"V",5,1,3,5,137,131
"V",5,1,3,6,94,92
"V",5,1,3,7,66,65
"V",5,1,3,8,31,30
"V",5,1,3,9,25,25
"V",5,1,4,-1,342,135
"V",5,1,4,-10,5,0
"V",5,1,4,-11,6,0
"V",5,1,4,-12,2,0
"V",5,1,4,-13,1,0
"V",5,1,4,-14,2,0
"V",5,1,4,-16,1,0
"V",5,1,4,-17,1,0
"V",5,1,4,-2,304,78
"V",5,1,4,-3,224,33
"V",5,1,4,-4,126,10
"V",5,1,4,-5,95,10
"V",5,1,4,-6,59,1
"V",5,1,4,-7,31,0
"V",5,1,4,-8,18,0
"V",5,1,4,-9,11,0
"V",5,1,4,0,473,242
"V",5,1,4,1,407,285
"V",5,1,4,10,8,8
"V",5,1,4,11,8,8
"V",5,1,4,12,1,1
"V",5,1,4,13,2,2
"V",5,1,4,14,1,1
"V",5,1,4,2,293,235
"V",5,1,4,3,217,190
"V",5,1,4,4,126,109
"V",5,1,4,5,90,83
"V",5,1,4,6,69,67
"V",5,1,4,7,43,41
"V",5,1,4,8,22,22
"V",5,1,4,9,13,13
"V",5,1,5,-1,191,81
"V",5,1,5,-10,1,0
"V",5,1,5,-13,1,0
"V",5,1,5,-17,1,0
"V",5,1,5,-2,91,21
"V",5,1,5,-3,62,10
"V",5,1,5,-4,45,1
"V",5,1,5,-5,33,2
"V",5,1,5,-6,7,1
"V",5,1,5,-7,7,0
"V",5,1,5,-8,6,0
"V",5,1,5,-9,5,0
"V",5,1,5,0,280,165
"V",5,1,5,1,238,159
"V",5,1,5,10,7,7
"V",5,1,5,11,1,1
"V",5,1,5,14,1,1
"V",5,1,5,15,1,1
"V",5,1,5,2,187,157
"V",5,1,5,3,160,133
"V",5,1,5,4,115,106
"V",5,1,5,5,68,66
"V",5,1,5,6,45,41
"V",5,1,5,7,24,24
"V",5,1,5,8,13,13
"V",5,1,5,9,7,7
"V",5,1,6,-1,199,99
"V",5,1,6,-10,2,0
"V",5,1,6,-12,1,0
"V",5,1,6,-19,1,0
"V",5,1,6,-2,135,34
"V",5,1,6,-3,90,20
"V",5,1,6,-4,48,7
"V",5,1,6,-5,43,1
"V",5,1,6,-6,21,2
"V",5,1,6,-7,13,0
"V",5,1,6,-8,7,1
"V",5,1,6,-9,4,0
"V",5,1,6,0,227,141
"V",5,1,6,1,223,172
"V",5,1,6,10,3,3
"V",5,1,6,11,5,5
"V",5,1,6,12,2,2
"V",5,1,6,13,2,2
"V",5,1,6,18,1,1
"V",5,1,6,2,194,162
"V",5,1,6,3,139,116
"V",5,1,6,4,92,81
"V",5,1,6,5,62,61
"V",5,1,6,6,45,43
"V",5,1,6,7,14,13
"V",5,1,6,8,14,14
"V",5,1,6,9,9,9
"V",5,1,7,-1,172,91
"V",5,1,7,-10,2,0
"V",5,1,7,-2,138,47
"V",5,1,7,-3,57,15
"V",5,1,7,-4,41,4
"V",5,1,7,-5,24,3
"V",5,1,7,-6,23,0
"V",5,1,7,-7,7,0
"V",5,1,7,-8,6,0
"V",5,1,7,-9,6,0
"V",5,1,7,0,224,142
"V",5,1,7,1,201,156
"V",5,1,7,10,5,5
"V",5,1,7,11,4,4
"V",5,1,7,12,4,4
"V",5,1,7,2,161,132
"V",5,1,7,3,127,109
"V",5,1,7,4,76,68
"V",5,1,7,5,58,53
"V",5,1,7,6,29,26
"V",5,1,7,7,24,23
"V",5,1,7,8,12,11
"V",5,1,7,9,7,7
"V",5,1,8,-1,117,60
"V",5,1,8,-10,3,0
"V",5,1,8,-13,2,0
"V",5,1,8,-14,2,0
"V",5,1,8,-2,78,21
"V",5,1,8,-3,63,21
"V",5,1,8,-4,33,2
"V",5,1,8,-5,27,3
"V",5,1,8,-6,15,0
"V",5,1,8,-7,8,0
"V",5,1,8,-8,10,0
"V",5,1,8,-9,5,0
"V",5,1,8,0,151,92
"V",5,1,8,1,130,98
"V",5,1,8,10,2,2
"V",5,1,8,11,1,1
"V",5,1,8,13,1,1
"V",5,1,8,14,1,1
"V",5,1,8,2,113,95
"V",5,1,8,3,80,70
"V",5,1,8,4,59,54
"V",5,1,8,5,28,24
"V",5,1,8,6,23,23
"V",5,1,8,7,11,11
"V",5,1,8,8,8,8
"V",5,1,8,9,4,4
"V",5,2,1,-1,2252,579
"V",5,2,1,-10,28,0
"V",5,2,1,-11,11,0
"V",5,2,1,-12,8,0
"V",5,2,1,-13,4,0
"V",5,2,1,-14,3,0
"V",5,2,1,-15,2,0
"V",5,2,1,-2,1608,259
"V",5,2,1,-3,1122,101
"V",5,2,1,-4,672,28
"V",5,2,1,-5,366,11
"V",5,2,1,-6,245,7
"V",5,2,1,-7,175,0
"V",5,2,1,-8,83,0
"V",5,2,1,-9,49,0
"V",5,2,1,0,2924,1202
"V",5,2,1,1,2207,1297
"V",5,2,1,10,21,20
"V",5,2,1,11,18,18
"V",5,2,1,12,6,6
"V",5,2,1,13,3,3
"V",5,2,1,14,1,1
"V",5,2,1,15,3,3
"V",5,2,1,16,2,2
"V",5,2,1,2,1452,1043
"V",5,2,1,3,1006,813
"V",5,2,1,4,644,558
"V",5,2,1,5,462,429
"V",5,2,1,6,251,241
"V",5,2,1,7,132,126
"V",5,2,1,8,77,77
"V",5,2,1,9,44,43
"V",5,2,2,-1,1249,349
"V",5,2,2,-10,15,0
"V",5,2,2,-11,12,0
"V",5,2,2,-12,6,0
"V",5,2,2,-13,1,0
"V",5,2,2,-14,1,0
"V",5,2,2,-2,913,158
"V",5,2,2,-3,656,74
"V",5,2,2,-4,442,20
"V",5,2,2,-5,236,12
"V",5,2,2,-6,153,6
"V",5,2,2,-7,98,0
"V",5,2,2,-8,48,0
"V",5,2,2,-9,32,0
"V",5,2,2,0,1505,628
"V",5,2,2,1,1270,766
"V",5,2,2,10,17,16
"V",5,2,2,11,13,13
"V",5,2,2,12,6,6
"V",5,2,2,13,5,5
"V",5,2,2,14,3,3
"V",5,2,2,15,3,3
"V",5,2,2,16,3,3
"V",5,2,2,2,956,694
"V",5,2,2,3,696,585
"V",5,2,2,4,526,462
"V",5,2,2,5,324,298
"V",5,2,2,6,207,194
"V",5,2,2,7,117,108
"V",5,2,2,8,60,60
"V",5,2,2,9,37,37
"V",5,2,3,-1,626,180
"V",5,2,3,-10,4,0
"V",5,2,3,-11,3,0
"V",5,2,3,-12,3,0
"V",5,2,3,-13,1,0
"V",5,2,3,-14,2,0
"V",5,2,3,-16,1,0
"V",5,2,3,-2,383,77
"V",5,2,3,-3,192,23
"V",5,2,3,-4,138,6
"V",5,2,3,-5,73,1
"V",5,2,3,-6,35,2
"V",5,2,3,-7,25,1
"V",5,2,3,-8,13,0
"V",5,2,3,-9,17,0
"V",5,2,3,0,828,378
"V",5,2,3,1,797,510
"V",5,2,3,10,9,9
"V",5,2,3,11,10,10
"V",5,2,3,12,7,7
"V",5,2,3,13,3,3
"V",5,2,3,14,1,1
"V",5,2,3,15,3,3
"V",5,2,3,17,1,1
"V",5,2,3,19,1,1
"V",5,2,3,2,527,408
"V",5,2,3,3,444,368
"V",5,2,3,4,333,301
"V",5,2,3,5,258,243
"V",5,2,3,6,142,140
"V",5,2,3,7,92,88
"V",5,2,3,8,45,44
"V",5,2,3,9,26,24
"V",5,2,4,-1,445,145
"V",5,2,4,-10,5,0
"V",5,2,4,-11,3,0
"V",5,2,4,-12,3,0
"V",5,2,4,-13,1,0
"V",5,2,4,-2,360,73
"V",5,2,4,-3,233,23
"V",5,2,4,-4,177,12
"V",5,2,4,-5,88,6
"V",5,2,4,-6,57,3
"V",5,2,4,-7,41,0
"V",5,2,4,-8,18,0
"V",5,2,4,-9,8,0
"V",5,2,4,0,523,236
"V",5,2,4,1,456,298
"V",5,2,4,10,8,8
"V",5,2,4,11,7,7
"V",5,2,4,12,2,2
"V",5,2,4,13,3,3
"V",5,2,4,14,2,2
"V",5,2,4,15,1,1
"V",5,2,4,16,1,1
"V",5,2,4,2,352,258
"V",5,2,4,3,270,231
"V",5,2,4,4,185,161
"V",5,2,4,5,128,115
"V",5,2,4,6,86,81
"V",5,2,4,7,40,37
"V",5,2,4,8,26,26
"V",5,2,4,9,19,19
"V",5,2,5,-1,269,96
"V",5,2,5,-10,3,0
"V",5,2,5,-11,1,0
"V",5,2,5,-13,1,0
"V",5,2,5,-2,152,31
"V",5,2,5,-3,82,6
"V",5,2,5,-4,66,2
"V",5,2,5,-5,55,2
"V",5,2,5,-6,12,0
"V",5,2,5,-7,15,0
"V",5,2,5,-8,7,0
"V",5,2,5,-9,6,0
"V",5,2,5,0,366,177
"V",5,2,5,1,333,199
"V",5,2,5,10,10,10
"V",5,2,5,11,6,6
"V",5,2,5,12,3,3
"V",5,2,5,13,1,1
"V",5,2,5,2,277,214
"V",5,2,5,3,234,193
"V",5,2,5,4,166,149
"V",5,2,5,5,92,89
"V",5,2,5,6,67,63
"V",5,2,5,7,43,43
"V",5,2,5,8,22,22
"V",5,2,5,9,11,11
"V",5,2,6,-1,238,73
"V",5,2,6,-10,2,0
"V",5,2,6,-11,1,0
"V",5,2,6,-12,1,0
"V",5,2,6,-2,175,43
"V",5,2,6,-3,123,23
"V",5,2,6,-4,78,3
"V",5,2,6,-5,58,3
"V",5,2,6,-6,24,0
"V",5,2,6,-7,15,0
"V",5,2,6,-8,6,0
"V",5,2,6,-9,3,0
"V",5,2,6,0,285,145
"V",5,2,6,1,293,173
"V",5,2,6,10,8,8
"V",5,2,6,11,4,4
"V",5,2,6,13,1,1
"V",5,2,6,15,1,1
"V",5,2,6,2,228,175
"V",5,2,6,3,171,140
"V",5,2,6,4,123,110
"V",5,2,6,5,84,78
"V",5,2,6,6,53,51
"V",5,2,6,7,30,28
"V",5,2,6,8,12,11
"V",5,2,6,9,12,12
"V",5,2,7,-1,179,70
"V",5,2,7,-10,3,0
"V",5,2,7,-2,132,36
"V",5,2,7,-3,77,11
"V",5,2,7,-4,36,6
"V",5,2,7,-5,27,0
"V",5,2,7,-6,23,1
"V",5,2,7,-7,8,0
"V",5,2,7,-8,11,1
"V",5,2,7,-9,5,0
"V",5,2,7,0,230,107
"V",5,2,7,1,200,141
"V",5,2,7,10,3,3
"V",5,2,7,11,3,3
"V",5,2,7,12,1,1
"V",5,2,7,15,1,1
"V",5,2,7,2,169,127
"V",5,2,7,3,131,115
"V",5,2,7,4,74,65
"V",5,2,7,5,43,40
"V",5,2,7,6,33,32
"V",5,2,7,7,26,24
"V",5,2,7,8,14,14
"V",5,2,7,9,9,9
"V",5,2,8,-1,130,50
"V",5,2,8,-10,4,0
"V",5,2,8,-11,1,0
"V",5,2,8,-12,1,0
"V",5,2,8,-13,1,0
"V",5,2,8,-2,119,25
"V",5,2,8,-3,62,8
"V",5,2,8,-4,41,5
"V",5,2,8,-5,15,1
"V",5,2,8,-6,23,2
"V",5,2,8,-7,15,0
"V",5,2,8,-8,6,0
"V",5,2,8,-9,1,0
"V",5,2,8,0,187,107
"V",5,2,8,1,151,102
"V",5,2,8,10,5,5
"V",5,2,8,11,2,2
"V",5,2,8,2,109,87
"V",5,2,8,3,80,68
"V",5,2,8,4,59,54
"V",5,2,8,5,39,33
"V",5,2,8,6,27,26
"V",5,2,8,7,14,14
"V",5,2,8,8,11,11
"V",5,2,8,9,8,8
"V",6,0,1,-1,3773,1119
"V",6,0,1,-10,97,0
"V",6,0,1,-11,49,0
"V",6,0,1,-12,40,0
"V",6,0,1,-13,15,0
"V",6,0,1,-14,9,0
"V",6,0,1,-15,6,0
"V",6,0,1,-16,4,0
"V",6,0,1,-17,5,0
"V",6,0,1,-2,2996,551
"V",6,0,1,-3,2190,255
"V",6,0,1,-4,1524,80
"V",6,0,1,-5,1005,41
"V",6,0,1,-6,713,15
"V",6,0,1,-7,429,5
"V",6,0,1,-8,240,2
"V",6,0,1,-9,150,0
"V",6,0,1,0,4556,2093
"V",6,0,1,1,3667,2390
"V",6,0,1,10,56,55
"V",6,0,1,11,33,33
"V",6,0,1,12,19,19
"V",6,0,1,13,13,13
"V",6,0,1,14,5,5
"V",6,0,1,15,5,5
"V",6,0,1,16,2,2
"V",6,0,1,19,1,1
"V",6,0,1,2,2605,2029
"V",6,0,1,3,1854,1597
"V",6,0,1,4,1218,1115
"V",6,0,1,5,909,862
"V",6,0,1,6,516,497
"V",6,0,1,7,274,271
"V",6,0,1,8,171,171
"V",6,0,1,9,85,85
"V",6,0,2,-1,1021,376
"V",6,0,2,-10,30,0
"V",6,0,2,-11,12,0
"V",6,0,2,-12,7,0
"V",6,0,2,-13,3,0
"V",6,0,2,-14,5,0
"V",6,0,2,-15,2,0
"V",6,0,2,-16,2,0
"V",6,0,2,-17,1,0
"V",6,0,2,-2,856,214
"V",6,0,2,-3,646,106
"V",6,0,2,-4,446,35
"V",6,0,2,-5,281,19
"V",6,0,2,-6,191,6
"V",6,0,2,-7,113,1
"V",6,0,2,-8,62,1
"V",6,0,2,-9,31,0
"V",6,0,2,0,1241,644
"V",6,0,2,1,1070,762
"V",6,0,2,10,20,19
"V",6,0,2,11,14,14
"V",6,0,2,12,4,4
"V",6,0,2,13,3,3
"V",6,0,2,14,2,2
"V",6,0,2,15,3,3
"V",6,0,2,19,1,1
"V",6,0,2,2,773,619
"V",6,0,2,3,532,462
"V",6,0,2,4,378,348
"V",6,0,2,5,284,267
"V",6,0,2,6,146,141
"V",6,0,2,7,96,95
"V",6,0,2,8,67,67
"V",6,0,2,9,30,30
"V",6,0,3,-1,226,100
"V",6,0,3,-10,8,0
"V",6,0,3,-11,3,0
"V",6,0,3,-12,1,0
"V",6,0,3,-13,1,0
"V",6,0,3,-15,1,0
"V",6,0,3,-16,1,0
"V",6,0,3,-2,169,47
"V",6,0,3,-3,131,24
"V",6,0,3,-4,96,5
"V",6,0,3,-5,56,5
"V",6,0,3,-6,51,2
"V",6,0,3,-7,24,0
"V",6,0,3,-8,22,0
"V",6,0,3,-9,11,0
"V",6,0,3,0,261,130
"V",6,0,3,1,253,191
"V",6,0,3,10,7,7
"V",6,0,3,11,5,5
"V",6,0,3,12,3,3
"V",6,0,3,13,3,3
"V",6,0,3,2,201,161
"V",6,0,3,3,148,125
"V",6,0,3,4,89,81
"V",6,0,3,5,72,70
"V",6,0,3,6,38,36
"V",6,0,3,7,23,23
"V",6,0,3,8,10,10
"V",6,0,3,9,10,10
"V",6,0,4,-1,201,100
"V",6,0,4,-10,11,0
"V",6,0,4,-11,3,0
"V",6,0,4,-12,4,0
"V",6,0,4,-14,2,0
"V",6,0,4,-17,1,0
"V",6,0,4,-2,194,73
"V",6,0,4,-3,153,39
"V",6,0,4,-4,108,12
"V",6,0,4,-5,73,4
"V",6,0,4,-6,49,3
"V",6,0,4,-7,28,1
"V",6,0,4,-8,14,1
"V",6,0,4,-9,13,0
"V",6,0,4,0,224,130
"V",6,0,4,1,200,150
"V",6,0,4,10,3,3
"V",6,0,4,11,2,2
"V",6,0,4,12,2,2
"V",6,0,4,13,1,1
"V",6,0,4,15,2,2
"V",6,0,4,19,1,1
"V",6,0,4,2,149,128
"V",6,0,4,3,102,90
"V",6,0,4,4,69,67
"V",6,0,4,5,63,62
"V",6,0,4,6,35,34
"V",6,0,4,7,21,21
"V",6,0,4,8,8,8
"V",6,0,4,9,10,10
"V",6,0,5,-1,87,40
"V",6,0,5,-10,2,0
"V",6,0,5,-11,1,0
"V",6,0,5,-2,47,14
"V",6,0,5,-3,33,10
"V",6,0,5,-4,34,1
"V",6,0,5,-5,12,2
"V",6,0,5,-6,10,0
"V",6,0,5,-7,4,0
"V",6,0,5,-8,7,0
"V",6,0,5,-9,5,0
"V",6,0,5,0,71,45
"V",6,0,5,1,81,59
"V",6,0,5,10,1,0
"V",6,0,5,11,1,1
"V",6,0,5,13,1,1
"V",6,0,5,16,1,1
"V",6,0,5,2,56,43
"V",6,0,5,3,47,42
"V",6,0,5,4,28,26
"V",6,0,5,5,17,17
"V",6,0,5,6,18,17
"V",6,0,5,7,7,7
"V",6,0,5,8,12,11
"V",6,0,5,9,1,1
"V",6,0,6,-1,97,48
"V",6,0,6,-10,5,0
"V",6,0,6,-11,1,0
"V",6,0,6,-13,1,0
"V",6,0,6,-2,78,33
"V",6,0,6,-3,57,15
"V",6,0,6,-4,36,4
"V",6,0,6,-5,20,5
"V",6,0,6,-6,16,0
"V",6,0,6,-7,9,0
"V",6,0,6,-8,4,0
"V",6,0,6,-9,4,0
"V",6,0,6,0,101,63
"V",6,0,6,1,100,80
"V",6,0,6,10,5,5
"V",6,0,6,11,1,1
"V",6,0,6,12,2,2
"V",6,0,6,13,1,1
"V",6,0,6,15,1,1
"V",6,0,6,2,78,68
"V",6,0,6,3,64,61
"V",6,0,6,4,35,30
"V",6,0,6,5,19,19
"V",6,0,6,6,15,14
"V",6,0,6,7,11,11
"V",6,0,6,8,10,10
"V",6,0,6,9,3,3
"V",6,0,7,-1,62,35
"V",6,0,7,-2,32,8
"V",6,0,7,-3,36,10
"V",6,0,7,-4,27,7
"V",6,0,7,-5,12,5
"V",6,0,7,-6,3,0
"V",6,0,7,-7,7,0
"V",6,0,7,-8,4,0
"V",6,0,7,-9,5,0
"V",6,0,7,0,61,38
"V",6,0,7,1,64,54
"V",6,0,7,10,5,5
"V",6,0,7,12,1,1
"V",6,0,7,2,38,34
"V",6,0,7,3,31,29
"V",6,0,7,4,24,23
"V",6,0,7,5,17,17
"V",6,0,7,6,19,19
"V",6,0,7,7,11,11
"V",6,0,7,8,5,5
"V",6,0,7,9,4,4
"V",6,0,8,-1,56,30
"V",6,0,8,-10,2,0
"V",6,0,8,-2,53,22
"V",6,0,8,-3,39,11
"V",6,0,8,-4,25,3
"V",6,0,8,-5,13,1
"V",6,0,8,-6,11,1
"V",6,0,8,-7,5,0
"V",6,0,8,-8,4,0
"V",6,0,8,0,75,48
"V",6,0,8,1,63,55
"V",6,0,8,10,1,1
"V",6,0,8,11,1,1
"V",6,0,8,12,1,1
"V",6,0,8,13,2,2
"V",6,0,8,14,1,1
"V",6,0,8,15,3,3
"V",6,0,8,16,1,1
"V",6,0,8,2,43,40
"V",6,0,8,3,26,25
"V",6,0,8,4,20,20
"V",6,0,8,5,15,15
"V",6,0,8,6,13,13
"V",6,0,8,7,7,7
"V",6,0,8,8,6,6
"V",6,0,8,9,2,2
"V",6,1,1,-1,2597,661
"V",6,1,1,-10,59,0
"V",6,1,1,-11,35,0
"V",6,1,1,-12,32,0
"V",6,1,1,-13,11,0
"V",6,1,1,-14,4,0
"V",6,1,1,-15,4,0
"V",6,1,1,-16,2,0
"V",6,1,1,-17,4,0
"V",6,1,1,-2,2027,295
"V",6,1,1,-3,1440,121
"V",6,1,1,-4,984,44
"V",6,1,1,-5,678,19
"V",6,1,1,-6,467,6
"V",6,1,1,-7,299,4
"V",6,1,1,-8,161,1
"V",6,1,1,-9,110,0
"V",6,1,1,0,3169,1371
"V",6,1,1,1,2515,1545
"V",6,1,1,10,35,35
"V",6,1,1,11,18,18
"V",6,1,1,12,18,18
"V",6,1,1,13,7,7
"V",6,1,1,14,4,4
"V",6,1,1,15,2,2
"V",6,1,1,16,2,2
"V",6,1,1,2,1768,1356
"V",6,1,1,3,1292,1103
"V",6,1,1,4,838,766
"V",6,1,1,5,617,582
"V",6,1,1,6,371,357
"V",6,1,1,7,183,180
"V",6,1,1,8,114,114
"V",6,1,1,9,58,58
"V",6,1,2,-1,1131,331
"V",6,1,2,-10,33,0
"V",6,1,2,-11,14,0
"V",6,1,2,-12,13,0
"V",6,1,2,-13,7,0
"V",6,1,2,-14,2,0
"V",6,1,2,-15,1,0
"V",6,1,2,-16,1,0
"V",6,1,2,-17,2,0
"V",6,1,2,-2,991,195
"V",6,1,2,-3,786,107
"V",6,1,2,-4,498,33
"V",6,1,2,-5,345,14
"V",6,1,2,-6,243,5
"V",6,1,2,-7,130,1
"V",6,1,2,-8,77,1
"V",6,1,2,-9,43,0
"V",6,1,2,0,1340,635
"V",6,1,2,1,1178,757
"V",6,1,2,10,24,24
"V",6,1,2,11,19,18
"V",6,1,2,12,11,11
"V",6,1,2,13,4,4
"V",6,1,2,14,5,5
"V",6,1,2,15,3,3
"V",6,1,2,17,2,2
"V",6,1,2,2,919,727
"V",6,1,2,3,646,558
"V",6,1,2,4,443,396
"V",6,1,2,5,348,325
"V",6,1,2,6,192,187
"V",6,1,2,7,122,121
"V",6,1,2,8,87,87
"V",6,1,2,9,39,39
"V",6,1,3,-1,529,197
"V",6,1,3,-10,9,0
"V",6,1,3,-11,5,0
"V",6,1,3,-12,1,0
"V",6,1,3,-15,2,0
"V",6,1,3,-16,1,0
"V",6,1,3,-2,330,75
"V",6,1,3,-3,204,27
"V",6,1,3,-4,132,10
"V",6,1,3,-5,89,2
"V",6,1,3,-6,74,2
"V",6,1,3,-7,39,0
"V",6,1,3,-8,27,0
"V",6,1,3,-9,13,0
"V",6,1,3,0,755,381
"V",6,1,3,1,656,450
"V",6,1,3,10,24,24
"V",6,1,3,11,9,9
"V",6,1,3,12,4,4
"V",6,1,3,13,2,2
"V",6,1,3,14,2,2
"V",6,1,3,15,1,1
"V",6,1,3,2,519,409
"V",6,1,3,3,381,334
"V",6,1,3,4,227,211
"V",6,1,3,5,187,178
"V",6,1,3,6,98,97
"V",6,1,3,7,66,65
"V",6,1,3,8,49,49
"V",6,1,3,9,23,23
"V",6,1,4,-1,329,131
"V",6,1,4,-10,12,0
"V",6,1,4,-11,2,0
"V",6,1,4,-12,4,0
"V",6,1,4,-13,1,0
"V",6,1,4,-14,2,0
"V",6,1,4,-2,327,78
"V",6,1,4,-3,225,45
"V",6,1,4,-4,161,17
"V",6,1,4,-5,121,6
"V",6,1,4,-6,82,2
"V",6,1,4,-7,52,0
"V",6,1,4,-8,32,1
"V",6,1,4,-9,17,0
"V",6,1,4,0,391,195
"V",6,1,4,1,364,239
"V",6,1,4,10,13,13
"V",6,1,4,11,3,2
"V",6,1,4,12,5,5
"V",6,1,4,13,2,2
"V",6,1,4,14,2,2
"V",6,1,4,15,2,2
"V",6,1,4,16,5,5
"V",6,1,4,17,1,1
"V",6,1,4,19,1,1
"V",6,1,4,2,297,239
"V",6,1,4,3,217,191
"V",6,1,4,4,156,144
"V",6,1,4,5,113,108
"V",6,1,4,6,79,79
"V",6,1,4,7,50,50
"V",6,1,4,8,29,29
"V",6,1,4,9,22,22
"V",6,1,5,-1,201,80
"V",6,1,5,-10,2,0
"V",6,1,5,-15,2,0
"V",6,1,5,-2,123,27
"V",6,1,5,-3,78,11
"V",6,1,5,-4,53,5
"V",6,1,5,-5,24,4
"V",6,1,5,-6,22,1
"V",6,1,5,-7,9,0
"V",6,1,5,-8,8,0
"V",6,1,5,-9,5,0
"V",6,1,5,0,269,168
"V",6,1,5,1,241,170
"V",6,1,5,10,6,5
"V",6,1,5,11,12,12
"V",6,1,5,12,4,4
"V",6,1,5,13,3,3
"V",6,1,5,16,1,1
"V",6,1,5,2,244,189
"V",6,1,5,3,166,142
"V",6,1,5,4,119,107
"V",6,1,5,5,79,75
"V",6,1,5,6,57,55
"V",6,1,5,7,23,23
"V",6,1,5,8,15,14
"V",6,1,5,9,13,13
"V",6,1,6,-1,200,80
"V",6,1,6,-10,4,0
"V",6,1,6,-11,2,0
"V",6,1,6,-13,1,0
"V",6,1,6,-15,1,0
"V",6,1,6,-2,150,39
"V",6,1,6,-3,125,17
"V",6,1,6,-4,82,9
"V",6,1,6,-5,49,3
"V",6,1,6,-6,37,2
"V",6,1,6,-7,15,0
"V",6,1,6,-8,7,0
"V",6,1,6,-9,9,0
"V",6,1,6,0,242,135
"V",6,1,6,1,235,176
"V",6,1,6,10,7,7
"V",6,1,6,11,6,6
"V",6,1,6,12,3,3
"V",6,1,6,13,1,1
"V",6,1,6,14,2,2
"V",6,1,6,15,1,1
"V",6,1,6,2,188,153
"V",6,1,6,3,161,147
"V",6,1,6,4,90,80
"V",6,1,6,5,70,68
"V",6,1,6,6,47,46
"V",6,1,6,7,36,36
"V",6,1,6,8,18,18
"V",6,1,6,9,7,7
"V",6,1,7,-1,157,60
"V",6,1,7,-10,4,0
"V",6,1,7,-11,2,0
"V",6,1,7,-12,2,0
"V",6,1,7,-2,116,31
"V",6,1,7,-3,73,17
"V",6,1,7,-4,47,3
"V",6,1,7,-5,28,1
"V",6,1,7,-6,24,0
"V",6,1,7,-7,11,1
"V",6,1,7,-8,6,0
"V",6,1,7,-9,5,0
"V",6,1,7,0,183,111
"V",6,1,7,1,169,123
"V",6,1,7,10,5,5
"V",6,1,7,11,2,2
"V",6,1,7,12,1,1
"V",6,1,7,13,3,3
"V",6,1,7,14,1,1
"V",6,1,7,15,1,1
"V",6,1,7,2,150,132
"V",6,1,7,3,130,116
"V",6,1,7,4,79,74
"V",6,1,7,5,66,65
"V",6,1,7,6,46,44
"V",6,1,7,7,21,21
"V",6,1,7,8,18,18
"V",6,1,7,9,7,7
"V",6,1,8,-1,105,51
"V",6,1,8,-10,3,0
"V",6,1,8,-11,4,0
"V",6,1,8,-12,3,0
"V",6,1,8,-2,80,30
"V",6,1,8,-3,62,19
"V",6,1,8,-4,48,7
"V",6,1,8,-5,25,2
"V",6,1,8,-6,20,1
"V",6,1,8,-7,11,0
"V",6,1,8,-8,3,0
"V",6,1,8,-9,1,0
"V",6,1,8,0,142,89
"V",6,1,8,1,145,106
"V",6,1,8,10,5,5
"V",6,1,8,11,4,3
"V",6,1,8,14,1,1
"V",6,1,8,16,1,1
"V",6,1,8,2,98,84
"V",6,1,8,3,85,76
"V",6,1,8,4,62,58
"V",6,1,8,5,43,43
"V",6,1,8,6,19,19
"V",6,1,8,7,17,17
"V",6,1,8,8,8,8
"V",6,1,8,9,7,7
"V",6,2,1,-1,1971,452
"V",6,2,1,-10,38,0
"V",6,2,1,-11,26,0
"V",6,2,1,-12,22,0
"V",6,2,1,-13,7,0
"V",6,2,1,-14,4,0
"V",6,2,1,-15,3,0
"V",6,2,1,-16,2,0
"V",6,2,1,-17,2,0
"V",6,2,1,-2,1506,179
"V",6,2,1,-3,1054,57
"V",6,2,1,-4,728,24
"V",6,2,1,-5,490,8
"V",6,2,1,-6,336,3
"V",6,2,1,-7,220,3
"V",6,2,1,-8,122,0
"V",6,2,1,-9,78,0
"V",6,2,1,0,2402,975
"V",6,2,1,1,1967,1189
"V",6,2,1,10,33,33
"V",6,2,1,11,22,22
"V",6,2,1,12,20,20
"V",6,2,1,13,8,8
"V",6,2,1,14,3,3
"V",6,2,1,15,1,1
"V",6,2,1,16,2,2
"V",6,2,1,17,1,1
"V",6,2,1,18,1,1
"V",6,2,1,2,1387,1043
"V",6,2,1,3,1062,897
"V",6,2,1,4,729,661
"V",6,2,1,5,513,485
"V",6,2,1,6,326,307
"V",6,2,1,7,172,168
"V",6,2,1,8,106,106
"V",6,2,1,9,63,63
"V",6,2,2,-1,1073,248
"V",6,2,2,-10,14,0
"V",6,2,2,-11,24,0
"V",6,2,2,-12,13,0
"V",6,2,2,-13,5,0
"V",6,2,2,-14,3,0
"V",6,2,2,-16,1,0
"V",6,2,2,-2,915,130
"V",6,2,2,-3,719,68
"V",6,2,2,-4,470,28
"V",6,2,2,-5,315,5
"V",6,2,2,-6,212,3
"V",6,2,2,-7,127,1
"V",6,2,2,-8,85,1
"V",6,2,2,-9,42,0
"V",6,2,2,0,1373,590
"V",6,2,2,1,1202,727
"V",6,2,2,10,34,34
"V",6,2,2,11,23,23
"V",6,2,2,12,8,8
"V",6,2,2,13,7,7
"V",6,2,2,14,5,5
"V",6,2,2,15,2,2
"V",6,2,2,16,1,1
"V",6,2,2,2,911,706
"V",6,2,2,3,670,564
"V",6,2,2,4,468,429
"V",6,2,2,5,381,356
"V",6,2,2,6,234,230
"V",6,2,2,7,140,138
"V",6,2,2,8,97,96
"V",6,2,2,9,53,53
"V",6,2,3,-1,622,165
"V",6,2,3,-10,7,0
"V",6,2,3,-11,6,0
"V",6,2,3,-12,1,0
"V",6,2,3,-13,2,0
"V",6,2,3,-14,1,0
"V",6,2,3,-15,3,0
"V",6,2,3,-16,1,0
"V",6,2,3,-2,423,67
"V",6,2,3,-3,269,20
"V",6,2,3,-4,145,8
"V",6,2,3,-5,129,1
"V",6,2,3,-6,79,1
"V",6,2,3,-7,55,0
"V",6,2,3,-8,27,0
"V",6,2,3,-9,10,0
"V",6,2,3,0,802,383
"V",6,2,3,1,730,456
"V",6,2,3,10,23,23
"V",6,2,3,11,11,11
"V",6,2,3,12,11,11
"V",6,2,3,13,5,5
"V",6,2,3,14,2,2
"V",6,2,3,15,2,2
"V",6,2,3,17,2,2
"V",6,2,3,18,1,1
"V",6,2,3,2,605,470
"V",6,2,3,3,481,410
"V",6,2,3,4,315,280
"V",6,2,3,5,244,230
"V",6,2,3,6,173,168
"V",6,2,3,7,101,101
"V",6,2,3,8,61,60
"V",6,2,3,9,30,29
"V",6,2,4,-1,383,96
"V",6,2,4,-10,9,0
"V",6,2,4,-11,7,0
"V",6,2,4,-12,5,0
"V",6,2,4,-13,2,0
"V",6,2,4,-14,1,0
"V",6,2,4,-16,1,0
"V",6,2,4,-2,332,66
"V",6,2,4,-3,262,38
"V",6,2,4,-4,182,10
"V",6,2,4,-5,130,3
"V",6,2,4,-6,100,2
"V",6,2,4,-7,50,0
"V",6,2,4,-8,30,0
"V",6,2,4,-9,19,0
"V",6,2,4,0,483,209
"V",6,2,4,1,418,255
"V",6,2,4,10,15,15
"V",6,2,4,11,7,7
"V",6,2,4,12,9,8
"V",6,2,4,13,4,4
"V",6,2,4,14,5,5
"V",6,2,4,15,2,2
"V",6,2,4,16,3,3
"V",6,2,4,17,1,1
"V",6,2,4,19,1,1
"V",6,2,4,2,382,303
"V",6,2,4,3,284,252
"V",6,2,4,4,199,175
"V",6,2,4,5,131,123
"V",6,2,4,6,90,88
"V",6,2,4,7,65,64
"V",6,2,4,8,36,35
"V",6,2,4,9,25,25
"V",6,2,5,-1,275,89
"V",6,2,5,-10,5,0
"V",6,2,5,-11,2,0
"V",6,2,5,-12,3,0
"V",6,2,5,-14,1,0
"V",6,2,5,-15,2,0
"V",6,2,5,-17,1,0
"V",6,2,5,-2,177,28
"V",6,2,5,-3,110,10
"V",6,2,5,-4,62,3
"V",6,2,5,-5,45,4
"V",6,2,5,-6,35,0
"V",6,2,5,-7,20,0
"V",6,2,5,-8,8,0
"V",6,2,5,-9,9,0
"V",6,2,5,0,323,148
"V",6,2,5,1,325,210
"V",6,2,5,10,12,12
"V",6,2,5,11,9,9
"V",6,2,5,12,6,6
"V",6,2,5,13,1,1
"V",6,2,5,14,1,1
"V",6,2,5,16,1,1
"V",6,2,5,2,251,191
"V",6,2,5,3,198,169
"V",6,2,5,4,151,135
"V",6,2,5,5,115,110
"V",6,2,5,6,86,82
"V",6,2,5,7,51,49
"V",6,2,5,8,31,30
"V",6,2,5,9,26,26
"V",6,2,6,-1,222,70
"V",6,2,6,-10,2,0
"V",6,2,6,-11,1,0
"V",6,2,6,-12,1,0
"V",6,2,6,-14,1,0
"V",6,2,6,-16,1,0
"V",6,2,6,-2,176,24
"V",6,2,6,-3,147,18
"V",6,2,6,-4,82,3
"V",6,2,6,-5,65,1
"V",6,2,6,-6,36,1
"V",6,2,6,-7,27,0
"V",6,2,6,-8,13,0
"V",6,2,6,-9,6,0
"V",6,2,6,0,265,127
"V",6,2,6,1,253,149
"V",6,2,6,10,15,15
"V",6,2,6,11,6,6
"V",6,2,6,12,1,1
"V",6,2,6,13,3,3
"V",6,2,6,14,1,1
"V",6,2,6,15,1,1
"V",6,2,6,16,1,1
"V",6,2,6,2,204,160
"V",6,2,6,3,174,156
"V",6,2,6,4,120,105
"V",6,2,6,5,100,91
"V",6,2,6,6,59,54
"V",6,2,6,7,47,47
"V",6,2,6,8,29,29
"V",6,2,6,9,16,16
"V",6,2,7,-1,154,48
"V",6,2,7,-10,4,0
"V",6,2,7,-13,2,0
"V",6,2,7,-2,130,26
"V",6,2,7,-3,81,11
"V",6,2,7,-4,60,6
"V",6,2,7,-5,48,0
"V",6,2,7,-6,25,0
"V",6,2,7,-7,8,0
"V",6,2,7,-8,10,0
"V",6,2,7,-9,7,0
"V",6,2,7,0,181,100
"V",6,2,7,1,178,113
"V",6,2,7,10,7,7
"V",6,2,7,11,7,7
"V",6,2,7,12,2,2
"V",6,2,7,13,3,3
"V",6,2,7,15,1,1
"V",6,2,7,16,2,2
"V",6,2,7,17,1,1
"V",6,2,7,2,133,107
"V",6,2,7,3,152,131
"V",6,2,7,4,91,86
"V",6,2,7,5,61,55
"V",6,2,7,6,51,47
"V",6,2,7,7,24,24
"V",6,2,7,8,14,14
"V",6,2,7,9,11,11
"V",6,2,8,-1,128,26
"V",6,2,8,-10,5,0
"V",6,2,8,-11,1,0
"V",6,2,8,-12,1,0
"V",6,2,8,-2,87,20
"V",6,2,8,-3,79,15
"V",6,2,8,-4,61,8
"V",6,2,8,-5,31,1
"V",6,2,8,-6,20,1
"V",6,2,8,-7,7,0
"V",6,2,8,-8,9,0
"V",6,2,8,-9,7,0
"V",6,2,8,0,154,78
"V",6,2,8,1,160,95
"V",6,2,8,10,3,3
"V",6,2,8,11,4,4
"V",6,2,8,12,1,1
"V",6,2,8,13,1,1
"V",6,2,8,14,2,2
"V",6,2,8,15,1,1
"V",6,2,8,2,113,90
"V",6,2,8,3,99,86
"V",6,2,8,4,68,56
"V",6,2,8,5,47,46
"V",6,2,8,6,27,26
"V",6,2,8,7,21,21
"V",6,2,8,8,10,10
"V",6,2,8,9,8,8
"V",7,0,1,-1,3506,901
"V",7,0,1,-10,145,0
"V",7,0,1,-11,79,0
"V",7,0,1,-12,55,0
"V",7,0,1,-13,30,0
"V",7,0,1,-14,17,0
"V",7,0,1,-15,11,0
"V",7,0,1,-16,10,0
"V",7,0,1,-17,7,0
"V",7,0,1,-18,2,0
"V",7,0,1,-19,1,0
"V",7,0,1,-2,2936,458
"V",7,0,1,-21,1,0
"V",7,0,1,-22,1,0
"V",7,0,1,-3,2261,200
"V",7,0,1,-4,1574,64
"V",7,0,1,-5,1132,22
"V",7,0,1,-6,742,8
"V",7,0,1,-7,495,3
"V",7,0,1,-8,349,2
"V",7,0,1,-9,234,0
"V",7,0,1,0,3876,1805
"V",7,0,1,1,3342,2293
"V",7,0,1,10,77,77
"V",7,0,1,11,53,52
"V",7,0,1,12,37,37
"V",7,0,1,13,14,14
"V",7,0,1,14,9,9
"V",7,0,1,15,3,3
"V",7,0,1,16,6,6
"V",7,0,1,17,6,6
"V",7,0,1,18,1,1
"V",7,0,1,19,2,2
"V",7,0,1,2,2590,2132
"V",7,0,1,3,1917,1730
"V",7,0,1,4,1282,1204
"V",7,0,1,5,975,933
"V",7,0,1,6,597,588
"V",7,0,1,7,346,343
"V",7,0,1,8,222,220
"V",7,0,1,9,137,137
"V",7,0,2,-1,985,319
"V",7,0,2,-10,40,0
"V",7,0,2,-11,19,0
"V",7,0,2,-12,14,0
"V",7,0,2,-13,12,0
"V",7,0,2,-14,5,0
"V",7,0,2,-15,2,0
"V",7,0,2,-16,4,0
"V",7,0,2,-17,2,0
"V",7,0,2,-19,1,0
"V",7,0,2,-2,798,153
"V",7,0,2,-22,1,0
"V",7,0,2,-3,615,79
"V",7,0,2,-4,429,22
"V",7,0,2,-5,335,5
"V",7,0,2,-6,216,6
"V",7,0,2,-7,160,2
"V",7,0,2,-8,117,0
"V",7,0,2,-9,60,0
"V",7,0,2,0,1047,561
"V",7,0,2,1,937,677
"V",7,0,2,10,24,24
"V",7,0,2,11,21,21
"V",7,0,2,12,13,13
"V",7,0,2,13,2,2
"V",7,0,2,14,3,3
"V",7,0,2,15,3,3
"V",7,0,2,16,2,2
"V",7,0,2,17,1,1
"V",7,0,2,19,1,1
"V",7,0,2,2,754,645
"V",7,0,2,3,543,502
"V",7,0,2,4,399,377
"V",7,0,2,5,303,293
"V",7,0,2,6,178,173
"V",7,0,2,7,101,101
"V",7,0,2,8,71,69
"V",7,0,2,9,48,48
"V",7,0,3,-1,191,71
"V",7,0,3,-10,12,0
"V",7,0,3,-11,3,0
"V",7,0,3,-12,7,0
"V",7,0,3,-13,6,0
"V",7,0,3,-14,1,0
"V",7,0,3,-2,146,30
"V",7,0,3,-3,116,19
"V",7,0,3,-4,88,7
"V",7,0,3,-5,56,3
"V",7,0,3,-6,47,0
"V",7,0,3,-7,34,0
"V",7,0,3,-8,24,0
"V",7,0,3,-9,18,0
"V",7,0,3,0,223,137
"V",7,0,3,1,177,137
"V",7,0,3,10,14,14
"V",7,0,3,11,2,2
"V",7,0,3,12,3,3
"V",7,0,3,13,2,2
"V",7,0,3,14,1,1
"V",7,0,3,2,151,131
"V",7,0,3,3,117,110
"V",7,0,3,4,80,77
"V",7,0,3,5,89,86
"V",7,0,3,6,56,55
"V",7,0,3,7,37,37
"V",7,0,3,8,26,26
"V",7,0,3,9,11,11
"V",7,0,4,-1,200,96
"V",7,0,4,-10,9,0
"V",7,0,4,-11,4,0
"V",7,0,4,-12,7,0
"V",7,0,4,-13,2,0
"V",7,0,4,-14,4,0
"V",7,0,4,-15,1,0
"V",7,0,4,-16,2,0
"V",7,0,4,-2,186,56
"V",7,0,4,-22,1,0
"V",7,0,4,-3,135,25
"V",7,0,4,-4,93,8
"V",7,0,4,-5,82,3
"V",7,0,4,-6,67,1
"V",7,0,4,-7,48,1
"V",7,0,4,-8,39,0
"V",7,0,4,-9,15,0
"V",7,0,4,0,194,131
"V",7,0,4,1,198,155
"V",7,0,4,10,7,7
"V",7,0,4,11,4,4
"V",7,0,4,12,6,6
"V",7,0,4,15,2,2
"V",7,0,4,16,1,1
"V",7,0,4,2,137,123
"V",7,0,4,3,120,113
"V",7,0,4,4,75,75
"V",7,0,4,5,70,68
"V",7,0,4,6,46,45
"V",7,0,4,7,27,27
"V",7,0,4,8,10,9
"V",7,0,4,9,11,11
"V",7,0,5,-1,65,29
"V",7,0,5,-10,6,0
"V",7,0,5,-11,4,0
"V",7,0,5,-13,1,0
"V",7,0,5,-2,42,9
"V",7,0,5,-3,41,6
"V",7,0,5,-4,16,0
"V",7,0,5,-5,13,1
"V",7,0,5,-6,13,0
"V",7,0,5,-7,9,0
"V",7,0,5,-8,9,1
"V",7,0,5,-9,7,0
"V",7,0,5,0,69,45
"V",7,0,5,1,65,48
"V",7,0,5,10,5,5
"V",7,0,5,11,2,2
"V",7,0,5,12,1,1
"V",7,0,5,2,50,44
"V",7,0,5,3,36,35
"V",7,0,5,4,23,23
"V",7,0,5,5,40,39
"V",7,0,5,6,19,19
"V",7,0,5,7,12,12
"V",7,0,5,8,7,7
"V",7,0,5,9,5,5
"V",7,0,6,-1,97,58
"V",7,0,6,-10,3,0
"V",7,0,6,-11,3,0
"V",7,0,6,-12,2,0
"V",7,0,6,-13,2,0
"V",7,0,6,-16,1,0
"V",7,0,6,-2,67,24
"V",7,0,6,-3,60,15
"V",7,0,6,-4,32,2
"V",7,0,6,-5,27,3
"V",7,0,6,-6,20,0
"V",7,0,6,-7,11,0
"V",7,0,6,-8,15,0
"V",7,0,6,-9,7,0
"V",7,0,6,0,81,57
"V",7,0,6,1,66,52
"V",7,0,6,10,5,5
"V",7,0,6,11,3,3
"V",7,0,6,12,1,1
"V",7,0,6,13,2,2
"V",7,0,6,14,1,1
"V",7,0,6,2,62,59
"V",7,0,6,3,44,43
"V",7,0,6,4,45,45
"V",7,0,6,5,37,36
"V",7,0,6,6,24,24
"V",7,0,6,7,11,11
"V",7,0,6,8,12,12
"V",7,0,6,9,7,7
"V",7,0,7,-1,50,21
"V",7,0,7,-11,2,0
"V",7,0,7,-12,1,0
"V",7,0,7,-13,2,0
"V",7,0,7,-15,1,0
"V",7,0,7,-2,43,12
"V",7,0,7,-3,24,6
"V",7,0,7,-4,18,1
"V",7,0,7,-5,15,0
"V",7,0,7,-6,13,1
"V",7,0,7,-7,8,0
"V",7,0,7,-8,5,0
"V",7,0,7,-9,3,0
"V",7,0,7,0,44,34
"V",7,0,7,1,39,30
"V",7,0,7,10,2,2
"V",7,0,7,11,6,6
"V",7,0,7,14,1,1
"V",7,0,7,16,1,1
"V",7,0,7,2,32,26
"V",7,0,7,3,38,38
"V",7,0,7,4,25,24
"V",7,0,7,5,19,19
"V",7,0,7,6,15,15
"V",7,0,7,7,9,9
"V",7,0,7,8,7,7
"V",7,0,7,9,3,3
"V",7,0,8,-1,46,29
"V",7,0,8,-10,4,0
"V",7,0,8,-11,2,0
"V",7,0,8,-12,1,0
"V",7,0,8,-13,1,0
"V",7,0,8,-2,46,23
"V",7,0,8,-3,33,9
"V",7,0,8,-4,21,2
"V",7,0,8,-5,14,1
"V",7,0,8,-6,16,1
"V",7,0,8,-7,6,0
"V",7,0,8,-8,10,0
"V",7,0,8,-9,5,0
"V",7,0,8,0,54,43
"V",7,0,8,1,48,43
"V",7,0,8,10,2,2
"V",7,0,8,11,1,1
"V",7,0,8,13,1,1
"V",7,0,8,2,41,39
"V",7,0,8,3,38,37
"V",7,0,8,4,23,23
"V",7,0,8,5,18,18
"V",7,0,8,6,16,16
"V",7,0,8,7,9,9
"V",7,0,8,8,5,5
"V",7,0,8,9,7,7
"V",7,1,1,-1,2395,511
"V",7,1,1,-10,91,0
"V",7,1,1,-11,57,0
"V",7,1,1,-12,34,0
"V",7,1,1,-13,17,0
"V",7,1,1,-14,11,0
"V",7,1,1,-15,9,0
"V",7,1,1,-16,6,0
"V",7,1,1,-17,5,0
"V",7,1,1,-18,2,0
"V",7,1,1,-2,2017,269
"V",7,1,1,-21,1,0
"V",7,1,1,-3,1536,99
"V",7,1,1,-4,1075,36
"V",7,1,1,-5,745,15
"V",7,1,1,-6,490,3
"V",7,1,1,-7,308,1
"V",7,1,1,-8,214,1
"V",7,1,1,-9,155,0
"V",7,1,1,0,2682,1137
"V",7,1,1,1,2335,1557
"V",7,1,1,10,51,51
"V",7,1,1,11,39,38
"V",7,1,1,12,25,25
"V",7,1,1,13,13,13
"V",7,1,1,14,7,7
"V",7,1,1,15,2,2
"V",7,1,1,16,4,4
"V",7,1,1,17,5,5
"V",7,1,1,18,1,1
"V",7,1,1,19,1,1
"V",7,1,1,2,1801,1446
"V",7,1,1,3,1348,1197
"V",7,1,1,4,867,812
"V",7,1,1,5,657,625
"V",7,1,1,6,431,427
"V",7,1,1,7,254,251
"V",7,1,1,8,142,141
"V",7,1,1,9,91,91
"V",7,1,2,-1,1050,263
"V",7,1,2,-10,52,0
"V",7,1,2,-11,30,0
"V",7,1,2,-12,15,0
"V",7,1,2,-13,8,0
"V",7,1,2,-14,5,0
"V",7,1,2,-15,5,0
"V",7,1,2,-16,2,0
"V",7,1,2,-17,3,0
"V",7,1,2,-19,1,0
"V",7,1,2,-2,1003,169
"V",7,1,2,-21,1,0
"V",7,1,2,-3,779,76
"V",7,1,2,-4,534,28
"V",7,1,2,-5,403,5
"V",7,1,2,-6,236,3
"V",7,1,2,-7,161,0
"V",7,1,2,-8,113,0
"V",7,1,2,-9,72,0
"V",7,1,2,0,1174,546
"V",7,1,2,1,1023,720
"V",7,1,2,10,39,39
"V",7,1,2,11,22,21
"V",7,1,2,12,23,23
"V",7,1,2,13,7,7
"V",7,1,2,14,6,6
"V",7,1,2,15,3,3
"V",7,1,2,16,3,3
"V",7,1,2,17,3,3
"V",7,1,2,18,1,1
"V",7,1,2,19,2,2
"V",7,1,2,2,792,637
"V",7,1,2,3,622,567
"V",7,1,2,4,455,427
"V",7,1,2,5,351,336
"V",7,1,2,6,256,250
"V",7,1,2,7,136,135
"V",7,1,2,8,99,98
"V",7,1,2,9,51,51
"V",7,1,3,-1,443,137
"V",7,1,3,-10,13,0
"V",7,1,3,-11,7,0
"V",7,1,3,-12,8,0
"V",7,1,3,-13,2,0
"V",7,1,3,-15,1,0
"V",7,1,3,-17,1,0
"V",7,1,3,-2,267,50
"V",7,1,3,-3,186,16
"V",7,1,3,-4,138,9
"V",7,1,3,-5,94,3
"V",7,1,3,-6,62,0
"V",7,1,3,-7,54,1
"V",7,1,3,-8,32,0
"V",7,1,3,-9,17,0
"V",7,1,3,0,607,305
"V",7,1,3,1,576,424
"V",7,1,3,10,12,12
"V",7,1,3,11,12,12
"V",7,1,3,12,8,8
"V",7,1,3,13,2,2
"V",7,1,3,14,2,2
"V",7,1,3,15,2,2
"V",7,1,3,2,483,411
"V",7,1,3,3,377,349
"V",7,1,3,4,273,258
"V",7,1,3,5,198,190
"V",7,1,3,6,137,134
"V",7,1,3,7,94,94
"V",7,1,3,8,65,65
"V",7,1,3,9,31,31
"V",7,1,4,-1,321,106
"V",7,1,4,-10,13,0
"V",7,1,4,-11,9,0
"V",7,1,4,-12,7,0
"V",7,1,4,-13,4,0
"V",7,1,4,-14,6,0
"V",7,1,4,-15,4,0
"V",7,1,4,-16,1,0
"V",7,1,4,-2,307,65
"V",7,1,4,-22,1,0
"V",7,1,4,-3,258,37
"V",7,1,4,-4,167,13
"V",7,1,4,-5,154,3
"V",7,1,4,-6,107,0
"V",7,1,4,-7,65,0
"V",7,1,4,-8,49,0
"V",7,1,4,-9,21,0
"V",7,1,4,0,343,177
"V",7,1,4,1,327,255
"V",7,1,4,10,14,14
"V",7,1,4,11,9,9
"V",7,1,4,12,12,12
"V",7,1,4,13,6,6
"V",7,1,4,14,2,2
"V",7,1,4,16,1,1
"V",7,1,4,2,258,215
"V",7,1,4,3,227,213
"V",7,1,4,4,140,135
"V",7,1,4,5,126,122
"V",7,1,4,6,80,79
"V",7,1,4,7,51,51
"V",7,1,4,8,47,46
"V",7,1,4,9,35,35
"V",7,1,5,-1,174,62
"V",7,1,5,-10,9,0
"V",7,1,5,-11,3,0
"V",7,1,5,-12,3,0
"V",7,1,5,-13,2,0
"V",7,1,5,-17,1,0
"V",7,1,5,-2,98,16
"V",7,1,5,-3,78,11
"V",7,1,5,-4,48,3
"V",7,1,5,-5,22,2
"V",7,1,5,-6,25,0
"V",7,1,5,-7,15,0
"V",7,1,5,-8,13,1
"V",7,1,5,-9,8,0
"V",7,1,5,0,194,120
"V",7,1,5,1,199,151
"V",7,1,5,10,12,12
"V",7,1,5,11,4,4
"V",7,1,5,12,4,4
"V",7,1,5,13,2,2
"V",7,1,5,14,4,4
"V",7,1,5,2,184,155
"V",7,1,5,3,153,145
"V",7,1,5,4,105,104
"V",7,1,5,5,104,101
"V",7,1,5,6,59,59
"V",7,1,5,7,43,42
"V",7,1,5,8,28,27
"V",7,1,5,9,17,17
"V",7,1,6,-1,179,82
"V",7,1,6,-10,10,0
"V",7,1,6,-11,3,0
"V",7,1,6,-12,2,0
"V",7,1,6,-13,1,0
"V",7,1,6,-14,1,0
"V",7,1,6,-2,149,39
"V",7,1,6,-3,128,15
"V",7,1,6,-4,87,7
"V",7,1,6,-5,50,0
"V",7,1,6,-6,35,0
"V",7,1,6,-7,35,0
"V",7,1,6,-8,22,0
"V",7,1,6,-9,13,0
"V",7,1,6,0,213,128
"V",7,1,6,1,197,160
"V",7,1,6,10,11,11
"V",7,1,6,11,4,4
"V",7,1,6,12,5,5
"V",7,1,6,13,3,3
"V",7,1,6,17,1,1
"V",7,1,6,2,167,153
"V",7,1,6,3,156,145
"V",7,1,6,4,95,89
"V",7,1,6,5,68,67
"V",7,1,6,6,53,51
"V",7,1,6,7,32,31
"V",7,1,6,8,31,31
"V",7,1,6,9,13,13
"V",7,1,7,-1,152,79
"V",7,1,7,-10,3,0
"V",7,1,7,-11,3,0
"V",7,1,7,-13,1,0
"V",7,1,7,-14,1,0
"V",7,1,7,-2,135,39
"V",7,1,7,-3,62,7
"V",7,1,7,-4,49,3
"V",7,1,7,-5,43,1
"V",7,1,7,-6,24,0
"V",7,1,7,-7,14,0
"V",7,1,7,-8,10,0
"V",7,1,7,-9,8,0
"V",7,1,7,0,174,114
"V",7,1,7,1,169,123
"V",7,1,7,10,11,11
"V",7,1,7,11,7,7
"V",7,1,7,12,5,5
"V",7,1,7,13,2,2
"V",7,1,7,14,2,2
"V",7,1,7,15,2,2
"V",7,1,7,16,2,2
"V",7,1,7,2,140,124
"V",7,1,7,3,123,115
"V",7,1,7,4,93,92
"V",7,1,7,5,66,66
"V",7,1,7,6,49,49
"V",7,1,7,7,31,31
"V",7,1,7,8,14,13
"V",7,1,7,9,5,5
"V",7,1,8,-1,105,50
"V",7,1,8,-10,2,0
"V",7,1,8,-11,3,0
"V",7,1,8,-12,2,0
"V",7,1,8,-13,1,0
"V",7,1,8,-14,2,0
"V",7,1,8,-2,82,26
"V",7,1,8,-3,62,8
"V",7,1,8,-4,47,4
"V",7,1,8,-5,42,2
"V",7,1,8,-6,32,0
"V",7,1,8,-7,18,0
"V",7,1,8,-8,13,0
"V",7,1,8,-9,9,0
"V",7,1,8,0,134,84
"V",7,1,8,1,131,108
"V",7,1,8,10,10,10
"V",7,1,8,11,5,5
"V",7,1,8,12,5,5
"V",7,1,8,13,1,1
"V",7,1,8,14,1,1
"V",7,1,8,2,104,101
"V",7,1,8,3,67,64
"V",7,1,8,4,66,64
"V",7,1,8,5,39,39
"V",7,1,8,6,25,25
"V",7,1,8,7,15,15
"V",7,1,8,8,8,8
"V",7,1,8,9,15,15
"V",7,2,1,-1,1856,338
"V",7,2,1,-10,62,0
"V",7,2,1,-11,44,0
"V",7,2,1,-12,22,0
"V",7,2,1,-13,15,0
"V",7,2,1,-14,5,0
"V",7,2,1,-15,5,0
"V",7,2,1,-16,5,0
"V",7,2,1,-17,4,0
"V",7,2,1,-18,2,0
"V",7,2,1,-2,1491,158
"V",7,2,1,-3,1138,55
"V",7,2,1,-4,808,16
"V",7,2,1,-5,555,7
"V",7,2,1,-6,371,1
"V",7,2,1,-7,229,1
"V",7,2,1,-8,157,1
"V",7,2,1,-9,117,0
"V",7,2,1,0,2065,806
"V",7,2,1,1,1817,1156
"V",7,2,1,10,50,50
"V",7,2,1,11,39,39
"V",7,2,1,12,18,18
"V",7,2,1,13,12,12
"V",7,2,1,14,6,6
"V",7,2,1,15,3,3
"V",7,2,1,16,2,2
"V",7,2,1,17,4,4
"V",7,2,1,18,2,2
"V",7,2,1,19,1,1
"V",7,2,1,2,1423,1133
"V",7,2,1,3,1110,974
"V",7,2,1,4,702,652
"V",7,2,1,5,538,510
"V",7,2,1,6,350,344
"V",7,2,1,7,204,203
"V",7,2,1,8,132,132
"V",7,2,1,9,81,81
"V",7,2,2,-1,1069,224
"V",7,2,2,-10,40,0
"V",7,2,2,-11,25,0
"V",7,2,2,-12,14,0
"V",7,2,2,-13,4,0
"V",7,2,2,-14,3,0
"V",7,2,2,-15,6,0
"V",7,2,2,-16,2,0
"V",7,2,2,-17,3,0
"V",7,2,2,-18,1,0
"V",7,2,2,-19,1,0
"V",7,2,2,-2,917,112
"V",7,2,2,-21,1,0
"V",7,2,2,-3,710,51
"V",7,2,2,-4,490,15
"V",7,2,2,-5,350,3
"V",7,2,2,-6,241,5
"V",7,2,2,-7,163,1
"V",7,2,2,-8,100,0
"V",7,2,2,-9,74,0
"V",7,2,2,0,1141,487
"V",7,2,2,1,1000,643
"V",7,2,2,10,46,46
"V",7,2,2,11,34,33
"V",7,2,2,12,20,20
"V",7,2,2,13,12,12
"V",7,2,2,14,12,12
"V",7,2,2,15,3,3
"V",7,2,2,16,4,4
"V",7,2,2,17,4,4
"V",7,2,2,18,3,3
"V",7,2,2,19,1,1
"V",7,2,2,2,870,687
"V",7,2,2,3,711,643
"V",7,2,2,4,516,479
"V",7,2,2,5,371,348
"V",7,2,2,6,269,262
"V",7,2,2,7,180,178
"V",7,2,2,8,107,105
"V",7,2,2,9,68,68
"V",7,2,3,-1,527,113
"V",7,2,3,-10,15,0
"V",7,2,3,-11,5,0
"V",7,2,3,-12,7,0
"V",7,2,3,-13,4,0
"V",7,2,3,-14,1,0
"V",7,2,3,-16,1,0
"V",7,2,3,-17,1,0
"V",7,2,3,-2,331,38
"V",7,2,3,-3,243,16
"V",7,2,3,-4,177,7
"V",7,2,3,-5,117,2
"V",7,2,3,-6,71,2
"V",7,2,3,-7,52,1
"V",7,2,3,-8,43,0
"V",7,2,3,-9,27,0
"V",7,2,3,0,667,291
"V",7,2,3,1,673,452
"V",7,2,3,10,31,31
"V",7,2,3,11,28,28
"V",7,2,3,12,15,14
"V",7,2,3,13,10,10
"V",7,2,3,14,4,4
"V",7,2,3,15,4,4
"V",7,2,3,17,1,1
"V",7,2,3,19,1,1
"V",7,2,3,2,604,484
"V",7,2,3,20,1,1
"V",7,2,3,3,440,400
"V",7,2,3,4,369,348
"V",7,2,3,5,261,255
"V",7,2,3,6,195,193
"V",7,2,3,7,136,134
"V",7,2,3,8,69,69
"V",7,2,3,9,42,42
"V",7,2,4,-1,352,80
"V",7,2,4,-10,17,0
"V",7,2,4,-11,9,0
"V",7,2,4,-12,6,0
"V",7,2,4,-13,5,0
"V",7,2,4,-14,3,0
"V",7,2,4,-15,2,0
"V",7,2,4,-16,1,0
"V",7,2,4,-17,1,0
"V",7,2,4,-18,2,0
"V",7,2,4,-19,1,0
"V",7,2,4,-2,368,55
"V",7,2,4,-22,1,0
"V",7,2,4,-3,283,22
"V",7,2,4,-4,215,12
"V",7,2,4,-5,157,1
"V",7,2,4,-6,108,2
"V",7,2,4,-7,81,0
"V",7,2,4,-8,54,0
"V",7,2,4,-9,27,0
"V",7,2,4,0,448,178
"V",7,2,4,1,350,241
"V",7,2,4,10,15,15
"V",7,2,4,11,9,9
"V",7,2,4,12,6,6
"V",7,2,4,13,8,8
"V",7,2,4,14,1,1
"V",7,2,4,15,1,1
"V",7,2,4,16,1,1
"V",7,2,4,18,1,1
"V",7,2,4,2,306,251
"V",7,2,4,3,260,242
"V",7,2,4,4,183,171
"V",7,2,4,5,125,119
"V",7,2,4,6,93,89
"V",7,2,4,7,72,71
"V",7,2,4,8,54,53
"V",7,2,4,9,39,39
"V",7,2,5,-1,248,71
"V",7,2,5,-10,6,0
"V",7,2,5,-11,4,0
"V",7,2,5,-12,3,0
"V",7,2,5,-13,1,0
"V",7,2,5,-17,1,0
"V",7,2,5,-2,151,16
"V",7,2,5,-3,115,7
"V",7,2,5,-4,69,3
"V",7,2,5,-5,37,1
"V",7,2,5,-6,26,0
"V",7,2,5,-7,27,0
"V",7,2,5,-8,24,1
"V",7,2,5,-9,5,0
"V",7,2,5,0,295,127
"V",7,2,5,1,294,214
"V",7,2,5,10,12,12
"V",7,2,5,11,11,11
"V",7,2,5,12,9,9
"V",7,2,5,13,4,4
"V",7,2,5,14,4,4
"V",7,2,5,15,2,2
"V",7,2,5,16,1,1
"V",7,2,5,17,1,1
"V",7,2,5,2,242,208
"V",7,2,5,3,196,174
"V",7,2,5,4,161,151
"V",7,2,5,5,128,124
"V",7,2,5,6,107,104
"V",7,2,5,7,59,59
"V",7,2,5,8,44,43
"V",7,2,5,9,24,24
"V",7,2,6,-1,218,53
"V",7,2,6,-10,12,0
"V",7,2,6,-11,6,0
"V",7,2,6,-12,3,0
"V",7,2,6,-13,3,0
"V",7,2,6,-14,1,0
"V",7,2,6,-15,1,0
"V",7,2,6,-17,1,0
"V",7,2,6,-2,176,23
"V",7,2,6,-3,129,13
"V",7,2,6,-4,87,4
"V",7,2,6,-5,73,0
"V",7,2,6,-6,35,0
"V",7,2,6,-7,32,0
"V",7,2,6,-8,24,0
"V",7,2,6,-9,14,0
"V",7,2,6,0,260,130
"V",7,2,6,1,232,164
"V",7,2,6,10,11,11
"V",7,2,6,11,10,9
"V",7,2,6,12,8,7
"V",7,2,6,13,8,8
"V",7,2,6,14,2,2
"V",7,2,6,17,2,2
"V",7,2,6,18,1,1
"V",7,2,6,2,191,154
"V",7,2,6,3,145,135
"V",7,2,6,4,124,114
"V",7,2,6,5,101,96
"V",7,2,6,6,90,88
"V",7,2,6,7,46,46
"V",7,2,6,8,22,22
"V",7,2,6,9,20,20
"V",7,2,7,-1,150,56
"V",7,2,7,-10,3,0
"V",7,2,7,-11,4,0
"V",7,2,7,-12,1,0
"V",7,2,7,-17,1,0
"V",7,2,7,-2,132,24
"V",7,2,7,-3,68,7
"V",7,2,7,-4,53,2
"V",7,2,7,-5,48,1
"V",7,2,7,-6,36,1
"V",7,2,7,-7,17,0
"V",7,2,7,-8,16,0
"V",7,2,7,-9,4,0
"V",7,2,7,0,177,92
"V",7,2,7,1,158,108
"V",7,2,7,10,7,7
"V",7,2,7,11,5,5
"V",7,2,7,12,3,3
"V",7,2,7,13,3,3
"V",7,2,7,14,2,2
"V",7,2,7,15,1,1
"V",7,2,7,2,144,117
"V",7,2,7,3,136,122
"V",7,2,7,4,77,74
"V",7,2,7,5,64,64
"V",7,2,7,6,46,45
"V",7,2,7,7,36,36
"V",7,2,7,8,24,24
"V",7,2,7,9,10,10
"V",7,2,8,-1,122,44
"V",7,2,8,-10,3,0
"V",7,2,8,-11,2,0
"V",7,2,8,-12,3,0
"V",7,2,8,-13,3,0
"V",7,2,8,-14,1,0
"V",7,2,8,-15,1,0
"V",7,2,8,-17,1,0
"V",7,2,8,-2,112,21
"V",7,2,8,-3,83,12
"V",7,2,8,-4,50,6
"V",7,2,8,-5,37,2
"V",7,2,8,-6,25,1
"V",7,2,8,-7,17,0
"V",7,2,8,-8,12,0
"V",7,2,8,-9,7,0
"V",7,2,8,0,169,88
"V",7,2,8,1,158,108
"V",7,2,8,10,2,2
"V",7,2,8,11,5,5
"V",7,2,8,12,4,4
"V",7,2,8,14,2,2
"V",7,2,8,17,1,1
"V",7,2,8,2,103,84
"V",7,2,8,3,81,77
"V",7,2,8,4,65,60
"V",7,2,8,5,49,47
"V",7,2,8,6,29,29
"V",7,2,8,7,18,18
"V",7,2,8,8,10,10
"V",7,2,8,9,6,6
"V",8,0,1,-1,3254,716
"V",8,0,1,-10,183,0
"V",8,0,1,-11,121,0
"V",8,0,1,-12,62,0
"V",8,0,1,-13,43,0
"V",8,0,1,-14,28,0
"V",8,0,1,-15,25,0
"V",8,0,1,-16,12,0
"V",8,0,1,-17,5,0
"V",8,0,1,-18,5,0
"V",8,0,1,-2,2791,315
"V",8,0,1,-20,2,0
"V",8,0,1,-21,1,0
"V",8,0,1,-23,1,0
"V",8,0,1,-3,2191,132
"V",8,0,1,-4,1762,60
"V",8,0,1,-5,1239,18
"V",8,0,1,-6,852,7
"V",8,0,1,-7,615,1
"V",8,0,1,-8,423,0
"V",8,0,1,-9,284,1
"V",8,0,1,0,3383,1564
"V",8,0,1,1,3062,2281
"V",8,0,1,10,95,95
"V",8,0,1,11,84,83
"V",8,0,1,12,44,44
"V",8,0,1,13,31,31
"V",8,0,1,14,18,18
"V",8,0,1,15,7,7
"V",8,0,1,16,7,7
"V",8,0,1,17,7,7
"V",8,0,1,18,2,2
"V",8,0,1,19,2,2
"V",8,0,1,2,2492,2175
"V",8,0,1,20,1,1
"V",8,0,1,3,1916,1785
"V",8,0,1,4,1381,1336
"V",8,0,1,5,955,931
"V",8,0,1,6,690,686
"V",8,0,1,7,420,418
"V",8,0,1,8,273,273
"V",8,0,1,9,193,193
"V",8,0,2,-1,886,282
"V",8,0,2,-10,62,0
"V",8,0,2,-11,37,0
"V",8,0,2,-12,22,0
"V",8,0,2,-13,10,0
"V",8,0,2,-14,7,0
"V",8,0,2,-15,7,0
"V",8,0,2,-16,5,0
"V",8,0,2,-17,4,0
"V",8,0,2,-18,1,0
"V",8,0,2,-2,748,132
"V",8,0,2,-20,1,0
"V",8,0,2,-21,1,0
"V",8,0,2,-23,1,0
"V",8,0,2,-3,627,63
"V",8,0,2,-4,487,29
"V",8,0,2,-5,362,9
"V",8,0,2,-6,228,3
"V",8,0,2,-7,171,0
"V",8,0,2,-8,150,0
"V",8,0,2,-9,78,0
"V",8,0,2,0,962,479
"V",8,0,2,1,857,676
"V",8,0,2,10,44,44
"V",8,0,2,11,30,29
"V",8,0,2,12,20,20
"V",8,0,2,13,8,8
"V",8,0,2,14,5,5
"V",8,0,2,15,2,2
"V",8,0,2,16,3,3
"V",8,0,2,18,2,2
"V",8,0,2,19,1,1
"V",8,0,2,2,756,671
"V",8,0,2,3,562,535
"V",8,0,2,4,414,403
"V",8,0,2,5,291,283
"V",8,0,2,6,206,205
"V",8,0,2,7,137,137
"V",8,0,2,8,78,78
"V",8,0,2,9,71,71
"V",8,0,3,-1,181,62
"V",8,0,3,-10,7,0
"V",8,0,3,-11,11,0
"V",8,0,3,-12,2,0
"V",8,0,3,-13,3,0
"V",8,0,3,-14,1,0
"V",8,0,3,-15,2,0
"V",8,0,3,-18,1,0
"V",8,0,3,-2,153,41
"V",8,0,3,-3,129,16
"V",8,0,3,-4,96,3
"V",8,0,3,-5,84,1
"V",8,0,3,-6,63,0
"V",8,0,3,-7,40,1
"V",8,0,3,-8,28,0
"V",8,0,3,-9,17,0
"V",8,0,3,0,198,124
"V",8,0,3,1,191,153
"V",8,0,3,10,8,8
"V",8,0,3,11,13,13
"V",8,0,3,12,7,7
"V",8,0,3,13,1,1
"V",8,0,3,14,2,2
"V",8,0,3,17,2,2
"V",8,0,3,18,1,1
"V",8,0,3,2,170,157
"V",8,0,3,3,133,125
"V",8,0,3,4,110,105
"V",8,0,3,5,77,76
"V",8,0,3,6,57,57
"V",8,0,3,7,33,33
"V",8,0,3,8,20,20
"V",8,0,3,9,19,19
"V",8,0,4,-1,165,80
"V",8,0,4,-10,12,0
"V",8,0,4,-11,15,0
"V",8,0,4,-12,8,0
"V",8,0,4,-13,4,0
"V",8,0,4,-14,2,0
"V",8,0,4,-15,3,0
"V",8,0,4,-16,1,0
"V",8,0,4,-17,1,0
"V",8,0,4,-19,1,0
"V",8,0,4,-2,178,53
"V",8,0,4,-20,1,0
"V",8,0,4,-3,155,25
"V",8,0,4,-4,128,16
"V",8,0,4,-5,106,7
"V",8,0,4,-6,63,1
"V",8,0,4,-7,51,0
"V",8,0,4,-8,40,0
"V",8,0,4,-9,22,0
"V",8,0,4,0,187,117
"V",8,0,4,1,150,125
"V",8,0,4,10,10,10
"V",8,0,4,11,13,13
"V",8,0,4,12,3,3
"V",8,0,4,13,1,1
"V",8,0,4,14,1,1
"V",8,0,4,18,1,1
"V",8,0,4,2,121,111
"V",8,0,4,3,114,111
"V",8,0,4,4,101,100
"V",8,0,4,5,60,59
"V",8,0,4,6,44,44
"V",8,0,4,7,33,33
"V",8,0,4,8,13,13
"V",8,0,4,9,19,19
"V",8,0,5,-1,54,21
"V",8,0,5,-10,4,0
"V",8,0,5,-12,4,0
"V",8,0,5,-13,1,0
"V",8,0,5,-2,43,6
"V",8,0,5,-3,43,6
"V",8,0,5,-4,23,2
"V",8,0,5,-5,18,0
"V",8,0,5,-6,14,0
"V",8,0,5,-7,7,0
"V",8,0,5,-8,9,0
"V",8,0,5,-9,4,0
"V",8,0,5,0,70,48
"V",8,0,5,1,65,54
"V",8,0,5,10,7,7
"V",8,0,5,11,2,2
"V",8,0,5,12,5,5
"V",8,0,5,13,2,2
"V",8,0,5,14,1,1
"V",8,0,5,17,1,1
"V",8,0,5,2,76,72
"V",8,0,5,3,62,60
"V",8,0,5,4,35,34
"V",8,0,5,5,22,21
"V",8,0,5,6,19,18
"V",8,0,5,7,8,8
"V",8,0,5,8,8,8
"V",8,0,5,9,8,8
"V",8,0,6,-1,84,39
"V",8,0,6,-10,2,0
"V",8,0,6,-11,4,0
"V",8,0,6,-12,2,0
"V",8,0,6,-14,1,0
"V",8,0,6,-2,89,28
"V",8,0,6,-3,71,11
"V",8,0,6,-4,39,1
"V",8,0,6,-5,42,1
"V",8,0,6,-6,23,1
"V",8,0,6,-7,13,1
"V",8,0,6,-8,11,0
"V",8,0,6,-9,7,0
"V",8,0,6,0,75,55
"V",8,0,6,1,69,59
"V",8,0,6,10,6,6
"V",8,0,6,11,3,3
"V",8,0,6,12,6,6
"V",8,0,6,13,2,2
"V",8,0,6,14,2,2
"V",8,0,6,18,2,2
"V",8,0,6,2,65,59
"V",8,0,6,3,61,58
"V",8,0,6,4,38,38
"V",8,0,6,5,37,35
"V",8,0,6,6,24,24
"V",8,0,6,7,17,17
"V",8,0,6,8,7,7
"V",8,0,6,9,9,9
"V",8,0,7,-1,51,31
"V",8,0,7,-10,1,0
"V",8,0,7,-11,3,0
"V",8,0,7,-12,1,0
"V",8,0,7,-13,2,0
"V",8,0,7,-15,1,0
"V",8,0,7,-2,44,18
"V",8,0,7,-3,27,3
"V",8,0,7,-4,24,6
"V",8,0,7,-5,13,1
"V",8,0,7,-6,14,0
"V",8,0,7,-7,6,0
"V",8,0,7,-8,8,0
"V",8,0,7,-9,2,0
"V",8,0,7,0,49,41
"V",8,0,7,1,39,33
"V",8,0,7,10,4,4
"V",8,0,7,11,4,4
"V",8,0,7,13,1,1
"V",8,0,7,14,2,2
"V",8,0,7,2,41,36
"V",8,0,7,3,32,30
"V",8,0,7,4,29,29
"V",8,0,7,5,21,21
"V",8,0,7,6,7,7
"V",8,0,7,7,4,4
"V",8,0,7,8,4,4
"V",8,0,7,9,5,5
"V",8,0,8,-1,55,34
"V",8,0,8,-10,1,0
"V",8,0,8,-11,4,0
"V",8,0,8,-12,3,0
"V",8,0,8,-13,1,0
"V",8,0,8,-15,1,0
"V",8,0,8,-16,1,0
"V",8,0,8,-2,47,23
"V",8,0,8,-3,29,10
"V",8,0,8,-4,21,7
"V",8,0,8,-5,20,3
"V",8,0,8,-6,16,0
"V",8,0,8,-7,11,0
"V",8,0,8,-8,13,0
"V",8,0,8,-9,6,0
"V",8,0,8,0,51,33
"V",8,0,8,1,37,31
"V",8,0,8,10,3,3
"V",8,0,8,11,4,4
"V",8,0,8,12,3,3
"V",8,0,8,14,1,1
"V",8,0,8,2,33,29
"V",8,0,8,3,32,31
"V",8,0,8,4,29,29
"V",8,0,8,5,22,22
"V",8,0,8,6,17,17
"V",8,0,8,7,9,9
"V",8,0,8,8,8,8
"V",8,0,8,9,6,6
"V",8,1,1,-1,2264,368
"V",8,1,1,-10,115,0
"V",8,1,1,-11,73,0
"V",8,1,1,-12,33,0
"V",8,1,1,-13,30,0
"V",8,1,1,-14,21,0
"V",8,1,1,-15,15,0
"V",8,1,1,-16,7,0
"V",8,1,1,-17,1,0
"V",8,1,1,-18,3,0
"V",8,1,1,-2,1944,154
"V",8,1,1,-20,1,0
"V",8,1,1,-3,1463,57
"V",8,1,1,-4,1200,24
"V",8,1,1,-5,803,8
"V",8,1,1,-6,561,5
"V",8,1,1,-7,412,0
"V",8,1,1,-8,252,0
"V",8,1,1,-9,193,1
"V",8,1,1,0,2291,970
"V",8,1,1,1,2116,1530
"V",8,1,1,10,56,56
"V",8,1,1,11,49,49
"V",8,1,1,12,30,30
"V",8,1,1,13,29,29
"V",8,1,1,14,13,13
"V",8,1,1,15,6,6
"V",8,1,1,16,4,4
"V",8,1,1,17,5,5
"V",8,1,1,18,1,1
"V",8,1,1,19,1,1
"V",8,1,1,2,1672,1439
"V",8,1,1,20,1,1
"V",8,1,1,24,1,1
"V",8,1,1,3,1335,1229
"V",8,1,1,4,933,900
"V",8,1,1,5,658,641
"V",8,1,1,6,482,479
"V",8,1,1,7,297,294
"V",8,1,1,8,199,199
"V",8,1,1,9,117,117
"V",8,1,2,-1,973,207
"V",8,1,2,-10,71,0
"V",8,1,2,-11,41,0
"V",8,1,2,-12,16,0
"V",8,1,2,-13,12,0
"V",8,1,2,-14,7,0
"V",8,1,2,-15,10,0
"V",8,1,2,-16,5,0
"V",8,1,2,-17,3,0
"V",8,1,2,-18,1,0
"V",8,1,2,-2,983,108
"V",8,1,2,-21,1,0
"V",8,1,2,-3,734,49
"V",8,1,2,-4,588,14
"V",8,1,2,-5,396,8
"V",8,1,2,-6,300,4
"V",8,1,2,-7,202,0
"V",8,1,2,-8,158,0
"V",8,1,2,-9,94,0
"V",8,1,2,0,993,457
"V",8,1,2,1,930,700
"V",8,1,2,10,49,49
"V",8,1,2,11,25,24
"V",8,1,2,12,20,20
"V",8,1,2,13,14,14
"V",8,1,2,14,11,11
"V",8,1,2,15,3,3
"V",8,1,2,16,2,2
"V",8,1,2,17,1,1
"V",8,1,2,18,1,1
"V",8,1,2,19,2,2
"V",8,1,2,2,798,697
"V",8,1,2,20,1,1
"V",8,1,2,3,667,620
"V",8,1,2,4,472,456
"V",8,1,2,5,353,340
"V",8,1,2,6,266,263
"V",8,1,2,7,183,182
"V",8,1,2,8,109,109
"V",8,1,2,9,83,83
"V",8,1,3,-1,454,141
"V",8,1,3,-10,11,0
"V",8,1,3,-11,12,0
"V",8,1,3,-12,4,0
"V",8,1,3,-13,6,0
"V",8,1,3,-14,2,0
"V",8,1,3,-16,2,0
"V",8,1,3,-17,1,0
"V",8,1,3,-18,1,0
"V",8,1,3,-2,260,34
"V",8,1,3,-3,188,10
"V",8,1,3,-4,142,4
"V",8,1,3,-5,115,2
"V",8,1,3,-6,83,1
"V",8,1,3,-7,61,0
"V",8,1,3,-8,44,1
"V",8,1,3,-9,34,1
"V",8,1,3,0,622,322
"V",8,1,3,1,578,449
"V",8,1,3,10,24,24
"V",8,1,3,11,20,19
"V",8,1,3,12,15,15
"V",8,1,3,13,6,6
"V",8,1,3,14,3,3
"V",8,1,3,15,1,1
"V",8,1,3,16,1,1
"V",8,1,3,17,2,2
"V",8,1,3,19,1,1
"V",8,1,3,2,520,455
"V",8,1,3,3,372,354
"V",8,1,3,4,321,308
"V",8,1,3,5,198,196
"V",8,1,3,6,125,125
"V",8,1,3,7,91,91
"V",8,1,3,8,77,77
"V",8,1,3,9,32,32
"V",8,1,4,-1,287,96
"V",8,1,4,-10,22,0
"V",8,1,4,-11,20,0
"V",8,1,4,-12,4,0
"V",8,1,4,-13,6,0
"V",8,1,4,-14,2,0
"V",8,1,4,-15,2,0
"V",8,1,4,-16,3,0
"V",8,1,4,-17,1,0
"V",8,1,4,-18,1,0
"V",8,1,4,-19,1,0
"V",8,1,4,-2,293,59
"V",8,1,4,-3,261,29
"V",8,1,4,-4,207,8
"V",8,1,4,-5,148,3
"V",8,1,4,-6,122,2
"V",8,1,4,-7,63,0
"V",8,1,4,-8,62,0
"V",8,1,4,-9,32,0
"V",8,1,4,0,315,174
"V",8,1,4,1,304,236
"V",8,1,4,10,16,16
"V",8,1,4,11,12,12
"V",8,1,4,12,9,9
"V",8,1,4,13,3,3
"V",8,1,4,14,6,6
"V",8,1,4,16,1,1
"V",8,1,4,18,1,1
"V",8,1,4,19,1,1
"V",8,1,4,2,263,238
"V",8,1,4,3,231,218
"V",8,1,4,4,165,160
"V",8,1,4,5,124,122
"V",8,1,4,6,81,81
"V",8,1,4,7,61,61
"V",8,1,4,8,28,28
"V",8,1,4,9,40,40
"V",8,1,5,-1,163,62
"V",8,1,5,-10,6,0
"V",8,1,5,-11,5,0
"V",8,1,5,-12,3,0
"V",8,1,5,-13,4,0
"V",8,1,5,-14,2,0
"V",8,1,5,-15,2,0
"V",8,1,5,-2,102,23
"V",8,1,5,-3,79,5
"V",8,1,5,-4,46,0
"V",8,1,5,-5,49,0
"V",8,1,5,-6,30,0
"V",8,1,5,-7,23,0
"V",8,1,5,-8,7,0
"V",8,1,5,-9,13,0
"V",8,1,5,0,205,132
"V",8,1,5,1,196,154
"V",8,1,5,10,12,12
"V",8,1,5,11,6,6
"V",8,1,5,12,6,6
"V",8,1,5,13,8,8
"V",8,1,5,14,1,1
"V",8,1,5,15,1,1
"V",8,1,5,2,211,192
"V",8,1,5,3,176,166
"V",8,1,5,4,122,117
"V",8,1,5,5,76,73
"V",8,1,5,6,53,51
"V",8,1,5,7,33,33
"V",8,1,5,8,30,30
"V",8,1,5,9,15,15
"V",8,1,6,-1,166,73
"V",8,1,6,-10,10,0
"V",8,1,6,-11,8,0
"V",8,1,6,-12,4,0
"V",8,1,6,-16,1,0
"V",8,1,6,-17,1,0
"V",8,1,6,-2,134,28
"V",8,1,6,-3,119,8
"V",8,1,6,-4,98,7
"V",8,1,6,-5,76,3
"V",8,1,6,-6,39,0
"V",8,1,6,-7,30,0
"V",8,1,6,-8,13,0
"V",8,1,6,-9,12,0
"V",8,1,6,0,187,119
"V",8,1,6,1,177,147
"V",8,1,6,10,8,8
"V",8,1,6,11,6,6
"V",8,1,6,12,8,8
"V",8,1,6,13,2,2
"V",8,1,6,14,2,2
"V",8,1,6,17,1,1
"V",8,1,6,18,2,2
"V",8,1,6,2,138,128
"V",8,1,6,20,2,2
"V",8,1,6,3,130,121
"V",8,1,6,4,104,101
"V",8,1,6,5,74,70
"V",8,1,6,6,67,67
"V",8,1,6,7,31,30
"V",8,1,6,8,28,28
"V",8,1,6,9,19,19
"V",8,1,7,-1,156,82
"V",8,1,7,-10,5,0
"V",8,1,7,-11,5,0
"V",8,1,7,-12,5,0
"V",8,1,7,-13,1,0
"V",8,1,7,-14,2,0
"V",8,1,7,-15,1,0
"V",8,1,7,-2,121,32
"V",8,1,7,-3,64,10
"V",8,1,7,-4,65,8
"V",8,1,7,-5,49,4
"V",8,1,7,-6,28,0
"V",8,1,7,-7,24,0
"V",8,1,7,-8,11,0
"V",8,1,7,-9,12,0
"V",8,1,7,0,175,112
"V",8,1,7,1,162,136
"V",8,1,7,10,10,10
"V",8,1,7,11,11,11
"V",8,1,7,12,6,6
"V",8,1,7,13,4,4
"V",8,1,7,15,1,1
"V",8,1,7,16,1,1
"V",8,1,7,2,143,124
"V",8,1,7,3,104,101
"V",8,1,7,4,91,91
"V",8,1,7,5,55,54
"V",8,1,7,6,48,48
"V",8,1,7,7,33,33
"V",8,1,7,8,19,19
"V",8,1,7,9,9,9
"V",8,1,8,-1,110,56
"V",8,1,8,-10,3,0
"V",8,1,8,-11,5,0
"V",8,1,8,-12,2,0
"V",8,1,8,-13,2,0
"V",8,1,8,-14,1,0
"V",8,1,8,-15,2,0
"V",8,1,8,-16,1,0
"V",8,1,8,-17,1,0
"V",8,1,8,-18,1,0
"V",8,1,8,-2,88,27
"V",8,1,8,-3,69,18
"V",8,1,8,-4,46,8
"V",8,1,8,-5,34,2
"V",8,1,8,-6,38,0
"V",8,1,8,-7,21,0
"V",8,1,8,-8,16,0
"V",8,1,8,-9,9,0
"V",8,1,8,0,152,96
"V",8,1,8,1,136,110
"V",8,1,8,10,8,8
"V",8,1,8,12,3,3
"V",8,1,8,14,1,1
"V",8,1,8,15,1,1
"V",8,1,8,2,92,80
"V",8,1,8,20,1,1
"V",8,1,8,3,74,69
"V",8,1,8,4,67,67
"V",8,1,8,5,36,36
"V",8,1,8,6,32,32
"V",8,1,8,7,16,16
"V",8,1,8,8,10,10
"V",8,1,8,9,12,12
"V",8,2,1,-1,1741,219
"V",8,2,1,-10,88,0
"V",8,2,1,-11,47,0
"V",8,2,1,-12,32,0
"V",8,2,1,-13,21,0
"V",8,2,1,-14,18,0
"V",8,2,1,-15,7,0
"V",8,2,1,-16,5,0
"V",8,2,1,-18,3,0
"V",8,2,1,-2,1397,80
"V",8,2,1,-20,1,0
"V",8,2,1,-23,1,0
"V",8,2,1,-3,1097,29
"V",8,2,1,-4,894,14
"V",8,2,1,-5,597,2
"V",8,2,1,-6,385,2
"V",8,2,1,-7,303,0
"V",8,2,1,-8,182,0
"V",8,2,1,-9,123,0
"V",8,2,1,0,1723,666
"V",8,2,1,1,1650,1178
"V",8,2,1,10,48,48
"V",8,2,1,11,43,43
"V",8,2,1,12,22,22
"V",8,2,1,13,27,27
"V",8,2,1,14,15,15
"V",8,2,1,15,8,8
"V",8,2,1,16,4,4
"V",8,2,1,17,3,3
"V",8,2,1,19,1,1
"V",8,2,1,2,1299,1097
"V",8,2,1,24,1,1
"V",8,2,1,3,1077,978
"V",8,2,1,4,732,703
"V",8,2,1,5,549,538
"V",8,2,1,6,397,394
"V",8,2,1,7,245,242
"V",8,2,1,8,153,153
"V",8,2,1,9,98,98
"V",8,2,2,-1,1038,161
"V",8,2,2,-10,74,0
"V",8,2,2,-11,29,0
"V",8,2,2,-12,22,0
"V",8,2,2,-13,13,0
"V",8,2,2,-14,8,0
"V",8,2,2,-15,12,0
"V",8,2,2,-16,3,0
"V",8,2,2,-17,2,0
"V",8,2,2,-2,939,60
"V",8,2,2,-23,1,0
"V",8,2,2,-3,734,20
"V",8,2,2,-4,607,11
"V",8,2,2,-5,396,2
"V",8,2,2,-6,280,4
"V",8,2,2,-7,218,0
"V",8,2,2,-8,140,0
"V",8,2,2,-9,84,0
"V",8,2,2,0,996,404
"V",8,2,2,1,928,681
"V",8,2,2,10,56,56
"V",8,2,2,11,34,34
"V",8,2,2,12,21,21
"V",8,2,2,13,24,24
"V",8,2,2,14,15,15
"V",8,2,2,15,6,6
"V",8,2,2,16,3,3
"V",8,2,2,17,1,1
"V",8,2,2,18,1,1
"V",8,2,2,19,3,3
"V",8,2,2,2,792,677
"V",8,2,2,20,1,1
"V",8,2,2,21,1,1
"V",8,2,2,3,707,649
"V",8,2,2,4,510,490
"V",8,2,2,5,382,372
"V",8,2,2,6,279,275
"V",8,2,2,7,195,195
"V",8,2,2,8,119,119
"V",8,2,2,9,90,90
"V",8,2,3,-1,521,112
"V",8,2,3,-10,21,0
"V",8,2,3,-11,14,0
"V",8,2,3,-12,9,0
"V",8,2,3,-13,7,0
"V",8,2,3,-14,4,0
"V",8,2,3,-16,1,0
"V",8,2,3,-18,1,0
"V",8,2,3,-2,352,35
"V",8,2,3,-3,258,11
"V",8,2,3,-4,177,5
"V",8,2,3,-5,153,1
"V",8,2,3,-6,90,0
"V",8,2,3,-7,68,0
"V",8,2,3,-8,49,0
"V",8,2,3,-9,39,0
"V",8,2,3,0,635,283
"V",8,2,3,1,637,469
"V",8,2,3,10,40,40
"V",8,2,3,11,25,24
"V",8,2,3,12,20,20
"V",8,2,3,13,9,9
"V",8,2,3,14,8,8
"V",8,2,3,15,4,4
"V",8,2,3,16,1,1
"V",8,2,3,17,2,2
"V",8,2,3,19,2,2
"V",8,2,3,2,515,441
"V",8,2,3,3,445,415
"V",8,2,3,4,357,348
"V",8,2,3,5,252,245
"V",8,2,3,6,169,167
"V",8,2,3,7,148,147
"V",8,2,3,8,104,104
"V",8,2,3,9,61,61
"V",8,2,4,-1,362,83
"V",8,2,4,-10,27,0
"V",8,2,4,-11,19,0
"V",8,2,4,-12,7,0
"V",8,2,4,-13,4,0
"V",8,2,4,-14,3,0
"V",8,2,4,-15,5,0
"V",8,2,4,-16,2,0
"V",8,2,4,-17,1,0
"V",8,2,4,-19,1,0
"V",8,2,4,-2,354,31
"V",8,2,4,-23,1,0
"V",8,2,4,-3,306,12
"V",8,2,4,-4,233,9
"V",8,2,4,-5,153,2
"V",8,2,4,-6,128,2
"V",8,2,4,-7,76,0
"V",8,2,4,-8,69,0
"V",8,2,4,-9,34,0
"V",8,2,4,0,398,175
"V",8,2,4,1,368,275
"V",8,2,4,10,18,18
"V",8,2,4,11,17,17
"V",8,2,4,12,10,10
"V",8,2,4,13,7,7
"V",8,2,4,14,5,5
"V",8,2,4,15,2,2
"V",8,2,4,16,1,1
"V",8,2,4,17,2,2
"V",8,2,4,2,333,297
"V",8,2,4,20,1,1
"V",8,2,4,3,250,229
"V",8,2,4,4,220,212
"V",8,2,4,5,160,156
"V",8,2,4,6,109,108
"V",8,2,4,7,82,82
"V",8,2,4,8,50,50
"V",8,2,4,9,28,28
"V",8,2,5,-1,230,44
"V",8,2,5,-10,10,0
"V",8,2,5,-11,11,0
"V",8,2,5,-12,6,0
"V",8,2,5,-13,3,0
"V",8,2,5,-14,2,0
"V",8,2,5,-15,1,0
"V",8,2,5,-16,3,0
"V",8,2,5,-2,147,14
"V",8,2,5,-3,103,4
"V",8,2,5,-4,80,2
"V",8,2,5,-5,66,0
"V",8,2,5,-6,50,0
"V",8,2,5,-7,37,0
"V",8,2,5,-8,28,0
"V",8,2,5,-9,16,0
"V",8,2,5,0,263,130
"V",8,2,5,1,265,191
"V",8,2,5,10,19,19
"V",8,2,5,11,16,16
"V",8,2,5,12,15,15
"V",8,2,5,13,6,6
"V",8,2,5,14,5,5
"V",8,2,5,15,6,6
"V",8,2,5,16,3,3
"V",8,2,5,2,266,229
"V",8,2,5,3,214,201
"V",8,2,5,4,180,171
"V",8,2,5,5,123,122
"V",8,2,5,6,90,90
"V",8,2,5,7,61,61
"V",8,2,5,8,35,34
"V",8,2,5,9,24,24
"V",8,2,6,-1,208,46
"V",8,2,6,-10,19,0
"V",8,2,6,-11,7,0
"V",8,2,6,-12,2,0
"V",8,2,6,-13,1,0
"V",8,2,6,-16,3,0
"V",8,2,6,-2,169,14
"V",8,2,6,-3,147,6
"V",8,2,6,-4,105,2
"V",8,2,6,-5,79,0
"V",8,2,6,-6,49,0
"V",8,2,6,-7,39,0
"V",8,2,6,-8,21,0
"V",8,2,6,-9,12,0
"V",8,2,6,0,220,113
"V",8,2,6,1,221,163
"V",8,2,6,10,15,15
"V",8,2,6,11,13,13
"V",8,2,6,12,7,7
"V",8,2,6,13,6,6
"V",8,2,6,14,3,3
"V",8,2,6,16,2,2
"V",8,2,6,19,1,1
"V",8,2,6,2,191,164
"V",8,2,6,3,166,155
"V",8,2,6,4,121,120
"V",8,2,6,5,98,95
"V",8,2,6,6,63,62
"V",8,2,6,7,49,49
"V",8,2,6,8,34,34
"V",8,2,6,9,25,25
"V",8,2,7,-1,149,44
"V",8,2,7,-10,6,0
"V",8,2,7,-11,3,0
"V",8,2,7,-12,2,0
"V",8,2,7,-14,3,0
"V",8,2,7,-15,1,0
"V",8,2,7,-16,3,0
"V",8,2,7,-2,120,15
"V",8,2,7,-3,86,5
"V",8,2,7,-4,65,4
"V",8,2,7,-5,62,0
"V",8,2,7,-6,35,0
"V",8,2,7,-7,24,0
"V",8,2,7,-8,14,0
"V",8,2,7,-9,11,0
"V",8,2,7,0,156,82
"V",8,2,7,1,176,128
"V",8,2,7,10,10,10
"V",8,2,7,11,7,7
"V",8,2,7,12,5,5
"V",8,2,7,13,5,5
"V",8,2,7,14,1,1
"V",8,2,7,18,1,1
"V",8,2,7,2,136,119
"V",8,2,7,3,121,113
"V",8,2,7,4,92,92
"V",8,2,7,5,63,62
"V",8,2,7,6,57,56
"V",8,2,7,7,41,41
"V",8,2,7,8,22,22
"V",8,2,7,9,19,19
"V",8,2,8,-1,132,45
"V",8,2,8,-10,5,0
"V",8,2,8,-11,4,0
"V",8,2,8,-12,2,0
"V",8,2,8,-14,1,0
"V",8,2,8,-17,1,0
"V",8,2,8,-19,1,0
"V",8,2,8,-2,115,19
"V",8,2,8,-3,84,4
"V",8,2,8,-4,57,3
"V",8,2,8,-5,41,1
"V",8,2,8,-6,32,0
"V",8,2,8,-7,20,0
"V",8,2,8,-8,11,0
"V",8,2,8,-9,7,0
"V",8,2,8,0,160,80
"V",8,2,8,1,131,96
"V",8,2,8,10,6,6
"V",8,2,8,11,4,4
"V",8,2,8,13,1,1
"V",8,2,8,16,1,1
"V",8,2,8,17,1,1
"V",8,2,8,2,138,119
"V",8,2,8,3,104,98
"V",8,2,8,4,73,73
"V",8,2,8,5,50,50
"V",8,2,8,6,31,30
"V",8,2,8,7,22,22
"V",8,2,8,8,16,16
"V",8,2,8,9,10,10
"V",9,0,1,-1,2976,409
"V",9,0,1,-10,243,0
"V",9,0,1,-11,150,0
"V",9,0,1,-12,98,0
"V",9,0,1,-13,83,0
"V",9,0,1,-14,46,0
"V",9,0,1,-15,24,0
"V",9,0,1,-16,16,0
"V",9,0,1,-17,7,0
"V",9,0,1,-18,6,0
"V",9,0,1,-19,1,0
"V",9,0,1,-2,2625,140
"V",9,0,1,-20,1,0
"V",9,0,1,-21,3,0
"V",9,0,1,-22,1,0
"V",9,0,1,-25,1,0
"V",9,0,1,-3,2236,63
"V",9,0,1,-4,1774,23
"V",9,0,1,-5,1349,6
"V",9,0,1,-6,916,5
"V",9,0,1,-7,722,1
"V",9,0,1,-8,464,1
"V",9,0,1,-9,342,0
"V",9,0,1,0,2963,1369
"V",9,0,1,1,2919,2482
"V",9,0,1,10,127,127
"V",9,0,1,11,91,91
"V",9,0,1,12,62,62
"V",9,0,1,13,43,43
"V",9,0,1,14,29,29
"V",9,0,1,15,13,13
"V",9,0,1,16,8,8
"V",9,0,1,17,6,6
"V",9,0,1,18,4,4
"V",9,0,1,19,3,3
"V",9,0,1,2,2366,2200
"V",9,0,1,23,1,1
"V",9,0,1,3,1861,1796
"V",9,0,1,4,1440,1419
"V",9,0,1,5,1043,1037
"V",9,0,1,6,739,737
"V",9,0,1,7,498,498
"V",9,0,1,8,334,334
"V",9,0,1,9,209,209
"V",9,0,2,-1,777,182
"V",9,0,2,-10,68,0
"V",9,0,2,-11,42,0
"V",9,0,2,-12,23,0
"V",9,0,2,-13,34,0
"V",9,0,2,-14,7,0
"V",9,0,2,-15,7,0
"V",9,0,2,-16,5,0
"V",9,0,2,-17,1,0
"V",9,0,2,-18,3,0
"V",9,0,2,-2,731,80
"V",9,0,2,-21,1,0
"V",9,0,2,-3,601,33
"V",9,0,2,-4,484,12
"V",9,0,2,-5,402,3
"V",9,0,2,-6,264,4
"V",9,0,2,-7,208,1
"V",9,0,2,-8,133,1
"V",9,0,2,-9,110,0
"V",9,0,2,0,838,463
"V",9,0,2,1,812,704
"V",9,0,2,10,44,44
"V",9,0,2,11,36,36
"V",9,0,2,12,18,18
"V",9,0,2,13,13,13
"V",9,0,2,14,10,10
"V",9,0,2,15,6,6
"V",9,0,2,16,6,6
"V",9,0,2,17,2,2
"V",9,0,2,18,1,1
"V",9,0,2,19,2,2
"V",9,0,2,2,670,629
"V",9,0,2,3,563,548
"V",9,0,2,4,418,414
"V",9,0,2,5,320,320
"V",9,0,2,6,238,238
"V",9,0,2,7,157,157
"V",9,0,2,8,90,90
"V",9,0,2,9,72,72
"V",9,0,3,-1,174,50
"V",9,0,3,-10,22,0
"V",9,0,3,-11,17,0
"V",9,0,3,-12,5,0
"V",9,0,3,-13,5,0
"V",9,0,3,-14,9,0
"V",9,0,3,-15,5,0
"V",9,0,3,-16,2,0
"V",9,0,3,-18,1,0
"V",9,0,3,-2,145,24
"V",9,0,3,-3,132,14
"V",9,0,3,-4,110,3
"V",9,0,3,-5,85,0
"V",9,0,3,-6,71,1
"V",9,0,3,-7,56,0
"V",9,0,3,-8,40,0
"V",9,0,3,-9,26,0
"V",9,0,3,0,171,102
"V",9,0,3,1,199,179
"V",9,0,3,10,10,10
"V",9,0,3,11,11,11
"V",9,0,3,12,7,7
"V",9,0,3,13,8,8
"V",9,0,3,14,3,3
"V",9,0,3,15,1,1
"V",9,0,3,16,1,1
"V",9,0,3,17,1,1
"V",9,0,3,18,1,1
"V",9,0,3,19,1,1
"V",9,0,3,2,142,135
"V",9,0,3,3,141,138
"V",9,0,3,4,106,105
"V",9,0,3,5,64,64
"V",9,0,3,6,48,48
"V",9,0,3,7,44,44
"V",9,0,3,8,30,30
"V",9,0,3,9,20,20
"V",9,0,4,-1,141,55
"V",9,0,4,-10,19,0
"V",9,0,4,-11,12,0
"V",9,0,4,-12,7,0
"V",9,0,4,-13,10,0
"V",9,0,4,-14,2,0
"V",9,0,4,-15,1,0
"V",9,0,4,-16,1,0
"V",9,0,4,-2,188,37
"V",9,0,4,-3,134,20
"V",9,0,4,-4,135,6
"V",9,0,4,-5,107,4
"V",9,0,4,-6,55,3
"V",9,0,4,-7,45,1
"V",9,0,4,-8,30,1
"V",9,0,4,-9,30,0
"V",9,0,4,0,138,93
"V",9,0,4,1,157,143
"V",9,0,4,10,12,12
"V",9,0,4,11,12,12
"V",9,0,4,12,6,6
"V",9,0,4,13,4,4
"V",9,0,4,14,2,2
"V",9,0,4,15,1,1
"V",9,0,4,16,1,1
"V",9,0,4,2,147,144
"V",9,0,4,3,93,93
"V",9,0,4,4,85,84
"V",9,0,4,5,68,68
"V",9,0,4,6,48,48
"V",9,0,4,7,42,42
"V",9,0,4,8,26,26
"V",9,0,4,9,16,16
"V",9,0,5,-1,49,20
"V",9,0,5,-10,5,0
"V",9,0,5,-11,9,0
"V",9,0,5,-12,1,0
"V",9,0,5,-14,6,0
"V",9,0,5,-16,3,0
"V",9,0,5,-2,39,4
"V",9,0,5,-22,1,0
"V",9,0,5,-3,37,1
"V",9,0,5,-4,39,0
"V",9,0,5,-5,32,1
"V",9,0,5,-6,23,0
"V",9,0,5,-7,20,0
"V",9,0,5,-8,17,0
"V",9,0,5,-9,10,0
"V",9,0,5,0,57,41
"V",9,0,5,1,63,57
"V",9,0,5,10,2,2
"V",9,0,5,11,1,1
"V",9,0,5,12,2,2
"V",9,0,5,13,1,1
"V",9,0,5,14,3,3
"V",9,0,5,15,2,2
"V",9,0,5,2,52,50
"V",9,0,5,3,33,32
"V",9,0,5,4,41,41
"V",9,0,5,5,32,32
"V",9,0,5,6,28,27
"V",9,0,5,7,19,19
"V",9,0,5,8,7,7
"V",9,0,5,9,6,6
"V",9,0,6,-1,78,38
"V",9,0,6,-10,4,0
"V",9,0,6,-11,4,0
"V",9,0,6,-12,2,0
"V",9,0,6,-13,3,0
"V",9,0,6,-14,2,0
"V",9,0,6,-15,2,0
"V",9,0,6,-16,2,0
"V",9,0,6,-2,73,16
"V",9,0,6,-3,48,4
"V",9,0,6,-4,47,4
"V",9,0,6,-5,43,1
"V",9,0,6,-6,24,0
"V",9,0,6,-7,22,0
"V",9,0,6,-8,16,0
"V",9,0,6,-9,9,0
"V",9,0,6,0,61,52
"V",9,0,6,1,61,55
"V",9,0,6,10,7,7
"V",9,0,6,11,2,2
"V",9,0,6,12,3,3
"V",9,0,6,13,3,3
"V",9,0,6,15,3,3
"V",9,0,6,2,49,48
"V",9,0,6,3,54,53
"V",9,0,6,4,36,36
"V",9,0,6,5,30,30
"V",9,0,6,6,17,17
"V",9,0,6,7,27,27
"V",9,0,6,8,10,10
"V",9,0,6,9,4,4
"V",9,0,7,-1,33,22
"V",9,0,7,-10,5,0
"V",9,0,7,-11,2,0
"V",9,0,7,-12,2,0
"V",9,0,7,-13,1,0
"V",9,0,7,-15,2,0
"V",9,0,7,-2,43,8
"V",9,0,7,-3,38,4
"V",9,0,7,-4,20,2
"V",9,0,7,-5,16,0
"V",9,0,7,-6,20,1
"V",9,0,7,-7,16,0
"V",9,0,7,-8,5,0
"V",9,0,7,-9,5,0
"V",9,0,7,0,29,21
"V",9,0,7,1,35,34
"V",9,0,7,10,3,3
"V",9,0,7,11,1,1
"V",9,0,7,12,2,2
"V",9,0,7,14,3,3
"V",9,0,7,15,2,2
"V",9,0,7,16,1,1
"V",9,0,7,17,1,1
"V",9,0,7,2,32,31
"V",9,0,7,3,37,36
"V",9,0,7,4,19,19
"V",9,0,7,5,20,20
"V",9,0,7,6,22,22
"V",9,0,7,7,11,11
"V",9,0,7,8,12,12
"V",9,0,7,9,7,7
"V",9,0,8,-1,36,24
"V",9,0,8,-10,8,0
"V",9,0,8,-11,4,0
"V",9,0,8,-12,3,0
"V",9,0,8,-13,4,0
"V",9,0,8,-15,1,0
"V",9,0,8,-16,1,0
"V",9,0,8,-2,39,12
"V",9,0,8,-3,36,8
"V",9,0,8,-4,32,3
"V",9,0,8,-5,23,2
"V",9,0,8,-6,15,3
"V",9,0,8,-7,15,2
"V",9,0,8,-8,8,1
"V",9,0,8,-9,8,0
"V",9,0,8,0,43,32
"V",9,0,8,1,41,38
"V",9,0,8,10,4,4
"V",9,0,8,11,3,3
"V",9,0,8,12,2,2
"V",9,0,8,13,2,2
"V",9,0,8,14,1,1
"V",9,0,8,15,3,3
"V",9,0,8,2,30,30
"V",9,0,8,3,29,29
"V",9,0,8,4,29,29
"V",9,0,8,5,13,13
"V",9,0,8,6,11,11
"V",9,0,8,7,7,7
"V",9,0,8,8,7,7
"V",9,0,8,9,5,5
"V",9,1,1,-1,2079,164
"V",9,1,1,-10,165,0
"V",9,1,1,-11,96,0
"V",9,1,1,-12,71,0
"V",9,1,1,-13,51,0
"V",9,1,1,-14,27,0
"V",9,1,1,-15,12,0
"V",9,1,1,-16,10,0
"V",9,1,1,-17,6,0
"V",9,1,1,-18,3,0
"V",9,1,1,-19,1,0
"V",9,1,1,-2,1788,40
"V",9,1,1,-20,1,0
"V",9,1,1,-21,2,0
"V",9,1,1,-25,1,0
"V",9,1,1,-3,1539,16
"V",9,1,1,-4,1210,9
"V",9,1,1,-5,878,1
"V",9,1,1,-6,600,1
"V",9,1,1,-7,463,0
"V",9,1,1,-8,298,0
"V",9,1,1,-9,216,0
"V",9,1,1,0,2013,825
"V",9,1,1,1,1974,1646
"V",9,1,1,10,88,88
"V",9,1,1,11,59,59
"V",9,1,1,12,41,41
"V",9,1,1,13,30,30
"V",9,1,1,14,18,18
"V",9,1,1,15,9,9
"V",9,1,1,16,5,5
"V",9,1,1,17,6,6
"V",9,1,1,18,4,4
"V",9,1,1,19,2,2
"V",9,1,1,2,1632,1510
"V",9,1,1,23,1,1
"V",9,1,1,3,1270,1219
"V",9,1,1,4,989,971
"V",9,1,1,5,726,720
"V",9,1,1,6,500,498
"V",9,1,1,7,337,337
"V",9,1,1,8,242,242
"V",9,1,1,9,138,138
"V",9,1,2,-1,947,141
"V",9,1,2,-10,69,0
"V",9,1,2,-11,53,0
"V",9,1,2,-12,36,0
"V",9,1,2,-13,30,0
"V",9,1,2,-14,10,0
"V",9,1,2,-15,8,0
"V",9,1,2,-16,6,0
"V",9,1,2,-17,3,0
"V",9,1,2,-18,2,0
"V",9,1,2,-19,1,0
"V",9,1,2,-2,863,50
"V",9,1,2,-20,1,0
"V",9,1,2,-21,1,0
"V",9,1,2,-25,1,0
"V",9,1,2,-3,802,21
"V",9,1,2,-4,578,12
"V",9,1,2,-5,475,2
"V",9,1,2,-6,303,0
"V",9,1,2,-7,237,0
"V",9,1,2,-8,150,0
"V",9,1,2,-9,118,0
"V",9,1,2,0,878,422
"V",9,1,2,1,871,725
"V",9,1,2,10,51,51
"V",9,1,2,11,41,41
"V",9,1,2,12,22,22
"V",9,1,2,13,16,16
"V",9,1,2,14,13,13
"V",9,1,2,15,10,10
"V",9,1,2,16,3,3
"V",9,1,2,17,5,5
"V",9,1,2,18,3,3
"V",9,1,2,19,2,2
"V",9,1,2,2,724,669
"V",9,1,2,20,1,1
"V",9,1,2,3,628,604
"V",9,1,2,4,494,491
"V",9,1,2,5,385,379
"V",9,1,2,6,293,292
"V",9,1,2,7,164,164
"V",9,1,2,8,144,144
"V",9,1,2,9,81,81
"V",9,1,3,-1,383,76
"V",9,1,3,-10,35,0
"V",9,1,3,-11,21,0
"V",9,1,3,-12,15,0
"V",9,1,3,-13,12,0
"V",9,1,3,-14,9,0
"V",9,1,3,-15,5,0
"V",9,1,3,-16,2,0
"V",9,1,3,-17,1,0
"V",9,1,3,-18,2,0
"V",9,1,3,-2,228,22
"V",9,1,3,-3,240,7
"V",9,1,3,-4,196,3
"V",9,1,3,-5,166,1
"V",9,1,3,-6,116,1
"V",9,1,3,-7,101,0
"V",9,1,3,-8,72,0
"V",9,1,3,-9,39,0
"V",9,1,3,0,553,330
"V",9,1,3,1,560,489
"V",9,1,3,10,24,24
"V",9,1,3,11,16,16
"V",9,1,3,12,13,13
"V",9,1,3,13,11,11
"V",9,1,3,14,9,9
"V",9,1,3,15,3,3
"V",9,1,3,16,2,2
"V",9,1,3,17,3,3
"V",9,1,3,19,2,2
"V",9,1,3,2,450,423
"V",9,1,3,3,387,375
"V",9,1,3,4,281,278
"V",9,1,3,5,221,219
"V",9,1,3,6,139,139
"V",9,1,3,7,99,99
"V",9,1,3,8,60,60
"V",9,1,3,9,41,41
"V",9,1,4,-1,277,80
"V",9,1,4,-10,26,0
"V",9,1,4,-11,20,0
"V",9,1,4,-12,11,0
"V",9,1,4,-13,10,0
"V",9,1,4,-14,6,0
"V",9,1,4,-15,2,0
"V",9,1,4,-16,2,0
"V",9,1,4,-17,1,0
"V",9,1,4,-2,278,41
"V",9,1,4,-24,1,0
"V",9,1,4,-25,1,0
"V",9,1,4,-3,243,19
"V",9,1,4,-4,215,10
"V",9,1,4,-5,159,2
"V",9,1,4,-6,113,0
"V",9,1,4,-7,87,0
"V",9,1,4,-8,57,0
"V",9,1,4,-9,41,0
"V",9,1,4,0,285,173
"V",9,1,4,1,295,258
"V",9,1,4,10,25,25
"V",9,1,4,11,19,19
"V",9,1,4,12,13,13
"V",9,1,4,13,8,8
"V",9,1,4,14,4,4
"V",9,1,4,15,3,3
"V",9,1,4,16,1,1
"V",9,1,4,17,3,3
"V",9,1,4,2,248,228
"V",9,1,4,20,1,1
"V",9,1,4,3,197,192
"V",9,1,4,4,170,170
"V",9,1,4,5,130,126
"V",9,1,4,6,78,78
"V",9,1,4,7,77,77
"V",9,1,4,8,52,52
"V",9,1,4,9,33,33
"V",9,1,5,-1,151,38
"V",9,1,5,-10,12,0
"V",9,1,5,-11,14,0
"V",9,1,5,-12,3,0
"V",9,1,5,-13,8,0
"V",9,1,5,-14,3,0
"V",9,1,5,-15,1,0
"V",9,1,5,-16,1,0
"V",9,1,5,-17,1,0
"V",9,1,5,-18,2,0
"V",9,1,5,-2,89,8
"V",9,1,5,-22,1,0
"V",9,1,5,-3,92,4
"V",9,1,5,-4,88,0
"V",9,1,5,-5,66,1
"V",9,1,5,-6,49,0
"V",9,1,5,-7,36,0
"V",9,1,5,-8,27,0
"V",9,1,5,-9,26,0
"V",9,1,5,0,180,111
"V",9,1,5,1,207,183
"V",9,1,5,10,13,13
"V",9,1,5,11,12,12
"V",9,1,5,12,7,7
"V",9,1,5,13,4,4
"V",9,1,5,17,1,1
"V",9,1,5,18,1,1
"V",9,1,5,19,1,1
"V",9,1,5,2,186,177
"V",9,1,5,3,140,138
"V",9,1,5,4,140,137
"V",9,1,5,5,84,84
"V",9,1,5,6,62,62
"V",9,1,5,7,56,56
"V",9,1,5,8,34,34
"V",9,1,5,9,21,21
"V",9,1,6,-1,135,56
"V",9,1,6,-10,6,0
"V",9,1,6,-11,12,0
"V",9,1,6,-12,5,0
"V",9,1,6,-13,3,0
"V",9,1,6,-14,3,0
"V",9,1,6,-15,2,0
"V",9,1,6,-2,123,18
"V",9,1,6,-22,1,0
"V",9,1,6,-3,122,12
"V",9,1,6,-4,92,2
"V",9,1,6,-5,88,0
"V",9,1,6,-6,46,0
"V",9,1,6,-7,42,0
"V",9,1,6,-8,32,0
"V",9,1,6,-9,15,0
"V",9,1,6,0,170,118
"V",9,1,6,1,188,169
"V",9,1,6,10,12,12
"V",9,1,6,11,13,13
"V",9,1,6,12,9,9
"V",9,1,6,13,4,4
"V",9,1,6,14,2,2
"V",9,1,6,15,3,3
"V",9,1,6,18,1,1
"V",9,1,6,2,130,125
"V",9,1,6,3,121,117
"V",9,1,6,4,107,106
"V",9,1,6,5,81,81
"V",9,1,6,6,67,67
"V",9,1,6,7,45,45
"V",9,1,6,8,28,28
"V",9,1,6,9,15,15
"V",9,1,7,-1,124,51
"V",9,1,7,-10,11,0
"V",9,1,7,-11,5,0
"V",9,1,7,-12,5,0
"V",9,1,7,-13,2,0
"V",9,1,7,-15,1,0
"V",9,1,7,-2,137,28
"V",9,1,7,-21,1,0
"V",9,1,7,-3,64,7
"V",9,1,7,-4,46,4
"V",9,1,7,-5,37,0
"V",9,1,7,-6,39,0
"V",9,1,7,-7,31,0
"V",9,1,7,-8,12,0
"V",9,1,7,-9,13,0
"V",9,1,7,0,139,101
"V",9,1,7,1,145,126
"V",9,1,7,10,9,9
"V",9,1,7,11,3,3
"V",9,1,7,12,3,3
"V",9,1,7,14,2,2
"V",9,1,7,15,2,2
"V",9,1,7,2,132,128
"V",9,1,7,3,114,111
"V",9,1,7,4,70,69
"V",9,1,7,5,56,56
"V",9,1,7,6,46,46
"V",9,1,7,7,38,38
"V",9,1,7,8,32,32
"V",9,1,7,9,12,12
"V",9,1,8,-1,108,48
"V",9,1,8,-10,13,0
"V",9,1,8,-11,7,0
"V",9,1,8,-12,1,0
"V",9,1,8,-15,2,0
"V",9,1,8,-16,2,0
"V",9,1,8,-2,84,19
"V",9,1,8,-3,70,17
"V",9,1,8,-4,62,7
"V",9,1,8,-5,40,2
"V",9,1,8,-6,33,0
"V",9,1,8,-7,31,0
"V",9,1,8,-8,11,0
"V",9,1,8,-9,13,0
"V",9,1,8,0,133,98
"V",9,1,8,1,123,113
"V",9,1,8,10,6,6
"V",9,1,8,11,3,3
"V",9,1,8,12,3,3
"V",9,1,8,13,3,3
"V",9,1,8,14,2,2
"V",9,1,8,15,3,3
"V",9,1,8,2,74,72
"V",9,1,8,3,62,62
"V",9,1,8,4,61,60
"V",9,1,8,5,40,40
"V",9,1,8,6,25,25
"V",9,1,8,7,27,27
"V",9,1,8,8,21,21
"V",9,1,8,9,13,13
"V",9,2,1,-1,1508,40
"V",9,2,1,-10,127,0
"V",9,2,1,-11,57,0
"V",9,2,1,-12,47,0
"V",9,2,1,-13,37,0
"V",9,2,1,-14,20,0
"V",9,2,1,-15,8,0
"V",9,2,1,-16,6,0
"V",9,2,1,-17,5,0
"V",9,2,1,-18,2,0
"V",9,2,1,-19,1,0
"V",9,2,1,-2,1342,7
"V",9,2,1,-21,2,0
"V",9,2,1,-3,1085,2
"V",9,2,1,-4,886,0
"V",9,2,1,-5,612,0
"V",9,2,1,-6,444,0
"V",9,2,1,-7,344,0
"V",9,2,1,-8,229,0
"V",9,2,1,-9,148,0
"V",9,2,1,0,1540,549
"V",9,2,1,1,1499,1246
"V",9,2,1,10,79,79
"V",9,2,1,11,56,56
"V",9,2,1,12,33,33
"V",9,2,1,13,29,29
"V",9,2,1,14,18,18
"V",9,2,1,15,6,6
"V",9,2,1,16,4,4
"V",9,2,1,17,3,3
"V",9,2,1,18,3,3
"V",9,2,1,19,2,2
"V",9,2,1,2,1294,1193
"V",9,2,1,23,1,1
"V",9,2,1,3,1006,969
"V",9,2,1,4,807,788
"V",9,2,1,5,606,601
"V",9,2,1,6,405,403
"V",9,2,1,7,296,296
"V",9,2,1,8,202,202
"V",9,2,1,9,129,129
"V",9,2,2,-1,949,55
"V",9,2,2,-10,78,0
"V",9,2,2,-11,40,0
"V",9,2,2,-12,43,0
"V",9,2,2,-13,26,0
"V",9,2,2,-14,13,0
"V",9,2,2,-15,6,0
"V",9,2,2,-16,5,0
"V",9,2,2,-17,2,0
"V",9,2,2,-18,3,0
"V",9,2,2,-19,1,0
"V",9,2,2,-2,896,22
"V",9,2,2,-3,816,5
"V",9,2,2,-4,579,0
"V",9,2,2,-5,451,0
"V",9,2,2,-6,277,0
"V",9,2,2,-7,225,0
"V",9,2,2,-8,147,0
"V",9,2,2,-9,117,0
"V",9,2,2,0,897,380
"V",9,2,2,1,863,717
"V",9,2,2,10,62,62
"V",9,2,2,11,49,49
"V",9,2,2,12,33,33
"V",9,2,2,13,27,27
"V",9,2,2,14,22,22
"V",9,2,2,15,11,11
"V",9,2,2,16,4,4
"V",9,2,2,17,5,5
"V",9,2,2,18,2,2
"V",9,2,2,19,1,1
"V",9,2,2,2,763,703
"V",9,2,2,23,1,1
"V",9,2,2,3,642,613
"V",9,2,2,4,524,513
"V",9,2,2,5,431,427
"V",9,2,2,6,305,304
"V",9,2,2,7,209,209
"V",9,2,2,8,166,166
"V",9,2,2,9,107,107
"V",9,2,3,-1,470,44
"V",9,2,3,-10,56,0
"V",9,2,3,-11,26,0
"V",9,2,3,-12,18,0
"V",9,2,3,-13,13,0
"V",9,2,3,-14,6,0
"V",9,2,3,-15,5,0
"V",9,2,3,-16,2,0
"V",9,2,3,-18,1,0
"V",9,2,3,-19,1,0
"V",9,2,3,-2,335,8
"V",9,2,3,-20,1,0
"V",9,2,3,-21,1,0
"V",9,2,3,-3,364,3
"V",9,2,3,-4,296,0
"V",9,2,3,-5,245,1
"V",9,2,3,-6,174,0
"V",9,2,3,-7,148,0
"V",9,2,3,-8,91,0
"V",9,2,3,-9,60,0
"V",9,2,3,0,535,247
"V",9,2,3,1,594,502
"V",9,2,3,10,33,33
"V",9,2,3,11,31,31
"V",9,2,3,12,16,16
"V",9,2,3,13,15,15
"V",9,2,3,14,10,10
"V",9,2,3,15,5,5
"V",9,2,3,16,5,5
"V",9,2,3,17,3,3
"V",9,2,3,18,1,1
"V",9,2,3,19,1,1
"V",9,2,3,2,507,474
"V",9,2,3,20,2,2
"V",9,2,3,3,452,432
"V",9,2,3,4,333,328
"V",9,2,3,5,305,301
"V",9,2,3,6,194,194
"V",9,2,3,7,123,123
"V",9,2,3,8,91,91
"V",9,2,3,9,54,54
"V",9,2,4,-1,368,51
"V",9,2,4,-10,25,0
"V",9,2,4,-11,19,0
"V",9,2,4,-12,13,0
"V",9,2,4,-13,15,0
"V",9,2,4,-14,8,0
"V",9,2,4,-15,1,0
"V",9,2,4,-19,1,0
"V",9,2,4,-2,316,16
"V",9,2,4,-3,306,3
"V",9,2,4,-4,217,3
"V",9,2,4,-5,188,0
"V",9,2,4,-6,118,0
"V",9,2,4,-7,80,0
"V",9,2,4,-8,56,0
"V",9,2,4,-9,44,0
"V",9,2,4,0,386,181
"V",9,2,4,1,386,319
"V",9,2,4,10,32,32
"V",9,2,4,11,29,29
"V",9,2,4,12,13,13
"V",9,2,4,13,8,8
"V",9,2,4,14,9,9
"V",9,2,4,15,5,5
"V",9,2,4,16,2,2
"V",9,2,4,17,3,3
"V",9,2,4,18,3,3
"V",9,2,4,2,311,290
"V",9,2,4,3,254,243
"V",9,2,4,4,226,222
"V",9,2,4,5,166,165
"V",9,2,4,6,118,118
"V",9,2,4,7,75,75
"V",9,2,4,8,72,72
"V",9,2,4,9,64,64
"V",9,2,5,-1,229,26
"V",9,2,5,-10,27,0
"V",9,2,5,-11,12,0
"V",9,2,5,-12,14,0
"V",9,2,5,-13,7,0
"V",9,2,5,-14,4,0
"V",9,2,5,-15,4,0
"V",9,2,5,-16,3,0
"V",9,2,5,-18,2,0
"V",9,2,5,-19,1,0
"V",9,2,5,-2,155,6
"V",9,2,5,-20,1,0
"V",9,2,5,-3,160,2
"V",9,2,5,-4,151,1
"V",9,2,5,-5,124,0
"V",9,2,5,-6,104,0
"V",9,2,5,-7,72,0
"V",9,2,5,-8,42,0
"V",9,2,5,-9,36,0
"V",9,2,5,0,243,108
"V",9,2,5,1,240,197
"V",9,2,5,10,11,11
"V",9,2,5,11,13,13
"V",9,2,5,12,8,8
"V",9,2,5,13,9,9
"V",9,2,5,14,2,2
"V",9,2,5,15,1,1
"V",9,2,5,16,1,1
"V",9,2,5,17,1,1
"V",9,2,5,18,1,1
"V",9,2,5,19,1,1
"V",9,2,5,2,220,194
"V",9,2,5,3,192,187
"V",9,2,5,4,165,162
"V",9,2,5,5,121,119
"V",9,2,5,6,89,89
"V",9,2,5,7,71,71
"V",9,2,5,8,46,46
"V",9,2,5,9,29,29
"V",9,2,6,-1,195,25
"V",9,2,6,-10,21,0
"V",9,2,6,-11,14,0
"V",9,2,6,-12,10,0
"V",9,2,6,-13,4,0
"V",9,2,6,-14,6,0
"V",9,2,6,-15,2,0
"V",9,2,6,-16,3,0
"V",9,2,6,-17,1,0
"V",9,2,6,-18,1,0
"V",9,2,6,-2,171,13
"V",9,2,6,-20,1,0
"V",9,2,6,-22,1,0
"V",9,2,6,-24,1,0
"V",9,2,6,-3,135,9
"V",9,2,6,-4,114,0
"V",9,2,6,-5,84,0
"V",9,2,6,-6,55,0
"V",9,2,6,-7,46,0
"V",9,2,6,-8,33,0
"V",9,2,6,-9,24,0
"V",9,2,6,0,212,88
"V",9,2,6,1,185,160
"V",9,2,6,10,22,22
"V",9,2,6,11,8,8
"V",9,2,6,12,7,7
"V",9,2,6,13,4,4
"V",9,2,6,14,4,4
"V",9,2,6,15,1,1
"V",9,2,6,16,1,1
"V",9,2,6,17,1,1
"V",9,2,6,2,156,146
"V",9,2,6,3,163,155
"V",9,2,6,4,114,112
"V",9,2,6,5,100,99
"V",9,2,6,6,61,61
"V",9,2,6,7,45,45
"V",9,2,6,8,35,35
"V",9,2,6,9,15,15
"V",9,2,7,-1,123,27
"V",9,2,7,-10,8,0
"V",9,2,7,-11,5,0
"V",9,2,7,-12,9,0
"V",9,2,7,-13,9,0
"V",9,2,7,-14,1,0
"V",9,2,7,-15,1,0
"V",9,2,7,-16,2,0
"V",9,2,7,-2,115,12
"V",9,2,7,-3,109,1
"V",9,2,7,-4,78,0
"V",9,2,7,-5,72,0
"V",9,2,7,-6,46,0
"V",9,2,7,-7,41,0
"V",9,2,7,-8,28,0
"V",9,2,7,-9,19,0
"V",9,2,7,0,147,74
"V",9,2,7,1,155,132
"V",9,2,7,10,16,16
"V",9,2,7,11,8,8
"V",9,2,7,12,4,4
"V",9,2,7,13,4,4
"V",9,2,7,14,2,2
"V",9,2,7,15,1,1
"V",9,2,7,16,3,3
"V",9,2,7,17,1,1
"V",9,2,7,18,1,1
"V",9,2,7,2,153,144
"V",9,2,7,3,99,95
"V",9,2,7,4,95,94
"V",9,2,7,5,55,52
"V",9,2,7,6,41,41
"V",9,2,7,7,40,40
"V",9,2,7,8,27,27
"V",9,2,7,9,19,19
"V",9,2,8,-1,124,28
"V",9,2,8,-10,5,0
"V",9,2,8,-11,7,0
"V",9,2,8,-12,4,0
"V",9,2,8,-13,1,0
"V",9,2,8,-14,2,0
"V",9,2,8,-15,2,0
"V",9,2,8,-16,1,0
"V",9,2,8,-18,1,0
"V",9,2,8,-2,99,10
"V",9,2,8,-24,1,0
"V",9,2,8,-3,97,4
"V",9,2,8,-4,71,3
"V",9,2,8,-5,59,0
"V",9,2,8,-6,39,0
"V",9,2,8,-7,27,0
"V",9,2,8,-8,10,0
"V",9,2,8,-9,10,0
"V",9,2,8,0,170,90
"V",9,2,8,1,163,136
"V",9,2,8,10,7,7
"V",9,2,8,11,8,8
"V",9,2,8,12,5,5
"V",9,2,8,13,4,4
"V",9,2,8,14,2,2
"V",9,2,8,15,1,1
"V",9,2,8,16,1,1
"V",9,2,8,17,1,1
"V",9,2,8,18,1,1
"V",9,2,8,2,107,103
"V",9,2,8,3,78,78
"V",9,2,8,4,69,68
"V",9,2,8,5,51,51
"V",9,2,8,6,40,40
"V",9,2,8,7,32,32
"V",9,2,8,8,24,24
"V",9,2,8,9,11,11
"V",10,0,1,0,2634,1228
"V",10,0,1,1,22,17
"V",10,0,1,2,3,3
"V",10,0,1,4,3,2
"V",10,0,2,0,722,409
"V",10,0,2,1,15,14
"V",10,0,2,2,4,3
"V",10,0,2,4,3,2
"V",10,0,3,0,130,83
"V",10,0,3,1,18,14
"V",10,0,3,2,3,3
"V",10,0,3,3,2,2
"V",10,0,4,0,111,74
"V",10,0,4,1,15,13
"V",10,0,4,2,4,3
"V",10,0,4,3,2,2
"V",10,0,5,0,36,29
"V",10,0,5,1,9,7
"V",10,0,5,2,3,3
"V",10,0,5,3,1,1
"V",10,0,5,4,1,1
"V",10,0,6,0,48,39
"V",10,0,6,1,8,6
"V",10,0,6,2,3,3
"V",10,0,6,4,1,1
"V",10,0,7,0,27,19
"V",10,0,7,1,4,3
"V",10,0,7,2,4,3
"V",10,0,8,0,31,21
"V",10,0,8,1,11,10
"V",10,0,8,2,2,2
"V",10,0,8,3,1,1
"V",10,0,8,4,1,1
"V",10,1,1,0,1764,712
"V",10,1,1,1,42,33
"V",10,1,1,2,23,21
"V",10,1,1,3,6,6
"V",10,1,1,4,5,4
"V",10,1,1,5,1,1
"V",10,1,2,0,660,310
"V",10,1,2,1,72,62
"V",10,1,2,2,23,20
"V",10,1,2,3,10,10
"V",10,1,2,4,7,7
"V",10,1,2,5,3,3
"V",10,1,2,6,1,1
"V",10,1,3,0,418,225
"V",10,1,3,1,66,59
"V",10,1,3,2,21,19
"V",10,1,3,3,8,8
"V",10,1,3,4,3,3
"V",10,1,3,5,1,1
"V",10,1,3,7,1,1
"V",10,1,4,0,208,113
"V",10,1,4,1,52,45
"V",10,1,4,2,16,14
"V",10,1,4,3,10,10
"V",10,1,4,4,2,2
"V",10,1,4,5,1,1
"V",10,1,5,0,90,59
"V",10,1,5,1,30,28
"V",10,1,5,2,9,7
"V",10,1,5,3,3,2
"V",10,1,5,4,4,3
"V",10,1,5,5,1,1
"V",10,1,6,0,102,72
"V",10,1,6,1,33,29
"V",10,1,6,2,14,13
"V",10,1,6,3,2,2
"V",10,1,6,4,3,3
"V",10,1,6,5,2,2
"V",10,1,6,6,2,2
"V",10,1,7,0,60,44
"V",10,1,7,1,22,22
"V",10,1,7,2,14,12
"V",10,1,7,3,4,4
"V",10,1,7,4,2,2
"V",10,1,8,0,84,52
"V",10,1,8,1,30,28
"V",10,1,8,2,8,8
"V",10,1,8,3,1,1
"V",10,2,1,0,1280,471
"V",10,2,1,1,72,57
"V",10,2,1,2,40,38
"V",10,2,1,3,11,11
"V",10,2,1,4,6,5
"V",10,2,1,5,2,2
"V",10,2,1,6,2,2
"V",10,2,2,0,577,215
"V",10,2,2,1,141,119
"V",10,2,2,2,44,42
"V",10,2,2,3,25,25
"V",10,2,2,4,14,13
"V",10,2,2,5,6,6
"V",10,2,2,6,2,2
"V",10,2,2,8,1,1
"V",10,2,3,0,347,159
"V",10,2,3,1,100,85
"V",10,2,3,2,51,45
"V",10,2,3,3,20,20
"V",10,2,3,4,13,12
"V",10,2,3,5,3,3
"V",10,2,3,6,2,2
"V",10,2,3,7,3,3
"V",10,2,4,0,254,116
"V",10,2,4,1,80,71
"V",10,2,4,2,39,34
"V",10,2,4,3,12,12
"V",10,2,4,4,10,9
"V",10,2,4,5,3,3
"V",10,2,4,6,1,1
"V",10,2,5,0,133,58
"V",10,2,5,1,34,30
"V",10,2,5,2,27,25
"V",10,2,5,3,12,10
"V",10,2,5,4,2,2
"V",10,2,5,5,1,1
"V",10,2,5,6,1,1
"V",10,2,6,0,107,47
"V",10,2,6,1,45,38
"V",10,2,6,2,24,20
"V",10,2,6,3,12,12
"V",10,2,6,4,8,8
"V",10,2,6,5,1,1
"V",10,2,7,0,71,35
"V",10,2,7,1,36,30
"V",10,2,7,2,20,18
"V",10,2,7,3,8,8
"V",10,2,7,4,2,2
"V",10,2,7,5,1,1
"V",10,2,8,0,90,39
"V",10,2,8,1,31,27
"V",10,2,8,2,12,11
"V",10,2,8,3,1,1
"V",10,2,8,4,1,1
"V",10,2,8,5,1,1
"V",10,2,8,6,1,1
"V",11,0,1,0,1457,674
"V",11,0,1,1,12,9
"V",11,0,1,2,1,1
"V",11,0,1,3,1,1
"V",11,0,1,4,1,1
"V",11,0,2,0,398,224
"V",11,0,2,1,10,10
"V",11,0,2,2,2,2
"V",11,0,2,3,3,3
"V",11,0,3,0,75,49
"V",11,0,3,1,5,5
"V",11,0,3,5,1,1
"V",11,0,4,0,57,40
"V",11,0,4,1,6,5
"V",11,0,4,2,2,2
"V",11,0,4,3,1,1
"V",11,0,5,0,21,14
"V",11,0,5,1,2,2
"V",11,0,5,2,4,4
"V",11,0,6,0,33,22
"V",11,0,6,1,3,3
"V",11,0,6,2,1,1
"V",11,0,6,3,2,2
"V",11,0,7,0,11,9
"V",11,0,7,1,4,3
"V",11,0,7,3,1,1
"V",11,0,8,0,19,15
"V",11,0,8,1,3,3
"V",11,0,8,2,1,1
"V",11,1,1,0,976,393
"V",11,1,1,1,23,19
"V",11,1,1,2,6,6
"V",11,1,1,3,3,3
"V",11,1,1,4,4,4
"V",11,1,2,0,395,196
"V",11,1,2,1,45,37
"V",11,1,2,2,10,10
"V",11,1,2,3,9,9
"V",11,1,2,4,5,5
"V",11,1,2,5,1,1
"V",11,1,3,0,225,126
"V",11,1,3,1,36,29
"V",11,1,3,2,9,9
"V",11,1,3,3,4,4
"V",11,1,3,4,3,3
"V",11,1,4,0,117,68
"V",11,1,4,1,32,29
"V",11,1,4,2,7,7
"V",11,1,4,3,1,1
"V",11,1,4,5,1,1
"V",11,1,5,0,45,30
"V",11,1,5,1,13,12
"V",11,1,5,2,7,7
"V",11,1,5,3,1,1
"V",11,1,5,4,1,1
"V",11,1,5,5,2,2
"V",11,1,6,0,49,35
"V",11,1,6,1,20,19
"V",11,1,6,2,3,3
"V",11,1,6,3,4,3
"V",11,1,6,4,1,1
"V",11,1,7,0,42,35
"V",11,1,7,1,20,18
"V",11,1,7,2,6,6
"V",11,1,7,3,5,5
"V",11,1,8,0,41,31
"V",11,1,8,1,19,17
"V",11,1,8,2,3,3
"V",11,1,8,3,2,2
"V",11,2,1,0,703,239
"V",11,2,1,1,26,21
"V",11,2,1,2,15,14
"V",11,2,1,3,4,3
"V",11,2,1,4,2,2
"V",11,2,1,5,2,2
"V",11,2,1,6,2,2
"V",11,2,2,0,352,124
"V",11,2,2,1,65,54
"V",11,2,2,2,34,32
"V",11,2,2,3,13,13
"V",11,2,2,4,6,6
"V",11,2,2,5,3,3
"V",11,2,2,6,2,2
"V",11,2,2,7,1,1
"V",11,2,3,0,201,95
"V",11,2,3,1,45,38
"V",11,2,3,2,24,23
"V",11,2,3,3,15,15
"V",11,2,3,4,6,6
"V",11,2,3,5,1,1
"V",11,2,3,6,1,1
"V",11,2,4,0,145,71
"V",11,2,4,1,44,39
"V",11,2,4,2,18,17
"V",11,2,4,3,4,4
"V",11,2,4,4,4,4
"V",11,2,4,6,1,1
"V",11,2,5,0,68,33
"V",11,2,5,1,22,18
"V",11,2,5,2,15,15
"V",11,2,5,3,6,6
"V",11,2,5,4,3,3
"V",11,2,5,5,4,4
"V",11,2,6,0,74,41
"V",11,2,6,1,24,20
"V",11,2,6,2,10,10
"V",11,2,6,3,5,4
"V",11,2,7,0,49,32
"V",11,2,7,1,19,13
"V",11,2,7,2,13,12
"V",11,2,7,3,4,4
"V",11,2,7,4,1,1
"V",11,2,7,5,1,1
"V",11,2,8,0,47,24
"V",11,2,8,1,10,8
"V",11,2,8,2,9,8
"V",11,2,8,4,2,2
"V",12,0,1,0,817,377
"V",12,0,1,1,12,8
"V",12,0,1,2,1,0
"V",12,0,1,3,1,1
"V",12,0,1,4,1,1
"V",12,0,2,0,228,120
"V",12,0,2,1,6,4
"V",12,0,2,2,2,2
"V",12,0,2,6,1,1
"V",12,0,3,0,52,33
"V",12,0,3,1,3,3
"V",12,0,3,2,2,2
"V",12,0,4,0,27,17
"V",12,0,4,1,3,3
"V",12,0,4,2,3,3
"V",12,0,4,6,1,1
"V",12,0,5,0,5,5
"V",12,0,5,1,5,4
"V",12,0,5,5,1,1
"V",12,0,6,0,15,14
"V",12,0,6,1,3,3
"V",12,0,6,2,1,1
"V",12,0,6,3,1,1
"V",12,0,7,0,6,5
"V",12,0,7,1,1,1
"V",12,0,8,0,10,6
"V",12,0,8,1,2,2
"V",12,0,8,2,1,1
"V",12,1,1,0,531,217
"V",12,1,1,1,15,13
"V",12,1,1,2,2,1
"V",12,1,1,3,2,2
"V",12,1,1,4,2,2
"V",12,1,1,5,1,1
"V",12,1,2,0,215,92
"V",12,1,2,1,26,19
"V",12,1,2,2,6,6
"V",12,1,2,3,2,2
"V",12,1,2,4,2,2
"V",12,1,2,8,1,1
"V",12,1,3,0,139,72
"V",12,1,3,1,14,11
"V",12,1,3,2,5,4
"V",12,1,3,3,3,2
"V",12,1,3,5,1,1
"V",12,1,3,7,1,1
"V",12,1,3,9,1,1
"V",12,1,4,0,68,43
"V",12,1,4,1,17,15
"V",12,1,4,2,11,10
"V",12,1,4,3,3,3
"V",12,1,4,4,2,2
"V",12,1,5,0,41,27
"V",12,1,5,1,12,10
"V",12,1,5,2,3,3
"V",12,1,5,3,1,1
"V",12,1,5,4,1,1
"V",12,1,5,6,1,1
"V",12,1,6,0,36,26
"V",12,1,6,1,13,11
"V",12,1,6,2,4,3
"V",12,1,6,3,3,2
"V",12,1,6,4,1,1
"V",12,1,7,0,21,10
"V",12,1,7,1,8,8
"V",12,1,7,2,5,5
"V",12,1,7,3,1,1
"V",12,1,7,6,1,1
"V",12,1,8,0,25,15
"V",12,1,8,1,10,9
"V",12,1,8,2,3,3
"V",12,1,8,3,1,1
"V",12,2,1,0,373,135
"V",12,2,1,1,21,21
"V",12,2,1,2,7,6
"V",12,2,1,3,2,2
"V",12,2,1,4,3,3
"V",12,2,1,5,3,3
"V",12,2,1,6,1,0
"V",12,2,1,8,1,1
"V",12,2,2,0,177,70
"V",12,2,2,1,37,30
"V",12,2,2,10,1,1
"V",12,2,2,2,19,18
"V",12,2,2,3,4,4
"V",12,2,2,4,3,2
"V",12,2,2,5,1,1
"V",12,2,2,6,2,1
"V",12,2,2,9,1,1
"V",12,2,3,0,108,45
"V",12,2,3,1,18,13
"V",12,2,3,11,1,1
"V",12,2,3,2,8,6
"V",12,2,3,3,12,12
"V",12,2,3,4,2,2
"V",12,2,3,5,1,1
"V",12,2,3,6,1,0
"V",12,2,3,7,1,0
"V",12,2,3,9,1,1
"V",12,2,4,0,79,40
"V",12,2,4,1,22,18
"V",12,2,4,2,18,16
"V",12,2,4,3,7,7
"V",12,2,4,4,2,2
"V",12,2,4,5,1,1
"V",12,2,5,0,49,22
"V",12,2,5,1,14,11
"V",12,2,5,2,10,10
"V",12,2,5,3,5,4
"V",12,2,5,6,1,1
"V",12,2,5,7,1,0
"V",12,2,6,0,33,13
"V",12,2,6,1,16,13
"V",12,2,6,2,7,7
"V",12,2,6,3,2,2
"V",12,2,6,4,2,2
"V",12,2,6,6,1,1
"V",12,2,7,0,25,11
"V",12,2,7,1,11,10
"V",12,2,7,2,6,5
"V",12,2,7,3,1,1
"V",12,2,7,7,1,1
"V",12,2,8,0,26,12
"V",12,2,8,1,13,11
"V",12,2,8,2,4,4
"V",12,2,8,3,3,3
"V",12,2,8,4,2,2
"V",12,2,8,5,1,1
"V",13,0,1,0,449,214
"V",13,0,1,1,5,1
"V",13,0,1,2,1,1
"V",13,0,2,0,130,76
"V",13,0,2,1,5,4
"V",13,0,2,2,1,1
"V",13,0,2,3,1,1
"V",13,0,3,0,23,17
"V",13,0,3,1,1,1
"V",13,0,3,2,1,1
"V",13,0,3,3,1,1
"V",13,0,4,0,22,14
"V",13,0,4,1,4,3
"V",13,0,4,2,1,1
"V",13,0,4,3,1,1
"V",13,0,5,0,7,4
"V",13,0,5,1,2,1
"V",13,0,5,3,1,1
"V",13,0,6,0,14,12
"V",13,0,6,1,1,1
"V",13,0,6,2,1,1
"V",13,0,7,0,7,6
"V",13,0,7,1,2,2
"V",13,0,7,2,1,1
"V",13,0,7,4,1,1
"V",13,0,8,0,6,5
"V",13,0,8,1,1,1
"V",13,1,1,0,289,118
"V",13,1,1,1,7,3
"V",13,1,1,2,4,2
"V",13,1,1,3,1,1
"V",13,1,1,4,2,2
"V",13,1,1,5,1,1
"V",13,1,2,0,118,59
"V",13,1,2,1,14,11
"V",13,1,2,3,2,1
"V",13,1,2,5,1,1
"V",13,1,3,0,78,44
"V",13,1,3,1,13,10
"V",13,1,3,2,1,1
"V",13,1,3,5,1,1
"V",13,1,4,0,44,25
"V",13,1,4,1,14,12
"V",13,1,4,2,2,2
"V",13,1,4,3,1,1
"V",13,1,5,0,15,7
"V",13,1,5,1,5,4
"V",13,1,5,2,2,2
"V",13,1,5,3,2,2
"V",13,1,6,0,24,23
"V",13,1,6,1,4,4
"V",13,1,6,2,3,3
"V",13,1,6,3,2,2
"V",13,1,6,5,1,1
"V",13,1,7,0,12,9
"V",13,1,7,1,11,10
"V",13,1,7,2,3,3
"V",13,1,7,3,1,1
"V",13,1,7,4,1,1
"V",13,1,8,0,12,9
"V",13,1,8,1,7,7
"V",13,1,8,2,3,3
"V",13,2,1,0,201,74
"V",13,2,1,1,10,5
"V",13,2,1,2,11,9
"V",13,2,1,3,4,4
"V",13,2,1,4,4,4
"V",13,2,1,5,2,2
"V",13,2,2,0,103,48
"V",13,2,2,1,19,18
"V",13,2,2,10,1,1
"V",13,2,2,2,10,8
"V",13,2,2,3,6,6
"V",13,2,2,4,2,2
"V",13,2,2,6,4,4
"V",13,2,2,9,2,2
"V",13,2,3,0,57,28
"V",13,2,3,1,16,12
"V",13,2,3,2,8,8
"V",13,2,3,3,4,4
"V",13,2,3,5,1,1
"V",13,2,3,8,2,2
"V",13,2,3,9,1,1
"V",13,2,4,0,46,25
"V",13,2,4,1,13,13
"V",13,2,4,2,2,2
"V",13,2,4,3,6,6
"V",13,2,4,6,2,2
"V",13,2,4,9,1,1
"V",13,2,5,0,22,11
"V",13,2,5,1,5,5
"V",13,2,5,2,7,7
"V",13,2,5,3,2,2
"V",13,2,5,4,2,2
"V",13,2,5,5,2,2
"V",13,2,6,0,28,11
"V",13,2,6,1,12,10
"V",13,2,6,10,1,1
"V",13,2,6,2,9,9
"V",13,2,6,4,1,1
"V",13,2,6,5,1,1
"V",13,2,6,6,1,1
"V",13,2,7,0,25,12
"V",13,2,7,1,12,11
"V",13,2,7,2,5,4
"V",13,2,7,3,2,2
"V",13,2,7,4,1,1
"V",13,2,7,7,1,1
"V",13,2,8,0,21,8
"V",13,2,8,1,10,10
"V",13,2,8,2,3,3
"V",13,2,8,3,1,1
"V",14,0,1,0,233,101
"V",14,0,1,1,4,3
"V",14,0,2,0,57,29
"V",14,0,2,1,2,2
"V",14,0,3,0,5,2
"V",14,0,3,1,1,1
"V",14,0,3,3,1,1
"V",14,0,3,6,1,1
"V",14,0,4,0,14,10
"V",14,0,4,2,1,1
"V",14,0,5,0,5,4
"V",14,0,6,0,4,3
"V",14,0,6,1,1,1
"V",14,0,6,3,2,2
"V",14,0,7,0,3,0
"V",14,0,7,1,1,1
"V",14,0,7,4,1,1
"V",14,0,8,0,6,5
"V",14,1,1,0,163,64
"V",14,1,1,1,5,4
"V",14,1,1,2,1,1
"V",14,1,1,3,1,1
"V",14,1,1,7,1,1
"V",14,1,2,0,57,33
"V",14,1,2,1,7,5
"V",14,1,2,3,2,2
"V",14,1,3,0,32,12
"V",14,1,3,1,5,4
"V",14,1,3,2,5,5
"V",14,1,4,0,19,11
"V",14,1,4,1,3,3
"V",14,1,4,2,2,2
"V",14,1,4,8,1,1
"V",14,1,5,0,6,3
"V",14,1,5,1,3,2
"V",14,1,5,2,2,2
"V",14,1,5,3,1,1
"V",14,1,5,6,1,1
"V",14,1,6,0,13,6
"V",14,1,6,1,2,2
"V",14,1,6,3,1,1
"V",14,1,6,4,1,1
"V",14,1,6,6,1,1
"V",14,1,6,7,1,1
"V",14,1,7,0,5,4
"V",14,1,7,1,3,2
"V",14,1,7,2,1,1
"V",14,1,7,3,1,1
"V",14,1,8,0,9,4
"V",14,1,8,3,1,1
"V",14,2,1,0,115,35
"V",14,2,1,1,6,5
"V",14,2,1,3,3,2
"V",14,2,1,7,1,1
"V",14,2,2,0,59,27
"V",14,2,2,1,7,5
"V",14,2,2,2,5,4
"V",14,2,2,3,1,1
"V",14,2,2,4,1,1
"V",14,2,2,5,1,1
"V",14,2,3,0,27,10
"V",14,2,3,1,17,15
"V",14,2,3,2,6,6
"V",14,2,3,3,1,1
"V",14,2,4,0,17,6
"V",14,2,4,1,4,4
"V",14,2,4,2,4,4
"V",14,2,5,0,9,1
"V",14,2,5,1,2,1
"V",14,2,5,2,3,3
"V",14,2,5,3,1,1
"V",14,2,5,7,1,1
"V",14,2,6,0,13,7
"V",14,2,6,1,5,4
"V",14,2,6,2,1,1
"V",14,2,7,0,8,2
"V",14,2,7,1,3,1
"V",14,2,7,2,3,2
"V",14,2,7,3,1,1
"V",14,2,8,0,6,2
"V",14,2,8,1,2,2
"V",14,2,8,2,1,1
"V",14,2,8,3,1,1
"V",15,0,1,0,127,56
"V",15,0,1,2,1,1
"V",15,0,2,0,30,15
"V",15,0,2,1,1,1
"V",15,0,3,0,4,4
"V",15,0,3,1,2,2
"V",15,0,4,0,4,3
"V",15,0,4,1,1,1
"V",15,0,5,0,2,1
"V",15,0,6,0,3,2
"V",15,0,6,1,1,1
"V",15,0,8,0,2,1
"V",15,1,1,0,91,36
"V",15,1,1,1,1,0
"V",15,1,1,2,2,1
"V",15,1,2,0,33,16
"V",15,1,2,1,3,2
"V",15,1,2,2,1,1
"V",15,1,3,0,10,4
"V",15,1,3,2,1,1
"V",15,1,3,7,1,1
"V",15,1,4,0,5,2
"V",15,1,4,1,3,2
"V",15,1,4,2,1,1
"V",15,1,5,0,8,5
"V",15,1,5,1,4,4
"V",15,1,6,0,7,4
"V",15,1,6,1,2,2
"V",15,1,6,2,1,1
"V",15,1,6,6,1,1
"V",15,1,7,0,4,1
"V",15,1,7,4,1,1
"V",15,1,8,0,4,2
"V",15,1,8,1,2,2
"V",15,1,8,2,1,1
"V",15,1,8,4,1,1
"V",15,2,1,0,70,25
"V",15,2,1,1,3,3
"V",15,2,1,2,3,2
"V",15,2,1,4,1,1
"V",15,2,2,0,30,15
"V",15,2,2,1,7,6
"V",15,2,2,2,5,5
"V",15,2,2,3,1,1
"V",15,2,2,4,2,2
"V",15,2,3,0,15,6
"V",15,2,3,1,4,4
"V",15,2,3,7,1,1
"V",15,2,4,0,9,2
"V",15,2,4,1,2,2
"V",15,2,4,2,1,1
"V",15,2,4,3,1,1
"V",15,2,4,4,1,1
"V",15,2,5,0,2,0
"V",15,2,5,1,3,3
"V",15,2,5,2,2,2
"V",15,2,5,3,1,1
"V",15,2,5,4,2,2
"V",15,2,6,0,4,2
"V",15,2,6,1,1,0
"V",15,2,6,2,2,2
"V",15,2,7,0,3,1
"V",15,2,7,1,2,1
"V",15,2,7,2,1,1
"V",15,2,7,3,1,1
"V",15,2,8,0,3,3
"V",15,2,8,1,4,4
"V",16,0,1,0,71,32
"V",16,0,1,1,1,1
"V",16,0,1,7,1,1
"V",16,0,2,0,16,10
"V",16,0,2,7,1,1
"V",16,0,3,0,6,3
"V",16,0,3,1,1,1
"V",16,0,3,2,1,1
"V",16,0,3,6,1,1
"V",16,0,4,0,4,2
"V",16,0,5,0,1,1
"V",16,0,5,1,1,1
"V",16,0,6,0,1,0
"V",16,0,6,2,1,1
"V",16,0,8,2,1,1
"V",16,0,8,3,1,1
"V",16,1,1,0,48,18
"V",16,1,1,2,1,1
"V",16,1,1,8,1,1
"V",16,1,2,0,14,6
"V",16,1,2,1,1,0
"V",16,1,3,0,13,7
"V",16,1,4,0,3,1
"V",16,1,4,2,1,1
"V",16,1,4,3,1,1
"V",16,1,5,0,3,2
"V",16,1,5,1,1,1
"V",16,1,5,2,1,1
"V",16,1,6,0,3,2
"V",16,1,6,1,1,1
"V",16,1,7,0,2,1
"V",16,1,8,0,2,2
"V",16,1,8,1,1,1
"V",16,2,1,0,36,13
"V",16,2,1,1,1,1
"V",16,2,1,2,1,1
"V",16,2,1,3,1,1
"V",16,2,1,8,1,1
"V",16,2,2,0,14,7
"V",16,2,2,1,3,2
"V",16,2,2,3,1,1
"V",16,2,3,0,12,5
"V",16,2,3,1,3,2
"V",16,2,3,2,1,1
"V",16,2,4,0,4,1
"V",16,2,4,4,1,1
"V",16,2,5,0,7,6
"V",16,2,6,0,3,2
"V",16,2,6,1,1,1
"V",16,2,6,3,1,1
"V",16,2,7,0,2,0
"V",16,2,7,1,2,2
"V",16,2,8,0,1,1
"V",16,2,8,1,1,1
"V",17,0,1,0,40,22
"V",17,0,1,1,1,1
"V",17,0,2,0,11,6
"V",17,0,2,1,1,1
"V",17,0,4,1,1,1
"V",17,0,4,2,1,1
"V",17,0,6,0,1,1
"V",17,0,6,1,1,1
"V",17,0,7,0,1,0
"V",17,0,8,0,1,0
"V",17,0,8,2,1,1
"V",17,1,1,0,28,15
"V",17,1,1,1,1,1
"V",17,1,2,0,13,6
"V",17,1,3,0,5,2
"V",17,1,4,0,3,2
"V",17,1,4,2,1,1
"V",17,1,5,1,1,1
"V",17,1,5,5,1,1
"V",17,1,5,6,1,1
"V",17,1,5,7,1,1
"V",17,1,6,0,1,1
"V",17,1,6,1,2,1
"V",17,1,7,0,1,0
"V",17,1,8,0,1,0
"V",17,1,8,2,1,1
"V",17,2,1,0,18,11
"V",17,2,1,1,1,1
"V",17,2,1,2,1,1
"V",17,2,2,0,11,5
"V",17,2,2,1,2,1
"V",17,2,2,2,1,1
"V",17,2,3,0,3,1
"V",17,2,3,2,1,1
"V",17,2,4,0,2,2
"V",17,2,5,0,2,1
"V",17,2,5,2,1,0
"V",17,2,5,7,1,1
"V",17,2,6,0,1,1
"V",17,2,6,1,1,0
"V",17,2,6,2,1,0
"V",17,2,7,1,2,1
"V",17,2,7,2,1,1
"V",17,2,8,0,1,0
"V",18,0,1,0,26,16
"V",18,0,1,1,1,1
"V",18,0,1,2,1,1
"V",18,0,2,0,7,4
"V",18,1,1,0,18,11
"V",18,1,1,1,1,1
"V",18,1,1,2,1,1
"V",18,1,2,0,8,6
"V",18,1,2,2,1,1
"V",18,1,2,5,1,1
"V",18,1,3,0,4,1
"V",18,1,4,0,2,2
"V",18,1,4,1,1,1
"V",18,1,6,0,1,1
"V",18,1,6,2,1,1
"V",18,1,6,5,1,1
"V",18,1,7,2,1,1
"V",18,1,7,3,1,1
"V",18,1,8,0,1,1
"V",18,1,8,2,1,1
"V",18,2,1,0,12,7
"V",18,2,1,1,1,1
"V",18,2,2,0,8,5
"V",18,2,3,0,5,1
"V",18,2,3,1,1,1
"V",18,2,3,2,1,1
"V",18,2,4,0,1,1
"V",18,2,5,0,1,0
"V",18,2,6,1,1,1
"V",18,2,6,2,1,1
"V",18,2,6,5,1,1
"V",18,2,7,0,1,1
"V",18,2,7,5,1,1
"V",19,0,1,0,15,10
"V",19,0,2,0,4,2
"V",19,0,4,0,1,1
"V",19,1,1,0,11,8
"V",19,1,1,1,1,1
"V",19,1,2,0,4,3
"V",19,1,3,0,3,1
"V",19,1,4,0,4,2
"V",19,1,6,0,1,1
"V",19,1,7,1,1,1
"V",19,1,8,1,1,1
"V",19,2,1,0,7,4
"V",19,2,1,1,1,1
"V",19,2,2,0,1,1
"V",19,2,2,3,1,1
"V",19,2,3,0,2,2
"V",19,2,3,1,3,3
"V",19,2,4,0,3,1
"V",19,2,5,2,1,1
"V",19,2,7,0,1,1
"V",19,2,7,2,1,1
"V",20,0,1,0,7,5
"V",20,0,2,0,3,2
"V",20,1,1,0,5,4
"V",20,1,2,0,3,1
"V",20,1,3,0,1,1
"V",20,2,1,0,3,3
"V",20,2,2,0,3,1
"V",20,2,3,0,2,2
"V",21,0,1,0,6,4
"V",21,0,2,0,4,3
"V",21,0,4,0,1,0
"V",21,0,7,0,1,1
"V",21,1,1,0,2,1
"V",21,1,2,0,2,1
"V",21,1,3,0,1,1
"V",21,1,4,0,1,0
"V",21,1,6,0,1,0
"V",21,1,7,0,1,1
"V",21,2,1,0,1,1
"V",21,2,1,2,1,1
"V",21,2,2,0,2,2
"V",21,2,3,0,2,2
"V",21,2,3,1,1,1
"V",21,2,4,0,1,0
"V",21,2,4,1,1,1
"V",21,2,6,0,1,1
"V",21,2,7,0,1,0
"V",21,2,7,2,1,1
"V",22,0,1,0,2,1
"V",22,0,2,0,1,1
"V",22,1,1,0,1,0
"V",22,1,2,1,1,1
"V",22,1,3,0,1,1
"V",22,2,1,0,1,0
"V",22,2,2,0,1,0
"V",22,2,2,1,1,1
