(1, 0, 0, (0, 0, 0), 0): (569, 1155)
(1, 0, 0, (0, 0, 0), 1): (2, 3)
(1, 0, 0, (0, 0, 0), 2): (4, 4)
(1, 0, 0, (0, 0, 0), 3): (1, 2)
(1, 0, 0, (0, 0, 0), 4): (0, 1)
(1, 0, 0, (0, 0, 1), 0): (14, 22)
(1, 0, 0, (0, 0, 1), 1): (2, 4)
(1, 0, 0, (0, 0, 1), 2): (1, 3)
(1, 0, 0, (0, 0, 1), 5): (1, 1)
(1, 0, 0, (0, 1, 0), 0): (35, 62)
(1, 0, 0, (0, 1, 0), 1): (5, 10)
(1, 0, 0, (0, 1, 0), 2): (1, 1)
(1, 0, 0, (0, 1, 0), 3): (1, 2)
(1, 0, 0, (0, 1, 0), 4): (0, 1)
(1, 0, 0, (0, 1, 0), 5): (1, 2)
(1, 0, 0, (0, 1, 1), 0): (8, 14)
(1, 0, 0, (0, 1, 1), 1): (4, 5)
(1, 0, 0, (0, 1, 1), 2): (1, 1)
(1, 0, 0, (0, 1, 1), 3): (1, 1)
(1, 0, 0, (1, 0, 0), 0): (207, 374)
(1, 0, 0, (1, 0, 0), 1): (7, 13)
(1, 0, 0, (1, 0, 0), 2): (2, 4)
(1, 0, 0, (1, 0, 0), 3): (2, 2)
(1, 0, 0, (1, 0, 1), 0): (10, 25)
(1, 0, 0, (1, 0, 1), 1): (8, 16)
(1, 0, 0, (1, 0, 1), 2): (2, 3)
(1, 0, 0, (1, 0, 1), 4): (1, 1)
(1, 0, 0, (1, 1, 0), 0): (48, 73)
(1, 0, 0, (1, 1, 0), 1): (1, 4)
(1, 0, 0, (1, 1, 0), 2): (2, 4)
(1, 0, 0, (1, 1, 0), 3): (2, 3)
(1, 0, 0, (1, 1, 0), 6): (1, 1)
(1, 0, 0, (1, 1, 1), 0): (4, 8)
(1, 0, 0, (1, 1, 1), 1): (1, 3)
(1, 0, 0, (1, 1, 1), 2): (1, 2)
(1, 0, 0, (1, 1, 1), 3): (1, 1)
(1, 0, 0, (1, 1, 1), 4): (1, 1)
(1, 0, 1, (0, 0, 0), 0): (322, 714)
(1, 0, 1, (0, 0, 0), 1): (7, 15)
(1, 0, 1, (0, 0, 0), 2): (10, 10)
(1, 0, 1, (0, 0, 0), 3): (3, 7)
(1, 0, 1, (0, 0, 0), 6): (2, 2)
(1, 0, 1, (0, 0, 1), 0): (29, 48)
(1, 0, 1, (0, 0, 1), 1): (8, 16)
(1, 0, 1, (0, 0, 1), 2): (5, 7)
(1, 0, 1, (0, 0, 1), 3): (5, 6)
(1, 0, 1, (0, 1, 0), 0): (80, 155)
(1, 0, 1, (0, 1, 0), 1): (14, 27)
(1, 0, 1, (0, 1, 0), 2): (7, 13)
(1, 0, 1, (0, 1, 0), 3): (2, 3)
(1, 0, 1, (0, 1, 0), 4): (3, 3)
(1, 0, 1, (0, 1, 0), 5): (1, 2)
(1, 0, 1, (0, 1, 1), 0): (28, 37)
(1, 0, 1, (0, 1, 1), 1): (9, 15)
(1, 0, 1, (0, 1, 1), 2): (4, 5)
(1, 0, 1, (0, 1, 1), 3): (4, 4)
(1, 0, 1, (0, 1, 1), 4): (2, 2)
(1, 0, 1, (0, 1, 1), 6): (1, 1)
(1, 0, 1, (1, 0, 0), 0): (156, 319)
(1, 0, 1, (1, 0, 0), 1): (27, 44)
(1, 0, 1, (1, 0, 0), 2): (8, 15)
(1, 0, 1, (1, 0, 0), 3): (7, 8)
(1, 0, 1, (1, 0, 0), 4): (2, 2)
(1, 0, 1, (1, 0, 0), 5): (2, 2)
(1, 0, 1, (1, 0, 0), 6): (1, 1)
(1, 0, 1, (1, 0, 1), 0): (20, 44)
(1, 0, 1, (1, 0, 1), 1): (18, 23)
(1, 0, 1, (1, 0, 1), 2): (3, 5)
(1, 0, 1, (1, 0, 1), 3): (2, 2)
(1, 0, 1, (1, 0, 1), 4): (3, 3)
(1, 0, 1, (1, 0, 1), 5): (1, 1)
(1, 0, 1, (1, 1, 0), 0): (53, 96)
(1, 0, 1, (1, 1, 0), 1): (8, 18)
(1, 0, 1, (1, 1, 0), 2): (8, 15)
(1, 0, 1, (1, 1, 0), 3): (3, 3)
(1, 0, 1, (1, 1, 0), 4): (1, 1)
(1, 0, 1, (1, 1, 0), 5): (1, 1)
(1, 0, 1, (1, 1, 0), 6): (2, 2)
(1, 0, 1, (1, 1, 1), 0): (14, 22)
(1, 0, 1, (1, 1, 1), 1): (7, 10)
(1, 0, 1, (1, 1, 1), 2): (6, 7)
(1, 0, 2, (0, 0, 0), 0): (238, 524)
(1, 0, 2, (0, 0, 0), 1): (19, 36)
(1, 0, 2, (0, 0, 0), 2): (12, 20)
(1, 0, 2, (0, 0, 0), 3): (8, 14)
(1, 0, 2, (0, 0, 0), 4): (4, 5)
(1, 0, 2, (0, 0, 0), 5): (1, 1)
(1, 0, 2, (0, 0, 0), 6): (3, 3)
(1, 0, 2, (0, 0, 1), 0): (29, 64)
(1, 0, 2, (0, 0, 1), 1): (20, 31)
(1, 0, 2, (0, 0, 1), 2): (4, 7)
(1, 0, 2, (0, 0, 1), 3): (4, 6)
(1, 0, 2, (0, 0, 1), 4): (1, 1)
(1, 0, 2, (0, 0, 1), 7): (1, 1)
(1, 0, 2, (0, 1, 0), 0): (81, 152)
(1, 0, 2, (0, 1, 0), 1): (34, 59)
(1, 0, 2, (0, 1, 0), 2): (21, 34)
(1, 0, 2, (0, 1, 0), 3): (11, 12)
(1, 0, 2, (0, 1, 0), 4): (7, 8)
(1, 0, 2, (0, 1, 0), 5): (0, 1)
(1, 0, 2, (0, 1, 0), 6): (1, 1)
(1, 0, 2, (0, 1, 1), 0): (12, 24)
(1, 0, 2, (0, 1, 1), 1): (12, 20)
(1, 0, 2, (0, 1, 1), 2): (5, 8)
(1, 0, 2, (0, 1, 1), 3): (2, 3)
(1, 0, 2, (0, 1, 1), 6): (1, 1)
(1, 0, 2, (1, 0, 0), 0): (141, 299)
(1, 0, 2, (1, 0, 0), 1): (32, 65)
(1, 0, 2, (1, 0, 0), 2): (17, 26)
(1, 0, 2, (1, 0, 0), 3): (11, 15)
(1, 0, 2, (1, 0, 0), 4): (6, 6)
(1, 0, 2, (1, 0, 0), 5): (3, 3)
(1, 0, 2, (1, 0, 0), 6): (2, 2)
(1, 0, 2, (1, 0, 1), 0): (32, 57)
(1, 0, 2, (1, 0, 1), 1): (23, 34)
(1, 0, 2, (1, 0, 1), 2): (6, 13)
(1, 0, 2, (1, 0, 1), 3): (4, 5)
(1, 0, 2, (1, 0, 1), 4): (4, 4)
(1, 0, 2, (1, 0, 1), 5): (1, 1)
(1, 0, 2, (1, 1, 0), 0): (37, 79)
(1, 0, 2, (1, 1, 0), 1): (19, 34)
(1, 0, 2, (1, 1, 0), 2): (13, 19)
(1, 0, 2, (1, 1, 0), 3): (5, 7)
(1, 0, 2, (1, 1, 0), 4): (1, 1)
(1, 0, 2, (1, 1, 0), 5): (1, 1)
(1, 0, 2, (1, 1, 0), 6): (1, 1)
(1, 0, 2, (1, 1, 1), 0): (11, 22)
(1, 0, 2, (1, 1, 1), 1): (8, 10)
(1, 0, 2, (1, 1, 1), 2): (3, 7)
(1, 0, 2, (1, 1, 1), 4): (1, 1)
(1, 1, 0, (0, 0, 0), -7): (0, 1)
(1, 1, 0, (0, 0, 0), -6): (0, 5)
(1, 1, 0, (0, 0, 0), -5): (1, 5)
(1, 1, 0, (0, 0, 0), -4): (2, 23)
(1, 1, 0, (0, 0, 0), -3): (12, 41)
(1, 1, 0, (0, 0, 0), -2): (42, 96)
(1, 1, 0, (0, 0, 0), -1): (86, 186)
(1, 1, 0, (0, 0, 0), 0): (443, 798)
(1, 1, 0, (0, 0, 0), 1): (4, 7)
(1, 1, 0, (0, 0, 0), 2): (1, 1)
(1, 1, 0, (0, 0, 0), 3): (1, 2)
(1, 1, 0, (0, 0, 0), 4): (1, 1)
(1, 1, 0, (0, 0, 1), -4): (0, 1)
(1, 1, 0, (0, 0, 1), -2): (0, 3)
(1, 1, 0, (0, 0, 1), -1): (2, 3)
(1, 1, 0, (0, 0, 1), 0): (7, 12)
(1, 1, 0, (0, 0, 1), 1): (3, 3)
(1, 1, 0, (0, 0, 1), 2): (5, 5)
(1, 1, 0, (0, 0, 1), 3): (1, 1)
(1, 1, 0, (0, 0, 1), 6): (1, 1)
(1, 1, 0, (0, 1, 0), -6): (0, 1)
(1, 1, 0, (0, 1, 0), -4): (0, 1)
(1, 1, 0, (0, 1, 0), -3): (0, 1)
(1, 1, 0, (0, 1, 0), -2): (3, 3)
(1, 1, 0, (0, 1, 0), -1): (9, 14)
(1, 1, 0, (0, 1, 0), 0): (29, 45)
(1, 1, 0, (0, 1, 0), 1): (4, 6)
(1, 1, 0, (0, 1, 0), 2): (1, 2)
(1, 1, 0, (0, 1, 0), 3): (2, 2)
(1, 1, 0, (0, 1, 1), -4): (0, 1)
(1, 1, 0, (0, 1, 1), -1): (2, 3)
(1, 1, 0, (0, 1, 1), 0): (7, 14)
(1, 1, 0, (0, 1, 1), 1): (5, 7)
(1, 1, 0, (0, 1, 1), 2): (2, 2)
(1, 1, 0, (0, 1, 1), 3): (1, 1)
(1, 1, 0, (0, 1, 1), 4): (1, 1)
(1, 1, 0, (1, 0, 0), -5): (1, 2)
(1, 1, 0, (1, 0, 0), -4): (1, 8)
(1, 1, 0, (1, 0, 0), -3): (5, 16)
(1, 1, 0, (1, 0, 0), -2): (17, 32)
(1, 1, 0, (1, 0, 0), -1): (26, 52)
(1, 1, 0, (1, 0, 0), 0): (156, 275)
(1, 1, 0, (1, 0, 0), 1): (4, 6)
(1, 1, 0, (1, 0, 0), 2): (3, 5)
(1, 1, 0, (1, 0, 0), 3): (2, 2)
(1, 1, 0, (1, 0, 0), 4): (2, 2)
(1, 1, 0, (1, 0, 1), -4): (0, 1)
(1, 1, 0, (1, 0, 1), -3): (0, 1)
(1, 1, 0, (1, 0, 1), -2): (0, 4)
(1, 1, 0, (1, 0, 1), -1): (7, 10)
(1, 1, 0, (1, 0, 1), 0): (17, 26)
(1, 1, 0, (1, 0, 1), 1): (3, 3)
(1, 1, 0, (1, 0, 1), 2): (1, 1)
(1, 1, 0, (1, 0, 1), 3): (1, 1)
(1, 1, 0, (1, 1, 0), -5): (0, 1)
(1, 1, 0, (1, 1, 0), -4): (0, 1)
(1, 1, 0, (1, 1, 0), -3): (3, 4)
(1, 1, 0, (1, 1, 0), -2): (7, 11)
(1, 1, 0, (1, 1, 0), -1): (9, 13)
(1, 1, 0, (1, 1, 0), 0): (46, 76)
(1, 1, 0, (1, 1, 0), 1): (9, 14)
(1, 1, 0, (1, 1, 0), 2): (0, 1)
(1, 1, 0, (1, 1, 0), 3): (1, 1)
(1, 1, 0, (1, 1, 0), 4): (1, 1)
(1, 1, 0, (1, 1, 1), -3): (1, 2)
(1, 1, 0, (1, 1, 1), -2): (0, 1)
(1, 1, 0, (1, 1, 1), -1): (1, 1)
(1, 1, 0, (1, 1, 1), 0): (11, 17)
(1, 1, 0, (1, 1, 1), 1): (5, 7)
(1, 1, 0, (1, 1, 1), 3): (2, 2)
(1, 1, 0, (1, 1, 1), 4): (1, 1)
(1, 1, 1, (0, 0, 0), -7): (0, 1)
(1, 1, 1, (0, 0, 0), -6): (0, 4)
(1, 1, 1, (0, 0, 0), -5): (0, 3)
(1, 1, 1, (0, 0, 0), -4): (1, 13)
(1, 1, 1, (0, 0, 0), -3): (7, 25)
(1, 1, 1, (0, 0, 0), -2): (23, 60)
(1, 1, 1, (0, 0, 0), -1): (52, 124)
(1, 1, 1, (0, 0, 0), 0): (265, 485)
(1, 1, 1, (0, 0, 0), 1): (6, 15)
(1, 1, 1, (0, 0, 0), 2): (4, 8)
(1, 1, 1, (0, 0, 0), 3): (5, 7)
(1, 1, 1, (0, 0, 0), 4): (1, 1)
(1, 1, 1, (0, 0, 0), 5): (1, 1)
(1, 1, 1, (0, 0, 0), 7): (1, 1)
(1, 1, 1, (0, 0, 1), -4): (0, 1)
(1, 1, 1, (0, 0, 1), -3): (0, 2)
(1, 1, 1, (0, 0, 1), -2): (1, 5)
(1, 1, 1, (0, 0, 1), -1): (6, 12)
(1, 1, 1, (0, 0, 1), 0): (20, 31)
(1, 1, 1, (0, 0, 1), 1): (9, 16)
(1, 1, 1, (0, 0, 1), 2): (7, 8)
(1, 1, 1, (0, 0, 1), 3): (2, 2)
(1, 1, 1, (0, 0, 1), 5): (1, 1)
(1, 1, 1, (0, 1, 0), -6): (0, 2)
(1, 1, 1, (0, 1, 0), -4): (1, 2)
(1, 1, 1, (0, 1, 0), -3): (2, 4)
(1, 1, 1, (0, 1, 0), -2): (4, 8)
(1, 1, 1, (0, 1, 0), -1): (13, 30)
(1, 1, 1, (0, 1, 0), 0): (53, 105)
(1, 1, 1, (0, 1, 0), 1): (12, 18)
(1, 1, 1, (0, 1, 0), 2): (12, 19)
(1, 1, 1, (0, 1, 0), 3): (5, 6)
(1, 1, 1, (0, 1, 0), 4): (2, 2)
(1, 1, 1, (0, 1, 1), -4): (0, 2)
(1, 1, 1, (0, 1, 1), -3): (2, 4)
(1, 1, 1, (0, 1, 1), -2): (0, 1)
(1, 1, 1, (0, 1, 1), -1): (3, 8)
(1, 1, 1, (0, 1, 1), 0): (18, 39)
(1, 1, 1, (0, 1, 1), 1): (11, 17)
(1, 1, 1, (0, 1, 1), 2): (2, 3)
(1, 1, 1, (1, 0, 0), -6): (0, 2)
(1, 1, 1, (1, 0, 0), -5): (1, 2)
(1, 1, 1, (1, 0, 0), -4): (1, 8)
(1, 1, 1, (1, 0, 0), -3): (7, 20)
(1, 1, 1, (1, 0, 0), -2): (19, 38)
(1, 1, 1, (1, 0, 0), -1): (31, 57)
(1, 1, 1, (1, 0, 0), 0): (149, 251)
(1, 1, 1, (1, 0, 0), 1): (19, 28)
(1, 1, 1, (1, 0, 0), 2): (6, 14)
(1, 1, 1, (1, 0, 0), 3): (4, 5)
(1, 1, 1, (1, 0, 0), 4): (1, 1)
(1, 1, 1, (1, 0, 0), 5): (1, 1)
(1, 1, 1, (1, 0, 0), 6): (1, 1)
(1, 1, 1, (1, 0, 1), -5): (0, 1)
(1, 1, 1, (1, 0, 1), -4): (0, 1)
(1, 1, 1, (1, 0, 1), -3): (0, 3)
(1, 1, 1, (1, 0, 1), -2): (2, 3)
(1, 1, 1, (1, 0, 1), -1): (10, 18)
(1, 1, 1, (1, 0, 1), 0): (31, 40)
(1, 1, 1, (1, 0, 1), 1): (10, 15)
(1, 1, 1, (1, 0, 1), 2): (7, 9)
(1, 1, 1, (1, 0, 1), 3): (4, 4)
(1, 1, 1, (1, 0, 1), 4): (1, 1)
(1, 1, 1, (1, 0, 1), 5): (1, 1)
(1, 1, 1, (1, 0, 1), 6): (1, 1)
(1, 1, 1, (1, 1, 0), -6): (0, 1)
(1, 1, 1, (1, 1, 0), -4): (0, 1)
(1, 1, 1, (1, 1, 0), -3): (1, 6)
(1, 1, 1, (1, 1, 0), -2): (6, 11)
(1, 1, 1, (1, 1, 0), -1): (11, 16)
(1, 1, 1, (1, 1, 0), 0): (54, 87)
(1, 1, 1, (1, 1, 0), 1): (12, 16)
(1, 1, 1, (1, 1, 0), 2): (6, 7)
(1, 1, 1, (1, 1, 0), 3): (3, 3)
(1, 1, 1, (1, 1, 0), 4): (4, 4)
(1, 1, 1, (1, 1, 0), 5): (1, 1)
(1, 1, 1, (1, 1, 1), -3): (0, 1)
(1, 1, 1, (1, 1, 1), -2): (0, 1)
(1, 1, 1, (1, 1, 1), -1): (3, 5)
(1, 1, 1, (1, 1, 1), 0): (11, 18)
(1, 1, 1, (1, 1, 1), 1): (7, 11)
(1, 1, 1, (1, 1, 1), 2): (1, 1)
(1, 1, 1, (1, 1, 1), 3): (1, 1)
(1, 1, 1, (1, 1, 1), 4): (1, 1)
(1, 1, 2, (0, 0, 0), -7): (0, 1)
(1, 1, 2, (0, 0, 0), -6): (0, 1)
(1, 1, 2, (0, 0, 0), -5): (0, 2)
(1, 1, 2, (0, 0, 0), -4): (0, 8)
(1, 1, 2, (0, 0, 0), -3): (4, 17)
(1, 1, 2, (0, 0, 0), -2): (10, 37)
(1, 1, 2, (0, 0, 0), -1): (31, 81)
(1, 1, 2, (0, 0, 0), 0): (181, 341)
(1, 1, 2, (0, 0, 0), 1): (13, 26)
(1, 1, 2, (0, 0, 0), 2): (10, 18)
(1, 1, 2, (0, 0, 0), 3): (13, 16)
(1, 1, 2, (0, 0, 0), 4): (2, 2)
(1, 1, 2, (0, 0, 0), 7): (1, 1)
(1, 1, 2, (0, 0, 1), -3): (1, 2)
(1, 1, 2, (0, 0, 1), -2): (5, 10)
(1, 1, 2, (0, 0, 1), -1): (6, 17)
(1, 1, 2, (0, 0, 1), 0): (26, 56)
(1, 1, 2, (0, 0, 1), 1): (21, 37)
(1, 1, 2, (0, 0, 1), 2): (10, 15)
(1, 1, 2, (0, 0, 1), 3): (8, 10)
(1, 1, 2, (0, 0, 1), 4): (1, 1)
(1, 1, 2, (0, 0, 1), 5): (1, 1)
(1, 1, 2, (0, 0, 1), 6): (1, 1)
(1, 1, 2, (0, 1, 0), -6): (0, 2)
(1, 1, 2, (0, 1, 0), -5): (1, 1)
(1, 1, 2, (0, 1, 0), -4): (0, 3)
(1, 1, 2, (0, 1, 0), -3): (2, 9)
(1, 1, 2, (0, 1, 0), -2): (6, 18)
(1, 1, 2, (0, 1, 0), -1): (11, 33)
(1, 1, 2, (0, 1, 0), 0): (74, 114)
(1, 1, 2, (0, 1, 0), 1): (26, 44)
(1, 1, 2, (0, 1, 0), 2): (24, 35)
(1, 1, 2, (0, 1, 0), 3): (9, 11)
(1, 1, 2, (0, 1, 0), 4): (6, 7)
(1, 1, 2, (0, 1, 0), 5): (1, 1)
(1, 1, 2, (0, 1, 1), -4): (0, 2)
(1, 1, 2, (0, 1, 1), -3): (1, 3)
(1, 1, 2, (0, 1, 1), -2): (4, 5)
(1, 1, 2, (0, 1, 1), -1): (4, 9)
(1, 1, 2, (0, 1, 1), 0): (34, 47)
(1, 1, 2, (0, 1, 1), 1): (9, 14)
(1, 1, 2, (0, 1, 1), 2): (4, 5)
(1, 1, 2, (0, 1, 1), 3): (4, 4)
(1, 1, 2, (0, 1, 1), 4): (1, 1)
(1, 1, 2, (0, 1, 1), 5): (1, 1)
(1, 1, 2, (0, 1, 1), 6): (1, 1)
(1, 1, 2, (1, 0, 0), -7): (0, 1)
(1, 1, 2, (1, 0, 0), -6): (0, 1)
(1, 1, 2, (1, 0, 0), -5): (0, 2)
(1, 1, 2, (1, 0, 0), -4): (1, 6)
(1, 1, 2, (1, 0, 0), -3): (4, 8)
(1, 1, 2, (1, 0, 0), -2): (10, 34)
(1, 1, 2, (1, 0, 0), -1): (22, 47)
(1, 1, 2, (1, 0, 0), 0): (104, 207)
(1, 1, 2, (1, 0, 0), 1): (31, 45)
(1, 1, 2, (1, 0, 0), 2): (20, 32)
(1, 1, 2, (1, 0, 0), 3): (13, 17)
(1, 1, 2, (1, 0, 0), 4): (2, 2)
(1, 1, 2, (1, 0, 0), 5): (2, 2)
(1, 1, 2, (1, 0, 0), 7): (1, 1)
(1, 1, 2, (1, 0, 1), -5): (0, 1)
(1, 1, 2, (1, 0, 1), -4): (0, 2)
(1, 1, 2, (1, 0, 1), -3): (1, 5)
(1, 1, 2, (1, 0, 1), -2): (1, 4)
(1, 1, 2, (1, 0, 1), -1): (5, 13)
(1, 1, 2, (1, 0, 1), 0): (30, 51)
(1, 1, 2, (1, 0, 1), 1): (20, 29)
(1, 1, 2, (1, 0, 1), 2): (10, 17)
(1, 1, 2, (1, 0, 1), 3): (7, 7)
(1, 1, 2, (1, 0, 1), 4): (3, 3)
(1, 1, 2, (1, 0, 1), 5): (1, 1)
(1, 1, 2, (1, 1, 0), -7): (0, 1)
(1, 1, 2, (1, 1, 0), -4): (0, 1)
(1, 1, 2, (1, 1, 0), -3): (1, 4)
(1, 1, 2, (1, 1, 0), -2): (8, 17)
(1, 1, 2, (1, 1, 0), -1): (6, 14)
(1, 1, 2, (1, 1, 0), 0): (39, 68)
(1, 1, 2, (1, 1, 0), 1): (12, 18)
(1, 1, 2, (1, 1, 0), 2): (15, 19)
(1, 1, 2, (1, 1, 0), 3): (11, 13)
(1, 1, 2, (1, 1, 0), 4): (6, 7)
(1, 1, 2, (1, 1, 0), 5): (1, 1)
(1, 1, 2, (1, 1, 1), -3): (0, 1)
(1, 1, 2, (1, 1, 1), -2): (2, 5)
(1, 1, 2, (1, 1, 1), -1): (0, 4)
(1, 1, 2, (1, 1, 1), 0): (11, 20)
(1, 1, 2, (1, 1, 1), 1): (11, 15)
(1, 1, 2, (1, 1, 1), 2): (3, 5)
(1, 1, 2, (1, 1, 1), 3): (2, 2)
(1, 1, 2, (1, 1, 1), 4): (1, 1)
(1, 1, 2, (1, 1, 1), 5): (1, 1)
(2, 0, 0, (0, 0, 0), -7): (0, 1)
(2, 0, 0, (0, 0, 0), -6): (0, 3)
(2, 0, 0, (0, 0, 0), -5): (0, 7)
(2, 0, 0, (0, 0, 0), -4): (1, 16)
(2, 0, 0, (0, 0, 0), -3): (9, 45)
(2, 0, 0, (0, 0, 0), -2): (41, 103)
(2, 0, 0, (0, 0, 0), -1): (60, 147)
(2, 0, 0, (0, 0, 0), 0): (287, 570)
(2, 0, 0, (0, 0, 0), 1): (82, 144)
(2, 0, 0, (0, 0, 0), 2): (51, 77)
(2, 0, 0, (0, 0, 0), 3): (23, 31)
(2, 0, 0, (0, 0, 0), 4): (13, 14)
(2, 0, 0, (0, 0, 0), 5): (4, 5)
(2, 0, 0, (0, 0, 0), 6): (6, 6)
(2, 0, 0, (0, 0, 0), 7): (1, 1)
(2, 0, 0, (0, 0, 1), -6): (0, 1)
(2, 0, 0, (0, 0, 1), -1): (1, 3)
(2, 0, 0, (0, 0, 1), 0): (8, 14)
(2, 0, 0, (0, 0, 1), 1): (5, 8)
(2, 0, 0, (0, 0, 1), 2): (2, 2)
(2, 0, 0, (0, 0, 1), 5): (1, 1)
(2, 0, 0, (0, 1, 0), -3): (0, 1)
(2, 0, 0, (0, 1, 0), -2): (1, 5)
(2, 0, 0, (0, 1, 0), -1): (3, 13)
(2, 0, 0, (0, 1, 0), 0): (16, 28)
(2, 0, 0, (0, 1, 0), 1): (9, 12)
(2, 0, 0, (0, 1, 0), 2): (6, 7)
(2, 0, 0, (0, 1, 0), 3): (3, 4)
(2, 0, 0, (0, 1, 0), 4): (2, 2)
(2, 0, 0, (0, 1, 1), -7): (0, 1)
(2, 0, 0, (0, 1, 1), -3): (1, 1)
(2, 0, 0, (0, 1, 1), -2): (0, 1)
(2, 0, 0, (0, 1, 1), -1): (3, 3)
(2, 0, 0, (0, 1, 1), 0): (3, 4)
(2, 0, 0, (0, 1, 1), 1): (4, 6)
(2, 0, 0, (0, 1, 1), 3): (1, 1)
(2, 0, 0, (1, 0, 0), -7): (0, 1)
(2, 0, 0, (1, 0, 0), -6): (0, 1)
(2, 0, 0, (1, 0, 0), -5): (0, 1)
(2, 0, 0, (1, 0, 0), -4): (1, 5)
(2, 0, 0, (1, 0, 0), -3): (6, 16)
(2, 0, 0, (1, 0, 0), -2): (11, 28)
(2, 0, 0, (1, 0, 0), -1): (20, 44)
(2, 0, 0, (1, 0, 0), 0): (96, 179)
(2, 0, 0, (1, 0, 0), 1): (24, 43)
(2, 0, 0, (1, 0, 0), 2): (11, 16)
(2, 0, 0, (1, 0, 0), 3): (11, 13)
(2, 0, 0, (1, 0, 0), 4): (4, 5)
(2, 0, 0, (1, 0, 0), 5): (1, 1)
(2, 0, 0, (1, 0, 0), 6): (4, 4)
(2, 0, 0, (1, 0, 1), -4): (0, 1)
(2, 0, 0, (1, 0, 1), -3): (1, 2)
(2, 0, 0, (1, 0, 1), -2): (4, 5)
(2, 0, 0, (1, 0, 1), -1): (3, 5)
(2, 0, 0, (1, 0, 1), 0): (3, 9)
(2, 0, 0, (1, 0, 1), 1): (2, 2)
(2, 0, 0, (1, 0, 1), 2): (2, 2)
(2, 0, 0, (1, 0, 1), 3): (2, 2)
(2, 0, 0, (1, 1, 0), -4): (0, 1)
(2, 0, 0, (1, 1, 0), -3): (0, 3)
(2, 0, 0, (1, 1, 0), -2): (2, 6)
(2, 0, 0, (1, 1, 0), -1): (4, 10)
(2, 0, 0, (1, 1, 0), 0): (17, 31)
(2, 0, 0, (1, 1, 0), 1): (7, 10)
(2, 0, 0, (1, 1, 0), 2): (5, 7)
(2, 0, 0, (1, 1, 0), 3): (1, 2)
(2, 0, 0, (1, 1, 0), 4): (2, 2)
(2, 0, 0, (1, 1, 1), -7): (0, 1)
(2, 0, 0, (1, 1, 1), -3): (0, 1)
(2, 0, 0, (1, 1, 1), -2): (2, 2)
(2, 0, 0, (1, 1, 1), -1): (1, 2)
(2, 0, 0, (1, 1, 1), 0): (5, 7)
(2, 0, 0, (1, 1, 1), 1): (4, 5)
(2, 0, 0, (1, 1, 1), 2): (1, 1)
(2, 0, 0, (1, 1, 1), 4): (2, 2)
(2, 0, 1, (0, 0, 0), -6): (0, 1)
(2, 0, 1, (0, 0, 0), -5): (0, 7)
(2, 0, 1, (0, 0, 0), -4): (0, 11)
(2, 0, 1, (0, 0, 0), -3): (3, 28)
(2, 0, 1, (0, 0, 0), -2): (27, 69)
(2, 0, 1, (0, 0, 0), -1): (36, 90)
(2, 0, 1, (0, 0, 0), 0): (178, 367)
(2, 0, 1, (0, 0, 0), 1): (56, 96)
(2, 0, 1, (0, 0, 0), 2): (40, 63)
(2, 0, 1, (0, 0, 0), 3): (16, 22)
(2, 0, 1, (0, 0, 0), 4): (9, 9)
(2, 0, 1, (0, 0, 0), 5): (3, 4)
(2, 0, 1, (0, 0, 0), 6): (2, 2)
(2, 0, 1, (0, 0, 0), 7): (1, 1)
(2, 0, 1, (0, 0, 1), -3): (1, 3)
(2, 0, 1, (0, 0, 1), -2): (0, 2)
(2, 0, 1, (0, 0, 1), -1): (4, 9)
(2, 0, 1, (0, 0, 1), 0): (10, 24)
(2, 0, 1, (0, 0, 1), 1): (13, 21)
(2, 0, 1, (0, 0, 1), 2): (6, 6)
(2, 0, 1, (0, 0, 1), 3): (2, 3)
(2, 0, 1, (0, 0, 1), 4): (1, 1)
(2, 0, 1, (0, 0, 1), 5): (1, 1)
(2, 0, 1, (0, 0, 1), 8): (1, 1)
(2, 0, 1, (0, 1, 0), -4): (0, 1)
(2, 0, 1, (0, 1, 0), -3): (0, 4)
(2, 0, 1, (0, 1, 0), -2): (2, 5)
(2, 0, 1, (0, 1, 0), -1): (9, 19)
(2, 0, 1, (0, 1, 0), 0): (39, 71)
(2, 0, 1, (0, 1, 0), 1): (14, 19)
(2, 0, 1, (0, 1, 0), 2): (9, 12)
(2, 0, 1, (0, 1, 0), 3): (4, 5)
(2, 0, 1, (0, 1, 0), 4): (5, 5)
(2, 0, 1, (0, 1, 0), 6): (2, 2)
(2, 0, 1, (0, 1, 0), 7): (1, 1)
(2, 0, 1, (0, 1, 1), -3): (1, 2)
(2, 0, 1, (0, 1, 1), -2): (1, 2)
(2, 0, 1, (0, 1, 1), -1): (4, 9)
(2, 0, 1, (0, 1, 1), 0): (14, 25)
(2, 0, 1, (0, 1, 1), 1): (9, 16)
(2, 0, 1, (0, 1, 1), 2): (4, 5)
(2, 0, 1, (0, 1, 1), 3): (3, 4)
(2, 0, 1, (0, 1, 1), 4): (2, 2)
(2, 0, 1, (0, 1, 1), 5): (1, 2)
(2, 0, 1, (0, 1, 1), 8): (1, 1)
(2, 0, 1, (1, 0, 0), -6): (0, 1)
(2, 0, 1, (1, 0, 0), -5): (0, 3)
(2, 0, 1, (1, 0, 0), -4): (1, 4)
(2, 0, 1, (1, 0, 0), -3): (3, 11)
(2, 0, 1, (1, 0, 0), -2): (10, 30)
(2, 0, 1, (1, 0, 0), -1): (18, 44)
(2, 0, 1, (1, 0, 0), 0): (102, 175)
(2, 0, 1, (1, 0, 0), 1): (26, 54)
(2, 0, 1, (1, 0, 0), 2): (24, 34)
(2, 0, 1, (1, 0, 0), 3): (20, 23)
(2, 0, 1, (1, 0, 0), 4): (7, 9)
(2, 0, 1, (1, 0, 0), 5): (3, 3)
(2, 0, 1, (1, 0, 0), 6): (3, 3)
(2, 0, 1, (1, 0, 1), -5): (0, 1)
(2, 0, 1, (1, 0, 1), -3): (1, 3)
(2, 0, 1, (1, 0, 1), -2): (1, 3)
(2, 0, 1, (1, 0, 1), -1): (3, 6)
(2, 0, 1, (1, 0, 1), 0): (16, 30)
(2, 0, 1, (1, 0, 1), 1): (6, 10)
(2, 0, 1, (1, 0, 1), 2): (5, 7)
(2, 0, 1, (1, 0, 1), 3): (2, 2)
(2, 0, 1, (1, 0, 1), 4): (3, 3)
(2, 0, 1, (1, 0, 1), 8): (1, 1)
(2, 0, 1, (1, 0, 1), 10): (1, 1)
(2, 0, 1, (1, 1, 0), -6): (0, 1)
(2, 0, 1, (1, 1, 0), -5): (0, 2)
(2, 0, 1, (1, 1, 0), -4): (1, 2)
(2, 0, 1, (1, 1, 0), -3): (2, 4)
(2, 0, 1, (1, 1, 0), -2): (3, 9)
(2, 0, 1, (1, 1, 0), -1): (3, 8)
(2, 0, 1, (1, 1, 0), 0): (30, 46)
(2, 0, 1, (1, 1, 0), 1): (11, 16)
(2, 0, 1, (1, 1, 0), 2): (4, 5)
(2, 0, 1, (1, 1, 0), 3): (6, 6)
(2, 0, 1, (1, 1, 0), 4): (1, 2)
(2, 0, 1, (1, 1, 0), 9): (1, 1)
(2, 0, 1, (1, 1, 1), -3): (0, 2)
(2, 0, 1, (1, 1, 1), -2): (0, 1)
(2, 0, 1, (1, 1, 1), -1): (0, 2)
(2, 0, 1, (1, 1, 1), 0): (12, 15)
(2, 0, 1, (1, 1, 1), 1): (4, 5)
(2, 0, 1, (1, 1, 1), 2): (2, 2)
(2, 0, 1, (1, 1, 1), 3): (2, 2)
(2, 0, 1, (1, 1, 1), 4): (3, 3)
(2, 0, 1, (1, 1, 1), 5): (2, 2)
(2, 0, 1, (1, 1, 1), 6): (1, 1)
(2, 0, 1, (1, 1, 1), 7): (1, 1)
(2, 0, 1, (1, 1, 1), 8): (1, 1)
(2, 0, 2, (0, 0, 0), -6): (0, 1)
(2, 0, 2, (0, 0, 0), -5): (0, 5)
(2, 0, 2, (0, 0, 0), -4): (0, 9)
(2, 0, 2, (0, 0, 0), -3): (3, 21)
(2, 0, 2, (0, 0, 0), -2): (24, 58)
(2, 0, 2, (0, 0, 0), -1): (27, 73)
(2, 0, 2, (0, 0, 0), 0): (127, 286)
(2, 0, 2, (0, 0, 0), 1): (46, 82)
(2, 0, 2, (0, 0, 0), 2): (33, 56)
(2, 0, 2, (0, 0, 0), 3): (11, 16)
(2, 0, 2, (0, 0, 0), 4): (6, 7)
(2, 0, 2, (0, 0, 0), 5): (6, 7)
(2, 0, 2, (0, 0, 0), 6): (3, 3)
(2, 0, 2, (0, 0, 0), 7): (1, 1)
(2, 0, 2, (0, 0, 1), -4): (0, 2)
(2, 0, 2, (0, 0, 1), -3): (0, 1)
(2, 0, 2, (0, 0, 1), -2): (2, 3)
(2, 0, 2, (0, 0, 1), -1): (2, 5)
(2, 0, 2, (0, 0, 1), 0): (14, 37)
(2, 0, 2, (0, 0, 1), 1): (11, 15)
(2, 0, 2, (0, 0, 1), 2): (7, 8)
(2, 0, 2, (0, 0, 1), 3): (6, 7)
(2, 0, 2, (0, 0, 1), 4): (6, 8)
(2, 0, 2, (0, 0, 1), 5): (2, 2)
(2, 0, 2, (0, 0, 1), 6): (2, 2)
(2, 0, 2, (0, 1, 0), -3): (1, 5)
(2, 0, 2, (0, 1, 0), -2): (2, 8)
(2, 0, 2, (0, 1, 0), -1): (9, 22)
(2, 0, 2, (0, 1, 0), 0): (34, 69)
(2, 0, 2, (0, 1, 0), 1): (20, 37)
(2, 0, 2, (0, 1, 0), 2): (22, 29)
(2, 0, 2, (0, 1, 0), 3): (12, 14)
(2, 0, 2, (0, 1, 0), 4): (6, 7)
(2, 0, 2, (0, 1, 0), 5): (5, 6)
(2, 0, 2, (0, 1, 0), 6): (2, 2)
(2, 0, 2, (0, 1, 0), 7): (1, 1)
(2, 0, 2, (0, 1, 0), 8): (1, 1)
(2, 0, 2, (0, 1, 1), -5): (0, 1)
(2, 0, 2, (0, 1, 1), -3): (0, 1)
(2, 0, 2, (0, 1, 1), -2): (1, 3)
(2, 0, 2, (0, 1, 1), -1): (1, 3)
(2, 0, 2, (0, 1, 1), 0): (12, 22)
(2, 0, 2, (0, 1, 1), 1): (8, 17)
(2, 0, 2, (0, 1, 1), 2): (6, 6)
(2, 0, 2, (0, 1, 1), 3): (2, 3)
(2, 0, 2, (0, 1, 1), 5): (2, 3)
(2, 0, 2, (0, 1, 1), 6): (1, 1)
(2, 0, 2, (1, 0, 0), -6): (0, 1)
(2, 0, 2, (1, 0, 0), -5): (0, 2)
(2, 0, 2, (1, 0, 0), -4): (0, 5)
(2, 0, 2, (1, 0, 0), -3): (1, 8)
(2, 0, 2, (1, 0, 0), -2): (11, 32)
(2, 0, 2, (1, 0, 0), -1): (20, 43)
(2, 0, 2, (1, 0, 0), 0): (70, 147)
(2, 0, 2, (1, 0, 0), 1): (28, 62)
(2, 0, 2, (1, 0, 0), 2): (26, 40)
(2, 0, 2, (1, 0, 0), 3): (18, 20)
(2, 0, 2, (1, 0, 0), 4): (10, 11)
(2, 0, 2, (1, 0, 0), 5): (8, 8)
(2, 0, 2, (1, 0, 0), 6): (6, 6)
(2, 0, 2, (1, 0, 0), 7): (2, 2)
(2, 0, 2, (1, 0, 1), -4): (0, 1)
(2, 0, 2, (1, 0, 1), -3): (0, 3)
(2, 0, 2, (1, 0, 1), -2): (0, 2)
(2, 0, 2, (1, 0, 1), -1): (0, 2)
(2, 0, 2, (1, 0, 1), 0): (13, 25)
(2, 0, 2, (1, 0, 1), 1): (10, 16)
(2, 0, 2, (1, 0, 1), 2): (7, 12)
(2, 0, 2, (1, 0, 1), 3): (2, 3)
(2, 0, 2, (1, 0, 1), 4): (4, 4)
(2, 0, 2, (1, 0, 1), 5): (2, 2)
(2, 0, 2, (1, 0, 1), 7): (1, 1)
(2, 0, 2, (1, 0, 1), 9): (1, 1)
(2, 0, 2, (1, 1, 0), -5): (0, 1)
(2, 0, 2, (1, 1, 0), -3): (0, 2)
(2, 0, 2, (1, 1, 0), -2): (7, 12)
(2, 0, 2, (1, 1, 0), -1): (5, 11)
(2, 0, 2, (1, 1, 0), 0): (19, 37)
(2, 0, 2, (1, 1, 0), 1): (13, 19)
(2, 0, 2, (1, 1, 0), 2): (13, 20)
(2, 0, 2, (1, 1, 0), 3): (8, 8)
(2, 0, 2, (1, 1, 0), 4): (3, 3)
(2, 0, 2, (1, 1, 0), 5): (5, 6)
(2, 0, 2, (1, 1, 0), 6): (1, 1)
(2, 0, 2, (1, 1, 0), 8): (1, 1)
(2, 0, 2, (1, 1, 1), -3): (0, 1)
(2, 0, 2, (1, 1, 1), -2): (1, 2)
(2, 0, 2, (1, 1, 1), -1): (0, 5)
(2, 0, 2, (1, 1, 1), 0): (8, 16)
(2, 0, 2, (1, 1, 1), 1): (4, 8)
(2, 0, 2, (1, 1, 1), 2): (6, 6)
(2, 0, 2, (1, 1, 1), 3): (2, 3)
(2, 0, 2, (1, 1, 1), 4): (2, 2)
(2, 0, 2, (1, 1, 1), 5): (1, 1)
(2, 1, 0, (0, 0, 0), -10): (0, 1)
(2, 1, 0, (0, 0, 0), -9): (0, 1)
(2, 1, 0, (0, 0, 0), -8): (0, 2)
(2, 1, 0, (0, 0, 0), -7): (0, 3)
(2, 1, 0, (0, 0, 0), -6): (0, 12)
(2, 1, 0, (0, 0, 0), -5): (3, 16)
(2, 1, 0, (0, 0, 0), -4): (2, 23)
(2, 1, 0, (0, 0, 0), -3): (14, 53)
(2, 1, 0, (0, 0, 0), -2): (47, 128)
(2, 1, 0, (0, 0, 0), -1): (91, 187)
(2, 1, 0, (0, 0, 0), 0): (254, 475)
(2, 1, 0, (0, 0, 0), 1): (76, 125)
(2, 1, 0, (0, 0, 0), 2): (56, 84)
(2, 1, 0, (0, 0, 0), 3): (31, 37)
(2, 1, 0, (0, 0, 0), 4): (16, 16)
(2, 1, 0, (0, 0, 0), 5): (7, 7)
(2, 1, 0, (0, 0, 0), 6): (3, 3)
(2, 1, 0, (0, 0, 1), -4): (0, 1)
(2, 1, 0, (0, 0, 1), -3): (0, 2)
(2, 1, 0, (0, 0, 1), -2): (1, 2)
(2, 1, 0, (0, 0, 1), 0): (6, 7)
(2, 1, 0, (0, 0, 1), 1): (5, 5)
(2, 1, 0, (0, 0, 1), 2): (1, 1)
(2, 1, 0, (0, 0, 1), 3): (1, 1)
(2, 1, 0, (0, 1, 0), -8): (0, 1)
(2, 1, 0, (0, 1, 0), -6): (0, 1)
(2, 1, 0, (0, 1, 0), -4): (0, 1)
(2, 1, 0, (0, 1, 0), -3): (1, 4)
(2, 1, 0, (0, 1, 0), -2): (3, 5)
(2, 1, 0, (0, 1, 0), -1): (4, 14)
(2, 1, 0, (0, 1, 0), 0): (17, 31)
(2, 1, 0, (0, 1, 0), 1): (10, 14)
(2, 1, 0, (0, 1, 0), 2): (7, 9)
(2, 1, 0, (0, 1, 0), 3): (2, 2)
(2, 1, 0, (0, 1, 0), 4): (5, 5)
(2, 1, 0, (0, 1, 1), -5): (1, 2)
(2, 1, 0, (0, 1, 1), -4): (0, 1)
(2, 1, 0, (0, 1, 1), -3): (1, 2)
(2, 1, 0, (0, 1, 1), 0): (1, 1)
(2, 1, 0, (0, 1, 1), 1): (1, 1)
(2, 1, 0, (0, 1, 1), 2): (1, 1)
(2, 1, 0, (0, 1, 1), 3): (3, 3)
(2, 1, 0, (1, 0, 0), -8): (0, 1)
(2, 1, 0, (1, 0, 0), -6): (0, 3)
(2, 1, 0, (1, 0, 0), -5): (2, 9)
(2, 1, 0, (1, 0, 0), -4): (1, 10)
(2, 1, 0, (1, 0, 0), -3): (4, 16)
(2, 1, 0, (1, 0, 0), -2): (13, 31)
(2, 1, 0, (1, 0, 0), -1): (26, 49)
(2, 1, 0, (1, 0, 0), 0): (86, 148)
(2, 1, 0, (1, 0, 0), 1): (30, 48)
(2, 1, 0, (1, 0, 0), 2): (23, 30)
(2, 1, 0, (1, 0, 0), 3): (13, 15)
(2, 1, 0, (1, 0, 0), 4): (5, 5)
(2, 1, 0, (1, 0, 0), 5): (2, 2)
(2, 1, 0, (1, 0, 0), 6): (1, 1)
(2, 1, 0, (1, 0, 1), -4): (0, 1)
(2, 1, 0, (1, 0, 1), -3): (0, 2)
(2, 1, 0, (1, 0, 1), -1): (3, 5)
(2, 1, 0, (1, 0, 1), 0): (7, 13)
(2, 1, 0, (1, 0, 1), 1): (6, 8)
(2, 1, 0, (1, 0, 1), 2): (2, 3)
(2, 1, 0, (1, 0, 1), 3): (1, 1)
(2, 1, 0, (1, 0, 1), 4): (2, 2)
(2, 1, 0, (1, 1, 0), -6): (0, 1)
(2, 1, 0, (1, 1, 0), -5): (0, 3)
(2, 1, 0, (1, 1, 0), -4): (0, 2)
(2, 1, 0, (1, 1, 0), -3): (0, 3)
(2, 1, 0, (1, 1, 0), -2): (5, 8)
(2, 1, 0, (1, 1, 0), -1): (6, 9)
(2, 1, 0, (1, 1, 0), 0): (26, 36)
(2, 1, 0, (1, 1, 0), 1): (7, 9)
(2, 1, 0, (1, 1, 0), 2): (2, 2)
(2, 1, 0, (1, 1, 0), 3): (2, 2)
(2, 1, 0, (1, 1, 0), 4): (1, 1)
(2, 1, 0, (1, 1, 0), 5): (2, 2)
(2, 1, 0, (1, 1, 0), 6): (1, 1)
(2, 1, 0, (1, 1, 1), -2): (1, 2)
(2, 1, 0, (1, 1, 1), -1): (1, 3)
(2, 1, 0, (1, 1, 1), 0): (5, 7)
(2, 1, 0, (1, 1, 1), 1): (3, 4)
(2, 1, 0, (1, 1, 1), 2): (1, 1)
(2, 1, 0, (1, 1, 1), 3): (1, 1)
(2, 1, 0, (1, 1, 1), 4): (2, 2)
(2, 1, 0, (1, 1, 1), 5): (1, 1)
(2, 1, 0, (1, 1, 1), 6): (1, 1)
(2, 1, 1, (0, 0, 0), -10): (0, 1)
(2, 1, 1, (0, 0, 0), -9): (0, 1)
(2, 1, 1, (0, 0, 0), -7): (0, 3)
(2, 1, 1, (0, 0, 0), -6): (0, 8)
(2, 1, 1, (0, 0, 0), -5): (1, 7)
(2, 1, 1, (0, 0, 0), -4): (0, 10)
(2, 1, 1, (0, 0, 0), -3): (7, 28)
(2, 1, 1, (0, 0, 0), -2): (29, 90)
(2, 1, 1, (0, 0, 0), -1): (63, 130)
(2, 1, 1, (0, 0, 0), 0): (146, 301)
(2, 1, 1, (0, 0, 0), 1): (45, 77)
(2, 1, 1, (0, 0, 0), 2): (33, 56)
(2, 1, 1, (0, 0, 0), 3): (18, 26)
(2, 1, 1, (0, 0, 0), 4): (11, 11)
(2, 1, 1, (0, 0, 0), 5): (8, 8)
(2, 1, 1, (0, 0, 0), 6): (2, 2)
(2, 1, 1, (0, 0, 1), -6): (0, 1)
(2, 1, 1, (0, 0, 1), -4): (0, 1)
(2, 1, 1, (0, 0, 1), -3): (0, 3)
(2, 1, 1, (0, 0, 1), -2): (2, 4)
(2, 1, 1, (0, 0, 1), -1): (4, 5)
(2, 1, 1, (0, 0, 1), 0): (10, 23)
(2, 1, 1, (0, 0, 1), 1): (12, 12)
(2, 1, 1, (0, 0, 1), 2): (6, 7)
(2, 1, 1, (0, 0, 1), 3): (5, 6)
(2, 1, 1, (0, 0, 1), 4): (4, 4)
(2, 1, 1, (0, 0, 1), 5): (2, 2)
(2, 1, 1, (0, 0, 1), 6): (2, 2)
(2, 1, 1, (0, 0, 1), 8): (1, 1)
(2, 1, 1, (0, 1, 0), -8): (0, 1)
(2, 1, 1, (0, 1, 0), -7): (0, 1)
(2, 1, 1, (0, 1, 0), -5): (0, 3)
(2, 1, 1, (0, 1, 0), -4): (0, 1)
(2, 1, 1, (0, 1, 0), -3): (1, 5)
(2, 1, 1, (0, 1, 0), -2): (5, 11)
(2, 1, 1, (0, 1, 0), -1): (12, 27)
(2, 1, 1, (0, 1, 0), 0): (27, 52)
(2, 1, 1, (0, 1, 0), 1): (18, 28)
(2, 1, 1, (0, 1, 0), 2): (18, 21)
(2, 1, 1, (0, 1, 0), 3): (10, 11)
(2, 1, 1, (0, 1, 0), 4): (4, 4)
(2, 1, 1, (0, 1, 0), 5): (2, 2)
(2, 1, 1, (0, 1, 0), 6): (3, 3)
(2, 1, 1, (0, 1, 0), 8): (1, 1)
(2, 1, 1, (0, 1, 1), -4): (0, 1)
(2, 1, 1, (0, 1, 1), -3): (1, 3)
(2, 1, 1, (0, 1, 1), -2): (0, 1)
(2, 1, 1, (0, 1, 1), -1): (4, 5)
(2, 1, 1, (0, 1, 1), 0): (7, 10)
(2, 1, 1, (0, 1, 1), 1): (5, 8)
(2, 1, 1, (0, 1, 1), 2): (5, 7)
(2, 1, 1, (0, 1, 1), 3): (2, 2)
(2, 1, 1, (0, 1, 1), 4): (2, 2)
(2, 1, 1, (0, 1, 1), 5): (1, 1)
(2, 1, 1, (1, 0, 0), -6): (0, 5)
(2, 1, 1, (1, 0, 0), -5): (0, 1)
(2, 1, 1, (1, 0, 0), -4): (0, 6)
(2, 1, 1, (1, 0, 0), -3): (4, 16)
(2, 1, 1, (1, 0, 0), -2): (13, 37)
(2, 1, 1, (1, 0, 0), -1): (25, 54)
(2, 1, 1, (1, 0, 0), 0): (96, 150)
(2, 1, 1, (1, 0, 0), 1): (40, 61)
(2, 1, 1, (1, 0, 0), 2): (25, 29)
(2, 1, 1, (1, 0, 0), 3): (18, 21)
(2, 1, 1, (1, 0, 0), 4): (6, 6)
(2, 1, 1, (1, 0, 0), 5): (4, 4)
(2, 1, 1, (1, 0, 0), 6): (1, 1)
(2, 1, 1, (1, 0, 1), -5): (0, 2)
(2, 1, 1, (1, 0, 1), -3): (1, 1)
(2, 1, 1, (1, 0, 1), -2): (4, 11)
(2, 1, 1, (1, 0, 1), -1): (1, 2)
(2, 1, 1, (1, 0, 1), 0): (12, 24)
(2, 1, 1, (1, 0, 1), 1): (9, 14)
(2, 1, 1, (1, 0, 1), 2): (3, 5)
(2, 1, 1, (1, 0, 1), 3): (5, 5)
(2, 1, 1, (1, 0, 1), 5): (2, 2)
(2, 1, 1, (1, 1, 0), -6): (0, 1)
(2, 1, 1, (1, 1, 0), -5): (0, 1)
(2, 1, 1, (1, 1, 0), -4): (0, 3)
(2, 1, 1, (1, 1, 0), -3): (2, 7)
(2, 1, 1, (1, 1, 0), -2): (5, 12)
(2, 1, 1, (1, 1, 0), -1): (7, 17)
(2, 1, 1, (1, 1, 0), 0): (28, 45)
(2, 1, 1, (1, 1, 0), 1): (21, 27)
(2, 1, 1, (1, 1, 0), 2): (14, 17)
(2, 1, 1, (1, 1, 0), 3): (9, 10)
(2, 1, 1, (1, 1, 0), 4): (3, 3)
(2, 1, 1, (1, 1, 0), 5): (2, 2)
(2, 1, 1, (1, 1, 0), 6): (2, 2)
(2, 1, 1, (1, 1, 0), 8): (1, 1)
(2, 1, 1, (1, 1, 1), -4): (0, 1)
(2, 1, 1, (1, 1, 1), -3): (0, 1)
(2, 1, 1, (1, 1, 1), -2): (2, 3)
(2, 1, 1, (1, 1, 1), -1): (1, 2)
(2, 1, 1, (1, 1, 1), 0): (7, 9)
(2, 1, 1, (1, 1, 1), 1): (8, 10)
(2, 1, 1, (1, 1, 1), 2): (4, 6)
(2, 1, 1, (1, 1, 1), 3): (3, 3)
(2, 1, 1, (1, 1, 1), 4): (2, 2)
(2, 1, 1, (1, 1, 1), 5): (2, 2)
(2, 1, 1, (1, 1, 1), 6): (1, 1)
(2, 1, 1, (1, 1, 1), 7): (1, 1)
(2, 1, 1, (1, 1, 1), 8): (1, 1)
(2, 1, 2, (0, 0, 0), -10): (0, 1)
(2, 1, 2, (0, 0, 0), -9): (0, 1)
(2, 1, 2, (0, 0, 0), -8): (0, 1)
(2, 1, 2, (0, 0, 0), -7): (0, 2)
(2, 1, 2, (0, 0, 0), -6): (0, 5)
(2, 1, 2, (0, 0, 0), -5): (1, 8)
(2, 1, 2, (0, 0, 0), -4): (1, 13)
(2, 1, 2, (0, 0, 0), -3): (6, 23)
(2, 1, 2, (0, 0, 0), -2): (21, 70)
(2, 1, 2, (0, 0, 0), -1): (50, 97)
(2, 1, 2, (0, 0, 0), 0): (93, 223)
(2, 1, 2, (0, 0, 0), 1): (36, 67)
(2, 1, 2, (0, 0, 0), 2): (30, 51)
(2, 1, 2, (0, 0, 0), 3): (15, 22)
(2, 1, 2, (0, 0, 0), 4): (10, 11)
(2, 1, 2, (0, 0, 0), 5): (11, 11)
(2, 1, 2, (0, 0, 0), 6): (4, 4)
(2, 1, 2, (0, 0, 0), 7): (3, 3)
(2, 1, 2, (0, 0, 0), 8): (1, 1)
(2, 1, 2, (0, 0, 0), 9): (1, 1)
(2, 1, 2, (0, 0, 1), -5): (0, 1)
(2, 1, 2, (0, 0, 1), -4): (0, 1)
(2, 1, 2, (0, 0, 1), -3): (0, 7)
(2, 1, 2, (0, 0, 1), -2): (0, 5)
(2, 1, 2, (0, 0, 1), -1): (3, 4)
(2, 1, 2, (0, 0, 1), 0): (11, 24)
(2, 1, 2, (0, 0, 1), 1): (12, 16)
(2, 1, 2, (0, 0, 1), 2): (10, 12)
(2, 1, 2, (0, 0, 1), 3): (4, 4)
(2, 1, 2, (0, 0, 1), 4): (7, 7)
(2, 1, 2, (0, 0, 1), 5): (5, 5)
(2, 1, 2, (0, 0, 1), 6): (1, 1)
(2, 1, 2, (0, 1, 0), -8): (0, 1)
(2, 1, 2, (0, 1, 0), -7): (0, 1)
(2, 1, 2, (0, 1, 0), -6): (0, 2)
(2, 1, 2, (0, 1, 0), -5): (1, 4)
(2, 1, 2, (0, 1, 0), -3): (0, 1)
(2, 1, 2, (0, 1, 0), -2): (6, 13)
(2, 1, 2, (0, 1, 0), -1): (17, 30)
(2, 1, 2, (0, 1, 0), 0): (37, 69)
(2, 1, 2, (0, 1, 0), 1): (17, 24)
(2, 1, 2, (0, 1, 0), 2): (18, 21)
(2, 1, 2, (0, 1, 0), 3): (13, 16)
(2, 1, 2, (0, 1, 0), 4): (12, 12)
(2, 1, 2, (0, 1, 0), 5): (4, 4)
(2, 1, 2, (0, 1, 0), 6): (6, 6)
(2, 1, 2, (0, 1, 0), 7): (2, 2)
(2, 1, 2, (0, 1, 0), 11): (1, 1)
(2, 1, 2, (0, 1, 1), -6): (0, 1)
(2, 1, 2, (0, 1, 1), -5): (0, 1)
(2, 1, 2, (0, 1, 1), -4): (0, 2)
(2, 1, 2, (0, 1, 1), -3): (0, 1)
(2, 1, 2, (0, 1, 1), -2): (0, 6)
(2, 1, 2, (0, 1, 1), -1): (4, 5)
(2, 1, 2, (0, 1, 1), 0): (7, 16)
(2, 1, 2, (0, 1, 1), 1): (5, 8)
(2, 1, 2, (0, 1, 1), 2): (9, 11)
(2, 1, 2, (0, 1, 1), 3): (5, 7)
(2, 1, 2, (0, 1, 1), 4): (1, 1)
(2, 1, 2, (0, 1, 1), 5): (1, 1)
(2, 1, 2, (0, 1, 1), 6): (1, 1)
(2, 1, 2, (1, 0, 0), -9): (0, 1)
(2, 1, 2, (1, 0, 0), -7): (0, 1)
(2, 1, 2, (1, 0, 0), -6): (0, 2)
(2, 1, 2, (1, 0, 0), -5): (0, 4)
(2, 1, 2, (1, 0, 0), -4): (1, 7)
(2, 1, 2, (1, 0, 0), -3): (2, 14)
(2, 1, 2, (1, 0, 0), -2): (10, 32)
(2, 1, 2, (1, 0, 0), -1): (23, 55)
(2, 1, 2, (1, 0, 0), 0): (73, 129)
(2, 1, 2, (1, 0, 0), 1): (32, 47)
(2, 1, 2, (1, 0, 0), 2): (23, 32)
(2, 1, 2, (1, 0, 0), 3): (18, 22)
(2, 1, 2, (1, 0, 0), 4): (5, 5)
(2, 1, 2, (1, 0, 0), 5): (8, 8)
(2, 1, 2, (1, 0, 0), 6): (6, 6)
(2, 1, 2, (1, 0, 0), 8): (2, 2)
(2, 1, 2, (1, 0, 1), -8): (0, 1)
(2, 1, 2, (1, 0, 1), -5): (0, 2)
(2, 1, 2, (1, 0, 1), -3): (1, 3)
(2, 1, 2, (1, 0, 1), -2): (1, 3)
(2, 1, 2, (1, 0, 1), -1): (3, 11)
(2, 1, 2, (1, 0, 1), 0): (6, 16)
(2, 1, 2, (1, 0, 1), 1): (11, 15)
(2, 1, 2, (1, 0, 1), 2): (3, 6)
(2, 1, 2, (1, 0, 1), 3): (6, 9)
(2, 1, 2, (1, 0, 1), 4): (1, 1)
(2, 1, 2, (1, 0, 1), 5): (1, 1)
(2, 1, 2, (1, 0, 1), 6): (1, 1)
(2, 1, 2, (1, 0, 1), 8): (1, 1)
(2, 1, 2, (1, 0, 1), 9): (2, 2)
(2, 1, 2, (1, 1, 0), -9): (0, 1)
(2, 1, 2, (1, 1, 0), -7): (0, 2)
(2, 1, 2, (1, 1, 0), -6): (0, 1)
(2, 1, 2, (1, 1, 0), -4): (1, 1)
(2, 1, 2, (1, 1, 0), -3): (1, 5)
(2, 1, 2, (1, 1, 0), -2): (3, 11)
(2, 1, 2, (1, 1, 0), -1): (4, 15)
(2, 1, 2, (1, 1, 0), 0): (25, 40)
(2, 1, 2, (1, 1, 0), 1): (18, 24)
(2, 1, 2, (1, 1, 0), 2): (17, 19)
(2, 1, 2, (1, 1, 0), 3): (5, 8)
(2, 1, 2, (1, 1, 0), 4): (0, 1)
(2, 1, 2, (1, 1, 0), 5): (3, 3)
(2, 1, 2, (1, 1, 0), 6): (2, 2)
(2, 1, 2, (1, 1, 0), 9): (1, 1)
(2, 1, 2, (1, 1, 1), -5): (0, 1)
(2, 1, 2, (1, 1, 1), -3): (1, 2)
(2, 1, 2, (1, 1, 1), -2): (0, 3)
(2, 1, 2, (1, 1, 1), -1): (1, 2)
(2, 1, 2, (1, 1, 1), 0): (7, 11)
(2, 1, 2, (1, 1, 1), 1): (4, 5)
(2, 1, 2, (1, 1, 1), 2): (7, 9)
(2, 1, 2, (1, 1, 1), 3): (5, 6)
(2, 1, 2, (1, 1, 1), 4): (2, 2)
(2, 1, 2, (1, 1, 1), 6): (1, 1)
(2, 1, 2, (1, 1, 1), 7): (1, 1)
(3, 0, 0, (0, 0, 0), -11): (0, 1)
(3, 0, 0, (0, 0, 0), -10): (0, 1)
(3, 0, 0, (0, 0, 0), -9): (0, 2)
(3, 0, 0, (0, 0, 0), -8): (0, 2)
(3, 0, 0, (0, 0, 0), -7): (0, 3)
(3, 0, 0, (0, 0, 0), -6): (0, 11)
(3, 0, 0, (0, 0, 0), -5): (0, 18)
(3, 0, 0, (0, 0, 0), -4): (2, 26)
(3, 0, 0, (0, 0, 0), -3): (17, 69)
(3, 0, 0, (0, 0, 0), -2): (33, 109)
(3, 0, 0, (0, 0, 0), -1): (65, 154)
(3, 0, 0, (0, 0, 0), 0): (208, 395)
(3, 0, 0, (0, 0, 0), 1): (91, 168)
(3, 0, 0, (0, 0, 0), 2): (78, 109)
(3, 0, 0, (0, 0, 0), 3): (30, 42)
(3, 0, 0, (0, 0, 0), 4): (20, 20)
(3, 0, 0, (0, 0, 0), 5): (13, 15)
(3, 0, 0, (0, 0, 0), 6): (9, 9)
(3, 0, 0, (0, 0, 0), 7): (3, 3)
(3, 0, 0, (0, 0, 0), 8): (2, 2)
(3, 0, 0, (0, 0, 0), 10): (1, 1)
(3, 0, 0, (0, 0, 1), -3): (0, 1)
(3, 0, 0, (0, 0, 1), -1): (1, 2)
(3, 0, 0, (0, 0, 1), 0): (6, 8)
(3, 0, 0, (0, 0, 1), 1): (5, 5)
(3, 0, 0, (0, 0, 1), 2): (0, 2)
(3, 0, 0, (0, 0, 1), 3): (1, 2)
(3, 0, 0, (0, 0, 1), 4): (1, 1)
(3, 0, 0, (0, 0, 1), 6): (1, 1)
(3, 0, 0, (0, 1, 0), -10): (0, 1)
(3, 0, 0, (0, 1, 0), -5): (0, 2)
(3, 0, 0, (0, 1, 0), -3): (1, 4)
(3, 0, 0, (0, 1, 0), -2): (0, 3)
(3, 0, 0, (0, 1, 0), -1): (3, 5)
(3, 0, 0, (0, 1, 0), 0): (17, 26)
(3, 0, 0, (0, 1, 0), 1): (10, 14)
(3, 0, 0, (0, 1, 0), 2): (5, 8)
(3, 0, 0, (0, 1, 0), 3): (2, 3)
(3, 0, 0, (0, 1, 0), 4): (2, 2)
(3, 0, 0, (0, 1, 0), 5): (2, 2)
(3, 0, 0, (0, 1, 0), 6): (1, 1)
(3, 0, 0, (0, 1, 1), -2): (0, 2)
(3, 0, 0, (0, 1, 1), -1): (1, 1)
(3, 0, 0, (0, 1, 1), 0): (3, 6)
(3, 0, 0, (0, 1, 1), 1): (2, 2)
(3, 0, 0, (0, 1, 1), 2): (1, 1)
(3, 0, 0, (0, 1, 1), 3): (1, 1)
(3, 0, 0, (0, 1, 1), 4): (1, 1)
(3, 0, 0, (1, 0, 0), -11): (0, 1)
(3, 0, 0, (1, 0, 0), -6): (0, 2)
(3, 0, 0, (1, 0, 0), -5): (0, 3)
(3, 0, 0, (1, 0, 0), -4): (1, 4)
(3, 0, 0, (1, 0, 0), -3): (6, 21)
(3, 0, 0, (1, 0, 0), -2): (10, 38)
(3, 0, 0, (1, 0, 0), -1): (17, 37)
(3, 0, 0, (1, 0, 0), 0): (54, 100)
(3, 0, 0, (1, 0, 0), 1): (27, 47)
(3, 0, 0, (1, 0, 0), 2): (28, 33)
(3, 0, 0, (1, 0, 0), 3): (7, 9)
(3, 0, 0, (1, 0, 0), 4): (4, 4)
(3, 0, 0, (1, 0, 0), 5): (6, 6)
(3, 0, 0, (1, 0, 0), 6): (3, 3)
(3, 0, 0, (1, 0, 0), 10): (1, 1)
(3, 0, 0, (1, 0, 1), -5): (0, 1)
(3, 0, 0, (1, 0, 1), -3): (0, 1)
(3, 0, 0, (1, 0, 1), -2): (0, 1)
(3, 0, 0, (1, 0, 1), -1): (3, 5)
(3, 0, 0, (1, 0, 1), 0): (8, 10)
(3, 0, 0, (1, 0, 1), 1): (5, 6)
(3, 0, 0, (1, 0, 1), 2): (3, 4)
(3, 0, 0, (1, 0, 1), 3): (1, 1)
(3, 0, 0, (1, 1, 0), -10): (0, 1)
(3, 0, 0, (1, 1, 0), -3): (3, 8)
(3, 0, 0, (1, 1, 0), -2): (2, 7)
(3, 0, 0, (1, 1, 0), -1): (2, 4)
(3, 0, 0, (1, 1, 0), 0): (15, 23)
(3, 0, 0, (1, 1, 0), 1): (6, 10)
(3, 0, 0, (1, 1, 0), 2): (6, 8)
(3, 0, 0, (1, 1, 0), 3): (3, 3)
(3, 0, 0, (1, 1, 0), 5): (2, 2)
(3, 0, 0, (1, 1, 0), 6): (1, 1)
(3, 0, 0, (1, 1, 1), -3): (1, 2)
(3, 0, 0, (1, 1, 1), -2): (1, 2)
(3, 0, 0, (1, 1, 1), -1): (0, 1)
(3, 0, 0, (1, 1, 1), 0): (4, 4)
(3, 0, 0, (1, 1, 1), 1): (1, 1)
(3, 0, 0, (1, 1, 1), 2): (0, 1)
(3, 0, 1, (0, 0, 0), -9): (0, 2)
(3, 0, 1, (0, 0, 0), -8): (0, 2)
(3, 0, 1, (0, 0, 0), -7): (0, 3)
(3, 0, 1, (0, 0, 0), -6): (0, 9)
(3, 0, 1, (0, 0, 0), -5): (0, 13)
(3, 0, 1, (0, 0, 0), -4): (1, 23)
(3, 0, 1, (0, 0, 0), -3): (11, 44)
(3, 0, 1, (0, 0, 0), -2): (23, 70)
(3, 0, 1, (0, 0, 0), -1): (46, 114)
(3, 0, 1, (0, 0, 0), 0): (137, 274)
(3, 0, 1, (0, 0, 0), 1): (54, 110)
(3, 0, 1, (0, 0, 0), 2): (53, 77)
(3, 0, 1, (0, 0, 0), 3): (25, 35)
(3, 0, 1, (0, 0, 0), 4): (17, 17)
(3, 0, 1, (0, 0, 0), 5): (8, 10)
(3, 0, 1, (0, 0, 0), 6): (5, 5)
(3, 0, 1, (0, 0, 0), 7): (3, 3)
(3, 0, 1, (0, 0, 0), 8): (3, 3)
(3, 0, 1, (0, 0, 1), -3): (0, 2)
(3, 0, 1, (0, 0, 1), -2): (0, 2)
(3, 0, 1, (0, 0, 1), -1): (5, 8)
(3, 0, 1, (0, 0, 1), 0): (12, 16)
(3, 0, 1, (0, 0, 1), 1): (9, 10)
(3, 0, 1, (0, 0, 1), 2): (4, 6)
(3, 0, 1, (0, 0, 1), 3): (5, 10)
(3, 0, 1, (0, 0, 1), 4): (4, 4)
(3, 0, 1, (0, 0, 1), 5): (1, 1)
(3, 0, 1, (0, 0, 1), 6): (2, 2)
(3, 0, 1, (0, 1, 0), -7): (0, 1)
(3, 0, 1, (0, 1, 0), -5): (0, 1)
(3, 0, 1, (0, 1, 0), -4): (0, 2)
(3, 0, 1, (0, 1, 0), -3): (2, 6)
(3, 0, 1, (0, 1, 0), -2): (3, 9)
(3, 0, 1, (0, 1, 0), -1): (7, 16)
(3, 0, 1, (0, 1, 0), 0): (30, 54)
(3, 0, 1, (0, 1, 0), 1): (22, 33)
(3, 0, 1, (0, 1, 0), 2): (21, 26)
(3, 0, 1, (0, 1, 0), 3): (7, 11)
(3, 0, 1, (0, 1, 0), 4): (5, 5)
(3, 0, 1, (0, 1, 0), 5): (3, 3)
(3, 0, 1, (0, 1, 0), 6): (1, 1)
(3, 0, 1, (0, 1, 0), 10): (1, 1)
(3, 0, 1, (0, 1, 1), -8): (0, 1)
(3, 0, 1, (0, 1, 1), -6): (0, 1)
(3, 0, 1, (0, 1, 1), -4): (0, 2)
(3, 0, 1, (0, 1, 1), -2): (1, 3)
(3, 0, 1, (0, 1, 1), -1): (3, 6)
(3, 0, 1, (0, 1, 1), 0): (10, 17)
(3, 0, 1, (0, 1, 1), 1): (8, 11)
(3, 0, 1, (0, 1, 1), 2): (10, 10)
(3, 0, 1, (0, 1, 1), 3): (4, 4)
(3, 0, 1, (0, 1, 1), 4): (6, 6)
(3, 0, 1, (0, 1, 1), 5): (1, 1)
(3, 0, 1, (0, 1, 1), 6): (1, 1)
(3, 0, 1, (0, 1, 1), 8): (1, 1)
(3, 0, 1, (1, 0, 0), -11): (0, 1)
(3, 0, 1, (1, 0, 0), -6): (0, 3)
(3, 0, 1, (1, 0, 0), -5): (0, 8)
(3, 0, 1, (1, 0, 0), -4): (1, 11)
(3, 0, 1, (1, 0, 0), -3): (7, 23)
(3, 0, 1, (1, 0, 0), -2): (11, 38)
(3, 0, 1, (1, 0, 0), -1): (20, 47)
(3, 0, 1, (1, 0, 0), 0): (48, 97)
(3, 0, 1, (1, 0, 0), 1): (31, 60)
(3, 0, 1, (1, 0, 0), 2): (36, 51)
(3, 0, 1, (1, 0, 0), 3): (11, 15)
(3, 0, 1, (1, 0, 0), 4): (13, 14)
(3, 0, 1, (1, 0, 0), 5): (6, 7)
(3, 0, 1, (1, 0, 0), 7): (3, 3)
(3, 0, 1, (1, 0, 1), -10): (0, 1)
(3, 0, 1, (1, 0, 1), -6): (0, 1)
(3, 0, 1, (1, 0, 1), -5): (0, 2)
(3, 0, 1, (1, 0, 1), -4): (0, 1)
(3, 0, 1, (1, 0, 1), -3): (1, 3)
(3, 0, 1, (1, 0, 1), -2): (3, 4)
(3, 0, 1, (1, 0, 1), -1): (3, 8)
(3, 0, 1, (1, 0, 1), 0): (7, 11)
(3, 0, 1, (1, 0, 1), 1): (9, 14)
(3, 0, 1, (1, 0, 1), 2): (10, 13)
(3, 0, 1, (1, 0, 1), 3): (2, 3)
(3, 0, 1, (1, 0, 1), 4): (2, 3)
(3, 0, 1, (1, 0, 1), 5): (3, 3)
(3, 0, 1, (1, 0, 1), 6): (1, 1)
(3, 0, 1, (1, 0, 1), 7): (1, 1)
(3, 0, 1, (1, 1, 0), -11): (0, 1)
(3, 0, 1, (1, 1, 0), -7): (0, 1)
(3, 0, 1, (1, 1, 0), -5): (0, 3)
(3, 0, 1, (1, 1, 0), -4): (0, 2)
(3, 0, 1, (1, 1, 0), -3): (5, 8)
(3, 0, 1, (1, 1, 0), -2): (3, 14)
(3, 0, 1, (1, 1, 0), -1): (3, 16)
(3, 0, 1, (1, 1, 0), 0): (17, 34)
(3, 0, 1, (1, 1, 0), 1): (13, 17)
(3, 0, 1, (1, 1, 0), 2): (15, 16)
(3, 0, 1, (1, 1, 0), 3): (6, 7)
(3, 0, 1, (1, 1, 0), 4): (2, 2)
(3, 0, 1, (1, 1, 0), 5): (4, 4)
(3, 0, 1, (1, 1, 0), 6): (1, 1)
(3, 0, 1, (1, 1, 0), 7): (1, 1)
(3, 0, 1, (1, 1, 1), -10): (0, 1)
(3, 0, 1, (1, 1, 1), -4): (0, 1)
(3, 0, 1, (1, 1, 1), -3): (1, 1)
(3, 0, 1, (1, 1, 1), -2): (1, 3)
(3, 0, 1, (1, 1, 1), -1): (2, 5)
(3, 0, 1, (1, 1, 1), 0): (7, 11)
(3, 0, 1, (1, 1, 1), 1): (4, 6)
(3, 0, 1, (1, 1, 1), 2): (7, 8)
(3, 0, 1, (1, 1, 1), 3): (3, 4)
(3, 0, 1, (1, 1, 1), 4): (3, 3)
(3, 0, 1, (1, 1, 1), 5): (1, 1)
(3, 0, 1, (1, 1, 1), 7): (1, 1)
(3, 0, 2, (0, 0, 0), -9): (0, 2)
(3, 0, 2, (0, 0, 0), -8): (0, 2)
(3, 0, 2, (0, 0, 0), -7): (0, 2)
(3, 0, 2, (0, 0, 0), -6): (0, 8)
(3, 0, 2, (0, 0, 0), -5): (0, 8)
(3, 0, 2, (0, 0, 0), -4): (1, 15)
(3, 0, 2, (0, 0, 0), -3): (5, 29)
(3, 0, 2, (0, 0, 0), -2): (17, 53)
(3, 0, 2, (0, 0, 0), -1): (30, 85)
(3, 0, 2, (0, 0, 0), 0): (106, 217)
(3, 0, 2, (0, 0, 0), 1): (44, 85)
(3, 0, 2, (0, 0, 0), 2): (42, 61)
(3, 0, 2, (0, 0, 0), 3): (19, 27)
(3, 0, 2, (0, 0, 0), 4): (10, 12)
(3, 0, 2, (0, 0, 0), 5): (8, 9)
(3, 0, 2, (0, 0, 0), 6): (7, 7)
(3, 0, 2, (0, 0, 0), 7): (3, 3)
(3, 0, 2, (0, 0, 0), 8): (3, 3)
(3, 0, 2, (0, 0, 1), -4): (0, 1)
(3, 0, 2, (0, 0, 1), -3): (2, 5)
(3, 0, 2, (0, 0, 1), -2): (1, 3)
(3, 0, 2, (0, 0, 1), -1): (1, 4)
(3, 0, 2, (0, 0, 1), 0): (19, 23)
(3, 0, 2, (0, 0, 1), 1): (8, 18)
(3, 0, 2, (0, 0, 1), 2): (19, 24)
(3, 0, 2, (0, 0, 1), 3): (5, 9)
(3, 0, 2, (0, 0, 1), 4): (3, 3)
(3, 0, 2, (0, 0, 1), 5): (1, 1)
(3, 0, 2, (0, 0, 1), 6): (1, 1)
(3, 0, 2, (0, 0, 1), 7): (1, 1)
(3, 0, 2, (0, 0, 1), 8): (1, 1)
(3, 0, 2, (0, 0, 1), 9): (1, 1)
(3, 0, 2, (0, 1, 0), -10): (0, 1)
(3, 0, 2, (0, 1, 0), -5): (0, 3)
(3, 0, 2, (0, 1, 0), -4): (0, 2)
(3, 0, 2, (0, 1, 0), -3): (1, 8)
(3, 0, 2, (0, 1, 0), -2): (4, 14)
(3, 0, 2, (0, 1, 0), -1): (11, 24)
(3, 0, 2, (0, 1, 0), 0): (29, 60)
(3, 0, 2, (0, 1, 0), 1): (26, 39)
(3, 0, 2, (0, 1, 0), 2): (16, 19)
(3, 0, 2, (0, 1, 0), 3): (14, 18)
(3, 0, 2, (0, 1, 0), 4): (6, 7)
(3, 0, 2, (0, 1, 0), 5): (5, 5)
(3, 0, 2, (0, 1, 0), 6): (2, 2)
(3, 0, 2, (0, 1, 0), 7): (1, 1)
(3, 0, 2, (0, 1, 0), 9): (1, 1)
(3, 0, 2, (0, 1, 0), 10): (1, 1)
(3, 0, 2, (0, 1, 1), -8): (0, 1)
(3, 0, 2, (0, 1, 1), -7): (0, 1)
(3, 0, 2, (0, 1, 1), -5): (0, 1)
(3, 0, 2, (0, 1, 1), -3): (0, 2)
(3, 0, 2, (0, 1, 1), -2): (2, 2)
(3, 0, 2, (0, 1, 1), -1): (3, 7)
(3, 0, 2, (0, 1, 1), 0): (9, 17)
(3, 0, 2, (0, 1, 1), 1): (9, 18)
(3, 0, 2, (0, 1, 1), 2): (7, 10)
(3, 0, 2, (0, 1, 1), 3): (4, 5)
(3, 0, 2, (0, 1, 1), 4): (2, 2)
(3, 0, 2, (0, 1, 1), 5): (0, 1)
(3, 0, 2, (0, 1, 1), 6): (3, 3)
(3, 0, 2, (0, 1, 1), 7): (1, 1)
(3, 0, 2, (0, 1, 1), 8): (1, 1)
(3, 0, 2, (1, 0, 0), -9): (0, 1)
(3, 0, 2, (1, 0, 0), -8): (0, 1)
(3, 0, 2, (1, 0, 0), -6): (0, 1)
(3, 0, 2, (1, 0, 0), -5): (0, 8)
(3, 0, 2, (1, 0, 0), -4): (2, 12)
(3, 0, 2, (1, 0, 0), -3): (1, 19)
(3, 0, 2, (1, 0, 0), -2): (15, 42)
(3, 0, 2, (1, 0, 0), -1): (20, 39)
(3, 0, 2, (1, 0, 0), 0): (59, 111)
(3, 0, 2, (1, 0, 0), 1): (32, 61)
(3, 0, 2, (1, 0, 0), 2): (32, 46)
(3, 0, 2, (1, 0, 0), 3): (13, 19)
(3, 0, 2, (1, 0, 0), 4): (11, 13)
(3, 0, 2, (1, 0, 0), 5): (3, 5)
(3, 0, 2, (1, 0, 0), 6): (4, 4)
(3, 0, 2, (1, 0, 0), 7): (1, 1)
(3, 0, 2, (1, 0, 0), 8): (1, 1)
(3, 0, 2, (1, 0, 1), -5): (0, 2)
(3, 0, 2, (1, 0, 1), -4): (0, 2)
(3, 0, 2, (1, 0, 1), -3): (1, 2)
(3, 0, 2, (1, 0, 1), -2): (2, 7)
(3, 0, 2, (1, 0, 1), -1): (3, 5)
(3, 0, 2, (1, 0, 1), 0): (13, 22)
(3, 0, 2, (1, 0, 1), 1): (7, 14)
(3, 0, 2, (1, 0, 1), 2): (10, 17)
(3, 0, 2, (1, 0, 1), 3): (8, 8)
(3, 0, 2, (1, 0, 1), 4): (2, 3)
(3, 0, 2, (1, 0, 1), 5): (3, 3)
(3, 0, 2, (1, 0, 1), 6): (2, 2)
(3, 0, 2, (1, 0, 1), 7): (1, 1)
(3, 0, 2, (1, 0, 1), 8): (1, 1)
(3, 0, 2, (1, 1, 0), -10): (0, 1)
(3, 0, 2, (1, 1, 0), -8): (0, 1)
(3, 0, 2, (1, 1, 0), -5): (0, 4)
(3, 0, 2, (1, 1, 0), -4): (0, 1)
(3, 0, 2, (1, 1, 0), -3): (1, 7)
(3, 0, 2, (1, 1, 0), -2): (4, 18)
(3, 0, 2, (1, 1, 0), -1): (10, 20)
(3, 0, 2, (1, 1, 0), 0): (19, 41)
(3, 0, 2, (1, 1, 0), 1): (10, 18)
(3, 0, 2, (1, 1, 0), 2): (16, 18)
(3, 0, 2, (1, 1, 0), 3): (8, 9)
(3, 0, 2, (1, 1, 0), 4): (7, 8)
(3, 0, 2, (1, 1, 0), 5): (2, 2)
(3, 0, 2, (1, 1, 0), 6): (4, 4)
(3, 0, 2, (1, 1, 0), 7): (1, 1)
(3, 0, 2, (1, 1, 0), 8): (1, 1)
(3, 0, 2, (1, 1, 1), -5): (0, 2)
(3, 0, 2, (1, 1, 1), -4): (0, 2)
(3, 0, 2, (1, 1, 1), -2): (2, 5)
(3, 0, 2, (1, 1, 1), -1): (3, 6)
(3, 0, 2, (1, 1, 1), 0): (11, 17)
(3, 0, 2, (1, 1, 1), 1): (7, 9)
(3, 0, 2, (1, 1, 1), 2): (7, 9)
(3, 0, 2, (1, 1, 1), 3): (2, 4)
(3, 0, 2, (1, 1, 1), 4): (2, 3)
(3, 0, 2, (1, 1, 1), 5): (1, 1)
(3, 0, 2, (1, 1, 1), 6): (1, 1)
(3, 1, 0, (0, 0, 0), -10): (0, 1)
(3, 1, 0, (0, 0, 0), -9): (0, 2)
(3, 1, 0, (0, 0, 0), -8): (0, 5)
(3, 1, 0, (0, 0, 0), -7): (0, 8)
(3, 1, 0, (0, 0, 0), -6): (0, 11)
(3, 1, 0, (0, 0, 0), -5): (3, 22)
(3, 1, 0, (0, 0, 0), -4): (5, 41)
(3, 1, 0, (0, 0, 0), -3): (23, 76)
(3, 1, 0, (0, 0, 0), -2): (42, 144)
(3, 1, 0, (0, 0, 0), -1): (80, 172)
(3, 1, 0, (0, 0, 0), 0): (182, 338)
(3, 1, 0, (0, 0, 0), 1): (88, 139)
(3, 1, 0, (0, 0, 0), 2): (68, 93)
(3, 1, 0, (0, 0, 0), 3): (47, 57)
(3, 1, 0, (0, 0, 0), 4): (26, 29)
(3, 1, 0, (0, 0, 0), 5): (13, 13)
(3, 1, 0, (0, 0, 0), 6): (10, 10)
(3, 1, 0, (0, 0, 0), 7): (4, 4)
(3, 1, 0, (0, 0, 0), 8): (2, 2)
(3, 1, 0, (0, 0, 0), 9): (2, 2)
(3, 1, 0, (0, 0, 0), 10): (1, 1)
(3, 1, 0, (0, 0, 1), -5): (0, 1)
(3, 1, 0, (0, 0, 1), -3): (0, 3)
(3, 1, 0, (0, 0, 1), -1): (1, 1)
(3, 1, 0, (0, 0, 1), 0): (2, 4)
(3, 1, 0, (0, 0, 1), 1): (0, 2)
(3, 1, 0, (0, 0, 1), 2): (0, 2)
(3, 1, 0, (0, 0, 1), 4): (2, 2)
(3, 1, 0, (0, 0, 1), 6): (1, 1)
(3, 1, 0, (0, 1, 0), -6): (0, 1)
(3, 1, 0, (0, 1, 0), -5): (0, 2)
(3, 1, 0, (0, 1, 0), -4): (1, 3)
(3, 1, 0, (0, 1, 0), -3): (1, 5)
(3, 1, 0, (0, 1, 0), -2): (4, 9)
(3, 1, 0, (0, 1, 0), -1): (6, 7)
(3, 1, 0, (0, 1, 0), 0): (8, 16)
(3, 1, 0, (0, 1, 0), 1): (4, 6)
(3, 1, 0, (0, 1, 0), 2): (6, 7)
(3, 1, 0, (0, 1, 0), 3): (2, 3)
(3, 1, 0, (0, 1, 0), 4): (5, 5)
(3, 1, 0, (0, 1, 0), 5): (2, 2)
(3, 1, 0, (0, 1, 0), 6): (2, 2)
(3, 1, 0, (0, 1, 1), -8): (0, 1)
(3, 1, 0, (0, 1, 1), -5): (0, 1)
(3, 1, 0, (0, 1, 1), -3): (0, 1)
(3, 1, 0, (0, 1, 1), -2): (2, 5)
(3, 1, 0, (0, 1, 1), -1): (1, 2)
(3, 1, 0, (0, 1, 1), 0): (5, 6)
(3, 1, 0, (0, 1, 1), 1): (3, 4)
(3, 1, 0, (0, 1, 1), 2): (1, 2)
(3, 1, 0, (1, 0, 0), -8): (0, 1)
(3, 1, 0, (1, 0, 0), -7): (0, 2)
(3, 1, 0, (1, 0, 0), -6): (0, 2)
(3, 1, 0, (1, 0, 0), -5): (0, 3)
(3, 1, 0, (1, 0, 0), -4): (1, 11)
(3, 1, 0, (1, 0, 0), -3): (8, 25)
(3, 1, 0, (1, 0, 0), -2): (13, 47)
(3, 1, 0, (1, 0, 0), -1): (24, 51)
(3, 1, 0, (1, 0, 0), 0): (50, 81)
(3, 1, 0, (1, 0, 0), 1): (29, 44)
(3, 1, 0, (1, 0, 0), 2): (19, 27)
(3, 1, 0, (1, 0, 0), 3): (20, 23)
(3, 1, 0, (1, 0, 0), 4): (10, 11)
(3, 1, 0, (1, 0, 0), 5): (5, 5)
(3, 1, 0, (1, 0, 0), 6): (5, 5)
(3, 1, 0, (1, 0, 0), 7): (2, 2)
(3, 1, 0, (1, 0, 0), 9): (2, 2)
(3, 1, 0, (1, 0, 0), 10): (1, 1)
(3, 1, 0, (1, 0, 1), -4): (1, 1)
(3, 1, 0, (1, 0, 1), -3): (1, 2)
(3, 1, 0, (1, 0, 1), -2): (0, 1)
(3, 1, 0, (1, 0, 1), -1): (6, 9)
(3, 1, 0, (1, 0, 1), 0): (4, 6)
(3, 1, 0, (1, 0, 1), 1): (1, 1)
(3, 1, 0, (1, 0, 1), 2): (3, 3)
(3, 1, 0, (1, 0, 1), 3): (1, 1)
(3, 1, 0, (1, 0, 1), 4): (3, 3)
(3, 1, 0, (1, 1, 0), -6): (0, 1)
(3, 1, 0, (1, 1, 0), -3): (3, 5)
(3, 1, 0, (1, 1, 0), -2): (5, 11)
(3, 1, 0, (1, 1, 0), -1): (8, 13)
(3, 1, 0, (1, 1, 0), 0): (11, 11)
(3, 1, 0, (1, 1, 0), 1): (4, 8)
(3, 1, 0, (1, 1, 0), 2): (5, 8)
(3, 1, 0, (1, 1, 0), 3): (3, 4)
(3, 1, 0, (1, 1, 0), 4): (1, 1)
(3, 1, 0, (1, 1, 0), 5): (1, 1)
(3, 1, 0, (1, 1, 0), 6): (1, 1)
(3, 1, 0, (1, 1, 0), 7): (1, 1)
(3, 1, 0, (1, 1, 0), 9): (2, 2)
(3, 1, 0, (1, 1, 1), -6): (0, 1)
(3, 1, 0, (1, 1, 1), -4): (1, 1)
(3, 1, 0, (1, 1, 1), -2): (1, 3)
(3, 1, 0, (1, 1, 1), -1): (2, 2)
(3, 1, 0, (1, 1, 1), 0): (3, 3)
(3, 1, 0, (1, 1, 1), 1): (2, 2)
(3, 1, 0, (1, 1, 1), 2): (2, 2)
(3, 1, 0, (1, 1, 1), 3): (2, 2)
(3, 1, 0, (1, 1, 1), 7): (1, 1)
(3, 1, 1, (0, 0, 0), -10): (0, 1)
(3, 1, 1, (0, 0, 0), -9): (0, 2)
(3, 1, 1, (0, 0, 0), -8): (0, 4)
(3, 1, 1, (0, 0, 0), -7): (0, 6)
(3, 1, 1, (0, 0, 0), -6): (0, 8)
(3, 1, 1, (0, 0, 0), -5): (3, 16)
(3, 1, 1, (0, 0, 0), -4): (3, 28)
(3, 1, 1, (0, 0, 0), -3): (14, 44)
(3, 1, 1, (0, 0, 0), -2): (24, 91)
(3, 1, 1, (0, 0, 0), -1): (48, 114)
(3, 1, 1, (0, 0, 0), 0): (132, 252)
(3, 1, 1, (0, 0, 0), 1): (61, 99)
(3, 1, 1, (0, 0, 0), 2): (46, 63)
(3, 1, 1, (0, 0, 0), 3): (29, 38)
(3, 1, 1, (0, 0, 0), 4): (15, 17)
(3, 1, 1, (0, 0, 0), 5): (8, 9)
(3, 1, 1, (0, 0, 0), 6): (4, 4)
(3, 1, 1, (0, 0, 0), 7): (3, 3)
(3, 1, 1, (0, 0, 0), 8): (2, 2)
(3, 1, 1, (0, 0, 0), 9): (1, 1)
(3, 1, 1, (0, 0, 0), 10): (1, 1)
(3, 1, 1, (0, 0, 1), -7): (0, 1)
(3, 1, 1, (0, 0, 1), -5): (0, 1)
(3, 1, 1, (0, 0, 1), -3): (1, 5)
(3, 1, 1, (0, 0, 1), -2): (3, 6)
(3, 1, 1, (0, 0, 1), -1): (5, 6)
(3, 1, 1, (0, 0, 1), 0): (6, 11)
(3, 1, 1, (0, 0, 1), 1): (6, 8)
(3, 1, 1, (0, 0, 1), 2): (8, 10)
(3, 1, 1, (0, 0, 1), 3): (3, 6)
(3, 1, 1, (0, 0, 1), 4): (5, 5)
(3, 1, 1, (0, 0, 1), 5): (3, 3)
(3, 1, 1, (0, 0, 1), 6): (2, 2)
(3, 1, 1, (0, 1, 0), -7): (0, 1)
(3, 1, 1, (0, 1, 0), -6): (0, 2)
(3, 1, 1, (0, 1, 0), -5): (0, 1)
(3, 1, 1, (0, 1, 0), -4): (0, 4)
(3, 1, 1, (0, 1, 0), -3): (1, 6)
(3, 1, 1, (0, 1, 0), -2): (5, 19)
(3, 1, 1, (0, 1, 0), -1): (7, 18)
(3, 1, 1, (0, 1, 0), 0): (21, 39)
(3, 1, 1, (0, 1, 0), 1): (19, 32)
(3, 1, 1, (0, 1, 0), 2): (14, 17)
(3, 1, 1, (0, 1, 0), 3): (15, 17)
(3, 1, 1, (0, 1, 0), 4): (8, 10)
(3, 1, 1, (0, 1, 0), 5): (6, 6)
(3, 1, 1, (0, 1, 0), 6): (1, 1)
(3, 1, 1, (0, 1, 0), 7): (1, 1)
(3, 1, 1, (0, 1, 1), -8): (0, 1)
(3, 1, 1, (0, 1, 1), -5): (0, 1)
(3, 1, 1, (0, 1, 1), -4): (1, 1)
(3, 1, 1, (0, 1, 1), -3): (2, 4)
(3, 1, 1, (0, 1, 1), -2): (1, 3)
(3, 1, 1, (0, 1, 1), -1): (7, 11)
(3, 1, 1, (0, 1, 1), 0): (10, 10)
(3, 1, 1, (0, 1, 1), 1): (7, 11)
(3, 1, 1, (0, 1, 1), 2): (6, 7)
(3, 1, 1, (0, 1, 1), 3): (3, 5)
(3, 1, 1, (0, 1, 1), 4): (1, 1)
(3, 1, 1, (0, 1, 1), 9): (1, 1)
(3, 1, 1, (1, 0, 0), -9): (0, 2)
(3, 1, 1, (1, 0, 0), -7): (0, 4)
(3, 1, 1, (1, 0, 0), -6): (0, 4)
(3, 1, 1, (1, 0, 0), -5): (0, 6)
(3, 1, 1, (1, 0, 0), -4): (3, 18)
(3, 1, 1, (1, 0, 0), -3): (8, 25)
(3, 1, 1, (1, 0, 0), -2): (11, 42)
(3, 1, 1, (1, 0, 0), -1): (17, 41)
(3, 1, 1, (1, 0, 0), 0): (58, 102)
(3, 1, 1, (1, 0, 0), 1): (40, 59)
(3, 1, 1, (1, 0, 0), 2): (26, 32)
(3, 1, 1, (1, 0, 0), 3): (21, 24)
(3, 1, 1, (1, 0, 0), 4): (11, 12)
(3, 1, 1, (1, 0, 0), 5): (10, 11)
(3, 1, 1, (1, 0, 0), 6): (4, 4)
(3, 1, 1, (1, 0, 0), 7): (2, 2)
(3, 1, 1, (1, 0, 0), 10): (1, 1)
(3, 1, 1, (1, 0, 1), -4): (0, 1)
(3, 1, 1, (1, 0, 1), -3): (0, 1)
(3, 1, 1, (1, 0, 1), -2): (1, 2)
(3, 1, 1, (1, 0, 1), -1): (4, 10)
(3, 1, 1, (1, 0, 1), 0): (12, 18)
(3, 1, 1, (1, 0, 1), 1): (12, 13)
(3, 1, 1, (1, 0, 1), 2): (8, 11)
(3, 1, 1, (1, 0, 1), 3): (3, 4)
(3, 1, 1, (1, 0, 1), 4): (3, 3)
(3, 1, 1, (1, 0, 1), 5): (2, 2)
(3, 1, 1, (1, 1, 0), -9): (0, 1)
(3, 1, 1, (1, 1, 0), -7): (0, 1)
(3, 1, 1, (1, 1, 0), -5): (0, 1)
(3, 1, 1, (1, 1, 0), -4): (1, 6)
(3, 1, 1, (1, 1, 0), -3): (4, 7)
(3, 1, 1, (1, 1, 0), -2): (6, 18)
(3, 1, 1, (1, 1, 0), -1): (6, 11)
(3, 1, 1, (1, 1, 0), 0): (16, 25)
(3, 1, 1, (1, 1, 0), 1): (15, 19)
(3, 1, 1, (1, 1, 0), 2): (12, 14)
(3, 1, 1, (1, 1, 0), 3): (8, 9)
(3, 1, 1, (1, 1, 0), 4): (6, 7)
(3, 1, 1, (1, 1, 0), 5): (4, 4)
(3, 1, 1, (1, 1, 0), 6): (2, 2)
(3, 1, 1, (1, 1, 0), 7): (1, 1)
(3, 1, 1, (1, 1, 0), 9): (1, 1)
(3, 1, 1, (1, 1, 0), 10): (1, 1)
(3, 1, 1, (1, 1, 1), -4): (0, 2)
(3, 1, 1, (1, 1, 1), -3): (0, 3)
(3, 1, 1, (1, 1, 1), -2): (2, 5)
(3, 1, 1, (1, 1, 1), -1): (2, 4)
(3, 1, 1, (1, 1, 1), 0): (6, 6)
(3, 1, 1, (1, 1, 1), 1): (5, 7)
(3, 1, 1, (1, 1, 1), 2): (8, 9)
(3, 1, 1, (1, 1, 1), 3): (5, 5)
(3, 1, 1, (1, 1, 1), 4): (2, 2)
(3, 1, 1, (1, 1, 1), 5): (1, 1)
(3, 1, 1, (1, 1, 1), 10): (1, 1)
(3, 1, 1, (1, 1, 1), 11): (1, 1)
(3, 1, 2, (0, 0, 0), -10): (0, 1)
(3, 1, 2, (0, 0, 0), -8): (0, 4)
(3, 1, 2, (0, 0, 0), -7): (0, 4)
(3, 1, 2, (0, 0, 0), -6): (0, 5)
(3, 1, 2, (0, 0, 0), -5): (3, 12)
(3, 1, 2, (0, 0, 0), -4): (1, 18)
(3, 1, 2, (0, 0, 0), -3): (9, 29)
(3, 1, 2, (0, 0, 0), -2): (21, 72)
(3, 1, 2, (0, 0, 0), -1): (38, 97)
(3, 1, 2, (0, 0, 0), 0): (91, 187)
(3, 1, 2, (0, 0, 0), 1): (44, 73)
(3, 1, 2, (0, 0, 0), 2): (34, 48)
(3, 1, 2, (0, 0, 0), 3): (29, 35)
(3, 1, 2, (0, 0, 0), 4): (13, 14)
(3, 1, 2, (0, 0, 0), 5): (8, 9)
(3, 1, 2, (0, 0, 0), 6): (6, 6)
(3, 1, 2, (0, 0, 0), 7): (4, 4)
(3, 1, 2, (0, 0, 0), 8): (2, 2)
(3, 1, 2, (0, 0, 0), 9): (2, 2)
(3, 1, 2, (0, 0, 1), -5): (0, 2)
(3, 1, 2, (0, 0, 1), -4): (0, 2)
(3, 1, 2, (0, 0, 1), -3): (2, 7)
(3, 1, 2, (0, 0, 1), -2): (3, 11)
(3, 1, 2, (0, 0, 1), -1): (6, 12)
(3, 1, 2, (0, 0, 1), 0): (12, 22)
(3, 1, 2, (0, 0, 1), 1): (11, 14)
(3, 1, 2, (0, 0, 1), 2): (11, 15)
(3, 1, 2, (0, 0, 1), 3): (7, 9)
(3, 1, 2, (0, 0, 1), 4): (8, 8)
(3, 1, 2, (0, 0, 1), 5): (4, 4)
(3, 1, 2, (0, 0, 1), 6): (1, 1)
(3, 1, 2, (0, 1, 0), -8): (0, 1)
(3, 1, 2, (0, 1, 0), -6): (0, 2)
(3, 1, 2, (0, 1, 0), -5): (0, 2)
(3, 1, 2, (0, 1, 0), -4): (0, 6)
(3, 1, 2, (0, 1, 0), -3): (1, 10)
(3, 1, 2, (0, 1, 0), -2): (3, 20)
(3, 1, 2, (0, 1, 0), -1): (16, 29)
(3, 1, 2, (0, 1, 0), 0): (33, 51)
(3, 1, 2, (0, 1, 0), 1): (26, 43)
(3, 1, 2, (0, 1, 0), 2): (16, 23)
(3, 1, 2, (0, 1, 0), 3): (22, 22)
(3, 1, 2, (0, 1, 0), 4): (10, 12)
(3, 1, 2, (0, 1, 0), 5): (10, 10)
(3, 1, 2, (0, 1, 0), 6): (5, 5)
(3, 1, 2, (0, 1, 0), 8): (1, 1)
(3, 1, 2, (0, 1, 1), -8): (0, 1)
(3, 1, 2, (0, 1, 1), -7): (0, 1)
(3, 1, 2, (0, 1, 1), -5): (0, 1)
(3, 1, 2, (0, 1, 1), -4): (0, 2)
(3, 1, 2, (0, 1, 1), -3): (1, 3)
(3, 1, 2, (0, 1, 1), -2): (1, 3)
(3, 1, 2, (0, 1, 1), -1): (5, 10)
(3, 1, 2, (0, 1, 1), 0): (7, 12)
(3, 1, 2, (0, 1, 1), 1): (5, 6)
(3, 1, 2, (0, 1, 1), 2): (6, 8)
(3, 1, 2, (0, 1, 1), 3): (4, 6)
(3, 1, 2, (0, 1, 1), 4): (6, 7)
(3, 1, 2, (0, 1, 1), 5): (2, 2)
(3, 1, 2, (0, 1, 1), 6): (1, 1)
(3, 1, 2, (0, 1, 1), 9): (1, 1)
(3, 1, 2, (1, 0, 0), -9): (0, 1)
(3, 1, 2, (1, 0, 0), -8): (0, 2)
(3, 1, 2, (1, 0, 0), -7): (0, 4)
(3, 1, 2, (1, 0, 0), -6): (0, 3)
(3, 1, 2, (1, 0, 0), -5): (2, 9)
(3, 1, 2, (1, 0, 0), -4): (1, 18)
(3, 1, 2, (1, 0, 0), -3): (4, 21)
(3, 1, 2, (1, 0, 0), -2): (12, 37)
(3, 1, 2, (1, 0, 0), -1): (18, 55)
(3, 1, 2, (1, 0, 0), 0): (47, 105)
(3, 1, 2, (1, 0, 0), 1): (37, 66)
(3, 1, 2, (1, 0, 0), 2): (31, 41)
(3, 1, 2, (1, 0, 0), 3): (20, 23)
(3, 1, 2, (1, 0, 0), 4): (13, 13)
(3, 1, 2, (1, 0, 0), 5): (7, 9)
(3, 1, 2, (1, 0, 0), 6): (5, 5)
(3, 1, 2, (1, 0, 0), 7): (1, 1)
(3, 1, 2, (1, 0, 0), 9): (1, 1)
(3, 1, 2, (1, 0, 1), -4): (0, 5)
(3, 1, 2, (1, 0, 1), -3): (1, 4)
(3, 1, 2, (1, 0, 1), -2): (1, 7)
(3, 1, 2, (1, 0, 1), -1): (2, 8)
(3, 1, 2, (1, 0, 1), 0): (10, 17)
(3, 1, 2, (1, 0, 1), 1): (6, 8)
(3, 1, 2, (1, 0, 1), 2): (4, 10)
(3, 1, 2, (1, 0, 1), 3): (6, 8)
(3, 1, 2, (1, 0, 1), 4): (7, 10)
(3, 1, 2, (1, 0, 1), 5): (3, 3)
(3, 1, 2, (1, 0, 1), 6): (2, 2)
(3, 1, 2, (1, 0, 1), 7): (1, 1)
(3, 1, 2, (1, 0, 1), 9): (2, 2)
(3, 1, 2, (1, 1, 0), -7): (0, 3)
(3, 1, 2, (1, 1, 0), -6): (0, 1)
(3, 1, 2, (1, 1, 0), -5): (0, 3)
(3, 1, 2, (1, 1, 0), -4): (1, 7)
(3, 1, 2, (1, 1, 0), -3): (2, 10)
(3, 1, 2, (1, 1, 0), -2): (2, 11)
(3, 1, 2, (1, 1, 0), -1): (12, 18)
(3, 1, 2, (1, 1, 0), 0): (21, 43)
(3, 1, 2, (1, 1, 0), 1): (12, 20)
(3, 1, 2, (1, 1, 0), 2): (14, 19)
(3, 1, 2, (1, 1, 0), 3): (10, 11)
(3, 1, 2, (1, 1, 0), 4): (3, 4)
(3, 1, 2, (1, 1, 0), 5): (5, 5)
(3, 1, 2, (1, 1, 0), 6): (5, 5)
(3, 1, 2, (1, 1, 0), 7): (2, 2)
(3, 1, 2, (1, 1, 0), 8): (2, 2)
(3, 1, 2, (1, 1, 0), 9): (1, 1)
(3, 1, 2, (1, 1, 1), -5): (0, 1)
(3, 1, 2, (1, 1, 1), -4): (0, 4)
(3, 1, 2, (1, 1, 1), -3): (0, 1)
(3, 1, 2, (1, 1, 1), -2): (3, 4)
(3, 1, 2, (1, 1, 1), -1): (1, 3)
(3, 1, 2, (1, 1, 1), 0): (7, 11)
(3, 1, 2, (1, 1, 1), 1): (6, 9)
(3, 1, 2, (1, 1, 1), 2): (7, 8)
(3, 1, 2, (1, 1, 1), 3): (8, 9)
(3, 1, 2, (1, 1, 1), 4): (2, 2)
(3, 1, 2, (1, 1, 1), 5): (2, 2)
(3, 1, 2, (1, 1, 1), 8): (1, 1)
(3, 1, 2, (1, 1, 1), 11): (1, 1)
(3, 1, 2, (1, 1, 1), 12): (1, 1)
(4, 0, 0, (0, 0, 0), -12): (0, 1)
(4, 0, 0, (0, 0, 0), -9): (0, 4)
(4, 0, 0, (0, 0, 0), -8): (0, 4)
(4, 0, 0, (0, 0, 0), -7): (0, 8)
(4, 0, 0, (0, 0, 0), -6): (0, 16)
(4, 0, 0, (0, 0, 0), -5): (3, 32)
(4, 0, 0, (0, 0, 0), -4): (6, 47)
(4, 0, 0, (0, 0, 0), -3): (12, 77)
(4, 0, 0, (0, 0, 0), -2): (34, 110)
(4, 0, 0, (0, 0, 0), -1): (70, 165)
(4, 0, 0, (0, 0, 0), 0): (141, 287)
(4, 0, 0, (0, 0, 0), 1): (109, 167)
(4, 0, 0, (0, 0, 0), 2): (92, 119)
(4, 0, 0, (0, 0, 0), 3): (41, 56)
(4, 0, 0, (0, 0, 0), 4): (30, 32)
(4, 0, 0, (0, 0, 0), 5): (19, 22)
(4, 0, 0, (0, 0, 0), 6): (11, 12)
(4, 0, 0, (0, 0, 0), 7): (7, 7)
(4, 0, 0, (0, 0, 0), 8): (6, 6)
(4, 0, 0, (0, 0, 0), 9): (1, 1)
(4, 0, 0, (0, 0, 0), 10): (1, 1)
(4, 0, 0, (0, 0, 1), -5): (0, 1)
(4, 0, 0, (0, 0, 1), -3): (0, 2)
(4, 0, 0, (0, 0, 1), -2): (0, 1)
(4, 0, 0, (0, 0, 1), -1): (2, 4)
(4, 0, 0, (0, 0, 1), 0): (5, 6)
(4, 0, 0, (0, 0, 1), 1): (3, 6)
(4, 0, 0, (0, 0, 1), 2): (0, 1)
(4, 0, 0, (0, 1, 0), -8): (0, 1)
(4, 0, 0, (0, 1, 0), -5): (0, 3)
(4, 0, 0, (0, 1, 0), -4): (0, 4)
(4, 0, 0, (0, 1, 0), -3): (0, 5)
(4, 0, 0, (0, 1, 0), -2): (2, 6)
(4, 0, 0, (0, 1, 0), -1): (3, 5)
(4, 0, 0, (0, 1, 0), 0): (10, 18)
(4, 0, 0, (0, 1, 0), 1): (10, 13)
(4, 0, 0, (0, 1, 0), 2): (9, 12)
(4, 0, 0, (0, 1, 0), 3): (1, 3)
(4, 0, 0, (0, 1, 0), 4): (3, 3)
(4, 0, 0, (0, 1, 0), 5): (1, 2)
(4, 0, 0, (0, 1, 0), 6): (2, 2)
(4, 0, 0, (0, 1, 0), 7): (1, 1)
(4, 0, 0, (0, 1, 1), -7): (0, 1)
(4, 0, 0, (0, 1, 1), -3): (0, 1)
(4, 0, 0, (0, 1, 1), -2): (1, 3)
(4, 0, 0, (0, 1, 1), -1): (1, 3)
(4, 0, 0, (0, 1, 1), 0): (3, 5)
(4, 0, 0, (0, 1, 1), 1): (4, 4)
(4, 0, 0, (0, 1, 1), 2): (2, 2)
(4, 0, 0, (0, 1, 1), 6): (1, 1)
(4, 0, 0, (1, 0, 0), -8): (0, 1)
(4, 0, 0, (1, 0, 0), -7): (0, 3)
(4, 0, 0, (1, 0, 0), -6): (0, 5)
(4, 0, 0, (1, 0, 0), -5): (0, 9)
(4, 0, 0, (1, 0, 0), -4): (3, 13)
(4, 0, 0, (1, 0, 0), -3): (8, 27)
(4, 0, 0, (1, 0, 0), -2): (11, 34)
(4, 0, 0, (1, 0, 0), -1): (23, 50)
(4, 0, 0, (1, 0, 0), 0): (51, 92)
(4, 0, 0, (1, 0, 0), 1): (40, 54)
(4, 0, 0, (1, 0, 0), 2): (26, 34)
(4, 0, 0, (1, 0, 0), 3): (18, 21)
(4, 0, 0, (1, 0, 0), 4): (9, 9)
(4, 0, 0, (1, 0, 0), 5): (5, 6)
(4, 0, 0, (1, 0, 0), 6): (3, 3)
(4, 0, 0, (1, 0, 0), 7): (1, 1)
(4, 0, 0, (1, 0, 0), 8): (1, 1)
(4, 0, 0, (1, 0, 1), -3): (3, 5)
(4, 0, 0, (1, 0, 1), -2): (2, 6)
(4, 0, 0, (1, 0, 1), -1): (4, 10)
(4, 0, 0, (1, 0, 1), 0): (14, 16)
(4, 0, 0, (1, 0, 1), 1): (6, 7)
(4, 0, 0, (1, 0, 1), 2): (2, 2)
(4, 0, 0, (1, 0, 1), 3): (1, 2)
(4, 0, 0, (1, 0, 1), 4): (2, 2)
(4, 0, 0, (1, 1, 0), -8): (0, 1)
(4, 0, 0, (1, 1, 0), -7): (0, 1)
(4, 0, 0, (1, 1, 0), -6): (0, 1)
(4, 0, 0, (1, 1, 0), -5): (0, 3)
(4, 0, 0, (1, 1, 0), -4): (0, 2)
(4, 0, 0, (1, 1, 0), -3): (2, 7)
(4, 0, 0, (1, 1, 0), -2): (4, 8)
(4, 0, 0, (1, 1, 0), -1): (5, 12)
(4, 0, 0, (1, 1, 0), 0): (11, 23)
(4, 0, 0, (1, 1, 0), 1): (15, 22)
(4, 0, 0, (1, 1, 0), 2): (3, 4)
(4, 0, 0, (1, 1, 0), 3): (3, 3)
(4, 0, 0, (1, 1, 0), 4): (1, 1)
(4, 0, 0, (1, 1, 0), 5): (2, 2)
(4, 0, 0, (1, 1, 1), -7): (0, 2)
(4, 0, 0, (1, 1, 1), -3): (0, 1)
(4, 0, 0, (1, 1, 1), -2): (1, 1)
(4, 0, 0, (1, 1, 1), -1): (3, 3)
(4, 0, 0, (1, 1, 1), 0): (3, 5)
(4, 0, 0, (1, 1, 1), 1): (2, 3)
(4, 0, 0, (1, 1, 1), 2): (3, 4)
(4, 0, 0, (1, 1, 1), 3): (1, 1)
(4, 0, 1, (0, 0, 0), -12): (0, 1)
(4, 0, 1, (0, 0, 0), -9): (0, 4)
(4, 0, 1, (0, 0, 0), -8): (0, 1)
(4, 0, 1, (0, 0, 0), -7): (0, 5)
(4, 0, 1, (0, 0, 0), -6): (0, 11)
(4, 0, 1, (0, 0, 0), -5): (3, 21)
(4, 0, 1, (0, 0, 0), -4): (3, 33)
(4, 0, 1, (0, 0, 0), -3): (4, 45)
(4, 0, 1, (0, 0, 0), -2): (19, 70)
(4, 0, 1, (0, 0, 0), -1): (44, 111)
(4, 0, 1, (0, 0, 0), 0): (78, 180)
(4, 0, 1, (0, 0, 0), 1): (65, 107)
(4, 0, 1, (0, 0, 0), 2): (67, 86)
(4, 0, 1, (0, 0, 0), 3): (26, 37)
(4, 0, 1, (0, 0, 0), 4): (20, 22)
(4, 0, 1, (0, 0, 0), 5): (13, 13)
(4, 0, 1, (0, 0, 0), 6): (8, 10)
(4, 0, 1, (0, 0, 0), 7): (5, 5)
(4, 0, 1, (0, 0, 0), 8): (5, 5)
(4, 0, 1, (0, 0, 0), 9): (1, 1)
(4, 0, 1, (0, 0, 0), 10): (1, 1)
(4, 0, 1, (0, 0, 1), -5): (0, 2)
(4, 0, 1, (0, 0, 1), -3): (1, 2)
(4, 0, 1, (0, 0, 1), -2): (1, 3)
(4, 0, 1, (0, 0, 1), -1): (1, 5)
(4, 0, 1, (0, 0, 1), 0): (2, 9)
(4, 0, 1, (0, 0, 1), 1): (7, 11)
(4, 0, 1, (0, 0, 1), 2): (6, 12)
(4, 0, 1, (0, 0, 1), 3): (5, 7)
(4, 0, 1, (0, 0, 1), 4): (5, 6)
(4, 0, 1, (0, 0, 1), 5): (2, 2)
(4, 0, 1, (0, 0, 1), 6): (2, 2)
(4, 0, 1, (0, 0, 1), 7): (1, 1)
(4, 0, 1, (0, 1, 0), -8): (0, 1)
(4, 0, 1, (0, 1, 0), -7): (0, 1)
(4, 0, 1, (0, 1, 0), -6): (0, 1)
(4, 0, 1, (0, 1, 0), -5): (1, 4)
(4, 0, 1, (0, 1, 0), -4): (0, 5)
(4, 0, 1, (0, 1, 0), -3): (1, 9)
(4, 0, 1, (0, 1, 0), -2): (1, 8)
(4, 0, 1, (0, 1, 0), -1): (9, 14)
(4, 0, 1, (0, 1, 0), 0): (31, 47)
(4, 0, 1, (0, 1, 0), 1): (28, 38)
(4, 0, 1, (0, 1, 0), 2): (23, 27)
(4, 0, 1, (0, 1, 0), 3): (12, 12)
(4, 0, 1, (0, 1, 0), 4): (4, 5)
(4, 0, 1, (0, 1, 0), 5): (6, 7)
(4, 0, 1, (0, 1, 0), 7): (1, 1)
(4, 0, 1, (0, 1, 0), 8): (2, 2)
(4, 0, 1, (0, 1, 1), -6): (0, 1)
(4, 0, 1, (0, 1, 1), -4): (1, 1)
(4, 0, 1, (0, 1, 1), -2): (1, 8)
(4, 0, 1, (0, 1, 1), -1): (2, 7)
(4, 0, 1, (0, 1, 1), 0): (9, 19)
(4, 0, 1, (0, 1, 1), 1): (12, 14)
(4, 0, 1, (0, 1, 1), 2): (3, 3)
(4, 0, 1, (0, 1, 1), 3): (4, 5)
(4, 0, 1, (0, 1, 1), 4): (1, 1)
(4, 0, 1, (0, 1, 1), 5): (2, 2)
(4, 0, 1, (0, 1, 1), 6): (1, 2)
(4, 0, 1, (1, 0, 0), -9): (0, 1)
(4, 0, 1, (1, 0, 0), -7): (0, 3)
(4, 0, 1, (1, 0, 0), -6): (0, 9)
(4, 0, 1, (1, 0, 0), -5): (2, 9)
(4, 0, 1, (1, 0, 0), -4): (6, 25)
(4, 0, 1, (1, 0, 0), -3): (3, 23)
(4, 0, 1, (1, 0, 0), -2): (17, 47)
(4, 0, 1, (1, 0, 0), -1): (22, 51)
(4, 0, 1, (1, 0, 0), 0): (32, 87)
(4, 0, 1, (1, 0, 0), 1): (39, 55)
(4, 0, 1, (1, 0, 0), 2): (36, 49)
(4, 0, 1, (1, 0, 0), 3): (23, 27)
(4, 0, 1, (1, 0, 0), 4): (13, 14)
(4, 0, 1, (1, 0, 0), 5): (3, 4)
(4, 0, 1, (1, 0, 0), 6): (2, 4)
(4, 0, 1, (1, 0, 0), 7): (2, 2)
(4, 0, 1, (1, 0, 0), 8): (2, 2)
(4, 0, 1, (1, 0, 0), 9): (1, 1)
(4, 0, 1, (1, 0, 1), -8): (0, 1)
(4, 0, 1, (1, 0, 1), -7): (0, 1)
(4, 0, 1, (1, 0, 1), -6): (0, 3)
(4, 0, 1, (1, 0, 1), -5): (0, 1)
(4, 0, 1, (1, 0, 1), -4): (0, 1)
(4, 0, 1, (1, 0, 1), -3): (1, 4)
(4, 0, 1, (1, 0, 1), -2): (2, 6)
(4, 0, 1, (1, 0, 1), -1): (3, 7)
(4, 0, 1, (1, 0, 1), 0): (6, 13)
(4, 0, 1, (1, 0, 1), 1): (5, 7)
(4, 0, 1, (1, 0, 1), 2): (4, 5)
(4, 0, 1, (1, 0, 1), 3): (4, 8)
(4, 0, 1, (1, 0, 1), 4): (5, 5)
(4, 0, 1, (1, 0, 1), 5): (2, 2)
(4, 0, 1, (1, 0, 1), 6): (2, 2)
(4, 0, 1, (1, 0, 1), 7): (3, 3)
(4, 0, 1, (1, 1, 0), -6): (0, 2)
(4, 0, 1, (1, 1, 0), -5): (0, 7)
(4, 0, 1, (1, 1, 0), -4): (1, 6)
(4, 0, 1, (1, 1, 0), -3): (1, 8)
(4, 0, 1, (1, 1, 0), -2): (7, 15)
(4, 0, 1, (1, 1, 0), -1): (5, 12)
(4, 0, 1, (1, 1, 0), 0): (9, 21)
(4, 0, 1, (1, 1, 0), 1): (17, 20)
(4, 0, 1, (1, 1, 0), 2): (8, 11)
(4, 0, 1, (1, 1, 0), 3): (3, 4)
(4, 0, 1, (1, 1, 0), 4): (4, 5)
(4, 0, 1, (1, 1, 0), 5): (6, 6)
(4, 0, 1, (1, 1, 0), 6): (1, 2)
(4, 0, 1, (1, 1, 0), 7): (1, 1)
(4, 0, 1, (1, 1, 0), 8): (1, 1)
(4, 0, 1, (1, 1, 1), -6): (0, 2)
(4, 0, 1, (1, 1, 1), -5): (0, 1)
(4, 0, 1, (1, 1, 1), -4): (0, 1)
(4, 0, 1, (1, 1, 1), -3): (0, 4)
(4, 0, 1, (1, 1, 1), -2): (1, 4)
(4, 0, 1, (1, 1, 1), -1): (4, 4)
(4, 0, 1, (1, 1, 1), 0): (4, 7)
(4, 0, 1, (1, 1, 1), 1): (6, 8)
(4, 0, 1, (1, 1, 1), 2): (7, 9)
(4, 0, 1, (1, 1, 1), 3): (2, 3)
(4, 0, 1, (1, 1, 1), 4): (3, 4)
(4, 0, 1, (1, 1, 1), 5): (1, 1)
(4, 0, 1, (1, 1, 1), 6): (0, 1)
(4, 0, 2, (0, 0, 0), -12): (0, 1)
(4, 0, 2, (0, 0, 0), -9): (0, 3)
(4, 0, 2, (0, 0, 0), -8): (0, 1)
(4, 0, 2, (0, 0, 0), -7): (0, 3)
(4, 0, 2, (0, 0, 0), -6): (0, 4)
(4, 0, 2, (0, 0, 0), -5): (1, 16)
(4, 0, 2, (0, 0, 0), -4): (0, 18)
(4, 0, 2, (0, 0, 0), -3): (3, 33)
(4, 0, 2, (0, 0, 0), -2): (11, 45)
(4, 0, 2, (0, 0, 0), -1): (29, 80)
(4, 0, 2, (0, 0, 0), 0): (52, 123)
(4, 0, 2, (0, 0, 0), 1): (46, 85)
(4, 0, 2, (0, 0, 0), 2): (48, 64)
(4, 0, 2, (0, 0, 0), 3): (23, 35)
(4, 0, 2, (0, 0, 0), 4): (20, 22)
(4, 0, 2, (0, 0, 0), 5): (18, 18)
(4, 0, 2, (0, 0, 0), 6): (10, 10)
(4, 0, 2, (0, 0, 0), 7): (5, 5)
(4, 0, 2, (0, 0, 0), 8): (4, 4)
(4, 0, 2, (0, 0, 0), 10): (1, 1)
(4, 0, 2, (0, 0, 1), -9): (0, 1)
(4, 0, 2, (0, 0, 1), -7): (0, 1)
(4, 0, 2, (0, 0, 1), -6): (0, 2)
(4, 0, 2, (0, 0, 1), -5): (0, 2)
(4, 0, 2, (0, 0, 1), -4): (0, 1)
(4, 0, 2, (0, 0, 1), -3): (1, 4)
(4, 0, 2, (0, 0, 1), -2): (1, 8)
(4, 0, 2, (0, 0, 1), -1): (3, 10)
(4, 0, 2, (0, 0, 1), 0): (8, 17)
(4, 0, 2, (0, 0, 1), 1): (19, 27)
(4, 0, 2, (0, 0, 1), 2): (13, 23)
(4, 0, 2, (0, 0, 1), 3): (4, 5)
(4, 0, 2, (0, 0, 1), 4): (7, 8)
(4, 0, 2, (0, 0, 1), 5): (3, 4)
(4, 0, 2, (0, 0, 1), 6): (1, 1)
(4, 0, 2, (0, 0, 1), 8): (4, 4)
(4, 0, 2, (0, 1, 0), -7): (0, 2)
(4, 0, 2, (0, 1, 0), -6): (0, 2)
(4, 0, 2, (0, 1, 0), -5): (1, 4)
(4, 0, 2, (0, 1, 0), -4): (0, 8)
(4, 0, 2, (0, 1, 0), -3): (1, 10)
(4, 0, 2, (0, 1, 0), -2): (3, 9)
(4, 0, 2, (0, 1, 0), -1): (13, 23)
(4, 0, 2, (0, 1, 0), 0): (24, 50)
(4, 0, 2, (0, 1, 0), 1): (24, 31)
(4, 0, 2, (0, 1, 0), 2): (22, 29)
(4, 0, 2, (0, 1, 0), 3): (18, 20)
(4, 0, 2, (0, 1, 0), 4): (9, 11)
(4, 0, 2, (0, 1, 0), 5): (5, 5)
(4, 0, 2, (0, 1, 0), 6): (5, 5)
(4, 0, 2, (0, 1, 0), 7): (3, 4)
(4, 0, 2, (0, 1, 0), 8): (3, 3)
(4, 0, 2, (0, 1, 0), 9): (3, 3)
(4, 0, 2, (0, 1, 0), 10): (1, 1)
(4, 0, 2, (0, 1, 1), -6): (0, 1)
(4, 0, 2, (0, 1, 1), -5): (0, 2)
(4, 0, 2, (0, 1, 1), -4): (1, 3)
(4, 0, 2, (0, 1, 1), -3): (0, 2)
(4, 0, 2, (0, 1, 1), -2): (2, 4)
(4, 0, 2, (0, 1, 1), -1): (4, 8)
(4, 0, 2, (0, 1, 1), 0): (6, 13)
(4, 0, 2, (0, 1, 1), 1): (8, 12)
(4, 0, 2, (0, 1, 1), 2): (3, 4)
(4, 0, 2, (0, 1, 1), 3): (6, 6)
(4, 0, 2, (0, 1, 1), 4): (2, 3)
(4, 0, 2, (0, 1, 1), 5): (2, 2)
(4, 0, 2, (0, 1, 1), 6): (2, 2)
(4, 0, 2, (0, 1, 1), 7): (0, 1)
(4, 0, 2, (1, 0, 0), -9): (0, 1)
(4, 0, 2, (1, 0, 0), -7): (0, 1)
(4, 0, 2, (1, 0, 0), -6): (0, 6)
(4, 0, 2, (1, 0, 0), -5): (0, 8)
(4, 0, 2, (1, 0, 0), -4): (1, 17)
(4, 0, 2, (1, 0, 0), -3): (1, 24)
(4, 0, 2, (1, 0, 0), -2): (8, 25)
(4, 0, 2, (1, 0, 0), -1): (19, 42)
(4, 0, 2, (1, 0, 0), 0): (27, 75)
(4, 0, 2, (1, 0, 0), 1): (33, 55)
(4, 0, 2, (1, 0, 0), 2): (43, 52)
(4, 0, 2, (1, 0, 0), 3): (21, 26)
(4, 0, 2, (1, 0, 0), 4): (12, 15)
(4, 0, 2, (1, 0, 0), 5): (11, 12)
(4, 0, 2, (1, 0, 0), 6): (5, 5)
(4, 0, 2, (1, 0, 0), 7): (6, 6)
(4, 0, 2, (1, 0, 0), 8): (2, 2)
(4, 0, 2, (1, 0, 1), -6): (0, 1)
(4, 0, 2, (1, 0, 1), -5): (0, 1)
(4, 0, 2, (1, 0, 1), -4): (0, 4)
(4, 0, 2, (1, 0, 1), -3): (0, 5)
(4, 0, 2, (1, 0, 1), -2): (1, 5)
(4, 0, 2, (1, 0, 1), -1): (4, 7)
(4, 0, 2, (1, 0, 1), 0): (6, 17)
(4, 0, 2, (1, 0, 1), 1): (13, 16)
(4, 0, 2, (1, 0, 1), 2): (11, 13)
(4, 0, 2, (1, 0, 1), 3): (8, 10)
(4, 0, 2, (1, 0, 1), 4): (4, 4)
(4, 0, 2, (1, 0, 1), 5): (8, 8)
(4, 0, 2, (1, 0, 1), 6): (3, 3)
(4, 0, 2, (1, 0, 1), 7): (3, 3)
(4, 0, 2, (1, 1, 0), -7): (0, 1)
(4, 0, 2, (1, 1, 0), -6): (0, 2)
(4, 0, 2, (1, 1, 0), -5): (0, 4)
(4, 0, 2, (1, 1, 0), -4): (0, 2)
(4, 0, 2, (1, 1, 0), -3): (1, 9)
(4, 0, 2, (1, 1, 0), -2): (5, 14)
(4, 0, 2, (1, 1, 0), -1): (6, 12)
(4, 0, 2, (1, 1, 0), 0): (12, 28)
(4, 0, 2, (1, 1, 0), 1): (15, 19)
(4, 0, 2, (1, 1, 0), 2): (15, 20)
(4, 0, 2, (1, 1, 0), 3): (6, 9)
(4, 0, 2, (1, 1, 0), 4): (7, 8)
(4, 0, 2, (1, 1, 0), 5): (4, 6)
(4, 0, 2, (1, 1, 0), 6): (3, 3)
(4, 0, 2, (1, 1, 0), 7): (2, 2)
(4, 0, 2, (1, 1, 0), 8): (3, 3)
(4, 0, 2, (1, 1, 1), -6): (0, 1)
(4, 0, 2, (1, 1, 1), -5): (0, 1)
(4, 0, 2, (1, 1, 1), -4): (0, 3)
(4, 0, 2, (1, 1, 1), -2): (2, 6)
(4, 0, 2, (1, 1, 1), -1): (5, 7)
(4, 0, 2, (1, 1, 1), 0): (3, 8)
(4, 0, 2, (1, 1, 1), 1): (6, 8)
(4, 0, 2, (1, 1, 1), 2): (5, 7)
(4, 0, 2, (1, 1, 1), 3): (5, 7)
(4, 0, 2, (1, 1, 1), 4): (4, 5)
(4, 0, 2, (1, 1, 1), 5): (1, 2)
(4, 0, 2, (1, 1, 1), 7): (1, 1)
(4, 1, 0, (0, 0, 0), -10): (0, 2)
(4, 1, 0, (0, 0, 0), -9): (0, 3)
(4, 1, 0, (0, 0, 0), -8): (0, 8)
(4, 1, 0, (0, 0, 0), -7): (2, 17)
(4, 1, 0, (0, 0, 0), -6): (1, 21)
(4, 1, 0, (0, 0, 0), -5): (3, 33)
(4, 1, 0, (0, 0, 0), -4): (10, 51)
(4, 1, 0, (0, 0, 0), -3): (17, 75)
(4, 1, 0, (0, 0, 0), -2): (38, 136)
(4, 1, 0, (0, 0, 0), -1): (71, 189)
(4, 1, 0, (0, 0, 0), 0): (143, 234)
(4, 1, 0, (0, 0, 0), 1): (91, 141)
(4, 1, 0, (0, 0, 0), 2): (77, 104)
(4, 1, 0, (0, 0, 0), 3): (60, 65)
(4, 1, 0, (0, 0, 0), 4): (37, 40)
(4, 1, 0, (0, 0, 0), 5): (27, 30)
(4, 1, 0, (0, 0, 0), 6): (12, 12)
(4, 1, 0, (0, 0, 0), 7): (6, 6)
(4, 1, 0, (0, 0, 0), 8): (1, 1)
(4, 1, 0, (0, 0, 0), 9): (4, 4)
(4, 1, 0, (0, 0, 0), 12): (1, 1)
(4, 1, 0, (0, 0, 1), -8): (0, 1)
(4, 1, 0, (0, 0, 1), -3): (1, 4)
(4, 1, 0, (0, 0, 1), -2): (0, 1)
(4, 1, 0, (0, 0, 1), -1): (2, 5)
(4, 1, 0, (0, 0, 1), 0): (1, 4)
(4, 1, 0, (0, 0, 1), 1): (2, 2)
(4, 1, 0, (0, 0, 1), 2): (3, 3)
(4, 1, 0, (0, 0, 1), 3): (3, 3)
(4, 1, 0, (0, 0, 1), 4): (3, 3)
(4, 1, 0, (0, 0, 1), 5): (1, 1)
(4, 1, 0, (0, 0, 1), 7): (1, 1)
(4, 1, 0, (0, 1, 0), -7): (0, 2)
(4, 1, 0, (0, 1, 0), -6): (0, 1)
(4, 1, 0, (0, 1, 0), -5): (0, 2)
(4, 1, 0, (0, 1, 0), -4): (1, 4)
(4, 1, 0, (0, 1, 0), -3): (2, 5)
(4, 1, 0, (0, 1, 0), -2): (0, 5)
(4, 1, 0, (0, 1, 0), -1): (7, 16)
(4, 1, 0, (0, 1, 0), 0): (16, 24)
(4, 1, 0, (0, 1, 0), 1): (9, 14)
(4, 1, 0, (0, 1, 0), 2): (6, 8)
(4, 1, 0, (0, 1, 0), 3): (2, 2)
(4, 1, 0, (0, 1, 0), 4): (4, 4)
(4, 1, 0, (0, 1, 0), 5): (1, 1)
(4, 1, 0, (0, 1, 0), 7): (1, 1)
(4, 1, 0, (0, 1, 1), -4): (0, 1)
(4, 1, 0, (0, 1, 1), -3): (0, 1)
(4, 1, 0, (0, 1, 1), -2): (1, 1)
(4, 1, 0, (0, 1, 1), -1): (4, 7)
(4, 1, 0, (0, 1, 1), 0): (3, 4)
(4, 1, 0, (0, 1, 1), 1): (1, 1)
(4, 1, 0, (0, 1, 1), 2): (2, 2)
(4, 1, 0, (0, 1, 1), 3): (1, 1)
(4, 1, 0, (0, 1, 1), 4): (1, 1)
(4, 1, 0, (0, 1, 1), 6): (1, 1)
(4, 1, 0, (1, 0, 0), -9): (0, 2)
(4, 1, 0, (1, 0, 0), -8): (0, 2)
(4, 1, 0, (1, 0, 0), -7): (0, 1)
(4, 1, 0, (1, 0, 0), -6): (1, 6)
(4, 1, 0, (1, 0, 0), -5): (0, 7)
(4, 1, 0, (1, 0, 0), -4): (4, 17)
(4, 1, 0, (1, 0, 0), -3): (3, 24)
(4, 1, 0, (1, 0, 0), -2): (9, 32)
(4, 1, 0, (1, 0, 0), -1): (22, 55)
(4, 1, 0, (1, 0, 0), 0): (50, 73)
(4, 1, 0, (1, 0, 0), 1): (30, 44)
(4, 1, 0, (1, 0, 0), 2): (20, 30)
(4, 1, 0, (1, 0, 0), 3): (15, 15)
(4, 1, 0, (1, 0, 0), 4): (9, 9)
(4, 1, 0, (1, 0, 0), 5): (10, 11)
(4, 1, 0, (1, 0, 0), 6): (5, 5)
(4, 1, 0, (1, 0, 0), 7): (1, 1)
(4, 1, 0, (1, 0, 0), 8): (1, 1)
(4, 1, 0, (1, 0, 0), 9): (1, 1)
(4, 1, 0, (1, 0, 1), -4): (1, 3)
(4, 1, 0, (1, 0, 1), -3): (1, 3)
(4, 1, 0, (1, 0, 1), -2): (2, 4)
(4, 1, 0, (1, 0, 1), -1): (5, 7)
(4, 1, 0, (1, 0, 1), 0): (4, 4)
(4, 1, 0, (1, 0, 1), 1): (2, 3)
(4, 1, 0, (1, 0, 1), 2): (1, 3)
(4, 1, 0, (1, 0, 1), 3): (3, 3)
(4, 1, 0, (1, 0, 1), 4): (1, 1)
(4, 1, 0, (1, 0, 1), 5): (2, 2)
(4, 1, 0, (1, 0, 1), 8): (1, 1)
(4, 1, 0, (1, 1, 0), -9): (0, 1)
(4, 1, 0, (1, 1, 0), -8): (0, 1)
(4, 1, 0, (1, 1, 0), -6): (0, 1)
(4, 1, 0, (1, 1, 0), -5): (0, 1)
(4, 1, 0, (1, 1, 0), -4): (2, 5)
(4, 1, 0, (1, 1, 0), -3): (2, 10)
(4, 1, 0, (1, 1, 0), -2): (3, 5)
(4, 1, 0, (1, 1, 0), -1): (7, 14)
(4, 1, 0, (1, 1, 0), 0): (10, 16)
(4, 1, 0, (1, 1, 0), 1): (11, 14)
(4, 1, 0, (1, 1, 0), 2): (6, 7)
(4, 1, 0, (1, 1, 0), 3): (2, 2)
(4, 1, 0, (1, 1, 0), 4): (1, 1)
(4, 1, 0, (1, 1, 0), 5): (2, 3)
(4, 1, 0, (1, 1, 0), 6): (1, 1)
(4, 1, 0, (1, 1, 0), 7): (2, 2)
(4, 1, 0, (1, 1, 0), 8): (1, 1)
(4, 1, 0, (1, 1, 0), 9): (1, 1)
(4, 1, 0, (1, 1, 1), -4): (1, 3)
(4, 1, 0, (1, 1, 1), -3): (1, 2)
(4, 1, 0, (1, 1, 1), -2): (2, 2)
(4, 1, 0, (1, 1, 1), -1): (5, 5)
(4, 1, 0, (1, 1, 1), 0): (2, 4)
(4, 1, 0, (1, 1, 1), 1): (3, 3)
(4, 1, 0, (1, 1, 1), 2): (1, 1)
(4, 1, 0, (1, 1, 1), 5): (2, 2)
(4, 1, 0, (1, 1, 1), 6): (1, 1)
(4, 1, 0, (1, 1, 1), 8): (1, 1)
(4, 1, 0, (1, 1, 1), 9): (2, 2)
(4, 1, 0, (1, 1, 1), 10): (1, 1)
(4, 1, 1, (0, 0, 0), -10): (0, 2)
(4, 1, 1, (0, 0, 0), -8): (0, 5)
(4, 1, 1, (0, 0, 0), -7): (1, 15)
(4, 1, 1, (0, 0, 0), -6): (0, 14)
(4, 1, 1, (0, 0, 0), -5): (3, 24)
(4, 1, 1, (0, 0, 0), -4): (5, 33)
(4, 1, 1, (0, 0, 0), -3): (11, 47)
(4, 1, 1, (0, 0, 0), -2): (29, 101)
(4, 1, 1, (0, 0, 0), -1): (39, 119)
(4, 1, 1, (0, 0, 0), 0): (82, 143)
(4, 1, 1, (0, 0, 0), 1): (60, 97)
(4, 1, 1, (0, 0, 0), 2): (53, 68)
(4, 1, 1, (0, 0, 0), 3): (49, 55)
(4, 1, 1, (0, 0, 0), 4): (26, 29)
(4, 1, 1, (0, 0, 0), 5): (20, 22)
(4, 1, 1, (0, 0, 0), 6): (9, 9)
(4, 1, 1, (0, 0, 0), 7): (4, 4)
(4, 1, 1, (0, 0, 0), 8): (1, 1)
(4, 1, 1, (0, 0, 0), 9): (3, 3)
(4, 1, 1, (0, 0, 0), 12): (1, 1)
(4, 1, 1, (0, 0, 1), -8): (0, 1)
(4, 1, 1, (0, 0, 1), -7): (0, 1)
(4, 1, 1, (0, 0, 1), -5): (0, 2)
(4, 1, 1, (0, 0, 1), -3): (1, 4)
(4, 1, 1, (0, 0, 1), -2): (2, 8)
(4, 1, 1, (0, 0, 1), -1): (2, 9)
(4, 1, 1, (0, 0, 1), 0): (8, 15)
(4, 1, 1, (0, 0, 1), 1): (12, 16)
(4, 1, 1, (0, 0, 1), 2): (7, 8)
(4, 1, 1, (0, 0, 1), 3): (6, 6)
(4, 1, 1, (0, 0, 1), 4): (3, 3)
(4, 1, 1, (0, 0, 1), 6): (4, 4)
(4, 1, 1, (0, 0, 1), 7): (3, 3)
(4, 1, 1, (0, 1, 0), -7): (0, 2)
(4, 1, 1, (0, 1, 0), -6): (0, 2)
(4, 1, 1, (0, 1, 0), -5): (2, 4)
(4, 1, 1, (0, 1, 0), -4): (2, 3)
(4, 1, 1, (0, 1, 0), -3): (3, 5)
(4, 1, 1, (0, 1, 0), -2): (1, 7)
(4, 1, 1, (0, 1, 0), -1): (9, 28)
(4, 1, 1, (0, 1, 0), 0): (29, 39)
(4, 1, 1, (0, 1, 0), 1): (21, 29)
(4, 1, 1, (0, 1, 0), 2): (17, 24)
(4, 1, 1, (0, 1, 0), 3): (9, 11)
(4, 1, 1, (0, 1, 0), 4): (8, 8)
(4, 1, 1, (0, 1, 0), 5): (5, 5)
(4, 1, 1, (0, 1, 0), 6): (3, 3)
(4, 1, 1, (0, 1, 1), -7): (0, 1)
(4, 1, 1, (0, 1, 1), -6): (0, 1)
(4, 1, 1, (0, 1, 1), -4): (0, 3)
(4, 1, 1, (0, 1, 1), -3): (0, 3)
(4, 1, 1, (0, 1, 1), -2): (2, 5)
(4, 1, 1, (0, 1, 1), -1): (5, 17)
(4, 1, 1, (0, 1, 1), 0): (11, 14)
(4, 1, 1, (0, 1, 1), 1): (7, 10)
(4, 1, 1, (0, 1, 1), 2): (8, 11)
(4, 1, 1, (0, 1, 1), 3): (3, 3)
(4, 1, 1, (0, 1, 1), 4): (5, 5)
(4, 1, 1, (0, 1, 1), 5): (0, 1)
(4, 1, 1, (0, 1, 1), 6): (2, 2)
(4, 1, 1, (0, 1, 1), 8): (1, 1)
(4, 1, 1, (1, 0, 0), -10): (0, 1)
(4, 1, 1, (1, 0, 0), -8): (0, 2)
(4, 1, 1, (1, 0, 0), -7): (1, 6)
(4, 1, 1, (1, 0, 0), -6): (1, 10)
(4, 1, 1, (1, 0, 0), -5): (1, 10)
(4, 1, 1, (1, 0, 0), -4): (2, 15)
(4, 1, 1, (1, 0, 0), -3): (5, 26)
(4, 1, 1, (1, 0, 0), -2): (19, 59)
(4, 1, 1, (1, 0, 0), -1): (22, 58)
(4, 1, 1, (1, 0, 0), 0): (48, 72)
(4, 1, 1, (1, 0, 0), 1): (30, 45)
(4, 1, 1, (1, 0, 0), 2): (18, 25)
(4, 1, 1, (1, 0, 0), 3): (25, 27)
(4, 1, 1, (1, 0, 0), 4): (22, 22)
(4, 1, 1, (1, 0, 0), 5): (7, 8)
(4, 1, 1, (1, 0, 0), 6): (5, 5)
(4, 1, 1, (1, 0, 0), 7): (3, 3)
(4, 1, 1, (1, 0, 1), -7): (0, 1)
(4, 1, 1, (1, 0, 1), -6): (0, 1)
(4, 1, 1, (1, 0, 1), -4): (1, 3)
(4, 1, 1, (1, 0, 1), -3): (3, 5)
(4, 1, 1, (1, 0, 1), -2): (5, 10)
(4, 1, 1, (1, 0, 1), -1): (4, 12)
(4, 1, 1, (1, 0, 1), 0): (8, 16)
(4, 1, 1, (1, 0, 1), 1): (10, 10)
(4, 1, 1, (1, 0, 1), 2): (5, 6)
(4, 1, 1, (1, 0, 1), 3): (5, 6)
(4, 1, 1, (1, 0, 1), 4): (3, 3)
(4, 1, 1, (1, 0, 1), 5): (2, 2)
(4, 1, 1, (1, 0, 1), 6): (1, 1)
(4, 1, 1, (1, 0, 1), 9): (1, 1)
(4, 1, 1, (1, 1, 0), -8): (0, 1)
(4, 1, 1, (1, 1, 0), -7): (0, 2)
(4, 1, 1, (1, 1, 0), -6): (0, 5)
(4, 1, 1, (1, 1, 0), -5): (1, 3)
(4, 1, 1, (1, 1, 0), -4): (0, 3)
(4, 1, 1, (1, 1, 0), -3): (3, 9)
(4, 1, 1, (1, 1, 0), -2): (4, 13)
(4, 1, 1, (1, 1, 0), -1): (6, 18)
(4, 1, 1, (1, 1, 0), 0): (19, 28)
(4, 1, 1, (1, 1, 0), 1): (16, 20)
(4, 1, 1, (1, 1, 0), 2): (11, 12)
(4, 1, 1, (1, 1, 0), 3): (12, 12)
(4, 1, 1, (1, 1, 0), 4): (6, 6)
(4, 1, 1, (1, 1, 0), 5): (5, 6)
(4, 1, 1, (1, 1, 0), 6): (4, 4)
(4, 1, 1, (1, 1, 0), 7): (5, 5)
(4, 1, 1, (1, 1, 1), -6): (0, 2)
(4, 1, 1, (1, 1, 1), -5): (1, 1)
(4, 1, 1, (1, 1, 1), -4): (0, 3)
(4, 1, 1, (1, 1, 1), -3): (2, 3)
(4, 1, 1, (1, 1, 1), -2): (4, 5)
(4, 1, 1, (1, 1, 1), -1): (4, 6)
(4, 1, 1, (1, 1, 1), 0): (9, 13)
(4, 1, 1, (1, 1, 1), 1): (7, 7)
(4, 1, 1, (1, 1, 1), 2): (2, 4)
(4, 1, 1, (1, 1, 1), 3): (4, 4)
(4, 1, 1, (1, 1, 1), 4): (7, 7)
(4, 1, 1, (1, 1, 1), 5): (1, 2)
(4, 1, 1, (1, 1, 1), 6): (2, 2)
(4, 1, 1, (1, 1, 1), 7): (2, 2)
(4, 1, 1, (1, 1, 1), 9): (1, 1)
(4, 1, 2, (0, 0, 0), -10): (0, 1)
(4, 1, 2, (0, 0, 0), -9): (0, 1)
(4, 1, 2, (0, 0, 0), -8): (0, 2)
(4, 1, 2, (0, 0, 0), -7): (0, 9)
(4, 1, 2, (0, 0, 0), -6): (0, 9)
(4, 1, 2, (0, 0, 0), -5): (0, 14)
(4, 1, 2, (0, 0, 0), -4): (3, 26)
(4, 1, 2, (0, 0, 0), -3): (8, 32)
(4, 1, 2, (0, 0, 0), -2): (14, 64)
(4, 1, 2, (0, 0, 0), -1): (19, 79)
(4, 1, 2, (0, 0, 0), 0): (51, 102)
(4, 1, 2, (0, 0, 0), 1): (47, 84)
(4, 1, 2, (0, 0, 0), 2): (51, 65)
(4, 1, 2, (0, 0, 0), 3): (33, 37)
(4, 1, 2, (0, 0, 0), 4): (19, 22)
(4, 1, 2, (0, 0, 0), 5): (18, 19)
(4, 1, 2, (0, 0, 0), 6): (5, 5)
(4, 1, 2, (0, 0, 0), 7): (5, 5)
(4, 1, 2, (0, 0, 0), 8): (2, 2)
(4, 1, 2, (0, 0, 0), 9): (5, 5)
(4, 1, 2, (0, 0, 0), 12): (1, 1)
(4, 1, 2, (0, 0, 1), -9): (0, 1)
(4, 1, 2, (0, 0, 1), -8): (0, 1)
(4, 1, 2, (0, 0, 1), -7): (0, 1)
(4, 1, 2, (0, 0, 1), -6): (0, 1)
(4, 1, 2, (0, 0, 1), -5): (0, 3)
(4, 1, 2, (0, 0, 1), -4): (0, 1)
(4, 1, 2, (0, 0, 1), -3): (0, 5)
(4, 1, 2, (0, 0, 1), -2): (2, 5)
(4, 1, 2, (0, 0, 1), -1): (6, 13)
(4, 1, 2, (0, 0, 1), 0): (13, 24)
(4, 1, 2, (0, 0, 1), 1): (9, 12)
(4, 1, 2, (0, 0, 1), 2): (11, 15)
(4, 1, 2, (0, 0, 1), 3): (8, 9)
(4, 1, 2, (0, 0, 1), 4): (5, 6)
(4, 1, 2, (0, 0, 1), 5): (4, 4)
(4, 1, 2, (0, 0, 1), 6): (3, 3)
(4, 1, 2, (0, 0, 1), 7): (3, 3)
(4, 1, 2, (0, 0, 1), 8): (2, 3)
(4, 1, 2, (0, 0, 1), 10): (1, 1)
(4, 1, 2, (0, 0, 1), 11): (1, 1)
(4, 1, 2, (0, 0, 1), 12): (1, 1)
(4, 1, 2, (0, 1, 0), -8): (0, 1)
(4, 1, 2, (0, 1, 0), -5): (2, 7)
(4, 1, 2, (0, 1, 0), -4): (2, 5)
(4, 1, 2, (0, 1, 0), -3): (3, 11)
(4, 1, 2, (0, 1, 0), -2): (3, 9)
(4, 1, 2, (0, 1, 0), -1): (11, 32)
(4, 1, 2, (0, 1, 0), 0): (21, 33)
(4, 1, 2, (0, 1, 0), 1): (20, 34)
(4, 1, 2, (0, 1, 0), 2): (21, 25)
(4, 1, 2, (0, 1, 0), 3): (17, 20)
(4, 1, 2, (0, 1, 0), 4): (10, 10)
(4, 1, 2, (0, 1, 0), 5): (8, 8)
(4, 1, 2, (0, 1, 0), 6): (3, 3)
(4, 1, 2, (0, 1, 0), 7): (4, 4)
(4, 1, 2, (0, 1, 0), 9): (1, 1)
(4, 1, 2, (0, 1, 1), -10): (0, 1)
(4, 1, 2, (0, 1, 1), -6): (0, 1)
(4, 1, 2, (0, 1, 1), -4): (0, 2)
(4, 1, 2, (0, 1, 1), -3): (0, 4)
(4, 1, 2, (0, 1, 1), -2): (2, 6)
(4, 1, 2, (0, 1, 1), -1): (3, 11)
(4, 1, 2, (0, 1, 1), 0): (7, 17)
(4, 1, 2, (0, 1, 1), 1): (8, 14)
(4, 1, 2, (0, 1, 1), 2): (8, 9)
(4, 1, 2, (0, 1, 1), 3): (2, 2)
(4, 1, 2, (0, 1, 1), 4): (3, 3)
(4, 1, 2, (0, 1, 1), 5): (2, 3)
(4, 1, 2, (0, 1, 1), 7): (2, 2)
(4, 1, 2, (0, 1, 1), 8): (1, 1)
(4, 1, 2, (0, 1, 1), 9): (1, 1)
(4, 1, 2, (1, 0, 0), -10): (0, 2)
(4, 1, 2, (1, 0, 0), -9): (0, 1)
(4, 1, 2, (1, 0, 0), -8): (0, 1)
(4, 1, 2, (1, 0, 0), -7): (1, 5)
(4, 1, 2, (1, 0, 0), -6): (1, 5)
(4, 1, 2, (1, 0, 0), -5): (0, 11)
(4, 1, 2, (1, 0, 0), -4): (3, 15)
(4, 1, 2, (1, 0, 0), -3): (5, 22)
(4, 1, 2, (1, 0, 0), -2): (20, 54)
(4, 1, 2, (1, 0, 0), -1): (16, 47)
(4, 1, 2, (1, 0, 0), 0): (32, 56)
(4, 1, 2, (1, 0, 0), 1): (40, 60)
(4, 1, 2, (1, 0, 0), 2): (30, 36)
(4, 1, 2, (1, 0, 0), 3): (23, 28)
(4, 1, 2, (1, 0, 0), 4): (18, 19)
(4, 1, 2, (1, 0, 0), 5): (11, 11)
(4, 1, 2, (1, 0, 0), 6): (10, 10)
(4, 1, 2, (1, 0, 0), 7): (2, 2)
(4, 1, 2, (1, 0, 0), 8): (1, 1)
(4, 1, 2, (1, 0, 0), 9): (3, 3)
(4, 1, 2, (1, 0, 0), 12): (1, 1)
(4, 1, 2, (1, 0, 1), -7): (0, 3)
(4, 1, 2, (1, 0, 1), -6): (2, 2)
(4, 1, 2, (1, 0, 1), -5): (0, 2)
(4, 1, 2, (1, 0, 1), -4): (0, 2)
(4, 1, 2, (1, 0, 1), -3): (0, 4)
(4, 1, 2, (1, 0, 1), -2): (6, 11)
(4, 1, 2, (1, 0, 1), -1): (5, 15)
(4, 1, 2, (1, 0, 1), 0): (5, 6)
(4, 1, 2, (1, 0, 1), 1): (15, 17)
(4, 1, 2, (1, 0, 1), 2): (14, 15)
(4, 1, 2, (1, 0, 1), 3): (8, 9)
(4, 1, 2, (1, 0, 1), 4): (3, 3)
(4, 1, 2, (1, 0, 1), 5): (3, 3)
(4, 1, 2, (1, 0, 1), 6): (2, 2)
(4, 1, 2, (1, 0, 1), 7): (2, 2)
(4, 1, 2, (1, 0, 1), 9): (1, 1)
(4, 1, 2, (1, 1, 0), -7): (1, 1)
(4, 1, 2, (1, 1, 0), -6): (0, 3)
(4, 1, 2, (1, 1, 0), -5): (0, 4)
(4, 1, 2, (1, 1, 0), -4): (2, 6)
(4, 1, 2, (1, 1, 0), -3): (1, 7)
(4, 1, 2, (1, 1, 0), -2): (4, 13)
(4, 1, 2, (1, 1, 0), -1): (6, 18)
(4, 1, 2, (1, 1, 0), 0): (12, 20)
(4, 1, 2, (1, 1, 0), 1): (12, 21)
(4, 1, 2, (1, 1, 0), 2): (13, 15)
(4, 1, 2, (1, 1, 0), 3): (13, 15)
(4, 1, 2, (1, 1, 0), 4): (3, 3)
(4, 1, 2, (1, 1, 0), 5): (8, 8)
(4, 1, 2, (1, 1, 0), 6): (4, 4)
(4, 1, 2, (1, 1, 0), 7): (6, 6)
(4, 1, 2, (1, 1, 0), 8): (2, 2)
(4, 1, 2, (1, 1, 0), 9): (1, 1)
(4, 1, 2, (1, 1, 0), 10): (1, 1)
(4, 1, 2, (1, 1, 1), -5): (0, 1)
(4, 1, 2, (1, 1, 1), -4): (1, 3)
(4, 1, 2, (1, 1, 1), -3): (1, 3)
(4, 1, 2, (1, 1, 1), -2): (3, 4)
(4, 1, 2, (1, 1, 1), -1): (1, 4)
(4, 1, 2, (1, 1, 1), 0): (4, 9)
(4, 1, 2, (1, 1, 1), 1): (8, 11)
(4, 1, 2, (1, 1, 1), 2): (2, 3)
(4, 1, 2, (1, 1, 1), 3): (6, 6)
(4, 1, 2, (1, 1, 1), 4): (3, 3)
(4, 1, 2, (1, 1, 1), 5): (3, 4)
(4, 1, 2, (1, 1, 1), 6): (2, 2)
(4, 1, 2, (1, 1, 1), 7): (1, 1)
(4, 1, 2, (1, 1, 1), 8): (1, 1)
(4, 1, 2, (1, 1, 1), 9): (1, 1)
(5, 0, 0, (0, 0, 0), -12): (0, 2)
(5, 0, 0, (0, 0, 0), -10): (0, 2)
(5, 0, 0, (0, 0, 0), -9): (0, 8)
(5, 0, 0, (0, 0, 0), -8): (1, 4)
(5, 0, 0, (0, 0, 0), -7): (0, 19)
(5, 0, 0, (0, 0, 0), -6): (0, 20)
(5, 0, 0, (0, 0, 0), -5): (2, 30)
(5, 0, 0, (0, 0, 0), -4): (4, 55)
(5, 0, 0, (0, 0, 0), -3): (12, 88)
(5, 0, 0, (0, 0, 0), -2): (30, 127)
(5, 0, 0, (0, 0, 0), -1): (65, 161)
(5, 0, 0, (0, 0, 0), 0): (97, 192)
(5, 0, 0, (0, 0, 0), 1): (119, 160)
(5, 0, 0, (0, 0, 0), 2): (85, 118)
(5, 0, 0, (0, 0, 0), 3): (55, 69)
(5, 0, 0, (0, 0, 0), 4): (39, 44)
(5, 0, 0, (0, 0, 0), 5): (27, 27)
(5, 0, 0, (0, 0, 0), 6): (20, 22)
(5, 0, 0, (0, 0, 0), 7): (13, 13)
(5, 0, 0, (0, 0, 0), 8): (6, 6)
(5, 0, 0, (0, 0, 0), 9): (2, 2)
(5, 0, 0, (0, 0, 0), 10): (2, 2)
(5, 0, 0, (0, 0, 1), -9): (0, 1)
(5, 0, 0, (0, 0, 1), -3): (0, 1)
(5, 0, 0, (0, 0, 1), -2): (0, 2)
(5, 0, 0, (0, 0, 1), -1): (2, 3)
(5, 0, 0, (0, 0, 1), 0): (0, 1)
(5, 0, 0, (0, 0, 1), 1): (4, 4)
(5, 0, 0, (0, 0, 1), 2): (4, 4)
(5, 0, 0, (0, 0, 1), 3): (2, 3)
(5, 0, 0, (0, 0, 1), 4): (1, 1)
(5, 0, 0, (0, 0, 1), 5): (2, 2)
(5, 0, 0, (0, 0, 1), 6): (1, 1)
(5, 0, 0, (0, 0, 1), 7): (1, 1)
(5, 0, 0, (0, 0, 1), 9): (1, 1)
(5, 0, 0, (0, 1, 0), -9): (0, 1)
(5, 0, 0, (0, 1, 0), -7): (0, 1)
(5, 0, 0, (0, 1, 0), -6): (0, 1)
(5, 0, 0, (0, 1, 0), -4): (0, 6)
(5, 0, 0, (0, 1, 0), -3): (4, 7)
(5, 0, 0, (0, 1, 0), -2): (3, 10)
(5, 0, 0, (0, 1, 0), -1): (3, 13)
(5, 0, 0, (0, 1, 0), 0): (4, 8)
(5, 0, 0, (0, 1, 0), 1): (12, 15)
(5, 0, 0, (0, 1, 0), 2): (12, 12)
(5, 0, 0, (0, 1, 0), 3): (6, 6)
(5, 0, 0, (0, 1, 0), 4): (7, 7)
(5, 0, 0, (0, 1, 0), 6): (1, 1)
(5, 0, 0, (0, 1, 1), -9): (0, 1)
(5, 0, 0, (0, 1, 1), -6): (0, 1)
(5, 0, 0, (0, 1, 1), -3): (1, 1)
(5, 0, 0, (0, 1, 1), -1): (2, 3)
(5, 0, 0, (0, 1, 1), 0): (4, 5)
(5, 0, 0, (0, 1, 1), 1): (0, 1)
(5, 0, 0, (0, 1, 1), 2): (2, 2)
(5, 0, 0, (0, 1, 1), 3): (2, 2)
(5, 0, 0, (0, 1, 1), 4): (5, 5)
(5, 0, 0, (0, 1, 1), 5): (1, 1)
(5, 0, 0, (0, 1, 1), 10): (1, 1)
(5, 0, 0, (1, 0, 0), -12): (0, 1)
(5, 0, 0, (1, 0, 0), -9): (0, 2)
(5, 0, 0, (1, 0, 0), -8): (1, 4)
(5, 0, 0, (1, 0, 0), -7): (0, 1)
(5, 0, 0, (1, 0, 0), -6): (0, 6)
(5, 0, 0, (1, 0, 0), -5): (1, 12)
(5, 0, 0, (1, 0, 0), -4): (1, 8)
(5, 0, 0, (1, 0, 0), -3): (4, 20)
(5, 0, 0, (1, 0, 0), -2): (13, 40)
(5, 0, 0, (1, 0, 0), -1): (23, 47)
(5, 0, 0, (1, 0, 0), 0): (38, 66)
(5, 0, 0, (1, 0, 0), 1): (44, 54)
(5, 0, 0, (1, 0, 0), 2): (25, 34)
(5, 0, 0, (1, 0, 0), 3): (16, 18)
(5, 0, 0, (1, 0, 0), 4): (11, 13)
(5, 0, 0, (1, 0, 0), 5): (5, 5)
(5, 0, 0, (1, 0, 0), 6): (8, 9)
(5, 0, 0, (1, 0, 0), 7): (3, 3)
(5, 0, 0, (1, 0, 0), 8): (3, 3)
(5, 0, 0, (1, 0, 0), 10): (2, 2)
(5, 0, 0, (1, 0, 1), -8): (0, 1)
(5, 0, 0, (1, 0, 1), -5): (0, 1)
(5, 0, 0, (1, 0, 1), -4): (0, 1)
(5, 0, 0, (1, 0, 1), -2): (2, 4)
(5, 0, 0, (1, 0, 1), -1): (2, 3)
(5, 0, 0, (1, 0, 1), 0): (0, 1)
(5, 0, 0, (1, 0, 1), 1): (5, 5)
(5, 0, 0, (1, 0, 1), 2): (2, 2)
(5, 0, 0, (1, 0, 1), 3): (3, 3)
(5, 0, 0, (1, 0, 1), 4): (3, 3)
(5, 0, 0, (1, 0, 1), 5): (3, 3)
(5, 0, 0, (1, 0, 1), 7): (1, 1)
(5, 0, 0, (1, 1, 0), -9): (0, 1)
(5, 0, 0, (1, 1, 0), -8): (1, 1)
(5, 0, 0, (1, 1, 0), -6): (0, 2)
(5, 0, 0, (1, 1, 0), -5): (1, 3)
(5, 0, 0, (1, 1, 0), -4): (1, 3)
(5, 0, 0, (1, 1, 0), -3): (1, 5)
(5, 0, 0, (1, 1, 0), -2): (3, 7)
(5, 0, 0, (1, 1, 0), -1): (5, 9)
(5, 0, 0, (1, 1, 0), 0): (7, 8)
(5, 0, 0, (1, 1, 0), 1): (6, 7)
(5, 0, 0, (1, 1, 0), 2): (11, 12)
(5, 0, 0, (1, 1, 0), 3): (3, 3)
(5, 0, 0, (1, 1, 0), 4): (2, 2)
(5, 0, 0, (1, 1, 0), 5): (5, 5)
(5, 0, 0, (1, 1, 0), 6): (1, 1)
(5, 0, 0, (1, 1, 0), 7): (1, 1)
(5, 0, 0, (1, 1, 1), -3): (1, 1)
(5, 0, 0, (1, 1, 1), -2): (1, 1)
(5, 0, 0, (1, 1, 1), -1): (3, 3)
(5, 0, 0, (1, 1, 1), 0): (2, 2)
(5, 0, 0, (1, 1, 1), 1): (2, 2)
(5, 0, 0, (1, 1, 1), 2): (1, 1)
(5, 0, 0, (1, 1, 1), 3): (1, 1)
(5, 0, 0, (1, 1, 1), 5): (1, 1)
(5, 0, 1, (0, 0, 0), -12): (0, 1)
(5, 0, 1, (0, 0, 0), -10): (0, 2)
(5, 0, 1, (0, 0, 0), -9): (0, 4)
(5, 0, 1, (0, 0, 0), -8): (0, 1)
(5, 0, 1, (0, 0, 0), -7): (0, 17)
(5, 0, 1, (0, 0, 0), -6): (0, 12)
(5, 0, 1, (0, 0, 0), -5): (1, 18)
(5, 0, 1, (0, 0, 0), -4): (3, 42)
(5, 0, 1, (0, 0, 0), -3): (4, 62)
(5, 0, 1, (0, 0, 0), -2): (19, 83)
(5, 0, 1, (0, 0, 0), -1): (36, 100)
(5, 0, 1, (0, 0, 0), 0): (58, 122)
(5, 0, 1, (0, 0, 0), 1): (72, 102)
(5, 0, 1, (0, 0, 0), 2): (55, 81)
(5, 0, 1, (0, 0, 0), 3): (36, 50)
(5, 0, 1, (0, 0, 0), 4): (28, 31)
(5, 0, 1, (0, 0, 0), 5): (23, 24)
(5, 0, 1, (0, 0, 0), 6): (13, 14)
(5, 0, 1, (0, 0, 0), 7): (9, 9)
(5, 0, 1, (0, 0, 0), 8): (3, 3)
(5, 0, 1, (0, 0, 0), 9): (2, 2)
(5, 0, 1, (0, 0, 0), 10): (1, 1)
(5, 0, 1, (0, 0, 1), -9): (0, 1)
(5, 0, 1, (0, 0, 1), -8): (0, 1)
(5, 0, 1, (0, 0, 1), -7): (0, 1)
(5, 0, 1, (0, 0, 1), -5): (0, 1)
(5, 0, 1, (0, 0, 1), -4): (0, 2)
(5, 0, 1, (0, 0, 1), -3): (0, 2)
(5, 0, 1, (0, 0, 1), -2): (0, 6)
(5, 0, 1, (0, 0, 1), -1): (3, 7)
(5, 0, 1, (0, 0, 1), 0): (9, 14)
(5, 0, 1, (0, 0, 1), 1): (6, 8)
(5, 0, 1, (0, 0, 1), 2): (9, 10)
(5, 0, 1, (0, 0, 1), 3): (9, 11)
(5, 0, 1, (0, 0, 1), 4): (2, 3)
(5, 0, 1, (0, 0, 1), 5): (3, 3)
(5, 0, 1, (0, 0, 1), 6): (2, 2)
(5, 0, 1, (0, 0, 1), 7): (2, 2)
(5, 0, 1, (0, 1, 0), -7): (0, 3)
(5, 0, 1, (0, 1, 0), -6): (0, 2)
(5, 0, 1, (0, 1, 0), -5): (0, 2)
(5, 0, 1, (0, 1, 0), -4): (0, 10)
(5, 0, 1, (0, 1, 0), -3): (3, 9)
(5, 0, 1, (0, 1, 0), -2): (5, 17)
(5, 0, 1, (0, 1, 0), -1): (12, 26)
(5, 0, 1, (0, 1, 0), 0): (14, 32)
(5, 0, 1, (0, 1, 0), 1): (20, 26)
(5, 0, 1, (0, 1, 0), 2): (13, 18)
(5, 0, 1, (0, 1, 0), 3): (13, 14)
(5, 0, 1, (0, 1, 0), 4): (7, 8)
(5, 0, 1, (0, 1, 0), 5): (1, 1)
(5, 0, 1, (0, 1, 0), 6): (4, 4)
(5, 0, 1, (0, 1, 0), 7): (3, 3)
(5, 0, 1, (0, 1, 0), 8): (1, 1)
(5, 0, 1, (0, 1, 0), 9): (1, 1)
(5, 0, 1, (0, 1, 0), 10): (1, 1)
(5, 0, 1, (0, 1, 1), -9): (0, 1)
(5, 0, 1, (0, 1, 1), -7): (0, 1)
(5, 0, 1, (0, 1, 1), -6): (0, 1)
(5, 0, 1, (0, 1, 1), -5): (1, 1)
(5, 0, 1, (0, 1, 1), -4): (0, 1)
(5, 0, 1, (0, 1, 1), -3): (1, 3)
(5, 0, 1, (0, 1, 1), -2): (3, 6)
(5, 0, 1, (0, 1, 1), -1): (3, 3)
(5, 0, 1, (0, 1, 1), 0): (4, 5)
(5, 0, 1, (0, 1, 1), 1): (6, 8)
(5, 0, 1, (0, 1, 1), 2): (5, 7)
(5, 0, 1, (0, 1, 1), 3): (3, 3)
(5, 0, 1, (0, 1, 1), 4): (5, 5)
(5, 0, 1, (0, 1, 1), 5): (4, 4)
(5, 0, 1, (0, 1, 1), 6): (0, 1)
(5, 0, 1, (0, 1, 1), 7): (2, 2)
(5, 0, 1, (0, 1, 1), 10): (1, 1)
(5, 0, 1, (1, 0, 0), -9): (0, 2)
(5, 0, 1, (1, 0, 0), -8): (0, 1)
(5, 0, 1, (1, 0, 0), -7): (0, 4)
(5, 0, 1, (1, 0, 0), -6): (0, 6)
(5, 0, 1, (1, 0, 0), -5): (0, 9)
(5, 0, 1, (1, 0, 0), -4): (3, 17)
(5, 0, 1, (1, 0, 0), -3): (5, 28)
(5, 0, 1, (1, 0, 0), -2): (10, 35)
(5, 0, 1, (1, 0, 0), -1): (16, 43)
(5, 0, 1, (1, 0, 0), 0): (32, 65)
(5, 0, 1, (1, 0, 0), 1): (44, 60)
(5, 0, 1, (1, 0, 0), 2): (25, 37)
(5, 0, 1, (1, 0, 0), 3): (17, 22)
(5, 0, 1, (1, 0, 0), 4): (14, 17)
(5, 0, 1, (1, 0, 0), 5): (8, 8)
(5, 0, 1, (1, 0, 0), 6): (12, 13)
(5, 0, 1, (1, 0, 0), 7): (1, 1)
(5, 0, 1, (1, 0, 0), 8): (3, 3)
(5, 0, 1, (1, 0, 1), -8): (1, 2)
(5, 0, 1, (1, 0, 1), -7): (0, 1)
(5, 0, 1, (1, 0, 1), -4): (0, 4)
(5, 0, 1, (1, 0, 1), -3): (1, 4)
(5, 0, 1, (1, 0, 1), -2): (1, 3)
(5, 0, 1, (1, 0, 1), -1): (5, 6)
(5, 0, 1, (1, 0, 1), 0): (5, 9)
(5, 0, 1, (1, 0, 1), 1): (8, 8)
(5, 0, 1, (1, 0, 1), 2): (4, 6)
(5, 0, 1, (1, 0, 1), 3): (2, 2)
(5, 0, 1, (1, 0, 1), 4): (2, 3)
(5, 0, 1, (1, 0, 1), 6): (2, 3)
(5, 0, 1, (1, 0, 1), 7): (0, 1)
(5, 0, 1, (1, 0, 1), 9): (1, 1)
(5, 0, 1, (1, 1, 0), -7): (0, 1)
(5, 0, 1, (1, 1, 0), -6): (0, 4)
(5, 0, 1, (1, 1, 0), -5): (0, 5)
(5, 0, 1, (1, 1, 0), -4): (1, 7)
(5, 0, 1, (1, 1, 0), -3): (3, 14)
(5, 0, 1, (1, 1, 0), -2): (3, 10)
(5, 0, 1, (1, 1, 0), -1): (4, 11)
(5, 0, 1, (1, 1, 0), 0): (8, 20)
(5, 0, 1, (1, 1, 0), 1): (13, 16)
(5, 0, 1, (1, 1, 0), 2): (13, 15)
(5, 0, 1, (1, 1, 0), 3): (13, 14)
(5, 0, 1, (1, 1, 0), 4): (7, 8)
(5, 0, 1, (1, 1, 0), 5): (3, 3)
(5, 0, 1, (1, 1, 0), 6): (4, 4)
(5, 0, 1, (1, 1, 0), 7): (1, 1)
(5, 0, 1, (1, 1, 0), 8): (1, 1)
(5, 0, 1, (1, 1, 0), 10): (1, 1)
(5, 0, 1, (1, 1, 1), -4): (0, 1)
(5, 0, 1, (1, 1, 1), -3): (2, 3)
(5, 0, 1, (1, 1, 1), -2): (1, 2)
(5, 0, 1, (1, 1, 1), -1): (2, 3)
(5, 0, 1, (1, 1, 1), 0): (3, 6)
(5, 0, 1, (1, 1, 1), 1): (3, 4)
(5, 0, 1, (1, 1, 1), 2): (1, 2)
(5, 0, 1, (1, 1, 1), 3): (4, 4)
(5, 0, 1, (1, 1, 1), 4): (4, 5)
(5, 0, 1, (1, 1, 1), 5): (1, 1)
(5, 0, 1, (1, 1, 1), 6): (2, 2)
(5, 0, 2, (0, 0, 0), -12): (0, 2)
(5, 0, 2, (0, 0, 0), -10): (0, 2)
(5, 0, 2, (0, 0, 0), -9): (0, 2)
(5, 0, 2, (0, 0, 0), -8): (0, 2)
(5, 0, 2, (0, 0, 0), -7): (0, 13)
(5, 0, 2, (0, 0, 0), -6): (0, 10)
(5, 0, 2, (0, 0, 0), -5): (1, 16)
(5, 0, 2, (0, 0, 0), -4): (0, 26)
(5, 0, 2, (0, 0, 0), -3): (2, 46)
(5, 0, 2, (0, 0, 0), -2): (13, 64)
(5, 0, 2, (0, 0, 0), -1): (26, 79)
(5, 0, 2, (0, 0, 0), 0): (43, 95)
(5, 0, 2, (0, 0, 0), 1): (55, 74)
(5, 0, 2, (0, 0, 0), 2): (44, 64)
(5, 0, 2, (0, 0, 0), 3): (28, 43)
(5, 0, 2, (0, 0, 0), 4): (29, 32)
(5, 0, 2, (0, 0, 0), 5): (22, 24)
(5, 0, 2, (0, 0, 0), 6): (11, 12)
(5, 0, 2, (0, 0, 0), 7): (12, 12)
(5, 0, 2, (0, 0, 0), 8): (4, 4)
(5, 0, 2, (0, 0, 0), 9): (1, 1)
(5, 0, 2, (0, 0, 0), 10): (1, 1)
(5, 0, 2, (0, 0, 0), 11): (1, 1)
(5, 0, 2, (0, 0, 1), -9): (0, 1)
(5, 0, 2, (0, 0, 1), -8): (0, 1)
(5, 0, 2, (0, 0, 1), -7): (0, 1)
(5, 0, 2, (0, 0, 1), -6): (0, 1)
(5, 0, 2, (0, 0, 1), -5): (0, 3)
(5, 0, 2, (0, 0, 1), -4): (1, 4)
(5, 0, 2, (0, 0, 1), -3): (1, 2)
(5, 0, 2, (0, 0, 1), -2): (2, 10)
(5, 0, 2, (0, 0, 1), -1): (4, 10)
(5, 0, 2, (0, 0, 1), 0): (10, 13)
(5, 0, 2, (0, 0, 1), 1): (13, 16)
(5, 0, 2, (0, 0, 1), 2): (13, 14)
(5, 0, 2, (0, 0, 1), 3): (11, 15)
(5, 0, 2, (0, 0, 1), 4): (6, 7)
(5, 0, 2, (0, 0, 1), 5): (6, 6)
(5, 0, 2, (0, 0, 1), 6): (2, 2)
(5, 0, 2, (0, 0, 1), 7): (5, 5)
(5, 0, 2, (0, 0, 1), 8): (1, 1)
(5, 0, 2, (0, 0, 1), 9): (2, 2)
(5, 0, 2, (0, 1, 0), -8): (0, 1)
(5, 0, 2, (0, 1, 0), -7): (0, 1)
(5, 0, 2, (0, 1, 0), -5): (0, 2)
(5, 0, 2, (0, 1, 0), -4): (0, 7)
(5, 0, 2, (0, 1, 0), -3): (1, 10)
(5, 0, 2, (0, 1, 0), -2): (6, 20)
(5, 0, 2, (0, 1, 0), -1): (10, 36)
(5, 0, 2, (0, 1, 0), 0): (13, 35)
(5, 0, 2, (0, 1, 0), 1): (28, 39)
(5, 0, 2, (0, 1, 0), 2): (20, 23)
(5, 0, 2, (0, 1, 0), 3): (8, 12)
(5, 0, 2, (0, 1, 0), 4): (6, 8)
(5, 0, 2, (0, 1, 0), 5): (4, 5)
(5, 0, 2, (0, 1, 0), 6): (8, 8)
(5, 0, 2, (0, 1, 0), 7): (6, 6)
(5, 0, 2, (0, 1, 0), 8): (2, 2)
(5, 0, 2, (0, 1, 0), 9): (2, 2)
(5, 0, 2, (0, 1, 0), 10): (2, 2)
(5, 0, 2, (0, 1, 0), 11): (1, 1)
(5, 0, 2, (0, 1, 0), 12): (1, 1)
(5, 0, 2, (0, 1, 1), -9): (0, 1)
(5, 0, 2, (0, 1, 1), -8): (1, 1)
(5, 0, 2, (0, 1, 1), -6): (0, 2)
(5, 0, 2, (0, 1, 1), -3): (0, 5)
(5, 0, 2, (0, 1, 1), -2): (3, 5)
(5, 0, 2, (0, 1, 1), -1): (3, 6)
(5, 0, 2, (0, 1, 1), 0): (4, 9)
(5, 0, 2, (0, 1, 1), 1): (5, 8)
(5, 0, 2, (0, 1, 1), 2): (9, 11)
(5, 0, 2, (0, 1, 1), 3): (5, 5)
(5, 0, 2, (0, 1, 1), 4): (2, 2)
(5, 0, 2, (0, 1, 1), 5): (1, 1)
(5, 0, 2, (0, 1, 1), 6): (1, 1)
(5, 0, 2, (0, 1, 1), 7): (4, 4)
(5, 0, 2, (0, 1, 1), 8): (1, 1)
(5, 0, 2, (0, 1, 1), 10): (1, 1)
(5, 0, 2, (1, 0, 0), -12): (0, 2)
(5, 0, 2, (1, 0, 0), -9): (0, 2)
(5, 0, 2, (1, 0, 0), -8): (0, 2)
(5, 0, 2, (1, 0, 0), -7): (0, 6)
(5, 0, 2, (1, 0, 0), -6): (0, 8)
(5, 0, 2, (1, 0, 0), -5): (0, 5)
(5, 0, 2, (1, 0, 0), -4): (0, 14)
(5, 0, 2, (1, 0, 0), -3): (1, 26)
(5, 0, 2, (1, 0, 0), -2): (9, 42)
(5, 0, 2, (1, 0, 0), -1): (14, 44)
(5, 0, 2, (1, 0, 0), 0): (34, 58)
(5, 0, 2, (1, 0, 0), 1): (36, 50)
(5, 0, 2, (1, 0, 0), 2): (29, 39)
(5, 0, 2, (1, 0, 0), 3): (20, 25)
(5, 0, 2, (1, 0, 0), 4): (17, 20)
(5, 0, 2, (1, 0, 0), 5): (9, 10)
(5, 0, 2, (1, 0, 0), 6): (15, 17)
(5, 0, 2, (1, 0, 0), 7): (4, 4)
(5, 0, 2, (1, 0, 0), 8): (4, 4)
(5, 0, 2, (1, 0, 0), 9): (1, 1)
(5, 0, 2, (1, 0, 0), 11): (1, 1)
(5, 0, 2, (1, 0, 0), 13): (1, 1)
(5, 0, 2, (1, 0, 1), -7): (0, 2)
(5, 0, 2, (1, 0, 1), -5): (0, 2)
(5, 0, 2, (1, 0, 1), -4): (0, 3)
(5, 0, 2, (1, 0, 1), -3): (1, 5)
(5, 0, 2, (1, 0, 1), -2): (3, 11)
(5, 0, 2, (1, 0, 1), -1): (3, 9)
(5, 0, 2, (1, 0, 1), 0): (9, 11)
(5, 0, 2, (1, 0, 1), 1): (4, 9)
(5, 0, 2, (1, 0, 1), 2): (8, 12)
(5, 0, 2, (1, 0, 1), 3): (4, 5)
(5, 0, 2, (1, 0, 1), 4): (2, 3)
(5, 0, 2, (1, 0, 1), 5): (6, 6)
(5, 0, 2, (1, 0, 1), 6): (3, 3)
(5, 0, 2, (1, 0, 1), 7): (3, 3)
(5, 0, 2, (1, 0, 1), 8): (1, 1)
(5, 0, 2, (1, 0, 1), 10): (1, 1)
(5, 0, 2, (1, 1, 0), -7): (0, 2)
(5, 0, 2, (1, 1, 0), -6): (0, 3)
(5, 0, 2, (1, 1, 0), -5): (0, 4)
(5, 0, 2, (1, 1, 0), -4): (0, 5)
(5, 0, 2, (1, 1, 0), -3): (0, 11)
(5, 0, 2, (1, 1, 0), -2): (3, 16)
(5, 0, 2, (1, 1, 0), -1): (5, 15)
(5, 0, 2, (1, 1, 0), 0): (9, 21)
(5, 0, 2, (1, 1, 0), 1): (16, 19)
(5, 0, 2, (1, 1, 0), 2): (17, 21)
(5, 0, 2, (1, 1, 0), 3): (13, 16)
(5, 0, 2, (1, 1, 0), 4): (8, 10)
(5, 0, 2, (1, 1, 0), 5): (4, 4)
(5, 0, 2, (1, 1, 0), 6): (6, 6)
(5, 0, 2, (1, 1, 0), 7): (2, 3)
(5, 0, 2, (1, 1, 0), 8): (2, 2)
(5, 0, 2, (1, 1, 0), 9): (1, 1)
(5, 0, 2, (1, 1, 1), -7): (0, 2)
(5, 0, 2, (1, 1, 1), -3): (0, 1)
(5, 0, 2, (1, 1, 1), -2): (3, 7)
(5, 0, 2, (1, 1, 1), -1): (4, 5)
(5, 0, 2, (1, 1, 1), 0): (6, 10)
(5, 0, 2, (1, 1, 1), 1): (4, 5)
(5, 0, 2, (1, 1, 1), 2): (4, 5)
(5, 0, 2, (1, 1, 1), 3): (7, 7)
(5, 0, 2, (1, 1, 1), 4): (4, 5)
(5, 0, 2, (1, 1, 1), 5): (4, 5)
(5, 0, 2, (1, 1, 1), 6): (2, 2)
(5, 0, 2, (1, 1, 1), 7): (2, 2)
(5, 1, 0, (0, 0, 0), -13): (0, 1)
(5, 1, 0, (0, 0, 0), -11): (0, 3)
(5, 1, 0, (0, 0, 0), -10): (0, 3)
(5, 1, 0, (0, 0, 0), -9): (0, 5)
(5, 1, 0, (0, 0, 0), -8): (0, 8)
(5, 1, 0, (0, 0, 0), -7): (1, 23)
(5, 1, 0, (0, 0, 0), -6): (2, 35)
(5, 1, 0, (0, 0, 0), -5): (5, 41)
(5, 1, 0, (0, 0, 0), -4): (8, 55)
(5, 1, 0, (0, 0, 0), -3): (22, 87)
(5, 1, 0, (0, 0, 0), -2): (32, 130)
(5, 1, 0, (0, 0, 0), -1): (49, 148)
(5, 1, 0, (0, 0, 0), 0): (97, 175)
(5, 1, 0, (0, 0, 0), 1): (97, 143)
(5, 1, 0, (0, 0, 0), 2): (93, 116)
(5, 1, 0, (0, 0, 0), 3): (65, 70)
(5, 1, 0, (0, 0, 0), 4): (44, 45)
(5, 1, 0, (0, 0, 0), 5): (27, 28)
(5, 1, 0, (0, 0, 0), 6): (22, 22)
(5, 1, 0, (0, 0, 0), 7): (20, 20)
(5, 1, 0, (0, 0, 0), 8): (4, 5)
(5, 1, 0, (0, 0, 0), 9): (3, 3)
(5, 1, 0, (0, 0, 0), 10): (2, 2)
(5, 1, 0, (0, 0, 0), 12): (2, 2)
(5, 1, 0, (0, 0, 1), -4): (0, 2)
(5, 1, 0, (0, 0, 1), -3): (1, 2)
(5, 1, 0, (0, 0, 1), -2): (3, 6)
(5, 1, 0, (0, 0, 1), -1): (1, 3)
(5, 1, 0, (0, 0, 1), 0): (4, 4)
(5, 1, 0, (0, 0, 1), 1): (3, 4)
(5, 1, 0, (0, 0, 1), 2): (3, 3)
(5, 1, 0, (0, 0, 1), 3): (2, 2)
(5, 1, 0, (0, 0, 1), 4): (1, 1)
(5, 1, 0, (0, 0, 1), 5): (3, 3)
(5, 1, 0, (0, 1, 0), -11): (0, 1)
(5, 1, 0, (0, 1, 0), -10): (0, 1)
(5, 1, 0, (0, 1, 0), -7): (0, 2)
(5, 1, 0, (0, 1, 0), -6): (0, 2)
(5, 1, 0, (0, 1, 0), -5): (0, 2)
(5, 1, 0, (0, 1, 0), -4): (0, 4)
(5, 1, 0, (0, 1, 0), -3): (2, 6)
(5, 1, 0, (0, 1, 0), -2): (1, 10)
(5, 1, 0, (0, 1, 0), -1): (2, 3)
(5, 1, 0, (0, 1, 0), 0): (6, 11)
(5, 1, 0, (0, 1, 0), 1): (7, 9)
(5, 1, 0, (0, 1, 0), 2): (5, 5)
(5, 1, 0, (0, 1, 0), 3): (5, 6)
(5, 1, 0, (0, 1, 0), 4): (1, 1)
(5, 1, 0, (0, 1, 0), 5): (3, 3)
(5, 1, 0, (0, 1, 0), 6): (2, 2)
(5, 1, 0, (0, 1, 0), 7): (4, 4)
(5, 1, 0, (0, 1, 0), 12): (1, 1)
(5, 1, 0, (0, 1, 1), -7): (0, 1)
(5, 1, 0, (0, 1, 1), -4): (1, 1)
(5, 1, 0, (0, 1, 1), -3): (1, 2)
(5, 1, 0, (0, 1, 1), -2): (1, 3)
(5, 1, 0, (0, 1, 1), -1): (0, 1)
(5, 1, 0, (0, 1, 1), 0): (4, 4)
(5, 1, 0, (0, 1, 1), 1): (0, 1)
(5, 1, 0, (0, 1, 1), 2): (2, 2)
(5, 1, 0, (0, 1, 1), 3): (1, 1)
(5, 1, 0, (0, 1, 1), 4): (2, 2)
(5, 1, 0, (0, 1, 1), 5): (2, 2)
(5, 1, 0, (0, 1, 1), 6): (2, 2)
(5, 1, 0, (1, 0, 0), -11): (0, 1)
(5, 1, 0, (1, 0, 0), -10): (0, 2)
(5, 1, 0, (1, 0, 0), -9): (0, 4)
(5, 1, 0, (1, 0, 0), -8): (0, 2)
(5, 1, 0, (1, 0, 0), -7): (1, 6)
(5, 1, 0, (1, 0, 0), -6): (0, 8)
(5, 1, 0, (1, 0, 0), -5): (2, 12)
(5, 1, 0, (1, 0, 0), -4): (4, 13)
(5, 1, 0, (1, 0, 0), -3): (9, 20)
(5, 1, 0, (1, 0, 0), -2): (11, 31)
(5, 1, 0, (1, 0, 0), -1): (16, 42)
(5, 1, 0, (1, 0, 0), 0): (34, 55)
(5, 1, 0, (1, 0, 0), 1): (31, 43)
(5, 1, 0, (1, 0, 0), 2): (35, 38)
(5, 1, 0, (1, 0, 0), 3): (17, 17)
(5, 1, 0, (1, 0, 0), 4): (15, 15)
(5, 1, 0, (1, 0, 0), 5): (4, 4)
(5, 1, 0, (1, 0, 0), 6): (9, 9)
(5, 1, 0, (1, 0, 0), 7): (7, 7)
(5, 1, 0, (1, 0, 0), 8): (4, 4)
(5, 1, 0, (1, 0, 0), 9): (1, 1)
(5, 1, 0, (1, 0, 0), 10): (1, 1)
(5, 1, 0, (1, 0, 0), 12): (1, 1)
(5, 1, 0, (1, 0, 1), -5): (1, 1)
(5, 1, 0, (1, 0, 1), -4): (1, 2)
(5, 1, 0, (1, 0, 1), -3): (1, 2)
(5, 1, 0, (1, 0, 1), -2): (1, 3)
(5, 1, 0, (1, 0, 1), -1): (3, 3)
(5, 1, 0, (1, 0, 1), 0): (3, 4)
(5, 1, 0, (1, 0, 1), 1): (5, 5)
(5, 1, 0, (1, 0, 1), 2): (4, 4)
(5, 1, 0, (1, 0, 1), 3): (3, 3)
(5, 1, 0, (1, 0, 1), 4): (1, 1)
(5, 1, 0, (1, 0, 1), 5): (5, 5)
(5, 1, 0, (1, 0, 1), 6): (1, 1)
(5, 1, 0, (1, 0, 1), 7): (1, 1)
(5, 1, 0, (1, 0, 1), 10): (1, 1)
(5, 1, 0, (1, 1, 0), -7): (0, 1)
(5, 1, 0, (1, 1, 0), -6): (0, 3)
(5, 1, 0, (1, 1, 0), -5): (1, 7)
(5, 1, 0, (1, 1, 0), -4): (2, 5)
(5, 1, 0, (1, 1, 0), -3): (2, 5)
(5, 1, 0, (1, 1, 0), -2): (2, 9)
(5, 1, 0, (1, 1, 0), -1): (2, 5)
(5, 1, 0, (1, 1, 0), 0): (9, 15)
(5, 1, 0, (1, 1, 0), 1): (7, 9)
(5, 1, 0, (1, 1, 0), 2): (5, 7)
(5, 1, 0, (1, 1, 0), 3): (3, 3)
(5, 1, 0, (1, 1, 0), 4): (2, 2)
(5, 1, 0, (1, 1, 0), 5): (1, 1)
(5, 1, 0, (1, 1, 0), 6): (3, 3)
(5, 1, 0, (1, 1, 0), 7): (2, 2)
(5, 1, 0, (1, 1, 0), 8): (2, 2)
(5, 1, 0, (1, 1, 0), 9): (1, 1)
(5, 1, 0, (1, 1, 1), -4): (0, 1)
(5, 1, 0, (1, 1, 1), -3): (0, 1)
(5, 1, 0, (1, 1, 1), -2): (2, 4)
(5, 1, 0, (1, 1, 1), -1): (1, 2)
(5, 1, 0, (1, 1, 1), 0): (3, 3)
(5, 1, 0, (1, 1, 1), 1): (3, 4)
(5, 1, 0, (1, 1, 1), 2): (2, 3)
(5, 1, 0, (1, 1, 1), 3): (1, 1)
(5, 1, 0, (1, 1, 1), 4): (1, 1)
(5, 1, 0, (1, 1, 1), 5): (2, 2)
(5, 1, 0, (1, 1, 1), 6): (1, 1)
(5, 1, 1, (0, 0, 0), -13): (0, 1)
(5, 1, 1, (0, 0, 0), -11): (0, 1)
(5, 1, 1, (0, 0, 0), -9): (0, 1)
(5, 1, 1, (0, 0, 0), -8): (0, 5)
(5, 1, 1, (0, 0, 0), -7): (0, 14)
(5, 1, 1, (0, 0, 0), -6): (2, 26)
(5, 1, 1, (0, 0, 0), -5): (3, 28)
(5, 1, 1, (0, 0, 0), -4): (4, 37)
(5, 1, 1, (0, 0, 0), -3): (11, 60)
(5, 1, 1, (0, 0, 0), -2): (19, 87)
(5, 1, 1, (0, 0, 0), -1): (33, 107)
(5, 1, 1, (0, 0, 0), 0): (59, 113)
(5, 1, 1, (0, 0, 0), 1): (61, 93)
(5, 1, 1, (0, 0, 0), 2): (56, 78)
(5, 1, 1, (0, 0, 0), 3): (45, 50)
(5, 1, 1, (0, 0, 0), 4): (32, 33)
(5, 1, 1, (0, 0, 0), 5): (21, 22)
(5, 1, 1, (0, 0, 0), 6): (14, 14)
(5, 1, 1, (0, 0, 0), 7): (10, 10)
(5, 1, 1, (0, 0, 0), 8): (2, 3)
(5, 1, 1, (0, 0, 0), 9): (2, 2)
(5, 1, 1, (0, 0, 0), 10): (1, 1)
(5, 1, 1, (0, 0, 0), 11): (1, 1)
(5, 1, 1, (0, 0, 1), -10): (0, 1)
(5, 1, 1, (0, 0, 1), -6): (0, 2)
(5, 1, 1, (0, 0, 1), -4): (0, 3)
(5, 1, 1, (0, 0, 1), -3): (3, 4)
(5, 1, 1, (0, 0, 1), -2): (1, 6)
(5, 1, 1, (0, 0, 1), -1): (3, 10)
(5, 1, 1, (0, 0, 1), 0): (7, 9)
(5, 1, 1, (0, 0, 1), 1): (9, 10)
(5, 1, 1, (0, 0, 1), 2): (8, 11)
(5, 1, 1, (0, 0, 1), 3): (6, 6)
(5, 1, 1, (0, 0, 1), 4): (2, 2)
(5, 1, 1, (0, 0, 1), 5): (1, 1)
(5, 1, 1, (0, 0, 1), 6): (1, 1)
(5, 1, 1, (0, 0, 1), 7): (1, 1)
(5, 1, 1, (0, 0, 1), 8): (1, 1)
(5, 1, 1, (0, 0, 1), 12): (1, 1)
(5, 1, 1, (0, 1, 0), -11): (0, 1)
(5, 1, 1, (0, 1, 0), -10): (0, 1)
(5, 1, 1, (0, 1, 0), -7): (0, 3)
(5, 1, 1, (0, 1, 0), -6): (0, 1)
(5, 1, 1, (0, 1, 0), -5): (0, 2)
(5, 1, 1, (0, 1, 0), -4): (0, 5)
(5, 1, 1, (0, 1, 0), -3): (1, 7)
(5, 1, 1, (0, 1, 0), -2): (2, 9)
(5, 1, 1, (0, 1, 0), -1): (6, 16)
(5, 1, 1, (0, 1, 0), 0): (11, 18)
(5, 1, 1, (0, 1, 0), 1): (15, 28)
(5, 1, 1, (0, 1, 0), 2): (19, 20)
(5, 1, 1, (0, 1, 0), 3): (14, 16)
(5, 1, 1, (0, 1, 0), 4): (15, 16)
(5, 1, 1, (0, 1, 0), 5): (7, 7)
(5, 1, 1, (0, 1, 0), 6): (3, 3)
(5, 1, 1, (0, 1, 0), 7): (4, 4)
(5, 1, 1, (0, 1, 0), 8): (3, 3)
(5, 1, 1, (0, 1, 0), 9): (1, 1)
(5, 1, 1, (0, 1, 0), 10): (1, 1)
(5, 1, 1, (0, 1, 1), -7): (0, 2)
(5, 1, 1, (0, 1, 1), -6): (0, 2)
(5, 1, 1, (0, 1, 1), -5): (0, 2)
(5, 1, 1, (0, 1, 1), -4): (1, 3)
(5, 1, 1, (0, 1, 1), -3): (2, 3)
(5, 1, 1, (0, 1, 1), -2): (2, 5)
(5, 1, 1, (0, 1, 1), -1): (2, 4)
(5, 1, 1, (0, 1, 1), 0): (4, 8)
(5, 1, 1, (0, 1, 1), 1): (3, 3)
(5, 1, 1, (0, 1, 1), 2): (9, 9)
(5, 1, 1, (0, 1, 1), 3): (2, 2)
(5, 1, 1, (0, 1, 1), 4): (1, 1)
(5, 1, 1, (0, 1, 1), 5): (2, 2)
(5, 1, 1, (0, 1, 1), 6): (3, 3)
(5, 1, 1, (0, 1, 1), 7): (4, 4)
(5, 1, 1, (0, 1, 1), 8): (1, 1)
(5, 1, 1, (0, 1, 1), 9): (1, 1)
(5, 1, 1, (0, 1, 1), 10): (1, 1)
(5, 1, 1, (0, 1, 1), 12): (1, 1)
(5, 1, 1, (1, 0, 0), -10): (0, 2)
(5, 1, 1, (1, 0, 0), -9): (0, 3)
(5, 1, 1, (1, 0, 0), -8): (0, 5)
(5, 1, 1, (1, 0, 0), -7): (1, 6)
(5, 1, 1, (1, 0, 0), -6): (0, 6)
(5, 1, 1, (1, 0, 0), -5): (1, 12)
(5, 1, 1, (1, 0, 0), -4): (0, 16)
(5, 1, 1, (1, 0, 0), -3): (8, 32)
(5, 1, 1, (1, 0, 0), -2): (17, 56)
(5, 1, 1, (1, 0, 0), -1): (19, 45)
(5, 1, 1, (1, 0, 0), 0): (28, 48)
(5, 1, 1, (1, 0, 0), 1): (31, 45)
(5, 1, 1, (1, 0, 0), 2): (44, 48)
(5, 1, 1, (1, 0, 0), 3): (26, 30)
(5, 1, 1, (1, 0, 0), 4): (20, 21)
(5, 1, 1, (1, 0, 0), 5): (10, 11)
(5, 1, 1, (1, 0, 0), 6): (13, 13)
(5, 1, 1, (1, 0, 0), 7): (5, 5)
(5, 1, 1, (1, 0, 0), 8): (3, 4)
(5, 1, 1, (1, 0, 0), 9): (1, 1)
(5, 1, 1, (1, 0, 0), 10): (1, 1)
(5, 1, 1, (1, 0, 0), 12): (2, 2)
(5, 1, 1, (1, 0, 1), -7): (0, 1)
(5, 1, 1, (1, 0, 1), -5): (0, 1)
(5, 1, 1, (1, 0, 1), -4): (0, 2)
(5, 1, 1, (1, 0, 1), -3): (1, 3)
(5, 1, 1, (1, 0, 1), -2): (4, 9)
(5, 1, 1, (1, 0, 1), -1): (10, 12)
(5, 1, 1, (1, 0, 1), 0): (4, 5)
(5, 1, 1, (1, 0, 1), 1): (5, 8)
(5, 1, 1, (1, 0, 1), 2): (9, 9)
(5, 1, 1, (1, 0, 1), 3): (5, 5)
(5, 1, 1, (1, 0, 1), 4): (3, 3)
(5, 1, 1, (1, 0, 1), 5): (1, 1)
(5, 1, 1, (1, 0, 1), 6): (3, 3)
(5, 1, 1, (1, 0, 1), 7): (2, 2)
(5, 1, 1, (1, 0, 1), 8): (3, 3)
(5, 1, 1, (1, 0, 1), 9): (1, 1)
(5, 1, 1, (1, 0, 1), 12): (1, 1)
(5, 1, 1, (1, 1, 0), -10): (0, 1)
(5, 1, 1, (1, 1, 0), -9): (0, 1)
(5, 1, 1, (1, 1, 0), -6): (0, 7)
(5, 1, 1, (1, 1, 0), -5): (0, 6)
(5, 1, 1, (1, 1, 0), -4): (1, 9)
(5, 1, 1, (1, 1, 0), -3): (4, 11)
(5, 1, 1, (1, 1, 0), -2): (4, 15)
(5, 1, 1, (1, 1, 0), -1): (4, 11)
(5, 1, 1, (1, 1, 0), 0): (13, 24)
(5, 1, 1, (1, 1, 0), 1): (6, 9)
(5, 1, 1, (1, 1, 0), 2): (15, 18)
(5, 1, 1, (1, 1, 0), 3): (9, 10)
(5, 1, 1, (1, 1, 0), 4): (8, 8)
(5, 1, 1, (1, 1, 0), 5): (3, 3)
(5, 1, 1, (1, 1, 0), 6): (1, 1)
(5, 1, 1, (1, 1, 0), 8): (3, 3)
(5, 1, 1, (1, 1, 0), 12): (1, 1)
(5, 1, 1, (1, 1, 1), -10): (0, 1)
(5, 1, 1, (1, 1, 1), -6): (0, 2)
(5, 1, 1, (1, 1, 1), -5): (0, 1)
(5, 1, 1, (1, 1, 1), -4): (1, 1)
(5, 1, 1, (1, 1, 1), -3): (1, 3)
(5, 1, 1, (1, 1, 1), -2): (1, 4)
(5, 1, 1, (1, 1, 1), -1): (1, 3)
(5, 1, 1, (1, 1, 1), 0): (3, 4)
(5, 1, 1, (1, 1, 1), 1): (2, 2)
(5, 1, 1, (1, 1, 1), 2): (4, 5)
(5, 1, 1, (1, 1, 1), 3): (4, 4)
(5, 1, 1, (1, 1, 1), 4): (3, 3)
(5, 1, 1, (1, 1, 1), 5): (2, 2)
(5, 1, 1, (1, 1, 1), 6): (2, 2)
(5, 1, 1, (1, 1, 1), 7): (3, 3)
(5, 1, 2, (0, 0, 0), -13): (0, 1)
(5, 1, 2, (0, 0, 0), -11): (0, 2)
(5, 1, 2, (0, 0, 0), -9): (0, 3)
(5, 1, 2, (0, 0, 0), -8): (0, 2)
(5, 1, 2, (0, 0, 0), -7): (0, 10)
(5, 1, 2, (0, 0, 0), -6): (1, 22)
(5, 1, 2, (0, 0, 0), -5): (2, 22)
(5, 1, 2, (0, 0, 0), -4): (5, 26)
(5, 1, 2, (0, 0, 0), -3): (7, 41)
(5, 1, 2, (0, 0, 0), -2): (11, 56)
(5, 1, 2, (0, 0, 0), -1): (18, 80)
(5, 1, 2, (0, 0, 0), 0): (45, 93)
(5, 1, 2, (0, 0, 0), 1): (50, 77)
(5, 1, 2, (0, 0, 0), 2): (35, 57)
(5, 1, 2, (0, 0, 0), 3): (40, 44)
(5, 1, 2, (0, 0, 0), 4): (22, 22)
(5, 1, 2, (0, 0, 0), 5): (17, 17)
(5, 1, 2, (0, 0, 0), 6): (15, 15)
(5, 1, 2, (0, 0, 0), 7): (8, 8)
(5, 1, 2, (0, 0, 0), 8): (4, 4)
(5, 1, 2, (0, 0, 0), 9): (1, 1)
(5, 1, 2, (0, 0, 0), 10): (1, 1)
(5, 1, 2, (0, 0, 0), 11): (2, 2)
(5, 1, 2, (0, 0, 0), 13): (1, 1)
(5, 1, 2, (0, 0, 1), -7): (0, 1)
(5, 1, 2, (0, 0, 1), -6): (0, 1)
(5, 1, 2, (0, 0, 1), -5): (0, 2)
(5, 1, 2, (0, 0, 1), -4): (0, 5)
(5, 1, 2, (0, 0, 1), -3): (1, 3)
(5, 1, 2, (0, 0, 1), -2): (3, 8)
(5, 1, 2, (0, 0, 1), -1): (5, 14)
(5, 1, 2, (0, 0, 1), 0): (6, 13)
(5, 1, 2, (0, 0, 1), 1): (13, 15)
(5, 1, 2, (0, 0, 1), 2): (11, 11)
(5, 1, 2, (0, 0, 1), 3): (4, 4)
(5, 1, 2, (0, 0, 1), 4): (11, 11)
(5, 1, 2, (0, 0, 1), 5): (9, 9)
(5, 1, 2, (0, 0, 1), 6): (2, 2)
(5, 1, 2, (0, 0, 1), 7): (1, 1)
(5, 1, 2, (0, 0, 1), 8): (5, 5)
(5, 1, 2, (0, 0, 1), 9): (2, 2)
(5, 1, 2, (0, 1, 0), -11): (0, 1)
(5, 1, 2, (0, 1, 0), -10): (0, 1)
(5, 1, 2, (0, 1, 0), -8): (0, 1)
(5, 1, 2, (0, 1, 0), -7): (0, 3)
(5, 1, 2, (0, 1, 0), -6): (0, 1)
(5, 1, 2, (0, 1, 0), -5): (1, 6)
(5, 1, 2, (0, 1, 0), -4): (0, 5)
(5, 1, 2, (0, 1, 0), -3): (1, 9)
(5, 1, 2, (0, 1, 0), -2): (7, 17)
(5, 1, 2, (0, 1, 0), -1): (10, 26)
(5, 1, 2, (0, 1, 0), 0): (16, 23)
(5, 1, 2, (0, 1, 0), 1): (23, 37)
(5, 1, 2, (0, 1, 0), 2): (20, 21)
(5, 1, 2, (0, 1, 0), 3): (15, 16)
(5, 1, 2, (0, 1, 0), 4): (12, 13)
(5, 1, 2, (0, 1, 0), 5): (11, 12)
(5, 1, 2, (0, 1, 0), 6): (8, 9)
(5, 1, 2, (0, 1, 0), 7): (6, 6)
(5, 1, 2, (0, 1, 0), 8): (3, 3)
(5, 1, 2, (0, 1, 0), 9): (4, 4)
(5, 1, 2, (0, 1, 0), 10): (3, 3)
(5, 1, 2, (0, 1, 0), 11): (1, 1)
(5, 1, 2, (0, 1, 1), -6): (0, 2)
(5, 1, 2, (0, 1, 1), -5): (0, 3)
(5, 1, 2, (0, 1, 1), -4): (1, 3)
(5, 1, 2, (0, 1, 1), -3): (0, 2)
(5, 1, 2, (0, 1, 1), -2): (1, 6)
(5, 1, 2, (0, 1, 1), -1): (4, 8)
(5, 1, 2, (0, 1, 1), 0): (3, 8)
(5, 1, 2, (0, 1, 1), 1): (4, 6)
(5, 1, 2, (0, 1, 1), 2): (10, 10)
(5, 1, 2, (0, 1, 1), 3): (7, 7)
(5, 1, 2, (0, 1, 1), 4): (4, 4)
(5, 1, 2, (0, 1, 1), 5): (3, 3)
(5, 1, 2, (0, 1, 1), 6): (1, 1)
(5, 1, 2, (0, 1, 1), 7): (2, 2)
(5, 1, 2, (0, 1, 1), 8): (1, 1)
(5, 1, 2, (0, 1, 1), 9): (1, 1)
(5, 1, 2, (0, 1, 1), 10): (1, 1)
(5, 1, 2, (1, 0, 0), -10): (0, 1)
(5, 1, 2, (1, 0, 0), -9): (0, 2)
(5, 1, 2, (1, 0, 0), -8): (0, 3)
(5, 1, 2, (1, 0, 0), -7): (1, 7)
(5, 1, 2, (1, 0, 0), -6): (0, 7)
(5, 1, 2, (1, 0, 0), -5): (1, 7)
(5, 1, 2, (1, 0, 0), -4): (2, 17)
(5, 1, 2, (1, 0, 0), -3): (4, 21)
(5, 1, 2, (1, 0, 0), -2): (13, 33)
(5, 1, 2, (1, 0, 0), -1): (12, 45)
(5, 1, 2, (1, 0, 0), 0): (24, 49)
(5, 1, 2, (1, 0, 0), 1): (34, 53)
(5, 1, 2, (1, 0, 0), 2): (20, 28)
(5, 1, 2, (1, 0, 0), 3): (36, 39)
(5, 1, 2, (1, 0, 0), 4): (18, 18)
(5, 1, 2, (1, 0, 0), 5): (11, 11)
(5, 1, 2, (1, 0, 0), 6): (17, 17)
(5, 1, 2, (1, 0, 0), 7): (7, 8)
(5, 1, 2, (1, 0, 0), 8): (3, 4)
(5, 1, 2, (1, 0, 0), 9): (2, 2)
(5, 1, 2, (1, 0, 0), 10): (1, 1)
(5, 1, 2, (1, 0, 0), 11): (1, 1)
(5, 1, 2, (1, 0, 1), -10): (0, 1)
(5, 1, 2, (1, 0, 1), -9): (0, 1)
(5, 1, 2, (1, 0, 1), -5): (1, 3)
(5, 1, 2, (1, 0, 1), -4): (1, 6)
(5, 1, 2, (1, 0, 1), -3): (3, 10)
(5, 1, 2, (1, 0, 1), -2): (3, 9)
(5, 1, 2, (1, 0, 1), -1): (5, 11)
(5, 1, 2, (1, 0, 1), 0): (7, 10)
(5, 1, 2, (1, 0, 1), 1): (11, 14)
(5, 1, 2, (1, 0, 1), 2): (7, 11)
(5, 1, 2, (1, 0, 1), 3): (11, 11)
(5, 1, 2, (1, 0, 1), 4): (6, 6)
(5, 1, 2, (1, 0, 1), 5): (3, 3)
(5, 1, 2, (1, 0, 1), 6): (1, 1)
(5, 1, 2, (1, 0, 1), 7): (1, 2)
(5, 1, 2, (1, 0, 1), 8): (3, 3)
(5, 1, 2, (1, 0, 1), 9): (1, 1)
(5, 1, 2, (1, 0, 1), 10): (1, 1)
(5, 1, 2, (1, 1, 0), -11): (0, 1)
(5, 1, 2, (1, 1, 0), -9): (0, 1)
(5, 1, 2, (1, 1, 0), -8): (0, 3)
(5, 1, 2, (1, 1, 0), -7): (0, 1)
(5, 1, 2, (1, 1, 0), -6): (0, 4)
(5, 1, 2, (1, 1, 0), -5): (0, 6)
(5, 1, 2, (1, 1, 0), -4): (2, 12)
(5, 1, 2, (1, 1, 0), -3): (2, 10)
(5, 1, 2, (1, 1, 0), -2): (3, 10)
(5, 1, 2, (1, 1, 0), -1): (5, 18)
(5, 1, 2, (1, 1, 0), 0): (14, 22)
(5, 1, 2, (1, 1, 0), 1): (8, 14)
(5, 1, 2, (1, 1, 0), 2): (9, 13)
(5, 1, 2, (1, 1, 0), 3): (14, 14)
(5, 1, 2, (1, 1, 0), 4): (10, 10)
(5, 1, 2, (1, 1, 0), 5): (2, 2)
(5, 1, 2, (1, 1, 0), 6): (9, 9)
(5, 1, 2, (1, 1, 0), 7): (3, 3)
(5, 1, 2, (1, 1, 0), 8): (3, 3)
(5, 1, 2, (1, 1, 0), 9): (3, 3)
(5, 1, 2, (1, 1, 0), 10): (1, 1)
(5, 1, 2, (1, 1, 0), 11): (1, 1)
(5, 1, 2, (1, 1, 1), -11): (0, 1)
(5, 1, 2, (1, 1, 1), -10): (0, 1)
(5, 1, 2, (1, 1, 1), -7): (0, 1)
(5, 1, 2, (1, 1, 1), -6): (0, 3)
(5, 1, 2, (1, 1, 1), -5): (0, 1)
(5, 1, 2, (1, 1, 1), -4): (1, 5)
(5, 1, 2, (1, 1, 1), -3): (1, 4)
(5, 1, 2, (1, 1, 1), -2): (1, 3)
(5, 1, 2, (1, 1, 1), -1): (1, 6)
(5, 1, 2, (1, 1, 1), 0): (5, 8)
(5, 1, 2, (1, 1, 1), 1): (5, 5)
(5, 1, 2, (1, 1, 1), 2): (6, 6)
(5, 1, 2, (1, 1, 1), 3): (4, 4)
(5, 1, 2, (1, 1, 1), 4): (2, 2)
(5, 1, 2, (1, 1, 1), 5): (2, 2)
(5, 1, 2, (1, 1, 1), 6): (1, 1)
(5, 1, 2, (1, 1, 1), 7): (1, 1)
(5, 1, 2, (1, 1, 1), 8): (1, 1)
(6, 0, 0, (0, 0, 0), -13): (0, 1)
(6, 0, 0, (0, 0, 0), -12): (0, 2)
(6, 0, 0, (0, 0, 0), -11): (0, 4)
(6, 0, 0, (0, 0, 0), -10): (0, 3)
(6, 0, 0, (0, 0, 0), -9): (0, 7)
(6, 0, 0, (0, 0, 0), -8): (1, 15)
(6, 0, 0, (0, 0, 0), -7): (1, 21)
(6, 0, 0, (0, 0, 0), -6): (0, 33)
(6, 0, 0, (0, 0, 0), -5): (0, 37)
(6, 0, 0, (0, 0, 0), -4): (2, 52)
(6, 0, 0, (0, 0, 0), -3): (9, 92)
(6, 0, 0, (0, 0, 0), -2): (30, 117)
(6, 0, 0, (0, 0, 0), -1): (57, 144)
(6, 0, 0, (0, 0, 0), 0): (81, 161)
(6, 0, 0, (0, 0, 0), 1): (109, 150)
(6, 0, 0, (0, 0, 0), 2): (94, 118)
(6, 0, 0, (0, 0, 0), 3): (63, 76)
(6, 0, 0, (0, 0, 0), 4): (40, 46)
(6, 0, 0, (0, 0, 0), 5): (36, 38)
(6, 0, 0, (0, 0, 0), 6): (32, 33)
(6, 0, 0, (0, 0, 0), 7): (14, 15)
(6, 0, 0, (0, 0, 0), 8): (9, 9)
(6, 0, 0, (0, 0, 0), 9): (5, 5)
(6, 0, 0, (0, 0, 0), 10): (2, 2)
(6, 0, 0, (0, 0, 0), 11): (2, 2)
(6, 0, 0, (0, 0, 0), 13): (1, 1)
(6, 0, 0, (0, 0, 1), -6): (0, 1)
(6, 0, 0, (0, 0, 1), -2): (0, 1)
(6, 0, 0, (0, 0, 1), -1): (3, 5)
(6, 0, 0, (0, 0, 1), 0): (1, 2)
(6, 0, 0, (0, 0, 1), 1): (2, 4)
(6, 0, 0, (0, 0, 1), 2): (4, 4)
(6, 0, 0, (0, 0, 1), 3): (1, 1)
(6, 0, 0, (0, 0, 1), 5): (1, 1)
(6, 0, 0, (0, 0, 1), 9): (1, 1)
(6, 0, 0, (0, 0, 1), 11): (1, 1)
(6, 0, 0, (0, 1, 0), -9): (0, 2)
(6, 0, 0, (0, 1, 0), -8): (0, 1)
(6, 0, 0, (0, 1, 0), -7): (0, 3)
(6, 0, 0, (0, 1, 0), -6): (0, 2)
(6, 0, 0, (0, 1, 0), -5): (0, 2)
(6, 0, 0, (0, 1, 0), -4): (0, 1)
(6, 0, 0, (0, 1, 0), -3): (0, 1)
(6, 0, 0, (0, 1, 0), -2): (3, 8)
(6, 0, 0, (0, 1, 0), -1): (8, 11)
(6, 0, 0, (0, 1, 0), 0): (10, 12)
(6, 0, 0, (0, 1, 0), 1): (7, 7)
(6, 0, 0, (0, 1, 0), 2): (6, 6)
(6, 0, 0, (0, 1, 0), 3): (4, 6)
(6, 0, 0, (0, 1, 0), 4): (1, 1)
(6, 0, 0, (0, 1, 0), 5): (3, 3)
(6, 0, 0, (0, 1, 0), 6): (3, 3)
(6, 0, 0, (0, 1, 0), 7): (1, 1)
(6, 0, 0, (0, 1, 0), 9): (1, 1)
(6, 0, 0, (0, 1, 0), 10): (1, 1)
(6, 0, 0, (0, 1, 0), 11): (2, 2)
(6, 0, 0, (0, 1, 1), -4): (0, 2)
(6, 0, 0, (0, 1, 1), -3): (0, 1)
(6, 0, 0, (0, 1, 1), -1): (0, 1)
(6, 0, 0, (0, 1, 1), 0): (1, 1)
(6, 0, 0, (0, 1, 1), 1): (2, 3)
(6, 0, 0, (0, 1, 1), 2): (1, 1)
(6, 0, 0, (0, 1, 1), 3): (2, 2)
(6, 0, 0, (0, 1, 1), 4): (1, 1)
(6, 0, 0, (0, 1, 1), 7): (2, 2)
(6, 0, 0, (1, 0, 0), -11): (0, 1)
(6, 0, 0, (1, 0, 0), -10): (0, 1)
(6, 0, 0, (1, 0, 0), -9): (0, 2)
(6, 0, 0, (1, 0, 0), -8): (0, 4)
(6, 0, 0, (1, 0, 0), -7): (0, 6)
(6, 0, 0, (1, 0, 0), -6): (0, 10)
(6, 0, 0, (1, 0, 0), -5): (0, 6)
(6, 0, 0, (1, 0, 0), -4): (0, 14)
(6, 0, 0, (1, 0, 0), -3): (2, 23)
(6, 0, 0, (1, 0, 0), -2): (7, 26)
(6, 0, 0, (1, 0, 0), -1): (13, 32)
(6, 0, 0, (1, 0, 0), 0): (21, 34)
(6, 0, 0, (1, 0, 0), 1): (35, 48)
(6, 0, 0, (1, 0, 0), 2): (29, 35)
(6, 0, 0, (1, 0, 0), 3): (13, 15)
(6, 0, 0, (1, 0, 0), 4): (21, 23)
(6, 0, 0, (1, 0, 0), 5): (5, 5)
(6, 0, 0, (1, 0, 0), 6): (10, 10)
(6, 0, 0, (1, 0, 0), 7): (8, 9)
(6, 0, 0, (1, 0, 0), 8): (1, 1)
(6, 0, 0, (1, 0, 0), 10): (2, 2)
(6, 0, 0, (1, 0, 0), 11): (1, 1)
(6, 0, 0, (1, 0, 1), -9): (0, 1)
(6, 0, 0, (1, 0, 1), -8): (0, 1)
(6, 0, 0, (1, 0, 1), -5): (0, 1)
(6, 0, 0, (1, 0, 1), -2): (4, 6)
(6, 0, 0, (1, 0, 1), -1): (2, 3)
(6, 0, 0, (1, 0, 1), 0): (1, 2)
(6, 0, 0, (1, 0, 1), 1): (3, 3)
(6, 0, 0, (1, 0, 1), 2): (1, 3)
(6, 0, 0, (1, 0, 1), 3): (3, 3)
(6, 0, 0, (1, 0, 1), 4): (1, 1)
(6, 0, 0, (1, 0, 1), 6): (1, 1)
(6, 0, 0, (1, 0, 1), 7): (2, 2)
(6, 0, 0, (1, 1, 0), -9): (0, 1)
(6, 0, 0, (1, 1, 0), -8): (0, 1)
(6, 0, 0, (1, 1, 0), -7): (0, 1)
(6, 0, 0, (1, 1, 0), -6): (0, 2)
(6, 0, 0, (1, 1, 0), -5): (0, 1)
(6, 0, 0, (1, 1, 0), -4): (0, 4)
(6, 0, 0, (1, 1, 0), -3): (0, 7)
(6, 0, 0, (1, 1, 0), -2): (1, 2)
(6, 0, 0, (1, 1, 0), -1): (2, 4)
(6, 0, 0, (1, 1, 0), 0): (2, 5)
(6, 0, 0, (1, 1, 0), 1): (4, 5)
(6, 0, 0, (1, 1, 0), 2): (3, 4)
(6, 0, 0, (1, 1, 0), 3): (1, 1)
(6, 0, 0, (1, 1, 0), 4): (4, 4)
(6, 0, 0, (1, 1, 0), 5): (1, 1)
(6, 0, 0, (1, 1, 0), 6): (2, 2)
(6, 0, 0, (1, 1, 0), 7): (2, 2)
(6, 0, 0, (1, 1, 0), 8): (1, 1)
(6, 0, 0, (1, 1, 0), 9): (1, 1)
(6, 0, 0, (1, 1, 0), 10): (1, 1)
(6, 0, 0, (1, 1, 1), -3): (0, 1)
(6, 0, 0, (1, 1, 1), -2): (0, 3)
(6, 0, 0, (1, 1, 1), -1): (1, 2)
(6, 0, 0, (1, 1, 1), 0): (2, 4)
(6, 0, 0, (1, 1, 1), 1): (1, 1)
(6, 0, 0, (1, 1, 1), 2): (1, 2)
(6, 0, 0, (1, 1, 1), 3): (1, 1)
(6, 0, 0, (1, 1, 1), 7): (1, 1)
(6, 0, 0, (1, 1, 1), 8): (1, 1)
(6, 0, 1, (0, 0, 0), -13): (0, 1)
(6, 0, 1, (0, 0, 0), -12): (0, 2)
(6, 0, 1, (0, 0, 0), -11): (0, 3)
(6, 0, 1, (0, 0, 0), -10): (0, 2)
(6, 0, 1, (0, 0, 0), -9): (0, 3)
(6, 0, 1, (0, 0, 0), -8): (1, 10)
(6, 0, 1, (0, 0, 0), -7): (1, 12)
(6, 0, 1, (0, 0, 0), -6): (0, 19)
(6, 0, 1, (0, 0, 0), -5): (0, 31)
(6, 0, 1, (0, 0, 0), -4): (2, 38)
(6, 0, 1, (0, 0, 0), -3): (6, 63)
(6, 0, 1, (0, 0, 0), -2): (20, 85)
(6, 0, 1, (0, 0, 0), -1): (33, 98)
(6, 0, 1, (0, 0, 0), 0): (55, 120)
(6, 0, 1, (0, 0, 0), 1): (71, 99)
(6, 0, 1, (0, 0, 0), 2): (67, 85)
(6, 0, 1, (0, 0, 0), 3): (50, 60)
(6, 0, 1, (0, 0, 0), 4): (24, 28)
(6, 0, 1, (0, 0, 0), 5): (28, 30)
(6, 0, 1, (0, 0, 0), 6): (22, 23)
(6, 0, 1, (0, 0, 0), 7): (8, 8)
(6, 0, 1, (0, 0, 0), 8): (8, 8)
(6, 0, 1, (0, 0, 0), 9): (4, 4)
(6, 0, 1, (0, 0, 0), 10): (2, 2)
(6, 0, 1, (0, 0, 0), 12): (1, 1)
(6, 0, 1, (0, 0, 0), 13): (1, 1)
(6, 0, 1, (0, 0, 0), 14): (1, 1)
(6, 0, 1, (0, 0, 1), -6): (0, 1)
(6, 0, 1, (0, 0, 1), -2): (0, 2)
(6, 0, 1, (0, 0, 1), -1): (6, 9)
(6, 0, 1, (0, 0, 1), 0): (7, 10)
(6, 0, 1, (0, 0, 1), 1): (8, 11)
(6, 0, 1, (0, 0, 1), 2): (13, 13)
(6, 0, 1, (0, 0, 1), 3): (6, 7)
(6, 0, 1, (0, 0, 1), 4): (2, 3)
(6, 0, 1, (0, 0, 1), 5): (5, 5)
(6, 0, 1, (0, 0, 1), 6): (3, 3)
(6, 0, 1, (0, 0, 1), 7): (2, 2)
(6, 0, 1, (0, 0, 1), 8): (1, 1)
(6, 0, 1, (0, 0, 1), 11): (1, 1)
(6, 0, 1, (0, 1, 0), -9): (0, 1)
(6, 0, 1, (0, 1, 0), -7): (0, 3)
(6, 0, 1, (0, 1, 0), -6): (0, 6)
(6, 0, 1, (0, 1, 0), -5): (0, 4)
(6, 0, 1, (0, 1, 0), -4): (1, 2)
(6, 0, 1, (0, 1, 0), -3): (0, 5)
(6, 0, 1, (0, 1, 0), -2): (3, 12)
(6, 0, 1, (0, 1, 0), -1): (11, 18)
(6, 0, 1, (0, 1, 0), 0): (16, 25)
(6, 0, 1, (0, 1, 0), 1): (19, 27)
(6, 0, 1, (0, 1, 0), 2): (16, 21)
(6, 0, 1, (0, 1, 0), 3): (9, 9)
(6, 0, 1, (0, 1, 0), 4): (14, 16)
(6, 0, 1, (0, 1, 0), 5): (8, 8)
(6, 0, 1, (0, 1, 0), 6): (8, 8)
(6, 0, 1, (0, 1, 0), 7): (5, 6)
(6, 0, 1, (0, 1, 0), 8): (2, 2)
(6, 0, 1, (0, 1, 0), 9): (2, 2)
(6, 0, 1, (0, 1, 0), 10): (3, 3)
(6, 0, 1, (0, 1, 0), 11): (2, 2)
(6, 0, 1, (0, 1, 0), 12): (1, 1)
(6, 0, 1, (0, 1, 1), -6): (0, 2)
(6, 0, 1, (0, 1, 1), -5): (0, 1)
(6, 0, 1, (0, 1, 1), -4): (0, 3)
(6, 0, 1, (0, 1, 1), -3): (0, 1)
(6, 0, 1, (0, 1, 1), -2): (2, 4)
(6, 0, 1, (0, 1, 1), -1): (1, 4)
(6, 0, 1, (0, 1, 1), 0): (1, 1)
(6, 0, 1, (0, 1, 1), 1): (4, 5)
(6, 0, 1, (0, 1, 1), 2): (1, 2)
(6, 0, 1, (0, 1, 1), 3): (4, 4)
(6, 0, 1, (0, 1, 1), 4): (5, 5)
(6, 0, 1, (0, 1, 1), 5): (3, 3)
(6, 0, 1, (0, 1, 1), 6): (1, 1)
(6, 0, 1, (0, 1, 1), 7): (2, 2)
(6, 0, 1, (0, 1, 1), 8): (1, 1)
(6, 0, 1, (0, 1, 1), 9): (1, 1)
(6, 0, 1, (0, 1, 1), 10): (2, 2)
(6, 0, 1, (1, 0, 0), -12): (0, 1)
(6, 0, 1, (1, 0, 0), -11): (0, 3)
(6, 0, 1, (1, 0, 0), -10): (0, 2)
(6, 0, 1, (1, 0, 0), -8): (1, 9)
(6, 0, 1, (1, 0, 0), -7): (0, 9)
(6, 0, 1, (1, 0, 0), -6): (0, 10)
(6, 0, 1, (1, 0, 0), -5): (0, 11)
(6, 0, 1, (1, 0, 0), -4): (1, 17)
(6, 0, 1, (1, 0, 0), -3): (4, 35)
(6, 0, 1, (1, 0, 0), -2): (10, 42)
(6, 0, 1, (1, 0, 0), -1): (23, 55)
(6, 0, 1, (1, 0, 0), 0): (31, 50)
(6, 0, 1, (1, 0, 0), 1): (38, 49)
(6, 0, 1, (1, 0, 0), 2): (36, 44)
(6, 0, 1, (1, 0, 0), 3): (21, 25)
(6, 0, 1, (1, 0, 0), 4): (16, 18)
(6, 0, 1, (1, 0, 0), 5): (11, 13)
(6, 0, 1, (1, 0, 0), 6): (14, 15)
(6, 0, 1, (1, 0, 0), 7): (7, 7)
(6, 0, 1, (1, 0, 0), 8): (4, 4)
(6, 0, 1, (1, 0, 0), 9): (3, 3)
(6, 0, 1, (1, 0, 0), 11): (1, 1)
(6, 0, 1, (1, 0, 0), 12): (1, 1)
(6, 0, 1, (1, 0, 1), -10): (0, 1)
(6, 0, 1, (1, 0, 1), -9): (0, 1)
(6, 0, 1, (1, 0, 1), -8): (0, 1)
(6, 0, 1, (1, 0, 1), -6): (0, 1)
(6, 0, 1, (1, 0, 1), -3): (0, 4)
(6, 0, 1, (1, 0, 1), -2): (3, 4)
(6, 0, 1, (1, 0, 1), -1): (6, 10)
(6, 0, 1, (1, 0, 1), 0): (4, 6)
(6, 0, 1, (1, 0, 1), 1): (4, 5)
(6, 0, 1, (1, 0, 1), 2): (6, 6)
(6, 0, 1, (1, 0, 1), 3): (3, 3)
(6, 0, 1, (1, 0, 1), 4): (9, 11)
(6, 0, 1, (1, 0, 1), 5): (6, 6)
(6, 0, 1, (1, 0, 1), 6): (4, 5)
(6, 0, 1, (1, 0, 1), 7): (4, 4)
(6, 0, 1, (1, 0, 1), 8): (2, 2)
(6, 0, 1, (1, 0, 1), 9): (1, 1)
(6, 0, 1, (1, 0, 1), 11): (1, 1)
(6, 0, 1, (1, 1, 0), -10): (0, 1)
(6, 0, 1, (1, 1, 0), -8): (0, 3)
(6, 0, 1, (1, 1, 0), -7): (0, 4)
(6, 0, 1, (1, 1, 0), -5): (0, 3)
(6, 0, 1, (1, 1, 0), -4): (0, 2)
(6, 0, 1, (1, 1, 0), -3): (2, 11)
(6, 0, 1, (1, 1, 0), -2): (0, 5)
(6, 0, 1, (1, 1, 0), -1): (8, 11)
(6, 0, 1, (1, 1, 0), 0): (8, 14)
(6, 0, 1, (1, 1, 0), 1): (10, 16)
(6, 0, 1, (1, 1, 0), 2): (12, 14)
(6, 0, 1, (1, 1, 0), 3): (5, 5)
(6, 0, 1, (1, 1, 0), 4): (4, 4)
(6, 0, 1, (1, 1, 0), 5): (2, 2)
(6, 0, 1, (1, 1, 0), 6): (3, 3)
(6, 0, 1, (1, 1, 0), 7): (7, 7)
(6, 0, 1, (1, 1, 0), 8): (1, 1)
(6, 0, 1, (1, 1, 0), 9): (1, 1)
(6, 0, 1, (1, 1, 0), 10): (1, 1)
(6, 0, 1, (1, 1, 1), -5): (0, 1)
(6, 0, 1, (1, 1, 1), -4): (0, 1)
(6, 0, 1, (1, 1, 1), -3): (1, 1)
(6, 0, 1, (1, 1, 1), -2): (2, 3)
(6, 0, 1, (1, 1, 1), -1): (1, 2)
(6, 0, 1, (1, 1, 1), 0): (3, 6)
(6, 0, 1, (1, 1, 1), 1): (5, 6)
(6, 0, 1, (1, 1, 1), 2): (2, 3)
(6, 0, 1, (1, 1, 1), 4): (3, 3)
(6, 0, 1, (1, 1, 1), 5): (1, 1)
(6, 0, 1, (1, 1, 1), 6): (1, 1)
(6, 0, 1, (1, 1, 1), 7): (1, 1)
(6, 0, 1, (1, 1, 1), 10): (1, 1)
(6, 0, 2, (0, 0, 0), -13): (0, 1)
(6, 0, 2, (0, 0, 0), -12): (0, 1)
(6, 0, 2, (0, 0, 0), -11): (0, 1)
(6, 0, 2, (0, 0, 0), -10): (0, 1)
(6, 0, 2, (0, 0, 0), -9): (0, 5)
(6, 0, 2, (0, 0, 0), -8): (0, 5)
(6, 0, 2, (0, 0, 0), -7): (1, 8)
(6, 0, 2, (0, 0, 0), -6): (0, 16)
(6, 0, 2, (0, 0, 0), -5): (0, 23)
(6, 0, 2, (0, 0, 0), -4): (0, 28)
(6, 0, 2, (0, 0, 0), -3): (2, 41)
(6, 0, 2, (0, 0, 0), -2): (12, 57)
(6, 0, 2, (0, 0, 0), -1): (13, 61)
(6, 0, 2, (0, 0, 0), 0): (34, 83)
(6, 0, 2, (0, 0, 0), 1): (51, 76)
(6, 0, 2, (0, 0, 0), 2): (50, 62)
(6, 0, 2, (0, 0, 0), 3): (43, 52)
(6, 0, 2, (0, 0, 0), 4): (20, 24)
(6, 0, 2, (0, 0, 0), 5): (17, 19)
(6, 0, 2, (0, 0, 0), 6): (16, 16)
(6, 0, 2, (0, 0, 0), 7): (3, 3)
(6, 0, 2, (0, 0, 0), 8): (7, 7)
(6, 0, 2, (0, 0, 0), 9): (4, 4)
(6, 0, 2, (0, 0, 0), 10): (2, 2)
(6, 0, 2, (0, 0, 0), 11): (1, 1)
(6, 0, 2, (0, 0, 0), 12): (1, 1)
(6, 0, 2, (0, 0, 0), 14): (1, 1)
(6, 0, 2, (0, 0, 1), -6): (0, 1)
(6, 0, 2, (0, 0, 1), -5): (0, 1)
(6, 0, 2, (0, 0, 1), -3): (0, 2)
(6, 0, 2, (0, 0, 1), -2): (1, 6)
(6, 0, 2, (0, 0, 1), -1): (5, 14)
(6, 0, 2, (0, 0, 1), 0): (4, 12)
(6, 0, 2, (0, 0, 1), 1): (4, 7)
(6, 0, 2, (0, 0, 1), 2): (8, 8)
(6, 0, 2, (0, 0, 1), 3): (7, 10)
(6, 0, 2, (0, 0, 1), 4): (4, 5)
(6, 0, 2, (0, 0, 1), 5): (6, 7)
(6, 0, 2, (0, 0, 1), 6): (5, 5)
(6, 0, 2, (0, 0, 1), 7): (1, 2)
(6, 0, 2, (0, 0, 1), 8): (3, 3)
(6, 0, 2, (0, 0, 1), 9): (1, 1)
(6, 0, 2, (0, 0, 1), 11): (1, 1)
(6, 0, 2, (0, 1, 0), -13): (0, 1)
(6, 0, 2, (0, 1, 0), -7): (0, 3)
(6, 0, 2, (0, 1, 0), -6): (0, 6)
(6, 0, 2, (0, 1, 0), -5): (0, 4)
(6, 0, 2, (0, 1, 0), -4): (1, 8)
(6, 0, 2, (0, 1, 0), -3): (1, 16)
(6, 0, 2, (0, 1, 0), -2): (1, 17)
(6, 0, 2, (0, 1, 0), -1): (13, 32)
(6, 0, 2, (0, 1, 0), 0): (14, 26)
(6, 0, 2, (0, 1, 0), 1): (21, 34)
(6, 0, 2, (0, 1, 0), 2): (18, 26)
(6, 0, 2, (0, 1, 0), 3): (18, 20)
(6, 0, 2, (0, 1, 0), 4): (16, 20)
(6, 0, 2, (0, 1, 0), 5): (9, 10)
(6, 0, 2, (0, 1, 0), 6): (11, 11)
(6, 0, 2, (0, 1, 0), 7): (3, 3)
(6, 0, 2, (0, 1, 0), 8): (3, 3)
(6, 0, 2, (0, 1, 0), 10): (2, 2)
(6, 0, 2, (0, 1, 0), 12): (2, 2)
(6, 0, 2, (0, 1, 1), -7): (0, 1)
(6, 0, 2, (0, 1, 1), -6): (0, 2)
(6, 0, 2, (0, 1, 1), -5): (0, 1)
(6, 0, 2, (0, 1, 1), -4): (0, 5)
(6, 0, 2, (0, 1, 1), -3): (0, 2)
(6, 0, 2, (0, 1, 1), -2): (0, 2)
(6, 0, 2, (0, 1, 1), -1): (1, 6)
(6, 0, 2, (0, 1, 1), 0): (2, 3)
(6, 0, 2, (0, 1, 1), 1): (4, 5)
(6, 0, 2, (0, 1, 1), 2): (3, 4)
(6, 0, 2, (0, 1, 1), 3): (3, 3)
(6, 0, 2, (0, 1, 1), 4): (2, 3)
(6, 0, 2, (0, 1, 1), 6): (2, 2)
(6, 0, 2, (0, 1, 1), 7): (2, 2)
(6, 0, 2, (0, 1, 1), 10): (1, 1)
(6, 0, 2, (0, 1, 1), 11): (1, 1)
(6, 0, 2, (0, 1, 1), 13): (1, 1)
(6, 0, 2, (1, 0, 0), -12): (0, 1)
(6, 0, 2, (1, 0, 0), -11): (0, 4)
(6, 0, 2, (1, 0, 0), -9): (0, 1)
(6, 0, 2, (1, 0, 0), -8): (1, 7)
(6, 0, 2, (1, 0, 0), -7): (0, 7)
(6, 0, 2, (1, 0, 0), -6): (0, 11)
(6, 0, 2, (1, 0, 0), -5): (0, 15)
(6, 0, 2, (1, 0, 0), -4): (1, 26)
(6, 0, 2, (1, 0, 0), -3): (2, 28)
(6, 0, 2, (1, 0, 0), -2): (8, 44)
(6, 0, 2, (1, 0, 0), -1): (17, 47)
(6, 0, 2, (1, 0, 0), 0): (33, 65)
(6, 0, 2, (1, 0, 0), 1): (39, 56)
(6, 0, 2, (1, 0, 0), 2): (26, 35)
(6, 0, 2, (1, 0, 0), 3): (23, 27)
(6, 0, 2, (1, 0, 0), 4): (13, 16)
(6, 0, 2, (1, 0, 0), 5): (22, 23)
(6, 0, 2, (1, 0, 0), 6): (10, 11)
(6, 0, 2, (1, 0, 0), 7): (6, 7)
(6, 0, 2, (1, 0, 0), 8): (4, 5)
(6, 0, 2, (1, 0, 0), 9): (5, 5)
(6, 0, 2, (1, 0, 0), 10): (2, 2)
(6, 0, 2, (1, 0, 0), 11): (2, 2)
(6, 0, 2, (1, 0, 0), 12): (1, 1)
(6, 0, 2, (1, 0, 0), 13): (1, 1)
(6, 0, 2, (1, 0, 1), -11): (0, 1)
(6, 0, 2, (1, 0, 1), -10): (0, 1)
(6, 0, 2, (1, 0, 1), -9): (0, 1)
(6, 0, 2, (1, 0, 1), -7): (0, 2)
(6, 0, 2, (1, 0, 1), -6): (0, 2)
(6, 0, 2, (1, 0, 1), -5): (0, 1)
(6, 0, 2, (1, 0, 1), -4): (0, 1)
(6, 0, 2, (1, 0, 1), -3): (0, 7)
(6, 0, 2, (1, 0, 1), -2): (1, 5)
(6, 0, 2, (1, 0, 1), -1): (2, 8)
(6, 0, 2, (1, 0, 1), 0): (4, 6)
(6, 0, 2, (1, 0, 1), 1): (8, 11)
(6, 0, 2, (1, 0, 1), 2): (6, 9)
(6, 0, 2, (1, 0, 1), 3): (4, 4)
(6, 0, 2, (1, 0, 1), 4): (3, 5)
(6, 0, 2, (1, 0, 1), 5): (4, 4)
(6, 0, 2, (1, 0, 1), 6): (3, 3)
(6, 0, 2, (1, 0, 1), 7): (2, 2)
(6, 0, 2, (1, 0, 1), 8): (1, 1)
(6, 0, 2, (1, 0, 1), 9): (2, 2)
(6, 0, 2, (1, 0, 1), 10): (1, 1)
(6, 0, 2, (1, 0, 1), 11): (2, 2)
(6, 0, 2, (1, 1, 0), -10): (0, 1)
(6, 0, 2, (1, 1, 0), -8): (0, 1)
(6, 0, 2, (1, 1, 0), -7): (0, 2)
(6, 0, 2, (1, 1, 0), -6): (0, 2)
(6, 0, 2, (1, 1, 0), -5): (0, 4)
(6, 0, 2, (1, 1, 0), -4): (0, 8)
(6, 0, 2, (1, 1, 0), -3): (1, 10)
(6, 0, 2, (1, 1, 0), -2): (1, 10)
(6, 0, 2, (1, 1, 0), -1): (6, 12)
(6, 0, 2, (1, 1, 0), 0): (13, 21)
(6, 0, 2, (1, 1, 0), 1): (18, 27)
(6, 0, 2, (1, 1, 0), 2): (17, 21)
(6, 0, 2, (1, 1, 0), 3): (12, 13)
(6, 0, 2, (1, 1, 0), 4): (6, 8)
(6, 0, 2, (1, 1, 0), 5): (4, 5)
(6, 0, 2, (1, 1, 0), 6): (4, 4)
(6, 0, 2, (1, 1, 0), 7): (4, 4)
(6, 0, 2, (1, 1, 0), 8): (3, 4)
(6, 0, 2, (1, 1, 0), 9): (1, 1)
(6, 0, 2, (1, 1, 0), 12): (2, 2)
(6, 0, 2, (1, 1, 1), -4): (0, 2)
(6, 0, 2, (1, 1, 1), -3): (1, 3)
(6, 0, 2, (1, 1, 1), -2): (1, 3)
(6, 0, 2, (1, 1, 1), -1): (1, 4)
(6, 0, 2, (1, 1, 1), 0): (1, 4)
(6, 0, 2, (1, 1, 1), 1): (5, 5)
(6, 0, 2, (1, 1, 1), 2): (2, 2)
(6, 0, 2, (1, 1, 1), 3): (1, 1)
(6, 0, 2, (1, 1, 1), 4): (1, 1)
(6, 0, 2, (1, 1, 1), 5): (1, 1)
(6, 0, 2, (1, 1, 1), 6): (4, 4)
(6, 1, 0, (0, 0, 0), -14): (0, 1)
(6, 1, 0, (0, 0, 0), -13): (0, 2)
(6, 1, 0, (0, 0, 0), -12): (0, 3)
(6, 1, 0, (0, 0, 0), -11): (0, 4)
(6, 1, 0, (0, 0, 0), -10): (0, 4)
(6, 1, 0, (0, 0, 0), -9): (0, 10)
(6, 1, 0, (0, 0, 0), -8): (1, 14)
(6, 1, 0, (0, 0, 0), -7): (1, 17)
(6, 1, 0, (0, 0, 0), -6): (1, 39)
(6, 1, 0, (0, 0, 0), -5): (5, 47)
(6, 1, 0, (0, 0, 0), -4): (9, 56)
(6, 1, 0, (0, 0, 0), -3): (15, 94)
(6, 1, 0, (0, 0, 0), -2): (27, 122)
(6, 1, 0, (0, 0, 0), -1): (48, 140)
(6, 1, 0, (0, 0, 0), 0): (83, 149)
(6, 1, 0, (0, 0, 0), 1): (90, 122)
(6, 1, 0, (0, 0, 0), 2): (87, 106)
(6, 1, 0, (0, 0, 0), 3): (75, 79)
(6, 1, 0, (0, 0, 0), 4): (48, 50)
(6, 1, 0, (0, 0, 0), 5): (37, 37)
(6, 1, 0, (0, 0, 0), 6): (27, 27)
(6, 1, 0, (0, 0, 0), 7): (17, 18)
(6, 1, 0, (0, 0, 0), 8): (12, 13)
(6, 1, 0, (0, 0, 0), 9): (6, 6)
(6, 1, 0, (0, 0, 0), 10): (2, 2)
(6, 1, 0, (0, 0, 0), 11): (4, 4)
(6, 1, 0, (0, 0, 0), 12): (2, 2)
(6, 1, 0, (0, 0, 0), 13): (1, 1)
(6, 1, 0, (0, 0, 1), -7): (0, 1)
(6, 1, 0, (0, 0, 1), -6): (0, 1)
(6, 1, 0, (0, 0, 1), -3): (0, 1)
(6, 1, 0, (0, 0, 1), -2): (0, 1)
(6, 1, 0, (0, 0, 1), -1): (2, 3)
(6, 1, 0, (0, 0, 1), 0): (3, 3)
(6, 1, 0, (0, 0, 1), 1): (4, 4)
(6, 1, 0, (0, 0, 1), 2): (6, 7)
(6, 1, 0, (0, 0, 1), 3): (2, 2)
(6, 1, 0, (0, 0, 1), 4): (2, 2)
(6, 1, 0, (0, 0, 1), 5): (2, 2)
(6, 1, 0, (0, 0, 1), 7): (2, 2)
(6, 1, 0, (0, 1, 0), -7): (0, 1)
(6, 1, 0, (0, 1, 0), -6): (0, 3)
(6, 1, 0, (0, 1, 0), -5): (0, 4)
(6, 1, 0, (0, 1, 0), -4): (1, 5)
(6, 1, 0, (0, 1, 0), -3): (2, 8)
(6, 1, 0, (0, 1, 0), -2): (2, 7)
(6, 1, 0, (0, 1, 0), -1): (2, 7)
(6, 1, 0, (0, 1, 0), 0): (7, 11)
(6, 1, 0, (0, 1, 0), 1): (4, 7)
(6, 1, 0, (0, 1, 0), 2): (3, 3)
(6, 1, 0, (0, 1, 0), 3): (8, 9)
(6, 1, 0, (0, 1, 0), 4): (3, 3)
(6, 1, 0, (0, 1, 0), 5): (1, 1)
(6, 1, 0, (0, 1, 0), 6): (2, 2)
(6, 1, 0, (0, 1, 0), 7): (4, 4)
(6, 1, 0, (0, 1, 0), 8): (3, 3)
(6, 1, 0, (0, 1, 0), 9): (1, 1)
(6, 1, 0, (0, 1, 1), -5): (0, 2)
(6, 1, 0, (0, 1, 1), -4): (1, 2)
(6, 1, 0, (0, 1, 1), -3): (0, 1)
(6, 1, 0, (0, 1, 1), -2): (0, 1)
(6, 1, 0, (0, 1, 1), -1): (0, 2)
(6, 1, 0, (0, 1, 1), 0): (1, 2)
(6, 1, 0, (0, 1, 1), 1): (2, 2)
(6, 1, 0, (0, 1, 1), 2): (1, 1)
(6, 1, 0, (0, 1, 1), 7): (1, 1)
(6, 1, 0, (0, 1, 1), 10): (1, 1)
(6, 1, 0, (0, 1, 1), 11): (1, 1)
(6, 1, 0, (1, 0, 0), -12): (0, 1)
(6, 1, 0, (1, 0, 0), -11): (0, 2)
(6, 1, 0, (1, 0, 0), -10): (0, 1)
(6, 1, 0, (1, 0, 0), -9): (0, 2)
(6, 1, 0, (1, 0, 0), -8): (0, 7)
(6, 1, 0, (1, 0, 0), -7): (0, 2)
(6, 1, 0, (1, 0, 0), -6): (0, 12)
(6, 1, 0, (1, 0, 0), -5): (3, 12)
(6, 1, 0, (1, 0, 0), -4): (1, 14)
(6, 1, 0, (1, 0, 0), -3): (5, 26)
(6, 1, 0, (1, 0, 0), -2): (12, 37)
(6, 1, 0, (1, 0, 0), -1): (11, 32)
(6, 1, 0, (1, 0, 0), 0): (23, 43)
(6, 1, 0, (1, 0, 0), 1): (32, 39)
(6, 1, 0, (1, 0, 0), 2): (18, 22)
(6, 1, 0, (1, 0, 0), 3): (23, 24)
(6, 1, 0, (1, 0, 0), 4): (16, 17)
(6, 1, 0, (1, 0, 0), 5): (10, 10)
(6, 1, 0, (1, 0, 0), 6): (10, 10)
(6, 1, 0, (1, 0, 0), 7): (3, 3)
(6, 1, 0, (1, 0, 0), 8): (6, 7)
(6, 1, 0, (1, 0, 0), 9): (3, 3)
(6, 1, 0, (1, 0, 0), 11): (2, 2)
(6, 1, 0, (1, 0, 0), 12): (1, 1)
(6, 1, 0, (1, 0, 0), 13): (1, 1)
(6, 1, 0, (1, 0, 1), -7): (0, 1)
(6, 1, 0, (1, 0, 1), -5): (0, 3)
(6, 1, 0, (1, 0, 1), -4): (0, 1)
(6, 1, 0, (1, 0, 1), -3): (0, 3)
(6, 1, 0, (1, 0, 1), -2): (2, 3)
(6, 1, 0, (1, 0, 1), -1): (3, 4)
(6, 1, 0, (1, 0, 1), 0): (6, 7)
(6, 1, 0, (1, 0, 1), 1): (4, 4)
(6, 1, 0, (1, 0, 1), 2): (2, 2)
(6, 1, 0, (1, 0, 1), 3): (1, 1)
(6, 1, 0, (1, 0, 1), 4): (1, 1)
(6, 1, 0, (1, 0, 1), 5): (1, 1)
(6, 1, 0, (1, 0, 1), 8): (1, 1)
(6, 1, 0, (1, 0, 1), 9): (2, 2)
(6, 1, 0, (1, 0, 1), 10): (1, 1)
(6, 1, 0, (1, 1, 0), -8): (0, 2)
(6, 1, 0, (1, 1, 0), -6): (0, 2)
(6, 1, 0, (1, 1, 0), -5): (2, 3)
(6, 1, 0, (1, 1, 0), -4): (1, 4)
(6, 1, 0, (1, 1, 0), -3): (3, 6)
(6, 1, 0, (1, 1, 0), -2): (5, 12)
(6, 1, 0, (1, 1, 0), -1): (3, 3)
(6, 1, 0, (1, 1, 0), 0): (3, 5)
(6, 1, 0, (1, 1, 0), 1): (9, 11)
(6, 1, 0, (1, 1, 0), 2): (6, 7)
(6, 1, 0, (1, 1, 0), 3): (8, 8)
(6, 1, 0, (1, 1, 0), 4): (5, 5)
(6, 1, 0, (1, 1, 0), 5): (1, 1)
(6, 1, 0, (1, 1, 0), 6): (2, 2)
(6, 1, 0, (1, 1, 0), 8): (3, 3)
(6, 1, 0, (1, 1, 0), 9): (1, 1)
(6, 1, 0, (1, 1, 0), 11): (1, 1)
(6, 1, 0, (1, 1, 0), 12): (1, 1)
(6, 1, 0, (1, 1, 1), -8): (0, 1)
(6, 1, 0, (1, 1, 1), -5): (1, 1)
(6, 1, 0, (1, 1, 1), -4): (2, 2)
(6, 1, 0, (1, 1, 1), -3): (1, 2)
(6, 1, 0, (1, 1, 1), -2): (2, 5)
(6, 1, 0, (1, 1, 1), -1): (1, 2)
(6, 1, 0, (1, 1, 1), 0): (1, 3)
(6, 1, 0, (1, 1, 1), 1): (3, 3)
(6, 1, 0, (1, 1, 1), 2): (2, 2)
(6, 1, 0, (1, 1, 1), 3): (3, 3)
(6, 1, 0, (1, 1, 1), 4): (1, 1)
(6, 1, 0, (1, 1, 1), 5): (2, 2)
(6, 1, 0, (1, 1, 1), 6): (3, 3)
(6, 1, 0, (1, 1, 1), 7): (1, 1)
(6, 1, 0, (1, 1, 1), 8): (2, 2)
(6, 1, 0, (1, 1, 1), 11): (1, 1)
(6, 1, 0, (1, 1, 1), 12): (1, 1)
(6, 1, 1, (0, 0, 0), -14): (0, 1)
(6, 1, 1, (0, 0, 0), -13): (0, 2)
(6, 1, 1, (0, 0, 0), -12): (0, 3)
(6, 1, 1, (0, 0, 0), -11): (0, 2)
(6, 1, 1, (0, 0, 0), -10): (0, 3)
(6, 1, 1, (0, 0, 0), -9): (0, 8)
(6, 1, 1, (0, 0, 0), -8): (1, 7)
(6, 1, 1, (0, 0, 0), -7): (1, 13)
(6, 1, 1, (0, 0, 0), -6): (0, 25)
(6, 1, 1, (0, 0, 0), -5): (2, 34)
(6, 1, 1, (0, 0, 0), -4): (6, 39)
(6, 1, 1, (0, 0, 0), -3): (8, 61)
(6, 1, 1, (0, 0, 0), -2): (15, 82)
(6, 1, 1, (0, 0, 0), -1): (33, 101)
(6, 1, 1, (0, 0, 0), 0): (52, 97)
(6, 1, 1, (0, 0, 0), 1): (56, 78)
(6, 1, 1, (0, 0, 0), 2): (63, 78)
(6, 1, 1, (0, 0, 0), 3): (50, 52)
(6, 1, 1, (0, 0, 0), 4): (31, 32)
(6, 1, 1, (0, 0, 0), 5): (26, 26)
(6, 1, 1, (0, 0, 0), 6): (17, 17)
(6, 1, 1, (0, 0, 0), 7): (12, 13)
(6, 1, 1, (0, 0, 0), 8): (10, 10)
(6, 1, 1, (0, 0, 0), 9): (4, 4)
(6, 1, 1, (0, 0, 0), 10): (2, 2)
(6, 1, 1, (0, 0, 0), 11): (2, 2)
(6, 1, 1, (0, 0, 0), 12): (1, 1)
(6, 1, 1, (0, 0, 0), 13): (1, 1)
(6, 1, 1, (0, 0, 1), -7): (0, 1)
(6, 1, 1, (0, 0, 1), -5): (0, 4)
(6, 1, 1, (0, 0, 1), -4): (0, 4)
(6, 1, 1, (0, 0, 1), -3): (1, 3)
(6, 1, 1, (0, 0, 1), -2): (1, 4)
(6, 1, 1, (0, 0, 1), -1): (1, 4)
(6, 1, 1, (0, 0, 1), 0): (2, 7)
(6, 1, 1, (0, 0, 1), 1): (3, 7)
(6, 1, 1, (0, 0, 1), 2): (6, 9)
(6, 1, 1, (0, 0, 1), 3): (10, 10)
(6, 1, 1, (0, 0, 1), 4): (4, 4)
(6, 1, 1, (0, 0, 1), 5): (4, 4)
(6, 1, 1, (0, 0, 1), 6): (1, 1)
(6, 1, 1, (0, 0, 1), 7): (3, 3)
(6, 1, 1, (0, 1, 0), -10): (0, 2)
(6, 1, 1, (0, 1, 0), -8): (0, 1)
(6, 1, 1, (0, 1, 0), -7): (0, 1)
(6, 1, 1, (0, 1, 0), -6): (0, 2)
(6, 1, 1, (0, 1, 0), -5): (1, 6)
(6, 1, 1, (0, 1, 0), -4): (2, 5)
(6, 1, 1, (0, 1, 0), -3): (2, 12)
(6, 1, 1, (0, 1, 0), -2): (1, 8)
(6, 1, 1, (0, 1, 0), -1): (7, 18)
(6, 1, 1, (0, 1, 0), 0): (12, 19)
(6, 1, 1, (0, 1, 0), 1): (19, 25)
(6, 1, 1, (0, 1, 0), 2): (13, 17)
(6, 1, 1, (0, 1, 0), 3): (11, 11)
(6, 1, 1, (0, 1, 0), 4): (10, 10)
(6, 1, 1, (0, 1, 0), 5): (10, 10)
(6, 1, 1, (0, 1, 0), 6): (4, 4)
(6, 1, 1, (0, 1, 0), 7): (6, 6)
(6, 1, 1, (0, 1, 0), 8): (3, 4)
(6, 1, 1, (0, 1, 0), 9): (2, 2)
(6, 1, 1, (0, 1, 0), 11): (1, 1)
(6, 1, 1, (0, 1, 1), -7): (1, 1)
(6, 1, 1, (0, 1, 1), -6): (0, 1)
(6, 1, 1, (0, 1, 1), -4): (0, 1)
(6, 1, 1, (0, 1, 1), -2): (2, 6)
(6, 1, 1, (0, 1, 1), -1): (2, 6)
(6, 1, 1, (0, 1, 1), 0): (3, 4)
(6, 1, 1, (0, 1, 1), 1): (9, 11)
(6, 1, 1, (0, 1, 1), 2): (4, 4)
(6, 1, 1, (0, 1, 1), 3): (2, 2)
(6, 1, 1, (0, 1, 1), 4): (4, 4)
(6, 1, 1, (0, 1, 1), 5): (1, 1)
(6, 1, 1, (0, 1, 1), 6): (1, 1)
(6, 1, 1, (0, 1, 1), 7): (1, 1)
(6, 1, 1, (0, 1, 1), 9): (2, 2)
(6, 1, 1, (0, 1, 1), 13): (1, 1)
(6, 1, 1, (1, 0, 0), -12): (0, 1)
(6, 1, 1, (1, 0, 0), -11): (0, 2)
(6, 1, 1, (1, 0, 0), -10): (0, 1)
(6, 1, 1, (1, 0, 0), -9): (0, 3)
(6, 1, 1, (1, 0, 0), -8): (0, 5)
(6, 1, 1, (1, 0, 0), -7): (1, 6)
(6, 1, 1, (1, 0, 0), -6): (0, 17)
(6, 1, 1, (1, 0, 0), -5): (1, 18)
(6, 1, 1, (1, 0, 0), -4): (1, 24)
(6, 1, 1, (1, 0, 0), -3): (3, 23)
(6, 1, 1, (1, 0, 0), -2): (12, 43)
(6, 1, 1, (1, 0, 0), -1): (19, 42)
(6, 1, 1, (1, 0, 0), 0): (25, 52)
(6, 1, 1, (1, 0, 0), 1): (28, 39)
(6, 1, 1, (1, 0, 0), 2): (24, 29)
(6, 1, 1, (1, 0, 0), 3): (24, 27)
(6, 1, 1, (1, 0, 0), 4): (21, 22)
(6, 1, 1, (1, 0, 0), 5): (11, 11)
(6, 1, 1, (1, 0, 0), 6): (11, 11)
(6, 1, 1, (1, 0, 0), 7): (6, 7)
(6, 1, 1, (1, 0, 0), 8): (6, 6)
(6, 1, 1, (1, 0, 0), 9): (1, 1)
(6, 1, 1, (1, 0, 0), 10): (3, 3)
(6, 1, 1, (1, 0, 0), 13): (1, 1)
(6, 1, 1, (1, 0, 1), -8): (0, 1)
(6, 1, 1, (1, 0, 1), -7): (0, 2)
(6, 1, 1, (1, 0, 1), -6): (0, 1)
(6, 1, 1, (1, 0, 1), -5): (1, 2)
(6, 1, 1, (1, 0, 1), -4): (0, 2)
(6, 1, 1, (1, 0, 1), -3): (0, 5)
(6, 1, 1, (1, 0, 1), -2): (4, 8)
(6, 1, 1, (1, 0, 1), -1): (4, 6)
(6, 1, 1, (1, 0, 1), 0): (7, 11)
(6, 1, 1, (1, 0, 1), 1): (6, 8)
(6, 1, 1, (1, 0, 1), 2): (7, 7)
(6, 1, 1, (1, 0, 1), 3): (3, 3)
(6, 1, 1, (1, 0, 1), 4): (9, 9)
(6, 1, 1, (1, 0, 1), 5): (6, 6)
(6, 1, 1, (1, 0, 1), 6): (1, 1)
(6, 1, 1, (1, 0, 1), 7): (1, 1)
(6, 1, 1, (1, 0, 1), 8): (1, 1)
(6, 1, 1, (1, 1, 0), -11): (0, 1)
(6, 1, 1, (1, 1, 0), -10): (0, 1)
(6, 1, 1, (1, 1, 0), -9): (0, 1)
(6, 1, 1, (1, 1, 0), -8): (0, 1)
(6, 1, 1, (1, 1, 0), -7): (0, 1)
(6, 1, 1, (1, 1, 0), -6): (0, 1)
(6, 1, 1, (1, 1, 0), -5): (0, 3)
(6, 1, 1, (1, 1, 0), -4): (2, 6)
(6, 1, 1, (1, 1, 0), -3): (2, 10)
(6, 1, 1, (1, 1, 0), -2): (1, 10)
(6, 1, 1, (1, 1, 0), -1): (8, 15)
(6, 1, 1, (1, 1, 0), 0): (8, 15)
(6, 1, 1, (1, 1, 0), 1): (15, 21)
(6, 1, 1, (1, 1, 0), 2): (9, 11)
(6, 1, 1, (1, 1, 0), 3): (10, 11)
(6, 1, 1, (1, 1, 0), 4): (8, 8)
(6, 1, 1, (1, 1, 0), 5): (4, 4)
(6, 1, 1, (1, 1, 0), 6): (7, 7)
(6, 1, 1, (1, 1, 0), 7): (2, 2)
(6, 1, 1, (1, 1, 0), 8): (2, 2)
(6, 1, 1, (1, 1, 0), 9): (1, 1)
(6, 1, 1, (1, 1, 0), 10): (3, 3)
(6, 1, 1, (1, 1, 0), 11): (1, 1)
(6, 1, 1, (1, 1, 1), -11): (0, 1)
(6, 1, 1, (1, 1, 1), -8): (0, 1)
(6, 1, 1, (1, 1, 1), -5): (1, 1)
(6, 1, 1, (1, 1, 1), -4): (1, 2)
(6, 1, 1, (1, 1, 1), -3): (0, 4)
(6, 1, 1, (1, 1, 1), -2): (0, 2)
(6, 1, 1, (1, 1, 1), -1): (2, 3)
(6, 1, 1, (1, 1, 1), 0): (7, 8)
(6, 1, 1, (1, 1, 1), 1): (7, 8)
(6, 1, 1, (1, 1, 1), 2): (6, 6)
(6, 1, 1, (1, 1, 1), 3): (2, 2)
(6, 1, 1, (1, 1, 1), 4): (1, 1)
(6, 1, 1, (1, 1, 1), 5): (2, 2)
(6, 1, 1, (1, 1, 1), 6): (2, 2)
(6, 1, 1, (1, 1, 1), 7): (2, 2)
(6, 1, 1, (1, 1, 1), 8): (2, 2)
(6, 1, 1, (1, 1, 1), 11): (1, 1)
(6, 1, 1, (1, 1, 1), 12): (1, 1)
(6, 1, 2, (0, 0, 0), -14): (0, 1)
(6, 1, 2, (0, 0, 0), -13): (0, 1)
(6, 1, 2, (0, 0, 0), -12): (0, 3)
(6, 1, 2, (0, 0, 0), -11): (0, 2)
(6, 1, 2, (0, 0, 0), -10): (0, 1)
(6, 1, 2, (0, 0, 0), -9): (0, 7)
(6, 1, 2, (0, 0, 0), -8): (1, 6)
(6, 1, 2, (0, 0, 0), -7): (0, 7)
(6, 1, 2, (0, 0, 0), -6): (0, 18)
(6, 1, 2, (0, 0, 0), -5): (2, 18)
(6, 1, 2, (0, 0, 0), -4): (3, 26)
(6, 1, 2, (0, 0, 0), -3): (5, 49)
(6, 1, 2, (0, 0, 0), -2): (12, 68)
(6, 1, 2, (0, 0, 0), -1): (22, 79)
(6, 1, 2, (0, 0, 0), 0): (39, 76)
(6, 1, 2, (0, 0, 0), 1): (36, 56)
(6, 1, 2, (0, 0, 0), 2): (46, 56)
(6, 1, 2, (0, 0, 0), 3): (42, 44)
(6, 1, 2, (0, 0, 0), 4): (22, 23)
(6, 1, 2, (0, 0, 0), 5): (26, 26)
(6, 1, 2, (0, 0, 0), 6): (16, 16)
(6, 1, 2, (0, 0, 0), 7): (6, 6)
(6, 1, 2, (0, 0, 0), 8): (6, 6)
(6, 1, 2, (0, 0, 0), 9): (6, 6)
(6, 1, 2, (0, 0, 0), 10): (2, 2)
(6, 1, 2, (0, 0, 0), 11): (3, 3)
(6, 1, 2, (0, 0, 0), 12): (1, 1)
(6, 1, 2, (0, 0, 0), 14): (1, 1)
(6, 1, 2, (0, 0, 1), -10): (0, 1)
(6, 1, 2, (0, 0, 1), -7): (0, 1)
(6, 1, 2, (0, 0, 1), -5): (0, 5)
(6, 1, 2, (0, 0, 1), -4): (0, 4)
(6, 1, 2, (0, 0, 1), -3): (1, 5)
(6, 1, 2, (0, 0, 1), -2): (0, 4)
(6, 1, 2, (0, 0, 1), -1): (2, 8)
(6, 1, 2, (0, 0, 1), 0): (7, 9)
(6, 1, 2, (0, 0, 1), 1): (9, 13)
(6, 1, 2, (0, 0, 1), 2): (10, 13)
(6, 1, 2, (0, 0, 1), 3): (3, 5)
(6, 1, 2, (0, 0, 1), 4): (3, 3)
(6, 1, 2, (0, 0, 1), 5): (6, 6)
(6, 1, 2, (0, 0, 1), 6): (7, 7)
(6, 1, 2, (0, 0, 1), 7): (4, 4)
(6, 1, 2, (0, 0, 1), 8): (2, 3)
(6, 1, 2, (0, 0, 1), 16): (1, 1)
(6, 1, 2, (0, 1, 0), -11): (0, 1)
(6, 1, 2, (0, 1, 0), -10): (0, 1)
(6, 1, 2, (0, 1, 0), -9): (0, 2)
(6, 1, 2, (0, 1, 0), -6): (0, 5)
(6, 1, 2, (0, 1, 0), -5): (1, 6)
(6, 1, 2, (0, 1, 0), -4): (2, 5)
(6, 1, 2, (0, 1, 0), -3): (2, 11)
(6, 1, 2, (0, 1, 0), -2): (2, 8)
(6, 1, 2, (0, 1, 0), -1): (13, 33)
(6, 1, 2, (0, 1, 0), 0): (14, 26)
(6, 1, 2, (0, 1, 0), 1): (17, 24)
(6, 1, 2, (0, 1, 0), 2): (14, 16)
(6, 1, 2, (0, 1, 0), 3): (17, 19)
(6, 1, 2, (0, 1, 0), 4): (9, 10)
(6, 1, 2, (0, 1, 0), 5): (15, 15)
(6, 1, 2, (0, 1, 0), 6): (6, 7)
(6, 1, 2, (0, 1, 0), 7): (4, 5)
(6, 1, 2, (0, 1, 0), 8): (4, 4)
(6, 1, 2, (0, 1, 0), 9): (1, 1)
(6, 1, 2, (0, 1, 0), 10): (2, 2)
(6, 1, 2, (0, 1, 0), 11): (1, 1)
(6, 1, 2, (0, 1, 0), 12): (1, 1)
(6, 1, 2, (0, 1, 0), 14): (1, 1)
(6, 1, 2, (0, 1, 0), 22): (1, 1)
(6, 1, 2, (0, 1, 1), -8): (0, 1)
(6, 1, 2, (0, 1, 1), -6): (0, 1)
(6, 1, 2, (0, 1, 1), -5): (1, 3)
(6, 1, 2, (0, 1, 1), -4): (0, 2)
(6, 1, 2, (0, 1, 1), -3): (1, 5)
(6, 1, 2, (0, 1, 1), -2): (1, 3)
(6, 1, 2, (0, 1, 1), -1): (9, 13)
(6, 1, 2, (0, 1, 1), 0): (1, 2)
(6, 1, 2, (0, 1, 1), 1): (7, 9)
(6, 1, 2, (0, 1, 1), 2): (6, 6)
(6, 1, 2, (0, 1, 1), 3): (3, 3)
(6, 1, 2, (0, 1, 1), 4): (5, 5)
(6, 1, 2, (0, 1, 1), 5): (1, 1)
(6, 1, 2, (0, 1, 1), 6): (2, 2)
(6, 1, 2, (0, 1, 1), 10): (1, 1)
(6, 1, 2, (0, 1, 1), 12): (2, 2)
(6, 1, 2, (0, 1, 1), 13): (2, 2)
(6, 1, 2, (0, 1, 1), 14): (1, 1)
(6, 1, 2, (0, 1, 1), 20): (1, 1)
(6, 1, 2, (1, 0, 0), -12): (0, 3)
(6, 1, 2, (1, 0, 0), -11): (0, 1)
(6, 1, 2, (1, 0, 0), -9): (0, 1)
(6, 1, 2, (1, 0, 0), -8): (0, 3)
(6, 1, 2, (1, 0, 0), -7): (0, 6)
(6, 1, 2, (1, 0, 0), -6): (0, 13)
(6, 1, 2, (1, 0, 0), -5): (2, 17)
(6, 1, 2, (1, 0, 0), -4): (3, 30)
(6, 1, 2, (1, 0, 0), -3): (4, 26)
(6, 1, 2, (1, 0, 0), -2): (8, 39)
(6, 1, 2, (1, 0, 0), -1): (12, 40)
(6, 1, 2, (1, 0, 0), 0): (14, 38)
(6, 1, 2, (1, 0, 0), 1): (21, 29)
(6, 1, 2, (1, 0, 0), 2): (27, 34)
(6, 1, 2, (1, 0, 0), 3): (19, 22)
(6, 1, 2, (1, 0, 0), 4): (17, 17)
(6, 1, 2, (1, 0, 0), 5): (19, 19)
(6, 1, 2, (1, 0, 0), 6): (8, 8)
(6, 1, 2, (1, 0, 0), 7): (12, 13)
(6, 1, 2, (1, 0, 0), 8): (5, 5)
(6, 1, 2, (1, 0, 0), 9): (3, 3)
(6, 1, 2, (1, 0, 0), 10): (1, 1)
(6, 1, 2, (1, 0, 0), 11): (1, 1)
(6, 1, 2, (1, 0, 0), 12): (1, 1)
(6, 1, 2, (1, 0, 0), 13): (1, 1)
(6, 1, 2, (1, 0, 0), 15): (1, 1)
(6, 1, 2, (1, 0, 1), -12): (0, 1)
(6, 1, 2, (1, 0, 1), -9): (0, 1)
(6, 1, 2, (1, 0, 1), -8): (0, 2)
(6, 1, 2, (1, 0, 1), -7): (0, 3)
(6, 1, 2, (1, 0, 1), -6): (0, 3)
(6, 1, 2, (1, 0, 1), -5): (0, 1)
(6, 1, 2, (1, 0, 1), -4): (2, 6)
(6, 1, 2, (1, 0, 1), -3): (1, 4)
(6, 1, 2, (1, 0, 1), -2): (1, 5)
(6, 1, 2, (1, 0, 1), -1): (7, 17)
(6, 1, 2, (1, 0, 1), 0): (4, 8)
(6, 1, 2, (1, 0, 1), 1): (6, 14)
(6, 1, 2, (1, 0, 1), 2): (9, 10)
(6, 1, 2, (1, 0, 1), 3): (4, 6)
(6, 1, 2, (1, 0, 1), 4): (4, 4)
(6, 1, 2, (1, 0, 1), 5): (1, 1)
(6, 1, 2, (1, 0, 1), 6): (3, 3)
(6, 1, 2, (1, 0, 1), 7): (1, 1)
(6, 1, 2, (1, 0, 1), 10): (1, 1)
(6, 1, 2, (1, 0, 1), 11): (1, 1)
(6, 1, 2, (1, 0, 1), 12): (1, 1)
(6, 1, 2, (1, 0, 1), 13): (1, 1)
(6, 1, 2, (1, 0, 1), 14): (1, 1)
(6, 1, 2, (1, 0, 1), 16): (1, 1)
(6, 1, 2, (1, 0, 1), 20): (1, 1)
(6, 1, 2, (1, 1, 0), -12): (0, 2)
(6, 1, 2, (1, 1, 0), -11): (0, 1)
(6, 1, 2, (1, 1, 0), -10): (0, 2)
(6, 1, 2, (1, 1, 0), -6): (0, 6)
(6, 1, 2, (1, 1, 0), -5): (0, 6)
(6, 1, 2, (1, 1, 0), -4): (1, 9)
(6, 1, 2, (1, 1, 0), -3): (2, 9)
(6, 1, 2, (1, 1, 0), -2): (4, 9)
(6, 1, 2, (1, 1, 0), -1): (7, 18)
(6, 1, 2, (1, 1, 0), 0): (4, 10)
(6, 1, 2, (1, 1, 0), 1): (7, 13)
(6, 1, 2, (1, 1, 0), 2): (11, 13)
(6, 1, 2, (1, 1, 0), 3): (14, 15)
(6, 1, 2, (1, 1, 0), 4): (7, 8)
(6, 1, 2, (1, 1, 0), 5): (10, 10)
(6, 1, 2, (1, 1, 0), 6): (8, 8)
(6, 1, 2, (1, 1, 0), 7): (7, 7)
(6, 1, 2, (1, 1, 0), 8): (2, 2)
(6, 1, 2, (1, 1, 0), 9): (1, 1)
(6, 1, 2, (1, 1, 0), 10): (2, 2)
(6, 1, 2, (1, 1, 0), 11): (3, 3)
(6, 1, 2, (1, 1, 0), 12): (1, 1)
(6, 1, 2, (1, 1, 0), 14): (1, 1)
(6, 1, 2, (1, 1, 0), 18): (1, 1)
(6, 1, 2, (1, 1, 1), -11): (0, 1)
(6, 1, 2, (1, 1, 1), -10): (0, 1)
(6, 1, 2, (1, 1, 1), -7): (0, 1)
(6, 1, 2, (1, 1, 1), -6): (0, 3)
(6, 1, 2, (1, 1, 1), -5): (1, 5)
(6, 1, 2, (1, 1, 1), -4): (1, 3)
(6, 1, 2, (1, 1, 1), -3): (1, 5)
(6, 1, 2, (1, 1, 1), -2): (1, 3)
(6, 1, 2, (1, 1, 1), -1): (1, 4)
(6, 1, 2, (1, 1, 1), 0): (3, 4)
(6, 1, 2, (1, 1, 1), 1): (7, 8)
(6, 1, 2, (1, 1, 1), 2): (5, 5)
(6, 1, 2, (1, 1, 1), 3): (3, 3)
(6, 1, 2, (1, 1, 1), 4): (2, 2)
(6, 1, 2, (1, 1, 1), 5): (5, 5)
(6, 1, 2, (1, 1, 1), 6): (3, 3)
(6, 1, 2, (1, 1, 1), 7): (1, 1)
(6, 1, 2, (1, 1, 1), 9): (1, 1)
(6, 1, 2, (1, 1, 1), 14): (1, 1)
(6, 1, 2, (1, 1, 1), 16): (1, 1)
(6, 1, 2, (1, 1, 1), 18): (1, 1)
(7, 0, 0, (0, 0, 0), -22): (0, 1)
(7, 0, 0, (0, 0, 0), -16): (0, 1)
(7, 0, 0, (0, 0, 0), -15): (0, 1)
(7, 0, 0, (0, 0, 0), -14): (0, 1)
(7, 0, 0, (0, 0, 0), -13): (0, 1)
(7, 0, 0, (0, 0, 0), -12): (0, 2)
(7, 0, 0, (0, 0, 0), -11): (0, 6)
(7, 0, 0, (0, 0, 0), -10): (0, 4)
(7, 0, 0, (0, 0, 0), -9): (0, 8)
(7, 0, 0, (0, 0, 0), -8): (1, 20)
(7, 0, 0, (0, 0, 0), -7): (1, 22)
(7, 0, 0, (0, 0, 0), -6): (1, 39)
(7, 0, 0, (0, 0, 0), -5): (0, 52)
(7, 0, 0, (0, 0, 0), -4): (3, 50)
(7, 0, 0, (0, 0, 0), -3): (7, 89)
(7, 0, 0, (0, 0, 0), -2): (20, 106)
(7, 0, 0, (0, 0, 0), -1): (46, 121)
(7, 0, 0, (0, 0, 0), 0): (74, 140)
(7, 0, 0, (0, 0, 0), 1): (95, 137)
(7, 0, 0, (0, 0, 0), 2): (95, 116)
(7, 0, 0, (0, 0, 0), 3): (75, 82)
(7, 0, 0, (0, 0, 0), 4): (50, 52)
(7, 0, 0, (0, 0, 0), 5): (41, 44)
(7, 0, 0, (0, 0, 0), 6): (32, 32)
(7, 0, 0, (0, 0, 0), 7): (12, 12)
(7, 0, 0, (0, 0, 0), 8): (8, 9)
(7, 0, 0, (0, 0, 0), 9): (9, 9)
(7, 0, 0, (0, 0, 0), 10): (7, 7)
(7, 0, 0, (0, 0, 0), 11): (5, 5)
(7, 0, 0, (0, 0, 0), 12): (3, 3)
(7, 0, 0, (0, 0, 0), 13): (1, 1)
(7, 0, 0, (0, 0, 0), 14): (1, 1)
(7, 0, 0, (0, 0, 1), -10): (0, 1)
(7, 0, 0, (0, 0, 1), -8): (1, 1)
(7, 0, 0, (0, 0, 1), -3): (0, 1)
(7, 0, 0, (0, 0, 1), -2): (0, 2)
(7, 0, 0, (0, 0, 1), -1): (1, 1)
(7, 0, 0, (0, 0, 1), 0): (1, 2)
(7, 0, 0, (0, 0, 1), 1): (1, 2)
(7, 0, 0, (0, 0, 1), 2): (1, 2)
(7, 0, 0, (0, 0, 1), 3): (2, 2)
(7, 0, 0, (0, 0, 1), 4): (1, 1)
(7, 0, 0, (0, 1, 0), -11): (0, 1)
(7, 0, 0, (0, 1, 0), -9): (0, 1)
(7, 0, 0, (0, 1, 0), -8): (0, 1)
(7, 0, 0, (0, 1, 0), -7): (0, 1)
(7, 0, 0, (0, 1, 0), -6): (0, 5)
(7, 0, 0, (0, 1, 0), -5): (0, 6)
(7, 0, 0, (0, 1, 0), -4): (0, 2)
(7, 0, 0, (0, 1, 0), -3): (0, 3)
(7, 0, 0, (0, 1, 0), -2): (0, 5)
(7, 0, 0, (0, 1, 0), -1): (4, 7)
(7, 0, 0, (0, 1, 0), 0): (4, 11)
(7, 0, 0, (0, 1, 0), 1): (5, 9)
(7, 0, 0, (0, 1, 0), 2): (5, 7)
(7, 0, 0, (0, 1, 0), 3): (7, 7)
(7, 0, 0, (0, 1, 0), 4): (3, 3)
(7, 0, 0, (0, 1, 0), 5): (4, 4)
(7, 0, 0, (0, 1, 0), 6): (1, 1)
(7, 0, 0, (0, 1, 0), 7): (2, 2)
(7, 0, 0, (0, 1, 0), 8): (1, 1)
(7, 0, 0, (0, 1, 0), 12): (1, 1)
(7, 0, 0, (0, 1, 0), 13): (1, 1)
(7, 0, 0, (0, 1, 1), -11): (0, 1)
(7, 0, 0, (0, 1, 1), -6): (1, 1)
(7, 0, 0, (0, 1, 1), -5): (0, 1)
(7, 0, 0, (0, 1, 1), -4): (0, 2)
(7, 0, 0, (0, 1, 1), -1): (0, 3)
(7, 0, 0, (0, 1, 1), 1): (3, 3)
(7, 0, 0, (0, 1, 1), 2): (1, 1)
(7, 0, 0, (0, 1, 1), 3): (2, 2)
(7, 0, 0, (0, 1, 1), 10): (1, 1)
(7, 0, 0, (0, 1, 1), 14): (1, 1)
(7, 0, 0, (1, 0, 0), -22): (0, 1)
(7, 0, 0, (1, 0, 0), -16): (0, 1)
(7, 0, 0, (1, 0, 0), -14): (0, 1)
(7, 0, 0, (1, 0, 0), -12): (0, 1)
(7, 0, 0, (1, 0, 0), -11): (0, 3)
(7, 0, 0, (1, 0, 0), -10): (0, 1)
(7, 0, 0, (1, 0, 0), -9): (0, 1)
(7, 0, 0, (1, 0, 0), -8): (0, 8)
(7, 0, 0, (1, 0, 0), -7): (1, 9)
(7, 0, 0, (1, 0, 0), -6): (1, 13)
(7, 0, 0, (1, 0, 0), -5): (0, 15)
(7, 0, 0, (1, 0, 0), -4): (2, 18)
(7, 0, 0, (1, 0, 0), -3): (3, 26)
(7, 0, 0, (1, 0, 0), -2): (8, 28)
(7, 0, 0, (1, 0, 0), -1): (15, 34)
(7, 0, 0, (1, 0, 0), 0): (21, 39)
(7, 0, 0, (1, 0, 0), 1): (32, 41)
(7, 0, 0, (1, 0, 0), 2): (31, 39)
(7, 0, 0, (1, 0, 0), 3): (23, 26)
(7, 0, 0, (1, 0, 0), 4): (10, 10)
(7, 0, 0, (1, 0, 0), 5): (12, 12)
(7, 0, 0, (1, 0, 0), 6): (8, 8)
(7, 0, 0, (1, 0, 0), 7): (2, 2)
(7, 0, 0, (1, 0, 0), 8): (4, 5)
(7, 0, 0, (1, 0, 0), 9): (2, 2)
(7, 0, 0, (1, 0, 0), 10): (2, 2)
(7, 0, 0, (1, 0, 0), 11): (2, 2)
(7, 0, 0, (1, 0, 0), 12): (3, 3)
(7, 0, 0, (1, 0, 1), -10): (0, 1)
(7, 0, 0, (1, 0, 1), -7): (0, 1)
(7, 0, 0, (1, 0, 1), -6): (0, 3)
(7, 0, 0, (1, 0, 1), -5): (1, 4)
(7, 0, 0, (1, 0, 1), -4): (1, 2)
(7, 0, 0, (1, 0, 1), -3): (1, 3)
(7, 0, 0, (1, 0, 1), -2): (2, 7)
(7, 0, 0, (1, 0, 1), -1): (3, 3)
(7, 0, 0, (1, 0, 1), 0): (2, 2)
(7, 0, 0, (1, 0, 1), 1): (3, 5)
(7, 0, 0, (1, 0, 1), 2): (4, 4)
(7, 0, 0, (1, 0, 1), 3): (3, 3)
(7, 0, 0, (1, 0, 1), 4): (5, 5)
(7, 0, 0, (1, 0, 1), 5): (2, 2)
(7, 0, 0, (1, 0, 1), 6): (1, 1)
(7, 0, 0, (1, 0, 1), 13): (2, 2)
(7, 0, 0, (1, 1, 0), -22): (0, 1)
(7, 0, 0, (1, 1, 0), -16): (0, 1)
(7, 0, 0, (1, 1, 0), -15): (0, 1)
(7, 0, 0, (1, 1, 0), -14): (0, 1)
(7, 0, 0, (1, 1, 0), -12): (0, 1)
(7, 0, 0, (1, 1, 0), -11): (0, 1)
(7, 0, 0, (1, 1, 0), -8): (0, 5)
(7, 0, 0, (1, 1, 0), -7): (1, 3)
(7, 0, 0, (1, 1, 0), -6): (0, 5)
(7, 0, 0, (1, 1, 0), -5): (0, 3)
(7, 0, 0, (1, 1, 0), -4): (1, 4)
(7, 0, 0, (1, 1, 0), -3): (1, 6)
(7, 0, 0, (1, 1, 0), -2): (5, 9)
(7, 0, 0, (1, 1, 0), -1): (6, 10)
(7, 0, 0, (1, 1, 0), 0): (4, 4)
(7, 0, 0, (1, 1, 0), 1): (8, 9)
(7, 0, 0, (1, 1, 0), 2): (3, 4)
(7, 0, 0, (1, 1, 0), 3): (2, 3)
(7, 0, 0, (1, 1, 0), 4): (1, 1)
(7, 0, 0, (1, 1, 0), 5): (4, 4)
(7, 0, 0, (1, 1, 0), 7): (1, 1)
(7, 0, 0, (1, 1, 0), 9): (1, 1)
(7, 0, 0, (1, 1, 0), 11): (1, 1)
(7, 0, 0, (1, 1, 0), 12): (2, 2)
(7, 0, 0, (1, 1, 1), -12): (0, 1)
(7, 0, 0, (1, 1, 1), -8): (0, 1)
(7, 0, 0, (1, 1, 1), -7): (0, 1)
(7, 0, 0, (1, 1, 1), -6): (0, 1)
(7, 0, 0, (1, 1, 1), -4): (1, 1)
(7, 0, 0, (1, 1, 1), -3): (0, 1)
(7, 0, 0, (1, 1, 1), -2): (2, 2)
(7, 0, 0, (1, 1, 1), -1): (2, 3)
(7, 0, 0, (1, 1, 1), 0): (1, 1)
(7, 0, 0, (1, 1, 1), 1): (1, 1)
(7, 0, 0, (1, 1, 1), 3): (0, 1)
(7, 0, 0, (1, 1, 1), 5): (1, 1)
(7, 0, 0, (1, 1, 1), 9): (1, 1)
(7, 0, 0, (1, 1, 1), 11): (1, 1)
(7, 0, 0, (1, 1, 1), 13): (1, 1)
(7, 0, 1, (0, 0, 0), -15): (0, 1)
(7, 0, 1, (0, 0, 0), -13): (0, 1)
(7, 0, 1, (0, 0, 0), -12): (0, 1)
(7, 0, 1, (0, 0, 0), -11): (0, 2)
(7, 0, 1, (0, 0, 0), -10): (0, 2)
(7, 0, 1, (0, 0, 0), -9): (0, 6)
(7, 0, 1, (0, 0, 0), -8): (0, 10)
(7, 0, 1, (0, 0, 0), -7): (0, 12)
(7, 0, 1, (0, 0, 0), -6): (0, 23)
(7, 0, 1, (0, 0, 0), -5): (0, 33)
(7, 0, 1, (0, 0, 0), -4): (1, 33)
(7, 0, 1, (0, 0, 0), -3): (4, 60)
(7, 0, 1, (0, 0, 0), -2): (11, 76)
(7, 0, 1, (0, 0, 0), -1): (25, 81)
(7, 0, 1, (0, 0, 0), 0): (50, 92)
(7, 0, 1, (0, 0, 0), 1): (61, 94)
(7, 0, 1, (0, 0, 0), 2): (62, 77)
(7, 0, 1, (0, 0, 0), 3): (53, 59)
(7, 0, 1, (0, 0, 0), 4): (42, 44)
(7, 0, 1, (0, 0, 0), 5): (30, 33)
(7, 0, 1, (0, 0, 0), 6): (24, 24)
(7, 0, 1, (0, 0, 0), 7): (9, 9)
(7, 0, 1, (0, 0, 0), 8): (4, 4)
(7, 0, 1, (0, 0, 0), 9): (6, 6)
(7, 0, 1, (0, 0, 0), 10): (4, 4)
(7, 0, 1, (0, 0, 0), 11): (3, 3)
(7, 0, 1, (0, 0, 0), 12): (1, 1)
(7, 0, 1, (0, 0, 0), 14): (1, 1)
(7, 0, 1, (0, 0, 1), -10): (0, 1)
(7, 0, 1, (0, 0, 1), -8): (1, 1)
(7, 0, 1, (0, 0, 1), -6): (0, 2)
(7, 0, 1, (0, 0, 1), -5): (0, 1)
(7, 0, 1, (0, 0, 1), -3): (0, 4)
(7, 0, 1, (0, 0, 1), -2): (0, 5)
(7, 0, 1, (0, 0, 1), -1): (7, 9)
(7, 0, 1, (0, 0, 1), 0): (8, 10)
(7, 0, 1, (0, 0, 1), 1): (3, 3)
(7, 0, 1, (0, 0, 1), 2): (2, 3)
(7, 0, 1, (0, 0, 1), 3): (8, 8)
(7, 0, 1, (0, 0, 1), 4): (3, 3)
(7, 0, 1, (0, 0, 1), 5): (3, 3)
(7, 0, 1, (0, 0, 1), 6): (3, 3)
(7, 0, 1, (0, 0, 1), 7): (2, 2)
(7, 0, 1, (0, 0, 1), 8): (1, 2)
(7, 0, 1, (0, 0, 1), 10): (1, 1)
(7, 0, 1, (0, 0, 1), 14): (1, 1)
(7, 0, 1, (0, 1, 0), -9): (0, 1)
(7, 0, 1, (0, 1, 0), -8): (0, 1)
(7, 0, 1, (0, 1, 0), -7): (0, 1)
(7, 0, 1, (0, 1, 0), -6): (0, 3)
(7, 0, 1, (0, 1, 0), -5): (0, 7)
(7, 0, 1, (0, 1, 0), -4): (1, 5)
(7, 0, 1, (0, 1, 0), -3): (1, 8)
(7, 0, 1, (0, 1, 0), -2): (3, 4)
(7, 0, 1, (0, 1, 0), -1): (5, 13)
(7, 0, 1, (0, 1, 0), 0): (13, 25)
(7, 0, 1, (0, 1, 0), 1): (17, 23)
(7, 0, 1, (0, 1, 0), 2): (18, 22)
(7, 0, 1, (0, 1, 0), 3): (8, 9)
(7, 0, 1, (0, 1, 0), 4): (11, 12)
(7, 0, 1, (0, 1, 0), 5): (7, 8)
(7, 0, 1, (0, 1, 0), 6): (5, 5)
(7, 0, 1, (0, 1, 0), 7): (6, 6)
(7, 0, 1, (0, 1, 0), 8): (6, 6)
(7, 0, 1, (0, 1, 0), 9): (4, 4)
(7, 0, 1, (0, 1, 0), 10): (1, 1)
(7, 0, 1, (0, 1, 0), 11): (1, 1)
(7, 0, 1, (0, 1, 1), -8): (0, 1)
(7, 0, 1, (0, 1, 1), -6): (0, 1)
(7, 0, 1, (0, 1, 1), -5): (0, 3)
(7, 0, 1, (0, 1, 1), -4): (0, 1)
(7, 0, 1, (0, 1, 1), -3): (0, 2)
(7, 0, 1, (0, 1, 1), -2): (2, 3)
(7, 0, 1, (0, 1, 1), -1): (4, 6)
(7, 0, 1, (0, 1, 1), 0): (4, 7)
(7, 0, 1, (0, 1, 1), 1): (7, 7)
(7, 0, 1, (0, 1, 1), 2): (9, 9)
(7, 0, 1, (0, 1, 1), 3): (4, 4)
(7, 0, 1, (0, 1, 1), 4): (4, 4)
(7, 0, 1, (0, 1, 1), 5): (4, 4)
(7, 0, 1, (0, 1, 1), 6): (2, 2)
(7, 0, 1, (0, 1, 1), 10): (1, 1)
(7, 0, 1, (0, 1, 1), 12): (1, 1)
(7, 0, 1, (0, 1, 1), 13): (1, 1)
(7, 0, 1, (0, 1, 1), 14): (1, 1)
(7, 0, 1, (0, 1, 1), 16): (1, 1)
(7, 0, 1, (1, 0, 0), -15): (0, 1)
(7, 0, 1, (1, 0, 0), -12): (0, 1)
(7, 0, 1, (1, 0, 0), -11): (0, 3)
(7, 0, 1, (1, 0, 0), -10): (0, 3)
(7, 0, 1, (1, 0, 0), -9): (0, 5)
(7, 0, 1, (1, 0, 0), -8): (0, 6)
(7, 0, 1, (1, 0, 0), -7): (0, 7)
(7, 0, 1, (1, 0, 0), -6): (0, 11)
(7, 0, 1, (1, 0, 0), -5): (0, 15)
(7, 0, 1, (1, 0, 0), -4): (1, 16)
(7, 0, 1, (1, 0, 0), -3): (2, 29)
(7, 0, 1, (1, 0, 0), -2): (7, 41)
(7, 0, 1, (1, 0, 0), -1): (17, 37)
(7, 0, 1, (1, 0, 0), 0): (28, 51)
(7, 0, 1, (1, 0, 0), 1): (34, 42)
(7, 0, 1, (1, 0, 0), 2): (24, 33)
(7, 0, 1, (1, 0, 0), 3): (33, 36)
(7, 0, 1, (1, 0, 0), 4): (17, 17)
(7, 0, 1, (1, 0, 0), 5): (17, 19)
(7, 0, 1, (1, 0, 0), 6): (9, 10)
(7, 0, 1, (1, 0, 0), 7): (3, 3)
(7, 0, 1, (1, 0, 0), 8): (7, 7)
(7, 0, 1, (1, 0, 0), 9): (1, 1)
(7, 0, 1, (1, 0, 0), 10): (2, 2)
(7, 0, 1, (1, 0, 0), 11): (1, 1)
(7, 0, 1, (1, 0, 0), 12): (2, 2)
(7, 0, 1, (1, 0, 0), 18): (1, 1)
(7, 0, 1, (1, 0, 1), -11): (0, 1)
(7, 0, 1, (1, 0, 1), -10): (0, 1)
(7, 0, 1, (1, 0, 1), -8): (0, 1)
(7, 0, 1, (1, 0, 1), -7): (0, 1)
(7, 0, 1, (1, 0, 1), -6): (0, 3)
(7, 0, 1, (1, 0, 1), -5): (0, 2)
(7, 0, 1, (1, 0, 1), -4): (0, 2)
(7, 0, 1, (1, 0, 1), -3): (0, 4)
(7, 0, 1, (1, 0, 1), -2): (0, 7)
(7, 0, 1, (1, 0, 1), -1): (5, 8)
(7, 0, 1, (1, 0, 1), 0): (9, 12)
(7, 0, 1, (1, 0, 1), 1): (12, 12)
(7, 0, 1, (1, 0, 1), 2): (10, 11)
(7, 0, 1, (1, 0, 1), 3): (4, 4)
(7, 0, 1, (1, 0, 1), 4): (8, 8)
(7, 0, 1, (1, 0, 1), 5): (4, 4)
(7, 0, 1, (1, 0, 1), 6): (4, 4)
(7, 0, 1, (1, 0, 1), 9): (1, 1)
(7, 0, 1, (1, 0, 1), 12): (1, 1)
(7, 0, 1, (1, 0, 1), 13): (1, 1)
(7, 0, 1, (1, 1, 0), -22): (0, 1)
(7, 0, 1, (1, 1, 0), -15): (0, 1)
(7, 0, 1, (1, 1, 0), -14): (0, 1)
(7, 0, 1, (1, 1, 0), -11): (0, 2)
(7, 0, 1, (1, 1, 0), -10): (0, 1)
(7, 0, 1, (1, 1, 0), -9): (0, 2)
(7, 0, 1, (1, 1, 0), -8): (0, 3)
(7, 0, 1, (1, 1, 0), -7): (0, 3)
(7, 0, 1, (1, 1, 0), -6): (0, 7)
(7, 0, 1, (1, 1, 0), -5): (0, 8)
(7, 0, 1, (1, 1, 0), -4): (0, 4)
(7, 0, 1, (1, 1, 0), -3): (2, 12)
(7, 0, 1, (1, 1, 0), -2): (6, 15)
(7, 0, 1, (1, 1, 0), -1): (7, 13)
(7, 0, 1, (1, 1, 0), 0): (9, 14)
(7, 0, 1, (1, 1, 0), 1): (15, 19)
(7, 0, 1, (1, 1, 0), 2): (12, 14)
(7, 0, 1, (1, 1, 0), 3): (11, 12)
(7, 0, 1, (1, 1, 0), 4): (4, 5)
(7, 0, 1, (1, 1, 0), 5): (7, 8)
(7, 0, 1, (1, 1, 0), 6): (1, 1)
(7, 0, 1, (1, 1, 0), 7): (1, 1)
(7, 0, 1, (1, 1, 0), 8): (5, 5)
(7, 0, 1, (1, 1, 0), 9): (1, 1)
(7, 0, 1, (1, 1, 0), 10): (1, 1)
(7, 0, 1, (1, 1, 0), 11): (1, 1)
(7, 0, 1, (1, 1, 0), 12): (1, 1)
(7, 0, 1, (1, 1, 1), -14): (0, 1)
(7, 0, 1, (1, 1, 1), -12): (0, 1)
(7, 0, 1, (1, 1, 1), -11): (0, 1)
(7, 0, 1, (1, 1, 1), -8): (0, 1)
(7, 0, 1, (1, 1, 1), -7): (0, 2)
(7, 0, 1, (1, 1, 1), -6): (0, 2)
(7, 0, 1, (1, 1, 1), -5): (0, 3)
(7, 0, 1, (1, 1, 1), -4): (0, 1)
(7, 0, 1, (1, 1, 1), -3): (1, 6)
(7, 0, 1, (1, 1, 1), -2): (2, 5)
(7, 0, 1, (1, 1, 1), -1): (1, 2)
(7, 0, 1, (1, 1, 1), 0): (5, 8)
(7, 0, 1, (1, 1, 1), 1): (7, 7)
(7, 0, 1, (1, 1, 1), 2): (10, 10)
(7, 0, 1, (1, 1, 1), 3): (5, 5)
(7, 0, 1, (1, 1, 1), 4): (3, 3)
(7, 0, 1, (1, 1, 1), 5): (2, 2)
(7, 0, 1, (1, 1, 1), 11): (1, 1)
(7, 0, 1, (1, 1, 1), 14): (1, 1)
(7, 0, 2, (0, 0, 0), -13): (0, 1)
(7, 0, 2, (0, 0, 0), -11): (0, 1)
(7, 0, 2, (0, 0, 0), -9): (0, 1)
(7, 0, 2, (0, 0, 0), -8): (0, 7)
(7, 0, 2, (0, 0, 0), -7): (0, 7)
(7, 0, 2, (0, 0, 0), -6): (0, 17)
(7, 0, 2, (0, 0, 0), -5): (0, 27)
(7, 0, 2, (0, 0, 0), -4): (0, 29)
(7, 0, 2, (0, 0, 0), -3): (3, 44)
(7, 0, 2, (0, 0, 0), -2): (6, 49)
(7, 0, 2, (0, 0, 0), -1): (11, 60)
(7, 0, 2, (0, 0, 0), 0): (30, 67)
(7, 0, 2, (0, 0, 0), 1): (48, 80)
(7, 0, 2, (0, 0, 0), 2): (55, 66)
(7, 0, 2, (0, 0, 0), 3): (43, 47)
(7, 0, 2, (0, 0, 0), 4): (30, 32)
(7, 0, 2, (0, 0, 0), 5): (22, 23)
(7, 0, 2, (0, 0, 0), 6): (18, 19)
(7, 0, 2, (0, 0, 0), 7): (9, 9)
(7, 0, 2, (0, 0, 0), 8): (4, 4)
(7, 0, 2, (0, 0, 0), 9): (4, 4)
(7, 0, 2, (0, 0, 0), 10): (3, 3)
(7, 0, 2, (0, 0, 0), 11): (4, 4)
(7, 0, 2, (0, 0, 0), 14): (1, 1)
(7, 0, 2, (0, 0, 0), 18): (1, 1)
(7, 0, 2, (0, 0, 1), -10): (0, 1)
(7, 0, 2, (0, 0, 1), -8): (1, 3)
(7, 0, 2, (0, 0, 1), -7): (0, 3)
(7, 0, 2, (0, 0, 1), -6): (0, 2)
(7, 0, 2, (0, 0, 1), -5): (0, 1)
(7, 0, 2, (0, 0, 1), -4): (0, 2)
(7, 0, 2, (0, 0, 1), -3): (0, 6)
(7, 0, 2, (0, 0, 1), -2): (0, 1)
(7, 0, 2, (0, 0, 1), -1): (3, 6)
(7, 0, 2, (0, 0, 1), 0): (4, 8)
(7, 0, 2, (0, 0, 1), 1): (9, 12)
(7, 0, 2, (0, 0, 1), 2): (3, 7)
(7, 0, 2, (0, 0, 1), 3): (7, 7)
(7, 0, 2, (0, 0, 1), 4): (9, 10)
(7, 0, 2, (0, 0, 1), 5): (6, 6)
(7, 0, 2, (0, 0, 1), 6): (3, 3)
(7, 0, 2, (0, 0, 1), 7): (3, 3)
(7, 0, 2, (0, 0, 1), 8): (1, 2)
(7, 0, 2, (0, 0, 1), 9): (1, 1)
(7, 0, 2, (0, 0, 1), 10): (1, 1)
(7, 0, 2, (0, 0, 1), 11): (2, 2)
(7, 0, 2, (0, 0, 1), 14): (1, 1)
(7, 0, 2, (0, 0, 1), 15): (1, 1)
(7, 0, 2, (0, 1, 0), -14): (0, 1)
(7, 0, 2, (0, 1, 0), -10): (0, 1)
(7, 0, 2, (0, 1, 0), -9): (0, 1)
(7, 0, 2, (0, 1, 0), -8): (0, 1)
(7, 0, 2, (0, 1, 0), -7): (0, 2)
(7, 0, 2, (0, 1, 0), -6): (1, 2)
(7, 0, 2, (0, 1, 0), -5): (0, 8)
(7, 0, 2, (0, 1, 0), -4): (1, 4)
(7, 0, 2, (0, 1, 0), -3): (0, 8)
(7, 0, 2, (0, 1, 0), -2): (0, 7)
(7, 0, 2, (0, 1, 0), -1): (6, 12)
(7, 0, 2, (0, 1, 0), 0): (9, 19)
(7, 0, 2, (0, 1, 0), 1): (13, 21)
(7, 0, 2, (0, 1, 0), 2): (11, 15)
(7, 0, 2, (0, 1, 0), 3): (14, 16)
(7, 0, 2, (0, 1, 0), 4): (14, 14)
(7, 0, 2, (0, 1, 0), 5): (11, 12)
(7, 0, 2, (0, 1, 0), 6): (13, 13)
(7, 0, 2, (0, 1, 0), 7): (9, 9)
(7, 0, 2, (0, 1, 0), 8): (3, 3)
(7, 0, 2, (0, 1, 0), 9): (1, 1)
(7, 0, 2, (0, 1, 0), 10): (1, 1)
(7, 0, 2, (0, 1, 0), 11): (1, 1)
(7, 0, 2, (0, 1, 0), 12): (1, 1)
(7, 0, 2, (0, 1, 1), -11): (0, 1)
(7, 0, 2, (0, 1, 1), -8): (0, 1)
(7, 0, 2, (0, 1, 1), -7): (0, 1)
(7, 0, 2, (0, 1, 1), -6): (0, 2)
(7, 0, 2, (0, 1, 1), -5): (0, 4)
(7, 0, 2, (0, 1, 1), -3): (0, 1)
(7, 0, 2, (0, 1, 1), -2): (1, 6)
(7, 0, 2, (0, 1, 1), -1): (3, 9)
(7, 0, 2, (0, 1, 1), 0): (7, 10)
(7, 0, 2, (0, 1, 1), 1): (8, 8)
(7, 0, 2, (0, 1, 1), 2): (3, 4)
(7, 0, 2, (0, 1, 1), 3): (9, 9)
(7, 0, 2, (0, 1, 1), 4): (3, 3)
(7, 0, 2, (0, 1, 1), 5): (3, 3)
(7, 0, 2, (0, 1, 1), 6): (2, 2)
(7, 0, 2, (0, 1, 1), 9): (2, 2)
(7, 0, 2, (0, 1, 1), 12): (1, 1)
(7, 0, 2, (0, 1, 1), 13): (1, 1)
(7, 0, 2, (1, 0, 0), -11): (0, 1)
(7, 0, 2, (1, 0, 0), -10): (0, 2)
(7, 0, 2, (1, 0, 0), -9): (0, 3)
(7, 0, 2, (1, 0, 0), -8): (0, 6)
(7, 0, 2, (1, 0, 0), -7): (1, 7)
(7, 0, 2, (1, 0, 0), -6): (0, 10)
(7, 0, 2, (1, 0, 0), -5): (0, 14)
(7, 0, 2, (1, 0, 0), -4): (1, 20)
(7, 0, 2, (1, 0, 0), -3): (2, 28)
(7, 0, 2, (1, 0, 0), -2): (4, 31)
(7, 0, 2, (1, 0, 0), -1): (8, 40)
(7, 0, 2, (1, 0, 0), 0): (15, 32)
(7, 0, 2, (1, 0, 0), 1): (33, 42)
(7, 0, 2, (1, 0, 0), 2): (32, 43)
(7, 0, 2, (1, 0, 0), 3): (41, 44)
(7, 0, 2, (1, 0, 0), 4): (20, 20)
(7, 0, 2, (1, 0, 0), 5): (13, 13)
(7, 0, 2, (1, 0, 0), 6): (11, 12)
(7, 0, 2, (1, 0, 0), 7): (8, 8)
(7, 0, 2, (1, 0, 0), 8): (2, 2)
(7, 0, 2, (1, 0, 0), 9): (1, 1)
(7, 0, 2, (1, 0, 0), 10): (2, 2)
(7, 0, 2, (1, 0, 0), 11): (2, 2)
(7, 0, 2, (1, 0, 0), 12): (1, 1)
(7, 0, 2, (1, 0, 0), 18): (1, 1)
(7, 0, 2, (1, 0, 1), -11): (0, 1)
(7, 0, 2, (1, 0, 1), -10): (0, 1)
(7, 0, 2, (1, 0, 1), -9): (0, 1)
(7, 0, 2, (1, 0, 1), -8): (0, 1)
(7, 0, 2, (1, 0, 1), -6): (0, 3)
(7, 0, 2, (1, 0, 1), -5): (0, 4)
(7, 0, 2, (1, 0, 1), -4): (0, 3)
(7, 0, 2, (1, 0, 1), -3): (0, 6)
(7, 0, 2, (1, 0, 1), -2): (1, 7)
(7, 0, 2, (1, 0, 1), -1): (3, 10)
(7, 0, 2, (1, 0, 1), 0): (7, 13)
(7, 0, 2, (1, 0, 1), 1): (10, 11)
(7, 0, 2, (1, 0, 1), 2): (4, 5)
(7, 0, 2, (1, 0, 1), 3): (4, 4)
(7, 0, 2, (1, 0, 1), 4): (8, 8)
(7, 0, 2, (1, 0, 1), 5): (6, 6)
(7, 0, 2, (1, 0, 1), 6): (3, 3)
(7, 0, 2, (1, 0, 1), 7): (4, 4)
(7, 0, 2, (1, 0, 1), 9): (3, 3)
(7, 0, 2, (1, 0, 1), 10): (1, 1)
(7, 0, 2, (1, 1, 0), -22): (0, 1)
(7, 0, 2, (1, 1, 0), -13): (0, 1)
(7, 0, 2, (1, 1, 0), -11): (0, 1)
(7, 0, 2, (1, 1, 0), -10): (0, 2)
(7, 0, 2, (1, 1, 0), -8): (0, 4)
(7, 0, 2, (1, 1, 0), -7): (0, 5)
(7, 0, 2, (1, 1, 0), -6): (0, 6)
(7, 0, 2, (1, 1, 0), -5): (0, 6)
(7, 0, 2, (1, 1, 0), -4): (1, 8)
(7, 0, 2, (1, 1, 0), -3): (1, 11)
(7, 0, 2, (1, 1, 0), -2): (2, 12)
(7, 0, 2, (1, 1, 0), -1): (5, 11)
(7, 0, 2, (1, 1, 0), 0): (3, 10)
(7, 0, 2, (1, 1, 0), 1): (8, 13)
(7, 0, 2, (1, 1, 0), 2): (16, 18)
(7, 0, 2, (1, 1, 0), 3): (10, 10)
(7, 0, 2, (1, 1, 0), 4): (10, 11)
(7, 0, 2, (1, 1, 0), 5): (6, 6)
(7, 0, 2, (1, 1, 0), 6): (3, 3)
(7, 0, 2, (1, 1, 0), 7): (4, 4)
(7, 0, 2, (1, 1, 0), 8): (7, 7)
(7, 0, 2, (1, 1, 0), 9): (1, 1)
(7, 0, 2, (1, 1, 0), 18): (1, 1)
(7, 0, 2, (1, 1, 1), -13): (0, 1)
(7, 0, 2, (1, 1, 1), -7): (0, 1)
(7, 0, 2, (1, 1, 1), -6): (0, 3)
(7, 0, 2, (1, 1, 1), -5): (0, 1)
(7, 0, 2, (1, 1, 1), -4): (1, 2)
(7, 0, 2, (1, 1, 1), -3): (1, 4)
(7, 0, 2, (1, 1, 1), -2): (3, 5)
(7, 0, 2, (1, 1, 1), -1): (1, 4)
(7, 0, 2, (1, 1, 1), 0): (7, 13)
(7, 0, 2, (1, 1, 1), 1): (7, 9)
(7, 0, 2, (1, 1, 1), 2): (8, 8)
(7, 0, 2, (1, 1, 1), 3): (3, 3)
(7, 0, 2, (1, 1, 1), 5): (1, 1)
(7, 0, 2, (1, 1, 1), 6): (1, 1)
(7, 0, 2, (1, 1, 1), 7): (2, 2)
(7, 0, 2, (1, 1, 1), 8): (2, 2)
(7, 0, 2, (1, 1, 1), 9): (1, 1)
(7, 1, 0, (0, 0, 0), -18): (0, 1)
(7, 1, 0, (0, 0, 0), -15): (0, 1)
(7, 1, 0, (0, 0, 0), -14): (0, 1)
(7, 1, 0, (0, 0, 0), -13): (0, 2)
(7, 1, 0, (0, 0, 0), -12): (0, 4)
(7, 1, 0, (0, 0, 0), -11): (0, 5)
(7, 1, 0, (0, 0, 0), -10): (0, 7)
(7, 1, 0, (0, 0, 0), -9): (0, 12)
(7, 1, 0, (0, 0, 0), -8): (1, 15)
(7, 1, 0, (0, 0, 0), -7): (0, 23)
(7, 1, 0, (0, 0, 0), -6): (1, 30)
(7, 1, 0, (0, 0, 0), -5): (2, 58)
(7, 1, 0, (0, 0, 0), -4): (4, 64)
(7, 1, 0, (0, 0, 0), -3): (8, 100)
(7, 1, 0, (0, 0, 0), -2): (26, 117)
(7, 1, 0, (0, 0, 0), -1): (48, 132)
(7, 1, 0, (0, 0, 0), 0): (73, 125)
(7, 1, 0, (0, 0, 0), 1): (83, 111)
(7, 1, 0, (0, 0, 0), 2): (82, 89)
(7, 1, 0, (0, 0, 0), 3): (79, 84)
(7, 1, 0, (0, 0, 0), 4): (48, 48)
(7, 1, 0, (0, 0, 0), 5): (52, 52)
(7, 1, 0, (0, 0, 0), 6): (32, 33)
(7, 1, 0, (0, 0, 0), 7): (19, 19)
(7, 1, 0, (0, 0, 0), 8): (16, 16)
(7, 1, 0, (0, 0, 0), 9): (6, 6)
(7, 1, 0, (0, 0, 0), 10): (4, 4)
(7, 1, 0, (0, 0, 0), 11): (7, 7)
(7, 1, 0, (0, 0, 0), 12): (1, 1)
(7, 1, 0, (0, 0, 0), 13): (2, 2)
(7, 1, 0, (0, 0, 0), 14): (1, 1)
(7, 1, 0, (0, 0, 0), 15): (1, 1)
(7, 1, 0, (0, 0, 0), 22): (1, 1)
(7, 1, 0, (0, 0, 1), -7): (0, 2)
(7, 1, 0, (0, 0, 1), -6): (0, 1)
(7, 1, 0, (0, 0, 1), -5): (0, 1)
(7, 1, 0, (0, 0, 1), -4): (0, 3)
(7, 1, 0, (0, 0, 1), -2): (1, 2)
(7, 1, 0, (0, 0, 1), -1): (0, 1)
(7, 1, 0, (0, 0, 1), 0): (4, 4)
(7, 1, 0, (0, 0, 1), 1): (3, 3)
(7, 1, 0, (0, 0, 1), 2): (2, 2)
(7, 1, 0, (0, 0, 1), 3): (3, 3)
(7, 1, 0, (0, 0, 1), 4): (2, 2)
(7, 1, 0, (0, 0, 1), 5): (3, 3)
(7, 1, 0, (0, 0, 1), 7): (2, 2)
(7, 1, 0, (0, 0, 1), 8): (1, 1)
(7, 1, 0, (0, 0, 1), 9): (1, 1)
(7, 1, 0, (0, 1, 0), -15): (0, 1)
(7, 1, 0, (0, 1, 0), -14): (0, 1)
(7, 1, 0, (0, 1, 0), -10): (0, 1)
(7, 1, 0, (0, 1, 0), -9): (0, 1)
(7, 1, 0, (0, 1, 0), -7): (0, 1)
(7, 1, 0, (0, 1, 0), -6): (0, 3)
(7, 1, 0, (0, 1, 0), -5): (0, 1)
(7, 1, 0, (0, 1, 0), -4): (0, 2)
(7, 1, 0, (0, 1, 0), -3): (0, 7)
(7, 1, 0, (0, 1, 0), -2): (1, 7)
(7, 1, 0, (0, 1, 0), -1): (3, 7)
(7, 1, 0, (0, 1, 0), 0): (3, 7)
(7, 1, 0, (0, 1, 0), 1): (6, 6)
(7, 1, 0, (0, 1, 0), 2): (7, 7)
(7, 1, 0, (0, 1, 0), 3): (6, 6)
(7, 1, 0, (0, 1, 0), 4): (1, 1)
(7, 1, 0, (0, 1, 0), 5): (5, 5)
(7, 1, 0, (0, 1, 0), 6): (1, 1)
(7, 1, 0, (0, 1, 0), 7): (1, 1)
(7, 1, 0, (0, 1, 0), 8): (2, 2)
(7, 1, 0, (0, 1, 0), 9): (2, 2)
(7, 1, 0, (0, 1, 0), 12): (1, 1)
(7, 1, 0, (0, 1, 0), 13): (1, 1)
(7, 1, 0, (0, 1, 0), 22): (1, 1)
(7, 1, 0, (0, 1, 1), -8): (0, 1)
(7, 1, 0, (0, 1, 1), -5): (0, 2)
(7, 1, 0, (0, 1, 1), -4): (0, 2)
(7, 1, 0, (0, 1, 1), -3): (0, 1)
(7, 1, 0, (0, 1, 1), -2): (1, 1)
(7, 1, 0, (0, 1, 1), -1): (1, 1)
(7, 1, 0, (0, 1, 1), 0): (0, 1)
(7, 1, 0, (0, 1, 1), 2): (1, 1)
(7, 1, 0, (0, 1, 1), 5): (2, 2)
(7, 1, 0, (0, 1, 1), 22): (1, 1)
(7, 1, 0, (1, 0, 0), -14): (0, 1)
(7, 1, 0, (1, 0, 0), -12): (0, 2)
(7, 1, 0, (1, 0, 0), -11): (0, 2)
(7, 1, 0, (1, 0, 0), -10): (0, 2)
(7, 1, 0, (1, 0, 0), -9): (0, 3)
(7, 1, 0, (1, 0, 0), -8): (0, 7)
(7, 1, 0, (1, 0, 0), -7): (0, 7)
(7, 1, 0, (1, 0, 0), -6): (1, 12)
(7, 1, 0, (1, 0, 0), -5): (0, 16)
(7, 1, 0, (1, 0, 0), -4): (2, 20)
(7, 1, 0, (1, 0, 0), -3): (5, 26)
(7, 1, 0, (1, 0, 0), -2): (13, 39)
(7, 1, 0, (1, 0, 0), -1): (13, 40)
(7, 1, 0, (1, 0, 0), 0): (21, 35)
(7, 1, 0, (1, 0, 0), 1): (23, 30)
(7, 1, 0, (1, 0, 0), 2): (26, 27)
(7, 1, 0, (1, 0, 0), 3): (27, 29)
(7, 1, 0, (1, 0, 0), 4): (12, 12)
(7, 1, 0, (1, 0, 0), 5): (11, 11)
(7, 1, 0, (1, 0, 0), 6): (13, 13)
(7, 1, 0, (1, 0, 0), 7): (1, 1)
(7, 1, 0, (1, 0, 0), 8): (3, 3)
(7, 1, 0, (1, 0, 0), 9): (3, 3)
(7, 1, 0, (1, 0, 0), 10): (1, 1)
(7, 1, 0, (1, 0, 0), 11): (2, 2)
(7, 1, 0, (1, 0, 0), 13): (1, 1)
(7, 1, 0, (1, 0, 0), 22): (1, 1)
(7, 1, 0, (1, 0, 1), -14): (0, 1)
(7, 1, 0, (1, 0, 1), -7): (0, 2)
(7, 1, 0, (1, 0, 1), -6): (0, 5)
(7, 1, 0, (1, 0, 1), -5): (0, 4)
(7, 1, 0, (1, 0, 1), -4): (0, 2)
(7, 1, 0, (1, 0, 1), -3): (1, 5)
(7, 1, 0, (1, 0, 1), -2): (2, 5)
(7, 1, 0, (1, 0, 1), -1): (2, 3)
(7, 1, 0, (1, 0, 1), 0): (5, 7)
(7, 1, 0, (1, 0, 1), 1): (2, 2)
(7, 1, 0, (1, 0, 1), 2): (2, 2)
(7, 1, 0, (1, 0, 1), 3): (2, 2)
(7, 1, 0, (1, 0, 1), 4): (1, 1)
(7, 1, 0, (1, 0, 1), 5): (3, 3)
(7, 1, 0, (1, 0, 1), 6): (1, 1)
(7, 1, 0, (1, 0, 1), 22): (1, 1)
(7, 1, 0, (1, 1, 0), -14): (0, 1)
(7, 1, 0, (1, 1, 0), -9): (0, 2)
(7, 1, 0, (1, 1, 0), -8): (0, 2)
(7, 1, 0, (1, 1, 0), -7): (0, 2)
(7, 1, 0, (1, 1, 0), -6): (0, 7)
(7, 1, 0, (1, 1, 0), -5): (0, 7)
(7, 1, 0, (1, 1, 0), -4): (0, 5)
(7, 1, 0, (1, 1, 0), -3): (2, 4)
(7, 1, 0, (1, 1, 0), -2): (4, 9)
(7, 1, 0, (1, 1, 0), -1): (4, 7)
(7, 1, 0, (1, 1, 0), 0): (2, 4)
(7, 1, 0, (1, 1, 0), 1): (4, 6)
(7, 1, 0, (1, 1, 0), 2): (4, 4)
(7, 1, 0, (1, 1, 0), 3): (7, 7)
(7, 1, 0, (1, 1, 0), 4): (2, 2)
(7, 1, 0, (1, 1, 0), 5): (2, 2)
(7, 1, 0, (1, 1, 0), 6): (1, 1)
(7, 1, 0, (1, 1, 0), 7): (1, 1)
(7, 1, 0, (1, 1, 0), 8): (1, 1)
(7, 1, 0, (1, 1, 1), -14): (0, 1)
(7, 1, 0, (1, 1, 1), -13): (0, 1)
(7, 1, 0, (1, 1, 1), -12): (0, 1)
(7, 1, 0, (1, 1, 1), -8): (0, 1)
(7, 1, 0, (1, 1, 1), -7): (0, 2)
(7, 1, 0, (1, 1, 1), -6): (0, 1)
(7, 1, 0, (1, 1, 1), -5): (0, 2)
(7, 1, 0, (1, 1, 1), -4): (0, 2)
(7, 1, 0, (1, 1, 1), -3): (1, 2)
(7, 1, 0, (1, 1, 1), -2): (1, 2)
(7, 1, 0, (1, 1, 1), 0): (1, 1)
(7, 1, 0, (1, 1, 1), 1): (2, 2)
(7, 1, 0, (1, 1, 1), 2): (1, 1)
(7, 1, 0, (1, 1, 1), 22): (1, 1)
(7, 1, 1, (0, 0, 0), -18): (0, 1)
(7, 1, 1, (0, 0, 0), -13): (0, 2)
(7, 1, 1, (0, 0, 0), -12): (0, 2)
(7, 1, 1, (0, 0, 0), -11): (0, 3)
(7, 1, 1, (0, 0, 0), -10): (0, 3)
(7, 1, 1, (0, 0, 0), -9): (0, 9)
(7, 1, 1, (0, 0, 0), -8): (1, 7)
(7, 1, 1, (0, 0, 0), -7): (0, 14)
(7, 1, 1, (0, 0, 0), -6): (0, 16)
(7, 1, 1, (0, 0, 0), -5): (2, 41)
(7, 1, 1, (0, 0, 0), -4): (3, 42)
(7, 1, 1, (0, 0, 0), -3): (3, 69)
(7, 1, 1, (0, 0, 0), -2): (10, 72)
(7, 1, 1, (0, 0, 0), -1): (34, 90)
(7, 1, 1, (0, 0, 0), 0): (43, 79)
(7, 1, 1, (0, 0, 0), 1): (57, 80)
(7, 1, 1, (0, 0, 0), 2): (50, 56)
(7, 1, 1, (0, 0, 0), 3): (57, 60)
(7, 1, 1, (0, 0, 0), 4): (37, 38)
(7, 1, 1, (0, 0, 0), 5): (39, 39)
(7, 1, 1, (0, 0, 0), 6): (25, 26)
(7, 1, 1, (0, 0, 0), 7): (16, 16)
(7, 1, 1, (0, 0, 0), 8): (13, 13)
(7, 1, 1, (0, 0, 0), 9): (2, 2)
(7, 1, 1, (0, 0, 0), 10): (4, 4)
(7, 1, 1, (0, 0, 0), 11): (5, 5)
(7, 1, 1, (0, 0, 0), 12): (1, 1)
(7, 1, 1, (0, 0, 0), 14): (1, 1)
(7, 1, 1, (0, 0, 0), 15): (1, 1)
(7, 1, 1, (0, 0, 1), -10): (0, 1)
(7, 1, 1, (0, 0, 1), -9): (0, 1)
(7, 1, 1, (0, 0, 1), -7): (0, 1)
(7, 1, 1, (0, 0, 1), -6): (0, 1)
(7, 1, 1, (0, 0, 1), -5): (1, 2)
(7, 1, 1, (0, 0, 1), -4): (0, 3)
(7, 1, 1, (0, 0, 1), -3): (0, 3)
(7, 1, 1, (0, 0, 1), -2): (1, 8)
(7, 1, 1, (0, 0, 1), -1): (4, 8)
(7, 1, 1, (0, 0, 1), 0): (4, 7)
(7, 1, 1, (0, 0, 1), 1): (6, 7)
(7, 1, 1, (0, 0, 1), 2): (4, 5)
(7, 1, 1, (0, 0, 1), 3): (6, 6)
(7, 1, 1, (0, 0, 1), 4): (1, 1)
(7, 1, 1, (0, 0, 1), 5): (6, 6)
(7, 1, 1, (0, 0, 1), 7): (2, 2)
(7, 1, 1, (0, 0, 1), 8): (1, 1)
(7, 1, 1, (0, 0, 1), 10): (1, 1)
(7, 1, 1, (0, 0, 1), 15): (1, 1)
(7, 1, 1, (0, 1, 0), -12): (0, 1)
(7, 1, 1, (0, 1, 0), -7): (0, 2)
(7, 1, 1, (0, 1, 0), -6): (0, 2)
(7, 1, 1, (0, 1, 0), -5): (1, 6)
(7, 1, 1, (0, 1, 0), -4): (1, 8)
(7, 1, 1, (0, 1, 0), -3): (0, 6)
(7, 1, 1, (0, 1, 0), -2): (3, 16)
(7, 1, 1, (0, 1, 0), -1): (8, 27)
(7, 1, 1, (0, 1, 0), 0): (11, 21)
(7, 1, 1, (0, 1, 0), 1): (16, 22)
(7, 1, 1, (0, 1, 0), 2): (15, 16)
(7, 1, 1, (0, 1, 0), 3): (14, 15)
(7, 1, 1, (0, 1, 0), 4): (10, 10)
(7, 1, 1, (0, 1, 0), 5): (7, 7)
(7, 1, 1, (0, 1, 0), 6): (7, 7)
(7, 1, 1, (0, 1, 0), 7): (4, 4)
(7, 1, 1, (0, 1, 0), 8): (2, 2)
(7, 1, 1, (0, 1, 0), 9): (3, 3)
(7, 1, 1, (0, 1, 0), 10): (1, 1)
(7, 1, 1, (0, 1, 0), 13): (1, 1)
(7, 1, 1, (0, 1, 1), -14): (0, 1)
(7, 1, 1, (0, 1, 1), -6): (0, 3)
(7, 1, 1, (0, 1, 1), -5): (0, 3)
(7, 1, 1, (0, 1, 1), -4): (0, 2)
(7, 1, 1, (0, 1, 1), -3): (0, 2)
(7, 1, 1, (0, 1, 1), -2): (0, 2)
(7, 1, 1, (0, 1, 1), -1): (2, 2)
(7, 1, 1, (0, 1, 1), 0): (3, 5)
(7, 1, 1, (0, 1, 1), 1): (5, 6)
(7, 1, 1, (0, 1, 1), 2): (6, 6)
(7, 1, 1, (0, 1, 1), 3): (6, 6)
(7, 1, 1, (0, 1, 1), 4): (2, 2)
(7, 1, 1, (0, 1, 1), 5): (2, 2)
(7, 1, 1, (0, 1, 1), 6): (3, 3)
(7, 1, 1, (0, 1, 1), 7): (3, 3)
(7, 1, 1, (0, 1, 1), 9): (2, 2)
(7, 1, 1, (0, 1, 1), 11): (1, 1)
(7, 1, 1, (1, 0, 0), -12): (0, 3)
(7, 1, 1, (1, 0, 0), -11): (0, 3)
(7, 1, 1, (1, 0, 0), -10): (0, 3)
(7, 1, 1, (1, 0, 0), -9): (0, 3)
(7, 1, 1, (1, 0, 0), -8): (1, 4)
(7, 1, 1, (1, 0, 0), -7): (0, 8)
(7, 1, 1, (1, 0, 0), -6): (1, 9)
(7, 1, 1, (1, 0, 0), -5): (0, 15)
(7, 1, 1, (1, 0, 0), -4): (2, 17)
(7, 1, 1, (1, 0, 0), -3): (3, 34)
(7, 1, 1, (1, 0, 0), -2): (5, 25)
(7, 1, 1, (1, 0, 0), -1): (7, 39)
(7, 1, 1, (1, 0, 0), 0): (16, 32)
(7, 1, 1, (1, 0, 0), 1): (26, 32)
(7, 1, 1, (1, 0, 0), 2): (21, 23)
(7, 1, 1, (1, 0, 0), 3): (30, 32)
(7, 1, 1, (1, 0, 0), 4): (19, 20)
(7, 1, 1, (1, 0, 0), 5): (14, 14)
(7, 1, 1, (1, 0, 0), 6): (18, 19)
(7, 1, 1, (1, 0, 0), 7): (11, 11)
(7, 1, 1, (1, 0, 0), 8): (6, 6)
(7, 1, 1, (1, 0, 0), 9): (2, 2)
(7, 1, 1, (1, 0, 0), 10): (1, 1)
(7, 1, 1, (1, 0, 0), 11): (2, 2)
(7, 1, 1, (1, 0, 0), 14): (1, 1)
(7, 1, 1, (1, 0, 1), -10): (0, 1)
(7, 1, 1, (1, 0, 1), -9): (0, 2)
(7, 1, 1, (1, 0, 1), -8): (0, 1)
(7, 1, 1, (1, 0, 1), -7): (0, 2)
(7, 1, 1, (1, 0, 1), -5): (0, 4)
(7, 1, 1, (1, 0, 1), -4): (0, 4)
(7, 1, 1, (1, 0, 1), -3): (0, 5)
(7, 1, 1, (1, 0, 1), -2): (2, 5)
(7, 1, 1, (1, 0, 1), -1): (2, 5)
(7, 1, 1, (1, 0, 1), 0): (6, 7)
(7, 1, 1, (1, 0, 1), 1): (3, 4)
(7, 1, 1, (1, 0, 1), 2): (4, 5)
(7, 1, 1, (1, 0, 1), 3): (7, 7)
(7, 1, 1, (1, 0, 1), 4): (6, 6)
(7, 1, 1, (1, 0, 1), 5): (2, 2)
(7, 1, 1, (1, 0, 1), 7): (2, 2)
(7, 1, 1, (1, 0, 1), 8): (2, 2)
(7, 1, 1, (1, 0, 1), 9): (2, 2)
(7, 1, 1, (1, 0, 1), 10): (2, 2)
(7, 1, 1, (1, 1, 0), -12): (0, 1)
(7, 1, 1, (1, 1, 0), -11): (0, 2)
(7, 1, 1, (1, 1, 0), -10): (0, 3)
(7, 1, 1, (1, 1, 0), -9): (0, 2)
(7, 1, 1, (1, 1, 0), -8): (1, 3)
(7, 1, 1, (1, 1, 0), -7): (0, 2)
(7, 1, 1, (1, 1, 0), -6): (0, 1)
(7, 1, 1, (1, 1, 0), -5): (0, 9)
(7, 1, 1, (1, 1, 0), -4): (1, 7)
(7, 1, 1, (1, 1, 0), -3): (2, 11)
(7, 1, 1, (1, 1, 0), -2): (2, 10)
(7, 1, 1, (1, 1, 0), -1): (4, 12)
(7, 1, 1, (1, 1, 0), 0): (8, 10)
(7, 1, 1, (1, 1, 0), 1): (7, 14)
(7, 1, 1, (1, 1, 0), 2): (5, 6)
(7, 1, 1, (1, 1, 0), 3): (9, 10)
(7, 1, 1, (1, 1, 0), 4): (6, 7)
(7, 1, 1, (1, 1, 0), 5): (6, 6)
(7, 1, 1, (1, 1, 0), 6): (7, 7)
(7, 1, 1, (1, 1, 0), 7): (4, 4)
(7, 1, 1, (1, 1, 0), 8): (1, 1)
(7, 1, 1, (1, 1, 0), 9): (2, 2)
(7, 1, 1, (1, 1, 0), 11): (1, 1)
(7, 1, 1, (1, 1, 1), -9): (0, 1)
(7, 1, 1, (1, 1, 1), -8): (1, 1)
(7, 1, 1, (1, 1, 1), -7): (1, 2)
(7, 1, 1, (1, 1, 1), -5): (0, 4)
(7, 1, 1, (1, 1, 1), -4): (0, 3)
(7, 1, 1, (1, 1, 1), -3): (0, 1)
(7, 1, 1, (1, 1, 1), -2): (0, 1)
(7, 1, 1, (1, 1, 1), -1): (0, 2)
(7, 1, 1, (1, 1, 1), 0): (3, 3)
(7, 1, 1, (1, 1, 1), 1): (5, 6)
(7, 1, 1, (1, 1, 1), 2): (3, 3)
(7, 1, 1, (1, 1, 1), 4): (3, 3)
(7, 1, 1, (1, 1, 1), 5): (2, 2)
(7, 1, 1, (1, 1, 1), 7): (1, 1)
(7, 1, 1, (1, 1, 1), 10): (1, 1)
(7, 1, 1, (1, 1, 1), 22): (1, 1)
(7, 1, 2, (0, 0, 0), -18): (0, 1)
(7, 1, 2, (0, 0, 0), -13): (0, 2)
(7, 1, 2, (0, 0, 0), -11): (0, 2)
(7, 1, 2, (0, 0, 0), -10): (0, 2)
(7, 1, 2, (0, 0, 0), -9): (0, 8)
(7, 1, 2, (0, 0, 0), -8): (0, 8)
(7, 1, 2, (0, 0, 0), -7): (0, 7)
(7, 1, 2, (0, 0, 0), -6): (0, 10)
(7, 1, 2, (0, 0, 0), -5): (0, 32)
(7, 1, 2, (0, 0, 0), -4): (3, 37)
(7, 1, 2, (0, 0, 0), -3): (2, 53)
(7, 1, 2, (0, 0, 0), -2): (10, 64)
(7, 1, 2, (0, 0, 0), -1): (32, 75)
(7, 1, 2, (0, 0, 0), 0): (36, 64)
(7, 1, 2, (0, 0, 0), 1): (44, 60)
(7, 1, 2, (0, 0, 0), 2): (40, 44)
(7, 1, 2, (0, 0, 0), 3): (44, 46)
(7, 1, 2, (0, 0, 0), 4): (28, 29)
(7, 1, 2, (0, 0, 0), 5): (29, 29)
(7, 1, 2, (0, 0, 0), 6): (18, 18)
(7, 1, 2, (0, 0, 0), 7): (11, 11)
(7, 1, 2, (0, 0, 0), 8): (9, 9)
(7, 1, 2, (0, 0, 0), 9): (1, 1)
(7, 1, 2, (0, 0, 0), 10): (3, 3)
(7, 1, 2, (0, 0, 0), 11): (4, 4)
(7, 1, 2, (0, 0, 0), 12): (2, 2)
(7, 1, 2, (0, 0, 0), 13): (2, 2)
(7, 1, 2, (0, 0, 0), 14): (1, 1)
(7, 1, 2, (0, 0, 0), 15): (1, 1)
(7, 1, 2, (0, 0, 1), -13): (0, 1)
(7, 1, 2, (0, 0, 1), -9): (0, 1)
(7, 1, 2, (0, 0, 1), -7): (0, 2)
(7, 1, 2, (0, 0, 1), -6): (0, 3)
(7, 1, 2, (0, 0, 1), -5): (1, 6)
(7, 1, 2, (0, 0, 1), -4): (1, 8)
(7, 1, 2, (0, 0, 1), -3): (0, 1)
(7, 1, 2, (0, 0, 1), -2): (0, 10)
(7, 1, 2, (0, 0, 1), -1): (5, 15)
(7, 1, 2, (0, 0, 1), 0): (3, 8)
(7, 1, 2, (0, 0, 1), 1): (8, 10)
(7, 1, 2, (0, 0, 1), 2): (9, 9)
(7, 1, 2, (0, 0, 1), 3): (6, 6)
(7, 1, 2, (0, 0, 1), 4): (9, 9)
(7, 1, 2, (0, 0, 1), 5): (7, 7)
(7, 1, 2, (0, 0, 1), 6): (4, 4)
(7, 1, 2, (0, 0, 1), 7): (2, 2)
(7, 1, 2, (0, 0, 1), 8): (4, 4)
(7, 1, 2, (0, 0, 1), 10): (1, 1)
(7, 1, 2, (0, 0, 1), 11): (3, 3)
(7, 1, 2, (0, 0, 1), 15): (1, 1)
(7, 1, 2, (0, 1, 0), -13): (0, 1)
(7, 1, 2, (0, 1, 0), -12): (0, 2)
(7, 1, 2, (0, 1, 0), -9): (0, 1)
(7, 1, 2, (0, 1, 0), -8): (0, 1)
(7, 1, 2, (0, 1, 0), -6): (0, 2)
(7, 1, 2, (0, 1, 0), -5): (0, 4)
(7, 1, 2, (0, 1, 0), -4): (0, 5)
(7, 1, 2, (0, 1, 0), -3): (0, 6)
(7, 1, 2, (0, 1, 0), -2): (4, 18)
(7, 1, 2, (0, 1, 0), -1): (6, 25)
(7, 1, 2, (0, 1, 0), 0): (10, 22)
(7, 1, 2, (0, 1, 0), 1): (16, 23)
(7, 1, 2, (0, 1, 0), 2): (16, 19)
(7, 1, 2, (0, 1, 0), 3): (24, 25)
(7, 1, 2, (0, 1, 0), 4): (5, 5)
(7, 1, 2, (0, 1, 0), 5): (12, 12)
(7, 1, 2, (0, 1, 0), 6): (9, 9)
(7, 1, 2, (0, 1, 0), 7): (5, 5)
(7, 1, 2, (0, 1, 0), 8): (6, 6)
(7, 1, 2, (0, 1, 0), 9): (1, 1)
(7, 1, 2, (0, 1, 0), 10): (2, 2)
(7, 1, 2, (0, 1, 0), 11): (2, 2)
(7, 1, 2, (0, 1, 1), -8): (0, 1)
(7, 1, 2, (0, 1, 1), -7): (0, 2)
(7, 1, 2, (0, 1, 1), -6): (0, 3)
(7, 1, 2, (0, 1, 1), -5): (0, 3)
(7, 1, 2, (0, 1, 1), -4): (0, 3)
(7, 1, 2, (0, 1, 1), -3): (0, 5)
(7, 1, 2, (0, 1, 1), -2): (1, 3)
(7, 1, 2, (0, 1, 1), -1): (1, 3)
(7, 1, 2, (0, 1, 1), 0): (4, 9)
(7, 1, 2, (0, 1, 1), 1): (6, 8)
(7, 1, 2, (0, 1, 1), 2): (3, 3)
(7, 1, 2, (0, 1, 1), 3): (4, 4)
(7, 1, 2, (0, 1, 1), 4): (3, 3)
(7, 1, 2, (0, 1, 1), 5): (2, 2)
(7, 1, 2, (0, 1, 1), 6): (1, 1)
(7, 1, 2, (0, 1, 1), 7): (1, 1)
(7, 1, 2, (0, 1, 1), 8): (1, 1)
(7, 1, 2, (0, 1, 1), 9): (1, 1)
(7, 1, 2, (0, 1, 1), 11): (1, 1)
(7, 1, 2, (0, 1, 1), 13): (1, 1)
(7, 1, 2, (1, 0, 0), -13): (0, 1)
(7, 1, 2, (1, 0, 0), -12): (0, 2)
(7, 1, 2, (1, 0, 0), -11): (0, 2)
(7, 1, 2, (1, 0, 0), -10): (0, 2)
(7, 1, 2, (1, 0, 0), -9): (0, 4)
(7, 1, 2, (1, 0, 0), -8): (0, 5)
(7, 1, 2, (1, 0, 0), -7): (0, 9)
(7, 1, 2, (1, 0, 0), -6): (0, 14)
(7, 1, 2, (1, 0, 0), -5): (0, 16)
(7, 1, 2, (1, 0, 0), -4): (2, 25)
(7, 1, 2, (1, 0, 0), -3): (0, 35)
(7, 1, 2, (1, 0, 0), -2): (6, 28)
(7, 1, 2, (1, 0, 0), -1): (12, 44)
(7, 1, 2, (1, 0, 0), 0): (22, 42)
(7, 1, 2, (1, 0, 0), 1): (27, 34)
(7, 1, 2, (1, 0, 0), 2): (28, 32)
(7, 1, 2, (1, 0, 0), 3): (26, 27)
(7, 1, 2, (1, 0, 0), 4): (24, 25)
(7, 1, 2, (1, 0, 0), 5): (21, 21)
(7, 1, 2, (1, 0, 0), 6): (13, 14)
(7, 1, 2, (1, 0, 0), 7): (9, 9)
(7, 1, 2, (1, 0, 0), 8): (5, 5)
(7, 1, 2, (1, 0, 0), 9): (4, 4)
(7, 1, 2, (1, 0, 0), 10): (1, 1)
(7, 1, 2, (1, 0, 0), 12): (1, 1)
(7, 1, 2, (1, 0, 1), -11): (0, 1)
(7, 1, 2, (1, 0, 1), -9): (0, 3)
(7, 1, 2, (1, 0, 1), -8): (0, 1)
(7, 1, 2, (1, 0, 1), -6): (0, 4)
(7, 1, 2, (1, 0, 1), -5): (0, 4)
(7, 1, 2, (1, 0, 1), -4): (1, 5)
(7, 1, 2, (1, 0, 1), -3): (0, 11)
(7, 1, 2, (1, 0, 1), -2): (3, 7)
(7, 1, 2, (1, 0, 1), -1): (5, 10)
(7, 1, 2, (1, 0, 1), 0): (6, 11)
(7, 1, 2, (1, 0, 1), 1): (6, 10)
(7, 1, 2, (1, 0, 1), 2): (5, 6)
(7, 1, 2, (1, 0, 1), 3): (7, 7)
(7, 1, 2, (1, 0, 1), 4): (1, 1)
(7, 1, 2, (1, 0, 1), 5): (5, 5)
(7, 1, 2, (1, 0, 1), 6): (3, 3)
(7, 1, 2, (1, 0, 1), 8): (4, 4)
(7, 1, 2, (1, 0, 1), 9): (3, 3)
(7, 1, 2, (1, 0, 1), 11): (1, 1)
(7, 1, 2, (1, 0, 1), 12): (1, 1)
(7, 1, 2, (1, 1, 0), -12): (0, 2)
(7, 1, 2, (1, 1, 0), -10): (0, 1)
(7, 1, 2, (1, 1, 0), -9): (0, 1)
(7, 1, 2, (1, 1, 0), -8): (0, 4)
(7, 1, 2, (1, 1, 0), -7): (0, 5)
(7, 1, 2, (1, 1, 0), -6): (0, 2)
(7, 1, 2, (1, 1, 0), -5): (0, 7)
(7, 1, 2, (1, 1, 0), -4): (1, 13)
(7, 1, 2, (1, 1, 0), -3): (2, 11)
(7, 1, 2, (1, 1, 0), -2): (2, 14)
(7, 1, 2, (1, 1, 0), -1): (8, 15)
(7, 1, 2, (1, 1, 0), 0): (9, 13)
(7, 1, 2, (1, 1, 0), 1): (11, 16)
(7, 1, 2, (1, 1, 0), 2): (10, 12)
(7, 1, 2, (1, 1, 0), 3): (13, 13)
(7, 1, 2, (1, 1, 0), 4): (7, 8)
(7, 1, 2, (1, 1, 0), 5): (6, 6)
(7, 1, 2, (1, 1, 0), 6): (6, 6)
(7, 1, 2, (1, 1, 0), 7): (4, 4)
(7, 1, 2, (1, 1, 0), 8): (3, 3)
(7, 1, 2, (1, 1, 0), 9): (4, 4)
(7, 1, 2, (1, 1, 0), 23): (1, 1)
(7, 1, 2, (1, 1, 1), -12): (0, 1)
(7, 1, 2, (1, 1, 1), -8): (0, 1)
(7, 1, 2, (1, 1, 1), -7): (1, 1)
(7, 1, 2, (1, 1, 1), -6): (1, 2)
(7, 1, 2, (1, 1, 1), -5): (0, 3)
(7, 1, 2, (1, 1, 1), -4): (0, 6)
(7, 1, 2, (1, 1, 1), -3): (0, 3)
(7, 1, 2, (1, 1, 1), -2): (2, 8)
(7, 1, 2, (1, 1, 1), -1): (2, 4)
(7, 1, 2, (1, 1, 1), 0): (2, 3)
(7, 1, 2, (1, 1, 1), 1): (4, 7)
(7, 1, 2, (1, 1, 1), 2): (1, 3)
(7, 1, 2, (1, 1, 1), 3): (3, 4)
(7, 1, 2, (1, 1, 1), 4): (2, 2)
(7, 1, 2, (1, 1, 1), 6): (1, 1)
(7, 1, 2, (1, 1, 1), 7): (1, 1)
(7, 1, 2, (1, 1, 1), 8): (1, 1)
(7, 1, 2, (1, 1, 1), 9): (1, 1)
(8, 0, 0, (0, 0, 0), -23): (0, 1)
(8, 0, 0, (0, 0, 0), -15): (0, 2)
(8, 0, 0, (0, 0, 0), -14): (0, 1)
(8, 0, 0, (0, 0, 0), -13): (0, 3)
(8, 0, 0, (0, 0, 0), -12): (0, 1)
(8, 0, 0, (0, 0, 0), -11): (0, 9)
(8, 0, 0, (0, 0, 0), -10): (0, 7)
(8, 0, 0, (0, 0, 0), -9): (0, 9)
(8, 0, 0, (0, 0, 0), -8): (0, 17)
(8, 0, 0, (0, 0, 0), -7): (0, 27)
(8, 0, 0, (0, 0, 0), -6): (1, 44)
(8, 0, 0, (0, 0, 0), -5): (0, 51)
(8, 0, 0, (0, 0, 0), -4): (2, 59)
(8, 0, 0, (0, 0, 0), -3): (5, 98)
(8, 0, 0, (0, 0, 0), -2): (11, 79)
(8, 0, 0, (0, 0, 0), -1): (28, 105)
(8, 0, 0, (0, 0, 0), 0): (66, 130)
(8, 0, 0, (0, 0, 0), 1): (90, 125)
(8, 0, 0, (0, 0, 0), 2): (95, 109)
(8, 0, 0, (0, 0, 0), 3): (88, 92)
(8, 0, 0, (0, 0, 0), 4): (62, 67)
(8, 0, 0, (0, 0, 0), 5): (51, 51)
(8, 0, 0, (0, 0, 0), 6): (25, 26)
(8, 0, 0, (0, 0, 0), 7): (15, 15)
(8, 0, 0, (0, 0, 0), 8): (11, 11)
(8, 0, 0, (0, 0, 0), 9): (11, 11)
(8, 0, 0, (0, 0, 0), 10): (4, 4)
(8, 0, 0, (0, 0, 0), 11): (4, 4)
(8, 0, 0, (0, 0, 0), 12): (6, 6)
(8, 0, 0, (0, 0, 0), 13): (1, 1)
(8, 0, 0, (0, 0, 0), 18): (1, 1)
(8, 0, 0, (0, 0, 1), -9): (0, 1)
(8, 0, 0, (0, 0, 1), -8): (0, 1)
(8, 0, 0, (0, 0, 1), -6): (0, 1)
(8, 0, 0, (0, 0, 1), -4): (0, 2)
(8, 0, 0, (0, 0, 1), -3): (0, 2)
(8, 0, 0, (0, 0, 1), -1): (0, 2)
(8, 0, 0, (0, 0, 1), 0): (4, 5)
(8, 0, 0, (0, 0, 1), 2): (2, 2)
(8, 0, 0, (0, 0, 1), 3): (2, 2)
(8, 0, 0, (0, 0, 1), 5): (0, 1)
(8, 0, 0, (0, 0, 1), 6): (1, 1)
(8, 0, 0, (0, 0, 1), 8): (1, 1)
(8, 0, 0, (0, 0, 1), 12): (1, 1)
(8, 0, 0, (0, 0, 1), 14): (1, 1)
(8, 0, 0, (0, 1, 0), -9): (0, 1)
(8, 0, 0, (0, 1, 0), -8): (0, 3)
(8, 0, 0, (0, 1, 0), -7): (0, 1)
(8, 0, 0, (0, 1, 0), -6): (0, 3)
(8, 0, 0, (0, 1, 0), -5): (0, 5)
(8, 0, 0, (0, 1, 0), -4): (0, 4)
(8, 0, 0, (0, 1, 0), -3): (0, 1)
(8, 0, 0, (0, 1, 0), -2): (1, 4)
(8, 0, 0, (0, 1, 0), -1): (3, 4)
(8, 0, 0, (0, 1, 0), 0): (9, 9)
(8, 0, 0, (0, 1, 0), 1): (1, 3)
(8, 0, 0, (0, 1, 0), 2): (7, 8)
(8, 0, 0, (0, 1, 0), 3): (7, 7)
(8, 0, 0, (0, 1, 0), 4): (4, 4)
(8, 0, 0, (0, 1, 0), 5): (3, 3)
(8, 0, 0, (0, 1, 0), 6): (4, 4)
(8, 0, 0, (0, 1, 0), 7): (1, 1)
(8, 0, 0, (0, 1, 0), 9): (1, 1)
(8, 0, 0, (0, 1, 0), 12): (1, 1)
(8, 0, 0, (0, 1, 0), 13): (1, 1)
(8, 0, 0, (0, 1, 0), 18): (1, 1)
(8, 0, 0, (0, 1, 1), -8): (0, 1)
(8, 0, 0, (0, 1, 1), -7): (0, 1)
(8, 0, 0, (0, 1, 1), -6): (0, 1)
(8, 0, 0, (0, 1, 1), -4): (0, 1)
(8, 0, 0, (0, 1, 1), -3): (0, 2)
(8, 0, 0, (0, 1, 1), 0): (2, 2)
(8, 0, 0, (0, 1, 1), 1): (1, 1)
(8, 0, 0, (0, 1, 1), 2): (2, 3)
(8, 0, 0, (0, 1, 1), 4): (1, 1)
(8, 0, 0, (0, 1, 1), 11): (1, 1)
(8, 0, 0, (0, 1, 1), 13): (1, 1)
(8, 0, 0, (1, 0, 0), -23): (0, 1)
(8, 0, 0, (1, 0, 0), -14): (0, 1)
(8, 0, 0, (1, 0, 0), -13): (0, 1)
(8, 0, 0, (1, 0, 0), -11): (0, 1)
(8, 0, 0, (1, 0, 0), -10): (0, 2)
(8, 0, 0, (1, 0, 0), -9): (0, 5)
(8, 0, 0, (1, 0, 0), -8): (0, 2)
(8, 0, 0, (1, 0, 0), -7): (0, 7)
(8, 0, 0, (1, 0, 0), -6): (1, 15)
(8, 0, 0, (1, 0, 0), -5): (0, 12)
(8, 0, 0, (1, 0, 0), -4): (1, 17)
(8, 0, 0, (1, 0, 0), -3): (1, 34)
(8, 0, 0, (1, 0, 0), -2): (4, 22)
(8, 0, 0, (1, 0, 0), -1): (10, 32)
(8, 0, 0, (1, 0, 0), 0): (18, 31)
(8, 0, 0, (1, 0, 0), 1): (25, 29)
(8, 0, 0, (1, 0, 0), 2): (32, 35)
(8, 0, 0, (1, 0, 0), 3): (28, 30)
(8, 0, 0, (1, 0, 0), 4): (21, 23)
(8, 0, 0, (1, 0, 0), 5): (20, 20)
(8, 0, 0, (1, 0, 0), 6): (9, 9)
(8, 0, 0, (1, 0, 0), 7): (5, 5)
(8, 0, 0, (1, 0, 0), 8): (3, 3)
(8, 0, 0, (1, 0, 0), 9): (6, 6)
(8, 0, 0, (1, 0, 0), 10): (3, 3)
(8, 0, 0, (1, 0, 0), 12): (2, 2)
(8, 0, 0, (1, 0, 1), -8): (0, 1)
(8, 0, 0, (1, 0, 1), -7): (0, 2)
(8, 0, 0, (1, 0, 1), -6): (1, 4)
(8, 0, 0, (1, 0, 1), -5): (0, 3)
(8, 0, 0, (1, 0, 1), -4): (0, 2)
(8, 0, 0, (1, 0, 1), -3): (0, 2)
(8, 0, 0, (1, 0, 1), -2): (2, 3)
(8, 0, 0, (1, 0, 1), -1): (1, 3)
(8, 0, 0, (1, 0, 1), 0): (3, 4)
(8, 0, 0, (1, 0, 1), 1): (3, 3)
(8, 0, 0, (1, 0, 1), 2): (1, 2)
(8, 0, 0, (1, 0, 1), 3): (1, 1)
(8, 0, 0, (1, 0, 1), 4): (1, 1)
(8, 0, 0, (1, 0, 1), 5): (4, 4)
(8, 0, 0, (1, 0, 1), 6): (1, 1)
(8, 0, 0, (1, 0, 1), 7): (1, 1)
(8, 0, 0, (1, 0, 1), 9): (1, 1)
(8, 0, 0, (1, 0, 1), 12): (3, 3)
(8, 0, 0, (1, 0, 1), 14): (1, 1)
(8, 0, 0, (1, 0, 1), 18): (1, 1)
(8, 0, 0, (1, 1, 0), -14): (0, 1)
(8, 0, 0, (1, 1, 0), -11): (0, 1)
(8, 0, 0, (1, 1, 0), -10): (0, 1)
(8, 0, 0, (1, 1, 0), -9): (0, 3)
(8, 0, 0, (1, 1, 0), -8): (0, 2)
(8, 0, 0, (1, 1, 0), -7): (0, 2)
(8, 0, 0, (1, 1, 0), -6): (0, 4)
(8, 0, 0, (1, 1, 0), -5): (1, 4)
(8, 0, 0, (1, 1, 0), -4): (1, 3)
(8, 0, 0, (1, 1, 0), -3): (1, 6)
(8, 0, 0, (1, 1, 0), -2): (2, 9)
(8, 0, 0, (1, 1, 0), -1): (1, 4)
(8, 0, 0, (1, 1, 0), 0): (3, 3)
(8, 0, 0, (1, 1, 0), 1): (3, 4)
(8, 0, 0, (1, 1, 0), 3): (6, 6)
(8, 0, 0, (1, 1, 0), 4): (3, 3)
(8, 0, 0, (1, 1, 0), 6): (1, 1)
(8, 0, 0, (1, 1, 0), 7): (1, 1)
(8, 0, 0, (1, 1, 0), 9): (3, 3)
(8, 0, 0, (1, 1, 0), 10): (1, 1)
(8, 0, 0, (1, 1, 1), -10): (0, 1)
(8, 0, 0, (1, 1, 1), -9): (0, 2)
(8, 0, 0, (1, 1, 1), -8): (0, 1)
(8, 0, 0, (1, 1, 1), -6): (0, 1)
(8, 0, 0, (1, 1, 1), -4): (1, 1)
(8, 0, 0, (1, 1, 1), -2): (1, 1)
(8, 0, 0, (1, 1, 1), -1): (1, 1)
(8, 0, 0, (1, 1, 1), 6): (1, 1)
(8, 0, 1, (0, 0, 0), -15): (0, 2)
(8, 0, 1, (0, 0, 0), -13): (0, 2)
(8, 0, 1, (0, 0, 0), -12): (0, 1)
(8, 0, 1, (0, 0, 0), -11): (0, 7)
(8, 0, 1, (0, 0, 0), -10): (0, 5)
(8, 0, 1, (0, 0, 0), -9): (0, 3)
(8, 0, 1, (0, 0, 0), -8): (0, 13)
(8, 0, 1, (0, 0, 0), -7): (0, 21)
(8, 0, 1, (0, 0, 0), -6): (0, 25)
(8, 0, 1, (0, 0, 0), -5): (0, 36)
(8, 0, 1, (0, 0, 0), -4): (1, 35)
(8, 0, 1, (0, 0, 0), -3): (4, 65)
(8, 0, 1, (0, 0, 0), -2): (6, 57)
(8, 0, 1, (0, 0, 0), -1): (12, 70)
(8, 0, 1, (0, 0, 0), 0): (39, 92)
(8, 0, 1, (0, 0, 0), 1): (68, 96)
(8, 0, 1, (0, 0, 0), 2): (60, 71)
(8, 0, 1, (0, 0, 0), 3): (60, 62)
(8, 0, 1, (0, 0, 0), 4): (44, 47)
(8, 0, 1, (0, 0, 0), 5): (30, 30)
(8, 0, 1, (0, 0, 0), 6): (16, 17)
(8, 0, 1, (0, 0, 0), 7): (10, 10)
(8, 0, 1, (0, 0, 0), 8): (9, 9)
(8, 0, 1, (0, 0, 0), 9): (5, 5)
(8, 0, 1, (0, 0, 0), 10): (3, 3)
(8, 0, 1, (0, 0, 0), 11): (4, 4)
(8, 0, 1, (0, 0, 0), 12): (3, 3)
(8, 0, 1, (0, 0, 0), 13): (1, 1)
(8, 0, 1, (0, 0, 1), -8): (0, 1)
(8, 0, 1, (0, 0, 1), -7): (0, 1)
(8, 0, 1, (0, 0, 1), -6): (0, 1)
(8, 0, 1, (0, 0, 1), -5): (0, 5)
(8, 0, 1, (0, 0, 1), -4): (0, 3)
(8, 0, 1, (0, 0, 1), -3): (0, 2)
(8, 0, 1, (0, 0, 1), -2): (0, 2)
(8, 0, 1, (0, 0, 1), -1): (3, 6)
(8, 0, 1, (0, 0, 1), 0): (5, 7)
(8, 0, 1, (0, 0, 1), 1): (4, 5)
(8, 0, 1, (0, 0, 1), 2): (9, 9)
(8, 0, 1, (0, 0, 1), 3): (4, 4)
(8, 0, 1, (0, 0, 1), 4): (2, 3)
(8, 0, 1, (0, 0, 1), 5): (3, 5)
(8, 0, 1, (0, 0, 1), 6): (2, 2)
(8, 0, 1, (0, 0, 1), 8): (4, 4)
(8, 0, 1, (0, 0, 1), 13): (1, 1)
(8, 0, 1, (0, 1, 0), -12): (0, 1)
(8, 0, 1, (0, 1, 0), -9): (0, 1)
(8, 0, 1, (0, 1, 0), -8): (0, 2)
(8, 0, 1, (0, 1, 0), -7): (0, 1)
(8, 0, 1, (0, 1, 0), -6): (0, 5)
(8, 0, 1, (0, 1, 0), -5): (0, 2)
(8, 0, 1, (0, 1, 0), -4): (1, 10)
(8, 0, 1, (0, 1, 0), -3): (0, 8)
(8, 0, 1, (0, 1, 0), -2): (0, 5)
(8, 0, 1, (0, 1, 0), -1): (8, 17)
(8, 0, 1, (0, 1, 0), 0): (12, 19)
(8, 0, 1, (0, 1, 0), 1): (17, 19)
(8, 0, 1, (0, 1, 0), 2): (24, 27)
(8, 0, 1, (0, 1, 0), 3): (13, 14)
(8, 0, 1, (0, 1, 0), 4): (15, 16)
(8, 0, 1, (0, 1, 0), 5): (11, 11)
(8, 0, 1, (0, 1, 0), 6): (9, 9)
(8, 0, 1, (0, 1, 0), 7): (3, 3)
(8, 0, 1, (0, 1, 0), 8): (3, 3)
(8, 0, 1, (0, 1, 0), 9): (2, 2)
(8, 0, 1, (0, 1, 0), 11): (1, 1)
(8, 0, 1, (0, 1, 0), 13): (1, 1)
(8, 0, 1, (0, 1, 0), 14): (1, 1)
(8, 0, 1, (0, 1, 1), -14): (0, 1)
(8, 0, 1, (0, 1, 1), -9): (0, 1)
(8, 0, 1, (0, 1, 1), -6): (0, 1)
(8, 0, 1, (0, 1, 1), -3): (0, 5)
(8, 0, 1, (0, 1, 1), -2): (1, 7)
(8, 0, 1, (0, 1, 1), -1): (1, 4)
(8, 0, 1, (0, 1, 1), 0): (3, 3)
(8, 0, 1, (0, 1, 1), 1): (3, 4)
(8, 0, 1, (0, 1, 1), 2): (4, 6)
(8, 0, 1, (0, 1, 1), 3): (1, 1)
(8, 0, 1, (0, 1, 1), 4): (4, 4)
(8, 0, 1, (0, 1, 1), 5): (1, 1)
(8, 0, 1, (0, 1, 1), 7): (1, 1)
(8, 0, 1, (0, 1, 1), 9): (3, 3)
(8, 0, 1, (0, 1, 1), 10): (1, 1)
(8, 0, 1, (0, 1, 1), 12): (1, 1)
(8, 0, 1, (1, 0, 0), -15): (0, 1)
(8, 0, 1, (1, 0, 0), -13): (0, 2)
(8, 0, 1, (1, 0, 0), -11): (0, 3)
(8, 0, 1, (1, 0, 0), -9): (0, 2)
(8, 0, 1, (1, 0, 0), -8): (0, 4)
(8, 0, 1, (1, 0, 0), -7): (0, 10)
(8, 0, 1, (1, 0, 0), -6): (0, 17)
(8, 0, 1, (1, 0, 0), -5): (0, 19)
(8, 0, 1, (1, 0, 0), -4): (1, 18)
(8, 0, 1, (1, 0, 0), -3): (2, 37)
(8, 0, 1, (1, 0, 0), -2): (4, 34)
(8, 0, 1, (1, 0, 0), -1): (6, 32)
(8, 0, 1, (1, 0, 0), 0): (26, 42)
(8, 0, 1, (1, 0, 0), 1): (27, 39)
(8, 0, 1, (1, 0, 0), 2): (28, 33)
(8, 0, 1, (1, 0, 0), 3): (28, 29)
(8, 0, 1, (1, 0, 0), 4): (26, 29)
(8, 0, 1, (1, 0, 0), 5): (17, 17)
(8, 0, 1, (1, 0, 0), 6): (13, 14)
(8, 0, 1, (1, 0, 0), 7): (5, 5)
(8, 0, 1, (1, 0, 0), 8): (3, 3)
(8, 0, 1, (1, 0, 0), 9): (4, 4)
(8, 0, 1, (1, 0, 0), 10): (3, 3)
(8, 0, 1, (1, 0, 0), 11): (1, 1)
(8, 0, 1, (1, 0, 0), 12): (2, 2)
(8, 0, 1, (1, 0, 0), 14): (1, 1)
(8, 0, 1, (1, 0, 0), 15): (1, 1)
(8, 0, 1, (1, 0, 0), 19): (1, 1)
(8, 0, 1, (1, 0, 1), -12): (0, 1)
(8, 0, 1, (1, 0, 1), -8): (0, 1)
(8, 0, 1, (1, 0, 1), -7): (0, 1)
(8, 0, 1, (1, 0, 1), -6): (0, 4)
(8, 0, 1, (1, 0, 1), -5): (0, 2)
(8, 0, 1, (1, 0, 1), -4): (0, 3)
(8, 0, 1, (1, 0, 1), -3): (1, 8)
(8, 0, 1, (1, 0, 1), -2): (2, 4)
(8, 0, 1, (1, 0, 1), -1): (0, 5)
(8, 0, 1, (1, 0, 1), 0): (4, 5)
(8, 0, 1, (1, 0, 1), 1): (6, 6)
(8, 0, 1, (1, 0, 1), 2): (5, 5)
(8, 0, 1, (1, 0, 1), 3): (8, 8)
(8, 0, 1, (1, 0, 1), 4): (5, 5)
(8, 0, 1, (1, 0, 1), 5): (3, 3)
(8, 0, 1, (1, 0, 1), 6): (2, 2)
(8, 0, 1, (1, 0, 1), 9): (1, 1)
(8, 0, 1, (1, 0, 1), 12): (1, 1)
(8, 0, 1, (1, 0, 1), 13): (1, 1)
(8, 0, 1, (1, 0, 1), 14): (1, 1)
(8, 0, 1, (1, 1, 0), -11): (0, 1)
(8, 0, 1, (1, 1, 0), -8): (0, 1)
(8, 0, 1, (1, 1, 0), -7): (0, 3)
(8, 0, 1, (1, 1, 0), -6): (0, 3)
(8, 0, 1, (1, 1, 0), -5): (0, 12)
(8, 0, 1, (1, 1, 0), -4): (1, 9)
(8, 0, 1, (1, 1, 0), -3): (2, 10)
(8, 0, 1, (1, 1, 0), -2): (2, 12)
(8, 0, 1, (1, 1, 0), -1): (5, 10)
(8, 0, 1, (1, 1, 0), 0): (10, 14)
(8, 0, 1, (1, 1, 0), 1): (9, 10)
(8, 0, 1, (1, 1, 0), 2): (8, 9)
(8, 0, 1, (1, 1, 0), 3): (8, 8)
(8, 0, 1, (1, 1, 0), 4): (7, 8)
(8, 0, 1, (1, 1, 0), 5): (5, 5)
(8, 0, 1, (1, 1, 0), 6): (4, 4)
(8, 0, 1, (1, 1, 0), 7): (2, 2)
(8, 0, 1, (1, 1, 0), 9): (3, 3)
(8, 0, 1, (1, 1, 0), 11): (1, 1)
(8, 0, 1, (1, 1, 1), -14): (0, 1)
(8, 0, 1, (1, 1, 1), -13): (0, 1)
(8, 0, 1, (1, 1, 1), -12): (0, 1)
(8, 0, 1, (1, 1, 1), -11): (0, 1)
(8, 0, 1, (1, 1, 1), -8): (0, 2)
(8, 0, 1, (1, 1, 1), -7): (0, 3)
(8, 0, 1, (1, 1, 1), -6): (0, 4)
(8, 0, 1, (1, 1, 1), -4): (2, 3)
(8, 0, 1, (1, 1, 1), -3): (1, 2)
(8, 0, 1, (1, 1, 1), -2): (1, 3)
(8, 0, 1, (1, 1, 1), -1): (1, 2)
(8, 0, 1, (1, 1, 1), 0): (6, 6)
(8, 0, 1, (1, 1, 1), 1): (3, 4)
(8, 0, 1, (1, 1, 1), 2): (2, 2)
(8, 0, 1, (1, 1, 1), 3): (3, 3)
(8, 0, 1, (1, 1, 1), 4): (2, 2)
(8, 0, 1, (1, 1, 1), 6): (2, 2)
(8, 0, 1, (1, 1, 1), 9): (1, 1)
(8, 0, 1, (1, 1, 1), 12): (1, 1)
(8, 0, 2, (0, 0, 0), -23): (0, 1)
(8, 0, 2, (0, 0, 0), -15): (0, 1)
(8, 0, 2, (0, 0, 0), -13): (0, 1)
(8, 0, 2, (0, 0, 0), -12): (0, 1)
(8, 0, 2, (0, 0, 0), -11): (0, 4)
(8, 0, 2, (0, 0, 0), -10): (0, 5)
(8, 0, 2, (0, 0, 0), -9): (0, 2)
(8, 0, 2, (0, 0, 0), -8): (0, 7)
(8, 0, 2, (0, 0, 0), -7): (0, 17)
(8, 0, 2, (0, 0, 0), -6): (0, 15)
(8, 0, 2, (0, 0, 0), -5): (0, 24)
(8, 0, 2, (0, 0, 0), -4): (0, 30)
(8, 0, 2, (0, 0, 0), -3): (3, 52)
(8, 0, 2, (0, 0, 0), -2): (3, 36)
(8, 0, 2, (0, 0, 0), -1): (8, 55)
(8, 0, 2, (0, 0, 0), 0): (21, 66)
(8, 0, 2, (0, 0, 0), 1): (54, 76)
(8, 0, 2, (0, 0, 0), 2): (46, 52)
(8, 0, 2, (0, 0, 0), 3): (61, 63)
(8, 0, 2, (0, 0, 0), 4): (30, 31)
(8, 0, 2, (0, 0, 0), 5): (25, 25)
(8, 0, 2, (0, 0, 0), 6): (11, 12)
(8, 0, 2, (0, 0, 0), 7): (8, 8)
(8, 0, 2, (0, 0, 0), 8): (4, 4)
(8, 0, 2, (0, 0, 0), 9): (7, 7)
(8, 0, 2, (0, 0, 0), 10): (1, 1)
(8, 0, 2, (0, 0, 0), 11): (2, 2)
(8, 0, 2, (0, 0, 0), 12): (2, 2)
(8, 0, 2, (0, 0, 0), 13): (1, 1)
(8, 0, 2, (0, 0, 0), 15): (1, 1)
(8, 0, 2, (0, 0, 0), 19): (1, 1)
(8, 0, 2, (0, 0, 1), -11): (0, 1)
(8, 0, 2, (0, 0, 1), -9): (0, 1)
(8, 0, 2, (0, 0, 1), -8): (0, 2)
(8, 0, 2, (0, 0, 1), -7): (0, 1)
(8, 0, 2, (0, 0, 1), -6): (0, 2)
(8, 0, 2, (0, 0, 1), -5): (0, 2)
(8, 0, 2, (0, 0, 1), -4): (0, 11)
(8, 0, 2, (0, 0, 1), -3): (1, 2)
(8, 0, 2, (0, 0, 1), -2): (1, 6)
(8, 0, 2, (0, 0, 1), -1): (5, 10)
(8, 0, 2, (0, 0, 1), 0): (7, 10)
(8, 0, 2, (0, 0, 1), 1): (7, 7)
(8, 0, 2, (0, 0, 1), 2): (10, 11)
(8, 0, 2, (0, 0, 1), 3): (6, 6)
(8, 0, 2, (0, 0, 1), 4): (8, 9)
(8, 0, 2, (0, 0, 1), 5): (5, 5)
(8, 0, 2, (0, 0, 1), 6): (7, 7)
(8, 0, 2, (0, 0, 1), 7): (4, 4)
(8, 0, 2, (0, 0, 1), 8): (2, 2)
(8, 0, 2, (0, 0, 1), 10): (1, 1)
(8, 0, 2, (0, 0, 1), 11): (2, 2)
(8, 0, 2, (0, 1, 0), -10): (0, 1)
(8, 0, 2, (0, 1, 0), -8): (0, 2)
(8, 0, 2, (0, 1, 0), -7): (0, 2)
(8, 0, 2, (0, 1, 0), -6): (0, 3)
(8, 0, 2, (0, 1, 0), -5): (0, 6)
(8, 0, 2, (0, 1, 0), -4): (0, 8)
(8, 0, 2, (0, 1, 0), -3): (0, 9)
(8, 0, 2, (0, 1, 0), -2): (1, 4)
(8, 0, 2, (0, 1, 0), -1): (6, 21)
(8, 0, 2, (0, 1, 0), 0): (13, 28)
(8, 0, 2, (0, 1, 0), 1): (15, 21)
(8, 0, 2, (0, 1, 0), 2): (20, 24)
(8, 0, 2, (0, 1, 0), 3): (18, 20)
(8, 0, 2, (0, 1, 0), 4): (24, 24)
(8, 0, 2, (0, 1, 0), 5): (12, 12)
(8, 0, 2, (0, 1, 0), 6): (11, 11)
(8, 0, 2, (0, 1, 0), 7): (10, 10)
(8, 0, 2, (0, 1, 0), 8): (4, 4)
(8, 0, 2, (0, 1, 0), 9): (1, 1)
(8, 0, 2, (0, 1, 0), 10): (3, 3)
(8, 0, 2, (0, 1, 0), 11): (2, 2)
(8, 0, 2, (0, 1, 0), 15): (1, 1)
(8, 0, 2, (0, 1, 1), -7): (0, 2)
(8, 0, 2, (0, 1, 1), -5): (0, 3)
(8, 0, 2, (0, 1, 1), -3): (0, 5)
(8, 0, 2, (0, 1, 1), -2): (1, 6)
(8, 0, 2, (0, 1, 1), -1): (0, 4)
(8, 0, 2, (0, 1, 1), 0): (5, 6)
(8, 0, 2, (0, 1, 1), 1): (1, 1)
(8, 0, 2, (0, 1, 1), 2): (6, 6)
(8, 0, 2, (0, 1, 1), 3): (3, 3)
(8, 0, 2, (0, 1, 1), 4): (7, 7)
(8, 0, 2, (0, 1, 1), 5): (2, 2)
(8, 0, 2, (0, 1, 1), 6): (1, 1)
(8, 0, 2, (0, 1, 1), 11): (1, 1)
(8, 0, 2, (0, 1, 1), 13): (2, 2)
(8, 0, 2, (1, 0, 0), -23): (0, 1)
(8, 0, 2, (1, 0, 0), -15): (0, 2)
(8, 0, 2, (1, 0, 0), -13): (0, 1)
(8, 0, 2, (1, 0, 0), -11): (0, 3)
(8, 0, 2, (1, 0, 0), -10): (0, 1)
(8, 0, 2, (1, 0, 0), -9): (0, 2)
(8, 0, 2, (1, 0, 0), -8): (0, 4)
(8, 0, 2, (1, 0, 0), -7): (0, 10)
(8, 0, 2, (1, 0, 0), -6): (0, 16)
(8, 0, 2, (1, 0, 0), -5): (0, 15)
(8, 0, 2, (1, 0, 0), -4): (0, 16)
(8, 0, 2, (1, 0, 0), -3): (1, 38)
(8, 0, 2, (1, 0, 0), -2): (1, 31)
(8, 0, 2, (1, 0, 0), -1): (3, 33)
(8, 0, 2, (1, 0, 0), 0): (13, 39)
(8, 0, 2, (1, 0, 0), 1): (29, 45)
(8, 0, 2, (1, 0, 0), 2): (26, 32)
(8, 0, 2, (1, 0, 0), 3): (32, 33)
(8, 0, 2, (1, 0, 0), 4): (22, 23)
(8, 0, 2, (1, 0, 0), 5): (16, 16)
(8, 0, 2, (1, 0, 0), 6): (8, 10)
(8, 0, 2, (1, 0, 0), 7): (6, 6)
(8, 0, 2, (1, 0, 0), 8): (5, 5)
(8, 0, 2, (1, 0, 0), 9): (3, 3)
(8, 0, 2, (1, 0, 0), 10): (1, 1)
(8, 0, 2, (1, 0, 0), 12): (2, 2)
(8, 0, 2, (1, 0, 0), 13): (1, 1)
(8, 0, 2, (1, 0, 0), 14): (2, 2)
(8, 0, 2, (1, 0, 0), 15): (2, 2)
(8, 0, 2, (1, 0, 0), 19): (1, 1)
(8, 0, 2, (1, 0, 1), -8): (0, 2)
(8, 0, 2, (1, 0, 1), -7): (0, 1)
(8, 0, 2, (1, 0, 1), -6): (0, 4)
(8, 0, 2, (1, 0, 1), -5): (0, 7)
(8, 0, 2, (1, 0, 1), -4): (0, 5)
(8, 0, 2, (1, 0, 1), -3): (0, 10)
(8, 0, 2, (1, 0, 1), -2): (0, 6)
(8, 0, 2, (1, 0, 1), -1): (0, 8)
(8, 0, 2, (1, 0, 1), 0): (6, 7)
(8, 0, 2, (1, 0, 1), 1): (9, 13)
(8, 0, 2, (1, 0, 1), 2): (8, 8)
(8, 0, 2, (1, 0, 1), 3): (8, 8)
(8, 0, 2, (1, 0, 1), 4): (10, 10)
(8, 0, 2, (1, 0, 1), 5): (5, 5)
(8, 0, 2, (1, 0, 1), 6): (2, 3)
(8, 0, 2, (1, 0, 1), 7): (2, 2)
(8, 0, 2, (1, 0, 1), 8): (1, 1)
(8, 0, 2, (1, 0, 1), 9): (3, 3)
(8, 0, 2, (1, 0, 1), 11): (1, 1)
(8, 0, 2, (1, 0, 1), 13): (1, 1)
(8, 0, 2, (1, 1, 0), -23): (0, 1)
(8, 0, 2, (1, 1, 0), -15): (0, 1)
(8, 0, 2, (1, 1, 0), -11): (0, 2)
(8, 0, 2, (1, 1, 0), -10): (0, 3)
(8, 0, 2, (1, 1, 0), -9): (0, 2)
(8, 0, 2, (1, 1, 0), -8): (0, 3)
(8, 0, 2, (1, 1, 0), -7): (0, 3)
(8, 0, 2, (1, 1, 0), -6): (0, 5)
(8, 0, 2, (1, 1, 0), -5): (0, 9)
(8, 0, 2, (1, 1, 0), -4): (0, 9)
(8, 0, 2, (1, 1, 0), -3): (0, 13)
(8, 0, 2, (1, 1, 0), -2): (3, 10)
(8, 0, 2, (1, 1, 0), -1): (5, 17)
(8, 0, 2, (1, 1, 0), 0): (8, 18)
(8, 0, 2, (1, 1, 0), 1): (9, 11)
(8, 0, 2, (1, 1, 0), 2): (11, 14)
(8, 0, 2, (1, 1, 0), 3): (10, 10)
(8, 0, 2, (1, 1, 0), 4): (10, 11)
(8, 0, 2, (1, 1, 0), 5): (2, 2)
(8, 0, 2, (1, 1, 0), 6): (3, 3)
(8, 0, 2, (1, 1, 0), 7): (3, 3)
(8, 0, 2, (1, 1, 0), 8): (1, 1)
(8, 0, 2, (1, 1, 0), 10): (1, 1)
(8, 0, 2, (1, 1, 1), -8): (0, 1)
(8, 0, 2, (1, 1, 1), -7): (0, 1)
(8, 0, 2, (1, 1, 1), -5): (0, 1)
(8, 0, 2, (1, 1, 1), -4): (1, 1)
(8, 0, 2, (1, 1, 1), -3): (0, 3)
(8, 0, 2, (1, 1, 1), -2): (0, 3)
(8, 0, 2, (1, 1, 1), -1): (2, 5)
(8, 0, 2, (1, 1, 1), 0): (6, 8)
(8, 0, 2, (1, 1, 1), 1): (4, 5)
(8, 0, 2, (1, 1, 1), 2): (3, 5)
(8, 0, 2, (1, 1, 1), 3): (1, 1)
(8, 0, 2, (1, 1, 1), 4): (4, 4)
(8, 0, 2, (1, 1, 1), 6): (1, 1)
(8, 0, 2, (1, 1, 1), 10): (1, 1)
(8, 0, 2, (1, 1, 1), 11): (1, 1)
(8, 1, 0, (0, 0, 0), -20): (0, 1)
(8, 1, 0, (0, 0, 0), -15): (0, 3)
(8, 1, 0, (0, 0, 0), -14): (0, 2)
(8, 1, 0, (0, 0, 0), -13): (0, 2)
(8, 1, 0, (0, 0, 0), -12): (0, 4)
(8, 1, 0, (0, 0, 0), -11): (0, 4)
(8, 1, 0, (0, 0, 0), -10): (0, 6)
(8, 1, 0, (0, 0, 0), -9): (0, 11)
(8, 1, 0, (0, 0, 0), -8): (0, 14)
(8, 1, 0, (0, 0, 0), -7): (0, 25)
(8, 1, 0, (0, 0, 0), -6): (2, 38)
(8, 1, 0, (0, 0, 0), -5): (1, 52)
(8, 1, 0, (0, 0, 0), -4): (4, 86)
(8, 1, 0, (0, 0, 0), -3): (6, 96)
(8, 1, 0, (0, 0, 0), -2): (17, 113)
(8, 1, 0, (0, 0, 0), -1): (41, 127)
(8, 1, 0, (0, 0, 0), 0): (79, 121)
(8, 1, 0, (0, 0, 0), 1): (85, 102)
(8, 1, 0, (0, 0, 0), 2): (70, 75)
(8, 1, 0, (0, 0, 0), 3): (93, 95)
(8, 1, 0, (0, 0, 0), 4): (56, 56)
(8, 1, 0, (0, 0, 0), 5): (41, 41)
(8, 1, 0, (0, 0, 0), 6): (32, 32)
(8, 1, 0, (0, 0, 0), 7): (26, 26)
(8, 1, 0, (0, 0, 0), 8): (17, 17)
(8, 1, 0, (0, 0, 0), 9): (5, 5)
(8, 1, 0, (0, 0, 0), 10): (8, 8)
(8, 1, 0, (0, 0, 0), 11): (6, 6)
(8, 1, 0, (0, 0, 0), 12): (1, 1)
(8, 1, 0, (0, 0, 0), 13): (2, 2)
(8, 1, 0, (0, 0, 0), 15): (2, 2)
(8, 1, 0, (0, 0, 0), 23): (1, 1)
(8, 1, 0, (0, 0, 1), -13): (0, 1)
(8, 1, 0, (0, 0, 1), -8): (0, 1)
(8, 1, 0, (0, 0, 1), -6): (0, 1)
(8, 1, 0, (0, 0, 1), -4): (0, 1)
(8, 1, 0, (0, 0, 1), -3): (0, 2)
(8, 1, 0, (0, 0, 1), -2): (1, 2)
(8, 1, 0, (0, 0, 1), -1): (1, 5)
(8, 1, 0, (0, 0, 1), 0): (3, 4)
(8, 1, 0, (0, 0, 1), 1): (2, 2)
(8, 1, 0, (0, 0, 1), 2): (0, 1)
(8, 1, 0, (0, 0, 1), 3): (2, 2)
(8, 1, 0, (0, 0, 1), 4): (1, 1)
(8, 1, 0, (0, 0, 1), 6): (1, 1)
(8, 1, 0, (0, 0, 1), 7): (2, 2)
(8, 1, 0, (0, 0, 1), 8): (2, 2)
(8, 1, 0, (0, 0, 1), 10): (1, 1)
(8, 1, 0, (0, 1, 0), -9): (0, 2)
(8, 1, 0, (0, 1, 0), -8): (0, 1)
(8, 1, 0, (0, 1, 0), -7): (0, 1)
(8, 1, 0, (0, 1, 0), -6): (0, 1)
(8, 1, 0, (0, 1, 0), -5): (1, 4)
(8, 1, 0, (0, 1, 0), -4): (0, 4)
(8, 1, 0, (0, 1, 0), -3): (0, 7)
(8, 1, 0, (0, 1, 0), -2): (1, 3)
(8, 1, 0, (0, 1, 0), -1): (6, 7)
(8, 1, 0, (0, 1, 0), 0): (5, 8)
(8, 1, 0, (0, 1, 0), 1): (7, 8)
(8, 1, 0, (0, 1, 0), 2): (5, 6)
(8, 1, 0, (0, 1, 0), 3): (5, 5)
(8, 1, 0, (0, 1, 0), 4): (7, 7)
(8, 1, 0, (0, 1, 0), 5): (2, 2)
(8, 1, 0, (0, 1, 0), 6): (7, 7)
(8, 1, 0, (0, 1, 0), 7): (2, 2)
(8, 1, 0, (0, 1, 0), 8): (1, 1)
(8, 1, 0, (0, 1, 0), 9): (2, 2)
(8, 1, 0, (0, 1, 1), -9): (0, 1)
(8, 1, 0, (0, 1, 1), -8): (0, 1)
(8, 1, 0, (0, 1, 1), -7): (0, 1)
(8, 1, 0, (0, 1, 1), -5): (0, 3)
(8, 1, 0, (0, 1, 1), -3): (0, 1)
(8, 1, 0, (0, 1, 1), -1): (3, 4)
(8, 1, 0, (0, 1, 1), 1): (2, 2)
(8, 1, 0, (0, 1, 1), 2): (1, 1)
(8, 1, 0, (0, 1, 1), 3): (1, 1)
(8, 1, 0, (0, 1, 1), 4): (2, 2)
(8, 1, 0, (0, 1, 1), 6): (1, 1)
(8, 1, 0, (0, 1, 1), 9): (2, 2)
(8, 1, 0, (1, 0, 0), -20): (0, 1)
(8, 1, 0, (1, 0, 0), -15): (0, 1)
(8, 1, 0, (1, 0, 0), -14): (0, 1)
(8, 1, 0, (1, 0, 0), -13): (0, 1)
(8, 1, 0, (1, 0, 0), -12): (0, 3)
(8, 1, 0, (1, 0, 0), -11): (0, 3)
(8, 1, 0, (1, 0, 0), -10): (0, 2)
(8, 1, 0, (1, 0, 0), -9): (0, 3)
(8, 1, 0, (1, 0, 0), -8): (0, 2)
(8, 1, 0, (1, 0, 0), -7): (0, 5)
(8, 1, 0, (1, 0, 0), -6): (1, 12)
(8, 1, 0, (1, 0, 0), -5): (1, 19)
(8, 1, 0, (1, 0, 0), -4): (2, 31)
(8, 1, 0, (1, 0, 0), -3): (4, 31)
(8, 1, 0, (1, 0, 0), -2): (10, 33)
(8, 1, 0, (1, 0, 0), -1): (18, 49)
(8, 1, 0, (1, 0, 0), 0): (26, 35)
(8, 1, 0, (1, 0, 0), 1): (31, 35)
(8, 1, 0, (1, 0, 0), 2): (26, 28)
(8, 1, 0, (1, 0, 0), 3): (30, 30)
(8, 1, 0, (1, 0, 0), 4): (14, 14)
(8, 1, 0, (1, 0, 0), 5): (18, 18)
(8, 1, 0, (1, 0, 0), 6): (9, 9)
(8, 1, 0, (1, 0, 0), 7): (9, 9)
(8, 1, 0, (1, 0, 0), 8): (6, 6)
(8, 1, 0, (1, 0, 0), 9): (3, 3)
(8, 1, 0, (1, 0, 0), 10): (3, 3)
(8, 1, 0, (1, 0, 0), 11): (1, 1)
(8, 1, 0, (1, 0, 0), 13): (1, 1)
(8, 1, 0, (1, 0, 0), 23): (1, 1)
(8, 1, 0, (1, 0, 1), -10): (0, 1)
(8, 1, 0, (1, 0, 1), -9): (0, 2)
(8, 1, 0, (1, 0, 1), -8): (0, 1)
(8, 1, 0, (1, 0, 1), -5): (0, 1)
(8, 1, 0, (1, 0, 1), -4): (0, 2)
(8, 1, 0, (1, 0, 1), -3): (1, 5)
(8, 1, 0, (1, 0, 1), -2): (0, 2)
(8, 1, 0, (1, 0, 1), -1): (5, 6)
(8, 1, 0, (1, 0, 1), 0): (3, 3)
(8, 1, 0, (1, 0, 1), 1): (5, 5)
(8, 1, 0, (1, 0, 1), 2): (3, 3)
(8, 1, 0, (1, 0, 1), 5): (3, 3)
(8, 1, 0, (1, 0, 1), 7): (2, 2)
(8, 1, 0, (1, 0, 1), 8): (1, 1)
(8, 1, 0, (1, 0, 1), 11): (1, 1)
(8, 1, 0, (1, 1, 0), -15): (0, 1)
(8, 1, 0, (1, 1, 0), -13): (0, 1)
(8, 1, 0, (1, 1, 0), -11): (0, 1)
(8, 1, 0, (1, 1, 0), -10): (0, 1)
(8, 1, 0, (1, 1, 0), -9): (0, 1)
(8, 1, 0, (1, 1, 0), -7): (0, 2)
(8, 1, 0, (1, 1, 0), -6): (0, 3)
(8, 1, 0, (1, 1, 0), -5): (0, 8)
(8, 1, 0, (1, 1, 0), -4): (1, 11)
(8, 1, 0, (1, 1, 0), -3): (1, 6)
(8, 1, 0, (1, 1, 0), -2): (5, 12)
(8, 1, 0, (1, 1, 0), -1): (4, 5)
(8, 1, 0, (1, 1, 0), 0): (6, 7)
(8, 1, 0, (1, 1, 0), 1): (4, 4)
(8, 1, 0, (1, 1, 0), 2): (6, 6)
(8, 1, 0, (1, 1, 0), 3): (4, 4)
(8, 1, 0, (1, 1, 0), 4): (2, 2)
(8, 1, 0, (1, 1, 0), 5): (2, 2)
(8, 1, 0, (1, 1, 0), 6): (5, 5)
(8, 1, 0, (1, 1, 0), 7): (2, 2)
(8, 1, 0, (1, 1, 0), 8): (2, 2)
(8, 1, 0, (1, 1, 0), 10): (1, 1)
(8, 1, 0, (1, 1, 1), -7): (0, 1)
(8, 1, 0, (1, 1, 1), -6): (0, 1)
(8, 1, 0, (1, 1, 1), -5): (0, 2)
(8, 1, 0, (1, 1, 1), -4): (1, 2)
(8, 1, 0, (1, 1, 1), -2): (1, 2)
(8, 1, 0, (1, 1, 1), -1): (1, 1)
(8, 1, 0, (1, 1, 1), 3): (1, 1)
(8, 1, 0, (1, 1, 1), 6): (1, 1)
(8, 1, 0, (1, 1, 1), 8): (1, 1)
(8, 1, 0, (1, 1, 1), 10): (1, 1)
(8, 1, 1, (0, 0, 0), -15): (0, 2)
(8, 1, 1, (0, 0, 0), -14): (0, 1)
(8, 1, 1, (0, 0, 0), -13): (0, 1)
(8, 1, 1, (0, 0, 0), -12): (0, 2)
(8, 1, 1, (0, 0, 0), -11): (0, 1)
(8, 1, 1, (0, 0, 0), -10): (0, 4)
(8, 1, 1, (0, 0, 0), -9): (0, 6)
(8, 1, 1, (0, 0, 0), -8): (0, 9)
(8, 1, 1, (0, 0, 0), -7): (0, 19)
(8, 1, 1, (0, 0, 0), -6): (1, 24)
(8, 1, 1, (0, 0, 0), -5): (0, 32)
(8, 1, 1, (0, 0, 0), -4): (3, 55)
(8, 1, 1, (0, 0, 0), -3): (2, 63)
(8, 1, 1, (0, 0, 0), -2): (6, 76)
(8, 1, 1, (0, 0, 0), -1): (19, 72)
(8, 1, 1, (0, 0, 0), 0): (47, 81)
(8, 1, 1, (0, 0, 0), 1): (47, 60)
(8, 1, 1, (0, 0, 0), 2): (45, 46)
(8, 1, 1, (0, 0, 0), 3): (57, 59)
(8, 1, 1, (0, 0, 0), 4): (41, 41)
(8, 1, 1, (0, 0, 0), 5): (25, 25)
(8, 1, 1, (0, 0, 0), 6): (21, 21)
(8, 1, 1, (0, 0, 0), 7): (13, 13)
(8, 1, 1, (0, 0, 0), 8): (10, 10)
(8, 1, 1, (0, 0, 0), 9): (5, 5)
(8, 1, 1, (0, 0, 0), 10): (6, 6)
(8, 1, 1, (0, 0, 0), 11): (6, 6)
(8, 1, 1, (0, 0, 0), 12): (1, 1)
(8, 1, 1, (0, 0, 0), 13): (1, 1)
(8, 1, 1, (0, 0, 0), 15): (2, 2)
(8, 1, 1, (0, 0, 1), -8): (0, 1)
(8, 1, 1, (0, 0, 1), -6): (0, 1)
(8, 1, 1, (0, 0, 1), -5): (0, 1)
(8, 1, 1, (0, 0, 1), -4): (0, 2)
(8, 1, 1, (0, 0, 1), -3): (0, 3)
(8, 1, 1, (0, 0, 1), -2): (0, 5)
(8, 1, 1, (0, 0, 1), -1): (4, 10)
(8, 1, 1, (0, 0, 1), 0): (11, 12)
(8, 1, 1, (0, 0, 1), 1): (7, 7)
(8, 1, 1, (0, 0, 1), 2): (6, 7)
(8, 1, 1, (0, 0, 1), 3): (7, 7)
(8, 1, 1, (0, 0, 1), 4): (4, 4)
(8, 1, 1, (0, 0, 1), 5): (3, 3)
(8, 1, 1, (0, 0, 1), 6): (5, 5)
(8, 1, 1, (0, 0, 1), 8): (1, 1)
(8, 1, 1, (0, 0, 1), 9): (2, 2)
(8, 1, 1, (0, 0, 1), 10): (1, 1)
(8, 1, 1, (0, 1, 0), -13): (0, 1)
(8, 1, 1, (0, 1, 0), -12): (0, 1)
(8, 1, 1, (0, 1, 0), -11): (0, 1)
(8, 1, 1, (0, 1, 0), -9): (0, 1)
(8, 1, 1, (0, 1, 0), -8): (0, 1)
(8, 1, 1, (0, 1, 0), -7): (0, 2)
(8, 1, 1, (0, 1, 0), -6): (0, 4)
(8, 1, 1, (0, 1, 0), -5): (0, 1)
(8, 1, 1, (0, 1, 0), -4): (0, 6)
(8, 1, 1, (0, 1, 0), -3): (0, 8)
(8, 1, 1, (0, 1, 0), -2): (3, 10)
(8, 1, 1, (0, 1, 0), -1): (5, 20)
(8, 1, 1, (0, 1, 0), 0): (20, 29)
(8, 1, 1, (0, 1, 0), 1): (28, 31)
(8, 1, 1, (0, 1, 0), 2): (16, 18)
(8, 1, 1, (0, 1, 0), 3): (24, 24)
(8, 1, 1, (0, 1, 0), 4): (10, 10)
(8, 1, 1, (0, 1, 0), 5): (10, 10)
(8, 1, 1, (0, 1, 0), 6): (4, 4)
(8, 1, 1, (0, 1, 0), 7): (4, 4)
(8, 1, 1, (0, 1, 0), 8): (3, 3)
(8, 1, 1, (0, 1, 0), 9): (4, 4)
(8, 1, 1, (0, 1, 0), 10): (3, 3)
(8, 1, 1, (0, 1, 0), 11): (3, 3)
(8, 1, 1, (0, 1, 0), 12): (1, 1)
(8, 1, 1, (0, 1, 1), -13): (0, 1)
(8, 1, 1, (0, 1, 1), -9): (0, 1)
(8, 1, 1, (0, 1, 1), -8): (0, 1)
(8, 1, 1, (0, 1, 1), -6): (0, 1)
(8, 1, 1, (0, 1, 1), -5): (0, 4)
(8, 1, 1, (0, 1, 1), -4): (0, 3)
(8, 1, 1, (0, 1, 1), -3): (0, 2)
(8, 1, 1, (0, 1, 1), -2): (3, 6)
(8, 1, 1, (0, 1, 1), -1): (3, 4)
(8, 1, 1, (0, 1, 1), 0): (4, 6)
(8, 1, 1, (0, 1, 1), 1): (4, 4)
(8, 1, 1, (0, 1, 1), 2): (4, 4)
(8, 1, 1, (0, 1, 1), 3): (5, 5)
(8, 1, 1, (0, 1, 1), 4): (3, 3)
(8, 1, 1, (0, 1, 1), 5): (1, 1)
(8, 1, 1, (0, 1, 1), 6): (2, 2)
(8, 1, 1, (0, 1, 1), 7): (1, 1)
(8, 1, 1, (0, 1, 1), 15): (1, 1)
(8, 1, 1, (1, 0, 0), -20): (0, 1)
(8, 1, 1, (1, 0, 0), -15): (0, 1)
(8, 1, 1, (1, 0, 0), -14): (0, 1)
(8, 1, 1, (1, 0, 0), -12): (0, 2)
(8, 1, 1, (1, 0, 0), -11): (0, 2)
(8, 1, 1, (1, 0, 0), -10): (0, 1)
(8, 1, 1, (1, 0, 0), -9): (0, 4)
(8, 1, 1, (1, 0, 0), -8): (0, 2)
(8, 1, 1, (1, 0, 0), -7): (0, 9)
(8, 1, 1, (1, 0, 0), -6): (0, 12)
(8, 1, 1, (1, 0, 0), -5): (0, 17)
(8, 1, 1, (1, 0, 0), -4): (3, 33)
(8, 1, 1, (1, 0, 0), -3): (1, 42)
(8, 1, 1, (1, 0, 0), -2): (4, 39)
(8, 1, 1, (1, 0, 0), -1): (9, 35)
(8, 1, 1, (1, 0, 0), 0): (21, 39)
(8, 1, 1, (1, 0, 0), 1): (25, 30)
(8, 1, 1, (1, 0, 0), 2): (32, 34)
(8, 1, 1, (1, 0, 0), 3): (28, 29)
(8, 1, 1, (1, 0, 0), 4): (26, 26)
(8, 1, 1, (1, 0, 0), 5): (10, 10)
(8, 1, 1, (1, 0, 0), 6): (16, 16)
(8, 1, 1, (1, 0, 0), 7): (12, 12)
(8, 1, 1, (1, 0, 0), 8): (10, 10)
(8, 1, 1, (1, 0, 0), 9): (2, 2)
(8, 1, 1, (1, 0, 0), 10): (1, 1)
(8, 1, 1, (1, 0, 0), 11): (2, 2)
(8, 1, 1, (1, 0, 0), 12): (2, 2)
(8, 1, 1, (1, 0, 0), 13): (1, 1)
(8, 1, 1, (1, 0, 0), 23): (1, 1)
(8, 1, 1, (1, 0, 1), -15): (0, 1)
(8, 1, 1, (1, 0, 1), -7): (0, 2)
(8, 1, 1, (1, 0, 1), -6): (0, 3)
(8, 1, 1, (1, 0, 1), -5): (0, 1)
(8, 1, 1, (1, 0, 1), -4): (0, 5)
(8, 1, 1, (1, 0, 1), -3): (1, 9)
(8, 1, 1, (1, 0, 1), -2): (0, 3)
(8, 1, 1, (1, 0, 1), -1): (2, 5)
(8, 1, 1, (1, 0, 1), 0): (9, 9)
(8, 1, 1, (1, 0, 1), 1): (10, 10)
(8, 1, 1, (1, 0, 1), 2): (5, 5)
(8, 1, 1, (1, 0, 1), 3): (10, 10)
(8, 1, 1, (1, 0, 1), 4): (5, 5)
(8, 1, 1, (1, 0, 1), 5): (5, 5)
(8, 1, 1, (1, 0, 1), 6): (3, 3)
(8, 1, 1, (1, 0, 1), 7): (4, 4)
(8, 1, 1, (1, 0, 1), 8): (2, 2)
(8, 1, 1, (1, 0, 1), 9): (1, 1)
(8, 1, 1, (1, 0, 1), 11): (1, 1)
(8, 1, 1, (1, 0, 1), 23): (1, 1)
(8, 1, 1, (1, 1, 0), -14): (0, 1)
(8, 1, 1, (1, 1, 0), -13): (0, 1)
(8, 1, 1, (1, 1, 0), -9): (0, 2)
(8, 1, 1, (1, 1, 0), -7): (0, 1)
(8, 1, 1, (1, 1, 0), -6): (0, 6)
(8, 1, 1, (1, 1, 0), -5): (0, 8)
(8, 1, 1, (1, 1, 0), -4): (2, 15)
(8, 1, 1, (1, 1, 0), -3): (0, 7)
(8, 1, 1, (1, 1, 0), -2): (2, 15)
(8, 1, 1, (1, 1, 0), -1): (4, 11)
(8, 1, 1, (1, 1, 0), 0): (9, 17)
(8, 1, 1, (1, 1, 0), 1): (11, 11)
(8, 1, 1, (1, 1, 0), 2): (11, 11)
(8, 1, 1, (1, 1, 0), 3): (7, 7)
(8, 1, 1, (1, 1, 0), 4): (12, 12)
(8, 1, 1, (1, 1, 0), 5): (2, 2)
(8, 1, 1, (1, 1, 0), 6): (5, 5)
(8, 1, 1, (1, 1, 0), 7): (5, 5)
(8, 1, 1, (1, 1, 0), 8): (4, 4)
(8, 1, 1, (1, 1, 0), 11): (1, 1)
(8, 1, 1, (1, 1, 0), 12): (2, 2)
(8, 1, 1, (1, 1, 0), 13): (1, 1)
(8, 1, 1, (1, 1, 0), 14): (1, 1)
(8, 1, 1, (1, 1, 1), -15): (0, 1)
(8, 1, 1, (1, 1, 1), -9): (0, 1)
(8, 1, 1, (1, 1, 1), -6): (0, 1)
(8, 1, 1, (1, 1, 1), -5): (0, 3)
(8, 1, 1, (1, 1, 1), -4): (1, 6)
(8, 1, 1, (1, 1, 1), -3): (0, 3)
(8, 1, 1, (1, 1, 1), -2): (3, 9)
(8, 1, 1, (1, 1, 1), -1): (2, 4)
(8, 1, 1, (1, 1, 1), 0): (6, 9)
(8, 1, 1, (1, 1, 1), 1): (5, 5)
(8, 1, 1, (1, 1, 1), 2): (2, 2)
(8, 1, 1, (1, 1, 1), 3): (2, 2)
(8, 1, 1, (1, 1, 1), 4): (2, 2)
(8, 1, 1, (1, 1, 1), 5): (1, 1)
(8, 1, 1, (1, 1, 1), 6): (1, 1)
(8, 1, 1, (1, 1, 1), 7): (1, 1)
(8, 1, 1, (1, 1, 1), 12): (1, 1)
(8, 1, 2, (0, 0, 0), -15): (0, 1)
(8, 1, 2, (0, 0, 0), -14): (0, 1)
(8, 1, 2, (0, 0, 0), -12): (0, 2)
(8, 1, 2, (0, 0, 0), -11): (0, 1)
(8, 1, 2, (0, 0, 0), -10): (0, 4)
(8, 1, 2, (0, 0, 0), -9): (0, 4)
(8, 1, 2, (0, 0, 0), -8): (0, 8)
(8, 1, 2, (0, 0, 0), -7): (0, 12)
(8, 1, 2, (0, 0, 0), -6): (1, 16)
(8, 1, 2, (0, 0, 0), -5): (0, 24)
(8, 1, 2, (0, 0, 0), -4): (1, 40)
(8, 1, 2, (0, 0, 0), -3): (2, 40)
(8, 1, 2, (0, 0, 0), -2): (4, 55)
(8, 1, 2, (0, 0, 0), -1): (12, 56)
(8, 1, 2, (0, 0, 0), 0): (35, 60)
(8, 1, 2, (0, 0, 0), 1): (37, 49)
(8, 1, 2, (0, 0, 0), 2): (35, 35)
(8, 1, 2, (0, 0, 0), 3): (49, 52)
(8, 1, 2, (0, 0, 0), 4): (24, 24)
(8, 1, 2, (0, 0, 0), 5): (24, 24)
(8, 1, 2, (0, 0, 0), 6): (18, 18)
(8, 1, 2, (0, 0, 0), 7): (14, 14)
(8, 1, 2, (0, 0, 0), 8): (7, 7)
(8, 1, 2, (0, 0, 0), 9): (4, 4)
(8, 1, 2, (0, 0, 0), 10): (6, 6)
(8, 1, 2, (0, 0, 0), 11): (5, 5)
(8, 1, 2, (0, 0, 0), 12): (2, 2)
(8, 1, 2, (0, 0, 0), 13): (1, 1)
(8, 1, 2, (0, 0, 0), 15): (2, 2)
(8, 1, 2, (0, 0, 1), -19): (0, 1)
(8, 1, 2, (0, 0, 1), -9): (0, 2)
(8, 1, 2, (0, 0, 1), -8): (0, 2)
(8, 1, 2, (0, 0, 1), -7): (0, 1)
(8, 1, 2, (0, 0, 1), -6): (0, 1)
(8, 1, 2, (0, 0, 1), -5): (0, 1)
(8, 1, 2, (0, 0, 1), -4): (0, 5)
(8, 1, 2, (0, 0, 1), -3): (1, 7)
(8, 1, 2, (0, 0, 1), -2): (0, 7)
(8, 1, 2, (0, 0, 1), -1): (1, 10)
(8, 1, 2, (0, 0, 1), 0): (7, 10)
(8, 1, 2, (0, 0, 1), 1): (11, 14)
(8, 1, 2, (0, 0, 1), 2): (11, 11)
(8, 1, 2, (0, 0, 1), 3): (12, 12)
(8, 1, 2, (0, 0, 1), 4): (6, 6)
(8, 1, 2, (0, 0, 1), 5): (5, 5)
(8, 1, 2, (0, 0, 1), 6): (5, 5)
(8, 1, 2, (0, 0, 1), 7): (1, 1)
(8, 1, 2, (0, 0, 1), 8): (1, 1)
(8, 1, 2, (0, 0, 1), 9): (2, 2)
(8, 1, 2, (0, 0, 1), 10): (2, 2)
(8, 1, 2, (0, 0, 1), 13): (1, 1)
(8, 1, 2, (0, 0, 1), 16): (1, 1)
(8, 1, 2, (0, 1, 0), -13): (0, 1)
(8, 1, 2, (0, 1, 0), -12): (0, 1)
(8, 1, 2, (0, 1, 0), -9): (0, 1)
(8, 1, 2, (0, 1, 0), -8): (0, 1)
(8, 1, 2, (0, 1, 0), -7): (0, 2)
(8, 1, 2, (0, 1, 0), -6): (0, 2)
(8, 1, 2, (0, 1, 0), -5): (0, 5)
(8, 1, 2, (0, 1, 0), -4): (0, 12)
(8, 1, 2, (0, 1, 0), -3): (0, 10)
(8, 1, 2, (0, 1, 0), -2): (1, 11)
(8, 1, 2, (0, 1, 0), -1): (2, 15)
(8, 1, 2, (0, 1, 0), 0): (12, 23)
(8, 1, 2, (0, 1, 0), 1): (17, 19)
(8, 1, 2, (0, 1, 0), 2): (11, 14)
(8, 1, 2, (0, 1, 0), 3): (27, 27)
(8, 1, 2, (0, 1, 0), 4): (10, 10)
(8, 1, 2, (0, 1, 0), 5): (17, 17)
(8, 1, 2, (0, 1, 0), 6): (13, 13)
(8, 1, 2, (0, 1, 0), 7): (5, 5)
(8, 1, 2, (0, 1, 0), 8): (5, 5)
(8, 1, 2, (0, 1, 0), 9): (5, 5)
(8, 1, 2, (0, 1, 0), 10): (3, 3)
(8, 1, 2, (0, 1, 0), 11): (3, 3)
(8, 1, 2, (0, 1, 0), 13): (1, 1)
(8, 1, 2, (0, 1, 0), 15): (1, 1)
(8, 1, 2, (0, 1, 0), 24): (1, 1)
(8, 1, 2, (0, 1, 0), 25): (1, 1)
(8, 1, 2, (0, 1, 1), -10): (0, 1)
(8, 1, 2, (0, 1, 1), -8): (0, 1)
(8, 1, 2, (0, 1, 1), -6): (0, 2)
(8, 1, 2, (0, 1, 1), -5): (0, 1)
(8, 1, 2, (0, 1, 1), -4): (0, 4)
(8, 1, 2, (0, 1, 1), -3): (0, 1)
(8, 1, 2, (0, 1, 1), -2): (1, 7)
(8, 1, 2, (0, 1, 1), -1): (1, 6)
(8, 1, 2, (0, 1, 1), 0): (6, 9)
(8, 1, 2, (0, 1, 1), 1): (5, 6)
(8, 1, 2, (0, 1, 1), 2): (6, 7)
(8, 1, 2, (0, 1, 1), 3): (8, 8)
(8, 1, 2, (0, 1, 1), 4): (3, 3)
(8, 1, 2, (0, 1, 1), 5): (3, 3)
(8, 1, 2, (0, 1, 1), 6): (2, 2)
(8, 1, 2, (0, 1, 1), 8): (4, 4)
(8, 1, 2, (0, 1, 1), 9): (1, 1)
(8, 1, 2, (0, 1, 1), 11): (1, 1)
(8, 1, 2, (1, 0, 0), -20): (0, 1)
(8, 1, 2, (1, 0, 0), -12): (0, 2)
(8, 1, 2, (1, 0, 0), -11): (0, 4)
(8, 1, 2, (1, 0, 0), -10): (0, 2)
(8, 1, 2, (1, 0, 0), -9): (0, 2)
(8, 1, 2, (1, 0, 0), -8): (0, 6)
(8, 1, 2, (1, 0, 0), -7): (0, 9)
(8, 1, 2, (1, 0, 0), -6): (0, 11)
(8, 1, 2, (1, 0, 0), -5): (0, 15)
(8, 1, 2, (1, 0, 0), -4): (1, 29)
(8, 1, 2, (1, 0, 0), -3): (0, 42)
(8, 1, 2, (1, 0, 0), -2): (6, 44)
(8, 1, 2, (1, 0, 0), -1): (10, 36)
(8, 1, 2, (1, 0, 0), 0): (20, 39)
(8, 1, 2, (1, 0, 0), 1): (31, 39)
(8, 1, 2, (1, 0, 0), 2): (29, 29)
(8, 1, 2, (1, 0, 0), 3): (26, 29)
(8, 1, 2, (1, 0, 0), 4): (18, 18)
(8, 1, 2, (1, 0, 0), 5): (17, 17)
(8, 1, 2, (1, 0, 0), 6): (15, 15)
(8, 1, 2, (1, 0, 0), 7): (15, 15)
(8, 1, 2, (1, 0, 0), 8): (3, 3)
(8, 1, 2, (1, 0, 0), 9): (5, 5)
(8, 1, 2, (1, 0, 0), 10): (3, 3)
(8, 1, 2, (1, 0, 0), 11): (3, 3)
(8, 1, 2, (1, 0, 0), 12): (1, 1)
(8, 1, 2, (1, 0, 1), -8): (0, 2)
(8, 1, 2, (1, 0, 1), -7): (0, 2)
(8, 1, 2, (1, 0, 1), -6): (0, 2)
(8, 1, 2, (1, 0, 1), -5): (0, 2)
(8, 1, 2, (1, 0, 1), -4): (0, 4)
(8, 1, 2, (1, 0, 1), -3): (0, 7)
(8, 1, 2, (1, 0, 1), -2): (0, 6)
(8, 1, 2, (1, 0, 1), -1): (1, 6)
(8, 1, 2, (1, 0, 1), 0): (6, 10)
(8, 1, 2, (1, 0, 1), 1): (6, 9)
(8, 1, 2, (1, 0, 1), 2): (16, 16)
(8, 1, 2, (1, 0, 1), 3): (13, 13)
(8, 1, 2, (1, 0, 1), 4): (10, 10)
(8, 1, 2, (1, 0, 1), 5): (4, 4)
(8, 1, 2, (1, 0, 1), 6): (3, 3)
(8, 1, 2, (1, 0, 1), 7): (2, 2)
(8, 1, 2, (1, 0, 1), 8): (2, 2)
(8, 1, 2, (1, 0, 1), 11): (1, 1)
(8, 1, 2, (1, 0, 1), 12): (1, 1)
(8, 1, 2, (1, 1, 0), -13): (0, 1)
(8, 1, 2, (1, 1, 0), -11): (0, 2)
(8, 1, 2, (1, 1, 0), -9): (0, 2)
(8, 1, 2, (1, 1, 0), -8): (0, 1)
(8, 1, 2, (1, 1, 0), -7): (0, 1)
(8, 1, 2, (1, 1, 0), -6): (0, 4)
(8, 1, 2, (1, 1, 0), -5): (0, 6)
(8, 1, 2, (1, 1, 0), -4): (1, 18)
(8, 1, 2, (1, 1, 0), -3): (2, 16)
(8, 1, 2, (1, 1, 0), -2): (2, 20)
(8, 1, 2, (1, 1, 0), -1): (6, 19)
(8, 1, 2, (1, 1, 0), 0): (10, 17)
(8, 1, 2, (1, 1, 0), 1): (23, 24)
(8, 1, 2, (1, 1, 0), 2): (12, 13)
(8, 1, 2, (1, 1, 0), 3): (16, 16)
(8, 1, 2, (1, 1, 0), 4): (13, 13)
(8, 1, 2, (1, 1, 0), 5): (6, 6)
(8, 1, 2, (1, 1, 0), 6): (9, 9)
(8, 1, 2, (1, 1, 0), 7): (9, 9)
(8, 1, 2, (1, 1, 0), 8): (4, 4)
(8, 1, 2, (1, 1, 0), 9): (1, 1)
(8, 1, 2, (1, 1, 0), 10): (1, 1)
(8, 1, 2, (1, 1, 0), 11): (4, 4)
(8, 1, 2, (1, 1, 1), -15): (0, 1)
(8, 1, 2, (1, 1, 1), -9): (0, 1)
(8, 1, 2, (1, 1, 1), -8): (0, 2)
(8, 1, 2, (1, 1, 1), -6): (0, 2)
(8, 1, 2, (1, 1, 1), -5): (0, 2)
(8, 1, 2, (1, 1, 1), -4): (0, 5)
(8, 1, 2, (1, 1, 1), -3): (0, 4)
(8, 1, 2, (1, 1, 1), -2): (1, 11)
(8, 1, 2, (1, 1, 1), -1): (1, 6)
(8, 1, 2, (1, 1, 1), 0): (4, 7)
(8, 1, 2, (1, 1, 1), 1): (4, 5)
(8, 1, 2, (1, 1, 1), 2): (2, 2)
(8, 1, 2, (1, 1, 1), 3): (3, 3)
(8, 1, 2, (1, 1, 1), 4): (2, 2)
(8, 1, 2, (1, 1, 1), 5): (1, 1)
(8, 1, 2, (1, 1, 1), 6): (2, 2)
(8, 1, 2, (1, 1, 1), 7): (1, 1)
(8, 1, 2, (1, 1, 1), 8): (2, 2)
(8, 1, 2, (1, 1, 1), 11): (1, 1)
(8, 1, 2, (1, 1, 1), 12): (2, 2)
(8, 1, 2, (1, 1, 1), 13): (1, 1)
(9, 0, 0, (0, 0, 0), -25): (0, 1)
(9, 0, 0, (0, 0, 0), -16): (0, 1)
(9, 0, 0, (0, 0, 0), -15): (0, 2)
(9, 0, 0, (0, 0, 0), -13): (0, 5)
(9, 0, 0, (0, 0, 0), -12): (0, 4)
(9, 0, 0, (0, 0, 0), -11): (0, 6)
(9, 0, 0, (0, 0, 0), -10): (0, 13)
(9, 0, 0, (0, 0, 0), -9): (0, 13)
(9, 0, 0, (0, 0, 0), -8): (0, 18)
(9, 0, 0, (0, 0, 0), -7): (0, 33)
(9, 0, 0, (0, 0, 0), -6): (0, 40)
(9, 0, 0, (0, 0, 0), -5): (0, 43)
(9, 0, 0, (0, 0, 0), -4): (0, 58)
(9, 0, 0, (0, 0, 0), -3): (4, 104)
(9, 0, 0, (0, 0, 0), -2): (6, 93)
(9, 0, 0, (0, 0, 0), -1): (22, 100)
(9, 0, 0, (0, 0, 0), 0): (60, 113)
(9, 0, 0, (0, 0, 0), 1): (92, 109)
(9, 0, 0, (0, 0, 0), 2): (98, 108)
(9, 0, 0, (0, 0, 0), 3): (91, 95)
(9, 0, 0, (0, 0, 0), 4): (72, 73)
(9, 0, 0, (0, 0, 0), 5): (39, 39)
(9, 0, 0, (0, 0, 0), 6): (28, 29)
(9, 0, 0, (0, 0, 0), 7): (20, 20)
(9, 0, 0, (0, 0, 0), 8): (18, 18)
(9, 0, 0, (0, 0, 0), 9): (8, 8)
(9, 0, 0, (0, 0, 0), 10): (7, 7)
(9, 0, 0, (0, 0, 0), 11): (3, 3)
(9, 0, 0, (0, 0, 0), 12): (5, 5)
(9, 0, 0, (0, 0, 0), 13): (2, 2)
(9, 0, 0, (0, 0, 0), 14): (1, 1)
(9, 0, 0, (0, 0, 0), 15): (2, 2)
(9, 0, 0, (0, 0, 0), 19): (1, 1)
(9, 0, 0, (0, 0, 1), -7): (0, 1)
(9, 0, 0, (0, 0, 1), -6): (0, 2)
(9, 0, 0, (0, 0, 1), -5): (0, 1)
(9, 0, 0, (0, 0, 1), -4): (0, 4)
(9, 0, 0, (0, 0, 1), -3): (0, 2)
(9, 0, 0, (0, 0, 1), -2): (0, 2)
(9, 0, 0, (0, 0, 1), -1): (0, 1)
(9, 0, 0, (0, 0, 1), 1): (4, 5)
(9, 0, 0, (0, 0, 1), 2): (1, 2)
(9, 0, 0, (0, 0, 1), 3): (4, 4)
(9, 0, 0, (0, 0, 1), 6): (1, 2)
(9, 0, 0, (0, 0, 1), 7): (1, 1)
(9, 0, 0, (0, 0, 1), 9): (1, 1)
(9, 0, 0, (0, 0, 1), 12): (1, 1)
(9, 0, 0, (0, 0, 1), 14): (1, 1)
(9, 0, 0, (0, 1, 0), -15): (0, 1)
(9, 0, 0, (0, 1, 0), -9): (0, 1)
(9, 0, 0, (0, 1, 0), -8): (0, 3)
(9, 0, 0, (0, 1, 0), -7): (0, 4)
(9, 0, 0, (0, 1, 0), -6): (0, 3)
(9, 0, 0, (0, 1, 0), -5): (0, 5)
(9, 0, 0, (0, 1, 0), -4): (0, 2)
(9, 0, 0, (0, 1, 0), -3): (0, 8)
(9, 0, 0, (0, 1, 0), -2): (2, 7)
(9, 0, 0, (0, 1, 0), -1): (2, 8)
(9, 0, 0, (0, 1, 0), 0): (4, 5)
(9, 0, 0, (0, 1, 0), 1): (5, 6)
(9, 0, 0, (0, 1, 0), 2): (6, 6)
(9, 0, 0, (0, 1, 0), 3): (4, 4)
(9, 0, 0, (0, 1, 0), 4): (10, 10)
(9, 0, 0, (0, 1, 0), 5): (2, 2)
(9, 0, 0, (0, 1, 0), 6): (1, 1)
(9, 0, 0, (0, 1, 0), 7): (1, 1)
(9, 0, 0, (0, 1, 0), 9): (2, 2)
(9, 0, 0, (0, 1, 0), 15): (1, 1)
(9, 0, 0, (0, 1, 1), -5): (0, 1)
(9, 0, 0, (0, 1, 1), -4): (0, 1)
(9, 0, 0, (0, 1, 1), -3): (2, 3)
(9, 0, 0, (0, 1, 1), -2): (0, 1)
(9, 0, 0, (0, 1, 1), -1): (1, 2)
(9, 0, 0, (0, 1, 1), 0): (2, 2)
(9, 0, 0, (0, 1, 1), 2): (2, 2)
(9, 0, 0, (0, 1, 1), 3): (2, 2)
(9, 0, 0, (0, 1, 1), 5): (3, 3)
(9, 0, 0, (0, 1, 1), 6): (1, 1)
(9, 0, 0, (0, 1, 1), 7): (1, 1)
(9, 0, 0, (0, 1, 1), 8): (1, 1)
(9, 0, 0, (0, 1, 1), 12): (1, 1)
(9, 0, 0, (1, 0, 0), -13): (0, 1)
(9, 0, 0, (1, 0, 0), -11): (0, 1)
(9, 0, 0, (1, 0, 0), -10): (0, 3)
(9, 0, 0, (1, 0, 0), -9): (0, 6)
(9, 0, 0, (1, 0, 0), -8): (0, 2)
(9, 0, 0, (1, 0, 0), -7): (0, 9)
(9, 0, 0, (1, 0, 0), -6): (0, 12)
(9, 0, 0, (1, 0, 0), -5): (0, 13)
(9, 0, 0, (1, 0, 0), -4): (0, 19)
(9, 0, 0, (1, 0, 0), -3): (3, 30)
(9, 0, 0, (1, 0, 0), -2): (4, 29)
(9, 0, 0, (1, 0, 0), -1): (12, 27)
(9, 0, 0, (1, 0, 0), 0): (25, 35)
(9, 0, 0, (1, 0, 0), 1): (27, 28)
(9, 0, 0, (1, 0, 0), 2): (19, 22)
(9, 0, 0, (1, 0, 0), 3): (28, 30)
(9, 0, 0, (1, 0, 0), 4): (20, 21)
(9, 0, 0, (1, 0, 0), 5): (9, 9)
(9, 0, 0, (1, 0, 0), 6): (10, 10)
(9, 0, 0, (1, 0, 0), 7): (7, 7)
(9, 0, 0, (1, 0, 0), 8): (8, 8)
(9, 0, 0, (1, 0, 0), 9): (2, 2)
(9, 0, 0, (1, 0, 0), 10): (2, 2)
(9, 0, 0, (1, 0, 0), 11): (2, 2)
(9, 0, 0, (1, 0, 0), 12): (3, 3)
(9, 0, 0, (1, 0, 0), 13): (1, 1)
(9, 0, 0, (1, 0, 0), 15): (1, 1)
(9, 0, 0, (1, 0, 0), 16): (1, 1)
(9, 0, 0, (1, 0, 0), 19): (1, 1)
(9, 0, 0, (1, 0, 1), -7): (0, 3)
(9, 0, 0, (1, 0, 1), -4): (0, 2)
(9, 0, 0, (1, 0, 1), -3): (0, 6)
(9, 0, 0, (1, 0, 1), -2): (1, 3)
(9, 0, 0, (1, 0, 1), -1): (2, 3)
(9, 0, 0, (1, 0, 1), 1): (0, 1)
(9, 0, 0, (1, 0, 1), 2): (2, 3)
(9, 0, 0, (1, 0, 1), 3): (2, 2)
(9, 0, 0, (1, 0, 1), 4): (1, 1)
(9, 0, 0, (1, 0, 1), 5): (1, 1)
(9, 0, 0, (1, 0, 1), 6): (1, 1)
(9, 0, 0, (1, 0, 1), 7): (3, 3)
(9, 0, 0, (1, 0, 1), 9): (1, 1)
(9, 0, 0, (1, 1, 0), -10): (0, 1)
(9, 0, 0, (1, 1, 0), -9): (0, 3)
(9, 0, 0, (1, 1, 0), -8): (0, 3)
(9, 0, 0, (1, 1, 0), -7): (0, 2)
(9, 0, 0, (1, 1, 0), -6): (0, 2)
(9, 0, 0, (1, 1, 0), -5): (0, 3)
(9, 0, 0, (1, 1, 0), -4): (0, 5)
(9, 0, 0, (1, 1, 0), -3): (0, 3)
(9, 0, 0, (1, 1, 0), -2): (3, 12)
(9, 0, 0, (1, 1, 0), -1): (4, 8)
(9, 0, 0, (1, 1, 0), 0): (7, 8)
(9, 0, 0, (1, 1, 0), 1): (5, 5)
(9, 0, 0, (1, 1, 0), 2): (3, 3)
(9, 0, 0, (1, 1, 0), 3): (1, 1)
(9, 0, 0, (1, 1, 0), 4): (5, 5)
(9, 0, 0, (1, 1, 0), 5): (2, 2)
(9, 0, 0, (1, 1, 0), 6): (4, 4)
(9, 0, 0, (1, 1, 0), 7): (1, 1)
(9, 0, 0, (1, 1, 0), 8): (1, 1)
(9, 0, 0, (1, 1, 0), 12): (2, 2)
(9, 0, 0, (1, 1, 1), -9): (0, 1)
(9, 0, 0, (1, 1, 1), -8): (0, 1)
(9, 0, 0, (1, 1, 1), -7): (0, 1)
(9, 0, 0, (1, 1, 1), -6): (0, 1)
(9, 0, 0, (1, 1, 1), -4): (0, 1)
(9, 0, 0, (1, 1, 1), -3): (0, 1)
(9, 0, 0, (1, 1, 1), -2): (2, 2)
(9, 0, 0, (1, 1, 1), -1): (3, 3)
(9, 0, 0, (1, 1, 1), 0): (2, 2)
(9, 0, 0, (1, 1, 1), 1): (2, 2)
(9, 0, 0, (1, 1, 1), 2): (1, 1)
(9, 0, 0, (1, 1, 1), 3): (1, 1)
(9, 0, 0, (1, 1, 1), 4): (1, 1)
(9, 0, 0, (1, 1, 1), 5): (2, 2)
(9, 0, 0, (1, 1, 1), 6): (3, 3)
(9, 0, 0, (1, 1, 1), 7): (1, 1)
(9, 0, 1, (0, 0, 0), -25): (0, 1)
(9, 0, 1, (0, 0, 0), -16): (0, 1)
(9, 0, 1, (0, 0, 0), -15): (0, 1)
(9, 0, 1, (0, 0, 0), -13): (0, 4)
(9, 0, 1, (0, 0, 0), -12): (0, 4)
(9, 0, 1, (0, 0, 0), -11): (0, 6)
(9, 0, 1, (0, 0, 0), -10): (0, 10)
(9, 0, 1, (0, 0, 0), -9): (0, 5)
(9, 0, 1, (0, 0, 0), -8): (0, 14)
(9, 0, 1, (0, 0, 0), -7): (0, 23)
(9, 0, 1, (0, 0, 0), -6): (0, 24)
(9, 0, 1, (0, 0, 0), -5): (0, 30)
(9, 0, 1, (0, 0, 0), -4): (0, 36)
(9, 0, 1, (0, 0, 0), -3): (1, 65)
(9, 0, 1, (0, 0, 0), -2): (1, 59)
(9, 0, 1, (0, 0, 0), -1): (7, 67)
(9, 0, 1, (0, 0, 0), 0): (31, 74)
(9, 0, 1, (0, 0, 0), 1): (60, 73)
(9, 0, 1, (0, 0, 0), 2): (76, 82)
(9, 0, 1, (0, 0, 0), 3): (60, 62)
(9, 0, 1, (0, 0, 0), 4): (47, 48)
(9, 0, 1, (0, 0, 0), 5): (30, 30)
(9, 0, 1, (0, 0, 0), 6): (19, 20)
(9, 0, 1, (0, 0, 0), 7): (11, 11)
(9, 0, 1, (0, 0, 0), 8): (12, 12)
(9, 0, 1, (0, 0, 0), 9): (5, 5)
(9, 0, 1, (0, 0, 0), 10): (7, 7)
(9, 0, 1, (0, 0, 0), 11): (1, 1)
(9, 0, 1, (0, 0, 0), 12): (2, 2)
(9, 0, 1, (0, 0, 0), 13): (1, 1)
(9, 0, 1, (0, 0, 0), 14): (1, 1)
(9, 0, 1, (0, 0, 0), 15): (1, 1)
(9, 0, 1, (0, 0, 0), 16): (1, 1)
(9, 0, 1, (0, 0, 1), -15): (0, 1)
(9, 0, 1, (0, 0, 1), -12): (0, 1)
(9, 0, 1, (0, 0, 1), -10): (0, 1)
(9, 0, 1, (0, 0, 1), -9): (0, 1)
(9, 0, 1, (0, 0, 1), -8): (0, 3)
(9, 0, 1, (0, 0, 1), -7): (0, 4)
(9, 0, 1, (0, 0, 1), -6): (0, 1)
(9, 0, 1, (0, 0, 1), -5): (0, 5)
(9, 0, 1, (0, 0, 1), -4): (0, 3)
(9, 0, 1, (0, 0, 1), -3): (0, 1)
(9, 0, 1, (0, 0, 1), -2): (0, 1)
(9, 0, 1, (0, 0, 1), -1): (1, 9)
(9, 0, 1, (0, 0, 1), 0): (3, 4)
(9, 0, 1, (0, 0, 1), 1): (6, 7)
(9, 0, 1, (0, 0, 1), 2): (8, 8)
(9, 0, 1, (0, 0, 1), 3): (7, 7)
(9, 0, 1, (0, 0, 1), 4): (4, 4)
(9, 0, 1, (0, 0, 1), 5): (2, 2)
(9, 0, 1, (0, 0, 1), 6): (5, 5)
(9, 0, 1, (0, 0, 1), 7): (2, 2)
(9, 0, 1, (0, 0, 1), 9): (2, 2)
(9, 0, 1, (0, 1, 0), -13): (0, 1)
(9, 0, 1, (0, 1, 0), -11): (0, 1)
(9, 0, 1, (0, 1, 0), -8): (0, 2)
(9, 0, 1, (0, 1, 0), -7): (0, 6)
(9, 0, 1, (0, 1, 0), -6): (0, 2)
(9, 0, 1, (0, 1, 0), -5): (0, 8)
(9, 0, 1, (0, 1, 0), -4): (0, 6)
(9, 0, 1, (0, 1, 0), -3): (0, 9)
(9, 0, 1, (0, 1, 0), -2): (2, 13)
(9, 0, 1, (0, 1, 0), -1): (2, 10)
(9, 0, 1, (0, 1, 0), 0): (16, 23)
(9, 0, 1, (0, 1, 0), 1): (30, 32)
(9, 0, 1, (0, 1, 0), 2): (17, 19)
(9, 0, 1, (0, 1, 0), 3): (21, 24)
(9, 0, 1, (0, 1, 0), 4): (17, 17)
(9, 0, 1, (0, 1, 0), 5): (8, 8)
(9, 0, 1, (0, 1, 0), 6): (5, 5)
(9, 0, 1, (0, 1, 0), 7): (6, 6)
(9, 0, 1, (0, 1, 0), 8): (3, 3)
(9, 0, 1, (0, 1, 0), 9): (3, 3)
(9, 0, 1, (0, 1, 0), 10): (1, 1)
(9, 0, 1, (0, 1, 0), 11): (1, 1)
(9, 0, 1, (0, 1, 0), 13): (1, 1)
(9, 0, 1, (0, 1, 0), 19): (1, 1)
(9, 0, 1, (0, 1, 1), -10): (0, 1)
(9, 0, 1, (0, 1, 1), -9): (0, 1)
(9, 0, 1, (0, 1, 1), -8): (0, 1)
(9, 0, 1, (0, 1, 1), -6): (0, 1)
(9, 0, 1, (0, 1, 1), -5): (0, 6)
(9, 0, 1, (0, 1, 1), -4): (0, 2)
(9, 0, 1, (0, 1, 1), -3): (2, 3)
(9, 0, 1, (0, 1, 1), -2): (0, 2)
(9, 0, 1, (0, 1, 1), -1): (3, 7)
(9, 0, 1, (0, 1, 1), 0): (6, 6)
(9, 0, 1, (0, 1, 1), 1): (4, 5)
(9, 0, 1, (0, 1, 1), 2): (8, 8)
(9, 0, 1, (0, 1, 1), 3): (1, 1)
(9, 0, 1, (0, 1, 1), 4): (3, 3)
(9, 0, 1, (0, 1, 1), 5): (2, 2)
(9, 0, 1, (0, 1, 1), 6): (1, 1)
(9, 0, 1, (0, 1, 1), 7): (2, 2)
(9, 0, 1, (0, 1, 1), 8): (1, 1)
(9, 0, 1, (1, 0, 0), -25): (0, 1)
(9, 0, 1, (1, 0, 0), -16): (0, 1)
(9, 0, 1, (1, 0, 0), -15): (0, 1)
(9, 0, 1, (1, 0, 0), -13): (0, 1)
(9, 0, 1, (1, 0, 0), -12): (0, 2)
(9, 0, 1, (1, 0, 0), -11): (0, 3)
(9, 0, 1, (1, 0, 0), -10): (0, 4)
(9, 0, 1, (1, 0, 0), -9): (0, 2)
(9, 0, 1, (1, 0, 0), -8): (0, 8)
(9, 0, 1, (1, 0, 0), -7): (0, 4)
(9, 0, 1, (1, 0, 0), -6): (0, 15)
(9, 0, 1, (1, 0, 0), -5): (0, 19)
(9, 0, 1, (1, 0, 0), -4): (0, 14)
(9, 0, 1, (1, 0, 0), -3): (0, 35)
(9, 0, 1, (1, 0, 0), -2): (2, 34)
(9, 0, 1, (1, 0, 0), -1): (9, 43)
(9, 0, 1, (1, 0, 0), 0): (23, 42)
(9, 0, 1, (1, 0, 0), 1): (36, 41)
(9, 0, 1, (1, 0, 0), 2): (30, 33)
(9, 0, 1, (1, 0, 0), 3): (35, 37)
(9, 0, 1, (1, 0, 0), 4): (37, 37)
(9, 0, 1, (1, 0, 0), 5): (12, 12)
(9, 0, 1, (1, 0, 0), 6): (7, 7)
(9, 0, 1, (1, 0, 0), 7): (5, 5)
(9, 0, 1, (1, 0, 0), 8): (11, 11)
(9, 0, 1, (1, 0, 0), 9): (1, 1)
(9, 0, 1, (1, 0, 0), 10): (3, 3)
(9, 0, 1, (1, 0, 0), 11): (2, 2)
(9, 0, 1, (1, 0, 0), 15): (1, 1)
(9, 0, 1, (1, 0, 0), 16): (1, 1)
(9, 0, 1, (1, 0, 0), 19): (1, 1)
(9, 0, 1, (1, 0, 0), 20): (1, 1)
(9, 0, 1, (1, 0, 1), -8): (0, 1)
(9, 0, 1, (1, 0, 1), -7): (0, 4)
(9, 0, 1, (1, 0, 1), -5): (0, 3)
(9, 0, 1, (1, 0, 1), -4): (0, 5)
(9, 0, 1, (1, 0, 1), -3): (0, 6)
(9, 0, 1, (1, 0, 1), -2): (2, 7)
(9, 0, 1, (1, 0, 1), -1): (3, 5)
(9, 0, 1, (1, 0, 1), 0): (6, 8)
(9, 0, 1, (1, 0, 1), 1): (9, 11)
(9, 0, 1, (1, 0, 1), 2): (4, 4)
(9, 0, 1, (1, 0, 1), 3): (3, 3)
(9, 0, 1, (1, 0, 1), 4): (3, 3)
(9, 0, 1, (1, 0, 1), 5): (2, 2)
(9, 0, 1, (1, 0, 1), 6): (1, 1)
(9, 0, 1, (1, 0, 1), 7): (3, 3)
(9, 0, 1, (1, 0, 1), 12): (1, 1)
(9, 0, 1, (1, 1, 0), -25): (0, 1)
(9, 0, 1, (1, 1, 0), -24): (0, 1)
(9, 0, 1, (1, 1, 0), -13): (0, 1)
(9, 0, 1, (1, 1, 0), -11): (0, 2)
(9, 0, 1, (1, 1, 0), -10): (0, 1)
(9, 0, 1, (1, 1, 0), -9): (0, 1)
(9, 0, 1, (1, 1, 0), -7): (0, 4)
(9, 0, 1, (1, 1, 0), -6): (0, 6)
(9, 0, 1, (1, 1, 0), -5): (0, 5)
(9, 0, 1, (1, 1, 0), -4): (0, 5)
(9, 0, 1, (1, 1, 0), -3): (0, 13)
(9, 0, 1, (1, 1, 0), -2): (0, 12)
(9, 0, 1, (1, 1, 0), -1): (8, 14)
(9, 0, 1, (1, 1, 0), 0): (5, 11)
(9, 0, 1, (1, 1, 0), 1): (11, 12)
(9, 0, 1, (1, 1, 0), 2): (12, 13)
(9, 0, 1, (1, 1, 0), 3): (9, 10)
(9, 0, 1, (1, 1, 0), 4): (12, 12)
(9, 0, 1, (1, 1, 0), 5): (8, 8)
(9, 0, 1, (1, 1, 0), 6): (3, 3)
(9, 0, 1, (1, 1, 0), 7): (3, 3)
(9, 0, 1, (1, 1, 0), 8): (4, 4)
(9, 0, 1, (1, 1, 0), 9): (1, 1)
(9, 0, 1, (1, 1, 0), 10): (2, 2)
(9, 0, 1, (1, 1, 0), 11): (1, 1)
(9, 0, 1, (1, 1, 0), 20): (1, 1)
(9, 0, 1, (1, 1, 1), -7): (0, 3)
(9, 0, 1, (1, 1, 1), -6): (0, 4)
(9, 0, 1, (1, 1, 1), -5): (0, 2)
(9, 0, 1, (1, 1, 1), -4): (0, 3)
(9, 0, 1, (1, 1, 1), -3): (0, 4)
(9, 0, 1, (1, 1, 1), -2): (0, 4)
(9, 0, 1, (1, 1, 1), -1): (2, 7)
(9, 0, 1, (1, 1, 1), 0): (5, 7)
(9, 0, 1, (1, 1, 1), 1): (6, 6)
(9, 0, 1, (1, 1, 1), 2): (3, 3)
(9, 0, 1, (1, 1, 1), 3): (4, 4)
(9, 0, 1, (1, 1, 1), 4): (2, 2)
(9, 0, 1, (1, 1, 1), 5): (1, 1)
(9, 0, 1, (1, 1, 1), 6): (1, 1)
(9, 0, 1, (1, 1, 1), 7): (3, 3)
(9, 0, 1, (1, 1, 1), 8): (2, 2)
(9, 0, 1, (1, 1, 1), 9): (1, 1)
(9, 0, 2, (0, 0, 0), -14): (0, 1)
(9, 0, 2, (0, 0, 0), -13): (0, 3)
(9, 0, 2, (0, 0, 0), -12): (0, 1)
(9, 0, 2, (0, 0, 0), -11): (0, 3)
(9, 0, 2, (0, 0, 0), -10): (0, 7)
(9, 0, 2, (0, 0, 0), -9): (0, 7)
(9, 0, 2, (0, 0, 0), -8): (0, 6)
(9, 0, 2, (0, 0, 0), -7): (0, 19)
(9, 0, 2, (0, 0, 0), -6): (0, 19)
(9, 0, 2, (0, 0, 0), -5): (0, 15)
(9, 0, 2, (0, 0, 0), -4): (0, 33)
(9, 0, 2, (0, 0, 0), -3): (1, 46)
(9, 0, 2, (0, 0, 0), -2): (0, 39)
(9, 0, 2, (0, 0, 0), -1): (3, 42)
(9, 0, 2, (0, 0, 0), 0): (15, 50)
(9, 0, 2, (0, 0, 0), 1): (38, 49)
(9, 0, 2, (0, 0, 0), 2): (59, 63)
(9, 0, 2, (0, 0, 0), 3): (45, 46)
(9, 0, 2, (0, 0, 0), 4): (32, 34)
(9, 0, 2, (0, 0, 0), 5): (23, 23)
(9, 0, 2, (0, 0, 0), 6): (11, 12)
(9, 0, 2, (0, 0, 0), 7): (8, 8)
(9, 0, 2, (0, 0, 0), 8): (11, 11)
(9, 0, 2, (0, 0, 0), 9): (3, 3)
(9, 0, 2, (0, 0, 0), 10): (8, 8)
(9, 0, 2, (0, 0, 0), 11): (2, 2)
(9, 0, 2, (0, 0, 0), 12): (2, 2)
(9, 0, 2, (0, 0, 0), 13): (1, 1)
(9, 0, 2, (0, 0, 0), 14): (1, 1)
(9, 0, 2, (0, 0, 0), 15): (1, 1)
(9, 0, 2, (0, 0, 1), -13): (0, 1)
(9, 0, 2, (0, 0, 1), -12): (0, 1)
(9, 0, 2, (0, 0, 1), -10): (0, 1)
(9, 0, 2, (0, 0, 1), -9): (0, 1)
(9, 0, 2, (0, 0, 1), -8): (0, 3)
(9, 0, 2, (0, 0, 1), -7): (0, 6)
(9, 0, 2, (0, 0, 1), -6): (0, 3)
(9, 0, 2, (0, 0, 1), -5): (0, 3)
(9, 0, 2, (0, 0, 1), -4): (0, 5)
(9, 0, 2, (0, 0, 1), -3): (0, 10)
(9, 0, 2, (0, 0, 1), -2): (0, 5)
(9, 0, 2, (0, 0, 1), -1): (0, 5)
(9, 0, 2, (0, 0, 1), 0): (7, 11)
(9, 0, 2, (0, 0, 1), 1): (13, 13)
(9, 0, 2, (0, 0, 1), 2): (6, 8)
(9, 0, 2, (0, 0, 1), 3): (6, 7)
(9, 0, 2, (0, 0, 1), 4): (5, 5)
(9, 0, 2, (0, 0, 1), 5): (7, 7)
(9, 0, 2, (0, 0, 1), 6): (4, 4)
(9, 0, 2, (0, 0, 1), 7): (1, 1)
(9, 0, 2, (0, 0, 1), 8): (2, 2)
(9, 0, 2, (0, 0, 1), 9): (3, 3)
(9, 0, 2, (0, 0, 1), 13): (2, 2)
(9, 0, 2, (0, 1, 0), -10): (0, 2)
(9, 0, 2, (0, 1, 0), -9): (0, 1)
(9, 0, 2, (0, 1, 0), -8): (0, 4)
(9, 0, 2, (0, 1, 0), -7): (0, 8)
(9, 0, 2, (0, 1, 0), -6): (0, 7)
(9, 0, 2, (0, 1, 0), -5): (0, 8)
(9, 0, 2, (0, 1, 0), -4): (0, 10)
(9, 0, 2, (0, 1, 0), -3): (0, 10)
(9, 0, 2, (0, 1, 0), -2): (2, 15)
(9, 0, 2, (0, 1, 0), -1): (1, 13)
(9, 0, 2, (0, 1, 0), 0): (10, 17)
(9, 0, 2, (0, 1, 0), 1): (19, 22)
(9, 0, 2, (0, 1, 0), 2): (25, 26)
(9, 0, 2, (0, 1, 0), 3): (26, 26)
(9, 0, 2, (0, 1, 0), 4): (24, 24)
(9, 0, 2, (0, 1, 0), 5): (11, 11)
(9, 0, 2, (0, 1, 0), 6): (9, 9)
(9, 0, 2, (0, 1, 0), 7): (5, 5)
(9, 0, 2, (0, 1, 0), 8): (3, 3)
(9, 0, 2, (0, 1, 0), 9): (2, 2)
(9, 0, 2, (0, 1, 0), 10): (1, 1)
(9, 0, 2, (0, 1, 0), 11): (1, 1)
(9, 0, 2, (0, 1, 0), 12): (1, 1)
(9, 0, 2, (0, 1, 0), 13): (1, 1)
(9, 0, 2, (0, 1, 0), 14): (2, 2)
(9, 0, 2, (0, 1, 0), 20): (1, 1)
(9, 0, 2, (0, 1, 1), -13): (0, 1)
(9, 0, 2, (0, 1, 1), -9): (0, 1)
(9, 0, 2, (0, 1, 1), -8): (0, 1)
(9, 0, 2, (0, 1, 1), -7): (0, 3)
(9, 0, 2, (0, 1, 1), -6): (0, 1)
(9, 0, 2, (0, 1, 1), -5): (0, 6)
(9, 0, 2, (0, 1, 1), -4): (0, 2)
(9, 0, 2, (0, 1, 1), -3): (0, 4)
(9, 0, 2, (0, 1, 1), -2): (1, 4)
(9, 0, 2, (0, 1, 1), -1): (1, 8)
(9, 0, 2, (0, 1, 1), 0): (0, 1)
(9, 0, 2, (0, 1, 1), 1): (5, 5)
(9, 0, 2, (0, 1, 1), 2): (10, 11)
(9, 0, 2, (0, 1, 1), 3): (5, 5)
(9, 0, 2, (0, 1, 1), 4): (10, 10)
(9, 0, 2, (0, 1, 1), 5): (3, 3)
(9, 0, 2, (0, 1, 1), 6): (1, 1)
(9, 0, 2, (0, 1, 1), 7): (3, 3)
(9, 0, 2, (0, 1, 1), 8): (1, 1)
(9, 0, 2, (0, 1, 1), 9): (1, 1)
(9, 0, 2, (0, 1, 1), 10): (1, 1)
(9, 0, 2, (0, 1, 1), 11): (1, 1)
(9, 0, 2, (0, 1, 1), 12): (1, 1)
(9, 0, 2, (0, 1, 1), 14): (1, 1)
(9, 0, 2, (1, 0, 0), -16): (0, 1)
(9, 0, 2, (1, 0, 0), -15): (0, 1)
(9, 0, 2, (1, 0, 0), -13): (0, 2)
(9, 0, 2, (1, 0, 0), -12): (0, 2)
(9, 0, 2, (1, 0, 0), -11): (0, 1)
(9, 0, 2, (1, 0, 0), -10): (0, 7)
(9, 0, 2, (1, 0, 0), -9): (0, 2)
(9, 0, 2, (1, 0, 0), -8): (0, 8)
(9, 0, 2, (1, 0, 0), -7): (0, 7)
(9, 0, 2, (1, 0, 0), -6): (0, 13)
(9, 0, 2, (1, 0, 0), -5): (0, 12)
(9, 0, 2, (1, 0, 0), -4): (0, 18)
(9, 0, 2, (1, 0, 0), -3): (1, 41)
(9, 0, 2, (1, 0, 0), -2): (1, 26)
(9, 0, 2, (1, 0, 0), -1): (4, 39)
(9, 0, 2, (1, 0, 0), 0): (16, 28)
(9, 0, 2, (1, 0, 0), 1): (34, 41)
(9, 0, 2, (1, 0, 0), 2): (28, 30)
(9, 0, 2, (1, 0, 0), 3): (27, 31)
(9, 0, 2, (1, 0, 0), 4): (26, 27)
(9, 0, 2, (1, 0, 0), 5): (20, 20)
(9, 0, 2, (1, 0, 0), 6): (12, 13)
(9, 0, 2, (1, 0, 0), 7): (9, 9)
(9, 0, 2, (1, 0, 0), 8): (9, 9)
(9, 0, 2, (1, 0, 0), 9): (2, 2)
(9, 0, 2, (1, 0, 0), 10): (4, 4)
(9, 0, 2, (1, 0, 0), 11): (2, 2)
(9, 0, 2, (1, 0, 0), 12): (4, 4)
(9, 0, 2, (1, 0, 0), 13): (2, 2)
(9, 0, 2, (1, 0, 0), 14): (1, 1)
(9, 0, 2, (1, 0, 0), 15): (1, 1)
(9, 0, 2, (1, 0, 1), -24): (0, 1)
(9, 0, 2, (1, 0, 1), -10): (0, 2)
(9, 0, 2, (1, 0, 1), -9): (0, 1)
(9, 0, 2, (1, 0, 1), -8): (0, 2)
(9, 0, 2, (1, 0, 1), -7): (0, 2)
(9, 0, 2, (1, 0, 1), -6): (0, 1)
(9, 0, 2, (1, 0, 1), -5): (0, 4)
(9, 0, 2, (1, 0, 1), -4): (0, 4)
(9, 0, 2, (1, 0, 1), -3): (0, 2)
(9, 0, 2, (1, 0, 1), -2): (2, 7)
(9, 0, 2, (1, 0, 1), -1): (3, 12)
(9, 0, 2, (1, 0, 1), 0): (4, 11)
(9, 0, 2, (1, 0, 1), 1): (7, 8)
(9, 0, 2, (1, 0, 1), 2): (5, 5)
(9, 0, 2, (1, 0, 1), 3): (6, 7)
(9, 0, 2, (1, 0, 1), 4): (8, 8)
(9, 0, 2, (1, 0, 1), 5): (6, 6)
(9, 0, 2, (1, 0, 1), 6): (4, 4)
(9, 0, 2, (1, 0, 1), 7): (2, 2)
(9, 0, 2, (1, 0, 1), 9): (2, 2)
(9, 0, 2, (1, 0, 1), 10): (4, 4)
(9, 0, 2, (1, 0, 1), 13): (1, 1)
(9, 0, 2, (1, 0, 1), 15): (1, 1)
(9, 0, 2, (1, 1, 0), -11): (0, 1)
(9, 0, 2, (1, 1, 0), -8): (0, 1)
(9, 0, 2, (1, 1, 0), -7): (0, 1)
(9, 0, 2, (1, 1, 0), -6): (0, 6)
(9, 0, 2, (1, 1, 0), -5): (0, 6)
(9, 0, 2, (1, 1, 0), -4): (0, 7)
(9, 0, 2, (1, 1, 0), -3): (0, 15)
(9, 0, 2, (1, 1, 0), -2): (0, 9)
(9, 0, 2, (1, 1, 0), -1): (4, 17)
(9, 0, 2, (1, 1, 0), 0): (4, 12)
(9, 0, 2, (1, 1, 0), 1): (11, 14)
(9, 0, 2, (1, 1, 0), 2): (12, 12)
(9, 0, 2, (1, 1, 0), 3): (14, 14)
(9, 0, 2, (1, 1, 0), 4): (11, 12)
(9, 0, 2, (1, 1, 0), 5): (5, 5)
(9, 0, 2, (1, 1, 0), 6): (5, 5)
(9, 0, 2, (1, 1, 0), 7): (1, 1)
(9, 0, 2, (1, 1, 0), 8): (3, 3)
(9, 0, 2, (1, 1, 0), 9): (1, 1)
(9, 0, 2, (1, 1, 0), 10): (2, 2)
(9, 0, 2, (1, 1, 0), 11): (2, 2)
(9, 0, 2, (1, 1, 0), 14): (4, 4)
(9, 0, 2, (1, 1, 0), 15): (1, 1)
(9, 0, 2, (1, 1, 1), -24): (0, 1)
(9, 0, 2, (1, 1, 1), -8): (0, 2)
(9, 0, 2, (1, 1, 1), -7): (0, 3)
(9, 0, 2, (1, 1, 1), -5): (0, 1)
(9, 0, 2, (1, 1, 1), -4): (0, 1)
(9, 0, 2, (1, 1, 1), -3): (0, 5)
(9, 0, 2, (1, 1, 1), -2): (0, 4)
(9, 0, 2, (1, 1, 1), -1): (1, 10)
(9, 0, 2, (1, 1, 1), 0): (3, 7)
(9, 0, 2, (1, 1, 1), 1): (5, 6)
(9, 0, 2, (1, 1, 1), 2): (5, 5)
(9, 0, 2, (1, 1, 1), 3): (5, 5)
(9, 0, 2, (1, 1, 1), 4): (5, 5)
(9, 0, 2, (1, 1, 1), 5): (2, 2)
(9, 0, 2, (1, 1, 1), 6): (4, 4)
(9, 0, 2, (1, 1, 1), 7): (6, 6)
(9, 0, 2, (1, 1, 1), 8): (3, 3)
(9, 1, 0, (0, 0, 0), -20): (0, 1)
(9, 1, 0, (0, 0, 0), -16): (0, 1)
(9, 1, 0, (0, 0, 0), -15): (0, 3)
(9, 1, 0, (0, 0, 0), -14): (0, 3)
(9, 1, 0, (0, 0, 0), -13): (0, 3)
(9, 1, 0, (0, 0, 0), -12): (0, 4)
(9, 1, 0, (0, 0, 0), -11): (0, 4)
(9, 1, 0, (0, 0, 0), -10): (0, 10)
(9, 1, 0, (0, 0, 0), -9): (0, 11)
(9, 1, 0, (0, 0, 0), -8): (0, 22)
(9, 1, 0, (0, 0, 0), -7): (0, 27)
(9, 1, 0, (0, 0, 0), -6): (1, 29)
(9, 1, 0, (0, 0, 0), -5): (0, 54)
(9, 1, 0, (0, 0, 0), -4): (3, 88)
(9, 1, 0, (0, 0, 0), -3): (7, 86)
(9, 1, 0, (0, 0, 0), -2): (8, 114)
(9, 1, 0, (0, 0, 0), -1): (23, 118)
(9, 1, 0, (0, 0, 0), 0): (65, 100)
(9, 1, 0, (0, 0, 1), -9): (0, 1)
(9, 1, 0, (0, 0, 1), -7): (0, 2)
(9, 1, 0, (0, 0, 1), -5): (0, 1)
(9, 1, 0, (0, 0, 1), -4): (0, 3)
(9, 1, 0, (0, 0, 1), -3): (0, 2)
(9, 1, 0, (0, 0, 1), -2): (0, 1)
(9, 1, 0, (0, 0, 1), -1): (0, 1)
(9, 1, 0, (0, 0, 1), 0): (3, 3)
(9, 1, 0, (0, 1, 0), -14): (0, 1)
(9, 1, 0, (0, 1, 0), -11): (0, 1)
(9, 1, 0, (0, 1, 0), -9): (0, 1)
(9, 1, 0, (0, 1, 0), -7): (0, 3)
(9, 1, 0, (0, 1, 0), -6): (0, 3)
(9, 1, 0, (0, 1, 0), -5): (0, 5)
(9, 1, 0, (0, 1, 0), -4): (0, 6)
(9, 1, 0, (0, 1, 0), -3): (1, 5)
(9, 1, 0, (0, 1, 0), -2): (2, 9)
(9, 1, 0, (0, 1, 0), -1): (6, 10)
(9, 1, 0, (0, 1, 0), 0): (3, 4)
(9, 1, 0, (0, 1, 1), -6): (0, 1)
(9, 1, 0, (0, 1, 1), -5): (0, 2)
(9, 1, 0, (0, 1, 1), -4): (0, 2)
(9, 1, 0, (0, 1, 1), -2): (0, 1)
(9, 1, 0, (0, 1, 1), -1): (1, 3)
(9, 1, 0, (0, 1, 1), 0): (1, 1)
(9, 1, 0, (1, 0, 0), -15): (0, 1)
(9, 1, 0, (1, 0, 0), -14): (0, 1)
(9, 1, 0, (1, 0, 0), -13): (0, 1)
(9, 1, 0, (1, 0, 0), -12): (0, 2)
(9, 1, 0, (1, 0, 0), -11): (0, 2)
(9, 1, 0, (1, 0, 0), -10): (0, 2)
(9, 1, 0, (1, 0, 0), -9): (0, 5)
(9, 1, 0, (1, 0, 0), -8): (0, 11)
(9, 1, 0, (1, 0, 0), -7): (0, 8)
(9, 1, 0, (1, 0, 0), -6): (1, 11)
(9, 1, 0, (1, 0, 0), -5): (0, 17)
(9, 1, 0, (1, 0, 0), -4): (0, 26)
(9, 1, 0, (1, 0, 0), -3): (5, 29)
(9, 1, 0, (1, 0, 0), -2): (0, 25)
(9, 1, 0, (1, 0, 0), -1): (7, 36)
(9, 1, 0, (1, 0, 0), 0): (20, 26)
(9, 1, 0, (1, 0, 1), -10): (0, 1)
(9, 1, 0, (1, 0, 1), -6): (0, 1)
(9, 1, 0, (1, 0, 1), -4): (0, 1)
(9, 1, 0, (1, 0, 1), -3): (1, 6)
(9, 1, 0, (1, 0, 1), -2): (1, 2)
(9, 1, 0, (1, 0, 1), -1): (1, 2)
(9, 1, 0, (1, 0, 1), 0): (1, 1)
(9, 1, 0, (1, 1, 0), -12): (0, 1)
(9, 1, 0, (1, 1, 0), -11): (0, 1)
(9, 1, 0, (1, 1, 0), -9): (0, 1)
(9, 1, 0, (1, 1, 0), -8): (0, 1)
(9, 1, 0, (1, 1, 0), -7): (0, 5)
(9, 1, 0, (1, 1, 0), -6): (1, 7)
(9, 1, 0, (1, 1, 0), -5): (1, 4)
(9, 1, 0, (1, 1, 0), -4): (0, 7)
(9, 1, 0, (1, 1, 0), -3): (3, 9)
(9, 1, 0, (1, 1, 0), -2): (2, 7)
(9, 1, 0, (1, 1, 0), -1): (2, 9)
(9, 1, 0, (1, 1, 0), 0): (3, 4)
(9, 1, 0, (1, 1, 1), -7): (0, 1)
(9, 1, 0, (1, 1, 1), -6): (0, 1)
(9, 1, 0, (1, 1, 1), -5): (1, 2)
(9, 1, 0, (1, 1, 1), -4): (1, 3)
(9, 1, 0, (1, 1, 1), -3): (2, 3)
(9, 1, 0, (1, 1, 1), -2): (2, 3)
(9, 1, 0, (1, 1, 1), -1): (3, 3)
(9, 1, 0, (1, 1, 1), 0): (2, 2)
(9, 1, 1, (0, 0, 0), -20): (0, 1)
(9, 1, 1, (0, 0, 0), -16): (0, 1)
(9, 1, 1, (0, 0, 0), -15): (0, 2)
(9, 1, 1, (0, 0, 0), -14): (0, 2)
(9, 1, 1, (0, 0, 0), -13): (0, 2)
(9, 1, 1, (0, 0, 0), -12): (0, 2)
(9, 1, 1, (0, 0, 0), -11): (0, 2)
(9, 1, 1, (0, 0, 0), -10): (0, 7)
(9, 1, 1, (0, 0, 0), -9): (0, 6)
(9, 1, 1, (0, 0, 0), -8): (0, 11)
(9, 1, 1, (0, 0, 0), -7): (0, 15)
(9, 1, 1, (0, 0, 0), -6): (0, 17)
(9, 1, 1, (0, 0, 0), -5): (0, 33)
(9, 1, 1, (0, 0, 0), -4): (2, 59)
(9, 1, 1, (0, 0, 0), -3): (1, 56)
(9, 1, 1, (0, 0, 0), -2): (6, 87)
(9, 1, 1, (0, 0, 0), -1): (11, 75)
(9, 1, 1, (0, 0, 0), 0): (42, 70)
(9, 1, 1, (0, 0, 1), -15): (0, 1)
(9, 1, 1, (0, 0, 1), -13): (0, 1)
(9, 1, 1, (0, 0, 1), -11): (0, 2)
(9, 1, 1, (0, 0, 1), -9): (0, 1)
(9, 1, 1, (0, 0, 1), -8): (0, 1)
(9, 1, 1, (0, 0, 1), -7): (0, 1)
(9, 1, 1, (0, 0, 1), -6): (0, 1)
(9, 1, 1, (0, 0, 1), -5): (0, 1)
(9, 1, 1, (0, 0, 1), -4): (1, 5)
(9, 1, 1, (0, 0, 1), -3): (0, 4)
(9, 1, 1, (0, 0, 1), -2): (0, 6)
(9, 1, 1, (0, 0, 1), -1): (4, 8)
(9, 1, 1, (0, 0, 1), 0): (4, 6)
(9, 1, 1, (0, 1, 0), -14): (0, 1)
(9, 1, 1, (0, 1, 0), -11): (0, 1)
(9, 1, 1, (0, 1, 0), -10): (0, 2)
(9, 1, 1, (0, 1, 0), -8): (0, 3)
(9, 1, 1, (0, 1, 0), -7): (0, 4)
(9, 1, 1, (0, 1, 0), -6): (0, 4)
(9, 1, 1, (0, 1, 0), -5): (0, 5)
(9, 1, 1, (0, 1, 0), -4): (0, 11)
(9, 1, 1, (0, 1, 0), -3): (0, 6)
(9, 1, 1, (0, 1, 0), -2): (1, 12)
(9, 1, 1, (0, 1, 0), -1): (3, 17)
(9, 1, 1, (0, 1, 0), 0): (17, 26)
(9, 1, 1, (0, 1, 1), -16): (0, 1)
(9, 1, 1, (0, 1, 1), -10): (0, 1)
(9, 1, 1, (0, 1, 1), -9): (0, 3)
(9, 1, 1, (0, 1, 1), -8): (0, 1)
(9, 1, 1, (0, 1, 1), -7): (0, 1)
(9, 1, 1, (0, 1, 1), -5): (0, 2)
(9, 1, 1, (0, 1, 1), -4): (0, 4)
(9, 1, 1, (0, 1, 1), -3): (0, 2)
(9, 1, 1, (0, 1, 1), -2): (2, 7)
(9, 1, 1, (0, 1, 1), -1): (3, 7)
(9, 1, 1, (0, 1, 1), 0): (7, 8)
(9, 1, 1, (1, 0, 0), -16): (0, 1)
(9, 1, 1, (1, 0, 0), -14): (0, 1)
(9, 1, 1, (1, 0, 0), -13): (0, 1)
(9, 1, 1, (1, 0, 0), -12): (0, 3)
(9, 1, 1, (1, 0, 0), -10): (0, 2)
(9, 1, 1, (1, 0, 0), -9): (0, 6)
(9, 1, 1, (1, 0, 0), -8): (0, 14)
(9, 1, 1, (1, 0, 0), -7): (0, 5)
(9, 1, 1, (1, 0, 0), -6): (0, 13)
(9, 1, 1, (1, 0, 0), -5): (0, 21)
(9, 1, 1, (1, 0, 0), -4): (0, 33)
(9, 1, 1, (1, 0, 0), -3): (3, 24)
(9, 1, 1, (1, 0, 0), -2): (5, 34)
(9, 1, 1, (1, 0, 0), -1): (9, 44)
(9, 1, 1, (1, 0, 0), 0): (20, 29)
(9, 1, 1, (1, 0, 1), -15): (0, 1)
(9, 1, 1, (1, 0, 1), -11): (0, 2)
(9, 1, 1, (1, 0, 1), -7): (0, 1)
(9, 1, 1, (1, 0, 1), -6): (0, 3)
(9, 1, 1, (1, 0, 1), -5): (0, 3)
(9, 1, 1, (1, 0, 1), -4): (0, 2)
(9, 1, 1, (1, 0, 1), -3): (0, 6)
(9, 1, 1, (1, 0, 1), -2): (1, 8)
(9, 1, 1, (1, 0, 1), -1): (3, 4)
(9, 1, 1, (1, 0, 1), 0): (11, 12)
(9, 1, 1, (1, 1, 0), -12): (0, 2)
(9, 1, 1, (1, 1, 0), -10): (0, 1)
(9, 1, 1, (1, 1, 0), -9): (0, 1)
(9, 1, 1, (1, 1, 0), -8): (0, 5)
(9, 1, 1, (1, 1, 0), -7): (0, 3)
(9, 1, 1, (1, 1, 0), -6): (0, 3)
(9, 1, 1, (1, 1, 0), -5): (0, 9)
(9, 1, 1, (1, 1, 0), -4): (0, 8)
(9, 1, 1, (1, 1, 0), -3): (3, 16)
(9, 1, 1, (1, 1, 0), -2): (3, 8)
(9, 1, 1, (1, 1, 0), -1): (7, 15)
(9, 1, 1, (1, 1, 0), 0): (8, 16)
(9, 1, 1, (1, 1, 1), -16): (0, 1)
(9, 1, 1, (1, 1, 1), -8): (0, 2)
(9, 1, 1, (1, 1, 1), -7): (0, 1)
(9, 1, 1, (1, 1, 1), -6): (0, 2)
(9, 1, 1, (1, 1, 1), -5): (0, 5)
(9, 1, 1, (1, 1, 1), -4): (0, 3)
(9, 1, 1, (1, 1, 1), -3): (1, 5)
(9, 1, 1, (1, 1, 1), -2): (1, 4)
(9, 1, 1, (1, 1, 1), -1): (3, 4)
(9, 1, 1, (1, 1, 1), 0): (10, 12)
(9, 1, 2, (0, 0, 0), -20): (0, 1)
(9, 1, 2, (0, 0, 0), -15): (0, 1)
(9, 1, 2, (0, 0, 0), -14): (0, 2)
(9, 1, 2, (0, 0, 0), -13): (0, 2)
(9, 1, 2, (0, 0, 0), -12): (0, 1)
(9, 1, 2, (0, 0, 0), -11): (0, 1)
(9, 1, 2, (0, 0, 0), -10): (0, 5)
(9, 1, 2, (0, 0, 0), -9): (0, 4)
(9, 1, 2, (0, 0, 0), -8): (0, 7)
(9, 1, 2, (0, 0, 0), -7): (0, 10)
(9, 1, 2, (0, 0, 0), -6): (0, 9)
(9, 1, 2, (0, 0, 0), -5): (0, 20)
(9, 1, 2, (0, 0, 0), -4): (1, 38)
(9, 1, 2, (0, 0, 0), -3): (2, 50)
(9, 1, 2, (0, 0, 0), -2): (1, 63)
(9, 1, 2, (0, 0, 0), -1): (4, 51)
(9, 1, 2, (0, 0, 0), 0): (26, 47)
(9, 1, 2, (0, 0, 1), -14): (0, 2)
(9, 1, 2, (0, 0, 1), -12): (0, 1)
(9, 1, 2, (0, 0, 1), -11): (0, 1)
(9, 1, 2, (0, 0, 1), -10): (0, 1)
(9, 1, 2, (0, 0, 1), -9): (0, 2)
(9, 1, 2, (0, 0, 1), -8): (0, 4)
(9, 1, 2, (0, 0, 1), -6): (0, 4)
(9, 1, 2, (0, 0, 1), -5): (0, 1)
(9, 1, 2, (0, 0, 1), -4): (0, 7)
(9, 1, 2, (0, 0, 1), -3): (0, 13)
(9, 1, 2, (0, 0, 1), -2): (0, 7)
(9, 1, 2, (0, 0, 1), -1): (2, 13)
(9, 1, 2, (0, 0, 1), 0): (6, 7)
(9, 1, 2, (0, 1, 0), -14): (0, 1)
(9, 1, 2, (0, 1, 0), -13): (0, 1)
(9, 1, 2, (0, 1, 0), -12): (0, 2)
(9, 1, 2, (0, 1, 0), -11): (0, 1)
(9, 1, 2, (0, 1, 0), -9): (0, 3)
(9, 1, 2, (0, 1, 0), -8): (0, 5)
(9, 1, 2, (0, 1, 0), -7): (0, 7)
(9, 1, 2, (0, 1, 0), -6): (0, 5)
(9, 1, 2, (0, 1, 0), -5): (0, 4)
(9, 1, 2, (0, 1, 0), -4): (0, 19)
(9, 1, 2, (0, 1, 0), -3): (0, 14)
(9, 1, 2, (0, 1, 0), -2): (1, 17)
(9, 1, 2, (0, 1, 0), -1): (2, 19)
(9, 1, 2, (0, 1, 0), 0): (13, 23)
(9, 1, 2, (0, 1, 1), -13): (0, 1)
(9, 1, 2, (0, 1, 1), -10): (0, 1)
(9, 1, 2, (0, 1, 1), -9): (0, 3)
(9, 1, 2, (0, 1, 1), -8): (0, 3)
(9, 1, 2, (0, 1, 1), -5): (0, 1)
(9, 1, 2, (0, 1, 1), -4): (0, 4)
(9, 1, 2, (0, 1, 1), -3): (0, 4)
(9, 1, 2, (0, 1, 1), -2): (1, 12)
(9, 1, 2, (0, 1, 1), -1): (2, 7)
(9, 1, 2, (0, 1, 1), 0): (5, 7)
(9, 1, 2, (1, 0, 0), -14): (0, 1)
(9, 1, 2, (1, 0, 0), -13): (0, 1)
(9, 1, 2, (1, 0, 0), -10): (0, 2)
(9, 1, 2, (1, 0, 0), -9): (0, 3)
(9, 1, 2, (1, 0, 0), -8): (0, 4)
(9, 1, 2, (1, 0, 0), -7): (0, 8)
(9, 1, 2, (1, 0, 0), -6): (0, 13)
(9, 1, 2, (1, 0, 0), -5): (0, 14)
(9, 1, 2, (1, 0, 0), -4): (0, 29)
(9, 1, 2, (1, 0, 0), -3): (2, 27)
(9, 1, 2, (1, 0, 0), -2): (1, 46)
(9, 1, 2, (1, 0, 0), -1): (4, 44)
(9, 1, 2, (1, 0, 0), 0): (19, 27)
(9, 1, 2, (1, 0, 1), -15): (0, 1)
(9, 1, 2, (1, 0, 1), -14): (0, 1)
(9, 1, 2, (1, 0, 1), -10): (0, 1)
(9, 1, 2, (1, 0, 1), -9): (0, 2)
(9, 1, 2, (1, 0, 1), -8): (0, 3)
(9, 1, 2, (1, 0, 1), -7): (0, 1)
(9, 1, 2, (1, 0, 1), -6): (0, 1)
(9, 1, 2, (1, 0, 1), -5): (0, 3)
(9, 1, 2, (1, 0, 1), -4): (0, 4)
(9, 1, 2, (1, 0, 1), -3): (2, 6)
(9, 1, 2, (1, 0, 1), -2): (0, 10)
(9, 1, 2, (1, 0, 1), -1): (1, 9)
(9, 1, 2, (1, 0, 1), 0): (6, 7)
(9, 1, 2, (1, 1, 0), -12): (0, 2)
(9, 1, 2, (1, 1, 0), -10): (0, 1)
(9, 1, 2, (1, 1, 0), -9): (0, 2)
(9, 1, 2, (1, 1, 0), -7): (0, 4)
(9, 1, 2, (1, 1, 0), -6): (0, 4)
(9, 1, 2, (1, 1, 0), -5): (0, 6)
(9, 1, 2, (1, 1, 0), -4): (0, 15)
(9, 1, 2, (1, 1, 0), -3): (1, 10)
(9, 1, 2, (1, 1, 0), -2): (4, 17)
(9, 1, 2, (1, 1, 0), -1): (3, 14)
(9, 1, 2, (1, 1, 0), 0): (13, 26)
(9, 1, 2, (1, 1, 1), -16): (0, 1)
(9, 1, 2, (1, 1, 1), -10): (0, 1)
(9, 1, 2, (1, 1, 1), -9): (0, 1)
(9, 1, 2, (1, 1, 1), -8): (0, 2)
(9, 1, 2, (1, 1, 1), -7): (0, 2)
(9, 1, 2, (1, 1, 1), -6): (0, 1)
(9, 1, 2, (1, 1, 1), -5): (0, 2)
(9, 1, 2, (1, 1, 1), -4): (0, 3)
(9, 1, 2, (1, 1, 1), -3): (0, 4)
(9, 1, 2, (1, 1, 1), -2): (1, 4)
(9, 1, 2, (1, 1, 1), -1): (0, 2)
(9, 1, 2, (1, 1, 1), 0): (8, 11)
(10, 0, 0, (0, 0, 0), 0): (48, 100)
(10, 0, 0, (0, 0, 0), 1): (0, 2)
(10, 0, 0, (0, 0, 0), 2): (1, 1)
(10, 0, 0, (0, 0, 0), 4): (1, 1)
(10, 0, 0, (0, 1, 0), 0): (1, 2)
(10, 0, 0, (0, 1, 0), 1): (0, 2)
(10, 0, 0, (0, 1, 1), 0): (1, 2)
(10, 0, 0, (1, 0, 0), 0): (20, 35)
(10, 0, 0, (1, 0, 0), 2): (0, 1)
(10, 0, 0, (1, 1, 0), 0): (5, 5)
(10, 0, 0, (1, 1, 0), 1): (1, 1)
(10, 0, 0, (1, 1, 1), 0): (1, 1)
(10, 0, 1, (0, 0, 0), 0): (27, 61)
(10, 0, 1, (0, 0, 0), 1): (0, 2)
(10, 0, 1, (0, 0, 0), 2): (1, 1)
(10, 0, 1, (0, 0, 0), 4): (1, 1)
(10, 0, 1, (0, 0, 1), 1): (1, 2)
(10, 0, 1, (0, 0, 1), 2): (1, 1)
(10, 0, 1, (0, 0, 1), 5): (1, 1)
(10, 0, 1, (0, 1, 0), 0): (10, 18)
(10, 0, 1, (0, 1, 0), 1): (1, 1)
(10, 0, 1, (0, 1, 0), 2): (2, 2)
(10, 0, 1, (0, 1, 0), 3): (1, 1)
(10, 0, 1, (0, 1, 1), 0): (1, 1)
(10, 0, 1, (0, 1, 1), 1): (1, 1)
(10, 0, 1, (0, 1, 1), 2): (0, 1)
(10, 0, 1, (1, 0, 0), 0): (14, 31)
(10, 0, 1, (1, 0, 0), 1): (2, 4)
(10, 0, 1, (1, 0, 0), 2): (1, 2)
(10, 0, 1, (1, 0, 0), 4): (1, 1)
(10, 0, 1, (1, 0, 1), 0): (1, 3)
(10, 0, 1, (1, 0, 1), 1): (0, 1)
(10, 0, 1, (1, 0, 1), 4): (1, 1)
(10, 0, 1, (1, 1, 0), 0): (5, 9)
(10, 0, 1, (1, 1, 0), 1): (2, 2)
(10, 0, 1, (1, 1, 0), 2): (2, 3)
(10, 0, 1, (1, 1, 0), 3): (1, 1)
(10, 0, 1, (1, 1, 1), 0): (2, 3)
(10, 0, 1, (1, 1, 1), 2): (1, 1)
(10, 0, 2, (0, 0, 0), 0): (20, 42)
(10, 0, 2, (0, 0, 0), 1): (1, 2)
(10, 0, 2, (0, 0, 0), 4): (1, 1)
(10, 0, 2, (0, 0, 0), 6): (1, 1)
(10, 0, 2, (0, 0, 1), 0): (3, 5)
(10, 0, 2, (0, 0, 1), 1): (0, 1)
(10, 0, 2, (0, 0, 1), 2): (2, 2)
(10, 0, 2, (0, 1, 0), 0): (8, 14)
(10, 0, 2, (0, 1, 0), 1): (3, 3)
(10, 0, 2, (0, 1, 0), 2): (1, 1)
(10, 0, 2, (0, 1, 0), 3): (2, 2)
(10, 0, 2, (0, 1, 0), 5): (1, 1)
(10, 0, 2, (0, 1, 1), 0): (1, 1)
(10, 0, 2, (0, 1, 1), 1): (2, 3)
(10, 0, 2, (0, 1, 1), 2): (1, 2)
(10, 0, 2, (0, 1, 1), 3): (1, 1)
(10, 0, 2, (1, 0, 0), 0): (12, 29)
(10, 0, 2, (1, 0, 0), 1): (3, 6)
(10, 0, 2, (1, 0, 0), 2): (1, 2)
(10, 0, 2, (1, 0, 0), 4): (1, 1)
(10, 0, 2, (1, 0, 0), 5): (1, 1)
(10, 0, 2, (1, 0, 0), 6): (1, 1)
(10, 0, 2, (1, 0, 1), 0): (2, 2)
(10, 0, 2, (1, 0, 1), 1): (1, 2)
(10, 0, 2, (1, 0, 1), 2): (1, 2)
(10, 0, 2, (1, 0, 1), 4): (1, 1)
(10, 0, 2, (1, 1, 0), 0): (5, 14)
(10, 0, 2, (1, 1, 0), 1): (5, 6)
(10, 0, 2, (1, 1, 0), 2): (1, 3)
(10, 0, 2, (1, 1, 0), 4): (1, 1)
(10, 0, 2, (1, 1, 0), 5): (1, 1)
(10, 0, 2, (1, 1, 1), 0): (1, 2)
(10, 0, 2, (1, 1, 1), 2): (0, 1)
(10, 1, 0, (0, 0, 0), -6): (0, 1)
(10, 1, 0, (0, 0, 0), -5): (0, 2)
(10, 1, 0, (0, 0, 0), -4): (0, 2)
(10, 1, 0, (0, 0, 0), -3): (0, 1)
(10, 1, 0, (0, 0, 0), -2): (5, 11)
(10, 1, 0, (0, 0, 0), -1): (5, 14)
(10, 1, 0, (0, 0, 0), 0): (42, 70)
(10, 1, 0, (0, 0, 1), 0): (2, 2)
(10, 1, 0, (0, 1, 0), -2): (1, 1)
(10, 1, 0, (0, 1, 0), -1): (2, 2)
(10, 1, 0, (0, 1, 0), 0): (1, 1)
(10, 1, 0, (0, 1, 1), -2): (1, 1)
(10, 1, 0, (0, 1, 1), -1): (1, 1)
(10, 1, 0, (1, 0, 0), -4): (0, 1)
(10, 1, 0, (1, 0, 0), -2): (3, 3)
(10, 1, 0, (1, 0, 0), -1): (3, 6)
(10, 1, 0, (1, 0, 0), 0): (15, 21)
(10, 1, 0, (1, 0, 1), -2): (1, 1)
(10, 1, 0, (1, 0, 1), -1): (1, 1)
(10, 1, 0, (1, 0, 1), 0): (4, 4)
(10, 1, 0, (1, 1, 0), -1): (2, 4)
(10, 1, 0, (1, 1, 0), 0): (5, 5)
(10, 1, 0, (1, 1, 1), -1): (1, 1)
(10, 1, 0, (1, 1, 1), 0): (2, 2)
(10, 1, 1, (0, 0, 0), -6): (0, 1)
(10, 1, 1, (0, 0, 0), -5): (0, 2)
(10, 1, 1, (0, 0, 0), -4): (0, 1)
(10, 1, 1, (0, 0, 0), -3): (0, 1)
(10, 1, 1, (0, 0, 0), -2): (1, 6)
(10, 1, 1, (0, 0, 0), -1): (1, 7)
(10, 1, 1, (0, 0, 0), 0): (23, 45)
(10, 1, 1, (0, 0, 1), -1): (1, 1)
(10, 1, 1, (0, 0, 1), 0): (2, 2)
(10, 1, 1, (0, 1, 0), -1): (1, 2)
(10, 1, 1, (0, 1, 0), 0): (8, 11)
(10, 1, 1, (0, 1, 1), -2): (1, 1)
(10, 1, 1, (0, 1, 1), -1): (1, 2)
(10, 1, 1, (0, 1, 1), 0): (3, 3)
(10, 1, 1, (1, 0, 0), -4): (0, 2)
(10, 1, 1, (1, 0, 0), -2): (2, 2)
(10, 1, 1, (1, 0, 0), -1): (1, 3)
(10, 1, 1, (1, 0, 0), 0): (13, 19)
(10, 1, 1, (1, 0, 1), -2): (1, 1)
(10, 1, 1, (1, 0, 1), 0): (8, 8)
(10, 1, 1, (1, 1, 0), -1): (1, 3)
(10, 1, 1, (1, 1, 0), 0): (5, 6)
(10, 1, 1, (1, 1, 1), 0): (7, 7)
(10, 1, 2, (0, 0, 0), -6): (0, 1)
(10, 1, 2, (0, 0, 0), -5): (0, 2)
(10, 1, 2, (0, 0, 0), -3): (0, 1)
(10, 1, 2, (0, 0, 0), -2): (0, 5)
(10, 1, 2, (0, 0, 0), -1): (1, 5)
(10, 1, 2, (0, 0, 0), 0): (13, 33)
(10, 1, 2, (0, 0, 1), -2): (0, 1)
(10, 1, 2, (0, 0, 1), -1): (1, 2)
(10, 1, 2, (0, 0, 1), 0): (1, 2)
(10, 1, 2, (0, 1, 0), -2): (0, 1)
(10, 1, 2, (0, 1, 0), -1): (1, 1)
(10, 1, 2, (0, 1, 0), 0): (5, 12)
(10, 1, 2, (0, 1, 1), 0): (3, 4)
(10, 1, 2, (1, 0, 0), -4): (0, 2)
(10, 1, 2, (1, 0, 0), -3): (0, 1)
(10, 1, 2, (1, 0, 0), -2): (0, 4)
(10, 1, 2, (1, 0, 0), -1): (1, 2)
(10, 1, 2, (1, 0, 0), 0): (10, 15)
(10, 1, 2, (1, 0, 1), -1): (4, 5)
(10, 1, 2, (1, 0, 1), 0): (3, 5)
(10, 1, 2, (1, 1, 0), -1): (1, 3)
(10, 1, 2, (1, 1, 0), 0): (5, 9)
(10, 1, 2, (1, 1, 1), -1): (1, 1)
(10, 1, 2, (1, 1, 1), 0): (4, 5)
(11, 0, 0, (0, 0, 0), 0): (30, 59)
(11, 0, 0, (0, 0, 0), 3): (1, 1)
(11, 0, 0, (0, 0, 0), 4): (1, 1)
(11, 0, 0, (0, 1, 0), 0): (1, 1)
(11, 0, 0, (0, 1, 1), 0): (2, 2)
(11, 0, 0, (0, 1, 1), 1): (1, 1)
(11, 0, 0, (1, 0, 0), 0): (9, 15)
(11, 0, 0, (1, 0, 0), 3): (1, 1)
(11, 0, 0, (1, 0, 1), 0): (2, 3)
(11, 0, 0, (1, 0, 1), 3): (1, 1)
(11, 0, 0, (1, 1, 0), 0): (2, 5)
(11, 0, 0, (1, 1, 0), 1): (0, 1)
(11, 0, 0, (1, 1, 1), 0): (2, 2)
(11, 0, 1, (0, 0, 0), 0): (20, 43)
(11, 0, 1, (0, 0, 0), 1): (1, 2)
(11, 0, 1, (0, 0, 0), 4): (1, 1)
(11, 0, 1, (0, 0, 1), 0): (0, 1)
(11, 0, 1, (0, 1, 0), 0): (3, 6)
(11, 0, 1, (0, 1, 0), 1): (1, 2)
(11, 0, 1, (0, 1, 1), 0): (3, 3)
(11, 0, 1, (0, 1, 1), 1): (2, 3)
(11, 0, 1, (0, 1, 1), 3): (1, 1)
(11, 0, 1, (1, 0, 0), 0): (6, 8)
(11, 0, 1, (1, 0, 0), 1): (1, 2)
(11, 0, 1, (1, 0, 0), 2): (1, 1)
(11, 0, 1, (1, 0, 0), 4): (1, 1)
(11, 0, 1, (1, 0, 1), 0): (0, 1)
(11, 0, 1, (1, 0, 1), 1): (1, 1)
(11, 0, 1, (1, 1, 0), 0): (2, 3)
(11, 0, 1, (1, 1, 0), 1): (0, 1)
(11, 0, 1, (1, 1, 1), 0): (1, 1)
(11, 0, 1, (1, 1, 1), 1): (0, 1)
(11, 0, 1, (1, 1, 1), 3): (1, 1)
(11, 0, 2, (0, 0, 0), 0): (14, 34)
(11, 0, 2, (0, 0, 0), 1): (2, 3)
(11, 0, 2, (0, 0, 1), 0): (1, 1)
(11, 0, 2, (0, 0, 1), 2): (3, 3)
(11, 0, 2, (0, 0, 1), 5): (1, 1)
(11, 0, 2, (0, 1, 0), 0): (2, 7)
(11, 0, 2, (0, 1, 0), 2): (3, 3)
(11, 0, 2, (0, 1, 0), 6): (1, 1)
(11, 0, 2, (0, 1, 1), 0): (4, 5)
(11, 0, 2, (0, 1, 1), 2): (1, 2)
(11, 0, 2, (1, 0, 0), 0): (5, 12)
(11, 0, 2, (1, 0, 0), 1): (4, 5)
(11, 0, 2, (1, 0, 0), 2): (1, 1)
(11, 0, 2, (1, 0, 0), 4): (1, 1)
(11, 0, 2, (1, 0, 0), 7): (1, 1)
(11, 0, 2, (1, 0, 1), 0): (1, 1)
(11, 0, 2, (1, 0, 1), 2): (1, 1)
(11, 0, 2, (1, 1, 0), 0): (5, 7)
(11, 0, 2, (1, 1, 0), 1): (2, 3)
(11, 0, 2, (1, 1, 0), 2): (2, 2)
(11, 0, 2, (1, 1, 1), 0): (6, 6)
(11, 0, 2, (1, 1, 1), 1): (1, 1)
(11, 0, 2, (1, 1, 1), 2): (2, 3)
(11, 1, 0, (0, 0, 0), -7): (0, 1)
(11, 1, 0, (0, 0, 0), -4): (0, 1)
(11, 1, 0, (0, 0, 0), -2): (1, 10)
(11, 1, 0, (0, 0, 0), -1): (2, 6)
(11, 1, 0, (0, 0, 0), 0): (26, 41)
(11, 1, 0, (0, 1, 0), -1): (1, 2)
(11, 1, 0, (0, 1, 0), 0): (4, 4)
(11, 1, 0, (1, 0, 0), -7): (0, 1)
(11, 1, 0, (1, 0, 0), -4): (0, 1)
(11, 1, 0, (1, 0, 0), -2): (0, 1)
(11, 1, 0, (1, 0, 0), 0): (7, 10)
(11, 1, 0, (1, 0, 1), 0): (3, 3)
(11, 1, 0, (1, 1, 0), -7): (0, 1)
(11, 1, 0, (1, 1, 0), 0): (2, 3)
(11, 1, 0, (1, 1, 1), 0): (2, 2)
(11, 1, 1, (0, 0, 0), -2): (1, 9)
(11, 1, 1, (0, 0, 0), -1): (1, 4)
(11, 1, 1, (0, 0, 0), 0): (15, 27)
(11, 1, 1, (0, 0, 1), -1): (1, 1)
(11, 1, 1, (0, 1, 0), -4): (0, 1)
(11, 1, 1, (0, 1, 0), -1): (0, 1)
(11, 1, 1, (0, 1, 0), 0): (6, 7)
(11, 1, 1, (0, 1, 1), 0): (1, 2)
(11, 1, 1, (1, 0, 0), -2): (0, 5)
(11, 1, 1, (1, 0, 0), -1): (1, 3)
(11, 1, 1, (1, 0, 0), 0): (11, 17)
(11, 1, 1, (1, 0, 1), -1): (0, 1)
(11, 1, 1, (1, 0, 1), 0): (1, 1)
(11, 1, 1, (1, 1, 0), -7): (0, 1)
(11, 1, 1, (1, 1, 0), -4): (0, 1)
(11, 1, 1, (1, 1, 0), -2): (0, 4)
(11, 1, 1, (1, 1, 0), 0): (5, 7)
(11, 1, 1, (1, 1, 1), -2): (0, 2)
(11, 1, 1, (1, 1, 1), 0): (3, 4)
(11, 1, 2, (0, 0, 0), -2): (1, 5)
(11, 1, 2, (0, 0, 0), -1): (0, 1)
(11, 1, 2, (0, 0, 0), 0): (8, 17)
(11, 1, 2, (0, 0, 1), -1): (0, 1)
(11, 1, 2, (0, 0, 1), 0): (1, 1)
(11, 1, 2, (0, 1, 0), 0): (7, 10)
(11, 1, 2, (0, 1, 1), -4): (0, 1)
(11, 1, 2, (0, 1, 1), 0): (3, 4)
(11, 1, 2, (1, 0, 0), -2): (1, 3)
(11, 1, 2, (1, 0, 0), -1): (0, 1)
(11, 1, 2, (1, 0, 0), 0): (4, 9)
(11, 1, 2, (1, 0, 1), 0): (1, 1)
(11, 1, 2, (1, 1, 0), -7): (0, 1)
(11, 1, 2, (1, 1, 0), -2): (0, 2)
(11, 1, 2, (1, 1, 0), 0): (2, 6)
(11, 1, 2, (1, 1, 1), 0): (4, 5)
(12, 0, 0, (0, 0, 0), 0): (16, 32)
(12, 0, 0, (0, 0, 1), 1): (1, 1)
(12, 0, 0, (0, 0, 1), 5): (1, 1)
(12, 0, 0, (0, 1, 0), 0): (2, 2)
(12, 0, 0, (1, 0, 0), 0): (5, 10)
(12, 0, 0, (1, 0, 0), 6): (1, 1)
(12, 0, 0, (1, 0, 1), 0): (1, 1)
(12, 0, 0, (1, 1, 0), 0): (2, 4)
(12, 0, 0, (1, 1, 0), 6): (1, 1)
(12, 0, 0, (1, 1, 1), 0): (1, 1)
(12, 0, 0, (1, 1, 1), 1): (1, 1)
(12, 0, 0, (1, 1, 1), 2): (1, 1)
(12, 0, 1, (0, 0, 0), 0): (9, 20)
(12, 0, 1, (0, 0, 0), 3): (1, 1)
(12, 0, 1, (0, 0, 1), 0): (1, 1)
(12, 0, 1, (0, 0, 1), 1): (1, 1)
(12, 0, 1, (0, 1, 0), 0): (2, 5)
(12, 0, 1, (0, 1, 0), 3): (1, 1)
(12, 0, 1, (0, 1, 1), 6): (1, 1)
(12, 0, 1, (1, 0, 0), 0): (2, 7)
(12, 0, 1, (1, 0, 0), 3): (1, 1)
(12, 0, 1, (1, 0, 1), 0): (1, 1)
(12, 0, 1, (1, 1, 0), 0): (3, 5)
(12, 0, 1, (1, 1, 0), 1): (2, 3)
(12, 0, 1, (1, 1, 1), 0): (1, 1)
(12, 0, 1, (1, 1, 1), 1): (1, 1)
(12, 0, 2, (0, 0, 0), 0): (7, 15)
(12, 0, 2, (0, 0, 0), 8): (1, 1)
(12, 0, 2, (0, 0, 1), 0): (1, 1)
(12, 0, 2, (0, 0, 1), 3): (1, 1)
(12, 0, 2, (0, 1, 0), 0): (2, 4)
(12, 0, 2, (0, 1, 0), 3): (2, 2)
(12, 0, 2, (0, 1, 0), 4): (1, 1)
(12, 0, 2, (0, 1, 1), 0): (1, 1)
(12, 0, 2, (0, 1, 1), 1): (0, 1)
(12, 0, 2, (0, 1, 1), 2): (1, 1)
(12, 0, 2, (0, 1, 1), 7): (1, 1)
(12, 0, 2, (1, 0, 0), 0): (3, 8)
(12, 0, 2, (1, 0, 0), 1): (1, 1)
(12, 0, 2, (1, 0, 0), 9): (1, 1)
(12, 0, 2, (1, 0, 1), 0): (0, 1)
(12, 0, 2, (1, 0, 1), 2): (2, 2)
(12, 0, 2, (1, 0, 1), 3): (1, 1)
(12, 0, 2, (1, 0, 1), 4): (1, 1)
(12, 0, 2, (1, 0, 1), 6): (1, 1)
(12, 0, 2, (1, 1, 0), 0): (2, 3)
(12, 0, 2, (1, 1, 0), 1): (4, 4)
(12, 0, 2, (1, 1, 0), 2): (1, 1)
(12, 0, 2, (1, 1, 0), 3): (1, 1)
(12, 0, 2, (1, 1, 0), 4): (1, 1)
(12, 0, 2, (1, 1, 1), 0): (1, 2)
(12, 0, 2, (1, 1, 1), 4): (1, 1)
(12, 1, 0, (0, 0, 0), -9): (0, 1)
(12, 1, 0, (0, 0, 0), -8): (0, 1)
(12, 1, 0, (0, 0, 0), -4): (0, 1)
(12, 1, 0, (0, 0, 0), -3): (0, 3)
(12, 1, 0, (0, 0, 0), -2): (0, 2)
(12, 1, 0, (0, 0, 0), -1): (1, 1)
(12, 1, 0, (0, 0, 0), 0): (15, 23)
(12, 1, 0, (0, 0, 1), -3): (0, 1)
(12, 1, 0, (0, 0, 1), 0): (1, 1)
(12, 1, 0, (0, 1, 0), -8): (0, 1)
(12, 1, 0, (0, 1, 0), -1): (1, 1)
(12, 1, 0, (1, 0, 0), -8): (0, 1)
(12, 1, 0, (1, 0, 0), -2): (0, 1)
(12, 1, 0, (1, 0, 0), 0): (3, 4)
(12, 1, 0, (1, 1, 0), -1): (1, 1)
(12, 1, 0, (1, 1, 1), -1): (1, 1)
(12, 1, 1, (0, 0, 0), -9): (0, 1)
(12, 1, 1, (0, 0, 0), -4): (0, 1)
(12, 1, 1, (0, 0, 0), -3): (0, 2)
(12, 1, 1, (0, 0, 0), -2): (0, 2)
(12, 1, 1, (0, 0, 0), 0): (11, 18)
(12, 1, 1, (0, 0, 1), -8): (0, 1)
(12, 1, 1, (0, 0, 1), 0): (1, 1)
(12, 1, 1, (0, 1, 0), 0): (3, 4)
(12, 1, 1, (1, 0, 0), -7): (0, 1)
(12, 1, 1, (1, 0, 0), -2): (0, 1)
(12, 1, 1, (1, 0, 0), 0): (3, 5)
(12, 1, 1, (1, 0, 1), -7): (0, 1)
(12, 1, 1, (1, 0, 1), 0): (1, 1)
(12, 1, 1, (1, 1, 0), 0): (3, 3)
(12, 1, 1, (1, 1, 1), -7): (0, 1)
(12, 1, 1, (1, 1, 1), 0): (1, 1)
(12, 1, 2, (0, 0, 0), -9): (0, 1)
(12, 1, 2, (0, 0, 0), -4): (0, 1)
(12, 1, 2, (0, 0, 0), -3): (0, 2)
(12, 1, 2, (0, 0, 0), -2): (0, 2)
(12, 1, 2, (0, 0, 0), 0): (8, 13)
(12, 1, 2, (0, 0, 1), 0): (1, 1)
(12, 1, 2, (0, 1, 0), 0): (1, 2)
(12, 1, 2, (0, 1, 1), 0): (1, 1)
(12, 1, 2, (1, 0, 0), -2): (0, 1)
(12, 1, 2, (1, 0, 0), 0): (0, 2)
(12, 1, 2, (1, 1, 0), -5): (0, 1)
(12, 1, 2, (1, 1, 0), 0): (1, 1)
(12, 1, 2, (1, 1, 1), -7): (0, 1)
(13, 0, 0, (0, 0, 0), 0): (8, 17)
(13, 0, 0, (0, 0, 0), 1): (1, 1)
(13, 0, 0, (0, 1, 0), 0): (2, 2)
(13, 0, 0, (0, 1, 0), 1): (1, 1)
(13, 0, 0, (1, 0, 0), 0): (4, 7)
(13, 0, 0, (1, 0, 1), 0): (1, 1)
(13, 0, 0, (1, 1, 0), 0): (0, 1)
(13, 0, 0, (1, 1, 1), 0): (1, 1)
(13, 0, 1, (0, 0, 0), 0): (1, 7)
(13, 0, 1, (0, 0, 0), 1): (1, 1)
(13, 0, 1, (0, 0, 0), 2): (1, 1)
(13, 0, 1, (0, 0, 1), 0): (1, 1)
(13, 0, 1, (0, 0, 1), 1): (1, 1)
(13, 0, 1, (0, 1, 0), 0): (3, 4)
(13, 0, 1, (0, 1, 0), 1): (2, 2)
(13, 0, 1, (1, 0, 0), 0): (3, 6)
(13, 0, 1, (1, 0, 0), 1): (1, 1)
(13, 0, 1, (1, 0, 1), 0): (1, 1)
(13, 0, 1, (1, 0, 1), 1): (1, 1)
(13, 0, 1, (1, 1, 0), 0): (0, 1)
(13, 0, 2, (0, 0, 0), 0): (0, 5)
(13, 0, 2, (0, 0, 0), 1): (1, 1)
(13, 0, 2, (0, 0, 0), 2): (1, 1)
(13, 0, 2, (0, 0, 1), 1): (2, 2)
(13, 0, 2, (0, 1, 0), 0): (1, 2)
(13, 0, 2, (1, 0, 0), 0): (0, 4)
(13, 0, 2, (1, 0, 0), 1): (2, 2)
(13, 0, 2, (1, 0, 1), 0): (1, 2)
(13, 0, 2, (1, 0, 1), 1): (1, 1)
(13, 0, 2, (1, 1, 0), 0): (0, 3)
(13, 0, 2, (1, 1, 1), 0): (1, 1)
(13, 1, 0, (0, 0, 0), -2): (0, 1)
(13, 1, 0, (0, 0, 0), -1): (0, 5)
(13, 1, 0, (0, 0, 0), 0): (9, 11)
(13, 1, 0, (0, 1, 0), 0): (1, 1)
(13, 1, 0, (1, 0, 0), 0): (1, 2)
(13, 1, 0, (1, 0, 1), 0): (1, 1)
(13, 1, 1, (0, 0, 0), -2): (0, 1)
(13, 1, 1, (0, 0, 0), -1): (0, 5)
(13, 1, 1, (0, 0, 0), 0): (7, 8)
(13, 1, 1, (0, 0, 1), 0): (1, 1)
(13, 1, 1, (0, 1, 0), 0): (1, 2)
(13, 1, 1, (1, 0, 0), 0): (3, 3)
(13, 1, 1, (1, 0, 1), 0): (1, 1)
(13, 1, 1, (1, 1, 0), 0): (2, 2)
(13, 1, 1, (1, 1, 1), 0): (1, 1)
(13, 1, 2, (0, 0, 0), -2): (0, 1)
(13, 1, 2, (0, 0, 0), -1): (0, 5)
(13, 1, 2, (0, 0, 0), 0): (3, 4)
(13, 1, 2, (0, 1, 0), 0): (0, 1)
(13, 1, 2, (1, 0, 0), -1): (0, 2)
(13, 1, 2, (1, 0, 0), 0): (3, 3)
(13, 1, 2, (1, 1, 0), -1): (0, 1)
(13, 1, 2, (1, 1, 0), 0): (2, 2)
(13, 1, 2, (1, 1, 1), 0): (2, 2)
(14, 0, 0, (0, 0, 0), 0): (2, 7)
(14, 0, 0, (0, 0, 0), 1): (1, 1)
(14, 0, 1, (0, 0, 0), 0): (1, 6)
(14, 0, 1, (0, 0, 0), 1): (1, 1)
(14, 0, 2, (0, 0, 0), 0): (1, 6)
(14, 0, 2, (0, 0, 0), 1): (1, 1)
(14, 0, 2, (1, 0, 0), 0): (1, 1)
(14, 1, 0, (0, 0, 0), -1): (0, 1)
(14, 1, 0, (0, 0, 0), 0): (5, 6)
(14, 1, 0, (1, 0, 0), -1): (0, 1)
(14, 1, 0, (1, 0, 0), 0): (1, 1)
(14, 1, 0, (1, 1, 0), 0): (1, 1)
(14, 1, 0, (1, 1, 1), 0): (1, 1)
(14, 1, 1, (0, 0, 0), 0): (3, 4)
(14, 1, 1, (0, 1, 0), -1): (0, 1)
(14, 1, 1, (1, 0, 0), 0): (1, 2)
(14, 1, 1, (1, 1, 0), 0): (0, 1)
(14, 1, 2, (0, 0, 0), 0): (2, 2)
(14, 1, 2, (0, 0, 1), 0): (1, 1)
(14, 1, 2, (0, 1, 0), -1): (0, 1)
(14, 1, 2, (0, 1, 0), 0): (1, 1)
(14, 1, 2, (0, 1, 1), 0): (0, 1)
(15, 0, 0, (0, 0, 0), 0): (1, 4)
(15, 0, 1, (0, 0, 0), 0): (1, 4)
(15, 0, 1, (1, 0, 0), 0): (1, 1)
(15, 0, 2, (0, 0, 0), 0): (0, 3)
(15, 0, 2, (0, 0, 0), 2): (1, 1)
(15, 0, 2, (1, 0, 0), 0): (1, 2)
(15, 0, 2, (1, 0, 0), 2): (1, 1)
(15, 1, 0, (0, 0, 0), -2): (0, 1)
(15, 1, 0, (0, 0, 0), 0): (3, 3)
(15, 1, 0, (1, 0, 0), 0): (2, 2)
(15, 1, 1, (0, 0, 0), -2): (0, 1)
(15, 1, 1, (0, 1, 0), 0): (1, 1)
(15, 1, 1, (1, 0, 0), 0): (2, 2)
(15, 1, 2, (0, 0, 0), -2): (0, 1)
(15, 1, 2, (0, 1, 0), 0): (1, 1)
(15, 1, 2, (1, 0, 0), 0): (1, 1)
(16, 0, 0, (0, 0, 0), 0): (0, 1)
(16, 0, 1, (0, 0, 0), 0): (0, 1)
(16, 0, 2, (0, 0, 0), 0): (0, 1)
(16, 1, 0, (0, 0, 0), 0): (1, 1)
(16, 1, 0, (1, 0, 0), 0): (1, 1)
(16, 1, 1, (0, 0, 1), 0): (1, 1)
(16, 1, 1, (0, 1, 0), 0): (1, 1)
(16, 1, 1, (1, 0, 1), 0): (1, 1)
